Game Id;Period;Time;Scorer;Assist 1;Assist 2;TeamId;Note;SQ
65517;1;457;1403;2959;5868;23;ES;2
65517;1;588;7605;7615;5859;2;PP;4
65517;1;986;5182;6458;6605;2;ES;1
65517;1;1081;1763;1851;689;2;ES;2
65517;2;754;5182;;;2;ES;4
65517;2;945;8182;7063;7615;2;ES;4
65517;3;47;6605;;;2;ES;4
65517;3;146;6179;6444;6345;23;ES;3
65517;3;698;1359;689;1851;2;ES;3
65517;3;986;6458;1359;689;2;PP;1
65518;2;286;1106;1553;1101;31;ES;3
65518;2;443;1448;6346;6216;31;ES;4
65518;2;534;1684;1025;1553;31;ES;3
65518;3;170;401;2880;7340;17;ES;1
65518;3;635;3890;2950;1575;17;ES;2
65518;3;1177;1684;957;771;31;ES, ENG;3
65505;1;949;6436;928;1930;24;ES;1
65505;2;182;966;8184;1930;24;PP;3
65505;2;417;966;1930;1832;24;ES;3
65505;2;473;6322;1255;6449;14;PP;4
65505;2;522;5652;8184;1832;24;ES;3
65505;2;1012;1279;867;5873;14;ES;2
65505;2;1089;1424;867;5873;14;ES;3
65498;1;202;2724;5902;508;152;ES;3
65498;1;572;1580;581;1764;29;ES;2
65498;1;1175;5869;1662;6469;29;ES;4
65498;2;127;2780;5907;5902;152;ES;4
65498;3;1054;1662;1817;1976;29;PP;4
65498;3;1147;5901;3412;2724;152;ES;1
65499;1;458;1029;5857;1842;0;ES;3
65499;1;566;6279;519;6011;25;ES;2
65499;1;600;1842;5885;1400;0;ES;4
65499;1;642;6451;217;5736;25;ES;1
65499;1;924;5713;6329;6279;25;ES;1
65499;2;439;6994;554;1391;0;ES;3
65499;2;491;6011;519;8173;25;ES;3
65499;2;655;5356;6451;6011;25;ES;2
65499;2;1091;5579;5713;885;25;ES;1
65499;2;1196;1590;6279;519;25;ES;3
65499;3;352;1029;5863;1842;0;ES;2
65499;3;405;5863;1019;6105;0;ES;3
65499;3;562;1752;1761;5579;25;ES;2
65499;3;672;1842;6105;5735;0;ES;3
65499;3;725;5713;5579;6329;25;ES;2
65499;3;1095;5579;217;;25;ES;2
65739;1;405;6910;473;;20;SH;2
65739;1;896;1472;3633;;30;ES;2
65739;1;931;6504;1472;6450;30;ES;4
65739;2;1082;5605;1576;6433;30;PP;2
65739;3;919;797;1429;3633;30;PP;3
65535;1;1200;2090;;;154;ES;1
65535;2;395;2825;3288;6227;26;ES;4
65535;2;461;3138;3400;2852;154;ES;3
65535;3;18;2829;7608;5694;154;ES;3
65535;3;373;6401;5420;215;26;ES;2
65535;3;780;5661;6401;6100;26;ES;2
65535;3;1086;6100;6401;6205;26;ES;1
65535;3;1134;7608;2090;5694;154;ES;3
65535;OT1;285;6401;5420;2860;26;ES;3
65482;1;333;6447;512;1767;9;ES;3
65482;1;975;5626;1902;1339;10;PP;1
65482;2;118;1292;1773;853;9;ES;3
65482;2;418;2859;5951;1456;9;ES;3
65482;2;886;1902;5874;2033;10;ES;2
65482;2;1126;1767;1393;1773;9;PP;3
65482;3;18;1292;1773;6550;9;ES;3
65482;3;1131;2859;5653;1456;9;SH;3
65482;3;1192;2827;6191;1340;9;ES;2
65649;1;122;6522;6468;6549;1;ES;2
65649;1;493;6088;5860;5484;28;ES;1
65649;1;635;1113;;;28;ES;4
65649;2;336;6013;6088;1113;28;ES;2
65649;2;379;6522;6468;6012;1;ES;2
65649;2;941;7617;6426;5484;28;ES;2
65649;3;878;6226;6528;6465;1;ES;4
65599;1;74;5969;861;1425;8;ES;3
65599;1;123;861;;;8;ES;4
65599;1;1198;3440;;;8;ES;4
65599;2;645;2526;962;5866;3;ES;2
65599;2;1163;6137;1705;1506;8;ES;3
65599;2;1195;2005;5867;1007;3;ES;1
65599;3;200;5682;5969;5908;8;ES;2
65599;3;448;2526;802;5591;3;ES;2
65599;3;546;5969;;;8;ES;3
65522;1;504;1662;1404;581;29;ES;4
65522;3;217;5591;6470;802;3;ES;2
65522;3;1084;5867;2005;6336;3;ES;1
65516;1;970;1101;1025;771;31;ES;1
65516;1;991;7606;554;5863;0;ES;4
65516;1;1173;1877;6216;6346;31;ES;2
65516;2;292;5384;957;1877;31;PP;1
65516;2;425;554;5863;6994;0;PP;4
65516;2;1097;1553;1877;771;31;ES;2
65516;2;1118;1553;771;1106;31;ES;2
65516;3;245;5863;7606;949;0;ES;4
65516;3;1143;1553;1173;5772;31;ES, ENG;2
66523;1;662;6205;2825;3288;26;ES;1
66523;1;955;5864;2825;6401;26;ES;1
66523;1;1198;3288;;;26;ES;3
66523;2;187;6032;;;1;ES;3
66523;2;858;5664;5864;5661;26;ES;2
66523;3;416;2860;5444;6100;26;ES;1
65501;1;31;1149;1375;1656;21;ES;4
65501;1;280;1415;6142;1627;124;ES;2
65501;1;900;1859;8171;6142;124;PP;3
65501;2;318;1149;5584;6420;21;ES;3
65501;2;376;6145;1859;1415;124;PP;1
65501;2;511;1983;1377;7026;124;ES;2
65501;2;539;1375;1149;1656;21;ES;2
65501;3;791;1983;5486;6142;124;ES;2
65504;1;34;5891;5498;697;12;ES;3
65504;1;289;5473;7067;6457;27;ES;2
65504;1;883;5891;1128;823;12;PP;2
65504;1;1148;6590;315;5779;27;ES;2
65504;2;877;8177;5779;6590;27;ES;2
65504;3;440;2091;6590;1156;27;ES;4
65504;3;622;6826;839;398;12;ES;2
65504;3;733;5473;6501;1566;27;ES;4
65504;3;1114;1100;1912;6457;27;ES, ENG;2
65504;3;1197;6399;;;12;ES;2
65564;1;215;8182;6605;1763;2;ES;2
65564;1;1124;427;5489;;17;ES;4
65564;1;1144;6458;5730;2413;2;ES;1
65564;1;1196;7615;7605;5859;2;PP;4
65564;2;307;7605;7063;6344;2;ES;2
65483;1;221;6431;475;;7;ES;4
65483;1;420;1327;5619;;18;ES;3
65483;1;1198;5619;;;18;ES;3
65483;2;52;766;5878;5422;7;ES;4
65483;2;660;475;6431;1273;7;ES;3
65483;2;962;7071;2722;6448;18;ES;3
65483;OT1;104;1327;1069;6688;18;ES;2
65481;1;459;6565;2843;1152;20;SH;4
65481;2;146;2731;473;1152;20;ES;4
65481;2;644;5899;1902;3888;10;ES;3
65481;2;1177;819;6565;5905;20;ES;2
65481;3;780;5876;6565;5905;20;ES;4
65486;1;584;3412;7064;6258;152;PP;3
65486;1;628;1482;5494;1333;19;ES;2
65486;2;420;1751;1587;6249;19;SH;2
65486;2;556;5879;6258;;152;ES;4
65486;2;1019;1587;981;513;19;ES;1
65486;2;1167;3412;5901;6258;152;PP;4
65485;1;90;1424;6459;1279;14;ES;2
65485;1;159;8171;6142;8181;124;ES;2
65485;1;319;5486;;;124;ES;4
65485;1;1025;6449;;;14;ES;3
65485;2;443;9398;1627;1212;124;ES;3
65485;2;515;3759;1841;5460;14;ES;2
65485;2;808;1424;;;14;ES;3
65485;3;259;6142;8171;6162;124;PP;3
65485;3;309;5486;5533;3775;124;ES;2
65485;3;580;9398;1627;1212;124;ES;2
65485;3;789;8181;6142;1859;124;ES;1
65485;3;863;6145;7026;1377;124;ES;1
65484;1;441;5714;887;6082;19;ES;1
65484;2;122;6488;7;2045;30;ES;3
65484;2;559;6488;797;2730;30;ES;4
65484;2;1007;1429;6450;1576;30;ES;2
65484;3;559;1429;;;30;ES;3
65514;1;142;2091;361;1912;27;ES;4
65514;1;324;6191;1767;1393;9;PP;2
65514;1;1189;1767;1773;1393;9;ES;2
65514;2;1197;1773;6191;1456;9;ES;3
65514;3;1041;2827;2859;6191;9;ES;1
65494;1;561;5811;5912;;23;ES;1
65494;2;59;5912;1900;5509;23;ES;3
65494;2;833;1867;5811;739;23;ES;4
65494;3;141;475;1385;6452;7;ES;1
65494;3;235;1273;6431;1595;7;PP;3
65489;1;200;1113;6013;6088;28;ES;4
65489;1;909;6013;6088;6247;28;ES;3
65489;2;58;966;7065;6456;24;PP;4
65489;2;801;1883;966;2013;24;ES;2
65489;2;836;6013;1113;6088;28;ES;3
65489;2;1173;6437;1165;318;28;ES;3
65489;3;335;1113;6013;1865;28;ES;3
65489;3;706;7609;5860;7066;28;PP;3
65489;3;1169;1120;7066;318;28;ES;3
65487;1;295;5182;1999;;2;ES;3
65487;1;331;6440;5897;815;10;ES;2
65487;1;531;7063;1851;689;2;ES;2
65487;1;637;6458;5730;1648;2;ES;2
65487;2;787;2413;5730;1648;2;ES;3
65487;3;250;7605;8182;1763;2;ES;3
65487;3;451;6458;5383;1851;2;ES;1
65540;2;956;5605;5375;6433;30;PP;1
65540;3;194;2730;3633;6504;30;ES;1
65540;3;305;1472;1429;1576;30;ES;2
65540;3;842;5605;1576;1429;30;PP;1
65540;3;1074;1149;2053;1243;21;PP;2
65526;2;157;128;;;12;ES;4
65526;2;1097;5869;1404;1662;29;ES;3
65526;2;1148;878;916;1128;12;ES;3
65526;3;275;1580;2003;1404;29;ES;2
65526;3;525;6719;5891;128;12;SH;2
65541;1;145;1432;1909;1791;154;ES;3
65541;2;329;5694;2829;3598;154;ES;3
65541;2;675;1432;1791;1868;154;ES;3
65541;3;189;1292;6191;1456;9;ES;4
65541;3;595;6550;6447;2827;9;SH;3
65541;3;703;5694;;;154;PP;1
65541;3;1171;829;1791;1432;154;ES, ENG;1
65496;1;495;82;7609;318;28;ES;1
65496;1;1185;955;5619;8172;18;ES;2
65496;2;753;6013;1113;318;28;ES;3
65496;2;939;2722;408;717;18;ES;3
65496;2;1145;6095;3773;1258;18;ES;1
65496;3;47;717;408;834;18;ES;3
65496;3;928;6013;7609;7066;28;ES;3
65496;3;1010;408;5619;6448;18;ES;1
65496;3;1190;955;1069;6688;18;SH, ENG;2
65502;2;68;5902;5778;6235;152;ES;2
65502;3;732;5881;6100;6445;26;ES;3
65502;OT1;298;2825;5881;215;26;ES;4
65500;1;464;6434;2950;5489;17;ES;3
65500;1;777;5857;554;1842;0;ES;4
65500;1;1021;6105;1400;7019;0;SH;4
65500;3;174;1391;6244;5885;0;ES;3
65500;3;779;1842;5857;6105;0;ES;4
65491;2;235;1761;1590;1745;25;ES;2
65491;2;491;6329;5713;6253;25;ES;2
65491;3;181;217;;;25;ES;4
65491;3;247;6279;6253;5713;25;ES;1
65491;3;617;6436;5652;928;24;ES;1
65491;3;783;1752;1761;1590;25;ES;2
65491;3;1033;5713;6329;5579;25;ES;3
65554;1;1197;5969;1425;5618;8;ES;2
65554;2;472;1025;5772;1106;31;ES;3
65554;2;535;1025;1553;1173;31;PP;3
65554;3;665;5969;1425;5858;8;ES;2
65554;3;916;522;861;1750;8;ES;2
65554;3;1149;430;5682;1750;8;ES;4
65554;3;1188;1448;1877;5384;31;ES;1
65556;1;284;6032;6865;6012;1;SH;2
65556;2;548;8169;7070;6549;1;ES;2
65556;2;572;6457;1156;1100;27;ES;3
65556;2;647;7067;1156;1100;27;ES;4
65556;2;1123;5877;6590;2091;27;ES;3
65556;3;178;5473;361;1103;27;ES;3
65556;3;601;6032;7611;6522;1;ES;3
65556;3;709;6468;;;1;ES;2
65556;3;1162;2091;801;315;27;ES;4
66515;1;606;6605;7063;;2;ES;2
66515;2;312;7605;1763;6344;2;ES;4
66515;2;806;401;1821;;17;ES;4
66515;2;946;5489;401;340;17;ES;1
66515;3;180;340;6254;6173;17;ES;2
66515;3;1075;1458;1821;6254;17;ES;1
66515;3;1101;689;1851;2413;2;ES;2
66515;3;1137;2413;1648;;2;ES;3
66515;OT1;226;3865;7340;;17;ES;2
65506;1;708;5579;6451;6253;25;ES;3
65506;2;563;1927;3400;829;154;SH;2
65506;2;1042;6451;1761;885;25;ES;4
65506;3;771;3400;5694;3598;154;SH;4
65506;3;1152;959;2090;5694;154;PP;4
65506;3;1200;7608;;;154;ES, ENG;2
65503;1;477;430;1187;522;8;ES;3
65503;2;410;5969;1506;1425;8;ES;3
65503;2;571;6431;1273;921;7;ES;2
65503;2;1023;1750;1096;5682;8;ES;2
65503;3;45;5618;1425;1750;8;ES;2
65503;3;330;6432;430;5858;8;ES;3
65503;3;642;5908;;;8;ES;4
65570;1;32;6322;;;14;PP;4
65570;1;81;1841;5873;1073;14;ES;4
65570;1;859;6449;6322;5873;14;ES;1
65570;1;1149;1655;6420;5862;21;ES;3
65570;2;259;5862;2048;8185;21;ES;4
65570;2;508;5460;6322;867;14;ES;1
65570;3;122;1375;5871;1656;21;ES;4
65570;3;537;1134;1073;5873;14;ES;1
65570;3;1198;6449;;;14;ES, ENG;3
65512;1;62;8735;;;20;ES;3
65512;1;160;6444;6236;6179;23;ES;2
65512;2;713;739;1217;5870;23;ES;2
65551;1;447;803;215;6205;26;ES;2
65551;1;469;6401;6227;6100;26;ES;4
65551;1;519;2005;5867;5591;3;ES;2
65551;1;678;2825;6205;5864;26;ES;3
65551;2;232;5867;6336;882;3;ES;3
65551;2;1140;5867;1007;962;3;ES;4
65551;3;307;1007;2526;;3;PP;3
65546;1;170;6719;2017;839;12;ES;1
65546;1;396;1069;6448;955;18;ES;2
65546;1;461;916;5498;5891;12;ES;3
65546;1;679;1327;6448;955;18;ES;4
65546;1;718;5498;1085;398;12;ES;4
65546;1;1108;823;1128;6399;12;PP;3
65546;2;139;5619;955;7071;18;ES;1
65546;2;259;3773;717;6095;18;ES;1
65546;2;373;878;823;916;12;ES;3
65546;3;869;5891;1085;5498;12;ES;3
65546;3;1141;916;878;1128;12;ES, ENG;1
65546;3;1191;1327;6095;1069;18;PP;2
66589;2;1080;7617;6426;5860;28;ES;2
66589;3;636;5860;7617;6426;28;ES;4
66589;3;979;2413;5859;6605;2;ES;4
66591;1;219;1916;6258;1210;152;ES;2
66591;1;320;1292;6191;6550;9;ES;2
66591;1;432;5653;512;6191;9;ES;1
66591;1;549;1760;;;9;ES;3
66591;1;825;6191;2846;2827;9;ES;1
66591;2;79;1773;6447;512;9;PP;4
66591;2;741;6447;1340;1767;9;ES;3
66591;2;907;1210;7064;3412;152;ES;2
66591;3;206;5901;508;5879;152;ES;1
66591;3;777;5902;5535;5778;152;SH;3
66591;3;983;5778;7064;2780;152;ES;3
66593;1;325;522;5858;6137;8;ES;4
66593;1;1153;1750;5682;6137;8;ES;4
66593;1;1198;1705;;;8;ES;4
66593;2;238;5908;1506;1187;8;ES;3
66593;2;665;1425;522;6432;8;PP;4
66593;2;1114;5969;5682;522;8;ES;2
66593;3;114;6432;1724;5908;8;ES;3
66593;3;701;1576;6433;5375;30;PP;4
66593;3;974;1705;3440;522;8;ES;4
66595;1;1034;1808;1954;1339;10;ES;2
66595;1;1121;1859;9398;1415;124;ES;3
66595;2;632;6142;8171;1859;124;ES;4
66595;2;720;1377;1983;7026;124;ES;3
66595;3;71;6142;6162;1859;124;ES;3
66595;3;1067;9398;1983;1415;124;ES;3
66597;1;483;3299;7612;;1;ES;4
66597;2;20;6468;6522;6528;1;PP;3
66597;2;477;8173;519;1745;25;ES;2
66597;2;1055;6360;6012;3299;1;ES;3
66597;2;1139;6865;6360;6226;1;ES;1
66597;3;227;6012;6465;6360;1;ES;1
66597;3;944;7612;6360;6549;1;ES;2
66599;2;213;6093;5420;5664;26;ES;4
66599;2;379;6193;2843;819;20;ES;4
66599;2;677;849;1102;1152;20;ES;3
66601;1;509;916;878;8175;12;ES;2
66601;1;825;1553;1025;8736;31;ES;2
66601;1;846;1448;1877;;31;ES;2
66601;2;55;8736;5384;771;31;ES;4
66601;2;221;3401;398;878;12;ES;4
66601;2;390;916;878;8175;12;ES;3
66601;2;404;5891;6399;823;12;PP;2
66601;2;453;1128;6399;823;12;ES;2
66601;2;587;1877;1173;5384;31;ES;4
66601;2;1135;957;1106;771;31;ES;1
66601;3;56;957;1106;5892;31;ES;2
66601;3;370;1553;1025;771;31;PP;3
66601;3;863;614;1025;1553;31;ES;1
66601;3;922;5726;3401;823;12;ES;4
66601;3;1190;1877;957;6346;31;ES, ENG;1
66603;1;50;883;1927;959;154;ES;3
66603;1;397;1662;2035;93;29;PP;4
66603;1;1166;2003;1764;946;29;ES;2
66603;1;1188;1927;959;883;154;ES;3
66603;2;254;1791;2852;1432;154;ES;4
66603;2;704;1580;5869;581;29;PP;3
66603;3;315;959;1927;829;154;ES;3
66603;3;992;1764;;;29;ES;2
66605;1;268;1375;5862;1656;21;ES;2
66605;1;1035;6431;5896;5861;7;ES;4
66605;2;184;1385;766;5861;7;ES;3
66605;2;403;6431;1273;5896;7;ES;2
66605;2;452;5898;;;21;ES;4
66605;2;897;6420;6185;469;21;ES;2
66605;2;1065;766;1273;8739;7;ES;4
66605;2;1099;6166;;;21;ES;4
66605;3;110;6166;1149;5871;21;ES;2
66605;3;124;1944;5878;7619;7;ES;2
66607;1;384;5868;1350;5912;23;PP;2
66607;1;941;6994;5885;3693;0;ES;2
66607;1;1155;2959;6444;5912;23;ES;3
66607;2;180;6105;7019;5735;0;ES;4
66607;2;350;1029;949;;0;ES;4
66607;2;468;5868;5811;6551;23;ES;4
66607;2;821;1350;6179;1867;23;PP;1
66607;2;936;739;1900;6345;23;ES;3
66607;3;19;1403;2959;5868;23;ES;2
66607;3;85;5509;5912;1350;23;ES;1
66607;3;186;1867;1900;5912;23;ES;4
66607;3;1002;1403;6444;6179;23;ES;3
66609;1;96;1327;7071;5619;18;ES;2
66609;1;325;1069;955;408;18;ES;2
66609;1;589;7340;2880;;17;ES;3
66609;1;651;5619;7071;8172;18;ES;1
66609;1;934;3865;5489;1575;17;SH;3
66609;1;1113;5519;1327;1069;18;PP;1
66609;2;458;1069;955;;18;ES;2
66609;3;522;1069;955;6448;18;ES;4
66609;3;954;834;717;6027;18;ES;1
66611;1;511;1260;981;472;19;ES;1
66611;2;288;1260;8186;6249;19;ES;1
66611;2;1076;513;;;19;PP;4
66611;2;1199;7607;2766;887;19;PP;3
66611;3;442;7067;5473;6457;27;PP;3
66611;3;1005;1260;5494;472;19;ES;4
66613;2;228;305;6322;1424;14;ES;2
66613;2;266;3759;1255;867;14;ES;1
66613;2;479;6322;867;305;14;ES;2
66613;2;647;5460;6449;6507;14;ES;1
66613;2;818;1279;6449;6459;14;ES;1
66615;1;984;1587;5494;6249;19;ES;4
66615;2;82;6865;7613;7611;1;PP;1
66615;2;1113;6468;6361;8169;1;ES;1
66615;3;476;6468;6361;6865;1;SH;2
66615;3;1169;6528;6361;6468;1;ES, ENG;1
66617;1;504;318;7609;6437;28;ES;3
66617;1;568;1865;6088;6013;28;ES;2
66617;1;743;7609;318;6438;28;ES;4
66617;1;1013;5860;6426;6438;28;ES;3
66617;1;1021;6322;6507;;14;ES;2
66617;2;1073;6437;6247;7609;28;ES;4
66617;3;60;1073;1279;;14;ES;3
66617;3;850;867;377;6449;14;ES;3
66617;3;920;6322;1424;377;14;ES;2
66617;3;968;7617;5484;5860;28;ES;3
66619;1;341;1580;1764;5869;29;ES;2
66619;1;395;93;6453;1662;29;ES;3
66619;1;629;1817;1662;6469;29;ES;1
66619;1;957;1662;2003;1817;29;ES;2
66619;2;312;93;1976;6453;29;ES;2
66619;2;472;1580;93;2003;29;ES;2
66619;2;524;1662;5869;1404;29;ES;2
66619;2;780;946;1976;491;29;ES;1
66619;2;966;1764;6469;1024;29;ES;4
66619;2;1119;1069;408;;18;ES;4
66619;3;773;1662;1404;946;29;ES;3
66621;1;673;6279;1590;5713;25;PP;1
66621;1;967;7067;1912;5473;27;PP;2
66621;2;135;1103;5473;7067;27;ES;2
66621;2;894;519;1745;5736;25;ES;2
66621;2;1044;217;5579;5736;25;ES;2
66621;3;659;5473;8177;1103;27;ES;2
66621;3;901;5779;6590;5877;27;ES;2
66621;3;1131;6451;6329;5579;25;ES;2
66621;OT1;131;1761;1752;6279;25;ES;3
66623;1;420;823;1085;5891;12;PP;4
66623;1;604;469;2048;5882;21;ES;4
66623;2;185;839;6826;128;12;ES;2
66623;2;641;823;2017;3401;12;ES;3
66623;2;785;1128;5498;5891;12;ES;1
66625;1;1090;6401;;;26;PP;3
66625;2;69;849;2843;3331;20;ES;4
66625;2;103;6100;6205;6401;26;ES;1
66625;3;559;2843;;;20;ES;4
66625;3;744;6093;;;26;ES;4
66627;2;390;1403;;;23;ES;2
66627;2;551;2526;5866;6470;3;PP;3
66627;2;1050;6336;962;;3;ES;4
66627;3;166;882;6439;5866;3;ES;2
66627;3;1083;5912;1900;1217;23;ES;3
66627;3;1197;2526;5867;5866;3;PP;3
66629;1;20;1750;6432;5908;8;ES;2
66629;1;31;5908;5682;1750;8;ES;2
66629;1;670;1672;5899;5626;10;ES;3
66629;1;1135;6137;522;1705;8;ES;2
66629;2;427;5969;522;861;8;ES;3
66629;2;570;5682;6432;5908;8;ES;2
66629;2;995;861;6137;1724;8;ES;4
66629;3;144;5969;1425;1724;8;ES;3
66629;3;528;5969;1425;861;8;ES;3
66629;3;959;5618;5682;;8;ES;2
66629;3;1014;1808;2033;1672;10;ES;2
66629;3;1040;1808;1954;2033;10;ES;3
66629;3;1173;6137;861;522;8;ES;3
66631;1;263;2859;6191;5653;9;SH;3
66631;1;1181;1025;1173;5922;31;ES;4
66631;2;540;1173;;;31;ES;2
66631;2;813;512;3107;1393;9;ES;3
66631;2;931;1106;1101;771;31;ES;4
66631;3;258;5384;1101;;31;ES;3
66631;3;465;1173;771;1025;31;PP;1
66633;1;981;6434;7340;1821;17;PP;2
66633;2;260;5778;;;152;ES;4
66633;2;301;6435;508;5879;152;ES;1
66633;2;469;6434;6415;1821;17;ES;2
66633;2;901;6434;1821;7340;17;PP;3
66633;3;335;1821;5489;2950;17;ES;3
66633;3;411;5879;6258;508;152;ES;3
66633;3;704;2950;6434;1821;17;ES;2
66633;3;1152;2880;7340;401;17;ES, ENG;1
66635;1;488;7063;6344;7605;2;PP;3
66635;2;95;5605;6504;3633;30;ES;1
66635;2;242;5730;6458;5859;2;PP;4
66635;2;592;797;3633;728;30;ES;3
66635;2;928;5605;6433;790;30;ES;1
66635;2;976;1359;1851;7615;2;ES;2
66635;3;241;5375;1576;6433;30;PP;2
66637;1;570;1400;1029;5857;0;ES;1
66637;2;1134;5735;1029;6244;0;ES;3
66639;1;414;1212;6142;6162;124;ES;3
66639;1;446;6456;1040;966;24;PP;2
66639;1;949;6162;6142;6145;124;ES;2
66639;2;881;6162;8171;8730;124;PP;3
66639;3;161;6142;5486;6162;124;ES;3
66639;3;839;966;7065;6456;24;PP;4
66639;3;1137;966;1040;5652;24;ES;2
66641;1;573;1587;981;472;19;ES;2
66641;1;822;6162;6142;1415;124;ES;4
66641;2;211;1751;6082;5494;19;ES;2
66641;2;339;1983;8171;1212;124;PP;3
66641;2;386;5494;1587;1333;19;ES;1
66643;1;416;6185;1655;1656;21;ES;3
66643;1;789;5871;6420;5862;21;ES;1
66643;1;1094;6166;1655;5862;21;ES;3
66643;2;270;1149;1655;6166;21;ES;2
66643;2;847;2825;2860;3288;26;ES;3
66643;3;590;1656;1149;1655;21;ES;2
66643;3;1064;8185;6166;5862;21;ES;1
66645;2;87;6226;;;1;ES;3
66645;2;152;6381;6457;2091;27;ES;2
66645;2;669;5473;315;1103;27;ES;3
66645;2;747;1156;8177;1100;27;ES;1
66645;2;921;5779;315;6590;27;SH;3
66645;3;708;6360;;;1;ES;4
66645;3;1189;801;1566;6501;27;ES, ENG;4
66647;1;627;1385;;;7;ES;4
66647;2;133;8736;1101;614;31;ES;1
66647;2;355;5865;2092;1385;7;ES;4
66647;2;561;6431;1769;6567;7;ES;2
66647;2;814;5861;1273;6567;7;ES;4
66647;3;608;6431;475;5861;7;ES;4
66649;1;449;6011;6451;6253;25;ES;3
66649;2;220;519;6279;8173;25;ES;3
66649;2;576;6011;519;8173;25;ES;3
66649;3;40;6329;5713;1745;25;ES;2
66649;3;96;6448;1069;955;18;ES;3
66649;3;132;1761;1590;6279;25;ES;3
66649;3;161;1590;1752;6279;25;ES;3
66649;3;212;6253;5713;6279;25;ES;2
66649;3;945;8173;6011;5713;25;PP;1
66649;3;965;955;1327;8172;18;ES;2
66649;3;1068;6279;1752;6253;25;ES;1
66651;1;380;3400;1868;;154;ES;2
66651;1;835;3890;6173;5761;17;ES;3
66651;2;431;2826;;;154;ES;3
66651;2;531;1909;5694;7608;154;ES;1
66651;2;749;6434;1821;2950;17;ES;4
66651;2;1066;3890;2950;1575;17;SH;3
66651;OT1;33;427;1575;1821;17;ES;4
66653;1;176;6439;882;5632;3;ES;3
66653;1;182;849;6565;1152;20;ES;2
66653;1;874;6273;5876;6565;20;ES;2
66653;1;1192;5876;1152;2731;20;SH;2
66653;2;131;6910;1766;473;20;ES;2
66653;2;337;819;2731;;20;ES;4
66653;2;458;473;1766;1102;20;ES;2
66653;2;1090;6466;473;5905;20;ES;2
66653;3;170;1766;473;1102;20;ES;2
66653;3;389;2005;5867;6462;3;ES;3
66653;3;537;8735;7614;6193;20;SH;3
66653;3;618;5905;7614;5876;20;PP;1
66653;3;1147;2526;6470;5866;3;PP;3
66655;1;870;1040;6456;928;24;ES;3
66655;1;902;7605;5383;1763;2;ES;4
66655;1;1031;1930;1040;7065;24;PP;4
66655;2;659;6130;1816;6330;24;ES;2
66655;3;604;689;1851;5383;2;ES;2
66655;3;732;5730;1851;6458;2;SH;3
66655;3;862;6330;1816;928;24;ES;1
66655;3;1152;1816;6456;1930;24;ES, ENG;2
66655;3;1197;928;5652;1832;24;ES, ENG;2
66657;2;11;6235;5902;508;152;PP;1
66657;2;1136;2724;7064;5901;152;PP;4
66657;3;866;6453;5549;1024;29;ES;4
66657;3;1196;5778;5901;6235;152;SH, ENG;3
66659;2;128;1340;1767;1393;9;ES;1
66659;2;326;1429;1576;2730;30;ES;2
66659;2;841;1292;6191;5653;9;ES;3
66659;2;1025;5917;5894;1340;9;ES;2
66659;3;462;512;1292;1773;9;PP;3
66659;3;560;1456;1767;5917;9;PP;1
66659;3;763;1572;1456;;9;ES;3
66659;3;1159;2045;;;30;ES;2
66661;1;225;5908;430;861;8;PP;3
66661;1;1097;305;6507;5873;14;PP;4
66661;2;40;1750;5618;;8;ES;1
66661;3;69;430;3440;1187;8;SH;2
66661;3;84;1134;1279;867;14;PP;3
66661;3;136;861;1750;6137;8;ES;4
66661;3;213;1187;430;1506;8;ES;1
66663;1;149;1391;5863;5885;0;ES;4
66663;1;242;3888;5899;1902;10;ES;2
66663;2;268;5735;1400;5863;0;ES;3
66663;2;537;5857;1019;949;0;ES;4
66663;2;631;1954;2033;1808;10;ES;3
66663;3;193;5885;1842;;0;PP;3
66663;3;525;5863;6105;;0;PP;3
66665;1;232;6236;2959;5465;23;ES;2
66665;1;731;823;3401;1128;12;ES;3
66665;OT1;133;1085;5891;1128;12;ES;2
66667;1;467;217;5356;519;25;ES;1
66667;1;1142;1040;5652;6456;24;ES;3
66667;2;483;1930;;;24;ES;4
66667;2;661;30;928;1832;24;ES;1
66667;2;1026;1040;928;;24;ES;3
66667;2;1085;5356;5736;885;25;ES;1
66667;3;451;1590;6279;5713;25;PP;2
66667;3;1015;1930;;;24;ES;4
66667;3;1187;6130;1816;1832;24;ES, ENG;3
66669;2;340;7605;1359;5383;2;ES;3
66669;2;444;5859;7605;6344;2;ES;1
66669;2;1079;6344;;;2;ES;4
66669;3;27;1763;2413;5730;2;ES;1
66669;3;299;6162;8171;8730;124;PP;3
66669;3;678;1377;7026;1415;124;ES;3
66669;3;888;6458;1359;689;2;PP;1
66669;3;1195;1983;;;124;ES;2
66671;1;394;6093;5664;5661;26;ES;3
66671;1;831;5761;6173;3865;17;ES;2
66671;2;111;6093;2860;803;26;ES;4
66671;2;117;803;5420;2860;26;ES;3
66671;2;407;6401;6445;5661;26;ES;4
66671;2;639;2880;6254;7340;17;ES;2
66671;3;367;3865;6415;3890;17;ES;2
66671;3;1129;5881;876;6227;26;ES;3
66673;2;526;2722;5619;7071;18;ES;4
66673;2;546;6440;815;875;10;ES;3
66673;3;467;1954;1808;1339;10;ES;1
66673;3;704;5519;6095;955;18;PP;1
66675;1;348;1553;;;31;PP;3
66675;1;539;1025;8736;1553;31;ES;2
66675;1;1170;5892;1106;771;31;ES;1
66675;2;51;1877;6216;1448;31;ES;2
66677;1;32;2526;802;;3;ES;1
66677;1;960;2005;5867;1007;3;ES;3
66677;3;146;8169;6498;7611;1;ES;2
66677;3;986;6012;;;1;ES;4
66677;OT1;83;6226;7611;7613;1;ES;3
66679;1;222;1595;8739;5896;7;PP;1
66679;1;344;5896;8739;1595;7;PP;3
66679;1;414;1576;1429;6048;30;ES;3
66679;1;700;6048;6504;1866;30;ES;3
66679;1;1200;6431;;;7;PP;3
66679;2;1161;2730;1866;1576;30;PP;1
66679;3;1078;1576;6433;1429;30;PP;3
66681;1;1014;7064;1916;3412;152;ES;4
66681;2;1085;6235;5778;5535;152;ES;4
66681;3;1200;2780;;;152;ES, ENG;1
66683;1;795;7067;1103;801;27;ES;3
66683;2;676;1340;1773;2859;9;ES;1
66683;2;790;2859;1767;1773;9;ES;4
66683;3;69;6381;6457;5779;27;ES;3
66683;3;389;2859;1767;1572;9;ES;2
66683;3;1197;2827;;;9;ES, ENG;1
66685;1;292;6322;6507;6449;14;ES;2
66685;1;1165;6437;6088;82;28;ES;1
66685;2;244;6449;1073;16;14;ES;2
66685;2;838;377;6322;1841;14;ES;1
66685;2;962;6437;7609;1865;28;ES;2
66685;3;275;6507;6322;1134;14;PP;4
66685;3;916;764;3759;16;14;ES;4
66687;1;66;1350;1867;6444;23;ES;2
66687;1;113;1350;;;23;ES;2
66687;1;1027;430;3440;;8;ES;2
66687;1;1062;1705;3440;5682;8;ES;2
66687;1;1187;1403;1350;5912;23;PP;3
66687;2;195;2959;5912;1350;23;PP;2
66687;2;570;1217;739;6551;23;ES;3
66687;2;680;5908;6432;430;8;ES;2
66687;2;864;1425;3440;5682;8;ES;3
66687;2;1047;6444;6345;6179;23;ES;2
66687;3;275;1350;2959;1403;23;PP;1
66689;1;589;1766;6910;7614;20;ES;3
66689;1;720;618;5735;7019;0;ES;2
66689;1;1171;5863;5735;1029;0;ES;2
66689;2;1037;7606;5857;1400;0;ES;4
66689;2;1161;6105;5863;;0;ES;3
66691;1;639;5882;2053;2048;21;PP;1
66691;2;37;3138;2090;6141;154;ES;3
66691;2;260;1149;469;1243;21;ES;4
66691;2;719;1243;5882;1149;21;PP;1
66691;2;788;5694;959;829;154;PP;3
66691;2;833;2852;1927;2826;154;ES;1
66691;3;655;3598;5694;7608;154;ES;2
66691;3;861;2826;;;154;ES;4
66691;3;1101;5871;;;21;ES;2
66693;1;68;5682;6137;5908;8;ES;2
66693;2;265;801;2091;;27;ES;4
66693;2;897;5969;5618;1425;8;ES;4
66693;3;194;7067;5473;1103;27;ES;4
66693;3;361;6457;1100;6381;27;ES;1
66693;3;781;361;;;27;ES;3
66693;3;1197;7067;;;27;ES, ENG;4
66695;1;774;6401;6100;;26;PP;3
66695;2;160;554;1391;6244;0;ES;1
66695;2;609;5863;1019;7606;0;ES;3
66695;2;934;5857;618;7019;0;ES;3
66695;3;179;6105;7606;5863;0;ES;3
66695;3;821;5863;6105;;0;ES;3
66695;3;936;6100;6445;5661;26;ES;4
66697;2;317;5865;1273;5422;7;ES;2
66697;2;694;6431;1595;;7;ES;4
66697;2;738;766;6567;6452;7;ES;3
66697;2;1197;6431;8739;5896;7;ES;1
66699;1;328;1025;1553;8736;31;ES;3
66699;2;283;1999;689;2413;2;ES;1
66699;2;903;1173;1025;771;31;ES;1
66699;3;799;1553;1684;8736;31;ES;1
66699;3;1140;8736;1553;1101;31;ES, ENG;2
66701;1;136;6179;6345;5465;23;ES;2
66701;1;1065;5509;1403;739;23;ES;1
66701;2;14;6688;1327;7071;18;ES;1
66701;3;134;300;3773;6027;18;ES;1
66701;3;1012;408;717;834;18;ES;1
66701;3;1038;1327;7071;5619;18;ES;2
66701;3;1159;955;6448;300;18;ES, ENG;1
66701;3;1198;1258;;;18;ES;4
66703;1;313;2526;6470;802;3;ES;2
66703;1;684;7340;6254;2880;17;ES;2
66703;2;144;3865;6509;5761;17;SH;2
66703;2;250;401;6254;2880;17;ES;3
66703;3;546;2880;6173;;17;PP;3
66705;1;23;1292;5653;6191;9;ES;3
66705;1;147;3775;5533;5486;124;ES;4
66705;1;209;2827;512;2846;9;ES;3
66705;1;775;6142;6162;1859;124;PP;2
66705;1;1098;1377;1627;748;124;ES;4
66705;1;1196;8171;1859;6142;124;ES;3
66705;2;505;1773;1292;6191;9;ES;3
66705;2;636;7026;1377;8730;124;ES;1
66705;3;531;6447;5951;2859;9;ES;3
66707;1;681;1413;6322;1841;14;ES;1
66707;1;965;6507;6449;6322;14;ES;2
66707;2;146;6507;6322;5873;14;ES;4
66707;2;659;1413;1841;5873;14;ES;4
66709;1;537;6361;6468;6465;1;ES;3
66709;1;657;7611;;;1;ES;2
66709;1;1143;6012;;;1;ES;2
66709;3;172;6329;5713;5579;25;ES;3
66709;3;1084;7070;6522;;1;ES, ENG;1
66711;3;659;1429;714;2045;30;ES;3
66713;1;460;5876;6565;7614;20;ES;4
66713;1;595;7065;966;1930;24;PP;1
66713;1;1125;849;;;20;PP;4
66713;2;106;6565;2731;;20;ES;3
66713;2;718;1930;1040;30;24;ES;3
66713;2;975;819;1152;849;20;SH;2
66713;3;18;1040;1930;6436;24;ES;2
66713;3;223;1040;8184;1930;24;PP;3
66713;3;322;5669;5538;;24;ES;2
66713;3;767;7065;1930;6456;24;PP;1
66715;1;33;883;2829;3598;154;ES;3
66715;1;64;883;1927;959;154;ES;3
66715;1;573;1909;2090;5694;154;ES;1
66715;1;719;1909;2090;;154;ES;2
66715;2;165;959;2826;1791;154;ES;3
66715;2;323;2852;883;;154;ES;2
66717;1;382;887;981;1260;19;ES;3
66717;1;791;513;472;981;19;ES;4
66717;2;452;887;1587;6249;19;ES;4
66717;2;1045;1149;469;1243;21;SH;2
66717;3;337;1656;1243;1375;21;ES;3
66719;1;1069;797;6488;;30;ES;2
66719;2;277;797;6504;728;30;ES;4
66719;2;566;5876;1152;2731;20;PP;4
66719;3;1199;1429;728;1472;30;ES, ENG;3
66721;1;61;5878;2092;1385;7;ES;4
66721;1;134;766;1385;5878;7;ES;3
66721;1;1108;6509;5489;427;17;ES;3
66721;2;896;6431;8739;1273;7;ES;4
66721;3;79;427;6434;;17;PP;4
66721;3;417;921;5861;1769;7;SH;1
66721;3;1185;6431;2092;;7;ES, ENG;2
66723;1;360;1791;;;154;ES;4
66723;1;733;1773;512;1393;9;PP;3
66723;2;293;2827;6191;5391;9;ES;3
66723;3;330;1773;1760;6191;9;ES;2
66723;3;347;1760;6191;1773;9;ES;1
66723;3;1117;1767;1773;2859;9;ES;3
66725;1;107;1025;957;1173;31;ES;2
66725;1;418;1106;957;1101;31;ES;2
66725;1;492;1106;;;31;ES;4
66725;1;528;1448;1173;6216;31;ES;3
66725;1;1087;1025;771;5384;31;ES;3
66725;2;46;6093;5420;;26;ES;2
66725;2;752;5892;1025;957;31;ES;1
66725;2;892;3288;5864;215;26;ES;3
66725;3;895;771;1173;1553;31;PP;2
66725;3;1063;1553;1173;1025;31;ES;3
66727;1;137;1024;6453;6469;29;ES;3
66727;1;464;1976;1817;;29;PP;3
66727;1;1107;5473;1103;6590;27;ES;3
66727;2;9;2091;801;;27;ES;2
66727;2;115;1103;7067;1156;27;ES;3
66727;2;1184;1912;7067;315;27;ES;1
66727;3;272;1976;2035;1662;29;PP;4
66727;3;533;1566;7067;5473;27;PP;1
66727;3;894;5473;1103;;27;ES;2
66727;3;914;7067;1103;315;27;ES;2
66729;1;159;6142;8171;6162;124;PP;3
66729;1;767;1377;7026;8171;124;ES;2
66729;1;967;1212;1627;9398;124;ES;2
66729;2;961;1377;6162;8181;124;ES;3
66729;3;1197;5486;;;124;ES;3
66731;1;713;1327;5619;;18;ES;2
66731;1;936;408;6448;3773;18;ES;3
66731;3;371;6448;717;300;18;SH;4
66733;1;274;7606;5863;5885;0;ES;2
66733;1;583;1128;5891;823;12;PP;1
66733;1;862;5885;1842;6105;0;ES;3
66733;1;1159;6105;554;5857;0;ES;2
66733;2;470;5891;1085;1128;12;ES;4
66733;2;671;5885;618;1400;0;SH;1
66735;1;177;7070;6528;6032;1;ES;4
66735;1;260;318;;;28;ES;2
66735;1;463;1865;7609;82;28;ES;2
66735;1;737;6226;6528;6360;1;ES;3
66735;1;871;7613;6361;6498;1;ES;2
66735;1;1058;6247;1165;6426;28;ES;1
66735;2;258;7612;6360;6865;1;ES;4
66735;2;423;1165;1120;1509;28;ES;2
66735;2;492;3299;6549;;1;ES;3
66735;2;979;5860;1509;6426;28;ES;3
66735;3;66;7611;7613;6865;1;PP;3
66735;3;170;8169;6865;3299;1;PP;2
66735;3;981;6013;6437;318;28;ES;1
66737;1;174;1375;1243;5862;21;ES;3
66737;1;312;6130;6330;1816;24;ES;2
66737;2;525;1149;5584;5871;21;ES;3
66737;2;782;1930;1040;1832;24;ES;1
66737;2;830;1930;30;;24;ES;3
66737;3;13;6436;966;7065;24;ES;2
66739;1;744;6470;2526;1007;3;PP;4
66739;2;260;6359;1398;5874;10;ES;2
66739;2;316;6440;815;6359;10;ES;2
66739;2;602;5954;1954;5899;10;PP;1
66739;2;970;5899;1902;5626;10;ES;2
66739;2;987;2005;1007;5867;3;ES;2
66739;2;1075;729;1398;;10;ES;2
66739;2;1198;5899;6441;6359;10;ES;2
66739;3;79;5899;1902;3888;10;ES;2
66739;3;223;5867;2005;5591;3;ES;2
66739;3;1160;2005;1007;5867;3;ES;3
66741;1;47;1350;5868;2959;23;ES;1
66741;1;472;1403;2959;5868;23;PP;3
66741;1;1143;522;430;1750;8;ES;3
66741;2;445;5908;;;8;ES;4
66741;2;555;430;5908;1750;8;PP;3
66741;2;570;1403;5868;1350;23;ES;2
66741;2;801;5858;1724;430;8;ES;1
66741;2;879;2959;1403;5868;23;ES;3
66741;3;229;6137;1724;522;8;ES;3
66741;3;745;6137;1724;522;8;ES;3
66741;3;1136;430;5908;6432;8;ES, ENG;2
66743;1;987;5182;8182;1999;2;ES;2
66743;2;198;6458;7605;1999;2;ES;1
66743;2;606;7605;7063;5383;2;ES;3
66743;2;753;1851;1359;1763;2;ES;2
66743;3;1200;5879;6258;;152;ES;3
66745;2;165;6345;6179;6551;23;ES;3
66745;3;796;6100;6401;;26;ES;2
66745;3;969;739;1217;5811;23;ES;3
66745;3;996;5509;1867;1900;23;ES;1
66747;1;799;6438;82;6088;28;ES;2
66747;1;982;6437;7609;6438;28;ES;3
66747;2;143;3888;5899;2033;10;ES;4
66747;2;167;6437;7609;6247;28;ES;2
66747;2;1011;1398;3888;5954;10;SH;2
66747;3;244;6440;875;815;10;ES;4
66749;1;752;522;1750;430;8;ES;3
66749;1;816;1656;5882;1375;21;ES;3
66749;1;845;5882;2053;6169;21;ES;1
66749;2;539;522;5969;861;8;ES;3
66749;2;810;6432;5908;522;8;PP;3
66749;2;914;6137;861;430;8;ES;4
66749;3;1161;1425;5682;1724;8;ES, ENG;2
66751;1;327;839;6826;128;12;ES;2
66751;1;532;823;1085;697;12;ES;4
66751;1;723;472;8186;1587;19;SH;3
66751;1;864;2527;887;1260;19;ES;3
66751;1;1198;823;1128;697;12;ES;2
66751;2;796;8186;6249;1587;19;ES;3
66751;2;1165;7607;1751;1333;19;ES;1
66751;3;59;878;8175;916;12;ES;1
66751;3;107;5891;697;1085;12;ES;2
66751;3;1196;3401;8175;1128;12;ES, ENG;1
66753;1;46;5896;6431;1273;7;ES;3
66753;1;928;5789;1764;2003;29;ES;1
66753;1;1199;766;1769;5861;7;ES;4
66753;2;679;1662;5869;1404;29;ES;3
66753;2;741;6431;;;7;ES;4
66753;2;792;1595;1385;6452;7;ES;1
66753;3;102;1273;5896;6431;7;PP;3
66753;3;171;7619;766;1769;7;ES;3
66753;3;540;1580;2003;1404;29;ES;2
66753;3;900;1273;475;6431;7;ES;4
66755;1;73;1909;883;1927;154;ES;1
66755;1;372;962;5900;6470;3;SH;1
66755;1;619;2826;3400;6141;154;ES;1
66755;1;952;883;959;;154;ES;4
66755;2;690;5866;5632;6439;3;ES;1
66755;2;732;1007;962;2526;3;ES;2
66755;2;1083;5867;2005;1007;3;ES;2
66757;1;1091;6142;1627;5486;124;ES;4
66757;2;26;5863;7606;554;0;PP;4
66757;2;141;9398;1212;8181;124;ES;2
66757;2;775;5863;;;0;ES;4
66757;2;944;1983;1212;8171;124;ES;1
66757;3;428;6244;1400;5863;0;ES;3
66757;3;961;6994;7606;7019;0;ES;2
66759;1;609;519;885;8173;25;ES;3
66759;1;718;1851;1359;689;2;ES;3
66759;1;1073;5859;7605;;2;PP;2
66759;2;129;689;1359;1851;2;ES;2
66759;2;427;519;1745;5785;25;ES;4
66759;2;640;1359;689;5383;2;ES;2
66759;3;439;6451;;;25;ES;4
66759;3;878;5736;217;6451;25;ES;3
66759;OT1;87;5356;1590;519;25;ES;1
66761;1;910;6498;6226;7611;1;ES;2
66761;2;175;6012;6226;7611;1;ES;4
66761;2;230;6865;6522;6360;1;ES;1
66761;3;320;6360;6549;6012;1;ES;3
66763;1;914;5460;1134;6322;14;ES;2
66763;1;1017;966;7065;;24;ES;1
66763;2;502;1040;6330;7065;24;ES;4
66763;2;1199;1816;6436;6130;24;ES;2
66763;3;1050;1252;1424;6459;14;ES;3
66765;1;40;1069;955;8172;18;ES;2
66765;1;698;6095;5519;1069;18;PP;2
66765;1;812;1292;;;9;ES;4
66765;1;998;2859;512;6550;9;ES;2
66765;1;1130;6191;6447;2859;9;ES;3
66765;2;665;5951;1292;2827;9;ES;2
66765;2;735;6095;2722;3773;18;ES;3
66765;2;887;5519;1327;8172;18;ES;4
66765;3;983;5951;1760;2827;9;ES;3
66765;3;1196;2859;6447;512;9;ES, ENG;1
66767;1;224;6450;797;728;30;ES;3
66767;1;471;1429;6504;6048;30;ES;3
66767;1;682;1429;6504;1866;30;ES;2
66767;2;89;2045;1429;2730;30;ES;2
66767;2;231;6216;1877;6346;31;ES;3
66767;2;400;957;5772;5384;31;ES;3
66767;3;673;1877;6216;1448;31;ES;2
66769;1;329;5473;6457;1566;27;PP;3
66769;2;199;6434;5489;2950;17;ES;4
66769;2;1083;1100;1156;;27;ES;4
66769;2;1134;6457;6381;315;27;ES;4
66769;3;124;1458;1575;427;17;ES;1
66769;3;680;6501;1100;801;27;SH;1
66769;3;1114;6254;2880;6173;17;ES;1
66769;3;1200;1103;7067;8177;27;ES, ENG;3
61863;1;539;1874;2065;;123;PP;3
61863;1;614;5546;1858;3116;59;ES;4
61863;1;664;2112;5546;3150;59;ES;3
61863;1;1010;3116;3106;;59;PP;2
61863;1;1122;3106;5769;3116;59;PP;3
61863;2;479;2065;1874;;123;ES;1
61863;2;573;1874;5895;967;123;ES;2
61863;2;1039;5929;2112;3150;59;PP;3
61870;1;1155;5947;1530;1905;153;ES;4
61870;2;370;3817;1804;1616;153;ES;1
61870;2;388;1905;5947;543;153;ES;2
61870;2;820;1408;1860;5656;40;PP;4
61870;2;1066;1426;6542;;153;ES;4
61870;3;523;778;1626;;153;ES;2
61867;1;440;5566;947;2079;36;ES;4
61867;2;618;1383;872;3165;155;ES;1
61867;2;773;1383;2016;;155;SH;2
61867;2;852;1820;343;7610;155;ES;3
61867;3;69;1383;3165;;155;ES;1
61867;3;783;872;3165;1383;155;ES;4
61867;3;871;3236;2016;943;155;ES;4
61936;1;220;758;117;1958;33;PP;3
61936;2;167;5930;3256;5915;32;ES;1
61936;2;188;117;1407;;33;PP;4
61936;2;770;1407;758;117;33;PP;1
61936;3;480;1958;1376;;33;ES;4
61936;3;881;6566;3032;2128;32;ES;1
61936;3;1097;6566;2774;;32;ES;1
61936;3;1101;758;963;1407;33;ES;4
61864;1;198;5884;6484;;125;ES;1
61864;1;942;3334;3414;3730;60;ES;3
61864;2;339;5924;3414;;60;ES;3
61864;2;350;5941;74;5942;60;ES;4
61864;3;608;2134;2723;3291;60;ES;3
61864;3;1098;2876;6652;1256;125;PP;3
61967;1;46;2020;3248;1854;54;PP;4
61967;1;226;866;3172;;54;ES;3
61967;1;688;1201;3731;5840;54;ES;3
61967;1;742;2044;350;;54;ES;2
61967;1;978;3172;5582;866;54;ES;2
61967;2;427;2020;940;2044;54;ES;2
61967;2;565;3248;510;1201;54;ES;1
61897;1;51;6481;1934;3818;34;ES;3
61897;1;64;3177;2125;3202;38;ES;3
61897;1;964;6481;3893;3818;34;PP;3
61897;1;1176;3177;2125;3202;38;ES;3
61897;2;34;1906;3258;934;34;ES;3
61897;2;299;2866;3630;2817;38;ES;1
61897;2;397;3818;5729;6481;34;ES;2
61897;2;650;3289;978;1048;38;ES;3
61897;2;897;1048;752;3289;38;ES;4
61897;3;64;5729;1861;;34;PP;1
61897;3;207;1839;5910;2049;34;ES;3
62404;1;132;1661;2734;6487;56;PP;3
62404;1;193;3219;6487;262;56;ES;2
62404;1;474;6107;6442;5748;45;ES;1
62404;2;37;6424;5748;6442;45;PP;4
62404;2;126;6884;1661;5510;56;ES;4
62404;2;151;1661;5463;5686;56;ES;3
62404;2;499;1757;1786;5748;45;ES;1
62404;2;554;2102;3219;;56;PP;1
62404;3;1091;5672;2024;5510;56;ES;3
61861;1;93;736;1977;1953;55;PP;1
61861;1;217;736;1977;;55;PP;1
61861;1;843;2841;1977;6370;55;ES;3
61861;1;1081;1762;1062;6825;37;ES;2
61861;3;628;5916;1977;;55;ES;4
61861;3;1099;5364;6460;2873;55;ES;3
62050;2;387;2109;3782;7441;43;ES;3
62050;2;997;5784;3782;;43;PP;4
62050;3;72;5499;3884;2847;58;ES;3
62050;3;243;1789;1086;3889;43;ES;4
62050;3;262;1086;5525;754;43;ES;2
62065;1;28;5499;6104;2847;58;ES;3
62065;1;1131;5499;6109;;58;ES;3
62065;3;1043;3127;5928;2728;58;ES;3
61876;2;294;2077;6780;1209;41;PP;2
61876;2;733;5918;6502;877;41;ES;3
61876;2;1014;25;3289;1048;38;PP;1
61876;3;1143;25;3289;1048;38;PP;1
61876;OT1;188;2094;6780;143;41;PP;3
61953;1;207;1786;6107;2136;45;PP;1
61953;1;233;2136;5748;1757;45;ES;3
61953;1;257;1879;2136;5748;45;ES;2
61953;1;448;6264;1882;6021;45;ES;2
61953;1;1165;6028;2136;5967;45;ES;3
61953;1;1178;6121;3063;1256;125;ES;3
61953;2;278;1901;1911;;125;PP;4
61953;3;432;6245;6264;2926;45;ES;1
61953;3;917;2136;1757;6028;45;ES;4
61874;1;47;943;6094;1820;155;ES;3
61874;1;169;3165;353;3236;155;ES;3
61874;1;421;5784;852;1086;43;ES;3
61874;1;969;1383;943;;155;ES;4
61874;2;314;3236;7610;2040;155;ES;3
61874;3;71;1673;3223;;155;PP;1
61874;3;237;1789;3889;6467;43;ES;2
61874;3;322;5784;3782;7441;43;ES;4
61874;3;1159;870;1086;2109;43;PP;3
61871;1;362;3892;1774;;57;PP;2
61871;1;785;720;2032;1657;44;ES;4
61871;1;1046;2032;720;3418;44;ES;3
61871;2;113;2068;788;714;44;ES;4
61871;2;199;2043;676;2068;44;PP;4
61871;2;401;5534;788;2727;44;ES;1
61871;2;631;5699;6540;6007;57;ES;3
61871;2;851;6007;3634;2070;57;ES;3
61871;3;668;6007;2070;3446;57;ES;3
61871;3;818;676;2043;118;44;ES;3
61871;3;848;720;714;676;44;ES;3
61860;1;20;896;2734;262;56;ES;3
61860;1;65;6487;5432;5686;56;ES;3
61860;1;906;896;1537;2734;56;PP;3
61860;2;598;896;5432;1343;56;PP;1
61860;2;1022;2024;5432;5686;56;PP;1
61860;3;696;1661;2102;2734;56;ES;1
61860;3;1125;5432;896;3219;56;PP;3
61866;1;126;5924;74;5941;60;SH;4
61866;1;697;3486;6463;2120;53;ES;1
61866;1;963;2134;3414;;60;PP;4
61866;1;1056;3895;3329;1586;53;ES;3
61866;1;1152;2038;1494;3134;53;ES;1
61866;2;142;2867;74;3291;60;ES;1
61866;2;238;3414;3252;3333;60;ES;1
61866;3;730;3443;3334;3292;60;ES;3
61866;3;877;6302;6463;484;53;ES;4
61859;1;344;6548;5485;3307;48;ES;3
61859;1;407;2072;609;1526;50;ES;3
61859;3;833;1827;112;1650;48;ES;3
61919;1;339;2066;1906;1839;34;ES;4
61919;2;339;758;1407;1958;33;PP;2
61919;3;213;6537;3806;;33;ES;2
61919;3;416;6481;6276;;34;PP;3
61919;3;508;117;758;1958;33;PP;3
61919;3;515;3818;1861;6562;34;ES;1
61919;3;687;3818;1839;129;34;PP;4
61919;3;1196;1261;5910;1779;34;ES, ENG;2
61868;1;749;6519;947;5651;36;PP;2
61868;1;1009;2764;1953;;55;ES;1
61868;1;1038;1699;1924;6519;36;ES;2
61868;2;252;2869;1977;736;55;PP;3
61868;2;946;1924;6506;5566;36;ES;3
61868;2;973;6460;5916;2841;55;ES;4
61868;2;1003;2877;6506;2079;36;ES;1
61868;2;1018;6519;1699;947;36;ES;2
61868;3;261;6460;1977;1715;55;PP;3
61868;3;448;2764;1953;2025;55;ES;3
61868;3;465;1699;947;6519;36;ES;1
61868;3;825;736;5916;1715;55;ES;3
61883;1;24;3134;2895;5704;53;ES;2
61883;1;137;3441;2120;1538;53;PP;3
61883;1;271;2775;143;;41;ES;3
61883;2;138;5731;5921;5918;41;ES;1
61883;2;512;5852;1586;484;53;ES;1
61883;2;1137;1494;3134;3486;53;PP;3
61883;3;78;5918;2775;143;41;PP;3
61883;3;1198;6463;3329;1586;53;ES;4
61890;1;521;6007;3892;2056;57;PP;4
61890;1;628;5932;3341;5674;57;ES;2
61890;2;715;3341;1774;2070;57;PP;1
61890;2;1010;3634;2056;3461;57;ES;2
61890;3;570;3341;6540;5674;57;ES;3
61890;3;1015;3411;1031;2726;47;ES;3
61890;3;1113;3892;1774;;57;PP;4
61858;1;1197;1492;162;1408;40;ES;4
61858;2;322;975;1626;2855;153;PP;1
61858;2;509;1905;2855;5947;153;ES;3
61858;3;129;7069;5946;1722;40;ES;3
61858;3;276;1616;1390;2855;153;ES;3
61858;3;958;1626;778;3264;153;ES;2
61858;3;1142;1390;2855;1616;153;ES, ENG;2
61862;1;661;3266;1887;2054;62;ES;3
61862;1;832;3266;3126;;62;ES;2
61862;2;58;5646;2884;;37;ES;1
61862;2;251;2067;107;3126;62;ES;1
61862;2;575;1887;2927;;62;ES;4
61862;2;628;1887;3232;2927;62;ES;1
61862;3;228;3266;2067;3514;62;ES;3
61862;3;571;1812;5646;2124;37;ES;3
61862;3;720;2054;6533;1887;62;PP;1
61869;2;729;1827;774;3311;48;ES;2
61869;2;965;5582;5840;1854;54;ES;2
61869;3;482;112;1650;1827;48;PP;1
61869;3;804;5840;1854;;54;PP;1
61869;OT1;162;2044;5840;;54;ES;1
62067;1;22;2112;5769;5929;59;ES;3
62067;1;580;6109;3884;2847;58;PP;3
62067;1;716;2112;3150;5911;59;ES;1
62067;1;1020;6109;6299;3399;58;ES;3
62067;2;564;3891;3399;6109;58;ES;3
62067;3;54;1858;3106;;59;ES;1
62067;3;507;6109;3399;5599;58;SH;4
62067;3;739;2728;5499;6836;58;ES;3
61905;1;503;1464;2739;66;125;ES;3
61905;2;42;221;1399;1789;43;ES;1
61905;2;741;6652;3063;1822;125;ES;1
61905;2;769;6995;1911;1256;125;ES;4
61905;2;1030;1256;1911;;125;ES;4
61905;3;941;1789;2882;754;43;PP;3
61905;3;1185;2876;3063;;125;ES, ENG;2
61893;1;672;2777;1765;489;50;ES;1
61893;1;1135;2881;1083;5895;123;ES;4
61893;2;136;980;1718;;50;PP;1
61893;2;146;1235;2777;489;50;ES;1
61893;2;349;1395;1718;980;50;PP;3
61893;2;733;1395;980;1718;50;PP;3
61893;3;397;956;1765;489;50;ES;3
61893;3;425;5895;2881;1610;123;PP;2
61893;3;589;2777;2814;1235;50;ES;3
61891;1;338;3817;778;1626;153;ES;4
61891;1;969;2855;1804;1905;153;PP;3
61891;2;98;778;2855;1905;153;ES;4
61891;2;289;1626;543;;153;ES;1
61891;2;376;1426;5947;1530;153;ES;3
61891;2;410;3818;3893;;34;ES;1
61891;2;657;43;3264;1905;153;ES;1
61891;2;1139;5418;1804;6542;153;ES;1
61891;3;153;549;6542;2608;153;ES;4
61891;3;418;1905;3264;778;153;ES;3
61891;3;1004;1530;543;3817;153;ES;2
61916;1;211;866;3172;5840;54;ES;4
61916;1;1073;925;1961;2106;54;ES;1
61916;2;349;5916;1715;6460;55;PP;3
61916;3;647;2025;2764;5490;55;ES;1
61916;3;923;6460;1715;5490;55;PP;3
61916;3;1185;2764;2025;1715;55;ES, ENG;2
61865;1;7;2842;6094;1383;155;ES;3
61865;1;83;2842;1383;;155;PP;2
61865;1;436;2877;5926;;36;ES;4
61865;1;464;1468;687;;36;ES;3
61865;1;723;3518;1755;5566;36;ES;1
61865;1;767;6094;;;155;ES;1
61865;2;336;5926;1573;1468;36;PP;3
61865;2;567;6519;6506;947;36;PP;4
61865;2;1065;6554;947;6519;36;ES;1
61865;2;1178;7610;2040;;155;ES;3
61857;1;41;118;2043;2068;44;ES;4
61857;1;823;5941;3291;3730;60;ES;3
61857;2;203;2043;2068;118;44;ES;2
61857;2;820;6925;676;118;44;ES;4
61857;3;304;2043;118;;44;ES;3
61857;3;1106;3730;5942;5941;60;ES;3
61880;1;825;6884;2886;5672;56;ES;3
61880;1;1137;2734;2102;;56;PP;2
61880;2;287;896;2734;2024;56;ES;1
61880;2;697;896;5686;2734;56;PP;3
61880;2;922;2054;3287;6533;62;PP;3
61880;2;933;2927;2117;3514;62;PP;4
61880;2;1029;1343;2734;2102;56;PP;3
61880;3;182;896;5432;;56;ES;2
61880;3;724;2054;3266;3126;62;ES;1
62884;1;111;2608;549;;153;ES;1
62884;1;323;5943;2535;5946;40;PP;3
62884;1;1070;1390;1616;1804;153;ES;3
62884;2;934;1390;1804;;153;ES;1
62884;3;398;1530;1804;5418;153;ES;1
62884;3;847;3264;1905;778;153;ES;3
62884;3;1116;3264;1804;1905;153;PP;2
62886;1;750;2864;6506;5566;36;ES;2
62886;2;568;2856;6007;;57;ES;1
62886;2;857;664;1573;;36;ES;1
62886;2;1076;3341;5880;2070;57;PP;1
62886;3;542;5880;3892;2856;57;PP;1
62886;3;1195;2848;5880;;57;ES, ENG;3
62888;1;189;6536;2050;1827;48;ES;3
62888;1;587;5534;7;788;44;ES;4
62888;2;489;112;5369;3307;48;ES;3
62888;2;543;3307;1982;1827;48;ES;2
62888;2;577;1982;112;1434;48;ES;2
62888;2;857;676;118;517;44;ES;3
62888;2;987;1047;517;705;44;ES;4
62888;2;995;467;774;1434;48;ES;3
62888;2;1047;467;1434;3324;48;ES;3
62888;3;184;6536;1650;774;48;ES;3
62888;3;822;705;2068;;44;ES;1
62888;3;992;112;5485;6548;48;ES;4
62890;1;447;2774;731;1886;32;PP;1
62890;1;800;1904;3256;2128;32;ES;1
62890;1;1116;2682;1904;2128;32;ES;1
62890;2;61;6825;5646;;37;PP;2
62890;2;431;2888;1812;5646;37;ES;3
62890;2;950;5915;6521;2018;32;ES;3
62890;3;666;1062;2124;2472;37;ES;3
62892;1;160;6682;110;1048;38;ES;2
62892;1;452;6682;752;;38;ES;4
62892;1;721;3630;2866;;38;PP;3
62892;1;785;3766;6776;6442;45;ES;2
62892;1;942;2893;2866;2125;38;ES;1
62892;2;1110;6028;6107;1757;45;ES;1
62892;3;13;6424;1786;6442;45;ES;3
62892;3;336;3630;2772;1511;38;ES;3
62892;3;404;1048;3630;2866;38;PP;3
62892;3;482;6021;1882;1879;45;ES;3
62892;3;643;6442;6424;;45;ES;1
62894;1;63;1383;6454;872;155;ES;1
62894;1;669;765;1686;5729;34;ES;3
62894;1;888;343;6094;7610;155;ES;3
62894;3;1196;943;343;;155;ES, ENG;2
62896;1;467;758;5401;1407;33;PP;3
62896;1;585;509;1901;1464;125;PP;2
62896;1;983;6307;963;696;33;ES;4
62896;2;44;1822;6484;1464;125;ES;3
62896;2;120;516;1822;1256;125;PP;1
62896;2;850;1948;1647;117;33;ES;3
62896;3;279;6484;1822;6652;125;ES;2
62898;1;110;3810;1209;3044;41;ES;4
62898;1;1049;2927;3266;;62;ES;2
62898;1;1126;2927;3812;1951;62;ES;3
62898;2;229;2775;2077;143;41;ES;3
62898;2;458;4743;3810;6780;41;PP;4
62898;2;903;3514;107;2067;62;ES;3
62898;2;1084;6502;5918;3044;41;ES;3
62898;3;219;6533;2054;1887;62;PP;1
62898;3;454;6780;1819;3795;41;ES;4
62898;3;876;2117;1887;;62;ES;3
62898;3;1111;2094;3044;143;41;ES;3
62900;1;622;2073;1858;5929;59;ES;2
62900;1;1165;3106;1858;2073;59;PP;2
62900;2;529;3106;1858;2073;59;PP;3
62900;2;995;6467;3889;786;43;ES;1
62900;2;1145;2882;2109;;43;PP;3
62900;3;270;911;3106;3150;59;ES;3
62900;3;326;2073;2112;;59;ES;3
62900;3;505;3150;911;5769;59;ES;1
62900;3;722;2928;1086;2109;43;PP;4
62902;1;142;1526;609;1937;50;ES;4
62902;1;180;1395;956;1235;50;ES;1
62902;1;277;3105;609;2089;50;ES;4
62902;1;346;3334;3310;3730;60;PP;3
62902;1;511;3809;1235;1526;50;SH;3
62902;1;597;3414;2938;6108;60;ES;1
62902;2;265;3334;74;;60;ES;3
62902;2;947;980;1765;1395;50;PP;3
62902;3;262;980;1765;;50;ES;1
62902;3;566;3414;3730;;60;ES;3
62902;3;848;1526;1765;980;50;ES;4
62904;1;8;3441;1538;;53;ES;4
62906;1;350;2734;5672;896;56;PP;4
62906;3;1193;2102;961;;56;PP, ENG;1
62908;2;493;6836;3127;2847;58;ES;4
62908;2;899;5499;6109;;58;ES;3
62908;3;368;1874;2881;1610;123;ES;4
62910;2;452;5670;2077;;41;ES;3
62910;2;613;3341;2070;5880;57;PP;3
62910;2;996;2775;5921;;41;PP;3
62910;3;170;1209;4743;1819;41;ES;3
62910;3;459;2056;2856;5674;57;ES;4
62910;3;911;2094;877;4743;41;ES;3
62910;3;963;5921;2094;877;41;ES;3
62912;1;521;1235;1718;1765;50;PP;3
62912;2;76;1765;1718;1235;50;PP;2
62912;2;515;609;1235;1718;50;ES;4
62912;3;23;6460;1715;2841;55;ES;2
62912;3;201;6272;234;1235;50;SH;4
62912;3;295;2841;1981;;55;ES;4
62912;3;954;2873;2764;;55;ES;4
62914;1;107;6521;3032;1914;32;ES;3
62914;1;775;3032;6521;1914;32;PP;1
62914;1;866;1086;3782;7441;43;PP;3
62914;1;934;7441;1086;2109;43;ES;1
62914;2;58;1086;2109;;43;PP;1
62914;2;273;1904;2018;1463;32;ES;4
62914;2;415;5904;1904;;32;ES;2
62914;3;332;1914;6521;3032;32;ES;3
62914;3;1043;6521;1914;3032;32;ES;2
62916;1;1051;3630;2772;;38;ES;3
62916;2;64;3177;1048;25;38;PP;4
62916;2;541;872;6094;1820;155;ES;2
62916;2;948;1383;1673;6454;155;ES;1
62916;2;1122;3223;3206;872;155;ES;2
62916;3;455;2772;3202;5518;38;ES;2
62916;OT1;48;872;2842;1383;155;ES;2
62918;2;867;3394;1563;3063;125;ES;1
62918;3;823;6995;6652;6121;125;ES;4
62920;1;267;2022;2034;5893;123;ES;3
62920;1;300;510;3248;2041;54;ES;2
62920;1;461;3731;836;1612;54;ES;4
62920;1;596;2058;2725;;123;ES;3
62920;2;553;1874;5746;967;123;ES;3
62920;2;1089;5840;836;;54;ES;3
62920;2;1121;3731;1854;;54;ES;4
62920;3;314;940;3172;922;54;ES;3
62920;3;1135;1942;2044;925;54;ES, ENG;2
62922;1;75;2886;2024;5463;56;ES;3
62922;1;148;3310;2938;;60;PP;3
62922;1;792;1661;2102;3219;56;ES;4
62922;2;3;3252;2867;1484;60;PP;4
62922;2;822;2102;3219;1537;56;ES;2
62922;3;211;2734;896;5432;56;ES;4
62924;2;611;1757;1786;6107;45;PP;1
62926;1;331;364;1860;7069;40;ES;2
62926;1;813;5369;3307;3324;48;ES;4
62926;3;179;1408;5440;162;40;ES;3
62926;3;538;5943;2103;1860;40;ES;1
62928;1;288;117;5401;758;33;ES;3
62928;1;394;2032;5534;;44;ES;1
62928;1;742;705;3418;2032;44;ES;4
62928;1;966;788;676;2727;44;ES;4
62928;2;9;676;2727;332;44;ES;3
62928;2;217;758;1990;3247;33;ES;3
62928;2;430;696;1647;3247;33;PP;2
62928;2;739;696;3806;3247;33;ES;4
62928;2;1013;758;963;;33;ES;4
62928;2;1047;1311;963;758;33;ES;3
62928;3;591;903;1376;1647;33;ES;1
62930;1;182;1465;2726;2026;47;ES;2
62930;1;633;5646;1922;1704;37;ES;4
62930;3;213;6825;5646;1704;37;PP;1
62932;1;22;107;1943;;62;ES;2
62932;1;1099;2117;3232;2054;62;ES;4
62932;1;1174;5499;6104;;58;ES;2
62932;2;1091;3126;1943;3232;62;ES;4
62932;3;339;6620;2117;2054;62;ES;2
62932;3;1027;6114;2964;3399;58;ES;1
62934;1;928;3441;1494;1538;53;PP;4
62934;2;612;6562;5729;2031;34;ES;4
62934;OT1;143;1906;3893;1934;34;ES;1
62936;1;436;6566;1904;1914;32;ES;2
62936;1;1107;5731;5670;;41;PP;1
62936;2;273;2836;;;32;PP;1
62936;2;924;1209;5921;6502;41;ES;1
62936;2;1152;1209;6780;3795;41;PP;3
62936;3;935;5731;5670;;41;ES;2
62936;3;962;1908;2836;;32;PP;1
62938;1;294;1613;2951;;123;ES;1
62938;1;1059;1616;5418;2608;153;PP;1
62938;1;1103;5418;1626;1905;153;PP;1
62938;1;1148;1846;6544;;153;ES;2
62938;1;1174;5746;1083;967;123;ES;4
62938;2;215;3807;2065;1613;123;ES;2
62938;3;500;2608;549;1426;153;ES;4
62938;3;610;1846;5947;;153;ES;3
62938;3;1150;2855;1626;;153;PP, ENG;2
62940;1;1011;3891;5825;6104;58;ES;3
62940;2;1068;3274;5459;;45;ES;2
62940;3;195;2964;3891;5599;58;PP;4
62940;3;711;6109;5599;5499;58;PP;1
62942;1;158;866;3248;5840;54;PP;1
62942;2;775;925;1961;3731;54;ES;2
62942;2;864;510;836;5582;54;ES;3
62942;3;402;7610;353;670;155;ES;1
62944;1;734;6272;609;980;50;ES;1
62944;1;829;980;234;6272;50;ES;4
62944;1;1140;1573;;;36;ES;1
62944;2;1187;3105;1235;;50;ES;1
62944;3;89;1235;3105;1718;50;ES;4
62944;3;469;980;234;1526;50;PP;1
62944;3;666;980;6272;3105;50;ES;4
62944;3;759;1718;1395;234;50;PP;3
62944;3;1005;947;1573;;36;ES;2
62946;1;360;129;2066;6481;34;ES;1
62946;2;144;6481;3818;129;34;PP;4
62946;3;45;2049;1261;1861;34;ES;3
62948;1;763;2026;3411;2718;47;ES;2
62948;1;1175;736;6483;3637;55;ES;2
62948;2;180;5490;1977;;55;ES;4
62948;2;592;3473;822;2718;47;PP;4
62948;2;1016;3473;2899;822;47;PP;1
62948;2;1088;1953;3637;2764;55;ES;3
62948;3;162;5916;736;1715;55;ES;2
62948;3;1097;2873;6460;5364;55;ES;2
62950;1;1022;2125;3313;978;38;ES;4
62950;1;1046;6995;1256;516;125;ES;1
62950;2;99;25;3177;752;38;ES;2
62950;3;74;1048;2772;;38;PP;1
62950;3;762;1048;3289;110;38;ES;1
62950;3;818;1911;1256;;125;ES;1
62950;3;919;1256;1911;3394;125;ES;3
62952;1;202;3341;5767;2070;57;PP;2
62952;1;505;1774;5827;6540;57;ES;4
62952;1;621;3892;5827;6540;57;ES;3
62952;1;736;3341;5767;5880;57;PP;4
62952;2;69;5674;5827;6540;57;SH;3
62952;2;151;5656;5765;;40;PP;3
62952;3;635;1847;5943;5946;40;ES;4
62952;3;1122;1774;2848;;57;ES;3
62954;1;122;5890;5546;5769;59;PP;3
62954;1;277;5546;3250;5890;59;ES;3
62954;1;578;5890;5929;3250;59;ES;4
62954;1;1172;2112;911;;59;SH;3
62954;2;142;775;3116;6188;59;ES;2
62954;2;564;3116;5769;;59;PP;3
62954;3;924;5546;5890;1858;59;ES;1
62954;3;1168;6477;2073;6188;59;ES;1
62956;1;79;467;3307;5485;48;ES;1
62958;1;184;3812;2067;3126;62;ES;4
62958;2;347;696;5401;1958;33;ES;3
62958;2;588;2067;3514;2054;62;PP;3
62958;2;967;6537;1990;963;33;ES;1
62958;3;816;5401;758;3247;33;PP;2
62958;3;1156;3514;107;2927;62;ES;2
62960;1;492;1762;1933;1062;37;PP;3
62960;1;971;1491;5828;;37;ES;3
62960;2;27;3418;676;2043;44;ES;3
62960;2;155;3418;676;118;44;ES;4
62960;2;666;3696;;;37;ES;1
62960;2;1060;1062;1762;1704;37;PP;1
62960;3;428;2032;705;357;44;ES;3
62960;3;702;1704;1062;;37;PP;1
62962;1;1032;6114;2847;5825;58;ES;2
62962;2;1045;773;2103;5765;40;ES;1
62962;2;1076;5928;5825;3399;58;ES;3
62962;2;1150;5499;6836;3399;58;PP;1
62964;1;644;1062;2888;3696;37;PP;3
62964;1;901;1812;1802;;37;SH;1
62964;2;327;6108;2867;;60;ES;3
62964;2;678;6825;1762;1802;37;PP;1
62964;2;1040;3334;3333;2134;60;PP;4
62964;3;920;3310;3334;2134;60;PP;2
62964;OT1;289;3696;2862;1843;37;ES;2
62966;1;361;2954;6007;;57;ES;4
62966;1;797;5704;1538;1494;53;ES;1
62966;1;1002;3341;2056;5880;57;PP;3
62966;2;539;3134;5704;;53;ES;4
62966;3;227;2954;5880;3341;57;PP;2
62966;3;288;2856;6007;2954;57;ES;2
62966;3;454;5880;5932;1774;57;ES;3
62966;3;1066;2565;3329;484;53;ES;3
62968;1;370;736;1977;5916;55;ES;1
62968;1;932;6460;5364;6483;55;ES;3
62968;2;141;6460;5364;2869;55;PP;1
62968;2;335;1990;3806;1407;33;PP;1
62968;3;88;5916;1977;6370;55;ES;2
62968;3;158;1647;117;1864;33;ES;3
62970;1;416;1530;1804;3817;153;ES;1
62970;1;775;778;975;1616;153;ES;2
62970;1;1037;609;2072;;50;ES;2
62970;2;561;5947;2855;3264;153;PP;3
62970;3;176;549;1390;2855;153;ES;3
62972;1;156;3126;344;3266;62;SH;3
62972;1;209;3232;3812;2054;62;ES;1
62972;1;1032;3822;1943;3266;62;ES;2
62972;2;173;2054;1887;2015;62;PP;1
62972;2;860;1887;6533;;62;PP;1
62972;3;874;3822;2117;;62;ES;4
62974;1;42;1982;1827;;48;ES;3
62974;1;309;1827;2050;3311;48;ES;3
62974;1;318;1921;1059;;32;ES;4
62974;1;403;112;1434;1827;48;PP;3
62974;1;514;5915;2018;1908;32;ES;4
62974;2;595;1059;2682;;32;ES;1
62974;2;804;1650;112;;48;ES;2
62974;3;194;1908;1914;;32;ES;1
62974;3;432;2774;1914;3032;32;PP;3
62976;1;219;6502;4743;5731;41;ES;4
62976;1;393;5918;2077;1209;41;PP;4
62976;1;854;6424;2136;;45;ES;2
62976;1;991;1819;5921;3810;41;ES;3
62976;2;322;6107;1757;5748;45;ES;3
62976;3;101;5670;5921;;41;PP;2
62976;3;233;6021;5459;5748;45;ES;2
62976;3;264;2077;2775;;41;ES;3
62976;3;553;1757;2136;1786;45;PP;1
62976;3;1156;6780;3795;3044;41;ES;3
62978;1;272;2040;872;6094;155;ES;2
62978;1;504;872;2040;938;155;ES;3
62978;1;940;2016;3165;6094;155;SH;1
62978;2;21;6454;8176;2016;155;ES;3
62978;2;771;3165;8176;6094;155;ES;2
62978;3;553;343;670;;155;SH;3
62980;1;161;2065;1083;967;123;ES;3
62980;1;309;7068;3807;1083;123;ES;4
62980;1;527;967;2725;;123;PP;1
62980;1;687;2877;1755;1573;36;ES;1
62980;2;278;2881;5819;;123;ES;1
62980;2;591;6506;2877;6519;36;ES;1
62980;2;699;3774;3268;;123;ES;4
62980;3;283;947;1573;;36;PP;1
62980;3;887;1083;7068;2065;123;ES;3
62982;1;240;1048;3630;;38;PP;1
62982;1;1147;5910;1779;3818;34;ES;4
62982;2;599;3289;2125;25;38;ES;3
62982;3;961;1906;3893;5729;34;PP;3
62984;1;655;6118;6429;3473;47;ES;1
62984;2;411;2024;5432;896;56;ES;1
62984;3;597;1661;961;6884;56;ES;1
62984;3;788;2734;896;2102;56;PP;2
62984;3;799;262;5510;5672;56;ES;3
62986;1;1075;510;3248;1813;54;ES;1
62986;1;1118;925;866;350;54;ES;3
62986;2;218;5582;1813;;54;ES;4
62986;2;663;3418;2032;2068;44;ES;4
62986;2;1092;2032;5534;3418;44;ES;4
62986;3;128;2727;7;2068;44;ES;3
62986;3;575;1813;350;;54;ES;4
62986;3;760;5840;1854;836;54;ES;4
62986;3;845;1854;5840;;54;ES;3
62988;1;1136;3818;;;34;PP;2
62988;2;393;5646;1802;1762;37;PP;4
62988;2;961;1802;2888;1491;37;ES;1
62988;3;1196;1491;2888;;37;ES, ENG;2
62990;1;927;1673;2016;8176;155;ES;2
62990;1;1057;3223;3165;1383;155;ES;1
62990;3;286;3206;1820;;155;SH;4
62990;3;1171;6138;6302;6463;53;ES;4
62992;1;389;5807;6252;;47;ES;3
62992;1;1009;1789;2882;2109;43;PP;1
62992;2;602;3473;3411;1465;47;ES;2
62992;3;212;1086;1490;1789;43;ES;3
62992;3;522;1789;1490;;43;ES;4
62992;3;717;754;1789;2109;43;PP;1
62992;3;1165;3782;2109;221;43;ES, ENG;3
62992;3;1197;2726;1997;3473;47;PP;2
62994;1;254;1765;1718;3105;50;ES;4
62994;1;536;6986;1235;6272;50;SH;3
62994;1;799;3399;2964;5499;58;ES;2
62994;2;368;1395;1526;;50;PP;2
62994;2;381;3809;1395;6986;50;ES;2
62994;3;732;6986;1395;3809;50;ES;2
62994;3;1116;3399;6104;2964;58;ES;3
62996;1;64;3287;3232;344;62;ES;3
62996;1;654;4743;1209;;41;ES;1
62996;1;697;2015;107;;62;ES;4
62996;2;799;5731;2775;143;41;PP;4
62996;2;858;5921;2775;5731;41;ES;1
62996;3;579;5731;5670;143;41;PP;3
62996;3;962;143;1819;;41;ES;1
62996;3;1142;3287;2067;5927;62;ES;3
62998;1;216;3310;3730;3334;60;ES;4
62998;1;728;3443;3252;;60;ES;3
62998;3;474;2938;3414;;60;ES;2
62998;3;666;3252;74;3291;60;ES;4
62998;3;712;6188;5929;2073;59;ES;1
63000;1;358;788;332;2032;44;ES;2
63000;1;378;720;332;1047;44;PP;1
63000;1;569;1256;1901;3063;125;ES;4
63000;2;90;5534;3418;612;44;ES;1
63000;2;386;6484;6652;6353;125;PP;3
63000;2;478;1901;1256;6652;125;ES;1
63000;2;660;332;2043;1047;44;PP;3
63000;2;667;7;3418;5534;44;ES;4
63000;2;1054;332;2032;612;44;ES;1
63000;3;612;720;118;;44;ES;3
63000;3;911;6121;1822;2892;125;ES;2
63000;3;1094;1464;6995;6484;125;ES;2
63000;3;1189;788;2032;612;44;ES, ENG;4
63002;1;115;1083;7068;;123;ES;1
63002;1;351;1904;731;6521;32;PP;2
63002;1;736;7068;2065;1874;123;PP;3
63002;1;873;1921;6521;1059;32;PP;1
63002;2;214;1610;1083;2881;123;PP;3
63002;2;508;1610;5895;;123;PP;2
63002;2;793;1914;1886;2128;32;ES;3
63002;2;967;2881;5893;2126;123;ES;2
63002;3;512;2128;1914;1463;32;ES;3
63002;3;682;5915;2774;6521;32;ES;1
63002;3;938;2128;1463;1886;32;ES;2
63002;3;1078;3032;1921;3256;32;ES;4
63002;3;1162;3836;1463;;32;ES, ENG;1
63004;2;499;1347;1468;1573;36;ES;2
63004;2;546;1616;6542;778;153;ES;2
63004;2;984;6542;2855;43;153;ES;2
63004;3;8;1924;5936;6519;36;ES;4
63004;3;242;6542;1530;549;153;ES;2
63004;3;284;1390;549;3817;153;SH;3
63004;3;737;778;3264;6542;153;ES;4
63004;3;1051;2079;1924;2877;36;ES;2
63006;2;169;2856;3634;;57;PP;3
63006;2;1008;3634;5880;;57;PP;1
63006;3;238;6442;6424;1786;45;PP;2
63006;3;459;6758;3634;5674;57;ES;3
63006;3;780;6758;5990;3461;57;ES;4
63006;3;892;3461;6007;5767;57;ES;1
63008;1;580;162;5946;5656;40;ES;1
63008;1;801;6536;6548;8170;48;ES;2
63008;2;552;3311;1434;5485;48;ES;3
63008;2;619;6536;6548;;48;ES;3
63008;3;383;8170;467;5485;48;ES;1
63010;2;113;1715;2764;5490;55;ES;2
63010;2;1148;758;1958;1407;33;ES;4
63010;3;723;2764;5490;1715;55;ES;3
63012;2;10;1661;5432;2734;56;ES;3
63012;2;1115;2886;5686;961;56;ES;4
63012;3;105;262;2734;5432;56;ES;1
63012;3;133;2886;5432;2734;56;PP;3
63012;3;761;2102;896;3219;56;ES;2
63012;3;858;6487;2024;961;56;ES;4
63012;3;869;961;2024;6487;56;ES;4
63012;3;1103;1511;5518;3445;38;ES;4
63014;1;660;3891;6299;2728;58;PP;3
63014;1;782;2847;2728;;58;ES;1
63016;1;857;3441;5704;;53;ES;4
63016;2;519;1908;3256;3032;32;ES;4
63016;2;571;6463;484;6302;53;ES;1
63016;2;648;1914;5915;5930;32;ES;4
63016;2;822;2774;1059;1921;32;ES;2
63016;2;935;5704;2565;3441;53;ES;2
63016;2;1076;3134;6463;5704;53;ES;2
63016;3;831;1059;2774;;32;PP;3
63018;1;255;3774;5819;1610;123;PP;3
63018;1;640;967;5893;3807;123;ES;3
63018;2;169;5895;3268;5819;123;ES;4
63018;2;392;1951;2927;3812;62;ES;3
63018;2;799;1874;5895;1610;123;PP;3
63018;2;981;3514;2015;2054;62;PP;4
63020;1;279;1804;1905;2855;153;ES;3
63020;1;438;1982;1827;3311;48;ES;4
63020;1;810;1626;975;2855;153;PP;3
63020;1;991;1905;5418;549;153;ES;3
63020;3;378;112;1982;1827;48;PP;3
63020;3;482;3324;768;774;48;ES;1
63022;1;3;6484;3394;516;125;ES;4
63022;1;311;516;1911;66;125;ES;2
63022;1;342;3443;3334;2723;60;PP;3
63022;1;359;3414;2938;2867;60;ES;4
63022;1;527;3414;2867;2134;60;PP;2
63022;1;722;1901;6995;516;125;PP;2
63022;1;880;2867;3333;3310;60;ES;3
63022;2;399;5941;6108;3310;60;ES;1
63022;2;474;3252;5914;3334;60;ES;3
63022;3;769;3394;3063;1901;125;PP;4
63022;3;1049;3414;74;;60;ES;3
63024;2;154;2102;2024;896;56;ES;3
63024;3;316;2102;896;5672;56;ES;4
63024;3;856;5672;2734;6884;56;ES;2
63024;3;1157;6272;1235;234;50;PP;2
63026;1;145;6776;1757;;45;ES;3
63026;1;662;1786;6264;6424;45;ES;3
63026;1;1123;5646;6825;;37;ES;4
63026;2;186;6264;6424;5967;45;ES;3
63026;2;969;6363;1491;;37;ES;3
63026;2;1189;6825;1812;2862;37;ES;3
63026;3;1000;1757;2136;6776;45;ES;2
63028;1;121;3250;3106;6477;59;ES;3
63028;1;1062;2073;5769;911;59;PP;3
63028;2;637;3106;5911;3250;59;PP;3
63028;2;1004;1858;3106;;59;PP;3
63028;3;54;5911;2073;3250;59;ES;1
63028;3;998;3889;1399;5525;43;ES;1
63030;1;967;773;1408;2103;40;ES;1
63030;2;218;5440;1298;1860;40;ES;2
63030;2;1064;2535;5946;5656;40;PP;3
63030;3;319;2041;2044;510;54;ES;2
63030;3;697;940;510;836;54;SH;4
63030;3;774;5440;2535;5946;40;PP;3
63030;3;1140;2535;5943;;40;PP, ENG;1
63032;1;19;4743;3795;6502;41;ES;4
63032;1;214;758;3247;1407;33;ES;3
63032;1;478;877;5731;1819;41;ES;1
63032;1;779;5401;1407;;33;ES;1
63032;1;879;758;3247;5401;33;PP;4
63032;3;338;3806;1311;963;33;ES;3
63032;3;908;6502;2775;;41;ES;3
63032;3;972;143;4743;5670;41;ES;2
63034;1;149;1977;2025;736;55;PP;2
63034;1;453;3378;2869;1702;55;ES;4
63034;1;1023;6370;5490;3637;55;ES;4
63034;2;364;1977;2025;736;55;ES;4
63034;2;448;2869;6370;5490;55;ES;3
63034;2;1010;6460;5364;2873;55;PP;1
63034;3;1047;5490;736;;55;ES;3
63034;3;1098;6460;1981;2873;55;ES;3
63036;1;164;1820;3165;;155;ES;3
63036;1;390;6094;353;943;155;ES;4
63036;1;1078;6454;3206;938;155;ES;3
63036;2;594;2040;670;1673;155;ES;3
63036;2;709;872;670;;155;ES;2
63036;2;1083;353;943;;155;ES;3
63038;1;918;5932;3461;2848;57;ES;3
63038;1;1166;118;2068;2032;44;ES;3
63038;3;63;2856;5880;;57;ES;4
63038;3;346;1047;7;2727;44;ES;3
63038;3;1093;3634;2848;;57;ES;3
63038;3;1114;2727;676;5534;44;ES;1
63038;OT1;64;2043;332;3418;44;ES;1
63040;1;635;5704;6463;;53;ES;4
63040;1;749;3441;3134;3486;53;ES;3
63040;3;650;3441;5704;1538;53;PP;3
63042;1;372;5646;1762;;37;ES;4
63042;1;410;5499;3884;5983;58;ES;3
63042;1;697;6109;3399;3891;58;PP;3
63042;2;110;6114;2847;3492;58;ES;2
63042;2;132;6825;3696;1704;37;ES;4
63044;1;6;5432;5672;2734;56;ES;1
63044;1;456;6487;5510;5686;56;SH;4
63044;1;666;3126;2067;3514;62;PP;2
63044;1;880;107;3822;3514;62;ES;2
63044;2;1058;2102;1661;;56;ES;3
63044;3;363;1943;2054;107;62;ES;4
63044;3;405;6884;262;6487;56;ES;4
63044;3;848;1661;2024;;56;ES;1
63046;1;976;822;5780;;47;ES;3
63046;1;1049;754;1086;5784;43;ES;1
63046;2;148;6285;2109;2882;43;ES;2
63046;2;770;3889;870;1789;43;ES;1
63046;3;446;5525;3889;;43;ES;3
63046;3;871;870;3889;1789;43;ES;1
63046;3;981;2109;7441;1748;43;ES;3
63048;1;204;5941;3414;;60;ES;1
63048;1;769;1526;2814;6272;50;SH;3
63048;1;1095;1395;980;;50;PP;2
63048;2;61;1937;1526;2814;50;ES;4
63048;2;862;2089;3105;1718;50;ES;3
63048;3;312;1526;1937;;50;ES;2
63048;3;319;1937;1765;;50;ES;2
63048;3;701;3414;3730;5941;60;ES;2
63048;3;849;3334;3333;3310;60;PP;3
63048;3;1062;1937;234;;50;ES;3
63048;3;1066;1484;74;;60;ES;4
63050;2;352;978;3445;1708;38;ES;1
63050;2;541;1310;1047;;44;PP;1
63050;2;599;7;357;;44;ES;3
63050;2;932;7;332;6925;44;ES;2
63050;2;942;7;2727;;44;ES;3
63050;3;473;5534;2068;2727;44;ES;3
63050;3;712;118;1047;1310;44;ES;3
63052;3;548;943;3223;;155;PP;4
63052;3;1029;872;938;670;155;ES;3
63054;1;543;1650;3307;5485;48;ES;3
63054;1;600;6536;6204;;48;ES;3
63054;1;1131;6204;774;;48;ES;4
63054;2;447;3311;1827;;48;ES;4
63054;2;979;2050;8170;6548;48;ES;4
63056;1;146;3836;6521;1908;32;ES;3
63056;1;637;6776;6264;3274;45;ES;1
63056;1;1041;3836;731;6521;32;ES;2
63056;2;404;2128;5904;;32;ES;1
63056;2;427;1904;2128;5904;32;ES;2
63056;2;953;1886;3836;1908;32;ES;3
63056;2;1047;6442;5967;5459;45;ES;3
63056;3;547;6442;6107;6021;45;ES;1
63058;1;439;5840;1854;5582;54;PP;2
63058;1;742;4743;5670;3810;41;ES;4
63058;1;1098;5731;143;5670;41;PP;1
63058;2;579;1819;3044;6780;41;ES;4
63058;2;918;2041;1854;1942;54;ES;3
63058;3;91;3731;940;866;54;PP;3
63060;1;386;2065;967;5895;123;ES;4
63060;2;326;1408;1492;5656;40;ES;3
63060;2;483;1610;5895;2065;123;PP;3
63060;3;133;1408;7069;1492;40;ES;2
63060;3;546;2881;1874;2022;123;ES;2
63060;3;681;162;5656;;40;ES;1
63060;3;1062;5819;2034;2881;123;ES;3
63062;1;1163;1906;5729;6562;34;ES;2
63062;1;1193;6562;2049;3893;34;ES;3
63062;2;661;1948;3806;117;33;ES;4
63062;2;970;3247;5401;1407;33;PP;3
63062;3;328;1864;696;1311;33;ES;1
63062;3;830;3893;1861;6276;34;PP;3
63062;OT1;82;129;1906;1839;34;PP;1
63064;1;754;6995;6121;3394;125;ES;1
63064;1;787;3063;6121;6995;125;ES;3
63064;1;1040;6353;1563;3394;125;ES;2
63064;1;1190;6121;3394;6995;125;ES;2
63064;2;577;516;1822;;125;ES;4
63064;2;1113;1911;1901;3063;125;PP;3
63064;3;554;5884;3063;;125;ES;2
63064;3;719;6121;6995;;125;ES;3
54438;1;127;6709;6720;7186;88;ES;2
54438;1;1157;6709;6720;;88;ES;1
54438;2;195;7165;7074;6587;93;PP;3
54438;2;262;6587;7165;8697;93;ES;2
54438;2;507;7165;7177;7074;93;PP;2
54438;2;1006;6709;6720;;88;ES;3
54438;3;184;6587;8697;7165;93;PP;4
54438;3;371;7122;6587;7165;93;ES;1
54438;3;483;6709;6720;;88;ES;3
54439;1;856;7113;7702;9316;92;ES;3
54439;1;998;9345;7744;7757;90;ES;3
54439;2;518;6574;9374;;92;PP;1
54439;2;582;7757;7223;6666;90;PP;3
54439;2;1131;8859;8800;7684;92;ES;2
54439;3;11;7106;8282;9385;90;ES;4
54439;3;498;7700;7757;6666;90;ES;2
54439;3;878;8777;7685;9385;90;ES;4
54439;3;967;6574;7113;9316;92;ES;3
54440;1;1114;8673;6728;9383;89;ES;3
54440;2;411;7180;8829;;98;ES;1
54440;2;1071;7776;6724;7151;98;PP;3
54440;3;180;7776;8829;9370;98;ES;2
54440;3;547;7681;7626;;98;PP;1
54440;3;1104;8198;7626;9370;98;ES;4
54441;1;94;9306;7210;7088;97;PP;3
54441;1;394;8274;7559;7182;97;ES;1
54441;2;199;7656;7205;;86;ES;3
54441;3;264;6705;7205;;86;PP;3
54441;3;1059;6705;9249;9382;86;ES;4
54441;3;1179;9382;6705;;86;ES, ENG;1
54442;1;1074;7776;7151;7663;98;ES;1
54442;2;45;7213;6703;7153;85;ES;1
54442;2;928;8198;;;98;ES;1
54442;3;244;8790;7658;7153;85;ES;3
54443;1;587;8696;7086;;102;ES;4
54443;2;443;7093;7196;7193;102;ES;3
54443;2;906;9395;7093;7670;102;PP;3
54443;2;999;6588;7136;6659;96;ES;2
54443;3;176;7086;7670;7093;102;PP;3
54443;3;436;6588;7706;6576;96;ES;4
54443;3;543;9395;7134;7193;102;ES;2
54444;1;581;7099;7209;7138;95;PP;3
54444;1;643;7099;7138;;95;ES;4
54444;1;919;7101;6657;7766;99;ES;4
54444;1;1071;9263;6702;7107;99;ES;2
54444;2;88;7766;6657;7710;99;ES;2
54444;2;195;9443;7711;;99;ES;4
54444;2;897;9263;7101;6657;99;ES;4
54444;3;577;6702;7201;7101;99;PP;3
54445;1;92;7186;7158;7185;88;ES;1
54445;1;163;7169;9308;8727;87;ES;3
54445;1;362;9435;7140;7183;88;ES;4
54445;2;560;7623;8318;;87;ES;1
54445;3;141;7169;7720;9308;87;PP;2
54445;3;312;7183;9435;;88;PP;1
54445;3;762;6709;6720;7186;88;PP;1
54446;1;165;6679;6681;7188;101;PP;3
54446;1;688;9433;7725;6595;94;PP;4
54446;1;865;7157;8261;7135;94;ES;3
54446;2;105;7135;7157;6639;94;ES;2
54446;2;115;6681;7589;6679;101;ES;4
54446;2;792;7774;7725;;94;ES;2
54446;3;350;6639;7157;7135;94;ES;3
54446;3;630;8321;7108;6595;94;ES;3
54446;3;1062;7725;7135;9433;94;ES;3
54446;3;1088;6681;7604;7777;101;ES;2
54447;1;939;7082;8744;6677;91;ES;1
54447;1;957;8744;7119;7683;91;ES;3
54447;2;1032;7674;7645;7204;91;ES;3
54447;3;279;7645;8298;8744;91;ES;2
54447;3;283;7633;9448;7177;93;ES;2
54448;1;93;7727;6572;;104;ES;1
54448;1;297;7084;5975;9427;104;ES;1
54448;1;603;5975;9346;9427;104;PP;1
54448;1;1021;5975;7174;7181;104;ES;3
54448;3;22;8282;6666;7223;90;ES;1
54448;3;188;7700;7137;6666;90;ES;1
54448;3;798;5975;7184;;104;ES;1
54449;1;317;7201;6657;;99;ES;3
54449;1;437;6702;7107;7201;99;ES;2
54449;1;673;7101;7766;7201;99;ES;3
54449;1;812;6614;7766;7201;99;PP;2
54449;1;999;6702;8833;8219;99;ES;3
54449;1;1190;9439;7710;;99;ES;4
54449;2;77;6588;6576;7739;96;ES;3
54449;2;574;7101;7201;7766;99;PP;3
54449;2;826;7107;7741;9263;99;ES;2
54449;3;426;7706;7133;;96;ES;1
54449;3;532;6702;9263;;99;ES;4
54449;3;1090;7101;6702;7107;99;ES;4
54450;1;83;6607;7205;;86;PP;1
54450;1;138;9382;8293;6607;86;ES;1
54450;1;669;7205;7647;;86;ES;4
54450;1;782;7216;7754;7205;86;ES;2
54450;1;933;8324;9383;7624;89;ES;1
54450;1;1005;7221;7718;7660;89;ES;4
54450;1;1161;9382;7216;6607;86;PP;1
54450;2;1120;7105;6728;7660;89;ES;1
54450;3;122;8293;7205;6607;86;PP;1
54450;3;858;7105;7660;6728;89;ES;3
54450;3;1194;7205;7647;7649;86;ES, ENG;1
54451;1;20;7208;8671;6631;103;ES;3
54451;1;750;8192;8272;7586;97;ES;1
54451;2;560;7191;6608;7208;103;ES;3
54451;2;816;7743;7182;9306;97;PP;4
54451;3;97;7195;7085;7636;103;ES;3
54451;3;660;7191;7208;7195;103;PP;1
54452;1;260;6681;6679;;101;PP;1
54452;1;572;7725;9433;7212;94;ES;3
54452;1;776;7108;7734;;94;ES;4
54452;1;1034;8679;8321;8261;94;ES;4
54452;2;174;7135;7157;7108;94;PP;3
54452;2;413;6679;7167;;101;ES;4
54452;2;1012;6595;7774;;94;ES;1
54452;3;829;8746;7589;6681;101;ES;1
54453;1;134;9376;6654;6716;100;ES;3
54453;1;252;8289;8782;7682;100;ES;2
54453;1;698;6654;9334;6716;100;PP;1
54453;1;836;8153;7622;9417;102;ES;3
54453;1;943;9386;8153;7622;102;ES;3
54453;2;614;9395;7093;7086;102;ES;1
54453;3;214;7193;7641;7093;102;ES;4
54453;3;721;7193;7093;7196;102;ES;4
54453;3;855;7193;7196;7641;102;ES;3
54454;1;1013;7077;7119;8744;91;PP;1
54454;2;264;7077;7119;7204;91;ES;4
54454;3;190;7119;7077;;91;ES;1
54454;3;423;8744;7764;7077;91;ES;3
54454;3;591;7204;7119;8744;91;ES;1
54454;3;986;7645;8298;7162;91;PP;3
54454;3;1155;7082;7077;8744;91;ES;3
54455;1;854;7185;7140;6720;88;PP;2
54455;1;1181;7186;6621;7707;88;ES;3
54455;2;240;6709;6720;;88;ES;2
54455;2;626;6662;7185;;88;ES;2
54455;2;769;7092;7658;;85;SH;3
54455;3;923;9435;7185;;88;ES;4
54456;1;556;8727;7669;7623;87;ES;4
54456;1;1182;7626;7679;7180;98;ES;2
54456;2;1144;6629;9308;7169;87;ES;1
54456;3;461;7663;7151;7776;98;ES;4
54456;3;957;7180;8829;6724;98;ES;4
54456;3;969;9370;8829;6724;98;ES;3
54457;1;405;7106;7130;9345;90;ES;3
54457;1;874;9248;7085;7636;103;ES;2
54457;1;987;8208;6631;7187;103;ES;2
54457;1;1188;6608;7208;;103;ES;1
54457;3;440;9345;9385;7676;90;ES;3
54457;3;579;7208;6650;7085;103;PP;3
54457;3;956;6666;7223;7137;90;PP;2
54458;1;656;7771;7184;6690;104;ES;4
54458;1;1052;6679;7156;;101;ES;3
54458;1;1181;8267;7160;7696;101;ES;3
54458;2;65;5975;9427;7174;104;ES;3
54458;2;545;7084;7184;6619;104;ES;2
54458;3;840;6572;9346;6619;104;ES;3
54458;3;879;5975;7181;7174;104;ES;2
54458;3;1073;6619;6690;6572;104;ES;2
54458;3;1117;7677;7181;;104;ES;3
54459;1;172;8262;8276;8781;93;ES;1
54459;1;953;7165;6587;7122;93;ES;1
54459;2;601;7223;7757;6666;90;ES;3
54459;2;693;7223;7137;7130;90;PP;2
54459;2;957;7600;7122;7165;93;ES;3
54459;3;127;6587;7165;7122;93;ES;1
54459;3;599;7633;7074;9448;93;ES;3
54459;3;682;9448;8265;7177;93;ES;1
54460;1;104;8751;7221;;89;ES;2
54460;1;604;6728;;7105;89;ES;1
54460;2;1137;7135;7157;8321;94;ES;1
54460;2;1158;9340;7105;6728;89;ES;2
54460;2;1180;6639;7135;8723;94;ES;4
54460;3;364;9383;8751;;89;ES;3
54460;3;805;7135;9433;;94;ES;4
54460;3;969;7105;6728;9340;89;ES;2
54460;3;1188;6728;9340;7105;89;PP;3
54461;1;465;6716;9376;6654;100;ES;3
54461;1;486;6677;8744;;91;PP;3
54461;1;1105;6716;9380;9334;100;PP;4
54461;2;128;7204;6677;7077;91;ES;4
54461;2;792;7779;6654;9380;100;ES;1
54461;3;269;9376;9334;6716;100;PP;1
54461;3;913;9334;7076;8336;100;ES;2
54462;1;99;9346;9388;7727;104;ES;3
54462;1;441;5975;6619;;104;ES;3
54462;1;1050;7088;8274;9306;97;ES;2
54462;2;195;7771;6619;7184;104;ES;4
54462;2;585;7743;8270;7586;97;ES;4
54462;2;708;9427;7174;;104;ES;1
54462;2;810;7182;9306;;97;ES;1
54462;3;496;8210;7210;7705;97;ES;3
54462;3;870;8270;9306;7705;97;ES;2
54462;3;928;9346;5975;;104;PP;4
54462;OT1;235;5975;6619;6572;104;ES;1
54463;1;893;6597;8790;7703;85;ES;2
54463;1;928;7213;7742;6597;85;ES;4
54463;1;1097;7153;7742;8315;85;ES;2
54463;2;165;8789;7176;7213;85;PP;3
54463;2;397;6639;7135;7212;94;ES;3
54463;2;418;7108;8302;7212;94;ES;3
54463;2;769;8790;7092;7742;85;PP;4
54463;2;1196;7157;7135;6639;94;ES;3
54463;3;517;7190;8789;7176;85;ES;1
54463;3;829;6597;6703;7213;85;ES;1
54464;1;254;7688;7691;;95;ES;1
54464;1;369;7188;6679;7696;101;ES;2
54464;1;484;7768;7099;7138;95;PP;3
54464;1;575;7696;7160;8267;101;ES;3
54464;1;729;7121;7738;7099;95;ES;3
54464;1;920;7209;7099;7138;95;ES;3
54464;2;712;7699;7688;;95;ES;3
54464;3;207;7167;6679;7160;101;ES;3
54464;3;306;7121;6582;7768;95;ES;1
54464;3;1074;6679;6681;;101;ES;2
54465;2;41;9316;8851;6574;92;ES;3
54465;3;324;7639;8235;;92;ES;1
54465;3;431;7679;7180;;98;ES;1
54465;3;541;6574;9316;7693;92;ES;3
54465;3;928;7626;8155;7217;98;ES;4
54465;3;1192;8859;9374;7643;92;ES;2
54466;1;461;7223;6666;;90;PP;2
54466;2;277;7223;7130;;90;ES;1
54466;2;1030;7140;6621;7185;88;PP;3
54466;2;1049;7223;8217;;90;ES;1
54466;2;1187;6720;7185;6621;88;PP;1
54466;3;54;6621;6662;9435;88;ES;1
54466;3;213;8722;7137;;90;ES;3
54466;3;705;7216;6621;7186;88;ES;3
54466;3;897;7079;6621;7186;88;ES;4
54466;3;923;7216;7186;6621;88;ES;3
54467;1;244;8275;7133;7136;96;ES;3
54467;1;773;9308;6600;6629;87;PP;2
54467;1;892;6576;6647;6588;96;PP;1
54467;2;170;7136;8218;9377;96;ES;4
54467;2;539;6576;6588;;96;ES;1
54467;2;767;6576;6588;7739;96;ES;2
54467;3;426;9308;6600;7169;87;PP;4
54468;1;186;6607;9382;8164;86;ES;4
54468;1;1089;6705;6607;9382;86;PP;4
54468;2;533;7711;9443;;99;ES;1
54468;2;557;7101;7766;;99;ES;1
54468;2;891;7101;7201;7107;99;SH;4
54468;2;1082;6705;7205;7754;86;SH;4
54468;2;1100;7101;7766;6702;99;PP;3
54468;3;339;6705;7754;;86;SH;2
54468;3;375;7101;6702;9443;99;PP;3
54469;1;506;9278;7085;7195;103;ES;1
54469;1;1027;7095;;;103;ES;3
54469;2;17;7187;7208;;103;ES;4
54469;2;612;8696;7641;7670;102;ES;2
54469;3;826;9417;7780;;102;ES;3
54470;1;16;7718;7105;6728;89;ES;1
54470;1;98;6728;9340;7105;89;ES;3
54470;1;113;7659;7633;7177;93;ES;3
54470;1;311;7177;9448;7633;93;ES;3
54470;1;440;7624;9383;8324;89;ES;3
54470;1;511;7633;7177;8680;93;ES;3
54470;1;779;6728;7105;9383;89;PP;3
54470;2;133;8324;9383;7624;89;ES;1
54470;2;850;9448;7600;6587;93;ES;1
54470;2;1101;6587;;7165;93;PP;3
54470;3;838;7177;9448;;93;ES;3
54471;1;946;7679;7154;7626;98;ES;1
54471;2;301;7699;6582;7688;95;ES;2
54471;2;709;7209;7099;6644;95;PP;3
54471;3;306;7151;7626;7681;98;ES;4
54471;3;752;6582;7209;7138;95;PP;2
54471;3;894;7699;7691;;95;ES;3
54472;1;213;8260;7082;8841;91;ES;3
54472;1;472;7162;7077;7119;91;PP;1
54472;1;842;7174;6572;9427;104;PP;2
54472;2;123;7077;6677;8744;91;PP;1
54472;2;552;8744;6677;7077;91;ES;1
54472;2;713;9408;8298;7119;91;ES;3
54472;2;1163;5975;7174;7181;104;ES;4
54472;3;302;5975;9427;;104;PP;3
54472;3;562;9427;9346;7181;104;PP;2
54472;3;794;5975;9346;7181;104;PP;3
54472;3;1007;9346;6690;5975;104;PP;4
54472;3;1036;8303;7674;7082;91;ES;1
54472;OT1;29;6619;8330;8316;104;ES;3
54473;1;283;6720;7186;6709;88;PP;2
54473;1;942;7185;6720;;88;SH;3
54473;1;1108;9382;6607;6705;86;PP;3
54473;2;221;6621;6709;;88;PP;1
54473;2;801;9382;7754;;86;PP;1
54473;3;141;7205;7754;;86;SH;1
54473;3;175;7186;6621;6720;88;PP;4
54473;3;289;7647;8164;7205;86;ES;4
54473;3;556;7205;8164;7647;86;ES;4
54474;1;108;6666;7676;7223;90;ES;2
54474;1;293;6666;7137;9385;90;ES;3
54474;1;325;7223;6666;;90;PP;1
54474;1;729;6666;7223;7137;90;PP;3
54474;2;270;7685;8282;8217;90;PP;2
54474;2;296;7088;8274;7210;97;ES;3
54474;2;820;7130;6666;;90;PP;1
54474;2;1015;7137;9385;;90;ES;3
54474;3;246;9306;8207;7182;97;PP;3
54474;3;354;7223;8722;6666;90;ES;3
54474;3;362;7223;6666;9345;90;ES;4
54474;3;669;7223;6666;7676;90;ES;1
54474;3;886;7743;8270;;97;ES;2
54474;3;1185;7743;7559;7210;97;ES;3
54475;1;754;6595;7725;7774;94;ES;3
54475;1;1085;8285;7671;7108;94;ES;1
54475;2;516;7108;8261;;94;ES;3
54475;2;846;9375;7720;7169;87;ES;4
54475;3;184;9368;6600;7697;87;ES;3
54475;3;236;6639;7135;7108;94;PP;4
54475;3;561;7655;9368;7697;87;ES;1
54475;3;673;6629;9308;7720;87;PP;3
54476;1;304;6614;6591;7736;99;ES;4
54476;1;428;6591;7107;;99;ES;3
54476;1;890;8235;7639;7640;92;ES;3
54476;2;429;9443;6614;7201;99;ES;2
54476;2;1036;7201;6657;7766;99;ES;1
54476;3;744;8859;7113;;92;ES;4
54476;3;772;7643;9316;;92;ES;3
54477;1;931;7191;7187;7208;103;ES;4
54477;2;383;7085;7195;6608;103;ES;3
54477;2;649;7191;7085;7636;103;PP;3
54477;2;1131;6716;9376;9334;100;PP;2
54477;3;75;7187;7191;8671;103;ES;3
54477;3;290;7629;7095;6650;103;PP;1
54477;3;812;9334;8683;8279;100;ES;3
54477;3;922;9334;7076;;100;ES;2
54477;3;1165;9250;7709;7095;103;ES, ENG;1
54478;1;622;8315;7161;7213;85;ES;2
54478;1;756;6703;8315;7176;85;PP;1
54478;2;230;7213;6703;8315;85;ES;2
54478;2;366;8789;7662;;85;ES;2
54478;2;456;7190;7092;7213;85;ES;1
54478;2;717;6703;7176;8315;85;PP;2
54478;2;777;6647;7192;6659;96;ES;1
54478;3;299;6576;6647;9373;96;PP;3
54479;1;805;6650;7191;7195;103;PP;3
54479;1;1053;7629;7636;6650;103;ES;2
54479;2;373;8841;8744;6677;91;PP;1
54479;2;778;7082;6677;7077;91;PP;2
54479;2;797;8303;7764;7119;91;ES;4
54479;3;317;7208;7191;6650;103;PP;3
54479;3;835;8744;7077;7674;91;ES;1
54480;1;1045;6679;7604;;101;PP;2
54480;2;498;9386;7622;8772;102;ES;3
54480;2;1137;7719;7086;7093;102;PP;3
54480;3;630;6681;7160;6679;101;ES;2
54481;1;78;9376;6654;9380;100;PP;2
54481;1;1082;6681;6679;;101;PP;3
54481;1;1181;6679;7144;7777;101;ES;4
54481;2;34;7708;6716;6654;100;ES;1
54481;2;151;6681;7777;7160;101;PP;4
54481;2;330;6681;6679;7777;101;PP;4
54481;2;382;7751;7589;8267;101;ES;1
54481;2;445;9376;7708;6716;100;ES;1
54481;2;617;7751;7602;7128;101;ES;4
54481;2;913;7777;7604;7589;101;ES;4
54481;3;583;6654;7694;8782;100;ES;3
54481;3;1184;6716;9334;9376;100;PP;3
54482;1;916;7641;8243;7193;102;ES;2
54482;2;155;9443;9439;7711;99;ES;3
54482;2;484;9395;7780;7719;102;PP;2
54482;2;501;7201;7711;6614;99;ES;2
54482;2;516;7101;6702;;99;PP;2
54482;2;900;8243;7193;7712;102;ES;1
54482;2;1088;7670;7719;9417;102;PP;2
54482;2;1165;7101;7107;7710;99;ES;3
54482;OT1;41;7719;7093;7196;102;ES;1
54483;1;36;7157;7135;6639;94;ES;4
54483;1;162;8324;7660;7105;89;PP;3
54483;2;961;7660;9383;7653;89;ES;1
54483;3;65;7157;7135;6639;94;PP;2
54483;3;457;8324;7105;9340;89;ES;4
54483;3;661;7230;7660;;89;ES;1
54483;3;1004;7725;7774;7734;94;ES;4
54483;3;1075;7108;6595;;94;ES;3
54484;2;62;6619;6690;5975;104;SH;4
54484;2;704;7174;5975;9388;104;ES;3
54484;2;845;7112;7151;;98;SH;3
54484;2;1036;7679;6724;7151;98;PP;2
54484;OT1;266;9346;6572;7174;104;ES;4
54485;1;68;7195;7085;7636;103;ES;3
54485;1;549;7636;7095;6608;103;ES;3
54485;2;1108;7095;7636;7187;103;PP;2
54485;2;1179;9278;7085;7195;103;ES;1
54485;3;244;9365;9306;7088;97;PP;1
54485;3;567;9365;7210;7088;97;PP;2
54486;1;276;6597;7190;;85;ES;2
54486;1;398;9381;6705;6607;86;PP;3
54486;1;1177;6607;8164;9382;86;ES;3
54486;2;59;7656;7158;9337;86;PP;4
54486;2;232;9381;9337;7647;86;ES;1
54486;2;898;9382;6607;7656;86;ES;3
54486;3;854;7647;9337;7203;86;ES;2
54486;3;1127;7742;8315;6703;85;PP;3
54487;1;54;7201;6614;7101;99;ES;3
54487;1;142;7201;7101;6657;99;ES;1
54487;1;568;7101;9443;9439;99;ES;3
54487;1;958;6591;6657;7201;99;ES;1
54487;2;134;7766;7101;;99;PP;3
54487;2;196;7668;6647;9377;96;ES;4
54487;2;221;6657;7101;9263;99;ES;2
54487;2;282;6659;9373;7739;96;ES;4
54487;2;793;6614;7101;6657;99;ES;1
54487;2;998;6659;8275;7739;96;ES;4
54487;2;1065;6588;7704;7192;96;ES;2
54488;1;999;7768;7099;7138;95;ES;3
54488;2;188;6574;7702;9316;92;PP;4
54488;2;554;7688;9251;7691;95;ES;4
54488;2;1026;7642;8226;7121;95;ES;3
54488;2;1059;6574;7113;9316;92;ES;3
54488;3;282;9316;6574;9374;92;PP;1
54488;3;349;7121;6644;;95;SH;4
54488;3;394;7113;8197;9316;92;PP;4
54488;3;585;7099;7121;;95;PP;2
54489;1;907;7186;7689;7216;88;ES;2
54489;2;568;9308;6629;7169;87;ES;1
54489;3;133;7183;9293;6720;88;ES;2
54489;3;904;7185;8682;;88;ES;4
54489;3;1174;8682;6709;6662;88;ES, ENG;1
54490;1;154;7193;7134;7093;102;ES;4
54490;1;382;9376;9380;9334;100;PP;1
54490;1;495;7093;7196;7086;102;ES;2
54490;1;1111;9395;9417;;102;ES;1
54490;2;585;7123;7708;7682;100;PP;3
54490;2;1092;6716;7708;9376;100;ES;3
54491;2;318;6679;7604;6681;101;PP;1
54491;2;972;8190;9414;7128;101;PP;4
54491;3;255;7696;8886;7160;101;ES;2
54491;3;660;7105;9340;;89;PP;1
54491;3;783;9383;6728;;89;PP;1
54491;3;1007;7602;9414;;101;ES;4
54491;3;1088;7589;8267;7128;101;ES;4
54492;1;488;7177;9448;7600;93;ES;4
54492;1;1132;8744;7162;6677;91;ES;3
54492;2;267;7204;8765;8744;91;ES;3
54492;2;314;7074;7177;;93;ES;1
54492;2;352;7204;8303;7764;91;ES;4
54492;2;497;8744;7077;;91;PP;2
54492;2;539;7119;7674;7645;91;ES;1
54492;2;676;7077;8744;6677;91;ES;3
54492;2;754;7177;7165;;93;PP;1
54493;1;383;7208;7191;7195;103;PP;3
54493;2;179;7191;7208;;103;PP;1
54493;3;486;7679;7217;7663;98;PP;1
54493;3;830;6608;7636;;103;ES;3
54494;1;254;7559;7182;;97;SH;4
54494;1;268;7742;6597;7176;85;PP;2
54494;1;456;7088;9365;7210;97;PP;3
54494;1;1183;7742;7153;7213;85;ES;1
54494;1;1190;9306;9365;7559;97;ES;4
54494;2;171;6703;8315;;85;ES;1
54494;3;912;7742;7207;6597;85;ES;3
54495;1;186;6621;6720;7730;88;ES;4
54495;1;288;7216;7186;;88;ES;4
54495;2;275;6574;9316;7113;92;ES;1
54495;2;919;7730;6709;7185;88;PP;3
54496;1;204;7106;9345;7223;90;ES;1
54496;1;464;7181;6690;9427;104;ES;4
54496;1;776;6690;7727;7181;104;ES;2
54496;2;341;6666;7744;7223;90;PP;3
54496;2;397;7744;9385;;90;ES;3
54496;2;643;6666;7223;7744;90;PP;2
54496;2;879;9346;6619;;104;ES;1
54496;2;991;9427;6690;6572;104;ES;4
54497;1;1093;6654;7694;8336;100;ES;2
54497;2;73;9263;7101;6657;99;ES;1
54497;2;415;6716;7708;9376;100;ES;3
54497;2;544;6702;6614;7766;99;PP;3
54497;3;650;7076;9334;6716;100;ES;2
54497;3;886;6657;8248;7101;99;ES;4
54497;3;1110;8289;7076;;100;ES;4
54498;1;134;8267;6681;9414;101;ES;1
54498;1;480;6681;9414;;101;ES;1
54498;1;884;6681;6679;9414;101;ES;1
54498;2;228;7165;9448;7177;93;ES;3
54498;2;400;6587;7177;7165;93;PP;3
54498;2;897;7122;7165;8697;93;ES;3
54498;OT1;23;7726;7144;8267;101;PP;3
54499;1;440;7768;7099;;95;ES;3
54499;1;725;7656;7205;6607;86;ES;2
54499;1;990;6607;9382;7649;86;PP;3
54499;2;866;7768;7168;;95;ES;1
54499;3;303;7099;7209;7138;95;ES;3
54499;3;411;7099;7209;6644;95;ES;4
54499;3;763;8226;7099;7209;95;ES;1
54499;3;790;6582;7121;7768;95;ES;4
54499;3;1080;9382;6607;7649;86;ES;3
54499;3;1145;7768;7121;;95;ES;3
54500;1;37;6690;7174;;104;ES;1
54500;1;236;6588;6576;;96;PP;2
54500;1;279;7184;9346;;104;ES;1
54500;1;353;7704;6588;7739;96;ES;1
54500;1;504;6619;8330;7174;104;SH;3
54500;1;1018;9427;6572;9388;104;ES;2
54500;2;208;6576;6588;7739;96;ES;3
54500;2;870;8218;6659;9377;96;ES;4
54500;3;1058;9427;7174;;104;ES;1
54501;1;5;7093;7193;;102;ES;4
54501;1;128;7193;8225;7670;102;ES;3
54501;1;218;7093;9395;;102;SH;1
54501;1;287;6574;9316;9374;92;ES;1
54501;2;177;7719;9417;7086;102;PP;3
54501;2;989;7086;7719;;102;PP;1
54501;3;109;9417;8696;7780;102;ES;2
54501;3;460;7641;7093;7196;102;ES;1
54501;3;584;7640;6574;7113;92;ES;2
54501;3;730;9395;7196;7093;102;ES;3
54502;1;1044;9365;;;97;PP;4
54502;1;1079;7655;7169;9375;87;SH;4
54502;1;1162;9375;9308;6629;87;SH;3
54502;2;358;7169;6600;9308;87;PP;4
54502;2;1055;7088;9306;9365;97;ES;4
54502;3;787;7150;8195;7634;87;ES;2
54502;3;1187;7697;9375;9308;87;ES, ENG;1
54503;1;688;7204;8329;7162;91;ES;4
54503;2;142;7645;8298;7119;91;PP;3
54503;2;375;8744;7204;7764;91;ES;2
54503;2;740;7105;8673;9340;89;ES;3
54503;2;819;7653;7221;7624;89;ES;3
54503;3;655;8744;7077;;91;ES;1
54503;3;780;7105;6728;;89;ES;3
54503;3;793;9340;7105;8673;89;ES;1
54503;3;823;7204;7645;8298;91;ES;3
54503;3;1023;7162;7082;8744;91;ES;3
54503;3;1161;7082;7162;8260;91;ES, ENG;3
55119;1;11;6666;7137;7223;90;ES;2
55119;1;157;9395;7670;9386;102;PP;3
55119;1;913;6666;7676;7744;90;PP;3
55119;1;1002;7196;7193;7719;102;ES;3
55119;2;689;6666;7137;7223;90;ES;1
55119;2;705;7134;7196;8282;102;ES;1
55119;OT1;20;7196;9386;7093;102;ES;1
55121;1;80;7216;6705;;86;PP;1
55121;2;394;7647;6705;;86;PP;1
55121;3;260;7216;9382;9252;86;SH;1
55121;3;323;8302;7725;7135;94;PP;3
55121;3;414;9382;6607;7205;86;ES;3
55121;3;1098;7671;9433;;94;ES;2
55123;1;826;7105;6728;9340;89;PP;3
55123;1;948;7718;6728;7624;89;ES;4
55123;1;1135;7105;8335;9340;89;ES;1
55123;1;1142;7221;7718;;89;ES;2
55123;2;14;7660;9340;;89;ES;1
55123;2;805;7082;6677;7077;91;PP;2
55123;2;840;7624;6728;;89;ES;1
55123;2;1014;7105;7718;7660;89;ES;4
55123;3;675;8744;7082;7204;91;PP;4
55125;1;753;7195;9278;7085;103;ES;2
55125;1;983;7177;7659;9448;93;ES;1
55125;2;116;8697;7165;6587;93;ES;3
55125;2;575;7191;7085;;103;ES;2
55125;2;1177;6587;7177;7074;93;PP;1
55125;3;910;7208;7191;;103;ES;1
55125;3;933;7208;6608;7187;103;ES;1
55125;3;1191;7208;7631;;103;ES, ENG;1
55127;1;355;6679;6681;;101;ES;2
55127;1;1051;7188;7604;6679;101;PP;4
55127;2;24;9334;7708;7123;100;ES;3
55127;3;271;8289;9376;6716;100;PP;3
55127;3;424;7696;8190;;101;ES;1
55127;3;562;6681;6679;;101;ES;3
55127;3;766;6716;6654;;100;PP;4
55127;3;1168;7167;8190;;101;ES, ENG;1
55129;1;690;9346;6690;9427;104;PP;4
55129;1;998;7099;6582;;95;ES;3
55129;2;899;6572;9346;;104;ES;3
55129;3;642;9427;7084;5975;104;ES;3
55129;3;813;7121;7768;;95;ES;3
55131;1;148;6709;;;88;ES;1
55131;1;927;8682;7185;6621;88;ES;2
55131;1;1069;6709;7079;;88;ES;3
55131;2;370;7186;9304;7707;88;PP;1
55131;2;411;7185;7730;7186;88;ES;4
55131;3;164;6576;6647;7192;96;PP;4
55131;3;357;7707;7079;7183;88;ES;4
55131;3;1152;7186;6621;7689;88;PP;1
55133;1;125;7655;7169;7697;87;PP;3
55133;2;174;7634;6629;;87;ES;1
55133;2;688;7086;9375;9308;87;PP;2
55133;2;1059;6657;6702;;99;PP;3
55135;1;178;7113;7639;9374;92;PP;3
55135;1;474;7180;7679;7626;98;ES;1
55135;1;1022;6574;8197;7643;92;ES;2
55135;1;1153;8846;7690;7663;98;ES;1
55135;2;36;8846;7681;7663;98;ES;3
55135;2;409;9316;6574;7702;92;PP;3
55135;2;647;7679;9370;;98;ES;3
55135;2;1036;7663;7690;;98;ES;1
55135;3;1021;7217;7180;6724;98;PP;3
55137;2;1100;7153;6703;;85;ES;1
55137;3;734;8192;8229;7182;97;ES;3
55139;1;62;9346;9427;6690;104;PP;3
55139;1;500;7681;7679;7151;98;ES;3
55139;1;538;7174;7084;6690;104;PP;3
55139;1;751;7181;6690;5975;104;ES;1
55139;2;219;7681;7112;7217;98;ES;2
55139;2;669;6690;5975;;104;ES;2
55139;2;1197;7174;7737;7184;104;PP;2
55139;3;303;6572;7084;5975;104;SH;4
55139;3;361;7776;7151;;98;ES;3
55139;3;667;9427;7174;5975;104;ES;4
55141;2;918;6679;7777;7751;101;ES;4
55141;2;1144;7099;7209;;95;ES;2
55141;3;423;6679;6681;7777;101;ES;3
55141;3;1007;6679;6681;;101;ES;2
55141;3;1036;7209;6582;7099;95;PP;3
55143;1;109;7106;9345;8722;90;ES;3
55143;1;731;6641;7223;;90;ES;1
55143;1;1066;6666;7744;;90;PP;1
55143;1;1103;9383;6728;7105;89;PP;2
55143;2;136;7772;7750;;89;ES;2
55143;2;192;9345;7106;;90;ES;1
55143;2;783;6728;9340;9383;89;PP;2
55143;2;842;9385;7106;6641;90;ES;3
55143;3;148;7757;9385;6641;90;ES;2
55143;3;365;6641;6666;8675;90;PP;1
55143;3;574;7744;6641;6666;90;PP;3
55143;3;617;7221;7653;;89;ES;4
55145;1;274;7766;6702;6591;99;PP;4
55145;1;494;7766;7101;7201;99;ES;3
55145;1;556;9334;7123;8289;100;ES;3
55145;1;693;6657;6591;6702;99;ES;1
55145;2;31;7123;9334;6654;100;ES;2
55145;2;95;6702;6591;6614;99;ES;4
55145;2;315;9376;6716;7708;100;ES;3
55145;2;938;6702;7201;7766;99;PP;3
55145;3;713;8289;8683;7123;100;ES;2
55145;3;887;7682;6716;9334;100;PP;3
55147;1;301;6576;6588;;96;PP;2
55147;1;342;9377;7668;7739;96;PP;3
55147;2;55;6659;9373;7739;96;ES;3
55147;2;1111;9337;7754;6705;86;ES;2
55147;3;363;9337;6705;;86;ES;1
55147;3;1139;7754;9337;8164;86;ES;4
55149;1;501;7730;6621;7140;88;ES;3
55149;1;555;7140;7730;9304;88;ES;2
55149;1;675;6608;7195;7085;103;ES;4
55149;2;680;9435;7186;7185;88;ES;4
55149;3;329;6709;6720;6621;88;ES;3
55149;3;459;6720;7079;6621;88;ES;4
55149;3;1099;6662;6709;7689;88;ES;3
55151;1;928;7670;9386;7712;102;ES;3
55151;2;191;7093;9395;7134;102;ES;1
55151;2;312;7633;9448;6587;93;ES;3
55151;2;427;7093;7193;7719;102;ES;4
55151;2;739;7780;7712;9395;102;ES;1
55151;3;200;7165;6587;7074;93;ES;4
55153;1;151;7157;7725;7212;94;ES;3
55153;1;262;8321;7734;;94;ES;2
55153;1;520;8250;6597;8256;85;ES;3
55153;1;993;7742;6597;7176;85;PP;3
55153;2;771;7671;8261;7774;94;ES;1
55153;2;931;7213;6703;;85;ES;1
55153;2;958;7774;9433;;94;ES;3
55153;3;232;8137;7742;8718;85;ES;1
55153;3;771;7176;6703;7213;85;ES;3
55155;1;30;8744;7077;6677;91;ES;2
55155;1;181;6677;8744;7077;91;PP;3
55155;1;279;7086;6629;6600;87;ES;3
55155;2;26;9308;7169;7720;87;ES;2
55155;2;262;6600;9308;7169;87;PP;3
55155;2;649;7169;9308;;87;ES;1
55155;2;745;7086;9308;7169;87;PP;3
55155;3;32;6677;8342;;91;ES;1
55155;3;531;8744;7162;7077;91;ES;4
55157;1;126;9316;9374;7639;92;ES;3
55157;1;243;7088;8229;9306;97;ES;1
55157;1;535;7113;7643;8859;92;ES;1
55157;2;89;8207;9306;7088;97;ES;3
55157;2;936;7088;9306;7210;97;PP;2
55157;2;1000;8274;7743;7673;97;PP;3
55157;2;1079;9306;7088;;97;ES;2
55157;2;1195;7088;9306;7182;97;ES;3
55157;3;200;9306;8229;;97;ES;2
55157;3;309;9306;7210;7088;97;ES;2
55157;3;454;7702;6574;9316;92;PP;2
55157;3;691;8229;9306;8270;97;ES;2
55157;3;698;7210;8229;9306;97;ES;4
55159;1;118;7182;9306;8229;97;PP;3
55159;1;454;8207;8274;9306;97;ES;1
55159;1;497;7673;7559;8207;97;ES;2
55159;1;1135;7670;9417;7134;102;ES;3
55159;2;92;7196;7193;;102;ES;3
55159;2;743;7719;9417;7670;102;PP;3
55159;3;370;7134;7196;7719;102;ES;2
55159;3;479;7673;7743;8207;97;ES;1
55159;3;1029;7719;7196;7193;102;ES;1
55161;1;207;7684;8197;8800;92;ES;4
55161;1;508;7122;7165;6587;93;ES;1
55161;1;1116;7702;9316;7693;92;ES;3
55161;1;1188;8781;7177;9448;93;ES;1
55161;2;62;9316;7693;7702;92;ES;3
55161;3;957;7074;7165;6587;93;PP;4
55163;1;713;7195;7208;7085;103;ES;1
55163;2;192;9251;7691;7121;95;ES;3
55163;2;403;7209;7099;;95;PP;1
55163;2;609;7099;7138;7209;95;ES;2
55163;2;798;7099;7138;7209;95;PP;1
55163;2;847;9248;7085;;103;ES;1
55163;3;722;7209;6644;7099;95;PP;4
55165;1;1088;6690;9346;6572;104;ES;2
55165;2;377;7181;8330;7677;104;ES;4
55165;2;506;7174;;;104;ES;3
55165;2;1012;7174;6572;;104;PP;3
55165;3;189;5975;9427;7174;104;ES;4
55165;3;318;7679;7180;8198;98;ES;3
55165;3;355;9346;7727;6572;104;ES;3
55165;3;777;6572;7727;9346;104;ES;1
55165;3;1012;9427;5975;;104;ES;1
55167;1;499;7704;7192;6659;96;PP;4
55167;2;699;7133;7189;;96;ES;2
55167;2;1026;7739;7704;9373;96;ES;2
55167;3;306;6659;9373;7739;96;ES;2
55167;3;329;9373;7739;;96;ES;1
55167;3;585;9373;6659;7739;96;ES;3
55167;3;1006;6659;7192;8234;96;ES;1
55169;2;227;7201;7736;;99;PP;4
55169;2;603;9439;8219;;99;ES;1
55169;2;826;7223;6666;7137;90;ES;3
55169;2;1043;6666;7223;7744;90;PP;2
55169;3;695;7744;6666;;90;PP;2
55169;3;1186;9263;9439;6614;99;SH;4
55171;1;657;8682;9435;6720;88;PP;1
55171;1;809;6654;7694;7779;100;ES;1
55171;1;1000;7185;9435;6709;88;ES;3
55171;1;1161;6720;6662;6709;88;ES;4
55171;2;707;6709;7158;;88;ES;4
55171;3;399;7707;7186;7689;88;ES;1
55171;3;794;7123;9334;8310;100;ES;4
55173;1;385;6597;8256;7092;85;ES;3
55173;1;1166;8744;7674;6677;91;ES;2
55173;2;410;7742;7213;7658;85;ES;1
55173;3;801;7077;7082;8744;91;ES;4
55173;3;1187;7213;7742;6703;85;PP;3
55175;1;1013;7216;9382;6705;86;ES;3
55175;1;1058;8751;7105;6728;89;ES;3
55175;2;343;7647;7701;7656;86;ES;3
55175;3;506;6607;6705;7647;86;PP;1
55177;1;514;7135;7725;6639;94;ES;3
55177;1;1012;7135;7212;;94;PP;4
55177;2;75;6639;7108;7725;94;PP;3
55177;2;305;6595;8227;;94;ES;2
55177;2;421;8190;7160;7188;101;PP;3
55177;2;657;7777;7160;7144;101;PP;3
55177;3;187;7777;6679;;101;ES;4
55177;3;333;8321;8876;7135;94;ES;3
55177;3;355;7725;7135;7212;94;PP;1
55177;3;846;7671;6595;;94;ES;3
55177;3;1093;7144;6679;7777;101;PP;3
55179;1;700;7643;7113;8905;92;PP;3
55179;1;1073;7643;9374;7702;92;ES;3
55179;2;203;9370;8198;7679;98;ES;2
55179;2;391;9316;7625;;92;ES;4
55179;3;621;7776;6724;;98;PP;4
55181;1;230;7641;7780;;102;ES;1
55181;1;876;7193;7670;;102;ES;3
55181;1;915;9386;7093;7134;102;ES;3
55181;1;1046;7135;7108;;94;ES;2
55181;2;264;8282;7670;;102;ES;2
55181;2;388;7725;7135;6639;94;ES;2
55181;2;404;7734;7725;8723;94;ES;1
55181;2;432;7641;7712;;102;ES;4
55181;2;588;7108;7212;6639;94;PP;1
55181;3;439;7774;8302;6595;94;ES;1
55183;1;939;6677;7204;8744;91;ES;3
55183;2;280;9408;7077;8744;91;ES;3
55183;2;412;8274;8326;7210;97;ES;2
55183;2;931;7210;7714;;97;ES;4
55183;3;467;8210;7705;7182;97;ES;1
55183;3;971;7765;8303;7204;91;ES;3
55183;3;1075;8744;7077;7119;91;ES;3
55185;1;220;6705;7754;7647;86;ES;3
55185;1;456;7216;9337;;86;ES;3
55185;1;1063;9448;7074;;93;ES;1
55185;2;64;6607;7701;9382;86;ES;2
55185;2;356;6587;7165;7074;93;PP;3
55185;2;564;7074;8262;8276;93;ES;1
55185;2;799;7122;6587;;93;ES;3
55185;3;188;6587;7177;7165;93;PP;2
55185;3;345;7701;7656;6607;86;PP;2
55185;3;504;6607;9382;8293;86;ES;2
55185;3;895;9382;8293;6607;86;ES;4
55185;3;1086;7649;7692;7203;86;ES;3
55185;3;1180;6607;7701;9382;86;ES, ENG;1
55187;1;258;7101;7766;6702;99;PP;3
55187;1;941;6703;7213;7742;85;PP;2
55187;3;422;8315;7141;6597;85;SH;4
55187;3;431;7092;7161;8315;85;SH;4
55187;3;1085;8346;6591;8833;99;ES;3
55189;1;846;6716;6654;9334;100;PP;2
55189;2;228;7708;9376;6716;100;ES;4
55189;2;1120;7727;8307;7728;104;ES;3
55189;3;199;6716;8200;;100;ES;1
55189;3;570;7174;6572;5975;104;PP;1
55191;1;805;6582;7121;7768;95;ES;3
55191;1;832;9368;9308;7086;87;PP;2
55191;2;457;7099;7138;;95;PP;4
55191;3;404;7691;7099;6582;95;ES;1
55191;3;434;9251;7099;7138;95;ES;1
55191;3;468;7691;7099;;95;ES;3
55191;3;558;7209;6582;7099;95;ES;1
55191;3;963;7699;7688;;95;ES;3
55193;1;388;7105;6728;;89;PP;3
55193;1;521;9385;8722;7137;90;ES;3
55193;1;1088;9385;6666;7744;90;PP;3
55193;2;775;8673;7105;6728;89;ES;1
55193;3;308;6641;9345;8217;90;ES;1
55193;3;433;9340;7105;7750;89;ES;3
55193;3;1041;6728;7105;7718;89;PP;3
55193;3;1156;9383;7624;;89;ES, ENG;3
55195;1;175;7183;7140;7689;88;ES;4
55195;1;798;6720;7183;6709;88;PP;3
55195;1;1100;7185;7079;9435;88;ES;3
55195;2;774;7185;9304;;88;ES;1
55195;2;926;7156;6679;;101;PP;1
55195;2;1162;7128;7696;7726;101;ES;3
55195;3;740;7186;7185;6720;88;ES;3
55195;3;853;6709;6662;;88;ES;1
55197;1;40;6631;7191;7208;103;ES;3
55197;1;131;9373;6659;7133;96;ES;3
55197;1;310;7195;6631;;103;ES;1
55197;1;462;7195;6650;7629;103;PP;3
55197;1;549;6631;7085;7187;103;PP;4
55197;1;657;7095;9248;7629;103;ES;3
55197;1;779;7136;7133;9373;96;ES;3
55197;1;900;6631;7191;;103;PP;4
55197;2;129;7187;7191;;103;PP;2
55197;3;473;7195;8208;6608;103;ES;4
55199;1;577;7656;6607;6705;86;ES;3
55199;1;1044;7647;7701;6705;86;PP;2
55199;2;130;7647;7701;;86;PP;2
55199;2;212;7647;7205;7701;86;ES;2
55199;2;249;7656;7701;7647;86;ES;4
55199;2;707;6659;;;96;ES;3
55199;2;1053;7192;7704;6588;96;ES;3
55199;2;1142;7754;7205;9382;86;ES;3
55199;3;295;7647;7205;6705;86;PP;1
55199;3;350;7194;7656;7647;86;ES;3
55199;3;921;6588;7739;;96;PP;3
55199;3;1070;6576;6588;7739;96;PP;2
55201;1;166;8235;9316;7684;92;ES;3
55201;1;377;9306;7210;;97;ES;4
55201;2;312;9306;8270;7182;97;ES;3
55201;2;797;9306;7182;7705;97;ES;3
55201;3;41;7639;8197;9316;92;ES;4
55201;3;420;8272;9306;;97;ES;4
55203;1;150;7208;6650;7191;103;ES;3
55203;1;1039;7742;6703;8137;85;ES;3
55203;2;879;7208;9248;6631;103;ES;1
55203;3;966;7191;7208;6631;103;PP;4
55203;3;1179;7187;7191;7208;103;ES;3
55205;1;145;7082;7683;6677;91;ES;3
55205;1;296;7082;8260;;91;ES;1
55205;1;355;6587;8697;7165;93;ES;3
55205;1;780;6677;7077;;91;ES;3
55205;2;92;8744;7119;7077;91;ES;2
55205;2;798;8671;9448;7165;93;ES;2
55205;3;81;8744;7082;;91;PP;4
55205;3;114;8260;7168;7119;91;ES;1
55205;3;654;6677;8744;7082;91;ES;3
55207;1;97;9334;9376;6716;100;PP;1
55207;1;491;8279;8683;7694;100;ES;3
55207;1;699;8217;8282;9385;90;ES;2
55207;2;328;6716;7076;6654;100;ES;3
55207;2;497;9376;6654;6716;100;ES;1
55207;2;522;7076;6654;6716;100;ES;1
55207;2;981;7779;7708;9334;100;ES;2
55207;3;260;9334;6716;9376;100;PP;3
55207;3;285;7700;9385;7106;90;ES;3
55207;3;472;6666;7744;6641;90;PP;3
55207;3;808;6716;9334;;100;PP;3
55209;1;94;6702;7741;;99;ES;4
55209;2;370;7201;6614;;99;ES;2
55209;2;743;7209;7138;7099;95;PP;3
55209;2;826;6657;8219;;99;SH;3
55209;3;100;6702;7101;7201;99;PP;3
55209;3;618;7768;7099;;95;ES;3
55211;1;1078;6709;6621;;88;ES;2
55211;2;286;9386;7670;7093;102;PP;3
55211;2;589;7622;7712;7641;102;ES;3
55211;3;653;7134;7193;7196;102;ES;4
55211;3;870;7186;7185;6621;88;ES;3
55211;3;1116;7193;7093;;102;ES;3
55213;1;558;8321;7734;8261;94;ES;2
55213;1;642;7151;8674;8776;98;ES;1
55213;1;785;7671;8227;6595;94;PP;1
55213;1;1047;7626;7679;8198;98;ES;1
55213;3;1159;9370;7180;8776;98;ES;1
55215;1;406;8190;7589;7144;101;ES;4
55215;1;912;9308;7086;;87;PP;3
55215;2;276;8190;7160;8886;101;ES;3
55215;3;100;6600;7086;7651;87;ES;2
55215;3;804;9368;7169;;87;ES;2
55217;1;726;8324;9383;8766;89;ES;3
55217;1;1094;9427;5975;6690;104;ES;1
55217;2;137;7084;7771;9388;104;ES;1
55217;2;372;7771;7109;7184;104;PP;2
55217;2;404;9383;7718;;89;ES;4
55217;3;575;9427;5975;;104;PP;2
55217;3;903;5975;7181;;104;PP;3
55217;3;977;8324;7624;;89;ES;3
55217;3;1100;5975;7084;9346;104;PP;2
55219;1;306;7671;8261;8723;94;ES;4
55219;1;969;7702;7113;7693;92;ES;1
55219;1;1013;7671;8227;;94;ES;3
55219;2;796;7725;7108;7135;94;PP;3
55219;2;894;9433;7671;8227;94;ES;3
55219;3;284;7108;7734;6595;94;ES;2
55219;3;382;9433;8679;8876;94;ES;2
55219;3;585;8876;7725;;94;ES;4
55219;3;980;7725;;;94;ES;2
55219;3;1176;7643;7702;9316;92;PP;3
55221;1;530;6724;7729;9370;98;PP;4
55221;1;947;7690;7151;8198;98;ES;4
55221;1;1112;6724;7690;9370;98;ES;2
55221;2;40;7679;8829;7151;98;SH;3
55221;2;228;7076;6654;7123;100;ES;4
55221;3;90;7708;7682;;100;PP;2
55221;3;126;6654;9334;7076;100;ES;3
55221;3;571;7663;8776;7217;98;ES;4
55223;1;294;7099;7768;;95;ES;3
55223;1;948;7186;7707;6621;88;ES;3
55223;2;12;7099;6582;;95;ES;3
55223;2;108;6709;7158;7183;88;ES;3
55223;3;128;7209;8226;7138;95;ES;1
55223;3;618;7099;7768;;95;ES;3
55223;3;783;6582;6644;7099;95;PP;2
55223;3;1116;7099;6582;7138;95;PP;3
55225;1;294;6705;6607;7205;86;PP;3
55225;1;689;7656;6607;7754;86;PP;1
55225;3;530;7088;9306;7586;97;PP;4
55225;3;1186;7647;7656;7701;86;PP;3
55227;1;151;7141;6703;7742;85;ES;1
55227;1;267;8346;7201;6702;99;PP;1
55227;1;452;6614;6657;;99;ES;3
55227;1;854;7101;6702;8346;99;ES;3
55227;2;927;8315;7153;7644;85;ES;3
55227;3;666;6703;6597;7176;85;PP;3
55229;1;110;7223;6666;;90;ES;1
55229;1;746;8217;6641;8282;90;SH;2
55229;1;886;9427;9346;;104;ES;3
55229;1;1021;5975;7181;9346;104;SH;4
55229;1;1082;9388;9346;9427;104;ES;1
55229;2;38;7106;9345;;90;PP;3
55229;2;301;5975;9346;9427;104;PP;2
55229;2;1027;7084;7174;5975;104;ES;3
55229;3;651;6641;9345;8282;90;ES;3
55229;3;832;7744;7137;;90;PP;2
55231;2;792;7208;7187;6650;103;ES;3
55231;2;799;7633;8680;9448;93;ES;4
55231;2;1127;7187;7085;;103;PP;3
55231;3;58;9278;7095;7085;103;ES;3
55231;3;349;7074;7165;6587;93;PP;2
55231;3;489;7629;7208;7191;103;ES;2
55231;3;788;7187;8208;6608;103;ES;1
55231;3;1003;7177;9448;8697;93;ES;4
55231;3;1186;8888;7085;7629;103;ES, ENG;1
55233;2;390;7641;9395;8153;102;ES;1
55233;3;542;8153;8696;7622;102;ES;1
55235;1;247;6677;7162;8744;91;ES;3
55235;1;922;8744;7077;6677;91;PP;3
55235;1;986;6677;8744;;91;ES;1
55235;2;925;8744;7082;6677;91;ES;3
55235;3;24;6677;8744;7077;91;ES;3
55235;3;284;6659;8218;7133;96;ES;3
55235;3;915;6588;6576;;96;PP;2
55235;3;1043;7077;6677;7764;91;ES;1
55235;3;1109;7077;8744;7764;91;ES;3
55237;1;116;6728;9340;7105;89;ES;1
55237;1;393;7128;7160;7777;101;PP;1
55237;1;1065;6728;7718;9383;89;PP;1
55237;1;1131;6679;8190;6681;101;ES;1
55237;2;94;8324;8335;7624;89;ES;4
55237;2;660;6728;7105;9383;89;PP;3
55237;3;30;7660;6728;7105;89;ES;3
55237;3;582;7696;7128;;101;ES;4
55237;3;671;7772;8300;7660;89;ES;1
55237;3;749;7188;7160;6679;101;ES;3
55237;3;1159;7221;;;89;ES, ENG;1
55239;1;172;7771;7727;;104;PP;2
55239;1;1043;7184;8307;;104;ES;2
55239;2;427;7184;7737;6572;104;ES;3
55239;2;710;7743;7705;9306;97;ES;1
55239;2;1033;9388;9346;6572;104;ES;3
55239;3;679;7174;7184;7181;104;PP;2
55239;3;965;7586;8192;9306;97;PP;1
55241;1;86;7183;9435;7186;88;ES;3
55241;1;348;7160;7188;6679;101;PP;1
55241;1;920;7079;7186;7185;88;ES;4
55241;1;975;7183;6720;6709;88;ES;4
55241;3;586;7185;7158;7707;88;SH;3
55241;3;946;8212;7140;;88;ES;4
55241;3;1023;6709;6662;6720;88;ES;3
55243;1;175;7204;8298;;91;ES;1
55243;1;221;6677;7204;8744;91;ES;4
55243;1;368;7674;7082;6677;91;ES;3
55243;1;1181;7119;7204;8841;91;ES;2
55243;2;402;6705;9337;7205;86;ES;3
55243;3;275;7205;9382;8164;86;ES;1
55243;3;325;7162;7082;8303;91;ES;2
55243;3;456;8744;7077;7204;91;PP;3
55243;3;986;9337;7754;7216;86;ES;2
55245;1;233;6588;9377;7739;96;ES;3
55245;1;266;6659;6647;7704;96;ES;4
55245;2;59;9380;9334;6716;100;ES;1
55245;2;404;7668;6659;7133;96;PP;2
55245;3;755;9334;6716;7076;100;PP;3
55245;3;996;9334;7708;7682;100;ES;2
55245;3;1025;7704;6576;;96;PP;2
55247;1;274;7165;6587;;93;ES;3
55247;1;602;7165;7122;;93;ES;4
55247;1;802;7744;7685;7106;90;ES;3
55247;1;1068;7165;6587;7074;93;PP;2
55247;1;1115;9385;8777;8282;90;ES;3
55247;2;347;7676;9345;7744;90;ES;1
55247;2;435;6587;7600;7122;93;ES;3
55247;3;365;7659;7165;6587;93;PP;3
55247;3;838;9385;8777;8282;90;ES;4
55247;3;1116;6587;7177;7165;93;PP;2
55249;1;105;7725;6595;;94;PP;4
55249;1;804;7101;6591;6614;99;ES;3
55249;2;93;7135;6639;7725;94;PP;2
55249;2;268;6702;7101;;99;PP;3
55249;2;518;8876;8227;7108;94;ES;2
55249;3;1195;6639;7774;7157;94;ES, ENG;1
55251;2;648;9383;7718;6728;89;PP;3
55251;3;337;7221;7105;6728;89;PP;4
55251;3;851;7230;7653;;89;ES;3
55251;3;1017;7217;6724;7663;98;PP;3
55251;3;1194;9340;6728;7105;89;ES, ENG;3
55253;1;935;9278;7208;;103;ES;2
55253;1;1186;8888;7191;7208;103;ES;2
55253;2;112;8315;6703;6597;85;ES;3
55253;2;172;7208;7191;7187;103;ES;3
55253;2;281;7208;7191;7187;103;ES;4
55253;2;331;7709;6608;;103;ES;1
55253;2;505;7631;7187;7191;103;ES;1
55253;2;1104;7095;7636;7208;103;PP;2
55255;1;119;7623;7634;;87;ES;4
55255;1;872;7214;7138;7699;95;ES;2
55255;1;906;7099;8306;;95;ES;2
55255;2;193;9368;6600;9308;87;ES;3
55255;3;424;6629;7086;9368;87;PP;1
55255;3;1006;7768;6582;7138;95;ES;2
55255;3;1183;7169;8338;8699;87;ES;3
55257;1;573;7134;7719;7196;102;PP;3
55257;1;1140;7193;8153;7712;102;ES;3
55257;2;188;7670;7134;9395;102;ES;2
55257;2;709;9417;9395;7093;102;PP;2
55257;2;840;7670;7093;9417;102;PP;3
55257;3;201;7670;7093;7622;102;ES;2
55257;3;415;8696;9386;;102;ES;3
55257;3;461;7196;9395;7134;102;ES;3
55257;3;590;9417;7670;8696;102;ES;3
55257;3;616;9417;8153;7719;102;ES;4
55257;3;756;7196;7193;7719;102;ES;1
55271;2;167;9076;7315;8516;78;ES;4
55271;2;270;6788;9455;7256;78;ES;1
55271;3;713;7393;9399;7354;67;PP;4
55271;3;878;7354;9399;;67;PP;4
55271;3;911;8415;7925;7938;67;PP;2
55271;3;1089;9413;9428;;78;PP;3
55271;OT1;41;9317;8732;7326;67;PP;1
55272;1;172;7830;7839;8915;75;ES;4
55272;1;218;7937;7241;8390;75;ES;2
55272;1;912;7261;9389;7304;66;PP;3
55272;1;923;8362;7846;7784;66;ES;4
55272;2;670;9426;7379;6794;75;ES;1
55272;3;754;9412;7241;7286;75;ES;1
55262;1;449;7400;6848;7291;76;ES;1
55262;1;945;7291;7842;6848;76;ES;1
55262;1;961;7291;7400;7842;76;ES;4
55262;2;305;7862;7355;9456;76;PP;3
55262;2;1110;7355;7338;;76;ES;1
55262;2;1196;9356;7819;7792;76;ES;2
55262;3;337;9390;9456;7338;76;ES;3
55262;3;711;7882;7355;7382;76;ES;3
55262;3;946;7862;9456;7400;76;PP;1
55262;3;1172;6849;7301;;69;PP;2
55365;1;164;9453;7364;;71;ES;1
55365;1;436;7311;7307;;83;ES;3
55365;1;610;7259;7279;9445;83;PP;1
55365;1;1105;7900;9397;6202;71;ES;3
55365;2;337;7845;9437;7843;83;ES;2
55365;3;12;7392;9409;7270;71;PP;3
55365;3;82;9453;7364;;71;ES;3
55365;3;380;7303;9453;6202;71;PP;3
55365;3;418;9044;9437;7311;83;ES;3
55365;3;506;7347;7279;9445;83;PP;2
55365;OT1;99;7352;9445;;83;PP;4
55488;1;400;9421;7822;9400;70;ES;2
55488;1;413;8443;8486;9233;73;ES;4
55488;1;511;9402;7852;9231;70;ES;3
55488;2;14;7924;7788;7803;73;PP;3
55488;2;344;9400;7822;;70;ES;2
55488;2;470;7926;6766;9400;70;ES;3
55488;2;554;8179;7369;;73;ES;4
55488;2;721;7323;9411;7365;70;ES;1
55488;2;880;7323;7365;7336;70;PP;1
55488;2;1073;6766;7336;7926;70;ES;4
55488;2;1191;8179;7861;;73;PP;4
55488;3;1135;7369;8179;8962;73;ES;3
55355;1;442;6840;9364;7817;74;PP;1
55355;1;1077;9364;7817;9393;74;ES;3
55355;2;287;6840;8399;;74;ES;4
55355;2;306;6840;8510;7833;74;ES;3
55355;3;417;7244;6840;;74;ES;4
55355;3;572;9314;6765;9230;84;ES;3
55355;3;954;9364;7817;7244;74;PP;3
55355;3;1107;7399;7956;;74;ES;2
55355;3;1138;7956;7372;7399;74;ES;3
55355;3;1182;9238;7832;9244;84;ES;1
55352;1;653;8741;6751;7353;81;ES;3
55352;2;19;7940;7353;;81;ES;1
55352;3;855;7243;7581;;64;ES;1
55269;1;64;6752;7294;7314;79;ES;3
55269;1;283;6800;8709;9429;65;ES;4
55269;2;853;7343;;;79;ES;1
55269;3;705;9454;7314;7272;79;ES;1
55269;3;1174;8725;9429;;65;PP;3
55383;1;391;6840;7244;7817;74;ES;1
55383;1;913;7326;9317;8732;67;ES;4
55383;2;92;7817;7399;7244;74;PP;2
55383;2;111;7326;8732;;67;ES;4
55383;2;473;7956;6840;7252;74;SH;4
55383;3;491;9364;7372;;74;ES;1
55301;1;31;6849;9352;;69;ES;4
55301;2;474;8445;8359;7863;69;ES;1
55301;2;595;9066;8445;9077;69;ES;4
55301;3;703;7806;6898;8743;63;ES;3
55301;3;1184;9242;8934;8425;69;ES, ENG;3
55277;1;315;7273;7954;7815;68;ES;4
55277;1;577;7323;7330;9411;70;ES;4
55277;1;985;9231;6766;9421;70;ES;1
55277;2;219;7300;7954;7883;68;PP;3
55277;2;836;8740;7273;7312;68;PP;2
55258;1;222;9445;7307;7352;83;PP;3
55258;1;459;7259;7279;7311;83;ES;1
55258;2;243;7944;9436;8398;82;ES;1
55258;2;417;8351;9440;8398;82;PP;3
55258;2;909;7944;7397;7408;82;ES;2
55258;2;957;7593;8522;;82;ES;4
55258;2;1171;8522;8497;6827;82;PP;2
55258;3;280;6827;6861;8522;82;PP;3
55258;3;517;9445;7352;7279;83;PP;2
55258;3;604;8140;7845;;83;SH;3
55258;3;627;6861;6827;8522;82;PP;4
55258;3;973;6861;7408;;82;ES;4
55259;1;251;6739;8706;9324;77;ES;1
55259;1;514;7946;7350;6739;77;ES;4
55259;1;709;8449;7923;8708;72;ES;3
55259;2;573;9236;7910;7946;77;ES;1
55259;3;412;7275;7913;;72;ES;4
55259;3;789;9234;6771;7275;72;PP;2
55259;3;892;6739;7350;;77;ES;1
55259;3;1012;7913;6771;7334;72;ES;3
55259;3;1143;7333;7296;7277;72;ES;3
55260;1;502;7379;7286;6794;75;ES;3
55260;1;919;7356;7818;9396;80;ES;1
55260;3;352;7379;9426;7286;75;ES;2
55260;3;516;6794;9426;7286;75;ES;1
55260;3;814;7239;9396;7285;80;ES;1
55260;3;1077;7580;7320;9401;80;ES;4
55260;OT1;67;6794;9403;;75;ES;4
55283;1;32;7261;7304;;66;ES;3
55283;1;118;7883;9033;7300;68;ES;3
55283;1;761;8437;9394;7954;68;ES;4
55283;1;1182;8740;9405;7345;68;PP;3
55283;2;33;7273;8740;7815;68;ES;3
55283;2;425;7304;7261;9389;66;PP;3
55283;2;450;7300;8400;7954;68;ES;3
55283;2;1004;8437;9394;7954;68;ES;2
55283;3;186;7304;7261;6789;66;PP;1
55283;3;216;9416;7856;7238;66;PP;2
55283;3;787;6895;6789;7238;66;ES;3
55283;3;1168;9405;9394;9241;68;ES, ENG;1
55287;2;304;6864;7320;9401;80;ES;2
55287;2;827;7291;7400;;76;PP;2
55287;2;1142;7285;6801;7320;80;ES;2
55287;3;277;6848;9456;;76;ES;4
55287;3;474;7882;7382;7390;76;ES;4
55287;3;768;6848;9356;7400;76;PP;1
55287;3;1183;7859;9401;7320;80;ES;3
55261;1;677;8394;7786;6841;82;ES;3
55261;2;504;6827;8398;7593;82;PP;3
55261;2;583;9452;9314;9230;84;ES;4
55261;2;774;8497;7408;6861;82;ES;4
55261;2;858;7838;8712;7282;84;ES;4
55261;2;1174;6827;9450;9436;82;ES;3
55261;3;117;8398;8497;6841;82;ES;2
55261;3;146;6827;6861;7944;82;ES;1
55261;3;572;8465;9238;7838;84;PP;4
55261;3;999;6827;7408;7944;82;ES;3
55261;3;1140;9440;8409;7408;82;ES;1
55294;1;552;9422;7276;9413;78;ES;1
55294;1;1060;6242;9422;6882;78;PP;4
55294;2;775;9076;7947;7315;78;ES;4
55294;2;969;7276;6788;6806;78;PP;1
55294;2;1001;6755;9453;;71;PP;2
55294;3;342;7934;9453;7303;71;ES;2
55294;3;641;7364;7303;;71;ES;4
55294;3;669;7364;7303;;71;ES;3
55264;1;69;6739;7350;7821;77;PP;1
55264;1;392;7841;9392;8365;79;ES;4
55264;1;961;9454;9446;8365;79;ES;3
55264;3;1061;6739;9324;;77;PP;2
55270;1;82;7337;8741;6751;81;ES;4
55270;1;177;8471;7802;8700;65;ES;3
55270;1;288;8734;9039;8698;65;ES;3
55270;1;460;8715;8714;8412;65;ES;4
55270;2;195;8698;8716;7245;65;ES;2
55270;2;949;8715;8719;;65;ES;2
55270;2;1075;8741;9047;7265;81;ES;4
55270;3;163;7919;6751;7353;81;ES;4
55263;1;190;6202;7934;7396;71;ES;4
55263;1;788;7303;7364;9453;71;PP;2
55263;1;807;6765;9230;7268;84;ES;4
55263;2;815;7392;9453;7303;71;PP;1
55263;2;843;7268;7282;9238;84;ES;3
55263;3;544;7812;6755;9409;71;ES;4
55263;3;802;7268;6765;9314;84;ES;3
55263;3;972;7396;6202;;71;ES;1
55263;3;1032;7812;8724;6755;71;ES;4
55263;3;1073;9452;7838;7282;84;ES;2
55263;3;1094;6202;7934;9409;71;ES;3
55290;1;483;6766;7926;9421;70;ES;3
55290;1;635;6750;7913;7275;72;PP;4
55290;1;696;7336;9411;7365;70;ES;4
55290;2;481;7852;7323;9421;70;SH;1
55290;2;568;7275;6750;7334;72;PP;4
55290;2;948;7336;7365;;70;PP;2
55290;2;1166;7334;6750;7923;72;ES;1
55290;3;310;6771;6750;7923;72;ES;4
55290;3;583;7913;7277;7275;72;ES;1
55290;3;818;6771;6750;7334;72;PP;1
55374;2;890;9254;8179;7369;73;ES;2
55374;2;1040;7803;7924;9256;73;PP;4
55374;2;1081;6242;7315;9076;78;ES;1
55374;2;1151;8962;8179;7854;73;ES;2
55273;1;578;8140;7828;9445;83;ES;2
55273;2;98;9426;7379;;75;PP;1
55273;3;40;9437;7311;7279;83;ES;1
55273;3;84;7286;7324;6794;75;SH;2
55273;3;644;7352;7259;9445;83;PP;1
55273;3;720;9437;7279;7311;83;ES;2
55273;3;830;9426;7935;6794;75;ES;4
55273;3;986;6744;7898;7352;83;ES;1
55278;1;3;7876;7332;6893;64;ES;4
55278;1;63;9423;6898;8743;63;ES;4
55278;1;770;7798;9419;6795;63;ES;3
55278;1;994;8376;9451;7870;64;PP;3
55278;2;121;7933;8157;;63;ES;2
55278;2;181;8743;6795;9419;63;ES;3
55278;2;368;6795;8743;7339;63;PP;3
55278;2;386;8376;9415;8444;64;ES;2
55278;2;828;7876;7243;6893;64;ES;2
55278;2;1129;6898;7339;6795;63;PP;4
55278;3;142;7866;7332;9232;64;ES;3
55278;3;183;6898;7909;8419;63;ES;2
55278;3;528;7332;9415;8376;64;ES;4
55278;3;781;8743;9419;8157;63;ES;4
55382;1;81;7863;6849;7834;69;ES;4
55382;1;276;6840;7956;7399;74;PP;4
55382;1;790;6849;7793;7857;69;PP;3
55382;2;452;9322;6849;7793;69;PP;2
55382;2;540;6849;8372;8359;69;ES;3
55382;3;99;6820;7793;6849;69;ES;4
55382;3;147;7244;9364;7956;74;ES;1
55382;3;341;7912;7252;7399;74;ES;1
55382;3;549;7372;7399;9364;74;ES;1
55382;3;684;7793;6820;7857;69;PP;4
55382;3;1190;9364;7817;7399;74;PP;2
56007;1;10;7261;6789;7238;66;ES;4
56007;1;549;6752;9446;7294;79;PP;1
56007;2;276;7272;6831;9446;79;ES;2
56007;2;1189;7238;7261;7595;66;ES;4
56007;3;657;7304;7261;6789;66;PP;3
56007;3;845;7261;6895;7238;66;ES;3
56007;3;1128;7813;7272;9446;79;PP;2
56009;1;449;9401;9396;7320;80;PP;1
56009;1;627;9401;7320;;80;ES;1
56009;2;89;8522;6827;7408;82;PP;4
56009;2;93;7394;6777;;80;ES;4
56009;2;169;9396;7239;7285;80;ES;1
56009;2;575;9450;6827;7408;82;SH;3
56009;2;675;6827;6861;9436;82;ES;3
56009;2;991;6861;9436;8351;82;PP;3
56009;3;69;6777;7394;9378;80;ES;2
56009;3;131;7786;9440;7397;82;ES;4
56009;3;576;7356;6864;7320;80;ES;1
56009;3;1080;7394;9396;;80;ES;4
56009;3;1136;8522;7408;6861;82;PP;4
56011;1;186;7259;7352;7898;83;ES;1
56011;1;356;7259;7352;6744;83;ES;3
56011;1;483;7347;7259;9445;83;PP;4
56011;1;530;7352;7898;6744;83;ES;1
56011;1;922;7347;7843;9445;83;PP;4
56011;1;1002;7347;7279;7259;83;PP;4
56011;2;361;7307;7352;6744;83;ES;1
56011;2;598;9364;7956;6840;74;PP;2
56011;2;799;6740;9364;6840;74;PP;1
56011;2;1149;8140;7843;7828;83;ES;4
56011;3;150;8399;9364;7399;74;PP;2
56011;3;277;7956;6740;7244;74;ES;3
56011;3;325;9445;7347;7259;83;ES;3
56011;3;591;9255;7399;7371;74;ES;2
56011;3;826;9255;7371;9364;74;ES;1
56013;1;129;7946;6739;7910;77;PP;1
56013;1;299;7946;7821;7910;77;ES;3
56013;1;773;7883;8437;9371;68;PP;3
56013;1;922;7345;8740;7273;68;PP;4
56013;1;1148;9371;7815;7883;68;ES;2
56013;2;699;7946;7910;8397;77;ES;4
56013;2;1058;8740;9405;7273;68;PP;2
56013;2;1161;7273;8740;7312;68;ES;4
56013;3;834;7350;7910;6739;77;PP;2
56013;3;1038;9394;7273;;68;SH;3
56013;3;1092;7885;7350;6739;77;PP;2
56013;3;1110;9405;8740;7345;68;PP;2
56013;3;1138;9394;7815;;68;ES, ENG;3
56015;1;401;7900;9453;;71;ES;1
56015;1;984;7339;6898;8743;63;ES;2
56015;2;207;7798;7790;9246;63;ES;3
56015;2;487;7339;8743;6795;63;ES;3
56015;3;825;9423;6795;9419;63;ES;3
56015;3;1090;9397;6202;7934;71;SH;2
56017;1;252;7330;7336;9400;70;ES;4
56017;1;964;7323;8960;7336;70;ES;3
56017;2;753;7323;9411;;70;PP;2
56017;3;199;9411;6766;7330;70;PP;3
56017;3;250;7865;7275;;72;ES;1
56019;1;214;9322;7834;7793;69;ES;3
56019;2;155;9077;7834;9322;69;ES;4
56019;2;564;6794;9426;;75;ES;2
56019;2;791;8374;9403;9412;75;ES;2
56019;3;40;7301;7834;9352;69;PP;3
56021;1;162;7382;7355;7390;76;ES;3
56021;1;279;7870;7243;7332;64;PP;1
56021;1;726;7882;7390;9356;76;ES;3
56021;1;930;9434;6893;7243;64;PP;1
56021;2;480;7291;6848;9456;76;PP;2
56021;2;752;9415;6893;7332;64;ES;1
56021;2;1076;7332;7876;6893;64;PP;1
56021;3;257;8421;9451;9232;64;ES;4
56021;3;644;9232;8421;7866;64;ES;3
56021;3;738;7291;7338;9456;76;ES;3
56023;2;144;8741;7919;7383;81;ES;3
56023;2;428;8385;7940;7353;81;ES;2
56023;2;442;9413;6882;7256;78;ES;3
56023;2;818;9413;6882;9455;78;ES;4
56023;2;988;7337;6751;8978;81;PP;3
56023;3;123;6751;7337;;81;SH;4
56023;3;168;6788;9422;7276;78;PP;1
56023;3;203;9413;6882;7867;78;ES;3
56025;1;12;9314;6765;9452;84;ES;2
56025;1;296;9452;9230;9314;84;ES;3
56025;1;806;6800;9429;;65;ES;1
56025;1;1066;9429;6800;8734;65;PP;3
56025;2;12;8725;8710;6800;65;ES;1
56025;2;66;6800;9429;;65;ES;2
56025;2;503;6765;9314;8160;84;ES;4
56025;2;572;7282;8712;7838;84;ES;4
56025;2;590;8715;8734;8714;65;ES;3
56025;3;94;9235;8465;;84;ES;2
56025;3;400;9314;9452;8160;84;PP;3
56025;3;561;9230;8465;;84;ES;1
56025;3;835;8471;8412;;65;ES;2
56025;3;964;8716;9429;;65;PP;1
56025;OT1;121;7268;9452;7795;84;ES;1
56027;1;128;7369;8179;;73;PP;1
56027;1;632;9399;7326;7894;67;ES;1
56027;1;1143;8179;7924;;73;ES;3
56027;2;196;7953;7393;;67;ES;1
56027;3;571;7326;9317;8117;67;ES;3
56029;1;1104;7883;9371;7300;68;ES;3
56029;1;1124;9371;7883;7300;68;ES;3
56029;2;668;8740;7273;7345;68;PP;3
56029;2;845;9059;9438;6750;72;ES;1
56029;3;604;8377;6771;7865;72;ES;4
56029;3;1167;7797;7300;;68;ES;4
56031;1;286;7889;9231;9400;70;ES;1
56031;1;404;6898;6795;7339;63;PP;3
56031;2;21;7806;8743;7339;63;ES;4
56031;2;82;7926;6766;9411;70;ES;3
56031;2;226;8743;7339;6795;63;ES;4
56031;2;828;9423;6795;7339;63;ES;4
56031;2;881;8157;7790;;63;ES;2
56031;3;748;9419;7824;7798;63;ES;4
56031;3;823;9400;7820;;70;ES;1
56031;3;873;7889;7926;7323;70;ES;3
56031;3;1088;8967;7820;9411;70;PP;3
56033;1;225;6794;7937;;75;PP;1
56033;1;837;9429;8734;;65;PP;4
56033;1;1082;6800;8734;9429;65;ES;3
56033;2;222;6794;7286;;75;ES;3
56033;2;657;8471;7802;8698;65;ES;2
56033;2;891;9403;9412;6794;75;PP;1
56033;3;590;8412;9457;;65;ES;3
56033;3;684;7839;6794;9426;75;ES;1
56035;1;498;7788;8179;7803;73;ES;3
56035;1;513;7394;6777;7356;80;ES;3
56035;1;545;7854;8179;7803;73;ES;4
56035;1;752;9401;6777;;80;PP;2
56035;1;802;7285;7848;6801;80;ES;4
56035;1;885;7356;6777;7394;80;ES;4
56035;3;1161;7239;6801;;80;ES, ENG;2
56037;1;274;7350;6739;7910;77;PP;2
56037;1;317;9324;8453;8917;77;ES;3
56037;1;511;7350;6739;8706;77;ES;4
56037;1;566;8706;7281;6739;77;SH;3
56037;1;890;6739;9236;7350;77;ES;3
56037;2;453;7946;8501;8397;77;ES;3
56037;3;596;7863;9242;;69;ES;4
56037;3;988;7946;8706;;77;ES;4
56039;1;184;6789;7844;7595;66;ES;1
56039;1;199;8507;7844;7784;66;ES;1
56039;1;605;7342;7354;9317;67;ES;3
56039;1;629;7354;7953;7342;67;ES;3
56039;1;819;7894;8375;;67;ES;4
56039;2;94;8732;9317;7326;67;ES;1
56039;2;118;9355;7846;6789;66;ES;1
56039;2;291;8713;7894;9399;67;ES;4
56039;2;1149;7894;8408;9399;67;PP;1
56039;3;1122;9317;7894;9399;67;PP;4
56041;1;577;6861;7408;;82;ES;4
56041;1;981;6827;7944;7786;82;ES;3
56041;2;206;7944;9436;7786;82;ES;1
56041;2;473;7400;7338;;76;ES;4
56041;2;684;7291;9390;9456;76;PP;3
56041;2;806;7819;7382;7390;76;ES;4
56041;2;1094;9436;6861;6827;82;PP;4
56041;3;272;9390;7291;9456;76;PP;1
56041;3;613;7400;7382;7882;76;ES;1
56041;3;662;9390;7291;7842;76;ES;4
56041;3;946;7390;7400;8118;76;ES;2
56043;2;418;7337;8975;6751;81;ES;2
56043;2;680;7265;6751;;81;ES;1
56043;2;1006;7399;8399;6840;74;PP;4
56043;3;138;9257;8741;7337;81;ES;2
56043;3;510;7817;9255;;74;ES;4
56043;3;1134;7263;9393;;74;ES;3
56043;3;1153;7337;8741;6751;81;ES;3
56043;3;1178;7337;8741;6751;81;ES, ENG;2
56045;1;18;7294;6831;;79;PP;1
56045;1;177;7279;7352;9445;83;ES;3
56045;1;303;7347;7259;6744;83;PP;4
56045;1;600;7294;7272;;79;ES;3
56045;1;734;7813;9446;7314;79;ES;3
56045;1;821;6744;7307;7347;83;ES;1
56045;2;181;7898;7843;6744;83;ES;4
56045;3;23;7841;7386;9392;79;ES;3
56045;3;836;7259;6744;7347;83;PP;3
56045;3;1162;9445;9048;;83;ES, ENG;3
56047;1;664;6765;7795;7268;84;ES;4
56047;2;486;7303;7812;7934;71;ES;4
56047;3;1099;8160;6765;7268;84;ES;2
56047;3;1152;7303;9453;6755;71;PP;1
56047;OT1;249;7268;6765;;84;PP;4
56049;1;265;7243;7876;7870;64;ES;4
56049;1;926;7243;7870;6893;64;ES;4
56049;2;92;7870;8444;7332;64;ES;3
56049;2;115;8929;7276;7315;78;ES;1
56049;2;135;6242;7276;;78;ES;4
56049;2;414;6893;7876;7332;64;PP;1
56049;3;465;9434;7332;6893;64;PP;2
56049;3;1112;7332;7243;6893;64;PP;3
56051;1;334;6794;9426;7286;75;ES;2
56051;1;509;7820;9055;9402;70;ES;3
56051;1;639;9412;9403;;75;ES;4
56051;2;133;9403;7241;7839;75;ES;3
56051;2;633;7323;9400;7365;70;ES;2
56051;3;292;9426;6794;7379;75;PP;3
56051;3;429;9400;7330;9411;70;ES;2
56053;1;32;9314;6765;;84;ES;2
56053;2;427;9314;8160;6765;84;ES;1
56053;2;845;7838;8160;7282;84;ES;2
56053;2;884;9452;7282;7838;84;ES;2
56053;3;32;8179;7854;7369;73;ES;4
56053;3;75;8486;7861;7854;73;ES;3
56053;3;419;9452;6765;9244;84;PP;3
56055;1;80;8412;8715;9457;65;ES;1
56055;2;559;8383;9457;;65;PP;1
56055;2;1005;8483;8741;8357;81;ES;2
56055;3;785;6751;9047;8741;81;ES;3
56055;OT1;226;6751;7337;8741;81;ES;3
56057;1;98;7397;9450;9440;82;ES;3
56057;1;589;6861;7408;7944;82;ES;1
56057;1;817;7408;8398;6827;82;ES;3
56057;2;386;7944;6827;6861;82;PP;2
56057;2;1047;7786;7397;;82;ES;4
56057;3;154;8479;7261;;66;ES;4
56057;3;249;6861;9450;;82;SH;3
56057;3;732;7304;7595;7856;66;ES;3
56057;3;743;7595;7261;6895;66;ES;1
56059;1;422;6744;7347;7843;83;ES;3
56059;1;884;7390;6848;7368;76;ES;4
56059;1;1052;9445;7352;;83;ES;4
56059;2;396;7355;6848;7291;76;PP;1
56059;2;679;7307;7352;7898;83;ES;2
56059;2;836;9456;6848;7842;76;ES;3
56059;2;1073;9456;7291;7355;76;ES;1
56059;3;1197;8140;7347;6744;83;ES;3
56061;1;985;9423;6795;8743;63;SH;4
56061;1;1086;6898;7339;;63;PP;1
56061;2;520;9419;7909;;63;ES;3
56061;2;910;6898;8743;6795;63;PP;3
56061;3;352;6898;7909;8743;63;PP;2
56061;3;736;7798;9419;;63;PP;1
56063;2;197;9371;;;68;ES;2
56063;3;1110;7277;9438;7865;72;ES;3
56065;1;208;7314;7294;7272;79;ES;1
56065;1;847;9229;7364;;71;ES;3
56065;2;171;9397;7396;;71;ES;2
56065;2;192;7314;7294;7272;79;ES;3
56065;2;579;6202;7364;9453;71;ES;3
56065;2;838;7272;7294;7314;79;ES;1
56065;3;889;9453;7812;6202;71;ES;3
56065;3;951;7314;7294;6831;79;PP;1
56065;OT1;9;9453;6755;7900;71;ES;3
56067;1;624;6777;7859;7285;80;ES;2
56067;2;379;7848;6777;;80;ES;1
56067;2;541;7320;6801;;80;ES;3
56067;2;633;7394;6777;7239;80;PP;1
56067;3;170;6864;8158;9401;80;ES;3
56067;3;830;7394;7320;9401;80;ES;4
56067;3;914;6849;7793;;69;PP;4
56069;1;663;6893;8513;7876;64;ES;3
56069;1;1106;8403;9434;8376;64;ES;3
56069;2;340;7332;9415;6893;64;ES;3
56069;2;692;7281;6739;;77;SH;3
56069;2;728;6893;7332;;64;PP;3
56069;2;1019;6893;7332;7876;64;ES;3
56069;2;1084;8444;7870;7243;64;ES;1
56069;3;381;8917;6739;;77;ES;1
56069;3;675;6739;7350;;77;ES;3
56069;3;717;6893;9415;7332;64;ES;3
56069;3;796;7243;6893;7332;64;PP;3
56071;1;174;7953;7925;;67;ES;2
56071;1;944;8510;8970;8399;74;ES;3
56071;2;749;8399;7372;;74;ES;4
56071;2;799;7956;9255;7817;74;ES;3
56071;3;62;9317;7326;8732;67;ES;2
56071;3;134;7956;7833;;74;ES;1
56071;3;217;7817;9393;;74;ES;1
56071;3;552;6840;9393;7817;74;ES;2
56071;3;1029;8713;7393;8732;67;ES;4
56073;1;466;7272;7314;7294;79;ES;3
56073;1;534;7813;9454;9446;79;ES;4
56073;1;580;7390;7884;7400;76;ES;2
56073;1;1036;7842;6848;7291;76;ES;4
56073;2;533;7314;6752;7294;79;PP;3
56073;2;955;7368;9390;7882;76;ES;3
56073;2;1053;7400;7368;7862;76;ES;2
56073;3;146;7796;9446;7813;79;ES;3
56073;3;562;6752;9446;7813;79;ES;3
56073;3;743;7386;9454;7796;79;ES;2
56073;3;1101;7291;7842;6848;76;ES;4
56073;3;1140;7338;7862;7819;76;ES;2
56075;1;130;7353;9257;6751;81;ES;4
56075;1;189;8385;7919;7383;81;ES;3
56075;1;596;7337;6751;;81;PP;1
56075;1;1107;7245;9429;6800;65;PP;1
56075;1;1190;8483;9257;;81;ES;1
56075;1;1198;9429;;6800;65;ES;3
56075;2;343;8741;6751;;81;ES;1
56075;2;477;8741;7353;6751;81;PP;3
56075;2;506;8734;8700;8471;65;ES;1
56075;2;1090;6751;8385;8741;81;PP;4
56075;2;1168;6751;7353;9257;81;ES;3
56075;3;1009;7950;7353;7940;81;ES;4
56077;1;86;7941;7915;9419;63;ES;3
56077;1;988;8743;6795;7339;63;ES;2
56077;1;1015;9423;8743;6898;63;ES;2
56077;1;1101;6841;6861;;82;ES;4
56077;1;1192;6827;8398;7944;82;PP;1
56077;2;317;7790;7941;7933;63;ES;3
56077;3;28;6795;7339;8743;63;PP;4
56077;3;339;9419;7806;;63;ES;3
56079;1;402;6765;9244;7405;84;ES;2
56079;1;861;9314;6765;;84;PP;2
56079;1;1091;9235;9452;7282;84;ES;4
56079;1;1199;6820;8428;6849;69;PP;2
56079;2;235;8712;7268;6765;84;ES;3
56079;2;275;9452;8712;7268;84;ES;3
56079;2;396;7268;6765;9314;84;ES;3
56079;2;1015;9235;7282;7795;84;ES;4
56079;3;476;9314;6765;9235;84;ES;3
56079;3;658;6765;8712;9235;84;ES;3
56079;3;1128;7832;9235;8160;84;ES;4
56081;1;543;9364;8393;;74;ES;1
56081;1;591;9233;8484;8386;73;ES;2
56081;1;773;6740;6840;7371;74;ES;3
56081;2;18;9364;7817;7833;74;PP;3
56081;2;841;7956;7244;7399;74;PP;2
56081;2;884;7833;6740;9364;74;PP;1
56081;2;1021;6740;6840;8510;74;ES;4
56081;3;440;9256;8179;9254;73;PP;2
56081;3;861;7956;7244;7399;74;PP;1
56081;3;1166;8179;9254;7369;73;PP;3
56083;1;109;7843;8140;7279;83;ES;4
56083;1;177;7347;7307;6744;83;PP;3
56083;1;401;6893;7332;7243;64;PP;2
56083;2;924;6893;7581;7332;64;ES;4
56083;2;1127;7581;9232;7332;64;ES;3
56083;3;155;7898;7352;9445;83;ES;3
56083;3;176;6744;7259;7898;83;ES;4
56085;1;296;7320;7580;6864;80;ES;3
56085;1;330;9401;9396;9378;80;ES;2
56085;1;512;6777;7394;7848;80;ES;3
56085;1;958;7320;8158;;80;PP;4
56085;1;978;6801;6777;7859;80;ES;2
56085;2;52;6794;9426;;75;PP;2
56085;2;693;7935;9426;6794;75;ES;3
56085;3;895;6801;9401;;80;ES;2
56085;3;1013;6777;7859;7394;80;ES;3
56087;1;488;9389;7261;;66;ES;1
56087;2;216;7238;6895;9416;66;ES;4
56087;2;323;7261;7304;8479;66;ES;3
56087;2;820;6789;7595;9389;66;ES;3
56087;3;239;6895;9416;6789;66;ES;4
56089;1;979;9317;8732;7326;67;PP;1
56089;2;100;9317;9399;8732;67;PP;1
56089;2;1013;7277;8119;;72;ES;4
56089;2;1146;8119;9438;6750;72;ES;3
56089;3;1161;7326;9317;;67;PP;3
56091;1;719;7273;9371;7345;68;ES;3
56091;1;1196;7273;9405;8740;68;PP;4
56091;2;618;9031;8453;;77;ES;3
56091;3;241;7345;8740;9371;68;PP;3
56091;3;327;7954;7883;8740;68;ES;4
56091;3;353;8740;7815;7883;68;ES;3
56091;3;937;7815;9371;7954;68;SH;4
56091;3;1072;8740;8400;7954;68;ES;3
56091;3;1088;8740;8437;7883;68;ES;3
56093;1;670;7934;7246;7392;71;PP;3
56093;1;793;9453;7934;7303;71;ES;4
56093;2;282;7392;6755;7887;71;ES;3
56093;2;520;6788;9455;6806;78;ES;2
56093;2;929;6806;6882;9428;78;ES;2
56093;3;75;6788;6806;9413;78;PP;3
56093;3;543;7364;9243;;71;ES;2
56095;1;329;7956;7399;7252;74;ES;4
56095;1;501;7805;7259;8381;83;ES;3
56095;2;847;7347;7259;6744;83;PP;4
56095;3;124;9437;9445;7845;83;ES;1
56095;3;558;7956;7817;9393;74;ES;3
56097;1;477;8743;6898;6795;63;PP;1
56097;2;1100;6898;6795;9419;63;ES;4
56097;3;747;7834;7793;9077;69;SH;1
56099;1;754;9426;6794;7379;75;PP;2
56099;2;953;7926;9400;6766;70;ES;1
56099;2;997;9402;8960;7926;70;ES;2
56099;2;1160;6794;7379;;75;PP;1
56099;3;802;7926;7365;7336;70;ES;2
56099;3;1185;7926;9402;;70;ES;3
56101;1;510;7337;8741;7353;81;ES;1
56101;1;906;7859;7239;9401;80;ES;1
56101;2;147;9378;6864;7782;80;ES;4
56101;2;191;7906;6777;9378;80;ES;1
56101;2;913;7782;6777;6801;80;PP;3
56101;2;1063;7239;6864;7285;80;PP;3
56101;3;42;8741;7337;7265;81;PP;1
56101;3;308;6777;7783;9378;80;ES;3
56101;3;1138;7859;7239;9378;80;PP;1
56101;3;1183;9401;6801;7320;80;ES;1
56103;1;255;8465;8411;;84;ES;4
56103;1;725;9429;7802;8715;65;PP;3
56103;2;743;9452;7838;7282;84;ES;3
56103;3;57;7268;9244;;84;ES;1
56103;3;172;9429;8734;7245;65;ES;3
56103;3;650;8471;8716;7245;65;ES;4
56103;3;900;6765;9452;;84;ES;4
56105;1;678;7332;8444;8376;64;ES;3
56105;1;1162;9399;7938;8408;67;ES;2
56105;2;848;7873;9317;8732;67;ES;1
56105;2;915;7866;8376;9232;64;ES;1
56105;2;943;7870;7876;6893;64;ES;1
56105;3;477;8732;7326;;67;PP;2
56105;3;1195;7243;6893;7332;64;PP;3
56107;1;209;7312;7345;8740;68;ES;1
56107;2;251;7312;7797;;68;ES;1
56107;2;795;7261;7238;;66;ES;2
56107;2;883;9405;7312;;68;ES;3
56107;3;153;7312;7815;7345;68;ES;2
56107;3;927;7304;7261;6895;66;PP;3
56107;3;1142;9371;9394;8437;68;ES, ENG;1
56109;1;766;7862;7338;9356;76;ES;4
56109;1;1003;7291;7400;6848;76;PP;4
56109;2;552;7338;7882;6848;76;ES;2
56109;2;595;9234;7277;7333;72;SH;3
56109;2;618;7400;9456;6848;76;PP;2
56109;2;852;7865;7923;8708;72;ES;3
56109;3;196;7400;7291;9356;76;PP;3
56111;1;22;9413;7276;6806;78;ES;1
56111;1;119;8179;7861;7369;73;ES;1
56111;1;646;9422;9455;7256;78;ES;1
56111;1;931;7315;8516;9455;78;ES;3
56111;1;1136;7369;8179;;73;ES;2
56111;2;647;7256;6788;9455;78;ES;1
56111;2;1072;8431;7256;9422;78;ES;1
56111;3;1012;9413;7276;6788;78;PP;1
56113;1;1176;9453;7392;;71;PP;2
56113;2;180;9446;7314;6831;79;ES;3
56113;2;1026;7314;9446;7343;79;ES;1
56113;2;1095;7791;6755;7934;71;ES;4
56113;3;53;6755;6202;;71;ES;1
56115;1;44;9324;7350;6739;77;ES;3
56115;1;601;9000;9436;9440;82;PP;4
56115;2;619;6827;8398;7408;82;PP;4
56115;3;767;9324;9029;6739;77;ES;1
56115;3;1044;7944;6827;7593;82;ES;2
56117;1;248;9457;8734;9429;65;SH;1
56117;2;360;8446;7261;6895;66;ES;1
56117;2;463;8412;9457;8715;65;ES;3
56117;3;172;7261;7595;7238;66;ES;3
56117;3;405;9005;8965;;66;ES;4
56117;3;558;9416;7304;7595;66;ES;2
56117;3;963;9429;6800;7245;65;PP;3
56119;2;174;7243;6893;9434;64;ES;4
56119;2;351;7794;8740;7273;68;ES;1
56119;2;652;8382;9394;;68;ES;1
56119;2;702;9394;8437;;68;ES;1
56119;3;580;7243;6893;7876;64;PP;4
56119;3;704;8513;9434;7876;64;ES;3
56121;1;98;6744;7352;;83;ES;1
56121;1;206;7320;7783;9401;80;ES;3
56121;1;613;9437;7307;7311;83;ES;3
56121;1;786;8140;7828;7843;83;ES;3
56121;2;825;7823;8140;;83;ES;2
56121;2;866;7848;7285;6864;80;ES;1
56121;3;174;7782;;;80;PP;1
56121;3;324;9401;7783;7320;80;ES;3
56121;OT1;3;7848;7859;7239;80;PP;4
56123;1;137;8741;8385;7353;81;PP;4
56123;1;377;8741;7353;7337;81;PP;3
56123;1;450;9257;7940;8385;81;ES;2
56123;1;529;6751;8741;;81;ES;3
56123;1;931;8385;7337;8741;81;ES;3
56123;2;207;8741;7383;8468;81;ES;3
56123;3;220;8385;7353;8978;81;ES;2
56123;3;900;8385;7940;;81;ES;4
56125;1;1095;8996;7833;8399;74;ES;4
56125;2;128;9393;7399;9364;74;ES;3
56125;3;596;7833;8970;;74;ES;3
56125;3;1056;6740;7263;7244;74;PP;1
56125;3;1131;7371;8399;9255;74;ES;3
56127;2;232;7841;9392;7272;79;ES;4
56127;2;263;6788;6806;6882;78;ES;3
56127;2;276;9455;6806;6788;78;ES;3
56127;3;907;6788;9413;7315;78;ES;2
56127;3;965;6806;9076;9428;78;PP;4
56127;3;1147;7386;9019;8519;79;ES;1
56129;1;233;9436;6861;7408;82;ES;3
56129;1;402;7923;6750;9059;72;ES;4
56129;1;1023;7913;7277;9438;72;ES;2
56129;2;74;8351;6861;6827;82;PP;3
56129;2;168;6827;6861;;82;ES;3
56129;2;194;7334;8449;7333;72;ES;2
56129;2;832;7277;6771;7334;72;ES;4
56131;1;231;7900;6202;7364;71;PP;3
56131;1;504;7396;6755;;71;ES;2
56131;1;1197;7839;6794;9426;75;ES;1
56131;2;831;8724;9397;9409;71;ES;2
56131;3;417;7900;9453;7887;71;ES;2
56131;3;535;7934;6202;7303;71;ES;3
56131;3;1021;6202;7364;;71;ES;3
56133;1;360;9423;9419;6898;63;ES;2
56133;1;1008;6898;7806;6795;63;SH;3
56133;2;153;6795;6898;9419;63;PP;1
56133;2;257;6739;7350;7910;77;PP;3
56133;2;482;7933;9246;;63;ES;4
56133;3;203;9423;6795;6898;63;ES;4
56133;3;584;7339;7909;8419;63;ES;1
56135;1;617;7355;7884;9456;76;ES;3
56135;1;695;9421;7336;8967;70;ES;4
56135;1;1081;7382;9456;7400;76;ES;4
56135;1;1155;7323;7336;9400;70;ES;3
56135;2;856;7338;7400;9456;76;PP;1
56135;2;879;7368;7291;7382;76;ES;4
56135;2;998;7336;9421;7926;70;ES;4
56135;2;1190;6848;7862;7882;76;PP;3
56135;3;321;7323;7926;7336;70;ES;2
56135;3;592;9456;9356;6848;76;ES;4
56135;3;1136;7382;7400;;76;ES, ENG;1
56135;3;1171;7926;7323;7852;70;ES;3
56137;1;551;7268;6765;;84;ES;3
56137;1;721;8712;9314;7268;84;ES;4
56137;1;964;7393;8406;8732;67;PP;2
56137;2;544;9314;6765;7268;84;ES;4
56137;2;721;7326;7953;7894;67;ES;4
56137;3;67;8373;7326;8415;67;PP;4
56137;3;145;9452;6765;9314;84;PP;3
56137;3;589;7342;7326;;67;ES;1
56137;3;785;9452;7282;;84;ES;3
56137;3;1136;7925;7894;8732;67;PP;1
56139;1;910;7282;7838;7268;84;PP;2
56139;1;1144;9456;8418;7819;76;ES;3
56139;2;34;6765;9314;;84;ES;3
56139;2;318;7382;7390;7792;76;ES;3
56139;2;594;7355;7382;;76;ES;4
56139;2;624;7382;7842;7355;76;ES;3
56139;2;887;7405;9235;8465;84;ES;2
56139;2;898;7405;9230;8465;84;ES;4
56139;2;1139;7282;7838;8465;84;PP;2
56139;3;468;9452;7838;7282;84;ES;2
56139;3;1091;7282;7268;7838;84;ES;3
56141;1;393;7275;7334;;72;ES;3
56141;1;803;6750;7334;7275;72;ES;3
56141;1;922;7865;7333;9438;72;ES;1
56141;2;214;6794;7379;7241;75;ES;3
56141;3;95;8915;7830;7839;75;ES;3
56143;1;80;7261;7304;8479;66;PP;2
56143;1;252;7336;7820;;70;PP;3
56143;2;237;9231;9055;9421;70;ES;3
56143;2;350;6789;7261;7304;66;ES;3
56143;3;278;7304;7261;6789;66;PP;3
56143;3;530;7261;9389;7856;66;PP;4
56143;3;793;6789;9355;7846;66;ES;4
56145;1;92;7894;7393;7953;67;ES;4
56145;2;249;7332;6893;9415;64;PP;1
56145;2;569;7393;7938;8373;67;ES;2
56145;3;466;6893;9451;7243;64;ES;2
56145;3;549;8375;7894;7938;67;ES;1
56145;3;1161;7876;6893;7332;64;PP;1
56145;OT1;272;7581;8389;9434;64;ES;4
56147;1;446;9371;8437;9394;68;ES;3
56147;1;530;7797;9241;9405;68;ES;4
56147;1;670;8740;9405;7345;68;PP;3
56147;1;912;8159;9256;8179;73;ES;2
56147;1;1013;7883;7345;8740;68;PP;1
56147;2;595;7273;9371;8400;68;ES;1
56147;2;1059;7345;7883;8740;68;ES;2
56147;3;479;7788;9233;;73;PP;2
56149;1;307;7941;7790;9423;63;ES;2
56149;1;950;7339;6898;6795;63;PP;3
56149;1;1020;7399;6840;7244;74;PP;2
56149;2;568;9364;7399;;74;PP;3
56149;2;687;7956;7252;6840;74;ES;3
56149;2;1046;9419;6795;;63;ES;3
56149;3;154;8743;7909;6898;63;PP;1
56149;3;739;9419;8419;7798;63;ES;2
56149;3;1033;8996;7833;;74;ES;1
56149;3;1150;6740;7956;6840;74;ES;3
56151;1;1002;7887;6755;7392;71;ES;2
56151;2;247;7246;9453;9409;71;PP;2
56151;2;419;9243;9409;9239;71;ES;3
56151;2;963;6755;9397;7900;71;ES;1
56151;3;511;9243;6202;9239;71;ES;4
56151;3;709;6202;9239;7364;71;ES;2
56153;2;31;8385;7265;7353;81;ES;1
56153;2;845;6751;;;81;PP;2
56153;2;1026;6788;8457;6806;78;ES;2
56153;3;413;7337;6751;7353;81;PP;3
56153;3;1093;6806;6788;9428;78;ES;1
56155;1;222;7314;6831;7294;79;PP;3
56155;1;627;9429;9457;8734;65;ES;3
56155;1;951;6831;9019;7841;79;ES;1
56155;1;1195;7272;8417;;79;ES;1
56155;2;286;9429;8719;;65;PP;1
56155;2;430;7314;6831;7294;79;PP;3
56155;2;750;6752;7314;;79;PP;4
56157;1;148;8158;6777;7394;80;ES;3
56157;1;549;6739;7350;8706;77;ES;4
56157;1;800;6801;7320;7285;80;PP;3
56157;1;1198;8397;7946;;77;ES;2
56157;2;933;7285;7859;6777;80;PP;4
56157;2;1108;7239;7285;6864;80;ES;3
56157;3;960;7394;6777;7782;80;PP;1
56159;1;244;7259;9437;7307;83;ES;1
56159;1;423;6861;6827;;82;PP;1
56159;1;428;7352;9445;7845;83;ES;3
56159;1;501;8398;7593;6861;82;ES;2
56159;1;592;7279;7311;7259;83;ES;1
56159;1;1166;6861;7593;8398;82;ES;4
56159;2;254;6744;7347;7307;83;ES;4
56159;2;688;7307;7259;7898;83;PP;3
56159;3;156;7347;6744;7311;83;ES;1
56159;3;233;6861;9000;6827;82;PP;1
56159;3;711;7944;7786;9440;82;PP;1
56159;3;862;7352;9437;8140;83;ES;1
56160;2;683;7537;8546;7462;122;PP;4
56160;2;981;9336;9111;;113;ES;3
56160;3;603;7457;7411;8061;113;ES;1
56160;3;1082;8646;7537;7443;122;ES;3
56161;1;392;7998;7478;7033;117;PP;4
56161;2;350;6948;7051;8069;117;ES;4
56161;2;796;7051;9354;8097;117;ES;3
56161;3;766;8046;7051;8097;117;ES;3
56161;3;1161;7478;7051;8046;117;ES;4
56162;1;18;7413;7539;7036;110;ES;2
56162;1;25;9328;6917;7533;111;ES;4
56162;1;206;7413;7036;;110;ES;1
56162;1;332;8058;7959;7542;110;ES;3
56162;1;494;7032;8028;8091;110;ES;3
56162;1;1074;8681;7036;7539;110;ES;1
56162;2;42;8098;9358;9139;110;ES;3
56162;2;545;9351;6917;;111;ES;2
56162;3;923;7413;7539;7032;110;PP;2
56163;1;104;7464;8693;8084;105;PP;2
56163;1;893;7471;8693;;105;ES;3
56163;1;950;7537;9300;6983;122;PP;3
56163;2;546;8693;7464;7456;105;PP;1
56163;2;1152;8084;7471;9330;105;ES;4
56163;3;781;8619;8149;7974;105;ES;1
56163;3;926;7537;7462;8593;122;ES;3
56164;2;289;7991;7445;8742;120;ES;3
56164;2;597;7492;6957;9360;116;PP;4
56165;1;43;7490;9329;7979;109;ES;1
56165;1;194;7015;7980;;113;ES;1
56165;3;162;7979;9329;9320;109;ES;1
56165;3;1171;7531;9336;7980;113;ES;4
56166;1;88;6947;8073;7968;106;ES;2
56166;1;357;8005;6947;7968;106;PP;1
56166;1;854;7479;7470;;108;PP;3
56166;3;255;7004;8662;7426;108;ES;4
56166;3;1172;7972;8649;8012;108;ES;2
56167;1;141;7416;8542;;107;ES;3
56167;2;1119;8055;7438;8665;114;ES;1
56167;3;32;8080;6930;8540;114;PP;1
56167;3;175;8665;8055;8024;114;ES;4
56167;3;401;8606;8665;7990;114;ES;3
56167;3;851;6930;7438;7424;114;ES;2
56168;1;160;7488;9311;7419;118;PP;2
56168;1;881;8676;7978;7488;118;ES;1
56168;1;943;7468;6950;9338;119;ES;3
56168;1;1093;7973;9325;8676;118;ES;3
56168;2;133;9343;9305;;118;ES;2
56168;2;436;7018;9343;9305;118;PP;1
56168;2;872;7973;7978;7488;118;ES;1
56168;3;777;9311;7018;9305;118;ES;2
56169;1;108;8090;9261;8007;105;ES;3
56169;1;494;9319;8619;7456;105;PP;3
56169;1;702;8001;8668;8008;111;ES;4
56169;1;881;8149;8007;8619;105;ES;1
56169;1;1122;6951;9328;7550;111;PP;3
56169;2;181;8530;8653;6917;111;ES;1
56169;2;324;7456;7471;7464;105;PP;3
56169;3;468;9424;6917;9351;111;ES;3
56169;OT1;31;8653;9424;8085;111;ES;1
56170;1;75;6948;8046;7998;117;PP;1
56170;1;409;8567;7478;9354;117;ES;4
56170;1;896;7028;7455;;121;PP;3
56170;1;1087;6948;8046;8151;117;ES;3
56170;2;79;8046;7478;;117;SH;3
56170;2;330;8046;8051;6948;117;ES;3
56170;2;375;7051;8097;7033;117;ES;2
56170;2;529;6948;7033;8097;117;ES;3
56170;2;1051;9354;7478;6948;117;ES;3
56170;2;1093;8555;7514;;121;ES;3
56170;3;429;8069;7051;6948;117;ES;1
56170;3;769;7028;8002;8075;121;ES;4
56170;3;1097;8051;7051;8097;117;ES;3
56171;1;88;9342;8737;8010;112;PP;1
56171;1;343;8032;7507;7449;115;PP;1
56171;1;830;7491;8067;8070;112;ES;3
56171;1;1000;8003;9315;9425;115;ES;3
56171;2;323;8010;8737;9342;112;SH;1
56171;2;984;8737;8010;9444;112;PP;1
56171;3;513;7038;9342;8010;112;ES;3
56171;3;718;7982;8584;;115;ES;4
56172;1;166;7479;7470;9418;108;ES;2
56172;1;345;8162;7440;;109;PP;1
56172;1;522;7470;9418;7479;108;ES;1
56172;1;1033;8011;8030;8087;109;ES;4
56172;1;1143;8012;7473;8054;108;PP;4
56172;2;239;9327;8690;7004;108;ES;4
56172;2;1141;8065;8690;8083;108;ES;4
56172;3;436;7513;9329;;109;ES;1
56172;3;870;7440;7540;7979;109;PP;3
56172;3;1070;9344;7421;8074;108;ES;4
56172;3;1104;7440;8035;8162;109;ES;3
56173;1;743;9447;8042;7410;106;ES;1
56173;2;134;8005;8042;7465;106;ES;1
56173;3;424;8005;9447;8042;106;ES;4
56173;3;691;7410;6970;8044;106;PP;1
56173;3;983;9357;8013;;107;ES;1
56174;1;414;7539;7032;7413;110;PP;4
56174;1;829;8024;8055;8017;114;ES;3
56174;2;687;8024;8055;8536;114;ES;2
56174;3;213;7036;7539;7413;110;ES;2
56174;3;389;7413;7036;7539;110;ES;1
56174;3;401;8540;7438;8017;114;ES;3
56174;3;555;8017;8540;8536;114;ES;3
56174;3;570;7413;7542;7036;110;ES;3
56174;3;900;9358;8681;7413;110;ES;3
56174;3;1158;7036;7539;7542;110;ES, ENG;3
56175;1;90;9366;7451;7459;120;PP;3
56175;1;185;8018;9360;5802;116;ES;3
56175;1;582;6941;7492;;116;ES;1
56175;1;1106;9335;7459;7495;120;ES;1
56175;2;181;7483;6941;7422;116;PP;2
56175;2;228;6941;7422;7536;116;PP;3
56175;2;1068;8591;5802;7483;116;ES;2
56175;3;369;7484;7451;9366;120;ES;2
56175;3;404;9335;7495;7451;120;ES;4
56175;3;771;7484;9335;;120;PP;3
56175;3;1053;7422;7536;7983;116;ES;3
56176;1;687;8032;9404;9425;115;ES;1
56176;1;1018;7449;9425;9404;115;ES;4
56176;1;1182;9315;7982;8584;115;ES;3
56176;2;745;9315;7436;7449;115;PP;2
56176;2;1112;8737;9342;7551;112;PP;3
56176;2;1178;7002;7551;9444;112;ES;1
56176;3;572;9404;8048;9315;115;ES;3
56176;3;1029;8070;7491;9342;112;ES;2
56176;3;1145;8032;9425;7449;115;ES, ENG;1
56177;1;35;9305;9343;7978;118;PP;1
56177;1;1101;9305;7419;9343;118;PP;2
56177;2;45;8016;6919;6950;119;PP;2
56177;2;255;9343;9305;;118;PP;3
56177;2;911;7419;9362;9311;118;ES;3
56177;2;1034;6950;9338;;119;PP;3
56177;2;1132;9305;9311;9362;118;ES;1
56177;3;802;7488;9305;7978;118;ES;2
56177;3;1001;8016;9338;6950;119;PP;3
56177;3;1157;6950;6919;9338;119;ES;1
56178;1;649;9366;7484;6992;120;ES;3
56178;2;30;9183;7468;8016;119;ES;1
56178;2;107;9366;7451;7459;120;PP;2
56178;2;182;8148;6992;7445;120;ES;4
56178;2;245;7962;7991;9431;120;ES;4
56178;2;409;9366;7451;9431;120;ES;3
56178;2;700;7484;6992;9262;120;ES;4
56178;3;556;7459;9366;7445;120;PP;3
56178;3;1002;6992;8742;7445;120;ES;2
56179;1;86;8163;8089;8033;107;ES;4
56179;1;199;8733;8024;8055;114;ES;3
56179;1;254;7416;8013;9432;107;ES;2
56179;1;300;6930;8045;7424;114;ES;1
56179;1;498;8733;8528;8080;114;ES;4
56179;1;606;7530;8045;8024;114;ES;1
56179;1;741;8089;9097;;107;PP;2
56179;3;282;8024;8045;8055;114;ES;4
56179;3;1124;8536;6930;;114;ES, ENG;1
56180;1;229;6943;8075;7028;121;PP;3
56180;1;1136;7459;9366;7445;120;PP;3
56180;2;125;9335;7459;7451;120;ES;3
56180;2;500;8742;7459;7495;120;ES;3
56180;2;920;8075;7028;8002;121;ES;3
56180;2;969;6992;8742;8148;120;ES;2
56180;3;627;7451;7484;6992;120;ES;1
56180;3;872;7451;9431;8601;120;ES;3
56181;1;540;8049;9305;;118;ES;3
56181;2;231;7051;8585;8097;117;ES;2
56181;2;977;7419;8635;8623;118;ES;2
56181;3;279;9362;9311;8526;118;ES;4
56181;3;610;6948;7033;7051;117;PP;3
56181;3;958;7478;6948;7998;117;ES;4
56181;OT1;75;6948;7033;8046;117;ES;2
56182;1;351;6970;8042;7410;106;ES;3
56182;1;499;7968;9447;7465;106;ES;2
56182;2;43;8061;7015;;113;ES;4
56182;2;306;9336;9296;;113;SH;4
56182;2;326;6970;8042;9447;106;PP;3
56182;3;116;7457;8594;;113;ES;3
56183;1;980;9320;8011;8092;109;ES;1
56183;2;1100;8035;9320;8092;109;ES;4
56183;3;219;7440;7540;;109;PP;3
56183;3;325;7464;9319;;105;ES;1
56183;3;438;8093;7553;8035;109;ES;1
56183;3;531;8084;9330;;105;ES;1
56184;2;139;9328;6917;7533;111;PP;4
56184;2;428;8066;7436;8003;115;ES;1
56184;3;282;6951;9328;7533;111;ES;2
56184;3;318;8085;7533;6951;111;ES;2
56184;3;528;7449;9404;;115;ES;3
56184;3;587;8003;8539;7507;115;ES;3
56184;3;725;9424;9351;7518;111;PP;4
56185;1;647;8083;7421;7426;108;ES;3
56185;1;758;9418;7479;7004;108;PP;4
56185;1;1129;7004;8690;7470;108;ES;2
56185;2;75;7470;7479;7004;108;PP;2
56185;2;457;7479;7421;9418;108;PP;4
56185;2;508;8737;9342;;112;ES;2
56185;2;542;9342;;;112;PP;2
56185;2;655;8737;8613;8531;112;ES;1
56185;2;742;9342;7038;;112;ES;4
56185;2;905;8012;7421;7470;108;SH;4
56185;3;150;8070;8737;7551;112;PP;2
56185;3;749;7479;8012;8677;108;ES;1
56185;3;1177;7470;7479;;108;ES, ENG;3
56186;2;639;6943;8075;8002;121;ES;4
56186;2;855;7028;7455;;121;ES;4
56186;2;1131;7484;7445;9366;120;ES;3
56186;2;1157;7445;9366;9335;120;ES;3
56186;3;1197;6992;7451;;120;PP;1
56187;1;14;9441;6919;9338;119;ES;4
56187;1;126;6948;9112;8026;117;ES;4
56187;1;255;8046;8051;6948;117;ES;3
56187;2;293;8567;8069;8051;117;ES;3
56187;2;386;6948;9123;9112;117;ES;3
56187;3;97;7478;8567;8043;117;ES;1
56187;3;472;8567;9354;7478;117;ES;1
56188;1;413;9305;7419;;118;PP;3
56188;1;934;7422;6941;7536;116;PP;3
56188;2;450;7983;7967;;116;ES;4
56188;3;658;7483;6941;7983;116;ES;3
56188;3;708;7973;7419;;118;ES;2
56188;3;860;8018;6957;;116;PP;2
56188;3;1191;9360;5802;;116;ES, ENG;1
56189;1;337;9358;8144;7032;110;ES;1
56189;1;760;7537;8537;6983;122;ES;3
56189;1;1007;7036;7539;;110;SH;3
56189;1;1142;7413;7036;;110;ES;1
56189;2;518;7539;7036;7413;110;ES;4
56189;2;533;8593;;;122;ES;1
56189;2;788;8028;9163;7413;110;ES;2
56189;3;1004;7977;8646;8593;122;ES;3
56190;1;395;9329;8669;8030;109;ES;3
56190;1;1117;7513;8030;8092;109;ES;1
56190;1;1143;7540;8087;8011;109;ES;3
56190;2;557;7979;7540;8092;109;ES;1
56190;3;36;7015;7411;;113;ES;3
56190;3;327;7531;9216;8596;113;ES;3
56190;3;573;7457;9269;7545;113;ES;4
56190;3;732;8093;9329;8099;109;ES;4
56190;3;872;8035;7440;7513;109;ES;1
56191;1;163;9349;9447;;106;ES;4
56191;1;1151;9330;9094;9319;105;ES;3
56191;2;223;7410;8678;6947;106;PP;4
56191;2;263;8693;8084;7456;105;ES;1
56191;2;736;9201;7968;6947;106;ES;3
56191;2;778;9330;7471;9319;105;ES;1
56191;2;803;9330;9319;7471;105;ES;4
56191;2;823;9330;9319;;105;ES;2
56191;3;173;9319;7471;;105;PP;2
56191;3;967;7410;8044;8678;106;ES;2
56191;3;1168;8149;7471;7456;105;ES, ENG;1
56192;1;123;7536;9360;7995;116;ES;1
56192;1;138;5802;7536;;116;PP;1
56192;1;495;7422;7536;6957;116;ES;1
56192;1;950;8591;7422;6957;116;ES;2
56192;1;1105;6957;5802;7422;116;ES;3
56192;2;839;7422;7536;;116;PP;3
56192;3;761;7492;7536;6941;116;ES;3
56192;3;891;7967;9360;;116;ES;3
56192;3;952;7536;9360;9177;116;ES;1
56193;1;658;6930;7424;;114;PP;1
56193;2;164;8055;7990;;114;ES;3
56193;2;269;7424;8055;8017;114;ES;4
56193;2;685;8733;8055;7438;114;PP;3
56193;2;806;7507;8048;8003;115;PP;1
56193;3;756;7424;7990;8536;114;ES;1
56194;1;206;8065;7421;9418;108;ES;3
56194;2;334;7004;9418;7470;108;ES;2
56194;2;412;8012;8690;9327;108;ES;3
56194;2;518;9327;8616;;108;PP;1
56194;2;878;8613;8602;7491;112;ES;4
56194;3;145;8737;7038;;112;PP;1
56195;1;826;9328;8618;8085;111;ES;1
56195;2;885;7533;6917;6951;111;PP;3
56195;2;989;7458;8542;8059;107;ES;3
56195;2;1111;9328;8085;7533;111;ES;3
56195;2;1177;8013;9432;;107;PP;1
56195;3;32;6917;8653;7550;111;ES;4
56195;3;125;8548;6917;8653;111;ES;3
56195;3;193;8008;8088;8580;111;ES;3
56195;3;374;7518;6917;7533;111;ES;1
56195;3;392;7518;6917;9351;111;ES;4
56195;3;473;8001;8085;;111;ES;1
56195;3;1000;7518;9351;9424;111;ES;4
56195;3;1062;9424;6917;7518;111;ES;3
56196;1;586;7036;7539;7413;110;ES;4
56196;1;873;8144;9213;8086;110;ES;2
56196;1;1121;7413;7539;7036;110;ES;4
56196;3;689;9300;7537;8029;122;PP;4
56196;3;1075;8029;9300;9359;122;ES;3
56196;3;1119;7036;9358;8144;110;ES;3
56197;1;198;6947;7410;7968;106;ES;3
56197;1;1157;9147;6970;7465;106;ES;4
56197;2;362;8546;8029;8646;122;ES;2
56197;2;693;7465;7410;6947;106;ES;3
56197;2;762;8646;9359;7537;122;ES;3
56197;2;973;8546;6983;;122;ES;3
56197;3;511;7410;6947;7968;106;ES;2
56197;3;682;7010;6970;8042;106;ES;3
56198;1;115;8141;8023;7455;121;ES;3
56198;1;699;6950;8016;9338;119;PP;2
56198;1;1086;8555;7028;8002;121;PP;2
56198;2;421;7028;6943;;121;PP;4
56198;2;1074;7414;6919;;119;ES;2
56198;3;178;7455;6943;8002;121;PP;4
56198;3;642;8556;7455;8555;121;PP;2
56199;1;697;7553;8597;7490;109;ES;1
56199;1;713;8093;7490;7553;109;ES;2
56199;2;612;7421;7479;7470;108;PP;4
56199;3;155;7470;9327;7004;108;ES;3
56199;3;448;8083;8054;;108;ES;4
56199;3;633;7540;7440;8030;109;PP;4
56200;1;121;8742;7445;9366;120;ES;1
56200;1;260;7484;7451;9366;120;PP;1
56200;1;1095;7445;9366;7991;120;PP;1
56200;3;306;8017;7530;8540;114;ES;3
56200;3;386;8055;8733;8024;114;PP;2
56200;3;473;7459;7495;9335;120;ES;1
56200;3;641;6992;7451;9366;120;PP;1
56201;1;290;9320;8030;7540;109;PP;4
56201;2;206;7464;8084;7456;105;PP;3
56201;2;411;7464;8084;7456;105;PP;3
56201;2;477;7464;7456;;105;PP;3
56201;3;563;7471;9330;;105;ES;1
56201;3;661;8030;8011;7540;109;ES;3
56201;3;678;8011;7540;8087;109;ES;1
56202;1;433;9431;8601;7451;120;ES;2
56202;1;1136;9366;7484;7451;120;ES;2
56202;2;277;6992;9366;7484;120;ES;2
56202;2;718;8034;7958;6950;119;ES;4
56203;1;606;9430;7018;;118;PP;1
56203;1;842;7033;6948;7478;117;PP;3
56203;2;202;7973;7018;;118;ES;3
56203;3;18;9305;7018;;118;PP;1
56203;3;107;7419;9430;9311;118;PP;1
56203;3;1120;8585;8051;;117;ES;4
56203;3;1159;7478;6948;7033;117;PP;1
56204;1;948;7551;8737;7002;112;ES;3
56204;2;715;8738;7533;6951;111;ES;3
56204;3;121;8737;9342;;112;ES;2
56204;3;688;8737;7976;9342;112;ES;3
56204;3;810;9342;7038;;112;ES;1
56204;3;1078;6951;6917;;111;PP;4
56205;1;435;8048;9315;7507;115;ES;1
56205;1;569;7449;7436;9404;115;PP;3
56205;1;1167;9315;8048;;115;ES;4
56205;2;300;7507;8647;8003;115;ES;3
56205;3;23;9404;9425;7449;115;PP;3
56205;3;593;8048;9315;7449;115;ES;4
56206;1;44;7422;6957;;116;ES;1
56206;1;430;7015;7411;8061;113;PP;3
56206;1;1077;7422;7536;6941;116;PP;4
56206;2;373;8534;5802;9360;116;ES;2
56206;3;122;7995;5802;6941;116;ES;2
56206;3;409;7015;9336;7411;113;PP;3
56206;3;651;8599;6941;7492;116;ES;4
56206;3;985;7492;8018;6941;116;ES;3
56207;1;929;7426;8012;8054;108;ES;3
56207;2;72;7452;7539;8144;110;ES;1
56207;2;858;7539;7032;7959;110;ES;4
56207;2;986;8144;7542;9358;110;PP;3
56207;2;990;8086;8098;8144;110;ES;4
56207;3;548;8028;7032;;110;ES;4
56207;3;673;7479;;;108;ES;1
56208;1;328;8005;7465;6947;106;ES;3
56208;1;406;8537;8705;7537;122;ES;3
56208;2;84;6970;6947;7410;106;ES;4
56208;2;1007;8646;9359;8593;122;PP;4
56208;2;1036;9130;8029;9174;122;ES;2
56208;2;1051;9349;8005;;106;ES;1
56208;3;1189;6970;7010;;106;PP;1
56209;1;165;7424;6930;7990;114;ES;1
56209;1;537;7455;8002;7028;121;PP;3
56209;1;581;9095;6930;8024;114;ES;3
56209;1;701;8055;7438;8024;114;PP;4
56209;1;776;8075;8002;7514;121;ES;2
56209;2;124;7424;6930;;114;PP;1
56209;2;175;7424;6930;7990;114;ES;1
56209;2;673;8606;8733;8055;114;ES;3
56209;3;532;8024;8055;8733;114;ES;1
56210;1;1067;7451;7445;;120;ES;4
56210;2;220;8078;7548;;120;ES;2
56210;2;329;7484;6992;9366;120;ES;1
56210;2;470;9335;9431;9366;120;ES;2
56210;2;774;9366;8742;6992;120;ES;3
56210;2;1118;7451;9335;7459;120;PP;3
56210;3;73;8078;6992;7451;120;ES;4
56211;1;246;6948;8097;8046;117;PP;1
56211;1;283;7033;8151;7051;117;ES;3
56211;1;311;8563;7044;7534;121;ES;3
56211;2;216;8051;6948;7033;117;ES;1
56211;2;359;7998;6948;7033;117;PP;1
56211;2;404;8043;8567;8151;117;ES;3
56212;1;1157;7422;7983;6941;116;ES;3
56212;2;32;7492;7983;6941;116;ES;3
56212;2;217;7492;6941;8599;116;ES;4
56212;2;650;7536;7483;6957;116;PP;3
56212;2;780;6941;7487;7492;116;ES;1
56212;3;83;7422;7536;6957;116;PP;3
56212;3;825;6957;7422;7995;116;ES;2
56213;1;695;8737;9444;9342;112;PP;1
56213;1;1145;9213;7539;7413;110;ES;2
56213;2;161;8602;9342;7491;112;ES;2
56213;2;516;7032;7413;7539;110;ES;4
56213;2;559;7032;;;110;ES;3
56213;3;7;7002;7491;;112;SH;2
56213;3;710;8602;9444;7491;112;ES;4
56213;3;802;7038;7981;7551;112;ES;3
56213;3;1085;7413;7036;8058;110;ES;1
56213;3;1162;8531;9444;;112;ES, ENG;4
56214;1;183;8093;9329;7979;109;ES;2
56214;1;470;7440;7513;;109;ES;3
56214;2;59;8093;8035;;109;ES;1
56214;2;762;7440;7513;;109;ES;3
56214;3;559;6983;7462;8029;122;PP;1
56214;3;1103;7513;8597;8030;109;ES;4
56215;1;79;6947;9147;7410;106;ES;2
56215;1;151;6970;7010;8042;106;ES;1
56215;1;391;9111;7411;;113;ES;3
56215;1;561;7015;9323;7545;113;PP;3
56215;2;331;9260;7545;;113;ES;3
56215;2;582;6970;7010;;106;PP;2
56215;3;19;7015;8061;7411;113;ES;2
56215;3;430;7980;7457;9260;113;ES;2
56215;3;1108;6947;9167;;106;ES;3
56216;1;248;7018;9305;9430;118;PP;1
56216;1;717;9343;7488;8720;118;PP;4
56216;2;279;7990;8055;;114;ES;3
56216;2;631;9430;8720;9362;118;SH;4
56216;2;1030;7018;9305;9343;118;ES;2
56216;3;498;7978;9430;;118;ES;2
56216;3;525;7488;9362;7419;118;ES;3
56217;1;217;9404;7449;7982;115;ES;3
56217;1;529;9315;9425;;115;SH;4
56217;1;730;9425;9404;7449;115;PP;2
56217;1;1120;9425;9315;9404;115;ES;1
56217;2;503;9425;9404;;115;ES;3
56217;2;766;9315;7449;9404;115;ES;4
56217;2;959;8633;8048;;115;ES;4
56217;3;76;7471;9330;9261;105;ES;2
56217;3;97;9330;7471;8084;105;ES;1
56217;3;888;9404;8003;7507;115;ES;2
56218;1;70;6917;7550;8738;111;PP;2
56218;1;583;6951;8738;7533;111;PP;2
56218;1;1066;6951;8738;7533;111;PP;1
56218;2;222;8012;7473;9344;108;ES;1
56218;2;581;8690;7426;8065;108;ES;2
56218;2;910;7479;7004;;108;ES;3
56218;2;1158;6951;7533;;111;ES;2
56218;3;58;8738;7533;;111;ES;2
56218;3;217;8083;7421;;108;ES;3
56218;3;374;8074;8677;;108;ES;4
56218;3;726;7004;7479;7470;108;ES;2
56218;3;730;7470;7479;7004;108;ES;4
56218;3;1106;8083;8074;;108;ES;1
56219;1;33;6957;7422;7483;116;ES;4
56219;1;118;5802;7483;7995;116;ES;3
56219;1;401;7483;6957;7536;116;ES;2
56219;1;1079;7422;7995;7483;116;PP;4
56219;2;592;5802;7995;9360;116;PP;4
56219;2;995;8591;7483;6957;116;ES;1
56219;2;1031;6941;7492;;116;ES;3
56219;3;168;8013;8702;7453;107;ES;3
56219;3;295;6957;7995;7536;116;PP;3
56219;3;938;6941;7536;6957;116;ES;4
56773;1;10;7523;8742;6992;120;ES;3
56773;1;89;7962;7495;7548;120;ES;4
56773;1;144;7537;7462;6983;122;PP;4
56773;1;414;7484;7523;6992;120;ES;3
56773;1;540;7523;7459;7445;120;PP;1
56773;1;1036;7462;6983;7537;122;PP;2
56773;2;376;7459;9335;;120;ES;4
56773;2;709;7484;7548;6992;120;ES;2
56773;3;742;7462;6983;7537;122;ES;3
56773;3;904;9431;7523;6992;120;ES;2
56773;3;1129;7459;7548;9335;120;ES;1
56775;1;382;6950;9338;9441;119;PP;1
56775;1;390;8532;8655;7414;119;PP;1
56775;1;505;9424;8618;;111;ES;1
56775;1;1114;6951;8618;7533;111;ES;3
56775;2;144;8016;9178;8655;119;ES;1
56775;2;271;9424;8085;8618;111;ES;2
56775;2;406;7550;9328;;111;PP;1
56775;2;861;6951;7533;9328;111;PP;3
56775;2;1123;8008;8580;8001;111;ES;4
56775;3;236;7414;8034;9084;119;ES;2
56775;3;379;8655;8615;8016;119;ES;3
56777;1;812;8606;7424;8024;114;PP;2
56777;2;111;7051;8069;8046;117;ES;1
56777;2;364;7033;7478;6948;117;PP;1
56777;3;246;6948;7478;7033;117;PP;3
56777;3;286;8733;8024;;114;ES;4
56777;3;657;7998;7033;8043;117;ES;2
56779;2;724;7490;7540;8162;109;ES;3
56779;2;804;7038;9444;;112;ES;3
56779;2;885;8035;9320;;109;ES;4
56779;3;182;8737;8531;8070;112;PP;3
56779;3;232;8070;9342;8737;112;PP;3
56779;3;576;8093;7540;7979;109;ES;3
56779;3;636;8602;7038;;112;ES;3
56779;3;1172;7513;7553;8099;109;ES;3
56781;1;64;7507;8003;8647;115;ES;3
56781;1;966;8066;7436;;115;ES;2
56781;1;1038;6947;6970;9447;106;ES;2
56781;1;1180;9404;9425;7449;115;PP;3
56781;2;99;8584;7982;9105;115;ES;4
56781;2;789;6947;7010;;106;ES;3
56781;2;820;6947;6970;7010;106;ES;1
56781;2;898;8003;9315;;115;ES;2
56781;3;35;8066;8032;7449;115;ES;3
56783;1;624;7018;9305;7419;118;PP;3
56783;1;905;6957;7536;7422;116;PP;3
56783;1;1107;6957;7536;;116;ES;3
56783;2;82;7487;7536;9360;116;ES;1
56783;2;618;6957;7422;7483;116;PP;1
56783;2;832;7536;6957;7483;116;PP;3
56783;3;523;9360;6941;7995;116;ES;4
56783;3;906;7483;6957;7422;116;PP;4
56783;3;927;7973;9305;;118;ES;3
56785;1;987;8068;7584;8028;110;ES;1
56785;1;1131;6943;8145;8556;121;ES;3
56785;3;164;7032;8681;9358;110;ES;3
56785;3;412;9358;7032;7959;110;ES;3
56785;3;794;7539;7036;;110;ES;3
56787;1;772;7456;7464;;105;PP;3
56787;1;799;8084;7456;;105;PP;3
56787;2;433;7464;8084;8693;105;ES;4
56787;3;901;7453;9357;9432;107;ES;2
56789;1;288;7473;8065;7421;108;ES;2
56789;1;894;9323;7545;7980;113;ES;1
56789;3;245;7531;7015;;113;ES;3
56789;3;459;7411;7015;7980;113;PP;4
56789;3;482;7479;6928;7470;108;PP;3
56789;3;719;7470;6928;7479;108;PP;1
56791;1;68;8012;8649;;108;ES;4
56791;1;555;7479;8649;;108;ES;4
56791;2;247;7455;8145;7028;121;PP;4
56791;2;1080;8145;9214;;121;ES;4
56791;3;277;7470;9327;6928;108;SH;4
56791;3;1154;8054;7426;7470;108;ES;3
56793;1;109;8666;7002;8010;112;ES;1
56793;1;621;9342;8602;9444;112;ES;2
56793;2;52;8531;9342;9444;112;ES;1
56793;2;286;9151;8737;7551;112;ES;4
56793;3;128;7462;7537;;122;PP;4
56793;3;325;8737;9342;9444;112;PP;3
56793;3;463;8010;8531;8067;112;ES;4
56793;3;482;8010;9444;8531;112;ES;4
56793;3;505;9342;9444;;112;ES;4
56793;3;854;7038;8602;8737;112;PP;2
56793;3;911;8010;8531;7491;112;ES;2
56793;3;987;7038;7551;8737;112;ES;3
56795;1;383;7968;7010;6970;106;ES;2
56795;1;513;7414;6919;8525;119;ES;4
56795;2;439;8005;7465;9447;106;ES;2
56795;2;999;7410;8005;8042;106;PP;3
56795;3;789;9447;6970;7010;106;SH;2
56797;1;696;7483;6957;9360;116;PP;2
56797;1;971;7445;8742;7484;120;ES;3
56797;2;26;7983;8591;7492;116;ES;4
56797;2;385;9366;7445;6992;120;PP;3
56797;3;147;9335;7459;7445;120;ES;3
56797;3;621;8599;6957;7492;116;PP;4
56797;3;770;6941;9360;8591;116;ES;1
56797;3;1037;7459;8078;6992;120;PP;4
56799;1;242;7998;9153;8567;117;ES;4
56799;1;1114;7456;8084;;105;PP;1
56799;1;1125;7471;8007;9319;105;ES;3
56799;1;1188;7033;7051;8097;117;ES;3
56799;2;587;7051;6948;;117;ES;3
56799;2;899;7478;7998;;117;ES;4
56799;3;72;9319;9261;7471;105;ES;3
56799;3;79;8046;7051;8151;117;ES;2
56799;3;87;8046;9270;;117;ES;1
56799;3;176;8046;8051;8151;117;ES;1
56799;3;1134;8046;7051;;117;PP;4
56801;1;655;7542;7036;;110;ES;1
56801;1;1071;8144;8681;7542;110;PP;3
56801;1;1164;8092;7979;9320;109;ES;3
56801;2;653;7539;7036;7413;110;PP;2
56801;3;467;7032;9207;8028;110;ES;1
56801;3;504;8147;8093;;109;ES;4
56803;1;94;8055;7990;8733;114;PP;1
56803;1;581;8733;8541;7990;114;ES;1
56803;2;200;8080;7990;;114;ES;1
56803;3;100;9267;9336;7411;113;ES;4
56803;3;813;8733;6930;8536;114;ES;4
56805;1;413;8048;8622;;115;ES;1
56805;2;716;7449;9404;9425;115;PP;2
56805;3;19;8163;8013;7503;107;ES;2
56805;3;144;9142;9192;8089;107;ES;3
56805;3;500;7436;8032;;115;ES;3
56805;3;968;7503;8543;9137;107;ES;1
56805;3;1080;9106;9425;8003;115;ES;2
56807;1;131;8720;8635;9343;118;ES;2
56807;1;290;7518;8580;;111;ES;4
56807;1;424;8635;7547;;118;ES;4
56807;1;525;8085;9351;7533;111;ES;4
56807;1;996;7488;8526;;118;ES;4
56807;1;1123;9424;8008;6917;111;ES;2
56807;2;474;7018;9305;;118;PP;2
56807;2;760;9362;7978;7018;118;PP;3
56807;3;216;7518;9328;8085;111;ES;4
56807;3;633;9305;9343;7018;118;ES;3
56809;1;338;6950;;;119;ES;1
56809;1;353;6950;8532;9338;119;ES;3
56809;1;1128;8005;6970;9349;106;ES;3
56809;2;472;9338;6950;7468;119;ES;4
56809;2;1059;6950;7468;8016;119;ES;4
56811;1;852;9097;8059;;107;ES;3
56811;1;937;9425;8032;;115;ES;1
56811;2;444;7503;9144;9432;107;ES;1
56811;3;862;7458;7416;;107;PP;1
56811;3;1040;8539;7988;8003;115;ES;3
56813;1;77;8098;8068;7959;110;ES;3
56813;1;740;7542;9358;;110;ES;4
56813;1;831;9358;7542;8144;110;ES;4
56813;2;540;8068;8681;7959;110;ES;3
56813;2;1024;6992;9366;8742;120;PP;3
56815;1;93;9424;7518;9351;111;ES;3
56815;1;369;6951;8548;8008;111;ES;2
56815;1;422;6951;8085;7533;111;ES;3
56815;1;524;7518;9351;6917;111;ES;3
56815;1;932;6917;8548;8600;111;ES;1
56815;2;793;7533;8008;8085;111;ES;1
56815;3;1049;8668;8618;7518;111;ES;1
56817;1;402;8030;7490;7440;109;PP;3
56817;1;557;7490;7540;;109;ES;2
56817;2;481;7464;7456;8084;105;PP;3
56817;2;1044;8030;7553;;109;PP;1
56817;2;1097;8087;9320;8162;109;PP;3
56817;2;1149;7513;8030;8011;109;ES;3
56817;3;106;7553;9320;8162;109;PP;3
56817;3;852;8692;7553;;109;ES;2
56817;3;890;7553;8597;8162;109;ES;3
56819;1;1066;7438;8045;7424;114;SH;3
56819;2;514;8024;8536;8528;114;ES;4
56819;2;616;7424;8606;8055;114;ES;3
56819;2;881;8010;7976;;112;ES;3
56819;2;1162;8024;7424;8080;114;ES;1
56819;3;299;8055;7438;7990;114;PP;2
56821;1;461;9260;7457;7980;113;ES;2
56821;2;237;7545;9336;9267;113;ES;4
56821;3;613;7015;7457;8631;113;PP;4
56821;3;650;7478;7998;6948;117;ES;2
56823;1;191;7455;8556;7028;121;ES;3
56823;1;315;6943;8002;;121;ES;2
56823;1;583;9360;7536;7995;116;ES;3
56823;1;621;7483;6957;6941;116;ES;1
56823;1;939;9110;6957;7483;116;ES;2
56823;1;1140;8018;7422;7483;116;PP;2
56823;2;199;7483;6957;7422;116;PP;4
56823;3;291;8534;7995;9360;116;PP;2
56823;3;806;7492;9110;7536;116;ES;2
56823;3;851;6941;7492;7536;116;PP;2
56823;3;910;6941;8018;7492;116;ES;3
56825;1;295;9343;9305;7018;118;PP;1
56825;1;1102;9343;7018;9305;118;ES;1
56825;2;430;7470;9327;7004;108;ES;3
56825;2;745;7473;6928;7421;108;PP;1
56825;2;860;7978;8720;9362;118;ES;2
56825;2;1012;9305;9343;9311;118;ES;1
56825;2;1073;7004;9418;7421;108;ES;4
56827;1;192;7473;9418;8616;108;ES;3
56827;1;841;7470;9344;;108;PP;1
56827;2;1073;7002;8070;;112;PP;3
56827;3;173;7004;9418;7470;108;PP;3
56827;3;451;8012;8524;;108;ES;2
56827;3;900;7551;8531;8067;112;ES;3
56829;1;667;8073;8077;8005;106;SH;4
56829;2;15;8042;9447;7410;106;ES;4
56829;2;45;6970;9447;8042;106;ES;2
56829;2;869;9329;9320;8035;109;ES;3
56829;2;969;8035;9320;;109;ES;1
56829;3;327;8036;8011;8669;109;ES;4
56829;3;1192;6970;7010;;106;ES;1
56831;1;1120;8055;8017;7990;114;PP;1
56831;2;357;7518;7550;;111;ES;3
56831;2;964;9424;6951;9328;111;PP;1
56831;3;207;9328;6951;;111;ES;4
56831;3;256;9424;8634;7518;111;ES;3
56831;3;506;9424;9328;6951;111;PP;1
56831;3;870;8668;8008;8600;111;ES;1
56833;1;411;9319;8619;8693;105;ES;3
56833;1;530;7464;9319;7456;105;ES;3
56833;1;1168;7995;5802;7492;116;ES;3
56833;2;872;8619;8084;8090;105;ES;4
56833;2;962;7536;7422;6957;116;ES;1
56835;1;303;8095;8146;8601;120;ES;3
56835;1;771;8026;7478;9354;117;ES;3
56835;1;866;7962;7548;7445;120;SH;3
56835;2;590;8151;6948;7478;117;PP;2
56835;2;1157;9123;7478;6948;117;ES;1
56835;3;1001;9366;6992;7459;120;PP;2
56837;1;197;7537;9259;6983;122;PP;3
56837;1;253;6983;7462;;122;PP;3
56837;1;885;9259;8039;9130;122;ES;1
56837;2;130;8705;9154;6983;122;ES;4
56837;3;507;7414;6950;6919;119;ES;3
56837;3;882;6983;9359;;122;ES;2
56839;1;53;7413;7452;7539;110;ES;2
56839;1;420;8089;8033;;107;ES;4
56839;1;431;8091;9213;8058;110;ES;3
56839;1;855;7416;9192;9357;107;ES;2
56839;1;1020;7959;8098;7413;110;ES;2
56839;2;210;7452;7036;7539;110;PP;2
56839;2;468;8033;9142;7503;107;ES;1
56839;2;927;9163;9358;7032;110;ES;2
56839;2;1063;7413;7539;7036;110;ES;3
56839;3;521;7036;9163;;110;SH;3
56841;1;456;7411;7015;;113;PP;4
56841;1;929;7545;9267;8594;113;ES;2
56841;3;371;7015;7965;;113;PP;3
56843;1;402;7973;7419;8526;118;ES;3
56843;2;891;7973;8009;8720;118;ES;3
56843;3;702;7488;8728;9362;118;ES;4
56843;3;711;8676;8728;7978;118;ES;3
56845;1;199;8073;8005;;106;ES;1
56845;1;342;7436;7507;8048;115;ES;3
56845;1;722;7010;6970;8042;106;ES;3
56845;1;967;8005;7410;9349;106;ES;3
56845;2;21;9425;8048;9404;115;ES;3
56845;2;351;7010;6970;9349;106;PP;1
56845;2;389;9167;7465;;106;ES;3
56845;2;454;8042;8678;7010;106;ES;1
56845;2;470;9404;8032;7449;115;ES;1
56845;2;1090;8574;7507;9191;115;ES;3
56845;3;40;7465;6947;8678;106;ES;3
56845;3;94;7507;7436;8048;115;ES;3
56845;3;134;7010;9447;8042;106;PP;4
56845;3;720;7410;9447;8005;106;ES;1
56847;1;83;7413;7539;7032;110;PP;2
56847;1;421;8681;7036;7539;110;ES;2
56847;1;431;9358;8144;8068;110;ES;3
56847;1;649;7051;7033;7478;117;ES;1
56847;2;941;7033;7051;;117;ES;2
56847;2;1160;7051;7033;;117;ES;3
56847;3;427;7452;7584;7032;110;ES;3
56847;3;455;7478;7051;8046;117;PP;2
56847;3;970;8151;7478;6948;117;PP;1
56847;3;1123;7413;7036;8058;110;ES;3
56849;2;186;9444;8547;;112;ES;1
56849;2;372;9342;8737;7038;112;PP;3
56849;2;394;8067;7002;;112;ES;4
56849;2;601;8737;8070;9188;112;ES;3
56849;2;694;7491;7038;7960;112;ES;1
56849;2;730;7965;7411;7457;113;ES;3
56849;2;1042;7551;8737;;112;ES;3
56849;3;27;7411;8062;7965;113;PP;4
56849;3;230;9336;9267;8594;113;ES;4
56849;3;882;7457;9336;7965;113;ES;4
56849;3;1132;9336;7545;;113;SH;4
56851;1;99;6930;8080;8733;114;ES;1
56851;1;283;8055;8024;7424;114;ES;2
56851;1;475;8055;8603;8733;114;ES;2
56851;1;586;7424;8603;8733;114;SH;2
56851;1;896;8540;7990;;114;ES;1
56851;1;922;7462;9130;7443;122;ES;2
56851;2;843;6930;8733;;114;ES;3
56851;3;802;7438;8665;9160;114;ES;4
56851;3;1101;8055;8733;8606;114;ES;1
56851;3;1164;8733;7438;6930;114;PP;2
56853;1;31;8088;8001;8653;111;ES;3
56853;1;140;9305;7978;7018;118;ES;1
56853;1;345;6951;9351;7550;111;ES;4
56853;1;490;9343;9305;7018;118;PP;3
56853;1;646;7533;9424;9328;111;PP;3
56853;1;1039;9343;7419;7018;118;PP;2
56853;2;80;7585;9343;9305;118;ES;1
56853;2;400;7550;7533;6951;111;PP;3
56853;3;302;9362;9311;7973;118;ES;4
56853;3;315;6917;9351;;111;ES;1
56853;3;497;7978;7973;9311;118;PP;2
56855;1;33;7995;6957;7536;116;ES;1
56855;1;46;6957;7483;7422;116;ES;4
56855;1;92;7455;7028;8556;121;PP;4
56855;1;343;6957;7483;7422;116;PP;3
56855;1;549;7514;8556;;121;PP;1
56855;2;78;7995;7536;7422;116;PP;4
56855;3;482;8018;7967;5802;116;ES;4
56855;3;510;9360;7536;7483;116;ES;3
56857;1;50;9329;7490;7979;109;ES;3
56857;2;790;7470;8649;7004;108;ES;3
56857;2;859;7470;7421;7004;108;ES;3
56857;3;520;7540;7979;7490;109;ES;2
56857;OT1;296;8054;6928;;108;ES;3
56859;1;260;8090;9261;;105;ES;1
56859;1;823;9330;8693;9319;105;ES;3
56859;2;10;8149;8084;8090;105;ES;4
56859;2;555;7503;7458;8089;107;ES;2
56859;2;1177;9094;7464;8090;105;ES;1
56861;1;226;8525;6919;;119;ES;3
56861;1;453;7484;9431;9335;120;ES;4
56861;1;701;6992;9335;7484;120;ES;3
56861;2;174;7414;7958;8034;119;SH;2
56861;2;182;7414;7958;9096;119;SH;4
56861;2;476;7991;8078;9366;120;ES;1
56861;2;928;9335;7991;9366;120;ES;1
56861;3;203;7962;9431;7548;120;ES;4
56861;3;835;7484;9335;9366;120;PP;1
56861;3;1178;7991;8078;9335;120;ES;2
56863;1;341;8567;7478;9354;117;ES;3
56863;1;531;7032;8028;7036;110;ES;1
56863;1;694;7413;7539;7036;110;ES;3
56863;2;46;9358;8098;8681;110;ES;4
56863;2;811;7959;8058;8068;110;ES;1
56863;3;80;7452;7036;7539;110;PP;1
56863;3;805;6948;7051;7033;117;PP;1
56863;3;851;7413;8058;;110;ES;3
56863;3;1177;7452;7413;7036;110;PP;1
56865;1;1106;8737;9151;8547;112;ES;2
56865;1;1114;7464;8619;9319;105;ES;2
56865;2;517;7551;8737;8010;112;ES;3
56865;2;592;8737;7551;;112;ES;1
56865;3;1160;7981;8070;7491;112;ES, ENG;1
56865;3;1182;7981;8547;9148;112;ES;3
56867;1;35;9362;9325;7488;118;ES;4
56867;1;332;7488;9305;9343;118;ES;3
56867;1;712;9343;9305;7018;118;ES;2
56867;2;261;7585;7488;7419;118;ES;1
56867;2;817;9305;8635;9343;118;ES;2
56867;2;906;8034;7468;6950;119;ES;4
56867;2;1141;7488;9311;7419;118;ES;1
56867;3;126;9305;9343;7018;118;ES;1
56869;1;501;7462;8593;7537;122;ES;3
56869;1;562;7548;7459;;120;ES;1
56869;1;1082;8742;7495;7459;120;ES;3
56869;2;271;7484;7445;9366;120;PP;2
56869;2;1114;7459;8742;9366;120;ES;3
56869;3;824;9359;7462;;122;PP;4
56869;3;895;7537;8546;8039;122;ES;4
56869;3;998;7459;8742;9335;120;ES;2
56869;3;1105;8546;9359;;122;PP;1
56871;1;140;7980;8061;;113;ES;3
56871;1;539;7968;9147;8005;106;ES;1
56871;1;940;7015;7411;;113;ES;3
56871;1;1080;8073;8005;;106;ES;1
56871;1;1088;7015;7545;7411;113;ES;1
56871;2;444;9447;7010;6970;106;PP;3
56871;2;496;9260;7457;7980;113;ES;1
56871;2;1068;8042;6970;7010;106;PP;1
56871;2;1109;8062;8596;;113;ES;3
56871;3;508;6947;7968;;106;PP;3
56873;1;137;7449;8048;8539;115;ES;4
56873;1;562;8032;9425;7449;115;PP;3
56873;1;803;9404;8048;;115;PP;1
56873;1;1063;9344;8677;8012;108;ES;1
56873;1;1119;9404;7436;;115;ES;4
56873;2;101;9404;8003;;115;ES;3
56873;2;577;7470;8054;8677;108;ES;3
56875;1;124;9328;7533;6917;111;ES;3
56875;1;548;9424;8088;9351;111;ES;4
56875;2;248;8606;6930;8733;114;ES;3
56875;2;593;7424;8055;7990;114;ES;4
56875;2;790;8606;8733;6930;114;PP;1
56875;3;446;6930;7424;8733;114;PP;4
56875;3;1181;7424;7990;;114;ES, ENG;4
56877;1;369;8145;8002;6943;121;ES;3
56877;1;429;7422;6957;7483;116;ES;2
56877;2;874;7422;9222;8599;116;PP;3
56879;1;781;9329;8147;;109;ES;2
56879;1;864;8163;9357;9432;107;ES;1
56879;1;907;8013;9432;;107;ES;4
56879;1;972;8087;7540;8092;109;ES;1
56879;1;1047;8035;8011;;109;ES;1
56879;2;90;7553;8147;8162;109;ES;3
56879;2;969;7440;7540;;109;PP;3
56879;3;26;7503;8542;9097;107;ES;1
56879;3;813;7513;7440;;109;PP;1
56881;1;639;8556;8563;8145;121;ES;4
56881;1;1139;8163;7453;7503;107;ES;3
56881;2;87;8542;8163;7416;107;ES;1
56881;2;184;8063;8702;8059;107;ES;4
56881;2;846;8013;8543;7503;107;ES;4
56881;3;10;8059;7453;;107;PP;1
56883;1;16;8733;7438;7990;114;ES;4
56883;1;75;6930;8733;7990;114;PP;1
56883;1;869;7015;9323;9260;113;ES;4
56883;2;448;8024;8536;;114;ES;3
56883;3;770;8080;7990;6930;114;ES;3
56885;1;267;7413;7036;;110;PP;3
56885;1;304;8005;8678;;106;ES;2
56885;1;318;8678;8005;7410;106;SH;4
56885;1;452;9447;8005;;106;PP;4
56885;1;1000;7413;7542;7036;110;PP;1
56885;2;695;7036;7542;7413;110;PP;3
56885;2;705;6947;8044;;106;ES;2
56885;2;949;7959;8091;9163;110;ES;2
56885;2;1178;7542;7413;7036;110;PP;1
56885;3;203;7410;7010;9447;106;PP;2
56885;3;392;7010;8678;;106;ES;1
56887;1;396;8051;8567;7033;117;SH;3
56887;1;548;6948;7051;8046;117;PP;1
56887;2;747;7478;8046;6948;117;PP;3
56887;3;627;8609;8016;8034;119;PP;3
56887;3;894;8069;7033;7998;117;ES;1
56889;1;926;9328;8088;8618;111;ES;4
56889;1;1108;7551;9342;8737;112;ES;3
56889;1;1134;8070;7551;8737;112;ES;1
56889;2;315;7551;8737;7976;112;ES;1
56889;2;412;7491;9188;8602;112;ES;3
56889;2;588;8070;7551;8737;112;ES;4
56889;3;289;7002;8531;8737;112;PP;1
56891;1;793;6941;7536;9360;116;ES;3
56891;3;531;7492;6957;7483;116;PP;1
56891;3;717;7995;7422;7483;116;ES;4
56891;3;1187;7967;9360;5802;116;ES;1
56893;1;62;6983;7537;7462;122;ES;1
56893;1;137;9366;7962;7459;120;ES;4
56893;1;580;7991;6992;9431;120;ES;1
56893;2;467;8148;8095;9262;120;ES;1
56893;2;504;7495;7484;9335;120;ES;2
56893;2;1058;7484;8742;7495;120;ES;4
56893;3;68;7445;9335;7495;120;ES;2
56893;3;253;7962;7445;7459;120;ES;2
56893;3;535;8148;8601;7548;120;ES;4
56895;1;208;7421;7004;7473;108;ES;3
56895;1;735;8693;9330;8090;105;ES;3
56895;1;743;7470;8677;;108;ES;3
56895;1;852;8054;9344;7004;108;ES;2
56895;2;336;6928;7421;;108;ES;3
56895;2;628;7473;6928;;108;PP;1
56895;2;838;7473;7470;6928;108;PP;2
56895;3;931;8012;7426;7479;108;ES;1
56897;1;511;9305;9343;;118;ES;1
56897;1;550;7979;9329;8099;109;ES;3
56897;1;631;8087;7513;7540;109;ES;3
56897;2;318;7553;7540;7440;109;ES;3
56897;2;407;8087;7540;8162;109;PP;2
56897;3;517;7513;8093;;109;PP;4
56897;3;1062;8135;9311;8623;118;ES;3
63098;1;47;6295;5625;;142;PP;3
63098;1;661;6417;6903;6274;137;ES;4
63098;2;418;6148;6510;5478;142;ES;1
63098;3;195;5750;6897;3347;142;ES;4
63098;3;468;3371;2872;5358;142;ES;3
63072;1;20;5378;7618;6240;144;ES;1
63072;1;696;5611;7199;;146;ES;3
63072;2;490;7047;5469;6589;144;ES;3
63072;2;832;5378;7618;6240;144;ES;2
63072;3;279;6916;2879;7199;146;ES;3
63072;3;845;6240;5744;5378;144;ES;4
63128;1;790;5627;6478;6558;151;ES;4
63128;2;564;6350;6397;6026;149;ES;1
63128;3;396;9461;6558;7381;151;PP;2
63128;3;1047;6006;5710;5520;151;ES;1
63128;3;1109;6921;9461;5396;151;SH;1
63972;1;839;5939;6622;6128;127;ES;1
63972;1;1011;6577;5500;6646;130;PP;3
63972;1;1038;6474;2858;5689;130;ES;4
63972;1;1078;5439;6474;6835;130;ES;1
63972;2;341;6298;6129;2854;127;PP;4
63972;2;384;2858;5574;5622;130;ES;1
63972;2;426;6289;2850;;127;ES;4
63972;2;807;5572;6129;6289;127;ES;2
63972;3;363;5758;5569;6577;130;ES;2
63972;3;405;2854;6298;3886;127;ES;2
63972;3;444;5689;3416;5500;130;ES;4
63972;3;1114;5407;6156;2850;127;ES;2
63080;2;59;5447;6471;6348;126;ES;1
63080;2;168;6348;5368;5613;126;ES;4
63080;2;926;6348;5561;5368;126;PP;4
63080;3;129;5368;6220;6348;126;ES;3
63080;3;1162;5581;6080;6031;138;ES;3
63516;2;51;5957;5786;;129;ES;1
63516;2;720;5763;3221;;129;ES;3
63516;3;135;6455;5741;3450;131;ES;2
63169;1;266;5527;6711;5571;136;ES;2
63169;1;887;5571;6894;7006;136;ES;4
63169;2;229;6106;6599;5502;140;PP;3
63169;2;336;5537;6221;6286;140;ES;1
63169;2;365;6599;6221;5537;140;ES;2
63169;2;1024;5688;7006;;136;ES;4
63169;3;220;9460;6599;5502;140;ES;2
63169;3;742;6962;6872;;136;SH;3
63169;3;1106;5823;6555;;136;ES;4
63068;1;413;6086;6003;;139;ES;1
63068;1;467;6078;5737;5374;143;ES;3
63068;1;837;2865;5488;;139;ES;1
63068;2;45;6160;2844;5374;143;ES;3
63068;3;928;5665;5805;;143;ES;1
63081;1;666;3425;5786;3221;129;PP;3
63081;1;772;6612;5627;6921;151;ES;2
63081;3;425;5763;3221;5957;129;ES;4
63093;1;148;7047;6741;;144;PP;3
63093;1;774;7047;;;144;ES;3
63093;2;450;6219;6741;6589;144;ES;4
63093;3;423;5805;5737;;143;ES;3
63101;2;402;9331;6525;3398;145;ES;2
63101;2;886;6260;6839;5956;145;PP;1
63087;1;167;6295;5625;6043;142;ES;4
63087;1;569;5750;5659;3372;142;ES;2
63087;1;801;6043;5478;5625;142;ES;3
63087;1;1083;5625;5358;6295;142;ES;4
63087;2;89;6510;3347;5410;142;ES;3
63087;2;111;6897;3347;5358;142;ES;1
63087;2;824;5502;9460;;140;ES;4
63087;2;832;5502;6616;9460;140;ES;3
63087;3;74;3371;3347;3372;142;ES;3
63079;1;411;3882;6553;5379;132;ES;1
63079;1;633;6356;5472;;147;ES;3
63079;1;664;6492;3882;3423;132;ES;4
63079;2;220;6649;6152;6314;147;PP;2
63079;2;791;6201;5379;6552;132;ES;3
63079;3;416;6546;6556;6552;132;ES;4
63069;1;761;5671;6211;5727;134;PP;3
63069;2;110;5991;6058;6955;133;ES;2
63069;2;950;5720;6733;5547;133;ES;4
63069;3;458;6847;6125;2831;134;ES;1
63069;3;974;6002;6125;;134;ES;3
63069;3;1112;5953;6717;;133;ES;1
63160;1;1126;2885;5751;6700;148;ES;2
63160;2;14;3408;3885;2949;148;ES;1
63160;2;275;6489;3404;6257;156;ES;3
63160;2;415;6257;6290;3403;156;ES;3
63160;2;460;3218;3404;6290;156;ES;4
63160;2;976;6480;6559;6281;156;ES;2
63160;3;1004;5416;6559;3405;156;ES;4
63074;1;378;6757;6320;3819;135;ES;3
63074;2;122;6008;3480;3356;141;ES;4
63074;2;984;6074;3157;6320;135;ES;4
63074;2;1017;6473;3298;5638;141;ES;1
63074;3;718;5442;3799;5768;141;ES;3
63074;3;795;6008;3298;5638;141;ES;4
63074;3;1066;6969;6490;5616;135;ES;2
63067;1;207;6348;6735;7260;126;ES;3
63067;1;211;6186;5266;6014;128;ES;4
63067;1;323;5561;5613;6196;126;ES;3
63067;2;245;5585;6213;5644;128;PP;3
63067;2;618;5368;5447;5997;126;ES;3
63067;2;662;5613;5447;;126;ES;4
63067;2;681;6213;5266;6325;128;ES;1
63067;2;744;5764;6471;6505;126;ES;3
63067;3;143;6471;5764;;126;ES;1
63066;1;899;5575;7616;6069;150;PP;3
63066;3;103;6393;6594;;149;ES;4
63066;OT1;242;6239;5960;6347;149;ES;3
63123;1;72;6541;6933;;133;ES;3
63123;1;442;6955;6842;5953;133;ES;3
63123;2;132;6376;6733;6357;133;ES;3
63123;2;814;5611;6916;6891;146;PP;4
63123;2;886;5824;6376;5953;133;PP;1
63123;2;964;5551;2879;;146;ES;4
63123;2;988;6717;6933;6389;133;ES;1
63089;1;765;5488;6476;;139;ES;3
63089;1;874;6086;6003;6354;139;ES;3
63089;2;1035;3309;6839;;145;ES;1
63085;1;727;6080;5962;6133;138;PP;2
63085;3;234;5962;6133;6217;138;ES;2
63085;3;403;6325;6144;;128;ES;4
63085;3;670;6213;5524;5266;128;PP;3
63085;3;734;7021;6408;6055;138;ES;3
63085;3;980;6073;5978;5641;128;PP;3
63085;OT1;46;5962;6080;6513;138;PP;4
63078;1;1040;5961;3124;6757;135;ES;3
63078;2;332;6969;3249;5654;135;ES;4
63078;3;437;6532;5758;2500;130;ES;2
63078;3;642;5689;5569;;130;ES;3
63078;3;679;6757;6157;5961;135;ES;3
63076;1;324;5357;5638;2857;141;ES;4
63076;1;559;6069;6300;6243;150;ES;3
63076;1;666;6416;6222;6418;150;PP;3
63076;2;407;6102;2857;;141;ES;2
63076;3;322;6190;8183;5768;141;ES;1
63076;3;517;3298;5638;6008;141;ES;1
63092;1;595;6056;5741;8180;131;SH;3
63092;1;1056;6017;6034;6721;131;ES;3
63092;2;635;6056;6034;3450;131;SH;1
63092;2;1045;8180;7031;6455;131;PP;3
63092;3;391;8180;6455;6698;131;ES;3
63092;3;479;6698;8180;;131;ES;1
63092;3;926;6005;6710;6056;131;ES;1
63073;1;309;6529;5703;;127;ES;2
63073;1;1035;6952;6942;2831;134;ES;1
63073;1;1117;3361;5407;6311;127;ES;3
63073;1;1149;6125;6379;6624;134;ES;3
63073;3;652;5671;6624;2831;134;PP;3
63073;3;710;5671;5727;2831;134;PP;2
63073;3;741;6311;2854;5586;127;ES;1
63082;1;44;3405;6261;6489;156;ES;2
63082;1;487;6257;3404;6290;156;ES;4
63082;1;857;6480;5416;6261;156;SH;4
63082;1;1169;3403;3381;6257;156;ES;4
63082;2;294;6480;6261;6290;156;SH;2
63104;1;472;6523;6004;5786;129;ES;3
63104;2;1140;5689;5500;;130;ES;3
63104;3;11;5677;5580;;130;ES;3
63104;3;499;6523;3425;5786;129;ES;3
63104;3;928;3368;5461;5758;130;ES;1
63198;1;137;6392;6427;9462;137;ES;2
63198;1;186;6132;6197;5390;137;ES;3
63198;2;679;3361;2854;;127;PP;1
63198;2;794;6298;3361;5756;127;PP;3
63198;2;891;2854;6298;6129;127;PP;1
63198;3;529;6417;9462;5390;137;ES;4
63198;3;577;6129;6298;5623;127;ES;3
63198;3;1154;6128;5703;5756;127;PP, ENG;2
63065;1;227;6326;3376;5744;144;ES;3
63065;1;231;6699;6053;6347;149;ES;4
63065;1;384;5372;5378;6075;144;ES;3
63065;1;660;7047;6741;5469;144;PP;2
63065;2;406;6154;6347;;149;PP;1
63065;2;634;6278;6594;;149;ES;3
63065;2;639;5378;5516;5469;144;ES;4
63065;3;181;6699;5960;6347;149;ES;3
63065;3;556;6075;6845;6589;144;ES;2
63070;1;48;6343;5553;;140;ES;4
63070;2;201;5414;6212;5737;143;ES;2
63070;2;516;6106;5537;3375;140;ES;1
63083;2;45;5755;5396;6006;151;ES;4
63083;3;42;5396;9461;6960;151;ES;3
63083;3;711;6881;6700;3885;148;ES;2
63083;3;1140;7381;6478;6558;151;ES;2
64011;1;307;5368;6348;5997;126;ES;2
64011;2;203;5764;6383;5982;126;ES;2
64011;2;348;5764;5613;6505;126;ES;3
64011;2;477;5982;5997;;126;PP;4
64011;2;579;6170;5995;6356;147;ES;3
64011;2;679;6649;6152;6165;147;ES;2
64011;2;862;6196;5997;5764;126;PP;1
64011;3;446;6097;5988;6999;147;PP;3
64011;3;635;6164;6356;6165;147;ES;2
64011;3;878;5764;6471;6505;126;ES;3
64011;3;1037;5997;6348;5613;126;ES;3
64013;1;774;6326;5450;3376;144;ES;3
64013;1;1149;6326;5450;3376;144;ES;4
64013;1;1183;7618;3376;6075;144;ES;1
64013;2;189;6075;5977;5378;144;ES;4
64013;2;404;6845;7047;7618;144;PP;3
64013;3;75;6845;3376;6240;144;ES;1
64013;3;253;6664;5792;3398;145;ES;3
64015;1;702;6295;5750;5625;142;ES;1
64015;2;908;6042;6217;;138;ES;4
64015;2;1000;6295;5625;6037;142;ES;3
64015;2;1195;3372;5625;;142;ES;4
64015;3;1188;5958;6116;;138;ES;2
64017;1;1048;9461;3317;;151;ES;1
64017;2;385;5553;5537;6599;140;ES;3
64017;2;1044;5502;6221;;140;ES;3
64017;3;378;6349;5520;5443;151;ES;3
64017;3;528;6478;6921;3317;151;ES;4
64017;3;682;6478;5595;;151;PP;1
64019;1;230;3450;6005;6056;131;ES;3
64019;2;746;5374;6087;5414;143;ES;3
64019;3;324;6710;6017;;131;ES;1
64019;3;447;3450;6005;8180;131;ES;3
64019;3;856;6291;5737;;143;PP;2
64019;3;979;6212;5737;5374;143;PP;2
64019;3;1048;5545;6078;5788;143;PP;1
64021;1;627;6711;5571;5527;136;ES;3
64021;2;20;6790;6684;7043;136;ES;3
64021;2;717;5688;3691;6693;136;ES;3
64021;3;1196;5773;5727;5671;134;PP;2
64023;1;408;5585;6014;5973;128;ES;2
64023;1;525;6186;5973;5978;128;ES;3
64023;2;225;6325;6714;;128;ES;4
64023;2;243;6325;6714;6117;128;ES;3
64023;2;438;5611;7171;6781;146;ES;4
64023;3;592;6144;5644;5524;128;ES;2
64023;3;1077;6117;5644;6714;128;ES;1
64025;2;432;6903;6274;6132;137;PP;3
64025;3;925;5424;6282;5390;137;ES;2
64027;1;244;5442;6190;6979;141;ES;2
64027;1;442;5370;5768;3298;141;PP;2
64027;1;671;2885;5964;5751;148;PP;4
64027;1;737;3298;6008;3356;141;ES;3
64027;1;1059;6496;3885;3881;148;ES;3
64027;2;240;2857;6979;3480;141;ES;1
64027;2;436;6954;3799;5593;141;ES;1
64027;2;714;6979;6954;3480;141;ES;4
64027;2;833;6406;5425;3408;148;ES;3
64027;2;878;3480;6979;3356;141;PP;1
64027;2;1059;3298;3356;6473;141;ES;3
64027;3;212;3408;2837;;148;ES;3
64027;3;627;3480;5442;6979;141;ES;3
64027;3;875;3881;6496;;148;ES;2
64029;1;68;5809;6201;5543;132;ES;3
64029;1;472;6546;3811;5647;132;ES;2
64029;1;1016;6389;6541;6904;133;ES;3
64029;3;329;3811;6546;;132;ES;3
64029;3;539;6556;5790;3423;132;ES;4
64029;3;673;5547;6058;;133;PP;3
64031;1;513;6278;6393;6594;149;ES;1
64031;1;1190;5960;6347;;149;ES;3
64031;2;17;6154;5412;;149;ES;3
64031;3;21;6074;6320;;135;ES;1
64031;3;62;6157;6490;6074;135;ES;1
64031;3;275;6074;6989;6969;135;PP;2
64031;3;384;6393;6324;5960;149;ES;3
64031;3;727;3157;5397;3124;135;ES;1
64031;OT1;218;6320;6490;6757;135;ES;3
64033;1;359;3361;6311;2854;127;ES;1
64033;1;671;6604;5939;6535;127;ES;1
64033;1;794;6248;6626;3221;129;PP;2
64033;1;1016;6298;2850;;127;ES;2
64033;1;1110;3361;6311;;127;ES;2
64033;1;1124;6289;6311;5623;127;ES;1
64033;2;651;3361;2854;6298;127;PP;3
64033;2;976;6128;6529;3886;127;ES;1
64033;3;128;5572;6298;6593;127;ES;1
64033;3;682;6626;3221;6248;129;PP;2
64033;3;785;6311;2854;5623;127;PP;3
64035;1;665;5796;2752;6461;139;PP;3
64035;2;916;6181;6086;2752;139;ES;3
64035;2;924;6355;3791;6086;139;ES;3
64035;2;1029;6003;6181;5488;139;PP;2
64035;3;251;2891;6369;5980;150;ES;3
64037;1;140;6416;5980;5575;150;ES;1
64037;1;702;6186;5585;6213;128;ES;3
64037;1;1183;6325;5978;;128;ES;3
64037;3;234;5575;5980;;150;ES;3
64039;1;854;6461;6181;;139;ES;4
64039;1;890;6240;7618;7047;144;ES;4
64039;2;420;5796;5564;;139;PP;1
64039;2;1015;6050;5564;;139;ES;2
64039;2;1126;5378;5744;6741;144;ES;3
64039;3;848;7618;5977;6240;144;ES;1
64041;1;716;6556;5809;6546;132;ES;1
64041;2;89;6310;5792;6260;145;ES;2
64041;2;110;5647;5790;;132;ES;4
64041;2;574;3398;6260;5724;145;ES;3
64041;2;997;6525;6135;6664;145;ES;4
64041;3;722;6310;6664;6260;145;ES;3
64041;3;903;7524;6201;6556;132;ES;4
64041;3;957;6260;6310;6358;145;ES;4
64041;3;1090;5792;6664;6358;145;ES;1
64041;3;1131;3882;3423;5647;132;ES;1
64041;3;1196;3398;5956;6358;145;ES, ENG;1
64043;1;703;5571;7006;6790;136;ES;4
64043;1;962;5786;5600;3425;129;ES;2
64043;1;1071;6523;3221;;129;ES;1
64043;2;344;3221;6174;5786;129;PP;2
64043;2;646;3425;5786;5600;129;ES;3
64043;2;940;3221;5600;5957;129;ES;4
64043;3;96;6711;5823;6518;136;ES;4
64043;3;127;6962;6684;;136;ES;4
64043;3;295;6894;6684;;136;ES;3
64043;3;360;6248;2887;6626;129;ES;3
64045;1;817;5616;6320;6490;135;PP;3
64045;2;63;6097;6356;5995;147;PP;2
64045;2;291;6989;6074;3819;135;ES;2
64045;2;1017;6757;3397;6989;135;PP;2
64045;2;1132;6170;6356;6402;147;PP;2
64045;3;722;6074;6157;6490;135;ES;4
64047;1;152;3881;6406;6700;148;ES;3
64047;1;490;5751;2837;;148;ES;1
64047;1;707;6455;6656;6056;131;ES;4
64047;1;916;5751;2898;2885;148;ES;4
64047;2;185;6455;3450;6056;131;ES;1
64047;2;836;3450;5381;;131;ES;1
64047;2;973;3881;6406;;148;ES;4
64047;3;1142;2885;5393;6547;148;ES;3
64049;1;863;6347;5960;;149;PP;1
64049;1;951;6397;6062;;149;PP;1
64049;3;129;6599;6221;;140;PP;1
64049;3;271;5537;9460;7022;140;ES;3
64049;3;390;6616;5502;7494;140;ES;3
64049;3;1115;3375;5553;5502;140;ES;4
64051;1;565;6921;5710;7381;151;PP;1
64051;1;1072;6559;6281;6512;156;ES;3
64051;2;1085;6489;3259;3404;156;ES;3
64051;2;1128;6512;6489;6257;156;ES;2
64051;3;1160;5443;;;151;ES;4
64053;1;1010;6473;9458;;141;ES;4
64055;1;477;2850;5572;;127;PP;4
64055;1;557;5572;5586;;127;ES;2
64055;1;1082;6289;5623;3361;127;PP;4
64055;2;704;6529;5635;3361;127;ES;1
64057;1;564;6160;6585;5665;143;ES;3
64057;2;221;6078;5665;6160;143;ES;4
64057;2;310;5805;5788;;143;ES;3
64057;3;12;6505;5368;6342;126;ES;4
64057;3;213;6303;6471;5982;126;PP;4
64057;3;517;6160;5545;;143;ES;3
64057;3;1099;5665;5545;6160;143;ES;3
64059;1;1198;6150;6408;5962;138;ES;3
64059;2;857;3347;5358;3372;142;PP;2
64059;3;374;3371;5358;3372;142;PP;4
64059;3;911;5358;2872;3371;142;PP;3
64061;1;106;5953;5991;6376;133;ES;3
64061;1;421;6759;6357;;133;ES;2
64061;2;89;6891;5611;7171;146;ES;1
64061;2;449;7171;5611;6916;146;ES;2
64061;2;514;6857;7080;6891;146;ES;4
64061;2;1177;6376;5953;5991;133;ES;2
64061;3;685;5547;6733;6099;133;PP;4
64061;3;1067;6389;6376;;133;ES;2
64063;1;30;6461;2752;5796;139;ES;2
64063;2;264;2865;6355;5972;139;SH;3
64063;2;406;6311;2850;5586;127;ES;3
64063;2;880;5488;6052;6476;139;PP;4
64063;2;943;2850;2854;5623;127;ES;4
64063;2;1072;5586;6593;2850;127;ES;3
64063;3;718;5623;6289;;127;PP;1
64063;3;805;6311;2850;;127;ES;4
64065;1;1177;6117;;;128;ES;2
64065;2;7;5600;2887;7254;129;ES;4
64065;2;902;6626;3425;;129;PP;3
64065;3;42;6174;6626;;129;ES;1
64065;3;440;5973;6412;5978;128;ES;3
64065;3;888;3221;6174;6626;129;ES;3
64067;1;274;3885;5751;2885;148;ES;4
64067;1;607;3885;2885;5751;148;ES;3
64067;1;820;5687;6881;5568;148;ES;3
64067;2;172;7047;;;144;ES;1
64067;2;195;6240;5516;5378;144;ES;3
64067;3;581;6326;6275;6741;144;ES;3
64067;OT1;40;5378;5744;;144;ES;1
64069;2;647;6781;5551;6722;146;ES;3
64069;2;767;9462;6817;6635;137;PP;1
64069;3;754;6869;6857;7428;146;ES;1
64071;1;155;6295;5625;3393;142;ES;2
64071;1;296;5647;5809;;132;ES;4
64071;2;435;6510;5478;;142;ES;2
64071;3;469;5543;5379;6201;132;PP;1
64073;2;350;5814;7381;;151;PP;1
64073;3;626;5633;6006;;151;ES;3
64073;3;1196;6006;5396;5710;151;ES, ENG;1
64075;3;323;6341;6314;;147;ES;3
64075;3;475;6017;6005;5697;131;ES;4
64075;3;819;7031;6060;8180;131;ES;2
64075;3;900;3450;6056;;131;ES;3
64077;1;406;3309;6839;;145;ES;2
64077;1;425;6135;9331;;145;ES;3
64077;1;1120;3356;5442;3799;141;ES;1
64077;2;276;5792;5702;6175;145;SH;4
64077;2;927;3298;5768;6473;141;ES;2
64077;3;199;3356;3799;;141;ES;2
64077;3;245;3799;3356;2857;141;ES;2
64079;1;156;6300;5980;;150;ES;1
64079;1;817;6854;5801;6126;150;ES;3
64079;2;944;6585;6160;;143;ES;4
64079;2;965;6747;6243;5575;150;ES;1
64079;2;985;5805;;;143;PP;1
64079;2;1020;6291;6160;5719;143;ES;3
64079;3;460;6416;6039;6222;150;ES;2
64079;3;894;5414;5665;;143;ES;1
64081;1;413;6278;6393;6347;149;ES;2
64081;1;516;6278;6350;6878;149;ES;3
64081;1;560;5537;5553;6221;140;ES;1
64081;1;976;6343;7022;6106;140;ES;3
64081;2;55;5502;9460;;140;ES;1
64081;2;611;6599;5774;9460;140;ES;4
64081;2;1193;6393;6347;5960;149;ES;3
64081;3;214;6616;9460;6286;140;SH;4
64081;3;711;7494;6106;5502;140;ES;1
64081;3;1073;6106;5502;5553;140;ES;2
64083;1;784;5613;6196;6342;126;ES;3
64083;2;178;6512;6261;6489;156;ES;1
64083;2;838;6735;5764;6505;126;ES;1
64083;3;439;6290;6489;6257;156;ES;2
64085;1;776;5365;5961;;135;ES;3
64085;1;971;6157;6969;3157;135;ES;4
64085;2;137;5688;5823;5527;136;ES;2
64085;3;991;5654;5616;6320;135;ES;2
64085;3;1094;6555;5688;6894;136;ES;4
64085;3;1116;6989;5616;;135;ES;1
64087;1;287;6759;6357;;133;ES;4
64087;1;504;6646;5452;5758;130;ES;3
64087;2;385;5461;6646;5758;130;PP;1
64087;2;776;6357;6759;;133;ES;1
64087;3;275;3416;5580;5500;130;PP;1
64087;3;650;5569;6577;2500;130;ES;4
64089;1;706;6505;5561;5997;126;PP;4
64089;1;1178;6221;6294;6599;140;PP;4
64089;3;166;5447;5561;5613;126;ES;3
64091;1;89;6899;6132;5390;137;ES;2
64091;1;396;7171;6781;;146;ES;4
64091;1;1161;7080;6781;;146;PP;1
64091;2;138;6781;6689;7428;146;PP;2
64091;2;611;6417;6387;;137;ES;3
64091;2;686;7428;5611;6857;146;ES;3
64091;3;9;2879;7428;5611;146;ES;1
64091;3;830;7428;2879;;146;PP;4
64091;3;1165;6899;6387;6197;137;ES;3
64091;3;1182;6282;6132;;137;ES;2
64093;1;640;6017;5741;;131;PP;1
64093;1;955;9458;5357;;141;ES;2
64093;1;1006;6944;6056;2662;131;ES;3
64093;3;99;5638;6008;9458;141;ES;3
64093;3;399;6017;5741;;131;ES;3
64093;3;508;6190;9458;7049;141;PP;4
64095;1;146;5527;5705;5571;136;PP;1
64095;1;279;6116;6153;;138;SH;2
64095;2;349;6513;6116;;138;SH;3
64095;2;508;5571;7006;5705;136;PP;3
64095;3;775;6408;6031;5962;138;PP;1
64097;1;153;6379;6211;5671;134;ES;3
64097;1;812;6942;6952;5773;134;ES;3
64097;2;511;6199;2831;6760;134;ES;2
64097;2;935;6933;6389;6058;133;ES;3
64097;3;269;6933;6733;5953;133;PP;2
64097;3;450;6904;6733;;133;PP;4
64097;3;647;5991;6058;;133;ES;3
64097;3;708;6379;6760;2831;134;ES;4
64097;3;1044;6357;5824;;133;ES;4
64097;3;1129;6099;5991;;133;ES;1
64099;3;181;6416;6069;6418;150;ES;4
64099;3;689;6195;5786;;129;ES;1
64099;3;963;6418;2891;6243;150;ES;1
64099;3;1183;5980;6416;5575;150;PP, ENG;2
64101;1;1077;6214;6263;6525;145;ES;3
64101;1;1181;6310;6839;3398;145;PP;4
64101;2;636;6310;6839;5792;145;ES;4
64101;2;766;5524;5644;6144;128;ES;1
64101;3;344;5724;6310;6839;145;ES;1
64103;1;188;6261;3403;6559;156;ES;2
64103;1;349;6281;5416;6512;156;ES;3
64103;3;1092;6699;6878;;149;ES;2
64105;1;105;6757;5961;5616;135;ES;2
64105;1;144;5747;5544;5377;142;SH;1
64105;2;17;5358;5625;6510;142;ES;3
64105;2;139;5747;2872;;142;ES;1
64105;2;222;3397;6768;6969;135;PP;1
64105;2;455;6295;5750;;142;ES;1
64105;2;912;6510;5625;5358;142;ES;3
64105;3;239;6757;5961;5616;135;ES;2
64105;3;1198;6074;3124;3249;135;ES;2
64107;1;575;5647;3423;5543;132;ES;3
64107;2;57;5378;6075;3376;144;ES;3
64107;2;382;5378;5372;6275;144;ES;4
64107;2;472;3811;6546;5809;132;ES;1
64107;2;1052;6741;5372;3376;144;SH;2
64107;2;1083;5977;5744;6240;144;SH;4
64107;3;539;6201;3811;5809;132;PP;3
64109;1;333;6314;6251;6152;147;ES;3
64109;1;855;6152;6165;6170;147;ES;3
64109;2;438;5461;5504;5569;130;ES;1
64109;2;536;3416;5758;6577;130;ES;1
64109;3;508;5981;6402;;147;ES;1
64109;3;1150;6649;6356;;147;ES, ENG;1
64111;1;877;6311;2850;5756;127;ES;3
64111;2;41;5545;5788;6078;143;ES;4
64111;2;691;3361;5623;5407;127;ES;4
64111;2;1079;5545;6084;6078;143;ES;3
64111;2;1140;5719;6212;;143;ES;3
64111;3;1095;2850;5407;6311;127;ES;2
64113;1;858;5687;7014;6547;148;ES;3
64113;2;412;6006;6478;5520;151;SH;4
64113;2;1115;6406;6508;2837;148;ES;4
64113;3;510;5687;5964;7014;148;ES;3
64113;3;891;6478;5352;6960;151;ES;1
64113;3;914;6508;3885;;148;ES;2
64115;1;24;6257;6489;6261;156;ES;1
64115;2;243;6069;5575;6059;150;ES;1
64115;2;529;6418;5980;6369;150;ES;1
64115;2;722;6243;5801;2891;150;ES;2
64115;3;360;5980;6300;6369;150;ES;2
64115;3;511;3259;6257;;156;ES;2
64115;3;1196;6418;5980;6416;150;ES, ENG;2
64117;1;176;6260;5984;6224;145;ES;1
64117;2;121;6461;6003;6050;139;ES;4
64117;3;159;5796;5488;;139;ES;3
64119;1;27;5744;5977;5378;144;ES;3
64119;2;440;6326;6589;5516;144;ES;3
64119;2;553;6157;6320;6757;135;ES;4
64119;2;770;6845;3376;6075;144;ES;3
64119;2;942;5803;6490;5365;135;ES;3
64119;2;966;6075;6845;5469;144;ES;1
64119;2;1109;6757;3157;6074;135;ES;4
64119;3;169;6320;5365;3819;135;ES;2
64119;3;846;6075;5469;3376;144;ES;3
64121;1;377;2879;6689;;146;ES;1
64121;2;207;6523;6195;3221;129;ES;4
64121;2;876;5600;6926;6248;129;ES;2
64121;2;994;6089;3425;5786;129;ES;3
64121;3;822;7199;6689;5611;146;ES;3
64123;1;222;6872;6693;5688;136;ES;4
64123;1;980;6594;6878;6154;149;ES;1
64123;2;57;7006;6894;7043;136;ES;1
64123;2;502;5688;5527;;136;ES;2
64125;1;161;5266;6213;;128;PP;1
64125;1;325;6408;6405;6513;138;ES;3
64125;1;617;5581;6133;;138;PP;1
64125;1;1104;6042;6217;6055;138;ES;4
64125;2;546;6150;5962;6133;138;PP;1
64125;3;915;6217;6042;;138;ES;1
64127;1;81;5414;5545;6084;143;ES;4
64127;1;360;5442;6008;6473;141;ES;3
64127;1;761;2844;5737;5374;143;ES;2
64127;1;791;5374;5719;;143;ES;3
64127;2;1082;3406;3298;5638;141;ES;1
64129;1;453;5982;5764;;126;PP;2
64129;1;523;5764;6348;6505;126;ES;3
64129;1;1107;6348;6471;6196;126;ES;3
64129;2;574;6475;5773;6125;134;ES;3
64129;2;1109;6475;5727;6125;134;SH;2
64129;3;235;6054;2831;6624;134;ES;2
64129;3;649;5982;6471;5997;126;PP;4
64131;1;131;6427;6855;9462;137;ES;2
64131;1;480;6635;5424;9462;137;ES;2
64131;1;782;5424;6817;;137;PP;1
64131;1;821;6392;6387;;137;ES;2
64131;1;1053;6282;6899;6392;137;ES;2
64131;2;659;9462;6899;6282;137;PP;1
64131;2;748;6197;6855;9462;137;ES;2
64131;3;147;6678;6817;5390;137;ES;3
64131;3;729;5543;5647;5514;132;ES;3
64133;1;585;6535;2850;5623;127;ES;4
64133;1;912;5775;3371;2872;142;ES;3
64133;3;1079;6148;6510;5754;142;ES;1
64135;1;123;6455;6586;6046;131;PP;2
64135;1;1175;6056;3450;6455;131;ES;2
64135;3;508;6851;6017;6455;131;ES;3
64137;1;69;5396;6612;3317;151;ES;3
64137;1;136;6478;6558;6921;151;ES;1
64137;1;175;5359;6921;6558;151;ES;2
64137;2;1140;6558;6006;5633;151;ES;2
64139;1;878;6356;6999;6649;147;ES;3
64139;2;94;6376;5547;5953;133;ES;3
64139;2;119;6717;6376;5824;133;ES;4
64139;3;477;6999;6103;6356;147;ES;2
64139;3;989;5953;6743;6842;133;ES;4
64141;1;903;5355;6320;3819;135;PP;3
64141;1;1030;6074;3397;6757;135;PP;3
64141;1;1045;6074;6768;6757;135;PP;3
64141;3;92;6989;5616;;135;ES;2
64141;3;426;6074;6490;6674;135;ES;2
64141;3;880;6845;3376;;144;ES;3
64143;1;583;6160;2844;5805;143;ES;4
64143;1;708;5665;6078;5719;143;ES;4
64143;1;896;6291;6078;6585;143;PP;3
64143;1;963;5805;5374;5737;143;PP;3
64143;1;1046;6350;5960;;149;ES;1
64143;2;18;5665;6585;5805;143;ES;3
64143;2;123;6078;6084;;143;ES;2
64143;3;209;6053;6699;6324;149;ES;4
64143;3;971;2844;6078;6084;143;ES;3
64145;1;380;5710;6006;;151;ES;4
64145;1;1140;5377;5659;5775;142;ES;1
64145;2;884;5775;3371;5478;142;ES;3
64145;2;986;5625;3347;5358;142;PP;2
64145;3;45;6960;6558;6612;151;ES;1
64145;3;77;6043;5478;;142;ES;2
64145;3;194;6148;5410;6043;142;ES;4
64145;3;234;5544;5377;6043;142;ES;3
64145;3;510;6295;3371;6897;142;PP;4
64145;3;554;6295;6043;5544;142;ES;2
64145;3;758;5750;3372;5358;142;ES;3
64147;1;425;6197;6817;;137;PP;3
64147;1;650;6197;6817;6855;137;ES;3
64147;3;29;6624;6125;5671;134;ES;4
64147;3;152;6899;6282;;137;ES;2
64147;3;496;6942;6847;;134;ES;1
64149;1;468;5504;5580;5574;130;ES;1
64149;1;717;5500;6646;5574;130;ES;1
64149;2;110;6129;5703;;127;PP;3
64149;2;296;6577;5500;5758;130;PP;3
64149;2;928;5500;5580;6532;130;ES;3
64149;3;1174;6532;5500;5580;130;ES;3
64151;1;136;6717;5824;5991;133;ES;3
64151;1;396;6733;5953;6376;133;ES;3
64151;1;810;6904;5824;5991;133;ES;3
64151;2;215;6150;6136;6042;138;ES;1
64151;2;579;6733;5824;6717;133;ES;3
64151;3;465;6042;6136;6153;138;ES;1
64151;3;1186;6217;6055;5962;138;PP;3
64153;1;420;5442;6473;;141;ES;2
64153;1;578;5956;6906;6135;145;ES;3
64153;1;702;5792;6263;6260;145;ES;2
64153;1;829;6214;6135;6358;145;ES;3
64153;1;1184;6979;5638;;141;ES;4
64153;2;258;3356;3480;5370;141;ES;3
64153;2;331;3799;5357;6979;141;ES;4
64153;2;540;5792;5702;;145;ES;1
64153;2;836;3356;5593;5370;141;ES;1
64153;2;1085;6525;6906;;145;ES;3
64153;2;1108;6473;5442;5768;141;ES;3
64153;2;1179;6979;6954;3799;141;ES;3
64153;3;113;6525;6260;6175;145;ES;1
64153;3;182;6263;3309;;145;ES;2
64155;1;380;6208;6555;6790;136;ES;2
64155;1;689;5571;6711;6962;136;ES;2
64155;1;960;6555;6790;6208;136;ES;4
64155;2;349;5527;3691;6684;136;ES;3
64155;2;896;6693;6555;6790;136;ES;1
64157;1;27;5502;6294;7022;140;ES;2
64157;3;338;5502;7170;6294;140;PP;3
64159;2;432;2879;5611;6857;146;ES;3
64159;2;887;7080;7428;6916;146;PP;3
64159;2;1169;2879;6857;6916;146;ES;3
64159;3;74;5613;5982;;126;ES;4
64159;3;1093;6196;5982;5561;126;ES;3
64159;3;1118;6722;6689;7080;146;ES;2
64159;3;1182;6348;6471;6505;126;ES;3
64161;1;48;5543;6546;;132;ES;2
64161;1;198;7616;5980;6243;150;ES;2
64161;1;374;5514;6556;5543;132;ES;1
64161;1;462;6418;5575;6222;150;ES;3
64161;1;551;6069;6039;;150;ES;1
64161;1;996;3423;3811;;132;ES;3
64161;2;496;7524;5543;3423;132;PP;2
64161;2;504;7616;5980;;150;ES;3
64161;3;387;7524;6546;5543;132;ES;1
64163;2;288;6489;6512;6290;156;ES;2
64163;2;546;6290;6281;3218;156;ES;1
64163;2;834;6261;5416;6257;156;PP;4
64163;2;937;5488;6354;6482;139;ES;3
64163;3;1060;6003;5972;6050;139;ES;3
64165;1;195;8180;5697;6017;131;PP;3
64165;1;203;6195;6248;6926;129;ES;4
64165;1;238;6455;6764;6721;131;ES;3
64165;2;1184;2887;6626;;129;PP;1
64165;3;632;6455;3450;6698;131;ES;2
64165;3;768;8180;6017;6060;131;ES;3
64165;3;842;6455;3450;6710;131;ES;3
64167;1;53;3381;6281;;156;ES;2
64167;1;80;6281;6559;6512;156;ES;3
64167;1;1071;6261;6257;3259;156;PP;4
64167;2;140;6261;6257;3404;156;ES;2
64167;2;737;6355;6482;6003;139;ES;4
64167;2;857;3791;;;139;ES;4
64167;2;1191;5488;6355;6003;139;ES;2
64167;3;465;5796;5456;6482;139;ES;4
64167;3;1063;6461;5972;6003;139;ES;2
64167;3;1089;6261;6257;6489;156;ES;4
64167;OT1;69;6257;3403;;156;ES;4
64169;1;337;6710;7031;6851;131;ES;3
64169;1;356;6005;6851;6455;131;ES;4
64169;1;629;5737;6087;;143;ES;4
64169;1;1044;6710;6648;6851;131;ES;4
64169;2;600;5374;;;143;PP;1
64169;2;1155;8178;2662;;131;ES;1
64169;3;624;6648;6056;6455;131;ES;3
64169;3;847;2662;6046;6060;131;ES;2
64171;1;132;6700;2949;6494;148;PP;4
64171;1;991;5425;2949;2837;148;ES;1
64171;2;163;3885;6508;2949;148;ES;4
64173;1;430;5625;5410;5478;142;ES;3
64173;1;581;6969;5355;6490;135;ES;3
64173;1;1027;5410;6510;;142;PP;1
64173;1;1085;2872;5478;;142;ES;2
64173;1;1197;5775;5754;;142;ES;3
64173;2;96;6969;5355;6074;135;PP;1
64173;2;636;6037;5754;5775;142;ES;1
64173;2;805;5410;6510;3347;142;ES;2
64173;2;977;6295;5625;5358;142;ES;2
64173;3;452;5754;5775;;142;ES;1
64173;3;666;6969;6074;;135;PP;3
64173;3;1178;2872;3371;5377;142;ES;2
64175;1;827;7618;5378;5516;144;ES;2
64175;1;1187;7618;5977;6741;144;ES;3
64175;2;80;5378;6741;7618;144;ES;3
64175;2;154;6741;5378;5516;144;ES;1
64175;3;180;6845;6834;5378;144;PP;3
64175;3;279;6845;5450;3376;144;ES;1
64175;3;1020;6741;6240;6326;144;ES;4
64175;3;1065;6326;6240;;144;ES;1
64177;1;443;3361;6529;;127;ES;1
64177;1;1122;5727;2831;6199;134;PP;2
64177;2;874;6002;2831;5773;134;PP;3
64177;2;1161;3361;6129;2854;127;PP;2
64177;3;585;6129;6289;3361;127;PP;1
64177;3;871;6535;6604;6156;127;ES;3
64177;3;924;2854;5586;;127;ES;2
64179;1;87;5738;6921;5718;151;PP;4
64179;1;299;5361;5592;;151;ES;3
64179;1;741;2879;7305;7199;146;ES;1
64179;2;730;7428;;;146;ES;1
64179;3;351;5633;6558;6006;151;ES;3
64179;3;557;5718;3317;;151;ES;1
64179;3;580;7171;6891;2879;146;ES;3
64179;3;1033;7080;7428;7199;146;PP;4
64179;OT1;204;5396;6960;;151;ES;1
64181;1;168;5502;5553;5774;140;ES;2
64181;1;923;6221;9460;;140;ES;1
64181;2;265;7260;5982;;126;ES;3
64181;2;829;5537;5502;6286;140;ES;1
64181;2;896;7042;7260;5982;126;ES;2
64181;3;465;3375;5774;6149;140;ES;3
64181;3;489;5982;6735;7042;126;ES;1
64183;1;133;6817;5390;6635;137;ES;4
64183;1;222;3811;6492;3423;132;ES;3
64183;1;682;6030;5543;5809;132;ES;1
64183;2;32;6417;5424;6899;137;ES;3
64183;2;131;5647;6553;5379;132;ES;3
64183;2;259;6546;6030;;132;ES;3
64183;2;355;6392;6635;6817;137;ES;4
64183;2;1116;3423;5543;3811;132;PP;3
64183;3;122;3423;5543;5514;132;ES;2
64183;3;618;3423;6492;;132;ES;1
64183;3;804;3423;3882;6492;132;ES;4
64185;1;690;6904;6759;;133;ES;1
64185;2;867;5412;5960;;149;SH;4
64185;3;391;6733;6357;5991;133;ES;3
64185;3;504;6389;6933;;133;ES;1
64185;3;805;6376;5547;6904;133;ES;2
64185;3;844;6594;5960;6397;149;ES;3
64185;3;977;6376;6743;6904;133;ES;3
64187;1;146;3398;5984;5956;145;PP;3
64187;1;242;3398;6839;5792;145;ES;2
64187;2;237;5956;6358;6260;145;ES;2
64187;2;608;6174;6626;;129;PP;1
64187;2;1039;3398;6175;;145;ES;3
64187;3;432;6174;6004;;129;ES;2
64187;3;502;3309;6224;6839;145;ES;4
64187;3;522;6664;5984;3309;145;ES;3
64187;3;589;6135;6175;5956;145;ES;3
64189;1;565;6513;6042;5474;138;ES;1
64189;1;738;6055;5581;6080;138;ES;4
64189;1;836;6341;6097;6314;147;PP;1
64189;2;722;6513;5962;6150;138;PP;4
64189;2;774;5962;6217;6136;138;ES;2
64189;3;144;6150;6133;6031;138;ES;3
64191;1;230;3799;2857;6190;141;ES;1
64191;1;283;3480;3298;3799;141;ES;3
64191;1;405;5580;6577;3368;130;PP;1
64191;1;782;3298;6102;;141;PP;3
64191;1;934;7049;5357;5638;141;ES;3
64191;2;822;5370;6190;6102;141;PP;2
64191;3;1001;6979;6954;6190;141;ES;3
