PlayerId;TeamId;FranchiseId;GP;G;A;+/-;PIM;PP G;PP A;SH G;SH A;Fights;Fights_Won;HIT;GvA;TkA;SB;GR;Game Rating Off;Game Rating Def;SOG;TOI;PPTOI;SHTOI;PDO;GF/60;GA/60;SF/60;SA/60;CF;CA;CF%;CF% rel;FF;FA;FF%;FF% rel;GWG;FO;FOW
7;44;30;24;7;12;1;12;0;1;0;2;0;0;14;8;8;16;65;60;66;39;20070;766;2205;99.1;3.0;3.4;26.4;27.4;302;286;51.4;1.1;207;211;49.5;0.0;3;51;28
16;14;14;40;3;6;4;15;0;0;0;1;1;0;49;13;25;78;60;51;69;64;42890;211;5327;100.6;3.2;2.9;35.4;34.9;673;659;50.5;0.5;500;492;50.4;2.4;0;0;0
25;38;38;43;8;9;2;22;5;1;0;1;0;0;41;6;8;49;59;52;66;65;40001;3886;4016;103.2;3.0;2.8;28.6;38.6;544;780;41.1;-0.0;422;576;42.3;2.1;0;0;0
30;24;24;43;0;6;-2;6;0;0;0;0;0;0;35;6;25;63;57;51;63;28;34946;95;4856;100.3;3.6;3.8;28.7;31.2;446;500;47.1;1.1;332;339;49.5;2.8;0;0;0
43;153;152;37;9;5;26;38;0;0;0;0;0;0;61;9;8;41;62;50;74;82;36928;533;4007;100.8;4.6;2.0;42.6;20.6;758;419;64.4;8.0;567;316;64.2;7.1;1;0;0
66;125;124;38;5;13;7;12;1;1;0;2;0;0;26;10;19;138;72;55;87;64;39613;2180;8560;102.1;3.0;2.6;29.1;32.0;584;651;47.3;3.7;441;479;47.9;5.0;1;0;0
74;60;18;42;4;14;3;36;0;0;1;3;0;0;44;10;15;18;70;60;77;89;38916;420;6148;98.7;2.3;2.4;31.7;28.1;569;606;48.4;0.8;442;434;50.5;2.4;1;80;36
82;28;28;15;2;4;7;2;0;0;0;0;0;0;22;1;12;20;63;57;67;31;14452;0;1248;102.8;4.5;2.7;36.4;28.9;244;178;57.8;3.7;171;134;56.1;2.4;1;0;0
93;29;29;42;8;22;5;10;1;2;0;0;0;0;43;33;29;11;73;77;64;76;38404;4708;13;101.3;3.9;3.2;34.6;31.6;633;576;52.4;0.2;444;397;52.8;0.3;0;16;6
107;62;19;34;10;8;-6;10;1;1;1;0;0;0;43;8;12;32;68;64;67;79;30348;2413;2590;93.9;3.8;4.5;35.2;26.7;561;420;57.2;3.3;406;324;55.6;2.9;1;28;11
110;38;25;43;1;7;-14;20;0;0;0;0;0;0;43;10;20;104;61;49;74;26;42536;394;8993;98.9;2.2;3.5;24.4;34.3;555;738;42.9;2.7;398;565;41.3;0.7;1;0;0
112;48;14;40;15;19;-9;6;10;7;0;0;0;0;38;14;8;28;68;66;65;125;30979;11497;100;97.5;2.9;4.0;30.6;32.9;479;509;48.5;0.0;363;379;48.9;-0.3;0;46;23
117;154;154;28;2;5;0;14;0;0;0;0;0;0;34;22;6;8;61;58;61;33;17342;172;121;100.2;1.9;1.9;28.4;29.5;219;228;49.0;-0.4;161;167;49.1;-2.0;1;0;0
118;10;10;8;0;3;0;0;0;0;0;0;0;0;10;5;2;3;61;58;59;3;4759;0;0;100.2;3.0;3.0;31.8;32.5;60;69;46.5;-2.0;47;52;47.5;-2.5;0;3;0
128;12;12;24;2;7;-2;4;0;1;0;1;0;0;13;11;9;1;57;54;57;13;13626;419;662;94.1;4.0;4.5;40.2;28.5;250;171;59.4;1.7;176;126;58.3;1.2;0;165;94
129;34;2;23;3;5;-9;10;1;3;0;0;0;0;22;6;0;27;68;58;78;61;18977;4193;1659;94.9;1.9;3.6;33.8;33.8;305;338;47.4;-3.5;231;251;47.9;-3.3;0;0;0
137;124;124;4;0;0;-1;4;0;0;0;0;0;0;3;2;0;2;55;51;58;0;1886;5;83;96.3;1.9;3.8;30.5;38.2;30;31;49.2;0.4;22;21;51.2;2.0;0;11;8
143;41;7;40;13;14;1;37;4;4;0;1;1;0;36;11;12;41;66;60;69;81;32009;4255;2677;100.5;2.7;2.7;28.8;30.5;492;505;49.3;-0.9;359;372;49.1;-0.4;4;55;24
153;3;3;39;4;9;-5;8;0;0;0;0;0;0;31;39;12;9;60;57;60;58;24707;735;124;100.1;2.8;3.4;29.6;36.1;346;411;45.7;-3.8;244;297;45.1;-5.3;0;2;2
162;40;20;39;5;9;-12;22;2;2;0;0;0;0;32;3;1;10;58;54;58;46;20968;3210;1676;97.1;2.2;4.3;24.0;35.2;272;389;41.1;-0.7;203;285;41.6;-0.1;1;64;41
192;44;44;18;5;6;10;11;1;0;0;0;1;0;11;1;5;4;61;58;59;31;11524;929;1325;106.7;5.6;2.8;34.4;29.1;191;169;53.1;1.8;147;134;52.3;1.6;0;18;6
207;59;1;31;1;8;0;18;0;0;0;1;0;0;31;11;6;8;66;60;68;51;23441;923;5451;96.9;2.9;3.1;35.0;26.9;423;324;56.6;3.5;311;241;56.3;2.6;0;353;206
215;26;26;28;0;13;-10;4;0;0;0;0;0;0;31;3;9;46;61;58;62;45;30730;204;1805;97.8;3.2;4.3;31.5;35.5;418;457;47.8;-1.7;311;346;47.3;-0.6;0;0;0
217;25;25;41;9;11;-16;8;2;2;0;0;0;0;42;41;26;10;66;65;63;79;32660;2656;136;96.3;2.5;4.2;30.5;34.9;462;497;48.2;1.0;317;375;45.8;-0.8;0;40;21
221;43;17;39;8;10;0;18;1;0;0;0;0;0;9;6;2;3;61;57;62;43;28297;837;2693;99.9;3.2;3.2;28.9;28.6;403;439;47.9;-2.8;292;325;47.3;-2.8;1;412;208
231;152;152;15;3;1;-15;14;0;0;0;0;0;0;21;18;7;5;60;60;56;16;12521;23;97;95.2;2.0;6.0;23.3;44.8;139;222;38.5;-7.4;97;183;34.6;-10.7;0;18;8
234;50;26;35;3;22;-2;18;1;7;0;0;0;0;31;9;7;52;66;58;75;69;29493;4151;2482;97.9;2.2;2.4;34.9;29.1;526;441;54.4;-1.8;398;329;54.7;-0.9;0;2;1
262;56;56;41;7;12;23;20;1;0;0;1;0;0;58;4;10;56;62;51;75;57;40353;664;6673;103.7;4.6;2.9;33.5;29.0;669;561;54.4;6.5;506;441;53.4;5.5;1;0;0
300;18;18;42;4;11;-5;10;0;0;0;1;0;0;100;14;29;49;64;61;67;85;48610;1168;2291;98.2;3.0;3.5;35.5;34.3;778;716;52.1;0.1;563;540;51.0;-0.3;0;0;0
305;14;14;42;7;22;-1;18;2;1;1;1;0;0;63;9;34;62;63;59;65;95;52647;1798;1510;100.2;3.4;3.6;34.1;37.0;842;807;51.1;1.5;595;627;48.7;-0.0;1;0;0
315;27;27;32;1;12;8;13;0;1;0;1;0;0;54;8;16;26;61;59;62;56;30554;452;2188;101.9;4.0;3.3;39.0;39.2;539;487;52.5;1.5;395;389;50.4;-0.8;1;0;0
318;28;28;35;3;11;-2;17;0;0;0;0;1;0;22;16;19;10;60;56;63;22;20698;282;2012;99.7;3.1;3.3;29.2;29.9;272;266;50.6;-2.3;193;196;49.6;-3.3;0;227;117
332;44;30;44;14;22;-9;18;7;10;0;0;0;0;65;9;6;13;67;63;67;95;34287;10184;1306;98.5;2.6;3.3;28.7;30.7;518;538;49.1;-2.9;375;396;48.6;-2.5;1;618;347
340;17;17;42;7;10;-3;16;0;1;0;0;0;0;56;12;17;95;62;57;65;104;50037;366;4503;101.0;3.0;3.3;30.9;37.5;659;809;44.9;1.8;486;597;44.9;3.8;1;0;0
343;59;1;37;2;11;-2;24;0;0;0;0;0;0;45;4;23;53;69;50;88;42;38238;332;6962;96.2;3.1;3.3;32.1;24.5;625;481;56.5;3.2;464;361;56.2;2.4;0;0;0
344;62;10;15;3;4;-7;12;0;0;0;1;0;0;24;5;1;13;52;52;52;20;13398;128;1518;93.9;3.2;5.4;28.2;30.6;196;211;48.2;-7.4;150;160;48.4;-6.0;2;0;0
350;54;10;34;3;15;19;18;0;3;0;0;0;0;36;3;5;29;67;55;80;64;30934;4573;3546;103.6;4.3;2.1;37.6;26.5;548;442;55.4;-0.9;423;323;56.7;1.5;1;0;0
353;155;154;42;15;14;8;16;7;5;0;0;0;0;35;9;7;23;66;60;71;118;22159;9288;405;101.8;3.7;2.3;36.4;27.0;430;299;59.0;-3.0;312;218;58.9;-2.6;3;28;8
357;44;44;39;6;9;3;16;0;0;2;1;0;0;22;3;13;11;62;56;65;40;21871;177;6703;98.0;3.5;3.5;33.2;27.8;360;328;52.3;2.2;277;238;53.8;4.7;1;483;250
361;27;27;41;20;11;-4;6;1;1;0;0;0;0;57;48;13;18;67;69;59;125;34768;1162;107;99.1;3.6;3.9;37.2;37.0;596;568;51.2;1.8;420;428;49.5;0.4;3;10;3
364;53;8;23;2;2;-6;8;0;0;0;0;0;0;56;5;5;1;57;53;56;21;12660;149;1479;96.4;1.7;3.4;25.9;33.6;158;221;41.7;-4.0;127;171;42.6;-3.0;0;9;3
377;14;14;14;0;4;-1;2;0;0;0;0;0;0;15;4;6;16;59;54;64;18;13575;50;556;100.5;3.2;3.4;33.9;38.7;215;217;49.8;-2.6;142;165;46.3;-4.2;0;0;0
398;12;12;33;1;13;11;15;0;0;0;2;1;0;31;6;16;86;60;52;69;56;33914;100;4694;100.3;4.0;3.2;35.9;29.0;561;457;55.1;-1.7;400;322;55.4;-0.3;0;0;0
401;17;17;42;11;13;-11;17;0;0;0;0;1;0;32;41;33;22;66;65;63;71;40051;2073;215;99.5;2.9;3.8;30.5;37.9;527;669;44.1;0.4;389;486;44.5;2.8;3;40;16
402;152;152;9;3;1;-7;2;0;0;0;0;0;0;6;0;4;8;57;56;53;15;8830;0;456;97.5;2.4;5.3;23.6;41.2;104;138;43.0;4.6;78;110;41.5;5.1;0;0;0
408;18;18;42;5;9;0;10;0;0;1;0;0;0;40;9;26;36;61;59;62;96;47925;803;3917;99.7;3.8;3.9;36.4;35.9;756;690;52.3;0.4;571;548;51.0;-0.3;0;0;0
419;53;8;3;1;2;-3;2;0;2;0;0;0;0;6;2;1;2;70;65;73;18;2521;970;499;93.7;1.4;4.3;30.0;38.6;36;46;43.9;-14.7;25;36;41.0;-15.5;0;14;3
427;17;17;39;4;5;-16;6;1;1;0;0;0;0;25;25;17;6;61;57;61;24;22161;3725;427;97.9;1.6;3.9;21.1;39.6;228;356;39.0;-5.1;156;276;36.1;-6.8;0;5;2
430;8;8;42;15;29;19;12;1;7;0;0;0;0;98;48;23;15;79;83;71;136;41502;6769;778;101.3;4.0;2.2;44.3;28.3;762;513;59.8;6.6;585;376;60.9;7.2;2;83;38
446;56;56;21;3;7;1;22;1;1;0;1;0;0;30;13;2;48;58;53;62;36;23129;846;2560;100.1;3.4;3.3;32.8;31.8;362;370;49.5;1.7;277;279;49.8;3.2;0;0;0
467;48;14;40;1;4;-7;26;0;0;0;0;0;0;54;4;2;2;54;51;53;33;14572;189;2746;95.2;1.7;3.7;26.9;33.1;195;243;44.5;-4.5;150;181;45.3;-4.3;0;34;13
469;21;21;40;3;7;0;14;0;0;0;1;0;0;40;21;13;20;63;57;67;47;19487;89;6915;97.8;2.6;3.0;32.5;29.2;286;259;52.5;-0.7;207;181;53.4;-0.4;0;138;61
472;19;19;40;10;14;5;16;0;1;1;2;0;0;21;32;24;33;61;56;66;49;31177;203;2935;100.7;3.3;3.1;29.7;29.6;390;417;48.3;0.9;290;301;49.1;2.3;1;380;194
473;20;20;42;13;21;12;13;0;1;0;3;1;0;52;41;20;10;68;70;60;62;36635;1774;3139;103.8;4.3;3.4;30.1;32.6;484;546;47.0;-1.9;356;391;47.7;-2.1;2;26;15
475;7;7;42;8;8;4;20;0;2;2;0;0;0;41;13;27;49;62;59;64;76;44366;1497;2598;101.2;3.4;3.1;34.2;35.2;696;658;51.4;0.1;504;503;50.0;-1.6;1;0;0
484;53;53;40;6;10;-6;37;4;3;0;0;1;0;47;6;7;8;67;59;72;64;23462;8824;648;100.5;2.6;3.1;27.9;34.7;327;389;45.7;0.5;245;303;44.7;-1.3;0;162;82
489;50;26;34;2;8;10;12;0;0;0;0;0;0;52;10;18;38;66;48;85;42;29575;140;6261;98.8;3.7;2.4;38.3;22.6;563;341;62.3;8.4;418;252;62.4;9.0;0;0;0
491;29;29;42;10;14;0;4;1;0;0;0;0;0;42;50;12;12;66;69;56;93;39314;728;103;100.2;3.1;3.0;33.6;33.5;634;582;52.1;-0.1;449;429;51.1;-2.0;3;0;0
504;25;25;12;3;4;-3;6;0;0;0;0;0;0;9;14;7;5;64;63;61;17;8463;536;616;101.2;3.8;5.1;26.4;38.3;100;146;40.7;-8.8;74;109;40.4;-8.7;0;1;1
508;152;152;41;8;14;-12;10;0;1;3;2;0;0;58;45;20;20;66;65;65;49;36687;1665;5525;96.7;1.8;3.6;22.8;33.0;389;516;43.0;0.9;273;398;40.7;-0.4;1;74;29
509;125;124;37;7;5;-11;55;0;1;1;0;0;0;77;5;18;27;61;57;62;49;27660;782;5924;98.1;2.2;3.9;26.6;38.1;381;508;42.9;-3.7;283;399;41.5;-4.5;0;144;69
510;54;10;42;9;14;21;30;0;0;3;0;0;0;81;5;5;30;64;58;65;65;30966;147;3331;106.1;3.7;1.6;32.6;30.6;511;475;51.8;-6.2;379;354;51.7;-6.2;1;476;226
512;9;9;41;14;26;29;14;0;2;0;0;0;0;70;37;26;15;68;67;66;84;37560;1560;329;105.7;5.3;2.4;38.9;30.6;643;505;56.0;4.6;460;365;55.8;4.3;0;62;20
513;19;19;40;14;17;7;13;2;7;0;0;1;0;51;30;21;15;69;68;68;54;27346;6526;207;104.6;4.3;3.0;29.4;29.8;342;364;48.4;1.0;251;262;48.9;2.1;3;4;1
516;125;124;37;5;15;-9;30;1;2;0;0;0;0;33;8;4;24;65;61;64;72;25786;4512;168;99.1;2.5;3.8;28.6;39.0;425;495;46.2;2.6;297;375;44.2;0.6;1;433;208
517;44;30;35;4;6;-4;32;0;0;0;0;0;0;65;10;16;69;61;52;70;40;32592;671;6216;99.7;3.6;4.1;29.5;32.4;501;522;49.0;-2.0;369;389;48.7;-0.9;0;0;0
519;25;25;42;7;23;-15;10;0;1;0;0;0;0;51;69;29;16;64;64;61;96;44438;1790;2482;98.1;2.8;4.1;29.3;36.0;603;675;47.2;-0.5;434;523;45.4;-1.7;0;72;38
522;8;8;42;15;26;11;10;1;2;0;0;0;0;63;41;16;23;70;75;58;151;41454;3009;425;99.8;4.8;3.7;40.3;30.9;709;568;55.5;0.5;544;420;56.4;0.7;1;1;0
543;153;152;35;4;13;17;16;0;0;0;1;0;0;40;8;6;28;61;52;69;65;32023;497;3506;103.7;3.8;1.9;36.1;27.8;582;438;57.1;2.1;451;327;58.0;2.7;1;0;0
549;153;152;38;8;9;10;6;0;0;2;0;0;0;25;9;15;30;64;55;72;46;19608;875;6385;101.8;3.7;2.0;34.3;22.6;362;259;58.3;0.4;270;179;60.1;2.0;1;203;93
553;31;31;13;1;3;7;4;0;0;0;0;0;0;5;3;4;19;60;53;67;25;12323;54;513;106.8;3.5;1.5;30.7;31.5;170;176;49.1;-3.9;131;125;51.2;-2.7;0;0;0
554;0;0;43;4;11;-23;27;1;1;0;0;1;0;60;7;25;38;60;58;60;83;44274;1546;892;95.4;2.1;4.2;28.3;35.0;520;669;43.7;-3.3;396;504;44.0;-4.6;1;0;0
581;29;29;42;4;29;26;20;2;7;0;1;0;0;54;17;33;66;64;58;71;135;49340;6269;2222;102.8;4.6;2.8;38.7;30.6;875;750;53.8;2.6;626;497;55.7;4.9;1;0;0
609;50;26;34;9;10;0;29;1;1;0;0;0;0;21;5;5;11;61;58;61;65;24029;997;917;95.7;3.4;3.3;39.3;25.2;443;313;58.6;3.1;338;239;58.6;3.5;0;9;4
612;44;30;19;4;9;3;4;0;0;0;3;0;0;21;6;11;18;62;53;71;36;17599;119;3305;99.2;2.7;2.5;33.3;28.0;290;246;54.1;0.9;223;185;54.7;2.6;0;0;0
614;31;31;33;4;6;5;14;1;0;0;0;0;0;25;8;7;100;60;50;72;39;30810;292;2969;103.3;3.2;2.7;31.9;40.8;446;583;43.3;-4.2;312;400;43.8;-3.3;0;0;0
618;0;0;42;3;5;-16;10;0;0;0;1;0;0;34;35;10;15;60;58;60;47;28397;396;1781;94.4;1.0;3.3;25.1;34.4;311;458;40.4;-7.1;231;335;40.8;-8.1;1;27;14
662;24;24;20;3;7;3;4;0;1;0;0;0;0;25;15;5;7;66;64;65;24;14370;761;301;103.0;2.8;1.8;31.1;29.8;180;192;48.4;-1.5;143;135;51.4;0.4;0;0;0
664;36;3;33;3;6;-12;19;0;0;0;1;0;0;35;9;8;23;61;55;65;39;23778;112;6965;95.5;1.8;3.9;25.0;33.3;280;412;40.5;-4.5;208;315;39.8;-5.2;0;209;81
670;155;154;42;2;12;11;44;0;0;0;0;0;0;70;5;15;88;61;50;74;55;41736;505;6835;97.2;3.7;2.8;41.8;23.6;909;475;65.7;6.6;675;358;65.3;6.8;0;0;0
671;54;54;20;2;1;-4;16;0;0;0;0;0;0;15;10;3;20;57;49;68;36;18555;380;2771;97.3;1.4;2.1;30.5;29.7;284;269;51.4;-6.4;200;206;49.3;-9.2;0;0;0
676;44;30;44;12;24;-6;24;5;10;0;0;0;0;25;14;7;22;69;68;66;132;33577;10705;83;97.4;3.1;3.4;32.3;28.1;553;485;53.3;2.9;418;355;54.1;4.9;1;77;40
687;36;3;25;1;6;-16;16;0;0;1;0;0;0;18;10;4;19;62;56;61;22;20199;854;4818;94.9;1.8;4.8;25.8;40.1;276;399;40.9;-0.7;189;300;38.7;-3.6;0;316;171
689;2;2;44;6;27;14;14;0;2;0;0;0;0;43;41;18;12;66;66;59;62;34711;1953;38;103.0;4.8;3.2;32.7;27.8;504;424;54.3;0.8;365;310;54.1;-0.7;0;35;14
696;33;29;36;10;17;11;20;2;3;0;0;0;0;14;3;15;31;68;61;73;74;27609;4490;186;103.1;4.4;2.9;35.5;30.6;458;433;51.4;3.5;358;309;53.7;5.2;3;504;272
697;12;12;41;5;28;20;16;1;2;0;3;0;0;66;10;26;43;63;60;65;109;45816;2048;3226;101.7;4.4;3.1;38.7;31.5;799;604;56.9;-0.1;586;459;56.1;-0.8;1;0;0
705;44;30;41;4;10;3;22;0;1;0;0;0;0;57;5;11;58;62;50;76;52;39302;363;7029;98.9;2.8;2.7;30.4;25.4;635;504;55.8;6.0;466;380;55.1;5.9;0;38;11
714;44;30;39;5;18;-1;22;1;4;0;0;0;0;28;10;8;15;67;62;68;51;33408;5744;2744;100.0;2.9;2.9;30.8;30.8;509;519;49.5;-2.1;386;400;49.1;-1.9;0;90;42
717;18;18;42;3;12;6;4;0;0;0;0;0;0;46;26;31;20;62;56;67;33;30221;31;1948;103.6;3.6;2.9;31.0;36.2;444;457;49.3;-3.5;306;350;46.6;-5.8;1;382;172
720;44;30;42;8;11;12;14;3;2;0;0;0;0;29;6;1;15;61;57;63;64;25092;5483;0;105.4;4.0;2.3;31.7;31.4;393;395;49.9;-1.5;285;303;48.5;-2.5;0;27;13
728;30;30;40;8;17;17;11;0;0;0;0;1;0;72;39;18;17;68;65;68;63;37160;2367;831;105.7;3.5;1.8;27.3;26.2;443;464;48.8;1.5;329;322;50.5;0.6;2;9;3
729;10;10;29;4;0;-8;7;0;0;0;0;1;0;31;14;13;18;65;62;64;33;24021;45;664;96.5;1.3;2.5;28.5;30.9;321;331;49.2;0.2;234;237;49.7;2.4;1;9;3
731;32;23;43;13;20;1;16;6;7;0;1;0;0;54;16;5;31;74;65;80;108;42550;11458;3500;102.2;3.6;3.4;28.5;33.0;616;726;45.9;-0.6;461;536;46.2;0.4;3;0;0
732;124;124;4;0;0;-3;0;0;0;0;0;0;0;5;1;0;1;57;56;54;5;1968;0;238;81.3;0.0;5.5;25.6;29.3;26;28;48.1;-3.7;21;20;51.2;-0.9;0;4;3
736;55;9;40;14;23;2;20;7;13;0;0;0;0;41;15;7;29;72;64;76;131;34615;9622;245;99.5;3.3;2.9;35.8;29.8;585;533;52.3;-2.8;450;388;53.7;-2.0;3;53;24
739;32;23;4;2;3;4;4;0;1;0;0;0;0;7;0;1;1;76;71;81;19;3986;1037;121;115.1;5.4;1.8;26.2;32.5;55;59;48.2;2.7;42;46;47.7;-1.1;0;9;4
748;124;124;27;1;5;-3;8;1;0;0;1;0;0;26;7;15;25;58;55;59;42;26899;573;2768;98.3;3.5;4.0;33.5;33.1;384;378;50.4;-0.6;289;289;50.0;-0.5;0;0;0
752;38;38;43;6;14;-13;20;0;3;1;1;0;0;49;8;10;50;68;53;85;66;41416;4714;4622;99.7;2.4;3.7;25.2;36.6;517;754;40.7;-0.6;396;570;41.0;0.2;0;0;0
754;43;17;31;1;6;-14;14;0;2;0;0;0;0;40;5;18;34;61;52;68;52;30669;3468;3632;94.4;2.0;3.5;30.3;28.9;463;462;50.1;-0.6;337;345;49.4;-1.0;0;0;0
758;33;29;27;12;14;-9;16;5;7;0;0;0;0;30;5;11;22;72;69;71;109;25140;7525;365;96.9;2.7;3.6;34.7;32.8;416;429;49.2;1.0;330;318;50.9;1.9;3;40;17
764;14;14;27;1;5;3;8;0;0;0;0;0;0;16;13;3;8;58;53;58;23;12912;108;0;102.0;3.9;3.1;36.5;35.1;211;196;51.8;1.8;152;151;50.2;1.9;0;2;1
765;34;2;24;4;10;9;10;0;1;0;0;0;0;45;6;4;8;60;60;55;31;18473;310;1262;103.4;4.5;2.9;34.7;30.8;298;292;50.5;-0.3;235;218;51.9;0.4;1;2;1
766;7;7;43;11;12;7;15;0;0;1;0;1;0;30;18;28;46;65;56;75;56;30156;86;6632;101.3;3.2;2.6;35.3;33.7;472;475;49.8;-1.7;350;344;50.4;-0.6;3;468;231
768;48;14;33;3;4;-2;22;0;0;1;1;0;0;60;5;13;36;60;51;69;39;27446;123;6126;99.2;3.1;3.5;30.8;32.3;410;462;47.0;-2.6;314;329;48.8;-0.5;1;0;0
771;31;31;42;10;22;2;10;2;3;1;0;0;0;40;50;39;34;66;57;74;65;35205;3972;5339;102.8;3.4;3.0;33.4;40.6;545;605;47.4;-0.2;392;461;46.0;-1.7;1;612;314
773;40;20;40;11;16;-7;40;0;3;1;1;0;0;51;5;17;14;66;65;61;76;36892;1518;5568;100.0;2.4;3.6;24.6;36.4;490;646;43.1;1.0;345;498;40.9;-1.6;1;101;55
774;48;14;40;2;11;-7;24;1;0;0;1;0;0;25;9;7;31;55;51;58;28;25586;577;4186;97.4;3.0;4.1;28.7;31.7;346;400;46.4;-2.6;268;311;46.3;-3.6;0;14;5
775;59;1;27;2;5;8;8;1;0;0;0;0;0;8;2;5;4;58;54;59;34;15020;239;969;105.7;3.1;1.2;30.4;26.6;239;207;53.6;1.5;186;150;55.4;2.0;0;6;4
778;153;152;38;4;16;19;18;0;1;0;0;0;0;11;9;12;12;68;59;75;66;24300;1799;2145;105.7;4.3;1.3;37.8;23.7;461;307;60.0;1.3;343;234;59.4;-0.0;0;343;168
788;44;30;38;7;14;2;22;1;1;1;0;0;0;21;5;16;28;61;58;62;48;28110;2250;2031;101.9;3.2;3.1;26.5;30.2;412;416;49.8;-2.9;284;327;46.5;-6.0;1;86;47
790;30;30;40;5;8;21;24;0;1;0;0;0;0;64;9;37;69;65;57;72;81;45967;2489;3080;104.9;3.4;1.8;28.4;25.8;526;545;49.1;2.0;408;387;51.3;1.9;1;0;0
791;37;27;18;3;3;2;4;0;0;1;1;0;0;18;3;6;18;65;52;79;27;16501;234;2469;99.2;2.4;2.4;34.0;30.5;275;236;53.8;7.2;206;188;52.3;5.5;0;0;0
794;20;20;35;2;6;1;6;0;0;0;1;0;0;16;11;3;3;59;57;55;30;13410;40;299;99.5;2.7;2.7;31.4;29.8;187;182;50.7;2.1;142;132;51.8;2.2;0;0;0
797;30;30;40;7;9;14;4;1;0;0;0;0;0;45;32;8;10;63;58;65;41;27900;1802;601;107.3;3.1;1.3;25.8;27.5;303;370;45.0;-3.6;225;256;46.8;-4.3;1;261;126
801;27;27;41;3;9;-10;8;0;0;1;1;0;0;23;27;25;12;60;55;64;43;24867;43;4732;97.1;2.6;4.3;31.3;38.5;381;411;48.1;-2.2;265;317;45.5;-4.6;0;286;151
802;3;3;41;17;19;14;14;0;1;0;1;0;0;55;29;17;6;72;77;60;147;41244;5513;775;102.7;4.0;2.8;36.6;33.9;694;669;50.9;3.1;501;479;51.1;2.8;3;5;2
803;26;26;44;12;5;-11;8;0;0;0;0;0;0;53;39;21;5;64;63;60;87;33380;1355;495;98.9;2.4;3.5;29.4;37.5;426;489;46.6;-2.2;308;398;43.6;-4.2;1;2;0
814;30;30;18;0;3;-1;2;0;0;0;0;0;0;18;9;4;8;64;61;64;13;11599;62;134;101.1;1.9;2.2;23.6;32.0;113;171;39.8;-5.7;86;118;42.2;-4.0;0;3;2
815;10;10;37;2;7;-6;8;0;0;0;0;0;0;23;25;5;7;60;58;57;38;21416;35;122;98.4;2.2;3.2;29.9;36.0;294;311;48.6;0.1;206;242;46.0;-1.7;0;6;2
816;1;1;4;0;0;1;0;0;0;0;0;0;0;3;1;0;2;61;56;64;3;2025;0;3;108.4;3.6;1.8;24.9;30.2;29;33;46.8;-5.0;20;20;50.0;-1.5;0;0;0
819;20;20;42;10;14;5;16;0;0;0;0;0;0;29;49;19;20;62;58;62;68;34916;273;433;101.1;3.2;2.7;31.0;29.3;464;484;48.9;0.8;345;342;50.2;1.4;1;5;3
822;47;12;37;4;6;-20;18;0;3;0;0;0;0;31;7;8;34;65;60;69;57;31259;5176;730;97.1;1.3;3.2;23.4;38.8;373;622;37.5;0.6;277;473;36.9;-0.4;0;71;37
823;12;12;41;30;21;7;14;8;4;4;2;0;0;23;32;46;22;72;66;76;114;37343;7380;6238;98.3;4.0;3.5;40.9;30.0;677;475;58.8;2.5;495;360;57.9;1.9;5;694;389
828;45;45;15;1;4;4;6;0;0;0;0;0;0;12;2;4;9;55;52;57;17;13152;45;1131;103.9;4.4;3.3;31.5;32.8;219;230;48.8;-10.1;157;165;48.8;-9.8;0;0;0
829;154;154;43;7;10;-4;13;3;1;1;2;1;0;66;11;38;36;64;61;66;117;43895;6483;2781;99.0;2.5;2.9;29.8;30.9;530;580;47.7;-2.7;413;440;48.4;-3.1;0;0;0
834;18;18;42;11;15;4;28;0;0;0;0;2;0;37;31;7;20;61;58;60;64;29908;919;102;102.4;3.6;3.1;33.1;36.6;471;461;50.5;-1.9;325;349;48.2;-3.8;2;1;1
836;54;10;42;7;11;26;20;0;0;0;2;0;0;59;6;18;32;68;53;82;70;39523;239;8268;101.5;4.5;2.2;37.9;21.2;776;443;63.7;10.6;566;329;63.2;10.1;2;0;0
838;40;20;15;3;6;-3;8;3;2;0;0;0;0;34;4;6;12;71;64;72;28;11280;3213;1058;98.9;2.9;3.8;29.7;35.4;166;196;45.9;0.8;114;139;45.1;2.6;0;17;9
839;12;12;41;15;23;8;6;3;7;0;0;0;0;49;32;9;4;70;73;60;94;26757;3701;200;100.5;4.6;3.0;39.8;27.0;470;309;60.3;4.1;358;240;59.9;4.1;1;11;6
849;20;20;42;11;13;12;16;0;0;2;1;0;0;21;37;32;10;61;56;65;48;34880;106;2897;103.1;3.6;2.8;29.3;30.1;426;488;46.6;-2.4;319;345;48.0;-1.5;1;452;217
852;43;17;38;1;9;-2;30;0;0;0;0;0;0;28;6;31;113;70;50;90;44;34200;485;7211;99.3;2.8;3.1;29.6;29.6;532;514;50.9;1.0;380;390;49.4;-0.4;0;0;0
853;9;9;41;2;11;8;6;0;0;0;1;0;0;49;19;20;88;59;50;70;66;44959;273;5649;100.3;3.4;3.0;33.6;30.4;680;617;52.4;-0.4;478;435;52.4;-0.6;1;0;0
861;8;8;42;8;32;15;8;1;1;0;0;0;0;70;31;22;20;70;71;64;97;40341;1335;60;99.7;4.7;3.4;42.2;29.5;724;538;57.4;3.1;549;393;58.3;3.4;0;27;15
866;54;10;34;6;12;3;34;1;0;0;0;0;0;25;7;6;22;73;62;78;76;28853;4095;3311;98.5;2.7;2.5;32.4;25.1;561;371;60.2;4.8;386;284;57.6;1.8;1;460;229
867;14;14;41;5;16;-4;35;1;3;0;0;1;0;26;31;28;9;61;56;64;55;37971;1150;552;100.1;2.8;3.2;30.2;34.8;579;570;50.4;0.9;374;433;46.3;-2.5;1;466;211
868;25;25;7;0;0;-4;0;0;0;0;0;0;0;7;3;0;3;53;52;51;7;3224;0;301;92.1;3.3;7.8;29.0;40.2;41;54;43.2;-3.6;27;39;40.9;-4.2;0;24;12
870;43;17;42;12;20;4;19;6;8;0;0;1;0;65;3;11;20;72;65;73;131;33806;9887;132;100.4;2.9;2.3;32.1;27.5;557;504;52.5;3.2;409;367;52.7;4.3;0;35;18
872;38;25;40;24;24;15;31;12;9;0;0;1;0;43;17;16;17;76;71;79;147;35363;12003;1516;99.0;4.4;2.5;40.0;21.4;714;394;64.4;4.7;529;282;65.2;6.2;3;433;228
875;10;10;39;1;10;-9;16;0;0;0;0;0;0;35;24;17;17;62;59;62;47;26903;272;853;97.5;2.3;3.5;29.4;33.9;364;408;47.2;-1.4;256;299;46.1;-1.3;0;2;1
876;50;26;14;4;8;9;4;1;0;0;0;0;0;13;6;2;11;71;67;73;41;12841;3271;88;105.2;4.8;2.2;39.8;33.1;249;193;56.3;2.4;195;147;57.0;3.0;0;7;3
877;41;7;43;5;15;3;28;0;0;0;1;0;0;83;14;12;30;68;58;71;68;34669;136;5540;99.8;2.7;2.5;30.6;27.5;563;494;53.3;5.1;400;362;52.5;4.8;0;325;165
878;12;12;41;14;15;6;2;0;1;1;0;0;0;54;37;15;8;65;66;59;76;32823;541;1832;100.9;4.4;3.7;37.2;34.3;562;492;53.3;-5.0;401;362;52.6;-5.4;3;13;2
881;3;3;28;2;6;-5;2;0;0;0;0;0;0;18;13;10;6;60;58;57;31;15536;238;521;99.0;3.2;4.2;35.0;40.8;247;271;47.7;-1.4;175;204;46.2;-3.6;0;20;13
882;3;3;41;7;9;-6;23;0;1;1;0;1;0;40;26;24;15;64;60;63;67;28136;3117;718;97.9;2.8;3.7;32.2;34.3;415;460;47.4;-1.7;292;325;47.3;-2.4;2;75;40
883;154;154;43;5;23;1;22;0;9;0;0;0;0;36;37;23;25;65;60;71;69;37972;7168;165;100.7;2.5;2.2;29.2;28.3;473;475;49.9;0.5;362;347;51.1;0.8;1;588;305
884;155;155;36;1;13;6;12;0;0;0;0;0;0;39;7;5;31;59;50;68;32;27398;137;4571;99.9;3.3;2.5;34.4;25.9;525;369;58.7;-2.6;383;280;57.8;-3.4;0;0;0
885;25;25;39;1;11;-9;8;0;0;0;0;0;0;41;4;16;38;59;55;60;56;36049;92;3629;98.1;2.9;3.9;31.9;35.6;521;555;48.4;1.5;378;425;47.1;1.2;0;0;0
887;19;19;40;15;19;-2;20;3;1;1;0;0;0;57;52;27;8;69;70;63;93;39833;2166;1082;99.6;3.3;3.5;31.7;32.4;576;547;51.3;5.5;407;408;49.9;4.0;1;111;69
896;21;21;9;4;0;0;0;0;0;1;0;0;0;11;9;0;1;59;58;54;14;4561;93;133;98.2;3.2;3.9;34.7;36.3;65;68;48.9;-5.6;52;53;49.5;-6.7;1;0;0
899;153;152;25;7;7;-1;2;1;1;0;0;0;0;19;4;6;8;60;56;58;45;16705;1061;92;99.0;3.7;3.7;30.8;28.4;302;249;54.8;-0.9;219;191;53.4;-2.7;0;0;0
903;33;12;7;1;0;-5;5;0;0;0;0;1;0;6;1;1;6;62;55;65;10;4718;174;1255;91.2;0.8;4.6;22.1;37.4;56;85;39.7;-2.9;45;63;41.7;-2.6;0;64;30
911;59;1;37;9;11;-2;20;0;1;0;0;0;0;41;5;12;19;66;64;63;81;30345;1624;2246;97.3;3.1;3.2;36.7;28.7;535;468;53.3;1.0;408;338;54.7;1.6;1;16;5
916;12;12;41;8;20;-3;4;0;2;1;3;0;0;57;38;15;24;71;70;68;77;32109;800;6026;96.4;3.0;3.8;35.4;31.4;521;464;52.9;-5.4;371;329;53.0;-4.7;1;4;2
921;7;7;6;0;2;-4;6;0;0;0;0;0;0;4;1;4;5;57;55;59;12;5878;30;428;91.4;1.8;4.3;39.8;32.5;100;84;54.3;3.1;76;65;53.9;3.9;0;0;0
922;54;10;18;2;7;6;4;1;1;0;0;0;0;15;1;3;10;62;57;61;25;10417;786;198;101.4;4.5;2.4;38.0;23.2;195;137;58.7;2.4;137;94;59.3;3.3;0;106;55
925;54;10;25;5;4;4;6;0;0;0;0;0;0;31;2;2;3;58;53;56;22;10067;525;563;102.5;4.3;2.9;31.8;26.1;164;157;51.1;-6.7;116;107;52.0;-5.8;1;102;50
928;24;24;41;14;17;6;34;3;2;0;0;0;0;28;36;17;29;68;66;67;82;39377;4805;360;102.9;3.7;2.9;30.9;32.7;508;562;47.5;1.6;388;419;48.1;1.0;4;198;100
931;31;31;21;5;5;9;6;0;0;0;0;0;0;17;5;7;6;61;57;61;15;13083;28;25;110.2;4.4;1.9;28.1;35.2;181;212;46.1;-0.9;124;145;46.1;-0.0;0;4;1
934;50;26;18;3;3;-1;8;0;0;0;0;0;0;20;2;0;1;57;55;55;19;10039;124;32;96.2;3.2;3.6;31.9;25.8;161;149;51.9;2.8;115;115;50.0;-0.0;0;10;5
938;154;154;11;3;1;1;2;0;0;0;0;0;0;4;5;7;2;61;56;63;10;8256;44;221;99.5;1.7;1.3;34.0;23.1;125;100;55.6;3.8;96;67;58.9;5.6;1;81;43
940;31;31;27;3;7;-3;6;0;3;0;0;0;0;36;4;14;38;62;56;69;58;27483;2181;1497;100.0;2.8;3.0;37.2;40.5;432;493;46.7;-2.6;319;363;46.8;-1.8;0;0;0
941;43;17;29;13;11;0;18;1;0;0;0;0;0;50;11;10;19;73;66;74;77;27244;1955;5084;97.1;3.6;3.6;35.9;27.7;484;400;54.8;3.8;354;295;54.5;4.3;2;455;246
942;125;124;20;0;4;-5;4;0;0;0;1;0;0;35;7;6;25;63;52;75;21;18327;2122;1493;99.5;1.8;3.3;25.3;44.8;236;386;37.9;-10.0;176;294;37.4;-10.4;0;0;0
943;155;154;42;11;24;9;27;0;5;0;0;0;0;54;14;16;25;70;64;72;95;38423;3306;6881;97.3;3.8;2.9;39.9;23.6;784;465;62.8;2.0;579;347;62.5;2.2;2;126;60
946;29;29;42;4;19;4;21;0;1;0;0;1;1;51;11;38;47;64;60;67;109;46025;1058;2428;100.9;4.0;3.6;37.8;37.2;772;709;52.1;-0.2;576;549;51.2;-2.2;0;0;0
947;36;3;40;4;24;-4;24;3;11;0;0;0;0;47;6;10;18;68;61;73;66;24447;11433;313;101.5;4.0;4.3;29.0;35.0;354;433;45.0;0.7;274;329;45.4;1.6;1;27;13
949;0;0;43;3;7;-3;10;1;0;0;0;0;0;41;9;25;83;62;57;67;89;50074;749;4310;101.1;3.0;3.2;29.8;35.7;634;793;44.4;-2.5;484;585;45.3;-3.0;0;0;0
954;53;8;12;3;6;9;4;0;1;0;0;0;0;16;4;10;31;64;52;74;24;12819;257;2762;106.3;4.5;2.2;34.3;32.9;209;199;51.2;2.9;154;159;49.2;0.6;0;0;0
955;18;18;42;16;20;-3;18;4;4;1;0;2;0;70;57;23;22;74;77;67;146;39271;5921;110;98.6;3.8;4.0;35.5;33.6;610;565;51.9;-0.1;451;426;51.4;0.3;3;54;22
956;26;26;12;0;7;2;4;0;0;0;1;0;0;13;1;5;21;64;60;66;21;12010;140;745;102.1;3.0;2.7;29.7;33.9;154;192;44.5;-2.7;108;138;43.9;-1.6;0;0;0
957;31;31;42;12;28;9;42;0;3;0;1;2;0;97;39;28;33;71;68;70;69;37660;1839;4370;102.8;4.3;3.5;36.0;38.5;567;634;47.2;-0.4;416;462;47.4;0.3;1;30;16
959;154;154;43;12;11;0;15;5;3;0;0;1;1;64;41;18;20;70;69;69;98;39294;7207;329;100.1;2.4;2.2;31.5;29.3;535;506;51.4;2.6;407;367;52.6;3.0;4;66;24
961;21;21;39;3;6;2;4;0;0;1;0;0;0;34;25;12;6;60;55;63;27;20648;729;495;100.3;2.1;1.7;32.1;27.9;302;256;54.1;1.4;216;189;53.3;-0.1;1;86;42
962;3;3;41;3;14;-1;17;0;0;0;1;1;0;44;22;25;91;61;55;67;88;47967;409;3222;100.1;3.5;3.7;33.8;36.2;722;799;47.5;-2.1;533;579;47.9;-2.0;0;0;0
963;33;29;37;4;22;14;38;0;0;0;0;2;1;67;6;14;50;68;55;80;76;35288;1940;3993;102.6;3.9;2.4;36.6;30.8;605;579;51.1;1.6;469;432;52.1;1.4;0;0;0
965;9;9;21;2;8;9;12;0;0;0;0;0;0;34;6;13;22;61;53;69;39;21960;139;1712;105.4;3.6;2.3;31.1;36.9;305;364;45.6;1.8;213;274;43.7;1.4;0;0;0
966;24;24;42;12;16;-6;8;3;5;0;0;0;0;56;42;15;26;70;68;69;66;34680;8508;108;98.1;3.0;3.6;28.3;29.0;443;455;49.3;4.0;328;325;50.2;3.7;1;27;14
967;123;31;36;7;9;7;30;3;1;0;0;0;0;76;7;10;92;71;61;82;68;38173;3060;2668;102.9;3.2;2.5;31.2;34.3;593;696;46.0;-4.2;453;510;47.0;-3.2;3;0;0
971;152;152;41;8;15;-4;16;0;1;2;4;0;0;40;48;29;28;64;60;66;45;26937;786;6120;99.0;2.8;4.1;25.8;34.7;310;397;43.8;1.9;229;306;42.8;2.3;0;219;102
975;153;152;28;6;12;5;28;2;4;0;1;0;0;41;9;2;26;67;59;73;84;24417;6711;1841;103.9;3.4;2.5;30.2;34.1;393;451;46.6;-13.8;297;324;47.8;-12.4;0;0;0
978;38;38;22;5;10;7;26;0;2;1;0;0;0;38;4;7;13;67;63;68;44;19733;2275;1131;105.1;3.3;2.0;29.6;33.2;254;348;42.2;4.1;202;263;43.4;5.9;2;21;9
980;50;26;37;17;20;0;10;6;14;0;0;0;0;34;13;11;26;74;71;73;151;29275;10113;280;98.3;2.7;2.6;36.8;28.7;522;425;55.1;-0.5;396;312;55.9;0.9;3;50;33
981;19;19;30;3;11;0;4;0;0;0;0;0;0;33;22;13;15;66;65;61;33;23689;1170;767;100.8;3.6;3.8;28.7;31.9;315;341;48.0;1.3;223;246;47.5;1.4;0;25;13
1007;3;3;41;17;28;9;6;3;3;0;0;0;0;46;43;18;18;67;67;60;111;40164;4582;199;102.2;4.2;3.1;37.9;35.3;640;639;50.0;1.8;489;467;51.2;2.8;3;272;131
1019;0;0;43;1;11;-15;33;0;0;0;1;1;1;32;7;33;60;60;54;66;56;42163;168;3515;96.9;2.3;3.6;29.0;32.6;521;621;45.6;-0.6;395;462;46.1;-1.6;1;0;0
1024;29;29;42;10;18;15;10;0;0;0;0;0;0;44;30;21;14;69;72;61;85;31906;102;1416;102.8;5.0;3.3;39.7;33.7;561;486;53.6;1.8;405;350;53.6;1.4;2;32;11
1025;31;31;42;20;25;9;4;5;4;0;0;0;0;55;53;25;15;71;73;65;147;39807;6817;240;103.1;4.0;2.9;37.1;38.1;650;669;49.3;2.6;483;497;49.3;3.0;2;164;72
1029;3;3;42;17;17;2;14;2;1;0;0;0;0;40;42;31;23;69;69;64;104;43488;1948;2908;100.7;3.3;3.1;34.0;35.0;640;704;47.6;-0.2;486;497;49.4;0.8;0;210;104
1031;47;10;35;1;4;-22;14;0;0;0;0;0;0;38;6;4;25;57;52;61;35;27164;1382;2600;99.4;2.1;5.0;23.6;52.7;311;703;30.7;-8.6;238;531;30.9;-8.5;0;0;0
1040;24;24;43;13;28;-13;6;3;7;0;0;0;0;30;49;41;7;66;62;69;114;44636;9965;210;97.6;3.0;4.0;32.3;34.0;580;647;47.3;1.4;455;486;48.4;1.5;2;695;363
1042;124;124;5;0;1;3;2;0;0;0;0;0;0;6;8;3;1;61;55;69;3;3066;0;218;110.7;3.5;0.0;32.9;20.0;40;25;61.5;12.5;34;20;63.0;13.2;0;4;3
1047;44;30;40;4;9;10;16;0;1;0;0;0;0;37;5;7;16;62;56;65;43;21504;3387;32;104.8;4.4;2.5;32.0;28.5;343;310;52.5;2.4;245;240;50.5;0.4;1;38;16
1048;38;25;42;13;34;-3;48;6;18;0;1;0;0;41;10;11;43;70;62;75;108;37604;8572;5596;101.4;2.7;3.0;27.4;35.3;507;663;43.3;3.0;375;513;42.2;1.9;1;156;52
1059;32;23;43;14;14;-7;24;4;8;1;0;0;0;46;5;14;26;70;64;76;92;34161;8832;489;98.5;2.3;3.0;29.2;31.1;514;536;49.0;3.7;382;388;49.6;4.9;2;28;13
1062;37;37;42;10;11;-9;12;3;2;0;0;0;0;62;10;12;25;65;59;66;75;32088;7953;23;99.2;2.4;3.0;28.5;33.3;452;508;47.1;1.1;341;394;46.4;0.2;3;62;30
1065;8;8;6;1;1;-1;0;0;0;0;0;0;0;8;3;0;2;58;53;59;4;2785;0;156;97.0;3.9;5.2;28.4;31.0;47;43;52.2;-4.4;33;29;53.2;-5.4;1;36;17
1069;18;18;42;19;24;9;16;2;8;0;1;0;0;104;39;20;19;73;76;66;123;36535;6139;4041;99.5;4.2;3.4;39.2;29.8;610;463;56.8;6.5;458;345;57.0;7.8;1;140;67
1073;14;14;39;9;16;-8;16;0;3;0;1;0;0;51;37;19;25;63;60;63;72;31571;1246;498;98.8;3.2;4.2;34.6;40.6;486;529;47.9;-2.9;359;404;47.1;-2.1;2;16;11
1083;26;26;18;1;4;-9;0;0;0;0;0;0;0;24;14;7;6;62;60;61;29;12411;411;0;93.6;1.7;4.1;34.8;35.7;175;179;49.4;0.7;129;134;49.0;1.3;0;3;0
1085;12;12;40;14;20;12;31;2;1;0;0;1;0;42;28;17;3;69;70;64;126;32752;6805;5;101.5;4.5;2.6;43.2;29.6;634;419;60.2;4.0;471;315;59.9;4.2;2;1;1
1086;43;17;42;8;14;-11;32;1;4;0;0;0;0;36;18;7;22;66;59;70;94;30967;7499;429;95.1;2.4;3.6;31.2;28.4;481;466;50.8;0.8;344;333;50.8;1.6;0;16;8
1087;21;21;17;1;8;2;4;1;5;0;2;0;0;12;4;14;23;60;53;68;39;15701;2056;2132;97.5;3.4;3.4;35.8;28.4;256;201;56.0;4.4;185;151;55.1;0.8;0;0;0
1096;53;8;10;3;7;1;6;1;3;0;0;0;0;15;2;3;3;76;70;76;23;8413;2773;28;105.7;3.9;3.0;29.1;39.8;137;151;47.6;-4.1;93;121;43.5;-7.8;0;141;85
1100;27;27;41;7;25;2;6;1;2;1;1;0;0;59;36;19;22;70;69;65;82;37322;1404;4866;100.4;3.9;3.9;35.3;36.7;616;612;50.2;0.4;423;453;48.3;-1.3;1;106;60
1101;26;26;38;2;9;-22;11;0;0;0;2;0;0;33;9;15;31;55;54;56;67;38285;424;3344;96.1;2.7;5.1;31.0;39.9;500;625;44.4;-3.0;386;481;44.5;-3.4;0;0;0
1102;20;20;42;9;14;2;20;1;0;0;0;0;0;56;42;11;17;68;68;63;65;35970;1618;0;101.4;3.5;3.2;30.6;31.8;474;506;48.4;-0.0;362;363;49.9;1.1;1;0;0
1103;27;27;41;12;16;-3;16;5;3;0;0;0;0;51;27;32;8;68;64;71;63;35950;7199;190;99.7;3.0;3.2;33.7;34.8;560;569;49.6;-0.4;394;420;48.4;-1.1;0;399;163
1106;31;31;42;14;23;-1;46;4;4;0;0;2;1;102;48;32;12;74;72;74;108;38055;6576;698;101.2;3.7;3.5;35.4;38.1;584;612;48.8;1.8;428;463;48.0;1.2;2;3;0
1113;28;28;41;16;17;1;8;1;1;0;0;0;0;55;39;13;9;67;68;61;128;36061;1852;59;100.4;3.7;3.4;36.7;35.0;587;532;52.5;-0.8;432;407;51.5;-2.1;3;9;5
1120;28;28;40;4;9;-4;4;0;0;0;1;0;0;31;22;11;2;59;57;56;23;15731;73;351;100.2;4.1;5.0;30.9;38.2;221;248;47.1;-6.9;161;194;45.4;-8.9;1;17;14
1127;155;155;7;4;4;2;2;0;1;0;0;0;0;9;3;3;9;74;64;82;27;6041;1657;701;95.0;4.8;3.6;45.9;23.2;130;74;63.7;10.8;106;55;65.8;13.4;0;0;0
1128;12;12;41;6;28;21;10;1;10;0;1;0;0;84;17;38;37;68;66;69;148;46027;7425;1221;103.1;4.9;3.0;38.9;31.1;808;589;57.8;1.3;588;447;56.8;0.4;1;0;0
1134;14;14;41;15;14;-13;18;5;9;0;0;0;0;44;37;15;7;65;63;64;115;28763;5353;93;98.2;2.6;4.0;33.0;40.9;441;485;47.6;-2.9;321;373;46.3;-2.8;0;0;0
1149;21;21;40;14;27;2;12;4;5;0;0;0;0;55;51;37;14;74;75;69;106;41761;7872;2072;100.9;3.7;3.3;34.0;32.6;621;579;51.7;-1.9;454;426;51.6;-3.1;2;30;7
1152;20;20;42;4;26;21;16;0;2;0;4;0;0;43;4;37;117;65;54;79;89;48599;1926;5889;103.9;3.2;2.0;30.5;30.4;649;697;48.2;-0.3;475;487;49.4;0.3;0;1;0
1156;27;27;41;3;15;6;12;1;1;0;0;0;0;67;13;26;58;62;57;65;76;45171;125;4366;100.5;3.7;3.4;34.9;33.5;734;693;51.4;2.3;513;507;50.3;1.6;1;0;0
1165;38;25;15;5;8;-4;4;2;4;0;0;0;0;17;3;5;11;78;66;84;44;13606;1652;1175;97.5;1.9;2.9;32.0;34.9;214;207;50.8;4.2;157;170;48.0;0.6;1;200;83
1169;123;31;28;10;11;-7;12;4;3;1;0;0;0;29;11;9;18;68;63;70;78;24447;5384;1904;94.8;2.8;3.7;39.6;30.0;458;360;56.0;4.5;356;269;57.0;6.1;4;59;30
1173;31;31;42;5;20;18;22;1;3;0;1;0;0;48;14;30;46;64;59;70;118;48003;6434;5433;105.3;4.3;2.8;33.7;36.3;725;767;48.6;1.7;519;568;47.7;0.8;1;0;0
1179;124;124;24;5;2;2;4;0;0;0;0;0;0;24;12;2;5;61;59;58;26;13286;65;80;103.2;3.3;2.7;27.9;32.0;167;180;48.1;-5.6;124;137;47.5;-5.9;1;7;3
1187;8;8;42;3;15;7;36;0;1;0;0;2;0;42;12;28;84;57;50;65;66;38277;214;3734;98.6;4.5;4.0;40.8;31.7;672;560;54.5;-0.9;504;390;56.4;0.6;1;0;0
1198;152;152;8;1;0;-1;0;0;0;0;0;0;0;8;4;5;10;59;53;67;13;7849;64;424;100.6;1.8;2.8;21.6;34.9;88;118;42.7;2.7;63;90;41.2;3.0;0;0;0
1201;10;10;6;2;2;-1;0;0;0;0;0;0;0;6;5;4;1;63;62;58;13;4006;587;0;92.6;3.6;4.5;41.3;27.9;58;45;56.3;8.7;48;36;57.1;8.6;1;2;1
1209;41;7;43;10;20;5;34;2;7;0;0;0;0;82;12;18;11;71;61;77;95;37535;8115;7165;102.5;3.2;2.6;27.0;28.3;543;526;50.8;1.7;391;403;49.2;0.3;2;714;357
1210;28;28;31;3;6;-7;25;0;0;0;3;1;0;42;14;16;31;56;51;61;49;31924;172;3247;98.4;2.8;3.9;27.4;33.3;399;444;47.3;3.9;276;336;45.1;2.4;0;0;0
1212;124;124;40;8;19;4;15;0;0;0;0;1;0;62;22;22;6;69;68;66;91;32528;1318;1801;99.2;3.5;3.0;39.1;30.3;524;413;55.9;5.8;405;322;55.7;5.4;2;1;0
1217;23;23;41;1;10;-4;0;0;0;1;2;0;0;37;22;15;4;59;53;63;23;20502;139;2778;96.4;1.9;3.2;33.2;33.5;303;308;49.6;-4.3;229;225;50.4;-3.6;0;244;126
1230;50;26;3;1;0;-2;2;0;0;0;0;0;0;3;0;0;0;59;57;53;4;1829;423;0;92.5;3.9;7.9;31.5;39.4;26;33;44.1;-8.9;19;26;42.2;-11.0;0;0;0
1232;124;124;30;5;5;-16;7;2;1;0;0;1;0;31;19;10;8;61;60;58;45;16662;1106;18;88.9;1.9;5.2;32.4;30.2;235;226;51.0;-1.5;178;167;51.6;-0.8;0;2;0
1235;50;26;36;9;16;-1;18;2;3;0;0;0;0;44;13;15;13;67;64;66;86;31944;3281;2173;98.3;2.7;2.8;34.8;29.6;540;457;54.2;-1.6;408;359;53.2;-2.7;3;41;19
1239;53;53;15;3;5;7;12;0;0;0;0;0;0;52;2;3;13;64;59;64;30;13065;444;1844;107.0;3.6;1.7;31.1;36.4;202;215;48.4;-1.6;155;173;47.3;-3.1;1;70;27
1243;21;21;29;4;12;5;11;1;5;0;0;0;0;36;7;31;27;66;63;68;81;31711;5323;2595;101.3;4.0;3.1;34.7;30.3;488;421;53.7;-0.2;349;314;52.6;-2.4;0;0;0
1252;14;14;32;7;6;3;2;0;0;0;1;0;0;14;19;15;17;59;51;67;33;18593;46;2123;102.6;3.9;3.5;33.9;39.3;279;319;46.7;-5.0;208;234;47.1;-2.9;1;274;115
1255;14;14;42;6;29;8;12;2;15;0;0;0;0;56;17;31;32;62;57;66;94;45200;5461;1859;103.4;3.6;2.9;32.7;37.8;685;730;48.4;-2.6;495;559;47.0;-2.6;0;0;0
1256;47;0;16;1;9;-8;22;0;2;0;0;0;0;19;7;2;8;64;61;64;29;12138;3386;538;100.5;3.3;5.0;26.4;42.4;172;250;40.8;-0.4;126;190;39.9;-1.8;0;20;9
1258;18;18;42;6;15;-9;10;0;0;0;0;0;0;35;20;27;12;61;56;60;59;30306;11;104;96.3;3.1;4.2;36.6;34.3;484;471;50.7;-1.7;352;347;50.4;-1.1;3;380;163
1260;19;19;40;2;11;12;10;0;0;0;1;0;0;66;11;24;62;63;57;69;79;41515;111;5235;102.8;3.3;2.4;29.5;29.0;536;544;49.6;2.9;386;395;49.4;3.1;0;0;0
1261;34;2;41;6;12;2;26;0;0;1;0;0;0;84;7;25;22;72;60;81;84;31626;285;7493;99.7;2.7;2.6;33.7;31.3;528;495;51.6;2.7;388;374;50.9;1.3;1;603;324
1262;59;1;4;0;2;0;0;0;0;0;0;0;0;0;0;1;3;56;53;59;1;1808;231;34;110.5;4.0;4.0;19.9;41.8;18;31;36.7;-4.6;14;22;38.9;0.9;0;1;0
1273;7;7;43;31;22;8;12;11;5;0;0;0;0;50;52;36;17;73;75;68;147;43913;7631;1210;101.7;4.4;3.4;38.6;34.3;761;638;54.4;4.8;566;472;54.5;5.5;2;61;24
1279;14;14;31;5;11;-9;10;1;3;0;0;0;0;42;14;16;34;59;56;60;57;30588;1252;1145;99.1;3.5;4.5;33.0;38.5;458;506;47.5;-2.5;333;383;46.5;-2.2;0;0;0
1292;9;9;41;19;24;9;36;1;4;1;0;1;0;78;54;23;11;73;75;68;146;42139;7193;186;101.2;3.6;2.8;34.5;30.5;652;573;53.2;0.7;472;411;53.5;1.1;4;1;1
1298;40;40;40;9;5;-5;26;4;0;0;0;0;0;32;1;7;25;63;56;68;46;23324;4374;1277;101.2;2.5;3.2;25.0;37.4;295;448;39.7;-3.4;220;329;40.1;-2.4;2;365;173
1310;44;44;40;2;8;-5;8;0;0;0;0;0;0;22;9;13;13;61;56;63;48;25694;135;2572;98.4;2.5;3.4;26.6;30.4;366;400;47.8;-4.1;267;298;47.3;-3.8;0;67;29
1311;62;10;38;3;6;6;12;0;0;1;0;0;0;58;7;11;74;59;49;72;49;33725;282;7081;100.1;3.2;2.7;33.1;28.0;561;503;52.7;2.1;420;376;52.8;3.2;1;0;0
1327;18;18;42;22;26;18;17;1;1;1;1;1;0;62;61;18;12;70;73;60;168;39544;6267;463;103.1;5.1;3.6;37.9;34.4;639;559;53.3;1.8;484;432;52.8;2.3;1;80;30
1333;19;19;40;5;7;0;15;0;0;0;0;1;1;53;15;11;12;61;57;61;40;22880;62;21;102.0;2.7;2.7;23.0;27.8;228;309;42.5;-6.2;169;208;44.8;-2.9;0;3;1
1339;10;10;37;13;16;-10;0;6;8;0;0;0;0;61;37;31;8;74;76;69;72;32359;7430;274;98.7;2.2;2.9;29.6;32.7;446;464;49.0;1.7;323;341;48.6;2.9;2;42;24
1340;9;9;41;6;14;11;18;2;0;0;2;0;0;63;11;28;57;64;58;69;114;44251;2113;5607;101.1;3.5;2.7;36.4;31.5;735;596;55.2;3.8;522;454;53.5;1.2;0;0;0
1343;56;56;33;7;22;12;32;5;7;0;0;0;0;66;4;6;22;74;68;77;75;26207;8246;100;105.3;4.0;2.2;32.3;31.2;419;420;49.9;-0.4;310;313;49.8;-0.5;3;1;1
1347;36;3;19;4;7;-8;18;0;3;0;0;0;0;22;4;1;44;75;60;88;64;17086;5533;1268;99.5;2.5;4.0;27.6;41.5;231;349;39.8;-6.3;175;264;39.9;-6.0;0;0;0
1350;23;23;41;7;16;-1;23;2;7;0;0;0;0;57;9;50;66;69;65;73;124;48851;7617;2081;99.5;2.4;2.3;34.0;29.8;745;654;53.3;0.1;540;466;53.7;0.4;2;0;0
1353;38;10;31;5;8;0;44;2;1;0;0;0;0;42;5;6;10;65;54;61;43;23530;462;2383;101.5;2.1;2.1;27.8;34.6;334;404;45.3;3.9;247;305;44.7;2.6;0;246;123
1359;2;2;44;16;20;6;12;1;1;0;0;0;0;58;32;15;9;67;68;59;86;40001;3002;637;99.4;4.1;3.5;35.7;28.7;618;497;55.4;2.4;457;371;55.2;0.8;1;10;9
1375;21;21;40;16;20;-4;54;1;5;0;0;2;1;84;47;19;22;71;72;64;172;41549;3921;1230;97.7;3.2;3.6;37.3;32.5;681;588;53.7;0.9;503;436;53.6;-0.1;2;19;7
1376;33;12;31;1;2;2;21;0;0;0;0;1;1;32;5;1;7;58;50;56;25;13994;48;1351;101.2;2.1;1.8;35.5;38.8;231;277;45.5;-5.3;179;208;46.3;-5.4;0;56;29
1377;124;124;40;7;10;-4;20;0;0;0;0;0;0;22;18;23;15;60;56;62;60;26487;361;273;99.2;2.7;3.1;31.4;32.9;379;371;50.5;-1.4;284;276;50.7;-1.4;1;312;127
1383;38;25;38;20;29;21;10;4;15;1;0;0;0;33;9;17;25;79;71;83;132;32116;8942;2083;101.8;4.4;1.9;42.9;22.8;643;364;63.9;4.4;495;267;65.0;6.8;1;690;365
1385;7;7;43;8;11;-6;6;0;0;0;0;0;0;54;38;11;13;63;61;62;84;29563;1569;0;99.6;3.2;3.5;33.4;35.6;473;460;50.7;-0.6;329;347;48.7;-2.9;1;1;0
1390;153;152;41;7;17;13;10;0;0;0;1;0;0;90;13;6;23;68;61;67;95;39999;353;5913;100.3;3.7;2.6;36.3;26.6;744;545;57.7;-0.2;556;387;59.0;0.9;0;96;41
1391;0;0;43;10;23;-12;8;0;0;1;0;0;0;33;38;34;18;64;61;64;69;42604;790;4255;98.8;3.5;4.6;33.0;38.3;588;729;44.6;-2.1;453;526;46.3;-1.4;1;567;238
1393;9;9;41;5;27;11;26;1;9;1;1;0;0;59;8;35;55;67;66;67;131;46142;7351;2691;100.4;3.7;3.1;35.2;31.1;718;628;53.3;0.9;516;451;53.4;1.0;0;0;0
1395;50;26;37;17;11;11;8;7;7;0;0;0;0;40;9;0;10;66;60;71;84;17708;10112;89;107.3;4.9;2.2;35.8;35.2;295;304;49.2;-8.3;219;232;48.6;-9.0;1;151;66
1398;10;10;39;1;9;-22;32;0;1;0;0;2;0;43;31;24;9;63;61;61;34;34957;1679;695;94.8;1.5;3.7;26.8;33.9;445;497;47.2;-1.4;310;389;44.3;-3.8;0;128;54
1399;43;43;39;2;8;-9;12;0;0;0;0;0;0;25;7;5;2;57;54;57;36;17081;444;3074;97.2;3.4;5.3;27.8;35.2;256;290;46.9;-4.0;179;225;44.3;-6.4;0;57;27
1400;0;0;43;2;25;-8;6;0;11;0;2;0;0;39;5;36;57;63;60;67;108;50826;5134;2249;99.9;3.0;3.5;30.8;35.6;639;787;44.8;-1.9;508;590;46.3;-1.5;0;0;0
1403;23;23;41;12;16;-4;16;6;7;0;0;0;0;57;58;31;17;69;68;69;97;38321;7496;269;98.7;2.0;2.2;31.5;28.5;546;506;51.9;-1.8;397;367;52.0;-2.0;1;17;8
1404;29;29;42;11;18;0;54;3;3;0;0;6;4;75;64;28;27;69;65;70;126;43036;5435;1546;99.9;3.1;3.0;36.6;35.0;693;674;50.7;-2.2;523;491;51.6;-1.5;1;21;10
1407;33;29;41;16;22;1;48;11;8;0;0;0;0;52;11;10;19;72;65;77;133;35451;9451;1187;99.3;3.4;3.0;35.7;30.2;609;547;52.7;4.5;472;408;53.6;4.5;1;722;368
1408;40;40;41;9;18;-7;30;1;13;0;0;0;0;35;4;9;21;65;58;70;66;25045;7419;88;100.9;3.2;4.2;26.6;37.8;342;459;42.7;0.5;257;345;42.7;1.0;0;514;274
1409;38;38;9;2;4;0;22;1;1;0;0;0;0;8;5;3;9;68;57;83;25;6923;2934;757;100.3;2.6;2.6;33.8;35.4;113;104;52.1;-0.8;88;82;51.8;-1.0;0;0;0
1413;14;14;42;4;10;-9;8;0;0;0;1;0;0;26;26;20;25;59;52;68;40;29701;197;5540;97.4;2.9;4.1;36.0;38.7;464;484;48.9;-1.6;355;367;49.2;0.6;1;429;235
1415;124;124;35;4;11;8;8;2;2;0;0;0;0;51;4;21;46;65;62;67;84;37374;2811;1380;101.5;4.0;3.2;36.4;32.9;591;535;52.5;0.7;440;401;52.3;0.5;0;0;0
1424;14;14;42;21;16;9;14;3;1;0;0;0;0;76;56;20;16;70;70;65;130;43100;1112;1124;102.3;3.7;2.9;35.4;36.0;688;660;51.0;1.3;506;500;50.3;2.3;1;8;4
1425;8;8;42;9;17;11;8;1;0;0;0;0;0;69;54;15;25;63;59;66;73;33496;435;4765;102.2;4.6;3.5;34.5;31.6;528;466;53.1;-2.7;374;335;52.8;-4.1;2;5;3
1426;59;1;42;4;10;8;16;0;0;0;1;0;0;61;9;36;57;60;50;70;49;45647;550;6735;99.6;3.9;3.4;32.0;27.3;768;633;54.8;-2.6;569;455;55.6;-2.4;1;0;0
1429;30;30;21;13;12;7;19;5;4;1;0;1;0;24;26;20;10;70;65;76;81;19805;4645;1052;101.6;3.5;2.0;32.4;22.0;247;230;51.8;0.9;198;152;56.6;2.8;1;299;153
1432;154;154;43;11;10;-2;13;0;1;0;1;0;0;54;54;40;15;64;55;72;70;34196;1522;6531;98.4;2.5;2.7;31.4;28.2;451;416;52.0;3.3;339;301;53.0;3.3;2;402;223
1434;14;14;9;1;2;2;0;0;0;0;0;0;0;3;4;4;3;59;55;59;4;4112;0;0;107.7;4.4;2.6;28.0;33.3;64;64;50.0;-0.6;45;46;49.5;-0.4;0;20;8
1448;20;20;38;9;7;5;6;0;1;0;0;0;0;35;33;13;5;61;57;60;63;24296;789;139;102.6;3.3;2.5;31.4;32.4;334;359;48.2;1.6;240;252;48.8;2.3;1;1;1
1449;57;12;2;0;1;2;12;0;0;0;0;0;0;2;1;0;0;59;54;56;1;1262;0;0;115.4;5.7;0.0;37.1;25.7;28;16;63.6;10.4;19;14;57.6;3.1;0;0;0
1450;3;3;3;0;0;1;0;0;0;0;0;0;0;2;0;1;0;51;53;42;4;2975;0;104;109.1;6.0;6.0;25.4;41.1;36;52;40.9;-6.7;23;41;35.9;-10.2;0;0;0
1456;9;9;41;7;21;29;16;0;0;0;2;0;0;51;10;20;76;62;57;66;91;42607;120;1271;105.3;5.3;3.1;36.3;33.4;677;651;51.0;-2.6;494;443;52.7;-0.0;1;0;0
1458;43;17;14;3;9;12;2;0;2;0;0;0;0;13;3;4;33;76;59;89;27;14946;1812;1252;107.6;4.6;1.7;32.0;25.3;240;216;52.6;-3.4;172;146;54.1;-0.7;0;0;0
1459;17;17;7;0;1;-3;2;0;0;0;0;0;0;9;0;3;5;61;59;61;12;6912;131;185;101.3;2.1;3.1;19.8;33.9;69;111;38.3;-12.2;49;81;37.7;-14.7;0;0;0
1463;32;23;17;1;2;-11;4;0;1;0;0;0;0;18;6;2;25;63;54;70;26;14079;2555;1336;95.3;2.0;5.1;27.6;42.2;199;291;40.6;-7.2;149;225;39.8;-7.4;0;0;0
1464;125;124;41;10;7;-9;98;1;0;1;0;4;1;107;9;7;7;60;60;53;59;35172;670;3909;99.1;2.6;3.6;28.6;36.2;526;641;45.1;-1.4;396;487;44.8;-1.2;2;33;15
1465;47;12;41;2;4;-31;48;0;0;0;0;0;0;88;8;13;63;66;51;79;55;44413;961;7038;94.8;1.4;3.9;25.4;36.7;573;817;41.2;6.8;453;613;42.5;8.6;0;0;0
1468;36;3;32;4;9;-10;40;1;2;0;0;0;0;33;9;3;18;62;59;61;66;26389;2043;2613;97.7;2.6;4.0;30.0;36.0;382;463;45.2;2.5;291;341;46.0;3.9;0;32;12
1472;30;30;36;5;11;16;12;0;0;0;0;0;0;70;8;21;52;63;56;71;63;36833;41;3814;105.2;2.8;1.3;26.5;23.2;417;417;50.0;3.6;314;283;52.6;4.3;1;0;0
1479;33;33;22;2;4;1;4;1;0;0;0;0;0;21;2;2;22;61;54;67;22;10905;1553;429;102.2;3.3;3.0;28.4;31.4;161;186;46.4;-5.8;116;130;47.2;-6.0;0;163;76
1482;19;19;3;1;0;-4;0;0;0;0;0;0;0;3;1;0;1;56;60;44;4;1875;30;0;76.5;1.9;9.6;32.6;32.6;24;21;53.3;2.4;18;18;50.0;-0.4;0;1;1
1484;60;18;42;1;4;-6;24;0;0;0;0;0;0;34;5;12;18;59;51;65;41;28361;1268;3848;97.4;1.4;2.3;25.9;28.6;412;422;49.4;1.6;293;299;49.5;0.4;1;400;188
1490;43;43;38;4;3;-12;0;0;0;0;0;0;0;23;10;2;11;58;51;61;33;14606;144;3759;95.1;2.5;5.4;26.4;38.0;206;277;42.7;-8.8;150;206;42.1;-8.7;0;166;67
1491;37;37;40;13;9;-2;14;8;3;0;0;0;0;25;15;8;10;62;57;64;87;25789;6222;74;100.1;2.5;2.8;29.6;33.2;375;414;47.5;2.0;284;316;47.3;1.9;2;184;89
1492;40;40;38;1;6;-7;25;0;2;0;0;1;0;35;3;6;15;60;54;63;35;16507;3063;308;96.8;1.5;3.1;26.6;34.0;215;289;42.7;0.4;164;213;43.5;1.5;0;153;73
1494;53;53;42;2;11;-15;18;1;2;0;0;0;0;50;3;12;19;59;54;62;43;25403;1740;1223;95.5;2.1;4.1;28.9;34.7;352;457;43.5;-2.2;273;327;45.5;-0.0;2;358;193
1496;36;36;17;1;3;-9;2;0;0;0;0;0;0;16;10;2;27;58;49;68;13;14240;96;2035;96.5;2.0;4.3;26.5;38.7;175;282;38.3;-5.5;131;203;39.2;-3.6;0;0;0
1506;8;8;42;6;15;3;15;1;0;0;1;1;0;53;5;34;45;61;56;63;95;42186;1465;1764;97.7;4.1;3.8;40.2;30.8;743;586;55.9;1.0;554;418;57.0;1.5;1;0;0
1509;28;28;38;4;7;-7;33;0;0;0;0;3;2;35;18;9;3;58;53;59;28;17809;179;433;98.1;2.6;4.0;27.5;35.4;232;246;48.5;-5.1;163;200;44.9;-9.7;0;15;5
1511;38;38;12;1;3;1;10;0;0;0;0;0;0;37;4;2;0;59;54;58;10;8947;156;1428;106.7;3.2;2.8;23.3;39.4;114;179;38.9;4.9;83;144;36.6;2.9;0;57;27
1512;41;41;17;4;8;-1;6;1;3;1;1;0;0;20;7;2;11;63;59;66;51;14780;2118;1697;99.1;3.2;3.4;31.7;31.2;241;249;49.2;2.6;177;178;49.9;3.6;1;0;0
1524;152;152;10;1;3;-3;10;0;0;0;0;0;0;8;6;4;6;61;58;64;14;7207;216;125;101.3;3.0;4.5;25.5;43.0;76;122;38.4;-8.5;61;98;38.4;-6.7;0;43;13
1525;26;26;14;2;3;-4;2;0;0;0;2;0;0;8;9;10;3;56;52;60;16;8685;38;947;95.7;2.9;5.4;31.5;39.8;113;138;45.0;-4.4;86;110;43.9;-5.0;0;125;59
1526;33;29;39;9;18;-1;40;3;6;0;0;0;0;69;24;13;144;70;60;79;104;37254;7929;3076;98.9;2.9;3.0;32.9;30.1;573;617;48.2;-7.6;438;446;49.5;-6.0;3;2;0
1530;153;152;41;9;19;23;66;0;0;0;0;0;0;93;6;12;12;64;63;59;86;34253;312;2401;102.3;4.5;2.1;41.4;24.5;680;452;60.1;3.1;520;330;61.2;4.0;1;18;11
1537;56;56;41;6;9;-3;34;0;1;1;2;2;2;44;9;8;25;61;52;71;69;39147;442;5443;99.5;2.1;2.7;28.0;33.1;560;653;46.2;-5.7;418;486;46.2;-5.2;1;0;0
1538;53;53;41;4;16;-7;24;0;8;0;0;0;0;37;5;7;16;65;57;73;73;24625;6882;342;100.5;2.2;2.8;28.5;38.4;333;449;42.6;-3.0;261;332;44.0;-1.7;0;406;178
1543;153;153;19;2;7;1;13;1;2;0;0;1;0;17;8;6;22;62;56;68;29;15447;2403;1310;100.1;2.8;3.0;30.3;33.1;248;283;46.7;-13.1;183;200;47.8;-11.3;0;0;0
1544;152;152;36;3;6;-16;16;0;0;0;2;0;0;36;3;17;21;57;55;56;55;34328;202;1360;97.8;2.4;4.5;26.1;39.5;400;533;42.9;0.9;302;435;41.0;0.2;0;0;0
1553;31;31;42;24;24;3;18;4;6;0;0;0;0;78;49;22;19;73;72;70;129;37284;6425;411;101.7;4.3;3.7;38.1;37.8;625;642;49.3;2.6;454;465;49.4;3.1;4;56;21
1563;125;124;29;0;3;-2;10;0;0;0;1;0;0;22;11;9;66;60;51;69;34;24673;403;6152;101.6;3.2;3.6;29.0;38.5;384;445;46.3;-0.8;285;343;45.4;-1.6;0;0;0
1566;27;27;41;3;25;-3;17;1;11;0;0;1;1;66;13;36;75;69;67;70;132;48666;7056;1265;99.4;3.0;3.2;34.6;34.0;757;774;49.4;-0.7;546;536;50.5;1.9;1;0;0
1571;50;50;14;3;9;8;12;0;4;0;0;0;0;20;5;6;12;72;64;79;58;12241;3865;1037;105.3;4.4;1.8;40.0;30.6;247;187;56.9;1.3;185;137;57.5;2.4;0;0;0
1573;36;3;41;10;15;-9;40;3;8;0;1;0;0;29;6;9;29;71;63;79;101;33701;9455;3712;98.3;2.1;3.0;30.0;33.8;499;564;46.9;3.8;373;422;46.9;4.0;0;104;56
1575;17;17;42;4;14;-14;14;0;0;0;0;0;0;55;14;18;54;60;57;62;84;46630;1540;2071;99.2;2.6;3.7;29.2;37.9;600;758;44.2;0.6;439;577;43.2;1.1;0;0;0
1576;30;30;40;13;24;3;20;3;12;0;0;0;0;66;36;20;10;77;81;69;80;38144;8755;416;100.8;2.9;2.4;29.5;26.0;442;479;48.0;0.2;351;342;50.6;0.8;2;4;1
1580;29;29;42;16;28;19;8;4;2;0;1;0;0;35;40;45;19;68;61;72;88;35243;4414;1826;104.4;4.7;2.6;40.9;36.1;630;542;53.8;2.1;462;413;52.8;0.3;2;549;295
1582;38;25;9;1;10;4;6;1;4;0;0;0;0;17;6;1;6;76;70;78;39;7330;3036;76;107.4;3.4;1.0;31.4;28.0;115;105;52.3;-0.5;86;72;54.4;2.7;0;2;1
1586;53;53;42;5;9;-1;24;0;0;0;1;0;0;69;8;11;18;60;56;58;54;25902;139;3129;100.6;2.2;2.4;27.9;32.0;356;416;46.1;1.1;271;313;46.4;1.1;0;32;11
1587;19;19;40;9;13;14;22;0;0;0;1;0;0;47;10;22;52;62;58;65;84;47955;302;2620;104.4;3.4;2.6;26.9;31.4;603;647;48.2;0.9;420;481;46.6;-1.1;2;0;0
1590;25;25;42;5;14;-14;8;1;5;0;0;0;0;42;27;12;10;65;62;64;37;21746;7598;175;97.3;2.6;4.0;33.3;37.4;351;358;49.5;2.4;244;278;46.7;0.3;2;4;2
1595;7;7;43;4;25;16;12;0;4;0;2;0;0;36;11;38;47;64;59;68;122;52509;2919;5511;102.5;3.7;2.6;35.4;32.8;842;715;54.1;4.6;610;557;52.3;2.2;0;0;0
1601;123;123;14;0;4;-6;4;0;1;0;0;0;0;12;5;4;18;62;57;64;24;12396;371;1648;99.7;2.9;4.4;27.9;40.7;169;230;42.4;-2.4;125;175;41.7;-3.8;0;0;0
1602;62;19;22;5;6;2;4;0;0;0;0;0;0;41;7;7;16;70;62;73;43;20726;38;4266;100.6;3.0;2.6;32.7;30.9;348;292;54.4;0.3;252;231;52.2;-0.9;1;175;83
1610;123;31;37;14;18;-10;16;4;11;0;0;0;0;36;5;4;26;63;60;62;76;28435;5294;4;98.9;2.5;3.5;29.1;36.1;445;526;45.8;-3.1;319;386;45.2;-3.9;2;8;0
1612;54;10;36;11;4;20;8;0;0;0;0;0;0;16;2;9;14;62;56;66;54;17921;769;2803;108.5;5.6;2.0;35.8;27.9;319;264;54.7;-0.7;238;192;55.3;0.3;2;70;37
1613;123;31;26;1;4;-2;10;0;0;0;0;0;0;21;7;4;4;59;52;63;29;16078;0;3181;98.4;2.0;2.5;31.6;30.9;240;250;49.0;-0.1;189;196;49.1;-0.1;0;12;6
1616;153;152;41;17;22;6;14;3;4;0;1;0;0;50;11;10;24;67;64;63;104;39724;3348;2751;99.5;3.9;3.4;35.9;29.5;729;573;56.0;-2.8;542;414;56.7;-2.5;3;45;12
1626;153;152;37;10;13;14;14;1;5;0;0;0;0;48;9;7;25;63;60;64;73;25972;2828;2377;101.8;4.3;2.2;36.9;22.6;485;348;58.2;-0.9;358;250;58.9;-0.6;2;23;11
1627;124;124;40;7;20;12;15;1;3;1;0;1;0;80;60;23;13;69;64;70;83;35944;1831;6201;103.3;3.3;2.2;32.0;31.3;517;503;50.7;-1.3;363;367;49.7;-2.8;1;57;24
1647;33;10;37;10;14;15;30;1;7;0;0;0;0;54;6;2;13;67;63;67;70;27012;5459;148;104.6;3.9;1.9;36.4;30.8;448;425;51.3;2.0;353;304;53.7;4.0;1;23;8
1648;2;2;44;11;18;10;9;0;3;0;1;1;0;27;22;22;13;63;58;64;46;25483;304;1068;102.5;4.2;3.0;34.5;30.2;379;366;50.9;-3.5;297;245;54.8;0.2;1;281;122
1650;48;14;40;14;18;-7;14;3;7;0;1;0;0;50;13;9;4;62;60;60;73;33916;5832;458;97.0;3.5;4.2;31.6;30.1;547;521;51.2;3.9;411;381;51.9;3.9;2;2;0
1655;21;21;40;24;12;12;36;2;2;0;0;0;0;61;37;28;17;67;66;65;139;35571;2759;210;101.7;4.6;3.1;38.1;30.5;593;514;53.6;0.7;453;356;56.0;3.3;4;1;0
1656;21;21;40;5;30;4;6;1;4;0;0;0;0;63;39;50;18;69;62;70;61;38902;1671;6259;100.3;4.3;3.7;37.8;34.0;627;584;51.8;-1.9;475;419;53.1;-0.8;0;489;219
1657;44;30;44;5;15;-1;40;1;2;0;3;0;0;57;10;9;43;67;54;82;83;42067;2509;4007;100.3;3.8;4.1;30.7;34.4;631;697;47.5;-5.5;476;538;46.9;-5.4;0;1;0
1661;56;21;41;10;21;7;14;1;5;0;1;0;0;35;4;4;17;65;61;65;73;30281;2640;3360;102.5;3.2;2.4;32.7;32.5;485;482;50.2;0.2;375;369;50.4;0.9;2;79;45
1662;29;29;42;20;25;0;24;4;3;2;2;0;0;43;50;45;18;69;64;73;110;43532;7330;4650;99.1;3.5;3.6;37.1;34.6;717;682;51.3;-1.4;548;497;52.4;-0.2;1;697;323
1672;10;10;31;2;4;-16;12;0;0;0;0;0;0;26;5;16;51;59;54;62;50;30848;1010;1082;95.9;2.0;3.5;30.7;33.3;425;449;48.6;-0.8;308;327;48.5;1.5;0;0;0
1673;155;154;39;15;16;5;12;4;6;0;0;0;0;48;8;7;13;68;67;64;115;29089;7595;170;99.5;3.3;2.5;36.5;25.7;564;353;61.5;-0.1;399;274;59.3;-2.7;1;4;2
1674;54;10;13;3;5;4;4;0;0;0;0;0;0;11;5;3;0;60;60;56;19;9903;208;82;103.7;4.0;2.5;33.4;30.9;161;154;51.1;-5.9;127;121;51.2;-6.0;0;16;7
1684;28;28;39;6;10;-5;6;0;0;0;0;0;0;27;21;15;15;62;60;58;62;25696;252;286;101.3;3.4;4.1;31.8;43.9;371;478;43.7;-4.4;263;361;42.1;-5.8;1;108;40
1686;34;2;34;1;7;-6;6;0;0;0;0;0;0;19;5;10;17;57;54;58;28;17547;198;2006;96.0;2.9;4.3;29.1;31.0;241;304;44.2;-6.0;183;220;45.4;-4.4;0;33;12
1699;36;3;37;11;13;-5;18;3;1;0;0;0;0;44;6;9;28;75;62;79;86;32004;4878;4551;99.1;2.9;3.3;31.6;32.2;490;505;49.2;7.8;372;379;49.5;8.5;1;573;293
1702;55;9;40;5;13;5;20;0;7;0;0;0;0;63;7;11;38;62;53;70;84;41555;4616;5582;99.3;2.9;2.4;34.0;26.6;706;563;55.6;2.1;531;410;56.4;2.1;1;0;0
1704;37;37;42;14;15;-7;29;5;5;0;0;0;0;89;8;5;6;65;61;63;72;29985;5940;78;98.6;2.6;3.2;30.5;32.3;433;474;47.7;2.0;335;374;47.2;1.4;2;127;61
1705;8;8;15;2;3;4;5;0;0;0;0;0;0;8;9;3;3;58;54;59;12;7462;0;39;104.1;4.3;2.4;38.6;33.8;113;105;51.8;-2.1;90;82;52.3;-1.3;0;27;16
1708;38;25;43;2;15;-5;26;1;4;0;0;0;0;56;9;18;38;58;52;63;60;39923;5720;3967;104.1;2.7;3.1;22.1;37.6;455;758;37.5;-5.2;332;565;37.0;-5.6;0;0;0
1712;12;12;20;4;4;5;4;0;0;1;0;0;0;19;19;4;1;62;60;62;30;10293;155;686;103.8;4.5;3.1;33.6;32.2;155;140;52.5;-2.4;117;104;52.9;-1.2;1;9;4
1715;55;9;40;17;19;11;6;5;6;0;0;0;0;42;5;7;13;71;63;74;93;31482;6264;886;103.3;4.0;2.5;32.8;28.1;517;425;54.9;0.9;402;328;55.1;-0.0;2;140;74
1718;50;26;35;8;20;2;44;5;9;0;0;0;0;53;5;13;4;73;67;73;78;28765;9841;166;99.2;3.4;3.0;35.5;29.0;512;403;56.0;0.1;374;302;55.3;-0.1;1;651;342
1722;40;40;34;12;10;-2;30;6;4;0;0;0;0;27;7;1;13;65;63;61;78;20685;5639;176;100.0;3.1;3.5;31.7;35.2;320;382;45.6;3.6;243;278;46.6;5.4;1;4;2
1724;8;8;42;7;11;13;12;0;3;0;0;0;0;72;13;44;58;65;60;70;113;52171;4345;2623;100.1;4.0;3.0;38.2;28.6;875;661;57.0;2.8;643;489;56.8;1.4;2;0;0
1730;124;124;24;3;6;-3;4;0;0;0;0;0;0;43;2;22;23;60;54;67;38;24004;310;1479;97.4;2.7;3.1;33.7;29.8;349;303;53.5;2.2;267;233;53.4;1.3;3;0;0
1739;17;17;22;4;5;-9;0;0;0;0;0;0;0;18;22;13;2;58;54;58;22;13154;192;120;96.9;2.5;4.7;23.8;34.5;157;194;44.7;1.0;102;145;41.3;-2.1;1;135;69
1745;25;25;42;4;6;-20;18;0;1;0;0;0;0;47;5;15;56;58;55;60;74;44088;616;2438;96.8;2.4;4.1;30.0;35.8;605;695;46.5;-1.5;434;515;45.7;-1.1;1;0;0
1748;29;29;12;0;2;0;4;0;0;0;1;0;0;8;7;0;1;55;50;55;5;4221;0;69;95.4;2.6;3.4;32.4;27.3;58;58;50.0;-1.0;44;38;53.7;3.0;0;14;6
1750;8;8;30;8;18;15;8;2;7;0;0;0;0;41;8;22;36;64;60;69;79;31269;4437;881;104.6;4.4;2.4;38.0;35.0;486;461;51.3;-6.4;377;349;51.9;-5.2;0;0;0
1751;0;0;42;8;15;12;6;0;0;2;2;0;0;66;31;12;18;67;66;65;34;30364;271;2758;104.5;3.1;2.1;26.3;29.4;371;410;47.5;2.8;259;291;47.1;2.3;0;87;47
1752;25;25;42;10;8;2;21;0;0;1;0;1;1;19;14;15;13;60;56;61;59;23069;74;2476;102.1;3.7;3.6;32.1;37.6;340;399;46.0;-1.9;239;292;45.0;-1.8;0;283;105
1755;36;3;41;3;10;-14;40;0;1;0;2;0;0;55;21;16;62;62;51;76;53;40162;422;7259;97.1;1.9;3.4;26.1;33.8;544;670;44.8;0.9;388;513;43.1;-1.5;0;0;0
1757;45;28;44;11;32;22;8;1;16;0;1;0;0;48;22;22;33;74;64;79;161;42909;11795;3352;99.4;4.2;2.5;41.2;23.2;906;528;63.2;10.7;676;384;63.8;11.5;3;0;0
1760;9;9;41;7;6;0;4;0;0;0;0;0;0;33;33;14;18;62;60;60;61;23395;128;443;100.0;3.2;3.2;35.4;35.2;378;352;51.8;-1.2;263;255;50.8;-2.4;1;3;1
1761;25;25;42;10;14;8;17;0;0;0;0;1;0;36;26;12;14;61;58;60;67;24237;153;923;104.8;4.6;3.4;32.4;36.2;362;410;46.9;-0.8;256;297;46.3;-0.2;0;67;28
1762;37;37;42;4;20;-12;30;1;14;0;0;0;0;38;5;5;10;69;60;76;78;30510;10217;35;98.7;1.9;2.9;26.0;34.5;412;521;44.2;-2.8;306;402;43.2;-4.0;0;616;323
1763;2;2;44;5;15;12;21;0;0;1;1;1;0;50;12;19;43;60;56;63;77;42757;308;4047;102.1;3.9;3.0;34.6;33.3;665;604;52.4;-1.9;484;458;51.4;-4.9;2;0;0
1764;2;2;42;8;13;-2;6;2;0;0;0;0;0;54;40;15;20;65;63;62;88;31711;1721;126;99.4;3.2;3.2;34.3;32.4;511;455;52.9;3.1;362;333;52.1;3.2;1;1;0
1765;50;26;40;8;18;9;21;0;0;0;0;1;1;46;8;14;46;67;60;71;92;34546;348;6790;100.5;4.1;3.1;35.7;28.8;635;490;56.4;1.0;474;366;56.4;1.4;2;231;100
1766;20;20;42;5;19;-2;16;0;2;0;0;0;0;17;38;24;20;60;55;63;49;36831;1979;458;100.4;3.2;3.3;30.9;33.2;510;552;48.0;-0.5;375;406;48.0;-1.6;1;454;249
1767;9;9;35;19;17;19;18;4;4;0;0;0;0;82;51;20;18;73;72;71;108;31278;6519;450;104.4;5.2;2.9;38.4;31.7;500;445;52.9;0.8;377;319;54.2;2.7;3;13;8
1769;7;7;43;16;22;0;10;8;8;0;0;0;0;56;51;27;15;68;67;67;84;35261;6791;431;101.0;3.7;3.4;33.7;33.9;512;534;48.9;-3.0;382;384;49.9;-1.4;4;22;11
1773;9;9;41;11;29;14;14;4;5;1;2;0;0;43;43;47;21;72;65;78;84;41659;7787;5320;102.0;3.6;2.5;34.5;29.4;639;551;53.7;1.4;463;397;53.8;1.6;1;807;438
1774;57;12;29;14;14;10;16;6;10;1;0;0;0;34;8;9;10;73;64;79;72;24232;7691;1465;103.3;3.0;1.5;33.1;26.3;418;338;55.3;-1.4;308;244;55.8;-0.6;2;63;29
1776;38;25;43;3;10;0;30;0;0;1;0;0;0;45;17;26;76;68;49;87;59;41219;281;6360;102.7;2.6;2.7;25.1;34.8;544;741;42.3;1.8;395;552;41.7;1.2;0;0;0
1779;34;2;41;3;3;-3;53;0;0;0;0;0;0;70;8;26;86;58;49;69;57;35472;204;7837;97.7;3.2;3.7;34.1;30.9;601;551;52.2;3.6;452;423;51.7;2.4;0;0;0
1786;45;28;40;14;26;5;20;8;9;0;0;0;0;72;10;13;6;76;70;74;120;33890;10421;75;98.5;3.5;3.0;34.1;25.2;634;454;58.3;2.7;466;344;57.5;1.3;4;550;265
1789;43;17;42;11;10;-9;25;5;3;0;0;1;0;44;6;5;1;59;56;58;81;22995;7386;767;100.1;3.0;3.9;24.6;32.6;307;384;44.4;-7.1;201;294;40.6;-11.1;1;206;103
1791;154;154;43;4;11;-4;4;1;0;0;0;0;0;69;29;13;19;64;58;66;47;29669;1991;472;99.1;1.9;2.1;27.3;25.7;363;340;51.6;2.6;269;249;51.9;1.8;0;7;4
1802;37;37;18;2;11;-7;10;1;5;0;0;0;0;22;4;6;34;76;61;90;49;14957;5284;1474;99.0;2.4;3.4;29.8;37.1;205;263;43.8;-2.2;171;203;45.7;-1.1;1;0;0
1804;153;152;40;17;28;8;33;5;10;0;0;1;0;65;9;15;23;76;70;81;159;38608;11499;232;101.1;3.8;2.8;35.5;28.8;700;542;56.4;-2.0;517;396;56.6;-2.4;1;848;446
1808;10;10;39;7;6;-11;23;0;0;1;1;1;0;35;31;31;18;62;57;67;50;32449;873;3776;97.2;2.1;3.4;28.0;33.4;425;461;48.0;-0.3;294;344;46.1;-1.4;0;390;188
1812;37;37;42;7;15;-1;32;0;3;0;1;0;0;37;5;15;33;65;59;68;69;37913;3086;3079;100.2;2.5;2.7;29.7;32.7;552;642;46.2;-0.0;415;481;46.3;0.2;2;115;59
1813;54;10;32;7;14;13;29;0;1;0;1;0;0;20;8;8;15;63;59;62;70;22102;1623;1063;103.4;5.2;3.1;36.5;28.3;398;311;56.1;0.7;297;239;55.4;0.1;3;49;23
1816;24;24;42;8;16;-2;4;0;4;0;2;0;0;42;37;14;33;65;63;64;42;30943;2744;1982;100.7;2.8;3.0;26.5;30.8;414;445;48.2;2.9;274;312;46.8;-0.1;0;55;29
1817;29;29;42;6;6;0;10;2;2;0;0;0;0;48;4;33;39;61;55;66;102;45325;1597;2022;100.3;2.8;2.7;34.6;34.9;695;696;50.0;-3.3;504;524;49.0;-5.3;2;0;0
1818;34;2;16;1;1;-2;4;0;0;0;0;0;0;6;2;2;5;56;52;58;7;6661;20;719;97.4;1.1;2.2;29.2;34.0;98;118;45.4;-2.8;79;88;47.3;-1.2;0;15;8
1819;41;7;43;5;8;-1;20;0;0;0;0;0;0;89;8;25;84;62;51;72;57;47830;809;8199;99.6;2.7;2.7;29.1;27.9;737;686;51.8;3.5;526;509;50.8;2.8;1;0;0
1820;155;154;33;4;11;4;13;0;0;0;0;1;0;54;6;8;10;61;57;56;61;27593;33;55;96.0;3.7;3.1;39.1;23.5;566;337;62.7;-0.3;422;250;62.8;0.7;0;31;14
1821;17;17;42;7;19;-18;18;0;5;0;0;0;0;72;67;23;21;69;68;67;96;41150;6209;440;98.6;2.4;3.8;26.4;36.0;499;654;43.3;-0.7;347;498;41.1;-2.0;1;81;45
1822;125;124;35;14;10;-13;8;4;2;0;0;0;0;51;3;10;17;67;62;68;69;25979;8520;718;98.1;3.0;4.4;29.1;35.8;381;472;44.7;-2.4;295;350;45.7;-0.4;2;59;30
1826;10;10;18;2;2;2;8;0;0;0;0;0;0;16;6;12;19;58;50;68;31;17261;1012;775;100.9;2.1;1.9;30.0;30.9;240;233;50.7;2.4;176;169;51.0;4.7;0;0;0
1827;48;14;40;4;27;-1;16;0;14;0;0;0;0;43;10;20;25;70;63;74;85;34140;10184;226;99.3;2.6;2.7;30.3;29.2;535;501;51.6;4.5;392;391;50.1;1.3;1;742;390
1832;24;24;38;2;12;-6;19;0;0;0;0;0;0;43;15;13;58;58;54;62;56;37858;222;1161;99.5;3.1;3.7;27.4;31.0;474;546;46.5;1.0;346;385;47.3;0.5;0;0;0
1833;29;29;4;0;1;-1;0;0;0;0;0;0;0;1;5;0;0;55;54;51;2;1660;0;345;97.6;2.2;4.3;30.3;45.5;23;28;45.1;-11.0;18;22;45.0;-13.2;0;6;3
1839;34;2;38;13;17;10;18;2;7;0;0;0;0;51;15;3;19;63;60;63;87;31083;5775;41;103.5;3.0;1.6;35.3;32.0;545;475;53.4;4.0;406;357;53.2;3.3;2;35;20
1840;55;55;28;5;16;6;10;0;1;1;0;0;0;23;7;7;17;64;58;66;43;20435;314;3024;101.8;4.2;3.3;32.8;30.1;339;287;54.2;-1.8;264;224;54.1;-3.5;0;337;167
1841;14;14;29;4;3;-4;0;0;0;0;0;0;0;19;11;8;6;59;57;57;40;14927;107;146;99.7;3.1;4.1;32.8;41.7;224;255;46.8;-4.3;160;196;44.9;-5.0;0;42;24
1842;0;0;43;13;19;-4;13;1;1;0;0;0;0;50;50;29;14;66;64;64;81;39469;2607;352;99.9;2.8;3.1;30.7;33.4;502;573;46.7;0.9;394;430;47.8;0.8;3;183;92
1843;37;27;33;1;6;4;30;0;1;0;0;0;0;55;8;9;70;67;50;85;39;31149;942;6460;101.6;3.2;2.9;30.9;32.5;445;506;46.8;-0.4;350;372;48.5;1.4;0;95;37
1846;153;152;15;1;0;1;2;0;0;1;0;0;0;23;0;0;1;56;52;54;7;6880;134;168;97.4;2.1;2.1;30.3;22.0;114;86;57.0;-1.0;83;58;58.9;0.9;0;64;30
1847;40;20;38;2;7;-5;12;0;0;0;0;0;0;60;5;10;42;65;54;76;41;37072;147;6388;102.9;3.3;3.9;24.1;36.0;484;647;42.8;-0.9;358;483;42.6;-0.5;0;0;0
1848;17;17;11;0;4;-4;0;0;0;0;0;0;0;10;7;5;2;57;53;58;6;4708;0;5;94.4;3.1;6.1;27.5;36.7;68;71;48.9;6.3;41;55;42.7;0.6;0;2;2
1851;2;2;44;20;19;16;8;0;0;1;1;0;0;41;55;26;23;67;64;69;93;35947;2219;7007;102.4;4.4;2.9;32.7;26.2;550;428;56.2;3.4;388;307;55.8;1.6;4;434;223
1853;27;27;38;4;11;-3;22;0;1;0;0;2;0;54;8;21;27;60;56;62;73;36078;1511;743;99.7;3.0;3.3;38.1;40.5;629;600;51.2;0.7;453;470;49.1;-1.7;1;0;0
1854;54;10;37;19;33;2;16;10;15;0;0;0;0;28;8;13;18;76;72;75;126;27742;10739;366;98.6;3.9;3.0;39.6;26.6;515;366;58.5;1.9;401;272;59.6;3.8;2;593;308
1858;59;1;39;9;23;4;20;2;5;1;1;0;0;45;6;3;31;70;59;81;94;35720;7121;2478;101.7;3.3;2.8;32.9;33.5;570;594;49.0;-4.5;444;442;50.1;-3.8;2;1;0
1859;124;124;40;20;16;-8;20;12;7;0;0;0;0;69;27;24;6;71;73;65;119;35259;5471;108;97.4;3.0;3.7;34.7;33.0;544;513;51.5;-0.2;384;373;50.7;-1.5;1;20;10
1860;40;40;37;8;13;-8;18;2;5;0;0;0;0;48;6;5;13;62;57;63;49;24029;4438;387;100.1;3.0;4.2;25.9;36.7;292;467;38.5;-4.3;218;333;39.6;-2.1;0;17;7
1861;34;2;32;6;12;-13;26;1;5;1;0;0;0;37;20;10;54;68;63;69;95;33019;9144;2144;97.8;2.3;3.5;30.5;36.1;501;574;46.6;-5.2;402;437;47.9;-3.1;0;0;0
1864;33;12;40;6;7;8;22;0;0;1;0;0;0;43;10;23;66;65;56;71;44;28521;187;8362;102.4;2.8;2.1;29.8;30.9;426;464;47.9;-2.1;329;336;49.5;-1.3;0;391;190
1865;28;28;40;5;15;15;25;0;0;0;0;0;0;33;8;26;44;61;58;63;80;44826;783;4894;101.2;4.2;3.1;38.6;31.9;738;618;54.4;2.6;559;454;55.2;3.6;0;0;0
1866;30;30;40;6;9;18;29;1;0;0;0;1;0;70;3;22;45;64;59;69;85;41770;338;1282;104.4;3.0;1.6;27.8;24.0;492;477;50.8;4.4;375;328;53.3;4.8;1;0;0
1867;23;23;41;9;11;-3;10;2;0;0;0;0;0;41;36;27;10;64;61;64;53;36177;1973;750;97.9;3.1;3.3;34.1;29.5;570;476;54.5;1.8;411;358;53.4;0.1;2;328;185
1868;154;154;37;2;8;3;13;0;0;0;1;1;0;54;24;14;17;63;58;64;42;27879;153;1490;100.6;1.9;1.7;28.5;27.2;342;348;49.6;-0.5;249;247;50.2;-0.7;0;14;6
1874;123;31;41;11;26;2;40;5;9;0;0;0;0;65;12;10;32;72;65;72;89;31753;7364;988;101.6;2.9;2.6;30.3;32.1;461;518;47.1;-1.4;354;385;47.9;-0.6;1;64;30
1877;31;31;42;9;15;0;12;0;2;0;1;0;0;48;51;26;26;65;60;69;74;33525;1801;4608;102.9;3.1;3.1;28.8;39.4;441;604;42.2;-7.0;314;437;41.8;-7.1;2;201;99
1879;45;28;40;11;17;4;14;4;4;0;1;0;0;37;9;20;36;68;63;69;111;34667;5712;3361;98.1;2.8;2.4;35.0;24.0;674;432;60.9;6.3;497;320;60.8;6.2;2;25;16
1881;125;124;22;1;3;-12;4;0;3;0;0;0;0;20;6;6;35;66;52;79;35;18454;4172;1702;96.0;1.8;4.1;24.0;36.1;227;331;40.7;-6.8;169;251;40.2;-7.3;0;0;0
1882;45;28;44;7;31;7;36;3;11;0;0;0;0;66;8;13;40;78;66;88;137;39917;12079;3393;98.2;3.4;3.0;36.3;26.5;746;559;57.2;1.5;565;414;57.7;2.2;1;0;0
1883;24;24;43;5;11;-11;7;0;0;2;0;1;0;42;50;20;34;61;55;66;59;29949;52;5490;94.9;2.4;3.8;28.8;28.6;377;430;46.7;0.5;281;278;50.3;3.7;0;33;13
1886;32;23;31;6;6;-16;4;2;2;0;0;0;0;33;6;3;32;61;59;59;64;23241;3113;129;94.2;2.5;5.0;27.7;33.6;347;417;45.4;-1.0;246;301;45.0;-1.2;0;2;2
1887;62;31;38;9;28;-5;8;4;13;0;0;0;0;24;14;6;14;68;64;68;125;26567;11053;451;96.9;3.5;3.9;36.5;30.8;471;378;55.5;2.7;358;305;54.0;2.0;1;32;16
1891;59;59;8;2;1;-4;2;0;0;0;0;0;0;19;6;1;11;66;54;77;19;6159;818;908;96.0;1.2;2.9;26.9;35.1;100;105;48.8;-10.4;73;80;47.7;-11.9;0;0;0
1900;23;23;41;9;15;-3;38;1;0;0;0;2;2;56;49;23;9;65;64;65;97;37816;2260;562;97.0;2.5;2.8;36.0;28.1;603;518;53.8;0.9;450;355;55.9;3.6;0;41;20
1901;33;29;36;8;9;2;18;3;3;0;0;0;0;54;11;14;38;72;59;85;111;37600;7386;2960;100.5;2.8;2.5;32.0;30.3;609;555;52.3;5.5;456;419;52.1;4.3;2;0;0
1902;10;10;39;11;19;-18;17;4;8;0;0;0;0;73;59;20;29;73;76;66;99;37231;7102;441;95.7;1.9;3.6;30.1;33.3;485;521;48.2;-0.0;364;399;47.7;0.8;3;26;12
1904;32;23;42;11;31;-1;16;2;13;0;0;0;0;63;9;6;23;69;66;67;86;37440;6810;974;100.4;3.2;3.2;29.1;30.3;567;587;49.1;3.5;424;423;50.1;5.2;0;45;15
1905;153;152;40;21;23;16;14;7;10;0;0;0;0;34;13;10;33;72;68;74;152;32364;11522;3;102.6;4.1;2.1;39.4;26.9;627;438;58.9;1.5;472;335;58.5;0.4;1;92;47
1906;34;2;41;11;11;-17;18;5;3;0;0;0;0;56;8;11;9;65;59;65;90;25024;7003;264;94.6;2.7;4.7;32.9;34.7;380;404;48.5;-1.5;297;317;48.4;-2.0;0;426;225
1908;32;23;43;4;15;-8;51;0;0;1;1;1;1;49;3;19;46;59;53;64;63;41699;1174;4210;99.7;2.9;3.7;26.2;32.3;599;690;46.5;0.3;430;509;45.8;-0.3;1;1;1
1909;154;154;43;4;10;3;51;0;0;0;2;4;2;65;10;22;48;61;56;64;94;45177;51;2424;98.8;2.3;2.3;30.4;26.2;593;568;51.1;2.3;445;386;53.5;4.5;0;1;0
1910;57;12;35;1;10;5;28;0;0;0;0;2;1;64;5;1;6;58;55;56;27;21023;0;645;101.3;2.9;2.1;34.4;28.8;364;302;54.7;-2.3;272;232;54.0;-2.6;0;23;16
1911;125;124;42;11;19;-11;34;4;5;1;0;0;0;78;16;14;14;71;63;73;121;35774;10785;754;98.7;2.6;3.4;31.2;35.3;562;584;49.0;4.8;422;456;48.1;4.1;1;56;21
1912;27;27;41;1;9;-4;6;0;0;0;0;0;0;43;6;18;61;61;56;63;80;42316;1592;2699;99.4;3.0;3.4;33.4;36.0;669;667;50.1;0.3;466;504;48.0;-1.8;0;0;0
1914;32;23;42;5;11;-9;26;1;0;0;1;0;0;39;5;12;29;63;60;62;72;33809;913;6379;98.1;2.7;3.6;28.3;31.9;492;545;47.4;1.8;365;409;47.2;1.9;0;88;38
1915;31;31;14;0;3;-2;4;0;0;0;0;0;0;8;4;7;34;57;50;67;18;13332;142;639;97.3;3.0;3.8;38.1;35.9;216;219;49.7;-1.1;161;159;50.3;1.4;0;0;0
1916;152;152;41;6;9;-17;4;1;1;0;2;0;0;53;8;28;47;60;57;59;81;43200;2413;3329;97.5;2.7;4.5;26.8;36.2;505;655;43.5;1.8;366;516;41.5;0.8;1;0;0
1917;41;41;12;0;5;-1;0;0;0;0;0;0;0;17;2;0;17;65;55;71;18;7826;179;539;100.0;2.8;3.2;29.9;35.0;120;145;45.3;-1.8;84;100;45.7;-0.3;0;99;40
1921;32;23;43;7;12;-13;46;0;1;0;2;0;0;58;7;10;73;67;55;80;58;44173;1221;6663;97.5;2.2;3.4;26.9;31.9;636;703;47.5;1.9;471;505;48.3;3.4;0;2;1
1922;37;27;20;1;7;-6;22;1;0;0;0;0;0;26;4;7;10;64;53;76;29;18879;2974;1462;97.9;2.5;3.6;27.5;32.6;247;310;44.3;-1.1;182;230;44.2;-0.3;0;0;0
1924;154;154;14;1;6;2;2;0;0;0;1;0;0;8;2;11;16;60;55;64;27;13740;0;1974;99.3;3.4;3.1;30.1;26.2;169;163;50.9;5.0;132;125;51.4;2.6;0;0;0
1925;40;20;39;2;6;-25;26;1;1;0;2;0;0;58;11;8;44;60;52;71;65;34512;7457;3309;95.2;1.4;4.4;25.5;43.3;437;719;37.8;-5.8;317;555;36.4;-7.6;0;0;0
1927;154;154;43;8;11;-12;12;1;1;2;1;0;0;89;63;29;21;70;69;68;47;37122;1270;6303;94.5;2.3;3.7;30.0;27.8;474;472;50.1;0.8;359;334;51.8;1.8;1;112;47
1930;24;24;43;11;19;-8;12;3;5;0;0;0;0;52;50;19;28;70;70;66;123;41245;9007;146;98.1;3.2;3.9;31.5;32.2;539;591;47.7;2.0;417;439;48.7;2.0;1;26;10
1933;37;37;11;2;5;-3;0;0;4;0;0;0;0;18;3;3;10;70;58;84;34;9279;2790;846;95.6;1.9;3.1;31.4;29.5;149;141;51.4;6.7;110;107;50.7;5.7;0;0;0
1934;34;2;39;1;8;-12;16;0;2;0;0;0;0;57;9;19;64;69;52;87;57;41590;2626;8039;96.7;1.9;2.9;31.5;31.5;646;662;49.4;-0.6;507;495;50.6;0.8;0;0;0
1937;50;26;40;5;8;-2;2;0;2;0;0;0;0;29;5;13;24;66;58;69;63;31479;1639;2374;96.8;2.4;2.6;37.1;27.2;600;441;57.6;2.7;444;332;57.2;2.4;0;448;219
1942;54;10;42;6;22;24;16;0;0;0;0;0;0;50;3;23;96;70;52;87;66;42773;681;8362;104.0;4.8;2.9;34.6;29.0;763;614;55.4;-2.5;562;472;54.4;-3.9;0;0;0
1943;62;19;41;6;14;0;48;0;0;0;1;0;0;80;8;19;37;60;53;66;65;42659;407;7258;99.5;3.1;3.2;30.9;30.3;681;624;52.2;-2.9;499;494;50.3;-4.3;1;1;0
1944;7;7;3;0;0;-5;0;0;0;0;0;0;0;2;2;1;2;55;52;53;1;1648;0;0;76.2;0.0;10.9;26.2;45.8;23;34;40.4;-14.5;14;25;35.9;-19.1;0;26;10
1948;33;12;40;3;2;-3;18;0;0;0;1;0;0;19;3;6;8;58;54;61;36;20040;85;4705;97.5;2.3;3.2;32.0;32.9;317;341;48.2;-1.8;239;260;47.9;-3.5;0;280;149
1951;62;62;17;0;2;2;4;0;0;0;0;0;0;5;3;2;5;57;51;59;14;7107;361;145;102.7;3.0;2.0;36.5;36.0;114;129;46.9;-4.9;93;97;48.9;-1.7;0;68;31
1953;55;9;39;16;17;9;46;5;5;0;0;0;0;63;18;14;18;69;62;72;116;32248;10338;1258;101.3;4.2;2.9;36.7;28.2;577;488;54.2;-0.1;445;353;55.8;1.1;5;43;24
1954;10;10;39;8;8;-3;16;1;0;1;0;0;0;38;36;13;19;68;68;64;82;33115;3946;3182;99.3;2.5;2.7;31.0;31.0;457;456;50.1;2.5;333;334;49.9;3.8;2;51;19
1958;33;29;40;3;13;1;19;0;4;0;1;1;0;72;10;20;59;72;54;88;76;39363;3748;8193;99.8;2.6;2.6;32.3;31.6;596;638;48.3;-1.8;461;464;49.8;-1.0;1;0;0
1961;54;10;31;4;10;18;8;0;0;0;0;0;0;48;2;0;11;61;54;62;29;15948;60;598;110.3;5.6;1.6;35.0;27.3;276;234;54.1;-0.1;207;167;55.3;1.6;0;190;104
1976;29;29;42;12;25;9;14;0;7;1;0;0;0;39;33;33;15;66;63;68;78;42905;4278;1724;102.3;4.0;3.2;35.4;35.0;691;668;50.8;-2.0;493;485;50.4;-3.2;3;578;310
1977;55;9;38;10;29;12;44;1;11;0;1;0;0;42;8;14;29;74;58;90;141;38378;11407;2580;101.6;3.3;2.1;34.8;26.4;683;521;56.7;3.5;513;381;57.4;3.4;1;0;0
1981;55;9;29;2;6;10;6;0;0;0;0;0;0;35;4;8;41;63;50;76;28;25587;308;2687;103.5;3.4;1.8;31.9;25.7;441;352;55.6;0.3;328;251;56.6;0.6;1;0;0
1982;48;14;40;13;14;0;27;7;3;0;0;1;0;57;14;7;21;62;59;63;102;30388;8752;220;101.2;3.2;3.1;29.1;31.6;444;518;46.2;-3.2;336;369;47.7;-2.0;1;2;1
1983;124;124;40;14;12;-3;12;0;1;0;0;0;0;61;23;18;14;66;68;57;101;32407;1516;244;97.2;3.3;3.6;38.1;30.7;514;426;54.7;4.1;400;321;55.5;5.0;2;6;3
1990;33;29;41;11;21;-5;40;4;6;0;1;0;0;55;18;19;50;69;59;81;152;43195;11351;3861;98.0;2.8;3.0;34.3;29.8;753;624;54.7;8.1;563;475;54.2;5.8;0;1;0
1997;47;47;36;3;6;-21;41;2;2;0;0;0;0;56;7;14;102;65;52;81;76;37738;3895;5568;96.8;1.4;3.4;23.5;36.9;463;716;39.3;3.9;344;527;39.5;4.2;0;0;0
1999;2;2;44;3;15;9;27;0;0;0;1;1;0;56;11;27;109;61;52;70;70;45765;255;6187;99.2;4.2;3.6;34.5;27.7;718;594;54.7;1.5;522;398;56.7;3.1;1;0;0
2003;29;29;42;12;17;9;8;0;1;0;0;0;0;53;38;17;16;67;65;63;77;32535;128;75;101.2;3.9;2.9;40.1;34.1;557;503;52.5;0.4;409;367;52.7;0.1;1;0;0
2005;3;3;41;12;15;-4;12;1;1;0;0;0;0;56;37;21;10;68;66;65;87;36404;2429;143;101.1;3.6;3.6;34.2;38.2;559;613;47.7;-1.5;410;448;47.8;-2.0;1;17;6
2013;24;24;43;3;9;-15;18;0;0;0;1;0;0;38;16;41;53;58;51;66;46;46831;117;4856;97.8;2.2;3.5;27.2;33.3;559;701;44.4;-3.0;412;502;45.1;-3.5;0;0;0
2014;31;31;7;0;4;1;0;0;0;0;0;0;0;12;6;2;5;67;67;64;12;5464;32;282;106.4;4.0;3.3;27.0;40.2;74;98;43.0;-10.9;48;75;39.0;-15.3;0;0;0
2015;62;19;40;4;13;8;22;0;3;0;0;0;0;55;6;13;38;66;54;80;73;36955;5052;3307;99.4;3.6;3.0;35.6;28.1;657;502;56.7;4.7;506;379;57.2;6.7;0;0;0
2016;155;155;42;3;10;10;14;0;0;0;1;0;0;37;9;12;47;65;53;79;81;34953;503;5541;100.7;3.4;2.5;33.4;26.0;659;457;59.1;-3.3;480;346;58.1;-4.1;0;0;0
2017;12;12;41;3;22;6;26;0;2;0;3;0;0;41;15;30;70;61;57;64;93;42103;1237;5446;97.5;4.3;4.1;40.9;31.6;764;602;55.9;-1.6;557;436;56.1;-0.7;1;1;0
2018;32;23;27;0;3;-4;8;0;1;0;0;0;0;14;8;5;1;55;50;58;10;10436;628;821;97.8;1.7;3.4;23.5;36.2;133;210;38.8;-6.4;92;149;38.2;-7.2;0;61;33
2019;23;23;25;2;3;-1;8;0;0;0;0;0;0;30;4;16;30;61;54;67;49;22731;151;2697;97.4;2.4;3.0;30.6;29.1;359;308;53.8;-0.7;243;226;51.8;-4.2;0;0;0
2020;31;31;21;12;7;8;10;1;2;0;0;0;0;15;19;13;6;65;63;67;53;17376;1615;0;104.0;4.4;2.5;38.3;33.8;298;275;52.0;4.2;210;193;52.1;5.3;2;201;112
2022;123;31;16;3;2;1;2;1;0;0;0;0;0;13;1;3;6;59;54;59;16;7802;434;404;102.3;3.2;2.8;27.2;29.1;117;139;45.7;-2.1;81;89;47.6;-0.7;1;4;1
2024;56;21;41;5;28;15;22;3;3;0;1;0;0;86;7;12;45;70;56;84;85;44211;7845;5021;103.5;3.7;2.5;31.2;29.6;672;679;49.7;-0.4;511;503;50.4;1.0;1;0;0
2025;55;9;40;6;22;-1;22;1;5;0;0;0;0;60;7;12;16;78;65;86;118;37641;10353;1783;98.3;3.3;3.2;36.8;29.9;661;552;54.5;0.4;507;418;54.8;-0.4;1;622;345
2026;47;0;41;19;24;-33;16;9;16;1;0;0;0;36;19;23;38;71;70;66;155;39245;10948;2188;95.6;1.9;4.7;26.4;40.0;515;774;40.0;4.6;406;585;41.0;6.0;1;125;61
2031;34;2;31;4;9;-13;12;0;2;0;0;0;0;50;6;11;34;65;60;64;67;25764;1250;2198;95.0;2.1;3.8;34.2;34.0;435;412;51.4;2.4;328;313;51.2;1.1;1;22;5
2032;44;30;44;10;9;-6;20;1;0;1;0;0;0;24;8;10;22;60;57;56;68;31231;317;2477;97.4;3.2;3.9;31.0;30.2;485;449;51.9;1.0;365;342;51.6;1.5;1;15;4
2033;10;10;39;0;12;-11;14;0;1;0;1;0;0;48;8;20;38;58;53;61;60;38066;695;2704;97.9;2.5;3.5;30.0;34.0;524;571;47.9;-0.5;373;416;47.3;0.2;0;0;0
2034;123;31;30;5;5;-5;16;0;0;0;0;0;0;50;5;6;8;64;56;68;36;18563;132;3708;98.2;2.1;3.1;26.6;31.4;261;291;47.3;-1.1;193;228;45.8;-3.1;0;278;148
2035;29;29;42;3;15;6;22;0;0;0;4;0;0;45;13;23;63;62;57;66;87;42937;855;4556;99.5;3.2;3.0;39.2;35.0;708;648;52.2;-0.0;535;497;51.8;-1.1;0;0;0
2038;53;53;42;10;12;-4;28;5;2;0;1;0;0;35;12;11;47;67;58;73;84;32206;3364;4430;100.6;2.6;2.8;32.6;38.3;479;608;44.1;-1.6;377;451;45.5;0.0;1;110;58
2040;155;154;42;8;15;14;26;3;1;0;0;0;0;28;6;21;32;70;65;73;72;32870;1742;4251;101.5;3.6;2.0;37.0;23.9;644;406;61.3;-0.1;468;307;60.4;-0.9;2;112;59
2041;54;10;33;8;8;7;29;4;3;0;0;0;0;18;9;8;16;70;57;83;80;22621;8893;976;104.8;3.0;1.4;31.2;29.1;354;335;51.4;-7.0;262;249;51.3;-6.7;2;31;15
2043;44;30;38;15;20;1;18;3;9;1;0;0;0;55;27;12;62;70;63;74;133;36800;11074;4005;101.3;3.7;3.5;29.4;31.0;537;601;47.2;-5.0;390;449;46.5;-4.5;0;1;0
2044;54;10;40;11;10;7;30;3;3;0;0;0;0;52;16;14;38;66;60;72;82;34368;5700;5662;99.5;3.9;3.1;35.1;27.1;640;480;57.1;0.2;463;356;56.5;-0.6;2;163;81
2045;30;30;40;2;7;-3;20;0;0;0;0;0;0;43;10;15;87;60;50;71;38;33836;155;6416;99.2;2.0;2.4;24.2;26.6;367;476;43.5;-6.0;263;311;45.8;-5.9;0;0;0
2048;21;21;40;13;14;-2;14;1;1;0;0;0;0;35;27;19;10;61;59;62;55;33248;1690;47;98.3;3.9;3.9;36.8;31.8;528;448;54.1;1.4;398;324;55.1;2.0;4;437;204
2049;34;2;40;9;14;-13;16;0;1;0;0;0;0;42;9;7;35;61;58;59;61;29280;601;4305;95.6;3.0;4.5;30.7;32.6;436;495;46.8;-3.8;332;373;47.1;-3.8;1;49;25
2050;48;14;40;7;8;1;20;0;4;0;0;0;0;44;13;9;46;64;57;71;80;37976;2699;3600;100.7;2.9;2.7;30.8;31.0;602;591;50.5;3.0;459;436;51.3;3.2;0;0;0
2052;27;27;9;2;3;2;0;0;0;0;0;0;0;7;3;2;2;58;54;57;9;4588;556;7;103.2;5.5;3.9;38.4;35.3;84;69;54.9;2.6;54;51;51.4;-0.9;0;82;34
2053;21;21;40;8;13;-15;14;1;6;0;0;0;0;48;38;14;17;63;61;62;67;28077;4080;222;93.7;2.2;3.6;35.4;28.8;434;373;53.8;0.9;323;261;55.3;2.1;1;22;12
2054;62;12;39;22;14;-1;30;13;5;0;0;0;0;59;9;3;14;68;62;69;115;20493;11223;106;100.3;4.0;3.9;33.7;33.0;325;327;49.8;-4.6;260;251;50.9;-2.4;2;42;20
2056;57;12;19;1;16;9;8;0;8;0;0;0;0;23;2;5;6;62;56;67;44;16258;4702;1389;106.9;4.4;1.8;34.5;29.9;311;232;57.3;-0.8;219;188;53.8;-5.0;0;0;0
2058;123;31;23;2;5;1;2;1;0;0;0;0;0;21;1;2;14;61;56;59;17;13441;424;399;101.1;3.7;3.5;29.5;30.0;207;206;50.1;-1.1;161;154;51.1;0.0;0;110;58
2065;123;31;36;7;19;2;30;1;6;0;0;0;0;29;3;9;22;67;61;70;59;27330;3418;789;101.3;3.6;3.0;35.2;34.5;481;492;49.4;1.7;361;350;50.8;3.3;0;374;188
2066;34;2;40;7;9;2;18;0;0;0;0;0;0;50;5;12;41;70;56;82;94;40374;1177;3620;98.6;3.7;3.5;36.6;30.6;708;629;53.0;4.9;541;480;53.0;4.6;1;0;0
2067;62;19;40;5;18;-7;30;1;5;1;0;0;0;64;9;19;58;70;56;84;101;40609;9223;3429;98.1;2.7;3.6;29.4;32.4;644;643;50.0;-4.9;467;506;48.0;-6.4;1;0;0
2068;44;30;44;16;26;11;38;7;12;1;0;0;0;73;13;10;52;79;63;93;170;43388;12503;3239;101.5;3.2;2.2;30.9;25.6;725;574;55.8;7.0;526;432;54.9;6.6;4;0;0
2070;57;12;35;7;16;1;12;3;5;0;0;0;0;34;9;12;40;74;59;89;138;30567;10344;2963;98.7;2.8;2.4;35.8;25.6;557;394;58.6;2.3;408;296;58.0;1.5;1;0;0
2072;50;50;15;2;6;0;4;0;0;0;0;0;0;8;0;2;1;59;59;55;30;9351;431;299;96.9;3.5;3.5;39.7;29.3;181;129;58.4;1.0;136;93;59.4;3.8;0;14;5
2073;59;1;40;14;13;8;16;2;1;1;0;0;0;34;9;12;21;70;61;76;89;29413;1510;3266;102.1;3.7;2.7;34.9;31.8;484;463;51.1;-1.0;386;342;53.0;0.6;3;494;241
2077;32;23;44;6;14;-4;20;4;3;0;1;0;0;59;32;16;52;68;55;81;92;38537;6788;4972;98.5;2.3;2.8;30.9;30.9;602;619;49.3;0.0;449;463;49.2;-0.1;1;2;1
2078;23;23;10;1;0;-4;0;0;0;1;0;0;0;9;7;1;2;59;58;56;16;4809;11;660;86.2;0.7;4.5;38.2;28.4;74;66;52.9;-2.0;56;49;53.3;-3.4;1;13;9
2079;36;3;26;1;3;-14;4;0;0;0;0;0;0;16;2;3;8;57;53;58;25;15966;116;1151;94.0;1.6;4.7;23.7;37.4;188;298;38.7;-5.6;150;227;39.8;-4.0;0;217;84
2085;33;33;9;0;2;-6;15;0;1;0;0;1;1;11;0;4;4;63;57;66;9;5908;844;197;93.6;2.4;6.1;21.3;34.1;82;90;47.7;-4.4;56;72;43.8;-8.6;0;4;3
2089;50;50;16;1;3;4;11;0;0;0;1;1;0;16;4;2;5;58;53;58;12;9760;0;1558;101.1;3.0;1.8;33.6;24.0;166;137;54.8;-0.5;127;98;56.4;1.7;1;27;17
2090;154;154;43;9;13;1;27;1;2;0;0;1;1;71;33;21;22;69;65;70;99;35090;6243;9;99.9;2.5;2.3;29.3;26.6;437;433;50.2;0.9;332;309;51.8;1.7;0;1;1
2091;27;27;41;12;10;-18;16;0;0;1;0;2;2;67;34;16;22;66;65;61;106;33779;17;1685;96.2;2.5;4.5;31.9;38.8;508;572;47.0;-3.8;357;425;45.7;-4.8;1;39;18
2092;7;7;43;3;9;-2;14;0;0;0;1;0;0;40;8;16;76;61;56;63;78;46736;554;3197;99.0;2.9;3.2;35.5;34.3;755;672;52.9;2.6;543;500;52.1;1.8;0;0;0
2094;41;7;40;7;18;-7;37;3;5;0;0;0;0;83;10;7;20;72;61;79;62;31814;9950;4;99.6;2.4;2.9;28.2;33.2;480;542;47.0;-3.6;344;401;46.2;-3.3;2;22;10
2102;56;21;41;10;30;-1;18;3;13;0;0;0;0;48;12;14;20;71;64;77;125;36486;10392;400;100.9;3.5;3.4;29.7;31.4;541;567;48.8;-1.7;399;432;48.0;-2.5;1;76;37
2103;40;20;41;10;17;-1;43;0;2;1;2;1;0;50;11;8;38;71;62;79;86;42302;3697;4501;100.5;3.5;3.7;30.6;34.3;628;735;46.1;5.9;468;546;46.2;6.6;0;0;0
2106;54;10;8;2;6;2;2;0;2;0;0;0;0;2;4;7;9;65;58;74;16;3654;2005;250;107.2;6.9;3.0;42.4;32.5;76;63;54.7;-0.6;59;43;57.8;1.9;0;7;3
2109;43;17;40;13;22;-1;31;6;10;0;0;0;0;27;7;13;27;67;64;66;112;33968;11268;165;99.6;3.6;3.5;30.6;28.7;525;487;51.9;1.6;386;377;50.6;0.6;0;79;41
2111;33;33;20;1;8;4;23;0;0;0;1;0;0;25;5;9;15;67;58;72;37;17265;576;4063;101.4;3.3;2.7;33.4;31.5;279;263;51.5;3.0;205;198;50.9;0.4;0;120;46
2112;59;1;33;12;14;0;12;1;1;0;0;0;0;31;8;9;23;68;62;72;72;30676;2411;2206;97.6;3.5;3.4;33.8;26.5;506;437;53.7;1.4;388;326;54.3;1.3;2;50;24
2113;32;23;4;0;0;-3;12;0;0;0;0;0;0;4;1;0;3;54;51;58;7;3529;0;329;90.7;1.0;4.1;31.6;32.6;53;59;47.3;1.3;40;38;51.3;4.0;0;0;0
2117;62;19;39;9;14;11;12;0;1;0;1;0;0;24;12;11;8;62;56;65;79;22601;2144;3142;103.4;4.0;2.2;33.0;25.6;377;293;56.3;2.4;287;225;56.1;3.5;1;52;26
2120;53;53;35;8;12;-6;36;2;5;0;1;0;0;35;1;5;24;62;55;68;79;31988;6352;3041;99.5;3.4;3.8;32.7;35.3;492;552;47.1;3.2;394;416;48.6;4.5;0;1;0
2124;37;37;42;12;5;8;20;0;0;3;0;0;0;53;13;12;28;66;56;72;63;32620;164;8549;102.2;2.9;2.4;29.2;31.9;467;551;45.9;-0.5;347;410;45.8;-0.5;0;251;111
2125;38;38;42;9;6;1;23;0;0;0;0;1;0;69;8;8;31;61;55;61;53;31802;550;3085;102.8;2.6;2.6;24.7;33.7;409;567;41.9;1.2;299;425;41.3;0.6;1;83;37
2126;123;31;41;4;13;-1;30;1;0;0;0;0;0;62;10;15;77;67;58;74;89;40168;2791;4653;100.8;3.4;3.5;31.4;34.8;652;696;48.4;0.4;488;507;49.0;1.1;1;0;0
2128;32;23;40;15;16;-14;38;10;7;2;0;0;0;45;8;21;31;73;64;78;96;33521;10973;1978;97.6;2.5;4.0;26.5;34.0;462;548;45.7;-0.5;345;418;45.2;-0.7;0;732;363
2134;60;18;37;8;9;-9;55;3;2;0;0;1;0;33;4;11;8;64;61;64;84;25703;5090;401;95.9;2.4;3.5;30.0;29.0;404;368;52.3;4.3;301;288;51.1;1.5;0;26;10
2136;45;28;44;13;30;9;4;3;9;0;0;0;0;34;7;12;32;70;65;73;124;35615;11781;488;99.5;4.4;3.5;35.0;26.7;643;488;56.9;1.0;483;353;57.8;2.2;2;519;282
2413;2;2;22;4;10;7;4;0;1;0;0;0;0;14;9;3;6;59;57;56;23;9449;120;169;103.3;6.1;3.4;40.8;29.3;170;130;56.7;-0.3;133;88;60.2;3.0;1;0;0
2451;62;31;39;13;12;6;22;1;1;1;0;0;0;34;11;14;37;66;59;70;62;29915;1552;2991;101.5;3.4;2.8;30.3;28.8;475;444;51.7;-2.9;349;337;50.9;-2.9;0;32;11
2472;37;27;13;2;2;-5;4;0;1;0;0;0;0;17;4;6;17;64;51;79;19;11440;1035;1481;100.4;1.9;3.5;21.7;41.5;130;216;37.6;-7.8;99;176;36.0;-8.5;0;0;0
2500;130;14;17;5;3;6;8;0;0;0;0;0;0;15;3;4;24;60;50;72;29;15244;29;2639;100.3;3.5;2.1;36.6;22.7;277;178;60.9;5.8;207;135;60.5;6.3;2;0;0
2526;3;3;41;18;26;8;10;3;6;0;0;0;0;49;38;25;20;70;68;68;132;43594;6804;287;102.5;4.3;3.2;37.7;36.0;747;726;50.7;3.0;545;532;50.6;2.1;3;324;152
2527;19;19;40;12;14;4;30;0;0;0;0;2;1;68;28;10;27;68;66;65;56;37180;2079;170;101.7;3.1;2.6;27.5;27.4;478;478;50.0;3.3;328;337;49.3;2.8;3;99;63
2535;40;20;40;11;12;-8;6;0;1;1;1;0;0;55;16;12;29;60;59;55;68;33939;529;4114;100.7;3.5;4.7;28.0;39.7;461;631;42.2;-0.1;351;484;42.0;0.3;1;56;31
2565;53;8;37;1;4;-12;30;0;0;0;0;0;0;58;4;9;33;62;50;76;28;32601;416;8378;99.7;2.3;3.8;24.2;38.1;389;585;39.9;-6.3;296;452;39.6;-7.5;1;0;0
2608;153;153;21;3;7;4;6;1;1;0;0;0;0;7;1;2;4;62;57;67;23;9595;1680;162;102.1;3.4;1.9;31.5;21.8;150;113;57.0;-0.4;118;84;58.4;-0.0;1;134;73
2662;131;1;16;2;7;-4;8;1;1;0;0;0;0;16;7;3;10;73;61;83;48;14773;1854;1357;85.8;3.4;4.4;40.9;19.5;322;148;68.5;0.2;224;114;66.3;-1.3;0;0;0
2682;32;23;39;9;13;-7;32;5;7;0;0;0;0;42;6;6;9;62;55;67;40;20566;5007;313;101.6;2.3;3.3;22.8;39.7;255;399;39.0;-8.4;185;297;38.4;-8.7;0;355;161
2718;47;10;38;10;14;-39;46;7;9;0;0;0;0;64;12;6;48;62;59;61;85;34607;8398;253;94.1;1.6;5.2;23.4;41.5;427;708;37.6;1.0;332;539;38.1;1.4;1;13;6
2722;18;18;42;2;14;-5;55;0;1;0;0;3;2;46;28;16;28;65;62;64;56;29407;294;0;97.7;3.2;3.8;35.4;33.7;470;458;50.6;-1.8;335;328;50.5;-0.9;0;12;4
2723;60;18;35;6;18;2;24;2;8;0;1;0;0;62;7;12;58;71;55;87;80;32772;9664;3281;101.6;3.1;3.0;28.3;32.1;479;523;47.8;-1.5;359;389;48.0;-2.7;2;0;0
2724;152;152;41;8;14;-20;33;1;1;1;1;1;1;54;44;16;15;63;62;60;58;35700;1622;1073;97.4;2.4;4.6;23.7;36.2;381;542;41.3;-1.5;274;418;39.6;-1.9;1;34;15
2725;54;10;35;5;17;-4;16;4;8;0;0;0;0;27;6;6;17;62;57;64;34;16228;6600;229;99.4;2.9;3.1;30.2;30.6;241;255;48.6;-4.8;182;193;48.5;-4.7;1;47;25
2726;47;47;36;3;10;-8;17;0;3;0;0;0;0;56;11;12;33;62;57;66;60;29912;4912;57;100.3;1.9;2.9;24.3;37.8;365;578;38.7;2.6;265;434;37.9;1.5;0;7;3
2727;44;30;44;4;6;4;30;0;0;1;0;0;0;72;7;12;61;68;53;82;70;44318;4474;4313;100.5;3.3;3.1;29.9;29.0;669;669;50.0;-1.7;487;502;49.2;-1.8;1;0;0
2728;58;58;41;4;12;-6;6;1;7;0;0;0;0;24;8;4;15;65;54;77;69;18289;7938;541;98.9;2.4;3.0;31.9;34.8;294;306;49.0;-5.2;224;225;49.9;-4.7;1;96;50
2730;30;30;40;2;13;8;27;0;0;0;2;0;0;41;10;18;63;61;55;67;61;36657;161;4743;102.3;2.7;2.1;25.7;25.6;412;489;45.7;-3.0;300;327;47.8;-3.3;1;0;0
2731;3;3;42;6;10;17;14;0;1;0;1;0;0;48;10;43;63;61;54;69;101;48255;2041;4323;102.6;3.7;2.7;32.4;31.0;710;719;49.7;1.7;501;496;50.3;1.9;1;0;0
2734;56;21;41;15;30;18;40;4;7;2;0;0;0;34;16;8;31;76;68;78;115;39812;3263;5766;102.1;4.0;2.5;35.8;28.0;683;564;54.8;7.1;523;433;54.7;7.5;5;753;397
2736;36;36;21;2;0;-2;10;0;0;0;0;0;0;4;1;6;10;62;52;73;25;9254;3819;478;99.8;1.6;2.3;23.3;34.2;116;157;42.5;-5.6;94;118;44.3;-3.1;0;175;91
2739;125;124;41;6;18;0;20;0;2;1;2;0;0;41;8;15;41;71;62;75;69;35074;2376;5070;101.1;2.9;3.3;27.8;35.4;500;591;45.8;0.2;370;447;45.3;0.1;1;534;221
2744;155;155;10;2;1;-1;2;0;0;0;0;0;0;7;2;2;6;59;54;64;10;4703;182;625;101.0;2.3;3.1;19.9;29.1;62;75;45.3;-12.2;42;49;46.2;-10.6;0;8;1
2752;139;19;38;6;14;6;18;0;4;0;1;0;0;70;12;22;59;66;51;81;57;43448;3992;3978;100.7;2.7;2.2;27.9;24.4;665;553;54.6;5.7;483;406;54.3;5.1;2;2;1
2764;55;9;36;12;11;9;20;2;3;0;0;0;0;57;8;11;11;64;61;63;107;29365;3924;376;100.5;3.4;2.2;35.8;24.2;517;384;57.4;3.2;404;284;58.7;3.7;1;43;27
2766;19;19;40;8;8;-6;6;2;0;0;0;0;0;20;16;21;12;62;57;64;34;25411;5001;223;101.3;2.7;3.3;22.4;30.3;273;365;42.8;-6.0;188;249;43.0;-5.2;1;287;144
2772;38;38;40;12;18;-1;40;9;10;0;0;0;0;38;7;8;41;68;58;76;71;30048;9730;1303;102.6;2.3;2.4;24.1;34.9;382;557;40.7;-0.8;285;414;40.8;-0.5;1;559;287
2774;32;23;41;11;7;-7;24;0;0;0;0;0;0;43;6;9;31;70;63;73;81;36429;575;7316;98.4;3.0;3.7;30.3;32.1;562;597;48.5;3.4;416;435;48.9;4.2;2;702;370
2775;41;7;43;10;18;-7;42;2;3;1;0;0;0;42;16;25;38;75;63;81;99;41843;4948;3625;98.7;2.2;2.8;29.1;30.6;608;667;47.7;-2.8;449;492;47.7;-2.0;1;689;329
2777;26;26;3;0;0;-4;0;0;0;0;0;0;0;0;3;0;1;51;49;49;1;1378;0;112;75.0;0.0;10.4;26.1;41.8;13;31;29.5;-7.3;10;20;33.3;-0.9;0;19;7
2780;152;152;41;2;10;-6;15;0;0;0;0;0;0;49;43;16;9;60;56;60;29;27910;101;1230;99.7;2.3;3.2;24.9;33.4;304;386;44.1;2.2;232;295;44.0;3.8;0;27;12
2814;123;31;33;3;9;-8;27;1;1;0;1;1;0;50;4;17;22;68;54;83;54;35742;2539;3983;95.5;2.1;3.0;34.3;28.4;611;499;55.0;2.0;453;378;54.5;1.7;0;0;0
2817;38;38;19;2;6;-6;10;1;1;0;0;0;0;18;1;4;3;60;57;62;23;9566;1684;104;100.3;2.6;4.5;22.6;39.9;107;213;33.4;-5.6;86;152;36.1;-2.2;0;12;4
2825;26;26;44;11;15;-12;12;3;5;0;0;0;0;61;25;19;22;66;64;66;78;38645;3811;58;99.0;2.7;3.2;31.0;32.7;537;545;49.6;1.9;391;417;48.4;2.1;1;1;1
2826;154;154;43;6;10;-1;56;0;0;2;0;4;2;80;34;13;14;67;64;64;64;31218;61;1600;98.8;3.0;3.3;30.8;30.7;407;419;49.3;-0.4;306;303;50.2;-0.3;1;62;31
2827;9;9;41;9;18;16;12;0;0;0;1;0;0;26;31;16;5;61;58;61;52;30668;58;493;105.2;4.8;3.1;33.2;32.9;478;464;50.7;-2.6;324;322;50.2;-3.3;2;359;176
2828;19;19;23;2;5;-2;7;0;0;1;0;1;0;26;22;8;10;61;58;64;22;13211;111;440;99.5;2.5;3.3;29.2;36.8;168;209;44.6;-3.8;127;154;45.2;-4.7;0;1;1
2829;154;154;43;4;11;-14;31;0;1;0;1;1;0;50;15;34;29;61;59;60;102;48031;1898;2454;96.1;2.2;3.4;28.3;29.7;581;607;48.9;-1.0;440;463;48.7;-2.7;1;1;1
2831;134;21;38;3;22;-15;60;0;6;0;0;8;1;78;12;13;62;67;58;76;92;36520;4486;3647;97.9;2.5;3.6;29.5;34.9;548;647;45.9;3.3;397;492;44.7;1.3;0;0;0
2836;32;23;37;1;5;-14;14;1;2;0;0;0;0;15;3;6;16;60;53;66;33;17737;3523;1165;94.7;1.4;4.1;24.8;36.7;232;330;41.3;-6.7;166;235;41.4;-6.5;0;190;95
2837;148;30;24;3;6;4;20;0;0;0;1;0;0;19;7;7;41;66;51;83;33;22576;237;2368;100.9;3.3;2.7;32.2;28.5;359;338;51.5;-0.4;264;245;51.9;-0.8;2;4;3
2841;55;9;32;1;12;11;10;0;1;0;0;0;0;39;8;11;37;67;51;83;50;31430;939;2261;101.0;3.7;2.4;38.3;28.2;560;430;56.6;0.2;437;323;57.5;0.2;0;0;0
2842;155;154;42;7;17;7;40;3;3;0;0;0;0;72;14;16;31;70;55;85;107;45120;8919;3048;98.2;3.5;2.7;35.5;23.3;834;556;60.0;-2.2;599;408;59.5;-2.4;0;1;0
2843;20;20;42;4;13;0;9;0;0;0;2;1;0;32;34;17;17;64;63;60;43;32532;86;476;100.4;2.5;2.8;27.8;31.4;414;457;47.5;-1.1;296;334;47.0;-2.8;2;34;22
2844;143;18;39;7;12;8;15;0;0;0;0;1;1;73;13;13;50;72;53;87;74;42857;2080;6339;105.7;3.2;2.5;24.6;34.4;529;712;42.6;-2.3;398;540;42.4;-2.4;0;0;0
2846;17;17;25;2;10;-2;6;0;1;0;1;0;0;34;18;13;21;68;65;68;30;18522;843;1189;99.0;2.9;3.5;34.6;37.1;301;319;48.5;-3.2;200;222;47.4;-3.8;1;21;11
2847;58;24;39;4;19;16;12;1;3;0;0;0;0;48;6;10;36;65;60;66;76;33964;3325;2447;103.8;3.3;1.6;35.2;28.6;593;465;56.0;3.7;454;354;56.2;3.3;1;64;43
2848;57;12;40;6;15;16;29;0;1;0;0;1;0;81;13;11;17;62;60;59;69;33128;810;1743;102.8;3.9;2.2;35.2;26.3;622;424;59.5;4.4;458;312;59.5;4.8;1;20;9
2850;127;31;42;11;14;3;22;0;0;0;0;0;0;90;16;17;71;64;55;68;76;40950;984;5894;98.7;4.1;4.0;32.5;28.3;670;594;53.0;2.2;489;441;52.6;2.7;0;144;68
2852;154;154;43;4;7;1;14;0;0;0;0;0;0;38;5;22;64;61;56;66;72;43805;70;4525;100.1;2.3;2.3;29.1;29.4;554;559;49.8;0.3;411;407;50.2;-0.4;3;0;0
2853;142;23;20;5;7;20;12;0;0;0;1;0;0;31;3;11;20;64;52;76;37;21118;945;1796;105.4;4.1;0.9;36.5;14.7;401;186;68.3;2.5;296;121;71.0;5.5;2;0;0
2854;127;31;34;9;12;-7;36;4;4;1;0;0;0;46;26;18;45;63;55;72;113;36251;7006;2271;97.9;2.8;3.4;28.1;28.1;578;537;51.8;-0.7;411;398;50.8;-0.9;0;0;0
2855;153;152;18;4;13;7;14;3;4;0;0;0;0;19;7;9;24;77;68;84;64;19885;4788;934;101.9;4.2;2.7;36.0;28.2;387;286;57.5;-7.2;278;199;58.3;-7.3;2;2;0
2856;57;12;39;4;26;-2;31;2;12;0;0;0;0;40;7;11;9;70;63;74;79;29596;9404;1497;99.0;2.4;2.2;32.8;25.9;491;405;54.8;-2.3;360;299;54.6;-2.0;2;19;9
2857;141;25;44;8;19;19;17;0;3;0;0;1;0;43;19;37;84;63;51;77;111;48745;4172;5377;99.5;3.5;2.1;35.0;20.6;889;559;61.4;0.1;634;395;61.6;0.1;1;0;0
2858;130;14;38;7;7;5;24;1;1;0;1;0;0;58;10;18;111;63;51;75;63;42596;777;4358;98.2;2.6;2.4;32.3;23.9;695;558;55.5;2.7;521;395;56.9;4.2;3;0;0
2859;17;17;16;4;5;-2;14;1;0;1;0;0;0;19;9;7;10;69;69;67;33;12293;401;778;96.5;2.6;3.5;30.2;28.7;175;172;50.4;-3.7;120;115;51.1;-3.7;1;17;6
2860;26;26;44;2;10;0;28;0;0;0;2;0;0;59;7;22;60;61;56;64;72;49023;705;5308;101.1;2.8;2.9;28.9;33.7;635;692;47.9;-0.6;457;530;46.3;-0.9;0;1;0
2862;37;37;41;9;15;14;22;0;0;0;1;0;0;84;7;14;16;63;57;62;54;35592;410;3364;104.3;3.2;2.0;30.1;31.5;515;581;47.0;1.2;387;442;46.7;0.7;1;486;205
2864;36;36;15;4;8;-3;8;0;6;0;0;0;0;8;1;4;6;68;59;74;20;7067;4017;76;97.4;3.6;5.1;23.4;28.5;87;110;44.2;-0.9;69;79;46.6;2.7;2;161;89
2865;139;19;41;5;5;-1;21;0;2;0;1;1;1;46;10;13;41;68;50;85;72;46021;413;3121;97.9;2.6;2.7;28.6;24.6;723;570;55.9;6.7;533;426;55.6;6.1;0;0;0
2866;38;38;33;3;2;-15;14;1;1;0;0;0;0;31;6;3;11;64;52;75;31;12629;7197;0;94.5;1.1;4.8;18.0;40.8;113;274;29.2;-10.3;84;204;29.2;-10.4;1;120;52
2867;60;18;43;7;10;-11;35;2;2;0;0;0;0;50;15;8;43;71;57;83;91;37587;10585;1409;97.1;2.0;2.9;30.5;30.2;568;592;49.0;1.4;436;439;49.8;1.3;1;60;27
2869;55;9;39;10;17;4;22;8;12;0;0;0;0;29;8;1;8;75;63;84;93;16047;11864;383;104.4;3.4;1.8;28.5;24.2;243;218;52.7;-1.6;169;157;51.8;-3.6;1;357;202
2872;142;23;34;4;8;4;6;0;0;0;0;0;0;12;9;9;8;62;56;63;45;17724;476;674;91.6;3.0;2.2;38.2;13.6;355;139;71.9;0.7;263;104;71.7;0.0;0;34;18
2873;55;9;40;4;8;6;18;0;0;0;1;0;0;30;8;13;16;62;54;69;34;22262;426;4455;101.7;2.6;1.8;30.7;26.5;368;319;53.6;-0.8;262;227;53.6;-1.8;0;375;201
2874;58;24;26;2;3;2;6;0;0;0;0;0;0;39;12;5;39;62;50;75;41;24832;1820;2792;101.0;2.2;1.9;31.3;31.7;387;379;50.5;-3.6;303;294;50.8;-4.5;0;0;0
2875;48;14;38;1;4;-12;14;0;0;0;0;0;0;28;9;17;72;72;59;83;75;37424;6808;3676;97.5;2.0;3.1;27.8;31.4;519;600;46.4;-2.2;389;455;46.1;-3.9;0;0;0
2876;125;125;24;5;5;7;8;1;0;0;1;0;0;17;5;4;8;59;54;60;24;10643;955;4788;107.2;4.4;2.7;28.4;32.8;153;206;42.6;-6.2;110;144;43.3;-4.5;1;132;58
2877;36;3;37;4;5;-11;8;0;1;0;1;0;0;24;8;4;9;57;54;56;31;19846;828;1875;97.2;2.0;4.2;23.9;37.4;238;356;40.1;-6.1;178;273;39.5;-6.8;0;26;8
2879;146;0;42;12;14;-1;34;0;0;0;0;0;0;33;13;18;28;68;61;72;60;41092;773;1785;102.4;2.9;3.0;25.0;32.3;511;644;44.2;5.8;401;487;45.2;6.1;0;65;33
2880;17;17;4;0;1;-4;0;0;0;0;0;0;0;6;4;2;3;64;62;64;4;2915;161;0;86.9;1.2;6.2;29.6;35.8;42;46;47.7;5.1;29;32;47.5;8.7;0;3;2
2881;123;31;32;10;15;-11;12;4;10;0;0;0;0;42;3;4;30;69;62;74;71;25849;5387;545;98.2;2.5;3.9;29.5;37.9;392;478;45.1;-2.0;289;357;44.7;-3.1;0;473;235
2882;43;17;42;12;19;-1;46;4;10;0;0;2;1;65;5;11;19;69;62;74;78;29747;11356;112;99.2;2.9;2.8;34.0;29.7;488;452;51.9;2.3;365;334;52.2;3.5;4;247;132
2884;37;37;42;3;9;-13;10;1;0;0;0;0;0;20;8;6;11;58;54;59;36;21482;246;1220;96.1;2.7;4.9;31.3;39.0;305;395;43.6;-3.3;249;294;45.9;-0.4;1;93;44
2885;30;30;30;4;7;6;19;0;1;0;0;1;0;40;27;9;17;64;60;68;33;20100;145;1315;104.1;2.5;1.4;27.0;27.8;228;270;45.8;-0.4;172;186;48.0;0.2;0;146;70
2886;56;21;41;4;5;-4;10;0;0;0;0;0;0;30;3;9;31;60;55;62;36;24101;615;3810;99.7;2.4;3.1;27.0;34.2;341;411;45.3;-5.9;251;313;44.5;-6.6;1;87;51
2887;129;27;41;7;4;-10;10;5;0;0;0;0;0;65;14;33;78;76;50;92;102;46375;8019;4723;99.0;2.2;2.9;29.7;34.6;693;764;47.6;6.9;499;585;46.0;5.4;2;0;0
2888;37;37;42;5;6;-9;18;0;0;0;1;0;0;43;16;13;40;60;53;63;37;19350;134;7606;97.2;3.0;5.0;28.8;38.1;257;344;42.8;-4.1;195;259;43.0;-3.9;0;84;39
2891;150;7;4;0;1;-1;2;0;0;0;0;0;0;3;0;1;0;61;55;61;1;2458;0;285;95.0;0.0;1.5;22.0;29.3;24;34;41.4;-1.3;21;29;42.0;0.3;0;31;19
2892;125;125;30;7;7;-3;24;0;2;0;0;0;0;60;3;10;19;62;59;59;37;19246;151;2937;97.3;3.0;3.6;33.7;30.7;318;308;50.8;5.9;239;231;50.9;6.6;0;38;16
2893;38;38;21;1;6;-5;10;1;0;0;0;0;0;41;6;1;13;62;54;67;23;14990;205;2256;100.8;1.7;2.9;21.6;41.3;186;324;36.5;-5.4;136;241;36.1;-5.5;1;49;23
2895;53;53;38;3;5;-7;14;0;0;0;0;0;0;25;5;11;85;59;51;68;64;37726;2022;5012;99.9;2.6;3.2;30.0;37.3;517;697;42.6;-3.2;406;510;44.3;-1.3;0;0;0
2898;148;30;13;0;2;-5;4;0;0;0;0;0;0;14;4;3;15;56;49;63;18;11258;645;848;94.2;1.9;3.5;33.9;30.7;194;204;48.7;-4.7;144;135;51.6;-1.9;0;2;0
2899;47;0;35;5;8;-22;12;1;2;0;0;0;0;48;5;9;40;60;55;60;41;27080;3384;3300;97.2;1.7;4.5;23.0;44.0;324;581;35.8;-1.0;234;436;34.9;-2.4;0;418;209
2926;45;45;17;4;6;8;2;0;0;0;0;0;0;3;2;4;9;59;55;61;20;9303;0;0;109.1;3.9;0.8;32.1;25.9;145;144;50.2;-3.8;108;102;51.4;-2.8;0;9;6
2927;62;31;37;7;15;-7;20;2;0;0;0;0;0;40;7;12;29;69;60;74;67;31563;2632;2992;97.6;3.0;3.5;31.7;30.0;548;421;56.6;3.6;393;340;53.6;0.8;1;62;33
2928;43;43;15;2;4;-11;6;1;0;0;0;0;0;18;12;1;10;62;55;66;21;12936;2445;1615;95.3;2.5;5.3;26.2;37.0;184;225;45.0;-1.7;123;188;39.5;-6.9;0;8;2
2938;60;18;43;9;5;4;16;1;1;0;0;0;0;16;9;9;18;67;57;75;75;29066;3983;377;100.2;2.8;2.4;30.6;25.8;435;408;51.6;4.7;320;293;52.2;4.2;1;26;12
2949;30;30;19;5;8;0;10;2;1;0;0;0;0;42;22;9;13;67;63;70;44;15689;3297;225;102.3;2.8;2.5;25.7;30.1;163;229;41.6;-3.9;125;155;44.6;-1.2;2;13;8
2950;17;17;42;5;12;-16;10;0;0;0;0;0;0;58;46;20;35;63;59;64;68;34570;704;1034;96.9;2.1;3.6;31.0;37.1;481;578;45.4;2.2;352;420;45.6;4.2;0;27;10
2951;123;31;28;2;6;5;6;1;0;0;0;0;0;25;7;12;26;65;52;79;26;26105;116;2583;102.7;3.3;2.6;30.8;32.4;392;435;47.4;-0.9;297;323;47.9;-0.9;0;0;0
2954;57;12;24;2;7;8;4;1;1;0;0;0;0;12;4;5;11;61;54;67;31;13080;977;193;105.4;3.6;1.4;35.0;28.3;237;183;56.4;0.3;172;136;55.8;-0.1;0;3;1
2959;23;23;41;8;23;-5;20;3;12;0;1;0;0;47;36;42;15;69;62;75;103;39535;7632;4946;97.9;2.0;2.3;34.1;28.5;598;529;53.1;-0.2;438;374;53.9;0.8;1;636;316
2964;58;24;41;13;18;13;28;1;5;0;0;0;0;63;3;19;17;75;64;83;104;37829;3021;4216;102.4;3.0;1.8;35.1;28.6;673;520;56.4;4.5;515;400;56.3;3.6;2;506;279
3032;32;23;29;6;12;-5;32;2;7;0;0;0;0;40;2;7;25;72;69;73;83;23347;8657;1278;100.5;2.3;2.8;26.2;33.3;321;396;44.8;-2.2;238;296;44.6;-2.6;0;22;16
3044;41;41;43;4;7;0;22;1;0;1;1;0;0;41;12;9;24;64;48;82;43;40401;281;8191;99.5;2.8;2.9;30.1;29.5;621;622;50.0;0.6;449;457;49.6;0.8;1;0;0
3063;125;125;38;3;14;2;36;0;3;0;0;0;0;9;4;3;6;58;53;59;34;16469;2116;1113;102.8;3.5;3.1;33.0;39.1;247;316;43.9;-2.2;181;237;43.3;-2.2;0;240;132
3098;32;23;26;2;8;-3;8;0;0;0;0;0;0;48;7;8;16;61;57;58;32;17935;119;1791;97.8;3.2;3.8;30.9;30.3;281;272;50.8;4.8;204;202;50.2;5.0;0;24;16
3105;50;26;38;4;12;5;18;1;2;1;2;0;0;37;2;9;50;61;55;64;84;40984;2827;3426;98.5;3.5;3.3;37.4;30.0;738;591;55.5;0.2;554;455;54.9;-0.4;1;0;0
3106;59;1;35;16;26;-6;31;7;13;0;0;1;0;53;12;6;32;71;66;76;104;28471;9276;38;97.3;2.8;3.2;33.9;29.0;488;430;53.2;0.9;368;320;53.5;0.8;4;16;6
3116;59;1;30;12;18;-4;22;8;7;0;0;0;0;23;4;5;16;66;64;67;58;19301;8280;867;100.3;3.9;3.9;31.7;32.5;314;307;50.6;-1.3;236;233;50.3;-2.0;2;64;41
3120;24;24;5;0;2;3;0;0;0;0;0;0;0;0;3;0;2;56;52;59;5;2259;0;210;122.1;6.4;1.6;23.9;35.0;28;37;43.1;-10.0;19;24;44.2;-10.6;0;5;3
3124;135;2;35;3;11;13;18;0;1;0;0;0;0;25;18;9;40;57;52;62;52;34820;369;2062;102.0;4.1;2.8;34.4;27.8;619;503;55.2;-9.8;460;370;55.4;-11.1;0;0;0
3126;62;19;39;8;20;-2;20;0;4;0;2;0;0;36;8;8;18;69;65;68;86;32548;4520;4227;98.4;3.3;3.5;30.2;28.1;533;479;52.7;-1.3;384;354;52.0;-0.9;2;98;48
3127;58;58;41;5;11;12;30;0;0;1;0;0;0;72;5;27;96;68;50;87;55;40246;431;4912;101.1;3.7;2.7;34.1;27.7;695;574;54.8;2.1;525;430;55.0;1.7;1;0;0
3134;53;8;41;11;17;-9;27;7;7;0;0;0;0;28;8;12;37;67;60;72;93;32088;5774;3234;99.7;2.5;3.3;26.4;33.5;439;551;44.3;-0.8;323;416;43.7;-2.2;1;86;46
3138;154;154;19;2;4;0;5;0;0;0;1;0;0;34;19;3;10;62;59;61;20;13610;170;435;98.8;2.9;3.2;28.0;27.5;178;175;50.4;1.9;133;125;51.6;2.6;0;31;16
3150;59;1;40;6;27;1;38;1;5;1;0;0;0;32;6;10;22;67;61;69;81;38541;3002;2591;98.6;3.6;3.5;34.6;28.9;623;597;51.1;-1.2;481;447;51.8;-1.1;2;610;306
3157;135;2;37;2;15;31;12;0;5;1;2;0;0;43;11;17;46;69;53;86;80;39197;4874;4837;101.4;4.0;1.3;41.0;15.2;800;327;71.0;13.2;614;231;72.7;14.5;0;0;0
3165;155;154;42;16;18;9;28;2;7;0;0;0;0;52;12;11;25;76;67;82;151;34128;11157;389;99.3;3.6;2.4;39.1;24.7;707;410;63.3;2.6;528;315;62.6;2.3;3;530;240
3172;54;10;42;5;20;30;20;0;2;0;1;0;0;44;9;17;24;59;53;65;67;39738;2865;3304;104.8;4.9;2.4;36.1;27.1;728;562;56.4;-0.4;546;414;56.9;0.6;2;0;0
3177;38;38;39;13;15;-10;22;3;11;0;0;0;0;59;5;6;39;71;62;77;95;25820;9543;382;101.6;2.6;3.9;23.3;39.7;314;506;38.3;-3.2;238;371;39.1;-1.8;1;60;27
3202;38;38;26;3;10;3;38;0;0;0;0;0;0;37;5;5;17;61;55;60;32;19149;70;906;105.8;3.4;2.8;25.8;38.4;265;369;41.8;5.3;204;268;43.2;7.9;0;146;73
3206;155;155;28;4;4;3;8;1;1;0;0;0;0;7;3;0;6;60;52;69;25;11047;3627;196;101.8;2.6;1.6;31.0;24.8;183;155;54.1;-6.6;130;110;54.2;-6.4;2;119;57
3218;156;154;40;14;10;-18;10;2;1;0;0;0;0;37;49;28;23;60;56;63;75;40205;1384;141;95.3;2.3;3.9;26.1;28.2;465;507;47.8;-3.4;346;377;47.9;-2.2;1;501;278
3219;56;21;41;16;19;4;22;5;12;0;0;0;0;48;15;8;29;74;68;76;117;34426;10415;137;101.5;3.6;3.0;31.4;30.8;529;506;51.1;1.5;394;388;50.4;0.9;0;753;374
3221;129;27;41;7;19;-13;14;2;7;0;0;0;0;76;15;19;37;73;60;82;94;40437;8743;497;99.2;1.5;2.7;24.5;38.3;483;771;38.5;-7.1;356;590;37.6;-7.4;2;542;293
3223;154;154;9;0;3;4;9;0;0;0;0;1;0;14;0;3;14;65;59;70;16;8713;91;274;105.0;2.1;0.4;30.2;22.3;134;99;57.5;5.0;96;61;61.1;7.2;0;0;0
3232;62;19;34;5;13;4;23;2;0;0;0;0;0;46;8;22;43;70;54;85;80;32324;4974;3276;98.4;4.2;3.6;36.6;27.2;582;437;57.1;3.0;435;344;55.8;2.6;1;1;1
3233;50;50;22;1;10;3;28;1;4;0;0;0;0;32;5;5;26;72;62;82;41;19687;4691;2034;101.2;2.7;2.2;35.8;33.8;342;321;51.6;-5.3;260;239;52.1;-4.6;0;0;0
3236;155;155;29;2;2;2;2;0;0;0;0;0;0;9;2;3;10;58;53;60;24;13586;173;1697;97.2;3.4;3.2;32.9;23.8;260;169;60.6;-0.5;188;122;60.6;-0.5;0;116;57
3247;33;31;41;11;10;7;14;2;5;0;0;0;0;60;11;9;13;65;59;67;59;28038;6590;270;104.5;3.2;2.1;29.4;32.2;412;464;47.0;-3.3;312;340;47.9;-3.5;0;20;14
3248;54;10;35;5;18;8;23;0;10;0;0;1;0;60;5;11;44;73;63;83;100;31019;9685;2985;101.0;3.4;2.1;35.6;24.6;560;415;57.4;0.8;413;305;57.5;1.5;1;0;0
3249;135;2;35;4;12;12;14;0;0;0;0;0;0;24;9;10;47;63;53;72;52;33302;183;2861;99.2;4.4;3.2;35.5;24.3;604;402;60.0;-4.1;446;298;59.9;-5.6;0;1;0
3250;59;1;39;6;22;0;4;3;17;0;0;0;0;20;4;8;25;70;60;80;59;20934;10300;63;102.4;2.9;2.4;27.3;29.1;311;295;51.3;-1.0;237;220;51.9;-1.2;1;542;273
3252;60;18;34;5;5;-15;20;1;2;0;0;0;0;36;8;10;28;56;51;59;45;30042;1802;2857;96.6;2.3;4.1;27.3;34.6;405;519;43.8;-4.7;304;391;43.7;-6.3;1;12;2
3255;155;155;10;1;4;0;4;0;0;0;0;0;0;10;3;0;7;59;57;54;12;7450;0;450;103.6;3.9;3.9;25.1;32.9;114;114;50.0;-7.5;79;83;48.8;-8.7;0;10;5
3256;32;23;43;6;26;-15;49;2;9;0;1;1;0;37;4;15;64;65;63;62;72;34013;7928;733;97.6;3.3;4.7;29.1;34.0;512;594;46.3;0.0;374;438;46.1;0.1;0;28;14
3258;34;2;41;8;5;-3;18;0;0;0;0;0;0;45;8;5;61;58;53;62;75;40805;680;3923;98.2;3.1;3.4;34.2;30.9;673;638;51.3;2.5;507;489;50.9;1.4;2;2;0
3259;156;156;40;9;9;-10;38;6;2;0;0;0;0;96;14;33;38;62;57;68;140;44080;7119;1708;98.2;2.5;3.0;28.3;29.0;545;545;50.0;-0.2;405;414;49.5;0.1;1;0;0
3260;36;36;20;3;8;-1;12;3;7;0;0;0;0;19;2;2;15;66;57;72;23;8999;4515;324;101.5;1.2;1.6;20.0;35.2;99;160;38.2;-8.5;73;120;37.8;-8.2;1;128;75
3264;153;152;39;11;19;8;32;5;10;1;0;0;0;47;8;9;22;70;65;72;111;23275;10983;534;101.6;3.9;2.5;34.2;25.5;428;317;57.4;-0.7;311;247;55.7;-3.7;2;18;9
3266;62;31;20;7;9;8;25;0;0;0;0;0;0;13;6;6;6;66;61;64;42;15447;1836;448;102.6;5.6;3.7;35.4;28.2;273;214;56.1;4.1;198;164;54.7;3.0;0;254;113
3268;123;31;39;4;10;-16;22;0;1;0;0;0;0;46;6;15;59;67;54;80;51;37576;204;7058;96.7;2.4;3.9;31.7;36.2;628;635;49.7;1.9;464;480;49.2;0.8;1;0;0
3274;45;45;13;1;2;0;8;1;0;0;0;0;0;6;0;1;2;58;53;59;15;5223;1209;45;99.8;3.4;3.4;33.8;33.1;83;92;47.4;-5.8;64;71;47.4;-7.6;0;24;13
3287;62;62;19;2;6;2;22;1;4;0;0;0;0;14;6;1;4;67;53;82;20;7251;5503;0;99.4;5.5;4.0;40.7;28.3;130;110;54.2;1.1;110;86;56.1;4.6;1;53;22
3288;26;26;8;2;3;6;0;0;0;0;0;0;0;3;4;4;2;62;56;66;11;5396;382;111;114.1;5.3;0.7;32.7;29.3;75;71;51.4;2.0;57;51;52.8;4.3;0;76;37
3289;38;25;40;8;11;-6;32;0;3;0;0;0;0;45;9;8;23;68;58;73;71;28783;2963;7798;101.6;3.0;3.5;26.8;36.4;381;537;41.5;0.1;282;403;41.2;-0.0;2;494;238
3291;60;18;39;6;18;-3;28;3;4;1;0;0;0;51;6;13;29;69;59;76;86;31892;4828;4123;98.2;2.6;3.0;31.9;30.6;489;497;49.6;1.7;378;367;50.7;2.2;1;592;305
3292;60;18;41;2;7;-7;28;0;0;0;0;0;0;49;12;5;98;57;50;63;58;42133;871;5569;98.8;2.3;3.0;28.7;32.6;612;726;45.7;-3.3;463;528;46.7;-3.3;0;0;0
3298;141;25;44;10;26;27;8;0;0;0;0;0;0;45;17;15;23;68;61;71;100;42548;0;2565;103.8;3.8;1.5;34.2;20.8;750;465;61.7;0.6;548;337;61.9;0.5;1;22;8
3299;1;1;42;8;25;-7;18;2;4;0;0;0;0;58;33;24;7;67;67;63;68;36248;5094;63;100.8;4.0;4.0;32.1;34.3;521;601;46.4;-4.9;375;406;48.0;-5.3;0;0;0
3307;48;14;40;3;9;-1;6;0;1;0;0;0;0;15;3;8;26;60;54;64;31;14847;626;2430;99.5;2.9;3.4;30.6;33.7;221;253;46.6;-2.1;170;186;47.8;-1.6;0;190;106
3309;145;3;40;14;13;13;39;1;0;0;0;1;0;68;18;17;14;68;61;71;104;37936;915;1510;97.8;3.1;1.9;39.6;18.8;744;372;66.7;2.2;546;275;66.5;3.0;3;75;39
3310;60;18;18;7;9;5;14;2;3;0;0;0;0;9;3;3;12;74;63;83;47;14288;4908;99;105.3;3.3;1.8;29.7;30.7;205;245;45.6;-0.1;164;179;47.8;0.8;2;337;200
3311;48;14;40;3;8;3;14;0;0;1;0;0;0;76;11;20;28;62;55;65;43;33057;320;7408;100.6;2.6;2.4;29.3;28.8;482;498;49.2;1.0;369;357;50.8;2.3;2;232;104
3313;38;38;25;2;5;-8;9;0;0;0;1;1;1;23;4;6;29;61;55;64;27;18267;385;873;97.4;1.2;3.0;22.5;37.6;231;355;39.4;-1.9;162;258;38.6;-3.0;0;3;1
3316;60;60;9;3;3;1;6;1;3;0;0;0;0;8;4;2;0;67;61;72;24;4160;2484;114;102.8;2.6;1.7;29.4;28.6;66;74;47.1;6.0;51;54;48.6;5.8;2;14;7
3317;151;152;33;10;16;-8;16;6;7;0;0;0;0;41;13;10;19;70;64;71;70;26239;6824;308;96.9;1.9;3.0;27.3;29.9;380;426;47.1;-3.6;285;304;48.4;-1.7;0;45;18
3324;48;14;40;8;12;-20;22;0;0;0;1;0;0;36;6;15;30;69;62;69;88;35698;1250;2675;94.3;2.3;4.2;29.6;31.3;527;536;49.6;1.6;408;393;50.9;2.6;0;521;256
3329;53;53;37;10;16;1;18;4;7;0;0;0;0;23;7;13;20;65;58;69;67;26556;4231;1751;103.3;2.7;2.4;29.0;40.3;387;492;44.0;0.0;297;380;43.9;-0.6;3;36;19
3331;20;20;39;3;2;-8;9;0;0;0;0;1;0;20;13;3;10;58;54;58;22;14219;66;28;95.1;1.3;3.3;26.6;33.9;176;215;45.0;-3.7;128;158;44.8;-4.6;0;21;14
3333;60;18;34;3;8;-6;24;0;0;0;1;0;0;71;2;10;86;68;51;85;29;33534;887;7175;97.8;2.5;3.3;28.4;30.6;492;553;47.1;-1.6;366;391;48.3;-1.0;0;12;2
3334;60;18;42;12;12;1;10;7;5;0;0;0;0;23;3;5;12;65;59;70;93;17265;12005;330;105.8;4.0;3.3;25.6;34.4;225;316;41.6;-7.8;171;217;44.1;-6.0;3;104;39
3341;57;57;7;6;2;5;8;3;1;0;0;0;0;12;2;5;2;75;69;80;27;4435;2115;0;108.0;4.9;0.8;44.6;27.6;98;57;63.2;9.8;74;45;62.2;7.8;0;3;0
3347;142;23;40;9;30;35;14;0;1;0;1;0;0;66;17;18;14;65;61;63;116;38807;160;5203;100.3;4.8;1.6;43.8;14.7;919;305;75.1;5.1;675;216;75.8;5.5;2;66;32
3356;141;25;34;9;14;6;9;0;0;0;1;0;0;44;8;8;23;69;63;69;83;31569;624;2067;96.4;3.5;3.0;37.3;22.7;576;351;62.1;-1.4;426;262;61.9;-2.5;1;48;23
3361;123;31;18;2;8;3;11;0;4;0;0;1;0;15;1;4;13;64;58;69;28;11150;1737;108;104.5;3.2;1.9;32.0;34.5;171;182;48.4;1.8;126;145;46.5;-1.6;0;18;12
3368;130;14;12;2;2;4;2;0;1;0;0;0;0;7;5;1;3;61;54;67;16;8632;366;889;106.9;2.9;1.3;27.1;32.5;119;141;45.8;-5.7;88;111;44.2;-7.8;2;7;4
3371;142;23;40;10;12;14;6;1;4;0;0;0;0;17;8;6;13;63;57;66;64;19416;2361;1698;100.8;3.7;1.3;40.2;15.4;407;172;70.3;-1.5;300;120;71.4;-0.7;0;300;163
3372;23;23;10;3;3;1;2;0;0;0;0;0;0;20;15;4;2;65;64;63;21;8470;399;0;99.4;3.4;3.0;30.6;25.5;124;106;53.9;3.7;83;72;53.5;2.1;1;0;0
3375;140;17;30;6;9;-10;8;3;2;0;0;0;0;42;9;4;19;64;56;68;49;22631;3246;42;93.9;2.7;4.3;26.6;26.4;297;347;46.1;-0.8;217;254;46.1;-0.3;1;301;160
3376;144;8;43;2;13;9;12;1;2;0;0;0;0;72;21;21;87;66;49;84;71;45711;4212;2588;99.3;3.2;2.6;34.5;25.9;807;594;57.6;-2.5;611;442;58.0;-2.1;1;0;0
3378;55;9;5;1;1;0;4;0;1;0;0;0;0;3;0;1;0;60;54;62;8;2207;332;94;94.6;1.6;1.6;44.0;17.9;44;18;71.0;18.4;34;15;69.4;17.7;0;1;1
3381;156;156;40;1;5;-12;11;0;0;0;0;1;1;69;10;20;8;60;54;63;54;35245;57;1517;96.5;2.1;3.5;23.6;27.6;386;445;46.5;-5.1;274;323;45.9;-4.7;0;0;0
3393;142;23;10;0;0;1;2;0;0;0;0;0;0;10;0;4;15;61;50;74;24;9334;0;673;94.7;2.7;2.3;41.7;19.7;188;98;65.7;-1.7;141;68;67.5;0.1;0;0;0
3394;125;125;7;0;1;-1;20;0;0;0;0;0;0;2;0;2;3;65;52;60;4;4485;106;277;98.9;1.6;2.4;29.7;36.9;70;80;46.7;0.9;53;62;46.1;-1.2;0;3;1
3397;135;2;37;5;12;8;6;1;4;0;0;0;0;22;14;3;17;64;56;73;67;19761;4136;191;104.0;2.9;1.3;31.7;24.8;335;278;54.6;-8.6;242;187;56.4;-7.8;0;276;158
3398;145;3;40;7;15;8;2;2;3;0;0;0;0;31;11;5;16;68;60;74;67;29782;3207;720;100.4;2.8;1.8;31.5;21.5;549;308;64.1;-1.4;359;235;60.4;-5.1;0;3;0
3399;58;24;41;14;26;9;20;7;3;0;1;0;0;38;22;17;12;71;64;75;130;39506;9745;3565;99.5;4.3;3.2;38.0;27.2;714;537;57.1;5.6;559;412;57.6;5.6;2;78;44
3400;155;154;7;4;2;3;10;0;0;0;0;0;0;11;1;3;6;83;71;88;28;6927;1387;1069;99.6;4.7;3.1;37.9;24.4;135;90;60.0;5.6;101;69;59.4;3.8;1;115;48
3401;12;12;38;9;18;10;16;1;1;0;0;0;0;38;36;11;8;67;68;61;85;32102;3062;0;101.6;4.3;2.9;38.4;30.5;541;420;56.3;-1.7;389;309;55.7;-2.2;2;2;1
3403;156;154;40;7;14;-13;33;0;0;0;0;1;1;104;52;14;21;65;59;66;61;40538;130;1844;96.3;2.5;3.6;26.9;28.2;481;509;48.6;-2.3;364;381;48.9;-0.8;0;41;11
3404;156;156;40;3;21;-7;8;0;3;0;0;0;0;114;37;18;26;66;61;66;48;40432;1686;904;98.7;2.7;3.3;27.2;29.7;473;504;48.4;-2.5;359;385;48.3;-1.7;1;1;1
3405;156;156;40;6;10;-8;28;2;2;0;1;2;1;80;6;27;18;62;60;62;114;40807;6900;1738;97.7;2.6;3.2;27.8;27.5;493;462;51.6;2.2;356;374;48.8;-0.9;3;0;0
3406;141;25;23;4;8;15;19;0;0;0;0;3;1;49;4;4;3;63;60;61;40;17258;61;167;105.0;4.8;1.7;38.2;22.1;320;215;59.8;3.6;238;157;60.3;4.2;1;29;12
3408;44;30;7;1;2;-1;2;1;1;0;0;0;0;3;2;2;3;67;59;71;17;6525;464;332;99.0;1.7;2.2;29.2;33.1;98;101;49.2;-7.3;72;85;45.9;-9.8;0;83;44
3409;130;14;41;3;9;11;40;0;1;1;1;0;0;67;9;12;60;65;50;82;47;40507;205;5960;101.1;3.1;2.4;29.7;25.6;621;535;53.7;-0.5;459;393;53.9;-0.9;0;0;0
3411;47;0;41;17;20;-38;42;12;14;0;0;0;0;48;16;13;42;71;64;75;119;38731;10763;2738;93.9;1.5;4.6;25.4;38.8;510;745;40.6;5.6;394;557;41.4;6.6;0;851;411
3412;152;152;35;9;11;-17;10;4;3;0;0;0;0;25;39;24;16;64;58;69;46;31044;7089;965;98.0;2.2;3.9;23.4;34.7;337;469;41.8;-1.0;238;357;40.0;-1.6;1;499;262
3414;60;18;43;6;18;-16;46;0;7;1;0;0;0;52;6;12;22;66;58;69;82;34428;4934;4025;93.8;2.4;4.1;31.0;29.2;515;537;49.0;1.3;384;391;49.5;0.8;0;591;285
3416;130;14;26;2;11;6;4;2;1;0;0;0;0;22;3;4;8;65;62;63;39;20607;1597;129;100.6;4.0;3.0;34.2;26.6;355;281;55.8;-1.3;271;203;57.2;-0.5;1;32;15
3417;59;1;19;4;2;-4;23;0;0;0;0;0;0;22;2;3;14;60;51;69;29;16666;0;2087;96.7;2.6;3.5;34.3;32.0;284;266;51.6;-1.9;213;199;51.7;-2.8;0;0;0
3418;44;30;44;3;18;4;27;0;1;0;1;1;0;27;7;9;19;65;61;65;62;36666;679;4070;100.9;3.3;3.1;28.6;29.3;559;533;51.2;0.1;400;410;49.4;-1.5;1;296;145
3422;28;28;3;0;1;-1;2;0;0;0;0;0;0;3;1;2;1;55;51;64;6;2569;71;646;102.1;2.8;4.2;28.0;53.2;33;51;39.3;-11.2;24;45;34.8;-19.5;0;0;0
3423;132;12;39;17;17;3;36;3;8;0;0;0;0;31;4;12;16;70;64;73;100;34156;7118;1028;104.6;3.3;2.3;27.8;32.5;454;560;44.8;-2.6;348;436;44.4;-2.6;4;568;256
3425;129;27;41;11;20;-7;17;6;6;0;0;1;0;57;21;13;31;69;62;73;96;40014;8601;2695;98.2;3.1;3.7;29.0;29.9;624;613;50.4;10.5;458;451;50.4;11.3;1;34;13
3440;26;26;43;10;9;-12;28;1;0;1;0;4;2;65;54;13;11;65;61;63;72;30539;842;546;97.6;2.4;3.5;31.6;35.8;412;454;47.6;-2.3;309;351;46.8;-2.0;0;20;8
3441;53;8;39;10;18;-1;40;4;4;1;0;0;0;58;10;11;31;69;64;70;98;30680;5821;1999;101.1;3.3;3.3;28.9;32.0;431;485;47.1;1.8;332;366;47.6;1.9;1;50;23
3443;60;18;43;5;8;-7;14;0;0;0;0;0;0;18;9;12;32;62;54;70;37;23482;321;5526;98.3;2.6;3.7;25.4;30.8;311;392;44.2;-4.6;235;276;46.0;-3.7;1;102;49
3445;38;38;35;3;6;-10;12;1;0;0;1;0;0;11;4;10;26;60;53;66;17;15671;1438;2049;99.6;1.6;4.1;17.7;43.6;155;353;30.5;-10.8;109;264;29.2;-12.2;0;20;9
3446;57;12;25;3;9;11;20;0;0;0;1;0;0;23;9;11;11;61;54;67;31;20533;74;4372;103.3;3.5;1.8;36.1;27.2;388;250;60.8;5.0;278;189;59.5;3.2;2;49;20
3450;131;1;42;12;20;19;28;2;1;0;1;0;0;32;11;19;22;70;68;68;138;41010;7264;1381;97.2;3.8;2.1;40.6;17.5;885;378;70.1;1.0;656;272;70.7;1.8;1;42;24
3461;57;12;26;5;6;8;15;0;1;0;0;1;0;21;2;1;5;63;56;67;41;17507;2747;413;104.8;3.7;2.1;31.5;29.6;292;258;53.1;-2.2;221;190;53.8;-1.1;0;0;0
3464;43;43;13;0;3;-8;6;0;0;0;0;0;0;12;1;1;23;57;51;62;18;10075;835;2372;89.3;2.5;5.4;30.0;28.2;142;156;47.7;-0.7;111;109;50.5;3.4;0;29;13
3473;47;0;30;5;22;-20;38;3;9;0;0;0;0;37;9;4;44;68;64;70;76;29398;7927;3131;98.6;2.2;4.2;23.5;38.6;366;569;39.1;3.8;288;434;39.9;4.4;1;0;0
3480;141;25;44;13;20;13;12;4;4;0;0;0;0;55;10;16;19;68;63;69;113;33827;8778;0;101.1;3.8;2.3;37.5;25.6;619;432;58.9;-3.3;472;315;60.0;-2.2;2;43;25
3486;53;8;42;10;20;15;36;2;9;1;0;0;0;33;10;11;43;77;65;88;104;41703;12012;3420;104.9;4.0;2.6;31.7;33.8;629;697;47.4;3.4;488;538;47.6;3.2;1;0;0
3492;58;58;41;1;3;-3;8;0;0;0;1;0;0;17;2;5;8;57;52;61;24;15747;312;1316;99.8;2.1;3.0;26.3;37.0;229;278;45.2;-9.5;167;203;45.1;-10.0;0;186;85
3514;62;19;34;8;10;-6;36;1;2;0;0;2;0;26;3;13;15;62;59;60;55;25808;1805;646;95.2;3.5;4.2;34.3;28.0;466;377;55.3;3.0;341;277;55.2;4.0;1;393;176
3518;36;36;17;2;1;-2;20;1;1;0;0;0;0;6;2;5;8;63;55;72;30;8084;2587;171;97.2;0.4;1.3;24.9;28.9;118;119;49.8;2.1;88;90;49.4;2.0;0;68;35
3598;154;154;20;0;3;-11;8;0;0;0;1;0;0;21;3;8;28;58;54;60;22;22166;229;846;95.4;1.6;3.6;23.2;30.9;241;299;44.6;-6.7;175;226;43.6;-7.7;0;0;0
3630;38;25;40;11;13;4;38;1;3;0;0;0;0;111;6;10;37;69;59;74;68;32653;1614;3748;103.5;3.2;2.9;27.6;35.3;450;588;43.4;2.3;328;442;42.6;1.5;3;384;182
3633;30;30;40;2;11;1;4;1;1;0;0;0;0;33;42;24;12;61;54;68;41;28996;1621;2290;100.4;1.9;1.7;25.5;25.0;306;346;46.9;-1.1;240;242;49.8;-0.5;0;354;164
3634;57;12;40;4;15;11;20;2;1;0;0;0;0;37;17;14;62;72;54;90;97;35348;7810;4445;103.3;3.5;2.3;32.5;31.8;578;572;50.3;-9.1;428;425;50.2;-8.7;0;0;0
3637;55;9;10;0;2;-3;4;0;0;0;0;0;0;6;2;2;10;55;50;56;9;7175;205;1073;98.0;3.0;4.0;24.6;28.1;92;105;46.7;-2.6;69;77;47.3;-2.6;0;1;0
3645;20;20;32;1;3;-2;4;0;0;0;0;0;0;10;13;15;7;57;50;63;15;13819;288;524;98.0;1.8;2.3;32.8;31.0;195;199;49.5;0.4;149;142;51.2;1.1;1;241;109
3674;40;20;40;10;10;-4;20;1;1;0;2;0;0;49;9;12;62;63;59;61;64;38193;731;8092;101.4;3.2;3.9;27.1;37.0;535;696;43.5;2.0;379;528;41.8;0.0;1;252;125
3691;136;10;42;10;28;-4;32;4;7;0;0;0;0;55;17;19;42;73;60;85;147;46173;7599;2304;97.4;2.8;3.0;34.2;28.1;788;673;53.9;1.0;599;494;54.8;2.0;2;0;0
3693;0;0;22;6;6;-2;6;2;3;1;0;0;0;11;12;9;2;59;56;62;19;10679;2072;74;98.3;2.7;3.7;31.0;35.7;143;160;47.2;-0.4;110;129;46.0;-3.3;2;150;68
3696;37;37;42;4;12;2;2;1;3;0;0;0;0;19;6;14;27;64;58;65;49;28253;2091;3527;101.0;3.2;3.1;31.7;33.8;426;456;48.3;2.7;324;353;47.9;2.2;0;149;65
3730;60;18;38;14;12;5;30;6;4;0;0;0;0;23;6;5;18;65;59;68;91;26010;7654;53;103.1;3.3;2.5;30.6;32.1;412;429;49.0;1.1;300;307;49.4;0.7;4;47;22
3731;54;10;42;11;8;15;24;2;1;1;0;0;0;26;11;15;27;64;57;69;76;31336;2238;4153;103.5;3.7;2.0;34.7;27.7;555;451;55.2;-2.1;403;339;54.3;-3.2;1;79;35
3759;14;14;33;5;8;2;0;0;0;0;0;0;0;26;17;9;17;59;56;62;34;15271;46;465;102.3;4.0;3.5;34.9;38.4;242;263;47.9;-2.7;172;193;47.1;-1.8;1;5;2
3763;43;43;13;0;2;-9;6;0;0;0;0;0;0;5;2;3;16;56;51;62;11;9877;25;1538;88.1;1.5;4.7;35.0;29.5;158;152;51.0;-2.0;115;116;49.8;-3.2;0;6;3
3766;45;45;13;0;1;-6;6;0;0;0;0;0;0;1;0;1;6;53;50;55;5;5353;0;168;90.6;0.7;4.7;26.9;39.7;72;99;42.1;-16.4;53;76;41.1;-15.8;0;8;3
3773;18;18;11;2;2;1;0;0;0;0;0;0;0;12;2;5;11;60;56;62;8;11413;0;162;103.8;4.7;4.4;32.2;40.4;168;190;46.9;-4.6;124;148;45.6;-5.4;0;0;0
3774;123;31;26;2;6;5;8;0;1;0;0;0;0;16;2;2;17;59;54;61;21;13324;879;423;106.7;3.5;1.9;27.6;31.3;182;225;44.7;-2.4;137;154;47.1;-0.1;0;157;81
3775;124;124;7;0;1;-1;0;0;0;0;0;0;0;8;8;1;1;58;54;59;6;4132;11;0;99.6;1.7;2.6;27.9;39.2;55;64;46.2;-3.5;40;50;44.4;-6.5;0;0;0
3782;43;17;38;5;19;12;32;1;5;0;0;0;0;48;20;15;53;71;59;81;107;35694;11415;2665;101.8;4.0;2.6;35.4;27.2;615;534;53.5;3.8;462;386;54.5;6.0;0;0;0
3791;139;19;40;1;9;-3;14;0;0;0;0;0;0;46;9;20;102;66;50;83;36;38920;384;3271;99.3;2.5;2.8;26.2;27.2;524;587;47.2;-5.4;396;422;48.4;-3.8;0;0;0
3795;41;41;40;4;5;-8;30;1;1;1;0;0;0;18;6;8;14;60;56;61;47;25131;1451;1999;96.4;2.0;3.3;31.5;32.9;403;390;50.8;1.7;296;303;49.4;0.3;1;82;41
3799;141;25;36;7;22;12;13;3;5;0;2;1;0;34;12;11;7;68;60;73;83;22455;2733;1843;99.0;4.3;2.7;37.4;21.6;418;265;61.2;-0.8;315;195;61.8;-0.4;1;240;118
3806;33;12;39;4;20;1;14;0;7;0;0;0;0;25;11;9;21;62;58;64;73;27146;5746;454;101.3;2.7;2.5;29.0;32.1;409;443;48.0;-2.3;304;339;47.3;-4.5;0;43;24
3807;123;31;32;1;7;-4;32;0;0;0;0;0;0;57;2;6;37;59;53;64;52;28731;189;5561;97.8;2.1;2.6;33.3;30.6;463;452;50.6;2.6;353;341;50.9;2.8;0;1;1
3809;50;26;34;3;10;0;19;0;1;0;0;1;1;34;4;6;13;63;57;64;54;19678;3683;467;99.4;2.7;2.7;34.4;32.0;356;311;53.4;-3.0;255;235;52.0;-4.4;0;7;5
3810;41;7;43;7;12;0;37;0;0;0;0;1;0;85;12;18;26;69;59;75;61;37823;284;4603;102.5;3.6;3.8;25.8;32.9;518;611;45.9;-5.3;374;458;45.0;-5.8;2;85;40
3811;132;12;41;12;16;-7;18;2;5;0;0;0;0;61;13;13;29;66;61;67;83;38829;7301;1339;100.0;2.7;2.9;26.9;28.7;564;574;49.6;4.0;403;423;48.8;3.4;0;56;35
3812;62;19;34;3;13;-4;16;0;0;0;0;0;0;36;7;13;6;66;59;71;53;27719;2469;5151;96.9;3.2;3.6;34.8;29.2;494;403;55.1;-0.8;365;314;53.8;-1.1;1;525;252
3814;60;18;25;2;3;3;16;0;0;0;0;0;0;21;5;5;31;61;48;74;25;18117;119;3624;104.4;3.2;2.6;25.0;31.2;221;322;40.7;-9.3;167;221;43.0;-7.4;1;33;13
3817;153;152;38;5;10;8;8;0;0;0;0;0;0;38;6;16;45;65;53;77;62;35210;3022;2990;97.2;3.7;2.8;40.7;23.2;711;443;61.6;5.3;540;328;62.2;5.4;3;0;0
3818;34;2;34;9;19;-6;52;4;10;0;0;0;0;37;10;4;14;64;63;62;87;29952;8286;94;98.3;2.9;3.5;32.9;33.2;503;507;49.8;0.4;390;383;50.5;0.9;2;6;2
3819;135;2;35;4;12;23;28;0;1;0;1;0;0;34;6;14;32;63;53;72;75;37329;1327;2569;103.8;3.7;1.5;37.5;25.9;708;486;59.3;-4.3;515;348;59.7;-5.2;1;2;2
3820;62;62;18;1;2;-2;18;0;0;0;0;0;0;22;6;6;24;57;51;61;19;15935;302;2777;98.9;2.9;3.4;31.2;32.1;240;261;47.9;-5.3;182;195;48.3;-3.8;0;0;0
3822;62;19;38;5;9;3;22;0;0;0;0;0;0;50;6;13;52;66;53;79;57;34427;1660;4210;100.5;4.2;3.8;33.1;31.0;579;527;52.4;-0.9;435;404;51.8;-0.2;0;0;0
3836;33;29;32;4;9;-5;30;1;0;0;0;0;0;71;9;4;13;59;57;54;42;21620;390;3149;98.2;3.0;4.0;29.1;33.1;316;338;48.3;-0.0;236;264;47.2;-0.6;2;33;18
3865;17;17;42;14;14;0;6;1;0;0;1;0;0;72;49;23;45;70;65;72;93;37467;2611;5389;102.8;3.3;3.3;28.9;38.2;473;609;43.7;-0.1;342;464;42.4;-0.1;4;106;43
3881;148;30;42;13;20;11;8;1;4;0;0;0;0;28;11;9;4;66;60;67;91;33941;4166;48;101.1;4.0;2.7;36.1;26.3;615;450;57.7;3.6;446;336;57.0;1.7;2;581;338
3882;132;12;41;8;13;13;17;2;1;0;0;0;0;46;15;20;61;69;53;85;97;47587;2529;2810;104.7;3.5;2.5;27.5;31.5;652;735;47.0;0.3;487;546;47.1;1.2;0;0;0
3884;58;24;34;3;9;3;18;1;3;0;0;0;0;50;10;12;28;62;53;71;72;34191;5785;2974;101.1;3.3;2.7;30.4;28.3;542;487;52.7;0.0;401;373;51.8;-2.0;1;0;0
3885;148;30;42;11;16;19;34;0;0;0;2;0;0;145;11;8;22;66;59;67;87;39740;657;4201;103.1;3.3;1.7;33.5;26.1;677;536;55.8;1.0;498;398;55.6;-0.3;2;134;58
3886;127;31;39;9;4;-1;15;0;0;0;0;1;0;57;16;10;28;62;53;69;57;30356;189;3896;99.6;2.0;2.1;30.1;30.2;468;452;50.9;-0.4;341;348;49.5;-1.4;1;72;27
3887;12;12;9;0;1;3;7;0;0;0;0;1;0;7;5;5;20;61;53;73;19;8873;0;1070;100.6;2.8;1.6;47.1;30.0;175;121;59.1;1.4;128;93;57.9;-0.6;0;0;0
3888;10;10;2;0;1;-1;0;0;0;0;0;0;0;2;1;0;3;73;71;76;5;1518;62;73;93.8;0.0;2.4;35.6;37.9;21;27;43.8;-1.2;18;19;48.6;0.7;0;0;0
3889;43;17;37;6;11;0;20;2;0;0;0;0;0;50;16;14;30;65;59;69;68;30511;2142;6565;99.0;2.7;2.7;32.2;28.8;482;465;50.9;-0.2;356;346;50.7;0.1;1;118;58
3890;9;9;39;5;11;9;10;0;0;1;0;0;0;47;29;13;13;64;60;67;51;24795;303;4095;105.0;3.0;1.9;30.8;38.5;329;392;45.6;2.5;242;302;44.5;2.8;0;11;7
3891;58;24;41;17;18;6;12;4;1;0;0;0;0;35;11;11;25;72;68;71;115;38265;3834;3693;98.7;3.4;2.8;37.0;27.0;671;520;56.3;4.4;516;382;57.5;5.3;4;37;15
3892;57;12;40;14;21;8;14;11;10;0;1;0;0;41;11;14;24;74;63;81;110;22821;11682;3830;104.1;3.9;2.2;32.3;27.4;375;313;54.5;-2.3;286;231;55.3;-0.9;2;574;275
3893;34;2;37;12;15;-7;20;5;9;0;0;0;0;38;16;8;26;68;64;66;112;30997;8437;129;97.7;2.8;3.4;35.0;32.8;530;504;51.3;2.5;419;388;51.9;2.8;2;65;43
3895;53;53;36;6;4;-8;10;0;1;0;0;0;0;12;2;1;24;59;53;63;39;18733;1445;953;95.9;2.1;3.7;33.1;34.8;272;317;46.2;1.5;215;237;47.6;2.5;1;40;19
4743;41;41;29;2;7;-6;22;0;0;0;0;0;0;29;7;10;28;64;53;77;57;29893;1627;2602;98.7;3.1;3.7;28.9;30.8;438;462;48.7;-1.3;309;346;47.2;-2.9;1;0;0
4776;130;14;13;1;2;2;2;0;0;0;1;0;0;8;3;2;2;58;50;66;6;4873;0;1902;105.5;3.7;3.0;28.1;38.4;66;89;42.6;-6.8;51;68;42.9;-5.7;0;42;18
5182;2;2;44;12;10;8;20;0;0;0;0;2;2;54;24;13;9;60;58;59;81;28162;0;245;100.2;4.5;3.5;38.3;30.2;493;396;55.5;2.3;352;280;55.7;1.4;0;11;6
5266;128;20;35;5;12;-29;4;0;3;0;0;0;0;35;20;12;101;71;57;84;57;34561;7288;3154;99.0;2.1;5.0;18.6;41.1;298;713;29.5;-5.0;240;524;31.4;-2.3;0;2;1
5352;151;152;20;3;3;-4;6;0;0;1;0;0;0;19;2;8;23;62;55;67;21;11886;0;2911;98.4;2.1;3.6;23.3;33.9;165;210;44.0;-3.7;110;147;42.8;-4.8;1;88;37
5355;135;2;16;2;5;2;8;0;1;0;0;0;0;5;5;2;2;57;54;58;16;9326;786;302;100.8;3.9;3.1;32.0;27.4;158;118;57.2;-7.3;119;85;58.3;-7.6;0;14;9
5356;25;25;41;2;11;-3;30;0;1;0;1;0;0;40;15;22;90;61;55;66;62;44257;2982;5027;100.6;3.7;3.8;31.6;34.7;617;673;47.8;-0.2;466;501;48.2;2.0;0;0;0
5357;141;25;44;9;6;12;26;0;0;0;0;0;0;48;12;10;29;65;51;77;69;43058;612;4087;98.7;3.6;2.7;36.6;24.0;786;529;59.8;-2.3;575;387;59.8;-2.7;1;0;0
5358;142;23;38;6;19;27;20;0;1;0;0;0;0;51;9;26;30;63;55;70;108;43254;2848;2018;96.7;4.2;1.9;46.9;15.6;1061;362;74.6;3.7;792;267;74.8;3.3;0;0;0
5359;151;152;12;2;4;-1;0;0;1;0;0;0;0;9;2;1;2;55;54;53;7;9330;486;226;105.8;4.2;4.2;25.5;39.0;120;172;41.1;-4.3;94;135;41.0;-6.1;0;4;3
5361;151;152;16;3;5;5;18;0;0;1;0;0;0;30;9;3;14;62;56;64;26;13830;559;2053;103.1;3.1;1.8;32.3;27.9;223;204;52.2;3.7;165;150;52.4;4.1;0;24;12
5364;55;9;35;5;3;-1;2;1;2;0;0;0;0;9;5;3;10;59;54;62;34;17865;2682;679;99.7;2.8;3.0;29.6;30.8;294;267;52.4;-3.1;210;208;50.2;-6.6;0;3;0
5365;135;2;33;10;17;6;6;2;0;0;1;0;0;43;12;17;26;66;65;62;63;30741;1165;1573;95.8;3.9;3.2;37.6;21.9;580;355;62.0;1.3;440;251;63.7;2.6;2;40;21
5368;126;124;41;17;17;9;16;1;1;0;0;0;0;31;24;12;17;66;61;67;111;38816;1095;2647;99.5;3.2;2.3;36.8;24.8;765;517;59.7;5.3;554;382;59.2;4.8;0;86;42
5369;48;14;38;6;9;-9;22;3;5;1;0;0;0;46;8;11;26;72;61;81;82;35987;8120;2390;96.6;2.4;3.4;30.2;29.9;556;532;51.1;2.8;435;393;52.5;3.7;1;0;0
5370;141;25;32;11;16;9;8;2;4;0;0;0;0;43;13;13;13;73;66;75;94;26717;6473;35;98.4;4.3;3.0;40.8;24.4;532;329;61.8;-0.4;396;241;62.2;0.0;1;456;237
5372;144;8;42;8;13;16;18;1;0;0;0;0;0;49;16;18;41;59;50;68;96;42433;1057;3309;100.9;3.4;2.0;34.3;22.7;731;491;59.8;0.8;537;359;59.9;0.6;0;0;0
5374;143;18;40;3;16;1;20;1;1;1;0;0;0;61;12;23;46;74;59;86;86;42547;7807;2909;101.7;2.7;2.6;25.8;29.7;559;660;45.9;2.8;409;482;45.9;3.0;0;20;13
5375;30;30;40;7;18;3;19;2;7;0;0;0;0;96;44;25;19;73;66;79;77;34262;9010;143;101.6;2.7;2.1;26.9;24.5;410;420;49.4;2.2;293;283;50.9;1.0;3;10;4
5377;142;23;16;1;1;8;0;0;0;0;0;0;0;15;2;3;13;64;51;78;20;14859;126;1392;98.9;3.9;1.9;37.1;16.7;318;128;71.3;-5.1;229;94;70.9;-6.4;0;0;0
5378;17;17;25;6;9;9;8;0;0;0;0;0;0;18;12;14;14;65;58;70;27;21888;184;1160;106.5;3.5;2.0;28.6;35.5;285;337;45.8;1.7;205;243;45.8;2.6;0;269;147
5379;132;12;41;6;15;-3;6;1;3;0;0;0;0;43;14;7;16;62;56;67;48;22249;3884;383;100.6;2.8;3.2;26.2;32.7;287;378;43.2;-4.5;214;277;43.6;-3.4;0;274;130
5381;131;1;11;2;2;2;6;0;0;0;0;0;0;13;4;5;13;56;51;60;16;10248;0;1865;88.6;4.9;4.6;40.0;19.3;206;94;68.7;3.5;148;70;67.9;2.5;0;0;0
5383;2;2;44;4;16;15;24;0;1;0;0;0;0;74;12;39;56;62;57;69;92;43567;2925;3765;103.0;4.3;3.2;34.0;33.5;661;623;51.5;-3.3;478;474;50.2;-6.7;0;0;0
5384;31;31;42;3;17;4;28;2;2;0;0;0;0;56;8;32;72;63;58;68;101;47172;3240;3043;101.2;3.9;3.6;35.8;37.2;745;733;50.4;4.4;546;568;49.0;2.8;1;0;0
5386;131;1;36;15;21;23;18;3;4;0;0;0;0;56;18;11;21;73;68;74;110;32262;7173;2024;100.7;4.6;1.8;40.6;17.0;688;283;70.9;0.8;509;210;70.8;0.7;2;40;26
5389;47;47;26;2;2;-16;40;0;0;0;0;1;0;23;1;2;13;56;53;56;22;12333;1571;9;91.0;2.0;6.7;25.7;39.7;156;244;39.0;1.5;118;186;38.8;1.5;0;45;19
5390;137;28;42;2;13;-8;10;0;0;1;1;0;0;31;12;21;62;70;53;87;71;47330;4578;6036;99.2;1.7;2.4;24.2;30.1;670;734;47.7;0.8;473;536;46.9;-0.4;1;0;0
5391;9;9;41;3;13;-2;4;0;0;0;1;0;0;35;18;13;8;59;56;58;60;18083;0;2251;97.5;3.2;4.2;37.2;37.8;286;293;49.4;-3.9;214;218;49.5;-3.8;1;10;4
5393;148;30;41;24;16;23;26;3;4;0;0;0;0;28;17;10;34;69;65;71;156;38194;7371;54;103.1;4.2;1.9;40.3;25.4;764;510;60.0;6.5;572;368;60.9;6.8;5;50;24
5394;139;19;25;2;6;12;17;0;0;0;0;1;0;33;6;13;44;67;50;87;25;25758;136;3121;104.5;3.9;2.2;29.1;24.9;382;311;55.1;2.7;285;238;54.5;1.6;0;0;0
5396;151;152;33;10;13;8;4;0;0;0;2;0;0;49;18;8;15;61;56;62;61;26199;45;2259;101.7;3.2;2.5;29.8;27.9;385;397;49.2;-2.0;292;286;50.5;-0.3;1;28;11
5397;135;2;39;20;18;23;18;0;0;0;0;0;0;53;8;14;12;76;66;78;108;35370;107;2731;99.8;5.1;2.7;38.0;20.2;697;364;65.7;5.2;512;256;66.7;5.3;3;528;274
5401;33;29;39;4;8;13;26;0;0;0;0;0;0;54;9;17;46;61;51;70;48;36901;2512;6771;104.1;3.8;2.5;32.8;33.9;591;641;48.0;-2.4;450;466;49.1;-2.2;0;0;0
5407;127;31;34;2;3;-9;22;0;0;0;0;0;0;39;7;9;12;60;51;70;65;36055;2005;2007;95.7;1.9;2.7;31.5;26.2;580;467;55.4;4.0;429;358;54.5;4.1;0;0;0
5410;142;23;39;11;11;28;26;4;1;0;0;0;0;67;14;19;36;71;57;85;123;45262;7665;2184;97.7;4.1;1.9;43.8;16.2;1050;379;73.5;1.7;772;282;73.2;0.9;4;1;1
5412;149;29;41;4;14;-32;36;1;0;0;0;0;0;71;15;19;125;72;58;83;70;50659;7568;2752;101.3;1.8;3.9;15.8;39.4;428;1057;28.8;-0.0;320;769;29.4;-0.0;0;0;0
5414;143;18;40;8;13;7;28;0;5;0;0;0;0;106;21;12;22;65;59;66;70;38699;2996;2436;105.4;3.3;2.4;26.1;34.4;505;640;44.1;0.1;377;480;44.0;0.1;0;62;26
5416;156;156;40;6;11;-12;8;2;3;0;1;0;0;64;37;16;19;65;61;67;48;31951;7755;106;95.8;1.9;3.0;27.5;27.2;384;378;50.4;0.3;279;287;49.3;-0.1;1;20;12
5418;153;152;41;3;22;27;10;0;0;0;1;0;0;49;8;13;91;69;52;87;76;42984;537;7051;101.6;4.3;2.2;38.0;22.7;806;492;62.1;6.4;601;369;62.0;5.4;0;0;0
5420;21;21;43;5;16;-9;10;2;3;1;0;0;0;38;24;18;18;64;58;67;46;32760;4168;3730;97.5;2.3;3.2;31.9;32.9;477;471;50.3;-1.3;345;349;49.7;-2.0;0;479;262
5422;7;7;43;6;10;-3;2;0;0;0;0;0;0;26;19;9;10;60;57;58;38;24069;132;1057;98.5;2.8;3.3;32.3;31.9;342;340;50.1;-1.2;243;248;49.5;-1.7;0;31;16
5424;137;28;42;7;11;-10;10;1;4;0;0;0;0;45;16;15;22;61;57;60;62;36707;4253;585;99.5;2.2;3.1;24.6;33.8;507;628;44.7;-3.6;371;464;44.4;-3.9;1;57;36
5425;148;30;37;2;11;10;18;0;0;0;1;0;0;58;11;21;67;62;51;73;74;42940;863;4689;99.4;3.1;2.3;35.2;25.0;752;559;57.4;3.5;561;404;58.1;3.2;1;0;0
5432;56;21;41;22;22;15;24;8;8;0;0;0;0;106;7;18;46;75;70;74;141;40327;10594;164;102.0;4.1;2.7;34.0;26.6;691;564;55.1;7.6;512;427;54.5;7.2;3;74;27
5439;130;14;17;2;3;-4;10;1;1;0;0;0;0;21;14;5;18;62;52;72;24;16124;1372;1271;98.5;2.0;2.9;25.0;30.6;211;251;45.7;-5.9;161;191;45.7;-6.5;0;0;0
5440;40;20;41;9;20;-3;32;6;4;0;1;0;0;56;16;22;103;73;58;87;115;42424;9753;8304;100.9;3.4;3.8;28.9;35.3;597;742;44.6;3.5;449;546;45.1;5.0;2;0;0
5441;7;7;42;4;7;-3;14;0;1;0;0;0;0;45;6;26;86;61;55;66;79;38906;244;2075;98.9;3.7;4.1;33.8;33.9;580;654;47.0;-6.1;421;426;49.7;-1.9;1;0;0
5442;141;25;44;15;20;15;18;3;3;1;0;0;0;44;15;6;22;64;61;61;116;38434;2584;739;97.0;4.1;2.9;37.9;20.9;739;429;63.3;2.7;536;322;62.5;1.3;1;3;2
5443;151;152;37;7;17;4;6;1;6;0;0;0;0;41;15;15;25;73;64;78;78;33388;6086;8;100.3;2.8;2.3;30.9;26.0;488;443;52.4;3.4;374;336;52.7;3.7;3;486;253
5444;26;26;44;6;10;-13;4;0;0;1;0;0;0;32;36;15;25;57;52;59;32;21902;117;2321;97.1;3.1;5.4;27.8;38.5;266;340;43.9;-5.1;191;262;42.2;-5.5;0;86;37
5445;19;19;40;3;11;-3;20;0;0;0;0;0;0;39;13;20;98;58;51;66;57;37749;169;1059;100.9;3.3;3.6;26.2;30.5;444;564;44.0;-5.1;317;378;45.6;-2.4;0;0;0
5446;47;0;41;5;3;-23;24;2;1;0;0;0;0;21;2;7;10;56;53;54;46;28691;2033;285;95.5;1.4;4.3;24.3;41.8;356;605;37.0;0.2;267;460;36.7;-0.4;0;50;29
5447;126;124;41;3;10;-2;13;0;1;0;0;0;0;35;3;16;36;60;52;66;77;41240;119;3145;95.6;2.4;2.6;31.4;22.0;709;490;59.1;4.3;507;353;59.0;4.2;1;0;0
5450;144;8;40;4;3;-7;6;0;0;0;0;0;0;22;7;6;3;56;52;58;24;19165;189;1405;99.9;2.6;3.9;23.9;35.3;238;331;41.8;-21.5;176;255;40.8;-22.8;1;18;5
5452;130;14;9;0;1;-3;2;0;0;0;0;0;0;11;2;1;4;60;52;66;19;8310;238;1087;94.9;2.6;3.9;31.2;29.0;134;121;52.5;-7.4;102;85;54.5;-7.8;0;0;0
5456;139;19;39;3;4;-2;16;1;0;0;0;0;0;45;8;7;15;58;49;68;28;33115;1396;1673;100.8;2.3;2.6;24.5;30.5;434;515;45.7;-8.4;326;374;46.6;-7.2;0;0;0
5459;45;28;44;4;10;5;18;0;0;0;1;0;0;64;8;15;29;58;49;70;70;45982;477;7359;100.9;3.0;2.6;30.8;29.4;773;673;53.5;-4.1;579;516;52.9;-5.2;0;4;0
5460;14;14;41;3;9;-14;32;1;0;0;0;2;1;55;7;25;42;59;55;59;70;43032;864;1698;97.1;2.7;3.9;33.9;36.5;671;635;51.4;1.5;476;490;49.3;0.4;1;0;0
5461;130;14;34;6;6;2;11;0;0;0;0;1;0;32;13;11;18;59;55;60;52;24973;174;2411;98.2;3.6;3.3;33.9;26.7;428;351;54.9;-0.6;322;259;55.4;-0.3;0;16;7
5463;56;21;39;6;8;3;32;0;1;2;0;0;0;45;10;5;21;59;55;60;51;38705;1854;3842;102.0;2.8;2.6;27.8;32.5;546;621;46.8;-4.4;404;470;46.2;-4.8;0;0;0
5465;23;23;41;2;6;-4;25;0;0;0;1;1;0;38;7;22;41;59;54;65;65;37960;136;3230;97.8;2.1;2.6;34.0;30.5;597;528;53.1;-0.2;434;384;53.1;-0.5;0;0;0
5469;144;8;43;21;30;13;14;5;12;0;0;0;0;40;12;20;26;74;66;77;125;43067;8621;1496;97.5;3.8;2.7;35.5;20.1;801;464;63.3;6.0;583;325;64.2;7.1;6;827;431
5472;147;9;38;5;12;-31;16;2;4;0;0;0;0;50;17;22;66;68;55;80;52;40553;8261;3875;99.0;1.5;4.2;17.8;43.8;353;900;28.2;-0.3;272;675;28.7;0.6;0;0;0
5473;27;27;41;17;24;8;27;5;7;0;0;0;0;48;34;30;17;69;67;73;101;37832;7145;202;101.0;4.1;3.2;37.8;32.8;626;584;51.7;2.6;464;397;53.9;6.5;2;657;356
5474;138;24;40;3;11;11;6;0;1;0;0;0;0;63;7;22;35;69;51;86;64;41398;524;5175;101.2;3.0;2.1;30.7;23.8;671;524;56.2;2.5;478;388;55.2;1.7;0;0;0
5475;128;20;33;3;6;-7;41;0;0;1;0;2;2;30;8;5;43;59;50;70;44;34730;189;4001;102.1;2.3;3.0;22.2;36.8;386;656;37.0;4.3;288;498;36.6;4.4;1;0;0
5476;135;2;6;0;0;-3;0;0;0;0;0;0;0;3;0;0;0;50;51;47;4;2373;32;0;92.8;3.0;7.6;30.3;44.0;32;41;43.8;-20.6;27;38;41.5;-25.3;0;8;5
5478;142;23;33;4;19;22;14;2;0;0;0;0;0;34;7;14;24;62;54;69;72;34128;1242;4159;99.5;4.4;2.1;43.1;19.6;718;333;68.3;-3.8;527;251;67.7;-4.8;1;0;0
5484;28;28;41;6;16;4;16;3;4;0;0;0;0;67;7;34;68;64;58;69;115;42884;4774;2305;101.3;3.6;2.8;35.3;31.2;665;604;52.4;-0.9;490;435;53.0;-0.0;1;0;0
5485;48;14;40;3;15;-16;14;0;0;0;0;0;0;35;10;23;64;62;52;73;59;40671;329;6667;96.2;2.5;3.9;29.7;32.1;606;659;47.9;-0.9;463;484;48.9;-0.4;0;0;0
5486;124;124;40;10;19;6;16;0;4;0;1;0;0;47;30;20;36;71;69;67;85;32480;1177;554;101.5;3.5;2.9;33.0;31.3;477;464;50.7;-1.3;355;324;52.3;0.6;3;12;7
5488;139;19;41;12;12;-3;28;0;0;0;0;2;0;93;16;9;5;57;55;53;72;33500;398;117;99.1;3.0;3.3;26.3;27.1;459;455;50.2;-2.0;349;344;50.4;-1.8;2;24;13
5489;17;17;21;2;7;-4;21;0;0;0;1;1;0;28;9;11;35;60;56;65;43;22035;83;1465;102.4;2.8;3.6;23.7;38.6;241;359;40.2;-4.4;173;276;38.5;-5.4;0;0;0
5490;55;9;36;6;13;10;6;2;1;0;0;0;0;41;11;10;59;62;51;71;73;36061;2298;4005;101.0;4.0;3.1;37.1;31.6;610;563;52.0;-2.2;485;432;52.9;-2.4;2;0;0
5494;19;19;7;0;3;0;2;0;0;0;0;0;0;8;2;2;4;58;56;58;18;6885;386;420;92.6;2.6;3.1;29.8;19.3;78;59;56.9;7.1;62;40;60.8;11.5;0;0;0
5495;12;12;14;7;3;8;7;0;0;0;0;1;0;7;10;6;3;60;58;60;22;8791;269;26;109.0;6.1;2.9;34.4;32.3;137;118;53.7;-0.4;97;86;53.0;-0.5;1;3;1
5496;142;23;8;0;0;-2;0;0;0;0;0;0;0;1;0;1;0;54;51;56;6;3833;3;27;87.9;0.9;2.8;32.9;18.8;77;31;71.3;-3.9;53;23;69.7;-5.9;0;12;7
5498;12;12;41;7;24;17;20;0;0;0;1;0;0;25;16;28;17;65;61;66;66;36676;1522;1574;101.0;4.2;2.6;41.8;28.1;690;460;60.0;4.2;509;340;60.0;4.8;2;492;256
5499;58;24;38;19;23;13;14;7;4;0;0;0;0;57;6;9;23;73;68;76;130;33547;9515;232;103.9;4.3;2.5;34.8;29.3;584;472;55.3;2.2;451;370;54.9;0.8;1;154;67
5500;130;14;41;4;21;16;10;1;5;0;0;0;0;57;19;9;44;74;58;89;111;42073;5965;3124;103.3;3.3;1.9;32.7;28.2;694;607;53.3;-1.8;528;458;53.5;-2.2;0;0;0
5502;140;17;32;18;15;-2;23;5;5;1;0;1;1;51;21;12;31;71;66;78;111;31858;5347;1303;101.8;2.5;2.5;24.3;29.6;402;516;43.8;5.2;292;391;42.8;3.3;3;50;23
5504;130;14;23;3;6;-3;8;0;0;0;0;0;0;20;12;4;17;63;56;69;30;17910;0;3263;98.7;2.8;3.6;26.9;30.8;242;275;46.8;-5.9;174;209;45.4;-7.9;0;107;50
5509;23;23;41;0;14;3;33;0;0;0;2;1;0;53;6;37;59;62;54;71;64;43514;575;5894;99.3;2.5;2.3;34.1;28.9;687;579;54.3;1.6;483;415;53.8;0.6;0;0;0
5510;56;21;41;5;7;8;16;0;0;1;0;0;0;36;10;16;39;65;56;73;55;29760;1773;3525;103.1;3.4;2.5;30.6;31.8;467;494;48.6;-1.9;358;366;49.4;-0.4;0;402;183
5511;143;18;40;2;2;-8;12;0;0;0;0;0;0;22;9;12;17;55;50;60;30;18408;142;6501;99.4;1.8;3.3;22.3;38.9;213;339;38.6;-6.5;157;256;38.0;-7.0;0;185;73
5513;133;26;34;4;10;10;23;0;1;0;0;1;1;26;10;6;21;59;55;59;47;30630;3035;0;103.6;3.8;2.5;31.9;30.1;471;460;50.6;3.4;351;335;51.2;3.6;0;0;0
5514;132;12;41;2;8;-6;16;0;0;0;0;0;0;44;8;19;77;64;51;79;47;40618;197;3932;99.8;2.4;2.9;25.4;30.5;531;622;46.1;-1.1;386;474;44.9;-2.2;0;0;0
5516;8;8;12;5;6;3;26;2;2;0;1;2;1;15;3;9;30;61;53;69;25;12254;1978;494;101.1;4.4;3.5;35.8;31.4;189;191;49.7;-6.4;149;126;54.2;-4.4;0;0;0
5518;38;25;33;1;4;-9;25;0;0;0;0;1;1;28;1;12;41;63;50;77;32;32188;616;5528;100.8;2.3;3.4;24.7;38.6;413;654;38.7;1.0;301;497;37.7;-0.1;0;0;0
5519;18;18;42;6;19;2;18;3;3;0;0;0;0;74;10;30;85;65;60;70;92;45730;5880;3636;99.5;3.5;3.3;37.6;33.2;754;672;52.9;1.3;549;490;52.8;2.4;0;0;0
5520;151;152;34;18;4;12;18;1;0;1;0;0;0;38;14;8;26;65;62;65;84;32588;1037;3258;101.2;3.4;2.2;29.4;21.1;477;385;55.3;6.5;353;278;55.9;6.8;2;76;33
5524;128;20;40;4;12;-24;12;1;5;0;0;0;0;59;13;11;46;66;56;75;72;42713;8105;3161;100.2;1.6;3.5;18.0;39.5;415;903;31.5;-3.2;310;662;31.9;-2.8;0;0;0
5525;43;17;42;10;6;-6;17;0;0;0;0;1;0;51;7;14;44;62;59;62;79;32558;437;6110;96.3;3.4;4.1;30.5;27.4;507;460;52.4;3.0;363;335;52.0;3.2;2;108;55
5527;136;10;37;10;22;14;14;0;0;0;0;0;0;51;13;12;32;68;67;63;74;37924;833;3633;101.2;4.1;2.9;34.2;27.3;671;513;56.7;4.8;493;391;55.8;3.2;1;118;52
5533;124;124;40;7;15;0;14;0;0;0;1;0;0;27;24;17;8;61;57;64;54;27005;112;5534;97.6;3.5;3.6;38.3;31.3;423;360;54.0;3.0;326;276;54.2;3.0;1;434;219
5534;44;30;43;16;12;5;16;1;1;0;3;0;0;33;11;8;44;64;60;64;74;34513;1564;3447;99.3;3.8;3.4;33.1;28.6;583;507;53.5;3.5;441;389;53.1;3.9;2;494;234
5535;152;152;37;1;5;-22;12;0;0;1;0;0;0;45;8;18;40;58;57;58;63;35725;777;1692;96.5;2.4;4.7;25.6;36.6;404;537;42.9;1.0;300;429;41.2;0.5;0;0;0
5537;140;17;41;15;17;8;28;1;3;0;0;0;0;63;20;13;36;69;59;77;95;36493;6777;514;104.7;3.6;2.6;28.3;31.3;534;580;47.9;5.8;397;441;47.4;5.0;1;72;36
5538;24;24;40;5;7;-13;12;0;0;0;1;2;1;46;33;14;33;62;56;66;33;22927;70;3906;92.9;2.2;4.4;29.5;30.3;294;337;46.6;0.5;208;223;48.3;1.3;2;77;39
5543;132;12;41;7;15;-1;12;1;4;0;0;0;0;57;9;6;17;64;60;65;69;33896;7829;397;103.0;2.9;2.5;25.3;30.6;418;531;44.0;-3.7;305;402;43.1;-4.4;1;11;4
5544;142;23;40;7;9;16;10;0;1;0;0;0;0;60;8;9;11;66;59;71;70;24355;320;5278;98.0;4.3;1.9;39.9;15.1;536;183;74.5;3.6;395;141;73.7;2.1;1;179;95
5545;143;18;40;8;13;1;47;0;0;1;0;1;0;75;7;17;9;63;58;61;59;35700;109;1202;100.7;3.0;3.1;28.6;31.8;472;555;46.0;2.7;377;420;47.3;4.8;0;476;239
5546;59;1;22;8;10;6;6;6;1;0;1;0;0;17;9;0;19;66;64;66;66;19094;5710;1953;103.6;4.3;3.0;33.6;32.2;315;284;52.6;-0.0;237;222;51.6;-2.7;0;0;0
5547;133;26;41;15;12;4;6;2;0;1;2;0;0;56;20;17;24;67;61;68;78;38249;2695;5468;101.6;3.6;3.5;28.4;31.8;572;599;48.8;1.1;409;443;48.0;-0.2;1;144;63
5549;29;29;42;4;6;3;6;0;0;0;0;0;0;8;10;14;8;57;52;61;22;16632;65;163;100.3;3.0;2.4;38.1;31.0;276;239;53.6;1.5;197;166;54.3;1.9;1;235;135
5551;146;0;36;4;8;3;19;0;0;1;2;2;1;80;13;12;73;60;51;69;46;42775;372;4598;102.2;2.0;2.0;24.3;33.2;556;690;44.6;3.7;404;515;44.0;1.3;0;0;0
5553;140;17;41;4;19;4;27;0;0;0;0;1;1;51;13;27;70;69;62;70;61;42268;687;3242;101.4;3.2;2.9;28.2;28.6;610;630;49.2;8.0;442;476;48.1;6.4;0;575;296
5557;47;47;30;6;12;-21;10;3;7;0;1;0;0;36;9;6;62;66;60;70;72;28020;6746;3823;96.4;1.9;4.5;27.2;42.0;345;577;37.4;-2.2;266;451;37.1;-2.4;1;0;0
5560;33;12;33;7;7;4;17;0;0;0;0;0;0;22;9;15;30;64;59;65;57;23814;671;2936;100.4;3.3;2.7;34.9;29.8;407;375;52.0;2.0;308;267;53.6;2.3;0;35;25
5561;126;124;41;6;18;4;22;0;2;0;1;0;0;27;19;21;44;68;59;76;102;34766;1998;3822;97.2;2.6;2.2;35.3;21.5;626;420;59.8;5.1;469;312;60.1;5.6;0;58;25
5562;3;3;7;0;2;0;7;0;0;0;0;1;0;0;1;3;2;55;52;59;3;3597;0;0;100.4;3.0;3.0;28.0;29.0;53;51;51.0;2.3;34;33;50.7;2.5;0;43;23
5564;139;19;9;0;1;2;21;0;0;0;0;1;0;7;2;3;3;61;55;67;12;7081;1389;454;105.2;2.0;2.0;18.8;36.1;86;136;38.7;-13.7;59;101;36.9;-15.2;0;0;0
5566;36;3;41;6;8;-24;16;0;1;0;0;0;0;22;4;5;30;57;56;53;44;28717;1368;229;93.8;2.1;5.1;26.7;36.2;379;529;41.7;-3.3;282;386;42.2;-2.5;0;12;4
5568;148;30;42;3;8;-1;31;0;0;1;0;1;0;76;15;11;25;69;58;77;68;34441;316;5227;97.1;2.4;2.7;31.4;25.8;514;486;51.4;-4.9;387;346;52.8;-4.0;0;52;19
5569;130;14;40;6;18;8;26;1;8;0;0;0;0;47;16;19;37;74;58;90;132;43096;7845;2591;99.0;3.4;2.8;34.2;25.1;729;566;56.3;1.9;553;415;57.1;2.6;2;0;0
5571;136;10;41;16;23;27;22;0;0;0;0;0;0;42;17;14;43;65;62;64;70;39602;1081;2415;104.4;4.7;2.3;35.2;25.2;720;521;58.0;6.1;534;377;58.6;6.5;1;23;10
5572;127;31;34;2;11;6;8;0;0;0;0;0;0;47;10;12;26;56;48;66;50;33707;38;4849;102.2;3.7;3.1;30.0;30.2;491;538;47.7;-5.2;368;397;48.1;-3.9;0;0;0
5573;135;2;38;4;10;9;13;1;0;0;0;1;0;38;8;15;29;66;54;79;84;37499;1396;2523;98.2;3.6;2.8;37.7;24.2;696;468;59.8;-4.2;519;328;61.3;-3.8;0;0;0
5574;130;14;39;5;14;6;6;1;3;0;0;0;0;16;4;4;1;61;56;64;44;19903;2655;784;102.9;3.8;2.7;30.2;28.0;285;295;49.1;-6.3;226;227;49.9;-6.1;1;239;128
5575;150;7;41;10;20;-34;51;4;7;0;0;2;0;41;13;16;50;73;63;76;106;43305;8045;1656;95.8;1.7;4.2;20.3;34.2;445;771;36.6;1.9;331;556;37.3;3.1;0;800;434
5579;25;25;42;10;10;-9;27;2;0;0;0;1;0;44;46;29;24;62;58;63;63;30961;330;2097;98.7;3.4;4.4;29.3;34.4;422;471;47.3;-0.3;307;340;47.4;1.2;1;42;20
5580;130;14;24;3;5;3;0;0;1;0;0;0;0;10;3;2;7;57;53;58;21;10963;1347;0;104.2;3.6;2.6;28.9;31.5;161;171;48.5;-8.9;120;129;48.2;-9.8;0;12;9
5581;138;24;40;5;9;1;22;0;0;0;0;0;0;44;21;12;31;57;50;60;43;26131;270;6069;99.0;3.6;3.4;28.5;25.5;393;351;52.8;-2.2;282;269;51.2;-3.7;0;120;46
5582;54;10;42;13;23;23;47;1;4;0;2;1;1;66;11;8;57;70;63;76;104;36329;4128;5280;103.5;4.6;2.4;35.8;25.9;647;459;58.5;2.8;497;346;59.0;3.6;2;55;20
5584;21;21;38;2;12;-3;10;0;1;0;2;0;0;45;6;22;53;60;57;62;49;32737;459;2523;98.0;3.3;4.0;35.1;34.9;530;516;50.7;-2.5;379;378;50.1;-4.2;1;0;0
5585;128;20;39;7;6;-9;20;2;0;0;0;0;0;29;15;14;60;65;57;72;47;39414;1625;2691;102.0;2.0;2.8;21.1;37.4;425;743;36.4;4.7;313;553;36.1;4.1;0;80;32
5586;136;10;33;5;11;-8;4;2;0;0;0;0;0;47;12;7;11;65;58;67;62;28556;2072;2170;98.7;2.9;3.7;27.6;31.0;432;425;50.4;-0.8;313;321;49.4;-1.0;0;464;231
5591;20;20;38;4;14;-5;18;0;5;0;0;0;0;28;16;32;47;60;55;65;91;38427;3347;2714;99.2;3.0;3.3;34.8;34.7;609;602;50.3;2.2;449;441;50.4;0.9;0;0;0
5592;151;152;13;0;4;3;6;0;0;0;0;0;0;19;1;1;2;58;53;58;11;6541;0;734;104.1;3.9;2.2;31.4;27.0;97;79;55.1;0.5;70;59;54.3;-0.3;0;3;0
5593;141;25;44;5;11;17;26;0;0;1;1;0;0;48;16;6;21;57;50;66;63;42813;171;2414;99.5;4.0;2.7;37.3;24.3;778;529;59.5;-2.7;582;403;59.1;-3.7;1;0;0
5594;130;14;41;5;20;26;28;0;3;0;1;0;0;39;14;12;54;68;60;74;76;43093;5853;3009;105.3;4.3;2.2;32.5;27.9;714;612;53.8;-1.1;532;465;53.4;-2.5;0;0;0
5595;151;152;17;5;3;-1;2;2;1;0;0;0;0;15;3;1;2;60;55;61;17;7678;1933;791;103.0;2.8;2.8;23.0;30.5;85;118;41.9;-8.4;61;83;42.4;-7.8;1;19;11
5599;58;58;41;6;12;15;50;2;0;0;1;0;0;78;12;14;42;60;53;68;99;41942;4233;5918;102.3;3.7;2.5;34.5;29.5;714;606;54.1;1.1;547;445;55.1;2.0;0;0;0
5600;129;27;41;6;6;1;6;0;1;0;0;0;0;44;16;9;27;66;52;78;57;32165;600;3271;103.1;2.8;2.7;26.6;36.2;417;603;40.9;-3.3;308;463;39.9;-3.7;1;104;41
5601;47;0;26;6;3;-5;9;0;0;0;0;1;0;12;5;4;4;55;51;51;18;12730;150;404;103.7;2.8;4.2;20.6;42.4;126;279;31.1;-6.8;98;221;30.7;-7.6;1;14;4
5605;30;30;40;13;11;7;30;7;4;0;0;0;0;69;7;50;50;68;64;73;142;43355;8553;2278;102.0;2.8;2.1;29.6;27.4;510;547;48.2;0.7;397;392;50.3;0.3;2;1;0
5611;146;0;39;13;23;4;28;4;4;0;2;0;0;63;10;33;37;75;62;82;73;40811;4863;4869;103.4;3.4;3.1;25.8;31.1;520;652;44.4;5.3;403;482;45.5;5.7;2;782;415
5612;56;21;41;3;8;9;14;1;0;0;0;0;0;25;5;5;12;57;52;59;31;18938;957;1826;105.4;3.6;2.3;29.1;32.3;276;334;45.2;-5.7;208;239;46.5;-3.9;1;21;10
5613;126;124;41;10;20;10;50;1;2;2;1;4;1;140;14;11;28;71;62;71;102;37293;1013;3483;99.3;3.3;2.5;34.9;24.9;671;472;58.7;3.6;507;362;58.3;3.4;2;524;253
5616;135;2;30;8;13;14;6;0;0;0;0;0;0;27;13;13;8;69;60;72;73;21765;433;2015;101.3;4.6;2.3;44.8;25.6;453;263;63.3;0.4;349;206;62.9;-1.8;1;302;152
5618;8;8;42;12;14;15;10;0;0;0;0;0;0;44;31;16;25;66;65;62;59;30753;37;2575;103.5;5.2;3.4;37.1;32.8;517;460;52.9;-3.0;373;325;53.4;-3.2;1;78;37
5619;18;18;42;19;27;26;19;2;3;0;1;1;0;64;52;19;40;73;70;73;93;33106;4972;4030;104.7;6.3;3.5;39.4;30.8;560;444;55.8;4.9;418;327;56.1;6.4;5;92;41
5622;130;14;26;3;3;6;7;0;0;0;0;1;0;17;3;3;5;57;52;60;20;10892;181;174;106.7;3.3;1.3;27.4;24.8;154;139;52.6;-0.1;117;102;53.4;-0.2;1;54;28
5623;127;31;42;5;15;-19;24;3;7;0;1;0;0;57;18;21;40;69;56;81;90;46521;6692;2436;95.8;2.2;3.7;28.1;30.6;725;715;50.3;-1.8;524;528;49.8;-1.4;0;0;0
5625;142;23;40;19;33;28;32;5;10;0;0;0;0;101;16;12;12;77;73;74;126;41208;7742;52;100.0;4.1;1.5;44.8;16.2;926;367;71.6;0.0;687;267;72.0;0.0;1;69;36
5626;10;10;14;1;5;-5;6;1;0;0;0;0;0;10;2;5;16;57;56;56;24;15241;320;621;97.6;3.3;4.5;30.2;33.5;192;227;45.8;-1.6;148;163;47.6;-0.3;0;0;0
5627;151;152;24;5;14;9;10;3;7;0;0;0;0;20;8;6;16;67;61;69;42;21553;4427;0;103.6;3.0;1.5;28.2;21.4;317;251;55.8;5.0;229;173;57.0;6.1;1;17;11
5632;3;3;41;10;14;-3;6;0;0;0;2;0;0;44;37;17;26;65;62;64;70;28331;438;1437;98.5;3.4;4.1;33.4;34.7;437;461;48.7;-0.2;313;328;48.8;-0.5;3;3;0
5633;151;152;27;4;9;-2;10;0;0;1;2;0;0;44;3;2;9;59;54;59;19;14174;130;2091;99.0;3.0;3.8;25.7;29.5;178;211;45.8;-3.6;134;161;45.4;-4.5;0;71;33
5635;127;31;21;1;4;-1;2;0;0;0;1;0;0;15;7;4;7;56;51;60;10;11198;3;3174;97.5;2.3;2.9;22.2;22.8;160;143;52.8;0.5;112;108;50.9;-0.5;0;103;35
5638;141;25;41;12;36;39;41;0;1;1;1;1;0;76;19;15;21;76;66;81;84;41380;1302;4766;106.8;4.3;1.1;34.6;19.5;743;439;62.9;1.2;551;313;63.8;2.2;6;100;51
5639;151;152;42;1;4;-5;10;0;0;0;1;0;0;48;17;7;52;55;49;62;39;38510;145;6649;98.4;2.4;3.1;26.5;28.7;502;609;45.2;-6.5;372;442;45.7;-5.9;0;0;0
5641;128;20;40;1;6;-36;22;0;2;0;0;2;2;39;7;29;84;57;50;65;34;39159;890;3493;95.4;1.4;4.7;20.4;41.5;413;816;33.6;0.0;311;615;33.6;-0.2;0;0;0
5644;128;20;37;1;5;-25;34;1;1;0;0;0;0;37;15;12;50;60;53;68;52;35283;3317;1554;98.4;1.1;3.6;17.3;44.3;343;802;30.0;-3.3;243;592;29.1;-4.3;0;0;0
5645;130;14;23;8;8;6;18;0;0;0;1;0;0;9;8;3;12;62;56;66;47;15990;38;2346;101.9;3.6;2.5;33.5;28.1;269;215;55.6;-3.2;189;162;53.8;-5.2;2;14;8
5646;37;27;41;4;17;-4;23;1;7;0;0;1;1;35;9;15;56;72;64;77;105;40100;11884;3574;101.7;2.6;2.7;27.2;34.0;540;698;43.6;-3.6;407;531;43.4;-3.9;1;0;0
5647;132;12;41;3;11;3;20;0;0;0;0;0;0;50;11;10;17;58;53;57;44;33232;15;2154;103.6;3.1;2.8;26.1;33.3;457;509;47.3;0.7;329;397;45.3;-1.5;0;44;18
5651;36;3;32;9;5;-15;24;6;3;0;0;0;0;46;10;8;11;69;63;72;88;24455;7593;62;95.0;1.6;3.7;29.1;34.7;379;418;47.6;6.2;276;314;46.8;5.0;2;22;13
5652;24;24;41;15;7;-8;19;4;0;0;0;1;1;51;42;12;25;66;65;64;78;33675;3462;52;100.3;2.8;3.3;26.9;33.0;408;519;44.0;-2.5;300;364;45.2;-2.0;1;9;4
5653;9;9;41;4;9;23;9;0;0;1;1;1;0;25;6;23;74;57;51;65;51;39825;77;468;104.4;5.1;3.2;36.6;33.4;645;623;50.9;-2.8;467;421;52.6;-0.2;0;0;0
5654;135;2;18;2;4;7;9;0;0;0;0;1;1;21;6;5;2;61;55;66;25;11616;1565;133;101.8;3.4;1.2;35.9;16.1;215;121;64.0;2.8;154;75;67.2;5.0;0;2;2
5656;40;20;40;5;16;-10;10;3;7;0;0;0;0;23;10;6;26;62;57;66;65;28344;7021;648;100.2;2.4;3.7;24.8;38.7;368;516;41.6;-0.1;276;396;41.1;-0.1;2;50;27
5659;142;23;23;2;6;15;4;1;0;0;0;0;0;13;7;9;1;62;57;64;36;14298;1237;142;105.7;4.8;1.0;43.1;18.6;328;127;72.1;2.2;240;92;72.3;1.9;1;13;7
5661;50;26;13;1;6;1;8;0;0;0;0;0;0;21;0;3;14;59;54;62;22;12884;331;1684;100.2;3.6;3.4;34.9;33.0;212;193;52.3;-3.0;164;139;54.1;-1.3;0;0;0
5664;26;26;44;6;12;-37;44;5;4;0;0;4;1;47;9;28;32;59;55;61;106;43627;5346;4843;95.4;1.8;4.2;28.3;38.4;583;652;47.2;-1.5;410;523;43.9;-4.2;1;0;0
5665;143;18;40;1;4;-11;14;0;1;0;0;0;0;28;11;11;13;58;54;59;56;28837;2160;109;96.5;1.5;2.9;26.1;31.0;386;454;46.0;2.5;290;339;46.1;2.9;1;15;7
5669;24;24;38;3;5;-12;2;0;0;0;0;0;0;13;32;17;12;56;52;60;31;19748;1;1430;95.8;2.2;4.4;25.5;34.3;220;317;41.0;-6.0;169;214;44.1;-3.5;1;210;109
5670;41;41;38;15;21;-10;29;8;15;0;0;0;0;30;5;5;23;70;66;72;121;20085;9256;528;95.5;2.2;3.6;32.6;32.4;320;329;49.3;0.3;233;243;48.9;0.5;3;517;291
5671;134;21;39;19;18;-6;20;8;5;0;0;0;0;75;17;18;38;76;68;77;120;39085;7904;3010;100.1;3.0;3.3;30.1;33.2;577;647;47.1;4.4;434;503;46.3;3.8;3;116;60
5672;21;21;15;0;4;-2;6;0;0;0;0;0;0;20;2;5;27;58;55;59;17;13987;134;624;99.7;4.1;4.6;32.2;35.3;216;225;49.0;-4.9;148;154;49.0;-6.1;0;0;0
5674;57;12;40;20;10;23;20;0;2;1;0;0;0;46;9;16;20;70;61;74;103;33348;1172;5992;103.6;4.2;1.8;39.6;26.2;649;425;60.4;5.8;490;321;60.4;6.3;4;503;269
5677;130;14;28;2;6;6;4;0;0;0;0;0;0;13;5;3;5;57;52;61;17;11141;60;21;106.7;3.6;1.6;26.8;24.6;154;141;52.2;-0.1;117;106;52.5;-0.8;0;60;32
5682;8;8;42;4;11;20;29;0;0;0;0;1;1;57;17;18;74;61;55;66;75;46159;392;1537;102.8;4.3;2.7;38.8;33.0;748;670;52.8;-3.7;575;488;54.1;-2.8;1;0;0
5683;139;19;7;0;1;1;2;0;0;0;0;0;0;7;3;0;3;55;49;60;8;6460;0;248;102.6;3.3;2.8;31.2;34.5;90;107;45.7;-17.5;74;78;48.7;-12.5;0;0;0
5686;56;21;41;6;14;14;18;1;3;0;0;0;0;37;6;10;44;64;54;75;77;34272;1377;2890;103.9;4.2;2.9;31.3;31.0;552;545;50.3;0.4;393;418;48.5;-1.8;0;0;0
5687;148;30;42;3;12;-8;8;1;5;0;0;0;0;48;5;9;10;63;58;66;94;30387;7591;45;95.6;2.1;2.8;34.0;26.7;499;424;54.1;-1.4;381;317;54.6;-1.6;0;43;17
5688;136;10;41;9;16;-7;14;5;7;0;0;0;0;62;14;17;18;61;57;64;87;37121;6926;1610;96.8;2.5;3.2;30.8;28.1;592;532;52.7;-1.9;439;399;52.4;-2.6;1;32;17
5689;130;14;42;8;31;15;14;2;7;0;0;0;0;40;18;19;33;69;64;72;79;37277;4848;1970;103.3;3.4;2.0;32.3;28.1;607;521;53.8;-0.5;458;394;53.8;-1.2;1;566;297
5694;154;154;43;9;13;-13;40;3;5;1;1;2;1;105;53;18;20;68;65;69;100;37488;7048;1638;97.2;2.1;3.3;25.7;29.8;409;496;45.2;-5.9;315;368;46.1;-6.0;2;47;24
5697;131;1;12;0;5;4;17;0;0;0;0;0;0;15;8;2;16;70;54;85;31;10813;0;2037;95.7;3.7;2.3;43.6;18.3;228;105;68.5;-6.7;177;76;70.0;-6.3;0;0;0
5699;57;12;34;9;5;1;10;2;3;0;0;0;0;18;7;4;4;60;55;63;41;15279;3088;844;100.2;3.5;3.1;34.4;30.4;277;250;52.6;-3.1;196;191;50.6;-5.1;4;112;62
5702;134;21;35;2;7;-9;10;0;0;0;0;0;0;32;13;10;44;69;55;83;57;36521;1272;2859;97.8;2.0;2.8;27.3;29.3;518;600;46.3;-4.4;375;432;46.5;-3.3;1;0;0
5703;127;31;34;2;6;-2;27;1;1;0;0;0;0;21;4;4;9;59;55;60;34;15946;2842;0;100.5;2.0;2.3;25.3;29.8;205;248;45.3;-7.7;155;183;45.9;-6.2;1;26;17
5704;8;8;27;4;3;-4;6;0;0;0;0;0;0;18;11;5;5;58;56;57;30;12970;0;105;96.1;2.8;3.9;32.8;31.4;193;185;51.1;-5.8;143;135;51.4;-6.8;1;5;3
5705;136;10;36;1;7;-10;33;1;1;0;0;1;0;51;4;13;27;62;56;67;62;28411;4298;420;94.8;1.9;3.0;32.7;27.6;473;422;52.8;0.0;359;303;54.2;2.0;0;367;184
5710;151;152;23;5;6;-6;6;2;2;0;0;0;0;29;22;4;9;64;59;69;47;20790;3113;0;97.2;1.9;2.8;25.3;26.8;275;307;47.3;-0.2;193;231;45.5;-1.7;1;1;0
5713;25;25;42;10;12;-19;10;2;5;0;0;0;0;31;32;31;17;63;60;63;74;29270;7861;24;95.5;2.6;4.2;31.4;33.0;431;435;49.8;2.9;311;314;49.8;4.2;1;500;238
5714;19;19;40;4;11;2;10;0;0;0;2;0;0;58;12;12;38;60;57;62;68;40380;451;1355;102.0;3.2;3.0;27.1;30.7;491;586;45.6;-3.0;358;412;46.5;-1.2;0;0;0
5716;59;1;23;3;2;-4;2;0;0;0;0;0;0;7;3;3;16;58;52;61;23;10004;25;404;95.9;2.5;4.3;27.0;32.0;142;149;48.8;-1.6;98;106;48.0;-3.4;0;92;51
5718;151;152;11;0;5;-2;2;0;0;0;0;0;0;14;1;1;4;56;52;55;3;6047;0;41;99.5;3.6;4.8;25.0;32.1;86;98;46.7;-0.5;57;70;44.9;-2.9;0;11;2
5719;143;18;40;6;20;18;14;0;0;0;1;0;0;97;15;14;29;67;58;69;68;40651;1202;1728;106.5;3.5;2.1;27.1;33.9;553;657;45.7;2.5;404;507;44.3;0.7;2;626;314
5720;133;26;36;4;9;-3;4;0;1;0;0;0;0;54;12;13;18;61;57;63;78;37122;883;2766;99.3;2.8;3.1;30.2;30.8;577;566;50.5;3.0;426;415;50.7;3.1;1;0;0
5724;145;3;19;4;6;10;8;0;0;0;0;0;0;16;8;7;30;67;50;84;22;18570;273;2188;104.0;3.5;1.6;32.0;22.5;330;199;62.4;-6.4;236;152;60.8;-6.8;2;0;0
5726;12;12;41;8;17;6;14;2;0;0;0;0;0;49;10;33;17;61;59;61;101;43386;1095;913;98.2;3.7;3.2;38.2;28.0;766;548;58.3;1.9;548;403;57.6;1.6;1;4;3
5727;134;21;41;8;10;-3;12;2;5;0;0;0;0;38;18;12;37;64;59;62;70;38306;5689;1292;101.9;3.2;3.2;29.5;35.9;544;693;44.0;1.3;403;536;42.9;-0.3;0;32;18
5729;34;2;30;10;13;-12;12;5;3;0;1;0;0;47;18;13;25;67;58;77;102;26081;8505;2680;99.3;3.5;4.8;28.0;37.1;369;469;44.0;-6.9;285;360;44.2;-7.7;0;0;0
5730;2;2;44;6;15;0;12;0;1;0;1;0;0;36;28;18;35;62;56;66;54;22021;114;6931;100.1;3.9;3.9;30.6;30.7;317;321;49.7;-4.8;233;212;52.4;-2.7;0;130;60
5731;41;41;40;6;4;3;10;0;0;0;1;0;0;23;4;5;9;57;54;58;44;19562;939;598;99.9;3.1;2.6;32.0;26.1;324;255;56.0;7.1;231;192;54.6;6.1;0;14;8
5733;33;29;10;1;2;0;4;0;0;1;0;0;0;9;1;3;14;67;52;83;10;8822;505;1409;100.2;3.3;3.7;29.8;34.3;139;149;48.3;-3.6;112;110;50.5;-2.3;0;0;0
5735;0;0;43;4;4;-23;6;0;0;0;0;0;0;28;17;26;22;60;56;63;40;32276;652;773;93.2;1.3;3.9;25.8;32.6;368;471;43.9;-2.8;276;338;45.0;-2.8;1;337;160
5736;25;25;42;5;13;-15;25;0;1;0;0;1;1;30;33;31;18;62;58;65;62;37926;2237;2263;96.9;2.2;3.6;31.5;36.1;541;562;49.0;2.1;395;437;47.5;1.4;1;425;213
5737;143;18;35;6;19;3;18;1;3;1;1;2;0;53;17;21;66;68;54;80;79;41035;6535;2640;103.0;3.0;2.8;25.3;31.8;490;647;43.1;-2.9;370;492;42.9;-2.3;1;0;0
5738;151;152;12;4;2;-4;0;1;0;0;0;0;0;8;3;3;1;60;56;58;17;9915;770;278;94.3;2.2;3.6;28.7;27.2;156;150;51.0;0.1;118;106;52.7;1.7;0;5;2
5741;131;1;31;8;18;22;14;0;1;1;2;0;0;46;5;4;11;77;64;88;129;34512;1513;1936;98.9;3.8;1.8;42.2;17.8;755;334;69.3;-1.0;564;245;69.7;-0.2;0;0;0
5744;144;8;43;7;8;4;28;0;2;0;0;0;0;66;19;21;81;59;51;68;74;46187;1290;4654;96.9;3.3;2.9;34.9;23.1;853;570;59.9;1.1;642;413;60.9;2.4;0;0;0
5746;123;31;38;8;11;9;35;0;0;0;0;1;1;29;10;5;39;64;60;63;62;31311;424;6495;103.1;3.6;2.5;33.8;34.0;542;541;50.0;3.1;398;391;50.4;3.3;1;201;103
5747;142;23;10;0;1;1;2;0;0;0;0;0;0;3;0;1;2;57;52;58;9;4042;0;483;92.5;2.7;1.8;39.2;12.5;88;36;71.0;3.7;67;26;72.0;3.2;0;9;3
5748;45;28;37;4;20;13;19;0;1;0;0;1;0;58;7;16;120;72;54;90;42;39328;1569;6249;100.6;3.8;2.7;36.6;26.7;749;523;58.9;1.5;562;392;58.9;1.1;0;0;0
5750;142;23;39;20;39;33;12;4;11;0;0;0;0;35;14;16;33;77;74;84;151;36326;7955;23;103.6;4.7;1.2;43.6;16.7;805;341;70.2;-1.5;586;241;70.9;-1.2;2;676;359
5751;148;30;39;9;18;19;24;0;1;0;0;0;0;24;11;15;21;71;65;73;71;33243;1745;2020;102.9;4.1;2.1;35.4;23.5;634;403;61.1;5.9;463;295;61.1;5.0;0;149;67
5754;142;23;18;5;10;14;2;2;3;0;0;0;0;12;7;1;6;64;62;63;43;11331;3145;264;101.9;6.7;2.2;44.8;17.2;257;112;69.6;-5.5;191;79;70.7;-4.7;1;17;7
5755;151;152;11;2;1;2;2;0;0;0;0;0;0;12;4;1;4;61;56;63;14;8735;1119;0;106.3;3.3;2.1;25.1;30.1;111;135;45.1;1.2;87;108;44.6;0.2;0;0;0
5756;127;31;24;2;10;0;10;2;4;0;0;0;0;7;10;3;12;60;53;67;28;14751;3044;179;100.7;2.2;2.0;30.0;29.3;211;227;48.2;-7.1;162;174;48.2;-6.0;0;217;100
5758;130;14;37;17;17;6;8;7;4;0;0;0;0;80;14;21;26;71;65;71;110;36143;5856;1940;100.0;2.9;2.4;30.5;25.1;589;465;55.9;1.6;426;354;54.6;-0.9;2;661;332
5761;17;17;42;1;7;-9;26;0;0;1;1;2;1;46;17;30;52;58;53;64;56;43139;566;4560;100.3;2.3;3.1;26.8;38.1;540;703;43.4;-0.5;376;521;41.9;-0.9;0;0;0
5763;129;27;41;6;3;-5;34;0;0;0;0;0;0;51;12;13;23;60;54;62;66;35815;592;2013;101.8;2.0;2.4;24.1;36.9;457;639;41.7;-2.2;321;494;39.4;-4.5;3;12;5
5764;126;124;41;12;19;-6;21;1;7;0;0;1;0;73;12;14;21;69;60;75;91;36324;7962;160;97.1;2.8;3.1;32.6;27.0;625;486;56.3;0.1;463;356;56.5;0.8;3;603;293
5765;40;20;26;3;10;-20;44;2;4;1;0;0;0;40;11;12;28;64;57;71;43;22539;5048;1823;94.8;1.1;4.6;20.6;43.4;244;462;34.6;-8.3;166;359;31.6;-11.7;1;0;0
5767;57;12;35;11;11;2;18;4;4;0;0;0;0;18;10;2;21;65;59;68;74;26727;5618;361;98.5;3.4;2.7;36.4;25.1;483;351;57.9;1.0;362;261;58.1;2.2;3;47;22
5768;141;25;30;10;14;-1;10;2;6;0;0;0;0;43;12;8;28;73;64;78;71;22490;6124;259;93.8;3.7;3.7;38.7;23.4;439;262;62.6;-0.1;319;197;61.8;-1.4;1;20;8
5769;59;1;30;7;17;-1;32;4;8;0;1;0;0;33;10;6;42;77;66;86;107;29340;7871;2247;99.0;2.9;2.9;32.8;29.6;475;457;51.0;1.3;369;330;52.8;2.6;0;0;0
5772;123;31;26;4;7;10;22;0;3;0;0;0;0;26;3;11;33;67;59;73;37;19636;2764;2848;106.3;3.9;2.0;32.6;36.5;322;360;47.2;0.1;237;272;46.6;-1.3;2;292;167
5773;134;21;36;5;7;-14;16;0;0;0;0;0;0;47;10;17;63;69;61;74;72;37926;6600;4427;97.9;2.3;3.5;27.0;33.3;517;634;44.9;1.9;391;474;45.2;2.4;0;0;0
5774;140;17;41;6;8;-8;18;0;0;0;1;0;0;77;14;20;78;66;51;80;63;46580;201;5641;98.7;3.4;4.1;25.9;28.4;650;723;47.3;5.5;458;518;46.9;4.7;0;0;0
5775;142;23;40;11;12;24;12;0;1;0;0;0;0;38;11;18;15;68;62;71;106;30956;1300;1096;101.2;4.4;1.6;46.3;19.5;733;285;72.0;0.6;547;213;72.0;-0.0;3;12;7
5778;152;152;33;3;11;-13;10;0;0;0;0;0;0;26;25;17;13;60;55;60;40;25004;1214;150;95.7;2.6;4.3;26.6;30.8;270;323;45.5;4.8;219;252;46.5;8.0;0;280;145
5779;27;27;41;6;13;7;13;0;0;1;0;1;0;25;21;5;14;61;58;59;47;21908;141;772;102.7;3.5;2.6;33.4;34.5;354;344;50.7;1.0;235;251;48.4;-1.1;0;1;0
5780;47;0;28;0;3;-33;34;0;0;0;0;0;0;42;12;6;49;55;48;63;14;24521;372;5139;93.7;1.8;6.6;22.3;46.4;253;563;31.0;-5.8;192;426;31.1;-6.4;0;0;0
5784;43;17;38;7;6;0;39;1;1;0;0;0;0;28;5;4;8;61;57;59;62;26613;969;2795;97.9;2.8;2.8;32.7;26.2;444;371;54.5;4.9;323;273;54.2;5.0;1;398;204
5785;25;25;41;0;11;-7;9;0;0;0;0;1;0;48;6;28;67;62;55;66;53;38976;301;6670;98.9;2.6;3.3;31.7;35.7;554;578;48.9;2.0;403;443;47.6;1.6;0;0;0
5786;129;27;41;9;27;-3;10;3;9;0;0;0;0;27;23;21;44;76;65;82;120;41730;8817;2530;99.4;3.1;3.3;29.2;29.2;647;625;50.9;11.3;475;462;50.7;11.9;1;805;406
5788;143;18;30;1;4;2;14;0;0;0;0;0;0;39;7;11;33;57;47;69;41;28343;599;3254;102.6;2.4;2.2;27.6;35.3;382;454;45.7;1.0;293;359;44.9;0.4;0;0;0
5789;29;29;42;7;19;23;24;1;2;0;0;0;0;39;11;35;155;66;53;80;89;47775;1419;4567;103.6;3.8;2.0;36.3;30.1;806;730;52.5;0.4;580;476;54.9;3.5;1;0;0
5790;132;12;41;5;11;2;18;0;0;0;0;0;0;59;7;11;13;65;59;66;52;33351;308;2108;102.9;2.8;2.6;24.9;30.9;443;497;47.1;0.4;322;380;45.9;-0.7;1;59;25
5792;145;3;40;3;12;10;8;1;4;0;0;0;0;78;31;19;13;64;58;65;88;39000;2015;1731;97.9;2.6;1.7;37.1;18.3;746;385;66.0;1.2;526;289;64.5;0.2;0;40;16
5796;139;19;42;11;21;11;24;0;0;0;0;0;0;48;14;17;22;81;64;89;102;44472;1784;4515;100.0;3.3;2.4;30.4;22.2;724;511;58.6;10.8;540;378;58.8;11.1;3;633;337
5798;55;9;15;1;4;0;14;0;0;0;0;0;0;15;2;0;4;57;52;57;10;8377;140;512;103.0;3.0;3.0;21.9;27.9;100;132;43.1;-5.9;70;98;41.7;-8.1;0;11;6
5801;150;7;41;6;9;-24;12;0;1;0;0;0;0;59;13;13;33;59;54;58;48;41486;1216;5038;98.3;1.4;3.5;18.0;37.0;382;784;32.8;-3.8;286;578;33.1;-3.2;1;41;17
5802;116;116;33;6;28;27;47;4;8;0;0;1;0;56;8;29;45;77;59;93;93;32194;8574;6555;101.1;5.1;2.0;41.3;17.7;729;264;73.4;9.3;527;200;72.5;9.3;1;1;0
5803;135;2;22;1;2;-3;2;1;1;0;0;0;0;15;4;3;8;58;51;62;13;9888;1264;93;96.4;1.5;2.5;28.0;29.1;157;151;51.0;-13.6;109;105;50.9;-14.6;1;56;36
5805;143;18;40;11;12;-10;26;5;5;0;0;0;0;57;8;8;37;65;57;69;65;32713;7715;344;98.9;1.7;2.6;23.8;32.8;411;549;42.8;-1.7;296;405;42.2;-2.3;1;572;262
5807;47;47;18;0;5;-4;18;0;0;0;0;0;0;6;3;3;19;59;52;65;6;6358;0;4379;103.7;2.8;5.1;20.4;49.8;65;166;28.1;-10.4;53;119;30.8;-7.0;0;144;62
5809;132;12;41;7;11;-3;16;0;0;0;0;0;0;90;14;15;19;69;59;70;62;35701;295;6441;99.9;2.5;2.8;26.5;29.5;497;520;48.9;2.8;364;387;48.5;2.8;0;436;229
5811;142;23;7;0;2;4;0;0;0;0;0;0;0;5;0;5;12;74;55;94;19;7242;468;428;101.8;3.0;0.5;43.7;9.9;167;46;78.4;7.0;123;27;82.0;9.1;0;0;0
5814;151;152;11;2;0;-6;4;1;0;0;0;0;0;6;6;1;8;56;52;57;13;5508;204;742;89.3;1.3;5.2;19.6;30.1;52;85;38.0;-12.2;40;68;37.0;-13.1;0;16;7
5819;123;31;36;14;10;-8;26;5;4;0;0;0;0;54;16;4;31;67;62;71;106;30907;7044;1454;98.8;2.3;3.0;32.8;36.7;503;556;47.5;0.2;387;432;47.3;-0.4;2;58;20
5823;136;10;35;4;8;11;36;0;0;0;0;0;0;41;12;5;19;66;58;73;76;33533;1852;1594;101.8;3.9;2.6;33.3;26.3;579;440;56.8;3.4;428;329;56.5;2.7;1;0;0
5824;133;26;41;4;31;0;12;1;10;1;0;0;0;54;11;25;78;84;66;93;105;44216;8611;5009;98.1;2.9;3.1;32.6;28.5;697;627;52.6;6.9;529;477;52.6;6.8;1;0;0
5825;58;24;41;8;4;6;14;1;0;0;0;0;0;36;18;2;20;54;50;57;55;37826;627;3631;100.8;3.4;2.9;34.4;31.2;617;593;51.0;-3.5;479;435;52.4;-2.1;0;0;0
5827;57;12;40;6;17;28;23;1;2;0;1;1;0;41;14;16;56;78;51;95;87;42172;1065;6612;104.5;3.8;1.5;35.5;24.3;756;517;59.4;4.7;577;387;59.9;6.0;2;0;0
5828;37;27;40;1;6;-3;24;0;0;1;0;0;0;89;4;13;39;56;48;64;53;37984;269;8054;100.0;2.7;3.3;29.7;35.7;526;659;44.4;-3.0;406;500;44.8;-2.6;0;0;0
5839;54;10;16;2;5;4;10;0;0;0;0;0;0;15;5;5;20;63;53;74;17;15616;316;1833;105.2;3.7;2.8;28.4;35.5;239;278;46.2;-14.0;178;210;45.9;-14.3;0;0;0
5840;54;10;39;21;24;6;24;8;9;0;0;0;0;55;11;15;24;71;66;74;124;31918;11011;120;99.6;3.9;2.7;37.9;25.0;643;417;60.7;4.9;472;306;60.7;5.2;3;27;16
5852;53;8;25;5;4;2;12;0;0;0;0;0;0;50;3;2;9;57;53;55;22;15506;0;1523;101.7;3.9;3.5;29.7;29.9;209;244;46.1;2.7;168;172;49.4;6.2;0;22;10
5857;19;19;41;6;28;8;14;1;5;0;0;0;0;49;35;14;19;67;68;62;85;37271;2711;150;101.4;3.8;2.9;34.6;30.6;545;513;51.5;4.6;410;376;52.2;4.2;2;7;4
5858;8;8;42;6;22;13;16;0;2;1;0;0;0;74;14;40;48;61;54;67;110;51627;884;3709;99.4;3.9;3.1;38.4;28.4;875;637;57.9;4.2;647;486;57.1;1.8;2;1;0
5859;2;2;44;8;17;20;26;2;8;0;0;0;0;76;8;46;52;67;61;73;133;49080;8713;1121;102.6;3.9;2.2;35.2;26.0;742;630;54.1;0.6;553;426;56.5;2.8;1;0;0
5860;28;28;41;13;16;-9;25;2;3;0;0;1;0;38;44;25;21;68;69;65;121;35246;5398;252;96.9;3.4;3.8;37.6;31.4;573;472;54.8;2.5;424;358;54.2;1.7;0;188;99
5861;7;7;43;14;16;-18;24;2;6;0;0;2;0;56;46;22;22;67;65;64;125;35983;6193;456;96.3;2.8;4.2;31.7;33.5;527;556;48.7;-3.4;367;386;48.7;-2.9;2;3;1
5862;21;21;14;4;4;-2;9;0;0;0;0;1;0;20;11;9;8;65;60;65;25;12951;128;94;98.3;2.5;3.1;31.1;31.4;197;184;51.7;-2.0;131;134;49.4;-4.2;1;14;7
5863;0;0;43;20;25;-3;54;3;11;0;0;2;1;58;51;28;38;75;76;70;144;44735;5509;29;100.1;3.5;3.6;34.1;35.2;625;677;48.0;2.9;476;506;48.5;1.9;2;1;1
5864;19;19;41;4;10;6;14;0;0;0;0;0;0;55;31;15;5;64;61;61;56;30870;188;1283;104.1;3.0;2.3;28.3;35.3;375;459;45.0;-4.6;278;366;43.2;-5.4;2;7;5
5865;7;7;43;10;24;15;25;0;0;1;2;1;0;27;21;27;25;65;62;67;53;43456;1656;1486;102.7;4.1;2.8;37.2;34.1;730;644;53.1;2.9;534;472;53.1;3.3;2;515;274
5866;3;3;41;9;14;-8;31;3;5;0;0;1;0;48;14;28;91;64;58;71;120;45973;6599;968;99.8;3.3;3.5;34.7;36.6;708;766;48.0;-1.2;523;550;48.7;-0.7;1;0;0
5867;3;3;41;12;26;-1;8;0;1;0;0;0;0;46;50;21;28;65;64;63;92;36578;1792;516;99.5;4.1;4.0;36.3;33.9;573;591;49.2;0.6;429;412;51.0;2.5;2;6;2
5868;23;23;41;16;17;1;18;7;6;0;0;0;0;83;70;25;15;73;71;73;112;36613;7406;0;100.2;2.3;1.9;32.7;27.8;564;474;54.3;1.6;389;333;53.9;0.6;3;0;0
5869;29;29;42;20;21;6;27;2;5;0;0;1;0;46;50;30;41;71;72;68;138;39166;4188;187;101.1;4.2;3.5;37.0;34.0;681;605;53.0;1.0;481;425;53.1;0.7;3;5;1
5870;23;23;41;7;3;-12;12;0;0;0;0;0;0;46;36;14;9;63;60;62;67;24026;1247;1352;94.8;2.1;3.7;33.6;32.8;369;352;51.2;-2.5;273;262;51.0;-3.0;1;20;11
5871;26;26;41;2;10;-14;16;0;0;1;1;0;0;70;11;27;48;62;58;64;85;43470;1078;2243;96.4;2.7;4.1;34.5;35.9;674;640;51.3;2.3;497;505;49.6;1.1;0;0;0
5873;14;14;42;2;12;10;12;0;0;0;0;0;0;50;12;19;81;58;51;67;59;45265;373;5029;101.9;4.1;3.4;36.2;35.9;742;723;50.6;0.7;537;537;50.0;1.9;0;0;0
5874;10;10;39;7;12;-8;8;1;0;0;1;0;0;38;30;19;19;65;63;62;62;32136;1522;989;98.9;2.2;3.1;28.0;34.6;429;478;47.3;-1.3;296;364;44.8;-3.1;0;24;13
5875;25;25;6;1;2;0;8;0;0;0;1;0;0;9;2;10;6;63;55;73;11;5807;93;408;98.1;2.5;3.1;29.1;29.8;83;81;50.6;7.1;57;57;50.0;6.4;0;0;0
5876;20;20;42;24;25;6;22;8;6;2;1;0;0;34;58;73;31;72;60;84;134;42875;9242;5739;100.8;3.4;2.9;34.7;31.3;623;619;50.2;2.7;474;447;51.5;3.5;4;837;461
5877;27;27;41;8;9;-7;16;0;0;0;1;0;0;39;19;21;21;62;58;63;47;29247;29;1533;97.9;2.8;3.7;34.8;36.2;462;482;48.9;-1.2;332;344;49.1;-0.2;0;104;58
5878;7;7;43;6;6;1;8;0;0;0;1;0;0;31;23;22;25;63;56;69;57;21906;98;6008;99.3;2.3;2.3;34.5;31.1;323;293;52.4;1.5;235;215;52.2;1.5;0;112;41
5879;152;152;37;6;5;-8;13;0;0;0;0;1;0;47;31;11;9;61;60;58;43;26302;0;242;97.2;2.1;3.1;28.9;31.8;326;366;47.1;5.7;243;277;46.7;6.7;1;3;0
5880;57;12;36;5;13;6;10;0;2;0;0;0;0;25;10;10;27;68;59;73;58;29896;1875;6340;100.2;2.4;1.7;32.9;23.7;496;373;57.1;-0.4;364;282;56.3;-1.0;1;455;244
5881;9;9;41;5;13;-8;10;0;0;0;1;0;0;43;24;21;13;62;58;62;55;28839;1895;751;96.0;2.5;3.6;32.5;31.0;396;357;52.6;4.4;296;279;51.5;4.7;0;324;165
5882;21;21;40;5;14;3;51;2;3;0;0;2;1;57;16;50;88;64;55;75;89;45605;3746;5350;99.6;3.4;3.0;36.0;30.6;700;631;52.6;-0.7;522;440;54.3;0.9;0;0;0
5883;59;1;19;7;4;2;8;2;1;0;0;0;0;8;2;1;1;59;55;60;18;9849;288;136;103.5;4.0;3.3;29.2;32.2;148;142;51.0;3.4;109;110;49.8;1.3;1;1;1
5884;125;124;41;6;15;-4;12;0;1;0;2;0;0;56;17;20;79;63;53;72;55;40880;1291;5418;100.0;3.3;3.9;29.7;35.3;635;707;47.3;2.4;466;540;46.3;1.6;3;0;0
5885;0;0;43;12;9;-1;29;6;1;0;3;1;1;55;7;31;46;64;62;64;141;48421;5511;902;99.7;3.2;3.3;33.5;33.3;686;698;49.6;5.4;522;504;50.9;5.6;1;2;1
5886;53;53;22;5;3;0;24;0;0;0;0;0;0;23;7;5;21;60;53;67;51;20556;3832;2275;103.2;2.6;2.5;25.2;34.2;274;331;45.3;-3.5;202;255;44.2;-4.6;0;0;0
5887;21;21;2;0;0;3;0;0;0;0;0;0;0;3;1;2;2;61;50;76;2;1768;0;112;113.0;6.1;0.0;46.8;24.4;40;20;66.7;2.0;31;13;70.5;6.1;0;0;0
5888;31;31;19;5;7;1;9;0;0;0;0;1;0;25;12;3;4;62;60;57;31;13004;67;271;99.6;4.4;4.2;39.9;36.0;225;204;52.4;5.2;165;154;51.7;5.2;1;74;44
5890;59;1;35;11;7;2;23;3;2;0;0;1;0;47;7;5;18;61;58;60;62;26087;1431;1361;100.2;3.6;3.3;36.3;34.2;443;453;49.4;-2.8;354;340;51.0;-2.1;3;13;6
5891;12;12;27;20;14;12;23;3;4;0;1;1;1;39;38;24;15;71;68;71;104;26253;4889;833;99.8;4.7;3.2;45.9;30.6;529;351;60.1;2.5;389;259;60.0;2.9;2;62;33
5892;31;31;27;0;10;7;6;0;0;0;0;0;0;33;12;26;63;61;52;73;55;29880;305;3964;103.4;4.1;3.3;33.9;37.3;446;499;47.2;0.7;324;366;47.0;1.4;0;0;0
5893;54;10;40;6;10;-4;24;2;5;0;0;0;0;41;6;13;40;68;64;69;83;32644;4832;4839;96.5;2.9;3.2;34.6;27.1;585;466;55.7;5.1;435;342;56.0;5.8;0;161;82
5894;9;9;41;1;8;-3;17;0;0;0;1;1;0;23;12;20;5;57;52;60;11;19696;124;652;97.9;2.2;3.1;34.4;36.6;307;304;50.2;-2.9;218;225;49.2;-4.2;0;281;110
5895;123;31;41;11;14;-8;51;5;3;0;0;1;0;64;23;14;39;64;57;71;114;43572;8590;2591;99.5;2.7;3.1;29.7;32.6;661;744;47.0;-1.6;495;553;47.2;-1.7;1;2;0
5896;7;7;43;9;25;-14;22;5;10;0;0;0;0;27;42;32;12;63;57;67;60;36940;7633;344;97.2;3.0;4.1;32.7;33.9;565;539;51.2;-0.0;392;393;49.9;-1.3;1;656;350
5897;10;10;37;7;5;-3;0;0;0;0;0;0;0;20;17;8;13;58;53;61;34;19638;5;1360;98.8;2.7;3.3;32.6;34.3;295;277;51.6;3.8;205;218;48.5;1.7;0;284;148
5898;21;21;39;7;18;8;2;2;0;0;1;0;0;24;24;16;19;62;58;64;48;21458;433;1556;101.6;4.0;3.0;36.4;31.9;344;306;52.9;-0.2;252;223;53.1;-0.7;1;142;65
5899;10;10;39;9;19;-11;20;4;8;1;0;0;0;31;45;37;24;65;59;71;73;34189;7660;2120;98.1;2.4;3.2;29.7;31.5;441;470;48.4;0.2;327;345;48.7;2.1;0;581;278
5900;3;3;13;1;1;-4;4;0;0;0;0;0;0;17;10;4;1;57;54;57;6;6625;9;1507;97.2;2.7;4.9;26.6;37.5;85;122;41.1;-9.1;61;83;42.4;-8.2;0;1;0
5901;152;152;41;4;10;-20;21;2;4;0;1;1;0;60;14;29;66;63;57;68;87;44216;7875;5806;97.1;1.6;3.4;23.0;34.2;441;648;40.5;-2.8;329;489;40.2;-1.2;2;0;0
5902;152;152;38;7;14;-8;31;0;0;1;1;1;0;67;43;18;20;65;64;63;57;32171;1779;761;100.7;2.9;4.0;25.0;36.8;339;476;41.6;-1.0;255;376;40.4;-1.0;0;51;25
5904;32;23;30;5;9;6;8;0;0;0;0;0;0;11;12;7;29;64;56;68;47;22212;382;4295;101.8;4.1;3.2;31.3;29.2;356;357;49.9;4.0;262;257;50.5;4.3;1;325;166
5905;20;20;42;6;18;-13;6;3;6;0;0;0;0;47;6;39;67;63;58;68;110;43998;9355;471;97.3;2.8;3.4;30.3;28.8;566;591;48.9;0.8;437;436;50.1;1.3;1;0;0
5907;152;152;38;7;3;-8;15;0;0;1;0;1;0;11;30;5;20;56;51;61;34;21605;37;1752;98.9;2.3;3.8;26.5;38.8;245;341;41.8;-0.2;178;266;40.1;-0.7;0;330;161
5908;8;8;42;20;18;9;24;4;4;0;0;0;0;119;39;31;18;74;74;71;148;41670;6381;949;100.2;3.7;2.7;40.3;29.7;697;535;56.6;1.9;535;393;57.7;2.4;6;40;25
5909;19;19;37;1;11;-1;7;0;0;0;0;1;0;27;18;6;17;62;60;57;20;24411;60;382;103.0;3.1;3.1;23.4;30.2;262;347;43.0;-5.4;183;240;43.3;-4.7;0;36;21
5910;34;2;38;3;13;-2;30;1;1;0;0;0;0;41;6;8;28;70;61;77;67;27041;2871;6414;98.1;3.3;3.5;32.4;28.4;404;408;49.8;-0.5;316;307;50.7;0.8;1;439;203
5911;59;1;38;6;13;0;26;0;4;0;0;0;0;71;6;15;58;63;55;72;87;39992;3426;6114;97.8;3.1;2.9;34.7;26.3;679;555;55.0;3.9;520;408;56.0;3.9;0;1;1
5912;23;23;41;12;20;5;22;1;10;0;0;0;0;68;39;26;18;77;80;71;136;36313;7449;1053;100.0;3.0;2.1;36.9;25.7;599;457;56.7;4.9;438;307;58.8;7.5;1;2;2
5913;30;30;10;1;1;-1;8;0;0;1;0;0;0;9;7;3;2;58;53;60;6;4255;0;471;93.2;0.8;2.5;23.7;24.5;55;53;50.9;-5.0;41;36;53.2;-1.3;0;31;16
5914;60;18;26;1;2;-8;18;0;0;1;0;0;0;39;3;8;80;64;50;78;29;22762;82;5201;95.7;1.9;3.3;32.3;32.7;343;386;47.1;0.5;261;286;47.7;0.6;0;0;0
5915;33;29;20;1;3;-3;20;0;0;0;0;0;0;14;0;4;27;59;51;67;14;16300;44;4120;99.1;2.2;2.9;25.2;29.6;219;225;49.3;0.3;148;184;44.6;-4.1;0;2;1
5916;55;9;39;9;13;2;36;2;1;1;0;0;0;57;7;19;23;68;59;73;92;33286;1533;4836;97.9;2.7;2.5;37.3;26.6;587;444;56.9;3.3;451;321;58.4;4.3;3;136;67
5917;26;26;3;1;1;0;6;0;0;1;0;0;0;3;2;1;1;67;67;64;5;2596;5;373;98.5;1.4;2.8;23.6;37.4;25;38;39.7;5.2;17;30;36.2;2.6;0;8;4
5918;41;41;41;6;8;5;18;2;0;0;0;0;0;36;11;13;24;63;57;66;59;27069;3164;2086;103.2;3.5;2.5;30.1;30.3;419;439;48.8;-1.1;305;321;48.7;-0.5;1;25;9
5921;41;41;35;8;14;4;25;3;3;0;1;1;1;22;16;8;42;71;60;82;115;34756;7823;3037;99.5;2.4;2.3;30.1;27.2;546;486;52.9;4.6;412;356;53.6;7.2;1;0;0
5922;31;31;22;4;3;2;6;0;0;0;0;0;0;24;19;0;16;64;60;65;26;12399;80;522;103.1;3.2;2.6;29.3;33.7;185;195;48.7;-0.3;128;132;49.2;0.4;1;5;1
5924;60;18;30;5;4;3;12;0;0;1;0;0;0;40;7;5;34;58;50;65;42;24780;56;6310;99.9;2.6;2.3;30.9;27.3;371;396;48.4;0.5;284;272;51.1;2.9;0;27;10
5926;36;3;41;7;14;-23;38;4;4;1;0;0;0;64;11;17;77;62;53;72;65;39800;7048;4769;95.6;2.3;4.3;27.7;34.6;549;653;45.7;2.1;413;500;45.2;1.7;2;0;0
5927;62;19;28;6;6;2;18;0;0;1;0;0;0;48;3;10;11;62;56;62;40;19261;190;957;101.8;3.0;2.8;28.4;32.1;265;301;46.8;-7.6;212;240;46.9;-6.4;2;258;122
5928;58;58;39;3;14;-9;20;1;7;0;0;0;0;25;2;6;11;64;56;72;56;16461;9546;488;100.3;2.4;3.5;26.5;39.8;233;297;44.0;-11.8;170;230;42.5;-14.2;1;37;16
5929;59;1;38;9;12;-5;16;1;2;0;1;0;0;45;6;21;74;73;65;76;107;36669;3752;6381;98.2;3.5;3.8;33.4;30.8;585;590;49.8;-2.7;452;441;50.6;-2.6;0;202;83
5930;33;29;29;4;5;-14;18;0;0;0;0;0;0;16;10;5;21;61;52;71;37;24319;438;3470;97.8;2.7;4.7;26.5;38.8;339;441;43.5;-4.6;242;348;41.0;-7.2;1;0;0
5932;57;12;36;3;11;11;24;0;0;0;0;0;0;44;9;11;63;58;50;67;57;33503;436;5491;102.1;3.5;2.5;33.6;29.3;556;478;53.8;-3.9;416;359;53.7;-3.4;1;0;0
5933;124;124;29;2;18;10;19;0;9;0;0;1;0;42;7;18;49;62;54;70;46;31389;2817;2771;103.6;3.7;2.5;33.7;34.4;463;456;50.4;-2.9;342;348;49.6;-4.4;0;0;0
5936;36;3;37;4;7;-14;4;0;2;0;0;0;0;5;3;4;21;61;57;60;61;27826;1274;2085;95.4;2.2;4.1;27.7;33.1;392;470;45.5;0.6;286;348;45.1;-0.0;1;366;195
5938;60;18;26;4;12;15;28;1;1;0;1;2;1;37;2;3;21;59;54;63;48;23345;2506;1900;104.8;4.2;2.2;31.8;25.9;360;319;53.0;5.0;275;223;55.2;6.7;1;13;6
5939;127;31;42;8;7;-4;21;1;2;0;0;1;0;46;6;7;17;61;55;65;64;22777;2779;491;99.2;2.5;3.2;25.0;28.9;314;355;46.9;-5.5;228;259;46.8;-4.7;2;20;7
5941;60;18;34;9;14;4;8;0;2;0;2;0;0;30;0;7;23;70;62;76;65;28439;3284;3275;100.1;3.3;3.2;30.8;29.9;439;424;50.9;4.4;328;322;50.5;2.7;1;137;60
5942;60;18;27;0;10;-4;22;0;3;0;1;0;0;31;8;7;29;68;53;86;54;24846;3793;2225;96.8;2.0;2.6;29.8;26.1;363;349;51.0;3.1;273;254;51.8;2.1;0;0;0
5943;40;20;40;9;15;-3;32;0;0;2;0;0;0;47;8;18;38;66;61;66;64;37713;285;5271;101.5;3.3;3.7;28.4;36.2;537;665;44.7;3.8;383;508;43.0;1.9;0;607;324
5946;40;20;41;6;17;0;22;0;1;0;0;0;0;29;2;11;112;67;56;74;71;41310;1411;5391;103.9;3.6;3.6;25.1;34.7;547;718;43.2;1.4;414;538;43.5;2.4;0;0;0
5947;153;152;41;9;18;14;10;1;3;0;0;0;0;60;1;9;32;78;64;88;110;34120;11940;375;100.8;4.2;2.4;40.7;25.4;659;456;59.1;1.8;505;332;60.3;2.8;0;541;298
5951;9;9;41;13;13;4;11;0;1;0;0;1;0;52;17;7;19;66;65;63;67;29688;1373;173;101.4;3.3;2.8;32.1;31.9;459;426;51.9;-1.1;308;294;51.2;-2.0;2;50;26
5953;26;26;13;0;2;-6;8;0;0;0;0;0;0;13;1;3;8;58;57;55;24;12728;0;477;94.9;2.8;4.8;36.5;37.3;180;185;49.3;1.7;149;148;50.2;4.1;0;0;0
5954;10;10;39;6;12;-13;8;2;6;0;0;0;0;53;10;31;61;67;63;70;104;43332;8110;3941;97.8;1.9;2.8;29.6;32.5;583;620;48.5;0.4;414;475;46.6;-0.9;1;0;0
5956;145;3;37;6;22;7;6;4;8;0;0;0;0;29;14;9;22;66;61;68;69;28467;7661;736;100.4;3.2;1.9;32.9;20.6;542;292;65.0;0.4;376;213;63.8;-0.1;0;204;105
5957;129;129;41;4;7;-10;8;0;0;0;0;0;0;24;14;15;35;56;49;64;60;43907;1425;3302;100.5;2.6;3.4;26.1;35.0;569;768;42.6;-1.1;429;584;42.3;-0.5;0;1;0
5958;138;138;40;2;7;1;10;0;2;0;0;0;0;27;14;12;29;61;50;75;47;36328;1082;2913;99.8;3.1;3.1;29.4;28.8;560;568;49.6;-7.2;404;426;48.7;-8.0;0;0;0
5960;149;149;37;0;8;-18;29;0;1;0;0;1;0;28;9;9;24;60;53;67;36;32160;2734;2087;100.5;1.5;3.2;18.2;43.2;282;688;29.1;1.3;229;514;30.8;3.1;0;0;0
5961;135;2;36;7;20;14;26;0;3;0;0;2;0;28;16;12;20;69;63;71;91;34142;2036;3836;98.9;3.7;2.3;38.5;21.6;640;385;62.4;1.4;481;265;64.5;3.0;0;156;83
5962;138;24;38;15;26;3;46;5;8;0;0;0;0;53;6;3;8;68;64;68;92;30679;7200;113;99.8;3.5;2.9;31.9;26.1;501;412;54.9;1.2;366;315;53.7;0.4;5;67;34
5964;148;30;39;3;13;10;10;0;2;0;0;0;0;35;8;9;61;65;53;77;59;35286;3163;2521;101.7;3.7;2.6;31.5;25.5;608;496;55.1;-0.0;435;343;55.9;-0.1;1;37;9
5966;3;3;41;8;12;-2;4;0;0;0;0;0;0;40;10;28;55;60;55;64;80;41901;176;2351;100.6;3.4;3.7;32.2;36.8;615;714;46.3;-3.7;449;508;46.9;-3.3;1;0;0
5967;45;28;44;6;18;9;12;0;3;0;0;0;0;31;17;11;34;62;59;60;69;34552;1926;946;102.2;3.5;2.5;33.0;29.3;618;510;54.8;-1.8;469;382;55.1;-1.5;3;35;12
5969;8;8;42;12;27;18;21;0;2;0;1;1;0;34;32;17;19;64;63;63;84;36575;749;836;103.8;4.8;3.1;35.1;31.7;590;524;53.0;-3.1;423;369;53.4;-3.4;1;406;229
5972;139;139;42;10;11;7;26;1;0;0;0;0;0;36;14;13;20;62;56;65;57;32654;139;4697;101.6;3.5;2.8;27.2;24.4;470;405;53.7;2.9;349;304;53.4;2.6;1;159;69
5973;128;20;29;3;9;-10;6;0;0;0;0;0;0;42;6;13;73;80;53;95;55;32761;1359;3906;97.7;1.8;3.0;24.7;31.5;404;516;43.9;11.7;304;384;44.2;11.6;0;0;0
5975;104;23;5;10;5;10;22;3;2;0;1;2;1;7;0;6;10;98;89;99;40;4325;1201;1050;109.8;9.2;0.8;55.8;12.5;121;35;77.6;17.3;89;24;78.8;19.9;2;151;78
5977;144;8;38;2;10;8;31;1;0;0;1;3;1;60;10;11;50;58;51;67;62;36041;325;3373;99.2;3.4;2.7;34.8;25.5;627;462;57.6;-1.4;462;343;57.4;-1.9;0;0;0
5978;128;128;39;2;8;-23;22;2;4;0;0;0;0;13;4;10;46;58;54;59;42;31498;3054;229;97.1;1.1;3.8;17.9;40.8;285;697;29.0;-4.7;220;505;30.3;-2.9;1;437;214
5980;150;150;41;4;12;-24;10;1;0;0;0;0;0;46;15;10;13;62;56;65;60;38337;5593;1326;99.8;1.8;3.8;19.0;39.2;386;726;34.7;-0.9;277;550;33.5;-2.6;1;416;216
5981;147;147;42;6;7;-27;58;0;0;0;0;0;0;61;13;15;58;62;52;58;56;35580;115;577;97.2;1.3;4.0;18.1;40.4;320;755;29.8;2.1;241;542;30.8;3.2;1;11;6
5982;126;124;41;11;9;-6;22;9;2;0;0;0;0;73;12;7;22;65;58;70;79;26294;8095;6;98.9;2.3;2.7;28.1;29.0;382;388;49.6;-8.2;274;276;49.8;-7.7;1;15;6
5983;58;58;41;5;12;10;14;0;1;0;0;0;0;37;2;9;18;64;57;67;67;29787;486;860;102.9;3.4;2.2;31.9;28.2;482;441;52.2;-1.5;359;316;53.2;-0.9;2;419;214
5984;145;145;40;8;12;5;19;2;3;0;0;1;0;44;19;9;24;65;62;65;109;36706;7062;39;97.8;2.7;2.0;35.8;19.8;690;385;64.2;-1.3;502;279;64.3;-0.2;2;6;3
5986;143;143;37;1;1;-8;4;0;0;0;0;0;0;14;9;2;9;54;50;55;15;15143;8;249;98.7;1.2;3.1;20.4;43.3;147;314;31.9;-13.4;112;232;32.6;-12.3;1;28;12
5988;147;147;42;5;3;-29;6;0;1;0;0;0;0;35;10;6;14;54;52;54;30;27921;3467;370;96.6;1.3;5.0;16.6;45.1;232;621;27.2;-1.4;182;466;28.1;-0.5;1;50;25
5989;144;144;28;0;3;-5;2;0;0;0;0;0;0;10;6;2;3;57;51;60;13;10869;94;506;99.0;2.3;3.6;23.2;33.1;128;187;40.6;-21.3;100;136;42.4;-20.1;0;7;5
5990;57;12;28;4;4;3;19;1;1;0;0;0;0;9;2;8;10;59;53;64;28;11849;1759;282;102.0;3.6;2.7;32.5;29.8;222;202;52.4;-5.0;157;154;50.5;-6.4;0;54;33
5991;133;26;41;9;16;1;10;0;0;0;0;0;0;49;9;24;21;69;62;70;90;35403;97;2287;98.7;2.8;2.7;33.8;28.2;572;473;54.7;9.1;433;365;54.3;8.4;0;442;223
5995;147;9;42;0;9;-36;14;0;0;0;1;0;0;93;24;12;80;60;45;77;37;44198;866;7765;96.9;1.4;4.5;17.6;41.0;385;946;28.9;1.0;287;684;29.6;1.6;0;0;0
5996;128;128;38;5;6;-11;8;0;0;0;0;0;0;22;14;5;20;58;55;59;53;32349;2432;2092;100.7;2.3;3.6;22.5;36.6;361;626;36.6;6.1;269;437;38.1;7.5;0;34;14
5997;126;124;41;10;17;7;22;4;5;0;0;0;0;38;6;16;49;76;64;85;94;35798;8306;246;99.8;3.2;2.2;33.3;22.4;619;427;59.2;4.2;451;318;58.6;3.6;1;569;306
6001;18;18;31;3;12;21;13;0;0;0;0;1;0;41;3;13;43;62;57;66;44;30842;86;537;106.8;5.0;2.7;32.1;30.3;453;445;50.4;-3.3;315;314;50.1;-2.6;1;0;0
6002;134;134;42;7;9;1;26;1;1;0;0;0;0;27;8;12;27;58;55;59;42;32356;3383;1571;103.7;3.4;3.1;27.0;34.3;421;572;42.4;-1.4;327;412;44.2;1.0;1;40;18
6003;139;139;42;7;9;0;14;2;1;0;0;0;0;39;7;6;19;68;56;77;56;31556;7745;222;102.7;2.9;2.6;24.2;28.7;413;462;47.2;-5.6;301;348;46.4;-6.7;1;466;234
6004;129;129;41;1;7;-19;10;0;0;0;1;0;0;40;16;6;20;60;47;76;37;40939;464;2467;97.4;1.9;3.7;23.0;33.5;502;714;41.3;-2.9;375;541;40.9;-2.5;0;0;0
6005;131;1;42;12;15;13;4;1;1;0;0;0;0;58;12;17;21;70;63;71;115;36070;2498;4936;94.2;3.6;2.3;46.9;17.1;868;314;73.4;5.7;639;240;72.7;4.7;4;107;56
6006;151;152;42;5;7;7;18;0;1;0;1;0;0;41;14;22;71;73;53;90;58;44161;894;6466;101.5;3.3;2.9;29.1;29.4;660;654;50.2;0.8;475;485;49.5;-0.5;0;1;0
6007;57;12;40;16;19;14;100;2;0;0;0;2;1;93;9;8;21;70;62;72;86;34256;1018;2910;104.2;3.9;2.4;30.8;28.6;551;484;53.2;-4.4;404;363;52.7;-4.8;1;504;262
6008;141;25;44;9;17;40;14;0;1;0;0;0;0;38;7;18;32;63;52;75;112;48864;2391;4176;104.0;4.6;1.8;36.7;20.3;885;510;63.4;3.2;663;376;63.8;3.4;2;0;0
6011;25;25;36;17;19;-19;21;6;3;0;0;0;0;33;35;22;23;66;63;66;101;35985;6849;328;97.5;3.5;5.0;32.1;37.4;500;569;46.8;-1.6;368;436;45.8;-1.5;0;503;259
6012;1;1;42;6;18;16;21;1;0;0;2;1;0;52;10;29;70;62;57;68;109;45572;1767;1842;101.8;3.8;2.7;37.2;32.0;733;662;52.5;3.8;542;469;53.6;2.6;2;3;1
6013;28;28;41;24;18;-1;12;5;6;0;1;0;0;67;62;35;51;81;85;75;167;37918;7790;4325;99.8;4.0;3.6;37.2;32.9;622;534;53.8;1.2;465;394;54.1;1.7;2;132;61
6014;128;128;40;6;4;-24;6;1;0;0;0;0;0;17;18;8;28;61;54;65;44;30135;290;2882;96.4;1.4;4.2;20.7;39.7;308;590;34.3;0.9;234;447;34.4;0.8;1;456;254
6017;131;1;41;24;19;21;18;3;2;0;0;0;0;26;17;8;14;64;65;57;118;34789;3780;497;96.7;4.6;2.4;45.3;17.8;791;312;71.7;2.5;584;241;70.8;1.2;7;46;20
6020;147;147;10;0;0;-4;0;0;0;0;0;0;0;1;0;1;6;54;50;60;1;3356;281;131;89.8;1.1;5.4;21.5;35.4;26;69;27.4;1.7;20;50;28.6;2.4;0;4;3
6021;45;28;44;11;11;20;10;1;3;1;0;0;0;52;9;13;26;64;60;64;72;34632;1909;4230;102.4;4.2;2.2;36.7;24.4;689;462;59.9;5.1;501;342;59.4;4.4;1;141;75
6026;149;149;41;1;4;-14;29;0;0;0;0;1;1;43;15;14;82;62;48;77;32;35496;198;2958;100.5;1.3;2.8;18.4;42.6;306;775;28.3;-0.7;253;567;30.9;2.0;0;1;1
6027;18;18;42;8;12;0;0;0;0;0;0;0;0;34;21;19;16;61;58;60;59;28712;0;1811;102.3;3.4;3.4;31.6;40.0;425;465;47.8;-5.4;298;361;45.2;-7.6;2;69;32
6028;45;28;44;5;11;-4;24;2;2;0;0;0;0;56;17;17;14;65;61;63;75;40873;1792;3852;97.2;2.6;2.9;33.6;27.3;726;569;56.1;-0.1;524;414;55.9;-0.5;1;130;69
6030;132;132;41;2;2;2;2;0;0;0;0;0;0;6;6;6;12;54;51;56;32;19103;1276;10;104.9;3.4;3.0;23.9;32.4;235;334;41.3;-6.5;172;243;41.4;-5.8;0;16;9
6031;138;138;40;3;16;2;18;0;2;0;0;0;0;22;4;9;15;64;57;69;46;28586;5730;5;100.4;3.1;2.6;29.1;25.3;461;395;53.9;-0.9;325;293;52.6;-1.9;0;363;197
6032;1;1;42;12;8;13;29;0;0;1;1;1;1;28;32;19;10;61;58;62;51;27638;136;2616;104.0;4.3;2.9;33.5;32.4;414;433;48.9;-1.4;298;285;51.1;-1.0;0;208;98
6034;131;1;23;6;6;22;6;0;0;1;1;0;0;21;3;10;16;69;55;83;43;21871;274;1246;101.3;5.3;2.0;41.8;17.4;464;193;70.6;3.2;331;144;69.7;1.4;0;0;0
6037;142;23;27;2;10;31;13;0;0;0;0;1;0;34;7;18;51;68;51;86;43;27580;166;3534;106.0;5.0;0.9;43.1;16.6;585;247;70.3;-2.6;442;174;71.8;-0.5;1;2;0
6039;150;150;41;4;6;-32;8;1;1;0;0;0;0;38;10;35;98;71;50;85;43;45880;4188;3998;98.1;2.1;4.6;21.3;38.3;448;859;34.3;-1.6;343;642;34.8;-0.7;0;0;0
6042;138;138;40;11;16;10;30;3;1;0;0;2;1;29;10;7;17;64;57;66;67;30213;2454;1951;100.9;3.3;2.1;31.6;22.2;507;379;57.2;3.6;361;271;57.1;4.0;2;7;4
6043;142;23;40;9;23;27;40;0;0;0;0;2;0;61;14;27;14;72;64;72;105;39703;216;1882;98.0;4.4;2.0;44.3;16.6;912;332;73.3;2.5;682;246;73.5;2.2;2;561;272
6046;131;1;42;7;6;1;6;1;0;0;0;0;0;33;6;6;13;60;54;61;31;20703;353;607;97.5;3.1;3.0;34.1;25.4;350;253;58.0;-13.4;260;196;57.0;-14.7;1;60;29
6048;148;30;16;7;7;6;4;1;0;0;0;0;0;12;9;4;19;69;61;74;29;15887;690;844;100.4;4.1;2.7;35.6;24.5;297;208;58.8;13.1;219;143;60.5;13.2;1;28;13
6050;139;19;42;13;20;13;24;1;1;1;0;0;0;102;15;20;20;66;61;67;95;43718;2054;1851;100.6;3.1;2.1;30.4;22.1;714;496;59.0;11.2;536;366;59.4;11.9;2;44;21
6052;139;19;42;4;9;2;6;1;2;0;0;0;0;28;15;8;6;62;54;67;76;24681;4190;253;101.8;2.3;2.0;25.4;27.7;328;371;46.9;-5.6;253;270;48.4;-3.9;1;40;13
6053;149;149;41;6;6;-22;6;0;0;0;1;0;0;40;18;8;30;57;51;60;27;35672;145;3051;100.7;1.7;4.0;16.4;41.6;274;776;26.1;-3.8;212;574;27.0;-3.4;2;59;27
6054;134;134;44;3;13;-11;14;0;0;0;0;0;0;35;13;6;32;59;55;59;50;29678;1632;1721;97.9;2.2;3.5;27.9;35.4;396;548;41.9;-1.8;298;395;43.0;-0.5;0;121;61
6055;138;138;40;7;11;5;14;1;0;0;0;0;0;8;12;4;9;60;54;66;47;22694;2638;272;101.6;4.1;3.3;28.1;25.4;323;318;50.4;-5.0;236;240;49.6;-5.5;1;332;157
6056;131;1;42;10;15;24;24;0;0;3;2;0;0;59;6;16;16;69;65;68;107;36779;341;5612;94.7;4.0;2.2;46.3;15.5;841;309;73.1;5.2;633;227;73.6;5.9;1;574;277
6058;133;26;38;4;13;-4;6;2;3;0;0;0;0;39;16;4;95;74;57;89;75;37524;3934;3095;101.3;2.9;3.1;28.3;34.4;550;663;45.3;-5.0;396;498;44.3;-6.3;2;0;0
6059;150;150;41;13;10;-8;17;6;2;0;0;1;0;39;8;13;62;70;58;79;77;34850;7613;1119;101.9;2.2;2.8;22.4;36.1;343;612;35.9;0.8;270;456;37.2;2.7;1;302;161
6060;131;131;13;0;0;-3;0;0;0;0;0;0;0;10;1;0;2;53;51;47;7;7264;0;0;92.9;2.0;3.5;29.7;25.3;120;88;57.7;-5.8;87;67;56.5;-6.8;0;0;0
6062;149;149;41;3;11;-24;18;0;2;0;0;0;0;45;12;12;36;61;54;64;46;32104;4377;2457;97.9;1.3;3.9;17.9;41.0;274;658;29.4;0.7;215;483;30.8;1.9;0;72;27
6069;150;150;41;8;10;-30;10;3;5;0;0;0;0;74;9;9;20;59;56;57;64;34401;4623;262;95.3;1.0;4.0;16.4;35.8;359;629;36.3;1.4;235;461;33.8;-2.0;1;32;16
6073;128;20;14;4;3;-4;8;1;0;0;0;0;0;9;5;8;17;68;58;75;18;13060;1221;1265;105.0;2.8;3.6;19.8;40.2;132;272;32.7;-2.1;99;194;33.8;-0.5;0;49;26
6074;135;2;39;18;26;7;20;9;12;0;0;0;0;37;11;15;30;77;69;81;135;37868;8359;872;97.5;2.6;1.7;38.3;18.6;722;393;64.8;3.3;553;268;67.4;5.4;1;739;409
6075;144;8;43;17;17;18;26;3;3;0;0;0;0;81;25;17;26;69;59;75;87;41428;3085;6094;101.9;3.8;2.2;36.0;25.0;738;507;59.3;0.1;553;374;59.7;0.5;5;132;63
6078;143;18;40;14;9;0;10;0;1;0;0;0;0;70;28;19;110;72;58;82;83;35259;2931;6095;103.4;3.1;3.0;26.8;37.0;475;594;44.4;0.6;346;465;42.7;-1.8;2;97;40
6079;149;149;3;0;0;-1;0;0;0;0;0;0;0;0;0;0;2;57;52;60;3;2300;671;192;106.0;1.6;3.1;12.5;48.5;20;54;27.0;-18.4;12;42;22.2;-25.4;0;0;0
6080;138;24;40;8;15;6;14;1;3;0;1;0;0;30;14;11;15;66;61;68;73;31662;3047;2599;100.7;3.2;2.5;29.3;24.7;508;430;54.2;-0.5;362;304;54.4;0.4;1;61;35
6082;19;19;40;9;22;4;16;5;6;0;0;0;0;82;32;28;26;72;71;70;61;34976;6569;0;104.6;3.4;2.7;26.5;32.5;452;519;46.5;-1.5;300;363;45.2;-2.8;2;0;0
6083;149;149;3;0;0;-4;2;0;0;0;0;0;0;1;2;0;2;46;48;47;2;1328;57;0;77.8;0.0;10.8;21.7;48.8;17;34;33.3;-8.7;12;25;32.4;-10.3;0;6;3
6084;143;18;26;1;3;-6;24;0;0;0;1;0;0;24;4;3;9;57;48;68;19;20139;48;2569;97.6;1.4;2.7;27.2;34.9;262;345;43.2;-4.1;204;258;44.2;-2.7;1;0;0
6086;139;139;41;5;12;5;9;1;4;1;1;1;0;32;12;7;29;60;54;64;44;19970;3533;1328;103.5;3.1;2.5;26.0;30.5;282;333;45.9;-6.8;202;235;46.2;-6.3;2;4;0
6087;143;18;40;4;8;-2;29;0;0;0;1;0;0;59;10;24;33;71;52;88;55;41629;357;5143;100.6;2.5;2.8;27.2;32.0;567;655;46.4;3.6;421;495;46.0;3.1;1;0;0
6088;28;28;41;10;27;13;10;1;2;0;1;0;0;36;29;28;13;67;64;67;65;35926;3048;2786;102.3;4.4;2.8;38.3;30.6;594;501;54.2;1.8;434;353;55.1;3.0;0;242;125
6089;129;129;41;4;6;-17;4;0;0;0;0;0;0;22;14;15;36;60;56;62;62;34521;3778;857;98.8;2.1;3.9;22.2;36.4;413;626;39.7;-4.8;310;475;39.5;-4.3;0;44;23
6091;129;129;41;4;3;-10;22;1;0;0;0;0;0;58;12;23;75;60;49;73;38;45677;2075;4138;99.1;1.7;2.6;24.4;32.5;599;752;44.3;1.6;443;554;44.4;2.7;1;0;0
6093;26;26;44;5;8;-22;8;0;2;0;1;0;0;72;47;33;20;65;61;65;80;39724;2193;3232;95.4;1.8;3.6;30.7;34.5;526;578;47.6;-0.8;398;446;47.2;0.4;0;72;43
6094;155;154;42;8;14;14;32;1;2;0;0;0;0;49;3;19;53;62;56;69;99;46041;5787;4119;99.4;3.7;2.7;35.7;24.3;844;572;59.6;-2.9;616;424;59.2;-2.8;1;0;0
6095;18;18;42;8;12;-12;15;0;2;0;0;1;0;69;31;18;9;62;59;62;84;33254;2534;151;95.2;2.8;4.1;35.3;32.3;525;484;52.0;0.0;379;363;51.1;-0.2;0;2;2
6097;147;147;42;5;5;-30;14;0;0;1;0;0;0;31;20;9;31;60;53;64;43;29313;3251;3447;97.4;1.4;5.2;15.5;45.6;236;675;25.9;-3.1;167;491;25.4;-4.1;0;16;8
6099;133;26;31;4;3;2;6;1;0;0;0;0;0;30;6;7;20;64;53;74;31;27400;692;1353;102.9;2.2;2.0;26.3;35.1;358;476;42.9;-6.2;263;356;42.5;-6.7;1;0;0
6100;26;26;44;17;17;-23;19;4;4;0;0;1;0;33;40;34;22;70;72;66;136;41136;5844;106;96.0;2.3;3.7;32.7;33.6;599;573;51.1;4.0;431;437;49.7;3.9;2;253;135
6102;141;25;34;4;10;5;4;0;0;0;0;0;0;13;6;8;11;63;57;68;50;17497;1099;1650;98.5;3.5;2.5;37.9;23.0;310;198;61.0;0.2;229;148;60.7;-0.4;0;47;27
6103;147;147;29;1;6;-23;14;0;0;0;1;0;0;27;8;14;93;57;50;67;16;30068;779;4765;99.1;1.8;4.7;15.4;37.2;250;584;30.0;0.4;177;423;29.5;-0.2;0;0;0
6104;24;24;25;2;8;1;8;0;2;0;0;0;0;26;6;16;36;60;55;66;52;24834;1320;1278;100.0;3.0;3.0;30.3;30.4;341;345;49.7;1.0;241;246;49.5;-0.9;0;2;0
6105;0;0;27;2;5;-7;6;0;0;1;0;0;0;18;24;18;13;61;58;62;31;20616;432;2523;96.6;2.4;4.0;29.0;34.0;248;311;44.4;-4.1;191;230;45.4;-4.4;1;9;6
6106;140;140;41;9;13;-4;8;2;6;0;0;0;0;34;14;13;32;61;57;64;71;34188;7155;359;100.9;3.1;3.2;27.5;31.1;508;570;47.1;4.6;376;411;47.8;5.5;1;37;18
6107;45;28;26;21;5;4;16;10;2;0;0;0;0;43;9;3;16;74;70;73;99;23288;6471;47;99.1;3.2;2.6;36.3;26.7;449;321;58.3;3.7;326;234;58.2;2.9;1;16;5
6108;60;60;23;2;2;-3;20;0;0;0;0;0;0;15;2;4;4;61;55;65;24;12126;37;1965;96.8;1.2;2.1;25.8;26.7;175;192;47.7;-1.7;124;129;49.0;-1.0;0;20;9
6109;58;24;41;20;29;12;30;1;12;1;0;2;0;69;12;17;34;80;68;86;149;38401;8121;6817;100.1;4.7;3.4;37.3;27.1;656;522;55.7;3.4;520;400;56.5;3.9;4;828;436
6114;58;58;41;8;13;9;27;0;1;0;0;1;0;41;9;6;15;66;59;68;62;31011;127;402;102.1;3.4;2.3;32.5;28.1;514;455;53.0;-0.4;387;327;54.2;0.5;3;7;2
6116;138;24;40;5;7;11;26;0;0;0;0;0;0;67;10;8;22;64;48;81;55;43728;389;5405;99.8;3.5;2.6;30.5;22.1;689;513;57.3;4.3;514;376;57.8;5.6;0;11;7
6117;128;128;39;0;8;-25;18;0;1;0;1;0;0;29;12;8;18;55;51;55;29;25550;248;5030;95.6;1.1;4.6;17.9;43.4;247;525;32.0;-2.3;179;413;30.2;-4.7;0;194;101
6118;47;47;30;1;5;-14;18;0;1;0;0;0;0;24;2;5;23;56;54;56;23;18837;1057;2648;97.3;1.7;4.4;22.2;42.0;217;411;34.6;-2.3;157;301;34.3;-3.0;0;69;35
6119;28;28;38;5;30;-3;18;1;10;1;0;0;0;41;26;46;31;71;65;75;44;34908;6212;5051;99.2;3.4;3.3;36.6;32.8;571;502;53.2;1.1;421;362;53.8;1.9;1;535;265
6121;125;124;42;4;11;7;21;0;0;1;0;1;1;60;10;10;29;61;55;63;42;25432;171;4650;103.4;3.7;3.0;30.9;35.0;398;441;47.4;2.3;289;324;47.1;2.5;0;97;43
6125;134;134;44;4;11;-12;16;2;1;0;0;0;0;16;7;5;14;59;55;60;56;31578;5110;123;98.7;2.2;3.2;26.8;33.9;431;538;44.5;1.4;315;398;44.2;1.0;0;525;253
6126;150;150;36;1;2;-18;16;1;2;0;0;0;0;40;6;10;73;60;50;70;49;33466;902;3103;97.0;1.4;3.2;21.0;33.5;370;546;40.4;5.8;274;411;40.0;5.4;0;0;0
6127;36;3;36;2;7;-10;28;0;0;0;0;0;0;40;7;7;32;61;51;73;29;32042;257;3837;99.0;2.6;3.7;24.5;32.1;410;536;43.3;-0.0;293;401;42.2;-1.2;0;0;0
6128;127;31;24;5;6;0;10;2;1;0;0;0;0;30;6;6;23;63;54;69;23;19404;1437;0;101.0;1.9;1.9;25.4;29.3;285;304;48.4;-2.7;197;222;47.0;-3.6;0;256;120
6129;127;31;40;15;20;-6;22;2;7;0;0;0;0;56;12;16;52;70;63;75;107;36157;7619;1200;97.2;3.7;4.1;31.9;28.5;593;508;53.9;3.8;438;392;52.8;3.4;2;78;37
6130;24;24;43;10;9;-4;8;0;1;0;0;0;0;15;34;28;9;59;54;63;58;28787;1091;1258;100.8;3.0;3.3;27.6;32.4;374;431;46.5;0.1;261;309;45.8;-2.0;1;356;180
6132;137;137;42;5;13;-7;34;0;3;1;0;2;1;43;14;4;21;60;57;61;65;32552;3238;397;97.0;2.2;3.1;29.4;29.5;491;492;49.9;3.7;359;357;50.1;4.0;0;32;11
6133;138;138;40;6;12;5;73;2;4;0;0;1;0;91;15;12;62;69;61;76;118;36627;7966;1860;101.2;3.0;2.4;31.0;27.4;592;538;52.4;-3.1;428;405;51.4;-4.0;1;0;0
6135;145;3;39;5;11;1;12;0;0;0;0;0;0;38;12;16;27;68;58;76;75;31009;408;3950;96.3;2.4;2.3;32.5;20.7;536;327;62.1;-3.2;383;244;61.1;-3.7;0;466;232
6136;138;138;40;9;11;11;11;0;0;0;0;1;0;36;10;13;30;65;57;72;74;29721;3618;35;102.6;2.9;1.5;30.8;21.2;493;354;58.2;4.9;357;247;59.1;6.6;0;398;216
6137;8;8;42;24;18;11;2;3;1;0;0;0;0;24;39;30;17;64;62;63;101;41259;1395;102;99.5;4.5;3.5;41.8;30.6;723;551;56.8;2.2;552;411;57.3;2.0;2;502;275
6138;53;53;29;3;5;-1;27;0;0;0;1;2;1;43;6;12;92;64;50;81;39;24906;192;6244;101.3;2.3;2.6;26.6;35.1;344;446;43.5;-1.6;257;329;43.9;-1.2;1;2;1
6141;154;154;43;3;8;7;14;0;0;0;1;0;0;47;14;22;102;61;51;72;71;44939;250;5505;100.3;2.5;1.9;30.9;25.0;583;562;50.9;2.0;440;370;54.3;5.6;0;0;0
6142;124;124;40;17;23;-5;24;5;9;1;0;0;0;39;34;35;29;65;61;68;61;35076;6190;538;97.9;3.8;4.3;34.7;33.0;516;505;50.5;-1.5;384;374;50.7;-1.6;1;531;271
6144;128;128;36;1;6;-24;8;0;3;0;0;0;0;29;7;7;27;59;54;61;34;27307;4312;238;95.5;1.2;4.4;17.8;39.0;277;573;32.6;-0.8;203;410;33.1;0.1;0;2;0
6145;124;124;20;3;5;-7;12;1;0;0;1;0;0;30;2;7;47;61;57;64;33;22690;128;679;95.1;2.4;3.6;31.7;29.5;323;311;50.9;-0.0;233;206;53.1;1.8;0;0;0
6146;147;147;3;0;0;-3;2;0;0;0;0;0;0;1;0;0;2;49;50;49;1;1111;0;142;72.7;0.0;9.7;19.4;35.6;7;25;21.9;-7.9;6;16;27.3;0.3;0;7;3
6148;142;23;29;6;1;20;12;0;0;0;0;0;0;27;10;9;27;62;50;73;48;27016;219;1831;99.9;4.1;1.5;42.0;14.8;622;215;74.3;-0.6;456;155;74.6;-0.8;2;1;1
6149;140;140;41;3;7;-16;6;0;2;0;0;0;0;20;8;6;14;54;50;58;22;17832;2180;35;101.5;3.0;6.3;18.6;42.2;165;393;29.6;-16.7;129;276;31.9;-14.0;0;154;67
6150;138;138;40;4;10;6;6;0;1;0;0;0;0;26;8;5;28;61;56;62;54;25199;614;3041;102.9;3.3;2.4;27.0;26.1;367;352;51.0;-4.4;258;265;49.3;-5.9;0;66;25
6152;147;9;42;6;21;-37;22;3;10;0;0;0;0;70;27;16;82;71;62;85;87;38076;9205;2204;95.2;1.0;4.2;18.7;40.0;349;813;30.0;2.6;265;581;31.3;4.0;0;764;390
6153;138;138;40;9;12;20;18;0;0;0;0;0;0;73;10;25;69;72;52;87;78;44876;561;6531;101.9;3.6;2.0;31.4;20.9;719;534;57.4;4.4;533;380;58.4;6.7;3;1;1
6154;149;149;41;7;11;-15;16;2;1;0;0;0;0;35;16;8;28;63;54;68;45;41581;5930;720;104.4;1.9;3.2;15.8;41.8;322;876;26.9;-2.9;248;641;27.9;-2.2;0;430;221
6156;127;31;42;4;11;12;12;0;0;0;0;0;0;69;10;13;47;67;48;87;62;43340;268;6082;102.6;2.7;1.7;30.1;26.7;656;608;51.9;0.6;484;464;51.1;0.5;2;0;0
6157;135;2;40;4;17;25;20;0;1;0;2;0;0;52;16;19;71;65;52;78;91;46411;486;5240;98.9;3.6;1.9;40.3;18.7;929;467;66.5;7.1;704;328;68.2;8.1;0;0;0
6160;143;18;40;12;14;5;16;0;2;0;0;0;0;47;20;10;34;69;60;73;77;36457;2832;2514;103.1;3.3;2.7;27.6;30.8;484;570;45.9;2.7;371;429;46.4;3.5;0;39;19
6162;124;124;40;9;25;-11;12;3;8;0;0;0;0;69;36;20;17;69;67;68;73;35738;5365;2900;96.2;3.1;4.1;35.6;32.9;549;509;51.9;0.4;406;371;52.3;0.6;1;90;46
6163;140;17;41;3;6;-13;20;0;0;0;0;0;0;51;20;17;42;55;49;62;39;39574;226;2855;98.9;2.7;4.0;26.2;34.7;507;748;40.4;-5.1;396;562;41.3;-3.8;0;0;0
6164;147;147;37;5;4;-17;16;0;1;0;0;0;0;48;15;10;45;60;53;66;31;31874;713;2974;101.5;1.7;3.7;14.6;36.7;259;633;29.0;1.0;186;463;28.7;0.1;0;65;24
6165;147;147;42;3;3;-31;12;0;0;0;1;0;0;64;22;12;29;60;45;78;27;42725;340;5604;99.3;1.6;4.3;16.9;42.4;369;906;28.9;1.0;285;678;29.6;1.7;0;2;1
6166;21;21;40;10;17;2;16;0;1;0;0;0;0;39;40;26;22;64;62;62;86;36002;1552;1080;99.1;3.7;3.4;38.5;32.4;613;539;53.2;0.2;462;384;54.6;1.4;2;227;105
6169;134;21;27;6;5;-11;14;2;1;0;0;0;0;40;11;17;54;75;60;83;62;25550;2387;4611;96.9;2.1;3.8;26.6;34.4;358;431;45.4;2.2;260;318;45.0;1.6;1;189;84
6170;147;147;31;1;2;-18;32;0;0;0;0;0;0;34;8;8;20;52;50;53;17;24157;148;363;97.7;1.0;3.7;16.5;43.1;215;562;27.7;-1.3;159;398;28.5;-0.1;0;25;9
6172;0;0;15;2;6;-7;2;0;0;0;0;0;0;16;16;1;4;59;59;51;26;13673;18;0;96.5;3.7;5.5;33.4;38.2;182;223;44.9;2.4;146;167;46.6;2.9;0;9;5
6173;9;9;39;6;5;-17;10;0;0;0;0;0;0;22;29;20;15;60;55;61;41;32493;1606;86;98.6;2.2;3.9;26.1;39.4;409;565;42.0;-2.3;288;425;40.4;-2.6;0;425;227
6174;129;129;41;6;8;-12;10;0;0;0;0;0;0;25;25;7;55;59;52;65;56;28266;2987;680;98.6;1.9;3.4;24.1;36.7;346;522;39.9;-4.4;258;389;39.9;-3.6;1;28;11
6175;145;3;32;1;8;7;34;0;1;0;0;1;1;50;9;8;39;67;52;83;57;34208;3580;2911;98.8;2.8;2.0;35.5;21.7;651;360;64.4;-1.9;467;278;62.7;-3.7;0;0;0
6179;23;23;40;4;8;-9;12;0;0;0;0;0;0;39;19;18;15;59;55;62;27;26199;443;342;95.3;2.5;3.7;34.5;31.2;430;369;53.8;0.7;295;271;52.1;-1.6;1;291;159
6181;139;139;42;6;8;2;20;4;3;1;0;0;0;13;5;2;11;61;54;67;50;20377;3944;803;101.4;2.1;1.9;26.1;29.0;296;317;48.3;-3.8;215;224;49.0;-3.0;0;310;176
6185;21;21;38;8;9;-6;6;5;3;0;0;0;0;35;20;19;5;63;58;65;55;20322;4127;87;96.2;2.5;3.0;35.1;27.8;326;251;56.5;4.4;233;187;55.5;2.5;1;201;108
6186;128;128;36;4;2;-15;10;0;1;0;0;0;0;27;8;9;16;57;53;58;38;24830;6502;180;100.7;1.6;3.6;19.7;49.0;242;622;28.0;-6.2;187;473;28.3;-6.0;0;44;23
6188;59;1;39;4;20;7;28;0;2;0;1;0;0;35;19;14;82;60;54;65;69;37918;1318;4157;101.6;4.3;3.7;32.6;32.2;597;610;49.5;-3.0;461;459;50.1;-3.0;0;0;0
6190;141;25;44;5;4;25;12;2;0;0;1;0;0;44;17;9;29;58;50;68;52;41754;3774;2043;101.6;4.4;2.3;36.6;22.4;754;483;61.0;-0.5;570;359;61.4;-0.3;1;0;0
6191;9;9;41;24;24;13;17;3;4;2;0;0;0;81;32;17;34;79;80;73;113;41535;7839;311;101.9;4.0;2.9;34.9;30.9;681;585;53.8;1.6;470;414;53.2;0.6;3;25;12
6193;128;20;29;9;11;-7;18;2;1;0;0;0;0;45;8;20;44;74;62;82;67;30349;5662;883;102.1;2.4;3.1;22.4;36.3;362;538;40.2;6.4;259;393;39.7;5.4;2;613;339
6195;129;129;28;5;5;-2;35;0;1;0;0;1;0;94;8;7;29;58;51;64;40;26433;547;1394;101.4;2.9;3.1;28.9;36.6;387;475;44.9;2.9;280;376;42.7;0.9;1;2;0
6196;126;124;41;6;16;-5;18;1;6;0;0;0;0;24;10;8;13;61;57;62;70;29133;6029;137;99.0;2.7;3.0;26.7;26.4;414;412;50.1;-7.7;298;296;50.2;-7.4;1;35;16
6197;137;137;42;12;5;-6;10;3;1;0;0;0;0;25;11;11;25;62;56;66;82;33565;2933;233;98.9;2.3;2.9;27.2;30.9;472;553;46.0;-1.6;354;387;47.8;0.9;0;4;2
6199;134;134;40;2;2;-4;8;0;0;0;0;0;0;20;8;5;4;54;51;54;30;22510;535;357;101.6;3.4;4.0;29.6;40.9;321;431;42.7;-1.0;245;346;41.5;-2.7;1;120;52
6201;132;12;41;13;5;-8;6;4;1;0;0;0;0;40;11;11;25;69;57;79;78;26356;8829;450;101.6;2.7;3.0;25.3;32.8;333;416;44.5;-3.0;243;309;44.0;-3.0;4;280;152
6202;71;71;39;23;24;23;37;3;9;0;0;3;0;38;11;19;59;83;69;89;138;33678;8364;2233;104.2;4.4;1.8;37.3;24.1;646;409;61.2;8.7;483;307;61.1;8.9;2;632;341
6204;48;14;40;17;13;2;54;6;5;0;0;0;0;37;6;4;11;65;59;70;82;26139;6134;216;101.6;3.4;3.2;29.9;31.8;398;454;46.7;-2.3;300;327;47.8;-1.7;2;424;198
6205;29;29;44;5;12;2;12;0;0;0;0;0;0;38;12;23;66;58;54;61;68;40799;148;2086;100.3;4.1;4.0;34.7;34.0;649;619;51.2;0.2;476;435;52.3;1.8;0;0;0
6206;150;150;41;3;8;-17;12;1;3;0;0;0;0;23;11;14;86;69;49;87;41;42189;2088;4091;100.2;1.6;3.1;18.9;36.9;428;788;35.2;-0.2;320;574;35.8;0.8;0;0;0
6208;136;10;42;5;13;12;18;0;0;0;1;2;0;55;7;27;105;64;51;76;61;46349;30;5285;100.2;3.7;3.0;33.6;27.7;801;658;54.9;2.5;595;478;55.5;3.0;0;0;0
6211;134;21;44;7;13;-1;24;0;2;0;0;0;0;55;12;21;38;77;64;86;87;45000;4109;4266;100.6;3.0;3.1;28.9;31.5;643;712;47.5;6.0;493;536;47.9;6.7;0;0;0
6212;143;18;37;10;10;-3;14;6;5;0;0;0;0;40;9;14;29;65;58;70;74;28675;6876;152;101.3;1.9;2.1;22.7;30.6;336;458;42.3;-1.3;251;332;43.1;-0.1;1;74;41
6213;128;128;31;4;8;-24;12;2;2;0;0;0;0;8;7;8;38;62;56;64;42;27815;3507;252;98.1;1.4;4.5;17.5;44.9;243;630;27.8;-2.3;181;466;28.0;-2.4;1;200;86
6214;145;3;38;1;4;11;8;0;0;0;0;0;0;34;18;10;15;61;52;69;32;17688;37;4660;104.3;3.1;0.8;33.8;17.3;319;186;63.2;-2.2;231;129;64.2;-0.3;0;16;10
6216;31;31;27;6;7;-1;14;1;0;1;0;0;0;24;18;12;11;62;57;62;21;19956;374;2048;102.7;3.8;4.0;30.3;40.6;283;352;44.6;-3.4;197;259;43.2;-5.3;1;252;123
6217;138;138;40;5;10;9;20;0;0;0;0;0;0;48;14;17;27;62;55;66;66;33021;202;6047;99.8;3.2;2.2;32.6;22.0;543;409;57.0;3.5;405;299;57.5;4.8;1;108;50
6219;144;8;43;5;16;17;10;1;4;0;0;0;0;19;14;5;6;61;56;62;65;34078;2688;71;100.6;4.3;2.3;40.4;23.0;676;395;63.1;5.3;512;286;64.2;6.6;0;516;266
6220;126;126;40;1;3;-5;28;0;0;0;1;0;0;33;13;6;24;57;49;66;23;35813;28;5770;99.0;2.0;2.6;27.9;31.8;523;586;47.2;-12.5;385;431;47.2;-12.2;0;3;1
6221;140;17;41;5;27;0;52;0;6;0;0;5;2;77;10;20;42;62;53;71;62;44681;1761;2103;102.5;3.2;3.2;24.4;30.1;603;704;46.1;3.5;419;515;44.9;1.5;1;0;0
6222;150;150;41;2;10;-17;19;0;1;0;0;1;0;54;13;8;43;53;46;62;34;46710;2497;4513;102.9;2.2;3.4;19.0;38.1;428;899;32.3;-4.9;319;661;32.6;-4.3;1;0;0
6224;145;145;37;3;8;12;10;0;0;0;0;0;0;10;4;6;6;59;54;60;30;17183;477;275;102.5;4.0;1.5;38.5;18.9;338;175;65.9;1.2;244;124;66.3;2.7;0;65;33
6226;1;1;42;17;9;-8;17;2;0;0;0;1;1;23;37;24;13;65;62;62;78;39747;1758;3880;97.5;2.7;3.4;32.3;30.7;586;587;50.0;-0.1;430;391;52.4;0.6;1;488;220
6227;50;26;26;5;5;14;14;0;0;1;0;0;0;34;4;7;48;64;52;77;49;28576;209;4261;102.0;4.8;3.1;38.8;30.5;531;421;55.8;1.0;407;324;55.7;0.9;1;0;0
6235;152;152;34;1;11;-11;14;0;1;0;0;2;0;41;29;11;22;62;59;63;24;24199;1523;1084;100.6;2.5;4.0;20.8;34.7;248;353;41.3;-0.7;178;269;39.8;-0.9;1;25;9
6236;23;23;41;1;12;-9;19;1;1;0;1;1;0;60;8;34;84;63;57;68;82;42052;2313;762;95.7;2.5;3.3;36.0;29.7;666;579;53.5;0.5;491;409;54.6;1.7;1;0;0
6239;149;149;41;8;3;-14;4;1;2;0;0;0;0;33;10;15;27;60;54;62;45;30225;3413;1627;103.8;1.9;3.6;16.4;45.9;262;664;28.3;-0.7;182;520;25.9;-4.6;1;40;21
6240;8;8;3;0;1;-3;2;0;0;0;0;0;0;0;1;1;1;55;56;52;3;1685;0;0;88.5;2.1;8.5;32.0;47.0;19;37;33.9;-20.2;17;26;39.5;-20.8;0;1;0
6242;78;8;43;5;24;7;51;2;12;0;0;3;1;74;15;23;119;69;54;83;143;43590;11035;10201;99.4;3.2;2.6;35.3;26.4;772;580;57.1;11.4;588;433;57.6;11.9;0;0;0
6243;150;150;37;4;6;-17;8;0;1;0;0;0;0;20;5;23;38;60;56;62;34;26874;1813;2515;101.5;2.1;4.3;17.4;39.8;257;528;32.7;-4.0;190;392;32.6;-3.8;0;7;3
6244;0;0;23;3;2;-10;12;0;0;0;0;0;0;21;10;4;13;62;62;59;31;19423;1394;120;95.3;1.9;3.5;30.0;32.3;244;285;46.1;1.9;186;206;47.4;2.4;0;0;0
6245;45;28;29;5;18;10;12;0;2;0;1;0;0;61;12;9;38;72;57;86;68;31193;2734;2749;101.2;3.5;2.2;34.3;24.6;573;413;58.1;0.2;410;295;58.2;0.2;0;0;0
6247;28;28;40;1;12;-10;12;0;0;0;1;0;0;42;12;27;64;59;53;64;58;42155;496;2230;97.1;2.3;3.1;33.9;31.6;633;600;51.3;-2.5;455;434;51.2;-2.8;0;0;0
6248;129;129;41;4;8;-1;2;1;0;0;0;0;0;23;9;5;24;57;52;62;35;18619;2815;420;102.5;2.7;2.9;25.9;36.3;220;341;39.2;-4.8;170;258;39.7;-3.4;1;41;14
6249;19;19;40;11;14;10;24;1;0;1;2;0;0;41;32;27;14;65;60;69;57;34813;1425;4691;102.2;3.4;2.7;27.9;26.8;455;451;50.2;3.5;308;314;49.5;3.0;0;439;224
6251;147;147;36;1;2;-36;2;0;0;0;0;0;0;33;13;7;53;62;49;77;24;33188;1664;2298;96.0;1.3;5.1;16.3;42.4;277;709;28.1;-1.1;198;535;27.0;-2.6;0;0;0
6252;47;47;21;1;1;-4;4;0;0;0;0;0;0;5;3;1;17;57;53;58;16;8465;244;4396;100.2;1.7;3.4;20.8;42.5;78;183;29.9;-8.4;68;133;33.8;-3.4;0;71;36
6253;25;25;42;2;13;-9;10;0;0;0;1;0;0;41;8;35;69;61;56;64;79;47585;648;2590;99.7;3.5;4.2;32.0;37.9;673;780;46.3;-1.9;492;584;45.7;-1.2;1;0;0
6254;17;17;42;9;10;-12;8;1;0;0;0;0;0;61;59;23;42;67;64;67;69;36734;3256;974;99.8;2.5;3.5;28.7;38.9;511;597;46.1;3.3;356;453;44.0;2.1;3;42;15
6255;50;26;18;4;7;9;22;0;0;0;1;0;0;10;5;3;3;58;55;58;26;8663;294;474;105.8;5.8;2.5;38.6;27.0;158;106;59.8;4.0;121;85;58.7;2.5;1;48;21
6257;156;156;40;11;21;0;38;0;4;0;0;1;0;40;52;39;8;66;59;73;91;41187;7844;429;99.8;2.9;2.6;28.1;25.2;509;445;53.4;4.7;369;337;52.3;4.2;4;688;364
6258;152;152;41;8;17;-27;27;1;7;1;0;1;0;58;39;34;21;65;60;67;63;33361;7637;2100;96.6;2.2;5.1;25.0;42.2;382;546;41.2;-1.6;280;439;38.9;-2.9;0;452;200
6260;145;3;40;20;13;8;15;7;6;0;0;1;1;73;12;16;18;73;67;74;130;33578;8559;38;98.8;2.9;1.6;35.4;17.2;638;311;67.2;2.9;469;222;67.9;4.7;5;32;15
6261;156;154;40;7;20;-8;22;2;5;2;3;0;0;108;61;37;12;73;70;72;111;46511;7598;1457;96.9;2.2;2.9;28.0;26.5;564;530;51.6;2.2;419;413;50.4;1.6;0;54;30
6263;145;3;39;11;18;16;24;2;3;0;0;0;0;47;8;11;17;75;65;79;112;36134;4338;1008;100.4;3.4;1.6;38.4;18.9;721;345;67.6;3.4;520;257;66.9;3.4;2;524;275
6264;28;28;10;1;4;-1;2;0;1;0;0;0;0;10;1;5;10;58;55;60;19;8745;12;257;97.1;3.7;4.1;36.2;31.3;140;117;54.5;1.9;98;89;52.4;3.2;1;0;0
6272;50;26;39;8;6;2;33;0;0;0;0;1;0;29;9;10;11;65;55;71;44;20760;140;6115;100.3;3.3;2.9;34.7;31.9;350;301;53.8;-2.5;260;234;52.6;-3.6;2;291;151
6273;20;20;42;8;15;1;24;2;5;0;0;0;0;36;13;43;42;61;56;67;112;38633;6872;787;103.0;3.5;3.1;31.2;36.9;525;600;46.7;-2.5;382;452;45.8;-4.9;2;0;0
6274;137;137;42;3;11;-7;16;0;3;0;1;0;0;28;10;14;42;66;57;76;58;37327;3835;2339;98.0;2.1;3.2;27.0;32.4;506;606;45.5;-2.4;373;441;45.8;-1.9;0;0;0
6275;144;8;26;1;8;7;6;0;1;0;0;0;0;16;3;7;11;65;52;77;47;22553;2228;1465;100.8;3.4;2.2;33.2;24.1;378;281;57.4;-1.8;276;203;57.6;-2.1;0;0;0
6276;34;2;25;3;5;-14;16;1;2;0;0;0;0;16;8;3;8;62;57;64;44;16822;3767;1228;94.2;1.5;4.1;30.2;37.9;235;294;44.4;-5.4;188;227;45.3;-3.8;2;40;19
6278;149;149;16;7;4;-4;10;0;2;0;0;0;0;21;3;9;12;63;57;68;34;14965;2102;484;103.7;2.4;2.9;21.4;38.5;140;315;30.8;1.9;111;235;32.1;3.1;1;269;122
6279;25;25;41;7;8;-22;47;0;3;0;0;3;2;65;11;33;55;61;58;64;94;42501;6488;1692;98.1;3.1;4.6;30.7;37.6;605;685;46.9;-0.8;422;524;44.6;-2.7;0;0;0
6281;156;156;40;11;4;-8;13;0;1;0;0;0;0;36;42;29;14;60;54;66;68;35446;2143;233;97.1;2.0;2.7;28.0;27.0;441;419;51.3;1.6;321;315;50.5;1.5;2;429;216
6282;137;137;41;6;4;-7;20;0;0;0;0;0;0;21;4;16;31;59;55;59;32;24162;68;2899;97.8;1.6;3.3;23.5;35.8;322;412;43.9;-4.0;219;312;41.2;-7.2;1;66;26
6285;43;17;39;0;8;-2;27;0;0;0;0;1;0;32;8;19;74;67;50;84;47;37359;303;5940;99.1;2.8;3.0;29.4;28.6;562;558;50.2;0.7;414;414;50.0;1.2;0;0;0
6286;140;140;39;3;6;-11;18;0;1;0;0;0;0;13;6;6;3;56;54;53;33;26768;901;1202;98.0;2.6;4.2;24.1;33.1;323;481;40.2;-4.4;243;353;40.8;-3.7;0;23;9
6289;127;31;14;2;5;-3;6;0;0;0;0;0;0;16;12;4;3;63;55;65;23;12327;976;235;94.0;3.5;4.4;34.8;27.2;218;160;57.7;11.9;162;117;58.1;12.3;0;168;99
6290;156;154;40;2;10;-10;18;0;1;1;1;0;0;70;15;33;42;62;58;67;83;45924;2426;2339;96.4;1.8;2.8;27.1;27.6;545;539;50.3;0.2;410;410;50.0;1.0;0;0;0
6291;143;18;38;6;9;1;28;0;1;0;0;0;0;38;12;5;27;59;55;58;44;28818;1938;325;102.8;2.9;2.7;26.6;34.5;363;500;42.1;-0.9;281;370;43.2;0.8;1;37;18
6294;140;140;41;9;8;-14;10;0;0;0;0;0;0;41;13;19;30;60;55;60;53;31944;1534;4746;97.4;3.0;4.7;25.9;32.9;411;536;43.4;-0.5;300;405;42.6;-1.7;1;47;21
6295;142;23;39;23;21;22;54;4;7;1;0;0;0;25;17;11;4;69;66;68;147;37349;5371;1264;99.3;3.7;1.4;45.7;16.7;837;352;70.4;-1.3;621;248;71.5;-0.3;6;13;7
6298;127;31;36;9;21;-8;8;5;7;0;0;0;0;47;15;11;14;70;61;78;82;30889;6590;125;96.5;2.9;3.6;30.5;27.6;494;454;52.1;-0.4;365;336;52.1;0.6;1;559;277
6299;58;24;39;5;8;17;18;0;0;0;1;0;0;52;6;10;57;68;52;83;66;38184;153;4129;103.3;3.8;2.3;33.7;28.8;636;547;53.8;0.9;495;402;55.2;2.1;1;0;0
6300;150;150;41;2;7;-18;24;0;0;0;0;0;0;53;8;7;66;61;53;67;54;39372;513;3022;98.8;1.5;3.1;19.9;36.5;411;701;37.0;2.4;301;531;36.2;1.3;0;38;12
6302;53;53;35;1;1;-10;20;0;0;0;1;0;0;28;4;11;60;62;49;77;22;32502;304;4954;98.0;1.9;3.0;28.6;34.8;479;554;46.4;3.4;353;411;46.2;2.3;0;0;0
6303;126;124;41;4;16;22;20;0;1;0;1;0;0;47;7;21;53;63;55;70;107;47244;3841;2968;100.6;4.0;2.4;36.2;23.2;874;548;61.5;8.5;659;417;61.2;8.5;0;0;0
6305;148;148;42;0;6;4;2;0;1;0;0;0;0;15;13;4;5;54;50;55;34;20079;337;1884;102.9;2.9;2.3;28.3;32.1;285;339;45.7;-11.2;207;242;46.1;-11.4;0;8;3
6307;33;29;16;0;0;-5;2;0;0;0;0;0;0;6;2;0;0;50;48;54;7;11547;0;1060;96.7;1.6;3.4;27.4;38.3;153;239;39.0;-10.8;125;177;41.4;-9.3;0;0;0
6310;145;3;36;6;10;6;4;1;3;0;0;0;0;26;6;8;9;64;56;69;58;18919;2528;498;99.1;3.2;1.9;35.2;18.8;362;184;66.3;1.7;251;139;64.4;0.2;1;285;167
6311;127;31;41;14;12;3;26;0;2;0;0;0;0;80;17;10;49;65;62;62;83;39378;710;2010;100.1;3.0;2.7;31.5;28.9;654;580;53.0;2.1;478;435;52.4;2.2;2;63;33
6314;147;147;42;5;4;-35;18;3;2;0;0;0;0;27;15;9;30;55;52;54;59;35264;7688;0;98.9;1.6;4.9;16.2;44.0;293;791;27.0;-1.7;219;595;26.9;-2.2;0;41;19
6315;0;0;35;6;7;-4;2;0;0;0;0;0;0;11;14;8;3;56;53;56;35;17719;229;202;100.6;3.9;4.5;31.5;38.2;267;300;47.1;-0.0;184;215;46.1;-1.9;0;186;98
6317;56;56;21;2;10;-5;18;1;2;0;0;0;0;13;4;5;22;67;61;71;42;14802;1527;305;97.1;2.9;4.1;33.8;35.8;239;254;48.5;0.1;185;195;48.7;1.2;0;2;0
6320;135;2;40;11;19;22;22;0;0;2;0;0;0;121;11;11;38;69;64;69;114;38140;342;5105;98.7;3.7;1.9;39.1;17.6;767;367;67.6;8.0;575;253;69.4;9.0;7;36;12
6322;14;14;42;17;30;6;19;4;11;0;0;1;0;59;60;36;31;74;73;73;123;40919;6215;171;101.5;4.0;3.3;35.5;33.8;689;625;52.4;3.3;473;467;50.3;2.3;4;24;8
6324;149;149;39;0;7;-21;29;0;1;0;0;0;0;30;8;16;69;56;49;64;30;39919;2798;3472;100.7;1.5;3.5;17.9;44.8;339;868;28.1;-0.1;246;648;27.5;-1.7;0;0;0
6325;128;128;35;8;4;-16;24;2;1;0;0;0;0;36;10;12;26;57;53;57;30;28615;792;3619;99.4;1.4;3.5;17.6;41.9;258;603;30.0;-2.4;196;456;30.1;-2.5;0;116;47
6326;144;8;43;10;9;-4;16;3;6;0;0;0;0;38;15;5;7;71;60;80;91;26680;10094;207;98.2;2.3;2.7;27.8;26.9;404;368;52.3;-8.6;290;287;50.3;-11.3;1;10;7
6329;25;25;36;3;10;-10;18;0;0;1;0;0;0;35;34;22;45;64;58;70;36;27483;114;5631;96.3;2.8;4.2;30.9;33.3;372;407;47.8;0.8;280;291;49.0;3.5;1;96;45
6330;24;24;41;6;9;-6;2;0;0;1;0;0;0;38;29;23;17;61;57;62;56;35038;716;1366;101.4;3.2;3.7;26.4;34.7;449;536;45.6;-0.2;316;378;45.5;-1.5;1;25;15
6335;19;19;33;3;13;7;8;0;2;0;1;0;0;32;4;13;36;60;57;61;71;33934;1306;1800;102.9;3.7;3.1;29.1;31.3;444;486;47.7;1.3;305;348;46.7;0.5;2;0;0
6336;3;3;41;4;13;14;20;0;2;1;1;0;0;58;9;23;85;62;56;68;67;42963;1496;3336;102.8;4.3;2.9;37.3;34.0;724;675;51.8;4.4;526;491;51.7;3.7;0;0;0
6341;147;147;42;1;0;-35;14;1;0;0;0;0;0;21;18;7;40;58;50;64;30;20057;4335;2241;88.2;0.2;6.3;14.0;47.9;140;462;23.3;-5.9;110;355;23.7;-5.8;0;297;145
6342;126;126;32;0;1;-1;14;0;0;0;0;0;0;20;13;4;28;59;49;70;18;26840;14;2029;97.7;2.4;2.7;29.1;25.2;424;363;53.9;-2.4;300;267;52.9;-3.3;0;0;0
6343;140;17;38;7;12;-21;24;0;1;0;0;0;0;44;15;14;22;63;56;66;58;32313;340;2059;93.4;2.2;4.6;25.5;29.7;413;529;43.8;-0.8;304;393;43.6;-1.3;1;46;19
6344;2;2;44;7;35;25;28;1;6;0;0;0;0;92;43;28;9;70;65;73;80;39311;8864;0;104.9;4.9;2.5;34.7;27.1;611;514;54.3;0.8;431;354;54.9;0.4;3;2;2
6345;23;23;41;8;9;10;17;0;1;1;0;1;0;42;28;17;21;62;58;66;49;30763;1321;1101;101.7;3.5;2.3;35.5;28.4;508;420;54.7;2.1;360;292;55.2;2.4;2;214;107
6346;31;31;42;0;11;0;16;0;0;0;0;0;0;38;11;21;52;57;51;64;71;42501;164;978;100.7;3.3;3.3;34.4;37.3;648;719;47.4;-0.1;468;517;47.5;0.5;0;0;0
6347;149;149;41;4;11;-21;6;0;2;0;0;0;0;45;16;8;20;63;55;67;50;39152;3475;736;101.4;1.5;3.4;16.5;45.1;331;854;27.9;-1.3;236;645;26.8;-3.8;1;631;320
6348;126;124;41;12;20;4;20;3;1;0;1;0;0;35;15;20;45;72;65;76;107;39013;1557;4281;97.3;3.1;2.9;35.7;24.9;712;479;59.8;5.3;532;363;59.4;5.0;2;100;54
6349;151;152;34;2;7;-7;6;1;0;0;0;0;0;30;2;8;44;65;55;72;22;19415;1594;2570;97.9;2.6;3.9;23.0;29.1;251;269;48.3;-1.1;179;201;47.1;-2.6;0;127;62
6350;149;149;41;4;1;-17;24;0;0;0;0;0;0;47;12;13;43;61;53;66;37;28595;67;3459;97.6;1.0;3.3;18.1;40.9;258;589;30.5;2.1;197;439;31.0;2.0;0;62;30
6353;125;125;22;0;3;-5;4;0;1;0;0;0;0;26;2;1;13;58;54;57;16;9053;2141;530;96.8;2.0;4.0;25.1;35.8;117;167;41.2;-2.0;83;115;41.9;-0.4;0;9;5
6354;139;139;42;7;14;4;10;2;1;0;1;0;0;27;14;9;9;64;58;67;95;34380;4919;1403;102.3;2.9;2.4;26.9;28.1;501;481;51.0;-0.6;366;367;49.9;-2.1;2;51;35
6355;139;139;37;5;7;-3;6;0;0;0;0;0;0;78;15;9;7;61;57;56;55;28425;230;1887;99.8;2.5;2.9;26.0;29.3;422;439;49.0;-4.0;300;314;48.9;-3.9;0;50;25
6356;147;9;42;5;7;-26;41;0;0;1;2;1;1;71;14;22;81;68;54;79;48;35351;362;7121;97.9;1.5;4.3;17.9;40.4;316;718;30.6;3.2;242;539;31.0;3.4;1;529;256
6357;133;26;32;3;14;-3;20;2;6;0;0;0;0;30;11;3;14;61;57;63;79;28052;5593;0;98.4;2.6;2.8;32.0;29.3;455;428;51.5;2.4;349;326;51.7;2.4;1;19;7
6358;145;3;39;3;14;11;8;0;0;0;0;0;0;40;11;27;58;65;51;78;83;44548;1116;4423;97.3;2.6;1.7;36.2;17.2;853;395;68.3;5.0;612;293;67.6;4.9;1;0;0
6359;10;10;39;7;12;-8;18;3;7;0;0;0;0;46;7;43;48;65;60;69;102;40833;6187;1042;99.3;2.4;3.0;28.9;33.7;517;564;47.8;-0.6;389;430;47.5;0.5;1;1;1
6360;1;1;42;10;21;2;10;0;0;1;0;0;0;38;48;27;27;64;62;63;104;39038;714;1175;99.4;3.6;3.5;36.4;33.4;626;637;49.6;-0.6;453;433;51.1;-1.1;2;46;26
6361;1;1;42;8;12;1;6;0;0;1;0;0;0;21;20;28;22;63;57;65;52;29830;74;2686;98.1;3.3;3.4;36.3;31.0;496;458;52.0;2.6;353;299;54.1;2.9;1;427;208
6362;134;134;33;12;5;-6;20;1;0;0;0;0;0;37;9;4;19;57;55;54;39;22462;1714;405;103.7;3.4;4.2;23.7;39.9;252;465;35.1;-9.7;197;337;36.9;-7.6;1;350;169
6363;37;37;38;5;10;-6;12;0;1;0;0;0;0;18;11;9;30;60;56;61;60;28575;1636;2281;98.5;2.6;3.4;29.5;32.5;410;444;48.0;1.7;319;339;48.5;2.6;1;260;137
6369;150;150;41;3;8;-23;31;0;1;0;0;2;0;55;16;14;58;72;50;88;36;42272;1355;3243;98.1;1.4;3.4;18.4;34.9;426;759;35.9;0.9;304;566;34.9;-0.5;0;0;0
6370;55;9;38;6;13;12;20;0;0;0;0;0;0;27;11;11;51;65;57;72;74;27677;1733;5671;101.4;3.8;2.2;35.5;24.1;471;384;55.1;-0.1;366;262;58.3;3.0;1;335;185
6375;149;149;41;3;7;-30;25;1;0;0;1;1;0;78;14;13;42;64;50;76;33;49803;3474;5737;100.3;1.6;3.8;16.1;39.9;422;1028;29.1;0.4;311;756;29.1;-0.4;0;1;0
6376;133;26;41;18;16;7;16;5;6;0;0;0;0;53;12;12;51;66;60;69;85;28157;5340;1808;104.6;4.2;3.1;30.9;34.1;391;491;44.3;-4.9;316;367;46.3;-2.4;3;484;257
6379;134;134;34;2;1;-6;10;0;0;0;0;0;0;23;9;2;4;54;51;53;32;21281;745;258;98.9;1.7;2.7;25.5;35.2;282;378;42.7;-0.9;212;273;43.7;0.2;0;13;7
6381;27;27;32;0;14;-6;12;0;2;0;0;0;0;37;23;13;16;63;58;67;34;29179;1105;294;99.4;2.8;3.6;34.1;40.0;441;515;46.1;-4.2;317;388;45.0;-4.9;0;370;193
6383;126;126;39;4;7;-12;6;0;1;0;1;0;0;26;13;8;65;58;53;62;55;35324;2593;2467;97.5;2.2;3.5;29.1;34.0;526;615;46.1;-14.0;387;456;45.9;-14.1;1;1;1
6387;137;137;42;2;12;-6;18;0;0;0;3;0;0;75;17;16;64;60;51;69;52;48759;309;6754;100.2;2.1;2.7;24.5;31.3;680;739;47.9;1.2;489;551;47.0;-0.2;0;0;0
6389;133;133;38;5;6;7;15;0;0;0;0;1;0;14;14;7;13;55;52;56;29;23058;402;0;105.6;3.4;2.3;27.5;33.7;315;380;45.3;-2.1;239;295;44.8;-2.5;0;20;9
6391;148;30;16;2;3;2;6;2;0;0;0;0;0;14;10;3;22;67;51;86;30;14614;540;1340;101.2;2.7;2.2;34.0;32.5;239;245;49.4;-6.5;186;189;49.6;-7.0;0;0;0
6392;137;137;40;7;17;-2;80;0;6;2;1;6;1;59;13;9;38;66;61;67;85;37716;6659;1709;97.8;2.1;2.6;29.1;27.3;570;535;51.6;5.9;410;383;51.7;6.0;3;65;33
6393;149;149;41;3;6;-14;10;1;0;0;0;0;0;36;7;10;16;57;52;58;32;33812;4405;191;103.7;1.9;3.4;16.6;43.3;281;747;27.3;-2.1;212;550;27.8;-2.2;0;53;30
6397;149;149;39;1;4;-16;20;1;1;0;0;0;0;42;13;10;29;62;54;68;49;31639;3327;789;99.7;1.3;2.8;18.8;40.7;308;639;32.5;3.9;230;465;33.1;3.9;0;22;8
6399;12;12;41;7;25;1;28;0;4;0;0;0;0;50;48;24;24;66;65;65;81;37636;5055;632;98.2;3.8;3.5;38.1;29.9;633;489;56.4;-0.8;463;361;56.2;-0.5;0;87;52
6400;47;47;24;1;5;3;12;0;0;0;0;0;0;18;6;5;20;59;51;67;10;9232;93;5625;114.4;4.3;3.1;20.7;48.7;98;236;29.3;-8.5;74;167;30.7;-6.8;0;104;40
6401;26;26;44;10;21;-13;20;0;4;0;0;0;0;31;50;47;17;63;59;67;70;41881;5894;1072;100.5;3.4;3.9;30.9;37.3;596;648;47.9;-0.5;430;503;46.1;-1.1;2;605;295
6402;147;9;42;7;13;-29;52;0;0;1;1;0;0;66;11;23;49;70;58;78;54;38796;1553;7156;103.3;2.1;4.9;15.0;45.0;318;854;27.1;-1.6;231;640;26.5;-2.9;2;674;326
6403;148;148;6;0;0;-3;2;0;0;0;0;0;0;6;1;1;3;53;49;55;4;2744;0;0;90.6;0.0;3.9;26.2;42.0;28;59;32.2;-21.2;23;42;35.4;-20.0;0;11;5
6405;138;138;40;4;2;-2;14;0;0;0;0;0;0;49;7;16;38;59;51;68;66;38993;3327;3707;99.0;3.0;3.1;28.1;27.1;606;549;52.5;-3.1;423;408;50.9;-4.7;2;0;0
6406;148;30;42;9;14;22;6;1;2;1;0;0;0;29;8;12;13;65;59;68;66;31971;1594;1952;105.2;3.9;1.6;34.9;25.8;569;443;56.2;1.5;418;306;57.7;2.5;2;29;12
6408;138;138;40;8;10;3;16;3;0;0;0;0;0;38;7;16;17;64;57;68;65;28790;2384;923;101.4;2.6;2.1;28.6;27.3;462;398;53.7;-1.1;322;292;52.4;-2.1;1;7;4
6412;128;128;38;2;5;-29;71;0;0;0;0;1;0;126;11;4;14;57;53;56;23;29997;238;1363;94.7;1.0;4.4;17.4;41.0;290;617;32.0;-3.0;212;461;31.5;-3.7;0;27;7
6415;17;17;32;0;6;-4;17;0;0;0;0;1;1;45;10;23;31;62;57;64;58;32209;1309;578;102.1;2.9;3.2;27.2;37.6;402;518;43.7;0.7;281;399;41.3;-0.2;0;1;1
6416;150;150;36;3;10;-15;28;2;4;0;0;0;0;31;6;7;13;59;53;62;40;21710;4893;201;97.9;1.2;3.5;17.6;40.1;193;427;31.1;-6.5;148;324;31.4;-6.1;1;260;122
6417;137;137;42;7;5;-6;14;0;2;0;0;0;0;32;13;12;34;64;57;69;80;37245;2906;125;97.5;1.8;2.4;27.9;26.7;546;528;50.8;5.1;403;382;51.3;5.8;1;8;4
6418;150;150;30;2;8;-7;12;0;2;0;0;0;0;47;10;3;7;60;56;60;40;23358;2516;16;101.8;2.3;3.2;22.5;38.1;262;421;38.4;1.5;199;323;38.1;0.9;0;21;7
6420;21;21;40;7;13;2;16;2;0;0;0;0;0;66;9;46;36;65;60;69;94;43144;3234;2662;100.0;3.2;2.8;35.2;30.5;675;573;54.1;1.6;508;422;54.6;1.5;0;1;1
6423;137;137;42;2;7;-4;32;0;0;1;0;0;0;46;9;8;23;58;52;62;64;40320;1121;2702;98.2;2.1;2.7;29.6;30.5;612;642;48.8;2.4;452;469;49.1;2.9;0;2;0
6424;45;28;44;12;19;16;20;1;2;0;0;0;0;39;7;11;46;68;61;72;96;35028;2534;2164;104.1;4.3;2.6;34.2;30.0;629;523;54.6;-2.1;468;384;54.9;-1.8;2;20;8
6426;28;28;41;6;18;0;22;1;2;0;0;0;0;35;26;28;21;64;61;67;59;36648;3024;999;99.6;3.3;2.9;38.0;32.1;593;520;53.3;0.4;440;376;53.9;1.3;1;437;227
6427;137;137;42;1;6;-8;36;0;0;1;1;0;0;82;10;8;29;55;50;59;51;39750;163;4130;98.3;2.0;3.0;25.6;31.4;511;642;44.3;-4.1;376;462;44.9;-3.2;0;0;0
6429;47;47;41;1;5;-21;18;1;2;0;0;0;0;36;5;5;16;58;53;62;37;23117;3094;222;94.9;1.7;5.0;25.2;41.9;272;496;35.4;-1.8;207;382;35.1;-2.3;0;350;169
6431;7;7;43;16;27;2;14;1;4;0;2;0;0;61;70;19;26;71;73;63;145;47485;1694;1293;99.0;3.6;3.6;37.5;34.1;796;701;53.2;3.1;580;519;52.8;2.9;3;116;55
6432;8;8;42;15;16;4;10;4;3;1;0;0;0;44;45;34;15;65;58;71;111;38749;6495;686;98.3;3.4;2.9;41.5;28.9;676;491;57.9;3.8;524;361;59.2;4.6;3;673;383
6433;30;30;40;11;31;11;28;1;11;0;3;0;0;57;66;54;30;71;60;84;67;33935;8978;6553;103.6;3.4;2.2;28.1;26.2;409;420;49.3;2.1;307;290;51.4;1.8;3;623;306
6434;17;17;42;13;10;-15;12;2;4;0;0;0;0;39;27;38;34;68;62;73;54;38843;6281;703;99.0;2.5;3.7;27.6;37.0;481;635;43.1;-0.9;341;478;41.6;-1.2;0;607;304
6435;152;152;41;7;8;-23;8;4;1;0;2;0;0;88;17;46;75;67;63;72;127;46575;8013;5581;97.1;1.8;3.7;23.0;34.9;472;693;40.5;-2.8;352;529;40.0;-1.6;0;0;0
6436;24;24;39;6;11;-7;40;1;1;0;1;1;1;44;12;37;96;64;58;72;114;48265;3525;1664;99.0;2.8;3.1;30.9;30.8;633;706;47.3;1.3;470;487;49.1;2.7;2;0;0
6437;28;28;41;11;11;6;27;0;1;0;0;1;0;51;33;16;29;68;67;65;87;34906;1074;2149;100.1;3.6;3.0;35.5;29.6;545;487;52.8;-0.3;389;338;53.5;0.7;3;45;21
6438;28;28;38;2;10;2;23;0;0;0;0;1;0;46;5;22;46;60;56;62;60;38105;118;2508;99.3;4.3;4.1;37.4;33.7;608;525;53.7;1.1;451;401;52.9;-0.4;0;0;0
6439;3;3;41;3;10;-13;13;0;0;1;1;1;0;17;18;31;20;61;54;67;25;25585;0;3999;94.7;2.1;4.2;30.8;34.6;377;435;46.4;-2.9;268;301;47.1;-2.6;0;340;188
6440;10;10;39;6;10;-10;7;0;1;0;0;1;0;17;30;19;16;60;57;62;43;32323;1366;839;97.9;2.0;3.1;29.0;34.6;425;492;46.3;-2.6;314;375;45.6;-2.1;2;340;197
6441;10;10;39;3;7;-9;13;0;0;0;1;1;0;49;10;34;69;61;54;71;67;44404;820;4610;97.8;1.9;2.8;28.1;31.0;587;610;49.0;1.2;405;463;46.7;-0.7;1;0;0
6442;45;28;43;16;10;16;55;3;2;1;0;1;0;64;6;17;28;72;66;73;108;39573;3028;7070;102.4;3.1;1.5;35.8;24.7;765;479;61.5;7.5;564;362;60.9;6.6;3;813;416
6444;23;23;41;10;8;-9;10;0;0;1;1;0;0;55;49;15;30;65;62;68;108;31724;702;7127;96.0;2.6;3.9;36.3;34.5;520;470;52.5;-0.9;382;364;51.2;-3.0;2;121;45
6445;9;9;41;11;14;-20;30;1;6;1;0;0;0;73;36;37;29;68;65;69;78;37684;4844;4958;95.4;3.0;4.4;32.7;32.2;562;510;52.4;4.6;413;389;51.5;5.1;1;218;91
6447;9;9;41;16;24;18;25;0;0;2;3;1;0;41;39;34;23;67;63;71;90;33707;73;5216;101.1;4.8;3.4;38.3;29.8;564;466;54.8;2.8;413;324;56.0;4.5;3;426;204
6448;18;18;42;14;22;7;25;0;0;0;1;1;1;49;40;34;14;66;61;65;103;41207;1730;548;100.3;4.2;3.7;37.1;33.3;653;572;53.3;1.8;487;438;52.6;2.0;1;474;251
6449;14;14;42;18;16;-3;16;3;7;0;0;0;0;67;41;19;24;70;70;67;118;36506;5914;133;100.1;3.5;3.6;32.0;34.2;575;560;50.7;0.7;373;414;47.4;-1.8;2;19;6
6450;30;30;40;7;5;5;27;0;0;0;0;3;0;94;45;22;11;70;64;72;51;31823;2156;1584;101.7;1.9;1.4;26.9;24.9;360;347;50.9;4.1;282;257;52.3;2.9;3;29;14
6451;25;25;36;7;15;-7;13;0;1;0;1;0;0;47;42;25;15;66;63;66;65;31508;1984;4925;98.3;2.6;3.4;33.1;35.4;452;465;49.3;1.9;337;363;48.1;2.2;0;17;7
6452;7;7;41;3;7;-2;8;0;0;0;0;0;0;15;14;20;7;58;54;61;30;20271;0;122;98.1;3.0;3.4;33.4;30.9;306;278;52.4;1.5;209;199;51.2;0.4;1;204;112
6453;29;29;42;14;9;12;8;0;1;3;2;0;0;46;31;17;14;62;57;66;72;19147;1511;5221;101.6;4.1;2.4;42.3;29.9;334;275;54.8;3.0;251;186;57.4;5.6;2;12;7
6454;155;154;42;5;13;-2;22;2;0;0;0;0;0;21;5;15;30;63;58;66;65;29698;2316;5341;96.2;2.2;2.4;36.2;24.6;594;373;61.4;0.0;434;275;61.2;0.3;2;147;62
6455;131;1;42;11;27;29;34;1;2;0;0;0;0;44;10;8;21;67;65;65;95;35635;1924;3731;98.7;4.5;1.9;45.0;16.8;774;324;70.5;1.5;576;229;71.6;2.9;3;39;16
6456;24;24;43;4;22;-8;21;3;13;0;0;1;1;55;5;42;42;67;65;68;100;45788;9437;1629;98.9;2.4;3.1;26.9;31.9;553;675;45.0;-2.0;399;493;44.7;-4.0;0;0;0
6457;27;27;41;11;28;9;12;2;6;0;0;0;0;70;42;28;25;72;71;71;131;36673;7019;231;101.6;3.7;2.7;35.8;31.2;586;530;52.5;3.6;426;379;52.9;5.0;1;5;4
6458;2;2;44;7;17;11;20;1;1;0;0;0;0;71;9;22;35;63;61;62;89;47293;3004;866;100.5;4.1;3.3;35.1;29.2;732;613;54.4;1.1;538;441;55.0;0.5;1;0;0
6459;14;14;41;6;19;0;19;0;0;1;0;1;0;61;51;36;42;67;60;73;78;40713;389;4412;100.0;2.9;3.0;34.2;35.5;629;581;52.0;2.7;460;458;50.1;2.1;1;112;49
6460;55;9;40;14;18;7;8;4;3;0;0;0;0;53;6;13;13;63;59;61;65;28804;2630;233;102.6;4.0;3.0;33.2;31.7;500;439;53.2;-1.4;375;325;53.6;-2.0;2;30;15
6461;139;19;42;9;18;-5;28;0;5;0;0;0;0;81;18;21;25;68;59;74;102;37571;6892;2326;98.2;2.4;2.8;27.3;26.3;521;497;51.2;-0.4;392;379;50.8;-0.9;2;26;9
6462;3;3;41;1;10;4;20;0;0;0;0;2;2;39;8;15;112;59;51;68;37;40691;275;4394;101.1;3.7;3.4;33.5;33.8;592;669;46.9;-2.6;446;457;49.4;0.2;0;0;0
6463;53;8;42;6;20;0;20;1;5;0;0;0;0;38;6;15;32;69;61;75;96;38236;3518;5785;101.2;3.2;3.0;31.4;33.4;571;641;47.1;2.8;447;486;47.9;3.5;0;596;310
6465;1;1;42;14;11;9;11;0;1;0;0;1;1;51;45;18;37;66;61;70;84;33349;1299;3859;101.7;3.6;2.6;35.1;30.7;541;512;51.4;1.8;377;337;52.8;1.2;1;202;88
6466;20;20;42;13;22;7;14;4;7;0;0;0;0;58;48;30;34;71;66;75;86;40050;9134;68;102.7;3.2;2.2;33.3;32.2;579;599;49.2;1.1;421;431;49.4;0.4;2;26;11
6467;43;17;24;3;5;-2;12;0;0;0;0;0;0;20;4;15;79;64;51;77;23;22294;607;5326;100.4;2.9;3.2;27.3;31.5;300;352;46.0;-2.9;216;269;44.5;-4.3;0;0;0
6468;1;1;42;10;21;-1;10;0;0;1;1;0;0;50;37;30;11;65;62;63;94;34934;1981;1131;97.3;3.5;3.8;36.2;30.8;575;532;51.9;2.6;412;352;53.9;2.7;1;9;3
6469;125;124;6;0;1;3;12;0;0;0;0;0;0;16;2;6;14;67;51;87;2;5795;237;1505;111.1;3.7;1.9;23.0;36.7;76;108;41.3;1.7;51;78;39.5;-0.1;0;0;0
6470;3;3;41;11;22;17;16;4;1;0;0;0;0;29;38;41;27;68;58;77;56;39137;4514;3413;105.3;4.5;2.8;34.8;36.1;604;621;49.3;0.7;447;451;49.8;0.8;1;637;357
6471;23;23;1;1;0;1;2;0;0;0;0;0;0;1;1;0;0;63;61;66;4;533;0;192;114.3;6.7;0.0;47.2;33.7;8;9;47.1;-3.9;7;5;58.3;3.6;0;1;1
6473;141;25;43;21;20;29;19;1;2;0;0;1;0;47;19;23;19;72;65;76;133;44305;2866;2414;103.4;3.9;1.5;34.8;19.7;813;452;64.3;3.6;597;333;64.2;3.1;2;644;311
6474;130;14;38;11;17;13;12;4;2;0;0;0;0;43;13;15;20;64;61;66;106;35352;4376;575;100.0;3.3;1.9;37.7;22.4;674;440;60.5;8.1;519;308;62.8;10.5;0;49;22
6475;134;21;42;6;12;-1;18;0;0;1;0;0;0;77;13;15;96;74;57;90;88;45262;1709;4151;102.3;3.0;3.1;29.2;38.5;640;848;43.0;0.3;485;631;43.5;0.9;1;0;0
6476;139;19;42;13;16;-11;12;5;4;0;0;0;0;26;15;12;17;66;60;68;98;35464;8099;553;97.3;2.6;3.6;27.1;28.5;481;500;49.0;-3.3;366;378;49.2;-3.2;1;615;317
6477;59;1;29;1;6;0;14;0;0;0;0;0;0;14;3;4;5;58;56;56;27;18548;382;124;99.9;2.3;2.3;31.1;30.5;301;264;53.3;1.0;234;203;53.5;0.2;0;21;13
6478;151;152;42;5;19;4;22;3;4;0;2;0;0;61;21;13;34;67;57;78;134;46510;8192;2495;101.4;2.9;2.6;27.9;28.9;652;669;49.4;-0.6;486;506;49.0;-1.3;2;0;0
6479;156;154;40;6;10;7;8;0;0;0;2;0;0;105;15;36;33;61;54;68;62;45392;244;4757;100.3;3.3;2.8;28.9;25.5;554;493;52.9;4.3;411;387;51.5;3.3;0;0;0
6480;156;154;40;8;9;5;25;0;0;3;2;1;0;52;26;15;12;60;54;63;46;20468;52;2044;101.3;3.0;3.2;23.7;28.0;217;235;48.0;-2.5;160;189;45.8;-4.2;1;91;42
6481;34;2;41;11;21;-8;18;10;9;0;0;0;0;56;9;10;17;75;66;77;107;34804;9412;124;98.4;2.6;3.3;33.8;35.9;596;600;49.8;0.3;470;474;49.8;-0.2;0;731;385
6482;139;19;20;1;7;-3;2;1;3;0;0;0;0;30;3;8;15;61;51;71;28;19811;3229;1079;100.6;2.7;3.1;22.2;26.3;261;280;48.2;-0.8;187;213;46.8;-2.7;0;0;0
6483;55;9;27;2;1;3;12;0;0;0;0;0;0;25;10;9;56;58;49;70;28;22664;166;2834;100.7;3.2;2.9;29.9;28.8;337;347;49.3;-5.1;251;251;50.0;-5.5;0;1;0
6484;125;124;39;7;15;-9;34;0;2;1;0;0;0;80;13;9;41;69;58;82;99;39034;8633;3769;99.4;3.0;3.7;29.9;35.1;614;682;47.4;2.7;443;517;46.1;1.7;0;0;0
6487;56;21;41;13;15;6;26;2;1;1;3;0;0;58;12;15;50;67;62;67;78;36573;928;6617;100.0;3.1;2.9;30.9;29.0;565;531;51.6;2.2;414;400;50.9;1.5;2;47;17
6488;148;30;32;9;7;2;10;4;4;0;0;0;0;33;17;7;2;66;59;71;96;29202;4854;764;99.5;1.6;1.4;33.3;25.4;505;406;55.4;4.5;368;292;55.8;3.8;1;524;287
6489;156;154;40;12;16;0;18;0;3;1;1;0;0;121;55;48;43;75;68;81;78;44748;1791;4939;99.6;2.6;2.6;27.4;26.4;538;500;51.8;2.6;388;385;50.2;1.2;1;159;80
6490;135;2;39;15;21;17;15;5;5;0;0;1;0;37;6;11;21;72;66;76;109;32401;8255;1028;101.3;4.1;2.1;39.0;22.9;646;363;64.0;2.4;482;273;63.8;0.9;5;39;27
6492;132;12;41;8;14;-2;33;3;0;0;0;1;0;61;12;18;16;61;56;61;76;41963;1382;1907;100.4;2.4;2.6;26.2;29.3;580;626;48.1;1.9;422;463;47.7;1.9;2;23;7
6494;148;30;9;1;2;-5;0;0;1;0;0;0;0;6;3;2;11;59;56;58;15;6990;948;525;93.2;3.6;6.2;29.4;32.4;108;109;49.8;-5.7;77;80;49.0;-5.6;0;0;0
6496;148;30;23;3;1;11;18;0;0;0;0;0;0;37;5;16;42;68;49;89;27;22084;64;3160;103.1;3.3;1.6;32.3;23.1;348;276;55.8;-1.1;267;189;58.6;1.9;1;0;0
6497;55;9;33;5;5;6;24;0;1;0;0;0;0;51;7;19;68;68;52;84;51;30022;951;5012;100.5;3.7;3.0;32.0;27.1;490;444;52.5;-1.8;369;312;54.2;-0.4;1;0;0
6498;1;1;42;8;17;6;37;0;2;0;0;1;1;46;11;31;149;64;53;76;93;51413;907;4708;100.3;3.7;3.3;34.0;31.1;761;792;49.0;-1.6;560;515;52.1;0.3;1;2;0
6499;139;19;40;5;12;10;4;0;1;0;1;0;0;61;15;17;74;69;51;84;53;42591;2042;3643;100.9;3.5;2.7;29.8;25.4;638;535;54.4;5.1;482;411;54.0;4.2;2;0;0
6500;40;20;20;0;4;-6;20;0;0;0;1;0;0;18;7;9;66;64;49;82;16;17634;188;4101;98.1;1.8;3.3;29.0;39.8;256;349;42.3;-2.3;192;262;42.3;-1.7;0;0;0
6501;27;27;41;1;12;1;16;0;0;0;3;0;0;57;10;19;149;61;51;73;53;47684;306;4347;99.3;3.2;3.3;31.9;31.3;687;761;47.4;-3.7;481;489;49.6;0.5;0;0;0
6502;41;41;43;3;11;-2;28;1;2;0;1;0;0;22;7;13;31;61;55;65;63;33311;2915;3415;98.9;2.5;2.8;30.8;30.6;528;528;50.0;0.6;376;392;49.0;-0.1;0;32;18
6504;30;30;40;6;6;8;2;0;0;2;0;0;0;50;44;12;20;63;56;70;36;24543;98;6172;103.9;2.1;1.2;24.1;25.2;254;285;47.1;-0.9;188;203;48.1;-2.5;1;216;118
6505;126;124;41;8;19;5;6;0;2;0;1;0;0;60;8;13;26;69;68;63;94;43126;1465;4117;99.1;3.0;2.7;33.1;26.8;753;576;56.7;0.8;565;438;56.3;0.5;1;64;24
6506;36;3;35;1;12;-3;24;0;2;0;0;0;0;38;7;12;57;63;53;74;75;34442;4530;4029;100.1;3.2;3.7;29.3;33.4;489;595;45.1;0.8;377;449;45.6;1.4;0;0;0
6507;14;14;42;28;30;16;29;11;7;1;1;1;1;39;38;43;21;68;62;72;147;45708;5926;1796;103.1;4.5;3.2;37.2;35.8;750;693;52.0;2.7;556;529;51.2;3.8;7;708;359
6508;148;30;31;3;10;3;2;3;4;0;0;0;0;54;5;7;50;67;61;72;97;29494;6490;2203;99.4;2.7;2.3;34.1;27.2;491;445;52.5;-4.5;376;315;54.4;-2.9;0;0;0
6509;17;17;27;0;7;-4;8;0;0;0;1;0;0;21;20;14;15;59;52;66;12;13768;20;1510;98.7;1.8;3.1;26.4;38.2;159;209;43.2;-1.7;111;164;40.4;-3.6;0;179;87
6510;142;23;37;5;17;14;6;1;3;0;0;0;0;36;12;15;6;71;60;80;90;26741;7567;103;96.0;4.4;2.4;44.2;17.2;606;238;71.8;-0.7;455;176;72.1;-0.5;0;381;219
6512;156;154;40;1;8;0;10;0;0;0;0;0;0;54;12;25;80;59;51;70;43;41673;193;5113;98.3;2.4;2.9;24.7;24.7;453;487;48.2;-2.8;338;345;49.5;0.2;0;0;0
6513;138;24;40;12;28;6;10;1;11;0;0;0;0;59;12;15;24;70;64;73;119;39191;8046;1258;100.7;3.2;2.4;31.4;25.0;638;508;55.7;1.7;465;375;55.4;1.9;1;712;402
6518;136;10;40;10;8;-10;18;1;1;0;0;0;0;26;12;16;14;63;57;67;78;31856;3295;45;94.8;2.4;3.3;33.3;26.7;513;456;52.9;-1.1;404;334;54.7;0.9;1;188;79
6519;36;3;41;14;14;-8;32;5;2;0;0;0;0;36;11;11;27;70;63;73;98;36419;6166;3626;99.2;2.7;3.5;29.1;34.5;546;609;47.3;4.5;401;473;45.9;2.7;1;110;59
6520;20;20;6;1;2;5;4;0;0;0;0;0;0;9;2;4;9;62;52;72;14;6279;0;356;107.5;4.0;1.1;30.4;20.1;74;68;52.1;1.4;63;43;59.4;9.2;0;0;0
6521;32;23;23;3;2;-5;14;0;0;0;0;0;0;4;5;3;19;59;52;65;15;10298;88;2130;98.1;2.4;4.5;25.2;39.2;135;205;39.7;-4.9;88;153;36.5;-8.9;0;53;31
6522;1;1;42;6;12;-1;2;0;0;0;1;0;0;20;39;18;13;59;56;59;55;26802;665;351;98.7;3.5;3.8;33.8;32.4;411;424;49.2;-1.0;293;284;50.8;-1.4;0;25;10
6523;129;27;41;14;16;-6;12;1;4;0;0;0;0;51;20;24;29;79;63;88;116;41209;8676;4259;98.9;3.1;3.6;29.2;30.1;645;624;50.8;11.2;471;468;50.2;11.1;1;133;82
6525;145;3;40;10;13;13;12;0;0;0;0;0;0;49;13;17;10;66;59;69;82;37435;185;2416;99.9;2.8;1.5;34.8;19.0;694;392;63.9;-1.7;496;286;63.4;-1.4;4;521;258
6528;1;1;42;6;15;7;12;0;0;0;0;0;0;28;8;30;56;61;57;63;98;44971;795;2055;101.4;3.8;3.1;34.7;32.9;690;667;50.8;1.2;508;489;51.0;-1.4;1;1;0
6529;127;31;17;1;0;2;8;0;0;0;0;0;0;10;5;4;6;59;51;66;13;7727;240;1315;104.5;2.3;1.4;25.2;29.4;102;122;45.5;-6.3;72;91;44.2;-6.5;0;54;25
6530;37;27;11;0;5;2;4;0;0;0;2;0;0;13;2;4;17;65;50;84;9;9660;173;1725;100.3;2.2;2.2;30.2;31.3;138;147;48.4;5.9;106;120;46.9;4.5;0;0;0
6532;130;14;38;11;8;6;8;0;0;1;1;0;0;51;14;18;40;66;59;67;71;35348;400;5072;98.1;2.9;2.3;34.8;23.1;623;442;58.5;7.1;473;319;59.7;7.8;2;54;28
6533;62;31;39;8;21;-1;32;3;13;0;0;0;0;75;13;13;30;72;65;75;96;28855;11285;89;98.8;3.1;3.1;30.8;27.4;488;419;53.8;0.1;349;323;51.9;-1.2;1;493;245
6535;127;31;42;3;11;-5;12;0;0;0;0;0;0;53;11;14;13;61;55;62;55;33494;147;3064;97.6;1.9;2.5;27.7;26.2;515;481;51.7;0.3;361;355;50.4;-0.4;1;72;35
6536;48;14;40;9;15;-3;18;0;6;0;0;0;0;63;11;15;52;65;62;63;72;35956;3072;2762;100.1;3.1;3.3;30.1;32.3;558;596;48.4;-0.2;418;448;48.3;-1.3;2;64;26
6537;33;12;41;6;6;-2;12;0;0;0;0;0;0;47;8;3;22;58;55;55;54;29584;213;3809;97.6;2.4;2.7;33.6;27.6;480;458;51.2;2.2;374;328;53.3;3.6;0;32;9
6540;57;12;39;5;15;19;26;0;0;0;0;0;0;33;8;20;92;67;52;84;75;38951;514;7918;102.4;3.9;2.1;36.7;25.9;738;495;59.9;5.8;550;363;60.2;6.9;0;0;0
6541;133;26;41;6;9;4;10;0;1;1;1;0;0;51;8;3;21;58;53;59;31;21013;264;5387;103.8;3.1;2.9;27.6;39.2;277;406;40.6;-9.1;215;317;40.4;-9.4;1;104;48
6542;153;152;22;3;6;7;2;0;0;0;1;0;0;8;1;3;8;62;56;64;38;10045;619;427;103.1;3.6;1.4;40.5;25.1;202;123;62.2;3.4;162;95;63.0;3.1;1;24;10
6544;153;153;9;2;1;5;0;0;0;0;0;0;0;7;3;0;3;62;55;68;5;3444;33;1487;110.8;6.3;1.0;43.9;30.3;84;46;64.6;3.5;60;33;64.5;4.1;0;25;14
6546;132;12;41;11;20;6;7;0;2;0;0;1;0;50;11;34;12;71;62;76;86;37226;1761;6681;100.5;3.4;2.8;31.1;27.2;557;500;52.7;8.2;415;369;52.9;9.1;0;617;331
6547;148;30;9;2;0;3;0;0;0;0;0;0;0;8;0;2;18;67;51;79;13;7006;56;1455;104.1;2.6;1.5;25.7;26.2;87;99;46.8;-5.7;72;71;50.3;-3.1;0;10;2
6548;48;14;40;6;5;1;30;0;1;0;0;0;0;32;15;13;76;66;55;77;42;32017;286;6361;100.5;2.1;2.0;30.2;30.8;495;499;49.8;1.9;380;379;50.1;1.3;0;68;29
6549;1;1;42;4;15;-3;8;1;0;0;0;0;0;43;9;27;97;60;52;69;62;40288;288;5041;99.6;3.5;3.8;32.7;34.0;628;663;48.6;-2.0;447;433;50.8;-1.6;1;0;0
6550;9;9;41;2;12;5;24;0;2;1;2;0;0;49;5;19;56;60;56;64;87;43117;2055;2452;99.5;2.9;2.8;35.2;32.1;689;610;53.0;0.5;486;456;51.6;-1.7;0;0;0
6551;23;23;41;0;8;-6;32;0;0;0;2;0;0;44;8;25;90;59;51;68;53;40595;68;5474;95.5;2.7;3.4;33.7;27.1;632;547;53.6;0.6;457;368;55.4;2.9;0;0;0
6552;132;12;41;2;7;2;26;0;0;0;0;0;0;43;16;14;136;66;49;84;45;39858;321;5287;102.1;2.8;2.6;25.8;29.8;535;602;47.1;0.3;387;442;46.7;0.4;0;0;0
6553;132;12;41;5;6;13;44;0;0;0;0;0;0;41;17;17;26;65;52;79;54;41020;380;2852;106.0;3.0;1.8;25.1;31.5;542;612;47.0;0.2;394;473;45.4;-1.4;1;0;0
6554;36;3;41;5;3;-20;42;0;1;1;0;0;0;50;9;16;116;61;50;74;52;38175;604;8434;96.0;1.5;3.5;26.6;36.0;503;691;42.1;-3.2;382;505;43.1;-1.5;0;0;0
6555;136;10;40;11;13;0;20;0;6;0;0;0;0;29;6;8;21;64;61;65;93;31209;6300;169;98.2;3.5;3.5;34.3;29.1;509;470;52.0;-0.9;388;338;53.4;0.7;2;45;28
6556;132;12;41;3;11;7;30;0;0;0;0;0;0;77;15;17;74;65;50;78;62;46523;570;6160;101.9;3.7;3.2;30.8;31.3;678;758;47.2;0.6;511;547;48.3;3.1;0;0;0
6558;151;152;34;6;13;7;10;2;2;0;1;0;0;40;12;21;31;72;66;73;65;33096;1215;4288;101.9;2.6;1.8;28.7;25.6;480;448;51.7;1.8;354;335;51.4;0.9;2;91;37
6559;156;154;40;2;16;-6;6;0;0;0;2;0;0;93;49;26;17;65;59;67;43;36443;143;5084;96.9;2.1;2.9;23.5;24.0;411;420;49.5;-0.9;280;299;48.4;-1.4;0;31;17
6560;1;1;5;1;1;-1;0;0;0;0;0;0;0;3;1;2;2;61;57;60;3;2379;190;0;99.8;3.0;4.5;25.7;37.8;35;39;47.3;-3.8;24;29;45.3;-4.0;0;10;4
6562;34;2;36;2;14;2;8;0;1;0;0;0;0;26;6;5;28;60;56;61;32;17934;935;2439;100.2;3.6;3.4;31.1;29.9;287;297;49.1;-1.0;210;212;49.8;-0.6;0;100;48
6565;20;20;42;19;29;9;28;6;7;3;0;0;0;71;79;32;31;73;67;77;134;43708;9361;5247;102.3;3.3;2.4;33.9;32.5;635;650;49.4;1.6;474;465;50.5;2.0;1;16;8
6566;32;23;41;6;6;-1;41;1;1;0;0;1;0;69;8;15;142;65;53;77;67;44649;6081;8088;100.8;3.1;3.2;29.3;33.5;664;745;47.1;1.0;504;542;48.2;2.7;0;0;0
6567;7;7;39;1;7;-10;18;0;0;0;0;0;0;24;17;20;105;56;49;65;58;37911;318;4841;97.6;3.1;4.1;32.5;34.0;543;629;46.3;-6.5;393;413;48.8;-2.5;0;1;0
6572;104;104;34;8;27;2;31;4;10;0;0;0;0;41;12;9;20;76;67;80;79;30755;7084;5565;97.7;3.7;3.4;34.6;26.0;563;405;58.2;12.7;415;305;57.6;12.1;0;716;347
6574;92;124;35;19;25;-8;84;5;7;0;1;8;1;79;19;32;126;88;68;96;99;32283;8509;5906;103.0;3.9;4.7;25.9;38.7;430;660;39.4;10.9;336;488;40.8;12.4;1;825;419
6576;96;26;34;18;23;9;42;7;11;0;1;4;0;38;19;20;74;76;67;84;133;30790;9890;5011;98.5;4.4;3.2;37.4;23.6;592;409;59.1;13.4;445;298;59.9;14.2;3;44;12
6577;130;14;34;17;9;6;26;5;5;0;0;0;0;36;16;11;34;72;68;78;105;32173;7204;571;101.7;2.7;2.0;29.5;27.3;499;469;51.5;-2.4;373;343;52.1;-2.0;1;12;5
6582;95;30;37;13;44;21;57;6;20;1;0;7;2;37;21;14;55;76;67;83;176;39962;10200;5093;98.9;4.8;3.0;38.6;22.1;816;435;65.2;9.8;597;330;64.4;8.9;3;1;1
6585;143;18;38;1;6;8;10;1;0;0;0;0;0;53;10;13;46;70;51;90;52;38034;3995;3250;104.8;2.9;2.2;25.3;32.0;504;603;45.5;1.5;364;445;45.0;0.8;0;0;0
6586;131;1;37;7;13;23;21;0;2;0;1;1;0;47;11;9;62;74;56;89;95;40499;1102;4694;99.6;3.6;1.7;42.7;18.9;858;380;69.3;0.2;649;278;70.0;1.1;2;0;0
6587;93;3;35;30;36;18;36;11;11;0;0;4;1;50;19;34;71;93;77;97;186;32920;8396;7343;101.2;4.8;2.7;38.4;24.2;615;425;59.1;32.4;476;314;60.3;34.1;3;325;176
6588;96;124;32;24;40;10;37;12;21;1;0;3;0;35;4;20;55;91;81;92;175;28916;9594;4895;99.5;5.0;3.5;37.0;25.0;557;400;58.2;13.7;416;293;58.7;14.2;3;884;502
6589;144;8;41;5;17;13;14;0;0;0;0;0;0;35;7;18;56;66;52;80;80;39850;440;4999;99.9;3.8;2.6;34.5;23.6;699;471;59.7;1.5;515;353;59.3;0.6;0;0;0
6590;27;27;41;6;16;7;10;0;0;0;1;0;0;44;30;12;26;62;57;65;54;25932;334;1085;103.1;3.2;2.4;31.7;33.6;395;404;49.4;-0.6;275;293;48.4;-1.0;0;67;36
6591;99;99;36;19;24;12;73;2;5;1;1;9;2;38;8;25;33;75;67;78;111;30175;3729;3937;101.2;5.0;3.7;35.2;28.4;517;448;53.6;2.3;386;335;53.5;1.8;2;449;230
6593;127;31;42;4;11;-1;6;0;2;0;0;0;0;33;8;8;37;64;52;76;59;41427;1783;3133;98.9;3.5;3.6;30.3;28.3;658;602;52.2;1.0;475;457;51.0;0.3;1;0;0
6594;149;149;41;3;7;-12;12;1;0;0;0;0;0;15;12;11;30;57;52;60;35;25156;4430;354;104.3;2.1;3.7;15.9;40.2;184;518;26.2;-3.2;146;376;28.0;-1.8;1;18;9
6595;94;94;37;9;24;6;51;3;7;0;0;5;2;83;8;31;72;83;58;95;118;41124;7709;3230;96.1;3.9;3.4;36.0;22.9;752;495;60.3;12.6;583;360;61.8;14.6;0;0;0
6597;85;18;37;14;36;16;55;2;8;3;0;3;0;59;11;28;88;81;64;93;140;40507;10218;3481;100.2;4.4;3.0;35.8;25.2;743;529;58.4;3.6;543;399;57.6;3.4;0;0;0
6599;140;17;41;14;19;-9;20;6;4;0;0;0;0;47;10;7;33;70;61;76;117;38554;7276;973;100.7;2.5;3.1;24.9;32.6;525;638;45.1;1.9;393;477;45.2;1.9;2;710;319
6600;87;3;36;5;20;7;36;3;3;0;2;0;0;47;13;25;84;79;59;94;108;37353;9954;6624;97.9;3.4;2.7;31.6;21.1;640;426;60.0;12.1;471;322;59.4;11.4;1;1;0
6604;127;31;24;1;3;-3;6;0;0;0;0;0;0;21;7;6;30;62;51;72;27;23173;506;2563;99.8;2.5;3.0;26.3;30.4;353;361;49.4;0.6;240;270;47.1;-1.7;0;0;0
6605;2;2;44;8;16;12;23;1;0;0;0;1;0;34;22;22;13;61;57;63;61;31099;238;323;101.2;4.3;2.9;39.0;29.6;549;423;56.5;3.7;396;302;56.7;2.8;0;369;171
6607;86;86;27;20;34;17;99;9;14;0;0;16;9;69;7;6;14;79;79;72;122;22540;6439;388;99.9;5.9;2.9;41.7;20.1;486;227;68.2;15.6;355;168;67.9;15.5;1;71;42
6608;103;103;38;7;24;20;41;0;8;0;0;5;2;56;9;24;83;77;59;92;157;37899;8050;4341;98.6;4.3;2.4;41.8;20.4;823;418;66.3;6.8;620;299;67.5;7.6;0;0;0
6612;151;152;28;14;17;5;8;5;8;0;0;0;0;22;8;18;25;77;66;85;67;26036;5407;369;100.2;3.2;2.5;29.9;23.8;386;341;53.1;4.1;273;246;52.6;3.5;3;480;262
6614;99;99;36;15;30;42;44;4;4;0;2;4;0;46;2;32;90;81;56;93;89;40084;5468;6779;105.6;5.8;2.2;38.8;23.9;774;474;62.0;16.0;593;356;62.5;16.5;0;0;0
6615;126;126;13;0;0;-3;0;0;0;0;0;0;0;2;0;0;6;54;50;55;3;5329;697;51;94.8;1.4;3.4;25.0;31.8;70;95;42.4;-16.9;51;64;44.3;-15.5;0;21;11
6616;140;140;41;1;5;1;10;0;0;0;0;0;0;45;10;6;26;56;51;57;33;32408;79;5461;101.2;2.9;2.9;24.7;27.4;413;512;44.6;1.1;309;378;45.0;1.5;1;163;47
6619;104;3;34;10;35;7;200;3;5;3;1;36;18;63;5;16;61;75;60;86;78;32290;6547;2732;99.4;4.1;3.8;33.6;29.3;534;496;51.8;3.1;405;356;53.2;5.3;4;0;0
6620;62;62;21;3;2;1;4;0;0;0;1;0;0;9;3;6;3;58;52;62;20;9446;119;443;97.8;3.4;3.4;36.6;29.7;151;140;51.9;0.0;119;114;51.1;-0.1;1;46;17
6621;88;88;31;11;24;13;32;4;12;0;2;4;2;27;2;30;62;77;63;89;125;32414;8869;4196;101.5;3.7;2.1;35.3;23.7;596;352;62.9;7.7;446;277;61.7;6.3;1;0;0
6622;127;31;35;6;8;-3;10;0;1;0;0;0;0;43;9;7;14;59;53;57;43;26014;191;380;97.3;2.8;3.2;30.6;27.1;432;363;54.3;4.0;295;268;52.4;2.6;1;313;136
6623;149;149;41;3;4;-18;32;0;1;0;0;0;0;47;20;13;158;65;48;81;30;42110;278;5218;101.9;1.8;3.4;17.8;42.0;360;878;29.1;0.4;264;651;28.9;-0.8;0;0;0
6624;134;21;43;10;22;-7;36;4;5;0;0;0;0;67;21;18;89;74;66;79;116;46452;7106;4130;101.8;2.8;3.0;26.4;34.5;587;822;41.7;-2.4;451;596;43.1;-0.2;1;1;0
6626;129;27;38;7;11;-17;15;0;1;1;0;0;0;34;14;17;15;68;57;75;67;33811;3437;1439;97.3;1.7;3.6;22.5;35.3;412;582;41.4;-2.1;301;442;40.5;-2.6;1;506;238
6629;87;87;36;12;25;9;70;3;5;0;2;8;1;39;19;20;64;77;61;91;120;37574;9985;5201;97.4;3.7;3.0;32.0;20.8;649;430;60.1;12.3;480;325;59.6;11.8;2;0;0
6631;103;103;36;9;16;21;68;2;1;0;2;6;1;48;14;28;78;78;54;93;122;38700;3746;6274;99.3;3.9;2.1;40.7;20.7;813;398;67.1;7.3;592;302;66.2;4.9;1;3;1
6635;137;28;42;9;13;-6;12;6;5;0;0;0;0;42;11;17;46;65;58;68;74;33748;7594;852;99.8;2.2;2.8;26.3;32.0;479;534;47.3;0.1;350;397;46.9;-0.4;3;33;20
6639;94;94;37;18;24;13;20;6;9;1;0;0;0;27;7;14;29;70;64;73;119;33748;8936;3574;99.0;4.6;3.2;37.4;24.2;679;412;62.2;14.6;496;291;63.0;15.1;3;113;62
6640;146;0;13;5;7;6;2;1;3;0;0;0;0;10;5;4;8;67;58;72;17;9477;2246;64;107.6;4.6;2.3;30.0;30.0;131;144;47.6;0.6;106;102;51.0;4.7;2;160;88
6641;90;90;25;7;21;-6;37;4;5;0;0;1;0;36;3;16;31;76;68;79;94;21855;6053;1963;95.1;3.5;4.0;34.4;26.5;376;322;53.9;6.6;288;230;55.6;8.7;0;20;11
6644;95;95;37;10;24;19;34;4;10;0;2;0;0;55;11;16;48;77;59;92;116;39144;8848;7352;98.1;4.7;3.1;37.8;21.8;795;421;65.4;9.9;579;319;64.5;8.9;1;0;0
6646;130;14;29;5;10;5;22;3;3;0;0;0;0;12;14;5;9;65;60;68;55;28407;4938;0;101.2;2.7;2.0;28.8;25.2;439;381;53.5;-2.4;312;286;52.2;-4.4;0;50;25
6647;96;96;32;8;16;-3;33;3;6;0;0;3;0;23;8;12;21;65;62;64;71;27222;3062;2396;96.5;3.3;3.7;33.5;27.6;447;394;53.2;2.9;336;292;53.5;3.0;0;53;24
6648;131;1;6;0;2;-2;0;0;0;0;0;0;0;3;1;4;3;57;53;61;14;5042;0;929;90.2;2.1;3.6;43.6;24.3;98;58;62.8;-11.4;79;46;63.2;-12.0;0;0;0
6649;147;147;38;6;7;-36;16;4;4;0;0;1;1;29;10;12;23;58;55;56;57;28559;7681;110;96.3;1.6;5.8;19.2;47.1;254;643;28.3;-0.4;204;492;29.3;0.9;0;55;33
6650;103;103;37;6;24;19;91;3;11;0;1;13;4;57;29;13;26;63;53;73;79;36997;7752;4430;99.7;4.1;2.3;39.8;22.2;766;399;65.8;5.9;551;307;64.2;2.5;1;0;0
6652;125;124;39;13;11;-6;28;4;8;0;0;0;0;93;6;2;12;71;62;77;79;26958;9709;10;101.4;2.7;2.9;28.3;36.7;382;493;43.7;-2.6;286;374;43.3;-2.5;3;617;327
6654;100;100;33;10;27;8;160;3;8;2;1;28;17;72;22;17;109;79;68;84;146;34085;7626;6304;101.3;3.8;3.1;31.3;28.1;579;533;52.1;8.4;418;381;52.3;8.7;0;0;0
6656;131;1;7;1;1;3;0;0;0;0;0;0;0;5;1;2;1;63;54;75;17;6112;0;635;97.9;4.1;2.4;39.5;18.8;122;59;67.4;-1.3;95;47;66.9;-1.2;0;0;0
6657;99;99;33;12;26;21;120;0;2;1;0;22;13;52;5;18;43;82;67;87;93;27195;1888;5364;102.7;5.4;2.9;39.4;26.3;494;365;57.5;7.1;383;271;58.6;7.6;0;474;254
6659;96;96;32;14;16;5;113;6;4;0;0;21;10;53;5;13;17;72;59;76;82;28241;3085;182;100.1;3.3;2.7;31.9;25.9;438;378;53.7;4.5;334;289;53.6;3.7;2;17;9
6660;0;0;38;1;6;-17;4;0;0;0;0;0;0;42;30;15;20;60;57;61;44;28593;830;49;94.6;1.6;3.8;27.2;33.0;324;434;42.7;-4.5;249;307;44.8;-3.3;0;12;3
6662;88;88;34;14;12;12;140;0;0;0;0;26;12;42;10;5;9;63;58;54;68;29647;157;612;100.2;4.3;2.8;37.2;24.8;579;349;62.4;5.5;425;273;60.9;4.3;3;1;0
6664;134;21;22;3;2;8;0;0;0;0;0;0;0;24;4;7;25;61;52;69;24;22497;289;1593;103.6;2.7;1.4;31.7;28.8;374;333;52.9;-2.6;268;245;52.2;-2.1;0;0;0
6666;90;90;34;19;39;6;42;9;15;0;0;6;0;63;12;6;44;84;75;84;141;32068;8095;967;99.2;4.5;3.6;33.8;25.5;598;413;59.1;15.0;424;308;57.9;12.9;3;754;414
6668;146;146;40;4;12;-6;14;2;6;0;0;0;0;39;14;12;69;64;57;71;58;30656;5346;45;102.1;2.0;2.5;21.5;34.2;334;551;37.7;-3.8;264;401;39.7;-2.4;1;16;6
6669;142;23;3;0;0;1;0;0;0;0;0;0;0;1;1;0;0;54;50;58;2;1209;223;0;108.3;3.0;0.0;35.7;8.9;23;9;71.9;-7.4;20;4;83.3;5.5;0;3;3
6674;135;2;32;11;5;14;21;0;0;1;1;0;0;41;5;3;13;60;55;60;45;16095;61;1643;106.0;4.5;1.8;35.8;27.5;282;224;55.7;-7.0;214;162;56.9;-7.5;1;54;25
6675;146;146;41;1;7;-21;2;0;0;0;0;0;0;28;14;13;20;59;53;64;31;32748;346;2982;97.1;1.6;4.1;21.9;39.1;372;613;37.8;-2.7;278;469;37.2;-4.4;0;420;199
6677;91;21;35;21;42;41;22;7;17;0;1;0;0;68;14;15;13;83;84;77;141;35999;9488;2584;100.0;6.0;2.0;51.4;17.2;893;293;75.3;23.0;680;225;75.1;21.7;7;44;20
6678;137;28;42;1;4;-4;16;0;0;0;1;0;0;34;7;4;7;57;52;61;25;19953;71;6654;100.2;1.6;2.7;22.0;37.5;226;350;39.2;-9.4;164;262;38.5;-10.2;0;43;12
6679;101;101;34;27;23;9;108;12;11;0;0;16;4;47;14;19;59;76;69;81;128;30487;8159;2089;103.7;4.3;3.0;29.8;27.9;492;441;52.7;15.7;371;321;53.6;15.7;3;114;65
6681;101;101;37;20;25;8;30;6;10;0;0;0;0;42;15;17;59;77;73;78;126;35018;9317;2548;103.4;4.3;3.2;29.9;28.8;565;515;52.3;15.3;425;377;53.0;15.1;0;73;36
6682;38;38;15;2;1;-2;8;0;0;0;0;0;0;8;3;3;18;59;54;59;20;12220;624;151;104.6;3.2;3.8;23.0;40.4;153;228;40.2;0.6;107;179;37.4;-1.5;0;20;13
6684;136;10;42;3;10;1;18;0;0;0;0;0;0;33;9;3;12;57;52;59;35;20317;2012;285;99.6;3.5;3.0;31.0;25.5;321;289;52.6;-0.8;232;209;52.6;-1.1;0;148;71
6688;18;18;42;4;18;18;10;0;0;0;1;0;0;64;11;21;56;61;57;64;54;45311;189;2563;104.2;4.4;3.2;33.3;34.6;673;671;50.1;-2.9;475;507;48.4;-4.2;1;0;0
6689;146;146;42;2;11;-16;14;1;1;0;0;0;0;46;17;17;36;62;55;68;51;40205;4052;3064;100.7;2.4;3.8;22.5;37.2;447;735;37.8;-3.4;344;548;38.6;-3.4;0;0;0
6690;104;104;38;18;30;18;56;6;10;3;1;6;1;50;9;20;87;81;68;92;188;40701;10523;4297;99.9;4.5;3.2;37.0;25.9;739;556;57.1;12.1;564;410;57.9;13.9;1;0;0
6693;136;10;37;3;9;-7;0;0;1;0;0;0;0;13;8;5;11;56;52;56;31;24293;656;493;98.8;2.7;3.7;28.6;35.1;336;411;45.0;-9.1;250;318;44.0;-10.9;0;56;16
6698;131;1;32;6;17;19;12;2;0;1;0;0;0;27;14;14;23;73;66;78;109;35374;6788;2094;100.1;3.9;2.0;40.1;21.4;721;377;65.7;-3.7;529;284;65.1;-4.6;3;0;0
6699;149;149;41;7;2;-22;6;0;0;0;0;0;0;29;14;16;37;62;54;68;50;30990;210;3534;98.9;1.6;4.2;17.7;40.5;289;670;30.1;1.7;212;485;30.4;1.3;1;70;25
6700;148;30;36;6;23;21;6;1;3;0;0;0;0;43;6;18;38;73;64;81;81;36842;7423;1816;105.2;3.8;1.7;32.9;26.0;628;499;55.7;2.5;455;363;55.6;1.2;2;0;0
6702;99;124;34;24;26;5;40;9;13;0;0;4;0;78;5;16;69;87;75;92;124;28864;8594;866;103.5;4.1;3.0;32.8;33.2;463;467;49.8;-2.7;356;342;51.0;-1.7;0;644;342
6703;85;19;36;30;32;19;114;14;11;1;0;18;10;48;10;19;34;86;79;86;157;33010;8405;3984;97.5;5.0;2.9;40.8;20.0;699;342;67.1;16.0;515;245;67.8;17.6;5;673;364
6705;86;86;35;29;35;27;62;12;13;2;0;6;2;46;13;19;62;83;70;89;127;31815;8423;5617;99.7;5.8;2.6;43.9;19.3;704;331;68.0;15.5;511;236;68.4;16.7;6;796;379
6709;88;88;36;24;37;15;50;9;16;0;0;2;0;58;9;16;29;83;76;84;143;34162;10350;2562;101.2;4.7;2.7;38.1;24.4;672;403;62.5;7.3;493;315;61.0;5.8;2;809;518
6710;131;1;41;6;17;23;16;0;0;0;0;0;0;48;14;6;20;63;60;58;73;29905;467;2375;98.8;4.2;1.6;47.4;15.5;689;248;73.5;5.5;517;175;74.7;6.9;1;30;19
6711;136;10;42;21;26;17;6;6;3;0;0;0;0;44;25;16;31;81;68;86;136;43046;7908;819;100.5;4.5;3.1;36.1;25.8;782;563;58.1;7.3;580;433;57.3;5.7;5;879;473
6714;128;128;16;1;4;-16;14;1;2;0;0;0;0;18;4;6;7;55;51;55;11;10778;1261;105;92.5;1.0;6.3;15.7;45.8;95;241;28.3;-2.9;66;181;26.7;-4.0;0;4;4
6716;100;100;34;17;25;-6;166;8;11;0;0;28;14;58;9;19;29;87;77;86;124;32238;7296;1628;94.1;2.9;3.5;32.4;23.3;578;405;58.8;17.0;418;288;59.2;17.6;0;691;369
6717;50;26;8;1;0;0;0;0;0;0;0;0;0;8;1;4;15;64;50;79;10;6842;39;1652;97.1;2.1;2.1;35.3;23.7;111;72;60.7;6.9;86;56;60.6;6.8;0;0;0
6719;12;12;41;6;8;12;18;0;0;1;0;0;0;55;6;15;68;61;56;64;107;40928;237;3258;98.1;4.4;3.8;41.2;30.0;742;547;57.6;0.8;540;397;57.6;1.6;2;0;0
6720;88;88;36;13;29;7;29;6;6;0;1;1;1;49;5;14;54;75;71;73;132;33883;6307;853;96.9;4.2;3.4;38.6;24.0;678;410;62.3;7.1;498;304;62.1;7.4;1;66;36
6721;131;1;42;9;22;22;18;0;6;0;0;0;0;23;4;14;9;65;62;65;72;30452;3562;351;99.8;4.6;2.0;42.7;18.2;683;285;70.6;1.5;491;213;69.7;0.4;1;446;256
6722;146;146;31;3;5;-8;13;0;0;0;1;1;0;21;7;11;11;59;55;61;37;20288;342;2314;99.8;1.8;3.4;20.4;37.8;211;383;35.5;-3.9;162;292;35.7;-4.9;2;49;25
6724;98;98;26;12;21;-7;34;4;11;2;0;0;0;37;16;19;67;89;71;90;102;24400;7131;3598;94.1;2.7;3.8;33.2;27.6;405;340;54.4;12.4;312;255;55.0;13.2;1;567;336
6728;89;89;33;17;31;7;55;6;7;0;0;7;1;46;16;21;59;82;68;87;120;30473;7320;2730;101.8;5.0;4.1;33.1;31.4;512;478;51.7;16.4;390;369;51.4;17.4;0;724;357
6733;133;26;40;20;22;4;26;7;9;0;0;2;0;50;13;25;46;72;65;75;125;36565;7811;1401;101.3;3.1;2.5;31.8;29.6;580;548;51.4;4.5;427;409;51.1;3.9;1;416;209
6734;145;3;32;10;16;13;24;3;3;0;0;0;0;44;20;17;25;80;59;93;118;35721;5775;1199;98.2;3.2;1.7;37.8;16.5;703;315;69.1;3.6;509;233;68.6;4.3;1;0;0
6735;126;124;41;8;5;3;10;0;2;2;0;0;0;69;7;13;26;67;54;80;70;45058;763;4180;95.8;3.2;3.1;34.3;23.1;808;532;60.3;6.4;598;393;60.3;6.7;4;0;0
6739;77;10;41;20;30;-13;67;9;14;0;0;5;0;62;13;52;203;94;76;97;155;39360;9711;7098;97.5;2.8;3.7;31.2;31.6;609;644;48.6;20.1;449;467;49.0;19.8;2;1140;647
6740;74;74;41;8;15;27;22;3;2;0;0;2;1;61;11;6;23;63;56;68;81;44135;4050;6609;99.9;4.4;2.2;42.0;20.7;928;494;65.3;8.5;707;363;66.1;8.5;0;3;2
6741;144;8;43;13;33;10;16;5;19;1;0;0;0;89;12;23;6;80;69;85;156;35019;10236;2304;99.0;3.5;2.5;36.5;23.3;641;419;60.5;1.7;480;316;60.3;1.3;1;73;37
6742;147;147;10;0;1;-10;0;0;0;0;0;0;0;12;5;2;17;55;48;62;4;9952;149;854;96.9;1.1;4.7;14.5;44.5;72;213;25.3;-0.8;52;158;24.8;-2.4;0;0;0
6743;133;26;41;7;11;7;54;0;0;0;3;0;0;27;25;13;34;55;51;60;58;45161;215;5095;101.4;4.1;3.7;30.6;31.6;683;709;49.1;1.5;527;545;49.2;1.6;1;0;0
6744;83;83;41;23;29;27;43;6;4;1;1;1;0;50;5;17;55;78;70;81;135;39699;4680;6415;99.9;5.0;2.6;41.6;21.9;846;429;66.4;14.4;636;336;65.4;13.5;3;799;392
6747;150;150;39;4;4;-19;14;0;0;0;0;0;0;56;14;11;38;54;49;60;37;41629;891;2677;99.6;1.6;3.3;18.6;35.5;419;760;35.5;-0.4;304;560;35.2;-0.9;0;0;0
6750;72;72;38;19;32;7;88;8;14;0;0;10;1;47;5;10;24;70;67;70;96;30272;7399;259;98.6;4.0;3.0;35.7;23.3;596;379;61.1;7.5;422;276;60.5;6.8;3;55;32
6751;81;1;38;22;36;7;12;8;17;0;0;0;0;47;9;34;106;96;82;96;145;36785;8149;6040;98.9;3.8;3.0;36.0;25.9;702;471;59.8;25.6;536;337;61.4;27.3;2;950;524
6752;79;19;40;14;37;6;16;2;17;0;0;0;0;16;10;24;68;85;72;93;168;38477;11957;3852;97.5;3.6;3.0;35.3;23.3;709;454;61.0;4.3;543;339;61.6;3.8;1;0;0
6755;71;71;41;5;22;11;91;2;4;0;1;17;7;51;12;18;79;69;57;79;129;42189;8389;3771;98.8;4.1;3.2;37.2;25.9;824;542;60.3;10.9;620;407;60.4;11.7;0;0;0
6757;26;26;3;0;0;-1;0;0;0;0;0;0;0;5;3;1;3;61;57;61;4;2863;20;0;100.0;2.5;3.8;27.7;41.5;33;55;37.5;2.7;23;41;35.9;2.6;0;0;0
6758;57;12;16;2;3;-6;22;0;0;0;0;0;0;5;4;7;9;58;51;66;29;14008;1453;1563;94.8;2.1;3.6;28.5;29.0;232;214;52.0;-2.9;163;164;49.8;-5.2;0;0;0
6759;133;26;41;10;14;-6;16;1;0;0;0;0;0;67;12;15;17;67;58;70;60;36119;288;2425;99.3;2.7;3.3;27.2;31.1;514;580;47.0;-1.6;382;432;46.9;-1.7;3;516;259
6760;134;134;17;2;1;-9;6;0;0;0;0;0;0;11;2;9;23;66;51;82;14;15420;26;2866;97.7;2.8;4.9;26.4;38.1;207;279;42.6;-2.3;147;217;40.4;-5.7;0;1;0
6763;151;151;42;1;5;-13;26;0;0;0;0;0;0;51;10;9;23;64;53;75;39;36774;1896;1733;96.4;2.1;3.3;25.7;28.7;479;582;45.1;-6.4;351;425;45.2;-6.4;0;0;0
6764;131;1;29;5;11;13;12;1;2;0;1;0;0;47;4;13;32;71;66;73;104;29645;5107;2148;96.1;3.8;2.2;43.7;17.5;659;274;70.6;3.1;489;211;69.9;1.6;1;0;0
6765;84;124;44;20;19;-29;67;10;8;0;0;7;2;75;26;37;157;80;64;91;137;43087;9115;6356;98.1;2.3;4.4;24.4;38.4;565;840;40.2;9.6;405;646;38.5;8.8;2;194;89
6766;70;70;29;17;21;25;48;5;6;0;0;6;0;55;11;4;29;77;74;75;116;24883;8138;3018;103.4;5.5;1.7;44.7;19.5;543;293;65.0;3.9;406;201;66.9;6.5;0;113;56
6768;135;2;30;3;6;3;8;0;3;0;0;0;0;11;1;14;21;63;57;67;45;16740;3484;115;99.9;3.2;2.6;31.6;24.9;281;233;54.7;-9.6;202;161;55.6;-9.6;0;14;7
6771;72;30;36;8;40;7;16;7;14;0;3;0;0;74;6;37;88;91;66;98;154;39119;9553;5628;93.8;3.9;3.4;36.5;20.2;752;419;64.2;13.1;554;293;65.4;14.6;1;1;0
6774;128;128;14;0;1;-5;6;0;0;0;0;0;0;4;2;2;7;56;51;58;14;9200;1219;71;96.8;1.2;3.1;23.1;37.6;118;176;40.1;-3.4;85;128;39.9;-4.5;0;12;2
6776;45;28;42;4;4;-5;6;0;1;0;0;0;0;20;8;8;12;58;52;60;33;20001;189;2989;98.5;2.9;3.8;30.4;34.4;292;354;45.2;-13.4;226;261;46.4;-12.0;0;188;86
6777;80;80;42;25;48;20;36;9;25;0;1;2;0;50;11;18;16;78;74;81;195;29606;10692;835;99.2;4.7;2.2;50.8;21.5;797;320;71.4;-4.6;565;242;70.0;-7.1;2;704;383
6780;41;7;43;17;22;-7;32;3;14;0;0;0;0;60;16;12;53;69;66;68;103;36119;10411;157;99.6;3.1;3.6;27.4;30.8;512;569;47.4;-3.1;382;415;47.9;-1.5;0;11;3
6781;146;146;41;4;14;-22;17;3;3;0;0;1;0;29;15;12;39;61;54;66;50;34190;4494;68;97.9;2.1;4.3;23.6;39.1;419;659;38.9;-1.7;325;486;40.1;-1.1;1;542;234
6788;78;78;40;22;34;26;152;7;17;1;0;24;15;64;18;23;33;93;81;92;180;37583;10471;4730;102.5;4.3;1.7;42.8;22.7;799;444;64.3;25.1;615;332;64.9;26.2;3;935;560
6789;66;66;41;15;47;32;56;4;19;0;2;4;1;53;7;18;85;91;82;95;206;44912;12170;4508;101.1;4.3;1.8;43.9;21.0;970;521;65.1;10.3;717;381;65.3;10.5;1;0;0
6790;136;10;42;9;9;4;14;1;0;1;1;0;0;28;14;17;18;64;55;68;67;24815;214;3577;101.2;3.5;3.2;29.9;30.5;372;376;49.7;-4.4;269;278;49.2;-5.3;0;344;168
6793;63;63;15;7;7;8;15;1;0;0;0;3;0;21;6;4;8;80;68;84;50;12848;4012;720;98.8;5.0;2.5;48.8;21.9;283;146;66.0;-2.2;232;102;69.5;1.8;1;22;17
6794;75;26;41;24;28;13;43;10;11;2;2;1;0;47;14;32;64;88;76;92;170;39671;10849;5630;97.6;3.2;2.6;36.2;23.5;720;490;59.5;17.8;552;352;61.1;18.6;2;863;487
6795;63;63;30;9;42;8;36;7;14;1;0;4;2;25;7;13;44;81;65;91;138;29928;8283;3903;95.7;4.5;3.4;40.5;22.0;619;323;65.7;7.2;459;249;64.8;6.9;1;0;0
6797;146;146;42;3;7;-15;28;0;1;0;1;0;0;49;11;27;49;69;51;87;60;48129;872;5257;98.3;1.6;3.0;23.1;33.8;582;794;42.3;3.3;440;599;42.3;2.2;0;0;0
6798;140;140;25;1;4;-15;8;0;1;0;0;0;0;9;4;8;24;56;51;60;12;13952;536;453;96.0;2.1;5.9;18.6;39.2;127;306;29.3;-18.4;100;222;31.1;-16.2;0;198;83
6800;65;65;37;23;30;11;164;10;8;0;2;30;16;54;10;29;70;81;68;87;118;34890;8385;6372;103.0;4.3;3.1;33.9;31.6;582;526;52.5;19.0;436;410;51.5;18.3;3;246;110
6801;80;80;42;19;40;58;41;3;2;1;1;3;0;62;17;40;69;81;73;84;174;38488;3654;6809;99.6;7.0;1.7;57.3;13.4;1160;271;81.1;9.1;870;195;81.7;9.3;4;262;133
6806;78;78;29;20;31;33;50;6;12;0;1;8;3;59;11;6;33;89;85;85;125;27701;7233;3430;104.9;5.2;1.0;49.4;18.3;681;276;71.2;26.5;523;199;72.4;29.0;3;115;65
6807;133;133;6;0;1;0;0;0;0;0;0;0;0;8;2;0;5;58;49;69;2;5276;47;667;101.3;1.4;1.4;25.9;34.8;58;101;36.5;-10.4;47;64;42.3;-3.6;0;0;0
6811;45;28;38;6;5;0;27;0;1;1;2;0;0;17;3;10;19;60;55;62;43;17026;185;2824;99.0;2.1;2.7;28.3;32.4;254;305;45.4;-11.5;191;220;46.5;-10.3;0;262;149
6817;137;137;42;7;20;-12;14;4;5;0;0;0;0;73;13;19;49;70;59;78;73;33428;7587;2266;98.7;2.5;3.7;25.1;32.8;456;536;46.0;-1.7;329;399;45.2;-2.6;1;575;280
6820;69;69;38;21;25;-1;214;6;10;1;1;34;17;52;6;27;141;83;67;89;113;35410;7824;7178;103.8;3.6;3.5;26.5;35.8;475;637;42.7;16.3;349;486;41.8;16.3;2;220;102
6822;65;65;3;2;4;1;0;0;1;0;0;0;0;2;0;1;8;87;82;88;13;3157;546;544;97.8;3.4;2.3;52.5;26.2;73;38;65.8;30.3;60;27;69.0;30.9;1;19;14
6825;37;37;42;22;14;-8;38;10;5;0;0;0;0;71;8;7;27;75;69;75;129;33614;11454;254;101.0;2.9;3.3;29.5;37.7;496;604;45.1;-1.6;376;476;44.1;-3.0;4;65;32
6826;12;12;41;10;13;16;6;0;0;0;0;0;0;29;18;15;9;61;59;57;42;23305;32;125;103.5;5.1;2.6;39.1;27.6;432;283;60.4;4.2;299;210;58.7;2.6;0;144;71
6827;82;18;39;39;33;18;131;13;13;0;0;21;9;72;6;23;46;90;83;89;189;37620;10674;3446;102.3;4.7;2.8;34.2;24.3;664;464;58.9;12.8;507;358;58.6;13.8;6;887;527
6831;79;21;36;11;29;5;26;6;15;0;0;4;0;61;9;17;54;76;72;75;135;33583;10981;2478;97.1;3.6;3.0;35.9;23.0;645;397;61.9;6.4;482;302;61.5;4.7;2;1;0
6834;144;8;43;3;6;1;10;0;0;0;0;0;0;35;16;1;7;57;50;58;42;29008;622;36;99.8;2.5;2.4;27.9;26.1;435;398;52.2;-8.9;312;309;50.2;-11.6;0;374;147
6835;130;14;38;10;16;5;18;0;1;1;0;0;0;46;10;8;10;70;60;77;67;33558;1502;1913;98.1;3.2;2.8;37.2;26.4;595;461;56.3;3.0;470;327;59.0;6.0;3;490;255
6836;58;58;41;7;19;8;28;1;5;0;0;0;0;17;6;9;60;64;59;67;62;32380;1710;2458;102.6;3.1;2.2;31.1;30.1;514;514;50.0;-4.6;382;369;50.9;-4.1;2;60;27
6839;145;3;28;2;16;14;8;0;5;0;0;0;0;30;6;13;24;71;56;86;55;27434;5453;1624;100.6;4.1;2.0;37.5;19.3;513;285;64.3;-0.7;368;202;64.6;0.0;0;0;0
6840;74;74;38;13;31;34;120;3;7;0;2;18;9;88;12;27;134;88;63;97;139;39070;8865;6841;102.2;4.8;1.8;41.0;19.4;824;403;67.2;10.2;619;298;67.5;9.3;2;0;0
6841;82;21;32;11;22;20;58;0;1;0;1;10;3;87;10;16;65;76;64;80;69;27023;1019;5222;106.5;4.3;2.1;31.7;30.9;452;447;50.3;-1.3;328;318;50.8;0.2;1;390;230
6842;134;21;38;4;13;-6;12;0;7;0;0;0;0;29;14;9;39;65;59;68;70;30152;5072;1155;99.7;2.4;3.0;27.9;33.9;415;503;45.2;-0.6;308;380;44.8;-0.3;0;406;204
6845;144;8;43;17;20;14;18;4;3;0;1;0;0;52;22;22;27;71;63;73;126;38832;2251;2810;99.4;3.6;2.3;37.3;22.5;734;447;62.2;4.2;548;318;63.3;5.6;5;35;10
6847;134;21;43;5;13;-3;28;0;0;0;0;0;0;31;21;12;21;61;55;61;68;36574;75;5686;100.3;3.0;3.2;29.4;33.3;527;611;46.3;4.1;394;465;45.9;3.4;1;626;315
6848;76;76;15;5;11;9;15;2;6;0;0;1;1;36;7;11;15;79;69;83;48;13696;4835;914;97.1;5.3;2.6;44.7;17.9;314;130;70.7;12.3;234;90;72.2;10.2;1;352;205
6849;69;69;41;19;32;-7;55;7;11;0;2;3;2;98;20;20;62;85;76;86;139;43047;8751;7830;103.2;3.1;3.4;25.2;37.5;541;795;40.5;14.1;401;605;39.9;14.2;1;162;92
6851;131;1;42;7;8;17;24;0;1;0;0;0;0;64;5;6;9;64;58;67;58;25807;3587;909;99.2;4.9;2.5;42.8;20.5;534;265;66.8;-3.2;404;193;67.7;-2.2;1;430;241
6854;150;150;41;6;7;-7;17;0;0;0;0;1;1;49;14;12;36;63;54;69;51;35733;787;5532;102.0;2.5;3.2;21.7;33.4;381;623;37.9;3.6;283;451;38.6;4.5;1;377;199
6855;137;28;39;5;9;5;28;2;0;0;1;0;0;44;12;8;42;69;53;87;55;40478;2153;3786;101.6;2.3;2.0;27.3;28.3;561;611;47.9;2.1;417;440;48.7;3.3;0;0;0
6857;146;146;42;2;7;-11;8;0;1;0;0;0;0;40;9;10;32;58;53;60;37;28471;617;2295;99.3;2.0;3.4;23.0;35.8;342;533;39.1;-1.4;253;384;39.7;-1.6;0;34;15
6861;82;23;38;25;44;30;220;4;19;2;2;36;14;60;9;28;95;97;85;98;198;38301;11062;5777;102.8;4.7;2.1;38.2;21.6;753;413;64.6;21.7;557;309;64.3;22.4;2;0;0
6862;132;132;41;7;12;-1;10;2;3;0;0;0;0;16;10;6;2;57;55;55;42;24713;3249;0;104.0;3.5;3.2;26.8;35.5;311;422;42.4;-5.5;237;314;43.0;-4.2;2;1;1
6864;80;80;42;39;51;58;36;13;17;0;0;4;2;60;17;27;43;86;83;84;240;39174;10820;4034;99.0;7.4;1.8;59.1;13.5;1163;301;79.4;6.8;873;215;80.2;7.2;5;71;38
6865;1;1;34;4;15;-6;19;0;8;0;1;1;1;33;15;21;68;62;58;64;77;33362;3574;1317;98.0;3.3;3.8;34.6;32.5;530;530;50.0;-0.2;387;350;52.5;0.3;0;0;0
6869;146;146;41;6;4;-11;30;0;0;0;0;4;2;80;8;4;25;58;53;57;48;26724;33;1251;98.6;2.0;3.5;24.5;36.4;327;492;39.9;0.1;240;363;39.8;-1.0;1;18;6
6872;136;10;42;3;10;15;24;0;0;0;2;0;0;48;8;16;66;68;53;85;60;40875;488;4940;102.0;3.4;2.4;31.2;26.2;645;546;54.2;1.2;471;418;53.0;-0.8;1;0;0
6875;130;14;8;0;1;-3;4;0;0;0;0;0;0;12;2;5;5;58;50;65;6;7410;168;604;96.3;2.4;3.9;29.6;32.6;114;130;46.7;-2.6;91;91;50.0;0.8;0;0;0
6876;128;128;12;0;1;-6;0;0;0;0;0;0;0;0;2;0;7;54;50;57;9;5579;426;98;90.7;1.3;5.2;24.5;35.5;59;104;36.2;-5.8;50;77;39.4;-2.3;0;21;8
6878;149;149;41;4;7;-17;28;0;1;2;0;0;0;55;7;19;37;66;54;73;48;38030;1283;4860;99.3;1.2;3.0;17.2;38.7;336;768;30.4;2.3;267;546;32.8;4.8;0;645;283
6881;148;30;37;7;11;9;20;0;0;1;0;0;0;44;4;10;55;66;52;80;67;40885;289;3090;99.6;3.1;2.4;37.9;27.9;740;577;56.2;1.0;555;428;56.5;0.2;0;0;0
6882;78;78;44;24;33;23;26;10;9;0;0;0;0;23;25;17;39;76;70;80;192;41513;10451;5682;102.0;4.3;2.0;43.3;24.9;885;539;62.1;20.5;683;393;63.5;22.2;3;96;51
6884;56;21;41;7;7;-1;2;1;0;0;2;0;0;17;8;6;14;62;54;65;30;16755;266;3067;103.4;3.2;3.9;23.4;37.2;217;319;40.5;-11.2;151;239;38.7;-12.8;2;212;115
6886;147;147;42;3;8;-40;24;1;4;0;0;0;0;53;9;3;29;57;54;56;52;38565;7429;2356;98.1;1.5;4.9;16.1;43.4;320;827;27.9;-0.5;241;616;28.1;-0.5;1;0;0
6891;146;146;41;13;14;-12;14;5;8;0;0;0;0;78;13;13;41;70;64;68;90;35869;7142;353;100.2;2.6;3.5;23.6;32.3;424;607;41.1;1.2;322;440;42.3;1.8;1;25;9
6893;64;26;35;17;29;22;116;4;9;1;1;20;8;94;11;28;66;94;80;96;119;32683;7781;5574;103.3;4.4;2.1;34.9;22.4;576;370;60.9;22.3;418;280;59.9;21.7;1;691;379
6894;136;10;42;5;9;-4;11;0;0;0;0;1;0;62;5;5;22;58;54;59;70;43839;254;2284;97.7;3.1;3.4;29.9;27.1;647;633;50.5;-4.0;491;463;51.5;-3.0;0;0;0
6895;66;66;41;14;32;35;54;2;8;0;1;4;1;26;17;16;36;67;63;69;110;40589;3590;3632;100.1;5.1;2.1;46.3;19.3;992;403;71.1;19.2;706;311;69.4;16.3;3;137;79
6897;142;23;21;4;11;19;8;0;0;0;0;0;0;25;7;6;7;68;53;82;52;21125;19;1615;100.0;5.3;2.2;44.0;18.4;482;203;70.4;2.8;357;152;70.1;1.8;1;0;0
6898;63;63;37;18;50;37;232;11;17;0;0;38;17;96;12;14;22;88;83;83;165;34949;9123;1612;99.5;6.0;2.0;53.9;16.9;946;282;77.0;22.2;707;220;76.3;21.3;4;827;492
6899;137;137;38;6;5;-3;22;2;2;0;1;0;0;16;3;7;19;61;55;65;39;21870;3885;968;101.0;2.0;2.6;23.0;34.7;267;372;41.8;-5.6;204;280;42.1;-5.0;0;297;154
6903;137;28;42;7;10;-9;14;2;5;0;0;0;0;64;13;14;14;67;58;76;94;31432;4598;1534;97.5;1.5;2.4;28.7;31.5;468;519;47.4;0.3;336;370;47.6;0.6;1;429;172
6904;133;133;36;2;7;-5;4;0;0;0;0;0;0;30;16;5;43;58;55;58;42;28792;1379;0;99.3;2.9;3.5;28.4;32.3;413;462;47.2;-0.5;297;350;45.9;-1.7;0;0;0
6906;145;3;29;4;0;10;31;0;0;0;0;2;0;22;5;7;20;54;50;59;45;26096;71;1571;99.6;3.6;2.2;35.2;20.8;465;298;60.9;-6.0;334;212;61.2;-4.9;0;0;0
6910;20;20;42;8;9;9;4;0;1;1;1;0;0;23;13;39;73;60;54;67;92;38728;170;3569;102.9;3.7;3.2;32.4;37.1;553;617;47.3;-1.7;402;453;47.0;-3.1;1;0;0
6911;134;134;38;5;9;-7;4;0;0;0;0;0;0;34;13;2;9;57;54;53;32;28208;1285;0;100.6;2.4;3.2;24.9;34.7;356;501;41.5;-2.3;260;355;42.3;-1.5;1;0;0
6916;146;146;38;8;17;-3;14;1;4;0;0;0;0;23;24;23;49;67;59;74;65;40145;3145;2677;104.4;3.0;3.2;22.9;37.7;490;774;38.8;-1.2;361;558;39.3;-1.6;1;1;0
6917;111;111;36;14;37;18;18;6;14;0;1;0;0;33;24;18;53;83;74;90;137;37984;9228;6344;97.6;4.7;3.0;39.4;21.0;807;387;67.6;13.3;588;297;66.4;12.8;2;0;0
6919;119;124;35;8;16;-34;89;1;8;0;3;13;1;38;7;17;164;79;56;94;79;35781;8839;6399;92.7;1.4;5.2;22.8;38.8;393;723;35.2;1.4;303;535;36.2;1.1;2;0;0
6920;45;28;25;1;3;3;6;0;0;0;0;0;0;17;6;4;17;57;52;57;27;11587;97;175;103.3;3.7;2.8;31.1;32.0;187;193;49.2;-7.5;140;144;49.3;-7.0;0;23;13
6921;151;152;37;3;15;10;40;0;2;1;0;0;0;44;9;12;42;73;56;89;83;40968;1095;2334;101.1;2.5;1.8;29.1;22.9;597;517;53.6;4.4;452;371;54.9;6.1;0;0;0
6924;128;128;13;0;0;-13;2;0;0;0;0;0;0;9;3;8;14;63;49;78;15;12137;0;1792;93.7;1.2;5.0;21.4;42.4;138;243;36.2;-5.5;97;179;35.1;-8.3;0;0;0
6925;133;133;17;4;0;2;6;0;0;0;0;0;0;13;13;5;10;59;54;64;31;17226;266;1215;102.3;2.1;1.7;25.3;28.2;200;264;43.1;-5.8;157;200;44.0;-6.3;0;0;0
6926;129;129;33;1;4;-2;13;0;0;0;0;1;1;23;23;3;20;57;45;71;40;31403;124;1698;102.5;2.5;2.8;24.5;35.3;381;547;41.1;-5.2;289;408;41.5;-3.9;0;0;0
6928;108;108;16;8;22;13;10;2;14;0;0;0;0;12;3;3;24;79;77;77;45;15335;4384;862;96.1;6.6;3.3;47.0;18.3;390;156;71.4;18.6;275;103;72.8;21.7;0;362;206
6930;114;114;35;14;23;19;83;2;9;0;0;13;2;59;14;17;25;71;62;72;106;32907;3435;1909;101.2;3.9;1.9;37.7;20.1;659;367;64.2;13.0;495;289;63.1;11.5;1;92;43
6933;133;26;41;6;13;3;18;2;5;0;0;0;0;60;11;5;16;62;57;63;43;27430;3213;700;102.3;2.6;2.2;29.7;33.9;369;479;43.5;-5.9;303;364;45.4;-3.5;1;172;83
6941;116;116;36;19;31;28;51;5;9;0;0;3;2;49;13;10;18;75;70;75;112;31594;7517;2114;104.1;5.1;1.7;40.7;20.1;690;297;69.9;6.2;496;232;68.1;4.7;4;633;351
6942;134;134;42;8;14;-18;10;1;4;0;0;0;0;10;12;13;28;59;58;55;63;33303;2236;1486;97.0;2.5;4.4;26.5;35.8;465;564;45.2;2.7;331;425;43.8;0.7;0;39;12
6943;121;124;13;2;4;-13;12;1;3;0;0;0;0;14;3;13;63;78;60;92;29;13435;3204;1118;95.0;1.6;4.6;19.8;34.8;157;247;38.9;7.6;118;185;38.9;6.9;0;4;0
6944;131;1;37;6;1;4;7;0;0;0;0;1;0;20;6;0;4;55;52;53;31;16980;0;88;99.1;3.4;2.5;35.8;24.6;296;212;58.3;-14.3;224;159;58.5;-14.1;1;26;16
6947;106;106;37;12;19;-2;94;0;4;0;0;9;0;23;7;22;55;74;65;79;83;32793;3320;3674;99.6;3.2;3.4;30.5;31.4;527;506;51.0;5.5;391;381;50.6;4.4;0;582;305
6948;117;30;35;34;49;36;59;16;14;0;0;7;0;68;24;32;62;94;89;90;183;34622;9553;6590;101.9;5.6;1.7;45.0;15.7;842;300;73.7;18.7;599;210;74.0;20.0;4;925;510
6950;119;21;37;14;22;-7;52;6;7;2;4;0;0;82;5;19;62;85;72;91;134;31532;9334;7244;94.4;2.4;3.5;31.5;26.7;468;446;51.2;22.9;360;328;52.3;22.9;1;776;469
6951;111;111;36;23;26;22;63;10;13;0;0;5;0;68;12;15;27;89;82;90;161;34217;8953;3212;97.0;4.9;2.5;47.7;18.8;842;331;71.8;19.6;629;253;71.3;20.3;3;681;344
6952;134;134;38;3;5;3;6;0;0;0;0;0;0;47;7;3;17;59;52;62;29;19749;112;5301;104.1;3.5;3.1;27.0;35.5;248;359;40.9;-2.1;194;271;41.7;-1.4;0;153;51
6954;141;25;44;1;15;23;26;0;1;0;0;0;0;51;8;8;69;66;51;80;60;46637;1133;4658;100.8;4.0;2.3;34.8;21.6;850;540;61.2;-0.3;628;383;62.1;0.8;0;0;0
6955;133;133;31;2;8;-1;14;1;1;0;0;0;0;20;6;6;15;57;55;54;30;21739;824;1460;100.1;3.0;3.1;30.3;32.3;322;339;48.7;-0.0;249;254;49.5;0.5;0;15;5
6957;116;116;31;23;29;33;58;5;12;1;0;5;1;28;7;10;14;81;78;78;147;29610;5496;2845;100.7;5.6;1.6;52.4;15.9;817;231;78.0;18.4;601;181;76.9;17.8;2;587;305
6960;151;152;33;4;12;3;12;0;3;0;0;0;0;17;15;8;18;64;54;72;27;20132;2636;162;102.9;3.6;2.7;28.8;28.3;292;294;49.8;-1.4;212;210;50.2;-0.9;0;247;128
6962;136;10;39;10;9;4;10;0;0;2;0;0;0;48;25;12;35;67;61;68;80;34847;35;2713;99.4;3.0;2.8;30.3;26.4;543;476;53.3;-0.7;411;346;54.3;0.6;4;37;17
6963;37;27;26;0;10;2;10;0;0;0;2;0;0;44;4;10;67;71;51;86;24;26215;267;3667;101.6;2.9;3.2;27.2;35.0;370;468;44.2;-2.0;270;345;43.9;-3.2;0;0;0
6969;135;2;32;16;16;7;14;5;8;0;0;0;0;39;7;12;8;68;67;64;99;24480;6105;144;100.0;4.0;2.6;39.0;25.9;475;302;61.1;-1.5;360;237;60.3;-4.1;2;6;3
6970;106;106;36;28;24;5;111;14;7;0;0;19;5;74;16;43;90;86;81;86;164;35450;10668;3504;99.0;3.6;2.8;35.0;25.5;635;475;57.2;15.6;464;348;57.1;14.8;4;165;79
6978;129;129;41;3;5;-6;25;0;0;0;1;1;1;44;11;3;12;59;51;56;24;25033;228;262;100.3;1.6;2.6;23.7;40.6;278;498;35.8;-9.3;207;377;35.4;-9.0;0;29;16
6979;141;25;40;14;12;6;8;7;6;0;0;0;0;58;9;9;19;69;59;79;78;24193;8081;663;100.6;3.4;2.4;32.4;24.0;387;300;56.3;-5.6;279;226;55.2;-7.2;5;336;165
6983;122;3;34;12;29;-1;190;7;12;0;1;34;19;67;9;14;42;84;71;87;110;28439;8297;2594;99.6;2.8;2.5;30.4;26.6;463;390;54.3;23.5;332;278;54.4;23.1;0;709;437
6986;50;26;29;7;4;2;24;2;0;0;0;0;0;23;9;5;13;64;58;67;65;21304;1674;1763;98.4;2.9;2.5;36.3;26.7;397;284;58.3;4.6;286;221;56.4;2.7;1;46;24
6989;135;2;17;2;7;-2;0;2;4;0;0;0;0;15;7;2;4;60;54;63;45;15611;3396;742;94.1;2.3;2.8;34.1;21.9;276;172;61.6;0.9;209;123;63.0;1.2;1;0;0
6991;134;21;12;2;4;1;26;0;0;0;1;0;0;24;2;5;6;62;53;71;9;10802;45;1615;105.0;3.0;2.7;23.0;33.3;131;195;40.2;-0.4;90;140;39.1;-4.0;0;0;0
6992;120;120;17;10;16;22;25;4;2;0;0;3;0;26;4;12;10;77;70;82;45;15819;3715;2831;105.6;6.6;1.6;40.7;15.0;361;120;75.1;12.5;262;82;76.2;13.9;1;125;49
6994;0;0;21;4;4;-9;4;0;1;0;0;0;0;15;16;3;13;60;59;57;25;13758;754;208;97.3;2.9;5.0;30.4;40.8;185;254;42.1;-2.7;140;185;43.1;-2.5;1;23;14
6995;125;124;29;2;3;-5;24;0;0;0;2;0;0;21;4;14;50;58;50;67;33;23947;229;3407;99.4;2.0;3.0;27.8;39.4;342;449;43.2;-5.7;258;339;43.2;-4.8;1;0;0
6997;133;133;18;3;8;0;11;1;2;0;0;0;0;35;7;3;5;63;59;61;34;15151;2506;16;99.9;3.6;3.6;31.4;31.1;230;253;47.6;-0.0;175;187;48.3;0.1;0;9;3
6999;147;147;42;4;6;-23;18;1;0;0;0;0;0;25;10;5;24;58;53;61;44;37529;1687;1436;100.6;1.8;4.0;17.7;41.5;337;798;29.7;2.1;243;582;29.5;1.4;0;10;4
7002;112;19;31;11;15;26;24;1;1;3;0;0;0;24;6;27;44;74;59;87;81;35209;2464;5765;103.2;4.3;1.9;37.2;23.2;689;407;62.9;7.0;497;308;61.7;6.0;2;0;0
7004;108;108;36;15;27;12;17;3;10;0;0;1;1;45;10;13;27;76;69;77;105;31662;6668;2066;101.5;4.7;3.0;34.8;24.8;591;393;60.1;9.9;421;297;58.6;8.5;2;681;390
7006;136;10;42;6;18;-2;16;0;5;0;0;0;0;59;8;13;49;75;63;86;107;46607;6686;2531;99.1;3.4;3.5;29.8;28.3;713;692;50.7;-3.9;531;495;51.8;-2.7;1;0;0
7007;47;47;33;3;0;-13;28;0;0;0;0;0;0;47;9;25;83;66;49;85;24;31058;518;5560;100.3;2.0;3.5;21.4;39.1;358;611;36.9;0.0;258;469;35.5;-2.5;1;0;0
7010;106;106;37;14;29;0;33;6;14;0;1;1;0;49;21;27;41;81;69;87;141;37907;10563;7022;97.0;3.2;3.1;34.9;25.5;655;505;56.5;14.2;482;378;56.0;13.0;3;697;347
7014;148;148;36;5;7;3;6;0;0;0;0;0;0;16;4;4;4;56;52;56;35;18772;207;962;103.8;3.8;3.3;28.2;33.4;239;331;41.9;-15.5;184;247;42.7;-15.3;2;269;122
7015;113;113;36;21;27;14;40;9;10;0;2;4;0;79;7;37;72;89;75;92;129;34463;8098;6901;103.5;3.7;2.5;31.1;30.3;572;547;51.1;11.6;409;392;51.1;11.5;1;873;473
7018;118;21;35;20;28;38;60;8;14;0;0;6;0;49;8;11;22;81;74;83;123;33149;8904;2211;105.1;5.8;1.5;45.9;20.5;771;334;69.8;16.7;587;263;69.1;16.8;1;781;405
7019;0;0;43;4;14;-10;4;0;0;0;2;0;0;41;8;15;98;59;52;67;62;45772;44;2774;97.0;2.6;3.5;32.6;32.3;641;701;47.8;2.6;480;475;50.3;4.5;0;0;0
7020;45;28;5;0;1;-2;0;0;0;0;0;0;0;4;1;0;0;52;51;46;0;2527;21;51;104.8;4.3;7.1;21.4;47.0;28;54;34.1;-26.0;17;41;29.3;-31.3;0;1;1
7021;138;138;40;12;13;9;18;3;2;1;0;0;0;28;15;29;60;67;58;75;99;33718;5645;2088;100.7;3.2;2.1;32.5;23.4;545;449;54.8;0.4;414;328;55.8;2.4;3;14;7
7022;140;17;41;3;10;-15;12;1;4;0;0;0;0;47;10;6;33;68;57;79;59;42785;6688;2565;98.6;2.1;3.1;24.2;31.0;539;694;43.7;-0.1;401;525;43.3;-0.8;1;0;0
7023;144;144;21;1;2;-5;2;0;0;0;0;0;0;5;1;1;2;55;51;57;12;9076;34;24;97.7;1.6;3.2;22.2;33.7;106;157;40.3;-20.9;82;113;42.1;-19.7;0;95;34
7026;125;124;30;8;15;1;18;5;5;0;0;0;0;12;8;10;31;66;63;65;75;25928;7738;145;104.2;2.9;2.4;26.8;35.4;386;429;47.4;1.9;283;326;46.5;1.5;0;57;28
7028;121;25;29;13;28;-1;57;4;12;1;1;7;2;52;9;35;98;92;79;96;87;27270;7699;5786;100.1;3.3;3.4;29.8;31.4;406;449;47.5;26.6;309;339;47.7;26.7;2;355;182
7031;1;1;6;1;0;0;0;0;0;0;0;0;0;5;0;5;11;62;58;66;10;5974;225;322;100.0;4.2;4.2;32.5;32.5;90;86;51.1;4.2;61;60;50.4;0.8;0;0;0
7032;110;110;7;4;6;7;2;0;3;0;0;0;0;12;2;3;13;87;79;91;28;6244;1674;108;108.3;4.6;0.6;39.2;16.7;119;76;61.0;2.1;85;45;65.4;6.9;0;148;79
7033;117;117;35;22;35;23;26;7;16;0;2;0;0;55;13;16;31;77;76;76;143;32297;8651;2813;98.4;4.2;1.8;42.9;15.6;754;283;72.7;16.2;537;191;73.8;18.5;3;122;62
7036;110;110;31;17;48;29;25;3;13;1;1;1;0;27;10;38;27;88;76;92;146;27642;7221;5598;96.4;6.3;2.6;51.1;16.4;718;221;76.5;27.8;547;173;76.0;26.8;1;776;438
7038;112;112;35;14;25;19;119;4;7;0;1;21;12;49;7;15;59;83;73;85;119;30025;4151;5309;99.9;4.3;2.4;39.8;21.9;631;332;65.5;11.6;452;256;63.8;9.9;3;509;301
7042;126;126;41;3;8;4;4;1;0;0;1;0;0;17;13;3;15;57;55;55;47;22217;70;2202;99.6;3.1;2.6;31.6;25.4;349;303;53.5;-3.2;257;222;53.7;-2.8;1;10;2
7043;136;10;33;4;4;-6;6;1;1;0;0;0;0;23;2;3;2;60;56;59;23;18421;2252;380;96.7;2.0;2.7;26.0;25.2;268;261;50.7;-3.0;188;190;49.7;-4.7;0;3;3
7044;121;121;35;3;8;-29;26;1;1;1;2;0;0;37;11;20;107;66;51;80;39;36834;4157;7911;98.3;1.5;4.6;17.4;45.3;338;883;27.7;0.1;254;642;28.3;0.5;1;0;0
7047;144;8;43;30;29;16;14;15;15;0;0;0;0;79;14;14;19;79;75;77;178;37147;10387;98;100.3;4.0;2.2;36.6;21.1;692;402;63.3;5.6;512;295;63.4;5.7;2;16;6
7049;141;25;37;5;9;9;9;1;4;0;0;1;0;25;4;6;11;62;54;69;40;15214;5008;0;102.2;4.0;1.9;36.7;21.5;277;180;60.6;-0.0;200;125;61.5;0.8;0;92;45
7050;57;12;15;1;1;6;6;0;0;0;0;0;0;21;2;10;39;62;50;74;34;14971;267;1179;102.5;2.2;1.0;31.3;21.9;235;178;56.9;0.8;171;130;56.8;0.9;0;0;0
7051;117;23;35;20;33;17;34;4;8;0;0;0;0;41;17;9;33;81;74;82;122;30408;8776;5854;98.5;5.0;2.8;38.7;19.8;653;316;67.4;8.1;459;234;66.2;7.3;6;455;276
7063;2;2;44;18;28;13;26;4;2;1;0;0;0;107;62;29;36;80;79;78;131;46804;8718;2606;101.8;3.8;2.7;33.6;28.7;687;622;52.5;-1.8;501;434;53.6;-1.6;4;137;65
7064;152;152;41;5;15;-33;16;1;7;1;0;0;0;53;49;22;12;67;68;62;53;34377;8537;378;94.7;2.0;5.2;26.0;40.3;386;573;40.3;-2.9;292;456;39.0;-2.8;1;50;20
7065;24;24;7;2;2;-9;4;1;1;0;1;0;0;12;2;5;10;64;63;62;21;6909;1696;328;86.7;1.6;6.8;29.7;36.5;85;107;44.3;-3.0;62;79;44.0;-5.5;0;0;0
7066;28;28;41;5;9;-4;20;3;3;1;0;0;0;44;5;53;54;66;62;68;131;45940;5842;4756;98.7;3.1;3.1;34.8;31.0;726;647;52.9;-0.2;521;462;53.0;0.0;0;0;0
7067;27;27;41;30;17;9;24;6;6;0;0;0;0;63;57;22;30;74;72;73;137;37843;7217;209;101.7;3.7;2.9;36.0;33.0;613;593;50.8;1.3;439;401;52.3;4.2;6;26;16
7068;127;31;26;8;13;3;6;5;5;0;0;0;0;28;6;15;19;73;64;80;67;24066;4676;909;100.9;2.7;2.2;29.0;26.9;391;347;53.0;1.5;291;261;52.7;2.7;2;21;9
7069;128;20;10;3;2;2;2;0;0;0;0;0;0;10;1;7;5;68;61;72;15;9365;69;443;104.8;2.7;1.9;24.6;31.1;125;149;45.6;4.0;95;117;44.8;2.3;0;107;54
7070;1;1;42;5;11;1;2;0;0;0;0;0;0;23;16;4;10;58;56;55;41;24001;67;285;99.4;4.0;3.9;36.0;33.0;391;371;51.3;1.6;286;255;52.9;1.2;1;97;46
7071;18;18;42;9;13;13;18;0;0;0;0;0;0;37;34;45;12;64;60;68;56;37528;1022;209;102.4;4.7;3.5;36.5;32.9;614;529;53.7;2.3;450;392;53.4;3.0;0;464;258
7073;41;41;43;2;8;-6;18;0;1;0;0;0;0;39;10;21;90;63;51;75;54;39645;924;4604;99.3;2.4;2.8;27.5;30.4;565;607;48.2;-2.0;405;455;47.1;-2.8;0;0;0
7074;93;93;35;8;28;-8;34;0;10;0;0;0;0;33;8;33;138;74;58;88;109;36705;8835;7071;102.0;3.9;4.6;27.3;37.1;510;678;42.9;9.6;386;510;43.1;10.0;0;0;0
7076;100;100;34;5;12;0;30;2;2;0;0;3;0;60;12;10;60;66;56;70;54;30206;1931;2730;97.9;3.1;3.2;30.7;26.5;482;466;50.8;5.3;359;319;52.9;8.4;0;77;42
7077;91;91;32;19;34;40;122;7;11;1;0;16;5;40;9;9;40;80;76;81;143;32134;8116;5110;98.7;6.5;2.1;52.1;15.5;817;252;76.4;23.6;618;181;77.3;23.3;3;246;119
7079;88;88;20;3;8;12;75;1;0;1;0;13;7;25;4;9;24;71;57;82;49;20129;1498;3348;99.7;4.3;2.3;38.6;20.4;419;197;68.0;9.5;308;143;68.3;9.9;2;0;0
7080;146;146;36;10;9;-13;14;4;2;0;0;0;0;47;15;7;31;64;57;70;62;28720;4938;72;100.4;2.3;3.8;23.2;40.1;344;567;37.8;-5.2;257;420;38.0;-6.0;0;62;28
7082;91;91;32;19;26;29;237;5;9;2;0;41;18;43;11;8;58;80;65;91;156;31380;7649;2678;101.0;5.6;2.5;45.0;22.0;694;377;64.8;9.2;528;269;66.2;10.0;2;0;0
7084;104;104;34;6;5;-17;38;0;0;0;0;0;0;21;20;6;37;57;52;60;68;33011;3066;4861;95.2;3.2;4.8;32.3;32.9;555;538;50.8;-0.1;395;411;49.0;-2.6;1;0;0
7085;103;103;38;17;35;23;21;5;10;0;0;1;0;23;13;14;27;84;67;91;135;31303;9601;3224;100.2;4.8;2.1;43.8;19.1;688;334;67.3;7.6;510;234;68.5;8.4;5;507;291
7086;102;102;36;19;44;25;48;9;18;0;0;2;0;55;9;10;41;82;77;82;133;30011;10015;1165;102.1;5.3;2.3;43.3;22.6;655;345;65.5;5.3;491;265;64.9;6.6;3;711;421
7088;97;97;26;18;15;-3;10;5;8;0;1;0;0;20;12;7;34;73;66;77;81;25141;6051;5291;99.3;3.9;3.9;30.4;28.8;403;368;52.3;18.5;299;278;51.8;18.1;2;208;91
7090;128;128;11;0;1;-7;0;0;0;0;0;0;0;6;3;4;7;54;48;60;3;10132;16;421;101.2;2.8;5.3;21.0;43.0;113;205;35.5;-3.7;84;155;35.1;-6.2;0;0;0
7092;85;85;35;7;10;22;56;1;1;1;0;8;4;62;8;14;49;71;50;90;74;36900;1357;4652;103.1;4.5;2.5;34.8;26.0;679;490;58.1;3.5;481;368;56.7;2.3;0;0;0
7093;102;102;34;10;38;27;66;3;12;1;0;6;2;39;5;28;73;77;64;86;135;37340;10201;5981;100.9;4.6;2.1;41.1;20.5;815;377;68.4;10.7;580;288;66.8;10.6;1;0;0
7095;103;103;38;7;19;9;59;1;5;0;0;5;0;25;5;4;37;62;60;59;65;26396;3403;581;100.2;4.5;3.1;36.1;25.5;496;371;57.2;-6.1;373;261;58.8;-4.8;2;7;3
7096;146;146;6;1;2;-1;2;0;0;0;0;0;0;2;3;1;6;60;50;70;5;5255;8;377;95.0;3.4;4.1;34.3;27.4;77;76;50.3;5.9;67;55;54.9;11.1;0;0;0
7099;95;95;37;34;39;17;32;14;18;0;0;0;0;88;6;18;18;93;90;89;203;34545;10492;2514;98.1;4.7;2.9;41.2;21.9;769;381;66.9;11.9;567;280;66.9;12.3;7;879;541
7101;99;99;35;29;37;21;106;14;13;1;1;14;8;35;12;15;28;76;72;76;128;29369;7929;2779;106.0;5.1;2.2;36.7;27.6;539;415;56.5;6.7;402;305;56.9;6.8;5;19;9
7102;96;96;34;1;3;-16;30;0;1;0;0;2;0;12;7;3;15;54;52;53;22;16152;278;2120;92.8;1.1;4.7;23.4;39.2;205;321;39.0;-13.5;148;233;38.8;-13.7;0;25;11
7105;89;89;37;23;43;15;83;5;11;0;1;13;5;41;9;33;59;90;80;92;163;32959;8643;7310;102.5;5.2;3.8;33.8;29.3;561;488;53.5;19.8;419;365;53.4;20.8;3;102;46
7106;90;90;27;9;5;2;44;2;0;0;0;4;0;36;7;9;16;65;56;71;40;21491;1387;2056;102.8;3.4;2.7;31.0;33.5;310;359;46.3;-6.1;254;270;48.5;-3.6;1;367;196
7107;99;99;35;10;26;8;63;0;3;0;1;5;0;36;15;10;21;66;58;65;75;29568;2751;2038;101.8;4.3;3.4;30.9;28.5;451;430;51.2;-0.5;335;320;51.1;-1.0;1;72;42
7108;94;94;37;12;19;-2;23;2;5;0;0;0;0;29;8;11;40;71;63;76;70;31143;6326;443;101.2;3.8;3.9;29.2;33.3;464;548;45.8;-9.0;348;406;46.2;-9.0;1;488;255
7109;104;104;36;3;4;-11;42;1;0;0;0;0;0;8;8;3;12;54;52;52;35;23796;1470;267;97.3;2.7;4.4;26.8;34.2;339;403;45.7;-3.9;250;290;46.3;-3.1;0;376;114
7112;98;98;31;9;14;13;130;0;0;1;1;24;9;51;12;11;46;66;58;67;54;26579;362;2653;103.4;4.2;2.6;32.5;27.1;435;396;52.3;9.4;327;285;53.4;10.1;2;89;37
7113;92;92;15;6;10;2;76;1;0;0;0;12;5;24;4;3;38;68;60;64;27;13363;1115;1119;107.4;4.6;4.0;24.8;36.6;180;264;40.5;13.0;136;195;41.1;12.8;0;48;26
7119;91;91;36;10;30;22;41;0;5;0;2;1;0;63;5;8;59;74;63;86;97;34853;4380;3505;101.4;4.8;2.6;39.7;24.4;713;441;61.8;3.0;521;312;62.5;2.7;1;0;0
7121;95;8;37;11;24;8;61;1;5;1;0;5;3;81;12;14;53;80;71;82;107;34442;3475;6322;98.4;3.2;2.4;36.4;22.9;700;419;62.6;5.3;502;312;61.7;4.2;0;535;292
7122;93;93;8;2;3;3;16;0;0;0;0;2;1;15;1;4;8;72;65;75;27;6816;1101;445;99.6;3.2;1.6;43.3;20.6;146;67;68.5;34.9;119;50;70.4;37.3;1;11;6
7123;100;100;35;11;22;2;44;1;3;0;1;4;0;51;11;16;32;70;61;74;70;31101;3418;5782;101.5;3.8;3.4;30.8;30.7;486;523;48.2;1.1;366;363;50.2;3.9;0;635;334
7128;86;86;38;6;10;-19;14;2;4;0;0;0;0;33;6;8;65;59;57;60;81;34023;3923;35;94.6;2.2;4.0;31.7;32.4;547;568;49.1;4.3;409;413;49.8;5.0;1;45;17
7130;90;90;32;8;21;6;110;3;7;0;0;20;4;36;14;14;14;67;60;72;50;26242;5057;183;99.7;4.7;3.7;34.4;26.8;473;399;54.2;5.8;347;284;55.0;6.9;1;406;232
7133;96;96;34;1;6;-8;24;0;0;0;0;2;0;12;13;6;38;61;53;65;37;23151;108;326;97.1;1.9;3.1;27.2;32.0;307;387;44.2;-7.6;235;292;44.6;-7.4;0;317;140
7134;102;102;36;8;17;32;63;1;0;0;0;7;0;32;8;21;25;69;57;82;100;39249;4050;6377;102.1;4.9;2.0;39.4;19.8;848;380;69.1;11.4;599;294;67.1;10.4;2;0;0
7135;94;94;33;20;31;9;143;9;13;0;0;25;10;29;9;10;50;79;71;84;110;29964;8784;357;102.1;4.2;3.0;32.2;27.5;521;413;55.8;7.0;376;309;54.9;5.4;1;54;26
7136;96;96;34;3;7;-8;12;0;0;0;0;0;0;40;8;7;34;58;54;60;43;23629;69;2599;98.2;2.1;3.4;25.6;33.1;295;396;42.7;-9.6;223;297;42.9;-9.6;1;52;25
7137;90;90;33;9;23;0;67;3;8;0;0;11;2;27;6;17;67;70;64;72;86;26719;4861;2057;101.0;4.2;3.9;32.6;33.0;435;452;49.0;0.3;320;339;48.6;-0.5;1;49;18
7138;95;95;34;21;27;12;32;9;15;0;0;0;0;50;11;6;23;73;72;71;112;29067;9407;42;97.3;5.0;3.5;41.0;23.4;635;339;65.2;10.5;463;249;65.0;10.8;3;0;0
7140;88;88;36;14;26;10;51;5;7;1;1;5;2;23;10;10;20;71;65;74;128;28911;6716;5418;99.9;4.4;3.0;39.2;26.6;581;366;61.4;5.3;434;274;61.3;5.9;3;183;96
7141;85;85;34;6;10;15;161;2;1;0;0;31;12;62;22;13;63;66;50;80;50;33084;1040;5075;102.9;4.5;2.9;31.4;26.1;539;454;54.3;-3.7;397;339;53.9;-3.5;0;0;0
7144;101;101;36;3;14;-28;101;1;3;0;0;17;4;51;16;24;54;64;51;76;76;35129;6308;6423;95.4;2.4;4.9;25.8;35.9;460;612;42.9;2.3;358;464;43.6;1.9;1;0;0
7147;91;91;6;0;0;3;0;0;0;0;0;0;0;2;2;1;0;61;49;75;8;4780;0;605;109.6;3.8;1.5;24.9;27.1;61;59;50.8;-5.2;45;47;48.9;-7.1;0;0;0
7150;87;87;36;14;3;0;70;0;0;0;0;6;2;42;13;3;31;60;56;58;65;27296;416;3003;99.4;3.7;3.7;31.3;29.7;421;407;50.8;-1.7;321;301;51.6;-0.3;1;30;15
7151;98;98;36;8;32;8;40;2;12;0;1;4;1;61;14;16;70;72;58;84;107;39280;10093;2629;102.7;2.9;2.4;27.4;29.8;584;637;47.8;5.0;425;468;47.6;3.9;1;0;0
7153;85;85;37;6;19;6;28;0;3;0;0;0;0;43;13;13;72;71;55;86;80;36784;2166;3435;96.7;4.2;3.8;35.4;25.2;661;459;59.0;4.3;502;351;58.9;5.1;0;0;0
7154;98;98;36;6;9;9;40;0;0;0;0;6;2;23;5;22;57;63;54;72;42;28316;230;6220;104.5;3.3;2.4;27.8;32.5;439;517;45.9;1.8;313;369;45.9;1.1;1;207;88
7156;87;87;14;0;5;0;19;0;0;0;0;3;0;16;4;2;7;51;47;58;18;13153;108;1086;103.5;2.5;2.5;24.6;38.0;168;254;39.8;-8.5;122;193;38.7;-8.8;0;0;0
7157;94;94;36;18;37;15;85;5;16;0;0;11;2;59;17;20;65;87;76;91;134;34066;8367;5724;99.6;4.6;3.0;38.1;23.5;694;409;62.9;16.6;514;296;63.5;16.8;3;720;403
7158;86;86;37;5;9;13;26;0;3;1;0;2;1;42;15;12;61;59;50;70;59;38778;5831;5387;102.0;3.8;2.5;32.5;25.9;688;527;56.6;0.0;482;396;54.9;-2.1;0;1;0
7160;101;101;34;6;27;-13;49;2;4;0;0;7;0;34;13;29;94;77;64;87;117;36619;8897;3424;98.6;3.7;4.7;27.9;31.9;509;608;45.6;5.0;395;429;47.9;7.3;2;0;0
7161;85;85;9;1;3;-1;4;0;0;0;0;0;0;6;2;2;9;54;50;58;10;6958;0;854;98.4;3.6;4.1;27.9;28.5;105;101;51.0;-7.4;80;73;52.3;-6.1;0;7;2
7162;91;91;34;9;19;29;40;4;1;0;0;3;1;35;6;27;63;70;60;81;121;38648;2789;5401;101.2;5.8;3.1;41.8;24.3;799;491;61.9;4.6;610;360;62.9;5.0;3;0;0
7165;93;93;35;25;44;19;66;7;16;0;0;6;1;82;17;16;67;88;75;91;156;32741;8019;6413;100.5;5.2;3.0;38.7;23.1;624;406;60.6;34.3;478;297;61.7;35.9;0;773;479
7167;101;101;34;6;10;-7;39;0;0;0;1;3;0;57;13;14;84;68;51;83;45;36960;1131;6421;100.3;3.6;4.3;26.7;32.4;497;607;45.0;3.2;380;436;46.6;4.4;0;0;0
7168;95;95;34;6;8;-5;31;1;1;0;0;3;0;16;8;0;6;54;56;49;58;33168;1728;2254;98.3;3.1;3.7;30.2;30.5;530;518;50.6;-12.0;385;379;50.4;-12.1;1;0;0
7169;87;87;32;15;30;18;70;7;7;0;1;12;3;34;2;12;44;81;74;85;79;29412;7562;2760;102.2;4.0;1.7;36.0;19.0;579;304;65.6;21.4;427;224;65.6;21.6;3;105;48
7170;140;140;41;11;7;-9;8;2;2;0;0;0;0;20;15;12;31;60;56;66;46;21495;3070;343;98.8;3.2;4.7;24.8;33.5;280;381;42.4;-1.8;214;274;43.9;0.0;1;11;4
7171;146;146;40;6;13;-20;33;1;5;0;0;0;0;20;18;10;63;67;58;75;60;38991;4428;2863;100.0;2.7;4.3;23.1;37.4;448;766;36.9;-4.9;356;554;39.1;-2.9;0;1;0
7174;104;104;34;9;23;3;51;3;1;0;1;5;2;37;4;9;58;64;60;64;67;29936;2326;3170;101.2;4.3;3.8;32.5;31.6;504;459;52.3;5.1;374;346;51.9;4.8;0;46;19
7176;85;85;37;5;33;10;49;3;18;0;0;5;2;53;11;19;42;72;59;84;122;35589;10198;2161;101.7;4.3;3.2;32.2;27.4;616;493;55.5;-0.9;449;374;54.6;-1.4;1;0;0
7177;98;98;21;12;19;6;146;6;5;0;0;26;18;44;3;4;36;78;73;73;72;18184;4658;532;97.9;6.1;4.9;38.2;27.3;352;259;57.6;22.6;257;185;58.1;23.3;1;24;12
7179;94;94;8;5;9;12;22;0;4;0;0;4;1;15;2;2;7;74;71;75;31;7743;1173;1418;105.1;7.0;1.4;49.3;15.3;203;72;73.8;17.9;154;52;74.8;17.8;1;37;21
7180;98;98;31;3;8;-9;77;1;0;0;0;13;5;43;11;9;47;53;47;59;37;28636;1041;5246;99.3;3.5;4.5;28.4;34.4;387;548;41.4;-3.3;303;393;43.5;-1.4;1;0;0
7181;104;104;35;4;24;-6;187;2;9;0;0;31;16;41;9;19;81;77;58;92;75;35818;5632;4116;97.9;3.3;3.8;33.6;31.8;609;547;52.7;4.6;440;422;51.0;2.5;0;0;0
7182;97;97;36;6;23;-12;195;1;12;0;1;27;14;76;9;31;105;78;55;91;92;33957;9546;6584;98.3;2.7;3.5;26.8;30.1;476;555;46.2;4.0;359;414;46.4;4.1;1;0;0
7183;88;88;29;8;9;8;18;2;2;0;1;0;0;43;7;22;47;71;56;86;75;29716;3463;5092;98.5;4.7;3.6;37.9;26.0;577;379;60.4;2.7;428;287;59.9;2.9;3;0;0
7184;104;104;35;4;14;-9;19;2;2;0;1;1;0;21;6;8;22;63;59;65;74;25274;3695;1042;98.4;2.7;4.0;29.1;36.5;374;462;44.7;-7.6;271;338;44.5;-7.6;1;49;22
7185;88;88;35;18;28;9;64;3;10;1;0;10;4;77;9;10;33;79;69;84;106;29511;10398;1613;97.6;4.5;3.3;41.0;24.6;589;373;61.2;4.3;460;272;62.8;7.3;0;438;261
7186;88;88;36;16;19;5;56;4;4;0;0;5;0;44;15;11;36;70;64;74;110;25611;4313;4763;97.1;4.9;3.9;40.1;26.0;494;358;58.0;0.5;370;258;58.9;2.4;1;131;56
7187;103;103;38;7;27;30;61;0;2;1;0;9;0;43;14;12;56;77;69;80;133;37264;2346;6136;101.3;4.3;1.4;42.9;16.9;845;326;72.2;15.3;626;243;72.0;14.2;2;280;129
7188;101;101;37;12;18;-2;50;6;7;0;0;2;0;52;9;14;20;72;61;78;69;32895;7090;409;102.0;3.4;3.4;27.3;32.4;459;548;45.6;5.3;341;403;45.8;4.4;1;708;393
7190;85;85;33;9;7;-4;18;2;1;0;0;0;0;14;8;3;3;56;52;52;47;23736;1338;15;97.9;3.9;4.6;29.7;29.6;357;364;49.5;-7.7;266;279;48.8;-7.7;0;13;6
7191;103;103;38;43;36;26;26;25;14;0;1;0;0;63;8;17;26;95;81;96;225;36783;11657;6360;99.4;4.2;1.8;43.6;17.2;842;331;71.8;14.7;627;248;71.7;13.7;4;912;525
7192;96;96;34;12;16;4;46;4;6;1;0;4;1;33;27;15;37;68;55;81;111;36354;9423;5086;98.9;3.8;3.3;34.3;27.1;612;512;54.4;6.9;463;390;54.3;6.4;3;0;0
7193;102;102;34;15;26;31;70;1;0;0;0;5;1;86;14;24;88;79;69;83;106;33122;2257;5037;102.1;5.7;2.3;45.8;22.2;800;369;68.4;9.9;577;285;66.9;10.0;1;515;265
7194;86;86;14;0;2;1;45;0;0;0;0;7;2;13;4;5;6;58;47;73;18;11544;623;929;101.5;3.4;2.8;33.7;32.4;202;185;52.2;-9.6;148;139;51.6;-10.6;0;0;0
7195;103;103;36;12;38;20;150;4;19;0;0;26;14;27;8;14;18;77;72;76;108;28181;10454;953;99.1;4.9;2.2;45.3;18.8;636;277;69.7;10.1;471;200;70.2;10.2;1;84;47
7196;102;102;35;20;26;32;98;3;4;0;0;14;5;56;10;6;20;76;67;71;136;34431;4361;2318;101.1;5.6;2.3;46.7;21.0;832;378;68.8;9.8;609;294;67.4;10.1;1;105;53
7199;146;146;42;4;9;-4;4;0;3;0;0;0;0;29;24;18;41;66;56;73;53;35376;976;1386;101.8;2.4;2.8;24.0;34.0;438;597;42.3;2.9;346;445;43.7;3.9;1;149;69
7201;99;99;36;12;30;36;26;0;6;0;1;0;0;43;16;24;72;69;54;84;150;39270;6249;6918;105.0;5.5;2.3;38.4;24.6;750;470;61.5;15.0;572;353;61.8;15.2;3;0;0
7203;101;101;34;4;6;-5;32;0;0;0;0;4;1;26;8;4;14;55;51;57;26;19012;230;2053;99.1;3.6;4.5;28.2;33.3;255;355;41.8;-13.6;201;257;43.9;-11.3;0;40;20
7204;91;91;35;14;25;19;33;4;9;0;0;3;1;43;25;10;93;77;68;85;120;36034;9264;2862;102.1;4.1;2.4;36.0;25.7;642;542;54.2;-9.2;493;387;56.0;-7.9;3;0;0
7205;86;86;34;9;42;29;126;2;14;1;1;22;9;56;10;38;93;87;58;99;120;35850;8401;6070;103.9;5.1;2.1;36.9;21.1;680;419;61.9;6.6;499;304;62.1;7.5;2;1;0
7207;85;85;33;16;37;24;83;0;6;0;4;9;3;54;8;14;36;86;74;86;104;33771;3286;5626;95.3;5.3;3.2;42.0;18.4;745;342;68.5;17.8;539;262;67.3;16.7;3;809;458
7208;103;103;38;18;38;25;72;6;20;0;0;8;2;69;18;9;28;76;74;75;144;36093;11686;521;99.8;4.3;1.7;44.9;17.5;840;326;72.0;15.1;627;245;71.9;14.0;4;33;16
7209;95;95;36;17;47;16;111;11;18;0;1;17;3;57;11;21;41;82;79;81;163;33611;9671;3477;97.0;4.7;3.1;40.4;21.1;735;352;67.6;12.4;539;260;67.5;12.5;2;122;74
7210;97;97;38;7;32;9;70;2;14;0;1;8;1;80;10;26;108;79;58;93;89;39371;10305;4569;105.3;3.8;2.6;27.2;28.9;536;621;46.3;4.9;416;453;47.9;7.0;2;0;0
7212;94;94;26;2;20;15;2;1;8;0;0;0;0;24;9;14;27;67;56;78;86;28024;4848;3257;100.7;4.2;2.2;37.8;20.7;550;321;63.1;13.8;422;226;65.1;16.7;0;0;0
7213;85;85;37;18;35;29;28;0;5;0;0;0;0;22;11;7;20;67;67;64;106;35111;4163;2154;100.3;5.9;2.9;41.8;20.6;742;384;65.9;14.6;541;292;64.9;14.2;3;43;15
7214;95;95;30;3;5;1;91;0;0;0;0;10;5;39;21;10;68;63;46;83;57;28772;975;5528;98.4;3.3;3.1;32.4;26.9;490;395;55.4;-7.9;368;282;56.6;-6.0;0;0;0
7216;88;88;28;10;13;13;24;0;4;1;1;2;1;29;4;17;42;77;66;83;65;19366;3073;5225;102.3;4.6;2.2;36.6;21.6;373;200;65.1;5.7;265;151;63.7;4.3;1;354;178
7217;93;93;35;6;18;-4;69;3;12;0;0;11;3;18;12;6;43;66;63;71;64;26153;8301;281;99.6;3.0;3.4;28.8;31.5;404;434;48.2;4.6;287;315;47.7;3.2;1;16;5
7221;96;96;37;13;9;-15;54;3;1;1;1;3;0;27;13;22;65;69;58;77;71;30517;3078;3930;100.7;2.2;4.0;20.3;38.7;329;675;32.8;-9.3;238;490;32.7;-8.6;0;73;32
7223;90;90;32;26;28;9;70;11;11;0;0;8;2;56;12;25;52;87;77;88;125;29359;7078;5670;100.8;5.0;3.6;35.1;26.4;584;379;60.6;16.0;415;287;59.1;13.5;2;92;58
7230;89;89;26;2;3;-18;32;0;2;0;0;4;0;19;5;10;18;56;50;60;20;13472;1303;2853;94.2;1.6;6.4;21.4;48.4;157;334;32.0;-11.9;114;250;31.3;-11.7;0;78;30
7232;100;100;6;0;3;2;0;0;1;0;0;0;0;11;2;1;6;61;57;61;12;4755;1022;468;107.9;4.5;3.0;25.7;31.0;63;88;41.7;-1.1;47;59;44.3;-1.0;0;10;3
7238;66;66;40;14;37;27;18;4;7;1;2;0;0;28;11;16;52;76;72;76;138;36999;3762;4928;98.7;4.5;2.2;45.7;20.2;838;396;67.9;13.3;622;296;67.8;12.8;1;687;386
7239;80;80;40;28;23;54;166;2;2;0;0;30;14;36;9;32;27;79;72;81;155;35359;3496;1889;101.3;7.0;1.3;58.7;12.4;1074;236;82.0;10.3;799;163;83.1;11.0;2;600;319
7241;75;75;40;6;18;10;31;0;2;2;0;3;0;38;13;28;84;73;51;93;68;38096;1651;7462;100.2;2.8;2.4;29.3;24.9;559;536;51.1;5.9;423;388;52.2;5.8;2;0;0
7242;83;152;26;6;30;26;77;2;7;0;1;7;2;40;7;20;60;77;63;86;71;26794;5428;4384;103.7;6.0;2.6;42.9;24.5;576;327;63.8;7.1;437;255;63.2;5.9;2;0;0
7243;64;64;36;16;19;13;94;4;7;0;0;14;4;65;10;21;34;81;67;89;141;32782;8741;6339;101.9;3.7;2.2;33.7;23.8;556;392;58.6;20.2;405;293;58.0;20.2;1;249;123
7244;74;74;41;27;39;29;28;9;15;0;0;0;0;47;10;12;33;76;72;75;131;38125;9466;295;99.6;5.2;2.4;43.5;19.2;833;400;67.6;11.3;627;296;67.9;10.6;4;881;507
7245;65;65;32;3;15;-15;138;2;10;0;0;24;10;59;7;13;85;81;65;92;91;28601;8157;2707;98.1;2.3;3.8;25.4;34.9;377;501;42.9;2.8;273;368;42.6;2.6;0;0;0
7246;71;71;32;4;8;-11;41;1;1;0;0;1;0;35;0;9;15;59;56;61;41;23947;3340;331;99.0;3.2;4.7;25.9;35.3;345;427;44.7;-11.6;250;321;43.8;-12.0;1;18;4
7252;74;74;38;6;7;3;144;1;2;1;1;18;6;66;13;15;23;64;55;69;44;20080;245;6328;100.7;2.9;2.5;28.7;26.9;323;279;53.7;-7.6;220;198;52.6;-9.8;1;62;30
7254;129;27;41;4;8;-10;9;1;1;0;0;1;1;35;8;3;36;59;52;64;33;23705;1304;301;100.2;2.3;3.8;22.5;38.1;262;432;37.8;-6.8;199;334;37.3;-6.5;1;157;63
7256;76;76;37;7;15;6;78;0;1;0;0;12;3;38;15;14;63;72;60;80;80;29319;2681;7368;100.6;3.4;2.6;37.0;29.6;517;416;55.4;6.7;397;314;55.8;7.1;1;295;156
7259;83;83;41;16;45;31;24;3;19;0;2;0;0;40;19;33;67;87;78;91;185;46868;11193;6637;101.4;4.8;2.5;38.9;23.0;951;540;63.8;11.5;704;400;63.8;11.8;3;65;26
7260;126;126;41;4;2;-3;6;0;1;0;0;0;0;9;13;8;22;57;50;63;29;16682;721;1142;99.6;2.2;2.8;25.9;32.2;222;282;44.0;-13.9;162;210;43.5;-14.3;1;241;116
7261;66;66;40;36;41;39;79;14;14;1;0;11;0;56;10;36;50;90;92;89;289;40097;11498;2258;100.6;5.4;1.9;47.0;17.3;996;381;72.3;21.6;715;287;71.4;19.7;6;66;29
7263;74;74;9;3;0;1;0;0;0;0;0;0;0;5;1;0;4;57;52;57;5;4368;129;315;105.7;2.5;1.6;23.1;33.0;52;73;41.6;-16.7;39;54;41.9;-15.6;1;33;15
7265;81;81;9;0;2;-6;32;0;0;0;0;6;4;4;5;1;22;65;54;72;11;7120;630;477;92.5;0.5;3.0;30.8;33.4;95;124;43.4;-3.6;73;86;45.9;-2.4;0;18;10
7268;84;84;27;8;21;-8;100;3;8;0;0;16;6;32;3;21;28;77;65;83;72;25719;5463;957;101.0;2.7;3.6;24.5;37.0;333;480;41.0;8.3;241;363;39.9;8.9;1;508;234
7270;71;71;36;5;10;-9;20;0;2;0;0;0;0;14;6;2;26;59;57;57;57;28551;2438;1014;100.0;3.3;4.4;26.9;36.2;406;524;43.7;-12.6;302;382;44.2;-11.1;0;464;207
7272;79;79;40;27;36;34;40;15;14;0;1;2;0;61;19;11;30;81;78;80;151;35827;10506;6973;101.4;5.2;1.9;46.0;19.1;831;356;70.0;18.0;628;248;71.7;19.2;3;170;97
7273;68;68;39;21;37;29;73;7;13;0;1;7;1;30;10;26;41;82;77;82;132;35574;8330;4220;103.9;5.3;2.3;39.3;24.4;769;429;64.2;16.7;560;323;63.4;15.8;1;104;61
7275;72;72;39;24;49;27;125;7;27;1;1;21;7;51;12;27;38;90;79;90;152;34388;8445;5955;100.8;5.1;2.4;39.9;19.9;712;359;66.5;17.8;520;273;65.6;17.0;5;819;462
7276;78;78;43;9;24;8;134;3;10;0;0;18;3;91;17;33;81;82;57;96;149;41584;12446;9853;100.4;3.4;2.4;34.5;25.9;729;551;57.0;10.8;558;410;57.6;11.7;2;1;0
7277;72;72;40;16;20;27;50;2;3;1;0;6;3;95;11;5;57;68;63;67;98;36750;1370;3792;101.2;5.0;2.4;37.9;20.5;739;394;65.2;14.9;534;295;64.4;13.8;2;95;49
7279;83;83;41;19;36;19;34;5;15;0;0;0;0;60;15;7;17;74;71;73;146;34868;10445;27;101.6;4.7;2.6;41.4;26.0;720;447;61.7;7.1;521;329;61.3;6.8;2;16;8
7281;77;77;39;4;7;-37;58;1;1;0;1;4;0;42;10;23;92;67;55;75;50;30524;1805;2529;93.2;1.5;5.7;20.4;39.6;322;622;34.1;-1.8;241;468;34.0;-2.5;1;455;214
7282;84;84;43;8;17;-37;104;2;7;0;0;16;7;67;19;26;74;72;58;81;79;40524;8070;2940;95.6;1.6;4.6;20.6;37.8;494;763;39.3;8.6;354;588;37.6;7.7;1;95;34
7285;80;80;42;23;27;63;67;1;0;0;0;7;2;36;14;7;30;66;67;61;127;36826;181;2066;103.5;7.2;1.1;59.0;12.3;1133;250;81.9;10.2;843;172;83.1;11.0;3;14;5
7286;75;75;40;10;20;11;68;3;7;1;3;10;2;76;16;30;65;72;61;81;109;39389;6619;7271;98.6;2.8;2.2;35.1;23.2;695;490;58.6;17.6;534;349;60.5;19.0;1;261;113
7291;76;76;42;33;33;33;90;10;9;0;0;10;3;89;19;17;36;83;81;79;176;38820;9716;4975;99.8;5.9;2.8;43.4;20.0;824;413;66.6;12.2;624;298;67.7;12.1;5;168;80
7294;79;79;37;10;17;23;200;0;7;0;0;34;22;33;6;3;16;70;59;65;91;31801;3194;1733;100.0;4.5;1.9;44.4;18.8;721;318;69.4;15.6;543;226;70.6;16.0;2;577;299
7296;72;72;22;1;9;3;10;0;2;0;0;0;0;15;6;5;34;64;52;78;30;20159;899;2472;101.4;3.8;3.2;28.4;27.3;324;306;51.4;-2.0;216;226;48.9;-3.7;0;0;0
7300;68;68;29;8;10;0;49;1;0;0;0;9;1;23;5;8;21;66;63;65;64;22109;2793;1292;96.3;3.4;3.4;36.5;26.1;416;308;57.5;4.1;316;222;58.7;5.6;0;29;12
7301;69;69;39;2;13;-30;141;0;3;1;0;23;9;54;19;19;65;68;57;77;48;32121;7721;4049;97.9;1.7;4.8;19.6;45.2;328;678;32.6;1.8;243;542;31.0;0.5;1;81;35
7303;71;71;42;20;41;11;38;12;18;2;0;6;1;58;15;28;55;82;75;83;136;38545;10161;6596;99.6;3.5;2.4;38.7;25.3;775;462;62.7;13.2;566;354;61.5;12.2;1;122;64
7304;66;66;41;37;32;33;28;14;16;0;0;0;0;49;15;12;34;80;80;85;220;39238;11792;1044;101.2;4.7;1.6;47.0;17.9;964;396;70.9;18.6;705;301;70.1;17.2;4;937;517
7305;146;146;38;5;8;-17;10;2;4;0;0;0;0;46;10;10;31;62;55;67;45;38078;5921;2821;99.5;1.9;3.2;21.8;35.3;418;687;37.8;-2.9;327;506;39.3;-1.8;0;0;0
7307;83;83;37;12;16;17;222;2;6;2;0;42;22;59;9;9;35;72;67;70;121;35808;6553;3448;102.2;4.4;2.7;35.2;26.1;666;469;58.7;5.2;485;353;57.9;4.5;3;0;0
7311;83;83;41;13;20;26;64;2;3;0;0;8;4;31;12;9;36;67;63;67;87;34804;3288;2398;103.2;4.9;2.3;39.3;24.9;675;476;58.6;2.8;502;339;59.7;4.5;1;142;51
7312;68;68;4;0;3;2;7;0;1;0;1;1;0;3;1;1;6;70;59;85;13;3846;409;503;103.1;3.7;1.9;33.7;23.4;68;50;57.6;1.9;51;36;58.6;3.0;0;0;0
7313;72;72;27;4;10;4;41;1;1;0;1;3;2;14;11;4;15;63;57;70;57;23275;2292;2148;99.6;4.6;4.2;35.0;30.5;420;367;53.4;-4.4;311;267;53.8;-3.4;0;1;1
7314;79;79;35;28;22;26;135;15;10;0;0;18;8;116;13;9;38;82;75;84;177;31645;10099;5716;100.3;4.9;1.8;45.6;17.4;734;311;70.2;16.4;553;215;72.0;17.3;2;200;115
7315;63;63;44;9;13;-1;121;1;0;1;0;11;3;35;8;3;20;61;55;55;54;32341;981;1061;100.5;3.3;3.6;30.8;34.5;505;563;47.3;-3.5;381;418;47.7;-3.5;3;54;28
7320;80;80;42;30;55;56;83;4;12;0;0;7;2;44;12;16;40;91;83;91;202;39077;9544;2708;98.7;7.1;1.8;58.4;13.0;1155;295;79.7;7.1;878;211;80.6;7.8;6;690;398
7323;70;70;36;26;31;35;28;6;7;0;1;4;1;48;17;6;22;79;77;77;137;35251;5989;5502;101.1;5.3;1.8;48.2;18.6;872;334;72.3;12.9;642;251;71.9;12.7;4;96;38
7324;68;68;40;3;24;15;92;0;9;1;4;10;2;70;18;18;108;70;53;86;74;41357;8145;7383;102.5;2.8;2.0;29.3;28.8;616;660;48.3;1.1;460;464;49.8;1.7;0;0;0
7326;67;67;40;13;8;3;67;5;3;1;0;3;0;21;7;4;14;65;62;64;83;31489;5370;860;102.0;2.4;2.2;26.3;30.5;433;493;46.8;3.7;322;361;47.1;4.9;1;79;47
7330;70;70;36;10;24;27;81;1;8;1;0;11;4;37;12;13;4;71;69;70;97;32257;8700;2631;101.9;4.9;1.9;43.4;20.1;758;331;69.6;8.3;558;260;68.2;6.3;0;133;79
7332;64;18;39;13;32;-3;74;3;13;0;1;9;3;55;9;38;111;87;62;97;133;41847;9722;4624;99.3;2.9;3.1;28.6;28.3;640;583;52.3;12.2;469;440;51.6;12.1;1;0;0
7333;72;72;38;8;24;10;208;3;6;0;1;38;12;76;14;24;77;69;53;81;118;39132;7585;6660;98.2;3.6;2.9;33.5;23.5;715;485;59.6;9.1;513;346;59.7;9.1;2;0;0
7334;72;72;8;2;7;1;2;1;4;0;0;0;0;22;2;3;20;89;64;96;32;7441;2706;1573;99.1;2.4;1.9;31.0;22.3;133;90;59.6;2.1;101;66;60.5;3.1;0;0;0
7336;70;70;39;15;29;41;97;2;7;0;1;13;5;60;10;26;107;77;62;90;159;41356;8414;5572;102.6;5.7;2.1;44.4;20.5;905;460;66.3;2.9;699;336;67.5;5.1;3;0;0
7337;81;81;41;15;33;-5;54;8;13;0;1;3;1;54;14;21;64;78;74;78;130;39128;8791;5219;95.8;3.4;3.8;35.0;27.0;740;521;58.7;26.1;554;386;58.9;26.1;2;97;44
7338;76;76;39;3;18;17;197;1;5;0;0;37;21;60;5;17;64;68;58;74;96;40635;4036;4032;97.6;4.3;2.8;39.8;21.3;793;457;63.4;6.0;600;339;63.9;4.6;0;0;0
7339;63;63;42;25;36;4;38;13;16;0;0;6;0;32;13;17;34;74;70;78;155;34251;10922;3035;96.6;3.7;3.0;40.4;24.3;740;396;65.1;4.4;555;299;65.0;4.5;3;122;68
7340;17;17;39;2;10;-20;10;0;2;0;0;0;0;31;28;25;21;63;60;64;40;32049;4034;42;97.6;2.7;4.8;27.4;39.5;391;560;41.1;-3.6;283;413;40.7;-2.4;0;250;108
7342;67;67;35;2;5;-7;81;0;0;0;0;9;3;42;12;4;18;57;51;62;23;23933;62;1407;98.6;2.3;3.3;25.0;31.6;304;407;42.8;-1.4;225;305;42.5;-0.7;0;24;14
7343;79;79;31;5;3;10;57;0;0;0;0;7;1;42;6;9;78;66;53;80;45;28451;749;3578;101.6;3.3;2.2;32.1;24.8;470;406;53.7;-8.6;350;278;55.7;-7.3;0;0;0
7345;68;68;10;2;8;5;4;1;4;0;0;0;0;14;0;2;4;72;70;69;30;8788;2001;573;100.7;4.1;2.0;42.6;22.9;224;96;70.0;20.1;157;72;68.6;16.6;1;11;5
7347;83;83;35;37;29;30;120;15;6;0;0;18;8;68;14;11;30;80;81;73;181;30622;8751;1962;102.1;5.9;2.2;43.7;19.6;668;305;68.7;15.2;502;238;67.8;14.2;4;138;67
7350;77;77;41;13;23;-11;37;4;12;0;0;1;0;81;22;19;53;73;67;75;124;40228;9711;5694;99.1;2.5;3.1;29.3;32.9;590;685;46.3;16.8;436;493;46.9;16.9;0;122;57
7352;83;83;12;6;10;-1;17;3;2;0;0;3;1;14;4;9;17;80;73;81;36;10171;1426;1276;98.8;3.9;3.9;35.7;32.2;205;144;58.7;6.9;141;109;56.4;4.8;1;18;9
7353;81;81;41;11;29;-11;23;2;7;1;1;3;0;58;18;18;102;71;60;81;149;44964;9348;7810;100.3;3.6;4.5;28.2;36.0;663;828;44.5;6.1;498;609;45.0;6.5;2;0;0
7354;67;67;38;9;17;-3;136;3;5;0;0;24;10;34;13;15;25;65;60;65;64;33107;6001;1986;102.2;2.9;3.0;24.4;31.0;465;540;46.3;4.1;330;407;44.8;2.7;3;20;12
7355;76;76;26;13;13;17;25;5;3;0;0;3;2;29;3;5;8;71;70;68;88;22343;6529;14;100.6;5.2;2.3;41.2;19.0;455;244;65.1;8.6;348;158;68.8;11.2;3;30;15
7356;80;80;31;2;11;14;22;0;2;0;0;0;0;24;1;6;12;60;57;60;29;15395;921;150;104.0;5.1;1.9;40.9;21.7;316;198;61.5;-17.6;237;139;63.0;-16.5;0;18;12
7364;71;71;39;14;30;15;25;7;13;0;3;1;1;45;7;21;72;81;66;92;125;36000;9493;5319;101.0;3.4;2.0;37.1;24.6;705;429;62.2;12.1;512;324;61.2;11.6;2;175;79
7365;70;70;38;13;29;45;187;3;7;0;0;29;8;50;11;45;63;85;64;96;155;38172;10317;2905;105.6;5.8;1.4;45.2;19.9;844;397;68.0;4.5;644;294;68.7;5.8;2;0;0
7368;76;76;37;4;11;11;38;1;1;0;0;0;0;22;9;11;43;64;52;77;60;35434;750;5862;101.0;4.0;2.9;32.3;26.2;586;502;53.9;-5.1;429;356;54.6;-5.7;1;0;0
7369;73;73;40;19;24;-4;129;5;10;2;0;23;6;86;17;29;114;83;69;91;122;36700;9435;6778;99.7;2.9;3.3;26.7;29.5;506;548;48.0;22.8;372;414;47.3;21.6;2;190;109
7371;74;74;29;1;3;2;13;1;0;0;0;1;0;7;0;4;22;58;53;58;27;14645;245;2440;102.0;2.2;1.7;28.8;30.5;221;239;48.0;-16.8;157;171;47.9;-18.1;0;28;7
7372;74;74;41;7;27;24;23;0;1;0;0;1;0;57;15;8;25;66;60;66;76;35878;212;1621;100.6;5.0;2.7;42.5;24.3;739;447;62.3;3.5;572;329;63.5;4.1;0;541;308
7375;153;153;8;0;0;0;4;0;0;0;0;0;0;4;1;1;1;57;51;64;6;3392;516;0;100.0;2.1;2.1;26.5;26.5;47;48;49.5;-6.9;35;36;49.3;-7.4;0;15;7
7379;68;68;41;13;24;4;76;4;11;0;0;6;1;65;16;18;87;79;64;91;179;41787;11219;3061;99.8;2.6;2.4;30.5;27.7;643;628;50.6;4.2;482;451;51.7;4.4;0;0;0
7381;151;152;41;10;13;-14;28;1;6;0;0;0;0;50;15;15;41;67;61;68;78;35465;4467;771;96.2;2.0;3.2;27.5;29.0;523;543;49.1;-1.2;392;401;49.4;-0.8;2;507;274
7382;76;76;40;11;24;30;36;1;2;0;0;2;0;28;10;11;29;71;66;72;102;37493;3435;4924;100.9;5.6;2.7;40.7;21.0;760;423;64.2;8.1;569;299;65.6;8.4;1;817;442
7383;81;81;40;5;8;-15;65;1;0;0;0;9;1;33;10;20;69;62;57;64;67;32830;806;3572;97.9;2.6;4.4;27.9;38.1;446;673;39.9;-0.7;338;486;41.0;0.5;0;76;39
7386;79;79;35;1;11;15;22;0;0;0;1;0;0;30;2;13;78;63;51;75;47;32184;330;7439;100.7;3.8;2.2;37.0;23.3;602;419;59.0;1.7;447;293;60.4;3.1;0;0;0
7390;76;76;38;5;10;10;151;0;0;0;1;25;13;47;7;10;82;61;51;67;52;33261;873;5651;99.7;4.1;3.1;35.5;26.5;579;463;55.6;-3.1;443;329;57.4;-1.8;1;10;3
7392;71;71;40;9;14;-16;8;6;9;0;0;0;0;26;4;7;22;64;56;71;51;18743;8406;295;96.4;3.1;5.8;26.7;38.0;258;328;44.0;-9.9;203;257;44.1;-9.5;1;82;30
7393;67;67;40;8;11;-9;36;4;3;0;2;0;0;52;9;17;75;64;55;69;78;37228;3531;5106;97.7;2.2;3.3;25.6;29.9;490;595;45.2;1.6;361;446;44.7;1.7;1;195;83
7394;80;80;41;10;15;15;103;1;0;0;0;19;7;65;15;5;12;66;63;64;95;26704;2347;822;97.2;4.7;2.6;49.3;20.8;708;282;71.5;-4.4;498;214;69.9;-7.2;2;8;3
7396;71;71;23;4;8;1;14;0;0;1;0;2;1;9;4;7;18;59;54;59;22;14563;18;2384;103.2;3.7;3.7;24.5;30.9;190;244;43.8;-16.3;137;180;43.2;-16.7;2;94;45
7397;82;82;16;0;8;5;2;0;0;0;0;0;0;9;5;8;17;60;53;64;29;16714;350;1994;104.4;3.9;2.8;30.8;34.0;280;261;51.8;3.5;193;198;49.4;2.6;0;0;0
7399;74;74;36;22;48;38;91;7;16;1;0;13;5;64;13;18;72;89;72;97;210;36022;8362;3995;103.0;5.5;1.7;46.4;19.2;810;359;69.3;12.5;626;264;70.3;13.0;4;0;0
7400;76;76;5;5;6;8;2;1;4;0;0;0;0;3;1;2;2;77;82;69;25;4024;1376;0;103.1;8.9;1.8;57.3;14.3;110;32;77.5;18.3;83;22;79.0;16.4;0;2;1
7403;70;70;6;0;1;-1;20;0;0;0;0;2;1;11;0;2;3;57;51;61;6;5253;70;248;97.7;2.1;2.7;34.3;32.9;98;78;55.7;-10.6;68;65;51.1;-16.1;0;0;0
7405;84;84;44;1;2;-33;55;0;0;0;0;7;3;20;10;7;34;50;49;49;25;27732;2687;830;97.2;1.2;5.5;15.6;53.0;237;735;24.4;-12.0;172;562;23.4;-11.8;0;185;72
7408;82;82;37;3;22;17;44;2;1;0;1;6;2;34;13;18;69;64;52;75;68;36209;4742;6785;101.2;3.9;2.5;34.1;24.4;646;452;58.8;14.1;482;338;58.8;15.1;0;0;0
7410;106;106;33;13;25;9;188;2;5;1;1;32;17;110;12;9;53;73;64;72;68;29251;2515;5405;101.3;4.4;3.6;30.8;27.2;437;432;50.3;5.4;340;301;53.0;8.7;1;242;138
7411;113;113;33;15;24;10;48;2;8;0;1;6;2;52;12;13;33;71;67;74;102;30106;8765;1816;104.0;4.1;2.5;33.1;30.4;504;461;52.2;13.0;367;346;51.5;11.7;2;75;36
7413;110;110;35;23;49;31;54;7;14;1;0;8;1;49;6;19;38;86;82;86;163;31039;8430;2824;98.7;6.1;2.4;49.2;17.6;774;269;74.2;26.1;587;205;74.1;25.5;1;75;46
7414;119;119;37;10;10;-7;76;3;3;1;1;8;0;38;10;5;42;62;57;65;57;31021;4110;2898;102.3;2.8;3.9;22.0;38.1;328;639;33.9;-1.0;250;457;35.4;-0.6;2;566;285
7416;107;107;36;9;12;-29;54;4;5;1;0;3;1;77;14;29;98;81;65;90;96;35846;10868;6781;94.3;1.9;4.5;23.3;32.5;421;601;41.2;5.2;317;419;43.1;7.2;0;0;0
7418;111;111;27;1;0;-12;4;0;0;0;0;0;0;11;1;2;4;52;51;51;9;12714;118;26;95.1;1.1;4.5;19.5;42.5;131;271;32.6;-25.6;97;204;32.2;-25.9;0;26;8
7419;118;118;35;13;34;28;75;3;14;0;0;9;4;36;18;11;29;86;71;94;154;37270;8977;4556;104.6;4.4;1.6;36.8;22.1;728;416;63.6;7.6;547;321;63.0;7.6;2;0;0
7421;108;108;36;12;36;20;60;7;13;0;1;6;2;53;10;22;94;86;66;97;146;37027;10107;4129;102.9;4.7;2.5;33.3;22.7;684;426;61.6;12.9;481;314;60.5;11.8;2;0;0
7422;116;116;36;29;40;41;16;15;12;0;0;0;0;35;17;16;45;89;80;92;203;34399;10376;6345;102.8;6.2;1.7;50.4;17.7;914;282;76.4;17.0;672;225;74.9;16.0;5;302;163
7424;114;114;36;16;27;26;53;5;9;1;0;5;2;38;13;17;23;84;66;91;115;31264;6465;6438;104.6;4.3;1.2;40.9;19.7;635;350;64.5;12.3;488;258;65.4;13.8;2;719;366
7426;114;114;34;3;14;0;41;0;3;0;0;1;0;28;2;0;15;58;55;60;27;16990;1261;1081;106.5;3.4;3.4;21.8;37.5;193;331;36.8;-18.8;144;250;36.5;-18.7;0;12;4
7428;146;146;40;7;4;-8;22;1;0;2;0;0;0;57;14;12;36;64;58;68;51;29890;1105;4195;100.1;1.8;3.0;22.0;37.2;345;550;38.5;-0.9;255;410;38.3;-2.0;2;123;48
7433;47;47;3;0;1;-3;0;0;0;0;0;0;0;7;1;0;1;54;50;52;1;1955;0;371;90.3;1.8;7.4;29.5;46.0;25;40;38.5;2.5;19;34;35.8;-1.9;0;8;4
7438;114;114;32;7;28;17;170;5;12;0;0;23;6;88;6;26;72;72;56;85;119;31867;9228;4802;103.3;4.2;2.1;32.6;22.6;530;403;56.8;1.6;398;295;57.4;2.6;1;0;0
7440;109;109;34;11;16;-7;141;5;11;0;0;25;9;36;9;15;43;71;63;76;91;24295;7651;200;91.2;2.8;3.7;36.6;22.5;443;313;58.6;-1.7;338;215;61.1;1.7;2;574;320
7441;17;17;22;3;7;-11;13;1;2;0;0;1;0;19;10;23;22;61;56;65;56;22314;3100;1526;97.8;2.4;3.9;28.2;35.8;300;351;46.1;1.4;206;258;44.4;-0.1;1;0;0
7443;122;122;35;1;3;-23;51;0;0;0;1;3;1;55;12;21;80;57;46;70;32;35798;576;6881;96.2;1.7;4.1;23.0;36.7;421;673;38.5;4.6;324;494;39.6;6.1;0;0;0
7445;120;120;37;10;35;25;23;4;8;0;1;1;0;43;10;8;67;73;62;83;143;38294;9294;3595;100.4;4.1;1.8;38.6;17.3;785;342;69.7;11.0;566;245;69.8;11.5;1;0;0
7449;115;115;37;17;35;26;28;7;13;0;0;0;0;42;5;15;36;74;69;77;121;34614;8551;2434;103.7;5.4;2.4;34.9;20.4;674;393;63.2;23.8;491;275;64.1;25.1;0;33;17
7451;120;120;34;9;26;9;162;3;11;0;0;30;18;75;8;10;29;80;69;86;113;31562;9331;2599;100.3;3.5;2.5;34.4;25.1;591;415;58.7;-6.8;430;310;58.1;-7.0;2;0;0
7452;110;110;35;4;6;-12;10;0;2;0;0;0;0;11;7;6;31;58;52;63;56;27605;4261;2984;94.7;3.0;4.0;32.7;27.9;443;416;51.6;-6.7;348;312;52.7;-5.9;0;87;39
7453;107;107;36;8;5;-33;27;0;0;0;0;1;0;39;10;9;56;62;59;59;56;31710;267;2974;90.8;1.5;5.2;24.4;34.2;399;558;41.7;5.8;300;402;42.7;6.5;0;93;39
7455;121;121;36;17;23;-7;45;9;7;1;1;5;1;70;5;19;64;77;69;80;100;32193;9229;7039;98.5;2.9;3.7;27.6;30.8;446;532;45.6;25.2;336;391;46.2;25.5;2;194;87
7456;105;105;36;19;30;1;55;12;9;0;0;5;1;41;8;22;85;77;70;82;109;31109;8892;861;102.4;3.4;3.1;27.8;32.3;472;519;47.6;12.1;342;380;47.4;11.2;3;33;19
7457;113;113;35;9;14;-11;155;1;5;0;0;27;19;62;13;15;84;79;62;86;67;25010;6975;2709;98.7;3.0;4.3;26.8;34.3;332;452;42.3;-1.2;262;327;44.5;1.8;0;470;256
7458;107;107;36;8;4;-20;75;0;1;0;1;7;1;50;15;8;62;59;54;58;44;30439;293;5502;95.6;1.7;4.1;23.7;36.4;356;564;38.7;1.4;264;404;39.5;1.8;0;83;41
7459;120;120;37;13;30;12;59;4;14;0;0;3;0;46;11;13;20;76;68;82;84;29719;10480;6167;98.7;3.8;2.4;38.9;22.2;599;346;63.4;1.3;441;252;63.6;2.0;3;746;380
7462;122;122;37;13;28;-2;38;7;17;1;0;4;1;35;17;15;52;73;64;81;132;32038;10023;2123;100.2;2.6;2.5;30.2;29.6;498;489;50.5;20.3;367;353;51.0;20.5;1;28;11
7464;105;105;34;17;22;-2;132;7;9;0;0;22;9;70;10;18;51;82;72;87;126;30823;8853;1556;102.2;3.4;3.4;27.2;33.1;456;521;46.7;10.2;330;374;46.9;9.9;0;111;53
7465;106;106;37;5;14;3;71;0;0;0;0;9;0;24;5;7;47;61;56;64;43;26684;1552;2877;105.0;4.0;3.6;27.8;37.9;350;523;40.1;-9.7;257;390;39.7;-10.9;0;82;39
7468;119;119;31;5;8;-5;36;0;1;2;1;4;1;30;9;13;121;74;53;92;42;30912;2843;3225;101.4;2.0;2.9;20.3;34.7;297;595;33.3;-0.2;222;428;34.2;-0.1;1;0;0
7470;108;108;36;43;31;25;59;21;12;0;1;4;1;37;17;14;47;79;78;75;188;32624;9211;3125;100.6;6.2;3.1;40.9;21.3;721;368;66.2;19.7;508;264;65.8;19.6;3;133;62
7471;105;105;26;9;11;6;43;0;2;1;0;7;1;44;6;16;26;68;61;70;46;21172;1536;2928;104.9;4.1;3.1;30.6;36.2;317;396;44.5;7.8;235;288;44.9;7.8;1;108;55
7473;108;108;35;11;11;-9;111;4;3;0;0;19;6;24;14;8;37;61;57;62;61;25238;3575;1050;96.9;3.3;4.4;27.4;29.2;370;409;47.5;-7.7;261;289;47.5;-7.3;1;193;90
7476;47;47;13;0;2;-4;2;0;2;0;0;0;0;20;3;0;6;66;51;83;11;9674;1430;1276;102.1;1.9;3.3;22.0;52.8;125;261;32.4;-7.1;85;195;30.4;-9.6;0;5;1
7478;117;117;35;13;41;33;61;3;14;0;1;9;2;56;16;22;63;83;65;94;131;37025;9659;5897;100.0;5.6;2.2;41.3;16.4;827;320;72.1;16.2;591;237;71.4;16.1;1;0;0
7479;108;8;36;18;47;27;56;8;21;0;0;8;2;32;12;14;21;77;77;81;152;32229;9539;2327;101.6;6.1;2.8;40.3;20.6;705;357;66.4;19.7;496;252;66.3;20.0;3;37;16
7483;116;116;35;25;34;36;88;13;13;0;0;12;4;42;8;8;30;77;77;73;128;32023;8843;2050;102.3;5.8;1.6;50.7;17.1;875;269;76.5;17.5;638;206;75.6;17.1;6;18;6
7484;120;120;37;13;24;24;57;5;3;0;1;3;0;72;11;10;41;74;62;72;80;35854;3123;3982;100.0;4.6;2.2;39.4;18.8;769;341;69.3;10.4;554;256;68.4;9.4;0;599;340
7487;116;116;32;8;22;34;25;1;7;0;0;1;0;49;14;8;25;71;61;79;104;34497;4463;6198;103.1;5.3;1.7;41.7;17.3;789;288;73.3;12.1;558;217;72.0;11.3;1;1;0
7488;118;118;35;13;16;10;55;3;2;0;0;1;0;54;7;17;37;68;58;69;81;27982;2769;2371;101.3;3.9;2.4;36.2;26.1;523;372;58.4;-0.4;391;271;59.1;1.3;0;26;12
7490;109;109;36;5;21;16;29;2;7;0;0;3;0;35;12;32;78;69;58;80;102;39451;5552;6467;97.9;4.2;2.6;39.2;20.6;804;411;66.2;9.7;602;306;66.3;9.9;0;0;0
7491;112;112;37;5;15;3;34;0;0;0;1;2;1;42;9;14;38;65;58;68;64;27973;267;3743;99.5;3.2;3.0;29.7;26.3;437;389;52.9;-5.1;329;282;53.8;-3.2;0;106;59
7492;116;116;36;18;22;27;33;2;1;0;0;3;0;46;16;38;58;81;70;86;106;32632;1613;6391;102.8;5.2;2.1;39.4;20.2;656;317;67.4;2.6;477;240;66.5;2.4;1;98;45
7494;140;140;41;1;7;-5;16;0;0;0;1;0;0;34;15;11;35;64;53;75;53;37173;1611;2061;101.6;2.8;3.4;25.5;36.1;446;728;38.0;-8.4;354;544;39.4;-6.4;0;0;0
7495;120;120;37;5;15;2;23;0;2;0;0;3;0;55;6;4;6;61;58;55;68;29671;709;839;95.2;3.0;2.8;37.5;21.7;594;337;63.8;1.9;430;242;64.0;2.5;0;50;19
7503;107;107;36;1;8;-36;61;0;0;0;0;9;1;48;7;29;82;74;54;91;74;36469;2807;3253;90.8;1.1;4.5;23.2;32.8;438;623;41.3;5.5;317;457;41.0;4.1;0;0;0
7507;115;115;36;13;20;11;22;1;4;0;0;0;0;63;12;24;33;74;65;78;83;31250;1718;4050;104.4;4.1;3.0;30.0;31.8;487;509;48.9;2.7;355;384;48.0;1.4;0;99;54
7509;146;146;5;0;0;-3;0;0;0;0;0;0;0;4;1;1;2;54;50;55;1;1977;304;193;87.0;0.0;5.5;12.7;41.9;16;44;26.7;-10.1;10;37;21.3;-16.7;0;21;7
7513;109;109;36;6;11;-5;24;0;0;0;0;4;0;15;12;2;26;58;57;54;52;27466;157;398;93.4;3.1;3.8;35.4;24.5;480;371;56.4;-4.9;364;256;58.7;-1.9;1;32;16
7514;121;121;35;3;6;-30;119;1;0;0;0;19;8;48;1;6;58;65;52;63;26;30662;451;2757;98.8;1.3;4.7;15.5;49.4;252;767;24.7;-4.4;189;589;24.3;-5.7;0;82;36
7518;111;111;34;12;16;13;14;0;7;0;0;0;0;34;8;18;44;74;66;79;87;27786;2986;6217;100.3;4.3;2.5;38.4;22.7;567;300;65.4;7.8;408;222;64.8;8.1;1;232;139
7522;116;116;36;2;4;2;39;0;0;0;0;5;0;16;5;4;8;58;51;60;18;14223;333;1129;102.3;3.8;3.3;28.1;29.4;223;196;53.2;-14.2;158;151;51.1;-15.7;0;30;11
7523;120;120;2;2;4;3;0;1;2;0;0;0;0;7;1;0;0;93;92;91;8;1883;647;186;110.7;5.7;0.0;53.5;15.3;54;13;80.6;1.4;44;12;78.6;3.0;0;8;3
7524;132;132;41;6;11;-18;14;2;5;0;0;0;0;25;17;11;47;64;54;73;68;37847;8345;2039;98.5;2.1;3.2;23.2;30.8;480;586;45.0;-2.5;344;445;43.6;-3.9;0;0;0
7530;108;108;35;1;2;-8;4;0;0;0;0;0;0;9;5;2;6;53;50;52;11;14245;142;0;100.8;3.0;5.1;23.3;41.4;154;306;33.5;-26.0;118;233;33.6;-26.0;1;53;18
7531;113;113;37;6;7;0;41;0;1;0;0;3;1;52;8;2;23;58;53;56;43;26816;731;0;103.1;3.5;3.5;26.3;34.5;375;481;43.8;0.8;271;357;43.2;-0.0;0;19;7
7533;111;111;36;18;55;21;16;6;22;0;0;0;0;29;10;24;50;84;80;85;133;34553;8985;6999;96.6;5.0;2.7;46.5;19.1;836;338;71.2;18.7;625;253;71.2;20.1;4;63;24
7534;121;121;31;3;10;-17;149;2;3;0;0;22;11;45;8;7;44;64;55;72;44;28653;5250;3172;100.5;1.9;4.0;19.3;43.5;293;686;29.9;3.5;202;491;29.1;1.5;0;0;0
7536;116;116;27;12;31;30;43;3;15;0;0;5;1;39;6;13;31;83;71;93;160;27215;7607;3129;103.7;5.2;1.2;46.2;16.0;668;206;76.4;12.7;478;158;75.2;12.1;2;0;0
7537;122;122;37;16;23;-6;42;10;11;0;0;4;0;81;10;36;126;89;76;94;139;33923;10246;7375;98.5;2.5;2.9;31.1;29.6;538;516;51.0;21.7;396;376;51.3;21.6;1;317;180
7539;110;110;33;34;39;27;121;13;7;0;1;21;13;55;15;41;43;95;85;94;202;28673;7458;6373;94.7;6.2;2.6;50.6;15.1;739;225;76.7;29.1;564;165;77.4;29.5;5;119;72
7540;109;109;36;15;40;19;34;6;19;0;1;2;0;69;11;26;44;85;67;96;179;39015;9154;3533;98.3;4.2;2.4;39.9;19.8;807;385;67.7;12.0;605;290;67.6;11.9;1;0;0
7542;110;110;34;4;17;11;62;1;5;0;0;10;5;36;11;14;47;69;53;85;104;36945;6603;6535;97.6;4.3;3.3;37.3;23.9;703;486;59.1;3.8;523;355;59.6;3.6;1;0;0
7545;105;105;37;4;12;-16;42;1;1;0;1;2;1;31;10;14;42;61;56;64;44;27118;990;4538;99.2;2.5;4.8;23.4;41.2;330;564;36.9;-6.7;248;409;37.7;-5.2;1;14;5
7547;118;118;32;0;1;-5;4;0;0;0;0;0;0;6;2;0;10;53;50;55;14;11817;0;62;97.8;0.9;2.4;20.7;36.9;124;220;36.0;-25.6;89;167;34.8;-26.4;0;0;0
7548;120;120;35;5;12;11;141;0;2;1;0;21;10;32;2;16;25;70;55;83;67;31282;1398;3548;99.9;3.5;2.2;33.5;20.9;575;349;62.2;-2.2;415;255;61.9;-2.1;2;0;0
7550;111;111;27;5;15;10;157;2;7;1;0;27;10;68;2;19;30;73;61;82;94;25945;6250;4906;93.8;4.6;3.3;41.3;19.3;562;241;70.0;15.6;410;184;69.0;15.3;0;0;0
7551;112;112;34;12;30;40;179;4;10;0;0;25;4;69;14;21;16;76;64;80;95;31164;8023;1222;107.4;6.0;1.3;43.1;19.5;698;308;69.4;18.8;504;221;69.5;19.7;1;85;52
7553;109;109;34;6;15;3;145;1;2;0;0;23;9;38;12;14;20;71;63;74;54;28618;2573;4549;98.0;3.0;2.6;33.5;23.9;538;334;61.7;1.3;379;256;59.7;-1.5;1;409;246
7559;97;97;36;2;13;-12;48;0;1;2;0;0;0;30;12;19;57;62;50;77;27;32633;443;7543;97.9;3.1;4.7;27.5;35.5;454;573;44.2;2.9;340;446;43.3;1.0;0;0;0
7580;80;80;33;5;3;28;6;0;0;0;0;0;0;16;20;2;8;57;49;68;47;27976;148;2957;96.3;5.8;2.3;53.5;16.0;766;249;75.5;-0.4;566;169;77.0;1.1;1;0;0
7581;64;64;36;3;3;-9;14;0;0;0;0;0;0;26;8;7;27;55;48;64;39;29519;271;7165;98.9;2.2;3.4;23.8;33.2;376;503;42.8;0.2;272;369;42.4;0.3;1;43;13
7584;110;110;33;3;7;4;64;0;2;0;1;6;0;33;16;4;13;56;46;71;48;32197;1391;5271;99.1;3.4;3.0;32.5;26.9;551;460;54.5;-2.2;403;341;54.2;-3.4;1;0;0
7585;118;118;23;3;6;0;29;2;1;0;0;3;0;19;8;2;4;58;56;56;42;20711;1712;1851;99.4;3.0;2.8;34.6;30.4;382;320;54.4;-7.8;274;235;53.8;-7.5;0;0;0
7586;97;97;18;2;8;-7;18;1;1;0;0;0;0;16;6;1;10;58;55;61;24;16541;1155;1928;102.5;2.2;3.3;21.3;42.4;198;357;35.7;-7.5;136;267;33.7;-8.5;0;1;1
7589;101;101;33;1;8;-11;22;0;0;0;0;0;0;31;6;9;20;57;48;68;17;29229;180;1944;101.3;3.3;4.7;24.5;38.3;376;599;38.6;-5.7;266;430;38.2;-7.2;0;1;0
7593;82;82;38;9;15;16;34;1;2;0;0;0;0;15;13;6;29;60;57;63;54;37694;2377;2190;107.2;4.3;2.8;28.7;35.4;568;673;45.8;-3.3;413;512;44.6;-3.6;1;0;0
7595;66;66;38;8;11;10;18;2;1;0;0;0;0;16;12;2;10;60;59;58;82;34946;6600;2875;100.8;4.3;3.2;35.3;27.9;625;535;53.9;-7.1;476;394;54.7;-6.0;0;1;0
7600;93;93;34;2;5;-17;18;0;1;0;0;0;0;27;12;13;98;57;49;67;29;32429;2889;3952;101.6;2.8;4.7;22.8;44.1;360;715;33.5;-4.9;278;548;33.7;-4.4;1;0;0
7602;101;101;37;2;4;-25;6;0;1;0;0;0;0;24;13;13;37;60;49;72;32;36881;529;3962;94.5;2.1;4.6;26.5;33.6;507;631;44.6;4.1;394;472;45.5;4.3;0;0;0
7604;101;101;26;3;13;-10;20;1;6;0;0;0;0;23;10;2;48;59;57;58;57;24445;4630;1967;100.8;3.1;4.6;24.7;38.9;314;506;38.3;-7.2;227;354;39.1;-7.8;0;0;0
7605;2;2;44;26;20;10;18;4;7;0;1;0;0;57;43;33;25;71;66;71;126;45852;8578;2838;100.6;3.9;3.1;33.5;27.6;663;596;52.7;-1.5;480;418;53.5;-1.7;4;742;341
7606;0;0;43;16;22;0;10;4;7;1;0;0;0;34;29;35;21;67;63;70;78;40059;5235;1559;99.1;3.0;2.9;33.8;29.7;551;529;51.0;6.8;430;385;52.8;7.7;0;583;312
7607;19;19;40;8;22;9;17;3;9;0;0;0;0;91;11;19;64;66;62;69;113;45149;6650;4886;103.6;3.3;2.6;28.1;31.6;588;620;48.7;1.6;408;452;47.4;0.2;0;0;0
7608;154;154;43;7;12;-12;6;0;1;0;0;0;0;27;34;32;16;61;58;62;67;39123;1352;538;96.8;2.2;3.1;27.2;27.7;453;491;48.0;-2.2;345;360;48.9;-2.1;0;469;226
7609;28;28;41;21;18;4;16;3;6;0;0;0;0;66;34;17;28;72;73;68;113;35656;7542;391;101.4;4.0;2.9;37.4;31.0;579;517;52.8;-0.2;427;358;54.4;2.0;3;68;29
7610;155;154;4;1;2;1;2;0;0;0;0;0;0;2;2;2;4;69;59;74;6;2078;327;534;99.4;5.2;3.5;38.1;24.3;39;28;58.2;-7.2;32;19;62.7;0.2;0;25;14
7611;1;1;42;9;16;-11;10;5;4;0;0;0;0;37;37;38;34;68;66;67;52;38267;5200;79;97.7;2.8;3.4;33.3;31.3;564;569;49.8;-0.3;418;383;52.2;0.4;1;149;81
7612;1;1;35;12;21;8;4;1;3;0;0;0;0;12;28;25;16;62;58;65;67;30582;2017;106;102.2;4.9;3.9;36.8;34.6;474;480;49.7;-0.4;353;338;51.1;-1.8;3;385;202
7613;1;1;42;11;16;-7;38;5;4;0;0;2;1;62;10;36;60;63;59;67;136;49898;5893;1521;98.2;3.8;3.8;35.8;31.2;759;770;49.6;-0.6;562;505;52.7;1.2;2;0;0
7614;20;20;36;2;11;4;17;0;0;0;1;0;0;40;6;28;22;56;53;59;80;40427;385;2623;98.7;3.2;3.2;33.0;29.1;578;550;51.2;5.1;440;398;52.5;6.1;0;0;0
7615;2;2;44;7;15;20;35;5;5;0;0;1;1;49;10;35;127;64;53;76;94;47435;8161;6082;102.2;4.4;2.7;33.4;24.8;709;617;53.5;-0.4;513;393;56.6;2.9;2;0;0
7616;150;7;41;8;12;-23;32;2;6;0;0;0;0;29;19;6;10;56;56;53;72;36871;6017;322;98.9;2.0;4.0;20.1;37.0;363;693;34.4;-1.3;275;505;35.3;-0.0;1;44;29
7617;28;28;41;9;15;1;7;1;1;0;0;1;0;51;21;27;28;71;69;70;79;33782;2381;0;99.5;2.8;2.3;37.5;29.6;569;452;55.7;3.7;407;324;55.7;3.7;4;0;0
7618;8;8;3;0;2;-4;0;0;0;0;1;0;0;2;3;3;1;52;51;54;2;1756;0;108;77.0;2.0;12.3;36.9;43.0;25;32;43.9;-8.4;21;22;48.8;-9.5;0;27;15
7619;7;7;42;6;13;-3;22;0;0;0;0;0;0;36;43;11;8;62;63;56;62;30849;1294;977;101.0;3.5;3.6;31.9;36.3;453;499;47.6;-4.7;322;368;46.7;-5.5;1;12;6
7620;153;152;22;6;5;5;6;1;2;0;0;0;0;8;0;1;6;59;56;57;30;10468;1139;358;105.0;5.2;3.1;29.2;24.4;181;146;55.4;1.0;120;104;53.6;-1.3;2;111;48
7621;103;103;6;0;6;9;0;0;0;0;0;0;0;0;0;0;0;58;54;58;5;3642;71;0;117.4;9.9;1.0;46.5;25.7;74;47;61.2;-6.0;59;36;62.1;-5.2;0;62;19
7622;102;102;26;0;5;4;70;0;0;0;0;12;2;20;2;2;5;57;51;55;12;11941;227;378;103.8;3.3;2.1;28.9;27.7;200;169;54.2;-9.0;138;132;51.1;-11.4;0;15;5
7623;87;87;34;7;6;10;22;0;0;1;0;0;0;32;12;5;16;58;52;64;39;20690;186;6518;107.0;4.3;3.1;27.1;34.6;282;358;44.1;-9.2;217;286;43.1;-10.3;1;246;94
7624;89;89;37;3;8;-20;39;0;1;0;0;1;0;36;13;5;53;55;53;55;52;28205;1187;423;98.4;2.3;4.7;25.0;43.9;371;633;37.0;-4.7;270;481;36.0;-5.2;0;56;26
7625;92;92;30;5;6;-18;80;0;2;0;0;14;6;35;16;18;75;66;55;74;42;23538;2689;3278;100.5;2.3;4.9;20.8;46.6;277;569;32.7;1.5;188;417;31.1;-1.7;0;95;47
7626;98;98;36;15;18;3;16;4;6;0;1;0;0;38;10;30;46;73;63;77;101;31742;4023;2562;102.3;3.9;3.5;28.6;31.3;501;512;49.5;6.8;355;374;48.7;5.1;1;510;253
7629;86;86;35;8;4;0;34;1;1;0;0;2;1;21;4;3;12;56;54;56;36;24270;1044;335;97.1;3.7;3.7;36.0;28.0;449;354;55.9;-7.7;335;251;57.2;-6.8;1;383;159
7631;103;103;38;3;5;-2;31;0;0;0;1;1;0;25;6;2;17;55;52;54;35;16020;344;2206;102.5;2.7;3.4;25.2;41.1;210;355;37.2;-29.3;160;266;37.6;-29.7;1;66;38
7633;93;93;34;7;6;-23;10;2;0;0;0;0;0;11;13;5;13;51;53;46;32;27135;1763;1652;101.2;3.2;6.2;21.8;46.3;302;624;32.6;-5.0;219;471;31.7;-6.2;0;41;17
7634;87;87;35;1;10;-7;52;0;1;0;0;4;0;25;8;7;18;61;55;64;33;25600;978;2111;98.7;2.5;3.5;25.2;30.9;340;414;45.1;-8.7;257;312;45.2;-8.3;0;399;211
7636;103;103;36;16;21;28;25;4;2;0;0;1;0;25;2;10;31;68;65;67;81;28390;2844;2528;103.3;5.7;2.0;44.4;21.2;632;327;65.9;5.6;474;221;68.2;8.2;2;21;12
7639;92;92;23;2;4;-23;15;1;0;0;0;1;1;17;6;10;29;58;53;60;19;14477;1690;280;94.5;1.5;7.2;20.6;56.4;161;406;28.4;-5.6;118;295;28.6;-6.2;0;135;65
7640;92;92;35;7;13;-19;133;2;1;0;0;21;8;55;7;7;31;70;60;73;54;24495;6427;442;103.4;2.8;5.6;20.6;54.8;260;652;28.5;-3.0;189;483;28.1;-4.2;1;47;23
7641;102;102;35;13;18;35;74;0;2;0;0;12;4;24;8;9;23;65;61;67;81;29236;937;3451;106.5;5.9;1.7;41.1;21.9;636;337;65.4;5.0;455;256;64.0;5.3;3;86;38
7642;95;95;35;11;8;5;135;6;2;0;0;23;15;25;9;9;12;64;55;61;68;29348;2762;6;98.5;3.2;2.5;34.8;22.9;583;343;63.0;5.2;412;255;61.8;3.9;0;1;0
7643;92;92;37;12;11;-8;43;2;1;0;0;3;0;41;6;21;99;72;59;80;58;31712;2854;3837;103.3;3.0;3.9;23.6;41.8;398;713;35.8;6.1;285;507;36.0;5.7;0;585;271
7644;85;85;5;0;0;0;0;0;0;0;0;0;0;5;3;0;0;52;50;52;1;3532;250;0;111.3;3.1;3.1;16.3;40.8;30;62;32.6;-19.2;21;48;30.4;-21.4;0;14;8
7645;91;91;35;14;25;24;72;2;5;0;0;12;8;48;6;9;22;71;71;66;76;28558;3540;2660;104.9;5.0;2.0;38.6;24.6;565;388;59.3;-1.5;433;274;61.2;-0.1;0;74;43
7647;86;86;36;17;16;13;27;0;1;0;0;3;0;28;12;16;28;64;59;66;76;26820;521;3290;102.6;4.8;3.2;34.6;28.3;479;396;54.7;-3.2;350;297;54.1;-3.5;2;46;22
7648;103;103;17;0;1;2;28;0;0;0;0;4;1;11;8;0;0;51;46;59;21;15393;76;1996;99.2;3.3;2.8;37.7;29.5;277;251;52.5;-12.0;209;181;53.6;-11.1;0;0;0
7649;86;86;35;5;13;8;88;1;2;0;0;10;5;22;10;7;35;64;56;68;60;28393;3459;629;100.8;3.7;2.7;34.0;26.6;497;400;55.4;-1.9;366;296;55.3;-1.4;0;449;224
7650;93;93;2;0;0;0;0;0;0;0;0;0;0;0;0;0;0;52;50;55;0;766;65;0;100.0;0.0;0.0;4.7;70.5;4;26;13.3;-40.9;1;18;5.3;-46.2;0;2;0
7651;87;87;35;3;3;-17;75;0;0;0;0;11;5;25;3;1;14;56;52;55;18;16221;1679;682;92.9;2.0;5.5;23.3;35.5;180;309;36.8;-18.0;138;239;36.6;-18.0;0;63;23
7653;89;89;31;5;5;-11;34;0;1;0;0;3;0;22;5;8;24;54;51;58;26;22594;1324;997;101.9;2.1;3.7;18.6;40.0;222;525;29.7;-13.6;157;385;29.0;-14.2;1;292;83
7655;87;87;35;11;16;8;67;2;8;1;0;11;5;21;8;10;36;69;62;74;76;30640;5942;1159;101.4;3.8;2.7;32.5;26.7;515;408;55.8;4.0;381;305;55.5;4.1;0;513;259
7656;86;86;35;14;17;5;45;2;4;0;0;7;1;24;14;5;14;61;59;60;80;26926;3242;351;101.3;4.8;4.0;33.3;30.5;480;405;54.2;-2.8;344;310;52.6;-4.2;2;205;105
7658;85;85;21;2;6;-2;28;0;0;0;1;4;0;18;4;6;16;56;51;65;17;17659;0;3976;97.6;3.5;4.1;29.6;28.9;288;256;52.9;-4.2;205;190;51.9;-4.0;0;0;0
7659;93;93;34;4;7;-40;54;3;1;0;0;4;0;29;13;10;61;49;49;48;46;32017;2602;3557;96.5;2.4;6.7;23.6;49.8;347;803;30.2;-9.1;263;601;30.4;-8.7;0;1;0
7660;89;89;38;9;24;0;18;4;5;0;0;0;0;15;6;13;27;66;61;69;90;30172;5120;181;101.6;4.2;4.2;31.1;35.3;469;541;46.4;9.0;345;404;46.1;9.5;0;20;13
7661;85;85;8;1;1;4;14;0;0;0;0;0;0;2;0;0;2;58;52;56;12;4716;132;0;104.8;3.8;0.8;45.0;20.6;109;52;67.7;4.4;80;36;69.0;5.4;0;0;0
7662;85;85;36;2;3;-3;37;0;0;0;0;1;0;18;10;1;6;55;50;54;14;19366;140;944;105.2;2.8;3.3;19.0;35.1;210;362;36.7;-23.4;148;270;35.4;-24.2;1;36;11
7663;98;98;36;10;13;-8;31;3;3;1;0;3;1;31;4;8;91;67;58;74;63;28766;4127;2096;99.5;2.3;3.4;26.5;37.4;409;587;41.1;-5.0;295;403;42.3;-3.9;1;437;226
7665;91;91;10;0;4;1;35;0;0;0;0;1;0;11;2;0;6;60;52;68;24;9387;5;1606;94.0;3.8;3.5;42.6;23.0;198;103;65.8;0.3;147;79;65.0;-2.7;0;0;0
7668;96;96;34;3;9;-18;14;1;4;0;1;0;0;18;5;9;48;60;53;66;29;17108;3169;532;92.3;1.3;5.1;22.7;38.1;207;338;38.0;-14.8;152;248;38.0;-14.9;0;339;170
7669;87;87;14;1;3;1;4;0;1;0;0;0;0;10;3;2;9;61;55;65;20;12787;750;1272;102.1;3.1;2.8;31.8;36.9;207;235;46.8;-12.1;161;186;46.4;-12.1;0;0;0
7670;102;102;36;19;21;33;33;8;7;0;0;3;1;32;13;6;19;72;70;71;140;30506;8404;847;105.4;5.5;1.8;42.2;22.8;675;359;65.3;5.1;488;266;64.7;6.3;2;53;24
7671;94;94;37;4;10;-21;48;0;2;0;0;4;1;18;6;5;24;57;52;59;24;21197;780;1128;92.8;2.2;5.8;25.0;36.0;284;378;42.9;-11.5;203;281;41.9;-13.0;0;325;137
7672;86;86;22;1;0;-10;6;0;0;0;0;0;0;12;4;0;6;53;50;48;12;8570;46;37;88.0;1.3;5.5;23.5;31.5;95;162;37.0;-22.9;74;114;39.4;-20.2;0;25;8
7673;97;97;38;2;8;-11;16;1;1;0;0;0;0;20;17;5;8;59;54;61;40;27133;2915;2877;97.4;1.6;3.1;24.3;33.2;352;487;42.0;-1.5;258;352;42.3;-1.3;1;77;27
7674;91;91;34;6;9;15;26;0;0;0;0;0;0;35;6;5;12;60;54;55;60;27093;303;151;101.7;4.4;2.4;35.9;22.7;535;377;58.7;-1.1;395;267;59.7;-1.0;0;0;0
7676;90;90;26;3;8;-4;6;2;1;0;0;0;0;16;10;3;17;57;52;62;29;24057;2655;2995;100.4;3.7;4.2;30.8;35.6;377;419;47.4;0.7;283;314;47.4;0.2;0;0;0
7677;104;104;38;6;9;4;25;0;1;0;3;1;0;16;5;3;10;58;51;56;34;15967;141;2655;101.1;2.9;3.2;26.2;31.3;221;281;44.0;-6.4;156;194;44.6;-5.5;1;21;9
7679;98;98;36;17;12;-11;27;9;6;0;0;1;0;36;15;13;25;68;62;72;117;31081;9211;110;97.1;2.3;3.5;30.1;32.9;492;516;48.8;5.9;364;375;49.3;5.9;1;25;12
7680;94;94;15;1;1;1;5;0;0;0;0;1;0;6;3;1;5;51;51;46;12;7259;50;98;105.2;3.5;3.0;26.3;37.2;97;137;41.5;-15.5;74;104;41.6;-14.7;1;7;3
7681;98;98;36;7;8;10;64;3;2;0;0;1;0;30;14;15;44;66;54;79;83;39197;5045;6198;103.3;3.2;2.4;28.7;30.1;592;642;48.0;5.2;438;469;48.3;5.0;1;0;0
7682;88;88;36;3;7;-24;72;3;3;0;0;8;2;26;3;9;32;58;55;60;30;20384;2766;713;92.7;1.8;6.0;20.0;37.3;255;368;40.9;-15.1;182;294;38.2;-18.1;1;136;67
7683;91;91;36;7;11;19;36;0;0;0;0;0;0;21;9;4;3;59;53;54;45;25256;92;1149;104.9;5.0;2.4;35.5;26.4;446;389;53.4;-8.4;326;273;54.4;-8.2;0;7;1
7684;92;92;34;3;2;-20;20;0;0;0;0;2;0;20;6;6;39;54;50;53;16;16409;671;20;108.1;2.9;7.2;13.2;53.5;133;471;22.0;-11.2;86;324;21.0;-12.7;0;42;18
7685;90;90;29;4;6;-5;51;1;0;0;0;7;3;20;10;1;17;54;47;62;35;26129;427;2778;97.6;3.2;3.9;31.4;30.9;434;442;49.5;1.2;319;320;49.9;1.5;1;0;0
7688;95;95;32;5;9;8;2;0;0;0;0;0;0;13;5;1;23;58;54;56;33;19022;67;1918;104.6;4.4;2.8;29.9;28.6;285;291;49.5;-12.8;216;200;51.9;-9.2;0;19;5
7689;88;88;28;3;3;3;14;0;0;0;0;0;0;7;7;3;7;53;51;54;20;16492;755;53;100.4;3.9;3.3;32.3;27.9;288;237;54.9;-3.7;201;167;54.6;-3.3;0;1;1
7690;98;98;28;2;5;-12;10;1;0;0;0;0;0;4;4;4;18;54;51;55;17;13187;891;0;96.8;1.9;5.2;20.2;40.9;130;306;29.8;-16.7;97;223;30.3;-17.4;0;4;0
7691;95;95;27;3;6;-2;54;0;0;0;0;6;1;21;8;4;17;58;52;54;34;19007;628;55;96.8;3.0;3.4;30.9;26.1;328;275;54.4;-3.2;225;194;53.7;-4.0;0;0;0
7692;86;86;36;1;5;-13;17;1;1;0;0;1;0;21;3;5;26;58;52;61;26;15643;1400;103;93.7;1.4;4.1;25.8;35.7;211;296;41.6;-18.2;155;222;41.1;-18.3;0;73;26
7693;92;92;37;6;10;-19;41;0;0;0;0;5;2;72;8;11;61;62;54;62;56;31558;1986;1511;99.1;2.4;4.6;24.0;41.8;404;702;36.5;7.1;285;502;36.2;6.0;0;16;6
7694;100;100;30;7;7;-12;14;2;0;1;0;0;0;21;9;9;61;63;57;66;51;20857;2173;1817;100.3;2.8;4.7;24.5;42.6;288;426;40.3;-9.7;207;331;38.5;-11.6;1;25;10
7696;101;101;36;4;7;-20;76;1;0;0;0;12;4;49;10;12;45;58;55;56;47;28271;989;4095;97.1;2.7;5.2;23.2;36.2;349;548;38.9;-4.3;250;388;39.2;-5.2;1;79;23
7697;87;87;27;6;11;2;75;0;0;0;0;9;2;36;5;4;14;57;55;55;31;20740;212;940;102.0;3.8;3.5;26.9;28.5;297;326;47.7;-5.7;217;248;46.7;-6.9;0;12;6
7699;95;95;37;14;17;7;41;4;3;0;0;3;0;61;7;11;45;75;65;79;70;27331;3058;783;102.7;4.1;3.0;29.2;27.0;422;381;52.6;-8.6;316;272;53.7;-6.7;3;448;232
7700;90;90;25;5;2;-2;42;0;0;0;0;2;0;10;13;4;22;60;49;72;35;24295;247;4176;101.4;3.4;3.7;29.0;36.0;352;424;45.4;-3.8;261;317;45.2;-3.8;0;0;0
7701;86;86;10;6;10;3;11;2;3;0;0;1;1;16;5;4;11;81;70;81;35;9290;1345;543;99.5;4.7;3.1;37.6;24.0;177;117;60.2;-0.5;131;86;60.4;1.0;0;171;98
7702;92;92;36;5;15;-20;41;2;3;1;0;2;0;27;14;6;34;55;56;50;62;37383;6463;2453;103.0;3.8;5.8;23.5;44.6;451;851;34.6;4.3;342;623;35.4;5.1;1;0;0
7703;85;85;33;2;2;-5;6;0;0;0;0;0;0;11;7;1;3;53;49;53;13;16867;324;624;103.8;2.8;3.8;19.8;37.8;191;295;39.3;-18.9;138;226;37.9;-19.6;0;78;24
7704;96;96;33;13;17;-3;105;3;5;0;1;17;5;54;9;28;68;71;57;83;82;36785;3275;5348;96.5;3.3;3.6;33.5;27.0;615;517;54.3;6.6;465;384;54.8;6.8;1;0;0
7705;97;97;38;6;9;7;75;2;1;0;0;1;0;43;19;19;32;64;51;77;63;39843;3112;3882;104.8;3.5;2.6;26.4;30.4;552;658;45.6;3.9;422;482;46.7;5.3;0;0;0
7706;96;96;8;1;1;0;52;0;0;0;0;6;5;21;6;2;5;64;48;78;7;6120;0;1288;96.4;3.5;3.5;30.0;22.9;97;90;51.9;11.2;74;57;56.5;16.7;0;0;0
7707;88;88;36;4;10;-17;26;1;1;0;0;4;0;23;8;7;25;57;54;56;36;20079;1391;295;93.2;2.7;5.6;27.4;33.5;287;339;45.8;-14.5;216;249;46.5;-13.2;0;289;149
7708;89;89;36;9;20;-7;41;1;2;0;0;0;0;65;7;13;35;65;59;59;74;34672;3058;195;96.3;3.3;3.7;33.2;27.3;641;495;56.4;12.7;464;354;56.7;13.8;1;8;3
7709;103;103;38;10;10;4;23;1;0;1;0;3;0;58;8;8;30;63;59;62;72;27914;443;2107;96.2;3.7;3.4;38.7;24.9;549;357;60.6;-1.7;401;266;60.1;-3.1;3;45;28
7710;99;99;34;0;9;11;48;0;0;0;1;6;0;16;16;5;13;56;48;68;31;32091;461;2487;103.2;4.2;3.0;31.5;30.5;479;530;47.5;-6.1;368;380;49.2;-4.1;0;2;1
7711;99;99;36;3;7;0;45;0;0;0;0;2;0;24;11;2;9;60;51;57;29;18576;192;217;99.7;3.9;3.9;32.8;32.0;295;312;48.6;-4.1;229;237;49.1;-3.8;0;38;21
7712;102;102;35;1;6;-3;8;0;0;0;1;0;0;11;9;10;23;59;53;61;22;15500;173;2740;97.7;1.9;2.8;24.6;28.3;222;219;50.3;-13.1;151;166;47.6;-14.6;0;92;47
7714;97;97;29;0;3;-10;16;0;0;0;0;0;0;8;5;5;12;56;50;57;17;15464;303;2415;100.0;1.4;3.5;17.7;44.2;137;337;28.9;-17.0;107;253;29.7;-16.2;0;205;91
7718;89;89;37;3;6;-9;86;0;0;0;1;14;2;47;21;12;110;60;48;73;43;33702;6000;7962;101.1;3.0;4.1;25.6;38.2;443;664;40.0;-0.1;328;508;39.2;-0.2;1;47;16
7719;102;102;35;18;38;28;89;8;19;0;0;15;5;49;12;18;24;83;78;82;146;31438;9621;721;102.0;5.2;1.9;46.4;21.3;771;347;69.0;9.7;557;263;67.9;10.3;4;33;13
7720;87;87;36;7;22;20;25;2;9;0;0;1;1;36;10;5;9;66;61;70;84;28954;10291;0;104.3;4.7;2.0;36.1;22.6;547;352;60.8;12.3;414;259;61.5;13.5;1;36;22
7723;95;95;37;6;9;2;29;0;0;0;0;3;0;34;8;7;21;63;55;69;30;15511;22;6746;102.2;4.2;3.9;28.8;32.0;227;249;47.7;-13.3;165;188;46.7;-14.1;0;304;157
7725;94;94;25;13;12;5;39;3;1;0;1;5;1;26;3;13;14;71;65;71;71;21946;1420;1957;98.7;4.3;3.6;36.7;27.9;407;291;58.3;2.7;315;215;59.4;3.9;2;366;182
7726;101;101;31;4;7;-16;29;1;0;1;1;3;1;20;11;9;45;57;51;58;18;17607;296;5683;98.7;2.0;5.5;17.0;41.5;153;388;28.3;-17.9;125;279;30.9;-15.9;2;360;155
7727;104;104;38;9;16;-13;16;0;3;0;0;0;0;30;10;12;80;70;65;70;62;33905;1535;7452;96.6;3.6;4.9;29.2;31.0;517;520;49.9;0.5;387;407;48.7;-0.8;0;235;113
7728;104;104;38;11;7;-12;22;2;1;0;0;2;0;24;0;6;31;57;55;53;49;25669;1298;0;97.5;3.2;4.9;31.6;38.7;375;482;43.8;-7.6;288;359;44.5;-6.4;3;0;0
7729;87;87;11;0;0;-1;16;0;0;0;0;2;0;9;5;1;1;52;49;60;5;9322;538;958;104.5;2.3;2.7;19.7;37.5;98;182;35.0;-20.7;75;135;35.7;-20.1;0;8;2
7730;100;100;32;10;5;-5;61;2;1;0;0;7;0;24;6;6;32;60;56;61;46;21938;3782;330;102.2;3.0;3.4;24.5;35.0;311;405;43.4;-9.7;218;293;42.7;-10.3;2;268;147
7734;94;94;33;5;4;-1;19;0;0;0;0;1;1;25;14;2;8;54;53;50;45;26307;713;66;100.9;3.6;3.7;28.2;31.6;386;419;48.0;-3.6;299;316;48.6;-3.4;0;0;0
7736;99;99;36;4;9;3;12;2;1;0;0;0;0;18;6;5;8;57;52;55;45;27078;2290;0;102.2;3.9;3.5;30.3;32.7;403;466;46.4;-7.5;306;344;47.1;-7.0;1;6;2
7737;104;104;24;0;2;-10;36;0;0;0;0;6;1;9;9;4;4;51;51;50;13;20733;234;1758;101.7;3.1;5.2;20.8;39.1;257;414;38.3;-14.1;183;297;38.1;-13.9;0;0;0
7738;95;95;25;0;7;-4;2;0;0;0;0;0;0;9;0;1;6;55;53;52;26;10934;400;334;97.1;4.9;6.3;33.3;35.2;175;161;52.1;-10.0;134;133;50.2;-12.8;0;38;16
7739;96;96;34;12;30;10;26;8;9;0;0;4;0;44;8;12;8;72;69;73;117;28613;9063;1205;98.9;4.9;3.3;36.9;22.8;573;380;60.1;14.6;418;279;60.0;13.9;0;87;55
7741;99;99;35;10;8;13;24;0;0;0;0;2;0;21;16;4;16;57;52;53;51;29420;803;0;103.1;4.9;3.3;32.3;27.4;476;406;54.0;2.6;351;299;54.0;2.4;2;0;0
7742;85;85;36;20;27;22;77;5;10;0;0;11;6;28;11;16;24;72;66;76;120;34305;9055;2357;97.9;5.6;3.0;42.0;19.8;752;362;67.5;18.2;544;268;67.0;18.5;1;83;37
7743;97;97;35;17;15;-9;182;8;6;1;0;30;17;75;8;19;44;78;66;80;84;28983;5958;2959;99.3;2.9;3.7;26.6;32.7;413;503;45.1;2.0;312;378;45.2;2.0;1;529;256
7744;90;90;34;11;18;-5;17;3;5;0;0;1;0;22;5;9;95;68;62;71;93;27583;3340;2174;98.5;3.7;4.0;31.3;30.8;446;457;49.4;0.7;336;320;51.2;3.1;0;63;30
7750;89;89;34;1;2;-19;18;0;0;0;0;0;0;5;9;2;21;49;49;49;13;15124;0;816;97.1;1.0;5.5;12.9;53.3;125;399;23.9;-18.3;88;306;22.3;-19.3;0;99;35
7751;101;101;36;3;1;-15;59;0;0;0;0;5;0;30;7;3;22;50;51;49;24;25959;0;494;100.8;2.8;4.9;21.1;39.2;278;519;34.9;-8.9;211;377;35.9;-8.6;1;7;2
7752;92;92;35;2;3;-22;8;0;0;0;0;0;0;28;4;1;33;51;50;49;10;13517;0;454;103.4;2.1;8.0;12.0;55.7;89;424;17.3;-16.1;58;289;16.7;-17.1;0;47;18
7754;86;86;24;5;13;9;38;0;1;0;3;4;2;26;5;6;17;70;62;72;53;18302;922;3761;98.3;3.9;2.6;39.1;21.8;369;228;61.8;4.7;274;172;61.4;4.0;1;57;29
7757;90;90;33;6;13;1;12;1;6;0;0;0;0;25;16;10;41;63;54;72;53;33624;6301;6961;101.6;3.9;3.3;28.5;27.7;498;488;50.5;3.6;375;359;51.1;4.4;0;0;0
7764;91;91;36;4;17;16;59;0;3;0;0;7;1;19;4;10;34;66;62;68;68;34728;1768;2864;102.4;4.5;2.9;33.4;26.4;598;541;52.5;-10.8;446;386;53.6;-10.5;0;1;1
7765;91;91;36;0;1;-14;8;0;0;0;0;0;0;8;6;2;5;53;50;51;15;15055;0;3;92.1;1.9;5.3;25.1;34.0;196;272;41.9;-20.7;145;199;42.2;-21.4;0;125;45
7766;99;99;33;13;21;20;27;6;10;2;0;3;0;29;4;23;28;78;67;87;99;26284;8426;5663;105.4;5.3;2.2;39.2;26.6;519;345;60.1;9.1;384;260;59.6;7.8;5;229;105
7768;95;95;37;11;10;1;28;1;0;0;0;2;0;52;10;19;40;66;58;64;64;32547;764;2562;97.2;3.1;3.0;32.4;24.2;590;418;58.5;-0.8;409;311;56.8;-2.9;1;73;40
7769;94;94;10;0;1;-1;9;0;0;0;0;1;0;1;0;0;3;52;51;52;5;3176;0;23;99.5;2.3;3.4;23.8;34.0;42;52;44.7;-21.1;28;39;41.8;-24.6;0;7;4
7771;104;104;35;10;11;-11;12;1;3;0;0;0;0;16;7;5;5;58;56;57;41;28364;3716;243;98.7;3.7;4.8;28.9;34.5;409;491;45.4;-5.8;297;372;44.4;-7.2;1;488;204
7772;89;89;33;0;3;-26;26;0;0;0;0;2;1;13;4;1;10;49;49;47;4;14733;102;2667;92.0;0.7;7.1;15.1;55.2;128;386;24.9;-16.3;93;302;23.5;-16.7;0;105;45
7774;94;94;37;8;11;-21;34;4;3;0;0;4;1;27;16;19;52;63;59;64;66;30660;3052;2498;92.6;2.1;4.6;29.8;31.6;460;497;48.1;-5.7;353;362;49.4;-4.4;1;69;28
7776;98;98;36;8;13;-1;28;2;5;0;0;0;0;32;10;10;38;67;60;74;86;25135;6639;43;101.3;2.9;3.0;28.9;34.9;377;481;43.9;-0.9;273;344;44.2;-1.1;1;27;10
7777;101;101;37;13;10;-16;28;1;4;0;0;4;2;42;12;9;22;66;59;68;73;32367;4946;1466;97.3;3.1;4.7;27.4;33.1;453;539;45.7;5.4;333;404;45.2;3.5;0;498;287
7779;100;100;36;3;7;-15;20;1;2;0;1;0;0;30;2;4;17;59;53;62;22;17575;1813;720;96.3;1.6;4.9;22.1;44.2;208;385;35.1;-14.3;153;298;33.9;-15.8;1;290;139
7780;102;102;33;4;14;7;12;0;1;0;0;0;0;18;7;4;14;60;57;60;52;21030;2111;211;104.0;4.1;2.9;30.6;30.8;362;326;52.6;-11.5;248;246;50.2;-12.8;1;31;17
7782;80;80;42;17;36;15;34;12;17;1;0;4;0;39;9;16;29;74;70;75;135;27293;10780;350;99.4;4.4;2.1;47.4;21.6;708;307;69.8;-6.5;499;224;69.0;-8.1;1;100;50
7783;80;80;25;0;11;22;8;0;0;0;0;0;0;4;6;5;5;57;50;64;40;21637;67;3185;97.1;6.8;3.2;50.6;19.3;589;210;73.7;-1.8;421;150;73.7;-2.8;0;0;0
7784;66;66;40;4;14;36;76;0;1;1;2;12;3;56;13;13;33;58;49;67;62;43639;1816;6802;100.8;4.7;2.1;44.5;21.1;952;493;65.9;11.0;702;364;65.9;10.8;0;0;0
7786;82;82;41;5;16;17;10;2;0;0;0;0;0;18;8;7;33;63;59;63;63;35002;1520;770;106.8;4.0;2.3;29.6;33.7;577;597;49.1;0.2;399;438;47.7;-0.8;1;17;6
7787;78;78;19;4;1;3;14;1;0;0;0;2;1;4;6;1;4;54;52;54;23;12653;460;37;99.3;4.3;3.4;34.1;25.9;214;185;53.6;-5.9;153;126;54.8;-4.8;1;201;79
7788;73;73;38;3;6;-18;52;0;2;0;0;0;0;26;13;4;15;51;50;53;26;28998;4197;3128;99.7;2.2;4.3;22.1;41.7;313;607;34.0;6.0;224;452;33.1;4.9;0;36;17
7789;79;79;9;1;4;-4;22;1;1;0;0;1;0;3;1;3;4;59;56;60;13;7803;341;493;93.4;2.3;4.2;32.8;30.4;124;119;51.0;-7.5;93;93;50.0;-10.4;0;0;0
7790;63;63;24;4;5;-7;9;0;1;0;0;1;0;12;8;5;25;59;55;56;43;17001;854;839;94.3;3.2;4.7;34.5;31.3;282;257;52.3;-13.0;216;187;53.6;-12.0;0;46;21
7791;65;65;19;1;3;2;6;0;0;0;0;0;0;6;5;4;14;55;53;53;16;12487;230;1293;104.1;4.3;3.7;30.6;37.2;186;238;43.9;-8.4;142;177;44.5;-7.9;0;27;11
7792;76;76;42;10;13;0;34;1;1;1;0;2;0;67;8;6;39;62;57;61;60;27826;996;4030;98.6;3.1;3.2;34.5;31.2;467;444;51.3;-9.0;360;319;53.0;-8.3;3;90;46
7793;69;69;21;2;7;-19;28;1;2;0;0;0;0;14;4;2;25;64;56;74;26;19380;2187;2697;101.5;2.2;5.4;18.6;51.3;187;470;28.5;-6.1;134;374;26.4;-7.4;1;0;0
7794;75;75;39;5;8;-6;275;1;1;0;0;45;22;37;19;12;31;64;48;79;72;39848;1496;4918;98.1;3.1;3.8;30.0;31.3;648;604;51.8;-1.3;484;472;50.6;-2.2;1;0;0
7795;84;84;40;1;7;-27;44;0;0;0;0;4;1;34;11;9;40;58;50;67;34;39890;2898;4395;99.3;1.7;4.1;20.5;44.7;453;880;34.0;1.5;322;669;32.5;1.0;0;0;0
7796;79;79;39;7;7;4;54;1;0;0;0;6;0;50;9;6;4;57;54;56;37;25154;150;2850;99.2;3.3;2.7;31.8;24.3;417;336;55.4;-3.6;305;241;55.9;-4.1;0;58;31
7797;68;68;43;8;7;-11;31;0;2;0;0;2;0;25;11;17;41;60;54;63;45;29836;645;798;101.2;2.4;3.5;22.6;37.0;364;563;39.3;-17.6;275;428;39.1;-17.4;3;440;194
7798;75;75;43;13;17;13;69;1;3;0;0;7;3;31;13;19;53;65;59;67;91;36172;2959;2765;97.6;4.8;3.4;42.1;24.7;765;466;62.1;0.5;594;342;63.5;2.4;2;571;291
7800;76;76;11;2;0;0;0;0;0;0;0;0;0;1;2;1;0;54;50;52;5;4579;0;71;92.9;3.1;3.1;30.7;18.1;76;53;58.9;-2.1;57;37;60.6;-1.3;0;25;11
7803;73;73;35;4;9;-26;30;1;4;0;0;2;0;17;6;7;44;58;53;63;26;23220;1655;1677;96.8;1.2;5.1;15.2;45.1;196;518;27.5;-3.4;149;387;27.8;-3.0;1;330;180
7804;74;74;5;0;0;-5;4;0;0;0;0;0;0;3;0;1;0;48;52;42;2;2189;109;0;84.5;1.6;9.9;28.0;46.0;31;57;35.2;-31.7;22;40;35.5;-35.1;0;7;0
7805;70;70;40;5;11;7;43;0;1;0;0;7;2;17;12;1;15;55;53;53;45;26144;305;102;102.3;4.3;3.3;32.5;30.6;461;429;51.8;-6.8;340;310;52.3;-5.9;0;392;174
7806;63;63;34;7;10;5;124;1;0;0;0;22;12;40;16;8;30;58;51;61;70;32591;1424;2861;99.1;3.8;3.2;37.2;29.3;626;458;57.7;-6.9;467;341;57.8;-7.0;1;6;3
7812;71;71;34;7;10;5;91;0;2;0;0;9;4;31;9;17;47;66;53;79;61;36806;1113;4132;97.4;4.1;3.5;38.0;26.3;726;474;60.5;7.0;544;359;60.2;7.5;1;0;0
7813;79;79;40;8;23;14;64;1;10;0;0;8;1;44;12;4;2;66;60;70;75;31079;7097;415;100.9;3.9;2.2;34.1;20.6;575;352;62.0;5.3;417;246;62.9;5.2;2;628;294
7815;75;75;35;4;7;18;6;0;0;0;0;0;0;29;8;19;40;65;50;82;62;35411;101;4107;103.2;4.3;2.4;36.7;29.0;667;529;55.8;4.8;501;390;56.2;5.2;0;0;0
7817;74;74;41;20;34;29;78;9;12;0;1;8;1;62;10;27;30;75;73;75;145;38870;7306;3580;100.1;4.9;2.3;42.9;20.5;843;435;66.0;9.1;634;326;66.0;8.0;4;130;69
7818;80;80;26;4;3;9;14;0;0;0;0;2;1;15;4;0;16;56;52;56;20;11961;44;0;104.5;4.8;2.1;38.5;26.5;216;196;52.4;-22.3;160;128;55.6;-19.5;0;95;43
7819;78;78;35;8;10;1;21;0;1;0;0;1;0;42;12;6;22;59;56;57;59;26733;313;909;98.6;3.8;3.6;33.4;28.7;468;423;52.5;-6.4;338;300;53.0;-7.2;1;45;23
7820;70;70;31;12;18;26;55;2;3;0;0;5;0;20;9;4;7;65;61;63;57;25427;2842;877;106.2;5.7;2.0;38.9;23.8;543;296;64.7;4.3;409;226;64.4;4.1;2;432;254
7821;77;77;39;2;9;-27;46;0;1;0;0;6;1;18;10;5;52;53;50;55;61;39541;1224;7395;98.2;2.2;4.5;23.6;40.2;475;828;36.5;2.6;345;607;36.2;1.4;0;0;0
7822;66;66;41;6;9;11;10;0;1;0;0;0;0;22;5;2;11;58;56;56;66;27692;1704;1013;102.5;4.8;3.4;37.1;32.4;499;445;52.9;-8.5;386;343;52.9;-8.4;0;55;20
7823;83;83;36;3;3;-4;12;0;0;0;0;0;0;6;6;3;26;54;50;54;19;14823;86;533;101.2;2.9;3.9;23.1;34.0;187;287;39.5;-20.8;138;207;40.0;-20.0;1;1;0
7824;78;78;34;3;2;-6;96;0;0;0;0;12;3;68;12;8;20;57;50;67;33;30288;941;3526;102.3;3.1;3.6;28.5;41.6;429;598;41.8;-7.0;322;466;40.9;-8.3;0;0;0
7828;83;83;41;0;10;-7;25;0;0;0;1;1;1;32;11;4;19;56;53;54;16;19107;371;2799;102.0;2.4;3.8;20.9;38.6;221;382;36.7;-23.7;157;286;35.4;-24.9;0;122;52
7830;75;75;41;12;7;-4;14;1;0;0;1;0;0;12;5;10;38;59;53;63;42;27150;2916;325;104.0;2.8;3.3;23.1;41.0;309;573;35.0;-16.2;232;434;34.8;-18.0;2;327;140
7832;84;84;43;2;4;-32;41;0;1;0;0;1;0;38;11;10;72;55;49;62;27;37409;5622;6092;98.7;1.7;4.8;19.2;46.6;381;905;29.6;-5.9;283;668;29.8;-4.0;0;109;26
7833;74;74;20;2;2;1;10;0;0;0;0;0;0;9;4;0;7;60;53;64;13;9858;1060;240;99.1;2.6;2.2;31.8;24.5;168;125;57.3;-5.7;121;96;55.8;-8.5;0;132;58
7834;69;69;21;0;6;-10;6;0;0;0;0;0;0;19;1;5;21;60;53;63;22;14177;295;2027;98.2;1.8;4.3;22.6;44.7;163;301;35.1;4.6;119;244;32.8;2.9;0;206;107
7835;71;71;12;1;3;-5;6;0;1;0;0;0;0;2;0;0;14;54;52;52;9;7940;162;151;104.4;2.3;4.5;15.0;42.2;73;162;31.1;-22.8;53;122;30.3;-23.5;0;109;49
7838;84;84;24;2;7;-14;13;0;1;1;0;1;0;27;12;6;41;64;57;68;41;17386;1332;2440;96.8;2.5;5.6;21.5;37.9;236;332;41.5;7.5;163;253;39.2;5.3;0;67;32
7839;68;68;39;6;11;-2;53;1;3;1;0;7;1;55;11;15;66;65;53;77;94;40569;4558;4939;99.2;2.7;2.8;28.9;28.4;602;610;49.7;2.6;451;454;49.8;1.7;1;0;0
7841;79;79;38;17;18;20;63;3;4;0;0;5;3;30;14;4;23;67;67;63;88;32258;4543;3416;103.1;4.1;1.9;34.7;21.5;571;377;60.2;1.5;433;265;62.0;2.6;5;131;62
7842;76;76;42;5;25;22;12;0;4;0;0;0;0;23;25;21;54;67;61;71;84;44186;3093;2821;101.7;4.5;2.7;37.2;26.1;832;639;56.6;-2.6;626;441;58.7;-1.1;0;0;0
7843;83;83;24;2;6;14;37;0;0;0;0;3;2;20;5;6;15;64;51;77;32;23707;754;4040;101.2;5.0;2.9;38.0;24.0;449;310;59.2;2.1;327;228;58.9;1.2;0;0;0
7844;66;66;41;7;19;-5;28;1;3;0;0;2;1;36;12;11;41;63;56;67;55;26306;3634;2024;100.0;3.3;4.0;31.5;37.9;402;520;43.6;-19.4;314;381;45.2;-17.5;1;75;43
7845;83;83;39;6;12;8;40;1;0;0;1;4;1;21;1;4;17;60;57;60;44;27149;1861;93;101.8;3.8;2.9;32.1;28.5;464;417;52.7;-5.8;344;307;52.8;-5.2;1;0;0
7846;66;66;39;12;15;11;43;2;0;0;0;5;0;44;13;9;67;66;60;69;71;28231;1297;5563;100.7;4.1;2.7;36.7;25.6;500;436;53.4;-6.0;378;314;54.6;-4.5;0;49;29
7848;80;80;42;3;12;40;16;0;0;0;1;0;0;35;30;14;60;63;50;77;80;42108;1126;7190;100.8;5.4;2.1;48.1;20.6;1051;442;70.4;-6.6;779;344;69.4;-9.1;0;0;0
7852;83;83;41;15;23;18;37;4;0;1;1;3;0;38;9;20;78;68;60;77;133;40339;3483;3233;99.9;4.0;2.6;40.6;25.9;864;521;62.4;-2.5;643;396;61.9;-2.9;1;0;0
7854;73;73;42;3;15;-24;48;0;3;0;0;4;0;46;16;21;131;68;53;83;47;39589;4177;4799;102.9;2.3;4.5;16.6;41.1;350;851;29.1;-2.2;249;613;28.9;-2.9;0;1;0
7856;66;66;19;3;8;16;50;0;1;1;0;8;2;24;4;6;35;66;52;79;25;18058;600;3576;102.2;5.6;2.8;37.7;22.1;339;247;57.8;-0.7;252;178;58.6;0.7;0;0;0
7857;69;69;40;4;3;-20;44;0;2;0;0;0;0;16;8;3;5;53;51;53;30;32184;3378;476;102.4;2.5;4.6;20.6;48.1;337;716;32.0;1.1;248;570;30.3;-0.0;0;514;273
7859;80;80;42;14;34;66;42;5;12;0;0;2;0;43;19;9;26;72;62;81;190;45483;11016;3183;102.6;6.6;1.1;57.0;12.4;1342;351;79.3;7.1;995;230;81.2;9.3;1;2;0
7860;80;80;7;0;1;3;12;0;0;0;0;0;0;1;0;0;4;56;53;61;7;3053;360;0;107.6;4.7;1.2;38.9;25.9;59;53;52.7;-20.5;42;39;51.9;-22.0;0;48;23
7861;73;73;41;6;17;-53;78;2;9;0;1;10;3;59;38;17;133;78;62;90;104;43641;10891;3935;93.6;1.2;5.4;19.4;44.1;453;982;31.6;1.0;332;712;31.8;1.0;0;0;0
7862;76;76;32;10;20;10;38;5;7;0;0;2;2;38;11;3;6;65;61;65;83;26098;4993;511;99.2;4.1;2.8;37.4;23.3;478;339;58.5;0.4;374;239;61.0;1.3;1;509;257
7863;69;69;32;3;8;-13;36;0;3;1;1;0;0;26;14;6;88;63;53;74;44;28667;2968;4583;102.3;2.0;3.8;18.1;42.9;264;645;29.0;-3.2;188;479;28.2;-3.1;0;42;17
7865;72;72;41;4;24;-3;26;2;5;0;0;0;0;24;11;3;29;60;59;56;71;36125;2962;635;97.0;3.4;3.7;33.0;27.8;654;522;55.6;2.3;467;386;54.7;1.3;0;25;10
7866;64;64;28;2;7;-16;38;0;0;0;1;6;1;28;6;2;32;51;48;56;29;25647;233;3831;97.0;2.1;4.6;23.0;38.0;302;516;36.9;-8.0;225;379;37.3;-7.0;0;3;0
7867;78;78;40;4;5;-5;13;0;0;0;0;0;0;30;8;2;12;54;52;53;27;22162;282;1061;101.7;2.8;3.6;24.5;37.4;266;424;38.6;-12.6;190;319;37.3;-14.3;1;32;12
7870;64;64;40;9;7;-23;50;2;2;0;0;6;0;20;5;5;17;60;56;59;47;31714;3693;2899;98.7;2.6;4.9;22.0;37.0;378;591;39.0;-6.2;275;440;38.5;-6.1;1;562;248
7873;67;67;37;3;7;-12;69;0;0;0;0;5;1;44;15;11;48;63;47;82;35;34563;1670;5740;98.1;2.2;3.5;24.6;32.9;431;580;42.6;-3.3;324;434;42.7;-2.6;0;0;0
7874;76;76;37;3;3;0;6;0;0;0;0;0;0;8;5;2;9;56;52;56;23;15040;158;352;99.1;3.4;3.4;31.1;28.7;226;239;48.6;-10.6;174;170;50.6;-9.7;0;116;52
7876;64;64;40;10;11;12;40;0;5;1;0;2;0;14;8;5;15;62;58;64;69;35051;8650;1396;103.0;3.3;2.1;30.7;26.8;553;464;54.4;15.1;401;347;53.6;14.8;0;34;15
7881;76;76;19;2;0;-8;2;0;0;0;0;0;0;13;4;0;4;52;51;49;14;7151;58;771;88.0;2.5;6.5;28.2;31.2;96;125;43.4;-13.9;76;93;45.0;-12.9;1;30;11
7882;76;76;42;12;21;20;40;3;6;0;0;6;0;24;11;15;41;70;69;68;99;36414;5212;406;101.9;4.4;2.5;36.7;24.2;691;495;58.3;0.1;514;354;59.2;-0.2;0;37;17
7883;68;68;43;13;21;27;26;2;4;0;0;1;0;23;15;10;34;64;60;63;101;37777;3413;738;102.2;4.9;2.3;40.8;23.5;802;474;62.9;14.2;594;344;63.3;15.3;2;27;12
7884;76;76;42;3;13;-3;48;0;0;0;0;6;2;18;4;16;27;61;59;59;59;30030;0;2821;97.6;2.6;3.1;32.2;29.4;487;453;51.8;-8.3;367;324;53.1;-8.2;0;47;15
7885;77;77;36;2;3;-37;47;0;1;0;0;7;1;29;12;10;32;56;47;68;32;35476;2231;4762;94.9;1.5;5.0;22.1;41.6;414;763;35.2;1.6;314;563;35.8;1.4;0;0;0
7887;71;71;42;5;9;-14;12;0;1;1;0;2;1;32;5;13;23;61;55;64;28;21158;1956;1723;96.5;2.7;5.3;27.6;39.5;310;388;44.4;-11.0;233;300;43.7;-11.4;0;47;27
7888;63;63;42;2;6;6;24;0;0;0;0;0;0;9;6;0;15;55;52;53;39;20852;1028;346;106.3;4.0;2.9;28.8;39.2;282;406;41.0;-25.0;216;299;41.9;-23.7;0;3;0
7889;70;70;20;7;8;9;6;2;2;0;0;0;0;27;9;3;10;65;61;66;45;19034;2713;1578;102.8;3.6;1.9;36.3;26.5;371;266;58.2;-5.6;274;193;58.7;-5.1;1;10;4
7891;63;63;24;2;3;13;10;0;0;0;0;0;0;24;6;3;11;56;50;62;40;23322;645;2222;103.4;3.6;1.5;38.7;27.0;466;331;58.5;-4.0;346;247;58.3;-3.1;0;0;0
7893;83;83;9;3;3;9;4;0;1;0;0;0;0;3;7;0;1;62;59;66;22;8575;597;541;109.5;4.6;0.8;34.4;21.4;152;103;59.6;0.6;113;79;58.9;-1.1;1;0;0
7894;67;67;36;3;17;9;45;0;4;1;0;7;0;22;15;10;48;70;55;86;85;36818;7924;3291;103.2;3.0;2.2;27.3;27.3;557;541;50.7;10.4;399;404;49.7;9.6;0;0;0
7898;83;8;38;13;27;34;37;2;4;1;1;3;0;28;10;27;31;72;68;74;111;37317;3711;3565;103.2;5.3;2.2;42.4;23.9;803;431;65.1;11.5;602;334;64.3;10.6;1;93;50
7900;71;71;39;7;19;8;56;2;2;0;0;4;1;23;9;2;4;61;61;55;74;32416;1378;368;99.5;3.6;2.7;39.0;27.8;636;461;58.0;6.5;479;344;58.2;7.2;2;49;28
7906;80;80;34;7;9;32;24;1;3;0;0;0;0;10;15;1;1;58;54;62;93;32441;1737;1770;101.1;5.7;2.0;51.7;20.3;875;342;71.9;-4.8;645;254;71.7;-5.7;2;0;0
7907;73;73;30;2;2;-29;14;0;0;0;0;0;0;32;8;5;29;54;48;63;29;28663;825;4364;96.7;1.9;5.5;19.7;43.0;297;575;34.1;2.0;219;443;33.1;0.4;1;0;0
7909;63;63;40;8;23;20;28;1;8;0;0;2;0;29;20;9;50;70;56;85;123;40269;7357;4036;100.2;4.4;2.4;42.4;23.8;860;498;63.3;2.6;660;371;64.0;3.8;1;11;2
7910;77;77;40;2;11;-32;29;0;5;0;0;3;0;19;7;8;42;62;55;66;53;27424;4290;11;92.6;1.4;5.3;23.4;38.6;350;535;39.5;6.2;262;389;40.2;6.4;0;33;16
7912;74;74;41;5;12;10;16;0;1;0;0;0;0;12;7;3;16;60;55;61;49;26622;2787;151;103.7;3.8;2.3;31.9;28.0;430;388;52.6;-9.2;324;280;53.6;-8.9;0;384;213
7913;72;72;37;23;33;21;36;11;12;1;0;2;1;28;10;7;14;75;70;77;129;33353;10020;3559;99.9;4.9;2.5;39.3;19.9;681;342;66.6;17.7;499;260;65.7;16.6;1;62;19
7915;63;63;22;5;7;19;27;0;0;0;1;3;1;26;6;5;26;62;51;74;45;21936;436;1738;104.4;4.9;2.0;42.7;27.4;464;288;61.7;1.6;347;221;61.1;1.2;1;0;0
7918;63;63;42;8;5;5;4;1;0;0;0;0;0;9;6;1;8;53;52;51;37;20453;808;110;104.9;4.2;3.3;31.2;38.7;291;399;42.2;-23.6;228;308;42.5;-23.1;3;114;39
7919;81;81;34;1;8;-10;148;0;0;0;1;20;8;71;9;2;13;58;51;63;37;33628;1290;5217;98.9;3.5;4.8;28.6;35.8;489;624;43.9;5.9;366;475;43.5;4.6;0;0;0
7923;72;72;41;12;12;-7;23;2;3;0;0;3;0;27;10;7;60;67;59;73;70;31827;5226;717;99.1;2.7;3.5;27.9;33.0;481;542;47.0;-9.6;354;380;48.2;-7.6;1;568;296
7924;73;73;39;7;6;-32;39;2;2;0;0;3;0;28;10;11;32;57;54;57;48;29830;3960;225;97.0;1.6;5.3;17.7;45.0;274;700;28.1;-2.5;211;512;29.2;-1.6;0;42;26
7925;67;67;38;1;8;-13;115;0;5;1;0;19;4;42;18;17;72;65;50;80;25;30724;2442;7389;98.0;1.6;3.3;22.0;34.7;350;537;39.5;-7.0;255;405;38.6;-7.2;0;21;7
7926;70;70;40;16;40;36;38;4;9;0;0;4;0;18;6;7;17;75;71;75;124;35403;8373;2547;101.2;5.6;2.0;49.4;20.1;901;376;70.6;9.0;659;284;69.9;8.2;2;758;467
7928;83;83;36;6;3;15;92;1;0;0;0;9;4;48;8;11;46;59;51;68;57;34297;894;4564;102.8;4.0;2.7;32.5;28.9;585;526;52.7;-5.9;426;385;52.5;-5.6;2;0;0
7932;81;81;38;1;3;-30;99;0;0;1;1;15;7;19;13;2;15;48;47;50;39;34752;285;4862;93.4;1.1;4.5;24.1;39.4;434;737;37.1;-4.0;314;531;37.2;-4.1;0;0;0
7933;63;63;40;11;13;4;17;3;4;0;0;1;0;18;7;15;34;66;59;69;66;30009;4498;101;99.4;2.6;2.2;33.6;25.7;544;402;57.5;-6.7;395;292;57.5;-6.2;3;463;256
7934;71;71;41;7;11;10;84;1;0;0;1;12;2;47;17;4;41;56;47;67;90;41600;541;6871;100.3;3.7;3.0;33.1;27.6;716;556;56.3;4.5;529;411;56.3;5.3;1;0;0
7935;68;68;39;2;17;-1;33;0;1;0;0;5;0;29;12;3;38;59;48;74;50;36000;212;3005;102.1;3.1;3.2;28.5;36.5;521;662;44.0;-6.9;393;491;44.5;-7.5;0;0;0
7937;75;75;35;2;13;-1;41;0;3;0;0;0;0;11;22;5;5;58;55;60;63;27214;4613;247;98.6;2.6;2.6;32.5;27.8;458;410;52.8;7.1;334;294;53.2;6.0;0;12;2
7938;67;67;38;8;8;-8;47;0;1;0;0;3;1;13;8;3;21;54;52;53;41;24606;394;4031;99.5;2.9;4.1;26.8;35.8;300;452;39.9;-5.6;233;349;40.0;-4.5;0;77;21
7940;81;81;39;4;3;-32;41;1;1;0;0;1;0;21;3;5;35;55;54;54;40;27274;2816;977;97.5;1.7;5.9;19.0;51.7;275;718;27.7;-15.9;200;537;27.1;-17.3;1;30;12
7941;76;76;42;7;8;-12;58;1;0;0;0;4;1;22;7;2;7;56;55;53;48;26182;655;879;91.8;2.7;4.4;34.4;27.1;477;353;57.5;-0.3;347;271;56.1;-1.5;0;63;35
7944;82;82;41;7;16;11;45;2;5;0;0;3;0;37;13;17;35;66;59;71;80;35685;8359;3800;101.9;4.4;3.1;33.5;27.5;636;507;55.6;9.4;465;379;55.1;9.7;1;144;59
7945;66;66;20;3;10;6;40;2;1;0;0;5;0;33;13;10;25;66;56;76;48;18409;4545;2875;100.1;4.3;3.1;39.9;29.3;376;260;59.1;3.8;281;208;57.5;1.5;2;0;0
7946;77;77;34;9;7;-27;70;4;1;0;0;8;2;45;7;14;57;69;56;78;50;25024;7128;287;94.2;1.6;5.5;22.9;43.0;303;569;34.7;0.1;228;411;35.7;0.4;1;353;213
7947;63;63;43;1;7;0;38;0;0;0;0;2;1;27;10;7;10;56;51;54;39;22254;158;136;100.7;3.1;3.1;32.2;34.6;369;377;49.5;-15.9;276;290;48.8;-16.9;0;51;20
7948;81;81;39;7;5;-13;78;0;0;0;0;6;0;49;9;11;58;58;54;58;54;33301;624;3131;96.8;2.5;4.1;29.1;35.0;503;643;43.9;4.9;371;470;44.1;4.8;0;43;18
7950;81;81;41;5;4;-34;36;1;2;0;0;2;0;22;11;4;47;52;50;53;28;22317;2829;172;94.5;1.5;6.8;18.2;50.2;226;585;27.9;-15.8;152;429;26.2;-18.1;0;1;1
7953;67;67;40;5;8;-9;40;0;3;0;0;2;0;32;6;10;23;62;56;66;48;30808;2909;166;98.5;2.2;3.2;25.6;31.0;411;506;44.8;1.0;305;375;44.9;1.8;1;425;209
7954;68;68;37;9;18;23;61;0;1;0;0;5;0;20;8;11;22;60;55;66;78;36776;1056;2444;105.0;4.7;2.3;36.8;30.4;688;562;55.0;2.3;508;420;54.7;3.0;1;0;0
7956;74;74;36;22;22;18;36;3;6;1;0;2;0;22;10;5;41;67;66;64;128;31707;4909;1298;99.1;5.0;3.0;43.7;24.0;662;387;63.1;4.7;523;281;65.0;6.5;3;98;56
7958;119;119;31;3;7;-23;71;0;0;0;1;8;2;20;2;11;50;62;52;73;38;28764;671;2797;97.5;2.4;5.4;22.0;40.6;326;574;36.2;2.2;254;421;37.6;1.9;0;0;0
7959;113;113;36;6;7;-15;24;0;1;0;0;2;0;44;4;14;36;59;55;59;38;23752;2130;284;98.9;3.0;5.0;25.9;39.0;299;454;39.7;-15.9;223;343;39.4;-16.4;0;29;13
7960;112;112;25;0;2;-4;12;0;0;0;0;0;0;12;8;4;11;58;51;66;20;22170;215;1581;98.8;2.9;3.6;28.6;31.3;344;359;48.9;-12.5;242;261;48.1;-12.6;0;0;0
7961;118;118;12;1;3;10;7;0;0;0;0;1;0;5;0;3;6;62;55;69;14;10345;108;1133;111.4;4.5;1.0;30.6;31.0;183;151;54.8;-10.3;122;114;51.7;-14.1;0;0;0
7962;109;109;37;9;11;7;8;2;0;0;0;0;0;25;8;3;12;61;58;59;72;28352;891;3503;97.1;3.7;2.9;38.0;23.1;546;344;61.3;-1.5;411;246;62.6;0.5;1;42;23
7965;110;110;32;2;5;-3;41;0;1;0;0;3;1;30;4;5;39;58;53;61;23;16911;260;2047;100.5;2.8;3.6;26.2;35.8;214;334;39.1;-10.2;154;235;39.6;-10.3;0;56;27
7967;116;116;36;3;8;13;36;1;0;0;0;2;0;29;5;3;21;59;55;59;29;22997;470;307;105.5;4.2;2.2;32.6;29.1;386;362;51.6;-18.1;281;258;52.1;-16.3;0;333;164
7968;106;106;34;6;15;11;32;0;3;0;0;0;0;25;9;3;16;64;54;60;49;26096;3331;74;104.8;4.3;2.8;29.8;29.0;402;400;50.1;3.6;299;284;51.3;4.6;0;1;0
7972;117;117;22;3;4;9;23;0;0;1;0;3;1;16;6;2;9;59;53;63;23;18273;143;2019;106.0;4.5;3.2;29.9;34.7;283;329;46.2;-11.4;204;239;46.0;-11.0;1;5;3
7973;118;118;33;15;9;14;110;0;0;0;0;20;9;33;11;8;40;68;58;68;70;25495;661;1651;104.2;4.0;2.0;33.9;26.5;458;342;57.3;-1.2;338;255;57.0;-0.9;3;26;12
7974;105;105;36;1;4;-18;22;0;0;0;1;2;0;13;5;4;24;54;51;55;16;19280;934;1136;98.9;1.7;5.2;17.2;48.0;168;488;25.6;-16.6;119;343;25.8;-16.9;0;64;23
7976;112;112;37;3;10;13;48;1;0;0;2;4;1;29;19;12;68;57;50;66;56;35186;300;6968;99.3;3.7;2.7;35.5;24.0;638;450;58.6;2.8;473;325;59.3;4.5;0;0;0
7977;122;122;37;2;3;-21;65;0;0;0;0;7;1;54;13;8;33;54;52;54;24;23498;413;2315;101.0;1.5;4.7;14.4;49.5;180;625;22.4;-18.0;143;454;24.0;-16.4;0;25;6
7978;118;118;35;8;20;15;36;2;4;0;0;0;0;16;7;7;14;66;62;68;69;30556;3093;732;102.9;3.9;2.0;35.8;25.3;589;387;60.3;2.3;430;283;60.3;3.1;4;496;277
7979;109;109;30;14;17;18;28;5;4;0;0;0;0;12;10;6;9;65;62;68;84;26217;6595;844;105.1;3.8;1.2;35.4;21.4;510;280;64.6;7.0;379;207;64.7;7.1;3;12;3
7980;113;113;35;6;14;-8;129;1;5;0;0;21;11;38;9;13;52;68;61;73;76;29690;5354;1287;99.0;2.3;3.2;26.3;32.3;429;485;46.9;4.4;324;352;47.9;5.9;1;75;44
7981;112;112;28;3;9;6;28;0;2;0;0;2;0;34;8;1;16;58;55;58;46;25026;1740;1861;102.7;4.2;3.5;31.8;33.2;402;417;49.1;-14.5;297;307;49.2;-14.1;0;2;0
7982;115;115;37;4;8;-21;14;0;0;0;0;0;0;32;11;6;13;57;54;54;31;21631;438;2044;97.4;2.3;5.8;19.1;39.4;251;450;35.8;-13.4;170;328;34.1;-15.3;1;39;15
7983;116;116;36;11;11;20;11;0;0;0;0;1;0;28;6;3;13;58;54;58;66;28414;1097;146;103.3;4.9;2.5;37.9;26.1;543;360;60.1;-7.5;401;269;59.9;-6.9;1;1;0
7984;120;120;32;3;3;13;16;1;0;0;0;0;0;16;6;4;7;58;54;58;30;21552;2258;447;105.9;3.7;1.5;30.2;24.2;351;262;57.3;-6.8;258;197;56.7;-7.9;0;12;2
7990;114;114;36;11;18;20;39;3;2;0;0;5;2;18;15;11;27;68;61;72;93;30359;3325;2711;102.1;3.7;1.4;38.3;19.0;590;331;64.1;11.4;453;247;64.7;12.5;1;14;6
7991;120;120;36;6;5;10;32;0;1;0;0;2;1;24;9;2;6;63;54;63;45;25728;346;448;102.1;3.2;1.8;31.3;22.4;438;307;58.8;-5.0;314;229;57.8;-5.9;1;389;228
7992;117;117;16;4;7;11;8;2;0;0;0;0;0;0;2;0;1;57;58;52;31;13953;1362;0;99.1;5.7;2.8;40.5;19.1;322;139;69.8;10.8;220;103;68.1;9.0;3;1;0
7995;116;116;35;5;24;36;33;1;3;0;1;3;0;24;8;6;9;71;66;73;97;35536;3333;3529;103.9;5.4;1.7;41.6;19.2;775;341;69.4;6.0;565;258;68.7;5.8;2;0;0
7996;119;119;13;0;2;-11;6;0;0;0;0;0;0;5;5;2;9;56;50;65;15;11825;45;1012;96.0;1.5;4.9;23.4;46.3;116;277;29.5;-9.0;94;204;31.5;-8.2;0;1;0
7998;117;117;35;8;27;27;46;6;10;0;0;6;1;16;11;4;21;67;64;68;99;31705;8897;1902;99.1;5.3;2.0;43.9;15.7;756;285;72.6;16.1;538;196;73.3;17.9;1;23;10
8001;111;111;33;5;5;-2;46;0;0;0;1;1;0;15;7;7;15;57;57;54;39;22191;569;868;99.3;3.1;3.6;28.7;31.3;366;358;50.6;-11.7;248;267;48.2;-13.6;1;2;0
8002;121;121;34;3;11;-33;26;1;6;0;0;0;0;18;18;9;48;66;54;81;63;35507;8364;3739;97.9;1.5;4.5;18.9;43.8;342;803;29.9;3.4;270;605;30.9;4.4;0;0;0
8003;115;115;37;15;19;8;61;4;3;0;0;7;1;60;19;12;80;69;61;73;56;32017;2500;5018;104.7;3.9;3.0;27.5;31.7;466;537;46.5;-0.2;343;395;46.5;-0.0;2;46;23
8005;106;106;37;15;15;-1;34;7;4;0;1;0;0;38;5;15;35;67;60;72;75;27563;4942;3175;103.0;3.9;3.9;26.8;33.7;379;504;42.9;-5.9;271;354;43.4;-5.8;2;483;255
8007;113;113;34;10;7;-20;16;1;0;1;1;0;0;29;12;13;76;61;56;64;26;24534;1449;3925;97.5;2.3;5.6;21.0;40.6;280;516;35.2;-6.8;213;366;36.8;-5.6;1;34;9
8008;111;111;36;4;2;-13;12;0;0;0;0;0;0;8;3;2;16;55;51;56;25;16813;123;340;98.3;2.1;4.9;20.1;39.8;194;338;36.5;-26.7;126;252;33.3;-29.2;1;239;118
8009;118;118;35;3;6;4;10;0;0;0;0;0;0;14;5;5;7;58;51;59;34;20813;150;259;101.4;2.9;2.2;30.6;27.3;334;315;51.5;-9.1;243;231;51.3;-8.5;1;265;130
8010;112;112;37;9;15;6;30;3;8;1;0;2;0;35;8;25;32;68;61;74;79;30508;7739;2082;99.4;3.2;2.5;32.8;24.0;537;368;59.3;3.5;388;284;57.7;2.0;0;98;50
8011;109;109;36;6;11;6;27;0;1;0;1;1;0;23;11;7;21;60;54;62;32;15519;390;4187;101.2;4.2;3.0;33.9;27.1;259;224;53.6;-7.6;192;172;52.7;-8.7;1;102;45
8012;108;108;36;16;17;8;46;1;3;1;0;2;1;43;10;21;69;73;63;79;79;28900;2575;7920;100.1;4.1;3.2;34.1;27.0;508;432;54.0;1.2;385;315;55.0;3.2;3;210;121
8013;107;107;29;5;12;-16;25;2;5;0;0;3;0;24;10;12;17;71;62;75;47;25341;6947;5086;96.4;1.7;3.6;22.9;32.2;297;440;40.3;1.3;218;315;40.9;1.3;0;245;111
8016;119;119;36;5;11;-15;115;4;5;0;0;19;8;47;22;12;46;68;56;78;67;33502;9102;3352;100.1;2.0;3.8;19.9;37.0;331;676;32.9;-2.4;252;484;34.2;-2.1;0;0;0
8017;114;114;35;3;9;5;103;0;0;0;0;13;1;41;7;14;20;60;54;64;32;22316;367;2372;104.1;3.1;2.3;27.7;32.7;302;411;42.4;-18.0;229;299;43.4;-16.5;0;8;3
8018;116;116;34;5;12;17;107;1;3;0;0;16;6;45;5;5;7;60;57;60;54;24214;2934;719;104.2;4.5;1.8;37.5;23.0;480;281;63.1;-2.5;342;210;62.0;-3.1;1;45;18
8019;105;105;36;3;4;-29;33;0;1;0;0;3;0;13;2;4;44;55;52;58;24;24035;1999;185;97.7;1.9;6.0;19.3;48.2;265;578;31.4;-10.1;188;411;31.4;-10.7;1;375;155
8023;121;121;34;4;6;-10;16;0;0;0;1;0;0;36;11;7;19;62;51;63;44;29678;69;3726;98.4;2.3;3.6;24.1;32.5;381;511;42.7;20.0;289;375;43.5;20.4;0;482;213
8024;114;114;36;13;29;16;32;4;13;0;1;0;0;41;14;27;41;80;70;87;135;33928;11051;4361;100.2;3.8;1.9;39.8;20.3;741;361;67.2;17.2;528;274;65.8;14.9;1;63;37
8026;117;117;35;2;4;-2;8;0;0;0;0;0;0;13;4;5;14;55;52;57;21;16385;472;1197;101.6;2.6;3.1;23.9;32.7;201;270;42.7;-22.4;145;201;41.9;-22.6;0;211;95
8028;110;110;33;21;13;8;14;3;1;2;0;0;0;35;13;22;79;78;66;85;102;30294;3828;2875;99.3;3.7;2.7;34.6;24.1;522;412;55.9;-0.7;369;292;55.8;-1.4;3;82;38
8029;122;122;34;5;14;-25;118;3;7;0;0;16;5;64;8;12;83;86;66;94;72;29705;9068;2607;95.5;1.7;4.2;23.1;35.9;357;547;39.5;5.0;270;407;39.9;4.9;1;116;51
8030;109;109;34;13;12;10;12;5;7;0;0;0;0;23;4;3;14;63;59;67;64;17717;5753;1197;101.2;4.9;3.0;37.2;25.6;316;252;55.6;-5.5;241;188;56.2;-4.8;1;197;97
8032;115;115;30;8;6;1;18;2;1;0;0;0;0;19;6;6;25;57;56;57;50;29165;1931;2387;103.1;3.7;3.5;28.4;34.8;429;519;45.3;-1.6;319;390;45.0;-1.8;0;0;0
8033;107;107;36;9;3;-32;26;4;0;0;0;0;0;28;13;3;8;54;55;48;57;25706;5134;1066;91.1;1.5;5.9;20.3;35.7;295;490;37.6;-0.2;202;345;36.9;-1.8;0;95;43
8034;119;119;33;7;7;-16;29;0;0;2;0;1;0;17;7;11;52;65;56;74;69;30899;1813;2444;99.4;2.1;4.3;20.7;40.1;326;642;33.7;-2.0;246;466;34.6;-2.5;0;0;0
8035;109;109;36;6;8;11;17;0;1;2;0;1;0;26;12;19;29;65;54;75;80;36370;945;3361;98.5;3.4;2.5;35.7;22.7;649;426;60.4;0.5;496;317;61.0;1.4;2;0;0
8036;109;109;18;0;1;2;12;0;0;0;0;0;0;7;3;2;6;55;50;62;16;15356;40;773;101.9;2.3;1.9;27.4;28.4;250;232;51.9;-9.9;167;166;50.2;-11.7;0;0;0
8039;122;122;35;0;4;-29;26;0;0;0;0;2;0;32;8;6;15;55;51;50;45;30254;532;61;91.7;0.8;4.3;21.1;34.9;347;546;38.9;3.2;256;407;38.6;2.3;0;0;0
8042;106;106;15;1;7;2;22;0;1;0;0;0;0;6;4;2;4;64;61;64;22;13199;3209;191;100.1;3.5;2.7;36.8;28.6;232;203;53.3;7.1;177;150;54.1;8.6;0;1;0
8043;117;117;35;4;3;-1;8;0;1;0;0;0;0;5;6;3;9;56;54;50;35;23448;429;321;98.9;3.2;3.4;28.6;27.3;336;333;50.2;-14.7;246;245;50.1;-14.0;1;18;9
8044;110;110;37;4;11;-3;10;1;1;0;0;0;0;36;8;13;32;56;55;53;55;36138;2276;3911;102.7;3.5;3.7;27.3;36.5;479;675;41.5;-8.8;359;505;41.6;-9.3;0;0;0
8045;114;114;35;5;10;12;32;1;0;0;1;2;1;41;14;0;7;58;47;72;48;36174;1400;5755;98.0;4.1;3.0;34.7;21.8;642;435;59.6;6.0;478;325;59.5;5.8;1;0;0
8046;117;117;32;14;24;25;162;2;4;1;1;30;15;42;4;11;23;71;69;68;102;26250;3481;2386;99.0;6.2;3.0;43.3;19.7;603;265;69.5;9.7;437;205;68.1;8.5;3;74;36
8048;115;115;35;2;20;16;168;0;2;0;2;30;12;43;11;24;58;69;54;80;76;38195;3574;5928;101.2;4.5;3.0;32.0;23.3;669;501;57.2;15.3;478;356;57.3;15.5;1;0;0
8049;118;118;13;2;0;7;6;0;0;0;0;0;0;7;4;2;3;60;50;72;16;11598;106;1226;107.9;3.4;1.2;30.1;35.7;200;214;48.3;-11.6;144;159;47.5;-11.8;1;0;0
8051;117;117;35;2;17;3;30;0;6;0;1;2;0;26;9;9;31;63;56;72;77;33209;3519;3201;98.0;2.9;2.8;33.9;26.5;596;467;56.1;-8.6;429;342;55.6;-8.2;0;1;0
8054;108;108;33;7;11;0;146;0;2;0;0;20;11;12;12;12;41;65;57;69;41;21625;470;4571;100.5;3.7;3.7;30.8;32.1;335;388;46.3;-9.5;240;275;46.6;-8.7;2;98;34
8055;114;114;36;26;37;21;33;10;15;0;0;3;0;29;7;14;23;76;74;75;169;31265;10989;146;102.6;4.5;1.8;39.8;21.2;666;346;65.8;14.4;484;254;65.6;14.0;4;86;53
8058;106;106;35;4;5;-7;42;0;0;0;1;4;0;30;8;4;23;53;50;53;23;18180;304;2880;98.1;3.2;4.8;27.7;35.6;245;337;42.1;-17.7;195;250;43.8;-16.5;2;79;27
8059;111;111;29;0;10;-25;6;0;0;0;0;0;0;28;11;13;64;67;54;78;39;25497;646;2140;97.6;2.5;6.1;20.2;40.5;281;520;35.1;-5.3;206;384;34.9;-6.2;0;11;2
8060;110;110;12;2;2;-3;6;2;0;0;0;0;0;5;2;2;7;57;53;60;8;6783;892;79;95.8;3.2;4.2;30.8;29.2;97;122;44.3;-16.5;71;81;46.7;-14.9;0;28;12
8061;113;113;36;15;25;5;70;10;10;0;0;10;0;38;15;11;65;76;67;83;105;31579;9759;626;102.9;3.2;2.2;31.5;29.8;532;482;52.5;13.6;381;352;52.0;12.7;3;12;6
8062;113;113;36;3;4;-9;47;0;0;1;1;7;1;19;11;8;34;64;54;73;29;18706;3378;1095;100.4;1.5;3.5;18.3;43.3;185;421;30.5;-15.7;135;303;30.8;-15.2;0;260;118
8063;107;107;36;1;8;-31;51;0;2;0;0;7;0;22;3;4;14;55;55;51;30;28141;2208;3029;89.3;1.7;5.5;23.5;31.0;356;470;43.1;7.4;258;334;43.6;7.2;0;79;28
8065;108;108;23;2;3;4;10;0;0;0;0;0;0;7;5;5;7;54;50;56;4;9808;105;458;115.0;4.4;2.9;20.2;42.9;95;211;31.0;-23.3;75;158;32.2;-22.2;0;54;22
8067;112;112;37;5;11;-1;34;1;0;0;0;2;0;30;15;4;5;57;52;54;41;28295;1089;1177;100.6;3.4;3.6;26.6;28.9;394;426;48.0;-11.5;290;313;48.1;-10.8;2;420;200
8068;110;110;35;2;5;-10;2;1;0;0;0;0;0;15;2;5;11;55;51;57;34;15192;2338;0;98.7;2.4;4.0;26.8;39.6;190;332;36.4;-23.9;145;242;37.5;-23.3;0;44;12
8069;117;117;35;5;13;-2;54;0;1;1;0;6;2;47;14;18;79;72;54;89;65;33993;862;4723;96.1;2.9;3.2;33.6;25.6;606;473;56.2;-8.5;427;343;55.5;-8.5;0;0;0
8070;112;112;37;9;13;-8;22;3;6;0;0;2;0;19;7;10;28;61;57;63;61;21913;5698;187;98.2;3.6;4.8;27.1;31.4;311;351;47.0;-12.2;229;254;47.4;-11.0;0;131;57
8073;106;106;37;7;4;-5;14;0;0;0;0;2;0;23;12;4;13;55;52;56;49;31450;261;3503;102.8;3.5;4.1;23.9;34.1;396;581;40.5;-9.6;283;407;41.0;-9.3;1;0;0
8074;108;108;25;3;4;3;30;1;0;0;0;0;0;4;6;0;4;53;51;54;14;14730;160;50;107.1;4.6;3.9;24.7;33.5;198;253;43.9;-9.1;139;192;42.0;-11.2;0;244;129
8075;121;121;34;6;8;-30;22;0;4;0;0;0;0;11;9;7;27;52;51;52;37;30544;3667;2464;100.1;1.8;5.2;17.1;50.8;273;784;25.8;-2.9;203;603;25.2;-4.6;0;540;188
8076;105;105;34;0;6;-16;10;0;1;0;0;0;0;19;3;7;34;56;52;60;25;17401;2472;33;100.3;1.4;4.3;15.9;49.7;152;443;25.5;-15.9;105;317;24.9;-17.0;0;40;21
8077;106;106;35;5;10;-2;41;0;3;0;0;1;0;34;5;8;27;65;56;75;51;33721;3327;3218;103.4;3.6;3.8;26.3;36.7;441;634;41.0;-8.7;331;470;41.3;-9.1;0;0;0
8078;120;120;11;5;2;5;21;0;0;0;0;1;0;2;1;2;8;61;56;67;19;9580;92;501;104.9;4.1;2.3;34.6;31.9;166;166;50.0;-5.6;128;121;51.4;-4.3;0;0;0
8080;114;114;36;3;13;11;16;3;3;0;0;0;0;29;12;14;47;63;51;76;75;34918;3266;4275;100.3;3.4;2.3;40.0;27.6;691;504;57.8;3.1;516;391;56.9;1.7;2;0;0
8083;108;108;36;9;8;3;25;1;1;0;0;1;0;31;8;4;23;61;58;61;44;25102;3098;492;104.9;4.4;3.9;25.1;30.3;345;410;45.7;-9.8;236;296;44.4;-10.8;0;61;32
8084;105;105;34;12;21;3;125;4;12;0;0;17;12;23;10;6;35;68;61;73;81;26986;8374;269;102.4;3.6;3.1;30.5;32.8;418;474;46.9;11.0;311;338;47.9;11.8;1;623;343
8085;111;111;35;9;12;19;100;2;0;0;0;16;4;29;12;11;51;58;51;64;68;34922;737;4605;102.0;4.6;2.7;38.1;26.3;723;439;62.2;4.9;517;336;60.6;3.5;3;0;0
8086;110;110;33;2;6;-10;37;0;0;0;0;5;2;37;6;6;27;52;51;51;39;20442;336;1797;96.4;3.0;4.9;26.2;32.9;263;367;41.7;-19.0;196;271;42.0;-19.4;0;10;2
8087;109;109;35;6;11;14;15;0;2;0;0;0;0;11;8;3;1;58;55;61;41;21608;2504;270;104.2;4.7;2.3;35.7;26.2;401;303;57.0;-4.3;296;225;56.8;-4.6;0;112;51
8088;107;107;36;3;16;3;26;0;0;0;0;2;0;13;3;5;22;58;57;55;44;26770;1463;600;99.6;3.9;3.5;32.9;28.6;465;388;54.5;-6.0;333;291;53.4;-6.4;0;64;34
8089;107;107;33;5;8;-38;18;3;4;0;0;0;0;49;7;13;81;68;60;73;73;32458;6733;2719;90.0;1.0;5.0;21.6;34.2;361;582;38.3;0.1;266;427;38.4;-0.6;0;0;0
8090;105;105;36;7;7;-21;6;0;0;0;0;0;0;32;7;8;72;68;58;77;42;26683;2281;3201;98.3;2.6;5.1;22.3;38.7;325;549;37.2;-2.5;239;392;37.9;-2.1;1;66;27
8091;110;110;35;5;7;16;49;0;0;0;0;3;0;15;10;8;7;54;51;56;59;28450;356;910;103.8;3.9;1.9;33.5;23.9;480;390;55.2;-1.8;346;279;55.4;-2.2;1;2;0
8092;109;109;36;19;18;13;48;9;8;0;0;4;0;31;18;7;19;67;64;68;115;32774;4861;2220;101.7;3.0;1.4;35.7;21.5;635;342;65.0;7.0;466;255;64.6;6.5;2;79;35
8093;109;109;36;16;15;15;16;2;6;0;1;0;0;25;13;7;31;65;62;65;94;32988;3580;2037;99.6;3.6;2.1;36.9;20.4;667;350;65.6;8.0;468;257;64.6;6.4;2;59;33
8095;120;120;29;4;2;8;8;0;1;0;0;0;0;4;3;1;4;55;50;55;26;14232;134;0;107.0;3.8;1.8;27.3;25.5;209;189;52.5;-11.0;148;139;51.6;-11.3;0;22;11
8097;108;108;33;3;14;2;30;0;3;0;0;2;0;22;2;5;12;58;56;58;29;19416;1169;257;98.7;4.1;3.7;32.6;26.9;350;257;57.7;-0.5;241;200;54.6;-3.1;0;54;20
8098;110;110;33;3;7;8;35;0;0;0;1;1;0;49;12;1;10;59;50;68;48;28794;363;3112;100.1;4.3;3.3;36.9;28.5;506;433;53.9;-3.2;383;318;54.6;-2.9;0;0;0
8099;109;109;15;0;3;-1;4;0;0;0;0;0;0;8;4;1;5;56;53;53;12;12782;0;932;99.0;3.9;4.2;27.6;27.6;206;201;50.6;-14.2;140;147;48.8;-17.2;0;5;3
8115;79;79;6;2;0;1;0;0;0;1;0;0;0;3;3;2;3;52;49;54;9;5623;112;469;100.6;3.2;3.2;26.2;27.5;85;93;47.8;-4.8;62;66;48.4;-7.1;0;0;0
8117;67;67;40;1;4;-23;20;0;0;0;0;0;0;30;18;12;38;50;46;57;35;39671;334;4707;96.9;1.6;3.7;22.3;35.7;447;727;38.1;-9.1;334;533;38.5;-7.6;0;0;0
8118;63;63;16;2;2;1;14;0;0;0;0;0;0;16;4;1;5;51;48;54;30;14246;205;1080;96.9;4.0;3.8;36.9;27.0;245;200;55.1;-11.5;186;146;56.0;-12.9;0;0;0
8119;77;77;27;4;10;-19;69;0;4;0;0;11;1;41;9;5;13;62;51;75;60;26898;4776;1684;96.2;2.0;4.4;25.7;37.9;359;536;40.1;1.0;258;395;39.5;-0.6;0;0;0
8135;118;118;27;0;1;-2;6;0;0;0;0;0;0;4;5;3;2;54;49;54;9;10347;108;156;101.9;1.7;2.4;21.6;39.3;120;206;36.8;-24.7;84;160;34.4;-26.6;0;13;4
8137;85;85;11;1;2;-7;2;0;0;0;0;0;0;7;8;2;5;47;47;47;11;8740;41;1138;92.1;2.5;5.4;27.6;31.7;128;150;46.0;-12.8;93;110;45.8;-12.6;0;14;5
8140;69;69;36;5;10;-6;22;0;0;1;1;0;0;21;9;6;30;65;58;71;57;35019;3112;3537;99.4;3.1;3.6;31.4;34.4;550;633;46.5;-7.5;413;471;46.7;-6.8;0;2;2
8141;121;121;36;2;7;-30;21;0;0;0;0;0;0;21;11;10;53;60;47;77;25;34727;406;7808;100.2;1.9;5.3;15.5;44.9;308;819;27.3;-0.4;230;598;27.8;-0.4;0;0;0
8144;110;110;34;5;10;-16;76;1;2;0;0;6;4;42;9;3;6;66;59;67;48;26779;3459;511;94.5;2.8;4.4;27.6;28.1;376;429;46.7;-12.9;278;304;47.8;-11.9;1;406;178
8145;121;121;36;5;4;-40;25;2;1;0;0;1;0;17;5;8;12;57;55;53;40;27988;4120;999;100.1;1.7;6.7;13.6;55.2;214;769;21.8;-8.2;151;583;20.6;-10.5;0;35;10
8146;120;120;22;0;0;4;16;0;0;0;0;0;0;16;5;3;9;54;50;58;20;18895;48;1456;101.3;2.9;2.1;32.2;27.8;316;276;53.4;-13.4;228;204;52.8;-13.5;0;0;0
8147;122;122;15;1;0;-3;0;0;0;0;0;0;0;9;2;0;8;61;52;70;12;12484;299;783;99.6;1.4;2.3;21.9;33.2;177;224;44.1;-15.9;115;158;42.1;-17.8;0;1;0
8148;120;120;37;2;6;3;12;1;0;0;0;0;0;24;3;3;3;57;51;56;24;15906;204;960;102.3;2.9;2.3;28.1;27.6;241;230;51.2;-13.2;181;163;52.6;-11.2;0;189;80
8149;105;105;35;6;5;0;20;1;0;0;0;0;0;22;12;9;47;58;53;60;56;33753;847;6702;103.3;2.9;3.0;25.1;36.5;446;658;40.4;2.9;335;470;41.6;4.3;1;0;0
8151;108;108;24;1;3;-3;2;0;0;0;0;0;0;5;5;2;1;53;51;54;22;14206;542;0;97.5;2.5;3.3;28.9;29.1;198;203;49.4;-14.0;148;161;47.9;-14.9;0;48;20
8153;102;102;26;4;10;32;10;0;0;0;1;0;0;15;4;3;16;67;55;82;43;25766;494;2702;107.0;5.4;1.1;45.7;22.5;596;305;66.1;3.6;452;223;67.0;7.0;1;0;0
8155;87;87;22;0;2;-2;24;0;0;0;0;0;0;5;4;4;11;53;49;59;18;18370;166;2687;99.4;3.1;3.7;28.8;32.5;285;288;49.7;2.0;204;214;48.8;0.3;0;0;0
8156;89;89;27;0;2;-18;20;0;0;0;0;0;0;51;6;1;21;55;47;66;26;25807;714;3574;97.5;2.1;4.6;26.4;44.1;365;552;39.8;0.7;268;428;38.5;0.3;0;0;0
8157;63;63;23;2;6;7;8;0;1;0;0;0;0;5;4;2;8;57;50;66;30;21465;600;1468;101.5;3.5;2.3;35.7;28.2;409;301;57.6;-8.4;298;230;56.4;-9.2;0;0;0
8158;80;80;34;4;10;36;14;0;0;0;0;0;0;17;6;3;8;54;51;55;53;31375;282;5566;101.6;6.0;2.1;49.5;19.7;770;322;70.5;-4.1;574;240;70.5;-5.1;0;0;0
8159;73;73;40;2;5;-28;22;0;0;0;0;2;0;32;11;10;76;64;49;81;29;35432;633;7046;98.6;2.3;5.2;22.1;43.3;370;784;32.1;2.6;298;598;33.3;3.8;0;0;0
8160;84;84;41;1;9;-38;30;0;0;0;1;0;0;22;15;6;33;53;50;54;61;44783;2888;5211;97.9;1.7;4.7;21.0;46.0;501;1068;31.9;-3.8;366;806;31.2;-3.0;0;3;1
8162;109;109;36;5;5;-10;26;1;0;0;0;0;0;16;2;4;14;55;55;51;49;28307;1979;27;90.2;2.5;3.8;35.5;22.5;513;350;59.4;-0.8;367;254;59.1;-1.3;1;0;0
8163;107;107;31;6;5;-26;49;1;2;0;0;1;0;10;7;7;15;59;54;62;41;23052;8301;1213;93.3;2.0;5.8;22.2;36.5;268;437;38.0;-1.7;188;316;37.3;-3.7;0;8;3
8164;103;103;29;2;13;26;16;0;0;0;0;0;0;24;3;7;10;60;52;67;50;29307;1961;4801;102.3;5.5;2.5;41.5;22.4;617;344;64.2;8.2;459;247;65.0;9.9;0;1;0
8169;1;1;42;9;22;-13;8;3;8;0;0;0;0;66;60;23;32;71;71;66;127;41310;6274;285;97.6;3.2;3.8;33.9;32.2;600;603;49.9;-0.2;453;414;52.2;0.5;0;16;9
8170;48;14;38;6;20;-7;16;2;5;0;1;0;0;30;19;6;75;77;62;90;142;37444;8536;3124;99.2;3.3;4.0;29.3;33.7;567;640;47.0;-1.9;418;478;46.7;-3.3;2;0;0
8171;124;124;40;5;23;-4;48;1;12;0;0;2;0;88;8;24;61;65;63;67;114;44990;6160;4580;98.3;2.9;3.0;35.6;31.1;696;625;52.7;1.7;515;451;53.3;2.4;0;0;0
8172;18;18;42;7;14;4;18;0;0;0;0;0;0;44;6;16;53;58;55;59;90;44776;238;406;99.5;4.1;3.8;38.6;33.8;741;631;54.0;3.0;557;476;53.9;4.0;1;0;0
8173;25;25;42;16;17;-15;53;4;8;0;0;3;0;72;42;28;13;68;67;65;101;36706;7473;0;99.6;3.0;3.9;29.8;36.9;495;588;45.7;-2.5;349;442;44.1;-3.3;4;10;3
8175;12;12;41;8;16;6;11;0;0;1;0;1;0;24;21;30;29;62;57;65;46;31839;36;413;101.5;4.2;3.6;34.9;34.5;502;493;50.5;-8.7;361;363;49.9;-8.9;1;386;207
8176;155;154;39;5;5;7;2;0;0;0;0;0;0;22;11;10;14;63;55;67;45;22989;510;3402;102.8;2.8;1.7;30.1;26.2;403;312;56.4;-6.4;269;232;53.7;-8.9;0;298;127
8177;37;27;28;6;13;3;41;1;3;1;0;1;0;27;2;8;51;67;56;78;72;28960;4069;2782;100.6;3.4;3.0;32.9;31.0;453;425;51.6;6.3;348;321;52.0;7.6;0;0;0
8178;131;1;26;3;11;17;14;0;0;0;0;0;0;23;8;9;17;62;54;70;58;23940;320;3533;96.8;4.4;2.0;47.1;15.6;558;186;75.0;3.3;414;142;74.5;2.4;2;0;0
8179;73;23;31;16;25;-1;20;8;5;0;2;0;0;41;13;41;67;91;71;95;100;29555;7236;5633;100.0;3.4;3.5;27.9;28.9;409;443;48.0;26.3;303;334;47.6;25.6;1;816;463
8180;131;1;42;5;22;9;18;1;4;0;1;0;0;50;12;5;12;67;62;68;86;33757;5743;747;97.9;3.1;2.0;37.2;19.5;673;335;66.8;-3.6;492;247;66.6;-3.8;0;572;290
8181;124;124;40;5;10;0;12;1;1;0;0;0;0;59;8;19;42;60;56;61;72;41998;254;2696;99.6;3.2;3.2;33.1;31.6;618;581;51.5;-0.1;450;430;51.1;-1.0;0;0;0
8182;2;2;44;10;10;3;8;0;0;0;0;0;0;55;41;12;17;65;64;60;94;32142;218;286;98.5;3.6;3.2;38.4;30.1;557;465;54.5;1.1;408;317;56.3;2.2;1;4;1
8183;141;25;38;4;12;7;27;0;1;1;0;1;0;30;14;13;26;67;56;78;60;25183;284;4946;97.2;3.7;2.9;35.7;21.6;474;303;61.0;-1.0;349;200;63.6;1.7;0;417;217
8184;24;24;43;11;14;0;24;2;1;0;0;0;0;20;41;27;33;62;56;69;55;33987;4099;105;102.5;3.4;3.2;26.5;30.7;414;499;45.3;-1.3;302;340;47.0;-0.4;1;437;225
8185;21;21;40;2;16;3;16;0;2;0;0;0;0;58;12;42;97;64;55;74;73;46243;1109;4665;98.9;3.3;3.0;36.4;29.4;723;641;53.0;-0.1;551;435;55.9;3.5;0;0;0
8186;19;19;40;17;19;-4;18;4;11;1;0;0;0;46;39;18;22;66;61;72;66;33149;6626;4439;101.8;3.1;3.4;29.2;37.5;444;520;46.1;-2.2;314;393;44.4;-4.1;3;559;272
8187;87;87;12;2;0;-1;18;0;0;0;0;2;1;10;7;0;20;56;46;70;8;9821;20;1997;101.1;2.6;3.3;26.4;38.1;116;184;38.7;-18.4;90;136;39.8;-15.7;0;14;1
8190;101;101;20;5;2;-4;29;1;1;0;0;0;0;20;7;7;15;66;61;67;31;16418;1338;208;99.1;2.6;3.3;30.5;34.6;249;282;46.9;2.1;196;210;48.3;4.0;1;10;5
8192;97;97;38;8;11;-1;45;1;2;0;0;5;0;30;7;7;33;61;55;64;43;27008;2354;829;103.9;3.1;3.2;22.4;32.7;313;486;39.2;-5.1;220;358;38.1;-6.8;1;406;216
8195;87;87;26;2;6;6;32;0;1;0;0;4;1;16;0;4;13;63;56;68;41;24204;2297;1825;100.8;3.6;2.8;31.1;26.5;390;339;53.5;3.4;293;256;53.4;3.9;0;0;0
8196;92;92;9;0;0;-1;4;0;0;0;0;0;0;5;0;2;10;59;50;60;1;3557;25;325;115.4;2.0;3.0;9.1;44.5;19;100;16.0;-19.4;11;65;14.5;-20.0;0;38;17
8197;92;92;35;3;8;-10;45;1;2;0;1;2;1;44;16;6;37;64;52;77;46;36294;3912;4616;104.1;3.7;4.7;24.8;43.4;448;833;35.0;5.4;344;599;36.5;7.1;0;8;0
8198;98;98;36;3;10;-21;23;0;4;0;0;3;1;21;9;10;19;58;55;58;35;21944;2806;2035;94.9;2.3;5.7;23.6;38.7;277;451;38.0;-8.3;196;331;37.2;-9.9;0;53;28
8200;100;100;29;3;3;-16;25;0;0;0;0;1;0;23;10;1;13;51;51;48;40;27190;1811;2322;97.7;2.8;4.9;27.0;38.9;402;536;42.9;-7.8;295;402;42.3;-9.0;0;0;0
8204;104;104;23;2;0;-9;6;0;0;0;0;0;0;5;2;2;3;53;50;51;12;10851;159;602;95.5;1.7;4.6;19.6;35.8;114;206;35.6;-14.0;82;149;35.5;-14.2;0;141;66
8207;97;97;37;4;9;-13;12;0;1;0;0;0;0;20;11;3;17;54;51;50;43;26482;709;45;100.2;3.1;4.9;23.1;36.7;322;503;39.0;-5.3;240;375;39.0;-5.5;0;23;10
8208;103;103;38;2;4;-7;34;0;0;0;0;2;1;20;9;1;16;56;49;54;22;15712;177;5;99.3;2.1;3.7;24.7;40.8;195;343;36.2;-30.1;153;254;37.6;-29.4;0;2;1
8210;97;97;29;3;2;-2;12;0;0;0;0;0;0;3;2;2;11;54;50;51;12;14328;201;640;109.5;3.0;3.3;17.6;42.5;129;331;28.0;-18.7;93;244;27.6;-18.8;0;95;31
8212;88;88;23;0;1;-5;8;0;0;0;0;0;0;5;4;1;8;53;50;54;11;9097;108;733;98.0;2.4;4.4;23.7;36.4;107;168;38.9;-19.9;88;132;40.0;-18.6;0;30;7
8217;90;90;34;4;7;-15;24;0;2;0;0;0;0;7;6;3;19;53;51;54;16;15012;795;387;100.9;2.6;6.0;20.1;49.2;166;348;32.3;-19.7;123;261;32.0;-20.3;0;262;111
8218;96;96;30;4;1;-4;36;0;0;0;0;2;1;16;7;3;8;53;51;55;37;28834;417;1738;99.8;2.6;3.1;27.3;31.8;421;456;48.0;-3.8;314;343;47.8;-4.7;0;0;0
8219;99;99;19;0;1;-5;43;0;0;0;0;5;1;42;9;3;4;50;48;52;20;15983;165;1240;97.8;2.7;3.8;28.4;32.7;231;287;44.6;-11.4;163;216;43.0;-13.6;0;0;0
8225;102;102;36;2;4;8;8;0;0;0;0;0;0;7;5;3;8;58;52;60;40;31049;185;2973;102.2;4.6;3.7;33.5;31.8;563;503;52.8;-12.8;389;384;50.3;-14.3;0;0;0
8226;103;103;20;3;5;9;16;0;0;0;0;0;0;3;4;2;5;62;53;71;27;17249;110;1157;102.3;4.4;2.7;34.6;26.1;322;257;55.6;-7.0;229;181;55.9;-6.1;1;1;1
8227;88;88;28;1;1;-4;14;0;0;0;0;0;0;11;3;0;1;51;50;51;8;10153;191;77;101.0;1.8;3.2;19.1;38.6;105;210;33.3;-17.8;69;149;31.7;-19.7;0;30;14
8229;97;97;31;3;4;-9;28;1;2;0;0;4;1;14;7;2;23;56;52;59;34;16447;3913;473;99.3;2.0;3.3;23.4;36.1;203;315;39.2;-7.6;144;224;39.1;-8.1;0;26;7
8232;93;93;25;2;3;-7;6;0;0;0;0;0;0;3;10;8;12;52;49;54;13;12855;109;2275;96.7;2.0;4.2;24.4;37.0;158;254;38.3;-8.1;119;186;39.0;-7.5;0;194;83
8233;96;96;29;0;2;-7;16;0;0;0;0;0;0;9;1;3;0;48;49;47;21;24736;177;2218;96.1;2.5;3.6;29.0;29.3;366;416;46.8;-5.8;270;305;47.0;-5.2;0;0;0
8234;96;96;33;0;5;-15;8;0;1;0;0;0;0;16;5;2;4;52;51;51;16;14756;523;411;91.4;1.2;5.1;26.1;38.5;205;291;41.3;-11.2;148;216;40.7;-12.2;0;49;22
8235;92;92;37;6;4;-18;13;0;0;0;0;1;0;30;9;4;52;56;51;57;28;24097;375;527;102.5;1.9;4.6;18.2;56.9;238;696;25.5;-8.0;168;502;25.1;-9.1;0;96;38
8241;90;90;11;0;0;1;6;0;0;0;0;0;0;9;5;0;3;48;49;44;15;9843;103;691;101.0;5.5;5.1;36.2;36.2;188;170;52.5;-0.0;137;127;51.9;0.1;0;0;0
8242;88;88;16;0;0;-12;7;0;0;0;0;1;0;4;0;0;0;49;49;47;3;6346;1;95;82.7;0.6;7.4;21.0;36.9;77;117;39.7;-15.4;54;90;37.5;-16.6;0;17;7
8243;102;102;21;3;2;5;20;0;0;0;0;0;0;12;5;2;2;56;54;53;29;17228;193;1404;103.4;4.6;3.6;33.0;33.6;296;285;50.9;-13.4;222;219;50.3;-12.9;0;0;0
8246;102;102;13;0;0;-9;8;0;0;0;0;0;0;5;2;0;0;49;50;46;10;5209;16;179;83.3;2.1;8.3;23.5;32.5;72;78;48.0;-10.3;50;58;46.3;-10.2;0;2;0
8248;89;89;26;0;2;-7;10;0;0;0;0;0;0;11;14;1;5;47;45;51;20;22966;110;2420;98.8;3.4;4.5;27.4;32.9;319;393;44.8;-11.6;231;292;44.2;-12.8;0;0;0
8250;102;102;10;0;1;-4;2;0;0;0;0;0;0;6;1;0;2;52;50;51;5;3757;42;4;91.3;1.0;4.8;23.0;37.4;53;66;44.5;-17.0;35;48;42.2;-17.6;0;3;0
8255;88;88;20;0;2;0;4;0;0;0;0;0;0;17;1;0;1;53;50;49;9;10584;158;0;101.3;3.7;3.7;28.2;31.3;159;181;46.8;-11.2;111;127;46.6;-11.3;0;1;0
8256;85;85;37;4;8;9;26;0;2;0;3;0;0;23;6;7;3;56;52;57;51;26710;1686;4002;100.8;3.5;2.7;32.1;26.6;456;356;56.2;0.0;337;261;56.4;1.1;2;42;7
8258;103;103;15;1;1;4;27;0;0;0;0;1;0;3;6;0;6;51;50;52;13;12437;516;1198;101.9;4.9;3.5;37.1;30.4;226;215;51.2;-13.4;170;159;51.7;-12.1;0;17;4
8260;91;91;32;4;5;-12;10;0;4;0;0;0;0;15;5;2;2;54;51;55;30;13280;2530;20;95.8;2.2;5.4;23.0;39.8;148;270;35.4;-27.7;113;195;36.7;-27.6;0;33;16
8261;94;94;35;1;8;-23;38;0;0;0;1;4;0;22;10;5;17;56;51;61;41;30879;677;2592;94.1;2.7;5.5;29.1;36.3;462;593;43.8;-11.2;325;431;43.0;-12.4;0;0;0
8262;93;93;29;3;2;-20;14;0;0;0;0;0;0;7;4;1;4;50;51;46;21;21122;1840;869;97.2;2.2;5.5;22.5;43.1;225;483;31.8;-7.3;171;356;32.4;-6.5;0;19;6
8264;93;93;27;0;3;-12;13;0;0;0;0;0;0;15;10;2;25;51;48;55;9;17249;58;4604;100.7;2.5;5.0;24.4;52.6;202;433;31.8;-5.4;153;337;31.2;-6.4;0;2;0
8265;93;93;35;3;5;-37;31;0;0;0;0;1;0;34;11;5;20;49;50;46;17;22755;1266;443;100.0;1.9;7.8;13.8;56.3;156;655;19.2;-22.8;116;492;19.1;-22.9;0;298;113
8266;100;100;32;2;0;-16;8;0;0;0;0;0;0;13;4;2;14;54;50;51;15;15846;329;230;94.6;0.9;4.5;18.6;44.3;169;354;32.3;-16.8;114;271;29.6;-20.0;1;16;5
8267;101;101;36;2;7;-16;35;0;1;0;0;0;0;27;7;4;10;53;50;52;19;17524;54;2923;100.3;2.7;6.0;18.9;42.9;157;389;28.8;-15.4;122;279;30.4;-14.4;0;217;79
8270;97;97;38;4;9;-2;16;0;0;0;0;0;0;21;12;4;4;54;52;50;37;29608;486;195;102.3;3.5;3.6;25.8;32.0;405;525;43.5;0.6;304;389;43.9;0.8;0;2;0
8272;97;97;29;0;2;-13;24;0;0;0;0;0;0;19;9;6;19;56;49;64;23;25176;60;3138;99.9;2.1;4.0;22.7;42.0;296;543;35.3;-9.6;214;404;34.6;-10.9;0;0;0
8274;97;97;34;9;6;-1;14;1;0;0;0;0;0;24;10;4;40;57;54;59;46;25122;2164;5652;102.6;3.0;3.2;24.6;33.0;350;458;43.3;-0.3;251;332;43.1;-0.8;2;100;32
8275;96;96;33;3;3;-7;37;0;0;0;0;3;1;16;5;3;13;58;51;53;33;21878;865;38;99.1;2.1;3.3;21.6;30.4;244;357;40.6;-12.5;185;269;40.7;-12.4;0;0;0
8276;93;93;27;2;10;-21;12;1;2;0;0;0;0;21;4;3;33;56;53;55;24;21598;3586;202;99.0;2.2;5.7;19.8;47.7;223;516;30.2;-8.7;172;376;31.4;-7.5;0;200;110
8277;98;98;13;0;0;-3;9;0;0;0;0;1;0;2;0;0;5;52;50;52;5;5966;2;236;101.6;1.8;3.6;16.9;39.8;56;136;29.2;-20.7;40;105;27.6;-23.2;0;43;13
8279;100;100;21;0;1;-13;4;0;0;0;0;0;0;7;2;2;4;52;50;52;4;8084;5;0;89.4;0.9;6.7;20.0;44.5;90;192;31.9;-15.7;65;140;31.7;-16.1;0;2;0
8280;100;100;3;2;0;0;2;0;0;0;0;0;0;2;0;1;2;57;55;60;6;2719;99;154;109.3;2.6;2.6;15.9;35.7;28;54;34.1;-7.0;18;38;32.1;-12.6;0;0;0
8281;95;95;4;0;0;-2;0;0;0;0;0;0;0;1;1;0;0;50;49;46;1;1300;0;0;85.7;0.0;5.5;30.5;38.8;17;20;45.9;-15.6;15;17;46.9;-11.0;0;1;0
8282;90;90;34;3;8;-12;44;0;3;0;0;0;0;31;18;5;14;50;51;49;45;35063;1375;3288;99.1;3.5;4.5;28.4;34.2;526;642;45.0;-6.0;387;471;45.1;-6.1;0;0;0
8285;94;94;21;2;3;-7;4;0;0;0;0;0;0;8;11;3;8;50;46;56;26;16738;103;3475;99.1;3.2;4.7;29.7;40.2;243;345;41.3;-12.9;176;250;41.3;-13.7;0;19;3
8287;103;103;5;0;0;-4;0;0;0;0;0;0;0;2;0;0;2;51;50;51;2;2160;65;48;87.7;1.7;8.3;26.7;45.0;33;44;42.9;-20.8;24;33;42.1;-24.3;0;44;26
8288;87;87;14;0;0;-8;9;0;0;0;0;1;0;2;2;0;4;51;51;50;9;6007;709;127;93.0;1.2;5.4;19.8;41.4;65;136;32.3;-23.3;44;104;29.7;-27.0;0;83;24
8289;95;95;31;4;11;-9;24;0;3;0;0;0;0;17;16;2;17;57;55;57;65;30942;2214;2488;97.7;2.4;3.3;27.0;28.6;466;467;49.9;3.0;330;331;49.9;3.8;1;0;0
8293;98;98;23;1;4;6;8;1;0;0;0;0;0;7;10;0;1;53;48;59;10;19783;81;1601;102.5;4.2;3.1;34.4;32.0;324;331;49.5;-9.3;240;243;49.7;-7.5;0;0;0
8298;91;91;33;5;17;12;24;1;5;0;0;0;0;16;5;1;3;62;60;58;36;28110;2749;1552;102.1;3.8;2.3;35.2;26.3;521;428;54.9;-5.6;396;308;56.3;-5.2;0;468;203
8300;89;89;34;3;3;-24;32;0;1;1;0;2;1;20;11;6;28;48;49;46;22;21815;435;846;99.6;1.8;5.8;16.2;49.7;200;590;25.3;-17.8;135;440;23.5;-19.2;0;16;4
8302;94;94;30;1;3;-18;20;0;0;0;0;2;0;8;6;2;12;49;51;46;25;20687;106;3114;93.3;3.0;6.1;27.7;35.0;289;385;42.9;-8.2;215;278;43.6;-7.1;0;88;29
8303;91;91;36;9;10;18;12;0;0;0;1;0;0;26;4;11;6;63;60;63;53;28212;861;2199;102.6;4.3;2.3;37.1;25.4;528;405;56.6;-4.4;388;298;56.6;-5.7;0;92;38
8306;95;95;33;3;11;-1;71;1;4;0;0;7;1;38;26;9;10;60;53;68;55;28887;3671;3597;98.0;3.6;3.6;32.9;27.9;520;408;56.0;-3.7;385;303;56.0;-3.9;1;0;0
8307;104;104;26;2;1;-7;4;0;0;0;0;0;0;13;6;0;5;47;49;45;23;22871;181;4431;100.0;3.3;4.4;27.7;37.0;325;421;43.6;-6.2;239;311;43.5;-5.7;0;0;0
8309;102;102;18;2;4;3;2;0;0;0;0;0;0;2;8;0;0;55;51;58;23;15401;252;958;101.4;4.4;3.7;34.1;32.3;263;255;50.8;-11.7;187;192;49.3;-12.0;1;0;0
8310;85;85;14;2;3;-7;16;0;0;0;0;0;0;7;7;2;3;51;50;52;18;13002;391;859;97.6;3.3;5.3;27.1;36.0;171;250;40.6;-9.1;131;187;41.2;-7.8;0;0;0
8313;89;89;9;1;1;-8;2;0;1;0;0;0;0;3;4;0;3;46;49;45;9;5903;287;113;105.1;3.7;8.5;17.7;54.9;58;160;26.6;-20.5;40;118;25.3;-22.9;1;107;42
8315;85;85;33;14;25;1;38;7;8;0;0;4;1;22;15;7;8;68;67;65;99;27276;5510;1272;96.6;3.7;3.6;35.8;26.0;505;351;59.0;3.6;373;251;59.8;5.8;1;156;76
8316;104;104;28;3;3;-4;11;2;0;0;0;1;0;11;2;1;2;53;51;53;19;13337;503;251;100.8;3.8;4.9;28.9;39.4;181;261;41.0;-10.0;138;201;40.7;-9.5;0;234;102
8318;87;87;35;3;1;-17;6;0;0;0;0;0;0;12;11;2;12;51;50;51;16;18637;983;0;94.3;1.7;5.0;21.8;36.7;211;362;36.8;-19.2;159;269;37.1;-18.4;0;47;18
8321;94;94;25;3;3;-11;15;0;0;0;0;1;0;21;7;2;9;52;51;49;14;12469;60;796;96.5;3.5;6.6;23.7;36.7;158;235;40.2;-14.7;109;174;38.5;-17.7;0;43;19
8324;100;100;32;7;6;-16;20;1;2;0;0;0;0;32;6;8;42;65;58;71;46;27360;3806;465;98.6;2.5;4.6;25.4;40.9;389;558;41.1;2.8;278;429;39.3;1.3;0;427;215
8325;100;100;22;1;5;0;8;0;0;0;1;0;0;14;2;3;9;57;53;58;15;14538;108;2137;101.5;2.7;3.2;25.8;35.4;203;262;43.7;-8.3;139;197;41.4;-10.9;0;48;16
8326;97;97;31;1;0;-8;8;0;0;0;0;0;0;11;10;0;3;53;49;52;6;14816;264;170;100.1;1.0;2.9;14.6;44.5;120;354;25.3;-20.5;89;265;25.1;-21.5;0;1;0
8329;91;91;32;4;11;13;22;0;0;0;0;4;2;4;1;5;2;56;54;55;29;22041;512;393;104.4;4.9;2.8;34.8;28.6;393;351;52.8;-10.0;278;245;53.2;-10.3;0;337;132
8330;104;104;33;3;10;2;41;0;0;0;2;1;0;29;4;2;12;56;52;55;32;13577;122;2214;102.8;4.2;4.0;31.0;36.6;199;259;43.4;-6.9;145;183;44.2;-5.8;0;40;20
8331;99;99;3;0;1;0;2;0;0;0;0;0;0;2;0;0;0;56;51;55;2;2153;0;0;102.8;1.7;1.7;23.4;38.5;28;40;41.2;-6.9;19;33;36.5;-12.9;0;14;6
8333;100;100;17;2;2;5;4;0;0;0;0;0;0;14;3;2;2;55;51;54;9;8875;461;0;107.9;4.9;2.8;27.6;29.2;123;145;45.9;-14.7;96;102;48.5;-11.3;0;7;2
8334;94;94;14;2;0;-3;4;0;0;0;0;0;0;14;10;1;1;54;48;61;18;11497;76;992;98.7;3.1;4.1;28.5;33.2;173;195;47.0;-10.8;128;149;46.2;-11.1;0;0;0
8335;89;89;33;3;2;-12;43;0;0;0;1;7;0;24;15;4;35;49;48;52;31;30729;384;4083;99.9;2.7;4.2;26.2;40.7;411;635;39.3;-0.1;305;486;38.6;-0.4;0;0;0
8336;89;89;21;0;3;-11;6;0;0;0;0;0;0;7;0;1;0;53;50;48;4;10211;0;0;101.4;2.8;6.7;19.7;51.8;115;246;31.9;-17.5;83;195;29.9;-19.3;0;10;5
8337;97;97;23;0;0;-12;4;0;0;0;0;0;0;3;2;3;3;51;49;50;7;8699;364;439;98.6;1.2;5.4;13.7;51.3;58;230;20.1;-23.6;44;174;20.2;-23.8;0;57;21
8338;101;101;15;0;1;-8;24;0;0;0;0;2;0;9;6;4;5;54;47;63;7;12146;68;1107;99.9;2.1;4.7;18.4;41.8;129;252;33.9;-15.1;84;191;30.5;-20.1;0;0;0
8342;91;91;4;0;0;-1;2;0;0;0;0;0;0;2;0;0;0;53;50;54;5;2630;80;338;91.5;2.7;4.1;42.4;27.4;52;37;58.4;-9.5;40;29;58.0;-10.5;0;6;1
8343;96;96;31;2;4;-5;16;0;1;0;0;0;0;21;11;2;12;60;52;69;30;26342;232;2160;97.7;2.9;3.7;28.2;29.5;375;443;45.8;-7.2;285;322;47.0;-6.0;0;0;0
8344;93;93;3;0;0;-2;2;0;0;0;0;0;0;1;2;0;3;47;48;46;4;2187;35;218;93.2;1.6;4.9;26.3;37.9;27;31;46.6;8.1;20;26;43.5;4.3;0;2;1
8345;103;103;12;1;1;3;4;0;0;0;0;0;0;6;2;0;2;51;50;54;9;5610;0;15;108.8;3.9;1.9;30.2;48.1;78;131;37.3;-22.1;60;102;37.0;-20.8;0;9;4
8346;99;99;29;1;4;6;17;0;0;0;0;1;0;8;6;1;9;56;51;53;19;17065;390;88;107.0;4.0;2.7;24.0;28.5;227;271;45.6;-9.1;159;200;44.3;-11.1;0;16;10
8351;82;82;39;7;6;2;51;2;1;0;0;7;1;13;8;3;12;55;54;54;33;24989;3364;0;105.4;3.7;3.5;26.9;40.8;366;482;43.2;-9.0;265;372;41.6;-10.0;2;0;0
8354;78;78;10;1;1;-1;6;0;0;0;1;0;0;2;2;2;2;56;50;60;12;8351;153;1029;98.2;3.0;3.9;34.5;36.6;128;152;45.7;-11.7;99;115;46.3;-11.9;0;0;0
8357;81;81;38;2;5;-28;8;1;2;0;0;0;0;7;6;6;43;55;51;57;25;17964;1375;811;93.9;1.4;7.0;20.2;53.9;180;476;27.4;-15.1;130;361;26.5;-16.4;1;66;32
8359;69;69;35;2;9;-40;48;1;2;0;0;0;0;32;12;11;52;59;52;65;30;32462;3742;3038;98.5;1.7;5.9;17.7;53.9;290;856;25.3;-8.7;217;658;24.8;-8.5;0;0;0
8362;66;66;40;7;11;8;10;0;0;0;0;0;0;8;6;3;7;55;53;54;33;27266;167;91;104.9;4.5;3.4;29.6;33.3;389;507;43.4;-20.1;301;363;45.3;-17.6;1;411;194
8363;64;64;13;0;3;-14;4;0;0;0;0;0;0;4;4;3;11;52;51;49;9;10496;262;1357;93.2;1.4;5.5;17.1;37.0;103;200;34.0;-9.4;75;151;33.2;-9.4;0;1;0
8365;79;79;40;4;6;-8;22;1;0;0;0;0;0;14;11;2;4;54;52;51;28;22962;1860;1976;96.7;2.4;3.6;27.0;29.9;335;370;47.5;-13.3;254;264;49.0;-12.5;0;27;7
8366;75;75;40;2;0;-10;16;0;0;0;0;0;0;12;5;3;9;50;49;49;11;16423;21;2526;99.8;2.0;4.2;20.2;41.6;162;394;29.1;-21.6;127;276;31.5;-20.0;0;106;38
8370;76;76;2;0;0;-1;2;0;0;0;0;0;0;1;0;0;0;52;50;54;0;1589;93;272;88.9;0.0;2.3;34.0;20.4;24;24;50.0;-15.3;16;15;51.6;-13.2;0;0;0
8371;65;65;17;0;2;-9;10;0;0;0;0;0;0;12;2;4;22;61;52;71;29;15996;729;1612;102.2;3.4;5.2;24.1;43.9;182;347;34.4;-6.4;145;265;35.4;-5.1;0;0;0
8372;82;82;20;0;4;-5;8;0;0;0;0;0;0;4;2;1;1;52;50;54;7;8648;301;36;99.9;1.7;3.7;20.0;44.5;90;189;32.3;-13.8;65;144;31.1;-14.9;0;43;14
8373;67;67;39;1;4;-9;6;0;0;0;0;0;0;10;7;3;6;52;50;55;19;20171;1000;1460;100.3;1.6;3.4;18.2;39.8;191;409;31.8;-13.8;136;303;31.0;-14.4;0;206;78
8374;75;75;19;1;2;4;26;0;0;0;0;0;0;13;4;3;3;58;49;67;32;16003;58;1556;101.9;3.1;2.2;36.9;33.7;289;263;52.4;0.5;227;197;53.5;0.4;0;0;0
8375;67;67;23;2;3;-10;32;0;1;0;0;0;0;17;13;5;26;50;46;57;29;19878;74;2439;97.0;2.0;4.0;25.2;36.6;236;378;38.4;-5.4;185;294;38.6;-3.9;0;0;0
8376;64;64;19;4;8;-7;38;2;1;0;0;6;0;21;12;2;4;58;59;53;33;15902;2315;637;100.2;3.2;4.5;25.4;36.7;223;276;44.7;-6.0;167;213;43.9;-5.5;1;6;2
8377;72;72;32;6;6;-2;22;0;0;0;0;0;0;36;11;5;12;55;48;63;42;31403;372;3375;98.0;4.0;4.4;31.8;29.8;531;506;51.2;-5.1;391;375;51.0;-5.4;0;0;0
8379;72;72;41;2;4;-9;47;0;0;1;0;7;0;16;2;3;24;53;51;52;13;17449;40;3023;99.6;2.9;5.0;22.9;38.0;199;352;36.1;-20.9;155;265;36.9;-19.9;1;125;46
8380;76;76;5;1;1;-2;6;0;0;0;0;0;0;2;1;1;1;49;52;44;3;4852;92;333;101.6;3.0;4.5;24.5;42.3;54;111;32.7;-10.5;42;79;34.7;-6.4;0;0;0
8381;83;83;23;2;2;2;14;0;0;0;0;0;0;17;5;2;3;54;51;58;31;19801;794;1537;102.4;3.6;3.3;30.7;34.5;313;364;46.2;-11.5;229;259;46.9;-9.5;0;0;0
8382;68;68;31;1;2;-8;8;0;0;0;0;0;0;26;10;0;5;50;47;55;29;27207;77;5914;98.0;2.5;3.6;30.3;34.8;418;509;45.1;-9.5;309;390;44.2;-10.1;0;5;1
8383;65;65;40;2;4;-13;28;0;0;0;0;0;0;12;9;9;20;57;54;57;40;26725;1550;556;100.2;2.3;4.0;24.5;44.2;334;576;36.7;-4.2;245;437;35.9;-5.0;0;289;119
8384;68;68;25;2;6;6;11;0;1;0;0;1;0;22;6;5;9;62;54;72;32;22290;1912;2020;102.0;4.2;3.1;32.5;27.9;378;364;50.9;-2.6;277;263;51.3;-2.6;0;0;0
8385;81;81;26;5;14;-3;16;0;5;0;0;0;0;28;14;7;34;74;61;86;62;21358;5364;798;99.1;2.5;3.0;31.2;33.7;317;388;45.0;-0.6;236;287;45.1;-0.6;0;303;175
8386;73;73;42;3;4;-37;20;1;1;0;0;0;0;24;9;5;51;52;50;55;17;25364;2997;523;98.3;1.3;6.5;11.5;51.1;158;674;19.0;-14.8;116;509;18.6;-15.8;0;246;90
8389;64;64;40;6;5;-24;30;2;0;0;0;0;0;24;15;2;13;53;51;52;32;26976;1148;1735;96.5;2.1;5.3;21.2;39.5;314;517;37.8;-7.5;232;402;36.6;-8.4;0;288;133
8390;75;75;32;2;4;-4;20;0;0;0;0;2;1;7;5;0;5;52;51;51;24;22848;639;110;103.1;2.8;3.3;23.9;37.7;276;448;38.1;-13.4;204;336;37.8;-15.3;0;6;2
8393;74;74;22;2;1;-4;4;0;0;0;0;0;0;5;6;5;11;55;51;58;18;10243;51;329;96.2;2.5;3.9;27.4;30.2;164;149;52.4;-6.7;108;105;50.7;-9.5;0;54;19
8394;82;82;26;1;2;1;10;0;0;0;0;0;0;5;6;1;5;57;51;63;21;23401;851;2363;103.6;2.8;2.6;26.3;37.7;328;445;42.4;-9.7;241;334;41.9;-9.5;0;0;0
8396;68;68;28;4;4;-5;20;1;0;0;0;0;0;11;11;6;18;62;53;72;43;26452;2123;2292;98.5;3.4;3.9;31.8;32.4;426;434;49.5;-4.5;315;332;48.7;-3.8;1;0;0
8397;77;77;41;8;5;-32;77;2;2;0;0;5;0;111;17;9;37;56;54;53;44;33640;3779;862;97.8;1.9;4.9;18.7;39.4;363;706;34.0;-1.2;266;520;33.8;-2.0;0;38;17
8398;82;82;40;12;30;6;22;4;9;0;0;0;0;43;13;13;23;68;65;67;98;36533;6688;1861;99.9;3.9;3.4;32.3;27.2;626;509;55.2;9.3;461;388;54.3;9.2;1;21;8
8399;74;74;35;7;17;15;58;0;2;0;0;6;0;54;7;14;18;68;63;70;73;30226;2199;2822;100.6;4.6;2.7;39.7;24.7;601;387;60.8;3.4;454;282;61.7;3.8;1;63;33
8400;68;68;43;1;7;-5;26;0;0;0;0;4;0;19;11;5;12;52;50;51;23;27363;231;0;101.2;2.4;2.9;24.1;33.4;333;482;40.9;-15.0;250;357;41.2;-14.1;0;32;13
8401;80;80;22;4;1;2;5;0;0;0;0;1;1;16;3;2;4;55;50;57;14;9245;245;539;101.5;3.1;2.3;34.7;31.2;182;146;55.5;-25.4;124;101;55.1;-25.8;1;144;61
8403;64;64;40;2;7;-13;42;0;1;0;1;0;0;23;8;4;10;56;52;59;39;26361;1572;1425;99.3;1.8;3.7;20.8;39.7;301;539;35.8;-10.1;216;391;35.6;-9.5;0;398;189
8406;67;67;13;1;4;0;8;0;0;0;1;0;0;6;6;3;15;66;56;77;23;11061;1754;1187;100.9;2.6;2.6;29.6;32.9;148;191;43.7;-1.3;119;154;43.6;-1.1;0;0;0
8408;67;67;40;3;7;-16;26;0;0;0;0;0;0;22;5;5;25;57;52;61;32;27834;3058;189;97.5;2.1;4.1;23.0;36.0;325;514;38.7;-7.0;240;391;38.0;-7.3;0;385;174
8409;82;82;37;5;11;1;12;2;3;0;0;0;0;16;10;0;18;54;52;52;34;19994;1511;341;104.0;2.9;2.7;26.1;38.5;274;386;41.5;-9.1;206;297;41.0;-9.0;2;40;16
8411;84;84;37;2;2;-32;30;0;0;0;0;1;0;33;7;2;10;52;47;60;43;35604;579;4463;96.8;2.0;5.3;21.5;41.8;413;752;35.5;3.2;296;566;34.3;3.1;0;0;0
8412;65;65;35;7;3;-22;8;0;0;0;0;0;0;20;3;5;42;56;54;55;42;23797;1679;2444;96.2;2.3;5.6;26.9;45.7;295;508;36.7;-5.1;227;393;36.6;-4.8;0;31;12
8415;67;67;38;2;0;-15;46;1;0;0;0;4;2;18;3;4;20;51;50;51;17;17596;65;2893;96.0;1.4;4.5;18.2;38.1;188;340;35.6;-9.6;123;264;31.8;-13.6;1;34;8
8416;63;63;7;0;0;-3;2;0;0;0;0;0;0;3;3;1;2;45;47;46;0;6129;19;300;100.5;1.8;3.5;21.7;46.4;72;143;33.5;-14.3;54;109;33.1;-16.6;0;0;0
8417;79;79;38;4;9;-2;51;2;4;0;0;3;2;14;7;3;0;55;51;58;30;19314;2839;576;98.9;2.2;2.6;27.6;28.3;262;300;46.6;-14.0;201;220;47.7;-14.2;2;326;145
8418;76;76;31;3;9;0;8;0;2;0;0;0;0;9;10;5;8;55;52;55;45;21605;733;228;100.0;2.8;2.8;34.0;33.8;372;366;50.4;-9.0;276;276;50.0;-10.8;0;315;146
8419;78;78;40;6;12;-10;18;3;5;0;0;0;0;20;6;7;4;58;56;54;57;27452;3527;629;95.8;2.2;3.5;31.2;31.2;461;423;52.1;-11.6;339;325;51.1;-12.4;0;56;20
8421;64;64;36;4;3;-13;51;1;0;0;0;5;0;13;7;1;5;53;53;48;42;24917;1140;69;98.7;2.3;4.2;23.7;37.9;303;488;38.3;-7.9;225;350;39.1;-6.1;1;20;8
8422;77;77;29;3;2;-34;14;0;0;0;0;0;0;14;18;9;29;52;47;58;29;26289;603;2898;91.8;0.8;5.6;20.1;45.9;265;634;29.5;-3.4;198;463;30.0;-3.1;0;0;0
8425;69;69;22;3;4;-8;26;0;0;0;0;2;0;11;8;2;9;59;51;70;21;20438;72;2860;102.5;1.9;3.3;19.0;43.7;206;454;31.2;0.3;147;361;28.9;-2.3;0;0;0
8428;69;69;32;5;8;-22;8;0;0;0;0;0;0;8;18;5;15;61;54;65;56;31446;992;3775;99.5;2.1;4.6;22.3;47.1;372;683;35.3;5.1;273;537;33.7;4.2;1;0;0
8431;78;78;13;0;2;0;28;0;0;0;0;0;0;10;5;3;19;58;51;70;13;10823;989;1028;102.9;3.7;4.0;29.3;41.6;160;233;40.7;-11.6;117;161;42.1;-11.5;0;0;0
8435;74;74;12;1;3;-2;6;0;0;0;0;0;0;1;4;1;5;54;52;54;7;5708;175;15;99.8;1.9;3.2;20.2;32.8;53;109;32.7;-24.2;41;70;36.9;-20.1;0;12;4
8437;68;68;38;8;17;-1;37;2;7;0;0;1;0;17;6;5;15;58;58;56;69;27068;3848;18;100.6;3.3;3.2;32.6;33.4;456;449;50.4;-4.4;346;353;49.5;-5.1;2;12;5
8440;70;70;37;4;7;17;25;0;0;0;0;1;0;17;12;2;2;55;54;51;55;24393;1280;459;101.9;5.2;2.7;40.9;24.8;497;330;60.1;-6.3;381;235;61.9;-3.8;0;17;6
8443;73;73;33;1;3;-27;45;0;0;0;0;7;2;15;10;3;4;49;50;47;14;21028;142;1505;97.1;1.2;5.8;13.7;50.2;167;564;22.8;-10.7;123;409;23.1;-11.0;0;20;10
8444;64;64;40;3;7;-18;8;0;0;0;0;0;0;13;6;7;6;54;53;53;33;32160;3609;130;101.1;2.8;4.6;21.3;37.9;392;608;39.2;-6.0;283;455;38.3;-6.4;0;45;15
8445;69;69;4;1;1;0;2;0;0;0;0;0;0;1;0;0;0;51;52;45;3;2251;99;80;120.0;3.2;3.2;12.8;64.0;14;70;16.7;-12.2;12;55;17.9;-10.6;1;8;1
8446;66;66;35;3;1;-7;20;0;0;0;0;1;0;17;0;1;5;52;51;49;15;17039;81;284;99.4;3.0;4.4;27.3;38.7;221;357;38.2;-24.3;167;266;38.6;-23.7;0;153;38
8449;72;72;41;18;3;-14;24;8;1;0;0;0;0;19;12;8;25;59;56;60;78;28690;4057;52;96.3;2.3;4.0;27.2;33.5;405;502;44.7;-12.3;311;361;46.3;-9.9;1;31;14
8452;69;69;41;3;2;-32;20;2;0;0;0;2;0;13;4;5;21;51;50;51;12;19011;352;624;96.2;1.1;7.2;14.2;61.0;148;585;20.2;-13.5;104;436;19.3;-13.6;0;81;31
8453;73;73;41;2;5;-28;18;0;0;1;0;0;0;14;10;4;48;50;50;50;26;23433;546;2837;97.5;1.4;5.7;16.0;51.0;186;618;23.1;-15.0;146;455;24.3;-14.3;0;75;14
8454;79;79;4;1;0;2;2;0;0;0;0;0;0;1;2;0;2;61;51;72;4;3262;0;630;101.6;4.4;2.2;36.4;21.0;60;38;61.2;1.2;47;22;68.1;6.5;0;0;0
8455;77;77;40;0;4;-37;21;0;0;0;0;1;0;17;6;5;28;49;50;46;29;22058;180;2307;94.2;2.1;8.2;22.4;53.4;224;578;27.9;-17.5;174;440;28.3;-17.2;0;90;32
8456;67;67;8;1;1;-3;12;0;0;0;0;0;0;5;1;2;3;55;52;51;12;5333;60;301;92.2;1.4;3.4;25.0;25.7;68;85;44.4;-8.2;50;64;43.9;-9.7;0;0;0
8457;76;76;11;0;2;-6;11;0;0;0;0;1;1;7;9;2;19;49;44;56;9;9433;35;1018;97.9;1.9;4.2;23.7;41.2;108;203;34.7;-14.7;84;153;35.4;-12.8;0;0;0
8458;81;81;28;1;0;-22;10;0;0;1;0;0;0;11;8;3;25;50;49;51;9;14664;150;2471;93.8;1.2;6.9;19.6;55.2;143;398;26.4;-19.1;101;305;24.9;-20.1;0;227;93
8459;78;78;22;1;3;-7;47;0;0;0;0;3;0;53;7;7;10;51;49;52;32;19138;503;1911;99.8;3.4;4.7;30.7;41.9;282;400;41.3;-11.8;217;300;42.0;-11.9;0;0;0
8464;82;82;27;3;8;9;10;0;1;0;0;0;0;12;12;1;11;59;54;64;34;26368;1074;2338;110.2;4.4;3.1;24.4;41.1;341;551;38.2;-15.2;253;404;38.5;-14.4;0;0;0
8465;84;84;33;6;5;-26;8;1;2;0;0;0;0;21;9;6;49;57;54;57;37;26525;1810;18;94.3;1.6;5.2;22.4;39.8;322;578;35.8;1.8;250;423;37.1;5.1;0;407;218
8466;74;74;1;0;0;-1;0;0;0;0;0;0;0;2;0;0;0;48;50;43;2;491;0;0;80.0;0.0;7.3;58.7;36.7;13;10;56.5;-26.8;10;6;62.5;-22.4;0;11;2
8468;81;81;40;5;3;-44;14;1;1;0;0;0;0;6;6;5;41;55;52;55;38;28371;2919;205;95.1;1.5;7.0;19.3;54.6;277;782;26.2;-19.7;203;581;25.9;-20.5;0;483;232
8471;65;65;39;10;2;-32;28;2;0;0;0;0;0;10;13;0;19;52;53;48;47;27134;3760;111;96.1;2.7;6.9;24.3;46.4;316;608;34.2;-8.0;242;459;34.5;-7.6;1;17;4
8477;68;68;37;3;3;-8;8;0;0;0;0;0;0;8;13;2;9;53;51;53;33;24387;3018;275;99.5;2.7;3.7;26.1;34.7;338;436;43.7;-9.8;244;337;42.0;-11.2;0;3;1
8478;69;69;41;4;14;-13;32;3;7;0;0;0;0;21;21;3;12;58;53;63;52;37748;7902;1525;101.6;3.1;3.8;25.6;37.0;492;695;41.4;11.2;360;526;40.6;11.3;0;783;355
8479;66;66;38;4;9;9;14;0;0;0;0;0;0;23;17;2;26;52;47;58;46;31879;149;2928;100.1;3.7;2.7;38.8;28.6;629;513;55.1;-5.4;461;372;55.3;-5.2;1;0;0
8481;63;63;4;0;0;0;4;0;0;0;0;0;0;7;1;0;0;59;50;69;4;3682;22;277;91.3;3.9;3.9;41.1;21.5;85;38;69.1;7.4;60;31;65.9;6.9;0;0;0
8483;81;81;37;5;6;-30;25;1;1;0;0;0;0;16;7;5;61;55;53;56;42;23440;2861;257;97.2;1.7;6.0;19.5;52.1;235;618;27.5;-16.3;183;464;28.3;-15.6;1;32;17
8484;73;73;42;3;4;-27;52;0;0;0;0;0;0;33;9;3;24;53;51;50;31;26878;332;2915;98.0;1.6;5.2;17.5;46.6;230;666;25.7;-6.5;176;475;27.0;-5.1;0;378;149
8485;67;67;13;0;0;-5;4;0;0;0;0;0;0;9;10;3;7;48;44;57;10;12165;99;1091;99.1;2.1;3.6;24.0;37.3;153;249;38.1;-8.7;109;180;37.7;-8.3;0;0;0
8486;77;77;42;1;6;-37;24;1;0;0;0;0;0;16;8;1;25;52;51;51;16;27730;1978;1980;99.6;1.3;6.1;11.7;53.0;171;754;18.5;-15.6;135;553;19.6;-14.4;0;93;40
8487;83;83;27;2;3;-26;14;1;1;0;0;0;0;22;15;4;12;54;49;62;28;25049;1412;2574;101.0;2.4;6.3;19.4;54.3;247;672;26.9;-12.4;180;508;26.2;-12.0;0;0;0
8489;84;84;40;2;0;-18;10;0;0;0;0;0;0;17;2;1;9;47;49;44;15;19553;8;412;106.4;2.0;5.3;13.3;60.4;143;597;19.3;-17.4;102;452;18.4;-17.2;0;257;54
8497;82;82;38;7;20;8;83;2;7;0;0;9;2;23;15;6;44;67;59;75;97;36673;8223;2497;105.1;4.1;3.2;28.8;35.1;570;648;46.8;-4.8;398;492;44.7;-6.9;0;1;1
8501;77;77;40;2;6;-28;14;0;0;0;0;0;0;13;12;12;57;52;50;54;27;24027;1379;3051;96.9;1.8;5.8;19.9;48.1;214;616;25.8;-11.1;170;453;27.3;-9.7;0;23;7
8504;68;68;43;3;4;-7;4;0;0;0;0;0;0;16;4;7;10;51;50;51;27;19924;121;2035;102.4;2.7;4.0;24.0;44.6;228;461;33.1;-23.8;184;358;33.9;-22.5;0;180;76
8507;66;66;41;2;5;-2;10;0;0;0;1;0;0;15;7;3;6;52;51;48;25;20275;33;88;105.1;3.7;4.3;24.3;41.7;227;449;33.6;-30.0;186;331;36.0;-27.4;0;36;14
8508;79;79;5;0;3;1;6;0;0;0;0;0;0;2;1;2;3;63;59;62;7;4090;248;506;98.6;4.4;3.5;37.0;26.4;74;74;50.0;-2.7;56;50;52.8;0.5;0;3;2
8510;74;74;38;5;14;23;22;0;0;0;0;2;1;36;11;9;27;61;56;63;46;25627;227;5616;105.4;5.2;2.1;37.2;24.6;473;342;58.0;-3.5;358;239;60.0;-2.2;2;173;51
8513;64;64;20;2;9;0;38;1;2;0;0;0;0;10;6;2;17;61;56;67;22;16960;1425;2092;108.8;3.8;3.8;21.4;42.2;199;351;36.2;-10.6;134;270;33.2;-12.4;0;0;0
8516;69;69;18;0;3;-4;19;0;0;0;0;1;1;7;7;1;5;52;48;59;8;14402;316;1853;102.4;2.5;3.5;24.2;44.2;172;305;36.1;-14.6;123;237;34.2;-16.4;0;26;6
8517;64;64;17;2;5;-7;19;1;1;0;0;3;0;14;2;4;20;63;55;71;23;15230;1277;1047;102.1;2.4;4.0;21.3;44.4;154;356;30.2;-17.9;121;259;31.8;-15.0;0;0;0
8518;64;64;9;0;1;-1;4;0;0;0;0;0;0;7;1;2;11;61;50;75;6;6790;169;709;105.8;1.6;2.1;14.3;40.3;70;136;34.0;-4.6;45;107;29.6;-6.8;0;1;1
8519;73;73;42;2;8;-47;62;0;1;0;0;9;1;45;14;10;62;60;56;61;70;36294;3011;3807;92.3;1.1;5.6;19.0;41.3;352;761;31.6;-1.7;266;553;32.5;-1.1;0;71;30
8522;82;82;34;8;16;3;38;4;8;0;0;2;1;14;9;4;13;61;58;62;54;19184;6782;0;105.0;4.5;3.6;30.4;36.4;289;360;44.5;-6.2;211;263;44.5;-5.7;2;26;10
8523;112;112;10;0;0;-6;0;0;0;0;0;0;0;2;4;0;4;50;50;47;3;4045;83;184;87.8;0.0;5.3;23.1;43.6;48;95;33.6;-30.1;35;68;34.0;-29.6;0;8;2
8524;108;108;22;0;6;5;24;0;0;0;0;0;0;8;3;0;1;52;52;49;17;19086;80;1998;105.6;4.1;3.2;28.3;35.5;290;369;44.0;-15.0;206;271;43.2;-14.5;0;0;0
8525;119;119;35;8;5;-19;27;0;0;1;1;1;0;25;4;8;26;56;54;53;43;28005;2359;2066;96.4;2.4;5.1;23.3;36.4;315;549;36.5;1.7;237;389;37.9;2.0;0;58;23
8526;118;118;32;2;2;-5;12;0;0;0;0;0;0;18;4;2;5;56;50;56;16;14114;155;130;97.6;1.3;2.6;24.2;33.2;191;254;42.9;-18.3;131;190;40.8;-19.7;0;173;79
8527;108;108;5;0;0;-2;0;0;0;0;0;0;0;1;2;0;2;51;49;52;1;1660;0;0;97.6;2.2;6.5;15.2;39.0;14;36;28.0;-21.1;10;22;31.3;-15.7;0;19;5
8528;114;114;35;3;9;18;69;0;1;0;1;6;1;59;17;9;15;62;50;75;47;31582;1277;4037;103.4;3.9;1.9;35.0;25.3;562;436;56.3;0.2;418;327;56.1;0.1;0;2;1
8530;111;111;13;2;0;1;2;0;0;0;0;0;0;3;1;1;3;53;50;54;5;5369;0;39;109.3;4.0;3.4;22.8;40.2;63;111;36.2;-25.3;43;77;35.8;-24.6;0;5;3
8531;112;112;37;10;15;22;33;0;1;0;1;2;0;45;12;10;18;61;60;56;72;33572;1216;1884;101.9;4.5;2.3;37.2;22.1;683;369;64.9;11.9;486;267;64.5;11.9;0;29;9
8532;119;119;30;1;9;-17;22;0;2;0;0;0;0;20;10;0;10;55;53;55;43;24748;4529;816;93.7;1.6;3.9;29.8;33.7;343;423;44.8;13.7;269;312;46.3;14.1;0;9;2
8533;116;116;24;1;1;-6;7;0;0;0;0;1;0;3;6;2;6;52;50;54;8;10331;86;4;103.8;2.4;4.5;17.4;44.3;86;244;26.1;-16.9;64;174;26.9;-16.9;0;31;12
8534;116;116;36;4;7;0;6;0;0;0;0;0;0;9;2;2;9;55;52;56;23;14712;422;252;99.5;3.7;3.7;31.1;29.9;229;207;52.5;-15.1;172;152;53.1;-13.6;2;188;82
8536;114;114;30;1;7;12;28;0;0;0;1;2;1;20;8;4;10;54;47;62;30;25776;658;3064;104.3;3.6;2.1;30.7;27.8;421;384;52.3;-4.4;318;279;53.3;-2.6;0;0;0
8537;115;115;27;8;4;-3;14;1;1;0;0;0;0;14;14;3;5;55;51;58;38;24310;1358;3609;103.6;2.8;3.4;21.6;36.1;277;466;37.3;-3.6;194;352;35.5;-6.0;0;0;0
8539;115;115;26;4;12;2;25;1;0;0;0;3;0;19;7;5;12;58;57;53;40;22007;1440;314;102.3;4.3;3.8;30.8;32.7;352;385;47.8;0.4;255;292;46.6;-0.8;0;329;146
8540;114;114;36;4;9;-1;6;0;2;0;0;0;0;14;3;5;40;62;53;70;39;16543;2007;2774;101.6;3.5;3.7;28.7;35.3;219;294;42.7;-15.7;169;220;43.4;-14.8;1;63;37
8541;106;106;19;0;2;5;25;0;0;0;0;3;0;39;6;1;3;57;49;69;18;16157;146;1979;103.2;3.1;2.0;29.9;27.6;266;237;52.9;-1.1;195;165;54.2;-0.7;0;0;0
8542;107;107;36;4;7;-19;28;2;2;0;0;0;0;16;13;4;8;57;52;60;57;30555;8762;320;97.0;2.2;4.1;24.5;33.9;388;552;41.3;5.1;286;385;42.6;6.2;0;622;254
8543;107;107;34;0;2;-28;8;0;0;0;0;0;0;18;7;2;4;55;52;54;21;21785;2297;1586;91.1;1.5;5.8;20.7;35.9;240;404;37.3;-1.3;175;300;36.8;-2.5;0;106;37
8544;121;121;21;2;0;-19;36;0;0;0;0;2;0;6;6;4;23;54;49;59;12;16540;508;1528;101.8;2.4;6.5;17.4;54.4;131;462;22.1;-6.1;103;344;23.0;-5.2;0;0;0
8546;122;122;32;3;6;-18;26;0;3;0;0;0;0;33;15;13;41;64;51;81;60;32254;6501;5920;100.4;2.3;4.0;21.5;38.2;369;632;36.9;0.5;273;468;36.8;0.3;0;0;0
8547;119;119;33;4;3;-10;34;0;1;0;0;2;0;9;7;3;28;52;51;52;22;19969;736;874;99.9;2.0;4.1;19.7;40.6;193;447;30.2;-16.9;144;319;31.1;-15.9;0;49;26
8548;111;111;29;2;4;-6;6;0;0;0;0;0;0;3;0;0;7;53;51;51;12;13286;147;50;102.0;3.3;4.9;21.9;38.2;163;239;40.5;-21.7;112;186;37.6;-24.4;0;1;0
8555;121;121;36;5;7;-33;18;2;6;0;0;0;0;14;7;11;34;61;57;64;42;30914;7334;2912;96.8;1.2;4.7;15.1;42.7;256;741;25.7;-2.7;187;527;26.2;-2.6;0;79;27
8556;121;121;32;4;6;-35;18;1;1;0;0;0;0;24;7;11;111;61;55;66;42;29543;3185;2762;98.5;1.8;5.8;17.1;48.0;241;748;24.4;-4.6;183;546;25.1;-4.1;0;0;0
8563;121;121;32;2;2;-23;18;0;0;0;0;2;0;13;5;7;39;53;50;56;14;19045;2046;117;96.6;0.9;5.3;13.0;49.9;131;529;19.8;-11.2;95;373;20.3;-11.3;0;22;7
8567;117;117;35;9;10;-11;24;1;2;0;0;0;0;36;9;3;30;63;58;67;46;24694;2526;2862;95.1;2.5;4.2;28.1;30.9;350;392;47.2;-19.1;257;296;46.5;-19.3;0;360;199
8568;112;112;11;0;2;-3;6;0;0;0;0;0;0;5;2;0;8;57;51;66;7;9076;0;758;100.9;3.2;4.4;28.2;42.0;132;179;42.4;-7.9;104;137;43.2;-6.6;0;0;0
8572;122;122;20;0;0;-19;2;0;0;0;0;0;0;18;6;1;4;49;49;48;16;18606;434;1866;94.1;0.6;4.3;17.2;46.0;175;456;27.7;-8.2;136;327;29.4;-6.6;0;0;0
8575;113;113;8;0;0;-4;6;0;0;0;0;0;0;2;1;0;5;51;50;50;5;3974;0;75;93.9;0.9;4.5;17.2;39.9;49;81;37.7;-5.9;37;60;38.1;-6.6;0;2;1
8578;105;105;16;0;3;-10;2;0;0;0;0;0;0;6;2;0;3;50;51;46;3;8086;83;171;103.2;1.8;6.2;11.1;48.5;52;213;19.6;-21.9;37;152;19.6;-21.8;0;135;53
8580;111;111;34;5;2;-5;22;1;0;0;0;0;0;15;16;1;35;56;54;58;64;32114;3258;2811;98.4;3.0;3.6;30.6;31.3;531;511;51.0;-12.2;378;373;50.3;-11.7;0;0;0
8584;115;115;28;1;5;-17;6;0;1;0;0;0;0;10;2;4;20;53;51;53;16;11397;1303;240;96.1;1.9;6.9;18.6;49.3;126;294;30.0;-20.6;92;216;29.9;-21.0;0;44;26
8585;117;117;11;2;4;4;8;0;0;0;0;0;0;6;2;0;1;57;54;59;12;8575;0;780;98.7;5.9;4.2;42.4;27.7;192;98;66.2;-1.9;141;84;62.7;-5.6;0;0;0
8588;110;110;1;0;0;-1;0;0;0;0;0;0;0;1;0;1;1;62;50;70;1;708;0;93;80.0;0.0;5.1;10.2;25.4;4;10;28.6;-20.6;4;7;36.4;-11.6;0;1;1
8589;111;111;3;0;0;-3;0;0;0;0;0;0;0;2;0;0;0;50;50;50;1;1541;20;0;87.0;0.0;7.0;16.4;53.7;11;47;19.0;-33.1;8;34;19.0;-30.7;0;0;0
8591;116;116;31;4;6;14;43;0;1;0;0;3;1;22;12;1;6;57;54;58;52;26306;930;2293;101.2;5.1;3.0;41.6;27.5;531;359;59.7;-11.1;405;268;60.2;-9.9;0;1;0
8593;122;122;35;5;7;-26;25;1;2;0;0;1;0;19;4;8;12;55;52;56;32;24688;3318;371;99.6;1.9;5.5;16.3;46.1;217;586;27.0;-11.3;159;432;26.9;-11.7;0;369;164
8594;113;113;20;1;5;-5;4;0;3;0;0;0;0;7;1;2;9;55;53;56;20;9121;1275;207;99.5;2.0;3.6;22.1;37.5;101;196;34.0;-13.8;75;134;35.9;-11.9;1;3;0
8596;113;113;23;2;3;-9;12;1;0;0;0;0;0;17;4;3;16;54;53;50;22;13827;372;153;97.2;2.3;4.7;25.5;39.1;161;304;34.6;-11.4;124;218;36.3;-9.5;2;40;15
8597;109;109;34;1;4;-4;22;1;0;0;0;0;0;16;8;2;2;51;50;49;22;21122;599;0;96.4;3.4;4.1;32.9;29.3;364;311;53.9;-7.9;276;231;54.4;-7.5;0;4;0
8599;105;105;24;1;6;7;20;0;0;0;0;0;0;7;9;4;18;56;51;65;31;20218;234;2117;100.9;5.0;3.7;39.0;31.5;350;328;51.6;-16.1;280;245;53.3;-12.9;0;2;1
8600;111;111;3;0;0;-2;2;0;0;0;0;0;0;0;0;0;1;57;50;54;2;1431;0;0;100.0;2.5;7.5;10.1;30.2;17;27;38.6;-21.0;8;22;26.7;-34.0;0;3;0
8601;120;120;37;3;4;-2;14;0;1;0;0;0;0;10;1;3;7;55;52;54;28;17282;945;10;97.7;2.5;2.9;28.3;26.2;271;234;53.7;-10.4;193;173;52.7;-11.2;0;1;0
8602;112;112;36;8;2;12;12;0;0;1;0;0;0;26;16;4;6;54;51;55;35;26294;158;5541;102.0;3.6;2.3;32.6;26.0;438;340;56.3;-0.3;322;254;55.9;-0.1;0;113;45
8603;114;114;20;1;2;3;32;0;0;0;0;4;0;35;7;0;8;56;49;65;28;17026;93;1859;101.8;2.5;1.9;32.6;31.5;301;288;51.1;-9.9;221;218;50.3;-10.0;1;0;0
8606;114;114;36;6;6;-8;31;0;3;0;0;1;0;15;8;3;30;62;54;70;52;19792;8558;1;99.7;2.4;3.6;25.6;38.2;252;422;37.4;-23.4;192;311;38.2;-22.3;1;32;17
8609;112;112;33;7;4;1;43;4;1;0;0;1;0;22;9;5;5;59;56;62;41;23362;6002;2;99.5;2.6;2.3;32.7;27.3;389;339;53.4;4.4;288;256;52.9;3.3;1;1;1
8613;112;112;10;1;2;-4;11;0;0;0;0;1;1;8;2;3;4;55;52;54;14;8649;392;667;99.1;2.1;3.7;23.7;38.7;121;168;41.9;-13.5;89;125;41.6;-12.3;0;0;0
8615;119;119;34;3;3;-23;24;0;0;0;0;0;0;11;10;7;8;52;52;53;31;25023;30;1341;97.1;1.4;4.9;17.6;44.0;210;587;26.3;-11.0;163;425;27.7;-10.5;0;324;138
8616;108;108;14;4;6;6;6;0;1;0;0;0;0;5;3;0;6;54;55;49;21;10715;1138;277;107.0;6.0;4.0;32.6;34.9;176;200;46.8;-6.0;132;146;47.5;-4.8;1;182;69
8618;111;111;2;0;1;2;2;0;0;0;0;0;0;4;0;0;0;58;52;66;0;1751;0;204;112.2;8.2;4.1;37.0;41.1;33;33;50.0;-15.6;25;25;50.0;-14.7;0;0;0
8619;105;105;36;5;7;-4;54;0;4;0;0;0;0;15;11;9;29;63;55;73;67;37907;6417;6304;104.1;2.9;3.4;22.4;38.0;468;740;38.7;-0.5;325;543;37.4;-3.1;1;3;1
8622;115;115;19;0;0;-5;4;0;0;0;0;0;0;6;3;0;3;53;49;52;3;7138;15;27;95.8;0.5;3.0;18.2;43.4;77;177;30.3;-23.1;53;122;30.3;-22.5;0;94;33
8623;118;118;19;0;1;-3;2;0;0;0;0;0;0;1;1;0;3;52;49;53;5;5932;0;61;98.8;1.8;3.6;20.6;36.4;67;109;38.1;-22.4;48;87;35.6;-24.7;0;47;24
8625;106;106;27;0;1;-5;2;0;0;0;0;0;0;9;10;4;18;52;49;58;14;13445;309;1860;100.6;3.2;4.8;22.8;35.6;157;267;37.0;-10.9;112;187;37.5;-10.6;0;13;3
8630;107;107;11;1;1;-10;6;0;0;0;0;0;0;7;2;0;3;56;52;56;7;7766;2638;157;96.2;1.4;5.6;16.2;45.0;68;161;29.7;-4.3;56;120;31.8;-2.6;0;4;2
8631;113;113;25;1;0;-11;10;0;0;0;0;0;0;5;4;2;15;54;50;54;11;10255;351;90;94.7;0.7;4.6;15.1;46.0;98;243;28.7;-15.4;64;186;25.6;-18.2;0;63;31
8633;115;115;29;2;7;-11;12;0;0;0;0;0;0;18;4;5;23;56;51;51;22;18808;0;14;99.9;2.5;4.6;23.0;42.1;221;395;35.9;-12.9;155;295;34.4;-14.7;0;0;0
8634;111;111;18;1;0;-6;10;0;0;0;0;0;0;9;9;1;0;52;49;55;23;16323;5;1155;96.0;2.9;4.2;34.2;34.0;287;261;52.4;-12.4;209;204;50.6;-13.4;0;0;0
8635;118;118;15;1;3;0;15;0;1;0;0;1;0;10;2;1;1;60;54;67;19;13557;721;1411;100.4;2.4;2.4;33.5;35.3;227;241;48.5;-7.4;170;183;48.2;-7.3;0;0;0
8646;122;122;34;6;5;-26;20;3;1;0;0;0;0;17;7;7;39;55;52;56;38;20971;2620;0;98.6;1.7;6.0;16.7;51.5;189;559;25.3;-12.9;141;412;25.5;-13.1;0;32;14
8647;115;115;37;2;9;-3;37;0;2;0;0;1;0;21;20;6;26;60;51;71;44;35695;1418;3375;102.9;3.7;3.9;27.0;36.1;510;661;43.6;-4.5;376;489;43.5;-4.5;0;0;0
8648;113;113;7;0;0;-3;2;0;0;0;0;0;0;3;3;0;9;56;51;63;2;3276;345;200;94.0;0.0;3.3;9.9;54.9;20;93;17.7;-23.6;17;67;20.2;-22.2;0;6;3
8649;108;108;22;1;6;5;4;0;0;0;0;0;0;8;6;0;13;59;53;64;20;18782;476;1839;103.1;4.6;3.6;32.4;32.8;294;346;45.9;-9.7;211;250;45.8;-8.9;0;2;2
8652;120;120;1;0;0;0;0;0;0;0;0;0;0;0;1;0;0;47;45;48;1;438;0;41;100.0;0.0;0.0;32.9;41.1;7;10;41.2;-31.8;4;8;33.3;-35.4;0;0;0
8653;111;111;21;1;3;-4;6;0;0;0;0;0;0;5;2;1;13;54;51;55;9;8756;12;107;99.0;2.5;4.1;25.1;37.8;117;180;39.4;-19.8;85;127;40.1;-18.2;1;38;17
8655;119;119;37;3;4;-22;6;0;0;0;0;0;0;17;11;3;10;50;50;47;21;24944;1202;453;99.0;1.7;4.8;17.2;43.0;232;553;29.6;-6.6;173;399;30.2;-7.2;0;38;16
8656;119;119;33;2;2;-26;2;0;0;0;0;0;0;6;9;3;25;48;50;45;16;22087;378;1063;97.1;1.5;5.7;15.5;46.1;177;515;25.6;-10.4;138;387;26.3;-11.4;0;184;71
8657;109;109;36;4;4;-33;18;1;2;1;0;0;0;8;4;7;69;57;52;61;36;21564;3639;1166;92.2;0.8;6.3;14.7;47.1;186;551;25.2;-16.1;129;392;24.8;-16.7;1;171;88
8661;115;115;23;1;1;-12;6;0;0;0;0;0;0;9;7;3;6;53;49;53;12;13699;193;44;95.1;1.6;4.7;20.8;37.8;154;269;36.4;-15.0;107;197;35.2;-15.6;0;125;52
8662;108;108;13;0;1;-1;2;0;0;0;0;0;0;2;1;0;5;53;49;53;3;4693;37;214;106.1;2.3;3.1;16.1;37.6;38;96;28.4;-26.0;29;68;29.9;-23.4;0;43;15
8663;122;122;26;1;5;-10;29;0;3;0;0;1;0;13;14;5;14;61;50;74;35;24740;2395;2680;98.8;2.0;3.5;24.9;37.4;317;473;40.1;2.0;235;342;40.7;1.8;0;0;0
8665;107;107;36;5;9;5;18;0;0;0;0;0;0;17;14;2;33;59;51;59;35;26052;1378;326;103.6;3.6;2.9;27.1;30.0;348;444;43.9;-14.8;261;324;44.6;-13.9;0;362;167
8666;112;112;37;0;2;-21;19;0;0;0;0;1;0;18;2;1;8;53;51;51;10;15088;884;137;91.2;1.2;6.2;21.0;42.7;177;346;33.8;-27.1;124;253;32.9;-27.6;0;24;11
8667;100;100;36;2;2;-25;26;0;0;0;1;0;0;17;11;7;33;55;49;65;36;32501;409;4867;95.1;2.1;5.1;24.8;38.2;427;622;40.7;-9.0;310;470;39.7;-10.3;1;0;0
8668;111;111;32;5;8;-3;23;1;3;0;0;1;0;38;11;4;19;58;55;57;60;31149;1775;2874;99.7;3.6;3.9;30.6;32.7;481;515;48.3;-14.0;364;383;48.7;-11.9;2;0;0
8669;109;109;24;1;9;-2;30;0;0;0;0;0;0;7;5;10;26;62;54;71;26;20647;191;1820;99.3;3.1;3.5;28.8;30.0;324;323;50.1;-13.7;228;239;48.8;-15.5;0;0;0
8671;103;103;29;5;4;20;18;0;0;1;0;0;0;11;4;4;8;59;53;65;52;27186;581;2530;102.7;4.4;1.7;40.9;21.5;588;291;66.9;6.3;446;217;67.3;6.0;1;0;0
8673;89;89;38;5;4;-19;63;1;1;1;0;1;0;29;21;16;26;53;49;57;72;41261;4849;7991;98.3;2.9;4.6;27.1;37.6;567;818;40.9;1.7;420;621;40.3;1.9;0;0;0
8674;98;98;35;0;1;-13;16;0;0;0;0;0;0;20;15;10;52;53;47;61;23;32054;367;3206;97.0;1.9;3.6;27.7;36.3;482;611;44.1;-1.5;355;437;44.8;-1.2;0;0;0
8675;90;90;25;2;2;-6;20;0;0;0;0;0;0;14;20;8;28;55;47;66;21;25958;69;3046;97.5;3.3;4.2;28.7;29.5;429;400;51.7;0.4;310;289;51.8;-0.1;0;0;0
8676;118;118;28;2;11;15;25;0;1;0;0;1;0;9;7;2;22;60;57;61;61;28149;3120;2678;101.2;4.0;2.0;38.8;22.6;544;354;60.6;0.4;413;255;61.8;2.6;1;0;0
8677;108;108;27;3;8;-1;18;0;0;0;0;0;0;14;8;9;16;58;51;69;26;22902;115;3299;101.5;3.8;3.9;27.5;32.2;342;400;46.1;-10.0;245;289;45.9;-9.9;0;0;0
8678;106;106;28;3;8;5;2;0;1;0;0;0;0;10;9;5;18;62;53;71;35;22858;1006;2359;104.5;3.3;2.5;26.1;31.0;307;407;43.0;-9.1;222;284;43.9;-8.2;1;0;0
8679;101;101;27;1;6;-22;23;0;1;0;0;1;0;18;8;3;20;51;50;48;23;24444;221;1525;95.3;2.4;5.6;22.4;36.7;318;473;40.2;-7.9;220;348;38.7;-9.9;0;0;0
8680;93;93;35;2;8;-16;26;0;0;0;0;0;0;21;14;5;18;55;47;67;48;35674;1487;5883;98.5;3.7;5.3;27.1;35.1;479;659;42.1;8.2;370;491;43.0;9.6;0;0;0
8681;110;110;32;5;10;17;16;0;0;0;2;0;0;17;10;1;23;52;50;51;49;32389;615;3518;101.1;4.8;3.0;36.3;24.9;592;448;56.9;-0.1;433;311;58.2;0.6;2;0;0
8682;88;88;33;2;8;-3;14;0;0;0;0;0;0;9;13;4;17;54;51;58;39;30306;511;2625;96.2;3.8;4.3;36.7;30.2;567;445;56.0;-4.1;410;333;55.2;-4.7;0;0;0
8683;100;100;36;2;6;-5;74;0;1;0;0;6;1;34;12;5;16;58;47;73;29;32293;787;5029;98.3;3.1;3.7;30.0;30.4;500;538;48.2;1.8;373;385;49.2;3.4;0;1;1
8690;108;108;36;2;18;2;20;0;0;0;0;0;0;24;11;15;15;59;57;56;47;34366;2216;6164;100.1;4.9;4.4;33.1;29.8;565;532;51.5;-2.5;420;388;52.0;-1.1;0;0;0
8692;109;109;15;0;0;-1;0;0;0;0;0;0;0;3;3;2;7;53;49;55;9;8083;47;1248;96.4;1.8;3.1;25.8;29.8;122;134;47.7;-16.3;85;96;47.0;-17.2;0;9;2
8693;105;105;36;4;8;-23;44;1;2;0;0;0;0;45;12;5;22;58;56;56;69;38885;5299;3880;98.7;2.6;4.4;24.6;37.7;510;734;41.0;3.1;365;547;40.0;0.9;1;0;0
8694;114;114;7;0;1;-4;2;0;1;0;0;0;0;1;1;1;9;56;50;62;7;6136;200;247;99.1;2.3;4.7;22.3;41.1;64;132;32.7;-7.1;51;94;35.2;-5.3;0;0;0
8696;102;102;31;9;10;28;8;0;1;1;0;0;0;26;3;2;2;63;61;62;62;30502;1263;3923;104.5;5.1;1.9;40.7;23.7;682;367;65.0;3.5;496;280;63.9;4.3;0;0;0
8697;93;93;34;4;9;-21;14;2;2;0;0;0;0;15;16;7;27;57;49;68;39;32037;5016;2747;101.0;3.3;5.6;24.3;45.3;380;724;34.4;-2.7;289;563;33.9;-3.5;0;0;0
8698;65;65;40;6;6;-23;14;0;1;0;0;0;0;21;4;6;18;53;52;53;28;21542;227;1609;96.5;2.0;5.8;19.6;42.6;240;477;33.5;-7.9;172;344;33.3;-7.8;1;336;165
8699;98;98;30;3;4;-17;10;0;0;0;1;0;0;22;8;7;6;51;50;51;37;26503;605;2441;95.5;1.9;4.3;26.1;36.8;374;533;41.2;-5.8;264;373;41.4;-6.0;0;1;0
8700;71;71;38;2;11;-21;26;0;1;0;0;0;0;10;9;3;19;53;54;47;29;24906;1161;484;98.8;3.2;6.2;23.1;41.5;280;538;34.2;-7.5;214;403;34.7;-6.4;0;40;13
8702;107;107;11;0;1;-13;2;0;0;0;0;0;0;7;4;1;8;51;51;48;8;9212;283;1054;96.4;1.6;6.3;15.6;46.1;79;221;26.3;-13.5;58;162;26.4;-13.2;0;0;0
8704;111;111;34;2;7;13;10;0;0;1;0;0;0;20;8;2;2;61;54;68;49;31995;692;3311;102.7;3.8;2.5;33.6;28.7;566;470;54.6;0.5;406;346;54.0;0.2;0;0;0
8705;122;122;26;0;2;-28;18;0;0;0;0;0;0;24;4;7;23;62;52;72;23;24267;1841;2162;91.4;1.0;5.0;22.1;38.0;294;480;38.0;2.4;214;346;38.2;2.5;0;0;0
8706;77;77;32;1;4;-31;6;0;2;0;0;0;0;9;12;7;24;52;50;53;30;29830;2010;2180;94.3;2.1;5.7;25.5;41.3;377;638;37.1;3.0;294;474;38.3;3.8;0;0;0
8707;78;78;32;0;2;-28;20;0;0;0;0;0;0;16;8;6;32;55;49;63;15;29579;1278;3139;98.7;1.9;5.2;20.0;47.5;328;718;31.4;-5.1;234;545;30.0;-6.0;0;0;0
8708;72;72;40;5;8;-3;22;0;1;0;0;0;0;17;7;7;28;58;51;64;70;40684;1381;4438;96.8;3.5;3.8;32.0;26.6;684;575;54.3;1.4;510;431;54.2;1.7;1;0;0
8709;65;65;33;4;7;-18;12;0;1;0;0;0;0;24;15;12;27;54;51;56;36;30886;246;5412;100.0;3.0;5.2;23.7;41.0;369;626;37.1;0.0;275;477;36.6;-0.6;0;3;1
8710;71;71;36;4;8;-26;28;0;0;0;0;0;0;37;7;13;17;58;54;59;46;37458;1209;3116;97.8;2.4;4.9;24.4;40.7;450;759;37.2;-1.5;329;573;36.5;-2.0;1;0;0
8712;84;84;39;1;5;-30;8;0;0;0;0;0;0;19;13;7;43;55;48;64;24;36749;1064;3038;98.5;2.2;5.0;21.0;42.5;438;789;35.7;4.4;318;613;34.2;3.7;0;0;0
8713;67;67;34;0;4;-9;29;0;0;0;0;0;0;11;1;7;5;54;51;55;22;15838;861;350;96.4;1.4;3.4;22.5;35.5;182;309;37.1;-7.9;127;233;35.3;-9.6;0;205;118
8714;65;65;37;5;5;-29;22;1;1;0;0;0;0;18;6;3;24;55;53;53;39;26579;2651;1014;96.8;2.6;6.4;22.9;44.2;302;587;34.0;-7.1;231;444;34.2;-6.8;0;419;204
8715;79;79;39;6;4;-7;13;0;0;0;0;1;0;12;7;3;4;55;53;51;41;24608;1069;118;97.2;2.8;3.8;27.1;29.1;345;407;45.9;-8.0;256;306;45.6;-8.9;1;43;19
8718;99;99;12;2;1;4;2;1;0;0;0;0;0;8;5;3;2;51;47;57;18;10490;404;1073;102.9;3.4;2.4;32.3;31.2;147;169;46.5;-3.2;116;119;49.4;1.0;0;22;2
8719;65;65;28;1;5;-19;12;0;1;0;0;0;0;23;13;2;29;61;53;67;42;25503;2825;2489;98.3;2.3;4.9;27.0;48.8;320;618;34.1;-6.1;256;473;35.1;-4.6;0;1;0
8720;118;118;18;0;4;-4;20;0;2;0;1;0;0;4;2;1;6;59;54;65;20;15161;1176;1635;95.7;2.6;3.3;37.3;29.4;280;214;56.7;-4.1;206;161;56.1;-3.7;0;0;0
8722;90;90;18;2;6;0;18;0;0;0;0;0;0;10;4;2;5;58;51;63;24;14978;972;1248;99.5;4.8;4.8;34.9;33.6;266;249;51.7;4.3;198;180;52.4;4.4;0;1;1
8723;94;94;35;3;7;4;24;0;0;0;0;0;0;15;8;2;7;49;47;52;44;34235;310;3571;100.4;4.0;3.6;32.6;30.2;560;506;52.5;1.1;423;384;52.4;0.4;0;0;0
8724;71;71;28;3;4;-11;6;0;0;0;0;0;0;8;4;4;5;54;52;52;23;12209;564;69;95.8;3.5;6.8;26.2;38.3;170;218;43.8;-8.5;128;165;43.7;-7.7;0;151;50
8725;65;65;40;7;21;5;58;2;7;0;0;0;0;43;16;3;11;61;59;59;69;38024;7547;3000;103.9;4.3;3.4;31.1;34.7;591;641;48.0;11.9;441;490;47.4;11.3;1;29;9
8727;87;87;25;1;7;3;29;0;0;0;0;0;0;17;10;2;11;61;54;67;28;20801;1084;1433;104.4;2.8;2.1;26.5;34.3;277;386;41.8;-14.0;211;279;43.1;-12.5;0;4;2
8728;118;118;10;0;0;0;6;0;0;0;0;0;0;11;5;0;2;52;46;63;6;8082;104;1613;98.7;1.8;2.2;28.5;29.4;137;118;53.7;-5.3;89;93;48.9;-10.0;0;0;0
8730;125;124;17;3;9;-3;4;2;2;0;0;0;0;14;2;6;22;69;60;77;44;16677;4179;769;99.8;3.7;4.1;32.2;35.2;259;285;47.6;1.1;197;219;47.4;2.7;0;0;0
8731;70;0;3;2;2;0;0;1;1;0;0;0;0;4;3;1;1;67;63;66;9;2514;555;394;91.9;4.3;4.3;55.8;27.2;65;34;65.7;-12.7;52;27;65.8;-13.3;1;0;0
8732;67;67;35;9;23;11;40;5;8;0;0;4;2;44;9;14;23;75;66;79;76;31116;8036;5600;101.9;3.5;2.1;31.2;22.7;514;388;57.0;14.9;384;288;57.1;15.9;1;716;370
8733;114;3;32;29;27;14;69;16;14;1;0;7;6;47;12;23;61;95;85;95;175;29925;10046;4430;99.5;3.6;1.9;40.5;20.5;653;317;67.3;16.2;468;245;65.6;13.7;5;778;479
8734;65;65;16;5;16;6;40;1;5;0;0;6;3;39;4;11;80;87;74;93;61;16324;3757;2441;104.8;4.6;2.9;32.6;30.7;266;258;50.8;13.3;196;183;51.7;14.2;0;0;0
8735;94;20;23;27;27;17;35;10;9;0;0;3;1;43;9;8;32;95;90;92;141;21838;5745;1613;98.4;5.8;3.0;44.7;20.4;501;233;68.3;19.6;385;168;69.6;20.7;5;85;51
8736;31;31;42;5;12;-6;12;1;1;0;0;0;0;37;20;22;31;61;56;65;48;30370;2405;1832;97.4;3.3;4.0;37.7;35.4;492;485;50.4;3.7;372;350;51.5;5.6;1;465;238
8737;112;112;37;40;37;40;44;15;13;1;2;6;2;67;14;27;39;90;83;90;215;36219;10963;2945;103.9;5.6;1.7;44.2;19.4;832;339;71.1;22.0;605;254;70.4;21.8;8;727;435
8738;111;17;27;22;25;19;43;11;9;0;0;0;0;21;8;5;29;81;79;80;157;25989;6087;2066;96.4;5.3;2.6;48.3;18.1;635;250;71.8;18.4;478;192;71.3;19.5;3;101;47
8739;7;7;43;7;25;3;8;2;11;1;0;0;0;63;12;33;42;65;64;64;137;46916;7678;1986;100.4;3.9;3.5;35.9;33.6;768;669;53.4;3.4;556;516;51.9;1.5;1;0;0
8740;68;1;43;34;54;34;38;12;22;0;0;0;0;73;16;26;64;83;80;83;196;42169;9436;4327;103.4;5.3;2.2;39.9;22.5;908;483;65.3;18.4;666;358;65.0;18.4;5;951;604
8741;81;81;41;26;36;-1;60;11;15;0;3;6;2;64;13;28;81;87;79;89;180;40792;8919;5685;97.2;3.4;3.5;34.4;27.6;767;555;58.0;25.7;574;404;58.7;26.3;1;385;224
8742;120;120;37;8;23;29;26;0;7;0;0;2;0;65;13;37;97;83;60;94;89;40256;4977;6791;100.3;4.5;2.0;39.0;17.6;822;363;69.4;10.9;598;264;69.4;11.2;3;0;0
8743;63;63;42;40;56;49;45;12;24;0;1;5;2;53;17;38;66;93;88;92;256;42583;11539;5245;99.5;6.3;1.9;51.7;15.4;1135;324;77.8;24.4;848;255;76.9;23.3;3;143;66
8744;91;91;36;43;50;47;41;19;17;0;2;1;1;52;17;26;47;94;88;95;245;37537;9498;5944;99.6;6.3;1.9;52.3;15.3;954;290;76.7;26.2;727;215;77.2;25.8;8;930;543
8746;101;101;26;1;3;-21;6;0;0;0;0;0;0;18;6;0;0;49;51;44;12;13221;104;51;93.1;1.4;6.8;18.5;47.9;107;321;25.0;-18.3;86;238;26.5;-18.3;0;12;3
8747;90;90;20;2;0;-8;14;0;0;0;0;2;0;5;2;1;4;50;50;49;5;6827;0;42;97.3;1.6;5.8;18.5;51.7;63;165;27.6;-22.4;50;127;28.2;-22.3;0;16;6
8751;89;89;13;1;1;-10;10;0;0;0;0;0;0;17;6;1;1;44;48;42;12;10965;105;1071;96.5;3.0;6.2;26.6;42.7;152;249;37.9;-6.7;116;184;38.7;-5.3;0;0;0
8755;97;97;7;0;0;-5;2;0;0;0;0;0;0;0;1;0;0;47;49;47;2;5385;0;531;94.3;1.3;4.7;28.1;44.8;71;105;40.3;-1.9;52;83;38.5;-4.3;0;0;0
8757;99;99;6;0;2;1;0;0;0;0;0;0;0;1;1;0;0;51;50;53;0;2504;0;0;118.3;5.8;4.3;17.3;28.8;28;40;41.2;-9.0;22;32;40.7;-7.5;0;2;1
8765;91;91;22;0;2;-7;2;0;0;0;0;0;0;0;1;0;1;50;49;50;5;7102;28;0;96.9;2.0;5.6;23.3;47.1;78;158;33.1;-28.2;58;118;33.0;-29.4;0;116;44
8766;89;89;23;0;3;-12;22;0;0;0;0;0;0;11;9;1;1;47;46;49;14;20553;40;1626;100.0;2.8;4.9;23.6;41.5;269;455;37.2;-1.0;183;341;34.9;-2.5;0;1;0
8772;99;99;14;0;5;4;20;0;0;0;0;0;0;5;4;0;1;53;52;55;12;11661;29;697;104.2;4.0;2.8;29.6;29.6;194;186;51.1;-13.7;132;140;48.5;-14.6;0;0;0
8776;98;98;21;1;1;-12;6;0;1;0;0;0;0;5;1;1;5;51;50;52;12;9060;517;147;92.2;0.4;5.2;18.7;52.1;91;255;26.3;-19.4;66;187;26.1;-19.2;0;70;27
8777;90;90;20;1;0;-7;8;0;0;0;0;0;0;3;6;3;4;51;50;51;8;8881;202;288;102.5;2.4;5.3;17.8;47.4;82;214;27.7;-22.8;62;150;29.2;-21.3;1;4;0
8779;92;92;32;1;2;-30;52;0;0;0;0;2;0;14;12;3;10;48;47;54;15;30061;324;6089;101.4;2.3;5.9;17.7;51.1;285;777;26.8;-5.6;206;566;26.7;-6.9;0;0;0
8781;93;93;33;6;2;-27;16;1;0;0;0;0;0;21;6;1;13;47;51;40;30;23791;741;324;99.7;1.8;5.9;16.8;53.1;198;651;23.3;-17.9;147;484;23.3;-17.7;0;4;1
8782;100;100;18;0;2;-9;6;0;0;0;0;0;0;3;2;1;0;52;49;47;4;7435;29;113;98.8;2.4;6.8;17.9;46.0;81;172;32.0;-17.4;59;138;29.9;-20.6;0;5;2
8784;89;89;21;2;2;-1;29;0;0;0;0;3;1;41;7;1;2;51;49;54;11;17115;179;2262;105.7;4.2;4.6;23.3;37.4;212;341;38.3;-0.9;157;249;38.7;0.3;0;0;0
8787;95;95;10;2;1;2;6;0;0;0;0;0;0;2;7;1;1;53;49;61;12;7994;55;300;101.2;3.2;2.3;31.5;25.7;130;117;52.6;-7.0;91;76;54.5;-4.1;1;0;0
8789;85;85;36;4;5;-10;30;1;1;0;0;0;0;5;6;1;2;53;50;48;33;24438;441;140;99.9;3.1;4.7;22.8;34.5;292;434;40.2;-20.3;208;332;38.5;-21.8;1;380;137
8790;85;85;28;3;2;-11;10;1;0;0;0;0;0;5;3;0;1;53;50;49;12;12713;59;0;100.5;2.5;5.7;18.4;42.5;125;257;32.7;-27.1;90;201;30.9;-28.1;1;12;4
8792;104;104;5;0;0;-5;2;0;0;0;0;0;0;4;1;2;0;47;49;47;2;3601;0;398;105.5;4.0;9.0;14.0;39.0;29;59;33.0;-17.7;20;51;28.2;-22.0;0;0;0
8795;95;95;11;1;1;-1;2;0;0;0;0;0;0;5;2;0;0;51;50;50;6;6025;12;0;100.8;3.6;4.2;26.9;33.5;75;103;42.1;-18.0;57;76;42.9;-16.4;0;0;0
8800;92;92;22;1;1;-16;12;0;0;0;0;0;0;19;9;0;12;44;47;44;15;15505;96;2333;98.8;2.3;6.0;20.4;48.1;157;400;28.2;-3.4;114;280;28.9;-2.0;0;50;17
8801;100;100;29;3;2;-9;26;0;0;0;1;0;0;9;7;2;5;50;47;54;14;24335;178;2716;102.9;4.0;5.5;23.2;38.3;313;493;38.8;-1.0;223;362;38.1;-1.0;0;0;0
8803;100;100;3;0;1;-1;12;0;0;0;0;0;0;0;0;0;0;56;51;51;0;974;89;25;105.0;3.7;7.4;14.8;37.0;7;20;25.9;-12.4;5;14;26.3;-14.3;0;10;2
8808;101;101;4;0;1;-2;0;0;0;0;0;0;0;2;1;0;0;50;50;47;2;3488;0;217;99.4;1.0;3.1;11.4;32.0;29;76;27.6;-7.3;19;53;26.4;-9.7;0;0;0
8809;91;91;10;1;0;-3;0;0;0;0;0;0;0;2;1;0;1;50;50;50;3;3187;0;0;94.4;1.1;4.5;20.3;40.7;30;71;29.7;-36.1;26;50;34.2;-31.3;0;29;12
8811;103;103;34;1;2;-3;2;0;0;0;0;0;0;5;6;1;7;52;49;52;8;13990;254;389;101.9;2.6;3.3;24.2;38.3;186;289;39.2;-26.2;144;213;40.3;-25.7;0;148;40
8814;93;93;32;1;1;-25;4;0;0;0;0;0;0;6;6;1;2;47;49;43;14;13805;418;1254;94.3;0.8;7.3;13.0;62.3;97;408;19.2;-19.9;69;326;17.5;-21.8;0;121;41
8821;97;97;4;0;0;-4;2;0;0;0;0;0;0;4;1;1;2;44;45;45;2;3466;0;316;91.6;1.0;5.2;17.7;36.4;43;83;34.1;-10.7;31;57;35.2;-11.3;0;0;0
8822;87;87;1;0;0;-2;0;0;0;0;0;0;0;0;0;0;0;47;48;46;1;762;0;73;103.3;4.7;14.2;14.2;47.2;5;17;22.7;-44.4;4;10;28.6;-35.1;0;0;0
8823;98;98;13;0;1;-6;6;0;0;0;0;0;0;3;7;0;0;48;47;50;5;10797;0;469;96.0;3.0;5.0;30.3;36.0;180;215;45.6;-1.5;126;153;45.2;-2.1;0;0;0
8824;87;87;12;1;0;-7;2;0;0;0;0;0;0;3;1;0;6;50;49;47;3;4827;15;0;98.7;1.5;6.7;12.7;51.5;29;137;17.5;-31.0;25;99;20.2;-27.2;0;8;2
8825;90;90;23;2;1;-13;8;0;0;0;0;0;0;9;5;0;4;52;50;49;12;10731;148;0;96.4;2.0;6.4;19.5;45.6;88;258;25.4;-28.8;69;191;26.5;-28.6;0;2;1
8828;93;93;29;0;1;-24;8;0;0;0;0;0;0;9;1;0;7;46;49;41;10;12225;31;1452;97.5;1.2;8.2;12.4;68.3;73;398;15.5;-22.8;55;317;14.8;-23.9;0;47;23
8829;86;86;25;0;7;-16;24;0;0;0;0;0;0;3;9;0;1;50;50;50;18;23865;310;2106;96.3;3.2;5.7;27.6;37.7;326;467;41.1;-5.1;244;342;41.6;-4.4;0;0;0
8831;86;86;20;0;1;-9;6;0;0;0;0;0;0;10;3;2;4;51;50;49;14;11265;374;504;94.2;1.0;3.8;27.5;41.2;166;219;43.1;-16.4;110;173;38.9;-20.5;0;175;67
8833;99;99;26;0;3;-6;13;0;0;0;0;1;0;10;5;5;0;49;49;50;10;22607;265;2351;99.8;3.7;4.6;29.1;36.1;336;400;45.7;-11.1;246;312;44.1;-13.7;0;0;0
8839;87;87;34;1;3;-10;6;0;0;0;0;0;0;6;4;3;22;54;51;54;17;17124;6;92;95.5;1.3;3.4;24.2;34.7;214;309;40.9;-14.4;159;224;41.5;-13.5;0;25;11
8841;91;91;24;2;2;-10;8;2;0;0;0;0;0;2;6;0;4;52;51;48;10;10976;785;64;98.9;2.6;5.9;19.7;41.0;118;239;33.1;-30.1;82;173;32.2;-31.7;0;1;0
8843;96;96;9;0;1;-5;2;0;0;0;0;0;0;5;0;0;1;50;49;46;1;3356;0;0;96.5;2.1;7.5;18.2;49.3;36;78;31.6;-21.4;27;59;31.4;-19.1;0;0;0
8845;85;85;34;2;2;-6;10;0;0;0;0;0;0;11;3;2;0;54;50;53;14;15264;44;42;99.3;1.9;3.3;22.4;36.1;184;272;40.4;-17.7;138;211;39.5;-18.2;0;123;50
8846;98;98;10;0;1;-5;2;0;0;0;0;0;0;2;2;0;1;49;50;48;4;4283;46;85;97.0;0.8;5.0;16.0;61.4;31;130;19.3;-22.9;26;102;20.3;-21.6;0;34;4
8849;86;86;8;0;0;-2;2;0;0;0;0;0;0;0;1;0;0;50;49;52;1;2852;0;0;97.2;1.3;3.8;22.7;45.4;33;65;33.7;-18.2;21;54;28.0;-21.9;0;43;17
8850;92;92;19;0;1;-23;24;0;0;0;0;0;0;18;7;1;11;48;49;46;10;16261;286;2044;95.5;2.0;6.9;19.5;46.5;157;404;28.0;-1.3;113;295;27.7;-1.2;0;2;0
8851;92;92;23;0;2;-9;30;0;0;0;0;0;0;9;8;2;10;52;49;55;22;19883;1513;2415;104.7;3.3;4.7;22.5;48.2;240;503;32.3;-2.1;175;368;32.2;-2.9;0;0;0
8852;85;85;4;0;2;-3;4;0;0;0;0;0;0;1;2;1;1;52;48;59;2;3339;0;180;96.1;2.2;5.4;21.6;38.8;43;66;39.4;-21.1;29;47;38.2;-20.2;0;0;0
8853;100;100;5;0;0;-2;2;0;0;0;0;0;0;2;2;0;0;50;48;49;1;1631;23;9;91.4;2.2;6.6;24.3;37.5;22;34;39.3;-11.7;14;27;34.1;-18.4;0;7;3
8854;90;90;13;0;1;-11;4;0;0;0;0;0;0;3;0;0;2;47;50;43;1;5033;0;0;107.0;3.6;11.4;14.3;63.7;43;140;23.5;-27.7;29;113;20.4;-30.7;0;30;11
8859;92;92;32;3;2;-22;32;0;0;0;0;0;0;23;16;3;31;48;48;47;28;30611;411;7004;101.0;2.1;4.7;18.8;46.1;308;763;28.8;-4.3;218;525;29.3;-4.4;0;3;0
8865;85;85;2;0;0;-1;0;0;0;0;0;0;0;0;0;0;0;48;50;45;0;848;0;0;105.0;4.2;8.5;17.0;42.5;6;19;24.0;-18.8;5;11;31.3;-6.4;0;4;1
8871;95;95;3;0;1;0;0;0;0;0;0;0;0;0;0;0;0;51;50;46;0;873;0;0;116.7;4.1;4.1;16.5;49.5;6;23;20.7;-35.3;6;15;28.6;-32.2;0;0;0
8876;94;94;25;2;2;-9;8;1;1;0;0;0;0;10;4;0;3;53;51;53;21;12233;1649;0;94.9;0.9;3.5;21.8;38.6;147;244;37.6;-15.1;104;180;36.6;-16.4;0;0;0
8883;87;87;1;0;0;0;0;0;0;0;0;0;0;0;0;0;0;49;49;49;1;257;0;0;100.0;0.0;0.0;56.0;56.0;4;4;50.0;-7.1;4;4;50.0;-7.4;0;0;0
8886;101;101;26;1;2;-14;8;0;0;0;0;0;0;3;4;3;11;49;49;48;12;12692;502;32;96.0;2.3;6.0;22.4;42.3;118;283;29.4;-12.4;96;205;31.9;-11.1;0;21;6
8887;101;101;21;0;1;-16;7;0;0;0;0;1;1;3;0;0;6;50;50;46;5;8178;0;250;90.1;0.9;7.9;14.5;49.7;57;212;21.2;-19.3;41;156;20.8;-21.1;0;49;14
8888;93;93;33;1;5;-22;31;0;1;0;0;1;0;10;9;4;3;45;49;40;19;23468;1545;63;99.3;2.5;5.8;21.2;47.2;243;548;30.7;-7.6;182;419;30.3;-8.2;1;12;3
8893;90;90;13;0;0;-4;5;0;0;0;0;1;0;2;2;0;5;49;49;50;4;4788;74;199;101.1;1.5;4.5;16.5;56.4;41;127;24.4;-23.3;32;96;25.0;-22.1;0;44;14
8895;102;102;10;0;0;-6;0;0;0;0;0;0;0;3;2;0;3;49;49;45;10;4819;0;0;92.0;2.2;6.7;27.6;41.8;65;92;41.4;-9.1;49;70;41.2;-8.5;0;0;0
8900;93;93;23;0;1;-24;14;0;0;0;0;0;0;8;7;5;14;49;48;52;9;20720;26;1306;95.4;1.4;5.6;22.1;50.9;238;512;31.7;-4.0;164;383;30.0;-6.0;0;0;0
8901;86;86;15;0;1;-7;13;0;0;0;0;1;0;26;3;1;1;50;49;49;11;13337;85;734;95.4;2.4;4.3;28.6;32.9;204;213;48.9;-6.9;147;164;47.3;-7.4;0;0;0
8904;92;92;36;2;1;-22;20;1;0;0;0;0;0;15;15;2;16;52;49;57;13;31924;665;2864;102.0;2.1;4.6;18.0;46.9;331;806;29.1;-3.8;228;567;28.7;-4.9;0;7;0
8905;102;102;22;1;1;-16;8;0;0;0;0;0;0;12;5;1;14;50;49;45;5;11242;128;0;100.6;2.2;7.4;14.7;50.3;82;341;19.4;-17.0;63;224;22.0;-14.0;0;113;25
8907;64;64;18;1;1;-8;18;0;0;0;0;0;0;8;7;0;0;50;51;46;16;11894;142;297;98.2;2.4;4.8;21.2;36.6;137;230;37.3;-2.5;100;172;36.8;-2.3;0;1;0
8908;72;72;29;0;0;-11;20;0;0;0;0;0;0;6;1;3;10;51;50;51;10;13777;71;33;97.8;1.8;4.7;19.3;40.5;133;294;31.1;-22.6;104;229;31.2;-22.2;0;9;6
8910;79;79;30;2;2;-10;6;1;0;0;0;0;0;2;4;0;0;50;50;47;19;14437;291;383;98.5;2.0;4.5;20.4;39.9;160;308;34.2;-23.3;111;227;32.8;-24.9;1;23;5
8911;82;82;20;3;2;-11;22;0;0;0;0;0;0;8;6;0;3;49;50;50;18;18691;339;1623;101.9;2.7;4.8;22.3;47.2;221;430;33.9;-18.9;159;327;32.7;-19.8;0;0;0
8912;83;83;16;0;0;-6;2;0;0;0;0;0;0;0;2;0;0;48;49;47;3;5301;0;51;100.0;2.0;6.1;15.6;46.9;45;134;25.1;-27.7;29;94;23.6;-27.9;0;65;18
8913;63;63;9;0;0;-4;14;0;0;0;0;0;0;3;2;0;2;45;49;41;1;6068;104;61;101.9;1.8;4.2;17.8;51.0;65;165;28.3;-16.9;45;121;27.1;-17.4;0;10;5
8915;75;75;31;3;9;-1;12;1;2;0;0;0;0;4;9;2;0;61;54;66;38;24795;8140;9;97.4;2.6;2.8;32.2;25.8;402;323;55.4;10.2;303;234;56.4;9.8;0;5;0
8917;63;63;14;0;1;-7;4;0;1;0;0;0;0;5;1;0;6;52;49;57;15;12981;243;1194;96.6;2.8;4.7;27.7;35.2;184;234;44.0;-4.1;129;175;42.4;-6.5;0;0;0
8919;75;75;40;2;4;0;16;0;0;0;1;0;0;3;4;0;12;52;51;53;23;17837;394;421;105.5;2.8;2.8;22.8;41.0;188;416;31.1;-19.7;151;297;33.7;-17.9;1;191;82
8922;78;78;3;0;0;-1;0;0;0;0;0;0;0;0;0;0;0;48;50;44;1;1047;7;0;93.3;0.0;3.4;34.4;51.6;13;26;33.3;-2.3;11;21;34.4;-2.2;0;0;0
8923;82;82;13;0;0;-1;2;0;0;0;0;0;0;3;1;0;0;50;49;50;3;5320;9;64;111.7;3.4;4.1;16.2;44.7;50;110;31.3;-13.1;33;85;28.0;-16.3;0;27;7
8928;75;75;22;2;0;-5;8;0;0;0;0;0;0;2;5;0;9;50;49;50;7;8874;3;561;102.4;2.4;4.5;19.1;43.0;96;196;32.9;-22.0;69;147;31.9;-22.9;1;71;28
8929;83;83;36;1;0;-11;0;0;0;0;0;0;0;8;5;3;5;51;49;51;8;13067;69;0;99.9;1.4;4.4;14.3;45.2;113;310;26.7;-28.1;78;237;24.8;-30.0;0;58;21
8931;72;72;18;1;1;-3;51;0;0;0;0;1;0;7;3;2;4;52;49;59;13;15677;142;1698;100.9;2.8;3.4;27.3;37.4;215;305;41.3;-13.6;165;228;42.0;-13.1;0;0;0
8934;78;78;43;1;6;-27;21;1;0;0;0;1;1;19;9;3;24;52;51;50;30;23626;1270;3204;99.0;1.7;5.8;17.2;53.8;201;643;23.8;-13.0;152;476;24.2;-11.5;0;50;20
8935;78;78;16;1;2;-3;10;0;0;0;0;0;0;3;2;0;0;49;50;50;5;8153;104;88;107.0;3.5;4.9;18.5;40.2;71;174;29.0;-20.8;52;128;28.9;-21.6;0;108;39
8940;70;70;40;1;2;-5;8;0;0;0;0;0;0;10;5;0;0;52;50;51;12;17322;76;255;99.3;2.1;3.1;23.7;32.8;265;277;48.9;-18.0;194;209;48.1;-18.7;0;65;33
8943;75;75;10;0;3;3;0;0;0;0;0;0;0;3;0;1;1;60;50;70;9;7812;8;868;104.6;3.7;2.3;29.0;28.6;108;122;47.0;2.2;80;88;47.6;1.8;0;0;0
8946;68;68;19;3;1;-3;8;0;0;0;0;0;0;4;2;1;5;48;49;46;8;10743;28;925;103.0;3.0;4.0;25.5;45.2;150;236;38.9;-13.4;112;190;37.1;-14.9;0;6;1
8949;78;78;4;0;1;0;4;0;0;0;0;0;0;3;0;0;1;49;50;49;4;3580;0;228;97.8;3.0;3.0;37.2;29.2;72;63;53.3;-9.3;55;44;55.6;-6.1;0;0;0
8952;81;81;23;0;0;-15;4;0;0;0;0;0;0;4;1;0;6;50;50;48;4;9005;0;0;91.6;1.2;7.2;16.8;46.4;76;238;24.2;-16.2;56;169;24.9;-16.1;0;56;26
8958;71;71;29;1;1;-6;14;0;0;0;0;0;0;14;20;4;9;51;49;55;24;24520;182;1681;101.2;3.5;4.4;28.9;39.9;367;475;43.6;-16.1;265;358;42.5;-17.3;1;0;0
8960;78;78;43;2;4;-11;16;1;2;0;0;0;0;11;6;2;7;51;50;49;15;19980;2268;377;99.8;1.4;3.2;18.7;41.3;209;432;32.6;-19.1;151;322;31.9;-20.1;0;41;16
8962;73;73;39;3;1;-22;14;0;0;0;0;0;0;12;7;5;10;50;49;47;9;17931;120;1449;99.1;1.6;6.0;14.9;51.4;141;473;23.0;-8.8;101;346;22.6;-9.7;0;130;61
8963;63;63;28;2;1;2;14;0;0;0;0;0;0;5;7;0;5;50;49;49;9;16203;97;369;107.4;3.6;3.1;22.4;36.7;171;319;34.9;-13.5;137;241;36.2;-12.8;1;27;13
8964;75;75;29;3;4;-12;28;0;0;1;0;0;0;10;9;2;7;50;50;49;15;16977;49;954;99.9;1.7;4.5;18.9;49.2;144;438;24.7;-25.3;119;321;27.0;-23.5;0;33;9
8965;66;66;25;0;2;-9;27;0;0;0;0;0;0;3;5;1;4;49;49;47;6;9321;0;0;96.6;1.2;4.6;18.2;47.5;86;234;26.9;-32.6;70;180;28.0;-32.0;0;13;4
8966;65;65;10;0;2;-7;2;0;0;0;0;0;0;3;1;4;5;54;51;57;10;7724;0;903;98.2;2.8;6.1;26.1;48.5;100;169;37.2;-1.2;75;138;35.2;-3.4;0;1;0
8967;70;70;36;1;6;15;10;0;0;0;0;0;0;3;11;1;0;53;52;50;26;18480;317;102;108.3;4.3;1.4;31.8;26.5;323;245;56.9;-9.9;251;183;57.8;-8.8;1;3;1
8970;74;74;31;2;5;4;8;0;0;0;0;0;0;15;14;3;17;57;51;63;27;28244;364;1714;101.5;4.2;3.7;32.2;32.0;451;477;48.6;-20.1;344;336;50.6;-18.4;1;0;0
8975;81;81;32;1;4;-24;24;0;0;0;0;2;0;23;13;4;3;58;51;63;30;32601;2268;2791;96.5;1.8;4.4;22.6;39.0;432;660;39.6;-1.7;314;492;39.0;-2.5;0;0;0
8976;69;69;14;2;1;-4;6;0;0;0;0;0;0;4;1;0;10;51;51;49;12;8591;351;129;102.6;2.1;3.8;21.0;51.1;81;254;24.2;-10.2;61;180;25.3;-8.5;0;13;2
8978;81;81;34;0;2;-31;12;0;0;0;0;0;0;8;12;2;4;51;50;51;34;33025;888;2560;94.7;2.0;5.2;27.8;42.3;460;711;39.3;-1.4;346;524;39.8;-1.2;0;0;0
8979;75;75;12;0;2;-9;4;0;0;0;0;0;0;3;6;0;4;41;47;33;10;10805;4;694;96.8;2.0;5.3;24.7;47.3;136;281;32.6;-16.8;107;191;35.9;-14.1;0;0;0
8980;69;69;13;1;1;-9;23;0;0;0;0;0;0;2;0;1;10;50;50;50;1;7047;88;267;100.7;2.0;6.6;14.8;50.6;53;206;20.5;-15.2;38;140;21.3;-12.9;0;17;8
8985;80;80;2;0;0;0;0;0;0;0;0;0;0;0;0;0;0;51;50;47;3;807;0;0;100.0;0.0;0.0;49.1;13.4;20;7;74.1;-1.2;15;7;68.2;-6.1;0;8;3
8996;74;74;21;0;5;0;10;0;0;0;0;0;0;12;11;2;2;54;50;58;25;19369;447;1411;101.7;3.0;3.0;28.3;33.8;286;354;44.7;-17.7;201;251;44.5;-18.6;0;0;0
8999;67;67;4;0;0;-3;6;0;0;0;0;0;0;4;1;0;0;50;48;55;3;2839;87;276;93.8;1.3;5.1;22.8;43.1;29;56;34.1;2.8;22;47;31.9;2.2;0;8;4
9000;82;82;40;2;2;-3;6;2;0;0;0;0;0;7;11;1;7;52;51;50;31;23362;2137;0;101.6;2.9;3.4;26.5;36.1;324;437;42.6;-7.1;231;313;42.5;-6.1;0;0;0
9005;66;66;27;1;7;2;18;0;3;0;0;0;0;10;7;2;8;52;53;49;32;21242;974;1588;100.4;4.2;4.1;34.4;34.2;380;357;51.6;-11.0;291;273;51.6;-11.8;1;14;2
9007;77;77;32;4;4;-24;10;0;1;0;0;0;0;10;7;3;33;50;50;49;21;16951;2736;544;100.4;1.9;6.4;16.4;56.5;123;508;19.5;-17.1;98;370;20.9;-15.5;0;268;83
9008;83;83;23;0;1;-4;6;0;0;0;0;0;0;5;0;1;2;50;50;51;9;9530;16;101;98.7;1.1;2.6;20.0;37.8;113;193;36.9;-27.1;81;142;36.3;-28.1;0;66;18
9010;72;72;28;3;4;-4;24;0;0;0;0;0;0;5;2;3;5;54;51;56;14;13263;244;347;99.5;3.5;4.6;25.8;32.6;177;232;43.3;-13.5;137;173;44.2;-12.8;0;180;68
9012;66;66;34;1;6;2;10;1;2;0;0;0;0;7;19;5;6;59;52;66;53;29855;2457;2652;99.7;3.1;2.9;34.1;30.6;527;493;51.7;-10.7;391;374;51.1;-11.4;0;0;0
9013;64;64;39;3;2;-22;26;0;0;0;0;0;0;5;10;0;4;49;50;45;16;21011;346;569;93.6;1.9;5.7;21.4;37.2;255;410;38.3;-6.8;175;301;36.8;-8.2;0;27;14
9018;78;78;4;0;0;-6;0;0;0;0;0;0;0;1;0;0;0;45;49;38;4;2372;0;0;88.5;1.5;10.6;13.7;47.0;16;62;20.5;-30.0;12;47;20.3;-31.0;0;0;0
9019;79;79;38;3;10;3;24;0;1;0;0;0;0;4;9;1;5;57;54;58;53;25144;2939;1122;100.2;3.0;2.7;29.4;27.2;403;396;50.4;-9.7;298;279;51.6;-9.4;0;416;209
9020;72;72;22;2;2;-2;6;1;0;0;0;0;0;5;6;3;3;52;50;51;17;19230;56;1527;101.8;3.2;3.7;26.6;36.7;263;359;42.3;-12.9;189;270;41.2;-14.1;0;11;3
9028;64;64;38;1;4;-19;10;0;0;0;0;0;0;16;8;1;10;52;50;51;13;23802;390;2801;94.3;1.8;4.7;24.2;35.4;295;421;41.2;-3.1;214;315;40.5;-3.3;0;72;24
9029;77;77;38;0;6;-30;26;0;1;0;0;0;0;15;14;3;8;45;48;39;37;37516;652;3636;97.8;2.0;4.8;22.3;42.5;410;838;32.9;-3.7;313;611;33.9;-2.8;0;0;0
9030;82;82;7;0;1;-4;2;0;0;0;0;0;0;2;4;0;2;57;49;70;6;6649;0;382;97.2;2.2;4.3;23.8;36.3;82;136;37.6;-16.4;59;99;37.3;-17.0;0;0;0
9031;77;77;32;1;2;-20;6;0;0;0;0;0;0;6;6;2;8;48;49;46;11;13644;121;877;99.0;1.6;6.9;15.6;61.2;100;427;19.0;-20.7;82;326;20.1;-20.8;0;109;49
9033;68;68;12;2;1;4;0;0;0;1;0;0;0;8;2;1;0;47;49;43;3;9553;0;1413;104.9;4.1;3.0;27.5;29.8;144;168;46.2;-9.3;104;124;45.6;-10.5;1;4;2
9035;69;69;10;0;1;-10;2;0;0;0;0;0;0;1;1;1;8;49;50;44;3;5655;143;162;94.1;1.3;7.6;16.6;56.0;47;171;21.6;-12.0;36;127;22.1;-11.0;0;37;5
9036;78;78;15;1;1;-5;4;0;0;0;0;0;0;2;1;0;4;52;51;52;8;6849;938;184;101.6;2.1;4.2;18.9;44.2;57;158;26.5;-21.5;48;119;28.7;-20.3;0;1;1
9039;79;79;12;0;2;-1;2;0;0;0;0;0;0;2;4;1;1;51;49;54;4;6171;306;507;113.0;2.9;3.5;14.0;44.9;61;148;29.2;-11.4;39;103;27.5;-11.3;0;54;19
9041;63;63;7;1;3;-1;12;0;0;0;0;0;0;0;1;1;0;48;51;42;5;4501;147;10;104.4;5.6;6.4;31.2;47.2;59;98;37.6;-30.6;47;78;37.6;-31.0;0;78;31
9044;78;78;9;1;1;-3;0;0;0;0;1;0;0;1;2;0;3;55;50;57;7;6970;97;809;95.3;2.1;4.1;38.2;40.8;110;132;45.5;-13.3;87;103;45.8;-12.5;0;0;0
9047;81;81;32;0;4;-33;73;0;0;0;0;7;0;85;14;1;4;48;48;50;34;29564;474;4256;93.9;1.9;6.0;28.0;45.8;398;684;36.8;-4.6;304;504;37.6;-4.4;0;0;0
9048;83;83;4;1;1;-4;6;0;0;0;0;0;0;0;2;0;0;51;50;54;2;3113;52;499;89.3;2.3;6.9;23.1;33.5;44;61;41.9;-16.4;29;42;40.8;-16.0;0;0;0
9055;70;70;39;3;5;4;14;1;2;0;0;0;0;9;14;0;0;51;51;50;22;22721;1307;289;100.4;3.6;3.0;33.7;29.0;393;317;55.4;-10.4;300;246;54.9;-10.8;1;3;0
9056;81;81;15;1;0;-13;2;0;0;0;0;0;0;1;0;4;7;49;50;48;6;7346;0;214;93.1;1.5;7.8;21.6;57.3;69;213;24.5;-13.6;53;160;24.9;-13.4;0;86;25
9057;67;67;9;0;0;0;4;0;0;0;0;0;0;4;2;1;0;48;47;53;5;7601;0;749;103.3;1.4;1.4;18.5;32.2;84;144;36.8;-7.7;59;103;36.4;-9.3;0;0;0
9059;72;72;37;3;6;-11;21;0;0;0;0;1;0;11;6;3;12;55;54;50;37;25854;592;382;96.6;2.5;4.0;27.8;32.6;411;441;48.2;-7.7;294;313;48.4;-7.0;0;6;0
9063;65;65;40;0;3;-12;32;0;1;0;0;0;0;10;8;1;5;51;50;51;20;23289;1181;437;101.9;2.5;4.3;21.5;45.1;258;520;33.2;-8.5;187;388;32.5;-9.0;0;357;161
9064;69;69;5;0;0;-3;0;0;0;0;0;0;0;2;1;0;2;49;48;53;3;3143;115;168;94.4;0.0;3.4;12.6;61.9;25;92;21.4;-16.5;17;73;18.9;-19.6;0;56;19
9066;69;69;41;8;4;-29;10;1;2;0;0;0;0;15;12;4;38;56;55;54;43;28952;2639;506;97.9;1.4;4.8;17.7;49.4;277;690;28.6;-3.3;204;529;27.8;-3.4;0;10;4
9067;70;70;6;0;0;3;0;0;0;0;0;0;0;0;0;0;0;52;49;51;3;2116;73;0;112.0;5.1;0.0;42.5;15.3;49;20;71.0;-3.4;38;15;71.7;-1.2;0;4;1
9072;63;63;39;1;0;-13;4;0;0;0;0;0;0;7;6;4;3;52;49;52;13;16141;51;402;98.0;1.1;4.0;17.6;48.0;140;381;26.9;-24.4;106;295;26.4;-25.0;0;68;23
9074;74;74;29;0;4;-4;30;0;2;0;0;0;0;16;11;0;0;50;49;52;21;27605;450;1968;96.6;3.3;3.8;35.1;29.7;468;401;53.9;-8.0;355;301;54.1;-8.9;0;0;0
9076;78;78;42;6;4;-13;10;0;0;0;0;0;0;10;4;4;5;52;51;51;28;25894;667;326;99.5;2.8;4.6;25.2;39.8;333;511;39.5;-11.9;243;389;38.4;-13.5;0;409;173
9077;69;69;34;2;3;-22;32;0;1;0;0;0;0;7;7;0;6;49;50;46;10;18554;147;81;97.1;1.6;5.8;16.9;48.1;150;494;23.3;-9.2;118;349;25.3;-5.8;0;275;67
9081;79;79;37;0;5;0;12;0;0;0;0;0;0;7;11;5;7;53;51;55;14;16443;638;8;102.5;2.6;2.6;25.4;33.3;213;294;42.0;-19.4;155;218;41.6;-21.0;0;24;6
9084;119;119;35;0;1;-24;14;0;0;0;0;0;0;3;5;3;6;48;49;46;6;16574;17;101;98.1;1.5;6.7;14.1;53.2;116;418;21.7;-14.6;97;326;22.9;-14.7;0;17;9
9092;121;121;28;0;2;-9;8;0;0;0;0;0;0;4;3;2;7;49;49;50;3;10558;0;546;107.8;2.4;5.5;14.0;58.6;66;331;16.6;-10.9;54;237;18.6;-9.2;0;38;11
9093;117;117;22;0;1;-6;8;0;1;0;0;0;0;5;5;0;0;50;49;49;4;12562;402;0;95.5;1.4;3.2;22.9;29.2;146;217;40.2;-23.1;110;155;41.5;-21.2;0;0;0
9094;114;114;17;1;2;-6;8;0;0;0;0;0;0;5;6;3;11;49;50;49;10;14103;212;1429;103.5;3.6;5.1;23.5;43.4;176;325;35.1;-3.2;126;233;35.1;-3.8;0;0;0
9095;114;114;8;1;0;-2;2;0;0;0;0;0;0;1;5;0;1;50;47;54;5;6412;65;780;87.2;3.9;5.1;40.4;22.5;116;97;54.5;-3.6;87;67;56.5;-2.5;0;0;0
9096;119;119;23;0;3;-17;4;0;0;0;1;0;0;3;4;1;3;49;50;47;5;10601;54;1913;93.4;1.0;7.5;11.9;49.2;66;253;20.7;-18.7;55;184;23.0;-17.3;0;161;72
9097;107;107;34;0;4;-31;24;0;2;0;0;0;0;7;7;4;1;52;49;55;20;27107;4705;373;89.8;0.9;5.0;21.0;34.5;304;484;38.6;1.1;221;357;38.2;0.1;0;503;204
9098;119;119;6;0;0;-10;0;0;0;0;0;0;0;5;3;2;3;52;50;56;9;5263;0;323;85.9;0.0;6.8;30.8;48.6;76;125;37.8;0.4;58;93;38.4;-1.1;0;0;0
9099;122;122;25;0;1;-16;22;0;0;0;0;0;0;7;2;1;5;50;49;50;6;10758;338;402;93.6;1.0;6.4;14.7;48.2;71;289;19.7;-17.3;59;207;22.2;-15.0;0;85;41
9105;115;115;24;1;1;-12;16;0;0;0;0;0;0;3;1;2;16;53;50;53;9;8924;35;166;94.0;1.2;6.1;20.6;50.8;91;249;26.8;-22.4;66;183;26.5;-21.9;0;63;24
9106;115;115;36;2;5;-17;10;0;0;0;0;0;0;13;11;3;24;55;50;62;20;29968;380;2864;99.6;2.4;4.4;23.3;41.3;389;650;37.4;-12.8;283;479;37.1;-13.1;1;4;1
9109;119;119;30;1;1;-22;10;0;0;0;0;0;0;9;10;1;3;48;48;48;11;14685;265;96;92.9;0.7;6.1;14.2;49.8;102;363;21.9;-15.3;83;270;23.5;-14.9;0;31;6
9110;116;116;13;0;1;0;10;0;0;0;0;0;0;8;5;0;1;51;49;53;8;11115;130;601;103.0;2.6;2.6;25.6;36.6;153;206;42.6;-21.6;109;157;41.0;-22.7;0;0;0
9111;113;113;34;2;5;-7;12;0;0;1;0;0;0;18;14;2;9;53;51;54;21;30739;656;2803;100.9;2.7;3.6;24.7;36.4;411;584;41.3;-2.3;301;429;41.2;-2.2;0;0;0
9112;117;117;33;2;4;-4;2;0;0;0;0;0;0;3;2;0;3;53;51;52;17;12054;0;0;100.7;3.0;4.2;26.0;38.8;167;235;41.5;-24.4;118;176;40.1;-25.0;0;31;9
9115;117;117;21;0;3;-2;6;0;0;0;0;0;0;4;3;1;0;52;50;54;8;8682;44;54;98.2;2.1;2.9;31.1;34.4;146;143;50.5;-17.1;110;104;51.4;-15.4;0;6;1
9117;121;121;20;1;0;-7;8;0;0;0;0;0;0;2;0;0;7;48;50;45;4;7280;0;77;107.0;1.5;4.9;10.4;67.7;32;250;11.3;-16.2;27;181;13.0;-14.4;0;65;20
9123;117;117;17;0;2;-4;2;0;0;0;0;0;0;3;2;0;1;50;50;45;9;7077;44;192;96.6;3.6;5.6;30.5;37.1;105;129;44.9;-17.1;73;100;42.2;-19.6;0;3;0
9124;116;116;13;0;1;1;4;0;0;0;0;0;0;2;5;0;2;52;49;56;2;4027;20;73;103.5;3.6;2.7;27.7;28.6;55;58;48.7;-16.4;43;45;48.9;-16.3;0;18;8
9125;106;106;34;0;2;-10;22;0;0;0;0;0;0;4;1;1;8;53;49;51;3;12554;47;53;102.1;2.6;5.4;17.8;43.9;110;283;28.0;-21.2;81;212;27.6;-21.7;0;174;57
9127;105;105;23;0;3;0;16;0;0;0;0;0;0;6;7;2;5;53;50;56;13;18824;98;2046;105.9;3.8;3.8;23.5;36.9;226;371;37.9;-6.3;168;252;40.0;-4.0;0;0;0
9130;122;122;36;1;1;-24;10;0;0;0;0;0;0;4;1;3;13;51;50;53;12;14413;560;192;92.4;0.7;6.7;13.2;50.7;103;385;21.1;-18.2;74;276;21.1;-18.4;0;215;84
9132;111;111;1;0;0;-2;0;0;0;0;0;0;0;0;1;0;0;47;43;49;2;804;0;0;83.3;0.0;9.0;26.9;53.7;9;28;24.3;-15.2;7;19;26.9;-11.7;0;0;0
9137;107;107;27;1;0;-14;4;0;0;0;0;0;0;8;4;0;3;48;49;46;4;10913;270;108;96.4;1.6;6.3;16.2;45.5;81;247;24.7;-13.9;67;180;27.1;-12.2;0;19;2
9139;110;110;8;0;1;5;2;0;0;0;0;0;0;2;1;0;1;50;49;52;13;5743;0;416;103.0;5.6;2.5;45.1;26.3;126;80;61.2;3.1;92;59;60.9;2.5;0;0;0
9142;107;107;25;1;1;-7;4;0;0;0;0;0;0;5;5;1;1;50;50;49;6;10501;63;103;103.0;2.1;4.5;15.8;44.6;80;231;25.7;-10.8;65;175;27.1;-10.0;0;89;28
9144;107;107;31;2;1;-18;14;0;0;0;0;0;0;12;5;0;5;48;49;48;10;20407;326;599;97.4;2.1;5.1;19.8;38.3;210;409;33.9;-4.9;151;286;34.6;-4.6;0;278;72
9147;106;106;36;4;9;4;14;0;4;0;0;0;0;9;15;0;6;55;54;54;45;24759;3507;70;102.3;3.6;3.1;30.7;32.0;367;448;45.0;-2.7;269;317;45.9;-1.9;0;4;3
9148;112;112;20;1;0;-7;0;0;0;0;0;0;0;1;0;0;3;52;50;53;7;8120;434;0;97.6;1.8;4.9;18.6;40.8;87;174;33.3;-26.6;61;131;31.8;-27.3;0;112;40
9151;112;112;6;0;1;4;2;0;0;0;1;0;0;3;0;0;1;55;51;61;6;4966;0;333;107.3;4.3;2.2;30.4;31.2;72;83;46.5;-18.3;54;63;46.2;-18.7;0;0;0
9154;122;122;12;0;0;-8;2;0;0;0;0;0;0;5;7;5;9;50;49;51;14;9574;176;1040;94.8;1.9;4.9;26.3;39.5;121;206;37.0;2.0;95;154;38.2;1.8;0;0;0
9159;121;121;19;1;0;-9;8;0;0;0;0;0;0;8;2;0;1;49;49;51;2;9343;54;133;102.6;1.2;4.6;9.6;48.9;45;268;14.4;-13.6;33;177;15.7;-12.1;0;105;43
9160;114;114;11;1;0;-5;0;0;0;0;0;0;0;8;1;0;3;52;50;52;10;4717;54;42;93.3;2.3;6.1;28.2;41.2;53;108;32.9;-25.9;43;77;35.8;-23.2;0;0;0
9161;114;114;35;0;3;-17;6;0;0;0;0;0;0;14;3;1;8;50;50;49;5;13769;171;70;94.4;1.8;6.3;18.0;39.7;133;296;31.0;-18.4;91;207;30.5;-18.9;0;10;3
9163;110;110;20;0;2;-3;17;0;0;0;0;1;1;7;5;1;2;47;49;44;17;15468;236;1154;96.6;3.5;4.4;33.0;31.7;260;256;50.4;-8.1;197;183;51.8;-6.8;0;0;0
9164;116;116;9;0;0;-2;2;0;0;0;0;0;0;0;1;1;0;51;49;52;4;3155;18;0;90.0;0.0;2.3;16.0;22.8;34;38;47.2;-23.2;21;30;41.2;-26.9;0;3;0
9166;105;105;1;0;0;-2;0;0;0;0;0;0;0;0;0;0;1;44;49;39;0;297;35;0;0.0;0.0;24.2;0.0;48.5;1;10;9.1;-15.6;0;7;0.0;-26.6;0;7;1
9167;106;106;34;4;4;-8;6;0;0;0;0;0;0;11;7;2;3;53;52;50;24;16927;886;451;102.5;4.0;5.5;24.7;40.0;217;334;39.4;-8.8;160;264;37.7;-11.5;1;8;4
9168;114;114;15;2;0;-2;10;0;0;0;0;0;0;3;1;2;1;59;50;62;7;7018;72;45;98.2;1.5;2.6;27.7;34.9;93;130;41.7;-13.5;71;87;44.9;-10.2;0;88;37
9173;121;121;36;3;2;-22;16;0;0;0;0;0;0;9;5;5;20;51;51;50;13;16648;959;74;108.1;1.9;6.5;9.9;56.4;81;509;13.7;-16.7;63;366;14.7;-16.1;0;26;6
9174;122;122;18;0;1;-6;2;0;0;0;0;0;0;2;5;1;3;50;49;52;3;7530;133;0;99.5;1.0;3.8;12.4;46.9;53;204;20.6;-22.7;41;141;22.5;-20.7;0;0;0
9177;116;116;20;2;3;3;8;0;0;0;1;0;0;7;5;2;4;58;51;66;18;17247;163;1586;101.1;3.5;3.1;33.2;32.8;306;279;52.3;-16.3;222;215;50.8;-17.8;0;0;0
9178;119;119;22;0;0;-7;16;0;0;0;0;0;0;6;6;2;1;53;50;56;7;15088;3032;350;99.5;1.2;2.9;15.3;34.4;119;315;27.4;-7.2;86;209;29.2;-7.0;0;4;0
9182;105;105;18;0;3;-6;2;0;0;0;0;0;0;3;0;1;10;51;50;49;6;7926;81;138;99.2;1.8;4.5;16.8;39.1;83;177;31.9;-14.3;52;133;28.1;-18.2;0;36;18
9183;119;119;27;2;5;-19;18;1;0;0;0;0;0;6;6;1;1;51;53;46;37;22126;3026;204;96.6;2.3;5.2;24.6;41.0;261;499;34.3;-0.3;193;362;34.8;-0.7;0;0;0
9184;120;120;28;1;2;-4;6;0;0;0;0;0;0;2;1;1;4;54;50;53;11;11880;26;139;96.9;2.1;3.3;26.4;30.0;161;175;47.9;-14.2;122;130;48.4;-14.0;0;16;5
9186;122;122;20;1;5;-4;6;0;0;0;0;0;0;9;0;1;9;53;53;50;14;18133;569;1632;105.3;3.8;4.6;23.6;42.9;239;376;38.9;-13.8;173;291;37.3;-15.6;0;0;0
9188;112;112;15;1;0;-7;2;0;0;0;0;0;0;1;2;0;2;50;49;51;6;5905;0;64;95.1;1.2;5.5;19.5;49.4;65;151;30.1;-29.3;43;109;28.3;-30.8;0;83;37
9191;115;115;23;2;2;-14;10;1;0;0;0;0;0;18;11;4;2;49;50;47;19;21246;302;2173;98.5;2.7;5.1;23.9;39.6;264;470;36.0;-12.1;203;321;38.7;-9.0;1;0;0
9192;107;107;26;1;2;-11;6;0;0;0;0;0;0;10;1;3;5;52;50;52;7;10601;271;2265;95.7;2.4;6.1;19.0;36.3;94;208;31.1;-9.9;76;145;34.4;-6.6;1;112;38
9193;108;108;5;0;0;-1;2;0;0;0;0;0;0;3;0;0;0;48;50;44;4;4242;72;594;100.7;4.2;5.1;26.3;33.1;69;84;45.1;-5.7;43;61;41.3;-9.1;0;0;0
9200;121;121;19;1;0;-12;4;0;0;0;0;0;0;3;1;1;4;51;50;52;7;9529;45;421;107.0;2.3;6.8;11.7;55.2;55;274;16.7;-11.3;45;184;19.7;-7.9;0;2;0
9201;106;106;11;1;1;-5;0;0;0;0;0;0;0;2;1;1;8;53;50;56;3;6579;0;687;109.0;3.3;6.0;14.2;42.7;55;137;28.6;-20.2;37;96;27.8;-22.0;0;0;0
9206;113;113;19;0;3;-10;8;0;0;0;0;0;0;13;8;0;7;55;49;64;8;16924;334;1782;99.6;2.8;4.9;22.8;39.1;215;332;39.3;-6.1;156;246;38.8;-6.3;0;0;0
9207;110;110;19;0;3;0;31;0;0;0;0;3;0;24;1;1;1;53;50;58;15;16335;428;1159;96.5;3.3;3.1;34.6;23.6;279;201;58.1;7.0;207;156;57.0;4.9;0;0;0
9213;110;110;18;2;3;5;43;0;0;0;0;7;1;25;5;1;3;53;49;59;14;13919;0;1073;99.6;4.7;3.4;38.5;26.9;262;204;56.2;1.2;195;145;57.4;2.8;0;0;0
9214;121;121;34;1;4;-37;18;1;0;0;0;0;0;11;8;2;13;49;49;50;9;23095;1521;1018;96.8;1.4;7.0;13.7;52.1;176;656;21.2;-8.5;123;473;20.6;-9.8;0;352;158
9216;113;113;29;1;4;2;12;0;0;0;0;0;0;5;12;0;11;58;51;66;28;25735;286;3258;104.7;2.5;2.5;22.0;37.3;313;502;38.4;-7.2;214;373;36.5;-10.3;0;2;1
9217;114;114;16;1;0;-4;2;0;0;0;0;0;0;2;2;0;2;53;49;55;9;6863;100;185;99.0;2.1;4.2;23.1;41.4;89;134;39.9;-21.5;65;109;37.4;-23.6;0;69;22
9221;105;105;33;1;1;-16;24;0;0;0;0;0;0;7;11;0;10;54;50;59;16;26680;92;2695;102.3;3.1;5.3;21.2;42.6;318;598;34.7;-6.2;223;413;35.1;-6.0;0;0;0
9222;116;116;21;2;1;-1;4;0;0;0;0;0;0;5;3;0;0;51;50;50;11;7354;309;115;97.9;2.9;3.4;26.9;26.4;120;104;53.6;-15.7;82;75;52.2;-15.9;0;1;1
9228;73;73;34;1;3;-24;40;0;0;0;0;0;0;43;9;4;18;51;47;56;25;31470;1028;4291;100.2;2.1;4.8;17.8;42.3;286;688;29.4;-0.2;215;507;29.8;-0.3;0;1;0
9229;71;71;17;0;3;-10;4;0;0;0;0;0;0;12;5;4;7;53;47;63;11;16023;78;1712;99.5;2.2;4.5;21.6;41.1;196;317;38.2;-13.8;134;243;35.5;-16.5;0;0;0
9230;84;84;40;1;6;-45;12;0;1;0;0;0;0;30;20;11;43;54;46;65;20;35772;322;2425;94.1;1.3;5.8;17.0;43.1;382;759;33.5;0.0;272;589;31.6;-1.1;0;0;0
9231;70;70;40;4;9;3;8;0;1;0;0;0;0;8;7;1;1;55;52;54;32;18216;609;2348;102.2;3.2;2.6;30.2;31.2;302;272;52.6;-13.8;220;205;51.8;-14.6;1;301;136
9232;64;64;40;5;3;-24;18;0;0;0;0;0;0;20;13;1;32;53;51;53;30;26701;415;846;96.9;1.8;4.7;21.3;41.7;297;535;35.7;-10.2;223;401;35.7;-9.4;1;175;79
9233;73;73;39;1;6;-25;38;0;2;0;0;2;0;24;5;5;13;54;51;57;19;25644;3638;260;101.0;1.7;5.1;15.9;52.5;229;693;24.8;-8.0;163;496;24.7;-8.7;0;407;177
9234;72;72;41;6;6;-13;10;2;1;0;1;0;0;27;7;11;23;57;52;61;35;23721;2630;3118;97.1;2.7;4.9;24.4;34.6;303;458;39.8;-17.7;224;326;40.7;-16.3;0;41;16
9235;84;84;44;6;5;-33;78;0;2;0;0;10;1;19;11;10;28;51;50;49;49;30551;1768;1905;96.6;1.5;5.5;17.8;46.0;294;725;28.9;-6.3;224;544;29.2;-4.4;0;38;12
9236;77;77;40;3;9;-28;62;2;2;0;0;8;0;45;11;3;28;56;47;69;45;39509;4547;5416;99.5;2.7;5.0;23.9;42.0;453;844;34.9;0.4;354;618;36.4;1.8;0;0;0
9237;73;73;31;1;1;-30;22;0;0;0;0;0;0;17;6;9;41;53;49;58;19;30039;1449;3846;95.4;1.4;5.0;18.3;40.4;297;651;31.3;0.1;211;462;31.4;-0.6;0;0;0
9238;84;84;38;2;6;-24;72;0;1;0;0;6;0;46;13;6;35;58;52;57;35;25893;1503;1059;98.3;1.3;4.6;17.4;51.7;268;665;28.7;-6.2;187;509;26.9;-7.3;1;18;8
9239;71;71;42;3;12;16;44;0;0;0;0;4;1;45;11;1;7;59;49;72;59;41693;341;5137;99.9;3.6;2.5;35.8;24.5;773;511;60.2;9.9;581;374;60.8;11.4;1;0;0
9240;84;84;44;2;5;-26;18;0;1;0;0;0;0;28;16;6;24;51;50;52;26;24030;1180;2244;101.6;1.8;5.5;14.5;51.5;204;615;24.9;-10.8;150;468;24.3;-10.2;0;58;15
9241;68;68;43;3;10;-6;12;0;0;0;0;0;0;24;22;8;12;53;51;53;40;30482;418;3307;99.8;2.4;3.1;26.9;34.2;425;529;44.5;-10.9;317;411;43.5;-11.8;0;34;11
9242;69;69;32;7;3;-16;17;0;1;0;0;1;0;26;11;3;14;54;52;53;30;21598;373;2418;101.3;1.8;4.5;17.7;49.5;203;492;29.2;-1.6;145;400;26.6;-4.0;0;54;24
9243;71;71;41;6;16;-8;10;2;2;0;0;0;0;25;15;10;13;57;56;55;87;38199;4874;2829;100.3;3.2;4.1;29.6;38.4;573;717;44.4;-13.8;416;545;43.3;-14.8;1;0;0
9244;84;84;41;2;8;-24;12;0;1;0;0;0;0;23;11;2;49;53;49;59;26;38424;2396;2852;100.5;2.2;4.4;19.4;41.7;433;828;34.3;-0.3;301;609;33.1;-0.5;0;0;0
9246;63;63;25;4;1;13;14;0;0;0;0;0;0;9;7;7;8;60;51;71;40;24589;736;1053;100.9;4.4;2.5;40.8;25.3;511;304;62.7;-2.2;388;231;62.7;-2.9;1;0;0
9249;86;86;34;1;5;8;17;0;0;0;0;1;1;18;7;8;14;58;48;72;34;32485;986;2519;96.7;4.7;3.9;38.9;25.5;647;425;60.4;4.3;468;323;59.2;3.0;1;1;0
9251;95;95;27;1;3;10;13;0;0;0;0;1;0;13;8;2;9;55;51;58;33;23233;99;1619;99.7;4.3;2.8;35.9;22.6;444;284;61.0;2.8;331;204;61.9;4.7;0;0;0
9252;86;86;17;1;2;-2;4;0;0;0;0;0;0;10;4;1;7;51;49;54;14;15380;184;1497;99.1;2.8;3.5;31.6;36.0;257;263;49.4;-12.3;185;208;47.1;-16.0;0;0;0
9253;94;94;13;0;5;2;6;0;0;0;0;0;0;2;1;2;3;52;52;47;9;10931;9;824;102.5;5.3;4.6;34.3;35.9;203;172;54.1;-5.4;151;127;54.3;-7.4;0;0;0
9254;73;73;39;9;9;-19;12;5;3;0;0;0;0;18;17;3;6;59;57;60;69;31584;7586;0;99.1;2.5;4.4;22.9;37.5;371;600;38.2;9.5;279;441;38.8;9.7;1;5;1
9255;74;74;37;5;2;29;26;0;0;0;0;0;0;29;7;4;5;55;48;62;36;35709;211;4756;102.6;4.9;2.1;41.3;22.7;726;423;63.2;3.9;544;310;63.7;3.5;0;0;0
9256;73;73;37;5;11;-39;36;1;5;0;1;0;0;43;13;3;25;55;55;50;49;35185;8548;2805;98.8;1.9;5.6;18.4;47.9;333;865;27.8;-5.1;254;638;28.5;-4.4;0;0;0
9257;81;81;32;1;9;-17;10;0;1;1;1;0;0;11;7;3;18;58;50;67;28;29913;557;3085;96.0;1.7;3.9;27.8;38.4;426;591;41.9;0.4;319;416;43.4;2.0;0;0;0
9258;77;77;39;3;6;-32;10;1;0;0;0;0;0;31;9;7;35;55;51;55;37;27598;1700;9;96.7;1.7;5.7;19.8;48.4;265;703;27.4;-10.6;206;525;28.2;-10.2;0;10;3
9259;122;122;20;1;0;-27;8;0;0;0;0;0;0;17;5;6;18;60;51;69;20;18831;1990;1965;90.0;1.0;6.3;18.9;41.9;185;420;30.6;-2.7;141;311;31.2;-3.2;0;0;0
9260;113;113;34;5;11;-7;20;0;0;0;1;0;0;18;9;3;4;54;54;53;33;32396;643;3413;100.8;3.0;3.9;25.8;35.9;452;584;43.6;1.0;318;434;42.3;-1.3;1;0;0
9261;105;105;36;1;9;-6;42;0;2;0;0;0;0;25;7;9;31;64;54;74;49;35560;1524;3892;100.9;2.8;3.3;26.5;34.1;482;632;43.3;6.3;370;456;44.8;8.0;0;0;0
9262;120;120;12;0;2;-2;2;0;1;0;0;0;0;2;1;3;1;58;52;63;13;9580;5;518;93.4;1.9;2.6;33.1;21.4;177;117;60.2;-0.7;128;82;61.0;0.5;0;0;0
9263;99;99;34;4;16;6;70;0;3;0;0;6;0;94;10;2;11;51;51;49;33;32605;802;2776;104.2;4.2;3.5;29.7;35.8;488;589;45.3;-9.8;364;446;44.9;-10.9;0;1;0
9264;113;113;9;1;3;-5;10;0;0;1;1;0;0;7;3;1;3;55;52;59;8;8453;1156;1565;95.5;2.1;4.7;21.7;32.8;108;159;40.4;-0.2;73;114;39.0;-2.0;0;0;0
9265;84;84;18;0;1;-12;10;0;0;0;0;0;0;17;6;2;19;51;50;51;9;11315;811;0;103.6;1.6;5.1;12.4;55.0;84;319;20.8;-16.3;59;230;20.4;-15.2;0;24;13
9266;121;121;6;0;2;-5;2;0;0;0;0;0;0;4;1;0;6;56;51;57;3;4949;339;561;102.9;1.5;5.1;12.4;57.5;33;140;19.1;-5.6;24;105;18.6;-6.7;0;0;0
9269;113;113;36;5;10;0;34;1;1;0;0;0;0;24;12;7;24;63;54;73;44;34713;3178;4571;102.8;3.3;3.2;27.3;34.3;497;626;44.3;1.6;369;456;44.7;2.1;2;0;0
9270;117;117;18;2;3;9;8;0;0;0;0;0;0;13;4;3;8;58;52;63;17;15240;0;1278;104.8;4.7;2.8;31.7;27.9;255;222;53.5;-10.2;180;162;52.6;-10.9;0;1;0
9271;122;122;6;1;0;-4;2;0;0;0;0;0;0;3;3;0;3;52;50;53;4;2823;250;127;94.0;1.3;6.4;15.3;44.6;29;60;32.6;-3.1;17;45;27.4;-9.2;0;5;4
9276;96;96;2;0;0;-1;0;0;0;0;0;0;0;4;0;0;0;45;50;40;0;1842;0;174;101.7;3.9;5.9;23.5;39.1;20;38;34.5;0.6;15;30;33.3;-4.8;0;0;0
9277;88;88;28;1;2;-1;44;0;0;0;0;0;0;20;11;1;4;53;46;64;30;27307;232;3595;95.1;4.2;4.6;34.9;27.2;502;363;58.0;2.9;376;282;57.1;2.4;0;0;0
9280;69;69;37;2;5;-33;16;1;0;0;0;0;0;21;8;7;22;56;53;57;35;24400;2530;1205;95.4;1.2;5.8;17.6;50.9;208;611;25.4;-8.2;156;471;24.9;-7.8;0;59;20
9281;65;65;30;5;4;-17;18;1;0;0;0;0;0;15;10;5;20;53;52;51;38;20859;2072;1732;95.6;1.6;4.3;24.2;39.7;251;444;36.1;-5.6;189;317;37.4;-4.3;1;29;11
9282;70;70;14;1;5;10;12;0;0;0;0;0;0;16;2;0;0;56;54;52;24;11965;424;125;100.8;4.8;1.8;48.1;19.6;314;124;71.7;1.8;232;99;70.1;-0.3;1;0;0
9283;65;65;30;4;9;-13;12;3;0;0;0;0;0;9;4;1;17;55;54;53;25;21445;1234;1751;102.9;3.0;5.2;21.2;45.7;233;492;32.1;-11.0;168;361;31.8;-11.8;0;37;10
9285;74;74;14;1;2;1;2;0;0;0;0;0;0;5;2;0;4;56;54;56;13;13019;768;1170;103.6;4.1;3.9;26.0;31.2;182;215;45.8;-11.6;136;156;46.6;-11.1;0;0;0
9288;89;89;10;0;0;-10;16;0;0;0;0;0;0;12;4;4;2;51;48;57;7;9992;507;1288;93.0;2.5;6.1;26.7;37.1;138;183;43.0;1.5;104;132;44.1;2.7;0;0;0
9289;84;84;20;0;3;-15;0;0;1;0;0;0;0;4;2;4;17;54;50;56;7;9980;731;0;92.5;1.1;6.1;18.0;45.5;103;261;28.3;-5.0;71;182;28.1;-3.2;0;7;2
9293;88;88;32;2;4;2;22;0;0;0;0;0;0;20;10;2;5;59;52;66;47;29625;642;3269;99.6;3.5;3.2;33.9;29.2;498;412;54.7;-3.8;374;321;53.8;-3.9;0;0;0
9294;71;71;1;0;0;0;0;0;0;0;0;0;0;0;1;0;0;54;48;63;1;865;0;0;99.2;4.2;4.2;49.9;45.8;19;22;46.3;-22.7;15;15;50.0;-15.6;0;0;0
9296;113;113;35;4;10;7;32;1;2;1;2;0;0;26;11;3;11;57;52;60;52;34398;2134;5627;103.0;3.0;2.6;28.9;35.0;490;599;45.0;2.7;377;446;45.8;4.1;0;0;0
9297;122;122;6;1;0;-7;4;0;0;0;0;0;0;12;1;1;1;50;51;41;6;4334;39;372;88.7;0.8;6.6;19.1;42.4;49;91;35.0;-0.2;34;72;32.1;-4.3;0;2;1
9298;110;110;2;1;0;0;0;0;0;0;0;0;0;0;0;0;0;49;51;43;2;742;0;0;103.3;4.9;4.9;24.3;29.1;9;16;36.0;-22.3;6;11;35.3;-25.0;0;14;2
9299;116;116;4;0;1;3;0;0;0;0;0;0;0;2;3;0;1;60;52;69;6;3580;0;741;113.1;4.0;1.0;25.1;35.2;48;61;44.0;-13.3;36;44;45.0;-13.9;0;0;0
9300;122;122;28;5;4;-25;51;1;2;0;0;0;0;15;17;3;21;52;50;53;20;27049;2198;1918;95.7;1.7;5.1;20.6;39.9;303;565;34.9;-3.6;213;406;34.4;-4.3;0;0;0
9301;117;117;32;3;3;-1;32;0;0;0;0;0;0;9;14;2;8;54;51;56;50;28484;328;2739;96.8;3.7;3.8;32.9;26.4;504;380;57.0;-7.0;355;282;55.7;-7.8;0;0;0
9302;105;105;3;1;1;-2;12;0;0;0;0;0;0;1;1;0;2;53;51;51;2;1136;0;0;102.6;6.3;12.7;19.0;41.2;9;33;21.4;-20.1;7;23;23.3;-19.8;0;8;3
9303;86;86;11;4;4;12;2;0;1;0;0;0;0;5;4;1;5;60;47;76;19;10123;429;995;106.8;6.4;2.1;44.5;28.1;198;157;55.8;-3.8;156;109;58.9;1.3;1;0;0
9304;88;88;23;0;1;-6;16;0;0;0;0;0;0;11;7;3;2;53;50;57;20;20152;691;1313;96.6;3.6;4.6;31.8;31.8;322;339;48.7;-12.5;238;244;49.4;-11.4;0;0;0
9305;118;118;35;32;32;37;35;15;13;0;1;0;0;90;20;26;44;88;85;84;189;34173;8895;5510;104.3;5.5;1.6;45.7;20.6;789;354;69.0;15.9;597;282;67.9;15.3;5;132;68
9306;97;97;33;20;32;5;56;11;12;0;1;2;0;71;8;34;50;89;74;94;109;31865;8040;4677;99.6;4.0;2.9;36.0;25.8;579;423;57.8;21.3;447;315;58.7;22.5;1;785;447
9307;67;67;2;0;2;2;2;0;0;0;1;0;0;2;1;0;2;80;64;93;7;1956;327;447;105.6;1.8;0.0;33.1;35.0;29;38;43.3;-2.0;23;28;45.1;-0.4;0;41;24
9308;87;87;30;22;38;28;33;8;9;1;1;3;1;45;11;32;34;96;81;97;141;28983;8932;5289;102.8;5.0;1.7;39.4;17.8;602;279;68.3;22.5;453;210;68.3;22.8;4;688;376
9311;118;118;33;3;23;27;131;1;8;0;1;21;8;117;9;19;76;71;55;85;100;35203;7924;6336;103.4;4.5;1.9;38.2;23.3;697;407;63.1;7.4;525;318;62.3;7.1;0;0;0
9314;84;84;42;15;17;-26;42;6;6;0;0;0;0;80;21;21;85;72;62;76;117;43470;8990;5124;98.2;2.2;4.0;24.2;37.2;568;827;40.7;10.1;407;629;39.3;9.7;1;153;57
9315;115;115;37;17;21;26;26;3;3;2;1;0;0;80;6;29;75;78;60;91;124;42100;8894;6678;103.0;4.9;2.8;32.2;23.3;741;554;57.2;16.8;532;393;57.5;17.2;3;0;0
9316;92;92;36;12;38;-12;26;5;13;0;0;0;0;41;11;20;71;73;65;78;99;33363;8300;6930;102.8;3.8;5.0;25.9;42.1;430;715;37.6;8.7;333;532;38.5;9.5;1;138;51
9317;67;67;40;21;26;9;33;7;12;0;2;3;1;69;9;14;81;79;69;84;148;38229;9346;4405;101.4;3.0;2.3;29.1;25.3;584;526;52.6;12.6;436;392;52.7;13.4;4;134;62
9319;105;105;36;13;22;10;20;4;5;0;0;0;0;31;9;21;67;79;63;88;91;33048;8193;6372;105.3;3.7;2.5;27.7;31.0;486;546;47.1;11.6;357;390;47.8;12.0;1;636;335
9320;109;109;36;8;16;14;29;2;4;0;0;1;0;65;7;17;30;71;56;87;100;35907;5354;6013;99.4;3.8;2.4;37.2;22.3;659;422;61.0;1.3;504;306;62.2;3.2;0;0;0
9322;69;69;40;6;12;-6;104;2;3;0;1;12;1;96;7;22;120;76;52;95;53;41525;3653;7832;102.3;2.7;3.3;23.8;36.8;486;738;39.7;12.7;366;557;39.7;13.7;0;0;0
9323;113;113;37;10;11;2;30;2;4;0;0;0;0;42;7;19;52;77;61;89;84;30679;9319;3112;104.3;3.3;2.7;26.9;34.0;418;542;43.5;0.5;306;405;43.0;-0.2;2;445;218
9324;77;77;41;14;23;-10;18;7;8;0;0;0;0;42;10;11;45;67;61;71;105;38153;9532;1436;99.5;2.7;3.3;28.0;32.1;548;651;45.7;15.6;397;465;46.1;15.1;2;50;22
9325;118;118;24;2;10;19;17;0;1;1;0;1;0;27;6;10;39;68;51;87;37;23418;561;4587;103.2;4.9;2.3;37.4;23.2;458;298;60.6;0.8;332;225;59.6;0.8;0;0;0
9327;108;108;32;8;14;17;20;2;3;1;0;0;0;36;6;23;59;68;54;82;68;31092;4413;7159;102.1;5.3;3.4;34.7;25.4;564;405;58.2;5.5;404;293;58.0;5.7;2;0;0
9328;111;111;35;17;23;16;84;5;5;0;2;10;1;52;6;14;19;77;70;79;94;29413;3729;2647;101.1;4.7;2.9;37.2;25.8;594;339;63.7;6.4;425;258;62.2;5.5;2;516;284
9329;120;120;36;6;27;19;22;1;1;0;0;0;0;33;8;34;43;81;65;88;87;35893;766;6834;101.2;3.6;1.7;37.4;20.3;703;362;66.0;8.8;523;267;66.2;9.1;1;745;403
9330;105;105;36;12;23;10;53;1;2;0;0;7;2;38;11;27;116;78;63;87;67;30702;5358;6194;105.7;4.6;3.0;30.5;32.8;466;532;46.7;10.9;346;386;47.3;11.1;2;120;58
9331;145;3;35;3;7;10;8;0;0;0;0;0;0;34;7;8;10;57;51;61;61;34436;283;1977;98.0;3.2;2.1;35.9;18.9;696;349;66.6;0.8;489;258;65.5;0.2;1;1;0
9333;136;10;20;2;4;-2;6;0;0;0;0;0;0;13;5;4;8;56;52;57;9;9707;0;724;96.8;3.3;4.1;28.2;27.1;141;143;49.6;-3.8;103;98;51.2;-3.3;1;8;3
9334;85;85;37;19;34;8;21;8;18;0;0;1;0;44;12;21;56;81;80;83;145;35580;9008;2223;99.7;3.9;2.8;35.8;25.0;646;508;56.0;7.0;477;352;57.5;9.5;5;112;55
9335;120;120;37;16;15;9;49;5;7;0;0;5;2;40;16;18;18;70;65;72;124;33164;7920;2825;97.6;3.0;2.1;38.5;20.0;686;360;65.6;4.6;489;272;64.3;3.0;1;72;27
9336;113;113;26;4;13;2;16;1;5;1;1;0;0;35;9;14;58;74;56;89;68;27308;7569;4802;99.4;2.9;2.9;31.5;29.7;419;433;49.2;7.7;318;311;50.6;10.2;0;0;0
9337;86;86;31;5;22;10;13;1;6;0;0;1;0;50;10;17;35;73;63;80;91;29141;2816;3738;100.5;3.5;2.3;36.1;25.9;545;386;58.5;1.5;407;289;58.5;1.7;0;88;40
9338;119;10;33;5;14;-14;20;3;5;0;1;0;0;35;11;10;51;68;62;75;82;28143;8646;6428;92.2;2.0;4.1;31.7;28.7;419;410;50.5;21.6;325;311;51.1;20.7;0;264;115
9340;89;89;22;8;14;2;14;3;4;0;0;0;0;44;5;6;13;74;68;75;74;17599;4931;1065;97.9;4.9;4.5;37.2;29.5;317;255;55.4;19.9;242;199;54.9;20.4;0;74;38
9342;112;112;37;10;31;11;30;2;9;0;1;0;0;46;4;14;47;77;66;86;104;36083;9870;4118;98.1;4.1;3.0;34.9;22.0;664;429;60.8;5.9;481;312;60.7;6.5;2;0;0
9343;118;118;35;13;28;17;22;4;8;0;2;0;0;34;11;21;35;78;69;81;105;33808;3658;7002;100.8;3.7;2.0;39.3;23.4;697;410;63.0;6.4;511;303;62.8;7.0;2;229;111
9344;108;108;31;11;10;8;40;0;0;0;1;3;0;68;2;5;24;64;60;64;46;23047;690;5788;102.4;3.7;2.8;28.9;26.7;371;338;52.3;-0.9;268;254;51.3;-1.7;2;87;31
9345;90;90;34;10;21;9;33;0;1;0;0;1;0;53;9;18;82;70;63;74;89;33417;1510;6651;100.8;4.4;3.4;32.2;26.6;612;452;57.5;12.9;434;329;56.9;11.6;0;219;95
9346;104;104;38;19;28;4;64;7;12;1;1;4;2;50;11;7;14;69;66;68;111;32519;10140;871;97.7;4.1;3.8;33.4;25.8;568;429;57.0;10.5;418;328;56.0;9.5;2;14;6
9349;106;106;37;7;20;4;42;1;5;0;1;2;2;67;12;12;51;75;58;90;104;37628;11438;6653;96.3;3.7;3.3;36.4;23.9;678;485;58.3;17.1;507;361;58.4;16.8;0;1;0
9351;107;107;36;3;15;3;22;0;1;0;0;0;0;36;7;7;32;69;61;74;55;26998;2272;2243;99.5;3.5;3.2;33.7;29.6;456;398;53.4;-7.5;340;297;53.4;-6.4;0;407;226
9352;69;69;17;1;3;-5;23;0;0;0;0;3;1;29;5;12;71;67;49;82;28;18582;1013;2909;102.7;2.9;3.9;22.7;38.4;210;347;37.7;10.0;161;250;39.2;12.8;0;0;0
9354;117;117;35;13;10;31;50;1;0;0;0;0;0;38;5;12;23;67;58;75;103;38028;3734;6181;98.2;5.4;2.5;40.7;16.4;828;336;71.1;14.8;594;251;70.3;14.5;2;1;0
9355;66;66;12;5;4;6;11;0;0;0;1;1;0;30;8;3;8;61;59;56;25;8368;141;882;104.0;6.0;4.3;34.4;31.8;142;144;49.7;-14.9;113;102;52.6;-10.7;0;1;0
9356;76;76;40;11;33;21;30;1;7;0;0;2;0;42;16;9;40;72;67;73;143;38607;9799;1937;100.7;5.3;3.3;40.0;25.8;794;525;60.2;1.8;591;377;61.1;1.3;1;0;0
9357;107;107;34;2;5;-30;48;0;1;0;0;4;3;48;8;9;82;64;48;81;37;29477;355;6719;95.8;1.6;5.4;18.6;42.3;313;651;32.5;-7.5;224;474;32.1;-8.8;0;0;0
9358;110;110;35;4;21;8;17;0;4;0;0;1;0;19;6;12;28;74;63;81;66;30553;7382;214;100.6;4.2;2.8;33.8;23.7;535;399;57.3;1.1;377;292;56.4;-0.9;1;423;203
9359;122;122;34;3;8;-31;39;0;2;0;0;2;0;50;7;21;48;69;57;77;37;30165;2784;6900;92.8;1.4;5.0;23.4;37.7;369;563;39.6;5.4;283;425;40.0;5.4;1;396;176
9360;116;8;34;13;17;8;24;0;7;0;0;0;0;26;20;14;45;73;68;78;90;24478;5691;3263;102.8;4.0;2.5;34.7;29.0;426;364;53.9;-15.9;313;262;54.4;-14.1;0;53;24
9362;118;118;35;8;11;14;18;0;0;1;1;0;0;31;4;13;21;64;58;68;52;24299;108;3777;104.5;3.6;1.8;32.0;27.0;415;355;53.9;-6.3;293;260;53.0;-6.7;0;36;14
9364;74;74;41;21;39;20;6;8;16;0;0;0;0;39;15;10;24;71;68;72;159;32013;9389;69;102.2;5.3;2.9;41.2;27.4;645;416;60.8;1.3;505;319;61.3;0.8;2;12;4
9365;97;97;34;23;29;8;67;12;13;0;1;9;2;36;15;12;39;74;69;76;146;31818;8902;2961;101.4;3.8;2.4;35.6;25.2;567;422;57.3;19.3;437;316;58.0;19.9;2;61;31
9366;120;120;37;27;33;24;31;10;12;0;0;1;0;33;21;10;7;78;79;71;156;34404;10093;2769;99.2;4.8;2.3;40.0;17.9;741;328;69.3;10.2;529;242;68.6;9.5;7;39;14
9368;87;87;36;17;15;12;19;4;2;0;0;1;0;34;16;5;25;67;63;67;100;33733;3390;2210;103.1;3.5;2.0;31.3;24.8;600;415;59.1;10.4;430;314;57.8;8.7;3;30;11
9369;97;97;22;1;4;-3;37;0;2;0;0;0;0;19;10;11;32;62;51;75;39;19683;1840;1662;98.4;2.0;2.6;27.6;28.9;281;328;46.1;-3.4;207;231;47.3;-2.9;0;0;0
9370;98;98;32;5;19;-8;40;2;7;0;1;4;0;42;7;18;31;70;63;75;79;28963;7524;686;95.5;2.6;3.7;34.1;30.7;477;458;51.0;7.8;376;335;52.9;9.8;0;154;74
9371;68;68;41;11;22;9;97;3;3;0;2;15;4;114;11;14;39;76;63;82;113;33350;5799;5891;98.4;3.3;2.4;40.6;24.1;656;440;59.9;10.1;496;326;60.3;11.1;0;622;327
9373;96;96;34;12;18;1;56;4;7;0;0;2;0;23;16;17;24;80;61;91;74;30251;9569;1999;99.0;3.3;3.0;31.1;25.5;465;395;54.1;5.5;352;301;53.9;5.1;1;453;219
9374;92;92;37;12;23;-16;58;4;12;0;0;8;1;44;10;16;72;70;63;74;129;32532;8714;2619;101.5;3.1;4.6;24.0;40.6;387;707;35.4;5.4;301;509;37.2;7.4;2;97;49
9375;87;87;36;3;13;11;22;0;1;1;1;0;0;40;4;20;32;68;53;84;72;34917;2478;3989;101.3;4.1;3.1;31.8;26.4;573;485;54.2;3.2;430;362;54.3;3.7;0;0;0
9376;100;8;36;20;21;4;16;10;8;0;1;0;0;41;14;20;60;77;72;79;124;35367;8592;6871;97.1;3.8;3.3;33.9;23.3;635;460;58.0;16.3;467;330;58.6;17.3;2;99;46
9377;89;89;34;4;16;-10;22;2;7;0;0;0;0;43;5;15;70;72;55;88;66;35462;4235;3966;97.8;2.6;3.7;28.6;32.0;548;548;50.0;-1.3;402;420;48.9;-2.9;1;0;0
9378;80;80;42;7;9;10;21;0;0;0;0;0;0;19;4;11;18;61;55;65;55;19397;0;305;102.5;3.7;1.9;38.0;25.4;388;274;58.6;-19.0;282;190;59.7;-18.2;0;31;19
9380;100;100;36;7;14;1;58;3;5;0;0;4;1;55;9;10;45;69;55;83;74;39178;8054;3459;100.6;3.7;3.4;30.0;29.2;656;620;51.4;7.2;471;443;51.5;7.4;1;0;0
9381;86;86;27;18;19;18;4;6;10;0;0;0;0;42;6;4;19;71;70;67;83;21720;6870;241;106.8;5.0;1.8;35.5;25.4;412;297;58.1;0.1;284;207;57.8;0.4;3;42;24
9382;86;86;36;26;35;27;16;10;10;0;1;0;0;27;8;16;32;85;74;91;185;32618;9768;2183;100.2;5.8;2.8;42.5;20.3;704;339;67.5;15.0;511;248;67.3;15.4;3;40;16
9383;89;89;37;8;18;-12;98;1;3;0;0;14;3;89;15;16;103;85;66;93;101;33396;7447;6721;96.5;2.7;4.2;29.9;33.5;532;583;47.7;11.2;388;445;46.6;10.5;1;364;162
9385;90;90;34;10;18;7;25;0;3;0;0;3;1;46;6;10;54;72;62;79;72;27233;4067;2648;103.6;4.2;3.0;32.4;32.0;430;458;48.4;-0.6;327;336;49.3;0.4;3;37;13
9386;102;102;36;9;12;8;24;1;3;0;0;0;0;18;2;10;30;63;57;66;32;18505;3561;408;106.7;4.7;3.1;26.5;28.4;301;271;52.6;-10.9;201;204;49.6;-12.7;2;335;190
9387;90;90;3;1;2;3;2;0;0;0;0;0;0;5;2;1;1;72;53;94;8;3427;510;515;103.9;4.2;1.1;39.9;15.8;54;32;62.8;18.6;45;21;68.2;26.2;0;0;0
9388;104;104;35;2;8;-6;20;0;0;0;0;0;0;46;6;16;78;67;50;85;39;31372;541;6761;100.2;3.4;4.2;25.6;32.1;408;520;44.0;-8.2;305;385;44.2;-7.6;0;0;0
9389;66;66;39;6;31;8;154;2;19;1;0;28;14;65;9;18;27;71;66;72;117;30135;10097;429;95.7;3.0;2.0;44.1;18.3;685;333;67.3;10.6;507;234;68.4;11.8;1;47;22
9390;76;76;42;23;35;29;20;7;8;0;0;0;0;32;16;15;25;71;66;74;128;38936;5205;3109;102.0;5.1;2.4;39.9;22.5;760;471;61.7;5.1;575;355;61.8;3.6;3;27;12
9392;79;79;39;4;21;5;24;2;6;0;0;0;0;22;16;10;64;77;64;88;92;36598;4943;3000;100.2;3.0;2.6;32.4;27.6;607;550;52.5;-8.9;454;381;54.4;-7.3;0;1;0
9393;74;74;40;17;16;22;41;1;2;0;0;3;0;49;9;18;30;70;65;70;138;34938;2703;2205;100.8;4.6;2.3;41.9;22.1;716;426;62.7;3.9;549;314;63.6;4.0;5;45;23
9394;75;75;43;12;17;12;39;2;1;1;1;1;0;31;7;15;74;73;61;82;99;33835;5562;4315;101.9;4.1;3.0;34.5;29.3;581;520;52.8;0.2;435;387;52.9;0.7;3;276;151
9395;102;102;36;19;9;17;10;3;0;0;1;0;0;28;8;14;31;66;61;69;58;25967;897;4990;105.7;4.9;2.6;33.6;30.1;476;384;55.3;-8.4;340;289;54.1;-8.3;3;138;47
9396;80;80;42;7;37;68;34;2;2;0;1;0;0;42;8;7;29;64;60;67;141;46692;1831;3366;102.3;6.5;1.2;57.0;13.6;1367;372;78.6;6.2;1019;251;80.2;7.9;2;0;0
9397;71;71;37;11;13;-7;50;1;1;0;0;3;1;69;7;11;25;63;55;58;63;27812;249;14;97.5;3.5;4.4;33.9;34.4;479;468;50.6;-6.0;358;347;50.8;-5.4;1;18;8
9398;124;124;40;11;9;0;16;0;0;0;0;0;0;33;28;29;16;64;61;65;67;35820;1516;146;99.6;2.9;2.7;32.6;29.0;527;490;51.8;0.3;374;339;52.5;0.9;1;380;180
9399;67;67;40;18;25;9;41;6;10;1;1;3;0;103;17;50;130;86;58;97;133;41877;9285;8299;101.9;3.3;2.6;29.0;27.5;648;591;52.3;12.9;469;456;50.7;11.2;0;0;0
9400;70;70;28;9;20;27;18;0;6;0;0;2;0;38;3;12;32;74;62;84;114;28902;2834;2058;104.6;4.9;1.5;40.7;20.3;657;315;67.6;1.6;468;227;67.3;1.4;3;0;0
9401;80;80;41;19;32;55;90;1;3;1;1;12;3;98;15;16;20;71;68;68;130;36972;2439;4755;97.4;7.3;2.0;60.0;13.8;1119;283;79.8;7.0;843;209;80.1;6.7;4;93;44
9402;70;70;33;4;9;9;61;0;0;0;0;5;0;44;10;13;24;68;54;83;65;29609;578;1957;99.3;3.5;2.4;39.8;25.4;641;384;62.5;-1.6;466;293;61.4;-2.6;1;0;0
9403;75;75;41;21;16;2;52;8;4;1;1;4;0;63;9;18;72;86;69;91;129;37368;5789;4348;99.5;2.3;2.1;30.9;26.7;604;510;54.2;9.6;447;367;54.9;9.0;3;574;295
9404;115;115;37;25;45;28;35;6;17;0;0;3;0;37;12;33;76;89;80;92;148;36068;8854;3123;104.3;5.3;2.2;35.5;20.7;698;410;63.0;23.9;510;289;63.8;25.2;4;825;483
9405;68;68;42;18;43;6;20;10;17;0;1;0;0;46;19;38;120;81;71;88;175;49164;9547;4795;99.2;3.4;2.9;34.1;27.0;865;669;56.4;4.9;663;515;56.3;5.3;3;0;0
9406;47;47;15;2;1;-5;2;0;0;0;0;0;0;6;3;4;12;60;51;66;7;6163;71;2994;100.7;1.2;4.1;13.4;51.4;51;155;24.8;-13.3;37;119;23.7;-14.9;0;42;24
9407;95;95;36;3;8;0;16;0;4;0;0;0;0;18;8;2;13;56;51;61;16;14887;2922;574;100.8;4.8;4.6;30.7;30.7;235;214;52.3;-8.0;177;166;51.6;-8.7;0;80;33
9408;91;91;23;4;3;5;45;0;0;0;0;7;2;31;2;6;41;65;51;79;34;20459;252;3408;96.2;4.0;3.2;42.1;23.6;427;244;63.6;5.1;317;177;64.2;4.0;0;0;0
9409;71;71;42;17;18;17;37;4;4;0;0;5;2;46;11;11;39;69;63;72;88;33255;3483;2211;103.4;4.3;2.5;35.2;28.0;605;483;55.6;2.9;443;357;55.4;3.2;0;27;13
9410;63;63;7;0;1;-5;2;0;0;0;0;0;0;16;0;3;3;66;61;65;11;5870;266;437;85.7;0.0;3.1;34.3;21.5;106;60;63.9;5.6;76;43;63.9;5.0;0;67;39
9411;70;70;40;9;23;11;22;2;5;0;0;0;0;42;11;12;14;69;63;71;101;34053;5717;1558;98.3;3.5;2.2;42.3;22.2;705;409;63.3;-1.6;545;303;64.3;-0.0;3;606;303
9412;75;75;34;3;11;-9;10;1;3;0;1;0;0;27;16;11;27;62;55;66;54;27870;1544;4263;96.0;2.1;3.1;31.0;28.9;451;414;52.1;4.2;334;301;52.6;2.9;1;59;26
9413;78;78;44;12;9;-13;38;4;2;0;0;0;0;20;32;5;21;64;57;68;131;35802;7398;5074;97.8;2.4;3.4;30.7;33.9;566;572;49.7;1.1;418;439;48.8;-0.5;1;51;25
9414;101;101;21;6;16;5;10;0;3;1;1;0;0;27;14;10;23;69;61;72;42;18505;1374;3694;99.8;4.3;3.7;32.7;27.8;332;266;55.5;12.4;250;193;56.4;13.5;0;326;176
9415;64;64;29;2;13;-11;10;2;2;0;1;0;0;31;9;9;67;62;53;70;50;29874;3396;3098;99.0;2.9;4.1;25.9;33.6;406;519;43.9;4.2;303;371;45.0;6.3;0;0;0
9416;70;70;40;25;20;29;28;9;3;0;0;4;1;52;17;18;34;81;74;81;163;37273;4892;6518;98.7;4.3;1.5;49.4;15.3;911;321;73.9;15.1;672;231;74.4;15.6;4;206;113
9417;92;92;40;10;27;-2;20;5;11;0;0;0;0;35;8;16;77;78;65;87;90;28989;10138;1636;101.4;3.4;3.6;29.1;35.5;465;497;48.3;-8.4;317;368;46.3;-10.0;0;554;317
9418;108;108;24;6;17;10;52;2;6;0;1;1;0;25;7;21;49;71;59;83;70;23482;6831;4285;98.2;4.1;2.8;34.0;19.8;451;251;64.2;15.9;324;182;64.0;15.5;0;0;0
9419;63;63;42;23;35;52;53;3;5;0;0;7;1;58;23;15;30;75;68;78;173;40643;3803;6209;101.8;6.4;1.8;51.6;16.7;1043;341;75.4;20.1;783;264;74.8;19.5;4;191;82
9421;70;70;38;5;17;31;10;0;0;0;2;0;0;62;9;16;70;70;53;87;71;37626;525;5798;103.3;4.6;1.8;41.0;23.1;806;436;64.9;0.2;597;331;64.3;-0.4;0;0;0
9422;78;17;44;13;19;-4;33;7;6;0;0;1;0;60;18;20;44;73;63;77;120;38295;6261;6576;99.1;2.7;2.9;33.4;32.2;623;613;50.4;2.1;478;453;51.3;3.2;1;775;436
9423;63;63;39;7;34;16;59;2;11;0;0;9;2;75;7;12;46;60;51;69;127;40226;5607;4907;95.1;4.7;3.2;43.8;20.5;900;426;67.9;8.7;684;319;68.2;9.0;1;0;0
9424;111;111;36;13;22;12;40;3;4;0;0;2;1;19;5;4;15;63;61;60;83;29366;2635;436;100.0;4.2;2.7;38.0;24.5;575;345;62.5;4.8;419;257;62.0;5.2;2;5;2
9425;115;19;36;26;36;33;98;9;8;1;2;10;1;58;11;33;63;91;82;93;167;33753;8526;6640;104.6;5.7;2.1;37.9;20.7;676;397;63.0;23.5;501;275;64.6;25.9;5;286;148
9426;75;75;31;19;23;13;134;9;11;0;0;24;12;61;10;10;12;79;75;76;112;28274;7725;1036;100.1;3.9;2.3;39.0;22.9;556;344;61.8;16.1;423;244;63.4;16.5;3;80;35
9427;104;19;38;22;34;9;89;6;18;0;1;7;3;71;13;14;33;80;77;77;126;33823;10451;2996;99.8;4.6;3.5;34.8;26.3;610;464;56.8;10.6;452;339;57.1;11.3;2;126;49
9428;78;78;44;6;17;7;81;0;1;0;0;3;0;62;17;18;122;65;52;79;81;43484;3818;6048;102.6;3.1;2.4;30.5;32.1;677;710;48.8;-0.2;504;539;48.3;-1.3;0;0;0
9429;65;65;33;27;31;16;27;8;11;1;1;3;0;45;7;23;47;90;82;90;139;32853;8312;6256;103.2;4.4;2.5;34.7;26.6;560;437;56.2;21.2;419;331;55.9;21.1;4;765;436
9430;118;118;31;20;34;31;22;10;11;1;0;0;0;28;6;18;42;81;80;84;133;28350;8109;2379;105.3;5.6;1.7;43.3;21.6;643;304;67.9;12.1;476;234;67.0;11.2;1;28;12
9431;120;120;37;2;11;11;8;1;0;0;0;0;0;40;3;20;73;65;55;75;74;37077;2679;7101;99.5;3.7;2.7;34.6;24.4;686;462;59.8;-4.2;507;347;59.4;-4.5;0;0;0
9432;107;107;34;3;12;-28;183;2;3;0;0;29;9;96;3;18;110;78;56;91;52;34393;6913;2840;93.5;1.9;4.6;24.7;32.7;411;572;41.8;6.0;310;398;43.8;7.9;1;0;0
9433;94;94;37;3;13;10;43;1;2;0;0;3;0;58;17;26;99;73;52;92;56;36670;3445;6220;103.4;4.2;3.2;30.1;30.4;596;556;51.7;-0.7;446;416;51.7;-1.2;0;0;0
9434;64;64;38;7;14;-16;26;3;0;0;0;0;0;33;8;25;94;75;56;91;97;36875;7714;2714;98.0;2.7;4.1;25.6;32.4;502;611;45.1;2.0;369;454;44.8;2.2;1;1;1
9435;88;88;34;11;35;14;12;3;12;0;1;0;0;40;10;16;16;75;71;76;107;30824;7001;1285;100.4;4.2;2.5;40.1;24.3;588;347;62.9;7.7;452;279;61.8;7.1;0;81;46
9436;82;82;41;9;17;16;20;2;4;0;0;2;0;57;7;9;39;66;60;68;67;32991;870;3563;105.1;3.7;2.0;31.8;29.8;562;505;52.7;5.1;399;374;51.6;4.6;1;243;123
9437;83;83;41;10;14;9;30;0;1;1;0;0;0;28;7;14;28;64;60;65;62;27740;437;6978;101.1;3.9;3.0;34.4;29.3;505;427;54.2;-3.3;371;320;53.7;-3.7;2;138;58
9438;72;72;41;15;18;-1;45;0;2;2;2;1;1;53;17;16;35;66;56;68;66;36528;996;7339;94.3;3.6;4.2;33.5;25.5;669;484;58.0;5.8;470;365;56.3;3.5;3;751;384
9439;99;99;36;12;14;7;51;0;0;0;1;7;0;54;7;18;53;70;60;76;76;25508;887;3275;101.5;4.2;3.4;34.7;31.6;448;409;52.3;0.4;344;310;52.6;0.5;4;332;172
9440;82;82;34;9;7;-5;10;0;2;0;0;0;0;18;3;13;22;65;59;69;55;24169;4117;481;102.2;3.0;3.7;26.2;40.8;333;470;41.5;-8.1;242;368;39.7;-9.0;1;407;224
9441;119;119;37;5;12;-32;43;2;0;1;1;3;1;36;7;15;78;61;53;71;73;38535;3378;7030;94.4;2.1;5.2;24.5;37.3;440;749;37.0;3.8;345;547;38.7;4.5;0;1;0
9443;99;99;36;8;14;-3;6;1;7;0;0;0;0;15;8;9;26;65;54;76;47;15781;8518;173;102.8;4.3;3.9;29.4;32.4;240;281;46.1;-7.0;180;202;47.1;-6.1;0;142;74
9444;112;112;37;14;39;22;26;4;11;0;1;0;0;30;18;22;79;80;69;86;135;39262;11130;3242;101.2;4.4;2.4;36.0;21.7;766;426;64.3;11.7;545;327;62.5;9.7;3;0;0
9445;83;83;40;11;49;12;12;8;23;0;0;0;0;50;9;11;20;76;70;76;120;33725;9507;768;100.9;4.2;2.7;39.0;27.3;672;471;58.8;3.0;482;341;58.6;2.8;0;725;398
9446;79;79;34;11;19;16;12;4;5;0;0;0;0;39;16;8;14;70;65;71;98;31189;4604;3849;101.7;4.0;2.2;35.8;22.9;564;360;61.0;2.2;419;273;60.5;0.4;1;64;26
9447;106;106;37;12;33;5;26;3;10;2;1;0;0;34;11;40;100;81;62;94;144;37334;11413;7073;96.1;3.9;3.5;35.9;23.6;665;482;58.0;16.5;495;354;58.3;16.4;3;1;0
9448;93;93;35;8;18;-25;45;0;5;0;0;5;0;51;8;23;59;75;63;81;78;31870;4713;3638;98.8;2.8;5.6;24.3;43.9;376;668;36.0;-0.9;282;527;34.9;-2.5;1;547;289
9450;82;82;41;11;15;4;43;0;2;2;2;5;1;35;11;24;46;72;61;82;84;26151;3955;5304;102.1;3.9;3.9;30.4;36.6;395;460;46.2;-3.6;296;351;45.7;-3.2;1;558;282
9451;64;64;30;3;9;-3;27;0;1;1;1;0;0;40;8;20;102;73;51;91;45;30929;2162;5600;99.5;2.7;3.3;26.9;31.1;457;459;49.9;6.9;318;355;47.3;3.4;1;0;0
9452;84;84;44;12;10;-36;51;4;4;0;0;7;1;49;22;18;42;68;57;76;83;41321;7263;1077;96.2;1.7;4.4;21.9;37.7;532;788;40.3;9.5;370;602;38.1;7.8;0;735;378
9453;71;71;40;23;32;6;71;7;19;0;0;7;1;61;14;17;31;80;71;82;172;36758;7666;2282;98.2;3.6;2.9;42.1;28.2;782;480;62.0;12.3;569;373;60.4;10.8;4;805;400
9454;79;79;38;8;25;34;6;0;4;1;0;0;0;57;6;24;58;81;61;93;100;39164;3798;8395;104.8;4.5;1.6;35.5;19.9;715;436;62.1;5.6;521;318;62.1;4.1;3;0;0
9455;78;78;21;4;10;3;20;1;4;0;1;2;1;33;5;15;52;74;52;91;39;19533;3345;2667;101.1;3.7;2.9;33.9;30.0;316;303;51.1;3.9;247;229;51.9;3.6;0;0;0
9456;76;76;41;20;39;16;75;6;16;0;0;11;5;63;15;12;71;88;76;94;215;43510;11592;3779;97.1;4.4;3.0;39.1;21.1;849;489;63.5;7.1;643;362;64.0;6.1;1;0;0
9457;65;65;40;9;17;-12;18;1;4;1;0;0;0;97;16;27;104;76;57;89;102;42967;7795;7697;99.7;3.4;4.4;28.9;35.7;627;775;44.7;7.6;461;576;44.5;7.4;0;0;0
9458;141;25;8;4;1;2;2;0;0;0;0;0;0;7;3;0;2;54;53;50;7;4002;130;150;98.4;7.2;5.4;37.8;26.1;70;52;57.4;4.3;51;41;55.4;1.7;2;3;1
9460;140;17;41;4;13;-11;20;0;0;1;0;0;0;63;13;24;73;62;51;73;69;43818;224;6030;97.4;2.7;3.7;26.1;28.4;583;664;46.8;4.4;437;495;46.9;4.6;1;0;0
9461;151;152;42;3;18;0;10;1;2;0;1;0;0;62;16;19;58;65;54;76;85;44067;2267;3205;99.0;2.8;2.7;28.5;25.0;666;591;53.0;5.0;484;428;53.1;4.9;1;0;0
9462;137;28;42;11;12;3;29;0;0;1;1;0;0;55;17;33;109;80;63;87;98;45123;558;6950;100.0;2.1;2.0;27.4;26.5;659;627;51.2;6.1;485;458;51.4;6.5;2;866;435
9945;143;18;25;5;6;0;2;1;1;0;1;0;0;19;8;6;10;62;57;66;30;17083;1519;1425;102.0;1.5;1.5;23.6;34.6;211;269;44.0;-0.1;156;209;42.7;-1.2;2;60;28
9946;145;3;13;5;3;2;7;1;0;0;0;0;0;20;3;3;3;68;64;69;33;10920;973;199;95.6;3.6;2.6;41.5;20.1;220;121;64.5;-6.2;164;89;64.8;-5.7;0;8;3
9947;68;68;3;0;0;-1;10;0;0;0;0;2;0;1;1;0;0;65;64;61;6;2535;740;0;89.0;1.4;2.8;42.6;19.9;53;23;69.7;12.6;39;20;66.1;8.0;0;14;6
9948;68;68;3;0;2;-1;17;0;0;0;0;3;2;6;1;1;1;70;60;63;7;2450;218;81;89.2;2.9;2.9;50.0;17.6;57;29;66.3;8.2;43;19;69.4;12.8;0;0;0
9949;110;110;2;0;2;0;0;0;1;0;0;0;0;2;0;1;0;73;68;76;3;2019;438;7;97.1;3.6;3.6;28.5;23.2;29;26;52.7;-3.7;22;18;55.0;-3.2;0;34;20
9950;88;88;5;1;1;-3;2;0;0;0;0;0;0;5;3;1;1;56;54;57;9;5128;213;204;93.2;2.8;4.9;25.3;27.4;66;81;44.9;-2.0;45;60;42.9;-0.7;0;0;0
9951;106;106;3;0;5;2;0;0;2;0;0;0;0;7;2;1;5;82;72;84;14;2252;1014;255;97.8;6.4;3.2;32.0;14.4;33;21;61.1;4.2;26;13;66.7;5.1;0;64;38
9952;106;106;3;2;1;0;4;1;0;0;0;0;0;4;0;2;3;81;68;90;15;2085;969;284;85.5;3.5;3.5;44.9;15.5;45;24;65.2;10.5;35;14;71.4;12.3;0;0;0
9953;106;106;3;1;0;0;2;0;0;0;0;0;0;2;0;0;1;66;56;73;5;1189;829;0;98.3;3.0;3.0;36.3;30.3;19;19;50.0;-9.5;16;13;55.2;-9.1;0;34;16
9955;96;-1;1;0;2;1;0;0;1;0;0;0;0;0;0;0;0;67;67;64;1;1054;84;78;112.5;3.4;0.0;27.3;44.4;10;27;27.0;-15.8;9;17;34.6;-8.2;0;0;0
9961;86;86;3;3;0;2;7;1;0;0;0;1;0;5;0;0;3;64;52;73;11;2524;569;240;105.7;7.1;4.3;35.7;30.0;36;31;53.7;-1.6;29;25;53.7;-2.4;0;0;0
9965;65;65;3;0;1;0;6;0;0;0;0;0;0;2;0;0;5;68;56;83;8;3074;119;136;103.4;3.5;3.5;28.1;38.6;42;56;42.9;-4.8;33;42;44.0;-8.2;0;0;0
9966;75;75;1;0;0;-6;0;0;0;0;0;0;0;0;0;0;0;28;49;8;0;1060;0;53;62.5;0.0;20.4;37.4;54.3;18;26;40.9;-3.9;14;22;38.9;-9.5;0;0;0
