PlayerId;Team;NTC;NMC;ELC;UFA;Scholarship;Average Salary;Major 2028;Major 2029;Major 2030;Major 2031;Major 2032;Major 2033;Major 2034;Major 2035;Major 2036;Major 2037;Major 2038;Major 2039;Major 2040;Major 2041;Minor 2028;Minor 2029;Minor 2030;Minor 2031;Minor 2032;Minor 2033;Minor 2034;Minor 2035;Minor 2036;Minor 2037;Minor 2038;Minor 2039;Minor 2040;Minor 2041
0;18;No;No;No;Yes;-;2610000;2610000;-1;-1;-1;-1;-1;-1;-1;-1;-1;-1;-1;-1;-1;-1;-1;-1;-1;-1;-1;-1;-1;-1;-1;-1;-1;-1;-1
1;9;No;No;No;Yes;-;1000000;1000000;-1;-1;-1;-1;-1;-1;-1;-1;-1;-1;-1;-1;-1;-1;-1;-1;-1;-1;-1;-1;-1;-1;-1;-1;-1;-1;-1
7;30;No;No;No;Yes;-;1790000;1790000;1790000;-1;-1;-1;-1;-1;-1;-1;-1;-1;-1;-1;-1;-1;-1;-1;-1;-1;-1;-1;-1;-1;-1;-1;-1;-1;-1
8;30;No;No;No;Yes;-;1125000;1125000;1125000;-1;-1;-1;-1;-1;-1;-1;-1;-1;-1;-1;-1;-1;-1;-1;-1;-1;-1;-1;-1;-1;-1;-1;-1;-1;-1
16;14;No;No;No;Yes;-;3000000;3000000;-1;-1;-1;-1;-1;-1;-1;-1;-1;-1;-1;-1;-1;-1;-1;-1;-1;-1;-1;-1;-1;-1;-1;-1;-1;-1;-1
30;24;No;No;No;Yes;-;2500000;2500000;-1;-1;-1;-1;-1;-1;-1;-1;-1;-1;-1;-1;-1;-1;-1;-1;-1;-1;-1;-1;-1;-1;-1;-1;-1;-1;-1
43;152;No;No;No;Yes;-;1500000;1500000;-1;-1;-1;-1;-1;-1;-1;-1;-1;-1;-1;-1;-1;-1;-1;-1;-1;-1;-1;-1;-1;-1;-1;-1;-1;-1;-1
66;124;No;No;No;Yes;-;1125000;1125000;1125000;-1;-1;-1;-1;-1;-1;-1;-1;-1;-1;-1;-1;-1;-1;-1;-1;-1;-1;-1;-1;-1;-1;-1;-1;-1;-1
82;28;No;No;No;Yes;-;3600000;3600000;-1;-1;-1;-1;-1;-1;-1;-1;-1;-1;-1;-1;-1;-1;-1;-1;-1;-1;-1;-1;-1;-1;-1;-1;-1;-1;-1
93;29;No;Yes;No;Yes;-;6800000;6800000;-1;-1;-1;-1;-1;-1;-1;-1;-1;-1;-1;-1;-1;-1;-1;-1;-1;-1;-1;-1;-1;-1;-1;-1;-1;-1;-1
107;19;No;No;No;Yes;-;1530000;1530000;-1;-1;-1;-1;-1;-1;-1;-1;-1;-1;-1;-1;-1;-1;-1;-1;-1;-1;-1;-1;-1;-1;-1;-1;-1;-1;-1
110;25;No;No;No;No;-;980000;980000;-1;-1;-1;-1;-1;-1;-1;-1;-1;-1;-1;-1;-1;-1;-1;-1;-1;-1;-1;-1;-1;-1;-1;-1;-1;-1;-1
112;14;No;No;No;No;-;1050000;1050000;1050000;-1;-1;-1;-1;-1;-1;-1;-1;-1;-1;-1;-1;-1;-1;-1;-1;-1;-1;-1;-1;-1;-1;-1;-1;-1;-1
117;29;No;No;No;Yes;-;3150000;3150000;3150000;3150000;-1;-1;-1;-1;-1;-1;-1;-1;-1;-1;-1;-1;-1;-1;-1;-1;-1;-1;-1;-1;-1;-1;-1;-1;-1
118;10;No;No;No;Yes;-;2290000;2290000;2290000;-1;-1;-1;-1;-1;-1;-1;-1;-1;-1;-1;-1;-1;-1;-1;-1;-1;-1;-1;-1;-1;-1;-1;-1;-1;-1
128;12;No;No;Yes;No;-;5750000;5750000;-1;-1;-1;-1;-1;-1;-1;-1;-1;-1;-1;-1;-1;-1;-1;-1;-1;-1;-1;-1;-1;-1;-1;-1;-1;-1;-1
129;2;No;No;No;No;-;990000;990000;-1;-1;-1;-1;-1;-1;-1;-1;-1;-1;-1;-1;-1;-1;-1;-1;-1;-1;-1;-1;-1;-1;-1;-1;-1;-1;-1
137;14;No;No;No;Yes;-;1000000;1000000;-1;-1;-1;-1;-1;-1;-1;-1;-1;-1;-1;-1;-1;-1;-1;-1;-1;-1;-1;-1;-1;-1;-1;-1;-1;-1;-1
142;12;No;No;No;Yes;-;2000000;2000000;-1;-1;-1;-1;-1;-1;-1;-1;-1;-1;-1;-1;-1;-1;-1;-1;-1;-1;-1;-1;-1;-1;-1;-1;-1;-1;-1
143;7;No;No;No;Yes;-;1200000;1200000;1200000;-1;-1;-1;-1;-1;-1;-1;-1;-1;-1;-1;-1;-1;-1;-1;-1;-1;-1;-1;-1;-1;-1;-1;-1;-1;-1
153;3;No;Yes;No;Yes;-;5750000;5750000;-1;-1;-1;-1;-1;-1;-1;-1;-1;-1;-1;-1;-1;-1;-1;-1;-1;-1;-1;-1;-1;-1;-1;-1;-1;-1;-1
162;20;No;No;No;Yes;-;850000;850000;-1;-1;-1;-1;-1;-1;-1;-1;-1;-1;-1;-1;-1;-1;-1;-1;-1;-1;-1;-1;-1;-1;-1;-1;-1;-1;-1
205;10;No;No;No;No;-;865000;865000;865000;-1;-1;-1;-1;-1;-1;-1;-1;-1;-1;-1;-1;-1;-1;-1;-1;-1;-1;-1;-1;-1;-1;-1;-1;-1;-1
207;1;No;No;No;Yes;-;7000000;7000000;-1;-1;-1;-1;-1;-1;-1;-1;-1;-1;-1;-1;-1;-1;-1;-1;-1;-1;-1;-1;-1;-1;-1;-1;-1;-1;-1
215;26;No;Yes;No;Yes;-;6800000;6800000;-1;-1;-1;-1;-1;-1;-1;-1;-1;-1;-1;-1;-1;-1;-1;-1;-1;-1;-1;-1;-1;-1;-1;-1;-1;-1;-1
217;25;No;Yes;No;Yes;-;7000000;7000000;-1;-1;-1;-1;-1;-1;-1;-1;-1;-1;-1;-1;-1;-1;-1;-1;-1;-1;-1;-1;-1;-1;-1;-1;-1;-1;-1
221;17;No;No;No;Yes;-;5125000;5125000;-1;-1;-1;-1;-1;-1;-1;-1;-1;-1;-1;-1;-1;-1;-1;-1;-1;-1;-1;-1;-1;-1;-1;-1;-1;-1;-1
231;152;No;Yes;No;Yes;-;8500000;8500000;8500000;-1;-1;-1;-1;-1;-1;-1;-1;-1;-1;-1;-1;-1;-1;-1;-1;-1;-1;-1;-1;-1;-1;-1;-1;-1;-1
234;26;No;No;No;Yes;-;4000000;4000000;-1;-1;-1;-1;-1;-1;-1;-1;-1;-1;-1;-1;-1;-1;-1;-1;-1;-1;-1;-1;-1;-1;-1;-1;-1;-1;-1
262;41;No;No;No;No;-;190000;190000;-1;-1;-1;-1;-1;-1;-1;-1;-1;-1;-1;-1;-1;190000;-1;-1;-1;-1;-1;-1;-1;-1;-1;-1;-1;-1;-1
294;26;No;No;No;Yes;-;3307142;3750000;-1;-1;-1;-1;-1;-1;-1;-1;-1;-1;-1;-1;-1;-1;-1;-1;-1;-1;-1;-1;-1;-1;-1;-1;-1;-1;-1
300;18;No;No;No;Yes;-;4408333;4850000;-1;-1;-1;-1;-1;-1;-1;-1;-1;-1;-1;-1;-1;-1;-1;-1;-1;-1;-1;-1;-1;-1;-1;-1;-1;-1;-1
305;14;Yes;Yes;No;Yes;-;8000000;8000000;8000000;8000000;-1;-1;-1;-1;-1;-1;-1;-1;-1;-1;-1;-1;-1;-1;-1;-1;-1;-1;-1;-1;-1;-1;-1;-1;-1
332;30;No;No;No;Yes;-;850000;850000;-1;-1;-1;-1;-1;-1;-1;-1;-1;-1;-1;-1;-1;-1;-1;-1;-1;-1;-1;-1;-1;-1;-1;-1;-1;-1;-1
340;17;Yes;Yes;No;Yes;-;9250000;9250000;9250000;-1;-1;-1;-1;-1;-1;-1;-1;-1;-1;-1;-1;-1;-1;-1;-1;-1;-1;-1;-1;-1;-1;-1;-1;-1;-1
343;154;No;No;No;No;-;5750000;5750000;-1;-1;-1;-1;-1;-1;-1;-1;-1;-1;-1;-1;-1;-1;-1;-1;-1;-1;-1;-1;-1;-1;-1;-1;-1;-1;-1
344;10;No;No;No;No;-;975000;975000;975000;-1;-1;-1;-1;-1;-1;-1;-1;-1;-1;-1;-1;-1;-1;-1;-1;-1;-1;-1;-1;-1;-1;-1;-1;-1;-1
350;10;No;No;No;Yes;-;850000;850000;-1;-1;-1;-1;-1;-1;-1;-1;-1;-1;-1;-1;-1;-1;-1;-1;-1;-1;-1;-1;-1;-1;-1;-1;-1;-1;-1
353;154;No;No;No;Yes;-;2750000;2750000;-1;-1;-1;-1;-1;-1;-1;-1;-1;-1;-1;-1;-1;-1;-1;-1;-1;-1;-1;-1;-1;-1;-1;-1;-1;-1;-1
361;27;No;No;No;Yes;-;6500000;6500000;6500000;6500000;6500000;-1;-1;-1;-1;-1;-1;-1;-1;-1;-1;-1;-1;-1;-1;-1;-1;-1;-1;-1;-1;-1;-1;-1;-1
364;20;No;No;No;Yes;-;850000;850000;-1;-1;-1;-1;-1;-1;-1;-1;-1;-1;-1;-1;-1;-1;-1;-1;-1;-1;-1;-1;-1;-1;-1;-1;-1;-1;-1
377;14;No;No;No;Yes;-;1800000;1800000;1800000;1800000;-1;-1;-1;-1;-1;-1;-1;-1;-1;-1;-1;-1;-1;-1;-1;-1;-1;-1;-1;-1;-1;-1;-1;-1;-1
398;12;No;No;No;Yes;-;5833142;4928000;-1;-1;-1;-1;-1;-1;-1;-1;-1;-1;-1;-1;-1;-1;-1;-1;-1;-1;-1;-1;-1;-1;-1;-1;-1;-1;-1
401;17;No;No;No;Yes;-;5860000;5860000;5860000;-1;-1;-1;-1;-1;-1;-1;-1;-1;-1;-1;-1;-1;-1;-1;-1;-1;-1;-1;-1;-1;-1;-1;-1;-1;-1
402;1;No;Yes;No;Yes;-;7500000;7500000;7500000;-1;-1;-1;-1;-1;-1;-1;-1;-1;-1;-1;-1;-1;-1;-1;-1;-1;-1;-1;-1;-1;-1;-1;-1;-1;-1
408;18;No;Yes;No;Yes;-;7800000;7800000;7800000;7800000;-1;-1;-1;-1;-1;-1;-1;-1;-1;-1;-1;-1;-1;-1;-1;-1;-1;-1;-1;-1;-1;-1;-1;-1;-1
419;8;No;No;No;Yes;-;1125000;1125000;1125000;-1;-1;-1;-1;-1;-1;-1;-1;-1;-1;-1;-1;-1;-1;-1;-1;-1;-1;-1;-1;-1;-1;-1;-1;-1;-1
427;17;Yes;Yes;No;Yes;-;6000000;4000000;-1;-1;-1;-1;-1;-1;-1;-1;-1;-1;-1;-1;-1;-1;-1;-1;-1;-1;-1;-1;-1;-1;-1;-1;-1;-1;-1
430;8;No;Yes;No;Yes;-;14400000;14400000;14400000;-1;-1;-1;-1;-1;-1;-1;-1;-1;-1;-1;-1;-1;-1;-1;-1;-1;-1;-1;-1;-1;-1;-1;-1;-1;-1
442;12;No;No;No;Yes;-;1340000;1340000;1340000;-1;-1;-1;-1;-1;-1;-1;-1;-1;-1;-1;-1;-1;-1;-1;-1;-1;-1;-1;-1;-1;-1;-1;-1;-1;-1
443;7;No;No;No;Yes;-;3090000;3090000;3090000;3090000;-1;-1;-1;-1;-1;-1;-1;-1;-1;-1;-1;-1;-1;-1;-1;-1;-1;-1;-1;-1;-1;-1;-1;-1;-1
467;14;No;No;No;No;-;800000;800000;-1;-1;-1;-1;-1;-1;-1;-1;-1;-1;-1;-1;-1;-1;-1;-1;-1;-1;-1;-1;-1;-1;-1;-1;-1;-1;-1
469;21;No;No;No;Yes;-;3300000;3300000;3300000;-1;-1;-1;-1;-1;-1;-1;-1;-1;-1;-1;-1;-1;-1;-1;-1;-1;-1;-1;-1;-1;-1;-1;-1;-1;-1
472;19;No;No;No;Yes;-;4380000;4380000;4380000;-1;-1;-1;-1;-1;-1;-1;-1;-1;-1;-1;-1;-1;-1;-1;-1;-1;-1;-1;-1;-1;-1;-1;-1;-1;-1
473;20;No;Yes;No;Yes;-;3750000;3750000;3750000;3750000;-1;-1;-1;-1;-1;-1;-1;-1;-1;-1;-1;-1;-1;-1;-1;-1;-1;-1;-1;-1;-1;-1;-1;-1;-1
475;7;No;No;No;Yes;-;3900000;3900000;-1;-1;-1;-1;-1;-1;-1;-1;-1;-1;-1;-1;-1;-1;-1;-1;-1;-1;-1;-1;-1;-1;-1;-1;-1;-1;-1
489;26;No;No;No;Yes;-;1000000;1000000;-1;-1;-1;-1;-1;-1;-1;-1;-1;-1;-1;-1;-1;-1;-1;-1;-1;-1;-1;-1;-1;-1;-1;-1;-1;-1;-1
491;29;No;Yes;No;Yes;-;4345000;4345000;4345000;-1;-1;-1;-1;-1;-1;-1;-1;-1;-1;-1;-1;-1;-1;-1;-1;-1;-1;-1;-1;-1;-1;-1;-1;-1;-1
504;8;No;No;No;Yes;-;2095000;2095000;2095000;2095000;-1;-1;-1;-1;-1;-1;-1;-1;-1;-1;-1;-1;-1;-1;-1;-1;-1;-1;-1;-1;-1;-1;-1;-1;-1
508;152;No;No;No;Yes;-;5660000;5660000;5660000;5660000;5660000;-1;-1;-1;-1;-1;-1;-1;-1;-1;-1;-1;-1;-1;-1;-1;-1;-1;-1;-1;-1;-1;-1;-1;-1
509;124;No;No;No;No;-;1125000;1125000;1125000;-1;-1;-1;-1;-1;-1;-1;-1;-1;-1;-1;-1;-1;-1;-1;-1;-1;-1;-1;-1;-1;-1;-1;-1;-1;-1
510;10;No;No;No;No;-;1060000;1060000;1060000;-1;-1;-1;-1;-1;-1;-1;-1;-1;-1;-1;-1;-1;-1;-1;-1;-1;-1;-1;-1;-1;-1;-1;-1;-1;-1
512;9;No;No;No;Yes;-;9150000;9150000;9150000;9150000;9150000;-1;-1;-1;-1;-1;-1;-1;-1;-1;-1;-1;-1;-1;-1;-1;-1;-1;-1;-1;-1;-1;-1;-1;-1
513;19;No;No;No;No;-;2920000;2920000;2920000;-1;-1;-1;-1;-1;-1;-1;-1;-1;-1;-1;-1;-1;-1;-1;-1;-1;-1;-1;-1;-1;-1;-1;-1;-1;-1
516;124;No;No;No;Yes;-;1150000;1150000;1150000;-1;-1;-1;-1;-1;-1;-1;-1;-1;-1;-1;-1;-1;-1;-1;-1;-1;-1;-1;-1;-1;-1;-1;-1;-1;-1
517;30;No;No;No;Yes;-;1125000;1125000;-1;-1;-1;-1;-1;-1;-1;-1;-1;-1;-1;-1;-1;-1;-1;-1;-1;-1;-1;-1;-1;-1;-1;-1;-1;-1;-1
519;25;No;No;No;No;-;4692857;3650000;3650000;-1;-1;-1;-1;-1;-1;-1;-1;-1;-1;-1;-1;-1;-1;-1;-1;-1;-1;-1;-1;-1;-1;-1;-1;-1;-1
522;8;No;No;No;Yes;-;7250000;7250000;-1;-1;-1;-1;-1;-1;-1;-1;-1;-1;-1;-1;-1;-1;-1;-1;-1;-1;-1;-1;-1;-1;-1;-1;-1;-1;-1
530;12;No;No;No;Yes;-;3500000;3500000;3500000;3500000;3500000;-1;-1;-1;-1;-1;-1;-1;-1;-1;-1;-1;-1;-1;-1;-1;-1;-1;-1;-1;-1;-1;-1;-1;-1
536;27;Yes;No;No;Yes;-;4200000;4200000;-1;-1;-1;-1;-1;-1;-1;-1;-1;-1;-1;-1;-1;-1;-1;-1;-1;-1;-1;-1;-1;-1;-1;-1;-1;-1;-1
540;21;No;No;No;Yes;-;1530000;1530000;-1;-1;-1;-1;-1;-1;-1;-1;-1;-1;-1;-1;-1;-1;-1;-1;-1;-1;-1;-1;-1;-1;-1;-1;-1;-1;-1
543;152;No;No;No;No;-;1125000;1125000;-1;-1;-1;-1;-1;-1;-1;-1;-1;-1;-1;-1;-1;-1;-1;-1;-1;-1;-1;-1;-1;-1;-1;-1;-1;-1;-1
549;152;No;No;No;Yes;-;1500000;1500000;-1;-1;-1;-1;-1;-1;-1;-1;-1;-1;-1;-1;-1;-1;-1;-1;-1;-1;-1;-1;-1;-1;-1;-1;-1;-1;-1
554;0;No;No;No;Yes;-;1530000;1530000;-1;-1;-1;-1;-1;-1;-1;-1;-1;-1;-1;-1;-1;-1;-1;-1;-1;-1;-1;-1;-1;-1;-1;-1;-1;-1;-1
567;24;No;No;No;Yes;-;8990000;8990000;8990000;8990000;8990000;-1;-1;-1;-1;-1;-1;-1;-1;-1;-1;-1;-1;-1;-1;-1;-1;-1;-1;-1;-1;-1;-1;-1;-1
581;29;No;No;No;Yes;-;3600000;3600000;-1;-1;-1;-1;-1;-1;-1;-1;-1;-1;-1;-1;-1;-1;-1;-1;-1;-1;-1;-1;-1;-1;-1;-1;-1;-1;-1
609;26;No;No;No;Yes;-;1500000;1500000;1500000;-1;-1;-1;-1;-1;-1;-1;-1;-1;-1;-1;-1;-1;-1;-1;-1;-1;-1;-1;-1;-1;-1;-1;-1;-1;-1
612;30;No;No;No;Yes;-;850000;850000;-1;-1;-1;-1;-1;-1;-1;-1;-1;-1;-1;-1;-1;-1;-1;-1;-1;-1;-1;-1;-1;-1;-1;-1;-1;-1;-1
618;0;No;No;No;Yes;-;6210000;6210000;-1;-1;-1;-1;-1;-1;-1;-1;-1;-1;-1;-1;-1;-1;-1;-1;-1;-1;-1;-1;-1;-1;-1;-1;-1;-1;-1
652;153;No;No;No;No;-;160000;160000;-1;-1;-1;-1;-1;-1;-1;-1;-1;-1;-1;-1;-1;160000;-1;-1;-1;-1;-1;-1;-1;-1;-1;-1;-1;-1;-1
662;24;No;No;No;Yes;-;3600000;3600000;-1;-1;-1;-1;-1;-1;-1;-1;-1;-1;-1;-1;-1;-1;-1;-1;-1;-1;-1;-1;-1;-1;-1;-1;-1;-1;-1
664;3;No;No;No;Yes;-;1540000;1540000;1540000;1540000;-1;-1;-1;-1;-1;-1;-1;-1;-1;-1;-1;-1;-1;-1;-1;-1;-1;-1;-1;-1;-1;-1;-1;-1;-1
665;124;No;No;No;Yes;-;1330000;1330000;1330000;-1;-1;-1;-1;-1;-1;-1;-1;-1;-1;-1;-1;-1;-1;-1;-1;-1;-1;-1;-1;-1;-1;-1;-1;-1;-1
668;14;No;No;No;Yes;-;1520000;1520000;1520000;-1;-1;-1;-1;-1;-1;-1;-1;-1;-1;-1;-1;-1;-1;-1;-1;-1;-1;-1;-1;-1;-1;-1;-1;-1;-1
670;154;No;No;No;Yes;-;2350000;2350000;2350000;2350000;-1;-1;-1;-1;-1;-1;-1;-1;-1;-1;-1;-1;-1;-1;-1;-1;-1;-1;-1;-1;-1;-1;-1;-1;-1
676;30;No;No;No;Yes;-;1530000;1530000;-1;-1;-1;-1;-1;-1;-1;-1;-1;-1;-1;-1;-1;-1;-1;-1;-1;-1;-1;-1;-1;-1;-1;-1;-1;-1;-1
687;3;No;No;No;Yes;-;1160000;1160000;1160000;-1;-1;-1;-1;-1;-1;-1;-1;-1;-1;-1;-1;-1;-1;-1;-1;-1;-1;-1;-1;-1;-1;-1;-1;-1;-1
689;2;No;No;No;Yes;-;5250000;5250000;-1;-1;-1;-1;-1;-1;-1;-1;-1;-1;-1;-1;-1;-1;-1;-1;-1;-1;-1;-1;-1;-1;-1;-1;-1;-1;-1
690;154;No;No;No;Yes;-;3700000;3700000;3700000;3700000;3700000;-1;-1;-1;-1;-1;-1;-1;-1;-1;-1;-1;-1;-1;-1;-1;-1;-1;-1;-1;-1;-1;-1;-1;-1
696;29;No;No;No;Yes;-;1720000;1720000;1720000;1720000;-1;-1;-1;-1;-1;-1;-1;-1;-1;-1;-1;-1;-1;-1;-1;-1;-1;-1;-1;-1;-1;-1;-1;-1;-1
697;12;No;No;No;Yes;-;8470000;8470000;8470000;-1;-1;-1;-1;-1;-1;-1;-1;-1;-1;-1;-1;-1;-1;-1;-1;-1;-1;-1;-1;-1;-1;-1;-1;-1;-1
703;1;No;No;No;Yes;-;3500000;3500000;-1;-1;-1;-1;-1;-1;-1;-1;-1;-1;-1;-1;-1;-1;-1;-1;-1;-1;-1;-1;-1;-1;-1;-1;-1;-1;-1
704;3;No;No;No;Yes;-;1500000;1500000;-1;-1;-1;-1;-1;-1;-1;-1;-1;-1;-1;-1;-1;-1;-1;-1;-1;-1;-1;-1;-1;-1;-1;-1;-1;-1;-1
705;30;No;No;No;Yes;-;1080000;1080000;-1;-1;-1;-1;-1;-1;-1;-1;-1;-1;-1;-1;-1;-1;-1;-1;-1;-1;-1;-1;-1;-1;-1;-1;-1;-1;-1
714;10;No;No;No;Yes;-;2500000;2500000;-1;-1;-1;-1;-1;-1;-1;-1;-1;-1;-1;-1;-1;-1;-1;-1;-1;-1;-1;-1;-1;-1;-1;-1;-1;-1;-1
717;18;No;No;No;Yes;-;6670000;6670000;-1;-1;-1;-1;-1;-1;-1;-1;-1;-1;-1;-1;-1;-1;-1;-1;-1;-1;-1;-1;-1;-1;-1;-1;-1;-1;-1
720;30;No;No;No;No;-;1100000;1100000;-1;-1;-1;-1;-1;-1;-1;-1;-1;-1;-1;-1;-1;-1;-1;-1;-1;-1;-1;-1;-1;-1;-1;-1;-1;-1;-1
728;30;No;No;No;Yes;-;4250000;4250000;4250000;4250000;4250000;-1;-1;-1;-1;-1;-1;-1;-1;-1;-1;-1;-1;-1;-1;-1;-1;-1;-1;-1;-1;-1;-1;-1;-1
729;10;No;No;No;Yes;-;4060000;4060000;-1;-1;-1;-1;-1;-1;-1;-1;-1;-1;-1;-1;-1;-1;-1;-1;-1;-1;-1;-1;-1;-1;-1;-1;-1;-1;-1
731;23;No;No;No;No;-;1120000;1120000;1120000;-1;-1;-1;-1;-1;-1;-1;-1;-1;-1;-1;-1;-1;-1;-1;-1;-1;-1;-1;-1;-1;-1;-1;-1;-1;-1
732;124;No;No;No;Yes;-;1500000;1500000;-1;-1;-1;-1;-1;-1;-1;-1;-1;-1;-1;-1;-1;-1;-1;-1;-1;-1;-1;-1;-1;-1;-1;-1;-1;-1;-1
736;9;No;No;No;Yes;-;900000;900000;-1;-1;-1;-1;-1;-1;-1;-1;-1;-1;-1;-1;-1;-1;-1;-1;-1;-1;-1;-1;-1;-1;-1;-1;-1;-1;-1
737;124;No;No;No;Yes;-;1100000;1100000;-1;-1;-1;-1;-1;-1;-1;-1;-1;-1;-1;-1;-1;-1;-1;-1;-1;-1;-1;-1;-1;-1;-1;-1;-1;-1;-1
738;18;No;No;No;Yes;-;1530000;1530000;-1;-1;-1;-1;-1;-1;-1;-1;-1;-1;-1;-1;-1;-1;-1;-1;-1;-1;-1;-1;-1;-1;-1;-1;-1;-1;-1
739;23;No;No;No;Yes;-;1450000;1450000;-1;-1;-1;-1;-1;-1;-1;-1;-1;-1;-1;-1;-1;-1;-1;-1;-1;-1;-1;-1;-1;-1;-1;-1;-1;-1;-1
748;124;No;No;No;Yes;-;6500000;6500000;6500000;-1;-1;-1;-1;-1;-1;-1;-1;-1;-1;-1;-1;-1;-1;-1;-1;-1;-1;-1;-1;-1;-1;-1;-1;-1;-1
754;17;Yes;No;No;Yes;-;6500000;6500000;6500000;-1;-1;-1;-1;-1;-1;-1;-1;-1;-1;-1;-1;-1;-1;-1;-1;-1;-1;-1;-1;-1;-1;-1;-1;-1;-1
758;29;No;No;No;Yes;-;3820000;3820000;3820000;3820000;-1;-1;-1;-1;-1;-1;-1;-1;-1;-1;-1;-1;-1;-1;-1;-1;-1;-1;-1;-1;-1;-1;-1;-1;-1
762;25;No;No;No;Yes;-;1450000;1450000;-1;-1;-1;-1;-1;-1;-1;-1;-1;-1;-1;-1;-1;-1;-1;-1;-1;-1;-1;-1;-1;-1;-1;-1;-1;-1;-1
764;14;No;No;No;Yes;-;1000000;1000000;-1;-1;-1;-1;-1;-1;-1;-1;-1;-1;-1;-1;-1;-1;-1;-1;-1;-1;-1;-1;-1;-1;-1;-1;-1;-1;-1
765;2;No;No;No;No;-;1040000;1040000;-1;-1;-1;-1;-1;-1;-1;-1;-1;-1;-1;-1;-1;-1;-1;-1;-1;-1;-1;-1;-1;-1;-1;-1;-1;-1;-1
766;7;No;No;No;Yes;-;3480000;3480000;-1;-1;-1;-1;-1;-1;-1;-1;-1;-1;-1;-1;-1;-1;-1;-1;-1;-1;-1;-1;-1;-1;-1;-1;-1;-1;-1
768;14;No;No;No;No;-;1090000;1090000;1090000;-1;-1;-1;-1;-1;-1;-1;-1;-1;-1;-1;-1;-1;-1;-1;-1;-1;-1;-1;-1;-1;-1;-1;-1;-1;-1
771;31;No;No;No;Yes;-;7650000;7650000;7650000;7650000;7650000;7650000;-1;-1;-1;-1;-1;-1;-1;-1;-1;-1;-1;-1;-1;-1;-1;-1;-1;-1;-1;-1;-1;-1;-1
773;20;No;No;No;No;-;1530000;1530000;-1;-1;-1;-1;-1;-1;-1;-1;-1;-1;-1;-1;-1;-1;-1;-1;-1;-1;-1;-1;-1;-1;-1;-1;-1;-1;-1
774;14;No;No;No;No;-;1125000;1125000;-1;-1;-1;-1;-1;-1;-1;-1;-1;-1;-1;-1;-1;-1;-1;-1;-1;-1;-1;-1;-1;-1;-1;-1;-1;-1;-1
775;1;No;No;No;Yes;-;4200000;4200000;4200000;4200000;4200000;-1;-1;-1;-1;-1;-1;-1;-1;-1;-1;-1;-1;-1;-1;-1;-1;-1;-1;-1;-1;-1;-1;-1;-1
778;152;No;No;No;Yes;-;1150000;1150000;1150000;-1;-1;-1;-1;-1;-1;-1;-1;-1;-1;-1;-1;-1;-1;-1;-1;-1;-1;-1;-1;-1;-1;-1;-1;-1;-1
786;17;No;No;No;No;-;1060000;1060000;-1;-1;-1;-1;-1;-1;-1;-1;-1;-1;-1;-1;-1;-1;-1;-1;-1;-1;-1;-1;-1;-1;-1;-1;-1;-1;-1
788;30;No;No;No;Yes;-;850000;850000;-1;-1;-1;-1;-1;-1;-1;-1;-1;-1;-1;-1;-1;-1;-1;-1;-1;-1;-1;-1;-1;-1;-1;-1;-1;-1;-1
790;30;No;No;No;No;-;6580000;6580000;-1;-1;-1;-1;-1;-1;-1;-1;-1;-1;-1;-1;-1;-1;-1;-1;-1;-1;-1;-1;-1;-1;-1;-1;-1;-1;-1
791;27;No;No;No;Yes;-;995000;995000;-1;-1;-1;-1;-1;-1;-1;-1;-1;-1;-1;-1;-1;-1;-1;-1;-1;-1;-1;-1;-1;-1;-1;-1;-1;-1;-1
794;20;No;No;Yes;No;-;2320833;2600000;-1;-1;-1;-1;-1;-1;-1;-1;-1;-1;-1;-1;-1;-1;-1;-1;-1;-1;-1;-1;-1;-1;-1;-1;-1;-1;-1
797;30;No;Yes;No;Yes;-;8137500;8137500;8137500;-1;-1;-1;-1;-1;-1;-1;-1;-1;-1;-1;-1;-1;-1;-1;-1;-1;-1;-1;-1;-1;-1;-1;-1;-1;-1
801;27;No;No;No;Yes;-;1850000;1850000;-1;-1;-1;-1;-1;-1;-1;-1;-1;-1;-1;-1;-1;-1;-1;-1;-1;-1;-1;-1;-1;-1;-1;-1;-1;-1;-1
802;3;No;Yes;No;Yes;-;8000000;8000000;-1;-1;-1;-1;-1;-1;-1;-1;-1;-1;-1;-1;-1;-1;-1;-1;-1;-1;-1;-1;-1;-1;-1;-1;-1;-1;-1
803;26;No;Yes;No;Yes;-;7300000;7300000;-1;-1;-1;-1;-1;-1;-1;-1;-1;-1;-1;-1;-1;-1;-1;-1;-1;-1;-1;-1;-1;-1;-1;-1;-1;-1;-1
815;10;No;No;No;Yes;-;1540000;1540000;1540000;1540000;-1;-1;-1;-1;-1;-1;-1;-1;-1;-1;-1;-1;-1;-1;-1;-1;-1;-1;-1;-1;-1;-1;-1;-1;-1
816;1;No;No;No;Yes;-;4080000;4080000;4080000;-1;-1;-1;-1;-1;-1;-1;-1;-1;-1;-1;-1;-1;-1;-1;-1;-1;-1;-1;-1;-1;-1;-1;-1;-1;-1
819;20;No;No;No;Yes;-;3000000;3000000;3000000;-1;-1;-1;-1;-1;-1;-1;-1;-1;-1;-1;-1;-1;-1;-1;-1;-1;-1;-1;-1;-1;-1;-1;-1;-1;-1
822;12;No;No;No;No;-;990000;990000;-1;-1;-1;-1;-1;-1;-1;-1;-1;-1;-1;-1;-1;-1;-1;-1;-1;-1;-1;-1;-1;-1;-1;-1;-1;-1;-1
823;12;No;Yes;No;Yes;-;10000000;10000000;10000000;-1;-1;-1;-1;-1;-1;-1;-1;-1;-1;-1;-1;-1;-1;-1;-1;-1;-1;-1;-1;-1;-1;-1;-1;-1;-1
829;154;No;No;No;Yes;-;4200000;4200000;-1;-1;-1;-1;-1;-1;-1;-1;-1;-1;-1;-1;-1;-1;-1;-1;-1;-1;-1;-1;-1;-1;-1;-1;-1;-1;-1
830;26;No;No;No;Yes;-;1220000;1220000;-1;-1;-1;-1;-1;-1;-1;-1;-1;-1;-1;-1;-1;-1;-1;-1;-1;-1;-1;-1;-1;-1;-1;-1;-1;-1;-1
834;18;No;No;No;Yes;-;1530000;1530000;-1;-1;-1;-1;-1;-1;-1;-1;-1;-1;-1;-1;-1;-1;-1;-1;-1;-1;-1;-1;-1;-1;-1;-1;-1;-1;-1
836;10;No;No;No;Yes;-;865000;865000;-1;-1;-1;-1;-1;-1;-1;-1;-1;-1;-1;-1;-1;-1;-1;-1;-1;-1;-1;-1;-1;-1;-1;-1;-1;-1;-1
837;44;No;No;No;No;-;42500;42500;-1;-1;-1;-1;-1;-1;-1;-1;-1;-1;-1;-1;-1;42500;-1;-1;-1;-1;-1;-1;-1;-1;-1;-1;-1;-1;-1
838;20;No;No;No;Yes;-;995000;995000;-1;-1;-1;-1;-1;-1;-1;-1;-1;-1;-1;-1;-1;-1;-1;-1;-1;-1;-1;-1;-1;-1;-1;-1;-1;-1;-1
839;12;No;No;No;Yes;-;5210000;3100000;3100000;3100000;-1;-1;-1;-1;-1;-1;-1;-1;-1;-1;-1;-1;-1;-1;-1;-1;-1;-1;-1;-1;-1;-1;-1;-1;-1
849;20;Yes;No;No;Yes;-;7000000;7000000;-1;-1;-1;-1;-1;-1;-1;-1;-1;-1;-1;-1;-1;-1;-1;-1;-1;-1;-1;-1;-1;-1;-1;-1;-1;-1;-1
852;17;No;No;No;Yes;-;4500000;4500000;-1;-1;-1;-1;-1;-1;-1;-1;-1;-1;-1;-1;-1;-1;-1;-1;-1;-1;-1;-1;-1;-1;-1;-1;-1;-1;-1
853;9;No;No;No;Yes;-;4000000;4000000;-1;-1;-1;-1;-1;-1;-1;-1;-1;-1;-1;-1;-1;-1;-1;-1;-1;-1;-1;-1;-1;-1;-1;-1;-1;-1;-1
861;8;No;No;No;Yes;-;5200000;5200000;5200000;-1;-1;-1;-1;-1;-1;-1;-1;-1;-1;-1;-1;-1;-1;-1;-1;-1;-1;-1;-1;-1;-1;-1;-1;-1;-1
862;2;No;No;No;Yes;-;3780000;3780000;-1;-1;-1;-1;-1;-1;-1;-1;-1;-1;-1;-1;-1;-1;-1;-1;-1;-1;-1;-1;-1;-1;-1;-1;-1;-1;-1
864;29;No;No;No;No;-;1122000;1122000;-1;-1;-1;-1;-1;-1;-1;-1;-1;-1;-1;-1;-1;-1;-1;-1;-1;-1;-1;-1;-1;-1;-1;-1;-1;-1;-1
866;10;No;No;No;Yes;-;1507000;1507000;1507000;-1;-1;-1;-1;-1;-1;-1;-1;-1;-1;-1;-1;-1;-1;-1;-1;-1;-1;-1;-1;-1;-1;-1;-1;-1;-1
867;14;No;No;No;Yes;-;7500000;7500000;7500000;7500000;-1;-1;-1;-1;-1;-1;-1;-1;-1;-1;-1;-1;-1;-1;-1;-1;-1;-1;-1;-1;-1;-1;-1;-1;-1
870;17;No;No;No;Yes;-;1250000;1250000;1250000;-1;-1;-1;-1;-1;-1;-1;-1;-1;-1;-1;-1;-1;-1;-1;-1;-1;-1;-1;-1;-1;-1;-1;-1;-1;-1
872;154;No;No;No;Yes;-;3040000;3040000;3040000;-1;-1;-1;-1;-1;-1;-1;-1;-1;-1;-1;-1;-1;-1;-1;-1;-1;-1;-1;-1;-1;-1;-1;-1;-1;-1
873;2;No;No;No;Yes;-;1350000;1350000;-1;-1;-1;-1;-1;-1;-1;-1;-1;-1;-1;-1;-1;-1;-1;-1;-1;-1;-1;-1;-1;-1;-1;-1;-1;-1;-1
875;10;No;No;No;Yes;-;2300000;2300000;2300000;-1;-1;-1;-1;-1;-1;-1;-1;-1;-1;-1;-1;-1;-1;-1;-1;-1;-1;-1;-1;-1;-1;-1;-1;-1;-1
876;26;No;No;No;Yes;-;6900000;6900000;6900000;-1;-1;-1;-1;-1;-1;-1;-1;-1;-1;-1;-1;-1;-1;-1;-1;-1;-1;-1;-1;-1;-1;-1;-1;-1;-1
877;7;No;No;No;Yes;-;1200000;1200000;1200000;-1;-1;-1;-1;-1;-1;-1;-1;-1;-1;-1;-1;-1;-1;-1;-1;-1;-1;-1;-1;-1;-1;-1;-1;-1;-1
878;12;No;No;No;Yes;-;5480000;4110000;-1;-1;-1;-1;-1;-1;-1;-1;-1;-1;-1;-1;-1;-1;-1;-1;-1;-1;-1;-1;-1;-1;-1;-1;-1;-1;-1
879;124;No;No;No;Yes;-;4500000;4500000;-1;-1;-1;-1;-1;-1;-1;-1;-1;-1;-1;-1;-1;-1;-1;-1;-1;-1;-1;-1;-1;-1;-1;-1;-1;-1;-1
881;3;No;No;No;Yes;-;4375000;4375000;4375000;-1;-1;-1;-1;-1;-1;-1;-1;-1;-1;-1;-1;-1;-1;-1;-1;-1;-1;-1;-1;-1;-1;-1;-1;-1;-1
882;3;No;No;No;Yes;-;2476190;3100000;-1;-1;-1;-1;-1;-1;-1;-1;-1;-1;-1;-1;-1;-1;-1;-1;-1;-1;-1;-1;-1;-1;-1;-1;-1;-1;-1
883;154;No;No;No;Yes;-;7250000;7250000;-1;-1;-1;-1;-1;-1;-1;-1;-1;-1;-1;-1;-1;-1;-1;-1;-1;-1;-1;-1;-1;-1;-1;-1;-1;-1;-1
885;25;No;No;No;Yes;-;1125000;1125000;-1;-1;-1;-1;-1;-1;-1;-1;-1;-1;-1;-1;-1;-1;-1;-1;-1;-1;-1;-1;-1;-1;-1;-1;-1;-1;-1
887;19;Yes;Yes;No;Yes;-;12782000;12790000;12790000;12790000;12790000;-1;-1;-1;-1;-1;-1;-1;-1;-1;-1;-1;-1;-1;-1;-1;-1;-1;-1;-1;-1;-1;-1;-1;-1
889;152;No;No;No;Yes;-;7633333;8950000;8950000;-1;-1;-1;-1;-1;-1;-1;-1;-1;-1;-1;-1;-1;-1;-1;-1;-1;-1;-1;-1;-1;-1;-1;-1;-1;-1
893;18;No;No;No;Yes;-;850000;850000;-1;-1;-1;-1;-1;-1;-1;-1;-1;-1;-1;-1;-1;-1;-1;-1;-1;-1;-1;-1;-1;-1;-1;-1;-1;-1;-1
896;21;No;No;No;Yes;-;2000000;2000000;-1;-1;-1;-1;-1;-1;-1;-1;-1;-1;-1;-1;-1;-1;-1;-1;-1;-1;-1;-1;-1;-1;-1;-1;-1;-1;-1
899;28;No;No;No;Yes;-;5750000;5750000;-1;-1;-1;-1;-1;-1;-1;-1;-1;-1;-1;-1;-1;-1;-1;-1;-1;-1;-1;-1;-1;-1;-1;-1;-1;-1;-1
903;12;No;No;No;Yes;-;1000000;1000000;-1;-1;-1;-1;-1;-1;-1;-1;-1;-1;-1;-1;-1;-1;-1;-1;-1;-1;-1;-1;-1;-1;-1;-1;-1;-1;-1
904;29;No;No;No;Yes;-;2000000;2000000;2000000;2000000;-1;-1;-1;-1;-1;-1;-1;-1;-1;-1;-1;-1;-1;-1;-1;-1;-1;-1;-1;-1;-1;-1;-1;-1;-1
911;1;No;No;No;Yes;-;5000000;4600000;4600000;-1;-1;-1;-1;-1;-1;-1;-1;-1;-1;-1;-1;-1;-1;-1;-1;-1;-1;-1;-1;-1;-1;-1;-1;-1;-1
916;12;Yes;No;No;Yes;-;7000000;7000000;7000000;-1;-1;-1;-1;-1;-1;-1;-1;-1;-1;-1;-1;-1;-1;-1;-1;-1;-1;-1;-1;-1;-1;-1;-1;-1;-1
921;7;No;No;No;Yes;-;2960000;2960000;2960000;2960000;-1;-1;-1;-1;-1;-1;-1;-1;-1;-1;-1;-1;-1;-1;-1;-1;-1;-1;-1;-1;-1;-1;-1;-1;-1
922;10;No;No;No;Yes;-;1500000;1500000;1500000;-1;-1;-1;-1;-1;-1;-1;-1;-1;-1;-1;-1;-1;-1;-1;-1;-1;-1;-1;-1;-1;-1;-1;-1;-1;-1
925;10;No;No;No;Yes;-;800000;800000;-1;-1;-1;-1;-1;-1;-1;-1;-1;-1;-1;-1;-1;-1;-1;-1;-1;-1;-1;-1;-1;-1;-1;-1;-1;-1;-1
928;24;No;No;No;Yes;-;9300000;9300000;9300000;-1;-1;-1;-1;-1;-1;-1;-1;-1;-1;-1;-1;-1;-1;-1;-1;-1;-1;-1;-1;-1;-1;-1;-1;-1;-1
929;154;Yes;Yes;No;Yes;-;9610000;9610000;9610000;-1;-1;-1;-1;-1;-1;-1;-1;-1;-1;-1;-1;-1;-1;-1;-1;-1;-1;-1;-1;-1;-1;-1;-1;-1;-1
930;9;No;No;No;Yes;-;1500000;1500000;1500000;-1;-1;-1;-1;-1;-1;-1;-1;-1;-1;-1;-1;-1;-1;-1;-1;-1;-1;-1;-1;-1;-1;-1;-1;-1;-1
933;19;No;No;No;Yes;-;10000000;10000000;10000000;10000000;10000000;-1;-1;-1;-1;-1;-1;-1;-1;-1;-1;-1;-1;-1;-1;-1;-1;-1;-1;-1;-1;-1;-1;-1;-1
934;2;No;No;No;No;-;910000;910000;-1;-1;-1;-1;-1;-1;-1;-1;-1;-1;-1;-1;-1;-1;-1;-1;-1;-1;-1;-1;-1;-1;-1;-1;-1;-1;-1
938;154;No;No;No;Yes;-;1530000;1530000;1530000;-1;-1;-1;-1;-1;-1;-1;-1;-1;-1;-1;-1;-1;-1;-1;-1;-1;-1;-1;-1;-1;-1;-1;-1;-1;-1
940;10;No;No;No;Yes;-;2000000;2000000;2000000;-1;-1;-1;-1;-1;-1;-1;-1;-1;-1;-1;-1;-1;-1;-1;-1;-1;-1;-1;-1;-1;-1;-1;-1;-1;-1
941;17;No;No;No;Yes;-;3000000;3000000;3000000;3000000;-1;-1;-1;-1;-1;-1;-1;-1;-1;-1;-1;-1;-1;-1;-1;-1;-1;-1;-1;-1;-1;-1;-1;-1;-1
942;124;No;No;No;Yes;-;1120000;1120000;1120000;-1;-1;-1;-1;-1;-1;-1;-1;-1;-1;-1;-1;-1;-1;-1;-1;-1;-1;-1;-1;-1;-1;-1;-1;-1;-1
943;154;No;No;No;Yes;-;1530000;1530000;-1;-1;-1;-1;-1;-1;-1;-1;-1;-1;-1;-1;-1;-1;-1;-1;-1;-1;-1;-1;-1;-1;-1;-1;-1;-1;-1
945;30;No;No;No;Yes;-;8700000;8700000;8700000;8700000;8700000;-1;-1;-1;-1;-1;-1;-1;-1;-1;-1;-1;-1;-1;-1;-1;-1;-1;-1;-1;-1;-1;-1;-1;-1
946;27;No;No;No;No;-;3240000;3240000;-1;-1;-1;-1;-1;-1;-1;-1;-1;-1;-1;-1;-1;-1;-1;-1;-1;-1;-1;-1;-1;-1;-1;-1;-1;-1;-1
947;3;No;No;No;No;-;1120000;1120000;1120000;-1;-1;-1;-1;-1;-1;-1;-1;-1;-1;-1;-1;-1;-1;-1;-1;-1;-1;-1;-1;-1;-1;-1;-1;-1;-1
949;0;No;No;No;Yes;-;6100000;6100000;6100000;-1;-1;-1;-1;-1;-1;-1;-1;-1;-1;-1;-1;-1;-1;-1;-1;-1;-1;-1;-1;-1;-1;-1;-1;-1;-1
954;8;No;No;No;Yes;-;850000;850000;850000;-1;-1;-1;-1;-1;-1;-1;-1;-1;-1;-1;-1;-1;-1;-1;-1;-1;-1;-1;-1;-1;-1;-1;-1;-1;-1
955;18;No;Yes;No;Yes;-;11700000;11700000;11700000;11700000;11700000;11700000;11700000;-1;-1;-1;-1;-1;-1;-1;-1;-1;-1;-1;-1;-1;-1;-1;-1;-1;-1;-1;-1;-1;-1
956;26;No;No;No;No;-;3000000;3000000;-1;-1;-1;-1;-1;-1;-1;-1;-1;-1;-1;-1;-1;-1;-1;-1;-1;-1;-1;-1;-1;-1;-1;-1;-1;-1;-1
957;31;No;No;No;No;-;7850000;7850000;7850000;7850000;-1;-1;-1;-1;-1;-1;-1;-1;-1;-1;-1;-1;-1;-1;-1;-1;-1;-1;-1;-1;-1;-1;-1;-1;-1
959;154;No;No;No;Yes;-;7072500;7072500;-1;-1;-1;-1;-1;-1;-1;-1;-1;-1;-1;-1;-1;-1;-1;-1;-1;-1;-1;-1;-1;-1;-1;-1;-1;-1;-1
962;3;No;Yes;No;Yes;-;5330000;5330000;-1;-1;-1;-1;-1;-1;-1;-1;-1;-1;-1;-1;-1;-1;-1;-1;-1;-1;-1;-1;-1;-1;-1;-1;-1;-1;-1
963;29;No;No;No;Yes;-;1540000;1540000;1540000;1540000;-1;-1;-1;-1;-1;-1;-1;-1;-1;-1;-1;-1;-1;-1;-1;-1;-1;-1;-1;-1;-1;-1;-1;-1;-1
965;17;No;No;No;Yes;-;2570000;2570000;2570000;2570000;-1;-1;-1;-1;-1;-1;-1;-1;-1;-1;-1;-1;-1;-1;-1;-1;-1;-1;-1;-1;-1;-1;-1;-1;-1
966;24;No;No;No;Yes;-;8650000;8650000;8650000;-1;-1;-1;-1;-1;-1;-1;-1;-1;-1;-1;-1;-1;-1;-1;-1;-1;-1;-1;-1;-1;-1;-1;-1;-1;-1
971;152;No;No;No;Yes;-;2100000;2100000;2100000;2100000;-1;-1;-1;-1;-1;-1;-1;-1;-1;-1;-1;-1;-1;-1;-1;-1;-1;-1;-1;-1;-1;-1;-1;-1;-1
975;152;No;No;No;Yes;-;1000000;1000000;-1;-1;-1;-1;-1;-1;-1;-1;-1;-1;-1;-1;-1;-1;-1;-1;-1;-1;-1;-1;-1;-1;-1;-1;-1;-1;-1
977;154;No;No;No;No;-;1000000;1000000;-1;-1;-1;-1;-1;-1;-1;-1;-1;-1;-1;-1;-1;-1;-1;-1;-1;-1;-1;-1;-1;-1;-1;-1;-1;-1;-1
978;38;No;No;No;No;-;51000;51000;-1;-1;-1;-1;-1;-1;-1;-1;-1;-1;-1;-1;-1;51000;-1;-1;-1;-1;-1;-1;-1;-1;-1;-1;-1;-1;-1
980;26;No;No;No;Yes;-;2800000;2800000;2800000;2800000;-1;-1;-1;-1;-1;-1;-1;-1;-1;-1;-1;-1;-1;-1;-1;-1;-1;-1;-1;-1;-1;-1;-1;-1;-1
981;19;No;No;No;Yes;-;4150000;4150000;4150000;4150000;4150000;-1;-1;-1;-1;-1;-1;-1;-1;-1;-1;-1;-1;-1;-1;-1;-1;-1;-1;-1;-1;-1;-1;-1;-1
982;28;No;No;No;Yes;-;2000000;2000000;2000000;-1;-1;-1;-1;-1;-1;-1;-1;-1;-1;-1;-1;-1;-1;-1;-1;-1;-1;-1;-1;-1;-1;-1;-1;-1;-1
1007;3;No;No;No;Yes;-;3800000;3800000;3800000;3800000;3800000;-1;-1;-1;-1;-1;-1;-1;-1;-1;-1;-1;-1;-1;-1;-1;-1;-1;-1;-1;-1;-1;-1;-1;-1
1019;0;No;No;No;Yes;-;2720000;2720000;-1;-1;-1;-1;-1;-1;-1;-1;-1;-1;-1;-1;-1;-1;-1;-1;-1;-1;-1;-1;-1;-1;-1;-1;-1;-1;-1
1021;10;No;No;No;Yes;-;3200000;3200000;-1;-1;-1;-1;-1;-1;-1;-1;-1;-1;-1;-1;-1;-1;-1;-1;-1;-1;-1;-1;-1;-1;-1;-1;-1;-1;-1
1023;26;No;Yes;No;Yes;-;6510000;6510000;-1;-1;-1;-1;-1;-1;-1;-1;-1;-1;-1;-1;-1;-1;-1;-1;-1;-1;-1;-1;-1;-1;-1;-1;-1;-1;-1
1025;31;No;Yes;No;Yes;-;10600000;10600000;10600000;10600000;-1;-1;-1;-1;-1;-1;-1;-1;-1;-1;-1;-1;-1;-1;-1;-1;-1;-1;-1;-1;-1;-1;-1;-1;-1
1029;0;No;Yes;No;Yes;-;9500000;9500000;9500000;-1;-1;-1;-1;-1;-1;-1;-1;-1;-1;-1;-1;-1;-1;-1;-1;-1;-1;-1;-1;-1;-1;-1;-1;-1;-1
1031;10;No;No;No;No;-;870000;870000;870000;-1;-1;-1;-1;-1;-1;-1;-1;-1;-1;-1;-1;-1;-1;-1;-1;-1;-1;-1;-1;-1;-1;-1;-1;-1;-1
1040;24;No;Yes;No;Yes;-;13750000;13750000;13750000;13750000;-1;-1;-1;-1;-1;-1;-1;-1;-1;-1;-1;-1;-1;-1;-1;-1;-1;-1;-1;-1;-1;-1;-1;-1;-1
1042;0;No;No;No;Yes;-;1200000;1200000;-1;-1;-1;-1;-1;-1;-1;-1;-1;-1;-1;-1;-1;-1;-1;-1;-1;-1;-1;-1;-1;-1;-1;-1;-1;-1;-1
1044;17;No;No;No;Yes;-;1400000;1400000;-1;-1;-1;-1;-1;-1;-1;-1;-1;-1;-1;-1;-1;-1;-1;-1;-1;-1;-1;-1;-1;-1;-1;-1;-1;-1;-1
1047;30;No;No;No;Yes;-;850000;850000;-1;-1;-1;-1;-1;-1;-1;-1;-1;-1;-1;-1;-1;-1;-1;-1;-1;-1;-1;-1;-1;-1;-1;-1;-1;-1;-1
1048;152;No;No;No;Yes;-;3800000;3800000;3800000;-1;-1;-1;-1;-1;-1;-1;-1;-1;-1;-1;-1;-1;-1;-1;-1;-1;-1;-1;-1;-1;-1;-1;-1;-1;-1
1059;23;No;No;No;No;-;1125000;1125000;-1;-1;-1;-1;-1;-1;-1;-1;-1;-1;-1;-1;-1;-1;-1;-1;-1;-1;-1;-1;-1;-1;-1;-1;-1;-1;-1
1064;3;No;No;No;Yes;-;3060000;3060000;3060000;-1;-1;-1;-1;-1;-1;-1;-1;-1;-1;-1;-1;-1;-1;-1;-1;-1;-1;-1;-1;-1;-1;-1;-1;-1;-1
1065;14;No;No;No;Yes;-;1000000;1000000;-1;-1;-1;-1;-1;-1;-1;-1;-1;-1;-1;-1;-1;-1;-1;-1;-1;-1;-1;-1;-1;-1;-1;-1;-1;-1;-1
1069;18;No;Yes;No;Yes;-;11390000;11390000;11390000;-1;-1;-1;-1;-1;-1;-1;-1;-1;-1;-1;-1;-1;-1;-1;-1;-1;-1;-1;-1;-1;-1;-1;-1;-1;-1
1073;14;No;Yes;No;Yes;-;12160000;12160000;12160000;12160000;-1;-1;-1;-1;-1;-1;-1;-1;-1;-1;-1;-1;-1;-1;-1;-1;-1;-1;-1;-1;-1;-1;-1;-1;-1
1083;31;No;No;No;Yes;-;5840000;5840000;5840000;-1;-1;-1;-1;-1;-1;-1;-1;-1;-1;-1;-1;-1;-1;-1;-1;-1;-1;-1;-1;-1;-1;-1;-1;-1;-1
1085;12;No;No;No;Yes;-;10500000;10500000;-1;-1;-1;-1;-1;-1;-1;-1;-1;-1;-1;-1;-1;-1;-1;-1;-1;-1;-1;-1;-1;-1;-1;-1;-1;-1;-1
1086;17;No;No;No;Yes;-;1100000;1100000;-1;-1;-1;-1;-1;-1;-1;-1;-1;-1;-1;-1;-1;-1;-1;-1;-1;-1;-1;-1;-1;-1;-1;-1;-1;-1;-1
1087;21;No;No;No;Yes;-;4500000;3000000;-1;-1;-1;-1;-1;-1;-1;-1;-1;-1;-1;-1;-1;-1;-1;-1;-1;-1;-1;-1;-1;-1;-1;-1;-1;-1;-1
1096;8;No;No;No;Yes;-;6250000;3750000;-1;-1;-1;-1;-1;-1;-1;-1;-1;-1;-1;-1;-1;-1;-1;-1;-1;-1;-1;-1;-1;-1;-1;-1;-1;-1;-1
1100;27;No;Yes;No;No;-;11600000;11600000;11600000;-1;-1;-1;-1;-1;-1;-1;-1;-1;-1;-1;-1;-1;-1;-1;-1;-1;-1;-1;-1;-1;-1;-1;-1;-1;-1
1101;31;No;No;No;Yes;-;4500000;4500000;-1;-1;-1;-1;-1;-1;-1;-1;-1;-1;-1;-1;-1;-1;-1;-1;-1;-1;-1;-1;-1;-1;-1;-1;-1;-1;-1
1102;20;No;No;No;Yes;-;5500000;5500000;5500000;-1;-1;-1;-1;-1;-1;-1;-1;-1;-1;-1;-1;-1;-1;-1;-1;-1;-1;-1;-1;-1;-1;-1;-1;-1;-1
1103;27;Yes;Yes;No;Yes;-;7000000;7000000;7000000;7000000;7000000;-1;-1;-1;-1;-1;-1;-1;-1;-1;-1;-1;-1;-1;-1;-1;-1;-1;-1;-1;-1;-1;-1;-1;-1
1106;31;No;No;No;Yes;-;9294000;8700000;8700000;8700000;8700000;8700000;-1;-1;-1;-1;-1;-1;-1;-1;-1;-1;-1;-1;-1;-1;-1;-1;-1;-1;-1;-1;-1;-1;-1
1113;28;No;Yes;No;Yes;-;7850000;7850000;7850000;7850000;-1;-1;-1;-1;-1;-1;-1;-1;-1;-1;-1;-1;-1;-1;-1;-1;-1;-1;-1;-1;-1;-1;-1;-1;-1
1128;12;No;No;No;Yes;-;6000000;4000000;-1;-1;-1;-1;-1;-1;-1;-1;-1;-1;-1;-1;-1;-1;-1;-1;-1;-1;-1;-1;-1;-1;-1;-1;-1;-1;-1
1134;14;No;No;No;Yes;-;3050000;3050000;-1;-1;-1;-1;-1;-1;-1;-1;-1;-1;-1;-1;-1;-1;-1;-1;-1;-1;-1;-1;-1;-1;-1;-1;-1;-1;-1
1149;21;No;No;No;No;-;12000000;12000000;-1;-1;-1;-1;-1;-1;-1;-1;-1;-1;-1;-1;-1;-1;-1;-1;-1;-1;-1;-1;-1;-1;-1;-1;-1;-1;-1
1152;20;No;Yes;No;Yes;-;9500000;9500000;9500000;-1;-1;-1;-1;-1;-1;-1;-1;-1;-1;-1;-1;-1;-1;-1;-1;-1;-1;-1;-1;-1;-1;-1;-1;-1;-1
1169;26;No;No;No;Yes;-;2000000;2000000;2000000;-1;-1;-1;-1;-1;-1;-1;-1;-1;-1;-1;-1;-1;-1;-1;-1;-1;-1;-1;-1;-1;-1;-1;-1;-1;-1
1173;31;No;Yes;No;Yes;-;10100000;10100000;10100000;10100000;10100000;10100000;10100000;-1;-1;-1;-1;-1;-1;-1;-1;-1;-1;-1;-1;-1;-1;-1;-1;-1;-1;-1;-1;-1;-1
1179;124;No;Yes;No;Yes;-;7500000;7500000;7500000;-1;-1;-1;-1;-1;-1;-1;-1;-1;-1;-1;-1;-1;-1;-1;-1;-1;-1;-1;-1;-1;-1;-1;-1;-1;-1
1187;8;No;No;No;Yes;-;1200000;1200000;-1;-1;-1;-1;-1;-1;-1;-1;-1;-1;-1;-1;-1;-1;-1;-1;-1;-1;-1;-1;-1;-1;-1;-1;-1;-1;-1
1209;7;No;No;No;No;-;4265625;2625000;-1;-1;-1;-1;-1;-1;-1;-1;-1;-1;-1;-1;-1;-1;-1;-1;-1;-1;-1;-1;-1;-1;-1;-1;-1;-1;-1
1210;152;No;No;No;Yes;-;3709000;3709000;-1;-1;-1;-1;-1;-1;-1;-1;-1;-1;-1;-1;-1;-1;-1;-1;-1;-1;-1;-1;-1;-1;-1;-1;-1;-1;-1
1212;124;No;No;No;Yes;-;9250000;9250000;9250000;-1;-1;-1;-1;-1;-1;-1;-1;-1;-1;-1;-1;-1;-1;-1;-1;-1;-1;-1;-1;-1;-1;-1;-1;-1;-1
1217;2;No;No;No;Yes;-;5000000;5000000;5000000;-1;-1;-1;-1;-1;-1;-1;-1;-1;-1;-1;-1;-1;-1;-1;-1;-1;-1;-1;-1;-1;-1;-1;-1;-1;-1
1222;27;No;No;No;Yes;-;3800000;3800000;3800000;3800000;3800000;-1;-1;-1;-1;-1;-1;-1;-1;-1;-1;-1;-1;-1;-1;-1;-1;-1;-1;-1;-1;-1;-1;-1;-1
1230;2;No;No;No;Yes;-;5500000;5500000;5500000;-1;-1;-1;-1;-1;-1;-1;-1;-1;-1;-1;-1;-1;-1;-1;-1;-1;-1;-1;-1;-1;-1;-1;-1;-1;-1
1232;8;No;No;No;Yes;-;4000000;4000000;4000000;-1;-1;-1;-1;-1;-1;-1;-1;-1;-1;-1;-1;-1;-1;-1;-1;-1;-1;-1;-1;-1;-1;-1;-1;-1;-1
1235;26;No;No;No;Yes;-;1500000;1500000;-1;-1;-1;-1;-1;-1;-1;-1;-1;-1;-1;-1;-1;-1;-1;-1;-1;-1;-1;-1;-1;-1;-1;-1;-1;-1;-1
1242;8;No;No;No;Yes;-;850000;850000;-1;-1;-1;-1;-1;-1;-1;-1;-1;-1;-1;-1;-1;-1;-1;-1;-1;-1;-1;-1;-1;-1;-1;-1;-1;-1;-1
1243;21;No;No;No;Yes;-;9895834;9375000;9375000;9375000;9375000;9375000;-1;-1;-1;-1;-1;-1;-1;-1;-1;-1;-1;-1;-1;-1;-1;-1;-1;-1;-1;-1;-1;-1;-1
1244;124;No;No;No;Yes;-;1180000;1180000;-1;-1;-1;-1;-1;-1;-1;-1;-1;-1;-1;-1;-1;-1;-1;-1;-1;-1;-1;-1;-1;-1;-1;-1;-1;-1;-1
1247;20;No;No;No;Yes;-;3500000;3500000;-1;-1;-1;-1;-1;-1;-1;-1;-1;-1;-1;-1;-1;-1;-1;-1;-1;-1;-1;-1;-1;-1;-1;-1;-1;-1;-1
1252;14;No;No;No;Yes;-;1000000;1000000;-1;-1;-1;-1;-1;-1;-1;-1;-1;-1;-1;-1;-1;-1;-1;-1;-1;-1;-1;-1;-1;-1;-1;-1;-1;-1;-1
1255;14;No;No;No;Yes;-;6530000;6530000;6530000;-1;-1;-1;-1;-1;-1;-1;-1;-1;-1;-1;-1;-1;-1;-1;-1;-1;-1;-1;-1;-1;-1;-1;-1;-1;-1
1256;124;No;No;No;Yes;-;850000;850000;850000;-1;-1;-1;-1;-1;-1;-1;-1;-1;-1;-1;-1;-1;-1;-1;-1;-1;-1;-1;-1;-1;-1;-1;-1;-1;-1
1258;18;No;No;No;Yes;-;4736666;4060000;4060000;4060000;4060000;-1;-1;-1;-1;-1;-1;-1;-1;-1;-1;-1;-1;-1;-1;-1;-1;-1;-1;-1;-1;-1;-1;-1;-1
1260;19;No;No;No;Yes;-;6500000;6500000;6500000;6500000;-1;-1;-1;-1;-1;-1;-1;-1;-1;-1;-1;-1;-1;-1;-1;-1;-1;-1;-1;-1;-1;-1;-1;-1;-1
1261;2;No;No;No;Yes;-;1260000;1260000;-1;-1;-1;-1;-1;-1;-1;-1;-1;-1;-1;-1;-1;-1;-1;-1;-1;-1;-1;-1;-1;-1;-1;-1;-1;-1;-1
1262;1;No;No;No;Yes;-;4000000;4000000;4000000;-1;-1;-1;-1;-1;-1;-1;-1;-1;-1;-1;-1;-1;-1;-1;-1;-1;-1;-1;-1;-1;-1;-1;-1;-1;-1
1269;43;No;No;No;No;-;175000;175000;-1;-1;-1;-1;-1;-1;-1;-1;-1;-1;-1;-1;-1;175000;-1;-1;-1;-1;-1;-1;-1;-1;-1;-1;-1;-1;-1
1273;7;No;No;No;Yes;-;9450000;9450000;9450000;-1;-1;-1;-1;-1;-1;-1;-1;-1;-1;-1;-1;-1;-1;-1;-1;-1;-1;-1;-1;-1;-1;-1;-1;-1;-1
1275;3;No;No;No;Yes;-;1600000;1600000;1600000;1600000;-1;-1;-1;-1;-1;-1;-1;-1;-1;-1;-1;-1;-1;-1;-1;-1;-1;-1;-1;-1;-1;-1;-1;-1;-1
1279;14;No;No;No;Yes;-;4000000;4000000;4000000;-1;-1;-1;-1;-1;-1;-1;-1;-1;-1;-1;-1;-1;-1;-1;-1;-1;-1;-1;-1;-1;-1;-1;-1;-1;-1
1292;9;No;Yes;No;No;-;14400000;14400000;-1;-1;-1;-1;-1;-1;-1;-1;-1;-1;-1;-1;-1;-1;-1;-1;-1;-1;-1;-1;-1;-1;-1;-1;-1;-1;-1
1294;28;No;No;No;Yes;-;4600000;4600000;-1;-1;-1;-1;-1;-1;-1;-1;-1;-1;-1;-1;-1;-1;-1;-1;-1;-1;-1;-1;-1;-1;-1;-1;-1;-1;-1
1308;18;No;No;No;Yes;-;850000;850000;850000;-1;-1;-1;-1;-1;-1;-1;-1;-1;-1;-1;-1;-1;-1;-1;-1;-1;-1;-1;-1;-1;-1;-1;-1;-1;-1
1311;10;No;No;No;No;-;965000;965000;-1;-1;-1;-1;-1;-1;-1;-1;-1;-1;-1;-1;-1;-1;-1;-1;-1;-1;-1;-1;-1;-1;-1;-1;-1;-1;-1
1320;44;No;No;No;No;-;42500;42500;-1;-1;-1;-1;-1;-1;-1;-1;-1;-1;-1;-1;-1;42500;-1;-1;-1;-1;-1;-1;-1;-1;-1;-1;-1;-1;-1
1327;18;No;Yes;No;Yes;-;6500000;6500000;6500000;-1;-1;-1;-1;-1;-1;-1;-1;-1;-1;-1;-1;-1;-1;-1;-1;-1;-1;-1;-1;-1;-1;-1;-1;-1;-1
1333;19;No;No;No;Yes;-;1500000;1500000;-1;-1;-1;-1;-1;-1;-1;-1;-1;-1;-1;-1;-1;-1;-1;-1;-1;-1;-1;-1;-1;-1;-1;-1;-1;-1;-1
1339;10;No;Yes;No;Yes;-;8000000;8000000;8000000;8000000;8000000;8000000;8000000;-1;-1;-1;-1;-1;-1;-1;-1;-1;-1;-1;-1;-1;-1;-1;-1;-1;-1;-1;-1;-1;-1
1340;9;No;Yes;No;Yes;-;5500000;5500000;5500000;-1;-1;-1;-1;-1;-1;-1;-1;-1;-1;-1;-1;-1;-1;-1;-1;-1;-1;-1;-1;-1;-1;-1;-1;-1;-1
1347;3;No;No;No;No;-;1000000;1000000;-1;-1;-1;-1;-1;-1;-1;-1;-1;-1;-1;-1;-1;-1;-1;-1;-1;-1;-1;-1;-1;-1;-1;-1;-1;-1;-1
1350;23;No;Yes;No;Yes;-;9500000;9500000;-1;-1;-1;-1;-1;-1;-1;-1;-1;-1;-1;-1;-1;-1;-1;-1;-1;-1;-1;-1;-1;-1;-1;-1;-1;-1;-1
1353;10;No;No;No;No;-;850000;850000;850000;-1;-1;-1;-1;-1;-1;-1;-1;-1;-1;-1;-1;-1;-1;-1;-1;-1;-1;-1;-1;-1;-1;-1;-1;-1;-1
1359;2;No;Yes;No;Yes;-;7620000;7620000;7620000;7620000;-1;-1;-1;-1;-1;-1;-1;-1;-1;-1;-1;-1;-1;-1;-1;-1;-1;-1;-1;-1;-1;-1;-1;-1;-1
1375;21;No;No;No;Yes;-;7750000;7750000;-1;-1;-1;-1;-1;-1;-1;-1;-1;-1;-1;-1;-1;-1;-1;-1;-1;-1;-1;-1;-1;-1;-1;-1;-1;-1;-1
1376;12;No;No;No;Yes;-;1000000;1000000;-1;-1;-1;-1;-1;-1;-1;-1;-1;-1;-1;-1;-1;-1;-1;-1;-1;-1;-1;-1;-1;-1;-1;-1;-1;-1;-1
1377;124;No;No;No;Yes;-;6750000;6750000;6750000;6750000;6750000;-1;-1;-1;-1;-1;-1;-1;-1;-1;-1;-1;-1;-1;-1;-1;-1;-1;-1;-1;-1;-1;-1;-1;-1
1379;41;No;No;No;No;-;190000;190000;-1;-1;-1;-1;-1;-1;-1;-1;-1;-1;-1;-1;-1;190000;-1;-1;-1;-1;-1;-1;-1;-1;-1;-1;-1;-1;-1
1383;154;No;No;No;Yes;-;3510000;3510000;3510000;-1;-1;-1;-1;-1;-1;-1;-1;-1;-1;-1;-1;-1;-1;-1;-1;-1;-1;-1;-1;-1;-1;-1;-1;-1;-1
1385;7;No;No;No;Yes;-;3090000;3090000;3090000;3090000;-1;-1;-1;-1;-1;-1;-1;-1;-1;-1;-1;-1;-1;-1;-1;-1;-1;-1;-1;-1;-1;-1;-1;-1;-1
1390;152;No;No;No;Yes;-;2000000;2000000;-1;-1;-1;-1;-1;-1;-1;-1;-1;-1;-1;-1;-1;-1;-1;-1;-1;-1;-1;-1;-1;-1;-1;-1;-1;-1;-1
1391;0;Yes;No;No;No;-;7875000;7875000;7875000;-1;-1;-1;-1;-1;-1;-1;-1;-1;-1;-1;-1;-1;-1;-1;-1;-1;-1;-1;-1;-1;-1;-1;-1;-1;-1
1393;9;No;No;No;Yes;-;6250000;6250000;6250000;6250000;6250000;6250000;6250000;6250000;-1;-1;-1;-1;-1;-1;-1;-1;-1;-1;-1;-1;-1;-1;-1;-1;-1;-1;-1;-1;-1
1395;26;No;No;No;Yes;-;1500000;1500000;1500000;-1;-1;-1;-1;-1;-1;-1;-1;-1;-1;-1;-1;-1;-1;-1;-1;-1;-1;-1;-1;-1;-1;-1;-1;-1;-1
1398;10;Yes;Yes;No;No;-;8100000;8100000;8100000;8100000;8100000;8100000;-1;-1;-1;-1;-1;-1;-1;-1;-1;-1;-1;-1;-1;-1;-1;-1;-1;-1;-1;-1;-1;-1;-1
1400;0;No;Yes;No;Yes;-;10700000;10700000;10700000;10700000;10700000;10700000;-1;-1;-1;-1;-1;-1;-1;-1;-1;-1;-1;-1;-1;-1;-1;-1;-1;-1;-1;-1;-1;-1;-1
1403;23;No;Yes;No;No;-;14400000;14400000;14400000;-1;-1;-1;-1;-1;-1;-1;-1;-1;-1;-1;-1;-1;-1;-1;-1;-1;-1;-1;-1;-1;-1;-1;-1;-1;-1
1404;29;No;No;No;No;-;8205714;8205714;-1;-1;-1;-1;-1;-1;-1;-1;-1;-1;-1;-1;-1;-1;-1;-1;-1;-1;-1;-1;-1;-1;-1;-1;-1;-1;-1
1407;29;No;No;No;Yes;-;3500000;3500000;3500000;3500000;-1;-1;-1;-1;-1;-1;-1;-1;-1;-1;-1;-1;-1;-1;-1;-1;-1;-1;-1;-1;-1;-1;-1;-1;-1
1413;14;No;No;No;No;-;5000000;5000000;5000000;-1;-1;-1;-1;-1;-1;-1;-1;-1;-1;-1;-1;-1;-1;-1;-1;-1;-1;-1;-1;-1;-1;-1;-1;-1;-1
1415;124;No;No;No;Yes;-;4500000;4500000;4500000;4500000;4500000;4500000;-1;-1;-1;-1;-1;-1;-1;-1;-1;-1;-1;-1;-1;-1;-1;-1;-1;-1;-1;-1;-1;-1;-1
1424;14;No;Yes;No;Yes;-;9200000;9200000;9200000;9200000;9200000;9200000;-1;-1;-1;-1;-1;-1;-1;-1;-1;-1;-1;-1;-1;-1;-1;-1;-1;-1;-1;-1;-1;-1;-1
1425;8;Yes;No;No;Yes;-;6550000;6550000;6550000;-1;-1;-1;-1;-1;-1;-1;-1;-1;-1;-1;-1;-1;-1;-1;-1;-1;-1;-1;-1;-1;-1;-1;-1;-1;-1
1426;152;No;No;No;Yes;-;4000000;4000000;-1;-1;-1;-1;-1;-1;-1;-1;-1;-1;-1;-1;-1;-1;-1;-1;-1;-1;-1;-1;-1;-1;-1;-1;-1;-1;-1
1429;30;No;Yes;No;Yes;-;14000000;14000000;14000000;14000000;14000000;14000000;14000000;14000000;14000000;-1;-1;-1;-1;-1;-1;-1;-1;-1;-1;-1;-1;-1;-1;-1;-1;-1;-1;-1;-1
1432;154;No;No;No;Yes;-;7950000;7950000;7950000;-1;-1;-1;-1;-1;-1;-1;-1;-1;-1;-1;-1;-1;-1;-1;-1;-1;-1;-1;-1;-1;-1;-1;-1;-1;-1
1434;14;No;No;No;Yes;-;1350000;1350000;-1;-1;-1;-1;-1;-1;-1;-1;-1;-1;-1;-1;-1;-1;-1;-1;-1;-1;-1;-1;-1;-1;-1;-1;-1;-1;-1
1445;124;No;No;No;Yes;-;850000;850000;850000;850000;-1;-1;-1;-1;-1;-1;-1;-1;-1;-1;-1;-1;-1;-1;-1;-1;-1;-1;-1;-1;-1;-1;-1;-1;-1
1449;12;No;No;No;No;-;975000;975000;975000;975000;975000;975000;-1;-1;-1;-1;-1;-1;-1;-1;-1;-1;-1;-1;-1;-1;-1;-1;-1;-1;-1;-1;-1;-1;-1
1450;3;Yes;No;No;Yes;-;4000000;4000000;-1;-1;-1;-1;-1;-1;-1;-1;-1;-1;-1;-1;-1;-1;-1;-1;-1;-1;-1;-1;-1;-1;-1;-1;-1;-1;-1
1456;9;No;No;No;Yes;-;1000000;1000000;-1;-1;-1;-1;-1;-1;-1;-1;-1;-1;-1;-1;-1;-1;-1;-1;-1;-1;-1;-1;-1;-1;-1;-1;-1;-1;-1
1458;17;No;No;No;Yes;-;1800000;1800000;1800000;-1;-1;-1;-1;-1;-1;-1;-1;-1;-1;-1;-1;-1;-1;-1;-1;-1;-1;-1;-1;-1;-1;-1;-1;-1;-1
1459;17;No;No;No;Yes;-;3060000;3060000;-1;-1;-1;-1;-1;-1;-1;-1;-1;-1;-1;-1;-1;-1;-1;-1;-1;-1;-1;-1;-1;-1;-1;-1;-1;-1;-1
1463;23;No;No;No;Yes;-;1000000;1000000;-1;-1;-1;-1;-1;-1;-1;-1;-1;-1;-1;-1;-1;-1;-1;-1;-1;-1;-1;-1;-1;-1;-1;-1;-1;-1;-1
1464;124;No;No;No;Yes;-;1000000;1000000;1000000;-1;-1;-1;-1;-1;-1;-1;-1;-1;-1;-1;-1;-1;-1;-1;-1;-1;-1;-1;-1;-1;-1;-1;-1;-1;-1
1465;12;No;No;No;No;-;850000;850000;-1;-1;-1;-1;-1;-1;-1;-1;-1;-1;-1;-1;-1;-1;-1;-1;-1;-1;-1;-1;-1;-1;-1;-1;-1;-1;-1
1468;3;No;No;No;No;-;1070000;1070000;1070000;-1;-1;-1;-1;-1;-1;-1;-1;-1;-1;-1;-1;-1;-1;-1;-1;-1;-1;-1;-1;-1;-1;-1;-1;-1;-1
1472;30;No;No;No;Yes;-;5100000;5100000;5100000;5100000;5100000;5100000;-1;-1;-1;-1;-1;-1;-1;-1;-1;-1;-1;-1;-1;-1;-1;-1;-1;-1;-1;-1;-1;-1;-1
1477;123;No;No;No;No;-;42500;42500;-1;-1;-1;-1;-1;-1;-1;-1;-1;-1;-1;-1;-1;42500;-1;-1;-1;-1;-1;-1;-1;-1;-1;-1;-1;-1;-1
1481;152;No;No;No;Yes;-;800000;800000;-1;-1;-1;-1;-1;-1;-1;-1;-1;-1;-1;-1;-1;-1;-1;-1;-1;-1;-1;-1;-1;-1;-1;-1;-1;-1;-1
1482;19;No;No;No;Yes;-;1500000;1500000;1500000;-1;-1;-1;-1;-1;-1;-1;-1;-1;-1;-1;-1;-1;-1;-1;-1;-1;-1;-1;-1;-1;-1;-1;-1;-1;-1
1484;18;No;No;No;Yes;-;850000;850000;850000;-1;-1;-1;-1;-1;-1;-1;-1;-1;-1;-1;-1;-1;-1;-1;-1;-1;-1;-1;-1;-1;-1;-1;-1;-1;-1
1506;8;No;No;No;Yes;-;2950000;2950000;-1;-1;-1;-1;-1;-1;-1;-1;-1;-1;-1;-1;-1;-1;-1;-1;-1;-1;-1;-1;-1;-1;-1;-1;-1;-1;-1
1509;28;No;No;No;Yes;-;2800000;2800000;-1;-1;-1;-1;-1;-1;-1;-1;-1;-1;-1;-1;-1;-1;-1;-1;-1;-1;-1;-1;-1;-1;-1;-1;-1;-1;-1
1511;38;No;No;No;No;-;50500;50500;-1;-1;-1;-1;-1;-1;-1;-1;-1;-1;-1;-1;-1;50500;-1;-1;-1;-1;-1;-1;-1;-1;-1;-1;-1;-1;-1
1525;26;No;No;No;Yes;-;3500000;3500000;-1;-1;-1;-1;-1;-1;-1;-1;-1;-1;-1;-1;-1;-1;-1;-1;-1;-1;-1;-1;-1;-1;-1;-1;-1;-1;-1
1526;26;No;No;No;Yes;-;4000000;4000000;-1;-1;-1;-1;-1;-1;-1;-1;-1;-1;-1;-1;-1;-1;-1;-1;-1;-1;-1;-1;-1;-1;-1;-1;-1;-1;-1
1530;152;No;No;No;Yes;-;1125000;1125000;-1;-1;-1;-1;-1;-1;-1;-1;-1;-1;-1;-1;-1;-1;-1;-1;-1;-1;-1;-1;-1;-1;-1;-1;-1;-1;-1
1531;153;No;No;No;No;-;42500;42500;-1;-1;-1;-1;-1;-1;-1;-1;-1;-1;-1;-1;-1;5499;-1;-1;-1;-1;-1;-1;-1;-1;-1;-1;-1;-1;-1
1543;153;No;No;No;No;-;60500;60500;-1;-1;-1;-1;-1;-1;-1;-1;-1;-1;-1;-1;-1;60500;-1;-1;-1;-1;-1;-1;-1;-1;-1;-1;-1;-1;-1
1544;152;No;No;No;Yes;-;1500000;1500000;-1;-1;-1;-1;-1;-1;-1;-1;-1;-1;-1;-1;-1;-1;-1;-1;-1;-1;-1;-1;-1;-1;-1;-1;-1;-1;-1
1547;14;No;No;No;Yes;-;1340000;1340000;1340000;1340000;-1;-1;-1;-1;-1;-1;-1;-1;-1;-1;-1;-1;-1;-1;-1;-1;-1;-1;-1;-1;-1;-1;-1;-1;-1
1553;31;No;No;No;Yes;-;6950000;6950000;6950000;6950000;6950000;6950000;-1;-1;-1;-1;-1;-1;-1;-1;-1;-1;-1;-1;-1;-1;-1;-1;-1;-1;-1;-1;-1;-1;-1
1563;124;No;No;No;Yes;-;1000000;1000000;1000000;-1;-1;-1;-1;-1;-1;-1;-1;-1;-1;-1;-1;-1;-1;-1;-1;-1;-1;-1;-1;-1;-1;-1;-1;-1;-1
1566;27;No;Yes;No;Yes;-;8000000;8000000;8000000;8000000;8000000;8000000;8000000;-1;-1;-1;-1;-1;-1;-1;-1;-1;-1;-1;-1;-1;-1;-1;-1;-1;-1;-1;-1;-1;-1
1572;9;No;No;No;Yes;-;2000000;2000000;2000000;-1;-1;-1;-1;-1;-1;-1;-1;-1;-1;-1;-1;-1;-1;-1;-1;-1;-1;-1;-1;-1;-1;-1;-1;-1;-1
1573;3;No;No;No;Yes;-;1540000;1540000;1540000;1540000;-1;-1;-1;-1;-1;-1;-1;-1;-1;-1;-1;-1;-1;-1;-1;-1;-1;-1;-1;-1;-1;-1;-1;-1;-1
1575;17;No;No;No;Yes;-;5000000;5000000;5000000;5000000;-1;-1;-1;-1;-1;-1;-1;-1;-1;-1;-1;-1;-1;-1;-1;-1;-1;-1;-1;-1;-1;-1;-1;-1;-1
1576;30;No;Yes;No;Yes;-;9000000;9000000;9000000;9000000;9000000;9000000;9000000;9000000;9000000;-1;-1;-1;-1;-1;-1;-1;-1;-1;-1;-1;-1;-1;-1;-1;-1;-1;-1;-1;-1
1580;29;No;Yes;No;Yes;-;9700000;9700000;9700000;9700000;9700000;9700000;-1;-1;-1;-1;-1;-1;-1;-1;-1;-1;-1;-1;-1;-1;-1;-1;-1;-1;-1;-1;-1;-1;-1
1587;19;No;No;No;Yes;-;5500000;5500000;5500000;5500000;-1;-1;-1;-1;-1;-1;-1;-1;-1;-1;-1;-1;-1;-1;-1;-1;-1;-1;-1;-1;-1;-1;-1;-1;-1
1590;21;No;Yes;No;Yes;-;6800000;6800000;6800000;6800000;-1;-1;-1;-1;-1;-1;-1;-1;-1;-1;-1;-1;-1;-1;-1;-1;-1;-1;-1;-1;-1;-1;-1;-1;-1
1595;7;No;No;No;No;-;8450000;8450000;-1;-1;-1;-1;-1;-1;-1;-1;-1;-1;-1;-1;-1;-1;-1;-1;-1;-1;-1;-1;-1;-1;-1;-1;-1;-1;-1
1602;19;No;No;No;No;-;4820000;4820000;4820000;-1;-1;-1;-1;-1;-1;-1;-1;-1;-1;-1;-1;-1;-1;-1;-1;-1;-1;-1;-1;-1;-1;-1;-1;-1;-1
1612;10;No;No;No;No;-;940000;940000;-1;-1;-1;-1;-1;-1;-1;-1;-1;-1;-1;-1;-1;-1;-1;-1;-1;-1;-1;-1;-1;-1;-1;-1;-1;-1;-1
1615;14;No;No;No;Yes;-;4250000;4250000;4250000;4250000;4250000;-1;-1;-1;-1;-1;-1;-1;-1;-1;-1;-1;-1;-1;-1;-1;-1;-1;-1;-1;-1;-1;-1;-1;-1
1616;152;No;No;No;Yes;-;3310000;3310000;3310000;-1;-1;-1;-1;-1;-1;-1;-1;-1;-1;-1;-1;-1;-1;-1;-1;-1;-1;-1;-1;-1;-1;-1;-1;-1;-1
1626;152;No;No;No;Yes;-;1150000;1150000;-1;-1;-1;-1;-1;-1;-1;-1;-1;-1;-1;-1;-1;-1;-1;-1;-1;-1;-1;-1;-1;-1;-1;-1;-1;-1;-1
1627;124;No;Yes;No;Yes;-;8240000;8240000;8240000;8240000;8240000;8240000;8240000;-1;-1;-1;-1;-1;-1;-1;-1;-1;-1;-1;-1;-1;-1;-1;-1;-1;-1;-1;-1;-1;-1
1641;29;No;No;No;Yes;-;2500000;2500000;-1;-1;-1;-1;-1;-1;-1;-1;-1;-1;-1;-1;-1;-1;-1;-1;-1;-1;-1;-1;-1;-1;-1;-1;-1;-1;-1
1647;10;No;No;No;No;-;800000;800000;-1;-1;-1;-1;-1;-1;-1;-1;-1;-1;-1;-1;-1;-1;-1;-1;-1;-1;-1;-1;-1;-1;-1;-1;-1;-1;-1
1648;2;No;No;No;Yes;-;3090000;3090000;3090000;3090000;-1;-1;-1;-1;-1;-1;-1;-1;-1;-1;-1;-1;-1;-1;-1;-1;-1;-1;-1;-1;-1;-1;-1;-1;-1
1650;14;No;No;No;No;-;1090000;1090000;-1;-1;-1;-1;-1;-1;-1;-1;-1;-1;-1;-1;-1;-1;-1;-1;-1;-1;-1;-1;-1;-1;-1;-1;-1;-1;-1
1651;7;No;No;No;Yes;-;3500000;3500000;3500000;3500000;3500000;3500000;-1;-1;-1;-1;-1;-1;-1;-1;-1;-1;-1;-1;-1;-1;-1;-1;-1;-1;-1;-1;-1;-1;-1
1655;21;No;Yes;No;Yes;-;7000000;7000000;7000000;7000000;7000000;7000000;-1;-1;-1;-1;-1;-1;-1;-1;-1;-1;-1;-1;-1;-1;-1;-1;-1;-1;-1;-1;-1;-1;-1
1656;21;No;No;No;Yes;-;9240000;9240000;-1;-1;-1;-1;-1;-1;-1;-1;-1;-1;-1;-1;-1;-1;-1;-1;-1;-1;-1;-1;-1;-1;-1;-1;-1;-1;-1
1657;30;No;No;No;Yes;-;1125000;1125000;-1;-1;-1;-1;-1;-1;-1;-1;-1;-1;-1;-1;-1;-1;-1;-1;-1;-1;-1;-1;-1;-1;-1;-1;-1;-1;-1
1661;21;No;No;No;No;-;1000000;1000000;-1;-1;-1;-1;-1;-1;-1;-1;-1;-1;-1;-1;-1;-1;-1;-1;-1;-1;-1;-1;-1;-1;-1;-1;-1;-1;-1
1662;29;No;No;No;No;-;8000000;8000000;8000000;-1;-1;-1;-1;-1;-1;-1;-1;-1;-1;-1;-1;-1;-1;-1;-1;-1;-1;-1;-1;-1;-1;-1;-1;-1;-1
1664;30;No;No;No;Yes;-;2000000;2000000;-1;-1;-1;-1;-1;-1;-1;-1;-1;-1;-1;-1;-1;-1;-1;-1;-1;-1;-1;-1;-1;-1;-1;-1;-1;-1;-1
1672;10;Yes;No;No;Yes;-;3000000;3000000;3000000;-1;-1;-1;-1;-1;-1;-1;-1;-1;-1;-1;-1;-1;-1;-1;-1;-1;-1;-1;-1;-1;-1;-1;-1;-1;-1
1673;154;No;No;No;Yes;-;2000000;2000000;-1;-1;-1;-1;-1;-1;-1;-1;-1;-1;-1;-1;-1;-1;-1;-1;-1;-1;-1;-1;-1;-1;-1;-1;-1;-1;-1
1674;10;No;No;No;Yes;-;800000;800000;-1;-1;-1;-1;-1;-1;-1;-1;-1;-1;-1;-1;-1;-1;-1;-1;-1;-1;-1;-1;-1;-1;-1;-1;-1;-1;-1
1681;1;No;No;No;Yes;-;995000;995000;-1;-1;-1;-1;-1;-1;-1;-1;-1;-1;-1;-1;-1;-1;-1;-1;-1;-1;-1;-1;-1;-1;-1;-1;-1;-1;-1
1684;31;No;No;No;Yes;-;4180000;4200000;-1;-1;-1;-1;-1;-1;-1;-1;-1;-1;-1;-1;-1;-1;-1;-1;-1;-1;-1;-1;-1;-1;-1;-1;-1;-1;-1
1686;2;No;No;No;No;-;1070000;1070000;-1;-1;-1;-1;-1;-1;-1;-1;-1;-1;-1;-1;-1;-1;-1;-1;-1;-1;-1;-1;-1;-1;-1;-1;-1;-1;-1
1699;3;No;No;No;Yes;-;1530000;1530000;1530000;1530000;-1;-1;-1;-1;-1;-1;-1;-1;-1;-1;-1;-1;-1;-1;-1;-1;-1;-1;-1;-1;-1;-1;-1;-1;-1
1702;9;No;No;No;No;-;1010000;1010000;-1;-1;-1;-1;-1;-1;-1;-1;-1;-1;-1;-1;-1;-1;-1;-1;-1;-1;-1;-1;-1;-1;-1;-1;-1;-1;-1
1705;8;No;No;No;Yes;-;850000;850000;850000;-1;-1;-1;-1;-1;-1;-1;-1;-1;-1;-1;-1;-1;-1;-1;-1;-1;-1;-1;-1;-1;-1;-1;-1;-1;-1
1708;23;No;No;No;Yes;-;1230000;1230000;1230000;-1;-1;-1;-1;-1;-1;-1;-1;-1;-1;-1;-1;-1;-1;-1;-1;-1;-1;-1;-1;-1;-1;-1;-1;-1;-1
1712;12;No;No;No;Yes;-;1000000;1000000;-1;-1;-1;-1;-1;-1;-1;-1;-1;-1;-1;-1;-1;-1;-1;-1;-1;-1;-1;-1;-1;-1;-1;-1;-1;-1;-1
1715;9;No;No;No;Yes;-;900000;900000;-1;-1;-1;-1;-1;-1;-1;-1;-1;-1;-1;-1;-1;-1;-1;-1;-1;-1;-1;-1;-1;-1;-1;-1;-1;-1;-1
1718;26;No;No;No;Yes;-;1100000;1100000;1100000;-1;-1;-1;-1;-1;-1;-1;-1;-1;-1;-1;-1;-1;-1;-1;-1;-1;-1;-1;-1;-1;-1;-1;-1;-1;-1
1724;8;No;No;No;Yes;-;7550000;7550000;7550000;-1;-1;-1;-1;-1;-1;-1;-1;-1;-1;-1;-1;-1;-1;-1;-1;-1;-1;-1;-1;-1;-1;-1;-1;-1;-1
1730;124;No;No;No;Yes;-;3000000;3000000;3000000;3000000;-1;-1;-1;-1;-1;-1;-1;-1;-1;-1;-1;-1;-1;-1;-1;-1;-1;-1;-1;-1;-1;-1;-1;-1;-1
1739;17;No;No;No;Yes;-;3000000;3000000;3000000;3000000;-1;-1;-1;-1;-1;-1;-1;-1;-1;-1;-1;-1;-1;-1;-1;-1;-1;-1;-1;-1;-1;-1;-1;-1;-1
1744;19;No;No;No;Yes;-;3760000;3760000;3760000;-1;-1;-1;-1;-1;-1;-1;-1;-1;-1;-1;-1;-1;-1;-1;-1;-1;-1;-1;-1;-1;-1;-1;-1;-1;-1
1745;23;No;No;No;Yes;-;3450000;3450000;3450000;-1;-1;-1;-1;-1;-1;-1;-1;-1;-1;-1;-1;-1;-1;-1;-1;-1;-1;-1;-1;-1;-1;-1;-1;-1;-1
1748;17;No;No;No;Yes;-;900000;900000;-1;-1;-1;-1;-1;-1;-1;-1;-1;-1;-1;-1;-1;-1;-1;-1;-1;-1;-1;-1;-1;-1;-1;-1;-1;-1;-1
1750;8;No;No;No;No;-;5785714;4500000;4500000;-1;-1;-1;-1;-1;-1;-1;-1;-1;-1;-1;-1;-1;-1;-1;-1;-1;-1;-1;-1;-1;-1;-1;-1;-1;-1
1751;19;No;No;No;Yes;-;4690000;4690000;4690000;4690000;-1;-1;-1;-1;-1;-1;-1;-1;-1;-1;-1;-1;-1;-1;-1;-1;-1;-1;-1;-1;-1;-1;-1;-1;-1
1755;3;No;No;No;No;-;960000;960000;-1;-1;-1;-1;-1;-1;-1;-1;-1;-1;-1;-1;-1;-1;-1;-1;-1;-1;-1;-1;-1;-1;-1;-1;-1;-1;-1
1760;9;No;No;No;Yes;-;1750000;1750000;-1;-1;-1;-1;-1;-1;-1;-1;-1;-1;-1;-1;-1;-1;-1;-1;-1;-1;-1;-1;-1;-1;-1;-1;-1;-1;-1
1763;2;No;No;No;Yes;-;6450000;6450000;6450000;6450000;-1;-1;-1;-1;-1;-1;-1;-1;-1;-1;-1;-1;-1;-1;-1;-1;-1;-1;-1;-1;-1;-1;-1;-1;-1
1764;29;No;No;No;Yes;-;4700000;4700000;-1;-1;-1;-1;-1;-1;-1;-1;-1;-1;-1;-1;-1;-1;-1;-1;-1;-1;-1;-1;-1;-1;-1;-1;-1;-1;-1
1765;26;No;No;No;Yes;-;1500000;1500000;1500000;-1;-1;-1;-1;-1;-1;-1;-1;-1;-1;-1;-1;-1;-1;-1;-1;-1;-1;-1;-1;-1;-1;-1;-1;-1;-1
1766;20;No;No;No;Yes;-;5000000;5000000;5000000;5000000;-1;-1;-1;-1;-1;-1;-1;-1;-1;-1;-1;-1;-1;-1;-1;-1;-1;-1;-1;-1;-1;-1;-1;-1;-1
1767;9;No;No;No;Yes;-;7000000;7000000;7000000;-1;-1;-1;-1;-1;-1;-1;-1;-1;-1;-1;-1;-1;-1;-1;-1;-1;-1;-1;-1;-1;-1;-1;-1;-1;-1
1769;7;No;No;No;Yes;-;8460000;8460000;8460000;-1;-1;-1;-1;-1;-1;-1;-1;-1;-1;-1;-1;-1;-1;-1;-1;-1;-1;-1;-1;-1;-1;-1;-1;-1;-1
1773;9;No;No;No;No;-;10000000;10000000;10000000;-1;-1;-1;-1;-1;-1;-1;-1;-1;-1;-1;-1;-1;-1;-1;-1;-1;-1;-1;-1;-1;-1;-1;-1;-1;-1
1774;12;No;No;No;Yes;-;1200000;1200000;-1;-1;-1;-1;-1;-1;-1;-1;-1;-1;-1;-1;-1;-1;-1;-1;-1;-1;-1;-1;-1;-1;-1;-1;-1;-1;-1
1776;25;No;No;No;Yes;-;1000000;1000000;-1;-1;-1;-1;-1;-1;-1;-1;-1;-1;-1;-1;-1;-1;-1;-1;-1;-1;-1;-1;-1;-1;-1;-1;-1;-1;-1
1779;2;No;No;No;No;-;1040000;1040000;1040000;-1;-1;-1;-1;-1;-1;-1;-1;-1;-1;-1;-1;-1;-1;-1;-1;-1;-1;-1;-1;-1;-1;-1;-1;-1;-1
1783;37;No;No;No;No;-;42500;42500;-1;-1;-1;-1;-1;-1;-1;-1;-1;-1;-1;-1;-1;42500;-1;-1;-1;-1;-1;-1;-1;-1;-1;-1;-1;-1;-1
1786;28;No;No;No;Yes;-;1150000;1150000;-1;-1;-1;-1;-1;-1;-1;-1;-1;-1;-1;-1;-1;-1;-1;-1;-1;-1;-1;-1;-1;-1;-1;-1;-1;-1;-1
1789;17;No;No;No;Yes;-;888000;888000;-1;-1;-1;-1;-1;-1;-1;-1;-1;-1;-1;-1;-1;-1;-1;-1;-1;-1;-1;-1;-1;-1;-1;-1;-1;-1;-1
1791;154;No;No;No;Yes;-;3950000;3950000;3950000;3950000;-1;-1;-1;-1;-1;-1;-1;-1;-1;-1;-1;-1;-1;-1;-1;-1;-1;-1;-1;-1;-1;-1;-1;-1;-1
1795;8;No;No;No;Yes;-;850000;850000;850000;850000;-1;-1;-1;-1;-1;-1;-1;-1;-1;-1;-1;-1;-1;-1;-1;-1;-1;-1;-1;-1;-1;-1;-1;-1;-1
1796;31;No;No;No;No;-;1020000;1020000;-1;-1;-1;-1;-1;-1;-1;-1;-1;-1;-1;-1;-1;-1;-1;-1;-1;-1;-1;-1;-1;-1;-1;-1;-1;-1;-1
1802;37;No;No;No;No;-;42500;42500;-1;-1;-1;-1;-1;-1;-1;-1;-1;-1;-1;-1;-1;42500;-1;-1;-1;-1;-1;-1;-1;-1;-1;-1;-1;-1;-1
1804;152;No;No;No;Yes;-;3250000;3250000;-1;-1;-1;-1;-1;-1;-1;-1;-1;-1;-1;-1;-1;-1;-1;-1;-1;-1;-1;-1;-1;-1;-1;-1;-1;-1;-1
1808;10;No;No;No;Yes;-;3500000;3500000;3500000;3500000;-1;-1;-1;-1;-1;-1;-1;-1;-1;-1;-1;-1;-1;-1;-1;-1;-1;-1;-1;-1;-1;-1;-1;-1;-1
1813;10;No;No;No;Yes;-;800000;800000;-1;-1;-1;-1;-1;-1;-1;-1;-1;-1;-1;-1;-1;-1;-1;-1;-1;-1;-1;-1;-1;-1;-1;-1;-1;-1;-1
1816;24;No;No;No;Yes;-;3500000;3500000;3500000;3500000;-1;-1;-1;-1;-1;-1;-1;-1;-1;-1;-1;-1;-1;-1;-1;-1;-1;-1;-1;-1;-1;-1;-1;-1;-1
1817;29;No;No;No;Yes;-;5820000;5820000;5820000;5820000;-1;-1;-1;-1;-1;-1;-1;-1;-1;-1;-1;-1;-1;-1;-1;-1;-1;-1;-1;-1;-1;-1;-1;-1;-1
1818;2;No;No;No;No;-;1090000;1090000;1090000;-1;-1;-1;-1;-1;-1;-1;-1;-1;-1;-1;-1;-1;-1;-1;-1;-1;-1;-1;-1;-1;-1;-1;-1;-1;-1
1819;7;No;No;No;Yes;-;1270000;1270000;1270000;-1;-1;-1;-1;-1;-1;-1;-1;-1;-1;-1;-1;-1;-1;-1;-1;-1;-1;-1;-1;-1;-1;-1;-1;-1;-1
1820;154;No;No;Yes;No;-;2282380;2850000;-1;-1;-1;-1;-1;-1;-1;-1;-1;-1;-1;-1;-1;-1;-1;-1;-1;-1;-1;-1;-1;-1;-1;-1;-1;-1;-1
1821;17;No;Yes;No;Yes;-;6250000;6250000;6250000;6250000;6250000;6250000;6250000;6250000;-1;-1;-1;-1;-1;-1;-1;-1;-1;-1;-1;-1;-1;-1;-1;-1;-1;-1;-1;-1;-1
1822;124;No;No;No;Yes;-;1300000;1300000;-1;-1;-1;-1;-1;-1;-1;-1;-1;-1;-1;-1;-1;-1;-1;-1;-1;-1;-1;-1;-1;-1;-1;-1;-1;-1;-1
1823;2;No;No;No;Yes;-;1250000;1250000;1250000;-1;-1;-1;-1;-1;-1;-1;-1;-1;-1;-1;-1;-1;-1;-1;-1;-1;-1;-1;-1;-1;-1;-1;-1;-1;-1
1826;10;No;No;No;Yes;-;1210000;1210000;-1;-1;-1;-1;-1;-1;-1;-1;-1;-1;-1;-1;-1;-1;-1;-1;-1;-1;-1;-1;-1;-1;-1;-1;-1;-1;-1
1827;14;No;No;No;Yes;-;1360000;1360000;-1;-1;-1;-1;-1;-1;-1;-1;-1;-1;-1;-1;-1;-1;-1;-1;-1;-1;-1;-1;-1;-1;-1;-1;-1;-1;-1
1828;24;No;No;No;Yes;-;1530000;1530000;-1;-1;-1;-1;-1;-1;-1;-1;-1;-1;-1;-1;-1;-1;-1;-1;-1;-1;-1;-1;-1;-1;-1;-1;-1;-1;-1
1832;24;No;No;No;Yes;-;3000000;3000000;3000000;3000000;-1;-1;-1;-1;-1;-1;-1;-1;-1;-1;-1;-1;-1;-1;-1;-1;-1;-1;-1;-1;-1;-1;-1;-1;-1
1833;23;No;No;No;Yes;-;2500000;2500000;-1;-1;-1;-1;-1;-1;-1;-1;-1;-1;-1;-1;-1;-1;-1;-1;-1;-1;-1;-1;-1;-1;-1;-1;-1;-1;-1
1835;31;No;No;No;Yes;-;1100000;1100000;-1;-1;-1;-1;-1;-1;-1;-1;-1;-1;-1;-1;-1;-1;-1;-1;-1;-1;-1;-1;-1;-1;-1;-1;-1;-1;-1
1839;2;No;No;No;No;-;1030000;1030000;-1;-1;-1;-1;-1;-1;-1;-1;-1;-1;-1;-1;-1;-1;-1;-1;-1;-1;-1;-1;-1;-1;-1;-1;-1;-1;-1
1841;14;No;No;No;Yes;-;1540000;1540000;1540000;1540000;-1;-1;-1;-1;-1;-1;-1;-1;-1;-1;-1;-1;-1;-1;-1;-1;-1;-1;-1;-1;-1;-1;-1;-1;-1
1842;0;No;Yes;No;No;-;11000000;11000000;11000000;-1;-1;-1;-1;-1;-1;-1;-1;-1;-1;-1;-1;-1;-1;-1;-1;-1;-1;-1;-1;-1;-1;-1;-1;-1;-1
1843;27;No;No;No;Yes;-;995000;995000;-1;-1;-1;-1;-1;-1;-1;-1;-1;-1;-1;-1;-1;-1;-1;-1;-1;-1;-1;-1;-1;-1;-1;-1;-1;-1;-1
1846;152;No;No;No;No;-;1125000;1125000;1125000;-1;-1;-1;-1;-1;-1;-1;-1;-1;-1;-1;-1;-1;-1;-1;-1;-1;-1;-1;-1;-1;-1;-1;-1;-1;-1
1847;20;No;No;No;No;-;1090000;1090000;-1;-1;-1;-1;-1;-1;-1;-1;-1;-1;-1;-1;-1;-1;-1;-1;-1;-1;-1;-1;-1;-1;-1;-1;-1;-1;-1
1848;17;No;No;No;Yes;-;1650000;1650000;-1;-1;-1;-1;-1;-1;-1;-1;-1;-1;-1;-1;-1;-1;-1;-1;-1;-1;-1;-1;-1;-1;-1;-1;-1;-1;-1
1851;2;No;No;No;Yes;-;8400000;8400000;8400000;-1;-1;-1;-1;-1;-1;-1;-1;-1;-1;-1;-1;-1;-1;-1;-1;-1;-1;-1;-1;-1;-1;-1;-1;-1;-1
1852;152;No;No;No;Yes;-;1125000;1125000;-1;-1;-1;-1;-1;-1;-1;-1;-1;-1;-1;-1;-1;-1;-1;-1;-1;-1;-1;-1;-1;-1;-1;-1;-1;-1;-1
1853;27;No;No;No;Yes;-;930000;930000;930000;-1;-1;-1;-1;-1;-1;-1;-1;-1;-1;-1;-1;-1;-1;-1;-1;-1;-1;-1;-1;-1;-1;-1;-1;-1;-1
1854;10;No;No;No;No;-;999900;999900;999900;-1;-1;-1;-1;-1;-1;-1;-1;-1;-1;-1;-1;-1;-1;-1;-1;-1;-1;-1;-1;-1;-1;-1;-1;-1;-1
1858;1;No;No;No;No;-;900000;900000;-1;-1;-1;-1;-1;-1;-1;-1;-1;-1;-1;-1;-1;-1;-1;-1;-1;-1;-1;-1;-1;-1;-1;-1;-1;-1;-1
1859;124;No;No;No;No;-;7740000;7740000;-1;-1;-1;-1;-1;-1;-1;-1;-1;-1;-1;-1;-1;-1;-1;-1;-1;-1;-1;-1;-1;-1;-1;-1;-1;-1;-1
1861;2;No;No;No;No;-;1090000;1090000;-1;-1;-1;-1;-1;-1;-1;-1;-1;-1;-1;-1;-1;-1;-1;-1;-1;-1;-1;-1;-1;-1;-1;-1;-1;-1;-1
1864;12;No;No;No;Yes;-;1000000;1000000;-1;-1;-1;-1;-1;-1;-1;-1;-1;-1;-1;-1;-1;-1;-1;-1;-1;-1;-1;-1;-1;-1;-1;-1;-1;-1;-1
1865;28;No;No;No;No;-;8500000;8500000;-1;-1;-1;-1;-1;-1;-1;-1;-1;-1;-1;-1;-1;-1;-1;-1;-1;-1;-1;-1;-1;-1;-1;-1;-1;-1;-1
1866;30;No;No;No;Yes;-;2000000;2000000;-1;-1;-1;-1;-1;-1;-1;-1;-1;-1;-1;-1;-1;-1;-1;-1;-1;-1;-1;-1;-1;-1;-1;-1;-1;-1;-1
1867;23;No;No;No;Yes;-;6450000;6450000;-1;-1;-1;-1;-1;-1;-1;-1;-1;-1;-1;-1;-1;-1;-1;-1;-1;-1;-1;-1;-1;-1;-1;-1;-1;-1;-1
1868;154;No;No;No;Yes;-;3990000;3990000;3990000;3990000;-1;-1;-1;-1;-1;-1;-1;-1;-1;-1;-1;-1;-1;-1;-1;-1;-1;-1;-1;-1;-1;-1;-1;-1;-1
1874;31;No;No;No;Yes;-;1000000;1000000;-1;-1;-1;-1;-1;-1;-1;-1;-1;-1;-1;-1;-1;-1;-1;-1;-1;-1;-1;-1;-1;-1;-1;-1;-1;-1;-1
1877;31;No;No;No;Yes;-;4380000;4380000;4380000;-1;-1;-1;-1;-1;-1;-1;-1;-1;-1;-1;-1;-1;-1;-1;-1;-1;-1;-1;-1;-1;-1;-1;-1;-1;-1
1879;28;No;No;No;Yes;-;1150000;1150000;-1;-1;-1;-1;-1;-1;-1;-1;-1;-1;-1;-1;-1;-1;-1;-1;-1;-1;-1;-1;-1;-1;-1;-1;-1;-1;-1
1881;124;No;No;No;Yes;-;800000;800000;800000;-1;-1;-1;-1;-1;-1;-1;-1;-1;-1;-1;-1;-1;-1;-1;-1;-1;-1;-1;-1;-1;-1;-1;-1;-1;-1
1883;24;No;No;No;Yes;-;3490000;3490000;-1;-1;-1;-1;-1;-1;-1;-1;-1;-1;-1;-1;-1;-1;-1;-1;-1;-1;-1;-1;-1;-1;-1;-1;-1;-1;-1
1886;23;No;No;No;Yes;-;850000;850000;-1;-1;-1;-1;-1;-1;-1;-1;-1;-1;-1;-1;-1;-1;-1;-1;-1;-1;-1;-1;-1;-1;-1;-1;-1;-1;-1
1887;31;No;No;No;No;-;1030000;1030000;1030000;-1;-1;-1;-1;-1;-1;-1;-1;-1;-1;-1;-1;-1;-1;-1;-1;-1;-1;-1;-1;-1;-1;-1;-1;-1;-1
1891;41;No;No;No;No;-;190000;190000;-1;-1;-1;-1;-1;-1;-1;-1;-1;-1;-1;-1;-1;190000;-1;-1;-1;-1;-1;-1;-1;-1;-1;-1;-1;-1;-1
1893;3;No;No;No;Yes;-;1540000;1540000;1540000;-1;-1;-1;-1;-1;-1;-1;-1;-1;-1;-1;-1;-1;-1;-1;-1;-1;-1;-1;-1;-1;-1;-1;-1;-1;-1
1896;124;No;No;No;Yes;-;1150000;1150000;1150000;-1;-1;-1;-1;-1;-1;-1;-1;-1;-1;-1;-1;-1;-1;-1;-1;-1;-1;-1;-1;-1;-1;-1;-1;-1;-1
1900;23;No;No;No;Yes;-;4830000;4830000;4830000;-1;-1;-1;-1;-1;-1;-1;-1;-1;-1;-1;-1;-1;-1;-1;-1;-1;-1;-1;-1;-1;-1;-1;-1;-1;-1
1901;124;No;No;No;Yes;-;1200000;1200000;1200000;-1;-1;-1;-1;-1;-1;-1;-1;-1;-1;-1;-1;-1;-1;-1;-1;-1;-1;-1;-1;-1;-1;-1;-1;-1;-1
1902;10;No;No;No;Yes;-;5560000;5560000;5560000;-1;-1;-1;-1;-1;-1;-1;-1;-1;-1;-1;-1;-1;-1;-1;-1;-1;-1;-1;-1;-1;-1;-1;-1;-1;-1
1904;23;No;No;No;No;-;975000;975000;-1;-1;-1;-1;-1;-1;-1;-1;-1;-1;-1;-1;-1;-1;-1;-1;-1;-1;-1;-1;-1;-1;-1;-1;-1;-1;-1
1905;152;No;No;No;Yes;-;1150000;1150000;-1;-1;-1;-1;-1;-1;-1;-1;-1;-1;-1;-1;-1;-1;-1;-1;-1;-1;-1;-1;-1;-1;-1;-1;-1;-1;-1
1906;2;No;No;No;Yes;-;1290000;1290000;1290000;-1;-1;-1;-1;-1;-1;-1;-1;-1;-1;-1;-1;-1;-1;-1;-1;-1;-1;-1;-1;-1;-1;-1;-1;-1;-1
1908;23;No;No;No;No;-;1070000;1070000;-1;-1;-1;-1;-1;-1;-1;-1;-1;-1;-1;-1;-1;-1;-1;-1;-1;-1;-1;-1;-1;-1;-1;-1;-1;-1;-1
1909;154;No;No;No;Yes;-;2010000;2010000;2010000;2010000;-1;-1;-1;-1;-1;-1;-1;-1;-1;-1;-1;-1;-1;-1;-1;-1;-1;-1;-1;-1;-1;-1;-1;-1;-1
1910;12;No;No;No;No;-;935000;935000;-1;-1;-1;-1;-1;-1;-1;-1;-1;-1;-1;-1;-1;-1;-1;-1;-1;-1;-1;-1;-1;-1;-1;-1;-1;-1;-1
1911;124;No;No;No;No;-;1530000;1530000;-1;-1;-1;-1;-1;-1;-1;-1;-1;-1;-1;-1;-1;-1;-1;-1;-1;-1;-1;-1;-1;-1;-1;-1;-1;-1;-1
1912;27;No;No;No;Yes;-;5200000;5200000;5200000;5200000;5200000;-1;-1;-1;-1;-1;-1;-1;-1;-1;-1;-1;-1;-1;-1;-1;-1;-1;-1;-1;-1;-1;-1;-1;-1
1914;23;No;No;No;No;-;1050000;1050000;-1;-1;-1;-1;-1;-1;-1;-1;-1;-1;-1;-1;-1;-1;-1;-1;-1;-1;-1;-1;-1;-1;-1;-1;-1;-1;-1
1915;31;No;No;No;No;-;1110000;1110000;1110000;-1;-1;-1;-1;-1;-1;-1;-1;-1;-1;-1;-1;-1;-1;-1;-1;-1;-1;-1;-1;-1;-1;-1;-1;-1;-1
1916;152;No;No;No;Yes;-;1530000;1530000;-1;-1;-1;-1;-1;-1;-1;-1;-1;-1;-1;-1;-1;-1;-1;-1;-1;-1;-1;-1;-1;-1;-1;-1;-1;-1;-1
1919;2;No;No;No;Yes;-;1680000;1680000;1680000;1680000;-1;-1;-1;-1;-1;-1;-1;-1;-1;-1;-1;-1;-1;-1;-1;-1;-1;-1;-1;-1;-1;-1;-1;-1;-1
1921;23;No;No;No;No;-;1100000;1100000;1100000;-1;-1;-1;-1;-1;-1;-1;-1;-1;-1;-1;-1;-1;-1;-1;-1;-1;-1;-1;-1;-1;-1;-1;-1;-1;-1
1922;27;No;No;No;Yes;-;1000000;1000000;-1;-1;-1;-1;-1;-1;-1;-1;-1;-1;-1;-1;-1;-1;-1;-1;-1;-1;-1;-1;-1;-1;-1;-1;-1;-1;-1
1924;3;No;No;No;Yes;-;1400000;1400000;1400000;-1;-1;-1;-1;-1;-1;-1;-1;-1;-1;-1;-1;-1;-1;-1;-1;-1;-1;-1;-1;-1;-1;-1;-1;-1;-1
1925;20;No;No;No;No;-;1090000;1090000;-1;-1;-1;-1;-1;-1;-1;-1;-1;-1;-1;-1;-1;-1;-1;-1;-1;-1;-1;-1;-1;-1;-1;-1;-1;-1;-1
1926;0;No;No;No;Yes;-;930000;930000;-1;-1;-1;-1;-1;-1;-1;-1;-1;-1;-1;-1;-1;-1;-1;-1;-1;-1;-1;-1;-1;-1;-1;-1;-1;-1;-1
1927;154;No;No;No;Yes;-;6260000;6260000;6260000;6260000;6260000;6260000;6260000;-1;-1;-1;-1;-1;-1;-1;-1;-1;-1;-1;-1;-1;-1;-1;-1;-1;-1;-1;-1;-1;-1
1930;24;No;No;No;No;-;6140000;6140000;-1;-1;-1;-1;-1;-1;-1;-1;-1;-1;-1;-1;-1;-1;-1;-1;-1;-1;-1;-1;-1;-1;-1;-1;-1;-1;-1
1933;37;No;No;No;No;-;52000;52000;-1;-1;-1;-1;-1;-1;-1;-1;-1;-1;-1;-1;-1;52000;-1;-1;-1;-1;-1;-1;-1;-1;-1;-1;-1;-1;-1
1934;2;No;No;No;No;-;965000;965000;-1;-1;-1;-1;-1;-1;-1;-1;-1;-1;-1;-1;-1;-1;-1;-1;-1;-1;-1;-1;-1;-1;-1;-1;-1;-1;-1
1936;124;No;No;No;Yes;-;850000;850000;850000;-1;-1;-1;-1;-1;-1;-1;-1;-1;-1;-1;-1;-1;-1;-1;-1;-1;-1;-1;-1;-1;-1;-1;-1;-1;-1
1937;26;No;No;No;Yes;-;1661000;1661000;1661000;1661000;-1;-1;-1;-1;-1;-1;-1;-1;-1;-1;-1;-1;-1;-1;-1;-1;-1;-1;-1;-1;-1;-1;-1;-1;-1
1938;43;No;No;No;No;-;69500;69500;-1;-1;-1;-1;-1;-1;-1;-1;-1;-1;-1;-1;-1;69500;-1;-1;-1;-1;-1;-1;-1;-1;-1;-1;-1;-1;-1
1942;10;No;No;No;No;-;1000000;1000000;1000000;-1;-1;-1;-1;-1;-1;-1;-1;-1;-1;-1;-1;-1;-1;-1;-1;-1;-1;-1;-1;-1;-1;-1;-1;-1;-1
1943;19;No;No;No;Yes;-;945000;945000;-1;-1;-1;-1;-1;-1;-1;-1;-1;-1;-1;-1;-1;-1;-1;-1;-1;-1;-1;-1;-1;-1;-1;-1;-1;-1;-1
1948;12;No;No;No;No;-;1000000;1000000;-1;-1;-1;-1;-1;-1;-1;-1;-1;-1;-1;-1;-1;-1;-1;-1;-1;-1;-1;-1;-1;-1;-1;-1;-1;-1;-1
1950;2;No;No;No;Yes;-;1130000;1130000;1130000;-1;-1;-1;-1;-1;-1;-1;-1;-1;-1;-1;-1;-1;-1;-1;-1;-1;-1;-1;-1;-1;-1;-1;-1;-1;-1
1951;44;No;No;No;No;-;78500;78500;-1;-1;-1;-1;-1;-1;-1;-1;-1;-1;-1;-1;-1;78500;-1;-1;-1;-1;-1;-1;-1;-1;-1;-1;-1;-1;-1
1953;9;No;No;No;Yes;-;995000;995000;-1;-1;-1;-1;-1;-1;-1;-1;-1;-1;-1;-1;-1;-1;-1;-1;-1;-1;-1;-1;-1;-1;-1;-1;-1;-1;-1
1954;10;No;No;No;Yes;-;5950000;5950000;5950000;5950000;5950000;5950000;-1;-1;-1;-1;-1;-1;-1;-1;-1;-1;-1;-1;-1;-1;-1;-1;-1;-1;-1;-1;-1;-1;-1
1959;14;No;No;No;No;-;1100000;1100000;1100000;-1;-1;-1;-1;-1;-1;-1;-1;-1;-1;-1;-1;-1;-1;-1;-1;-1;-1;-1;-1;-1;-1;-1;-1;-1;-1
1961;10;No;No;No;Yes;-;970000;970000;970000;-1;-1;-1;-1;-1;-1;-1;-1;-1;-1;-1;-1;-1;-1;-1;-1;-1;-1;-1;-1;-1;-1;-1;-1;-1;-1
1976;29;No;No;No;Yes;-;4500000;4500000;-1;-1;-1;-1;-1;-1;-1;-1;-1;-1;-1;-1;-1;-1;-1;-1;-1;-1;-1;-1;-1;-1;-1;-1;-1;-1;-1
1977;9;No;No;No;Yes;-;1000000;1000000;-1;-1;-1;-1;-1;-1;-1;-1;-1;-1;-1;-1;-1;-1;-1;-1;-1;-1;-1;-1;-1;-1;-1;-1;-1;-1;-1
1981;9;No;No;No;No;-;900000;900000;-1;-1;-1;-1;-1;-1;-1;-1;-1;-1;-1;-1;-1;-1;-1;-1;-1;-1;-1;-1;-1;-1;-1;-1;-1;-1;-1
1982;14;No;No;No;No;-;910000;910000;-1;-1;-1;-1;-1;-1;-1;-1;-1;-1;-1;-1;-1;-1;-1;-1;-1;-1;-1;-1;-1;-1;-1;-1;-1;-1;-1
1983;124;No;No;No;Yes;-;3750000;3750000;3750000;3750000;-1;-1;-1;-1;-1;-1;-1;-1;-1;-1;-1;-1;-1;-1;-1;-1;-1;-1;-1;-1;-1;-1;-1;-1;-1
1990;29;No;No;No;Yes;-;1090000;1090000;-1;-1;-1;-1;-1;-1;-1;-1;-1;-1;-1;-1;-1;-1;-1;-1;-1;-1;-1;-1;-1;-1;-1;-1;-1;-1;-1
1997;47;No;No;No;No;-;180000;180000;-1;-1;-1;-1;-1;-1;-1;-1;-1;-1;-1;-1;-1;180000;-1;-1;-1;-1;-1;-1;-1;-1;-1;-1;-1;-1;-1
1999;2;No;No;No;Yes;-;2000000;2000000;2000000;-1;-1;-1;-1;-1;-1;-1;-1;-1;-1;-1;-1;-1;-1;-1;-1;-1;-1;-1;-1;-1;-1;-1;-1;-1;-1
2003;2;No;No;No;Yes;-;3070000;3070000;-1;-1;-1;-1;-1;-1;-1;-1;-1;-1;-1;-1;-1;-1;-1;-1;-1;-1;-1;-1;-1;-1;-1;-1;-1;-1;-1
2005;3;No;No;No;Yes;-;7500000;7500000;-1;-1;-1;-1;-1;-1;-1;-1;-1;-1;-1;-1;-1;-1;-1;-1;-1;-1;-1;-1;-1;-1;-1;-1;-1;-1;-1
2013;24;No;Yes;No;Yes;-;4260000;4260000;4260000;4260000;-1;-1;-1;-1;-1;-1;-1;-1;-1;-1;-1;-1;-1;-1;-1;-1;-1;-1;-1;-1;-1;-1;-1;-1;-1
2014;19;No;No;No;Yes;-;1500000;1500000;1500000;-1;-1;-1;-1;-1;-1;-1;-1;-1;-1;-1;-1;-1;-1;-1;-1;-1;-1;-1;-1;-1;-1;-1;-1;-1;-1
2015;19;No;No;No;Yes;-;995000;995000;-1;-1;-1;-1;-1;-1;-1;-1;-1;-1;-1;-1;-1;-1;-1;-1;-1;-1;-1;-1;-1;-1;-1;-1;-1;-1;-1
2017;12;No;Yes;No;No;-;8000000;8000000;8000000;-1;-1;-1;-1;-1;-1;-1;-1;-1;-1;-1;-1;-1;-1;-1;-1;-1;-1;-1;-1;-1;-1;-1;-1;-1;-1
2018;23;No;No;No;Yes;-;850000;850000;-1;-1;-1;-1;-1;-1;-1;-1;-1;-1;-1;-1;-1;-1;-1;-1;-1;-1;-1;-1;-1;-1;-1;-1;-1;-1;-1
2019;23;No;No;No;Yes;-;1520000;1520000;1520000;-1;-1;-1;-1;-1;-1;-1;-1;-1;-1;-1;-1;-1;-1;-1;-1;-1;-1;-1;-1;-1;-1;-1;-1;-1;-1
2020;10;No;No;No;No;-;1500000;1500000;-1;-1;-1;-1;-1;-1;-1;-1;-1;-1;-1;-1;-1;-1;-1;-1;-1;-1;-1;-1;-1;-1;-1;-1;-1;-1;-1
2021;2;No;No;No;No;-;990000;990000;-1;-1;-1;-1;-1;-1;-1;-1;-1;-1;-1;-1;-1;-1;-1;-1;-1;-1;-1;-1;-1;-1;-1;-1;-1;-1;-1
2022;31;No;No;No;No;-;945000;945000;-1;-1;-1;-1;-1;-1;-1;-1;-1;-1;-1;-1;-1;-1;-1;-1;-1;-1;-1;-1;-1;-1;-1;-1;-1;-1;-1
2024;21;No;No;No;No;-;1530000;1530000;-1;-1;-1;-1;-1;-1;-1;-1;-1;-1;-1;-1;-1;-1;-1;-1;-1;-1;-1;-1;-1;-1;-1;-1;-1;-1;-1
2025;9;No;No;No;Yes;-;995000;995000;-1;-1;-1;-1;-1;-1;-1;-1;-1;-1;-1;-1;-1;-1;-1;-1;-1;-1;-1;-1;-1;-1;-1;-1;-1;-1;-1
2026;0;No;No;No;No;-;1150000;1150000;-1;-1;-1;-1;-1;-1;-1;-1;-1;-1;-1;-1;-1;-1;-1;-1;-1;-1;-1;-1;-1;-1;-1;-1;-1;-1;-1
2031;2;No;No;No;No;-;1140000;1140000;-1;-1;-1;-1;-1;-1;-1;-1;-1;-1;-1;-1;-1;-1;-1;-1;-1;-1;-1;-1;-1;-1;-1;-1;-1;-1;-1
2032;30;No;No;No;No;-;1020000;1020000;-1;-1;-1;-1;-1;-1;-1;-1;-1;-1;-1;-1;-1;-1;-1;-1;-1;-1;-1;-1;-1;-1;-1;-1;-1;-1;-1
2033;10;No;No;No;Yes;-;4250000;4250000;4250000;4250000;-1;-1;-1;-1;-1;-1;-1;-1;-1;-1;-1;-1;-1;-1;-1;-1;-1;-1;-1;-1;-1;-1;-1;-1;-1
2034;31;No;No;No;No;-;1020000;1020000;-1;-1;-1;-1;-1;-1;-1;-1;-1;-1;-1;-1;-1;-1;-1;-1;-1;-1;-1;-1;-1;-1;-1;-1;-1;-1;-1
2035;29;No;No;No;No;-;2980000;2980000;-1;-1;-1;-1;-1;-1;-1;-1;-1;-1;-1;-1;-1;-1;-1;-1;-1;-1;-1;-1;-1;-1;-1;-1;-1;-1;-1
2038;53;No;No;No;No;-;175000;175000;-1;-1;-1;-1;-1;-1;-1;-1;-1;-1;-1;-1;-1;175000;-1;-1;-1;-1;-1;-1;-1;-1;-1;-1;-1;-1;-1
2040;154;No;No;No;No;-;1530000;1530000;-1;-1;-1;-1;-1;-1;-1;-1;-1;-1;-1;-1;-1;-1;-1;-1;-1;-1;-1;-1;-1;-1;-1;-1;-1;-1;-1
2041;10;No;No;No;Yes;-;1360000;1360000;1360000;-1;-1;-1;-1;-1;-1;-1;-1;-1;-1;-1;-1;-1;-1;-1;-1;-1;-1;-1;-1;-1;-1;-1;-1;-1;-1
2043;30;No;No;No;No;-;995000;995000;995000;-1;-1;-1;-1;-1;-1;-1;-1;-1;-1;-1;-1;-1;-1;-1;-1;-1;-1;-1;-1;-1;-1;-1;-1;-1;-1
2044;10;No;No;No;No;-;1530000;1530000;-1;-1;-1;-1;-1;-1;-1;-1;-1;-1;-1;-1;-1;-1;-1;-1;-1;-1;-1;-1;-1;-1;-1;-1;-1;-1;-1
2045;30;No;No;No;Yes;-;2000000;2000000;-1;-1;-1;-1;-1;-1;-1;-1;-1;-1;-1;-1;-1;-1;-1;-1;-1;-1;-1;-1;-1;-1;-1;-1;-1;-1;-1
2047;45;No;No;No;No;-;180000;180000;-1;-1;-1;-1;-1;-1;-1;-1;-1;-1;-1;-1;-1;180000;-1;-1;-1;-1;-1;-1;-1;-1;-1;-1;-1;-1;-1
2048;21;No;No;No;No;-;1530000;1530000;-1;-1;-1;-1;-1;-1;-1;-1;-1;-1;-1;-1;-1;-1;-1;-1;-1;-1;-1;-1;-1;-1;-1;-1;-1;-1;-1
2050;14;No;No;No;No;-;980000;980000;-1;-1;-1;-1;-1;-1;-1;-1;-1;-1;-1;-1;-1;-1;-1;-1;-1;-1;-1;-1;-1;-1;-1;-1;-1;-1;-1
2052;27;No;No;No;No;-;1400000;1400000;-1;-1;-1;-1;-1;-1;-1;-1;-1;-1;-1;-1;-1;-1;-1;-1;-1;-1;-1;-1;-1;-1;-1;-1;-1;-1;-1
2053;21;No;No;No;Yes;-;6230000;6230000;6230000;-1;-1;-1;-1;-1;-1;-1;-1;-1;-1;-1;-1;-1;-1;-1;-1;-1;-1;-1;-1;-1;-1;-1;-1;-1;-1
2054;12;No;No;No;Yes;-;950000;950000;-1;-1;-1;-1;-1;-1;-1;-1;-1;-1;-1;-1;-1;-1;-1;-1;-1;-1;-1;-1;-1;-1;-1;-1;-1;-1;-1
2056;12;No;No;No;No;-;900000;900000;-1;-1;-1;-1;-1;-1;-1;-1;-1;-1;-1;-1;-1;-1;-1;-1;-1;-1;-1;-1;-1;-1;-1;-1;-1;-1;-1
2058;31;No;No;No;No;-;1090000;1090000;1090000;-1;-1;-1;-1;-1;-1;-1;-1;-1;-1;-1;-1;-1;-1;-1;-1;-1;-1;-1;-1;-1;-1;-1;-1;-1;-1
2065;31;No;No;No;Yes;-;995000;995000;-1;-1;-1;-1;-1;-1;-1;-1;-1;-1;-1;-1;-1;-1;-1;-1;-1;-1;-1;-1;-1;-1;-1;-1;-1;-1;-1
2066;29;No;No;No;No;-;1160000;1160000;-1;-1;-1;-1;-1;-1;-1;-1;-1;-1;-1;-1;-1;-1;-1;-1;-1;-1;-1;-1;-1;-1;-1;-1;-1;-1;-1
2067;19;No;No;No;Yes;-;1490000;1490000;-1;-1;-1;-1;-1;-1;-1;-1;-1;-1;-1;-1;-1;-1;-1;-1;-1;-1;-1;-1;-1;-1;-1;-1;-1;-1;-1
2068;30;No;No;No;Yes;-;1540000;1540000;1540000;1540000;-1;-1;-1;-1;-1;-1;-1;-1;-1;-1;-1;-1;-1;-1;-1;-1;-1;-1;-1;-1;-1;-1;-1;-1;-1
2070;12;No;No;No;No;-;1070000;1070000;1070000;-1;-1;-1;-1;-1;-1;-1;-1;-1;-1;-1;-1;-1;-1;-1;-1;-1;-1;-1;-1;-1;-1;-1;-1;-1;-1
2073;1;No;No;No;Yes;-;1800000;1800000;1800000;1800000;-1;-1;-1;-1;-1;-1;-1;-1;-1;-1;-1;-1;-1;-1;-1;-1;-1;-1;-1;-1;-1;-1;-1;-1;-1
2075;10;No;No;No;No;-;1000000;1000000;-1;-1;-1;-1;-1;-1;-1;-1;-1;-1;-1;-1;-1;-1;-1;-1;-1;-1;-1;-1;-1;-1;-1;-1;-1;-1;-1
2078;23;No;No;No;No;-;1500000;1500000;-1;-1;-1;-1;-1;-1;-1;-1;-1;-1;-1;-1;-1;-1;-1;-1;-1;-1;-1;-1;-1;-1;-1;-1;-1;-1;-1
2079;3;No;No;No;No;-;970000;970000;970000;-1;-1;-1;-1;-1;-1;-1;-1;-1;-1;-1;-1;-1;-1;-1;-1;-1;-1;-1;-1;-1;-1;-1;-1;-1;-1
2083;40;No;No;No;No;-;89500;89500;-1;-1;-1;-1;-1;-1;-1;-1;-1;-1;-1;-1;-1;89500;-1;-1;-1;-1;-1;-1;-1;-1;-1;-1;-1;-1;-1
2090;154;No;No;No;Yes;-;2950000;2950000;-1;-1;-1;-1;-1;-1;-1;-1;-1;-1;-1;-1;-1;-1;-1;-1;-1;-1;-1;-1;-1;-1;-1;-1;-1;-1;-1
2091;27;No;No;No;Yes;-;2850000;2850000;2850000;2850000;-1;-1;-1;-1;-1;-1;-1;-1;-1;-1;-1;-1;-1;-1;-1;-1;-1;-1;-1;-1;-1;-1;-1;-1;-1
2092;7;No;No;No;Yes;-;2840000;2840000;2840000;2840000;-1;-1;-1;-1;-1;-1;-1;-1;-1;-1;-1;-1;-1;-1;-1;-1;-1;-1;-1;-1;-1;-1;-1;-1;-1
2094;7;No;No;No;No;-;945000;945000;-1;-1;-1;-1;-1;-1;-1;-1;-1;-1;-1;-1;-1;-1;-1;-1;-1;-1;-1;-1;-1;-1;-1;-1;-1;-1;-1
2102;21;No;No;No;Yes;-;1500000;1500000;1500000;-1;-1;-1;-1;-1;-1;-1;-1;-1;-1;-1;-1;-1;-1;-1;-1;-1;-1;-1;-1;-1;-1;-1;-1;-1;-1
2103;20;No;No;No;No;-;1090000;1090000;-1;-1;-1;-1;-1;-1;-1;-1;-1;-1;-1;-1;-1;-1;-1;-1;-1;-1;-1;-1;-1;-1;-1;-1;-1;-1;-1
2106;10;No;No;No;No;-;925000;925000;-1;-1;-1;-1;-1;-1;-1;-1;-1;-1;-1;-1;-1;-1;-1;-1;-1;-1;-1;-1;-1;-1;-1;-1;-1;-1;-1
2109;17;No;No;No;Yes;-;3060000;3060000;-1;-1;-1;-1;-1;-1;-1;-1;-1;-1;-1;-1;-1;-1;-1;-1;-1;-1;-1;-1;-1;-1;-1;-1;-1;-1;-1
2112;1;No;No;No;Yes;-;1600000;1600000;1600000;1600000;-1;-1;-1;-1;-1;-1;-1;-1;-1;-1;-1;-1;-1;-1;-1;-1;-1;-1;-1;-1;-1;-1;-1;-1;-1
2115;8;No;No;No;Yes;-;1100000;1100000;1100000;1100000;-1;-1;-1;-1;-1;-1;-1;-1;-1;-1;-1;-1;-1;-1;-1;-1;-1;-1;-1;-1;-1;-1;-1;-1;-1
2117;19;No;No;No;Yes;-;995000;995000;-1;-1;-1;-1;-1;-1;-1;-1;-1;-1;-1;-1;-1;-1;-1;-1;-1;-1;-1;-1;-1;-1;-1;-1;-1;-1;-1
2120;40;No;No;No;No;-;46000;46000;-1;-1;-1;-1;-1;-1;-1;-1;-1;-1;-1;-1;-1;46000;-1;-1;-1;-1;-1;-1;-1;-1;-1;-1;-1;-1;-1
2123;8;No;No;No;Yes;-;1600000;1600000;1600000;-1;-1;-1;-1;-1;-1;-1;-1;-1;-1;-1;-1;-1;-1;-1;-1;-1;-1;-1;-1;-1;-1;-1;-1;-1;-1
2124;37;No;No;No;No;-;43000;43000;-1;-1;-1;-1;-1;-1;-1;-1;-1;-1;-1;-1;-1;43000;-1;-1;-1;-1;-1;-1;-1;-1;-1;-1;-1;-1;-1
2125;38;No;No;No;No;-;140000;140000;-1;-1;-1;-1;-1;-1;-1;-1;-1;-1;-1;-1;-1;140000;-1;-1;-1;-1;-1;-1;-1;-1;-1;-1;-1;-1;-1
2126;31;No;No;No;No;-;915000;915000;-1;-1;-1;-1;-1;-1;-1;-1;-1;-1;-1;-1;-1;-1;-1;-1;-1;-1;-1;-1;-1;-1;-1;-1;-1;-1;-1
2127;1;No;No;No;Yes;-;950000;950000;-1;-1;-1;-1;-1;-1;-1;-1;-1;-1;-1;-1;-1;-1;-1;-1;-1;-1;-1;-1;-1;-1;-1;-1;-1;-1;-1
2128;23;No;No;No;Yes;-;1125000;1125000;1125000;-1;-1;-1;-1;-1;-1;-1;-1;-1;-1;-1;-1;-1;-1;-1;-1;-1;-1;-1;-1;-1;-1;-1;-1;-1;-1
2136;28;No;No;No;Yes;-;1150000;1150000;-1;-1;-1;-1;-1;-1;-1;-1;-1;-1;-1;-1;-1;-1;-1;-1;-1;-1;-1;-1;-1;-1;-1;-1;-1;-1;-1
2413;2;No;No;No;Yes;-;1060000;1060000;1060000;-1;-1;-1;-1;-1;-1;-1;-1;-1;-1;-1;-1;-1;-1;-1;-1;-1;-1;-1;-1;-1;-1;-1;-1;-1;-1
2451;31;No;No;No;No;-;1090000;1090000;1090000;-1;-1;-1;-1;-1;-1;-1;-1;-1;-1;-1;-1;-1;-1;-1;-1;-1;-1;-1;-1;-1;-1;-1;-1;-1;-1
2472;27;No;No;No;No;-;1080000;1080000;1080000;-1;-1;-1;-1;-1;-1;-1;-1;-1;-1;-1;-1;-1;-1;-1;-1;-1;-1;-1;-1;-1;-1;-1;-1;-1;-1
2500;14;No;No;No;No;-;1090000;1090000;1090000;-1;-1;-1;-1;-1;-1;-1;-1;-1;-1;-1;-1;-1;-1;-1;-1;-1;-1;-1;-1;-1;-1;-1;-1;-1;-1
2526;3;No;No;No;Yes;-;9050000;9050000;9050000;-1;-1;-1;-1;-1;-1;-1;-1;-1;-1;-1;-1;-1;-1;-1;-1;-1;-1;-1;-1;-1;-1;-1;-1;-1;-1
2527;19;No;No;No;Yes;-;3000000;3000000;3000000;3000000;3000000;-1;-1;-1;-1;-1;-1;-1;-1;-1;-1;-1;-1;-1;-1;-1;-1;-1;-1;-1;-1;-1;-1;-1;-1
2535;20;No;No;No;No;-;1090000;1090000;-1;-1;-1;-1;-1;-1;-1;-1;-1;-1;-1;-1;-1;-1;-1;-1;-1;-1;-1;-1;-1;-1;-1;-1;-1;-1;-1
2565;8;No;No;No;Yes;-;850000;850000;-1;-1;-1;-1;-1;-1;-1;-1;-1;-1;-1;-1;-1;-1;-1;-1;-1;-1;-1;-1;-1;-1;-1;-1;-1;-1;-1
2608;153;No;No;No;No;-;72500;72500;-1;-1;-1;-1;-1;-1;-1;-1;-1;-1;-1;-1;-1;72500;-1;-1;-1;-1;-1;-1;-1;-1;-1;-1;-1;-1;-1
2642;124;No;No;No;Yes;-;850000;850000;850000;-1;-1;-1;-1;-1;-1;-1;-1;-1;-1;-1;-1;-1;-1;-1;-1;-1;-1;-1;-1;-1;-1;-1;-1;-1;-1
2653;30;No;No;No;No;-;1100000;1100000;1100000;-1;-1;-1;-1;-1;-1;-1;-1;-1;-1;-1;-1;-1;-1;-1;-1;-1;-1;-1;-1;-1;-1;-1;-1;-1;-1
2662;1;No;No;No;Yes;-;1000000;1000000;-1;-1;-1;-1;-1;-1;-1;-1;-1;-1;-1;-1;-1;-1;-1;-1;-1;-1;-1;-1;-1;-1;-1;-1;-1;-1;-1
2664;17;No;No;No;Yes;-;1089000;1089000;1089000;-1;-1;-1;-1;-1;-1;-1;-1;-1;-1;-1;-1;-1;-1;-1;-1;-1;-1;-1;-1;-1;-1;-1;-1;-1;-1
2682;23;No;No;No;No;-;1090000;1090000;-1;-1;-1;-1;-1;-1;-1;-1;-1;-1;-1;-1;-1;-1;-1;-1;-1;-1;-1;-1;-1;-1;-1;-1;-1;-1;-1
2685;124;No;No;No;Yes;-;850000;850000;850000;-1;-1;-1;-1;-1;-1;-1;-1;-1;-1;-1;-1;-1;-1;-1;-1;-1;-1;-1;-1;-1;-1;-1;-1;-1;-1
2689;10;No;No;No;Yes;-;1500000;1500000;1500000;1500000;-1;-1;-1;-1;-1;-1;-1;-1;-1;-1;-1;-1;-1;-1;-1;-1;-1;-1;-1;-1;-1;-1;-1;-1;-1
2697;2;No;No;No;Yes;-;3700000;3700000;-1;-1;-1;-1;-1;-1;-1;-1;-1;-1;-1;-1;-1;-1;-1;-1;-1;-1;-1;-1;-1;-1;-1;-1;-1;-1;-1
2718;10;No;No;No;Yes;-;850000;850000;850000;-1;-1;-1;-1;-1;-1;-1;-1;-1;-1;-1;-1;-1;-1;-1;-1;-1;-1;-1;-1;-1;-1;-1;-1;-1;-1
2722;18;No;No;No;No;-;3240000;3240000;3240000;-1;-1;-1;-1;-1;-1;-1;-1;-1;-1;-1;-1;-1;-1;-1;-1;-1;-1;-1;-1;-1;-1;-1;-1;-1;-1
2723;18;No;No;No;No;-;946000;946000;-1;-1;-1;-1;-1;-1;-1;-1;-1;-1;-1;-1;-1;-1;-1;-1;-1;-1;-1;-1;-1;-1;-1;-1;-1;-1;-1
2724;152;No;No;No;Yes;-;4440000;4440000;4440000;4440000;4440000;-1;-1;-1;-1;-1;-1;-1;-1;-1;-1;-1;-1;-1;-1;-1;-1;-1;-1;-1;-1;-1;-1;-1;-1
2725;31;No;No;No;Yes;-;1400000;1400000;1400000;1400000;-1;-1;-1;-1;-1;-1;-1;-1;-1;-1;-1;-1;-1;-1;-1;-1;-1;-1;-1;-1;-1;-1;-1;-1;-1
2726;54;No;No;No;No;-;70000;70000;-1;-1;-1;-1;-1;-1;-1;-1;-1;-1;-1;-1;-1;70000;-1;-1;-1;-1;-1;-1;-1;-1;-1;-1;-1;-1;-1
2727;10;No;No;No;No;-;2890000;2890000;2890000;-1;-1;-1;-1;-1;-1;-1;-1;-1;-1;-1;-1;-1;-1;-1;-1;-1;-1;-1;-1;-1;-1;-1;-1;-1;-1
2730;30;No;No;No;Yes;-;1508000;1508000;1508000;-1;-1;-1;-1;-1;-1;-1;-1;-1;-1;-1;-1;-1;-1;-1;-1;-1;-1;-1;-1;-1;-1;-1;-1;-1;-1
2731;20;No;No;No;Yes;-;5650000;5650000;5650000;-1;-1;-1;-1;-1;-1;-1;-1;-1;-1;-1;-1;-1;-1;-1;-1;-1;-1;-1;-1;-1;-1;-1;-1;-1;-1
2734;21;No;No;No;Yes;-;1530000;1530000;1530000;-1;-1;-1;-1;-1;-1;-1;-1;-1;-1;-1;-1;-1;-1;-1;-1;-1;-1;-1;-1;-1;-1;-1;-1;-1;-1
2735;44;No;No;No;No;-;42500;42500;-1;-1;-1;-1;-1;-1;-1;-1;-1;-1;-1;-1;-1;42500;-1;-1;-1;-1;-1;-1;-1;-1;-1;-1;-1;-1;-1
2736;36;No;No;No;No;-;70500;70500;-1;-1;-1;-1;-1;-1;-1;-1;-1;-1;-1;-1;-1;70500;-1;-1;-1;-1;-1;-1;-1;-1;-1;-1;-1;-1;-1
2739;124;No;No;No;Yes;-;1000000;1000000;1000000;1000000;-1;-1;-1;-1;-1;-1;-1;-1;-1;-1;-1;-1;-1;-1;-1;-1;-1;-1;-1;-1;-1;-1;-1;-1;-1
2746;23;No;No;No;No;-;1125000;1125000;1125000;-1;-1;-1;-1;-1;-1;-1;-1;-1;-1;-1;-1;-1;-1;-1;-1;-1;-1;-1;-1;-1;-1;-1;-1;-1;-1
2752;19;No;No;No;Yes;-;930000;930000;930000;-1;-1;-1;-1;-1;-1;-1;-1;-1;-1;-1;-1;-1;-1;-1;-1;-1;-1;-1;-1;-1;-1;-1;-1;-1;-1
2756;1;No;No;No;No;-;1000000;1000000;-1;-1;-1;-1;-1;-1;-1;-1;-1;-1;-1;-1;-1;-1;-1;-1;-1;-1;-1;-1;-1;-1;-1;-1;-1;-1;-1
2764;9;No;No;No;Yes;-;1000000;1000000;-1;-1;-1;-1;-1;-1;-1;-1;-1;-1;-1;-1;-1;-1;-1;-1;-1;-1;-1;-1;-1;-1;-1;-1;-1;-1;-1
2766;19;No;No;No;Yes;-;3270000;3270000;3270000;3270000;3270000;-1;-1;-1;-1;-1;-1;-1;-1;-1;-1;-1;-1;-1;-1;-1;-1;-1;-1;-1;-1;-1;-1;-1;-1
2770;124;No;No;No;Yes;-;850000;850000;-1;-1;-1;-1;-1;-1;-1;-1;-1;-1;-1;-1;-1;-1;-1;-1;-1;-1;-1;-1;-1;-1;-1;-1;-1;-1;-1
2772;38;No;No;No;No;-;44500;44500;-1;-1;-1;-1;-1;-1;-1;-1;-1;-1;-1;-1;-1;44500;-1;-1;-1;-1;-1;-1;-1;-1;-1;-1;-1;-1;-1
2774;23;No;No;No;No;-;1120000;1120000;1120000;-1;-1;-1;-1;-1;-1;-1;-1;-1;-1;-1;-1;-1;-1;-1;-1;-1;-1;-1;-1;-1;-1;-1;-1;-1;-1
2775;7;No;No;No;Yes;-;1250000;1250000;1250000;-1;-1;-1;-1;-1;-1;-1;-1;-1;-1;-1;-1;-1;-1;-1;-1;-1;-1;-1;-1;-1;-1;-1;-1;-1;-1
2777;26;No;No;No;No;-;1520000;1520000;1520000;-1;-1;-1;-1;-1;-1;-1;-1;-1;-1;-1;-1;-1;-1;-1;-1;-1;-1;-1;-1;-1;-1;-1;-1;-1;-1
2780;152;No;No;No;Yes;-;3650000;3650000;-1;-1;-1;-1;-1;-1;-1;-1;-1;-1;-1;-1;-1;-1;-1;-1;-1;-1;-1;-1;-1;-1;-1;-1;-1;-1;-1
2809;47;No;No;No;No;-;43000;43000;-1;-1;-1;-1;-1;-1;-1;-1;-1;-1;-1;-1;-1;5978;-1;-1;-1;-1;-1;-1;-1;-1;-1;-1;-1;-1;-1
2814;26;No;No;No;No;-;1520000;1520000;1520000;-1;-1;-1;-1;-1;-1;-1;-1;-1;-1;-1;-1;-1;-1;-1;-1;-1;-1;-1;-1;-1;-1;-1;-1;-1;-1
2817;38;No;No;No;No;-;44500;44500;-1;-1;-1;-1;-1;-1;-1;-1;-1;-1;-1;-1;-1;44500;-1;-1;-1;-1;-1;-1;-1;-1;-1;-1;-1;-1;-1
2825;26;No;No;No;No;-;3080000;3080000;3080000;3080000;-1;-1;-1;-1;-1;-1;-1;-1;-1;-1;-1;-1;-1;-1;-1;-1;-1;-1;-1;-1;-1;-1;-1;-1;-1
2826;154;No;No;No;Yes;-;2600000;2600000;2600000;2600000;-1;-1;-1;-1;-1;-1;-1;-1;-1;-1;-1;-1;-1;-1;-1;-1;-1;-1;-1;-1;-1;-1;-1;-1;-1
2827;9;No;No;No;No;-;4200000;4200000;4200000;-1;-1;-1;-1;-1;-1;-1;-1;-1;-1;-1;-1;-1;-1;-1;-1;-1;-1;-1;-1;-1;-1;-1;-1;-1;-1
2828;0;No;No;No;Yes;-;1000000;1000000;1000000;-1;-1;-1;-1;-1;-1;-1;-1;-1;-1;-1;-1;-1;-1;-1;-1;-1;-1;-1;-1;-1;-1;-1;-1;-1;-1
2829;154;No;No;No;Yes;-;3015000;3015000;3015000;-1;-1;-1;-1;-1;-1;-1;-1;-1;-1;-1;-1;-1;-1;-1;-1;-1;-1;-1;-1;-1;-1;-1;-1;-1;-1
2831;21;No;No;No;Yes;-;1200000;1200000;1200000;-1;-1;-1;-1;-1;-1;-1;-1;-1;-1;-1;-1;-1;-1;-1;-1;-1;-1;-1;-1;-1;-1;-1;-1;-1;-1
2836;23;No;No;No;Yes;-;900000;900000;900000;-1;-1;-1;-1;-1;-1;-1;-1;-1;-1;-1;-1;-1;-1;-1;-1;-1;-1;-1;-1;-1;-1;-1;-1;-1;-1
2837;30;No;No;No;Yes;-;1090000;1090000;1090000;1090000;-1;-1;-1;-1;-1;-1;-1;-1;-1;-1;-1;-1;-1;-1;-1;-1;-1;-1;-1;-1;-1;-1;-1;-1;-1
2841;9;No;No;No;Yes;-;1000000;1000000;1000000;-1;-1;-1;-1;-1;-1;-1;-1;-1;-1;-1;-1;-1;-1;-1;-1;-1;-1;-1;-1;-1;-1;-1;-1;-1;-1
2842;154;No;No;Yes;No;-;852857;990000;990000;-1;-1;-1;-1;-1;-1;-1;-1;-1;-1;-1;-1;-1;-1;-1;-1;-1;-1;-1;-1;-1;-1;-1;-1;-1;-1
2843;20;No;No;No;No;-;3110000;3110000;-1;-1;-1;-1;-1;-1;-1;-1;-1;-1;-1;-1;-1;-1;-1;-1;-1;-1;-1;-1;-1;-1;-1;-1;-1;-1;-1
2844;18;No;No;Yes;No;-;995000;995000;-1;-1;-1;-1;-1;-1;-1;-1;-1;-1;-1;-1;-1;-1;-1;-1;-1;-1;-1;-1;-1;-1;-1;-1;-1;-1;-1
2846;9;No;No;No;No;-;2950000;2950000;2950000;2950000;2950000;-1;-1;-1;-1;-1;-1;-1;-1;-1;-1;-1;-1;-1;-1;-1;-1;-1;-1;-1;-1;-1;-1;-1;-1
2847;24;No;No;Yes;No;-;995000;995000;995000;-1;-1;-1;-1;-1;-1;-1;-1;-1;-1;-1;-1;-1;-1;-1;-1;-1;-1;-1;-1;-1;-1;-1;-1;-1;-1
2848;12;No;No;No;Yes;-;995000;995000;995000;-1;-1;-1;-1;-1;-1;-1;-1;-1;-1;-1;-1;-1;-1;-1;-1;-1;-1;-1;-1;-1;-1;-1;-1;-1;-1
2850;31;No;No;Yes;No;-;995000;995000;995000;-1;-1;-1;-1;-1;-1;-1;-1;-1;-1;-1;-1;-1;-1;-1;-1;-1;-1;-1;-1;-1;-1;-1;-1;-1;-1
2852;154;No;No;Yes;No;-;995000;995000;-1;-1;-1;-1;-1;-1;-1;-1;-1;-1;-1;-1;-1;-1;-1;-1;-1;-1;-1;-1;-1;-1;-1;-1;-1;-1;-1
2853;23;No;No;No;No;-;1420000;1420000;1420000;1420000;-1;-1;-1;-1;-1;-1;-1;-1;-1;-1;-1;-1;-1;-1;-1;-1;-1;-1;-1;-1;-1;-1;-1;-1;-1
2854;31;No;No;No;Yes;-;950000;950000;950000;-1;-1;-1;-1;-1;-1;-1;-1;-1;-1;-1;-1;-1;-1;-1;-1;-1;-1;-1;-1;-1;-1;-1;-1;-1;-1
2855;152;No;No;No;Yes;-;1125000;1125000;-1;-1;-1;-1;-1;-1;-1;-1;-1;-1;-1;-1;-1;-1;-1;-1;-1;-1;-1;-1;-1;-1;-1;-1;-1;-1;-1
2856;12;No;No;Yes;No;-;1000000;1000000;1000000;-1;-1;-1;-1;-1;-1;-1;-1;-1;-1;-1;-1;-1;-1;-1;-1;-1;-1;-1;-1;-1;-1;-1;-1;-1;-1
2857;25;No;No;No;Yes;-;975000;975000;975000;-1;-1;-1;-1;-1;-1;-1;-1;-1;-1;-1;-1;-1;-1;-1;-1;-1;-1;-1;-1;-1;-1;-1;-1;-1;-1
2858;14;No;No;Yes;No;-;995000;995000;995000;-1;-1;-1;-1;-1;-1;-1;-1;-1;-1;-1;-1;-1;-1;-1;-1;-1;-1;-1;-1;-1;-1;-1;-1;-1;-1
2859;9;No;No;No;No;-;5980000;5980000;5980000;-1;-1;-1;-1;-1;-1;-1;-1;-1;-1;-1;-1;-1;-1;-1;-1;-1;-1;-1;-1;-1;-1;-1;-1;-1;-1
2860;26;No;No;No;No;-;1530000;1530000;1530000;1530000;-1;-1;-1;-1;-1;-1;-1;-1;-1;-1;-1;-1;-1;-1;-1;-1;-1;-1;-1;-1;-1;-1;-1;-1;-1
2861;1;No;No;Yes;No;-;995000;995000;995000;-1;-1;-1;-1;-1;-1;-1;-1;-1;-1;-1;-1;-1;-1;-1;-1;-1;-1;-1;-1;-1;-1;-1;-1;-1;-1
2862;37;No;No;No;No;-;42500;42500;-1;-1;-1;-1;-1;-1;-1;-1;-1;-1;-1;-1;-1;42500;-1;-1;-1;-1;-1;-1;-1;-1;-1;-1;-1;-1;-1
2864;36;No;No;No;No;-;52500;52500;-1;-1;-1;-1;-1;-1;-1;-1;-1;-1;-1;-1;-1;52500;-1;-1;-1;-1;-1;-1;-1;-1;-1;-1;-1;-1;-1
2865;19;No;No;No;Yes;-;1110000;1110000;1110000;1110000;-1;-1;-1;-1;-1;-1;-1;-1;-1;-1;-1;-1;-1;-1;-1;-1;-1;-1;-1;-1;-1;-1;-1;-1;-1
2866;38;No;No;No;No;-;44500;44500;-1;-1;-1;-1;-1;-1;-1;-1;-1;-1;-1;-1;-1;44500;-1;-1;-1;-1;-1;-1;-1;-1;-1;-1;-1;-1;-1
2867;18;No;No;No;Yes;-;1000000;1000000;1000000;-1;-1;-1;-1;-1;-1;-1;-1;-1;-1;-1;-1;-1;-1;-1;-1;-1;-1;-1;-1;-1;-1;-1;-1;-1;-1
2869;9;No;No;No;Yes;-;1000000;1000000;1000000;-1;-1;-1;-1;-1;-1;-1;-1;-1;-1;-1;-1;-1;-1;-1;-1;-1;-1;-1;-1;-1;-1;-1;-1;-1;-1
2872;23;No;No;No;No;-;1090000;1090000;1090000;1090000;-1;-1;-1;-1;-1;-1;-1;-1;-1;-1;-1;-1;-1;-1;-1;-1;-1;-1;-1;-1;-1;-1;-1;-1;-1
2873;9;No;No;Yes;No;-;1000000;1000000;1000000;-1;-1;-1;-1;-1;-1;-1;-1;-1;-1;-1;-1;-1;-1;-1;-1;-1;-1;-1;-1;-1;-1;-1;-1;-1;-1
2874;24;No;No;No;No;-;1540000;1540000;1540000;1540000;-1;-1;-1;-1;-1;-1;-1;-1;-1;-1;-1;-1;-1;-1;-1;-1;-1;-1;-1;-1;-1;-1;-1;-1;-1
2875;14;No;No;Yes;No;-;990000;990000;-1;-1;-1;-1;-1;-1;-1;-1;-1;-1;-1;-1;-1;-1;-1;-1;-1;-1;-1;-1;-1;-1;-1;-1;-1;-1;-1
2876;44;No;No;No;No;-;57000;57000;-1;-1;-1;-1;-1;-1;-1;-1;-1;-1;-1;-1;-1;57000;-1;-1;-1;-1;-1;-1;-1;-1;-1;-1;-1;-1;-1
2877;3;No;No;No;No;-;1060000;1060000;1060000;1060000;-1;-1;-1;-1;-1;-1;-1;-1;-1;-1;-1;-1;-1;-1;-1;-1;-1;-1;-1;-1;-1;-1;-1;-1;-1
2879;0;No;No;No;No;-;995000;995000;-1;-1;-1;-1;-1;-1;-1;-1;-1;-1;-1;-1;-1;-1;-1;-1;-1;-1;-1;-1;-1;-1;-1;-1;-1;-1;-1
2880;17;No;No;Yes;No;-;990000;990000;-1;-1;-1;-1;-1;-1;-1;-1;-1;-1;-1;-1;-1;-1;-1;-1;-1;-1;-1;-1;-1;-1;-1;-1;-1;-1;-1
2881;31;No;No;No;Yes;-;1470000;1470000;1470000;1470000;-1;-1;-1;-1;-1;-1;-1;-1;-1;-1;-1;-1;-1;-1;-1;-1;-1;-1;-1;-1;-1;-1;-1;-1;-1
2882;17;No;No;Yes;No;-;995000;995000;-1;-1;-1;-1;-1;-1;-1;-1;-1;-1;-1;-1;-1;-1;-1;-1;-1;-1;-1;-1;-1;-1;-1;-1;-1;-1;-1
2884;37;No;No;No;No;-;43000;43000;-1;-1;-1;-1;-1;-1;-1;-1;-1;-1;-1;-1;-1;43000;-1;-1;-1;-1;-1;-1;-1;-1;-1;-1;-1;-1;-1
2885;30;No;No;Yes;No;-;995000;995000;-1;-1;-1;-1;-1;-1;-1;-1;-1;-1;-1;-1;-1;-1;-1;-1;-1;-1;-1;-1;-1;-1;-1;-1;-1;-1;-1
2886;21;No;No;No;No;-;1120000;1120000;1120000;1120000;-1;-1;-1;-1;-1;-1;-1;-1;-1;-1;-1;-1;-1;-1;-1;-1;-1;-1;-1;-1;-1;-1;-1;-1;-1
2887;27;No;No;Yes;No;-;1000000;1000000;1000000;-1;-1;-1;-1;-1;-1;-1;-1;-1;-1;-1;-1;-1;-1;-1;-1;-1;-1;-1;-1;-1;-1;-1;-1;-1;-1
2888;37;No;No;No;No;-;42500;42500;-1;-1;-1;-1;-1;-1;-1;-1;-1;-1;-1;-1;-1;42500;-1;-1;-1;-1;-1;-1;-1;-1;-1;-1;-1;-1;-1
2891;7;No;No;Yes;No;-;995000;995000;995000;-1;-1;-1;-1;-1;-1;-1;-1;-1;-1;-1;-1;-1;-1;-1;-1;-1;-1;-1;-1;-1;-1;-1;-1;-1;-1
2892;43;No;No;No;No;-;63000;63000;-1;-1;-1;-1;-1;-1;-1;-1;-1;-1;-1;-1;-1;63000;-1;-1;-1;-1;-1;-1;-1;-1;-1;-1;-1;-1;-1
2893;38;No;No;No;No;-;63000;63000;-1;-1;-1;-1;-1;-1;-1;-1;-1;-1;-1;-1;-1;63000;-1;-1;-1;-1;-1;-1;-1;-1;-1;-1;-1;-1;-1
2895;53;No;No;No;No;-;44500;44500;-1;-1;-1;-1;-1;-1;-1;-1;-1;-1;-1;-1;-1;44500;-1;-1;-1;-1;-1;-1;-1;-1;-1;-1;-1;-1;-1
2896;26;No;No;No;No;-;1530000;1530000;1530000;1530000;-1;-1;-1;-1;-1;-1;-1;-1;-1;-1;-1;-1;-1;-1;-1;-1;-1;-1;-1;-1;-1;-1;-1;-1;-1
2898;30;No;No;Yes;No;-;995000;995000;-1;-1;-1;-1;-1;-1;-1;-1;-1;-1;-1;-1;-1;-1;-1;-1;-1;-1;-1;-1;-1;-1;-1;-1;-1;-1;-1
2899;0;No;No;Yes;No;-;995000;995000;-1;-1;-1;-1;-1;-1;-1;-1;-1;-1;-1;-1;-1;-1;-1;-1;-1;-1;-1;-1;-1;-1;-1;-1;-1;-1;-1
2921;155;No;No;No;No;-;53000;53000;-1;-1;-1;-1;-1;-1;-1;-1;-1;-1;-1;-1;-1;53000;-1;-1;-1;-1;-1;-1;-1;-1;-1;-1;-1;-1;-1
2927;31;No;No;No;No;-;1070000;1070000;1070000;-1;-1;-1;-1;-1;-1;-1;-1;-1;-1;-1;-1;-1;-1;-1;-1;-1;-1;-1;-1;-1;-1;-1;-1;-1;-1
2938;18;No;No;No;No;-;980000;980000;980000;980000;-1;-1;-1;-1;-1;-1;-1;-1;-1;-1;-1;-1;-1;-1;-1;-1;-1;-1;-1;-1;-1;-1;-1;-1;-1
2949;30;No;No;No;No;-;1090000;1090000;1090000;1090000;-1;-1;-1;-1;-1;-1;-1;-1;-1;-1;-1;-1;-1;-1;-1;-1;-1;-1;-1;-1;-1;-1;-1;-1;-1
2950;17;No;No;No;Yes;-;2950000;2950000;2950000;2950000;-1;-1;-1;-1;-1;-1;-1;-1;-1;-1;-1;-1;-1;-1;-1;-1;-1;-1;-1;-1;-1;-1;-1;-1;-1
2951;31;No;No;No;No;-;1090000;1090000;1090000;-1;-1;-1;-1;-1;-1;-1;-1;-1;-1;-1;-1;-1;-1;-1;-1;-1;-1;-1;-1;-1;-1;-1;-1;-1;-1
2954;12;No;No;No;Yes;-;1140000;1140000;1140000;1140000;-1;-1;-1;-1;-1;-1;-1;-1;-1;-1;-1;-1;-1;-1;-1;-1;-1;-1;-1;-1;-1;-1;-1;-1;-1
2959;23;No;No;No;Yes;-;10200000;10200000;10200000;10200000;-1;-1;-1;-1;-1;-1;-1;-1;-1;-1;-1;-1;-1;-1;-1;-1;-1;-1;-1;-1;-1;-1;-1;-1;-1
2964;24;No;No;No;No;-;1530000;1530000;1530000;-1;-1;-1;-1;-1;-1;-1;-1;-1;-1;-1;-1;-1;-1;-1;-1;-1;-1;-1;-1;-1;-1;-1;-1;-1;-1
2965;31;No;No;No;Yes;-;1540000;1540000;1540000;1540000;-1;-1;-1;-1;-1;-1;-1;-1;-1;-1;-1;-1;-1;-1;-1;-1;-1;-1;-1;-1;-1;-1;-1;-1;-1
3028;41;No;No;No;No;-;42500;42500;-1;-1;-1;-1;-1;-1;-1;-1;-1;-1;-1;-1;-1;5922;-1;-1;-1;-1;-1;-1;-1;-1;-1;-1;-1;-1;-1
3032;23;No;No;No;No;-;1100000;1100000;-1;-1;-1;-1;-1;-1;-1;-1;-1;-1;-1;-1;-1;-1;-1;-1;-1;-1;-1;-1;-1;-1;-1;-1;-1;-1;-1
3063;34;No;No;No;No;-;130000;130000;-1;-1;-1;-1;-1;-1;-1;-1;-1;-1;-1;-1;-1;130000;-1;-1;-1;-1;-1;-1;-1;-1;-1;-1;-1;-1;-1
3098;23;No;No;No;No;-;1090000;1090000;1090000;-1;-1;-1;-1;-1;-1;-1;-1;-1;-1;-1;-1;-1;-1;-1;-1;-1;-1;-1;-1;-1;-1;-1;-1;-1;-1
3101;19;No;No;No;Yes;-;1170000;1170000;1170000;-1;-1;-1;-1;-1;-1;-1;-1;-1;-1;-1;-1;-1;-1;-1;-1;-1;-1;-1;-1;-1;-1;-1;-1;-1;-1
3105;26;No;No;No;No;-;1520000;1520000;1520000;-1;-1;-1;-1;-1;-1;-1;-1;-1;-1;-1;-1;-1;-1;-1;-1;-1;-1;-1;-1;-1;-1;-1;-1;-1;-1
3106;1;No;No;No;Yes;-;1500000;1500000;1500000;1500000;-1;-1;-1;-1;-1;-1;-1;-1;-1;-1;-1;-1;-1;-1;-1;-1;-1;-1;-1;-1;-1;-1;-1;-1;-1
3109;27;No;No;No;Yes;-;850000;850000;-1;-1;-1;-1;-1;-1;-1;-1;-1;-1;-1;-1;-1;-1;-1;-1;-1;-1;-1;-1;-1;-1;-1;-1;-1;-1;-1
3116;1;No;No;No;Yes;-;1200000;1200000;1200000;-1;-1;-1;-1;-1;-1;-1;-1;-1;-1;-1;-1;-1;-1;-1;-1;-1;-1;-1;-1;-1;-1;-1;-1;-1;-1
3120;24;No;No;No;Yes;-;1300000;1300000;1300000;1300000;-1;-1;-1;-1;-1;-1;-1;-1;-1;-1;-1;-1;-1;-1;-1;-1;-1;-1;-1;-1;-1;-1;-1;-1;-1
3124;2;No;No;No;Yes;-;990000;990000;-1;-1;-1;-1;-1;-1;-1;-1;-1;-1;-1;-1;-1;-1;-1;-1;-1;-1;-1;-1;-1;-1;-1;-1;-1;-1;-1
3126;19;No;No;No;No;-;1090000;1090000;-1;-1;-1;-1;-1;-1;-1;-1;-1;-1;-1;-1;-1;-1;-1;-1;-1;-1;-1;-1;-1;-1;-1;-1;-1;-1;-1
3134;8;No;No;No;No;-;950000;950000;-1;-1;-1;-1;-1;-1;-1;-1;-1;-1;-1;-1;-1;-1;-1;-1;-1;-1;-1;-1;-1;-1;-1;-1;-1;-1;-1
3138;154;No;No;No;Yes;-;1090000;1090000;-1;-1;-1;-1;-1;-1;-1;-1;-1;-1;-1;-1;-1;-1;-1;-1;-1;-1;-1;-1;-1;-1;-1;-1;-1;-1;-1
3150;1;No;No;No;Yes;-;1500000;1500000;-1;-1;-1;-1;-1;-1;-1;-1;-1;-1;-1;-1;-1;-1;-1;-1;-1;-1;-1;-1;-1;-1;-1;-1;-1;-1;-1
3157;2;No;No;No;Yes;-;950000;950000;950000;-1;-1;-1;-1;-1;-1;-1;-1;-1;-1;-1;-1;-1;-1;-1;-1;-1;-1;-1;-1;-1;-1;-1;-1;-1;-1
3158;55;No;No;No;No;-;76500;76500;-1;-1;-1;-1;-1;-1;-1;-1;-1;-1;-1;-1;-1;76500;-1;-1;-1;-1;-1;-1;-1;-1;-1;-1;-1;-1;-1
3165;154;No;No;No;Yes;-;1907000;1907000;1907000;-1;-1;-1;-1;-1;-1;-1;-1;-1;-1;-1;-1;-1;-1;-1;-1;-1;-1;-1;-1;-1;-1;-1;-1;-1;-1
3172;10;No;No;No;No;-;1050000;1050000;-1;-1;-1;-1;-1;-1;-1;-1;-1;-1;-1;-1;-1;-1;-1;-1;-1;-1;-1;-1;-1;-1;-1;-1;-1;-1;-1
3177;38;No;No;No;No;-;57000;57000;-1;-1;-1;-1;-1;-1;-1;-1;-1;-1;-1;-1;-1;57000;-1;-1;-1;-1;-1;-1;-1;-1;-1;-1;-1;-1;-1
3202;38;No;No;No;No;-;45500;45500;-1;-1;-1;-1;-1;-1;-1;-1;-1;-1;-1;-1;-1;45500;-1;-1;-1;-1;-1;-1;-1;-1;-1;-1;-1;-1;-1
3206;155;No;No;No;No;-;105000;105000;-1;-1;-1;-1;-1;-1;-1;-1;-1;-1;-1;-1;-1;105000;-1;-1;-1;-1;-1;-1;-1;-1;-1;-1;-1;-1;-1
3218;154;No;No;Yes;No;-;1000000;1000000;1000000;-1;-1;-1;-1;-1;-1;-1;-1;-1;-1;-1;-1;-1;-1;-1;-1;-1;-1;-1;-1;-1;-1;-1;-1;-1;-1
3219;21;No;No;No;No;-;1530000;1530000;-1;-1;-1;-1;-1;-1;-1;-1;-1;-1;-1;-1;-1;-1;-1;-1;-1;-1;-1;-1;-1;-1;-1;-1;-1;-1;-1
3220;14;No;No;No;No;-;1150000;1150000;1150000;-1;-1;-1;-1;-1;-1;-1;-1;-1;-1;-1;-1;-1;-1;-1;-1;-1;-1;-1;-1;-1;-1;-1;-1;-1;-1
3221;27;No;No;Yes;No;-;1000000;1000000;1000000;-1;-1;-1;-1;-1;-1;-1;-1;-1;-1;-1;-1;-1;-1;-1;-1;-1;-1;-1;-1;-1;-1;-1;-1;-1;-1
3223;154;No;No;No;Yes;-;1520000;1520000;1520000;-1;-1;-1;-1;-1;-1;-1;-1;-1;-1;-1;-1;-1;-1;-1;-1;-1;-1;-1;-1;-1;-1;-1;-1;-1;-1
3228;14;No;No;Yes;No;-;995000;995000;995000;-1;-1;-1;-1;-1;-1;-1;-1;-1;-1;-1;-1;-1;-1;-1;-1;-1;-1;-1;-1;-1;-1;-1;-1;-1;-1
3232;19;No;No;No;Yes;-;1180000;1180000;1180000;-1;-1;-1;-1;-1;-1;-1;-1;-1;-1;-1;-1;-1;-1;-1;-1;-1;-1;-1;-1;-1;-1;-1;-1;-1;-1
3233;125;No;No;No;No;-;76500;76500;-1;-1;-1;-1;-1;-1;-1;-1;-1;-1;-1;-1;-1;76500;-1;-1;-1;-1;-1;-1;-1;-1;-1;-1;-1;-1;-1
3236;155;No;No;No;No;-;62500;62500;-1;-1;-1;-1;-1;-1;-1;-1;-1;-1;-1;-1;-1;62500;-1;-1;-1;-1;-1;-1;-1;-1;-1;-1;-1;-1;-1
3247;31;No;No;No;No;-;1045000;1045000;-1;-1;-1;-1;-1;-1;-1;-1;-1;-1;-1;-1;-1;-1;-1;-1;-1;-1;-1;-1;-1;-1;-1;-1;-1;-1;-1
3248;10;No;No;No;No;-;1089000;1089000;1089000;-1;-1;-1;-1;-1;-1;-1;-1;-1;-1;-1;-1;-1;-1;-1;-1;-1;-1;-1;-1;-1;-1;-1;-1;-1;-1
3249;2;No;No;No;Yes;-;990000;990000;-1;-1;-1;-1;-1;-1;-1;-1;-1;-1;-1;-1;-1;-1;-1;-1;-1;-1;-1;-1;-1;-1;-1;-1;-1;-1;-1
3250;1;No;No;No;Yes;-;1400000;1400000;-1;-1;-1;-1;-1;-1;-1;-1;-1;-1;-1;-1;-1;-1;-1;-1;-1;-1;-1;-1;-1;-1;-1;-1;-1;-1;-1
3251;23;No;No;Yes;No;-;1000000;1000000;1000000;-1;-1;-1;-1;-1;-1;-1;-1;-1;-1;-1;-1;-1;-1;-1;-1;-1;-1;-1;-1;-1;-1;-1;-1;-1;-1
3252;18;No;No;No;No;-;892000;892000;-1;-1;-1;-1;-1;-1;-1;-1;-1;-1;-1;-1;-1;-1;-1;-1;-1;-1;-1;-1;-1;-1;-1;-1;-1;-1;-1
3256;23;No;No;No;No;-;1060000;1060000;1060000;-1;-1;-1;-1;-1;-1;-1;-1;-1;-1;-1;-1;-1;-1;-1;-1;-1;-1;-1;-1;-1;-1;-1;-1;-1;-1
3258;2;No;No;No;No;-;1220000;1220000;1220000;1220000;-1;-1;-1;-1;-1;-1;-1;-1;-1;-1;-1;-1;-1;-1;-1;-1;-1;-1;-1;-1;-1;-1;-1;-1;-1
3260;36;No;No;No;No;-;57500;57500;-1;-1;-1;-1;-1;-1;-1;-1;-1;-1;-1;-1;-1;57500;-1;-1;-1;-1;-1;-1;-1;-1;-1;-1;-1;-1;-1
3264;152;No;No;No;Yes;-;1000000;1000000;-1;-1;-1;-1;-1;-1;-1;-1;-1;-1;-1;-1;-1;-1;-1;-1;-1;-1;-1;-1;-1;-1;-1;-1;-1;-1;-1
3266;31;No;No;No;No;-;1040000;1040000;1040000;-1;-1;-1;-1;-1;-1;-1;-1;-1;-1;-1;-1;-1;-1;-1;-1;-1;-1;-1;-1;-1;-1;-1;-1;-1;-1
3268;31;No;No;No;Yes;-;1550000;1550000;1550000;-1;-1;-1;-1;-1;-1;-1;-1;-1;-1;-1;-1;-1;-1;-1;-1;-1;-1;-1;-1;-1;-1;-1;-1;-1;-1
3287;57;No;No;No;No;-;63000;63000;-1;-1;-1;-1;-1;-1;-1;-1;-1;-1;-1;-1;-1;63000;-1;-1;-1;-1;-1;-1;-1;-1;-1;-1;-1;-1;-1
3288;26;No;No;No;No;-;1520000;1520000;1520000;-1;-1;-1;-1;-1;-1;-1;-1;-1;-1;-1;-1;-1;-1;-1;-1;-1;-1;-1;-1;-1;-1;-1;-1;-1;-1
3292;18;No;No;Yes;No;-;1000000;1000000;1000000;-1;-1;-1;-1;-1;-1;-1;-1;-1;-1;-1;-1;-1;-1;-1;-1;-1;-1;-1;-1;-1;-1;-1;-1;-1;-1
3298;25;No;No;No;Yes;-;995000;995000;995000;-1;-1;-1;-1;-1;-1;-1;-1;-1;-1;-1;-1;-1;-1;-1;-1;-1;-1;-1;-1;-1;-1;-1;-1;-1;-1
3299;1;No;No;No;Yes;-;3500000;3500000;3500000;3500000;3500000;-1;-1;-1;-1;-1;-1;-1;-1;-1;-1;-1;-1;-1;-1;-1;-1;-1;-1;-1;-1;-1;-1;-1;-1
3307;14;No;No;No;Yes;-;1000000;1000000;-1;-1;-1;-1;-1;-1;-1;-1;-1;-1;-1;-1;-1;-1;-1;-1;-1;-1;-1;-1;-1;-1;-1;-1;-1;-1;-1
3309;3;No;No;Yes;No;-;990000;990000;990000;-1;-1;-1;-1;-1;-1;-1;-1;-1;-1;-1;-1;-1;-1;-1;-1;-1;-1;-1;-1;-1;-1;-1;-1;-1;-1
3310;18;No;No;No;No;-;880000;880000;-1;-1;-1;-1;-1;-1;-1;-1;-1;-1;-1;-1;-1;-1;-1;-1;-1;-1;-1;-1;-1;-1;-1;-1;-1;-1;-1
3311;14;No;No;No;No;-;1100000;1100000;1100000;-1;-1;-1;-1;-1;-1;-1;-1;-1;-1;-1;-1;-1;-1;-1;-1;-1;-1;-1;-1;-1;-1;-1;-1;-1;-1
3313;38;No;No;No;No;-;57000;57000;-1;-1;-1;-1;-1;-1;-1;-1;-1;-1;-1;-1;-1;57000;-1;-1;-1;-1;-1;-1;-1;-1;-1;-1;-1;-1;-1
3316;54;No;No;No;No;-;57000;57000;-1;-1;-1;-1;-1;-1;-1;-1;-1;-1;-1;-1;-1;57000;-1;-1;-1;-1;-1;-1;-1;-1;-1;-1;-1;-1;-1
3317;152;No;No;No;No;-;995000;995000;-1;-1;-1;-1;-1;-1;-1;-1;-1;-1;-1;-1;-1;-1;-1;-1;-1;-1;-1;-1;-1;-1;-1;-1;-1;-1;-1
3318;30;No;No;No;No;-;1090000;1090000;1090000;-1;-1;-1;-1;-1;-1;-1;-1;-1;-1;-1;-1;-1;-1;-1;-1;-1;-1;-1;-1;-1;-1;-1;-1;-1;-1
3319;9;No;No;No;Yes;-;995000;995000;-1;-1;-1;-1;-1;-1;-1;-1;-1;-1;-1;-1;-1;-1;-1;-1;-1;-1;-1;-1;-1;-1;-1;-1;-1;-1;-1
3324;14;No;No;No;Yes;-;1200000;1200000;1200000;-1;-1;-1;-1;-1;-1;-1;-1;-1;-1;-1;-1;-1;-1;-1;-1;-1;-1;-1;-1;-1;-1;-1;-1;-1;-1
3329;53;No;No;No;No;-;57000;57000;-1;-1;-1;-1;-1;-1;-1;-1;-1;-1;-1;-1;-1;57000;-1;-1;-1;-1;-1;-1;-1;-1;-1;-1;-1;-1;-1
3331;20;No;No;No;No;-;3330000;3330000;-1;-1;-1;-1;-1;-1;-1;-1;-1;-1;-1;-1;-1;-1;-1;-1;-1;-1;-1;-1;-1;-1;-1;-1;-1;-1;-1
3333;18;No;No;No;Yes;-;981000;981000;-1;-1;-1;-1;-1;-1;-1;-1;-1;-1;-1;-1;-1;-1;-1;-1;-1;-1;-1;-1;-1;-1;-1;-1;-1;-1;-1
3334;18;No;No;No;Yes;-;1000000;1000000;1000000;-1;-1;-1;-1;-1;-1;-1;-1;-1;-1;-1;-1;-1;-1;-1;-1;-1;-1;-1;-1;-1;-1;-1;-1;-1;-1
3341;57;No;No;No;No;-;76500;76500;-1;-1;-1;-1;-1;-1;-1;-1;-1;-1;-1;-1;-1;76500;-1;-1;-1;-1;-1;-1;-1;-1;-1;-1;-1;-1;-1
3356;25;No;No;No;Yes;-;995000;995000;995000;-1;-1;-1;-1;-1;-1;-1;-1;-1;-1;-1;-1;-1;-1;-1;-1;-1;-1;-1;-1;-1;-1;-1;-1;-1;-1
3361;31;No;No;No;No;-;1090000;1090000;1090000;1090000;-1;-1;-1;-1;-1;-1;-1;-1;-1;-1;-1;-1;-1;-1;-1;-1;-1;-1;-1;-1;-1;-1;-1;-1;-1
3368;14;No;No;No;No;-;995000;995000;-1;-1;-1;-1;-1;-1;-1;-1;-1;-1;-1;-1;-1;-1;-1;-1;-1;-1;-1;-1;-1;-1;-1;-1;-1;-1;-1
3371;23;No;No;No;No;-;1120000;1120000;1120000;1120000;-1;-1;-1;-1;-1;-1;-1;-1;-1;-1;-1;-1;-1;-1;-1;-1;-1;-1;-1;-1;-1;-1;-1;-1;-1
3372;23;No;No;Yes;No;-;995000;995000;-1;-1;-1;-1;-1;-1;-1;-1;-1;-1;-1;-1;-1;-1;-1;-1;-1;-1;-1;-1;-1;-1;-1;-1;-1;-1;-1
3375;17;No;No;Yes;No;-;995000;995000;995000;-1;-1;-1;-1;-1;-1;-1;-1;-1;-1;-1;-1;-1;-1;-1;-1;-1;-1;-1;-1;-1;-1;-1;-1;-1;-1
3376;8;No;No;Yes;No;-;990000;990000;-1;-1;-1;-1;-1;-1;-1;-1;-1;-1;-1;-1;-1;-1;-1;-1;-1;-1;-1;-1;-1;-1;-1;-1;-1;-1;-1
3378;9;No;No;No;Yes;-;850000;850000;850000;-1;-1;-1;-1;-1;-1;-1;-1;-1;-1;-1;-1;-1;-1;-1;-1;-1;-1;-1;-1;-1;-1;-1;-1;-1;-1
3382;1;No;No;Yes;No;-;995000;995000;-1;-1;-1;-1;-1;-1;-1;-1;-1;-1;-1;-1;-1;-1;-1;-1;-1;-1;-1;-1;-1;-1;-1;-1;-1;-1;-1
3393;23;No;No;Yes;No;-;995000;995000;995000;-1;-1;-1;-1;-1;-1;-1;-1;-1;-1;-1;-1;-1;-1;-1;-1;-1;-1;-1;-1;-1;-1;-1;-1;-1;-1
3394;33;No;No;No;No;-;57000;57000;-1;-1;-1;-1;-1;-1;-1;-1;-1;-1;-1;-1;-1;57000;-1;-1;-1;-1;-1;-1;-1;-1;-1;-1;-1;-1;-1
3395;41;No;No;No;No;-;53000;53000;-1;-1;-1;-1;-1;-1;-1;-1;-1;-1;-1;-1;-1;53000;-1;-1;-1;-1;-1;-1;-1;-1;-1;-1;-1;-1;-1
3397;2;No;No;No;No;-;1090000;1090000;1090000;1090000;-1;-1;-1;-1;-1;-1;-1;-1;-1;-1;-1;-1;-1;-1;-1;-1;-1;-1;-1;-1;-1;-1;-1;-1;-1
3398;3;No;No;No;No;-;995000;995000;-1;-1;-1;-1;-1;-1;-1;-1;-1;-1;-1;-1;-1;-1;-1;-1;-1;-1;-1;-1;-1;-1;-1;-1;-1;-1;-1
3399;24;No;No;Yes;No;-;995000;995000;-1;-1;-1;-1;-1;-1;-1;-1;-1;-1;-1;-1;-1;-1;-1;-1;-1;-1;-1;-1;-1;-1;-1;-1;-1;-1;-1
3400;154;No;No;No;Yes;-;2000000;2000000;2000000;-1;-1;-1;-1;-1;-1;-1;-1;-1;-1;-1;-1;-1;-1;-1;-1;-1;-1;-1;-1;-1;-1;-1;-1;-1;-1
3401;12;No;No;No;No;-;2390000;2390000;2390000;-1;-1;-1;-1;-1;-1;-1;-1;-1;-1;-1;-1;-1;-1;-1;-1;-1;-1;-1;-1;-1;-1;-1;-1;-1;-1
3403;154;No;No;Yes;No;-;1000000;1000000;1000000;-1;-1;-1;-1;-1;-1;-1;-1;-1;-1;-1;-1;-1;-1;-1;-1;-1;-1;-1;-1;-1;-1;-1;-1;-1;-1
3406;25;No;No;No;Yes;-;995000;995000;995000;-1;-1;-1;-1;-1;-1;-1;-1;-1;-1;-1;-1;-1;-1;-1;-1;-1;-1;-1;-1;-1;-1;-1;-1;-1;-1
3408;30;No;No;No;Yes;-;1000000;1000000;1000000;-1;-1;-1;-1;-1;-1;-1;-1;-1;-1;-1;-1;-1;-1;-1;-1;-1;-1;-1;-1;-1;-1;-1;-1;-1;-1
3409;14;No;No;No;No;-;995000;995000;-1;-1;-1;-1;-1;-1;-1;-1;-1;-1;-1;-1;-1;-1;-1;-1;-1;-1;-1;-1;-1;-1;-1;-1;-1;-1;-1
3411;0;No;No;Yes;No;-;990000;990000;-1;-1;-1;-1;-1;-1;-1;-1;-1;-1;-1;-1;-1;-1;-1;-1;-1;-1;-1;-1;-1;-1;-1;-1;-1;-1;-1
3412;152;No;No;No;Yes;-;4750000;4750000;4750000;-1;-1;-1;-1;-1;-1;-1;-1;-1;-1;-1;-1;-1;-1;-1;-1;-1;-1;-1;-1;-1;-1;-1;-1;-1;-1
3414;18;No;No;No;Yes;-;1000000;1000000;1000000;-1;-1;-1;-1;-1;-1;-1;-1;-1;-1;-1;-1;-1;-1;-1;-1;-1;-1;-1;-1;-1;-1;-1;-1;-1;-1
3416;14;No;No;No;Yes;-;995000;995000;-1;-1;-1;-1;-1;-1;-1;-1;-1;-1;-1;-1;-1;-1;-1;-1;-1;-1;-1;-1;-1;-1;-1;-1;-1;-1;-1
3417;1;No;No;Yes;No;-;995000;995000;-1;-1;-1;-1;-1;-1;-1;-1;-1;-1;-1;-1;-1;-1;-1;-1;-1;-1;-1;-1;-1;-1;-1;-1;-1;-1;-1
3418;30;No;No;No;No;-;1090000;1090000;1090000;1090000;-1;-1;-1;-1;-1;-1;-1;-1;-1;-1;-1;-1;-1;-1;-1;-1;-1;-1;-1;-1;-1;-1;-1;-1;-1
3419;125;No;No;No;No;-;81000;81000;-1;-1;-1;-1;-1;-1;-1;-1;-1;-1;-1;-1;-1;81000;-1;-1;-1;-1;-1;-1;-1;-1;-1;-1;-1;-1;-1
3422;28;No;No;No;No;-;1540000;1540000;1540000;1540000;-1;-1;-1;-1;-1;-1;-1;-1;-1;-1;-1;-1;-1;-1;-1;-1;-1;-1;-1;-1;-1;-1;-1;-1;-1
3423;12;No;No;No;No;-;1090000;1090000;1090000;1090000;-1;-1;-1;-1;-1;-1;-1;-1;-1;-1;-1;-1;-1;-1;-1;-1;-1;-1;-1;-1;-1;-1;-1;-1;-1
3425;27;No;No;Yes;No;-;852857;990000;-1;-1;-1;-1;-1;-1;-1;-1;-1;-1;-1;-1;-1;-1;-1;-1;-1;-1;-1;-1;-1;-1;-1;-1;-1;-1;-1
3440;8;No;No;No;Yes;-;5000000;5000000;5000000;5000000;5000000;-1;-1;-1;-1;-1;-1;-1;-1;-1;-1;-1;-1;-1;-1;-1;-1;-1;-1;-1;-1;-1;-1;-1;-1
3441;8;No;No;Yes;No;-;1000000;1000000;1000000;-1;-1;-1;-1;-1;-1;-1;-1;-1;-1;-1;-1;-1;-1;-1;-1;-1;-1;-1;-1;-1;-1;-1;-1;-1;-1
3443;18;No;No;No;Yes;-;1000000;1000000;1000000;-1;-1;-1;-1;-1;-1;-1;-1;-1;-1;-1;-1;-1;-1;-1;-1;-1;-1;-1;-1;-1;-1;-1;-1;-1;-1
3445;38;No;No;No;No;-;44000;44000;-1;-1;-1;-1;-1;-1;-1;-1;-1;-1;-1;-1;-1;44000;-1;-1;-1;-1;-1;-1;-1;-1;-1;-1;-1;-1;-1
3446;12;No;No;Yes;No;-;995000;995000;-1;-1;-1;-1;-1;-1;-1;-1;-1;-1;-1;-1;-1;-1;-1;-1;-1;-1;-1;-1;-1;-1;-1;-1;-1;-1;-1
3450;1;No;No;Yes;No;-;990000;990000;990000;-1;-1;-1;-1;-1;-1;-1;-1;-1;-1;-1;-1;-1;-1;-1;-1;-1;-1;-1;-1;-1;-1;-1;-1;-1;-1
3461;12;No;No;No;No;-;1040000;1040000;-1;-1;-1;-1;-1;-1;-1;-1;-1;-1;-1;-1;-1;-1;-1;-1;-1;-1;-1;-1;-1;-1;-1;-1;-1;-1;-1
3462;29;No;No;No;No;-;1280000;1280000;-1;-1;-1;-1;-1;-1;-1;-1;-1;-1;-1;-1;-1;-1;-1;-1;-1;-1;-1;-1;-1;-1;-1;-1;-1;-1;-1
3473;0;No;No;No;No;-;1090000;1090000;-1;-1;-1;-1;-1;-1;-1;-1;-1;-1;-1;-1;-1;-1;-1;-1;-1;-1;-1;-1;-1;-1;-1;-1;-1;-1;-1
3480;25;No;No;No;Yes;-;980000;980000;-1;-1;-1;-1;-1;-1;-1;-1;-1;-1;-1;-1;-1;-1;-1;-1;-1;-1;-1;-1;-1;-1;-1;-1;-1;-1;-1
3486;8;No;No;No;No;-;1070000;1070000;1070000;1070000;-1;-1;-1;-1;-1;-1;-1;-1;-1;-1;-1;-1;-1;-1;-1;-1;-1;-1;-1;-1;-1;-1;-1;-1;-1
3513;1;No;No;No;Yes;-;3000000;3000000;3000000;3000000;-1;-1;-1;-1;-1;-1;-1;-1;-1;-1;-1;-1;-1;-1;-1;-1;-1;-1;-1;-1;-1;-1;-1;-1;-1
3514;19;No;No;No;Yes;-;1000000;1000000;-1;-1;-1;-1;-1;-1;-1;-1;-1;-1;-1;-1;-1;-1;-1;-1;-1;-1;-1;-1;-1;-1;-1;-1;-1;-1;-1
3518;36;No;No;No;No;-;64000;64000;-1;-1;-1;-1;-1;-1;-1;-1;-1;-1;-1;-1;-1;64000;-1;-1;-1;-1;-1;-1;-1;-1;-1;-1;-1;-1;-1
3598;154;No;No;No;Yes;-;3450000;3450000;3450000;3450000;-1;-1;-1;-1;-1;-1;-1;-1;-1;-1;-1;-1;-1;-1;-1;-1;-1;-1;-1;-1;-1;-1;-1;-1;-1
3633;30;No;No;No;No;-;1090000;1090000;-1;-1;-1;-1;-1;-1;-1;-1;-1;-1;-1;-1;-1;-1;-1;-1;-1;-1;-1;-1;-1;-1;-1;-1;-1;-1;-1
3634;12;No;No;No;Yes;-;855000;855000;855000;-1;-1;-1;-1;-1;-1;-1;-1;-1;-1;-1;-1;-1;-1;-1;-1;-1;-1;-1;-1;-1;-1;-1;-1;-1;-1
3637;9;No;No;No;No;-;1089000;1089000;1089000;-1;-1;-1;-1;-1;-1;-1;-1;-1;-1;-1;-1;-1;-1;-1;-1;-1;-1;-1;-1;-1;-1;-1;-1;-1;-1
3645;20;No;No;No;No;-;1530000;1530000;-1;-1;-1;-1;-1;-1;-1;-1;-1;-1;-1;-1;-1;-1;-1;-1;-1;-1;-1;-1;-1;-1;-1;-1;-1;-1;-1
3652;125;No;No;No;No;-;72500;72500;-1;-1;-1;-1;-1;-1;-1;-1;-1;-1;-1;-1;-1;72500;-1;-1;-1;-1;-1;-1;-1;-1;-1;-1;-1;-1;-1
3674;20;No;No;No;No;-;1090000;1090000;-1;-1;-1;-1;-1;-1;-1;-1;-1;-1;-1;-1;-1;-1;-1;-1;-1;-1;-1;-1;-1;-1;-1;-1;-1;-1;-1
3691;10;No;No;No;No;-;1090000;1090000;-1;-1;-1;-1;-1;-1;-1;-1;-1;-1;-1;-1;-1;-1;-1;-1;-1;-1;-1;-1;-1;-1;-1;-1;-1;-1;-1
3693;0;No;No;No;Yes;-;1530000;1530000;1530000;1530000;-1;-1;-1;-1;-1;-1;-1;-1;-1;-1;-1;-1;-1;-1;-1;-1;-1;-1;-1;-1;-1;-1;-1;-1;-1
3696;37;No;No;No;No;-;42500;42500;-1;-1;-1;-1;-1;-1;-1;-1;-1;-1;-1;-1;-1;42500;-1;-1;-1;-1;-1;-1;-1;-1;-1;-1;-1;-1;-1
3730;37;No;No;No;No;-;105000;105000;-1;-1;-1;-1;-1;-1;-1;-1;-1;-1;-1;-1;-1;105000;-1;-1;-1;-1;-1;-1;-1;-1;-1;-1;-1;-1;-1
3731;10;No;No;Yes;No;-;1000000;1000000;1000000;-1;-1;-1;-1;-1;-1;-1;-1;-1;-1;-1;-1;-1;-1;-1;-1;-1;-1;-1;-1;-1;-1;-1;-1;-1;-1
3751;153;No;No;No;No;-;43000;43000;-1;-1;-1;-1;-1;-1;-1;-1;-1;-1;-1;-1;-1;43000;-1;-1;-1;-1;-1;-1;-1;-1;-1;-1;-1;-1;-1
3756;12;No;No;No;No;-;1090000;1090000;1090000;-1;-1;-1;-1;-1;-1;-1;-1;-1;-1;-1;-1;-1;-1;-1;-1;-1;-1;-1;-1;-1;-1;-1;-1;-1;-1
3759;14;No;No;No;Yes;-;1540000;1540000;1540000;1540000;-1;-1;-1;-1;-1;-1;-1;-1;-1;-1;-1;-1;-1;-1;-1;-1;-1;-1;-1;-1;-1;-1;-1;-1;-1
3773;18;No;No;No;Yes;-;981000;981000;-1;-1;-1;-1;-1;-1;-1;-1;-1;-1;-1;-1;-1;-1;-1;-1;-1;-1;-1;-1;-1;-1;-1;-1;-1;-1;-1
3774;31;No;No;No;Yes;-;1250000;1250000;1250000;-1;-1;-1;-1;-1;-1;-1;-1;-1;-1;-1;-1;-1;-1;-1;-1;-1;-1;-1;-1;-1;-1;-1;-1;-1;-1
3775;124;No;No;No;Yes;-;4920000;4920000;4920000;-1;-1;-1;-1;-1;-1;-1;-1;-1;-1;-1;-1;-1;-1;-1;-1;-1;-1;-1;-1;-1;-1;-1;-1;-1;-1
3782;17;No;No;No;No;-;1090000;1090000;1090000;-1;-1;-1;-1;-1;-1;-1;-1;-1;-1;-1;-1;-1;-1;-1;-1;-1;-1;-1;-1;-1;-1;-1;-1;-1;-1
3791;19;No;No;No;Yes;-;1000000;1000000;1000000;-1;-1;-1;-1;-1;-1;-1;-1;-1;-1;-1;-1;-1;-1;-1;-1;-1;-1;-1;-1;-1;-1;-1;-1;-1;-1
3799;25;No;No;No;No;-;1120000;1120000;1120000;-1;-1;-1;-1;-1;-1;-1;-1;-1;-1;-1;-1;-1;-1;-1;-1;-1;-1;-1;-1;-1;-1;-1;-1;-1;-1
3806;12;No;No;No;No;-;1090000;1090000;1090000;-1;-1;-1;-1;-1;-1;-1;-1;-1;-1;-1;-1;-1;-1;-1;-1;-1;-1;-1;-1;-1;-1;-1;-1;-1;-1
3807;31;No;No;No;No;-;1080000;1080000;1080000;-1;-1;-1;-1;-1;-1;-1;-1;-1;-1;-1;-1;-1;-1;-1;-1;-1;-1;-1;-1;-1;-1;-1;-1;-1;-1
3809;26;No;No;No;Yes;-;1400000;1400000;1400000;-1;-1;-1;-1;-1;-1;-1;-1;-1;-1;-1;-1;-1;-1;-1;-1;-1;-1;-1;-1;-1;-1;-1;-1;-1;-1
3810;7;No;No;No;Yes;-;1000000;1000000;-1;-1;-1;-1;-1;-1;-1;-1;-1;-1;-1;-1;-1;-1;-1;-1;-1;-1;-1;-1;-1;-1;-1;-1;-1;-1;-1
3811;12;No;No;No;Yes;-;950000;950000;950000;-1;-1;-1;-1;-1;-1;-1;-1;-1;-1;-1;-1;-1;-1;-1;-1;-1;-1;-1;-1;-1;-1;-1;-1;-1;-1
3812;19;No;No;No;Yes;-;1000000;1000000;1000000;-1;-1;-1;-1;-1;-1;-1;-1;-1;-1;-1;-1;-1;-1;-1;-1;-1;-1;-1;-1;-1;-1;-1;-1;-1;-1
3814;18;No;No;No;Yes;-;850000;850000;850000;-1;-1;-1;-1;-1;-1;-1;-1;-1;-1;-1;-1;-1;-1;-1;-1;-1;-1;-1;-1;-1;-1;-1;-1;-1;-1
3817;18;No;No;No;Yes;-;850000;850000;-1;-1;-1;-1;-1;-1;-1;-1;-1;-1;-1;-1;-1;-1;-1;-1;-1;-1;-1;-1;-1;-1;-1;-1;-1;-1;-1
3818;2;No;No;No;No;-;1230000;1230000;1230000;-1;-1;-1;-1;-1;-1;-1;-1;-1;-1;-1;-1;-1;-1;-1;-1;-1;-1;-1;-1;-1;-1;-1;-1;-1;-1
3819;2;No;No;No;No;-;1090000;1090000;1090000;-1;-1;-1;-1;-1;-1;-1;-1;-1;-1;-1;-1;-1;-1;-1;-1;-1;-1;-1;-1;-1;-1;-1;-1;-1;-1
3822;19;No;No;No;Yes;-;930000;930000;-1;-1;-1;-1;-1;-1;-1;-1;-1;-1;-1;-1;-1;-1;-1;-1;-1;-1;-1;-1;-1;-1;-1;-1;-1;-1;-1
3836;23;No;No;No;No;-;975000;975000;-1;-1;-1;-1;-1;-1;-1;-1;-1;-1;-1;-1;-1;-1;-1;-1;-1;-1;-1;-1;-1;-1;-1;-1;-1;-1;-1
3865;17;No;No;No;Yes;-;3300000;3300000;3300000;-1;-1;-1;-1;-1;-1;-1;-1;-1;-1;-1;-1;-1;-1;-1;-1;-1;-1;-1;-1;-1;-1;-1;-1;-1;-1
3881;30;No;No;No;No;-;1090000;1090000;1090000;-1;-1;-1;-1;-1;-1;-1;-1;-1;-1;-1;-1;-1;-1;-1;-1;-1;-1;-1;-1;-1;-1;-1;-1;-1;-1
3882;12;No;No;No;Yes;-;1000000;1000000;-1;-1;-1;-1;-1;-1;-1;-1;-1;-1;-1;-1;-1;-1;-1;-1;-1;-1;-1;-1;-1;-1;-1;-1;-1;-1;-1
3884;24;No;No;No;Yes;-;1000000;1000000;1000000;-1;-1;-1;-1;-1;-1;-1;-1;-1;-1;-1;-1;-1;-1;-1;-1;-1;-1;-1;-1;-1;-1;-1;-1;-1;-1
3885;30;No;No;Yes;No;-;995000;995000;-1;-1;-1;-1;-1;-1;-1;-1;-1;-1;-1;-1;-1;-1;-1;-1;-1;-1;-1;-1;-1;-1;-1;-1;-1;-1;-1
3886;31;No;No;No;No;-;990000;990000;-1;-1;-1;-1;-1;-1;-1;-1;-1;-1;-1;-1;-1;-1;-1;-1;-1;-1;-1;-1;-1;-1;-1;-1;-1;-1;-1
3887;12;No;No;No;No;-;1740000;1740000;1740000;1740000;-1;-1;-1;-1;-1;-1;-1;-1;-1;-1;-1;-1;-1;-1;-1;-1;-1;-1;-1;-1;-1;-1;-1;-1;-1
3888;10;No;No;No;Yes;-;5800000;5800000;5800000;5800000;5800000;5800000;-1;-1;-1;-1;-1;-1;-1;-1;-1;-1;-1;-1;-1;-1;-1;-1;-1;-1;-1;-1;-1;-1;-1
3889;17;No;No;No;No;-;1550000;1550000;1550000;1550000;-1;-1;-1;-1;-1;-1;-1;-1;-1;-1;-1;-1;-1;-1;-1;-1;-1;-1;-1;-1;-1;-1;-1;-1;-1
3890;17;No;No;No;No;-;2500000;2500000;2500000;-1;-1;-1;-1;-1;-1;-1;-1;-1;-1;-1;-1;-1;-1;-1;-1;-1;-1;-1;-1;-1;-1;-1;-1;-1;-1
3891;24;No;No;No;Yes;-;1000000;1000000;1000000;-1;-1;-1;-1;-1;-1;-1;-1;-1;-1;-1;-1;-1;-1;-1;-1;-1;-1;-1;-1;-1;-1;-1;-1;-1;-1
3893;2;No;No;No;No;-;1540000;1540000;1540000;1540000;-1;-1;-1;-1;-1;-1;-1;-1;-1;-1;-1;-1;-1;-1;-1;-1;-1;-1;-1;-1;-1;-1;-1;-1;-1
3895;53;No;No;No;No;-;69500;69500;-1;-1;-1;-1;-1;-1;-1;-1;-1;-1;-1;-1;-1;69500;-1;-1;-1;-1;-1;-1;-1;-1;-1;-1;-1;-1;-1
4760;47;No;No;No;No;-;69000;69000;-1;-1;-1;-1;-1;-1;-1;-1;-1;-1;-1;-1;-1;69000;-1;-1;-1;-1;-1;-1;-1;-1;-1;-1;-1;-1;-1
4776;14;No;No;No;No;-;995000;995000;-1;-1;-1;-1;-1;-1;-1;-1;-1;-1;-1;-1;-1;-1;-1;-1;-1;-1;-1;-1;-1;-1;-1;-1;-1;-1;-1
5182;2;No;No;No;No;-;3090000;3090000;3090000;3090000;-1;-1;-1;-1;-1;-1;-1;-1;-1;-1;-1;-1;-1;-1;-1;-1;-1;-1;-1;-1;-1;-1;-1;-1;-1
5266;20;No;No;No;No;-;1090000;1090000;1090000;1090000;-1;-1;-1;-1;-1;-1;-1;-1;-1;-1;-1;-1;-1;-1;-1;-1;-1;-1;-1;-1;-1;-1;-1;-1;-1
5352;152;No;No;No;No;-;995000;995000;-1;-1;-1;-1;-1;-1;-1;-1;-1;-1;-1;-1;-1;-1;-1;-1;-1;-1;-1;-1;-1;-1;-1;-1;-1;-1;-1
5355;2;No;No;Yes;No;-;995000;995000;-1;-1;-1;-1;-1;-1;-1;-1;-1;-1;-1;-1;-1;-1;-1;-1;-1;-1;-1;-1;-1;-1;-1;-1;-1;-1;-1
5356;25;No;No;No;No;-;3700000;3700000;3700000;3700000;3700000;-1;-1;-1;-1;-1;-1;-1;-1;-1;-1;-1;-1;-1;-1;-1;-1;-1;-1;-1;-1;-1;-1;-1;-1
5357;25;No;No;Yes;No;-;995000;995000;-1;-1;-1;-1;-1;-1;-1;-1;-1;-1;-1;-1;-1;-1;-1;-1;-1;-1;-1;-1;-1;-1;-1;-1;-1;-1;-1
5358;23;No;No;Yes;No;-;990000;990000;-1;-1;-1;-1;-1;-1;-1;-1;-1;-1;-1;-1;-1;-1;-1;-1;-1;-1;-1;-1;-1;-1;-1;-1;-1;-1;-1
5359;152;No;No;No;No;-;995000;995000;-1;-1;-1;-1;-1;-1;-1;-1;-1;-1;-1;-1;-1;-1;-1;-1;-1;-1;-1;-1;-1;-1;-1;-1;-1;-1;-1
5361;152;No;No;No;No;-;995000;995000;-1;-1;-1;-1;-1;-1;-1;-1;-1;-1;-1;-1;-1;-1;-1;-1;-1;-1;-1;-1;-1;-1;-1;-1;-1;-1;-1
5364;9;No;No;Yes;No;-;995000;995000;-1;-1;-1;-1;-1;-1;-1;-1;-1;-1;-1;-1;-1;-1;-1;-1;-1;-1;-1;-1;-1;-1;-1;-1;-1;-1;-1
5365;2;No;No;Yes;No;-;995000;995000;-1;-1;-1;-1;-1;-1;-1;-1;-1;-1;-1;-1;-1;-1;-1;-1;-1;-1;-1;-1;-1;-1;-1;-1;-1;-1;-1
5368;124;No;No;Yes;No;-;995000;995000;995000;-1;-1;-1;-1;-1;-1;-1;-1;-1;-1;-1;-1;-1;-1;-1;-1;-1;-1;-1;-1;-1;-1;-1;-1;-1;-1
5369;14;No;No;No;No;-;995000;995000;-1;-1;-1;-1;-1;-1;-1;-1;-1;-1;-1;-1;-1;-1;-1;-1;-1;-1;-1;-1;-1;-1;-1;-1;-1;-1;-1
5370;25;No;No;Yes;No;-;995000;995000;-1;-1;-1;-1;-1;-1;-1;-1;-1;-1;-1;-1;-1;-1;-1;-1;-1;-1;-1;-1;-1;-1;-1;-1;-1;-1;-1
5372;8;No;No;Yes;No;-;995000;995000;-1;-1;-1;-1;-1;-1;-1;-1;-1;-1;-1;-1;-1;-1;-1;-1;-1;-1;-1;-1;-1;-1;-1;-1;-1;-1;-1
5374;18;No;No;No;No;-;995000;995000;-1;-1;-1;-1;-1;-1;-1;-1;-1;-1;-1;-1;-1;-1;-1;-1;-1;-1;-1;-1;-1;-1;-1;-1;-1;-1;-1
5375;30;No;No;Yes;No;-;995000;995000;995000;-1;-1;-1;-1;-1;-1;-1;-1;-1;-1;-1;-1;-1;-1;-1;-1;-1;-1;-1;-1;-1;-1;-1;-1;-1;-1
5377;23;No;No;Yes;No;-;995000;995000;995000;-1;-1;-1;-1;-1;-1;-1;-1;-1;-1;-1;-1;-1;-1;-1;-1;-1;-1;-1;-1;-1;-1;-1;-1;-1;-1
5378;8;No;No;Yes;No;-;995000;995000;-1;-1;-1;-1;-1;-1;-1;-1;-1;-1;-1;-1;-1;-1;-1;-1;-1;-1;-1;-1;-1;-1;-1;-1;-1;-1;-1
5379;12;No;No;No;No;-;995000;995000;-1;-1;-1;-1;-1;-1;-1;-1;-1;-1;-1;-1;-1;-1;-1;-1;-1;-1;-1;-1;-1;-1;-1;-1;-1;-1;-1
5381;1;No;No;Yes;No;-;995000;995000;-1;-1;-1;-1;-1;-1;-1;-1;-1;-1;-1;-1;-1;-1;-1;-1;-1;-1;-1;-1;-1;-1;-1;-1;-1;-1;-1
5383;2;No;No;Yes;No;-;990000;990000;-1;-1;-1;-1;-1;-1;-1;-1;-1;-1;-1;-1;-1;-1;-1;-1;-1;-1;-1;-1;-1;-1;-1;-1;-1;-1;-1
5384;31;No;No;Yes;No;-;990000;990000;-1;-1;-1;-1;-1;-1;-1;-1;-1;-1;-1;-1;-1;-1;-1;-1;-1;-1;-1;-1;-1;-1;-1;-1;-1;-1;-1
5386;1;No;No;Yes;No;-;990000;990000;-1;-1;-1;-1;-1;-1;-1;-1;-1;-1;-1;-1;-1;-1;-1;-1;-1;-1;-1;-1;-1;-1;-1;-1;-1;-1;-1
5389;38;No;No;No;No;-;43000;43000;-1;-1;-1;-1;-1;-1;-1;-1;-1;-1;-1;-1;-1;43000;-1;-1;-1;-1;-1;-1;-1;-1;-1;-1;-1;-1;-1
5390;28;No;No;Yes;No;-;995000;995000;995000;-1;-1;-1;-1;-1;-1;-1;-1;-1;-1;-1;-1;-1;-1;-1;-1;-1;-1;-1;-1;-1;-1;-1;-1;-1;-1
5391;9;No;No;No;Yes;-;1500000;1500000;1500000;1500000;1500000;-1;-1;-1;-1;-1;-1;-1;-1;-1;-1;-1;-1;-1;-1;-1;-1;-1;-1;-1;-1;-1;-1;-1;-1
5393;30;No;No;Yes;No;-;995000;995000;-1;-1;-1;-1;-1;-1;-1;-1;-1;-1;-1;-1;-1;-1;-1;-1;-1;-1;-1;-1;-1;-1;-1;-1;-1;-1;-1
5394;19;No;No;Yes;No;-;995000;995000;-1;-1;-1;-1;-1;-1;-1;-1;-1;-1;-1;-1;-1;-1;-1;-1;-1;-1;-1;-1;-1;-1;-1;-1;-1;-1;-1
5396;152;No;No;No;No;-;995000;995000;-1;-1;-1;-1;-1;-1;-1;-1;-1;-1;-1;-1;-1;-1;-1;-1;-1;-1;-1;-1;-1;-1;-1;-1;-1;-1;-1
5397;2;No;No;Yes;No;-;995000;995000;995000;-1;-1;-1;-1;-1;-1;-1;-1;-1;-1;-1;-1;-1;-1;-1;-1;-1;-1;-1;-1;-1;-1;-1;-1;-1;-1
5398;18;No;No;No;No;-;995000;995000;-1;-1;-1;-1;-1;-1;-1;-1;-1;-1;-1;-1;-1;-1;-1;-1;-1;-1;-1;-1;-1;-1;-1;-1;-1;-1;-1
5401;29;No;No;Yes;No;-;995000;995000;-1;-1;-1;-1;-1;-1;-1;-1;-1;-1;-1;-1;-1;-1;-1;-1;-1;-1;-1;-1;-1;-1;-1;-1;-1;-1;-1
5407;31;No;No;No;Yes;-;995000;995000;995000;-1;-1;-1;-1;-1;-1;-1;-1;-1;-1;-1;-1;-1;-1;-1;-1;-1;-1;-1;-1;-1;-1;-1;-1;-1;-1
5410;23;No;No;Yes;No;-;995000;995000;-1;-1;-1;-1;-1;-1;-1;-1;-1;-1;-1;-1;-1;-1;-1;-1;-1;-1;-1;-1;-1;-1;-1;-1;-1;-1;-1
5412;124;No;No;Yes;No;-;995000;995000;-1;-1;-1;-1;-1;-1;-1;-1;-1;-1;-1;-1;-1;-1;-1;-1;-1;-1;-1;-1;-1;-1;-1;-1;-1;-1;-1
5414;18;No;No;No;Yes;-;1000000;1000000;1000000;-1;-1;-1;-1;-1;-1;-1;-1;-1;-1;-1;-1;-1;-1;-1;-1;-1;-1;-1;-1;-1;-1;-1;-1;-1;-1
5418;152;No;No;No;No;-;1089000;1089000;1089000;1089000;-1;-1;-1;-1;-1;-1;-1;-1;-1;-1;-1;-1;-1;-1;-1;-1;-1;-1;-1;-1;-1;-1;-1;-1;-1
5420;26;No;No;Yes;No;-;870000;990000;-1;-1;-1;-1;-1;-1;-1;-1;-1;-1;-1;-1;-1;-1;-1;-1;-1;-1;-1;-1;-1;-1;-1;-1;-1;-1;-1
5422;7;No;No;Yes;No;-;870000;990000;-1;-1;-1;-1;-1;-1;-1;-1;-1;-1;-1;-1;-1;-1;-1;-1;-1;-1;-1;-1;-1;-1;-1;-1;-1;-1;-1
5423;8;No;No;Yes;No;-;950000;950000;950000;-1;-1;-1;-1;-1;-1;-1;-1;-1;-1;-1;-1;-1;-1;-1;-1;-1;-1;-1;-1;-1;-1;-1;-1;-1;-1
5424;28;No;No;Yes;No;-;995000;995000;995000;-1;-1;-1;-1;-1;-1;-1;-1;-1;-1;-1;-1;-1;-1;-1;-1;-1;-1;-1;-1;-1;-1;-1;-1;-1;-1
5425;30;No;No;No;No;-;995000;995000;-1;-1;-1;-1;-1;-1;-1;-1;-1;-1;-1;-1;-1;-1;-1;-1;-1;-1;-1;-1;-1;-1;-1;-1;-1;-1;-1
5430;8;No;No;Yes;No;-;995000;995000;-1;-1;-1;-1;-1;-1;-1;-1;-1;-1;-1;-1;-1;-1;-1;-1;-1;-1;-1;-1;-1;-1;-1;-1;-1;-1;-1
5432;21;No;No;Yes;No;-;950000;950000;950000;-1;-1;-1;-1;-1;-1;-1;-1;-1;-1;-1;-1;-1;-1;-1;-1;-1;-1;-1;-1;-1;-1;-1;-1;-1;-1
5439;14;No;No;Yes;No;-;995000;995000;-1;-1;-1;-1;-1;-1;-1;-1;-1;-1;-1;-1;-1;-1;-1;-1;-1;-1;-1;-1;-1;-1;-1;-1;-1;-1;-1
5440;20;No;No;No;No;-;990000;990000;-1;-1;-1;-1;-1;-1;-1;-1;-1;-1;-1;-1;-1;-1;-1;-1;-1;-1;-1;-1;-1;-1;-1;-1;-1;-1;-1
5441;7;No;No;Yes;No;-;995000;995000;995000;-1;-1;-1;-1;-1;-1;-1;-1;-1;-1;-1;-1;-1;-1;-1;-1;-1;-1;-1;-1;-1;-1;-1;-1;-1;-1
5442;25;No;No;Yes;No;-;995000;995000;995000;-1;-1;-1;-1;-1;-1;-1;-1;-1;-1;-1;-1;-1;-1;-1;-1;-1;-1;-1;-1;-1;-1;-1;-1;-1;-1
5443;152;No;No;No;No;-;995000;995000;995000;-1;-1;-1;-1;-1;-1;-1;-1;-1;-1;-1;-1;-1;-1;-1;-1;-1;-1;-1;-1;-1;-1;-1;-1;-1;-1
5444;26;No;No;Yes;No;-;995000;995000;-1;-1;-1;-1;-1;-1;-1;-1;-1;-1;-1;-1;-1;-1;-1;-1;-1;-1;-1;-1;-1;-1;-1;-1;-1;-1;-1
5445;19;No;No;Yes;No;-;995000;995000;995000;-1;-1;-1;-1;-1;-1;-1;-1;-1;-1;-1;-1;-1;-1;-1;-1;-1;-1;-1;-1;-1;-1;-1;-1;-1;-1
5446;0;No;No;Yes;No;-;990000;990000;-1;-1;-1;-1;-1;-1;-1;-1;-1;-1;-1;-1;-1;-1;-1;-1;-1;-1;-1;-1;-1;-1;-1;-1;-1;-1;-1
5447;124;No;No;Yes;No;-;990000;990000;990000;-1;-1;-1;-1;-1;-1;-1;-1;-1;-1;-1;-1;-1;-1;-1;-1;-1;-1;-1;-1;-1;-1;-1;-1;-1;-1
5450;8;No;No;Yes;No;-;995000;995000;-1;-1;-1;-1;-1;-1;-1;-1;-1;-1;-1;-1;-1;-1;-1;-1;-1;-1;-1;-1;-1;-1;-1;-1;-1;-1;-1
5451;152;No;No;No;No;-;995000;995000;-1;-1;-1;-1;-1;-1;-1;-1;-1;-1;-1;-1;-1;-1;-1;-1;-1;-1;-1;-1;-1;-1;-1;-1;-1;-1;-1
5452;14;No;No;No;No;-;995000;995000;-1;-1;-1;-1;-1;-1;-1;-1;-1;-1;-1;-1;-1;-1;-1;-1;-1;-1;-1;-1;-1;-1;-1;-1;-1;-1;-1
5456;19;No;No;Yes;No;-;990000;990000;-1;-1;-1;-1;-1;-1;-1;-1;-1;-1;-1;-1;-1;-1;-1;-1;-1;-1;-1;-1;-1;-1;-1;-1;-1;-1;-1
5457;36;No;No;No;No;-;44000;44000;-1;-1;-1;-1;-1;-1;-1;-1;-1;-1;-1;-1;-1;44000;-1;-1;-1;-1;-1;-1;-1;-1;-1;-1;-1;-1;-1
5459;28;No;No;Yes;No;-;995000;995000;-1;-1;-1;-1;-1;-1;-1;-1;-1;-1;-1;-1;-1;-1;-1;-1;-1;-1;-1;-1;-1;-1;-1;-1;-1;-1;-1
5460;14;No;No;Yes;No;-;995000;995000;995000;-1;-1;-1;-1;-1;-1;-1;-1;-1;-1;-1;-1;-1;-1;-1;-1;-1;-1;-1;-1;-1;-1;-1;-1;-1;-1
5461;14;No;No;Yes;No;-;995000;995000;-1;-1;-1;-1;-1;-1;-1;-1;-1;-1;-1;-1;-1;-1;-1;-1;-1;-1;-1;-1;-1;-1;-1;-1;-1;-1;-1
5463;21;No;No;Yes;No;-;995000;995000;-1;-1;-1;-1;-1;-1;-1;-1;-1;-1;-1;-1;-1;-1;-1;-1;-1;-1;-1;-1;-1;-1;-1;-1;-1;-1;-1
5465;23;No;No;Yes;No;-;990000;990000;-1;-1;-1;-1;-1;-1;-1;-1;-1;-1;-1;-1;-1;-1;-1;-1;-1;-1;-1;-1;-1;-1;-1;-1;-1;-1;-1
5467;29;No;No;Yes;No;-;995000;995000;-1;-1;-1;-1;-1;-1;-1;-1;-1;-1;-1;-1;-1;-1;-1;-1;-1;-1;-1;-1;-1;-1;-1;-1;-1;-1;-1
5469;8;No;No;Yes;No;-;950000;950000;950000;-1;-1;-1;-1;-1;-1;-1;-1;-1;-1;-1;-1;-1;-1;-1;-1;-1;-1;-1;-1;-1;-1;-1;-1;-1;-1
5472;9;No;No;Yes;No;-;995000;995000;-1;-1;-1;-1;-1;-1;-1;-1;-1;-1;-1;-1;-1;-1;-1;-1;-1;-1;-1;-1;-1;-1;-1;-1;-1;-1;-1
5473;27;No;No;No;No;-;6990000;6990000;6990000;6990000;-1;-1;-1;-1;-1;-1;-1;-1;-1;-1;-1;-1;-1;-1;-1;-1;-1;-1;-1;-1;-1;-1;-1;-1;-1
5474;24;No;No;Yes;No;-;995000;995000;-1;-1;-1;-1;-1;-1;-1;-1;-1;-1;-1;-1;-1;-1;-1;-1;-1;-1;-1;-1;-1;-1;-1;-1;-1;-1;-1
5475;20;No;No;No;No;-;995000;995000;-1;-1;-1;-1;-1;-1;-1;-1;-1;-1;-1;-1;-1;-1;-1;-1;-1;-1;-1;-1;-1;-1;-1;-1;-1;-1;-1
5476;2;No;No;Yes;No;-;995000;995000;-1;-1;-1;-1;-1;-1;-1;-1;-1;-1;-1;-1;-1;-1;-1;-1;-1;-1;-1;-1;-1;-1;-1;-1;-1;-1;-1
5478;23;No;No;Yes;No;-;995000;995000;-1;-1;-1;-1;-1;-1;-1;-1;-1;-1;-1;-1;-1;-1;-1;-1;-1;-1;-1;-1;-1;-1;-1;-1;-1;-1;-1
5483;152;No;No;No;No;-;995000;995000;-1;-1;-1;-1;-1;-1;-1;-1;-1;-1;-1;-1;-1;-1;-1;-1;-1;-1;-1;-1;-1;-1;-1;-1;-1;-1;-1
5484;28;No;No;Yes;No;-;990000;990000;-1;-1;-1;-1;-1;-1;-1;-1;-1;-1;-1;-1;-1;-1;-1;-1;-1;-1;-1;-1;-1;-1;-1;-1;-1;-1;-1
5485;14;No;No;Yes;No;-;995000;995000;-1;-1;-1;-1;-1;-1;-1;-1;-1;-1;-1;-1;-1;-1;-1;-1;-1;-1;-1;-1;-1;-1;-1;-1;-1;-1;-1
5486;124;No;No;Yes;No;-;990000;990000;-1;-1;-1;-1;-1;-1;-1;-1;-1;-1;-1;-1;-1;-1;-1;-1;-1;-1;-1;-1;-1;-1;-1;-1;-1;-1;-1
5488;19;No;No;Yes;No;-;995000;995000;-1;-1;-1;-1;-1;-1;-1;-1;-1;-1;-1;-1;-1;-1;-1;-1;-1;-1;-1;-1;-1;-1;-1;-1;-1;-1;-1
5489;17;No;No;Yes;No;-;995000;995000;-1;-1;-1;-1;-1;-1;-1;-1;-1;-1;-1;-1;-1;-1;-1;-1;-1;-1;-1;-1;-1;-1;-1;-1;-1;-1;-1
5490;9;No;No;Yes;No;-;990000;990000;-1;-1;-1;-1;-1;-1;-1;-1;-1;-1;-1;-1;-1;-1;-1;-1;-1;-1;-1;-1;-1;-1;-1;-1;-1;-1;-1
5494;19;No;No;Yes;No;-;995000;995000;-1;-1;-1;-1;-1;-1;-1;-1;-1;-1;-1;-1;-1;-1;-1;-1;-1;-1;-1;-1;-1;-1;-1;-1;-1;-1;-1
5495;12;No;No;Yes;No;-;995000;995000;-1;-1;-1;-1;-1;-1;-1;-1;-1;-1;-1;-1;-1;-1;-1;-1;-1;-1;-1;-1;-1;-1;-1;-1;-1;-1;-1
5496;23;No;No;No;No;-;995000;995000;-1;-1;-1;-1;-1;-1;-1;-1;-1;-1;-1;-1;-1;-1;-1;-1;-1;-1;-1;-1;-1;-1;-1;-1;-1;-1;-1
5498;12;No;No;Yes;No;-;990000;990000;-1;-1;-1;-1;-1;-1;-1;-1;-1;-1;-1;-1;-1;-1;-1;-1;-1;-1;-1;-1;-1;-1;-1;-1;-1;-1;-1
5499;24;No;No;Yes;No;-;995000;995000;-1;-1;-1;-1;-1;-1;-1;-1;-1;-1;-1;-1;-1;-1;-1;-1;-1;-1;-1;-1;-1;-1;-1;-1;-1;-1;-1
5500;14;No;No;No;No;-;995000;995000;-1;-1;-1;-1;-1;-1;-1;-1;-1;-1;-1;-1;-1;-1;-1;-1;-1;-1;-1;-1;-1;-1;-1;-1;-1;-1;-1
5502;17;No;No;Yes;No;-;995000;995000;-1;-1;-1;-1;-1;-1;-1;-1;-1;-1;-1;-1;-1;-1;-1;-1;-1;-1;-1;-1;-1;-1;-1;-1;-1;-1;-1
5503;1;No;No;Yes;No;-;995000;995000;-1;-1;-1;-1;-1;-1;-1;-1;-1;-1;-1;-1;-1;-1;-1;-1;-1;-1;-1;-1;-1;-1;-1;-1;-1;-1;-1
5504;14;No;No;Yes;No;-;995000;995000;-1;-1;-1;-1;-1;-1;-1;-1;-1;-1;-1;-1;-1;-1;-1;-1;-1;-1;-1;-1;-1;-1;-1;-1;-1;-1;-1
5509;23;No;No;No;No;-;4750000;4750000;4750000;4750000;4750000;4750000;-1;-1;-1;-1;-1;-1;-1;-1;-1;-1;-1;-1;-1;-1;-1;-1;-1;-1;-1;-1;-1;-1;-1
5510;21;No;No;Yes;No;-;990000;990000;-1;-1;-1;-1;-1;-1;-1;-1;-1;-1;-1;-1;-1;-1;-1;-1;-1;-1;-1;-1;-1;-1;-1;-1;-1;-1;-1
5513;26;No;No;Yes;No;-;995000;995000;-1;-1;-1;-1;-1;-1;-1;-1;-1;-1;-1;-1;-1;-1;-1;-1;-1;-1;-1;-1;-1;-1;-1;-1;-1;-1;-1
5514;12;No;No;Yes;No;-;990000;990000;-1;-1;-1;-1;-1;-1;-1;-1;-1;-1;-1;-1;-1;-1;-1;-1;-1;-1;-1;-1;-1;-1;-1;-1;-1;-1;-1
5516;8;No;No;Yes;No;-;995000;995000;995000;995000;-1;-1;-1;-1;-1;-1;-1;-1;-1;-1;-1;-1;-1;-1;-1;-1;-1;-1;-1;-1;-1;-1;-1;-1;-1
5518;23;No;No;No;No;-;995000;995000;-1;-1;-1;-1;-1;-1;-1;-1;-1;-1;-1;-1;-1;-1;-1;-1;-1;-1;-1;-1;-1;-1;-1;-1;-1;-1;-1
5519;18;No;No;No;No;-;6100000;6100000;6100000;6100000;6100000;-1;-1;-1;-1;-1;-1;-1;-1;-1;-1;-1;-1;-1;-1;-1;-1;-1;-1;-1;-1;-1;-1;-1;-1
5520;152;No;No;No;No;-;995000;995000;-1;-1;-1;-1;-1;-1;-1;-1;-1;-1;-1;-1;-1;-1;-1;-1;-1;-1;-1;-1;-1;-1;-1;-1;-1;-1;-1
5524;20;No;No;No;No;-;995000;995000;-1;-1;-1;-1;-1;-1;-1;-1;-1;-1;-1;-1;-1;-1;-1;-1;-1;-1;-1;-1;-1;-1;-1;-1;-1;-1;-1
5525;17;No;No;Yes;No;-;995000;995000;-1;-1;-1;-1;-1;-1;-1;-1;-1;-1;-1;-1;-1;-1;-1;-1;-1;-1;-1;-1;-1;-1;-1;-1;-1;-1;-1
5527;10;No;No;Yes;No;-;995000;995000;-1;-1;-1;-1;-1;-1;-1;-1;-1;-1;-1;-1;-1;-1;-1;-1;-1;-1;-1;-1;-1;-1;-1;-1;-1;-1;-1
5533;124;No;No;Yes;No;-;990000;990000;990000;-1;-1;-1;-1;-1;-1;-1;-1;-1;-1;-1;-1;-1;-1;-1;-1;-1;-1;-1;-1;-1;-1;-1;-1;-1;-1
5534;30;No;No;Yes;No;-;995000;995000;995000;-1;-1;-1;-1;-1;-1;-1;-1;-1;-1;-1;-1;-1;-1;-1;-1;-1;-1;-1;-1;-1;-1;-1;-1;-1;-1
5535;152;No;No;Yes;No;-;990000;990000;990000;-1;-1;-1;-1;-1;-1;-1;-1;-1;-1;-1;-1;-1;-1;-1;-1;-1;-1;-1;-1;-1;-1;-1;-1;-1;-1
5537;17;No;No;Yes;No;-;995000;995000;-1;-1;-1;-1;-1;-1;-1;-1;-1;-1;-1;-1;-1;-1;-1;-1;-1;-1;-1;-1;-1;-1;-1;-1;-1;-1;-1
5538;73;No;No;No;No;-;3000;3000;-1;-1;-1;-1;-1;-1;-1;-1;-1;-1;-1;-1;-1;3000;-1;-1;-1;-1;-1;-1;-1;-1;-1;-1;-1;-1;-1
5539;23;No;No;No;No;-;995000;995000;-1;-1;-1;-1;-1;-1;-1;-1;-1;-1;-1;-1;-1;-1;-1;-1;-1;-1;-1;-1;-1;-1;-1;-1;-1;-1;-1
5543;12;No;No;No;No;-;995000;995000;-1;-1;-1;-1;-1;-1;-1;-1;-1;-1;-1;-1;-1;-1;-1;-1;-1;-1;-1;-1;-1;-1;-1;-1;-1;-1;-1
5544;23;No;No;Yes;No;-;995000;995000;-1;-1;-1;-1;-1;-1;-1;-1;-1;-1;-1;-1;-1;-1;-1;-1;-1;-1;-1;-1;-1;-1;-1;-1;-1;-1;-1
5545;18;No;No;No;No;-;995000;995000;-1;-1;-1;-1;-1;-1;-1;-1;-1;-1;-1;-1;-1;-1;-1;-1;-1;-1;-1;-1;-1;-1;-1;-1;-1;-1;-1
5546;1;No;No;No;No;-;995000;995000;-1;-1;-1;-1;-1;-1;-1;-1;-1;-1;-1;-1;-1;-1;-1;-1;-1;-1;-1;-1;-1;-1;-1;-1;-1;-1;-1
5547;26;No;No;Yes;No;-;1000000;1000000;1000000;1000000;-1;-1;-1;-1;-1;-1;-1;-1;-1;-1;-1;-1;-1;-1;-1;-1;-1;-1;-1;-1;-1;-1;-1;-1;-1
5549;29;No;No;Yes;No;-;995000;995000;-1;-1;-1;-1;-1;-1;-1;-1;-1;-1;-1;-1;-1;-1;-1;-1;-1;-1;-1;-1;-1;-1;-1;-1;-1;-1;-1
5551;0;No;No;No;No;-;995000;995000;-1;-1;-1;-1;-1;-1;-1;-1;-1;-1;-1;-1;-1;-1;-1;-1;-1;-1;-1;-1;-1;-1;-1;-1;-1;-1;-1
5552;1;No;No;Yes;No;-;995000;995000;-1;-1;-1;-1;-1;-1;-1;-1;-1;-1;-1;-1;-1;-1;-1;-1;-1;-1;-1;-1;-1;-1;-1;-1;-1;-1;-1
5553;17;No;No;Yes;No;-;995000;995000;-1;-1;-1;-1;-1;-1;-1;-1;-1;-1;-1;-1;-1;-1;-1;-1;-1;-1;-1;-1;-1;-1;-1;-1;-1;-1;-1
5560;12;No;No;No;No;-;995000;995000;-1;-1;-1;-1;-1;-1;-1;-1;-1;-1;-1;-1;-1;-1;-1;-1;-1;-1;-1;-1;-1;-1;-1;-1;-1;-1;-1
5561;124;No;No;Yes;No;-;990000;990000;-1;-1;-1;-1;-1;-1;-1;-1;-1;-1;-1;-1;-1;-1;-1;-1;-1;-1;-1;-1;-1;-1;-1;-1;-1;-1;-1
5562;1;No;No;Yes;No;-;995000;995000;-1;-1;-1;-1;-1;-1;-1;-1;-1;-1;-1;-1;-1;-1;-1;-1;-1;-1;-1;-1;-1;-1;-1;-1;-1;-1;-1
5563;14;No;No;Yes;No;-;1000000;1000000;1000000;-1;-1;-1;-1;-1;-1;-1;-1;-1;-1;-1;-1;-1;-1;-1;-1;-1;-1;-1;-1;-1;-1;-1;-1;-1;-1
5564;19;No;No;No;No;-;1000000;1000000;1000000;-1;-1;-1;-1;-1;-1;-1;-1;-1;-1;-1;-1;-1;-1;-1;-1;-1;-1;-1;-1;-1;-1;-1;-1;-1;-1
5566;3;No;No;Yes;No;-;990000;990000;-1;-1;-1;-1;-1;-1;-1;-1;-1;-1;-1;-1;-1;-1;-1;-1;-1;-1;-1;-1;-1;-1;-1;-1;-1;-1;-1
5568;30;No;No;No;No;-;995000;995000;-1;-1;-1;-1;-1;-1;-1;-1;-1;-1;-1;-1;-1;-1;-1;-1;-1;-1;-1;-1;-1;-1;-1;-1;-1;-1;-1
5569;14;No;No;No;No;-;995000;995000;995000;-1;-1;-1;-1;-1;-1;-1;-1;-1;-1;-1;-1;-1;-1;-1;-1;-1;-1;-1;-1;-1;-1;-1;-1;-1;-1
5571;10;No;No;Yes;No;-;990000;990000;-1;-1;-1;-1;-1;-1;-1;-1;-1;-1;-1;-1;-1;-1;-1;-1;-1;-1;-1;-1;-1;-1;-1;-1;-1;-1;-1
5572;31;No;No;No;No;-;995000;995000;-1;-1;-1;-1;-1;-1;-1;-1;-1;-1;-1;-1;-1;-1;-1;-1;-1;-1;-1;-1;-1;-1;-1;-1;-1;-1;-1
5573;124;No;No;No;No;-;995000;995000;-1;-1;-1;-1;-1;-1;-1;-1;-1;-1;-1;-1;-1;-1;-1;-1;-1;-1;-1;-1;-1;-1;-1;-1;-1;-1;-1
5574;14;No;No;No;No;-;995000;995000;-1;-1;-1;-1;-1;-1;-1;-1;-1;-1;-1;-1;-1;-1;-1;-1;-1;-1;-1;-1;-1;-1;-1;-1;-1;-1;-1
5575;7;No;No;No;No;-;995000;995000;-1;-1;-1;-1;-1;-1;-1;-1;-1;-1;-1;-1;-1;-1;-1;-1;-1;-1;-1;-1;-1;-1;-1;-1;-1;-1;-1
5579;25;No;No;No;No;-;3000000;3000000;3000000;3000000;-1;-1;-1;-1;-1;-1;-1;-1;-1;-1;-1;-1;-1;-1;-1;-1;-1;-1;-1;-1;-1;-1;-1;-1;-1
5580;14;No;No;No;No;-;995000;995000;-1;-1;-1;-1;-1;-1;-1;-1;-1;-1;-1;-1;-1;-1;-1;-1;-1;-1;-1;-1;-1;-1;-1;-1;-1;-1;-1
5581;24;No;No;Yes;No;-;995000;995000;-1;-1;-1;-1;-1;-1;-1;-1;-1;-1;-1;-1;-1;-1;-1;-1;-1;-1;-1;-1;-1;-1;-1;-1;-1;-1;-1
5582;10;No;No;Yes;No;-;990000;990000;-1;-1;-1;-1;-1;-1;-1;-1;-1;-1;-1;-1;-1;-1;-1;-1;-1;-1;-1;-1;-1;-1;-1;-1;-1;-1;-1
5584;21;No;No;No;Yes;-;995000;995000;-1;-1;-1;-1;-1;-1;-1;-1;-1;-1;-1;-1;-1;-1;-1;-1;-1;-1;-1;-1;-1;-1;-1;-1;-1;-1;-1
5585;20;No;No;No;No;-;995000;995000;-1;-1;-1;-1;-1;-1;-1;-1;-1;-1;-1;-1;-1;-1;-1;-1;-1;-1;-1;-1;-1;-1;-1;-1;-1;-1;-1
5586;31;No;No;Yes;No;-;995000;995000;-1;-1;-1;-1;-1;-1;-1;-1;-1;-1;-1;-1;-1;-1;-1;-1;-1;-1;-1;-1;-1;-1;-1;-1;-1;-1;-1
5591;3;No;No;Yes;No;-;990000;990000;-1;-1;-1;-1;-1;-1;-1;-1;-1;-1;-1;-1;-1;-1;-1;-1;-1;-1;-1;-1;-1;-1;-1;-1;-1;-1;-1
5592;152;No;No;No;No;-;995000;995000;-1;-1;-1;-1;-1;-1;-1;-1;-1;-1;-1;-1;-1;-1;-1;-1;-1;-1;-1;-1;-1;-1;-1;-1;-1;-1;-1
5593;25;No;No;No;No;-;995000;995000;995000;-1;-1;-1;-1;-1;-1;-1;-1;-1;-1;-1;-1;-1;-1;-1;-1;-1;-1;-1;-1;-1;-1;-1;-1;-1;-1
5594;14;No;No;No;No;-;995000;995000;995000;-1;-1;-1;-1;-1;-1;-1;-1;-1;-1;-1;-1;-1;-1;-1;-1;-1;-1;-1;-1;-1;-1;-1;-1;-1;-1
5595;152;No;No;No;No;-;995000;995000;-1;-1;-1;-1;-1;-1;-1;-1;-1;-1;-1;-1;-1;-1;-1;-1;-1;-1;-1;-1;-1;-1;-1;-1;-1;-1;-1
5600;27;No;No;Yes;No;-;995000;995000;-1;-1;-1;-1;-1;-1;-1;-1;-1;-1;-1;-1;-1;-1;-1;-1;-1;-1;-1;-1;-1;-1;-1;-1;-1;-1;-1
5601;0;No;No;Yes;No;-;990000;990000;-1;-1;-1;-1;-1;-1;-1;-1;-1;-1;-1;-1;-1;-1;-1;-1;-1;-1;-1;-1;-1;-1;-1;-1;-1;-1;-1
5605;30;No;No;Yes;Yes;-;990000;990000;-1;-1;-1;-1;-1;-1;-1;-1;-1;-1;-1;-1;-1;-1;-1;-1;-1;-1;-1;-1;-1;-1;-1;-1;-1;-1;-1
5611;0;No;No;Yes;No;-;995000;995000;-1;-1;-1;-1;-1;-1;-1;-1;-1;-1;-1;-1;-1;-1;-1;-1;-1;-1;-1;-1;-1;-1;-1;-1;-1;-1;-1
5612;21;No;No;Yes;No;-;995000;995000;-1;-1;-1;-1;-1;-1;-1;-1;-1;-1;-1;-1;-1;-1;-1;-1;-1;-1;-1;-1;-1;-1;-1;-1;-1;-1;-1
5613;124;No;No;No;No;-;995000;995000;-1;-1;-1;-1;-1;-1;-1;-1;-1;-1;-1;-1;-1;-1;-1;-1;-1;-1;-1;-1;-1;-1;-1;-1;-1;-1;-1
5616;2;No;No;Yes;No;-;995000;995000;-1;-1;-1;-1;-1;-1;-1;-1;-1;-1;-1;-1;-1;-1;-1;-1;-1;-1;-1;-1;-1;-1;-1;-1;-1;-1;-1
5617;14;No;No;Yes;No;-;995000;995000;995000;-1;-1;-1;-1;-1;-1;-1;-1;-1;-1;-1;-1;-1;-1;-1;-1;-1;-1;-1;-1;-1;-1;-1;-1;-1;-1
5618;8;No;No;Yes;No;-;995000;995000;-1;-1;-1;-1;-1;-1;-1;-1;-1;-1;-1;-1;-1;-1;-1;-1;-1;-1;-1;-1;-1;-1;-1;-1;-1;-1;-1
5619;18;No;No;Yes;Yes;-;990000;990000;-1;-1;-1;-1;-1;-1;-1;-1;-1;-1;-1;-1;-1;-1;-1;-1;-1;-1;-1;-1;-1;-1;-1;-1;-1;-1;-1
5622;14;No;No;No;No;-;995000;995000;-1;-1;-1;-1;-1;-1;-1;-1;-1;-1;-1;-1;-1;-1;-1;-1;-1;-1;-1;-1;-1;-1;-1;-1;-1;-1;-1
5623;31;No;No;Yes;No;-;990000;990000;-1;-1;-1;-1;-1;-1;-1;-1;-1;-1;-1;-1;-1;-1;-1;-1;-1;-1;-1;-1;-1;-1;-1;-1;-1;-1;-1
5625;23;No;No;Yes;No;-;995000;995000;995000;-1;-1;-1;-1;-1;-1;-1;-1;-1;-1;-1;-1;-1;-1;-1;-1;-1;-1;-1;-1;-1;-1;-1;-1;-1;-1
5626;10;No;No;Yes;No;-;990000;990000;-1;-1;-1;-1;-1;-1;-1;-1;-1;-1;-1;-1;-1;-1;-1;-1;-1;-1;-1;-1;-1;-1;-1;-1;-1;-1;-1
5627;152;No;No;No;No;-;995000;995000;-1;-1;-1;-1;-1;-1;-1;-1;-1;-1;-1;-1;-1;-1;-1;-1;-1;-1;-1;-1;-1;-1;-1;-1;-1;-1;-1
5632;3;No;No;Yes;No;-;870000;990000;-1;-1;-1;-1;-1;-1;-1;-1;-1;-1;-1;-1;-1;-1;-1;-1;-1;-1;-1;-1;-1;-1;-1;-1;-1;-1;-1
5633;152;No;No;No;No;-;995000;995000;-1;-1;-1;-1;-1;-1;-1;-1;-1;-1;-1;-1;-1;-1;-1;-1;-1;-1;-1;-1;-1;-1;-1;-1;-1;-1;-1
5635;31;No;No;Yes;No;-;995000;995000;-1;-1;-1;-1;-1;-1;-1;-1;-1;-1;-1;-1;-1;-1;-1;-1;-1;-1;-1;-1;-1;-1;-1;-1;-1;-1;-1
5638;25;No;No;Yes;No;-;995000;995000;-1;-1;-1;-1;-1;-1;-1;-1;-1;-1;-1;-1;-1;-1;-1;-1;-1;-1;-1;-1;-1;-1;-1;-1;-1;-1;-1
5639;18;No;No;No;Yes;-;995000;995000;995000;-1;-1;-1;-1;-1;-1;-1;-1;-1;-1;-1;-1;-1;-1;-1;-1;-1;-1;-1;-1;-1;-1;-1;-1;-1;-1
5641;20;No;No;No;No;-;995000;995000;-1;-1;-1;-1;-1;-1;-1;-1;-1;-1;-1;-1;-1;-1;-1;-1;-1;-1;-1;-1;-1;-1;-1;-1;-1;-1;-1
5644;20;No;No;No;No;-;995000;995000;-1;-1;-1;-1;-1;-1;-1;-1;-1;-1;-1;-1;-1;-1;-1;-1;-1;-1;-1;-1;-1;-1;-1;-1;-1;-1;-1
5645;14;No;No;No;No;-;995000;995000;995000;-1;-1;-1;-1;-1;-1;-1;-1;-1;-1;-1;-1;-1;-1;-1;-1;-1;-1;-1;-1;-1;-1;-1;-1;-1;-1
5646;27;No;No;Yes;No;-;995000;995000;-1;-1;-1;-1;-1;-1;-1;-1;-1;-1;-1;-1;-1;-1;-1;-1;-1;-1;-1;-1;-1;-1;-1;-1;-1;-1;-1
5647;12;No;No;Yes;No;-;990000;990000;-1;-1;-1;-1;-1;-1;-1;-1;-1;-1;-1;-1;-1;-1;-1;-1;-1;-1;-1;-1;-1;-1;-1;-1;-1;-1;-1
5651;3;No;No;Yes;No;-;990000;990000;-1;-1;-1;-1;-1;-1;-1;-1;-1;-1;-1;-1;-1;-1;-1;-1;-1;-1;-1;-1;-1;-1;-1;-1;-1;-1;-1
5652;24;No;No;Yes;No;-;995000;995000;995000;-1;-1;-1;-1;-1;-1;-1;-1;-1;-1;-1;-1;-1;-1;-1;-1;-1;-1;-1;-1;-1;-1;-1;-1;-1;-1
5653;9;No;No;Yes;No;-;990000;990000;-1;-1;-1;-1;-1;-1;-1;-1;-1;-1;-1;-1;-1;-1;-1;-1;-1;-1;-1;-1;-1;-1;-1;-1;-1;-1;-1
5654;2;No;No;Yes;No;-;995000;995000;-1;-1;-1;-1;-1;-1;-1;-1;-1;-1;-1;-1;-1;-1;-1;-1;-1;-1;-1;-1;-1;-1;-1;-1;-1;-1;-1
5656;20;No;No;Yes;No;-;990000;990000;-1;-1;-1;-1;-1;-1;-1;-1;-1;-1;-1;-1;-1;-1;-1;-1;-1;-1;-1;-1;-1;-1;-1;-1;-1;-1;-1
5659;23;No;No;No;No;-;995000;995000;-1;-1;-1;-1;-1;-1;-1;-1;-1;-1;-1;-1;-1;-1;-1;-1;-1;-1;-1;-1;-1;-1;-1;-1;-1;-1;-1
5661;26;No;No;Yes;No;-;990000;990000;990000;-1;-1;-1;-1;-1;-1;-1;-1;-1;-1;-1;-1;-1;-1;-1;-1;-1;-1;-1;-1;-1;-1;-1;-1;-1;-1
5664;26;No;No;Yes;No;-;990000;990000;-1;-1;-1;-1;-1;-1;-1;-1;-1;-1;-1;-1;-1;-1;-1;-1;-1;-1;-1;-1;-1;-1;-1;-1;-1;-1;-1
5665;152;No;No;No;No;-;995000;995000;-1;-1;-1;-1;-1;-1;-1;-1;-1;-1;-1;-1;-1;-1;-1;-1;-1;-1;-1;-1;-1;-1;-1;-1;-1;-1;-1
5668;152;No;No;No;No;-;995000;995000;-1;-1;-1;-1;-1;-1;-1;-1;-1;-1;-1;-1;-1;-1;-1;-1;-1;-1;-1;-1;-1;-1;-1;-1;-1;-1;-1
5669;24;No;No;Yes;No;-;995000;995000;-1;-1;-1;-1;-1;-1;-1;-1;-1;-1;-1;-1;-1;-1;-1;-1;-1;-1;-1;-1;-1;-1;-1;-1;-1;-1;-1
5671;21;No;No;No;No;-;995000;995000;-1;-1;-1;-1;-1;-1;-1;-1;-1;-1;-1;-1;-1;-1;-1;-1;-1;-1;-1;-1;-1;-1;-1;-1;-1;-1;-1
5672;21;No;No;Yes;No;-;995000;995000;-1;-1;-1;-1;-1;-1;-1;-1;-1;-1;-1;-1;-1;-1;-1;-1;-1;-1;-1;-1;-1;-1;-1;-1;-1;-1;-1
5674;12;No;No;Yes;No;-;995000;995000;-1;-1;-1;-1;-1;-1;-1;-1;-1;-1;-1;-1;-1;-1;-1;-1;-1;-1;-1;-1;-1;-1;-1;-1;-1;-1;-1
5677;14;No;No;No;No;-;995000;995000;-1;-1;-1;-1;-1;-1;-1;-1;-1;-1;-1;-1;-1;-1;-1;-1;-1;-1;-1;-1;-1;-1;-1;-1;-1;-1;-1
5682;8;No;No;No;Yes;-;990000;990000;-1;-1;-1;-1;-1;-1;-1;-1;-1;-1;-1;-1;-1;-1;-1;-1;-1;-1;-1;-1;-1;-1;-1;-1;-1;-1;-1
5683;19;No;No;No;Yes;-;1000000;1000000;1000000;-1;-1;-1;-1;-1;-1;-1;-1;-1;-1;-1;-1;-1;-1;-1;-1;-1;-1;-1;-1;-1;-1;-1;-1;-1;-1
5684;124;No;No;Yes;No;-;995000;995000;995000;-1;-1;-1;-1;-1;-1;-1;-1;-1;-1;-1;-1;-1;-1;-1;-1;-1;-1;-1;-1;-1;-1;-1;-1;-1;-1
5686;21;No;No;Yes;No;-;995000;995000;-1;-1;-1;-1;-1;-1;-1;-1;-1;-1;-1;-1;-1;-1;-1;-1;-1;-1;-1;-1;-1;-1;-1;-1;-1;-1;-1
5687;30;No;No;Yes;No;-;995000;995000;-1;-1;-1;-1;-1;-1;-1;-1;-1;-1;-1;-1;-1;-1;-1;-1;-1;-1;-1;-1;-1;-1;-1;-1;-1;-1;-1
5688;10;No;No;No;No;-;995000;995000;-1;-1;-1;-1;-1;-1;-1;-1;-1;-1;-1;-1;-1;-1;-1;-1;-1;-1;-1;-1;-1;-1;-1;-1;-1;-1;-1
5689;14;No;No;No;No;-;995000;995000;-1;-1;-1;-1;-1;-1;-1;-1;-1;-1;-1;-1;-1;-1;-1;-1;-1;-1;-1;-1;-1;-1;-1;-1;-1;-1;-1
5694;154;No;No;Yes;No;-;990000;990000;-1;-1;-1;-1;-1;-1;-1;-1;-1;-1;-1;-1;-1;-1;-1;-1;-1;-1;-1;-1;-1;-1;-1;-1;-1;-1;-1
5697;1;No;No;Yes;No;-;995000;995000;-1;-1;-1;-1;-1;-1;-1;-1;-1;-1;-1;-1;-1;-1;-1;-1;-1;-1;-1;-1;-1;-1;-1;-1;-1;-1;-1
5699;12;No;No;Yes;No;-;995000;995000;-1;-1;-1;-1;-1;-1;-1;-1;-1;-1;-1;-1;-1;-1;-1;-1;-1;-1;-1;-1;-1;-1;-1;-1;-1;-1;-1
5701;12;No;No;Yes;No;-;995000;995000;-1;-1;-1;-1;-1;-1;-1;-1;-1;-1;-1;-1;-1;-1;-1;-1;-1;-1;-1;-1;-1;-1;-1;-1;-1;-1;-1
5702;3;No;No;Yes;No;-;990000;990000;-1;-1;-1;-1;-1;-1;-1;-1;-1;-1;-1;-1;-1;-1;-1;-1;-1;-1;-1;-1;-1;-1;-1;-1;-1;-1;-1
5703;31;No;No;Yes;No;-;995000;995000;-1;-1;-1;-1;-1;-1;-1;-1;-1;-1;-1;-1;-1;-1;-1;-1;-1;-1;-1;-1;-1;-1;-1;-1;-1;-1;-1
5704;8;No;No;Yes;No;-;995000;995000;-1;-1;-1;-1;-1;-1;-1;-1;-1;-1;-1;-1;-1;-1;-1;-1;-1;-1;-1;-1;-1;-1;-1;-1;-1;-1;-1
5705;10;No;No;Yes;No;-;995000;995000;-1;-1;-1;-1;-1;-1;-1;-1;-1;-1;-1;-1;-1;-1;-1;-1;-1;-1;-1;-1;-1;-1;-1;-1;-1;-1;-1
5710;152;No;No;No;No;-;995000;995000;-1;-1;-1;-1;-1;-1;-1;-1;-1;-1;-1;-1;-1;-1;-1;-1;-1;-1;-1;-1;-1;-1;-1;-1;-1;-1;-1
5711;23;No;No;Yes;No;-;995000;995000;-1;-1;-1;-1;-1;-1;-1;-1;-1;-1;-1;-1;-1;-1;-1;-1;-1;-1;-1;-1;-1;-1;-1;-1;-1;-1;-1
5713;25;No;No;Yes;No;-;995000;995000;-1;-1;-1;-1;-1;-1;-1;-1;-1;-1;-1;-1;-1;-1;-1;-1;-1;-1;-1;-1;-1;-1;-1;-1;-1;-1;-1
5714;19;No;No;No;No;-;995000;995000;-1;-1;-1;-1;-1;-1;-1;-1;-1;-1;-1;-1;-1;-1;-1;-1;-1;-1;-1;-1;-1;-1;-1;-1;-1;-1;-1
5716;1;No;No;Yes;No;-;995000;995000;995000;-1;-1;-1;-1;-1;-1;-1;-1;-1;-1;-1;-1;-1;-1;-1;-1;-1;-1;-1;-1;-1;-1;-1;-1;-1;-1
5718;152;No;No;No;No;-;995000;995000;-1;-1;-1;-1;-1;-1;-1;-1;-1;-1;-1;-1;-1;-1;-1;-1;-1;-1;-1;-1;-1;-1;-1;-1;-1;-1;-1
5719;18;No;No;Yes;No;-;995000;995000;-1;-1;-1;-1;-1;-1;-1;-1;-1;-1;-1;-1;-1;-1;-1;-1;-1;-1;-1;-1;-1;-1;-1;-1;-1;-1;-1
5720;26;No;No;Yes;No;-;995000;995000;-1;-1;-1;-1;-1;-1;-1;-1;-1;-1;-1;-1;-1;-1;-1;-1;-1;-1;-1;-1;-1;-1;-1;-1;-1;-1;-1
5724;3;No;No;Yes;No;-;995000;995000;-1;-1;-1;-1;-1;-1;-1;-1;-1;-1;-1;-1;-1;-1;-1;-1;-1;-1;-1;-1;-1;-1;-1;-1;-1;-1;-1
5726;12;No;No;Yes;No;-;990000;990000;-1;-1;-1;-1;-1;-1;-1;-1;-1;-1;-1;-1;-1;-1;-1;-1;-1;-1;-1;-1;-1;-1;-1;-1;-1;-1;-1
5727;21;No;No;No;No;-;995000;995000;-1;-1;-1;-1;-1;-1;-1;-1;-1;-1;-1;-1;-1;-1;-1;-1;-1;-1;-1;-1;-1;-1;-1;-1;-1;-1;-1
5729;2;No;No;Yes;No;-;995000;995000;-1;-1;-1;-1;-1;-1;-1;-1;-1;-1;-1;-1;-1;-1;-1;-1;-1;-1;-1;-1;-1;-1;-1;-1;-1;-1;-1
5730;2;No;No;No;No;-;1740000;1740000;1740000;1740000;-1;-1;-1;-1;-1;-1;-1;-1;-1;-1;-1;-1;-1;-1;-1;-1;-1;-1;-1;-1;-1;-1;-1;-1;-1
5731;123;No;No;No;No;-;53000;53000;-1;-1;-1;-1;-1;-1;-1;-1;-1;-1;-1;-1;-1;53000;-1;-1;-1;-1;-1;-1;-1;-1;-1;-1;-1;-1;-1
5733;23;No;No;No;No;-;995000;995000;-1;-1;-1;-1;-1;-1;-1;-1;-1;-1;-1;-1;-1;-1;-1;-1;-1;-1;-1;-1;-1;-1;-1;-1;-1;-1;-1
5735;0;No;No;Yes;No;-;990000;990000;-1;-1;-1;-1;-1;-1;-1;-1;-1;-1;-1;-1;-1;-1;-1;-1;-1;-1;-1;-1;-1;-1;-1;-1;-1;-1;-1
5736;25;No;No;No;Yes;-;5250000;5250000;5250000;5250000;5250000;5250000;-1;-1;-1;-1;-1;-1;-1;-1;-1;-1;-1;-1;-1;-1;-1;-1;-1;-1;-1;-1;-1;-1;-1
5737;18;No;No;Yes;No;-;995000;995000;-1;-1;-1;-1;-1;-1;-1;-1;-1;-1;-1;-1;-1;-1;-1;-1;-1;-1;-1;-1;-1;-1;-1;-1;-1;-1;-1
5738;152;No;No;No;No;-;995000;995000;-1;-1;-1;-1;-1;-1;-1;-1;-1;-1;-1;-1;-1;-1;-1;-1;-1;-1;-1;-1;-1;-1;-1;-1;-1;-1;-1
5740;0;No;No;Yes;No;-;990000;990000;-1;-1;-1;-1;-1;-1;-1;-1;-1;-1;-1;-1;-1;-1;-1;-1;-1;-1;-1;-1;-1;-1;-1;-1;-1;-1;-1
5741;1;No;No;Yes;No;-;990000;990000;-1;-1;-1;-1;-1;-1;-1;-1;-1;-1;-1;-1;-1;-1;-1;-1;-1;-1;-1;-1;-1;-1;-1;-1;-1;-1;-1
5744;8;No;No;Yes;No;-;995000;995000;-1;-1;-1;-1;-1;-1;-1;-1;-1;-1;-1;-1;-1;-1;-1;-1;-1;-1;-1;-1;-1;-1;-1;-1;-1;-1;-1
5746;31;No;No;Yes;No;-;995000;995000;995000;-1;-1;-1;-1;-1;-1;-1;-1;-1;-1;-1;-1;-1;-1;-1;-1;-1;-1;-1;-1;-1;-1;-1;-1;-1;-1
5747;23;No;No;No;No;-;995000;995000;-1;-1;-1;-1;-1;-1;-1;-1;-1;-1;-1;-1;-1;-1;-1;-1;-1;-1;-1;-1;-1;-1;-1;-1;-1;-1;-1
5748;28;No;No;Yes;No;-;995000;995000;995000;-1;-1;-1;-1;-1;-1;-1;-1;-1;-1;-1;-1;-1;-1;-1;-1;-1;-1;-1;-1;-1;-1;-1;-1;-1;-1
5749;12;No;No;Yes;No;-;995000;995000;-1;-1;-1;-1;-1;-1;-1;-1;-1;-1;-1;-1;-1;-1;-1;-1;-1;-1;-1;-1;-1;-1;-1;-1;-1;-1;-1
5750;23;No;No;No;No;-;995000;995000;-1;-1;-1;-1;-1;-1;-1;-1;-1;-1;-1;-1;-1;-1;-1;-1;-1;-1;-1;-1;-1;-1;-1;-1;-1;-1;-1
5751;30;No;No;Yes;No;-;995000;995000;995000;-1;-1;-1;-1;-1;-1;-1;-1;-1;-1;-1;-1;-1;-1;-1;-1;-1;-1;-1;-1;-1;-1;-1;-1;-1;-1
5753;1;No;No;Yes;No;-;995000;995000;995000;-1;-1;-1;-1;-1;-1;-1;-1;-1;-1;-1;-1;-1;-1;-1;-1;-1;-1;-1;-1;-1;-1;-1;-1;-1;-1
5754;23;No;No;No;No;-;995000;995000;-1;-1;-1;-1;-1;-1;-1;-1;-1;-1;-1;-1;-1;-1;-1;-1;-1;-1;-1;-1;-1;-1;-1;-1;-1;-1;-1
5755;152;No;No;No;No;-;995000;995000;-1;-1;-1;-1;-1;-1;-1;-1;-1;-1;-1;-1;-1;-1;-1;-1;-1;-1;-1;-1;-1;-1;-1;-1;-1;-1;-1
5756;31;No;No;Yes;No;-;995000;995000;-1;-1;-1;-1;-1;-1;-1;-1;-1;-1;-1;-1;-1;-1;-1;-1;-1;-1;-1;-1;-1;-1;-1;-1;-1;-1;-1
5758;14;No;No;No;No;-;995000;995000;-1;-1;-1;-1;-1;-1;-1;-1;-1;-1;-1;-1;-1;-1;-1;-1;-1;-1;-1;-1;-1;-1;-1;-1;-1;-1;-1
5761;17;No;No;Yes;No;-;995000;995000;995000;-1;-1;-1;-1;-1;-1;-1;-1;-1;-1;-1;-1;-1;-1;-1;-1;-1;-1;-1;-1;-1;-1;-1;-1;-1;-1
5763;27;No;No;Yes;No;-;995000;995000;-1;-1;-1;-1;-1;-1;-1;-1;-1;-1;-1;-1;-1;-1;-1;-1;-1;-1;-1;-1;-1;-1;-1;-1;-1;-1;-1
5764;124;No;No;No;No;-;995000;995000;-1;-1;-1;-1;-1;-1;-1;-1;-1;-1;-1;-1;-1;-1;-1;-1;-1;-1;-1;-1;-1;-1;-1;-1;-1;-1;-1
5765;20;No;No;Yes;No;-;990000;990000;-1;-1;-1;-1;-1;-1;-1;-1;-1;-1;-1;-1;-1;-1;-1;-1;-1;-1;-1;-1;-1;-1;-1;-1;-1;-1;-1
5767;12;No;No;Yes;No;-;990000;990000;-1;-1;-1;-1;-1;-1;-1;-1;-1;-1;-1;-1;-1;-1;-1;-1;-1;-1;-1;-1;-1;-1;-1;-1;-1;-1;-1
5768;25;No;No;Yes;No;-;995000;995000;-1;-1;-1;-1;-1;-1;-1;-1;-1;-1;-1;-1;-1;-1;-1;-1;-1;-1;-1;-1;-1;-1;-1;-1;-1;-1;-1
5769;1;No;No;Yes;No;-;995000;995000;-1;-1;-1;-1;-1;-1;-1;-1;-1;-1;-1;-1;-1;-1;-1;-1;-1;-1;-1;-1;-1;-1;-1;-1;-1;-1;-1
5772;31;No;No;Yes;No;-;990000;990000;-1;-1;-1;-1;-1;-1;-1;-1;-1;-1;-1;-1;-1;-1;-1;-1;-1;-1;-1;-1;-1;-1;-1;-1;-1;-1;-1
5773;21;No;No;No;Yes;-;2550000;2550000;2550000;-1;-1;-1;-1;-1;-1;-1;-1;-1;-1;-1;-1;-1;-1;-1;-1;-1;-1;-1;-1;-1;-1;-1;-1;-1;-1
5774;17;No;No;Yes;No;-;995000;995000;-1;-1;-1;-1;-1;-1;-1;-1;-1;-1;-1;-1;-1;-1;-1;-1;-1;-1;-1;-1;-1;-1;-1;-1;-1;-1;-1
5775;23;No;No;Yes;No;-;1000000;1000000;1000000;-1;-1;-1;-1;-1;-1;-1;-1;-1;-1;-1;-1;-1;-1;-1;-1;-1;-1;-1;-1;-1;-1;-1;-1;-1;-1
5778;152;No;No;No;No;-;995000;995000;-1;-1;-1;-1;-1;-1;-1;-1;-1;-1;-1;-1;-1;-1;-1;-1;-1;-1;-1;-1;-1;-1;-1;-1;-1;-1;-1
5779;27;No;No;Yes;No;-;995000;995000;-1;-1;-1;-1;-1;-1;-1;-1;-1;-1;-1;-1;-1;-1;-1;-1;-1;-1;-1;-1;-1;-1;-1;-1;-1;-1;-1
5780;0;No;No;Yes;No;-;995000;995000;-1;-1;-1;-1;-1;-1;-1;-1;-1;-1;-1;-1;-1;-1;-1;-1;-1;-1;-1;-1;-1;-1;-1;-1;-1;-1;-1
5784;17;No;No;Yes;No;-;995000;995000;-1;-1;-1;-1;-1;-1;-1;-1;-1;-1;-1;-1;-1;-1;-1;-1;-1;-1;-1;-1;-1;-1;-1;-1;-1;-1;-1
5785;25;No;No;Yes;No;-;995000;995000;-1;-1;-1;-1;-1;-1;-1;-1;-1;-1;-1;-1;-1;-1;-1;-1;-1;-1;-1;-1;-1;-1;-1;-1;-1;-1;-1
5786;27;No;No;Yes;No;-;995000;995000;-1;-1;-1;-1;-1;-1;-1;-1;-1;-1;-1;-1;-1;-1;-1;-1;-1;-1;-1;-1;-1;-1;-1;-1;-1;-1;-1
5788;18;No;No;No;Yes;-;995000;995000;995000;-1;-1;-1;-1;-1;-1;-1;-1;-1;-1;-1;-1;-1;-1;-1;-1;-1;-1;-1;-1;-1;-1;-1;-1;-1;-1
5789;29;No;No;Yes;No;-;995000;995000;-1;-1;-1;-1;-1;-1;-1;-1;-1;-1;-1;-1;-1;-1;-1;-1;-1;-1;-1;-1;-1;-1;-1;-1;-1;-1;-1
5790;12;No;No;Yes;No;-;990000;990000;-1;-1;-1;-1;-1;-1;-1;-1;-1;-1;-1;-1;-1;-1;-1;-1;-1;-1;-1;-1;-1;-1;-1;-1;-1;-1;-1
5792;3;No;No;Yes;No;-;995000;995000;-1;-1;-1;-1;-1;-1;-1;-1;-1;-1;-1;-1;-1;-1;-1;-1;-1;-1;-1;-1;-1;-1;-1;-1;-1;-1;-1
5796;19;No;No;Yes;No;-;995000;995000;-1;-1;-1;-1;-1;-1;-1;-1;-1;-1;-1;-1;-1;-1;-1;-1;-1;-1;-1;-1;-1;-1;-1;-1;-1;-1;-1
5798;9;No;No;Yes;No;-;995000;995000;-1;-1;-1;-1;-1;-1;-1;-1;-1;-1;-1;-1;-1;-1;-1;-1;-1;-1;-1;-1;-1;-1;-1;-1;-1;-1;-1
5801;7;No;No;Yes;No;-;995000;995000;995000;-1;-1;-1;-1;-1;-1;-1;-1;-1;-1;-1;-1;-1;-1;-1;-1;-1;-1;-1;-1;-1;-1;-1;-1;-1;-1
5802;116;No;No;No;No;-;1000;1000;-1;-1;-1;-1;-1;-1;-1;-1;-1;-1;-1;-1;-1;1000;-1;-1;-1;-1;-1;-1;-1;-1;-1;-1;-1;-1;-1
5803;29;No;No;Yes;No;-;995000;995000;-1;-1;-1;-1;-1;-1;-1;-1;-1;-1;-1;-1;-1;-1;-1;-1;-1;-1;-1;-1;-1;-1;-1;-1;-1;-1;-1
5805;152;No;No;No;No;-;995000;995000;-1;-1;-1;-1;-1;-1;-1;-1;-1;-1;-1;-1;-1;-1;-1;-1;-1;-1;-1;-1;-1;-1;-1;-1;-1;-1;-1
5807;47;No;No;No;No;-;42500;42500;-1;-1;-1;-1;-1;-1;-1;-1;-1;-1;-1;-1;-1;5922;-1;-1;-1;-1;-1;-1;-1;-1;-1;-1;-1;-1;-1
5809;12;No;No;No;No;-;995000;995000;-1;-1;-1;-1;-1;-1;-1;-1;-1;-1;-1;-1;-1;-1;-1;-1;-1;-1;-1;-1;-1;-1;-1;-1;-1;-1;-1
5810;124;No;No;Yes;No;-;990000;990000;990000;-1;-1;-1;-1;-1;-1;-1;-1;-1;-1;-1;-1;-1;-1;-1;-1;-1;-1;-1;-1;-1;-1;-1;-1;-1;-1
5811;23;No;No;Yes;No;-;894000;990000;990000;-1;-1;-1;-1;-1;-1;-1;-1;-1;-1;-1;-1;-1;-1;-1;-1;-1;-1;-1;-1;-1;-1;-1;-1;-1;-1
5814;152;No;No;No;No;-;995000;995000;-1;-1;-1;-1;-1;-1;-1;-1;-1;-1;-1;-1;-1;-1;-1;-1;-1;-1;-1;-1;-1;-1;-1;-1;-1;-1;-1
5815;155;No;No;No;No;-;1000000;1000000;-1;-1;-1;-1;-1;-1;-1;-1;-1;-1;-1;-1;-1;-1;-1;-1;-1;-1;-1;-1;-1;-1;-1;-1;-1;-1;-1
5819;31;No;No;Yes;No;-;995000;995000;995000;-1;-1;-1;-1;-1;-1;-1;-1;-1;-1;-1;-1;-1;-1;-1;-1;-1;-1;-1;-1;-1;-1;-1;-1;-1;-1
5820;21;No;No;Yes;No;-;995000;995000;-1;-1;-1;-1;-1;-1;-1;-1;-1;-1;-1;-1;-1;-1;-1;-1;-1;-1;-1;-1;-1;-1;-1;-1;-1;-1;-1
5823;10;No;No;Yes;No;-;995000;995000;-1;-1;-1;-1;-1;-1;-1;-1;-1;-1;-1;-1;-1;-1;-1;-1;-1;-1;-1;-1;-1;-1;-1;-1;-1;-1;-1
5824;26;No;No;Yes;No;-;995000;995000;-1;-1;-1;-1;-1;-1;-1;-1;-1;-1;-1;-1;-1;-1;-1;-1;-1;-1;-1;-1;-1;-1;-1;-1;-1;-1;-1
5825;24;No;No;Yes;No;-;995000;995000;-1;-1;-1;-1;-1;-1;-1;-1;-1;-1;-1;-1;-1;-1;-1;-1;-1;-1;-1;-1;-1;-1;-1;-1;-1;-1;-1
5827;12;No;No;Yes;No;-;995000;995000;995000;-1;-1;-1;-1;-1;-1;-1;-1;-1;-1;-1;-1;-1;-1;-1;-1;-1;-1;-1;-1;-1;-1;-1;-1;-1;-1
5828;27;No;No;No;Yes;-;850000;850000;-1;-1;-1;-1;-1;-1;-1;-1;-1;-1;-1;-1;-1;-1;-1;-1;-1;-1;-1;-1;-1;-1;-1;-1;-1;-1;-1
5839;10;No;No;No;No;-;910000;910000;910000;-1;-1;-1;-1;-1;-1;-1;-1;-1;-1;-1;-1;-1;-1;-1;-1;-1;-1;-1;-1;-1;-1;-1;-1;-1;-1
5840;10;No;No;No;Yes;-;2680000;2680000;-1;-1;-1;-1;-1;-1;-1;-1;-1;-1;-1;-1;-1;-1;-1;-1;-1;-1;-1;-1;-1;-1;-1;-1;-1;-1;-1
5841;10;No;No;No;No;-;875000;875000;-1;-1;-1;-1;-1;-1;-1;-1;-1;-1;-1;-1;-1;-1;-1;-1;-1;-1;-1;-1;-1;-1;-1;-1;-1;-1;-1
5852;8;Yes;No;No;No;-;910000;910000;910000;910000;910000;910000;910000;-1;-1;-1;-1;-1;-1;-1;-1;-1;-1;-1;-1;-1;-1;-1;-1;-1;-1;-1;-1;-1;-1
5857;0;No;No;No;No;-;3940000;3940000;-1;-1;-1;-1;-1;-1;-1;-1;-1;-1;-1;-1;-1;-1;-1;-1;-1;-1;-1;-1;-1;-1;-1;-1;-1;-1;-1
5858;8;No;No;No;Yes;-;6750000;6750000;6750000;6750000;6750000;6750000;-1;-1;-1;-1;-1;-1;-1;-1;-1;-1;-1;-1;-1;-1;-1;-1;-1;-1;-1;-1;-1;-1;-1
5859;2;No;No;No;Yes;-;9700000;9700000;9700000;9700000;-1;-1;-1;-1;-1;-1;-1;-1;-1;-1;-1;-1;-1;-1;-1;-1;-1;-1;-1;-1;-1;-1;-1;-1;-1
5860;28;No;No;No;No;-;8750000;8750000;-1;-1;-1;-1;-1;-1;-1;-1;-1;-1;-1;-1;-1;-1;-1;-1;-1;-1;-1;-1;-1;-1;-1;-1;-1;-1;-1
5861;7;No;No;No;Yes;-;7460000;7460000;7460000;7460000;7460000;-1;-1;-1;-1;-1;-1;-1;-1;-1;-1;-1;-1;-1;-1;-1;-1;-1;-1;-1;-1;-1;-1;-1;-1
5862;21;No;No;No;No;-;6330000;6330000;-1;-1;-1;-1;-1;-1;-1;-1;-1;-1;-1;-1;-1;-1;-1;-1;-1;-1;-1;-1;-1;-1;-1;-1;-1;-1;-1
5863;0;No;No;No;Yes;-;6880000;6880000;6880000;6880000;-1;-1;-1;-1;-1;-1;-1;-1;-1;-1;-1;-1;-1;-1;-1;-1;-1;-1;-1;-1;-1;-1;-1;-1;-1
5864;26;No;No;No;No;-;3250000;3250000;3250000;-1;-1;-1;-1;-1;-1;-1;-1;-1;-1;-1;-1;-1;-1;-1;-1;-1;-1;-1;-1;-1;-1;-1;-1;-1;-1
5865;7;No;No;No;No;-;7280000;7280000;7280000;-1;-1;-1;-1;-1;-1;-1;-1;-1;-1;-1;-1;-1;-1;-1;-1;-1;-1;-1;-1;-1;-1;-1;-1;-1;-1
5866;3;No;No;No;Yes;-;4110000;4110000;4110000;4110000;-1;-1;-1;-1;-1;-1;-1;-1;-1;-1;-1;-1;-1;-1;-1;-1;-1;-1;-1;-1;-1;-1;-1;-1;-1
5867;3;No;No;No;No;-;4240000;4240000;4240000;-1;-1;-1;-1;-1;-1;-1;-1;-1;-1;-1;-1;-1;-1;-1;-1;-1;-1;-1;-1;-1;-1;-1;-1;-1;-1
5868;23;No;No;No;Yes;-;5500000;5500000;5500000;5500000;-1;-1;-1;-1;-1;-1;-1;-1;-1;-1;-1;-1;-1;-1;-1;-1;-1;-1;-1;-1;-1;-1;-1;-1;-1
5869;29;No;No;No;No;-;3000000;3000000;3000000;-1;-1;-1;-1;-1;-1;-1;-1;-1;-1;-1;-1;-1;-1;-1;-1;-1;-1;-1;-1;-1;-1;-1;-1;-1;-1
5870;23;No;No;No;Yes;-;4800000;4800000;4800000;4800000;-1;-1;-1;-1;-1;-1;-1;-1;-1;-1;-1;-1;-1;-1;-1;-1;-1;-1;-1;-1;-1;-1;-1;-1;-1
5871;21;No;No;No;Yes;-;4650000;4650000;4650000;4650000;-1;-1;-1;-1;-1;-1;-1;-1;-1;-1;-1;-1;-1;-1;-1;-1;-1;-1;-1;-1;-1;-1;-1;-1;-1
5872;17;No;No;No;Yes;-;3350000;3350000;3350000;3350000;3350000;-1;-1;-1;-1;-1;-1;-1;-1;-1;-1;-1;-1;-1;-1;-1;-1;-1;-1;-1;-1;-1;-1;-1;-1
5873;14;No;No;No;Yes;-;3309000;3309000;3309000;-1;-1;-1;-1;-1;-1;-1;-1;-1;-1;-1;-1;-1;-1;-1;-1;-1;-1;-1;-1;-1;-1;-1;-1;-1;-1
5874;10;No;No;No;No;-;1540000;1540000;-1;-1;-1;-1;-1;-1;-1;-1;-1;-1;-1;-1;-1;-1;-1;-1;-1;-1;-1;-1;-1;-1;-1;-1;-1;-1;-1
5876;20;No;No;No;Yes;-;12000000;12000000;12000000;12000000;12000000;-1;-1;-1;-1;-1;-1;-1;-1;-1;-1;-1;-1;-1;-1;-1;-1;-1;-1;-1;-1;-1;-1;-1;-1
5877;17;No;No;No;Yes;-;4250000;4250000;4250000;4250000;-1;-1;-1;-1;-1;-1;-1;-1;-1;-1;-1;-1;-1;-1;-1;-1;-1;-1;-1;-1;-1;-1;-1;-1;-1
5878;7;No;No;No;No;-;3800000;3800000;3800000;-1;-1;-1;-1;-1;-1;-1;-1;-1;-1;-1;-1;-1;-1;-1;-1;-1;-1;-1;-1;-1;-1;-1;-1;-1;-1
5879;152;No;No;No;No;-;2790000;2790000;2790000;-1;-1;-1;-1;-1;-1;-1;-1;-1;-1;-1;-1;-1;-1;-1;-1;-1;-1;-1;-1;-1;-1;-1;-1;-1;-1
5880;12;No;No;No;No;-;1520000;1520000;1520000;-1;-1;-1;-1;-1;-1;-1;-1;-1;-1;-1;-1;-1;-1;-1;-1;-1;-1;-1;-1;-1;-1;-1;-1;-1;-1
5881;26;No;No;No;Yes;-;3720000;3720000;3720000;3720000;3720000;-1;-1;-1;-1;-1;-1;-1;-1;-1;-1;-1;-1;-1;-1;-1;-1;-1;-1;-1;-1;-1;-1;-1;-1
5882;21;No;No;No;Yes;-;2500000;2500000;2500000;2500000;-1;-1;-1;-1;-1;-1;-1;-1;-1;-1;-1;-1;-1;-1;-1;-1;-1;-1;-1;-1;-1;-1;-1;-1;-1
5883;1;No;No;No;Yes;-;2490000;2490000;-1;-1;-1;-1;-1;-1;-1;-1;-1;-1;-1;-1;-1;-1;-1;-1;-1;-1;-1;-1;-1;-1;-1;-1;-1;-1;-1
5884;8;No;No;No;Yes;-;1500000;1500000;1500000;-1;-1;-1;-1;-1;-1;-1;-1;-1;-1;-1;-1;-1;-1;-1;-1;-1;-1;-1;-1;-1;-1;-1;-1;-1;-1
5885;0;No;No;No;Yes;-;3960000;3960000;3960000;3960000;-1;-1;-1;-1;-1;-1;-1;-1;-1;-1;-1;-1;-1;-1;-1;-1;-1;-1;-1;-1;-1;-1;-1;-1;-1
5887;21;No;No;No;No;-;1530000;1530000;-1;-1;-1;-1;-1;-1;-1;-1;-1;-1;-1;-1;-1;-1;-1;-1;-1;-1;-1;-1;-1;-1;-1;-1;-1;-1;-1
5888;31;No;No;No;No;-;997500;997500;-1;-1;-1;-1;-1;-1;-1;-1;-1;-1;-1;-1;-1;-1;-1;-1;-1;-1;-1;-1;-1;-1;-1;-1;-1;-1;-1
5889;12;No;No;No;Yes;-;2540000;2540000;2540000;-1;-1;-1;-1;-1;-1;-1;-1;-1;-1;-1;-1;-1;-1;-1;-1;-1;-1;-1;-1;-1;-1;-1;-1;-1;-1
5890;1;No;No;No;Yes;-;1600000;1600000;1600000;-1;-1;-1;-1;-1;-1;-1;-1;-1;-1;-1;-1;-1;-1;-1;-1;-1;-1;-1;-1;-1;-1;-1;-1;-1;-1
5891;12;No;No;No;No;-;5500000;5500000;5500000;-1;-1;-1;-1;-1;-1;-1;-1;-1;-1;-1;-1;-1;-1;-1;-1;-1;-1;-1;-1;-1;-1;-1;-1;-1;-1
5892;31;No;No;No;Yes;-;4400000;4400000;4400000;4400000;-1;-1;-1;-1;-1;-1;-1;-1;-1;-1;-1;-1;-1;-1;-1;-1;-1;-1;-1;-1;-1;-1;-1;-1;-1
5893;31;No;No;No;No;-;1530000;1530000;1530000;-1;-1;-1;-1;-1;-1;-1;-1;-1;-1;-1;-1;-1;-1;-1;-1;-1;-1;-1;-1;-1;-1;-1;-1;-1;-1
5894;9;No;No;No;No;-;1125000;1125000;1125000;-1;-1;-1;-1;-1;-1;-1;-1;-1;-1;-1;-1;-1;-1;-1;-1;-1;-1;-1;-1;-1;-1;-1;-1;-1;-1
5895;31;No;No;No;No;-;1020000;1020000;-1;-1;-1;-1;-1;-1;-1;-1;-1;-1;-1;-1;-1;-1;-1;-1;-1;-1;-1;-1;-1;-1;-1;-1;-1;-1;-1
5896;7;No;No;No;Yes;-;5050000;5050000;5050000;5050000;-1;-1;-1;-1;-1;-1;-1;-1;-1;-1;-1;-1;-1;-1;-1;-1;-1;-1;-1;-1;-1;-1;-1;-1;-1
5897;10;No;No;No;Yes;-;1530000;1530000;-1;-1;-1;-1;-1;-1;-1;-1;-1;-1;-1;-1;-1;-1;-1;-1;-1;-1;-1;-1;-1;-1;-1;-1;-1;-1;-1
5898;21;No;No;No;Yes;-;1530000;1530000;1530000;-1;-1;-1;-1;-1;-1;-1;-1;-1;-1;-1;-1;-1;-1;-1;-1;-1;-1;-1;-1;-1;-1;-1;-1;-1;-1
5899;10;No;Yes;No;Yes;-;9600000;9600000;9600000;9600000;-1;-1;-1;-1;-1;-1;-1;-1;-1;-1;-1;-1;-1;-1;-1;-1;-1;-1;-1;-1;-1;-1;-1;-1;-1
5900;3;No;No;No;Yes;-;2700000;2700000;-1;-1;-1;-1;-1;-1;-1;-1;-1;-1;-1;-1;-1;-1;-1;-1;-1;-1;-1;-1;-1;-1;-1;-1;-1;-1;-1
5901;152;No;No;No;Yes;-;3000000;3000000;3000000;3000000;-1;-1;-1;-1;-1;-1;-1;-1;-1;-1;-1;-1;-1;-1;-1;-1;-1;-1;-1;-1;-1;-1;-1;-1;-1
5902;152;No;No;No;No;-;1500000;1500000;-1;-1;-1;-1;-1;-1;-1;-1;-1;-1;-1;-1;-1;-1;-1;-1;-1;-1;-1;-1;-1;-1;-1;-1;-1;-1;-1
5904;23;No;No;No;No;-;1090000;1090000;1090000;-1;-1;-1;-1;-1;-1;-1;-1;-1;-1;-1;-1;-1;-1;-1;-1;-1;-1;-1;-1;-1;-1;-1;-1;-1;-1
5905;20;No;No;No;Yes;-;5250000;5250000;5250000;-1;-1;-1;-1;-1;-1;-1;-1;-1;-1;-1;-1;-1;-1;-1;-1;-1;-1;-1;-1;-1;-1;-1;-1;-1;-1
5907;152;No;No;No;Yes;-;2500000;2500000;2500000;-1;-1;-1;-1;-1;-1;-1;-1;-1;-1;-1;-1;-1;-1;-1;-1;-1;-1;-1;-1;-1;-1;-1;-1;-1;-1
5908;8;No;No;No;Yes;-;9200000;9200000;9200000;-1;-1;-1;-1;-1;-1;-1;-1;-1;-1;-1;-1;-1;-1;-1;-1;-1;-1;-1;-1;-1;-1;-1;-1;-1;-1
5909;19;No;No;No;Yes;-;1800000;1800000;-1;-1;-1;-1;-1;-1;-1;-1;-1;-1;-1;-1;-1;-1;-1;-1;-1;-1;-1;-1;-1;-1;-1;-1;-1;-1;-1
5911;1;No;No;No;No;-;1000000;1000000;-1;-1;-1;-1;-1;-1;-1;-1;-1;-1;-1;-1;-1;-1;-1;-1;-1;-1;-1;-1;-1;-1;-1;-1;-1;-1;-1
5912;25;No;No;No;No;-;3290000;3290000;3290000;-1;-1;-1;-1;-1;-1;-1;-1;-1;-1;-1;-1;-1;-1;-1;-1;-1;-1;-1;-1;-1;-1;-1;-1;-1;-1
5913;23;No;No;No;No;-;1520000;1520000;1520000;-1;-1;-1;-1;-1;-1;-1;-1;-1;-1;-1;-1;-1;-1;-1;-1;-1;-1;-1;-1;-1;-1;-1;-1;-1;-1
5914;18;No;No;No;Yes;-;850000;850000;-1;-1;-1;-1;-1;-1;-1;-1;-1;-1;-1;-1;-1;-1;-1;-1;-1;-1;-1;-1;-1;-1;-1;-1;-1;-1;-1
5915;23;No;No;No;No;-;1120000;1120000;1120000;-1;-1;-1;-1;-1;-1;-1;-1;-1;-1;-1;-1;-1;-1;-1;-1;-1;-1;-1;-1;-1;-1;-1;-1;-1;-1
5916;9;No;No;No;No;-;900000;900000;-1;-1;-1;-1;-1;-1;-1;-1;-1;-1;-1;-1;-1;-1;-1;-1;-1;-1;-1;-1;-1;-1;-1;-1;-1;-1;-1
5917;9;No;No;No;No;-;1460000;1460000;1460000;-1;-1;-1;-1;-1;-1;-1;-1;-1;-1;-1;-1;-1;-1;-1;-1;-1;-1;-1;-1;-1;-1;-1;-1;-1;-1
5922;31;No;No;No;No;-;1570000;1570000;-1;-1;-1;-1;-1;-1;-1;-1;-1;-1;-1;-1;-1;-1;-1;-1;-1;-1;-1;-1;-1;-1;-1;-1;-1;-1;-1
5923;20;No;No;No;Yes;-;855000;855000;855000;-1;-1;-1;-1;-1;-1;-1;-1;-1;-1;-1;-1;-1;-1;-1;-1;-1;-1;-1;-1;-1;-1;-1;-1;-1;-1
5924;18;No;No;No;Yes;-;850000;850000;850000;-1;-1;-1;-1;-1;-1;-1;-1;-1;-1;-1;-1;-1;-1;-1;-1;-1;-1;-1;-1;-1;-1;-1;-1;-1;-1
5926;3;No;No;Yes;No;-;1000000;1000000;1000000;-1;-1;-1;-1;-1;-1;-1;-1;-1;-1;-1;-1;-1;-1;-1;-1;-1;-1;-1;-1;-1;-1;-1;-1;-1;-1
5927;19;No;No;No;Yes;-;1000000;1000000;1000000;-1;-1;-1;-1;-1;-1;-1;-1;-1;-1;-1;-1;-1;-1;-1;-1;-1;-1;-1;-1;-1;-1;-1;-1;-1;-1
5929;1;No;No;No;Yes;-;1700000;1700000;-1;-1;-1;-1;-1;-1;-1;-1;-1;-1;-1;-1;-1;-1;-1;-1;-1;-1;-1;-1;-1;-1;-1;-1;-1;-1;-1
5930;23;No;No;No;No;-;1090000;1090000;1090000;-1;-1;-1;-1;-1;-1;-1;-1;-1;-1;-1;-1;-1;-1;-1;-1;-1;-1;-1;-1;-1;-1;-1;-1;-1;-1
5931;9;No;No;No;Yes;-;981000;981000;-1;-1;-1;-1;-1;-1;-1;-1;-1;-1;-1;-1;-1;-1;-1;-1;-1;-1;-1;-1;-1;-1;-1;-1;-1;-1;-1
5932;12;No;No;No;No;-;1000000;1000000;1000000;-1;-1;-1;-1;-1;-1;-1;-1;-1;-1;-1;-1;-1;-1;-1;-1;-1;-1;-1;-1;-1;-1;-1;-1;-1;-1
5933;124;No;No;No;Yes;-;2800000;2800000;2800000;-1;-1;-1;-1;-1;-1;-1;-1;-1;-1;-1;-1;-1;-1;-1;-1;-1;-1;-1;-1;-1;-1;-1;-1;-1;-1
5934;9;No;No;No;Yes;-;2000000;2000000;-1;-1;-1;-1;-1;-1;-1;-1;-1;-1;-1;-1;-1;-1;-1;-1;-1;-1;-1;-1;-1;-1;-1;-1;-1;-1;-1
5935;2;No;No;No;Yes;-;1750000;1750000;1750000;-1;-1;-1;-1;-1;-1;-1;-1;-1;-1;-1;-1;-1;-1;-1;-1;-1;-1;-1;-1;-1;-1;-1;-1;-1;-1
5936;3;No;No;No;No;-;1110000;1110000;1110000;-1;-1;-1;-1;-1;-1;-1;-1;-1;-1;-1;-1;-1;-1;-1;-1;-1;-1;-1;-1;-1;-1;-1;-1;-1;-1
5938;18;No;No;No;Yes;-;850000;850000;850000;-1;-1;-1;-1;-1;-1;-1;-1;-1;-1;-1;-1;-1;-1;-1;-1;-1;-1;-1;-1;-1;-1;-1;-1;-1;-1
5939;31;No;No;No;No;-;1089000;1089000;1089000;-1;-1;-1;-1;-1;-1;-1;-1;-1;-1;-1;-1;-1;-1;-1;-1;-1;-1;-1;-1;-1;-1;-1;-1;-1;-1
5942;18;No;No;No;Yes;-;850000;850000;850000;-1;-1;-1;-1;-1;-1;-1;-1;-1;-1;-1;-1;-1;-1;-1;-1;-1;-1;-1;-1;-1;-1;-1;-1;-1;-1
5943;20;No;No;No;No;-;1200000;1200000;-1;-1;-1;-1;-1;-1;-1;-1;-1;-1;-1;-1;-1;-1;-1;-1;-1;-1;-1;-1;-1;-1;-1;-1;-1;-1;-1
5944;23;No;No;No;No;-;1530000;1530000;1530000;-1;-1;-1;-1;-1;-1;-1;-1;-1;-1;-1;-1;-1;-1;-1;-1;-1;-1;-1;-1;-1;-1;-1;-1;-1;-1
5945;17;No;No;No;Yes;-;981000;981000;-1;-1;-1;-1;-1;-1;-1;-1;-1;-1;-1;-1;-1;-1;-1;-1;-1;-1;-1;-1;-1;-1;-1;-1;-1;-1;-1
5947;152;No;No;No;Yes;-;1125000;1125000;-1;-1;-1;-1;-1;-1;-1;-1;-1;-1;-1;-1;-1;-1;-1;-1;-1;-1;-1;-1;-1;-1;-1;-1;-1;-1;-1
5949;17;No;No;No;No;-;1090000;1090000;-1;-1;-1;-1;-1;-1;-1;-1;-1;-1;-1;-1;-1;-1;-1;-1;-1;-1;-1;-1;-1;-1;-1;-1;-1;-1;-1
5950;152;No;No;No;Yes;-;1100000;1100000;-1;-1;-1;-1;-1;-1;-1;-1;-1;-1;-1;-1;-1;-1;-1;-1;-1;-1;-1;-1;-1;-1;-1;-1;-1;-1;-1
5951;9;No;No;Yes;No;-;990000;990000;990000;-1;-1;-1;-1;-1;-1;-1;-1;-1;-1;-1;-1;-1;-1;-1;-1;-1;-1;-1;-1;-1;-1;-1;-1;-1;-1
5953;26;No;No;Yes;No;-;995000;995000;995000;-1;-1;-1;-1;-1;-1;-1;-1;-1;-1;-1;-1;-1;-1;-1;-1;-1;-1;-1;-1;-1;-1;-1;-1;-1;-1
5954;10;No;No;Yes;No;-;894000;990000;-1;-1;-1;-1;-1;-1;-1;-1;-1;-1;-1;-1;-1;-1;-1;-1;-1;-1;-1;-1;-1;-1;-1;-1;-1;-1;-1
5956;3;No;No;Yes;No;-;990000;990000;990000;-1;-1;-1;-1;-1;-1;-1;-1;-1;-1;-1;-1;-1;-1;-1;-1;-1;-1;-1;-1;-1;-1;-1;-1;-1;-1
5961;2;No;No;Yes;No;-;995000;995000;995000;-1;-1;-1;-1;-1;-1;-1;-1;-1;-1;-1;-1;-1;-1;-1;-1;-1;-1;-1;-1;-1;-1;-1;-1;-1;-1
5962;24;No;No;Yes;No;-;995000;995000;995000;-1;-1;-1;-1;-1;-1;-1;-1;-1;-1;-1;-1;-1;-1;-1;-1;-1;-1;-1;-1;-1;-1;-1;-1;-1;-1
5964;30;No;No;Yes;No;-;995000;995000;995000;-1;-1;-1;-1;-1;-1;-1;-1;-1;-1;-1;-1;-1;-1;-1;-1;-1;-1;-1;-1;-1;-1;-1;-1;-1;-1
5966;3;No;No;Yes;No;-;995000;995000;995000;-1;-1;-1;-1;-1;-1;-1;-1;-1;-1;-1;-1;-1;-1;-1;-1;-1;-1;-1;-1;-1;-1;-1;-1;-1;-1
5967;28;No;No;Yes;No;-;995000;995000;995000;-1;-1;-1;-1;-1;-1;-1;-1;-1;-1;-1;-1;-1;-1;-1;-1;-1;-1;-1;-1;-1;-1;-1;-1;-1;-1
5969;8;No;No;Yes;No;-;995000;995000;995000;-1;-1;-1;-1;-1;-1;-1;-1;-1;-1;-1;-1;-1;-1;-1;-1;-1;-1;-1;-1;-1;-1;-1;-1;-1;-1
5973;20;No;No;Yes;No;-;995000;995000;995000;-1;-1;-1;-1;-1;-1;-1;-1;-1;-1;-1;-1;-1;-1;-1;-1;-1;-1;-1;-1;-1;-1;-1;-1;-1;-1
5974;18;No;No;No;Yes;-;995000;995000;995000;-1;-1;-1;-1;-1;-1;-1;-1;-1;-1;-1;-1;-1;-1;-1;-1;-1;-1;-1;-1;-1;-1;-1;-1;-1;-1
5975;23;No;No;Yes;No;-;1000000;1000000;1000000;1000000;-1;-1;-1;-1;-1;-1;-1;-1;-1;-1;-1;-1;-1;-1;-1;-1;-1;-1;-1;-1;-1;-1;-1;-1;-1
5977;8;No;No;Yes;No;-;950000;950000;950000;-1;-1;-1;-1;-1;-1;-1;-1;-1;-1;-1;-1;-1;-1;-1;-1;-1;-1;-1;-1;-1;-1;-1;-1;-1;-1
5982;124;No;No;Yes;No;-;995000;995000;995000;-1;-1;-1;-1;-1;-1;-1;-1;-1;-1;-1;-1;-1;-1;-1;-1;-1;-1;-1;-1;-1;-1;-1;-1;-1;-1
5990;12;No;No;Yes;No;-;990000;990000;990000;-1;-1;-1;-1;-1;-1;-1;-1;-1;-1;-1;-1;-1;-1;-1;-1;-1;-1;-1;-1;-1;-1;-1;-1;-1;-1
5991;26;No;No;Yes;No;-;990000;990000;990000;-1;-1;-1;-1;-1;-1;-1;-1;-1;-1;-1;-1;-1;-1;-1;-1;-1;-1;-1;-1;-1;-1;-1;-1;-1;-1
5995;9;No;No;No;Yes;-;995000;995000;995000;-1;-1;-1;-1;-1;-1;-1;-1;-1;-1;-1;-1;-1;-1;-1;-1;-1;-1;-1;-1;-1;-1;-1;-1;-1;-1
5997;124;No;No;Yes;No;-;1000000;1000000;1000000;1000000;-1;-1;-1;-1;-1;-1;-1;-1;-1;-1;-1;-1;-1;-1;-1;-1;-1;-1;-1;-1;-1;-1;-1;-1;-1
6001;18;No;No;Yes;No;-;990000;990000;990000;-1;-1;-1;-1;-1;-1;-1;-1;-1;-1;-1;-1;-1;-1;-1;-1;-1;-1;-1;-1;-1;-1;-1;-1;-1;-1
6005;1;No;No;Yes;No;-;990000;990000;990000;-1;-1;-1;-1;-1;-1;-1;-1;-1;-1;-1;-1;-1;-1;-1;-1;-1;-1;-1;-1;-1;-1;-1;-1;-1;-1
6006;152;No;No;Yes;No;-;1000000;1000000;1000000;1000000;-1;-1;-1;-1;-1;-1;-1;-1;-1;-1;-1;-1;-1;-1;-1;-1;-1;-1;-1;-1;-1;-1;-1;-1;-1
6007;12;No;No;Yes;No;-;995000;995000;995000;-1;-1;-1;-1;-1;-1;-1;-1;-1;-1;-1;-1;-1;-1;-1;-1;-1;-1;-1;-1;-1;-1;-1;-1;-1;-1
6008;25;No;No;Yes;No;-;995000;995000;995000;-1;-1;-1;-1;-1;-1;-1;-1;-1;-1;-1;-1;-1;-1;-1;-1;-1;-1;-1;-1;-1;-1;-1;-1;-1;-1
6011;25;No;No;Yes;No;-;995000;995000;-1;-1;-1;-1;-1;-1;-1;-1;-1;-1;-1;-1;-1;-1;-1;-1;-1;-1;-1;-1;-1;-1;-1;-1;-1;-1;-1
6012;1;No;No;Yes;No;-;995000;995000;995000;-1;-1;-1;-1;-1;-1;-1;-1;-1;-1;-1;-1;-1;-1;-1;-1;-1;-1;-1;-1;-1;-1;-1;-1;-1;-1
6013;28;No;No;Yes;No;-;995000;995000;-1;-1;-1;-1;-1;-1;-1;-1;-1;-1;-1;-1;-1;-1;-1;-1;-1;-1;-1;-1;-1;-1;-1;-1;-1;-1;-1
6017;1;No;No;Yes;No;-;995000;995000;995000;-1;-1;-1;-1;-1;-1;-1;-1;-1;-1;-1;-1;-1;-1;-1;-1;-1;-1;-1;-1;-1;-1;-1;-1;-1;-1
6021;28;No;No;Yes;No;-;1000000;1000000;1000000;1000000;-1;-1;-1;-1;-1;-1;-1;-1;-1;-1;-1;-1;-1;-1;-1;-1;-1;-1;-1;-1;-1;-1;-1;-1;-1
6027;18;No;No;Yes;No;-;990000;990000;990000;-1;-1;-1;-1;-1;-1;-1;-1;-1;-1;-1;-1;-1;-1;-1;-1;-1;-1;-1;-1;-1;-1;-1;-1;-1;-1
6028;28;No;No;Yes;No;-;995000;995000;995000;-1;-1;-1;-1;-1;-1;-1;-1;-1;-1;-1;-1;-1;-1;-1;-1;-1;-1;-1;-1;-1;-1;-1;-1;-1;-1
6032;1;No;No;Yes;No;-;990000;990000;990000;-1;-1;-1;-1;-1;-1;-1;-1;-1;-1;-1;-1;-1;-1;-1;-1;-1;-1;-1;-1;-1;-1;-1;-1;-1;-1
6034;1;No;No;Yes;No;-;995000;995000;995000;-1;-1;-1;-1;-1;-1;-1;-1;-1;-1;-1;-1;-1;-1;-1;-1;-1;-1;-1;-1;-1;-1;-1;-1;-1;-1
6037;23;No;No;Yes;No;-;1000000;1000000;1000000;1000000;-1;-1;-1;-1;-1;-1;-1;-1;-1;-1;-1;-1;-1;-1;-1;-1;-1;-1;-1;-1;-1;-1;-1;-1;-1
6043;23;No;No;Yes;No;-;990000;990000;990000;-1;-1;-1;-1;-1;-1;-1;-1;-1;-1;-1;-1;-1;-1;-1;-1;-1;-1;-1;-1;-1;-1;-1;-1;-1;-1
6046;1;No;No;Yes;No;-;1000000;1000000;1000000;1000000;-1;-1;-1;-1;-1;-1;-1;-1;-1;-1;-1;-1;-1;-1;-1;-1;-1;-1;-1;-1;-1;-1;-1;-1;-1
6048;30;No;No;Yes;No;-;995000;995000;995000;-1;-1;-1;-1;-1;-1;-1;-1;-1;-1;-1;-1;-1;-1;-1;-1;-1;-1;-1;-1;-1;-1;-1;-1;-1;-1
6050;19;No;No;Yes;No;-;1000000;1000000;1000000;1000000;-1;-1;-1;-1;-1;-1;-1;-1;-1;-1;-1;-1;-1;-1;-1;-1;-1;-1;-1;-1;-1;-1;-1;-1;-1
6052;19;No;No;Yes;No;-;1000000;1000000;1000000;1000000;-1;-1;-1;-1;-1;-1;-1;-1;-1;-1;-1;-1;-1;-1;-1;-1;-1;-1;-1;-1;-1;-1;-1;-1;-1
6056;1;No;No;Yes;No;-;995000;995000;995000;-1;-1;-1;-1;-1;-1;-1;-1;-1;-1;-1;-1;-1;-1;-1;-1;-1;-1;-1;-1;-1;-1;-1;-1;-1;-1
6058;26;No;No;Yes;No;-;990000;990000;990000;-1;-1;-1;-1;-1;-1;-1;-1;-1;-1;-1;-1;-1;-1;-1;-1;-1;-1;-1;-1;-1;-1;-1;-1;-1;-1
6070;23;No;No;Yes;No;-;995000;995000;995000;-1;-1;-1;-1;-1;-1;-1;-1;-1;-1;-1;-1;-1;-1;-1;-1;-1;-1;-1;-1;-1;-1;-1;-1;-1;-1
6073;20;No;No;Yes;No;-;995000;995000;995000;-1;-1;-1;-1;-1;-1;-1;-1;-1;-1;-1;-1;-1;-1;-1;-1;-1;-1;-1;-1;-1;-1;-1;-1;-1;-1
6074;2;No;No;Yes;No;-;950000;950000;950000;-1;-1;-1;-1;-1;-1;-1;-1;-1;-1;-1;-1;-1;-1;-1;-1;-1;-1;-1;-1;-1;-1;-1;-1;-1;-1
6075;8;No;No;No;Yes;-;950000;950000;950000;-1;-1;-1;-1;-1;-1;-1;-1;-1;-1;-1;-1;-1;-1;-1;-1;-1;-1;-1;-1;-1;-1;-1;-1;-1;-1
6078;18;No;No;Yes;No;-;995000;995000;995000;-1;-1;-1;-1;-1;-1;-1;-1;-1;-1;-1;-1;-1;-1;-1;-1;-1;-1;-1;-1;-1;-1;-1;-1;-1;-1
6080;24;No;No;Yes;No;-;995000;995000;995000;-1;-1;-1;-1;-1;-1;-1;-1;-1;-1;-1;-1;-1;-1;-1;-1;-1;-1;-1;-1;-1;-1;-1;-1;-1;-1
6082;19;No;No;Yes;No;-;990000;990000;990000;-1;-1;-1;-1;-1;-1;-1;-1;-1;-1;-1;-1;-1;-1;-1;-1;-1;-1;-1;-1;-1;-1;-1;-1;-1;-1
6084;18;No;No;No;No;-;1000000;1000000;1000000;1000000;-1;-1;-1;-1;-1;-1;-1;-1;-1;-1;-1;-1;-1;-1;-1;-1;-1;-1;-1;-1;-1;-1;-1;-1;-1
6087;18;No;No;Yes;No;-;1000000;1000000;1000000;1000000;-1;-1;-1;-1;-1;-1;-1;-1;-1;-1;-1;-1;-1;-1;-1;-1;-1;-1;-1;-1;-1;-1;-1;-1;-1
6088;28;No;No;Yes;No;-;995000;995000;995000;-1;-1;-1;-1;-1;-1;-1;-1;-1;-1;-1;-1;-1;-1;-1;-1;-1;-1;-1;-1;-1;-1;-1;-1;-1;-1
6093;26;No;No;Yes;No;-;995000;995000;995000;-1;-1;-1;-1;-1;-1;-1;-1;-1;-1;-1;-1;-1;-1;-1;-1;-1;-1;-1;-1;-1;-1;-1;-1;-1;-1
6094;154;No;No;Yes;No;-;950000;950000;950000;-1;-1;-1;-1;-1;-1;-1;-1;-1;-1;-1;-1;-1;-1;-1;-1;-1;-1;-1;-1;-1;-1;-1;-1;-1;-1
6095;18;No;No;Yes;No;-;990000;990000;990000;-1;-1;-1;-1;-1;-1;-1;-1;-1;-1;-1;-1;-1;-1;-1;-1;-1;-1;-1;-1;-1;-1;-1;-1;-1;-1
6099;26;No;No;Yes;No;-;995000;995000;995000;-1;-1;-1;-1;-1;-1;-1;-1;-1;-1;-1;-1;-1;-1;-1;-1;-1;-1;-1;-1;-1;-1;-1;-1;-1;-1
6100;26;No;No;Yes;No;-;995000;995000;995000;-1;-1;-1;-1;-1;-1;-1;-1;-1;-1;-1;-1;-1;-1;-1;-1;-1;-1;-1;-1;-1;-1;-1;-1;-1;-1
6102;25;No;No;Yes;No;-;995000;995000;995000;-1;-1;-1;-1;-1;-1;-1;-1;-1;-1;-1;-1;-1;-1;-1;-1;-1;-1;-1;-1;-1;-1;-1;-1;-1;-1
6104;24;No;No;Yes;No;-;995000;995000;995000;-1;-1;-1;-1;-1;-1;-1;-1;-1;-1;-1;-1;-1;-1;-1;-1;-1;-1;-1;-1;-1;-1;-1;-1;-1;-1
6105;0;No;No;Yes;No;-;990000;990000;-1;-1;-1;-1;-1;-1;-1;-1;-1;-1;-1;-1;-1;-1;-1;-1;-1;-1;-1;-1;-1;-1;-1;-1;-1;-1;-1
6107;28;No;No;Yes;No;-;1000000;1000000;1000000;1000000;-1;-1;-1;-1;-1;-1;-1;-1;-1;-1;-1;-1;-1;-1;-1;-1;-1;-1;-1;-1;-1;-1;-1;-1;-1
6108;54;No;No;No;No;-;69500;69500;-1;-1;-1;-1;-1;-1;-1;-1;-1;-1;-1;-1;-1;69500;-1;-1;-1;-1;-1;-1;-1;-1;-1;-1;-1;-1;-1
6109;24;No;No;Yes;No;-;995000;995000;995000;-1;-1;-1;-1;-1;-1;-1;-1;-1;-1;-1;-1;-1;-1;-1;-1;-1;-1;-1;-1;-1;-1;-1;-1;-1;-1
6116;24;No;No;Yes;No;-;995000;995000;995000;-1;-1;-1;-1;-1;-1;-1;-1;-1;-1;-1;-1;-1;-1;-1;-1;-1;-1;-1;-1;-1;-1;-1;-1;-1;-1
6119;28;No;No;Yes;Yes;-;990000;990000;-1;-1;-1;-1;-1;-1;-1;-1;-1;-1;-1;-1;-1;-1;-1;-1;-1;-1;-1;-1;-1;-1;-1;-1;-1;-1;-1
6121;124;No;No;Yes;No;-;990000;990000;990000;-1;-1;-1;-1;-1;-1;-1;-1;-1;-1;-1;-1;-1;-1;-1;-1;-1;-1;-1;-1;-1;-1;-1;-1;-1;-1
6127;3;No;No;Yes;No;-;990000;990000;990000;-1;-1;-1;-1;-1;-1;-1;-1;-1;-1;-1;-1;-1;-1;-1;-1;-1;-1;-1;-1;-1;-1;-1;-1;-1;-1
6128;31;No;No;Yes;No;-;995000;995000;995000;-1;-1;-1;-1;-1;-1;-1;-1;-1;-1;-1;-1;-1;-1;-1;-1;-1;-1;-1;-1;-1;-1;-1;-1;-1;-1
6129;31;No;No;Yes;No;-;1000000;1000000;1000000;1000000;-1;-1;-1;-1;-1;-1;-1;-1;-1;-1;-1;-1;-1;-1;-1;-1;-1;-1;-1;-1;-1;-1;-1;-1;-1
6130;24;No;No;Yes;No;-;995000;995000;995000;-1;-1;-1;-1;-1;-1;-1;-1;-1;-1;-1;-1;-1;-1;-1;-1;-1;-1;-1;-1;-1;-1;-1;-1;-1;-1
6135;3;No;No;Yes;No;-;990000;990000;990000;-1;-1;-1;-1;-1;-1;-1;-1;-1;-1;-1;-1;-1;-1;-1;-1;-1;-1;-1;-1;-1;-1;-1;-1;-1;-1
6137;8;No;No;Yes;No;-;995000;995000;995000;-1;-1;-1;-1;-1;-1;-1;-1;-1;-1;-1;-1;-1;-1;-1;-1;-1;-1;-1;-1;-1;-1;-1;-1;-1;-1
6138;53;No;No;No;No;-;69500;69500;-1;-1;-1;-1;-1;-1;-1;-1;-1;-1;-1;-1;-1;69500;-1;-1;-1;-1;-1;-1;-1;-1;-1;-1;-1;-1;-1
6141;154;No;No;Yes;No;-;995000;995000;995000;-1;-1;-1;-1;-1;-1;-1;-1;-1;-1;-1;-1;-1;-1;-1;-1;-1;-1;-1;-1;-1;-1;-1;-1;-1;-1
6142;124;No;No;Yes;No;-;995000;995000;995000;-1;-1;-1;-1;-1;-1;-1;-1;-1;-1;-1;-1;-1;-1;-1;-1;-1;-1;-1;-1;-1;-1;-1;-1;-1;-1
6145;124;No;No;Yes;No;-;995000;995000;995000;-1;-1;-1;-1;-1;-1;-1;-1;-1;-1;-1;-1;-1;-1;-1;-1;-1;-1;-1;-1;-1;-1;-1;-1;-1;-1
6148;23;No;No;Yes;No;-;995000;995000;995000;-1;-1;-1;-1;-1;-1;-1;-1;-1;-1;-1;-1;-1;-1;-1;-1;-1;-1;-1;-1;-1;-1;-1;-1;-1;-1
6152;9;No;No;Yes;No;-;1000000;1000000;1000000;1000000;-1;-1;-1;-1;-1;-1;-1;-1;-1;-1;-1;-1;-1;-1;-1;-1;-1;-1;-1;-1;-1;-1;-1;-1;-1
6156;31;No;No;Yes;No;-;995000;995000;995000;-1;-1;-1;-1;-1;-1;-1;-1;-1;-1;-1;-1;-1;-1;-1;-1;-1;-1;-1;-1;-1;-1;-1;-1;-1;-1
6157;2;No;No;Yes;No;-;950000;950000;950000;-1;-1;-1;-1;-1;-1;-1;-1;-1;-1;-1;-1;-1;-1;-1;-1;-1;-1;-1;-1;-1;-1;-1;-1;-1;-1
6160;18;No;No;No;Yes;-;1000000;1000000;1000000;1000000;-1;-1;-1;-1;-1;-1;-1;-1;-1;-1;-1;-1;-1;-1;-1;-1;-1;-1;-1;-1;-1;-1;-1;-1;-1
6162;124;No;No;Yes;No;-;990000;990000;-1;-1;-1;-1;-1;-1;-1;-1;-1;-1;-1;-1;-1;-1;-1;-1;-1;-1;-1;-1;-1;-1;-1;-1;-1;-1;-1
6163;17;No;No;Yes;No;-;995000;995000;995000;-1;-1;-1;-1;-1;-1;-1;-1;-1;-1;-1;-1;-1;-1;-1;-1;-1;-1;-1;-1;-1;-1;-1;-1;-1;-1
6166;21;No;No;Yes;No;-;995000;995000;995000;-1;-1;-1;-1;-1;-1;-1;-1;-1;-1;-1;-1;-1;-1;-1;-1;-1;-1;-1;-1;-1;-1;-1;-1;-1;-1
6169;21;No;No;Yes;No;-;950000;950000;950000;-1;-1;-1;-1;-1;-1;-1;-1;-1;-1;-1;-1;-1;-1;-1;-1;-1;-1;-1;-1;-1;-1;-1;-1;-1;-1
6172;0;No;No;Yes;No;-;990000;990000;990000;-1;-1;-1;-1;-1;-1;-1;-1;-1;-1;-1;-1;-1;-1;-1;-1;-1;-1;-1;-1;-1;-1;-1;-1;-1;-1
6173;17;No;No;Yes;No;-;1000000;1000000;1000000;1000000;-1;-1;-1;-1;-1;-1;-1;-1;-1;-1;-1;-1;-1;-1;-1;-1;-1;-1;-1;-1;-1;-1;-1;-1;-1
6175;3;No;No;Yes;No;-;995000;995000;995000;-1;-1;-1;-1;-1;-1;-1;-1;-1;-1;-1;-1;-1;-1;-1;-1;-1;-1;-1;-1;-1;-1;-1;-1;-1;-1
6179;23;No;No;Yes;No;-;990000;990000;990000;-1;-1;-1;-1;-1;-1;-1;-1;-1;-1;-1;-1;-1;-1;-1;-1;-1;-1;-1;-1;-1;-1;-1;-1;-1;-1
6182;30;No;No;No;Yes;-;1000000;1000000;1000000;1000000;-1;-1;-1;-1;-1;-1;-1;-1;-1;-1;-1;-1;-1;-1;-1;-1;-1;-1;-1;-1;-1;-1;-1;-1;-1
6185;21;No;No;Yes;No;-;990000;990000;990000;-1;-1;-1;-1;-1;-1;-1;-1;-1;-1;-1;-1;-1;-1;-1;-1;-1;-1;-1;-1;-1;-1;-1;-1;-1;-1
6188;1;No;No;Yes;No;-;995000;995000;995000;-1;-1;-1;-1;-1;-1;-1;-1;-1;-1;-1;-1;-1;-1;-1;-1;-1;-1;-1;-1;-1;-1;-1;-1;-1;-1
6190;25;No;No;Yes;No;-;995000;995000;995000;-1;-1;-1;-1;-1;-1;-1;-1;-1;-1;-1;-1;-1;-1;-1;-1;-1;-1;-1;-1;-1;-1;-1;-1;-1;-1
6191;9;No;No;Yes;No;-;990000;990000;-1;-1;-1;-1;-1;-1;-1;-1;-1;-1;-1;-1;-1;-1;-1;-1;-1;-1;-1;-1;-1;-1;-1;-1;-1;-1;-1
6193;20;No;No;Yes;No;-;990000;990000;990000;-1;-1;-1;-1;-1;-1;-1;-1;-1;-1;-1;-1;-1;-1;-1;-1;-1;-1;-1;-1;-1;-1;-1;-1;-1;-1
6196;124;No;No;Yes;No;-;990000;990000;990000;-1;-1;-1;-1;-1;-1;-1;-1;-1;-1;-1;-1;-1;-1;-1;-1;-1;-1;-1;-1;-1;-1;-1;-1;-1;-1
6198;27;No;No;Yes;No;-;1000000;1000000;1000000;1000000;-1;-1;-1;-1;-1;-1;-1;-1;-1;-1;-1;-1;-1;-1;-1;-1;-1;-1;-1;-1;-1;-1;-1;-1;-1
6201;12;No;No;Yes;No;-;1000000;1000000;1000000;1000000;-1;-1;-1;-1;-1;-1;-1;-1;-1;-1;-1;-1;-1;-1;-1;-1;-1;-1;-1;-1;-1;-1;-1;-1;-1
6202;71;No;No;No;No;-;3000;3000;-1;-1;-1;-1;-1;-1;-1;-1;-1;-1;-1;-1;-1;3000;-1;-1;-1;-1;-1;-1;-1;-1;-1;-1;-1;-1;-1
6204;14;No;No;Yes;No;-;1000000;1000000;1000000;1000000;-1;-1;-1;-1;-1;-1;-1;-1;-1;-1;-1;-1;-1;-1;-1;-1;-1;-1;-1;-1;-1;-1;-1;-1;-1
6205;26;No;No;Yes;No;-;995000;995000;995000;-1;-1;-1;-1;-1;-1;-1;-1;-1;-1;-1;-1;-1;-1;-1;-1;-1;-1;-1;-1;-1;-1;-1;-1;-1;-1
6208;10;No;No;Yes;No;-;995000;995000;995000;-1;-1;-1;-1;-1;-1;-1;-1;-1;-1;-1;-1;-1;-1;-1;-1;-1;-1;-1;-1;-1;-1;-1;-1;-1;-1
6211;21;No;No;Yes;No;-;995000;995000;995000;-1;-1;-1;-1;-1;-1;-1;-1;-1;-1;-1;-1;-1;-1;-1;-1;-1;-1;-1;-1;-1;-1;-1;-1;-1;-1
6212;18;No;No;Yes;No;-;995000;995000;995000;-1;-1;-1;-1;-1;-1;-1;-1;-1;-1;-1;-1;-1;-1;-1;-1;-1;-1;-1;-1;-1;-1;-1;-1;-1;-1
6214;3;No;No;Yes;No;-;1000000;1000000;1000000;1000000;-1;-1;-1;-1;-1;-1;-1;-1;-1;-1;-1;-1;-1;-1;-1;-1;-1;-1;-1;-1;-1;-1;-1;-1;-1
6216;31;No;No;Yes;No;-;990000;990000;990000;-1;-1;-1;-1;-1;-1;-1;-1;-1;-1;-1;-1;-1;-1;-1;-1;-1;-1;-1;-1;-1;-1;-1;-1;-1;-1
6219;8;No;No;Yes;No;-;995000;995000;995000;-1;-1;-1;-1;-1;-1;-1;-1;-1;-1;-1;-1;-1;-1;-1;-1;-1;-1;-1;-1;-1;-1;-1;-1;-1;-1
6221;17;No;No;Yes;No;-;995000;995000;995000;-1;-1;-1;-1;-1;-1;-1;-1;-1;-1;-1;-1;-1;-1;-1;-1;-1;-1;-1;-1;-1;-1;-1;-1;-1;-1
6226;1;No;No;Yes;No;-;990000;990000;-1;-1;-1;-1;-1;-1;-1;-1;-1;-1;-1;-1;-1;-1;-1;-1;-1;-1;-1;-1;-1;-1;-1;-1;-1;-1;-1
6227;26;No;No;Yes;No;-;1000000;1000000;1000000;1000000;-1;-1;-1;-1;-1;-1;-1;-1;-1;-1;-1;-1;-1;-1;-1;-1;-1;-1;-1;-1;-1;-1;-1;-1;-1
6235;20;No;No;Yes;No;-;990000;990000;990000;-1;-1;-1;-1;-1;-1;-1;-1;-1;-1;-1;-1;-1;-1;-1;-1;-1;-1;-1;-1;-1;-1;-1;-1;-1;-1
6236;23;No;No;Yes;No;-;990000;990000;990000;-1;-1;-1;-1;-1;-1;-1;-1;-1;-1;-1;-1;-1;-1;-1;-1;-1;-1;-1;-1;-1;-1;-1;-1;-1;-1
6237;58;No;No;No;No;-;57000;57000;-1;-1;-1;-1;-1;-1;-1;-1;-1;-1;-1;-1;-1;57000;-1;-1;-1;-1;-1;-1;-1;-1;-1;-1;-1;-1;-1
6240;8;No;No;Yes;No;-;995000;995000;995000;-1;-1;-1;-1;-1;-1;-1;-1;-1;-1;-1;-1;-1;-1;-1;-1;-1;-1;-1;-1;-1;-1;-1;-1;-1;-1
6242;8;No;No;Yes;No;-;1000000;1000000;1000000;1000000;-1;-1;-1;-1;-1;-1;-1;-1;-1;-1;-1;-1;-1;-1;-1;-1;-1;-1;-1;-1;-1;-1;-1;-1;-1
6244;0;No;No;Yes;No;-;990000;990000;-1;-1;-1;-1;-1;-1;-1;-1;-1;-1;-1;-1;-1;-1;-1;-1;-1;-1;-1;-1;-1;-1;-1;-1;-1;-1;-1
6245;28;No;No;Yes;No;-;995000;995000;995000;995000;-1;-1;-1;-1;-1;-1;-1;-1;-1;-1;-1;-1;-1;-1;-1;-1;-1;-1;-1;-1;-1;-1;-1;-1;-1
6247;28;No;No;Yes;No;-;995000;995000;995000;-1;-1;-1;-1;-1;-1;-1;-1;-1;-1;-1;-1;-1;-1;-1;-1;-1;-1;-1;-1;-1;-1;-1;-1;-1;-1
6249;19;No;No;Yes;No;-;990000;990000;990000;-1;-1;-1;-1;-1;-1;-1;-1;-1;-1;-1;-1;-1;-1;-1;-1;-1;-1;-1;-1;-1;-1;-1;-1;-1;-1
6252;47;No;No;No;No;-;42500;42500;-1;-1;-1;-1;-1;-1;-1;-1;-1;-1;-1;-1;-1;5922;-1;-1;-1;-1;-1;-1;-1;-1;-1;-1;-1;-1;-1
6253;25;No;No;Yes;No;-;995000;995000;-1;-1;-1;-1;-1;-1;-1;-1;-1;-1;-1;-1;-1;-1;-1;-1;-1;-1;-1;-1;-1;-1;-1;-1;-1;-1;-1
6254;27;No;No;Yes;No;-;995000;995000;995000;-1;-1;-1;-1;-1;-1;-1;-1;-1;-1;-1;-1;-1;-1;-1;-1;-1;-1;-1;-1;-1;-1;-1;-1;-1;-1
6255;26;No;No;Yes;No;-;995000;995000;995000;-1;-1;-1;-1;-1;-1;-1;-1;-1;-1;-1;-1;-1;-1;-1;-1;-1;-1;-1;-1;-1;-1;-1;-1;-1;-1
6257;44;No;No;No;No;-;100000;100000;-1;-1;-1;-1;-1;-1;-1;-1;-1;-1;-1;-1;-1;100000;-1;-1;-1;-1;-1;-1;-1;-1;-1;-1;-1;-1;-1
6258;152;No;No;Yes;No;-;995000;995000;995000;-1;-1;-1;-1;-1;-1;-1;-1;-1;-1;-1;-1;-1;-1;-1;-1;-1;-1;-1;-1;-1;-1;-1;-1;-1;-1
6260;3;No;No;Yes;No;-;894000;990000;990000;-1;-1;-1;-1;-1;-1;-1;-1;-1;-1;-1;-1;-1;-1;-1;-1;-1;-1;-1;-1;-1;-1;-1;-1;-1;-1
6261;154;No;No;Yes;No;-;1000000;1000000;1000000;1000000;-1;-1;-1;-1;-1;-1;-1;-1;-1;-1;-1;-1;-1;-1;-1;-1;-1;-1;-1;-1;-1;-1;-1;-1;-1
6263;3;No;No;Yes;No;-;995000;995000;995000;-1;-1;-1;-1;-1;-1;-1;-1;-1;-1;-1;-1;-1;-1;-1;-1;-1;-1;-1;-1;-1;-1;-1;-1;-1;-1
6264;28;No;No;Yes;No;-;995000;995000;995000;-1;-1;-1;-1;-1;-1;-1;-1;-1;-1;-1;-1;-1;-1;-1;-1;-1;-1;-1;-1;-1;-1;-1;-1;-1;-1
6266;14;No;No;No;Yes;-;995000;995000;-1;-1;-1;-1;-1;-1;-1;-1;-1;-1;-1;-1;-1;-1;-1;-1;-1;-1;-1;-1;-1;-1;-1;-1;-1;-1;-1
6272;26;No;No;Yes;No;-;1000000;1000000;1000000;1000000;-1;-1;-1;-1;-1;-1;-1;-1;-1;-1;-1;-1;-1;-1;-1;-1;-1;-1;-1;-1;-1;-1;-1;-1;-1
6273;20;No;No;Yes;No;-;995000;995000;995000;-1;-1;-1;-1;-1;-1;-1;-1;-1;-1;-1;-1;-1;-1;-1;-1;-1;-1;-1;-1;-1;-1;-1;-1;-1;-1
6275;8;No;No;Yes;No;-;950000;950000;950000;-1;-1;-1;-1;-1;-1;-1;-1;-1;-1;-1;-1;-1;-1;-1;-1;-1;-1;-1;-1;-1;-1;-1;-1;-1;-1
6276;2;No;No;Yes;No;-;950000;950000;950000;-1;-1;-1;-1;-1;-1;-1;-1;-1;-1;-1;-1;-1;-1;-1;-1;-1;-1;-1;-1;-1;-1;-1;-1;-1;-1
6279;25;No;No;Yes;No;-;995000;995000;-1;-1;-1;-1;-1;-1;-1;-1;-1;-1;-1;-1;-1;-1;-1;-1;-1;-1;-1;-1;-1;-1;-1;-1;-1;-1;-1
6285;17;No;No;Yes;No;-;995000;995000;995000;-1;-1;-1;-1;-1;-1;-1;-1;-1;-1;-1;-1;-1;-1;-1;-1;-1;-1;-1;-1;-1;-1;-1;-1;-1;-1
6289;31;No;No;Yes;No;-;1000000;1000000;1000000;1000000;-1;-1;-1;-1;-1;-1;-1;-1;-1;-1;-1;-1;-1;-1;-1;-1;-1;-1;-1;-1;-1;-1;-1;-1;-1
6290;154;No;No;Yes;No;-;1000000;1000000;1000000;1000000;-1;-1;-1;-1;-1;-1;-1;-1;-1;-1;-1;-1;-1;-1;-1;-1;-1;-1;-1;-1;-1;-1;-1;-1;-1
6295;23;No;No;Yes;No;-;990000;990000;990000;-1;-1;-1;-1;-1;-1;-1;-1;-1;-1;-1;-1;-1;-1;-1;-1;-1;-1;-1;-1;-1;-1;-1;-1;-1;-1
6298;31;No;No;Yes;No;-;1000000;1000000;1000000;1000000;-1;-1;-1;-1;-1;-1;-1;-1;-1;-1;-1;-1;-1;-1;-1;-1;-1;-1;-1;-1;-1;-1;-1;-1;-1
6299;24;No;No;Yes;No;-;995000;995000;995000;-1;-1;-1;-1;-1;-1;-1;-1;-1;-1;-1;-1;-1;-1;-1;-1;-1;-1;-1;-1;-1;-1;-1;-1;-1;-1
6302;53;No;No;No;No;-;48500;48500;-1;-1;-1;-1;-1;-1;-1;-1;-1;-1;-1;-1;-1;6776;-1;-1;-1;-1;-1;-1;-1;-1;-1;-1;-1;-1;-1
6303;124;No;No;Yes;No;-;1000000;1000000;1000000;1000000;-1;-1;-1;-1;-1;-1;-1;-1;-1;-1;-1;-1;-1;-1;-1;-1;-1;-1;-1;-1;-1;-1;-1;-1;-1
6307;29;No;No;Yes;No;-;995000;995000;-1;-1;-1;-1;-1;-1;-1;-1;-1;-1;-1;-1;-1;-1;-1;-1;-1;-1;-1;-1;-1;-1;-1;-1;-1;-1;-1
6310;3;No;No;Yes;No;-;990000;990000;990000;-1;-1;-1;-1;-1;-1;-1;-1;-1;-1;-1;-1;-1;-1;-1;-1;-1;-1;-1;-1;-1;-1;-1;-1;-1;-1
6311;31;No;No;Yes;No;-;995000;995000;995000;-1;-1;-1;-1;-1;-1;-1;-1;-1;-1;-1;-1;-1;-1;-1;-1;-1;-1;-1;-1;-1;-1;-1;-1;-1;-1
6315;3;No;No;Yes;No;-;1000000;1000000;1000000;1000000;-1;-1;-1;-1;-1;-1;-1;-1;-1;-1;-1;-1;-1;-1;-1;-1;-1;-1;-1;-1;-1;-1;-1;-1;-1
6320;2;No;No;Yes;No;-;950000;950000;950000;-1;-1;-1;-1;-1;-1;-1;-1;-1;-1;-1;-1;-1;-1;-1;-1;-1;-1;-1;-1;-1;-1;-1;-1;-1;-1
6322;14;No;No;Yes;No;-;990000;990000;-1;-1;-1;-1;-1;-1;-1;-1;-1;-1;-1;-1;-1;-1;-1;-1;-1;-1;-1;-1;-1;-1;-1;-1;-1;-1;-1
6326;8;No;No;Yes;No;-;950000;950000;950000;-1;-1;-1;-1;-1;-1;-1;-1;-1;-1;-1;-1;-1;-1;-1;-1;-1;-1;-1;-1;-1;-1;-1;-1;-1;-1
6328;58;No;No;No;No;-;78000;78000;-1;-1;-1;-1;-1;-1;-1;-1;-1;-1;-1;-1;-1;10878;-1;-1;-1;-1;-1;-1;-1;-1;-1;-1;-1;-1;-1
6329;25;No;No;Yes;No;-;950000;950000;950000;-1;-1;-1;-1;-1;-1;-1;-1;-1;-1;-1;-1;-1;-1;-1;-1;-1;-1;-1;-1;-1;-1;-1;-1;-1;-1
6330;24;No;No;Yes;No;-;995000;995000;995000;-1;-1;-1;-1;-1;-1;-1;-1;-1;-1;-1;-1;-1;-1;-1;-1;-1;-1;-1;-1;-1;-1;-1;-1;-1;-1
6335;19;No;No;Yes;No;-;995000;995000;995000;-1;-1;-1;-1;-1;-1;-1;-1;-1;-1;-1;-1;-1;-1;-1;-1;-1;-1;-1;-1;-1;-1;-1;-1;-1;-1
6336;3;No;No;Yes;No;-;995000;995000;-1;-1;-1;-1;-1;-1;-1;-1;-1;-1;-1;-1;-1;-1;-1;-1;-1;-1;-1;-1;-1;-1;-1;-1;-1;-1;-1
6344;2;No;No;No;No;-;4620000;4620000;4620000;4620000;-1;-1;-1;-1;-1;-1;-1;-1;-1;-1;-1;-1;-1;-1;-1;-1;-1;-1;-1;-1;-1;-1;-1;-1;-1
6345;23;No;No;Yes;No;-;990000;990000;990000;-1;-1;-1;-1;-1;-1;-1;-1;-1;-1;-1;-1;-1;-1;-1;-1;-1;-1;-1;-1;-1;-1;-1;-1;-1;-1
6346;31;No;No;Yes;No;-;995000;995000;995000;-1;-1;-1;-1;-1;-1;-1;-1;-1;-1;-1;-1;-1;-1;-1;-1;-1;-1;-1;-1;-1;-1;-1;-1;-1;-1
6348;124;No;No;Yes;No;-;1000000;1000000;1000000;1000000;-1;-1;-1;-1;-1;-1;-1;-1;-1;-1;-1;-1;-1;-1;-1;-1;-1;-1;-1;-1;-1;-1;-1;-1;-1
6349;152;No;No;Yes;No;-;1000000;1000000;1000000;1000000;-1;-1;-1;-1;-1;-1;-1;-1;-1;-1;-1;-1;-1;-1;-1;-1;-1;-1;-1;-1;-1;-1;-1;-1;-1
6353;33;No;No;No;No;-;43500;43500;-1;-1;-1;-1;-1;-1;-1;-1;-1;-1;-1;-1;-1;43500;-1;-1;-1;-1;-1;-1;-1;-1;-1;-1;-1;-1;-1
6356;9;No;No;No;Yes;-;1000000;1000000;1000000;1000000;-1;-1;-1;-1;-1;-1;-1;-1;-1;-1;-1;-1;-1;-1;-1;-1;-1;-1;-1;-1;-1;-1;-1;-1;-1
6357;26;No;No;Yes;No;-;1000000;1000000;1000000;1000000;-1;-1;-1;-1;-1;-1;-1;-1;-1;-1;-1;-1;-1;-1;-1;-1;-1;-1;-1;-1;-1;-1;-1;-1;-1
6358;3;No;No;Yes;No;-;990000;990000;990000;-1;-1;-1;-1;-1;-1;-1;-1;-1;-1;-1;-1;-1;-1;-1;-1;-1;-1;-1;-1;-1;-1;-1;-1;-1;-1
6359;10;No;No;Yes;No;-;995000;995000;-1;-1;-1;-1;-1;-1;-1;-1;-1;-1;-1;-1;-1;-1;-1;-1;-1;-1;-1;-1;-1;-1;-1;-1;-1;-1;-1
6360;1;No;No;Yes;No;-;990000;990000;990000;-1;-1;-1;-1;-1;-1;-1;-1;-1;-1;-1;-1;-1;-1;-1;-1;-1;-1;-1;-1;-1;-1;-1;-1;-1;-1
6361;1;No;No;Yes;No;-;990000;990000;990000;-1;-1;-1;-1;-1;-1;-1;-1;-1;-1;-1;-1;-1;-1;-1;-1;-1;-1;-1;-1;-1;-1;-1;-1;-1;-1
6363;37;No;No;No;No;-;43000;43000;-1;-1;-1;-1;-1;-1;-1;-1;-1;-1;-1;-1;-1;43000;-1;-1;-1;-1;-1;-1;-1;-1;-1;-1;-1;-1;-1
6370;9;No;No;Yes;No;-;990000;990000;990000;-1;-1;-1;-1;-1;-1;-1;-1;-1;-1;-1;-1;-1;-1;-1;-1;-1;-1;-1;-1;-1;-1;-1;-1;-1;-1
6373;124;No;No;Yes;No;-;1000000;1000000;1000000;1000000;-1;-1;-1;-1;-1;-1;-1;-1;-1;-1;-1;-1;-1;-1;-1;-1;-1;-1;-1;-1;-1;-1;-1;-1;-1
6376;26;No;No;Yes;No;-;995000;995000;995000;-1;-1;-1;-1;-1;-1;-1;-1;-1;-1;-1;-1;-1;-1;-1;-1;-1;-1;-1;-1;-1;-1;-1;-1;-1;-1
6381;27;No;No;Yes;No;-;990000;990000;990000;-1;-1;-1;-1;-1;-1;-1;-1;-1;-1;-1;-1;-1;-1;-1;-1;-1;-1;-1;-1;-1;-1;-1;-1;-1;-1
6391;30;No;No;Yes;No;-;995000;995000;995000;-1;-1;-1;-1;-1;-1;-1;-1;-1;-1;-1;-1;-1;-1;-1;-1;-1;-1;-1;-1;-1;-1;-1;-1;-1;-1
6399;12;No;No;Yes;No;-;990000;990000;-1;-1;-1;-1;-1;-1;-1;-1;-1;-1;-1;-1;-1;-1;-1;-1;-1;-1;-1;-1;-1;-1;-1;-1;-1;-1;-1
6400;47;No;No;No;No;-;42500;42500;-1;-1;-1;-1;-1;-1;-1;-1;-1;-1;-1;-1;-1;5499;-1;-1;-1;-1;-1;-1;-1;-1;-1;-1;-1;-1;-1
6401;26;No;No;Yes;No;-;990000;990000;990000;-1;-1;-1;-1;-1;-1;-1;-1;-1;-1;-1;-1;-1;-1;-1;-1;-1;-1;-1;-1;-1;-1;-1;-1;-1;-1
6402;9;No;No;Yes;No;-;995000;995000;995000;-1;-1;-1;-1;-1;-1;-1;-1;-1;-1;-1;-1;-1;-1;-1;-1;-1;-1;-1;-1;-1;-1;-1;-1;-1;-1
6406;30;No;No;Yes;No;-;995000;995000;995000;-1;-1;-1;-1;-1;-1;-1;-1;-1;-1;-1;-1;-1;-1;-1;-1;-1;-1;-1;-1;-1;-1;-1;-1;-1;-1
6415;17;No;No;Yes;No;-;995000;995000;995000;-1;-1;-1;-1;-1;-1;-1;-1;-1;-1;-1;-1;-1;-1;-1;-1;-1;-1;-1;-1;-1;-1;-1;-1;-1;-1
6420;21;No;No;Yes;No;-;990000;990000;-1;-1;-1;-1;-1;-1;-1;-1;-1;-1;-1;-1;-1;-1;-1;-1;-1;-1;-1;-1;-1;-1;-1;-1;-1;-1;-1
6424;28;No;No;Yes;No;-;995000;995000;995000;-1;-1;-1;-1;-1;-1;-1;-1;-1;-1;-1;-1;-1;-1;-1;-1;-1;-1;-1;-1;-1;-1;-1;-1;-1;-1
6426;28;No;No;No;No;-;6430000;6430000;6430000;6430000;-1;-1;-1;-1;-1;-1;-1;-1;-1;-1;-1;-1;-1;-1;-1;-1;-1;-1;-1;-1;-1;-1;-1;-1;-1
6431;7;No;No;No;Yes;-;11000000;11000000;11000000;11000000;-1;-1;-1;-1;-1;-1;-1;-1;-1;-1;-1;-1;-1;-1;-1;-1;-1;-1;-1;-1;-1;-1;-1;-1;-1
6432;8;No;No;No;Yes;-;6400000;6400000;6400000;6400000;-1;-1;-1;-1;-1;-1;-1;-1;-1;-1;-1;-1;-1;-1;-1;-1;-1;-1;-1;-1;-1;-1;-1;-1;-1
6433;30;No;No;No;No;-;7000000;7000000;7000000;-1;-1;-1;-1;-1;-1;-1;-1;-1;-1;-1;-1;-1;-1;-1;-1;-1;-1;-1;-1;-1;-1;-1;-1;-1;-1
6434;17;No;No;No;No;-;2900000;2900000;2900000;-1;-1;-1;-1;-1;-1;-1;-1;-1;-1;-1;-1;-1;-1;-1;-1;-1;-1;-1;-1;-1;-1;-1;-1;-1;-1
6435;152;No;No;No;No;-;1540000;1540000;1540000;1540000;-1;-1;-1;-1;-1;-1;-1;-1;-1;-1;-1;-1;-1;-1;-1;-1;-1;-1;-1;-1;-1;-1;-1;-1;-1
6436;24;No;No;No;Yes;-;10950000;10950000;10950000;10950000;10950000;10950000;-1;-1;-1;-1;-1;-1;-1;-1;-1;-1;-1;-1;-1;-1;-1;-1;-1;-1;-1;-1;-1;-1;-1
6437;28;No;No;No;No;-;7400000;7400000;7400000;-1;-1;-1;-1;-1;-1;-1;-1;-1;-1;-1;-1;-1;-1;-1;-1;-1;-1;-1;-1;-1;-1;-1;-1;-1;-1
6438;28;No;No;No;No;-;4100000;4100000;4100000;-1;-1;-1;-1;-1;-1;-1;-1;-1;-1;-1;-1;-1;-1;-1;-1;-1;-1;-1;-1;-1;-1;-1;-1;-1;-1
6439;3;No;No;No;Yes;-;2000000;2000000;2000000;2000000;-1;-1;-1;-1;-1;-1;-1;-1;-1;-1;-1;-1;-1;-1;-1;-1;-1;-1;-1;-1;-1;-1;-1;-1;-1
6440;10;No;No;No;No;-;1500000;1500000;1500000;1500000;-1;-1;-1;-1;-1;-1;-1;-1;-1;-1;-1;-1;-1;-1;-1;-1;-1;-1;-1;-1;-1;-1;-1;-1;-1
6441;10;No;No;No;No;-;3910000;3910000;3910000;3910000;-1;-1;-1;-1;-1;-1;-1;-1;-1;-1;-1;-1;-1;-1;-1;-1;-1;-1;-1;-1;-1;-1;-1;-1;-1
6442;28;No;No;No;Yes;-;1250000;1250000;1250000;-1;-1;-1;-1;-1;-1;-1;-1;-1;-1;-1;-1;-1;-1;-1;-1;-1;-1;-1;-1;-1;-1;-1;-1;-1;-1
6444;23;No;No;No;No;-;5650000;5650000;5650000;5650000;-1;-1;-1;-1;-1;-1;-1;-1;-1;-1;-1;-1;-1;-1;-1;-1;-1;-1;-1;-1;-1;-1;-1;-1;-1
6445;26;No;No;No;Yes;-;5150000;5150000;5150000;5150000;-1;-1;-1;-1;-1;-1;-1;-1;-1;-1;-1;-1;-1;-1;-1;-1;-1;-1;-1;-1;-1;-1;-1;-1;-1
6446;0;No;No;No;Yes;-;2800000;2800000;2800000;2800000;2800000;-1;-1;-1;-1;-1;-1;-1;-1;-1;-1;-1;-1;-1;-1;-1;-1;-1;-1;-1;-1;-1;-1;-1;-1
6447;9;No;No;No;No;-;5720000;5720000;5720000;5720000;5720000;-1;-1;-1;-1;-1;-1;-1;-1;-1;-1;-1;-1;-1;-1;-1;-1;-1;-1;-1;-1;-1;-1;-1;-1
6448;18;No;No;No;Yes;-;6800000;6800000;6800000;6800000;6800000;-1;-1;-1;-1;-1;-1;-1;-1;-1;-1;-1;-1;-1;-1;-1;-1;-1;-1;-1;-1;-1;-1;-1;-1
6449;14;No;No;No;Yes;-;4200000;4200000;4200000;4200000;4200000;-1;-1;-1;-1;-1;-1;-1;-1;-1;-1;-1;-1;-1;-1;-1;-1;-1;-1;-1;-1;-1;-1;-1;-1
6450;30;No;No;No;Yes;-;3000000;3000000;3000000;3000000;3000000;-1;-1;-1;-1;-1;-1;-1;-1;-1;-1;-1;-1;-1;-1;-1;-1;-1;-1;-1;-1;-1;-1;-1;-1
6451;25;No;No;No;No;-;5900000;5900000;5900000;5900000;-1;-1;-1;-1;-1;-1;-1;-1;-1;-1;-1;-1;-1;-1;-1;-1;-1;-1;-1;-1;-1;-1;-1;-1;-1
6452;7;No;No;No;No;-;1540000;1540000;1540000;1540000;-1;-1;-1;-1;-1;-1;-1;-1;-1;-1;-1;-1;-1;-1;-1;-1;-1;-1;-1;-1;-1;-1;-1;-1;-1
6453;29;No;No;No;Yes;-;3890000;3890000;3890000;3890000;-1;-1;-1;-1;-1;-1;-1;-1;-1;-1;-1;-1;-1;-1;-1;-1;-1;-1;-1;-1;-1;-1;-1;-1;-1
6454;154;No;No;No;Yes;-;2000000;2000000;2000000;-1;-1;-1;-1;-1;-1;-1;-1;-1;-1;-1;-1;-1;-1;-1;-1;-1;-1;-1;-1;-1;-1;-1;-1;-1;-1
6455;1;No;No;Yes;No;-;1000000;1000000;1000000;-1;-1;-1;-1;-1;-1;-1;-1;-1;-1;-1;-1;-1;-1;-1;-1;-1;-1;-1;-1;-1;-1;-1;-1;-1;-1
6456;24;No;No;No;Yes;-;3770000;3770000;3770000;3770000;3770000;-1;-1;-1;-1;-1;-1;-1;-1;-1;-1;-1;-1;-1;-1;-1;-1;-1;-1;-1;-1;-1;-1;-1;-1
6457;27;No;No;No;Yes;-;5950000;5950000;5950000;5950000;5950000;5950000;-1;-1;-1;-1;-1;-1;-1;-1;-1;-1;-1;-1;-1;-1;-1;-1;-1;-1;-1;-1;-1;-1;-1
6458;2;No;No;No;No;-;1530000;1530000;1530000;1530000;-1;-1;-1;-1;-1;-1;-1;-1;-1;-1;-1;-1;-1;-1;-1;-1;-1;-1;-1;-1;-1;-1;-1;-1;-1
6459;14;No;No;No;Yes;-;4100000;4100000;4100000;4100000;-1;-1;-1;-1;-1;-1;-1;-1;-1;-1;-1;-1;-1;-1;-1;-1;-1;-1;-1;-1;-1;-1;-1;-1;-1
6460;9;No;No;Yes;No;-;1000000;1000000;1000000;-1;-1;-1;-1;-1;-1;-1;-1;-1;-1;-1;-1;-1;-1;-1;-1;-1;-1;-1;-1;-1;-1;-1;-1;-1;-1
6461;19;No;No;No;Yes;-;1000000;1000000;1000000;-1;-1;-1;-1;-1;-1;-1;-1;-1;-1;-1;-1;-1;-1;-1;-1;-1;-1;-1;-1;-1;-1;-1;-1;-1;-1
6462;3;No;No;No;No;-;1540000;1540000;1540000;1540000;-1;-1;-1;-1;-1;-1;-1;-1;-1;-1;-1;-1;-1;-1;-1;-1;-1;-1;-1;-1;-1;-1;-1;-1;-1
6463;8;No;No;Yes;No;-;1000000;1000000;1000000;-1;-1;-1;-1;-1;-1;-1;-1;-1;-1;-1;-1;-1;-1;-1;-1;-1;-1;-1;-1;-1;-1;-1;-1;-1;-1
6465;1;No;No;No;No;-;4500000;4500000;4500000;4500000;4500000;4500000;-1;-1;-1;-1;-1;-1;-1;-1;-1;-1;-1;-1;-1;-1;-1;-1;-1;-1;-1;-1;-1;-1;-1
6466;20;No;No;No;No;-;4540000;4540000;4540000;4540000;-1;-1;-1;-1;-1;-1;-1;-1;-1;-1;-1;-1;-1;-1;-1;-1;-1;-1;-1;-1;-1;-1;-1;-1;-1
6467;17;No;No;No;No;-;1550000;1550000;1550000;1550000;-1;-1;-1;-1;-1;-1;-1;-1;-1;-1;-1;-1;-1;-1;-1;-1;-1;-1;-1;-1;-1;-1;-1;-1;-1
6468;1;No;No;Yes;No;-;990000;990000;-1;-1;-1;-1;-1;-1;-1;-1;-1;-1;-1;-1;-1;-1;-1;-1;-1;-1;-1;-1;-1;-1;-1;-1;-1;-1;-1
6469;29;No;No;No;No;-;1540000;1540000;1540000;1540000;-1;-1;-1;-1;-1;-1;-1;-1;-1;-1;-1;-1;-1;-1;-1;-1;-1;-1;-1;-1;-1;-1;-1;-1;-1
6470;3;No;No;No;Yes;-;3100000;3100000;3100000;3100000;3100000;-1;-1;-1;-1;-1;-1;-1;-1;-1;-1;-1;-1;-1;-1;-1;-1;-1;-1;-1;-1;-1;-1;-1;-1
6471;124;No;No;No;Yes;-;1150000;1150000;-1;-1;-1;-1;-1;-1;-1;-1;-1;-1;-1;-1;-1;-1;-1;-1;-1;-1;-1;-1;-1;-1;-1;-1;-1;-1;-1
6473;23;No;No;No;Yes;-;1220000;1220000;1220000;1220000;-1;-1;-1;-1;-1;-1;-1;-1;-1;-1;-1;-1;-1;-1;-1;-1;-1;-1;-1;-1;-1;-1;-1;-1;-1
6474;14;No;No;Yes;No;-;1000000;1000000;1000000;-1;-1;-1;-1;-1;-1;-1;-1;-1;-1;-1;-1;-1;-1;-1;-1;-1;-1;-1;-1;-1;-1;-1;-1;-1;-1
6475;21;No;No;No;Yes;-;1385000;1385000;1385000;1385000;-1;-1;-1;-1;-1;-1;-1;-1;-1;-1;-1;-1;-1;-1;-1;-1;-1;-1;-1;-1;-1;-1;-1;-1;-1
6476;19;No;No;No;Yes;-;1000000;1000000;1000000;-1;-1;-1;-1;-1;-1;-1;-1;-1;-1;-1;-1;-1;-1;-1;-1;-1;-1;-1;-1;-1;-1;-1;-1;-1;-1
6477;1;No;No;No;No;-;1090000;1090000;1090000;1090000;-1;-1;-1;-1;-1;-1;-1;-1;-1;-1;-1;-1;-1;-1;-1;-1;-1;-1;-1;-1;-1;-1;-1;-1;-1
6478;152;No;No;No;No;-;1180000;1180000;1180000;1180000;-1;-1;-1;-1;-1;-1;-1;-1;-1;-1;-1;-1;-1;-1;-1;-1;-1;-1;-1;-1;-1;-1;-1;-1;-1
6479;154;No;No;Yes;No;-;1000000;1000000;1000000;-1;-1;-1;-1;-1;-1;-1;-1;-1;-1;-1;-1;-1;-1;-1;-1;-1;-1;-1;-1;-1;-1;-1;-1;-1;-1
6480;154;No;No;Yes;No;-;1000000;1000000;1000000;-1;-1;-1;-1;-1;-1;-1;-1;-1;-1;-1;-1;-1;-1;-1;-1;-1;-1;-1;-1;-1;-1;-1;-1;-1;-1
6481;2;No;No;No;No;-;1540000;1540000;1540000;1540000;-1;-1;-1;-1;-1;-1;-1;-1;-1;-1;-1;-1;-1;-1;-1;-1;-1;-1;-1;-1;-1;-1;-1;-1;-1
6482;19;No;No;Yes;No;-;995000;995000;-1;-1;-1;-1;-1;-1;-1;-1;-1;-1;-1;-1;-1;-1;-1;-1;-1;-1;-1;-1;-1;-1;-1;-1;-1;-1;-1
6483;9;No;No;No;Yes;-;995000;995000;995000;-1;-1;-1;-1;-1;-1;-1;-1;-1;-1;-1;-1;-1;-1;-1;-1;-1;-1;-1;-1;-1;-1;-1;-1;-1;-1
6487;21;No;No;No;No;-;1089000;1089000;1089000;1089000;1089000;-1;-1;-1;-1;-1;-1;-1;-1;-1;-1;-1;-1;-1;-1;-1;-1;-1;-1;-1;-1;-1;-1;-1;-1
6488;30;No;No;No;Yes;-;1000000;1000000;1000000;-1;-1;-1;-1;-1;-1;-1;-1;-1;-1;-1;-1;-1;-1;-1;-1;-1;-1;-1;-1;-1;-1;-1;-1;-1;-1
6489;154;No;No;No;No;-;1550000;1550000;1550000;1550000;-1;-1;-1;-1;-1;-1;-1;-1;-1;-1;-1;-1;-1;-1;-1;-1;-1;-1;-1;-1;-1;-1;-1;-1;-1
6490;2;No;No;No;No;-;1090000;1090000;1090000;1090000;-1;-1;-1;-1;-1;-1;-1;-1;-1;-1;-1;-1;-1;-1;-1;-1;-1;-1;-1;-1;-1;-1;-1;-1;-1
6491;12;No;No;No;Yes;-;1080000;1080000;1080000;1080000;-1;-1;-1;-1;-1;-1;-1;-1;-1;-1;-1;-1;-1;-1;-1;-1;-1;-1;-1;-1;-1;-1;-1;-1;-1
6492;12;No;No;No;Yes;-;1090000;1090000;1090000;1090000;-1;-1;-1;-1;-1;-1;-1;-1;-1;-1;-1;-1;-1;-1;-1;-1;-1;-1;-1;-1;-1;-1;-1;-1;-1
6493;31;No;No;No;No;-;1550000;1550000;1550000;-1;-1;-1;-1;-1;-1;-1;-1;-1;-1;-1;-1;-1;-1;-1;-1;-1;-1;-1;-1;-1;-1;-1;-1;-1;-1
6494;30;No;No;Yes;No;-;1000000;1000000;1000000;-1;-1;-1;-1;-1;-1;-1;-1;-1;-1;-1;-1;-1;-1;-1;-1;-1;-1;-1;-1;-1;-1;-1;-1;-1;-1
6495;124;No;No;No;Yes;-;1150000;1150000;-1;-1;-1;-1;-1;-1;-1;-1;-1;-1;-1;-1;-1;-1;-1;-1;-1;-1;-1;-1;-1;-1;-1;-1;-1;-1;-1
6496;30;No;No;No;No;-;1090000;1090000;1090000;1090000;-1;-1;-1;-1;-1;-1;-1;-1;-1;-1;-1;-1;-1;-1;-1;-1;-1;-1;-1;-1;-1;-1;-1;-1;-1
6497;9;No;No;No;Yes;-;995000;995000;-1;-1;-1;-1;-1;-1;-1;-1;-1;-1;-1;-1;-1;-1;-1;-1;-1;-1;-1;-1;-1;-1;-1;-1;-1;-1;-1
6498;1;No;No;No;Yes;-;6000000;6000000;6000000;6000000;6000000;6000000;6000000;-1;-1;-1;-1;-1;-1;-1;-1;-1;-1;-1;-1;-1;-1;-1;-1;-1;-1;-1;-1;-1;-1
6499;19;No;No;No;No;-;855000;855000;-1;-1;-1;-1;-1;-1;-1;-1;-1;-1;-1;-1;-1;-1;-1;-1;-1;-1;-1;-1;-1;-1;-1;-1;-1;-1;-1
6500;20;No;No;No;Yes;-;825000;825000;-1;-1;-1;-1;-1;-1;-1;-1;-1;-1;-1;-1;-1;-1;-1;-1;-1;-1;-1;-1;-1;-1;-1;-1;-1;-1;-1
6501;27;No;No;No;Yes;-;800000;800000;-1;-1;-1;-1;-1;-1;-1;-1;-1;-1;-1;-1;-1;-1;-1;-1;-1;-1;-1;-1;-1;-1;-1;-1;-1;-1;-1
6502;48;No;No;No;No;-;195000;195000;-1;-1;-1;-1;-1;-1;-1;-1;-1;-1;-1;-1;-1;195000;-1;-1;-1;-1;-1;-1;-1;-1;-1;-1;-1;-1;-1
6504;30;No;No;No;No;-;1540000;1540000;1540000;1540000;-1;-1;-1;-1;-1;-1;-1;-1;-1;-1;-1;-1;-1;-1;-1;-1;-1;-1;-1;-1;-1;-1;-1;-1;-1
6505;124;No;No;Yes;No;-;995000;995000;-1;-1;-1;-1;-1;-1;-1;-1;-1;-1;-1;-1;-1;-1;-1;-1;-1;-1;-1;-1;-1;-1;-1;-1;-1;-1;-1
6506;3;No;No;No;No;-;1090000;1090000;1090000;1090000;-1;-1;-1;-1;-1;-1;-1;-1;-1;-1;-1;-1;-1;-1;-1;-1;-1;-1;-1;-1;-1;-1;-1;-1;-1
6507;14;No;No;No;No;-;4500000;4500000;4500000;-1;-1;-1;-1;-1;-1;-1;-1;-1;-1;-1;-1;-1;-1;-1;-1;-1;-1;-1;-1;-1;-1;-1;-1;-1;-1
6508;30;No;No;No;No;-;1090000;1090000;1090000;1090000;-1;-1;-1;-1;-1;-1;-1;-1;-1;-1;-1;-1;-1;-1;-1;-1;-1;-1;-1;-1;-1;-1;-1;-1;-1
6509;17;No;No;No;Yes;-;1700000;1700000;1700000;1700000;-1;-1;-1;-1;-1;-1;-1;-1;-1;-1;-1;-1;-1;-1;-1;-1;-1;-1;-1;-1;-1;-1;-1;-1;-1
6510;23;No;No;Yes;No;-;995000;995000;995000;-1;-1;-1;-1;-1;-1;-1;-1;-1;-1;-1;-1;-1;-1;-1;-1;-1;-1;-1;-1;-1;-1;-1;-1;-1;-1
6512;154;No;No;Yes;No;-;1000000;1000000;1000000;-1;-1;-1;-1;-1;-1;-1;-1;-1;-1;-1;-1;-1;-1;-1;-1;-1;-1;-1;-1;-1;-1;-1;-1;-1;-1
6513;24;No;No;Yes;No;-;995000;995000;995000;-1;-1;-1;-1;-1;-1;-1;-1;-1;-1;-1;-1;-1;-1;-1;-1;-1;-1;-1;-1;-1;-1;-1;-1;-1;-1
6515;23;No;No;No;Yes;-;2900000;2900000;2900000;2900000;-1;-1;-1;-1;-1;-1;-1;-1;-1;-1;-1;-1;-1;-1;-1;-1;-1;-1;-1;-1;-1;-1;-1;-1;-1
6518;10;No;No;No;No;-;1089000;1089000;1089000;1089000;-1;-1;-1;-1;-1;-1;-1;-1;-1;-1;-1;-1;-1;-1;-1;-1;-1;-1;-1;-1;-1;-1;-1;-1;-1
6519;3;No;No;No;No;-;1540000;1540000;1540000;1540000;-1;-1;-1;-1;-1;-1;-1;-1;-1;-1;-1;-1;-1;-1;-1;-1;-1;-1;-1;-1;-1;-1;-1;-1;-1
6520;20;No;No;No;Yes;-;995000;995000;-1;-1;-1;-1;-1;-1;-1;-1;-1;-1;-1;-1;-1;-1;-1;-1;-1;-1;-1;-1;-1;-1;-1;-1;-1;-1;-1
6521;23;No;No;No;No;-;900000;900000;900000;-1;-1;-1;-1;-1;-1;-1;-1;-1;-1;-1;-1;-1;-1;-1;-1;-1;-1;-1;-1;-1;-1;-1;-1;-1;-1
6522;1;No;No;No;Yes;-;1500000;1500000;1500000;1500000;-1;-1;-1;-1;-1;-1;-1;-1;-1;-1;-1;-1;-1;-1;-1;-1;-1;-1;-1;-1;-1;-1;-1;-1;-1
6523;27;No;No;Yes;No;-;1000000;1000000;1000000;-1;-1;-1;-1;-1;-1;-1;-1;-1;-1;-1;-1;-1;-1;-1;-1;-1;-1;-1;-1;-1;-1;-1;-1;-1;-1
6525;3;No;No;No;No;-;1090000;1090000;1090000;1090000;-1;-1;-1;-1;-1;-1;-1;-1;-1;-1;-1;-1;-1;-1;-1;-1;-1;-1;-1;-1;-1;-1;-1;-1;-1
6527;10;No;No;No;Yes;-;6910000;6910000;6910000;-1;-1;-1;-1;-1;-1;-1;-1;-1;-1;-1;-1;-1;-1;-1;-1;-1;-1;-1;-1;-1;-1;-1;-1;-1;-1
6528;1;No;No;No;Yes;-;1500000;1500000;-1;-1;-1;-1;-1;-1;-1;-1;-1;-1;-1;-1;-1;-1;-1;-1;-1;-1;-1;-1;-1;-1;-1;-1;-1;-1;-1
6529;31;No;No;No;No;-;1090000;1090000;1090000;1090000;-1;-1;-1;-1;-1;-1;-1;-1;-1;-1;-1;-1;-1;-1;-1;-1;-1;-1;-1;-1;-1;-1;-1;-1;-1
6530;27;No;No;No;Yes;-;850000;850000;-1;-1;-1;-1;-1;-1;-1;-1;-1;-1;-1;-1;-1;-1;-1;-1;-1;-1;-1;-1;-1;-1;-1;-1;-1;-1;-1
6532;14;No;No;Yes;No;-;1000000;1000000;1000000;-1;-1;-1;-1;-1;-1;-1;-1;-1;-1;-1;-1;-1;-1;-1;-1;-1;-1;-1;-1;-1;-1;-1;-1;-1;-1
6533;31;No;No;No;No;-;1090000;1090000;1090000;-1;-1;-1;-1;-1;-1;-1;-1;-1;-1;-1;-1;-1;-1;-1;-1;-1;-1;-1;-1;-1;-1;-1;-1;-1;-1
6535;31;No;No;No;No;-;1060000;1060000;1060000;1060000;-1;-1;-1;-1;-1;-1;-1;-1;-1;-1;-1;-1;-1;-1;-1;-1;-1;-1;-1;-1;-1;-1;-1;-1;-1
6536;14;No;No;No;No;-;1540000;1540000;1540000;1540000;-1;-1;-1;-1;-1;-1;-1;-1;-1;-1;-1;-1;-1;-1;-1;-1;-1;-1;-1;-1;-1;-1;-1;-1;-1
6537;12;No;No;No;Yes;-;980000;980000;-1;-1;-1;-1;-1;-1;-1;-1;-1;-1;-1;-1;-1;-1;-1;-1;-1;-1;-1;-1;-1;-1;-1;-1;-1;-1;-1
6539;31;No;No;No;No;-;995000;995000;-1;-1;-1;-1;-1;-1;-1;-1;-1;-1;-1;-1;-1;-1;-1;-1;-1;-1;-1;-1;-1;-1;-1;-1;-1;-1;-1
6541;26;No;No;Yes;No;-;995000;995000;995000;-1;-1;-1;-1;-1;-1;-1;-1;-1;-1;-1;-1;-1;-1;-1;-1;-1;-1;-1;-1;-1;-1;-1;-1;-1;-1
6542;152;No;No;No;Yes;-;1125000;1125000;-1;-1;-1;-1;-1;-1;-1;-1;-1;-1;-1;-1;-1;-1;-1;-1;-1;-1;-1;-1;-1;-1;-1;-1;-1;-1;-1
6544;153;No;No;No;No;-;46500;46500;-1;-1;-1;-1;-1;-1;-1;-1;-1;-1;-1;-1;-1;46500;-1;-1;-1;-1;-1;-1;-1;-1;-1;-1;-1;-1;-1
6545;2;No;No;No;No;-;1540000;1540000;1540000;1540000;-1;-1;-1;-1;-1;-1;-1;-1;-1;-1;-1;-1;-1;-1;-1;-1;-1;-1;-1;-1;-1;-1;-1;-1;-1
6546;12;No;No;No;Yes;-;1000000;1000000;1000000;-1;-1;-1;-1;-1;-1;-1;-1;-1;-1;-1;-1;-1;-1;-1;-1;-1;-1;-1;-1;-1;-1;-1;-1;-1;-1
6547;30;No;No;No;No;-;1090000;1090000;1090000;1090000;-1;-1;-1;-1;-1;-1;-1;-1;-1;-1;-1;-1;-1;-1;-1;-1;-1;-1;-1;-1;-1;-1;-1;-1;-1
6548;14;No;No;No;No;-;1090000;1090000;1090000;1090000;-1;-1;-1;-1;-1;-1;-1;-1;-1;-1;-1;-1;-1;-1;-1;-1;-1;-1;-1;-1;-1;-1;-1;-1;-1
6549;1;No;No;No;Yes;-;1900000;1900000;-1;-1;-1;-1;-1;-1;-1;-1;-1;-1;-1;-1;-1;-1;-1;-1;-1;-1;-1;-1;-1;-1;-1;-1;-1;-1;-1
6550;9;No;No;No;No;-;1580000;1580000;1580000;1580000;-1;-1;-1;-1;-1;-1;-1;-1;-1;-1;-1;-1;-1;-1;-1;-1;-1;-1;-1;-1;-1;-1;-1;-1;-1
6551;23;No;No;No;Yes;-;3400000;3400000;3400000;3400000;3400000;3400000;-1;-1;-1;-1;-1;-1;-1;-1;-1;-1;-1;-1;-1;-1;-1;-1;-1;-1;-1;-1;-1;-1;-1
6552;12;No;No;No;Yes;-;850000;850000;850000;-1;-1;-1;-1;-1;-1;-1;-1;-1;-1;-1;-1;-1;-1;-1;-1;-1;-1;-1;-1;-1;-1;-1;-1;-1;-1
6553;12;No;No;Yes;No;-;1000000;1000000;1000000;-1;-1;-1;-1;-1;-1;-1;-1;-1;-1;-1;-1;-1;-1;-1;-1;-1;-1;-1;-1;-1;-1;-1;-1;-1;-1
6554;3;No;No;No;No;-;1090000;1090000;1090000;1090000;-1;-1;-1;-1;-1;-1;-1;-1;-1;-1;-1;-1;-1;-1;-1;-1;-1;-1;-1;-1;-1;-1;-1;-1;-1
6555;10;No;No;No;No;-;1060000;1060000;1060000;1060000;-1;-1;-1;-1;-1;-1;-1;-1;-1;-1;-1;-1;-1;-1;-1;-1;-1;-1;-1;-1;-1;-1;-1;-1;-1
6556;12;No;No;No;No;-;1100000;1100000;1100000;1100000;-1;-1;-1;-1;-1;-1;-1;-1;-1;-1;-1;-1;-1;-1;-1;-1;-1;-1;-1;-1;-1;-1;-1;-1;-1
6558;152;No;No;No;Yes;-;1000000;1000000;-1;-1;-1;-1;-1;-1;-1;-1;-1;-1;-1;-1;-1;-1;-1;-1;-1;-1;-1;-1;-1;-1;-1;-1;-1;-1;-1
6559;154;No;No;Yes;No;-;1000000;1000000;1000000;-1;-1;-1;-1;-1;-1;-1;-1;-1;-1;-1;-1;-1;-1;-1;-1;-1;-1;-1;-1;-1;-1;-1;-1;-1;-1
6560;1;No;No;No;Yes;-;2000000;2000000;-1;-1;-1;-1;-1;-1;-1;-1;-1;-1;-1;-1;-1;-1;-1;-1;-1;-1;-1;-1;-1;-1;-1;-1;-1;-1;-1
6562;2;No;No;No;No;-;1640000;1640000;1640000;1640000;-1;-1;-1;-1;-1;-1;-1;-1;-1;-1;-1;-1;-1;-1;-1;-1;-1;-1;-1;-1;-1;-1;-1;-1;-1
6565;20;No;No;No;No;-;7000000;7000000;7000000;7000000;7000000;7000000;-1;-1;-1;-1;-1;-1;-1;-1;-1;-1;-1;-1;-1;-1;-1;-1;-1;-1;-1;-1;-1;-1;-1
6566;23;No;No;No;Yes;-;995000;995000;995000;-1;-1;-1;-1;-1;-1;-1;-1;-1;-1;-1;-1;-1;-1;-1;-1;-1;-1;-1;-1;-1;-1;-1;-1;-1;-1
6567;7;No;No;No;Yes;-;1530000;1530000;1530000;1530000;-1;-1;-1;-1;-1;-1;-1;-1;-1;-1;-1;-1;-1;-1;-1;-1;-1;-1;-1;-1;-1;-1;-1;-1;-1
6572;104;No;No;No;No;-;1000;1000;-1;-1;-1;-1;-1;-1;-1;-1;-1;-1;-1;-1;-1;1000;-1;-1;-1;-1;-1;-1;-1;-1;-1;-1;-1;-1;-1
6574;124;No;No;Yes;No;-;1000000;1000000;1000000;1000000;-1;-1;-1;-1;-1;-1;-1;-1;-1;-1;-1;-1;-1;-1;-1;-1;-1;-1;-1;-1;-1;-1;-1;-1;-1
6576;96;No;No;No;No;-;3000;3000;-1;-1;-1;-1;-1;-1;-1;-1;-1;-1;-1;-1;-1;3000;-1;-1;-1;-1;-1;-1;-1;-1;-1;-1;-1;-1;-1
6577;14;No;No;Yes;No;-;1000000;1000000;1000000;1000000;-1;-1;-1;-1;-1;-1;-1;-1;-1;-1;-1;-1;-1;-1;-1;-1;-1;-1;-1;-1;-1;-1;-1;-1;-1
6581;98;No;No;No;No;-;3000;3000;-1;-1;-1;-1;-1;-1;-1;-1;-1;-1;-1;-1;-1;3000;-1;-1;-1;-1;-1;-1;-1;-1;-1;-1;-1;-1;-1
6582;30;No;No;Yes;No;-;1000000;1000000;1000000;1000000;-1;-1;-1;-1;-1;-1;-1;-1;-1;-1;-1;-1;-1;-1;-1;-1;-1;-1;-1;-1;-1;-1;-1;-1;-1
6587;3;No;No;Yes;No;-;1000000;1000000;1000000;1000000;-1;-1;-1;-1;-1;-1;-1;-1;-1;-1;-1;-1;-1;-1;-1;-1;-1;-1;-1;-1;-1;-1;-1;-1;-1
6588;124;No;No;Yes;No;-;1000000;1000000;1000000;1000000;-1;-1;-1;-1;-1;-1;-1;-1;-1;-1;-1;-1;-1;-1;-1;-1;-1;-1;-1;-1;-1;-1;-1;-1;-1
6589;8;No;No;Yes;No;-;995000;995000;995000;995000;-1;-1;-1;-1;-1;-1;-1;-1;-1;-1;-1;-1;-1;-1;-1;-1;-1;-1;-1;-1;-1;-1;-1;-1;-1
6590;27;No;No;Yes;No;-;995000;995000;995000;995000;-1;-1;-1;-1;-1;-1;-1;-1;-1;-1;-1;-1;-1;-1;-1;-1;-1;-1;-1;-1;-1;-1;-1;-1;-1
6591;99;No;No;No;No;-;1000;1000;-1;-1;-1;-1;-1;-1;-1;-1;-1;-1;-1;-1;-1;1000;-1;-1;-1;-1;-1;-1;-1;-1;-1;-1;-1;-1;-1
6592;44;No;No;No;No;-;43000;43000;-1;-1;-1;-1;-1;-1;-1;-1;-1;-1;-1;-1;-1;5551;-1;-1;-1;-1;-1;-1;-1;-1;-1;-1;-1;-1;-1
6593;31;No;No;Yes;No;-;995000;995000;995000;995000;-1;-1;-1;-1;-1;-1;-1;-1;-1;-1;-1;-1;-1;-1;-1;-1;-1;-1;-1;-1;-1;-1;-1;-1;-1
6595;94;No;No;No;No;-;1000;1000;-1;-1;-1;-1;-1;-1;-1;-1;-1;-1;-1;-1;-1;1000;-1;-1;-1;-1;-1;-1;-1;-1;-1;-1;-1;-1;-1
6597;85;No;No;No;No;-;3000;3000;-1;-1;-1;-1;-1;-1;-1;-1;-1;-1;-1;-1;-1;3000;-1;-1;-1;-1;-1;-1;-1;-1;-1;-1;-1;-1;-1
6599;92;No;No;No;No;-;3000;3000;-1;-1;-1;-1;-1;-1;-1;-1;-1;-1;-1;-1;-1;3000;-1;-1;-1;-1;-1;-1;-1;-1;-1;-1;-1;-1;-1
6600;3;No;No;Yes;No;-;1000000;1000000;1000000;1000000;-1;-1;-1;-1;-1;-1;-1;-1;-1;-1;-1;-1;-1;-1;-1;-1;-1;-1;-1;-1;-1;-1;-1;-1;-1
6605;2;No;No;Yes;No;-;995000;995000;995000;995000;-1;-1;-1;-1;-1;-1;-1;-1;-1;-1;-1;-1;-1;-1;-1;-1;-1;-1;-1;-1;-1;-1;-1;-1;-1
6607;86;No;No;No;No;-;3000;3000;-1;-1;-1;-1;-1;-1;-1;-1;-1;-1;-1;-1;-1;3000;-1;-1;-1;-1;-1;-1;-1;-1;-1;-1;-1;-1;-1
6608;103;No;No;No;No;-;3000;3000;-1;-1;-1;-1;-1;-1;-1;-1;-1;-1;-1;-1;-1;3000;-1;-1;-1;-1;-1;-1;-1;-1;-1;-1;-1;-1;-1
6612;152;No;No;Yes;No;-;1000000;1000000;1000000;1000000;-1;-1;-1;-1;-1;-1;-1;-1;-1;-1;-1;-1;-1;-1;-1;-1;-1;-1;-1;-1;-1;-1;-1;-1;-1
6614;99;No;No;No;No;-;1000;1000;-1;-1;-1;-1;-1;-1;-1;-1;-1;-1;-1;-1;-1;1000;-1;-1;-1;-1;-1;-1;-1;-1;-1;-1;-1;-1;-1
6619;3;No;No;Yes;No;-;1000000;1000000;1000000;1000000;-1;-1;-1;-1;-1;-1;-1;-1;-1;-1;-1;-1;-1;-1;-1;-1;-1;-1;-1;-1;-1;-1;-1;-1;-1
6620;55;No;No;No;No;-;63000;63000;-1;-1;-1;-1;-1;-1;-1;-1;-1;-1;-1;-1;-1;63000;-1;-1;-1;-1;-1;-1;-1;-1;-1;-1;-1;-1;-1
6621;88;No;No;No;No;-;9999;9999;9999;-1;-1;-1;-1;-1;-1;-1;-1;-1;-1;-1;-1;-1;-1;-1;-1;-1;-1;-1;-1;-1;-1;-1;-1;-1;-1
6622;31;No;No;Yes;No;-;995000;995000;995000;995000;-1;-1;-1;-1;-1;-1;-1;-1;-1;-1;-1;-1;-1;-1;-1;-1;-1;-1;-1;-1;-1;-1;-1;-1;-1
6626;27;No;No;Yes;No;-;995000;995000;995000;995000;-1;-1;-1;-1;-1;-1;-1;-1;-1;-1;-1;-1;-1;-1;-1;-1;-1;-1;-1;-1;-1;-1;-1;-1;-1
6629;87;No;No;No;No;-;3000;3000;3000;-1;-1;-1;-1;-1;-1;-1;-1;-1;-1;-1;-1;3000;3000;-1;-1;-1;-1;-1;-1;-1;-1;-1;-1;-1;-1
6631;103;No;No;No;No;-;3000;3000;-1;-1;-1;-1;-1;-1;-1;-1;-1;-1;-1;-1;-1;3000;-1;-1;-1;-1;-1;-1;-1;-1;-1;-1;-1;-1;-1
6634;1;No;No;Yes;No;-;995000;995000;995000;995000;-1;-1;-1;-1;-1;-1;-1;-1;-1;-1;-1;-1;-1;-1;-1;-1;-1;-1;-1;-1;-1;-1;-1;-1;-1
6635;28;No;No;Yes;No;-;1000000;1000000;1000000;1000000;-1;-1;-1;-1;-1;-1;-1;-1;-1;-1;-1;-1;-1;-1;-1;-1;-1;-1;-1;-1;-1;-1;-1;-1;-1
6639;94;No;No;No;No;-;1000;1000;-1;-1;-1;-1;-1;-1;-1;-1;-1;-1;-1;-1;-1;1000;-1;-1;-1;-1;-1;-1;-1;-1;-1;-1;-1;-1;-1
6640;0;No;No;Yes;No;-;995000;995000;995000;995000;-1;-1;-1;-1;-1;-1;-1;-1;-1;-1;-1;-1;-1;-1;-1;-1;-1;-1;-1;-1;-1;-1;-1;-1;-1
6641;90;No;No;No;No;-;1000;1000;-1;-1;-1;-1;-1;-1;-1;-1;-1;-1;-1;-1;-1;1000;-1;-1;-1;-1;-1;-1;-1;-1;-1;-1;-1;-1;-1
6644;95;No;No;No;No;-;3000;3000;-1;-1;-1;-1;-1;-1;-1;-1;-1;-1;-1;-1;-1;3000;-1;-1;-1;-1;-1;-1;-1;-1;-1;-1;-1;-1;-1
6646;92;No;No;No;No;-;3000;3000;-1;-1;-1;-1;-1;-1;-1;-1;-1;-1;-1;-1;-1;3000;-1;-1;-1;-1;-1;-1;-1;-1;-1;-1;-1;-1;-1
6647;96;No;No;No;No;-;3000;3000;-1;-1;-1;-1;-1;-1;-1;-1;-1;-1;-1;-1;-1;3000;-1;-1;-1;-1;-1;-1;-1;-1;-1;-1;-1;-1;-1
6648;1;No;No;Yes;No;-;1000000;1000000;1000000;1000000;-1;-1;-1;-1;-1;-1;-1;-1;-1;-1;-1;-1;-1;-1;-1;-1;-1;-1;-1;-1;-1;-1;-1;-1;-1
6650;103;No;No;No;No;-;3000;3000;-1;-1;-1;-1;-1;-1;-1;-1;-1;-1;-1;-1;-1;3000;-1;-1;-1;-1;-1;-1;-1;-1;-1;-1;-1;-1;-1
6652;124;No;No;Yes;No;-;1000000;1000000;1000000;1000000;-1;-1;-1;-1;-1;-1;-1;-1;-1;-1;-1;-1;-1;-1;-1;-1;-1;-1;-1;-1;-1;-1;-1;-1;-1
6654;100;No;No;No;No;-;3000;3000;-1;-1;-1;-1;-1;-1;-1;-1;-1;-1;-1;-1;-1;3000;-1;-1;-1;-1;-1;-1;-1;-1;-1;-1;-1;-1;-1
6656;1;No;No;Yes;No;-;1000000;1000000;1000000;1000000;-1;-1;-1;-1;-1;-1;-1;-1;-1;-1;-1;-1;-1;-1;-1;-1;-1;-1;-1;-1;-1;-1;-1;-1;-1
6657;99;No;No;No;No;-;1000;1000;-1;-1;-1;-1;-1;-1;-1;-1;-1;-1;-1;-1;-1;1000;-1;-1;-1;-1;-1;-1;-1;-1;-1;-1;-1;-1;-1
6659;96;No;No;No;No;-;3000;3000;-1;-1;-1;-1;-1;-1;-1;-1;-1;-1;-1;-1;-1;3000;-1;-1;-1;-1;-1;-1;-1;-1;-1;-1;-1;-1;-1
6660;0;No;No;Yes;No;-;995000;995000;995000;-1;-1;-1;-1;-1;-1;-1;-1;-1;-1;-1;-1;-1;-1;-1;-1;-1;-1;-1;-1;-1;-1;-1;-1;-1;-1
6662;88;No;No;No;No;-;1000;1000;-1;-1;-1;-1;-1;-1;-1;-1;-1;-1;-1;-1;-1;1000;-1;-1;-1;-1;-1;-1;-1;-1;-1;-1;-1;-1;-1
6664;3;No;No;Yes;No;-;1000000;1000000;1000000;1000000;-1;-1;-1;-1;-1;-1;-1;-1;-1;-1;-1;-1;-1;-1;-1;-1;-1;-1;-1;-1;-1;-1;-1;-1;-1
6666;90;No;No;No;No;-;3000;3000;-1;-1;-1;-1;-1;-1;-1;-1;-1;-1;-1;-1;-1;3000;-1;-1;-1;-1;-1;-1;-1;-1;-1;-1;-1;-1;-1
6674;2;No;No;Yes;No;-;995000;995000;995000;995000;-1;-1;-1;-1;-1;-1;-1;-1;-1;-1;-1;-1;-1;-1;-1;-1;-1;-1;-1;-1;-1;-1;-1;-1;-1
6677;91;No;No;No;No;-;3000;3000;-1;-1;-1;-1;-1;-1;-1;-1;-1;-1;-1;-1;-1;3000;-1;-1;-1;-1;-1;-1;-1;-1;-1;-1;-1;-1;-1
6678;28;No;No;No;No;-;995000;995000;995000;-1;-1;-1;-1;-1;-1;-1;-1;-1;-1;-1;-1;-1;-1;-1;-1;-1;-1;-1;-1;-1;-1;-1;-1;-1;-1
6679;101;No;No;No;No;-;3000;3000;-1;-1;-1;-1;-1;-1;-1;-1;-1;-1;-1;-1;-1;3000;-1;-1;-1;-1;-1;-1;-1;-1;-1;-1;-1;-1;-1
6681;101;No;No;No;No;-;1000;1000;-1;-1;-1;-1;-1;-1;-1;-1;-1;-1;-1;-1;-1;1000;-1;-1;-1;-1;-1;-1;-1;-1;-1;-1;-1;-1;-1
6682;38;No;No;No;No;-;43000;43000;-1;-1;-1;-1;-1;-1;-1;-1;-1;-1;-1;-1;-1;5978;-1;-1;-1;-1;-1;-1;-1;-1;-1;-1;-1;-1;-1
6684;10;No;No;Yes;No;-;1000000;1000000;1000000;1000000;-1;-1;-1;-1;-1;-1;-1;-1;-1;-1;-1;-1;-1;-1;-1;-1;-1;-1;-1;-1;-1;-1;-1;-1;-1
6687;87;No;No;No;No;-;1000;1000;-1;-1;-1;-1;-1;-1;-1;-1;-1;-1;-1;-1;-1;1000;-1;-1;-1;-1;-1;-1;-1;-1;-1;-1;-1;-1;-1
6688;18;No;No;Yes;No;-;995000;995000;995000;-1;-1;-1;-1;-1;-1;-1;-1;-1;-1;-1;-1;-1;-1;-1;-1;-1;-1;-1;-1;-1;-1;-1;-1;-1;-1
6690;104;No;No;No;No;-;3000;3000;-1;-1;-1;-1;-1;-1;-1;-1;-1;-1;-1;-1;-1;3000;-1;-1;-1;-1;-1;-1;-1;-1;-1;-1;-1;-1;-1
6693;101;No;No;No;No;-;1000;1000;-1;-1;-1;-1;-1;-1;-1;-1;-1;-1;-1;-1;-1;1000;-1;-1;-1;-1;-1;-1;-1;-1;-1;-1;-1;-1;-1
6698;1;No;No;Yes;No;-;1000000;1000000;1000000;1000000;-1;-1;-1;-1;-1;-1;-1;-1;-1;-1;-1;-1;-1;-1;-1;-1;-1;-1;-1;-1;-1;-1;-1;-1;-1
6700;30;No;No;Yes;No;-;995000;995000;995000;995000;-1;-1;-1;-1;-1;-1;-1;-1;-1;-1;-1;-1;-1;-1;-1;-1;-1;-1;-1;-1;-1;-1;-1;-1;-1
6702;124;No;No;Yes;No;-;1000000;1000000;1000000;1000000;-1;-1;-1;-1;-1;-1;-1;-1;-1;-1;-1;-1;-1;-1;-1;-1;-1;-1;-1;-1;-1;-1;-1;-1;-1
6703;19;No;No;No;Yes;-;995000;995000;995000;995000;-1;-1;-1;-1;-1;-1;-1;-1;-1;-1;-1;-1;-1;-1;-1;-1;-1;-1;-1;-1;-1;-1;-1;-1;-1
6705;86;No;No;No;No;-;3000;3000;-1;-1;-1;-1;-1;-1;-1;-1;-1;-1;-1;-1;-1;3000;-1;-1;-1;-1;-1;-1;-1;-1;-1;-1;-1;-1;-1
6709;88;No;No;No;No;-;3000;3000;-1;-1;-1;-1;-1;-1;-1;-1;-1;-1;-1;-1;-1;3000;-1;-1;-1;-1;-1;-1;-1;-1;-1;-1;-1;-1;-1
6710;1;No;No;Yes;No;-;1000000;1000000;1000000;1000000;-1;-1;-1;-1;-1;-1;-1;-1;-1;-1;-1;-1;-1;-1;-1;-1;-1;-1;-1;-1;-1;-1;-1;-1;-1
6711;101;No;No;No;No;-;3000;3000;-1;-1;-1;-1;-1;-1;-1;-1;-1;-1;-1;-1;-1;3000;-1;-1;-1;-1;-1;-1;-1;-1;-1;-1;-1;-1;-1
6716;100;No;No;No;No;-;3000;3000;-1;-1;-1;-1;-1;-1;-1;-1;-1;-1;-1;-1;-1;3000;-1;-1;-1;-1;-1;-1;-1;-1;-1;-1;-1;-1;-1
6717;94;No;No;No;No;-;3000;3000;-1;-1;-1;-1;-1;-1;-1;-1;-1;-1;-1;-1;-1;3000;-1;-1;-1;-1;-1;-1;-1;-1;-1;-1;-1;-1;-1
6719;12;No;No;Yes;No;-;995000;995000;995000;995000;-1;-1;-1;-1;-1;-1;-1;-1;-1;-1;-1;-1;-1;-1;-1;-1;-1;-1;-1;-1;-1;-1;-1;-1;-1
6720;88;No;No;No;No;-;3000;3000;-1;-1;-1;-1;-1;-1;-1;-1;-1;-1;-1;-1;-1;3000;-1;-1;-1;-1;-1;-1;-1;-1;-1;-1;-1;-1;-1
6721;1;No;No;No;Yes;-;995000;995000;995000;995000;-1;-1;-1;-1;-1;-1;-1;-1;-1;-1;-1;-1;-1;-1;-1;-1;-1;-1;-1;-1;-1;-1;-1;-1;-1
6724;98;No;No;No;No;-;3000;3000;-1;-1;-1;-1;-1;-1;-1;-1;-1;-1;-1;-1;-1;3000;-1;-1;-1;-1;-1;-1;-1;-1;-1;-1;-1;-1;-1
6728;89;No;No;No;No;-;3000;3000;-1;-1;-1;-1;-1;-1;-1;-1;-1;-1;-1;-1;-1;3000;-1;-1;-1;-1;-1;-1;-1;-1;-1;-1;-1;-1;-1
6733;26;No;No;Yes;No;-;1000000;1000000;1000000;1000000;-1;-1;-1;-1;-1;-1;-1;-1;-1;-1;-1;-1;-1;-1;-1;-1;-1;-1;-1;-1;-1;-1;-1;-1;-1
6734;3;No;No;Yes;No;-;995000;995000;995000;995000;-1;-1;-1;-1;-1;-1;-1;-1;-1;-1;-1;-1;-1;-1;-1;-1;-1;-1;-1;-1;-1;-1;-1;-1;-1
6735;124;No;No;Yes;No;-;1000000;1000000;1000000;1000000;-1;-1;-1;-1;-1;-1;-1;-1;-1;-1;-1;-1;-1;-1;-1;-1;-1;-1;-1;-1;-1;-1;-1;-1;-1
6739;77;No;No;No;No;-;3000;3000;-1;-1;-1;-1;-1;-1;-1;-1;-1;-1;-1;-1;-1;3000;-1;-1;-1;-1;-1;-1;-1;-1;-1;-1;-1;-1;-1
6740;74;No;No;No;No;-;3000;3000;-1;-1;-1;-1;-1;-1;-1;-1;-1;-1;-1;-1;-1;3000;-1;-1;-1;-1;-1;-1;-1;-1;-1;-1;-1;-1;-1
6741;8;No;No;Yes;No;-;1000000;1000000;1000000;1000000;-1;-1;-1;-1;-1;-1;-1;-1;-1;-1;-1;-1;-1;-1;-1;-1;-1;-1;-1;-1;-1;-1;-1;-1;-1
6743;26;No;No;Yes;No;-;1000000;1000000;1000000;1000000;-1;-1;-1;-1;-1;-1;-1;-1;-1;-1;-1;-1;-1;-1;-1;-1;-1;-1;-1;-1;-1;-1;-1;-1;-1
6744;83;No;No;No;No;-;1000;1000;-1;-1;-1;-1;-1;-1;-1;-1;-1;-1;-1;-1;-1;1000;-1;-1;-1;-1;-1;-1;-1;-1;-1;-1;-1;-1;-1
6750;72;No;No;No;No;-;9999;9999;9999;9999;-1;-1;-1;-1;-1;-1;-1;-1;-1;-1;-1;-1;-1;-1;-1;-1;-1;-1;-1;-1;-1;-1;-1;-1;-1
6751;1;No;No;Yes;No;-;995000;995000;995000;995000;-1;-1;-1;-1;-1;-1;-1;-1;-1;-1;-1;-1;-1;-1;-1;-1;-1;-1;-1;-1;-1;-1;-1;-1;-1
6752;19;No;No;Yes;No;-;995000;995000;995000;995000;-1;-1;-1;-1;-1;-1;-1;-1;-1;-1;-1;-1;-1;-1;-1;-1;-1;-1;-1;-1;-1;-1;-1;-1;-1
6755;71;No;No;No;No;-;1000;1000;-1;-1;-1;-1;-1;-1;-1;-1;-1;-1;-1;-1;-1;1000;-1;-1;-1;-1;-1;-1;-1;-1;-1;-1;-1;-1;-1
6757;2;No;No;Yes;No;-;995000;995000;995000;995000;-1;-1;-1;-1;-1;-1;-1;-1;-1;-1;-1;-1;-1;-1;-1;-1;-1;-1;-1;-1;-1;-1;-1;-1;-1
6759;26;No;No;Yes;No;-;1000000;1000000;1000000;1000000;-1;-1;-1;-1;-1;-1;-1;-1;-1;-1;-1;-1;-1;-1;-1;-1;-1;-1;-1;-1;-1;-1;-1;-1;-1
6764;1;No;No;Yes;No;-;1000000;1000000;1000000;1000000;-1;-1;-1;-1;-1;-1;-1;-1;-1;-1;-1;-1;-1;-1;-1;-1;-1;-1;-1;-1;-1;-1;-1;-1;-1
6765;124;No;No;Yes;No;-;1000000;1000000;1000000;1000000;-1;-1;-1;-1;-1;-1;-1;-1;-1;-1;-1;-1;-1;-1;-1;-1;-1;-1;-1;-1;-1;-1;-1;-1;-1
6766;70;No;No;No;No;-;1000;1000;-1;-1;-1;-1;-1;-1;-1;-1;-1;-1;-1;-1;-1;1000;-1;-1;-1;-1;-1;-1;-1;-1;-1;-1;-1;-1;-1
6768;2;No;No;Yes;No;-;995000;995000;995000;995000;-1;-1;-1;-1;-1;-1;-1;-1;-1;-1;-1;-1;-1;-1;-1;-1;-1;-1;-1;-1;-1;-1;-1;-1;-1
6771;30;No;No;Yes;No;-;1000000;1000000;1000000;1000000;-1;-1;-1;-1;-1;-1;-1;-1;-1;-1;-1;-1;-1;-1;-1;-1;-1;-1;-1;-1;-1;-1;-1;-1;-1
6776;28;No;No;Yes;No;-;1000000;1000000;1000000;1000000;-1;-1;-1;-1;-1;-1;-1;-1;-1;-1;-1;-1;-1;-1;-1;-1;-1;-1;-1;-1;-1;-1;-1;-1;-1
6777;80;No;No;No;No;-;3000;3000;-1;-1;-1;-1;-1;-1;-1;-1;-1;-1;-1;-1;-1;3000;-1;-1;-1;-1;-1;-1;-1;-1;-1;-1;-1;-1;-1
6780;7;No;No;Yes;No;-;995000;995000;995000;995000;-1;-1;-1;-1;-1;-1;-1;-1;-1;-1;-1;-1;-1;-1;-1;-1;-1;-1;-1;-1;-1;-1;-1;-1;-1
6784;18;No;No;No;Yes;-;1000000;1000000;1000000;1000000;-1;-1;-1;-1;-1;-1;-1;-1;-1;-1;-1;-1;-1;-1;-1;-1;-1;-1;-1;-1;-1;-1;-1;-1;-1
6788;78;No;No;No;No;-;3000;3000;-1;-1;-1;-1;-1;-1;-1;-1;-1;-1;-1;-1;-1;3000;-1;-1;-1;-1;-1;-1;-1;-1;-1;-1;-1;-1;-1
6789;66;No;No;No;No;-;3000;3000;-1;-1;-1;-1;-1;-1;-1;-1;-1;-1;-1;-1;-1;3000;-1;-1;-1;-1;-1;-1;-1;-1;-1;-1;-1;-1;-1
6790;63;No;No;No;No;-;1000;1000;-1;-1;-1;-1;-1;-1;-1;-1;-1;-1;-1;-1;-1;1000;-1;-1;-1;-1;-1;-1;-1;-1;-1;-1;-1;-1;-1
6793;63;No;No;No;No;-;1000;1000;-1;-1;-1;-1;-1;-1;-1;-1;-1;-1;-1;-1;-1;1000;-1;-1;-1;-1;-1;-1;-1;-1;-1;-1;-1;-1;-1
6794;75;No;No;No;No;-;3000;3000;-1;-1;-1;-1;-1;-1;-1;-1;-1;-1;-1;-1;-1;3000;-1;-1;-1;-1;-1;-1;-1;-1;-1;-1;-1;-1;-1
6795;63;No;No;No;No;-;3000;3000;-1;-1;-1;-1;-1;-1;-1;-1;-1;-1;-1;-1;-1;3000;-1;-1;-1;-1;-1;-1;-1;-1;-1;-1;-1;-1;-1
6800;65;No;No;No;No;-;3000;3000;-1;-1;-1;-1;-1;-1;-1;-1;-1;-1;-1;-1;-1;3000;-1;-1;-1;-1;-1;-1;-1;-1;-1;-1;-1;-1;-1
6801;80;No;No;No;No;-;3000;3000;-1;-1;-1;-1;-1;-1;-1;-1;-1;-1;-1;-1;-1;3000;-1;-1;-1;-1;-1;-1;-1;-1;-1;-1;-1;-1;-1
6806;78;No;No;No;No;-;1000;1000;-1;-1;-1;-1;-1;-1;-1;-1;-1;-1;-1;-1;-1;1000;-1;-1;-1;-1;-1;-1;-1;-1;-1;-1;-1;-1;-1
6811;28;No;No;Yes;No;-;1000000;1000000;1000000;1000000;-1;-1;-1;-1;-1;-1;-1;-1;-1;-1;-1;-1;-1;-1;-1;-1;-1;-1;-1;-1;-1;-1;-1;-1;-1
6813;14;No;No;Yes;No;-;1000000;1000000;1000000;1000000;-1;-1;-1;-1;-1;-1;-1;-1;-1;-1;-1;-1;-1;-1;-1;-1;-1;-1;-1;-1;-1;-1;-1;-1;-1
6820;69;No;No;No;No;-;3000;3000;-1;-1;-1;-1;-1;-1;-1;-1;-1;-1;-1;-1;-1;3000;-1;-1;-1;-1;-1;-1;-1;-1;-1;-1;-1;-1;-1
6821;71;No;No;No;No;-;3000;3000;-1;-1;-1;-1;-1;-1;-1;-1;-1;-1;-1;-1;-1;3000;-1;-1;-1;-1;-1;-1;-1;-1;-1;-1;-1;-1;-1
6822;65;No;No;No;No;-;3000;3000;-1;-1;-1;-1;-1;-1;-1;-1;-1;-1;-1;-1;-1;3000;-1;-1;-1;-1;-1;-1;-1;-1;-1;-1;-1;-1;-1
6824;67;No;No;No;No;-;3000;3000;-1;-1;-1;-1;-1;-1;-1;-1;-1;-1;-1;-1;-1;3000;-1;-1;-1;-1;-1;-1;-1;-1;-1;-1;-1;-1;-1
6825;37;No;No;No;No;-;43500;43500;-1;-1;-1;-1;-1;-1;-1;-1;-1;-1;-1;-1;-1;43500;-1;-1;-1;-1;-1;-1;-1;-1;-1;-1;-1;-1;-1
6826;12;No;No;Yes;No;-;990000;990000;-1;-1;-1;-1;-1;-1;-1;-1;-1;-1;-1;-1;-1;-1;-1;-1;-1;-1;-1;-1;-1;-1;-1;-1;-1;-1;-1
6827;82;No;No;No;No;-;3000;3000;-1;-1;-1;-1;-1;-1;-1;-1;-1;-1;-1;-1;-1;3000;-1;-1;-1;-1;-1;-1;-1;-1;-1;-1;-1;-1;-1
6831;79;No;No;No;No;-;3000;3000;-1;-1;-1;-1;-1;-1;-1;-1;-1;-1;-1;-1;-1;3000;-1;-1;-1;-1;-1;-1;-1;-1;-1;-1;-1;-1;-1
6834;8;No;No;Yes;No;-;1000000;1000000;1000000;1000000;-1;-1;-1;-1;-1;-1;-1;-1;-1;-1;-1;-1;-1;-1;-1;-1;-1;-1;-1;-1;-1;-1;-1;-1;-1
6835;83;No;No;No;No;-;1000;1000;-1;-1;-1;-1;-1;-1;-1;-1;-1;-1;-1;-1;-1;1000;-1;-1;-1;-1;-1;-1;-1;-1;-1;-1;-1;-1;-1
6837;25;No;No;Yes;No;-;1000000;1000000;1000000;1000000;-1;-1;-1;-1;-1;-1;-1;-1;-1;-1;-1;-1;-1;-1;-1;-1;-1;-1;-1;-1;-1;-1;-1;-1;-1
6839;3;No;No;Yes;No;-;1000000;1000000;1000000;1000000;-1;-1;-1;-1;-1;-1;-1;-1;-1;-1;-1;-1;-1;-1;-1;-1;-1;-1;-1;-1;-1;-1;-1;-1;-1
6840;74;No;No;No;No;-;3000;3000;-1;-1;-1;-1;-1;-1;-1;-1;-1;-1;-1;-1;-1;3000;-1;-1;-1;-1;-1;-1;-1;-1;-1;-1;-1;-1;-1
6841;82;No;No;No;No;-;1000;1000;-1;-1;-1;-1;-1;-1;-1;-1;-1;-1;-1;-1;-1;1000;-1;-1;-1;-1;-1;-1;-1;-1;-1;-1;-1;-1;-1
6842;26;No;No;Yes;No;-;995000;995000;995000;995000;-1;-1;-1;-1;-1;-1;-1;-1;-1;-1;-1;-1;-1;-1;-1;-1;-1;-1;-1;-1;-1;-1;-1;-1;-1
6845;8;No;No;Yes;No;-;1000000;1000000;1000000;1000000;-1;-1;-1;-1;-1;-1;-1;-1;-1;-1;-1;-1;-1;-1;-1;-1;-1;-1;-1;-1;-1;-1;-1;-1;-1
6848;76;No;No;No;No;-;1000;1000;-1;-1;-1;-1;-1;-1;-1;-1;-1;-1;-1;-1;-1;1000;-1;-1;-1;-1;-1;-1;-1;-1;-1;-1;-1;-1;-1
6849;69;No;No;No;No;-;3000;3000;-1;-1;-1;-1;-1;-1;-1;-1;-1;-1;-1;-1;-1;3000;-1;-1;-1;-1;-1;-1;-1;-1;-1;-1;-1;-1;-1
6851;1;No;No;Yes;No;-;1000000;1000000;1000000;1000000;-1;-1;-1;-1;-1;-1;-1;-1;-1;-1;-1;-1;-1;-1;-1;-1;-1;-1;-1;-1;-1;-1;-1;-1;-1
6855;28;No;No;Yes;No;-;1000000;1000000;1000000;1000000;-1;-1;-1;-1;-1;-1;-1;-1;-1;-1;-1;-1;-1;-1;-1;-1;-1;-1;-1;-1;-1;-1;-1;-1;-1
6861;23;No;No;Yes;No;-;1000000;1000000;1000000;1000000;-1;-1;-1;-1;-1;-1;-1;-1;-1;-1;-1;-1;-1;-1;-1;-1;-1;-1;-1;-1;-1;-1;-1;-1;-1
6864;80;No;No;No;No;-;3000;3000;-1;-1;-1;-1;-1;-1;-1;-1;-1;-1;-1;-1;-1;3000;-1;-1;-1;-1;-1;-1;-1;-1;-1;-1;-1;-1;-1
6865;1;No;No;Yes;No;-;995000;995000;995000;995000;-1;-1;-1;-1;-1;-1;-1;-1;-1;-1;-1;-1;-1;-1;-1;-1;-1;-1;-1;-1;-1;-1;-1;-1;-1
6875;81;No;No;No;No;-;3000;3000;-1;-1;-1;-1;-1;-1;-1;-1;-1;-1;-1;-1;-1;3000;-1;-1;-1;-1;-1;-1;-1;-1;-1;-1;-1;-1;-1
6881;30;No;No;Yes;No;-;995000;995000;995000;995000;-1;-1;-1;-1;-1;-1;-1;-1;-1;-1;-1;-1;-1;-1;-1;-1;-1;-1;-1;-1;-1;-1;-1;-1;-1
6882;78;No;No;No;No;-;1000;1000;-1;-1;-1;-1;-1;-1;-1;-1;-1;-1;-1;-1;-1;1000;-1;-1;-1;-1;-1;-1;-1;-1;-1;-1;-1;-1;-1
6884;21;No;No;Yes;No;-;995000;995000;995000;995000;-1;-1;-1;-1;-1;-1;-1;-1;-1;-1;-1;-1;-1;-1;-1;-1;-1;-1;-1;-1;-1;-1;-1;-1;-1
6893;64;No;No;No;No;-;1000;1000;-1;-1;-1;-1;-1;-1;-1;-1;-1;-1;-1;-1;-1;1000;-1;-1;-1;-1;-1;-1;-1;-1;-1;-1;-1;-1;-1
6894;72;No;No;No;No;-;1000;1000;-1;-1;-1;-1;-1;-1;-1;-1;-1;-1;-1;-1;-1;1000;-1;-1;-1;-1;-1;-1;-1;-1;-1;-1;-1;-1;-1
6895;66;No;No;No;No;-;1000;1000;-1;-1;-1;-1;-1;-1;-1;-1;-1;-1;-1;-1;-1;1000;-1;-1;-1;-1;-1;-1;-1;-1;-1;-1;-1;-1;-1
6897;23;No;No;Yes;No;-;1000000;1000000;1000000;-1;-1;-1;-1;-1;-1;-1;-1;-1;-1;-1;-1;-1;-1;-1;-1;-1;-1;-1;-1;-1;-1;-1;-1;-1;-1
6898;63;No;No;No;No;-;3000;3000;-1;-1;-1;-1;-1;-1;-1;-1;-1;-1;-1;-1;-1;3000;-1;-1;-1;-1;-1;-1;-1;-1;-1;-1;-1;-1;-1
6900;153;No;No;No;No;-;90000;90000;-1;-1;-1;-1;-1;-1;-1;-1;-1;-1;-1;-1;-1;13500;-1;-1;-1;-1;-1;-1;-1;-1;-1;-1;-1;-1;-1
6903;28;No;No;Yes;No;-;1000000;1000000;1000000;1000000;-1;-1;-1;-1;-1;-1;-1;-1;-1;-1;-1;-1;-1;-1;-1;-1;-1;-1;-1;-1;-1;-1;-1;-1;-1
6905;68;No;No;No;No;-;3000;3000;-1;-1;-1;-1;-1;-1;-1;-1;-1;-1;-1;-1;-1;3000;-1;-1;-1;-1;-1;-1;-1;-1;-1;-1;-1;-1;-1
6906;3;No;No;Yes;No;-;995000;995000;995000;995000;-1;-1;-1;-1;-1;-1;-1;-1;-1;-1;-1;-1;-1;-1;-1;-1;-1;-1;-1;-1;-1;-1;-1;-1;-1
6910;20;No;No;Yes;No;-;995000;995000;995000;995000;-1;-1;-1;-1;-1;-1;-1;-1;-1;-1;-1;-1;-1;-1;-1;-1;-1;-1;-1;-1;-1;-1;-1;-1;-1
6913;8;No;No;Yes;No;-;1000000;1000000;1000000;1000000;-1;-1;-1;-1;-1;-1;-1;-1;-1;-1;-1;-1;-1;-1;-1;-1;-1;-1;-1;-1;-1;-1;-1;-1;-1
6917;111;No;No;No;No;-;3000;3000;-1;-1;-1;-1;-1;-1;-1;-1;-1;-1;-1;-1;-1;3000;-1;-1;-1;-1;-1;-1;-1;-1;-1;-1;-1;-1;-1
6919;119;No;No;No;No;-;3000;3000;-1;-1;-1;-1;-1;-1;-1;-1;-1;-1;-1;-1;-1;3000;-1;-1;-1;-1;-1;-1;-1;-1;-1;-1;-1;-1;-1
6920;28;No;No;Yes;No;-;1000000;1000000;1000000;1000000;-1;-1;-1;-1;-1;-1;-1;-1;-1;-1;-1;-1;-1;-1;-1;-1;-1;-1;-1;-1;-1;-1;-1;-1;-1
6921;152;No;No;Yes;No;-;1000000;1000000;1000000;1000000;-1;-1;-1;-1;-1;-1;-1;-1;-1;-1;-1;-1;-1;-1;-1;-1;-1;-1;-1;-1;-1;-1;-1;-1;-1
6928;108;No;No;No;No;-;3000;3000;-1;-1;-1;-1;-1;-1;-1;-1;-1;-1;-1;-1;-1;3000;-1;-1;-1;-1;-1;-1;-1;-1;-1;-1;-1;-1;-1
6930;114;No;No;No;No;-;1000;1000;-1;-1;-1;-1;-1;-1;-1;-1;-1;-1;-1;-1;-1;1000;-1;-1;-1;-1;-1;-1;-1;-1;-1;-1;-1;-1;-1
6933;26;No;No;Yes;No;-;1000000;1000000;1000000;1000000;-1;-1;-1;-1;-1;-1;-1;-1;-1;-1;-1;-1;-1;-1;-1;-1;-1;-1;-1;-1;-1;-1;-1;-1;-1
6939;69;No;No;No;No;-;1000;1000;-1;-1;-1;-1;-1;-1;-1;-1;-1;-1;-1;-1;-1;1000;-1;-1;-1;-1;-1;-1;-1;-1;-1;-1;-1;-1;-1
6941;116;No;No;No;No;-;1000;1000;-1;-1;-1;-1;-1;-1;-1;-1;-1;-1;-1;-1;-1;1000;-1;-1;-1;-1;-1;-1;-1;-1;-1;-1;-1;-1;-1
6943;23;No;No;Yes;No;-;1000000;1000000;1000000;1000000;-1;-1;-1;-1;-1;-1;-1;-1;-1;-1;-1;-1;-1;-1;-1;-1;-1;-1;-1;-1;-1;-1;-1;-1;-1
6944;1;No;No;No;Yes;-;1000000;1000000;1000000;1000000;-1;-1;-1;-1;-1;-1;-1;-1;-1;-1;-1;-1;-1;-1;-1;-1;-1;-1;-1;-1;-1;-1;-1;-1;-1
6947;106;No;No;No;No;-;3000;3000;-1;-1;-1;-1;-1;-1;-1;-1;-1;-1;-1;-1;-1;3000;-1;-1;-1;-1;-1;-1;-1;-1;-1;-1;-1;-1;-1
6948;30;No;No;Yes;No;-;1000000;1000000;1000000;1000000;-1;-1;-1;-1;-1;-1;-1;-1;-1;-1;-1;-1;-1;-1;-1;-1;-1;-1;-1;-1;-1;-1;-1;-1;-1
6950;119;No;No;No;No;-;3000;3000;-1;-1;-1;-1;-1;-1;-1;-1;-1;-1;-1;-1;-1;3000;-1;-1;-1;-1;-1;-1;-1;-1;-1;-1;-1;-1;-1
6951;111;No;No;No;No;-;3000;3000;-1;-1;-1;-1;-1;-1;-1;-1;-1;-1;-1;-1;-1;3000;-1;-1;-1;-1;-1;-1;-1;-1;-1;-1;-1;-1;-1
6954;25;No;No;Yes;No;-;1000000;1000000;1000000;1000000;-1;-1;-1;-1;-1;-1;-1;-1;-1;-1;-1;-1;-1;-1;-1;-1;-1;-1;-1;-1;-1;-1;-1;-1;-1
6957;116;No;No;No;No;-;3000;3000;-1;-1;-1;-1;-1;-1;-1;-1;-1;-1;-1;-1;-1;3000;-1;-1;-1;-1;-1;-1;-1;-1;-1;-1;-1;-1;-1
6960;152;No;No;Yes;No;-;995000;995000;995000;995000;-1;-1;-1;-1;-1;-1;-1;-1;-1;-1;-1;-1;-1;-1;-1;-1;-1;-1;-1;-1;-1;-1;-1;-1;-1
6962;106;No;No;No;No;-;3000;3000;-1;-1;-1;-1;-1;-1;-1;-1;-1;-1;-1;-1;-1;3000;-1;-1;-1;-1;-1;-1;-1;-1;-1;-1;-1;-1;-1
6963;27;No;No;Yes;No;-;995000;995000;995000;995000;-1;-1;-1;-1;-1;-1;-1;-1;-1;-1;-1;-1;-1;-1;-1;-1;-1;-1;-1;-1;-1;-1;-1;-1;-1
6969;2;No;No;Yes;No;-;995000;995000;995000;995000;-1;-1;-1;-1;-1;-1;-1;-1;-1;-1;-1;-1;-1;-1;-1;-1;-1;-1;-1;-1;-1;-1;-1;-1;-1
6970;106;No;No;No;No;-;3000;3000;-1;-1;-1;-1;-1;-1;-1;-1;-1;-1;-1;-1;-1;3000;-1;-1;-1;-1;-1;-1;-1;-1;-1;-1;-1;-1;-1
6979;25;No;No;Yes;No;-;1000000;1000000;1000000;1000000;-1;-1;-1;-1;-1;-1;-1;-1;-1;-1;-1;-1;-1;-1;-1;-1;-1;-1;-1;-1;-1;-1;-1;-1;-1
6983;3;No;No;Yes;No;-;995000;995000;995000;995000;-1;-1;-1;-1;-1;-1;-1;-1;-1;-1;-1;-1;-1;-1;-1;-1;-1;-1;-1;-1;-1;-1;-1;-1;-1
6985;12;No;No;Yes;No;-;995000;995000;995000;995000;-1;-1;-1;-1;-1;-1;-1;-1;-1;-1;-1;-1;-1;-1;-1;-1;-1;-1;-1;-1;-1;-1;-1;-1;-1
6986;26;No;No;No;Yes;-;1000000;1000000;1000000;1000000;-1;-1;-1;-1;-1;-1;-1;-1;-1;-1;-1;-1;-1;-1;-1;-1;-1;-1;-1;-1;-1;-1;-1;-1;-1
6989;2;No;No;No;Yes;-;995000;995000;995000;995000;-1;-1;-1;-1;-1;-1;-1;-1;-1;-1;-1;-1;-1;-1;-1;-1;-1;-1;-1;-1;-1;-1;-1;-1;-1
6991;21;No;No;Yes;No;-;1000000;1000000;1000000;1000000;-1;-1;-1;-1;-1;-1;-1;-1;-1;-1;-1;-1;-1;-1;-1;-1;-1;-1;-1;-1;-1;-1;-1;-1;-1
6992;120;No;No;No;No;-;3000;3000;-1;-1;-1;-1;-1;-1;-1;-1;-1;-1;-1;-1;-1;3000;-1;-1;-1;-1;-1;-1;-1;-1;-1;-1;-1;-1;-1
6994;0;No;No;Yes;No;-;995000;995000;995000;995000;-1;-1;-1;-1;-1;-1;-1;-1;-1;-1;-1;-1;-1;-1;-1;-1;-1;-1;-1;-1;-1;-1;-1;-1;-1
6995;124;No;No;Yes;No;-;1000000;1000000;1000000;1000000;-1;-1;-1;-1;-1;-1;-1;-1;-1;-1;-1;-1;-1;-1;-1;-1;-1;-1;-1;-1;-1;-1;-1;-1;-1
7000;27;No;No;Yes;No;-;995000;995000;995000;995000;-1;-1;-1;-1;-1;-1;-1;-1;-1;-1;-1;-1;-1;-1;-1;-1;-1;-1;-1;-1;-1;-1;-1;-1;-1
7002;19;No;No;Yes;No;-;1000000;1000000;1000000;1000000;-1;-1;-1;-1;-1;-1;-1;-1;-1;-1;-1;-1;-1;-1;-1;-1;-1;-1;-1;-1;-1;-1;-1;-1;-1
7004;108;No;No;No;No;-;3000;3000;-1;-1;-1;-1;-1;-1;-1;-1;-1;-1;-1;-1;-1;3000;-1;-1;-1;-1;-1;-1;-1;-1;-1;-1;-1;-1;-1
7006;10;No;No;Yes;No;-;1000000;1000000;1000000;1000000;-1;-1;-1;-1;-1;-1;-1;-1;-1;-1;-1;-1;-1;-1;-1;-1;-1;-1;-1;-1;-1;-1;-1;-1;-1
7010;106;No;No;No;No;-;1000;1000;-1;-1;-1;-1;-1;-1;-1;-1;-1;-1;-1;-1;-1;1000;-1;-1;-1;-1;-1;-1;-1;-1;-1;-1;-1;-1;-1
7015;113;No;No;No;No;-;3000;3000;-1;-1;-1;-1;-1;-1;-1;-1;-1;-1;-1;-1;-1;3000;-1;-1;-1;-1;-1;-1;-1;-1;-1;-1;-1;-1;-1
7018;118;No;No;No;No;-;3000;3000;-1;-1;-1;-1;-1;-1;-1;-1;-1;-1;-1;-1;-1;3000;-1;-1;-1;-1;-1;-1;-1;-1;-1;-1;-1;-1;-1
7019;0;No;No;Yes;No;-;1000000;1000000;1000000;1000000;-1;-1;-1;-1;-1;-1;-1;-1;-1;-1;-1;-1;-1;-1;-1;-1;-1;-1;-1;-1;-1;-1;-1;-1;-1
7020;28;No;No;Yes;No;-;1000000;1000000;1000000;1000000;-1;-1;-1;-1;-1;-1;-1;-1;-1;-1;-1;-1;-1;-1;-1;-1;-1;-1;-1;-1;-1;-1;-1;-1;-1
7022;105;No;No;No;No;-;1000;1000;-1;-1;-1;-1;-1;-1;-1;-1;-1;-1;-1;-1;-1;1000;-1;-1;-1;-1;-1;-1;-1;-1;-1;-1;-1;-1;-1
7026;124;No;No;Yes;No;-;1000000;1000000;1000000;1000000;-1;-1;-1;-1;-1;-1;-1;-1;-1;-1;-1;-1;-1;-1;-1;-1;-1;-1;-1;-1;-1;-1;-1;-1;-1
7028;25;No;No;Yes;No;-;995000;995000;995000;995000;-1;-1;-1;-1;-1;-1;-1;-1;-1;-1;-1;-1;-1;-1;-1;-1;-1;-1;-1;-1;-1;-1;-1;-1;-1
7029;18;No;No;No;Yes;-;1000000;1000000;1000000;1000000;-1;-1;-1;-1;-1;-1;-1;-1;-1;-1;-1;-1;-1;-1;-1;-1;-1;-1;-1;-1;-1;-1;-1;-1;-1
7031;1;No;No;No;Yes;-;995000;995000;995000;995000;-1;-1;-1;-1;-1;-1;-1;-1;-1;-1;-1;-1;-1;-1;-1;-1;-1;-1;-1;-1;-1;-1;-1;-1;-1
7032;110;No;No;No;No;-;1000;1000;-1;-1;-1;-1;-1;-1;-1;-1;-1;-1;-1;-1;-1;1000;-1;-1;-1;-1;-1;-1;-1;-1;-1;-1;-1;-1;-1
7033;117;No;No;No;No;-;3000;3000;-1;-1;-1;-1;-1;-1;-1;-1;-1;-1;-1;-1;-1;3000;-1;-1;-1;-1;-1;-1;-1;-1;-1;-1;-1;-1;-1
7036;110;No;No;No;No;-;3000;3000;-1;-1;-1;-1;-1;-1;-1;-1;-1;-1;-1;-1;-1;3000;-1;-1;-1;-1;-1;-1;-1;-1;-1;-1;-1;-1;-1
7038;112;No;No;No;No;-;3000;3000;-1;-1;-1;-1;-1;-1;-1;-1;-1;-1;-1;-1;-1;3000;-1;-1;-1;-1;-1;-1;-1;-1;-1;-1;-1;-1;-1
7043;10;No;No;Yes;No;-;1000000;1000000;1000000;1000000;-1;-1;-1;-1;-1;-1;-1;-1;-1;-1;-1;-1;-1;-1;-1;-1;-1;-1;-1;-1;-1;-1;-1;-1;-1
7044;121;No;No;No;No;-;3000;3000;-1;-1;-1;-1;-1;-1;-1;-1;-1;-1;-1;-1;-1;3000;-1;-1;-1;-1;-1;-1;-1;-1;-1;-1;-1;-1;-1
7047;8;No;No;Yes;No;-;1000000;1000000;1000000;1000000;-1;-1;-1;-1;-1;-1;-1;-1;-1;-1;-1;-1;-1;-1;-1;-1;-1;-1;-1;-1;-1;-1;-1;-1;-1
7049;23;No;No;Yes;No;-;1000000;1000000;1000000;1000000;-1;-1;-1;-1;-1;-1;-1;-1;-1;-1;-1;-1;-1;-1;-1;-1;-1;-1;-1;-1;-1;-1;-1;-1;-1
7051;23;No;No;Yes;No;-;1000000;1000000;1000000;1000000;-1;-1;-1;-1;-1;-1;-1;-1;-1;-1;-1;-1;-1;-1;-1;-1;-1;-1;-1;-1;-1;-1;-1;-1;-1
7063;2;No;No;No;No;-;6600000;6600000;6600000;-1;-1;-1;-1;-1;-1;-1;-1;-1;-1;-1;-1;-1;-1;-1;-1;-1;-1;-1;-1;-1;-1;-1;-1;-1;-1
7064;152;No;No;No;No;-;4500000;4500000;4500000;-1;-1;-1;-1;-1;-1;-1;-1;-1;-1;-1;-1;-1;-1;-1;-1;-1;-1;-1;-1;-1;-1;-1;-1;-1;-1
7065;24;No;No;Yes;No;-;995000;995000;-1;-1;-1;-1;-1;-1;-1;-1;-1;-1;-1;-1;-1;-1;-1;-1;-1;-1;-1;-1;-1;-1;-1;-1;-1;-1;-1
7066;28;No;No;No;No;-;8000000;8000000;8000000;8000000;-1;-1;-1;-1;-1;-1;-1;-1;-1;-1;-1;-1;-1;-1;-1;-1;-1;-1;-1;-1;-1;-1;-1;-1;-1
7067;27;No;No;No;Yes;-;6000000;6000000;6000000;6000000;6000000;6000000;-1;-1;-1;-1;-1;-1;-1;-1;-1;-1;-1;-1;-1;-1;-1;-1;-1;-1;-1;-1;-1;-1;-1
7068;31;No;No;Yes;No;-;995000;995000;-1;-1;-1;-1;-1;-1;-1;-1;-1;-1;-1;-1;-1;-1;-1;-1;-1;-1;-1;-1;-1;-1;-1;-1;-1;-1;-1
7069;20;No;No;Yes;No;-;990000;990000;-1;-1;-1;-1;-1;-1;-1;-1;-1;-1;-1;-1;-1;-1;-1;-1;-1;-1;-1;-1;-1;-1;-1;-1;-1;-1;-1
7070;1;No;No;Yes;No;-;990000;990000;-1;-1;-1;-1;-1;-1;-1;-1;-1;-1;-1;-1;-1;-1;-1;-1;-1;-1;-1;-1;-1;-1;-1;-1;-1;-1;-1
7071;18;No;No;No;No;-;7000000;7000000;7000000;7000000;-1;-1;-1;-1;-1;-1;-1;-1;-1;-1;-1;-1;-1;-1;-1;-1;-1;-1;-1;-1;-1;-1;-1;-1;-1
7074;93;No;No;No;No;-;3000;3000;3000;-1;-1;-1;-1;-1;-1;-1;-1;-1;-1;-1;-1;3000;3000;-1;-1;-1;-1;-1;-1;-1;-1;-1;-1;-1;-1
7076;100;No;No;No;No;-;3000;3000;3000;-1;-1;-1;-1;-1;-1;-1;-1;-1;-1;-1;-1;3000;3000;-1;-1;-1;-1;-1;-1;-1;-1;-1;-1;-1;-1
7077;91;No;No;No;No;-;3000;3000;3000;-1;-1;-1;-1;-1;-1;-1;-1;-1;-1;-1;-1;3000;3000;-1;-1;-1;-1;-1;-1;-1;-1;-1;-1;-1;-1
7078;99;No;No;No;No;-;3000;3000;3000;-1;-1;-1;-1;-1;-1;-1;-1;-1;-1;-1;-1;3000;3000;-1;-1;-1;-1;-1;-1;-1;-1;-1;-1;-1;-1
7079;88;No;No;No;No;-;3000;3000;3000;-1;-1;-1;-1;-1;-1;-1;-1;-1;-1;-1;-1;3000;3000;-1;-1;-1;-1;-1;-1;-1;-1;-1;-1;-1;-1
7082;91;No;No;No;No;-;1000;1000;-1;-1;-1;-1;-1;-1;-1;-1;-1;-1;-1;-1;-1;1000;-1;-1;-1;-1;-1;-1;-1;-1;-1;-1;-1;-1;-1
7084;104;No;No;No;No;-;3000;3000;3000;-1;-1;-1;-1;-1;-1;-1;-1;-1;-1;-1;-1;3000;3000;-1;-1;-1;-1;-1;-1;-1;-1;-1;-1;-1;-1
7085;103;No;No;No;No;-;3000;3000;3000;-1;-1;-1;-1;-1;-1;-1;-1;-1;-1;-1;-1;3000;3000;-1;-1;-1;-1;-1;-1;-1;-1;-1;-1;-1;-1
7086;87;No;No;No;No;-;3000;3000;3000;-1;-1;-1;-1;-1;-1;-1;-1;-1;-1;-1;-1;3000;3000;-1;-1;-1;-1;-1;-1;-1;-1;-1;-1;-1;-1
7088;97;No;No;No;No;-;3000;3000;3000;-1;-1;-1;-1;-1;-1;-1;-1;-1;-1;-1;-1;3000;3000;-1;-1;-1;-1;-1;-1;-1;-1;-1;-1;-1;-1
7091;98;No;No;No;No;-;3000;3000;3000;-1;-1;-1;-1;-1;-1;-1;-1;-1;-1;-1;-1;3000;3000;-1;-1;-1;-1;-1;-1;-1;-1;-1;-1;-1;-1
7092;85;No;No;No;No;-;3000;3000;3000;-1;-1;-1;-1;-1;-1;-1;-1;-1;-1;-1;-1;3000;3000;-1;-1;-1;-1;-1;-1;-1;-1;-1;-1;-1;-1
7093;102;No;No;No;No;-;3000;3000;3000;-1;-1;-1;-1;-1;-1;-1;-1;-1;-1;-1;-1;3000;3000;-1;-1;-1;-1;-1;-1;-1;-1;-1;-1;-1;-1
7095;103;No;No;No;No;-;3000;3000;3000;-1;-1;-1;-1;-1;-1;-1;-1;-1;-1;-1;-1;3000;3000;-1;-1;-1;-1;-1;-1;-1;-1;-1;-1;-1;-1
7099;95;No;No;No;No;-;3000;3000;3000;-1;-1;-1;-1;-1;-1;-1;-1;-1;-1;-1;-1;3000;3000;-1;-1;-1;-1;-1;-1;-1;-1;-1;-1;-1;-1
7101;99;No;No;No;No;-;1000;1000;-1;-1;-1;-1;-1;-1;-1;-1;-1;-1;-1;-1;-1;1000;-1;-1;-1;-1;-1;-1;-1;-1;-1;-1;-1;-1;-1
7102;96;No;No;No;No;-;3000;3000;3000;-1;-1;-1;-1;-1;-1;-1;-1;-1;-1;-1;-1;3000;3000;-1;-1;-1;-1;-1;-1;-1;-1;-1;-1;-1;-1
7105;89;No;No;No;No;-;3000;3000;3000;-1;-1;-1;-1;-1;-1;-1;-1;-1;-1;-1;-1;3000;3000;-1;-1;-1;-1;-1;-1;-1;-1;-1;-1;-1;-1
7106;90;No;No;No;No;-;3000;3000;3000;-1;-1;-1;-1;-1;-1;-1;-1;-1;-1;-1;-1;3000;3000;-1;-1;-1;-1;-1;-1;-1;-1;-1;-1;-1;-1
7107;99;No;No;No;No;-;3000;3000;3000;-1;-1;-1;-1;-1;-1;-1;-1;-1;-1;-1;-1;3000;3000;-1;-1;-1;-1;-1;-1;-1;-1;-1;-1;-1;-1
7108;94;No;No;No;No;-;3000;3000;3000;-1;-1;-1;-1;-1;-1;-1;-1;-1;-1;-1;-1;3000;3000;-1;-1;-1;-1;-1;-1;-1;-1;-1;-1;-1;-1
7109;104;No;No;No;No;-;3000;3000;3000;-1;-1;-1;-1;-1;-1;-1;-1;-1;-1;-1;-1;3000;3000;-1;-1;-1;-1;-1;-1;-1;-1;-1;-1;-1;-1
7112;98;No;No;No;No;-;3000;3000;3000;-1;-1;-1;-1;-1;-1;-1;-1;-1;-1;-1;-1;3000;3000;-1;-1;-1;-1;-1;-1;-1;-1;-1;-1;-1;-1
7113;92;No;No;No;No;-;3000;3000;3000;-1;-1;-1;-1;-1;-1;-1;-1;-1;-1;-1;-1;3000;3000;-1;-1;-1;-1;-1;-1;-1;-1;-1;-1;-1;-1
7119;91;No;No;No;No;-;3000;3000;3000;-1;-1;-1;-1;-1;-1;-1;-1;-1;-1;-1;-1;3000;3000;-1;-1;-1;-1;-1;-1;-1;-1;-1;-1;-1;-1
7120;98;No;No;No;No;-;3000;3000;3000;-1;-1;-1;-1;-1;-1;-1;-1;-1;-1;-1;-1;3000;3000;-1;-1;-1;-1;-1;-1;-1;-1;-1;-1;-1;-1
7121;8;No;No;Yes;No;-;995000;995000;995000;995000;-1;-1;-1;-1;-1;-1;-1;-1;-1;-1;-1;-1;-1;-1;-1;-1;-1;-1;-1;-1;-1;-1;-1;-1;-1
7122;93;No;No;No;No;-;3000;3000;3000;-1;-1;-1;-1;-1;-1;-1;-1;-1;-1;-1;-1;3000;3000;-1;-1;-1;-1;-1;-1;-1;-1;-1;-1;-1;-1
7123;100;No;No;No;No;-;1000;1000;-1;-1;-1;-1;-1;-1;-1;-1;-1;-1;-1;-1;-1;1000;-1;-1;-1;-1;-1;-1;-1;-1;-1;-1;-1;-1;-1
7128;101;No;No;No;No;-;3000;3000;3000;-1;-1;-1;-1;-1;-1;-1;-1;-1;-1;-1;-1;3000;3000;-1;-1;-1;-1;-1;-1;-1;-1;-1;-1;-1;-1
7130;90;No;No;No;No;-;3000;3000;3000;-1;-1;-1;-1;-1;-1;-1;-1;-1;-1;-1;-1;3000;3000;-1;-1;-1;-1;-1;-1;-1;-1;-1;-1;-1;-1
7133;96;No;No;No;No;-;3000;3000;3000;-1;-1;-1;-1;-1;-1;-1;-1;-1;-1;-1;-1;3000;3000;-1;-1;-1;-1;-1;-1;-1;-1;-1;-1;-1;-1
7134;102;No;No;No;No;-;3000;3000;3000;-1;-1;-1;-1;-1;-1;-1;-1;-1;-1;-1;-1;3000;3000;-1;-1;-1;-1;-1;-1;-1;-1;-1;-1;-1;-1
7135;94;No;No;No;No;-;1000;1000;-1;-1;-1;-1;-1;-1;-1;-1;-1;-1;-1;-1;-1;1000;-1;-1;-1;-1;-1;-1;-1;-1;-1;-1;-1;-1;-1
7136;96;No;No;No;No;-;3000;3000;3000;-1;-1;-1;-1;-1;-1;-1;-1;-1;-1;-1;-1;3000;3000;-1;-1;-1;-1;-1;-1;-1;-1;-1;-1;-1;-1
7137;90;No;No;No;No;-;3000;3000;3000;-1;-1;-1;-1;-1;-1;-1;-1;-1;-1;-1;-1;3000;3000;-1;-1;-1;-1;-1;-1;-1;-1;-1;-1;-1;-1
7138;95;No;No;No;No;-;3000;3000;3000;-1;-1;-1;-1;-1;-1;-1;-1;-1;-1;-1;-1;3000;3000;-1;-1;-1;-1;-1;-1;-1;-1;-1;-1;-1;-1
7140;88;No;No;No;No;-;3000;3000;3000;-1;-1;-1;-1;-1;-1;-1;-1;-1;-1;-1;-1;3000;3000;-1;-1;-1;-1;-1;-1;-1;-1;-1;-1;-1;-1
7141;85;No;No;No;No;-;3000;3000;3000;-1;-1;-1;-1;-1;-1;-1;-1;-1;-1;-1;-1;3000;3000;-1;-1;-1;-1;-1;-1;-1;-1;-1;-1;-1;-1
7142;85;No;No;No;No;-;3000;3000;3000;-1;-1;-1;-1;-1;-1;-1;-1;-1;-1;-1;-1;3000;3000;-1;-1;-1;-1;-1;-1;-1;-1;-1;-1;-1;-1
7144;101;No;No;No;No;-;1000;1000;-1;-1;-1;-1;-1;-1;-1;-1;-1;-1;-1;-1;-1;1000;-1;-1;-1;-1;-1;-1;-1;-1;-1;-1;-1;-1;-1
7147;91;No;No;No;No;-;3000;3000;3000;-1;-1;-1;-1;-1;-1;-1;-1;-1;-1;-1;-1;3000;3000;-1;-1;-1;-1;-1;-1;-1;-1;-1;-1;-1;-1
7149;44;No;No;No;No;-;61500;61500;-1;-1;-1;-1;-1;-1;-1;-1;-1;-1;-1;-1;-1;8582;-1;-1;-1;-1;-1;-1;-1;-1;-1;-1;-1;-1;-1
7150;87;No;No;No;No;-;3000;3000;3000;-1;-1;-1;-1;-1;-1;-1;-1;-1;-1;-1;-1;3000;3000;-1;-1;-1;-1;-1;-1;-1;-1;-1;-1;-1;-1
7151;98;No;No;No;No;-;3000;3000;3000;-1;-1;-1;-1;-1;-1;-1;-1;-1;-1;-1;-1;3000;3000;-1;-1;-1;-1;-1;-1;-1;-1;-1;-1;-1;-1
7153;85;No;No;No;No;-;3000;3000;3000;-1;-1;-1;-1;-1;-1;-1;-1;-1;-1;-1;-1;3000;3000;-1;-1;-1;-1;-1;-1;-1;-1;-1;-1;-1;-1
7154;98;No;No;No;No;-;3000;3000;3000;-1;-1;-1;-1;-1;-1;-1;-1;-1;-1;-1;-1;3000;3000;-1;-1;-1;-1;-1;-1;-1;-1;-1;-1;-1;-1
7156;101;No;No;No;No;-;3000;3000;3000;-1;-1;-1;-1;-1;-1;-1;-1;-1;-1;-1;-1;3000;3000;-1;-1;-1;-1;-1;-1;-1;-1;-1;-1;-1;-1
7157;94;No;No;No;No;-;3000;3000;3000;-1;-1;-1;-1;-1;-1;-1;-1;-1;-1;-1;-1;3000;3000;-1;-1;-1;-1;-1;-1;-1;-1;-1;-1;-1;-1
7158;88;No;No;No;No;-;3000;3000;3000;-1;-1;-1;-1;-1;-1;-1;-1;-1;-1;-1;-1;3000;3000;-1;-1;-1;-1;-1;-1;-1;-1;-1;-1;-1;-1
7160;101;No;No;No;No;-;3000;3000;3000;-1;-1;-1;-1;-1;-1;-1;-1;-1;-1;-1;-1;3000;3000;-1;-1;-1;-1;-1;-1;-1;-1;-1;-1;-1;-1
7161;85;No;No;No;No;-;3000;3000;3000;-1;-1;-1;-1;-1;-1;-1;-1;-1;-1;-1;-1;3000;3000;-1;-1;-1;-1;-1;-1;-1;-1;-1;-1;-1;-1
7162;91;No;No;No;No;-;3000;3000;3000;-1;-1;-1;-1;-1;-1;-1;-1;-1;-1;-1;-1;3000;3000;-1;-1;-1;-1;-1;-1;-1;-1;-1;-1;-1;-1
7163;98;No;No;No;No;-;3000;3000;3000;-1;-1;-1;-1;-1;-1;-1;-1;-1;-1;-1;-1;3000;3000;-1;-1;-1;-1;-1;-1;-1;-1;-1;-1;-1;-1
7165;93;No;No;No;No;-;3000;3000;3000;-1;-1;-1;-1;-1;-1;-1;-1;-1;-1;-1;-1;3000;3000;-1;-1;-1;-1;-1;-1;-1;-1;-1;-1;-1;-1
7167;101;No;No;No;No;-;3000;3000;3000;-1;-1;-1;-1;-1;-1;-1;-1;-1;-1;-1;-1;3000;3000;-1;-1;-1;-1;-1;-1;-1;-1;-1;-1;-1;-1
7168;91;No;No;No;No;-;3000;3000;3000;-1;-1;-1;-1;-1;-1;-1;-1;-1;-1;-1;-1;3000;3000;-1;-1;-1;-1;-1;-1;-1;-1;-1;-1;-1;-1
7169;87;No;No;No;No;-;3000;3000;3000;-1;-1;-1;-1;-1;-1;-1;-1;-1;-1;-1;-1;3000;3000;-1;-1;-1;-1;-1;-1;-1;-1;-1;-1;-1;-1
7174;104;No;No;No;No;-;1000;1000;-1;-1;-1;-1;-1;-1;-1;-1;-1;-1;-1;-1;-1;1000;-1;-1;-1;-1;-1;-1;-1;-1;-1;-1;-1;-1;-1
7176;85;No;No;No;No;-;3000;3000;3000;-1;-1;-1;-1;-1;-1;-1;-1;-1;-1;-1;-1;3000;3000;-1;-1;-1;-1;-1;-1;-1;-1;-1;-1;-1;-1
7177;93;No;No;No;No;-;3000;3000;3000;-1;-1;-1;-1;-1;-1;-1;-1;-1;-1;-1;-1;3000;3000;-1;-1;-1;-1;-1;-1;-1;-1;-1;-1;-1;-1
7180;98;No;No;No;No;-;3000;3000;3000;-1;-1;-1;-1;-1;-1;-1;-1;-1;-1;-1;-1;3000;3000;-1;-1;-1;-1;-1;-1;-1;-1;-1;-1;-1;-1
7181;104;No;No;No;No;-;3000;3000;3000;-1;-1;-1;-1;-1;-1;-1;-1;-1;-1;-1;-1;3000;3000;-1;-1;-1;-1;-1;-1;-1;-1;-1;-1;-1;-1
7182;97;No;No;No;No;-;3000;3000;3000;-1;-1;-1;-1;-1;-1;-1;-1;-1;-1;-1;-1;3000;3000;-1;-1;-1;-1;-1;-1;-1;-1;-1;-1;-1;-1
7183;88;No;No;No;No;-;3000;3000;3000;-1;-1;-1;-1;-1;-1;-1;-1;-1;-1;-1;-1;3000;3000;-1;-1;-1;-1;-1;-1;-1;-1;-1;-1;-1;-1
7184;104;No;No;No;No;-;3000;3000;3000;-1;-1;-1;-1;-1;-1;-1;-1;-1;-1;-1;-1;3000;3000;-1;-1;-1;-1;-1;-1;-1;-1;-1;-1;-1;-1
7185;88;No;No;No;No;-;3000;3000;3000;-1;-1;-1;-1;-1;-1;-1;-1;-1;-1;-1;-1;3000;3000;-1;-1;-1;-1;-1;-1;-1;-1;-1;-1;-1;-1
7186;88;No;No;No;No;-;3000;3000;3000;-1;-1;-1;-1;-1;-1;-1;-1;-1;-1;-1;-1;3000;3000;-1;-1;-1;-1;-1;-1;-1;-1;-1;-1;-1;-1
7187;103;No;No;No;No;-;3000;3000;3000;-1;-1;-1;-1;-1;-1;-1;-1;-1;-1;-1;-1;3000;3000;-1;-1;-1;-1;-1;-1;-1;-1;-1;-1;-1;-1
7188;101;No;No;No;No;-;3000;3000;3000;-1;-1;-1;-1;-1;-1;-1;-1;-1;-1;-1;-1;3000;3000;-1;-1;-1;-1;-1;-1;-1;-1;-1;-1;-1;-1
7189;96;No;No;No;No;-;3000;3000;3000;-1;-1;-1;-1;-1;-1;-1;-1;-1;-1;-1;-1;3000;3000;-1;-1;-1;-1;-1;-1;-1;-1;-1;-1;-1;-1
7190;85;No;No;No;No;-;3000;3000;3000;-1;-1;-1;-1;-1;-1;-1;-1;-1;-1;-1;-1;3000;3000;-1;-1;-1;-1;-1;-1;-1;-1;-1;-1;-1;-1
7191;103;No;No;No;No;-;3000;3000;3000;-1;-1;-1;-1;-1;-1;-1;-1;-1;-1;-1;-1;3000;3000;-1;-1;-1;-1;-1;-1;-1;-1;-1;-1;-1;-1
7192;96;No;No;No;No;-;3000;3000;3000;-1;-1;-1;-1;-1;-1;-1;-1;-1;-1;-1;-1;3000;3000;-1;-1;-1;-1;-1;-1;-1;-1;-1;-1;-1;-1
7193;102;No;No;No;No;-;3000;3000;3000;-1;-1;-1;-1;-1;-1;-1;-1;-1;-1;-1;-1;3000;3000;-1;-1;-1;-1;-1;-1;-1;-1;-1;-1;-1;-1
7194;86;No;No;No;No;-;3000;3000;3000;-1;-1;-1;-1;-1;-1;-1;-1;-1;-1;-1;-1;3000;3000;-1;-1;-1;-1;-1;-1;-1;-1;-1;-1;-1;-1
7195;103;No;No;No;No;-;1000;1000;-1;-1;-1;-1;-1;-1;-1;-1;-1;-1;-1;-1;-1;1000;-1;-1;-1;-1;-1;-1;-1;-1;-1;-1;-1;-1;-1
7196;102;No;No;No;No;-;3000;3000;3000;-1;-1;-1;-1;-1;-1;-1;-1;-1;-1;-1;-1;3000;3000;-1;-1;-1;-1;-1;-1;-1;-1;-1;-1;-1;-1
7197;93;No;No;No;No;-;3000;3000;3000;-1;-1;-1;-1;-1;-1;-1;-1;-1;-1;-1;-1;3000;3000;-1;-1;-1;-1;-1;-1;-1;-1;-1;-1;-1;-1
7201;99;No;No;No;No;-;3000;3000;3000;-1;-1;-1;-1;-1;-1;-1;-1;-1;-1;-1;-1;3000;3000;-1;-1;-1;-1;-1;-1;-1;-1;-1;-1;-1;-1
7203;86;No;No;No;No;-;3000;3000;3000;-1;-1;-1;-1;-1;-1;-1;-1;-1;-1;-1;-1;3000;3000;-1;-1;-1;-1;-1;-1;-1;-1;-1;-1;-1;-1
7204;91;No;No;No;No;-;1000;1000;-1;-1;-1;-1;-1;-1;-1;-1;-1;-1;-1;-1;-1;1000;-1;-1;-1;-1;-1;-1;-1;-1;-1;-1;-1;-1;-1
7205;86;No;No;No;No;-;3000;3000;3000;-1;-1;-1;-1;-1;-1;-1;-1;-1;-1;-1;-1;3000;3000;-1;-1;-1;-1;-1;-1;-1;-1;-1;-1;-1;-1
7207;85;No;No;No;No;-;3000;3000;3000;-1;-1;-1;-1;-1;-1;-1;-1;-1;-1;-1;-1;3000;3000;-1;-1;-1;-1;-1;-1;-1;-1;-1;-1;-1;-1
7208;103;No;No;No;No;-;3000;3000;3000;-1;-1;-1;-1;-1;-1;-1;-1;-1;-1;-1;-1;3000;3000;-1;-1;-1;-1;-1;-1;-1;-1;-1;-1;-1;-1
7209;95;No;No;No;No;-;3000;3000;3000;-1;-1;-1;-1;-1;-1;-1;-1;-1;-1;-1;-1;3000;3000;-1;-1;-1;-1;-1;-1;-1;-1;-1;-1;-1;-1
7210;97;No;No;No;No;-;3000;3000;3000;-1;-1;-1;-1;-1;-1;-1;-1;-1;-1;-1;-1;3000;3000;-1;-1;-1;-1;-1;-1;-1;-1;-1;-1;-1;-1
7211;103;No;No;No;No;-;3000;3000;3000;-1;-1;-1;-1;-1;-1;-1;-1;-1;-1;-1;-1;3000;3000;-1;-1;-1;-1;-1;-1;-1;-1;-1;-1;-1;-1
7212;94;No;No;No;No;-;1000;1000;-1;-1;-1;-1;-1;-1;-1;-1;-1;-1;-1;-1;-1;1000;-1;-1;-1;-1;-1;-1;-1;-1;-1;-1;-1;-1;-1
7213;85;No;No;No;No;-;3000;3000;3000;-1;-1;-1;-1;-1;-1;-1;-1;-1;-1;-1;-1;3000;3000;-1;-1;-1;-1;-1;-1;-1;-1;-1;-1;-1;-1
7214;95;No;No;No;No;-;3000;3000;3000;-1;-1;-1;-1;-1;-1;-1;-1;-1;-1;-1;-1;3000;3000;-1;-1;-1;-1;-1;-1;-1;-1;-1;-1;-1;-1
7215;103;No;No;No;No;-;3000;3000;3000;-1;-1;-1;-1;-1;-1;-1;-1;-1;-1;-1;-1;3000;3000;-1;-1;-1;-1;-1;-1;-1;-1;-1;-1;-1;-1
7216;86;No;No;No;No;-;3000;3000;3000;-1;-1;-1;-1;-1;-1;-1;-1;-1;-1;-1;-1;3000;3000;-1;-1;-1;-1;-1;-1;-1;-1;-1;-1;-1;-1
7217;98;No;No;No;No;-;3000;3000;3000;-1;-1;-1;-1;-1;-1;-1;-1;-1;-1;-1;-1;3000;3000;-1;-1;-1;-1;-1;-1;-1;-1;-1;-1;-1;-1
7218;99;No;No;No;No;-;3000;3000;3000;-1;-1;-1;-1;-1;-1;-1;-1;-1;-1;-1;-1;3000;3000;-1;-1;-1;-1;-1;-1;-1;-1;-1;-1;-1;-1
7219;96;No;No;No;No;-;3000;3000;3000;-1;-1;-1;-1;-1;-1;-1;-1;-1;-1;-1;-1;3000;3000;-1;-1;-1;-1;-1;-1;-1;-1;-1;-1;-1;-1
7221;89;No;No;No;No;-;3000;3000;3000;-1;-1;-1;-1;-1;-1;-1;-1;-1;-1;-1;-1;3000;3000;-1;-1;-1;-1;-1;-1;-1;-1;-1;-1;-1;-1
7222;97;No;No;No;No;-;3000;3000;3000;-1;-1;-1;-1;-1;-1;-1;-1;-1;-1;-1;-1;3000;3000;-1;-1;-1;-1;-1;-1;-1;-1;-1;-1;-1;-1
7223;90;No;No;No;No;-;3000;3000;3000;-1;-1;-1;-1;-1;-1;-1;-1;-1;-1;-1;-1;3000;3000;-1;-1;-1;-1;-1;-1;-1;-1;-1;-1;-1;-1
7230;89;No;No;No;No;-;3000;3000;3000;-1;-1;-1;-1;-1;-1;-1;-1;-1;-1;-1;-1;3000;3000;-1;-1;-1;-1;-1;-1;-1;-1;-1;-1;-1;-1
7232;89;No;No;No;No;-;3000;3000;3000;-1;-1;-1;-1;-1;-1;-1;-1;-1;-1;-1;-1;3000;3000;-1;-1;-1;-1;-1;-1;-1;-1;-1;-1;-1;-1
7237;75;No;No;No;No;-;3000;3000;3000;-1;-1;-1;-1;-1;-1;-1;-1;-1;-1;-1;-1;3000;3000;-1;-1;-1;-1;-1;-1;-1;-1;-1;-1;-1;-1
7238;66;No;No;No;No;-;3000;3000;3000;-1;-1;-1;-1;-1;-1;-1;-1;-1;-1;-1;-1;3000;3000;-1;-1;-1;-1;-1;-1;-1;-1;-1;-1;-1;-1
7239;80;No;No;No;No;-;3000;3000;3000;-1;-1;-1;-1;-1;-1;-1;-1;-1;-1;-1;-1;3000;3000;-1;-1;-1;-1;-1;-1;-1;-1;-1;-1;-1;-1
7241;75;No;No;No;No;-;3000;3000;3000;-1;-1;-1;-1;-1;-1;-1;-1;-1;-1;-1;-1;3000;3000;-1;-1;-1;-1;-1;-1;-1;-1;-1;-1;-1;-1
7242;152;No;No;Yes;No;-;1000000;1000000;1000000;1000000;-1;-1;-1;-1;-1;-1;-1;-1;-1;-1;-1;-1;-1;-1;-1;-1;-1;-1;-1;-1;-1;-1;-1;-1;-1
7243;64;No;No;No;No;-;3000;3000;3000;-1;-1;-1;-1;-1;-1;-1;-1;-1;-1;-1;-1;3000;3000;-1;-1;-1;-1;-1;-1;-1;-1;-1;-1;-1;-1
7244;74;No;No;No;No;-;3000;3000;3000;-1;-1;-1;-1;-1;-1;-1;-1;-1;-1;-1;-1;3000;3000;-1;-1;-1;-1;-1;-1;-1;-1;-1;-1;-1;-1
7245;65;No;No;No;No;-;3000;3000;3000;-1;-1;-1;-1;-1;-1;-1;-1;-1;-1;-1;-1;3000;3000;-1;-1;-1;-1;-1;-1;-1;-1;-1;-1;-1;-1
7246;71;No;No;No;No;-;3000;3000;3000;-1;-1;-1;-1;-1;-1;-1;-1;-1;-1;-1;-1;3000;3000;-1;-1;-1;-1;-1;-1;-1;-1;-1;-1;-1;-1
7252;74;No;No;No;No;-;3000;3000;3000;-1;-1;-1;-1;-1;-1;-1;-1;-1;-1;-1;-1;3000;3000;-1;-1;-1;-1;-1;-1;-1;-1;-1;-1;-1;-1
7254;68;No;No;No;No;-;1000;1000;-1;-1;-1;-1;-1;-1;-1;-1;-1;-1;-1;-1;-1;1000;-1;-1;-1;-1;-1;-1;-1;-1;-1;-1;-1;-1;-1
7256;78;No;No;No;No;-;3000;3000;3000;-1;-1;-1;-1;-1;-1;-1;-1;-1;-1;-1;-1;3000;3000;-1;-1;-1;-1;-1;-1;-1;-1;-1;-1;-1;-1
7259;83;No;No;No;No;-;3000;3000;3000;-1;-1;-1;-1;-1;-1;-1;-1;-1;-1;-1;-1;3000;3000;-1;-1;-1;-1;-1;-1;-1;-1;-1;-1;-1;-1
7261;66;No;No;No;No;-;3000;3000;3000;-1;-1;-1;-1;-1;-1;-1;-1;-1;-1;-1;-1;3000;3000;-1;-1;-1;-1;-1;-1;-1;-1;-1;-1;-1;-1
7263;74;No;No;No;No;-;3000;3000;3000;-1;-1;-1;-1;-1;-1;-1;-1;-1;-1;-1;-1;3000;3000;-1;-1;-1;-1;-1;-1;-1;-1;-1;-1;-1;-1
7265;81;No;No;No;No;-;3000;3000;3000;-1;-1;-1;-1;-1;-1;-1;-1;-1;-1;-1;-1;3000;3000;-1;-1;-1;-1;-1;-1;-1;-1;-1;-1;-1;-1
7268;84;No;No;No;No;-;3000;3000;3000;-1;-1;-1;-1;-1;-1;-1;-1;-1;-1;-1;-1;3000;3000;-1;-1;-1;-1;-1;-1;-1;-1;-1;-1;-1;-1
7269;67;No;No;No;No;-;3000;3000;3000;-1;-1;-1;-1;-1;-1;-1;-1;-1;-1;-1;-1;3000;3000;-1;-1;-1;-1;-1;-1;-1;-1;-1;-1;-1;-1
7270;71;No;No;No;No;-;3000;3000;3000;-1;-1;-1;-1;-1;-1;-1;-1;-1;-1;-1;-1;3000;3000;-1;-1;-1;-1;-1;-1;-1;-1;-1;-1;-1;-1
7271;82;No;No;No;No;-;1000;1000;-1;-1;-1;-1;-1;-1;-1;-1;-1;-1;-1;-1;-1;1000;-1;-1;-1;-1;-1;-1;-1;-1;-1;-1;-1;-1;-1
7272;79;No;No;No;No;-;3000;3000;3000;-1;-1;-1;-1;-1;-1;-1;-1;-1;-1;-1;-1;3000;3000;-1;-1;-1;-1;-1;-1;-1;-1;-1;-1;-1;-1
7273;68;No;No;No;No;-;3000;3000;3000;-1;-1;-1;-1;-1;-1;-1;-1;-1;-1;-1;-1;3000;3000;-1;-1;-1;-1;-1;-1;-1;-1;-1;-1;-1;-1
7275;72;No;No;No;No;-;3000;3000;3000;-1;-1;-1;-1;-1;-1;-1;-1;-1;-1;-1;-1;3000;3000;-1;-1;-1;-1;-1;-1;-1;-1;-1;-1;-1;-1
7276;78;No;No;No;No;-;3000;3000;3000;-1;-1;-1;-1;-1;-1;-1;-1;-1;-1;-1;-1;3000;3000;-1;-1;-1;-1;-1;-1;-1;-1;-1;-1;-1;-1
7277;72;No;No;No;No;-;1000;1000;-1;-1;-1;-1;-1;-1;-1;-1;-1;-1;-1;-1;-1;1000;-1;-1;-1;-1;-1;-1;-1;-1;-1;-1;-1;-1;-1
7279;83;No;No;No;No;-;3000;3000;3000;-1;-1;-1;-1;-1;-1;-1;-1;-1;-1;-1;-1;3000;3000;-1;-1;-1;-1;-1;-1;-1;-1;-1;-1;-1;-1
7281;77;No;No;No;No;-;3000;3000;3000;-1;-1;-1;-1;-1;-1;-1;-1;-1;-1;-1;-1;3000;3000;-1;-1;-1;-1;-1;-1;-1;-1;-1;-1;-1;-1
7282;84;No;No;No;No;-;3000;3000;3000;-1;-1;-1;-1;-1;-1;-1;-1;-1;-1;-1;-1;3000;3000;-1;-1;-1;-1;-1;-1;-1;-1;-1;-1;-1;-1
7285;80;No;No;No;No;-;3000;3000;3000;-1;-1;-1;-1;-1;-1;-1;-1;-1;-1;-1;-1;3000;3000;-1;-1;-1;-1;-1;-1;-1;-1;-1;-1;-1;-1
7286;75;No;No;No;No;-;1000;1000;-1;-1;-1;-1;-1;-1;-1;-1;-1;-1;-1;-1;-1;1000;-1;-1;-1;-1;-1;-1;-1;-1;-1;-1;-1;-1;-1
7291;76;No;No;No;No;-;3000;3000;3000;-1;-1;-1;-1;-1;-1;-1;-1;-1;-1;-1;-1;3000;3000;-1;-1;-1;-1;-1;-1;-1;-1;-1;-1;-1;-1
7294;79;No;No;No;No;-;3000;3000;3000;-1;-1;-1;-1;-1;-1;-1;-1;-1;-1;-1;-1;3000;3000;-1;-1;-1;-1;-1;-1;-1;-1;-1;-1;-1;-1
7296;72;No;No;No;No;-;3000;3000;3000;-1;-1;-1;-1;-1;-1;-1;-1;-1;-1;-1;-1;3000;3000;-1;-1;-1;-1;-1;-1;-1;-1;-1;-1;-1;-1
7300;68;No;No;No;No;-;1000;1000;-1;-1;-1;-1;-1;-1;-1;-1;-1;-1;-1;-1;-1;1000;-1;-1;-1;-1;-1;-1;-1;-1;-1;-1;-1;-1;-1
7301;69;No;No;No;No;-;3000;3000;3000;-1;-1;-1;-1;-1;-1;-1;-1;-1;-1;-1;-1;3000;3000;-1;-1;-1;-1;-1;-1;-1;-1;-1;-1;-1;-1
7303;71;No;No;No;No;-;3000;3000;3000;-1;-1;-1;-1;-1;-1;-1;-1;-1;-1;-1;-1;3000;3000;-1;-1;-1;-1;-1;-1;-1;-1;-1;-1;-1;-1
7304;66;No;No;No;No;-;3000;3000;3000;-1;-1;-1;-1;-1;-1;-1;-1;-1;-1;-1;-1;3000;3000;-1;-1;-1;-1;-1;-1;-1;-1;-1;-1;-1;-1
7307;83;No;No;No;No;-;1000;1000;-1;-1;-1;-1;-1;-1;-1;-1;-1;-1;-1;-1;-1;1000;-1;-1;-1;-1;-1;-1;-1;-1;-1;-1;-1;-1;-1
7311;83;No;No;No;No;-;3000;3000;3000;-1;-1;-1;-1;-1;-1;-1;-1;-1;-1;-1;-1;3000;3000;-1;-1;-1;-1;-1;-1;-1;-1;-1;-1;-1;-1
7312;68;No;No;No;No;-;1000;1000;-1;-1;-1;-1;-1;-1;-1;-1;-1;-1;-1;-1;-1;1000;-1;-1;-1;-1;-1;-1;-1;-1;-1;-1;-1;-1;-1
7313;72;No;No;No;No;-;3000;3000;3000;-1;-1;-1;-1;-1;-1;-1;-1;-1;-1;-1;-1;3000;3000;-1;-1;-1;-1;-1;-1;-1;-1;-1;-1;-1;-1
7314;79;No;No;No;No;-;3000;3000;3000;-1;-1;-1;-1;-1;-1;-1;-1;-1;-1;-1;-1;3000;3000;-1;-1;-1;-1;-1;-1;-1;-1;-1;-1;-1;-1
7315;78;No;No;No;No;-;3000;3000;3000;-1;-1;-1;-1;-1;-1;-1;-1;-1;-1;-1;-1;3000;3000;-1;-1;-1;-1;-1;-1;-1;-1;-1;-1;-1;-1
7320;80;No;No;No;No;-;3000;3000;3000;-1;-1;-1;-1;-1;-1;-1;-1;-1;-1;-1;-1;3000;3000;-1;-1;-1;-1;-1;-1;-1;-1;-1;-1;-1;-1
7323;70;No;No;No;No;-;3000;3000;3000;-1;-1;-1;-1;-1;-1;-1;-1;-1;-1;-1;-1;3000;3000;-1;-1;-1;-1;-1;-1;-1;-1;-1;-1;-1;-1
7324;75;No;No;No;No;-;3000;3000;3000;-1;-1;-1;-1;-1;-1;-1;-1;-1;-1;-1;-1;3000;3000;-1;-1;-1;-1;-1;-1;-1;-1;-1;-1;-1;-1
7326;67;No;No;No;No;-;3000;3000;3000;-1;-1;-1;-1;-1;-1;-1;-1;-1;-1;-1;-1;3000;3000;-1;-1;-1;-1;-1;-1;-1;-1;-1;-1;-1;-1
7327;69;No;No;No;No;-;1000;1000;-1;-1;-1;-1;-1;-1;-1;-1;-1;-1;-1;-1;-1;1000;-1;-1;-1;-1;-1;-1;-1;-1;-1;-1;-1;-1;-1
7330;70;No;No;No;No;-;3000;3000;3000;-1;-1;-1;-1;-1;-1;-1;-1;-1;-1;-1;-1;3000;3000;-1;-1;-1;-1;-1;-1;-1;-1;-1;-1;-1;-1
7332;64;No;No;No;No;-;3000;3000;3000;-1;-1;-1;-1;-1;-1;-1;-1;-1;-1;-1;-1;3000;3000;-1;-1;-1;-1;-1;-1;-1;-1;-1;-1;-1;-1
7333;72;No;No;No;No;-;3000;3000;3000;-1;-1;-1;-1;-1;-1;-1;-1;-1;-1;-1;-1;3000;3000;-1;-1;-1;-1;-1;-1;-1;-1;-1;-1;-1;-1
7334;72;No;No;No;No;-;3000;3000;3000;-1;-1;-1;-1;-1;-1;-1;-1;-1;-1;-1;-1;3000;3000;-1;-1;-1;-1;-1;-1;-1;-1;-1;-1;-1;-1
7336;70;No;No;No;No;-;1000;1000;-1;-1;-1;-1;-1;-1;-1;-1;-1;-1;-1;-1;-1;1000;-1;-1;-1;-1;-1;-1;-1;-1;-1;-1;-1;-1;-1
7337;81;No;No;No;No;-;3000;3000;3000;-1;-1;-1;-1;-1;-1;-1;-1;-1;-1;-1;-1;3000;3000;-1;-1;-1;-1;-1;-1;-1;-1;-1;-1;-1;-1
7338;76;No;No;No;No;-;3000;3000;3000;-1;-1;-1;-1;-1;-1;-1;-1;-1;-1;-1;-1;3000;3000;-1;-1;-1;-1;-1;-1;-1;-1;-1;-1;-1;-1
7339;63;No;No;No;No;-;1000;1000;-1;-1;-1;-1;-1;-1;-1;-1;-1;-1;-1;-1;-1;1000;-1;-1;-1;-1;-1;-1;-1;-1;-1;-1;-1;-1;-1
7340;17;No;No;Yes;No;-;1000000;1000000;1000000;1000000;-1;-1;-1;-1;-1;-1;-1;-1;-1;-1;-1;-1;-1;-1;-1;-1;-1;-1;-1;-1;-1;-1;-1;-1;-1
7342;67;No;No;No;No;-;3000;3000;3000;-1;-1;-1;-1;-1;-1;-1;-1;-1;-1;-1;-1;3000;3000;-1;-1;-1;-1;-1;-1;-1;-1;-1;-1;-1;-1
7343;79;No;No;No;No;-;3000;3000;3000;-1;-1;-1;-1;-1;-1;-1;-1;-1;-1;-1;-1;3000;3000;-1;-1;-1;-1;-1;-1;-1;-1;-1;-1;-1;-1
7345;68;No;No;No;No;-;3000;3000;3000;-1;-1;-1;-1;-1;-1;-1;-1;-1;-1;-1;-1;3000;3000;-1;-1;-1;-1;-1;-1;-1;-1;-1;-1;-1;-1
7347;83;No;No;No;No;-;1000;1000;-1;-1;-1;-1;-1;-1;-1;-1;-1;-1;-1;-1;-1;1000;-1;-1;-1;-1;-1;-1;-1;-1;-1;-1;-1;-1;-1
7350;77;No;No;No;No;-;3000;3000;3000;-1;-1;-1;-1;-1;-1;-1;-1;-1;-1;-1;-1;3000;3000;-1;-1;-1;-1;-1;-1;-1;-1;-1;-1;-1;-1
7352;83;No;No;No;No;-;3000;3000;3000;-1;-1;-1;-1;-1;-1;-1;-1;-1;-1;-1;-1;3000;3000;-1;-1;-1;-1;-1;-1;-1;-1;-1;-1;-1;-1
7353;81;No;No;No;No;-;3000;3000;3000;-1;-1;-1;-1;-1;-1;-1;-1;-1;-1;-1;-1;3000;3000;-1;-1;-1;-1;-1;-1;-1;-1;-1;-1;-1;-1
7354;67;No;No;No;No;-;3000;3000;3000;-1;-1;-1;-1;-1;-1;-1;-1;-1;-1;-1;-1;3000;3000;-1;-1;-1;-1;-1;-1;-1;-1;-1;-1;-1;-1
7355;76;No;No;No;No;-;1000;1000;-1;-1;-1;-1;-1;-1;-1;-1;-1;-1;-1;-1;-1;1000;-1;-1;-1;-1;-1;-1;-1;-1;-1;-1;-1;-1;-1
7356;80;No;No;No;No;-;3000;3000;3000;-1;-1;-1;-1;-1;-1;-1;-1;-1;-1;-1;-1;3000;3000;-1;-1;-1;-1;-1;-1;-1;-1;-1;-1;-1;-1
7364;71;No;No;No;No;-;1000;1000;-1;-1;-1;-1;-1;-1;-1;-1;-1;-1;-1;-1;-1;1000;-1;-1;-1;-1;-1;-1;-1;-1;-1;-1;-1;-1;-1
7365;70;No;No;No;No;-;3000;3000;3000;-1;-1;-1;-1;-1;-1;-1;-1;-1;-1;-1;-1;3000;3000;-1;-1;-1;-1;-1;-1;-1;-1;-1;-1;-1;-1
7368;76;No;No;No;No;-;3000;3000;3000;-1;-1;-1;-1;-1;-1;-1;-1;-1;-1;-1;-1;3000;3000;-1;-1;-1;-1;-1;-1;-1;-1;-1;-1;-1;-1
7369;73;No;No;No;No;-;3000;3000;3000;-1;-1;-1;-1;-1;-1;-1;-1;-1;-1;-1;-1;3000;3000;-1;-1;-1;-1;-1;-1;-1;-1;-1;-1;-1;-1
7371;74;No;No;No;No;-;3000;3000;3000;-1;-1;-1;-1;-1;-1;-1;-1;-1;-1;-1;-1;3000;3000;-1;-1;-1;-1;-1;-1;-1;-1;-1;-1;-1;-1
7372;74;No;No;No;No;-;3000;3000;3000;-1;-1;-1;-1;-1;-1;-1;-1;-1;-1;-1;-1;3000;3000;-1;-1;-1;-1;-1;-1;-1;-1;-1;-1;-1;-1
7375;44;No;No;No;No;-;43500;43500;-1;-1;-1;-1;-1;-1;-1;-1;-1;-1;-1;-1;-1;6048;-1;-1;-1;-1;-1;-1;-1;-1;-1;-1;-1;-1;-1
7379;75;No;No;No;No;-;3000;3000;3000;-1;-1;-1;-1;-1;-1;-1;-1;-1;-1;-1;-1;3000;3000;-1;-1;-1;-1;-1;-1;-1;-1;-1;-1;-1;-1
7381;152;No;No;Yes;No;-;1000000;1000000;1000000;1000000;-1;-1;-1;-1;-1;-1;-1;-1;-1;-1;-1;-1;-1;-1;-1;-1;-1;-1;-1;-1;-1;-1;-1;-1;-1
7382;76;No;No;No;No;-;1000;1000;-1;-1;-1;-1;-1;-1;-1;-1;-1;-1;-1;-1;-1;1000;-1;-1;-1;-1;-1;-1;-1;-1;-1;-1;-1;-1;-1
7383;81;No;No;No;No;-;3000;3000;3000;-1;-1;-1;-1;-1;-1;-1;-1;-1;-1;-1;-1;3000;3000;-1;-1;-1;-1;-1;-1;-1;-1;-1;-1;-1;-1
7386;79;No;No;No;No;-;3000;3000;3000;-1;-1;-1;-1;-1;-1;-1;-1;-1;-1;-1;-1;3000;3000;-1;-1;-1;-1;-1;-1;-1;-1;-1;-1;-1;-1
7389;74;No;No;No;No;-;3000;3000;3000;-1;-1;-1;-1;-1;-1;-1;-1;-1;-1;-1;-1;3000;3000;-1;-1;-1;-1;-1;-1;-1;-1;-1;-1;-1;-1
7390;76;No;No;No;No;-;3000;3000;3000;-1;-1;-1;-1;-1;-1;-1;-1;-1;-1;-1;-1;3000;3000;-1;-1;-1;-1;-1;-1;-1;-1;-1;-1;-1;-1
7392;71;No;No;No;No;-;3000;3000;3000;-1;-1;-1;-1;-1;-1;-1;-1;-1;-1;-1;-1;3000;3000;-1;-1;-1;-1;-1;-1;-1;-1;-1;-1;-1;-1
7393;67;No;No;No;No;-;3000;3000;3000;-1;-1;-1;-1;-1;-1;-1;-1;-1;-1;-1;-1;3000;3000;-1;-1;-1;-1;-1;-1;-1;-1;-1;-1;-1;-1
7394;80;No;No;No;No;-;1000;1000;-1;-1;-1;-1;-1;-1;-1;-1;-1;-1;-1;-1;-1;1000;-1;-1;-1;-1;-1;-1;-1;-1;-1;-1;-1;-1;-1
7396;71;No;No;No;No;-;3000;3000;3000;-1;-1;-1;-1;-1;-1;-1;-1;-1;-1;-1;-1;3000;3000;-1;-1;-1;-1;-1;-1;-1;-1;-1;-1;-1;-1
7397;82;No;No;No;No;-;3000;3000;3000;-1;-1;-1;-1;-1;-1;-1;-1;-1;-1;-1;-1;3000;3000;-1;-1;-1;-1;-1;-1;-1;-1;-1;-1;-1;-1
7399;74;No;No;No;No;-;3000;3000;3000;-1;-1;-1;-1;-1;-1;-1;-1;-1;-1;-1;-1;3000;3000;-1;-1;-1;-1;-1;-1;-1;-1;-1;-1;-1;-1
7400;76;No;No;No;No;-;3000;3000;3000;-1;-1;-1;-1;-1;-1;-1;-1;-1;-1;-1;-1;3000;3000;-1;-1;-1;-1;-1;-1;-1;-1;-1;-1;-1;-1
7403;70;No;No;No;No;-;3000;3000;3000;-1;-1;-1;-1;-1;-1;-1;-1;-1;-1;-1;-1;3000;3000;-1;-1;-1;-1;-1;-1;-1;-1;-1;-1;-1;-1
7405;84;No;No;No;No;-;3000;3000;3000;-1;-1;-1;-1;-1;-1;-1;-1;-1;-1;-1;-1;3000;3000;-1;-1;-1;-1;-1;-1;-1;-1;-1;-1;-1;-1
7408;82;No;No;No;No;-;3000;3000;3000;-1;-1;-1;-1;-1;-1;-1;-1;-1;-1;-1;-1;3000;3000;-1;-1;-1;-1;-1;-1;-1;-1;-1;-1;-1;-1
7409;70;No;No;No;No;-;3000;3000;3000;-1;-1;-1;-1;-1;-1;-1;-1;-1;-1;-1;-1;3000;3000;-1;-1;-1;-1;-1;-1;-1;-1;-1;-1;-1;-1
7410;106;No;No;No;No;-;1000;1000;-1;-1;-1;-1;-1;-1;-1;-1;-1;-1;-1;-1;-1;1000;-1;-1;-1;-1;-1;-1;-1;-1;-1;-1;-1;-1;-1
7411;113;No;No;No;No;-;3000;3000;3000;-1;-1;-1;-1;-1;-1;-1;-1;-1;-1;-1;-1;3000;3000;-1;-1;-1;-1;-1;-1;-1;-1;-1;-1;-1;-1
7413;110;No;No;No;No;-;3000;3000;3000;-1;-1;-1;-1;-1;-1;-1;-1;-1;-1;-1;-1;3000;3000;-1;-1;-1;-1;-1;-1;-1;-1;-1;-1;-1;-1
7414;119;No;No;No;No;-;3000;3000;3000;-1;-1;-1;-1;-1;-1;-1;-1;-1;-1;-1;-1;3000;3000;-1;-1;-1;-1;-1;-1;-1;-1;-1;-1;-1;-1
7416;107;No;No;No;No;-;3000;3000;3000;-1;-1;-1;-1;-1;-1;-1;-1;-1;-1;-1;-1;3000;3000;-1;-1;-1;-1;-1;-1;-1;-1;-1;-1;-1;-1
7418;121;No;No;No;No;-;3000;3000;3000;-1;-1;-1;-1;-1;-1;-1;-1;-1;-1;-1;-1;3000;3000;-1;-1;-1;-1;-1;-1;-1;-1;-1;-1;-1;-1
7419;118;No;No;No;No;-;3000;3000;3000;-1;-1;-1;-1;-1;-1;-1;-1;-1;-1;-1;-1;3000;3000;-1;-1;-1;-1;-1;-1;-1;-1;-1;-1;-1;-1
7421;108;No;No;No;No;-;3000;3000;3000;-1;-1;-1;-1;-1;-1;-1;-1;-1;-1;-1;-1;3000;3000;-1;-1;-1;-1;-1;-1;-1;-1;-1;-1;-1;-1
7422;116;No;No;No;No;-;1000;1000;-1;-1;-1;-1;-1;-1;-1;-1;-1;-1;-1;-1;-1;1000;-1;-1;-1;-1;-1;-1;-1;-1;-1;-1;-1;-1;-1
7424;114;No;No;No;No;-;3000;3000;3000;-1;-1;-1;-1;-1;-1;-1;-1;-1;-1;-1;-1;3000;3000;-1;-1;-1;-1;-1;-1;-1;-1;-1;-1;-1;-1
7425;121;No;No;No;No;-;3000;3000;3000;-1;-1;-1;-1;-1;-1;-1;-1;-1;-1;-1;-1;3000;3000;-1;-1;-1;-1;-1;-1;-1;-1;-1;-1;-1;-1
7426;108;No;No;No;No;-;3000;3000;3000;-1;-1;-1;-1;-1;-1;-1;-1;-1;-1;-1;-1;3000;3000;-1;-1;-1;-1;-1;-1;-1;-1;-1;-1;-1;-1
7434;117;No;No;No;No;-;3000;3000;3000;-1;-1;-1;-1;-1;-1;-1;-1;-1;-1;-1;-1;3000;3000;-1;-1;-1;-1;-1;-1;-1;-1;-1;-1;-1;-1
7436;115;No;No;No;No;-;3000;3000;3000;-1;-1;-1;-1;-1;-1;-1;-1;-1;-1;-1;-1;3000;3000;-1;-1;-1;-1;-1;-1;-1;-1;-1;-1;-1;-1
7438;114;No;No;No;No;-;3000;3000;3000;-1;-1;-1;-1;-1;-1;-1;-1;-1;-1;-1;-1;3000;3000;-1;-1;-1;-1;-1;-1;-1;-1;-1;-1;-1;-1
7440;109;No;No;No;No;-;3000;3000;3000;-1;-1;-1;-1;-1;-1;-1;-1;-1;-1;-1;-1;3000;3000;-1;-1;-1;-1;-1;-1;-1;-1;-1;-1;-1;-1
7441;17;No;No;Yes;No;-;1000000;1000000;1000000;1000000;-1;-1;-1;-1;-1;-1;-1;-1;-1;-1;-1;-1;-1;-1;-1;-1;-1;-1;-1;-1;-1;-1;-1;-1;-1
7443;122;No;No;No;No;-;3000;3000;3000;-1;-1;-1;-1;-1;-1;-1;-1;-1;-1;-1;-1;3000;3000;-1;-1;-1;-1;-1;-1;-1;-1;-1;-1;-1;-1
7444;113;No;No;No;No;-;3000;3000;3000;-1;-1;-1;-1;-1;-1;-1;-1;-1;-1;-1;-1;3000;3000;-1;-1;-1;-1;-1;-1;-1;-1;-1;-1;-1;-1
7445;120;No;No;No;No;-;3000;3000;3000;-1;-1;-1;-1;-1;-1;-1;-1;-1;-1;-1;-1;3000;3000;-1;-1;-1;-1;-1;-1;-1;-1;-1;-1;-1;-1
7449;115;No;No;No;No;-;3000;3000;3000;-1;-1;-1;-1;-1;-1;-1;-1;-1;-1;-1;-1;3000;3000;-1;-1;-1;-1;-1;-1;-1;-1;-1;-1;-1;-1
7451;120;No;No;No;No;-;3000;3000;3000;-1;-1;-1;-1;-1;-1;-1;-1;-1;-1;-1;-1;3000;3000;-1;-1;-1;-1;-1;-1;-1;-1;-1;-1;-1;-1
7452;110;No;No;No;No;-;3000;3000;3000;-1;-1;-1;-1;-1;-1;-1;-1;-1;-1;-1;-1;3000;3000;-1;-1;-1;-1;-1;-1;-1;-1;-1;-1;-1;-1
7453;107;No;No;No;No;-;3000;3000;3000;-1;-1;-1;-1;-1;-1;-1;-1;-1;-1;-1;-1;3000;3000;-1;-1;-1;-1;-1;-1;-1;-1;-1;-1;-1;-1
7455;121;No;No;No;No;-;3000;3000;3000;-1;-1;-1;-1;-1;-1;-1;-1;-1;-1;-1;-1;3000;3000;-1;-1;-1;-1;-1;-1;-1;-1;-1;-1;-1;-1
7456;105;No;No;No;No;-;3000;3000;3000;-1;-1;-1;-1;-1;-1;-1;-1;-1;-1;-1;-1;3000;3000;-1;-1;-1;-1;-1;-1;-1;-1;-1;-1;-1;-1
7457;113;No;No;No;No;-;3000;3000;3000;-1;-1;-1;-1;-1;-1;-1;-1;-1;-1;-1;-1;3000;3000;-1;-1;-1;-1;-1;-1;-1;-1;-1;-1;-1;-1
7458;107;No;No;No;No;-;3000;3000;3000;-1;-1;-1;-1;-1;-1;-1;-1;-1;-1;-1;-1;3000;3000;-1;-1;-1;-1;-1;-1;-1;-1;-1;-1;-1;-1
7459;120;No;No;No;No;-;3000;3000;3000;-1;-1;-1;-1;-1;-1;-1;-1;-1;-1;-1;-1;3000;3000;-1;-1;-1;-1;-1;-1;-1;-1;-1;-1;-1;-1
7461;115;No;No;No;No;-;3000;3000;3000;-1;-1;-1;-1;-1;-1;-1;-1;-1;-1;-1;-1;3000;3000;-1;-1;-1;-1;-1;-1;-1;-1;-1;-1;-1;-1
7462;122;No;No;No;No;-;3000;3000;3000;-1;-1;-1;-1;-1;-1;-1;-1;-1;-1;-1;-1;3000;3000;-1;-1;-1;-1;-1;-1;-1;-1;-1;-1;-1;-1
7464;105;No;No;No;No;-;3000;3000;3000;-1;-1;-1;-1;-1;-1;-1;-1;-1;-1;-1;-1;3000;3000;-1;-1;-1;-1;-1;-1;-1;-1;-1;-1;-1;-1
7465;106;No;No;No;No;-;3000;3000;3000;-1;-1;-1;-1;-1;-1;-1;-1;-1;-1;-1;-1;3000;3000;-1;-1;-1;-1;-1;-1;-1;-1;-1;-1;-1;-1
7466;112;No;No;No;No;-;3000;3000;3000;-1;-1;-1;-1;-1;-1;-1;-1;-1;-1;-1;-1;3000;3000;-1;-1;-1;-1;-1;-1;-1;-1;-1;-1;-1;-1
7468;119;No;No;No;No;-;1000;1000;-1;-1;-1;-1;-1;-1;-1;-1;-1;-1;-1;-1;-1;1000;-1;-1;-1;-1;-1;-1;-1;-1;-1;-1;-1;-1;-1
7470;108;No;No;No;No;-;3000;3000;3000;-1;-1;-1;-1;-1;-1;-1;-1;-1;-1;-1;-1;3000;3000;-1;-1;-1;-1;-1;-1;-1;-1;-1;-1;-1;-1
7471;105;No;No;No;No;-;3000;3000;3000;-1;-1;-1;-1;-1;-1;-1;-1;-1;-1;-1;-1;3000;3000;-1;-1;-1;-1;-1;-1;-1;-1;-1;-1;-1;-1
7473;108;No;No;No;No;-;3000;3000;3000;-1;-1;-1;-1;-1;-1;-1;-1;-1;-1;-1;-1;3000;3000;-1;-1;-1;-1;-1;-1;-1;-1;-1;-1;-1;-1
7475;144;No;No;No;No;-;750000;750000;-1;-1;-1;-1;-1;-1;-1;-1;-1;-1;-1;-1;-1;180000;-1;-1;-1;-1;-1;-1;-1;-1;-1;-1;-1;-1;-1
7476;47;No;No;No;No;-;43000;43000;-1;-1;-1;-1;-1;-1;-1;-1;-1;-1;-1;-1;-1;5551;-1;-1;-1;-1;-1;-1;-1;-1;-1;-1;-1;-1;-1
7478;117;No;No;No;No;-;3000;3000;3000;-1;-1;-1;-1;-1;-1;-1;-1;-1;-1;-1;-1;3000;3000;-1;-1;-1;-1;-1;-1;-1;-1;-1;-1;-1;-1
7479;8;No;No;Yes;No;-;995000;995000;995000;995000;-1;-1;-1;-1;-1;-1;-1;-1;-1;-1;-1;-1;-1;-1;-1;-1;-1;-1;-1;-1;-1;-1;-1;-1;-1
7483;116;No;No;No;No;-;3000;3000;3000;-1;-1;-1;-1;-1;-1;-1;-1;-1;-1;-1;-1;3000;3000;-1;-1;-1;-1;-1;-1;-1;-1;-1;-1;-1;-1
7484;120;No;No;No;No;-;3000;3000;3000;-1;-1;-1;-1;-1;-1;-1;-1;-1;-1;-1;-1;3000;3000;-1;-1;-1;-1;-1;-1;-1;-1;-1;-1;-1;-1
7487;116;No;No;No;No;-;1000;1000;-1;-1;-1;-1;-1;-1;-1;-1;-1;-1;-1;-1;-1;1000;-1;-1;-1;-1;-1;-1;-1;-1;-1;-1;-1;-1;-1
7488;118;No;No;No;No;-;3000;3000;3000;-1;-1;-1;-1;-1;-1;-1;-1;-1;-1;-1;-1;3000;3000;-1;-1;-1;-1;-1;-1;-1;-1;-1;-1;-1;-1
7489;115;No;No;No;No;-;3000;3000;3000;-1;-1;-1;-1;-1;-1;-1;-1;-1;-1;-1;-1;3000;3000;-1;-1;-1;-1;-1;-1;-1;-1;-1;-1;-1;-1
7490;109;No;No;No;No;-;3000;3000;3000;-1;-1;-1;-1;-1;-1;-1;-1;-1;-1;-1;-1;3000;3000;-1;-1;-1;-1;-1;-1;-1;-1;-1;-1;-1;-1
7491;112;No;No;No;No;-;3000;3000;3000;-1;-1;-1;-1;-1;-1;-1;-1;-1;-1;-1;-1;3000;3000;-1;-1;-1;-1;-1;-1;-1;-1;-1;-1;-1;-1
7492;116;No;No;No;No;-;3000;3000;3000;-1;-1;-1;-1;-1;-1;-1;-1;-1;-1;-1;-1;3000;3000;-1;-1;-1;-1;-1;-1;-1;-1;-1;-1;-1;-1
7495;120;No;No;No;No;-;3000;3000;3000;-1;-1;-1;-1;-1;-1;-1;-1;-1;-1;-1;-1;3000;3000;-1;-1;-1;-1;-1;-1;-1;-1;-1;-1;-1;-1
7497;115;No;No;No;No;-;3000;3000;3000;-1;-1;-1;-1;-1;-1;-1;-1;-1;-1;-1;-1;3000;3000;-1;-1;-1;-1;-1;-1;-1;-1;-1;-1;-1;-1
7503;107;No;No;No;No;-;3000;3000;3000;-1;-1;-1;-1;-1;-1;-1;-1;-1;-1;-1;-1;3000;3000;-1;-1;-1;-1;-1;-1;-1;-1;-1;-1;-1;-1
7507;115;No;No;No;No;-;3000;3000;3000;-1;-1;-1;-1;-1;-1;-1;-1;-1;-1;-1;-1;3000;3000;-1;-1;-1;-1;-1;-1;-1;-1;-1;-1;-1;-1
7512;113;No;No;No;No;-;3000;3000;3000;-1;-1;-1;-1;-1;-1;-1;-1;-1;-1;-1;-1;3000;3000;-1;-1;-1;-1;-1;-1;-1;-1;-1;-1;-1;-1
7513;109;No;No;No;No;-;3000;3000;3000;-1;-1;-1;-1;-1;-1;-1;-1;-1;-1;-1;-1;3000;3000;-1;-1;-1;-1;-1;-1;-1;-1;-1;-1;-1;-1
7514;121;No;No;No;No;-;3000;3000;3000;-1;-1;-1;-1;-1;-1;-1;-1;-1;-1;-1;-1;3000;3000;-1;-1;-1;-1;-1;-1;-1;-1;-1;-1;-1;-1
7518;111;No;No;No;No;-;3000;3000;3000;-1;-1;-1;-1;-1;-1;-1;-1;-1;-1;-1;-1;3000;3000;-1;-1;-1;-1;-1;-1;-1;-1;-1;-1;-1;-1
7521;114;No;No;No;No;-;3000;3000;3000;-1;-1;-1;-1;-1;-1;-1;-1;-1;-1;-1;-1;3000;3000;-1;-1;-1;-1;-1;-1;-1;-1;-1;-1;-1;-1
7522;116;No;No;No;No;-;3000;3000;3000;-1;-1;-1;-1;-1;-1;-1;-1;-1;-1;-1;-1;3000;3000;-1;-1;-1;-1;-1;-1;-1;-1;-1;-1;-1;-1
7523;120;No;No;No;No;-;3000;3000;3000;-1;-1;-1;-1;-1;-1;-1;-1;-1;-1;-1;-1;3000;3000;-1;-1;-1;-1;-1;-1;-1;-1;-1;-1;-1;-1
7530;114;No;No;No;No;-;3000;3000;3000;-1;-1;-1;-1;-1;-1;-1;-1;-1;-1;-1;-1;3000;3000;-1;-1;-1;-1;-1;-1;-1;-1;-1;-1;-1;-1
7531;113;No;No;No;No;-;3000;3000;3000;-1;-1;-1;-1;-1;-1;-1;-1;-1;-1;-1;-1;3000;3000;-1;-1;-1;-1;-1;-1;-1;-1;-1;-1;-1;-1
7533;111;No;No;No;No;-;3000;3000;3000;-1;-1;-1;-1;-1;-1;-1;-1;-1;-1;-1;-1;3000;3000;-1;-1;-1;-1;-1;-1;-1;-1;-1;-1;-1;-1
7534;121;No;No;No;No;-;3000;3000;3000;-1;-1;-1;-1;-1;-1;-1;-1;-1;-1;-1;-1;3000;3000;-1;-1;-1;-1;-1;-1;-1;-1;-1;-1;-1;-1
7536;116;No;No;No;No;-;3000;3000;3000;-1;-1;-1;-1;-1;-1;-1;-1;-1;-1;-1;-1;3000;3000;-1;-1;-1;-1;-1;-1;-1;-1;-1;-1;-1;-1
7537;122;No;No;No;No;-;3000;3000;3000;-1;-1;-1;-1;-1;-1;-1;-1;-1;-1;-1;-1;3000;3000;-1;-1;-1;-1;-1;-1;-1;-1;-1;-1;-1;-1
7538;109;No;No;No;No;-;3000;3000;3000;-1;-1;-1;-1;-1;-1;-1;-1;-1;-1;-1;-1;3000;3000;-1;-1;-1;-1;-1;-1;-1;-1;-1;-1;-1;-1
7539;110;No;No;No;No;-;3000;3000;3000;-1;-1;-1;-1;-1;-1;-1;-1;-1;-1;-1;-1;3000;3000;-1;-1;-1;-1;-1;-1;-1;-1;-1;-1;-1;-1
7540;109;No;No;No;No;-;3000;3000;3000;-1;-1;-1;-1;-1;-1;-1;-1;-1;-1;-1;-1;3000;3000;-1;-1;-1;-1;-1;-1;-1;-1;-1;-1;-1;-1
7542;110;No;No;No;No;-;1000;1000;-1;-1;-1;-1;-1;-1;-1;-1;-1;-1;-1;-1;-1;1000;-1;-1;-1;-1;-1;-1;-1;-1;-1;-1;-1;-1;-1
7545;113;No;No;No;No;-;3000;3000;3000;-1;-1;-1;-1;-1;-1;-1;-1;-1;-1;-1;-1;3000;3000;-1;-1;-1;-1;-1;-1;-1;-1;-1;-1;-1;-1
7547;118;No;No;No;No;-;3000;3000;3000;-1;-1;-1;-1;-1;-1;-1;-1;-1;-1;-1;-1;3000;3000;-1;-1;-1;-1;-1;-1;-1;-1;-1;-1;-1;-1
7548;120;No;No;No;No;-;1000;1000;-1;-1;-1;-1;-1;-1;-1;-1;-1;-1;-1;-1;-1;1000;-1;-1;-1;-1;-1;-1;-1;-1;-1;-1;-1;-1;-1
7550;111;No;No;No;No;-;3000;3000;3000;-1;-1;-1;-1;-1;-1;-1;-1;-1;-1;-1;-1;3000;3000;-1;-1;-1;-1;-1;-1;-1;-1;-1;-1;-1;-1
7551;112;No;No;No;No;-;3000;3000;3000;-1;-1;-1;-1;-1;-1;-1;-1;-1;-1;-1;-1;3000;3000;-1;-1;-1;-1;-1;-1;-1;-1;-1;-1;-1;-1
7553;109;No;No;No;No;-;3000;3000;3000;-1;-1;-1;-1;-1;-1;-1;-1;-1;-1;-1;-1;3000;3000;-1;-1;-1;-1;-1;-1;-1;-1;-1;-1;-1;-1
7559;97;No;No;No;No;-;3000;3000;-1;-1;-1;-1;-1;-1;-1;-1;-1;-1;-1;-1;-1;3000;-1;-1;-1;-1;-1;-1;-1;-1;-1;-1;-1;-1;-1
7580;80;No;No;No;No;-;3000;3000;3000;-1;-1;-1;-1;-1;-1;-1;-1;-1;-1;-1;-1;3000;3000;-1;-1;-1;-1;-1;-1;-1;-1;-1;-1;-1;-1
7581;64;No;No;No;No;-;3000;3000;3000;-1;-1;-1;-1;-1;-1;-1;-1;-1;-1;-1;-1;3000;3000;-1;-1;-1;-1;-1;-1;-1;-1;-1;-1;-1;-1
7584;110;No;No;No;No;-;3000;3000;3000;-1;-1;-1;-1;-1;-1;-1;-1;-1;-1;-1;-1;3000;3000;-1;-1;-1;-1;-1;-1;-1;-1;-1;-1;-1;-1
7585;118;No;No;No;No;-;3000;3000;3000;-1;-1;-1;-1;-1;-1;-1;-1;-1;-1;-1;-1;3000;3000;-1;-1;-1;-1;-1;-1;-1;-1;-1;-1;-1;-1
7586;97;No;No;No;No;-;3000;3000;3000;-1;-1;-1;-1;-1;-1;-1;-1;-1;-1;-1;-1;3000;3000;-1;-1;-1;-1;-1;-1;-1;-1;-1;-1;-1;-1
7589;101;No;No;No;No;-;3000;3000;3000;-1;-1;-1;-1;-1;-1;-1;-1;-1;-1;-1;-1;3000;3000;-1;-1;-1;-1;-1;-1;-1;-1;-1;-1;-1;-1
7593;82;No;No;No;No;-;3000;3000;3000;-1;-1;-1;-1;-1;-1;-1;-1;-1;-1;-1;-1;3000;3000;-1;-1;-1;-1;-1;-1;-1;-1;-1;-1;-1;-1
7595;66;No;No;No;No;-;3000;3000;3000;-1;-1;-1;-1;-1;-1;-1;-1;-1;-1;-1;-1;3000;3000;-1;-1;-1;-1;-1;-1;-1;-1;-1;-1;-1;-1
7596;79;No;No;No;No;-;3000;3000;3000;-1;-1;-1;-1;-1;-1;-1;-1;-1;-1;-1;-1;3000;3000;-1;-1;-1;-1;-1;-1;-1;-1;-1;-1;-1;-1
7600;93;No;No;No;No;-;3000;3000;3000;-1;-1;-1;-1;-1;-1;-1;-1;-1;-1;-1;-1;3000;3000;-1;-1;-1;-1;-1;-1;-1;-1;-1;-1;-1;-1
7602;101;No;No;No;No;-;3000;3000;3000;-1;-1;-1;-1;-1;-1;-1;-1;-1;-1;-1;-1;3000;3000;-1;-1;-1;-1;-1;-1;-1;-1;-1;-1;-1;-1
7604;101;No;No;No;No;-;3000;3000;3000;-1;-1;-1;-1;-1;-1;-1;-1;-1;-1;-1;-1;3000;3000;-1;-1;-1;-1;-1;-1;-1;-1;-1;-1;-1;-1
7605;2;No;No;No;No;-;6330000;6330000;6330000;6330000;-1;-1;-1;-1;-1;-1;-1;-1;-1;-1;-1;-1;-1;-1;-1;-1;-1;-1;-1;-1;-1;-1;-1;-1;-1
7606;0;No;No;Yes;No;-;990000;990000;-1;-1;-1;-1;-1;-1;-1;-1;-1;-1;-1;-1;-1;-1;-1;-1;-1;-1;-1;-1;-1;-1;-1;-1;-1;-1;-1
7607;19;No;No;Yes;No;-;995000;995000;995000;-1;-1;-1;-1;-1;-1;-1;-1;-1;-1;-1;-1;-1;-1;-1;-1;-1;-1;-1;-1;-1;-1;-1;-1;-1;-1
7608;154;No;No;Yes;No;-;995000;995000;995000;-1;-1;-1;-1;-1;-1;-1;-1;-1;-1;-1;-1;-1;-1;-1;-1;-1;-1;-1;-1;-1;-1;-1;-1;-1;-1
7609;28;No;No;Yes;No;-;990000;990000;990000;-1;-1;-1;-1;-1;-1;-1;-1;-1;-1;-1;-1;-1;-1;-1;-1;-1;-1;-1;-1;-1;-1;-1;-1;-1;-1
7610;154;No;No;Yes;No;-;995000;995000;995000;-1;-1;-1;-1;-1;-1;-1;-1;-1;-1;-1;-1;-1;-1;-1;-1;-1;-1;-1;-1;-1;-1;-1;-1;-1;-1
7611;1;No;No;Yes;No;-;995000;995000;995000;-1;-1;-1;-1;-1;-1;-1;-1;-1;-1;-1;-1;-1;-1;-1;-1;-1;-1;-1;-1;-1;-1;-1;-1;-1;-1
7612;1;No;No;Yes;No;-;990000;990000;990000;-1;-1;-1;-1;-1;-1;-1;-1;-1;-1;-1;-1;-1;-1;-1;-1;-1;-1;-1;-1;-1;-1;-1;-1;-1;-1
7613;1;No;No;Yes;No;-;990000;990000;990000;-1;-1;-1;-1;-1;-1;-1;-1;-1;-1;-1;-1;-1;-1;-1;-1;-1;-1;-1;-1;-1;-1;-1;-1;-1;-1
7614;20;No;No;Yes;No;-;990000;990000;990000;-1;-1;-1;-1;-1;-1;-1;-1;-1;-1;-1;-1;-1;-1;-1;-1;-1;-1;-1;-1;-1;-1;-1;-1;-1;-1
7615;2;No;No;No;Yes;-;4250000;4250000;4250000;4250000;4250000;-1;-1;-1;-1;-1;-1;-1;-1;-1;-1;-1;-1;-1;-1;-1;-1;-1;-1;-1;-1;-1;-1;-1;-1
7616;7;No;No;Yes;No;-;995000;995000;995000;-1;-1;-1;-1;-1;-1;-1;-1;-1;-1;-1;-1;-1;-1;-1;-1;-1;-1;-1;-1;-1;-1;-1;-1;-1;-1
7617;28;No;No;Yes;No;-;990000;990000;990000;-1;-1;-1;-1;-1;-1;-1;-1;-1;-1;-1;-1;-1;-1;-1;-1;-1;-1;-1;-1;-1;-1;-1;-1;-1;-1
7618;8;No;No;Yes;No;-;950000;950000;950000;-1;-1;-1;-1;-1;-1;-1;-1;-1;-1;-1;-1;-1;-1;-1;-1;-1;-1;-1;-1;-1;-1;-1;-1;-1;-1
7619;7;No;No;Yes;No;-;995000;995000;995000;-1;-1;-1;-1;-1;-1;-1;-1;-1;-1;-1;-1;-1;-1;-1;-1;-1;-1;-1;-1;-1;-1;-1;-1;-1;-1
7620;1;No;No;Yes;No;-;990000;990000;990000;-1;-1;-1;-1;-1;-1;-1;-1;-1;-1;-1;-1;-1;-1;-1;-1;-1;-1;-1;-1;-1;-1;-1;-1;-1;-1
7622;102;No;No;No;No;-;3000;3000;3000;3000;-1;-1;-1;-1;-1;-1;-1;-1;-1;-1;-1;3000;3000;3000;-1;-1;-1;-1;-1;-1;-1;-1;-1;-1;-1
7623;87;No;No;No;No;-;3000;3000;3000;3000;-1;-1;-1;-1;-1;-1;-1;-1;-1;-1;-1;3000;3000;3000;-1;-1;-1;-1;-1;-1;-1;-1;-1;-1;-1
7624;89;No;No;No;No;-;3000;3000;3000;3000;-1;-1;-1;-1;-1;-1;-1;-1;-1;-1;-1;3000;3000;3000;-1;-1;-1;-1;-1;-1;-1;-1;-1;-1;-1
7625;92;No;No;No;No;-;3000;3000;3000;3000;-1;-1;-1;-1;-1;-1;-1;-1;-1;-1;-1;3000;3000;3000;-1;-1;-1;-1;-1;-1;-1;-1;-1;-1;-1
7626;98;No;No;No;No;-;3000;3000;3000;3000;-1;-1;-1;-1;-1;-1;-1;-1;-1;-1;-1;3000;3000;3000;-1;-1;-1;-1;-1;-1;-1;-1;-1;-1;-1
7628;87;No;No;No;No;-;3000;3000;3000;3000;-1;-1;-1;-1;-1;-1;-1;-1;-1;-1;-1;3000;3000;3000;-1;-1;-1;-1;-1;-1;-1;-1;-1;-1;-1
7629;103;No;No;No;No;-;3000;3000;3000;3000;-1;-1;-1;-1;-1;-1;-1;-1;-1;-1;-1;3000;3000;3000;-1;-1;-1;-1;-1;-1;-1;-1;-1;-1;-1
7630;94;No;No;No;No;-;3000;3000;3000;3000;-1;-1;-1;-1;-1;-1;-1;-1;-1;-1;-1;3000;3000;3000;-1;-1;-1;-1;-1;-1;-1;-1;-1;-1;-1
7631;103;No;No;No;No;-;3000;3000;3000;3000;-1;-1;-1;-1;-1;-1;-1;-1;-1;-1;-1;3000;3000;3000;-1;-1;-1;-1;-1;-1;-1;-1;-1;-1;-1
7633;93;No;No;No;No;-;3000;3000;3000;3000;-1;-1;-1;-1;-1;-1;-1;-1;-1;-1;-1;3000;3000;3000;-1;-1;-1;-1;-1;-1;-1;-1;-1;-1;-1
7634;87;No;No;No;No;-;3000;3000;3000;3000;-1;-1;-1;-1;-1;-1;-1;-1;-1;-1;-1;3000;3000;3000;-1;-1;-1;-1;-1;-1;-1;-1;-1;-1;-1
7636;103;No;No;No;No;-;3000;3000;3000;3000;-1;-1;-1;-1;-1;-1;-1;-1;-1;-1;-1;3000;3000;3000;-1;-1;-1;-1;-1;-1;-1;-1;-1;-1;-1
7639;92;No;No;No;No;-;3000;3000;3000;3000;-1;-1;-1;-1;-1;-1;-1;-1;-1;-1;-1;3000;3000;3000;-1;-1;-1;-1;-1;-1;-1;-1;-1;-1;-1
7640;92;No;No;No;No;-;3000;3000;3000;3000;-1;-1;-1;-1;-1;-1;-1;-1;-1;-1;-1;3000;3000;3000;-1;-1;-1;-1;-1;-1;-1;-1;-1;-1;-1
7641;102;No;No;No;No;-;3000;3000;3000;3000;-1;-1;-1;-1;-1;-1;-1;-1;-1;-1;-1;3000;3000;3000;-1;-1;-1;-1;-1;-1;-1;-1;-1;-1;-1
7642;95;No;No;No;No;-;3000;3000;3000;3000;-1;-1;-1;-1;-1;-1;-1;-1;-1;-1;-1;3000;3000;3000;-1;-1;-1;-1;-1;-1;-1;-1;-1;-1;-1
7643;92;No;No;No;No;-;3000;3000;3000;3000;-1;-1;-1;-1;-1;-1;-1;-1;-1;-1;-1;3000;3000;3000;-1;-1;-1;-1;-1;-1;-1;-1;-1;-1;-1
7644;102;No;No;No;No;-;3000;3000;3000;3000;-1;-1;-1;-1;-1;-1;-1;-1;-1;-1;-1;3000;3000;3000;-1;-1;-1;-1;-1;-1;-1;-1;-1;-1;-1
7645;91;No;No;No;No;-;3000;3000;3000;3000;-1;-1;-1;-1;-1;-1;-1;-1;-1;-1;-1;3000;3000;3000;-1;-1;-1;-1;-1;-1;-1;-1;-1;-1;-1
7647;86;No;No;No;No;-;3000;3000;3000;3000;-1;-1;-1;-1;-1;-1;-1;-1;-1;-1;-1;3000;3000;3000;-1;-1;-1;-1;-1;-1;-1;-1;-1;-1;-1
7648;103;No;No;No;No;-;3000;3000;3000;3000;-1;-1;-1;-1;-1;-1;-1;-1;-1;-1;-1;3000;3000;3000;-1;-1;-1;-1;-1;-1;-1;-1;-1;-1;-1
7649;86;No;No;No;No;-;3000;3000;3000;3000;-1;-1;-1;-1;-1;-1;-1;-1;-1;-1;-1;3000;3000;3000;-1;-1;-1;-1;-1;-1;-1;-1;-1;-1;-1
7651;87;No;No;No;No;-;3000;3000;3000;3000;-1;-1;-1;-1;-1;-1;-1;-1;-1;-1;-1;3000;3000;3000;-1;-1;-1;-1;-1;-1;-1;-1;-1;-1;-1
7653;89;No;No;No;No;-;3000;3000;3000;3000;-1;-1;-1;-1;-1;-1;-1;-1;-1;-1;-1;3000;3000;3000;-1;-1;-1;-1;-1;-1;-1;-1;-1;-1;-1
7654;97;No;No;No;No;-;3000;3000;3000;3000;-1;-1;-1;-1;-1;-1;-1;-1;-1;-1;-1;3000;3000;3000;-1;-1;-1;-1;-1;-1;-1;-1;-1;-1;-1
7655;87;No;No;No;No;-;3000;3000;3000;3000;-1;-1;-1;-1;-1;-1;-1;-1;-1;-1;-1;3000;3000;3000;-1;-1;-1;-1;-1;-1;-1;-1;-1;-1;-1
7656;86;No;No;No;No;-;3000;3000;3000;3000;-1;-1;-1;-1;-1;-1;-1;-1;-1;-1;-1;3000;3000;3000;-1;-1;-1;-1;-1;-1;-1;-1;-1;-1;-1
7658;85;No;No;No;No;-;3000;3000;3000;3000;-1;-1;-1;-1;-1;-1;-1;-1;-1;-1;-1;3000;3000;3000;-1;-1;-1;-1;-1;-1;-1;-1;-1;-1;-1
7659;93;No;No;No;No;-;3000;3000;3000;3000;-1;-1;-1;-1;-1;-1;-1;-1;-1;-1;-1;3000;3000;3000;-1;-1;-1;-1;-1;-1;-1;-1;-1;-1;-1
7660;89;No;No;No;No;-;3000;3000;3000;3000;-1;-1;-1;-1;-1;-1;-1;-1;-1;-1;-1;3000;3000;3000;-1;-1;-1;-1;-1;-1;-1;-1;-1;-1;-1
7661;99;No;No;No;No;-;3000;3000;3000;3000;-1;-1;-1;-1;-1;-1;-1;-1;-1;-1;-1;3000;3000;3000;-1;-1;-1;-1;-1;-1;-1;-1;-1;-1;-1
7662;85;No;No;No;No;-;3000;3000;3000;3000;-1;-1;-1;-1;-1;-1;-1;-1;-1;-1;-1;3000;3000;3000;-1;-1;-1;-1;-1;-1;-1;-1;-1;-1;-1
7663;98;No;No;No;No;-;3000;3000;3000;3000;-1;-1;-1;-1;-1;-1;-1;-1;-1;-1;-1;3000;3000;3000;-1;-1;-1;-1;-1;-1;-1;-1;-1;-1;-1
7664;104;No;No;No;No;-;3000;3000;3000;3000;-1;-1;-1;-1;-1;-1;-1;-1;-1;-1;-1;3000;3000;3000;-1;-1;-1;-1;-1;-1;-1;-1;-1;-1;-1
7665;91;No;No;No;No;-;3000;3000;3000;3000;-1;-1;-1;-1;-1;-1;-1;-1;-1;-1;-1;3000;3000;3000;-1;-1;-1;-1;-1;-1;-1;-1;-1;-1;-1
7666;97;No;No;No;No;-;3000;3000;3000;3000;-1;-1;-1;-1;-1;-1;-1;-1;-1;-1;-1;3000;3000;3000;-1;-1;-1;-1;-1;-1;-1;-1;-1;-1;-1
7668;96;No;No;No;No;-;3000;3000;3000;3000;-1;-1;-1;-1;-1;-1;-1;-1;-1;-1;-1;3000;3000;3000;-1;-1;-1;-1;-1;-1;-1;-1;-1;-1;-1
7669;87;No;No;No;No;-;3000;3000;3000;3000;-1;-1;-1;-1;-1;-1;-1;-1;-1;-1;-1;3000;3000;3000;-1;-1;-1;-1;-1;-1;-1;-1;-1;-1;-1
7670;102;No;No;No;No;-;3000;3000;3000;3000;-1;-1;-1;-1;-1;-1;-1;-1;-1;-1;-1;3000;3000;3000;-1;-1;-1;-1;-1;-1;-1;-1;-1;-1;-1
7671;94;No;No;No;No;-;3000;3000;3000;3000;-1;-1;-1;-1;-1;-1;-1;-1;-1;-1;-1;3000;3000;3000;-1;-1;-1;-1;-1;-1;-1;-1;-1;-1;-1
7672;86;No;No;No;No;-;3000;3000;3000;3000;-1;-1;-1;-1;-1;-1;-1;-1;-1;-1;-1;3000;3000;3000;-1;-1;-1;-1;-1;-1;-1;-1;-1;-1;-1
7673;97;No;No;No;No;-;3000;3000;3000;3000;-1;-1;-1;-1;-1;-1;-1;-1;-1;-1;-1;3000;3000;3000;-1;-1;-1;-1;-1;-1;-1;-1;-1;-1;-1
7674;91;No;No;No;No;-;3000;3000;3000;3000;-1;-1;-1;-1;-1;-1;-1;-1;-1;-1;-1;3000;3000;3000;-1;-1;-1;-1;-1;-1;-1;-1;-1;-1;-1
7675;92;No;No;No;No;-;3000;3000;3000;3000;-1;-1;-1;-1;-1;-1;-1;-1;-1;-1;-1;3000;3000;3000;-1;-1;-1;-1;-1;-1;-1;-1;-1;-1;-1
7676;90;No;No;No;No;-;3000;3000;3000;3000;-1;-1;-1;-1;-1;-1;-1;-1;-1;-1;-1;3000;3000;3000;-1;-1;-1;-1;-1;-1;-1;-1;-1;-1;-1
7677;104;No;No;No;No;-;3000;3000;3000;3000;-1;-1;-1;-1;-1;-1;-1;-1;-1;-1;-1;3000;3000;3000;-1;-1;-1;-1;-1;-1;-1;-1;-1;-1;-1
7678;99;No;No;No;No;-;3000;3000;3000;3000;-1;-1;-1;-1;-1;-1;-1;-1;-1;-1;-1;3000;3000;3000;-1;-1;-1;-1;-1;-1;-1;-1;-1;-1;-1
7679;98;No;No;No;No;-;3000;3000;3000;3000;-1;-1;-1;-1;-1;-1;-1;-1;-1;-1;-1;3000;3000;3000;-1;-1;-1;-1;-1;-1;-1;-1;-1;-1;-1
7681;98;No;No;No;No;-;3000;3000;3000;3000;-1;-1;-1;-1;-1;-1;-1;-1;-1;-1;-1;3000;3000;3000;-1;-1;-1;-1;-1;-1;-1;-1;-1;-1;-1
7682;100;No;No;No;No;-;3000;3000;3000;3000;-1;-1;-1;-1;-1;-1;-1;-1;-1;-1;-1;3000;3000;3000;-1;-1;-1;-1;-1;-1;-1;-1;-1;-1;-1
7683;91;No;No;No;No;-;3000;3000;3000;3000;-1;-1;-1;-1;-1;-1;-1;-1;-1;-1;-1;3000;3000;3000;-1;-1;-1;-1;-1;-1;-1;-1;-1;-1;-1
7685;90;No;No;No;No;-;3000;3000;3000;3000;-1;-1;-1;-1;-1;-1;-1;-1;-1;-1;-1;3000;3000;3000;-1;-1;-1;-1;-1;-1;-1;-1;-1;-1;-1
7688;95;No;No;No;No;-;3000;3000;3000;3000;-1;-1;-1;-1;-1;-1;-1;-1;-1;-1;-1;3000;3000;3000;-1;-1;-1;-1;-1;-1;-1;-1;-1;-1;-1
7689;88;No;No;No;No;-;3000;3000;3000;3000;-1;-1;-1;-1;-1;-1;-1;-1;-1;-1;-1;3000;3000;3000;-1;-1;-1;-1;-1;-1;-1;-1;-1;-1;-1
7690;98;No;No;No;No;-;3000;3000;3000;3000;-1;-1;-1;-1;-1;-1;-1;-1;-1;-1;-1;3000;3000;3000;-1;-1;-1;-1;-1;-1;-1;-1;-1;-1;-1
7691;95;No;No;No;No;-;3000;3000;3000;3000;-1;-1;-1;-1;-1;-1;-1;-1;-1;-1;-1;3000;3000;3000;-1;-1;-1;-1;-1;-1;-1;-1;-1;-1;-1
7692;86;No;No;No;No;-;3000;3000;3000;3000;-1;-1;-1;-1;-1;-1;-1;-1;-1;-1;-1;3000;3000;3000;-1;-1;-1;-1;-1;-1;-1;-1;-1;-1;-1
7693;92;No;No;No;No;-;3000;3000;3000;3000;-1;-1;-1;-1;-1;-1;-1;-1;-1;-1;-1;3000;3000;3000;-1;-1;-1;-1;-1;-1;-1;-1;-1;-1;-1
7694;100;No;No;No;No;-;3000;3000;3000;3000;-1;-1;-1;-1;-1;-1;-1;-1;-1;-1;-1;3000;3000;3000;-1;-1;-1;-1;-1;-1;-1;-1;-1;-1;-1
7695;92;No;No;No;No;-;3000;3000;3000;3000;-1;-1;-1;-1;-1;-1;-1;-1;-1;-1;-1;3000;3000;3000;-1;-1;-1;-1;-1;-1;-1;-1;-1;-1;-1
7696;101;No;No;No;No;-;3000;3000;3000;3000;-1;-1;-1;-1;-1;-1;-1;-1;-1;-1;-1;3000;3000;3000;-1;-1;-1;-1;-1;-1;-1;-1;-1;-1;-1
7697;87;No;No;No;No;-;3000;3000;3000;3000;-1;-1;-1;-1;-1;-1;-1;-1;-1;-1;-1;3000;3000;3000;-1;-1;-1;-1;-1;-1;-1;-1;-1;-1;-1
7699;95;No;No;No;No;-;3000;3000;3000;3000;-1;-1;-1;-1;-1;-1;-1;-1;-1;-1;-1;3000;3000;3000;-1;-1;-1;-1;-1;-1;-1;-1;-1;-1;-1
7700;90;No;No;No;No;-;3000;3000;3000;3000;-1;-1;-1;-1;-1;-1;-1;-1;-1;-1;-1;3000;3000;3000;-1;-1;-1;-1;-1;-1;-1;-1;-1;-1;-1
7701;86;No;No;No;No;-;3000;3000;3000;3000;-1;-1;-1;-1;-1;-1;-1;-1;-1;-1;-1;3000;3000;3000;-1;-1;-1;-1;-1;-1;-1;-1;-1;-1;-1
7702;92;No;No;No;No;-;3000;3000;3000;3000;-1;-1;-1;-1;-1;-1;-1;-1;-1;-1;-1;3000;3000;3000;-1;-1;-1;-1;-1;-1;-1;-1;-1;-1;-1
7703;85;No;No;No;No;-;3000;3000;3000;3000;-1;-1;-1;-1;-1;-1;-1;-1;-1;-1;-1;3000;3000;3000;-1;-1;-1;-1;-1;-1;-1;-1;-1;-1;-1
7704;96;No;No;No;No;-;3000;3000;3000;3000;-1;-1;-1;-1;-1;-1;-1;-1;-1;-1;-1;3000;3000;3000;-1;-1;-1;-1;-1;-1;-1;-1;-1;-1;-1
7705;97;No;No;No;No;-;3000;3000;3000;3000;-1;-1;-1;-1;-1;-1;-1;-1;-1;-1;-1;3000;3000;3000;-1;-1;-1;-1;-1;-1;-1;-1;-1;-1;-1
7706;96;No;No;No;No;-;3000;3000;3000;3000;-1;-1;-1;-1;-1;-1;-1;-1;-1;-1;-1;3000;3000;3000;-1;-1;-1;-1;-1;-1;-1;-1;-1;-1;-1
7707;88;No;No;No;No;-;3000;3000;3000;3000;-1;-1;-1;-1;-1;-1;-1;-1;-1;-1;-1;3000;3000;3000;-1;-1;-1;-1;-1;-1;-1;-1;-1;-1;-1
7708;100;No;No;No;No;-;3000;3000;3000;3000;-1;-1;-1;-1;-1;-1;-1;-1;-1;-1;-1;3000;3000;3000;-1;-1;-1;-1;-1;-1;-1;-1;-1;-1;-1
7709;103;No;No;No;No;-;3000;3000;3000;3000;-1;-1;-1;-1;-1;-1;-1;-1;-1;-1;-1;3000;3000;3000;-1;-1;-1;-1;-1;-1;-1;-1;-1;-1;-1
7710;99;No;No;No;No;-;3000;3000;3000;3000;-1;-1;-1;-1;-1;-1;-1;-1;-1;-1;-1;3000;3000;3000;-1;-1;-1;-1;-1;-1;-1;-1;-1;-1;-1
7711;99;No;No;No;No;-;3000;3000;3000;3000;-1;-1;-1;-1;-1;-1;-1;-1;-1;-1;-1;3000;3000;3000;-1;-1;-1;-1;-1;-1;-1;-1;-1;-1;-1
7712;102;No;No;No;No;-;3000;3000;3000;3000;-1;-1;-1;-1;-1;-1;-1;-1;-1;-1;-1;3000;3000;3000;-1;-1;-1;-1;-1;-1;-1;-1;-1;-1;-1
7714;97;No;No;No;No;-;3000;3000;3000;3000;-1;-1;-1;-1;-1;-1;-1;-1;-1;-1;-1;3000;3000;3000;-1;-1;-1;-1;-1;-1;-1;-1;-1;-1;-1
7716;89;No;No;No;No;-;3000;3000;3000;3000;-1;-1;-1;-1;-1;-1;-1;-1;-1;-1;-1;3000;3000;3000;-1;-1;-1;-1;-1;-1;-1;-1;-1;-1;-1
7717;87;No;No;No;No;-;3000;3000;3000;3000;-1;-1;-1;-1;-1;-1;-1;-1;-1;-1;-1;3000;3000;3000;-1;-1;-1;-1;-1;-1;-1;-1;-1;-1;-1
7718;89;No;No;No;No;-;3000;3000;3000;3000;-1;-1;-1;-1;-1;-1;-1;-1;-1;-1;-1;3000;3000;3000;-1;-1;-1;-1;-1;-1;-1;-1;-1;-1;-1
7719;102;No;No;No;No;-;3000;3000;3000;3000;-1;-1;-1;-1;-1;-1;-1;-1;-1;-1;-1;3000;3000;3000;-1;-1;-1;-1;-1;-1;-1;-1;-1;-1;-1
7720;87;No;No;No;No;-;3000;3000;3000;3000;-1;-1;-1;-1;-1;-1;-1;-1;-1;-1;-1;3000;3000;3000;-1;-1;-1;-1;-1;-1;-1;-1;-1;-1;-1
7723;95;No;No;No;No;-;3000;3000;3000;3000;-1;-1;-1;-1;-1;-1;-1;-1;-1;-1;-1;3000;3000;3000;-1;-1;-1;-1;-1;-1;-1;-1;-1;-1;-1
7725;94;No;No;No;No;-;3000;3000;3000;3000;-1;-1;-1;-1;-1;-1;-1;-1;-1;-1;-1;3000;3000;3000;-1;-1;-1;-1;-1;-1;-1;-1;-1;-1;-1
7726;101;No;No;No;No;-;3000;3000;3000;3000;-1;-1;-1;-1;-1;-1;-1;-1;-1;-1;-1;3000;3000;3000;-1;-1;-1;-1;-1;-1;-1;-1;-1;-1;-1
7727;104;No;No;No;No;-;3000;3000;3000;3000;-1;-1;-1;-1;-1;-1;-1;-1;-1;-1;-1;3000;3000;3000;-1;-1;-1;-1;-1;-1;-1;-1;-1;-1;-1
7728;104;No;No;No;No;-;3000;3000;3000;3000;-1;-1;-1;-1;-1;-1;-1;-1;-1;-1;-1;3000;3000;3000;-1;-1;-1;-1;-1;-1;-1;-1;-1;-1;-1
7729;98;No;No;No;No;-;3000;3000;3000;3000;-1;-1;-1;-1;-1;-1;-1;-1;-1;-1;-1;3000;3000;3000;-1;-1;-1;-1;-1;-1;-1;-1;-1;-1;-1
7730;88;No;No;No;No;-;3000;3000;3000;3000;-1;-1;-1;-1;-1;-1;-1;-1;-1;-1;-1;3000;3000;3000;-1;-1;-1;-1;-1;-1;-1;-1;-1;-1;-1
7735;96;No;No;No;No;-;3000;3000;3000;3000;-1;-1;-1;-1;-1;-1;-1;-1;-1;-1;-1;3000;3000;3000;-1;-1;-1;-1;-1;-1;-1;-1;-1;-1;-1
7736;99;No;No;No;No;-;3000;3000;3000;3000;-1;-1;-1;-1;-1;-1;-1;-1;-1;-1;-1;3000;3000;3000;-1;-1;-1;-1;-1;-1;-1;-1;-1;-1;-1
7737;104;No;No;No;No;-;3000;3000;3000;3000;-1;-1;-1;-1;-1;-1;-1;-1;-1;-1;-1;3000;3000;3000;-1;-1;-1;-1;-1;-1;-1;-1;-1;-1;-1
7738;95;No;No;No;No;-;3000;3000;3000;3000;-1;-1;-1;-1;-1;-1;-1;-1;-1;-1;-1;3000;3000;3000;-1;-1;-1;-1;-1;-1;-1;-1;-1;-1;-1
7739;96;No;No;No;No;-;3000;3000;3000;3000;-1;-1;-1;-1;-1;-1;-1;-1;-1;-1;-1;3000;3000;3000;-1;-1;-1;-1;-1;-1;-1;-1;-1;-1;-1
7741;99;No;No;No;No;-;3000;3000;3000;3000;-1;-1;-1;-1;-1;-1;-1;-1;-1;-1;-1;3000;3000;3000;-1;-1;-1;-1;-1;-1;-1;-1;-1;-1;-1
7742;85;No;No;No;No;-;3000;3000;3000;3000;-1;-1;-1;-1;-1;-1;-1;-1;-1;-1;-1;3000;3000;3000;-1;-1;-1;-1;-1;-1;-1;-1;-1;-1;-1
7743;97;No;No;No;No;-;3000;3000;3000;3000;-1;-1;-1;-1;-1;-1;-1;-1;-1;-1;-1;3000;3000;3000;-1;-1;-1;-1;-1;-1;-1;-1;-1;-1;-1
7744;90;No;No;No;No;-;3000;3000;3000;3000;-1;-1;-1;-1;-1;-1;-1;-1;-1;-1;-1;3000;3000;3000;-1;-1;-1;-1;-1;-1;-1;-1;-1;-1;-1
7749;100;No;No;No;No;-;3000;3000;3000;3000;-1;-1;-1;-1;-1;-1;-1;-1;-1;-1;-1;3000;3000;3000;-1;-1;-1;-1;-1;-1;-1;-1;-1;-1;-1
7750;89;No;No;No;No;-;3000;3000;3000;3000;-1;-1;-1;-1;-1;-1;-1;-1;-1;-1;-1;3000;3000;3000;-1;-1;-1;-1;-1;-1;-1;-1;-1;-1;-1
7751;101;No;No;No;No;-;3000;3000;3000;3000;-1;-1;-1;-1;-1;-1;-1;-1;-1;-1;-1;3000;3000;3000;-1;-1;-1;-1;-1;-1;-1;-1;-1;-1;-1
7754;86;No;No;No;No;-;3000;3000;3000;3000;-1;-1;-1;-1;-1;-1;-1;-1;-1;-1;-1;3000;3000;3000;-1;-1;-1;-1;-1;-1;-1;-1;-1;-1;-1
7757;90;No;No;No;No;-;3000;3000;3000;3000;-1;-1;-1;-1;-1;-1;-1;-1;-1;-1;-1;3000;3000;3000;-1;-1;-1;-1;-1;-1;-1;-1;-1;-1;-1
7762;102;No;No;No;No;-;3000;3000;3000;3000;-1;-1;-1;-1;-1;-1;-1;-1;-1;-1;-1;3000;3000;3000;-1;-1;-1;-1;-1;-1;-1;-1;-1;-1;-1
7764;91;No;No;No;No;-;3000;3000;3000;3000;-1;-1;-1;-1;-1;-1;-1;-1;-1;-1;-1;3000;3000;3000;-1;-1;-1;-1;-1;-1;-1;-1;-1;-1;-1
7765;91;No;No;No;No;-;3000;3000;3000;3000;-1;-1;-1;-1;-1;-1;-1;-1;-1;-1;-1;3000;3000;3000;-1;-1;-1;-1;-1;-1;-1;-1;-1;-1;-1
7766;99;No;No;No;No;-;3000;3000;3000;3000;-1;-1;-1;-1;-1;-1;-1;-1;-1;-1;-1;3000;3000;3000;-1;-1;-1;-1;-1;-1;-1;-1;-1;-1;-1
7768;95;No;No;No;No;-;3000;3000;3000;3000;-1;-1;-1;-1;-1;-1;-1;-1;-1;-1;-1;3000;3000;3000;-1;-1;-1;-1;-1;-1;-1;-1;-1;-1;-1
7769;101;No;No;No;No;-;3000;3000;3000;3000;-1;-1;-1;-1;-1;-1;-1;-1;-1;-1;-1;3000;3000;3000;-1;-1;-1;-1;-1;-1;-1;-1;-1;-1;-1
7771;104;No;No;No;No;-;3000;3000;3000;3000;-1;-1;-1;-1;-1;-1;-1;-1;-1;-1;-1;3000;3000;3000;-1;-1;-1;-1;-1;-1;-1;-1;-1;-1;-1
7772;89;No;No;No;No;-;3000;3000;3000;3000;-1;-1;-1;-1;-1;-1;-1;-1;-1;-1;-1;3000;3000;3000;-1;-1;-1;-1;-1;-1;-1;-1;-1;-1;-1
7773;91;No;No;No;No;-;3000;3000;3000;3000;-1;-1;-1;-1;-1;-1;-1;-1;-1;-1;-1;3000;3000;3000;-1;-1;-1;-1;-1;-1;-1;-1;-1;-1;-1
7774;94;No;No;No;No;-;3000;3000;3000;3000;-1;-1;-1;-1;-1;-1;-1;-1;-1;-1;-1;3000;3000;3000;-1;-1;-1;-1;-1;-1;-1;-1;-1;-1;-1
7776;98;No;No;No;No;-;3000;3000;3000;3000;-1;-1;-1;-1;-1;-1;-1;-1;-1;-1;-1;3000;3000;3000;-1;-1;-1;-1;-1;-1;-1;-1;-1;-1;-1
7777;101;No;No;No;No;-;3000;3000;3000;3000;-1;-1;-1;-1;-1;-1;-1;-1;-1;-1;-1;3000;3000;3000;-1;-1;-1;-1;-1;-1;-1;-1;-1;-1;-1
7779;100;No;No;No;No;-;3000;3000;3000;3000;-1;-1;-1;-1;-1;-1;-1;-1;-1;-1;-1;3000;3000;3000;-1;-1;-1;-1;-1;-1;-1;-1;-1;-1;-1
7780;102;No;No;No;No;-;3000;3000;3000;3000;-1;-1;-1;-1;-1;-1;-1;-1;-1;-1;-1;3000;3000;3000;-1;-1;-1;-1;-1;-1;-1;-1;-1;-1;-1
7781;79;No;No;No;No;-;3000;3000;3000;3000;-1;-1;-1;-1;-1;-1;-1;-1;-1;-1;-1;3000;3000;3000;-1;-1;-1;-1;-1;-1;-1;-1;-1;-1;-1
7782;80;No;No;No;No;-;3000;3000;3000;3000;-1;-1;-1;-1;-1;-1;-1;-1;-1;-1;-1;3000;3000;3000;-1;-1;-1;-1;-1;-1;-1;-1;-1;-1;-1
7783;80;No;No;No;No;-;3000;3000;3000;3000;-1;-1;-1;-1;-1;-1;-1;-1;-1;-1;-1;3000;3000;3000;-1;-1;-1;-1;-1;-1;-1;-1;-1;-1;-1
7784;66;No;No;No;No;-;3000;3000;3000;3000;-1;-1;-1;-1;-1;-1;-1;-1;-1;-1;-1;3000;3000;3000;-1;-1;-1;-1;-1;-1;-1;-1;-1;-1;-1
7785;80;No;No;No;No;-;3000;3000;3000;3000;-1;-1;-1;-1;-1;-1;-1;-1;-1;-1;-1;3000;3000;3000;-1;-1;-1;-1;-1;-1;-1;-1;-1;-1;-1
7786;82;No;No;No;No;-;3000;3000;3000;3000;-1;-1;-1;-1;-1;-1;-1;-1;-1;-1;-1;3000;3000;3000;-1;-1;-1;-1;-1;-1;-1;-1;-1;-1;-1
7787;76;No;No;No;No;-;3000;3000;3000;3000;-1;-1;-1;-1;-1;-1;-1;-1;-1;-1;-1;3000;3000;3000;-1;-1;-1;-1;-1;-1;-1;-1;-1;-1;-1
7788;73;No;No;No;No;-;3000;3000;3000;3000;-1;-1;-1;-1;-1;-1;-1;-1;-1;-1;-1;3000;3000;3000;-1;-1;-1;-1;-1;-1;-1;-1;-1;-1;-1
7789;79;No;No;No;No;-;3000;3000;3000;3000;-1;-1;-1;-1;-1;-1;-1;-1;-1;-1;-1;3000;3000;3000;-1;-1;-1;-1;-1;-1;-1;-1;-1;-1;-1
7790;63;No;No;No;No;-;3000;3000;3000;3000;-1;-1;-1;-1;-1;-1;-1;-1;-1;-1;-1;3000;3000;3000;-1;-1;-1;-1;-1;-1;-1;-1;-1;-1;-1
7791;71;No;No;No;No;-;3000;3000;3000;3000;-1;-1;-1;-1;-1;-1;-1;-1;-1;-1;-1;3000;3000;3000;-1;-1;-1;-1;-1;-1;-1;-1;-1;-1;-1
7792;76;No;No;No;No;-;3000;3000;3000;3000;-1;-1;-1;-1;-1;-1;-1;-1;-1;-1;-1;3000;3000;3000;-1;-1;-1;-1;-1;-1;-1;-1;-1;-1;-1
7793;69;No;No;No;No;-;3000;3000;3000;3000;-1;-1;-1;-1;-1;-1;-1;-1;-1;-1;-1;3000;3000;3000;-1;-1;-1;-1;-1;-1;-1;-1;-1;-1;-1
7794;68;No;No;No;No;-;3000;3000;3000;3000;-1;-1;-1;-1;-1;-1;-1;-1;-1;-1;-1;3000;3000;3000;-1;-1;-1;-1;-1;-1;-1;-1;-1;-1;-1
7795;84;No;No;No;No;-;3000;3000;3000;3000;-1;-1;-1;-1;-1;-1;-1;-1;-1;-1;-1;3000;3000;3000;-1;-1;-1;-1;-1;-1;-1;-1;-1;-1;-1
7796;79;No;No;No;No;-;3000;3000;3000;3000;-1;-1;-1;-1;-1;-1;-1;-1;-1;-1;-1;3000;3000;3000;-1;-1;-1;-1;-1;-1;-1;-1;-1;-1;-1
7797;68;No;No;No;No;-;3000;3000;3000;3000;-1;-1;-1;-1;-1;-1;-1;-1;-1;-1;-1;3000;3000;3000;-1;-1;-1;-1;-1;-1;-1;-1;-1;-1;-1
7798;63;No;No;No;No;-;3000;3000;3000;3000;-1;-1;-1;-1;-1;-1;-1;-1;-1;-1;-1;3000;3000;3000;-1;-1;-1;-1;-1;-1;-1;-1;-1;-1;-1
7800;76;No;No;No;No;-;3000;3000;3000;3000;-1;-1;-1;-1;-1;-1;-1;-1;-1;-1;-1;3000;3000;3000;-1;-1;-1;-1;-1;-1;-1;-1;-1;-1;-1
7802;65;No;No;No;No;-;3000;3000;3000;3000;-1;-1;-1;-1;-1;-1;-1;-1;-1;-1;-1;3000;3000;3000;-1;-1;-1;-1;-1;-1;-1;-1;-1;-1;-1
7803;73;No;No;No;No;-;3000;3000;3000;3000;-1;-1;-1;-1;-1;-1;-1;-1;-1;-1;-1;3000;3000;3000;-1;-1;-1;-1;-1;-1;-1;-1;-1;-1;-1
7804;74;No;No;No;No;-;3000;3000;3000;3000;-1;-1;-1;-1;-1;-1;-1;-1;-1;-1;-1;3000;3000;3000;-1;-1;-1;-1;-1;-1;-1;-1;-1;-1;-1
7805;83;No;No;No;No;-;3000;3000;3000;3000;-1;-1;-1;-1;-1;-1;-1;-1;-1;-1;-1;3000;3000;3000;-1;-1;-1;-1;-1;-1;-1;-1;-1;-1;-1
7806;63;No;No;No;No;-;3000;3000;3000;3000;-1;-1;-1;-1;-1;-1;-1;-1;-1;-1;-1;3000;3000;3000;-1;-1;-1;-1;-1;-1;-1;-1;-1;-1;-1
7809;80;No;No;No;No;-;3000;3000;3000;3000;-1;-1;-1;-1;-1;-1;-1;-1;-1;-1;-1;3000;3000;3000;-1;-1;-1;-1;-1;-1;-1;-1;-1;-1;-1
7812;71;No;No;No;No;-;3000;3000;3000;3000;-1;-1;-1;-1;-1;-1;-1;-1;-1;-1;-1;3000;3000;3000;-1;-1;-1;-1;-1;-1;-1;-1;-1;-1;-1
7813;79;No;No;No;No;-;3000;3000;3000;3000;-1;-1;-1;-1;-1;-1;-1;-1;-1;-1;-1;3000;3000;3000;-1;-1;-1;-1;-1;-1;-1;-1;-1;-1;-1
7815;68;No;No;No;No;-;3000;3000;3000;3000;-1;-1;-1;-1;-1;-1;-1;-1;-1;-1;-1;3000;3000;3000;-1;-1;-1;-1;-1;-1;-1;-1;-1;-1;-1
7816;68;No;No;No;No;-;3000;3000;3000;3000;-1;-1;-1;-1;-1;-1;-1;-1;-1;-1;-1;3000;3000;3000;-1;-1;-1;-1;-1;-1;-1;-1;-1;-1;-1
7817;74;No;No;No;No;-;3000;3000;3000;3000;-1;-1;-1;-1;-1;-1;-1;-1;-1;-1;-1;3000;3000;3000;-1;-1;-1;-1;-1;-1;-1;-1;-1;-1;-1
7818;80;No;No;No;No;-;3000;3000;3000;3000;-1;-1;-1;-1;-1;-1;-1;-1;-1;-1;-1;3000;3000;3000;-1;-1;-1;-1;-1;-1;-1;-1;-1;-1;-1
7819;76;No;No;No;No;-;3000;3000;3000;3000;-1;-1;-1;-1;-1;-1;-1;-1;-1;-1;-1;3000;3000;3000;-1;-1;-1;-1;-1;-1;-1;-1;-1;-1;-1
7820;70;No;No;No;No;-;3000;3000;3000;3000;-1;-1;-1;-1;-1;-1;-1;-1;-1;-1;-1;3000;3000;3000;-1;-1;-1;-1;-1;-1;-1;-1;-1;-1;-1
7821;77;No;No;No;No;-;3000;3000;3000;3000;-1;-1;-1;-1;-1;-1;-1;-1;-1;-1;-1;3000;3000;3000;-1;-1;-1;-1;-1;-1;-1;-1;-1;-1;-1
7822;70;No;No;No;No;-;3000;3000;3000;3000;-1;-1;-1;-1;-1;-1;-1;-1;-1;-1;-1;3000;3000;3000;-1;-1;-1;-1;-1;-1;-1;-1;-1;-1;-1
7823;83;No;No;No;No;-;3000;3000;3000;3000;-1;-1;-1;-1;-1;-1;-1;-1;-1;-1;-1;3000;3000;3000;-1;-1;-1;-1;-1;-1;-1;-1;-1;-1;-1
7824;63;No;No;No;No;-;3000;3000;3000;3000;-1;-1;-1;-1;-1;-1;-1;-1;-1;-1;-1;3000;3000;3000;-1;-1;-1;-1;-1;-1;-1;-1;-1;-1;-1
7828;83;No;No;No;No;-;3000;3000;3000;3000;-1;-1;-1;-1;-1;-1;-1;-1;-1;-1;-1;3000;3000;3000;-1;-1;-1;-1;-1;-1;-1;-1;-1;-1;-1
7830;75;No;No;No;No;-;3000;3000;3000;3000;-1;-1;-1;-1;-1;-1;-1;-1;-1;-1;-1;3000;3000;3000;-1;-1;-1;-1;-1;-1;-1;-1;-1;-1;-1
7831;74;No;No;No;No;-;3000;3000;3000;3000;-1;-1;-1;-1;-1;-1;-1;-1;-1;-1;-1;3000;3000;3000;-1;-1;-1;-1;-1;-1;-1;-1;-1;-1;-1
7832;84;No;No;No;No;-;3000;3000;3000;3000;-1;-1;-1;-1;-1;-1;-1;-1;-1;-1;-1;3000;3000;3000;-1;-1;-1;-1;-1;-1;-1;-1;-1;-1;-1
7833;74;No;No;No;No;-;3000;3000;3000;3000;-1;-1;-1;-1;-1;-1;-1;-1;-1;-1;-1;3000;3000;3000;-1;-1;-1;-1;-1;-1;-1;-1;-1;-1;-1
7834;69;No;No;No;No;-;3000;3000;3000;3000;-1;-1;-1;-1;-1;-1;-1;-1;-1;-1;-1;3000;3000;3000;-1;-1;-1;-1;-1;-1;-1;-1;-1;-1;-1
7835;71;No;No;No;No;-;3000;3000;3000;3000;-1;-1;-1;-1;-1;-1;-1;-1;-1;-1;-1;3000;3000;3000;-1;-1;-1;-1;-1;-1;-1;-1;-1;-1;-1
7838;84;No;No;No;No;-;3000;3000;3000;3000;-1;-1;-1;-1;-1;-1;-1;-1;-1;-1;-1;3000;3000;3000;-1;-1;-1;-1;-1;-1;-1;-1;-1;-1;-1
7839;75;No;No;No;No;-;3000;3000;3000;3000;-1;-1;-1;-1;-1;-1;-1;-1;-1;-1;-1;3000;3000;3000;-1;-1;-1;-1;-1;-1;-1;-1;-1;-1;-1
7840;66;No;No;No;No;-;3000;3000;3000;3000;-1;-1;-1;-1;-1;-1;-1;-1;-1;-1;-1;3000;3000;3000;-1;-1;-1;-1;-1;-1;-1;-1;-1;-1;-1
7841;79;No;No;No;No;-;3000;3000;3000;3000;-1;-1;-1;-1;-1;-1;-1;-1;-1;-1;-1;3000;3000;3000;-1;-1;-1;-1;-1;-1;-1;-1;-1;-1;-1
7842;76;No;No;No;No;-;3000;3000;3000;3000;-1;-1;-1;-1;-1;-1;-1;-1;-1;-1;-1;3000;3000;3000;-1;-1;-1;-1;-1;-1;-1;-1;-1;-1;-1
7843;83;No;No;No;No;-;3000;3000;3000;3000;-1;-1;-1;-1;-1;-1;-1;-1;-1;-1;-1;3000;3000;3000;-1;-1;-1;-1;-1;-1;-1;-1;-1;-1;-1
7844;66;No;No;No;No;-;3000;3000;3000;3000;-1;-1;-1;-1;-1;-1;-1;-1;-1;-1;-1;3000;3000;3000;-1;-1;-1;-1;-1;-1;-1;-1;-1;-1;-1
7845;83;No;No;No;No;-;3000;3000;3000;3000;-1;-1;-1;-1;-1;-1;-1;-1;-1;-1;-1;3000;3000;3000;-1;-1;-1;-1;-1;-1;-1;-1;-1;-1;-1
7846;66;No;No;No;No;-;3000;3000;3000;3000;-1;-1;-1;-1;-1;-1;-1;-1;-1;-1;-1;3000;3000;3000;-1;-1;-1;-1;-1;-1;-1;-1;-1;-1;-1
7848;80;No;No;No;No;-;3000;3000;3000;3000;-1;-1;-1;-1;-1;-1;-1;-1;-1;-1;-1;3000;3000;3000;-1;-1;-1;-1;-1;-1;-1;-1;-1;-1;-1
7849;72;No;No;No;No;-;3000;3000;3000;3000;-1;-1;-1;-1;-1;-1;-1;-1;-1;-1;-1;3000;3000;3000;-1;-1;-1;-1;-1;-1;-1;-1;-1;-1;-1
7852;70;No;No;No;No;-;3000;3000;3000;3000;-1;-1;-1;-1;-1;-1;-1;-1;-1;-1;-1;3000;3000;3000;-1;-1;-1;-1;-1;-1;-1;-1;-1;-1;-1
7854;73;No;No;No;No;-;3000;3000;3000;3000;-1;-1;-1;-1;-1;-1;-1;-1;-1;-1;-1;3000;3000;3000;-1;-1;-1;-1;-1;-1;-1;-1;-1;-1;-1
7855;84;No;No;No;No;-;3000;3000;3000;3000;-1;-1;-1;-1;-1;-1;-1;-1;-1;-1;-1;3000;3000;3000;-1;-1;-1;-1;-1;-1;-1;-1;-1;-1;-1
7856;66;No;No;No;No;-;3000;3000;3000;3000;-1;-1;-1;-1;-1;-1;-1;-1;-1;-1;-1;3000;3000;3000;-1;-1;-1;-1;-1;-1;-1;-1;-1;-1;-1
7857;69;No;No;No;No;-;3000;3000;3000;3000;-1;-1;-1;-1;-1;-1;-1;-1;-1;-1;-1;3000;3000;3000;-1;-1;-1;-1;-1;-1;-1;-1;-1;-1;-1
7859;80;No;No;No;No;-;3000;3000;3000;3000;-1;-1;-1;-1;-1;-1;-1;-1;-1;-1;-1;3000;3000;3000;-1;-1;-1;-1;-1;-1;-1;-1;-1;-1;-1
7860;80;No;No;No;No;-;3000;3000;3000;3000;-1;-1;-1;-1;-1;-1;-1;-1;-1;-1;-1;3000;3000;3000;-1;-1;-1;-1;-1;-1;-1;-1;-1;-1;-1
7861;73;No;No;No;No;-;3000;3000;3000;3000;-1;-1;-1;-1;-1;-1;-1;-1;-1;-1;-1;3000;3000;3000;-1;-1;-1;-1;-1;-1;-1;-1;-1;-1;-1
7862;76;No;No;No;No;-;3000;3000;3000;3000;-1;-1;-1;-1;-1;-1;-1;-1;-1;-1;-1;3000;3000;3000;-1;-1;-1;-1;-1;-1;-1;-1;-1;-1;-1
7863;69;No;No;No;No;-;3000;3000;3000;3000;-1;-1;-1;-1;-1;-1;-1;-1;-1;-1;-1;3000;3000;3000;-1;-1;-1;-1;-1;-1;-1;-1;-1;-1;-1
7864;83;No;No;No;No;-;3000;3000;3000;3000;-1;-1;-1;-1;-1;-1;-1;-1;-1;-1;-1;3000;3000;3000;-1;-1;-1;-1;-1;-1;-1;-1;-1;-1;-1
7865;72;No;No;No;No;-;3000;3000;3000;3000;-1;-1;-1;-1;-1;-1;-1;-1;-1;-1;-1;3000;3000;3000;-1;-1;-1;-1;-1;-1;-1;-1;-1;-1;-1
7866;64;No;No;No;No;-;3000;3000;3000;3000;-1;-1;-1;-1;-1;-1;-1;-1;-1;-1;-1;3000;3000;3000;-1;-1;-1;-1;-1;-1;-1;-1;-1;-1;-1
7867;78;No;No;No;No;-;3000;3000;3000;3000;-1;-1;-1;-1;-1;-1;-1;-1;-1;-1;-1;3000;3000;3000;-1;-1;-1;-1;-1;-1;-1;-1;-1;-1;-1
7870;64;No;No;No;No;-;3000;3000;3000;3000;-1;-1;-1;-1;-1;-1;-1;-1;-1;-1;-1;3000;3000;3000;-1;-1;-1;-1;-1;-1;-1;-1;-1;-1;-1
7872;65;No;No;No;No;-;3000;3000;3000;3000;-1;-1;-1;-1;-1;-1;-1;-1;-1;-1;-1;3000;3000;3000;-1;-1;-1;-1;-1;-1;-1;-1;-1;-1;-1
7873;67;No;No;No;No;-;3000;3000;3000;3000;-1;-1;-1;-1;-1;-1;-1;-1;-1;-1;-1;3000;3000;3000;-1;-1;-1;-1;-1;-1;-1;-1;-1;-1;-1
7874;76;No;No;No;No;-;3000;3000;3000;3000;-1;-1;-1;-1;-1;-1;-1;-1;-1;-1;-1;3000;3000;3000;-1;-1;-1;-1;-1;-1;-1;-1;-1;-1;-1
7876;64;No;No;No;No;-;3000;3000;3000;3000;-1;-1;-1;-1;-1;-1;-1;-1;-1;-1;-1;3000;3000;3000;-1;-1;-1;-1;-1;-1;-1;-1;-1;-1;-1
7878;81;No;No;No;No;-;3000;3000;3000;3000;-1;-1;-1;-1;-1;-1;-1;-1;-1;-1;-1;3000;3000;3000;-1;-1;-1;-1;-1;-1;-1;-1;-1;-1;-1
7879;67;No;No;No;No;-;3000;3000;3000;3000;-1;-1;-1;-1;-1;-1;-1;-1;-1;-1;-1;3000;3000;3000;-1;-1;-1;-1;-1;-1;-1;-1;-1;-1;-1
7881;76;No;No;No;No;-;3000;3000;3000;3000;-1;-1;-1;-1;-1;-1;-1;-1;-1;-1;-1;3000;3000;3000;-1;-1;-1;-1;-1;-1;-1;-1;-1;-1;-1
7882;76;No;No;No;No;-;3000;3000;3000;3000;-1;-1;-1;-1;-1;-1;-1;-1;-1;-1;-1;3000;3000;3000;-1;-1;-1;-1;-1;-1;-1;-1;-1;-1;-1
7883;68;No;No;No;No;-;3000;3000;3000;3000;-1;-1;-1;-1;-1;-1;-1;-1;-1;-1;-1;3000;3000;3000;-1;-1;-1;-1;-1;-1;-1;-1;-1;-1;-1
7884;76;No;No;No;No;-;3000;3000;3000;3000;-1;-1;-1;-1;-1;-1;-1;-1;-1;-1;-1;3000;3000;3000;-1;-1;-1;-1;-1;-1;-1;-1;-1;-1;-1
7885;77;No;No;No;No;-;3000;3000;3000;3000;-1;-1;-1;-1;-1;-1;-1;-1;-1;-1;-1;3000;3000;3000;-1;-1;-1;-1;-1;-1;-1;-1;-1;-1;-1
7886;83;No;No;No;No;-;3000;3000;3000;3000;-1;-1;-1;-1;-1;-1;-1;-1;-1;-1;-1;3000;3000;3000;-1;-1;-1;-1;-1;-1;-1;-1;-1;-1;-1
7887;71;No;No;No;No;-;3000;3000;3000;3000;-1;-1;-1;-1;-1;-1;-1;-1;-1;-1;-1;3000;3000;3000;-1;-1;-1;-1;-1;-1;-1;-1;-1;-1;-1
7888;63;No;No;No;No;-;3000;3000;3000;3000;-1;-1;-1;-1;-1;-1;-1;-1;-1;-1;-1;3000;3000;3000;-1;-1;-1;-1;-1;-1;-1;-1;-1;-1;-1
7889;70;No;No;No;No;-;3000;3000;3000;3000;-1;-1;-1;-1;-1;-1;-1;-1;-1;-1;-1;3000;3000;3000;-1;-1;-1;-1;-1;-1;-1;-1;-1;-1;-1
7891;63;No;No;No;No;-;3000;3000;3000;3000;-1;-1;-1;-1;-1;-1;-1;-1;-1;-1;-1;3000;3000;3000;-1;-1;-1;-1;-1;-1;-1;-1;-1;-1;-1
7892;83;No;No;No;No;-;3000;3000;3000;3000;-1;-1;-1;-1;-1;-1;-1;-1;-1;-1;-1;3000;3000;3000;-1;-1;-1;-1;-1;-1;-1;-1;-1;-1;-1
7893;83;No;No;No;No;-;3000;3000;3000;3000;-1;-1;-1;-1;-1;-1;-1;-1;-1;-1;-1;3000;3000;3000;-1;-1;-1;-1;-1;-1;-1;-1;-1;-1;-1
7894;67;No;No;No;No;-;3000;3000;3000;3000;-1;-1;-1;-1;-1;-1;-1;-1;-1;-1;-1;3000;3000;3000;-1;-1;-1;-1;-1;-1;-1;-1;-1;-1;-1
7895;68;No;No;No;No;-;3000;3000;3000;3000;-1;-1;-1;-1;-1;-1;-1;-1;-1;-1;-1;3000;3000;3000;-1;-1;-1;-1;-1;-1;-1;-1;-1;-1;-1
7898;83;No;No;No;No;-;3000;3000;3000;3000;-1;-1;-1;-1;-1;-1;-1;-1;-1;-1;-1;3000;3000;3000;-1;-1;-1;-1;-1;-1;-1;-1;-1;-1;-1
7899;81;No;No;No;No;-;3000;3000;3000;3000;-1;-1;-1;-1;-1;-1;-1;-1;-1;-1;-1;3000;3000;3000;-1;-1;-1;-1;-1;-1;-1;-1;-1;-1;-1
7900;72;No;No;No;No;-;3000;3000;3000;3000;-1;-1;-1;-1;-1;-1;-1;-1;-1;-1;-1;3000;3000;3000;-1;-1;-1;-1;-1;-1;-1;-1;-1;-1;-1
7901;79;No;No;No;No;-;3000;3000;3000;3000;-1;-1;-1;-1;-1;-1;-1;-1;-1;-1;-1;3000;3000;3000;-1;-1;-1;-1;-1;-1;-1;-1;-1;-1;-1
7902;79;No;No;No;No;-;3000;3000;3000;3000;-1;-1;-1;-1;-1;-1;-1;-1;-1;-1;-1;3000;3000;3000;-1;-1;-1;-1;-1;-1;-1;-1;-1;-1;-1
7904;79;No;No;No;No;-;3000;3000;3000;3000;-1;-1;-1;-1;-1;-1;-1;-1;-1;-1;-1;3000;3000;3000;-1;-1;-1;-1;-1;-1;-1;-1;-1;-1;-1
7906;80;No;No;No;No;-;3000;3000;3000;3000;-1;-1;-1;-1;-1;-1;-1;-1;-1;-1;-1;3000;3000;3000;-1;-1;-1;-1;-1;-1;-1;-1;-1;-1;-1
7907;73;No;No;No;No;-;3000;3000;3000;3000;-1;-1;-1;-1;-1;-1;-1;-1;-1;-1;-1;3000;3000;3000;-1;-1;-1;-1;-1;-1;-1;-1;-1;-1;-1
7908;64;No;No;No;No;-;3000;3000;3000;3000;-1;-1;-1;-1;-1;-1;-1;-1;-1;-1;-1;3000;3000;3000;-1;-1;-1;-1;-1;-1;-1;-1;-1;-1;-1
7909;63;No;No;No;No;-;3000;3000;3000;3000;-1;-1;-1;-1;-1;-1;-1;-1;-1;-1;-1;3000;3000;3000;-1;-1;-1;-1;-1;-1;-1;-1;-1;-1;-1
7910;77;No;No;No;No;-;3000;3000;3000;3000;-1;-1;-1;-1;-1;-1;-1;-1;-1;-1;-1;3000;3000;3000;-1;-1;-1;-1;-1;-1;-1;-1;-1;-1;-1
7911;65;No;No;No;No;-;3000;3000;3000;3000;-1;-1;-1;-1;-1;-1;-1;-1;-1;-1;-1;3000;3000;3000;-1;-1;-1;-1;-1;-1;-1;-1;-1;-1;-1
7912;74;No;No;No;No;-;3000;3000;3000;3000;-1;-1;-1;-1;-1;-1;-1;-1;-1;-1;-1;3000;3000;3000;-1;-1;-1;-1;-1;-1;-1;-1;-1;-1;-1
7913;72;No;No;No;No;-;3000;3000;3000;3000;-1;-1;-1;-1;-1;-1;-1;-1;-1;-1;-1;3000;3000;3000;-1;-1;-1;-1;-1;-1;-1;-1;-1;-1;-1
7915;63;No;No;No;No;-;3000;3000;3000;3000;-1;-1;-1;-1;-1;-1;-1;-1;-1;-1;-1;3000;3000;3000;-1;-1;-1;-1;-1;-1;-1;-1;-1;-1;-1
7918;63;No;No;No;No;-;3000;3000;3000;3000;-1;-1;-1;-1;-1;-1;-1;-1;-1;-1;-1;3000;3000;3000;-1;-1;-1;-1;-1;-1;-1;-1;-1;-1;-1
7919;81;No;No;No;No;-;3000;3000;3000;3000;-1;-1;-1;-1;-1;-1;-1;-1;-1;-1;-1;3000;3000;3000;-1;-1;-1;-1;-1;-1;-1;-1;-1;-1;-1
7923;72;No;No;No;No;-;3000;3000;3000;3000;-1;-1;-1;-1;-1;-1;-1;-1;-1;-1;-1;3000;3000;3000;-1;-1;-1;-1;-1;-1;-1;-1;-1;-1;-1
7924;73;No;No;No;No;-;3000;3000;3000;3000;-1;-1;-1;-1;-1;-1;-1;-1;-1;-1;-1;3000;3000;3000;-1;-1;-1;-1;-1;-1;-1;-1;-1;-1;-1
7925;67;No;No;No;No;-;3000;3000;3000;3000;-1;-1;-1;-1;-1;-1;-1;-1;-1;-1;-1;3000;3000;3000;-1;-1;-1;-1;-1;-1;-1;-1;-1;-1;-1
7926;70;No;No;No;No;-;3000;3000;3000;3000;-1;-1;-1;-1;-1;-1;-1;-1;-1;-1;-1;3000;3000;3000;-1;-1;-1;-1;-1;-1;-1;-1;-1;-1;-1
7928;83;No;No;No;No;-;3000;3000;3000;3000;-1;-1;-1;-1;-1;-1;-1;-1;-1;-1;-1;3000;3000;3000;-1;-1;-1;-1;-1;-1;-1;-1;-1;-1;-1
7932;81;No;No;No;No;-;3000;3000;3000;3000;-1;-1;-1;-1;-1;-1;-1;-1;-1;-1;-1;3000;3000;3000;-1;-1;-1;-1;-1;-1;-1;-1;-1;-1;-1
7933;63;No;No;No;No;-;3000;3000;3000;3000;-1;-1;-1;-1;-1;-1;-1;-1;-1;-1;-1;3000;3000;3000;-1;-1;-1;-1;-1;-1;-1;-1;-1;-1;-1
7934;71;No;No;No;No;-;3000;3000;3000;3000;-1;-1;-1;-1;-1;-1;-1;-1;-1;-1;-1;3000;3000;3000;-1;-1;-1;-1;-1;-1;-1;-1;-1;-1;-1
7935;75;No;No;No;No;-;3000;3000;3000;3000;-1;-1;-1;-1;-1;-1;-1;-1;-1;-1;-1;3000;3000;3000;-1;-1;-1;-1;-1;-1;-1;-1;-1;-1;-1
7937;75;No;No;No;No;-;3000;3000;3000;3000;-1;-1;-1;-1;-1;-1;-1;-1;-1;-1;-1;3000;3000;3000;-1;-1;-1;-1;-1;-1;-1;-1;-1;-1;-1
7938;67;No;No;No;No;-;3000;3000;3000;3000;-1;-1;-1;-1;-1;-1;-1;-1;-1;-1;-1;3000;3000;3000;-1;-1;-1;-1;-1;-1;-1;-1;-1;-1;-1
7940;81;No;No;No;No;-;3000;3000;3000;3000;-1;-1;-1;-1;-1;-1;-1;-1;-1;-1;-1;3000;3000;3000;-1;-1;-1;-1;-1;-1;-1;-1;-1;-1;-1
7941;63;No;No;No;No;-;3000;3000;3000;3000;-1;-1;-1;-1;-1;-1;-1;-1;-1;-1;-1;3000;3000;3000;-1;-1;-1;-1;-1;-1;-1;-1;-1;-1;-1
7942;79;No;No;No;No;-;3000;3000;3000;3000;-1;-1;-1;-1;-1;-1;-1;-1;-1;-1;-1;3000;3000;3000;-1;-1;-1;-1;-1;-1;-1;-1;-1;-1;-1
7944;82;No;No;No;No;-;3000;3000;3000;3000;-1;-1;-1;-1;-1;-1;-1;-1;-1;-1;-1;3000;3000;3000;-1;-1;-1;-1;-1;-1;-1;-1;-1;-1;-1
7945;70;No;No;No;No;-;3000;3000;3000;3000;-1;-1;-1;-1;-1;-1;-1;-1;-1;-1;-1;3000;3000;3000;-1;-1;-1;-1;-1;-1;-1;-1;-1;-1;-1
7946;77;No;No;No;No;-;3000;3000;3000;3000;-1;-1;-1;-1;-1;-1;-1;-1;-1;-1;-1;3000;3000;3000;-1;-1;-1;-1;-1;-1;-1;-1;-1;-1;-1
7947;78;No;No;No;No;-;3000;3000;3000;3000;-1;-1;-1;-1;-1;-1;-1;-1;-1;-1;-1;3000;3000;3000;-1;-1;-1;-1;-1;-1;-1;-1;-1;-1;-1
7948;81;No;No;No;No;-;3000;3000;3000;3000;-1;-1;-1;-1;-1;-1;-1;-1;-1;-1;-1;3000;3000;3000;-1;-1;-1;-1;-1;-1;-1;-1;-1;-1;-1
7950;73;No;No;No;No;-;3000;3000;3000;3000;-1;-1;-1;-1;-1;-1;-1;-1;-1;-1;-1;3000;3000;3000;-1;-1;-1;-1;-1;-1;-1;-1;-1;-1;-1
7953;67;No;No;No;No;-;3000;3000;3000;3000;-1;-1;-1;-1;-1;-1;-1;-1;-1;-1;-1;3000;3000;3000;-1;-1;-1;-1;-1;-1;-1;-1;-1;-1;-1
7954;68;No;No;No;No;-;3000;3000;3000;3000;-1;-1;-1;-1;-1;-1;-1;-1;-1;-1;-1;3000;3000;3000;-1;-1;-1;-1;-1;-1;-1;-1;-1;-1;-1
7956;74;No;No;No;No;-;3000;3000;3000;3000;-1;-1;-1;-1;-1;-1;-1;-1;-1;-1;-1;3000;3000;3000;-1;-1;-1;-1;-1;-1;-1;-1;-1;-1;-1
7958;119;No;No;No;No;-;3000;3000;3000;3000;-1;-1;-1;-1;-1;-1;-1;-1;-1;-1;-1;3000;3000;3000;-1;-1;-1;-1;-1;-1;-1;-1;-1;-1;-1
7959;110;No;No;No;No;-;3000;3000;3000;3000;-1;-1;-1;-1;-1;-1;-1;-1;-1;-1;-1;3000;3000;3000;-1;-1;-1;-1;-1;-1;-1;-1;-1;-1;-1
7960;112;No;No;No;No;-;3000;3000;3000;3000;-1;-1;-1;-1;-1;-1;-1;-1;-1;-1;-1;3000;3000;3000;-1;-1;-1;-1;-1;-1;-1;-1;-1;-1;-1
7961;118;No;No;No;No;-;3000;3000;3000;3000;-1;-1;-1;-1;-1;-1;-1;-1;-1;-1;-1;3000;3000;3000;-1;-1;-1;-1;-1;-1;-1;-1;-1;-1;-1
7962;120;No;No;No;No;-;3000;3000;3000;3000;-1;-1;-1;-1;-1;-1;-1;-1;-1;-1;-1;3000;3000;3000;-1;-1;-1;-1;-1;-1;-1;-1;-1;-1;-1
7965;113;No;No;No;No;-;3000;3000;3000;3000;-1;-1;-1;-1;-1;-1;-1;-1;-1;-1;-1;3000;3000;3000;-1;-1;-1;-1;-1;-1;-1;-1;-1;-1;-1
7966;122;No;No;No;No;-;3000;3000;3000;3000;-1;-1;-1;-1;-1;-1;-1;-1;-1;-1;-1;3000;3000;3000;-1;-1;-1;-1;-1;-1;-1;-1;-1;-1;-1
7967;116;No;No;No;No;-;3000;3000;3000;3000;-1;-1;-1;-1;-1;-1;-1;-1;-1;-1;-1;3000;3000;3000;-1;-1;-1;-1;-1;-1;-1;-1;-1;-1;-1
7968;106;No;No;No;No;-;3000;3000;3000;3000;-1;-1;-1;-1;-1;-1;-1;-1;-1;-1;-1;3000;3000;3000;-1;-1;-1;-1;-1;-1;-1;-1;-1;-1;-1
7971;121;No;No;No;No;-;3000;3000;3000;3000;-1;-1;-1;-1;-1;-1;-1;-1;-1;-1;-1;3000;3000;3000;-1;-1;-1;-1;-1;-1;-1;-1;-1;-1;-1
7972;108;No;No;No;No;-;3000;3000;3000;3000;-1;-1;-1;-1;-1;-1;-1;-1;-1;-1;-1;3000;3000;3000;-1;-1;-1;-1;-1;-1;-1;-1;-1;-1;-1
7973;118;No;No;No;No;-;3000;3000;3000;3000;-1;-1;-1;-1;-1;-1;-1;-1;-1;-1;-1;3000;3000;3000;-1;-1;-1;-1;-1;-1;-1;-1;-1;-1;-1
7974;105;No;No;No;No;-;3000;3000;3000;3000;-1;-1;-1;-1;-1;-1;-1;-1;-1;-1;-1;3000;3000;3000;-1;-1;-1;-1;-1;-1;-1;-1;-1;-1;-1
7976;112;No;No;No;No;-;3000;3000;3000;3000;-1;-1;-1;-1;-1;-1;-1;-1;-1;-1;-1;3000;3000;3000;-1;-1;-1;-1;-1;-1;-1;-1;-1;-1;-1
7977;122;No;No;No;No;-;3000;3000;3000;3000;-1;-1;-1;-1;-1;-1;-1;-1;-1;-1;-1;3000;3000;3000;-1;-1;-1;-1;-1;-1;-1;-1;-1;-1;-1
7978;118;No;No;No;No;-;3000;3000;3000;3000;-1;-1;-1;-1;-1;-1;-1;-1;-1;-1;-1;3000;3000;3000;-1;-1;-1;-1;-1;-1;-1;-1;-1;-1;-1
7979;109;No;No;No;No;-;3000;3000;3000;3000;-1;-1;-1;-1;-1;-1;-1;-1;-1;-1;-1;3000;3000;3000;-1;-1;-1;-1;-1;-1;-1;-1;-1;-1;-1
7980;113;No;No;No;No;-;3000;3000;3000;3000;-1;-1;-1;-1;-1;-1;-1;-1;-1;-1;-1;3000;3000;3000;-1;-1;-1;-1;-1;-1;-1;-1;-1;-1;-1
7981;112;No;No;No;No;-;3000;3000;3000;3000;-1;-1;-1;-1;-1;-1;-1;-1;-1;-1;-1;3000;3000;3000;-1;-1;-1;-1;-1;-1;-1;-1;-1;-1;-1
7982;115;No;No;No;No;-;3000;3000;3000;3000;-1;-1;-1;-1;-1;-1;-1;-1;-1;-1;-1;3000;3000;3000;-1;-1;-1;-1;-1;-1;-1;-1;-1;-1;-1
7983;116;No;No;No;No;-;3000;3000;3000;3000;-1;-1;-1;-1;-1;-1;-1;-1;-1;-1;-1;3000;3000;3000;-1;-1;-1;-1;-1;-1;-1;-1;-1;-1;-1
7984;120;No;No;No;No;-;3000;3000;3000;3000;-1;-1;-1;-1;-1;-1;-1;-1;-1;-1;-1;3000;3000;3000;-1;-1;-1;-1;-1;-1;-1;-1;-1;-1;-1
7988;115;No;No;No;No;-;3000;3000;3000;3000;-1;-1;-1;-1;-1;-1;-1;-1;-1;-1;-1;3000;3000;3000;-1;-1;-1;-1;-1;-1;-1;-1;-1;-1;-1
7990;114;No;No;No;No;-;3000;3000;3000;3000;-1;-1;-1;-1;-1;-1;-1;-1;-1;-1;-1;3000;3000;3000;-1;-1;-1;-1;-1;-1;-1;-1;-1;-1;-1
7991;120;No;No;No;No;-;3000;3000;3000;3000;-1;-1;-1;-1;-1;-1;-1;-1;-1;-1;-1;3000;3000;3000;-1;-1;-1;-1;-1;-1;-1;-1;-1;-1;-1
7992;117;No;No;No;No;-;3000;3000;3000;3000;-1;-1;-1;-1;-1;-1;-1;-1;-1;-1;-1;3000;3000;3000;-1;-1;-1;-1;-1;-1;-1;-1;-1;-1;-1
7993;108;No;No;No;No;-;3000;3000;3000;3000;-1;-1;-1;-1;-1;-1;-1;-1;-1;-1;-1;3000;3000;3000;-1;-1;-1;-1;-1;-1;-1;-1;-1;-1;-1
7995;116;No;No;No;No;-;3000;3000;3000;3000;-1;-1;-1;-1;-1;-1;-1;-1;-1;-1;-1;3000;3000;3000;-1;-1;-1;-1;-1;-1;-1;-1;-1;-1;-1
7996;119;No;No;No;No;-;3000;3000;3000;3000;-1;-1;-1;-1;-1;-1;-1;-1;-1;-1;-1;3000;3000;3000;-1;-1;-1;-1;-1;-1;-1;-1;-1;-1;-1
7997;118;No;No;No;No;-;3000;3000;3000;3000;-1;-1;-1;-1;-1;-1;-1;-1;-1;-1;-1;3000;3000;3000;-1;-1;-1;-1;-1;-1;-1;-1;-1;-1;-1
7998;117;No;No;No;No;-;3000;3000;3000;3000;-1;-1;-1;-1;-1;-1;-1;-1;-1;-1;-1;3000;3000;3000;-1;-1;-1;-1;-1;-1;-1;-1;-1;-1;-1
7999;107;No;No;No;No;-;3000;3000;3000;3000;-1;-1;-1;-1;-1;-1;-1;-1;-1;-1;-1;3000;3000;3000;-1;-1;-1;-1;-1;-1;-1;-1;-1;-1;-1
8000;105;No;No;No;No;-;3000;3000;3000;3000;-1;-1;-1;-1;-1;-1;-1;-1;-1;-1;-1;3000;3000;3000;-1;-1;-1;-1;-1;-1;-1;-1;-1;-1;-1
8001;111;No;No;No;No;-;3000;3000;3000;3000;-1;-1;-1;-1;-1;-1;-1;-1;-1;-1;-1;3000;3000;3000;-1;-1;-1;-1;-1;-1;-1;-1;-1;-1;-1
8002;121;No;No;No;No;-;3000;3000;3000;3000;-1;-1;-1;-1;-1;-1;-1;-1;-1;-1;-1;3000;3000;3000;-1;-1;-1;-1;-1;-1;-1;-1;-1;-1;-1
8003;115;No;No;No;No;-;3000;3000;3000;3000;-1;-1;-1;-1;-1;-1;-1;-1;-1;-1;-1;3000;3000;3000;-1;-1;-1;-1;-1;-1;-1;-1;-1;-1;-1
8005;106;No;No;No;No;-;3000;3000;3000;3000;-1;-1;-1;-1;-1;-1;-1;-1;-1;-1;-1;3000;3000;3000;-1;-1;-1;-1;-1;-1;-1;-1;-1;-1;-1
8007;105;No;No;No;No;-;3000;3000;3000;3000;-1;-1;-1;-1;-1;-1;-1;-1;-1;-1;-1;3000;3000;3000;-1;-1;-1;-1;-1;-1;-1;-1;-1;-1;-1
8008;111;No;No;No;No;-;3000;3000;3000;3000;-1;-1;-1;-1;-1;-1;-1;-1;-1;-1;-1;3000;3000;3000;-1;-1;-1;-1;-1;-1;-1;-1;-1;-1;-1
8009;118;No;No;No;No;-;3000;3000;3000;3000;-1;-1;-1;-1;-1;-1;-1;-1;-1;-1;-1;3000;3000;3000;-1;-1;-1;-1;-1;-1;-1;-1;-1;-1;-1
8010;112;No;No;No;No;-;3000;3000;3000;3000;-1;-1;-1;-1;-1;-1;-1;-1;-1;-1;-1;3000;3000;3000;-1;-1;-1;-1;-1;-1;-1;-1;-1;-1;-1
8011;109;No;No;No;No;-;3000;3000;3000;3000;-1;-1;-1;-1;-1;-1;-1;-1;-1;-1;-1;3000;3000;3000;-1;-1;-1;-1;-1;-1;-1;-1;-1;-1;-1
8012;108;No;No;No;No;-;3000;3000;3000;3000;-1;-1;-1;-1;-1;-1;-1;-1;-1;-1;-1;3000;3000;3000;-1;-1;-1;-1;-1;-1;-1;-1;-1;-1;-1
8013;107;No;No;No;No;-;3000;3000;3000;3000;3000;-1;-1;-1;-1;-1;-1;-1;-1;-1;-1;3000;3000;3000;3000;-1;-1;-1;-1;-1;-1;-1;-1;-1;-1
8014;105;No;No;No;No;-;3000;3000;3000;3000;-1;-1;-1;-1;-1;-1;-1;-1;-1;-1;-1;3000;3000;3000;-1;-1;-1;-1;-1;-1;-1;-1;-1;-1;-1
8015;122;No;No;No;No;-;3000;3000;3000;3000;-1;-1;-1;-1;-1;-1;-1;-1;-1;-1;-1;3000;3000;3000;-1;-1;-1;-1;-1;-1;-1;-1;-1;-1;-1
8016;119;No;No;No;No;-;3000;3000;3000;3000;-1;-1;-1;-1;-1;-1;-1;-1;-1;-1;-1;3000;3000;3000;-1;-1;-1;-1;-1;-1;-1;-1;-1;-1;-1
8017;114;No;No;No;No;-;3000;3000;3000;3000;-1;-1;-1;-1;-1;-1;-1;-1;-1;-1;-1;3000;3000;3000;-1;-1;-1;-1;-1;-1;-1;-1;-1;-1;-1
8018;116;No;No;No;No;-;3000;3000;3000;3000;-1;-1;-1;-1;-1;-1;-1;-1;-1;-1;-1;3000;3000;3000;-1;-1;-1;-1;-1;-1;-1;-1;-1;-1;-1
8019;105;No;No;No;No;-;3000;3000;3000;3000;-1;-1;-1;-1;-1;-1;-1;-1;-1;-1;-1;3000;3000;3000;-1;-1;-1;-1;-1;-1;-1;-1;-1;-1;-1
8020;119;No;No;No;No;-;3000;3000;3000;3000;-1;-1;-1;-1;-1;-1;-1;-1;-1;-1;-1;3000;3000;3000;-1;-1;-1;-1;-1;-1;-1;-1;-1;-1;-1
8023;121;No;No;No;No;-;3000;3000;3000;3000;-1;-1;-1;-1;-1;-1;-1;-1;-1;-1;-1;3000;3000;3000;-1;-1;-1;-1;-1;-1;-1;-1;-1;-1;-1
8024;114;No;No;No;No;-;3000;3000;3000;3000;-1;-1;-1;-1;-1;-1;-1;-1;-1;-1;-1;3000;3000;3000;-1;-1;-1;-1;-1;-1;-1;-1;-1;-1;-1
8026;117;No;No;No;No;-;3000;3000;3000;3000;-1;-1;-1;-1;-1;-1;-1;-1;-1;-1;-1;3000;3000;3000;-1;-1;-1;-1;-1;-1;-1;-1;-1;-1;-1
8028;110;No;No;No;No;-;3000;3000;3000;3000;-1;-1;-1;-1;-1;-1;-1;-1;-1;-1;-1;3000;3000;3000;-1;-1;-1;-1;-1;-1;-1;-1;-1;-1;-1
8029;122;No;No;No;No;-;3000;3000;3000;3000;-1;-1;-1;-1;-1;-1;-1;-1;-1;-1;-1;3000;3000;3000;-1;-1;-1;-1;-1;-1;-1;-1;-1;-1;-1
8030;109;No;No;No;No;-;3000;3000;3000;3000;-1;-1;-1;-1;-1;-1;-1;-1;-1;-1;-1;3000;3000;3000;-1;-1;-1;-1;-1;-1;-1;-1;-1;-1;-1
8031;106;No;No;No;No;-;3000;3000;3000;3000;-1;-1;-1;-1;-1;-1;-1;-1;-1;-1;-1;3000;3000;3000;-1;-1;-1;-1;-1;-1;-1;-1;-1;-1;-1
8032;115;No;No;No;No;-;3000;3000;3000;3000;-1;-1;-1;-1;-1;-1;-1;-1;-1;-1;-1;3000;3000;3000;-1;-1;-1;-1;-1;-1;-1;-1;-1;-1;-1
8033;107;No;No;No;No;-;3000;3000;3000;3000;-1;-1;-1;-1;-1;-1;-1;-1;-1;-1;-1;3000;3000;3000;-1;-1;-1;-1;-1;-1;-1;-1;-1;-1;-1
8034;119;No;No;No;No;-;3000;3000;3000;3000;-1;-1;-1;-1;-1;-1;-1;-1;-1;-1;-1;3000;3000;3000;-1;-1;-1;-1;-1;-1;-1;-1;-1;-1;-1
8035;109;No;No;No;No;-;3000;3000;3000;3000;-1;-1;-1;-1;-1;-1;-1;-1;-1;-1;-1;3000;3000;3000;-1;-1;-1;-1;-1;-1;-1;-1;-1;-1;-1
8036;109;No;No;No;No;-;3000;3000;3000;3000;-1;-1;-1;-1;-1;-1;-1;-1;-1;-1;-1;3000;3000;3000;-1;-1;-1;-1;-1;-1;-1;-1;-1;-1;-1
8037;107;No;No;No;No;-;3000;3000;3000;3000;-1;-1;-1;-1;-1;-1;-1;-1;-1;-1;-1;3000;3000;3000;-1;-1;-1;-1;-1;-1;-1;-1;-1;-1;-1
8038;108;No;No;No;No;-;3000;3000;3000;3000;-1;-1;-1;-1;-1;-1;-1;-1;-1;-1;-1;3000;3000;3000;-1;-1;-1;-1;-1;-1;-1;-1;-1;-1;-1
8039;122;No;No;No;No;-;3000;3000;3000;3000;-1;-1;-1;-1;-1;-1;-1;-1;-1;-1;-1;3000;3000;3000;-1;-1;-1;-1;-1;-1;-1;-1;-1;-1;-1
8042;106;No;No;No;No;-;3000;3000;3000;3000;-1;-1;-1;-1;-1;-1;-1;-1;-1;-1;-1;3000;3000;3000;-1;-1;-1;-1;-1;-1;-1;-1;-1;-1;-1
8043;117;No;No;No;No;-;3000;3000;3000;3000;-1;-1;-1;-1;-1;-1;-1;-1;-1;-1;-1;3000;3000;3000;-1;-1;-1;-1;-1;-1;-1;-1;-1;-1;-1
8044;106;No;No;No;No;-;3000;3000;3000;3000;-1;-1;-1;-1;-1;-1;-1;-1;-1;-1;-1;3000;3000;3000;-1;-1;-1;-1;-1;-1;-1;-1;-1;-1;-1
8045;114;No;No;No;No;-;3000;3000;3000;3000;-1;-1;-1;-1;-1;-1;-1;-1;-1;-1;-1;3000;3000;3000;-1;-1;-1;-1;-1;-1;-1;-1;-1;-1;-1
8046;117;No;No;No;No;-;3000;3000;3000;3000;-1;-1;-1;-1;-1;-1;-1;-1;-1;-1;-1;3000;3000;3000;-1;-1;-1;-1;-1;-1;-1;-1;-1;-1;-1
8047;117;No;No;No;No;-;3000;3000;3000;3000;-1;-1;-1;-1;-1;-1;-1;-1;-1;-1;-1;3000;3000;3000;-1;-1;-1;-1;-1;-1;-1;-1;-1;-1;-1
8048;115;No;No;No;No;-;3000;3000;3000;3000;-1;-1;-1;-1;-1;-1;-1;-1;-1;-1;-1;3000;3000;3000;-1;-1;-1;-1;-1;-1;-1;-1;-1;-1;-1
8049;118;No;No;No;No;-;3000;3000;3000;3000;-1;-1;-1;-1;-1;-1;-1;-1;-1;-1;-1;3000;3000;3000;-1;-1;-1;-1;-1;-1;-1;-1;-1;-1;-1
8051;117;No;No;No;No;-;3000;3000;3000;3000;-1;-1;-1;-1;-1;-1;-1;-1;-1;-1;-1;3000;3000;3000;-1;-1;-1;-1;-1;-1;-1;-1;-1;-1;-1
8054;108;No;No;No;No;-;3000;3000;3000;3000;-1;-1;-1;-1;-1;-1;-1;-1;-1;-1;-1;3000;3000;3000;-1;-1;-1;-1;-1;-1;-1;-1;-1;-1;-1
8055;114;No;No;No;No;-;3000;3000;3000;3000;-1;-1;-1;-1;-1;-1;-1;-1;-1;-1;-1;3000;3000;3000;-1;-1;-1;-1;-1;-1;-1;-1;-1;-1;-1
8056;108;No;No;No;No;-;3000;3000;3000;3000;-1;-1;-1;-1;-1;-1;-1;-1;-1;-1;-1;3000;3000;3000;-1;-1;-1;-1;-1;-1;-1;-1;-1;-1;-1
8057;120;No;No;No;No;-;3000;3000;3000;3000;-1;-1;-1;-1;-1;-1;-1;-1;-1;-1;-1;3000;3000;3000;-1;-1;-1;-1;-1;-1;-1;-1;-1;-1;-1
8058;110;No;No;No;No;-;3000;3000;3000;3000;-1;-1;-1;-1;-1;-1;-1;-1;-1;-1;-1;3000;3000;3000;-1;-1;-1;-1;-1;-1;-1;-1;-1;-1;-1
8059;107;No;No;No;No;-;3000;3000;3000;3000;-1;-1;-1;-1;-1;-1;-1;-1;-1;-1;-1;3000;3000;3000;-1;-1;-1;-1;-1;-1;-1;-1;-1;-1;-1
8060;110;No;No;No;No;-;3000;3000;3000;3000;-1;-1;-1;-1;-1;-1;-1;-1;-1;-1;-1;3000;3000;3000;-1;-1;-1;-1;-1;-1;-1;-1;-1;-1;-1
8061;113;No;No;No;No;-;3000;3000;3000;3000;-1;-1;-1;-1;-1;-1;-1;-1;-1;-1;-1;3000;3000;3000;-1;-1;-1;-1;-1;-1;-1;-1;-1;-1;-1
8062;113;No;No;No;No;-;3000;3000;3000;3000;-1;-1;-1;-1;-1;-1;-1;-1;-1;-1;-1;3000;3000;3000;-1;-1;-1;-1;-1;-1;-1;-1;-1;-1;-1
8063;107;No;No;No;No;-;3000;3000;3000;3000;-1;-1;-1;-1;-1;-1;-1;-1;-1;-1;-1;3000;3000;3000;-1;-1;-1;-1;-1;-1;-1;-1;-1;-1;-1
8065;108;No;No;No;No;-;3000;3000;3000;3000;-1;-1;-1;-1;-1;-1;-1;-1;-1;-1;-1;3000;3000;3000;-1;-1;-1;-1;-1;-1;-1;-1;-1;-1;-1
8066;115;No;No;No;No;-;3000;3000;3000;3000;-1;-1;-1;-1;-1;-1;-1;-1;-1;-1;-1;3000;3000;3000;-1;-1;-1;-1;-1;-1;-1;-1;-1;-1;-1
8067;112;No;No;No;No;-;3000;3000;3000;3000;-1;-1;-1;-1;-1;-1;-1;-1;-1;-1;-1;3000;3000;3000;-1;-1;-1;-1;-1;-1;-1;-1;-1;-1;-1
8068;110;No;No;No;No;-;3000;3000;3000;3000;-1;-1;-1;-1;-1;-1;-1;-1;-1;-1;-1;3000;3000;3000;-1;-1;-1;-1;-1;-1;-1;-1;-1;-1;-1
8069;117;No;No;No;No;-;3000;3000;3000;3000;-1;-1;-1;-1;-1;-1;-1;-1;-1;-1;-1;3000;3000;3000;-1;-1;-1;-1;-1;-1;-1;-1;-1;-1;-1
8070;112;No;No;No;No;-;3000;3000;3000;3000;-1;-1;-1;-1;-1;-1;-1;-1;-1;-1;-1;3000;3000;3000;-1;-1;-1;-1;-1;-1;-1;-1;-1;-1;-1
8071;121;No;No;No;No;-;3000;3000;3000;3000;-1;-1;-1;-1;-1;-1;-1;-1;-1;-1;-1;3000;3000;3000;-1;-1;-1;-1;-1;-1;-1;-1;-1;-1;-1
8073;106;No;No;No;No;-;3000;3000;3000;3000;-1;-1;-1;-1;-1;-1;-1;-1;-1;-1;-1;3000;3000;3000;-1;-1;-1;-1;-1;-1;-1;-1;-1;-1;-1
8074;108;No;No;No;No;-;3000;3000;3000;3000;-1;-1;-1;-1;-1;-1;-1;-1;-1;-1;-1;3000;3000;3000;-1;-1;-1;-1;-1;-1;-1;-1;-1;-1;-1
8075;108;No;No;No;No;-;3000;3000;3000;3000;-1;-1;-1;-1;-1;-1;-1;-1;-1;-1;-1;3000;3000;3000;-1;-1;-1;-1;-1;-1;-1;-1;-1;-1;-1
8076;105;No;No;No;No;-;3000;3000;3000;3000;-1;-1;-1;-1;-1;-1;-1;-1;-1;-1;-1;3000;3000;3000;-1;-1;-1;-1;-1;-1;-1;-1;-1;-1;-1
8077;106;No;No;No;No;-;3000;3000;3000;3000;-1;-1;-1;-1;-1;-1;-1;-1;-1;-1;-1;3000;3000;3000;-1;-1;-1;-1;-1;-1;-1;-1;-1;-1;-1
8078;120;No;No;No;No;-;3000;3000;3000;3000;-1;-1;-1;-1;-1;-1;-1;-1;-1;-1;-1;3000;3000;3000;-1;-1;-1;-1;-1;-1;-1;-1;-1;-1;-1
8080;114;No;No;No;No;-;3000;3000;3000;3000;-1;-1;-1;-1;-1;-1;-1;-1;-1;-1;-1;3000;3000;3000;-1;-1;-1;-1;-1;-1;-1;-1;-1;-1;-1
8083;108;No;No;No;No;-;3000;3000;3000;3000;-1;-1;-1;-1;-1;-1;-1;-1;-1;-1;-1;3000;3000;3000;-1;-1;-1;-1;-1;-1;-1;-1;-1;-1;-1
8084;105;No;No;No;No;-;3000;3000;3000;3000;-1;-1;-1;-1;-1;-1;-1;-1;-1;-1;-1;3000;3000;3000;-1;-1;-1;-1;-1;-1;-1;-1;-1;-1;-1
8085;111;No;No;No;No;-;3000;3000;3000;3000;-1;-1;-1;-1;-1;-1;-1;-1;-1;-1;-1;3000;3000;3000;-1;-1;-1;-1;-1;-1;-1;-1;-1;-1;-1
8086;110;No;No;No;No;-;3000;3000;3000;3000;-1;-1;-1;-1;-1;-1;-1;-1;-1;-1;-1;3000;3000;3000;-1;-1;-1;-1;-1;-1;-1;-1;-1;-1;-1
8087;109;No;No;No;No;-;3000;3000;3000;3000;-1;-1;-1;-1;-1;-1;-1;-1;-1;-1;-1;3000;3000;3000;-1;-1;-1;-1;-1;-1;-1;-1;-1;-1;-1
8088;111;No;No;No;No;-;3000;3000;3000;3000;-1;-1;-1;-1;-1;-1;-1;-1;-1;-1;-1;3000;3000;3000;-1;-1;-1;-1;-1;-1;-1;-1;-1;-1;-1
8089;107;No;No;No;No;-;3000;3000;3000;3000;-1;-1;-1;-1;-1;-1;-1;-1;-1;-1;-1;3000;3000;3000;-1;-1;-1;-1;-1;-1;-1;-1;-1;-1;-1
8090;105;No;No;No;No;-;3000;3000;3000;3000;-1;-1;-1;-1;-1;-1;-1;-1;-1;-1;-1;3000;3000;3000;-1;-1;-1;-1;-1;-1;-1;-1;-1;-1;-1
8091;110;No;No;No;No;-;3000;3000;3000;3000;-1;-1;-1;-1;-1;-1;-1;-1;-1;-1;-1;3000;3000;3000;-1;-1;-1;-1;-1;-1;-1;-1;-1;-1;-1
8092;109;No;No;No;No;-;3000;3000;3000;3000;-1;-1;-1;-1;-1;-1;-1;-1;-1;-1;-1;3000;3000;3000;-1;-1;-1;-1;-1;-1;-1;-1;-1;-1;-1
8093;109;No;No;No;No;-;3000;3000;3000;3000;-1;-1;-1;-1;-1;-1;-1;-1;-1;-1;-1;3000;3000;3000;-1;-1;-1;-1;-1;-1;-1;-1;-1;-1;-1
8095;120;No;No;No;No;-;3000;3000;3000;3000;-1;-1;-1;-1;-1;-1;-1;-1;-1;-1;-1;3000;3000;3000;-1;-1;-1;-1;-1;-1;-1;-1;-1;-1;-1
8097;117;No;No;No;No;-;3000;3000;3000;3000;-1;-1;-1;-1;-1;-1;-1;-1;-1;-1;-1;3000;3000;3000;-1;-1;-1;-1;-1;-1;-1;-1;-1;-1;-1
8098;110;No;No;No;No;-;3000;3000;3000;3000;-1;-1;-1;-1;-1;-1;-1;-1;-1;-1;-1;3000;3000;3000;-1;-1;-1;-1;-1;-1;-1;-1;-1;-1;-1
8099;109;No;No;No;No;-;3000;3000;3000;3000;-1;-1;-1;-1;-1;-1;-1;-1;-1;-1;-1;3000;3000;3000;-1;-1;-1;-1;-1;-1;-1;-1;-1;-1;-1
8101;92;No;No;No;No;-;3000;3000;3000;-1;-1;-1;-1;-1;-1;-1;-1;-1;-1;-1;-1;3000;3000;-1;-1;-1;-1;-1;-1;-1;-1;-1;-1;-1;-1
8108;116;No;No;No;No;-;3000;3000;3000;-1;-1;-1;-1;-1;-1;-1;-1;-1;-1;-1;-1;3000;3000;-1;-1;-1;-1;-1;-1;-1;-1;-1;-1;-1;-1
8109;107;No;No;No;No;-;3000;3000;3000;-1;-1;-1;-1;-1;-1;-1;-1;-1;-1;-1;-1;3000;3000;-1;-1;-1;-1;-1;-1;-1;-1;-1;-1;-1;-1
8115;73;No;No;No;No;-;3000;3000;3000;-1;-1;-1;-1;-1;-1;-1;-1;-1;-1;-1;-1;3000;3000;-1;-1;-1;-1;-1;-1;-1;-1;-1;-1;-1;-1
8117;67;No;No;No;No;-;3000;3000;3000;-1;-1;-1;-1;-1;-1;-1;-1;-1;-1;-1;-1;3000;3000;-1;-1;-1;-1;-1;-1;-1;-1;-1;-1;-1;-1
8118;76;No;No;No;No;-;3000;3000;3000;3000;-1;-1;-1;-1;-1;-1;-1;-1;-1;-1;-1;3000;3000;3000;-1;-1;-1;-1;-1;-1;-1;-1;-1;-1;-1
8119;72;No;No;No;No;-;3000;3000;3000;-1;-1;-1;-1;-1;-1;-1;-1;-1;-1;-1;-1;3000;3000;-1;-1;-1;-1;-1;-1;-1;-1;-1;-1;-1;-1
8135;118;No;No;No;No;-;3000;3000;3000;-1;-1;-1;-1;-1;-1;-1;-1;-1;-1;-1;-1;3000;3000;-1;-1;-1;-1;-1;-1;-1;-1;-1;-1;-1;-1
8137;85;No;No;No;No;-;3000;3000;3000;-1;-1;-1;-1;-1;-1;-1;-1;-1;-1;-1;-1;3000;3000;-1;-1;-1;-1;-1;-1;-1;-1;-1;-1;-1;-1
8140;83;No;No;No;No;-;3000;3000;3000;-1;-1;-1;-1;-1;-1;-1;-1;-1;-1;-1;-1;3000;3000;-1;-1;-1;-1;-1;-1;-1;-1;-1;-1;-1;-1
8141;121;No;No;No;No;-;3000;3000;3000;-1;-1;-1;-1;-1;-1;-1;-1;-1;-1;-1;-1;3000;3000;-1;-1;-1;-1;-1;-1;-1;-1;-1;-1;-1;-1
8144;110;No;No;No;No;-;3000;3000;3000;3000;-1;-1;-1;-1;-1;-1;-1;-1;-1;-1;-1;3000;3000;3000;-1;-1;-1;-1;-1;-1;-1;-1;-1;-1;-1
8145;121;No;No;No;No;-;3000;3000;3000;3000;-1;-1;-1;-1;-1;-1;-1;-1;-1;-1;-1;3000;3000;3000;-1;-1;-1;-1;-1;-1;-1;-1;-1;-1;-1
8146;120;No;No;No;No;-;3000;3000;3000;3000;-1;-1;-1;-1;-1;-1;-1;-1;-1;-1;-1;3000;3000;3000;-1;-1;-1;-1;-1;-1;-1;-1;-1;-1;-1
8147;109;No;No;No;No;-;3000;3000;3000;3000;-1;-1;-1;-1;-1;-1;-1;-1;-1;-1;-1;3000;3000;3000;-1;-1;-1;-1;-1;-1;-1;-1;-1;-1;-1
8148;120;No;No;No;No;-;3000;3000;3000;-1;-1;-1;-1;-1;-1;-1;-1;-1;-1;-1;-1;3000;3000;-1;-1;-1;-1;-1;-1;-1;-1;-1;-1;-1;-1
8149;105;No;No;No;No;-;3000;3000;3000;-1;-1;-1;-1;-1;-1;-1;-1;-1;-1;-1;-1;3000;3000;-1;-1;-1;-1;-1;-1;-1;-1;-1;-1;-1;-1
8150;113;No;No;No;No;-;3000;3000;3000;3000;3000;-1;-1;-1;-1;-1;-1;-1;-1;-1;-1;3000;3000;3000;3000;-1;-1;-1;-1;-1;-1;-1;-1;-1;-1
8151;117;No;No;No;No;-;3000;3000;3000;3000;-1;-1;-1;-1;-1;-1;-1;-1;-1;-1;-1;3000;3000;3000;-1;-1;-1;-1;-1;-1;-1;-1;-1;-1;-1
8153;102;No;No;No;No;-;3000;3000;3000;-1;-1;-1;-1;-1;-1;-1;-1;-1;-1;-1;-1;3000;3000;-1;-1;-1;-1;-1;-1;-1;-1;-1;-1;-1;-1
8155;98;No;No;No;No;-;3000;3000;3000;3000;-1;-1;-1;-1;-1;-1;-1;-1;-1;-1;-1;3000;3000;3000;-1;-1;-1;-1;-1;-1;-1;-1;-1;-1;-1
8156;89;No;No;No;No;-;3000;3000;3000;3000;-1;-1;-1;-1;-1;-1;-1;-1;-1;-1;-1;3000;3000;3000;-1;-1;-1;-1;-1;-1;-1;-1;-1;-1;-1
8157;63;No;No;No;No;-;3000;3000;3000;3000;-1;-1;-1;-1;-1;-1;-1;-1;-1;-1;-1;3000;3000;3000;-1;-1;-1;-1;-1;-1;-1;-1;-1;-1;-1
8158;80;No;No;No;No;-;3000;3000;3000;3000;-1;-1;-1;-1;-1;-1;-1;-1;-1;-1;-1;3000;3000;3000;-1;-1;-1;-1;-1;-1;-1;-1;-1;-1;-1
8159;73;No;No;No;No;-;3000;3000;3000;3000;-1;-1;-1;-1;-1;-1;-1;-1;-1;-1;-1;3000;3000;3000;-1;-1;-1;-1;-1;-1;-1;-1;-1;-1;-1
8160;84;No;No;No;No;-;3000;3000;3000;3000;-1;-1;-1;-1;-1;-1;-1;-1;-1;-1;-1;3000;3000;3000;-1;-1;-1;-1;-1;-1;-1;-1;-1;-1;-1
8162;109;No;No;No;No;-;3000;3000;3000;-1;-1;-1;-1;-1;-1;-1;-1;-1;-1;-1;-1;3000;3000;-1;-1;-1;-1;-1;-1;-1;-1;-1;-1;-1;-1
8163;107;No;No;No;No;-;3000;3000;3000;3000;-1;-1;-1;-1;-1;-1;-1;-1;-1;-1;-1;3000;3000;3000;-1;-1;-1;-1;-1;-1;-1;-1;-1;-1;-1
8164;86;No;No;No;No;-;3000;3000;3000;3000;-1;-1;-1;-1;-1;-1;-1;-1;-1;-1;-1;3000;3000;3000;-1;-1;-1;-1;-1;-1;-1;-1;-1;-1;-1
8165;88;No;No;No;No;-;3000;3000;3000;3000;-1;-1;-1;-1;-1;-1;-1;-1;-1;-1;-1;3000;3000;3000;-1;-1;-1;-1;-1;-1;-1;-1;-1;-1;-1
8169;1;No;No;Yes;No;-;995000;995000;995000;-1;-1;-1;-1;-1;-1;-1;-1;-1;-1;-1;-1;-1;-1;-1;-1;-1;-1;-1;-1;-1;-1;-1;-1;-1;-1
8170;78;No;No;No;No;-;3000;3000;-1;-1;-1;-1;-1;-1;-1;-1;-1;-1;-1;-1;-1;3000;-1;-1;-1;-1;-1;-1;-1;-1;-1;-1;-1;-1;-1
8171;124;No;No;Yes;No;-;995000;995000;995000;-1;-1;-1;-1;-1;-1;-1;-1;-1;-1;-1;-1;-1;-1;-1;-1;-1;-1;-1;-1;-1;-1;-1;-1;-1;-1
8172;18;No;No;Yes;No;-;995000;995000;995000;995000;-1;-1;-1;-1;-1;-1;-1;-1;-1;-1;-1;-1;-1;-1;-1;-1;-1;-1;-1;-1;-1;-1;-1;-1;-1
8173;25;No;No;Yes;No;-;995000;995000;995000;995000;-1;-1;-1;-1;-1;-1;-1;-1;-1;-1;-1;-1;-1;-1;-1;-1;-1;-1;-1;-1;-1;-1;-1;-1;-1
8175;12;No;No;Yes;No;-;1000000;1000000;1000000;1000000;-1;-1;-1;-1;-1;-1;-1;-1;-1;-1;-1;-1;-1;-1;-1;-1;-1;-1;-1;-1;-1;-1;-1;-1;-1
8176;154;No;No;Yes;No;-;995000;995000;995000;995000;-1;-1;-1;-1;-1;-1;-1;-1;-1;-1;-1;-1;-1;-1;-1;-1;-1;-1;-1;-1;-1;-1;-1;-1;-1
8177;27;No;No;Yes;No;-;995000;995000;995000;995000;-1;-1;-1;-1;-1;-1;-1;-1;-1;-1;-1;-1;-1;-1;-1;-1;-1;-1;-1;-1;-1;-1;-1;-1;-1
8178;1;No;No;Yes;No;-;995000;995000;995000;995000;-1;-1;-1;-1;-1;-1;-1;-1;-1;-1;-1;-1;-1;-1;-1;-1;-1;-1;-1;-1;-1;-1;-1;-1;-1
8179;23;No;No;Yes;No;-;1000000;1000000;1000000;1000000;-1;-1;-1;-1;-1;-1;-1;-1;-1;-1;-1;-1;-1;-1;-1;-1;-1;-1;-1;-1;-1;-1;-1;-1;-1
8180;1;No;No;Yes;No;-;995000;995000;995000;995000;-1;-1;-1;-1;-1;-1;-1;-1;-1;-1;-1;-1;-1;-1;-1;-1;-1;-1;-1;-1;-1;-1;-1;-1;-1
8181;124;No;No;Yes;No;-;995000;995000;995000;995000;-1;-1;-1;-1;-1;-1;-1;-1;-1;-1;-1;-1;-1;-1;-1;-1;-1;-1;-1;-1;-1;-1;-1;-1;-1
8182;2;No;No;Yes;No;-;995000;995000;995000;995000;-1;-1;-1;-1;-1;-1;-1;-1;-1;-1;-1;-1;-1;-1;-1;-1;-1;-1;-1;-1;-1;-1;-1;-1;-1
8183;25;No;No;Yes;No;-;1000000;1000000;1000000;1000000;-1;-1;-1;-1;-1;-1;-1;-1;-1;-1;-1;-1;-1;-1;-1;-1;-1;-1;-1;-1;-1;-1;-1;-1;-1
8184;24;No;No;Yes;No;-;995000;995000;995000;-1;-1;-1;-1;-1;-1;-1;-1;-1;-1;-1;-1;-1;-1;-1;-1;-1;-1;-1;-1;-1;-1;-1;-1;-1;-1
8185;21;No;No;Yes;No;-;995000;995000;-1;-1;-1;-1;-1;-1;-1;-1;-1;-1;-1;-1;-1;-1;-1;-1;-1;-1;-1;-1;-1;-1;-1;-1;-1;-1;-1
8186;19;No;No;Yes;No;-;995000;995000;995000;995000;-1;-1;-1;-1;-1;-1;-1;-1;-1;-1;-1;-1;-1;-1;-1;-1;-1;-1;-1;-1;-1;-1;-1;-1;-1
8187;87;No;No;No;No;-;3000;3000;3000;3000;3000;-1;-1;-1;-1;-1;-1;-1;-1;-1;-1;3000;3000;3000;3000;-1;-1;-1;-1;-1;-1;-1;-1;-1;-1
8190;101;No;No;No;No;-;3000;3000;3000;3000;3000;-1;-1;-1;-1;-1;-1;-1;-1;-1;-1;3000;3000;3000;3000;-1;-1;-1;-1;-1;-1;-1;-1;-1;-1
8191;93;No;No;No;No;-;3000;3000;3000;3000;3000;-1;-1;-1;-1;-1;-1;-1;-1;-1;-1;3000;3000;3000;3000;-1;-1;-1;-1;-1;-1;-1;-1;-1;-1
8192;97;No;No;No;No;-;3000;3000;3000;3000;3000;-1;-1;-1;-1;-1;-1;-1;-1;-1;-1;3000;3000;3000;3000;-1;-1;-1;-1;-1;-1;-1;-1;-1;-1
8195;102;No;No;No;No;-;3000;3000;3000;3000;3000;-1;-1;-1;-1;-1;-1;-1;-1;-1;-1;3000;3000;3000;3000;-1;-1;-1;-1;-1;-1;-1;-1;-1;-1
8197;92;No;No;No;No;-;3000;3000;3000;3000;3000;-1;-1;-1;-1;-1;-1;-1;-1;-1;-1;3000;3000;3000;3000;-1;-1;-1;-1;-1;-1;-1;-1;-1;-1
8198;98;No;No;No;No;-;3000;3000;3000;3000;3000;-1;-1;-1;-1;-1;-1;-1;-1;-1;-1;3000;3000;3000;3000;-1;-1;-1;-1;-1;-1;-1;-1;-1;-1
8200;100;No;No;No;No;-;3000;3000;3000;3000;3000;-1;-1;-1;-1;-1;-1;-1;-1;-1;-1;3000;3000;3000;3000;-1;-1;-1;-1;-1;-1;-1;-1;-1;-1
8202;99;No;No;No;No;-;3000;3000;3000;3000;3000;-1;-1;-1;-1;-1;-1;-1;-1;-1;-1;3000;3000;3000;3000;-1;-1;-1;-1;-1;-1;-1;-1;-1;-1
8203;98;No;No;No;No;-;3000;3000;3000;3000;3000;-1;-1;-1;-1;-1;-1;-1;-1;-1;-1;3000;3000;3000;3000;-1;-1;-1;-1;-1;-1;-1;-1;-1;-1
8204;104;No;No;No;No;-;3000;3000;3000;3000;3000;-1;-1;-1;-1;-1;-1;-1;-1;-1;-1;3000;3000;3000;3000;-1;-1;-1;-1;-1;-1;-1;-1;-1;-1
8207;97;No;No;No;No;-;3000;3000;3000;3000;3000;-1;-1;-1;-1;-1;-1;-1;-1;-1;-1;3000;3000;3000;3000;-1;-1;-1;-1;-1;-1;-1;-1;-1;-1
8208;103;No;No;No;No;-;3000;3000;3000;3000;3000;-1;-1;-1;-1;-1;-1;-1;-1;-1;-1;3000;3000;3000;3000;-1;-1;-1;-1;-1;-1;-1;-1;-1;-1
8210;97;No;No;No;No;-;3000;3000;3000;3000;3000;-1;-1;-1;-1;-1;-1;-1;-1;-1;-1;3000;3000;3000;3000;-1;-1;-1;-1;-1;-1;-1;-1;-1;-1
8212;88;No;No;No;No;-;3000;3000;3000;3000;3000;-1;-1;-1;-1;-1;-1;-1;-1;-1;-1;3000;3000;3000;3000;-1;-1;-1;-1;-1;-1;-1;-1;-1;-1
8213;85;No;No;No;No;-;3000;3000;3000;3000;3000;-1;-1;-1;-1;-1;-1;-1;-1;-1;-1;3000;3000;3000;3000;-1;-1;-1;-1;-1;-1;-1;-1;-1;-1
8214;104;No;No;No;No;-;3000;3000;3000;3000;3000;-1;-1;-1;-1;-1;-1;-1;-1;-1;-1;3000;3000;3000;3000;-1;-1;-1;-1;-1;-1;-1;-1;-1;-1
8217;90;No;No;No;No;-;3000;3000;3000;3000;3000;-1;-1;-1;-1;-1;-1;-1;-1;-1;-1;3000;3000;3000;3000;-1;-1;-1;-1;-1;-1;-1;-1;-1;-1
8218;96;No;No;No;No;-;3000;3000;3000;3000;3000;-1;-1;-1;-1;-1;-1;-1;-1;-1;-1;3000;3000;3000;3000;-1;-1;-1;-1;-1;-1;-1;-1;-1;-1
8219;99;No;No;No;No;-;3000;3000;3000;3000;3000;-1;-1;-1;-1;-1;-1;-1;-1;-1;-1;3000;3000;3000;3000;-1;-1;-1;-1;-1;-1;-1;-1;-1;-1
8220;103;No;No;No;No;-;3000;3000;3000;3000;3000;-1;-1;-1;-1;-1;-1;-1;-1;-1;-1;3000;3000;3000;3000;-1;-1;-1;-1;-1;-1;-1;-1;-1;-1
8224;95;No;No;No;No;-;3000;3000;3000;3000;3000;-1;-1;-1;-1;-1;-1;-1;-1;-1;-1;3000;3000;3000;3000;-1;-1;-1;-1;-1;-1;-1;-1;-1;-1
8225;102;No;No;No;No;-;3000;3000;3000;3000;3000;-1;-1;-1;-1;-1;-1;-1;-1;-1;-1;3000;3000;3000;3000;-1;-1;-1;-1;-1;-1;-1;-1;-1;-1
8226;95;No;No;No;No;-;3000;3000;3000;3000;3000;-1;-1;-1;-1;-1;-1;-1;-1;-1;-1;3000;3000;3000;3000;-1;-1;-1;-1;-1;-1;-1;-1;-1;-1
8227;94;No;No;No;No;-;3000;3000;3000;3000;3000;-1;-1;-1;-1;-1;-1;-1;-1;-1;-1;3000;3000;3000;3000;-1;-1;-1;-1;-1;-1;-1;-1;-1;-1
8229;97;No;No;No;No;-;3000;3000;3000;3000;3000;-1;-1;-1;-1;-1;-1;-1;-1;-1;-1;3000;3000;3000;3000;-1;-1;-1;-1;-1;-1;-1;-1;-1;-1
8230;85;No;No;No;No;-;3000;3000;3000;3000;3000;-1;-1;-1;-1;-1;-1;-1;-1;-1;-1;3000;3000;3000;3000;-1;-1;-1;-1;-1;-1;-1;-1;-1;-1
8232;98;No;No;No;No;-;3000;3000;3000;3000;3000;-1;-1;-1;-1;-1;-1;-1;-1;-1;-1;3000;3000;3000;3000;-1;-1;-1;-1;-1;-1;-1;-1;-1;-1
8233;96;No;No;No;No;-;3000;3000;3000;3000;3000;-1;-1;-1;-1;-1;-1;-1;-1;-1;-1;3000;3000;3000;3000;-1;-1;-1;-1;-1;-1;-1;-1;-1;-1
8234;96;No;No;No;No;-;3000;3000;3000;3000;3000;-1;-1;-1;-1;-1;-1;-1;-1;-1;-1;3000;3000;3000;3000;-1;-1;-1;-1;-1;-1;-1;-1;-1;-1
8235;92;No;No;No;No;-;3000;3000;3000;3000;3000;-1;-1;-1;-1;-1;-1;-1;-1;-1;-1;3000;3000;3000;3000;-1;-1;-1;-1;-1;-1;-1;-1;-1;-1
8236;101;No;No;No;No;-;3000;3000;3000;3000;3000;-1;-1;-1;-1;-1;-1;-1;-1;-1;-1;3000;3000;3000;3000;-1;-1;-1;-1;-1;-1;-1;-1;-1;-1
8241;90;No;No;No;No;-;3000;3000;3000;3000;3000;-1;-1;-1;-1;-1;-1;-1;-1;-1;-1;3000;3000;3000;3000;-1;-1;-1;-1;-1;-1;-1;-1;-1;-1
8242;88;No;No;No;No;-;3000;3000;3000;3000;3000;-1;-1;-1;-1;-1;-1;-1;-1;-1;-1;3000;3000;3000;3000;-1;-1;-1;-1;-1;-1;-1;-1;-1;-1
8243;90;No;No;No;No;-;3000;3000;3000;3000;3000;-1;-1;-1;-1;-1;-1;-1;-1;-1;-1;3000;3000;3000;3000;-1;-1;-1;-1;-1;-1;-1;-1;-1;-1
8244;91;No;No;No;No;-;3000;3000;3000;3000;3000;-1;-1;-1;-1;-1;-1;-1;-1;-1;-1;3000;3000;3000;3000;-1;-1;-1;-1;-1;-1;-1;-1;-1;-1
8246;102;No;No;No;No;-;3000;3000;3000;3000;3000;-1;-1;-1;-1;-1;-1;-1;-1;-1;-1;3000;3000;3000;3000;-1;-1;-1;-1;-1;-1;-1;-1;-1;-1
8248;99;No;No;No;No;-;3000;3000;3000;3000;3000;-1;-1;-1;-1;-1;-1;-1;-1;-1;-1;3000;3000;3000;3000;-1;-1;-1;-1;-1;-1;-1;-1;-1;-1
8250;85;No;No;No;No;-;3000;3000;3000;3000;3000;-1;-1;-1;-1;-1;-1;-1;-1;-1;-1;3000;3000;3000;3000;-1;-1;-1;-1;-1;-1;-1;-1;-1;-1
8252;97;No;No;No;No;-;3000;3000;3000;3000;3000;-1;-1;-1;-1;-1;-1;-1;-1;-1;-1;3000;3000;3000;3000;-1;-1;-1;-1;-1;-1;-1;-1;-1;-1
8255;88;No;No;No;No;-;3000;3000;3000;3000;3000;-1;-1;-1;-1;-1;-1;-1;-1;-1;-1;3000;3000;3000;3000;-1;-1;-1;-1;-1;-1;-1;-1;-1;-1
8256;85;No;No;No;No;-;3000;3000;3000;3000;3000;-1;-1;-1;-1;-1;-1;-1;-1;-1;-1;3000;3000;3000;3000;-1;-1;-1;-1;-1;-1;-1;-1;-1;-1
8258;93;No;No;No;No;-;3000;3000;3000;3000;3000;-1;-1;-1;-1;-1;-1;-1;-1;-1;-1;3000;3000;3000;3000;-1;-1;-1;-1;-1;-1;-1;-1;-1;-1
8260;91;No;No;No;No;-;3000;3000;3000;3000;3000;3000;-1;-1;-1;-1;-1;-1;-1;-1;-1;3000;3000;3000;3000;3000;-1;-1;-1;-1;-1;-1;-1;-1;-1
8261;94;No;No;No;No;-;3000;3000;3000;3000;3000;-1;-1;-1;-1;-1;-1;-1;-1;-1;-1;3000;3000;3000;3000;-1;-1;-1;-1;-1;-1;-1;-1;-1;-1
8262;93;No;No;No;No;-;3000;3000;3000;3000;3000;-1;-1;-1;-1;-1;-1;-1;-1;-1;-1;3000;3000;3000;3000;-1;-1;-1;-1;-1;-1;-1;-1;-1;-1
8264;93;No;No;No;No;-;3000;3000;3000;3000;3000;-1;-1;-1;-1;-1;-1;-1;-1;-1;-1;3000;3000;3000;3000;-1;-1;-1;-1;-1;-1;-1;-1;-1;-1
8265;93;No;No;No;No;-;3000;3000;3000;3000;3000;-1;-1;-1;-1;-1;-1;-1;-1;-1;-1;3000;3000;3000;3000;-1;-1;-1;-1;-1;-1;-1;-1;-1;-1
8266;100;No;No;No;No;-;3000;3000;3000;3000;3000;-1;-1;-1;-1;-1;-1;-1;-1;-1;-1;3000;3000;3000;3000;-1;-1;-1;-1;-1;-1;-1;-1;-1;-1
8267;101;No;No;No;No;-;3000;3000;3000;3000;3000;-1;-1;-1;-1;-1;-1;-1;-1;-1;-1;3000;3000;3000;3000;-1;-1;-1;-1;-1;-1;-1;-1;-1;-1
8268;87;No;No;No;No;-;3000;3000;3000;3000;3000;-1;-1;-1;-1;-1;-1;-1;-1;-1;-1;3000;3000;3000;3000;-1;-1;-1;-1;-1;-1;-1;-1;-1;-1
8270;97;No;No;No;No;-;3000;3000;3000;3000;3000;-1;-1;-1;-1;-1;-1;-1;-1;-1;-1;3000;3000;3000;3000;-1;-1;-1;-1;-1;-1;-1;-1;-1;-1
8272;97;No;No;No;No;-;3000;3000;3000;3000;3000;-1;-1;-1;-1;-1;-1;-1;-1;-1;-1;3000;3000;3000;3000;-1;-1;-1;-1;-1;-1;-1;-1;-1;-1
8274;97;No;No;No;No;-;3000;3000;3000;3000;3000;-1;-1;-1;-1;-1;-1;-1;-1;-1;-1;3000;3000;3000;3000;-1;-1;-1;-1;-1;-1;-1;-1;-1;-1
8275;96;No;No;No;No;-;3000;3000;3000;3000;3000;-1;-1;-1;-1;-1;-1;-1;-1;-1;-1;3000;3000;3000;3000;-1;-1;-1;-1;-1;-1;-1;-1;-1;-1
8276;93;No;No;No;No;-;3000;3000;3000;3000;3000;-1;-1;-1;-1;-1;-1;-1;-1;-1;-1;3000;3000;3000;3000;-1;-1;-1;-1;-1;-1;-1;-1;-1;-1
8277;87;No;No;No;No;-;3000;3000;3000;3000;3000;-1;-1;-1;-1;-1;-1;-1;-1;-1;-1;3000;3000;3000;3000;-1;-1;-1;-1;-1;-1;-1;-1;-1;-1
8279;100;No;No;No;No;-;3000;3000;3000;3000;3000;-1;-1;-1;-1;-1;-1;-1;-1;-1;-1;3000;3000;3000;3000;-1;-1;-1;-1;-1;-1;-1;-1;-1;-1
8280;85;No;No;No;No;-;3000;3000;3000;3000;3000;-1;-1;-1;-1;-1;-1;-1;-1;-1;-1;3000;3000;3000;3000;-1;-1;-1;-1;-1;-1;-1;-1;-1;-1
8281;103;No;No;No;No;-;3000;3000;3000;3000;3000;-1;-1;-1;-1;-1;-1;-1;-1;-1;-1;3000;3000;3000;3000;-1;-1;-1;-1;-1;-1;-1;-1;-1;-1
8282;102;No;No;No;No;-;3000;3000;3000;3000;3000;-1;-1;-1;-1;-1;-1;-1;-1;-1;-1;3000;3000;3000;3000;-1;-1;-1;-1;-1;-1;-1;-1;-1;-1
8283;98;No;No;No;No;-;3000;3000;3000;3000;3000;-1;-1;-1;-1;-1;-1;-1;-1;-1;-1;3000;3000;3000;3000;-1;-1;-1;-1;-1;-1;-1;-1;-1;-1
8285;94;No;No;No;No;-;3000;3000;3000;3000;3000;-1;-1;-1;-1;-1;-1;-1;-1;-1;-1;3000;3000;3000;3000;-1;-1;-1;-1;-1;-1;-1;-1;-1;-1
8287;103;No;No;No;No;-;3000;3000;3000;3000;3000;-1;-1;-1;-1;-1;-1;-1;-1;-1;-1;3000;3000;3000;3000;-1;-1;-1;-1;-1;-1;-1;-1;-1;-1
8288;87;No;No;No;No;-;3000;3000;3000;3000;3000;-1;-1;-1;-1;-1;-1;-1;-1;-1;-1;3000;3000;3000;3000;-1;-1;-1;-1;-1;-1;-1;-1;-1;-1
8289;100;No;No;No;No;-;3000;3000;3000;3000;3000;-1;-1;-1;-1;-1;-1;-1;-1;-1;-1;3000;3000;3000;3000;-1;-1;-1;-1;-1;-1;-1;-1;-1;-1
8293;86;No;No;No;No;-;3000;3000;3000;3000;3000;-1;-1;-1;-1;-1;-1;-1;-1;-1;-1;3000;3000;3000;3000;-1;-1;-1;-1;-1;-1;-1;-1;-1;-1
8295;101;No;No;No;No;-;3000;3000;3000;3000;3000;-1;-1;-1;-1;-1;-1;-1;-1;-1;-1;3000;3000;3000;3000;-1;-1;-1;-1;-1;-1;-1;-1;-1;-1
8298;91;No;No;No;No;-;3000;3000;3000;3000;3000;-1;-1;-1;-1;-1;-1;-1;-1;-1;-1;3000;3000;3000;3000;-1;-1;-1;-1;-1;-1;-1;-1;-1;-1
8300;89;No;No;No;No;-;3000;3000;3000;3000;3000;-1;-1;-1;-1;-1;-1;-1;-1;-1;-1;3000;3000;3000;3000;-1;-1;-1;-1;-1;-1;-1;-1;-1;-1
8301;99;No;No;No;No;-;3000;3000;3000;3000;3000;-1;-1;-1;-1;-1;-1;-1;-1;-1;-1;3000;3000;3000;3000;-1;-1;-1;-1;-1;-1;-1;-1;-1;-1
8302;94;No;No;No;No;-;3000;3000;3000;3000;3000;-1;-1;-1;-1;-1;-1;-1;-1;-1;-1;3000;3000;3000;3000;-1;-1;-1;-1;-1;-1;-1;-1;-1;-1
8303;91;No;No;No;No;-;3000;3000;3000;3000;3000;-1;-1;-1;-1;-1;-1;-1;-1;-1;-1;3000;3000;3000;3000;-1;-1;-1;-1;-1;-1;-1;-1;-1;-1
8304;98;No;No;No;No;-;3000;3000;3000;3000;3000;-1;-1;-1;-1;-1;-1;-1;-1;-1;-1;3000;3000;3000;3000;-1;-1;-1;-1;-1;-1;-1;-1;-1;-1
8306;95;No;No;No;No;-;3000;3000;3000;3000;3000;-1;-1;-1;-1;-1;-1;-1;-1;-1;-1;3000;3000;3000;3000;-1;-1;-1;-1;-1;-1;-1;-1;-1;-1
8307;104;No;No;No;No;-;3000;3000;3000;3000;3000;-1;-1;-1;-1;-1;-1;-1;-1;-1;-1;3000;3000;3000;3000;-1;-1;-1;-1;-1;-1;-1;-1;-1;-1
8309;102;No;No;No;No;-;3000;3000;3000;3000;3000;-1;-1;-1;-1;-1;-1;-1;-1;-1;-1;3000;3000;3000;3000;-1;-1;-1;-1;-1;-1;-1;-1;-1;-1
8310;100;No;No;No;No;-;3000;3000;3000;3000;3000;-1;-1;-1;-1;-1;-1;-1;-1;-1;-1;3000;3000;3000;3000;-1;-1;-1;-1;-1;-1;-1;-1;-1;-1
8312;98;No;No;No;No;-;3000;3000;3000;3000;3000;-1;-1;-1;-1;-1;-1;-1;-1;-1;-1;3000;3000;3000;3000;-1;-1;-1;-1;-1;-1;-1;-1;-1;-1
8313;89;No;No;No;No;-;3000;3000;3000;3000;3000;-1;-1;-1;-1;-1;-1;-1;-1;-1;-1;3000;3000;3000;3000;-1;-1;-1;-1;-1;-1;-1;-1;-1;-1
8314;94;No;No;No;No;-;3000;3000;3000;3000;3000;-1;-1;-1;-1;-1;-1;-1;-1;-1;-1;3000;3000;3000;3000;-1;-1;-1;-1;-1;-1;-1;-1;-1;-1
8315;85;No;No;No;No;-;3000;3000;3000;3000;3000;-1;-1;-1;-1;-1;-1;-1;-1;-1;-1;3000;3000;3000;3000;-1;-1;-1;-1;-1;-1;-1;-1;-1;-1
8316;104;No;No;No;No;-;3000;3000;3000;3000;3000;-1;-1;-1;-1;-1;-1;-1;-1;-1;-1;3000;3000;3000;3000;-1;-1;-1;-1;-1;-1;-1;-1;-1;-1
8318;87;No;No;No;No;-;3000;3000;3000;3000;3000;-1;-1;-1;-1;-1;-1;-1;-1;-1;-1;3000;3000;3000;3000;-1;-1;-1;-1;-1;-1;-1;-1;-1;-1
8320;93;No;No;No;No;-;3000;3000;3000;3000;3000;-1;-1;-1;-1;-1;-1;-1;-1;-1;-1;3000;3000;3000;3000;-1;-1;-1;-1;-1;-1;-1;-1;-1;-1
8322;86;No;No;No;No;-;3000;3000;3000;3000;3000;-1;-1;-1;-1;-1;-1;-1;-1;-1;-1;3000;3000;3000;3000;-1;-1;-1;-1;-1;-1;-1;-1;-1;-1
8324;89;No;No;No;No;-;3000;3000;3000;3000;3000;-1;-1;-1;-1;-1;-1;-1;-1;-1;-1;3000;3000;3000;3000;-1;-1;-1;-1;-1;-1;-1;-1;-1;-1
8325;100;No;No;No;No;-;3000;3000;3000;3000;3000;-1;-1;-1;-1;-1;-1;-1;-1;-1;-1;3000;3000;3000;3000;-1;-1;-1;-1;-1;-1;-1;-1;-1;-1
8326;97;No;No;No;No;-;3000;3000;3000;3000;3000;-1;-1;-1;-1;-1;-1;-1;-1;-1;-1;3000;3000;3000;3000;-1;-1;-1;-1;-1;-1;-1;-1;-1;-1
8329;95;No;No;No;No;-;3000;3000;3000;3000;3000;-1;-1;-1;-1;-1;-1;-1;-1;-1;-1;3000;3000;3000;3000;-1;-1;-1;-1;-1;-1;-1;-1;-1;-1
8330;104;No;No;No;No;-;3000;3000;3000;3000;3000;-1;-1;-1;-1;-1;-1;-1;-1;-1;-1;3000;3000;3000;3000;-1;-1;-1;-1;-1;-1;-1;-1;-1;-1
8331;89;No;No;No;No;-;3000;3000;3000;3000;3000;-1;-1;-1;-1;-1;-1;-1;-1;-1;-1;3000;3000;3000;3000;-1;-1;-1;-1;-1;-1;-1;-1;-1;-1
8333;95;No;No;No;No;-;3000;3000;3000;3000;3000;-1;-1;-1;-1;-1;-1;-1;-1;-1;-1;3000;3000;3000;3000;-1;-1;-1;-1;-1;-1;-1;-1;-1;-1
8334;88;No;No;No;No;-;3000;3000;3000;3000;3000;-1;-1;-1;-1;-1;-1;-1;-1;-1;-1;3000;3000;3000;3000;-1;-1;-1;-1;-1;-1;-1;-1;-1;-1
8335;89;No;No;No;No;-;3000;3000;3000;3000;3000;-1;-1;-1;-1;-1;-1;-1;-1;-1;-1;3000;3000;3000;3000;-1;-1;-1;-1;-1;-1;-1;-1;-1;-1
8336;100;No;No;No;No;-;3000;3000;3000;3000;3000;-1;-1;-1;-1;-1;-1;-1;-1;-1;-1;3000;3000;3000;3000;-1;-1;-1;-1;-1;-1;-1;-1;-1;-1
8337;97;No;No;No;No;-;3000;3000;3000;3000;3000;-1;-1;-1;-1;-1;-1;-1;-1;-1;-1;3000;3000;3000;3000;-1;-1;-1;-1;-1;-1;-1;-1;-1;-1
8338;87;No;No;No;No;-;3000;3000;3000;3000;3000;-1;-1;-1;-1;-1;-1;-1;-1;-1;-1;3000;3000;3000;3000;-1;-1;-1;-1;-1;-1;-1;-1;-1;-1
8342;91;No;No;No;No;-;3000;3000;3000;3000;3000;-1;-1;-1;-1;-1;-1;-1;-1;-1;-1;3000;3000;3000;3000;-1;-1;-1;-1;-1;-1;-1;-1;-1;-1
8343;96;No;No;No;No;-;3000;3000;3000;3000;3000;-1;-1;-1;-1;-1;-1;-1;-1;-1;-1;3000;3000;3000;3000;-1;-1;-1;-1;-1;-1;-1;-1;-1;-1
8345;86;No;No;No;No;-;3000;3000;3000;3000;3000;-1;-1;-1;-1;-1;-1;-1;-1;-1;-1;3000;3000;3000;3000;-1;-1;-1;-1;-1;-1;-1;-1;-1;-1
8346;99;No;No;No;No;-;3000;3000;3000;3000;3000;-1;-1;-1;-1;-1;-1;-1;-1;-1;-1;3000;3000;3000;3000;-1;-1;-1;-1;-1;-1;-1;-1;-1;-1
8351;82;No;No;No;No;-;3000;3000;3000;3000;3000;-1;-1;-1;-1;-1;-1;-1;-1;-1;-1;3000;3000;3000;3000;-1;-1;-1;-1;-1;-1;-1;-1;-1;-1
8354;78;No;No;No;No;-;3000;3000;3000;3000;3000;-1;-1;-1;-1;-1;-1;-1;-1;-1;-1;3000;3000;3000;3000;-1;-1;-1;-1;-1;-1;-1;-1;-1;-1
8357;81;No;No;No;No;-;3000;3000;3000;3000;3000;-1;-1;-1;-1;-1;-1;-1;-1;-1;-1;3000;3000;3000;3000;-1;-1;-1;-1;-1;-1;-1;-1;-1;-1
8359;69;No;No;No;No;-;3000;3000;3000;3000;3000;-1;-1;-1;-1;-1;-1;-1;-1;-1;-1;3000;3000;3000;3000;-1;-1;-1;-1;-1;-1;-1;-1;-1;-1
8362;66;No;No;No;No;-;3000;3000;3000;3000;3000;-1;-1;-1;-1;-1;-1;-1;-1;-1;-1;3000;3000;3000;3000;-1;-1;-1;-1;-1;-1;-1;-1;-1;-1
8363;64;No;No;No;No;-;3000;3000;3000;3000;3000;-1;-1;-1;-1;-1;-1;-1;-1;-1;-1;3000;3000;3000;3000;-1;-1;-1;-1;-1;-1;-1;-1;-1;-1
8364;74;No;No;No;No;-;3000;3000;3000;3000;3000;-1;-1;-1;-1;-1;-1;-1;-1;-1;-1;3000;3000;3000;3000;-1;-1;-1;-1;-1;-1;-1;-1;-1;-1
8365;79;No;No;No;No;-;3000;3000;3000;3000;3000;-1;-1;-1;-1;-1;-1;-1;-1;-1;-1;3000;3000;3000;3000;-1;-1;-1;-1;-1;-1;-1;-1;-1;-1
8366;75;No;No;No;No;-;3000;3000;3000;3000;3000;-1;-1;-1;-1;-1;-1;-1;-1;-1;-1;3000;3000;3000;3000;-1;-1;-1;-1;-1;-1;-1;-1;-1;-1
8367;70;No;No;No;No;-;3000;3000;3000;3000;3000;-1;-1;-1;-1;-1;-1;-1;-1;-1;-1;3000;3000;3000;3000;-1;-1;-1;-1;-1;-1;-1;-1;-1;-1
8369;80;No;No;No;No;-;3000;3000;3000;3000;3000;-1;-1;-1;-1;-1;-1;-1;-1;-1;-1;3000;3000;3000;3000;-1;-1;-1;-1;-1;-1;-1;-1;-1;-1
8370;76;No;No;No;No;-;3000;3000;3000;3000;3000;-1;-1;-1;-1;-1;-1;-1;-1;-1;-1;3000;3000;3000;3000;-1;-1;-1;-1;-1;-1;-1;-1;-1;-1
8371;79;No;No;No;No;-;3000;3000;3000;3000;3000;-1;-1;-1;-1;-1;-1;-1;-1;-1;-1;3000;3000;3000;3000;-1;-1;-1;-1;-1;-1;-1;-1;-1;-1
8372;69;No;No;No;No;-;3000;3000;3000;3000;3000;-1;-1;-1;-1;-1;-1;-1;-1;-1;-1;3000;3000;3000;3000;-1;-1;-1;-1;-1;-1;-1;-1;-1;-1
8373;67;No;No;No;No;-;3000;3000;3000;3000;3000;-1;-1;-1;-1;-1;-1;-1;-1;-1;-1;3000;3000;3000;3000;-1;-1;-1;-1;-1;-1;-1;-1;-1;-1
8374;75;No;No;No;No;-;3000;3000;3000;3000;3000;-1;-1;-1;-1;-1;-1;-1;-1;-1;-1;3000;3000;3000;3000;-1;-1;-1;-1;-1;-1;-1;-1;-1;-1
8375;67;No;No;No;No;-;3000;3000;3000;3000;3000;-1;-1;-1;-1;-1;-1;-1;-1;-1;-1;3000;3000;3000;3000;-1;-1;-1;-1;-1;-1;-1;-1;-1;-1
8376;64;No;No;No;No;-;3000;3000;3000;3000;3000;-1;-1;-1;-1;-1;-1;-1;-1;-1;-1;3000;3000;3000;3000;-1;-1;-1;-1;-1;-1;-1;-1;-1;-1
8377;72;No;No;No;No;-;3000;3000;3000;3000;3000;-1;-1;-1;-1;-1;-1;-1;-1;-1;-1;3000;3000;3000;3000;-1;-1;-1;-1;-1;-1;-1;-1;-1;-1
8378;68;No;No;No;No;-;3000;3000;3000;3000;3000;-1;-1;-1;-1;-1;-1;-1;-1;-1;-1;3000;3000;3000;3000;-1;-1;-1;-1;-1;-1;-1;-1;-1;-1
8379;72;No;No;No;No;-;3000;3000;3000;3000;3000;-1;-1;-1;-1;-1;-1;-1;-1;-1;-1;3000;3000;3000;3000;-1;-1;-1;-1;-1;-1;-1;-1;-1;-1
8380;76;No;No;No;No;-;3000;3000;3000;3000;3000;-1;-1;-1;-1;-1;-1;-1;-1;-1;-1;3000;3000;3000;3000;-1;-1;-1;-1;-1;-1;-1;-1;-1;-1
8381;83;No;No;No;No;-;3000;3000;3000;3000;3000;3000;-1;-1;-1;-1;-1;-1;-1;-1;-1;3000;3000;3000;3000;3000;-1;-1;-1;-1;-1;-1;-1;-1;-1
8382;68;No;No;No;No;-;3000;3000;3000;3000;3000;-1;-1;-1;-1;-1;-1;-1;-1;-1;-1;3000;3000;3000;3000;-1;-1;-1;-1;-1;-1;-1;-1;-1;-1
8383;65;No;No;No;No;-;3000;3000;3000;3000;3000;-1;-1;-1;-1;-1;-1;-1;-1;-1;-1;3000;3000;3000;3000;-1;-1;-1;-1;-1;-1;-1;-1;-1;-1
8384;68;No;No;No;No;-;3000;3000;3000;3000;3000;-1;-1;-1;-1;-1;-1;-1;-1;-1;-1;3000;3000;3000;3000;-1;-1;-1;-1;-1;-1;-1;-1;-1;-1
8385;81;No;No;No;No;-;3000;3000;3000;3000;3000;-1;-1;-1;-1;-1;-1;-1;-1;-1;-1;3000;3000;3000;3000;-1;-1;-1;-1;-1;-1;-1;-1;-1;-1
8386;81;No;No;No;No;-;3000;3000;3000;3000;3000;-1;-1;-1;-1;-1;-1;-1;-1;-1;-1;3000;3000;3000;3000;-1;-1;-1;-1;-1;-1;-1;-1;-1;-1
8389;64;No;No;No;No;-;3000;3000;3000;3000;3000;-1;-1;-1;-1;-1;-1;-1;-1;-1;-1;3000;3000;3000;3000;-1;-1;-1;-1;-1;-1;-1;-1;-1;-1
8390;75;No;No;No;No;-;3000;3000;3000;3000;3000;-1;-1;-1;-1;-1;-1;-1;-1;-1;-1;3000;3000;3000;3000;-1;-1;-1;-1;-1;-1;-1;-1;-1;-1
8392;74;No;No;No;No;-;3000;3000;3000;3000;3000;-1;-1;-1;-1;-1;-1;-1;-1;-1;-1;3000;3000;3000;3000;-1;-1;-1;-1;-1;-1;-1;-1;-1;-1
8393;74;No;No;No;No;-;3000;3000;3000;3000;3000;-1;-1;-1;-1;-1;-1;-1;-1;-1;-1;3000;3000;3000;3000;-1;-1;-1;-1;-1;-1;-1;-1;-1;-1
8394;82;No;No;No;No;-;3000;3000;3000;3000;3000;-1;-1;-1;-1;-1;-1;-1;-1;-1;-1;3000;3000;3000;3000;-1;-1;-1;-1;-1;-1;-1;-1;-1;-1
8396;68;No;No;No;No;-;3000;3000;3000;3000;3000;-1;-1;-1;-1;-1;-1;-1;-1;-1;-1;3000;3000;3000;3000;-1;-1;-1;-1;-1;-1;-1;-1;-1;-1
8397;77;No;No;No;No;-;3000;3000;3000;3000;3000;-1;-1;-1;-1;-1;-1;-1;-1;-1;-1;3000;3000;3000;3000;-1;-1;-1;-1;-1;-1;-1;-1;-1;-1
8398;82;No;No;No;No;-;3000;3000;3000;3000;3000;-1;-1;-1;-1;-1;-1;-1;-1;-1;-1;3000;3000;3000;3000;-1;-1;-1;-1;-1;-1;-1;-1;-1;-1
8399;74;No;No;No;No;-;3000;3000;3000;3000;3000;-1;-1;-1;-1;-1;-1;-1;-1;-1;-1;3000;3000;3000;3000;-1;-1;-1;-1;-1;-1;-1;-1;-1;-1
8400;68;No;No;No;No;-;3000;3000;3000;3000;3000;-1;-1;-1;-1;-1;-1;-1;-1;-1;-1;3000;3000;3000;3000;-1;-1;-1;-1;-1;-1;-1;-1;-1;-1
8401;80;No;No;No;No;-;3000;3000;3000;3000;3000;-1;-1;-1;-1;-1;-1;-1;-1;-1;-1;3000;3000;3000;3000;-1;-1;-1;-1;-1;-1;-1;-1;-1;-1
8402;83;No;No;No;No;-;3000;3000;3000;3000;3000;-1;-1;-1;-1;-1;-1;-1;-1;-1;-1;3000;3000;3000;3000;-1;-1;-1;-1;-1;-1;-1;-1;-1;-1
8403;64;No;No;No;No;-;3000;3000;3000;3000;3000;-1;-1;-1;-1;-1;-1;-1;-1;-1;-1;3000;3000;3000;3000;-1;-1;-1;-1;-1;-1;-1;-1;-1;-1
8404;64;No;No;No;No;-;3000;3000;3000;3000;3000;-1;-1;-1;-1;-1;-1;-1;-1;-1;-1;3000;3000;3000;3000;-1;-1;-1;-1;-1;-1;-1;-1;-1;-1
8406;67;No;No;No;No;-;3000;3000;3000;3000;3000;-1;-1;-1;-1;-1;-1;-1;-1;-1;-1;3000;3000;3000;3000;-1;-1;-1;-1;-1;-1;-1;-1;-1;-1
8408;67;No;No;No;No;-;3000;3000;3000;3000;3000;-1;-1;-1;-1;-1;-1;-1;-1;-1;-1;3000;3000;3000;3000;-1;-1;-1;-1;-1;-1;-1;-1;-1;-1
8409;82;No;No;No;No;-;3000;3000;3000;3000;3000;-1;-1;-1;-1;-1;-1;-1;-1;-1;-1;3000;3000;3000;3000;-1;-1;-1;-1;-1;-1;-1;-1;-1;-1
8411;84;No;No;No;No;-;3000;3000;3000;3000;3000;-1;-1;-1;-1;-1;-1;-1;-1;-1;-1;3000;3000;3000;3000;-1;-1;-1;-1;-1;-1;-1;-1;-1;-1
8412;65;No;No;No;No;-;3000;3000;3000;3000;3000;-1;-1;-1;-1;-1;-1;-1;-1;-1;-1;3000;3000;3000;3000;-1;-1;-1;-1;-1;-1;-1;-1;-1;-1
8415;67;No;No;No;No;-;3000;3000;3000;3000;3000;-1;-1;-1;-1;-1;-1;-1;-1;-1;-1;3000;3000;3000;3000;-1;-1;-1;-1;-1;-1;-1;-1;-1;-1
8416;75;No;No;No;No;-;3000;3000;3000;3000;3000;-1;-1;-1;-1;-1;-1;-1;-1;-1;-1;3000;3000;3000;3000;-1;-1;-1;-1;-1;-1;-1;-1;-1;-1
8417;79;No;No;No;No;-;3000;3000;3000;3000;3000;-1;-1;-1;-1;-1;-1;-1;-1;-1;-1;3000;3000;3000;3000;-1;-1;-1;-1;-1;-1;-1;-1;-1;-1
8418;76;No;No;No;No;-;3000;3000;3000;3000;3000;-1;-1;-1;-1;-1;-1;-1;-1;-1;-1;3000;3000;3000;3000;-1;-1;-1;-1;-1;-1;-1;-1;-1;-1
8419;63;No;No;No;No;-;3000;3000;3000;3000;3000;-1;-1;-1;-1;-1;-1;-1;-1;-1;-1;3000;3000;3000;3000;-1;-1;-1;-1;-1;-1;-1;-1;-1;-1
8420;76;No;No;No;No;-;3000;3000;3000;3000;3000;-1;-1;-1;-1;-1;-1;-1;-1;-1;-1;3000;3000;3000;3000;-1;-1;-1;-1;-1;-1;-1;-1;-1;-1
8421;64;No;No;No;No;-;3000;3000;3000;3000;3000;-1;-1;-1;-1;-1;-1;-1;-1;-1;-1;3000;3000;3000;3000;-1;-1;-1;-1;-1;-1;-1;-1;-1;-1
8422;77;No;No;No;No;-;3000;3000;3000;3000;3000;-1;-1;-1;-1;-1;-1;-1;-1;-1;-1;3000;3000;3000;3000;-1;-1;-1;-1;-1;-1;-1;-1;-1;-1
8424;83;No;No;No;No;-;3000;3000;3000;3000;3000;-1;-1;-1;-1;-1;-1;-1;-1;-1;-1;3000;3000;3000;3000;-1;-1;-1;-1;-1;-1;-1;-1;-1;-1
8425;69;No;No;No;No;-;3000;3000;3000;3000;3000;-1;-1;-1;-1;-1;-1;-1;-1;-1;-1;3000;3000;3000;3000;-1;-1;-1;-1;-1;-1;-1;-1;-1;-1
8428;69;No;No;No;No;-;3000;3000;3000;3000;3000;-1;-1;-1;-1;-1;-1;-1;-1;-1;-1;3000;3000;3000;3000;-1;-1;-1;-1;-1;-1;-1;-1;-1;-1
8429;73;No;No;No;No;-;3000;3000;3000;3000;3000;-1;-1;-1;-1;-1;-1;-1;-1;-1;-1;3000;3000;3000;3000;-1;-1;-1;-1;-1;-1;-1;-1;-1;-1
8431;78;No;No;No;No;-;3000;3000;3000;3000;3000;-1;-1;-1;-1;-1;-1;-1;-1;-1;-1;3000;3000;3000;3000;-1;-1;-1;-1;-1;-1;-1;-1;-1;-1
8432;83;No;No;No;No;-;3000;3000;3000;3000;3000;-1;-1;-1;-1;-1;-1;-1;-1;-1;-1;3000;3000;3000;3000;-1;-1;-1;-1;-1;-1;-1;-1;-1;-1
8435;74;No;No;No;No;-;3000;3000;3000;3000;3000;-1;-1;-1;-1;-1;-1;-1;-1;-1;-1;3000;3000;3000;3000;-1;-1;-1;-1;-1;-1;-1;-1;-1;-1
8437;68;No;No;No;No;-;3000;3000;3000;3000;3000;-1;-1;-1;-1;-1;-1;-1;-1;-1;-1;3000;3000;3000;3000;-1;-1;-1;-1;-1;-1;-1;-1;-1;-1
8440;78;No;No;No;No;-;3000;3000;3000;3000;3000;-1;-1;-1;-1;-1;-1;-1;-1;-1;-1;3000;3000;3000;3000;-1;-1;-1;-1;-1;-1;-1;-1;-1;-1
8442;74;No;No;No;No;-;3000;3000;3000;3000;3000;-1;-1;-1;-1;-1;-1;-1;-1;-1;-1;3000;3000;3000;3000;-1;-1;-1;-1;-1;-1;-1;-1;-1;-1
8443;73;No;No;No;No;-;3000;3000;3000;3000;3000;-1;-1;-1;-1;-1;-1;-1;-1;-1;-1;3000;3000;3000;3000;-1;-1;-1;-1;-1;-1;-1;-1;-1;-1
8444;64;No;No;No;No;-;3000;3000;3000;3000;3000;-1;-1;-1;-1;-1;-1;-1;-1;-1;-1;3000;3000;3000;3000;-1;-1;-1;-1;-1;-1;-1;-1;-1;-1
8445;69;No;No;No;No;-;3000;3000;3000;3000;3000;-1;-1;-1;-1;-1;-1;-1;-1;-1;-1;3000;3000;3000;3000;-1;-1;-1;-1;-1;-1;-1;-1;-1;-1
8446;66;No;No;No;No;-;3000;3000;3000;3000;3000;-1;-1;-1;-1;-1;-1;-1;-1;-1;-1;3000;3000;3000;3000;-1;-1;-1;-1;-1;-1;-1;-1;-1;-1
8447;70;No;No;No;No;-;3000;3000;3000;3000;3000;-1;-1;-1;-1;-1;-1;-1;-1;-1;-1;3000;3000;3000;3000;-1;-1;-1;-1;-1;-1;-1;-1;-1;-1
8448;81;No;No;No;No;-;3000;3000;3000;3000;3000;-1;-1;-1;-1;-1;-1;-1;-1;-1;-1;3000;3000;3000;3000;-1;-1;-1;-1;-1;-1;-1;-1;-1;-1
8449;72;No;No;No;No;-;3000;3000;3000;3000;3000;-1;-1;-1;-1;-1;-1;-1;-1;-1;-1;3000;3000;3000;3000;-1;-1;-1;-1;-1;-1;-1;-1;-1;-1
8450;81;No;No;No;No;-;3000;3000;3000;3000;3000;-1;-1;-1;-1;-1;-1;-1;-1;-1;-1;3000;3000;3000;3000;-1;-1;-1;-1;-1;-1;-1;-1;-1;-1
8451;78;No;No;No;No;-;3000;3000;3000;3000;3000;-1;-1;-1;-1;-1;-1;-1;-1;-1;-1;3000;3000;3000;3000;-1;-1;-1;-1;-1;-1;-1;-1;-1;-1
8452;69;No;No;No;No;-;3000;3000;3000;3000;3000;-1;-1;-1;-1;-1;-1;-1;-1;-1;-1;3000;3000;3000;3000;-1;-1;-1;-1;-1;-1;-1;-1;-1;-1
8453;77;No;No;No;No;-;3000;3000;3000;3000;3000;-1;-1;-1;-1;-1;-1;-1;-1;-1;-1;3000;3000;3000;3000;-1;-1;-1;-1;-1;-1;-1;-1;-1;-1
8454;79;No;No;No;No;-;3000;3000;3000;3000;3000;-1;-1;-1;-1;-1;-1;-1;-1;-1;-1;3000;3000;3000;3000;-1;-1;-1;-1;-1;-1;-1;-1;-1;-1
8455;63;No;No;No;No;-;3000;3000;3000;3000;3000;-1;-1;-1;-1;-1;-1;-1;-1;-1;-1;3000;3000;3000;3000;-1;-1;-1;-1;-1;-1;-1;-1;-1;-1
8456;67;No;No;No;No;-;3000;3000;3000;3000;3000;-1;-1;-1;-1;-1;-1;-1;-1;-1;-1;3000;3000;3000;3000;-1;-1;-1;-1;-1;-1;-1;-1;-1;-1
8457;78;No;No;No;No;-;3000;3000;3000;3000;3000;-1;-1;-1;-1;-1;-1;-1;-1;-1;-1;3000;3000;3000;3000;-1;-1;-1;-1;-1;-1;-1;-1;-1;-1
8458;81;No;No;No;No;-;3000;3000;3000;3000;3000;-1;-1;-1;-1;-1;-1;-1;-1;-1;-1;3000;3000;3000;3000;-1;-1;-1;-1;-1;-1;-1;-1;-1;-1
8459;70;No;No;No;No;-;3000;3000;3000;3000;3000;-1;-1;-1;-1;-1;-1;-1;-1;-1;-1;3000;3000;3000;3000;-1;-1;-1;-1;-1;-1;-1;-1;-1;-1
8464;69;No;No;No;No;-;3000;3000;3000;3000;3000;-1;-1;-1;-1;-1;-1;-1;-1;-1;-1;3000;3000;3000;3000;-1;-1;-1;-1;-1;-1;-1;-1;-1;-1
8465;84;No;No;No;No;-;3000;3000;3000;3000;3000;-1;-1;-1;-1;-1;-1;-1;-1;-1;-1;3000;3000;3000;3000;-1;-1;-1;-1;-1;-1;-1;-1;-1;-1
8466;74;No;No;No;No;-;3000;3000;3000;3000;3000;-1;-1;-1;-1;-1;-1;-1;-1;-1;-1;3000;3000;3000;3000;-1;-1;-1;-1;-1;-1;-1;-1;-1;-1
8467;83;No;No;No;No;-;3000;3000;3000;3000;3000;-1;-1;-1;-1;-1;-1;-1;-1;-1;-1;3000;3000;3000;3000;-1;-1;-1;-1;-1;-1;-1;-1;-1;-1
8468;81;No;No;No;No;-;3000;3000;3000;3000;3000;-1;-1;-1;-1;-1;-1;-1;-1;-1;-1;3000;3000;3000;3000;-1;-1;-1;-1;-1;-1;-1;-1;-1;-1
8471;65;No;No;No;No;-;3000;3000;3000;3000;3000;-1;-1;-1;-1;-1;-1;-1;-1;-1;-1;3000;3000;3000;3000;-1;-1;-1;-1;-1;-1;-1;-1;-1;-1
8474;63;No;No;No;No;-;3000;3000;3000;3000;3000;-1;-1;-1;-1;-1;-1;-1;-1;-1;-1;3000;3000;3000;3000;-1;-1;-1;-1;-1;-1;-1;-1;-1;-1
8476;63;No;No;No;No;-;3000;3000;3000;3000;3000;-1;-1;-1;-1;-1;-1;-1;-1;-1;-1;3000;3000;3000;3000;-1;-1;-1;-1;-1;-1;-1;-1;-1;-1
8477;63;No;No;No;No;-;3000;3000;3000;3000;3000;-1;-1;-1;-1;-1;-1;-1;-1;-1;-1;3000;3000;3000;3000;-1;-1;-1;-1;-1;-1;-1;-1;-1;-1
8478;82;No;No;No;No;-;3000;3000;3000;3000;3000;-1;-1;-1;-1;-1;-1;-1;-1;-1;-1;3000;3000;3000;3000;-1;-1;-1;-1;-1;-1;-1;-1;-1;-1
8479;66;No;No;No;No;-;3000;3000;3000;3000;3000;-1;-1;-1;-1;-1;-1;-1;-1;-1;-1;3000;3000;3000;3000;-1;-1;-1;-1;-1;-1;-1;-1;-1;-1
8481;68;No;No;No;No;-;3000;3000;3000;3000;3000;-1;-1;-1;-1;-1;-1;-1;-1;-1;-1;3000;3000;3000;3000;-1;-1;-1;-1;-1;-1;-1;-1;-1;-1
8482;80;No;No;No;No;-;3000;3000;3000;3000;3000;-1;-1;-1;-1;-1;-1;-1;-1;-1;-1;3000;3000;3000;3000;-1;-1;-1;-1;-1;-1;-1;-1;-1;-1
8483;81;No;No;No;No;-;3000;3000;3000;3000;3000;-1;-1;-1;-1;-1;-1;-1;-1;-1;-1;3000;3000;3000;3000;-1;-1;-1;-1;-1;-1;-1;-1;-1;-1
8484;73;No;No;No;No;-;3000;3000;3000;3000;3000;-1;-1;-1;-1;-1;-1;-1;-1;-1;-1;3000;3000;3000;3000;-1;-1;-1;-1;-1;-1;-1;-1;-1;-1
8485;67;No;No;No;No;-;3000;3000;3000;3000;3000;-1;-1;-1;-1;-1;-1;-1;-1;-1;-1;3000;3000;3000;3000;-1;-1;-1;-1;-1;-1;-1;-1;-1;-1
8486;73;No;No;No;No;-;3000;3000;3000;3000;3000;-1;-1;-1;-1;-1;-1;-1;-1;-1;-1;3000;3000;3000;3000;-1;-1;-1;-1;-1;-1;-1;-1;-1;-1
8487;69;No;No;No;No;-;3000;3000;3000;3000;3000;-1;-1;-1;-1;-1;-1;-1;-1;-1;-1;3000;3000;3000;3000;-1;-1;-1;-1;-1;-1;-1;-1;-1;-1
8489;84;No;No;No;No;-;3000;3000;3000;3000;3000;-1;-1;-1;-1;-1;-1;-1;-1;-1;-1;3000;3000;3000;3000;-1;-1;-1;-1;-1;-1;-1;-1;-1;-1
8493;80;No;No;No;No;-;3000;3000;3000;3000;3000;-1;-1;-1;-1;-1;-1;-1;-1;-1;-1;3000;3000;3000;3000;-1;-1;-1;-1;-1;-1;-1;-1;-1;-1
8495;70;No;No;No;No;-;3000;3000;3000;3000;3000;-1;-1;-1;-1;-1;-1;-1;-1;-1;-1;3000;3000;3000;3000;-1;-1;-1;-1;-1;-1;-1;-1;-1;-1
8497;82;No;No;No;No;-;3000;3000;3000;3000;3000;-1;-1;-1;-1;-1;-1;-1;-1;-1;-1;3000;3000;3000;3000;-1;-1;-1;-1;-1;-1;-1;-1;-1;-1
8499;78;No;No;No;No;-;3000;3000;3000;3000;3000;-1;-1;-1;-1;-1;-1;-1;-1;-1;-1;3000;3000;3000;3000;-1;-1;-1;-1;-1;-1;-1;-1;-1;-1
8501;77;No;No;No;No;-;3000;3000;3000;3000;3000;-1;-1;-1;-1;-1;-1;-1;-1;-1;-1;3000;3000;3000;3000;-1;-1;-1;-1;-1;-1;-1;-1;-1;-1
8504;68;No;No;No;No;-;3000;3000;3000;3000;3000;-1;-1;-1;-1;-1;-1;-1;-1;-1;-1;3000;3000;3000;3000;-1;-1;-1;-1;-1;-1;-1;-1;-1;-1
8507;66;No;No;No;No;-;3000;3000;3000;3000;3000;-1;-1;-1;-1;-1;-1;-1;-1;-1;-1;3000;3000;3000;3000;-1;-1;-1;-1;-1;-1;-1;-1;-1;-1
8508;79;No;No;No;No;-;3000;3000;3000;3000;3000;-1;-1;-1;-1;-1;-1;-1;-1;-1;-1;3000;3000;3000;3000;-1;-1;-1;-1;-1;-1;-1;-1;-1;-1
8510;74;No;No;No;No;-;3000;3000;3000;3000;3000;-1;-1;-1;-1;-1;-1;-1;-1;-1;-1;3000;3000;3000;3000;-1;-1;-1;-1;-1;-1;-1;-1;-1;-1
8511;82;No;No;No;No;-;3000;3000;3000;3000;3000;-1;-1;-1;-1;-1;-1;-1;-1;-1;-1;3000;3000;3000;3000;-1;-1;-1;-1;-1;-1;-1;-1;-1;-1
8513;64;No;No;No;No;-;3000;3000;3000;3000;3000;-1;-1;-1;-1;-1;-1;-1;-1;-1;-1;3000;3000;3000;3000;-1;-1;-1;-1;-1;-1;-1;-1;-1;-1
8516;78;No;No;No;No;-;3000;3000;3000;3000;3000;-1;-1;-1;-1;-1;-1;-1;-1;-1;-1;3000;3000;3000;3000;-1;-1;-1;-1;-1;-1;-1;-1;-1;-1
8517;64;No;No;No;No;-;3000;3000;3000;3000;3000;-1;-1;-1;-1;-1;-1;-1;-1;-1;-1;3000;3000;3000;3000;-1;-1;-1;-1;-1;-1;-1;-1;-1;-1
8518;64;No;No;No;No;-;3000;3000;3000;3000;3000;-1;-1;-1;-1;-1;-1;-1;-1;-1;-1;3000;3000;3000;3000;-1;-1;-1;-1;-1;-1;-1;-1;-1;-1
8519;79;No;No;No;No;-;3000;3000;3000;3000;3000;-1;-1;-1;-1;-1;-1;-1;-1;-1;-1;3000;3000;3000;3000;-1;-1;-1;-1;-1;-1;-1;-1;-1;-1
8520;80;No;No;No;No;-;3000;3000;3000;3000;3000;-1;-1;-1;-1;-1;-1;-1;-1;-1;-1;3000;3000;3000;3000;-1;-1;-1;-1;-1;-1;-1;-1;-1;-1
8522;82;No;No;No;No;-;3000;3000;3000;3000;3000;-1;-1;-1;-1;-1;-1;-1;-1;-1;-1;3000;3000;3000;3000;-1;-1;-1;-1;-1;-1;-1;-1;-1;-1
8523;112;No;No;No;No;-;3000;3000;3000;3000;3000;-1;-1;-1;-1;-1;-1;-1;-1;-1;-1;3000;3000;3000;3000;-1;-1;-1;-1;-1;-1;-1;-1;-1;-1
8524;108;No;No;No;No;-;3000;3000;3000;3000;3000;-1;-1;-1;-1;-1;-1;-1;-1;-1;-1;3000;3000;3000;3000;-1;-1;-1;-1;-1;-1;-1;-1;-1;-1
8525;119;No;No;No;No;-;3000;3000;3000;3000;3000;-1;-1;-1;-1;-1;-1;-1;-1;-1;-1;3000;3000;3000;3000;-1;-1;-1;-1;-1;-1;-1;-1;-1;-1
8526;118;No;No;No;No;-;3000;3000;3000;3000;3000;-1;-1;-1;-1;-1;-1;-1;-1;-1;-1;3000;3000;3000;3000;-1;-1;-1;-1;-1;-1;-1;-1;-1;-1
8527;121;No;No;No;No;-;3000;3000;3000;3000;3000;-1;-1;-1;-1;-1;-1;-1;-1;-1;-1;3000;3000;3000;3000;-1;-1;-1;-1;-1;-1;-1;-1;-1;-1
8528;114;No;No;No;No;-;3000;3000;3000;3000;3000;-1;-1;-1;-1;-1;-1;-1;-1;-1;-1;3000;3000;3000;3000;-1;-1;-1;-1;-1;-1;-1;-1;-1;-1
8529;111;No;No;No;No;-;3000;3000;3000;3000;3000;-1;-1;-1;-1;-1;-1;-1;-1;-1;-1;3000;3000;3000;3000;-1;-1;-1;-1;-1;-1;-1;-1;-1;-1
8530;111;No;No;No;No;-;3000;3000;3000;3000;3000;-1;-1;-1;-1;-1;-1;-1;-1;-1;-1;3000;3000;3000;3000;-1;-1;-1;-1;-1;-1;-1;-1;-1;-1
8531;112;No;No;No;No;-;3000;3000;3000;3000;3000;-1;-1;-1;-1;-1;-1;-1;-1;-1;-1;3000;3000;3000;3000;-1;-1;-1;-1;-1;-1;-1;-1;-1;-1
8532;119;No;No;No;No;-;3000;3000;3000;3000;3000;-1;-1;-1;-1;-1;-1;-1;-1;-1;-1;3000;3000;3000;3000;-1;-1;-1;-1;-1;-1;-1;-1;-1;-1
8533;105;No;No;No;No;-;3000;3000;3000;3000;3000;-1;-1;-1;-1;-1;-1;-1;-1;-1;-1;3000;3000;3000;3000;-1;-1;-1;-1;-1;-1;-1;-1;-1;-1
8534;116;No;No;No;No;-;3000;3000;3000;3000;3000;-1;-1;-1;-1;-1;-1;-1;-1;-1;-1;3000;3000;3000;3000;-1;-1;-1;-1;-1;-1;-1;-1;-1;-1
8535;121;No;No;No;No;-;3000;3000;3000;3000;3000;-1;-1;-1;-1;-1;-1;-1;-1;-1;-1;3000;3000;3000;3000;-1;-1;-1;-1;-1;-1;-1;-1;-1;-1
8536;114;No;No;No;No;-;3000;3000;3000;3000;3000;-1;-1;-1;-1;-1;-1;-1;-1;-1;-1;3000;3000;3000;3000;-1;-1;-1;-1;-1;-1;-1;-1;-1;-1
8537;122;No;No;No;No;-;3000;3000;3000;3000;3000;-1;-1;-1;-1;-1;-1;-1;-1;-1;-1;3000;3000;3000;3000;-1;-1;-1;-1;-1;-1;-1;-1;-1;-1
8539;115;No;No;No;No;-;3000;3000;3000;3000;3000;-1;-1;-1;-1;-1;-1;-1;-1;-1;-1;3000;3000;3000;3000;-1;-1;-1;-1;-1;-1;-1;-1;-1;-1
8540;114;No;No;No;No;-;3000;3000;3000;3000;3000;-1;-1;-1;-1;-1;-1;-1;-1;-1;-1;3000;3000;3000;3000;-1;-1;-1;-1;-1;-1;-1;-1;-1;-1
8541;114;No;No;No;No;-;3000;3000;3000;3000;3000;-1;-1;-1;-1;-1;-1;-1;-1;-1;-1;3000;3000;3000;3000;-1;-1;-1;-1;-1;-1;-1;-1;-1;-1
8542;107;No;No;No;No;-;3000;3000;3000;3000;3000;-1;-1;-1;-1;-1;-1;-1;-1;-1;-1;3000;3000;3000;3000;-1;-1;-1;-1;-1;-1;-1;-1;-1;-1
8543;107;No;No;No;No;-;3000;3000;3000;3000;3000;-1;-1;-1;-1;-1;-1;-1;-1;-1;-1;3000;3000;3000;3000;-1;-1;-1;-1;-1;-1;-1;-1;-1;-1
8544;121;No;No;No;No;-;3000;3000;3000;3000;3000;-1;-1;-1;-1;-1;-1;-1;-1;-1;-1;3000;3000;3000;3000;-1;-1;-1;-1;-1;-1;-1;-1;-1;-1
8545;114;No;No;No;No;-;3000;3000;3000;3000;3000;-1;-1;-1;-1;-1;-1;-1;-1;-1;-1;3000;3000;3000;3000;-1;-1;-1;-1;-1;-1;-1;-1;-1;-1
8546;122;No;No;No;No;-;3000;3000;3000;3000;3000;-1;-1;-1;-1;-1;-1;-1;-1;-1;-1;3000;3000;3000;3000;-1;-1;-1;-1;-1;-1;-1;-1;-1;-1
8547;112;No;No;No;No;-;3000;3000;3000;3000;3000;-1;-1;-1;-1;-1;-1;-1;-1;-1;-1;3000;3000;3000;3000;-1;-1;-1;-1;-1;-1;-1;-1;-1;-1
8548;111;No;No;No;No;-;3000;3000;3000;3000;3000;-1;-1;-1;-1;-1;-1;-1;-1;-1;-1;3000;3000;3000;3000;-1;-1;-1;-1;-1;-1;-1;-1;-1;-1
8549;106;No;No;No;No;-;3000;3000;3000;3000;3000;-1;-1;-1;-1;-1;-1;-1;-1;-1;-1;3000;3000;3000;3000;-1;-1;-1;-1;-1;-1;-1;-1;-1;-1
8555;121;No;No;No;No;-;3000;3000;3000;3000;3000;-1;-1;-1;-1;-1;-1;-1;-1;-1;-1;3000;3000;3000;3000;-1;-1;-1;-1;-1;-1;-1;-1;-1;-1
8556;121;No;No;No;No;-;3000;3000;3000;3000;3000;-1;-1;-1;-1;-1;-1;-1;-1;-1;-1;3000;3000;3000;3000;-1;-1;-1;-1;-1;-1;-1;-1;-1;-1
8559;106;No;No;No;No;-;3000;3000;3000;3000;3000;-1;-1;-1;-1;-1;-1;-1;-1;-1;-1;3000;3000;3000;3000;-1;-1;-1;-1;-1;-1;-1;-1;-1;-1
8563;121;No;No;No;No;-;3000;3000;3000;3000;3000;-1;-1;-1;-1;-1;-1;-1;-1;-1;-1;3000;3000;3000;3000;-1;-1;-1;-1;-1;-1;-1;-1;-1;-1
8564;110;No;No;No;No;-;3000;3000;3000;3000;3000;-1;-1;-1;-1;-1;-1;-1;-1;-1;-1;3000;3000;3000;3000;-1;-1;-1;-1;-1;-1;-1;-1;-1;-1
8567;117;No;No;No;No;-;3000;3000;3000;3000;3000;-1;-1;-1;-1;-1;-1;-1;-1;-1;-1;3000;3000;3000;3000;-1;-1;-1;-1;-1;-1;-1;-1;-1;-1
8568;112;No;No;No;No;-;3000;3000;3000;3000;3000;-1;-1;-1;-1;-1;-1;-1;-1;-1;-1;3000;3000;3000;3000;-1;-1;-1;-1;-1;-1;-1;-1;-1;-1
8569;118;No;No;No;No;-;3000;3000;3000;3000;3000;-1;-1;-1;-1;-1;-1;-1;-1;-1;-1;3000;3000;3000;3000;-1;-1;-1;-1;-1;-1;-1;-1;-1;-1
8570;118;No;No;No;No;-;3000;3000;3000;3000;3000;-1;-1;-1;-1;-1;-1;-1;-1;-1;-1;3000;3000;3000;3000;-1;-1;-1;-1;-1;-1;-1;-1;-1;-1
8572;122;No;No;No;No;-;3000;3000;3000;3000;3000;-1;-1;-1;-1;-1;-1;-1;-1;-1;-1;3000;3000;3000;3000;-1;-1;-1;-1;-1;-1;-1;-1;-1;-1
8574;115;No;No;No;No;-;3000;3000;3000;3000;3000;-1;-1;-1;-1;-1;-1;-1;-1;-1;-1;3000;3000;3000;3000;-1;-1;-1;-1;-1;-1;-1;-1;-1;-1
8575;113;No;No;No;No;-;3000;3000;3000;3000;3000;-1;-1;-1;-1;-1;-1;-1;-1;-1;-1;3000;3000;3000;3000;-1;-1;-1;-1;-1;-1;-1;-1;-1;-1
8578;105;No;No;No;No;-;3000;3000;3000;3000;3000;-1;-1;-1;-1;-1;-1;-1;-1;-1;-1;3000;3000;3000;3000;-1;-1;-1;-1;-1;-1;-1;-1;-1;-1
8580;111;No;No;No;No;-;3000;3000;3000;3000;3000;-1;-1;-1;-1;-1;-1;-1;-1;-1;-1;3000;3000;3000;3000;-1;-1;-1;-1;-1;-1;-1;-1;-1;-1
8584;115;No;No;No;No;-;3000;3000;3000;3000;3000;-1;-1;-1;-1;-1;-1;-1;-1;-1;-1;3000;3000;3000;3000;-1;-1;-1;-1;-1;-1;-1;-1;-1;-1
8585;117;No;No;No;No;-;3000;3000;3000;3000;3000;-1;-1;-1;-1;-1;-1;-1;-1;-1;-1;3000;3000;3000;3000;-1;-1;-1;-1;-1;-1;-1;-1;-1;-1
8588;110;No;No;No;No;-;3000;3000;3000;3000;3000;-1;-1;-1;-1;-1;-1;-1;-1;-1;-1;3000;3000;3000;3000;-1;-1;-1;-1;-1;-1;-1;-1;-1;-1
8589;111;No;No;No;No;-;3000;3000;3000;3000;3000;-1;-1;-1;-1;-1;-1;-1;-1;-1;-1;3000;3000;3000;3000;-1;-1;-1;-1;-1;-1;-1;-1;-1;-1
8590;120;No;No;No;No;-;3000;3000;3000;3000;3000;-1;-1;-1;-1;-1;-1;-1;-1;-1;-1;3000;3000;3000;3000;-1;-1;-1;-1;-1;-1;-1;-1;-1;-1
8591;116;No;No;No;No;-;3000;3000;3000;3000;3000;-1;-1;-1;-1;-1;-1;-1;-1;-1;-1;3000;3000;3000;3000;-1;-1;-1;-1;-1;-1;-1;-1;-1;-1
8593;122;No;No;No;No;-;3000;3000;3000;3000;3000;-1;-1;-1;-1;-1;-1;-1;-1;-1;-1;3000;3000;3000;3000;-1;-1;-1;-1;-1;-1;-1;-1;-1;-1
8594;113;No;No;No;No;-;3000;3000;3000;3000;3000;-1;-1;-1;-1;-1;-1;-1;-1;-1;-1;3000;3000;3000;3000;-1;-1;-1;-1;-1;-1;-1;-1;-1;-1
8595;114;No;No;No;No;-;3000;3000;3000;3000;3000;-1;-1;-1;-1;-1;-1;-1;-1;-1;-1;3000;3000;3000;3000;-1;-1;-1;-1;-1;-1;-1;-1;-1;-1
8596;113;No;No;No;No;-;3000;3000;3000;3000;3000;-1;-1;-1;-1;-1;-1;-1;-1;-1;-1;3000;3000;3000;3000;-1;-1;-1;-1;-1;-1;-1;-1;-1;-1
8597;109;No;No;No;No;-;3000;3000;3000;3000;3000;-1;-1;-1;-1;-1;-1;-1;-1;-1;-1;3000;3000;3000;3000;-1;-1;-1;-1;-1;-1;-1;-1;-1;-1
8599;116;No;No;No;No;-;3000;3000;3000;3000;3000;-1;-1;-1;-1;-1;-1;-1;-1;-1;-1;3000;3000;3000;3000;-1;-1;-1;-1;-1;-1;-1;-1;-1;-1
8600;111;No;No;No;No;-;3000;3000;3000;3000;3000;-1;-1;-1;-1;-1;-1;-1;-1;-1;-1;3000;3000;3000;3000;-1;-1;-1;-1;-1;-1;-1;-1;-1;-1
8601;120;No;No;No;No;-;3000;3000;3000;3000;3000;-1;-1;-1;-1;-1;-1;-1;-1;-1;-1;3000;3000;3000;3000;-1;-1;-1;-1;-1;-1;-1;-1;-1;-1
8602;112;No;No;No;No;-;3000;3000;3000;3000;3000;-1;-1;-1;-1;-1;-1;-1;-1;-1;-1;3000;3000;3000;3000;-1;-1;-1;-1;-1;-1;-1;-1;-1;-1
8603;114;No;No;No;No;-;3000;3000;3000;3000;3000;-1;-1;-1;-1;-1;-1;-1;-1;-1;-1;3000;3000;3000;3000;-1;-1;-1;-1;-1;-1;-1;-1;-1;-1
8606;114;No;No;No;No;-;3000;3000;3000;3000;3000;-1;-1;-1;-1;-1;-1;-1;-1;-1;-1;3000;3000;3000;3000;-1;-1;-1;-1;-1;-1;-1;-1;-1;-1
8607;122;No;No;No;No;-;3000;3000;3000;3000;3000;-1;-1;-1;-1;-1;-1;-1;-1;-1;-1;3000;3000;3000;3000;-1;-1;-1;-1;-1;-1;-1;-1;-1;-1
8609;119;No;No;No;No;-;3000;3000;3000;3000;3000;-1;-1;-1;-1;-1;-1;-1;-1;-1;-1;3000;3000;3000;3000;-1;-1;-1;-1;-1;-1;-1;-1;-1;-1
8611;117;No;No;No;No;-;3000;3000;3000;3000;3000;-1;-1;-1;-1;-1;-1;-1;-1;-1;-1;3000;3000;3000;3000;-1;-1;-1;-1;-1;-1;-1;-1;-1;-1
8612;116;No;No;No;No;-;3000;3000;3000;3000;3000;-1;-1;-1;-1;-1;-1;-1;-1;-1;-1;3000;3000;3000;3000;-1;-1;-1;-1;-1;-1;-1;-1;-1;-1
8613;112;No;No;No;No;-;3000;3000;3000;3000;3000;-1;-1;-1;-1;-1;-1;-1;-1;-1;-1;3000;3000;3000;3000;-1;-1;-1;-1;-1;-1;-1;-1;-1;-1
8614;112;No;No;No;No;-;3000;3000;3000;3000;3000;-1;-1;-1;-1;-1;-1;-1;-1;-1;-1;3000;3000;3000;3000;-1;-1;-1;-1;-1;-1;-1;-1;-1;-1
8615;119;No;No;No;No;-;3000;3000;3000;3000;3000;-1;-1;-1;-1;-1;-1;-1;-1;-1;-1;3000;3000;3000;3000;-1;-1;-1;-1;-1;-1;-1;-1;-1;-1
8616;108;No;No;No;No;-;3000;3000;3000;3000;3000;-1;-1;-1;-1;-1;-1;-1;-1;-1;-1;3000;3000;3000;3000;-1;-1;-1;-1;-1;-1;-1;-1;-1;-1
8617;120;No;No;No;No;-;3000;3000;3000;3000;3000;-1;-1;-1;-1;-1;-1;-1;-1;-1;-1;3000;3000;3000;3000;-1;-1;-1;-1;-1;-1;-1;-1;-1;-1
8618;111;No;No;No;No;-;3000;3000;3000;3000;3000;-1;-1;-1;-1;-1;-1;-1;-1;-1;-1;3000;3000;3000;3000;-1;-1;-1;-1;-1;-1;-1;-1;-1;-1
8619;105;No;No;No;No;-;3000;3000;3000;3000;3000;-1;-1;-1;-1;-1;-1;-1;-1;-1;-1;3000;3000;3000;3000;-1;-1;-1;-1;-1;-1;-1;-1;-1;-1
8622;115;No;No;No;No;-;3000;3000;3000;3000;3000;-1;-1;-1;-1;-1;-1;-1;-1;-1;-1;3000;3000;3000;3000;-1;-1;-1;-1;-1;-1;-1;-1;-1;-1
8623;118;No;No;No;No;-;3000;3000;3000;3000;3000;-1;-1;-1;-1;-1;-1;-1;-1;-1;-1;3000;3000;3000;3000;-1;-1;-1;-1;-1;-1;-1;-1;-1;-1
8624;120;No;No;No;No;-;3000;3000;3000;3000;3000;-1;-1;-1;-1;-1;-1;-1;-1;-1;-1;3000;3000;3000;3000;-1;-1;-1;-1;-1;-1;-1;-1;-1;-1
8625;106;No;No;No;No;-;3000;3000;3000;3000;3000;-1;-1;-1;-1;-1;-1;-1;-1;-1;-1;3000;3000;3000;3000;-1;-1;-1;-1;-1;-1;-1;-1;-1;-1
8626;109;No;No;No;No;-;3000;3000;3000;3000;3000;-1;-1;-1;-1;-1;-1;-1;-1;-1;-1;3000;3000;3000;3000;-1;-1;-1;-1;-1;-1;-1;-1;-1;-1
8628;118;No;No;No;No;-;3000;3000;3000;3000;3000;-1;-1;-1;-1;-1;-1;-1;-1;-1;-1;3000;3000;3000;3000;-1;-1;-1;-1;-1;-1;-1;-1;-1;-1
8629;118;No;No;No;No;-;3000;3000;3000;3000;3000;-1;-1;-1;-1;-1;-1;-1;-1;-1;-1;3000;3000;3000;3000;-1;-1;-1;-1;-1;-1;-1;-1;-1;-1
8630;107;No;No;No;No;-;3000;3000;3000;3000;3000;-1;-1;-1;-1;-1;-1;-1;-1;-1;-1;3000;3000;3000;3000;-1;-1;-1;-1;-1;-1;-1;-1;-1;-1
8631;113;No;No;No;No;-;3000;3000;3000;3000;3000;-1;-1;-1;-1;-1;-1;-1;-1;-1;-1;3000;3000;3000;3000;-1;-1;-1;-1;-1;-1;-1;-1;-1;-1
8632;113;No;No;No;No;-;3000;3000;3000;3000;3000;-1;-1;-1;-1;-1;-1;-1;-1;-1;-1;3000;3000;3000;3000;-1;-1;-1;-1;-1;-1;-1;-1;-1;-1
8633;115;No;No;No;No;-;3000;3000;3000;3000;3000;-1;-1;-1;-1;-1;-1;-1;-1;-1;-1;3000;3000;3000;3000;-1;-1;-1;-1;-1;-1;-1;-1;-1;-1
8634;111;No;No;No;No;-;3000;3000;3000;3000;3000;-1;-1;-1;-1;-1;-1;-1;-1;-1;-1;3000;3000;3000;3000;-1;-1;-1;-1;-1;-1;-1;-1;-1;-1
8635;118;No;No;No;No;-;3000;3000;3000;3000;3000;-1;-1;-1;-1;-1;-1;-1;-1;-1;-1;3000;3000;3000;3000;-1;-1;-1;-1;-1;-1;-1;-1;-1;-1
8636;107;No;No;No;No;-;3000;3000;3000;3000;3000;-1;-1;-1;-1;-1;-1;-1;-1;-1;-1;3000;3000;3000;3000;-1;-1;-1;-1;-1;-1;-1;-1;-1;-1
8641;113;No;No;No;No;-;3000;3000;3000;3000;3000;-1;-1;-1;-1;-1;-1;-1;-1;-1;-1;3000;3000;3000;3000;-1;-1;-1;-1;-1;-1;-1;-1;-1;-1
8645;109;No;No;No;No;-;3000;3000;3000;3000;3000;-1;-1;-1;-1;-1;-1;-1;-1;-1;-1;3000;3000;3000;3000;-1;-1;-1;-1;-1;-1;-1;-1;-1;-1
8646;122;No;No;No;No;-;3000;3000;3000;3000;3000;-1;-1;-1;-1;-1;-1;-1;-1;-1;-1;3000;3000;3000;3000;-1;-1;-1;-1;-1;-1;-1;-1;-1;-1
8647;115;No;No;No;No;-;3000;3000;3000;3000;3000;-1;-1;-1;-1;-1;-1;-1;-1;-1;-1;3000;3000;3000;3000;-1;-1;-1;-1;-1;-1;-1;-1;-1;-1
8648;113;No;No;No;No;-;3000;3000;3000;3000;3000;-1;-1;-1;-1;-1;-1;-1;-1;-1;-1;3000;3000;3000;3000;-1;-1;-1;-1;-1;-1;-1;-1;-1;-1
8649;108;No;No;No;No;-;3000;3000;3000;3000;3000;-1;-1;-1;-1;-1;-1;-1;-1;-1;-1;3000;3000;3000;3000;-1;-1;-1;-1;-1;-1;-1;-1;-1;-1
8650;113;No;No;No;No;-;3000;3000;3000;3000;3000;-1;-1;-1;-1;-1;-1;-1;-1;-1;-1;3000;3000;3000;3000;-1;-1;-1;-1;-1;-1;-1;-1;-1;-1
8652;120;No;No;No;No;-;3000;3000;3000;3000;3000;-1;-1;-1;-1;-1;-1;-1;-1;-1;-1;3000;3000;3000;3000;-1;-1;-1;-1;-1;-1;-1;-1;-1;-1
8653;111;No;No;No;No;-;3000;3000;3000;3000;3000;-1;-1;-1;-1;-1;-1;-1;-1;-1;-1;3000;3000;3000;3000;-1;-1;-1;-1;-1;-1;-1;-1;-1;-1
8654;121;No;No;No;No;-;3000;3000;3000;3000;3000;-1;-1;-1;-1;-1;-1;-1;-1;-1;-1;3000;3000;3000;3000;-1;-1;-1;-1;-1;-1;-1;-1;-1;-1
8655;119;No;No;No;No;-;3000;3000;3000;3000;3000;-1;-1;-1;-1;-1;-1;-1;-1;-1;-1;3000;3000;3000;3000;-1;-1;-1;-1;-1;-1;-1;-1;-1;-1
8656;119;No;No;No;No;-;3000;3000;3000;3000;3000;-1;-1;-1;-1;-1;-1;-1;-1;-1;-1;3000;3000;3000;3000;-1;-1;-1;-1;-1;-1;-1;-1;-1;-1
8657;122;No;No;No;No;-;3000;3000;3000;3000;3000;-1;-1;-1;-1;-1;-1;-1;-1;-1;-1;3000;3000;3000;3000;-1;-1;-1;-1;-1;-1;-1;-1;-1;-1
8658;117;No;No;No;No;-;3000;3000;3000;3000;3000;-1;-1;-1;-1;-1;-1;-1;-1;-1;-1;3000;3000;3000;3000;-1;-1;-1;-1;-1;-1;-1;-1;-1;-1
8661;115;No;No;No;No;-;3000;3000;3000;3000;3000;-1;-1;-1;-1;-1;-1;-1;-1;-1;-1;3000;3000;3000;3000;-1;-1;-1;-1;-1;-1;-1;-1;-1;-1
8662;108;No;No;No;No;-;3000;3000;3000;3000;3000;-1;-1;-1;-1;-1;-1;-1;-1;-1;-1;3000;3000;3000;3000;-1;-1;-1;-1;-1;-1;-1;-1;-1;-1
8663;122;No;No;No;No;-;3000;3000;3000;3000;3000;-1;-1;-1;-1;-1;-1;-1;-1;-1;-1;3000;3000;3000;3000;-1;-1;-1;-1;-1;-1;-1;-1;-1;-1
8665;114;No;No;No;No;-;3000;3000;3000;3000;3000;-1;-1;-1;-1;-1;-1;-1;-1;-1;-1;3000;3000;3000;3000;-1;-1;-1;-1;-1;-1;-1;-1;-1;-1
8666;112;No;No;No;No;-;3000;3000;3000;3000;3000;-1;-1;-1;-1;-1;-1;-1;-1;-1;-1;3000;3000;3000;3000;-1;-1;-1;-1;-1;-1;-1;-1;-1;-1
8667;100;No;No;No;No;-;3000;3000;3000;3000;-1;-1;-1;-1;-1;-1;-1;-1;-1;-1;-1;3000;3000;3000;-1;-1;-1;-1;-1;-1;-1;-1;-1;-1;-1
8668;111;No;No;No;No;-;3000;3000;3000;3000;3000;-1;-1;-1;-1;-1;-1;-1;-1;-1;-1;3000;3000;3000;3000;-1;-1;-1;-1;-1;-1;-1;-1;-1;-1
8669;109;No;No;No;No;-;3000;3000;3000;3000;-1;-1;-1;-1;-1;-1;-1;-1;-1;-1;-1;3000;3000;3000;-1;-1;-1;-1;-1;-1;-1;-1;-1;-1;-1
8671;93;No;No;No;No;-;3000;3000;3000;3000;-1;-1;-1;-1;-1;-1;-1;-1;-1;-1;-1;3000;3000;3000;-1;-1;-1;-1;-1;-1;-1;-1;-1;-1;-1
8673;89;No;No;No;No;-;3000;3000;3000;3000;-1;-1;-1;-1;-1;-1;-1;-1;-1;-1;-1;3000;3000;3000;-1;-1;-1;-1;-1;-1;-1;-1;-1;-1;-1
8674;98;No;No;No;No;-;3000;3000;3000;3000;-1;-1;-1;-1;-1;-1;-1;-1;-1;-1;-1;3000;3000;3000;-1;-1;-1;-1;-1;-1;-1;-1;-1;-1;-1
8675;90;No;No;No;No;-;3000;3000;3000;3000;-1;-1;-1;-1;-1;-1;-1;-1;-1;-1;-1;3000;3000;3000;-1;-1;-1;-1;-1;-1;-1;-1;-1;-1;-1
8676;118;No;No;No;No;-;3000;3000;3000;3000;-1;-1;-1;-1;-1;-1;-1;-1;-1;-1;-1;3000;3000;3000;-1;-1;-1;-1;-1;-1;-1;-1;-1;-1;-1
8677;121;No;No;No;No;-;3000;3000;3000;-1;-1;-1;-1;-1;-1;-1;-1;-1;-1;-1;-1;3000;3000;-1;-1;-1;-1;-1;-1;-1;-1;-1;-1;-1;-1
8678;106;No;No;No;No;-;3000;3000;3000;3000;-1;-1;-1;-1;-1;-1;-1;-1;-1;-1;-1;3000;3000;3000;-1;-1;-1;-1;-1;-1;-1;-1;-1;-1;-1
8679;94;No;No;No;No;-;3000;3000;3000;3000;-1;-1;-1;-1;-1;-1;-1;-1;-1;-1;-1;3000;3000;3000;-1;-1;-1;-1;-1;-1;-1;-1;-1;-1;-1
8680;93;No;No;No;No;-;3000;3000;3000;3000;-1;-1;-1;-1;-1;-1;-1;-1;-1;-1;-1;3000;3000;3000;-1;-1;-1;-1;-1;-1;-1;-1;-1;-1;-1
8681;110;No;No;No;No;-;3000;3000;3000;3000;-1;-1;-1;-1;-1;-1;-1;-1;-1;-1;-1;3000;3000;3000;-1;-1;-1;-1;-1;-1;-1;-1;-1;-1;-1
8682;88;No;No;No;No;-;3000;3000;3000;3000;-1;-1;-1;-1;-1;-1;-1;-1;-1;-1;-1;3000;3000;3000;-1;-1;-1;-1;-1;-1;-1;-1;-1;-1;-1
8683;100;No;No;No;No;-;3000;3000;3000;3000;-1;-1;-1;-1;-1;-1;-1;-1;-1;-1;-1;3000;3000;3000;-1;-1;-1;-1;-1;-1;-1;-1;-1;-1;-1
8685;68;No;No;No;No;-;3000;3000;3000;3000;3000;-1;-1;-1;-1;-1;-1;-1;-1;-1;-1;3000;3000;3000;3000;-1;-1;-1;-1;-1;-1;-1;-1;-1;-1
8690;108;No;No;No;No;-;3000;3000;3000;3000;-1;-1;-1;-1;-1;-1;-1;-1;-1;-1;-1;3000;3000;3000;-1;-1;-1;-1;-1;-1;-1;-1;-1;-1;-1
8692;109;No;No;No;No;-;3000;3000;3000;3000;-1;-1;-1;-1;-1;-1;-1;-1;-1;-1;-1;3000;3000;3000;-1;-1;-1;-1;-1;-1;-1;-1;-1;-1;-1
8693;105;No;No;No;No;-;3000;3000;3000;-1;-1;-1;-1;-1;-1;-1;-1;-1;-1;-1;-1;3000;3000;-1;-1;-1;-1;-1;-1;-1;-1;-1;-1;-1;-1
8694;107;No;No;No;No;-;3000;3000;3000;-1;-1;-1;-1;-1;-1;-1;-1;-1;-1;-1;-1;3000;3000;-1;-1;-1;-1;-1;-1;-1;-1;-1;-1;-1;-1
8696;102;No;No;No;No;-;3000;3000;3000;3000;3000;-1;-1;-1;-1;-1;-1;-1;-1;-1;-1;3000;3000;3000;3000;-1;-1;-1;-1;-1;-1;-1;-1;-1;-1
8697;93;No;No;No;No;-;3000;3000;3000;-1;-1;-1;-1;-1;-1;-1;-1;-1;-1;-1;-1;3000;3000;-1;-1;-1;-1;-1;-1;-1;-1;-1;-1;-1;-1
8698;65;No;No;No;No;-;3000;3000;3000;3000;3000;-1;-1;-1;-1;-1;-1;-1;-1;-1;-1;3000;3000;3000;3000;-1;-1;-1;-1;-1;-1;-1;-1;-1;-1
8699;87;No;No;No;No;-;3000;3000;3000;-1;-1;-1;-1;-1;-1;-1;-1;-1;-1;-1;-1;3000;3000;-1;-1;-1;-1;-1;-1;-1;-1;-1;-1;-1;-1
8700;65;No;No;No;No;-;3000;3000;3000;3000;3000;-1;-1;-1;-1;-1;-1;-1;-1;-1;-1;3000;3000;3000;3000;-1;-1;-1;-1;-1;-1;-1;-1;-1;-1
8702;107;No;No;No;No;-;3000;3000;3000;3000;-1;-1;-1;-1;-1;-1;-1;-1;-1;-1;-1;3000;3000;3000;-1;-1;-1;-1;-1;-1;-1;-1;-1;-1;-1
8703;119;No;No;No;No;-;3000;3000;3000;-1;-1;-1;-1;-1;-1;-1;-1;-1;-1;-1;-1;3000;3000;-1;-1;-1;-1;-1;-1;-1;-1;-1;-1;-1;-1
8704;121;No;No;No;No;-;3000;3000;3000;3000;-1;-1;-1;-1;-1;-1;-1;-1;-1;-1;-1;3000;3000;3000;-1;-1;-1;-1;-1;-1;-1;-1;-1;-1;-1
8706;77;No;No;No;No;-;3000;3000;3000;3000;3000;-1;-1;-1;-1;-1;-1;-1;-1;-1;-1;3000;3000;3000;3000;-1;-1;-1;-1;-1;-1;-1;-1;-1;-1
8707;69;No;No;No;No;-;3000;3000;3000;3000;-1;-1;-1;-1;-1;-1;-1;-1;-1;-1;-1;3000;3000;3000;-1;-1;-1;-1;-1;-1;-1;-1;-1;-1;-1
8708;71;No;No;No;No;-;3000;3000;3000;3000;3000;-1;-1;-1;-1;-1;-1;-1;-1;-1;-1;3000;3000;3000;3000;-1;-1;-1;-1;-1;-1;-1;-1;-1;-1
8709;65;No;No;No;No;-;3000;3000;3000;3000;3000;-1;-1;-1;-1;-1;-1;-1;-1;-1;-1;3000;3000;3000;3000;-1;-1;-1;-1;-1;-1;-1;-1;-1;-1
8710;65;No;No;No;No;-;3000;3000;3000;3000;3000;-1;-1;-1;-1;-1;-1;-1;-1;-1;-1;3000;3000;3000;3000;-1;-1;-1;-1;-1;-1;-1;-1;-1;-1
8712;84;No;No;No;No;-;3000;3000;3000;3000;-1;-1;-1;-1;-1;-1;-1;-1;-1;-1;-1;3000;3000;3000;-1;-1;-1;-1;-1;-1;-1;-1;-1;-1;-1
8713;67;No;No;No;No;-;3000;3000;3000;3000;3000;-1;-1;-1;-1;-1;-1;-1;-1;-1;-1;3000;3000;3000;3000;-1;-1;-1;-1;-1;-1;-1;-1;-1;-1
8714;65;No;No;No;No;-;3000;3000;3000;3000;3000;-1;-1;-1;-1;-1;-1;-1;-1;-1;-1;3000;3000;3000;3000;-1;-1;-1;-1;-1;-1;-1;-1;-1;-1
8715;65;No;No;No;No;-;3000;3000;3000;3000;-1;-1;-1;-1;-1;-1;-1;-1;-1;-1;-1;3000;3000;3000;-1;-1;-1;-1;-1;-1;-1;-1;-1;-1;-1
8716;65;No;No;No;No;-;3000;3000;3000;3000;3000;-1;-1;-1;-1;-1;-1;-1;-1;-1;-1;3000;3000;3000;3000;-1;-1;-1;-1;-1;-1;-1;-1;-1;-1
8718;85;No;No;No;No;-;3000;3000;3000;3000;-1;-1;-1;-1;-1;-1;-1;-1;-1;-1;-1;3000;3000;3000;-1;-1;-1;-1;-1;-1;-1;-1;-1;-1;-1
8719;65;No;No;No;No;-;3000;3000;3000;3000;3000;-1;-1;-1;-1;-1;-1;-1;-1;-1;-1;3000;3000;3000;3000;-1;-1;-1;-1;-1;-1;-1;-1;-1;-1
8720;118;No;No;No;No;-;3000;3000;3000;3000;3000;-1;-1;-1;-1;-1;-1;-1;-1;-1;-1;3000;3000;3000;3000;-1;-1;-1;-1;-1;-1;-1;-1;-1;-1
8722;90;No;No;No;No;-;3000;3000;3000;3000;3000;-1;-1;-1;-1;-1;-1;-1;-1;-1;-1;3000;3000;3000;3000;-1;-1;-1;-1;-1;-1;-1;-1;-1;-1
8723;94;No;No;No;No;-;3000;3000;3000;3000;3000;-1;-1;-1;-1;-1;-1;-1;-1;-1;-1;3000;3000;3000;3000;-1;-1;-1;-1;-1;-1;-1;-1;-1;-1
8724;71;No;No;No;No;-;3000;3000;3000;3000;3000;-1;-1;-1;-1;-1;-1;-1;-1;-1;-1;3000;3000;3000;3000;-1;-1;-1;-1;-1;-1;-1;-1;-1;-1
8725;65;No;No;No;No;-;3000;3000;3000;3000;3000;-1;-1;-1;-1;-1;-1;-1;-1;-1;-1;3000;3000;3000;3000;-1;-1;-1;-1;-1;-1;-1;-1;-1;-1
8727;87;No;No;No;No;-;3000;3000;3000;3000;3000;-1;-1;-1;-1;-1;-1;-1;-1;-1;-1;3000;3000;3000;3000;-1;-1;-1;-1;-1;-1;-1;-1;-1;-1
8728;118;No;No;No;No;-;3000;3000;3000;-1;-1;-1;-1;-1;-1;-1;-1;-1;-1;-1;-1;3000;3000;-1;-1;-1;-1;-1;-1;-1;-1;-1;-1;-1;-1
8730;124;No;No;Yes;No;-;995000;995000;995000;-1;-1;-1;-1;-1;-1;-1;-1;-1;-1;-1;-1;-1;-1;-1;-1;-1;-1;-1;-1;-1;-1;-1;-1;-1;-1
8731;70;No;No;No;No;-;9999;9999;9999;-1;-1;-1;-1;-1;-1;-1;-1;-1;-1;-1;-1;-1;-1;-1;-1;-1;-1;-1;-1;-1;-1;-1;-1;-1;-1
8732;67;No;No;No;No;-;9999;9999;9999;-1;-1;-1;-1;-1;-1;-1;-1;-1;-1;-1;-1;-1;-1;-1;-1;-1;-1;-1;-1;-1;-1;-1;-1;-1;-1
8733;114;No;No;No;No;-;9999;9999;9999;-1;-1;-1;-1;-1;-1;-1;-1;-1;-1;-1;-1;-1;-1;-1;-1;-1;-1;-1;-1;-1;-1;-1;-1;-1;-1
8734;65;No;No;No;No;-;9999;9999;9999;-1;-1;-1;-1;-1;-1;-1;-1;-1;-1;-1;-1;-1;-1;-1;-1;-1;-1;-1;-1;-1;-1;-1;-1;-1;-1
8735;20;No;No;Yes;No;-;995000;995000;995000;995000;-1;-1;-1;-1;-1;-1;-1;-1;-1;-1;-1;-1;-1;-1;-1;-1;-1;-1;-1;-1;-1;-1;-1;-1;-1
8736;31;No;No;Yes;No;-;995000;995000;995000;-1;-1;-1;-1;-1;-1;-1;-1;-1;-1;-1;-1;-1;-1;-1;-1;-1;-1;-1;-1;-1;-1;-1;-1;-1;-1
8737;112;No;No;No;No;-;9999;9999;9999;-1;-1;-1;-1;-1;-1;-1;-1;-1;-1;-1;-1;-1;-1;-1;-1;-1;-1;-1;-1;-1;-1;-1;-1;-1;-1
8738;17;No;No;Yes;No;-;1000000;1000000;1000000;1000000;-1;-1;-1;-1;-1;-1;-1;-1;-1;-1;-1;-1;-1;-1;-1;-1;-1;-1;-1;-1;-1;-1;-1;-1;-1
8739;7;No;No;Yes;No;-;1000000;1000000;1000000;1000000;-1;-1;-1;-1;-1;-1;-1;-1;-1;-1;-1;-1;-1;-1;-1;-1;-1;-1;-1;-1;-1;-1;-1;-1;-1
8740;1;No;No;Yes;No;-;995000;995000;995000;995000;-1;-1;-1;-1;-1;-1;-1;-1;-1;-1;-1;-1;-1;-1;-1;-1;-1;-1;-1;-1;-1;-1;-1;-1;-1
8741;81;No;No;No;No;-;9999;9999;9999;-1;-1;-1;-1;-1;-1;-1;-1;-1;-1;-1;-1;-1;-1;-1;-1;-1;-1;-1;-1;-1;-1;-1;-1;-1;-1
8742;120;No;No;No;No;-;9999;9999;9999;-1;-1;-1;-1;-1;-1;-1;-1;-1;-1;-1;-1;-1;-1;-1;-1;-1;-1;-1;-1;-1;-1;-1;-1;-1;-1
8743;63;No;No;No;No;-;9999;9999;9999;-1;-1;-1;-1;-1;-1;-1;-1;-1;-1;-1;-1;-1;-1;-1;-1;-1;-1;-1;-1;-1;-1;-1;-1;-1;-1
8744;91;No;No;No;No;-;9999;9999;9999;-1;-1;-1;-1;-1;-1;-1;-1;-1;-1;-1;-1;-1;-1;-1;-1;-1;-1;-1;-1;-1;-1;-1;-1;-1;-1
8745;102;No;No;No;No;-;3000;3000;3000;-1;-1;-1;-1;-1;-1;-1;-1;-1;-1;-1;-1;3000;3000;-1;-1;-1;-1;-1;-1;-1;-1;-1;-1;-1;-1
8746;101;No;No;No;No;-;3000;3000;3000;3000;3000;3000;-1;-1;-1;-1;-1;-1;-1;-1;-1;3000;3000;3000;3000;3000;-1;-1;-1;-1;-1;-1;-1;-1;-1
8747;90;No;No;No;No;-;3000;3000;3000;3000;3000;3000;-1;-1;-1;-1;-1;-1;-1;-1;-1;3000;3000;3000;3000;3000;-1;-1;-1;-1;-1;-1;-1;-1;-1
8751;89;No;No;No;No;-;3000;3000;3000;3000;3000;3000;-1;-1;-1;-1;-1;-1;-1;-1;-1;3000;3000;3000;3000;3000;-1;-1;-1;-1;-1;-1;-1;-1;-1
8753;101;No;No;No;No;-;3000;3000;3000;3000;3000;3000;-1;-1;-1;-1;-1;-1;-1;-1;-1;3000;3000;3000;3000;3000;-1;-1;-1;-1;-1;-1;-1;-1;-1
8755;97;No;No;No;No;-;3000;3000;3000;3000;3000;3000;-1;-1;-1;-1;-1;-1;-1;-1;-1;3000;3000;3000;3000;3000;-1;-1;-1;-1;-1;-1;-1;-1;-1
8756;97;No;No;No;No;-;3000;3000;3000;3000;3000;3000;-1;-1;-1;-1;-1;-1;-1;-1;-1;3000;3000;3000;3000;3000;-1;-1;-1;-1;-1;-1;-1;-1;-1
8757;99;No;No;No;No;-;3000;3000;3000;3000;3000;3000;-1;-1;-1;-1;-1;-1;-1;-1;-1;3000;3000;3000;3000;3000;-1;-1;-1;-1;-1;-1;-1;-1;-1
8758;85;No;No;No;No;-;3000;3000;3000;3000;3000;3000;-1;-1;-1;-1;-1;-1;-1;-1;-1;3000;3000;3000;3000;3000;-1;-1;-1;-1;-1;-1;-1;-1;-1
8763;100;No;No;No;No;-;3000;3000;3000;3000;3000;3000;-1;-1;-1;-1;-1;-1;-1;-1;-1;3000;3000;3000;3000;3000;-1;-1;-1;-1;-1;-1;-1;-1;-1
8765;91;No;No;No;No;-;3000;3000;3000;3000;3000;3000;-1;-1;-1;-1;-1;-1;-1;-1;-1;3000;3000;3000;3000;3000;-1;-1;-1;-1;-1;-1;-1;-1;-1
8766;89;No;No;No;No;-;3000;3000;3000;3000;3000;3000;-1;-1;-1;-1;-1;-1;-1;-1;-1;3000;3000;3000;3000;3000;-1;-1;-1;-1;-1;-1;-1;-1;-1
8768;91;No;No;No;No;-;3000;3000;3000;3000;3000;3000;-1;-1;-1;-1;-1;-1;-1;-1;-1;3000;3000;3000;3000;3000;-1;-1;-1;-1;-1;-1;-1;-1;-1
8771;100;No;No;No;No;-;3000;3000;3000;3000;3000;3000;-1;-1;-1;-1;-1;-1;-1;-1;-1;3000;3000;3000;3000;3000;-1;-1;-1;-1;-1;-1;-1;-1;-1
8772;102;No;No;No;No;-;3000;3000;3000;3000;3000;3000;-1;-1;-1;-1;-1;-1;-1;-1;-1;3000;3000;3000;3000;3000;-1;-1;-1;-1;-1;-1;-1;-1;-1
8776;98;No;No;No;No;-;3000;3000;3000;3000;3000;3000;-1;-1;-1;-1;-1;-1;-1;-1;-1;3000;3000;3000;3000;3000;-1;-1;-1;-1;-1;-1;-1;-1;-1
8777;90;No;No;No;No;-;3000;3000;3000;3000;3000;3000;-1;-1;-1;-1;-1;-1;-1;-1;-1;3000;3000;3000;3000;3000;-1;-1;-1;-1;-1;-1;-1;-1;-1
8779;92;No;No;No;No;-;3000;3000;3000;3000;3000;3000;-1;-1;-1;-1;-1;-1;-1;-1;-1;3000;3000;3000;3000;3000;-1;-1;-1;-1;-1;-1;-1;-1;-1
8780;100;No;No;No;No;-;3000;3000;3000;3000;3000;3000;-1;-1;-1;-1;-1;-1;-1;-1;-1;3000;3000;3000;3000;3000;-1;-1;-1;-1;-1;-1;-1;-1;-1
8781;93;No;No;No;No;-;3000;3000;3000;3000;3000;3000;-1;-1;-1;-1;-1;-1;-1;-1;-1;3000;3000;3000;3000;3000;-1;-1;-1;-1;-1;-1;-1;-1;-1
8782;100;No;No;No;No;-;3000;3000;3000;3000;3000;3000;-1;-1;-1;-1;-1;-1;-1;-1;-1;3000;3000;3000;3000;3000;-1;-1;-1;-1;-1;-1;-1;-1;-1
8784;89;No;No;No;No;-;3000;3000;3000;3000;3000;3000;-1;-1;-1;-1;-1;-1;-1;-1;-1;3000;3000;3000;3000;3000;-1;-1;-1;-1;-1;-1;-1;-1;-1
8787;95;No;No;No;No;-;3000;3000;3000;3000;3000;3000;-1;-1;-1;-1;-1;-1;-1;-1;-1;3000;3000;3000;3000;3000;-1;-1;-1;-1;-1;-1;-1;-1;-1
8789;85;No;No;No;No;-;3000;3000;3000;3000;3000;3000;-1;-1;-1;-1;-1;-1;-1;-1;-1;3000;3000;3000;3000;3000;-1;-1;-1;-1;-1;-1;-1;-1;-1
8790;85;No;No;No;No;-;3000;3000;3000;3000;3000;3000;-1;-1;-1;-1;-1;-1;-1;-1;-1;3000;3000;3000;3000;3000;-1;-1;-1;-1;-1;-1;-1;-1;-1
8792;104;No;No;No;No;-;3000;3000;3000;3000;3000;3000;-1;-1;-1;-1;-1;-1;-1;-1;-1;3000;3000;3000;3000;3000;-1;-1;-1;-1;-1;-1;-1;-1;-1
8793;104;No;No;No;No;-;3000;3000;3000;3000;3000;3000;-1;-1;-1;-1;-1;-1;-1;-1;-1;3000;3000;3000;3000;3000;-1;-1;-1;-1;-1;-1;-1;-1;-1
8794;90;No;No;No;No;-;3000;3000;3000;3000;3000;3000;-1;-1;-1;-1;-1;-1;-1;-1;-1;3000;3000;3000;3000;3000;-1;-1;-1;-1;-1;-1;-1;-1;-1
8795;95;No;No;No;No;-;3000;3000;3000;3000;3000;3000;-1;-1;-1;-1;-1;-1;-1;-1;-1;3000;3000;3000;3000;3000;-1;-1;-1;-1;-1;-1;-1;-1;-1
8800;92;No;No;No;No;-;3000;3000;3000;3000;3000;3000;-1;-1;-1;-1;-1;-1;-1;-1;-1;3000;3000;3000;3000;3000;-1;-1;-1;-1;-1;-1;-1;-1;-1
8801;89;No;No;No;No;-;3000;3000;3000;3000;3000;3000;-1;-1;-1;-1;-1;-1;-1;-1;-1;3000;3000;3000;3000;3000;-1;-1;-1;-1;-1;-1;-1;-1;-1
8803;100;No;No;No;No;-;3000;3000;3000;3000;3000;3000;-1;-1;-1;-1;-1;-1;-1;-1;-1;3000;3000;3000;3000;3000;-1;-1;-1;-1;-1;-1;-1;-1;-1
8806;100;No;No;No;No;-;3000;3000;3000;3000;3000;3000;-1;-1;-1;-1;-1;-1;-1;-1;-1;3000;3000;3000;3000;3000;-1;-1;-1;-1;-1;-1;-1;-1;-1
8808;101;No;No;No;No;-;3000;3000;3000;3000;3000;3000;-1;-1;-1;-1;-1;-1;-1;-1;-1;3000;3000;3000;3000;3000;-1;-1;-1;-1;-1;-1;-1;-1;-1
8809;95;No;No;No;No;-;3000;3000;3000;3000;3000;3000;-1;-1;-1;-1;-1;-1;-1;-1;-1;3000;3000;3000;3000;3000;-1;-1;-1;-1;-1;-1;-1;-1;-1
8811;103;No;No;No;No;-;3000;3000;3000;3000;3000;3000;-1;-1;-1;-1;-1;-1;-1;-1;-1;3000;3000;3000;3000;3000;-1;-1;-1;-1;-1;-1;-1;-1;-1
8812;93;No;No;No;No;-;3000;3000;3000;3000;3000;3000;-1;-1;-1;-1;-1;-1;-1;-1;-1;3000;3000;3000;3000;3000;-1;-1;-1;-1;-1;-1;-1;-1;-1
8814;93;No;No;No;No;-;3000;3000;3000;3000;3000;3000;-1;-1;-1;-1;-1;-1;-1;-1;-1;3000;3000;3000;3000;3000;-1;-1;-1;-1;-1;-1;-1;-1;-1
8818;104;No;No;No;No;-;3000;3000;3000;3000;3000;3000;-1;-1;-1;-1;-1;-1;-1;-1;-1;3000;3000;3000;3000;3000;-1;-1;-1;-1;-1;-1;-1;-1;-1
8819;88;No;No;No;No;-;3000;3000;3000;3000;3000;3000;-1;-1;-1;-1;-1;-1;-1;-1;-1;3000;3000;3000;3000;3000;-1;-1;-1;-1;-1;-1;-1;-1;-1
8820;96;No;No;No;No;-;3000;3000;3000;3000;3000;3000;-1;-1;-1;-1;-1;-1;-1;-1;-1;3000;3000;3000;3000;3000;-1;-1;-1;-1;-1;-1;-1;-1;-1
8821;97;No;No;No;No;-;3000;3000;3000;3000;3000;3000;-1;-1;-1;-1;-1;-1;-1;-1;-1;3000;3000;3000;3000;3000;-1;-1;-1;-1;-1;-1;-1;-1;-1
8822;87;No;No;No;No;-;3000;3000;3000;3000;3000;3000;-1;-1;-1;-1;-1;-1;-1;-1;-1;3000;3000;3000;3000;3000;-1;-1;-1;-1;-1;-1;-1;-1;-1
8823;98;No;No;No;No;-;3000;3000;3000;3000;3000;3000;-1;-1;-1;-1;-1;-1;-1;-1;-1;3000;3000;3000;3000;3000;-1;-1;-1;-1;-1;-1;-1;-1;-1
8824;101;No;No;No;No;-;3000;3000;3000;3000;3000;3000;-1;-1;-1;-1;-1;-1;-1;-1;-1;3000;3000;3000;3000;3000;-1;-1;-1;-1;-1;-1;-1;-1;-1
8825;90;No;No;No;No;-;3000;3000;3000;3000;3000;3000;-1;-1;-1;-1;-1;-1;-1;-1;-1;3000;3000;3000;3000;3000;-1;-1;-1;-1;-1;-1;-1;-1;-1
8828;93;No;No;No;No;-;3000;3000;3000;3000;3000;3000;-1;-1;-1;-1;-1;-1;-1;-1;-1;3000;3000;3000;3000;3000;-1;-1;-1;-1;-1;-1;-1;-1;-1
8829;98;No;No;No;No;-;3000;3000;3000;3000;3000;3000;-1;-1;-1;-1;-1;-1;-1;-1;-1;3000;3000;3000;3000;3000;-1;-1;-1;-1;-1;-1;-1;-1;-1
8831;86;No;No;No;No;-;3000;3000;3000;3000;3000;3000;-1;-1;-1;-1;-1;-1;-1;-1;-1;3000;3000;3000;3000;3000;-1;-1;-1;-1;-1;-1;-1;-1;-1
8832;101;No;No;No;No;-;3000;3000;3000;3000;3000;3000;-1;-1;-1;-1;-1;-1;-1;-1;-1;3000;3000;3000;3000;3000;-1;-1;-1;-1;-1;-1;-1;-1;-1
8833;99;No;No;No;No;-;3000;3000;3000;3000;3000;3000;-1;-1;-1;-1;-1;-1;-1;-1;-1;3000;3000;3000;3000;3000;-1;-1;-1;-1;-1;-1;-1;-1;-1
8839;87;No;No;No;No;-;3000;3000;3000;3000;3000;3000;-1;-1;-1;-1;-1;-1;-1;-1;-1;3000;3000;3000;3000;3000;-1;-1;-1;-1;-1;-1;-1;-1;-1
8841;91;No;No;No;No;-;3000;3000;3000;3000;3000;3000;-1;-1;-1;-1;-1;-1;-1;-1;-1;3000;3000;3000;3000;3000;-1;-1;-1;-1;-1;-1;-1;-1;-1
8843;96;No;No;No;No;-;3000;3000;3000;3000;3000;3000;-1;-1;-1;-1;-1;-1;-1;-1;-1;3000;3000;3000;3000;3000;-1;-1;-1;-1;-1;-1;-1;-1;-1
8845;85;No;No;No;No;-;3000;3000;3000;3000;3000;3000;-1;-1;-1;-1;-1;-1;-1;-1;-1;3000;3000;3000;3000;3000;-1;-1;-1;-1;-1;-1;-1;-1;-1
8846;98;No;No;No;No;-;3000;3000;3000;3000;3000;3000;-1;-1;-1;-1;-1;-1;-1;-1;-1;3000;3000;3000;3000;3000;-1;-1;-1;-1;-1;-1;-1;-1;-1
8847;102;No;No;No;No;-;3000;3000;3000;3000;3000;3000;-1;-1;-1;-1;-1;-1;-1;-1;-1;3000;3000;3000;3000;3000;-1;-1;-1;-1;-1;-1;-1;-1;-1
8848;96;No;No;No;No;-;3000;3000;3000;3000;3000;3000;-1;-1;-1;-1;-1;-1;-1;-1;-1;3000;3000;3000;3000;3000;-1;-1;-1;-1;-1;-1;-1;-1;-1
8849;86;No;No;No;No;-;3000;3000;3000;3000;3000;3000;-1;-1;-1;-1;-1;-1;-1;-1;-1;3000;3000;3000;3000;3000;-1;-1;-1;-1;-1;-1;-1;-1;-1
8850;92;No;No;No;No;-;3000;3000;3000;3000;3000;3000;-1;-1;-1;-1;-1;-1;-1;-1;-1;3000;3000;3000;3000;3000;-1;-1;-1;-1;-1;-1;-1;-1;-1
8851;92;No;No;No;No;-;3000;3000;3000;3000;3000;3000;-1;-1;-1;-1;-1;-1;-1;-1;-1;3000;3000;3000;3000;3000;-1;-1;-1;-1;-1;-1;-1;-1;-1
8852;102;No;No;No;No;-;3000;3000;3000;3000;3000;3000;-1;-1;-1;-1;-1;-1;-1;-1;-1;3000;3000;3000;3000;3000;-1;-1;-1;-1;-1;-1;-1;-1;-1
8853;85;No;No;No;No;-;3000;3000;3000;3000;3000;3000;-1;-1;-1;-1;-1;-1;-1;-1;-1;3000;3000;3000;3000;3000;-1;-1;-1;-1;-1;-1;-1;-1;-1
8854;102;No;No;No;No;-;3000;3000;3000;3000;3000;3000;-1;-1;-1;-1;-1;-1;-1;-1;-1;3000;3000;3000;3000;3000;-1;-1;-1;-1;-1;-1;-1;-1;-1
8855;85;No;No;No;No;-;3000;3000;3000;3000;3000;3000;-1;-1;-1;-1;-1;-1;-1;-1;-1;3000;3000;3000;3000;3000;-1;-1;-1;-1;-1;-1;-1;-1;-1
8859;92;No;No;No;No;-;3000;3000;3000;3000;3000;3000;-1;-1;-1;-1;-1;-1;-1;-1;-1;3000;3000;3000;3000;3000;-1;-1;-1;-1;-1;-1;-1;-1;-1
8865;85;No;No;No;No;-;3000;3000;3000;3000;3000;3000;-1;-1;-1;-1;-1;-1;-1;-1;-1;3000;3000;3000;3000;3000;-1;-1;-1;-1;-1;-1;-1;-1;-1
8869;92;No;No;No;No;-;3000;3000;3000;3000;3000;3000;-1;-1;-1;-1;-1;-1;-1;-1;-1;3000;3000;3000;3000;3000;-1;-1;-1;-1;-1;-1;-1;-1;-1
8871;91;No;No;No;No;-;3000;3000;3000;3000;3000;3000;-1;-1;-1;-1;-1;-1;-1;-1;-1;3000;3000;3000;3000;3000;-1;-1;-1;-1;-1;-1;-1;-1;-1
8872;100;No;No;No;No;-;3000;3000;3000;3000;3000;3000;-1;-1;-1;-1;-1;-1;-1;-1;-1;3000;3000;3000;3000;3000;-1;-1;-1;-1;-1;-1;-1;-1;-1
8873;97;No;No;No;No;-;3000;3000;3000;3000;3000;3000;-1;-1;-1;-1;-1;-1;-1;-1;-1;3000;3000;3000;3000;3000;-1;-1;-1;-1;-1;-1;-1;-1;-1
8875;101;No;No;No;No;-;3000;3000;3000;3000;3000;3000;-1;-1;-1;-1;-1;-1;-1;-1;-1;3000;3000;3000;3000;3000;-1;-1;-1;-1;-1;-1;-1;-1;-1
8876;94;No;No;No;No;-;3000;3000;3000;3000;3000;3000;-1;-1;-1;-1;-1;-1;-1;-1;-1;3000;3000;3000;3000;3000;-1;-1;-1;-1;-1;-1;-1;-1;-1
8878;87;No;No;No;No;-;3000;3000;3000;3000;3000;3000;-1;-1;-1;-1;-1;-1;-1;-1;-1;3000;3000;3000;3000;3000;-1;-1;-1;-1;-1;-1;-1;-1;-1
8881;95;No;No;No;No;-;3000;3000;3000;3000;3000;3000;-1;-1;-1;-1;-1;-1;-1;-1;-1;3000;3000;3000;3000;3000;-1;-1;-1;-1;-1;-1;-1;-1;-1
8882;94;No;No;No;No;-;3000;3000;3000;3000;3000;3000;-1;-1;-1;-1;-1;-1;-1;-1;-1;3000;3000;3000;3000;3000;-1;-1;-1;-1;-1;-1;-1;-1;-1
8883;87;No;No;No;No;-;3000;3000;3000;3000;3000;3000;-1;-1;-1;-1;-1;-1;-1;-1;-1;3000;3000;3000;3000;3000;-1;-1;-1;-1;-1;-1;-1;-1;-1
8884;97;No;No;No;No;-;3000;3000;3000;3000;3000;3000;-1;-1;-1;-1;-1;-1;-1;-1;-1;3000;3000;3000;3000;3000;-1;-1;-1;-1;-1;-1;-1;-1;-1
8886;101;No;No;No;No;-;3000;3000;3000;3000;3000;3000;-1;-1;-1;-1;-1;-1;-1;-1;-1;3000;3000;3000;3000;3000;-1;-1;-1;-1;-1;-1;-1;-1;-1
8887;101;No;No;No;No;-;3000;3000;3000;3000;3000;3000;-1;-1;-1;-1;-1;-1;-1;-1;-1;3000;3000;3000;3000;3000;-1;-1;-1;-1;-1;-1;-1;-1;-1
8888;103;No;No;No;No;-;3000;3000;3000;3000;3000;3000;-1;-1;-1;-1;-1;-1;-1;-1;-1;3000;3000;3000;3000;3000;-1;-1;-1;-1;-1;-1;-1;-1;-1
8891;87;No;No;No;No;-;3000;3000;3000;3000;3000;3000;-1;-1;-1;-1;-1;-1;-1;-1;-1;3000;3000;3000;3000;3000;-1;-1;-1;-1;-1;-1;-1;-1;-1
8893;90;No;No;No;No;-;3000;3000;3000;3000;3000;3000;-1;-1;-1;-1;-1;-1;-1;-1;-1;3000;3000;3000;3000;3000;-1;-1;-1;-1;-1;-1;-1;-1;-1
8895;99;No;No;No;No;-;3000;3000;3000;3000;3000;3000;-1;-1;-1;-1;-1;-1;-1;-1;-1;3000;3000;3000;3000;3000;-1;-1;-1;-1;-1;-1;-1;-1;-1
8896;100;No;No;No;No;-;3000;3000;3000;3000;3000;3000;-1;-1;-1;-1;-1;-1;-1;-1;-1;3000;3000;3000;3000;3000;-1;-1;-1;-1;-1;-1;-1;-1;-1
8900;93;No;No;No;No;-;3000;3000;3000;3000;3000;3000;-1;-1;-1;-1;-1;-1;-1;-1;-1;3000;3000;3000;3000;3000;-1;-1;-1;-1;-1;-1;-1;-1;-1
8901;86;No;No;No;No;-;3000;3000;3000;3000;3000;3000;-1;-1;-1;-1;-1;-1;-1;-1;-1;3000;3000;3000;3000;3000;-1;-1;-1;-1;-1;-1;-1;-1;-1
8903;97;No;No;No;No;-;3000;3000;3000;3000;3000;3000;-1;-1;-1;-1;-1;-1;-1;-1;-1;3000;3000;3000;3000;3000;-1;-1;-1;-1;-1;-1;-1;-1;-1
8904;92;No;No;No;No;-;3000;3000;3000;3000;3000;3000;-1;-1;-1;-1;-1;-1;-1;-1;-1;3000;3000;3000;3000;3000;-1;-1;-1;-1;-1;-1;-1;-1;-1
8905;92;No;No;No;No;-;3000;3000;3000;3000;3000;3000;-1;-1;-1;-1;-1;-1;-1;-1;-1;3000;3000;3000;3000;3000;-1;-1;-1;-1;-1;-1;-1;-1;-1
8906;81;No;No;No;No;-;3000;3000;3000;3000;3000;3000;-1;-1;-1;-1;-1;-1;-1;-1;-1;3000;3000;3000;3000;3000;-1;-1;-1;-1;-1;-1;-1;-1;-1
8907;64;No;No;No;No;-;3000;3000;3000;3000;3000;3000;-1;-1;-1;-1;-1;-1;-1;-1;-1;3000;3000;3000;3000;3000;-1;-1;-1;-1;-1;-1;-1;-1;-1
8908;77;No;No;No;No;-;3000;3000;3000;3000;3000;3000;-1;-1;-1;-1;-1;-1;-1;-1;-1;3000;3000;3000;3000;3000;-1;-1;-1;-1;-1;-1;-1;-1;-1
8910;79;No;No;No;No;-;3000;3000;3000;3000;3000;3000;-1;-1;-1;-1;-1;-1;-1;-1;-1;3000;3000;3000;3000;3000;-1;-1;-1;-1;-1;-1;-1;-1;-1
8911;82;No;No;No;No;-;3000;3000;3000;3000;3000;3000;-1;-1;-1;-1;-1;-1;-1;-1;-1;3000;3000;3000;3000;3000;-1;-1;-1;-1;-1;-1;-1;-1;-1
8912;83;No;No;No;No;-;3000;3000;3000;3000;3000;3000;-1;-1;-1;-1;-1;-1;-1;-1;-1;3000;3000;3000;3000;3000;-1;-1;-1;-1;-1;-1;-1;-1;-1
8913;75;No;No;No;No;-;3000;3000;3000;3000;3000;3000;-1;-1;-1;-1;-1;-1;-1;-1;-1;3000;3000;3000;3000;3000;-1;-1;-1;-1;-1;-1;-1;-1;-1
8914;74;No;No;No;No;-;3000;3000;3000;3000;3000;3000;-1;-1;-1;-1;-1;-1;-1;-1;-1;3000;3000;3000;3000;3000;-1;-1;-1;-1;-1;-1;-1;-1;-1
8915;75;No;No;No;No;-;3000;3000;3000;3000;3000;3000;-1;-1;-1;-1;-1;-1;-1;-1;-1;3000;3000;3000;3000;3000;-1;-1;-1;-1;-1;-1;-1;-1;-1
8916;67;No;No;No;No;-;3000;3000;3000;3000;3000;3000;-1;-1;-1;-1;-1;-1;-1;-1;-1;3000;3000;3000;3000;3000;-1;-1;-1;-1;-1;-1;-1;-1;-1
8917;77;No;No;No;No;-;3000;3000;3000;3000;3000;3000;-1;-1;-1;-1;-1;-1;-1;-1;-1;3000;3000;3000;3000;3000;-1;-1;-1;-1;-1;-1;-1;-1;-1
8919;75;No;No;No;No;-;3000;3000;3000;3000;3000;3000;-1;-1;-1;-1;-1;-1;-1;-1;-1;3000;3000;3000;3000;3000;-1;-1;-1;-1;-1;-1;-1;-1;-1
8920;63;No;No;No;No;-;3000;3000;3000;3000;3000;3000;-1;-1;-1;-1;-1;-1;-1;-1;-1;3000;3000;3000;3000;3000;-1;-1;-1;-1;-1;-1;-1;-1;-1
8923;82;No;No;No;No;-;3000;3000;3000;3000;3000;3000;-1;-1;-1;-1;-1;-1;-1;-1;-1;3000;3000;3000;3000;3000;-1;-1;-1;-1;-1;-1;-1;-1;-1
8924;80;No;No;No;No;-;3000;3000;3000;3000;3000;3000;-1;-1;-1;-1;-1;-1;-1;-1;-1;3000;3000;3000;3000;3000;-1;-1;-1;-1;-1;-1;-1;-1;-1
8928;63;No;No;No;No;-;3000;3000;3000;3000;3000;3000;-1;-1;-1;-1;-1;-1;-1;-1;-1;3000;3000;3000;3000;3000;-1;-1;-1;-1;-1;-1;-1;-1;-1
8929;78;No;No;No;No;-;3000;3000;3000;3000;3000;3000;-1;-1;-1;-1;-1;-1;-1;-1;-1;3000;3000;3000;3000;3000;-1;-1;-1;-1;-1;-1;-1;-1;-1
8931;72;No;No;No;No;-;3000;3000;3000;3000;3000;3000;-1;-1;-1;-1;-1;-1;-1;-1;-1;3000;3000;3000;3000;3000;-1;-1;-1;-1;-1;-1;-1;-1;-1
8934;69;No;No;No;No;-;3000;3000;3000;3000;3000;3000;-1;-1;-1;-1;-1;-1;-1;-1;-1;3000;3000;3000;3000;3000;-1;-1;-1;-1;-1;-1;-1;-1;-1
8937;76;No;No;No;No;-;3000;3000;3000;3000;3000;3000;-1;-1;-1;-1;-1;-1;-1;-1;-1;3000;3000;3000;3000;3000;-1;-1;-1;-1;-1;-1;-1;-1;-1
8938;83;No;No;No;No;-;3000;3000;3000;3000;3000;3000;-1;-1;-1;-1;-1;-1;-1;-1;-1;3000;3000;3000;3000;3000;-1;-1;-1;-1;-1;-1;-1;-1;-1
8939;77;No;No;No;No;-;3000;3000;3000;3000;3000;3000;-1;-1;-1;-1;-1;-1;-1;-1;-1;3000;3000;3000;3000;3000;-1;-1;-1;-1;-1;-1;-1;-1;-1
8940;70;No;No;No;No;-;3000;3000;3000;3000;3000;3000;-1;-1;-1;-1;-1;-1;-1;-1;-1;3000;3000;3000;3000;3000;-1;-1;-1;-1;-1;-1;-1;-1;-1
8943;75;No;No;No;No;-;3000;3000;3000;3000;3000;3000;-1;-1;-1;-1;-1;-1;-1;-1;-1;3000;3000;3000;3000;3000;-1;-1;-1;-1;-1;-1;-1;-1;-1
8945;80;No;No;No;No;-;3000;3000;3000;3000;3000;3000;-1;-1;-1;-1;-1;-1;-1;-1;-1;3000;3000;3000;3000;3000;-1;-1;-1;-1;-1;-1;-1;-1;-1
8946;68;No;No;No;No;-;3000;3000;3000;3000;3000;3000;-1;-1;-1;-1;-1;-1;-1;-1;-1;3000;3000;3000;3000;3000;-1;-1;-1;-1;-1;-1;-1;-1;-1
8949;78;No;No;No;No;-;3000;3000;3000;3000;3000;3000;-1;-1;-1;-1;-1;-1;-1;-1;-1;3000;3000;3000;3000;3000;-1;-1;-1;-1;-1;-1;-1;-1;-1
8950;79;No;No;No;No;-;3000;3000;3000;3000;3000;3000;-1;-1;-1;-1;-1;-1;-1;-1;-1;3000;3000;3000;3000;3000;-1;-1;-1;-1;-1;-1;-1;-1;-1
8952;81;No;No;No;No;-;3000;3000;3000;3000;3000;3000;-1;-1;-1;-1;-1;-1;-1;-1;-1;3000;3000;3000;3000;3000;-1;-1;-1;-1;-1;-1;-1;-1;-1
8953;65;No;No;No;No;-;3000;3000;3000;3000;3000;3000;-1;-1;-1;-1;-1;-1;-1;-1;-1;3000;3000;3000;3000;3000;-1;-1;-1;-1;-1;-1;-1;-1;-1
8956;80;No;No;No;No;-;3000;3000;3000;3000;3000;3000;-1;-1;-1;-1;-1;-1;-1;-1;-1;3000;3000;3000;3000;3000;-1;-1;-1;-1;-1;-1;-1;-1;-1
8958;71;No;No;No;No;-;3000;3000;3000;3000;3000;3000;-1;-1;-1;-1;-1;-1;-1;-1;-1;3000;3000;3000;3000;3000;-1;-1;-1;-1;-1;-1;-1;-1;-1
8960;70;No;No;No;No;-;3000;3000;3000;3000;3000;3000;-1;-1;-1;-1;-1;-1;-1;-1;-1;3000;3000;3000;3000;3000;-1;-1;-1;-1;-1;-1;-1;-1;-1
8961;64;No;No;No;No;-;3000;3000;3000;3000;3000;3000;-1;-1;-1;-1;-1;-1;-1;-1;-1;3000;3000;3000;3000;3000;-1;-1;-1;-1;-1;-1;-1;-1;-1
8962;73;No;No;No;No;-;3000;3000;3000;3000;3000;3000;-1;-1;-1;-1;-1;-1;-1;-1;-1;3000;3000;3000;3000;3000;-1;-1;-1;-1;-1;-1;-1;-1;-1
8963;75;No;No;No;No;-;3000;3000;3000;3000;3000;3000;-1;-1;-1;-1;-1;-1;-1;-1;-1;3000;3000;3000;3000;3000;-1;-1;-1;-1;-1;-1;-1;-1;-1
8964;75;No;No;No;No;-;3000;3000;3000;3000;3000;3000;-1;-1;-1;-1;-1;-1;-1;-1;-1;3000;3000;3000;3000;3000;-1;-1;-1;-1;-1;-1;-1;-1;-1
8965;66;No;No;No;No;-;3000;3000;3000;3000;3000;3000;-1;-1;-1;-1;-1;-1;-1;-1;-1;3000;3000;3000;3000;3000;-1;-1;-1;-1;-1;-1;-1;-1;-1
8966;65;No;No;No;No;-;3000;3000;3000;3000;3000;3000;-1;-1;-1;-1;-1;-1;-1;-1;-1;3000;3000;3000;3000;3000;-1;-1;-1;-1;-1;-1;-1;-1;-1
8967;70;No;No;No;No;-;3000;3000;3000;3000;3000;3000;-1;-1;-1;-1;-1;-1;-1;-1;-1;3000;3000;3000;3000;3000;-1;-1;-1;-1;-1;-1;-1;-1;-1
8968;74;No;No;No;No;-;3000;3000;3000;3000;3000;3000;-1;-1;-1;-1;-1;-1;-1;-1;-1;3000;3000;3000;3000;3000;-1;-1;-1;-1;-1;-1;-1;-1;-1
8969;64;No;No;No;No;-;3000;3000;3000;3000;3000;3000;-1;-1;-1;-1;-1;-1;-1;-1;-1;3000;3000;3000;3000;3000;-1;-1;-1;-1;-1;-1;-1;-1;-1
8970;74;No;No;No;No;-;3000;3000;3000;3000;3000;3000;-1;-1;-1;-1;-1;-1;-1;-1;-1;3000;3000;3000;3000;3000;-1;-1;-1;-1;-1;-1;-1;-1;-1
8974;63;No;No;No;No;-;3000;3000;3000;3000;3000;3000;-1;-1;-1;-1;-1;-1;-1;-1;-1;3000;3000;3000;3000;3000;-1;-1;-1;-1;-1;-1;-1;-1;-1
8975;81;No;No;No;No;-;3000;3000;3000;3000;3000;3000;-1;-1;-1;-1;-1;-1;-1;-1;-1;3000;3000;3000;3000;3000;-1;-1;-1;-1;-1;-1;-1;-1;-1
8978;81;No;No;No;No;-;3000;3000;3000;3000;3000;3000;-1;-1;-1;-1;-1;-1;-1;-1;-1;3000;3000;3000;3000;3000;-1;-1;-1;-1;-1;-1;-1;-1;-1
8979;75;No;No;No;No;-;3000;3000;3000;3000;3000;3000;-1;-1;-1;-1;-1;-1;-1;-1;-1;3000;3000;3000;3000;3000;-1;-1;-1;-1;-1;-1;-1;-1;-1
8984;76;No;No;No;No;-;3000;3000;3000;3000;3000;3000;-1;-1;-1;-1;-1;-1;-1;-1;-1;3000;3000;3000;3000;3000;-1;-1;-1;-1;-1;-1;-1;-1;-1
8985;80;No;No;No;No;-;3000;3000;3000;3000;3000;3000;-1;-1;-1;-1;-1;-1;-1;-1;-1;3000;3000;3000;3000;3000;-1;-1;-1;-1;-1;-1;-1;-1;-1
8986;76;No;No;No;No;-;3000;3000;3000;3000;3000;3000;-1;-1;-1;-1;-1;-1;-1;-1;-1;3000;3000;3000;3000;3000;-1;-1;-1;-1;-1;-1;-1;-1;-1
8988;80;No;No;No;No;-;3000;3000;3000;3000;3000;3000;-1;-1;-1;-1;-1;-1;-1;-1;-1;3000;3000;3000;3000;3000;-1;-1;-1;-1;-1;-1;-1;-1;-1
8989;80;No;No;No;No;-;3000;3000;3000;3000;3000;3000;-1;-1;-1;-1;-1;-1;-1;-1;-1;3000;3000;3000;3000;3000;-1;-1;-1;-1;-1;-1;-1;-1;-1
8991;80;No;No;No;No;-;3000;3000;3000;3000;3000;3000;-1;-1;-1;-1;-1;-1;-1;-1;-1;3000;3000;3000;3000;3000;-1;-1;-1;-1;-1;-1;-1;-1;-1
8992;67;No;No;No;No;-;3000;3000;3000;3000;3000;3000;-1;-1;-1;-1;-1;-1;-1;-1;-1;3000;3000;3000;3000;3000;-1;-1;-1;-1;-1;-1;-1;-1;-1
8996;74;No;No;No;No;-;3000;3000;3000;3000;3000;3000;-1;-1;-1;-1;-1;-1;-1;-1;-1;3000;3000;3000;3000;3000;-1;-1;-1;-1;-1;-1;-1;-1;-1
8999;67;No;No;No;No;-;3000;3000;3000;3000;3000;3000;-1;-1;-1;-1;-1;-1;-1;-1;-1;3000;3000;3000;3000;3000;-1;-1;-1;-1;-1;-1;-1;-1;-1
9000;82;No;No;No;No;-;3000;3000;3000;3000;3000;3000;-1;-1;-1;-1;-1;-1;-1;-1;-1;3000;3000;3000;3000;3000;-1;-1;-1;-1;-1;-1;-1;-1;-1
9002;68;No;No;No;No;-;3000;3000;3000;3000;3000;3000;-1;-1;-1;-1;-1;-1;-1;-1;-1;3000;3000;3000;3000;3000;-1;-1;-1;-1;-1;-1;-1;-1;-1
9004;84;No;No;No;No;-;3000;3000;3000;3000;3000;3000;-1;-1;-1;-1;-1;-1;-1;-1;-1;3000;3000;3000;3000;3000;-1;-1;-1;-1;-1;-1;-1;-1;-1
9005;66;No;No;No;No;-;3000;3000;3000;3000;3000;3000;-1;-1;-1;-1;-1;-1;-1;-1;-1;3000;3000;3000;3000;3000;-1;-1;-1;-1;-1;-1;-1;-1;-1
9007;77;No;No;No;No;-;3000;3000;3000;3000;3000;3000;-1;-1;-1;-1;-1;-1;-1;-1;-1;3000;3000;3000;3000;3000;-1;-1;-1;-1;-1;-1;-1;-1;-1
9008;83;No;No;No;No;-;3000;3000;3000;3000;3000;3000;-1;-1;-1;-1;-1;-1;-1;-1;-1;3000;3000;3000;3000;3000;-1;-1;-1;-1;-1;-1;-1;-1;-1
9009;76;No;No;No;No;-;3000;3000;3000;3000;3000;3000;-1;-1;-1;-1;-1;-1;-1;-1;-1;3000;3000;3000;3000;3000;-1;-1;-1;-1;-1;-1;-1;-1;-1
9010;72;No;No;No;No;-;3000;3000;3000;3000;3000;3000;-1;-1;-1;-1;-1;-1;-1;-1;-1;3000;3000;3000;3000;3000;-1;-1;-1;-1;-1;-1;-1;-1;-1
9012;66;No;No;No;No;-;3000;3000;3000;3000;3000;3000;-1;-1;-1;-1;-1;-1;-1;-1;-1;3000;3000;3000;3000;3000;-1;-1;-1;-1;-1;-1;-1;-1;-1
9013;64;No;No;No;No;-;3000;3000;3000;3000;3000;3000;-1;-1;-1;-1;-1;-1;-1;-1;-1;3000;3000;3000;3000;3000;-1;-1;-1;-1;-1;-1;-1;-1;-1
9015;76;No;No;No;No;-;3000;3000;3000;3000;3000;3000;-1;-1;-1;-1;-1;-1;-1;-1;-1;3000;3000;3000;3000;3000;-1;-1;-1;-1;-1;-1;-1;-1;-1
9019;79;No;No;No;No;-;3000;3000;3000;3000;3000;3000;-1;-1;-1;-1;-1;-1;-1;-1;-1;3000;3000;3000;3000;3000;-1;-1;-1;-1;-1;-1;-1;-1;-1
9020;72;No;No;No;No;-;3000;3000;3000;3000;3000;3000;-1;-1;-1;-1;-1;-1;-1;-1;-1;3000;3000;3000;3000;3000;-1;-1;-1;-1;-1;-1;-1;-1;-1
9021;80;No;No;No;No;-;3000;3000;3000;3000;3000;3000;-1;-1;-1;-1;-1;-1;-1;-1;-1;3000;3000;3000;3000;3000;-1;-1;-1;-1;-1;-1;-1;-1;-1
9028;64;No;No;No;No;-;3000;3000;3000;3000;3000;3000;-1;-1;-1;-1;-1;-1;-1;-1;-1;3000;3000;3000;3000;3000;-1;-1;-1;-1;-1;-1;-1;-1;-1
9029;77;No;No;No;No;-;3000;3000;3000;3000;3000;3000;-1;-1;-1;-1;-1;-1;-1;-1;-1;3000;3000;3000;3000;3000;-1;-1;-1;-1;-1;-1;-1;-1;-1
9030;82;No;No;No;No;-;3000;3000;3000;3000;3000;3000;-1;-1;-1;-1;-1;-1;-1;-1;-1;3000;3000;3000;3000;3000;-1;-1;-1;-1;-1;-1;-1;-1;-1
9031;77;No;No;No;No;-;3000;3000;3000;3000;3000;3000;-1;-1;-1;-1;-1;-1;-1;-1;-1;3000;3000;3000;3000;3000;-1;-1;-1;-1;-1;-1;-1;-1;-1
9033;68;No;No;No;No;-;3000;3000;3000;3000;3000;3000;-1;-1;-1;-1;-1;-1;-1;-1;-1;3000;3000;3000;3000;3000;-1;-1;-1;-1;-1;-1;-1;-1;-1
9034;76;No;No;No;No;-;3000;3000;3000;3000;3000;3000;-1;-1;-1;-1;-1;-1;-1;-1;-1;3000;3000;3000;3000;3000;-1;-1;-1;-1;-1;-1;-1;-1;-1
9037;76;No;No;No;No;-;3000;3000;3000;3000;3000;3000;-1;-1;-1;-1;-1;-1;-1;-1;-1;3000;3000;3000;3000;3000;-1;-1;-1;-1;-1;-1;-1;-1;-1
9038;69;No;No;No;No;-;3000;3000;3000;3000;3000;3000;-1;-1;-1;-1;-1;-1;-1;-1;-1;3000;3000;3000;3000;3000;-1;-1;-1;-1;-1;-1;-1;-1;-1
9039;65;No;No;No;No;-;3000;3000;3000;3000;3000;3000;-1;-1;-1;-1;-1;-1;-1;-1;-1;3000;3000;3000;3000;3000;-1;-1;-1;-1;-1;-1;-1;-1;-1
9040;79;No;No;No;No;-;3000;3000;3000;3000;3000;3000;-1;-1;-1;-1;-1;-1;-1;-1;-1;3000;3000;3000;3000;3000;-1;-1;-1;-1;-1;-1;-1;-1;-1
9041;76;No;No;No;No;-;3000;3000;3000;3000;3000;3000;-1;-1;-1;-1;-1;-1;-1;-1;-1;3000;3000;3000;3000;3000;-1;-1;-1;-1;-1;-1;-1;-1;-1
9042;79;No;No;No;No;-;3000;3000;3000;3000;3000;3000;-1;-1;-1;-1;-1;-1;-1;-1;-1;3000;3000;3000;3000;3000;-1;-1;-1;-1;-1;-1;-1;-1;-1
9044;83;No;No;No;No;-;3000;3000;3000;3000;3000;3000;-1;-1;-1;-1;-1;-1;-1;-1;-1;3000;3000;3000;3000;3000;-1;-1;-1;-1;-1;-1;-1;-1;-1
9047;81;No;No;No;No;-;3000;3000;3000;3000;3000;3000;-1;-1;-1;-1;-1;-1;-1;-1;-1;3000;3000;3000;3000;3000;-1;-1;-1;-1;-1;-1;-1;-1;-1
9048;83;No;No;No;No;-;3000;3000;3000;3000;3000;3000;-1;-1;-1;-1;-1;-1;-1;-1;-1;3000;3000;3000;3000;3000;-1;-1;-1;-1;-1;-1;-1;-1;-1
9051;63;No;No;No;No;-;3000;3000;3000;3000;3000;3000;-1;-1;-1;-1;-1;-1;-1;-1;-1;3000;3000;3000;3000;3000;-1;-1;-1;-1;-1;-1;-1;-1;-1
9055;70;No;No;No;No;-;3000;3000;3000;3000;3000;3000;-1;-1;-1;-1;-1;-1;-1;-1;-1;3000;3000;3000;3000;3000;-1;-1;-1;-1;-1;-1;-1;-1;-1
9056;81;No;No;No;No;-;3000;3000;3000;3000;3000;3000;-1;-1;-1;-1;-1;-1;-1;-1;-1;3000;3000;3000;3000;3000;-1;-1;-1;-1;-1;-1;-1;-1;-1
9057;67;No;No;No;No;-;3000;3000;3000;3000;3000;3000;-1;-1;-1;-1;-1;-1;-1;-1;-1;3000;3000;3000;3000;3000;-1;-1;-1;-1;-1;-1;-1;-1;-1
9059;72;No;No;No;No;-;3000;3000;3000;3000;3000;3000;-1;-1;-1;-1;-1;-1;-1;-1;-1;3000;3000;3000;3000;3000;-1;-1;-1;-1;-1;-1;-1;-1;-1
9060;75;No;No;No;No;-;3000;3000;3000;3000;3000;3000;-1;-1;-1;-1;-1;-1;-1;-1;-1;3000;3000;3000;3000;3000;-1;-1;-1;-1;-1;-1;-1;-1;-1
9063;65;No;No;No;No;-;3000;3000;3000;3000;3000;3000;-1;-1;-1;-1;-1;-1;-1;-1;-1;3000;3000;3000;3000;3000;-1;-1;-1;-1;-1;-1;-1;-1;-1
9065;67;No;No;No;No;-;3000;3000;3000;3000;3000;3000;-1;-1;-1;-1;-1;-1;-1;-1;-1;3000;3000;3000;3000;3000;-1;-1;-1;-1;-1;-1;-1;-1;-1
9066;69;No;No;No;No;-;3000;3000;3000;3000;3000;3000;-1;-1;-1;-1;-1;-1;-1;-1;-1;3000;3000;3000;3000;3000;-1;-1;-1;-1;-1;-1;-1;-1;-1
9068;69;No;No;No;No;-;3000;3000;3000;3000;3000;3000;-1;-1;-1;-1;-1;-1;-1;-1;-1;3000;3000;3000;3000;3000;-1;-1;-1;-1;-1;-1;-1;-1;-1
9072;78;No;No;No;No;-;3000;3000;3000;3000;3000;3000;-1;-1;-1;-1;-1;-1;-1;-1;-1;3000;3000;3000;3000;3000;-1;-1;-1;-1;-1;-1;-1;-1;-1
9074;74;No;No;No;No;-;3000;3000;3000;3000;3000;3000;-1;-1;-1;-1;-1;-1;-1;-1;-1;3000;3000;3000;3000;3000;-1;-1;-1;-1;-1;-1;-1;-1;-1
9076;78;No;No;No;No;-;3000;3000;3000;3000;3000;3000;-1;-1;-1;-1;-1;-1;-1;-1;-1;3000;3000;3000;3000;3000;-1;-1;-1;-1;-1;-1;-1;-1;-1
9077;69;No;No;No;No;-;3000;3000;3000;3000;3000;3000;-1;-1;-1;-1;-1;-1;-1;-1;-1;3000;3000;3000;3000;3000;-1;-1;-1;-1;-1;-1;-1;-1;-1
9080;63;No;No;No;No;-;3000;3000;3000;3000;3000;3000;-1;-1;-1;-1;-1;-1;-1;-1;-1;3000;3000;3000;3000;3000;-1;-1;-1;-1;-1;-1;-1;-1;-1
9081;79;No;No;No;No;-;3000;3000;3000;3000;3000;3000;-1;-1;-1;-1;-1;-1;-1;-1;-1;3000;3000;3000;3000;3000;-1;-1;-1;-1;-1;-1;-1;-1;-1
9083;109;No;No;No;No;-;3000;3000;3000;3000;3000;3000;-1;-1;-1;-1;-1;-1;-1;-1;-1;3000;3000;3000;3000;3000;-1;-1;-1;-1;-1;-1;-1;-1;-1
9084;119;No;No;No;No;-;3000;3000;3000;3000;3000;3000;-1;-1;-1;-1;-1;-1;-1;-1;-1;3000;3000;3000;3000;3000;-1;-1;-1;-1;-1;-1;-1;-1;-1
9085;118;No;No;No;No;-;3000;3000;3000;3000;3000;3000;-1;-1;-1;-1;-1;-1;-1;-1;-1;3000;3000;3000;3000;3000;-1;-1;-1;-1;-1;-1;-1;-1;-1
9086;118;No;No;No;No;-;3000;3000;3000;3000;3000;3000;-1;-1;-1;-1;-1;-1;-1;-1;-1;3000;3000;3000;3000;3000;-1;-1;-1;-1;-1;-1;-1;-1;-1
9088;120;No;No;No;No;-;3000;3000;3000;3000;3000;3000;-1;-1;-1;-1;-1;-1;-1;-1;-1;3000;3000;3000;3000;3000;-1;-1;-1;-1;-1;-1;-1;-1;-1
9089;120;No;No;No;No;-;3000;3000;3000;3000;3000;3000;-1;-1;-1;-1;-1;-1;-1;-1;-1;3000;3000;3000;3000;3000;-1;-1;-1;-1;-1;-1;-1;-1;-1
9090;111;No;No;No;No;-;3000;3000;3000;3000;3000;3000;-1;-1;-1;-1;-1;-1;-1;-1;-1;3000;3000;3000;3000;3000;-1;-1;-1;-1;-1;-1;-1;-1;-1
9091;120;No;No;No;No;-;3000;3000;3000;3000;3000;3000;-1;-1;-1;-1;-1;-1;-1;-1;-1;3000;3000;3000;3000;3000;-1;-1;-1;-1;-1;-1;-1;-1;-1
9092;121;No;No;No;No;-;3000;3000;3000;3000;3000;3000;-1;-1;-1;-1;-1;-1;-1;-1;-1;3000;3000;3000;3000;3000;-1;-1;-1;-1;-1;-1;-1;-1;-1
9093;117;No;No;No;No;-;3000;3000;3000;3000;3000;3000;-1;-1;-1;-1;-1;-1;-1;-1;-1;3000;3000;3000;3000;3000;-1;-1;-1;-1;-1;-1;-1;-1;-1
9094;105;No;No;No;No;-;3000;3000;3000;3000;3000;3000;-1;-1;-1;-1;-1;-1;-1;-1;-1;3000;3000;3000;3000;3000;-1;-1;-1;-1;-1;-1;-1;-1;-1
9095;114;No;No;No;No;-;3000;3000;3000;3000;3000;3000;-1;-1;-1;-1;-1;-1;-1;-1;-1;3000;3000;3000;3000;3000;-1;-1;-1;-1;-1;-1;-1;-1;-1
9096;119;No;No;No;No;-;3000;3000;3000;3000;3000;3000;-1;-1;-1;-1;-1;-1;-1;-1;-1;3000;3000;3000;3000;3000;-1;-1;-1;-1;-1;-1;-1;-1;-1
9097;107;No;No;No;No;-;3000;3000;3000;3000;3000;3000;-1;-1;-1;-1;-1;-1;-1;-1;-1;3000;3000;3000;3000;3000;-1;-1;-1;-1;-1;-1;-1;-1;-1
9098;119;No;No;No;No;-;3000;3000;3000;3000;3000;3000;-1;-1;-1;-1;-1;-1;-1;-1;-1;3000;3000;3000;3000;3000;-1;-1;-1;-1;-1;-1;-1;-1;-1
9099;122;No;No;No;No;-;3000;3000;3000;3000;3000;3000;-1;-1;-1;-1;-1;-1;-1;-1;-1;3000;3000;3000;3000;3000;-1;-1;-1;-1;-1;-1;-1;-1;-1
9101;119;No;No;No;No;-;3000;3000;3000;3000;3000;3000;-1;-1;-1;-1;-1;-1;-1;-1;-1;3000;3000;3000;3000;3000;-1;-1;-1;-1;-1;-1;-1;-1;-1
9103;115;No;No;No;No;-;3000;3000;3000;3000;3000;3000;-1;-1;-1;-1;-1;-1;-1;-1;-1;3000;3000;3000;3000;3000;-1;-1;-1;-1;-1;-1;-1;-1;-1
9105;115;No;No;No;No;-;3000;3000;3000;3000;3000;3000;-1;-1;-1;-1;-1;-1;-1;-1;-1;3000;3000;3000;3000;3000;-1;-1;-1;-1;-1;-1;-1;-1;-1
9106;115;No;No;No;No;-;3000;3000;3000;3000;3000;3000;-1;-1;-1;-1;-1;-1;-1;-1;-1;3000;3000;3000;3000;3000;-1;-1;-1;-1;-1;-1;-1;-1;-1
9107;118;No;No;No;No;-;3000;3000;3000;3000;3000;3000;-1;-1;-1;-1;-1;-1;-1;-1;-1;3000;3000;3000;3000;3000;-1;-1;-1;-1;-1;-1;-1;-1;-1
9108;115;No;No;No;No;-;3000;3000;3000;3000;3000;3000;-1;-1;-1;-1;-1;-1;-1;-1;-1;3000;3000;3000;3000;3000;-1;-1;-1;-1;-1;-1;-1;-1;-1
9109;119;No;No;No;No;-;3000;3000;3000;3000;3000;3000;-1;-1;-1;-1;-1;-1;-1;-1;-1;3000;3000;3000;3000;3000;-1;-1;-1;-1;-1;-1;-1;-1;-1
9110;116;No;No;No;No;-;3000;3000;3000;3000;3000;3000;-1;-1;-1;-1;-1;-1;-1;-1;-1;3000;3000;3000;3000;3000;-1;-1;-1;-1;-1;-1;-1;-1;-1
9111;113;No;No;No;No;-;3000;3000;3000;3000;3000;3000;-1;-1;-1;-1;-1;-1;-1;-1;-1;3000;3000;3000;3000;3000;-1;-1;-1;-1;-1;-1;-1;-1;-1
9112;117;No;No;No;No;-;3000;3000;3000;3000;3000;3000;-1;-1;-1;-1;-1;-1;-1;-1;-1;3000;3000;3000;3000;3000;-1;-1;-1;-1;-1;-1;-1;-1;-1
9113;111;No;No;No;No;-;3000;3000;3000;3000;3000;3000;-1;-1;-1;-1;-1;-1;-1;-1;-1;3000;3000;3000;3000;3000;-1;-1;-1;-1;-1;-1;-1;-1;-1
9114;112;No;No;No;No;-;3000;3000;3000;3000;3000;3000;-1;-1;-1;-1;-1;-1;-1;-1;-1;3000;3000;3000;3000;3000;-1;-1;-1;-1;-1;-1;-1;-1;-1
9115;117;No;No;No;No;-;3000;3000;3000;3000;3000;3000;-1;-1;-1;-1;-1;-1;-1;-1;-1;3000;3000;3000;3000;3000;-1;-1;-1;-1;-1;-1;-1;-1;-1
9117;111;No;No;No;No;-;3000;3000;3000;3000;3000;3000;-1;-1;-1;-1;-1;-1;-1;-1;-1;3000;3000;3000;3000;3000;-1;-1;-1;-1;-1;-1;-1;-1;-1
9118;106;No;No;No;No;-;3000;3000;3000;3000;3000;3000;-1;-1;-1;-1;-1;-1;-1;-1;-1;3000;3000;3000;3000;3000;-1;-1;-1;-1;-1;-1;-1;-1;-1
9121;118;No;No;No;No;-;3000;3000;3000;3000;3000;3000;-1;-1;-1;-1;-1;-1;-1;-1;-1;3000;3000;3000;3000;3000;-1;-1;-1;-1;-1;-1;-1;-1;-1
9123;117;No;No;No;No;-;3000;3000;3000;3000;3000;3000;-1;-1;-1;-1;-1;-1;-1;-1;-1;3000;3000;3000;3000;3000;-1;-1;-1;-1;-1;-1;-1;-1;-1
9124;116;No;No;No;No;-;3000;3000;3000;3000;3000;3000;-1;-1;-1;-1;-1;-1;-1;-1;-1;3000;3000;3000;3000;3000;-1;-1;-1;-1;-1;-1;-1;-1;-1
9125;106;No;No;No;No;-;3000;3000;3000;3000;3000;3000;-1;-1;-1;-1;-1;-1;-1;-1;-1;3000;3000;3000;3000;3000;-1;-1;-1;-1;-1;-1;-1;-1;-1
9127;105;No;No;No;No;-;3000;3000;3000;3000;3000;3000;-1;-1;-1;-1;-1;-1;-1;-1;-1;3000;3000;3000;3000;3000;-1;-1;-1;-1;-1;-1;-1;-1;-1
9128;111;No;No;No;No;-;3000;3000;3000;3000;3000;3000;-1;-1;-1;-1;-1;-1;-1;-1;-1;3000;3000;3000;3000;3000;-1;-1;-1;-1;-1;-1;-1;-1;-1
9130;122;No;No;No;No;-;3000;3000;3000;3000;3000;3000;-1;-1;-1;-1;-1;-1;-1;-1;-1;3000;3000;3000;3000;3000;-1;-1;-1;-1;-1;-1;-1;-1;-1
9132;111;No;No;No;No;-;3000;3000;3000;3000;3000;3000;-1;-1;-1;-1;-1;-1;-1;-1;-1;3000;3000;3000;3000;3000;-1;-1;-1;-1;-1;-1;-1;-1;-1
9137;107;No;No;No;No;-;3000;3000;3000;3000;3000;3000;-1;-1;-1;-1;-1;-1;-1;-1;-1;3000;3000;3000;3000;3000;-1;-1;-1;-1;-1;-1;-1;-1;-1
9139;110;No;No;No;No;-;3000;3000;3000;3000;3000;3000;-1;-1;-1;-1;-1;-1;-1;-1;-1;3000;3000;3000;3000;3000;-1;-1;-1;-1;-1;-1;-1;-1;-1
9142;107;No;No;No;No;-;3000;3000;3000;3000;3000;3000;-1;-1;-1;-1;-1;-1;-1;-1;-1;3000;3000;3000;3000;3000;-1;-1;-1;-1;-1;-1;-1;-1;-1
9144;107;No;No;No;No;-;3000;3000;3000;3000;3000;3000;-1;-1;-1;-1;-1;-1;-1;-1;-1;3000;3000;3000;3000;3000;-1;-1;-1;-1;-1;-1;-1;-1;-1
9145;111;No;No;No;No;-;3000;3000;3000;3000;3000;3000;-1;-1;-1;-1;-1;-1;-1;-1;-1;3000;3000;3000;3000;3000;-1;-1;-1;-1;-1;-1;-1;-1;-1
9146;119;No;No;No;No;-;3000;3000;3000;3000;3000;3000;-1;-1;-1;-1;-1;-1;-1;-1;-1;3000;3000;3000;3000;3000;-1;-1;-1;-1;-1;-1;-1;-1;-1
9147;106;No;No;No;No;-;3000;3000;3000;3000;3000;3000;-1;-1;-1;-1;-1;-1;-1;-1;-1;3000;3000;3000;3000;3000;-1;-1;-1;-1;-1;-1;-1;-1;-1
9148;112;No;No;No;No;-;3000;3000;3000;3000;3000;3000;-1;-1;-1;-1;-1;-1;-1;-1;-1;3000;3000;3000;3000;3000;-1;-1;-1;-1;-1;-1;-1;-1;-1
9151;112;No;No;No;No;-;3000;3000;3000;3000;3000;3000;-1;-1;-1;-1;-1;-1;-1;-1;-1;3000;3000;3000;3000;3000;-1;-1;-1;-1;-1;-1;-1;-1;-1
9153;117;No;No;No;No;-;3000;3000;3000;3000;3000;3000;-1;-1;-1;-1;-1;-1;-1;-1;-1;3000;3000;3000;3000;3000;-1;-1;-1;-1;-1;-1;-1;-1;-1
9154;122;No;No;No;No;-;3000;3000;3000;3000;3000;3000;-1;-1;-1;-1;-1;-1;-1;-1;-1;3000;3000;3000;3000;3000;-1;-1;-1;-1;-1;-1;-1;-1;-1
9156;120;No;No;No;No;-;3000;3000;3000;3000;3000;3000;-1;-1;-1;-1;-1;-1;-1;-1;-1;3000;3000;3000;3000;3000;-1;-1;-1;-1;-1;-1;-1;-1;-1
9159;121;No;No;No;No;-;3000;3000;3000;3000;3000;3000;-1;-1;-1;-1;-1;-1;-1;-1;-1;3000;3000;3000;3000;3000;-1;-1;-1;-1;-1;-1;-1;-1;-1
9160;114;No;No;No;No;-;3000;3000;3000;3000;3000;3000;-1;-1;-1;-1;-1;-1;-1;-1;-1;3000;3000;3000;3000;3000;-1;-1;-1;-1;-1;-1;-1;-1;-1
9161;106;No;No;No;No;-;3000;3000;3000;3000;3000;3000;-1;-1;-1;-1;-1;-1;-1;-1;-1;3000;3000;3000;3000;3000;-1;-1;-1;-1;-1;-1;-1;-1;-1
9163;110;No;No;No;No;-;3000;3000;3000;3000;3000;3000;-1;-1;-1;-1;-1;-1;-1;-1;-1;3000;3000;3000;3000;3000;-1;-1;-1;-1;-1;-1;-1;-1;-1
9164;116;No;No;No;No;-;3000;3000;3000;3000;3000;3000;-1;-1;-1;-1;-1;-1;-1;-1;-1;3000;3000;3000;3000;3000;-1;-1;-1;-1;-1;-1;-1;-1;-1
9165;118;No;No;No;No;-;3000;3000;3000;3000;3000;3000;-1;-1;-1;-1;-1;-1;-1;-1;-1;3000;3000;3000;3000;3000;-1;-1;-1;-1;-1;-1;-1;-1;-1
9166;114;No;No;No;No;-;3000;3000;3000;3000;3000;3000;-1;-1;-1;-1;-1;-1;-1;-1;-1;3000;3000;3000;3000;3000;-1;-1;-1;-1;-1;-1;-1;-1;-1
9167;106;No;No;No;No;-;3000;3000;3000;3000;3000;3000;-1;-1;-1;-1;-1;-1;-1;-1;-1;3000;3000;3000;3000;3000;-1;-1;-1;-1;-1;-1;-1;-1;-1
9168;114;No;No;No;No;-;3000;3000;3000;3000;3000;3000;-1;-1;-1;-1;-1;-1;-1;-1;-1;3000;3000;3000;3000;3000;-1;-1;-1;-1;-1;-1;-1;-1;-1
9169;118;No;No;No;No;-;3000;3000;3000;3000;3000;3000;-1;-1;-1;-1;-1;-1;-1;-1;-1;3000;3000;3000;3000;3000;-1;-1;-1;-1;-1;-1;-1;-1;-1
9171;114;No;No;No;No;-;3000;3000;3000;3000;3000;3000;-1;-1;-1;-1;-1;-1;-1;-1;-1;3000;3000;3000;3000;3000;-1;-1;-1;-1;-1;-1;-1;-1;-1
9173;121;No;No;No;No;-;3000;3000;3000;3000;3000;3000;-1;-1;-1;-1;-1;-1;-1;-1;-1;3000;3000;3000;3000;3000;-1;-1;-1;-1;-1;-1;-1;-1;-1
9174;122;No;No;No;No;-;3000;3000;3000;3000;3000;3000;-1;-1;-1;-1;-1;-1;-1;-1;-1;3000;3000;3000;3000;3000;-1;-1;-1;-1;-1;-1;-1;-1;-1
9175;109;No;No;No;No;-;3000;3000;3000;3000;3000;3000;-1;-1;-1;-1;-1;-1;-1;-1;-1;3000;3000;3000;3000;3000;-1;-1;-1;-1;-1;-1;-1;-1;-1
9177;116;No;No;No;No;-;3000;3000;3000;3000;3000;3000;-1;-1;-1;-1;-1;-1;-1;-1;-1;3000;3000;3000;3000;3000;-1;-1;-1;-1;-1;-1;-1;-1;-1
9178;119;No;No;No;No;-;3000;3000;3000;3000;3000;3000;-1;-1;-1;-1;-1;-1;-1;-1;-1;3000;3000;3000;3000;3000;-1;-1;-1;-1;-1;-1;-1;-1;-1
9180;111;No;No;No;No;-;3000;3000;3000;3000;3000;3000;-1;-1;-1;-1;-1;-1;-1;-1;-1;3000;3000;3000;3000;3000;-1;-1;-1;-1;-1;-1;-1;-1;-1
9181;112;No;No;No;No;-;3000;3000;3000;3000;3000;3000;-1;-1;-1;-1;-1;-1;-1;-1;-1;3000;3000;3000;3000;3000;-1;-1;-1;-1;-1;-1;-1;-1;-1
9182;113;No;No;No;No;-;3000;3000;3000;3000;3000;3000;-1;-1;-1;-1;-1;-1;-1;-1;-1;3000;3000;3000;3000;3000;-1;-1;-1;-1;-1;-1;-1;-1;-1
9183;119;No;No;No;No;-;3000;3000;3000;3000;3000;3000;-1;-1;-1;-1;-1;-1;-1;-1;-1;3000;3000;3000;3000;3000;-1;-1;-1;-1;-1;-1;-1;-1;-1
9184;120;No;No;No;No;-;3000;3000;3000;3000;3000;3000;-1;-1;-1;-1;-1;-1;-1;-1;-1;3000;3000;3000;3000;3000;-1;-1;-1;-1;-1;-1;-1;-1;-1
9185;111;No;No;No;No;-;3000;3000;3000;3000;3000;3000;-1;-1;-1;-1;-1;-1;-1;-1;-1;3000;3000;3000;3000;3000;-1;-1;-1;-1;-1;-1;-1;-1;-1
9186;115;No;No;No;No;-;3000;3000;3000;3000;3000;3000;-1;-1;-1;-1;-1;-1;-1;-1;-1;3000;3000;3000;3000;3000;-1;-1;-1;-1;-1;-1;-1;-1;-1
9188;112;No;No;No;No;-;3000;3000;3000;3000;3000;3000;-1;-1;-1;-1;-1;-1;-1;-1;-1;3000;3000;3000;3000;3000;-1;-1;-1;-1;-1;-1;-1;-1;-1
9190;109;No;No;No;No;-;3000;3000;3000;3000;3000;3000;-1;-1;-1;-1;-1;-1;-1;-1;-1;3000;3000;3000;3000;3000;-1;-1;-1;-1;-1;-1;-1;-1;-1
9191;115;No;No;No;No;-;3000;3000;3000;3000;3000;3000;-1;-1;-1;-1;-1;-1;-1;-1;-1;3000;3000;3000;3000;3000;-1;-1;-1;-1;-1;-1;-1;-1;-1
9192;107;No;No;No;No;-;3000;3000;3000;3000;3000;3000;-1;-1;-1;-1;-1;-1;-1;-1;-1;3000;3000;3000;3000;3000;-1;-1;-1;-1;-1;-1;-1;-1;-1
9193;108;No;No;No;No;-;3000;3000;3000;3000;3000;3000;-1;-1;-1;-1;-1;-1;-1;-1;-1;3000;3000;3000;3000;3000;-1;-1;-1;-1;-1;-1;-1;-1;-1
9197;118;No;No;No;No;-;3000;3000;3000;3000;3000;3000;-1;-1;-1;-1;-1;-1;-1;-1;-1;3000;3000;3000;3000;3000;-1;-1;-1;-1;-1;-1;-1;-1;-1
9199;110;No;No;No;No;-;3000;3000;3000;3000;3000;3000;-1;-1;-1;-1;-1;-1;-1;-1;-1;3000;3000;3000;3000;3000;-1;-1;-1;-1;-1;-1;-1;-1;-1
9200;121;No;No;No;No;-;3000;3000;3000;3000;3000;3000;-1;-1;-1;-1;-1;-1;-1;-1;-1;3000;3000;3000;3000;3000;-1;-1;-1;-1;-1;-1;-1;-1;-1
9201;106;No;No;No;No;-;3000;3000;3000;3000;3000;3000;-1;-1;-1;-1;-1;-1;-1;-1;-1;3000;3000;3000;3000;3000;-1;-1;-1;-1;-1;-1;-1;-1;-1
9202;111;No;No;No;No;-;3000;3000;3000;3000;3000;3000;-1;-1;-1;-1;-1;-1;-1;-1;-1;3000;3000;3000;3000;3000;-1;-1;-1;-1;-1;-1;-1;-1;-1
9203;118;No;No;No;No;-;3000;3000;3000;3000;3000;3000;-1;-1;-1;-1;-1;-1;-1;-1;-1;3000;3000;3000;3000;3000;-1;-1;-1;-1;-1;-1;-1;-1;-1
9204;109;No;No;No;No;-;3000;3000;3000;3000;3000;3000;-1;-1;-1;-1;-1;-1;-1;-1;-1;3000;3000;3000;3000;3000;-1;-1;-1;-1;-1;-1;-1;-1;-1
9206;113;No;No;No;No;-;3000;3000;3000;3000;3000;3000;-1;-1;-1;-1;-1;-1;-1;-1;-1;3000;3000;3000;3000;3000;-1;-1;-1;-1;-1;-1;-1;-1;-1
9207;110;No;No;No;No;-;3000;3000;3000;3000;3000;3000;-1;-1;-1;-1;-1;-1;-1;-1;-1;3000;3000;3000;3000;3000;-1;-1;-1;-1;-1;-1;-1;-1;-1
9213;110;No;No;No;No;-;3000;3000;3000;3000;3000;3000;-1;-1;-1;-1;-1;-1;-1;-1;-1;3000;3000;3000;3000;3000;-1;-1;-1;-1;-1;-1;-1;-1;-1
9214;121;No;No;No;No;-;3000;3000;3000;3000;3000;3000;-1;-1;-1;-1;-1;-1;-1;-1;-1;3000;3000;3000;3000;3000;-1;-1;-1;-1;-1;-1;-1;-1;-1
9216;113;No;No;No;No;-;3000;3000;3000;3000;3000;3000;-1;-1;-1;-1;-1;-1;-1;-1;-1;3000;3000;3000;3000;3000;-1;-1;-1;-1;-1;-1;-1;-1;-1
9217;114;No;No;No;No;-;3000;3000;3000;3000;3000;3000;-1;-1;-1;-1;-1;-1;-1;-1;-1;3000;3000;3000;3000;3000;-1;-1;-1;-1;-1;-1;-1;-1;-1
9221;105;No;No;No;No;-;3000;3000;3000;3000;3000;3000;-1;-1;-1;-1;-1;-1;-1;-1;-1;3000;3000;3000;3000;3000;-1;-1;-1;-1;-1;-1;-1;-1;-1
9222;116;No;No;No;No;-;3000;3000;3000;3000;3000;3000;-1;-1;-1;-1;-1;-1;-1;-1;-1;3000;3000;3000;3000;3000;-1;-1;-1;-1;-1;-1;-1;-1;-1
9224;117;No;No;No;No;-;3000;3000;3000;3000;3000;3000;-1;-1;-1;-1;-1;-1;-1;-1;-1;3000;3000;3000;3000;3000;-1;-1;-1;-1;-1;-1;-1;-1;-1
9231;70;No;No;No;No;-;3000;3000;3000;-1;-1;-1;-1;-1;-1;-1;-1;-1;-1;-1;-1;3000;3000;-1;-1;-1;-1;-1;-1;-1;-1;-1;-1;-1;-1
9232;64;No;No;No;No;-;3000;3000;3000;3000;3000;-1;-1;-1;-1;-1;-1;-1;-1;-1;-1;3000;3000;3000;3000;-1;-1;-1;-1;-1;-1;-1;-1;-1;-1
9236;77;No;No;No;No;-;3000;3000;3000;-1;-1;-1;-1;-1;-1;-1;-1;-1;-1;-1;-1;3000;3000;-1;-1;-1;-1;-1;-1;-1;-1;-1;-1;-1;-1
9240;84;No;No;No;No;-;3000;3000;3000;3000;-1;-1;-1;-1;-1;-1;-1;-1;-1;-1;-1;3000;3000;3000;-1;-1;-1;-1;-1;-1;-1;-1;-1;-1;-1
9246;63;No;No;No;No;-;3000;3000;3000;3000;-1;-1;-1;-1;-1;-1;-1;-1;-1;-1;-1;3000;3000;3000;-1;-1;-1;-1;-1;-1;-1;-1;-1;-1;-1
9255;74;No;No;No;No;-;3000;3000;3000;3000;3000;-1;-1;-1;-1;-1;-1;-1;-1;-1;-1;3000;3000;3000;3000;-1;-1;-1;-1;-1;-1;-1;-1;-1;-1
9262;120;No;No;No;No;-;3000;3000;3000;3000;3000;-1;-1;-1;-1;-1;-1;-1;-1;-1;-1;3000;3000;3000;3000;-1;-1;-1;-1;-1;-1;-1;-1;-1;-1
9305;118;No;No;No;No;-;1000;1000;1000;1000;-1;-1;-1;-1;-1;-1;-1;-1;-1;-1;-1;-1;-1;-1;-1;-1;-1;-1;-1;-1;-1;-1;-1;-1;-1
9306;97;No;No;No;No;-;13332;19999;9999;9999;-1;-1;-1;-1;-1;-1;-1;-1;-1;-1;-1;-1;-1;-1;-1;-1;-1;-1;-1;-1;-1;-1;-1;-1;-1
9307;67;No;No;No;No;-;9999;9999;9999;9999;-1;-1;-1;-1;-1;-1;-1;-1;-1;-1;-1;-1;-1;-1;-1;-1;-1;-1;-1;-1;-1;-1;-1;-1;-1
9308;87;No;No;No;No;-;9999;9999;9999;9999;-1;-1;-1;-1;-1;-1;-1;-1;-1;-1;-1;9999;-1;-1;-1;-1;-1;-1;-1;-1;-1;-1;-1;-1;-1
9309;77;No;No;No;No;-;9999;9999;9999;9999;-1;-1;-1;-1;-1;-1;-1;-1;-1;-1;-1;-1;-1;-1;-1;-1;-1;-1;-1;-1;-1;-1;-1;-1;-1
9310;96;No;No;No;No;-;9999;9999;9999;9999;-1;-1;-1;-1;-1;-1;-1;-1;-1;-1;-1;-1;-1;-1;-1;-1;-1;-1;-1;-1;-1;-1;-1;-1;-1
9311;118;No;No;No;No;-;9999;9999;9999;9999;-1;-1;-1;-1;-1;-1;-1;-1;-1;-1;-1;-1;-1;-1;-1;-1;-1;-1;-1;-1;-1;-1;-1;-1;-1
9312;115;No;No;No;No;-;1000;1000;-1;-1;-1;-1;-1;-1;-1;-1;-1;-1;-1;-1;-1;1000;-1;-1;-1;-1;-1;-1;-1;-1;-1;-1;-1;-1;-1
9313;105;No;No;No;No;-;1000;1000;-1;-1;-1;-1;-1;-1;-1;-1;-1;-1;-1;-1;-1;1000;-1;-1;-1;-1;-1;-1;-1;-1;-1;-1;-1;-1;-1
9314;84;No;No;No;No;-;9999;9999;9999;9999;-1;-1;-1;-1;-1;-1;-1;-1;-1;-1;-1;-1;-1;-1;-1;-1;-1;-1;-1;-1;-1;-1;-1;-1;-1
9315;115;No;No;No;No;-;1000;1000;-1;-1;-1;-1;-1;-1;-1;-1;-1;-1;-1;-1;-1;1000;-1;-1;-1;-1;-1;-1;-1;-1;-1;-1;-1;-1;-1
9316;92;No;No;No;No;-;9999;9999;9999;9999;-1;-1;-1;-1;-1;-1;-1;-1;-1;-1;-1;-1;-1;-1;-1;-1;-1;-1;-1;-1;-1;-1;-1;-1;-1
9317;67;No;No;No;No;-;9999;9999;9999;9999;-1;-1;-1;-1;-1;-1;-1;-1;-1;-1;-1;-1;-1;-1;-1;-1;-1;-1;-1;-1;-1;-1;-1;-1;-1
9318;65;No;No;No;No;-;9999;9999;9999;9999;-1;-1;-1;-1;-1;-1;-1;-1;-1;-1;-1;-1;-1;-1;-1;-1;-1;-1;-1;-1;-1;-1;-1;-1;-1
9319;105;No;No;No;No;-;9999;9999;9999;9999;-1;-1;-1;-1;-1;-1;-1;-1;-1;-1;-1;-1;-1;-1;-1;-1;-1;-1;-1;-1;-1;-1;-1;-1;-1
9320;109;No;No;No;No;-;9999;9999;9999;9999;-1;-1;-1;-1;-1;-1;-1;-1;-1;-1;-1;-1;-1;-1;-1;-1;-1;-1;-1;-1;-1;-1;-1;-1;-1
9321;73;No;No;No;No;-;9999;9999;9999;9999;-1;-1;-1;-1;-1;-1;-1;-1;-1;-1;-1;-1;-1;-1;-1;-1;-1;-1;-1;-1;-1;-1;-1;-1;-1
9322;69;No;No;No;No;-;9999;9999;9999;9999;-1;-1;-1;-1;-1;-1;-1;-1;-1;-1;-1;-1;-1;-1;-1;-1;-1;-1;-1;-1;-1;-1;-1;-1;-1
9323;113;No;No;No;No;-;9999;9999;9999;9999;-1;-1;-1;-1;-1;-1;-1;-1;-1;-1;-1;-1;-1;-1;-1;-1;-1;-1;-1;-1;-1;-1;-1;-1;-1
9324;77;No;No;No;No;-;9999;9999;9999;9999;-1;-1;-1;-1;-1;-1;-1;-1;-1;-1;-1;-1;-1;-1;-1;-1;-1;-1;-1;-1;-1;-1;-1;-1;-1
9325;118;No;No;No;No;-;9999;9999;9999;9999;-1;-1;-1;-1;-1;-1;-1;-1;-1;-1;-1;1000;-1;-1;-1;-1;-1;-1;-1;-1;-1;-1;-1;-1;-1
9326;115;No;No;No;No;-;9999;9999;9999;9999;-1;-1;-1;-1;-1;-1;-1;-1;-1;-1;-1;-1;-1;-1;-1;-1;-1;-1;-1;-1;-1;-1;-1;-1;-1
9327;108;No;No;No;No;-;9999;9999;9999;9999;-1;-1;-1;-1;-1;-1;-1;-1;-1;-1;-1;1000;-1;-1;-1;-1;-1;-1;-1;-1;-1;-1;-1;-1;-1
9328;111;No;No;No;No;-;9999;9999;9999;9999;-1;-1;-1;-1;-1;-1;-1;-1;-1;-1;-1;-1;-1;-1;-1;-1;-1;-1;-1;-1;-1;-1;-1;-1;-1
9329;109;No;No;No;No;-;9999;9999;9999;9999;-1;-1;-1;-1;-1;-1;-1;-1;-1;-1;-1;-1;-1;-1;-1;-1;-1;-1;-1;-1;-1;-1;-1;-1;-1
9330;105;No;No;No;No;-;9999;9999;9999;9999;-1;-1;-1;-1;-1;-1;-1;-1;-1;-1;-1;-1;-1;-1;-1;-1;-1;-1;-1;-1;-1;-1;-1;-1;-1
9331;3;No;No;Yes;No;-;1000000;1000000;1000000;1000000;-1;-1;-1;-1;-1;-1;-1;-1;-1;-1;-1;-1;-1;-1;-1;-1;-1;-1;-1;-1;-1;-1;-1;-1;-1
9332;84;No;No;No;No;-;9999;9999;9999;9999;-1;-1;-1;-1;-1;-1;-1;-1;-1;-1;-1;-1;-1;-1;-1;-1;-1;-1;-1;-1;-1;-1;-1;-1;-1
9333;109;No;No;No;No;-;9999;9999;9999;9999;-1;-1;-1;-1;-1;-1;-1;-1;-1;-1;-1;-1;-1;-1;-1;-1;-1;-1;-1;-1;-1;-1;-1;-1;-1
9334;100;No;No;No;No;-;9999;9999;9999;9999;-1;-1;-1;-1;-1;-1;-1;-1;-1;-1;-1;-1;-1;-1;-1;-1;-1;-1;-1;-1;-1;-1;-1;-1;-1
9335;120;No;No;No;No;-;9999;9999;9999;9999;-1;-1;-1;-1;-1;-1;-1;-1;-1;-1;-1;-1;-1;-1;-1;-1;-1;-1;-1;-1;-1;-1;-1;-1;-1
9336;113;No;No;No;No;-;9999;9999;9999;9999;-1;-1;-1;-1;-1;-1;-1;-1;-1;-1;-1;-1;-1;-1;-1;-1;-1;-1;-1;-1;-1;-1;-1;-1;-1
9337;86;No;No;No;No;-;9999;9999;9999;9999;-1;-1;-1;-1;-1;-1;-1;-1;-1;-1;-1;-1;-1;-1;-1;-1;-1;-1;-1;-1;-1;-1;-1;-1;-1
9338;119;No;No;No;No;-;9999;9999;9999;9999;-1;-1;-1;-1;-1;-1;-1;-1;-1;-1;-1;-1;-1;-1;-1;-1;-1;-1;-1;-1;-1;-1;-1;-1;-1
9339;121;No;No;No;No;-;9999;9999;9999;9999;-1;-1;-1;-1;-1;-1;-1;-1;-1;-1;-1;1000;-1;-1;-1;-1;-1;-1;-1;-1;-1;-1;-1;-1;-1
9340;89;No;No;No;No;-;9999;9999;9999;9999;-1;-1;-1;-1;-1;-1;-1;-1;-1;-1;-1;-1;-1;-1;-1;-1;-1;-1;-1;-1;-1;-1;-1;-1;-1
9341;113;No;No;No;No;-;9999;9999;9999;9999;-1;-1;-1;-1;-1;-1;-1;-1;-1;-1;-1;-1;-1;-1;-1;-1;-1;-1;-1;-1;-1;-1;-1;-1;-1
9342;112;No;No;No;No;-;9999;9999;9999;9999;-1;-1;-1;-1;-1;-1;-1;-1;-1;-1;-1;-1;-1;-1;-1;-1;-1;-1;-1;-1;-1;-1;-1;-1;-1
9343;118;No;No;No;No;-;9999;9999;9999;9999;-1;-1;-1;-1;-1;-1;-1;-1;-1;-1;-1;-1;-1;-1;-1;-1;-1;-1;-1;-1;-1;-1;-1;-1;-1
9344;108;No;No;No;No;-;9999;9999;9999;9999;-1;-1;-1;-1;-1;-1;-1;-1;-1;-1;-1;-1;-1;-1;-1;-1;-1;-1;-1;-1;-1;-1;-1;-1;-1
9345;90;No;No;No;No;-;9999;9999;9999;9999;-1;-1;-1;-1;-1;-1;-1;-1;-1;-1;-1;-1;-1;-1;-1;-1;-1;-1;-1;-1;-1;-1;-1;-1;-1
9346;104;No;No;No;No;-;9999;9999;9999;9999;-1;-1;-1;-1;-1;-1;-1;-1;-1;-1;-1;-1;-1;-1;-1;-1;-1;-1;-1;-1;-1;-1;-1;-1;-1
9347;71;No;No;No;No;-;9999;9999;9999;9999;-1;-1;-1;-1;-1;-1;-1;-1;-1;-1;-1;-1;-1;-1;-1;-1;-1;-1;-1;-1;-1;-1;-1;-1;-1
9348;65;No;No;No;No;-;9999;9999;9999;9999;-1;-1;-1;-1;-1;-1;-1;-1;-1;-1;-1;-1;-1;-1;-1;-1;-1;-1;-1;-1;-1;-1;-1;-1;-1
9349;106;No;No;No;No;-;9999;9999;9999;9999;-1;-1;-1;-1;-1;-1;-1;-1;-1;-1;-1;-1;-1;-1;-1;-1;-1;-1;-1;-1;-1;-1;-1;-1;-1
9350;73;No;No;No;No;-;1000;1000;-1;-1;-1;-1;-1;-1;-1;-1;-1;-1;-1;-1;-1;1000;-1;-1;-1;-1;-1;-1;-1;-1;-1;-1;-1;-1;-1
9351;111;No;No;No;No;-;9999;9999;9999;9999;-1;-1;-1;-1;-1;-1;-1;-1;-1;-1;-1;-1;-1;-1;-1;-1;-1;-1;-1;-1;-1;-1;-1;-1;-1
9352;69;No;No;No;No;-;9999;9999;9999;9999;-1;-1;-1;-1;-1;-1;-1;-1;-1;-1;-1;-1;-1;-1;-1;-1;-1;-1;-1;-1;-1;-1;-1;-1;-1
9353;85;No;No;No;No;-;9999;9999;9999;9999;-1;-1;-1;-1;-1;-1;-1;-1;-1;-1;-1;-1;9999;-1;-1;-1;-1;-1;-1;-1;-1;-1;-1;-1;-1
9354;117;No;No;No;No;-;9999;9999;9999;9999;-1;-1;-1;-1;-1;-1;-1;-1;-1;-1;-1;-1;-1;-1;-1;-1;-1;-1;-1;-1;-1;-1;-1;-1;-1
9355;66;No;No;No;No;-;9999;9999;9999;9999;-1;-1;-1;-1;-1;-1;-1;-1;-1;-1;-1;-1;-1;-1;-1;-1;-1;-1;-1;-1;-1;-1;-1;-1;-1
9356;76;No;No;No;No;-;9999;9999;9999;9999;-1;-1;-1;-1;-1;-1;-1;-1;-1;-1;-1;-1;-1;-1;-1;-1;-1;-1;-1;-1;-1;-1;-1;-1;-1
9357;107;No;No;No;No;-;9999;9999;9999;9999;-1;-1;-1;-1;-1;-1;-1;-1;-1;-1;-1;-1;-1;-1;-1;-1;-1;-1;-1;-1;-1;-1;-1;-1;-1
9358;110;No;No;No;No;-;9999;9999;9999;9999;-1;-1;-1;-1;-1;-1;-1;-1;-1;-1;-1;-1;-1;-1;-1;-1;-1;-1;-1;-1;-1;-1;-1;-1;-1
9359;122;No;No;No;No;-;9999;9999;9999;9999;-1;-1;-1;-1;-1;-1;-1;-1;-1;-1;-1;-1;-1;-1;-1;-1;-1;-1;-1;-1;-1;-1;-1;-1;-1
9360;116;No;No;No;No;-;9999;9999;9999;9999;-1;-1;-1;-1;-1;-1;-1;-1;-1;-1;-1;-1;-1;-1;-1;-1;-1;-1;-1;-1;-1;-1;-1;-1;-1
9361;114;No;No;No;No;-;9999;9999;9999;9999;-1;-1;-1;-1;-1;-1;-1;-1;-1;-1;-1;-1;-1;-1;-1;-1;-1;-1;-1;-1;-1;-1;-1;-1;-1
9362;118;No;No;No;No;-;9999;9999;9999;9999;-1;-1;-1;-1;-1;-1;-1;-1;-1;-1;-1;-1;-1;-1;-1;-1;-1;-1;-1;-1;-1;-1;-1;-1;-1
9363;81;No;No;No;No;-;9999;9999;9999;9999;-1;-1;-1;-1;-1;-1;-1;-1;-1;-1;-1;-1;-1;-1;-1;-1;-1;-1;-1;-1;-1;-1;-1;-1;-1
9364;74;No;No;No;No;-;9999;9999;9999;9999;-1;-1;-1;-1;-1;-1;-1;-1;-1;-1;-1;-1;-1;-1;-1;-1;-1;-1;-1;-1;-1;-1;-1;-1;-1
9365;97;No;No;No;No;-;9999;9999;9999;9999;-1;-1;-1;-1;-1;-1;-1;-1;-1;-1;-1;-1;-1;-1;-1;-1;-1;-1;-1;-1;-1;-1;-1;-1;-1
9366;120;No;No;No;No;-;1000;1000;-1;-1;-1;-1;-1;-1;-1;-1;-1;-1;-1;-1;-1;1000;-1;-1;-1;-1;-1;-1;-1;-1;-1;-1;-1;-1;-1
9367;98;No;No;No;No;-;9999;9999;9999;9999;-1;-1;-1;-1;-1;-1;-1;-1;-1;-1;-1;-1;-1;-1;-1;-1;-1;-1;-1;-1;-1;-1;-1;-1;-1
9368;87;No;No;No;No;-;9999;9999;9999;9999;-1;-1;-1;-1;-1;-1;-1;-1;-1;-1;-1;-1;-1;-1;-1;-1;-1;-1;-1;-1;-1;-1;-1;-1;-1
9369;97;No;No;No;No;-;1000;1000;-1;-1;-1;-1;-1;-1;-1;-1;-1;-1;-1;-1;-1;1000;-1;-1;-1;-1;-1;-1;-1;-1;-1;-1;-1;-1;-1
9370;98;No;No;No;No;-;9999;9999;9999;9999;-1;-1;-1;-1;-1;-1;-1;-1;-1;-1;-1;-1;-1;-1;-1;-1;-1;-1;-1;-1;-1;-1;-1;-1;-1
9371;68;No;No;No;No;-;9999;9999;9999;9999;-1;-1;-1;-1;-1;-1;-1;-1;-1;-1;-1;-1;-1;-1;-1;-1;-1;-1;-1;-1;-1;-1;-1;-1;-1
9372;96;No;No;No;No;-;10332;11000;9999;9999;-1;-1;-1;-1;-1;-1;-1;-1;-1;-1;-1;1000;-1;-1;-1;-1;-1;-1;-1;-1;-1;-1;-1;-1;-1
9373;96;No;No;No;No;-;9999;9999;9999;9999;-1;-1;-1;-1;-1;-1;-1;-1;-1;-1;-1;-1;-1;-1;-1;-1;-1;-1;-1;-1;-1;-1;-1;-1;-1
9374;92;No;No;No;No;-;9999;9999;9999;9999;-1;-1;-1;-1;-1;-1;-1;-1;-1;-1;-1;-1;-1;-1;-1;-1;-1;-1;-1;-1;-1;-1;-1;-1;-1
9375;87;No;No;No;No;-;9999;9999;9999;9999;-1;-1;-1;-1;-1;-1;-1;-1;-1;-1;-1;-1;-1;-1;-1;-1;-1;-1;-1;-1;-1;-1;-1;-1;-1
9376;100;No;No;No;No;-;9999;9999;9999;9999;-1;-1;-1;-1;-1;-1;-1;-1;-1;-1;-1;-1;-1;-1;-1;-1;-1;-1;-1;-1;-1;-1;-1;-1;-1
9377;96;No;No;No;No;-;9999;9999;9999;9999;-1;-1;-1;-1;-1;-1;-1;-1;-1;-1;-1;-1;-1;-1;-1;-1;-1;-1;-1;-1;-1;-1;-1;-1;-1
9378;80;No;No;No;No;-;9999;9999;9999;9999;-1;-1;-1;-1;-1;-1;-1;-1;-1;-1;-1;-1;-1;-1;-1;-1;-1;-1;-1;-1;-1;-1;-1;-1;-1
9379;92;No;No;No;No;-;9999;9999;9999;9999;-1;-1;-1;-1;-1;-1;-1;-1;-1;-1;-1;-1;-1;-1;-1;-1;-1;-1;-1;-1;-1;-1;-1;-1;-1
9380;100;No;No;No;No;-;9999;9999;9999;9999;-1;-1;-1;-1;-1;-1;-1;-1;-1;-1;-1;-1;-1;-1;-1;-1;-1;-1;-1;-1;-1;-1;-1;-1;-1
9381;86;No;No;No;No;-;9999;9999;9999;9999;-1;-1;-1;-1;-1;-1;-1;-1;-1;-1;-1;-1;-1;-1;-1;-1;-1;-1;-1;-1;-1;-1;-1;-1;-1
9382;86;No;No;No;No;-;9999;9999;9999;9999;-1;-1;-1;-1;-1;-1;-1;-1;-1;-1;-1;-1;-1;-1;-1;-1;-1;-1;-1;-1;-1;-1;-1;-1;-1
9383;89;No;No;No;No;-;9999;9999;9999;9999;-1;-1;-1;-1;-1;-1;-1;-1;-1;-1;-1;-1;-1;-1;-1;-1;-1;-1;-1;-1;-1;-1;-1;-1;-1
9384;89;No;No;No;No;-;9999;9999;9999;9999;-1;-1;-1;-1;-1;-1;-1;-1;-1;-1;-1;-1;-1;-1;-1;-1;-1;-1;-1;-1;-1;-1;-1;-1;-1
9385;90;No;No;No;No;-;9999;9999;9999;9999;-1;-1;-1;-1;-1;-1;-1;-1;-1;-1;-1;-1;-1;-1;-1;-1;-1;-1;-1;-1;-1;-1;-1;-1;-1
9386;102;No;No;No;No;-;9999;9999;9999;9999;-1;-1;-1;-1;-1;-1;-1;-1;-1;-1;-1;-1;-1;-1;-1;-1;-1;-1;-1;-1;-1;-1;-1;-1;-1
9387;90;No;No;No;No;-;9999;9999;9999;9999;-1;-1;-1;-1;-1;-1;-1;-1;-1;-1;-1;-1;-1;-1;-1;-1;-1;-1;-1;-1;-1;-1;-1;-1;-1
9388;104;No;No;No;No;-;9999;9999;9999;9999;-1;-1;-1;-1;-1;-1;-1;-1;-1;-1;-1;-1;-1;-1;-1;-1;-1;-1;-1;-1;-1;-1;-1;-1;-1
9389;66;No;No;No;No;-;9999;9999;9999;9999;-1;-1;-1;-1;-1;-1;-1;-1;-1;-1;-1;-1;-1;-1;-1;-1;-1;-1;-1;-1;-1;-1;-1;-1;-1
9390;76;No;No;No;No;-;9999;9999;9999;9999;-1;-1;-1;-1;-1;-1;-1;-1;-1;-1;-1;-1;-1;-1;-1;-1;-1;-1;-1;-1;-1;-1;-1;-1;-1
9391;81;No;No;No;No;-;9999;9999;9999;9999;-1;-1;-1;-1;-1;-1;-1;-1;-1;-1;-1;-1;-1;-1;-1;-1;-1;-1;-1;-1;-1;-1;-1;-1;-1
9392;79;No;No;No;No;-;9999;9999;9999;9999;-1;-1;-1;-1;-1;-1;-1;-1;-1;-1;-1;-1;-1;-1;-1;-1;-1;-1;-1;-1;-1;-1;-1;-1;-1
9393;74;No;No;No;No;-;9999;9999;9999;9999;-1;-1;-1;-1;-1;-1;-1;-1;-1;-1;-1;-1;-1;-1;-1;-1;-1;-1;-1;-1;-1;-1;-1;-1;-1
9394;68;No;No;No;No;-;9999;9999;9999;9999;-1;-1;-1;-1;-1;-1;-1;-1;-1;-1;-1;-1;-1;-1;-1;-1;-1;-1;-1;-1;-1;-1;-1;-1;-1
9395;102;No;No;No;No;-;9999;9999;9999;9999;-1;-1;-1;-1;-1;-1;-1;-1;-1;-1;-1;-1;-1;-1;-1;-1;-1;-1;-1;-1;-1;-1;-1;-1;-1
9396;80;No;No;No;No;-;9999;9999;9999;9999;-1;-1;-1;-1;-1;-1;-1;-1;-1;-1;-1;-1;-1;-1;-1;-1;-1;-1;-1;-1;-1;-1;-1;-1;-1
9397;71;No;No;No;No;-;9999;9999;9999;9999;-1;-1;-1;-1;-1;-1;-1;-1;-1;-1;-1;-1;-1;-1;-1;-1;-1;-1;-1;-1;-1;-1;-1;-1;-1
9398;66;No;No;No;No;-;9999;9999;9999;9999;-1;-1;-1;-1;-1;-1;-1;-1;-1;-1;-1;-1;-1;-1;-1;-1;-1;-1;-1;-1;-1;-1;-1;-1;-1
9399;67;No;No;No;No;-;9999;9999;9999;9999;-1;-1;-1;-1;-1;-1;-1;-1;-1;-1;-1;-1;-1;-1;-1;-1;-1;-1;-1;-1;-1;-1;-1;-1;-1
9400;70;No;No;No;No;-;9999;9999;9999;9999;-1;-1;-1;-1;-1;-1;-1;-1;-1;-1;-1;-1;-1;-1;-1;-1;-1;-1;-1;-1;-1;-1;-1;-1;-1
9401;80;No;No;No;No;-;9999;9999;9999;9999;-1;-1;-1;-1;-1;-1;-1;-1;-1;-1;-1;-1;-1;-1;-1;-1;-1;-1;-1;-1;-1;-1;-1;-1;-1
9402;70;No;No;No;No;-;9999;9999;9999;9999;-1;-1;-1;-1;-1;-1;-1;-1;-1;-1;-1;-1;-1;-1;-1;-1;-1;-1;-1;-1;-1;-1;-1;-1;-1
9403;75;No;No;No;No;-;9999;9999;9999;9999;-1;-1;-1;-1;-1;-1;-1;-1;-1;-1;-1;-1;-1;-1;-1;-1;-1;-1;-1;-1;-1;-1;-1;-1;-1
9404;115;No;No;No;No;-;9999;9999;9999;9999;-1;-1;-1;-1;-1;-1;-1;-1;-1;-1;-1;-1;-1;-1;-1;-1;-1;-1;-1;-1;-1;-1;-1;-1;-1
9405;68;No;No;No;No;-;9999;9999;9999;9999;-1;-1;-1;-1;-1;-1;-1;-1;-1;-1;-1;-1;-1;-1;-1;-1;-1;-1;-1;-1;-1;-1;-1;-1;-1
9406;47;No;No;No;No;-;58500;58500;-1;-1;-1;-1;-1;-1;-1;-1;-1;-1;-1;-1;-1;7540;-1;-1;-1;-1;-1;-1;-1;-1;-1;-1;-1;-1;-1
9407;95;No;No;No;No;-;9999;9999;9999;9999;-1;-1;-1;-1;-1;-1;-1;-1;-1;-1;-1;-1;-1;-1;-1;-1;-1;-1;-1;-1;-1;-1;-1;-1;-1
9408;91;No;No;No;No;-;9999;9999;9999;9999;-1;-1;-1;-1;-1;-1;-1;-1;-1;-1;-1;-1;-1;-1;-1;-1;-1;-1;-1;-1;-1;-1;-1;-1;-1
9409;71;No;No;No;No;-;9999;9999;9999;9999;-1;-1;-1;-1;-1;-1;-1;-1;-1;-1;-1;-1;-1;-1;-1;-1;-1;-1;-1;-1;-1;-1;-1;-1;-1
9410;63;No;No;No;No;-;9999;9999;9999;9999;-1;-1;-1;-1;-1;-1;-1;-1;-1;-1;-1;-1;-1;-1;-1;-1;-1;-1;-1;-1;-1;-1;-1;-1;-1
9411;70;No;No;No;No;-;9999;9999;9999;9999;-1;-1;-1;-1;-1;-1;-1;-1;-1;-1;-1;-1;-1;-1;-1;-1;-1;-1;-1;-1;-1;-1;-1;-1;-1
9412;75;No;No;No;No;-;9999;9999;9999;9999;-1;-1;-1;-1;-1;-1;-1;-1;-1;-1;-1;-1;-1;-1;-1;-1;-1;-1;-1;-1;-1;-1;-1;-1;-1
9413;78;No;No;No;No;-;9999;9999;9999;9999;-1;-1;-1;-1;-1;-1;-1;-1;-1;-1;-1;-1;-1;-1;-1;-1;-1;-1;-1;-1;-1;-1;-1;-1;-1
9414;101;No;No;No;No;-;9999;9999;9999;9999;-1;-1;-1;-1;-1;-1;-1;-1;-1;-1;-1;-1;-1;-1;-1;-1;-1;-1;-1;-1;-1;-1;-1;-1;-1
9415;64;No;No;No;No;-;9999;9999;9999;9999;-1;-1;-1;-1;-1;-1;-1;-1;-1;-1;-1;-1;-1;-1;-1;-1;-1;-1;-1;-1;-1;-1;-1;-1;-1
9416;66;No;No;No;No;-;9999;9999;9999;9999;-1;-1;-1;-1;-1;-1;-1;-1;-1;-1;-1;-1;-1;-1;-1;-1;-1;-1;-1;-1;-1;-1;-1;-1;-1
9417;102;No;No;No;No;-;9999;9999;9999;9999;-1;-1;-1;-1;-1;-1;-1;-1;-1;-1;-1;-1;-1;-1;-1;-1;-1;-1;-1;-1;-1;-1;-1;-1;-1
9418;108;No;No;No;No;-;9999;9999;9999;9999;-1;-1;-1;-1;-1;-1;-1;-1;-1;-1;-1;-1;-1;-1;-1;-1;-1;-1;-1;-1;-1;-1;-1;-1;-1
9419;63;No;No;No;No;-;9999;9999;9999;9999;-1;-1;-1;-1;-1;-1;-1;-1;-1;-1;-1;-1;-1;-1;-1;-1;-1;-1;-1;-1;-1;-1;-1;-1;-1
9420;85;No;No;No;No;-;9999;9999;9999;9999;-1;-1;-1;-1;-1;-1;-1;-1;-1;-1;-1;-1;-1;-1;-1;-1;-1;-1;-1;-1;-1;-1;-1;-1;-1
9421;70;No;No;No;No;-;9999;9999;9999;9999;-1;-1;-1;-1;-1;-1;-1;-1;-1;-1;-1;-1;-1;-1;-1;-1;-1;-1;-1;-1;-1;-1;-1;-1;-1
9422;78;No;No;No;No;-;9999;9999;9999;9999;-1;-1;-1;-1;-1;-1;-1;-1;-1;-1;-1;-1;-1;-1;-1;-1;-1;-1;-1;-1;-1;-1;-1;-1;-1
9423;63;No;No;No;No;-;9999;9999;9999;9999;-1;-1;-1;-1;-1;-1;-1;-1;-1;-1;-1;-1;-1;-1;-1;-1;-1;-1;-1;-1;-1;-1;-1;-1;-1
9424;111;No;No;No;No;-;9999;9999;9999;9999;-1;-1;-1;-1;-1;-1;-1;-1;-1;-1;-1;-1;-1;-1;-1;-1;-1;-1;-1;-1;-1;-1;-1;-1;-1
9425;115;No;No;No;No;-;1000;1000;1000;1000;-1;-1;-1;-1;-1;-1;-1;-1;-1;-1;-1;1000;-1;-1;-1;-1;-1;-1;-1;-1;-1;-1;-1;-1;-1
9426;75;No;No;No;No;-;9999;9999;9999;9999;-1;-1;-1;-1;-1;-1;-1;-1;-1;-1;-1;-1;-1;-1;-1;-1;-1;-1;-1;-1;-1;-1;-1;-1;-1
9427;104;No;No;No;No;-;9999;9999;9999;9999;-1;-1;-1;-1;-1;-1;-1;-1;-1;-1;-1;-1;-1;-1;-1;-1;-1;-1;-1;-1;-1;-1;-1;-1;-1
9428;78;No;No;No;No;-;9999;9999;9999;9999;-1;-1;-1;-1;-1;-1;-1;-1;-1;-1;-1;9999;-1;-1;-1;-1;-1;-1;-1;-1;-1;-1;-1;-1;-1
9429;65;No;No;No;No;-;1000;1000;1000;1000;-1;-1;-1;-1;-1;-1;-1;-1;-1;-1;-1;1000;-1;-1;-1;-1;-1;-1;-1;-1;-1;-1;-1;-1;-1
9430;118;No;No;No;No;-;9999;9999;9999;9999;-1;-1;-1;-1;-1;-1;-1;-1;-1;-1;-1;-1;-1;-1;-1;-1;-1;-1;-1;-1;-1;-1;-1;-1;-1
9431;120;No;No;No;No;-;9999;9999;9999;9999;-1;-1;-1;-1;-1;-1;-1;-1;-1;-1;-1;-1;-1;-1;-1;-1;-1;-1;-1;-1;-1;-1;-1;-1;-1
9432;107;No;No;No;No;-;9999;9999;9999;9999;-1;-1;-1;-1;-1;-1;-1;-1;-1;-1;-1;-1;-1;-1;-1;-1;-1;-1;-1;-1;-1;-1;-1;-1;-1
9433;94;No;No;No;No;-;9999;9999;9999;9999;-1;-1;-1;-1;-1;-1;-1;-1;-1;-1;-1;-1;-1;-1;-1;-1;-1;-1;-1;-1;-1;-1;-1;-1;-1
9434;64;No;No;No;No;-;9999;9999;9999;9999;-1;-1;-1;-1;-1;-1;-1;-1;-1;-1;-1;-1;-1;-1;-1;-1;-1;-1;-1;-1;-1;-1;-1;-1;-1
9435;88;No;No;No;No;-;9999;9999;9999;9999;-1;-1;-1;-1;-1;-1;-1;-1;-1;-1;-1;-1;-1;-1;-1;-1;-1;-1;-1;-1;-1;-1;-1;-1;-1
9436;82;No;No;No;No;-;9999;9999;9999;9999;-1;-1;-1;-1;-1;-1;-1;-1;-1;-1;-1;-1;-1;-1;-1;-1;-1;-1;-1;-1;-1;-1;-1;-1;-1
9437;83;No;No;No;No;-;9999;9999;9999;9999;-1;-1;-1;-1;-1;-1;-1;-1;-1;-1;-1;-1;-1;-1;-1;-1;-1;-1;-1;-1;-1;-1;-1;-1;-1
9438;72;No;No;No;No;-;9999;9999;9999;9999;-1;-1;-1;-1;-1;-1;-1;-1;-1;-1;-1;-1;-1;-1;-1;-1;-1;-1;-1;-1;-1;-1;-1;-1;-1
9439;99;No;No;No;No;-;9999;9999;9999;9999;-1;-1;-1;-1;-1;-1;-1;-1;-1;-1;-1;-1;-1;-1;-1;-1;-1;-1;-1;-1;-1;-1;-1;-1;-1
9440;82;No;No;No;No;-;9999;9999;9999;9999;-1;-1;-1;-1;-1;-1;-1;-1;-1;-1;-1;-1;-1;-1;-1;-1;-1;-1;-1;-1;-1;-1;-1;-1;-1
9441;119;No;No;No;No;-;9999;9999;9999;9999;-1;-1;-1;-1;-1;-1;-1;-1;-1;-1;-1;-1;-1;-1;-1;-1;-1;-1;-1;-1;-1;-1;-1;-1;-1
9442;121;No;No;No;No;-;9999;9999;9999;9999;-1;-1;-1;-1;-1;-1;-1;-1;-1;-1;-1;-1;-1;-1;-1;-1;-1;-1;-1;-1;-1;-1;-1;-1;-1
9443;99;No;No;No;No;-;9999;9999;9999;9999;-1;-1;-1;-1;-1;-1;-1;-1;-1;-1;-1;-1;-1;-1;-1;-1;-1;-1;-1;-1;-1;-1;-1;-1;-1
9444;112;No;No;No;No;-;9999;9999;9999;9999;-1;-1;-1;-1;-1;-1;-1;-1;-1;-1;-1;-1;-1;-1;-1;-1;-1;-1;-1;-1;-1;-1;-1;-1;-1
9445;83;No;No;No;No;-;9999;9999;9999;9999;-1;-1;-1;-1;-1;-1;-1;-1;-1;-1;-1;-1;-1;-1;-1;-1;-1;-1;-1;-1;-1;-1;-1;-1;-1
9446;79;No;No;No;No;-;9999;9999;9999;9999;-1;-1;-1;-1;-1;-1;-1;-1;-1;-1;-1;-1;-1;-1;-1;-1;-1;-1;-1;-1;-1;-1;-1;-1;-1
9447;106;No;No;No;No;-;9999;9999;9999;9999;-1;-1;-1;-1;-1;-1;-1;-1;-1;-1;-1;-1;-1;-1;-1;-1;-1;-1;-1;-1;-1;-1;-1;-1;-1
9448;93;No;No;No;No;-;9999;9999;9999;9999;-1;-1;-1;-1;-1;-1;-1;-1;-1;-1;-1;-1;-1;-1;-1;-1;-1;-1;-1;-1;-1;-1;-1;-1;-1
9449;103;No;No;No;No;-;1000;1000;-1;-1;-1;-1;-1;-1;-1;-1;-1;-1;-1;-1;-1;1000;-1;-1;-1;-1;-1;-1;-1;-1;-1;-1;-1;-1;-1
9450;82;No;No;No;No;-;9999;9999;9999;9999;-1;-1;-1;-1;-1;-1;-1;-1;-1;-1;-1;-1;-1;-1;-1;-1;-1;-1;-1;-1;-1;-1;-1;-1;-1
9451;64;No;No;No;No;-;9999;9999;9999;9999;-1;-1;-1;-1;-1;-1;-1;-1;-1;-1;-1;-1;-1;-1;-1;-1;-1;-1;-1;-1;-1;-1;-1;-1;-1
9452;84;No;No;No;No;-;9999;9999;9999;9999;-1;-1;-1;-1;-1;-1;-1;-1;-1;-1;-1;-1;-1;-1;-1;-1;-1;-1;-1;-1;-1;-1;-1;-1;-1
9453;71;No;No;No;No;-;9999;9999;9999;9999;-1;-1;-1;-1;-1;-1;-1;-1;-1;-1;-1;-1;-1;-1;-1;-1;-1;-1;-1;-1;-1;-1;-1;-1;-1
9454;79;No;No;No;No;-;9999;9999;9999;9999;-1;-1;-1;-1;-1;-1;-1;-1;-1;-1;-1;-1;-1;-1;-1;-1;-1;-1;-1;-1;-1;-1;-1;-1;-1
9455;78;No;No;No;No;-;9999;9999;9999;9999;-1;-1;-1;-1;-1;-1;-1;-1;-1;-1;-1;-1;-1;-1;-1;-1;-1;-1;-1;-1;-1;-1;-1;-1;-1
9456;76;No;No;No;No;-;9999;9999;9999;9999;-1;-1;-1;-1;-1;-1;-1;-1;-1;-1;-1;-1;-1;-1;-1;-1;-1;-1;-1;-1;-1;-1;-1;-1;-1
9457;65;No;No;No;No;-;9999;9999;9999;9999;-1;-1;-1;-1;-1;-1;-1;-1;-1;-1;-1;-1;-1;-1;-1;-1;-1;-1;-1;-1;-1;-1;-1;-1;-1
9458;25;No;No;Yes;No;-;1000000;1000000;1000000;1000000;-1;-1;-1;-1;-1;-1;-1;-1;-1;-1;-1;-1;-1;-1;-1;-1;-1;-1;-1;-1;-1;-1;-1;-1;-1
9461;152;No;No;No;Yes;-;995000;995000;995000;-1;-1;-1;-1;-1;-1;-1;-1;-1;-1;-1;-1;-1;-1;-1;-1;-1;-1;-1;-1;-1;-1;-1;-1;-1;-1
9462;28;No;No;Yes;No;-;995000;995000;995000;995000;-1;-1;-1;-1;-1;-1;-1;-1;-1;-1;-1;-1;-1;-1;-1;-1;-1;-1;-1;-1;-1;-1;-1;-1;-1
