PlayerId;TeamId;FranchiseId;GP;G;A;+/-;PIM;PP G;PP A;SH G;SH A;Fights;Fights_Won;HIT;GvA;TkA;SB;GR;Game Rating Off;Game Rating Def;SOG;TOI;PPTOI;SHTOI;PDO;GF/60;GA/60;SF/60;SA/60;CF;CA;CF%;CF% rel;FF;FA;FF%;FF% rel;GWG;FO;FOW
1;9;9;3;0;0;2;0;0;0;0;0;0;0;2;0;0;4;60;52;66;5;3294;0;62;102.8;2.2;1.1;32.8;28.4;49;45;52.1;0.3;33;32;50.8;0.0;0;0;0
7;44;30;7;4;3;2;2;0;0;0;0;0;0;3;1;3;6;67;65;62;12;6256;13;908;101.6;4.6;3.5;39.7;34.5;113;94;54.6;0.6;85;75;53.1;-0.9;1;18;11
16;14;14;6;0;2;4;2;0;0;0;0;0;0;5;3;5;9;58;50;67;7;6276;21;975;108.7;5.2;2.9;34.4;45.3;91;123;42.5;-6.4;71;95;42.8;-4.2;0;0;0
25;38;38;6;1;2;0;2;0;1;0;0;0;0;6;2;3;7;63;52;74;9;5452;870;737;106.5;2.0;2.0;17.2;39.0;47;114;29.2;-10.2;35;81;30.2;-10.0;0;0;0
30;1;1;6;1;2;6;2;0;0;0;0;0;0;5;1;3;12;60;52;68;9;5160;0;910;113.8;6.3;2.1;32.8;39.1;79;89;47.0;-0.2;56;64;46.7;-0.8;0;0;0
43;153;152;6;0;1;-1;2;0;0;0;0;0;0;8;4;0;14;56;49;64;11;5685;113;960;95.7;3.8;4.4;38.0;31.0;96;84;53.3;1.2;78;66;54.2;2.0;0;0;0
66;125;124;5;0;1;-4;2;0;0;0;0;0;0;4;0;2;18;67;54;80;5;5357;236;990;90.7;1.3;4.0;23.5;26.9;72;75;49.0;2.9;54;60;47.4;-0.2;0;0;0
74;60;18;7;0;4;-1;0;0;0;0;0;0;0;7;1;6;2;68;59;73;10;5875;82;614;96.5;3.1;3.7;39.2;32.5;112;91;55.2;3.6;91;66;58.0;5.5;0;9;4
82;28;28;6;0;3;-4;2;0;0;0;0;0;0;6;1;9;5;60;57;61;11;6358;15;422;91.2;3.4;5.7;39.1;32.3;109;84;56.5;3.4;80;68;54.1;-1.5;0;0;0
93;29;29;6;2;2;-1;8;0;1;0;0;0;0;9;2;0;2;68;72;57;8;5495;643;0;100.9;3.9;4.6;36.7;46.5;86;102;45.7;-11.8;62;79;44.0;-13.6;1;2;1
107;62;19;6;2;4;5;6;0;0;0;0;0;0;9;1;5;4;72;64;78;11;5475;114;914;108.7;4.6;1.3;33.5;26.3;84;66;56.0;2.0;64;51;55.7;1.9;0;15;6
110;38;25;6;0;2;0;2;0;0;0;0;0;0;10;3;2;22;61;48;76;4;5496;233;1082;110.9;4.6;4.6;20.3;39.3;63;115;35.4;-1.0;44;80;35.5;-2.2;0;0;0
112;48;14;7;4;2;1;2;2;0;0;0;0;0;6;1;4;8;70;67;69;29;5306;1422;0;102.2;2.7;2.0;29.2;28.5;90;85;51.4;-3.6;65;59;52.4;-2.4;0;2;1
118;54;10;7;2;3;-5;4;0;0;0;0;0;0;9;4;2;11;64;64;57;24;6354;1197;106;90.1;4.0;6.8;38.0;33.4;113;107;51.4;-4.1;84;83;50.3;-5.0;0;65;35
128;12;12;6;0;2;-2;0;0;0;0;0;0;0;1;1;5;1;58;54;61;3;3078;35;237;88.6;2.3;4.7;44.4;28.1;56;45;55.4;-0.1;44;27;62.0;4.7;0;37;15
129;34;2;4;2;1;1;0;1;1;0;0;0;0;3;1;1;0;72;61;83;10;3322;1017;172;103.8;1.1;0.0;28.2;32.5;61;52;54.0;10.3;43;39;52.4;10.5;2;0;0
137;26;26;1;0;0;-1;0;0;0;0;0;0;0;2;0;0;1;58;54;61;1;472;0;0;80.0;0.0;7.6;45.7;38.1;8;7;53.3;10.5;7;6;53.8;14.2;0;10;6
143;41;7;7;2;5;1;4;0;3;0;0;0;0;2;1;1;2;66;62;67;14;5526;641;143;104.4;3.9;3.3;29.3;36.5;79;100;44.1;-5.8;59;70;45.7;-6.0;0;15;5
153;3;3;7;0;0;-1;0;0;0;0;0;0;0;3;6;3;1;61;56;65;6;4052;464;0;97.4;0.0;0.9;27.5;34.6;65;59;52.4;6.1;40;48;45.5;-0.8;0;2;1
162;40;20;7;2;1;0;4;0;0;0;0;0;0;4;1;0;2;60;55;61;9;5036;1041;136;105.7;2.9;2.9;23.6;44.3;60;105;36.4;0.5;46;82;35.9;-0.9;0;56;35
207;59;1;4;0;0;1;0;0;0;0;0;0;0;3;0;2;1;66;57;74;4;2115;0;322;103.7;1.7;0.0;46.0;17.0;46;16;74.2;27.2;35;13;72.9;26.5;0;25;16
215;26;26;7;0;1;-7;2;0;0;0;0;0;0;8;2;2;7;59;57;57;16;8103;240;145;89.5;1.3;4.4;32.0;30.2;111;103;51.9;5.6;87;79;52.4;6.3;0;0;0
217;25;25;7;2;1;-5;0;0;0;0;0;0;0;7;7;3;1;64;64;55;19;6574;247;0;92.9;1.6;4.4;28.5;33.9;85;96;47.0;-1.5;56;73;43.4;-6.7;0;10;6
221;43;17;7;0;1;-8;4;0;0;0;0;0;0;2;1;2;0;62;59;60;8;4922;355;975;81.6;0.0;5.1;32.2;27.8;75;66;53.2;4.3;58;47;55.2;5.8;0;68;37
234;50;26;7;0;6;3;2;0;3;0;1;0;0;6;4;1;10;68;60;78;11;6480;774;401;101.8;5.0;4.4;31.7;31.7;100;109;47.8;3.3;77;80;49.0;6.2;0;0;0
262;56;56;6;2;1;8;0;0;0;0;0;0;0;9;3;1;6;68;50;88;9;6487;226;1008;110.4;4.4;0.0;42.7;16.6;142;56;71.7;18.2;102;42;70.8;15.4;0;0;0
300;18;18;7;1;2;-5;2;0;0;0;1;0;0;10;0;2;7;59;59;57;11;6991;86;384;92.0;2.6;5.7;29.9;34.0;100;99;50.3;-5.5;72;80;47.4;-8.6;0;0;0
305;14;14;6;2;1;0;4;1;0;0;0;0;0;8;3;7;3;60;57;65;13;7254;291;401;103.0;3.0;3.0;31.3;45.7;106;135;44.0;-4.4;71;110;39.2;-10.2;1;0;0
315;27;27;7;0;5;4;0;0;0;0;1;0;0;6;1;0;5;64;62;64;11;6994;331;381;106.0;4.1;2.6;32.4;38.6;100;128;43.9;-1.2;75;94;44.4;0.0;0;0;0
318;28;28;6;2;2;4;2;0;0;0;0;0;0;8;6;7;3;63;60;69;7;5506;113;242;102.7;5.9;3.3;37.9;25.5;86;72;54.4;0.3;70;49;58.8;5.2;0;66;27
332;44;30;7;2;5;1;4;1;1;0;0;0;0;16;1;0;2;67;64;64;19;6321;790;226;100.3;5.1;4.6;35.9;32.5;106;91;53.8;-0.5;86;69;55.5;2.5;1;92;55
340;17;17;7;0;0;-3;6;0;0;0;0;0;0;11;2;1;13;60;55;63;21;7582;206;809;96.1;1.4;2.8;31.3;33.7;107;110;49.3;6.1;75;82;47.8;6.6;0;0;0
343;59;1;7;2;1;10;0;0;0;1;0;0;0;5;1;5;11;77;52;96;15;7267;58;1331;109.5;4.5;0.5;36.2;17.3;122;65;65.2;-1.3;92;51;64.3;-3.3;1;0;0
344;40;10;5;0;2;-1;2;0;0;0;1;0;0;10;0;2;2;59;54;61;7;4699;196;403;95.3;3.1;4.6;34.5;33.7;75;72;51.0;-11.7;60;57;51.3;-11.0;0;0;0
350;54;10;6;0;2;3;2;0;0;0;0;0;0;10;1;0;5;60;52;69;13;5137;340;634;102.7;4.9;2.8;39.2;28.7;87;76;53.4;-2.0;65;58;52.8;-1.7;0;0;0
353;155;154;5;1;2;0;2;0;0;0;0;0;0;5;1;1;0;66;67;61;18;3088;1079;44;95.5;3.5;3.5;40.8;26.8;52;36;59.1;-9.3;43;26;62.3;-6.5;0;1;0
357;44;44;6;0;2;1;0;0;0;0;0;0;0;4;1;1;4;61;54;68;3;2773;0;871;95.7;5.2;3.9;38.9;22.1;57;33;63.3;8.5;41;24;63.1;8.4;0;43;20
361;27;27;7;1;0;-1;0;0;0;0;0;0;0;7;6;3;3;63;62;60;14;5572;448;0;101.7;2.6;3.2;26.5;40.1;78;96;44.8;0.2;48;75;39.0;-7.1;0;0;0
364;53;8;7;1;0;-5;8;0;0;0;0;0;0;26;0;0;0;55;56;43;11;4906;24;518;94.1;2.9;6.6;27.2;39.6;57;104;35.4;-0.8;45;77;36.9;0.4;0;8;3
377;14;14;2;1;2;2;5;0;0;0;0;1;0;2;0;2;2;65;61;71;4;2008;0;134;103.9;7.2;3.6;39.4;25.1;34;22;60.7;24.4;24;17;58.5;23.4;1;0;0
398;12;12;6;0;1;-5;0;0;0;0;0;0;0;6;1;3;22;58;51;67;6;5598;0;842;87.4;2.6;5.8;34.7;28.9;90;78;53.6;-2.9;70;51;57.9;-0.3;0;0;0
401;17;17;7;1;1;-10;0;0;0;0;0;0;0;10;8;1;3;61;61;55;9;6581;424;119;89.7;0.5;6.0;29.0;49.2;89;124;41.8;-4.8;58;103;36.0;-10.4;0;7;4
408;30;30;7;2;2;-7;2;0;0;0;0;0;0;15;1;2;10;62;62;59;17;8470;238;633;87.8;2.1;5.1;35.7;28.0;139;110;55.8;2.6;101;77;56.7;5.2;1;0;0
427;17;17;7;2;2;-1;4;1;0;0;0;0;0;8;5;2;1;61;57;62;11;3003;1227;112;112.3;4.8;3.6;24.0;46.7;29;57;33.7;-13.0;25;45;35.7;-8.6;1;0;0
430;8;8;7;4;7;8;2;1;1;1;0;0;0;8;7;9;2;77;79;73;13;6998;889;187;107.1;5.1;1.5;42.2;30.4;124;88;58.5;-2.4;91;71;56.2;-6.7;1;21;10
467;48;14;7;3;1;2;0;0;0;0;0;0;0;11;0;1;0;59;56;60;9;2837;15;628;100.7;5.1;2.5;40.6;21.6;56;25;69.1;17.4;45;22;67.2;15.2;2;7;3
469;21;21;7;1;3;2;5;0;0;0;1;1;0;10;3;4;4;66;59;71;7;4193;0;1142;104.1;2.6;1.7;27.5;32.6;50;59;45.9;-4.8;37;45;45.1;-3.3;0;20;10
472;19;19;7;1;4;3;10;0;0;1;0;0;0;4;6;1;1;59;57;59;16;5521;48;325;101.5;3.9;2.6;40.4;31.9;93;72;56.4;10.9;75;55;57.7;11.1;0;65;35
473;20;20;7;1;3;-2;6;0;0;0;0;0;0;10;2;2;2;66;69;56;12;6020;264;470;95.0;3.0;4.2;34.1;30.5;94;72;56.6;10.5;72;57;55.8;9.6;0;6;4
475;7;7;6;0;2;5;0;0;0;0;0;0;0;9;3;5;9;64;56;70;19;6083;166;235;103.8;4.1;1.8;43.8;31.4;106;86;55.2;0.9;83;65;56.1;2.5;0;0;0
484;53;53;7;0;2;-1;4;0;0;0;0;0;0;13;3;2;2;65;57;68;12;4911;249;65;99.5;2.2;2.9;32.3;40.3;80;97;45.2;2.4;57;71;44.5;1.3;0;52;26
489;50;26;7;0;0;-1;2;0;0;0;0;0;0;10;2;3;7;61;49;75;2;6315;41;1213;100.3;2.3;2.9;25.1;32.5;76;103;42.5;-4.5;60;80;42.9;-2.9;0;0;0
491;29;29;6;0;1;-4;0;0;0;0;0;0;0;2;3;2;2;61;60;54;10;5333;0;0;94.0;1.4;4.1;33.8;40.5;76;86;46.9;-9.5;58;70;45.3;-11.1;0;0;0
508;152;152;6;0;4;0;2;0;1;0;0;0;0;3;8;2;5;60;57;61;4;4985;148;120;100.6;5.1;5.1;33.2;34.7;68;81;45.6;3.2;54;56;49.1;5.5;0;14;5
509;125;124;7;1;0;0;8;1;0;0;0;0;0;19;1;2;3;62;56;64;10;5522;81;871;97.9;2.6;2.6;31.9;25.4;86;72;54.4;4.4;68;56;54.8;3.7;0;16;8
510;54;10;6;3;2;4;4;0;0;0;1;0;0;15;1;1;2;69;63;68;9;4425;115;692;106.1;4.1;1.6;33.4;26.8;71;56;55.9;1.5;47;41;53.4;-0.8;0;62;26
512;9;9;7;2;6;0;9;1;2;0;0;1;1;15;10;4;2;75;73;68;12;5869;1002;0;98.4;3.7;3.1;30.1;22.1;81;59;57.9;1.9;59;46;56.2;0.6;0;4;1
513;19;19;7;2;0;-4;4;1;0;0;0;0;0;11;3;5;0;66;66;62;8;4642;1046;19;95.3;2.3;3.9;34.9;34.1;70;65;51.9;4.4;53;48;52.5;3.4;0;0;0
516;125;124;6;3;3;1;2;1;1;0;0;0;0;7;2;0;1;65;59;68;11;3384;1290;212;106.3;5.3;3.2;34.0;34.0;54;59;47.8;-4.3;46;40;53.5;2.1;0;89;39
517;44;30;5;0;2;-1;0;0;0;0;0;0;0;12;1;0;5;56;52;57;7;5108;55;564;97.9;4.2;4.9;37.4;36.6;95;79;54.6;2.0;74;62;54.4;2.9;0;0;0
519;25;25;7;4;4;3;0;0;0;0;0;0;0;6;5;8;5;72;69;69;11;7161;182;301;103.6;4.5;3.0;36.7;34.7;113;115;49.6;2.3;83;83;50.0;2.4;0;10;6
522;8;8;7;4;9;8;8;0;2;0;0;0;0;8;3;5;2;75;84;62;30;6873;830;221;103.4;7.9;3.7;44.5;25.7;129;72;64.2;5.9;95;55;63.3;3.8;0;1;0
543;153;152;5;0;0;-4;0;0;0;0;0;0;0;6;2;0;2;63;53;72;8;4660;882;493;88.8;0.8;3.9;33.2;28.6;76;63;54.7;-0.8;61;47;56.5;1.3;0;0;0
549;153;152;6;1;5;0;2;0;0;0;1;0;0;5;2;1;9;61;57;58;10;4019;118;803;96.7;4.5;5.4;39.4;36.7;68;76;47.2;-8.0;52;58;47.3;-9.0;0;34;17
554;0;0;7;1;2;2;28;0;1;0;0;2;0;15;0;2;4;61;61;61;21;7100;147;208;100.6;3.5;3.0;33.0;29.9;102;84;54.8;9.2;75;73;50.7;4.3;0;0;0
581;29;29;6;0;1;-3;17;0;1;0;0;1;0;5;3;5;4;62;58;68;19;6356;346;637;94.5;1.1;2.3;44.7;28.3;122;72;62.9;13.5;96;59;61.9;13.5;0;0;0
609;50;26;7;2;3;1;2;0;0;0;0;0;0;6;0;2;4;60;58;55;11;4890;80;134;103.8;5.2;4.4;28.0;30.2;70;81;46.4;0.9;50;63;44.2;-0.9;0;2;2
612;44;30;4;0;3;2;0;0;0;0;0;0;0;3;2;1;2;62;52;70;8;4015;0;679;99.6;6.3;4.5;38.6;26.9;74;57;56.5;8.7;55;45;55.0;7.3;0;0;0
614;31;31;7;1;1;-3;2;0;0;0;0;0;0;10;1;1;10;54;51;59;7;5972;57;179;96.1;4.2;6.0;36.8;39.2;79;101;43.9;-5.8;62;80;43.7;-6.1;0;0;0
618;0;0;7;1;2;0;4;0;0;0;1;0;0;7;7;2;2;62;63;59;8;5872;0;373;99.6;3.1;3.7;27.6;31.9;68;88;43.6;-6.4;52;63;45.2;-3.3;0;5;3
664;36;3;4;1;0;-3;2;0;0;0;0;0;0;4;0;1;1;59;55;58;5;3121;0;546;90.5;1.2;4.6;33.5;35.8;46;50;47.9;6.1;40;40;50.0;9.3;0;16;8
670;155;154;7;0;5;9;0;0;0;0;1;0;0;6;0;4;11;66;52;82;11;6626;59;1254;108.0;4.3;0.5;40.2;19.6;136;62;68.7;3.7;104;48;68.4;2.6;0;0;0
676;44;30;7;2;4;-1;2;0;0;0;0;0;0;2;0;0;1;66;68;62;21;5427;1320;130;98.2;4.0;4.6;41.8;41.1;102;91;52.8;-1.8;87;77;53.0;-1.0;0;9;3
687;36;3;5;0;0;0;4;0;0;0;0;0;0;5;2;1;6;64;55;73;3;4191;0;750;99.9;1.7;1.7;33.5;32.6;62;63;49.6;7.4;49;48;50.5;8.8;0;68;36
689;2;2;7;2;4;3;0;0;1;0;0;0;0;19;3;2;1;73;70;72;9;5927;212;0;103.6;3.0;1.2;32.2;20.6;93;52;64.1;12.2;67;38;63.8;11.5;0;5;4
696;33;29;7;3;2;-3;0;1;0;0;0;0;0;7;1;5;19;76;59;84;9;4895;263;1263;96.2;2.9;5.1;25.0;33.1;64;89;41.8;-3.6;45;65;40.9;-4.9;0;76;45
697;12;12;6;0;3;1;12;0;0;0;0;0;0;5;2;6;13;66;58;76;11;7041;401;429;98.8;3.1;2.6;41.4;29.7;112;83;57.4;2.9;91;63;59.1;1.7;0;0;0
705;44;30;6;2;2;5;0;0;0;0;0;0;0;11;0;4;10;60;52;65;7;5620;0;861;102.3;7.7;4.5;39.7;26.3;99;74;57.2;6.3;81;57;58.7;8.5;0;3;1
717;28;28;7;0;3;-1;7;0;0;0;1;0;0;7;7;4;3;59;55;64;5;4878;0;55;93.6;2.2;3.7;28.0;25.8;71;60;54.2;0.0;48;41;53.9;0.7;0;63;34
720;44;30;7;2;0;-1;8;1;0;0;0;0;0;5;1;0;2;60;58;58;16;5628;862;78;97.7;1.9;2.6;38.4;35.2;103;89;53.6;-0.7;75;70;51.7;-2.8;0;1;1
728;30;30;7;0;4;1;0;0;0;0;0;0;0;15;8;3;2;67;65;60;10;6441;251;45;105.1;2.8;2.2;22.4;30.2;69;84;45.1;1.6;51;65;44.0;-2.9;0;0;0
729;10;10;7;1;0;-3;2;0;0;0;0;0;0;7;1;1;3;63;62;60;5;5048;0;734;94.3;2.1;4.3;32.8;34.9;64;71;47.4;-3.0;52;57;47.7;-1.6;1;3;2
731;32;23;7;0;3;1;8;0;2;0;0;0;0;11;3;1;2;71;65;74;13;7205;1152;583;100.1;5.0;4.5;31.0;28.0;111;111;50.0;1.0;86;81;51.5;0.9;0;0;0
736;55;9;7;2;4;1;4;0;1;0;0;0;0;14;3;0;5;68;62;73;24;5914;1195;138;101.8;3.7;2.4;37.7;31.0;112;90;55.4;2.8;88;72;55.0;1.3;0;9;4
748;124;124;7;0;1;2;6;0;0;0;0;0;0;6;1;3;8;58;55;62;11;6559;56;412;104.7;3.8;2.7;30.7;35.1;91;95;48.9;-0.8;66;76;46.5;-2.1;0;0;0
752;38;38;6;0;2;-4;2;0;0;0;0;0;0;4;1;0;8;65;52;78;7;5708;597;766;102.6;4.4;6.9;19.6;34.7;61;105;36.7;1.1;44;71;38.3;2.0;0;0;0
754;43;17;5;2;0;0;2;1;0;0;0;0;0;4;0;4;2;63;55;69;9;5097;343;586;101.5;2.8;2.8;26.1;30.4;75;80;48.4;-3.8;56;60;48.3;-5.9;1;0;0
764;31;31;5;1;0;0;2;0;0;0;0;0;0;2;0;0;1;59;53;55;6;2591;0;0;101.4;1.4;1.4;27.8;38.9;32;46;41.0;-7.4;21;34;38.2;-10.0;0;0;0
765;34;2;6;1;0;0;0;0;0;0;0;0;0;8;3;0;0;60;55;58;9;4206;0;235;99.1;2.6;2.6;44.5;38.5;86;65;57.0;9.1;64;53;54.7;8.7;0;0;0
766;7;7;6;4;2;2;2;0;0;0;0;0;0;6;6;5;2;64;56;69;9;4678;35;471;103.9;5.4;3.8;35.4;33.9;81;64;55.9;1.7;54;47;53.5;-1.2;0;96;53
768;48;14;5;0;1;1;2;0;0;0;0;0;0;9;1;0;5;63;48;79;4;4900;0;825;103.9;2.9;2.2;25.7;29.4;62;69;47.3;-7.2;46;52;46.9;-6.2;0;0;0
771;31;31;7;1;8;5;2;1;2;0;0;0;0;11;6;7;0;72;68;74;18;6639;881;953;108.1;6.5;3.3;38.0;35.8;100;96;51.0;4.2;80;75;51.6;5.1;0;116;59
773;40;20;7;2;0;0;4;0;0;0;0;0;0;9;2;2;2;62;58;59;3;5429;75;462;110.9;2.7;2.7;13.9;32.5;53;92;36.6;0.7;34;73;31.8;-6.4;0;14;8
774;48;14;7;0;4;4;2;0;0;0;0;0;0;6;1;4;9;62;53;68;8;7430;273;563;107.2;3.9;1.9;25.2;23.7;112;97;53.6;-0.7;78;66;54.2;0.0;0;0;0
775;59;1;1;1;0;1;2;0;0;0;0;0;0;0;0;0;0;66;58;72;1;579;0;0;125.0;6.2;0.0;24.9;56.0;5;16;23.8;-52.8;5;14;26.3;-45.1;0;0;0
778;153;152;7;2;2;-2;4;0;0;0;0;0;0;6;0;0;2;72;68;73;18;5434;651;140;94.1;3.3;4.6;33.1;29.1;89;76;53.9;2.1;73;58;55.7;4.1;1;84;34
786;43;17;1;0;1;1;0;0;0;0;0;0;0;2;0;0;0;74;53;99;2;961;130;99;114.3;3.7;0.0;26.2;37.5;8;15;34.8;-12.7;7;14;33.3;-18.1;0;0;0
788;44;30;7;3;1;1;2;0;0;0;0;0;0;3;0;2;6;63;60;65;20;6291;762;64;99.6;5.7;5.2;37.8;33.2;109;101;51.9;-3.3;88;82;51.8;-2.9;0;7;3
790;18;18;7;0;1;-3;7;0;0;0;0;1;1;11;1;4;15;62;56;65;10;8151;257;537;96.6;1.8;3.1;27.4;31.4;90;120;42.9;-1.8;75;90;45.5;-1.0;0;0;0
791;37;27;4;0;0;-2;18;0;0;0;0;0;0;7;3;4;5;66;50;80;9;3660;943;671;96.4;1.0;3.0;21.6;36.4;43;71;37.7;-3.0;31;54;36.5;-4.2;0;0;0
797;30;30;7;3;1;1;0;0;0;0;0;0;0;2;6;3;0;59;54;62;7;3246;222;168;110.6;4.4;3.3;25.5;48.8;31;62;33.3;-12.8;25;50;33.3;-15.6;1;28;13
801;27;27;7;2;3;1;2;0;0;0;1;0;0;8;1;4;0;65;61;68;7;5152;0;1112;102.5;2.8;2.8;29.3;39.8;72;90;44.4;-0.3;49;70;41.2;-4.2;0;68;33
802;3;3;7;0;2;-10;0;0;0;0;0;0;0;6;4;5;1;67;70;58;28;6219;1815;0;89.6;1.2;5.2;35.9;38.2;99;96;50.8;4.7;69;75;47.9;2.6;0;1;0
803;26;26;7;1;1;-3;4;0;0;0;0;0;0;7;3;2;1;63;64;58;11;5856;371;0;94.4;3.1;4.9;31.3;32.0;82;85;49.1;1.3;61;67;47.7;-0.7;0;0;0
815;10;10;7;0;3;-3;0;0;0;0;0;0;0;9;5;1;5;59;58;54;6;3968;0;22;91.6;3.6;6.3;36.3;34.5;66;69;48.9;-1.1;47;48;49.5;0.6;0;1;0
819;20;20;7;2;1;-2;4;0;0;1;0;0;0;8;4;0;2;59;60;51;9;5314;12;184;95.3;2.0;4.1;24.4;31.2;62;76;44.9;-5.6;45;55;45.0;-5.3;0;1;0
822;47;12;6;1;2;-7;0;0;2;0;0;0;0;8;1;2;3;65;60;66;18;5047;1353;174;92.0;0.7;5.7;22.1;50.6;52;114;31.3;-5.8;39;94;29.3;-5.2;0;12;6
823;12;12;6;5;4;-2;7;1;2;0;0;0;0;5;5;4;0;70;68;70;21;4982;1334;739;92.2;4.3;4.3;46.2;25.3;85;63;57.4;2.6;71;43;62.3;5.8;0;94;54
829;154;154;7;0;2;-1;2;0;1;0;0;0;0;17;2;8;9;66;61;72;12;6308;1629;405;104.7;2.9;2.3;25.7;35.4;64;91;41.3;-10.1;49;70;41.2;-12.1;0;0;0
834;18;18;7;1;1;-3;0;0;0;0;0;0;0;10;4;2;2;60;58;57;14;5031;13;52;92.2;1.4;3.6;28.6;27.9;77;62;55.4;1.5;52;45;53.6;0.3;0;0;0
836;54;10;6;0;5;6;6;0;0;0;1;0;0;7;3;2;5;65;53;76;8;5347;21;1389;108.8;6.1;2.7;34.3;30.3;82;73;52.9;-2.7;59;58;50.4;-5.2;0;0;0
839;12;12;6;2;0;-4;0;0;0;0;0;0;0;6;8;2;2;66;70;56;15;3811;295;52;85.6;1.9;5.7;43.4;30.2;57;52;52.3;-4.1;52;36;59.1;1.3;1;0;0
849;20;20;7;4;1;1;2;1;0;0;1;0;0;7;5;6;1;64;59;69;12;5332;50;726;98.8;2.7;2.7;32.4;28.4;75;68;52.4;4.3;56;51;52.3;4.3;1;64;31
852;43;17;6;0;0;-5;0;0;0;0;0;0;0;7;2;6;16;68;51;86;8;5783;476;877;89.6;0.0;3.1;22.4;29.9;73;80;47.7;-4.7;54;57;48.6;-5.6;0;0;0
853;9;9;2;0;0;-1;0;0;0;0;0;0;0;2;0;3;9;65;50;82;2;2002;0;15;96.6;1.8;3.6;21.6;30.6;21;39;35.0;-16.5;15;24;38.5;-9.6;0;0;0
861;8;8;7;2;6;6;2;0;1;0;0;0;0;8;5;3;3;69;72;63;18;6411;346;13;104.5;6.2;2.8;42.1;27.5;110;73;60.1;0.0;87;53;62.1;2.0;0;4;1
866;54;10;5;1;2;0;2;1;1;0;0;0;0;8;5;1;6;66;57;70;12;3349;364;481;89.9;2.1;2.1;40.8;14.0;76;34;69.1;20.8;47;25;65.3;16.1;0;40;22
867;14;14;6;1;3;5;2;0;1;0;0;0;0;1;9;5;2;62;53;70;9;4933;281;207;113.0;5.8;1.5;35.0;40.1;66;87;43.1;-4.7;52;62;45.6;0.2;0;62;28
870;43;17;7;1;1;2;6;0;0;0;0;0;0;10;1;1;4;66;60;70;13;5178;1168;147;108.1;2.1;0.0;25.7;25.7;70;76;47.9;-2.6;50;50;50.0;-1.0;0;4;3
875;10;10;7;0;2;-3;2;0;0;0;0;0;0;15;5;2;3;61;58;60;9;4690;0;88;95.0;2.3;4.6;27.6;34.5;69;70;49.6;-0.2;46;52;46.9;-2.6;0;2;1
877;41;7;7;1;2;3;2;0;0;0;0;0;0;13;2;2;5;71;56;77;12;4695;63;974;105.7;3.8;1.5;32.2;24.5;77;71;52.0;4.8;59;44;57.3;9.1;0;62;33
878;12;12;6;1;3;2;0;0;0;0;0;0;0;8;3;3;2;65;64;61;6;4727;0;197;104.7;4.6;3.0;36.6;38.8;68;70;49.3;-8.4;56;55;50.5;-10.3;0;5;3
882;3;3;7;1;1;-5;0;0;0;0;0;0;0;3;5;1;0;61;60;56;9;4924;578;103;94.2;1.5;5.1;23.4;42.4;57;84;40.4;-8.9;39;64;37.9;-10.4;1;20;8
883;154;154;7;4;3;3;6;0;0;0;0;0;0;5;3;7;2;69;65;73;13;5528;1756;0;108.3;5.2;2.0;35.2;30.0;82;70;53.9;7.5;60;51;54.1;5.7;1;110;46
885;25;25;7;0;2;0;0;0;0;0;0;0;0;8;1;7;9;63;55;68;10;6864;0;274;98.9;2.1;2.1;32.0;27.3;97;91;51.6;4.9;73;65;52.9;6.3;0;0;0
887;19;19;7;2;2;0;4;0;1;0;0;0;0;9;7;3;1;67;67;62;15;6374;590;314;98.1;2.8;2.8;36.7;29.4;99;90;52.4;5.7;78;66;54.2;6.4;1;25;14
896;56;21;6;0;7;5;2;0;2;0;0;0;0;3;3;6;4;74;66;80;23;5633;1075;0;109.4;3.8;0.6;32.6;26.8;97;80;54.8;-8.5;71;55;56.3;-7.3;0;6;4
899;125;124;4;0;0;-4;2;0;0;0;0;0;0;3;1;0;4;58;55;57;7;2791;227;95;81.8;0.0;5.2;27.1;28.4;39;44;47.0;-7.1;28;33;45.9;-7.5;0;0;0
903;33;12;6;1;0;1;2;0;0;0;0;0;0;7;1;1;5;67;55;74;8;3979;116;1388;103.7;2.7;1.8;29.0;31.7;62;64;49.2;7.7;48;45;51.6;10.5;0;62;32
911;59;1;4;1;3;4;0;0;1;0;1;0;0;3;0;1;0;69;66;71;6;3066;338;327;110.7;3.5;0.0;32.9;30.5;51;45;53.1;1.7;37;34;52.1;1.0;1;0;0
916;12;12;6;2;1;-1;2;0;0;0;0;0;0;12;5;5;1;68;64;66;13;3927;0;934;97.1;2.7;3.7;34.8;33.9;58;47;55.2;-0.4;46;39;54.1;-4.9;0;0;0
921;7;7;6;1;0;2;15;0;0;1;0;1;0;7;1;3;7;57;51;65;19;5866;0;364;98.6;3.1;2.5;50.9;33.1;120;85;58.5;5.9;94;67;58.4;6.1;0;0;0
922;54;10;4;0;1;0;0;0;0;0;0;0;0;9;1;2;1;64;56;68;1;2580;208;330;98.5;1.4;1.4;29.3;22.3;41;37;52.6;-6.2;29;27;51.8;-5.6;0;33;16
925;54;10;5;2;1;2;0;0;0;0;0;0;0;9;3;1;2;63;55;63;9;2994;39;370;103.6;6.0;3.6;38.5;30.1;50;44;53.2;-6.2;37;30;55.2;-1.9;1;33;18
928;24;24;6;1;4;6;2;0;0;0;0;0;0;1;6;2;3;68;70;60;17;5927;363;152;107.3;6.1;2.4;42.5;34.6;101;81;55.5;12.5;79;66;54.5;11.6;0;3;2
934;50;26;3;0;0;0;2;0;0;0;0;0;0;2;0;3;0;63;58;68;5;2344;221;109;100.0;0.0;0.0;32.3;20.0;45;24;65.2;4.2;35;16;68.6;10.9;0;5;2
938;155;154;7;0;3;4;4;0;0;0;0;0;0;3;1;1;4;65;59;70;11;4328;1261;217;105.0;4.2;0.8;42.4;17.5;79;43;64.8;-1.8;64;31;67.4;0.9;0;15;6
942;125;124;6;0;0;-1;2;0;0;0;0;0;0;1;3;2;10;60;51;70;6;5616;47;656;101.4;3.2;3.8;23.1;30.8;81;95;46.0;-7.3;59;72;45.0;-9.3;0;1;1
943;155;154;7;2;2;4;0;1;0;0;0;0;0;8;4;1;1;66;60;70;24;5755;1677;0;103.2;3.8;1.3;43.8;23.1;116;59;66.3;0.2;86;48;64.2;-3.5;1;7;2
946;29;29;6;1;2;-3;4;0;0;0;0;0;0;9;2;5;4;59;57;62;15;6805;375;242;95.8;4.2;5.3;31.7;30.2;101;94;51.8;-3.0;70;65;51.9;-1.9;0;0;0
947;36;3;4;2;0;-2;0;1;0;0;0;0;0;4;0;1;3;67;63;65;9;3097;955;72;94.0;2.3;4.6;27.9;32.5;48;48;50.0;6.4;34;36;48.6;6.8;0;4;0
949;0;0;7;0;2;4;4;0;0;0;0;0;0;6;0;7;5;60;53;65;9;6863;85;730;107.1;4.7;2.6;29.4;29.4;96;86;52.7;6.1;70;66;51.5;5.3;0;0;0
955;18;18;7;2;6;2;2;0;1;0;0;0;0;14;7;5;2;74;75;70;27;6320;1189;25;99.6;5.1;4.0;37.0;27.9;115;80;59.0;6.7;82;60;57.7;6.1;0;9;3
957;3;3;7;3;4;5;11;0;0;0;0;1;1;19;12;0;1;70;67;69;18;6256;202;964;105.4;5.2;2.3;40.3;31.1;97;88;52.4;6.1;80;64;55.6;10.5;0;3;1
959;154;154;7;2;5;4;4;0;1;0;0;0;0;12;5;3;4;72;72;69;18;5823;1626;44;106.8;5.6;2.5;37.1;30.3;85;82;50.9;3.4;67;56;54.5;6.5;0;9;5
962;3;3;7;1;2;-3;2;0;0;1;0;0;0;5;1;3;13;57;55;58;14;7369;0;490;97.3;2.9;4.9;30.3;39.6;100;126;44.2;-4.8;73;96;43.2;-4.4;0;0;0
963;33;29;7;0;5;-1;9;0;0;0;0;1;0;8;3;4;10;64;52;78;10;7776;163;1166;99.4;3.7;4.2;32.4;34.7;125;129;49.2;7.3;95;101;48.5;5.9;0;0;0
966;24;24;6;3;3;-3;2;1;2;0;0;0;0;10;11;6;4;70;64;77;13;4585;1260;40;101.0;2.4;3.1;20.4;29.8;48;60;44.4;-3.4;33;44;42.9;-5.4;0;7;3
967;123;31;7;2;4;-1;4;1;0;0;0;0;0;6;1;1;14;73;65;81;14;6916;864;662;98.9;3.6;4.2;34.9;35.9;118;109;52.0;-3.7;86;84;50.6;-5.6;0;0;0
971;152;152;6;0;0;-2;6;0;0;0;0;0;0;5;6;5;3;65;59;73;8;3996;0;971;94.9;0.0;1.8;28.8;35.1;44;61;41.9;-2.0;36;45;44.4;-1.0;0;20;5
975;153;152;4;0;2;2;0;0;1;0;0;0;0;5;0;2;2;69;60;76;8;3237;675;262;106.7;2.2;0.0;33.4;28.9;59;41;59.0;2.3;40;34;54.1;-6.7;0;0;0
978;38;38;5;1;1;-6;0;0;0;0;0;0;0;5;2;1;5;57;55;54;9;3671;168;522;95.0;2.9;8.8;22.6;49.0;38;94;28.8;-9.5;32;69;31.7;-7.7;0;6;1
980;50;26;5;5;3;2;2;2;1;0;0;0;0;8;0;2;4;71;74;65;22;4566;849;41;109.9;3.9;2.4;21.3;27.6;52;80;39.4;-7.4;37;60;38.1;-7.9;1;6;5
981;19;19;7;0;4;0;2;0;0;0;0;0;0;6;3;3;4;66;66;63;5;5494;516;45;101.6;2.6;2.6;30.8;38.0;70;82;46.1;-3.3;53;62;46.1;-5.1;0;6;2
1007;3;3;7;1;5;-4;5;0;1;0;0;1;0;10;6;8;3;66;64;67;18;6390;1857;177;97.9;5.1;5.6;38.3;36.6;103;106;49.3;2.7;77;75;50.7;6.6;0;87;37
1019;0;0;7;0;2;4;2;0;0;0;0;0;0;6;3;0;9;57;51;65;6;7831;82;801;111.4;4.1;2.3;24.4;40.9;82;130;38.7;-14.7;62;104;37.3;-15.9;0;0;0
1024;29;29;6;1;2;-3;2;0;0;0;0;0;0;4;0;2;2;60;60;57;8;2588;0;370;91.0;2.8;7.0;36.2;41.7;44;44;50.0;-4.5;30;34;46.9;-7.4;0;7;3
1025;31;31;7;5;7;9;6;0;2;0;0;0;0;15;9;3;0;72;77;61;27;5863;900;183;112.4;8.6;2.5;42.4;31.3;95;70;57.6;12.8;76;58;56.7;11.8;0;3;1
1029;3;3;7;1;3;2;4;0;0;0;0;0;0;5;10;4;2;64;62;62;10;5988;10;337;107.3;4.8;3.6;28.3;37.3;69;89;43.7;-6.3;50;73;40.7;-9.5;0;2;2
1031;47;10;6;0;0;-11;2;0;0;0;0;0;0;6;1;2;5;49;48;53;4;5283;173;723;88.5;0.7;8.2;20.4;55.2;52;132;28.3;-10.5;38;107;26.2;-9.9;0;0;0
1040;24;24;6;6;5;8;4;1;2;0;0;0;0;5;4;5;3;73;69;75;23;5350;1425;290;114.4;8.1;1.3;43.7;33.0;96;75;56.1;13.1;73;57;56.2;13.4;1;112;60
1047;44;30;7;2;4;-2;0;0;3;0;0;0;0;8;2;2;3;65;61;62;13;4765;671;48;91.6;3.0;4.5;31.0;24.9;80;70;53.3;-1.1;54;50;51.9;-2.2;0;6;2
1048;38;25;6;4;2;-1;4;3;1;0;0;0;0;9;0;2;7;77;64;85;16;4953;1905;649;101.2;2.2;2.9;20.4;30.5;55;82;40.1;5.7;39;57;40.6;5.1;2;4;1
1059;32;23;7;2;3;-2;6;1;1;0;0;0;0;6;2;2;8;66;61;68;15;6352;695;190;96.6;1.7;2.8;31.7;32.3;101;111;47.6;-2.6;79;80;49.7;-1.9;0;3;2
1062;37;37;7;3;2;-5;0;2;2;0;0;0;0;12;2;0;4;63;58;66;15;4960;1547;0;92.4;1.5;5.1;21.8;35.6;63;85;42.6;0.8;41;68;37.6;-5.7;1;10;4
1069;18;18;7;5;3;-1;4;0;2;0;0;0;0;13;9;2;3;73;77;62;19;6353;1253;485;96.8;3.4;3.4;34.6;26.1;115;74;60.8;9.2;81;57;58.7;7.3;0;31;21
1073;14;14;6;1;1;-4;2;0;0;0;0;0;0;5;9;3;2;58;57;56;10;4530;413;139;97.8;2.4;4.8;32.6;50.1;67;87;43.5;-4.2;47;75;38.5;-9.4;0;7;4
1085;12;12;6;1;4;-1;2;0;1;0;0;0;0;11;9;2;0;66;64;64;21;5610;1249;10;99.8;3.8;3.2;38.5;31.4;87;75;53.7;-2.6;67;53;55.8;-3.1;1;0;0
1086;43;17;7;3;3;-6;4;2;1;0;0;0;0;9;2;1;4;65;63;64;24;5912;1778;69;92.1;3.0;5.5;35.9;33.5;97;85;53.3;4.9;78;64;54.9;6.1;0;0;0
1087;21;21;3;0;0;1;0;0;0;0;0;0;0;1;1;3;4;58;50;68;7;3277;0;154;106.9;4.4;3.3;29.7;41.7;44;52;45.8;-2.3;30;44;40.5;-1.5;0;0;0
1100;27;27;7;1;3;2;2;0;0;0;1;0;0;6;3;5;2;69;68;69;12;5147;353;993;104.1;3.5;2.8;26.6;30.8;66;84;44.0;-0.9;49;53;48.0;4.6;0;19;11
1101;26;26;7;0;5;-1;4;0;0;0;0;0;0;11;3;4;7;57;56;57;15;6103;142;1144;101.0;5.9;6.5;35.4;41.3;75;106;41.4;-9.2;63;85;42.6;-7.7;0;0;0
1102;21;21;7;0;3;-4;0;0;0;0;0;0;0;5;7;3;0;64;65;51;17;5821;199;0;91.9;1.9;4.3;36.5;32.8;89;74;54.6;7.5;65;59;52.4;4.7;0;0;0
1103;27;27;7;3;7;2;4;0;0;0;0;0;0;11;8;5;3;70;73;63;14;7118;1209;34;103.5;6.1;5.1;36.9;38.9;115;129;47.1;3.7;85;93;47.8;5.2;0;6;3
1106;28;28;7;3;3;-2;9;0;0;0;0;1;0;14;13;3;2;71;68;68;12;6551;731;0;100.1;3.3;3.8;33.0;39.0;90;105;46.2;-2.7;67;81;45.3;-3.9;2;0;0
1113;28;28;6;0;0;-5;6;0;0;0;0;0;0;8;6;6;2;67;64;69;16;5536;247;0;87.7;0.7;3.9;39.7;28.0;99;68;59.3;7.2;69;51;57.5;3.4;0;0;0
1120;28;28;6;0;1;-2;0;0;0;0;0;0;0;7;1;2;2;61;57;63;3;2282;0;89;92.6;1.6;4.7;25.2;34.7;21;36;36.8;-19.4;17;25;40.5;-16.2;0;3;1
1128;12;12;6;3;5;-1;4;1;0;0;0;0;0;17;2;10;4;71;70;71;31;6721;1297;293;97.1;4.3;3.7;45.5;30.5;119;81;59.5;6.3;100;63;61.3;5.4;0;0;0
1134;14;14;6;1;2;-1;2;1;1;0;0;0;0;6;2;3;4;66;64;67;13;4091;883;0;100.9;2.6;2.6;37.0;42.2;78;74;51.3;6.2;54;56;49.1;4.7;0;0;0
1149;12;12;7;4;3;3;2;0;1;1;0;0;0;12;12;5;3;73;72;72;13;6804;1298;821;105.1;3.2;2.1;28.0;33.9;98;102;49.0;-1.2;68;77;46.9;-1.3;0;3;1
1152;12;12;7;0;5;-2;7;0;1;0;2;0;0;6;0;4;12;59;55;63;16;8153;315;1131;97.0;2.6;4.0;30.0;33.6;99;115;46.3;-4.7;76;85;47.2;-3.0;0;0;0
1156;27;27;7;1;2;6;4;0;0;0;0;0;0;6;4;4;5;60;55;66;14;7096;80;882;108.6;4.6;2.0;33.0;38.6;109;127;46.2;2.2;76;96;44.2;-0.3;1;0;0
1173;31;31;7;3;6;9;2;1;1;0;0;0;0;9;2;2;9;66;62;67;25;8731;740;556;111.1;6.2;2.1;35.9;33.8;119;124;49.0;1.5;95;96;49.7;2.7;1;0;0
1187;8;8;7;1;2;2;0;0;0;0;1;0;0;3;2;1;14;58;50;67;15;6075;0;1177;97.9;3.6;3.0;42.7;28.4;106;81;56.7;-4.8;81;58;58.3;-3.4;0;0;0
1212;124;124;7;2;3;0;4;0;1;0;0;0;0;12;1;7;2;75;78;69;11;6250;413;156;101.4;3.5;3.5;29.4;33.4;87;85;50.6;1.5;62;71;46.6;-1.9;0;0;0
1217;23;23;7;1;2;1;0;0;0;0;0;0;0;3;6;2;2;56;51;60;4;3822;8;49;102.6;2.8;1.9;36.7;36.7;60;61;49.6;-0.3;43;49;46.7;-3.3;1;47;20
1235;50;26;7;2;8;2;2;1;2;0;3;0;0;9;2;3;1;68;65;65;18;5800;576;544;100.9;2.5;2.5;28.6;31.7;87;89;49.4;5.3;65;70;48.1;4.6;0;10;8
1243;21;21;7;1;4;2;2;1;0;0;1;0;0;12;3;4;3;67;66;64;19;8146;1247;390;102.6;3.5;3.1;30.1;33.6;117;103;53.2;5.3;84;83;50.3;4.0;0;0;0
1252;14;14;4;1;0;0;2;0;0;0;0;0;0;0;3;3;0;56;50;64;7;2194;310;0;101.0;1.6;1.6;36.1;45.9;31;36;46.3;-2.2;22;32;40.7;-7.9;0;32;10
1255;14;14;6;0;1;1;6;0;0;0;0;0;0;7;3;3;0;57;54;62;13;6343;749;128;101.9;3.4;2.8;39.2;42.0;103;118;46.6;-0.1;78;90;46.4;1.5;0;0;0
1256;47;0;4;2;4;-1;0;0;1;0;0;0;0;3;0;2;4;67;68;62;16;3507;988;39;98.7;6.2;7.2;35.9;39.0;67;71;48.6;-1.9;50;54;48.1;-2.8;0;6;3
1258;18;18;7;1;0;-7;0;0;0;0;0;0;0;6;4;3;5;57;54;58;5;5159;0;0;84.2;1.4;6.3;30.0;30.7;73;70;51.0;-4.0;49;51;49.0;-5.5;0;60;28
1260;19;19;7;3;2;2;0;0;0;0;0;0;0;11;2;3;18;66;58;75;19;6884;76;1363;105.1;3.1;2.1;28.8;36.1;85;108;44.0;-6.6;66;82;44.6;-8.0;1;0;0
1261;34;2;7;0;1;-4;14;0;0;0;0;0;0;8;2;3;3;66;58;70;12;5266;141;831;88.9;0.7;3.4;33.5;26.0;102;61;62.6;15.1;78;45;63.4;18.9;0;74;41
1273;7;7;6;2;6;6;4;1;0;0;0;0;0;7;2;5;3;76;73;76;15;6121;1248;174;105.3;5.3;1.8;46.5;28.8;123;78;61.2;9.8;88;63;58.3;5.8;0;5;4
1279;14;14;5;1;2;2;2;0;1;0;0;0;0;8;2;3;5;62;57;68;13;4726;739;216;106.6;3.8;1.5;35.0;35.8;71;76;48.3;1.0;53;58;47.7;1.9;0;0;0
1292;9;9;7;4;3;-1;0;0;1;0;0;0;0;21;7;7;0;78;83;67;27;7064;1339;91;92.6;4.1;4.1;40.8;23.4;115;68;62.8;9.2;91;54;62.8;10.2;0;8;5
1298;40;40;7;0;1;-5;0;0;0;0;0;0;0;5;5;1;3;56;50;59;9;3856;155;233;87.8;0.9;5.6;23.3;34.5;38;72;34.5;-1.8;30;51;37.0;0.5;0;51;19
1310;44;44;6;1;1;-2;0;1;0;0;0;0;0;3;0;0;1;58;56;53;8;3340;267;126;88.5;2.2;4.3;32.3;23.7;65;47;58.0;2.3;44;33;57.1;1.5;0;27;12
1311;62;10;7;1;2;2;0;0;0;0;0;0;0;7;2;2;12;60;51;71;7;5564;114;1476;104.5;4.5;3.2;33.0;34.9;78;97;44.6;-0.1;64;76;45.7;1.3;0;0;0
1327;18;18;7;3;4;-2;2;0;1;0;0;0;0;11;11;3;1;67;70;59;23;6703;1206;243;97.7;4.3;4.8;43.0;39.2;113;104;52.1;-3.1;92;81;53.2;-0.3;1;17;7
1333;19;19;7;0;2;0;4;0;0;0;0;0;0;6;3;3;3;61;56;63;6;4309;31;1;103.5;1.7;1.7;20.0;34.3;45;70;39.1;-11.6;30;46;39.5;-12.6;0;3;2
1339;10;10;7;0;2;-2;0;0;0;0;0;0;0;8;8;6;3;68;67;68;6;5736;1352;143;96.3;3.1;4.4;33.9;33.9;90;77;53.9;5.5;62;59;51.2;3.0;0;17;8
1340;9;9;7;2;2;6;2;0;0;0;0;0;0;7;0;7;8;58;52;63;13;7891;33;440;103.8;5.9;3.2;36.5;25.5;123;76;61.8;8.0;90;61;59.6;5.8;0;0;0
1347;36;3;6;1;0;0;4;0;0;0;0;0;0;11;2;3;9;72;56;89;10;5555;993;464;102.1;0.6;0.0;31.1;26.6;96;78;55.2;11.7;73;59;55.3;14.0;0;0;0
1350;23;23;7;5;5;3;0;2;3;0;0;0;0;9;1;11;10;72;72;69;20;8321;1307;371;104.0;5.6;4.3;31.1;30.7;110;101;52.1;3.4;88;76;53.7;6.5;1;0;0
1353;38;10;5;0;0;-6;0;0;0;0;0;0;0;6;2;1;0;60;52;68;5;3580;62;279;88.2;0.0;6.0;26.1;51.3;42;83;33.6;-0.3;32;64;33.3;3.0;0;42;19
1359;2;2;7;2;5;6;4;0;1;0;0;0;0;14;8;2;2;70;69;65;11;6629;291;92;108.3;4.3;1.1;33.7;23.3;102;60;63.0;11.1;78;48;61.9;9.6;0;1;0
1375;21;21;7;2;2;-2;20;0;0;0;0;2;1;10;4;3;7;67;64;66;17;6740;22;166;94.4;3.2;4.3;29.9;26.2;98;69;58.7;12.2;67;55;54.9;9.7;0;7;1
1376;53;12;4;0;1;-1;4;0;0;0;0;0;0;5;1;0;2;61;50;55;2;2541;0;314;101.9;2.8;4.3;28.3;52.4;31;68;31.3;-11.3;25;51;32.9;-10.4;0;26;12
1377;152;152;7;5;1;1;2;0;0;0;0;0;0;3;4;6;2;62;59;62;15;5702;0;84;103.0;4.4;3.8;30.9;33.5;86;84;50.6;1.5;56;64;46.7;-1.7;0;75;40
1385;7;7;6;2;4;5;0;0;0;0;0;0;0;11;5;1;1;69;70;62;18;4589;558;0;106.6;5.5;1.6;46.3;29.8;86;64;57.3;3.6;66;46;58.9;6.0;0;0;0
1390;153;152;7;3;1;-3;9;0;0;1;0;1;1;18;3;0;3;61;61;54;14;6343;135;790;91.7;2.3;4.5;33.5;30.1;108;92;54.0;2.3;85;68;55.6;4.1;2;17;8
1391;0;0;6;1;1;3;0;0;0;0;0;0;0;1;5;3;2;59;53;62;10;4363;0;582;104.3;4.1;1.6;40.4;28.0;69;50;58.0;12.5;54;39;58.1;12.6;0;49;21
1393;9;9;6;0;3;4;2;0;1;0;0;0;0;10;0;6;3;65;61;65;17;7033;891;184;101.8;4.6;2.6;36.3;23.5;112;66;62.9;5.3;83;53;61.0;4.5;0;0;0
1395;50;26;6;3;4;-1;2;2;2;0;0;0;0;4;1;0;0;66;61;69;14;3917;1237;0;102.9;2.8;3.7;24.8;45.0;57;73;43.8;-1.4;39;58;40.2;-5.5;1;72;30
1398;10;10;7;1;2;-4;4;0;0;1;0;0;0;6;3;7;4;60;58;64;11;5730;137;511;90.5;1.3;4.4;31.4;32.7;72;78;48.0;-2.3;56;60;48.3;-0.9;0;81;33
1399;43;43;6;0;1;-7;2;0;0;0;0;0;0;11;1;0;3;59;56;54;7;3319;5;691;82.1;2.2;9.8;30.4;39.0;58;57;50.4;-0.6;43;43;50.0;-2.2;0;15;12
1400;0;0;7;1;4;3;8;0;0;0;1;0;0;9;1;3;6;69;67;70;21;8775;834;415;104.0;3.3;2.1;32.8;34.5;127;130;49.4;1.7;92;97;48.7;1.6;1;0;0
1403;23;23;7;6;3;2;4;2;1;0;0;0;0;15;12;8;1;72;73;68;28;6541;1315;47;104.3;5.0;3.9;32.5;35.2;90;86;51.1;1.8;70;69;50.4;1.4;0;4;1
1404;29;29;6;0;4;-3;29;0;0;0;0;3;2;11;9;5;0;69;67;62;6;5676;58;313;95.6;2.5;3.8;32.3;31.1;90;73;55.2;1.9;67;56;54.5;1.8;0;1;1
1407;33;29;7;0;6;3;0;0;3;0;0;0;0;10;2;1;3;74;66;76;11;6676;1238;342;109.7;4.3;2.7;25.3;36.7;79;114;40.9;-5.2;61;91;40.1;-6.5;0;106;51
1408;40;40;6;3;1;1;0;0;0;0;0;0;0;7;2;1;4;63;55;70;5;2990;79;401;114.6;3.6;2.4;18.1;44.5;27;62;30.3;-8.2;25;46;35.2;-3.7;1;31;15
1413;14;14;6;2;0;-4;0;0;0;0;0;0;0;4;4;2;5;59;52;64;6;4031;120;763;97.0;2.7;6.3;30.4;52.7;71;89;44.4;-3.1;47;73;39.2;-8.5;1;62;35
1415;124;124;7;0;4;4;7;0;0;0;0;1;1;7;0;6;3;64;60;67;18;7828;461;155;106.0;4.1;2.3;32.7;34.5;112;113;49.8;0.4;81;90;47.4;-0.9;0;0;0
1424;14;14;6;0;3;3;0;0;0;0;0;0;0;5;3;5;6;73;70;75;14;5281;880;57;106.0;2.7;0.7;34.8;37.5;74;89;45.4;-1.7;57;67;46.0;0.7;0;0;0
1425;8;8;7;3;3;3;0;1;0;0;0;0;0;12;4;4;3;65;61;67;15;5061;168;1124;101.1;5.7;3.6;42.7;29.2;94;61;60.6;0.7;73;45;61.9;1.5;0;0;0
1426;59;1;6;0;1;1;9;0;0;0;0;0;0;10;2;2;4;57;49;66;9;6481;161;937;98.5;3.3;2.8;36.7;26.1;110;87;55.8;5.1;89;62;58.9;9.5;0;0;0
1429;30;30;7;5;3;3;4;0;1;0;0;0;0;6;6;9;2;68;64;71;29;7599;1004;44;105.5;3.8;2.4;26.5;27.0;86;92;48.3;6.5;68;68;50.0;6.0;1;95;46
1432;154;154;7;0;1;-3;9;0;0;0;0;1;0;7;11;10;9;65;53;80;14;5143;620;1376;93.9;1.4;3.5;29.4;32.2;55;70;44.0;-5.9;44;54;44.9;-6.5;0;56;25
1448;20;20;7;2;2;3;0;0;0;0;0;0;0;13;8;2;4;68;62;73;18;5356;165;0;105.0;4.0;2.0;34.9;30.9;70;73;49.0;1.1;57;57;50.0;2.5;0;0;0
1449;57;12;1;0;0;-1;0;0;0;0;0;0;0;3;0;0;0;65;56;75;1;685;251;0;50.0;0.0;5.3;15.8;10.5;10;6;62.5;16.9;5;4;55.6;11.3;0;0;0
1456;9;9;6;1;1;1;0;1;0;0;0;0;0;15;2;3;5;63;59;61;10;6323;562;393;102.7;4.6;3.4;31.9;29.6;95;77;55.2;-2.8;70;63;52.6;-6.7;0;0;0
1463;32;23;3;0;4;6;4;0;0;0;0;0;0;0;0;0;4;65;58;73;0;2852;4;165;125.7;8.8;1.3;29.0;26.5;50;45;52.6;0.6;32;31;50.8;-3.1;0;0;0
1464;125;124;7;1;2;-2;7;0;1;0;0;1;0;10;6;4;0;63;54;63;16;5949;256;273;94.1;1.8;3.0;30.3;25.4;98;72;57.6;9.0;72;57;55.8;5.1;0;6;3
1465;47;12;6;1;1;-4;14;0;0;0;0;0;0;13;3;1;7;64;50;80;14;6321;568;481;94.7;1.1;3.4;26.2;35.3;77;115;40.1;6.8;60;95;38.7;8.5;0;0;0
1468;36;3;6;0;1;-1;4;0;0;0;0;0;0;11;0;1;2;63;61;58;7;5127;127;384;98.1;0.7;1.4;27.4;31.6;77;90;46.1;2.4;50;67;42.7;-1.5;0;6;0
1472;30;30;7;0;1;2;2;0;0;0;0;0;0;15;0;2;18;64;56;74;11;7852;0;1175;104.5;2.8;1.8;25.2;28.4;80;101;44.2;0.4;61;74;45.2;-1.3;0;0;0
1482;19;19;7;0;0;-2;0;0;0;0;0;0;0;12;2;2;2;61;55;63;5;4008;61;5;97.8;1.8;2.7;35.0;36.8;59;64;48.0;-0.6;47;45;51.1;1.5;0;0;0
1484;125;124;6;1;1;-4;2;0;1;0;0;0;0;3;0;0;2;58;54;56;13;4777;152;606;89.2;2.3;5.3;33.9;30.1;80;74;51.9;-3.2;62;55;53.0;-4.3;0;79;41
1490;43;43;6;0;2;-4;0;0;0;0;0;0;0;4;0;0;2;64;57;66;4;3244;807;0;85.5;1.1;5.5;27.7;30.0;54;44;55.1;5.2;38;36;51.4;-0.4;0;6;1
1491;37;37;7;2;2;2;4;0;0;0;0;0;0;5;1;3;1;64;55;67;13;4643;296;302;100.8;4.7;3.1;41.1;29.5;79;72;52.3;13.8;66;52;55.9;18.8;0;19;13
1492;62;62;7;0;2;1;7;0;0;0;0;1;1;7;0;0;2;55;52;47;2;3235;0;421;111.7;4.5;3.3;21.1;35.6;31;62;33.3;-3.1;27;43;38.6;2.4;0;19;7
1494;53;53;7;0;2;-3;2;0;1;0;0;0;0;7;1;0;5;65;57;69;23;5174;718;0;94.8;0.0;2.1;36.2;40.4;89;92;49.2;7.7;72;72;50.0;8.8;0;91;44
1506;8;8;7;0;2;3;2;0;0;0;0;0;0;6;3;3;6;59;55;66;22;6956;262;355;98.4;3.6;2.1;52.8;24.3;149;83;64.2;6.4;114;60;65.5;7.4;0;0;0
1509;10;10;6;0;2;0;17;0;0;0;0;1;1;2;5;0;1;56;51;53;2;2678;0;41;100.9;2.7;2.7;26.9;29.6;33;36;47.8;-7.3;25;25;50.0;-5.7;0;1;0
1511;38;38;3;1;1;-1;4;0;0;0;0;0;0;20;0;0;0;61;59;48;6;2273;102;398;89.1;4.8;6.3;26.9;22.2;28;39;41.8;13.1;21;23;47.7;17.8;0;11;2
1526;33;29;7;4;4;1;4;0;2;1;1;0;0;11;2;2;17;64;60;69;13;6373;1440;528;101.0;4.0;5.1;29.4;40.7;83;128;39.3;-9.6;65;98;39.9;-7.7;1;0;0
1530;153;152;7;2;1;-1;13;0;0;0;0;1;0;13;2;1;1;60;58;59;14;5768;143;443;96.5;1.9;2.5;32.5;26.8;82;83;49.7;-3.6;66;58;53.2;0.7;0;10;5
1537;56;56;6;0;1;1;4;0;0;0;0;0;0;10;1;0;4;56;50;63;4;5813;10;589;99.6;2.5;1.9;30.3;21.7;97;75;56.4;-6.0;70;47;59.8;-2.1;0;0;0
1538;53;53;7;0;4;1;2;0;2;0;0;0;0;7;3;2;5;68;59;76;13;6383;1140;0;105.1;2.8;1.7;29.3;37.8;81;122;39.9;-4.9;58;93;38.4;-7.0;0;102;54
1543;153;153;2;0;0;0;0;0;0;0;0;0;0;2;0;1;0;64;51;78;1;1848;0;109;98.3;1.9;1.9;23.4;19.5;35;22;61.4;17.3;18;17;51.4;5.2;0;0;0
1553;31;31;7;5;5;3;0;2;1;0;0;0;0;16;11;5;0;72;69;71;18;5453;786;60;106.1;5.9;3.3;37.0;33.0;83;71;53.9;7.7;60;57;51.3;4.2;2;4;1
1563;125;124;5;0;2;1;0;0;0;0;0;0;0;5;2;1;13;62;55;70;8;4620;216;802;100.8;3.9;3.1;33.5;28.8;73;57;56.2;5.6;56;41;57.7;5.7;0;0;0
1566;27;27;7;1;2;2;0;1;1;0;0;0;0;7;1;4;4;65;62;65;18;7618;1192;287;104.5;2.8;2.4;24.1;32.6;102;124;45.1;0.6;67;81;45.3;1.3;0;0;0
1572;26;26;5;1;1;4;6;0;0;0;0;0;0;5;1;2;10;60;57;64;11;5004;112;51;100.0;5.8;2.9;40.3;20.1;87;55;61.3;0.5;70;35;66.7;9.5;0;3;0
1573;36;3;7;1;5;-1;0;0;1;0;0;0;0;5;0;2;5;66;60;66;14;6248;982;411;101.7;2.3;2.3;27.7;34.6;90;110;45.0;-0.0;69;81;46.0;2.7;0;14;11
1575;17;17;7;0;4;2;0;0;0;0;2;0;0;8;0;7;11;64;58;68;13;7674;25;591;100.6;2.8;3.3;31.9;39.9;106;138;43.4;-2.6;75;105;41.7;-2.3;0;0;0
1576;30;30;7;3;3;-1;17;2;2;0;0;1;0;7;5;3;3;75;79;67;17;7108;997;0;99.3;1.5;2.0;22.8;27.3;69;93;42.6;-1.9;54;66;45.0;-1.5;1;1;1
1580;29;29;6;4;0;1;0;1;0;0;0;0;0;4;4;3;2;63;60;61;11;5162;404;156;99.1;4.9;3.5;43.2;28.6;92;63;59.4;7.5;72;48;60.0;9.4;0;82;45
1586;53;53;7;0;0;-3;18;0;0;0;0;0;0;12;0;0;5;63;57;59;10;4467;42;486;93.6;0.0;2.4;29.8;37.9;62;90;40.8;-3.3;52;67;43.7;0.2;0;14;9
1587;19;19;7;2;4;0;4;0;0;0;1;0;0;7;0;2;11;63;61;63;12;8032;124;611;99.9;3.1;3.1;33.2;32.7;127;112;53.1;7.8;92;83;52.6;4.5;0;0;0
1590;25;25;7;2;3;0;4;1;1;0;0;0;0;4;7;3;0;64;63;63;11;3500;1205;0;96.8;3.1;3.1;43.2;29.8;59;50;54.1;7.3;46;34;57.5;10.9;0;0;0
1595;7;7;6;2;2;2;2;1;1;0;0;0;0;5;0;5;7;65;63;64;26;7262;1150;590;103.5;5.0;4.0;33.2;34.7;104;108;49.1;-8.5;76;84;47.5;-10.4;1;0;0
1610;123;31;5;3;3;0;4;3;2;0;0;0;0;4;0;3;2;68;66;70;17;3617;1052;58;98.5;2.0;2.0;36.8;28.9;58;50;53.7;2.6;46;36;56.1;4.6;0;1;1
1612;54;10;2;0;1;-2;2;0;0;0;0;0;0;0;1;0;1;54;56;46;2;1328;0;199;82.8;2.7;8.1;46.1;35.2;25;20;55.6;-8.4;17;17;50.0;-13.0;0;4;1
1613;123;31;5;1;1;1;6;0;0;0;0;0;0;6;0;1;3;57;55;50;9;2870;1;288;104.1;5.0;3.8;33.9;35.1;50;50;50.0;-7.9;38;36;51.4;-4.1;0;0;0
1616;153;152;7;2;2;3;2;1;0;0;0;0;0;8;1;1;0;70;62;73;15;6286;403;347;105.7;2.3;0.6;28.6;25.2;101;81;55.5;4.3;73;58;55.7;4.1;0;7;3
1626;153;152;7;1;2;-2;14;1;2;0;0;0;0;2;1;1;5;63;61;62;18;5043;1350;109;95.1;1.4;2.9;29.3;29.3;73;87;45.6;-9.0;54;65;45.4;-9.6;0;2;1
1627;124;124;7;0;3;-3;0;0;0;0;0;0;0;19;5;2;1;67;67;59;14;5963;448;847;96.4;3.0;4.8;29.0;34.4;80;82;49.4;-0.2;57;69;45.2;-3.7;0;13;7
1647;53;10;7;1;3;0;2;0;1;0;0;0;0;8;2;2;2;63;61;63;15;5207;413;0;102.6;3.5;3.5;31.1;40.8;83;109;43.2;-2.0;58;81;41.7;-4.1;0;5;0
1648;2;2;7;0;0;-4;5;0;0;0;0;1;0;3;3;4;3;60;56;60;7;4170;40;94;84.0;0.9;4.3;33.7;23.3;62;54;53.4;-1.9;45;33;57.7;3.1;0;45;23
1650;48;14;7;2;1;1;2;0;0;0;0;0;0;10;1;3;0;60;58;58;11;5097;405;256;103.6;3.5;2.8;28.3;31.8;77;81;48.7;-7.1;57;59;49.1;-6.7;1;3;2
1655;21;21;7;0;4;0;0;0;0;0;0;0;0;15;5;3;5;62;60;59;9;5638;102;68;102.9;4.5;4.5;29.4;36.4;71;86;45.2;-6.2;53;66;44.5;-4.4;0;3;1
1656;21;21;7;3;2;0;2;0;0;0;0;0;0;5;3;9;2;67;63;64;13;6265;353;589;103.4;4.0;4.0;26.4;33.9;84;83;50.3;0.6;58;67;46.4;-1.9;0;82;37
1657;44;30;7;0;0;-9;0;0;0;0;0;0;0;7;1;2;4;64;52;76;16;6947;198;438;87.5;1.0;5.7;37.3;37.3;112;120;48.3;-8.9;88;93;48.6;-7.7;0;0;0
1661;56;21;6;4;1;6;2;0;0;0;0;0;0;4;2;2;2;68;65;70;14;4797;422;487;111.2;5.3;0.8;33.8;17.3;86;46;65.2;6.3;61;30;67.0;7.6;1;7;3
1662;29;29;6;5;3;0;6;1;1;0;0;0;0;9;4;3;3;73;68;70;28;5965;687;1165;97.5;3.6;3.6;41.0;32.0;116;79;59.5;8.5;87;60;59.2;9.0;0;130;62
1672;10;10;7;1;1;3;6;0;0;0;0;0;0;9;1;3;9;63;58;68;16;6557;1179;562;105.2;3.3;2.2;31.3;41.2;89;110;44.7;-7.2;66;85;43.7;-7.6;0;0;0
1673;155;154;7;1;2;3;4;0;0;0;0;0;0;6;3;1;3;67;59;73;19;5259;1783;0;104.8;2.7;0.7;35.6;23.3;89;62;58.9;-9.6;71;49;59.2;-10.0;0;0;0
1684;28;28;7;0;1;0;5;0;0;0;0;1;0;2;5;1;3;58;54;60;11;4388;0;176;102.2;2.5;2.5;28.7;38.6;52;78;40.0;-10.1;41;57;41.8;-7.7;0;45;14
1686;34;2;6;0;1;-4;16;0;0;0;0;0;0;6;2;1;5;62;58;64;7;4298;246;429;90.9;0.0;3.4;20.9;36.9;65;68;48.9;-0.4;47;57;45.2;-1.6;0;9;1
1699;36;3;5;0;0;-1;2;0;0;0;0;0;0;5;0;1;5;74;59;82;9;4747;243;420;97.5;3.0;3.8;30.3;30.3;69;74;48.3;8.1;55;59;48.2;7.8;0;75;42
1702;55;9;7;0;1;0;0;0;0;0;0;0;0;8;2;0;9;61;49;75;16;7091;587;883;97.6;2.0;2.0;43.2;28.4;150;99;60.2;10.8;114;71;61.6;11.8;0;0;0
1704;37;37;7;1;4;0;2;1;2;0;0;0;0;9;2;2;1;68;59;71;11;4500;1404;0;102.8;1.6;1.6;22.4;36.8;47;90;34.3;-9.9;36;65;35.6;-8.1;0;14;5
1708;38;25;6;0;1;-7;4;0;0;0;0;0;0;6;2;2;11;56;51;58;10;5456;1195;985;92.3;2.0;6.6;17.2;34.3;58;106;35.4;-1.0;40;77;34.2;-4.0;0;0;0
1715;55;9;6;1;3;4;2;0;0;0;0;0;0;5;3;0;3;76;63;83;17;5202;907;442;108.7;3.5;0.7;30.4;25.6;83;75;52.5;0.4;65;58;52.8;-0.6;0;65;35
1718;50;26;7;1;6;3;2;1;2;0;0;0;0;7;1;2;3;75;67;79;13;5186;1188;0;106.1;3.5;1.4;28.5;22.9;68;67;50.4;6.0;55;49;52.9;10.3;0;96;45
1724;8;8;7;0;7;9;8;0;0;0;0;0;0;13;2;4;14;62;55;69;16;8176;280;773;105.5;7.0;3.5;36.1;25.1;131;86;60.4;0.4;102;62;62.2;2.3;0;0;0
1745;25;25;7;0;4;-2;0;0;0;0;0;0;0;3;0;4;10;59;56;62;20;7608;5;392;97.4;2.8;3.8;36.9;36.9;118;128;48.0;-0.1;89;91;49.4;1.7;0;0;0
1750;8;8;7;3;5;11;6;0;1;0;0;0;0;19;4;9;8;69;64;72;13;7888;952;436;110.9;7.3;2.3;39.2;29.7;131;101;56.5;-5.6;95;77;55.2;-8.3;1;0;0
1751;0;0;7;1;1;1;0;0;0;0;0;0;0;13;5;0;3;72;73;65;12;5845;0;554;102.9;1.2;0.6;23.4;25.9;59;77;43.4;-6.6;45;52;46.4;-4.5;0;1;1
1752;25;25;7;0;3;-3;2;0;0;0;0;0;0;0;3;2;0;56;55;52;9;3530;1;103;90.5;4.1;7.1;45.9;38.7;60;58;50.8;3.4;49;45;52.1;4.6;0;38;14
1755;36;3;7;0;1;-5;18;0;0;0;0;0;0;14;6;3;5;57;49;64;16;6778;255;502;94.7;1.1;3.2;29.7;36.1;105;123;46.1;1.6;76;95;44.4;0.5;0;0;0
1757;45;28;7;3;3;-6;4;2;0;0;0;0;0;12;2;4;1;65;62;66;21;6261;2125;496;88.0;2.3;5.7;28.7;28.7;99;85;53.8;-3.3;68;67;50.4;-8.0;2;0;0
1760;9;9;6;2;2;1;2;0;0;0;0;0;0;10;4;5;4;69;67;67;8;4216;92;8;101.1;5.1;4.3;32.4;29.0;60;57;51.3;-3.5;42;42;50.0;-5.6;0;1;0
1761;25;25;7;2;0;2;4;0;0;0;0;0;0;5;3;4;2;60;57;59;7;4225;0;28;103.8;4.3;2.6;35.8;31.5;66;66;50.0;2.4;50;45;52.6;5.3;1;13;9
1762;37;37;7;1;4;-1;2;1;3;0;0;0;0;2;0;0;2;66;59;72;14;4443;1888;0;101.3;1.6;2.4;22.7;41.3;50;82;37.9;-5.2;39;67;36.8;-6.7;0;96;45
1763;2;2;7;1;2;1;19;0;0;0;0;1;0;5;0;4;9;59;57;62;19;6799;0;452;98.3;4.2;3.7;37.6;28.6;116;80;59.2;6.3;85;62;57.8;4.0;1;0;0
1764;2;2;6;2;3;0;0;0;0;0;0;0;0;6;10;2;0;60;57;61;14;4615;427;0;96.6;3.9;3.1;42.9;25.0;86;54;61.4;10.0;62;39;61.4;10.6;0;0;0
1765;50;26;6;2;5;4;2;1;2;0;0;0;0;7;0;1;2;72;68;73;16;4633;1231;31;111.4;6.2;3.1;30.3;34.2;63;75;45.7;1.0;46;62;42.6;-1.2;0;4;2
1766;20;20;7;2;2;-2;0;0;0;0;0;0;0;9;11;5;2;60;55;61;13;6378;295;378;98.3;2.8;4.0;31.0;36.7;86;84;50.6;2.0;64;72;47.1;-2.9;0;66;29
1767;9;9;5;1;5;4;0;0;1;0;0;0;0;4;7;2;1;69;69;65;11;3707;522;14;109.6;6.8;2.9;37.9;35.0;61;50;55.0;-7.6;44;42;51.2;-9.9;0;5;3
1769;7;7;6;0;4;3;0;0;0;0;1;0;0;9;2;4;0;66;64;65;9;4680;56;275;102.5;3.8;2.3;43.1;36.2;85;71;54.5;-0.1;65;53;55.1;1.0;0;5;3
1773;9;9;7;4;5;2;7;2;1;0;0;1;0;4;1;7;2;70;69;65;15;6430;1185;22;101.7;5.6;3.9;38.1;30.2;100;84;54.3;-2.9;76;63;54.7;-1.5;0;93;60
1774;57;12;5;2;1;0;6;0;0;0;0;0;0;9;1;1;2;69;59;73;9;4309;616;638;99.0;3.3;3.3;35.9;32.6;77;58;57.0;1.7;57;45;55.9;1.3;0;15;6
1776;38;25;6;0;0;-7;8;0;0;0;0;0;0;7;1;1;13;57;49;65;2;5879;85;847;89.3;1.2;5.5;23.9;34.9;62;106;36.9;1.3;50;79;38.8;2.9;0;0;0
1779;34;2;6;0;1;1;2;0;0;0;0;0;0;7;3;0;14;62;49;74;4;5887;0;879;102.2;2.4;1.8;33.0;35.5;101;98;50.8;1.0;77;77;50.0;2.8;0;0;0
1786;45;28;7;1;4;0;0;0;3;0;0;0;0;11;1;3;3;77;67;79;27;5336;2451;8;98.6;2.7;2.7;30.4;26.3;89;78;53.3;-3.9;67;58;53.6;-3.2;0;107;58
1789;43;17;7;2;4;-4;4;1;1;0;0;0;0;14;0;0;0;66;61;67;12;3873;1409;266;95.4;2.8;4.6;28.8;32.5;56;68;45.2;-6.0;43;47;47.8;-3.8;0;51;22
1791;154;154;7;2;1;1;0;0;0;0;0;0;0;12;3;2;5;67;60;70;12;5268;430;111;101.2;2.7;2.1;32.8;28.7;62;69;47.3;-1.6;52;54;49.1;-1.1;0;0;0
1802;37;37;3;1;3;2;4;0;2;0;1;0;0;2;0;2;8;81;69;91;11;2713;1106;249;114.0;2.7;1.3;15.9;50.4;25;69;26.6;-16.0;19;49;27.9;-13.0;1;0;0
1804;153;152;6;1;5;6;0;0;1;0;0;0;0;6;3;2;6;71;63;74;21;5063;1336;129;109.9;5.0;0.7;39.1;24.9;92;67;57.9;3.7;72;47;60.5;5.6;0;96;53
1808;10;10;7;3;2;-4;0;0;0;0;0;0;0;8;4;4;6;64;61;60;14;6509;182;147;94.0;2.8;5.0;32.6;34.3;105;98;51.7;2.8;70;66;51.5;3.4;0;75;32
1812;37;37;7;1;2;1;0;0;0;1;0;0;0;2;3;3;4;63;57;67;9;5889;535;291;100.7;1.8;1.8;33.6;38.5;94;108;46.5;6.9;72;80;47.4;8.1;0;31;16
1813;54;10;5;1;2;1;6;0;0;0;0;0;0;3;1;0;5;62;61;58;8;3594;115;234;103.8;3.0;2.0;28.0;29.0;48;60;44.4;-11.5;34;44;43.6;-12.1;1;3;1
1816;24;24;6;2;4;4;0;0;0;0;0;0;0;5;5;3;5;65;63;66;9;4695;223;364;114.5;4.6;1.5;25.3;42.2;59;90;39.6;-10.4;39;60;39.4;-10.4;1;9;4
1817;29;29;6;1;2;2;4;0;1;0;0;0;0;6;2;7;7;63;57;71;18;6320;741;228;104.9;4.6;3.4;35.3;42.7;102;111;47.9;-9.3;74;87;46.0;-11.4;0;0;0
1818;34;2;4;0;0;0;0;0;0;0;0;0;0;5;1;2;0;58;50;68;1;1480;0;413;99.6;2.4;2.4;41.4;38.9;29;23;55.8;-2.1;19;20;48.7;-6.9;0;17;11
1819;41;7;7;2;4;8;0;0;0;0;0;0;0;16;2;1;21;65;53;79;11;7868;76;1218;110.5;5.0;1.4;32.9;28.8;122;125;49.4;1.7;96;86;52.7;4.2;0;0;0
1820;155;154;7;1;2;4;7;0;0;0;1;1;0;21;3;3;2;62;58;62;7;4796;0;526;98.2;3.0;1.5;39.0;15.8;92;34;73.0;8.6;68;27;71.6;6.1;1;13;6
1821;17;17;7;1;6;-1;0;0;2;0;0;0;0;20;10;9;3;76;72;75;22;6995;1347;25;102.3;3.1;2.6;35.0;39.6;107;115;48.2;4.6;78;88;47.0;5.7;1;7;0
1822;125;124;7;1;4;-3;2;0;1;0;0;0;0;13;0;2;3;66;63;64;11;5302;1320;219;96.7;2.0;3.4;25.1;29.9;66;88;42.9;-11.2;51;61;45.5;-8.8;0;7;2
1827;48;14;7;1;7;3;0;0;2;0;0;0;0;12;2;0;5;74;66;74;17;6205;1087;7;105.0;4.6;2.9;29.6;27.3;98;86;53.3;-1.1;73;64;53.3;-1.3;0;101;47
1832;24;24;6;0;4;5;10;0;0;0;0;0;0;4;1;2;9;61;56;70;8;5606;72;407;109.5;5.1;1.9;35.3;38.5;91;95;48.9;2.7;65;68;48.9;2.5;0;0;0
1839;34;2;6;0;1;0;0;0;1;0;0;0;0;3;0;3;2;66;58;74;17;4808;1252;0;100.2;1.5;1.5;37.4;39.7;92;87;51.4;3.5;62;68;47.7;1.2;0;1;1
1841;14;14;5;0;3;0;2;0;0;0;0;0;0;2;4;0;2;59;59;57;8;2900;136;25;104.8;5.0;5.0;33.5;49.7;43;67;39.1;-5.4;32;52;38.1;-3.9;0;5;4
1842;0;0;5;0;2;1;2;0;1;0;0;0;0;4;8;3;0;61;52;69;3;4310;677;244;104.4;2.5;1.7;27.6;35.9;54;61;47.0;0.6;38;49;43.7;-4.6;0;66;30
1843;37;27;6;0;1;1;14;0;0;0;0;2;0;11;1;3;13;73;50;92;13;5480;176;1208;102.8;2.6;2.0;28.2;30.2;73;82;47.1;12.0;56;62;47.5;13.6;0;0;0
1846;153;152;3;2;0;-2;0;0;0;0;0;0;0;6;0;0;0;53;55;42;3;1228;0;199;93.1;5.9;11.7;35.2;49.8;19;25;43.2;0.6;15;22;40.5;-0.6;0;12;8
1847;40;20;5;1;0;-3;6;0;0;0;0;0;0;6;2;4;2;60;49;72;6;5432;210;316;100.2;2.0;4.0;17.9;36.5;49;113;30.2;-7.8;37;76;32.7;-6.1;0;0;0
1851;2;2;7;2;4;4;0;0;0;0;1;0;0;6;6;1;3;68;68;61;11;6417;219;1186;101.5;3.9;2.2;32.0;20.8;93;51;64.6;12.8;67;40;62.6;9.9;0;79;37
1854;54;10;4;1;4;2;4;0;1;0;0;0;0;4;1;1;2;73;70;75;11;3080;1333;0;105.4;5.8;3.5;36.2;32.7;47;55;46.1;-11.9;38;39;49.4;-5.8;0;66;26
1858;59;1;4;1;4;3;6;1;2;0;0;0;0;4;0;1;3;74;66;83;7;3593;852;238;110.9;5.0;2.0;31.1;38.1;59;53;52.7;1.2;43;45;48.9;-3.8;0;0;0
1859;124;124;7;1;4;1;4;0;1;0;0;0;0;6;2;1;2;69;70;63;15;5693;1717;0;102.3;3.2;2.5;32.9;34.8;74;78;48.7;-1.1;58;61;48.7;1.1;0;3;0
1860;40;40;7;0;3;-3;4;0;0;0;0;0;0;4;2;3;3;66;60;69;13;5314;720;128;96.1;2.0;4.1;25.7;34.6;68;97;41.2;7.2;47;65;42.0;7.2;0;1;0
1861;34;2;7;0;2;-4;4;0;1;0;0;0;0;7;3;1;13;69;62;73;16;7378;2090;630;96.6;1.5;3.4;32.2;42.9;123;144;46.1;-7.9;88;116;43.1;-9.1;0;0;0
1864;33;12;7;1;1;0;4;0;0;0;0;0;0;6;1;3;16;63;54;70;16;4073;66;798;98.1;1.8;1.8;44.2;30.1;80;63;55.9;14.3;60;49;55.0;13.0;0;55;32
1865;28;28;6;2;1;0;0;0;0;0;0;0;0;10;2;4;10;62;57;67;14;6164;10;769;95.9;4.1;4.1;39.1;28.0;95;82;53.7;-0.8;77;54;58.8;5.4;0;0;0
1866;30;30;7;0;3;-2;11;0;1;0;0;0;0;13;4;3;6;59;56;63;9;7666;161;166;98.2;1.9;2.8;24.4;29.6;84;101;45.4;2.2;59;72;45.0;-1.5;0;0;0
1867;12;12;7;1;3;-5;7;0;1;0;0;1;0;7;6;3;0;59;59;57;11;6557;430;211;94.6;2.7;5.5;29.6;37.3;95;110;46.3;-5.2;69;82;45.7;-5.4;0;100;54
1868;154;154;7;0;1;-1;0;0;0;0;0;0;0;7;6;4;2;62;57;66;6;5125;25;278;99.2;2.1;2.8;28.8;34.4;57;70;44.9;-4.8;45;55;45.0;-6.4;0;6;5
1877;30;30;7;4;2;4;8;0;0;0;0;0;0;7;7;4;0;62;59;66;17;6056;339;376;107.4;5.3;3.0;35.1;38.0;80;96;45.5;-3.6;68;79;46.3;-2.5;0;66;34
1879;45;28;6;0;1;-6;0;0;0;0;0;0;0;10;0;2;6;65;59;70;7;5117;151;1078;85.9;0.7;4.9;32.4;30.3;81;71;53.3;-6.3;62;59;51.2;-8.7;0;29;16
1882;45;28;7;0;1;-4;8;0;0;0;0;0;0;7;3;2;10;74;62;83;20;6623;2180;425;93.1;1.6;3.8;33.2;32.1;107;105;50.5;-8.8;78;77;50.3;-8.7;0;0;0
1883;24;24;6;0;0;-2;0;0;0;0;0;0;0;8;5;4;3;62;55;67;10;3359;26;1009;96.5;1.1;3.2;19.3;35.4;38;61;38.4;-10.7;24;39;38.1;-10.8;0;0;0
1886;32;23;6;1;3;1;2;0;1;0;0;0;0;2;2;0;8;63;62;59;7;4288;429;144;102.2;4.2;3.4;33.6;32.7;77;75;50.7;3.2;61;57;51.7;3.0;0;3;1
1887;62;31;6;1;3;-3;2;1;2;0;0;0;0;3;0;2;0;68;65;67;19;4470;1379;92;90.8;2.4;4.8;34.6;29.8;68;60;53.1;0.0;55;46;54.5;1.7;0;24;10
1900;23;23;7;0;4;-1;4;0;0;0;0;0;0;17;2;3;1;69;70;62;16;6643;533;47;98.9;3.3;3.8;32.5;34.1;98;100;49.5;-0.5;72;74;49.3;-0.1;0;2;1
1901;33;29;7;2;4;-3;4;1;3;0;0;0;0;9;0;3;3;74;66;74;17;6979;1644;461;95.3;2.1;3.1;27.3;25.3;99;88;52.9;2.6;72;61;54.1;2.8;0;0;0
1902;10;10;7;0;3;-4;6;0;0;0;0;0;0;15;9;8;5;70;68;68;14;7027;410;97;95.7;1.5;3.6;26.1;35.3;92;102;47.4;-3.3;66;79;45.5;-4.9;0;5;3
1904;32;23;7;4;3;4;0;1;0;0;0;0;0;2;3;1;4;65;64;59;21;5713;1014;236;109.5;5.7;3.2;31.5;37.2;81;98;45.3;-5.7;62;71;46.6;-6.0;1;5;2
1905;153;152;7;1;4;1;14;0;2;0;0;0;0;4;3;1;9;68;62;74;20;5618;1159;141;104.2;2.6;1.9;25.6;33.3;79;89;47.0;-7.2;60;68;46.9;-7.8;0;8;5
1906;34;2;6;3;1;1;0;1;1;0;0;0;0;13;3;3;0;72;60;78;18;4081;1253;0;103.1;1.8;0.9;33.5;41.5;69;71;49.3;-1.0;50;60;45.5;-3.5;1;80;37
1908;32;23;5;3;3;3;4;1;0;0;0;0;0;5;0;1;5;67;64;69;15;5159;706;379;105.4;5.6;3.5;32.8;30.0;72;79;47.7;-1.3;62;58;51.7;2.5;0;0;0
1909;154;154;7;4;0;2;4;0;0;0;0;0;0;11;2;6;3;60;58;62;16;6620;0;493;100.6;4.4;3.3;35.9;28.3;97;76;56.1;11.0;80;57;58.4;12.6;0;0;0
1910;57;12;6;0;0;-2;8;0;0;0;0;0;0;11;2;0;2;54;52;51;4;3393;13;294;92.5;1.1;3.2;23.3;26.5;50;45;52.6;0.4;30;33;47.6;-2.7;0;11;5
1911;125;124;7;2;2;-2;6;1;0;0;0;0;0;7;1;3;2;71;64;77;16;5853;1779;409;97.7;3.1;3.7;32.6;31.4;98;86;53.3;3.0;74;67;52.5;0.5;0;12;4
1912;27;27;7;1;1;-3;7;0;1;0;0;0;0;10;0;3;15;60;58;62;11;7439;355;448;99.5;3.4;4.8;31.5;43.1;100;140;41.7;-4.6;79;106;42.7;-2.6;1;0;0
1914;32;23;7;3;7;1;2;0;2;0;0;0;0;9;0;1;3;67;69;54;15;5523;830;196;97.9;5.9;5.2;30.0;24.1;85;77;52.5;4.1;63;55;53.4;3.3;0;5;2
1916;152;152;6;1;1;0;2;0;0;0;0;0;0;5;0;2;4;60;56;62;13;6501;295;140;102.8;2.8;2.8;22.7;29.3;63;92;40.6;-4.1;48;62;43.6;-2.3;0;0;0
1921;32;23;7;2;2;7;8;1;0;0;0;0;0;11;0;1;11;73;62;85;15;6837;828;579;111.6;5.3;1.6;31.1;29.5;108;113;48.9;-0.8;85;83;50.6;-0.5;0;0;0
1922;37;27;4;0;1;-3;2;0;0;0;0;0;0;6;0;1;8;67;54;82;4;4190;558;202;95.1;0.9;3.4;27.5;43.0;56;81;40.9;-4.8;44;64;40.7;-4.5;0;0;0
1925;40;20;7;0;0;-4;0;0;0;0;0;0;0;10;3;2;10;63;53;73;15;6073;965;708;96.6;1.2;3.6;17.2;34.4;65;110;37.1;1.6;48;80;37.5;1.3;0;0;0
1927;154;154;7;1;5;6;0;0;0;0;0;0;0;24;7;7;6;78;76;76;16;6156;326;1491;108.9;5.3;1.8;34.5;27.5;83;84;49.7;1.7;65;55;54.2;6.0;0;30;8
1930;24;24;6;6;5;3;4;1;3;0;0;0;0;14;3;4;3;77;78;74;25;5489;1302;45;106.7;5.9;2.6;41.3;34.8;95;79;54.6;10.9;71;60;54.2;10.5;1;7;5
1933;125;125;2;0;1;-1;2;0;1;0;0;0;0;2;0;1;5;73;57;93;6;1753;460;215;96.6;2.1;4.1;28.8;39.0;20;29;40.8;-11.8;16;22;42.1;-11.5;0;0;0
1934;34;2;7;0;1;0;4;0;0;0;0;0;0;7;1;4;11;68;55;83;13;7125;131;1171;99.9;1.5;1.5;32.8;32.3;118;124;48.8;-3.4;84;97;46.4;-3.6;0;0;0
1937;50;26;7;3;2;3;0;0;0;0;0;0;0;6;1;0;4;69;61;73;7;5456;214;424;103.2;4.6;4.0;35.0;39.6;81;91;47.1;2.0;66;79;45.5;0.9;0;76;27
1942;54;10;6;1;1;2;2;0;0;0;0;0;0;5;3;1;9;63;49;81;11;5566;116;1139;105.0;4.5;3.2;27.2;27.8;68;80;45.9;-12.4;49;58;45.8;-11.5;0;0;0
1943;62;19;7;1;3;4;12;0;0;0;0;0;0;25;2;2;9;62;53;70;12;7622;112;1309;101.6;4.7;2.8;34.0;23.1;131;90;59.3;6.2;95;71;57.2;2.8;0;1;0
1944;7;7;2;1;0;1;0;0;0;0;0;0;0;1;0;0;0;62;63;55;5;1054;0;0;103.4;6.8;3.4;58.1;41.0;24;16;60.0;6.1;19;13;59.4;9.0;0;8;4
1948;33;12;5;2;0;-1;0;0;0;0;0;0;0;3;2;1;3;61;54;66;10;3510;425;56;96.3;2.1;3.1;40.0;34.9;67;56;54.5;8.7;54;42;56.3;12.0;0;55;31
1951;62;62;3;1;1;2;0;0;0;0;0;0;0;1;0;1;1;61;56;65;6;1825;108;0;111.0;5.9;2.0;33.5;29.6;31;26;54.4;4.7;23;22;51.1;-2.3;0;8;5
1953;55;9;6;1;0;1;4;0;0;0;0;0;0;11;2;3;5;70;60;80;12;5496;1064;410;101.7;2.0;1.3;32.8;30.1;99;88;52.9;-2.6;74;68;52.1;-3.6;0;6;2
1954;10;10;7;2;3;-1;0;0;1;0;0;0;0;18;6;6;2;74;77;63;22;6251;1337;18;97.2;3.5;4.0;36.3;32.8;102;85;54.5;6.6;75;60;55.6;9.1;0;0;0
1958;33;29;7;0;2;-5;10;0;0;0;0;0;0;7;1;3;18;65;53;79;11;8006;260;1286;96.5;2.2;4.5;30.1;40.9;116;154;43.0;-2.8;90;118;43.3;-2.5;0;0;0
1961;54;10;4;0;1;1;0;0;0;0;0;0;0;4;0;0;3;61;55;64;4;1845;0;281;102.9;3.9;2.0;41.0;29.3;31;26;54.4;6.5;28;21;57.1;9.5;0;28;15
1976;29;29;6;2;2;-3;0;2;0;0;0;0;0;0;9;3;2;60;55;65;8;5441;771;247;96.1;1.3;3.3;29.8;39.7;76;89;46.1;-10.7;51;69;42.5;-14.7;0;75;31
1977;55;9;7;2;3;4;0;1;0;0;0;0;0;8;0;2;5;75;58;91;30;6941;1686;446;104.9;4.1;1.6;38.9;27.0;132;91;59.2;8.6;105;70;60.0;9.0;1;0;0
1981;55;9;5;0;2;5;2;0;0;0;0;0;0;8;1;1;9;68;50;91;8;4819;211;510;108.9;3.7;0.0;41.8;17.9;99;52;65.6;11.7;78;39;66.7;12.2;0;0;0
1982;48;14;7;3;2;2;8;0;1;0;0;0;0;11;1;0;1;66;66;65;14;6204;1407;0;101.5;3.5;2.3;29.0;22.1;91;81;52.9;-1.6;66;61;52.0;-3.0;0;0;0
1983;124;124;7;3;2;0;0;1;0;0;0;0;0;7;4;2;5;68;70;61;17;6267;515;0;100.6;2.9;2.9;31.6;33.9;96;84;53.3;5.4;66;69;48.9;1.3;0;2;1
1990;33;29;7;1;2;-6;2;1;0;0;0;0;0;9;1;4;16;73;58;88;23;8098;1393;1012;93.8;1.3;4.0;32.5;38.7;120;143;45.6;1.6;94;110;46.1;2.2;0;0;0
1997;47;47;6;0;1;-5;2;0;1;0;0;0;0;15;0;2;11;64;52;78;8;6684;1329;532;96.4;1.1;3.8;18.9;40.4;73;133;35.4;-0.1;49;109;31.0;-3.1;0;0;0
1999;2;2;7;1;2;-2;4;0;0;0;0;0;0;7;3;5;7;55;51;60;9;6927;0;1109;96.0;3.1;4.7;26.5;29.6;90;87;50.8;-5.9;60;62;49.2;-8.4;0;0;0
2003;29;29;6;1;4;2;0;0;0;0;0;0;0;8;5;2;2;68;67;63;10;4434;0;90;99.1;4.9;3.2;44.6;27.6;80;57;58.4;6.0;63;40;61.2;10.4;0;1;1
2005;9;9;7;4;2;-4;4;0;0;0;0;0;0;6;10;3;4;65;65;61;20;6347;542;119;96.6;3.4;5.7;30.6;39.1;89;110;44.7;-3.9;61;80;43.3;-4.0;0;5;2
2013;24;24;6;0;0;0;2;0;0;0;0;0;0;9;3;9;4;59;51;67;12;6467;67;1059;102.9;4.5;4.5;30.1;37.3;91;97;48.4;1.9;64;73;46.7;-0.7;0;0;0
2015;62;19;7;1;2;-3;6;0;2;0;0;0;0;12;1;2;7;65;54;77;16;6275;1382;536;90.0;2.9;4.6;33.3;24.7;96;73;56.8;2.0;78;53;59.5;5.7;0;0;0
2016;155;155;6;1;2;2;2;0;0;1;0;0;0;3;5;0;7;59;50;72;9;5314;44;487;98.8;2.7;2.0;39.3;25.1;93;66;58.5;-6.9;75;51;59.5;-5.6;0;0;0
2017;20;20;6;0;1;-4;4;0;0;0;0;0;0;5;2;3;19;61;55;67;15;6208;341;711;90.5;1.7;4.1;41.2;29.6;99;87;53.2;-3.6;75;59;56.0;-3.0;0;0;0
2018;32;23;4;0;3;1;2;0;0;0;0;0;0;0;1;1;0;60;56;63;4;2749;97;125;105.5;2.6;1.3;24.9;26.2;42;44;48.8;-7.3;29;33;46.8;-9.5;0;27;16
2022;123;31;4;1;1;-2;0;0;0;0;0;0;0;2;1;0;1;55;56;42;5;2256;0;370;89.3;4.8;8.0;39.9;35.1;41;28;59.4;5.0;32;25;56.1;0.2;0;2;2
2025;55;9;7;0;2;-1;16;0;1;0;0;0;0;14;0;1;1;75;64;77;16;6061;1296;283;97.3;2.4;3.0;33.3;30.3;106;95;52.7;-1.1;82;72;53.2;-1.2;0;101;54
2031;34;2;4;0;1;-1;2;0;0;0;0;0;0;4;1;1;1;61;54;63;5;2317;0;410;96.8;1.6;3.1;26.4;34.2;40;32;55.6;-2.5;25;28;47.2;-9.2;0;11;8
2032;44;30;7;3;6;-1;4;0;0;0;0;0;0;6;3;3;4;62;64;54;11;5120;0;618;89.0;7.7;8.4;40.8;28.1;95;72;56.9;3.6;75;51;59.5;7.6;0;6;1
2033;10;10;7;0;4;-2;0;0;0;0;0;0;0;10;4;4;11;59;55;61;12;6877;327;750;102.1;3.7;4.7;27.2;41.4;96;123;43.8;-8.9;64;90;41.6;-10.8;0;0;0
2034;123;31;4;0;2;-1;0;0;0;0;0;0;0;6;0;1;2;62;60;56;8;2920;0;510;93.4;3.7;4.9;41.9;32.1;61;46;57.0;7.2;47;33;58.8;8.1;0;51;23
2035;29;29;6;0;2;1;8;0;2;0;0;0;0;10;4;7;2;61;52;70;25;5756;739;1083;98.6;3.1;2.5;46.3;30.6;110;67;62.1;11.9;90;56;61.6;12.7;0;0;0
2038;53;53;7;0;0;-3;6;0;0;0;0;0;0;3;2;0;11;62;53;70;10;5262;320;297;94.4;0.0;2.1;30.8;36.9;71;103;40.8;-3.4;59;72;45.0;2.0;0;11;4
2040;155;154;6;2;1;6;2;0;0;0;0;0;0;1;2;2;8;70;64;75;22;5681;341;334;107.2;3.8;0.0;52.6;22.8;126;67;65.3;-2.6;101;49;67.3;0.4;1;13;6
2041;54;10;6;2;1;1;8;0;0;0;0;0;0;5;1;1;5;66;61;68;12;4591;708;403;98.1;2.4;1.6;42.3;21.2;94;51;64.8;14.0;64;39;62.1;11.2;0;11;7
2043;44;30;6;1;2;2;7;0;1;0;0;1;1;3;1;0;7;70;59;79;15;5501;1585;550;102.1;6.5;5.2;39.3;36.0;100;87;53.5;0.6;83;71;53.9;1.4;1;0;0
2044;54;10;6;0;2;2;8;0;0;0;0;0;0;5;1;1;4;62;57;64;4;4778;421;826;103.1;3.8;2.3;36.2;30.9;83;81;50.6;-6.1;61;60;50.4;-5.3;0;20;13
2045;30;30;7;2;1;5;0;0;0;0;0;0;0;7;1;2;13;61;51;73;10;6328;0;1254;111.8;4.0;1.1;25.0;27.9;65;79;45.1;1.6;55;54;50.5;6.1;1;0;0
2048;21;21;7;0;2;-4;5;0;1;0;0;1;1;2;3;2;0;59;55;60;10;4271;730;18;91.3;1.7;5.1;32.0;36.2;62;61;50.4;0.7;44;48;47.8;0.0;0;68;40
2049;34;2;7;1;1;-2;2;0;0;0;0;0;0;4;2;2;12;63;56;66;16;5329;140;589;98.2;2.0;3.4;29.0;38.5;91;96;48.7;-3.2;68;75;47.6;-1.7;0;9;6
2050;48;14;7;1;2;2;16;0;0;0;0;0;0;11;1;0;10;59;53;65;13;6636;33;950;99.0;3.8;2.7;35.8;23.3;110;82;57.3;4.8;85;60;58.6;6.5;0;0;0
2053;21;21;7;0;2;-3;6;0;1;0;0;0;0;9;5;3;0;64;60;65;12;4911;1468;0;96.6;2.2;4.4;30.8;41.8;72;77;48.3;-2.0;52;65;44.4;-4.5;0;9;5
2054;62;12;6;1;7;3;6;1;3;0;0;0;0;8;2;1;2;71;65;74;15;3176;1818;0;99.6;7.9;4.5;48.7;27.2;60;40;60.0;7.6;51;30;63.0;10.7;0;21;8
2056;57;12;5;1;1;-1;0;0;1;0;0;0;0;3;1;0;2;60;53;65;11;4909;404;491;96.6;2.2;2.9;28.6;26.4;76;63;54.7;2.3;52;47;52.5;2.1;0;0;0
2058;123;31;4;1;0;-3;0;0;0;0;0;0;0;5;1;2;7;63;56;70;5;2715;549;4;93.1;1.3;5.3;23.9;42.4;38;48;44.2;-13.9;26;36;41.9;-18.3;0;34;16
2065;123;31;6;2;4;6;2;0;2;0;0;0;0;6;2;1;3;73;63;79;16;4489;857;143;111.4;5.6;0.8;38.5;24.9;88;51;63.3;8.0;68;37;64.8;10.8;0;64;40
2066;34;2;6;0;1;-6;2;0;0;0;0;0;0;9;0;4;2;68;57;77;17;6233;268;521;89.7;0.0;3.5;38.7;33.5;128;89;59.0;3.4;97;73;57.1;3.2;0;0;0
2067;62;19;7;1;4;-4;2;1;1;0;0;0;0;6;0;1;7;70;58;82;21;7287;1336;493;92.9;2.0;3.5;33.6;26.7;114;95;54.5;-1.3;88;75;54.0;-2.3;0;0;0
2068;44;30;6;0;5;-3;2;0;0;0;0;0;0;10;5;1;4;68;57;82;19;5882;1693;355;92.1;3.1;4.9;39.2;31.2;110;82;57.3;3.1;82;65;55.8;1.1;0;0;0
2070;57;12;7;0;3;2;4;0;3;0;0;0;0;8;3;1;11;69;55;83;12;5914;1434;786;105.6;2.4;1.2;23.1;25.0;87;80;52.1;-1.9;53;57;48.2;-4.6;0;0;0
2072;50;50;2;0;1;-1;4;0;0;0;0;0;0;6;1;0;0;53;57;40;5;1659;78;0;80.6;2.2;4.3;39.1;17.4;30;17;63.8;19.4;23;13;63.9;21.8;0;0;0
2073;59;1;4;3;5;3;0;1;2;0;0;0;0;0;0;0;4;72;71;71;17;2999;750;39;109.8;7.2;3.6;39.6;43.2;53;56;48.6;-4.8;42;44;48.8;-3.8;1;54;28
2077;32;23;7;1;3;1;4;0;1;0;0;0;0;11;5;1;11;66;54;75;13;7214;622;643;104.6;4.5;4.0;27.4;33.9;101;133;43.2;-8.0;72;88;45.0;-7.6;1;0;0
2079;36;3;4;1;0;-2;0;0;0;0;0;0;0;1;1;0;3;55;53;53;2;2727;44;380;98.0;1.3;4.0;17.2;40.9;21;54;28.0;-22.5;16;39;29.1;-20.4;0;24;13
2089;50;50;6;1;1;5;4;0;0;0;0;0;0;5;3;0;3;56;54;55;8;4081;535;74;114.0;8.8;4.4;34.4;37.9;64;68;48.5;4.5;49;57;46.2;2.6;0;8;5
2090;154;154;7;0;3;-2;2;0;0;0;0;0;0;16;4;5;4;69;64;73;10;5279;1689;0;101.1;2.7;2.7;30.0;34.1;65;71;47.8;-1.0;52;55;48.6;-1.7;0;0;0
2091;27;27;7;1;2;1;4;0;0;0;0;0;0;11;6;5;2;67;63;70;11;5841;31;233;103.4;3.1;2.5;32.7;40.7;89;98;47.6;3.9;60;80;42.9;-2.1;0;10;4
2092;7;7;6;0;3;5;2;0;0;0;0;0;0;4;0;2;16;62;58;66;13;6781;127;540;108.4;5.3;2.7;32.9;34.5;96;103;48.2;-9.4;70;79;47.0;-10.8;0;0;0
2094;41;7;7;2;1;-2;0;0;0;0;0;0;0;19;1;1;3;59;57;50;13;6157;7;177;97.2;2.9;4.1;28.7;31.6;99;101;49.5;1.7;70;70;50.0;-0.1;1;4;2
2102;56;21;6;6;2;7;2;1;1;0;0;0;0;3;3;0;3;71;69;71;25;5569;874;53;109.6;5.2;0.6;37.5;15.5;106;59;64.2;5.6;80;35;69.6;11.9;2;13;7
2103;40;20;6;0;3;6;6;0;0;0;0;0;0;4;1;1;7;75;55;92;16;6001;144;691;115.3;4.8;1.2;25.8;36.0;69;117;37.1;2.3;54;83;39.4;4.1;0;0;0
2106;54;10;2;0;0;0;0;0;0;0;0;0;0;0;0;1;2;58;54;58;2;979;0;308;91.7;0.0;3.7;33.1;44.1;11;20;35.5;-16.5;11;14;44.0;-7.0;0;12;5
2109;43;17;7;1;8;-11;0;0;5;0;0;0;0;3;2;2;1;68;68;63;21;5125;1925;270;83.8;1.4;7.0;30.2;33.7;82;82;50.0;0.1;65;61;51.6;1.1;0;17;7
2112;59;1;4;1;1;2;2;0;0;1;0;0;0;3;1;1;4;63;57;66;10;3122;77;349;104.0;4.6;3.5;34.6;36.9;51;53;49.0;-4.1;40;41;49.4;-2.9;0;5;4
2117;62;19;6;2;2;1;0;0;0;0;0;0;0;6;0;0;0;65;62;62;13;4324;386;143;95.6;5.0;4.2;40.8;25.0;77;51;60.2;6.5;60;35;63.2;10.0;0;0;0
2120;53;53;7;0;0;-1;2;0;0;0;0;0;0;7;1;3;7;65;54;75;14;7174;877;480;100.0;2.0;2.5;33.1;41.1;105;136;43.6;0.2;81;104;43.8;0.4;0;0;0
2124;37;37;7;0;1;-2;0;0;0;0;0;0;0;10;1;2;3;63;55;70;5;4857;0;1604;104.7;3.0;4.4;17.8;37.1;58;90;39.2;-3.6;40;68;37.0;-6.4;0;65;32
2125;58;58;6;1;2;-2;2;0;0;0;0;0;0;8;0;0;3;58;57;54;7;3918;754;57;113.4;4.6;6.4;17.5;49.6;33;89;27.0;-12.0;24;65;27.0;-13.3;0;40;22
2126;123;31;7;0;1;1;8;0;0;0;0;0;0;7;1;1;9;66;59;71;15;7071;745;568;100.9;4.1;3.6;38.2;36.7;125;115;52.1;-3.7;97;91;51.6;-4.3;0;0;0
2128;32;23;5;3;4;3;4;0;0;0;0;0;0;4;0;2;4;75;69;79;13;4152;745;514;107.8;6.1;3.5;32.1;31.2;62;64;49.2;2.6;47;46;50.5;1.8;1;83;41
2134;60;18;5;0;3;-1;2;0;3;0;0;0;0;12;1;0;3;67;63;66;10;3644;1180;0;97.1;2.0;2.0;27.7;19.8;57;45;55.9;3.8;45;31;59.2;7.4;0;1;0
2136;45;28;6;0;3;2;2;0;1;0;0;0;0;5;0;1;3;69;63;76;13;4170;2182;0;99.3;3.5;1.7;37.1;17.3;67;41;62.0;11.0;47;29;61.8;11.2;0;17;9
2413;2;2;7;1;2;-1;0;0;0;0;0;0;0;8;5;0;3;59;54;61;7;2982;0;3;94.4;2.4;3.6;32.6;27.8;42;45;48.3;-7.9;34;28;54.8;-0.4;0;1;1
2451;62;31;5;0;0;-3;0;0;0;0;0;0;0;5;0;3;4;64;57;73;8;3629;311;350;94.6;1.0;3.0;24.8;31.7;53;51;51.0;-10.3;38;40;48.7;-12.7;0;6;3
2472;37;27;5;0;1;2;0;0;0;0;0;0;0;6;1;2;10;61;49;76;6;4474;92;705;106.3;3.2;1.6;29.8;35.4;59;80;42.4;-4.8;47;60;43.9;-4.3;0;0;0
2500;130;14;3;0;1;1;15;0;0;0;0;0;0;2;1;2;1;59;49;72;4;2777;74;328;98.0;2.6;1.3;45.4;16.9;54;25;68.4;7.5;43;20;68.3;5.4;0;0;0
2526;3;3;7;5;2;-9;0;3;1;0;0;0;0;6;17;6;5;67;64;70;24;7424;1799;0;93.0;1.9;4.8;34.4;38.3;112;118;48.7;1.9;79;94;45.7;-0.7;0;48;19
2527;19;19;7;1;0;-3;0;0;0;0;0;0;0;4;5;3;3;62;59;61;5;6729;440;68;96.7;1.6;2.7;26.7;28.9;70;88;44.3;-5.7;58;65;47.2;-3.8;0;71;33
2535;40;20;7;2;2;-2;0;2;2;0;0;0;0;8;1;2;3;70;61;74;14;4772;1672;0;101.6;0.8;0.8;21.1;38.5;48;96;33.3;-3.5;36;69;34.3;-3.0;1;9;4
2565;53;8;7;1;1;-1;2;0;0;0;0;0;0;9;1;5;12;63;51;75;13;6960;217;906;101.8;3.1;3.6;33.6;48.6;105;153;40.7;-4.2;88;116;43.1;-0.6;0;0;0
2608;153;153;6;2;1;-1;0;0;1;0;0;0;0;0;0;1;1;61;58;61;10;3605;142;8;96.3;2.0;3.0;38.9;34.0;66;59;52.8;-0.5;47;48;49.5;-5.8;1;52;28
2662;131;1;4;1;2;4;0;0;0;0;0;0;0;2;2;1;3;80;64;92;14;3882;366;368;107.2;4.6;0.9;38.0;18.5;72;39;64.9;-2.1;56;29;65.9;-1.9;0;0;0
2682;32;23;5;1;1;1;0;0;0;0;0;0;0;2;0;1;1;60;54;60;1;2796;76;52;104.5;5.2;3.9;32.2;33.5;37;46;44.6;-5.6;33;38;46.5;-5.9;0;36;16
2718;47;10;6;0;2;-4;0;0;1;0;0;0;0;9;2;0;4;64;58;73;8;4925;738;33;95.1;0.7;3.7;24.1;46.1;55;98;35.9;0.6;45;81;35.7;3.7;0;0;0
2722;18;18;7;1;1;-6;0;0;0;0;0;0;0;7;8;4;3;64;61;62;11;5452;157;0;85.1;2.0;5.9;30.4;27.7;80;69;53.7;-0.6;54;50;51.9;-1.8;0;2;1
2723;60;18;4;0;1;-1;0;0;1;0;0;0;0;6;2;5;6;70;50;92;10;3622;1134;370;95.5;1.0;2.0;30.8;25.8;60;45;57.1;5.9;41;36;53.2;-2.6;0;0;0
2724;152;152;6;1;0;0;0;1;0;0;0;0;0;2;5;3;1;63;60;60;9;4631;151;0;102.0;1.6;1.6;26.4;39.6;47;75;38.5;-6.6;38;58;39.6;-7.6;1;4;2
2725;54;10;5;0;2;1;2;0;1;0;0;0;0;1;1;1;1;61;56;63;5;2876;544;0;104.3;3.8;2.5;31.3;32.5;51;47;52.0;-4.3;37;32;53.6;-2.8;0;7;3
2726;47;47;5;1;1;-2;16;1;0;0;0;0;0;10;2;3;3;63;60;60;16;4417;1113;11;99.3;1.6;3.3;27.7;49.7;62;94;39.7;6.3;44;79;35.8;2.9;0;2;0
2727;38;25;7;2;5;2;0;0;0;0;0;0;0;10;0;2;12;64;58;69;9;7020;397;597;101.2;7.2;6.2;34.4;31.3;123;112;52.3;-2.8;89;84;51.4;-3.4;0;0;0
2728;58;58;7;0;2;-3;0;0;1;0;0;0;0;5;1;2;4;65;55;68;8;4214;516;360;99.2;1.7;3.4;23.1;41.9;69;73;48.6;-6.4;40;59;40.4;-15.6;0;63;32
2730;30;30;7;1;2;-2;4;1;0;0;0;0;0;9;2;3;8;59;55;60;11;6395;145;329;97.3;1.7;2.8;27.0;31.5;72;91;44.2;0.3;62;66;48.4;3.5;0;0;0
2731;3;3;7;0;4;2;2;0;1;0;1;0;0;10;3;7;9;58;54;64;16;8086;287;1218;99.1;3.6;3.6;31.6;29.4;107;106;50.2;1.6;79;73;52.0;4.4;0;0;0
2734;56;21;6;3;5;5;14;2;1;0;0;0;0;6;1;1;8;76;71;78;14;5165;755;49;110.9;3.5;0.0;32.1;23.7;77;69;52.7;-10.7;59;44;57.3;-5.4;1;96;48
2736;36;36;3;0;0;-2;0;0;0;0;0;0;0;0;0;1;0;57;52;59;2;1323;79;99;86.7;0.0;5.4;24.5;40.8;20;20;50.0;1.2;15;18;45.5;0.1;0;12;9
2739;125;124;7;0;0;-2;6;0;0;0;0;0;0;6;1;2;4;61;56;61;7;5660;4;699;95.8;1.3;2.5;31.8;31.2;87;81;51.8;0.9;67;63;51.5;-0.9;0;91;40
2752;139;19;5;0;3;3;7;0;1;0;0;1;0;8;2;5;4;68;53;80;14;5194;1221;997;108.8;4.2;2.1;22.2;20.8;55;56;49.5;-0.5;40;41;49.4;-2.7;0;0;0
2764;55;9;7;1;3;4;0;0;0;0;0;0;0;20;3;2;4;63;59;62;12;5971;3;114;105.6;3.6;1.2;35.6;26.5;113;84;57.4;5.5;86;62;58.1;5.6;1;6;4
2766;19;19;7;0;1;-4;9;0;1;0;0;1;0;3;1;4;5;63;55;69;5;4299;993;41;97.2;1.7;3.3;27.6;37.7;57;71;44.5;-5.0;42;49;46.2;-4.7;0;57;29
2772;38;38;5;1;3;-7;2;0;1;0;0;0;0;7;0;0;7;65;61;65;9;3929;1439;391;81.0;3.7;10.1;25.7;30.2;51;67;43.2;8.1;37;47;44.0;8.6;0;80;41
2774;32;23;6;3;2;-3;4;2;1;0;0;0;0;7;0;2;2;70;64;72;17;5207;1103;313;91.7;2.1;4.1;34.6;29.0;91;74;55.2;9.7;71;62;53.4;5.6;1;103;50
2775;41;7;7;2;4;0;2;1;1;0;0;0;0;4;2;4;4;74;64;79;22;6340;1234;473;101.7;5.1;5.1;32.9;36.9;101;102;49.8;2.0;81;78;50.9;1.3;0;104;53
2777;50;26;6;0;0;-1;0;0;0;0;0;0;0;4;0;1;4;64;56;69;7;4018;3;1204;97.5;1.8;2.7;18.8;22.4;44;53;45.4;-1.8;31;36;46.3;1.4;0;67;38
2780;152;152;6;1;1;0;0;0;0;0;0;0;0;9;1;0;1;61;56;57;2;3543;0;40;101.1;1.0;1.0;28.4;41.6;36;55;39.6;-4.8;30;44;40.5;-5.9;0;2;1
2814;123;31;7;0;2;3;2;0;0;0;1;0;0;15;2;4;9;68;50;87;6;8067;122;932;104.9;3.1;2.7;24.5;34.4;106;131;44.7;-1.5;74;105;41.3;-5.7;0;0;0
2817;38;38;3;0;0;-1;0;0;0;0;0;0;0;5;2;0;0;64;49;84;2;1477;447;0;90.9;0.0;2.4;12.2;26.8;11;22;33.3;-4.6;10;14;41.7;5.0;0;10;3
2825;26;26;7;1;0;-8;0;0;0;0;0;0;0;15;3;4;3;63;60;61;4;5110;0;68;83.6;0.7;6.3;25.4;33.1;63;74;46.0;-2.7;44;54;44.9;-4.1;0;1;1
2826;154;154;7;3;2;0;24;0;0;0;0;4;2;7;11;3;2;65;62;61;11;4842;96;341;107.9;4.5;3.7;26.0;40.1;60;66;47.6;-1.2;41;57;41.8;-10.5;1;3;0
2827;9;9;6;3;3;2;0;0;0;0;0;0;0;8;2;5;0;67;62;64;9;4353;152;199;98.8;5.0;3.3;30.6;19.0;59;42;58.4;1.7;45;30;60.0;3.6;1;63;21
2828;19;19;2;0;0;0;0;0;0;0;0;0;0;2;2;0;3;60;52;71;2;1025;0;0;100.0;0.0;0.0;24.6;35.1;13;20;39.4;-12.3;9;11;45.0;-4.6;0;1;0
2831;134;21;6;0;5;-2;12;0;2;0;0;2;1;5;2;1;12;70;64;73;11;5352;502;635;95.6;2.0;3.4;30.3;30.3;80;86;48.2;2.6;60;63;48.8;3.6;0;0;0
2836;32;23;6;1;1;1;2;1;1;0;0;0;0;2;1;0;1;56;53;52;7;2940;273;190;104.2;3.7;2.4;29.4;29.4;44;46;48.9;0.3;32;32;50.0;0.6;0;39;20
2837;148;30;5;0;4;1;4;0;0;0;0;0;0;5;0;3;14;75;53;95;9;5492;42;312;103.3;3.9;3.3;28.2;30.8;82;78;51.2;-2.7;64;57;52.9;-1.5;0;0;0
2841;55;9;2;1;1;0;0;0;0;0;0;0;0;3;1;1;2;66;56;77;3;2118;209;54;106.9;3.4;3.4;23.8;45.9;26;42;38.2;-10.4;20;35;36.4;-11.1;0;0;0
2842;155;154;7;0;1;1;6;0;0;0;0;0;0;12;0;1;4;66;52;82;16;6454;1309;324;99.4;1.7;1.1;40.2;23.4;113;72;61.1;-7.3;89;52;63.1;-5.0;0;0;0
2843;20;20;7;1;2;1;4;0;0;0;0;0;0;9;6;3;3;66;64;67;7;5406;0;35;102.1;3.3;2.7;28.6;28.0;68;68;50.0;1.0;51;49;51.0;2.5;0;4;3
2844;143;18;7;2;1;1;4;0;0;0;0;0;0;19;3;0;9;73;53;86;9;7868;1314;381;104.8;2.7;2.3;21.5;28.8;98;138;41.5;5.0;76;98;43.7;5.5;0;0;0
2846;17;17;5;0;2;0;11;0;0;0;0;1;0;2;3;2;1;62;61;60;2;3274;187;0;100.7;2.2;2.2;25.3;27.5;43;37;53.8;-8.9;30;30;50.0;-11.7;0;0;0
2847;58;24;7;1;3;0;16;0;0;0;0;0;0;7;0;5;5;71;63;78;15;5638;873;990;100.2;2.6;1.9;36.4;28.1;96;75;56.1;3.6;77;54;58.8;8.6;0;35;21
2848;57;12;7;1;3;1;4;0;0;0;0;0;0;16;2;4;3;61;60;57;8;6002;117;137;99.5;4.2;3.6;36.6;30.0;114;84;57.6;6.0;84;67;55.6;6.0;0;4;0
2850;127;31;7;3;6;6;4;1;0;0;0;0;0;10;1;6;20;79;61;87;13;7117;14;836;105.4;5.1;2.0;35.4;22.8;123;93;56.9;-0.3;90;65;58.1;2.8;1;14;8
2852;154;154;7;2;1;3;2;0;0;0;0;0;0;8;3;3;9;60;55;65;13;6076;0;1309;107.0;3.6;1.8;28.4;32.6;71;80;47.0;-2.1;53;61;46.5;-4.6;0;0;0
2854;127;31;6;1;5;2;2;0;3;0;0;0;0;5;3;0;3;66;59;71;10;6278;1244;265;101.5;3.4;2.3;25.2;18.9;105;61;63.3;3.4;76;44;63.3;6.1;0;0;0
2855;153;152;7;1;5;2;26;1;2;0;0;0;0;4;2;6;8;79;67;91;20;7550;1591;364;101.8;4.8;3.8;34.8;31.9;126;120;51.2;-1.9;101;89;53.2;0.7;0;0;0
2856;57;12;7;4;2;2;2;1;1;0;0;0;0;14;3;3;1;67;60;69;15;6433;427;869;102.2;2.8;1.7;35.8;29.7;105;93;53.0;-0.7;81;70;53.6;3.0;1;22;9
2857;141;25;7;1;2;7;6;0;0;0;0;0;0;2;2;4;14;61;50;70;14;7378;48;573;104.4;5.9;2.4;39.0;22.9;151;83;64.5;8.8;112;62;64.4;8.3;0;0;0
2858;130;14;5;0;0;-2;0;0;0;0;0;0;0;10;2;2;13;58;49;66;13;5694;33;644;94.7;3.2;4.4;32.9;29.7;102;83;55.1;-4.7;69;62;52.7;-10.1;0;0;0
2859;17;17;7;5;4;7;0;0;0;1;0;0;0;16;13;8;3;70;63;75;17;6263;25;661;107.4;5.7;2.3;37.4;28.7;101;75;57.4;1.4;77;58;57.0;1.9;1;1;0
2860;21;21;7;0;3;-2;6;0;0;0;0;0;0;5;1;7;12;61;56;68;24;7495;54;660;96.8;2.4;3.4;33.6;32.7;112;107;51.1;4.6;84;79;51.5;4.9;0;0;0
2862;37;37;7;0;2;-3;6;0;0;0;0;0;0;22;3;1;4;66;59;63;8;6536;35;1029;99.2;1.7;3.3;21.5;39.1;80;122;39.6;-3.5;57;96;37.3;-7.0;0;82;35
2864;36;36;7;1;0;-3;4;0;0;0;0;0;0;5;1;2;4;63;51;73;14;4365;936;0;99.1;1.6;3.3;22.3;39.6;52;83;38.5;-8.2;35;68;34.0;-12.8;0;70;34
2865;139;19;6;1;0;2;10;0;0;1;0;0;0;13;2;3;7;68;52;84;8;6433;197;493;102.1;2.8;2.2;24.6;24.1;71;79;47.3;1.3;53;60;46.9;-0.4;0;0;0
2866;38;38;3;0;3;-1;0;0;2;0;0;0;0;2;1;1;3;66;53;81;2;1540;459;0;103.7;2.3;4.7;21.0;63.1;14;39;26.4;-13.9;13;30;30.2;-7.2;0;8;2
2867;60;18;7;1;4;-2;4;0;2;0;0;0;0;13;1;1;10;62;57;65;14;5897;410;974;98.6;3.1;3.7;26.9;28.7;88;84;51.2;-2.2;66;58;53.2;-1.5;0;34;16
2869;55;9;7;1;2;1;14;0;1;0;0;0;0;2;1;0;2;65;56;75;20;3595;1788;0;107.1;4.0;3.0;26.0;36.1;40;62;39.2;-16.9;32;47;40.5;-16.1;0;67;29
2872;142;23;7;2;3;2;4;0;1;0;0;0;0;2;0;1;2;64;58;65;14;3718;774;73;100.0;3.9;1.9;32.9;16.5;60;38;61.2;-6.6;46;30;60.5;-6.3;0;39;20
2873;55;9;7;2;2;0;0;0;1;0;0;0;0;5;2;0;4;62;58;58;12;4823;379;145;99.7;3.0;2.2;35.1;25.4;82;64;56.2;3.4;62;46;57.4;4.2;0;57;32
2875;48;14;5;0;0;-2;4;0;0;0;0;0;0;7;1;3;6;71;59;82;10;4967;815;440;92.6;2.9;4.3;28.3;24.6;74;59;55.6;6.5;55;49;52.9;0.4;0;0;0
2876;125;125;3;0;0;1;0;0;0;0;0;0;0;0;1;2;1;64;51;77;1;1474;68;809;114.3;2.4;0.0;17.1;19.5;17;14;54.8;10.3;13;10;56.5;13.1;0;19;12
2877;36;3;7;1;2;-1;0;0;0;0;0;0;0;9;0;1;0;60;60;55;9;5233;309;412;97.2;2.8;3.4;33.0;31.0;75;86;46.6;2.1;61;64;48.8;6.3;0;9;5
2879;146;0;7;5;2;0;12;0;1;0;0;0;0;8;6;4;6;69;59;75;20;6842;46;856;100.4;4.2;4.2;32.1;33.1;99;110;47.4;4.4;76;90;45.8;3.8;1;12;5
2880;17;17;7;3;4;1;0;1;0;0;0;0;0;8;4;2;2;66;67;60;10;5200;357;11;105.5;4.2;3.5;29.8;40.8;72;92;43.9;-1.6;51;71;41.8;-1.8;0;1;1
2881;123;31;7;3;3;-2;2;0;1;0;0;0;0;2;1;1;5;65;62;66;16;5707;741;234;94.3;3.2;4.4;36.6;30.9;91;87;51.1;-4.5;74;67;52.5;-2.5;1;107;63
2882;43;17;7;1;2;-3;6;1;1;0;0;0;0;9;2;0;2;67;60;66;14;4894;1631;138;91.2;2.2;3.7;32.4;23.5;85;65;56.7;9.1;64;47;57.7;9.2;0;57;33
2884;37;37;7;0;0;0;4;0;0;0;0;0;0;3;1;2;3;62;54;66;9;4201;414;352;98.0;1.7;1.7;42.0;28.3;70;65;51.9;12.7;55;44;55.6;17.3;0;20;4
2886;56;21;6;3;0;6;4;1;0;0;0;0;0;3;1;0;4;62;57;65;13;3512;243;502;113.2;5.1;0.0;39.0;24.6;59;43;57.8;-3.2;48;34;58.5;-3.5;1;9;5
2888;37;37;7;1;3;2;2;0;1;0;0;0;0;9;2;2;10;64;57;66;10;4291;290;868;105.6;3.4;2.5;27.7;38.6;49;79;38.3;-4.6;42;59;41.6;-0.5;0;1;0
2891;150;7;7;1;2;-1;2;0;0;0;0;0;0;4;1;1;1;60;55;61;10;4771;524;336;102.5;2.3;3.0;23.4;42.3;62;87;41.6;1.4;44;67;39.6;0.3;0;69;39
2892;125;125;5;0;1;-2;6;0;0;0;0;0;0;10;0;0;3;60;56;57;7;3085;22;334;92.0;1.2;3.5;23.3;26.8;33;45;42.3;-14.3;29;29;50.0;-7.7;0;18;8
2893;38;38;5;1;0;-2;2;0;0;0;0;0;0;16;1;1;5;66;56;73;4;3409;264;904;99.2;2.1;4.2;21.1;39.1;41;64;39.0;2.2;29;47;38.2;0.5;0;19;11
2895;36;36;7;0;0;0;6;0;0;0;0;0;0;8;0;4;22;66;50;83;10;7832;240;570;100.3;0.5;0.5;26.2;31.3;111;140;44.2;1.2;76;100;43.2;-0.5;0;0;0
2898;148;30;2;0;1;0;0;0;0;0;0;0;0;0;0;1;1;56;53;55;3;1869;0;56;96.7;3.9;3.9;38.5;28.9;33;27;55.0;0.5;30;19;61.2;8.4;0;0;0
2899;47;0;5;0;1;-5;4;0;1;0;0;0;0;9;1;3;4;64;57;65;10;4197;1238;22;91.2;0.0;4.3;24.0;48.9;46;90;33.8;-3.0;36;70;34.0;0.0;0;84;51
2926;45;45;3;0;0;-1;0;0;0;0;0;0;0;0;0;0;2;55;51;56;2;1172;65;0;91.7;0.0;3.1;21.5;36.9;12;21;36.4;-19.5;9;13;40.9;-14.3;0;0;0
2927;62;31;7;2;2;-1;4;0;0;0;0;0;0;9;1;2;4;59;58;59;10;5431;43;632;93.9;2.7;3.3;35.8;24.5;104;74;58.4;4.3;72;57;55.8;0.5;0;12;5
2928;43;43;3;1;0;-6;0;1;0;0;0;0;0;1;1;0;2;54;57;47;11;2432;919;256;85.4;1.5;8.9;41.4;48.8;51;54;48.6;-3.9;42;35;54.5;-1.8;0;0;0
2938;60;18;7;1;3;1;0;0;1;0;0;0;0;3;1;1;2;71;60;81;5;4061;1219;10;103.4;5.3;3.5;28.4;23.0;54;56;49.1;-4.5;42;38;52.5;-2.2;0;8;2
2950;17;17;7;1;4;2;6;0;0;0;1;0;0;19;11;4;5;69;63;72;14;6531;334;99;101.7;2.8;2.2;33.1;33.1;97;102;48.7;5.1;70;68;50.7;10.4;0;3;3
2951;123;31;7;0;1;-2;20;0;0;0;0;0;0;20;2;1;4;62;51;74;5;6974;155;482;98.3;2.6;3.6;24.8;29.9;110;105;51.2;-4.8;76;72;51.4;-4.2;0;0;0
2954;57;12;3;2;1;0;2;1;0;0;0;0;0;2;0;0;2;64;61;63;7;2522;422;0;97.4;2.9;2.9;38.5;28.5;45;39;53.6;5.3;37;28;56.9;10.8;0;6;2
2959;23;23;7;3;5;2;6;1;2;0;0;0;0;8;6;6;2;68;63;72;19;6984;1373;36;105.7;4.6;3.6;29.9;36.6;88;107;45.1;-6.8;68;83;45.0;-6.3;0;119;61
2964;58;24;7;1;3;3;14;1;0;0;0;0;0;5;0;0;3;66;62;69;13;4567;175;602;101.7;3.9;1.6;39.4;18.9;89;46;65.9;15.8;65;33;66.3;17.4;1;60;35
3032;32;23;5;2;5;1;2;1;1;0;0;0;0;2;1;1;7;70;71;63;18;4517;894;162;106.2;4.8;4.0;24.7;30.3;59;84;41.3;-7.0;44;61;41.9;-7.1;0;3;1
3044;41;41;7;0;5;2;4;0;0;0;0;0;0;3;1;0;5;67;54;81;13;7113;235;438;103.3;3.0;2.0;31.9;32.4;116;115;50.2;2.9;89;85;51.1;1.6;0;0;0
3063;125;125;7;1;5;3;0;0;2;0;0;0;0;3;1;1;1;63;59;65;7;3954;1028;76;104.2;7.3;4.6;30.0;22.8;60;52;53.6;3.0;48;39;55.2;3.7;0;70;39
3098;32;23;3;0;0;0;2;0;0;0;0;0;0;5;2;2;1;66;60;69;5;1808;0;602;96.2;2.0;2.0;37.8;21.9;32;20;61.5;4.3;22;16;57.9;-4.6;0;13;6
3105;50;26;7;2;4;5;6;0;0;0;0;0;0;6;1;5;12;67;55;79;12;8062;313;954;113.4;4.0;1.8;20.5;29.0;94;118;44.3;-2.0;67;91;42.4;-3.7;1;0;0
3106;59;1;3;3;3;2;0;3;1;0;0;0;0;5;2;0;1;72;73;59;10;2255;698;0;112.9;4.8;1.6;27.1;33.5;34;37;47.9;-0.3;23;28;45.1;-6.0;0;1;1
3116;59;1;1;1;1;1;0;1;0;0;0;0;0;0;1;0;2;72;63;82;4;640;250;0;125.0;5.6;0.0;22.5;56.3;5;18;21.7;-57.3;5;15;25.0;-48.2;0;10;4
3124;135;2;7;0;2;3;0;0;0;0;0;0;0;3;0;3;4;60;53;68;13;6891;0;445;101.9;4.2;2.6;34.0;25.1;112;89;55.7;1.5;85;64;57.0;3.6;0;0;0
3126;62;19;7;3;1;0;2;1;0;1;0;0;0;5;1;3;4;67;63;69;17;5675;271;393;97.3;2.5;2.5;33.6;24.7;92;76;54.8;-0.8;70;57;55.1;-0.5;2;23;9
3127;58;58;7;0;1;-1;10;0;0;0;0;0;0;11;1;4;12;65;50;84;5;6197;95;700;98.2;1.7;2.3;32.5;32.5;101;96;51.3;-3.3;76;73;51.0;-2.4;0;0;0
3134;53;8;7;2;1;1;2;0;0;0;0;0;0;6;0;1;2;65;57;70;7;4991;1216;0;103.7;2.9;1.4;36.1;33.2;74;91;44.8;1.9;55;64;46.2;3.5;0;13;6
3138;154;154;7;1;0;-1;2;0;0;0;0;0;0;6;4;2;2;60;57;59;5;4145;68;22;99.4;3.5;4.3;26.1;31.3;52;53;49.5;1.2;36;38;48.6;-1.5;0;15;12
3150;59;1;3;1;1;2;0;0;0;0;0;0;0;0;0;1;0;69;61;76;6;2586;169;108;111.1;2.8;0.0;25.1;25.1;34;31;52.3;5.6;22;22;50.0;0.7;0;39;21
3157;135;2;6;1;2;2;2;0;0;0;0;0;0;4;2;1;11;69;55;82;12;6201;292;629;99.2;4.6;3.5;33.7;23.8;111;71;61.0;6.3;88;58;60.3;5.0;0;0;0
3165;155;154;7;1;3;4;6;0;0;0;1;0;0;5;1;2;3;64;59;68;16;5548;401;592;99.3;3.2;1.3;52.6;18.8;131;49;72.8;9.4;107;36;74.8;11.7;0;9;3
3172;54;10;6;0;1;1;0;0;0;0;0;0;0;9;1;1;10;64;53;76;17;6158;233;751;99.0;1.8;1.2;37.4;20.5;120;79;60.3;9.0;84;54;60.9;10.9;0;0;0
3177;38;38;5;1;1;-1;2;1;0;0;0;0;0;12;0;1;4;73;57;88;7;3368;1287;71;99.7;1.1;2.1;20.3;38.5;32;64;33.3;-5.4;29;48;37.7;-1.7;0;12;6
3202;58;58;3;0;1;-2;0;0;0;0;0;0;0;6;0;0;0;62;62;52;3;2316;163;116;95.4;3.1;6.2;20.2;31.1;28;35;44.4;6.1;19;28;40.4;1.1;0;6;1
3206;155;155;5;1;2;2;0;0;0;1;0;0;0;3;0;1;0;61;57;59;7;2200;248;76;95.8;4.9;3.3;39.3;19.6;43;21;67.2;-3.1;34;15;69.4;-1.7;0;23;13
3218;156;154;7;0;1;-3;13;0;0;0;0;1;0;12;9;5;1;59;52;68;6;6416;411;53;93.0;0.6;2.2;26.9;24.7;83;57;59.3;-1.3;59;50;54.1;-7.1;0;86;47
3219;56;21;6;0;3;3;2;0;0;0;0;0;0;3;1;1;1;67;60;75;16;4860;918;87;104.6;3.0;0.7;36.3;20.7;98;53;64.9;6.3;70;39;64.2;4.1;0;79;45
3221;129;27;7;3;4;-4;0;1;2;0;0;0;0;8;5;3;6;70;62;75;10;6655;1498;50;95.6;3.2;5.4;26.0;31.9;81;107;43.1;0.7;64;74;46.4;3.7;1;84;40
3232;62;19;6;1;3;5;2;0;0;0;0;0;0;9;5;0;6;64;52;77;8;5737;735;466;106.3;4.4;1.9;35.1;30.1;99;90;52.4;-4.5;71;67;51.4;-6.3;0;0;0
3236;155;155;1;0;0;-1;0;0;0;0;0;0;0;0;0;0;0;63;50;77;1;909;0;53;80.0;0.0;4.0;43.6;19.8;18;9;66.7;-16.3;14;7;66.7;-17.3;0;0;0
3247;33;31;7;1;6;-3;21;1;3;0;0;0;0;9;3;2;3;62;58;66;19;5971;969;0;96.7;2.4;4.2;30.7;38.0;90;111;44.8;0.2;73;86;45.9;1.6;0;9;1
3248;54;10;6;0;3;-3;4;0;1;0;0;0;0;4;2;3;5;71;61;81;13;5345;1850;656;90.2;2.0;4.0;33.7;25.6;96;72;57.1;3.5;66;54;55.0;1.5;0;0;0
3249;135;2;4;0;1;0;0;0;0;0;0;0;0;1;0;0;4;67;53;83;2;4032;44;341;103.0;4.5;4.5;25.9;31.2;53;56;48.6;-2.2;39;42;48.1;-3.6;0;0;0
3250;59;1;3;1;4;0;2;0;1;0;0;0;0;6;0;1;4;69;64;75;3;2109;540;0;102.6;5.1;5.1;29.0;34.1;30;39;43.5;-9.6;21;26;44.7;-7.3;0;36;11
3252;60;18;5;3;1;1;2;1;0;0;0;0;0;5;4;4;4;65;54;72;11;4741;1044;292;103.9;3.8;2.3;31.1;27.3;67;67;50.0;-6.6;54;47;53.5;-2.7;0;0;0
3256;32;23;7;0;3;7;2;0;0;0;0;0;0;7;2;1;13;62;57;66;7;5757;839;276;113.1;6.3;1.9;31.9;28.8;88;86;50.6;1.6;68;62;52.3;1.9;0;11;6
3258;34;2;6;0;0;-3;4;0;0;0;0;0;0;8;0;1;6;58;51;65;4;5726;64;633;94.2;0.6;2.5;28.3;31.4;96;80;54.5;4.3;69;68;50.4;2.1;0;0;0
3259;156;156;7;1;2;-2;2;0;1;0;0;0;0;25;4;7;3;64;57;68;27;7668;1416;424;95.2;2.8;3.8;31.5;27.2;101;81;55.5;-7.3;77;66;53.8;-8.5;0;0;0
3260;53;53;3;0;0;-4;2;0;0;0;0;0;0;2;0;1;2;54;50;52;4;1567;422;61;77.8;0.0;9.2;20.7;41.4;17;34;33.3;-12.1;12;27;30.8;-15.1;0;28;11
3264;153;152;6;2;2;0;0;1;1;0;0;0;0;13;2;2;4;68;66;68;14;4105;1547;85;97.4;3.5;3.5;34.2;27.2;72;50;59.0;6.6;59;41;59.0;6.9;0;3;2
3266;62;31;7;0;3;0;6;0;0;0;1;0;0;3;0;4;10;68;58;74;7;4710;301;181;97.5;3.8;3.8;31.3;26.0;75;72;51.0;-5.7;57;50;53.3;-2.9;0;69;34
3268;123;31;7;0;2;0;4;0;0;0;0;0;0;4;1;4;5;63;53;73;15;6676;100;1226;94.4;3.8;3.8;46.4;27.5;131;86;60.4;8.8;105;68;60.7;9.8;0;0;0
3274;45;45;5;1;1;2;0;0;0;0;0;0;0;0;1;0;0;55;52;57;3;2004;65;0;113.1;5.4;1.8;32.3;50.3;31;44;41.3;-14.1;22;31;41.5;-13.0;0;8;5
3287;62;62;4;2;0;1;4;0;0;0;0;0;0;2;1;0;1;62;55;70;8;1723;816;0;100.9;4.2;2.1;41.8;23.0;28;29;49.1;-8.5;22;21;51.2;-5.3;0;5;3
3288;26;26;7;1;1;-6;4;0;0;0;0;0;0;3;5;3;2;61;55;58;11;5603;400;0;91.1;1.3;5.1;28.9;38.5;73;87;45.6;-3.3;54;67;44.6;-4.7;0;86;37
3289;38;25;6;1;1;0;8;0;0;0;0;0;0;10;0;1;5;72;61;83;16;5216;538;1045;104.3;2.8;2.8;19.3;27.6;61;86;41.5;7.8;40;60;40.0;4.3;0;93;46
3291;60;18;6;0;1;-3;0;0;0;0;0;0;0;3;2;2;6;58;52;59;8;3597;0;389;89.0;3.0;6.0;36.0;31.0;70;52;57.4;8.0;55;39;58.5;6.1;0;60;33
3292;60;18;7;0;0;-3;0;0;0;0;0;0;0;6;3;5;14;61;50;67;9;7013;63;1202;96.7;3.1;4.1;31.3;31.3;120;106;53.1;0.5;98;83;54.1;-0.3;0;0;0
3298;141;25;6;4;3;4;2;1;1;0;0;0;0;6;3;2;3;70;61;77;19;5914;452;320;106.4;3.7;0.6;39.0;20.7;126;69;64.6;5.7;87;54;61.7;1.4;0;2;2
3299;1;1;7;2;2;2;0;0;1;0;0;0;0;12;5;3;2;69;68;66;13;6052;589;0;103.0;3.6;2.4;35.7;33.9;91;97;48.4;-1.5;69;71;49.3;-3.6;0;0;0
3307;48;14;7;1;4;3;6;0;0;0;0;0;0;4;1;4;3;64;56;69;8;3881;485;48;105.8;6.5;3.7;31.5;25.0;67;46;59.3;6.5;50;35;58.8;5.7;0;49;23
3309;145;3;7;2;2;-2;4;0;0;0;0;0;0;18;1;2;2;64;58;62;15;6262;691;216;91.6;2.9;4.6;24.7;23.0;87;73;54.4;-6.5;59;55;51.8;-8.0;0;8;4
3310;60;18;7;3;4;-1;2;2;2;0;0;0;0;4;3;4;4;72;60;81;22;5366;2155;75;101.7;2.0;1.3;32.9;30.2;89;78;53.3;0.7;66;59;52.8;-2.1;0;128;74
3311;48;14;7;2;2;2;6;0;0;0;0;0;0;21;1;2;2;71;69;69;12;6682;348;1015;106.6;3.8;2.7;23.7;29.1;85;94;47.5;-9.3;61;73;45.5;-12.2;1;10;4
3313;38;38;6;0;1;-1;4;0;0;0;0;0;0;4;3;0;3;57;50;64;2;2919;21;494;100.2;1.2;2.5;17.3;35.8;28;58;32.6;-4.2;21;37;36.2;-0.8;0;8;6
3317;151;152;4;0;4;-1;4;0;0;0;0;0;0;4;1;1;1;63;63;58;7;2833;638;0;100.5;6.4;7.6;28.0;34.3;39;56;41.1;-12.4;26;41;38.8;-14.8;0;4;3
3324;48;14;7;1;2;5;0;0;0;0;0;0;0;5;2;1;6;64;58;66;11;5430;125;723;109.2;6.6;3.3;29.2;24.5;76;65;53.9;-0.2;58;50;53.7;-0.6;0;57;26
3329;53;53;7;0;1;-2;4;0;0;0;0;0;0;1;5;2;3;58;51;63;9;4297;335;473;98.0;1.7;3.4;36.0;50.3;75;96;43.9;0.6;60;77;43.8;0.4;0;12;8
3331;124;124;7;0;1;-2;9;0;0;0;0;0;0;2;7;0;1;53;50;56;2;2572;39;46;95.1;1.4;4.2;19.6;35.0;23;45;33.8;-17.5;17;32;34.7;-16.2;0;16;6
3334;60;18;6;4;4;-3;8;3;2;0;0;0;0;9;1;1;3;71;66;74;23;3813;2068;9;98.7;1.9;1.9;34.0;27.4;64;50;56.1;0.6;49;41;54.4;-3.5;0;3;2
3341;57;57;5;5;1;-2;2;5;1;0;0;0;0;3;0;1;2;66;64;62;18;3279;1109;0;96.2;1.1;3.3;22.0;37.3;42;53;44.2;-14.5;30;40;42.9;-13.4;0;1;0
3347;142;23;7;1;2;2;2;1;1;0;0;0;0;9;5;3;1;69;63;69;21;6457;1081;130;100.1;2.8;1.7;37.4;22.9;138;66;67.6;1.3;100;54;64.9;-1.3;0;5;4
3356;141;25;5;4;4;4;5;0;1;0;0;1;0;7;2;3;1;67;64;65;12;4480;367;92;104.0;7.2;3.2;41.8;24.1;93;47;66.4;9.9;74;36;67.3;11.7;0;1;0
3368;130;14;2;0;1;1;2;0;1;0;0;0;0;3;0;0;2;62;54;69;2;1703;139;212;110.0;2.1;0.0;21.1;44.4;23;35;39.7;-22.1;17;26;39.5;-20.7;0;4;0
3371;142;23;6;1;5;3;0;1;2;0;0;0;0;2;1;1;0;66;59;70;11;3379;709;173;103.8;5.3;2.1;37.3;20.2;79;30;72.5;5.7;55;22;71.4;6.1;1;71;34
3372;142;23;7;1;3;5;4;0;2;0;0;0;0;6;5;3;1;70;61;78;28;5122;1568;36;104.9;4.9;1.4;44.3;22.5;116;60;65.9;-1.2;77;45;63.1;-3.6;1;3;2
3375;140;17;7;2;0;0;0;0;0;0;0;0;0;7;1;0;3;62;56;64;12;5615;843;54;100.3;2.6;2.6;24.4;25.0;74;87;46.0;-1.9;50;60;45.5;-2.6;1;92;51
3376;144;8;6;0;10;7;2;0;0;0;1;0;0;7;3;4;12;68;53;83;6;6385;337;874;108.4;5.6;2.3;37.2;33.3;109;105;50.9;-2.1;85;78;52.1;0.4;0;0;0
3378;55;9;6;1;0;2;4;0;0;0;0;0;0;12;0;1;0;58;53;59;6;3320;0;49;104.0;3.3;1.1;41.2;28.2;48;49;49.5;-4.8;42;38;52.5;-2.7;0;28;14
3381;156;156;7;1;0;0;0;0;0;0;0;0;0;7;2;2;0;57;53;58;17;5619;0;321;95.0;4.5;4.5;39.7;27.5;90;59;60.4;0.2;70;49;58.8;-0.7;0;0;0
3393;141;25;2;0;1;1;0;0;0;0;0;0;0;1;1;1;3;72;49;92;3;1701;0;291;104.5;2.1;0.0;46.6;12.7;47;14;77.0;11.8;33;9;78.6;15.1;0;0;0
3394;125;125;6;2;5;5;6;1;0;0;0;0;0;7;3;2;1;68;57;69;10;4938;153;324;110.0;5.1;1.5;30.6;21.9;68;63;51.9;-0.4;57;48;54.3;1.3;1;4;0
3397;135;2;7;1;2;-4;2;1;2;0;0;0;0;5;1;0;2;65;59;68;12;4114;750;28;92.6;0.9;3.5;21.9;30.6;52;73;41.6;-16.3;35;49;41.7;-15.5;0;55;27
3398;145;3;7;5;2;-1;0;1;1;0;0;0;0;5;2;0;5;66;59;71;15;4715;1041;129;98.3;3.8;4.6;34.4;35.9;86;73;54.1;-6.8;61;56;52.1;-7.5;0;6;4
3399;58;24;7;2;4;1;2;0;2;0;0;0;0;12;2;3;2;75;67;81;21;5978;2267;0;104.2;2.4;1.8;24.1;31.3;95;85;52.8;-1.1;64;64;50.0;-3.7;0;9;4
3400;154;154;7;1;1;1;4;0;0;0;0;0;0;2;4;0;1;56;54;60;6;3912;12;346;107.9;2.8;1.8;21.2;35.9;44;51;46.3;-2.7;30;42;41.7;-9.9;0;48;18
3401;12;12;6;2;3;1;2;0;0;0;0;0;0;3;5;1;1;64;68;52;19;4618;180;0;95.4;4.7;3.9;44.4;25.7;78;57;57.8;3.0;64;40;61.5;4.7;0;0;0
3403;156;154;7;0;2;0;0;0;0;0;0;0;0;12;7;2;2;63;59;58;10;7068;154;269;96.6;2.5;2.5;30.0;21.4;95;60;61.3;1.5;71;50;58.7;-0.9;0;3;2
3404;156;156;7;0;2;-2;0;0;0;0;0;0;0;20;9;7;5;68;58;74;13;7084;359;196;94.9;1.5;2.5;25.4;22.9;82;61;57.3;-4.0;61;52;54.0;-7.4;0;0;0
3405;156;156;7;0;0;1;4;0;0;0;0;0;0;22;2;7;1;65;59;72;22;7247;1358;372;98.9;1.5;1.0;32.3;17.4;95;50;65.5;7.4;75;38;66.4;9.9;0;0;0
3406;141;25;7;1;0;2;14;0;0;0;0;0;0;15;3;0;0;63;56;68;12;5656;95;323;103.2;1.3;0.0;39.5;17.2;121;58;67.6;12.0;86;42;67.2;11.1;0;8;6
3409;130;14;4;0;0;-3;2;0;0;0;0;0;0;4;1;2;4;67;49;85;6;3871;0;456;89.1;0.9;3.7;32.5;27.0;67;52;56.3;-1.0;52;40;56.5;-3.1;0;0;0
3411;47;0;6;0;2;-3;0;0;0;0;0;0;0;7;9;1;6;70;52;83;7;6016;529;729;99.8;2.4;4.2;23.3;40.1;81;108;42.9;10.8;56;94;37.3;6.3;0;91;39
3412;3;3;6;0;2;-2;4;0;0;0;0;0;0;3;3;3;1;64;61;63;11;5361;1229;125;97.9;2.0;3.4;27.5;35.6;57;75;43.2;-0.4;43;62;41.0;-6.0;0;72;41
3414;60;18;7;6;2;2;2;1;0;0;0;0;0;9;0;3;1;70;61;71;16;5248;742;164;100.7;4.8;3.4;26.8;19.9;68;68;50.0;-3.6;55;46;54.5;0.2;0;85;38
3416;130;14;3;2;0;0;0;1;0;0;0;0;0;2;1;0;1;68;62;71;12;2549;289;180;94.2;1.4;1.4;33.9;14.1;46;28;62.2;-1.1;33;18;64.7;0.3;1;3;1
3417;59;1;4;0;0;3;2;0;0;0;0;0;0;4;2;1;5;63;49;81;5;3627;0;1007;108.0;3.0;1.0;24.8;24.8;40;65;38.1;-19.8;28;39;41.8;-13.0;0;0;0
3418;44;30;7;3;5;0;12;0;0;0;0;0;0;2;1;2;0;62;62;59;16;5672;1090;23;99.1;6.3;6.3;37.4;35.5;96;86;52.7;-1.9;75;68;52.4;-1.8;0;78;41
3423;132;12;7;5;5;1;14;1;1;0;0;0;0;7;2;3;6;72;68;73;24;6579;1052;245;99.0;4.9;3.8;33.9;24.6;100;86;53.8;1.0;78;63;55.3;3.0;0;133;72
3425;129;27;7;1;3;-3;4;0;1;0;0;0;0;22;1;1;11;65;60;65;18;6453;439;644;95.2;1.7;3.3;32.9;34.0;97;113;46.2;5.3;74;83;47.1;5.0;0;15;5
3440;26;26;7;0;5;5;2;0;0;0;1;0;0;11;0;2;1;68;66;67;15;3206;0;68;102.0;6.7;2.2;53.9;21.3;64;41;61.0;1.0;56;25;69.1;10.1;0;1;0
3441;53;8;7;5;1;0;2;2;0;0;0;0;0;12;1;2;6;68;62;73;25;6425;1138;130;104.0;2.8;2.2;30.8;43.7;89;134;39.9;-5.0;67;104;39.2;-6.2;1;4;3
3443;60;18;7;2;0;-1;2;1;0;0;0;0;0;5;3;0;2;57;54;56;10;4111;22;422;94.6;2.6;3.5;33.3;26.3;63;58;52.1;-0.9;49;40;55.1;0.9;1;6;4
3445;38;38;4;0;2;-5;0;0;0;0;0;0;0;3;0;1;2;61;56;59;3;2406;86;165;77.7;3.0;10.5;31.4;32.9;36;45;44.4;14.0;30;34;46.9;15.4;0;12;7
3446;57;12;5;0;0;0;0;0;0;0;0;0;0;2;0;4;2;67;53;78;0;3634;0;1252;96.7;1.0;2.0;22.8;25.8;46;45;50.5;-8.1;28;33;45.9;-11.1;0;7;2
3450;131;1;7;4;4;9;0;0;0;0;0;0;0;11;5;3;6;75;72;71;28;7457;1394;183;102.2;5.8;1.4;43.4;13.0;175;54;76.4;10.6;121;38;76.1;9.8;0;15;6
3461;57;12;4;1;2;2;4;0;0;0;0;0;0;5;0;0;2;62;58;65;10;3300;68;595;105.3;5.5;3.3;34.9;31.6;60;56;51.7;-1.6;44;41;51.8;1.5;0;4;2
3464;43;43;2;0;0;-4;0;0;0;0;0;0;0;1;0;0;1;50;50;49;0;1731;0;212;75.0;0.0;8.3;12.5;33.3;15;27;35.7;-21.1;8;21;27.6;-24.2;0;0;0
3473;47;0;6;3;2;-3;5;2;1;0;0;0;0;8;2;1;8;70;66;75;20;5979;1456;373;98.0;1.8;3.6;30.7;45.8;85;121;41.3;8.8;64;97;39.8;10.2;0;2;2
3480;141;25;6;3;3;5;2;1;0;0;0;0;0;6;1;1;1;65;62;65;12;5086;1340;0;106.6;6.4;2.8;34.7;24.1;83;60;58.0;-3.6;63;42;60.0;-1.0;1;12;4
3486;53;8;7;0;1;-3;0;0;0;0;0;0;0;9;2;1;6;78;58;94;17;7703;1077;488;97.0;0.0;0.9;26.2;30.8;113;133;45.9;3.8;73;99;42.4;-1.5;0;0;0
3492;58;58;7;0;1;1;0;0;0;0;0;0;0;4;3;0;1;57;51;62;5;3385;162;215;103.2;2.1;1.1;31.9;30.8;66;51;56.4;3.5;40;38;51.3;-1.6;0;32;18
3514;62;19;7;3;3;1;4;1;2;0;0;0;0;5;3;5;4;69;59;77;19;5575;851;428;102.3;2.6;1.3;34.9;25.2;91;71;56.2;1.1;65;50;56.5;1.4;0;76;38
3518;37;37;4;0;0;-3;2;0;0;0;0;0;0;3;0;1;5;65;52;75;2;2266;499;159;90.3;0.0;4.8;11.1;49.2;23;55;29.5;-20.0;13;40;24.5;-25.3;0;23;11
3598;152;152;7;1;1;1;0;0;0;0;0;0;0;9;5;6;11;59;53;65;14;7319;55;517;102.8;3.4;3.0;30.5;34.9;87;112;43.7;-7.6;67;82;45.0;-7.6;0;0;0
3630;38;25;5;3;2;-3;2;1;2;0;0;0;0;10;1;0;3;77;70;82;15;3435;1708;201;97.8;3.1;6.3;15.7;28.3;35;56;38.5;3.7;21;42;33.3;-2.9;0;54;30
3633;30;30;7;0;2;0;7;0;0;0;0;1;0;9;3;7;2;64;56;74;4;4532;229;556;98.6;2.4;2.4;27.8;23.8;53;53;50.0;7.5;42;36;53.8;9.7;0;68;32
3634;57;12;6;2;2;-3;0;1;1;0;0;0;0;5;4;1;11;76;61;88;27;6256;1129;581;96.9;1.7;3.5;32.2;40.9;107;109;49.5;-4.6;78;90;46.4;-6.1;1;0;0
3637;55;9;4;0;3;5;2;0;0;0;0;0;0;4;0;3;6;68;52;86;5;3518;115;403;110.8;6.1;1.0;43.0;29.7;59;57;50.9;-9.5;51;44;53.7;-8.7;0;0;0
3670;43;43;1;0;0;-1;0;0;0;0;0;0;0;2;2;0;0;57;44;67;0;605;45;133;83.3;0.0;6.0;23.8;35.7;4;11;26.7;-21.1;4;6;40.0;-5.7;0;15;7
3674;40;20;7;0;0;-5;2;0;0;0;0;0;0;8;3;2;10;64;56;65;6;6753;599;1293;93.4;0.5;3.2;19.2;34.1;71;125;36.2;0.4;47;88;34.8;-2.6;0;29;16
3691;136;10;6;0;2;-2;0;0;0;0;0;0;0;12;0;3;4;68;57;80;11;6266;751;322;96.8;1.1;2.3;24.7;29.3;92;92;50.0;6.1;66;68;49.3;5.4;0;0;0
3693;0;0;4;0;1;2;0;0;0;0;0;0;0;2;1;3;0;64;59;69;4;2103;0;0;110.5;3.4;0.0;32.5;30.8;27;25;51.9;4.1;20;19;51.3;4.3;0;13;8
3696;37;37;7;2;2;3;0;0;1;0;0;0;0;2;1;3;1;69;61;77;16;5453;536;761;110.3;3.3;1.3;23.8;36.3;61;97;38.6;-4.5;45;78;36.6;-7.3;1;33;17
3730;60;18;5;0;4;-3;4;0;1;0;0;0;0;3;1;2;2;63;60;57;6;3322;764;0;94.5;2.2;4.3;20.6;27.1;41;50;45.1;-5.1;26;35;42.6;-9.0;0;4;3
3731;54;10;5;3;1;2;0;1;0;0;0;0;0;2;2;3;3;64;58;68;8;3286;192;929;104.5;4.4;2.2;38.3;31.8;50;54;48.1;-10.2;40;39;50.6;-6.0;1;17;6
3759;14;14;3;1;1;1;0;0;0;0;0;0;0;5;3;3;1;63;52;67;3;1231;0;775;109.6;8.8;5.8;35.1;38.0;13;24;35.1;-16.3;12;19;38.7;-11.3;0;1;0
3763;43;43;5;0;0;-4;6;0;0;0;0;0;0;3;0;3;7;62;50;74;5;4384;108;336;92.2;2.5;5.7;25.5;32.8;57;66;46.3;0.3;42;50;45.7;0.3;0;0;0
3766;45;45;4;1;0;0;2;0;0;0;0;0;0;0;0;0;1;55;52;51;2;1451;0;75;101.3;5.0;5.0;29.8;32.3;26;21;55.3;-3.8;18;16;52.9;-6.9;0;12;4
3773;18;18;7;0;3;-3;2;0;0;0;0;0;0;10;0;3;5;58;57;53;8;6716;36;191;94.4;3.8;5.4;34.8;32.7;120;94;56.1;2.8;84;73;53.5;0.2;0;0;0
3774;123;31;4;2;0;-1;0;1;0;0;0;0;0;0;1;1;1;58;54;57;4;2561;170;0;98.6;2.8;4.2;25.3;33.7;36;40;47.4;-11.6;20;30;40.0;-18.6;0;47;24
3775;124;124;7;1;0;2;0;0;0;0;0;0;0;4;2;3;3;62;58;59;5;4218;0;0;108.5;2.6;0.9;22.2;28.2;52;65;44.4;-6.3;37;44;45.7;-2.8;0;0;0
3782;43;17;5;1;1;1;2;0;1;0;0;0;0;7;0;4;6;76;60;93;15;4405;1572;409;108.8;4.1;0.8;35.1;28.6;79;65;54.9;14.0;58;46;55.8;16.2;0;0;0
3791;139;19;6;1;1;0;2;0;0;0;0;0;0;4;2;3;11;63;51;78;9;5510;26;1005;101.5;2.0;2.0;26.8;34.0;71;87;44.9;-2.3;51;69;42.5;-7.1;0;0;0
3795;41;41;7;0;4;4;0;0;1;0;0;0;0;4;0;5;4;69;61;75;16;5151;470;492;105.6;4.2;1.4;37.0;24.5;86;67;56.2;10.2;70;50;58.3;11.0;0;24;10
3799;141;25;6;3;5;0;2;0;0;0;0;0;0;4;3;2;1;69;60;73;17;4361;858;113;100.1;5.8;5.0;35.5;30.5;78;71;52.3;-2.2;57;53;51.8;-3.7;1;40;18
3806;33;12;7;1;3;0;0;0;1;0;0;0;0;5;0;4;5;67;65;65;13;5189;700;0;99.8;2.8;2.8;31.9;31.2;78;85;47.9;4.2;59;61;49.2;5.7;0;12;9
3807;123;31;7;1;2;0;4;0;0;0;0;0;0;19;1;1;9;59;55;57;13;6809;66;1259;99.5;3.7;3.7;34.4;32.8;116;99;54.0;-0.7;83;76;52.2;-3.1;0;0;0
3809;50;26;7;2;1;-1;2;0;0;1;0;0;0;8;5;4;3;62;54;65;8;5276;0;930;97.7;1.4;2.7;25.2;35.5;69;90;43.4;-3.0;53;67;44.2;-1.0;0;21;10
3810;41;7;7;1;3;0;6;0;1;0;0;0;0;5;1;0;5;67;64;64;10;5523;702;524;104.2;3.9;3.9;24.1;32.6;77;92;45.6;-3.7;53;64;45.3;-6.3;0;16;8
3811;132;12;7;3;4;2;2;0;2;0;0;0;0;9;5;2;4;62;60;59;18;6361;726;80;100.6;5.1;3.4;29.4;20.4;89;72;55.3;3.0;69;51;57.5;5.7;1;6;3
3812;62;19;7;1;3;-2;0;0;0;0;0;0;0;3;1;3;7;67;59;70;11;5556;17;1480;91.6;2.6;3.9;29.8;22.7;89;66;57.4;2.8;66;52;55.9;0.6;0;113;63
3814;60;18;3;0;0;-3;6;0;0;0;0;0;0;5;1;1;3;66;49;86;3;3091;0;437;90.6;1.2;4.7;26.8;33.8;38;58;39.6;-15.8;30;43;41.1;-16.3;0;0;0
3817;153;152;5;0;2;1;4;0;0;0;1;0;0;2;1;1;3;58;52;64;2;5092;110;348;102.0;4.2;4.2;31.8;37.5;80;95;45.7;-1.6;58;74;43.9;-4.0;0;0;0
3818;34;2;7;1;2;-2;4;1;1;0;0;0;0;8;0;2;3;63;59;66;18;5463;1574;0;96.4;1.3;2.6;31.0;33.6;99;100;49.7;-1.7;70;74;48.6;-0.2;0;4;2
3819;135;2;7;0;3;-3;0;0;1;0;0;0;0;7;3;3;6;63;50;75;6;7323;212;595;96.0;2.9;4.4;28.0;30.5;115;107;51.8;-4.4;88;81;52.1;-3.8;0;0;0
3820;62;62;3;0;0;-1;2;0;0;0;0;0;0;0;0;0;8;66;51;80;6;2864;43;504;97.9;1.3;2.5;22.6;32.7;34;49;41.0;-13.3;23;36;39.0;-16.5;0;0;0
3822;62;19;7;2;1;2;4;0;0;0;0;0;0;16;2;2;17;65;51;80;16;6451;61;1509;96.3;3.9;2.8;39.6;20.6;123;72;63.1;11.4;93;51;64.6;13.3;0;0;0
3836;33;29;5;3;1;4;0;0;0;0;0;0;0;9;0;2;5;64;59;69;9;3163;70;1076;109.5;5.7;1.1;35.3;17.1;53;39;57.6;12.1;44;22;66.7;19.9;0;26;9
3865;17;17;7;3;1;-6;4;0;0;2;0;0;0;9;10;3;7;61;60;57;11;6117;14;1027;89.9;1.2;5.9;34.1;43.5;93;103;47.4;3.3;64;84;43.2;0.1;1;23;5
3881;148;30;7;3;1;1;0;0;0;0;0;0;0;8;6;1;3;65;57;72;22;5789;789;0;100.6;3.1;1.9;41.0;26.7;103;81;56.0;3.4;81;58;58.3;4.9;1;95;49
3882;132;12;7;1;1;-1;2;0;0;0;0;0;0;8;3;2;10;64;50;81;16;7694;266;339;97.2;3.7;4.2;31.8;29.0;118;112;51.3;-2.8;89;83;51.7;-2.3;0;0;0
3884;58;24;7;0;1;-1;2;0;0;0;0;0;0;12;1;4;2;57;53;61;12;6847;848;757;102.6;2.6;2.6;24.7;32.6;111;102;52.1;-2.2;74;75;49.7;-4.4;0;0;0
3885;148;30;7;3;2;-2;2;0;0;0;0;0;0;16;3;4;3;60;58;57;16;6832;36;456;97.7;3.7;4.7;33.2;35.3;118;98;54.6;1.7;89;78;53.3;-2.1;0;22;10
3886;127;31;6;0;1;1;4;0;0;0;0;0;0;10;1;2;4;61;52;69;11;4471;51;468;102.8;1.6;0.8;27.4;25.8;70;67;51.1;-7.7;51;46;52.6;-5.9;0;10;3
3888;10;10;7;2;2;-4;4;0;0;0;1;0;0;6;6;3;6;66;69;56;21;6388;226;495;94.2;2.3;5.1;30.4;38.3;98;108;47.6;-3.2;69;82;45.7;-4.7;0;2;0
3889;43;17;7;2;3;4;30;0;0;0;0;0;0;18;1;3;5;68;61;72;11;5094;652;595;115.9;4.2;0.7;23.3;31.1;73;86;45.9;-5.5;52;58;47.3;-4.7;0;15;5
3890;9;9;7;2;1;0;4;0;0;1;0;0;0;8;7;2;3;58;55;58;6;3531;97;127;100.8;4.1;6.1;26.5;41.8;37;60;38.1;-8.1;30;48;38.5;-5.5;0;1;1
3891;58;24;7;2;2;-3;0;1;2;0;0;0;0;10;3;3;4;75;68;80;24;6000;687;1215;96.2;1.2;2.4;31.8;31.8;103;82;55.7;3.0;77;63;55.0;3.4;1;20;10
3892;57;12;4;1;1;0;0;0;1;0;0;0;0;5;1;0;1;62;56;62;4;2038;123;187;97.9;1.8;1.8;31.8;23.0;32;31;50.8;-6.3;21;21;50.0;-6.2;1;32;15
3893;34;2;6;1;3;0;4;1;1;0;0;0;0;7;2;1;4;71;66;73;20;4763;1564;57;99.0;1.5;1.5;39.3;31.0;92;76;54.8;4.0;71;57;55.5;7.1;0;5;2
3895;53;53;7;0;0;-2;0;0;0;0;0;0;0;3;1;1;1;60;53;65;4;4280;302;514;95.2;0.0;1.7;22.7;35.3;56;69;44.8;1.7;40;54;42.6;-1.1;0;15;7
4743;41;41;7;4;4;5;6;1;0;0;0;0;0;12;1;1;15;70;58;86;9;7606;500;493;111.1;5.7;3.3;26.5;32.2;101;132;43.3;-7.7;77;90;46.1;-6.1;0;0;0
4776;130;14;2;0;0;-1;12;0;0;0;0;0;0;0;0;0;0;59;51;66;5;716;0;153;90.0;0.0;5.0;25.1;50.3;8;14;36.4;-21.2;5;10;33.3;-23.2;0;8;5
5182;2;2;7;1;0;-7;6;0;0;0;0;0;0;10;2;2;3;60;58;58;12;4751;40;48;82.7;0.8;6.1;34.1;31.1;78;61;56.1;1.5;57;44;56.4;1.6;0;3;1
5266;128;20;6;1;0;-7;2;1;0;0;0;0;0;8;7;3;20;69;51;84;5;6690;914;539;95.6;1.1;4.8;16.1;43.6;54;159;25.4;-16.2;45;117;27.8;-15.9;0;0;0
5352;151;152;3;0;1;0;0;0;0;0;0;0;0;1;1;0;3;63;57;67;4;1914;92;645;102.8;1.9;1.9;22.6;33.9;27;24;52.9;7.0;20;22;47.6;1.5;0;4;2
5355;135;2;4;1;2;-1;2;1;1;0;0;0;0;3;0;1;3;60;57;62;3;2692;238;0;98.3;1.3;2.7;20.1;32.1;33;43;43.4;-7.6;20;33;37.7;-13.9;0;1;1
5356;25;25;7;2;1;2;2;0;0;0;0;0;0;9;1;2;20;63;58;68;17;8291;291;809;102.1;3.9;3.0;36.0;34.7;128;132;49.2;1.9;96;96;50.0;2.6;1;0;0
5357;141;25;7;0;3;5;0;0;0;0;0;0;0;8;1;3;3;73;56;91;21;7416;1157;416;100.0;5.3;2.9;42.7;23.3;149;88;62.9;6.3;110;67;62.1;5.0;0;0;0
5358;142;23;7;2;6;2;2;1;3;0;0;0;0;9;2;7;11;64;54;76;20;6836;1114;320;94.8;3.7;2.6;36.9;17.4;130;72;64.4;-3.6;99;53;65.1;-1.0;0;0;0
5359;151;152;3;1;0;4;2;0;0;0;0;0;0;3;0;0;0;58;53;51;5;2805;239;0;119.3;6.4;1.3;27.0;28.2;33;39;45.8;-5.3;26;34;43.3;-7.0;0;0;0
5361;151;152;3;1;0;0;5;0;0;0;0;1;1;1;1;0;4;61;55;61;7;2781;91;90;99.2;1.3;1.3;27.2;23.3;38;33;53.5;14.8;28;20;58.3;22.3;0;1;1
5364;55;9;7;0;4;2;5;0;2;0;0;1;1;4;0;0;4;64;59;66;19;4870;488;89;103.7;3.0;0.7;39.9;20.0;83;57;59.3;7.4;69;42;62.2;10.3;0;0;0
5365;135;2;5;1;2;-2;6;0;0;0;0;0;0;5;1;2;5;62;61;57;8;4640;1;297;92.8;1.6;3.1;29.5;24.8;78;63;55.3;5.6;62;46;57.4;8.0;0;4;3
5368;126;124;7;1;1;-3;2;0;0;0;0;0;0;8;0;1;5;68;64;69;17;5886;30;561;94.2;1.2;3.1;30.6;31.2;101;81;55.5;-3.6;71;63;53.0;-6.1;0;20;11
5369;48;14;5;1;1;7;2;0;0;0;0;0;0;8;0;3;3;75;56;93;16;5218;70;362;111.4;5.5;0.7;35.9;17.2;99;58;63.1;6.3;74;39;65.5;9.2;0;0;0
5370;141;25;7;2;2;4;4;2;0;0;0;0;0;7;2;3;5;65;56;71;11;4684;351;306;105.6;4.6;1.5;34.6;20.0;85;48;63.9;6.5;63;33;65.6;8.4;0;48;25
5372;144;8;6;0;2;-1;2;0;0;0;1;0;0;3;1;2;7;55;50;61;13;6069;75;734;97.2;1.2;2.4;25.5;32.0;87;102;46.0;-7.5;64;79;44.8;-9.5;0;0;0
5374;143;18;7;3;3;-2;0;1;2;0;0;0;0;4;2;1;13;69;60;77;16;7152;1477;253;102.5;3.0;4.0;22.1;36.2;90;132;40.5;3.4;67;98;40.6;0.7;1;9;4
5375;30;30;7;1;1;-1;4;1;1;0;0;0;0;12;10;6;9;71;58;84;11;6100;908;1053;98.9;0.6;1.2;20.7;29.5;53;86;38.1;-7.9;39;61;39.0;-9.4;1;22;10
5377;142;23;4;1;3;9;2;0;0;0;1;0;0;1;2;2;2;67;52;84;9;4320;29;404;114.3;7.5;0.8;38.3;15.8;83;44;65.4;-1.8;60;36;62.5;-5.8;0;0;0
5379;132;12;7;0;2;0;2;0;1;0;0;0;0;4;3;1;2;65;53;76;10;4736;1050;108;106.2;2.3;0.8;25.8;28.9;71;66;51.8;-1.6;48;51;48.5;-5.9;0;35;22
5381;131;1;1;0;1;1;0;0;0;0;0;0;0;0;0;0;1;62;52;67;1;961;0;68;103.3;7.5;3.7;37.5;22.5;17;9;65.4;15.4;11;7;61.1;13.3;0;0;0
5383;2;2;7;0;5;2;4;0;0;0;0;0;0;11;2;5;6;61;56;65;14;7175;335;419;100.2;4.0;3.0;38.1;29.1;117;84;58.2;4.9;90;65;58.1;4.5;0;0;0
5384;26;26;7;1;4;6;8;0;0;0;0;0;0;11;3;3;11;63;59;66;22;8181;464;528;107.3;4.8;2.2;38.3;40.9;132;123;51.8;6.1;104;104;50.0;3.3;0;0;0
5389;47;47;4;0;0;-1;7;0;0;0;0;1;0;4;0;0;2;60;53;64;4;1782;269;0;93.3;0.0;2.0;16.2;30.3;16;31;34.0;-2.5;10;19;34.5;-3.9;0;18;6
5390;137;28;7;0;4;-3;0;0;0;0;0;0;0;5;0;5;10;69;55;86;13;7712;187;783;97.4;1.4;2.8;21.5;30.8;86;117;42.4;4.3;56;89;38.6;-2.0;0;0;0
5391;9;9;4;0;1;-2;0;0;0;0;0;0;0;2;2;2;1;58;53;62;2;2051;0;76;90.5;0.0;3.5;21.1;36.9;22;33;40.0;-14.5;15;26;36.6;-18.3;0;12;3
5393;148;30;7;0;1;-1;0;0;0;0;0;0;0;3;4;1;3;63;56;72;16;6123;1200;176;97.6;1.2;1.2;37.6;21.2;105;75;58.3;6.6;84;53;61.3;9.0;0;5;3
5394;139;19;3;0;0;-4;0;0;0;0;0;0;0;2;2;0;3;59;46;73;3;2852;0;624;80.5;1.3;6.3;29.0;26.5;41;47;46.6;-12.4;34;35;49.3;-7.7;0;0;0
5396;151;152;6;2;1;1;12;0;0;0;0;0;0;8;1;1;2;64;59;61;11;4744;48;105;101.4;3.0;2.3;31.9;28.1;65;70;48.1;-0.3;51;53;49.0;1.9;2;1;0
5397;135;2;7;0;1;-2;2;0;0;0;0;0;0;9;4;2;3;70;55;83;10;5810;0;885;92.6;1.9;3.1;28.5;22.3;83;64;56.5;2.3;70;49;58.8;5.6;0;70;35
5401;33;29;7;2;5;1;4;1;3;0;0;0;0;13;2;4;8;63;61;60;12;7465;1303;466;103.5;3.4;2.9;28.5;34.7;115;135;46.0;2.1;83;101;45.1;0.5;0;0;0
5407;127;31;5;0;2;2;0;0;0;0;0;0;0;2;2;2;0;59;47;73;2;5225;0;556;101.6;3.4;2.1;33.1;23.4;85;68;55.6;1.2;62;48;56.4;3.5;0;0;0
5410;142;23;7;2;2;5;6;1;0;0;0;0;0;8;1;3;2;72;56;88;15;7496;1269;520;102.1;3.8;1.4;39.9;19.2;150;74;67.0;0.3;111;53;67.7;2.9;0;0;0
5412;149;29;7;1;1;-10;4;0;0;1;0;0;0;10;2;3;16;67;59;69;9;7563;1503;571;91.5;1.0;5.7;14.8;38.1;65;126;34.0;-3.9;45;97;31.7;-6.3;0;1;1
5414;143;18;7;2;1;-2;5;0;0;0;0;1;1;23;2;1;5;67;59;70;14;6247;529;827;99.3;2.3;3.5;24.8;34.6;76;112;40.4;3.0;58;82;41.4;1.8;0;17;5
5416;156;156;7;0;2;0;2;0;1;0;0;0;0;14;8;6;4;66;57;74;11;5471;1352;8;99.7;1.3;1.3;29.6;27.6;66;58;53.2;-9.2;51;45;53.1;-8.1;0;4;2
5418;153;152;7;1;3;-1;4;1;1;0;0;0;0;7;0;3;9;70;58;84;17;6990;631;607;96.8;1.0;2.1;29.9;30.9;93;103;47.4;-7.1;77;82;48.4;-6.3;0;0;0
5420;21;21;7;0;3;-4;8;0;0;0;0;0;0;8;8;8;8;67;58;75;8;6614;882;601;92.0;2.7;4.9;32.7;29.9;90;89;50.3;3.0;71;70;50.4;3.0;0;87;53
5422;7;7;6;0;1;-2;4;0;0;0;0;0;0;3;6;3;1;60;57;63;8;4097;661;41;95.9;1.8;3.5;29.9;35.1;56;52;51.9;-3.3;40;46;46.5;-9.6;0;0;0
5424;137;28;7;2;2;3;0;1;0;0;0;0;0;8;1;2;3;65;61;68;9;5680;664;120;110.4;4.4;2.5;26.0;38.0;71;108;39.7;0.3;54;78;40.9;1.3;0;11;1
5425;148;30;6;1;1;-7;2;0;0;0;0;0;0;12;2;2;8;54;50;57;11;7052;437;393;83.9;1.5;5.1;35.7;25.0;127;88;59.1;6.8;97;66;59.5;6.0;0;0;0
5439;130;14;2;0;0;-1;0;0;0;0;0;0;0;1;0;0;0;52;50;54;3;2228;0;158;93.8;0.0;1.6;25.9;25.9;31;32;49.2;-0.4;22;18;55.0;4.4;0;0;0
5441;7;7;4;0;0;4;7;0;0;0;0;0;0;1;0;4;5;62;54;74;11;3812;0;159;106.1;4.7;0.9;51.9;32.1;80;49;62.0;9.0;64;38;62.7;14.3;0;0;0
5442;141;25;6;3;3;3;2;0;0;0;0;0;0;15;0;1;8;65;62;60;13;5722;38;33;100.9;6.9;5.0;34.0;25.8;113;73;60.8;5.2;82;52;61.2;6.0;0;6;2
5443;151;152;6;1;1;2;2;0;0;0;0;0;0;8;2;2;4;67;58;72;6;3989;0;162;106.4;3.6;1.8;27.1;26.2;63;44;58.9;12.3;45;34;57.0;11.7;0;45;24
5444;26;26;7;0;0;-3;0;0;0;0;0;0;0;10;4;0;2;57;51;58;5;3211;0;148;92.3;0.0;3.4;24.7;43.7;37;55;40.2;-9.2;29;42;40.8;-8.6;0;8;2
5445;19;19;7;0;0;-5;4;0;0;0;0;0;0;9;1;8;17;62;51;75;19;6877;142;177;91.3;0.5;2.6;34.0;25.6;89;91;49.4;1.4;74;61;54.8;7.1;0;0;0
5446;47;0;4;0;0;-7;0;0;0;0;0;0;0;3;1;0;1;52;53;42;7;3560;504;0;83.8;1.0;8.1;23.3;39.4;44;66;40.0;2.0;28;56;33.3;-1.9;0;2;0
5447;126;124;7;1;0;1;2;0;0;0;0;0;0;1;2;1;7;59;52;65;11;6488;203;525;97.9;3.3;2.8;38.8;26.1;121;90;57.3;-1.1;85;63;57.4;-0.0;1;0;0
5450;144;8;7;0;3;0;2;0;0;0;0;0;0;1;0;2;0;54;53;53;5;3072;229;145;107.4;4.7;4.7;27.0;46.9;33;77;30.0;-28.7;29;55;34.5;-23.3;0;4;1
5452;130;14;2;0;1;-1;2;0;0;0;0;0;0;2;0;0;0;57;53;59;3;1551;115;290;94.5;2.3;4.6;46.4;44.1;32;28;53.3;-2.6;27;21;56.3;3.2;0;0;0
5456;139;19;4;0;1;4;0;0;0;0;0;0;0;3;0;1;2;59;51;69;3;3414;100;336;108.5;5.3;1.1;35.9;16.9;53;28;65.4;17.6;43;20;68.3;19.2;0;0;0
5459;45;28;7;0;3;5;0;0;0;0;0;0;0;9;2;1;6;63;50;77;17;6834;269;1210;104.9;3.7;1.1;37.4;21.1;119;75;61.3;8.0;94;54;63.5;11.6;0;0;0
5460;14;14;5;2;0;0;4;0;0;0;0;0;0;6;1;1;13;63;56;72;8;5134;139;311;101.7;2.8;2.1;40.0;39.3;86;89;49.1;3.2;65;66;49.6;5.3;0;0;0
5461;130;14;5;2;0;-1;0;1;0;0;0;0;0;7;1;1;1;62;61;56;8;4265;715;70;86.7;2.5;3.4;43.9;17.7;87;34;71.9;18.9;65;27;70.7;16.1;0;1;0
5463;56;21;6;0;1;5;4;0;0;0;0;0;0;2;0;1;2;62;53;71;8;5685;183;579;110.1;4.4;1.3;29.8;26.6;79;77;50.6;-13.9;66;59;52.8;-12.6;0;0;0
5465;23;23;7;0;2;-6;0;0;0;0;0;0;0;8;2;6;7;58;55;58;10;6917;0;700;92.0;2.6;5.7;33.8;36.4;110;120;47.8;-3.2;77;94;45.0;-6.8;0;0;0
5469;144;8;7;0;2;1;2;0;0;0;0;0;0;9;2;3;1;63;56;66;13;6501;350;233;100.8;2.8;2.2;34.9;31.0;121;80;60.2;8.4;95;67;58.6;6.5;0;90;47
5472;147;9;7;0;0;-2;2;0;0;0;0;0;0;9;0;5;15;65;51;82;5;7017;1027;725;104.2;2.1;3.1;16.4;36.9;57;154;27.0;6.0;45;102;30.6;10.3;0;0;0
5473;27;27;7;5;5;1;2;1;3;0;0;0;0;6;8;6;5;69;70;69;17;6794;1041;11;104.8;5.8;5.3;31.8;39.2;109;128;46.0;1.9;76;93;45.0;0.9;0;114;56
5474;138;24;6;0;1;-2;2;0;0;0;0;0;0;9;1;3;5;65;50;80;8;6408;112;860;95.9;1.1;2.2;34.3;30.3;102;90;53.1;-0.6;84;73;53.5;0.8;0;0;0
5475;128;20;6;0;0;-1;0;0;0;0;0;0;0;10;1;6;8;62;50;75;5;6565;0;632;99.8;1.6;2.2;26.3;34.0;87;111;43.9;12.8;67;80;45.6;12.0;0;0;0
5476;135;2;1;0;0;0;0;0;0;0;0;0;0;0;0;0;0;53;50;49;1;372;0;0;100.0;0.0;0.0;19.4;29.0;4;3;57.1;-21.0;3;3;50.0;-30.0;0;1;0
5478;142;23;7;0;5;8;0;0;0;0;0;0;0;10;2;1;2;64;53;75;20;7598;192;984;105.8;4.3;0.9;39.3;19.0;152;67;69.4;4.0;110;54;67.1;1.9;0;0;0
5484;28;28;6;0;1;-1;0;0;0;0;0;0;0;10;2;1;11;59;56;59;14;6605;291;386;93.8;4.9;5.5;40.9;30.0;102;96;51.5;-4.2;81;73;52.6;-3.9;0;0;0
5485;48;14;7;0;5;5;0;0;0;0;0;0;0;6;2;1;5;64;61;66;4;6979;617;696;107.5;5.2;2.6;32.0;29.9;113;101;52.8;-1.9;87;81;51.8;-3.8;0;0;0
5486;124;124;7;1;3;5;0;0;0;0;0;0;0;8;9;1;5;64;60;68;11;4243;16;165;112.2;5.1;0.8;33.1;26.3;65;58;52.8;4.2;49;41;54.4;8.1;0;1;0
5488;139;19;6;3;2;-3;2;1;1;0;0;0;0;18;5;3;0;67;60;63;14;5581;793;179;92.4;2.6;4.5;23.9;24.5;65;84;43.6;-4.1;50;61;45.0;-3.1;0;2;1
5489;17;17;7;0;4;1;0;0;0;0;1;0;0;9;3;10;10;63;56;67;17;7020;142;463;101.4;3.6;4.6;31.8;46.7;105;129;44.9;-0.4;76;100;43.2;0.0;0;0;0
5490;55;9;7;2;4;7;8;0;0;0;0;0;0;4;4;2;16;69;51;89;4;7680;12;511;114.9;4.2;0.9;23.4;30.0;98;129;43.2;-15.7;75;98;43.4;-16.3;0;0;0
5494;19;19;7;1;3;4;19;0;0;0;0;1;0;13;2;7;5;65;61;69;23;7558;552;526;106.6;3.8;1.9;31.4;34.3;107;115;48.2;-0.5;82;87;48.5;-2.2;1;0;0
5496;142;23;1;0;0;0;0;0;0;0;0;0;0;0;0;0;1;56;50;62;0;619;23;0;0.0;0.0;0.0;29.1;0.0;12;2;85.7;5.7;7;1;87.5;7.9;0;0;0
5498;12;12;6;0;1;-2;7;0;0;0;0;1;0;2;4;4;4;60;56;62;6;5550;246;310;96.1;2.6;3.9;37.0;35.7;87;74;54.0;-2.2;64;59;52.0;-8.5;0;65;42
5499;58;24;7;4;2;3;8;1;1;0;0;0;0;6;5;1;5;69;64;78;21;4913;2234;59;105.8;3.7;1.5;35.2;31.5;88;65;57.5;5.3;67;50;57.3;6.2;1;6;1
5500;130;14;5;2;3;0;2;0;2;0;0;0;0;10;1;1;2;77;62;91;16;5378;732;456;96.6;2.7;2.7;34.8;24.1;95;65;59.4;2.2;69;45;60.5;2.4;1;0;0
5502;140;17;7;5;5;0;0;1;0;0;0;0;0;11;1;5;5;76;73;80;27;6616;1457;21;96.4;3.3;3.3;25.0;19.6;86;81;51.5;5.9;66;59;52.8;7.8;1;3;3
5504;130;14;3;1;1;2;0;0;0;0;0;0;0;3;0;2;3;71;58;81;8;2380;0;337;102.4;4.5;1.5;39.3;16.6;47;27;63.5;4.9;39;16;70.9;11.8;0;12;6
5509;23;23;7;3;0;-1;12;0;0;0;0;0;0;11;2;6;8;61;54;68;11;8071;151;816;98.5;2.7;3.1;29.9;29.9;103;105;49.5;-0.5;76;77;49.7;0.4;0;2;2
5510;56;21;6;0;2;3;0;0;0;0;1;0;0;1;0;1;2;60;55;60;4;2716;24;607;107.5;5.3;1.3;42.4;26.5;49;36;57.6;-3.3;37;29;56.1;-6.3;0;38;19
5511;143;18;7;0;0;-2;2;0;0;0;0;0;0;6;1;2;4;55;51;59;4;3564;114;177;101.4;3.0;5.1;22.2;41.4;41;79;34.2;-5.0;33;57;36.7;-4.2;0;10;5
5514;132;12;7;1;2;1;2;0;0;0;0;0;0;8;2;3;10;62;51;71;13;7886;24;674;99.4;3.2;2.7;29.2;23.7;118;97;54.9;2.7;85;73;53.8;0.9;0;0;0
5518;38;25;6;0;2;-6;4;0;0;0;0;0;0;6;2;3;5;58;50;68;6;5620;99;1031;90.3;1.3;5.1;22.4;33.3;66;101;39.5;5.3;51;70;42.1;8.0;0;0;0
5519;18;18;7;3;1;1;9;2;1;0;0;1;0;9;0;8;12;66;60;72;25;7966;1131;571;101.1;3.6;3.2;32.5;31.6;115;108;51.6;-3.9;84;81;50.9;-3.7;0;0;0
5520;151;152;5;0;2;0;0;0;0;0;1;0;0;4;3;0;3;61;59;56;5;4407;249;285;100.7;2.5;3.3;21.2;30.2;49;69;41.5;0.0;35;51;40.7;-0.1;0;14;4
5524;128;20;6;1;1;-4;2;0;0;0;0;0;0;6;4;2;9;63;53;72;14;5532;948;534;96.0;2.0;4.6;24.7;38.4;58;117;33.1;-3.4;47;80;37.0;-0.9;0;0;0
5525;43;17;7;1;1;-2;4;0;0;0;0;0;0;7;0;3;12;65;59;71;7;5089;109;1253;96.1;2.8;4.2;29.0;31.1;77;75;50.7;1.0;55;56;49.5;-1.7;0;33;8
5527;136;10;6;2;3;1;0;1;0;0;0;0;0;9;1;2;2;69;67;68;17;5227;1220;293;104.5;4.1;2.1;34.4;27.5;91;75;54.8;12.8;74;57;56.5;16.1;0;15;9
5533;124;124;7;0;1;2;7;0;0;0;0;1;0;4;3;4;1;62;52;72;3;3807;0;552;109.1;1.9;0.0;20.8;31.2;42;61;40.8;-10.5;30;45;40.0;-9.5;0;62;39
5534;44;30;7;3;4;1;2;0;0;0;0;0;0;2;1;4;7;62;60;57;10;4233;0;805;101.4;7.7;6.8;40.0;38.3;78;68;53.4;-1.0;62;56;52.5;-1.5;0;61;35
5537;140;17;7;3;1;6;0;0;0;0;0;0;0;9;1;1;6;67;60;72;14;4872;1033;29;116.2;5.2;0.7;26.6;22.9;67;61;52.3;6.5;49;44;52.7;6.9;0;14;5
5538;24;24;6;0;1;-1;4;0;0;0;0;0;0;6;7;1;8;61;54;69;2;3062;0;855;99.3;2.4;3.5;27.0;37.6;38;49;43.7;-4.1;29;36;44.6;-3.1;0;22;9
5543;132;12;7;3;8;-7;0;1;2;0;0;0;0;10;2;1;2;63;66;53;16;6491;1213;0;87.2;3.3;6.7;35.5;29.9;113;93;54.9;2.6;87;77;53.0;-0.2;0;1;0
5544;142;23;6;1;2;0;2;0;0;0;1;0;0;7;5;1;3;68;57;76;12;5416;30;867;91.3;2.0;2.7;35.9;18.6;106;51;67.5;1.7;76;41;65.0;0.2;0;22;12
5545;143;18;7;3;3;2;4;1;0;0;0;0;0;15;4;3;0;62;57;58;12;6641;156;186;108.1;3.8;2.7;23.9;34.7;73;123;37.2;-1.4;56;86;39.4;-1.0;1;76;39
5546;59;1;4;2;1;0;6;0;1;0;0;0;0;6;0;1;6;67;61;75;15;3741;973;314;100.7;2.9;2.9;38.5;42.3;72;67;51.8;-0.1;57;55;50.9;-0.9;0;0;0
5547;133;26;7;2;2;5;0;2;0;0;0;0;0;10;1;0;3;68;64;67;22;6426;1299;159;103.0;5.0;2.2;38.7;22.4;118;78;60.2;2.7;92;52;63.9;6.1;1;14;7
5549;29;29;6;0;1;-2;2;0;0;0;0;0;0;1;2;3;0;56;52;59;3;2529;0;69;94.2;2.8;5.7;35.6;41.3;40;47;46.0;-9.2;28;33;45.9;-8.5;0;37;25
5551;146;0;7;0;1;-5;28;0;0;0;0;0;0;9;3;1;16;55;48;69;9;7884;68;1181;92.4;2.3;4.6;30.1;30.1;116;121;48.9;7.2;87;94;48.1;7.5;0;0;0
5553;140;17;7;1;4;6;4;0;0;0;0;0;0;6;3;7;7;67;58;72;7;7108;408;540;110.2;4.6;1.5;26.3;21.3;89;84;51.4;5.9;69;63;52.3;7.2;0;104;57
5560;33;12;6;0;0;-2;2;0;0;0;0;0;0;1;1;3;1;56;52;60;7;2802;44;404;95.0;1.3;3.9;29.6;41.1;37;55;40.2;-7.6;30;47;39.0;-9.3;0;3;3
5561;126;124;7;0;3;0;0;0;1;0;0;0;0;3;3;2;8;64;58;69;14;5177;149;695;98.1;1.4;1.4;33.4;22.9;93;65;58.9;1.0;72;49;59.5;2.7;0;12;6
5564;139;19;2;0;2;-2;2;0;1;0;0;0;0;1;1;4;0;56;58;53;1;2057;366;139;107.9;5.2;8.7;22.7;57.7;20;50;28.6;-13.7;17;38;30.9;-8.5;0;0;0
5566;36;3;7;0;1;-6;4;0;0;0;0;0;0;1;0;0;5;55;55;49;17;5361;524;92;90.2;1.3;5.4;31.6;38.3;73;99;42.4;-3.5;57;79;41.9;-3.0;0;1;1
5568;148;30;7;0;1;-2;16;0;0;0;0;0;0;7;2;4;4;61;53;66;11;5170;36;482;93.9;2.8;4.2;36.9;30.6;93;73;56.0;3.4;74;55;57.4;3.6;0;6;3
5571;136;10;6;3;2;-1;2;1;1;0;0;0;0;5;2;2;2;67;60;71;19;5382;1265;457;103.2;2.0;1.3;26.1;30.1;75;80;48.4;3.3;57;64;47.1;2.0;0;3;3
5572;127;31;5;2;1;2;0;0;1;0;0;0;0;5;0;2;2;61;51;73;6;5199;52;471;105.2;2.8;1.4;27.7;29.1;72;82;46.8;-9.8;47;64;42.3;-14.5;0;0;0
5573;135;2;4;0;0;-4;2;0;0;0;0;0;0;3;2;0;9;60;48;77;9;4253;153;349;90.5;0.8;4.2;27.9;33.9;67;61;52.3;-5.9;53;50;51.5;-5.0;0;0;0
5574;130;14;4;0;2;-1;2;0;0;0;0;0;0;3;1;0;1;65;59;68;9;3301;372;83;93.0;2.2;3.3;43.6;27.3;60;39;60.6;5.1;45;31;59.2;0.9;0;57;29
5575;150;7;7;1;5;1;16;0;1;0;0;0;0;8;2;4;7;75;65;81;10;6840;1287;0;104.3;3.2;2.6;22.1;26.3;80;101;44.2;5.2;50;67;42.7;4.5;0;137;67
5579;25;25;7;0;3;0;2;0;0;0;0;0;0;13;10;4;4;63;59;65;8;5343;0;185;94.8;4.7;4.7;35.7;25.6;77;66;53.8;7.4;61;46;57.0;11.0;0;8;3
5580;130;14;3;1;4;3;2;1;1;0;0;0;0;2;0;0;4;66;64;68;4;2490;182;0;120.0;4.3;0.0;21.7;31.8;33;44;42.9;-13.3;25;29;46.3;-9.4;0;29;19
5581;138;24;6;1;1;1;2;1;0;0;0;0;0;5;1;1;6;59;55;62;9;4080;86;898;99.2;1.8;1.8;29.1;25.6;66;64;50.8;-3.6;49;45;52.1;-1.1;1;20;6
5584;21;21;3;0;1;-5;2;0;0;0;0;0;0;3;0;1;4;55;55;45;3;2938;14;130;84.1;1.2;7.3;25.7;35.5;40;41;49.4;6.0;27;31;46.6;6.7;0;0;0
5585;128;20;6;1;1;-4;2;0;0;0;0;0;0;2;1;4;11;62;56;66;16;5393;470;631;94.2;1.3;4.0;28.0;38.0;75;102;42.4;9.9;56;77;42.1;6.4;0;5;1
5586;136;10;5;1;3;7;4;0;0;0;0;0;0;3;3;2;2;67;57;76;7;4051;0;449;114.9;7.1;0.9;37.3;21.3;81;49;62.3;7.0;57;33;63.3;6.8;0;62;35
5591;20;20;7;0;1;-6;2;0;0;0;0;0;0;10;0;2;8;59;55;62;10;6993;0;263;92.8;1.5;4.6;32.4;38.6;106;108;49.5;3.1;78;87;47.3;1.8;0;0;0
5592;151;152;3;0;1;-4;0;0;0;0;0;0;0;3;2;2;3;53;51;50;6;2755;0;343;89.3;1.3;6.5;18.3;36.6;27;40;40.3;-3.1;18;31;36.7;-6.2;0;6;1
5593;141;25;7;0;2;2;0;0;0;0;0;0;0;5;4;2;2;58;49;68;9;6993;0;348;94.3;4.6;3.6;39.1;20.6;133;80;62.4;5.4;95;57;62.5;5.2;0;0;0
5594;130;14;3;0;0;-1;2;0;0;0;0;0;0;5;1;1;1;63;53;73;11;3288;464;138;94.4;0.0;1.1;36.1;19.7;52;34;60.5;0.5;41;24;63.1;3.5;0;0;0
5595;151;152;3;0;1;-2;0;0;1;0;0;0;0;2;0;0;1;53;53;52;0;1636;104;0;88.2;0.0;4.4;22.0;37.4;22;25;46.8;-3.4;15;20;42.9;-6.5;0;13;5
5599;58;58;7;0;2;0;6;0;2;0;0;0;0;10;1;5;4;65;53;79;14;6617;1189;1040;99.9;1.1;1.1;37.0;35.4;127;99;56.2;4.2;96;79;54.9;3.6;0;0;0
5600;129;27;7;2;3;-3;0;0;0;0;0;0;0;11;0;0;4;64;59;66;8;4611;376;524;98.7;3.9;6.2;28.9;42.2;67;90;42.7;0.2;49;71;40.8;-3.8;0;23;7
5601;47;0;4;0;0;-2;2;0;0;0;0;0;0;3;1;1;0;58;50;59;7;2734;0;0;96.1;1.3;4.0;31.6;48.7;38;57;40.0;4.3;28;46;37.8;4.9;0;1;0
5605;30;30;7;2;0;-2;12;0;0;0;0;0;0;15;3;3;6;64;60;68;14;7672;948;391;99.3;1.9;2.8;23.0;31.9;81;113;41.8;-3.4;59;81;42.1;-6.0;0;0;0
5611;146;0;7;1;6;3;16;0;0;0;0;0;0;18;3;2;10;78;63;86;17;6902;495;978;103.9;4.2;2.6;32.9;29.7;97;112;46.4;3.1;78;87;47.3;6.0;0;149;83
5612;56;21;6;0;0;0;2;0;0;0;0;0;0;0;1;1;1;57;52;61;6;2759;109;508;97.2;1.3;1.3;41.8;22.2;56;31;64.4;4.7;41;25;62.1;1.0;0;16;3
5613;126;124;7;2;3;-1;0;0;0;0;0;0;0;13;3;6;5;75;66;72;29;6364;697;144;95.0;2.8;2.8;40.7;23.8;112;86;56.6;-2.2;92;63;59.4;2.8;0;111;56
5616;135;2;7;1;5;0;0;1;0;0;0;0;0;8;3;1;0;69;60;74;9;5025;88;478;103.7;4.3;4.3;28.7;38.0;79;71;52.7;-2.7;59;64;48.0;-8.8;0;82;53
5618;8;8;7;1;2;3;2;0;0;0;0;0;0;9;4;0;2;65;65;61;11;5006;0;1277;103.6;4.3;2.2;38.1;28.0;90;59;60.4;0.4;65;44;59.6;-1.3;0;20;5
5619;18;18;7;1;4;-3;0;0;0;0;0;0;0;16;9;8;2;72;67;69;14;5954;203;559;95.9;4.2;5.4;43.5;39.3;109;97;52.9;-1.8;86;74;53.8;0.6;1;20;8
5622;130;14;4;0;0;-3;12;0;0;0;0;0;0;3;0;0;4;54;51;51;0;1727;6;45;82.4;0.0;6.3;14.6;35.4;17;24;41.5;-21.1;10;18;35.7;-28.9;0;11;4
5623;127;31;7;1;6;9;0;1;2;0;0;0;0;16;1;3;7;78;67;88;26;7208;1544;441;112.0;5.5;1.0;34.5;25.5;139;92;60.2;4.8;92;69;57.1;1.4;1;0;0
5625;142;23;6;2;7;6;4;1;0;0;0;0;0;15;4;0;5;76;72;78;17;5384;1396;0;107.6;5.3;1.3;36.8;19.4;97;49;66.4;2.5;77;40;65.8;3.2;1;3;1
5626;10;10;7;0;2;-9;4;0;0;0;0;0;0;6;0;3;12;56;58;54;10;8185;20;265;89.8;2.6;6.6;27.7;33.4;109;116;48.4;-2.0;74;85;46.5;-3.6;0;0;0
5627;151;152;3;0;0;-1;2;0;0;0;0;0;0;1;0;1;1;62;57;65;5;2526;391;275;95.6;1.4;2.9;25.7;28.5;28;38;42.4;-7.0;22;29;43.1;-4.6;0;1;0
5632;3;3;7;0;2;-4;2;0;0;0;0;0;0;4;4;1;6;61;60;63;8;4731;521;392;93.1;1.5;4.6;27.4;36.5;56;71;44.1;-4.1;44;51;46.3;0.3;0;1;0
5633;151;152;6;2;1;2;2;0;0;0;0;0;0;12;5;1;4;59;53;60;8;4402;48;234;103.0;4.1;2.5;36.0;29.4;77;62;55.4;9.5;57;53;51.8;5.8;0;35;14
5635;127;31;4;0;1;-1;2;0;0;0;0;0;0;4;0;1;1;60;55;61;4;2374;0;202;94.7;0.0;1.5;31.8;28.8;41;39;51.2;-2.6;27;30;47.4;-6.4;0;7;2
5638;141;25;7;1;3;2;4;0;0;0;0;0;0;3;2;1;5;66;58;72;10;5944;0;838;103.5;4.8;3.6;32.7;32.1;95;96;49.7;-12.3;72;75;49.0;-13.6;0;52;26
5639;151;152;7;0;0;-6;4;0;0;0;0;0;0;7;8;2;5;51;47;57;8;6933;523;621;91.7;2.1;5.2;27.5;32.7;91;110;45.3;-1.2;69;83;45.4;0.5;0;0;0
5641;128;20;6;0;0;1;2;0;0;0;0;0;0;5;0;2;14;60;50;71;2;5738;7;940;106.5;2.5;1.9;22.6;40.8;61;112;35.3;-0.4;48;84;36.4;-1.9;0;0;0
5644;128;20;6;0;3;3;4;0;0;0;0;0;0;4;4;1;9;59;53;67;7;5653;140;561;111.6;3.8;1.9;24.2;45.2;61;128;32.3;-4.9;49;93;34.5;-4.7;0;0;0
5645;130;14;3;0;0;-4;0;0;0;0;0;0;0;0;0;0;1;56;51;54;3;1512;0;239;63.6;0.0;9.5;33.3;26.2;25;20;55.6;-5.5;18;13;58.1;-3.1;0;7;2
5646;37;27;6;4;3;3;0;1;2;0;0;0;0;7;0;2;10;77;70;82;19;6404;1672;763;105.1;3.4;1.7;32.0;30.9;99;100;49.7;9.5;75;73;50.7;10.0;0;0;0
5647;132;12;7;4;3;-1;2;0;0;0;0;0;0;10;1;2;4;62;61;56;21;6311;160;268;95.5;3.4;4.0;29.1;24.5;94;89;51.4;-2.4;69;66;51.1;-2.9;0;9;3
5651;36;3;6;0;0;-6;4;0;0;0;0;0;0;9;4;2;2;64;55;72;5;3845;1029;0;86.5;0.0;4.7;15.9;34.6;45;68;39.8;-7.5;29;51;36.3;-9.6;0;0;0
5652;24;24;6;0;3;2;0;0;0;0;0;0;0;11;7;1;1;61;58;55;5;4293;103;35;106.1;5.0;3.4;33.5;37.7;60;63;48.8;2.1;45;50;47.4;0.2;0;1;1
5653;9;9;7;1;3;2;0;0;0;0;1;0;0;7;2;7;7;62;58;63;18;7224;269;348;97.5;4.5;4.0;39.9;28.9;116;87;57.1;1.1;89;68;56.7;1.5;0;0;0
5654;135;2;3;1;0;0;0;0;0;0;0;0;0;6;2;0;1;56;55;47;3;2142;101;11;95.1;3.4;3.4;31.9;21.8;41;26;61.2;-1.0;28;16;63.6;1.3;1;0;0
5656;40;20;7;1;4;-3;6;1;1;0;0;0;0;6;3;2;7;61;56;63;12;5521;1424;0;103.1;2.6;3.3;20.9;34.6;69;101;40.6;6.4;52;75;40.9;6.1;0;3;1
5659;142;23;4;0;1;0;0;0;0;0;0;0;0;3;0;0;1;62;59;64;8;2822;187;0;93.6;2.6;2.6;37.0;19.1;66;26;71.7;4.6;44;18;71.0;5.6;0;2;1
5664;26;26;7;0;2;-4;36;0;0;0;0;2;0;17;2;5;6;62;58;67;15;6819;698;558;97.4;2.6;4.8;28.5;40.1;80;114;41.2;-9.9;65;93;41.1;-10.3;0;0;0
5665;143;18;7;3;3;8;0;0;0;0;0;0;0;9;0;2;7;64;60;64;14;5893;200;0;118.3;6.7;1.8;26.9;27.5;67;107;38.5;0.3;55;71;43.7;4.7;0;8;5
5669;24;24;6;1;0;-4;2;0;0;0;0;0;0;2;3;2;1;54;52;58;2;3409;0;412;91.9;1.1;5.3;22.2;41.2;38;58;39.6;-9.2;26;45;36.6;-12.9;1;35;16
5670;41;41;7;2;6;1;8;1;3;0;0;0;0;8;2;3;7;71;62;77;11;5005;1584;39;103.1;3.6;2.9;30.9;33.8;84;89;48.6;0.3;59;64;48.0;-2.9;0;103;56
5671;134;21;6;0;3;-6;0;0;1;0;0;0;0;15;2;2;7;74;65;78;16;5812;957;1174;84.4;1.2;5.0;31.6;25.4;104;83;55.6;14.2;75;61;55.1;13.5;0;17;6
5674;57;12;6;1;2;2;6;0;0;1;0;0;0;10;2;2;3;68;56;80;7;4505;190;1087;108.3;3.2;2.4;19.2;28.8;57;55;50.9;-1.8;35;45;43.8;-7.7;0;71;32
5677;130;14;3;0;0;-1;2;0;0;0;0;0;0;4;2;1;0;61;50;72;2;1600;134;0;83.3;0.0;2.3;31.5;13.5;27;12;69.2;10.9;20;7;74.1;13.5;0;14;7
5682;8;8;7;2;7;13;4;0;0;0;0;0;0;7;0;6;13;66;61;73;23;7741;228;71;111.8;7.9;1.9;42.8;27.9;138;98;58.5;-2.5;100;74;57.5;-5.0;0;0;0
5683;139;19;1;0;0;-1;0;0;0;0;0;0;0;0;0;0;3;45;50;40;1;958;0;71;112.7;7.5;11.3;18.8;41.3;9;21;30.0;-7.8;8;14;36.4;3.6;0;0;0
5686;56;21;6;0;2;2;4;0;0;0;1;0;0;4;1;3;8;69;54;82;10;5749;366;217;99.9;1.9;1.3;35.7;23.2;97;65;59.9;-0.8;74;53;58.3;-4.5;0;0;0
5687;148;30;7;3;0;-2;0;0;0;0;0;0;0;7;0;0;1;57;55;59;19;4583;499;0;90.8;3.9;5.5;44.8;30.6;81;78;50.9;-3.3;66;54;55.0;0.4;1;2;0
5688;136;10;6;3;2;4;6;0;0;0;0;0;0;13;1;5;14;65;59;66;8;5306;0;619;109.0;4.7;2.0;30.5;31.2;86;92;48.3;3.5;64;65;49.6;5.8;0;11;4
5689;130;14;4;0;0;-2;0;0;0;0;0;0;0;3;1;1;0;59;52;58;3;2293;0;429;88.2;1.6;4.7;26.7;26.7;33;26;55.9;-5.2;25;20;55.6;-7.4;0;22;6
5694;154;154;7;1;3;0;4;1;0;0;0;0;0;17;9;7;2;70;67;73;20;5884;1885;417;102.5;3.7;2.4;35.5;31.2;76;81;48.4;-0.2;67;59;53.2;4.7;0;7;5
5697;131;1;3;0;2;2;0;0;1;0;0;0;0;6;1;2;4;74;55;93;6;2732;54;395;106.3;2.6;0.0;42.2;10.5;64;20;76.2;4.3;44;12;78.6;8.5;0;0;0
5699;57;12;6;0;0;-1;0;0;0;0;0;0;0;6;1;0;2;59;53;60;3;3043;55;0;99.0;1.2;2.4;20.1;34.3;38;48;44.2;-8.0;25;38;39.7;-11.7;0;29;10
5702;134;21;5;0;2;2;4;0;0;0;1;0;0;0;3;1;5;65;50;83;10;5577;583;396;96.1;5.8;5.2;31.6;23.2;91;67;57.6;-0.5;67;50;57.3;0.9;0;0;0
5703;127;31;4;0;1;1;2;0;1;0;0;0;0;1;0;2;2;62;59;63;3;2703;549;0;104.7;4.0;2.7;25.3;24.0;41;37;52.6;4.6;24;26;48.0;1.6;0;5;2
5705;136;10;6;0;2;-2;0;0;2;0;0;0;0;10;2;2;8;64;54;74;3;4501;1004;278;102.4;0.8;0.8;16.0;31.2;51;81;38.6;-9.8;32;58;35.6;-13.1;0;60;29
5710;151;152;3;1;2;0;0;0;1;0;0;0;0;1;2;2;1;65;60;65;7;2767;584;0;109.7;5.2;5.2;26.0;50.7;37;58;38.9;5.8;26;45;36.6;2.5;0;0;0
5713;25;25;7;0;6;-1;4;0;3;0;0;0;0;8;6;5;8;64;60;70;5;5162;1032;0;95.7;2.8;3.5;27.9;24.4;65;71;47.8;-0.3;49;45;52.1;4.6;0;69;40
5714;19;19;7;0;0;-4;4;0;0;0;0;0;0;4;3;3;4;57;52;60;17;6749;5;235;92.6;0.0;2.1;28.8;28.8;78;90;46.4;-2.9;61;63;49.2;-1.0;0;0;0
5716;59;1;4;0;0;-2;0;0;0;0;0;0;0;1;0;3;0;63;54;72;5;1812;0;238;71.4;0.0;4.0;19.9;13.9;23;9;71.9;22.0;14;8;63.6;13.4;0;21;9
5718;151;152;2;1;1;-2;4;0;1;0;0;0;0;2;2;0;0;57;51;65;3;925;474;32;91.2;3.9;11.7;27.2;50.6;15;22;40.5;-11.5;9;16;36.0;-13.5;0;0;0
5719;143;18;7;1;3;4;2;0;0;0;0;0;0;19;1;1;5;66;58;65;6;6562;235;317;110.4;3.8;1.6;24.7;31.8;92;107;46.2;11.3;66;72;47.8;10.6;0;106;51
5720;133;26;6;0;0;-2;0;0;0;0;0;0;0;5;4;1;1;58;54;58;6;5868;464;268;93.9;3.1;4.3;31.3;27.0;92;78;54.1;-3.8;71;60;54.2;-5.4;0;0;0
5724;145;3;6;1;1;3;0;0;0;0;0;0;0;3;4;7;9;70;50;90;9;5731;205;675;101.0;5.7;3.8;34.5;24.5;105;67;61.0;-0.8;70;52;57.4;-3.3;0;0;0
5726;21;21;6;1;0;-2;2;0;0;0;0;0;0;11;2;5;0;60;58;58;13;6480;49;107;94.5;2.8;3.9;33.9;28.3;95;74;56.2;1.0;74;57;56.5;-2.3;0;1;1
5727;134;21;6;1;2;-3;4;1;1;0;1;0;0;4;2;2;7;70;64;73;16;5306;976;660;87.5;1.4;4.1;32.6;24.4;101;73;58.0;17.3;70;53;56.9;15.4;0;22;9
5729;34;2;6;0;4;-3;6;0;1;0;0;0;0;6;5;0;7;64;57;74;15;5724;1416;471;98.7;1.9;3.8;28.3;47.2;92;114;44.7;-6.3;65;89;42.2;-6.0;0;0;0
5730;2;2;7;2;1;0;2;1;0;1;0;0;0;7;2;2;5;64;57;72;6;3098;12;1214;94.4;2.3;3.5;26.7;24.4;44;45;49.4;-6.5;28;24;53.8;-1.5;0;25;12
5731;41;41;7;5;3;3;6;4;0;0;0;0;0;4;0;3;3;71;62;77;15;4338;1726;0;110.6;4.1;1.7;27.4;36.5;52;82;38.8;-12.0;41;54;43.2;-8.6;2;3;1
5735;0;0;7;2;3;1;0;0;0;0;0;0;0;7;2;2;7;65;62;65;6;4734;0;370;106.5;4.6;3.8;29.7;42.6;67;86;43.8;-6.1;47;62;43.1;-5.9;0;34;16
5736;25;25;7;1;3;-2;4;0;0;0;0;0;0;3;3;8;4;64;60;66;15;6317;427;335;98.2;4.0;5.1;32.5;36.5;84;91;48.0;-0.1;60;72;45.5;-4.0;0;74;37
5737;143;18;7;1;4;1;0;0;3;0;0;0;0;14;4;3;19;74;54;92;15;8153;1368;786;103.5;2.6;2.2;23.4;28.3;108;132;45.0;10.4;85;99;46.2;9.6;0;0;0
5738;151;152;3;1;0;1;0;1;0;0;0;0;0;2;1;0;0;65;60;70;2;2645;524;0;105.8;2.7;1.4;21.8;20.4;35;35;50.0;-0.7;22;24;47.8;-1.0;0;3;1
5741;131;1;4;0;2;1;2;0;1;0;0;0;0;3;0;2;1;74;62;81;14;3856;854;315;100.3;5.6;4.7;43.9;37.3;87;64;57.6;-11.4;60;50;54.5;-14.8;0;0;0
5744;144;8;7;1;3;9;15;0;0;0;1;0;0;7;6;6;20;67;50;83;17;6613;460;740;108.4;7.1;2.7;44.1;35.4;129;101;56.1;2.8;102;78;56.7;3.8;0;0;0
5746;123;31;6;1;1;-4;4;0;0;0;0;0;0;3;0;3;4;62;60;55;12;4757;0;794;89.4;3.0;6.1;42.4;34.1;96;78;55.2;0.7;71;60;54.2;-0.6;0;16;8
5747;142;23;3;2;0;3;0;0;0;1;0;0;0;2;1;0;2;59;55;60;2;1679;0;414;81.0;6.4;2.1;45.0;6.4;34;12;73.9;4.8;26;7;78.8;9.3;0;1;1
5750;142;23;7;1;2;8;2;0;0;0;0;0;0;10;4;5;4;67;59;68;17;5626;1008;274;108.0;7.0;1.9;39.0;19.2;107;58;64.8;-2.6;78;41;65.5;-0.4;0;86;44
5751;148;30;7;2;3;-1;2;0;1;0;0;0;0;4;0;2;3;65;62;61;15;5270;513;0;95.8;4.8;5.5;29.4;26.6;82;73;52.9;-0.8;63;51;55.3;0.7;0;8;2
5754;142;23;4;1;3;3;0;0;0;0;0;0;0;3;1;2;1;64;60;65;7;2848;137;156;106.6;5.1;1.3;35.4;16.4;55;28;66.3;2.6;40;20;66.7;4.1;0;3;2
5755;151;152;1;0;0;-2;0;0;0;0;0;0;0;1;2;0;2;54;50;46;1;683;10;43;71.4;0.0;10.5;10.5;36.9;2;10;16.7;-17.1;2;8;20.0;-11.6;0;3;1
5756;127;31;3;0;1;1;0;0;0;0;0;0;0;3;4;0;4;56;48;60;2;2878;299;40;106.4;2.5;1.3;25.0;35.0;34;56;37.8;-13.9;23;41;35.9;-14.8;0;37;14
5758;130;14;5;0;4;-1;0;0;2;0;0;0;0;5;1;2;3;68;66;65;22;4896;600;44;92.7;1.5;2.2;43.4;20.6;101;55;64.7;10.2;76;38;66.7;11.6;0;87;47
5761;17;17;7;1;2;-3;2;0;0;0;1;0;0;7;2;4;10;59;53;67;14;7323;63;951;96.9;2.0;3.4;31.5;36.9;103;116;47.0;2.8;72;88;45.0;2.7;0;0;0
5763;129;27;7;0;0;1;0;0;0;0;0;0;0;11;2;1;3;61;53;65;6;5203;72;414;100.9;3.5;2.8;33.2;29.1;75;75;50.0;9.6;59;59;50.0;8.3;0;19;7
5764;126;124;7;4;3;1;0;0;2;0;0;0;0;11;0;5;3;72;64;78;16;5872;1049;203;101.1;3.7;3.1;31.9;29.4;107;82;56.6;-2.1;75;64;54.0;-4.8;0;97;56
5765;40;20;5;0;2;-8;2;0;1;0;0;0;0;8;0;2;7;62;54;71;5;4345;1069;239;92.6;0.8;6.6;10.8;43.9;34;92;27.0;-11.1;22;72;23.4;-14.9;0;0;0
5767;57;12;5;0;3;1;0;0;2;0;0;0;0;4;0;2;1;68;57;75;4;3722;395;278;101.9;1.9;1.0;33.9;25.1;66;40;62.3;12.3;49;35;58.3;10.4;0;6;2
5768;141;25;6;0;3;-5;0;0;1;0;0;0;0;5;1;1;3;61;57;63;12;4137;501;0;86.1;2.6;7.0;33.9;32.2;68;67;50.4;-11.8;50;51;49.5;-12.9;0;0;0
5769;59;1;4;0;4;1;4;0;3;0;0;0;0;5;0;0;3;75;68;82;9;3892;806;461;101.1;3.7;2.8;34.2;28.7;63;45;58.3;9.4;46;37;55.4;6.0;0;0;0
5773;134;21;6;1;3;-4;4;1;1;0;0;0;0;9;2;2;15;67;56;78;20;6508;799;668;92.4;1.7;4.4;28.8;33.2;88;113;43.8;-4.1;72;81;47.1;1.2;0;0;0
5774;140;17;7;0;3;2;2;0;0;0;0;0;0;14;1;2;16;68;51;88;3;7578;32;990;105.7;3.3;2.9;19.0;24.2;80;119;40.2;-11.0;57;85;40.1;-11.0;0;0;0
5775;142;23;6;3;3;4;2;0;0;0;0;0;0;7;0;1;3;68;62;70;16;3833;519;91;108.7;6.6;2.8;31.0;22.5;68;45;60.2;-5.6;54;34;61.4;-2.8;1;3;0
5778;152;152;6;3;2;1;0;0;0;1;1;0;0;3;2;0;5;60;59;57;9;4360;0;430;100.5;2.5;3.3;26.4;37.2;48;66;42.1;-1.8;38;50;43.2;-2.7;0;48;22
5779;27;27;7;2;1;2;0;0;0;1;0;0;0;8;3;0;1;63;60;61;10;3682;0;96;104.2;1.0;0.0;23.5;39.1;47;70;40.2;-5.4;32;48;40.0;-5.2;0;0;0
5780;47;0;6;0;1;-3;0;0;0;0;0;0;0;11;2;3;9;60;50;74;4;6045;0;859;100.5;1.8;3.6;23.2;49.4;78;132;37.1;2.5;56;107;34.4;2.0;0;0;0
5784;43;17;7;0;1;0;8;0;0;0;0;0;0;3;3;0;5;58;52;64;9;4066;522;596;103.3;2.7;2.7;26.6;39.8;57;77;42.5;-9.6;40;59;40.4;-13.4;0;57;17
5785;25;25;7;0;1;-2;0;0;0;0;0;0;0;6;0;6;13;62;55;69;13;7388;20;794;97.1;2.4;3.4;29.7;30.7;95;107;47.0;-1.5;70;77;47.6;-1.1;0;0;0
5786;129;27;7;1;4;-3;4;0;1;0;0;0;0;3;1;3;10;70;61;74;26;6708;1046;238;95.1;2.1;3.8;34.3;33.8;103;119;46.4;5.8;81;87;48.2;6.8;0;119;61
5788;143;18;7;0;3;-2;0;0;1;0;0;0;0;3;1;2;8;55;48;66;6;7235;81;289;105.0;3.0;4.0;19.9;39.8;75;153;32.9;-8.1;55;102;35.0;-7.4;0;0;0
5789;29;29;6;1;0;-3;2;0;0;0;0;0;0;4;1;3;19;59;52;69;12;6711;0;1031;95.6;2.7;4.3;31.6;33.3;102;99;50.7;-4.6;68;71;48.9;-6.2;0;0;0
5792;145;3;7;4;4;3;0;0;0;1;0;0;0;13;6;3;1;60;59;48;11;7088;400;347;100.0;7.6;6.6;30.5;26.4;135;84;61.6;3.7;90;65;58.1;0.4;0;7;1
5796;139;19;6;4;1;2;2;2;0;0;0;0;0;7;5;3;2;78;66;82;22;5444;1481;0;103.5;3.3;2.0;29.1;25.1;77;67;53.5;10.2;56;48;53.8;9.4;1;104;54
5798;55;9;5;0;0;-2;0;0;0;0;0;0;0;3;1;0;2;59;53;62;4;3230;508;0;95.8;1.1;2.2;32.3;29.0;47;43;52.2;2.9;38;33;53.5;5.2;0;8;6
5801;150;7;7;0;2;-1;0;0;0;0;0;0;0;9;0;1;4;63;55;66;2;5028;80;585;102.9;2.1;2.9;21.5;40.1;62;92;40.3;-0.4;43;71;37.7;-2.3;0;20;7
5802;116;116;7;0;3;2;19;0;0;0;0;1;0;10;1;7;10;76;60;93;37;6396;1953;1471;89.7;3.4;2.3;59.7;14.1;193;45;81.1;13.2;143;33;81.3;11.7;0;0;0
5803;135;2;5;1;0;-3;0;0;0;0;0;0;0;1;0;1;2;54;52;55;7;2491;0;358;91.3;2.9;7.2;27.5;37.6;30;37;44.8;-15.6;27;34;44.3;-16.6;0;14;7
5805;143;18;7;3;2;-3;6;2;0;0;0;0;0;13;0;3;6;64;59;68;11;6286;1295;67;103.5;3.4;5.2;21.2;40.7;66;130;33.7;-6.5;57;102;35.8;-6.3;1;117;57
5807;47;47;4;1;0;0;0;0;0;0;0;0;0;4;3;0;3;52;49;55;2;1684;0;564;103.8;2.1;2.1;23.5;40.6;20;36;35.7;-3.4;15;28;34.9;0.2;0;15;7
5809;132;12;7;1;5;2;0;0;1;0;0;0;0;2;3;3;2;67;60;72;11;5529;107;744;99.6;3.9;2.6;33.2;21.5;93;62;60.0;9.2;74;45;62.2;11.9;0;53;28
5814;151;152;2;1;0;2;0;1;0;0;0;0;0;1;1;0;3;68;64;73;6;1719;190;0;116.7;4.2;0.0;25.1;39.8;20;32;38.5;-0.9;15;23;39.5;2.1;1;0;0
5819;123;31;6;1;3;-1;4;0;1;0;0;0;0;7;1;3;8;65;60;68;14;4906;995;95;102.1;2.9;3.7;23.5;35.2;59;85;41.0;-18.5;42;60;41.2;-17.6;1;11;3
5823;136;10;6;0;2;0;4;0;0;0;0;0;0;7;2;0;2;67;56;77;8;5669;433;260;103.9;2.5;2.5;22.2;33.7;76;105;42.0;-6.1;56;78;41.8;-5.9;0;0;0
5825;58;24;7;0;3;0;8;0;0;0;0;0;0;6;1;0;4;55;51;59;9;6436;323;671;98.2;2.8;2.8;32.4;26.8;103;89;53.6;0.1;77;63;55.0;3.4;0;0;0
5827;57;12;7;0;3;1;2;0;0;0;1;0;0;4;2;5;7;76;51;94;16;6666;104;1460;97.2;2.7;2.7;32.4;24.3;104;79;56.8;4.8;78;59;56.9;7.6;0;0;0
5828;37;27;4;0;1;-1;4;0;0;0;0;0;0;7;0;0;2;57;49;63;7;3877;111;781;98.8;1.9;2.8;29.7;37.1;51;62;45.1;-1.0;39;53;42.4;-5.6;0;0;0
5840;54;10;6;3;2;3;2;1;1;0;0;0;0;11;0;3;3;69;66;71;18;4670;1821;142;103.2;3.9;1.5;36.2;20.8;84;59;58.7;5.5;60;41;59.4;7.4;0;3;1
5852;53;8;7;0;0;-3;0;0;0;0;0;0;0;19;1;1;0;55;54;56;6;4097;6;388;93.3;0.0;2.6;26.4;39.5;58;77;43.0;-0.5;40;61;39.6;-4.8;0;21;7
5857;19;19;6;2;3;3;2;0;0;0;0;0;0;3;8;4;4;69;66;69;16;5547;483;73;107.2;2.6;0.6;29.2;37.6;60;82;42.3;-9.2;47;69;40.5;-11.4;2;13;10
5858;8;8;7;1;1;4;19;0;0;0;0;1;1;16;1;8;7;61;54;63;15;7911;184;357;99.5;5.0;3.2;41.0;25.0;141;82;63.2;4.7;110;59;65.1;6.7;0;0;0
5859;2;2;7;2;2;-2;8;1;1;0;0;0;0;6;1;7;12;66;60;74;20;8311;1077;285;95.3;1.3;2.2;28.6;23.4;116;92;55.8;1.2;85;63;57.4;3.4;0;0;0
5860;28;28;6;3;2;-1;6;0;0;0;0;0;0;6;9;5;0;69;73;62;28;5141;1133;30;95.5;3.5;3.5;49.0;30.1;94;63;59.9;7.9;79;50;61.2;8.9;1;8;3
5861;7;7;6;1;5;4;5;0;0;0;1;1;0;8;5;1;5;72;70;71;15;5554;262;319;101.6;3.9;1.9;47.3;29.2;99;81;55.0;0.6;82;56;59.4;7.2;0;6;3
5862;21;21;7;0;5;-3;0;0;0;0;0;0;0;12;10;4;3;64;58;59;7;7035;147;51;96.2;4.1;5.6;31.2;33.3;100;94;51.5;2.5;75;73;50.7;4.3;0;8;4
5863;0;0;7;6;6;9;0;2;0;0;0;0;0;17;7;3;4;83;83;77;22;7152;791;120;110.9;6.0;1.5;37.2;28.2;119;85;58.3;14.8;90;70;56.3;12.9;1;3;1
5864;19;19;7;0;1;-6;7;0;0;0;0;1;1;9;7;6;5;61;55;64;19;5003;0;282;90.2;1.4;5.8;28.8;38.9;57;84;40.4;-9.9;46;62;42.6;-7.2;0;0;0
5865;7;7;6;2;0;2;5;0;0;0;0;1;0;6;5;5;3;65;56;70;9;5372;320;0;102.3;3.4;2.0;41.5;34.8;87;74;54.0;-0.8;71;61;53.8;-0.8;2;71;42
5866;3;3;7;1;4;-8;4;0;3;0;0;0;0;11;1;12;16;68;64;73;16;7383;1888;260;95.7;2.4;4.9;30.7;40.0;101;127;44.3;-4.8;74;96;43.5;-3.9;0;0;0
5867;3;3;7;2;5;-5;0;0;1;0;0;0;0;7;10;2;5;63;64;59;16;5893;554;42;92.0;4.3;7.3;36.6;37.3;90;101;47.1;-0.4;70;71;49.6;5.0;1;1;0
5868;23;23;7;2;5;-2;2;1;1;0;0;0;0;14;11;3;4;71;71;64;9;6033;1324;0;99.4;4.2;5.4;27.4;34.0;75;86;46.6;-4.4;53;67;44.2;-7.0;0;0;0
5869;29;29;6;0;4;-2;2;0;1;0;0;0;0;7;8;4;5;69;68;69;21;6121;299;0;95.6;2.9;3.5;38.8;29.4;115;81;58.7;7.3;83;56;59.7;9.5;0;0;0
5870;23;23;7;0;0;1;2;0;0;0;0;0;0;16;6;0;2;67;59;69;8;3999;114;412;103.6;0.9;0.0;25.2;28.8;48;58;45.3;-5.5;31;40;43.7;-6.7;0;5;1
5871;154;154;6;2;2;1;4;0;0;0;0;0;0;10;2;2;3;59;55;58;12;5259;208;408;104.3;4.8;4.1;25.3;28.1;69;70;49.6;-4.1;45;53;45.9;-7.6;1;0;0
5873;14;14;6;0;3;-1;0;0;1;0;0;0;0;6;1;5;9;61;51;73;7;6020;16;1016;98.7;2.4;3.0;36.5;38.3;95;103;48.0;1.9;68;76;47.2;2.5;0;0;0
5874;10;10;7;0;1;-6;7;0;0;0;0;1;1;3;8;1;1;53;53;48;6;4934;0;0;87.1;2.2;6.6;30.6;32.8;59;70;45.7;-5.0;45;54;45.5;-4.4;0;0;0
5876;20;20;7;3;2;0;2;1;1;1;0;0;0;4;16;9;4;66;55;79;31;7915;985;996;98.0;1.4;1.8;31.8;29.1;105;98;51.7;3.9;83;72;53.5;6.9;0;139;72
5877;27;27;7;0;1;-1;0;0;0;0;0;0;0;6;6;2;4;57;51;64;5;4042;31;356;98.2;0.9;1.8;27.6;35.6;57;76;42.9;-2.3;39;52;42.9;-1.9;0;53;18
5878;7;7;6;1;2;3;2;0;0;0;0;0;0;1;1;3;1;61;58;61;10;3431;84;74;105.2;4.2;1.0;46.2;27.3;66;52;55.9;1.7;51;35;59.3;6.0;0;12;8
5879;152;152;6;2;2;1;0;0;0;0;0;0;0;10;2;2;2;65;63;62;12;4537;0;0;97.9;4.0;3.2;38.1;25.4;69;68;50.4;9.7;55;42;56.7;15.6;0;0;0
5880;57;12;7;2;8;0;2;1;6;0;0;0;0;4;0;0;6;75;68;77;19;5925;1417;359;97.5;3.6;3.6;39.5;31.0;116;91;56.0;3.8;90;69;56.6;7.6;1;119;62
5881;9;9;7;1;0;-4;0;0;0;0;0;0;0;5;6;3;2;58;51;60;5;3850;227;249;93.2;1.9;5.6;29.9;43.0;49;69;41.5;-8.1;41;53;43.6;-5.6;0;58;33
5882;21;21;7;2;3;-2;6;1;1;0;0;0;0;14;2;3;4;63;60;66;22;7306;1247;538;95.9;2.5;3.4;36.0;31.5;108;98;52.4;3.9;84;76;52.5;7.3;0;0;0
5884;125;124;6;1;0;-1;0;0;0;0;0;0;0;10;3;2;8;65;52;73;11;5596;101;852;96.2;2.6;3.2;34.1;28.3;81;82;49.7;-1.7;67;62;51.9;0.9;0;0;0
5885;0;0;7;3;3;4;4;1;0;1;0;0;0;11;5;3;7;66;62;70;28;7850;919;420;104.5;3.7;2.3;33.5;35.3;100;114;46.7;-2.5;83;89;48.3;0.9;0;0;0
5888;123;31;5;0;0;-4;14;0;0;0;0;0;0;3;1;1;1;57;52;62;6;2786;425;28;88.7;1.3;6.5;37.5;43.9;54;50;51.9;0.3;40;41;49.4;-3.3;0;33;16
5890;59;1;4;2;2;2;2;1;0;0;0;0;0;4;1;1;2;70;62;76;8;3036;534;0;106.9;2.4;0.0;34.4;19.0;54;24;69.2;22.4;36;19;65.5;18.0;1;1;1
5891;12;12;6;3;4;-2;4;1;2;0;0;0;0;12;9;4;3;70;68;68;17;5776;1483;300;96.4;3.1;3.1;41.8;28.0;101;72;58.4;4.2;76;51;59.8;2.6;1;12;3
5892;31;31;7;2;1;8;9;0;0;0;0;1;0;17;1;4;19;65;55;76;7;8447;157;1057;110.4;5.1;1.7;31.5;29.4;104;114;47.7;-0.5;82;83;49.7;2.5;0;0;0
5893;54;10;6;0;3;0;2;0;0;0;0;0;0;3;1;3;5;69;63;75;6;4180;26;1229;99.7;2.6;2.6;27.6;26.7;58;48;54.7;0.5;42;37;53.2;-1.9;0;42;24
5894;9;9;3;0;1;4;0;0;0;0;0;0;0;1;0;1;0;60;56;62;0;1763;4;0;136.4;8.2;0.0;22.5;28.6;19;21;47.5;-4.2;14;18;43.8;-11.3;0;19;9
5895;123;31;7;1;4;-6;2;0;3;0;0;0;0;12;4;2;9;66;61;68;26;7033;1158;723;87.1;2.0;5.1;32.2;26.6;124;98;55.9;2.1;93;69;57.4;4.6;1;0;0
5896;7;7;6;2;5;8;4;1;2;0;0;0;0;2;5;3;1;68;62;76;11;5980;1469;0;109.1;6.0;1.2;46.4;31.3;110;85;56.4;2.7;84;69;54.9;0.8;0;114;76
5898;21;21;7;1;0;-4;7;0;0;0;0;1;0;8;6;2;6;59;55;61;8;3449;85;83;90.1;1.0;5.2;21.9;35.5;36;54;40.0;-11.6;25;39;39.1;-10.2;0;7;3
5899;10;10;7;3;4;1;2;0;1;0;0;0;0;5;7;6;5;68;61;74;13;6108;1290;633;102.2;3.5;2.9;33.0;34.8;97;86;53.0;4.5;73;71;50.7;2.4;0;120;61
5900;3;3;7;0;1;-2;2;0;0;0;1;0;0;10;3;3;2;61;55;64;8;3994;0;518;91.9;0.0;2.7;27.9;33.3;61;66;48.0;0.7;41;48;46.1;-0.0;0;0;0
5901;152;152;6;1;2;4;6;0;1;0;1;0;0;7;2;3;6;63;56;68;18;6321;1074;832;105.7;2.3;0.6;31.3;35.3;75;81;48.1;6.8;60;69;46.5;2.0;0;0;0
5902;152;152;6;1;1;-1;15;0;1;1;0;1;0;19;5;1;1;66;64;60;10;4926;298;330;95.4;0.7;2.2;23.4;28.5;44;63;41.1;-3.0;37;45;45.1;-0.1;0;18;7
5904;32;23;5;1;2;2;4;0;0;0;0;0;0;4;0;1;7;61;55;64;6;2733;66;616;109.3;4.0;1.3;29.0;30.3;36;48;42.9;-5.5;30;31;49.2;-0.1;1;35;20
5905;20;20;7;1;1;0;4;1;0;0;0;0;0;9;0;9;11;66;58;72;11;7625;959;192;100.3;2.4;2.4;27.9;28.8;99;88;52.9;5.5;73;73;50.0;1.4;0;0;0
5907;152;152;6;0;0;-2;0;0;0;0;0;0;0;7;7;2;3;57;49;68;5;3054;0;1062;92.6;0.0;2.4;28.3;31.8;32;41;43.8;0.5;26;31;45.6;0.5;0;33;15
5908;8;8;7;5;7;5;6;1;2;0;0;0;0;16;11;1;1;73;79;61;24;7127;997;178;104.2;5.6;3.0;36.4;27.3;116;84;58.0;-3.0;81;68;54.4;-9.0;0;5;3
5910;34;2;6;1;0;-3;0;0;0;0;0;0;0;6;2;5;4;67;57;78;7;4196;153;922;94.6;1.7;4.3;27.5;36.9;62;75;45.3;-5.1;43;58;42.6;-5.0;0;77;36
5911;59;1;4;1;1;3;2;0;1;0;0;0;0;6;1;2;10;71;54;88;10;3995;103;984;104.8;2.7;0.9;34.2;28.8;65;64;50.4;-2.4;49;44;52.7;2.1;0;0;0
5912;23;23;7;1;6;-2;2;0;3;0;0;0;0;10;6;3;5;73;76;66;17;5979;1216;84;98.5;4.2;5.4;31.9;36.7;85;90;48.6;-1.8;64;70;47.8;-2.2;0;0;0
5914;60;18;6;0;1;-3;0;0;0;0;0;0;0;15;1;4;23;64;50;73;7;5971;98;966;97.1;3.0;4.8;27.1;34.4;79;100;44.1;-8.9;65;75;46.4;-7.5;0;0;0
5915;33;29;7;3;1;0;2;0;0;0;0;0;0;11;1;2;4;63;60;61;16;6644;323;582;101.9;3.8;3.8;27.6;32.0;84;118;41.6;-11.4;69;83;45.4;-8.1;1;0;0
5916;55;9;6;2;1;4;2;0;0;0;0;0;0;8;3;3;4;67;58;74;11;5034;79;867;105.5;5.0;2.1;40.0;30.8;105;71;59.7;8.0;76;57;57.1;3.9;1;1;1
5917;8;8;4;1;1;1;5;0;1;0;0;1;0;3;3;1;0;65;63;63;8;2356;98;61;106.3;1.5;0.0;24.4;27.5;34;27;55.7;2.8;23;21;52.3;1.1;1;1;1
5918;41;41;7;1;1;1;4;1;0;0;0;0;0;9;3;1;4;63;57;65;12;4204;599;60;103.7;3.4;2.6;27.4;29.1;64;74;46.4;-2.5;44;50;46.8;-4.1;0;0;0
5921;41;41;7;2;4;5;16;0;2;0;0;0;0;4;5;2;6;68;60;75;15;5857;1416;366;109.3;4.9;1.8;28.9;24.0;81;79;50.6;3.0;64;55;53.8;4.9;0;0;0
5922;23;23;7;0;1;-2;0;0;0;0;0;0;0;9;2;4;3;67;64;67;6;4506;48;50;98.1;0.8;2.4;24.8;46.3;54;87;38.3;-12.5;41;68;37.6;-13.3;0;1;0
5924;60;18;3;0;0;-4;0;0;0;0;0;0;0;8;1;2;3;59;51;67;5;2545;997;243;80.2;2.8;8.5;24.0;26.9;34;36;48.6;-2.0;28;28;50.0;-5.4;0;0;0
5926;36;3;7;0;0;-4;0;0;0;0;0;0;0;9;0;1;14;63;50;72;9;6973;44;1119;93.6;1.5;3.6;26.3;29.4;94;107;46.8;2.5;71;81;46.7;3.8;0;0;0
5927;62;19;4;0;1;0;0;0;0;0;0;0;0;3;0;1;0;57;56;52;2;2485;36;228;99.0;4.3;4.3;36.2;33.3;44;45;49.4;-11.7;31;36;46.3;-14.2;0;5;2
5928;58;58;7;1;0;-1;2;0;0;0;0;0;0;1;0;5;1;66;58;73;6;3920;92;309;100.8;1.8;1.8;26.6;30.3;73;53;57.9;5.5;44;42;51.2;-1.8;1;9;5
5929;59;1;4;0;3;2;0;0;0;0;0;0;0;2;0;2;4;73;66;76;11;3572;921;947;105.6;6.0;4.0;42.3;46.4;66;84;44.0;-13.9;54;59;47.8;-6.4;0;15;9
5930;33;29;6;0;1;0;0;0;0;0;0;0;0;6;2;4;10;67;51;85;11;5259;18;1442;99.8;3.4;3.4;32.2;31.5;79;89;47.0;-2.3;58;62;48.3;-3.5;0;0;0
5932;57;12;6;1;1;3;4;0;0;0;0;0;0;2;1;1;8;63;52;73;11;6496;206;676;104.9;2.8;1.1;32.7;31.0;106;98;52.0;-3.7;78;76;50.6;-3.1;0;0;0
5936;36;3;5;0;1;-1;2;0;0;0;0;0;0;5;0;2;0;68;60;74;5;4267;0;257;95.9;0.8;1.7;27.8;23.6;63;52;54.8;10.0;47;42;52.8;10.0;0;62;36
5938;60;18;5;0;0;1;11;0;0;0;0;1;1;12;1;4;7;57;49;65;9;4835;201;553;98.3;2.2;1.5;39.5;20.1;95;65;59.4;5.6;65;42;60.7;5.5;0;1;0
5939;127;31;6;0;1;-3;0;0;0;0;0;0;0;5;3;0;1;51;51;47;4;3915;117;456;87.4;0.9;3.7;19.3;21.1;51;46;52.6;-7.6;32;35;47.8;-12.1;0;9;6
5941;60;18;7;2;1;0;0;0;0;0;0;0;0;4;2;0;3;63;57;63;16;5439;163;674;96.4;2.6;2.6;33.8;23.2;94;75;55.6;3.9;76;55;58.0;5.1;1;12;5
5942;60;18;3;0;0;0;0;0;0;0;0;0;0;4;1;2;6;73;52;92;9;2734;628;274;104.7;2.6;1.3;29.0;30.3;44;38;53.7;1.8;34;29;54.0;1.0;0;0;0
5943;40;20;7;2;2;-7;2;1;1;0;0;0;0;8;1;4;6;67;59;70;16;5905;1820;58;90.7;1.2;4.3;24.4;29.9;77;98;44.0;11.3;50;67;42.7;8.4;0;136;77
5945;43;17;1;0;0;-1;0;0;0;0;0;0;0;3;1;0;8;65;45;92;0;584;20;387;85.7;0.0;6.2;12.3;43.2;3;13;18.8;-31.3;2;8;20.0;-30.0;0;8;4
5946;40;20;7;0;5;-2;0;0;3;0;0;0;0;6;1;1;30;78;65;89;12;6681;1755;785;101.4;1.6;1.6;23.7;29.6;84;112;42.9;10.2;63;75;45.7;13.2;0;0;0
5947;153;152;7;1;1;-2;2;1;0;0;0;0;0;11;0;2;5;73;62;81;11;5647;1141;200;95.5;1.3;2.6;25.5;26.8;81;77;51.3;-1.5;60;56;51.7;-1.3;0;90;50
5951;9;9;6;2;1;2;2;0;0;0;0;0;0;10;2;4;0;70;65;71;10;4200;743;0;103.7;4.3;2.6;37.7;33.4;70;58;54.7;-3.2;53;46;53.5;-4.7;1;31;18
5954;10;10;7;1;1;-7;4;1;0;0;1;0;0;16;0;8;8;66;64;66;22;8311;1334;562;91.5;1.7;5.2;27.3;35.1;104;121;46.2;-5.4;74;92;44.6;-6.7;0;0;0
5956;145;3;7;2;3;2;6;0;1;0;0;0;0;4;1;6;4;68;57;75;18;5340;1635;126;99.6;4.0;2.7;41.1;26.3;104;69;60.1;1.2;82;57;59.0;1.7;1;54;26
5957;129;129;7;0;1;-8;0;0;0;0;0;0;0;6;5;1;5;52;44;62;11;6921;273;520;90.5;2.1;6.2;27.0;36.4;81;128;38.8;-5.6;65;93;41.1;-3.7;0;0;0
5958;138;138;6;1;0;1;2;0;0;0;0;0;0;1;3;4;6;68;55;83;14;5749;870;348;101.0;2.5;1.9;29.4;25.0;95;75;55.9;3.5;70;56;55.6;3.7;0;0;0
5960;149;149;7;1;6;1;0;0;1;0;1;0;0;3;3;1;5;67;60;72;6;6263;926;601;102.9;2.9;2.9;20.1;25.3;53;84;38.7;3.0;47;69;40.5;6.5;0;0;0
5961;135;2;6;0;3;-4;2;0;0;0;0;0;0;9;4;3;6;61;61;55;16;5705;129;381;93.2;2.5;5.0;31.6;34.1;100;83;54.6;5.6;77;66;53.8;4.2;0;6;3
5962;138;24;6;1;5;2;6;0;4;0;0;0;0;8;1;0;2;69;65;69;14;5456;1268;0;103.7;3.3;2.0;32.3;30.4;88;80;52.4;-1.6;72;60;54.5;2.3;0;7;4
5964;148;30;4;0;2;-2;2;0;1;0;0;0;0;3;1;1;5;69;63;70;9;3905;975;248;93.2;4.6;5.5;33.2;26.7;65;48;57.5;7.5;44;41;51.8;-2.9;0;0;0
5966;3;3;7;0;0;-1;0;0;0;0;0;0;0;6;0;5;8;60;54;66;7;6406;21;396;96.0;2.8;3.4;34.3;27.5;103;92;52.8;7.6;66;59;52.8;9.0;0;0;0
5967;45;28;7;0;2;1;2;0;0;0;0;0;0;6;3;2;8;64;59;62;11;6171;840;414;98.8;3.5;2.9;29.2;22.2;90;72;55.6;-0.7;67;53;55.8;-0.1;0;8;2
5969;8;8;7;5;1;4;2;0;0;0;0;0;0;8;4;2;2;67;68;61;18;6140;258;58;100.6;4.7;2.3;46.3;24.6;119;65;64.7;6.4;91;44;67.4;9.2;1;70;33
5972;139;139;6;0;3;2;2;0;0;0;1;0;0;1;1;3;2;61;54;66;7;3674;18;699;108.2;3.9;2.9;21.6;29.4;36;52;40.9;-6.8;29;43;40.3;-8.7;0;7;3
5973;128;20;6;1;2;2;0;0;0;0;0;0;0;7;2;6;15;90;54;99;8;7049;176;1060;105.4;2.0;1.0;23.5;30.6;87;118;42.4;10.7;68;85;44.4;10.5;0;0;0
5975;104;23;7;5;10;8;4;3;2;1;1;0;0;12;3;15;7;96;89;99;46;6477;2302;1351;104.3;4.4;0.6;48.9;11.7;176;35;83.4;26.8;122;28;81.3;25.4;0;209;124
5977;144;8;7;1;4;5;0;0;0;1;0;0;0;7;0;2;3;59;53;57;11;7483;67;614;104.4;3.8;1.9;35.1;29.3;134;96;58.3;6.0;102;77;57.0;4.3;1;0;0
5978;128;128;6;0;3;-1;2;0;0;0;0;0;0;2;2;0;4;61;57;63;8;4436;324;0;103.1;2.4;3.2;20.3;36.5;38;90;29.7;-7.5;34;61;35.8;-2.4;0;65;28
5980;150;150;7;2;8;4;4;1;0;0;0;0;0;9;1;2;9;70;65;73;15;6198;639;554;118.0;5.2;2.9;20.9;41.2;70;124;36.1;-6.5;52;94;35.6;-5.6;0;68;36
5981;147;147;7;1;0;-3;4;0;0;0;0;0;0;9;1;2;5;57;53;55;5;5116;0;273;104.3;2.1;4.2;14.1;39.4;35;99;26.1;4.0;27;83;24.5;1.5;1;5;3
5982;126;124;7;4;6;5;0;3;1;0;0;0;0;11;2;1;4;71;70;71;17;4846;1200;0;105.2;5.9;2.2;43.1;26.0;102;59;63.4;7.0;75;46;62.0;6.0;1;2;1
5983;58;58;7;0;1;-2;0;0;0;0;0;0;0;6;0;2;2;64;55;72;4;3699;440;540;96.9;1.9;3.9;29.2;39.9;62;67;48.1;-6.9;47;52;47.5;-6.6;0;54;27
5984;145;145;7;0;3;-1;4;0;1;0;0;0;0;8;2;0;4;63;60;60;18;5948;1635;0;94.0;2.4;3.0;33.9;23.0;100;72;58.1;-1.5;77;55;58.3;0.7;0;3;2
5986;143;143;6;0;0;-4;2;0;0;0;0;0;0;5;1;2;5;54;50;58;4;2816;0;200;87.5;0.0;5.1;20.5;40.9;27;63;30.0;-12.1;20;43;31.7;-12.8;0;3;1
5988;147;147;7;0;1;-2;0;0;1;0;0;0;0;3;1;1;4;62;51;75;2;3585;230;556;96.0;0.0;2.0;7.0;50.2;16;94;14.5;-10.1;12;70;14.6;-10.5;0;35;16
5990;57;12;6;0;1;1;0;0;0;0;0;0;0;3;1;2;2;58;52;64;2;2550;136;0;109.8;2.8;1.4;18.4;25.4;32;34;48.5;-5.6;18;23;43.9;-8.4;0;15;9
5991;133;26;7;1;6;3;0;0;0;0;0;0;0;4;0;5;6;70;66;67;11;6184;128;537;102.2;5.2;3.5;34.3;26.8;108;86;55.7;-3.8;90;64;58.4;-1.6;0;79;45
5995;147;9;7;0;2;-4;8;0;1;0;0;0;0;17;4;2;15;59;45;78;8;7322;397;976;102.9;2.0;3.9;15.2;39.3;55;165;25.0;3.1;43;117;26.9;5.1;0;0;0
5996;128;128;6;0;0;1;0;0;0;0;0;0;0;3;0;0;3;55;52;52;3;4683;10;1102;106.4;1.5;0.8;17.7;33.8;50;84;37.3;2.3;38;63;37.6;-0.1;0;10;5
5997;126;124;7;1;5;-5;2;0;4;0;0;0;0;4;3;1;5;73;64;77;22;5793;977;82;85.8;1.2;4.3;32.9;24.2;102;60;63.0;6.5;75;44;63.0;7.4;0;113;62
6002;134;134;6;1;0;0;0;1;0;0;0;0;0;1;5;0;6;55;51;50;6;4237;74;348;101.6;1.7;1.7;23.8;30.6;51;71;41.8;-5.9;38;53;41.8;-5.9;0;5;1
6003;139;139;6;2;4;-1;2;1;0;0;0;0;0;8;1;2;4;65;58;67;14;4405;800;62;96.0;4.1;4.9;31.1;28.6;51;65;44.0;-3.3;43;49;46.7;-0.6;0;59;28
6004;129;129;7;0;1;-7;0;0;0;0;0;0;0;8;0;3;1;55;51;56;7;7247;147;405;91.9;2.0;5.5;26.8;35.3;92;129;41.6;-1.4;66;98;40.2;-5.1;0;0;0
6005;131;1;7;1;3;1;0;0;0;0;0;0;0;14;6;0;1;69;63;70;22;5782;1291;57;94.3;2.5;1.9;39.8;15.6;134;45;74.9;7.5;98;32;75.4;8.1;0;2;1
6006;151;152;7;2;4;5;2;0;0;1;0;0;0;5;0;5;10;69;54;87;9;6817;45;864;109.5;4.2;2.1;24.8;28.0;86;93;48.0;2.8;57;71;44.5;-0.7;0;0;0
6008;141;25;7;0;3;2;0;0;0;0;0;0;0;1;3;0;6;56;49;64;12;7521;35;798;100.4;3.8;2.9;36.9;28.7;127;118;51.8;-10.5;101;88;53.4;-8.3;0;0;0
6011;25;25;7;2;1;-4;8;0;1;0;0;0;0;3;11;4;4;62;56;68;17;7278;1157;2;96.8;2.5;4.5;32.2;41.1;100;125;44.4;-5.4;75;98;43.4;-7.7;1;101;56
6012;1;1;7;4;2;10;9;0;0;0;0;1;0;9;2;7;4;62;59;67;22;7263;193;326;109.0;6.9;2.0;45.6;31.7;135;106;56.0;9.6;103;77;57.2;7.9;0;0;0
6013;28;28;6;1;1;-4;4;0;0;0;0;0;0;4;4;8;8;80;87;71;15;5246;1236;852;91.8;2.7;4.8;39.1;31.6;85;72;54.1;-0.1;66;56;54.1;-1.3;0;34;15
6014;128;128;6;0;1;-4;2;0;0;0;0;0;0;2;3;0;6;57;52;60;7;5088;371;0;94.0;0.7;3.5;22.6;38.9;55;108;33.7;-2.5;40;79;33.6;-5.6;0;72;38
6017;131;1;7;3;4;4;0;1;1;0;0;0;0;4;2;2;0;67;63;67;17;5314;534;264;104.1;4.1;1.4;40.0;22.4;117;56;67.6;-2.3;82;46;64.1;-7.2;0;41;23
6021;45;28;7;2;1;-4;6;0;0;0;0;0;0;6;1;1;0;57;57;52;10;5222;56;588;89.6;2.1;4.8;27.6;26.9;69;69;50.0;-8.0;50;56;47.2;-11.5;0;76;35
6026;149;149;7;0;0;-2;2;0;0;0;0;0;0;7;3;3;10;65;47;88;9;6746;85;1210;102.4;2.7;3.7;18.1;30.4;63;93;40.4;5.5;53;78;40.5;6.8;0;0;0
6027;18;18;7;0;2;-2;0;0;0;0;0;0;0;6;4;1;3;61;60;58;6;4654;0;202;95.6;2.3;3.9;28.6;30.9;64;63;50.4;-4.6;44;45;49.4;-4.8;0;3;1
6028;45;28;7;1;0;-7;0;0;0;0;0;0;0;4;3;3;1;62;57;66;12;5617;415;554;86.5;0.6;5.1;34.0;33.3;97;83;53.9;-3.1;75;66;53.2;-4.0;0;43;22
6030;132;132;6;1;1;-1;0;0;0;0;0;0;0;2;0;0;1;54;52;49;9;3114;360;0;108.1;2.3;2.3;17.3;43.9;36;56;39.1;-16.9;27;47;36.5;-20.1;0;2;1
6031;138;138;6;0;2;0;2;0;1;0;0;0;0;2;0;1;0;61;57;63;6;4268;443;0;99.0;1.7;1.7;26.1;22.8;69;58;54.3;1.1;46;46;50.0;-3.8;0;51;24
6032;1;1;7;0;1;0;0;0;0;0;0;0;0;6;4;2;6;61;54;68;10;4170;30;269;99.1;2.6;2.6;42.3;37.1;67;68;49.6;0.1;58;49;54.2;2.8;0;44;17
6034;131;1;4;0;0;4;5;0;0;0;0;0;0;2;0;6;6;75;51;97;7;4488;0;184;108.7;3.2;0.0;36.9;11.2;95;29;76.6;2.7;66;22;75.0;-1.8;0;0;0
6037;142;23;5;1;1;1;7;0;0;0;0;1;0;6;2;0;6;61;51;73;6;4583;247;251;96.7;4.7;3.9;33.8;22.8;76;50;60.3;-3.9;57;39;59.4;-3.9;0;0;0
6039;150;150;7;0;2;-4;0;0;0;0;0;0;0;7;2;3;15;74;50;86;7;7722;320;1011;97.5;1.4;3.3;21.0;35.4;87;125;41.0;0.7;68;101;40.2;1.3;0;0;0
6042;138;138;6;3;3;6;0;0;0;0;0;0;0;5;0;1;0;62;61;59;16;4520;313;245;112.6;5.6;0.8;37.4;35.0;80;63;55.9;3.3;61;54;53.0;0.1;0;2;2
6046;131;1;7;0;2;1;2;0;1;0;0;0;0;7;3;3;0;59;54;61;12;4215;428;79;100.8;2.6;1.7;32.5;23.9;72;48;60.0;-11.3;51;36;58.6;-13.1;0;36;22
6050;139;19;6;1;2;2;0;0;0;0;0;0;0;16;5;3;5;68;60;75;12;6116;813;313;102.6;2.9;1.8;30.6;25.3;86;76;53.1;10.2;61;57;51.7;6.8;0;6;2
6052;139;19;6;0;1;-2;2;0;1;0;0;0;0;5;2;0;2;57;52;60;7;2629;242;43;91.8;1.4;4.1;31.5;32.9;33;48;40.7;-6.9;29;34;46.0;-1.4;0;1;0
6053;149;149;7;1;0;-6;8;0;0;0;0;0;0;5;4;1;3;54;52;56;11;5774;871;108;99.3;2.5;6.2;15.6;37.4;42;91;31.6;-6.6;33;73;31.1;-6.3;0;1;1
6054;134;134;6;1;0;-3;2;0;0;0;0;0;0;0;2;0;5;57;52;56;9;4116;267;248;95.3;0.9;3.5;21.0;39.4;39;71;35.5;-13.7;30;57;34.5;-15.2;0;31;14
6055;138;138;6;1;2;4;2;0;1;0;0;0;0;4;4;1;1;61;54;71;11;4045;652;151;107.9;2.7;0.0;33.8;21.4;73;50;59.3;7.6;58;38;60.4;9.6;1;57;30
6056;131;1;7;1;6;7;16;0;0;0;0;0;0;6;3;6;4;71;63;74;12;6207;10;591;105.4;5.2;1.2;36.0;12.8;122;51;70.5;1.6;88;34;72.1;3.6;0;86;53
6058;133;26;6;0;3;0;0;0;1;0;0;0;0;10;2;1;8;76;59;85;17;5909;1049;337;97.5;3.7;3.7;34.7;28.0;97;75;56.4;-1.3;76;61;55.5;-4.5;0;0;0
6059;150;150;7;0;1;-1;6;0;0;0;0;0;0;7;2;2;11;65;55;73;13;5108;1053;63;97.9;2.8;3.5;28.9;29.6;64;80;44.4;5.1;49;56;46.7;9.4;0;10;4
6060;131;131;7;0;3;3;0;0;0;0;0;0;0;8;1;3;6;59;55;58;11;5178;0;235;101.3;4.2;2.1;41.0;23.6;111;62;64.2;-6.9;80;46;63.5;-8.0;0;0;0
6062;149;149;7;0;1;-3;2;0;1;0;0;0;0;8;2;0;1;60;54;64;9;4456;667;372;101.8;2.4;4.8;15.3;34.7;38;73;34.2;-2.9;29;57;33.7;-2.6;0;21;10
6069;150;150;7;2;1;-2;4;0;0;0;0;0;0;9;0;1;3;61;57;60;8;4879;961;1;98.1;3.7;5.2;23.6;29.5;51;85;37.5;-3.9;38;54;41.3;2.4;0;2;1
6073;128;20;6;0;0;-4;2;0;0;0;0;0;0;7;2;4;10;64;54;73;5;5936;681;349;97.0;0.6;3.0;17.6;47.3;51;149;25.5;-15.4;46;108;29.9;-12.2;0;14;6
6074;135;2;7;7;5;2;4;3;2;0;0;0;0;6;3;0;4;73;70;72;22;6353;1183;18;98.9;5.7;4.5;35.7;26.6;127;74;63.2;12.4;98;59;62.4;11.5;1;126;71
6075;144;8;7;3;3;3;4;0;0;0;0;0;0;13;4;5;3;69;57;79;12;7065;510;912;103.9;3.1;2.0;30.6;33.6;113;102;52.6;-2.4;87;82;51.5;-3.9;1;23;8
6078;143;18;7;2;6;3;2;0;2;0;0;0;0;14;3;6;21;77;62;89;14;6611;642;699;111.2;4.4;2.7;22.9;34.9;79;118;40.1;2.6;60;86;41.1;1.4;0;16;5
6080;138;24;6;0;1;0;0;0;0;0;0;0;0;7;2;4;1;64;57;66;12;4506;286;397;99.8;0.8;0.8;27.2;25.6;66;67;49.6;-5.1;52;50;51.0;-2.7;0;5;2
6082;19;19;7;0;1;-5;0;0;0;0;0;0;0;4;6;8;1;67;64;66;11;5871;1015;0;93.6;1.2;3.1;31.9;30.0;75;83;47.5;-1.4;61;59;50.8;1.3;0;0;0
6084;143;18;7;0;4;0;2;0;0;0;0;0;0;11;1;2;3;55;49;61;5;6036;0;619;103.7;4.8;4.8;28.0;35.8;69;112;38.1;-0.2;55;85;39.3;-1.2;0;0;0
6086;139;139;6;0;2;0;8;0;0;0;0;0;0;6;3;0;7;58;51;68;4;3938;0;1040;103.3;1.8;1.8;21.0;33.8;41;57;41.8;-5.8;34;46;42.5;-6.0;0;31;16
6087;143;18;7;0;2;1;0;0;0;0;0;0;0;10;3;1;8;65;50;82;9;7013;0;548;110.7;4.1;3.6;20.5;38.5;70;135;34.1;-5.9;53;93;36.3;-5.4;0;0;0
6088;28;28;6;0;3;-5;2;0;0;0;0;0;0;9;5;8;3;69;64;68;5;5198;1161;888;91.5;2.8;5.5;38.8;35.3;89;78;53.3;-1.3;64;62;50.8;-6.1;0;65;30
6089;129;129;7;1;0;0;2;0;0;0;0;0;0;2;2;1;2;59;54;64;9;4826;450;244;101.2;2.2;2.2;29.1;34.3;62;83;42.8;0.3;46;65;41.4;-2.9;1;3;0
6091;129;129;7;0;0;-5;4;0;0;0;0;0;0;8;3;5;14;56;48;66;5;7421;123;822;94.2;2.4;4.9;25.2;31.5;89;126;41.4;-1.7;74;96;43.5;-0.2;0;0;0
6093;26;26;7;5;0;-2;0;0;0;0;0;0;0;7;8;5;4;63;62;61;17;6438;254;23;94.6;3.4;4.5;34.7;29.6;97;87;52.7;6.4;75;68;52.4;5.9;1;8;2
6094;155;154;7;1;5;7;6;0;0;0;1;0;0;7;0;4;7;61;55;67;12;7415;453;414;103.8;3.9;1.0;48.1;22.8;142;82;63.4;-4.4;117;63;65.0;-2.7;0;0;0
6095;18;18;7;2;1;-5;0;1;1;0;0;0;0;15;7;3;2;65;60;68;18;5111;1136;0;88.2;2.1;5.6;35.2;31.7;81;72;52.9;-1.6;57;53;51.8;-2.0;0;0;0
6097;147;147;7;2;1;-4;6;2;1;0;0;0;0;2;2;1;8;61;54;69;6;5629;373;220;93.8;0.0;2.6;12.2;41.6;41;144;22.2;-1.1;28;99;22.0;-1.8;0;7;3
6099;133;26;3;1;1;0;0;0;1;0;0;0;0;2;0;0;1;68;62;73;10;2548;358;123;79.1;4.2;4.2;46.6;14.1;59;22;72.8;7.2;48;18;72.7;6.5;0;0;0
6100;26;26;7;3;1;-1;4;0;1;0;0;0;0;5;10;2;4;71;73;65;18;6430;740;0;99.3;2.2;2.8;30.8;35.3;94;89;51.4;4.5;71;72;49.7;2.0;0;2;1
6102;141;25;5;0;2;0;0;0;2;0;0;0;0;2;1;2;4;67;55;80;7;3105;546;152;100.0;0.0;0.0;37.1;30.1;47;42;52.8;-7.8;40;30;57.1;-2.0;0;19;12
6103;147;147;7;0;1;-3;0;0;0;0;0;0;0;7;3;4;26;62;48;75;4;8077;59;1112;103.9;1.3;2.7;13.8;46.4;60;194;23.6;1.1;46;147;23.8;0.7;0;0;0
6105;0;0;7;4;3;2;2;0;1;0;0;0;0;8;5;4;4;67;66;62;13;5977;823;2;103.5;4.8;3.6;37.3;38.5;95;93;50.5;3.1;76;76;50.0;3.4;1;4;3
6106;140;140;7;1;2;4;2;0;0;0;0;0;0;5;3;0;2;63;58;63;14;5312;1250;307;111.8;6.1;3.4;24.4;25.8;78;69;53.1;7.7;56;51;52.3;6.7;0;9;5
6107;45;28;7;1;3;2;2;0;1;0;0;0;0;11;2;4;2;74;67;76;27;5107;2297;36;95.9;4.2;2.8;43.7;20.4;98;46;68.1;16.0;77;34;69.4;18.1;0;4;3
6108;47;47;7;1;2;1;14;0;0;0;0;0;0;6;4;0;3;63;57;67;10;5121;171;560;99.1;2.8;2.1;34.4;23.2;87;72;54.7;2.6;65;54;54.6;0.4;0;10;6
6109;58;24;7;2;1;-3;6;2;0;0;0;0;0;9;0;1;8;72;65;78;24;5985;2255;80;94.7;1.2;3.0;30.1;32.5;95;89;51.6;-2.7;72;63;53.3;1.0;0;140;67
6114;38;38;7;3;0;0;2;0;0;0;0;0;0;7;0;2;6;66;60;66;13;4855;346;428;100.2;3.0;3.0;31.1;31.9;76;85;47.2;-8.6;58;56;50.9;-2.3;1;8;5
6116;138;24;6;1;2;7;16;0;0;1;1;0;0;13;2;2;5;67;48;89;6;6297;206;681;109.6;3.4;0.6;28.6;23.4;105;86;55.0;2.3;75;66;53.2;0.3;0;0;0
6117;128;128;6;2;1;5;12;0;0;0;0;0;0;4;0;0;3;60;55;58;6;4138;303;0;118.3;5.2;0.9;24.4;27.8;52;62;45.6;12.6;37;39;48.7;13.4;0;47;27
6118;47;47;4;1;0;0;0;0;0;0;0;0;0;2;1;1;1;57;51;59;3;1853;0;373;106.9;1.9;1.9;17.5;46.6;16;54;22.9;-11.4;12;43;21.8;-9.5;0;8;3
6121;125;124;7;3;3;3;0;0;0;0;0;0;0;6;1;2;4;67;59;73;11;3628;922;0;107.1;7.9;5.0;31.8;27.8;62;49;55.9;5.8;50;38;56.8;5.7;0;3;2
6125;134;134;6;0;3;1;2;0;0;0;1;0;0;3;1;0;1;58;55;58;6;4589;516;107;102.6;3.1;3.1;28.2;36.9;68;72;48.6;3.0;46;56;45.1;-1.6;0;67;26
6126;150;150;7;0;1;2;0;0;0;0;0;0;0;6;0;1;6;63;51;77;7;6349;0;476;110.6;2.8;1.7;18.7;37.4;69;112;38.1;-3.4;45;84;34.9;-6.3;0;0;0
6127;36;3;4;0;0;0;0;0;0;0;0;0;0;3;1;0;2;55;49;63;4;3767;33;403;102.6;1.9;1.9;23.9;35.4;46;66;41.1;-5.5;31;49;38.8;-5.6;0;0;0
6128;127;31;4;1;0;0;2;0;0;0;0;0;0;3;1;0;0;62;55;64;11;2777;252;0;104.8;1.3;0.0;27.2;19.4;46;27;63.0;1.7;35;21;62.5;4.7;0;37;16
6129;127;31;7;2;1;-2;8;2;1;0;0;0;0;11;2;3;9;73;63;81;11;5922;738;128;93.8;1.8;2.4;31.0;20.1;107;62;63.3;8.4;74;47;61.2;6.7;1;9;4
6130;24;24;6;3;1;4;5;0;0;0;0;0;0;1;6;3;3;60;54;67;7;4307;0;240;112.8;4.2;0.8;28.4;43.5;56;92;37.8;-12.8;39;57;40.6;-8.7;0;43;24
6132;137;137;7;0;3;0;4;0;1;0;0;0;0;4;0;1;4;62;57;63;11;4460;578;15;100.3;1.6;1.6;32.3;34.7;63;79;44.4;6.3;52;54;49.1;11.6;0;6;2
6133;138;138;6;0;3;2;2;0;2;0;0;0;0;11;2;5;12;67;59;69;12;5444;976;115;103.6;2.6;1.3;33.1;29.8;92;83;52.6;-1.4;71;59;54.6;2.4;0;1;1
6135;145;3;7;2;3;0;7;0;0;0;0;1;0;10;3;1;1;64;59;60;13;4242;0;333;85.7;5.9;5.9;39.9;20.4;87;46;65.4;7.8;63;35;64.3;8.2;0;54;28
6136;138;138;6;0;3;2;2;0;0;0;0;0;0;6;0;3;2;67;57;76;13;4094;886;0;105.9;2.6;0.9;30.8;32.5;62;61;50.4;-4.0;46;49;48.4;-5.9;0;50;22
6137;8;8;7;5;5;5;2;0;0;0;0;0;0;11;8;5;3;66;65;64;15;6210;376;0;101.7;6.4;3.5;42.3;26.1;111;74;60.0;-0.1;85;52;62.0;1.9;1;79;45
6138;33;33;7;1;0;1;2;0;0;0;0;0;0;9;3;3;16;58;49;67;8;6264;54;1053;103.8;3.4;2.9;34.5;46.6;95;135;41.3;-3.1;79;106;42.7;-1.2;0;0;0
6141;154;154;7;0;2;2;2;0;0;0;0;0;0;6;0;2;15;58;51;66;16;6718;20;1128;101.0;4.3;3.2;34.8;28.4;97;83;53.9;7.9;77;58;57.0;10.5;0;0;0
6142;124;124;7;6;4;4;0;2;0;0;0;0;0;9;6;5;3;69;65;72;14;6289;1644;15;106.1;4.6;2.3;35.5;33.8;84;84;50.0;0.7;69;67;50.7;3.9;3;105;59
6144;128;128;6;1;1;1;0;0;0;0;0;0;0;1;3;0;5;59;52;64;4;3975;37;397;107.8;2.7;1.8;21.7;38.9;42;80;34.4;-1.4;32;56;36.4;-1.6;0;2;0
6145;124;124;7;0;1;4;0;0;0;0;0;0;0;9;1;5;11;65;56;75;11;7493;138;283;107.9;3.4;1.4;25.5;26.9;92;94;49.5;-0.1;69;71;49.3;1.9;0;0;0
6148;142;23;6;2;0;3;0;0;0;0;0;0;0;4;2;5;5;64;51;76;16;5982;209;308;100.6;4.2;2.4;34.9;21.1;118;62;65.6;-1.1;83;46;64.3;-0.7;1;0;0
6149;140;140;7;0;1;-3;2;0;0;0;0;0;0;6;2;0;3;55;50;59;5;3543;340;0;89.7;0.0;3.0;20.3;29.5;39;57;40.6;-8.1;29;41;41.4;-7.1;0;15;5
6150;138;138;6;4;1;3;2;1;1;0;0;0;0;1;2;1;1;67;62;72;24;3995;1292;0;106.7;3.6;0.9;34.2;23.4;76;50;60.3;8.9;51;40;56.0;3.9;0;6;4
6152;147;9;7;1;2;0;4;0;0;0;0;0;0;14;1;2;12;70;55;84;8;5862;1071;23;109.6;1.8;1.8;13.5;46.1;45;143;23.9;1.4;30;108;21.7;-2.3;0;85;50
6153;138;138;6;0;2;5;8;0;0;0;1;0;0;13;2;4;7;70;51;90;5;6417;24;957;105.4;2.8;1.1;27.5;23.6;94;89;51.4;-3.2;71;69;50.7;-3.4;0;0;0
6154;149;149;7;1;1;-1;4;0;0;0;0;0;0;3;2;0;3;58;54;62;9;5618;926;566;101.0;2.6;3.2;21.1;28.8;58;86;40.3;5.2;44;69;38.9;4.3;0;31;18
6156;127;31;7;0;1;1;4;0;0;0;0;0;0;11;2;1;11;69;49;88;4;7486;269;619;100.9;1.4;1.0;27.9;22.6;118;95;55.4;-2.6;82;71;53.6;-3.9;0;0;0
6157;135;2;7;3;1;-1;4;0;0;0;0;0;0;7;1;3;8;59;53;65;11;7970;43;1028;97.5;3.6;4.1;31.2;28.9;140;92;60.3;8.9;112;79;58.6;6.7;0;0;0
6160;143;18;7;3;4;1;2;0;0;0;0;0;0;8;1;2;8;64;59;69;17;4917;336;296;105.9;5.1;4.4;27.8;35.1;64;97;39.8;2.0;50;65;43.5;4.4;0;13;6
6162;1;1;7;4;6;5;0;2;2;0;0;0;0;24;2;9;5;79;70;83;18;5620;1632;313;108.7;5.1;1.9;34.6;31.4;75;77;49.3;-0.2;62;59;51.2;4.5;0;7;4
6163;140;17;7;0;0;0;2;0;0;0;0;0;0;15;4;6;9;61;48;72;5;7355;219;599;105.4;2.9;2.9;16.6;24.0;67;107;38.5;-12.8;52;79;39.7;-11.2;0;0;0
6164;147;147;7;1;0;1;0;0;0;0;0;0;0;10;2;3;10;60;51;69;6;5629;28;697;110.7;1.9;1.3;14.1;42.8;38;132;22.4;-0.8;28;95;22.8;-0.8;0;11;3
6165;147;147;7;0;3;-1;2;0;0;0;0;0;0;5;3;0;5;62;47;81;4;7765;75;520;107.7;1.9;2.3;14.4;44.5;53;187;22.1;-1.3;39;140;21.8;-2.5;0;0;0
6166;21;21;7;3;2;4;4;0;0;0;0;0;0;6;3;2;2;60;58;58;8;5911;190;176;110.7;5.5;3.0;28.6;35.9;79;90;46.7;-4.3;59;69;46.1;-2.4;0;66;32
6170;147;147;7;2;1;-1;0;1;0;0;0;0;0;12;2;3;4;56;52;59;12;6373;285;110;103.3;1.7;2.3;18.1;37.3;55;132;29.4;9.0;40;102;28.2;6.7;0;4;1
6172;0;0;2;0;0;-1;4;0;0;0;0;0;0;2;0;0;0;58;53;60;4;1558;78;0;95.7;0.0;2.3;23.1;53.1;17;33;34.0;-19.1;12;24;33.3;-17.6;0;13;5
6174;129;129;7;3;2;-4;0;1;1;0;0;0;0;2;2;1;9;64;57;69;16;4667;1069;265;89.1;2.3;5.4;27.0;27.8;59;76;43.7;1.4;47;54;46.5;3.6;1;11;6
6175;145;3;6;0;4;-1;2;0;0;0;1;0;0;6;1;2;5;69;55;79;15;6190;5;658;90.0;2.9;3.5;33.2;18.6;111;60;64.9;7.0;85;49;63.4;7.4;0;0;0
6181;139;139;6;1;2;-1;0;0;1;0;0;0;0;1;2;1;0;60;54;64;6;3242;605;232;98.3;3.3;4.4;24.4;28.9;41;46;47.1;0.8;36;35;50.7;4.4;1;48;27
6185;21;21;7;1;1;-4;0;0;0;0;0;0;0;6;2;7;1;63;56;68;11;5173;767;0;90.7;1.4;4.2;32.0;30.6;70;68;50.7;1.2;49;51;49.0;1.5;0;77;36
6186;128;128;6;2;0;1;0;0;0;0;0;0;0;3;1;0;1;59;52;66;10;3307;584;0;104.5;2.2;1.1;29.4;37.0;45;66;40.5;6.2;38;45;45.8;10.0;1;1;0
6188;59;1;4;1;2;5;4;0;0;0;0;0;0;2;4;2;2;61;51;72;6;4193;244;409;112.0;6.0;1.7;31.8;24.9;67;55;54.9;4.7;46;39;54.1;4.1;0;0;0
6190;141;25;7;1;4;6;0;1;1;0;0;0;0;8;0;3;7;68;53;85;13;7113;529;305;106.9;4.0;1.0;38.0;26.8;135;98;57.9;-1.1;104;73;58.8;-0.0;0;0;0
6191;9;9;7;2;9;6;0;0;0;0;1;0;0;17;10;1;4;70;72;62;17;7760;403;539;100.6;6.0;3.7;44.1;28.3;136;93;59.4;4.8;107;68;61.1;8.7;0;29;6
6193;20;20;7;1;1;0;2;0;0;0;1;0;0;1;1;0;1;54;51;54;1;1821;0;113;98.6;2.0;4.0;17.8;31.6;17;26;39.5;-10.5;12;20;37.5;-12.5;0;20;9
6195;129;129;7;2;1;-2;8;0;0;0;0;0;0;8;1;4;8;54;49;61;10;6763;209;286;98.0;3.2;4.3;35.1;38.3;107;131;45.0;3.8;85;95;47.2;5.5;0;0;0
6196;126;124;7;2;2;0;2;1;0;0;0;0;0;5;3;1;0;58;55;60;15;4667;718;24;97.1;4.6;3.9;39.3;26.2;81;61;57.0;-1.3;62;49;55.9;-2.0;1;10;4
6197;137;137;7;3;1;-2;2;1;0;0;0;0;0;9;5;4;5;63;57;66;16;6111;1036;118;99.5;2.9;4.1;25.9;34.8;68;103;39.8;0.4;53;78;40.5;0.6;0;0;0
6199;134;134;6;1;1;0;4;0;1;0;0;0;0;4;1;3;0;56;52;58;3;3474;286;236;103.7;3.1;3.1;23.8;33.2;44;66;40.0;-8.0;30;43;41.1;-6.4;0;22;15
6201;132;12;7;1;3;-4;2;1;1;0;0;0;0;3;4;1;8;66;61;67;14;5628;858;258;91.8;2.6;4.5;36.5;29.4;110;80;57.9;6.9;86;64;57.3;6.0;0;64;30
6202;71;71;7;3;6;7;2;0;1;0;1;0;0;7;2;6;10;93;70;98;20;5864;700;827;106.6;4.3;0.6;38.7;13.5;129;43;75.0;15.5;90;34;72.6;13.5;0;115;59
6204;48;14;7;1;1;-1;21;0;0;0;0;1;0;7;0;1;2;61;56;67;14;4790;706;75;100.9;1.5;2.3;20.3;34.6;55;86;39.0;-19.5;41;65;38.7;-20.2;0;71;28
6205;29;29;7;0;1;-7;4;0;0;0;0;0;0;7;2;5;12;59;54;64;7;7069;212;325;91.1;1.0;4.6;25.5;35.6;82;105;43.9;-6.0;63;82;43.4;-6.7;0;0;0
6206;150;150;7;0;0;3;0;0;0;0;0;0;0;2;1;4;3;69;52;89;5;6452;397;368;111.1;3.9;2.2;22.9;37.4;72;117;38.1;-3.5;47;84;35.9;-5.0;0;0;0
6208;136;10;6;1;1;0;2;0;0;0;0;0;0;8;1;2;11;71;62;78;15;6152;1468;722;102.0;3.5;2.3;32.2;26.3;103;87;54.2;12.8;78;65;54.5;13.8;1;0;0
6211;134;21;6;0;1;-1;0;0;0;0;0;0;0;8;1;1;11;73;55;90;12;6444;0;1085;99.2;1.7;2.2;25.7;30.7;87;92;48.6;3.4;59;70;45.7;-0.9;0;0;0
6212;143;18;7;1;1;-4;2;1;0;0;0;0;0;1;0;2;5;63;56;71;13;4735;1394;0;94.9;0.8;3.8;19.8;42.6;48;102;32.0;-8.0;38;74;33.9;-8.0;0;12;8
6213;128;128;6;0;2;-4;4;0;1;0;0;0;0;4;1;2;4;61;54;67;10;4990;405;63;93.5;0.0;2.9;23.1;44.7;57;106;35.0;-0.8;49;86;36.3;-2.0;0;89;41
6214;145;3;7;2;0;0;0;0;0;0;0;0;0;10;2;1;5;63;55;69;10;4283;0;969;89.1;3.4;3.4;37.0;16.8;78;42;65.0;7.1;60;33;64.5;8.3;0;25;12
6216;31;31;7;1;3;2;2;0;0;0;0;0;0;10;7;5;0;62;59;58;8;5188;0;495;106.1;4.9;3.5;31.2;36.8;60;84;41.7;-8.2;49;66;42.6;-7.0;0;7;1
6217;138;138;6;2;3;2;12;1;0;0;0;0;0;7;3;6;2;67;55;79;10;3653;24;906;100.8;3.0;2.0;33.5;24.6;60;46;56.6;3.9;46;38;54.8;2.2;0;14;6
6219;144;8;7;0;0;2;0;0;0;0;0;0;0;11;0;1;1;59;53;59;7;4952;105;133;102.9;2.9;1.5;36.3;28.4;100;75;57.1;3.9;73;54;57.5;4.4;0;59;31
6220;126;126;7;0;0;-5;4;0;0;0;0;0;0;9;5;0;2;59;55;60;13;6790;657;636;90.0;2.1;4.8;29.2;27.6;120;79;60.3;3.2;88;63;58.3;1.2;0;0;0
6221;140;17;7;2;3;4;9;1;1;0;0;1;1;14;2;5;6;69;60;76;16;6987;1230;403;107.3;3.6;1.5;27.3;26.3;109;97;52.9;8.8;75;69;52.1;7.3;0;0;0
6222;150;150;7;0;2;-2;4;0;0;0;0;0;0;8;3;2;7;56;47;67;4;7658;455;738;100.8;2.8;3.8;23.0;32.9;82;119;40.8;0.4;60;91;39.7;0.5;0;0;0
6224;145;145;7;0;2;-1;0;0;0;0;0;0;0;4;3;2;1;64;55;70;9;4696;526;48;98.8;2.3;3.1;24.5;29.1;66;59;52.8;-8.0;46;45;50.5;-9.0;0;54;30
6226;1;1;7;3;3;3;5;0;0;0;0;1;0;5;15;10;10;67;59;72;21;6909;0;800;103.5;4.2;2.6;35.9;32.3;108;109;49.8;0.3;79;75;51.3;-0.9;1;69;29
6235;152;152;6;2;1;-2;2;1;0;0;1;0;0;7;4;3;0;62;60;62;5;4728;289;229;93.7;1.5;3.8;22.1;28.9;48;58;45.3;2.3;34;42;44.7;-0.6;0;4;3
6236;23;23;7;1;0;-8;11;0;0;0;0;1;0;15;2;3;16;61;57;62;12;7643;591;47;89.7;1.9;5.7;34.4;35.8;111;129;46.3;-5.8;81;101;44.5;-7.9;0;0;0
6239;149;149;7;0;0;-7;4;0;0;0;0;0;0;3;2;4;4;63;54;67;6;5059;450;653;91.8;0.7;5.7;12.8;41.3;27;101;21.1;-20.4;24;75;24.2;-15.2;0;10;1
6242;78;8;7;1;0;-4;0;0;0;0;0;0;0;3;1;6;12;63;53;75;22;7533;719;1754;88.7;1.4;2.9;34.9;18.6;147;84;63.6;8.4;99;58;63.1;7.5;0;0;0
6243;150;150;7;1;3;0;2;0;0;0;0;0;0;3;4;1;4;57;53;61;6;4790;769;0;103.7;2.3;2.3;21.8;33.8;59;76;43.7;4.0;40;57;41.2;2.3;1;9;2
6244;0;0;7;1;2;2;4;0;0;0;0;0;0;6;5;0;0;61;60;59;7;5547;240;0;102.9;2.6;1.3;33.7;27.3;77;67;53.5;6.6;58;51;53.2;7.1;0;0;0
6245;45;28;7;0;0;1;18;0;0;0;0;0;0;10;3;2;9;68;53;87;13;6399;986;821;99.2;3.9;3.4;29.3;23.6;111;71;61.0;7.2;78;57;57.8;2.7;0;1;1
6247;28;28;6;1;2;1;6;0;0;0;0;0;0;6;1;3;6;59;57;59;14;6447;98;320;99.2;3.9;3.3;38.5;30.7;99;87;53.2;-1.5;79;69;53.4;-2.6;0;1;1
6248;129;129;7;2;3;-4;0;1;1;0;0;0;0;8;3;2;6;57;52;60;12;3964;809;142;99.7;2.7;6.4;19.1;43.6;39;83;32.0;-13.0;26;66;28.3;-18.9;0;11;4
6249;19;19;7;0;4;1;6;0;0;0;0;0;0;8;4;4;4;67;64;67;3;5178;406;1477;99.4;3.5;2.8;36.2;27.1;89;68;56.7;11.2;64;50;56.1;8.4;0;29;11
6251;147;147;7;0;1;-7;6;0;0;0;0;0;0;5;0;2;9;56;50;63;4;6578;45;392;96.0;0.5;4.4;10.9;48.7;40;163;19.7;-4.6;29;125;18.8;-6.6;0;0;0
6252;60;60;3;0;1;0;2;0;0;0;0;0;0;2;1;0;3;55;52;55;0;1353;0;104;100.6;2.7;2.7;31.9;34.6;20;23;46.5;6.9;15;17;46.9;11.5;0;2;0
6253;25;25;7;1;2;-7;2;0;0;0;0;0;0;9;2;4;12;56;56;54;11;7720;201;177;93.5;3.7;7.0;31.7;38.2;100;122;45.0;-4.5;74;94;44.0;-6.6;0;0;0
6254;17;17;7;1;3;-1;0;0;0;0;0;0;0;9;5;5;7;68;66;65;9;5815;0;211;99.8;3.7;4.3;32.8;37.8;90;100;47.4;3.1;62;74;45.6;3.3;0;6;4
6255;56;21;6;0;0;-2;4;0;0;0;0;0;0;6;0;2;4;59;52;61;8;2961;132;238;91.7;0.0;2.4;18.2;29.2;23;50;31.5;-18.1;18;31;36.7;-11.5;0;16;6
6257;156;156;7;2;7;-2;5;0;2;0;0;1;0;9;7;10;2;69;65;73;25;7151;1526;270;84.4;4.0;5.0;42.8;20.1;126;61;67.4;11.2;98;46;68.1;13.7;1;121;73
6258;152;152;6;0;3;0;2;0;0;0;0;0;0;8;5;3;5;67;58;75;5;4651;1226;237;97.0;3.1;3.1;39.5;28.6;70;70;50.0;9.2;58;43;57.4;16.8;0;59;32
6260;145;3;7;2;6;6;0;0;0;0;0;0;0;10;7;0;1;62;58;59;13;6270;303;221;103.6;7.5;4.0;33.9;21.8;122;69;63.9;6.7;90;54;62.5;6.7;1;10;6
6261;156;154;7;5;2;-1;4;2;0;0;0;0;0;17;7;0;1;73;77;64;30;7698;1357;240;91.4;3.3;3.7;44.4;23.4;136;71;65.7;9.2;106;55;65.8;11.0;1;19;12
6263;145;3;7;1;2;0;4;0;0;0;0;0;0;5;3;3;3;73;57;80;13;5447;1106;213;99.0;4.0;4.0;29.1;27.1;82;65;55.8;-4.5;61;52;54.0;-5.0;0;78;40
6264;45;28;7;1;2;-2;0;0;0;0;0;0;0;6;2;1;1;64;53;73;11;6327;104;503;95.2;2.8;4.0;34.7;30.7;103;92;52.8;-4.9;77;69;52.7;-4.8;0;0;0
6273;20;20;7;1;0;-3;4;0;0;0;0;0;0;8;3;2;8;58;54;60;15;6165;930;111;95.9;1.8;3.5;29.8;35.0;82;94;46.6;-3.8;67;71;48.6;-0.8;0;0;0
6274;137;137;7;0;1;0;2;0;1;0;0;0;0;7;4;1;4;63;53;74;6;6214;576;355;102.2;1.2;1.2;24.3;44.6;67;131;33.8;-8.2;55;106;34.2;-8.8;0;0;0
6275;144;8;4;0;2;5;0;0;0;0;0;0;0;5;2;1;1;58;52;64;4;3589;99;256;109.5;7.0;2.0;42.1;28.1;80;50;61.5;1.9;61;36;62.9;5.1;0;0;0
6276;34;2;5;0;1;-4;4;0;1;0;0;0;0;4;1;1;2;62;59;58;8;4443;935;59;92.9;0.0;3.2;26.7;45.4;67;86;43.8;-3.5;50;73;40.7;-4.4;0;8;3
6278;149;149;7;3;0;-4;0;0;0;0;0;0;0;7;0;4;4;60;54;62;11;5630;210;514;95.7;2.6;5.1;23.0;33.3;55;97;36.2;-0.4;46;73;38.7;4.0;0;71;37
6279;25;25;7;2;6;-6;24;1;1;0;0;2;0;9;0;8;4;59;60;54;17;6923;1064;249;95.0;3.6;6.8;31.7;41.1;91;111;45.0;-4.3;66;89;42.6;-8.4;0;0;0
6281;156;156;7;2;3;4;4;0;0;0;0;0;0;9;7;7;2;66;57;75;15;5911;513;0;105.5;3.7;1.2;35.3;25.0;83;60;58.0;-3.0;63;45;58.3;-1.3;1;83;41
6282;137;137;7;2;3;3;2;0;1;0;0;0;0;4;1;3;5;62;57;65;12;4329;92;458;109.0;4.2;1.7;29.9;34.1;64;78;45.1;7.2;50;61;45.0;6.6;0;3;2
6285;43;17;4;1;0;-3;2;0;0;0;0;0;0;5;0;1;6;61;51;69;5;3584;27;1027;90.9;3.0;6.0;45.2;38.2;81;64;55.9;5.0;62;45;57.9;4.9;1;0;0
6286;140;140;7;0;2;1;0;0;0;0;1;0;0;8;1;2;2;59;53;61;4;5392;6;588;101.2;1.3;1.3;24.0;30.7;70;86;44.9;-3.4;50;66;43.1;-5.9;0;13;7
6289;127;31;6;2;2;2;2;1;2;0;0;0;0;12;2;1;3;71;60;79;15;5262;979;0;104.6;3.4;2.1;23.9;21.2;84;63;57.1;-5.2;53;46;53.5;-7.5;0;94;52
6290;156;154;7;2;1;0;4;0;0;0;0;0;0;13;1;8;3;63;61;66;18;8393;476;339;96.8;3.0;3.0;33.0;24.4;117;82;58.8;-2.4;89;66;57.4;-3.1;0;0;0
6291;143;18;7;3;0;-1;0;2;0;0;0;0;0;4;2;1;3;60;54;67;9;4596;855;0;102.0;2.3;3.1;21.9;36.0;49;91;35.0;-4.1;37;67;35.6;-5.7;1;60;18
6294;140;140;7;0;3;1;6;0;2;0;0;0;0;6;2;3;7;66;57;73;12;5876;727;566;102.7;1.8;1.2;23.9;24.5;66;78;45.8;-2.0;50;58;46.3;-1.4;0;15;5
6295;142;23;6;7;0;7;0;1;0;0;0;0;0;6;2;1;0;69;66;67;25;5566;1134;123;102.6;6.5;1.9;41.4;14.9;101;50;66.9;-0.7;79;34;69.9;4.3;0;2;0
6299;58;24;7;0;1;-1;4;0;1;0;0;0;0;15;4;1;20;69;49;88;8;6055;190;990;98.6;1.2;1.8;32.7;35.1;107;99;51.9;-2.4;76;74;50.7;-2.9;0;0;0
6300;150;150;7;1;1;-3;0;0;0;0;0;0;0;9;3;0;12;59;54;56;6;5663;131;925;101.0;3.2;5.1;24.2;42.0;67;100;40.1;-0.6;48;83;36.6;-3.9;0;18;6
6302;53;53;7;0;2;3;6;0;0;0;0;0;0;4;0;4;17;64;51;79;10;6714;3;1027;104.6;2.7;1.1;36.5;39.1;97;127;43.3;-0.1;78;98;44.3;1.2;0;0;0
6303;126;124;7;1;0;1;9;1;0;0;0;1;0;13;1;2;10;64;54;76;15;8222;394;1060;99.8;3.1;2.2;35.0;24.5;135;101;57.2;-1.4;105;79;57.1;-0.6;0;0;0
6305;148;148;7;0;0;-2;0;0;0;0;0;0;0;4;1;1;1;52;50;53;3;3498;0;458;95.8;2.1;4.1;24.7;32.9;42;58;42.0;-13.5;34;42;44.7;-11.7;0;7;0
6307;33;29;7;1;0;3;2;0;0;0;0;0;0;4;3;0;1;57;49;67;3;5221;0;316;109.1;2.8;0.7;24.8;34.5;57;100;36.3;-10.8;45;73;38.1;-8.5;0;0;0
6310;145;3;7;4;2;3;2;1;0;0;0;0;0;5;1;6;5;71;59;79;17;5251;803;127;100.5;5.5;3.4;30.9;19.9;92;59;60.9;2.2;65;42;60.7;3.8;1;69;34
6311;127;31;4;4;4;7;0;1;0;0;0;0;0;6;3;2;4;68;66;64;17;3914;843;44;121.7;8.3;1.8;29.4;28.5;62;57;52.1;-14.4;46;42;52.3;-9.9;0;4;3
6314;147;147;7;1;2;-1;2;0;1;0;0;0;0;6;1;1;6;59;54;60;8;5827;925;0;109.0;1.9;2.5;13.0;46.3;35;147;19.2;-5.1;28;107;20.7;-3.6;0;7;4
6315;0;0;7;0;0;-1;4;0;0;0;0;0;0;2;1;2;0;58;53;61;4;3991;0;127;96.3;0.0;0.9;28.0;24.4;61;54;53.0;6.8;42;37;53.2;8.4;0;43;28
6320;135;2;6;2;5;1;2;0;2;0;0;0;0;13;1;4;4;65;62;65;13;5269;311;688;96.5;4.8;4.1;38.9;26.0;95;65;59.4;3.7;77;51;60.2;4.5;1;19;8
6322;14;14;6;4;7;10;2;0;1;0;0;0;0;6;13;4;5;76;72;75;21;5599;994;11;117.3;7.1;0.6;37.3;38.6;81;102;44.3;-3.4;65;72;47.4;2.8;0;2;1
6324;149;149;7;0;2;-4;4;0;0;0;0;0;0;6;0;2;10;53;51;52;4;6932;53;517;100.3;3.1;5.2;21.3;36.3;71;127;35.9;-1.0;56;99;36.1;0.5;0;0;0
6325;128;128;6;3;0;1;0;0;0;0;0;0;0;6;0;3;6;61;58;61;9;4676;187;750;108.7;3.1;2.3;20.0;34.6;41;86;32.3;-4.2;32;63;33.7;-5.1;0;7;4
6326;144;8;7;5;1;2;6;0;0;0;0;0;0;3;3;1;2;63;55;66;13;3910;985;4;106.9;5.5;3.7;32.2;35.9;70;81;46.4;-10.0;51;54;48.6;-6.9;1;2;0
6329;25;25;7;2;1;-3;0;0;0;0;0;0;0;8;4;3;2;60;59;55;18;5021;128;906;92.6;3.6;5.7;30.8;30.1;65;69;48.5;0.6;53;48;52.5;5.1;0;15;6
6330;24;24;6;1;3;5;0;0;0;0;0;0;0;10;7;3;2;64;59;70;7;4760;0;412;112.4;4.5;0.8;31.8;40.1;72;90;44.4;-3.9;50;58;46.3;-1.2;1;7;2
6336;3;3;7;1;0;-7;0;0;0;0;0;0;0;10;0;2;10;58;55;57;14;7525;4;403;93.5;1.4;4.8;30.1;42.6;104;123;45.8;-2.5;79;102;43.6;-3.9;0;0;0
6341;147;147;7;2;0;-5;0;1;0;0;0;0;0;3;2;0;15;62;51;72;9;4727;977;79;94.3;0.8;4.6;17.5;45.7;32;133;19.4;-4.7;27;88;23.5;0.1;0;73;34
6342;126;126;7;0;2;-1;14;0;0;0;0;0;0;8;3;1;4;62;51;76;9;6890;27;902;96.7;1.6;2.1;33.4;26.1;123;83;59.7;2.4;84;63;57.1;-0.4;0;0;0
6343;140;17;7;1;0;-1;0;0;0;0;0;0;0;8;0;4;0;62;55;66;10;5170;50;553;100.9;1.4;2.1;20.9;36.2;67;81;45.3;-2.8;44;62;41.5;-7.8;0;18;8
6344;2;2;7;1;2;-1;4;0;1;0;0;0;0;10;5;0;1;63;60;60;8;6138;1087;0;98.3;2.3;2.9;27.6;28.7;76;72;51.4;-4.8;54;55;49.5;-7.6;0;0;0
6345;23;23;7;1;3;3;6;0;0;0;0;0;0;12;6;1;7;67;63;69;14;4333;127;1088;101.3;4.2;1.7;41.5;19.1;76;46;62.3;15.4;57;29;66.3;20.6;0;9;4
6346;31;31;7;0;2;3;4;0;0;0;0;0;0;10;0;1;7;60;52;70;10;7255;55;63;104.5;2.5;1.0;34.7;37.2;115;106;52.0;6.0;87;85;50.6;3.8;0;0;0
6347;149;149;7;1;3;-6;12;1;0;0;0;0;0;6;3;4;2;69;60;78;10;6357;1404;106;93.2;1.1;4.5;14.2;30.6;61;91;40.1;5.1;43;78;35.5;-0.4;0;107;54
6348;126;124;7;2;3;-6;2;0;0;0;0;0;0;8;4;4;8;66;61;68;9;5659;405;591;91.7;2.5;5.7;29.3;33.7;90;83;52.0;-8.2;64;66;49.2;-11.2;0;13;6
6349;151;152;7;1;0;-2;2;0;0;0;0;0;0;8;3;1;17;61;53;66;7;4852;89;925;95.1;1.5;3.0;25.2;27.5;66;68;49.3;4.1;51;51;50.0;6.4;0;65;23
6350;149;149;7;1;1;-2;2;0;0;0;0;0;0;5;3;4;3;62;53;67;4;4983;77;215;93.6;0.7;2.9;17.3;27.5;49;68;41.9;6.9;39;57;40.6;6.3;0;3;1
6353;125;125;4;1;1;-3;0;0;1;0;0;0;0;12;1;1;2;66;65;60;10;2983;655;30;91.9;1.2;4.8;25.3;37.4;37;45;45.1;-7.2;30;35;46.2;-7.7;0;0;0
6354;139;139;6;0;1;2;0;0;0;0;0;0;0;4;1;0;1;64;58;65;7;4583;100;735;107.5;2.4;0.8;22.8;27.5;55;62;47.0;0.8;38;48;44.2;-3.9;0;8;5
6355;139;139;6;2;2;1;2;0;0;0;1;0;0;14;4;2;2;64;59;65;5;3894;93;693;102.5;4.6;4.6;26.8;31.4;48;53;47.5;1.4;40;42;48.8;2.1;0;8;4
6356;147;9;7;1;6;-2;4;0;2;0;0;0;0;13;6;4;9;66;51;77;4;5379;81;1133;114.2;3.3;4.7;14.1;48.9;35;128;21.5;-1.9;28;94;23.0;-0.6;0;77;28
6357;140;17;7;2;3;0;0;0;0;0;0;0;0;2;1;0;1;61;60;52;17;6264;880;0;92.7;4.0;3.4;43.1;20.7;131;68;65.8;10.8;105;50;67.7;11.8;1;0;0
6358;145;3;5;0;5;4;0;0;0;0;0;0;0;8;3;8;5;65;52;77;13;5556;92;584;100.9;6.5;3.9;35.0;22.0;109;60;64.5;13.8;77;51;60.2;8.2;0;0;0
6359;10;10;7;1;2;-3;4;0;0;0;0;0;0;14;1;6;9;63;59;67;17;7060;114;136;92.3;2.5;4.1;38.8;28.6;121;88;57.9;11.9;93;67;58.1;13.6;0;0;0
6360;1;1;7;3;6;7;4;0;0;0;0;0;0;6;10;2;2;62;63;56;16;6582;30;104;110.2;6.6;2.7;37.2;36.6;105;107;49.5;-0.0;77;80;49.0;-4.1;0;3;2
6361;1;1;7;1;4;2;2;0;0;0;1;0;0;0;4;7;6;63;57;67;10;5236;0;373;101.5;2.7;2.1;36.4;34.4;90;87;50.8;1.7;63;55;53.4;1.9;0;62;34
6362;134;134;6;0;0;-4;6;0;0;0;0;0;0;8;1;1;2;56;53;58;8;4757;376;23;90.0;0.0;3.0;30.3;30.3;66;83;44.3;-2.9;50;61;45.0;-1.8;0;71;32
6363;36;36;7;1;0;-1;2;0;0;0;0;0;0;3;0;1;4;58;53;61;8;4599;185;431;97.7;1.6;2.3;28.2;29.7;60;75;44.4;3.2;44;52;45.8;4.9;0;56;32
6369;150;150;7;0;3;-2;2;0;0;0;0;0;0;15;0;4;12;70;53;81;12;7247;394;760;101.5;4.0;5.0;23.8;32.8;90;123;42.3;2.6;61;88;40.9;2.3;0;0;0
6370;55;9;7;1;2;2;0;0;0;0;0;0;0;3;1;0;11;62;55;68;7;3839;346;1270;103.6;4.7;2.8;39.4;33.8;63;60;51.2;-2.8;51;47;52.0;-2.6;0;60;29
6375;149;149;7;0;0;-11;2;0;0;0;0;0;0;10;2;3;4;66;54;74;8;7661;824;589;91.9;0.9;5.6;16.9;41.4;71;135;34.5;-3.3;50;110;31.3;-7.4;0;0;0
6376;133;26;7;4;4;6;2;0;0;0;0;0;0;10;5;2;4;68;63;71;13;5713;960;278;108.0;6.3;2.5;34.0;23.9;102;71;59.0;0.9;75;51;59.5;-0.0;0;97;56
6379;134;134;6;2;0;-1;0;0;0;0;0;0;0;4;3;0;0;52;50;48;5;4371;55;0;99.3;1.6;2.5;24.7;33.8;49;70;41.2;-6.7;36;53;40.4;-7.6;0;4;2
6381;27;27;7;2;2;5;5;0;0;0;0;1;1;6;2;3;3;68;61;72;6;5689;535;22;112.3;4.4;1.3;27.8;34.8;69;86;44.5;-0.2;55;58;48.7;5.5;0;76;48
6383;126;126;7;0;1;-2;2;0;0;0;0;0;0;10;5;3;10;59;52;65;11;6726;487;397;95.6;3.7;4.8;32.1;30.0;114;99;53.5;-6.7;88;72;55.0;-3.6;0;1;0
6387;137;137;7;0;3;-1;0;0;0;0;0;0;0;11;4;4;11;58;50;64;5;8030;133;653;104.8;3.1;3.6;19.7;32.3;87;127;40.7;1.8;61;98;38.4;-2.4;0;0;0
6389;133;133;7;3;1;5;4;0;0;0;0;0;0;1;1;0;0;58;55;57;9;4029;0;0;109.2;6.3;1.8;39.3;26.8;65;49;57.0;-1.6;56;38;59.6;0.1;1;2;2
6391;148;30;2;0;0;-3;2;0;0;0;0;0;0;2;1;1;1;54;49;62;2;1933;27;143;87.0;0.0;5.6;22.3;42.8;22;35;38.6;-9.9;17;27;38.6;-9.9;0;0;0
6392;137;137;7;2;1;-3;9;0;0;0;0;1;0;11;3;2;10;60;56;63;8;6465;948;253;100.0;2.2;3.9;20.6;36.2;65;125;34.2;-7.5;48;97;33.1;-9.9;0;16;9
6393;149;149;7;2;2;-2;6;0;0;0;0;0;0;11;0;1;4;61;55;66;5;4923;741;0;103.5;2.2;2.9;18.3;34.4;47;88;34.8;-2.3;35;67;34.3;-2.0;0;10;7
6397;149;149;7;1;1;-5;12;1;0;0;0;0;0;7;2;2;2;61;56;66;9;4473;407;116;88.6;0.8;4.8;18.5;30.6;44;60;42.3;7.2;34;50;40.5;5.8;0;5;2
6399;12;12;6;0;2;-6;4;0;1;0;0;0;0;6;8;3;1;60;60;56;9;4762;1199;91;83.3;3.0;6.0;40.1;24.9;72;54;57.1;2.1;58;40;59.2;1.5;0;6;2
6400;47;47;3;0;0;-6;12;0;0;0;0;0;0;4;0;0;4;51;51;41;1;1850;0;178;78.6;0.0;11.7;7.8;54.5;9;53;14.5;-20.7;7;40;14.9;-18.3;0;7;3
6401;26;26;7;3;2;-3;2;2;0;0;0;0;0;5;6;9;2;66;62;70;17;7235;867;154;95.0;2.0;3.5;33.3;31.8;104;96;52.0;5.6;81;76;51.6;4.9;1;83;46
6402;147;9;7;0;2;-5;10;0;1;0;0;0;0;16;1;4;8;71;57;84;6;5663;260;867;93.4;0.6;3.8;14.6;35.0;45;105;30.0;9.1;35;85;29.2;7.6;0;109;55
6405;138;138;6;0;1;0;0;0;0;0;0;0;0;9;2;0;4;60;50;71;8;5753;0;560;100.1;1.9;1.9;31.9;32.5;91;85;51.7;-2.6;70;71;49.6;-5.1;0;0;0
6406;148;30;7;2;2;-3;14;0;0;0;0;0;0;17;3;2;1;64;59;67;14;4924;1040;79;91.2;2.9;4.4;35.1;25.6;83;62;57.2;4.8;62;46;57.4;3.4;0;1;1
6408;138;138;6;2;1;1;0;1;0;0;0;0;0;8;2;3;2;65;57;69;13;4971;326;386;101.8;1.4;0.7;30.4;24.6;80;68;54.1;0.8;65;52;55.6;3.6;1;5;2
6412;128;128;6;0;1;-3;16;0;0;0;0;0;0;15;3;0;0;52;51;50;6;4840;57;188;97.2;2.2;4.5;29.0;42.4;62;107;36.7;1.6;50;78;39.1;2.0;0;5;5
6415;17;17;7;0;2;-5;2;0;0;0;0;0;0;7;2;3;8;58;58;57;17;6590;1368;94;101.9;4.4;6.0;30.6;48.6;94;122;43.5;-2.3;69;98;41.3;-2.7;0;0;0
6416;150;150;7;3;2;2;2;0;1;0;0;0;0;5;2;2;4;61;55;68;16;4352;1200;50;115.5;4.1;2.5;19.0;39.7;49;89;35.5;-6.5;33;64;34.0;-6.9;0;6;4
6417;137;137;7;2;0;-1;2;0;0;0;0;0;0;5;3;1;8;67;57;77;12;5272;147;350;102.1;1.4;2.0;16.4;32.8;49;82;37.4;-2.6;35;60;36.8;-3.9;0;9;7
6418;150;150;7;4;1;1;6;0;0;0;0;0;0;11;4;0;7;69;56;65;10;5862;155;139;102.7;3.1;2.5;24.6;25.2;67;79;45.9;7.0;53;56;48.6;12.1;1;6;4
6420;21;21;7;1;1;-5;4;0;0;0;0;0;0;9;2;2;6;57;55;57;9;7072;386;444;98.8;2.0;4.6;18.3;37.2;67;112;37.4;-17.6;41;85;32.5;-21.1;0;1;0
6423;137;137;7;0;0;0;2;0;0;0;0;0;0;4;2;1;4;61;54;68;7;6311;380;374;101.2;1.7;1.7;29.7;37.6;76;120;38.8;-1.0;64;92;41.0;1.5;0;0;0
6424;45;28;5;2;4;4;6;0;1;0;0;0;0;4;1;1;4;71;66;72;17;4032;1090;30;105.9;5.4;1.8;36.6;20.5;74;47;61.2;3.2;54;31;63.5;4.8;0;3;3
6426;28;28;6;0;5;1;6;0;0;0;0;0;0;7;5;4;5;66;63;65;6;5700;471;174;98.3;3.8;3.2;40.4;28.4;85;68;55.6;1.8;71;54;56.8;2.5;0;59;31
6427;137;137;7;1;0;1;0;0;0;0;0;0;0;15;6;0;9;57;48;62;4;7628;118;512;104.6;2.8;2.4;25.0;34.9;86;136;38.7;-1.1;67;97;40.9;1.3;0;0;0
6429;47;47;5;0;1;-5;4;0;0;0;0;0;0;3;0;0;3;61;55;64;6;3060;419;85;90.5;1.2;7.1;20.0;45.9;34;71;32.4;-4.7;24;58;29.3;-4.4;0;41;23
6431;7;7;6;10;3;7;7;1;1;0;0;1;0;7;5;2;0;78;86;64;29;5898;1531;148;108.0;6.7;2.4;45.2;35.4;103;92;52.8;-2.6;82;76;51.9;-3.7;1;13;5
6432;8;8;7;2;5;4;6;1;1;0;0;0;0;7;8;7;2;65;60;70;12;5977;1027;83;106.4;5.4;3.0;34.3;31.9;91;82;52.6;-10.2;67;66;50.4;-14.1;1;115;65
6433;30;30;7;0;4;-1;11;0;3;0;0;1;0;11;7;4;3;69;63;78;9;5616;1046;975;99.0;1.3;1.9;22.4;28.8;58;74;43.9;-0.0;44;53;45.4;-0.9;0;99;49
6434;17;17;7;5;2;0;2;2;1;0;0;0;0;4;3;4;4;69;66;69;12;6808;1132;371;103.3;3.2;2.1;32.8;33.3;107;104;50.7;8.1;72;74;49.3;8.6;0;106;46
6435;152;152;6;1;0;-2;6;0;0;0;0;0;0;18;2;4;6;67;63;68;25;6746;1082;1077;97.9;1.6;2.7;29.3;35.2;76;88;46.3;4.4;60;73;45.1;-0.2;0;0;0
6436;24;24;6;1;2;3;0;0;0;0;0;0;0;10;0;4;13;68;60;77;14;6787;316;426;104.6;3.2;1.6;33.9;33.4;93;104;47.2;0.1;72;74;49.3;3.4;0;0;0
6437;31;31;6;5;2;-1;4;0;0;0;0;0;0;10;8;2;6;66;67;57;20;5273;322;131;95.2;6.1;6.8;38.2;32.8;81;80;50.3;-5.5;63;60;51.2;-5.4;1;3;2
6438;18;18;6;1;3;1;0;0;0;0;0;0;0;4;1;4;3;61;56;65;19;6349;95;236;101.2;2.8;2.3;34.6;32.3;95;84;53.1;-1.7;70;68;50.7;-6.4;0;0;0
6439;3;3;7;1;2;-2;6;0;0;0;0;0;0;3;4;4;5;57;53;61;5;4390;21;383;100.6;3.3;4.9;24.6;38.5;49;73;40.2;-8.9;36;53;40.4;-6.9;0;53;25
6440;10;10;7;3;0;-3;0;0;0;0;0;0;0;2;4;2;1;55;53;58;6;4031;0;11;94.5;2.7;5.4;29.5;36.6;55;69;44.4;-6.7;39;50;43.8;-6.3;0;54;29
6441;10;10;7;0;1;-5;2;0;0;0;0;0;0;13;3;5;12;61;55;64;16;8244;478;666;92.1;2.2;4.4;36.7;31.4;138;117;54.1;7.1;105;86;55.0;9.8;0;0;0
6442;45;28;7;4;2;-3;2;1;0;0;0;0;0;11;2;2;3;71;65;71;18;5612;822;809;87.0;2.6;4.5;31.4;21.2;96;56;63.2;9.6;69;38;64.5;11.4;0;100;56
6444;23;23;7;1;3;0;0;0;0;0;0;0;0;9;12;6;3;63;58;67;25;5157;441;1046;95.9;4.9;4.9;48.2;34.2;100;74;57.5;10.5;81;60;57.4;11.5;0;23;6
6445;9;9;7;0;2;-2;6;0;0;0;0;0;0;20;4;6;4;70;64;77;15;6605;963;653;96.9;3.3;4.4;39.2;38.1;103;98;51.2;4.5;84;81;50.9;4.0;0;12;6
6447;9;9;7;2;3;1;9;0;1;0;0;1;0;11;7;2;0;67;62;71;23;6025;992;20;99.8;3.0;1.8;37.6;22.1;94;60;61.0;6.2;73;44;62.4;8.9;1;67;33
6448;18;18;7;2;3;2;0;0;0;1;0;0;0;10;6;5;5;66;60;67;12;6884;159;343;99.9;4.7;3.7;36.6;28.2;120;80;60.0;8.2;90;63;58.8;7.8;0;73;44
6449;14;14;6;1;5;1;2;0;0;0;0;0;0;11;1;4;11;72;66;74;14;5001;259;842;101.3;4.3;3.6;38.9;36.7;81;82;49.7;4.1;57;60;48.7;4.3;0;14;7
6450;30;30;7;1;0;-2;12;0;0;0;0;2;0;24;12;3;4;71;63;76;12;5585;218;570;91.7;2.6;3.9;29.0;22.6;69;57;54.8;14.1;57;41;58.2;16.0;0;15;6
6451;25;25;7;2;2;-5;0;0;0;0;0;0;0;9;10;4;4;63;63;60;14;6814;288;965;96.1;3.2;5.8;30.1;40.1;89;115;43.6;-6.4;63;87;42.0;-9.2;0;1;0
6452;7;7;4;0;2;0;5;0;0;0;0;1;1;3;1;1;2;63;60;59;4;1720;0;7;90.0;6.3;6.3;48.1;27.2;34;30;53.1;-1.4;27;16;62.8;8.2;0;6;1
6453;29;29;6;1;3;2;2;0;0;0;0;0;0;10;4;1;0;64;58;68;5;2752;0;1187;104.8;5.2;2.6;35.3;26.2;46;34;57.5;4.3;33;24;57.9;5.4;0;2;2
6454;155;154;7;2;2;5;6;0;0;0;0;0;0;9;0;0;3;63;60;62;17;4822;54;432;109.6;3.7;0.0;38.8;17.9;88;40;68.8;3.3;69;35;66.3;-0.4;0;3;1
6455;131;1;7;6;4;7;4;1;0;0;0;0;0;12;3;1;5;73;73;67;25;7273;723;368;97.8;5.9;2.5;47.5;16.8;169;64;72.5;4.8;124;47;72.5;4.7;2;5;2
6456;24;24;6;1;5;-2;5;1;2;0;0;1;0;11;0;4;12;68;66;70;11;5868;1305;424;104.2;4.3;4.3;27.0;36.8;81;89;47.6;0.7;54;65;45.4;-2.6;0;0;0
6457;27;27;7;2;4;2;0;0;2;0;0;0;0;6;5;7;6;75;77;69;28;5512;1217;13;105.4;4.6;3.3;33.3;39.2;82;94;46.6;2.5;63;65;49.2;6.5;1;2;1
6458;2;2;7;2;2;-6;4;1;1;0;1;0;0;16;1;4;4;61;62;58;13;7463;327;399;89.9;2.4;5.8;28.9;31.4;106;99;51.7;-5.0;75;73;50.7;-6.9;1;0;0
6459;14;14;6;0;2;-2;2;0;0;0;0;0;0;8;8;2;4;60;56;62;14;5664;41;177;96.0;1.9;3.2;37.5;35.0;102;83;55.1;12.1;71;65;52.2;9.5;0;5;2
6460;55;9;6;5;1;4;2;2;0;0;0;0;0;8;1;2;4;70;64;75;22;4752;1121;36;107.8;3.0;0.0;38.6;25.0;83;70;54.2;-2.0;67;51;56.8;-0.7;1;3;2
6461;139;19;6;4;1;-2;4;0;1;0;0;0;0;12;6;4;2;69;58;76;17;4778;1032;547;88.6;3.0;4.5;30.1;21.1;61;62;49.6;4.3;48;41;53.9;9.0;0;9;4
6462;152;152;7;0;1;-3;2;0;0;0;0;0;0;10;2;1;13;54;49;59;6;6928;21;620;92.9;2.1;4.2;33.3;31.2;106;104;50.5;4.5;71;70;50.4;6.0;0;0;0
6463;53;8;7;1;3;2;16;0;0;0;0;0;0;3;1;2;5;68;62;70;12;6577;514;766;106.1;3.3;2.2;28.5;40.0;91;132;40.8;-3.7;71;99;41.8;-2.5;0;50;23
6465;1;1;7;0;2;-1;2;0;0;0;0;0;0;9;9;3;7;64;57;70;11;5546;4;579;97.4;1.9;2.6;36.3;32.5;87;97;47.3;-3.0;66;57;53.7;2.2;0;22;13
6466;20;20;7;1;0;0;2;0;0;0;0;0;0;11;8;5;7;70;62;76;9;7335;993;0;100.1;2.0;2.0;29.0;29.4;93;92;50.3;1.6;71;69;50.7;2.4;0;3;2
6467;43;17;7;1;0;-9;6;0;0;0;0;0;0;11;0;2;20;55;50;61;9;6741;140;1597;85.0;1.1;5.9;25.1;30.4;85;95;47.2;-3.9;63;72;46.7;-6.0;0;0;0
6468;1;1;7;3;2;5;0;1;0;1;0;0;0;4;4;4;2;67;63;72;18;5927;89;180;107.7;3.6;0.6;39.5;38.9;97;112;46.4;-4.3;72;69;51.1;-1.2;2;0;0
6470;3;3;7;1;4;-9;14;1;2;0;1;1;0;10;6;8;4;66;59;70;11;6504;1802;537;92.1;1.1;5.0;34.9;44.8;97;110;46.9;-0.8;70;92;43.2;-4.3;0;94;49
6473;141;25;6;2;4;-1;2;0;0;0;0;0;0;6;3;1;5;73;65;79;27;6068;634;334;96.6;3.0;3.0;39.7;27.3;118;83;58.7;-1.3;89;62;58.9;-1.0;1;101;46
6474;130;14;3;0;0;-2;0;0;0;0;0;0;0;6;0;0;1;67;60;68;8;2629;224;196;89.5;0.0;2.7;41.1;26.0;52;34;60.5;0.5;34;25;57.6;-4.3;0;2;1
6475;134;21;6;2;0;-3;2;0;0;1;0;0;0;10;1;2;11;78;63;91;14;6242;796;645;92.8;1.2;3.5;28.3;30.6;81;103;44.0;-3.6;62;73;45.9;-0.6;0;0;0
6476;139;19;6;0;1;-2;4;0;1;0;0;0;0;11;2;3;2;66;57;74;9;4801;542;109;95.6;0.7;2.2;21.7;28.5;54;63;46.2;-0.4;39;50;43.8;-4.5;0;54;35
6477;59;1;4;1;1;2;2;0;0;0;0;0;0;4;0;1;0;60;58;56;4;2848;40;102;114.3;2.5;0.0;17.7;21.5;35;26;57.4;6.7;20;23;46.5;-5.8;0;3;3
6478;151;152;7;4;1;2;0;1;0;0;1;0;0;8;2;3;5;68;62;73;21;7799;1020;416;103.4;2.8;2.3;24.5;29.1;100;115;46.5;0.7;76;88;46.3;2.0;1;0;0
6479;156;154;7;0;0;-1;2;0;0;0;0;0;0;22;1;7;7;64;54;75;9;8022;173;749;95.7;0.9;1.3;30.1;18.4;105;62;62.9;3.9;80;47;63.0;5.4;0;0;0
6480;156;154;7;0;0;-3;4;0;0;0;0;0;0;10;8;2;1;58;52;60;11;4263;52;369;88.0;0.0;2.5;23.6;21.1;39;36;52.0;-9.6;31;29;51.7;-9.0;0;22;8
6481;34;2;7;1;1;-2;2;1;0;0;0;0;0;10;0;2;5;77;62;85;13;5737;1616;99;97.3;1.3;2.5;31.4;37.7;101;106;48.8;-3.1;71;84;45.8;-4.2;0;124;59
6482;139;19;4;0;3;1;2;0;0;0;0;0;0;2;1;3;4;61;52;69;7;3843;17;461;97.8;1.9;1.9;29.0;21.5;42;40;51.2;17.0;36;30;54.5;19.8;0;0;0
6483;55;9;5;0;2;0;0;0;0;0;0;0;0;3;0;1;9;65;51;81;13;4670;0;587;97.4;2.3;2.3;37.0;26.2;78;73;51.7;-3.5;64;56;53.3;0.2;0;0;0
6484;125;124;7;3;2;2;8;1;0;0;0;0;0;6;2;2;5;76;64;84;25;6911;1635;411;102.2;4.7;3.1;37.5;30.2;116;98;54.2;4.7;96;79;54.9;4.3;1;0;0
6487;56;21;6;2;2;4;14;0;0;1;0;0;0;8;0;4;4;70;64;73;17;4588;119;802;104.0;3.1;0.8;36.9;17.3;87;44;66.4;8.0;66;33;66.7;7.3;0;4;3
6489;156;154;7;2;5;0;6;0;0;0;0;0;0;18;7;8;7;74;70;76;22;7704;399;800;92.1;3.7;3.7;39.3;21.5;122;69;63.9;5.8;93;52;64.1;7.6;0;25;11
6490;135;2;6;0;7;-3;0;0;1;0;0;0;0;6;0;4;2;72;67;72;10;5114;748;99;90.0;4.2;6.3;28.2;25.3;91;53;63.2;8.7;71;43;62.3;7.2;0;10;5
6492;132;12;7;0;3;0;6;0;0;0;0;0;0;9;0;5;3;60;57;59;6;7116;135;272;94.6;5.1;5.1;31.9;23.8;98;86;53.3;0.3;73;62;54.1;1.2;0;3;1
6494;148;30;2;0;1;0;0;0;1;0;0;0;0;3;0;0;0;66;55;75;2;1894;297;109;99.2;3.8;3.8;43.7;39.9;36;28;56.3;-3.3;29;22;56.9;-4.0;0;0;0
6496;148;30;4;1;1;-5;0;0;0;0;0;0;0;7;1;5;11;74;54;90;8;4401;434;155;86.9;1.6;5.7;33.5;31.9;72;70;50.7;0.9;59;48;55.1;6.2;0;0;0
6497;55;9;5;0;0;-4;4;0;0;0;0;0;0;5;2;2;9;65;49;83;10;4986;52;572;92.7;0.7;3.6;20.2;33.2;57;81;41.3;-10.6;38;61;38.4;-16.0;0;0;0
6498;24;24;7;1;2;-2;4;0;0;0;0;0;0;5;3;5;19;61;52;74;17;9061;206;462;99.3;2.4;2.8;35.0;36.9;140;150;48.3;-2.1;107;103;51.0;-1.6;1;0;0
6499;139;19;5;0;0;-5;2;0;0;0;0;0;0;8;2;3;16;63;48;82;3;5318;215;714;89.5;0.7;4.1;23.7;30.5;65;92;41.4;-11.0;50;69;42.0;-11.8;0;0;0
6500;40;20;6;0;0;-9;2;0;0;0;0;0;0;7;0;2;18;60;50;71;6;5512;41;1256;85.7;0.0;5.9;21.6;41.1;58;109;34.7;-3.2;41;89;31.5;-8.5;0;6;0
6501;27;27;7;1;1;-3;4;0;0;1;0;0;0;9;1;3;25;61;51;74;11;7762;110;761;95.7;2.3;4.2;26.4;32.0;106;129;45.1;0.6;76;84;47.5;4.6;1;0;0
6502;41;41;7;3;2;1;2;0;0;0;0;0;0;4;0;3;6;66;60;71;8;4813;863;27;99.9;3.7;3.0;32.9;26.2;80;75;51.6;4.3;61;53;53.5;4.5;0;7;2
6504;30;30;7;0;5;1;4;0;0;0;0;0;0;12;6;3;4;64;58;65;6;5330;22;121;99.4;3.4;2.7;31.1;23.6;65;64;50.4;8.5;55;40;57.9;15.5;0;3;2
6505;126;124;7;2;5;2;10;1;0;0;0;0;0;13;4;3;0;69;68;66;13;6801;147;726;99.8;3.2;2.1;34.9;22.8;123;79;60.9;4.1;86;58;59.7;3.2;0;20;9
6506;36;3;6;1;1;0;2;0;0;0;0;0;0;8;1;2;4;64;52;77;10;6135;319;399;99.7;2.3;2.3;29.9;28.8;85;81;51.2;9.0;66;69;48.9;6.6;0;0;0
6507;14;14;6;3;4;5;17;1;1;0;0;1;1;6;7;3;6;67;60;73;17;6205;759;184;106.7;4.1;1.2;39.4;31.9;103;95;52.0;7.9;76;69;52.4;10.1;0;104;61
6508;148;30;5;1;2;3;2;0;0;0;0;0;0;7;2;0;6;62;53;68;9;5205;100;282;104.6;4.1;2.1;36.0;29.7;84;79;51.5;-2.2;67;57;54.0;-0.6;0;0;0
6509;17;17;7;1;1;-1;4;0;0;0;1;0;0;8;5;3;2;60;55;66;2;3539;107;837;99.1;3.1;5.1;30.5;46.8;39;64;37.9;-8.5;33;54;37.9;-6.3;0;53;25
6510;142;23;7;2;4;3;2;0;1;0;0;0;0;10;3;3;2;70;60;76;14;4965;778;254;105.0;3.6;1.5;34.8;26.8;99;61;61.9;-6.6;63;51;55.3;-13.9;1;67;29
6512;156;154;7;2;4;-2;2;0;0;0;0;0;0;7;5;3;7;53;50;56;14;6893;76;844;93.1;2.6;3.7;36.6;26.1;107;72;59.8;-0.7;79;56;58.5;-1.2;1;0;0
6513;138;24;6;3;1;2;4;1;0;1;0;0;0;9;2;2;6;71;62;75;18;5709;1380;202;101.3;2.5;1.9;34.7;31.5;94;87;51.9;-2.3;75;66;53.2;0.3;0;110;60
6518;136;10;6;0;1;-4;2;0;0;0;0;0;0;3;1;3;0;60;53;66;8;4691;593;0;89.7;0.0;3.1;19.2;29.9;47;77;37.9;-10.6;32;61;34.4;-14.8;0;15;2
6519;36;3;7;0;2;0;0;0;0;0;0;0;0;9;1;2;2;65;58;67;15;6266;196;235;99.1;1.7;1.7;31.6;27.0;100;86;53.8;12.3;73;68;51.8;10.7;0;5;4
6521;123;31;5;2;8;7;2;0;3;0;0;0;0;6;1;0;1;69;62;70;8;3318;670;236;119.9;9.8;2.2;31.5;19.5;43;52;45.3;-9.3;38;37;50.7;-4.4;0;61;33
6522;1;1;7;0;3;-2;0;0;1;0;0;0;0;4;3;1;3;58;57;54;8;3829;169;0;95.2;3.8;4.7;45.1;35.7;69;64;51.9;2.9;58;45;56.3;5.4;0;1;1
6523;129;27;7;2;0;-5;2;0;0;0;0;0;0;3;1;6;8;77;58;87;21;6452;1457;706;90.4;2.2;5.0;31.8;30.1;92;108;46.0;5.0;74;75;49.7;8.5;0;25;14
6525;145;3;7;3;1;1;12;0;0;0;0;0;0;4;2;3;5;64;57;71;8;5250;0;930;98.7;3.4;2.7;31.5;22.6;92;67;57.9;-1.8;68;53;56.2;-2.2;0;52;22
6528;1;1;7;1;3;1;4;0;1;0;0;0;0;5;1;7;14;63;57;69;19;7886;55;301;101.1;3.2;2.7;36.5;35.6;115;135;46.0;-5.3;88;91;49.2;-4.2;0;0;0
6529;127;31;7;1;2;2;0;0;0;0;0;0;0;8;0;3;5;64;60;65;6;4353;410;270;106.8;3.3;0.8;30.6;20.7;76;45;62.8;7.0;56;34;62.2;7.5;0;8;6
6530;37;27;4;0;0;-1;4;0;0;0;0;0;0;6;0;5;11;68;50;89;4;3424;0;547;103.6;3.2;4.2;21.0;36.8;36;65;35.6;0.4;26;49;34.7;0.7;0;0;0
6532;130;14;5;1;1;-1;2;0;0;0;0;0;0;9;0;1;5;64;63;57;6;4164;0;696;91.5;2.6;3.5;49.3;25.1;86;55;61.0;4.4;70;38;64.8;8.6;0;4;2
6533;62;31;6;1;1;-2;4;1;1;0;0;0;0;8;0;1;3;71;67;70;20;4493;1727;0;94.0;0.8;2.4;28.0;27.2;66;53;55.5;-2.0;49;40;55.1;-2.8;0;50;25
6535;127;31;6;2;1;2;0;0;0;0;0;0;0;3;3;2;1;64;60;65;13;5135;269;79;99.8;2.8;1.4;33.0;16.1;96;57;62.7;5.4;71;37;65.7;11.0;0;19;9
6536;48;14;7;5;0;5;2;0;0;0;0;0;0;7;0;3;4;66;63;66;15;6180;255;499;103.4;4.7;1.7;39.6;21.0;115;69;62.5;12.1;89;50;64.0;14.2;0;14;6
6537;33;12;7;1;0;0;2;0;0;0;0;0;0;9;4;1;6;57;51;58;7;4863;6;834;100.4;1.5;1.5;30.4;33.3;77;74;51.0;8.1;58;57;50.4;7.3;0;15;8
6540;57;12;6;0;3;-1;4;0;0;0;1;0;0;7;1;1;15;65;52;77;7;5884;0;1361;94.3;3.1;4.3;26.9;25.1;97;69;58.4;4.0;64;57;52.9;-0.9;0;0;0
6541;133;26;7;0;1;-3;2;0;0;0;0;0;0;16;0;5;2;67;57;70;9;5089;95;636;88.5;1.4;3.5;34.0;22.6;78;53;59.5;1.5;58;45;56.3;-4.0;0;87;38
6542;153;152;5;2;2;2;4;0;0;0;0;0;0;1;1;1;0;59;56;60;8;2832;47;209;101.8;5.1;2.5;48.3;29.2;56;30;65.1;12.2;45;28;61.6;7.6;0;7;4
6544;153;153;2;0;1;0;0;0;0;0;0;0;0;1;0;0;0;55;59;43;1;834;0;254;104.0;8.6;8.6;38.8;47.5;17;17;50.0;4.9;11;15;42.3;-3.8;0;5;4
6546;132;12;7;2;5;-4;2;0;0;0;0;0;0;11;2;5;3;66;62;60;13;5994;264;706;92.9;3.6;6.0;28.8;30.6;83;85;49.4;-5.0;66;65;50.4;-3.9;1;83;38
6547;148;30;4;0;2;0;0;0;0;0;0;0;0;4;0;2;8;65;51;79;9;3776;0;384;97.4;2.9;2.9;35.3;26.7;71;48;59.7;-0.0;52;34;60.5;0.2;0;0;0
6548;48;14;7;0;4;2;14;0;0;0;0;0;0;3;1;2;14;65;54;74;7;5740;0;994;101.2;2.5;1.3;32.0;18.8;95;62;60.5;8.7;70;43;61.9;10.3;0;48;20
6549;1;1;7;0;3;9;2;0;0;0;0;0;0;2;1;6;15;62;51;76;11;6822;30;685;109.5;6.3;1.6;42.7;29.6;120;96;55.6;8.5;92;69;57.1;7.4;0;0;0
6550;9;9;6;0;2;-3;2;0;0;0;0;0;0;11;0;6;1;61;58;61;12;6339;185;198;97.1;2.8;4.5;28.4;35.2;80;91;46.8;-12.1;61;75;44.9;-14.5;0;0;0
6551;23;23;7;0;3;3;2;0;0;0;0;0;0;13;2;5;13;65;56;76;9;5706;0;1005;105.4;3.2;1.3;34.7;34.1;90;87;50.8;1.4;65;63;50.8;1.9;0;0;0
6552;132;12;7;0;0;-1;4;0;0;0;0;0;0;4;2;5;15;65;49;82;3;6678;0;535;96.2;2.7;3.2;29.1;24.8;102;90;53.1;0.1;81;65;55.5;3.3;0;1;1
6553;132;12;7;0;1;-2;0;0;0;0;0;0;0;8;4;0;4;59;52;66;13;7350;91;506;98.0;3.4;4.4;27.9;30.9;102;109;48.3;-7.1;77;82;48.4;-7.1;0;0;0
6554;36;3;5;0;0;-5;2;0;0;0;0;0;0;6;1;0;9;56;49;67;6;5562;0;869;93.2;1.3;4.5;24.6;37.5;67;105;39.0;-6.0;47;80;37.0;-9.4;0;0;0
6555;136;10;6;2;2;0;0;0;0;0;0;0;0;8;0;2;4;62;59;59;7;4203;227;35;101.3;4.3;4.3;27.4;30.0;59;62;48.8;3.6;43;50;46.2;0.7;0;5;3
6556;132;12;7;2;2;1;0;0;0;0;0;0;0;11;2;0;6;64;52;74;12;8221;108;750;98.2;4.8;4.4;32.4;26.3;128;103;55.4;3.7;98;82;54.4;2.0;0;0;0
6558;151;152;5;1;4;2;0;0;0;0;0;0;0;2;4;1;8;73;66;74;8;4189;497;482;106.2;2.6;0.9;26.6;24.9;55;53;50.9;2.0;43;39;52.4;4.3;0;7;2
6559;156;154;7;1;2;1;0;0;0;0;0;0;0;12;9;2;5;63;57;64;7;6715;0;810;100.3;3.2;2.7;30.0;25.7;84;71;54.2;-8.7;63;54;53.8;-7.7;0;7;5
6562;34;2;4;2;1;1;0;0;0;0;0;0;0;5;0;0;2;63;59;63;6;2285;76;202;105.6;3.2;1.6;36.2;50.4;39;55;41.5;-8.1;31;44;41.3;-7.4;0;34;15
6565;20;20;7;1;3;1;4;0;0;0;0;0;0;8;12;5;4;71;68;75;16;7847;1015;1019;101.2;1.8;1.8;28.0;33.9;95;110;46.3;-4.5;73;86;45.9;-5.0;0;1;1
6566;32;23;7;1;0;4;4;0;0;0;0;0;0;12;1;7;26;69;52;87;10;7503;129;1486;103.0;3.8;1.9;35.0;24.0;133;100;57.1;12.1;101;78;56.4;8.7;0;0;0
6567;7;7;3;0;3;6;2;0;0;0;0;0;0;0;0;0;3;60;53;65;7;2935;0;78;114.0;7.4;0.0;52.7;27.0;62;39;61.4;10.4;48;27;64.0;8.6;0;0;0
6572;104;104;7;3;6;6;6;0;2;1;0;0;0;4;0;1;1;79;74;80;17;6273;609;829;95.7;5.2;2.3;35.0;12.1;130;46;73.9;11.5;89;32;73.6;12.6;0;102;54
6574;92;124;7;1;2;-5;14;0;2;0;0;2;1;6;4;5;17;72;58;85;20;6105;2064;649;97.4;1.2;4.1;18.3;45.4;64;133;32.5;4.6;45;102;30.6;2.4;0;75;39
6576;96;26;7;3;2;-5;0;3;2;0;0;0;0;9;3;5;15;71;60;80;27;6503;2013;810;88.9;1.1;3.9;32.1;26.6;97;89;52.2;14.2;70;62;53.0;15.7;0;14;7
6582;95;30;7;2;7;5;5;1;2;0;0;1;0;3;4;1;16;76;65;88;30;7548;1819;1125;103.4;3.8;1.4;38.6;21.9;141;84;62.7;15.4;108;58;65.1;15.2;0;0;0
6585;143;18;7;1;3;-1;0;0;1;0;0;0;0;5;1;3;8;65;53;78;11;7353;562;443;103.4;3.9;4.4;27.4;40.6;89;151;37.1;-1.8;70;112;38.5;-2.6;0;0;0
6586;131;1;5;0;1;1;2;0;1;0;0;0;0;8;1;3;6;81;65;88;19;5844;956;334;91.2;2.5;1.8;45.0;12.9;138;43;76.2;5.7;103;29;78.0;6.9;0;0;0
6587;93;31;7;6;10;4;14;4;4;0;0;2;1;4;4;11;11;94;78;97;37;6675;1489;1415;100.6;4.3;2.2;32.9;17.3;132;58;69.5;38.6;96;42;69.6;40.7;0;67;34
6588;96;152;7;3;3;-6;4;2;2;0;0;0;0;10;1;3;15;84;73;87;29;6473;2013;168;87.0;1.1;4.4;33.4;27.3;100;88;53.2;15.8;72;62;53.7;16.9;0;162;85
6589;144;8;6;0;1;-1;0;0;0;0;0;0;0;3;1;2;12;66;50;81;9;5590;81;561;93.6;3.2;3.9;34.1;24.5;97;68;58.8;6.3;76;53;58.9;5.4;0;0;0
6590;27;27;7;0;3;0;4;0;0;0;1;0;0;8;14;4;7;61;51;72;3;4370;31;93;100.7;1.6;2.5;21.4;35.4;51;83;38.1;-8.2;35;55;38.9;-6.7;0;10;8
6591;99;99;7;0;5;-1;18;0;1;0;0;2;0;7;4;1;9;79;61;88;14;5644;1953;657;98.8;1.9;2.6;21.7;25.5;69;81;46.0;-2.5;52;56;48.1;-0.5;0;60;27
6593;127;31;7;0;2;-1;0;0;0;0;0;0;0;5;1;2;9;66;51;83;6;7207;199;463;96.7;3.0;3.0;26.5;20.5;113;89;55.9;-1.7;83;61;57.6;2.1;0;0;0
6594;149;149;7;2;1;-5;4;0;0;0;0;0;0;4;1;0;5;55;57;50;8;4545;102;652;89.5;3.2;7.1;31.7;34.8;55;78;41.4;6.5;46;67;40.7;6.7;0;19;5
6595;94;94;7;1;5;3;14;0;2;0;0;2;1;19;2;5;19;82;55;97;19;7364;774;1485;102.8;4.4;2.9;35.7;30.8;121;107;53.1;9.7;96;81;54.2;8.0;0;0;0
6597;85;18;7;1;5;-1;11;0;2;0;1;1;0;24;3;11;25;92;55;99;13;7141;2451;1453;100.4;2.0;2.5;25.7;33.8;88;110;44.4;4.8;67;83;44.7;5.8;0;0;0
6599;140;17;7;2;2;-1;14;1;1;0;0;0;0;8;1;1;4;66;58;72;14;5986;1292;140;98.7;1.2;1.8;20.4;25.3;71;83;46.1;-1.7;53;61;46.5;-1.2;1;99;49
6600;87;3;7;2;2;0;0;1;0;0;0;0;0;5;4;4;16;77;58;92;21;7527;1555;1104;94.3;2.4;2.4;34.9;19.1;145;84;63.3;17.3;105;53;66.5;24.1;0;0;0
6604;127;31;5;1;1;4;0;0;0;0;0;0;0;3;1;3;3;62;53;73;5;4942;162;231;107.5;3.6;0.7;32.8;20.4;101;62;62.0;4.8;70;42;62.5;5.2;0;0;0
6605;2;2;7;0;1;-4;4;0;0;0;0;0;0;8;7;3;1;59;55;60;12;5562;0;124;88.3;1.3;3.9;34.9;25.2;91;63;59.1;5.6;69;43;61.6;8.7;0;63;33
6607;86;86;7;4;6;5;33;1;3;0;0;5;1;11;5;4;5;78;73;79;31;5987;1628;5;99.1;4.2;1.2;43.9;11.4;141;53;72.7;11.2;104;35;74.8;14.8;0;22;8
6608;103;103;7;1;4;8;7;0;0;0;0;1;0;8;1;3;9;73;56;91;20;6155;1206;798;97.2;7.6;2.9;46.2;15.2;143;42;77.3;14.1;105;30;77.8;16.7;0;0;0
6612;151;152;5;0;2;0;2;0;0;0;0;0;0;3;2;5;8;71;59;84;10;4277;771;184;99.3;1.7;1.7;31.1;27.8;55;64;46.2;2.4;45;42;51.7;10.3;0;59;36
6614;99;99;7;1;4;5;4;0;0;0;1;0;0;5;4;8;15;72;51;91;13;7395;480;1945;102.7;2.9;1.5;32.1;22.9;119;88;57.5;15.6;84;69;54.9;10.4;0;0;0
6616;140;140;7;2;0;0;0;0;0;1;0;0;0;3;2;0;7;62;55;66;7;4507;123;765;95.6;1.6;2.4;22.4;20.8;54;64;45.8;-2.0;40;42;48.8;1.8;1;14;9
6620;40;40;3;1;0;1;0;0;0;0;0;0;0;1;1;1;1;62;54;68;4;1749;271;95;95.5;6.2;4.1;45.3;22.6;31;20;60.8;8.0;28;14;66.7;14.5;0;9;5
6621;88;88;7;0;8;13;14;0;1;0;0;2;0;3;1;5;5;70;59;80;19;6965;1047;642;108.8;7.8;1.6;47.0;20.2;147;72;67.1;10.6;112;58;65.9;9.5;0;0;0
6622;127;31;2;0;0;0;0;0;0;0;0;0;0;1;1;1;2;60;53;65;2;1530;0;17;100.0;0.0;0.0;18.8;37.6;16;28;36.4;-30.1;10;20;33.3;-34.3;0;3;1
6623;149;149;7;0;0;-5;14;0;0;0;0;0;0;11;2;2;34;66;49;88;2;6705;114;1215;94.1;2.1;4.8;18.3;27.4;57;101;36.1;-0.6;45;79;36.3;0.7;0;0;0
6624;134;21;6;1;1;-1;2;0;0;0;0;0;0;10;2;3;11;71;62;80;14;6179;499;676;99.8;1.7;2.3;23.3;30.3;86;94;47.8;2.1;54;71;43.2;-4.6;0;0;0
6626;129;27;7;2;6;-8;4;2;3;0;0;0;0;2;0;1;1;62;60;58;12;5294;944;0;86.5;2.0;7.5;25.2;34.7;63;105;37.5;-6.8;51;78;39.5;-5.6;0;97;50
6629;87;87;7;1;2;0;5;1;0;0;0;1;0;5;5;5;8;68;54;84;22;7463;1265;930;94.3;2.4;2.4;35.2;19.3;146;83;63.8;18.0;105;53;66.5;24.1;0;0;0
6631;103;103;7;3;3;4;14;2;1;0;0;2;0;9;1;4;13;78;55;93;35;7603;1260;549;87.1;4.7;2.8;42.6;11.8;161;49;76.7;14.0;121;35;77.6;17.6;0;0;0
6635;137;28;7;1;3;-1;6;0;1;0;0;0;0;10;1;1;5;63;61;62;13;6093;901;0;100.9;2.4;3.0;26.0;36.0;69;108;39.0;-0.7;57;80;41.6;2.2;1;4;1
6639;94;94;7;2;4;0;15;1;2;0;0;1;0;6;4;1;8;71;63;76;14;6626;1462;1023;101.1;3.3;2.7;30.4;28.3;104;90;53.6;9.7;77;62;55.4;8.7;0;34;18
6641;90;90;6;4;5;0;4;1;2;0;1;0;0;5;1;3;8;73;68;77;13;4916;932;653;98.3;2.9;3.7;24.9;27.1;86;69;55.5;8.3;59;51;53.6;7.5;0;5;3
6644;95;95;7;0;2;6;4;0;2;0;0;0;0;5;3;5;12;75;55;89;16;7475;1779;1026;104.0;4.3;1.4;40.0;21.2;142;87;62.0;14.5;109;61;64.1;13.9;0;0;0
6646;130;14;4;1;2;0;12;0;1;0;0;0;0;2;2;0;0;68;64;68;6;3707;403;2;96.4;2.9;2.9;45.6;29.1;70;45;60.9;12.2;56;36;60.9;11.7;0;3;2
6647;96;96;7;0;2;-6;22;0;1;0;0;4;1;9;2;4;5;61;55;64;6;5473;1060;1192;87.1;0.7;4.6;28.9;30.3;78;84;48.1;7.9;56;56;50.0;10.6;0;26;15
6648;131;1;2;1;1;1;0;0;0;0;0;0;0;1;1;0;1;66;60;70;4;1773;93;126;101.7;4.1;2.0;40.6;24.4;33;22;60.0;-2.3;25;18;58.1;-2.9;0;0;0
6649;147;147;7;2;1;-3;5;0;0;0;0;1;0;1;1;0;3;53;53;49;11;5159;996;25;109.6;2.8;4.9;14.7;51.6;34;137;19.9;-4.1;29;101;22.3;-1.5;0;7;3
6650;103;103;7;0;3;1;22;0;1;0;0;4;2;9;0;2;12;67;52;83;10;7008;511;1337;92.8;4.1;3.6;40.1;20.5;146;68;68.2;0.8;105;53;66.5;0.2;0;0;0
6652;125;124;7;0;4;0;2;0;1;0;0;0;0;11;2;2;0;64;55;62;9;5659;111;42;100.8;3.2;3.2;27.4;29.3;83;85;49.4;-2.4;59;66;47.2;-6.8;0;79;43
6654;100;100;7;2;7;5;37;0;2;0;0;7;1;12;5;7;16;79;64;92;29;6954;2335;1043;102.4;5.7;3.1;40.9;26.9;119;96;55.3;13.3;93;73;56.0;14.5;0;0;0
6656;131;1;1;0;1;1;0;0;0;0;0;0;0;0;0;0;0;60;57;63;2;961;0;0;103.3;7.5;3.7;37.5;22.5;17;9;65.4;15.4;11;7;61.1;13.3;0;0;0
6657;99;99;7;3;1;2;31;1;0;1;0;5;2;2;0;0;9;84;63;91;17;5912;406;755;101.4;1.2;0.6;31.7;25.0;92;67;57.9;14.2;70;52;57.4;12.8;1;97;48
6659;96;96;7;6;4;-3;27;0;2;0;0;5;2;12;1;1;6;67;66;59;19;6383;667;474;99.6;5.6;7.3;26.5;33.8;91;104;46.7;6.4;64;79;44.8;3.9;0;12;8
6660;0;0;3;0;0;-1;0;0;0;0;0;0;0;1;0;0;0;57;54;57;2;1408;0;53;92.9;0.0;2.6;23.0;35.8;14;18;43.8;-6.5;9;15;37.5;-11.1;0;2;0
6662;88;88;7;1;3;2;42;0;0;0;0;8;3;7;5;1;5;63;56;57;15;5905;0;104;97.3;3.7;2.4;31.7;17.1;103;63;62.0;2.4;68;41;62.4;3.4;0;3;3
6664;134;21;6;2;3;4;0;0;0;0;0;0;0;6;1;2;10;63;52;75;9;5983;0;573;104.4;6.0;4.2;30.7;27.7;99;77;56.3;0.9;74;56;56.9;2.8;0;0;0
6666;90;90;7;6;6;0;10;4;4;0;0;2;1;8;4;4;13;87;74;93;27;6461;1829;154;98.2;2.8;2.2;29.0;19.5;110;78;58.5;12.5;80;53;60.2;15.9;0;142;81
6668;146;146;7;0;0;-1;2;0;0;0;0;0;0;5;2;1;5;59;52;65;7;4253;650;71;98.2;0.8;1.7;23.7;31.3;55;66;45.5;1.4;45;48;48.4;6.3;0;14;7
6674;135;2;4;0;1;-3;7;0;0;0;0;1;0;9;0;0;1;57;58;52;2;2709;0;301;82.7;2.7;6.6;25.2;23.9;48;27;64.0;18.5;35;24;59.3;15.1;0;2;2
6675;146;146;7;0;0;-4;0;0;0;0;0;0;0;3;1;1;3;61;56;61;7;4965;181;822;92.6;1.5;4.4;29.7;35.5;77;83;48.1;5.0;59;63;48.4;6.7;0;42;25
6677;91;21;7;9;8;7;5;1;2;0;0;1;0;17;4;6;2;85;88;78;34;7571;1920;471;89.5;7.1;3.8;41.8;13.8;161;54;74.9;32.6;123;40;75.5;32.8;2;2;1
6678;137;28;7;1;0;1;2;0;0;0;0;0;0;7;1;4;1;60;53;65;6;4856;82;607;106.2;2.2;1.5;22.2;39.3;49;86;36.3;-4.0;39;74;34.5;-7.2;0;11;4
6679;101;101;7;5;7;2;37;0;4;0;0;4;0;6;3;3;21;83;71;89;20;5619;1874;952;108.6;5.1;3.8;26.3;35.2;85;99;46.2;11.2;58;76;43.3;8.0;1;37;23
6681;101;101;7;1;4;1;10;0;0;0;0;0;0;4;2;3;10;76;70;80;15;6079;2047;616;106.0;4.1;3.6;24.9;33.2;87;102;46.0;11.1;61;77;44.2;9.4;1;13;9
6682;153;153;3;2;0;1;2;0;0;0;0;0;0;1;0;0;2;60;55;63;2;2333;231;187;115.2;3.1;1.5;15.4;32.4;21;38;35.6;4.4;16;28;36.4;2.8;0;6;3
6684;136;10;6;0;4;5;2;0;0;0;0;0;0;1;2;1;1;58;55;59;4;3533;328;84;119.0;6.1;1.0;27.5;31.6;52;60;46.4;0.5;39;42;48.1;3.1;0;43;21
6688;18;18;7;1;0;-7;2;0;0;0;0;0;0;11;0;4;9;56;55;56;14;7662;49;301;87.6;2.3;5.6;37.1;30.1;126;101;55.5;2.0;94;74;56.0;3.9;0;0;0
6689;146;146;7;0;4;0;4;0;1;0;0;0;0;14;1;6;6;65;57;72;7;6764;838;695;105.4;3.2;3.2;22.9;37.3;87;122;41.6;-3.9;62;95;39.5;-5.4;0;0;0
6690;104;104;7;2;5;2;17;0;3;0;0;3;1;8;3;3;6;80;72;83;29;7519;2159;1366;91.5;3.8;2.4;43.6;13.9;179;57;75.8;16.4;127;41;75.6;17.9;1;0;0
6693;136;10;6;1;2;5;6;0;0;0;0;0;0;4;1;1;2;58;55;59;6;3687;177;87;116.7;7.8;2.9;29.3;29.3;51;58;46.8;1.0;43;43;50.0;5.5;0;34;16
6698;131;1;4;0;1;1;4;0;0;0;0;0;0;5;2;0;3;64;61;67;7;4343;497;179;93.8;3.3;2.5;44.8;18.2;101;39;72.1;-2.2;74;26;74.0;-1.4;0;0;0
6699;149;149;7;1;1;-3;0;0;0;0;0;0;0;5;2;2;1;62;57;63;9;4867;851;248;110.8;3.7;5.2;14.1;33.3;50;68;42.4;7.6;33;55;37.5;2.1;0;12;8
6700;148;30;3;1;1;2;0;1;0;0;0;0;0;7;2;0;4;68;57;78;7;3141;550;137;106.5;4.6;2.3;28.7;24.1;46;43;51.7;-3.4;32;30;51.6;-6.9;1;0;0
6702;99;124;7;5;6;2;18;3;4;0;0;2;1;16;4;3;10;88;77;91;27;5876;2478;251;109.7;3.7;1.2;25.7;27.0;83;97;46.1;-2.5;65;67;49.2;1.1;0;112;57
6703;85;19;7;2;7;4;44;2;1;0;0;6;3;9;1;7;7;95;81;97;29;6541;1941;715;104.9;3.3;1.1;33.0;21.5;101;71;58.7;25.3;73;52;58.4;25.1;0;164;81
6705;86;86;7;3;9;2;10;1;5;0;0;2;0;4;3;6;16;79;68;83;27;6070;1423;286;96.3;4.2;3.0;40.9;21.4;137;70;66.2;2.0;105;48;68.6;6.2;0;142;59
6709;88;88;7;8;5;9;40;0;1;0;0;4;0;24;5;6;8;89;71;94;25;6632;1643;911;103.8;6.5;1.6;47.2;16.3;136;69;66.3;9.1;109;48;69.4;14.5;0;140;84
6710;131;1;7;3;1;-2;0;0;0;0;0;0;0;9;2;1;1;61;61;54;15;5562;610;0;88.5;2.6;3.9;42.1;22.0;122;57;68.2;-1.6;93;42;68.9;-0.7;1;6;2
6711;136;10;5;2;1;-2;0;0;0;0;0;0;0;10;1;2;2;74;63;75;13;4010;740;214;89.6;2.7;4.5;33.2;24.2;62;52;54.4;14.9;47;41;53.4;14.5;0;72;45
6714;128;128;6;0;3;2;2;0;0;0;0;0;0;1;1;1;2;56;52;60;7;3967;0;736;111.7;5.4;3.6;24.5;34.5;44;63;41.1;6.9;34;44;43.6;7.2;0;18;8
6716;100;100;7;5;10;1;49;3;5;0;0;9;4;10;2;6;6;94;78;97;24;5905;1906;450;97.8;4.3;3.0;35.4;21.3;105;78;57.4;15.2;76;57;57.1;14.7;1;159;86
6719;12;12;6;0;0;1;0;0;0;0;0;0;0;10;1;3;7;61;53;67;14;5521;23;639;99.0;3.9;3.3;46.3;34.6;93;82;53.1;-3.6;75;59;56.0;-3.0;0;0;0
6720;88;88;7;3;5;7;7;1;1;0;0;1;0;5;1;8;6;77;70;84;29;7010;1725;647;99.7;5.6;2.1;47.8;16.9;146;66;68.9;13.0;115;47;71.0;17.1;1;26;11
6721;131;1;7;0;1;2;2;0;0;0;0;0;0;1;0;4;4;64;57;70;2;4544;0;636;101.8;2.4;0.8;38.8;18.2;96;43;69.1;-0.3;65;32;67.0;-3.0;0;57;39
6722;146;146;7;1;1;-1;0;0;0;0;0;0;0;8;2;2;1;63;59;61;13;5569;123;453;98.4;3.2;3.9;30.4;31.7;78;85;47.9;4.7;63;63;50.0;9.0;1;2;0
6724;98;98;7;2;3;3;5;1;3;0;0;1;1;7;5;2;24;85;66;96;19;6158;2232;979;100.6;2.3;1.2;38.0;21.0;134;82;62.0;10.7;95;50;65.5;15.7;0;162;105
6728;89;89;7;5;11;5;17;4;5;0;0;3;1;15;3;6;12;86;70;90;18;5694;1580;838;114.8;4.4;1.3;22.8;27.2;72;88;45.0;10.0;50;67;42.7;5.3;1;133;61
6735;126;124;7;1;1;0;4;0;0;0;0;0;0;11;6;2;1;63;52;77;18;8232;141;612;96.4;2.6;2.6;38.0;24.9;148;101;59.4;2.2;114;79;59.1;2.7;0;0;0
6739;77;10;7;4;10;-1;14;1;4;0;2;2;0;10;1;9;19;93;77;99;24;6401;1913;1616;100.7;3.4;3.9;32.1;39.9;119;117;50.4;21.4;79;93;45.9;17.4;0;194;101
6740;74;74;7;5;2;-2;14;2;1;0;0;2;0;10;1;2;4;67;68;63;16;6865;1085;1310;98.2;3.7;4.7;24.6;28.3;104;94;52.5;-2.4;66;71;48.2;-8.2;0;0;0
6741;144;8;7;3;4;4;4;0;0;1;0;0;0;10;2;4;5;74;62;81;25;5939;543;679;98.8;4.8;3.0;45.5;25.5;129;72;64.2;14.0;95;55;63.3;12.8;0;7;5
6743;133;26;6;0;2;-2;4;0;0;0;0;0;0;1;3;4;7;57;51;68;13;6414;0;497;92.7;1.7;2.8;32.6;22.5;114;79;59.1;4.0;88;55;61.5;5.6;0;0;0
6744;83;83;7;5;10;9;0;0;4;0;0;0;0;7;1;1;11;78;72;80;21;6214;1452;178;114.2;7.0;1.7;35.3;31.9;116;93;55.5;5.4;89;66;57.4;7.6;1;159;79
6747;150;150;7;1;0;-3;16;0;0;0;0;0;0;8;3;2;9;53;47;61;12;7596;402;807;99.0;3.3;4.7;24.2;32.2;93;125;42.7;3.3;68;91;42.8;5.1;0;0;0
6750;72;72;7;1;3;2;12;0;0;0;0;2;0;1;0;1;5;64;61;62;12;5099;827;0;103.2;3.5;2.1;35.3;31.1;83;83;50.0;0.9;65;62;51.2;1.9;0;8;4
6751;81;1;7;7;10;10;4;2;4;1;0;0;0;14;4;7;12;96;83;99;47;6847;1790;983;103.8;5.8;1.1;47.8;12.6;159;53;75.0;33.6;119;42;73.9;32.1;1;166;102
6752;79;19;7;3;1;-3;6;2;1;0;0;0;0;6;1;3;18;82;65;93;23;7148;1973;458;94.9;3.0;4.5;32.7;31.7;120;121;49.8;-0.8;93;91;50.5;1.2;0;1;0
6755;71;71;7;2;6;3;22;0;1;0;0;4;2;5;0;2;9;69;61;75;23;7057;1854;741;98.8;6.1;4.6;37.2;26.0;131;79;62.4;-1.8;100;62;61.7;-1.5;1;0;0
6758;57;12;5;2;0;2;4;0;0;0;0;0;0;5;0;1;7;68;54;81;9;4960;111;743;104.2;3.6;2.2;34.8;34.8;79;80;49.7;-3.3;61;56;52.1;1.6;0;0;0
6760;134;134;6;0;2;-3;2;0;0;0;0;0;0;8;1;2;9;68;53;82;9;5355;0;1125;94.0;1.3;3.4;26.2;30.3;82;90;47.7;1.9;62;65;48.8;3.7;0;0;0
6763;151;151;6;0;0;-5;0;0;0;0;0;0;0;4;1;1;4;60;49;72;3;5494;0;584;93.1;2.0;5.2;29.5;38.7;79;95;45.4;0.6;58;72;44.6;1.1;0;0;0
6764;131;1;5;0;1;1;0;0;0;0;0;0;0;3;1;4;10;70;65;71;13;5483;655;319;94.5;3.9;3.3;40.7;21.7;130;69;65.3;-4.3;93;48;66.0;-2.4;0;0;0
6765;84;124;7;6;13;12;43;0;4;0;0;5;1;6;6;5;23;84;71;89;20;6558;1257;684;109.4;9.9;3.3;41.2;22.5;137;80;63.1;21.4;101;54;65.2;23.4;1;24;12
6766;70;70;7;0;3;0;5;0;1;0;0;1;0;14;1;0;9;74;69;74;20;6308;1679;740;96.3;2.9;2.9;34.8;24.0;119;78;60.4;12.3;85;58;59.4;10.5;0;27;15
6768;135;2;6;0;2;-3;2;0;2;0;0;0;0;5;1;1;6;62;57;65;8;3579;854;72;95.7;1.0;3.0;21.1;33.2;46;65;41.4;-16.3;33;47;41.3;-16.1;0;5;2
6771;72;30;7;0;2;-1;8;0;0;0;0;0;0;15;1;5;20;80;56;96;15;6591;1833;1187;96.2;1.6;2.2;28.4;22.9;102;79;56.4;9.9;74;63;54.0;6.0;0;0;0
6776;45;28;5;2;2;3;0;0;0;0;0;0;0;1;0;1;1;60;59;50;13;2880;51;323;101.5;7.5;3.8;53.8;30.0;71;35;67.0;10.8;54;29;65.1;9.1;0;32;24
6777;80;80;7;5;12;9;7;0;5;0;0;1;1;11;2;1;1;82;82;74;27;5162;1690;16;94.0;10.5;3.5;58.6;14.6;153;32;82.7;5.4;116;26;81.7;5.7;1;132;70
6780;41;7;7;2;3;6;0;0;2;0;0;0;0;6;3;0;9;63;56;69;7;5220;505;29;111.0;5.5;1.4;33.1;24.1;83;65;56.1;10.0;63;47;57.3;9.3;0;5;1
6781;146;146;7;2;3;-5;0;1;1;0;0;0;0;5;1;0;1;59;57;54;8;5491;619;0;96.7;2.6;5.9;21.0;37.4;75;94;44.4;0.1;48;74;39.3;-5.1;0;76;35
6788;78;78;7;6;4;4;53;2;1;0;0;9;3;10;4;1;4;93;84;95;28;6563;1743;451;95.6;4.4;1.6;51.0;12.6;195;51;79.3;33.4;132;34;79.5;33.1;1;158;97
6789;66;66;7;4;5;-2;12;0;2;0;0;0;0;6;0;7;23;89;79;91;31;8060;1667;633;97.2;3.6;3.6;32.6;25.9;132;110;54.5;-2.8;97;73;57.1;2.8;0;0;0
6790;136;10;6;1;4;4;2;0;0;0;0;0;0;3;2;2;4;67;58;74;5;4013;0;646;114.2;4.5;0.9;26.0;29.6;52;60;46.4;0.5;42;46;47.7;2.6;1;49;27
6794;75;26;7;7;6;0;19;3;3;0;0;3;0;11;1;7;5;87;76;93;29;6007;2117;1033;101.6;3.6;3.6;26.4;30.0;95;77;55.2;20.3;62;61;50.4;13.3;0;174;109
6795;63;63;7;2;14;11;6;2;4;0;2;0;0;4;1;5;16;90;72;94;29;7574;1653;842;109.1;4.8;0.5;40.9;19.0;165;77;68.2;6.6;120;56;68.2;5.4;0;0;0
6797;146;146;7;0;0;-1;12;0;0;0;0;0;0;3;0;5;6;65;50;79;5;7280;17;1233;97.0;2.5;3.0;33.6;28.7;127;109;53.8;14.6;91;79;53.5;15.4;0;0;0
6800;65;65;7;3;5;3;32;0;3;0;0;6;1;14;1;3;10;79;65;89;13;6584;1017;1218;101.9;3.8;2.7;34.4;29.5;110;101;52.1;20.6;83;79;51.2;19.9;0;48;17
6801;80;80;7;3;5;8;15;1;1;0;0;3;1;10;1;7;10;84;74;85;27;6588;775;944;108.4;4.4;0.0;51.9;9.3;188;34;84.7;8.7;129;21;86.0;11.9;0;30;15
6806;78;78;7;3;6;3;32;1;1;0;0;4;1;8;5;0;11;80;75;82;31;6898;1921;869;90.8;3.7;2.1;49.1;12.5;194;54;78.2;31.9;129;37;77.7;30.3;0;35;17
6817;137;137;7;1;6;1;14;0;3;0;0;0;0;7;4;4;6;67;57;74;8;5515;908;116;107.3;3.9;3.3;24.1;36.6;58;95;37.9;-2.0;47;72;39.5;-0.7;0;96;51
6820;69;69;7;1;0;-5;59;1;0;0;0;11;4;10;2;3;24;76;57;92;15;6036;1382;942;91.8;0.0;2.4;14.9;29.2;46;104;30.7;12.7;36;75;32.4;13.9;0;37;16
6825;37;37;7;5;1;2;6;3;0;0;0;0;0;7;1;3;9;69;65;71;24;4507;1574;0;107.9;2.4;0.8;24.0;38.3;54;84;39.1;-3.6;40;61;39.6;-3.0;1;12;4
6826;12;12;6;0;2;-2;0;0;0;0;0;0;0;8;5;1;0;60;58;59;12;3348;56;0;88.7;2.2;4.3;46.2;26.9;61;47;56.5;1.2;52;28;65.0;8.6;0;2;1
6827;82;18;7;5;9;2;18;2;6;0;1;2;2;20;5;2;9;95;83;96;26;6216;1773;1208;100.9;2.3;2.3;30.7;34.7;99;97;50.5;12.1;75;82;47.8;9.0;0;157;92
6831;79;21;7;1;6;-2;7;0;4;0;0;1;0;22;3;4;10;71;61;83;20;7002;1896;602;96.0;3.1;4.1;32.4;30.3;115;114;50.2;-0.1;88;85;50.9;1.7;0;0;0
6834;144;8;7;0;1;0;2;0;1;0;0;0;0;2;1;0;3;52;50;50;2;2684;208;0;107.7;6.7;6.7;32.2;51.0;33;69;32.4;-25.6;28;50;35.9;-21.3;0;38;16
6835;130;14;2;0;0;-3;2;0;0;0;0;0;0;5;0;0;0;59;56;57;7;1242;33;271;72.7;0.0;8.7;43.5;31.9;26;20;56.5;1.8;17;17;50.0;-5.4;0;17;7
6836;58;58;7;1;1;0;2;0;1;0;0;0;0;5;1;6;5;72;60;85;12;4823;2044;0;100.7;1.5;1.5;30.6;35.8;78;78;50.0;-4.7;60;61;49.6;-4.1;0;3;1
6839;145;3;5;0;6;2;2;0;1;0;0;0;0;7;0;3;3;75;58;89;14;5140;1057;84;104.2;4.2;2.8;32.2;31.5;91;74;55.2;-8.5;65;56;53.7;-8.3;0;0;0
6840;74;74;7;1;8;0;14;0;4;0;0;2;0;12;4;9;35;88;55;99;20;7199;1953;1497;99.5;3.5;3.5;27.0;26.0;117;89;56.8;3.9;78;70;52.7;-1.8;0;0;0
6841;82;21;7;1;0;-5;9;0;0;0;0;1;1;20;4;2;14;62;54;64;9;5074;394;1663;86.3;2.1;5.7;24.8;25.5;73;84;46.5;5.8;47;56;45.6;4.8;0;55;28
6842;134;21;7;0;1;-3;2;0;0;0;0;0;0;0;0;0;5;57;57;53;8;4786;474;154;95.7;0.8;2.3;28.6;32.3;70;73;49.0;-12.0;58;57;50.4;-11.7;0;26;10
6845;144;8;7;6;1;4;2;2;0;0;0;0;0;7;0;4;2;75;68;75;20;4695;971;82;105.6;4.6;1.5;45.2;33.7;96;62;60.8;8.4;75;54;58.1;5.3;0;6;2
6847;134;21;6;0;1;-5;8;0;0;0;0;0;0;5;1;3;0;61;57;60;5;5267;120;682;84.8;0.7;4.1;28.0;23.2;77;68;53.1;9.2;61;49;55.5;12.7;0;96;51
6848;76;76;7;1;10;4;12;1;4;0;0;2;0;15;0;0;3;77;78;69;12;6468;1517;271;99.1;6.1;3.3;41.2;21.2;146;66;68.9;17.6;109;51;68.1;15.6;0;137;80
6849;69;69;7;1;1;-3;26;1;1;0;0;4;1;16;3;3;9;87;65;96;11;7010;1517;637;97.0;0.0;1.0;14.9;33.9;53;128;29.3;11.6;40;96;29.4;10.7;0;45;25
6851;131;1;7;1;3;1;0;0;0;0;0;0;0;14;2;2;4;72;65;74;17;5083;690;279;96.4;2.1;1.4;44.6;17.0;115;51;69.3;-0.1;85;34;71.4;2.6;0;92;50
6854;150;150;7;1;0;-3;0;0;0;0;0;0;0;3;2;2;6;65;52;79;6;5219;0;1006;96.1;1.4;3.4;24.8;36.6;59;84;41.3;0.9;46;70;39.7;0.3;0;76;28
6855;137;28;7;0;3;3;15;0;0;0;0;0;0;5;1;6;11;72;58;89;13;7078;1236;249;110.9;5.6;4.1;23.9;32.5;80;126;38.8;-0.9;66;87;43.1;4.6;0;0;0
6857;146;146;7;1;4;-1;2;0;0;0;0;0;0;3;0;0;6;57;56;55;5;4180;0;323;109.3;4.3;5.2;21.5;48.2;45;98;31.5;-16.3;30;79;27.5;-19.9;0;23;11
6861;82;23;7;7;9;-1;31;3;4;1;0;5;1;15;2;7;21;96;84;98;35;7192;1368;1545;90.1;4.5;5.5;34.5;24.0;125;99;55.8;21.2;95;72;56.9;23.7;0;0;0
6862;132;132;6;0;0;-2;0;0;0;0;0;0;0;2;2;2;0;54;50;59;8;3664;677;0;93.3;3.9;4.9;29.5;24.6;54;50;51.9;-1.5;44;39;53.0;0.1;0;1;0
6864;80;80;7;1;6;4;5;0;1;0;0;1;0;7;0;1;6;78;73;75;16;6436;755;518;97.3;4.5;1.7;50.9;14.5;187;50;78.9;0.3;126;37;77.3;-0.4;0;13;5
6865;1;1;7;3;4;4;5;1;2;0;1;0;0;5;3;3;13;62;59;67;20;6932;584;368;105.0;4.2;2.1;37.4;33.8;109;124;46.8;-4.0;79;76;51.0;-1.4;0;0;0
6869;146;146;7;1;0;-2;4;0;0;0;0;0;0;14;0;0;3;55;55;49;5;4371;99;238;99.4;2.5;4.1;23.1;36.2;58;78;42.6;-2.1;36;61;37.1;-7.5;1;4;1
6872;136;10;6;1;0;6;2;0;0;0;0;0;0;7;2;3;7;66;51;82;6;5648;0;861;112.3;4.5;0.6;30.6;28.0;83;86;49.1;4.5;66;66;50.0;6.4;0;0;0
6875;130;14;1;0;0;0;0;0;0;0;0;0;0;0;0;0;1;47;50;42;1;716;0;200;94.0;5.0;5.0;60.3;35.2;19;10;65.5;5.8;15;7;68.2;11.3;0;0;0
6878;149;149;7;0;3;-3;6;0;0;0;0;0;0;8;0;2;3;59;52;66;5;5535;102;941;102.3;2.6;4.6;17.6;36.4;48;93;34.0;-3.4;37;72;33.9;-2.5;0;94;38
6881;148;30;5;0;1;0;0;0;0;0;0;0;0;5;0;2;4;67;53;83;5;5122;483;335;99.9;2.1;2.1;33.7;33.0;80;84;48.8;-4.6;65;62;51.2;-4.2;0;0;0
6882;78;78;7;0;5;2;0;0;0;0;0;0;0;6;5;2;10;71;64;75;18;6408;814;1219;95.8;5.1;3.4;40.4;20.2;141;77;64.7;9.7;100;56;64.1;9.1;0;12;6
6884;56;21;6;1;2;1;2;0;0;0;0;0;0;1;2;1;3;61;53;68;5;3283;114;518;99.5;4.4;3.3;31.8;23.0;55;43;56.1;-5.3;39;30;56.5;-5.8;1;13;8
6886;147;147;7;0;0;-4;0;0;0;0;0;0;0;2;0;4;1;49;47;51;5;6748;28;437;105.9;2.1;4.3;14.4;48.0;41;167;19.7;-4.7;30;132;18.5;-7.2;0;0;0
6891;146;146;7;1;2;-4;2;0;0;0;0;0;0;6;4;0;9;62;60;58;17;5707;707;74;96.7;2.5;5.0;30.3;43.5;79;116;40.5;-5.3;64;91;41.3;-2.8;0;5;3
6893;64;26;7;8;14;10;44;3;9;0;0;8;4;18;1;4;17;95;88;96;38;5598;1812;1408;119.2;7.7;0.6;32.2;13.5;91;45;66.9;32.7;68;29;70.1;35.0;1;162;90
6894;136;10;6;1;2;5;14;0;0;0;0;0;0;5;0;3;1;61;54;70;9;5723;119;815;116.1;4.4;1.3;22.6;37.7;57;110;34.1;-17.4;44;89;33.1;-19.0;0;0;0
6895;66;66;7;1;5;5;5;0;1;0;0;1;0;6;2;0;5;63;62;63;20;6160;1030;53;102.9;5.8;2.3;38.0;18.7;127;58;68.6;17.1;90;42;68.2;17.9;0;13;3
6897;142;23;4;0;1;2;0;0;1;0;0;0;0;3;0;1;0;69;52;84;2;4099;61;77;100.7;3.5;1.8;34.3;18.4;84;36;70.0;-1.5;60;28;68.2;-3.3;0;0;0
6898;63;63;7;6;8;8;37;4;4;1;0;7;5;20;2;3;10;92;84;88;31;5921;1580;624;104.9;4.9;0.6;49.2;12.2;160;36;81.6;25.1;119;27;81.5;24.1;2;133;74
6899;137;137;7;3;3;2;0;0;1;0;0;0;0;6;0;3;2;62;59;62;11;4825;673;104;103.5;4.5;3.0;30.6;26.9;72;69;51.1;14.9;58;55;51.3;14.8;1;78;54
6903;137;28;7;1;0;-1;0;1;0;0;0;0;0;9;3;4;5;63;53;73;11;5049;611;98;99.3;0.7;1.4;25.0;40.6;55;109;33.5;-8.0;44;76;36.7;-4.4;1;71;25
6904;133;133;7;3;3;7;4;1;0;0;0;0;0;8;4;1;8;61;58;61;13;6019;862;0;109.6;6.6;2.4;35.9;27.5;111;81;57.8;-0.7;85;62;57.8;-2.4;0;0;0
6906;145;3;4;0;2;-1;0;0;0;0;0;0;0;2;1;1;2;54;50;58;3;3723;0;316;96.4;2.9;3.9;27.1;27.1;55;49;52.9;-11.8;42;38;52.5;-9.6;0;0;0
6910;20;20;7;1;1;0;7;0;0;0;0;1;1;6;2;7;10;63;55;70;12;6452;29;687;96.7;1.7;2.8;30.7;31.8;86;90;48.9;-0.5;68;67;50.4;1.9;1;0;0
6911;134;134;6;0;0;-2;7;0;0;0;0;0;0;6;2;1;5;56;54;55;5;4942;267;432;95.1;1.5;2.9;28.4;29.1;67;80;45.6;-1.1;50;57;46.7;0.6;0;3;2
6916;146;146;7;0;3;-8;2;0;1;0;0;0;0;12;5;2;5;63;57;65;16;7532;486;502;91.9;1.4;5.3;29.6;40.6;103;142;42.0;-3.5;82;115;41.6;-2.6;0;0;0
6917;111;111;7;2;3;-1;12;0;0;0;0;0;0;8;0;6;20;78;62;93;22;6994;1078;1116;96.7;3.1;3.6;31.9;27.8;127;105;54.7;16.0;92;79;53.8;12.8;0;0;0
6919;119;124;7;0;3;-7;24;0;0;0;0;4;1;1;2;4;31;79;54;98;26;6677;2048;1350;87.4;2.2;4.9;32.9;25.3;104;96;52.0;8.9;85;64;57.0;17.7;0;0;0
6920;45;28;4;0;0;-1;2;0;0;0;0;0;0;6;0;1;1;57;50;59;0;1713;0;212;100.4;4.2;6.3;27.3;42.0;25;34;42.4;-18.1;19;27;41.3;-19.4;0;5;2
6921;151;152;7;1;4;0;2;1;1;0;0;0;0;7;2;4;6;76;61;88;13;8078;721;246;103.0;2.7;2.7;23.2;31.2;101;124;44.9;-1.8;77;96;44.5;-0.9;0;0;0
6926;129;129;7;0;2;-1;0;0;0;0;0;0;0;0;3;1;1;57;49;69;10;6918;0;391;102.1;3.1;3.6;29.1;42.2;94;139;40.3;-3.4;68;106;39.1;-7.1;0;0;0
6928;108;108;7;1;7;1;12;0;5;0;1;0;0;6;3;1;9;78;70;77;16;6072;1355;545;97.5;2.4;2.4;36.2;26.1;128;82;61.0;6.4;86;58;59.7;5.6;0;123;72
6930;114;114;7;4;5;5;24;2;2;0;0;2;1;6;1;6;13;80;68;81;29;7095;1023;992;104.0;3.6;1.0;36.5;17.8;150;84;64.1;17.0;101;52;66.0;18.0;1;19;12
6933;133;26;7;2;1;0;2;1;0;0;0;0;0;8;1;0;1;61;54;63;4;3481;918;66;97.9;2.1;2.1;37.2;26.9;56;45;55.4;-3.4;43;36;54.4;-6.0;0;16;10
6941;116;116;7;4;2;2;25;1;0;0;0;3;1;13;2;1;9;73;68;73;28;6359;194;836;98.5;2.3;1.1;54.3;19.8;169;64;72.5;0.4;125;46;73.1;-0.7;1;121;69
6942;134;134;6;2;0;1;2;0;0;0;0;0;0;2;1;0;3;58;55;57;8;3031;0;150;108.6;3.6;2.4;24.9;41.6;38;54;41.3;-6.1;28;40;41.2;-6.2;0;10;5
6943;121;124;7;2;1;-2;21;0;0;0;0;3;1;12;3;3;55;77;61;94;17;7169;1549;930;106.4;2.0;3.0;16.6;52.2;71;195;26.7;0.3;47;140;25.1;-1.9;0;0;0
6944;131;1;7;1;0;1;0;0;0;0;0;0;0;5;0;0;0;56;52;56;7;3293;22;122;103.4;1.1;0.0;31.7;16.4;54;34;61.4;-9.2;38;22;63.3;-6.9;0;15;8
6947;106;106;7;5;1;2;0;1;0;0;0;0;0;7;0;4;12;68;64;72;21;5923;745;497;101.1;3.0;1.8;32.2;21.9;111;84;56.9;9.0;80;55;59.3;12.7;0;78;39
6948;117;30;7;3;7;-4;23;3;4;0;0;3;1;8;1;6;16;96;88;97;42;6448;1955;1692;84.9;1.7;3.3;46.3;17.9;144;61;70.2;17.2;110;44;71.4;18.7;2;182;97
6950;119;21;7;4;3;0;4;1;0;0;0;0;0;12;3;3;6;86;74;93;24;5752;1988;1407;97.8;3.1;2.5;35.0;22.5;107;72;59.8;19.5;73;50;59.3;19.5;1;152;94
6951;111;111;5;5;4;9;10;1;3;0;0;2;2;8;1;0;8;90;86;86;20;4288;1694;276;119.1;7.6;0.0;39.5;15.1;93;42;68.9;31.4;70;28;71.4;32.6;0;18;8
6952;134;134;6;0;1;-1;4;0;0;0;0;0;0;5;0;1;5;61;54;69;3;3515;0;661;103.0;2.0;3.1;18.4;37.9;38;70;35.2;-14.0;28;48;36.8;-11.7;0;17;8
6954;141;25;7;1;3;-4;0;0;0;0;0;0;0;5;1;4;14;67;52;84;11;7168;193;1022;92.6;3.5;5.0;32.6;27.6;125;94;57.1;-2.3;95;71;57.2;-2.3;0;0;0
6955;133;133;7;0;0;-5;2;0;0;0;0;0;0;5;3;4;2;57;54;58;8;5704;566;112;86.3;0.6;3.8;30.9;24.0;91;66;58.0;-0.5;75;52;59.1;-0.6;0;0;0
6957;116;116;7;5;11;6;12;3;6;0;0;2;0;14;7;4;3;85;85;89;33;6066;2477;786;98.0;4.7;1.2;62.9;12.5;186;43;81.2;13.2;141;31;82.0;12.7;1;170;99
6960;145;3;6;1;2;0;2;0;0;0;0;0;0;5;2;3;0;63;58;65;4;4862;91;109;103.6;3.7;4.4;23.0;35.5;59;83;41.5;-4.7;41;67;38.0;-8.1;0;69;38
6962;136;10;6;1;1;3;0;0;0;0;0;0;0;4;2;0;15;67;59;73;10;4893;119;914;110.2;2.9;0.7;23.5;32.4;63;81;43.8;-3.1;45;58;43.7;-2.7;0;21;9
6969;135;2;5;3;3;3;6;2;2;0;0;0;0;4;2;0;3;66;61;73;12;4107;916;83;113.1;4.4;0.9;25.4;21.0;53;48;52.5;1.3;44;31;58.7;8.7;0;2;1
6970;106;106;7;2;9;5;37;0;3;0;1;5;1;12;3;5;13;84;76;84;29;6758;1653;1157;102.2;5.3;3.2;30.9;21.3;112;82;57.7;10.2;82;63;56.6;9.2;1;64;36
6978;129;129;7;0;0;-4;8;0;0;0;0;0;0;7;3;1;3;62;50;58;9;4757;152;1;91.1;0.0;3.0;19.7;34.1;42;90;31.8;-13.4;36;64;36.0;-9.6;0;12;3
6979;141;25;5;4;5;5;4;0;1;0;0;0;0;2;0;2;6;73;68;76;11;3035;1008;88;104.8;9.5;3.6;49.8;24.9;67;43;60.9;8.8;53;30;63.9;11.2;1;57;26
6983;122;3;7;3;5;0;52;1;3;0;0;10;6;16;0;4;17;91;76;91;20;6760;1343;1005;102.1;3.2;3.2;25.0;29.8;89;96;48.1;22.5;58;70;45.3;22.2;1;156;105
6989;135;2;7;3;2;-7;2;0;2;0;0;0;0;7;7;1;2;57;53;65;15;6776;1361;441;92.6;2.1;5.3;22.3;31.3;95;109;46.6;-12.0;70;81;46.4;-11.8;0;0;0
6992;120;120;7;2;8;4;14;1;3;0;0;2;0;9;2;7;6;78;72;83;26;6337;1364;1128;92.6;4.5;2.8;48.9;17.0;154;48;76.2;18.4;111;39;74.0;15.1;0;45;22
6994;0;0;4;2;0;0;15;0;0;0;0;1;0;1;1;0;1;58;59;52;5;2242;0;0;96.2;3.2;3.2;30.5;22.5;24;30;44.4;-5.9;21;18;53.8;5.7;1;4;2
6995;125;124;5;3;5;5;0;0;1;0;0;0;0;8;1;3;8;62;56;61;9;4749;64;430;110.0;7.6;3.8;34.1;31.1;81;77;51.3;-4.9;67;57;54.0;-3.2;1;0;0
6999;147;147;7;1;2;-4;0;0;1;0;0;0;0;4;2;1;5;55;54;53;3;6154;187;70;103.9;2.3;4.7;15.8;42.7;49;146;25.1;3.1;37;105;26.1;3.7;0;2;0
7002;112;19;7;2;2;4;0;2;0;0;0;0;0;4;1;4;13;79;61;93;23;7644;601;1510;99.5;4.7;2.8;40.0;23.1;146;89;62.1;5.2;115;66;63.5;6.9;0;0;0
7004;108;108;7;2;5;6;16;1;0;0;0;0;0;6;2;3;4;76;68;80;14;6805;1334;176;105.9;4.8;1.6;40.7;27.5;145;91;61.4;7.5;104;71;59.4;5.7;1;130;70
7006;136;10;6;1;2;1;2;0;1;0;0;0;0;10;2;4;14;81;63;91;9;6170;1030;744;112.6;4.7;2.9;21.0;30.3;75;97;43.6;-3.6;51;70;42.1;-5.1;1;0;0
7007;47;47;6;0;0;-10;4;0;0;0;0;0;0;6;1;2;9;53;49;58;4;5491;0;341;90.2;0.7;7.2;22.9;57.0;60;139;30.2;-8.1;43;115;27.2;-8.8;0;0;0
7010;106;106;7;4;9;5;19;2;3;0;1;1;0;14;3;2;12;79;78;80;21;7166;1751;745;97.1;5.0;3.0;31.6;16.1;120;75;61.5;15.7;88;55;61.5;16.4;1;123;62
7014;148;148;7;0;2;-3;0;0;0;0;0;0;0;4;2;1;0;54;50;56;6;3671;27;114;93.6;2.0;4.9;30.4;38.2;50;72;41.0;-15.3;43;51;45.7;-11.0;0;32;13
7015;113;113;7;5;3;0;9;2;2;0;0;1;0;13;1;7;12;92;80;97;37;6186;2106;1290;94.4;3.5;4.1;33.8;25.6;112;77;59.3;14.2;83;55;60.1;14.1;0;166;105
7018;118;21;7;2;9;5;31;2;4;0;0;3;0;10;2;3;4;80;73;81;15;5824;1701;260;102.8;5.6;2.5;42.7;24.1;117;74;61.3;3.1;92;59;60.9;4.7;0;138;70
7019;0;0;7;0;4;1;10;0;0;0;0;2;1;6;0;4;17;64;52;75;9;7355;0;352;100.8;2.9;2.4;32.3;29.4;102;108;48.6;0.3;77;74;51.0;4.8;0;0;0
7021;138;138;6;0;0;-2;2;0;0;0;0;0;0;2;0;0;11;59;54;60;3;4349;230;147;93.4;0.8;2.5;26.5;25.7;63;62;50.4;-4.0;44;47;48.4;-5.9;0;4;0
7022;140;17;7;0;3;1;2;0;0;0;0;0;0;8;4;3;5;68;56;80;12;7026;816;512;101.9;2.6;2.0;26.6;26.6;98;95;50.8;5.2;69;69;50.0;4.0;0;0;0
7026;124;124;7;1;3;1;2;0;0;0;0;0;0;6;2;5;6;65;61;65;3;5215;0;95;104.0;3.5;2.8;27.6;32.4;72;79;47.7;-2.4;50;60;45.5;-3.3;1;4;3
7028;121;25;7;0;3;-3;9;0;2;0;0;1;0;14;1;5;25;89;72;96;21;6322;1402;1357;97.0;0.6;2.3;17.7;36.4;70;127;35.5;12.4;51;89;36.4;13.8;0;90;48
7032;110;110;7;3;4;3;11;0;1;0;0;1;0;15;0;4;17;88;75;91;32;6840;1153;477;103.6;4.2;2.1;36.8;26.8;123;104;54.2;-9.5;91;71;56.2;-7.0;1;129;80
7033;117;117;7;3;7;3;10;1;2;0;1;2;1;8;2;3;5;78;77;74;26;6414;1301;724;99.5;2.2;1.1;43.2;19.6;132;64;67.3;12.6;100;51;66.2;10.9;0;19;11
7036;110;110;7;2;14;6;7;1;7;1;0;1;0;6;8;2;9;87;76;93;38;6085;1910;1227;102.1;3.5;0.6;49.7;11.8;159;26;85.9;35.8;119;23;83.8;32.6;0;154;109
7038;112;112;6;3;3;5;34;1;1;0;0;6;2;5;3;2;5;79;68;83;20;4505;892;667;111.3;4.8;0.0;42.4;21.6;86;49;63.7;4.1;65;40;61.9;0.9;0;73;37
7042;126;126;7;1;1;0;0;0;0;0;0;0;0;5;3;2;4;59;55;57;4;3640;482;0;99.5;5.9;5.9;35.6;34.6;62;51;54.9;-3.9;44;43;50.6;-8.3;0;14;4
7043;136;10;3;0;2;2;0;0;0;0;0;0;0;0;0;0;1;57;52;59;0;1367;0;0;122.2;5.3;0.0;23.7;23.7;19;20;48.7;-6.8;14;13;51.9;-4.5;0;0;0
7044;121;121;4;0;0;-6;4;0;0;0;0;0;0;4;2;1;18;55;45;71;3;4373;79;601;90.6;0.0;4.1;10.7;43.6;32;113;22.1;-4.8;22;83;21.0;-5.0;0;0;0
7047;144;8;7;1;2;0;4;0;1;0;0;0;0;16;1;2;3;74;64;78;12;5532;1176;94;100.3;2.0;2.0;27.3;28.6;86;71;54.8;0.7;66;57;53.7;-0.6;0;3;1
7049;141;25;5;1;1;1;0;0;1;0;0;0;0;7;1;1;4;68;56;78;12;3202;1036;0;103.2;3.4;2.2;34.9;34.9;48;55;46.6;-18.2;39;44;47.0;-18.0;0;35;20
7051;117;23;7;4;7;2;2;0;4;0;0;0;0;7;1;2;10;84;79;79;37;5958;1831;1520;98.5;4.8;3.0;44.1;24.2;112;69;61.9;4.5;94;51;64.8;8.7;0;97;51
7063;2;2;7;1;1;-6;2;1;0;0;0;0;0;9;4;5;5;72;74;65;18;7498;1032;450;92.1;2.4;5.3;27.4;31.7;99;101;49.5;-8.3;67;76;46.9;-12.6;0;24;14
7064;152;152;6;1;3;-2;4;0;1;0;0;0;0;4;16;3;1;61;59;64;3;5382;1078;53;100.0;2.0;3.3;24.1;40.1;52;82;38.8;-6.4;38;66;36.5;-12.1;1;14;10
7065;1;1;6;2;5;3;6;2;2;0;0;0;0;9;3;2;14;69;67;74;15;6157;1419;480;110.3;4.1;1.2;29.2;31.6;80;94;46.0;-1.7;58;64;47.5;0.5;0;0;0
7066;28;28;6;0;0;-4;10;0;0;0;0;2;1;5;1;5;7;63;61;65;20;5763;1129;814;91.4;2.5;4.4;40.0;29.4;99;76;56.6;3.4;78;51;60.5;7.8;0;0;0
7067;27;27;7;6;5;1;4;2;1;0;0;0;0;10;5;10;8;78;77;77;23;6772;989;41;102.0;4.8;4.3;36.1;37.7;108;122;47.0;3.4;80;89;47.3;4.4;0;8;6
7070;1;1;7;2;0;2;0;0;0;0;0;0;0;3;2;0;2;59;56;54;12;3883;0;0;103.9;2.8;0.9;40.8;31.5;63;53;54.3;5.7;53;37;58.9;8.3;0;3;2
7071;18;18;7;0;5;-1;4;0;0;0;0;0;0;5;4;5;2;61;59;63;9;5875;252;0;97.8;4.3;4.9;42.3;39.8;102;98;51.0;-4.5;79;75;51.3;-3.0;0;88;41
7073;41;41;7;0;0;-4;2;0;0;0;0;0;0;7;2;5;19;61;49;80;13;6569;144;1083;93.3;1.1;3.3;31.8;32.3;109;105;50.9;3.8;78;78;50.0;-0.2;0;0;0
7074;93;93;7;3;5;-1;5;2;3;0;0;1;0;5;0;5;22;74;58;90;20;6797;1490;1061;99.4;3.7;4.2;27.5;30.2;101;103;49.5;11.3;80;76;51.3;16.3;0;0;0
7076;100;100;7;2;3;4;0;0;1;0;0;0;0;10;3;1;7;67;56;76;20;5855;653;432;102.6;4.9;2.5;38.1;24.0;117;82;58.8;17.8;85;65;56.7;14.8;0;18;14
7077;91;91;7;3;11;9;19;0;4;0;0;3;1;16;2;7;8;83;75;87;29;7231;1968;1040;95.6;8.0;3.5;40.3;14.4;154;54;74.0;30.7;117;39;75.0;31.2;0;61;30
7079;88;88;7;1;4;5;25;0;0;0;0;5;2;3;0;6;11;71;54;84;19;6941;341;1303;101.2;4.7;2.1;38.9;19.2;132;64;67.3;10.3;94;50;65.3;7.9;1;0;0
7080;146;146;7;3;2;-2;0;3;0;0;0;0;0;12;4;0;7;66;58;75;22;5378;775;81;98.9;2.7;4.0;29.5;39.5;76;106;41.8;-3.5;60;84;41.7;-2.2;0;12;3
7082;91;91;7;3;7;6;50;1;2;0;0;8;6;9;1;3;9;83;69;90;20;6751;1796;461;109.1;5.3;2.1;31.5;27.2;112;101;52.6;-2.0;85;71;54.5;-0.7;0;0;0
7084;104;104;7;2;4;7;16;0;2;0;1;0;0;4;4;4;6;64;56;73;14;6459;755;621;104.8;4.5;1.7;35.7;21.7;122;80;60.4;-7.7;83;59;58.5;-8.5;0;0;0
7085;103;103;7;0;9;10;8;0;2;0;0;0;0;7;4;4;8;81;66;90;24;5931;1939;296;110.9;6.7;0.6;44.3;14.6;123;39;75.9;11.4;88;28;75.9;13.0;0;130;84
7086;102;102;7;3;4;-3;9;2;3;0;0;1;0;12;0;5;9;78;75;79;31;5914;1706;191;91.9;1.8;3.7;34.7;27.4;111;89;55.5;4.7;82;66;55.4;6.9;1;123;81
7088;97;97;3;4;3;6;0;2;0;0;0;0;0;1;3;3;2;81;69;89;14;2939;549;606;120.0;7.3;0.0;36.7;14.7;54;29;65.1;26.7;46;22;67.6;28.4;0;11;8
7092;85;85;6;1;1;1;5;0;0;1;0;1;0;11;2;9;12;77;49;98;14;6107;441;1178;99.5;1.2;1.8;25.9;35.4;66;108;37.9;-2.5;50;80;38.5;-2.6;1;0;0
7093;102;102;7;2;7;10;2;0;3;0;0;0;0;7;3;4;8;77;64;87;35;7930;2267;1117;97.0;6.8;2.3;47.7;13.2;178;64;73.6;13.7;140;48;74.5;14.5;1;0;0
7095;103;103;7;2;1;0;10;1;0;0;0;2;1;5;2;0;1;61;57;57;10;4048;390;499;93.9;2.7;2.7;35.6;19.6;79;41;65.8;-2.3;53;30;63.9;-3.1;0;6;3
7099;95;95;7;10;10;10;4;3;5;0;0;0;0;22;6;2;6;93;88;90;30;5925;1717;590;110.3;7.9;1.8;40.7;20.1;126;58;68.5;22.2;97;43;69.3;20.1;2;141;75
7101;99;99;7;3;3;4;34;1;2;0;0;6;1;11;3;4;9;81;70;90;27;5319;2211;1374;107.7;2.7;0.0;35.2;21.7;100;56;64.1;22.8;73;40;64.6;22.5;0;17;12
7102;96;96;7;0;0;-8;9;0;0;0;0;1;0;8;3;3;1;51;50;50;3;3996;0;1156;83.7;0.0;7.2;18.0;44.1;48;72;40.0;-3.0;33;55;37.5;-5.9;0;19;11
7105;89;89;7;4;10;8;11;2;4;0;0;1;0;6;2;6;18;91;78;96;23;5835;1659;1380;115.3;6.2;1.2;30.8;26.5;87;81;51.8;19.6;64;62;50.8;16.7;1;24;11
7106;90;90;7;2;4;3;32;1;0;0;0;4;0;4;0;3;8;63;59;68;12;5443;674;462;103.2;6.6;4.0;37.0;27.1;111;79;58.4;12.4;83;58;58.9;14.4;0;103;40
7107;99;99;1;0;0;0;0;0;0;0;0;0;0;0;0;0;1;49;49;48;0;37;0;50;0.0;0.0;0.0;0.0;97.3;0;1;0.0;-43.3;0;1;0.0;-34.2;0;0;0
7109;102;102;6;0;1;-5;4;0;1;0;0;0;0;4;0;1;2;55;53;54;8;3293;232;62;88.2;1.1;6.6;38.3;44.8;53;72;42.4;-31.4;45;55;45.0;-26.4;0;6;3
7112;91;91;7;0;1;-2;53;0;0;0;0;9;3;14;2;5;7;70;59;77;17;5356;120;1470;95.5;2.0;3.4;32.9;31.6;94;84;52.8;-3.1;65;61;51.6;-4.4;0;40;20
7113;92;92;7;2;2;-8;26;1;1;0;0;4;2;9;5;2;16;71;56;75;15;5832;1155;616;89.9;1.9;6.8;21.6;36.4;65;106;38.0;11.7;50;79;38.8;13.2;0;3;3
7119;91;91;6;1;3;2;10;0;0;0;0;0;0;9;3;6;10;67;55;82;12;6177;642;800;90.0;6.4;5.2;40.8;20.4;123;68;64.4;11.8;88;49;64.2;10.4;1;0;0
7121;95;8;7;1;2;-4;15;0;0;0;0;3;0;17;1;8;12;76;65;83;21;6560;630;1372;90.9;2.2;3.8;32.4;24.1;108;87;55.4;3.8;83;59;58.5;4.6;0;133;66
7122;93;93;7;2;2;4;28;0;0;0;0;4;1;27;3;2;10;73;66;75;17;6770;709;1270;99.6;4.3;2.1;35.1;17.0;137;64;68.2;37.7;100;47;68.0;39.5;0;11;5
7123;100;100;7;2;4;3;6;0;0;0;0;0;0;5;2;3;6;66;58;69;13;5550;234;751;104.3;5.2;3.2;38.3;35.0;95;99;49.0;3.6;73;75;49.3;4.2;0;104;54
7128;86;86;7;2;1;-4;9;1;0;0;0;1;0;8;2;0;12;59;55;60;12;6059;772;401;94.9;1.8;3.6;22.6;27.3;76;96;44.2;8.1;55;63;46.6;12.1;0;17;13
7130;90;90;3;0;0;-2;0;0;0;0;0;0;0;5;1;2;2;70;54;85;4;2270;598;51;95.2;0.0;1.6;20.6;33.3;35;37;48.6;-5.5;26;30;46.4;-5.5;0;38;16
7133;96;96;7;1;4;-5;4;0;1;0;0;0;0;4;2;2;10;60;55;61;9;4998;663;544;99.1;3.6;7.2;21.6;41.1;57;102;35.8;-9.0;43;77;35.8;-8.8;0;66;23
7135;94;94;7;4;5;-3;34;2;3;0;0;6;1;9;6;6;16;78;67;82;21;6283;1464;951;96.2;1.7;2.9;28.6;29.2;93;87;51.7;6.6;71;61;53.8;6.3;0;25;11
7136;87;87;7;1;0;-1;2;0;0;0;0;0;0;9;3;2;6;61;51;66;6;4942;163;420;100.8;0.7;1.5;16.8;41.5;43;97;30.7;-15.4;31;72;30.1;-15.9;0;7;4
7137;90;90;7;0;5;0;12;0;1;0;0;2;0;2;2;5;11;70;61;76;15;5998;1001;464;95.9;3.6;3.6;27.6;21.0;91;80;53.2;4.8;70;55;56.0;9.9;0;12;4
7138;95;95;6;0;9;4;9;0;4;0;0;1;0;8;1;3;4;76;72;77;25;5492;1555;333;104.6;5.2;2.6;35.4;25.6;106;72;59.6;8.2;85;54;61.2;6.7;0;1;1
7140;88;88;7;1;3;2;9;0;0;0;0;1;1;2;1;1;5;70;61;77;22;6269;731;776;92.9;4.6;4.0;44.2;23.0;118;73;61.8;2.2;97;59;62.2;3.6;1;38;18
7141;85;85;6;1;1;-2;37;0;0;0;1;7;1;18;4;5;10;66;49;85;6;5591;221;707;100.4;1.9;3.2;19.3;33.5;54;91;37.2;-3.3;40;67;37.4;-3.9;0;0;0
7144;101;101;5;1;2;5;24;1;1;0;0;4;0;9;1;3;5;67;53;82;16;5131;663;715;112.5;4.9;1.4;29.5;33.7;86;75;53.4;18.3;59;57;50.9;14.9;0;0;0
7147;100;100;1;0;0;1;2;0;0;0;0;0;0;0;0;0;0;58;52;64;1;884;0;11;114.3;4.1;0.0;28.5;28.5;8;13;38.1;2.8;8;10;44.4;7.5;0;0;0
7150;101;101;7;0;0;-6;0;0;0;0;0;0;0;5;2;1;4;60;56;59;6;5489;0;838;85.0;0.7;4.6;22.3;25.6;74;78;48.7;-4.8;50;60;45.5;-7.0;0;13;4
7151;94;94;7;1;4;6;9;0;0;0;1;1;0;7;1;4;7;67;55;83;19;6656;2353;654;105.2;5.4;2.2;41.1;27.0;141;90;61.0;9.5;110;69;61.5;10.9;0;1;1
7153;85;85;7;1;1;-3;9;0;0;0;0;1;1;7;2;3;21;76;51;93;10;6850;374;1160;97.7;2.1;3.7;22.1;31.0;78;104;42.9;2.2;54;79;40.6;-0.6;0;0;0
7154;98;98;7;0;0;-4;11;0;0;0;0;1;1;5;2;2;13;64;52;75;6;4445;379;1254;91.7;0.8;4.0;15.4;30.0;48;78;38.1;-21.3;32;57;36.0;-23.4;0;31;14
7156;87;87;4;1;0;-7;7;1;0;0;0;1;1;3;3;1;1;52;50;50;6;3584;790;700;87.0;0.0;7.0;20.1;54.2;37;86;30.1;-5.2;24;69;25.8;-7.9;0;0;0
7157;98;98;3;1;1;1;9;0;0;0;0;1;0;4;1;5;4;89;63;92;9;2854;356;603;105.9;3.8;2.5;29.0;35.3;37;41;47.4;6.6;32;33;49.2;7.6;0;57;33
7158;86;86;7;0;3;6;13;0;0;0;1;1;0;5;5;3;8;57;49;73;9;5137;0;934;110.6;4.9;0.7;37.8;29.4;98;69;58.7;-2.1;68;55;55.3;-6.1;0;8;1
7160;101;101;7;1;5;-1;19;1;3;0;0;3;1;4;4;2;21;78;61;95;25;6371;2397;403;104.8;3.4;3.4;23.2;34.5;76;104;42.2;5.5;59;75;44.0;9.0;0;0;0
7161;85;85;3;0;1;2;7;0;0;0;1;1;1;1;2;0;0;56;47;64;1;2561;0;246;102.6;4.2;4.2;23.9;28.1;35;37;48.6;5.0;24;27;47.1;6.6;0;0;0
7162;91;91;7;1;2;3;17;0;0;0;0;3;0;6;1;5;13;66;57;72;15;7737;503;971;102.6;5.1;3.7;27.5;23.3;118;102;53.6;-0.4;88;74;54.3;-1.0;0;0;0
7165;93;93;7;4;10;5;19;1;6;0;0;3;1;10;2;7;8;87;78;88;35;6435;1474;477;101.9;5.0;2.2;34.1;17.3;130;62;67.7;36.3;94;45;67.6;38.1;0;168;108
7167;101;101;7;1;0;4;12;0;0;0;0;2;0;10;4;2;13;67;49;85;9;7407;304;1429;109.5;4.4;2.4;26.2;34.0;105;117;47.3;14.0;77;86;47.2;14.9;0;0;0
7168;95;95;6;0;1;0;2;0;0;0;0;0;0;3;0;1;0;50;50;51;2;3403;0;99;101.3;5.3;5.3;33.9;37.0;52;65;44.4;-16.2;37;46;44.6;-16.8;0;27;8
7169;87;87;7;2;5;-4;17;0;3;0;0;3;2;6;5;4;9;73;70;67;16;6848;778;487;90.2;2.1;4.2;34.2;26.3;126;86;59.4;10.8;87;64;57.6;10.3;1;14;5
7170;140;140;7;0;1;0;0;0;1;0;0;0;0;2;0;3;3;62;53;72;3;3535;438;43;101.5;1.0;1.0;21.4;31.6;40;55;42.1;-6.3;30;43;41.1;-7.6;0;9;4
7171;146;146;7;3;2;2;0;0;0;0;0;0;0;5;7;1;7;62;53;69;9;6516;336;604;113.4;5.0;3.9;21.0;37.6;70;124;36.1;-11.5;55;95;36.7;-9.2;0;0;0
7174;104;104;7;6;3;5;21;5;0;0;0;3;1;10;4;3;5;68;65;67;25;6427;459;430;102.6;3.4;0.6;42.6;10.6;160;36;81.6;23.3;106;30;77.9;19.5;0;5;2
7176;85;85;7;1;2;-3;14;0;2;0;0;2;2;12;2;5;17;73;55;90;28;6481;2333;482;94.5;1.7;3.3;27.8;28.9;81;100;44.8;5.0;62;74;45.6;6.8;1;0;0
7177;98;98;7;2;4;-1;46;0;3;0;0;8;5;20;3;2;17;78;64;78;19;5603;1401;168;104.4;3.9;4.5;25.7;42.4;87;115;43.1;2.1;59;84;41.3;1.8;0;10;3
7180;98;98;6;1;3;-6;19;0;1;0;0;3;1;6;0;3;6;55;49;64;11;5426;510;1532;86.4;1.3;5.3;26.5;28.5;85;81;51.2;-7.6;60;62;49.2;-10.9;0;0;0
7181;104;104;7;2;3;4;29;0;2;0;1;5;1;7;6;5;11;74;56;92;22;7344;977;887;92.9;3.9;2.5;41.2;14.7;174;64;73.1;12.1;123;45;73.2;14.1;1;0;0
7182;97;97;7;1;5;1;46;1;0;0;0;4;0;19;1;11;21;78;56;95;24;7231;1383;967;101.7;3.5;3.0;25.4;24.9;99;102;49.3;9.8;76;74;50.7;10.1;0;0;0
7183;88;88;7;3;3;4;12;0;1;0;0;0;0;13;1;4;7;71;56;86;11;6932;1166;1308;102.2;4.2;2.1;36.9;22.9;125;78;61.6;2.0;89;62;58.9;-1.2;0;0;0
7184;104;104;7;2;3;1;2;0;3;0;0;0;0;2;1;0;5;65;63;66;17;5120;1177;80;100.0;3.5;2.1;40.8;24.6;105;55;65.6;0.0;82;45;64.6;0.3;1;7;4
7185;88;88;7;5;5;8;4;0;0;1;0;0;0;22;2;2;4;76;62;76;22;6480;284;562;103.5;5.6;1.7;40.0;16.1;129;54;70.5;14.5;91;43;67.9;11.4;1;117;63
7186;88;88;7;5;5;8;2;2;0;0;0;0;0;7;1;4;3;77;73;76;35;6147;1078;476;107.5;6.4;1.8;43.3;24.0;120;71;62.8;3.7;89;62;58.9;-1.2;0;6;2
7187;103;103;7;4;6;6;23;2;1;0;0;3;0;7;3;1;3;76;69;79;31;6666;1334;449;98.9;5.4;2.2;42.7;15.7;144;53;73.1;8.2;112;41;73.2;10.7;0;25;12
7188;101;101;7;2;2;-3;4;1;2;0;0;0;0;6;4;1;8;64;56;72;13;5403;1410;537;97.0;2.7;4.7;26.0;35.3;75;95;44.1;8.0;48;71;40.3;3.6;0;122;65
7189;96;96;4;0;1;0;7;0;0;0;0;1;1;2;2;0;3;56;49;62;2;1848;0;0;105.0;1.9;1.9;19.5;39.0;17;39;30.4;-14.0;14;26;35.0;-9.0;0;0;0
7190;85;85;7;0;0;-5;5;0;0;0;0;1;0;8;1;0;1;51;50;49;5;5237;201;493;92.9;0.7;4.1;17.9;37.8;48;91;34.5;-9.2;36;69;34.3;-9.1;0;3;0
7191;103;103;7;2;11;7;16;1;2;0;0;2;1;7;3;4;6;90;75;96;28;6460;1965;1207;103.0;5.6;1.7;46.3;18.4;141;57;71.2;5.3;108;49;68.8;3.8;0;144;79
7192;96;96;7;1;3;0;11;0;2;0;0;1;0;8;5;3;14;66;51;84;15;7165;1175;1215;103.0;3.0;3.0;26.1;35.2;86;129;40.0;-3.8;62;86;41.9;-0.4;0;0;0
7193;102;102;7;3;6;9;6;0;0;0;0;0;0;10;3;10;13;85;72;92;34;7063;1274;967;103.3;6.6;2.0;44.9;17.8;158;71;69.0;6.2;117;52;69.2;5.7;0;131;75
7194;86;86;7;1;0;0;12;0;0;0;0;2;0;4;1;1;1;58;48;72;9;6704;124;578;97.0;2.1;2.1;32.8;22.6;131;81;61.8;-4.6;89;59;60.1;-6.3;0;0;0
7195;103;103;4;5;1;6;17;1;0;0;0;3;2;2;0;1;1;74;71;67;19;3070;932;0;106.6;8.2;1.2;55.1;14.1;74;14;84.1;22.4;56;13;81.2;20.8;1;5;4
7196;102;102;7;5;5;7;34;0;1;0;0;6;3;17;1;3;4;83;79;75;29;6667;635;1086;100.4;5.9;2.2;43.2;16.2;144;63;69.6;6.7;109;45;70.8;7.7;1;44;25
7199;146;146;7;1;2;-1;4;0;1;0;0;0;0;2;2;2;5;67;59;71;11;5859;384;494;99.1;2.5;3.1;25.8;29.5;84;93;47.5;4.3;57;74;43.5;0.4;0;94;48
7201;99;99;7;2;4;0;11;1;3;0;0;1;0;3;1;6;13;77;61;92;36;6839;2581;878;102.5;2.1;1.1;30.5;23.7;107;83;56.3;13.0;75;62;54.7;9.5;0;0;0
7203;101;101;5;0;1;-2;0;0;0;0;0;0;0;2;4;1;1;53;48;56;6;2791;0;258;89.6;1.3;3.9;20.6;23.2;33;39;45.8;-20.9;19;24;44.2;-21.3;0;3;1
7204;91;91;6;1;6;2;36;0;2;0;0;6;2;7;4;0;18;75;66;84;15;5096;1712;553;105.3;4.9;3.5;24.7;24.0;76;69;52.4;-6.3;56;47;54.4;-4.5;0;0;0
7205;86;86;7;1;6;9;21;0;2;0;0;3;0;8;0;6;22;90;58;99;33;7496;1998;1203;102.2;5.3;1.4;40.8;13.4;160;67;70.5;8.7;121;45;72.9;13.1;0;0;0
7208;91;91;7;8;8;8;15;0;2;0;0;1;0;7;6;1;5;75;75;73;39;6693;1890;434;102.5;5.9;1.6;47.3;16.1;156;55;73.9;9.8;119;45;72.6;10.1;2;7;5
7209;95;95;7;6;3;1;19;4;1;0;0;3;2;20;0;3;16;77;71;79;21;6415;1807;492;100.9;2.8;2.2;28.6;25.3;102;89;53.4;0.9;79;62;56.0;1.1;1;22;10
7210;97;97;7;2;4;3;31;0;1;0;0;5;0;10;3;7;20;75;56;90;17;7306;1347;750;107.6;4.4;3.0;25.1;29.6;107;128;45.5;4.8;81;92;46.8;4.8;0;0;0
7212;94;94;7;0;4;2;7;0;3;0;0;1;1;4;6;4;2;63;54;72;17;7071;1251;437;102.6;5.1;3.6;34.1;29.0;112;95;54.1;10.7;88;73;54.7;8.2;0;0;0
7213;85;85;7;2;3;4;6;1;1;0;0;0;0;4;4;0;6;65;58;70;18;6178;1578;1140;104.8;4.1;1.7;33.8;23.9;87;81;51.8;15.0;68;57;54.4;19.3;1;29;11
7214;95;95;7;1;0;0;14;0;0;0;0;2;1;5;7;2;9;61;42;85;8;6899;187;975;100.5;3.1;3.1;25.6;26.6;108;100;51.9;-1.3;83;72;53.5;-2.5;0;0;0
7216;88;88;7;4;1;2;12;1;0;1;0;2;0;12;3;8;9;80;58;90;24;6150;892;1218;95.6;2.3;1.8;39.2;17.0;133;61;68.6;5.3;97;45;68.3;5.5;1;92;51
7217;93;93;6;2;2;0;23;2;0;0;0;3;1;4;1;2;5;65;60;70;18;4010;1482;84;99.8;4.5;4.5;42.2;41.3;80;74;51.9;-4.0;61;58;51.3;-5.0;0;4;2
7221;96;96;7;4;0;-2;35;1;0;0;0;3;1;4;2;5;12;70;55;87;10;4610;483;882;102.7;1.6;3.1;13.3;34.4;40;106;27.4;-13.4;28;73;27.7;-14.3;1;6;3
7223;90;90;7;2;4;0;7;0;1;0;0;1;0;7;4;5;13;85;63;98;17;6386;1460;1537;100.9;3.4;2.8;27.6;24.8;107;83;56.3;9.4;75;59;56.0;10.1;0;70;35
7230;89;89;7;1;0;-1;0;0;0;0;0;0;0;3;4;0;11;56;48;65;2;4032;0;729;115.3;3.6;4.5;13.4;39.3;28;96;22.6;-18.8;19;66;22.4;-20.3;0;33;12
7238;66;66;7;2;4;0;4;0;0;0;0;0;0;8;0;1;7;76;72;73;21;6875;512;486;91.6;3.7;3.1;41.9;18.3;153;61;71.5;22.4;106;46;69.7;21.3;0;109;64
7239;80;80;7;3;5;1;32;1;3;0;0;6;4;5;2;6;3;80;69;82;27;5794;1163;452;88.7;3.7;2.5;54.1;13.7;160;47;77.3;-2.0;112;33;77.2;-0.5;0;105;66
7241;63;63;6;0;2;-1;4;0;0;0;0;0;0;6;1;7;15;72;51;91;7;6009;321;1160;102.3;2.4;3.0;21.6;34.1;71;103;40.8;4.6;48;78;38.1;-0.1;0;0;0
7243;64;64;7;6;6;9;17;3;4;0;0;3;1;7;4;4;12;84;68;94;20;6192;2057;1546;112.0;7.6;1.7;34.3;17.4;101;59;63.1;29.3;77;38;67.0;32.7;1;64;29
7244;74;74;7;0;5;-5;14;0;4;0;0;2;1;8;2;3;8;75;67;80;20;5800;2166;854;85.0;3.1;6.2;40.3;27.3;119;73;62.0;11.2;87;58;60.0;8.8;0;150;91
7245;65;65;7;1;3;-7;42;1;1;0;0;8;4;9;0;2;10;78;63;90;11;6729;925;646;94.3;1.6;5.3;18.7;37.4;74;114;39.4;2.1;53;90;37.1;-0.8;0;0;0
7246;71;71;5;1;1;-4;7;1;1;0;0;1;0;5;0;1;0;57;59;54;7;4127;641;144;86.7;1.7;5.2;32.3;27.9;84;52;61.8;0.8;56;42;57.1;-3.8;0;15;4
7252;74;74;7;0;2;3;20;0;0;0;0;4;1;9;1;1;1;62;52;67;10;4099;0;528;105.7;4.4;1.8;36.0;27.2;72;46;61.0;8.4;56;37;60.2;7.8;0;4;1
7254;129;27;7;0;1;-1;2;0;0;0;0;0;0;3;3;1;6;58;52;63;3;4603;14;213;101.0;2.3;3.1;28.9;43.8;59;87;40.4;-2.8;46;67;40.7;-3.9;0;18;9
7256;76;76;7;1;3;1;22;0;0;0;0;2;0;12;1;2;10;73;64;83;12;5741;864;1249;101.9;2.5;1.3;30.7;20.1;114;74;60.6;3.4;78;51;60.5;3.4;0;46;25
7259;83;83;7;4;9;9;0;1;5;0;0;0;0;10;3;9;10;91;78;96;20;8104;1882;1442;110.7;5.8;1.8;32.9;25.8;144;113;56.0;6.9;109;85;56.2;6.5;1;9;3
7260;126;126;7;1;1;-2;2;0;0;0;0;0;0;2;0;0;0;56;54;51;7;3884;49;299;88.7;3.7;5.6;31.5;24.1;56;45;55.4;-3.1;44;33;57.1;-0.3;0;11;5
7261;66;66;7;7;9;5;16;2;3;0;0;2;1;11;5;2;6;97;90;95;37;7187;1671;1006;97.5;6.0;3.0;39.6;17.0;156;58;72.9;24.5;108;43;71.5;23.8;1;40;24
7263;74;74;4;1;1;-1;2;0;1;0;0;0;0;2;0;1;3;59;55;56;1;2309;166;0;93.2;1.6;3.1;31.2;26.5;39;36;52.0;1.8;29;23;55.8;7.1;0;19;8
7265;81;81;7;1;2;7;42;0;1;0;0;8;3;5;0;3;9;71;61;77;24;6036;818;432;107.9;4.8;0.6;44.1;20.3;144;80;64.3;18.6;106;55;65.8;20.3;0;11;5
7268;84;84;7;5;8;9;43;1;1;0;0;7;3;5;3;3;6;83;70;86;24;6589;1146;82;112.6;7.6;2.7;34.4;28.4;119;92;56.4;11.3;90;71;55.9;10.2;2;99;51
7270;71;71;4;0;0;-3;0;0;0;0;0;0;0;1;0;0;2;52;52;47;5;3361;222;50;98.7;2.1;5.4;22.5;49.3;43;78;35.5;-28.4;29;57;33.7;-28.1;0;33;13
7272;79;79;7;4;5;-2;6;0;1;0;0;0;0;12;3;3;9;71;74;62;23;6635;1084;851;93.8;4.3;5.4;31.5;27.1;113;107;51.4;1.6;83;76;52.2;3.6;1;50;22
7273;68;68;7;4;5;3;10;1;3;0;1;2;1;3;2;6;4;86;81;87;35;5948;1660;638;97.4;2.4;1.2;53.3;16.9;152;50;75.2;13.5;118;35;77.1;14.7;1;21;14
7275;72;72;7;1;2;2;35;0;0;0;0;3;1;6;4;3;8;77;63;90;18;6475;1111;348;100.5;2.2;1.1;31.1;16.7;110;77;58.8;13.6;80;53;60.2;14.6;0;128;67
7276;78;78;7;0;5;-5;9;0;2;0;0;1;1;17;4;8;12;74;50;92;21;7056;1970;1499;88.0;2.0;3.6;34.2;19.9;138;81;63.0;7.2;92;56;62.2;6.0;0;0;0
7277;72;72;7;3;2;6;12;0;0;0;1;2;2;9;5;2;14;73;60;83;22;6220;1224;991;107.4;3.5;0.6;34.7;22.0;119;87;57.8;12.6;86;61;58.5;12.8;1;16;7
7279;83;83;7;2;2;6;2;0;1;0;0;0;0;6;0;2;4;68;64;67;15;6312;929;32;107.6;5.1;1.7;33.7;22.2;110;76;59.1;10.2;84;56;60.0;10.8;0;6;5
7280;125;125;1;0;0;1;5;0;0;0;0;1;1;3;1;0;1;67;50;72;1;903;0;46;116.7;4.0;0.0;23.9;27.9;11;16;40.7;-17.9;10;10;50.0;-12.9;0;0;0
7281;77;77;7;1;1;-5;14;0;0;1;1;2;0;5;2;5;20;64;54;75;5;4978;842;1594;96.3;2.2;6.5;15.9;37.6;50;105;32.3;-6.3;40;79;33.6;-1.8;0;107;54
7282;84;84;7;4;7;7;17;2;0;0;0;3;2;6;1;3;4;73;66;75;20;6877;729;93;109.3;5.8;2.1;33.0;25.7;108;87;55.4;9.5;87;67;56.5;10.9;1;14;5
7285;80;80;7;2;6;9;10;1;2;0;0;0;0;6;0;0;6;63;64;60;13;5577;132;349;100.1;7.1;1.3;56.2;10.3;161;39;80.5;2.5;116;27;81.1;4.9;2;4;0
7286;75;75;7;0;2;-1;19;0;0;0;0;3;0;5;1;5;7;65;54;80;12;6699;955;1213;98.6;1.6;2.1;30.1;31.7;108;103;51.2;16.1;76;80;48.7;12.2;0;32;17
7291;76;76;7;5;7;0;4;3;3;0;0;0;0;8;3;3;10;81;82;77;25;6803;1680;1150;89.7;5.8;5.3;39.7;21.2;146;70;67.6;15.8;106;54;66.3;12.8;0;53;32
7294;79;79;7;2;9;1;30;1;5;0;0;6;3;9;3;1;6;72;66;72;18;6333;1654;66;91.3;4.5;4.0;40.4;19.9;133;83;61.6;16.8;98;53;64.9;22.1;0;161;84
7296;83;83;4;0;0;0;0;0;0;0;0;0;0;2;3;0;9;65;48;82;2;3522;42;284;103.1;1.0;1.0;16.4;32.7;32;79;28.8;-21.8;24;55;30.4;-22.0;0;0;0
7300;68;68;7;0;3;3;9;0;0;0;0;1;0;4;3;5;5;65;60;68;10;5734;349;377;97.5;3.8;1.9;39.6;15.7;110;60;64.7;-1.6;81;40;66.9;0.0;0;7;1
7301;69;69;7;1;0;-8;20;1;0;0;0;4;1;9;11;4;11;59;52;64;14;6228;237;1018;91.5;0.6;5.2;20.8;46.2;57;156;26.8;8.7;47;112;29.6;11.7;1;12;7
7303;71;71;7;2;2;5;11;1;0;0;0;1;1;10;2;6;8;80;71;86;21;6596;1594;725;100.7;4.4;1.6;44.8;18.0;158;66;70.5;10.6;117;47;71.3;13.3;0;17;5
7304;77;77;7;4;4;2;4;3;1;0;0;0;0;9;5;2;14;80;74;79;22;6316;1726;211;102.0;4.6;2.8;34.8;25.6;135;84;61.6;7.9;93;59;61.2;8.7;1;147;73
7305;146;146;7;0;1;-1;2;0;0;0;0;0;0;7;3;4;3;60;48;70;5;7275;82;463;101.8;3.0;3.5;25.7;35.6;94;134;41.2;-4.6;67;108;38.3;-7.5;0;0;0
7307;83;83;7;3;5;10;46;1;1;0;0;8;2;18;2;0;12;73;70;72;17;7146;1681;804;115.1;6.0;1.0;32.2;27.7;122;115;51.5;-0.5;94;82;53.4;1.9;1;1;0
7311;63;63;7;0;3;0;7;0;0;0;0;1;1;6;3;1;4;64;57;63;6;5603;0;1342;99.0;3.9;3.9;28.3;26.3;88;84;51.2;-0.8;66;67;49.6;-3.5;0;52;30
7312;68;68;7;3;2;5;14;0;0;0;0;2;1;9;2;3;11;73;59;86;29;7365;1010;639;101.9;4.4;2.0;41.5;22.5;159;82;66.0;0.2;115;58;66.5;-0.7;0;0;0
7313;72;72;5;0;0;-1;14;0;0;0;0;2;0;2;1;0;0;60;53;69;8;4838;92;224;96.3;0.7;1.5;26.8;23.1;63;70;47.4;-7.0;48;54;47.1;-9.2;0;0;0
7314;79;79;7;7;5;0;18;4;1;0;0;2;2;15;1;3;3;79;78;74;34;6810;1990;294;90.5;4.2;4.2;40.2;21.1;145;94;60.7;16.3;107;63;62.9;20.4;0;18;10
7315;63;63;7;1;2;1;21;0;0;0;0;3;0;11;1;4;1;63;57;67;8;4299;201;155;105.9;3.3;2.5;24.3;31.8;58;68;46.0;-15.0;48;50;49.0;-11.4;1;6;3
7320;80;80;7;4;7;10;5;1;2;0;0;1;0;8;1;4;8;87;77;91;30;6930;574;765;110.3;5.2;0.0;50.4;10.4;202;37;84.5;8.7;136;25;84.5;10.0;0;130;75
7323;70;70;7;5;2;4;27;1;0;0;0;5;2;9;2;3;14;71;62;76;22;5918;794;1446;102.7;6.1;3.6;40.1;29.2;114;87;56.7;7.0;81;64;55.9;5.4;1;17;6
7324;68;68;7;0;0;-6;19;0;0;0;0;3;1;10;1;6;27;67;51;85;9;7748;1029;1125;93.4;0.9;3.7;25.1;36.2;100;152;39.7;-1.3;77;112;40.7;0.2;0;0;0
7326;67;67;7;3;7;0;7;1;3;0;0;1;0;11;3;0;5;66;65;63;17;5223;1533;198;94.9;4.1;4.1;35.8;24.8;98;73;57.3;14.3;75;48;61.0;19.8;2;18;10
7330;70;70;7;1;2;-2;9;0;1;0;0;1;0;5;1;0;1;66;64;63;23;6389;1462;317;93.6;2.8;3.9;37.2;28.2;119;94;55.9;6.0;90;69;56.6;6.8;0;25;16
7332;64;18;7;5;14;2;29;3;8;0;0;5;0;9;3;10;35;95;68;99;21;7136;2026;893;110.0;4.5;3.0;20.7;25.2;76;105;42.0;0.2;49;64;43.4;0.0;0;0;0
7333;72;72;7;0;3;1;24;0;0;0;1;4;1;13;1;4;9;66;52;81;15;7261;407;1455;97.3;2.0;2.0;31.2;21.8;123;93;56.9;11.7;86;65;57.0;10.7;0;0;0
7334;72;72;7;1;3;2;2;0;0;0;0;0;0;17;1;3;33;93;61;99;22;7577;1811;1158;98.7;2.9;2.4;36.6;26.1;127;104;55.0;9.0;96;77;55.5;9.2;0;0;0
7336;70;70;6;2;6;-1;31;1;0;0;0;5;1;7;5;3;18;70;58;87;14;5830;816;621;101.5;4.3;4.9;29.6;37.7;92;98;48.4;-9.3;64;77;45.4;-14.3;0;0;0
7337;81;81;7;7;6;14;9;3;2;0;1;1;0;13;3;5;13;82;78;83;22;6798;1754;1189;114.0;6.9;0.0;49.2;12.7;168;52;76.4;36.2;124;38;76.5;36.1;2;38;22
7338;76;76;7;3;3;5;62;1;0;0;0;12;5;9;0;3;10;70;58;77;17;7129;986;655;95.9;5.6;3.0;40.9;17.2;157;65;70.7;20.7;109;47;69.9;18.0;1;0;0
7339;63;63;7;4;7;5;11;1;3;0;0;1;1;8;2;4;2;76;70;80;24;6267;1346;863;105.7;4.0;0.6;41.9;14.9;154;51;75.1;16.2;109;41;72.7;11.5;1;37;20
7340;17;17;7;2;4;-2;6;0;2;0;0;0;0;5;6;5;3;64;56;69;11;4937;1249;0;101.5;2.9;2.9;32.1;38.6;72;86;45.6;0.6;54;64;45.8;3.4;0;74;40
7342;67;67;7;2;1;0;2;0;0;0;0;0;0;7;2;2;5;58;54;58;8;4501;0;627;106.7;4.0;4.0;24.8;42.4;50;92;35.2;-15.2;37;67;35.6;-14.1;0;4;2
7343;79;79;5;0;1;0;5;0;0;0;0;1;1;6;3;2;3;62;52;73;4;4802;189;271;101.2;3.0;3.0;29.2;33.0;75;76;49.7;-1.5;55;57;49.1;-2.9;0;0;0
7345;68;68;7;3;7;2;2;2;4;0;0;0;0;7;0;4;4;84;79;86;33;6624;2012;341;97.3;2.7;1.6;44.0;18.5;158;62;71.8;8.9;117;44;72.7;8.5;0;8;3
7347;83;83;7;7;6;3;12;6;1;0;0;2;0;15;3;3;10;79;80;76;35;5809;1736;402;101.8;4.3;2.5;42.1;29.1;121;82;59.6;11.2;97;60;61.8;13.9;1;29;16
7350;77;77;7;3;6;-2;6;2;2;0;0;0;0;11;8;6;11;79;66;86;27;6389;2054;612;101.9;3.4;2.8;35.5;37.2;124;107;53.7;26.2;84;82;50.6;24.3;0;11;6
7352;83;83;7;3;8;8;31;0;0;0;0;3;1;9;2;2;11;79;71;83;22;5671;562;787;113.4;7.0;1.9;34.3;27.3;103;79;56.6;6.6;76;59;56.3;5.6;0;20;11
7353;81;81;7;1;10;9;10;0;4;0;0;2;0;8;0;2;16;78;67;87;33;7459;1847;1289;109.2;5.8;1.4;39.6;26.5;142;109;56.6;7.7;106;82;56.4;7.0;0;0;0
7354;67;67;7;1;1;-1;42;0;0;0;0;8;2;3;1;3;5;63;55;62;5;5887;490;51;103.1;3.1;3.7;24.5;39.1;70;98;41.7;-7.2;53;78;40.5;-8.5;0;10;3
7355;76;76;7;3;3;7;19;1;0;0;0;1;1;3;2;3;4;67;61;70;18;5593;608;289;104.5;7.1;2.6;44.4;22.5;121;64;65.4;11.8;98;48;67.1;13.6;0;7;5
7356;80;80;6;2;1;0;5;0;0;0;0;1;0;2;1;1;1;60;58;58;8;3333;51;153;90.6;3.2;3.2;34.6;17.3;66;25;72.5;-9.2;45;21;68.2;-13.2;0;2;2
7364;71;71;7;1;5;3;19;0;1;0;0;3;0;15;4;5;12;71;63;76;21;6078;861;1097;95.7;5.3;3.6;43.2;21.3;149;74;66.8;4.9;107;50;68.2;8.2;1;33;16
7365;70;70;6;0;2;1;29;0;0;0;0;5;1;11;0;10;18;86;62;98;22;5770;1298;801;98.9;1.9;1.2;39.3;21.2;111;66;62.7;12.2;87;45;65.9;17.1;0;0;0
7368;76;76;6;2;2;-1;4;0;0;0;0;0;0;2;3;3;5;55;49;63;12;5498;135;1157;93.9;6.5;7.2;34.7;28.8;97;77;55.7;2.2;74;56;56.9;2.2;0;0;0
7369;73;73;7;2;3;-4;39;1;1;0;0;7;0;12;1;6;22;76;68;83;14;7057;1258;984;93.7;2.0;4.1;28.1;30.1;100;114;46.7;25.4;75;83;47.5;26.3;0;26;14
7371;74;74;4;1;3;3;2;0;0;0;0;0;0;2;2;0;5;64;60;61;5;2747;0;1065;108.7;6.6;2.6;40.6;35.4;50;56;47.2;-14.3;39;38;50.6;-8.3;0;6;4
7372;74;74;7;0;1;2;24;0;0;0;0;2;0;7;4;1;3;60;55;59;13;4875;0;523;99.8;3.7;2.2;39.1;22.9;107;53;66.9;17.0;72;41;63.7;12.9;0;89;45
7375;153;153;1;0;0;-1;0;0;0;0;0;0;0;0;0;0;2;49;51;46;2;379;0;0;66.7;0.0;9.5;19.0;28.5;4;7;36.4;-12.3;2;5;28.6;-15.2;0;1;0
7379;68;68;7;0;4;-4;19;0;3;0;0;3;2;6;0;1;15;79;62;93;28;6645;2279;746;90.5;1.6;3.8;32.0;26.0;98;108;47.6;10.5;76;70;52.1;16.7;0;0;0
7381;151;152;6;0;2;-5;4;0;2;0;0;0;0;6;2;1;5;64;59;66;6;4092;883;79;88.1;0.0;4.4;18.5;37.0;40;68;37.0;-10.0;29;51;36.3;-9.6;0;67;32
7382;76;76;7;5;4;7;24;0;0;0;0;4;1;17;0;3;11;76;65;77;16;5805;0;1147;102.1;6.8;2.5;40.3;16.7;109;56;66.1;12.2;85;38;69.1;15.3;0;106;67
7383;81;81;7;0;3;1;2;0;0;0;0;0;0;4;2;7;5;67;60;70;11;5543;654;471;99.7;1.9;1.3;35.7;22.7;108;86;55.7;5.6;78;61;56.1;5.7;0;6;1
7386;79;79;6;2;1;0;0;0;0;0;0;0;0;8;0;2;21;65;53;75;10;5783;60;996;102.0;3.1;3.1;23.7;28.0;89;94;48.6;1.2;57;65;46.7;-2.1;0;0;0
7390;76;76;7;3;4;1;10;0;0;0;0;2;1;11;1;0;24;62;54;65;20;6349;311;1348;97.1;6.8;6.2;34.0;27.2;108;87;55.4;-2.1;78;61;56.1;-2.2;0;0;0
7392;71;71;7;1;3;1;4;0;2;0;0;0;0;4;0;1;3;64;56;71;17;3223;1334;0;100.9;3.4;2.2;33.5;24.6;63;33;65.6;2.4;44;26;62.9;0.2;0;4;2
7393;67;67;7;2;3;-4;8;1;0;0;0;0;0;7;2;8;6;71;62;78;24;6707;957;716;93.8;2.1;4.3;28.4;31.1;103;100;50.7;5.6;74;74;50.0;5.2;0;35;20
7394;80;80;7;6;5;8;10;2;0;0;0;2;1;12;0;3;1;76;74;71;31;4667;1385;132;93.1;10.0;3.9;55.5;15.4;130;33;79.8;1.4;99;28;78.0;0.5;1;6;3
7396;64;64;4;1;1;0;7;0;0;0;0;1;0;3;2;2;3;67;51;85;5;2963;0;436;100.3;2.4;2.4;29.2;30.4;46;49;48.4;-22.7;32;35;47.8;-22.2;1;25;13
7397;82;82;5;1;2;-9;0;0;0;0;0;0;0;2;1;1;14;50;52;47;9;4848;38;841;90.0;2.2;8.9;22.3;44.6;57;115;33.1;-5.5;37;81;31.4;-9.4;0;0;0
7399;74;74;7;2;7;6;34;2;4;0;0;6;2;8;4;2;18;88;73;96;39;6140;2010;1198;101.4;5.9;2.3;49.3;22.3;139;78;64.1;15.0;109;58;65.3;17.6;0;0;0
7400;76;76;7;5;6;-3;24;2;2;0;0;2;0;15;3;1;2;69;67;68;26;5754;1420;442;87.0;4.4;5.6;32.5;21.3;107;64;62.6;7.7;68;48;58.6;1.2;1;15;8
7403;70;70;1;0;0;0;7;0;0;0;0;1;0;6;0;0;3;48;50;47;0;1017;0;0;117.9;3.5;3.5;14.2;49.6;7;28;20.0;-27.4;5;17;22.7;-23.8;0;0;0
7405;84;84;7;2;1;2;7;0;0;0;0;1;0;5;4;1;5;55;50;57;9;5443;234;267;110.9;3.3;2.0;21.2;41.7;61;108;36.1;-16.7;43;87;33.1;-21.3;0;7;3
7408;82;82;7;1;7;-2;21;0;3;0;1;3;1;10;3;1;13;67;63;65;21;6928;1000;1476;93.0;3.6;5.7;32.2;31.2;117;106;52.5;15.9;88;78;53.0;17.5;0;0;0
7410;106;106;7;3;3;2;17;2;0;0;1;3;1;11;1;2;4;75;67;73;11;6388;1339;772;101.0;3.9;3.4;27.6;25.4;107;102;51.2;0.7;72;70;50.7;0.5;0;25;9
7411;113;113;7;3;4;3;12;3;0;0;0;2;1;5;3;1;7;73;67;75;26;5760;1565;388;102.1;3.8;1.9;38.1;24.4;111;74;60.0;15.1;83;51;61.9;16.5;1;16;13
7413;110;110;7;8;5;5;4;3;4;0;0;0;0;15;1;6;4;90;87;90;36;6256;1793;665;103.0;3.5;0.6;47.2;13.2;157;27;85.3;34.9;116;26;81.7;29.6;0;12;6
7414;119;119;7;5;1;-1;14;0;1;2;0;2;1;6;0;1;3;62;62;54;17;4989;536;397;97.6;3.6;5.8;26.0;35.4;61;76;44.5;-2.1;46;61;43.0;-3.2;0;81;50
7416;107;107;7;1;2;0;14;0;1;0;0;2;0;16;6;5;18;83;65;92;21;6343;2710;1469;101.5;3.4;2.8;29.5;28.4;83;91;47.7;9.3;65;70;48.1;12.3;0;0;0
7418;111;111;7;0;0;-4;4;0;0;0;0;0;0;4;0;1;3;54;50;55;3;3937;205;599;95.4;0.0;2.7;13.7;59.4;35;125;21.9;-5.9;22;85;20.6;-7.3;0;20;9
7419;118;118;7;0;5;-1;13;0;2;0;0;1;0;14;4;2;7;75;64;84;24;6845;2273;548;93.7;3.2;3.7;34.2;23.7;126;90;58.3;-1.1;90;68;57.0;-1.0;0;0;0
7421;108;108;7;1;5;4;14;0;1;0;0;2;0;12;0;6;13;74;62;85;21;7381;830;689;101.7;3.9;2.0;38.0;22.9;152;93;62.0;8.6;113;66;63.1;11.5;0;0;0
7422;116;116;7;2;10;5;5;1;7;0;0;1;0;7;3;3;4;85;81;82;49;6338;1562;1231;94.4;4.5;1.7;61.3;13.1;194;46;80.8;12.9;145;35;80.6;10.8;1;35;18
7424;114;114;7;4;5;6;13;0;2;1;1;1;0;4;2;3;5;75;63;87;20;5742;1276;1198;103.6;5.0;2.5;40.8;28.8;114;89;56.2;4.6;89;67;57.1;4.9;0;141;73
7426;114;114;7;0;2;-2;0;0;0;0;0;0;0;6;1;0;3;61;58;62;8;4606;328;153;96.4;2.3;3.9;28.1;32.8;72;81;47.1;-12.0;53;57;48.2;-9.6;0;3;2
7428;146;146;7;3;5;-2;4;1;3;0;0;0;0;9;3;5;6;68;60;76;16;5277;924;180;95.9;2.0;3.4;22.5;25.9;71;76;48.3;5.1;51;54;48.6;6.7;0;4;1
7433;47;47;1;0;0;0;0;0;0;0;0;0;0;2;0;0;0;58;52;63;1;438;0;93;100.0;0.0;0.0;32.9;41.1;7;12;36.8;4.2;4;10;28.6;-6.8;0;0;0
7438;114;114;7;2;3;4;29;0;2;1;0;5;2;18;1;7;20;72;52;90;19;7232;1519;1297;103.1;4.5;3.0;33.4;28.9;142;119;54.4;2.4;91;81;52.9;-1.3;0;0;0
7440;109;109;7;1;3;0;15;1;2;0;0;3;2;5;4;2;10;66;57;73;10;4379;855;400;101.6;2.5;2.5;25.5;30.4;57;70;44.9;-14.8;44;53;45.4;-14.9;0;85;49
7443;122;122;7;0;1;-9;16;0;0;0;0;2;0;11;1;2;9;51;48;58;8;7594;390;1067;94.7;2.8;6.6;20.9;35.1;77;143;35.0;4.9;60;104;36.6;11.7;0;0;0
7445;120;120;7;2;6;4;5;0;3;0;1;1;0;10;3;2;13;68;61;77;23;6900;2002;632;101.4;4.7;2.1;38.6;19.3;137;76;64.3;1.4;107;61;63.7;0.5;0;0;0
7449;115;115;7;2;4;2;0;1;2;0;0;0;0;5;1;3;9;76;67;82;15;6388;2023;561;109.5;3.4;2.3;22.0;38.3;76;127;37.4;-0.4;55;95;36.7;-4.4;0;18;10
7452;120;120;7;4;1;6;4;3;0;0;0;0;0;2;0;1;4;70;65;73;25;6320;1798;776;105.5;4.6;1.1;38.7;18.2;130;58;69.1;12.4;88;38;69.8;12.3;1;8;6
7453;107;107;7;1;2;-2;6;0;1;0;0;0;0;6;6;4;8;70;63;73;16;5457;1873;715;100.2;3.3;4.0;27.0;33.0;71;89;44.4;4.3;55;65;45.8;8.4;0;24;12
7455;121;121;7;3;0;-4;19;2;0;0;0;3;2;8;1;5;8;75;63;85;11;5978;1344;1266;95.5;0.6;3.0;17.5;37.9;67;122;35.4;12.1;49;89;35.5;12.5;0;18;9
7456;105;105;7;2;3;-2;8;2;2;0;0;0;0;11;4;3;15;74;67;79;12;6133;1519;110;108.1;2.9;4.1;14.7;34.6;67;117;36.4;1.3;39;81;32.5;-2.9;0;11;4
7457;113;113;7;1;4;2;51;0;1;0;0;7;3;13;0;3;15;81;61;84;12;5505;521;624;105.1;3.3;2.0;28.8;31.4;93;94;49.7;0.6;61;68;47.3;-4.5;0;95;54
7458;107;107;6;1;1;-1;5;1;0;0;0;1;0;5;1;0;6;61;57;59;5;3474;1050;447;100.8;2.1;3.1;22.8;37.3;46;74;38.3;-0.1;29;52;35.8;-2.4;1;10;6
7459;120;120;7;5;7;2;17;1;2;0;0;1;1;4;3;2;3;73;68;71;20;5584;1060;627;100.6;5.2;3.9;35.5;27.7;104;71;59.4;-5.4;76;57;57.1;-8.5;1;124;67
7462;122;122;7;5;4;-2;14;2;3;0;0;2;0;10;4;4;5;71;67;74;17;7204;1391;381;99.5;2.0;3.0;22.5;32.0;90;113;44.3;18.0;56;88;38.9;14.2;0;6;2
7464;105;105;7;4;2;-3;17;1;1;0;0;3;2;17;0;4;13;80;69;81;14;6468;1345;254;99.6;3.9;5.6;23.9;33.4;90;116;43.7;11.8;57;82;41.0;8.8;0;21;9
7465;106;106;7;1;2;-4;18;0;0;0;0;1;0;3;1;1;6;63;61;63;12;4792;282;338;92.9;2.3;5.3;30.1;36.1;83;76;52.2;2.0;60;62;49.2;-1.6;0;9;3
7468;119;119;7;0;3;-5;13;0;0;0;0;1;0;10;0;2;18;83;70;94;16;6778;1896;442;96.2;2.1;3.7;24.4;29.7;97;99;49.5;5.0;64;78;45.1;-0.5;0;0;0
7470;108;108;7;8;4;4;2;2;3;1;0;0;0;12;1;5;7;83;88;70;33;6722;1721;685;102.6;4.3;2.7;39.6;32.7;152;97;61.0;7.1;99;81;55.0;-1.1;2;24;11
7471;105;105;5;1;1;-5;7;0;0;0;0;1;0;6;2;4;11;67;58;75;10;3931;659;663;90.2;1.8;6.4;30.2;40.3;56;79;41.5;12.0;45;59;43.3;15.6;0;31;19
7473;108;108;7;5;1;2;19;3;0;0;0;3;1;9;1;4;7;73;68;74;18;5181;831;290;105.2;2.1;0.7;28.5;32.7;86;90;48.9;-10.1;59;61;49.2;-8.5;0;15;8
7476;47;47;3;0;0;0;2;0;0;0;0;0;0;3;0;0;2;60;53;55;0;1535;67;0;107.2;2.3;2.3;18.8;44.6;15;34;30.6;-7.7;13;25;34.2;-1.5;0;10;4
7478;117;117;7;4;8;3;30;2;4;0;0;4;0;13;1;4;13;82;67;94;34;7162;2076;1220;101.8;3.0;1.0;41.2;18.1;144;59;70.9;18.1;104;46;69.3;15.4;1;0;0
7479;108;8;7;2;2;2;9;1;1;0;0;1;0;6;7;2;7;72;63;78;21;5829;1297;183;100.9;3.7;2.5;45.1;34.0;131;85;60.6;6.0;98;68;59.0;5.0;0;13;7
7483;116;116;7;4;10;7;17;3;5;0;0;3;1;12;1;1;6;82;79;78;29;5877;2293;437;97.1;5.5;1.2;66.8;11.0;192;42;82.1;14.6;146;29;83.4;15.0;0;11;7
7484;120;120;7;6;3;5;8;2;0;0;0;0;0;11;2;2;4;79;63;77;27;6560;1125;774;102.9;5.5;1.6;49.9;20.3;157;56;73.7;15.1;116;46;71.6;12.1;0;120;70
7487;116;116;1;1;0;3;0;0;0;0;0;0;0;1;0;0;0;78;74;79;11;1051;388;268;113.0;10.3;0.0;78.8;3.4;40;3;93.0;45.2;31;1;96.9;52.8;1;0;0
7488;118;118;7;4;2;5;0;0;0;0;0;0;0;12;0;3;4;70;63;73;18;5374;452;522;109.4;4.7;1.3;32.8;27.5;108;76;58.7;-0.5;68;61;52.7;-6.6;1;10;8
7490;109;109;7;2;3;0;9;0;1;0;0;1;0;4;3;2;15;68;58;79;16;7177;1289;915;98.5;3.0;2.5;29.6;21.6;111;83;57.2;1.0;84;60;58.3;2.1;1;0;0
7491;112;112;7;2;2;3;2;0;0;0;0;0;0;7;2;2;8;65;58;70;7;6016;186;1165;105.1;3.0;1.2;26.3;19.1;106;62;63.1;5.8;71;46;60.7;1.7;0;37;22
7492;116;116;7;2;5;2;10;1;2;0;0;2;1;4;1;1;13;79;70;83;29;6619;556;1231;98.1;2.2;1.1;47.9;16.9;161;66;70.9;-1.9;115;44;72.3;-1.8;0;48;29
7494;140;140;7;1;1;2;12;0;0;0;0;0;0;7;3;0;4;64;55;75;11;6477;245;321;104.1;2.2;1.1;28.9;30.6;93;92;50.3;4.4;76;71;51.7;6.8;0;0;0
7495;120;120;7;1;4;4;10;0;0;0;0;2;1;7;1;0;1;64;62;58;12;5347;681;42;98.5;6.7;4.0;47.1;25.6;119;71;62.6;-1.1;94;53;63.9;0.8;0;17;7
7503;107;107;7;4;4;4;10;0;0;0;0;2;0;18;1;2;18;82;60;95;11;6548;1138;1083;108.6;3.8;1.6;28.6;34.1;96;104;48.0;10.4;66;80;45.2;8.3;0;0;0
7507;115;115;6;2;2;0;2;0;0;0;0;0;0;6;0;6;5;69;63;74;14;4250;422;610;100.6;4.2;4.2;33.9;35.6;64;72;47.1;9.6;51;57;47.2;7.3;0;23;14
7513;109;109;7;4;1;7;4;2;0;0;0;0;0;3;1;1;6;65;62;68;12;5444;1111;118;112.2;6.0;0.7;37.0;17.2;105;56;65.2;11.8;77;39;66.4;12.9;0;4;3
7514;121;121;7;1;0;-9;29;1;0;0;0;5;2;15;1;2;8;62;52;59;5;5881;195;630;94.6;1.2;6.7;19.0;56.9;57;164;25.8;-1.0;41;125;24.7;-2.4;0;25;11
7518;111;111;7;4;3;3;8;0;0;0;0;0;0;3;3;0;8;66;63;65;15;5655;526;786;106.5;5.7;3.8;28.0;27.4;81;92;46.8;3.6;64;64;50.0;6.3;0;34;14
7522;107;107;7;0;0;-2;0;0;0;0;0;0;0;7;3;1;2;57;51;57;9;2895;34;86;92.4;1.2;3.7;39.8;34.8;59;42;58.4;-16.1;37;32;53.6;-23.0;0;8;4
7523;120;120;2;2;2;4;0;1;0;0;0;0;0;4;1;0;0;78;76;73;9;1295;452;0;112.5;11.1;0.0;89.0;5.6;48;5;90.6;30.1;39;2;95.1;35.0;1;10;6
7524;132;132;6;3;0;-4;0;1;0;0;0;0;0;5;0;1;3;64;57;63;12;5407;1034;372;93.3;4.7;6.0;30.6;27.3;80;72;52.6;-0.6;65;57;53.3;0.5;1;0;0
7530;108;108;4;0;0;-1;25;0;0;0;0;2;1;1;0;0;2;57;53;58;1;2308;0;116;92.9;1.6;3.1;21.8;21.8;20;30;40.0;-13.9;17;18;48.6;-5.2;0;12;5
7531;113;113;7;1;0;1;19;0;0;0;0;3;0;12;2;1;13;62;57;67;12;4571;83;785;100.8;2.4;2.4;26.0;28.4;73;73;50.0;0.9;57;48;54.3;5.0;0;7;4
7533;111;111;7;2;6;2;6;1;2;0;0;0;0;4;1;3;9;74;69;74;15;6592;1822;948;99.3;4.4;3.3;33.9;24.0;129;85;60.3;23.4;92;62;59.7;20.7;0;9;3
7534;121;121;3;0;0;-4;14;0;0;0;0;2;0;3;1;2;3;52;48;60;2;2707;106;454;87.5;0.0;5.3;21.3;42.6;31;63;33.0;-1.4;21;45;31.8;-3.0;0;0;0
7536;116;116;7;2;10;9;12;1;3;0;0;0;0;6;0;3;20;89;75;97;40;7430;2498;924;97.9;5.8;1.5;58.6;12.1;221;60;78.6;10.5;159;37;81.1;12.3;0;0;0
7537;122;122;7;3;5;-4;7;2;2;0;0;1;0;16;6;7;18;80;76;81;20;7465;1296;746;95.8;1.4;3.4;22.7;31.8;94;114;45.2;19.4;60;89;40.3;16.4;0;29;15
7539;110;110;7;2;7;2;25;1;3;0;0;5;2;11;2;3;4;84;79;85;30;5527;1779;646;100.7;2.6;0.7;47.5;13.7;144;25;85.2;33.6;106;24;81.5;28.4;1;27;19
7540;109;109;7;1;8;4;4;0;2;0;0;0;0;11;0;6;6;87;69;96;29;7590;1843;883;101.6;4.3;1.9;29.4;14.7;125;67;65.1;12.5;88;46;65.7;12.7;0;0;0
7542;110;110;6;3;4;8;12;1;3;0;0;2;1;11;1;2;14;75;57;92;19;6739;771;886;107.8;5.3;1.1;40.6;19.8;131;70;65.2;11.7;100;48;67.6;14.6;1;0;0
7545;105;105;7;2;3;2;4;0;0;0;1;0;0;4;1;1;9;65;61;64;12;5335;157;991;105.0;3.4;2.7;23.6;29.0;86;92;48.3;-1.4;56;55;50.5;-0.0;1;9;4
7547;118;118;7;0;1;-2;2;0;0;0;0;0;0;2;0;1;2;55;51;55;5;4541;0;0;96.5;1.6;3.2;28.5;34.9;76;73;51.0;-10.4;51;59;46.4;-14.5;0;0;0
7548;120;120;7;1;6;9;25;0;0;0;1;5;1;8;2;2;2;72;59;85;27;6994;657;738;104.8;5.1;1.0;45.8;16.0;167;55;75.2;17.7;124;46;72.9;14.4;0;0;0
7550;111;111;7;2;2;-2;42;2;0;0;0;8;2;11;2;5;16;68;57;78;17;6375;2045;1061;96.6;3.4;4.5;28.2;29.4;100;107;48.3;6.0;73;79;48.0;3.9;0;0;0
7551;112;112;6;5;5;10;20;0;0;0;0;4;3;5;1;2;2;70;64;64;13;5404;298;350;114.3;8.0;1.3;39.3;22.0;113;62;64.6;6.2;90;43;67.7;8.7;2;12;9
7553;109;109;7;4;3;3;25;1;1;0;0;5;2;5;1;2;3;69;64;64;22;5143;935;357;101.2;4.9;2.8;35.7;22.4;92;65;58.6;2.8;74;48;60.7;5.2;2;110;61
7559;97;97;6;0;1;3;6;0;0;0;0;0;0;1;0;2;12;66;51;84;9;6569;77;462;104.6;2.7;1.1;29.6;23.6;102;102;50.0;3.7;78;68;53.4;7.2;0;0;0
7580;80;80;7;0;1;3;0;0;0;0;0;0;0;3;2;2;0;60;51;70;16;6481;32;713;92.6;3.9;2.2;52.8;15.0;192;51;79.0;0.5;131;35;78.9;1.9;0;0;0
7581;71;71;4;2;1;0;0;0;0;0;0;0;0;2;1;1;2;66;51;84;9;4149;0;519;99.7;1.7;1.7;21.7;20.8;40;57;41.2;3.0;32;38;45.7;8.2;1;0;0
7584;112;112;6;0;2;7;19;0;0;0;0;1;0;3;2;1;1;61;49;77;17;5527;96;574;107.1;4.6;0.7;46.2;23.4;124;62;66.7;7.9;95;44;68.3;9.2;0;0;0
7585;118;118;3;2;0;3;9;0;0;0;0;1;0;1;1;1;0;63;60;68;5;2862;381;406;109.5;6.3;2.5;36.5;32.7;46;41;52.9;-2.8;38;30;55.9;2.2;0;1;1
7586;97;97;6;1;1;-4;4;1;1;0;0;0;0;2;0;0;7;65;55;77;7;5766;291;504;95.4;0.6;3.1;20.0;40.6;62;125;33.2;-9.4;42;85;33.1;-11.8;0;0;0
7589;101;101;6;0;1;-10;2;0;0;0;0;0;0;1;2;4;6;54;47;64;4;5094;62;465;88.4;0.7;7.8;12.7;45.2;46;126;26.7;-12.9;30;84;26.3;-12.1;0;0;0
7593;82;82;6;0;3;-2;2;0;0;0;0;0;0;2;2;2;5;62;56;67;5;5800;1072;803;98.1;2.5;3.7;22.3;28.6;70;93;42.9;-2.7;52;70;42.6;-2.3;0;0;0
7595;66;66;7;1;6;-1;14;0;0;0;0;0;0;3;6;0;2;59;59;53;19;7147;1196;606;99.0;4.5;4.5;35.3;32.7;130;124;51.2;-8.3;95;87;52.2;-4.9;0;0;0
7600;93;93;6;0;1;-6;2;0;0;0;0;0;0;8;4;1;9;55;45;66;6;6432;157;1445;91.0;2.2;5.6;21.8;29.1;82;99;45.3;2.8;57;75;43.2;1.6;0;0;0
7602;87;87;7;0;0;-3;0;0;0;0;0;0;0;1;5;1;4;60;47;76;5;6691;365;721;99.6;2.2;3.8;23.1;38.7;77;127;37.7;-0.8;58;101;36.5;-1.8;0;0;0
7604;87;87;5;0;1;-8;7;0;1;0;0;1;0;6;1;3;11;59;54;63;6;4828;1086;609;90.7;0.7;6.0;14.9;41.8;42;123;25.5;-21.4;31;84;27.0;-19.8;0;0;0
7605;2;2;7;3;4;-2;4;0;2;0;0;0;0;6;12;6;2;64;56;70;16;6416;1120;517;99.6;3.4;4.5;26.9;34.8;81;95;46.0;-12.8;57;71;44.5;-15.3;0;97;33
7606;0;0;7;2;4;3;2;0;1;0;0;0;0;6;6;8;3;71;65;72;12;7331;169;755;102.8;3.9;2.9;32.9;32.4;105;101;51.0;3.8;83;82;50.3;4.0;0;120;72
7607;19;19;7;2;0;-4;0;1;0;0;0;0;0;14;3;1;7;61;57;64;21;6883;994;1452;97.7;2.1;3.1;28.2;32.4;91;99;47.9;-0.9;67;69;49.3;-0.9;0;0;0
7608;154;154;7;0;2;0;10;0;0;0;0;0;0;6;9;4;3;60;55;67;5;6280;633;20;96.9;2.9;2.9;39.0;27.5;87;84;50.9;3.4;78;58;57.4;11.0;0;71;32
7609;28;28;6;1;6;1;2;0;0;0;0;0;0;15;4;2;2;75;80;62;16;5308;882;0;100.1;5.4;4.1;38.7;29.2;88;73;54.7;0.6;66;53;55.5;0.6;0;7;4
7610;155;154;7;1;1;3;8;0;0;0;0;0;0;14;3;1;4;66;56;69;7;4989;24;906;100.9;2.9;1.4;32.5;18.0;73;48;60.3;-7.3;58;36;61.7;-6.2;0;55;26
7611;1;1;7;2;5;5;2;1;1;0;0;0;0;13;9;4;5;70;68;73;13;6749;649;0;106.0;5.3;2.7;38.9;34.7;109;109;50.0;0.7;80;76;51.3;-0.9;1;28;20
7612;1;1;7;2;1;3;4;0;0;0;0;0;0;3;6;6;2;62;56;68;9;6410;133;0;106.9;3.9;1.7;33.1;33.7;93;104;47.2;-3.2;67;72;48.2;-5.0;0;79;40
7613;1;1;7;1;3;-3;2;0;2;0;0;0;0;7;3;6;13;63;57;69;23;8837;569;280;96.4;1.2;2.9;32.6;38.7;128;150;46.0;-5.5;96;108;47.1;-7.8;0;0;0
7614;20;20;7;0;4;-2;0;0;1;0;1;0;0;9;3;4;1;57;53;59;10;7787;72;682;96.4;1.4;2.8;27.3;31.9;93;95;49.5;0.4;69;81;46.0;-4.7;0;0;0
7615;2;2;7;0;1;-2;13;0;0;0;0;1;0;14;2;4;17;62;54;76;17;8097;963;940;94.6;1.3;2.2;28.9;22.2;103;87;54.2;-1.1;78;56;58.2;4.4;0;0;0
7616;150;7;7;2;0;-4;4;0;0;0;0;0;0;8;1;1;2;61;59;59;9;6344;345;365;98.9;2.3;4.5;18.2;33.5;64;103;38.3;-3.0;42;78;35.0;-6.0;0;14;9
7617;28;28;6;2;1;2;2;0;0;0;0;0;0;13;5;3;2;72;68;75;13;4603;255;0;100.3;3.1;1.6;42.2;21.9;77;49;61.1;8.9;61;34;64.2;11.8;0;0;0
7619;7;7;6;1;1;0;5;0;0;0;0;1;0;1;3;0;1;54;51;53;7;3220;4;651;102.2;2.2;2.2;34.7;52.5;46;64;41.8;-15.6;36;54;40.0;-17.8;0;10;6
7620;153;152;2;0;0;-2;0;0;0;0;0;0;0;0;1;0;0;54;56;46;5;782;0;56;33.3;0.0;9.2;36.8;13.8;12;4;75.0;25.9;9;3;75.0;27.0;0;0;0
7622;104;104;7;1;2;-2;5;0;0;0;0;1;0;3;2;0;2;54;52;50;9;3959;44;48;92.7;1.8;3.6;30.0;27.3;60;56;51.7;-16.1;44;46;48.9;-20.4;0;0;0
7623;101;101;7;1;0;-1;5;0;0;0;0;1;0;2;1;2;3;57;51;60;2;2987;20;533;98.7;1.2;2.4;20.5;33.7;35;48;42.2;-11.7;24;35;40.7;-11.6;0;19;7
7624;89;89;7;1;4;4;20;0;0;0;0;0;0;3;3;0;7;60;54;62;9;4659;373;117;112.9;6.2;3.1;27.0;30.9;72;85;45.9;11.1;56;58;49.1;13.9;0;8;3
7625;92;92;4;0;1;-2;10;0;0;0;0;2;0;0;0;3;8;66;54;77;4;3081;693;499;98.2;2.3;4.7;30.4;49.1;42;80;34.4;-6.0;37;58;38.9;-0.1;0;42;15
7626;98;98;7;1;1;0;6;0;0;0;0;0;0;6;2;5;7;70;61;77;16;5815;1017;764;98.2;2.5;2.5;32.2;26.0;102;83;55.1;0.1;75;59;56.0;1.6;0;71;32
7629;86;86;7;1;3;-3;14;0;1;0;0;0;0;3;2;0;5;62;52;61;9;5059;689;98;88.5;2.8;5.0;29.2;23.5;85;66;56.3;-15.4;57;47;54.8;-15.3;1;88;51
7631;103;103;7;1;1;-1;2;0;0;0;0;0;0;5;3;0;1;52;52;50;6;2991;0;824;91.0;4.8;6.0;30.1;24.1;52;36;59.1;-10.1;37;28;56.9;-11.1;0;26;7
7633;100;100;7;2;0;-5;0;0;0;0;0;0;0;3;6;1;0;49;49;47;8;5569;270;40;105.5;3.2;6.5;18.1;52.4;69;129;34.8;-9.5;45;101;30.8;-12.9;0;3;2
7634;87;87;7;1;1;-2;2;0;0;0;0;0;0;2;3;5;3;63;52;74;5;3981;20;538;93.4;0.9;2.7;24.4;26.2;49;53;48.0;-5.1;35;42;45.5;-6.4;1;67;32
7636;103;103;7;0;1;-6;5;0;1;0;0;1;0;3;2;1;8;58;51;62;7;4868;341;1243;81.8;0.7;5.2;24.4;24.4;73;62;54.1;-17.7;45;44;50.6;-19.9;0;43;21
7639;92;92;7;1;2;-10;7;0;1;0;0;1;0;5;2;0;2;51;50;51;4;5400;437;0;85.5;2.0;8.7;24.0;38.0;58;117;33.1;5.3;45;77;36.9;10.5;0;94;33
7640;92;92;4;0;0;-7;7;0;0;0;0;1;0;5;2;1;4;61;50;62;4;3430;248;116;87.0;0.0;7.3;18.9;56.7;37;90;29.1;-0.7;26;70;27.1;-1.8;0;28;12
7641;103;103;7;3;1;2;22;0;0;0;0;3;0;5;1;3;4;63;58;64;9;5006;85;330;104.9;3.6;2.2;25.2;23.0;83;60;58.0;-8.9;58;45;56.3;-11.6;1;9;2
7642;95;95;7;0;0;-3;27;0;0;0;0;5;2;4;0;2;3;62;52;66;9;5572;764;0;92.5;0.6;1.9;25.8;19.4;84;75;52.8;0.1;61;42;59.2;5.1;0;0;0
7643;92;92;7;3;2;-7;21;2;0;0;0;1;0;7;0;1;10;70;60;75;13;5742;1427;707;98.3;1.9;6.3;19.4;55.2;64;141;31.2;2.8;45;114;28.3;-0.9;0;132;63
7644;85;85;3;0;1;-2;0;0;0;0;0;0;0;2;0;0;0;58;55;57;6;2274;725;89;87.5;3.2;6.3;25.3;25.3;40;35;53.3;14.2;24;26;48.0;7.7;0;2;2
7645;91;91;7;0;0;-2;22;0;0;0;0;4;2;3;4;2;4;62;55;63;12;4959;585;861;96.6;0.7;2.2;21.1;31.9;59;81;42.1;-15.3;39;61;39.0;-20.6;0;21;6
7647;86;86;7;7;4;3;2;5;1;0;0;0;0;6;3;1;1;69;63;71;26;4195;1222;0;107.4;4.3;1.7;30.0;24.9;70;49;58.8;-7.4;45;36;55.6;-10.8;1;2;0
7649;86;86;6;1;0;-2;22;0;0;0;0;4;2;4;0;1;4;61;53;68;2;2685;143;330;91.3;1.3;4.0;21.5;26.8;33;35;48.5;-19.6;22;25;46.8;-21.2;0;58;21
7651;87;87;6;0;1;-3;24;0;0;0;0;2;1;3;2;0;4;54;51;58;4;3019;461;0;90.8;1.2;4.8;26.2;34.6;41;55;42.7;-9.3;29;37;43.9;-6.2;0;1;0
7653;89;89;5;0;2;-1;10;0;0;0;0;2;1;2;1;2;5;58;50;65;2;3509;217;226;100.0;1.0;2.1;16.4;32.8;31;81;27.7;-11.2;26;55;32.1;-7.2;0;43;16
7655;87;87;7;1;0;-7;0;1;0;0;0;0;0;2;4;3;7;59;52;63;9;5080;653;3;85.4;0.0;5.0;20.6;34.0;65;96;40.4;-16.0;40;69;36.7;-18.6;0;71;34
7656;102;102;6;3;4;4;16;1;2;0;0;2;0;3;3;2;1;65;61;70;14;4309;1094;3;106.5;5.0;1.7;39.3;26.7;87;49;64.0;-2.3;62;40;60.8;-6.3;2;8;3
7658;85;85;2;0;1;1;4;0;0;0;0;0;0;0;0;0;0;57;51;61;2;1394;0;321;110.0;2.6;0.0;25.8;23.2;16;15;51.6;6.7;13;14;48.1;2.1;0;0;0
7659;97;97;6;1;1;-10;0;1;0;0;0;0;0;3;3;1;2;47;47;49;3;5988;100;474;88.3;1.8;7.8;21.0;38.5;80;127;38.6;-6.3;54;102;34.6;-9.9;1;0;0
7660;89;89;7;2;2;1;2;0;0;0;0;0;0;2;2;1;6;64;55;74;9;4742;994;36;108.4;3.8;3.0;22.0;34.2;54;100;35.1;-3.4;43;70;38.1;-1.0;1;4;3
7662;85;85;7;0;0;-3;5;0;0;0;0;1;0;1;2;0;0;53;50;54;3;4279;57;270;95.5;0.8;3.4;16.8;35.3;40;79;33.6;-9.9;28;57;32.9;-10.2;0;3;1
7663;98;98;7;2;3;-3;31;0;1;0;0;5;0;4;1;1;7;68;56;79;13;4533;1694;203;97.3;4.0;5.6;34.1;38.9;76;77;49.7;-7.1;56;64;46.7;-11.0;0;66;29
7665;95;95;1;0;0;-2;0;0;0;0;0;0;0;2;1;0;1;45;49;41;1;857;0;397;77.8;0.0;8.4;37.8;37.8;15;16;48.4;-8.1;10;12;45.5;-1.4;0;0;0
7668;96;96;7;1;1;-4;11;1;1;0;0;1;0;3;1;2;8;60;52;71;13;4449;1119;113;98.2;1.6;4.9;17.0;42.9;39;89;30.5;-15.3;30;62;32.6;-12.2;0;78;31
7669;95;95;4;0;0;-6;5;0;0;0;0;1;0;1;3;0;0;48;49;47;2;3727;439;274;84.2;0.0;5.8;11.6;36.7;29;72;28.7;-21.3;20;52;27.8;-21.6;0;0;0
7670;102;102;7;5;6;8;12;1;3;0;0;0;0;7;2;0;5;76;73;79;22;5583;1740;89;109.7;5.8;0.6;44.5;19.3;115;66;63.5;-2.0;89;47;65.4;-0.1;0;4;1
7671;95;95;7;6;1;3;7;1;0;0;0;1;0;4;1;1;11;62;59;58;14;4980;214;539;117.5;6.5;4.3;22.4;37.6;58;108;34.9;-16.4;41;70;36.9;-16.4;0;74;29
7672;93;93;1;0;0;-1;0;0;0;0;0;0;0;0;0;0;0;46;49;42;0;467;0;0;88.9;0.0;7.7;23.1;69.4;3;14;17.6;-51.6;3;13;18.8;-51.3;0;0;0
7673;97;97;7;2;1;5;0;0;1;0;0;0;0;1;2;0;0;60;56;60;10;5211;974;0;111.9;4.8;1.4;29.0;29.0;88;88;50.0;10.3;62;62;50.0;8.4;0;10;5
7674;98;98;7;1;1;3;2;0;0;0;0;0;0;6;1;1;1;59;54;60;7;5069;245;217;110.3;2.8;0.7;22.0;27.0;61;83;42.4;-15.1;42;62;40.4;-19.1;0;2;1
7676;90;90;6;1;1;0;6;0;1;0;0;0;0;4;2;0;4;60;51;71;9;5591;1250;678;99.8;3.9;3.9;34.1;33.5;100;97;50.8;0.6;78;72;52.0;4.6;0;0;0
7677;104;104;6;0;1;-1;0;0;0;0;0;0;0;4;2;2;1;54;50;55;2;2608;0;0;95.0;2.8;4.1;27.6;27.6;42;35;54.5;-14.2;29;27;51.8;-16.2;0;17;5
7679;98;98;7;3;4;2;16;0;0;1;0;0;0;5;1;1;7;69;63;72;19;4991;826;623;96.5;3.6;2.9;38.2;22.4;98;53;64.9;13.0;72;44;62.1;9.7;2;19;5
7681;98;98;7;2;1;1;2;0;0;0;0;0;0;4;2;3;7;66;53;80;15;6273;240;1954;97.2;2.9;2.3;33.3;20.1;119;81;59.5;6.5;85;54;61.2;9.1;0;0;0
7682;88;88;7;1;2;-2;2;1;1;0;0;0;0;9;3;3;10;62;52;71;9;4683;907;75;99.1;0.8;2.3;16.9;42.3;54;102;34.6;-15.6;40;80;33.3;-17.3;0;83;33
7683;99;99;7;0;1;-2;2;0;0;0;0;0;0;5;1;0;2;58;51;58;3;4380;393;117;94.8;2.5;4.1;27.1;28.8;60;72;45.5;-10.8;41;48;46.1;-11.1;0;3;1
7684;92;92;6;1;1;-2;7;0;0;0;0;1;0;2;1;0;9;54;50;55;2;3054;146;0;127.9;2.4;4.7;5.9;38.9;14;76;15.6;-14.2;10;53;15.9;-13.4;0;13;3
7685;90;90;7;0;1;-1;71;0;0;0;0;8;2;15;1;0;1;60;50;72;4;5895;147;1117;101.4;1.8;2.4;19.5;30.5;75;95;44.1;-7.6;50;68;42.4;-8.3;0;0;0
7688;95;95;6;0;1;2;4;0;0;0;0;0;0;3;1;1;4;61;54;62;3;4100;43;168;108.3;2.6;0.9;22.8;27.2;50;77;39.4;-19.2;38;52;42.2;-18.7;0;6;2
7689;98;98;7;0;4;4;2;0;1;0;0;0;0;4;0;2;0;58;53;57;5;4423;515;0;108.5;4.9;1.6;35.8;31.7;71;74;49.0;-14.7;53;60;46.9;-17.0;0;0;0
7690;85;85;4;1;3;2;0;0;0;0;0;0;0;0;0;0;1;60;59;56;11;1942;176;0;95.2;9.3;5.6;61.2;27.8;54;28;65.9;7.8;43;24;64.2;5.4;0;1;1
7691;95;95;6;2;1;9;21;0;0;0;0;1;1;1;4;0;1;66;53;63;18;4728;154;0;113.4;8.4;1.5;44.2;27.4;92;68;57.5;4.9;74;51;59.2;3.6;0;0;0
7692;97;97;5;0;1;-1;0;0;0;0;0;0;0;3;0;1;0;57;53;54;4;2303;57;0;80.0;1.6;3.1;31.3;12.5;38;18;67.9;-1.2;27;14;65.9;-3.5;0;2;1
7693;92;92;7;0;3;-2;40;0;0;0;0;4;0;12;3;2;12;70;54;72;4;5356;436;213;103.8;2.7;4.0;20.2;42.3;50;124;28.7;-0.7;38;87;30.4;2.0;0;6;3
7694;100;100;7;0;2;-3;2;0;0;0;0;0;0;4;1;5;14;63;54;72;8;4663;530;591;101.2;2.3;4.6;21.6;48.6;55;107;34.0;-16.7;42;80;34.4;-16.0;0;21;7
7696;101;101;7;2;1;-1;9;0;0;0;0;1;1;5;3;3;11;62;53;64;11;5816;212;510;102.6;2.5;2.5;24.8;33.4;74;108;40.7;3.3;60;71;45.8;11.4;0;25;13
7697;87;87;7;0;1;-5;34;0;1;0;0;6;0;3;2;0;5;55;53;56;3;6293;524;48;92.6;1.1;4.0;25.7;33.8;93;95;49.5;-4.0;63;74;46.0;-6.9;0;3;1
7699;95;95;7;1;1;-2;22;0;0;0;0;4;1;11;3;1;10;66;59;71;10;5068;732;116;99.0;2.1;2.8;27.0;32.0;63;99;38.9;-18.6;53;67;44.2;-14.9;0;90;40
7700;90;90;6;1;0;1;14;0;0;0;0;2;1;6;2;1;1;60;50;72;11;5331;58;875;100.7;2.7;2.0;29.0;23.6;84;78;51.9;0.8;58;56;50.9;1.6;0;0;0
7701;86;86;6;1;8;7;7;1;3;0;0;1;0;7;5;3;0;75;62;81;13;4596;592;368;110.6;6.3;0.8;42.3;18.8;103;37;73.6;10.6;70;32;68.6;4.3;0;100;47
7702;92;92;7;3;4;-2;6;1;2;0;0;0;0;3;1;1;5;60;59;58;15;7076;1490;1057;107.1;4.1;5.1;23.4;49.3;78;169;31.6;3.7;58;130;30.9;3.1;0;0;0
7703;85;85;3;0;0;-3;0;0;0;0;0;0;0;1;1;0;0;51;49;53;2;2215;272;74;84.2;0.0;4.9;13.0;30.9;24;38;38.7;-11.3;16;26;38.1;-7.3;0;2;0
7704;96;96;7;2;3;0;30;2;0;0;0;4;1;15;4;5;28;73;53;82;14;7507;1023;1412;99.4;2.4;2.4;27.8;25.9;101;105;49.0;10.2;72;72;50.0;11.8;2;0;0
7705;97;97;6;0;3;-1;2;0;0;0;0;0;0;11;3;2;11;67;51;83;9;6465;428;1176;103.1;3.9;4.5;21.7;30.1;80;104;43.5;6.3;59;75;44.0;4.7;0;0;0
7706;96;96;4;0;0;0;10;0;0;0;0;2;1;5;1;0;5;58;47;69;3;3348;0;648;106.7;3.2;3.2;21.5;38.7;39;64;37.9;-6.0;25;49;33.8;-12.5;0;0;0
7707;94;94;7;2;3;1;17;0;1;0;1;3;0;3;1;1;2;59;54;65;10;3696;275;250;106.0;2.9;1.9;27.3;40.9;51;71;41.8;-22.9;35;58;37.6;-27.6;0;68;31
7708;89;89;7;2;4;1;11;1;0;0;0;1;0;9;4;3;8;68;55;75;21;6676;954;75;100.2;3.2;2.7;32.9;28.0;102;98;51.0;6.6;77;71;52.0;8.0;0;2;1
7709;103;103;7;1;0;5;10;0;0;0;0;2;0;10;1;1;0;61;55;62;13;4945;253;52;96.2;5.8;2.2;45.1;13.1;104;33;75.9;10.7;77;26;74.8;11.1;0;7;4
7710;99;99;6;0;0;-4;18;0;0;0;0;2;1;17;2;1;5;61;48;75;2;4619;112;1144;90.5;0.0;3.1;21.0;32.7;51;90;36.2;-13.1;40;62;39.2;-10.0;0;3;0
7711;99;99;7;0;0;-7;2;0;0;0;0;0;0;9;3;2;6;58;50;68;4;3216;405;923;87.8;0.0;5.6;23.5;45.9;34;67;33.7;-17.3;26;49;34.7;-17.0;0;21;13
7712;99;99;7;0;5;6;0;0;0;0;0;0;0;8;0;2;3;68;62;72;13;4013;663;224;110.8;6.3;0.9;40.4;18.8;85;37;69.7;5.8;67;30;69.1;4.4;0;66;37
7714;97;97;7;0;1;-1;10;0;0;0;0;2;0;10;5;1;7;59;49;67;4;4649;33;671;109.9;2.3;3.1;12.4;34.8;40;84;32.3;-12.5;29;56;34.1;-11.7;0;59;29
7718;94;94;7;1;6;3;36;0;3;0;0;6;1;7;3;3;19;59;52;70;3;7508;1538;1148;116.9;5.8;4.3;20.1;36.9;86;145;37.2;-0.6;64;111;36.6;-3.6;0;0;0
7719;102;102;7;2;6;10;16;1;1;0;0;2;0;3;1;3;0;72;70;75;27;6103;1736;196;102.7;8.3;2.4;50.1;17.1;138;58;70.4;7.8;108;43;71.5;8.7;1;7;5
7720;87;87;6;0;1;-1;2;0;0;0;0;0;0;2;2;3;1;57;53;62;9;4825;970;0;91.7;2.2;3.0;26.9;17.9;77;52;59.7;10.3;57;38;60.0;12.5;0;4;1
7723;95;95;7;0;0;-2;0;0;0;0;0;0;0;5;2;3;3;62;51;69;7;2594;74;792;92.3;0.0;2.8;18.0;36.1;33;47;41.3;-13.2;22;37;37.3;-20.6;0;33;17
7725;95;95;7;5;7;1;19;3;3;0;0;3;3;15;5;2;2;73;68;70;27;6600;1510;595;99.1;3.8;3.3;34.4;27.3;114;95;54.5;11.4;84;71;54.2;7.3;1;121;67
7726;101;101;5;0;1;1;5;0;0;0;0;1;0;1;1;2;1;57;50;65;4;2847;59;833;106.7;3.8;2.5;27.8;36.7;36;53;40.4;-1.3;25;42;37.3;-4.7;0;60;25
7727;104;104;7;1;3;2;2;0;1;0;0;0;0;5;3;7;6;71;64;73;16;5388;299;847;90.6;4.0;3.3;40.8;17.4;106;65;62.0;-5.0;76;41;65.0;0.9;0;11;8
7728;104;104;5;0;1;1;0;0;0;0;0;0;0;1;1;0;3;59;53;62;1;2820;212;0;103.7;2.6;1.3;29.4;25.5;40;41;49.4;-15.9;30;27;52.6;-10.5;0;6;3
7729;87;87;5;0;1;-1;5;0;1;0;0;1;1;3;5;0;0;53;44;61;7;4374;169;815;95.6;1.6;2.5;37.0;28.0;82;62;56.9;-3.1;64;50;56.1;-2.5;0;0;0
7730;100;100;5;1;2;3;9;0;0;0;0;1;1;3;3;1;4;56;53;57;7;3032;37;0;108.4;4.7;1.2;41.6;39.2;61;53;53.5;-6.8;43;42;50.6;-11.7;0;18;10
7734;103;103;6;1;3;4;6;0;0;0;0;0;0;3;1;0;0;60;59;61;7;4175;542;0;101.2;6.0;2.6;44.0;20.7;81;46;63.8;19.4;67;35;65.7;18.9;0;0;0
7736;99;99;7;0;1;-4;4;0;1;0;0;0;0;1;2;2;2;58;51;59;8;5380;1010;0;90.2;0.7;3.3;22.1;26.1;69;76;47.6;-0.3;46;56;45.1;-4.6;0;0;0
7737;104;104;6;0;2;-1;21;0;1;0;0;3;1;3;2;2;0;55;55;55;18;5548;329;543;91.8;2.6;3.2;42.8;22.7;116;67;63.4;-2.6;85;51;62.5;-1.8;0;0;0
7738;87;87;2;0;0;0;0;0;0;0;0;0;0;1;0;0;0;55;50;55;0;671;0;0;100.0;0.0;0.0;10.7;37.6;6;13;31.6;-13.8;4;9;30.8;-18.8;0;4;3
7739;96;96;7;1;8;1;7;0;3;0;0;1;0;9;5;2;2;67;63;71;13;5960;1259;343;103.2;4.8;4.2;27.2;29.0;83;86;49.1;9.4;57;64;47.1;6.9;0;14;6
7741;99;99;7;0;1;3;2;0;0;0;0;0;0;4;2;1;2;59;50;61;6;5212;933;0;109.0;3.5;1.4;23.5;24.2;77;81;48.7;1.3;56;55;50.5;2.7;0;0;0
7742;85;85;7;3;4;2;10;1;2;0;0;0;0;7;4;4;3;74;63;87;17;6607;2159;1115;99.9;3.3;2.2;36.5;24.0;108;77;58.4;25.7;79;59;57.2;24.5;0;28;14
7743;97;97;7;1;2;-6;32;0;1;0;0;6;4;5;1;6;12;71;61;73;14;6125;733;519;88.7;0.0;3.5;21.2;31.2;77;100;43.5;1.5;56;69;44.8;1.4;0;104;60
7744;90;90;7;4;6;-3;11;3;5;0;0;1;0;14;0;3;8;74;69;78;26;4948;1635;0;98.3;1.5;2.2;28.4;32.0;85;80;51.5;2.5;66;66;50.0;1.9;0;13;11
7750;89;89;6;0;2;0;4;0;0;0;0;0;0;1;1;0;5;56;50;59;2;2925;126;0;113.5;2.5;2.5;12.3;38.2;23;63;26.7;-11.3;16;46;25.8;-13.0;0;15;6
7751;101;101;7;0;1;-7;4;0;0;0;0;0;0;3;1;2;2;53;50;47;2;4492;73;0;89.4;0.0;5.6;15.2;52.9;44;103;29.9;-10.9;30;79;27.5;-13.3;0;2;1
7754;86;86;7;2;4;5;11;0;1;0;0;1;0;8;3;3;2;69;65;68;32;6356;1195;272;101.2;4.0;1.1;45.9;15.3;155;57;73.1;12.4;113;41;73.4;13.3;0;13;7
7757;90;90;6;1;0;-2;2;0;0;0;0;0;0;1;2;8;12;58;48;72;7;6181;49;1458;103.1;2.9;4.1;19.2;33.8;94;112;45.6;-6.3;68;85;44.4;-5.7;0;0;0
7764;91;91;6;0;2;-4;12;0;0;0;0;2;2;9;1;1;10;67;59;74;8;5674;461;282;91.9;0.6;3.2;22.8;29.2;73;89;45.1;-12.9;53;60;46.9;-13.1;0;0;0
7765;103;103;7;1;0;-2;0;0;0;0;0;0;0;2;2;0;1;51;49;50;4;4412;0;0;98.8;2.4;4.1;22.8;34.3;58;80;42.0;-15.4;44;56;44.0;-14.2;0;64;17
7766;99;99;5;2;2;0;25;1;2;0;0;1;0;5;2;4;3;71;57;86;11;3598;905;1074;104.0;1.0;0.0;25.0;25.0;58;46;55.8;13.6;40;36;52.6;9.8;0;22;11
7768;95;95;7;2;4;3;25;0;0;0;0;3;1;7;2;3;12;72;58;64;20;6691;0;237;98.6;3.8;2.2;43.6;21.5;135;79;63.1;15.6;110;53;67.5;18.8;0;13;10
7771;104;104;6;2;1;-2;2;2;0;0;0;0;0;2;2;1;1;57;53;57;11;4088;176;40;92.9;1.8;3.5;44.0;31.7;75;65;53.6;-17.7;60;50;54.5;-14.2;0;67;32
7772;89;89;7;2;0;2;6;0;0;0;0;0;0;7;1;0;2;52;50;54;5;3236;5;331;127.9;4.4;2.2;13.3;41.2;27;72;27.3;-12.3;17;51;25.0;-16.3;0;20;9
7773;91;91;2;0;0;-1;2;0;0;0;0;0;0;3;0;0;0;59;53;65;0;1151;135;37;90.9;0.0;3.1;25.0;34.4;14;19;42.4;-1.9;9;16;36.0;-8.1;0;21;13
7774;89;89;7;2;2;5;12;0;0;0;0;2;0;5;2;2;9;60;53;64;5;6049;223;895;111.9;4.2;1.2;26.2;29.8;82;105;43.9;-4.4;64;74;46.4;-4.3;0;25;9
7776;98;98;5;2;0;-2;8;1;0;0;0;0;0;3;1;0;8;65;59;68;12;2161;1121;127;97.5;3.3;5.0;26.7;33.3;36;38;48.6;-5.0;23;30;43.4;-10.0;0;4;1
7777;101;101;7;2;4;0;6;1;2;0;0;0;0;8;5;3;3;69;58;80;6;5951;1194;386;105.5;3.0;2.4;22.4;30.2;79;92;46.2;10.9;60;68;46.9;12.8;0;126;74
7780;102;102;4;1;1;4;2;0;0;0;0;0;0;4;0;1;0;64;60;62;8;2549;332;0;106.0;7.1;1.4;49.4;16.9;63;25;71.6;10.3;48;17;73.8;13.8;0;7;4
7782;80;80;6;2;2;-3;14;2;1;0;0;2;1;7;1;0;3;67;66;63;20;3776;1625;122;74.8;3.8;5.7;46.7;17.2;102;33;75.6;-2.7;74;23;76.3;-0.8;0;13;7
7783;80;80;4;0;3;5;4;0;0;0;0;0;0;2;1;0;1;56;50;62;4;4142;0;250;109.8;5.2;0.9;38.2;22.6;87;44;66.4;-10.2;60;38;61.2;-15.4;0;0;0
7784;66;66;6;0;1;1;7;0;0;0;0;1;0;4;3;1;5;53;46;63;12;6380;0;925;90.6;3.4;2.8;34.4;14.7;121;58;67.6;15.7;88;38;69.8;19.3;0;0;0
7786;82;82;7;2;3;-1;4;0;1;0;0;0;0;1;0;1;3;56;57;49;10;5480;308;122;107.5;4.6;5.3;20.4;34.8;63;104;37.7;-6.0;40;72;35.7;-8.2;0;6;2
7788;73;73;7;2;0;-6;8;1;0;0;0;0;0;7;7;1;2;54;52;49;6;6095;903;360;99.7;1.8;5.3;15.9;46.7;57;140;28.9;-0.5;36;105;25.5;-6.0;0;9;2
7789;64;64;2;0;0;-1;5;0;0;0;0;1;0;1;0;0;3;59;54;63;2;1790;0;144;99.0;4.0;6.0;24.1;34.2;24;28;46.2;-13.5;16;23;41.0;-15.1;0;0;0
7790;63;63;7;1;3;1;4;0;0;0;0;0;0;4;1;1;5;59;54;57;8;5178;46;829;101.1;3.5;2.8;31.3;27.8;82;74;52.6;-15.1;61;54;53.0;-15.5;0;19;11
7791;65;65;4;1;0;3;4;0;0;0;0;0;0;1;2;1;0;53;49;59;4;2452;0;219;104.3;5.9;1.5;38.2;13.2;43;18;70.5;6.4;30;12;71.4;7.0;0;1;0
7792;76;76;5;0;1;-1;7;0;0;0;0;1;0;9;1;1;4;59;56;59;6;2861;111;643;92.1;5.0;6.3;41.5;31.5;53;43;55.2;-3.0;44;31;58.7;-0.7;0;22;13
7793;77;77;4;0;3;-1;8;0;1;0;1;0;0;3;1;0;4;68;57;82;6;3801;1170;354;105.2;0.9;2.8;9.5;58.7;15;111;11.9;-10.0;12;84;12.5;-8.7;0;0;0
7794;75;75;5;1;0;4;16;0;0;0;0;2;2;17;2;1;4;65;53;76;16;4601;62;607;96.4;5.5;2.3;54.8;17.2;115;43;72.8;3.1;89;32;73.6;2.9;0;0;0
7795;84;84;7;0;3;2;7;0;0;0;0;1;0;5;3;1;7;62;47;82;4;7092;885;887;111.2;4.6;3.6;20.8;33.0;81;115;41.3;-10.2;56;88;38.9;-14.0;0;0;0
7796;79;79;7;1;1;-1;12;0;0;0;0;2;1;7;3;1;1;58;53;58;4;4840;131;468;96.8;2.2;3.0;23.1;23.1;60;64;48.4;-2.4;41;46;47.1;-3.3;0;6;3
7797;76;76;7;2;1;1;4;0;0;0;0;0;0;2;1;1;6;59;53;60;7;3729;0;101;102.8;3.9;2.9;30.9;29.9;56;57;49.6;-19.6;42;42;50.0;-20.4;0;45;16
7798;75;75;7;2;2;2;22;1;0;0;0;4;2;5;1;3;7;68;60;70;17;5914;283;448;101.1;3.7;1.8;31.0;17.0;104;64;61.9;-2.9;75;44;63.0;-2.3;0;89;48
7803;73;73;7;0;2;-6;24;0;0;0;0;2;0;5;2;0;23;57;51;62;4;4814;247;634;94.0;1.5;6.0;18.7;42.6;41;129;24.1;-6.9;30;82;26.8;-3.9;0;67;35
7805;70;70;7;1;0;-2;11;0;0;0;0;1;0;0;0;0;1;55;52;57;8;3474;300;17;96.1;3.1;5.2;31.1;37.3;57;78;42.2;-11.9;43;56;43.4;-10.9;0;56;27
7806;63;63;7;1;2;6;36;0;0;0;1;6;3;2;0;3;15;66;53;74;8;6691;336;706;107.3;4.8;1.1;37.7;19.4;124;87;58.8;-7.8;97;53;64.7;-0.2;0;0;0
7812;71;71;6;0;2;3;2;0;0;0;0;0;0;2;2;0;4;65;54;75;12;5531;352;567;96.2;3.9;2.6;39.1;18.9;109;56;66.1;8.8;79;39;66.9;11.4;0;0;0
7813;79;79;7;3;2;-2;12;1;0;0;0;2;1;8;0;0;0;62;58;63;9;5273;359;29;94.5;2.7;4.1;22.5;23.2;67;73;47.9;-3.1;46;52;46.9;-3.6;0;76;32
7815;75;75;5;1;4;4;0;0;0;1;0;0;0;8;4;0;4;60;50;74;18;4765;3;727;95.8;3.0;1.5;43.8;13.6;95;40;70.4;8.3;72;27;72.7;10.4;0;0;0
7817;74;74;7;2;4;-4;13;0;1;0;0;1;0;7;0;3;5;64;67;54;14;6415;790;1053;93.8;2.8;5.1;30.9;33.1;104;95;52.3;-2.8;73;76;49.0;-7.3;0;35;16
7818;80;80;5;0;0;-2;5;0;0;0;0;1;0;3;0;0;1;53;52;51;8;2308;31;0;83.3;0.0;3.1;35.9;18.7;44;24;64.7;-15.0;33;18;64.7;-15.0;0;17;9
7819;78;78;7;1;2;-3;7;0;0;0;0;1;0;7;1;0;3;52;53;46;6;2746;188;145;97.9;3.9;7.9;26.2;45.9;40;65;38.1;-22.2;28;44;38.9;-22.1;0;8;4
7820;70;70;7;1;3;-6;0;0;2;0;0;0;0;3;2;1;0;60;57;55;4;5192;423;97;86.8;0.7;4.9;22.2;29.8;71;82;46.4;-7.1;47;60;43.9;-10.6;0;78;41
7821;66;66;7;0;1;-5;24;0;0;0;0;2;0;4;2;4;17;59;49;71;10;6960;972;1140;98.3;2.1;5.2;19.7;42.4;81;154;34.5;-4.0;56;111;33.5;-2.3;0;0;0
7822;66;66;7;0;0;-8;0;0;0;0;0;0;0;4;2;3;5;54;52;53;3;5486;179;777;84.9;0.7;5.9;22.3;32.8;79;91;46.5;-7.2;57;66;46.3;-7.8;0;28;11
7823;65;65;6;1;0;-1;2;0;0;0;0;0;0;3;1;0;6;55;52;57;2;2694;179;0;106.9;5.3;6.7;22.7;40.1;42;59;41.6;-12.7;29;44;39.7;-15.2;0;0;0
7824;78;78;1;0;1;-1;0;0;0;0;0;0;0;0;0;0;0;59;63;42;1;978;0;174;95.0;7.4;11.0;36.8;44.2;22;19;53.7;-12.1;16;15;51.6;-13.7;0;0;0
7828;83;83;7;0;2;-1;20;0;0;0;0;0;0;7;3;0;5;53;50;54;0;2933;10;664;104.4;4.9;6.1;24.5;39.3;35;70;33.3;-21.8;28;47;37.3;-17.4;0;24;8
7830;66;66;7;0;1;-9;2;0;0;0;0;0;0;1;1;1;6;53;51;53;4;4507;360;204;89.4;0.8;8.0;14.4;49.5;35;120;22.6;-23.7;26;82;24.1;-21.7;0;59;20
7832;78;78;6;1;0;1;2;0;0;0;0;0;0;3;1;3;8;57;50;65;6;6552;237;681;106.7;2.7;2.2;22.0;37.9;89;121;42.4;-8.8;64;93;40.8;-12.0;0;0;0
7833;74;74;7;2;4;4;6;1;1;0;0;0;0;3;3;3;6;64;58;68;14;5322;735;55;110.9;6.8;4.1;31.8;39.2;77;117;39.7;-20.8;58;84;40.8;-18.8;0;100;37
7834;69;69;7;1;3;-5;2;0;1;1;0;0;0;7;1;2;4;61;56;59;9;5249;346;769;97.2;1.4;5.5;18.5;53.5;46;139;24.9;5.6;35;97;26.5;6.7;0;40;24
7835;65;65;2;0;0;-5;0;0;0;0;0;0;0;1;0;0;1;46;50;41;3;1659;0;221;76.2;0.0;10.8;30.4;45.6;29;32;47.5;-3.4;18;26;40.9;-10.4;0;13;3
7838;84;84;7;1;7;2;4;0;2;0;0;0;0;9;1;2;14;64;57;68;11;5875;428;777;103.8;3.7;2.5;29.4;28.2;88;76;53.7;6.7;70;60;53.8;6.6;1;29;12
7839;68;68;7;2;2;0;19;0;0;0;0;3;0;2;1;4;21;68;54;86;16;6838;940;1014;99.4;2.6;2.6;27.4;25.8;92;112;45.1;6.8;67;70;48.9;11.8;0;0;0
7841;79;79;7;2;1;1;19;0;0;0;0;3;0;6;3;1;7;63;59;67;12;4834;1160;327;104.1;3.7;3.0;28.3;32.8;74;85;46.5;-5.0;56;62;47.5;-3.1;0;11;5
7842;76;76;7;1;4;-2;2;0;0;0;0;0;0;5;7;1;8;61;58;60;20;7637;467;395;97.7;3.3;4.2;31.1;33.0;120;141;46.0;-17.8;92;98;48.4;-15.3;0;0;0
7843;83;83;7;1;5;0;2;0;1;0;0;0;0;4;0;1;3;58;53;61;14;6601;159;1359;95.4;4.9;4.9;38.7;28.4;130;99;56.8;7.6;99;73;57.6;8.2;0;0;0
7844;75;75;7;0;2;-2;5;0;0;0;0;1;0;4;0;1;3;57;54;58;6;4033;434;224;98.9;2.7;4.5;26.8;40.2;61;87;41.2;-19.4;45;64;41.3;-18.1;0;8;1
7845;83;83;6;0;2;2;4;0;0;0;0;0;0;0;2;0;1;58;54;57;5;3726;77;50;107.1;3.9;1.9;29.0;30.9;60;67;47.2;-6.2;46;49;48.4;-5.0;0;0;0
7846;66;66;7;0;2;1;7;0;0;0;0;1;0;4;1;3;8;67;55;77;9;4439;20;1100;105.9;2.4;1.6;23.5;36.5;55;75;42.3;-17.4;37;56;39.8;-19.2;0;17;9
7848;80;80;7;3;2;10;4;1;0;0;0;0;0;1;6;3;4;70;55;84;26;7259;745;452;105.9;6.4;1.5;44.6;17.4;154;65;70.3;-12.1;115;54;68.0;-14.3;2;0;0
7852;83;83;6;0;1;-5;9;0;0;0;0;1;0;9;2;2;11;63;55;70;13;5989;303;502;91.2;1.2;4.2;28.9;32.5;93;99;48.4;-9.4;65;72;47.4;-10.9;0;0;0
7854;73;73;7;1;2;-6;5;0;0;0;0;1;0;11;1;7;23;66;52;83;10;6819;1063;735;101.3;2.6;5.8;17.9;43.3;66;161;29.1;-0.3;47;117;28.7;-1.7;0;0;0
7856;66;66;7;0;2;1;43;0;1;0;0;7;3;19;2;0;6;63;52;73;14;6665;278;820;99.3;2.7;2.2;32.9;24.3;136;90;60.2;5.8;94;66;58.8;5.3;0;0;0
7857;69;69;7;0;0;-6;9;0;0;0;0;1;0;3;4;0;1;54;49;58;6;5998;1498;207;90.7;0.0;3.0;12.0;32.4;48;113;29.8;11.8;34;77;30.6;11.6;0;121;55
7859;80;80;7;2;5;7;2;1;2;0;0;0;0;10;3;2;3;66;56;78;28;7369;513;771;90.4;5.9;2.4;52.3;11.7;216;36;85.7;10.8;148;25;85.5;12.0;0;0;0
7860;80;80;1;0;0;-1;0;0;0;0;0;0;0;0;0;0;0;48;50;46;1;427;0;0;83.3;0.0;8.4;16.9;50.6;3;6;33.3;-55.2;3;6;33.3;-54.2;0;4;0
7861;73;73;7;0;2;-5;14;0;0;0;0;2;0;5;8;5;27;76;57;90;19;7288;1726;456;95.9;1.0;3.5;23.7;42.0;79;157;33.5;6.4;61;105;36.7;10.6;0;0;0
7862;76;76;7;1;3;-3;11;0;1;0;0;1;0;10;0;0;3;65;61;63;13;5639;1160;106;94.2;3.2;5.1;31.3;31.9;96;99;49.2;-10.7;63;67;48.5;-12.6;0;111;50
7863;69;69;6;1;0;-8;13;0;0;0;0;0;0;10;4;2;31;58;52;64;6;5160;1107;604;95.0;0.7;6.3;14.0;62.8;27;161;14.4;-10.4;24;115;17.3;-7.1;0;10;5
7865;72;72;7;3;2;2;4;0;0;0;0;0;0;3;3;0;2;56;56;48;16;5663;459;0;98.1;5.1;3.8;40.0;26.1;96;85;53.0;5.2;75;60;55.6;8.2;1;7;3
7866;79;79;4;1;1;0;5;0;0;0;0;1;1;2;1;0;1;58;55;52;6;3842;637;389;124.4;5.6;4.7;15.9;43.1;42;74;36.2;-6.8;27;57;32.1;-12.8;0;0;0
7867;67;67;7;0;1;0;2;0;0;0;0;0;0;9;0;0;5;59;52;63;3;3569;252;137;102.0;1.0;1.0;20.2;33.3;34;69;33.0;-29.8;27;43;38.6;-22.8;0;11;3
7870;64;64;7;3;3;0;11;1;0;0;0;1;1;11;4;2;4;63;56;66;11;5586;61;586;103.9;3.2;3.2;23.2;32.2;55;97;36.2;-7.7;43;67;39.1;-5.8;1;72;28
7873;67;67;5;1;0;-1;14;0;0;0;0;2;0;5;2;1;5;63;52;77;8;4756;344;770;98.5;3.8;4.5;26.5;28.8;78;67;53.8;2.6;58;50;53.7;3.9;0;0;0
7874;68;68;5;0;0;-3;2;0;0;0;0;0;0;1;0;0;0;49;50;44;2;1551;0;0;86.5;2.3;9.3;23.2;39.5;20;37;35.1;-22.7;14;22;38.9;-19.1;0;2;0
7876;64;64;7;1;8;7;0;1;3;0;0;0;0;6;3;0;1;68;62;74;18;5728;2016;360;111.3;6.9;1.9;30.8;17.0;93;60;60.8;25.7;68;37;64.8;28.7;0;4;2
7881;76;76;1;0;0;-1;0;0;0;0;0;0;0;0;0;0;0;47;51;41;1;379;0;65;66.7;0.0;9.5;9.5;28.5;6;5;54.5;-20.2;2;4;33.3;-42.1;0;2;0
7882;76;76;6;1;4;4;6;0;1;0;0;0;0;4;0;2;7;70;67;70;9;5003;730;151;103.2;5.8;2.9;36.7;23.0;91;67;57.6;1.7;67;44;60.4;4.2;0;6;5
7883;68;68;7;3;6;8;14;2;0;0;0;0;0;1;5;2;9;67;64;68;20;5489;763;513;95.4;7.2;2.0;59.7;11.8;148;51;74.4;12.1;114;31;78.6;16.5;0;18;9
7884;76;76;7;0;2;-1;6;0;0;0;0;0;0;3;3;2;5;58;59;53;9;5289;126;0;97.7;3.4;4.1;29.3;29.3;87;90;49.2;-10.4;62;61;50.4;-9.8;0;1;1
7885;69;69;6;1;0;-1;0;1;0;0;0;0;0;3;0;0;6;60;50;74;9;5369;702;1095;106.9;1.3;0.7;16.1;47.6;52;107;32.7;-4.1;38;86;30.6;-5.4;0;0;0
7887;71;71;7;1;2;2;7;0;0;0;0;1;0;7;0;1;0;71;62;73;18;4096;1422;0;98.8;3.5;1.8;37.8;16.7;92;32;74.2;13.1;61;28;68.5;7.2;1;20;7
7888;63;63;6;0;0;-3;2;0;0;0;0;0;0;2;1;0;3;56;51;52;1;3138;0;34;87.0;0.0;3.4;31.0;26.4;52;49;51.5;-12.2;36;29;55.4;-7.7;0;7;3
7889;70;70;2;2;0;-1;0;0;0;0;0;0;0;6;0;0;0;70;66;68;5;2304;215;40;94.9;4.7;6.3;35.9;34.4;39;42;48.1;22.0;27;32;45.8;17.4;0;0;0
7891;75;75;2;0;0;-1;7;0;0;0;0;1;0;2;1;0;1;44;48;48;3;1851;0;170;93.5;3.9;5.8;35.0;33.1;36;31;53.7;-3.2;28;24;53.8;-5.3;0;0;0
7894;67;67;7;3;6;0;17;1;2;0;0;3;0;3;2;2;7;68;63;71;19;6711;1594;576;101.2;3.8;3.8;32.2;35.9;107;113;48.6;2.6;76;85;47.2;1.1;0;0;0
7898;83;8;7;2;5;6;11;0;1;0;0;1;1;11;0;3;12;79;71;84;22;6300;1554;233;108.8;6.3;2.9;36.0;33.1;120;102;54.1;3.4;90;73;55.2;4.5;0;14;10
7900;71;71;6;3;2;1;24;1;0;0;0;4;0;3;1;4;1;67;66;65;18;4605;457;186;98.4;3.1;2.3;36.0;22.7;93;45;67.4;4.9;58;37;61.1;-2.2;0;5;2
7906;80;80;6;1;0;3;0;0;0;0;0;0;0;5;2;0;0;63;55;69;19;5858;1072;563;95.7;3.7;1.2;54.1;11.1;156;35;81.7;5.9;113;23;83.1;9.1;1;0;0
7907;65;65;4;0;0;-4;2;0;0;0;0;0;0;1;3;0;4;51;49;54;4;4132;33;294;99.0;1.7;5.2;16.6;45.3;38;101;27.3;-13.9;26;73;26.3;-17.9;0;0;0
7909;63;63;6;0;4;4;12;0;2;0;0;2;0;4;2;3;4;75;57;92;14;5446;1482;677;108.5;3.3;0.0;39.0;15.2;109;61;64.1;-0.7;82;37;68.9;4.5;0;0;0
7910;77;77;7;0;6;-3;8;0;4;0;0;0;0;5;2;2;4;72;61;83;12;5160;1779;185;100.8;2.1;2.8;26.5;39.1;74;106;41.1;5.7;59;78;43.1;11.5;0;9;5
7912;74;74;5;0;0;-2;0;0;0;0;0;0;0;1;1;0;0;54;50;59;5;2268;405;75;90.9;0.0;3.2;27.0;34.9;30;38;44.1;-12.3;26;27;49.1;-4.8;0;26;7
7913;72;72;7;1;0;3;28;0;0;0;0;4;1;7;2;1;3;71;61;81;29;5896;1651;524;105.3;1.8;0.0;34.8;15.9;118;63;65.2;22.4;86;44;66.2;22.9;0;10;3
7915;84;84;5;0;1;1;2;0;0;0;0;0;0;3;3;0;1;58;48;69;6;4779;3;672;96.4;3.0;2.3;33.9;18.1;93;41;69.4;2.1;68;34;66.7;-2.2;0;0;0
7918;63;63;7;0;0;0;5;0;0;0;0;1;0;2;2;0;1;53;50;56;4;3369;154;54;99.4;2.1;2.1;27.8;25.6;53;51;51.0;-15.6;40;33;54.8;-11.8;0;2;1
7919;81;81;6;0;2;4;26;0;0;0;0;4;1;4;0;0;1;60;50;73;3;5659;69;886;107.0;4.5;1.9;31.8;27.4;110;91;54.7;1.7;72;66;52.2;-2.0;0;0;0
7923;72;72;7;1;1;-2;0;0;0;0;0;0;0;5;5;3;6;64;55;69;7;5557;415;634;96.4;1.9;3.2;28.5;31.1;83;88;48.5;-1.1;57;71;44.5;-7.3;0;94;43
7924;75;75;7;0;1;-9;8;0;0;0;0;0;0;5;3;1;9;53;52;52;5;6048;890;58;94.0;0.6;6.0;12.5;55.4;47;157;23.0;-8.9;30;118;20.3;-13.7;0;10;3
7925;67;67;5;1;1;-2;39;1;0;0;0;5;0;7;1;0;15;63;52;80;10;4906;391;719;94.3;2.9;4.4;27.9;27.2;77;83;48.1;-1.7;50;57;46.7;-3.7;0;0;0
7926;70;70;7;5;4;7;8;0;0;0;0;0;0;5;1;2;5;73;67;74;19;6247;1175;575;107.6;6.3;2.3;41.5;30.0;130;89;59.4;11.3;97;67;59.1;10.8;1;98;65
7932;81;81;7;0;0;-2;9;0;0;0;0;1;0;6;3;1;2;45;45;48;10;6181;84;778;94.5;3.5;4.7;30.3;27.4;111;99;52.9;1.7;71;74;49.0;-4.2;0;0;0
7933;75;75;7;1;1;4;2;0;0;0;0;0;0;3;3;2;6;63;57;68;11;5766;457;56;105.6;4.4;1.9;34.3;26.2;102;75;57.6;-8.8;77;57;57.5;-10.2;0;103;54
7934;71;71;7;2;4;4;23;1;0;0;1;3;1;12;2;2;5;64;49;80;18;6447;431;1277;103.7;2.8;1.1;30.2;20.1;120;67;64.2;0.8;82;48;63.1;0.5;0;0;0
7935;68;68;4;1;0;-5;9;0;0;0;0;1;0;4;0;1;4;63;56;72;7;3298;981;422;96.3;1.1;6.5;12.0;51.3;26;83;23.9;-12.6;18;61;22.8;-12.5;0;0;0
7937;75;75;5;0;1;-7;5;0;1;0;0;1;0;3;0;1;4;52;52;47;5;3376;1117;24;87.0;2.1;9.6;22.4;42.7;41;73;36.0;-10.9;29;53;35.4;-12.7;0;0;0
7938;67;67;7;0;3;0;9;0;0;0;0;1;0;2;1;1;5;56;53;59;2;5105;353;355;103.9;2.8;2.8;24.7;37.4;67;101;39.9;-9.7;46;73;38.7;-10.6;0;10;1
7940;81;81;7;0;4;2;0;0;0;0;0;0;0;2;2;3;7;60;57;58;7;4900;633;0;109.9;5.9;4.4;27.9;39.7;69;104;39.9;-15.7;52;74;41.3;-14.2;0;1;1
7941;76;76;7;2;1;4;16;0;0;0;0;0;0;7;3;1;1;64;56;56;20;6046;121;58;107.8;4.2;1.2;30.4;20.2;98;72;57.6;-8.7;73;52;58.4;-8.6;0;1;1
7944;82;82;7;4;3;0;4;2;1;0;0;0;0;7;4;1;4;67;60;74;19;5961;1169;1098;99.9;2.4;2.4;32.0;31.4;102;92;52.6;15.0;80;75;51.6;14.7;2;37;19
7945;66;66;3;0;0;0;0;0;0;0;0;0;0;1;5;2;5;64;46;87;9;2759;30;311;103.3;2.6;2.6;27.4;41.8;41;58;41.4;-17.7;30;39;43.5;-15.0;0;0;0
7946;77;77;7;5;1;-2;14;1;0;0;0;2;0;10;4;0;18;72;58;81;15;4855;1480;249;108.6;3.0;3.7;17.1;42.3;47;99;32.2;-6.3;30;75;28.6;-8.3;0;72;45
7947;63;63;7;0;0;-5;20;0;0;0;0;4;0;5;1;0;2;49;50;47;2;3461;38;40;88.8;1.0;6.2;20.8;38.5;34;74;31.5;-31.8;25;48;34.2;-28.1;0;28;12
7950;81;81;7;1;0;-2;21;0;0;0;0;3;0;4;0;1;6;50;50;48;4;4140;0;129;97.2;3.5;5.2;23.5;29.6;47;68;40.9;-12.9;36;48;42.9;-10.9;0;3;0
7953;67;67;7;2;3;1;2;0;0;0;0;0;0;9;1;2;3;66;59;70;10;5580;157;0;108.5;4.5;3.9;23.2;35.5;70;94;42.7;-5.8;49;74;39.8;-9.1;0;88;45
7954;68;68;6;1;2;4;10;0;0;0;1;2;0;3;1;2;2;62;55;70;12;5838;495;677;95.3;3.7;2.5;45.0;19.1;128;52;71.1;5.3;93;38;71.0;3.8;0;0;0
7956;74;74;6;8;2;4;12;2;1;0;0;2;1;8;4;2;7;74;68;78;28;4485;1814;226;104.8;6.4;3.2;34.5;23.3;82;56;59.4;6.6;57;40;58.8;5.4;2;18;10
7958;119;119;6;0;2;-4;7;0;0;0;2;1;0;9;3;4;13;69;60;78;12;5970;732;557;92.9;1.2;4.8;19.9;36.8;69;108;39.0;-10.6;48;83;36.6;-13.0;0;0;0
7959;113;113;7;3;3;5;0;0;0;0;0;0;0;3;0;1;4;62;57;65;6;3109;770;0;125.2;6.9;1.2;24.3;34.7;41;55;42.7;-20.7;27;40;40.3;-23.8;0;22;11
7960;112;112;3;0;1;4;2;0;0;0;0;0;0;1;1;1;2;61;52;73;3;2473;49;107;116.5;7.3;1.5;32.0;23.3;35;33;51.5;-21.5;29;23;55.8;-16.6;0;0;0
7961;118;118;2;0;0;1;0;0;0;0;0;0;0;1;0;0;3;58;51;67;3;1559;63;179;105.2;4.6;2.3;41.6;39.3;29;30;49.2;-1.6;25;26;49.0;-3.6;0;0;0
7962;109;109;7;4;1;2;0;0;0;1;0;0;0;3;3;1;5;62;55;65;15;4640;199;427;103.5;3.1;2.3;27.2;29.5;80;64;55.6;-10.0;59;48;55.1;-10.4;0;7;3
7965;110;110;6;1;3;2;5;0;2;0;0;1;0;4;2;0;3;62;58;64;11;3812;1121;0;104.0;2.8;0.9;36.8;25.5;71;57;55.5;7.9;53;37;58.9;9.2;0;0;0
7967;110;110;7;1;1;3;4;0;0;0;0;0;0;1;1;0;5;58;54;60;10;4063;177;132;101.5;4.4;1.8;43.4;20.4;98;57;63.2;-11.5;70;36;66.0;-9.5;0;68;35
7968;117;117;6;2;1;1;2;0;1;0;0;0;0;2;3;1;2;59;54;56;9;5244;408;0;102.3;4.1;3.4;26.1;25.4;66;76;46.5;-4.7;49;58;45.8;-7.2;0;1;0
7972;117;117;2;0;0;1;2;0;0;0;0;0;0;1;1;0;2;62;53;75;5;1789;281;257;114.4;4.0;2.0;20.1;36.2;26;31;45.6;-5.1;18;25;41.9;-9.5;0;0;0
7973;118;118;7;3;2;0;19;0;1;0;0;3;0;13;1;2;11;70;61;71;14;5718;564;529;98.3;3.8;3.8;34.0;29.6;105;91;53.6;-7.8;76;71;51.7;-8.4;1;12;5
7974;105;105;4;0;0;-5;2;0;0;0;0;0;0;1;1;1;5;55;50;62;3;2114;595;66;83.3;0.0;8.5;6.8;51.1;14;65;17.7;-16.4;10;42;19.2;-14.8;0;1;0
7976;112;112;6;0;2;7;15;0;0;0;0;3;1;2;0;1;8;65;52;77;11;5206;142;1392;117.4;5.5;0.7;27.7;26.3;82;76;51.9;-8.1;64;58;52.5;-6.9;0;0;0
7977;122;122;7;0;0;-12;6;0;0;0;0;0;0;3;1;0;3;47;51;41;2;4848;45;238;88.2;0.7;9.7;20.0;62.4;43;133;24.4;-9.7;31;110;22.0;-9.2;0;2;1
7978;118;118;7;2;3;6;2;1;1;0;0;0;0;3;1;3;2;68;64;68;18;6222;1012;174;100.9;5.8;2.3;44.6;19.1;147;75;66.2;10.8;108;53;67.1;13.9;1;139;73
7979;109;109;7;1;4;4;16;0;0;0;0;0;0;5;2;1;5;68;60;74;13;5774;1573;389;107.0;4.4;1.2;33.0;20.0;110;57;65.9;12.9;76;41;65.0;11.0;0;17;7
7980;113;113;6;1;4;-2;15;0;1;0;0;3;2;7;2;4;7;70;64;72;6;5282;1350;124;99.5;2.7;4.1;23.2;33.4;74;91;44.8;0.1;49;64;43.4;-3.6;0;9;6
7981;112;112;6;2;0;-4;19;0;0;0;0;3;0;7;0;0;3;59;57;59;14;5597;255;211;89.1;2.6;5.1;33.4;27.7;111;69;61.7;6.3;77;51;60.2;4.5;0;0;0
7982;115;115;6;0;1;-6;0;0;0;0;0;0;0;7;0;0;11;58;52;60;2;4312;241;163;95.1;0.8;5.8;15.9;57.6;36;121;22.9;-14.6;30;88;25.4;-14.4;0;4;1
7983;116;116;7;1;0;3;12;0;0;0;0;2;0;4;0;0;4;57;54;58;10;4884;114;6;101.5;2.9;0.7;52.3;17.7;127;60;67.9;-5.9;91;36;71.7;-2.5;0;0;0
7984;120;120;6;0;0;0;0;0;0;0;0;0;0;3;0;0;2;58;55;52;6;4100;113;34;98.9;1.8;1.8;31.6;26.3;68;60;53.1;-15.9;53;46;53.5;-16.4;0;3;0
7990;114;114;7;0;11;3;9;0;4;0;0;1;0;3;1;2;2;70;70;61;20;5740;1228;0;103.0;4.4;2.5;37.0;28.2;119;89;57.2;6.1;83;65;56.1;3.4;0;3;1
7991;120;120;7;3;1;2;17;0;0;0;0;3;0;8;5;1;4;61;54;65;12;5327;154;577;102.7;3.4;2.0;32.4;26.4;88;77;53.3;-13.3;65;57;53.3;-13.3;1;70;37
7995;116;116;7;4;3;3;16;1;1;0;0;2;1;2;2;1;0;62;58;63;31;6998;312;1467;91.9;3.6;2.1;53.5;13.9;195;60;76.5;6.6;136;38;78.2;7.0;0;0;0
7996;119;119;1;0;0;-1;0;0;0;0;0;0;0;0;0;0;0;49;54;42;0;670;35;46;88.9;0.0;5.4;16.1;48.4;6;18;25.0;-32.1;3;15;16.7;-47.0;0;0;0
7998;117;117;6;2;3;3;4;0;0;0;0;0;0;6;2;1;5;67;66;62;14;4622;904;198;103.2;3.1;0.8;41.3;17.9;92;50;64.8;7.3;68;38;64.2;5.8;0;1;0
8001;111;111;5;0;2;-2;9;0;0;0;0;1;0;2;0;0;6;59;57;54;8;3901;359;503;99.8;1.8;3.7;22.1;43.4;44;98;31.0;-18.6;35;69;33.7;-15.5;0;8;2
8002;121;121;7;0;2;-4;12;0;0;0;0;0;0;5;10;2;16;64;50;82;11;7117;1094;1090;102.3;2.0;4.0;20.2;52.6;70;197;26.2;-0.4;49;133;26.9;0.9;0;0;0
8003;115;115;7;1;4;-3;25;0;0;0;0;3;1;10;2;1;12;67;55;64;13;6120;248;479;96.2;3.5;5.3;33.5;37.1;97;110;46.9;13.3;77;83;48.1;12.3;0;2;2
8005;115;115;7;4;8;1;0;0;2;0;2;0;0;4;0;2;5;71;67;72;15;5553;510;771;96.2;5.2;5.8;31.1;28.5;101;72;58.4;10.6;71;56;55.9;7.8;1;101;59
8007;113;113;7;0;1;-3;4;0;0;0;0;0;0;6;2;4;27;65;52;73;9;5084;347;582;99.7;1.4;3.5;19.1;46.0;59;113;34.3;-1.6;41;81;33.6;-1.5;0;13;3
8008;111;111;6;1;4;1;2;0;0;0;0;0;0;3;3;1;7;59;55;62;10;4135;373;0;105.2;2.6;1.7;27.9;41.8;58;99;36.9;-11.8;45;71;38.8;-11.2;1;62;25
8009;118;118;7;0;1;-3;4;0;0;0;0;0;0;4;1;1;3;58;51;55;5;3874;63;387;91.5;0.9;3.7;28.8;31.6;61;55;52.6;-7.9;44;44;50.0;-9.3;0;37;18
8010;112;112;7;4;2;8;2;0;0;0;0;0;0;16;1;2;5;66;62;66;19;6054;68;621;110.8;5.4;0.6;37.5;17.2;113;58;66.1;10.0;85;39;68.5;12.6;0;16;6
8011;109;109;7;0;3;1;2;0;0;0;0;0;0;7;0;1;6;59;56;60;5;3507;69;845;101.3;4.1;3.1;30.8;25.7;52;51;50.5;-7.3;36;32;52.9;-4.7;0;24;12
8012;108;108;6;3;1;3;19;0;0;0;0;3;0;7;2;2;6;68;65;72;16;4567;182;1174;101.8;3.9;1.6;44.1;22.1;102;56;64.6;11.2;77;41;65.3;14.1;0;15;7
8013;107;107;7;2;1;-1;13;0;0;0;0;1;0;4;1;2;5;60;57;60;6;5223;208;1460;100.0;3.4;4.1;27.6;33.1;76;75;50.3;12.4;51;59;46.4;8.9;0;63;21
8016;119;119;6;1;3;-6;25;0;1;0;0;5;1;2;1;1;7;61;58;61;7;5367;562;570;90.5;2.0;6.0;20.8;31.5;67;88;43.2;-3.8;47;65;42.0;-4.5;0;0;0
8017;114;114;6;0;1;-1;14;0;1;0;0;2;1;1;1;0;2;60;53;64;7;3497;258;355;101.2;2.1;3.1;20.6;35.0;47;68;40.9;-13.6;29;48;37.7;-17.9;0;1;1
8018;113;113;7;2;1;3;10;1;0;0;0;2;1;8;0;0;3;61;56;60;13;5078;186;194;91.7;4.3;2.1;51.0;12.8;135;44;75.4;4.2;99;28;78.0;5.9;0;12;8
8019;111;111;7;0;0;-5;2;0;0;0;0;0;0;5;1;1;8;56;52;56;6;4625;628;93;94.2;0.8;4.7;23.4;51.4;57;124;31.5;-5.5;44;90;32.8;-2.6;0;73;31
8023;121;121;7;0;0;-5;14;0;0;0;0;2;2;5;2;0;1;54;51;49;5;6013;310;264;97.7;1.8;4.2;22.8;41.3;77;123;38.5;16.6;59;88;40.1;19.2;0;108;46
8024;114;114;7;3;3;6;0;0;1;0;0;0;0;7;3;4;12;75;65;83;15;5649;431;895;107.1;6.4;2.5;33.8;21.7;92;75;55.1;2.8;70;49;58.8;6.7;1;69;38
8026;106;106;7;1;0;2;0;0;0;0;0;0;0;4;1;0;2;54;51;51;9;2822;0;91;107.0;5.1;2.6;39.5;43.4;47;57;45.2;-16.1;35;42;45.5;-16.0;0;33;12
8028;110;110;7;0;3;2;7;0;0;0;0;1;0;6;5;2;15;69;59;78;11;6148;124;884;99.9;2.9;2.3;31.0;24.6;106;94;53.0;-10.6;81;62;56.6;-5.9;0;38;20
8029;122;122;2;0;0;-6;12;0;0;0;0;2;0;1;0;1;5;65;59;74;0;1543;285;242;73.9;0.0;14.0;9.3;53.7;14;42;25.0;-0.1;9;34;20.9;0.3;0;6;2
8030;109;109;5;2;1;1;8;2;0;0;0;0;0;3;0;0;4;66;61;67;9;3630;819;161;104.1;3.0;1.0;32.7;19.8;68;43;61.3;6.7;44;31;58.7;3.8;0;29;13
8032;115;115;7;1;4;-1;0;1;0;0;0;0;0;2;2;0;5;58;56;55;7;6516;562;668;108.9;3.9;4.4;21.5;48.6;69;163;29.7;-12.3;54;115;32.0;-11.7;0;0;0
8033;107;107;7;1;1;-2;7;0;0;0;0;0;0;3;2;0;1;59;56;54;10;5324;975;479;100.1;2.0;3.4;24.3;41.2;63;99;38.9;-3.4;46;77;37.4;-3.5;0;41;17
8034;119;119;6;1;3;2;2;0;1;0;1;0;0;2;3;1;3;66;56;75;6;5605;297;756;102.3;2.6;2.6;27.0;35.3;76;94;44.7;-1.8;51;73;41.1;-6.0;0;0;0
8035;109;109;7;3;1;3;14;0;0;0;0;2;0;9;2;6;11;68;54;85;15;6702;180;1502;99.5;4.3;2.7;34.9;20.9;134;74;64.4;12.0;92;51;64.3;11.1;0;0;0
8036;109;109;3;1;0;1;0;0;0;0;0;0;0;1;1;0;0;53;51;52;5;2488;0;213;105.8;4.3;2.9;27.5;28.9;39;40;49.4;-14.2;28;26;51.9;-13.2;0;0;0
8039;122;122;7;0;2;-12;7;0;0;0;0;1;1;5;0;2;7;52;51;49;5;5390;113;99;93.7;1.3;8.7;16.0;59.4;40;150;21.1;-14.6;33;113;22.6;-8.5;0;21;6
8042;106;106;7;3;4;1;4;1;2;0;0;0;0;5;3;1;1;66;67;59;8;6036;1686;51;96.7;4.2;3.6;28.0;19.7;104;84;55.3;6.6;73;56;56.6;8.8;1;0;0
8043;106;106;7;0;1;-2;2;0;0;0;0;0;0;2;6;1;6;59;53;64;9;4806;391;240;97.6;1.5;2.2;31.5;31.5;79;78;50.3;-11.1;48;58;45.3;-17.5;0;1;0
8044;110;110;7;0;1;-5;11;0;0;0;0;1;0;9;5;1;13;55;52;58;16;6630;198;685;86.3;2.2;5.4;22.8;23.3;91;104;46.7;-5.9;58;67;46.4;-5.4;0;0;0
8045;112;112;5;0;1;6;4;0;0;0;1;0;0;8;2;1;1;63;49;82;6;5487;121;1004;109.0;5.2;2.0;32.8;28.2;106;84;55.8;1.4;72;59;55.0;-2.0;0;0;0
8046;117;117;7;4;4;-2;40;1;3;0;0;6;3;13;0;2;8;79;76;73;24;5958;1188;624;85.0;3.0;4.2;44.1;19.3;125;56;69.1;14.6;101;40;71.6;18.3;0;22;8
8048;115;115;7;1;5;-2;44;0;1;0;0;8;3;7;2;6;27;72;54;88;20;7178;1954;1157;96.9;3.5;4.5;30.1;30.6;94;128;42.3;7.0;75;91;45.2;8.2;0;0;0
8049;118;118;4;0;0;3;0;0;0;0;0;0;0;1;2;0;1;61;52;69;7;3951;5;507;105.2;4.6;1.8;38.3;27.3;82;57;59.0;-3.4;57;44;56.4;-2.9;0;0;0
8051;117;117;7;1;1;-1;6;0;0;1;0;0;0;2;7;0;7;60;54;65;9;6651;389;913;95.4;2.2;3.2;36.3;30.9;116;109;51.6;-11.1;85;81;51.2;-11.7;0;0;0
8054;108;108;7;3;1;-1;35;0;0;0;0;5;2;8;1;3;6;69;64;71;19;5319;908;202;94.3;2.7;3.4;37.9;26.4;100;76;56.8;0.5;73;54;57.5;2.4;1;10;4
8055;114;114;7;6;2;4;10;3;0;0;0;2;0;10;4;4;6;71;66;71;23;5543;1087;258;103.4;5.2;2.6;42.2;29.2;113;89;55.9;4.3;87;67;56.5;4.0;1;12;7
8058;106;106;7;0;4;1;17;0;0;0;0;3;1;8;1;1;6;56;52;56;2;2925;166;465;114.4;6.2;4.9;22.2;36.9;38;57;40.0;-23.8;27;42;39.1;-25.3;0;29;8
8059;111;111;5;1;2;-5;9;1;0;0;0;1;0;2;0;1;7;72;61;78;8;4278;333;479;94.2;1.7;5.9;26.9;48.8;61;94;39.4;-12.6;40;74;35.1;-16.4;0;0;0
8061;113;113;7;0;1;-3;9;0;0;0;0;1;0;5;3;3;16;65;59;68;10;5616;572;825;96.5;3.2;5.1;28.2;34.6;84;100;45.7;-5.1;55;74;42.6;-11.0;0;4;0
8062;113;113;7;1;1;1;11;0;1;0;0;1;1;4;1;1;6;70;61;73;9;4178;1023;343;103.5;2.6;1.7;25.8;26.7;61;62;49.6;0.4;42;41;50.6;0.2;0;77;29
8063;107;107;6;1;0;-2;8;0;0;0;0;0;0;1;0;0;1;57;57;51;3;4528;241;910;98.2;1.6;3.2;23.9;37.4;60;70;46.2;1.9;42;55;43.3;0.2;0;7;2
8065;108;108;3;0;1;0;0;0;0;0;0;0;0;0;0;0;0;54;52;51;6;1756;40;0;98.7;2.1;2.1;34.9;28.7;36;28;56.3;-2.4;28;21;57.1;0.2;0;0;0
8067;107;107;7;1;2;-2;18;0;0;0;0;0;0;5;2;0;0;54;55;52;6;5839;399;380;91.9;3.7;4.9;35.1;26.5;105;87;54.7;-6.1;82;63;56.6;-4.2;0;104;30
8068;110;110;7;2;3;-1;2;0;0;0;0;0;0;4;0;2;1;57;55;53;8;4427;265;0;99.8;4.1;4.9;30.9;36.6;80;77;51.0;-12.4;62;58;51.7;-12.1;0;0;0
8069;117;117;7;1;1;3;27;0;0;0;0;3;0;7;1;9;11;69;54;87;20;6615;369;1425;99.7;3.3;2.2;42.4;27.2;132;100;56.9;-2.8;102;70;59.3;0.8;0;0;0
8070;112;112;7;3;4;1;9;1;2;0;0;1;0;9;1;1;5;63;60;63;12;4712;1025;154;98.0;4.6;3.8;37.4;26.7;86;65;57.0;-2.6;68;46;59.6;0.3;1;25;12
8073;117;117;7;3;0;3;9;0;0;1;0;1;1;8;2;1;1;57;54;54;8;6688;84;759;111.2;4.8;3.8;22.1;35.0;93;117;44.3;-9.7;65;94;40.9;-14.6;0;0;0
8074;108;108;6;0;0;-4;0;0;0;0;0;0;0;0;1;0;0;53;49;51;4;2107;51;0;69.2;0.0;6.8;35.9;22.2;35;22;61.4;6.7;29;16;64.4;11.5;0;28;13
8075;121;121;4;0;0;0;0;0;0;0;0;0;0;1;4;0;0;50;46;57;0;3726;280;189;102.8;1.0;1.0;17.4;34.8;42;83;33.6;-13.8;28;57;32.9;-14.7;0;63;24
8077;106;106;4;0;1;3;4;0;0;0;1;0;0;1;2;0;4;62;50;78;1;3830;167;342;108.9;3.8;1.9;24.4;29.1;47;61;43.5;-11.9;35;47;42.7;-8.9;0;0;0
8078;110;110;7;0;3;2;6;0;1;0;0;0;0;7;3;0;4;62;57;67;15;6632;170;480;100.9;4.3;3.3;37.5;30.4;124;100;55.4;-12.1;92;70;56.8;-9.7;0;0;0
8080;119;119;7;2;2;0;2;0;0;0;0;0;0;4;1;1;13;58;51;66;14;6769;171;497;98.2;2.7;2.7;35.6;28.7;118;113;51.1;-2.8;93;74;55.7;3.0;0;0;0
8083;108;108;6;0;0;1;0;0;0;0;0;0;0;4;2;0;2;60;52;69;6;2526;10;1236;103.3;1.4;0.0;42.8;24.2;43;33;56.6;-0.9;35;21;62.5;5.5;0;38;21
8084;105;105;7;1;5;2;34;1;2;0;0;6;2;15;5;1;11;72;60;81;16;5562;1133;319;108.5;2.6;1.3;22.0;40.1;75;101;42.6;9.6;47;73;39.2;5.9;1;120;79
8085;111;111;7;1;4;7;27;0;0;0;0;5;3;10;1;0;14;64;52;72;7;7289;83;437;109.0;5.9;2.5;31.1;24.7;112;116;49.1;7.5;86;84;50.6;8.0;0;0;0
8086;116;116;6;0;0;2;15;0;0;0;0;3;1;3;0;1;4;51;50;50;3;3737;158;178;106.0;5.8;3.9;29.9;28.9;47;60;43.9;-14.5;36;41;46.8;-11.5;0;1;0
8087;109;109;7;4;0;-2;7;2;0;0;0;1;0;4;1;2;2;63;58;63;13;5470;1024;571;104.5;3.3;4.6;21.1;41.5;65;103;38.7;-24.8;44;77;36.4;-28.5;0;70;31
8088;107;107;7;1;2;-1;20;0;0;0;0;4;1;2;1;2;4;61;57;63;6;5338;691;185;105.5;3.4;4.0;23.6;45.9;77;126;37.9;-8.7;55;93;37.2;-11.3;0;8;2
8089;116;116;5;1;2;0;4;0;0;0;0;0;0;11;0;2;12;66;61;72;11;4502;729;749;106.7;3.2;3.2;20.8;36.8;50;91;35.5;-4.6;34;64;34.7;-4.6;0;0;0
8090;119;119;7;1;4;1;2;0;0;0;0;0;0;16;0;1;19;67;59;73;5;5352;486;1196;106.7;3.4;2.7;26.9;46.4;72;128;36.0;0.7;51;90;36.2;2.1;0;36;15
8091;110;110;7;1;1;7;4;0;0;0;0;0;0;2;1;1;2;53;51;51;11;5106;294;0;112.1;5.6;0.7;38.8;28.9;91;83;52.3;-11.0;69;57;54.8;-8.2;0;0;0
8092;109;109;7;1;1;0;2;0;0;0;0;0;0;4;1;1;7;61;56;64;10;4953;305;993;96.4;2.2;2.2;30.5;20.4;80;62;56.3;-0.3;57;42;57.6;0.9;0;9;4
8093;109;109;7;1;2;3;4;0;1;0;0;0;0;7;2;3;6;60;56;62;6;5281;439;284;102.9;4.1;2.0;33.4;21.8;104;76;57.8;1.7;75;51;59.5;3.7;0;4;3
8095;120;120;6;1;1;1;0;0;0;0;0;0;0;3;1;0;2;53;52;55;8;2244;143;0;103.3;3.2;1.6;32.1;24.1;36;37;49.3;-11.4;28;23;54.9;-3.5;0;5;2
8097;108;108;6;0;1;-1;0;0;0;0;0;0;0;6;1;0;2;59;58;55;8;4645;462;0;96.3;1.6;2.3;38.8;30.2;96;63;60.4;0.9;67;49;57.8;-1.7;0;8;3
8098;114;114;4;1;2;4;4;0;0;0;0;0;0;3;1;0;1;63;54;74;8;3862;149;393;104.6;5.6;1.9;41.9;21.4;81;40;66.9;-2.9;65;33;66.3;-3.6;0;0;0
8099;109;109;3;0;2;0;2;0;0;0;0;0;0;4;0;0;0;59;57;59;5;2735;85;134;103.1;2.6;2.6;26.3;38.2;35;57;38.0;-14.9;29;42;40.8;-13.8;0;0;0
8115;79;79;6;0;0;-4;2;0;0;0;0;0;0;5;3;4;9;55;48;66;4;6552;126;889;100.0;2.2;4.4;21.4;42.9;73;150;32.7;10.8;51;101;33.6;11.6;0;0;0
8117;76;76;6;0;1;-2;2;0;0;0;0;0;0;2;0;1;8;55;50;60;8;5765;450;708;98.5;3.1;4.4;24.4;30.6;81;93;46.6;-3.3;53;67;44.2;-5.6;0;0;0
8118;63;63;2;0;1;2;0;0;0;0;0;0;0;1;1;0;1;53;49;60;3;1749;0;70;105.7;8.2;4.1;41.2;28.8;32;26;55.2;-16.7;22;17;56.4;-13.9;0;0;0
8119;77;77;4;1;1;2;9;0;0;0;0;1;0;4;1;0;2;60;56;63;7;3650;213;515;107.0;4.9;3.0;33.5;38.5;58;70;45.3;-11.2;44;49;47.3;-5.6;0;0;0
8135;118;118;7;1;0;-2;0;0;0;0;0;0;0;3;1;1;1;53;51;52;7;2898;77;141;94.7;2.5;5.0;31.1;37.3;39;49;44.3;-17.0;34;39;46.6;-13.0;0;9;2
8137;85;85;3;1;1;-6;9;0;0;0;0;1;0;3;2;0;2;47;50;47;3;2776;79;221;83.1;1.3;9.1;11.7;32.4;19;50;27.5;-15.2;14;35;28.6;-13.0;0;0;0
8140;69;69;7;3;3;3;4;0;0;0;0;0;0;4;3;0;8;65;58;71;12;7089;283;916;105.6;5.6;4.1;31.5;33.5;118;126;48.4;-5.3;87;91;48.9;-5.1;0;0;0
8141;121;121;5;0;0;-6;4;0;0;0;0;0;0;3;2;2;8;63;51;79;2;4966;486;868;90.9;0.0;4.3;10.1;47.8;38;126;23.2;-1.8;25;92;21.4;-5.1;0;0;0
8144;114;114;7;1;2;1;20;1;0;0;0;2;0;8;0;0;0;67;53;58;15;5166;430;221;102.6;4.9;3.5;34.8;30.7;87;74;54.0;-8.4;69;55;55.6;-6.9;0;69;27
8145;107;107;7;2;3;-4;23;0;1;0;0;1;0;8;2;1;3;61;59;58;9;5410;1337;379;102.5;2.7;5.3;20.6;51.2;53;141;27.3;1.2;39;103;27.5;1.5;0;3;1
8146;120;120;4;0;1;-3;0;0;0;0;0;0;0;3;2;2;5;58;53;60;4;3570;39;198;90.4;2.0;5.0;39.3;34.3;68;61;52.7;-14.5;52;40;56.5;-10.7;0;0;0
8147;122;122;3;1;2;2;8;0;0;0;0;0;0;3;0;0;2;65;60;71;5;2395;416;179;105.7;6.0;3.0;31.6;22.5;35;33;51.5;-10.4;25;22;53.2;-11.1;0;0;0
8148;120;120;7;2;0;3;10;0;0;0;0;0;0;7;0;0;5;70;54;65;5;3777;55;442;107.1;3.8;1.0;33.4;21.9;77;51;60.2;-4.0;63;34;64.9;1.9;0;53;24
8149;121;121;7;1;0;-7;18;0;0;0;0;0;0;7;3;0;10;57;50;66;9;6019;386;1043;95.2;1.2;5.4;19.7;49.6;70;139;33.5;-2.9;46;102;31.1;-5.2;0;0;0
8151;108;108;7;2;2;-6;4;2;0;0;0;0;0;0;2;1;0;57;54;57;15;5422;1096;185;83.3;2.0;5.3;40.5;24.6;100;66;60.2;2.1;79;49;61.7;4.0;0;2;2
8153;86;86;7;1;3;5;0;0;0;0;0;0;0;3;1;1;6;65;55;74;10;6760;187;762;103.6;4.8;2.1;35.1;21.3;134;81;62.3;-4.0;102;60;63.0;-3.8;0;0;0
8155;87;87;6;0;0;-1;6;0;0;0;0;0;0;5;5;0;7;52;43;64;2;5015;173;1056;98.0;2.9;3.6;35.9;35.9;86;96;47.3;-8.0;63;70;47.4;-8.3;0;0;0
8156;89;89;6;0;0;1;4;0;0;0;0;0;0;5;2;0;8;59;46;77;2;5629;492;1321;105.9;2.6;1.9;21.1;30.7;70;102;40.7;3.7;50;72;41.0;2.3;0;0;0
8157;83;83;3;1;0;-2;2;0;0;0;0;0;0;0;1;2;0;56;52;62;7;3276;47;73;85.8;2.2;4.4;31.9;20.9;56;33;62.9;-4.4;40;23;63.5;0.3;0;0;0
8158;80;80;5;1;2;2;6;0;1;0;0;0;0;2;2;1;1;56;53;55;7;4711;136;393;82.4;3.8;2.3;52.0;9.2;138;23;85.7;2.5;85;18;82.5;-0.1;0;0;0
8159;82;82;7;1;0;-8;4;0;0;0;0;0;0;4;0;1;19;56;50;65;5;6589;47;1082;91.6;1.1;5.5;19.1;38.8;68;153;30.8;2.2;49;103;32.2;3.6;0;0;0
8160;63;63;6;1;5;8;0;0;1;0;0;0;0;1;3;0;6;61;55;61;12;6764;132;756;112.5;6.4;2.1;32.5;29.8;111;107;50.9;1.6;85;79;51.8;2.5;0;0;0
8162;109;109;7;0;6;-1;2;0;3;0;0;0;0;4;1;1;1;62;61;59;10;5005;965;186;96.4;3.6;4.3;31.6;28.8;78;76;50.6;-7.9;62;54;53.4;-4.7;0;1;0
8163;107;107;7;3;1;-3;2;0;0;0;0;0;0;6;1;2;6;62;57;68;10;5357;1926;211;95.5;4.0;5.4;29.6;29.6;64;85;43.0;2.3;51;61;45.5;7.8;0;12;5
8164;103;103;7;0;2;8;4;0;0;0;0;0;0;6;2;2;0;61;50;74;9;7767;904;1317;101.8;5.1;1.4;40.8;13.0;167;67;71.4;10.3;125;45;73.5;14.3;0;0;0
8169;124;124;7;2;1;2;2;1;0;0;0;0;0;13;7;3;1;69;72;64;13;7218;698;0;102.4;3.5;2.5;35.4;33.4;109;110;49.8;0.3;78;78;50.0;-2.7;1;0;0
8170;48;14;6;1;2;3;2;0;0;0;0;0;0;11;0;2;7;79;61;96;16;6040;1320;696;107.6;3.6;1.8;26.8;31.0;87;88;49.7;-5.9;66;64;50.8;-4.1;0;0;0
8171;124;124;7;1;7;-1;13;0;4;0;0;1;0;19;6;7;5;67;65;69;26;7746;1560;587;99.8;3.3;3.7;31.6;35.3;106;120;46.9;-4.1;78;97;44.6;-5.4;0;0;0
8172;18;18;7;0;4;6;0;0;0;0;0;0;0;15;1;6;8;62;57;67;13;7817;0;61;106.6;5.5;2.8;36.4;32.2;130;107;54.9;1.0;94;78;54.7;1.9;0;0;0
8173;25;25;7;2;3;-2;4;1;0;0;0;0;0;11;5;1;1;65;64;66;14;6197;938;0;98.8;1.7;2.9;27.9;38.9;84;105;44.4;-5.0;60;80;42.9;-7.7;0;0;0
8175;21;21;6;0;4;1;2;0;0;0;0;0;0;7;3;4;2;63;55;70;3;4239;73;0;99.4;3.4;2.5;42.5;29.7;71;46;60.7;6.5;59;38;60.8;3.6;0;63;33
8176;155;154;5;0;3;3;0;0;0;0;0;0;0;1;0;1;3;62;55;69;2;1953;124;208;113.5;7.4;1.8;31.3;18.4;35;17;67.3;7.8;26;14;65.0;5.4;0;18;8
8178;131;1;5;1;0;5;4;0;0;0;0;0;0;4;0;4;1;64;53;77;11;4879;0;470;108.3;3.7;0.0;44.3;8.9;102;33;75.6;7.5;78;20;79.6;12.2;0;0;0
8179;73;23;7;4;6;-1;4;1;2;0;0;0;0;4;2;6;14;93;76;94;33;7502;1397;1031;98.2;3.4;3.8;30.2;29.8;111;118;48.5;28.9;85;85;50.0;31.2;0;184;114
8180;131;1;7;2;2;2;4;1;0;0;0;0;0;13;2;1;2;65;61;67;15;5249;687;261;94.8;4.1;2.7;48.0;19.9;123;58;68.0;-1.9;93;38;71.0;2.1;0;62;34
8181;124;124;7;0;2;1;4;0;0;0;0;0;0;14;1;3;9;61;57;64;8;7606;34;379;101.1;3.8;3.3;35.0;34.1;116;111;51.1;2.5;86;87;49.7;2.8;0;0;0
8182;2;2;7;0;1;-5;0;0;0;0;0;0;0;7;5;0;2;62;61;53;9;5136;0;0;87.6;2.1;5.6;36.4;30.8;87;67;56.5;2.1;64;48;57.1;2.7;0;0;0
8183;141;25;5;0;0;-2;2;0;0;0;0;0;0;1;0;2;4;65;53;76;12;2667;0;824;86.7;0.0;2.7;41.8;20.2;52;28;65.0;6.0;39;22;63.9;4.2;0;35;14
8184;24;24;6;0;1;-1;0;0;1;0;0;0;0;6;2;7;0;61;55;69;7;4452;218;0;100.3;2.4;3.2;23.4;32.3;56;63;47.1;-0.1;35;44;44.3;-3.6;0;51;27
8185;21;21;6;1;0;3;4;0;0;0;0;0;0;7;2;5;11;60;52;71;12;7503;81;784;102.5;4.3;2.9;33.6;27.8;117;85;57.9;8.9;88;65;57.5;10.3;0;0;0
8186;19;19;7;1;2;-3;4;0;0;0;1;0;0;4;5;2;4;65;60;70;13;5061;1033;1512;97.1;2.1;3.6;28.5;34.1;72;76;48.6;0.2;51;59;46.4;-4.7;0;77;40
8187;94;94;4;0;0;-2;5;0;0;0;0;1;1;3;2;1;2;55;47;67;9;3630;0;379;92.6;0.0;2.0;27.8;26.8;56;50;52.8;-7.1;39;42;48.1;-9.3;0;0;0
8190;101;101;6;3;3;-4;8;1;0;0;0;0;0;6;1;2;5;61;61;55;11;4940;587;6;93.4;2.9;5.8;29.9;35.7;80;85;48.5;8.8;56;62;47.5;8.4;0;3;0
8192;97;97;7;1;1;-3;2;0;1;0;0;0;0;6;0;0;9;60;54;60;4;4959;547;462;99.5;3.6;5.8;25.4;39.2;60;105;36.4;-8.1;49;78;38.6;-7.0;0;79;40
8197;92;92;7;0;3;-5;6;0;0;0;0;0;0;13;3;2;10;61;49;75;7;6940;254;1418;103.8;3.6;6.2;22.8;51.4;77;166;31.7;3.8;55;125;30.6;2.6;0;0;0
8198;98;98;7;0;4;-3;6;0;0;0;0;0;0;5;2;2;3;60;59;55;14;4851;808;172;90.5;3.0;4.5;36.4;25.2;96;58;62.3;9.7;72;47;60.5;7.7;0;1;0
8200;85;85;4;0;1;-2;10;0;0;0;0;1;0;1;2;0;2;52;51;55;7;3794;532;202;94.2;1.9;3.8;23.7;27.5;52;65;44.4;1.0;38;47;44.7;1.6;0;0;0
8204;88;88;2;0;0;-3;0;0;0;0;0;0;0;0;0;0;0;46;50;40;1;794;24;63;70.0;0.0;13.6;13.6;45.3;6;17;26.1;-37.1;5;14;26.3;-38.2;0;16;7
8207;93;93;7;2;2;0;2;0;0;0;0;0;0;6;2;0;2;55;53;52;7;5383;217;73;105.1;2.7;2.7;19.4;30.8;68;86;44.2;2.3;52;62;45.6;2.4;0;6;4
8208;94;94;7;0;2;-1;9;0;0;0;0;1;0;7;1;1;2;59;52;60;8;4866;156;0;94.8;2.2;3.0;30.3;23.7;85;58;59.4;-10.9;53;41;56.4;-12.8;0;0;0
8210;97;97;7;1;0;-1;2;0;0;0;0;0;0;1;1;0;2;53;51;49;2;4074;113;108;106.7;2.7;3.5;16.8;38.9;35;89;28.2;-17.5;27;67;28.7;-18.7;0;11;3
8212;88;88;7;1;0;5;0;0;0;0;0;0;0;4;1;0;4;59;54;65;8;2755;647;206;120.8;6.5;0.0;31.4;36.6;38;57;40.0;-23.9;31;38;44.9;-17.4;0;4;3
8217;90;90;7;2;1;0;2;0;0;1;0;0;0;2;1;0;1;52;51;51;6;3848;6;472;104.2;2.8;3.7;21.5;42.1;46;83;35.7;-17.5;33;66;33.3;-19.3;0;65;22
8218;89;89;6;0;1;-11;0;0;0;0;0;0;0;5;0;2;0;46;50;39;1;5243;0;607;88.6;0.7;8.2;15.8;52.2;57;111;33.9;-7.3;39;90;30.2;-12.7;0;0;0
8219;91;91;6;0;2;-1;18;0;0;0;1;2;0;15;3;0;4;54;48;62;5;4612;25;984;98.2;2.3;3.1;20.3;23.4;64;69;48.1;-0.4;46;48;48.9;0.4;0;0;0
8225;102;102;2;0;0;0;2;0;0;0;0;0;0;0;0;0;0;61;51;76;2;1792;0;140;100.0;0.0;0.0;26.1;16.1;34;20;63.0;-14.7;21;14;60.0;-22.3;0;0;0
8226;103;103;6;0;1;-1;0;0;0;0;0;0;0;0;3;1;1;60;51;71;9;4964;7;455;97.4;2.2;2.9;28.3;28.3;76;90;45.8;-12.1;59;60;49.6;-9.8;0;0;0
8227;88;88;7;0;5;1;0;0;1;0;0;0;0;2;1;1;2;53;55;46;3;4224;129;0;105.8;5.1;4.3;26.4;31.5;55;72;43.3;-4.6;38;52;42.2;-8.9;0;7;2
8229;86;86;3;1;5;5;2;0;1;0;0;0;0;0;1;0;0;66;61;63;5;2039;287;38;117.0;10.6;1.8;40.6;19.4;44;25;63.8;20.2;35;19;64.8;20.2;0;4;1
8232;93;93;5;0;0;-1;0;0;0;0;0;0;0;1;1;0;0;52;49;53;1;1796;34;93;92.3;0.0;2.0;28.1;26.1;29;31;48.3;-7.9;20;21;48.8;-6.8;0;30;17
8233;96;96;5;0;0;-1;2;0;0;0;0;0;0;1;5;0;0;41;42;40;3;4289;68;426;96.7;4.2;5.0;33.6;31.9;60;72;45.5;-1.3;50;51;49.5;5.5;0;0;0
8234;96;96;6;0;1;0;5;0;0;0;0;1;0;2;1;1;1;53;51;53;7;2954;446;121;102.2;2.4;2.4;26.8;35.3;29;68;29.9;-16.2;23;46;33.3;-11.3;0;37;18
8235;92;92;7;1;0;-6;8;0;0;0;0;0;0;10;3;0;8;58;49;50;5;4688;158;138;105.6;2.3;6.9;13.1;57.6;39;130;23.1;-8.2;29;101;22.3;-8.9;0;4;1
8243;102;102;2;0;0;-2;2;0;0;0;0;0;0;1;0;0;0;51;52;46;8;1793;94;292;92.6;2.0;6.0;32.1;44.2;25;31;44.6;1.0;21;26;44.7;4.0;0;0;0
8246;102;102;3;0;0;0;0;0;0;0;0;0;0;0;0;0;0;53;52;51;1;1439;61;32;93.3;2.5;2.5;25.0;15.0;29;16;64.4;-3.0;21;12;63.6;-6.4;0;0;0
8248;89;89;6;0;0;0;17;0;0;0;0;1;0;3;2;1;5;53;48;59;2;4724;0;677;102.7;1.5;1.5;19.8;30.5;62;80;43.7;-6.8;47;54;46.5;-5.0;0;0;0
8250;102;102;7;1;0;-1;8;0;0;0;0;0;0;5;0;1;0;63;50;60;5;4587;113;245;99.0;1.6;2.4;22.0;29.0;52;68;43.3;-12.6;42;56;42.9;-14.9;0;54;16
8256;85;85;7;0;2;0;11;0;0;0;0;1;1;8;0;1;1;59;54;57;3;4217;349;555;107.2;2.6;2.6;16.2;29.9;41;74;35.7;-7.3;30;53;36.1;-6.1;0;17;7
8260;91;91;7;1;1;-2;2;0;0;0;0;0;0;0;2;0;0;52;50;47;3;3177;4;0;102.0;4.5;6.8;26.1;44.2;42;71;37.2;-20.6;32;48;40.0;-18.3;0;3;1
8261;94;94;7;0;3;2;17;0;0;0;0;3;0;10;3;1;6;58;49;73;5;5821;108;369;110.0;2.5;1.2;17.9;32.8;61;108;36.1;-14.9;47;74;38.8;-14.3;0;0;0
8262;93;93;7;0;1;-15;2;0;0;0;0;0;0;2;0;0;3;39;50;27;1;4900;136;430;86.8;0.7;11.8;12.5;61.7;30;137;18.0;-31.3;25;112;18.2;-29.8;0;6;3
8265;93;93;7;0;0;-10;2;0;0;0;0;0;0;1;3;1;7;48;48;48;1;3785;20;696;80.4;0.0;9.5;9.5;48.5;23;100;18.7;-27.9;14;76;15.6;-29.7;0;65;28
8266;100;100;6;0;0;-2;2;0;0;0;0;0;0;4;0;0;3;55;49;54;3;2084;67;30;95.0;0.0;1.7;19.0;34.5;16;42;27.6;-19.3;13;33;28.3;-19.3;0;2;0
8267;101;101;7;0;0;-6;4;0;0;0;0;0;0;1;5;3;4;54;47;55;1;4049;0;652;97.2;0.9;6.2;9.8;52.5;21;101;17.2;-26.2;16;73;18.0;-24.5;0;73;30
8270;97;97;7;0;2;-3;6;0;0;0;0;0;0;2;3;1;5;59;51;57;3;6076;188;24;98.4;1.2;3.0;18.4;36.7;68;125;35.2;-10.2;44;85;34.1;-13.2;0;1;1
8272;97;97;7;1;0;2;4;0;0;0;0;0;0;4;0;1;7;64;50;83;7;6597;198;450;107.6;2.7;1.6;21.3;31.7;82;120;40.6;-2.6;62;86;41.9;-2.7;0;0;0
8274;97;97;7;2;1;0;4;1;0;0;0;0;0;7;1;2;5;59;52;57;10;5633;251;14;103.0;1.9;1.9;22.4;34.5;68;104;39.5;-3.9;46;74;38.3;-7.2;1;5;0
8276;93;93;7;0;1;-13;11;0;0;0;0;0;0;3;2;1;6;48;50;46;2;5318;467;0;87.1;0.7;9.5;13.5;52.8;43;131;24.7;-22.6;31;104;23.0;-23.3;0;85;36
8279;85;85;5;1;0;-2;0;0;0;0;0;0;0;2;2;0;0;47;49;43;3;3123;13;0;102.9;2.3;4.6;19.6;51.9;27;76;26.2;-29.8;21;56;27.3;-28.4;0;0;0
8282;90;90;7;1;6;2;2;0;0;0;1;0;0;2;2;3;2;57;55;54;8;6990;410;539;98.0;4.6;4.1;37.1;28.3;126;99;56.0;0.1;92;78;54.1;-3.1;0;0;0
8285;94;94;5;0;0;3;12;0;0;0;0;0;0;2;0;1;0;54;49;61;4;3880;50;703;113.0;4.6;1.9;24.1;29.7;49;69;41.5;-10.5;41;47;46.6;-8.6;0;11;2
8289;95;95;6;2;1;-3;6;1;0;0;0;0;0;7;4;1;0;57;53;62;12;5405;1536;423;93.3;2.0;4.0;31.3;30.6;84;85;49.7;5.7;61;66;48.0;4.2;0;0;0
8293;98;98;5;0;2;-2;0;0;0;0;0;0;0;0;0;0;0;54;51;55;6;4555;0;366;88.9;2.4;4.0;38.7;22.9;96;51;65.3;-0.4;69;39;63.9;-2.3;0;0;0
8298;91;91;7;0;1;0;4;0;0;0;0;0;0;3;3;0;4;54;49;61;1;5228;529;72;97.8;2.8;2.8;26.9;22.0;69;77;47.3;-8.7;47;51;48.0;-9.0;0;98;41
8300;89;89;3;0;1;2;5;0;0;0;0;1;0;0;1;0;1;52;49;59;2;1770;60;56;124.7;6.1;2.0;20.3;38.6;13;39;25.0;-23.4;11;29;27.5;-24.0;0;14;6
8302;88;88;7;1;1;3;2;1;0;0;0;0;0;1;1;0;6;52;52;52;6;4375;146;0;111.3;5.8;3.3;28.0;35.4;53;83;39.0;-10.2;40;57;41.2;-10.3;0;0;0
8303;91;91;7;0;2;2;2;0;0;0;0;0;0;3;3;1;1;58;55;58;11;5676;314;170;103.3;3.8;2.5;29.2;26.0;79;92;46.2;-10.7;60;62;49.2;-8.0;0;16;3
8306;91;91;1;0;1;0;0;0;0;0;0;0;0;2;1;0;1;49;50;44;1;899;69;91;93.3;4.0;4.0;40.0;24.0;17;14;54.8;13.9;14;10;58.3;14.6;0;0;0
8307;104;104;6;0;2;1;2;0;0;0;0;0;0;2;1;1;0;49;49;47;2;5146;19;380;108.3;4.2;3.5;22.4;33.6;71;87;44.9;-27.7;46;69;40.0;-32.7;0;0;0
8309;102;102;2;0;0;0;0;0;0;0;0;0;0;0;1;0;0;57;49;66;1;1553;0;325;100.0;0.0;0.0;39.4;23.2;33;16;67.3;-6.1;22;13;62.9;-13.7;0;0;0
8310;85;85;5;0;1;-2;0;0;0;0;0;0;0;2;4;0;0;52;48;56;4;4925;666;296;102.3;1.5;2.9;16.1;43.1;68;106;39.1;-17.2;48;82;36.9;-21.7;0;0;0
8315;85;85;7;3;1;-2;5;0;0;1;1;1;0;5;7;1;2;59;52;63;7;5755;622;283;94.4;1.3;3.8;21.9;33.2;65;101;39.2;-3.2;46;70;39.7;-1.9;0;94;47
8316;104;104;3;0;0;-2;2;0;0;0;0;0;0;2;0;0;0;49;51;46;1;1261;0;0;92.9;2.9;8.6;20.0;40.0;16;29;35.6;-39.2;11;22;33.3;-41.8;0;15;5
8318;87;87;5;0;0;0;0;0;0;0;0;0;0;1;1;0;1;53;49;53;1;2387;165;0;95.4;3.0;3.0;42.2;25.6;45;36;55.6;-2.0;33;25;56.9;1.0;0;0;0
8321;87;87;6;3;0;3;16;0;0;0;0;2;1;5;2;0;0;60;52;52;8;2929;77;30;110.9;6.1;2.5;32.0;29.5;47;47;50.0;1.1;40;29;58.0;7.5;1;3;0
8324;100;100;7;3;0;0;2;0;0;0;0;0;0;8;2;4;15;63;54;70;7;5480;785;6;108.3;3.9;3.9;21.7;40.1;72;122;37.1;-0.7;58;86;40.3;2.2;0;86;45
8325;100;100;3;0;0;-2;0;0;0;0;0;0;0;0;0;0;2;55;52;51;1;1592;170;289;92.4;2.3;6.8;24.9;40.7;26;33;44.1;-0.7;18;27;40.0;-4.3;0;3;2
8326;97;97;6;0;1;0;0;0;0;0;0;0;0;2;0;0;1;52;51;54;1;5217;471;1;105.3;3.5;3.5;23.5;36.6;61;107;36.3;-4.4;48;75;39.0;-2.9;0;0;0
8329;91;91;1;0;0;-1;0;0;0;0;0;0;0;0;0;0;0;46;50;40;1;634;0;0;85.7;0.0;5.7;17.0;39.7;8;15;34.8;-13.7;4;10;28.6;-22.4;0;0;0
8330;104;104;7;0;1;-3;2;0;0;0;0;0;0;3;2;1;1;52;50;52;1;2755;193;570;93.9;1.3;5.2;17.0;37.9;30;55;35.3;-35.1;21;42;33.3;-36.0;0;9;4
8333;100;100;4;0;0;-2;2;0;0;0;0;0;0;0;0;0;0;56;50;50;1;1524;0;42;87.5;0.0;4.7;14.2;37.8;22;33;40.0;-14.0;14;23;37.8;-19.4;0;1;0
8334;94;94;5;0;0;3;0;0;0;0;0;0;0;3;5;1;1;55;47;64;8;4103;385;347;104.2;4.4;1.8;40.4;26.3;69;62;52.7;-8.5;56;45;55.4;-4.3;0;0;0
8335;96;96;6;0;2;4;12;0;0;0;0;2;0;9;2;1;1;56;49;64;8;5510;48;722;107.8;3.9;1.3;31.4;28.1;82;96;46.1;10.7;66;68;49.3;13.6;0;0;0
8336;89;89;5;0;0;-4;2;0;0;0;0;0;0;1;2;2;0;53;48;56;0;2382;40;0;85.2;0.0;6.0;13.6;40.8;17;56;23.3;-28.1;15;39;27.8;-22.9;0;6;3
8337;97;97;6;0;0;0;0;0;0;0;0;0;0;1;0;0;2;54;49;58;1;2586;0;373;101.1;2.8;2.8;25.1;27.8;30;59;33.7;-8.2;24;38;38.7;-3.6;0;10;5
8338;101;101;3;0;1;-1;5;0;0;0;0;1;0;1;0;0;1;63;53;76;2;2861;174;85;99.6;2.5;3.8;16.4;23.9;31;35;47.0;-9.0;20;30;40.0;-13.6;0;0;0
8342;91;91;1;0;1;1;0;0;0;0;0;0;0;0;0;0;0;61;56;66;1;734;24;0;112.5;4.9;0.0;39.2;29.4;9;11;45.0;11.7;8;9;47.1;10.9;0;0;0
8343;96;96;6;0;0;-4;0;0;0;0;0;0;0;1;2;1;2;57;49;66;3;5023;5;476;94.8;3.6;6.5;28.0;35.8;67;98;40.6;-3.4;46;71;39.3;-4.7;0;0;0
8345;103;103;3;0;0;-2;4;0;0;0;0;0;0;2;0;0;1;52;50;46;0;1093;0;263;83.3;0.0;6.6;19.8;39.5;11;18;37.9;-30.8;8;16;33.3;-36.4;0;0;0
8346;99;99;6;2;1;-4;6;1;0;0;0;0;0;0;1;0;4;58;51;53;4;3607;180;36;85.5;2.0;6.0;21.0;25.0;44;57;43.6;-6.2;32;36;47.1;-3.8;0;6;2
8351;82;82;3;1;1;-4;4;1;1;0;0;0;0;1;1;0;0;46;52;38;2;2499;274;0;107.1;4.3;10.1;17.3;56.2;23;72;24.2;-23.4;18;53;25.4;-23.9;0;0;0
8354;75;75;1;0;0;-2;6;0;0;0;0;0;0;2;2;0;1;37;40;36;1;769;0;175;71.4;0.0;9.4;28.1;32.8;13;15;46.4;-10.1;10;12;45.5;-9.4;0;0;0
8357;81;81;7;0;1;-7;4;0;0;0;0;0;0;1;0;0;6;54;51;55;3;3260;10;220;95.0;1.1;8.8;13.3;66.3;24;102;19.0;-39.8;18;73;19.8;-39.2;0;10;5
8359;69;69;5;0;0;-8;16;0;0;0;0;0;0;6;1;1;13;58;50;67;2;4658;493;423;90.2;0.0;6.2;10.8;63.4;24;153;13.6;-9.6;20;111;15.3;-6.7;0;0;0
8362;66;66;6;0;0;0;2;0;0;0;0;0;0;1;0;0;0;52;50;53;1;3448;0;0;103.0;2.1;2.1;24.0;36.5;49;66;42.6;-15.7;36;49;42.4;-14.8;0;42;20
8363;64;64;2;0;0;-2;0;0;0;0;0;0;0;1;2;0;0;42;48;34;2;1687;72;412;101.0;6.4;10.7;23.5;40.5;19;39;32.8;-9.1;12;26;31.6;-14.5;0;0;0
8365;65;65;7;0;0;-2;8;0;0;0;0;0;0;5;1;0;0;52;52;46;7;4428;194;433;102.1;4.1;5.7;24.4;39.0;68;80;45.9;-5.6;46;58;44.2;-7.1;0;5;2
8366;63;63;5;0;0;-5;0;0;0;0;0;0;0;0;0;1;0;50;50;51;3;2196;357;0;85.7;0.0;8.2;9.8;57.4;10;61;14.1;-24.5;9;45;16.7;-21.0;0;36;10
8372;82;82;7;0;0;-9;0;0;0;0;0;0;0;2;0;1;1;45;49;38;0;3044;0;0;86.6;0.0;10.6;10.6;79.2;19;113;14.4;-7.9;13;90;12.6;-11.3;0;12;1
8373;67;67;7;1;1;1;4;1;0;0;0;0;0;5;3;1;0;53;50;53;5;2752;595;155;108.8;3.9;2.6;26.2;41.9;34;57;37.4;-11.2;25;41;37.9;-10.1;0;20;7
8374;81;81;5;1;0;-5;0;0;0;0;0;0;0;2;2;1;1;53;50;57;3;3752;0;189;98.2;2.9;7.7;24.9;57.6;44;89;33.1;-7.9;34;71;32.4;-10.4;0;0;0
8375;67;67;3;1;1;1;5;0;0;0;0;1;1;0;5;1;2;56;47;63;2;2868;77;373;109.6;2.5;1.3;20.1;42.7;30;56;34.9;-5.1;24;45;34.8;-5.1;0;0;0
8376;64;64;7;0;3;-3;16;0;0;0;0;2;0;4;5;0;0;51;53;46;4;5999;512;191;99.6;3.0;4.8;24.0;37.2;67;115;36.8;-7.3;51;82;38.3;-7.4;0;0;0
8377;72;72;2;1;0;0;0;0;0;0;0;0;0;1;0;0;1;57;55;53;1;1831;0;193;102.5;3.9;3.9;27.5;33.4;25;28;47.2;-6.7;19;22;46.3;-4.3;0;0;0
8379;72;72;7;0;0;-2;17;0;0;0;0;3;0;2;1;0;0;50;50;47;4;3863;0;0;94.9;0.0;1.9;23.3;36.3;42;79;34.7;-18.2;34;60;36.2;-17.1;0;0;0
8381;83;83;6;0;1;2;2;0;0;0;0;0;0;7;2;1;1;57;52;60;9;5808;424;423;106.8;4.3;3.1;26.7;32.9;91;95;48.9;-4.6;65;69;48.5;-5.6;0;0;0
8382;68;68;4;1;0;4;7;0;0;0;0;1;0;6;1;0;1;54;51;52;2;3868;0;390;109.1;5.6;1.9;34.4;26.1;65;61;51.6;-10.5;51;42;54.8;-6.4;0;0;0
8383;65;65;7;1;0;-6;0;1;0;0;0;0;0;2;0;3;7;58;54;62;15;4754;310;494;91.3;1.5;6.1;27.3;42.4;58;104;35.8;-2.7;44;71;38.3;0.8;0;58;28
8384;68;68;2;0;0;-1;0;0;0;0;0;0;0;1;2;1;0;58;46;75;6;1842;0;186;85.7;0.0;2.0;35.2;13.7;33;13;71.7;2.7;28;9;75.7;6.2;0;0;0
8385;81;81;7;6;3;5;0;0;2;0;0;0;0;9;1;2;10;76;66;84;20;5752;1597;36;106.5;4.4;1.3;37.6;24.4;117;103;53.2;2.2;87;69;55.8;5.5;0;83;49
8386;73;73;7;0;1;-4;0;0;0;0;0;0;0;0;2;0;11;55;49;59;3;4298;126;514;98.3;0.8;4.2;10.9;44.4;22;111;16.5;-15.8;15;73;17.0;-15.5;0;38;17
8389;64;64;7;0;1;-6;8;0;0;0;0;0;0;2;7;0;1;48;48;51;6;4666;98;41;91.0;0.8;5.4;16.2;39.3;43;96;30.9;-14.3;29;67;30.2;-17.1;0;26;12
8390;64;64;6;0;0;-5;2;0;0;0;0;0;0;2;2;0;3;45;49;41;2;3711;129;16;90.6;0.0;4.9;17.5;51.4;31;104;23.0;-28.1;22;76;22.4;-28.5;0;0;0
8393;74;74;4;0;1;1;0;0;0;0;0;0;0;1;0;1;2;57;52;64;1;1800;80;41;123.6;4.0;2.0;14.0;40.0;19;30;38.8;-18.8;14;23;37.8;-20.9;0;0;0
8394;82;82;6;0;0;-4;0;0;0;0;0;0;0;1;5;0;3;52;46;60;3;5065;75;529;95.2;2.1;5.7;25.6;43.4;70;112;38.5;-9.7;46;85;35.1;-13.7;0;0;0
8396;65;65;3;0;0;2;0;0;0;0;0;0;0;2;0;0;3;58;50;69;2;2940;0;148;105.3;2.4;0.0;46.5;19.6;62;35;63.9;-5.8;47;26;64.4;-6.7;0;0;0
8397;77;77;7;1;2;1;0;0;0;0;0;0;0;6;2;0;0;57;51;60;5;4403;535;318;114.0;3.3;1.6;18.0;39.2;46;94;32.9;-5.3;33;67;33.0;-2.5;0;6;2
8398;82;82;7;1;4;-3;11;0;2;0;0;1;0;7;3;0;3;62;61;60;12;5776;841;589;92.5;2.5;4.4;33.7;29.3;97;79;55.1;18.0;78;65;54.5;18.4;0;6;4
8399;74;74;7;2;4;1;9;1;1;0;0;1;0;6;0;4;3;67;62;70;17;5005;1036;14;98.4;3.6;2.9;36.7;25.2;87;76;53.4;-1.1;64;53;54.7;1.0;0;10;5
8400;68;68;7;0;2;0;5;0;0;0;0;0;0;0;0;0;0;53;50;55;3;3684;0;163;98.6;1.0;1.0;29.3;20.5;54;38;58.7;-8.3;42;29;59.2;-9.1;0;2;1
8401;80;80;4;0;0;-2;0;0;0;0;0;0;0;1;0;0;0;53;50;55;1;1951;0;30;88.2;0.0;3.7;29.5;31.4;29;25;53.7;-22.6;21;21;50.0;-25.1;0;18;6
8403;64;64;7;1;0;0;2;0;0;0;0;0;0;7;0;0;0;55;51;58;6;4148;226;153;104.0;2.6;2.6;22.6;34.7;51;90;36.2;-7.5;35;62;36.1;-9.5;0;38;17
8406;78;78;4;0;1;-2;2;0;1;0;0;0;0;3;1;0;2;56;49;65;3;3749;146;585;94.1;1.9;3.8;25.9;28.8;52;57;47.7;3.4;40;44;47.6;3.4;0;0;0
8408;67;67;7;0;2;0;0;0;1;0;0;0;0;4;2;0;4;58;52;65;6;3597;732;11;102.9;2.0;2.0;25.0;39.0;49;68;41.9;-6.2;35;48;42.2;-5.3;0;52;26
8409;82;82;5;0;0;-6;4;0;0;0;0;0;0;0;3;0;1;47;48;45;5;2399;302;60;77.8;0.0;9.0;21.0;40.5;32;64;33.3;-7.0;21;42;33.3;-6.1;0;5;2
8411;84;84;5;0;1;1;2;0;0;0;0;0;0;6;2;0;1;58;48;69;6;4961;36;454;103.4;2.9;2.2;29.8;34.1;86;79;52.1;17.1;63;60;51.2;15.1;0;0;0
8412;79;79;7;3;1;-6;2;0;0;0;0;0;0;5;2;0;11;55;52;48;10;6094;198;108;98.5;2.4;5.9;23.0;50.2;70;154;31.3;-9.8;50;113;30.7;-10.3;0;4;1
8415;67;67;7;0;1;-3;12;0;1;0;0;2;0;8;0;1;4;55;50;60;4;3617;89;1012;86.3;2.0;5.0;27.9;23.9;49;47;51.0;4.8;37;37;50.0;4.2;0;27;15
8416;63;63;4;0;0;-6;2;0;0;0;0;0;0;2;1;1;0;42;48;33;2;3332;72;362;91.0;2.2;8.6;28.1;51.9;49;76;39.2;-11.9;34;60;36.2;-18.4;0;0;0
8417;79;79;7;0;1;-1;12;0;0;0;0;2;1;1;0;0;0;54;51;52;3;4166;126;232;100.5;1.7;2.6;22.5;36.3;60;74;44.8;-6.9;43;57;43.0;-8.6;0;71;29
8418;76;76;4;0;1;-3;0;0;0;0;0;0;0;1;0;0;0;49;52;43;2;1699;5;42;95.7;2.1;8.5;19.1;55.1;22;48;31.4;-28.8;12;36;25.0;-36.3;0;33;15
8419;78;78;6;0;2;2;7;0;0;0;0;1;0;3;2;2;0;58;56;57;7;3706;336;83;105.6;4.9;1.9;32.1;20.4;68;41;62.4;-2.7;47;27;63.5;-2.0;0;7;2
8421;64;64;7;1;1;-1;9;0;0;0;0;1;0;2;3;1;1;54;55;49;5;4647;0;0;103.8;3.1;3.9;19.4;31.8;47;92;33.8;-10.6;33;60;35.5;-10.1;1;0;0
8422;74;74;5;0;0;0;13;0;0;0;0;1;0;13;3;1;3;55;48;63;4;4316;89;719;104.0;3.3;3.3;25.0;35.9;59;86;40.7;-1.5;41;60;40.6;3.3;0;0;0
8425;69;69;3;0;0;-3;7;0;0;0;0;1;0;2;1;1;1;54;50;60;2;2700;85;397;91.2;0.0;4.0;13.3;45.3;18;69;20.7;-1.7;11;51;17.7;-6.5;0;0;0
8428;69;69;5;0;1;-8;0;0;1;0;0;0;0;3;3;3;9;57;50;60;5;5411;269;207;90.1;0.0;5.3;10.6;53.9;30;163;15.5;-6.4;25;113;18.1;-4.3;0;0;0
8431;84;84;3;1;0;1;6;0;0;0;0;0;0;0;1;0;3;55;52;64;3;2787;0;186;106.7;2.6;1.3;25.8;38.8;35;56;38.5;-28.4;24;43;35.8;-29.6;0;0;0
8437;68;68;7;0;5;8;6;0;1;0;0;0;0;4;4;1;0;60;57;63;12;5391;532;0;109.9;6.7;1.3;42.7;23.4;112;66;62.9;-4.0;83;50;62.4;-6.2;0;2;1
8440;70;70;7;0;0;-4;0;0;0;0;0;0;0;1;1;0;3;57;53;59;11;3860;218;326;96.2;0.9;3.7;21.5;45.7;40;92;30.3;-34.7;31;69;31.0;-34.2;0;7;0
8443;73;73;7;0;0;-4;5;0;0;0;0;1;1;3;1;0;1;48;49;46;1;4477;14;0;95.6;0.8;4.0;15.3;41.8;29;115;20.1;-11.6;22;74;22.9;-8.5;0;0;0
8444;71;71;7;1;2;-4;5;0;0;0;0;1;0;2;3;2;2;57;54;56;9;6179;577;32;97.1;2.3;4.7;23.9;36.7;70;116;37.6;-6.2;53;86;38.1;-7.9;0;12;8
8445;69;69;7;0;0;-7;0;0;0;0;0;0;0;4;0;0;3;49;50;45;6;4778;227;350;97.0;0.8;6.0;10.5;59.5;24;154;13.5;-9.9;18;105;14.6;-9.2;0;12;6
8446;66;66;5;1;0;1;2;0;0;0;0;0;0;2;1;0;1;54;51;55;5;2806;0;0;106.7;2.6;1.3;24.4;33.4;30;52;36.6;-30.3;22;38;36.7;-28.1;0;33;10
8449;72;72;7;0;1;-1;2;0;0;0;0;0;0;2;1;1;1;51;51;51;6;3594;170;0;99.8;2.0;3.0;21.0;31.1;36;57;38.7;-12.5;26;42;38.2;-13.6;0;2;1
8452;69;69;7;0;0;-9;2;0;0;0;0;0;0;2;1;0;7;47;49;44;1;3625;77;0;93.6;1.0;9.9;11.9;67.5;23;117;16.4;-5.5;16;88;15.4;-7.8;0;35;7
8453;73;73;7;0;2;-4;2;0;0;0;0;0;0;3;2;0;7;51;50;48;3;4339;270;199;104.4;2.5;5.8;12.4;37.3;34;85;28.6;-10.4;24;63;27.6;-9.1;0;6;0
8454;79;79;1;0;0;2;0;0;0;0;0;0;0;0;0;0;1;65;51;82;3;902;0;0;118.2;8.0;0.0;43.9;35.9;16;16;50.0;0.0;15;13;53.6;7.7;0;0;0
8455;77;77;5;0;0;1;2;0;0;0;0;0;0;2;1;0;1;52;49;51;0;2231;46;0;103.6;4.8;3.2;35.5;32.3;39;36;52.0;-18.8;31;28;52.5;-17.3;0;20;9
8457;76;76;2;0;1;0;0;0;0;0;0;0;0;1;0;0;1;58;54;58;3;1536;0;169;101.8;2.3;2.3;30.5;39.8;27;27;50.0;-12.4;18;20;47.4;-12.6;0;0;0
8458;75;75;3;0;0;-2;0;0;0;0;0;0;0;2;0;0;2;51;50;51;2;1443;258;12;90.5;0.0;5.0;17.5;52.4;15;41;26.8;-30.4;13;29;31.0;-27.3;0;25;6
8459;78;78;1;0;0;-2;0;0;0;0;0;0;0;1;1;0;1;45;47;42;1;974;0;77;75.0;0.0;7.4;22.2;29.6;10;17;37.0;-2.2;9;12;42.9;3.9;0;0;0
8464;82;82;2;0;0;-2;0;0;0;0;0;0;0;3;1;0;4;62;48;82;0;1893;0;39;90.9;0.0;3.8;13.3;41.8;12;44;21.4;-3.1;9;27;25.0;-3.7;0;0;0
8465;84;84;7;1;5;2;7;0;1;0;0;1;0;4;0;0;5;67;57;77;10;5145;1167;11;110.5;3.5;2.1;22.4;41.3;60;99;37.7;-14.2;43;81;34.7;-18.8;0;77;44
8468;81;81;6;0;1;-5;2;0;0;0;0;0;0;3;1;1;4;54;52;56;5;3595;438;123;90.4;0.0;5.0;16.0;52.1;29;86;25.2;-29.8;18;67;21.2;-35.3;0;51;21
8471;83;83;7;3;1;-3;0;0;0;0;0;0;0;4;4;1;3;52;51;49;10;5667;314;192;105.9;2.5;4.4;15.9;43.8;57;125;31.3;-8.9;41;93;30.6;-9.6;0;4;1
8478;69;69;7;0;0;-4;0;0;0;0;0;0;0;1;2;0;2;49;49;50;1;2951;0;0;107.9;2.4;7.3;9.8;42.7;24;71;25.3;-19.9;14;45;23.7;-20.9;0;12;2
8479;66;66;5;1;2;2;0;0;1;0;0;0;0;2;2;0;2;62;58;63;10;4700;707;428;111.5;3.1;0.8;22.2;33.7;74;79;48.4;-3.5;47;62;43.1;-9.6;0;0;0
8481;63;63;1;0;0;2;0;0;0;0;0;0;0;1;2;1;0;63;40;85;1;845;97;50;120.0;8.5;0.0;42.6;34.1;18;14;56.3;2.4;15;10;60.0;4.7;0;0;0
8483;81;81;6;2;0;-1;0;0;0;0;0;0;0;4;2;1;5;52;50;54;4;3631;36;582;104.7;3.0;4.0;18.8;35.7;30;65;31.6;-27.8;23;52;30.7;-30.3;1;21;8
8484;83;83;7;0;1;-5;9;0;0;0;0;1;0;3;1;0;1;53;50;48;1;3655;44;31;97.0;1.0;5.9;9.8;45.3;22;100;18.0;-13.7;14;66;17.5;-14.7;0;46;17
8485;76;76;2;0;0;-1;2;0;0;0;0;0;0;4;0;1;0;57;50;61;0;1763;0;166;93.8;0.0;2.0;14.3;32.7;20;29;40.8;-9.6;12;20;37.5;-9.0;0;0;0
8486;77;77;7;1;0;-7;4;0;0;0;0;0;0;2;3;0;1;46;49;40;4;5086;0;198;94.2;0.7;5.7;13.4;51.0;32;148;17.8;-15.6;23;96;19.3;-13.8;0;16;6
8487;83;83;2;0;0;-5;2;0;0;0;0;0;0;3;2;0;3;53;48;61;1;1807;0;193;98.5;2.0;12.0;12.0;65.7;10;61;14.1;-18.1;9;42;17.6;-16.0;0;0;0
8489;63;63;7;0;0;-3;0;0;0;0;0;0;0;2;2;0;2;50;48;55;4;2647;0;310;89.7;0.0;4.1;13.6;39.4;23;68;25.3;-26.9;17;46;27.0;-25.0;0;35;8
8495;70;70;1;0;0;-2;2;0;0;0;0;0;0;0;0;0;0;56;50;66;0;974;0;77;75.0;0.0;7.4;22.2;29.6;10;17;37.0;-2.2;9;12;42.9;3.9;0;0;0
8497;82;82;7;0;0;-8;22;0;0;0;0;2;1;7;3;1;13;59;54;65;5;6433;468;979;91.3;1.1;5.6;17.3;36.9;67;123;35.3;-9.9;47;88;34.8;-10.0;0;0;0
8501;77;77;7;0;1;-8;0;0;0;0;0;0;0;3;0;1;2;46;50;37;1;4280;177;152;102.5;2.5;9.3;12.6;53.0;42;98;30.0;-9.0;25;80;23.8;-14.4;0;9;2
8504;79;79;7;0;0;-1;0;0;0;0;0;0;0;0;0;0;1;52;49;52;0;2864;4;0;97.9;1.3;2.5;21.4;31.4;34;47;42.0;-27.2;22;34;39.3;-31.2;0;13;6
8507;78;78;6;1;0;-1;2;0;0;0;0;0;0;1;0;0;1;52;51;50;3;2286;0;0;118.9;3.1;4.7;11.0;48.8;12;53;18.5;-38.8;10;43;18.9;-37.9;0;0;0
8508;79;79;1;0;0;2;0;0;0;0;0;0;0;0;1;0;0;57;44;77;0;902;0;164;118.2;8.0;0.0;43.9;35.9;16;16;50.0;0.0;15;13;53.6;7.7;0;0;0
8510;74;74;5;1;1;4;2;0;0;0;0;0;0;6;1;1;2;58;54;59;2;2633;0;580;112.6;6.8;1.4;36.9;23.2;52;38;57.8;5.5;39;28;58.2;5.4;0;14;7
8513;64;64;4;1;1;4;4;0;0;0;0;0;0;3;1;0;1;62;53;72;8;3579;253;358;107.9;5.0;1.0;43.3;27.2;65;48;57.5;15.6;53;34;60.9;16.0;0;0;0
8516;69;69;5;0;1;2;0;0;0;0;0;0;0;1;1;0;0;59;52;66;5;4518;0;134;106.3;3.2;1.6;28.7;33.5;72;86;45.6;-22.3;54;63;46.2;-20.7;0;0;0
8517;69;69;1;0;0;1;0;0;0;0;0;0;0;0;0;0;3;68;50;91;2;710;126;236;133.3;5.1;0.0;15.2;45.6;9;17;34.6;-19.6;7;13;35.0;-22.6;0;0;0
8518;64;64;1;0;0;0;2;0;0;0;0;0;0;0;0;0;4;61;50;81;0;818;0;252;100.0;0.0;0.0;8.8;52.8;8;21;27.6;-32.4;6;16;27.3;-37.2;0;0;0
8519;73;73;7;0;1;-6;22;0;0;0;0;4;1;1;2;0;1;51;51;48;3;3478;93;359;93.7;1.0;7.2;13.5;51.8;39;76;33.9;-19.9;21;62;25.3;-29.6;0;13;6
8522;73;73;5;2;0;-5;0;2;0;0;0;0;0;5;3;1;4;55;55;48;8;3386;490;4;86.2;1.1;6.4;24.5;35.1;42;68;38.2;-7.6;29;47;38.2;-7.7;0;4;1
8523;112;112;1;0;0;-3;2;0;0;0;0;0;0;0;1;0;0;42;48;38;2;809;0;0;66.7;0.0;13.3;35.6;40.0;15;15;50.0;-0.7;11;12;47.8;2.7;0;0;0
8524;111;111;4;0;1;-1;2;0;0;0;0;0;0;3;2;1;1;51;50;54;5;3106;30;488;98.1;1.2;2.3;29.0;39.4;48;64;42.9;-7.1;35;48;42.2;-5.7;0;0;0
8525;119;119;7;1;1;-2;16;0;0;0;0;2;0;20;2;0;5;54;53;49;4;4599;27;864;99.5;2.3;3.9;25.8;40.7;53;84;38.7;-9.7;43;65;39.8;-7.4;0;32;14
8526;118;118;7;0;2;-2;2;0;0;0;0;0;0;3;2;0;3;56;50;58;9;3651;87;70;98.1;3.0;4.9;28.6;40.4;59;64;48.0;-13.6;42;53;44.2;-16.6;0;52;23
8527;108;108;1;0;0;-3;0;0;0;0;0;0;0;0;0;0;0;43;50;34;0;274;0;0;40.0;0.0;39.4;13.1;65.7;3;7;30.0;-49.3;3;7;30.0;-50.0;0;0;0
8528;114;114;6;0;1;4;5;0;0;0;0;1;0;2;2;1;1;60;50;72;8;5375;179;761;102.6;4.7;2.0;38.2;20.8;101;77;56.7;6.9;73;49;59.8;10.2;0;0;0
8530;111;111;5;0;0;-2;2;0;0;0;0;0;0;0;0;0;1;51;50;49;0;1800;0;0;94.3;0.0;4.0;28.0;70.0;18;57;24.0;-19.8;16;47;25.4;-17.8;0;4;1
8531;112;112;7;1;6;2;7;0;2;0;0;0;0;9;1;1;2;68;64;69;11;5001;1367;94;100.6;3.6;2.2;36.0;23.0;90;55;62.1;4.2;68;41;62.4;3.9;0;4;0
8532;119;119;6;1;1;2;4;1;0;0;0;0;0;6;2;0;2;56;54;50;12;4975;731;124;107.6;5.1;2.9;31.8;34.7;86;76;53.1;7.0;57;61;48.3;1.5;0;3;1
8533;116;116;7;0;0;-7;0;0;0;0;0;0;0;1;1;0;5;49;49;49;4;2926;238;0;84.1;0.0;8.6;12.3;54.1;17;87;16.3;-22.6;15;65;18.8;-19.1;0;2;0
8534;116;116;6;1;0;0;6;1;0;0;0;0;0;1;0;0;1;56;54;52;6;2328;178;81;92.0;3.1;3.1;41.8;20.1;54;23;70.1;-5.3;32;16;66.7;-10.3;0;34;20
8536;114;114;6;0;3;3;0;0;0;0;0;0;0;9;3;1;0;54;50;57;7;5297;14;818;107.4;2.7;0.7;27.9;28.5;83;79;51.2;-0.8;60;59;50.4;-2.5;0;0;0
8537;115;115;1;0;0;-3;0;0;0;0;0;0;0;0;0;0;1;43;50;34;0;782;0;71;87.0;0.0;13.8;4.6;105.9;3;32;8.6;-14.9;1;29;3.3;-16.4;0;0;0
8539;115;115;6;1;1;2;9;0;0;0;0;1;0;4;1;1;0;61;54;59;13;4848;316;60;104.4;3.7;2.2;33.4;33.4;74;85;46.5;12.1;55;62;47.0;9.8;0;64;34
8540;114;114;6;1;0;-2;0;0;0;0;0;0;0;1;0;2;9;60;54;66;5;3496;179;417;97.4;1.0;3.1;22.7;43.2;49;82;37.4;-22.6;33;54;37.9;-22.9;0;4;1
8541;106;106;5;0;1;2;10;0;0;0;0;0;0;19;1;1;0;56;50;63;9;4906;174;491;102.4;2.9;2.2;30.8;30.8;77;82;48.4;-0.8;59;60;49.6;-1.1;0;0;0
8542;107;107;6;1;1;0;2;0;0;0;0;0;0;2;1;0;2;59;56;57;11;4678;1634;127;100.9;5.4;4.6;33.9;30.8;63;72;46.7;7.7;51;54;48.6;12.0;1;114;51
8543;107;107;7;0;2;-2;11;0;0;0;0;1;0;3;4;1;0;53;52;54;10;4614;467;508;98.7;1.6;3.1;22.6;38.2;54;100;35.1;-8.6;34;71;32.4;-10.0;0;23;10
8544;121;121;1;0;0;0;0;0;0;0;0;0;0;1;0;0;5;57;49;69;0;890;115;168;100.0;0.0;0.0;16.2;56.6;7;28;20.0;-1.9;6;17;26.1;5.3;0;0;0
8546;122;122;7;1;1;-12;0;1;0;0;0;0;0;2;3;1;8;57;52;62;8;7568;566;857;99.3;1.9;7.6;14.3;54.2;62;184;25.2;-10.0;41;146;21.9;-10.6;0;0;0
8547;119;119;6;0;3;1;2;0;0;0;0;0;0;2;0;0;2;53;53;49;4;2666;290;0;112.2;5.4;4.1;24.3;40.5;33;47;41.3;-19.2;25;35;41.7;-18.3;0;8;5
8548;111;111;7;0;2;-3;2;0;0;0;0;0;0;1;0;1;2;54;51;53;6;3334;125;0;101.4;2.2;5.4;16.2;45.4;29;82;26.1;-21.4;24;64;27.3;-21.7;0;12;4
8555;121;121;6;0;0;-5;0;0;0;0;0;0;0;0;1;2;2;56;53;57;5;4238;504;239;95.7;0.8;4.2;21.2;51.0;49;120;29.0;2.2;32;85;27.4;0.4;0;11;5
8556;121;121;6;1;4;-8;0;0;2;0;0;0;0;3;4;1;21;58;55;58;10;5575;590;716;94.6;1.3;6.5;20.7;55.5;55;153;26.4;2.5;43;110;28.1;4.5;0;0;0
8563;121;121;7;0;1;-2;0;0;0;0;0;0;0;5;0;0;10;55;54;53;5;4923;298;225;103.8;2.2;3.7;19.7;49.7;50;144;25.8;-1.0;34;91;27.2;1.1;0;54;18
8567;117;117;7;1;2;-1;4;0;0;0;1;0;0;4;1;0;5;61;56;64;11;5121;618;656;97.9;2.1;3.5;26.7;35.1;75;89;45.7;-17.5;45;67;40.2;-24.4;0;96;45
8568;112;112;2;0;0;0;12;0;0;0;0;0;0;2;1;0;0;55;49;64;1;1620;0;106;107.1;2.2;2.2;20.0;55.6;24;36;40.0;-14.2;11;31;26.2;-29.9;0;0;0
8572;122;122;6;0;0;-8;7;0;0;0;0;1;0;3;1;1;2;50;52;48;6;5917;149;340;92.6;0.6;5.5;16.4;49.3;66;143;31.6;0.3;39;109;26.4;-3.4;0;0;0
8578;105;105;7;0;0;-5;2;0;0;0;0;0;0;2;3;2;6;52;49;57;5;4081;338;48;92.2;0.0;4.4;13.2;56.5;32;114;21.9;-17.3;23;86;21.1;-17.6;0;52;18
8580;111;111;7;0;2;0;4;0;0;0;0;0;0;2;1;1;14;58;54;62;9;7313;214;275;102.2;3.0;3.0;27.1;34.0;107;151;41.5;-4.2;80;100;44.4;-1.2;0;0;0
8584;122;122;4;1;0;0;0;0;0;0;0;0;0;1;2;0;1;54;51;50;6;2147;208;117;111.4;3.4;3.4;20.1;63.7;27;65;29.3;-5.8;21;49;30.0;-8.9;1;3;2
8585;111;111;6;0;0;-3;16;0;0;0;0;0;0;2;0;0;0;55;51;58;5;4790;111;418;91.4;2.3;4.5;37.6;30.8;84;72;53.8;-1.5;65;54;54.6;-0.4;0;0;0
8589;117;117;5;0;0;0;4;0;0;0;0;0;0;0;1;2;0;54;51;56;5;2354;282;120;102.2;3.1;3.1;35.2;47.4;30;56;34.9;-9.9;26;42;38.2;-9.0;0;0;0
8591;116;116;5;0;2;1;2;0;0;0;0;0;0;5;0;0;1;61;59;61;11;4656;121;338;96.2;3.1;2.3;44.8;21.6;104;56;65.0;-7.6;78;40;66.1;-8.3;0;0;0
8593;122;122;7;0;1;-10;5;0;0;0;0;1;1;6;1;0;2;49;50;44;4;4928;251;283;88.2;0.7;8.0;19.7;51.9;52;134;28.0;-5.0;36;106;25.4;-4.6;0;34;12
8594;116;116;4;0;2;-2;2;0;0;0;0;0;0;5;1;0;4;59;54;63;3;2437;378;41;92.8;1.5;4.4;28.1;35.5;32;43;42.7;-15.5;24;33;42.1;-15.6;0;0;0
8596;113;113;4;0;1;0;4;0;0;0;0;0;0;3;0;1;3;56;53;57;5;2288;423;0;98.5;1.6;1.6;33.0;25.2;41;44;48.2;-2.6;27;25;51.9;-0.5;0;1;0
8597;109;109;6;0;1;2;2;0;0;0;0;0;0;3;0;0;0;55;52;52;6;3714;443;0;105.3;4.8;2.9;31.0;28.1;57;46;55.3;-3.2;42;33;56.0;-1.9;0;5;1
8599;105;105;6;1;1;0;5;1;1;0;0;1;1;2;5;0;4;58;49;68;7;5052;317;510;99.0;1.4;1.4;39.9;31.4;99;88;52.9;-28.0;73;61;54.5;-28.0;0;0;0
8600;105;105;5;0;2;-2;0;0;0;0;0;0;0;1;0;0;1;50;53;42;3;2923;0;143;99.1;1.2;3.7;16.0;43.1;29;82;26.1;-23.6;20;60;25.0;-26.9;0;24;11
8601;120;120;7;0;2;3;0;0;0;0;0;0;0;1;0;0;2;55;52;52;6;3258;54;0;108.3;4.4;1.1;36.5;28.7;56;60;48.3;-18.3;45;43;51.1;-14.8;0;0;0
8602;108;108;7;1;3;4;0;0;1;0;0;0;0;3;2;0;1;60;58;52;11;5156;1095;330;110.0;6.3;2.1;35.6;27.2;97;70;58.1;-1.1;72;57;55.8;-5.0;0;5;2
8603;114;114;3;0;2;-1;0;0;0;0;1;0;0;1;1;0;1;52;49;54;4;2833;71;498;94.5;1.3;3.8;28.0;38.1;45;49;47.9;-12.2;32;37;46.4;-16.6;0;0;0
8606;114;114;7;3;2;4;2;2;0;0;0;0;0;7;1;0;3;61;60;57;11;5375;654;14;106.4;3.3;0.7;37.5;26.1;106;72;59.6;9.0;74;53;58.3;6.1;1;5;1
8609;112;112;6;1;0;-2;0;1;0;0;0;0;0;4;1;0;3;60;56;61;14;4230;882;69;97.4;0.9;1.7;28.9;30.6;62;74;45.6;-1.9;51;56;47.7;1.9;0;5;2
8613;110;110;1;0;0;1;0;0;0;0;0;0;0;0;0;0;0;61;62;48;1;1107;73;71;107.7;3.3;0.0;42.3;19.5;22;10;68.8;3.2;17;8;68.0;-4.9;0;0;0
8615;119;119;6;0;1;-5;8;0;0;0;0;0;0;2;1;0;1;50;50;53;4;3338;12;459;87.4;1.1;6.5;19.4;35.6;41;69;37.3;-11.0;29;57;33.7;-14.7;0;46;10
8616;112;112;3;0;1;1;4;0;0;0;0;0;0;0;0;0;2;56;57;52;3;2429;105;36;108.5;3.0;1.5;23.7;37.1;34;47;42.0;-9.2;22;33;40.0;-11.6;0;42;12
8618;108;108;4;0;5;5;0;0;0;0;0;0;0;5;1;0;0;60;62;54;4;3640;0;259;117.5;9.9;4.9;34.6;44.5;59;79;42.8;-5.8;47;62;43.1;-6.9;0;0;0
8619;105;105;7;1;2;-4;0;0;0;0;0;0;0;5;0;2;2;63;54;72;11;6578;872;1029;101.2;2.2;4.4;19.2;42.7;75;130;36.6;1.6;55;97;36.2;2.1;1;0;0
8622;113;113;3;0;1;0;2;0;0;0;0;0;0;0;2;0;1;52;49;58;0;1172;346;61;114.4;3.1;3.1;15.4;55.3;6;33;15.4;-25.9;5;23;17.9;-23.7;0;14;7
8623;118;118;7;0;1;-3;4;0;0;0;0;0;0;2;1;0;0;54;50;45;1;2295;0;0;92.0;1.6;6.3;25.1;43.9;29;46;38.7;-23.0;24;37;39.3;-20.8;0;4;1
8625;117;117;2;0;0;-4;0;0;0;0;0;0;0;1;1;1;0;53;49;57;2;1346;0;0;69.2;0.0;10.7;21.4;34.8;18;28;39.1;-13.6;14;20;41.2;-8.4;0;5;0
8631;113;113;6;0;1;1;2;0;1;0;0;0;0;2;0;0;1;58;51;63;7;2382;450;0;105.6;1.5;0.0;27.2;31.7;28;42;40.0;-8.0;23;32;41.8;-7.3;0;11;4
8633;115;115;4;0;0;-1;5;0;0;0;0;1;0;1;1;0;3;52;49;58;2;1968;268;0;98.3;1.8;3.7;27.4;43.9;21;51;29.2;-7.1;19;33;36.5;-1.7;0;4;4
8634;111;111;3;0;1;2;4;0;0;0;0;0;0;3;2;0;3;51;49;55;2;2419;0;273;120.8;6.0;3.0;22.3;50.6;22;68;24.4;-23.5;21;50;29.6;-18.7;0;0;0
8635;118;118;4;1;2;2;0;0;0;0;0;0;0;4;1;0;0;62;57;63;7;3753;107;420;104.9;4.8;2.9;35.5;33.6;65;50;56.5;-3.0;49;41;54.4;-1.8;0;0;0
8646;122;122;7;0;0;-13;2;0;0;0;0;0;0;3;0;1;8;55;54;54;4;5434;742;262;83.3;0.0;7.9;15.2;47.7;53;137;27.9;-5.2;35;108;24.5;-5.8;0;5;2
8647;121;121;7;0;1;1;4;0;0;0;0;0;0;3;1;0;4;60;52;71;3;5942;322;1121;105.6;3.6;3.0;28.5;42.4;82;107;43.4;7.9;64;87;42.4;3.8;0;0;0
8649;109;109;4;0;3;2;2;0;0;0;0;0;0;0;0;1;1;65;57;75;6;3522;25;272;104.8;4.1;2.0;35.8;30.7;65;62;51.2;-6.6;45;43;51.1;-5.9;0;0;0
8653;111;111;4;0;1;-2;2;0;0;0;0;0;0;2;0;0;1;52;51;51;1;2358;187;11;98.9;1.5;4.6;19.8;51.9;21;69;23.3;-26.0;16;54;22.9;-28.5;0;43;12
8655;119;119;6;1;2;-4;0;0;1;0;0;0;0;1;0;0;0;56;54;52;6;4420;442;86;93.1;1.6;4.1;27.7;31.8;66;66;50.0;4.0;44;49;47.3;1.4;0;8;6
8656;119;119;6;0;0;-7;2;0;0;0;0;0;0;2;1;1;4;50;50;47;6;4101;50;327;84.4;0.0;6.1;14.9;39.5;34;86;28.3;-22.8;28;65;30.1;-18.8;0;34;10
8657;109;109;7;0;0;-17;6;0;0;0;0;0;0;1;3;1;26;49;49;49;5;6357;296;316;85.1;0.6;9.6;17.0;52.7;57;172;24.9;-10.1;40;127;24.0;-7.0;0;84;46
8661;115;115;5;0;0;-2;2;0;0;0;0;0;0;0;0;1;0;52;50;53;3;1949;257;0;100.8;1.8;5.5;22.2;73.9;15;57;20.8;-21.1;13;47;21.7;-21.8;0;0;0
8662;117;117;1;0;0;0;0;0;0;0;0;0;0;0;0;0;1;56;50;61;0;389;0;0;100.0;0.0;0.0;37.0;9.3;7;4;63.6;0.6;4;1;80.0;15.4;0;6;4
8663;122;122;2;0;0;-3;2;0;0;0;0;0;0;1;0;1;0;59;51;71;0;1304;68;272;83.3;0.0;8.3;11.0;49.7;12;41;22.6;-3.2;6;31;16.2;-5.7;0;0;0
8665;107;107;5;0;1;-1;2;0;0;0;0;0;0;5;1;1;8;61;51;61;4;3501;57;204;98.7;1.0;2.1;21.6;33.9;46;72;39.0;-17.8;30;51;37.0;-21.5;0;47;19
8666;112;112;7;1;0;-5;2;0;0;0;0;0;0;2;1;1;0;55;52;56;5;2946;1229;49;96.3;3.7;7.3;24.4;39.1;39;55;41.5;-20.6;28;42;40.0;-22.9;0;0;0
8667;93;93;7;0;0;-2;2;0;0;0;0;0;0;1;4;2;5;58;47;73;4;6424;165;477;100.7;1.7;2.8;21.9;40.3;83;133;38.4;-12.0;63;104;37.7;-13.2;0;0;0
8668;108;108;7;2;0;3;14;0;0;0;0;2;0;7;5;0;3;55;53;60;13;6732;795;593;109.3;3.7;2.1;26.2;43.3;90;152;37.2;-10.6;70;112;38.5;-10.5;0;0;0
8669;109;109;5;0;1;-1;4;0;0;0;0;0;0;3;1;1;4;57;52;63;8;4762;53;612;98.3;3.8;4.5;39.3;40.1;89;87;50.6;-7.0;73;69;51.4;-6.0;0;0;0
8671;103;103;7;1;0;-11;2;0;0;0;0;0;0;1;2;1;14;52;50;52;8;6805;339;311;95.4;1.6;7.4;15.9;50.8;85;154;35.6;-9.3;53;120;30.6;-14.2;0;0;0
8673;89;89;7;1;0;1;16;0;0;0;0;0;0;4;3;5;5;53;49;58;10;7462;611;1537;113.2;4.8;4.3;19.3;36.7;82;145;36.1;-2.3;60;109;35.5;-5.3;0;0;0
8674;98;98;5;0;1;-1;0;0;0;0;0;0;0;2;4;2;5;54;47;67;6;4438;282;620;95.4;1.6;2.4;30.0;24.3;73;63;53.7;1.3;47;45;51.1;-0.8;0;0;0
8675;90;90;7;0;1;0;4;0;1;0;0;0;0;3;4;0;1;59;47;76;7;6657;901;834;102.2;3.2;2.7;28.7;29.7;117;98;54.4;7.1;87;79;52.4;5.7;0;0;0
8676;118;118;4;1;0;2;4;0;0;0;0;0;0;1;0;0;2;66;60;70;16;4224;832;176;102.5;3.4;1.7;40.9;29.0;95;68;58.3;-5.6;67;56;54.5;-8.5;0;0;0
8677;108;108;5;0;3;-1;2;0;0;0;0;0;0;1;0;1;2;65;59;71;5;4462;63;665;96.9;2.4;3.2;36.3;33.1;81;82;49.7;7.8;58;57;50.4;9.7;0;0;0
8678;106;106;7;1;4;-4;4;0;0;1;0;0;0;4;2;0;9;61;54;70;5;6715;132;877;95.7;3.8;6.4;21.4;29.5;100;108;48.1;-4.0;61;82;42.7;-11.2;0;0;0
8679;101;101;7;0;1;2;4;0;0;0;0;0;0;11;1;2;2;58;50;64;2;5884;48;947;104.9;3.1;1.8;28.1;30.6;85;99;46.2;-1.1;62;67;48.1;-1.8;0;14;10
8680;93;93;7;0;1;-1;8;0;0;0;0;0;0;5;1;1;4;60;48;72;6;6735;68;1357;103.0;3.2;3.7;23.0;34.2;97;117;45.3;5.5;70;84;45.5;7.8;0;0;0
8681;112;112;6;1;4;4;2;0;1;0;0;0;0;2;1;0;4;60;55;60;9;6455;524;468;103.1;3.9;2.2;36.8;29.6;117;91;56.3;-6.1;95;68;58.3;-2.9;0;0;0
8682;94;94;6;2;0;5;0;1;0;0;0;0;0;3;2;0;3;59;52;64;12;6023;135;589;100.5;5.4;3.0;38.3;22.1;108;74;59.3;-7.1;84;57;59.6;-5.8;1;0;0
8683;100;100;6;0;2;-3;2;0;0;0;0;0;0;4;6;0;3;56;44;69;5;5654;39;537;90.4;3.2;5.1;29.3;24.8;80;80;50.0;6.3;57;54;51.4;8.0;0;0;0
8690;108;108;7;0;0;1;2;0;0;0;0;0;0;5;4;2;1;53;51;52;11;7456;146;530;99.0;2.9;2.4;36.7;27.0;138;101;57.7;1.9;98;77;56.0;0.5;0;0;0
8692;108;108;4;1;0;4;14;0;0;0;0;0;0;0;0;1;1;56;53;57;8;2144;45;209;107.2;8.4;1.7;48.7;16.8;47;24;66.2;6.8;35;17;67.3;7.7;0;0;0
8693;121;121;7;1;3;-1;11;0;0;0;0;1;0;8;7;0;7;60;54;65;20;7779;952;1014;101.4;2.8;3.2;25.5;34.2;106;154;40.8;8.6;77;114;40.3;9.3;0;0;0
8694;114;114;1;0;0;-1;2;0;0;0;0;0;0;0;0;0;1;57;50;70;1;655;0;71;94.4;0.0;5.5;11.0;98.9;5;23;17.9;-25.7;3;19;13.6;-33.0;0;0;0
8696;86;86;7;1;2;4;2;0;0;0;0;0;0;4;4;0;1;63;56;68;11;6589;746;523;101.2;4.9;2.7;36.6;22.4;134;86;60.9;-6.1;104;62;62.7;-4.3;0;0;0
8697;99;99;6;1;2;-1;0;0;0;0;0;0;0;8;1;2;2;58;52;63;6;6321;207;568;103.6;4.0;4.6;27.3;41.6;100;121;45.2;5.1;69;92;42.9;4.6;0;0;0
8698;68;68;7;0;1;-6;2;0;0;0;0;0;0;1;1;2;1;51;50;51;0;3723;0;286;93.3;1.9;7.7;17.4;43.5;30;80;27.3;-12.6;22;60;26.8;-12.9;0;45;17
8699;98;98;6;0;1;-5;14;0;0;0;0;0;0;7;0;1;1;54;52;50;8;6028;233;393;91.5;2.4;5.4;31.7;33.4;95;93;50.5;-5.1;64;73;46.7;-9.6;0;0;0
8700;71;71;7;0;1;-2;4;0;0;0;0;0;0;2;0;2;2;56;54;53;2;5239;439;0;107.7;2.7;4.1;13.1;30.9;48;92;34.3;-4.5;33;69;32.4;-6.7;0;4;1
8702;120;120;5;0;1;-7;6;0;0;0;0;0;0;4;0;0;5;51;52;49;1;4590;4;510;99.9;1.6;7.1;11.8;52.5;35;116;23.2;-24.7;21;85;19.8;-27.5;0;0;0
8704;111;111;6;0;0;-7;4;0;0;0;0;0;0;2;2;1;3;60;51;73;5;5709;193;582;96.8;1.3;5.0;20.2;53.6;58;157;27.0;0.3;45;118;27.6;0.8;0;0;0
8705;115;115;6;1;0;-11;6;0;0;0;0;0;0;7;5;0;4;61;52;72;11;6390;525;701;88.8;1.7;7.9;22.5;42.3;78;127;38.0;5.6;50;96;34.2;3.4;0;0;0
8706;77;77;7;1;3;7;12;0;0;1;0;2;1;5;1;3;3;61;51;74;8;5872;385;797;115.7;4.9;0.6;28.2;35.6;91;105;46.4;13.6;66;81;44.9;14.5;0;0;0
8707;78;78;2;0;0;-4;2;0;0;0;0;0;0;0;1;1;1;54;47;69;1;1831;73;217;87.5;0.0;7.9;7.9;62.9;9;50;15.3;-7.9;5;42;10.6;-15.2;0;0;0
8708;72;72;4;0;1;4;4;0;0;0;0;0;0;2;1;0;1;64;58;71;9;3774;339;506;107.8;5.7;1.9;43.9;36.2;69;71;49.3;-2.8;59;49;54.6;2.9;0;0;0
8709;65;65;5;0;0;-7;0;0;0;0;0;0;0;2;1;1;8;48;49;47;4;4760;0;771;90.5;0.8;6.1;15.9;42.4;41;110;27.2;-7.0;30;81;27.0;-8.3;0;0;0
8710;71;71;5;0;1;-3;6;0;0;0;0;0;0;5;1;2;2;54;51;57;3;5220;80;254;104.7;2.8;4.8;18.6;47.6;46;123;27.2;-15.5;33;90;26.8;-16.0;0;0;0
8712;84;84;5;2;3;12;2;0;0;0;0;0;0;1;1;2;4;60;52;67;8;5144;141;332;114.4;11.2;2.8;45.5;27.3;111;74;60.0;11.0;89;56;61.4;13.7;0;0;0
8713;67;67;7;2;0;-5;6;0;0;0;0;0;0;1;0;1;1;52;53;50;6;4266;186;0;86.3;1.7;5.9;29.5;30.4;65;65;50.0;3.8;47;50;48.5;2.5;0;44;22
8714;73;73;7;0;1;-5;8;0;0;0;0;0;0;1;1;0;7;52;51;50;2;5548;321;363;100.3;2.6;5.8;17.5;40.2;50;122;29.1;-11.7;37;94;28.2;-12.7;0;72;31
8715;79;79;7;1;3;-1;6;0;1;0;0;0;0;1;4;1;4;59;56;63;9;6125;885;159;102.8;3.5;4.1;27.6;41.1;81;131;38.2;0.5;58;93;38.4;1.1;0;8;1
8716;65;65;2;1;1;-2;2;1;0;0;0;0;0;1;2;0;1;60;56;57;5;1988;239;60;85.4;5.4;9.1;29.0;27.2;26;33;44.1;-10.1;22;25;46.8;-4.3;0;0;0
8718;99;99;1;0;1;-1;0;0;0;0;0;0;0;5;1;0;0;57;52;61;1;970;0;101;87.5;3.7;7.4;29.7;29.7;16;17;48.5;-5.4;11;13;45.8;-1.4;0;0;0
8719;65;65;3;0;1;-2;5;0;1;0;0;1;0;3;3;0;4;62;51;74;4;3043;14;81;96.2;1.2;3.5;26.0;42.6;39;73;34.8;-4.7;30;54;35.7;-2.6;0;0;0
8720;118;118;4;1;2;5;2;0;0;0;0;0;0;4;1;0;0;66;58;73;10;3554;181;448;100.4;7.1;2.0;51.7;15.2;91;28;76.5;14.1;73;22;76.8;16.8;0;0;0
8722;90;90;5;0;2;1;2;0;0;0;0;0;0;4;3;0;1;58;50;68;4;4996;450;405;102.0;5.0;4.3;31.0;30.3;84;86;49.4;-3.8;66;67;49.6;-3.0;0;0;0
8723;88;88;6;0;2;1;7;0;0;0;0;1;0;6;0;0;3;55;50;62;1;5501;42;742;107.2;3.9;3.3;22.3;31.4;61;99;38.1;-12.3;49;66;42.6;-8.6;0;0;0
8724;71;71;5;1;0;1;0;0;0;0;0;0;0;0;0;0;1;55;51;60;2;1779;257;0;106.6;4.0;2.0;28.3;26.3;33;25;56.9;-9.4;25;17;59.5;-5.4;0;28;9
8725;73;73;7;1;0;-3;4;0;0;0;0;0;0;6;1;0;2;61;53;57;7;6205;435;477;94.9;2.3;4.1;26.1;29.0;86;99;46.5;11.8;63;79;44.4;9.3;0;6;2
8727;87;87;6;0;0;-6;4;0;0;0;0;0;0;2;1;0;3;61;52;70;11;5978;316;346;89.3;0.0;3.6;27.1;33.7;86;102;45.7;-7.1;60;78;43.5;-8.7;0;0;0
8728;118;118;4;0;2;2;4;0;0;0;0;0;0;3;0;0;1;60;56;60;8;3394;476;403;103.1;5.3;3.2;45.6;37.1;84;56;60.0;5.9;58;47;55.2;-0.3;0;0;0
8730;124;124;7;0;3;3;0;0;2;0;0;0;0;14;0;3;4;64;59;69;14;6834;1629;347;106.8;3.2;1.6;25.3;27.9;91;85;51.7;3.1;67;63;51.5;5.0;0;0;0
8732;67;67;7;2;7;2;5;1;4;0;0;1;0;4;0;4;6;76;68;81;10;5984;1553;541;100.5;4.2;3.0;32.5;24.1;104;81;56.2;13.2;77;56;57.9;16.0;1;152;95
8733;114;3;7;5;10;9;49;1;4;0;1;8;5;25;0;2;16;97;91;95;30;6366;1565;1060;108.9;4.5;0.6;37.9;18.7;141;74;65.6;18.5;95;47;66.9;18.7;1;146;77
8734;65;65;7;1;7;-2;27;0;2;0;1;5;0;12;2;4;33;81;65;98;19;7721;997;1145;94.0;3.3;4.7;29.8;27.5;120;119;50.2;19.0;90;88;50.6;19.9;0;0;0
8736;31;31;7;3;4;5;2;0;0;0;0;0;0;5;3;6;0;65;58;70;7;5101;236;0;107.0;6.4;2.8;37.4;28.2;79;61;56.4;10.7;57;49;53.8;7.2;0;80;51
8737;112;112;7;5;12;6;21;2;4;0;0;3;2;13;0;3;7;90;85;90;32;6673;2023;624;104.6;5.9;1.6;38.8;15.1;140;58;70.7;17.5;104;39;72.7;19.4;0;149;89
8739;7;7;5;0;5;1;0;0;2;0;0;0;0;14;2;2;5;73;70;75;13;4823;1478;275;100.1;3.0;2.2;47.8;36.6;95;79;54.6;1.4;73;62;54.1;1.3;0;0;0
8740;68;1;7;6;10;6;0;3;5;0;0;0;0;8;2;4;7;87;82;87;41;6162;2075;150;97.7;5.8;2.3;54.9;18.1;163;52;75.8;14.7;128;39;76.6;14.6;2;173;112
8741;81;81;7;7;10;11;36;4;1;0;0;4;0;16;3;6;20;91;79;97;29;6507;1771;877;111.3;6.6;0.6;43.7;14.4;145;66;68.7;24.5;106;46;69.7;25.4;1;60;34
8742;120;120;7;1;6;4;9;0;1;0;0;1;0;11;1;4;19;82;65;97;23;7112;2130;1138;103.0;5.6;2.5;41.5;24.3;142;90;61.2;-3.3;113;69;62.1;-2.0;0;0;0
8743;63;63;7;4;8;7;6;2;3;0;1;0;0;5;2;6;5;85;81;85;37;6559;1633;741;105.7;4.4;0.5;43.9;12.6;163;44;78.7;21.5;120;34;77.9;19.4;0;27;15
8744;91;91;7;10;10;8;2;4;1;0;0;0;0;9;5;2;6;89;84;88;34;7562;1920;853;94.1;7.1;3.3;40.9;14.3;159;57;73.6;30.7;121;41;74.7;31.4;1;181;105
8746;101;101;4;0;0;-2;2;0;0;0;0;0;0;1;0;0;0;55;50;53;1;1907;0;67;92.9;0.0;3.8;11.3;52.9;14;44;24.1;-15.2;11;33;25.0;-16.1;0;0;0
8747;90;90;4;0;0;-2;0;0;0;0;0;0;0;0;0;0;0;48;49;43;0;1627;0;0;87.5;0.0;4.4;15.5;35.4;18;33;35.3;-15.0;12;27;30.8;-18.1;0;18;6
8751;89;89;6;1;0;1;25;0;0;0;0;3;2;19;1;0;0;50;49;46;1;5278;84;457;112.2;2.7;2.0;15.0;34.1;52;111;31.9;-11.0;36;75;32.4;-12.7;0;0;0
8755;97;97;4;0;0;2;5;0;0;0;0;1;0;3;2;0;0;53;49;57;5;2481;0;372;106.9;5.8;2.9;36.3;31.9;39;46;45.9;-0.1;31;34;47.7;2.2;0;7;3
8757;99;99;4;0;0;-4;0;0;0;0;0;0;0;0;0;0;1;46;49;42;1;1482;0;40;82.6;0.0;9.7;7.3;55.9;5;43;10.4;-38.7;4;27;12.9;-38.3;0;9;4
8766;89;89;3;0;1;0;0;0;0;0;0;0;0;2;1;0;0;47;48;48;1;2306;0;350;107.3;1.6;1.6;14.1;40.6;22;50;30.6;-7.8;16;34;32.0;-8.0;0;0;0
8772;99;99;3;0;0;0;0;0;0;0;0;0;0;3;0;0;0;57;51;59;5;2788;0;48;97.4;2.6;2.6;34.9;25.8;49;41;54.4;-12.0;36;30;54.5;-11.0;0;0;0
8776;98;98;5;0;3;0;2;0;0;0;0;0;0;2;1;0;0;53;53;47;5;2454;83;0;100.5;2.9;2.9;27.9;29.3;35;46;43.2;-12.4;25;31;44.6;-10.4;0;0;0
8777;90;90;6;0;2;-6;0;0;0;0;0;0;0;1;0;1;3;50;52;44;3;2782;140;101;91.9;2.6;10.4;24.6;55.6;37;68;35.2;-13.8;25;53;32.1;-16.7;0;0;0
8779;92;92;6;0;0;-5;4;0;0;0;0;0;0;0;2;1;1;52;47;61;1;4826;190;1044;100.7;1.5;5.2;12.7;47.0;41;122;25.2;-1.7;30;95;24.0;-2.0;0;6;1
8781;93;93;7;1;0;-11;2;0;0;0;0;0;0;3;2;0;1;45;51;38;3;4418;141;25;86.5;0.8;9.8;15.5;52.2;35;110;24.1;-22.1;28;86;24.6;-19.9;0;0;0
8782;91;91;2;0;0;0;0;0;0;0;0;0;0;0;1;0;0;54;48;55;0;762;0;0;100.0;0.0;0.0;18.9;33.1;7;17;29.2;-18.2;4;13;23.5;-23.9;0;0;0
8784;89;89;3;0;0;4;5;0;0;0;0;1;0;2;0;0;0;58;50;68;0;2648;16;233;126.7;5.4;0.0;20.4;21.8;27;48;36.0;-8.5;22;30;42.3;-1.6;0;0;0
8787;95;95;5;0;0;-2;4;0;0;0;0;0;0;2;3;0;2;48;48;52;0;4544;146;439;98.5;4.0;4.8;27.7;30.1;70;74;48.6;-11.3;53;51;51.0;-10.4;0;0;0
8789;100;100;7;0;0;-5;8;0;0;0;0;0;0;3;1;0;1;57;50;52;2;3779;252;61;93.6;1.0;5.7;17.1;47.6;34;76;30.9;-13.1;27;60;31.0;-12.7;0;66;22
8790;97;97;7;0;0;-7;0;0;0;0;0;0;0;3;2;0;0;47;48;43;3;2782;52;73;80.0;0.0;9.1;16.8;45.3;17;61;21.8;-22.9;14;49;22.2;-22.3;0;1;0
8792;104;104;3;0;0;-2;0;0;0;0;0;0;0;0;0;0;0;50;49;51;0;2162;0;270;84.4;1.7;6.7;25.0;30.0;30;25;54.5;-15.2;22;21;51.2;-21.8;0;0;0
8795;95;95;2;0;0;0;0;0;0;0;0;0;0;4;0;0;0;58;52;59;1;1502;7;0;96.8;2.4;2.4;40.7;26.4;25;21;54.3;-7.0;21;16;56.8;-3.9;0;0;0
8800;92;92;4;0;1;-4;0;0;0;0;0;0;0;2;0;0;0;49;51;43;0;2810;436;241;96.3;1.3;6.4;17.9;58.9;23;79;22.5;-12.2;18;56;24.3;-10.5;0;2;0
8801;100;100;4;0;0;2;18;0;0;0;0;2;1;12;1;0;2;56;49;60;3;3583;64;468;107.4;3.0;1.0;28.1;30.1;44;73;37.6;11.5;38;51;42.7;19.9;0;0;0
8808;101;101;1;0;0;0;0;0;0;0;0;0;0;0;0;0;0;54;49;64;0;947;0;0;100.0;0.0;0.0;26.6;41.8;13;19;40.6;-22.1;8;15;34.8;-28.9;0;0;0
8809;91;91;1;0;0;0;0;0;0;0;0;0;0;0;0;0;0;46;50;41;0;499;0;0;138.9;7.2;7.2;14.4;64.9;5;13;27.8;-21.5;4;11;26.7;-25.3;0;0;0
8811;103;103;4;0;0;0;0;0;0;0;0;0;0;0;0;0;0;48;50;45;2;1894;0;57;95.2;5.7;5.7;34.2;26.6;30;23;56.6;-10.1;21;18;53.8;-12.4;0;19;6
8814;100;100;7;0;0;-6;2;0;0;0;0;0;0;4;2;1;0;48;49;43;2;3360;0;278;90.3;1.1;7.5;17.1;47.1;35;87;28.7;-15.7;24;63;27.6;-15.0;0;1;0
8819;88;88;3;0;0;1;0;0;0;0;0;0;0;0;0;0;0;52;49;53;0;768;0;0;150.0;4.7;0.0;9.4;42.2;4;20;16.7;-42.8;3;12;20.0;-38.0;0;0;0
8821;85;85;2;0;0;1;0;0;0;0;0;0;0;2;0;1;2;46;47;44;1;2072;0;60;118.9;5.2;3.5;20.8;57.3;20;58;25.6;-17.5;14;44;24.1;-21.1;0;0;0
8823;98;98;2;0;0;-2;4;0;0;0;0;0;0;0;1;0;0;49;45;56;1;1477;0;65;77.8;0.0;4.9;41.4;21.9;30;17;63.8;5.0;23;13;63.9;5.7;0;0;0
8824;87;87;5;0;0;-3;0;0;0;0;0;0;0;0;0;0;0;49;50;47;1;1869;0;0;91.2;0.0;5.8;7.7;65.5;10;57;14.9;-24.3;5;43;10.4;-26.5;0;0;0
8825;100;100;5;0;0;-5;0;0;0;0;0;0;0;0;1;0;0;44;49;39;0;1957;17;170;83.9;0.0;9.2;11.0;57.0;16;52;23.5;-32.8;11;41;21.2;-35.2;0;4;1
8828;93;93;7;0;0;-6;4;0;0;0;0;0;0;2;1;0;2;46;49;44;0;2760;0;314;83.3;0.0;7.8;10.4;47.0;18;76;19.1;-26.0;13;55;19.1;-24.1;0;9;4
8829;86;86;4;0;1;0;2;0;0;0;1;0;0;2;3;0;0;52;49;54;5;3838;43;388;99.9;5.6;6.6;34.7;40.3;69;73;48.6;-6.3;47;52;47.5;-7.9;0;0;0
8831;86;86;2;0;0;-2;0;0;0;0;0;0;0;0;0;0;0;48;50;40;0;858;0;45;71.4;0.0;8.4;25.2;29.4;10;16;38.5;-19.0;6;8;42.9;-12.6;0;3;1
8833;90;90;5;0;1;0;2;0;0;0;0;0;0;1;0;2;0;59;50;73;1;3951;16;697;104.5;1.8;1.8;19.1;36.4;50;73;40.7;-15.8;34;48;41.5;-15.3;0;0;0
8839;87;87;4;0;0;-5;4;0;0;0;0;0;0;2;2;0;0;45;50;40;4;2931;154;0;86.5;1.2;7.4;29.5;41.8;47;60;43.9;-8.5;32;46;41.0;-8.7;0;0;0
8841;91;91;7;0;1;-2;2;0;0;0;0;0;0;0;1;0;1;51;49;47;2;2284;0;3;101.5;4.7;7.9;23.6;42.6;28;51;35.4;-21.2;19;34;35.8;-21.7;0;1;1
8843;96;96;4;0;0;0;4;0;0;0;0;0;0;0;1;0;0;49;48;50;0;1718;89;39;100.0;0.0;0.0;18.9;54.5;14;47;23.0;-23.4;10;35;22.2;-23.3;0;0;0
8845;85;85;5;0;0;-3;2;0;0;0;0;0;0;3;2;0;1;55;49;55;2;3028;290;97;90.3;0.0;3.6;22.6;36.9;27;51;34.6;-4.0;23;38;37.7;-2.0;0;3;2
8846;98;98;3;2;0;1;0;0;0;0;0;0;0;0;1;0;0;52;54;45;4;1228;0;63;106.0;8.8;5.9;41.0;38.1;25;21;54.3;-1.3;18;17;51.4;-4.3;0;5;1
8849;86;86;1;0;0;-1;0;0;0;0;0;0;0;1;0;0;0;47;50;45;0;417;0;0;88.9;0.0;8.6;17.3;77.7;2;14;12.5;-57.1;2;13;13.3;-57.2;0;5;2
8850;92;92;5;0;0;-9;2;0;0;0;0;0;0;3;1;1;4;45;49;41;2;4020;120;585;97.6;1.8;9.9;13.4;62.7;28;116;19.4;-10.7;21;87;19.4;-10.2;0;6;0
8851;92;92;7;0;0;-7;4;0;0;0;0;0;0;2;1;0;2;48;49;48;7;5411;0;195;89.2;0.7;5.3;18.0;36.6;53;125;29.8;0.7;38;90;29.7;1.0;0;10;1
8852;85;85;3;0;0;1;0;0;0;0;0;0;0;2;1;0;0;60;49;74;0;2347;0;79;102.4;3.1;1.5;39.9;29.1;42;37;53.2;-9.3;31;27;53.4;-10.1;0;0;0
8854;90;90;5;0;0;-5;2;0;0;0;0;0;0;1;0;1;0;52;50;52;2;1621;0;0;73.7;0.0;11.1;22.2;42.2;18;36;33.3;-31.3;16;28;36.4;-28.3;0;4;1
8859;92;92;7;0;1;-9;0;0;0;0;0;0;0;3;3;0;4;54;49;61;12;5687;466;478;88.3;1.3;7.0;18.4;37.3;62;123;33.5;5.9;45;92;32.8;5.4;0;6;1
8865;85;85;6;0;0;0;2;0;0;0;0;0;0;5;1;1;1;54;49;57;5;2714;119;340;101.2;2.7;5.3;19.9;43.8;28;57;32.9;-10.1;20;43;31.7;-11.3;0;12;5
8876;86;86;7;2;2;0;4;0;0;0;0;0;0;1;1;1;3;55;52;55;3;4431;0;0;109.2;2.4;2.4;14.6;32.5;50;84;37.3;-12.3;36;56;39.1;-12.8;1;0;0
8881;95;95;3;0;0;-1;0;0;0;0;0;0;0;3;1;0;1;55;49;62;2;2348;145;308;100.3;1.5;1.5;27.6;29.1;37;40;48.1;-8.3;30;27;52.6;-4.9;0;0;0
8886;101;101;5;0;1;-3;0;0;0;0;0;0;0;1;2;1;2;50;49;51;1;2672;75;0;100.8;2.7;6.7;20.2;53.9;23;71;24.5;-11.8;18;53;25.4;-10.6;0;0;0
8887;101;101;3;0;0;-3;0;0;0;0;0;0;0;0;1;0;1;47;48;45;1;1223;0;0;87.0;0.0;8.8;5.9;67.7;7;39;15.2;-28.3;3;30;9.1;-34.4;0;14;4
8888;93;93;6;2;0;-1;2;0;0;0;0;0;0;1;4;0;0;49;48;44;4;2583;0;0;95.2;4.2;5.6;29.3;29.3;40;29;58.0;-13.6;28;23;54.9;-15.3;1;0;0
8893;85;85;3;0;0;-2;0;0;0;0;0;0;0;1;0;0;3;50;49;51;0;1160;95;0;89.5;0.0;6.2;9.3;59.0;7;29;19.4;-36.8;5;23;17.9;-38.7;0;11;6
8895;102;102;6;0;0;2;9;0;0;0;0;1;0;3;2;0;0;53;49;47;4;3006;232;167;112.3;3.6;1.2;22.8;34.7;39;59;39.8;-11.1;26;45;36.6;-15.3;0;1;0
8900;93;93;3;0;0;-6;0;0;0;0;0;0;0;1;1;0;1;38;48;27;1;2657;0;131;97.2;2.7;10.8;16.3;55.6;23;76;23.2;-17.3;18;56;24.3;-14.7;0;0;0
8901;86;86;5;0;0;2;2;0;0;0;0;0;0;2;2;0;3;50;48;56;2;4136;56;565;104.4;5.2;3.5;35.7;33.9;75;62;54.7;-13.2;56;48;53.8;-13.9;0;0;0
8904;92;92;6;0;0;-8;2;0;0;0;0;0;0;7;0;1;6;49;49;48;4;4848;532;484;94.3;0.7;6.7;12.6;57.9;39;133;22.7;-6.9;27;100;21.3;-8.6;0;0;0
8905;102;102;7;0;1;-6;0;0;1;0;0;0;0;1;0;0;6;49;50;50;1;3089;163;182;105.0;1.2;8.2;7.0;69.9;17;104;14.0;-18.5;8;83;8.8;-24.5;0;6;1
8908;72;72;7;0;0;-5;2;0;0;0;0;0;0;3;1;0;0;44;49;38;0;3338;68;0;104.8;2.2;7.5;10.8;49.6;27;87;23.7;-16.2;15;64;19.0;-19.3;0;0;0
8911;82;82;3;0;0;-2;2;0;0;0;0;0;0;0;0;0;0;49;50;49;2;2521;0;288;98.3;1.4;4.3;17.1;42.8;25;59;29.8;-24.3;16;42;27.6;-24.2;0;0;0
8912;83;83;1;0;0;-2;0;0;0;0;0;0;0;0;0;0;0;42;49;36;0;457;0;0;60.0;0.0;15.8;7.9;39.4;2;10;16.7;-38.0;2;6;25.0;-29.4;0;12;2
8913;63;63;3;0;0;-2;0;0;0;0;0;0;0;1;2;0;1;50;48;51;4;1720;212;0;83.3;0.0;4.2;41.9;25.1;29;31;48.3;-0.8;24;22;52.2;2.9;0;0;0
8915;78;78;5;1;0;0;0;0;0;0;0;0;0;0;2;0;0;55;51;60;8;3827;1338;0;97.5;4.7;4.7;35.7;30.1;62;59;51.2;17.6;49;39;55.7;22.5;0;0;0
8917;63;63;5;1;1;-4;20;0;0;0;0;0;0;6;3;2;2;50;46;57;4;4800;263;260;94.8;2.3;5.3;22.5;34.5;65;92;41.4;-1.3;45;61;42.5;3.1;0;0;0
8919;75;75;7;0;0;-4;2;0;0;0;0;0;0;2;2;0;0;52;49;52;0;3220;66;105;90.7;0.0;4.5;13.4;48.1;15;74;16.9;-27.5;14;59;19.2;-25.5;0;29;15
8923;82;82;3;0;0;-4;0;0;0;0;0;0;0;1;0;0;2;45;50;38;0;1370;0;0;110.6;2.6;13.1;7.9;57.8;8;46;14.8;-29.5;5;27;15.6;-25.8;0;0;0
8928;75;75;4;0;0;0;4;0;0;0;0;0;0;1;1;0;0;56;49;49;4;1596;132;0;105.0;4.5;2.3;33.8;27.1;24;32;42.9;-23.3;22;19;53.7;-14.5;0;23;8
8929;83;83;5;1;0;0;2;0;0;0;0;0;0;0;0;0;0;52;51;47;5;1730;0;16;100.7;4.2;4.2;35.4;37.5;25;29;46.3;-15.3;20;26;43.5;-19.6;0;12;3
8931;72;72;1;0;0;0;0;0;0;0;0;0;0;0;0;0;0;54;50;49;1;907;0;101;100.0;0.0;0.0;7.9;23.8;6;15;28.6;-11.4;4;12;25.0;-15.9;0;0;0
8934;78;78;7;0;0;-10;0;0;0;0;0;0;0;2;4;0;3;47;48;47;1;3758;304;343;97.4;1.0;10.5;8.6;76.6;20;127;13.6;-9.2;13;101;11.4;-13.2;0;13;0
8940;70;70;7;0;0;1;0;0;0;0;0;0;0;0;0;0;1;51;49;50;2;2702;0;0;111.2;4.0;2.7;22.6;41.3;26;57;31.3;-23.5;22;37;37.3;-16.9;0;8;3
8943;66;66;1;0;0;-1;0;0;0;0;0;0;0;0;0;0;0;48;50;45;1;799;0;7;88.9;4.5;9.0;40.6;40.6;15;11;57.7;4.5;10;10;50.0;-4.5;0;0;0
8946;68;68;1;0;0;0;4;0;0;0;0;0;0;0;0;0;0;55;50;67;0;513;0;64;100.0;0.0;0.0;7.0;42.1;3;10;23.1;-52.4;3;7;30.0;-46.7;0;0;0
8949;67;67;2;0;0;-1;2;0;0;0;0;0;0;0;0;0;0;53;50;58;2;1330;30;195;85.7;0.0;2.7;35.2;18.9;23;22;51.1;0.7;18;13;58.1;7.5;0;0;0
8952;81;81;5;0;0;-4;2;0;0;0;0;0;0;2;0;0;1;49;50;46;2;2937;25;0;99.7;1.2;6.1;11.0;53.9;20;87;18.7;-45.4;11;62;15.1;-48.6;0;4;0
8958;74;74;2;0;0;0;0;0;0;0;0;0;0;1;0;0;0;59;50;68;1;1805;45;251;100.0;0.0;0.0;23.9;19.9;27;22;55.1;-9.1;21;17;55.3;-6.1;0;0;0
8960;78;78;7;0;2;3;0;0;0;0;0;0;0;1;3;1;1;55;52;54;5;4645;355;0;105.4;3.9;1.6;36.4;29.5;89;67;57.1;6.9;65;43;60.2;10.5;0;1;0
8962;73;73;7;0;0;-6;6;0;0;0;0;0;0;0;0;2;0;49;50;50;1;3630;0;393;86.4;0.0;6.0;8.9;43.6;26;93;21.8;-9.0;14;63;18.2;-13.8;0;17;5
8963;63;63;5;0;0;-4;2;0;0;0;0;0;0;1;0;0;2;47;49;43;1;2014;0;0;86.7;0.0;7.1;17.9;53.6;15;52;22.4;-22.6;14;37;27.5;-16.8;0;6;0
8964;73;73;6;0;0;-4;6;0;0;0;0;0;0;1;0;0;0;47;49;47;1;3550;29;56;101.3;1.0;5.1;9.1;51.7;16;94;14.5;-26.4;13;70;15.7;-25.2;0;3;2
8965;66;66;4;0;1;0;0;0;0;0;0;0;0;2;0;0;0;50;51;48;0;1392;0;0;120.8;7.8;7.8;20.7;46.6;8;29;21.6;-39.1;8;23;25.8;-34.5;0;17;8
8966;71;71;1;0;0;0;0;0;0;0;0;0;0;0;0;0;2;57;50;66;1;854;0;29;100.0;0.0;0.0;12.6;37.9;10;20;33.3;-17.3;6;14;30.0;-22.7;0;0;0
8967;70;70;7;1;1;2;2;1;0;0;0;0;0;1;3;1;0;52;52;52;9;4577;316;36;107.4;4.7;3.1;26.7;30.7;70;74;48.6;-4.1;44;53;45.4;-8.5;0;0;0
8970;74;74;5;0;2;-2;6;0;0;0;0;0;0;2;1;1;4;55;51;57;3;4192;0;134;99.2;5.2;6.9;31.8;40.4;73;87;45.6;-13.7;54;62;46.6;-9.9;0;0;0
8975;81;81;5;0;1;-1;4;0;0;0;0;0;0;0;2;2;1;51;47;57;4;4496;0;401;98.9;3.2;4.8;28.8;39.2;64;96;40.0;-6.2;49;68;41.9;-4.8;0;0;0
8978;81;81;6;0;2;3;6;0;1;0;0;0;0;1;1;1;2;57;53;63;8;5931;498;700;105.3;3.0;1.8;27.3;31.6;79;109;42.0;-10.4;66;72;47.8;-2.0;0;0;0
8979;66;66;1;0;0;-1;4;0;0;0;0;0;0;2;2;0;0;42;41;46;1;896;0;0;87.5;4.0;8.0;32.1;32.1;14;15;48.3;-8.3;9;12;42.9;-14.6;0;0;0
8985;80;80;1;0;0;-1;0;0;0;0;0;0;0;2;1;0;0;42;45;40;0;427;0;0;83.3;0.0;8.4;16.9;50.6;3;6;33.3;-55.2;3;6;33.3;-54.2;0;0;0
8996;74;74;4;2;0;-1;4;0;0;0;0;0;0;2;0;0;0;51;53;46;8;3795;225;188;95.8;3.8;4.7;40.8;35.1;73;68;51.8;-9.8;54;50;51.9;-11.1;1;0;0
8999;67;67;1;0;0;-2;0;0;0;0;0;0;0;0;0;0;0;36;50;21;1;937;0;121;103.6;3.8;11.5;15.4;53.8;5;21;19.2;-24.1;5;17;22.7;-22.2;0;0;0
9000;71;71;5;1;1;-3;0;1;1;0;0;0;0;2;1;0;0;54;54;48;7;3296;427;0;86.6;3.3;6.6;33.9;28.4;47;49;49.0;2.2;35;35;50.0;4.6;0;0;0
9005;75;75;3;1;0;1;0;0;0;0;0;0;0;2;1;0;0;56;51;57;4;2427;0;194;101.8;3.0;1.5;37.1;23.7;46;24;65.7;1.1;34;20;63.0;1.3;0;0;0
9007;77;77;7;0;0;-1;2;0;0;0;0;0;0;1;2;0;6;50;48;56;2;3235;234;616;105.7;1.1;2.2;11.1;51.2;24;88;21.4;-18.9;16;63;20.3;-17.7;0;51;11
9008;83;83;1;0;0;-1;0;0;0;0;0;0;0;1;0;0;0;46;50;42;2;738;0;0;80.0;0.0;4.9;29.3;24.4;9;12;42.9;-9.1;7;12;36.8;-19.3;0;0;0
9010;72;72;7;0;0;-1;2;0;0;0;0;0;0;1;0;0;0;50;50;53;1;2979;0;54;96.9;0.0;1.2;13.3;38.7;21;58;26.6;-26.1;15;42;26.3;-26.8;0;32;8
9012;78;78;7;0;0;3;2;0;0;0;0;0;0;2;2;0;0;58;50;64;3;6526;138;637;106.0;4.4;2.8;29.8;31.4;108;94;53.5;-4.1;73;77;48.7;-9.6;0;0;0
9013;64;64;7;0;0;-2;0;0;0;0;0;0;0;0;4;0;0;51;48;51;3;2899;65;146;94.6;0.0;2.5;16.1;45.9;23;69;25.0;-20.0;14;50;21.9;-25.4;0;10;5
9019;79;79;7;0;2;-3;2;0;0;0;0;0;0;2;2;1;2;54;54;52;5;4317;546;251;99.5;3.3;5.8;26.7;45.0;65;88;42.5;-10.2;45;70;39.1;-14.0;0;71;40
9020;72;72;1;0;0;-2;0;0;0;0;0;0;0;0;1;0;0;40;46;35;0;964;0;70;77.8;0.0;7.5;22.4;33.6;9;16;36.0;-13.2;6;13;31.6;-16.1;0;0;0
9028;64;64;7;0;0;-2;6;0;0;0;0;0;0;1;1;1;2;51;49;56;3;2661;65;487;93.9;0.0;2.7;16.2;44.6;20;63;24.1;-20.7;13;44;22.8;-23.8;0;37;9
9029;77;77;6;0;1;-10;20;0;0;0;0;0;0;0;0;0;1;45;50;40;4;5253;447;986;91.3;0.7;7.5;13.7;54.8;47;127;27.0;-4.1;31;104;23.0;-9.0;0;0;0
9030;82;82;1;0;0;0;0;0;0;0;0;0;0;0;0;0;0;48;50;44;0;833;0;81;142.3;4.3;4.3;8.6;56.2;3;27;10.0;-25.3;3;17;15.0;-19.0;0;0;0
9031;77;77;7;1;0;0;0;0;0;0;0;0;0;1;3;1;1;52;48;56;2;3018;145;114;124.6;2.4;2.4;8.3;59.6;16;89;15.2;-26.1;10;64;13.5;-25.5;0;3;1
9033;68;68;2;0;0;1;2;0;0;0;0;0;0;0;1;0;0;45;47;44;3;1482;0;245;102.0;4.9;2.4;43.7;26.7;26;20;56.5;-11.0;23;16;59.0;-10.6;0;0;0
9039;79;79;7;0;0;-6;2;0;0;0;0;0;0;0;1;0;0;49;49;47;1;3380;20;202;78.6;0.0;6.4;17.0;29.8;28;67;29.5;-9.7;20;43;31.7;-6.8;0;17;3
9044;78;78;5;0;0;-1;2;0;0;0;0;0;0;2;3;0;0;54;47;60;0;4336;0;183;99.6;3.3;4.2;27.4;33.2;68;69;49.6;-5.0;51;54;48.6;-6.3;0;0;0
9047;81;81;5;0;1;-2;0;0;0;0;0;0;0;1;1;0;2;51;50;50;3;4806;0;398;94.8;3.0;4.5;33.0;31.5;88;82;51.8;-6.9;61;62;49.6;-10.0;0;0;0
9048;83;83;3;0;1;-2;0;0;0;0;0;0;0;0;0;0;0;53;50;52;2;2544;0;26;95.7;2.8;5.7;28.3;39.6;44;47;48.4;-0.9;30;38;44.1;-9.3;0;0;0
9055;70;70;7;0;2;-6;4;0;0;0;0;0;0;4;2;0;0;48;50;45;4;4204;0;22;86.6;1.7;6.9;22.3;32.5;51;72;41.5;-12.8;38;55;40.9;-14.0;0;0;0
9056;81;81;1;0;0;-1;0;0;0;0;0;0;0;0;0;0;1;45;50;40;0;358;0;0;94.1;0.0;10.1;10.1;170.9;3;22;12.0;-31.2;2;19;9.5;-32.7;0;0;0
9057;67;67;2;0;0;-3;4;0;0;0;0;0;0;1;0;0;0;36;50;24;1;1821;40;141;94.4;4.0;9.9;21.7;41.5;15;32;31.9;-16.8;14;25;35.9;-16.6;0;0;0
9059;72;72;7;1;1;-2;14;0;0;0;0;0;0;2;3;0;1;54;53;48;9;4476;173;0;97.9;1.6;3.2;25.7;38.6;58;82;41.4;-10.3;43;65;39.8;-13.0;0;7;2
9063;65;65;7;0;0;-3;6;0;0;0;0;0;0;0;2;0;0;49;49;50;3;3267;18;204;96.9;1.1;4.4;15.4;43.0;30;77;28.0;-11.6;23;56;29.1;-10.1;0;39;18
9066;64;64;7;0;0;-7;14;0;0;0;0;0;0;7;1;0;4;51;49;49;0;4010;0;100;89.1;0.0;6.3;5.4;57.5;15;115;11.5;-11.4;11;85;11.5;-12.6;0;21;4
9072;63;63;4;0;0;0;0;0;0;0;0;0;0;1;2;0;0;50;48;53;0;1144;0;767;103.9;6.3;6.3;34.6;44.1;12;25;32.4;-22.1;11;19;36.7;-17.4;0;20;8
9074;74;74;5;0;0;-2;4;0;0;0;0;0;0;3;1;0;1;49;49;48;2;4382;107;303;98.3;2.5;4.1;25.5;36.1;52;85;38.0;-18.7;40;57;41.2;-14.1;0;0;0
9076;78;78;5;0;1;-1;4;0;1;0;0;0;0;0;0;0;1;58;53;62;0;3405;579;0;103.1;1.1;1.1;19.0;42.3;40;81;33.1;-36.6;29;58;33.3;-35.3;0;57;19
9077;69;69;7;1;1;-9;13;0;0;0;1;1;0;3;5;0;1;46;50;42;5;5648;481;58;91.7;0.6;7.0;14.7;55.5;40;161;19.9;-1.3;30;117;20.4;-1.7;0;79;22
9081;79;79;7;0;0;-2;7;0;0;0;0;1;1;1;0;0;1;52;50;50;1;3504;41;0;97.2;1.0;3.1;24.7;44.2;48;73;39.7;-13.0;36;59;37.9;-14.8;0;0;0
9084;119;119;5;0;1;0;2;0;0;0;0;0;0;0;3;0;1;53;51;50;1;3380;315;56;104.8;2.1;2.1;17.0;27.7;30;67;30.9;-18.6;25;46;35.2;-13.4;0;2;0
9092;121;121;7;0;0;-6;2;0;0;0;0;0;0;3;1;0;1;47;49;45;4;3106;120;289;95.0;1.2;8.1;15.1;63.7;19;100;16.0;-12.6;15;75;16.7;-11.7;0;34;7
9093;117;117;3;0;0;1;4;0;0;0;0;0;0;1;2;0;0;50;49;58;2;1839;200;0;113.7;5.9;3.9;27.4;50.9;23;42;35.4;-22.2;18;29;38.3;-20.1;0;0;0
9094;114;114;6;1;0;-5;6;0;0;0;0;0;0;1;1;0;1;51;51;50;4;4976;399;677;100.9;2.2;5.8;17.4;49.9;50;124;28.7;-13.2;31;87;26.3;-15.5;0;0;0
9095;114;114;3;0;0;1;0;0;0;0;0;0;0;1;1;1;1;60;48;77;3;2801;0;236;104.2;1.3;0.0;30.8;23.1;43;38;53.1;-4.5;32;25;56.1;-0.0;0;0;0
9096;114;114;6;0;1;-4;2;0;0;0;1;0;0;3;1;1;1;50;49;47;1;2686;125;336;79.3;0.0;8.0;17.4;38.9;31;56;35.6;-10.5;20;37;35.1;-10.5;0;25;6
9097;114;114;5;1;1;1;16;0;0;0;0;0;0;0;2;0;1;61;53;70;6;3243;1611;166;109.1;3.3;2.2;21.1;33.3;44;50;46.8;5.7;30;39;43.5;4.4;0;93;41
9098;119;119;2;0;0;-3;2;0;0;0;0;0;0;1;1;0;0;49;51;43;1;1731;0;46;84.2;0.0;6.2;25.0;39.5;24;36;40.0;-11.9;15;27;35.7;-18.8;0;0;0
9099;122;122;3;0;0;-5;2;0;0;0;0;0;0;0;1;0;2;45;48;42;1;1569;3;121;79.2;0.0;11.5;18.4;55.1;11;41;21.2;-10.6;9;33;21.4;-4.6;0;25;10
9105;115;115;4;0;1;-3;0;0;0;0;0;0;0;1;0;0;2;46;50;40;1;1772;0;83;98.3;4.1;10.2;20.3;46.7;17;43;28.3;-16.6;15;30;33.3;-13.5;0;10;3
9106;110;110;7;1;0;-1;0;0;0;0;0;0;0;7;1;1;3;57;51;64;8;6507;16;628;102.4;2.8;3.3;25.4;39.3;85;132;39.2;2.2;68;94;42.0;3.3;1;0;0
9109;119;119;6;0;0;-9;2;0;0;0;0;0;0;1;1;0;0;49;50;48;4;3783;469;260;72.7;0.0;8.6;22.8;31.4;46;65;41.4;-5.5;38;48;44.2;0.1;0;0;0
9110;116;116;5;1;1;2;4;0;0;0;0;0;0;3;1;0;0;56;55;50;8;4248;62;406;98.9;3.4;1.7;55.9;23.7;120;47;71.9;-0.4;91;37;71.1;-4.1;1;0;0
9111;113;113;7;0;0;-3;2;0;0;0;0;0;0;3;0;0;2;51;51;52;6;6191;125;1095;96.9;2.3;4.7;23.3;35.5;89;108;45.2;-6.0;58;80;42.0;-12.2;0;0;0
9112;117;117;5;0;0;3;0;0;0;0;0;0;0;0;0;0;0;54;50;61;0;1655;0;65;116.7;6.5;0.0;39.2;45.7;28;33;45.9;-12.3;21;24;46.7;-11.3;0;16;4
9115;117;117;2;0;0;0;0;0;0;0;0;0;0;0;0;0;0;54;51;48;2;674;0;0;101.8;5.3;5.3;37.4;42.7;10;13;43.5;-23.2;8;11;42.1;-25.6;0;0;0
9123;110;110;6;1;0;6;2;0;0;0;0;0;0;2;1;0;0;53;51;50;4;2837;0;32;123.2;10.2;2.5;34.3;39.3;41;51;44.6;-18.6;31;39;44.3;-19.1;0;0;0
9124;116;116;2;0;0;0;2;0;0;0;0;0;0;0;0;0;0;51;50;55;0;560;34;0;100.0;0.0;0.0;45.0;25.7;10;9;52.6;-14.2;8;6;57.1;-12.6;0;5;0
9125;106;106;7;0;0;-3;0;0;0;0;0;0;0;2;0;0;2;50;50;49;1;2728;0;81;93.0;1.3;6.6;14.5;40.9;21;66;24.1;-30.9;15;48;23.8;-30.8;0;38;9
9127;112;112;6;0;0;-5;4;0;0;0;0;0;0;3;4;1;0;49;47;53;3;4958;75;318;98.1;1.5;5.1;18.9;53.0;56;126;30.8;-10.0;36;89;28.8;-9.8;0;0;0
9130;122;122;6;0;2;-10;4;0;0;0;0;0;0;0;1;0;3;49;51;45;3;4613;239;43;91.7;1.6;9.4;18.7;56.2;44;118;27.2;-5.8;31;96;24.4;-5.9;0;68;35
9137;107;107;6;0;1;0;0;0;0;0;0;0;0;1;0;0;0;51;50;49;2;2728;169;0;107.8;2.6;2.6;18.5;40.9;28;62;31.1;-10.1;17;44;27.9;-12.1;0;22;6
9139;110;110;4;0;0;-3;6;0;0;0;0;0;0;0;2;0;2;44;48;43;4;3556;97;441;91.8;3.0;5.1;29.4;27.3;65;52;55.6;-9.8;45;39;53.6;-14.7;0;0;0
9142;121;121;7;1;1;0;0;0;0;0;0;0;0;2;5;1;0;53;48;55;4;3213;240;349;107.7;3.4;3.4;22.4;45.9;38;72;34.5;-8.4;27;57;32.1;-9.7;0;22;6
9144;107;107;6;0;1;1;0;0;0;0;0;0;0;2;2;1;1;50;50;45;0;2763;23;200;118.8;6.5;5.2;20.8;41.7;31;49;38.8;-3.6;23;41;35.9;-5.3;0;24;7
9147;106;106;7;0;1;-3;2;0;0;0;0;0;0;1;1;0;0;51;52;47;3;3899;12;0;97.0;3.7;6.5;24.0;35.1;54;67;44.6;-7.6;39;53;42.4;-10.0;0;0;0
9148;112;112;3;0;1;4;0;0;0;0;0;0;0;0;0;0;0;53;51;52;2;1705;0;40;128.6;8.4;0.0;29.6;31.7;24;31;43.6;-20.3;21;22;48.8;-19.1;0;25;9
9151;105;105;3;1;1;3;2;0;0;0;0;0;0;2;3;0;2;55;48;68;4;2535;0;67;114.7;5.7;1.4;28.4;27.0;31;40;43.7;-22.8;27;26;50.9;-18.0;0;0;0
9153;117;117;1;0;1;2;2;0;0;0;0;0;0;1;0;0;0;62;58;68;1;491;36;68;116.7;14.7;0.0;88.0;14.7;19;2;90.5;15.5;18;2;90.0;14.1;0;0;0
9154;122;122;7;0;1;-15;4;0;0;0;0;0;0;2;1;1;2;48;51;42;10;6331;80;964;84.2;0.6;9.1;23.9;50.0;70;160;30.4;-1.8;48;128;27.3;-2.1;0;0;0
9159;107;107;5;0;0;-5;0;0;0;0;0;0;0;0;1;0;2;45;48;42;1;3699;0;28;92.8;0.0;4.9;7.8;67.2;19;131;12.7;-13.0;12;96;11.1;-14.5;0;45;12
9160;110;110;6;0;1;0;4;0;0;0;0;0;0;4;1;0;0;58;51;58;4;3324;0;71;101.3;2.2;2.2;27.1;32.5;41;57;41.8;-14.0;33;36;47.8;-7.1;0;0;0
9161;114;114;7;0;0;-3;2;0;0;0;0;0;0;6;0;0;6;54;51;52;3;2718;0;140;91.8;1.3;5.3;13.2;29.1;25;56;30.9;-22.8;19;36;34.5;-18.0;0;8;1
9163;110;110;4;1;2;1;0;0;0;0;1;0;0;0;2;0;1;51;47;59;5;3284;24;670;103.6;3.3;2.2;34.0;36.2;55;57;49.1;-13.8;41;42;49.4;-13.4;0;0;0
9164;116;116;2;0;0;0;0;0;0;0;0;0;0;0;1;0;0;51;48;49;1;581;0;0;100.0;0.0;0.0;43.4;31.0;14;7;66.7;-6.7;9;6;60.0;-14.4;0;0;0
9167;106;106;7;1;0;-4;0;0;0;0;0;0;0;2;1;0;1;52;51;50;3;3162;0;421;87.7;1.1;5.7;20.5;31.9;40;62;39.2;-13.7;29;42;40.8;-11.3;0;2;0
9168;107;107;3;0;0;-2;2;0;0;0;0;0;0;1;0;0;1;56;50;51;1;1361;73;0;90.0;0.0;5.3;18.5;52.9;13;32;28.9;-23.3;11;25;30.6;-23.3;0;20;6
9173;115;115;6;0;0;-6;0;0;0;0;0;0;0;2;0;0;1;49;50;45;1;2543;53;0;87.0;0.0;8.5;11.3;65.1;15;81;15.6;-15.0;10;61;14.1;-17.0;0;12;1
9174;122;122;6;0;0;-5;2;0;0;0;0;0;0;2;0;1;2;48;50;43;3;2491;170;44;98.9;4.3;11.6;21.7;54.9;32;74;30.2;-5.4;21;52;28.8;-4.0;0;0;0
9177;106;106;4;0;0;2;5;0;0;0;0;1;0;4;6;0;0;55;44;67;5;3218;96;318;105.7;2.2;0.0;39.2;26.8;64;49;56.6;-25.5;45;33;57.7;-24.7;0;0;0
9178;119;119;4;0;1;-5;2;0;0;0;0;0;0;2;1;0;1;51;52;47;3;2645;670;29;78.3;0.0;6.8;27.2;31.3;37;46;44.6;3.0;24;32;42.9;-0.9;0;0;0
9181;114;114;1;0;0;-1;0;0;0;0;0;0;0;0;0;0;1;48;50;45;0;294;0;0;80.0;0.0;12.2;12.2;61.2;3;8;27.3;-26.2;1;6;14.3;-35.0;0;0;0
9182;105;105;2;0;0;0;0;0;0;0;0;0;0;1;2;0;1;59;50;65;8;1312;243;26;100.0;0.0;0.0;35.7;19.2;27;16;62.8;7.7;20;11;64.5;11.1;0;0;0
9183;119;119;5;0;0;-1;0;0;0;0;0;0;0;2;2;0;0;55;52;56;6;3436;760;0;91.9;2.1;3.1;27.2;19.9;51;35;59.3;13.6;38;24;61.3;17.4;0;4;2
9186;122;122;5;0;0;0;2;0;0;0;0;0;0;1;1;2;2;53;51;54;2;4231;57;673;106.4;3.4;3.4;25.5;49.4;50;102;32.9;-3.7;42;78;35.0;-4.8;0;0;0
9188;112;112;5;0;2;2;4;0;0;0;0;0;0;0;1;0;0;52;51;51;0;2456;68;70;122.1;5.9;2.9;19.1;33.7;29;31;48.3;-13.2;21;25;45.7;-16.9;0;25;6
9191;115;115;6;0;1;-3;16;0;0;0;0;0;0;6;0;2;0;54;53;53;6;5587;370;476;101.7;2.6;4.5;23.2;47.7;68;129;34.5;-2.3;52;92;36.1;-1.3;0;0;0
9192;107;107;7;0;2;-2;0;0;0;0;0;0;0;4;2;0;0;53;52;48;7;4046;0;680;106.5;3.6;5.3;18.7;42.7;45;83;35.2;-7.9;30;67;30.9;-11.7;0;12;4
9193;112;112;3;0;0;3;0;0;0;0;0;0;0;1;2;0;0;52;52;51;8;2406;0;214;103.5;7.5;3.0;55.4;29.9;63;32;66.3;-2.3;46;22;67.6;-1.8;0;0;0
9200;121;121;6;0;0;-6;0;0;0;0;0;0;0;0;1;1;1;48;49;49;1;3005;351;164;89.1;0.0;7.2;8.4;65.9;14;109;11.4;-16.2;9;76;10.6;-15.9;0;2;1
9201;116;116;2;0;0;1;0;0;0;0;0;0;0;0;0;0;0;63;52;74;0;1653;0;257;111.7;4.4;2.2;21.8;26.1;20;24;45.5;-8.7;14;17;45.2;-15.1;0;0;0
9206;113;113;5;0;0;-6;2;0;0;0;0;0;0;3;3;0;0;52;49;55;3;4492;0;465;90.5;0.8;5.6;17.6;40.1;52;102;33.8;-11.0;35;77;31.3;-16.7;0;0;0
9207;110;110;3;0;1;-4;0;0;0;0;0;0;0;0;0;0;0;54;51;53;1;2912;185;191;91.2;1.2;4.9;24.7;35.9;37;52;41.6;-14.7;29;39;42.6;-13.4;0;0;0
9213;110;110;3;0;1;0;2;0;0;0;0;0;0;1;0;0;1;54;52;53;0;2626;48;475;94.7;5.5;5.5;30.2;23.3;54;27;66.7;-2.9;35;23;60.3;-11.4;0;0;0
9214;105;105;3;0;1;0;0;0;0;0;0;0;0;0;0;0;0;54;52;50;5;2384;0;0;105.6;3.0;3.0;24.2;43.8;30;54;35.7;6.9;21;40;34.4;4.8;0;32;17
9216;113;113;4;0;0;-1;0;0;0;0;0;0;0;1;1;0;0;57;53;62;3;3356;50;260;98.1;2.1;3.2;30.0;35.4;48;61;44.0;-7.6;38;45;45.8;-8.9;0;0;0
9217;114;114;5;0;0;-1;0;0;0;0;0;0;0;2;1;0;2;50;49;52;2;1998;0;0;98.2;1.8;3.6;23.4;37.8;27;40;40.3;-17.1;19;28;40.4;-18.4;0;13;1
9221;105;105;7;0;0;-4;2;0;0;0;0;0;0;0;1;0;0;51;49;54;1;3959;137;229;94.0;0.9;4.5;23.6;46.4;46;101;31.3;-5.4;34;72;32.1;-3.4;0;0;0
9222;116;116;4;0;1;-1;2;0;1;0;0;0;0;0;1;0;0;51;50;50;2;1151;217;18;93.3;3.1;6.3;31.3;37.5;18;20;47.4;-26.3;11;14;44.0;-31.3;0;0;0
9229;71;71;6;1;0;6;0;0;0;0;0;0;0;8;3;0;0;60;47;77;9;5974;113;1139;106.2;5.4;1.8;38.6;22.9;123;71;63.4;-6.7;85;54;61.2;-9.5;0;0;0
9230;84;84;6;1;2;7;0;0;0;0;0;0;0;1;3;1;2;60;47;77;11;5820;0;271;110.0;6.2;1.9;32.8;21.0;90;80;52.9;3.9;72;53;57.6;9.9;0;0;0
9231;83;83;7;1;1;1;2;0;0;0;0;0;0;3;0;0;2;54;52;52;5;2954;86;279;108.7;3.7;2.4;25.6;43.9;34;64;34.7;-20.1;28;43;39.4;-14.9;0;52;25
9232;64;64;7;1;3;-3;10;0;0;0;0;0;0;1;3;1;6;56;54;52;3;5162;457;420;100.3;2.8;4.9;19.5;34.9;53;102;34.2;-10.4;37;71;34.3;-12.3;0;83;37
9233;73;73;6;1;1;-6;5;0;1;0;0;1;0;1;0;2;2;55;53;54;6;4645;396;104;102.9;1.6;6.2;11.6;59.7;31;120;20.5;-10.3;22;93;19.1;-12.5;0;82;37
9234;72;72;7;1;0;-1;2;0;0;1;0;0;0;7;3;2;2;53;50;55;6;4206;106;1797;92.9;1.7;3.4;24.0;24.0;45;61;42.5;-8.3;35;41;46.1;-4.5;0;43;11
9235;84;84;7;3;4;6;7;0;0;0;0;1;0;5;0;3;4;58;56;61;7;4881;390;328;121.2;5.9;1.5;23.6;38.4;66;89;42.6;-7.8;46;70;39.7;-12.0;0;3;1
9236;77;77;6;0;1;-3;7;0;0;0;0;1;0;5;2;1;10;54;45;68;9;5567;1093;1247;101.5;3.9;6.5;24.6;45.3;77;127;37.7;0.6;51;101;33.6;-1.8;0;0;0
9237;73;73;4;0;0;-7;0;0;0;0;0;0;0;2;3;3;2;51;46;61;4;4158;244;541;90.7;0.9;6.9;15.6;46.8;31;98;24.0;-4.6;22;73;23.2;-6.1;0;0;0
9238;84;84;7;0;0;-3;4;0;0;0;0;0;0;6;1;0;5;54;50;54;3;3455;80;259;91.4;0.0;3.1;15.6;36.5;35;75;31.8;-20.0;28;52;35.0;-16.5;0;9;1
9239;71;71;6;0;3;2;2;0;0;0;0;0;0;7;0;1;2;59;50;70;10;6004;63;420;97.9;3.6;2.4;38.4;21.0;130;64;67.0;-1.1;94;43;68.6;1.9;0;0;0
9240;84;84;7;0;0;-5;0;0;0;0;0;0;0;3;4;1;6;50;47;53;0;3506;64;316;95.5;1.0;6.2;11.3;45.2;25;99;20.2;-34.8;19;69;21.6;-33.0;0;8;3
9241;68;68;6;0;1;2;2;0;0;0;0;0;0;3;0;1;2;59;54;61;5;3722;0;212;104.5;2.9;1.9;28.0;32.9;60;56;51.7;-17.0;42;44;48.8;-21.8;0;0;0
9242;69;69;6;0;1;-7;9;0;0;0;0;1;0;2;1;3;13;57;54;55;4;4885;454;383;95.9;0.7;5.9;13.3;61.2;26;160;14.0;-9.1;22;109;16.8;-6.7;0;15;5
9243;71;71;6;2;1;5;2;0;0;0;0;0;0;10;5;0;2;56;50;65;9;5898;220;374;106.8;3.1;0.0;45.2;16.5;140;68;67.3;-0.7;96;45;68.1;1.2;0;0;0
9244;84;84;7;0;3;7;0;0;1;0;0;0;0;2;1;1;6;60;51;71;5;6899;832;407;114.5;6.8;3.1;27.7;31.3;92;116;44.2;-6.3;70;84;45.5;-5.0;0;0;0
9246;63;63;4;0;2;3;0;0;0;0;0;0;0;3;1;0;1;60;51;66;3;3504;147;345;107.7;4.1;1.0;32.9;21.6;67;42;61.5;-1.6;52;33;61.2;-6.9;0;0;0
9249;94;94;5;0;0;-1;2;0;0;0;0;0;0;2;0;2;1;62;50;77;6;4727;429;265;93.0;1.5;2.3;37.3;20.6;110;43;71.9;7.1;74;36;67.3;1.7;0;0;0
9251;95;95;6;2;0;0;2;0;0;0;0;0;0;1;2;2;0;53;51;52;7;5845;334;416;103.9;3.1;3.1;24.0;34.5;77;110;41.2;-12.3;60;80;42.9;-14.6;0;0;0
9252;86;86;6;0;1;2;0;0;0;0;1;0;0;3;3;1;4;52;46;60;8;5546;58;575;100.4;3.2;2.6;35.7;29.9;92;78;54.1;-12.8;69;59;53.9;-13.4;0;0;0
9254;73;73;6;0;2;-4;0;0;2;0;0;0;0;2;4;0;2;55;53;50;8;5677;1162;0;95.8;2.5;5.1;29.2;39.3;81;108;42.9;21.3;64;82;43.8;23.3;0;0;0
9255;83;83;7;2;3;6;14;0;0;0;0;0;0;7;1;2;2;59;50;70;7;6270;69;1434;105.7;5.2;1.7;39.0;23.0;121;77;61.1;10.1;95;59;61.7;11.5;0;0;0
9256;73;73;6;1;1;-5;12;1;0;0;0;0;0;7;2;1;6;56;53;56;10;5761;1004;304;98.8;1.2;4.4;15.6;47.5;46;134;25.6;-3.9;34;100;25.4;-4.3;0;0;0
9257;81;81;6;2;3;9;0;0;0;0;0;0;0;7;1;1;2;67;51;85;10;6027;118;719;111.5;6.0;0.6;42.4;22.7;114;75;60.3;8.2;93;57;62.0;10.0;0;0;0
9259;122;122;3;1;1;-3;2;0;1;0;0;0;0;2;1;1;6;71;55;88;7;2642;243;711;89.3;1.4;5.5;25.9;34.1;34;43;44.2;2.7;28;35;44.4;9.2;0;0;0
9260;113;113;6;2;1;3;4;0;0;0;0;0;0;1;3;0;3;58;53;62;7;5286;273;1028;106.6;3.4;1.4;29.3;27.2;94;83;53.1;1.0;67;52;56.3;4.0;0;0;0
9261;120;120;6;0;2;-2;2;0;0;0;0;0;0;3;2;0;4;65;54;76;5;6622;917;1171;100.2;3.3;4.3;26.1;35.3;89;135;39.7;11.8;67;101;39.9;14.2;0;0;0
9262;120;120;3;0;1;5;2;0;0;0;0;0;0;2;1;1;3;57;54;55;5;2652;65;238;117.9;8.1;1.4;36.7;31.2;49;40;55.1;-14.4;34;31;52.3;-14.9;0;0;0
9263;90;90;7;1;0;-2;9;0;0;1;0;1;0;5;2;2;1;53;49;59;3;5943;32;1713;94.2;0.6;3.0;18.2;33.3;58;106;35.4;-17.8;47;77;37.9;-15.4;0;0;0
9267;113;113;7;1;3;3;4;0;0;0;0;0;0;4;1;0;2;58;54;64;9;6626;484;841;103.0;3.3;1.6;35.9;26.6;112;104;51.9;3.9;86;64;57.3;10.4;0;0;0
9269;113;113;6;0;0;2;4;0;0;0;0;0;0;1;2;1;1;68;57;80;8;5673;1226;946;105.1;2.5;1.3;23.5;22.2;95;74;56.2;4.8;59;48;55.1;2.4;0;0;0
9270;108;108;7;0;1;-2;0;0;0;0;0;0;0;6;4;1;5;62;51;75;11;5649;679;823;96.5;3.2;4.5;33.8;34.4;87;93;48.3;-14.5;66;71;48.2;-15.0;0;0;0
9304;94;94;7;0;3;3;4;0;1;0;0;0;0;3;1;0;1;56;52;58;9;6260;186;483;102.2;4.0;2.3;36.8;26.5;103;99;51.0;-13.7;81;68;54.4;-7.9;0;0;0
9305;118;118;7;6;9;7;13;0;4;0;0;1;0;19;6;3;13;86;83;83;28;6523;2211;532;101.0;6.1;2.2;46.4;18.2;145;65;69.0;14.6;114;51;69.1;17.0;1;17;9
9306;97;97;7;6;12;11;4;0;4;0;0;0;0;18;1;3;9;88;74;94;24;6964;1291;966;118.5;6.7;1.0;30.0;26.4;113;111;50.4;12.1;86;82;51.2;11.4;1;152;103
9308;87;87;7;2;6;0;25;1;4;0;0;3;0;20;4;7;10;84;69;88;26;6792;1401;829;95.4;2.7;2.7;33.4;21.2;118;74;61.5;13.2;81;51;61.4;15.0;0;129;73
9311;118;118;7;0;5;-1;39;0;1;0;0;5;1;13;1;3;11;66;51;85;13;7067;1470;1326;92.8;3.6;4.1;32.6;22.4;123;88;58.3;-1.1;89;69;56.3;-1.9;0;0;0
9314;84;84;7;7;6;14;9;2;1;0;0;1;0;15;1;3;10;76;70;79;37;7129;1239;522;112.1;9.6;2.5;40.4;21.7;146;84;63.5;22.5;109;56;66.1;25.4;1;12;6
9315;115;115;3;0;1;-2;0;0;0;0;0;0;0;6;0;1;3;78;58;96;7;3528;885;474;93.6;2.0;4.1;27.6;29.6;43;60;41.7;-3.8;37;43;46.3;-1.1;0;0;0
9316;92;92;7;4;5;-9;4;1;2;0;0;0;0;5;5;3;17;71;63;72;23;5663;1957;687;84.8;2.5;8.3;27.3;33.7;66;100;39.8;13.9;54;68;44.3;20.2;1;10;7
9317;67;67;7;4;5;2;0;3;1;0;0;0;0;15;0;4;14;86;71;93;26;6668;1744;1611;103.5;3.8;2.7;28.1;27.0;107;91;54.0;10.4;75;68;52.4;8.6;0;23;10
9319;105;105;7;2;4;-6;2;0;0;0;0;0;0;3;1;3;13;78;65;87;15;6115;1283;1222;92.8;3.5;7.1;27.7;35.3;93;115;44.7;13.3;64;86;42.7;11.5;0;128;69
9320;109;109;6;0;6;-1;0;0;2;0;0;0;0;9;4;0;8;71;56;86;14;5117;928;1153;93.2;2.8;3.5;30.3;21.8;92;65;58.6;2.4;60;43;58.3;2.1;0;0;0
9322;69;69;7;1;1;-8;15;0;0;0;0;3;3;5;2;2;15;75;48;96;13;7156;685;1372;93.2;1.0;4.5;20.6;38.7;75;147;33.8;19.3;56;105;34.8;19.4;0;0;0
9323;113;113;7;1;1;-2;0;0;0;0;0;0;0;4;2;3;23;77;58;91;9;4906;2003;282;98.3;1.5;2.9;19.8;32.3;61;102;37.4;-16.0;44;61;41.9;-11.2;0;72;33
9324;77;77;7;3;0;-1;0;0;0;0;0;0;0;13;2;3;4;70;57;79;17;6197;1737;511;101.7;2.9;2.9;31.4;38.3;99;117;45.8;13.4;70;93;42.9;12.3;1;13;5
9325;118;118;3;0;1;0;7;0;0;0;0;1;0;6;0;1;4;67;53;85;6;2867;74;561;94.3;2.5;2.5;41.4;21.3;56;40;58.3;4.4;44;29;60.3;7.1;0;0;0
9327;108;108;6;0;2;-2;6;0;0;0;1;0;0;6;3;7;11;71;52;89;10;6199;114;1115;94.7;1.2;2.9;29.6;31.4;99;96;50.8;-5.9;65;74;46.8;-10.1;0;0;0
9328;111;111;7;3;6;1;5;0;5;0;0;1;0;11;3;1;3;76;71;77;15;6055;1800;313;99.1;4.8;4.2;33.9;27.9;116;86;57.4;18.8;81;66;55.1;13.8;0;139;64
9329;120;120;7;3;1;3;12;0;0;0;0;0;0;7;2;7;9;82;61;95;16;6444;92;1396;97.8;4.5;2.8;34.6;18.4;128;58;68.8;17.7;88;41;68.2;16.1;0;137;73
9330;105;105;7;1;1;0;7;0;0;0;0;1;0;13;1;4;17;76;61;84;11;5204;1201;777;102.7;2.8;2.8;29.7;42.2;74;108;40.7;7.1;56;79;41.5;9.4;1;18;6
9331;145;3;5;0;1;-4;5;0;0;0;0;0;0;9;2;0;4;53;46;60;5;4797;93;340;82.2;1.5;4.5;33.8;20.3;80;57;58.4;-4.6;60;40;60.0;0.1;0;0;0
9333;136;10;4;0;0;0;2;0;0;0;0;0;0;3;1;0;0;57;53;59;3;2446;411;43;108.5;1.5;1.5;11.8;36.8;23;49;31.9;-14.9;13;40;24.5;-22.8;0;6;3
9334;85;85;7;6;8;6;7;3;3;0;0;1;0;2;3;5;8;83;78;85;40;6621;1699;147;105.2;4.9;1.6;40.2;23.4;120;89;57.4;16.1;94;68;58.0;17.4;0;21;10
9335;120;120;7;2;9;8;2;0;1;0;0;0;0;11;4;5;8;76;75;79;32;6293;1515;202;106.9;8.0;2.3;47.5;22.9;144;70;67.3;5.7;109;52;67.7;6.3;1;5;0
9336;113;113;7;2;3;4;20;0;0;1;0;0;0;13;2;6;15;71;59;86;16;7323;1056;1143;102.5;3.9;2.5;34.4;27.5;123;113;52.1;4.5;92;71;56.4;9.5;0;0;0
9337;86;86;7;3;3;3;6;0;0;0;0;0;0;7;3;3;7;71;61;79;16;6433;395;754;98.7;3.9;2.2;42.5;21.3;145;67;68.4;5.3;112;49;69.6;7.8;0;18;5
9338;119;10;7;1;2;-3;6;0;1;0;0;0;0;5;2;5;9;70;61;76;16;5928;1815;596;94.3;2.4;3.0;34.0;23.7;112;77;59.3;19.3;71;52;57.7;17.2;0;64;34
9340;89;89;7;2;5;7;4;0;2;0;0;0;0;4;1;1;2;72;64;76;22;5429;1520;72;114.6;6.0;1.3;29.8;24.5;82;74;52.6;20.1;58;56;50.9;16.2;0;39;15
9342;112;112;7;3;4;3;2;1;2;0;0;0;0;15;1;8;14;84;73;88;16;6968;1911;628;100.7;5.2;2.6;33.6;17.6;134;63;68.0;13.5;99;42;70.2;15.6;1;0;0
9343;118;118;7;5;8;6;18;3;0;0;0;2;0;11;2;1;6;84;74;88;34;6047;2084;1181;99.2;6.0;2.4;47.6;17.9;138;61;69.3;14.7;107;47;69.5;17.0;0;46;24
9344;108;108;7;1;2;5;12;0;1;0;0;2;0;17;1;2;10;68;62;70;10;5883;682;258;110.9;3.1;0.0;28.1;22.6;93;80;53.8;-3.6;60;54;52.6;-3.9;0;8;6
9345;90;90;7;1;5;4;11;0;1;0;0;1;0;8;2;3;21;81;67;88;15;5526;746;1462;112.1;4.6;1.3;26.1;24.1;97;74;56.7;9.6;68;58;54.0;7.2;0;6;5
9346;104;104;7;3;9;7;17;2;2;0;1;3;0;10;1;1;1;74;72;74;14;5702;1963;186;111.0;5.7;0.6;36.6;13.9;126;49;72.0;8.9;87;34;71.9;10.3;0;10;6
9349;106;106;7;0;3;1;9;0;1;0;0;1;0;12;1;6;10;68;51;86;12;7362;521;1184;92.8;3.4;3.4;34.7;20.0;134;94;58.8;12.7;103;65;61.3;17.5;0;0;0
9351;107;107;7;0;6;10;4;0;0;0;0;0;0;3;1;4;11;73;64;80;5;5846;987;362;117.2;7.4;1.2;32.6;22.8;96;88;52.2;11.0;78;56;58.2;17.5;0;115;58
9352;69;69;7;0;1;-8;5;0;1;0;0;1;0;9;2;6;28;61;49;74;3;7487;273;1449;93.1;1.0;4.8;18.3;39.4;72;154;31.9;16.5;53;113;31.9;15.5;0;0;0
9354;117;117;7;0;2;3;4;0;0;0;0;0;0;9;2;1;6;64;51;78;15;7501;247;1646;100.7;2.9;1.4;38.9;21.6;142;73;66.0;11.2;103;54;65.6;10.2;0;0;0
9355;66;66;7;1;1;0;9;0;0;0;0;1;0;4;0;2;3;64;60;62;5;4911;82;388;100.9;2.2;2.2;27.9;31.5;71;87;44.9;-14.9;51;63;44.7;-13.8;0;3;0
9356;76;76;6;0;4;-5;4;0;1;0;0;0;0;1;3;2;5;63;60;63;8;5759;1505;210;94.2;1.9;4.4;26.9;34.4;86;109;44.1;-18.4;66;76;46.5;-16.3;0;0;0
9357;107;107;5;0;3;3;9;0;0;0;0;1;0;8;1;3;15;67;50;87;7;4410;55;1072;110.5;5.7;3.3;25.3;26.9;60;63;48.8;9.2;42;44;48.8;12.6;0;0;0
9358;110;110;7;4;3;5;0;0;0;0;0;0;0;6;0;2;6;69;64;71;17;5035;475;0;107.7;7.1;3.6;40.8;36.5;88;84;51.2;-12.5;69;62;52.7;-11.1;1;14;7
9359;122;122;7;1;2;-20;0;1;1;0;0;0;0;21;1;6;15;76;63;76;9;6756;665;1557;80.4;0.5;10.7;17.1;46.9;70;155;31.1;-0.8;44;123;26.3;-3.4;0;63;31
9360;116;8;7;3;6;5;6;0;2;0;0;0;0;7;2;6;8;80;78;79;31;5062;1531;611;103.2;5.0;1.4;45.5;18.5;122;62;66.3;-8.0;90;39;69.8;-5.0;0;8;6
9362;118;118;7;3;2;6;4;1;0;0;0;0;0;10;0;3;7;67;62;67;14;5205;542;909;104.9;6.2;2.1;43.6;22.1;123;71;63.4;6.1;89;52;63.1;7.6;1;2;1
9364;74;74;7;4;5;2;9;3;3;0;0;1;0;4;1;1;4;70;66;72;16;4639;1788;57;105.4;5.4;3.9;31.8;33.4;74;77;49.0;-6.8;62;59;51.2;-3.6;0;11;4
9366;120;120;7;3;6;2;11;2;3;0;0;1;0;5;2;1;2;76;79;74;20;6279;1842;202;99.3;4.6;2.3;44.1;20.6;142;57;71.4;11.3;103;47;68.7;7.5;0;9;4
9368;87;87;7;3;1;-2;4;1;1;0;0;0;0;4;0;3;5;70;64;70;12;5960;530;322;94.5;1.8;3.0;32.0;27.2;105;80;56.8;6.3;71;61;53.8;4.3;1;4;2
9370;98;98;7;2;3;-1;14;0;1;0;0;2;0;10;3;4;12;73;64;78;21;6170;768;953;92.9;2.9;2.9;38.5;19.8;121;80;60.2;7.6;94;53;63.9;13.5;1;70;35
9371;68;68;7;5;6;8;12;0;2;0;1;2;1;15;3;6;4;84;67;89;34;6536;1297;720;100.4;6.1;2.2;51.2;19.3;150;70;68.2;3.5;115;48;70.6;5.4;0;100;63
9373;96;96;4;3;4;4;22;0;0;0;0;1;1;2;2;5;5;80;66;87;12;3397;1038;164;118.6;7.4;3.2;26.5;33.9;48;48;50.0;11.0;34;40;45.9;4.9;0;55;29
9374;92;92;7;0;3;-7;17;0;1;0;0;3;0;10;3;1;20;73;55;76;17;5621;1930;1444;97.4;2.6;7.0;23.1;51.2;71;145;32.9;5.3;49;112;30.4;2.2;0;56;19
9375;96;96;5;0;1;-6;2;0;1;0;0;0;0;6;1;2;3;59;51;68;9;4650;226;457;88.4;1.5;6.2;28.6;36.4;70;79;47.0;-10.2;47;61;43.5;-14.8;0;0;0
9376;100;8;7;2;4;-1;4;0;3;0;0;0;0;9;4;4;10;78;67;84;19;6386;1883;1069;95.7;3.4;3.4;33.8;23.7;112;87;56.3;14.2;80;62;56.3;14.0;1;17;10
9377;89;89;7;1;1;-6;18;1;0;0;0;0;0;8;4;7;7;67;51;82;14;6555;1349;1004;92.8;1.6;4.9;22.5;34.1;83;93;47.2;6.8;61;75;44.9;4.0;0;2;0
9378;80;80;5;1;5;6;2;0;1;0;0;0;0;1;0;1;2;65;61;66;11;3233;147;10;107.5;7.8;1.1;56.8;17.8;76;25;75.2;-7.1;57;21;73.1;-8.4;0;4;2
9380;100;100;7;1;0;5;18;0;0;0;0;2;0;9;3;2;7;61;47;79;8;7104;626;998;106.6;5.1;2.0;38.5;30.9;113;117;49.1;4.1;89;88;50.3;6.1;0;0;0
9382;86;86;7;2;7;7;4;0;0;0;1;0;0;6;2;6;11;81;67;91;24;6366;405;799;105.9;4.5;1.1;38.5;19.2;140;69;67.0;3.2;104;50;67.5;4.6;1;29;14
9383;89;89;7;4;4;0;6;2;3;0;0;0;0;15;5;6;18;83;65;90;24;6154;1110;1417;104.7;2.9;2.9;22.2;34.5;82;124;39.8;3.4;65;87;42.8;6.0;0;48;26
9385;90;90;7;5;3;2;9;1;0;0;0;1;0;5;5;5;13;77;60;89;24;5820;1278;316;103.2;5.6;3.7;38.4;32.8;114;101;53.0;5.0;88;82;51.8;4.8;1;10;5
9388;104;104;6;2;1;5;4;0;0;0;0;0;0;3;3;5;10;67;50;90;6;6120;174;947;103.6;4.1;1.2;39.4;17.1;125;58;68.3;2.3;91;42;68.4;5.4;0;0;0
9389;66;66;7;1;2;-2;17;0;1;0;0;3;0;9;1;3;3;69;67;64;21;6080;1222;70;90.3;3.0;3.6;39.7;20.7;138;66;67.6;16.3;94;48;66.2;15.6;1;6;1
9390;76;76;7;2;2;0;2;1;1;0;0;0;0;2;2;1;4;64;62;68;19;5654;520;163;97.2;3.2;3.2;33.7;26.1;94;88;51.6;-7.1;69;57;54.8;-3.9;0;7;2
9392;79;79;7;0;2;-5;22;0;0;0;0;2;1;3;1;1;8;70;62;75;20;6745;779;564;92.4;3.2;5.9;28.3;31.0;97;99;49.5;-1.2;70;73;49.0;-1.2;0;0;0
9393;74;74;7;1;4;-3;12;0;0;0;0;2;0;8;0;3;3;67;62;72;16;5614;256;974;92.7;3.8;5.8;34.6;31.4;113;90;55.7;2.2;72;65;52.6;-2.0;0;16;7
9394;75;75;7;3;3;5;16;0;0;1;0;2;0;10;2;4;5;84;61;95;17;5310;1209;980;107.7;2.7;0.0;35.3;21.0;95;57;62.5;-4.4;71;44;61.7;-6.8;1;93;49
9395;102;102;7;1;6;9;0;1;1;0;0;0;0;4;4;1;5;69;67;71;29;6079;987;92;108.3;5.9;0.6;49.2;16.0;141;58;70.9;8.5;105;42;71.4;8.5;0;2;2
9396;80;80;6;1;3;7;4;0;1;0;0;0;0;3;1;0;3;61;55;63;14;6327;366;646;94.4;7.4;3.4;51.2;17.1;181;50;78.4;-0.9;136;34;80.0;2.7;0;0;0
9397;71;71;7;2;2;2;53;0;0;1;0;9;3;10;2;3;11;61;55;67;10;4329;0;508;102.2;3.3;2.5;25.8;23.3;58;62;48.3;-18.7;43;41;51.2;-14.1;0;14;5
9398;124;124;7;2;2;-2;0;0;0;0;0;0;0;5;4;2;0;63;62;62;16;6088;468;0;96.3;3.0;4.1;30.2;30.7;86;75;53.4;5.3;63;61;50.8;3.9;0;80;34
9399;67;67;7;2;4;5;10;0;3;0;0;0;0;21;3;12;26;87;60;99;29;7765;1727;1419;106.5;3.7;1.4;34.8;33.4;125;128;49.4;4.1;94;92;50.5;6.8;0;0;0
9400;70;70;7;2;5;4;7;0;0;0;0;1;0;16;1;5;18;74;60;84;23;7393;1297;1164;101.3;4.4;2.4;38.0;23.9;150;93;61.7;15.7;110;67;62.1;16.0;0;0;0
9401;80;80;7;6;5;8;66;2;0;0;0;10;6;15;0;2;4;76;71;72;28;5970;210;225;109.8;4.8;0.0;49.4;13.3;178;36;83.2;6.4;113;26;81.3;5.1;0;9;5
9402;70;70;5;1;2;0;11;0;0;0;0;1;0;12;0;2;4;62;50;76;8;4371;78;1012;99.0;4.1;4.1;32.9;30.5;83;65;56.1;-3.3;58;43;57.4;-1.3;0;0;0
9403;75;75;7;2;2;-3;0;1;0;0;0;0;0;8;2;3;13;83;66;86;29;6266;1430;1034;91.1;2.9;4.6;36.8;27.6;110;102;51.9;17.2;83;69;54.6;20.8;0;118;63
9404;115;115;7;5;2;0;6;2;1;0;0;0;0;5;1;2;18;82;72;87;21;6680;2111;660;102.9;3.2;3.2;26.4;34.5;91;126;41.9;6.3;74;92;44.6;7.3;1;160;108
9405;68;68;7;2;4;6;0;1;3;0;0;0;0;9;2;3;6;72;65;77;39;7641;2125;611;103.4;4.7;1.9;41.5;23.6;166;88;65.4;-0.8;121;64;65.4;-2.4;1;0;0
9406;47;47;2;0;0;-3;0;0;0;0;0;0;0;0;0;0;1;58;56;47;3;1235;242;0;83.3;0.0;8.7;20.4;52.5;10;33;23.3;-8.3;8;24;25.0;-6.4;0;7;4
9407;94;94;7;0;0;-2;2;0;0;0;0;0;0;6;6;3;3;57;47;70;1;3022;640;143;92.6;0.0;2.4;19.1;32.2;42;50;45.7;-8.3;28;37;43.1;-14.1;0;14;9
9408;91;91;6;1;0;3;2;0;0;0;0;0;0;4;0;3;8;69;54;85;12;5711;239;538;99.3;5.0;3.2;32.8;19.5;94;66;58.8;6.8;67;45;59.8;5.2;0;0;0
9409;71;71;7;0;3;-1;0;0;1;0;0;0;0;4;3;6;7;64;58;69;11;4711;376;166;97.7;3.1;3.8;33.6;33.6;90;74;54.9;-11.7;60;56;51.7;-14.7;0;3;1
9411;70;70;7;1;4;-4;10;1;2;0;0;0;0;4;0;0;2;67;65;64;18;6225;1243;277;89.1;2.3;4.6;33.5;26.0;112;87;56.3;6.4;79;62;56.0;5.6;0;133;69
9412;75;75;7;1;2;-5;4;0;1;0;0;0;0;4;2;0;4;55;54;51;12;5582;514;697;86.9;3.2;6.4;37.4;29.7;102;89;53.4;18.6;76;60;55.9;21.6;0;16;8
9413;78;78;7;5;2;3;6;1;1;0;0;0;0;4;4;3;3;74;71;76;37;6004;2107;38;99.7;3.6;1.2;51.0;16.2;159;63;71.6;20.2;109;45;70.8;18.9;0;2;2
9415;64;64;6;1;3;0;2;0;1;0;0;0;0;7;3;2;8;68;53;84;13;6390;669;1135;101.1;3.4;3.4;25.4;27.6;78;104;42.9;2.8;54;69;43.9;2.1;0;0;0
9416;70;70;7;1;2;-3;0;0;0;0;0;0;0;6;1;3;6;69;64;69;7;5948;507;507;93.8;1.8;3.0;35.1;26.6;125;88;58.7;3.5;84;61;57.9;3.9;1;17;10
9417;92;92;7;3;3;-1;2;1;2;0;0;0;0;4;1;0;11;68;65;69;17;4661;1025;431;89.7;3.9;4.6;34.8;21.6;92;61;60.1;-6.3;65;47;58.0;-9.7;0;90;47
9418;108;108;7;0;3;2;4;0;1;0;0;0;0;9;4;5;13;68;56;79;18;7452;1173;1308;99.7;2.4;1.9;32.9;25.1;141;100;58.5;3.1;99;72;57.9;3.3;0;0;0
9419;63;63;7;5;6;7;5;0;2;0;0;1;0;5;4;1;4;73;70;76;25;6344;965;555;103.8;4.5;1.1;41.4;15.9;138;58;70.4;9.1;104;43;70.7;8.6;1;14;6
9421;70;70;4;1;2;2;0;0;0;0;0;0;0;7;0;1;1;62;57;66;9;3858;16;258;108.4;5.6;3.7;25.2;27.1;48;55;46.6;-5.3;36;42;46.2;-6.2;0;0;0
9422;66;17;7;1;2;1;6;0;1;0;0;0;0;5;5;3;8;74;57;88;13;5881;2142;64;98.7;3.7;2.4;36.1;21.4;114;77;59.7;2.1;83;56;59.7;2.4;0;104;60
9423;63;63;7;6;1;8;12;0;0;1;0;0;0;14;3;4;9;66;53;81;19;7549;693;878;106.7;3.8;0.5;40.1;17.2;166;71;70.0;9.4;118;52;69.4;7.2;2;0;0
9424;111;111;7;8;1;7;2;2;1;0;0;0;0;12;1;2;11;70;67;68;27;5818;1528;312;111.5;7.4;3.1;32.8;27.8;91;99;47.9;5.2;73;67;52.1;9.5;2;2;2
9425;115;19;7;2;4;4;11;0;3;0;0;1;0;12;2;2;15;82;67;95;23;6226;2006;1250;109.5;3.5;1.2;26.6;32.4;84;116;42.0;6.1;67;80;45.6;8.3;0;42;19
9426;75;75;7;2;6;3;42;2;1;0;0;6;2;10;0;3;3;79;71;83;18;5924;2039;367;105.5;3.0;1.2;28.0;22.5;93;74;55.7;20.7;61;55;52.6;16.0;1;16;10
9427;104;19;7;6;5;7;11;1;3;0;0;1;1;10;2;1;2;83;80;80;31;6303;2266;322;106.8;5.1;0.6;44.6;12.0;168;39;81.2;23.2;110;32;77.5;19.1;2;19;15
9428;78;78;6;0;3;5;14;0;1;0;0;0;0;10;1;3;7;62;55;68;19;5710;850;489;102.9;5.7;2.5;44.8;25.8;138;77;64.2;8.4;98;56;63.6;7.5;0;0;0
9429;65;65;7;8;6;3;6;5;2;0;1;0;0;8;2;1;12;90;80;88;33;7506;1077;1078;102.3;3.4;2.4;31.7;28.8;125;116;51.9;21.6;89;88;50.3;19.4;0;162;95
9431;120;120;7;1;3;7;4;0;0;0;0;0;0;12;1;2;16;67;53;83;14;7202;310;1190;103.4;5.0;1.5;46.0;20.0;168;67;71.5;12.5;125;52;70.6;11.1;0;0;0
9432;107;107;7;0;4;-2;22;0;0;0;0;4;1;16;0;6;21;85;59;96;17;6293;1984;1019;95.3;4.0;4.6;29.7;25.2;85;88;49.1;11.3;66;67;49.6;14.4;0;0;0
9433;94;94;7;2;2;1;7;0;0;0;0;1;0;4;5;2;31;76;54;92;24;7354;1209;651;101.6;4.9;3.9;30.8;27.4;113;114;49.8;4.5;85;75;53.1;5.8;0;0;0
9434;64;64;7;2;4;3;14;2;0;0;0;0;0;7;0;3;22;74;56;96;13;6133;1401;586;109.0;3.5;1.8;24.1;31.1;75;106;41.4;-0.6;58;73;44.3;1.4;0;2;1
9435;88;88;7;1;4;5;8;0;1;0;0;0;0;6;2;2;2;73;64;79;18;6459;1405;82;99.1;4.5;1.7;36.8;12.8;120;51;70.2;13.7;86;40;68.3;11.6;0;45;29
9436;82;82;7;2;4;-4;5;1;2;0;0;1;0;10;3;2;6;65;58;66;10;5202;432;160;99.5;3.5;6.2;24.2;42.2;65;109;37.4;-6.6;48;83;36.6;-7.4;0;81;39
9437;83;83;7;2;2;-2;4;0;0;0;0;0;0;3;1;2;8;66;62;66;16;4778;187;927;95.8;3.8;5.3;25.6;27.9;64;73;46.7;-6.3;47;55;46.1;-7.7;1;28;11
9438;72;72;7;0;5;2;14;0;0;0;0;0;0;13;5;4;6;71;60;79;8;5958;732;1220;102.0;3.6;2.4;36.9;30.8;94;98;49.0;-0.6;77;73;51.3;2.3;0;117;55
9439;99;99;7;1;1;2;15;0;0;0;1;1;0;11;3;9;17;80;59;92;14;6097;272;1792;99.7;1.8;1.8;26.0;24.8;87;75;53.7;8.4;63;56;52.9;6.3;0;114;54
9440;82;82;7;0;4;-6;4;0;2;0;0;0;0;1;0;1;4;60;57;59;6;4839;607;220;81.9;1.5;6.0;21.6;23.8;64;80;44.4;3.0;41;55;42.7;1.0;0;41;24
9441;105;105;7;0;1;-3;4;0;1;0;0;0;0;11;1;1;12;63;54;69;7;6830;328;1436;92.9;2.6;4.2;30.6;26.9;108;108;50.0;6.1;83;73;53.2;12.2;0;0;0
9443;102;102;4;0;0;-3;0;0;0;0;0;0;0;1;0;1;4;66;51;78;3;1499;897;34;93.8;0.0;2.4;16.8;38.4;13;32;28.9;-26.4;9;26;25.7;-29.5;0;18;7
9444;112;112;7;1;6;7;0;0;1;0;0;0;0;7;0;2;12;79;72;81;25;7447;2027;698;105.4;6.3;2.4;38.7;22.2;139;89;61.0;3.3;107;67;61.5;3.4;0;0;0
9445;83;83;7;3;6;8;2;0;2;0;0;0;0;5;2;5;4;74;65;80;12;5630;1040;48;117.0;6.4;1.3;30.1;30.1;101;80;55.8;5.5;71;62;53.4;1.6;0;85;44
9446;79;79;7;1;8;-1;8;0;2;0;0;0;0;11;2;1;2;73;74;64;19;6784;948;571;93.6;2.7;3.2;32.4;21.8;115;78;59.6;13.1;86;56;60.6;15.3;0;22;12
9447;106;106;7;3;7;3;2;2;2;1;0;0;0;6;1;2;12;77;65;82;31;7290;1897;1301;96.6;4.0;3.0;35.1;20.2;133;92;59.1;13.1;103;64;61.7;18.0;0;1;1
9448;93;93;7;1;6;-3;4;0;0;0;0;0;0;14;2;1;6;66;59;70;17;6303;1373;74;102.8;4.0;5.7;24.6;42.3;101;127;44.3;4.1;66;93;41.5;2.2;0;104;58
9450;82;82;7;1;2;-1;6;0;0;1;1;0;0;8;2;2;9;61;55;63;4;4207;0;1285;97.9;4.3;6.8;24.0;34.2;52;72;41.9;-0.3;35;51;40.7;-1.5;0;74;36
9451;64;64;6;0;2;-4;4;0;0;0;0;0;0;10;1;3;28;74;50;93;5;6076;41;1110;95.3;2.4;4.7;25.5;33.8;77;115;40.1;-1.5;58;82;41.4;-1.8;0;0;0
9452;84;84;7;8;5;11;13;2;1;0;0;1;0;2;1;2;3;76;74;76;24;6863;1310;19;114.4;8.4;2.6;33.6;24.7;115;82;58.4;13.8;86;60;58.9;14.0;0;143;78
9453;82;82;7;4;5;7;5;1;2;0;0;1;1;13;2;1;10;86;74;90;32;6726;1812;663;102.5;5.4;1.6;46.0;17.7;160;68;70.2;10.2;116;47;71.2;13.0;1;150;77
9454;79;79;6;0;2;-4;2;0;0;0;0;0;0;16;1;8;14;76;59;85;18;6184;711;1016;89.4;1.7;4.1;23.9;22.7;112;89;55.7;8.4;69;59;53.9;5.7;0;0;0
9455;78;78;6;1;5;5;4;0;0;0;0;0;0;9;5;1;8;66;50;81;15;5683;397;639;100.7;5.7;2.5;48.1;22.8;145;68;68.1;14.4;104;50;67.5;13.6;0;0;0
9456;76;76;7;4;8;3;16;0;5;0;0;0;0;8;2;5;12;81;69;95;29;7625;1986;769;95.8;4.7;2.8;40.6;17.9;170;77;68.8;18.9;120;54;69.0;17.7;1;0;0
9457;65;65;7;1;5;1;2;0;1;1;0;0;0;16;2;4;15;74;57;88;18;7592;602;1473;102.8;4.3;4.3;28.5;35.1;112;147;43.2;8.7;78;107;42.2;7.1;0;0;0
9458;142;23;2;1;3;1;2;0;1;0;0;0;0;3;2;1;0;60;63;53;5;1837;207;0;88.0;5.9;3.9;45.1;15.7;38;23;62.3;7.4;31;15;67.4;12.9;0;1;0
9460;140;17;7;0;5;2;12;0;0;0;1;0;0;10;2;5;9;68;53;85;10;7047;76;946;101.5;2.0;1.5;24.5;22.5;87;88;49.7;3.4;65;66;49.6;3.3;0;0;0
9461;151;152;7;1;0;2;2;0;0;0;0;0;0;12;4;4;9;69;57;82;11;6969;826;879;106.7;3.1;2.1;24.3;34.1;85;105;44.7;-1.9;56;81;40.9;-6.0;0;0;0
9462;137;28;7;2;3;-2;2;2;0;0;0;0;0;6;3;6;9;75;61;85;7;7022;409;753;99.6;1.5;2.6;21.0;33.3;78;109;41.7;3.2;52;84;38.2;-2.5;0;96;42
