Game Id;Date Year;Date Month;Date Day;Arena;Attendance;Team Home;Team Away;Score Home;Score Away;Score Home P1;Score Home P2;Score Home P3;Score Home OT;Score Home SO;Score Away P1;Score Away P2;Score Away P3;Score Away OT;Score Away SO;Star 1;Star 2;Star 3;Shots Home;Shots Away;PIM Home;PIM Away;Hits Home;Hits Away;GA Home;GA Away;TA Home;TA Away;FOW Home;FOW Away;SOG Home P1;SOG Home P2;SOG Home P3;SOG Home OT;SOG Away P1;SOG Away P2;SOG Away P3;SOG Away OT;PPG Home;PPO Home;PPG Away;PPO Away;Type;SQ0 Home;SQ1 Home;SQ2 Home;SQ3 Home;SQ4 Home;SQ0 Away;SQ1 Away;SQ2 Away;SQ3 Away;SQ4 Away
65517;2028;10;4;Rainier Beer Gardens & Arena;18846;2;23;8;2;3;2;3;0;0;1;0;1;0;0;6605;7615;5182;66;47;6;6;27;14;6;12;11;6;23;24;20;15;14;0;8;10;6;0;2;4;0;3;Regular Season;6;25;18;7;10;13;15;8;8;3
65518;2028;10;4;Prudential Center;17449;17;31;2;4;0;0;2;0;0;0;3;1;0;0;1553;3890;1684;53;57;6;8;23;14;14;8;9;4;22;35;7;11;9;0;12;15;8;0;0;4;0;3;Regular Season;11;30;10;1;1;12;16;11;13;5
65505;2028;10;4;UBS Arena;14276;14;24;3;4;0;3;0;0;0;1;3;0;0;0;1832;867;1930;40;49;4;6;18;21;9;17;10;12;16;28;6;12;8;0;4;12;18;0;1;3;1;2;Regular Season;8;11;14;5;2;6;17;11;9;6
65498;2028;10;4;XL Center;15635;29;152;4;3;2;0;1;0;1;1;1;1;0;0;5869;2724;1662;56;45;6;4;21;18;6;8;16;11;33;19;14;12;11;4;6;10;11;1;1;2;0;3;Regular Season;7;24;17;4;7;10;21;7;5;5
65499;2028;10;4;Xcel Energy Center;15815;25;0;10;6;3;4;3;0;0;2;1;3;0;0;5579;6011;6279;64;61;11;9;16;14;12;11;10;9;34;21;12;19;9;0;12;11;14;0;0;2;0;3;Regular Season;7;26;21;7;3;11;11;20;13;6
65739;2028;10;4;Chase Field;28650;20;30;1;4;1;0;0;0;0;2;1;1;0;0;3633;1472;6504;34;60;16;10;16;25;16;9;13;10;28;22;8;8;4;0;14;9;17;0;0;5;2;8;Regular Season;9;9;7;7;2;8;22;14;10;6
65535;2028;10;4;BC Ferries Center;13321;26;154;5;4;0;1;3;1;0;1;1;2;0;0;6401;5694;5420;57;50;7;14;35;37;16;20;13;9;27;31;10;11;13;4;4;11;9;3;0;3;0;1;Regular Season;8;19;19;7;4;13;16;7;9;5
65482;2028;10;4;Scott Trade Center;14132;10;9;2;7;1;1;0;0;0;1;3;3;0;0;1773;1456;1292;47;50;8;10;11;24;8;8;18;12;32;22;8;11;5;0;6;16;12;0;1;5;1;4;Regular Season;9;16;14;7;1;7;13;10;15;5
65649;2028;10;4;Staples Center;15148;28;1;4;3;2;2;0;0;0;1;1;1;0;0;6088;6522;1113;68;54;6;2;19;16;5;12;17;8;24;24;8;25;13;0;6;6;16;0;0;1;0;3;Regular Season;7;33;17;9;2;20;13;9;7;5
65599;2028;10;4;The Ranch;17785;3;8;3;6;0;2;1;0;0;3;1;2;0;0;5969;1425;861;55;53;9;5;14;18;9;18;12;16;22;23;16;14;6;0;13;15;7;0;0;0;0;2;Regular Season;11;16;22;5;1;6;16;10;13;8
65522;2028;10;5;The Ranch;18509;3;29;2;1;0;0;2;0;0;1;0;0;0;0;5591;1404;1064;61;72;6;4;18;14;15;17;12;16;18;23;10;11;11;0;24;13;11;0;0;2;0;3;Regular Season;8;26;20;4;3;9;20;18;12;13
65516;2028;10;5;State Farm Arena;17044;31;0;6;3;2;3;1;0;0;1;1;1;0;0;1553;771;1877;49;61;6;6;19;15;15;10;8;11;25;27;15;5;10;0;8;20;18;0;1;3;1;3;Regular Season;5;24;14;5;1;5;18;18;8;12
66523;2028;10;5;BC Ferries Center;14194;26;1;5;1;3;1;1;0;0;0;1;0;0;0;5864;3288;2825;59;41;4;0;15;12;12;11;10;9;23;20;16;9;8;0;3;15;4;0;0;0;0;2;Regular Season;12;28;13;6;0;11;11;7;10;2
65501;2028;10;5;Lalo Salamanca Center;15207;124;21;5;3;2;2;1;0;0;1;2;0;0;0;1983;1149;6142;56;54;4;14;26;20;10;6;9;12;28;18;12;10;15;0;14;20;5;0;2;7;0;2;Regular Season;7;27;15;6;1;9;15;10;13;7
65504;2028;10;5;Hell's Paradise;15568;27;12;6;4;2;1;3;0;0;2;0;2;0;0;6590;839;5779;39;71;11;13;16;19;17;13;11;16;27;29;5;7;9;0;21;14;13;0;0;4;1;3;Regular Season;6;13;14;2;4;9;19;24;12;7
65564;2028;10;5;Rainier Beer Gardens & Arena;18678;2;17;4;1;3;1;0;0;0;1;0;0;0;0;7605;7615;2413;42;47;6;6;18;14;8;15;9;11;25;16;9;10;9;0;10;11;8;0;1;3;0;3;Regular Season;5;15;12;7;3;11;11;14;8;3
65483;2028;10;5;Los Pollos Arena;15232;18;7;4;3;2;1;0;1;0;1;2;0;0;0;5619;475;1327;60;68;6;0;24;19;9;10;9;11;21;25;14;10;7;2;10;26;13;0;0;1;0;3;Regular Season;11;22;10;9;8;9;21;13;12;13
65481;2028;10;5;Scott Trade Center;14434;10;20;1;4;0;1;0;0;0;1;2;1;0;0;6565;1247;1152;63;52;6;8;20;13;6;10;16;15;24;33;13;16;8;0;14;14;12;0;0;4;0;3;Regular Season;10;30;11;7;5;6;11;13;9;13
65486;2028;10;5;Ball Arena;12658;19;152;3;4;1;2;0;0;0;1;2;0;0;1;6258;1587;3412;42;39;6;4;33;22;8;15;10;13;33;23;10;7;7;6;3;11;5;1;0;2;2;3;Regular Season;6;24;14;0;1;14;13;6;4;4
65485;2028;10;6;Lalo Salamanca Center;14685;124;14;8;4;2;1;5;0;0;2;2;0;0;0;8181;1627;8171;69;58;4;4;38;28;18;15;8;9;21;28;11;8;14;0;10;13;8;0;1;2;0;2;Regular Season;10;30;19;7;3;10;18;17;10;3
65484;2028;10;6;T-Mobile Arena;18375;30;19;4;1;0;3;1;0;0;1;0;0;0;0;6488;1429;2045;45;36;8;2;38;29;11;11;10;9;24;27;14;9;10;0;9;4;6;0;0;1;0;6;Regular Season;10;17;14;3;1;6;17;10;2;1
65514;2028;10;6;PPG Paints Arena;16657;9;27;4;1;2;1;1;0;0;1;0;0;0;0;6191;1767;1773;76;50;9;7;27;8;9;12;9;13;18;23;20;11;13;0;14;2;7;0;1;1;0;2;Regular Season;11;37;12;11;5;8;20;12;5;5
65494;2028;10;6;Art Hauser Center;15639;23;7;3;2;1;2;0;0;0;0;0;2;0;0;5912;475;5811;40;46;6;4;19;16;12;10;17;10;27;24;6;12;9;0;7;6;13;0;0;2;1;3;Regular Season;3;20;9;6;2;9;13;13;9;2
65489;2028;10;6;Quack Den;15439;24;28;2;7;0;2;0;0;0;2;2;3;0;0;6013;6088;1113;49;51;6;10;24;20;13;8;9;14;26;24;11;11;5;0;11;17;7;0;1;5;1;3;Regular Season;12;18;13;2;4;6;14;12;18;1
65487;2028;10;7;Rainier Beer Gardens & Arena;18180;2;10;6;1;3;1;2;0;0;1;0;0;0;0;1851;1999;5730;53;49;6;6;26;17;10;9;16;12;17;24;9;17;9;0;11;8;2;0;0;3;0;3;Regular Season;8;17;19;8;1;12;17;12;4;4
65540;2028;10;7;T-Mobile Arena;18375;30;21;4;1;0;1;3;0;0;0;0;1;0;0;1429;1576;5605;46;40;4;8;29;10;12;11;8;12;27;12;11;10;12;0;10;8;6;0;2;4;1;2;Regular Season;3;25;12;4;2;10;8;11;5;6
65526;2028;10;7;XL Center;15635;29;12;2;3;0;1;1;0;0;0;2;1;0;0;128;1404;6719;56;64;14;6;22;22;7;14;10;10;27;25;12;8;14;0;17;11;14;0;0;3;0;7;Regular Season;10;18;16;7;5;6;23;17;12;6
65541;2028;10;7;PPG Paints Arena;17217;9;154;2;5;0;0;2;0;0;1;2;2;0;0;1791;1432;1868;40;47;6;2;28;21;13;13;6;8;31;22;10;5;13;0;9;9;10;0;0;2;1;3;Regular Season;5;19;9;5;2;8;24;7;6;2
65496;2028;10;7;Los Pollos Arena;15300;18;28;6;3;1;2;3;0;0;1;1;1;0;0;408;5619;2722;51;59;12;10;34;20;12;6;9;17;28;27;5;12;16;0;13;10;16;0;0;5;0;6;Regular Season;8;22;15;5;1;8;16;19;10;6
65502;2028;10;7;T-Mobile Center;16979;152;26;1;2;0;1;0;0;0;0;0;1;1;0;5881;6235;2825;49;39;5;9;33;21;9;15;8;13;24;31;8;11;7;4;12;1;8;7;0;2;0;0;Regular Season;8;23;14;3;1;6;13;9;6;5
65500;2028;10;7;Prudential Center;17449;17;0;1;4;1;0;0;0;0;2;0;2;0;0;6105;1842;5857;45;69;2;6;17;19;6;12;19;12;24;29;12;10;9;0;14;9;17;0;0;3;0;1;Regular Season;6;23;12;4;0;17;19;13;14;6
65491;2028;10;7;Xcel Energy Center;17569;25;24;6;1;0;2;4;0;0;0;0;1;0;0;5713;6329;1590;46;46;6;0;18;17;7;14;16;8;18;32;11;11;10;0;12;9;5;0;0;0;0;3;Regular Season;6;13;17;8;2;5;20;15;6;0
65554;2028;10;7;State Farm Arena;18200;31;8;3;4;0;2;1;0;0;1;0;3;0;0;5969;1025;1750;64;56;6;12;21;25;7;12;12;6;23;35;14;11;23;0;16;8;21;0;1;6;0;3;Regular Season;7;22;22;11;2;5;12;25;5;9
65556;2028;10;8;Scotiabank Arena;20434;1;27;4;5;1;1;2;0;0;0;3;2;0;0;1156;6032;1100;72;68;6;4;20;15;6;7;15;11;25;32;14;13;18;0;11;14;14;0;0;2;0;3;Regular Season;7;34;25;6;0;11;19;14;18;6
66515;2028;10;8;Prudential Center;17449;17;2;5;4;0;2;2;1;0;1;1;2;0;0;340;2413;6254;45;69;8;10;23;26;17;12;12;14;34;30;3;17;8;1;19;15;12;9;0;5;0;4;Regular Season;10;21;8;4;2;3;17;18;16;15
65506;2028;10;8; Arena;20000;154;25;4;2;0;1;3;0;0;1;1;0;0;0;3400;6451;3598;47;46;6;4;28;18;16;14;11;6;17;22;10;8;11;0;6;11;18;0;1;3;0;3;Regular Season;7;21;13;0;6;8;15;6;14;3
65503;2028;10;8;Charles Ponzi Memorial Arena;17967;7;8;1;6;0;1;0;0;0;1;2;3;0;0;430;5430;1425;51;59;13;11;13;23;17;17;8;5;15;34;9;15;11;0;14;21;10;0;0;3;0;4;Regular Season;11;19;19;1;1;5;14;16;17;7
65570;2028;10;8;UBS Arena;15196;14;21;6;3;3;1;2;0;0;1;1;1;0;0;5873;6449;6322;48;70;6;10;34;19;15;9;13;6;21;26;8;12;13;0;13;10;13;0;1;5;0;3;Regular Season;5;24;9;4;6;19;22;13;7;9
65512;2028;10;8;Art Hauser Center;14385;23;20;2;1;1;1;0;0;0;1;0;0;0;0;6444;8735;739;55;53;9;7;33;19;12;4;13;6;22;15;11;19;7;0;8;8;15;0;0;1;0;2;Regular Season;4;23;18;7;3;7;24;10;7;5
65551;2028;10;8;The Ranch;18920;3;26;4;3;1;2;1;0;0;3;0;0;0;0;5867;6205;6336;57;58;2;8;24;22;19;10;12;10;23;24;11;18;10;0;19;16;10;0;1;4;0;1;Regular Season;10;18;16;7;6;4;15;18;13;8
65546;2028;10;8;Los Pollos Arena;15295;18;12;5;7;2;2;1;0;0;4;1;2;0;0;916;955;878;78;69;2;4;22;19;8;9;8;8;18;38;12;14;18;0;18;24;10;0;1;2;1;1;Regular Season;20;22;24;7;5;7;16;18;15;13
65497;2028;10;9;Staples Center;0;28;124;0;0;0;0;0;0;0;0;0;0;0;0;;;;0;0;0;0;0;0;0;0;0;0;0;0;0;0;0;0;0;0;0;0;0;0;0;0;Regular Season;0;0;0;0;0;0;0;0;0;0
65515;2028;10;9;T-Mobile Arena;0;30;9;0;0;0;0;0;0;0;0;0;0;0;0;;;;0;0;0;0;0;0;0;0;0;0;0;0;0;0;0;0;0;0;0;0;0;0;0;0;Regular Season;0;0;0;0;0;0;0;0;0;0
65488;2028;10;9;Scott Trade Center;0;10;1;0;0;0;0;0;0;0;0;0;0;0;0;;;;0;0;0;0;0;0;0;0;0;0;0;0;0;0;0;0;0;0;0;0;0;0;0;0;Regular Season;0;0;0;0;0;0;0;0;0;0
65508;2028;10;9;Chase Field;0;20;152;0;0;0;0;0;0;0;0;0;0;0;0;;;;0;0;0;0;0;0;0;0;0;0;0;0;0;0;0;0;0;0;0;0;0;0;0;0;Regular Season;0;0;0;0;0;0;0;0;0;0
65574;2028;10;10;Rainier Beer Gardens & Arena;0;2;12;0;0;0;0;0;0;0;0;0;0;0;0;;;;0;0;0;0;0;0;0;0;0;0;0;0;0;0;0;0;0;0;0;0;0;0;0;0;Regular Season;0;0;0;0;0;0;0;0;0;0
65530;2028;10;10;Quack Den;0;24;30;0;0;0;0;0;0;0;0;0;0;0;0;;;;0;0;0;0;0;0;0;0;0;0;0;0;0;0;0;0;0;0;0;0;0;0;0;0;Regular Season;0;0;0;0;0;0;0;0;0;0
65561;2028;10;10;Art Hauser Center;0;23;21;0;0;0;0;0;0;0;0;0;0;0;0;;;;0;0;0;0;0;0;0;0;0;0;0;0;0;0;0;0;0;0;0;0;0;0;0;0;Regular Season;0;0;0;0;0;0;0;0;0;0
65507;2028;10;10;Lalo Salamanca Center;0;124;154;0;0;0;0;0;0;0;0;0;0;0;0;;;;0;0;0;0;0;0;0;0;0;0;0;0;0;0;0;0;0;0;0;0;0;0;0;0;Regular Season;0;0;0;0;0;0;0;0;0;0
65495;2028;10;10;Los Pollos Arena;0;18;8;0;0;0;0;0;0;0;0;0;0;0;0;;;;0;0;0;0;0;0;0;0;0;0;0;0;0;0;0;0;0;0;0;0;0;0;0;0;Regular Season;0;0;0;0;0;0;0;0;0;0
66566;2028;10;10;State Farm Arena;0;31;17;0;0;0;0;0;0;0;0;0;0;0;0;;;;0;0;0;0;0;0;0;0;0;0;0;0;0;0;0;0;0;0;0;0;0;0;0;0;Regular Season;0;0;0;0;0;0;0;0;0;0
65509;2028;10;10;Staples Center;0;28;19;0;0;0;0;0;0;0;0;0;0;0;0;;;;0;0;0;0;0;0;0;0;0;0;0;0;0;0;0;0;0;0;0;0;0;0;0;0;Regular Season;0;0;0;0;0;0;0;0;0;0
65527;2028;10;10;Bell Centre;0;0;14;0;0;0;0;0;0;0;0;0;0;0;0;;;;0;0;0;0;0;0;0;0;0;0;0;0;0;0;0;0;0;0;0;0;0;0;0;0;Regular Season;0;0;0;0;0;0;0;0;0;0
65539;2028;10;11;Chase Field;0;20;9;0;0;0;0;0;0;0;0;0;0;0;0;;;;0;0;0;0;0;0;0;0;0;0;0;0;0;0;0;0;0;0;0;0;0;0;0;0;Regular Season;0;0;0;0;0;0;0;0;0;0
65524;2028;10;11;Bell Centre;0;0;27;0;0;0;0;0;0;0;0;0;0;0;0;;;;0;0;0;0;0;0;0;0;0;0;0;0;0;0;0;0;0;0;0;0;0;0;0;0;Regular Season;0;0;0;0;0;0;0;0;0;0
65568;2028;10;11;Gazprom Fairgrounds;0;8;31;0;0;0;0;0;0;0;0;0;0;0;0;;;;0;0;0;0;0;0;0;0;0;0;0;0;0;0;0;0;0;0;0;0;0;0;0;0;Regular Season;0;0;0;0;0;0;0;0;0;0
65492;2028;10;11;Charles Ponzi Memorial Arena;0;7;19;0;0;0;0;0;0;0;0;0;0;0;0;;;;0;0;0;0;0;0;0;0;0;0;0;0;0;0;0;0;0;0;0;0;0;0;0;0;Regular Season;0;0;0;0;0;0;0;0;0;0
65573;2028;10;11;Scotiabank Arena;0;1;25;0;0;0;0;0;0;0;0;0;0;0;0;;;;0;0;0;0;0;0;0;0;0;0;0;0;0;0;0;0;0;0;0;0;0;0;0;0;Regular Season;0;0;0;0;0;0;0;0;0;0
65588;2028;10;12;Prudential Center;0;17;18;0;0;0;0;0;0;0;0;0;0;0;0;;;;0;0;0;0;0;0;0;0;0;0;0;0;0;0;0;0;0;0;0;0;0;0;0;0;Regular Season;0;0;0;0;0;0;0;0;0;0
65548;2028;10;12;Quack Den;0;24;7;0;0;0;0;0;0;0;0;0;0;0;0;;;;0;0;0;0;0;0;0;0;0;0;0;0;0;0;0;0;0;0;0;0;0;0;0;0;Regular Season;0;0;0;0;0;0;0;0;0;0
65545;2028;10;12;Art Hauser Center;0;23;9;0;0;0;0;0;0;0;0;0;0;0;0;;;;0;0;0;0;0;0;0;0;0;0;0;0;0;0;0;0;0;0;0;0;0;0;0;0;Regular Season;0;0;0;0;0;0;0;0;0;0
65520;2028;10;12;T-Mobile Center;0;152;20;0;0;0;0;0;0;0;0;0;0;0;0;;;;0;0;0;0;0;0;0;0;0;0;0;0;0;0;0;0;0;0;0;0;0;0;0;0;Regular Season;0;0;0;0;0;0;0;0;0;0
65533;2028;10;12;BC Ferries Center;0;26;29;0;0;0;0;0;0;0;0;0;0;0;0;;;;0;0;0;0;0;0;0;0;0;0;0;0;0;0;0;0;0;0;0;0;0;0;0;0;Regular Season;0;0;0;0;0;0;0;0;0;0
65510;2028;10;12;UBS Arena;0;14;25;0;0;0;0;0;0;0;0;0;0;0;0;;;;0;0;0;0;0;0;0;0;0;0;0;0;0;0;0;0;0;0;0;0;0;0;0;0;Regular Season;0;0;0;0;0;0;0;0;0;0
65536;2028;10;12;The Ranch;0;3;30;0;0;0;0;0;0;0;0;0;0;0;0;;;;0;0;0;0;0;0;0;0;0;0;0;0;0;0;0;0;0;0;0;0;0;0;0;0;Regular Season;0;0;0;0;0;0;0;0;0;0
65596;2028;10;12;Hell's Paradise;0;27;21;0;0;0;0;0;0;0;0;0;0;0;0;;;;0;0;0;0;0;0;0;0;0;0;0;0;0;0;0;0;0;0;0;0;0;0;0;0;Regular Season;0;0;0;0;0;0;0;0;0;0
65521;2028;10;12; Arena;0;154;10;0;0;0;0;0;0;0;0;0;0;0;0;;;;0;0;0;0;0;0;0;0;0;0;0;0;0;0;0;0;0;0;0;0;0;0;0;0;Regular Season;0;0;0;0;0;0;0;0;0;0
65557;2028;10;13;Gazprom Fairgrounds;0;8;23;0;0;0;0;0;0;0;0;0;0;0;0;;;;0;0;0;0;0;0;0;0;0;0;0;0;0;0;0;0;0;0;0;0;0;0;0;0;Regular Season;0;0;0;0;0;0;0;0;0;0
65493;2028;10;13;Lalo Salamanca Center;0;124;24;0;0;0;0;0;0;0;0;0;0;0;0;;;;0;0;0;0;0;0;0;0;0;0;0;0;0;0;0;0;0;0;0;0;0;0;0;0;Regular Season;0;0;0;0;0;0;0;0;0;0
65490;2028;10;13;Ball Arena;0;19;26;0;0;0;0;0;0;0;0;0;0;0;0;;;;0;0;0;0;0;0;0;0;0;0;0;0;0;0;0;0;0;0;0;0;0;0;0;0;Regular Season;0;0;0;0;0;0;0;0;0;0
65529;2028;10;13;XL Center;0;29;10;0;0;0;0;0;0;0;0;0;0;0;0;;;;0;0;0;0;0;0;0;0;0;0;0;0;0;0;0;0;0;0;0;0;0;0;0;0;Regular Season;0;0;0;0;0;0;0;0;0;0
66549;2028;10;13;Scotiabank Arena;0;1;18;0;0;0;0;0;0;0;0;0;0;0;0;;;;0;0;0;0;0;0;0;0;0;0;0;0;0;0;0;0;0;0;0;0;0;0;0;0;Regular Season;0;0;0;0;0;0;0;0;0;0
65590;2028;10;13;Prudential Center;0;17;12;0;0;0;0;0;0;0;0;0;0;0;0;;;;0;0;0;0;0;0;0;0;0;0;0;0;0;0;0;0;0;0;0;0;0;0;0;0;Regular Season;0;0;0;0;0;0;0;0;0;0
65532;2028;10;13;T-Mobile Center;0;152;31;0;0;0;0;0;0;0;0;0;0;0;0;;;;0;0;0;0;0;0;0;0;0;0;0;0;0;0;0;0;0;0;0;0;0;0;0;0;Regular Season;0;0;0;0;0;0;0;0;0;0
65632;2028;10;14;Xcel Energy Center;0;25;2;0;0;0;0;0;0;0;0;0;0;0;0;;;;0;0;0;0;0;0;0;0;0;0;0;0;0;0;0;0;0;0;0;0;0;0;0;0;Regular Season;0;0;0;0;0;0;0;0;0;0
65684;2028;10;14;Rogers Arena;0;12;1;0;0;0;0;0;0;0;0;0;0;0;0;;;;0;0;0;0;0;0;0;0;0;0;0;0;0;0;0;0;0;0;0;0;0;0;0;0;Regular Season;0;0;0;0;0;0;0;0;0;0
65584;2028;10;14;Hell's Paradise;0;27;31;0;0;0;0;0;0;0;0;0;0;0;0;;;;0;0;0;0;0;0;0;0;0;0;0;0;0;0;0;0;0;0;0;0;0;0;0;0;Regular Season;0;0;0;0;0;0;0;0;0;0
66561;2028;10;14;Lalo Salamanca Center;0;124;30;0;0;0;0;0;0;0;0;0;0;0;0;;;;0;0;0;0;0;0;0;0;0;0;0;0;0;0;0;0;0;0;0;0;0;0;0;0;Regular Season;0;0;0;0;0;0;0;0;0;0
65575;2028;10;14;Centre Videotron;0;21;7;0;0;0;0;0;0;0;0;0;0;0;0;;;;0;0;0;0;0;0;0;0;0;0;0;0;0;0;0;0;0;0;0;0;0;0;0;0;Regular Season;0;0;0;0;0;0;0;0;0;0
65555;2028;10;14;The Ranch;0;3;0;0;0;0;0;0;0;0;0;0;0;0;0;;;;0;0;0;0;0;0;0;0;0;0;0;0;0;0;0;0;0;0;0;0;0;0;0;0;Regular Season;0;0;0;0;0;0;0;0;0;0
65528;2028;10;14;UBS Arena;0;14;28;0;0;0;0;0;0;0;0;0;0;0;0;;;;0;0;0;0;0;0;0;0;0;0;0;0;0;0;0;0;0;0;0;0;0;0;0;0;Regular Season;0;0;0;0;0;0;0;0;0;0
66500;2028;10;15;Bell Centre;0;0;10;0;0;0;0;0;0;0;0;0;0;0;0;;;;0;0;0;0;0;0;0;0;0;0;0;0;0;0;0;0;0;0;0;0;0;0;0;0;Regular Season;0;0;0;0;0;0;0;0;0;0
65614;2028;10;15;Prudential Center;0;17;2;0;0;0;0;0;0;0;0;0;0;0;0;;;;0;0;0;0;0;0;0;0;0;0;0;0;0;0;0;0;0;0;0;0;0;0;0;0;Regular Season;0;0;0;0;0;0;0;0;0;0
66559;2028;10;15;Quack Den;0;24;20;0;0;0;0;0;0;0;0;0;0;0;0;;;;0;0;0;0;0;0;0;0;0;0;0;0;0;0;0;0;0;0;0;0;0;0;0;0;Regular Season;0;0;0;0;0;0;0;0;0;0
65625;2028;10;15;BC Ferries Center;0;26;18;0;0;0;0;0;0;0;0;0;0;0;0;;;;0;0;0;0;0;0;0;0;0;0;0;0;0;0;0;0;0;0;0;0;0;0;0;0;Regular Season;0;0;0;0;0;0;0;0;0;0
65562;2028;10;15; Arena;0;154;3;0;0;0;0;0;0;0;0;0;0;0;0;;;;0;0;0;0;0;0;0;0;0;0;0;0;0;0;0;0;0;0;0;0;0;0;0;0;Regular Season;0;0;0;0;0;0;0;0;0;0
65571;2028;10;16;Scott Trade Center;0;10;154;0;0;0;0;0;0;0;0;0;0;0;0;;;;0;0;0;0;0;0;0;0;0;0;0;0;0;0;0;0;0;0;0;0;0;0;0;0;Regular Season;0;0;0;0;0;0;0;0;0;0
65631;2028;10;16;XL Center;0;29;7;0;0;0;0;0;0;0;0;0;0;0;0;;;;0;0;0;0;0;0;0;0;0;0;0;0;0;0;0;0;0;0;0;0;0;0;0;0;Regular Season;0;0;0;0;0;0;0;0;0;0
65595;2028;10;16;Rogers Arena;0;12;31;0;0;0;0;0;0;0;0;0;0;0;0;;;;0;0;0;0;0;0;0;0;0;0;0;0;0;0;0;0;0;0;0;0;0;0;0;0;Regular Season;0;0;0;0;0;0;0;0;0;0
65511;2028;10;16;UBS Arena;0;14;19;0;0;0;0;0;0;0;0;0;0;0;0;;;;0;0;0;0;0;0;0;0;0;0;0;0;0;0;0;0;0;0;0;0;0;0;0;0;Regular Season;0;0;0;0;0;0;0;0;0;0
65674;2028;10;16;Xcel Energy Center;0;25;8;0;0;0;0;0;0;0;0;0;0;0;0;;;;0;0;0;0;0;0;0;0;0;0;0;0;0;0;0;0;0;0;0;0;0;0;0;0;Regular Season;0;0;0;0;0;0;0;0;0;0
65663;2028;10;16;Los Pollos Arena;0;18;20;0;0;0;0;0;0;0;0;0;0;0;0;;;;0;0;0;0;0;0;0;0;0;0;0;0;0;0;0;0;0;0;0;0;0;0;0;0;Regular Season;0;0;0;0;0;0;0;0;0;0
65513;2028;10;16;Prudential Center;0;17;124;0;0;0;0;0;0;0;0;0;0;0;0;;;;0;0;0;0;0;0;0;0;0;0;0;0;0;0;0;0;0;0;0;0;0;0;0;0;Regular Season;0;0;0;0;0;0;0;0;0;0
66044;2028;10;16;Centre Videotron;0;21;1;0;0;0;0;0;0;0;0;0;0;0;0;;;;0;0;0;0;0;0;0;0;0;0;0;0;0;0;0;0;0;0;0;0;0;0;0;0;Regular Season;0;0;0;0;0;0;0;0;0;0
65598;2028;10;17;Rainier Beer Gardens & Arena;0;2;3;0;0;0;0;0;0;0;0;0;0;0;0;;;;0;0;0;0;0;0;0;0;0;0;0;0;0;0;0;0;0;0;0;0;0;0;0;0;Regular Season;0;0;0;0;0;0;0;0;0;0
66501;2028;10;17;Charles Ponzi Memorial Arena;0;7;21;0;0;0;0;0;0;0;0;0;0;0;0;;;;0;0;0;0;0;0;0;0;0;0;0;0;0;0;0;0;0;0;0;0;0;0;0;0;Regular Season;0;0;0;0;0;0;0;0;0;0
65582;2028;10;17;XL Center;0;29;14;0;0;0;0;0;0;0;0;0;0;0;0;;;;0;0;0;0;0;0;0;0;0;0;0;0;0;0;0;0;0;0;0;0;0;0;0;0;Regular Season;0;0;0;0;0;0;0;0;0;0
65523;2028;10;17;Ball Arena;0;19;30;0;0;0;0;0;0;0;0;0;0;0;0;;;;0;0;0;0;0;0;0;0;0;0;0;0;0;0;0;0;0;0;0;0;0;0;0;0;Regular Season;0;0;0;0;0;0;0;0;0;0
65537;2028;10;17;Art Hauser Center;0;23;28;0;0;0;0;0;0;0;0;0;0;0;0;;;;0;0;0;0;0;0;0;0;0;0;0;0;0;0;0;0;0;0;0;0;0;0;0;0;Regular Season;0;0;0;0;0;0;0;0;0;0
65560;2028;10;17;BC Ferries Center;0;26;24;0;0;0;0;0;0;0;0;0;0;0;0;;;;0;0;0;0;0;0;0;0;0;0;0;0;0;0;0;0;0;0;0;0;0;0;0;0;Regular Season;0;0;0;0;0;0;0;0;0;0
65558;2028;10;17;Scotiabank Arena;0;1;9;0;0;0;0;0;0;0;0;0;0;0;0;;;;0;0;0;0;0;0;0;0;0;0;0;0;0;0;0;0;0;0;0;0;0;0;0;0;Regular Season;0;0;0;0;0;0;0;0;0;0
66531;2028;10;18;Prudential Center;0;17;2;0;0;0;0;0;0;0;0;0;0;0;0;;;;0;0;0;0;0;0;0;0;0;0;0;0;0;0;0;0;0;0;0;0;0;0;0;0;Regular Season;0;0;0;0;0;0;0;0;0;0
66581;2028;10;18;Xcel Energy Center;0;25;26;0;0;0;0;0;0;0;0;0;0;0;0;;;;0;0;0;0;0;0;0;0;0;0;0;0;0;0;0;0;0;0;0;0;0;0;0;0;Regular Season;0;0;0;0;0;0;0;0;0;0
65789;2028;10;18;Gazprom Fairgrounds;0;8;18;0;0;0;0;0;0;0;0;0;0;0;0;;;;0;0;0;0;0;0;0;0;0;0;0;0;0;0;0;0;0;0;0;0;0;0;0;0;Regular Season;0;0;0;0;0;0;0;0;0;0
65542;2028;10;18;Rogers Arena;0;12;152;0;0;0;0;0;0;0;0;0;0;0;0;;;;0;0;0;0;0;0;0;0;0;0;0;0;0;0;0;0;0;0;0;0;0;0;0;0;Regular Season;0;0;0;0;0;0;0;0;0;0
65547;2028;10;18;Scott Trade Center;0;10;3;0;0;0;0;0;0;0;0;0;0;0;0;;;;0;0;0;0;0;0;0;0;0;0;0;0;0;0;0;0;0;0;0;0;0;0;0;0;Regular Season;0;0;0;0;0;0;0;0;0;0
65612;2028;10;19;Hell's Paradise;0;27;12;0;0;0;0;0;0;0;0;0;0;0;0;;;;0;0;0;0;0;0;0;0;0;0;0;0;0;0;0;0;0;0;0;0;0;0;0;0;Regular Season;0;0;0;0;0;0;0;0;0;0
65525;2028;10;19;Ball Arena;0;19;21;0;0;0;0;0;0;0;0;0;0;0;0;;;;0;0;0;0;0;0;0;0;0;0;0;0;0;0;0;0;0;0;0;0;0;0;0;0;Regular Season;0;0;0;0;0;0;0;0;0;0
65519;2028;10;19;Lalo Salamanca Center;0;124;23;0;0;0;0;0;0;0;0;0;0;0;0;;;;0;0;0;0;0;0;0;0;0;0;0;0;0;0;0;0;0;0;0;0;0;0;0;0;Regular Season;0;0;0;0;0;0;0;0;0;0
65538;2028;10;19;T-Mobile Arena;0;30;24;0;0;0;0;0;0;0;0;0;0;0;0;;;;0;0;0;0;0;0;0;0;0;0;0;0;0;0;0;0;0;0;0;0;0;0;0;0;Regular Season;0;0;0;0;0;0;0;0;0;0
65565;2028;10;19;State Farm Arena;0;31;28;0;0;0;0;0;0;0;0;0;0;0;0;;;;0;0;0;0;0;0;0;0;0;0;0;0;0;0;0;0;0;0;0;0;0;0;0;0;Regular Season;0;0;0;0;0;0;0;0;0;0
65683;2028;10;19;Prudential Center;0;17;29;0;0;0;0;0;0;0;0;0;0;0;0;;;;0;0;0;0;0;0;0;0;0;0;0;0;0;0;0;0;0;0;0;0;0;0;0;0;Regular Season;0;0;0;0;0;0;0;0;0;0
65544;2028;10;19;T-Mobile Center;0;152;0;0;0;0;0;0;0;0;0;0;0;0;0;;;;0;0;0;0;0;0;0;0;0;0;0;0;0;0;0;0;0;0;0;0;0;0;0;0;Regular Season;0;0;0;0;0;0;0;0;0;0
65566;2028;10;19; Arena;0;154;9;0;0;0;0;0;0;0;0;0;0;0;0;;;;0;0;0;0;0;0;0;0;0;0;0;0;0;0;0;0;0;0;0;0;0;0;0;0;Regular Season;0;0;0;0;0;0;0;0;0;0
66578;2028;10;19;Gazprom Fairgrounds;0;8;14;0;0;0;0;0;0;0;0;0;0;0;0;;;;0;0;0;0;0;0;0;0;0;0;0;0;0;0;0;0;0;0;0;0;0;0;0;0;Regular Season;0;0;0;0;0;0;0;0;0;0
65681;2028;10;20;The Ranch;0;3;25;0;0;0;0;0;0;0;0;0;0;0;0;;;;0;0;0;0;0;0;0;0;0;0;0;0;0;0;0;0;0;0;0;0;0;0;0;0;Regular Season;0;0;0;0;0;0;0;0;0;0
65567;2028;10;20;Bell Centre;0;0;26;0;0;0;0;0;0;0;0;0;0;0;0;;;;0;0;0;0;0;0;0;0;0;0;0;0;0;0;0;0;0;0;0;0;0;0;0;0;Regular Season;0;0;0;0;0;0;0;0;0;0
65552;2028;10;20;Quack Den;0;24;14;0;0;0;0;0;0;0;0;0;0;0;0;;;;0;0;0;0;0;0;0;0;0;0;0;0;0;0;0;0;0;0;0;0;0;0;0;0;Regular Season;0;0;0;0;0;0;0;0;0;0
65832;2028;10;20;Centre Videotron;0;21;18;0;0;0;0;0;0;0;0;0;0;0;0;;;;0;0;0;0;0;0;0;0;0;0;0;0;0;0;0;0;0;0;0;0;0;0;0;0;Regular Season;0;0;0;0;0;0;0;0;0;0
65543;2028;10;20;Charles Ponzi Memorial Arena;0;7;28;0;0;0;0;0;0;0;0;0;0;0;0;;;;0;0;0;0;0;0;0;0;0;0;0;0;0;0;0;0;0;0;0;0;0;0;0;0;Regular Season;0;0;0;0;0;0;0;0;0;0
65579;2028;10;20;Chase Field;0;20;154;0;0;0;0;0;0;0;0;0;0;0;0;;;;0;0;0;0;0;0;0;0;0;0;0;0;0;0;0;0;0;0;0;0;0;0;0;0;Regular Season;0;0;0;0;0;0;0;0;0;0
65559;2028;10;20;State Farm Arena;0;31;23;0;0;0;0;0;0;0;0;0;0;0;0;;;;0;0;0;0;0;0;0;0;0;0;0;0;0;0;0;0;0;0;0;0;0;0;0;0;Regular Season;0;0;0;0;0;0;0;0;0;0
65531;2028;10;20;Lalo Salamanca Center;0;124;9;0;0;0;0;0;0;0;0;0;0;0;0;;;;0;0;0;0;0;0;0;0;0;0;0;0;0;0;0;0;0;0;0;0;0;0;0;0;Regular Season;0;0;0;0;0;0;0;0;0;0
65716;2028;10;21;Prudential Center;0;17;1;0;0;0;0;0;0;0;0;0;0;0;0;;;;0;0;0;0;0;0;0;0;0;0;0;0;0;0;0;0;0;0;0;0;0;0;0;0;Regular Season;0;0;0;0;0;0;0;0;0;0
65609;2028;10;21;Rainier Beer Gardens & Arena;0;2;27;0;0;0;0;0;0;0;0;0;0;0;0;;;;0;0;0;0;0;0;0;0;0;0;0;0;0;0;0;0;0;0;0;0;0;0;0;0;Regular Season;0;0;0;0;0;0;0;0;0;0
65618;2028;10;21;BC Ferries Center;0;26;10;0;0;0;0;0;0;0;0;0;0;0;0;;;;0;0;0;0;0;0;0;0;0;0;0;0;0;0;0;0;0;0;0;0;0;0;0;0;Regular Season;0;0;0;0;0;0;0;0;0;0
66553;2028;10;21;XL Center;0;29;18;0;0;0;0;0;0;0;0;0;0;0;0;;;;0;0;0;0;0;0;0;0;0;0;0;0;0;0;0;0;0;0;0;0;0;0;0;0;Regular Season;0;0;0;0;0;0;0;0;0;0
65638;2028;10;22;Gazprom Fairgrounds;0;8;0;0;0;0;0;0;0;0;0;0;0;0;0;;;;0;0;0;0;0;0;0;0;0;0;0;0;0;0;0;0;0;0;0;0;0;0;0;0;Regular Season;0;0;0;0;0;0;0;0;0;0
65581;2028;10;22;Xcel Energy Center;0;25;30;0;0;0;0;0;0;0;0;0;0;0;0;;;;0;0;0;0;0;0;0;0;0;0;0;0;0;0;0;0;0;0;0;0;0;0;0;0;Regular Season;0;0;0;0;0;0;0;0;0;0
65563;2028;10;22;Charles Ponzi Memorial Arena;0;7;152;0;0;0;0;0;0;0;0;0;0;0;0;;;;0;0;0;0;0;0;0;0;0;0;0;0;0;0;0;0;0;0;0;0;0;0;0;0;Regular Season;0;0;0;0;0;0;0;0;0;0
65666;2028;10;22;Hell's Paradise;0;27;2;0;0;0;0;0;0;0;0;0;0;0;0;;;;0;0;0;0;0;0;0;0;0;0;0;0;0;0;0;0;0;0;0;0;0;0;0;0;Regular Season;0;0;0;0;0;0;0;0;0;0
66564;2028;10;22; Arena;0;154;20;0;0;0;0;0;0;0;0;0;0;0;0;;;;0;0;0;0;0;0;0;0;0;0;0;0;0;0;0;0;0;0;0;0;0;0;0;0;Regular Season;0;0;0;0;0;0;0;0;0;0
65682;2028;10;23;Quack Den;0;24;26;0;0;0;0;0;0;0;0;0;0;0;0;;;;0;0;0;0;0;0;0;0;0;0;0;0;0;0;0;0;0;0;0;0;0;0;0;0;Regular Season;0;0;0;0;0;0;0;0;0;0
65597;2028;10;23;PPG Paints Arena;0;9;7;0;0;0;0;0;0;0;0;0;0;0;0;;;;0;0;0;0;0;0;0;0;0;0;0;0;0;0;0;0;0;0;0;0;0;0;0;0;Regular Season;0;0;0;0;0;0;0;0;0;0
65660;2028;10;23;Scott Trade Center;0;10;29;0;0;0;0;0;0;0;0;0;0;0;0;;;;0;0;0;0;0;0;0;0;0;0;0;0;0;0;0;0;0;0;0;0;0;0;0;0;Regular Season;0;0;0;0;0;0;0;0;0;0
65623;2028;10;23;Scotiabank Arena;0;1;31;0;0;0;0;0;0;0;0;0;0;0;0;;;;0;0;0;0;0;0;0;0;0;0;0;0;0;0;0;0;0;0;0;0;0;0;0;0;Regular Season;0;0;0;0;0;0;0;0;0;0
65720;2028;10;23;Prudential Center;0;17;12;0;0;0;0;0;0;0;0;0;0;0;0;;;;0;0;0;0;0;0;0;0;0;0;0;0;0;0;0;0;0;0;0;0;0;0;0;0;Regular Season;0;0;0;0;0;0;0;0;0;0
65672;2028;10;24;XL Center;0;29;2;0;0;0;0;0;0;0;0;0;0;0;0;;;;0;0;0;0;0;0;0;0;0;0;0;0;0;0;0;0;0;0;0;0;0;0;0;0;Regular Season;0;0;0;0;0;0;0;0;0;0
65745;2028;10;24;Gazprom Fairgrounds;0;8;17;0;0;0;0;0;0;0;0;0;0;0;0;;;;0;0;0;0;0;0;0;0;0;0;0;0;0;0;0;0;0;0;0;0;0;0;0;0;Regular Season;0;0;0;0;0;0;0;0;0;0
65703;2028;10;24;Chase Field;0;20;0;0;0;0;0;0;0;0;0;0;0;0;0;;;;0;0;0;0;0;0;0;0;0;0;0;0;0;0;0;0;0;0;0;0;0;0;0;0;Regular Season;0;0;0;0;0;0;0;0;0;0
65589;2028;10;24;Quack Den;0;24;154;0;0;0;0;0;0;0;0;0;0;0;0;;;;0;0;0;0;0;0;0;0;0;0;0;0;0;0;0;0;0;0;0;0;0;0;0;0;Regular Season;0;0;0;0;0;0;0;0;0;0
65569;2028;10;24;Xcel Energy Center;0;25;19;0;0;0;0;0;0;0;0;0;0;0;0;;;;0;0;0;0;0;0;0;0;0;0;0;0;0;0;0;0;0;0;0;0;0;0;0;0;Regular Season;0;0;0;0;0;0;0;0;0;0
65600;2028;10;24;Hell's Paradise;0;27;14;0;0;0;0;0;0;0;0;0;0;0;0;;;;0;0;0;0;0;0;0;0;0;0;0;0;0;0;0;0;0;0;0;0;0;0;0;0;Regular Season;0;0;0;0;0;0;0;0;0;0
65577;2028;10;24;Art Hauser Center;0;23;18;0;0;0;0;0;0;0;0;0;0;0;0;;;;0;0;0;0;0;0;0;0;0;0;0;0;0;0;0;0;0;0;0;0;0;0;0;0;Regular Season;0;0;0;0;0;0;0;0;0;0
65578;2028;10;24;T-Mobile Center;0;152;30;0;0;0;0;0;0;0;0;0;0;0;0;;;;0;0;0;0;0;0;0;0;0;0;0;0;0;0;0;0;0;0;0;0;0;0;0;0;Regular Season;0;0;0;0;0;0;0;0;0;0
65534;2028;10;24;Lalo Salamanca Center;0;124;10;0;0;0;0;0;0;0;0;0;0;0;0;;;;0;0;0;0;0;0;0;0;0;0;0;0;0;0;0;0;0;0;0;0;0;0;0;0;Regular Season;0;0;0;0;0;0;0;0;0;0
65662;2028;10;24;Centre Videotron;0;21;12;0;0;0;0;0;0;0;0;0;0;0;0;;;;0;0;0;0;0;0;0;0;0;0;0;0;0;0;0;0;0;0;0;0;0;0;0;0;Regular Season;0;0;0;0;0;0;0;0;0;0
65621;2028;10;25;The Ranch;0;3;31;0;0;0;0;0;0;0;0;0;0;0;0;;;;0;0;0;0;0;0;0;0;0;0;0;0;0;0;0;0;0;0;0;0;0;0;0;0;Regular Season;0;0;0;0;0;0;0;0;0;0
65586;2028;10;25;Ball Arena;0;19;18;0;0;0;0;0;0;0;0;0;0;0;0;;;;0;0;0;0;0;0;0;0;0;0;0;0;0;0;0;0;0;0;0;0;0;0;0;0;Regular Season;0;0;0;0;0;0;0;0;0;0
65700;2028;10;26;Chase Field;0;20;24;0;0;0;0;0;0;0;0;0;0;0;0;;;;0;0;0;0;0;0;0;0;0;0;0;0;0;0;0;0;0;0;0;0;0;0;0;0;Regular Season;0;0;0;0;0;0;0;0;0;0
65549;2028;10;26;T-Mobile Center;0;152;124;0;0;0;0;0;0;0;0;0;0;0;0;;;;0;0;0;0;0;0;0;0;0;0;0;0;0;0;0;0;0;0;0;0;0;0;0;0;Regular Season;0;0;0;0;0;0;0;0;0;0
65624;2028;10;26;State Farm Arena;0;31;27;0;0;0;0;0;0;0;0;0;0;0;0;;;;0;0;0;0;0;0;0;0;0;0;0;0;0;0;0;0;0;0;0;0;0;0;0;0;Regular Season;0;0;0;0;0;0;0;0;0;0
65580;2028;10;26;Xcel Energy Center;0;25;28;0;0;0;0;0;0;0;0;0;0;0;0;;;;0;0;0;0;0;0;0;0;0;0;0;0;0;0;0;0;0;0;0;0;0;0;0;0;Regular Season;0;0;0;0;0;0;0;0;0;0
65605;2028;10;26;Centre Videotron;0;21;14;0;0;0;0;0;0;0;0;0;0;0;0;;;;0;0;0;0;0;0;0;0;0;0;0;0;0;0;0;0;0;0;0;0;0;0;0;0;Regular Season;0;0;0;0;0;0;0;0;0;0
65615;2028;10;26;Charles Ponzi Memorial Arena;0;7;154;0;0;0;0;0;0;0;0;0;0;0;0;;;;0;0;0;0;0;0;0;0;0;0;0;0;0;0;0;0;0;0;0;0;0;0;0;0;Regular Season;0;0;0;0;0;0;0;0;0;0
66296;2028;10;26;XL Center;0;29;8;0;0;0;0;0;0;0;0;0;0;0;0;;;;0;0;0;0;0;0;0;0;0;0;0;0;0;0;0;0;0;0;0;0;0;0;0;0;Regular Season;0;0;0;0;0;0;0;0;0;0
65721;2028;10;26;Bell Centre;0;0;12;0;0;0;0;0;0;0;0;0;0;0;0;;;;0;0;0;0;0;0;0;0;0;0;0;0;0;0;0;0;0;0;0;0;0;0;0;0;Regular Season;0;0;0;0;0;0;0;0;0;0
65585;2028;10;26;T-Mobile Arena;0;30;9;0;0;0;0;0;0;0;0;0;0;0;0;;;;0;0;0;0;0;0;0;0;0;0;0;0;0;0;0;0;0;0;0;0;0;0;0;0;Regular Season;0;0;0;0;0;0;0;0;0;0
65576;2028;10;26;Art Hauser Center;0;23;10;0;0;0;0;0;0;0;0;0;0;0;0;;;;0;0;0;0;0;0;0;0;0;0;0;0;0;0;0;0;0;0;0;0;0;0;0;0;Regular Season;0;0;0;0;0;0;0;0;0;0
65626;2028;10;26;Scotiabank Arena;0;1;3;0;0;0;0;0;0;0;0;0;0;0;0;;;;0;0;0;0;0;0;0;0;0;0;0;0;0;0;0;0;0;0;0;0;0;0;0;0;Regular Season;0;0;0;0;0;0;0;0;0;0
65668;2028;10;27;XL Center;0;29;27;0;0;0;0;0;0;0;0;0;0;0;0;;;;0;0;0;0;0;0;0;0;0;0;0;0;0;0;0;0;0;0;0;0;0;0;0;0;Regular Season;0;0;0;0;0;0;0;0;0;0
65594;2028;10;27;Staples Center;0;28;23;0;0;0;0;0;0;0;0;0;0;0;0;;;;0;0;0;0;0;0;0;0;0;0;0;0;0;0;0;0;0;0;0;0;0;0;0;0;Regular Season;0;0;0;0;0;0;0;0;0;0
65780;2028;10;27;Chase Field;0;20;17;0;0;0;0;0;0;0;0;0;0;0;0;;;;0;0;0;0;0;0;0;0;0;0;0;0;0;0;0;0;0;0;0;0;0;0;0;0;Regular Season;0;0;0;0;0;0;0;0;0;0
65550;2028;10;27;BC Ferries Center;0;26;152;0;0;0;0;0;0;0;0;0;0;0;0;;;;0;0;0;0;0;0;0;0;0;0;0;0;0;0;0;0;0;0;0;0;0;0;0;0;Regular Season;0;0;0;0;0;0;0;0;0;0
65693;2028;10;27;Xcel Energy Center;0;25;8;0;0;0;0;0;0;0;0;0;0;0;0;;;;0;0;0;0;0;0;0;0;0;0;0;0;0;0;0;0;0;0;0;0;0;0;0;0;Regular Season;0;0;0;0;0;0;0;0;0;0
66512;2028;10;27;Los Pollos Arena;0;18;7;0;0;0;0;0;0;0;0;0;0;0;0;;;;0;0;0;0;0;0;0;0;0;0;0;0;0;0;0;0;0;0;0;0;0;0;0;0;Regular Season;0;0;0;0;0;0;0;0;0;0
65645;2028;10;27;Lalo Salamanca Center;0;124;21;0;0;0;0;0;0;0;0;0;0;0;0;;;;0;0;0;0;0;0;0;0;0;0;0;0;0;0;0;0;0;0;0;0;0;0;0;0;Regular Season;0;0;0;0;0;0;0;0;0;0
65675;2028;10;27;Rainier Beer Gardens & Arena;0;2;154;0;0;0;0;0;0;0;0;0;0;0;0;;;;0;0;0;0;0;0;0;0;0;0;0;0;0;0;0;0;0;0;0;0;0;0;0;0;Regular Season;0;0;0;0;0;0;0;0;0;0
65587;2028;10;27;Ball Arena;0;19;1;0;0;0;0;0;0;0;0;0;0;0;0;;;;0;0;0;0;0;0;0;0;0;0;0;0;0;0;0;0;0;0;0;0;0;0;0;0;Regular Season;0;0;0;0;0;0;0;0;0;0
65821;2028;10;28;Bell Centre;0;0;2;0;0;0;0;0;0;0;0;0;0;0;0;;;;0;0;0;0;0;0;0;0;0;0;0;0;0;0;0;0;0;0;0;0;0;0;0;0;Regular Season;0;0;0;0;0;0;0;0;0;0
65583;2028;10;28;Los Pollos Arena;0;18;30;0;0;0;0;0;0;0;0;0;0;0;0;;;;0;0;0;0;0;0;0;0;0;0;0;0;0;0;0;0;0;0;0;0;0;0;0;0;Regular Season;0;0;0;0;0;0;0;0;0;0
65657;2028;10;28;BC Ferries Center;0;26;3;0;0;0;0;0;0;0;0;0;0;0;0;;;;0;0;0;0;0;0;0;0;0;0;0;0;0;0;0;0;0;0;0;0;0;0;0;0;Regular Season;0;0;0;0;0;0;0;0;0;0
65773;2028;10;28;Ball Arena;0;19;31;0;0;0;0;0;0;0;0;0;0;0;0;;;;0;0;0;0;0;0;0;0;0;0;0;0;0;0;0;0;0;0;0;0;0;0;0;0;Regular Season;0;0;0;0;0;0;0;0;0;0
65646;2028;10;28;PPG Paints Arena;0;9;14;0;0;0;0;0;0;0;0;0;0;0;0;;;;0;0;0;0;0;0;0;0;0;0;0;0;0;0;0;0;0;0;0;0;0;0;0;0;Regular Season;0;0;0;0;0;0;0;0;0;0
65619;2028;10;29;Charles Ponzi Memorial Arena;0;7;28;0;0;0;0;0;0;0;0;0;0;0;0;;;;0;0;0;0;0;0;0;0;0;0;0;0;0;0;0;0;0;0;0;0;0;0;0;0;Regular Season;0;0;0;0;0;0;0;0;0;0
66516;2028;10;29;Prudential Center;0;17;8;0;0;0;0;0;0;0;0;0;0;0;0;;;;0;0;0;0;0;0;0;0;0;0;0;0;0;0;0;0;0;0;0;0;0;0;0;0;Regular Season;0;0;0;0;0;0;0;0;0;0
65658;2028;10;30;Chase Field;0;20;26;0;0;0;0;0;0;0;0;0;0;0;0;;;;0;0;0;0;0;0;0;0;0;0;0;0;0;0;0;0;0;0;0;0;0;0;0;0;Regular Season;0;0;0;0;0;0;0;0;0;0
66020;2028;10;30;UBS Arena;0;14;8;0;0;0;0;0;0;0;0;0;0;0;0;;;;0;0;0;0;0;0;0;0;0;0;0;0;0;0;0;0;0;0;0;0;0;0;0;0;Regular Season;0;0;0;0;0;0;0;0;0;0
65630;2028;10;30;Scott Trade Center;0;10;1;0;0;0;0;0;0;0;0;0;0;0;0;;;;0;0;0;0;0;0;0;0;0;0;0;0;0;0;0;0;0;0;0;0;0;0;0;0;Regular Season;0;0;0;0;0;0;0;0;0;0
65627;2028;10;30;The Ranch;0;3;7;0;0;0;0;0;0;0;0;0;0;0;0;;;;0;0;0;0;0;0;0;0;0;0;0;0;0;0;0;0;0;0;0;0;0;0;0;0;Regular Season;0;0;0;0;0;0;0;0;0;0
65620;2028;10;30;Bell Centre;0;0;28;0;0;0;0;0;0;0;0;0;0;0;0;;;;0;0;0;0;0;0;0;0;0;0;0;0;0;0;0;0;0;0;0;0;0;0;0;0;Regular Season;0;0;0;0;0;0;0;0;0;0
65572;2028;10;30;Ball Arena;0;19;23;0;0;0;0;0;0;0;0;0;0;0;0;;;;0;0;0;0;0;0;0;0;0;0;0;0;0;0;0;0;0;0;0;0;0;0;0;0;Regular Season;0;0;0;0;0;0;0;0;0;0
65651;2028;10;30;State Farm Arena;0;31;154;0;0;0;0;0;0;0;0;0;0;0;0;;;;0;0;0;0;0;0;0;0;0;0;0;0;0;0;0;0;0;0;0;0;0;0;0;0;Regular Season;0;0;0;0;0;0;0;0;0;0
66086;2028;10;30;Xcel Energy Center;0;25;2;0;0;0;0;0;0;0;0;0;0;0;0;;;;0;0;0;0;0;0;0;0;0;0;0;0;0;0;0;0;0;0;0;0;0;0;0;0;Regular Season;0;0;0;0;0;0;0;0;0;0
65699;2028;10;31;Centre Videotron;0;21;24;0;0;0;0;0;0;0;0;0;0;0;0;;;;0;0;0;0;0;0;0;0;0;0;0;0;0;0;0;0;0;0;0;0;0;0;0;0;Regular Season;0;0;0;0;0;0;0;0;0;0
65712;2028;10;31;BC Ferries Center;0;26;25;0;0;0;0;0;0;0;0;0;0;0;0;;;;0;0;0;0;0;0;0;0;0;0;0;0;0;0;0;0;0;0;0;0;0;0;0;0;Regular Season;0;0;0;0;0;0;0;0;0;0
65729;2028;10;31;XL Center;0;29;154;0;0;0;0;0;0;0;0;0;0;0;0;;;;0;0;0;0;0;0;0;0;0;0;0;0;0;0;0;0;0;0;0;0;0;0;0;0;Regular Season;0;0;0;0;0;0;0;0;0;0
65671;2028;10;31;Chase Field;0;20;31;0;0;0;0;0;0;0;0;0;0;0;0;;;;0;0;0;0;0;0;0;0;0;0;0;0;0;0;0;0;0;0;0;0;0;0;0;0;Regular Season;0;0;0;0;0;0;0;0;0;0
65608;2028;10;31;PPG Paints Arena;0;9;18;0;0;0;0;0;0;0;0;0;0;0;0;;;;0;0;0;0;0;0;0;0;0;0;0;0;0;0;0;0;0;0;0;0;0;0;0;0;Regular Season;0;0;0;0;0;0;0;0;0;0
65592;2028;10;31;T-Mobile Arena;0;30;17;0;0;0;0;0;0;0;0;0;0;0;0;;;;0;0;0;0;0;0;0;0;0;0;0;0;0;0;0;0;0;0;0;0;0;0;0;0;Regular Season;0;0;0;0;0;0;0;0;0;0
65601;2028;10;31;Hell's Paradise;0;27;23;0;0;0;0;0;0;0;0;0;0;0;0;;;;0;0;0;0;0;0;0;0;0;0;0;0;0;0;0;0;0;0;0;0;0;0;0;0;Regular Season;0;0;0;0;0;0;0;0;0;0
65650;2028;10;31;Scotiabank Arena;0;1;0;0;0;0;0;0;0;0;0;0;0;0;0;;;;0;0;0;0;0;0;0;0;0;0;0;0;0;0;0;0;0;0;0;0;0;0;0;0;Regular Season;0;0;0;0;0;0;0;0;0;0
65607;2028;10;31;Rogers Arena;0;12;19;0;0;0;0;0;0;0;0;0;0;0;0;;;;0;0;0;0;0;0;0;0;0;0;0;0;0;0;0;0;0;0;0;0;0;0;0;0;Regular Season;0;0;0;0;0;0;0;0;0;0
65553;2028;10;31;T-Mobile Center;0;152;124;0;0;0;0;0;0;0;0;0;0;0;0;;;;0;0;0;0;0;0;0;0;0;0;0;0;0;0;0;0;0;0;0;0;0;0;0;0;Regular Season;0;0;0;0;0;0;0;0;0;0
65633;2028;11;1;Los Pollos Arena;0;18;24;0;0;0;0;0;0;0;0;0;0;0;0;;;;0;0;0;0;0;0;0;0;0;0;0;0;0;0;0;0;0;0;0;0;0;0;0;0;Regular Season;0;0;0;0;0;0;0;0;0;0
66567;2028;11;1;Rainier Beer Gardens & Arena;0;2;8;0;0;0;0;0;0;0;0;0;0;0;0;;;;0;0;0;0;0;0;0;0;0;0;0;0;0;0;0;0;0;0;0;0;0;0;0;0;Regular Season;0;0;0;0;0;0;0;0;0;0
65602;2028;11;2;State Farm Arena;0;31;30;0;0;0;0;0;0;0;0;0;0;0;0;;;;0;0;0;0;0;0;0;0;0;0;0;0;0;0;0;0;0;0;0;0;0;0;0;0;Regular Season;0;0;0;0;0;0;0;0;0;0
65696;2028;11;2;Xcel Energy Center;0;25;29;0;0;0;0;0;0;0;0;0;0;0;0;;;;0;0;0;0;0;0;0;0;0;0;0;0;0;0;0;0;0;0;0;0;0;0;0;0;Regular Season;0;0;0;0;0;0;0;0;0;0
65591;2028;11;2;Art Hauser Center;0;23;152;0;0;0;0;0;0;0;0;0;0;0;0;;;;0;0;0;0;0;0;0;0;0;0;0;0;0;0;0;0;0;0;0;0;0;0;0;0;Regular Season;0;0;0;0;0;0;0;0;0;0
65636;2028;11;2;Rogers Arena;0;12;7;0;0;0;0;0;0;0;0;0;0;0;0;;;;0;0;0;0;0;0;0;0;0;0;0;0;0;0;0;0;0;0;0;0;0;0;0;0;Regular Season;0;0;0;0;0;0;0;0;0;0
65610;2028;11;2;Staples Center;0;28;19;0;0;0;0;0;0;0;0;0;0;0;0;;;;0;0;0;0;0;0;0;0;0;0;0;0;0;0;0;0;0;0;0;0;0;0;0;0;Regular Season;0;0;0;0;0;0;0;0;0;0
65688;2028;11;2; Arena;0;154;124;0;0;0;0;0;0;0;0;0;0;0;0;;;;0;0;0;0;0;0;0;0;0;0;0;0;0;0;0;0;0;0;0;0;0;0;0;0;Regular Season;0;0;0;0;0;0;0;0;0;0
66013;2028;11;2;BC Ferries Center;0;26;17;0;0;0;0;0;0;0;0;0;0;0;0;;;;0;0;0;0;0;0;0;0;0;0;0;0;0;0;0;0;0;0;0;0;0;0;0;0;Regular Season;0;0;0;0;0;0;0;0;0;0
65667;2028;11;2;Hell's Paradise;0;27;9;0;0;0;0;0;0;0;0;0;0;0;0;;;;0;0;0;0;0;0;0;0;0;0;0;0;0;0;0;0;0;0;0;0;0;0;0;0;Regular Season;0;0;0;0;0;0;0;0;0;0
65653;2028;11;2;The Ranch;0;3;14;0;0;0;0;0;0;0;0;0;0;0;0;;;;0;0;0;0;0;0;0;0;0;0;0;0;0;0;0;0;0;0;0;0;0;0;0;0;Regular Season;0;0;0;0;0;0;0;0;0;0
65695;2028;11;3;UBS Arena;0;14;2;0;0;0;0;0;0;0;0;0;0;0;0;;;;0;0;0;0;0;0;0;0;0;0;0;0;0;0;0;0;0;0;0;0;0;0;0;0;Regular Season;0;0;0;0;0;0;0;0;0;0
65629;2028;11;3;Gazprom Fairgrounds;0;8;28;0;0;0;0;0;0;0;0;0;0;0;0;;;;0;0;0;0;0;0;0;0;0;0;0;0;0;0;0;0;0;0;0;0;0;0;0;0;Regular Season;0;0;0;0;0;0;0;0;0;0
65793;2028;11;3;The Ranch;0;3;20;0;0;0;0;0;0;0;0;0;0;0;0;;;;0;0;0;0;0;0;0;0;0;0;0;0;0;0;0;0;0;0;0;0;0;0;0;0;Regular Season;0;0;0;0;0;0;0;0;0;0
65665;2028;11;3;PPG Paints Arena;0;9;24;0;0;0;0;0;0;0;0;0;0;0;0;;;;0;0;0;0;0;0;0;0;0;0;0;0;0;0;0;0;0;0;0;0;0;0;0;0;Regular Season;0;0;0;0;0;0;0;0;0;0
65873;2028;11;3;Centre Videotron;0;21;29;0;0;0;0;0;0;0;0;0;0;0;0;;;;0;0;0;0;0;0;0;0;0;0;0;0;0;0;0;0;0;0;0;0;0;0;0;0;Regular Season;0;0;0;0;0;0;0;0;0;0
65679;2028;11;3;Bell Centre;0;0;27;0;0;0;0;0;0;0;0;0;0;0;0;;;;0;0;0;0;0;0;0;0;0;0;0;0;0;0;0;0;0;0;0;0;0;0;0;0;Regular Season;0;0;0;0;0;0;0;0;0;0
65643;2028;11;3;Charles Ponzi Memorial Arena;0;7;10;0;0;0;0;0;0;0;0;0;0;0;0;;;;0;0;0;0;0;0;0;0;0;0;0;0;0;0;0;0;0;0;0;0;0;0;0;0;Regular Season;0;0;0;0;0;0;0;0;0;0
66569;2028;11;3;Prudential Center;0;17;23;0;0;0;0;0;0;0;0;0;0;0;0;;;;0;0;0;0;0;0;0;0;0;0;0;0;0;0;0;0;0;0;0;0;0;0;0;0;Regular Season;0;0;0;0;0;0;0;0;0;0
66556;2028;11;4;Bell Centre;0;0;24;0;0;0;0;0;0;0;0;0;0;0;0;;;;0;0;0;0;0;0;0;0;0;0;0;0;0;0;0;0;0;0;0;0;0;0;0;0;Regular Season;0;0;0;0;0;0;0;0;0;0
65697;2028;11;4;Lalo Salamanca Center;0;124;8;0;0;0;0;0;0;0;0;0;0;0;0;;;;0;0;0;0;0;0;0;0;0;0;0;0;0;0;0;0;0;0;0;0;0;0;0;0;Regular Season;0;0;0;0;0;0;0;0;0;0
65606;2028;11;4;Centre Videotron;0;21;30;0;0;0;0;0;0;0;0;0;0;0;0;;;;0;0;0;0;0;0;0;0;0;0;0;0;0;0;0;0;0;0;0;0;0;0;0;0;Regular Season;0;0;0;0;0;0;0;0;0;0
65761;2028;11;4;Los Pollos Arena;0;18;2;0;0;0;0;0;0;0;0;0;0;0;0;;;;0;0;0;0;0;0;0;0;0;0;0;0;0;0;0;0;0;0;0;0;0;0;0;0;Regular Season;0;0;0;0;0;0;0;0;0;0
65669;2028;11;4;Scott Trade Center;0;10;12;0;0;0;0;0;0;0;0;0;0;0;0;;;;0;0;0;0;0;0;0;0;0;0;0;0;0;0;0;0;0;0;0;0;0;0;0;0;Regular Season;0;0;0;0;0;0;0;0;0;0
65593;2028;11;4;T-Mobile Center;0;152;1;0;0;0;0;0;0;0;0;0;0;0;0;;;;0;0;0;0;0;0;0;0;0;0;0;0;0;0;0;0;0;0;0;0;0;0;0;0;Regular Season;0;0;0;0;0;0;0;0;0;0
66032;2028;11;5;The Ranch;0;3;27;0;0;0;0;0;0;0;0;0;0;0;0;;;;0;0;0;0;0;0;0;0;0;0;0;0;0;0;0;0;0;0;0;0;0;0;0;0;Regular Season;0;0;0;0;0;0;0;0;0;0
66573;2028;11;5;Chase Field;0;20;12;0;0;0;0;0;0;0;0;0;0;0;0;;;;0;0;0;0;0;0;0;0;0;0;0;0;0;0;0;0;0;0;0;0;0;0;0;0;Regular Season;0;0;0;0;0;0;0;0;0;0
66575;2028;11;5;BC Ferries Center;0;26;30;0;0;0;0;0;0;0;0;0;0;0;0;;;;0;0;0;0;0;0;0;0;0;0;0;0;0;0;0;0;0;0;0;0;0;0;0;0;Regular Season;0;0;0;0;0;0;0;0;0;0
65659;2028;11;6;XL Center;0;29;19;0;0;0;0;0;0;0;0;0;0;0;0;;;;0;0;0;0;0;0;0;0;0;0;0;0;0;0;0;0;0;0;0;0;0;0;0;0;Regular Season;0;0;0;0;0;0;0;0;0;0
65738;2028;11;6;Los Pollos Arena;0;18;14;0;0;0;0;0;0;0;0;0;0;0;0;;;;0;0;0;0;0;0;0;0;0;0;0;0;0;0;0;0;0;0;0;0;0;0;0;0;Regular Season;0;0;0;0;0;0;0;0;0;0
65691;2028;11;6;Xcel Energy Center;0;25;27;0;0;0;0;0;0;0;0;0;0;0;0;;;;0;0;0;0;0;0;0;0;0;0;0;0;0;0;0;0;0;0;0;0;0;0;0;0;Regular Season;0;0;0;0;0;0;0;0;0;0
65751;2028;11;6;BC Ferries Center;0;26;8;0;0;0;0;0;0;0;0;0;0;0;0;;;;0;0;0;0;0;0;0;0;0;0;0;0;0;0;0;0;0;0;0;0;0;0;0;0;Regular Season;0;0;0;0;0;0;0;0;0;0
65652;2028;11;6;Charles Ponzi Memorial Arena;0;7;9;0;0;0;0;0;0;0;0;0;0;0;0;;;;0;0;0;0;0;0;0;0;0;0;0;0;0;0;0;0;0;0;0;0;0;0;0;0;Regular Season;0;0;0;0;0;0;0;0;0;0
66528;2028;11;6;Scott Trade Center;0;10;17;0;0;0;0;0;0;0;0;0;0;0;0;;;;0;0;0;0;0;0;0;0;0;0;0;0;0;0;0;0;0;0;0;0;0;0;0;0;Regular Season;0;0;0;0;0;0;0;0;0;0
65714;2028;11;6;Bell Centre;0;0;31;0;0;0;0;0;0;0;0;0;0;0;0;;;;0;0;0;0;0;0;0;0;0;0;0;0;0;0;0;0;0;0;0;0;0;0;0;0;Regular Season;0;0;0;0;0;0;0;0;0;0
65603;2028;11;6;Art Hauser Center;0;23;3;0;0;0;0;0;0;0;0;0;0;0;0;;;;0;0;0;0;0;0;0;0;0;0;0;0;0;0;0;0;0;0;0;0;0;0;0;0;Regular Season;0;0;0;0;0;0;0;0;0;0
65622;2028;11;6;Quack Den;0;24;152;0;0;0;0;0;0;0;0;0;0;0;0;;;;0;0;0;0;0;0;0;0;0;0;0;0;0;0;0;0;0;0;0;0;0;0;0;0;Regular Season;0;0;0;0;0;0;0;0;0;0
65676;2028;11;7;XL Center;0;29;31;0;0;0;0;0;0;0;0;0;0;0;0;;;;0;0;0;0;0;0;0;0;0;0;0;0;0;0;0;0;0;0;0;0;0;0;0;0;Regular Season;0;0;0;0;0;0;0;0;0;0
65799;2028;11;7; Arena;0;154;18;0;0;0;0;0;0;0;0;0;0;0;0;;;;0;0;0;0;0;0;0;0;0;0;0;0;0;0;0;0;0;0;0;0;0;0;0;0;Regular Season;0;0;0;0;0;0;0;0;0;0
65604;2028;11;7;Rogers Arena;0;12;152;0;0;0;0;0;0;0;0;0;0;0;0;;;;0;0;0;0;0;0;0;0;0;0;0;0;0;0;0;0;0;0;0;0;0;0;0;0;Regular Season;0;0;0;0;0;0;0;0;0;0
65634;2028;11;7;Art Hauser Center;0;23;2;0;0;0;0;0;0;0;0;0;0;0;0;;;;0;0;0;0;0;0;0;0;0;0;0;0;0;0;0;0;0;0;0;0;0;0;0;0;Regular Season;0;0;0;0;0;0;0;0;0;0
65648;2028;11;7;Charles Ponzi Memorial Arena;0;7;21;0;0;0;0;0;0;0;0;0;0;0;0;;;;0;0;0;0;0;0;0;0;0;0;0;0;0;0;0;0;0;0;0;0;0;0;0;0;Regular Season;0;0;0;0;0;0;0;0;0;0
65613;2028;11;7;Xcel Energy Center;0;25;30;0;0;0;0;0;0;0;0;0;0;0;0;;;;0;0;0;0;0;0;0;0;0;0;0;0;0;0;0;0;0;0;0;0;0;0;0;0;Regular Season;0;0;0;0;0;0;0;0;0;0
65664;2028;11;7;Chase Field;0;20;19;0;0;0;0;0;0;0;0;0;0;0;0;;;;0;0;0;0;0;0;0;0;0;0;0;0;0;0;0;0;0;0;0;0;0;0;0;0;Regular Season;0;0;0;0;0;0;0;0;0;0
65936;2028;11;7;Scott Trade Center;0;10;0;0;0;0;0;0;0;0;0;0;0;0;0;;;;0;0;0;0;0;0;0;0;0;0;0;0;0;0;0;0;0;0;0;0;0;0;0;0;Regular Season;0;0;0;0;0;0;0;0;0;0
65656;2028;11;7;Scotiabank Arena;0;1;14;0;0;0;0;0;0;0;0;0;0;0;0;;;;0;0;0;0;0;0;0;0;0;0;0;0;0;0;0;0;0;0;0;0;0;0;0;0;Regular Season;0;0;0;0;0;0;0;0;0;0
65647;2028;11;7;Staples Center;0;28;124;0;0;0;0;0;0;0;0;0;0;0;0;;;;0;0;0;0;0;0;0;0;0;0;0;0;0;0;0;0;0;0;0;0;0;0;0;0;Regular Season;0;0;0;0;0;0;0;0;0;0
65686;2028;11;8;Lalo Salamanca Center;0;124;27;0;0;0;0;0;0;0;0;0;0;0;0;;;;0;0;0;0;0;0;0;0;0;0;0;0;0;0;0;0;0;0;0;0;0;0;0;0;Regular Season;0;0;0;0;0;0;0;0;0;0
66586;2028;11;8; Arena;0;154;12;0;0;0;0;0;0;0;0;0;0;0;0;;;;0;0;0;0;0;0;0;0;0;0;0;0;0;0;0;0;0;0;0;0;0;0;0;0;Regular Season;0;0;0;0;0;0;0;0;0;0
65756;2028;11;9;Scott Trade Center;0;10;21;0;0;0;0;0;0;0;0;0;0;0;0;;;;0;0;0;0;0;0;0;0;0;0;0;0;0;0;0;0;0;0;0;0;0;0;0;0;Regular Season;0;0;0;0;0;0;0;0;0;0
65639;2028;11;9;Staples Center;0;28;20;0;0;0;0;0;0;0;0;0;0;0;0;;;;0;0;0;0;0;0;0;0;0;0;0;0;0;0;0;0;0;0;0;0;0;0;0;0;Regular Season;0;0;0;0;0;0;0;0;0;0
65635;2028;11;9;Art Hauser Center;0;23;14;0;0;0;0;0;0;0;0;0;0;0;0;;;;0;0;0;0;0;0;0;0;0;0;0;0;0;0;0;0;0;0;0;0;0;0;0;0;Regular Season;0;0;0;0;0;0;0;0;0;0
65677;2028;11;9;Scotiabank Arena;0;1;24;0;0;0;0;0;0;0;0;0;0;0;0;;;;0;0;0;0;0;0;0;0;0;0;0;0;0;0;0;0;0;0;0;0;0;0;0;0;Regular Season;0;0;0;0;0;0;0;0;0;0
65611;2028;11;9;Prudential Center;0;17;30;0;0;0;0;0;0;0;0;0;0;0;0;;;;0;0;0;0;0;0;0;0;0;0;0;0;0;0;0;0;0;0;0;0;0;0;0;0;Regular Season;0;0;0;0;0;0;0;0;0;0
66582;2028;11;9;Ball Arena;0;19;27;0;0;0;0;0;0;0;0;0;0;0;0;;;;0;0;0;0;0;0;0;0;0;0;0;0;0;0;0;0;0;0;0;0;0;0;0;0;Regular Season;0;0;0;0;0;0;0;0;0;0
65698;2028;11;9;Xcel Energy Center;0;25;9;0;0;0;0;0;0;0;0;0;0;0;0;;;;0;0;0;0;0;0;0;0;0;0;0;0;0;0;0;0;0;0;0;0;0;0;0;0;Regular Season;0;0;0;0;0;0;0;0;0;0
65722;2028;11;9;BC Ferries Center;0;26;31;0;0;0;0;0;0;0;0;0;0;0;0;;;;0;0;0;0;0;0;0;0;0;0;0;0;0;0;0;0;0;0;0;0;0;0;0;0;Regular Season;0;0;0;0;0;0;0;0;0;0
65769;2028;11;10; Arena;0;154;2;0;0;0;0;0;0;0;0;0;0;0;0;;;;0;0;0;0;0;0;0;0;0;0;0;0;0;0;0;0;0;0;0;0;0;0;0;0;Regular Season;0;0;0;0;0;0;0;0;0;0
65818;2028;11;10;Centre Videotron;0;21;8;0;0;0;0;0;0;0;0;0;0;0;0;;;;0;0;0;0;0;0;0;0;0;0;0;0;0;0;0;0;0;0;0;0;0;0;0;0;Regular Season;0;0;0;0;0;0;0;0;0;0
66572;2028;11;10;BC Ferries Center;0;26;7;0;0;0;0;0;0;0;0;0;0;0;0;;;;0;0;0;0;0;0;0;0;0;0;0;0;0;0;0;0;0;0;0;0;0;0;0;0;Regular Season;0;0;0;0;0;0;0;0;0;0
66587;2028;11;10;T-Mobile Center;0;152;14;0;0;0;0;0;0;0;0;0;0;0;0;;;;0;0;0;0;0;0;0;0;0;0;0;0;0;0;0;0;0;0;0;0;0;0;0;0;Regular Season;0;0;0;0;0;0;0;0;0;0
65709;2028;11;10;Lalo Salamanca Center;0;124;0;0;0;0;0;0;0;0;0;0;0;0;0;;;;0;0;0;0;0;0;0;0;0;0;0;0;0;0;0;0;0;0;0;0;0;0;0;0;Regular Season;0;0;0;0;0;0;0;0;0;0
65616;2028;11;10;T-Mobile Arena;0;30;3;0;0;0;0;0;0;0;0;0;0;0;0;;;;0;0;0;0;0;0;0;0;0;0;0;0;0;0;0;0;0;0;0;0;0;0;0;0;Regular Season;0;0;0;0;0;0;0;0;0;0
65694;2028;11;10;PPG Paints Arena;0;9;20;0;0;0;0;0;0;0;0;0;0;0;0;;;;0;0;0;0;0;0;0;0;0;0;0;0;0;0;0;0;0;0;0;0;0;0;0;0;Regular Season;0;0;0;0;0;0;0;0;0;0
65641;2028;11;10;Ball Arena;0;19;12;0;0;0;0;0;0;0;0;0;0;0;0;;;;0;0;0;0;0;0;0;0;0;0;0;0;0;0;0;0;0;0;0;0;0;0;0;0;Regular Season;0;0;0;0;0;0;0;0;0;0
65723;2028;11;10;Scotiabank Arena;0;1;29;0;0;0;0;0;0;0;0;0;0;0;0;;;;0;0;0;0;0;0;0;0;0;0;0;0;0;0;0;0;0;0;0;0;0;0;0;0;Regular Season;0;0;0;0;0;0;0;0;0;0
65705;2028;11;10;Quack Den;0;24;10;0;0;0;0;0;0;0;0;0;0;0;0;;;;0;0;0;0;0;0;0;0;0;0;0;0;0;0;0;0;0;0;0;0;0;0;0;0;Regular Season;0;0;0;0;0;0;0;0;0;0
65950;2028;11;11;Rogers Arena;0;12;17;0;0;0;0;0;0;0;0;0;0;0;0;;;;0;0;0;0;0;0;0;0;0;0;0;0;0;0;0;0;0;0;0;0;0;0;0;0;Regular Season;0;0;0;0;0;0;0;0;0;0
65617;2028;11;11;T-Mobile Center;0;152;3;0;0;0;0;0;0;0;0;0;0;0;0;;;;0;0;0;0;0;0;0;0;0;0;0;0;0;0;0;0;0;0;0;0;0;0;0;0;Regular Season;0;0;0;0;0;0;0;0;0;0
65687;2028;11;11;Hell's Paradise;0;27;18;0;0;0;0;0;0;0;0;0;0;0;0;;;;0;0;0;0;0;0;0;0;0;0;0;0;0;0;0;0;0;0;0;0;0;0;0;0;Regular Season;0;0;0;0;0;0;0;0;0;0
65654;2028;11;11;Rainier Beer Gardens & Arena;0;2;28;0;0;0;0;0;0;0;0;0;0;0;0;;;;0;0;0;0;0;0;0;0;0;0;0;0;0;0;0;0;0;0;0;0;0;0;0;0;Regular Season;0;0;0;0;0;0;0;0;0;0
65801;2028;11;11;Charles Ponzi Memorial Arena;0;7;154;0;0;0;0;0;0;0;0;0;0;0;0;;;;0;0;0;0;0;0;0;0;0;0;0;0;0;0;0;0;0;0;0;0;0;0;0;0;Regular Season;0;0;0;0;0;0;0;0;0;0
66222;2028;11;12;PPG Paints Arena;0;9;1;0;0;0;0;0;0;0;0;0;0;0;0;;;;0;0;0;0;0;0;0;0;0;0;0;0;0;0;0;0;0;0;0;0;0;0;0;0;Regular Season;0;0;0;0;0;0;0;0;0;0
65829;2028;11;12;BC Ferries Center;0;26;8;0;0;0;0;0;0;0;0;0;0;0;0;;;;0;0;0;0;0;0;0;0;0;0;0;0;0;0;0;0;0;0;0;0;0;0;0;0;Regular Season;0;0;0;0;0;0;0;0;0;0
65670;2028;11;13;Ball Arena;0;19;24;0;0;0;0;0;0;0;0;0;0;0;0;;;;0;0;0;0;0;0;0;0;0;0;0;0;0;0;0;0;0;0;0;0;0;0;0;0;Regular Season;0;0;0;0;0;0;0;0;0;0
65846;2028;11;13;UBS Arena;0;14;0;0;0;0;0;0;0;0;0;0;0;0;0;;;;0;0;0;0;0;0;0;0;0;0;0;0;0;0;0;0;0;0;0;0;0;0;0;0;Regular Season;0;0;0;0;0;0;0;0;0;0
65730;2028;11;13;Charles Ponzi Memorial Arena;0;7;20;0;0;0;0;0;0;0;0;0;0;0;0;;;;0;0;0;0;0;0;0;0;0;0;0;0;0;0;0;0;0;0;0;0;0;0;0;0;Regular Season;0;0;0;0;0;0;0;0;0;0
65661;2028;11;13;T-Mobile Center;0;152;29;0;0;0;0;0;0;0;0;0;0;0;0;;;;0;0;0;0;0;0;0;0;0;0;0;0;0;0;0;0;0;0;0;0;0;0;0;0;Regular Season;0;0;0;0;0;0;0;0;0;0
65685;2028;11;13;The Ranch;0;3;27;0;0;0;0;0;0;0;0;0;0;0;0;;;;0;0;0;0;0;0;0;0;0;0;0;0;0;0;0;0;0;0;0;0;0;0;0;0;Regular Season;0;0;0;0;0;0;0;0;0;0
65628;2028;11;13;Scott Trade Center;0;10;30;0;0;0;0;0;0;0;0;0;0;0;0;;;;0;0;0;0;0;0;0;0;0;0;0;0;0;0;0;0;0;0;0;0;0;0;0;0;Regular Season;0;0;0;0;0;0;0;0;0;0
65747;2028;11;13;Scotiabank Arena;0;1;12;0;0;0;0;0;0;0;0;0;0;0;0;;;;0;0;0;0;0;0;0;0;0;0;0;0;0;0;0;0;0;0;0;0;0;0;0;0;Regular Season;0;0;0;0;0;0;0;0;0;0
65708;2028;11;14;Quack Den;0;24;9;0;0;0;0;0;0;0;0;0;0;0;0;;;;0;0;0;0;0;0;0;0;0;0;0;0;0;0;0;0;0;0;0;0;0;0;0;0;Regular Season;0;0;0;0;0;0;0;0;0;0
65644;2028;11;14;T-Mobile Center;0;152;21;0;0;0;0;0;0;0;0;0;0;0;0;;;;0;0;0;0;0;0;0;0;0;0;0;0;0;0;0;0;0;0;0;0;0;0;0;0;Regular Season;0;0;0;0;0;0;0;0;0;0
65673;2028;11;14;Rainier Beer Gardens & Arena;0;2;19;0;0;0;0;0;0;0;0;0;0;0;0;;;;0;0;0;0;0;0;0;0;0;0;0;0;0;0;0;0;0;0;0;0;0;0;0;0;Regular Season;0;0;0;0;0;0;0;0;0;0
65731;2028;11;14;Bell Centre;0;0;3;0;0;0;0;0;0;0;0;0;0;0;0;;;;0;0;0;0;0;0;0;0;0;0;0;0;0;0;0;0;0;0;0;0;0;0;0;0;Regular Season;0;0;0;0;0;0;0;0;0;0
65758;2028;11;14;Chase Field;0;20;154;0;0;0;0;0;0;0;0;0;0;0;0;;;;0;0;0;0;0;0;0;0;0;0;0;0;0;0;0;0;0;0;0;0;0;0;0;0;Regular Season;0;0;0;0;0;0;0;0;0;0
65692;2028;11;14;Gazprom Fairgrounds;0;8;28;0;0;0;0;0;0;0;0;0;0;0;0;;;;0;0;0;0;0;0;0;0;0;0;0;0;0;0;0;0;0;0;0;0;0;0;0;0;Regular Season;0;0;0;0;0;0;0;0;0;0
65713;2028;11;14;Lalo Salamanca Center;0;124;27;0;0;0;0;0;0;0;0;0;0;0;0;;;;0;0;0;0;0;0;0;0;0;0;0;0;0;0;0;0;0;0;0;0;0;0;0;0;Regular Season;0;0;0;0;0;0;0;0;0;0
65725;2028;11;14;State Farm Arena;0;31;26;0;0;0;0;0;0;0;0;0;0;0;0;;;;0;0;0;0;0;0;0;0;0;0;0;0;0;0;0;0;0;0;0;0;0;0;0;0;Regular Season;0;0;0;0;0;0;0;0;0;0
66010;2028;11;14;Los Pollos Arena;0;18;10;0;0;0;0;0;0;0;0;0;0;0;0;;;;0;0;0;0;0;0;0;0;0;0;0;0;0;0;0;0;0;0;0;0;0;0;0;0;Regular Season;0;0;0;0;0;0;0;0;0;0
65637;2028;11;14;Art Hauser Center;0;23;29;0;0;0;0;0;0;0;0;0;0;0;0;;;;0;0;0;0;0;0;0;0;0;0;0;0;0;0;0;0;0;0;0;0;0;0;0;0;Regular Season;0;0;0;0;0;0;0;0;0;0
65977;2028;11;14;UBS Arena;0;14;17;0;0;0;0;0;0;0;0;0;0;0;0;;;;0;0;0;0;0;0;0;0;0;0;0;0;0;0;0;0;0;0;0;0;0;0;0;0;Regular Season;0;0;0;0;0;0;0;0;0;0
65727;2028;11;14;Xcel Energy Center;0;25;7;0;0;0;0;0;0;0;0;0;0;0;0;;;;0;0;0;0;0;0;0;0;0;0;0;0;0;0;0;0;0;0;0;0;0;0;0;0;Regular Season;0;0;0;0;0;0;0;0;0;0
65887;2028;11;15; Arena;0;154;26;0;0;0;0;0;0;0;0;0;0;0;0;;;;0;0;0;0;0;0;0;0;0;0;0;0;0;0;0;0;0;0;0;0;0;0;0;0;Regular Season;0;0;0;0;0;0;0;0;0;0
65680;2028;11;16;Staples Center;0;28;29;0;0;0;0;0;0;0;0;0;0;0;0;;;;0;0;0;0;0;0;0;0;0;0;0;0;0;0;0;0;0;0;0;0;0;0;0;0;Regular Season;0;0;0;0;0;0;0;0;0;0
65728;2028;11;16;Hell's Paradise;0;27;0;0;0;0;0;0;0;0;0;0;0;0;0;;;;0;0;0;0;0;0;0;0;0;0;0;0;0;0;0;0;0;0;0;0;0;0;0;0;Regular Season;0;0;0;0;0;0;0;0;0;0
65724;2028;11;16;Lalo Salamanca Center;0;124;31;0;0;0;0;0;0;0;0;0;0;0;0;;;;0;0;0;0;0;0;0;0;0;0;0;0;0;0;0;0;0;0;0;0;0;0;0;0;Regular Season;0;0;0;0;0;0;0;0;0;0
65760;2028;11;16;PPG Paints Arena;0;9;8;0;0;0;0;0;0;0;0;0;0;0;0;;;;0;0;0;0;0;0;0;0;0;0;0;0;0;0;0;0;0;0;0;0;0;0;0;0;Regular Season;0;0;0;0;0;0;0;0;0;0
65717;2028;11;16;Centre Videotron;0;21;12;0;0;0;0;0;0;0;0;0;0;0;0;;;;0;0;0;0;0;0;0;0;0;0;0;0;0;0;0;0;0;0;0;0;0;0;0;0;Regular Season;0;0;0;0;0;0;0;0;0;0
65640;2028;11;16;Art Hauser Center;0;23;19;0;0;0;0;0;0;0;0;0;0;0;0;;;;0;0;0;0;0;0;0;0;0;0;0;0;0;0;0;0;0;0;0;0;0;0;0;0;Regular Season;0;0;0;0;0;0;0;0;0;0
66128;2028;11;16;Prudential Center;0;17;10;0;0;0;0;0;0;0;0;0;0;0;0;;;;0;0;0;0;0;0;0;0;0;0;0;0;0;0;0;0;0;0;0;0;0;0;0;0;Regular Season;0;0;0;0;0;0;0;0;0;0
65765;2028;11;16;Chase Field;0;20;7;0;0;0;0;0;0;0;0;0;0;0;0;;;;0;0;0;0;0;0;0;0;0;0;0;0;0;0;0;0;0;0;0;0;0;0;0;0;Regular Season;0;0;0;0;0;0;0;0;0;0
65767;2028;11;16;Xcel Energy Center;0;25;18;0;0;0;0;0;0;0;0;0;0;0;0;;;;0;0;0;0;0;0;0;0;0;0;0;0;0;0;0;0;0;0;0;0;0;0;0;0;Regular Season;0;0;0;0;0;0;0;0;0;0
65734;2028;11;17;Rogers Arena;0;12;24;0;0;0;0;0;0;0;0;0;0;0;0;;;;0;0;0;0;0;0;0;0;0;0;0;0;0;0;0;0;0;0;0;0;0;0;0;0;Regular Season;0;0;0;0;0;0;0;0;0;0
66547;2028;11;17;Prudential Center;0;17;10;0;0;0;0;0;0;0;0;0;0;0;0;;;;0;0;0;0;0;0;0;0;0;0;0;0;0;0;0;0;0;0;0;0;0;0;0;0;Regular Season;0;0;0;0;0;0;0;0;0;0
65642;2028;11;17;Rainier Beer Gardens & Arena;0;2;30;0;0;0;0;0;0;0;0;0;0;0;0;;;;0;0;0;0;0;0;0;0;0;0;0;0;0;0;0;0;0;0;0;0;0;0;0;0;Regular Season;0;0;0;0;0;0;0;0;0;0
65940;2028;11;17;UBS Arena;0;14;26;0;0;0;0;0;0;0;0;0;0;0;0;;;;0;0;0;0;0;0;0;0;0;0;0;0;0;0;0;0;0;0;0;0;0;0;0;0;Regular Season;0;0;0;0;0;0;0;0;0;0
65655;2028;11;17;T-Mobile Center;0;152;23;0;0;0;0;0;0;0;0;0;0;0;0;;;;0;0;0;0;0;0;0;0;0;0;0;0;0;0;0;0;0;0;0;0;0;0;0;0;Regular Season;0;0;0;0;0;0;0;0;0;0
65726;2028;11;17;Staples Center;0;28;18;0;0;0;0;0;0;0;0;0;0;0;0;;;;0;0;0;0;0;0;0;0;0;0;0;0;0;0;0;0;0;0;0;0;0;0;0;0;Regular Season;0;0;0;0;0;0;0;0;0;0
65746;2028;11;17;The Ranch;0;3;1;0;0;0;0;0;0;0;0;0;0;0;0;;;;0;0;0;0;0;0;0;0;0;0;0;0;0;0;0;0;0;0;0;0;0;0;0;0;Regular Season;0;0;0;0;0;0;0;0;0;0
65955;2028;11;18;Charles Ponzi Memorial Arena;0;7;152;0;0;0;0;0;0;0;0;0;0;0;0;;;;0;0;0;0;0;0;0;0;0;0;0;0;0;0;0;0;0;0;0;0;0;0;0;0;Regular Season;0;0;0;0;0;0;0;0;0;0
65926;2028;11;18;Gazprom Fairgrounds;0;8;21;0;0;0;0;0;0;0;0;0;0;0;0;;;;0;0;0;0;0;0;0;0;0;0;0;0;0;0;0;0;0;0;0;0;0;0;0;0;Regular Season;0;0;0;0;0;0;0;0;0;0
65845;2028;11;18; Arena;0;154;25;0;0;0;0;0;0;0;0;0;0;0;0;;;;0;0;0;0;0;0;0;0;0;0;0;0;0;0;0;0;0;0;0;0;0;0;0;0;Regular Season;0;0;0;0;0;0;0;0;0;0
65733;2028;11;18;PPG Paints Arena;0;9;31;0;0;0;0;0;0;0;0;0;0;0;0;;;;0;0;0;0;0;0;0;0;0;0;0;0;0;0;0;0;0;0;0;0;0;0;0;0;Regular Season;0;0;0;0;0;0;0;0;0;0
66568;2028;11;19;Los Pollos Arena;0;18;3;0;0;0;0;0;0;0;0;0;0;0;0;;;;0;0;0;0;0;0;0;0;0;0;0;0;0;0;0;0;0;0;0;0;0;0;0;0;Regular Season;0;0;0;0;0;0;0;0;0;0
65706;2028;11;19;T-Mobile Arena;0;30;2;0;0;0;0;0;0;0;0;0;0;0;0;;;;0;0;0;0;0;0;0;0;0;0;0;0;0;0;0;0;0;0;0;0;0;0;0;0;Regular Season;0;0;0;0;0;0;0;0;0;0
66526;2028;11;19;Staples Center;0;28;26;0;0;0;0;0;0;0;0;0;0;0;0;;;;0;0;0;0;0;0;0;0;0;0;0;0;0;0;0;0;0;0;0;0;0;0;0;0;Regular Season;0;0;0;0;0;0;0;0;0;0
65715;2028;11;19;Lalo Salamanca Center;0;124;1;0;0;0;0;0;0;0;0;0;0;0;0;;;;0;0;0;0;0;0;0;0;0;0;0;0;0;0;0;0;0;0;0;0;0;0;0;0;Regular Season;0;0;0;0;0;0;0;0;0;0
65877;2028;11;20;Gazprom Fairgrounds;0;8;20;0;0;0;0;0;0;0;0;0;0;0;0;;;;0;0;0;0;0;0;0;0;0;0;0;0;0;0;0;0;0;0;0;0;0;0;0;0;Regular Season;0;0;0;0;0;0;0;0;0;0
65707;2028;11;20;State Farm Arena;0;31;3;0;0;0;0;0;0;0;0;0;0;0;0;;;;0;0;0;0;0;0;0;0;0;0;0;0;0;0;0;0;0;0;0;0;0;0;0;0;Regular Season;0;0;0;0;0;0;0;0;0;0
66022;2028;11;20;UBS Arena;0;14;154;0;0;0;0;0;0;0;0;0;0;0;0;;;;0;0;0;0;0;0;0;0;0;0;0;0;0;0;0;0;0;0;0;0;0;0;0;0;Regular Season;0;0;0;0;0;0;0;0;0;0
65711;2028;11;20;T-Mobile Arena;0;30;17;0;0;0;0;0;0;0;0;0;0;0;0;;;;0;0;0;0;0;0;0;0;0;0;0;0;0;0;0;0;0;0;0;0;0;0;0;0;Regular Season;0;0;0;0;0;0;0;0;0;0
65917;2028;11;20;Charles Ponzi Memorial Arena;0;7;21;0;0;0;0;0;0;0;0;0;0;0;0;;;;0;0;0;0;0;0;0;0;0;0;0;0;0;0;0;0;0;0;0;0;0;0;0;0;Regular Season;0;0;0;0;0;0;0;0;0;0
65690;2028;11;20;T-Mobile Center;0;152;25;0;0;0;0;0;0;0;0;0;0;0;0;;;;0;0;0;0;0;0;0;0;0;0;0;0;0;0;0;0;0;0;0;0;0;0;0;0;Regular Season;0;0;0;0;0;0;0;0;0;0
65757;2028;11;20;Scotiabank Arena;0;1;9;0;0;0;0;0;0;0;0;0;0;0;0;;;;0;0;0;0;0;0;0;0;0;0;0;0;0;0;0;0;0;0;0;0;0;0;0;0;Regular Season;0;0;0;0;0;0;0;0;0;0
65701;2028;11;20;Quack Den;0;24;23;0;0;0;0;0;0;0;0;0;0;0;0;;;;0;0;0;0;0;0;0;0;0;0;0;0;0;0;0;0;0;0;0;0;0;0;0;0;Regular Season;0;0;0;0;0;0;0;0;0;0
65774;2028;11;21;State Farm Arena;0;31;18;0;0;0;0;0;0;0;0;0;0;0;0;;;;0;0;0;0;0;0;0;0;0;0;0;0;0;0;0;0;0;0;0;0;0;0;0;0;Regular Season;0;0;0;0;0;0;0;0;0;0
65754;2028;11;21;Bell Centre;0;0;29;0;0;0;0;0;0;0;0;0;0;0;0;;;;0;0;0;0;0;0;0;0;0;0;0;0;0;0;0;0;0;0;0;0;0;0;0;0;Regular Season;0;0;0;0;0;0;0;0;0;0
65743;2028;11;21;BC Ferries Center;0;26;28;0;0;0;0;0;0;0;0;0;0;0;0;;;;0;0;0;0;0;0;0;0;0;0;0;0;0;0;0;0;0;0;0;0;0;0;0;0;Regular Season;0;0;0;0;0;0;0;0;0;0
65678;2028;11;21;Art Hauser Center;0;23;12;0;0;0;0;0;0;0;0;0;0;0;0;;;;0;0;0;0;0;0;0;0;0;0;0;0;0;0;0;0;0;0;0;0;0;0;0;0;Regular Season;0;0;0;0;0;0;0;0;0;0
65719;2028;11;21;Ball Arena;0;19;17;0;0;0;0;0;0;0;0;0;0;0;0;;;;0;0;0;0;0;0;0;0;0;0;0;0;0;0;0;0;0;0;0;0;0;0;0;0;Regular Season;0;0;0;0;0;0;0;0;0;0
65802;2028;11;21;Quack Den;0;24;10;0;0;0;0;0;0;0;0;0;0;0;0;;;;0;0;0;0;0;0;0;0;0;0;0;0;0;0;0;0;0;0;0;0;0;0;0;0;Regular Season;0;0;0;0;0;0;0;0;0;0
65771;2028;11;21;Rainier Beer Gardens & Arena;0;2;9;0;0;0;0;0;0;0;0;0;0;0;0;;;;0;0;0;0;0;0;0;0;0;0;0;0;0;0;0;0;0;0;0;0;0;0;0;0;Regular Season;0;0;0;0;0;0;0;0;0;0
65689;2028;11;21; Arena;0;154;152;0;0;0;0;0;0;0;0;0;0;0;0;;;;0;0;0;0;0;0;0;0;0;0;0;0;0;0;0;0;0;0;0;0;0;0;0;0;Regular Season;0;0;0;0;0;0;0;0;0;0
65737;2028;11;21;Centre Videotron;0;21;27;0;0;0;0;0;0;0;0;0;0;0;0;;;;0;0;0;0;0;0;0;0;0;0;0;0;0;0;0;0;0;0;0;0;0;0;0;0;Regular Season;0;0;0;0;0;0;0;0;0;0
65718;2028;11;22;Xcel Energy Center;0;25;29;0;0;0;0;0;0;0;0;0;0;0;0;;;;0;0;0;0;0;0;0;0;0;0;0;0;0;0;0;0;0;0;0;0;0;0;0;0;Regular Season;0;0;0;0;0;0;0;0;0;0
66351;2028;11;22;Charles Ponzi Memorial Arena;0;7;2;0;0;0;0;0;0;0;0;0;0;0;0;;;;0;0;0;0;0;0;0;0;0;0;0;0;0;0;0;0;0;0;0;0;0;0;0;0;Regular Season;0;0;0;0;0;0;0;0;0;0
65816;2028;11;22;UBS Arena;0;14;20;0;0;0;0;0;0;0;0;0;0;0;0;;;;0;0;0;0;0;0;0;0;0;0;0;0;0;0;0;0;0;0;0;0;0;0;0;0;Regular Season;0;0;0;0;0;0;0;0;0;0
65852;2028;11;22;Hell's Paradise;0;27;10;0;0;0;0;0;0;0;0;0;0;0;0;;;;0;0;0;0;0;0;0;0;0;0;0;0;0;0;0;0;0;0;0;0;0;0;0;0;Regular Season;0;0;0;0;0;0;0;0;0;0
65772;2028;11;23;State Farm Arena;0;31;12;0;0;0;0;0;0;0;0;0;0;0;0;;;;0;0;0;0;0;0;0;0;0;0;0;0;0;0;0;0;0;0;0;0;0;0;0;0;Regular Season;0;0;0;0;0;0;0;0;0;0
65775;2028;11;23;Chase Field;0;20;1;0;0;0;0;0;0;0;0;0;0;0;0;;;;0;0;0;0;0;0;0;0;0;0;0;0;0;0;0;0;0;0;0;0;0;0;0;0;Regular Season;0;0;0;0;0;0;0;0;0;0
65732;2028;11;23;Ball Arena;0;19;124;0;0;0;0;0;0;0;0;0;0;0;0;;;;0;0;0;0;0;0;0;0;0;0;0;0;0;0;0;0;0;0;0;0;0;0;0;0;Regular Season;0;0;0;0;0;0;0;0;0;0
65764;2028;11;23;PPG Paints Arena;0;9;25;0;0;0;0;0;0;0;0;0;0;0;0;;;;0;0;0;0;0;0;0;0;0;0;0;0;0;0;0;0;0;0;0;0;0;0;0;0;Regular Season;0;0;0;0;0;0;0;0;0;0
65710;2028;11;23;Art Hauser Center;0;23;26;0;0;0;0;0;0;0;0;0;0;0;0;;;;0;0;0;0;0;0;0;0;0;0;0;0;0;0;0;0;0;0;0;0;0;0;0;0;Regular Season;0;0;0;0;0;0;0;0;0;0
65704;2028;11;23; Arena;0;154;28;0;0;0;0;0;0;0;0;0;0;0;0;;;;0;0;0;0;0;0;0;0;0;0;0;0;0;0;0;0;0;0;0;0;0;0;0;0;Regular Season;0;0;0;0;0;0;0;0;0;0
65753;2028;11;23;Quack Den;0;24;8;0;0;0;0;0;0;0;0;0;0;0;0;;;;0;0;0;0;0;0;0;0;0;0;0;0;0;0;0;0;0;0;0;0;0;0;0;0;Regular Season;0;0;0;0;0;0;0;0;0;0
65770;2028;11;23;T-Mobile Arena;0;30;3;0;0;0;0;0;0;0;0;0;0;0;0;;;;0;0;0;0;0;0;0;0;0;0;0;0;0;0;0;0;0;0;0;0;0;0;0;0;Regular Season;0;0;0;0;0;0;0;0;0;0
65740;2028;11;24;Ball Arena;0;19;2;0;0;0;0;0;0;0;0;0;0;0;0;;;;0;0;0;0;0;0;0;0;0;0;0;0;0;0;0;0;0;0;0;0;0;0;0;0;Regular Season;0;0;0;0;0;0;0;0;0;0
65860;2028;11;24;Hell's Paradise;0;27;29;0;0;0;0;0;0;0;0;0;0;0;0;;;;0;0;0;0;0;0;0;0;0;0;0;0;0;0;0;0;0;0;0;0;0;0;0;0;Regular Season;0;0;0;0;0;0;0;0;0;0
65736;2028;11;24;T-Mobile Arena;0;30;26;0;0;0;0;0;0;0;0;0;0;0;0;;;;0;0;0;0;0;0;0;0;0;0;0;0;0;0;0;0;0;0;0;0;0;0;0;0;Regular Season;0;0;0;0;0;0;0;0;0;0
65824;2028;11;24;Scotiabank Arena;0;1;8;0;0;0;0;0;0;0;0;0;0;0;0;;;;0;0;0;0;0;0;0;0;0;0;0;0;0;0;0;0;0;0;0;0;0;0;0;0;Regular Season;0;0;0;0;0;0;0;0;0;0
65749;2028;11;24;The Ranch;0;3;154;0;0;0;0;0;0;0;0;0;0;0;0;;;;0;0;0;0;0;0;0;0;0;0;0;0;0;0;0;0;0;0;0;0;0;0;0;0;Regular Season;0;0;0;0;0;0;0;0;0;0
65901;2028;11;24;Charles Ponzi Memorial Arena;0;7;0;0;0;0;0;0;0;0;0;0;0;0;0;;;;0;0;0;0;0;0;0;0;0;0;0;0;0;0;0;0;0;0;0;0;0;0;0;0;Regular Season;0;0;0;0;0;0;0;0;0;0
65702;2028;11;24;Lalo Salamanca Center;0;124;152;0;0;0;0;0;0;0;0;0;0;0;0;;;;0;0;0;0;0;0;0;0;0;0;0;0;0;0;0;0;0;0;0;0;0;0;0;0;Regular Season;0;0;0;0;0;0;0;0;0;0
65929;2028;11;24;UBS Arena;0;14;12;0;0;0;0;0;0;0;0;0;0;0;0;;;;0;0;0;0;0;0;0;0;0;0;0;0;0;0;0;0;0;0;0;0;0;0;0;0;Regular Season;0;0;0;0;0;0;0;0;0;0
66258;2028;11;24;Centre Videotron;0;21;10;0;0;0;0;0;0;0;0;0;0;0;0;;;;0;0;0;0;0;0;0;0;0;0;0;0;0;0;0;0;0;0;0;0;0;0;0;0;Regular Season;0;0;0;0;0;0;0;0;0;0
65803;2028;11;25;Rainier Beer Gardens & Arena;0;2;18;0;0;0;0;0;0;0;0;0;0;0;0;;;;0;0;0;0;0;0;0;0;0;0;0;0;0;0;0;0;0;0;0;0;0;0;0;0;Regular Season;0;0;0;0;0;0;0;0;0;0
66585;2028;11;25;Xcel Energy Center;0;25;9;0;0;0;0;0;0;0;0;0;0;0;0;;;;0;0;0;0;0;0;0;0;0;0;0;0;0;0;0;0;0;0;0;0;0;0;0;0;Regular Season;0;0;0;0;0;0;0;0;0;0
66584;2028;11;25;Chase Field;0;20;21;0;0;0;0;0;0;0;0;0;0;0;0;;;;0;0;0;0;0;0;0;0;0;0;0;0;0;0;0;0;0;0;0;0;0;0;0;0;Regular Season;0;0;0;0;0;0;0;0;0;0
65947;2028;11;25;Bell Centre;0;0;14;0;0;0;0;0;0;0;0;0;0;0;0;;;;0;0;0;0;0;0;0;0;0;0;0;0;0;0;0;0;0;0;0;0;0;0;0;0;Regular Season;0;0;0;0;0;0;0;0;0;0
65735;2028;11;26;Lalo Salamanca Center;0;124;17;0;0;0;0;0;0;0;0;0;0;0;0;;;;0;0;0;0;0;0;0;0;0;0;0;0;0;0;0;0;0;0;0;0;0;0;0;0;Regular Season;0;0;0;0;0;0;0;0;0;0
65744;2028;11;26;Los Pollos Arena;0;18;28;0;0;0;0;0;0;0;0;0;0;0;0;;;;0;0;0;0;0;0;0;0;0;0;0;0;0;0;0;0;0;0;0;0;0;0;0;0;Regular Season;0;0;0;0;0;0;0;0;0;0
65798;2028;11;27;XL Center;0;29;3;0;0;0;0;0;0;0;0;0;0;0;0;;;;0;0;0;0;0;0;0;0;0;0;0;0;0;0;0;0;0;0;0;0;0;0;0;0;Regular Season;0;0;0;0;0;0;0;0;0;0
66174;2028;11;27;Rogers Arena;0;12;14;0;0;0;0;0;0;0;0;0;0;0;0;;;;0;0;0;0;0;0;0;0;0;0;0;0;0;0;0;0;0;0;0;0;0;0;0;0;Regular Season;0;0;0;0;0;0;0;0;0;0
66546;2028;11;27;Quack Den;0;24;154;0;0;0;0;0;0;0;0;0;0;0;0;;;;0;0;0;0;0;0;0;0;0;0;0;0;0;0;0;0;0;0;0;0;0;0;0;0;Regular Season;0;0;0;0;0;0;0;0;0;0
65894;2028;11;27;Gazprom Fairgrounds;0;8;1;0;0;0;0;0;0;0;0;0;0;0;0;;;;0;0;0;0;0;0;0;0;0;0;0;0;0;0;0;0;0;0;0;0;0;0;0;0;Regular Season;0;0;0;0;0;0;0;0;0;0
65768;2028;11;27;T-Mobile Center;0;152;17;0;0;0;0;0;0;0;0;0;0;0;0;;;;0;0;0;0;0;0;0;0;0;0;0;0;0;0;0;0;0;0;0;0;0;0;0;0;Regular Season;0;0;0;0;0;0;0;0;0;0
66532;2028;11;27;Centre Videotron;0;21;0;0;0;0;0;0;0;0;0;0;0;0;0;;;;0;0;0;0;0;0;0;0;0;0;0;0;0;0;0;0;0;0;0;0;0;0;0;0;Regular Season;0;0;0;0;0;0;0;0;0;0
65786;2028;11;27;Scott Trade Center;0;10;23;0;0;0;0;0;0;0;0;0;0;0;0;;;;0;0;0;0;0;0;0;0;0;0;0;0;0;0;0;0;0;0;0;0;0;0;0;0;Regular Season;0;0;0;0;0;0;0;0;0;0
65742;2028;11;27;T-Mobile Arena;0;30;19;0;0;0;0;0;0;0;0;0;0;0;0;;;;0;0;0;0;0;0;0;0;0;0;0;0;0;0;0;0;0;0;0;0;0;0;0;0;Regular Season;0;0;0;0;0;0;0;0;0;0
65817;2028;11;27;BC Ferries Center;0;26;2;0;0;0;0;0;0;0;0;0;0;0;0;;;;0;0;0;0;0;0;0;0;0;0;0;0;0;0;0;0;0;0;0;0;0;0;0;0;Regular Season;0;0;0;0;0;0;0;0;0;0
65763;2028;11;28;Gazprom Fairgrounds;0;8;23;0;0;0;0;0;0;0;0;0;0;0;0;;;;0;0;0;0;0;0;0;0;0;0;0;0;0;0;0;0;0;0;0;0;0;0;0;0;Regular Season;0;0;0;0;0;0;0;0;0;0
65912;2028;11;28;Bell Centre;0;0;1;0;0;0;0;0;0;0;0;0;0;0;0;;;;0;0;0;0;0;0;0;0;0;0;0;0;0;0;0;0;0;0;0;0;0;0;0;0;Regular Season;0;0;0;0;0;0;0;0;0;0
65795;2028;11;28;PPG Paints Arena;0;9;29;0;0;0;0;0;0;0;0;0;0;0;0;;;;0;0;0;0;0;0;0;0;0;0;0;0;0;0;0;0;0;0;0;0;0;0;0;0;Regular Season;0;0;0;0;0;0;0;0;0;0
65776;2028;11;28;T-Mobile Arena;0;30;18;0;0;0;0;0;0;0;0;0;0;0;0;;;;0;0;0;0;0;0;0;0;0;0;0;0;0;0;0;0;0;0;0;0;0;0;0;0;Regular Season;0;0;0;0;0;0;0;0;0;0
65806;2028;11;28;Rainier Beer Gardens & Arena;0;2;26;0;0;0;0;0;0;0;0;0;0;0;0;;;;0;0;0;0;0;0;0;0;0;0;0;0;0;0;0;0;0;0;0;0;0;0;0;0;Regular Season;0;0;0;0;0;0;0;0;0;0
65741;2028;11;28;Hell's Paradise;0;27;19;0;0;0;0;0;0;0;0;0;0;0;0;;;;0;0;0;0;0;0;0;0;0;0;0;0;0;0;0;0;0;0;0;0;0;0;0;0;Regular Season;0;0;0;0;0;0;0;0;0;0
65841;2028;11;28; Arena;0;154;21;0;0;0;0;0;0;0;0;0;0;0;0;;;;0;0;0;0;0;0;0;0;0;0;0;0;0;0;0;0;0;0;0;0;0;0;0;0;Regular Season;0;0;0;0;0;0;0;0;0;0
65787;2028;11;28;State Farm Arena;0;31;25;0;0;0;0;0;0;0;0;0;0;0;0;;;;0;0;0;0;0;0;0;0;0;0;0;0;0;0;0;0;0;0;0;0;0;0;0;0;Regular Season;0;0;0;0;0;0;0;0;0;0
65748;2028;11;28;Scott Trade Center;0;10;28;0;0;0;0;0;0;0;0;0;0;0;0;;;;0;0;0;0;0;0;0;0;0;0;0;0;0;0;0;0;0;0;0;0;0;0;0;0;Regular Season;0;0;0;0;0;0;0;0;0;0
65990;2028;11;28;UBS Arena;0;14;7;0;0;0;0;0;0;0;0;0;0;0;0;;;;0;0;0;0;0;0;0;0;0;0;0;0;0;0;0;0;0;0;0;0;0;0;0;0;Regular Season;0;0;0;0;0;0;0;0;0;0
65752;2028;11;29;Lalo Salamanca Center;0;124;28;0;0;0;0;0;0;0;0;0;0;0;0;;;;0;0;0;0;0;0;0;0;0;0;0;0;0;0;0;0;0;0;0;0;0;0;0;0;Regular Season;0;0;0;0;0;0;0;0;0;0
65943;2028;11;29;Prudential Center;0;17;20;0;0;0;0;0;0;0;0;0;0;0;0;;;;0;0;0;0;0;0;0;0;0;0;0;0;0;0;0;0;0;0;0;0;0;0;0;0;Regular Season;0;0;0;0;0;0;0;0;0;0
65831;2028;11;30;Rogers Arena;0;12;9;0;0;0;0;0;0;0;0;0;0;0;0;;;;0;0;0;0;0;0;0;0;0;0;0;0;0;0;0;0;0;0;0;0;0;0;0;0;Regular Season;0;0;0;0;0;0;0;0;0;0
65963;2028;11;30;Chase Field;0;20;8;0;0;0;0;0;0;0;0;0;0;0;0;;;;0;0;0;0;0;0;0;0;0;0;0;0;0;0;0;0;0;0;0;0;0;0;0;0;Regular Season;0;0;0;0;0;0;0;0;0;0
65777;2028;11;30;UBS Arena;0;14;30;0;0;0;0;0;0;0;0;0;0;0;0;;;;0;0;0;0;0;0;0;0;0;0;0;0;0;0;0;0;0;0;0;0;0;0;0;0;Regular Season;0;0;0;0;0;0;0;0;0;0
65797;2028;11;30;Quack Den;0;24;25;0;0;0;0;0;0;0;0;0;0;0;0;;;;0;0;0;0;0;0;0;0;0;0;0;0;0;0;0;0;0;0;0;0;0;0;0;0;Regular Season;0;0;0;0;0;0;0;0;0;0
65750;2028;11;30;Centre Videotron;0;21;19;0;0;0;0;0;0;0;0;0;0;0;0;;;;0;0;0;0;0;0;0;0;0;0;0;0;0;0;0;0;0;0;0;0;0;0;0;0;Regular Season;0;0;0;0;0;0;0;0;0;0
65811;2028;11;30;Los Pollos Arena;0;18;3;0;0;0;0;0;0;0;0;0;0;0;0;;;;0;0;0;0;0;0;0;0;0;0;0;0;0;0;0;0;0;0;0;0;0;0;0;0;Regular Season;0;0;0;0;0;0;0;0;0;0
65762;2028;11;30;Scotiabank Arena;0;1;124;0;0;0;0;0;0;0;0;0;0;0;0;;;;0;0;0;0;0;0;0;0;0;0;0;0;0;0;0;0;0;0;0;0;0;0;0;0;Regular Season;0;0;0;0;0;0;0;0;0;0
65790;2028;11;30;T-Mobile Center;0;152;7;0;0;0;0;0;0;0;0;0;0;0;0;;;;0;0;0;0;0;0;0;0;0;0;0;0;0;0;0;0;0;0;0;0;0;0;0;0;Regular Season;0;0;0;0;0;0;0;0;0;0
65997;2028;11;30; Arena;0;154;0;0;0;0;0;0;0;0;0;0;0;0;0;;;;0;0;0;0;0;0;0;0;0;0;0;0;0;0;0;0;0;0;0;0;0;0;0;0;Regular Season;0;0;0;0;0;0;0;0;0;0
65812;2028;11;30;State Farm Arena;0;31;29;0;0;0;0;0;0;0;0;0;0;0;0;;;;0;0;0;0;0;0;0;0;0;0;0;0;0;0;0;0;0;0;0;0;0;0;0;0;Regular Season;0;0;0;0;0;0;0;0;0;0
65968;2028;12;1;Hell's Paradise;0;27;7;0;0;0;0;0;0;0;0;0;0;0;0;;;;0;0;0;0;0;0;0;0;0;0;0;0;0;0;0;0;0;0;0;0;0;0;0;0;Regular Season;0;0;0;0;0;0;0;0;0;0
65804;2028;12;1;Xcel Energy Center;0;25;3;0;0;0;0;0;0;0;0;0;0;0;0;;;;0;0;0;0;0;0;0;0;0;0;0;0;0;0;0;0;0;0;0;0;0;0;0;0;Regular Season;0;0;0;0;0;0;0;0;0;0
65755;2028;12;1;Staples Center;0;28;10;0;0;0;0;0;0;0;0;0;0;0;0;;;;0;0;0;0;0;0;0;0;0;0;0;0;0;0;0;0;0;0;0;0;0;0;0;0;Regular Season;0;0;0;0;0;0;0;0;0;0
65838;2028;12;1;State Farm Arena;0;31;26;0;0;0;0;0;0;0;0;0;0;0;0;;;;0;0;0;0;0;0;0;0;0;0;0;0;0;0;0;0;0;0;0;0;0;0;0;0;Regular Season;0;0;0;0;0;0;0;0;0;0
65891;2028;12;1; Arena;0;154;24;0;0;0;0;0;0;0;0;0;0;0;0;;;;0;0;0;0;0;0;0;0;0;0;0;0;0;0;0;0;0;0;0;0;0;0;0;0;Regular Season;0;0;0;0;0;0;0;0;0;0
65792;2028;12;2;Art Hauser Center;0;23;20;0;0;0;0;0;0;0;0;0;0;0;0;;;;0;0;0;0;0;0;0;0;0;0;0;0;0;0;0;0;0;0;0;0;0;0;0;0;Regular Season;0;0;0;0;0;0;0;0;0;0
65854;2028;12;2;Rogers Arena;0;12;9;0;0;0;0;0;0;0;0;0;0;0;0;;;;0;0;0;0;0;0;0;0;0;0;0;0;0;0;0;0;0;0;0;0;0;0;0;0;Regular Season;0;0;0;0;0;0;0;0;0;0
65781;2028;12;2;Lalo Salamanca Center;0;124;18;0;0;0;0;0;0;0;0;0;0;0;0;;;;0;0;0;0;0;0;0;0;0;0;0;0;0;0;0;0;0;0;0;0;0;0;0;0;Regular Season;0;0;0;0;0;0;0;0;0;0
65900;2028;12;2;Rainier Beer Gardens & Arena;0;2;21;0;0;0;0;0;0;0;0;0;0;0;0;;;;0;0;0;0;0;0;0;0;0;0;0;0;0;0;0;0;0;0;0;0;0;0;0;0;Regular Season;0;0;0;0;0;0;0;0;0;0
66018;2028;12;3;Hell's Paradise;0;27;0;0;0;0;0;0;0;0;0;0;0;0;0;;;;0;0;0;0;0;0;0;0;0;0;0;0;0;0;0;0;0;0;0;0;0;0;0;0;Regular Season;0;0;0;0;0;0;0;0;0;0
65913;2028;12;3;Quack Den;0;24;17;0;0;0;0;0;0;0;0;0;0;0;0;;;;0;0;0;0;0;0;0;0;0;0;0;0;0;0;0;0;0;0;0;0;0;0;0;0;Regular Season;0;0;0;0;0;0;0;0;0;0
65784;2028;12;3;T-Mobile Center;0;152;2;0;0;0;0;0;0;0;0;0;0;0;0;;;;0;0;0;0;0;0;0;0;0;0;0;0;0;0;0;0;0;0;0;0;0;0;0;0;Regular Season;0;0;0;0;0;0;0;0;0;0
65969;2028;12;4;XL Center;0;29;1;0;0;0;0;0;0;0;0;0;0;0;0;;;;0;0;0;0;0;0;0;0;0;0;0;0;0;0;0;0;0;0;0;0;0;0;0;0;Regular Season;0;0;0;0;0;0;0;0;0;0
65807;2028;12;4;Art Hauser Center;0;23;30;0;0;0;0;0;0;0;0;0;0;0;0;;;;0;0;0;0;0;0;0;0;0;0;0;0;0;0;0;0;0;0;0;0;0;0;0;0;Regular Season;0;0;0;0;0;0;0;0;0;0
65800;2028;12;4;T-Mobile Center;0;152;154;0;0;0;0;0;0;0;0;0;0;0;0;;;;0;0;0;0;0;0;0;0;0;0;0;0;0;0;0;0;0;0;0;0;0;0;0;0;Regular Season;0;0;0;0;0;0;0;0;0;0
65808;2028;12;4;The Ranch;0;3;25;0;0;0;0;0;0;0;0;0;0;0;0;;;;0;0;0;0;0;0;0;0;0;0;0;0;0;0;0;0;0;0;0;0;0;0;0;0;Regular Season;0;0;0;0;0;0;0;0;0;0
66168;2028;12;4;Centre Videotron;0;21;20;0;0;0;0;0;0;0;0;0;0;0;0;;;;0;0;0;0;0;0;0;0;0;0;0;0;0;0;0;0;0;0;0;0;0;0;0;0;Regular Season;0;0;0;0;0;0;0;0;0;0
65835;2028;12;4;PPG Paints Arena;0;9;8;0;0;0;0;0;0;0;0;0;0;0;0;;;;0;0;0;0;0;0;0;0;0;0;0;0;0;0;0;0;0;0;0;0;0;0;0;0;Regular Season;0;0;0;0;0;0;0;0;0;0
65849;2028;12;4;BC Ferries Center;0;26;0;0;0;0;0;0;0;0;0;0;0;0;0;;;;0;0;0;0;0;0;0;0;0;0;0;0;0;0;0;0;0;0;0;0;0;0;0;0;Regular Season;0;0;0;0;0;0;0;0;0;0
65782;2028;12;5;Ball Arena;0;19;14;0;0;0;0;0;0;0;0;0;0;0;0;;;;0;0;0;0;0;0;0;0;0;0;0;0;0;0;0;0;0;0;0;0;0;0;0;0;Regular Season;0;0;0;0;0;0;0;0;0;0
65876;2028;12;5;Scott Trade Center;0;10;27;0;0;0;0;0;0;0;0;0;0;0;0;;;;0;0;0;0;0;0;0;0;0;0;0;0;0;0;0;0;0;0;0;0;0;0;0;0;Regular Season;0;0;0;0;0;0;0;0;0;0
65862;2028;12;5;Quack Den;0;24;18;0;0;0;0;0;0;0;0;0;0;0;0;;;;0;0;0;0;0;0;0;0;0;0;0;0;0;0;0;0;0;0;0;0;0;0;0;0;Regular Season;0;0;0;0;0;0;0;0;0;0
65988;2028;12;5;T-Mobile Arena;0;30;8;0;0;0;0;0;0;0;0;0;0;0;0;;;;0;0;0;0;0;0;0;0;0;0;0;0;0;0;0;0;0;0;0;0;0;0;0;0;Regular Season;0;0;0;0;0;0;0;0;0;0
65921;2028;12;5;XL Center;0;29;2;0;0;0;0;0;0;0;0;0;0;0;0;;;;0;0;0;0;0;0;0;0;0;0;0;0;0;0;0;0;0;0;0;0;0;0;0;0;Regular Season;0;0;0;0;0;0;0;0;0;0
65759;2028;12;5;Rogers Arena;0;12;28;0;0;0;0;0;0;0;0;0;0;0;0;;;;0;0;0;0;0;0;0;0;0;0;0;0;0;0;0;0;0;0;0;0;0;0;0;0;Regular Season;0;0;0;0;0;0;0;0;0;0
65885;2028;12;5;Prudential Center;0;17;31;0;0;0;0;0;0;0;0;0;0;0;0;;;;0;0;0;0;0;0;0;0;0;0;0;0;0;0;0;0;0;0;0;0;0;0;0;0;Regular Season;0;0;0;0;0;0;0;0;0;0
65791;2028;12;5;Scotiabank Arena;0;1;25;0;0;0;0;0;0;0;0;0;0;0;0;;;;0;0;0;0;0;0;0;0;0;0;0;0;0;0;0;0;0;0;0;0;0;0;0;0;Regular Season;0;0;0;0;0;0;0;0;0;0
65794;2028;12;5;Lalo Salamanca Center;0;124;7;0;0;0;0;0;0;0;0;0;0;0;0;;;;0;0;0;0;0;0;0;0;0;0;0;0;0;0;0;0;0;0;0;0;0;0;0;0;Regular Season;0;0;0;0;0;0;0;0;0;0
65766;2028;12;6;The Ranch;0;3;28;0;0;0;0;0;0;0;0;0;0;0;0;;;;0;0;0;0;0;0;0;0;0;0;0;0;0;0;0;0;0;0;0;0;0;0;0;0;Regular Season;0;0;0;0;0;0;0;0;0;0
65903;2028;12;6;Rainier Beer Gardens & Arena;0;2;24;0;0;0;0;0;0;0;0;0;0;0;0;;;;0;0;0;0;0;0;0;0;0;0;0;0;0;0;0;0;0;0;0;0;0;0;0;0;Regular Season;0;0;0;0;0;0;0;0;0;0
65855;2028;12;6;BC Ferries Center;0;26;9;0;0;0;0;0;0;0;0;0;0;0;0;;;;0;0;0;0;0;0;0;0;0;0;0;0;0;0;0;0;0;0;0;0;0;0;0;0;Regular Season;0;0;0;0;0;0;0;0;0;0
66288;2028;12;6;Art Hauser Center;0;23;10;0;0;0;0;0;0;0;0;0;0;0;0;;;;0;0;0;0;0;0;0;0;0;0;0;0;0;0;0;0;0;0;0;0;0;0;0;0;Regular Season;0;0;0;0;0;0;0;0;0;0
65820;2028;12;7;Scotiabank Arena;0;1;3;0;0;0;0;0;0;0;0;0;0;0;0;;;;0;0;0;0;0;0;0;0;0;0;0;0;0;0;0;0;0;0;0;0;0;0;0;0;Regular Season;0;0;0;0;0;0;0;0;0;0
65851;2028;12;7;Bell Centre;0;0;18;0;0;0;0;0;0;0;0;0;0;0;0;;;;0;0;0;0;0;0;0;0;0;0;0;0;0;0;0;0;0;0;0;0;0;0;0;0;Regular Season;0;0;0;0;0;0;0;0;0;0
65810;2028;12;7;Art Hauser Center;0;23;9;0;0;0;0;0;0;0;0;0;0;0;0;;;;0;0;0;0;0;0;0;0;0;0;0;0;0;0;0;0;0;0;0;0;0;0;0;0;Regular Season;0;0;0;0;0;0;0;0;0;0
65778;2028;12;7;XL Center;0;29;124;0;0;0;0;0;0;0;0;0;0;0;0;;;;0;0;0;0;0;0;0;0;0;0;0;0;0;0;0;0;0;0;0;0;0;0;0;0;Regular Season;0;0;0;0;0;0;0;0;0;0
66023;2028;12;7;State Farm Arena;0;31;20;0;0;0;0;0;0;0;0;0;0;0;0;;;;0;0;0;0;0;0;0;0;0;0;0;0;0;0;0;0;0;0;0;0;0;0;0;0;Regular Season;0;0;0;0;0;0;0;0;0;0
65840;2028;12;7;T-Mobile Arena;0;30;7;0;0;0;0;0;0;0;0;0;0;0;0;;;;0;0;0;0;0;0;0;0;0;0;0;0;0;0;0;0;0;0;0;0;0;0;0;0;Regular Season;0;0;0;0;0;0;0;0;0;0
65948;2028;12;7;Centre Videotron;0;21;17;0;0;0;0;0;0;0;0;0;0;0;0;;;;0;0;0;0;0;0;0;0;0;0;0;0;0;0;0;0;0;0;0;0;0;0;0;0;Regular Season;0;0;0;0;0;0;0;0;0;0
65825;2028;12;7;Ball Arena;0;19;154;0;0;0;0;0;0;0;0;0;0;0;0;;;;0;0;0;0;0;0;0;0;0;0;0;0;0;0;0;0;0;0;0;0;0;0;0;0;Regular Season;0;0;0;0;0;0;0;0;0;0
65815;2028;12;7;Rogers Arena;0;12;152;0;0;0;0;0;0;0;0;0;0;0;0;;;;0;0;0;0;0;0;0;0;0;0;0;0;0;0;0;0;0;0;0;0;0;0;0;0;Regular Season;0;0;0;0;0;0;0;0;0;0
65785;2028;12;8;Quack Den;0;24;124;0;0;0;0;0;0;0;0;0;0;0;0;;;;0;0;0;0;0;0;0;0;0;0;0;0;0;0;0;0;0;0;0;0;0;0;0;0;Regular Season;0;0;0;0;0;0;0;0;0;0
65986;2028;12;8;Centre Videotron;0;21;31;0;0;0;0;0;0;0;0;0;0;0;0;;;;0;0;0;0;0;0;0;0;0;0;0;0;0;0;0;0;0;0;0;0;0;0;0;0;Regular Season;0;0;0;0;0;0;0;0;0;0
65974;2028;12;8;Bell Centre;0;0;8;0;0;0;0;0;0;0;0;0;0;0;0;;;;0;0;0;0;0;0;0;0;0;0;0;0;0;0;0;0;0;0;0;0;0;0;0;0;Regular Season;0;0;0;0;0;0;0;0;0;0
65830;2028;12;8;Scotiabank Arena;0;1;152;0;0;0;0;0;0;0;0;0;0;0;0;;;;0;0;0;0;0;0;0;0;0;0;0;0;0;0;0;0;0;0;0;0;0;0;0;0;Regular Season;0;0;0;0;0;0;0;0;0;0
65874;2028;12;8;Los Pollos Arena;0;18;154;0;0;0;0;0;0;0;0;0;0;0;0;;;;0;0;0;0;0;0;0;0;0;0;0;0;0;0;0;0;0;0;0;0;0;0;0;0;Regular Season;0;0;0;0;0;0;0;0;0;0
65805;2028;12;8;Xcel Energy Center;0;25;12;0;0;0;0;0;0;0;0;0;0;0;0;;;;0;0;0;0;0;0;0;0;0;0;0;0;0;0;0;0;0;0;0;0;0;0;0;0;Regular Season;0;0;0;0;0;0;0;0;0;0
65779;2028;12;8;Staples Center;0;28;27;0;0;0;0;0;0;0;0;0;0;0;0;;;;0;0;0;0;0;0;0;0;0;0;0;0;0;0;0;0;0;0;0;0;0;0;0;0;Regular Season;0;0;0;0;0;0;0;0;0;0
66198;2028;12;8;Rainier Beer Gardens & Arena;0;2;20;0;0;0;0;0;0;0;0;0;0;0;0;;;;0;0;0;0;0;0;0;0;0;0;0;0;0;0;0;0;0;0;0;0;0;0;0;0;Regular Season;0;0;0;0;0;0;0;0;0;0
65796;2028;12;8;Ball Arena;0;19;10;0;0;0;0;0;0;0;0;0;0;0;0;;;;0;0;0;0;0;0;0;0;0;0;0;0;0;0;0;0;0;0;0;0;0;0;0;0;Regular Season;0;0;0;0;0;0;0;0;0;0
65879;2028;12;8;Charles Ponzi Memorial Arena;0;7;26;0;0;0;0;0;0;0;0;0;0;0;0;;;;0;0;0;0;0;0;0;0;0;0;0;0;0;0;0;0;0;0;0;0;0;0;0;0;Regular Season;0;0;0;0;0;0;0;0;0;0
65871;2028;12;9;XL Center;0;29;14;0;0;0;0;0;0;0;0;0;0;0;0;;;;0;0;0;0;0;0;0;0;0;0;0;0;0;0;0;0;0;0;0;0;0;0;0;0;Regular Season;0;0;0;0;0;0;0;0;0;0
65844;2028;12;10;Art Hauser Center;0;23;25;0;0;0;0;0;0;0;0;0;0;0;0;;;;0;0;0;0;0;0;0;0;0;0;0;0;0;0;0;0;0;0;0;0;0;0;0;0;Regular Season;0;0;0;0;0;0;0;0;0;0
65934;2028;12;10;UBS Arena;0;14;27;0;0;0;0;0;0;0;0;0;0;0;0;;;;0;0;0;0;0;0;0;0;0;0;0;0;0;0;0;0;0;0;0;0;0;0;0;0;Regular Season;0;0;0;0;0;0;0;0;0;0
65834;2028;12;11;T-Mobile Center;0;152;24;0;0;0;0;0;0;0;0;0;0;0;0;;;;0;0;0;0;0;0;0;0;0;0;0;0;0;0;0;0;0;0;0;0;0;0;0;0;Regular Season;0;0;0;0;0;0;0;0;0;0
65842;2028;12;11;Scotiabank Arena;0;1;26;0;0;0;0;0;0;0;0;0;0;0;0;;;;0;0;0;0;0;0;0;0;0;0;0;0;0;0;0;0;0;0;0;0;0;0;0;0;Regular Season;0;0;0;0;0;0;0;0;0;0
66308;2028;12;11;State Farm Arena;0;31;8;0;0;0;0;0;0;0;0;0;0;0;0;;;;0;0;0;0;0;0;0;0;0;0;0;0;0;0;0;0;0;0;0;0;0;0;0;0;Regular Season;0;0;0;0;0;0;0;0;0;0
65868;2028;12;11;PPG Paints Arena;0;9;2;0;0;0;0;0;0;0;0;0;0;0;0;;;;0;0;0;0;0;0;0;0;0;0;0;0;0;0;0;0;0;0;0;0;0;0;0;0;Regular Season;0;0;0;0;0;0;0;0;0;0
65833;2028;12;11;Lalo Salamanca Center;0;124;0;0;0;0;0;0;0;0;0;0;0;0;0;;;;0;0;0;0;0;0;0;0;0;0;0;0;0;0;0;0;0;0;0;0;0;0;0;0;Regular Season;0;0;0;0;0;0;0;0;0;0
65788;2028;12;11; Arena;0;154;28;0;0;0;0;0;0;0;0;0;0;0;0;;;;0;0;0;0;0;0;0;0;0;0;0;0;0;0;0;0;0;0;0;0;0;0;0;0;Regular Season;0;0;0;0;0;0;0;0;0;0
65880;2028;12;12;Art Hauser Center;0;23;26;0;0;0;0;0;0;0;0;0;0;0;0;;;;0;0;0;0;0;0;0;0;0;0;0;0;0;0;0;0;0;0;0;0;0;0;0;0;Regular Season;0;0;0;0;0;0;0;0;0;0
65965;2028;12;12;Centre Videotron;0;21;9;0;0;0;0;0;0;0;0;0;0;0;0;;;;0;0;0;0;0;0;0;0;0;0;0;0;0;0;0;0;0;0;0;0;0;0;0;0;Regular Season;0;0;0;0;0;0;0;0;0;0
65962;2028;12;12;Bell Centre;0;0;29;0;0;0;0;0;0;0;0;0;0;0;0;;;;0;0;0;0;0;0;0;0;0;0;0;0;0;0;0;0;0;0;0;0;0;0;0;0;Regular Season;0;0;0;0;0;0;0;0;0;0
65853;2028;12;12;Rainier Beer Gardens & Arena;0;2;1;0;0;0;0;0;0;0;0;0;0;0;0;;;;0;0;0;0;0;0;0;0;0;0;0;0;0;0;0;0;0;0;0;0;0;0;0;0;Regular Season;0;0;0;0;0;0;0;0;0;0
65918;2028;12;12;Los Pollos Arena;0;18;17;0;0;0;0;0;0;0;0;0;0;0;0;;;;0;0;0;0;0;0;0;0;0;0;0;0;0;0;0;0;0;0;0;0;0;0;0;0;Regular Season;0;0;0;0;0;0;0;0;0;0
65783;2028;12;12;Staples Center;0;28;14;0;0;0;0;0;0;0;0;0;0;0;0;;;;0;0;0;0;0;0;0;0;0;0;0;0;0;0;0;0;0;0;0;0;0;0;0;0;Regular Season;0;0;0;0;0;0;0;0;0;0
65827;2028;12;12;Xcel Energy Center;0;25;19;0;0;0;0;0;0;0;0;0;0;0;0;;;;0;0;0;0;0;0;0;0;0;0;0;0;0;0;0;0;0;0;0;0;0;0;0;0;Regular Season;0;0;0;0;0;0;0;0;0;0
65927;2028;12;12;T-Mobile Arena;0;30;27;0;0;0;0;0;0;0;0;0;0;0;0;;;;0;0;0;0;0;0;0;0;0;0;0;0;0;0;0;0;0;0;0;0;0;0;0;0;Regular Season;0;0;0;0;0;0;0;0;0;0
65930;2028;12;12;The Ranch;0;3;10;0;0;0;0;0;0;0;0;0;0;0;0;;;;0;0;0;0;0;0;0;0;0;0;0;0;0;0;0;0;0;0;0;0;0;0;0;0;Regular Season;0;0;0;0;0;0;0;0;0;0
65856;2028;12;12;T-Mobile Center;0;152;12;0;0;0;0;0;0;0;0;0;0;0;0;;;;0;0;0;0;0;0;0;0;0;0;0;0;0;0;0;0;0;0;0;0;0;0;0;0;Regular Season;0;0;0;0;0;0;0;0;0;0
65813;2028;12;13;UBS Arena;0;14;124;0;0;0;0;0;0;0;0;0;0;0;0;;;;0;0;0;0;0;0;0;0;0;0;0;0;0;0;0;0;0;0;0;0;0;0;0;0;Regular Season;0;0;0;0;0;0;0;0;0;0
65878;2028;12;13;Gazprom Fairgrounds;0;8;12;0;0;0;0;0;0;0;0;0;0;0;0;;;;0;0;0;0;0;0;0;0;0;0;0;0;0;0;0;0;0;0;0;0;0;0;0;0;Regular Season;0;0;0;0;0;0;0;0;0;0
65939;2028;12;13;Quack Den;0;24;17;0;0;0;0;0;0;0;0;0;0;0;0;;;;0;0;0;0;0;0;0;0;0;0;0;0;0;0;0;0;0;0;0;0;0;0;0;0;Regular Season;0;0;0;0;0;0;0;0;0;0
65978;2028;12;14;Chase Field;0;20;0;0;0;0;0;0;0;0;0;0;0;0;0;;;;0;0;0;0;0;0;0;0;0;0;0;0;0;0;0;0;0;0;0;0;0;0;0;0;Regular Season;0;0;0;0;0;0;0;0;0;0
66031;2028;12;14;Los Pollos Arena;0;18;7;0;0;0;0;0;0;0;0;0;0;0;0;;;;0;0;0;0;0;0;0;0;0;0;0;0;0;0;0;0;0;0;0;0;0;0;0;0;Regular Season;0;0;0;0;0;0;0;0;0;0
65999;2028;12;14;XL Center;0;29;30;0;0;0;0;0;0;0;0;0;0;0;0;;;;0;0;0;0;0;0;0;0;0;0;0;0;0;0;0;0;0;0;0;0;0;0;0;0;Regular Season;0;0;0;0;0;0;0;0;0;0
65956;2028;12;14;Quack Den;0;24;27;0;0;0;0;0;0;0;0;0;0;0;0;;;;0;0;0;0;0;0;0;0;0;0;0;0;0;0;0;0;0;0;0;0;0;0;0;0;Regular Season;0;0;0;0;0;0;0;0;0;0
65836;2028;12;14;Xcel Energy Center;0;25;23;0;0;0;0;0;0;0;0;0;0;0;0;;;;0;0;0;0;0;0;0;0;0;0;0;0;0;0;0;0;0;0;0;0;0;0;0;0;Regular Season;0;0;0;0;0;0;0;0;0;0
65886;2028;12;14; Arena;0;154;2;0;0;0;0;0;0;0;0;0;0;0;0;;;;0;0;0;0;0;0;0;0;0;0;0;0;0;0;0;0;0;0;0;0;0;0;0;0;Regular Season;0;0;0;0;0;0;0;0;0;0
65848;2028;12;14;Centre Videotron;0;21;152;0;0;0;0;0;0;0;0;0;0;0;0;;;;0;0;0;0;0;0;0;0;0;0;0;0;0;0;0;0;0;0;0;0;0;0;0;0;Regular Season;0;0;0;0;0;0;0;0;0;0
65897;2028;12;14;Scotiabank Arena;0;1;31;0;0;0;0;0;0;0;0;0;0;0;0;;;;0;0;0;0;0;0;0;0;0;0;0;0;0;0;0;0;0;0;0;0;0;0;0;0;Regular Season;0;0;0;0;0;0;0;0;0;0
65826;2028;12;14;Ball Arena;0;19;3;0;0;0;0;0;0;0;0;0;0;0;0;;;;0;0;0;0;0;0;0;0;0;0;0;0;0;0;0;0;0;0;0;0;0;0;0;0;Regular Season;0;0;0;0;0;0;0;0;0;0
65867;2028;12;14;BC Ferries Center;0;26;9;0;0;0;0;0;0;0;0;0;0;0;0;;;;0;0;0;0;0;0;0;0;0;0;0;0;0;0;0;0;0;0;0;0;0;0;0;0;Regular Season;0;0;0;0;0;0;0;0;0;0
65905;2028;12;15;Rogers Arena;0;12;30;0;0;0;0;0;0;0;0;0;0;0;0;;;;0;0;0;0;0;0;0;0;0;0;0;0;0;0;0;0;0;0;0;0;0;0;0;0;Regular Season;0;0;0;0;0;0;0;0;0;0
65861;2028;12;15;Art Hauser Center;0;23;31;0;0;0;0;0;0;0;0;0;0;0;0;;;;0;0;0;0;0;0;0;0;0;0;0;0;0;0;0;0;0;0;0;0;0;0;0;0;Regular Season;0;0;0;0;0;0;0;0;0;0
65809;2028;12;15;Ball Arena;0;19;28;0;0;0;0;0;0;0;0;0;0;0;0;;;;0;0;0;0;0;0;0;0;0;0;0;0;0;0;0;0;0;0;0;0;0;0;0;0;Regular Season;0;0;0;0;0;0;0;0;0;0
65823;2028;12;15;Centre Videotron;0;21;124;0;0;0;0;0;0;0;0;0;0;0;0;;;;0;0;0;0;0;0;0;0;0;0;0;0;0;0;0;0;0;0;0;0;0;0;0;0;Regular Season;0;0;0;0;0;0;0;0;0;0
66035;2028;12;15;XL Center;0;29;20;0;0;0;0;0;0;0;0;0;0;0;0;;;;0;0;0;0;0;0;0;0;0;0;0;0;0;0;0;0;0;0;0;0;0;0;0;0;Regular Season;0;0;0;0;0;0;0;0;0;0
65843;2028;12;15;Xcel Energy Center;0;25;17;0;0;0;0;0;0;0;0;0;0;0;0;;;;0;0;0;0;0;0;0;0;0;0;0;0;0;0;0;0;0;0;0;0;0;0;0;0;Regular Season;0;0;0;0;0;0;0;0;0;0
65989;2028;12;15;Gazprom Fairgrounds;0;8;18;0;0;0;0;0;0;0;0;0;0;0;0;;;;0;0;0;0;0;0;0;0;0;0;0;0;0;0;0;0;0;0;0;0;0;0;0;0;Regular Season;0;0;0;0;0;0;0;0;0;0
65932;2028;12;16;UBS Arena;0;14;3;0;0;0;0;0;0;0;0;0;0;0;0;;;;0;0;0;0;0;0;0;0;0;0;0;0;0;0;0;0;0;0;0;0;0;0;0;0;Regular Season;0;0;0;0;0;0;0;0;0;0
66540;2028;12;16;Staples Center;0;28;0;0;0;0;0;0;0;0;0;0;0;0;0;;;;0;0;0;0;0;0;0;0;0;0;0;0;0;0;0;0;0;0;0;0;0;0;0;0;Regular Season;0;0;0;0;0;0;0;0;0;0
66003;2028;12;16;Charles Ponzi Memorial Arena;0;7;27;0;0;0;0;0;0;0;0;0;0;0;0;;;;0;0;0;0;0;0;0;0;0;0;0;0;0;0;0;0;0;0;0;0;0;0;0;0;Regular Season;0;0;0;0;0;0;0;0;0;0
66034;2028;12;16;Scott Trade Center;0;10;154;0;0;0;0;0;0;0;0;0;0;0;0;;;;0;0;0;0;0;0;0;0;0;0;0;0;0;0;0;0;0;0;0;0;0;0;0;0;Regular Season;0;0;0;0;0;0;0;0;0;0
65928;2028;12;17;State Farm Arena;0;31;7;0;0;0;0;0;0;0;0;0;0;0;0;;;;0;0;0;0;0;0;0;0;0;0;0;0;0;0;0;0;0;0;0;0;0;0;0;0;Regular Season;0;0;0;0;0;0;0;0;0;0
65906;2028;12;18;Art Hauser Center;0;23;8;0;0;0;0;0;0;0;0;0;0;0;0;;;;0;0;0;0;0;0;0;0;0;0;0;0;0;0;0;0;0;0;0;0;0;0;0;0;Regular Season;0;0;0;0;0;0;0;0;0;0
66006;2028;12;18;UBS Arena;0;14;29;0;0;0;0;0;0;0;0;0;0;0;0;;;;0;0;0;0;0;0;0;0;0;0;0;0;0;0;0;0;0;0;0;0;0;0;0;0;Regular Season;0;0;0;0;0;0;0;0;0;0
65828;2028;12;18;Ball Arena;0;19;124;0;0;0;0;0;0;0;0;0;0;0;0;;;;0;0;0;0;0;0;0;0;0;0;0;0;0;0;0;0;0;0;0;0;0;0;0;0;Regular Season;0;0;0;0;0;0;0;0;0;0
65996;2028;12;18;Prudential Center;0;17;154;0;0;0;0;0;0;0;0;0;0;0;0;;;;0;0;0;0;0;0;0;0;0;0;0;0;0;0;0;0;0;0;0;0;0;0;0;0;Regular Season;0;0;0;0;0;0;0;0;0;0
65819;2028;12;18;Quack Den;0;24;28;0;0;0;0;0;0;0;0;0;0;0;0;;;;0;0;0;0;0;0;0;0;0;0;0;0;0;0;0;0;0;0;0;0;0;0;0;0;Regular Season;0;0;0;0;0;0;0;0;0;0
66042;2028;12;18;Chase Field;0;20;27;0;0;0;0;0;0;0;0;0;0;0;0;;;;0;0;0;0;0;0;0;0;0;0;0;0;0;0;0;0;0;0;0;0;0;0;0;0;Regular Season;0;0;0;0;0;0;0;0;0;0
65863;2028;12;18;T-Mobile Center;0;152;18;0;0;0;0;0;0;0;0;0;0;0;0;;;;0;0;0;0;0;0;0;0;0;0;0;0;0;0;0;0;0;0;0;0;0;0;0;0;Regular Season;0;0;0;0;0;0;0;0;0;0
65907;2028;12;18;State Farm Arena;0;31;2;0;0;0;0;0;0;0;0;0;0;0;0;;;;0;0;0;0;0;0;0;0;0;0;0;0;0;0;0;0;0;0;0;0;0;0;0;0;Regular Season;0;0;0;0;0;0;0;0;0;0
65960;2028;12;18;T-Mobile Arena;0;30;12;0;0;0;0;0;0;0;0;0;0;0;0;;;;0;0;0;0;0;0;0;0;0;0;0;0;0;0;0;0;0;0;0;0;0;0;0;0;Regular Season;0;0;0;0;0;0;0;0;0;0
65866;2028;12;19;Scott Trade Center;0;10;124;0;0;0;0;0;0;0;0;0;0;0;0;;;;0;0;0;0;0;0;0;0;0;0;0;0;0;0;0;0;0;0;0;0;0;0;0;0;Regular Season;0;0;0;0;0;0;0;0;0;0
65981;2028;12;19;T-Mobile Arena;0;30;1;0;0;0;0;0;0;0;0;0;0;0;0;;;;0;0;0;0;0;0;0;0;0;0;0;0;0;0;0;0;0;0;0;0;0;0;0;0;Regular Season;0;0;0;0;0;0;0;0;0;0
65859;2028;12;19;PPG Paints Arena;0;9;19;0;0;0;0;0;0;0;0;0;0;0;0;;;;0;0;0;0;0;0;0;0;0;0;0;0;0;0;0;0;0;0;0;0;0;0;0;0;Regular Season;0;0;0;0;0;0;0;0;0;0
65847;2028;12;19;Xcel Energy Center;0;25;0;0;0;0;0;0;0;0;0;0;0;0;0;;;;0;0;0;0;0;0;0;0;0;0;0;0;0;0;0;0;0;0;0;0;0;0;0;0;Regular Season;0;0;0;0;0;0;0;0;0;0
66205;2028;12;19;Hell's Paradise;0;27;20;0;0;0;0;0;0;0;0;0;0;0;0;;;;0;0;0;0;0;0;0;0;0;0;0;0;0;0;0;0;0;0;0;0;0;0;0;0;Regular Season;0;0;0;0;0;0;0;0;0;0
66053;2028;12;19;Gazprom Fairgrounds;0;8;21;0;0;0;0;0;0;0;0;0;0;0;0;;;;0;0;0;0;0;0;0;0;0;0;0;0;0;0;0;0;0;0;0;0;0;0;0;0;Regular Season;0;0;0;0;0;0;0;0;0;0
65914;2028;12;19;Rogers Arena;0;12;26;0;0;0;0;0;0;0;0;0;0;0;0;;;;0;0;0;0;0;0;0;0;0;0;0;0;0;0;0;0;0;0;0;0;0;0;0;0;Regular Season;0;0;0;0;0;0;0;0;0;0
65895;2028;12;19;Art Hauser Center;0;23;24;0;0;0;0;0;0;0;0;0;0;0;0;;;;0;0;0;0;0;0;0;0;0;0;0;0;0;0;0;0;0;0;0;0;0;0;0;0;Regular Season;0;0;0;0;0;0;0;0;0;0
65822;2028;12;19;Prudential Center;0;17;28;0;0;0;0;0;0;0;0;0;0;0;0;;;;0;0;0;0;0;0;0;0;0;0;0;0;0;0;0;0;0;0;0;0;0;0;0;0;Regular Season;0;0;0;0;0;0;0;0;0;0
65958;2028;12;19;The Ranch;0;3;29;0;0;0;0;0;0;0;0;0;0;0;0;;;;0;0;0;0;0;0;0;0;0;0;0;0;0;0;0;0;0;0;0;0;0;0;0;0;Regular Season;0;0;0;0;0;0;0;0;0;0
65920;2028;12;20;PPG Paints Arena;0;9;2;0;0;0;0;0;0;0;0;0;0;0;0;;;;0;0;0;0;0;0;0;0;0;0;0;0;0;0;0;0;0;0;0;0;0;0;0;0;Regular Season;0;0;0;0;0;0;0;0;0;0
65924;2028;12;20;The Ranch;0;3;26;0;0;0;0;0;0;0;0;0;0;0;0;;;;0;0;0;0;0;0;0;0;0;0;0;0;0;0;0;0;0;0;0;0;0;0;0;0;Regular Season;0;0;0;0;0;0;0;0;0;0
66131;2028;12;20;Scott Trade Center;0;10;7;0;0;0;0;0;0;0;0;0;0;0;0;;;;0;0;0;0;0;0;0;0;0;0;0;0;0;0;0;0;0;0;0;0;0;0;0;0;Regular Season;0;0;0;0;0;0;0;0;0;0
65983;2028;12;20;State Farm Arena;0;31;18;0;0;0;0;0;0;0;0;0;0;0;0;;;;0;0;0;0;0;0;0;0;0;0;0;0;0;0;0;0;0;0;0;0;0;0;0;0;Regular Season;0;0;0;0;0;0;0;0;0;0
65933;2028;12;21;XL Center;0;29;12;0;0;0;0;0;0;0;0;0;0;0;0;;;;0;0;0;0;0;0;0;0;0;0;0;0;0;0;0;0;0;0;0;0;0;0;0;0;Regular Season;0;0;0;0;0;0;0;0;0;0
66002;2028;12;21;Scotiabank Arena;0;1;154;0;0;0;0;0;0;0;0;0;0;0;0;;;;0;0;0;0;0;0;0;0;0;0;0;0;0;0;0;0;0;0;0;0;0;0;0;0;Regular Season;0;0;0;0;0;0;0;0;0;0
65971;2028;12;21;Hell's Paradise;0;27;31;0;0;0;0;0;0;0;0;0;0;0;0;;;;0;0;0;0;0;0;0;0;0;0;0;0;0;0;0;0;0;0;0;0;0;0;0;0;Regular Season;0;0;0;0;0;0;0;0;0;0
66076;2028;12;21;UBS Arena;0;14;18;0;0;0;0;0;0;0;0;0;0;0;0;;;;0;0;0;0;0;0;0;0;0;0;0;0;0;0;0;0;0;0;0;0;0;0;0;0;Regular Season;0;0;0;0;0;0;0;0;0;0
65857;2028;12;21;Xcel Energy Center;0;25;24;0;0;0;0;0;0;0;0;0;0;0;0;;;;0;0;0;0;0;0;0;0;0;0;0;0;0;0;0;0;0;0;0;0;0;0;0;0;Regular Season;0;0;0;0;0;0;0;0;0;0
66027;2028;12;21;Charles Ponzi Memorial Arena;0;7;17;0;0;0;0;0;0;0;0;0;0;0;0;;;;0;0;0;0;0;0;0;0;0;0;0;0;0;0;0;0;0;0;0;0;0;0;0;0;Regular Season;0;0;0;0;0;0;0;0;0;0
65875;2028;12;21;T-Mobile Center;0;152;8;0;0;0;0;0;0;0;0;0;0;0;0;;;;0;0;0;0;0;0;0;0;0;0;0;0;0;0;0;0;0;0;0;0;0;0;0;0;Regular Season;0;0;0;0;0;0;0;0;0;0
66225;2028;12;22;XL Center;0;29;124;0;0;0;0;0;0;0;0;0;0;0;0;;;;0;0;0;0;0;0;0;0;0;0;0;0;0;0;0;0;0;0;0;0;0;0;0;0;Regular Season;0;0;0;0;0;0;0;0;0;0
65837;2028;12;22;Ball Arena;0;19;154;0;0;0;0;0;0;0;0;0;0;0;0;;;;0;0;0;0;0;0;0;0;0;0;0;0;0;0;0;0;0;0;0;0;0;0;0;0;Regular Season;0;0;0;0;0;0;0;0;0;0
66039;2028;12;22;T-Mobile Arena;0;30;14;0;0;0;0;0;0;0;0;0;0;0;0;;;;0;0;0;0;0;0;0;0;0;0;0;0;0;0;0;0;0;0;0;0;0;0;0;0;Regular Season;0;0;0;0;0;0;0;0;0;0
65814;2028;12;22;Staples Center;0;28;25;0;0;0;0;0;0;0;0;0;0;0;0;;;;0;0;0;0;0;0;0;0;0;0;0;0;0;0;0;0;0;0;0;0;0;0;0;0;Regular Season;0;0;0;0;0;0;0;0;0;0
65935;2028;12;22;BC Ferries Center;0;26;0;0;0;0;0;0;0;0;0;0;0;0;0;;;;0;0;0;0;0;0;0;0;0;0;0;0;0;0;0;0;0;0;0;0;0;0;0;0;Regular Season;0;0;0;0;0;0;0;0;0;0
65938;2028;12;22;Rainier Beer Gardens & Arena;0;2;20;0;0;0;0;0;0;0;0;0;0;0;0;;;;0;0;0;0;0;0;0;0;0;0;0;0;0;0;0;0;0;0;0;0;0;0;0;0;Regular Season;0;0;0;0;0;0;0;0;0;0
65980;2028;12;23;PPG Paints Arena;0;9;3;0;0;0;0;0;0;0;0;0;0;0;0;;;;0;0;0;0;0;0;0;0;0;0;0;0;0;0;0;0;0;0;0;0;0;0;0;0;Regular Season;0;0;0;0;0;0;0;0;0;0
65881;2028;12;23;Bell Centre;0;0;152;0;0;0;0;0;0;0;0;0;0;0;0;;;;0;0;0;0;0;0;0;0;0;0;0;0;0;0;0;0;0;0;0;0;0;0;0;0;Regular Season;0;0;0;0;0;0;0;0;0;0
66363;2028;12;23;Chase Field;0;20;24;0;0;0;0;0;0;0;0;0;0;0;0;;;;0;0;0;0;0;0;0;0;0;0;0;0;0;0;0;0;0;0;0;0;0;0;0;0;Regular Season;0;0;0;0;0;0;0;0;0;0
65995;2028;12;23;Charles Ponzi Memorial Arena;0;7;1;0;0;0;0;0;0;0;0;0;0;0;0;;;;0;0;0;0;0;0;0;0;0;0;0;0;0;0;0;0;0;0;0;0;0;0;0;0;Regular Season;0;0;0;0;0;0;0;0;0;0
65850;2028;12;23;Lalo Salamanca Center;0;124;23;0;0;0;0;0;0;0;0;0;0;0;0;;;;0;0;0;0;0;0;0;0;0;0;0;0;0;0;0;0;0;0;0;0;0;0;0;0;Regular Season;0;0;0;0;0;0;0;0;0;0
66300;2028;12;27;Charles Ponzi Memorial Arena;0;7;8;0;0;0;0;0;0;0;0;0;0;0;0;;;;0;0;0;0;0;0;0;0;0;0;0;0;0;0;0;0;0;0;0;0;0;0;0;0;Regular Season;0;0;0;0;0;0;0;0;0;0
65865;2028;12;27;Ball Arena;0;19;17;0;0;0;0;0;0;0;0;0;0;0;0;;;;0;0;0;0;0;0;0;0;0;0;0;0;0;0;0;0;0;0;0;0;0;0;0;0;Regular Season;0;0;0;0;0;0;0;0;0;0
66074;2028;12;27;Bell Centre;0;0;21;0;0;0;0;0;0;0;0;0;0;0;0;;;;0;0;0;0;0;0;0;0;0;0;0;0;0;0;0;0;0;0;0;0;0;0;0;0;Regular Season;0;0;0;0;0;0;0;0;0;0
65884;2028;12;27;Xcel Energy Center;0;25;124;0;0;0;0;0;0;0;0;0;0;0;0;;;;0;0;0;0;0;0;0;0;0;0;0;0;0;0;0;0;0;0;0;0;0;0;0;0;Regular Season;0;0;0;0;0;0;0;0;0;0
66124;2028;12;27;Chase Field;0;20;14;0;0;0;0;0;0;0;0;0;0;0;0;;;;0;0;0;0;0;0;0;0;0;0;0;0;0;0;0;0;0;0;0;0;0;0;0;0;Regular Season;0;0;0;0;0;0;0;0;0;0
66064;2028;12;27;T-Mobile Arena;0;30;154;0;0;0;0;0;0;0;0;0;0;0;0;;;;0;0;0;0;0;0;0;0;0;0;0;0;0;0;0;0;0;0;0;0;0;0;0;0;Regular Season;0;0;0;0;0;0;0;0;0;0
66079;2028;12;28;Rainier Beer Gardens & Arena;0;2;7;0;0;0;0;0;0;0;0;0;0;0;0;;;;0;0;0;0;0;0;0;0;0;0;0;0;0;0;0;0;0;0;0;0;0;0;0;0;Regular Season;0;0;0;0;0;0;0;0;0;0
66054;2028;12;28;The Ranch;0;3;17;0;0;0;0;0;0;0;0;0;0;0;0;;;;0;0;0;0;0;0;0;0;0;0;0;0;0;0;0;0;0;0;0;0;0;0;0;0;Regular Season;0;0;0;0;0;0;0;0;0;0
65858;2028;12;28;Staples Center;0;28;26;0;0;0;0;0;0;0;0;0;0;0;0;;;;0;0;0;0;0;0;0;0;0;0;0;0;0;0;0;0;0;0;0;0;0;0;0;0;Regular Season;0;0;0;0;0;0;0;0;0;0
65909;2028;12;28;Art Hauser Center;0;23;1;0;0;0;0;0;0;0;0;0;0;0;0;;;;0;0;0;0;0;0;0;0;0;0;0;0;0;0;0;0;0;0;0;0;0;0;0;0;Regular Season;0;0;0;0;0;0;0;0;0;0
65864;2028;12;28;Ball Arena;0;19;29;0;0;0;0;0;0;0;0;0;0;0;0;;;;0;0;0;0;0;0;0;0;0;0;0;0;0;0;0;0;0;0;0;0;0;0;0;0;Regular Season;0;0;0;0;0;0;0;0;0;0
65994;2028;12;28;UBS Arena;0;14;31;0;0;0;0;0;0;0;0;0;0;0;0;;;;0;0;0;0;0;0;0;0;0;0;0;0;0;0;0;0;0;0;0;0;0;0;0;0;Regular Season;0;0;0;0;0;0;0;0;0;0
65899;2028;12;28;T-Mobile Center;0;152;10;0;0;0;0;0;0;0;0;0;0;0;0;;;;0;0;0;0;0;0;0;0;0;0;0;0;0;0;0;0;0;0;0;0;0;0;0;0;Regular Season;0;0;0;0;0;0;0;0;0;0
65922;2028;12;28;Quack Den;0;24;21;0;0;0;0;0;0;0;0;0;0;0;0;;;;0;0;0;0;0;0;0;0;0;0;0;0;0;0;0;0;0;0;0;0;0;0;0;0;Regular Season;0;0;0;0;0;0;0;0;0;0
65975;2028;12;28;Bell Centre;0;0;9;0;0;0;0;0;0;0;0;0;0;0;0;;;;0;0;0;0;0;0;0;0;0;0;0;0;0;0;0;0;0;0;0;0;0;0;0;0;Regular Season;0;0;0;0;0;0;0;0;0;0
66012;2028;12;28;Rogers Arena;0;12;8;0;0;0;0;0;0;0;0;0;0;0;0;;;;0;0;0;0;0;0;0;0;0;0;0;0;0;0;0;0;0;0;0;0;0;0;0;0;Regular Season;0;0;0;0;0;0;0;0;0;0
65890;2028;12;28;Xcel Energy Center;0;25;27;0;0;0;0;0;0;0;0;0;0;0;0;;;;0;0;0;0;0;0;0;0;0;0;0;0;0;0;0;0;0;0;0;0;0;0;0;0;Regular Season;0;0;0;0;0;0;0;0;0;0
66049;2028;12;29;Los Pollos Arena;0;18;29;0;0;0;0;0;0;0;0;0;0;0;0;;;;0;0;0;0;0;0;0;0;0;0;0;0;0;0;0;0;0;0;0;0;0;0;0;0;Regular Season;0;0;0;0;0;0;0;0;0;0
65953;2028;12;29;Rainier Beer Gardens & Arena;0;2;23;0;0;0;0;0;0;0;0;0;0;0;0;;;;0;0;0;0;0;0;0;0;0;0;0;0;0;0;0;0;0;0;0;0;0;0;0;0;Regular Season;0;0;0;0;0;0;0;0;0;0
65916;2028;12;29;Quack Den;0;24;1;0;0;0;0;0;0;0;0;0;0;0;0;;;;0;0;0;0;0;0;0;0;0;0;0;0;0;0;0;0;0;0;0;0;0;0;0;0;Regular Season;0;0;0;0;0;0;0;0;0;0
65883;2028;12;29;Lalo Salamanca Center;0;124;26;0;0;0;0;0;0;0;0;0;0;0;0;;;;0;0;0;0;0;0;0;0;0;0;0;0;0;0;0;0;0;0;0;0;0;0;0;0;Regular Season;0;0;0;0;0;0;0;0;0;0
66146;2028;12;29;State Farm Arena;0;31;20;0;0;0;0;0;0;0;0;0;0;0;0;;;;0;0;0;0;0;0;0;0;0;0;0;0;0;0;0;0;0;0;0;0;0;0;0;0;Regular Season;0;0;0;0;0;0;0;0;0;0
66052;2028;12;29;Hell's Paradise;0;27;154;0;0;0;0;0;0;0;0;0;0;0;0;;;;0;0;0;0;0;0;0;0;0;0;0;0;0;0;0;0;0;0;0;0;0;0;0;0;Regular Season;0;0;0;0;0;0;0;0;0;0
65915;2028;12;29;Scott Trade Center;0;10;152;0;0;0;0;0;0;0;0;0;0;0;0;;;;0;0;0;0;0;0;0;0;0;0;0;0;0;0;0;0;0;0;0;0;0;0;0;0;Regular Season;0;0;0;0;0;0;0;0;0;0
65896;2028;12;30;Lalo Salamanca Center;0;124;9;0;0;0;0;0;0;0;0;0;0;0;0;;;;0;0;0;0;0;0;0;0;0;0;0;0;0;0;0;0;0;0;0;0;0;0;0;0;Regular Season;0;0;0;0;0;0;0;0;0;0
66030;2028;12;30;The Ranch;0;3;12;0;0;0;0;0;0;0;0;0;0;0;0;;;;0;0;0;0;0;0;0;0;0;0;0;0;0;0;0;0;0;0;0;0;0;0;0;0;Regular Season;0;0;0;0;0;0;0;0;0;0
65869;2028;12;30;Staples Center;0;28;0;0;0;0;0;0;0;0;0;0;0;0;0;;;;0;0;0;0;0;0;0;0;0;0;0;0;0;0;0;0;0;0;0;0;0;0;0;0;Regular Season;0;0;0;0;0;0;0;0;0;0
65870;2028;12;30;UBS Arena;0;14;19;0;0;0;0;0;0;0;0;0;0;0;0;;;;0;0;0;0;0;0;0;0;0;0;0;0;0;0;0;0;0;0;0;0;0;0;0;0;Regular Season;0;0;0;0;0;0;0;0;0;0
66143;2028;12;30;Los Pollos Arena;0;18;20;0;0;0;0;0;0;0;0;0;0;0;0;;;;0;0;0;0;0;0;0;0;0;0;0;0;0;0;0;0;0;0;0;0;0;0;0;0;Regular Season;0;0;0;0;0;0;0;0;0;0
65839;2028;12;31;Staples Center;0;28;23;0;0;0;0;0;0;0;0;0;0;0;0;;;;0;0;0;0;0;0;0;0;0;0;0;0;0;0;0;0;0;0;0;0;0;0;0;0;Regular Season;0;0;0;0;0;0;0;0;0;0
65908;2028;12;31;The Ranch;0;3;25;0;0;0;0;0;0;0;0;0;0;0;0;;;;0;0;0;0;0;0;0;0;0;0;0;0;0;0;0;0;0;0;0;0;0;0;0;0;Regular Season;0;0;0;0;0;0;0;0;0;0
66062;2028;12;31;Hell's Paradise;0;27;8;0;0;0;0;0;0;0;0;0;0;0;0;;;;0;0;0;0;0;0;0;0;0;0;0;0;0;0;0;0;0;0;0;0;0;0;0;0;Regular Season;0;0;0;0;0;0;0;0;0;0
66244;2028;12;31;Centre Videotron;0;21;31;0;0;0;0;0;0;0;0;0;0;0;0;;;;0;0;0;0;0;0;0;0;0;0;0;0;0;0;0;0;0;0;0;0;0;0;0;0;Regular Season;0;0;0;0;0;0;0;0;0;0
65945;2028;12;31;Prudential Center;0;17;24;0;0;0;0;0;0;0;0;0;0;0;0;;;;0;0;0;0;0;0;0;0;0;0;0;0;0;0;0;0;0;0;0;0;0;0;0;0;Regular Season;0;0;0;0;0;0;0;0;0;0
65952;2028;12;31;Scotiabank Arena;0;1;2;0;0;0;0;0;0;0;0;0;0;0;0;;;;0;0;0;0;0;0;0;0;0;0;0;0;0;0;0;0;0;0;0;0;0;0;0;0;Regular Season;0;0;0;0;0;0;0;0;0;0
65993;2028;12;31;PPG Paints Arena;0;9;30;0;0;0;0;0;0;0;0;0;0;0;0;;;;0;0;0;0;0;0;0;0;0;0;0;0;0;0;0;0;0;0;0;0;0;0;0;0;Regular Season;0;0;0;0;0;0;0;0;0;0
65937;2028;12;31;Charles Ponzi Memorial Arena;0;7;152;0;0;0;0;0;0;0;0;0;0;0;0;;;;0;0;0;0;0;0;0;0;0;0;0;0;0;0;0;0;0;0;0;0;0;0;0;0;Regular Season;0;0;0;0;0;0;0;0;0;0
66029;2028;12;31;Rogers Arena;0;12;29;0;0;0;0;0;0;0;0;0;0;0;0;;;;0;0;0;0;0;0;0;0;0;0;0;0;0;0;0;0;0;0;0;0;0;0;0;0;Regular Season;0;0;0;0;0;0;0;0;0;0
65946;2028;12;31;BC Ferries Center;0;26;154;0;0;0;0;0;0;0;0;0;0;0;0;;;;0;0;0;0;0;0;0;0;0;0;0;0;0;0;0;0;0;0;0;0;0;0;0;0;Regular Season;0;0;0;0;0;0;0;0;0;0
65967;2029;1;1;Quack Den;0;24;18;0;0;0;0;0;0;0;0;0;0;0;0;;;;0;0;0;0;0;0;0;0;0;0;0;0;0;0;0;0;0;0;0;0;0;0;0;0;Regular Season;0;0;0;0;0;0;0;0;0;0
65972;2029;1;1;Hell's Paradise;0;27;152;0;0;0;0;0;0;0;0;0;0;0;0;;;;0;0;0;0;0;0;0;0;0;0;0;0;0;0;0;0;0;0;0;0;0;0;0;0;Regular Season;0;0;0;0;0;0;0;0;0;0
65941;2029;1;1;Scott Trade Center;0;10;23;0;0;0;0;0;0;0;0;0;0;0;0;;;;0;0;0;0;0;0;0;0;0;0;0;0;0;0;0;0;0;0;0;0;0;0;0;0;Regular Season;0;0;0;0;0;0;0;0;0;0
66005;2029;1;1;Scotiabank Arena;0;1;29;0;0;0;0;0;0;0;0;0;0;0;0;;;;0;0;0;0;0;0;0;0;0;0;0;0;0;0;0;0;0;0;0;0;0;0;0;0;Regular Season;0;0;0;0;0;0;0;0;0;0
66262;2029;1;1;Charles Ponzi Memorial Arena;0;7;20;0;0;0;0;0;0;0;0;0;0;0;0;;;;0;0;0;0;0;0;0;0;0;0;0;0;0;0;0;0;0;0;0;0;0;0;0;0;Regular Season;0;0;0;0;0;0;0;0;0;0
66037;2029;1;1;Bell Centre;0;0;30;0;0;0;0;0;0;0;0;0;0;0;0;;;;0;0;0;0;0;0;0;0;0;0;0;0;0;0;0;0;0;0;0;0;0;0;0;0;Regular Season;0;0;0;0;0;0;0;0;0;0
65985;2029;1;2;Scott Trade Center;0;10;12;0;0;0;0;0;0;0;0;0;0;0;0;;;;0;0;0;0;0;0;0;0;0;0;0;0;0;0;0;0;0;0;0;0;0;0;0;0;Regular Season;0;0;0;0;0;0;0;0;0;0
65893;2029;1;2;Rainier Beer Gardens & Arena;0;2;124;0;0;0;0;0;0;0;0;0;0;0;0;;;;0;0;0;0;0;0;0;0;0;0;0;0;0;0;0;0;0;0;0;0;0;0;0;0;Regular Season;0;0;0;0;0;0;0;0;0;0
65882;2029;1;2;PPG Paints Arena;0;9;19;0;0;0;0;0;0;0;0;0;0;0;0;;;;0;0;0;0;0;0;0;0;0;0;0;0;0;0;0;0;0;0;0;0;0;0;0;0;Regular Season;0;0;0;0;0;0;0;0;0;0
66065;2029;1;2;The Ranch;0;3;17;0;0;0;0;0;0;0;0;0;0;0;0;;;;0;0;0;0;0;0;0;0;0;0;0;0;0;0;0;0;0;0;0;0;0;0;0;0;Regular Season;0;0;0;0;0;0;0;0;0;0
65942;2029;1;2;Xcel Energy Center;0;25;20;0;0;0;0;0;0;0;0;0;0;0;0;;;;0;0;0;0;0;0;0;0;0;0;0;0;0;0;0;0;0;0;0;0;0;0;0;0;Regular Season;0;0;0;0;0;0;0;0;0;0
65951;2029;1;2;Centre Videotron;0;21;26;0;0;0;0;0;0;0;0;0;0;0;0;;;;0;0;0;0;0;0;0;0;0;0;0;0;0;0;0;0;0;0;0;0;0;0;0;0;Regular Season;0;0;0;0;0;0;0;0;0;0
66040;2029;1;2;UBS Arena;0;14;31;0;0;0;0;0;0;0;0;0;0;0;0;;;;0;0;0;0;0;0;0;0;0;0;0;0;0;0;0;0;0;0;0;0;0;0;0;0;Regular Season;0;0;0;0;0;0;0;0;0;0
65872;2029;1;2;Staples Center;0;28;154;0;0;0;0;0;0;0;0;0;0;0;0;;;;0;0;0;0;0;0;0;0;0;0;0;0;0;0;0;0;0;0;0;0;0;0;0;0;Regular Season;0;0;0;0;0;0;0;0;0;0
66081;2029;1;3;Los Pollos Arena;0;18;17;0;0;0;0;0;0;0;0;0;0;0;0;;;;0;0;0;0;0;0;0;0;0;0;0;0;0;0;0;0;0;0;0;0;0;0;0;0;Regular Season;0;0;0;0;0;0;0;0;0;0
65923;2029;1;3;Art Hauser Center;0;23;154;0;0;0;0;0;0;0;0;0;0;0;0;;;;0;0;0;0;0;0;0;0;0;0;0;0;0;0;0;0;0;0;0;0;0;0;0;0;Regular Season;0;0;0;0;0;0;0;0;0;0
66117;2029;1;3;State Farm Arena;0;31;29;0;0;0;0;0;0;0;0;0;0;0;0;;;;0;0;0;0;0;0;0;0;0;0;0;0;0;0;0;0;0;0;0;0;0;0;0;0;Regular Season;0;0;0;0;0;0;0;0;0;0
65961;2029;1;3;Xcel Energy Center;0;25;152;0;0;0;0;0;0;0;0;0;0;0;0;;;;0;0;0;0;0;0;0;0;0;0;0;0;0;0;0;0;0;0;0;0;0;0;0;0;Regular Season;0;0;0;0;0;0;0;0;0;0
65904;2029;1;3;BC Ferries Center;0;26;124;0;0;0;0;0;0;0;0;0;0;0;0;;;;0;0;0;0;0;0;0;0;0;0;0;0;0;0;0;0;0;0;0;0;0;0;0;0;Regular Season;0;0;0;0;0;0;0;0;0;0
66038;2029;1;3;PPG Paints Arena;0;9;21;0;0;0;0;0;0;0;0;0;0;0;0;;;;0;0;0;0;0;0;0;0;0;0;0;0;0;0;0;0;0;0;0;0;0;0;0;0;Regular Season;0;0;0;0;0;0;0;0;0;0
66001;2029;1;4;Bell Centre;0;0;2;0;0;0;0;0;0;0;0;0;0;0;0;;;;0;0;0;0;0;0;0;0;0;0;0;0;0;0;0;0;0;0;0;0;0;0;0;0;Regular Season;0;0;0;0;0;0;0;0;0;0
66007;2029;1;4;Charles Ponzi Memorial Arena;0;7;1;0;0;0;0;0;0;0;0;0;0;0;0;;;;0;0;0;0;0;0;0;0;0;0;0;0;0;0;0;0;0;0;0;0;0;0;0;0;Regular Season;0;0;0;0;0;0;0;0;0;0
66082;2029;1;4;Gazprom Fairgrounds;0;8;10;0;0;0;0;0;0;0;0;0;0;0;0;;;;0;0;0;0;0;0;0;0;0;0;0;0;0;0;0;0;0;0;0;0;0;0;0;0;Regular Season;0;0;0;0;0;0;0;0;0;0
66126;2029;1;4;UBS Arena;0;14;3;0;0;0;0;0;0;0;0;0;0;0;0;;;;0;0;0;0;0;0;0;0;0;0;0;0;0;0;0;0;0;0;0;0;0;0;0;0;Regular Season;0;0;0;0;0;0;0;0;0;0
65888;2029;1;4;Staples Center;0;28;27;0;0;0;0;0;0;0;0;0;0;0;0;;;;0;0;0;0;0;0;0;0;0;0;0;0;0;0;0;0;0;0;0;0;0;0;0;0;Regular Season;0;0;0;0;0;0;0;0;0;0
65889;2029;1;5;Staples Center;0;28;12;0;0;0;0;0;0;0;0;0;0;0;0;;;;0;0;0;0;0;0;0;0;0;0;0;0;0;0;0;0;0;0;0;0;0;0;0;0;Regular Season;0;0;0;0;0;0;0;0;0;0
65970;2029;1;5;Quack Den;0;24;7;0;0;0;0;0;0;0;0;0;0;0;0;;;;0;0;0;0;0;0;0;0;0;0;0;0;0;0;0;0;0;0;0;0;0;0;0;0;Regular Season;0;0;0;0;0;0;0;0;0;0
66077;2029;1;5;Centre Videotron;0;21;3;0;0;0;0;0;0;0;0;0;0;0;0;;;;0;0;0;0;0;0;0;0;0;0;0;0;0;0;0;0;0;0;0;0;0;0;0;0;Regular Season;0;0;0;0;0;0;0;0;0;0
66098;2029;1;5;Gazprom Fairgrounds;0;8;30;0;0;0;0;0;0;0;0;0;0;0;0;;;;0;0;0;0;0;0;0;0;0;0;0;0;0;0;0;0;0;0;0;0;0;0;0;0;Regular Season;0;0;0;0;0;0;0;0;0;0
65898;2029;1;5;Lalo Salamanca Center;0;124;1;0;0;0;0;0;0;0;0;0;0;0;0;;;;0;0;0;0;0;0;0;0;0;0;0;0;0;0;0;0;0;0;0;0;0;0;0;0;Regular Season;0;0;0;0;0;0;0;0;0;0
65944;2029;1;5; Arena;0;154;23;0;0;0;0;0;0;0;0;0;0;0;0;;;;0;0;0;0;0;0;0;0;0;0;0;0;0;0;0;0;0;0;0;0;0;0;0;0;Regular Season;0;0;0;0;0;0;0;0;0;0
66026;2029;1;5;PPG Paints Arena;0;9;0;0;0;0;0;0;0;0;0;0;0;0;0;;;;0;0;0;0;0;0;0;0;0;0;0;0;0;0;0;0;0;0;0;0;0;0;0;0;Regular Season;0;0;0;0;0;0;0;0;0;0
66070;2029;1;5;Hell's Paradise;0;27;31;0;0;0;0;0;0;0;0;0;0;0;0;;;;0;0;0;0;0;0;0;0;0;0;0;0;0;0;0;0;0;0;0;0;0;0;0;0;Regular Season;0;0;0;0;0;0;0;0;0;0
65892;2029;1;5;Los Pollos Arena;0;18;19;0;0;0;0;0;0;0;0;0;0;0;0;;;;0;0;0;0;0;0;0;0;0;0;0;0;0;0;0;0;0;0;0;0;0;0;0;0;Regular Season;0;0;0;0;0;0;0;0;0;0
66277;2029;1;6;Rainier Beer Gardens & Arena;0;2;30;0;0;0;0;0;0;0;0;0;0;0;0;;;;0;0;0;0;0;0;0;0;0;0;0;0;0;0;0;0;0;0;0;0;0;0;0;0;Regular Season;0;0;0;0;0;0;0;0;0;0
65919;2029;1;6;Ball Arena;0;19;152;0;0;0;0;0;0;0;0;0;0;0;0;;;;0;0;0;0;0;0;0;0;0;0;0;0;0;0;0;0;0;0;0;0;0;0;0;0;Regular Season;0;0;0;0;0;0;0;0;0;0
65964;2029;1;6;BC Ferries Center;0;26;20;0;0;0;0;0;0;0;0;0;0;0;0;;;;0;0;0;0;0;0;0;0;0;0;0;0;0;0;0;0;0;0;0;0;0;0;0;0;Regular Season;0;0;0;0;0;0;0;0;0;0
65949;2029;1;6;Rogers Arena;0;12;25;0;0;0;0;0;0;0;0;0;0;0;0;;;;0;0;0;0;0;0;0;0;0;0;0;0;0;0;0;0;0;0;0;0;0;0;0;0;Regular Season;0;0;0;0;0;0;0;0;0;0
66043;2029;1;7;XL Center;0;29;24;0;0;0;0;0;0;0;0;0;0;0;0;;;;0;0;0;0;0;0;0;0;0;0;0;0;0;0;0;0;0;0;0;0;0;0;0;0;Regular Season;0;0;0;0;0;0;0;0;0;0
66139;2029;1;7;UBS Arena;0;14;8;0;0;0;0;0;0;0;0;0;0;0;0;;;;0;0;0;0;0;0;0;0;0;0;0;0;0;0;0;0;0;0;0;0;0;0;0;0;Regular Season;0;0;0;0;0;0;0;0;0;0
66093;2029;1;8;Bell Centre;0;0;30;0;0;0;0;0;0;0;0;0;0;0;0;;;;0;0;0;0;0;0;0;0;0;0;0;0;0;0;0;0;0;0;0;0;0;0;0;0;Regular Season;0;0;0;0;0;0;0;0;0;0
65987;2029;1;8;BC Ferries Center;0;26;12;0;0;0;0;0;0;0;0;0;0;0;0;;;;0;0;0;0;0;0;0;0;0;0;0;0;0;0;0;0;0;0;0;0;0;0;0;0;Regular Season;0;0;0;0;0;0;0;0;0;0
66056;2029;1;8;Rainier Beer Gardens & Arena;0;2;152;0;0;0;0;0;0;0;0;0;0;0;0;;;;0;0;0;0;0;0;0;0;0;0;0;0;0;0;0;0;0;0;0;0;0;0;0;0;Regular Season;0;0;0;0;0;0;0;0;0;0
66004;2029;1;8;Art Hauser Center;0;23;17;0;0;0;0;0;0;0;0;0;0;0;0;;;;0;0;0;0;0;0;0;0;0;0;0;0;0;0;0;0;0;0;0;0;0;0;0;0;Regular Season;0;0;0;0;0;0;0;0;0;0
65925;2029;1;8;Ball Arena;0;19;1;0;0;0;0;0;0;0;0;0;0;0;0;;;;0;0;0;0;0;0;0;0;0;0;0;0;0;0;0;0;0;0;0;0;0;0;0;0;Regular Season;0;0;0;0;0;0;0;0;0;0
65910;2029;1;8;State Farm Arena;0;31;124;0;0;0;0;0;0;0;0;0;0;0;0;;;;0;0;0;0;0;0;0;0;0;0;0;0;0;0;0;0;0;0;0;0;0;0;0;0;Regular Season;0;0;0;0;0;0;0;0;0;0
66036;2029;1;8;The Ranch;0;3;25;0;0;0;0;0;0;0;0;0;0;0;0;;;;0;0;0;0;0;0;0;0;0;0;0;0;0;0;0;0;0;0;0;0;0;0;0;0;Regular Season;0;0;0;0;0;0;0;0;0;0
66084;2029;1;9;Chase Field;0;20;2;0;0;0;0;0;0;0;0;0;0;0;0;;;;0;0;0;0;0;0;0;0;0;0;0;0;0;0;0;0;0;0;0;0;0;0;0;0;Regular Season;0;0;0;0;0;0;0;0;0;0
66231;2029;1;9;Gazprom Fairgrounds;0;8;24;0;0;0;0;0;0;0;0;0;0;0;0;;;;0;0;0;0;0;0;0;0;0;0;0;0;0;0;0;0;0;0;0;0;0;0;0;0;Regular Season;0;0;0;0;0;0;0;0;0;0
65979;2029;1;9;The Ranch;0;3;124;0;0;0;0;0;0;0;0;0;0;0;0;;;;0;0;0;0;0;0;0;0;0;0;0;0;0;0;0;0;0;0;0;0;0;0;0;0;Regular Season;0;0;0;0;0;0;0;0;0;0
65902;2029;1;9;Staples Center;0;28;31;0;0;0;0;0;0;0;0;0;0;0;0;;;;0;0;0;0;0;0;0;0;0;0;0;0;0;0;0;0;0;0;0;0;0;0;0;0;Regular Season;0;0;0;0;0;0;0;0;0;0
66000;2029;1;9;Los Pollos Arena;0;18;152;0;0;0;0;0;0;0;0;0;0;0;0;;;;0;0;0;0;0;0;0;0;0;0;0;0;0;0;0;0;0;0;0;0;0;0;0;0;Regular Season;0;0;0;0;0;0;0;0;0;0
66060;2029;1;9;PPG Paints Arena;0;9;27;0;0;0;0;0;0;0;0;0;0;0;0;;;;0;0;0;0;0;0;0;0;0;0;0;0;0;0;0;0;0;0;0;0;0;0;0;0;Regular Season;0;0;0;0;0;0;0;0;0;0
65992;2029;1;9;Bell Centre;0;0;12;0;0;0;0;0;0;0;0;0;0;0;0;;;;0;0;0;0;0;0;0;0;0;0;0;0;0;0;0;0;0;0;0;0;0;0;0;0;Regular Season;0;0;0;0;0;0;0;0;0;0
66028;2029;1;9;Centre Videotron;0;21;25;0;0;0;0;0;0;0;0;0;0;0;0;;;;0;0;0;0;0;0;0;0;0;0;0;0;0;0;0;0;0;0;0;0;0;0;0;0;Regular Season;0;0;0;0;0;0;0;0;0;0
66041;2029;1;9;Art Hauser Center;0;23;29;0;0;0;0;0;0;0;0;0;0;0;0;;;;0;0;0;0;0;0;0;0;0;0;0;0;0;0;0;0;0;0;0;0;0;0;0;0;Regular Season;0;0;0;0;0;0;0;0;0;0
65966;2029;1;9;Ball Arena;0;19;26;0;0;0;0;0;0;0;0;0;0;0;0;;;;0;0;0;0;0;0;0;0;0;0;0;0;0;0;0;0;0;0;0;0;0;0;0;0;Regular Season;0;0;0;0;0;0;0;0;0;0
66177;2029;1;10;Charles Ponzi Memorial Arena;0;7;18;0;0;0;0;0;0;0;0;0;0;0;0;;;;0;0;0;0;0;0;0;0;0;0;0;0;0;0;0;0;0;0;0;0;0;0;0;0;Regular Season;0;0;0;0;0;0;0;0;0;0
66015;2029;1;10;Scotiabank Arena;0;1;10;0;0;0;0;0;0;0;0;0;0;0;0;;;;0;0;0;0;0;0;0;0;0;0;0;0;0;0;0;0;0;0;0;0;0;0;0;0;Regular Season;0;0;0;0;0;0;0;0;0;0
66092;2029;1;11;The Ranch;0;3;20;0;0;0;0;0;0;0;0;0;0;0;0;;;;0;0;0;0;0;0;0;0;0;0;0;0;0;0;0;0;0;0;0;0;0;0;0;0;Regular Season;0;0;0;0;0;0;0;0;0;0
66085;2029;1;11;Scott Trade Center;0;10;2;0;0;0;0;0;0;0;0;0;0;0;0;;;;0;0;0;0;0;0;0;0;0;0;0;0;0;0;0;0;0;0;0;0;0;0;0;0;Regular Season;0;0;0;0;0;0;0;0;0;0
65984;2029;1;11;Lalo Salamanca Center;0;124;29;0;0;0;0;0;0;0;0;0;0;0;0;;;;0;0;0;0;0;0;0;0;0;0;0;0;0;0;0;0;0;0;0;0;0;0;0;0;Regular Season;0;0;0;0;0;0;0;0;0;0
65957;2029;1;11;Xcel Energy Center;0;25;154;0;0;0;0;0;0;0;0;0;0;0;0;;;;0;0;0;0;0;0;0;0;0;0;0;0;0;0;0;0;0;0;0;0;0;0;0;0;Regular Season;0;0;0;0;0;0;0;0;0;0
66141;2029;1;11;Art Hauser Center;0;23;7;0;0;0;0;0;0;0;0;0;0;0;0;;;;0;0;0;0;0;0;0;0;0;0;0;0;0;0;0;0;0;0;0;0;0;0;0;0;Regular Season;0;0;0;0;0;0;0;0;0;0
66080;2029;1;11;Gazprom Fairgrounds;0;8;0;0;0;0;0;0;0;0;0;0;0;0;0;;;;0;0;0;0;0;0;0;0;0;0;0;0;0;0;0;0;0;0;0;0;0;0;0;0;Regular Season;0;0;0;0;0;0;0;0;0;0
65931;2029;1;11;Ball Arena;0;19;14;0;0;0;0;0;0;0;0;0;0;0;0;;;;0;0;0;0;0;0;0;0;0;0;0;0;0;0;0;0;0;0;0;0;0;0;0;0;Regular Season;0;0;0;0;0;0;0;0;0;0
65911;2029;1;11;T-Mobile Arena;0;30;28;0;0;0;0;0;0;0;0;0;0;0;0;;;;0;0;0;0;0;0;0;0;0;0;0;0;0;0;0;0;0;0;0;0;0;0;0;0;Regular Season;0;0;0;0;0;0;0;0;0;0
66314;2029;1;12;UBS Arena;0;14;8;0;0;0;0;0;0;0;0;0;0;0;0;;;;0;0;0;0;0;0;0;0;0;0;0;0;0;0;0;0;0;0;0;0;0;0;0;0;Regular Season;0;0;0;0;0;0;0;0;0;0
66008;2029;1;12;BC Ferries Center;0;26;27;0;0;0;0;0;0;0;0;0;0;0;0;;;;0;0;0;0;0;0;0;0;0;0;0;0;0;0;0;0;0;0;0;0;0;0;0;0;Regular Season;0;0;0;0;0;0;0;0;0;0
66255;2029;1;12;Chase Field;0;20;30;0;0;0;0;0;0;0;0;0;0;0;0;;;;0;0;0;0;0;0;0;0;0;0;0;0;0;0;0;0;0;0;0;0;0;0;0;0;Regular Season;0;0;0;0;0;0;0;0;0;0
66051;2029;1;12;Los Pollos Arena;0;18;9;0;0;0;0;0;0;0;0;0;0;0;0;;;;0;0;0;0;0;0;0;0;0;0;0;0;0;0;0;0;0;0;0;0;0;0;0;0;Regular Season;0;0;0;0;0;0;0;0;0;0
66033;2029;1;12; Arena;0;154;1;0;0;0;0;0;0;0;0;0;0;0;0;;;;0;0;0;0;0;0;0;0;0;0;0;0;0;0;0;0;0;0;0;0;0;0;0;0;Regular Season;0;0;0;0;0;0;0;0;0;0
66089;2029;1;12;XL Center;0;29;21;0;0;0;0;0;0;0;0;0;0;0;0;;;;0;0;0;0;0;0;0;0;0;0;0;0;0;0;0;0;0;0;0;0;0;0;0;0;Regular Season;0;0;0;0;0;0;0;0;0;0
66009;2029;1;13;T-Mobile Center;0;152;27;0;0;0;0;0;0;0;0;0;0;0;0;;;;0;0;0;0;0;0;0;0;0;0;0;0;0;0;0;0;0;0;0;0;0;0;0;0;Regular Season;0;0;0;0;0;0;0;0;0;0
66050;2029;1;13;PPG Paints Arena;0;9;31;0;0;0;0;0;0;0;0;0;0;0;0;;;;0;0;0;0;0;0;0;0;0;0;0;0;0;0;0;0;0;0;0;0;0;0;0;0;Regular Season;0;0;0;0;0;0;0;0;0;0
66115;2029;1;13;Scott Trade Center;0;10;24;0;0;0;0;0;0;0;0;0;0;0;0;;;;0;0;0;0;0;0;0;0;0;0;0;0;0;0;0;0;0;0;0;0;0;0;0;0;Regular Season;0;0;0;0;0;0;0;0;0;0
66193;2029;1;13;Centre Videotron;0;21;17;0;0;0;0;0;0;0;0;0;0;0;0;;;;0;0;0;0;0;0;0;0;0;0;0;0;0;0;0;0;0;0;0;0;0;0;0;0;Regular Season;0;0;0;0;0;0;0;0;0;0
66203;2029;1;14;Charles Ponzi Memorial Arena;0;7;14;0;0;0;0;0;0;0;0;0;0;0;0;;;;0;0;0;0;0;0;0;0;0;0;0;0;0;0;0;0;0;0;0;0;0;0;0;0;Regular Season;0;0;0;0;0;0;0;0;0;0
66047;2029;1;14;Rogers Arena;0;12;154;0;0;0;0;0;0;0;0;0;0;0;0;;;;0;0;0;0;0;0;0;0;0;0;0;0;0;0;0;0;0;0;0;0;0;0;0;0;Regular Season;0;0;0;0;0;0;0;0;0;0
65954;2029;1;14;Prudential Center;0;17;28;0;0;0;0;0;0;0;0;0;0;0;0;;;;0;0;0;0;0;0;0;0;0;0;0;0;0;0;0;0;0;0;0;0;0;0;0;0;Regular Season;0;0;0;0;0;0;0;0;0;0
66058;2029;1;15; Arena;0;154;23;0;0;0;0;0;0;0;0;0;0;0;0;;;;0;0;0;0;0;0;0;0;0;0;0;0;0;0;0;0;0;0;0;0;0;0;0;0;Regular Season;0;0;0;0;0;0;0;0;0;0
66178;2029;1;15;Chase Field;0;20;21;0;0;0;0;0;0;0;0;0;0;0;0;;;;0;0;0;0;0;0;0;0;0;0;0;0;0;0;0;0;0;0;0;0;0;0;0;0;Regular Season;0;0;0;0;0;0;0;0;0;0
66435;2029;1;15;Scott Trade Center;0;10;18;0;0;0;0;0;0;0;0;0;0;0;0;;;;0;0;0;0;0;0;0;0;0;0;0;0;0;0;0;0;0;0;0;0;0;0;0;0;Regular Season;0;0;0;0;0;0;0;0;0;0
66061;2029;1;15;State Farm Arena;0;31;152;0;0;0;0;0;0;0;0;0;0;0;0;;;;0;0;0;0;0;0;0;0;0;0;0;0;0;0;0;0;0;0;0;0;0;0;0;0;Regular Season;0;0;0;0;0;0;0;0;0;0
65991;2029;1;15;Hell's Paradise;0;27;124;0;0;0;0;0;0;0;0;0;0;0;0;;;;0;0;0;0;0;0;0;0;0;0;0;0;0;0;0;0;0;0;0;0;0;0;0;0;Regular Season;0;0;0;0;0;0;0;0;0;0
66057;2029;1;15;PPG Paints Arena;0;9;12;0;0;0;0;0;0;0;0;0;0;0;0;;;;0;0;0;0;0;0;0;0;0;0;0;0;0;0;0;0;0;0;0;0;0;0;0;0;Regular Season;0;0;0;0;0;0;0;0;0;0
66120;2029;1;15;The Ranch;0;3;24;0;0;0;0;0;0;0;0;0;0;0;0;;;;0;0;0;0;0;0;0;0;0;0;0;0;0;0;0;0;0;0;0;0;0;0;0;0;Regular Season;0;0;0;0;0;0;0;0;0;0
66011;2029;1;16;BC Ferries Center;0;26;1;0;0;0;0;0;0;0;0;0;0;0;0;;;;0;0;0;0;0;0;0;0;0;0;0;0;0;0;0;0;0;0;0;0;0;0;0;0;Regular Season;0;0;0;0;0;0;0;0;0;0
66063;2029;1;16;Quack Den;0;24;31;0;0;0;0;0;0;0;0;0;0;0;0;;;;0;0;0;0;0;0;0;0;0;0;0;0;0;0;0;0;0;0;0;0;0;0;0;0;Regular Season;0;0;0;0;0;0;0;0;0;0
65959;2029;1;16;Centre Videotron;0;21;28;0;0;0;0;0;0;0;0;0;0;0;0;;;;0;0;0;0;0;0;0;0;0;0;0;0;0;0;0;0;0;0;0;0;0;0;0;0;Regular Season;0;0;0;0;0;0;0;0;0;0
66072;2029;1;16;Prudential Center;0;17;9;0;0;0;0;0;0;0;0;0;0;0;0;;;;0;0;0;0;0;0;0;0;0;0;0;0;0;0;0;0;0;0;0;0;0;0;0;0;Regular Season;0;0;0;0;0;0;0;0;0;0
66021;2029;1;16;Lalo Salamanca Center;0;124;25;0;0;0;0;0;0;0;0;0;0;0;0;;;;0;0;0;0;0;0;0;0;0;0;0;0;0;0;0;0;0;0;0;0;0;0;0;0;Regular Season;0;0;0;0;0;0;0;0;0;0
66107;2029;1;16;Bell Centre;0;0;7;0;0;0;0;0;0;0;0;0;0;0;0;;;;0;0;0;0;0;0;0;0;0;0;0;0;0;0;0;0;0;0;0;0;0;0;0;0;Regular Season;0;0;0;0;0;0;0;0;0;0
66071;2029;1;16;Art Hauser Center;0;23;27;0;0;0;0;0;0;0;0;0;0;0;0;;;;0;0;0;0;0;0;0;0;0;0;0;0;0;0;0;0;0;0;0;0;0;0;0;0;Regular Season;0;0;0;0;0;0;0;0;0;0
65998;2029;1;16;Scott Trade Center;0;10;19;0;0;0;0;0;0;0;0;0;0;0;0;;;;0;0;0;0;0;0;0;0;0;0;0;0;0;0;0;0;0;0;0;0;0;0;0;0;Regular Season;0;0;0;0;0;0;0;0;0;0
66016;2029;1;17;BC Ferries Center;0;26;152;0;0;0;0;0;0;0;0;0;0;0;0;;;;0;0;0;0;0;0;0;0;0;0;0;0;0;0;0;0;0;0;0;0;0;0;0;0;Regular Season;0;0;0;0;0;0;0;0;0;0
66148;2029;1;17;The Ranch;0;3;2;0;0;0;0;0;0;0;0;0;0;0;0;;;;0;0;0;0;0;0;0;0;0;0;0;0;0;0;0;0;0;0;0;0;0;0;0;0;Regular Season;0;0;0;0;0;0;0;0;0;0
66100;2029;1;17;Gazprom Fairgrounds;0;8;154;0;0;0;0;0;0;0;0;0;0;0;0;;;;0;0;0;0;0;0;0;0;0;0;0;0;0;0;0;0;0;0;0;0;0;0;0;0;Regular Season;0;0;0;0;0;0;0;0;0;0
66096;2029;1;17;Scotiabank Arena;0;1;20;0;0;0;0;0;0;0;0;0;0;0;0;;;;0;0;0;0;0;0;0;0;0;0;0;0;0;0;0;0;0;0;0;0;0;0;0;0;Regular Season;0;0;0;0;0;0;0;0;0;0
66105;2029;1;17;Prudential Center;0;17;25;0;0;0;0;0;0;0;0;0;0;0;0;;;;0;0;0;0;0;0;0;0;0;0;0;0;0;0;0;0;0;0;0;0;0;0;0;0;Regular Season;0;0;0;0;0;0;0;0;0;0
66232;2029;1;17;Bell Centre;0;0;7;0;0;0;0;0;0;0;0;0;0;0;0;;;;0;0;0;0;0;0;0;0;0;0;0;0;0;0;0;0;0;0;0;0;0;0;0;0;Regular Season;0;0;0;0;0;0;0;0;0;0
66067;2029;1;18;State Farm Arena;0;31;9;0;0;0;0;0;0;0;0;0;0;0;0;;;;0;0;0;0;0;0;0;0;0;0;0;0;0;0;0;0;0;0;0;0;0;0;0;0;Regular Season;0;0;0;0;0;0;0;0;0;0
66075;2029;1;18;XL Center;0;29;124;0;0;0;0;0;0;0;0;0;0;0;0;;;;0;0;0;0;0;0;0;0;0;0;0;0;0;0;0;0;0;0;0;0;0;0;0;0;Regular Season;0;0;0;0;0;0;0;0;0;0
66019;2029;1;18;Gazprom Fairgrounds;0;8;19;0;0;0;0;0;0;0;0;0;0;0;0;;;;0;0;0;0;0;0;0;0;0;0;0;0;0;0;0;0;0;0;0;0;0;0;0;0;Regular Season;0;0;0;0;0;0;0;0;0;0
65973;2029;1;18;Staples Center;0;28;14;0;0;0;0;0;0;0;0;0;0;0;0;;;;0;0;0;0;0;0;0;0;0;0;0;0;0;0;0;0;0;0;0;0;0;0;0;0;Regular Season;0;0;0;0;0;0;0;0;0;0
66159;2029;1;18;Centre Videotron;0;21;2;0;0;0;0;0;0;0;0;0;0;0;0;;;;0;0;0;0;0;0;0;0;0;0;0;0;0;0;0;0;0;0;0;0;0;0;0;0;Regular Season;0;0;0;0;0;0;0;0;0;0
66059;2029;1;18;Rogers Arena;0;12;24;0;0;0;0;0;0;0;0;0;0;0;0;;;;0;0;0;0;0;0;0;0;0;0;0;0;0;0;0;0;0;0;0;0;0;0;0;0;Regular Season;0;0;0;0;0;0;0;0;0;0
66127;2029;1;18;T-Mobile Arena;0;30;23;0;0;0;0;0;0;0;0;0;0;0;0;;;;0;0;0;0;0;0;0;0;0;0;0;0;0;0;0;0;0;0;0;0;0;0;0;0;Regular Season;0;0;0;0;0;0;0;0;0;0
66055;2029;1;18;T-Mobile Center;0;152;154;0;0;0;0;0;0;0;0;0;0;0;0;;;;0;0;0;0;0;0;0;0;0;0;0;0;0;0;0;0;0;0;0;0;0;0;0;0;Regular Season;0;0;0;0;0;0;0;0;0;0
66294;2029;1;18;Chase Field;0;20;10;0;0;0;0;0;0;0;0;0;0;0;0;;;;0;0;0;0;0;0;0;0;0;0;0;0;0;0;0;0;0;0;0;0;0;0;0;0;Regular Season;0;0;0;0;0;0;0;0;0;0
65976;2029;1;19;Staples Center;0;28;30;0;0;0;0;0;0;0;0;0;0;0;0;;;;0;0;0;0;0;0;0;0;0;0;0;0;0;0;0;0;0;0;0;0;0;0;0;0;Regular Season;0;0;0;0;0;0;0;0;0;0
66287;2029;1;19;The Ranch;0;3;9;0;0;0;0;0;0;0;0;0;0;0;0;;;;0;0;0;0;0;0;0;0;0;0;0;0;0;0;0;0;0;0;0;0;0;0;0;0;Regular Season;0;0;0;0;0;0;0;0;0;0
66175;2029;1;20;Gazprom Fairgrounds;0;8;3;0;0;0;0;0;0;0;0;0;0;0;0;;;;0;0;0;0;0;0;0;0;0;0;0;0;0;0;0;0;0;0;0;0;0;0;0;0;Regular Season;0;0;0;0;0;0;0;0;0;0
66536;2029;1;20;Rainier Beer Gardens & Arena;0;2;17;0;0;0;0;0;0;0;0;0;0;0;0;;;;0;0;0;0;0;0;0;0;0;0;0;0;0;0;0;0;0;0;0;0;0;0;0;0;Regular Season;0;0;0;0;0;0;0;0;0;0
66243;2029;1;20;Los Pollos Arena;0;18;0;0;0;0;0;0;0;0;0;0;0;0;0;;;;0;0;0;0;0;0;0;0;0;0;0;0;0;0;0;0;0;0;0;0;0;0;0;0;Regular Season;0;0;0;0;0;0;0;0;0;0
66025;2029;1;20;XL Center;0;29;19;0;0;0;0;0;0;0;0;0;0;0;0;;;;0;0;0;0;0;0;0;0;0;0;0;0;0;0;0;0;0;0;0;0;0;0;0;0;Regular Season;0;0;0;0;0;0;0;0;0;0
66014;2029;1;20;UBS Arena;0;14;26;0;0;0;0;0;0;0;0;0;0;0;0;;;;0;0;0;0;0;0;0;0;0;0;0;0;0;0;0;0;0;0;0;0;0;0;0;0;Regular Season;0;0;0;0;0;0;0;0;0;0
66094;2029;1;20;Xcel Energy Center;0;25;27;0;0;0;0;0;0;0;0;0;0;0;0;;;;0;0;0;0;0;0;0;0;0;0;0;0;0;0;0;0;0;0;0;0;0;0;0;0;Regular Season;0;0;0;0;0;0;0;0;0;0
66324;2029;1;21;T-Mobile Arena;0;30;7;0;0;0;0;0;0;0;0;0;0;0;0;;;;0;0;0;0;0;0;0;0;0;0;0;0;0;0;0;0;0;0;0;0;0;0;0;0;Regular Season;0;0;0;0;0;0;0;0;0;0
66090;2029;1;21;Rogers Arena;0;12;29;0;0;0;0;0;0;0;0;0;0;0;0;;;;0;0;0;0;0;0;0;0;0;0;0;0;0;0;0;0;0;0;0;0;0;0;0;0;Regular Season;0;0;0;0;0;0;0;0;0;0
66106;2029;1;21;UBS Arena;0;14;1;0;0;0;0;0;0;0;0;0;0;0;0;;;;0;0;0;0;0;0;0;0;0;0;0;0;0;0;0;0;0;0;0;0;0;0;0;0;Regular Season;0;0;0;0;0;0;0;0;0;0
66211;2029;1;22;Chase Field;0;20;3;0;0;0;0;0;0;0;0;0;0;0;0;;;;0;0;0;0;0;0;0;0;0;0;0;0;0;0;0;0;0;0;0;0;0;0;0;0;Regular Season;0;0;0;0;0;0;0;0;0;0
66110;2029;1;22;PPG Paints Arena;0;9;17;0;0;0;0;0;0;0;0;0;0;0;0;;;;0;0;0;0;0;0;0;0;0;0;0;0;0;0;0;0;0;0;0;0;0;0;0;0;Regular Season;0;0;0;0;0;0;0;0;0;0
66118;2029;1;22;Scotiabank Arena;0;1;27;0;0;0;0;0;0;0;0;0;0;0;0;;;;0;0;0;0;0;0;0;0;0;0;0;0;0;0;0;0;0;0;0;0;0;0;0;0;Regular Season;0;0;0;0;0;0;0;0;0;0
66265;2029;1;22;Los Pollos Arena;0;18;0;0;0;0;0;0;0;0;0;0;0;0;0;;;;0;0;0;0;0;0;0;0;0;0;0;0;0;0;0;0;0;0;0;0;0;0;0;0;Regular Season;0;0;0;0;0;0;0;0;0;0
66132;2029;1;22;State Farm Arena;0;31;21;0;0;0;0;0;0;0;0;0;0;0;0;;;;0;0;0;0;0;0;0;0;0;0;0;0;0;0;0;0;0;0;0;0;0;0;0;0;Regular Season;0;0;0;0;0;0;0;0;0;0
66087;2029;1;22;Gazprom Fairgrounds;0;8;124;0;0;0;0;0;0;0;0;0;0;0;0;;;;0;0;0;0;0;0;0;0;0;0;0;0;0;0;0;0;0;0;0;0;0;0;0;0;Regular Season;0;0;0;0;0;0;0;0;0;0
66073;2029;1;22;Scott Trade Center;0;10;152;0;0;0;0;0;0;0;0;0;0;0;0;;;;0;0;0;0;0;0;0;0;0;0;0;0;0;0;0;0;0;0;0;0;0;0;0;0;Regular Season;0;0;0;0;0;0;0;0;0;0
66066;2029;1;22;Quack Den;0;24;19;0;0;0;0;0;0;0;0;0;0;0;0;;;;0;0;0;0;0;0;0;0;0;0;0;0;0;0;0;0;0;0;0;0;0;0;0;0;Regular Season;0;0;0;0;0;0;0;0;0;0
66088;2029;1;23;T-Mobile Center;0;152;27;0;0;0;0;0;0;0;0;0;0;0;0;;;;0;0;0;0;0;0;0;0;0;0;0;0;0;0;0;0;0;0;0;0;0;0;0;0;Regular Season;0;0;0;0;0;0;0;0;0;0
66151;2029;1;23;Rogers Arena;0;12;21;0;0;0;0;0;0;0;0;0;0;0;0;;;;0;0;0;0;0;0;0;0;0;0;0;0;0;0;0;0;0;0;0;0;0;0;0;0;Regular Season;0;0;0;0;0;0;0;0;0;0
65982;2029;1;23;Staples Center;0;28;7;0;0;0;0;0;0;0;0;0;0;0;0;;;;0;0;0;0;0;0;0;0;0;0;0;0;0;0;0;0;0;0;0;0;0;0;0;0;Regular Season;0;0;0;0;0;0;0;0;0;0
66136;2029;1;23;Lalo Salamanca Center;0;124;20;0;0;0;0;0;0;0;0;0;0;0;0;;;;0;0;0;0;0;0;0;0;0;0;0;0;0;0;0;0;0;0;0;0;0;0;0;0;Regular Season;0;0;0;0;0;0;0;0;0;0
66048;2029;1;23;Quack Den;0;24;19;0;0;0;0;0;0;0;0;0;0;0;0;;;;0;0;0;0;0;0;0;0;0;0;0;0;0;0;0;0;0;0;0;0;0;0;0;0;Regular Season;0;0;0;0;0;0;0;0;0;0
66219;2029;1;23;T-Mobile Arena;0;30;154;0;0;0;0;0;0;0;0;0;0;0;0;;;;0;0;0;0;0;0;0;0;0;0;0;0;0;0;0;0;0;0;0;0;0;0;0;0;Regular Season;0;0;0;0;0;0;0;0;0;0
66083;2029;1;23;PPG Paints Arena;0;9;10;0;0;0;0;0;0;0;0;0;0;0;0;;;;0;0;0;0;0;0;0;0;0;0;0;0;0;0;0;0;0;0;0;0;0;0;0;0;Regular Season;0;0;0;0;0;0;0;0;0;0
66210;2029;1;23;Rainier Beer Gardens & Arena;0;2;14;0;0;0;0;0;0;0;0;0;0;0;0;;;;0;0;0;0;0;0;0;0;0;0;0;0;0;0;0;0;0;0;0;0;0;0;0;0;Regular Season;0;0;0;0;0;0;0;0;0;0
66109;2029;1;23;State Farm Arena;0;31;0;0;0;0;0;0;0;0;0;0;0;0;0;;;;0;0;0;0;0;0;0;0;0;0;0;0;0;0;0;0;0;0;0;0;0;0;0;0;Regular Season;0;0;0;0;0;0;0;0;0;0
66158;2029;1;23;XL Center;0;29;23;0;0;0;0;0;0;0;0;0;0;0;0;;;;0;0;0;0;0;0;0;0;0;0;0;0;0;0;0;0;0;0;0;0;0;0;0;0;Regular Season;0;0;0;0;0;0;0;0;0;0
66017;2029;1;23;BC Ferries Center;0;26;17;0;0;0;0;0;0;0;0;0;0;0;0;;;;0;0;0;0;0;0;0;0;0;0;0;0;0;0;0;0;0;0;0;0;0;0;0;0;Regular Season;0;0;0;0;0;0;0;0;0;0
66024;2029;1;24;Rainier Beer Gardens & Arena;0;2;28;0;0;0;0;0;0;0;0;0;0;0;0;;;;0;0;0;0;0;0;0;0;0;0;0;0;0;0;0;0;0;0;0;0;0;0;0;0;Regular Season;0;0;0;0;0;0;0;0;0;0
66119;2029;1;25;Scotiabank Arena;0;1;30;0;0;0;0;0;0;0;0;0;0;0;0;;;;0;0;0;0;0;0;0;0;0;0;0;0;0;0;0;0;0;0;0;0;0;0;0;0;Regular Season;0;0;0;0;0;0;0;0;0;0
66099;2029;1;25; Arena;0;154;31;0;0;0;0;0;0;0;0;0;0;0;0;;;;0;0;0;0;0;0;0;0;0;0;0;0;0;0;0;0;0;0;0;0;0;0;0;0;Regular Season;0;0;0;0;0;0;0;0;0;0
66045;2029;1;25;Gazprom Fairgrounds;0;8;26;0;0;0;0;0;0;0;0;0;0;0;0;;;;0;0;0;0;0;0;0;0;0;0;0;0;0;0;0;0;0;0;0;0;0;0;0;0;Regular Season;0;0;0;0;0;0;0;0;0;0
66101;2029;1;25;The Ranch;0;3;152;0;0;0;0;0;0;0;0;0;0;0;0;;;;0;0;0;0;0;0;0;0;0;0;0;0;0;0;0;0;0;0;0;0;0;0;0;0;Regular Season;0;0;0;0;0;0;0;0;0;0
66133;2029;1;25;PPG Paints Arena;0;9;24;0;0;0;0;0;0;0;0;0;0;0;0;;;;0;0;0;0;0;0;0;0;0;0;0;0;0;0;0;0;0;0;0;0;0;0;0;0;Regular Season;0;0;0;0;0;0;0;0;0;0
66163;2029;1;25;Rogers Arena;0;12;23;0;0;0;0;0;0;0;0;0;0;0;0;;;;0;0;0;0;0;0;0;0;0;0;0;0;0;0;0;0;0;0;0;0;0;0;0;0;Regular Season;0;0;0;0;0;0;0;0;0;0
66112;2029;1;25;Scott Trade Center;0;10;25;0;0;0;0;0;0;0;0;0;0;0;0;;;;0;0;0;0;0;0;0;0;0;0;0;0;0;0;0;0;0;0;0;0;0;0;0;0;Regular Season;0;0;0;0;0;0;0;0;0;0
66150;2029;1;26;Scotiabank Arena;0;1;23;0;0;0;0;0;0;0;0;0;0;0;0;;;;0;0;0;0;0;0;0;0;0;0;0;0;0;0;0;0;0;0;0;0;0;0;0;0;Regular Season;0;0;0;0;0;0;0;0;0;0
66068;2029;1;26;Ball Arena;0;19;8;0;0;0;0;0;0;0;0;0;0;0;0;;;;0;0;0;0;0;0;0;0;0;0;0;0;0;0;0;0;0;0;0;0;0;0;0;0;Regular Season;0;0;0;0;0;0;0;0;0;0
66142;2029;1;26;Xcel Energy Center;0;25;7;0;0;0;0;0;0;0;0;0;0;0;0;;;;0;0;0;0;0;0;0;0;0;0;0;0;0;0;0;0;0;0;0;0;0;0;0;0;Regular Season;0;0;0;0;0;0;0;0;0;0
66171;2029;1;26; Arena;0;154;17;0;0;0;0;0;0;0;0;0;0;0;0;;;;0;0;0;0;0;0;0;0;0;0;0;0;0;0;0;0;0;0;0;0;0;0;0;0;Regular Season;0;0;0;0;0;0;0;0;0;0
66440;2029;1;26;T-Mobile Arena;0;30;14;0;0;0;0;0;0;0;0;0;0;0;0;;;;0;0;0;0;0;0;0;0;0;0;0;0;0;0;0;0;0;0;0;0;0;0;0;0;Regular Season;0;0;0;0;0;0;0;0;0;0
66384;2029;1;26;State Farm Arena;0;31;10;0;0;0;0;0;0;0;0;0;0;0;0;;;;0;0;0;0;0;0;0;0;0;0;0;0;0;0;0;0;0;0;0;0;0;0;0;0;Regular Season;0;0;0;0;0;0;0;0;0;0
66046;2029;1;26;XL Center;0;29;28;0;0;0;0;0;0;0;0;0;0;0;0;;;;0;0;0;0;0;0;0;0;0;0;0;0;0;0;0;0;0;0;0;0;0;0;0;0;Regular Season;0;0;0;0;0;0;0;0;0;0
66181;2029;1;26;Rogers Arena;0;12;0;0;0;0;0;0;0;0;0;0;0;0;0;;;;0;0;0;0;0;0;0;0;0;0;0;0;0;0;0;0;0;0;0;0;0;0;0;0;Regular Season;0;0;0;0;0;0;0;0;0;0
66078;2029;1;26;BC Ferries Center;0;26;124;0;0;0;0;0;0;0;0;0;0;0;0;;;;0;0;0;0;0;0;0;0;0;0;0;0;0;0;0;0;0;0;0;0;0;0;0;0;Regular Season;0;0;0;0;0;0;0;0;0;0
66134;2029;1;27;XL Center;0;29;7;0;0;0;0;0;0;0;0;0;0;0;0;;;;0;0;0;0;0;0;0;0;0;0;0;0;0;0;0;0;0;0;0;0;0;0;0;0;Regular Season;0;0;0;0;0;0;0;0;0;0
66129;2029;1;27;Los Pollos Arena;0;18;27;0;0;0;0;0;0;0;0;0;0;0;0;;;;0;0;0;0;0;0;0;0;0;0;0;0;0;0;0;0;0;0;0;0;0;0;0;0;Regular Season;0;0;0;0;0;0;0;0;0;0
66140;2029;1;27;T-Mobile Center;0;152;9;0;0;0;0;0;0;0;0;0;0;0;0;;;;0;0;0;0;0;0;0;0;0;0;0;0;0;0;0;0;0;0;0;0;0;0;0;0;Regular Season;0;0;0;0;0;0;0;0;0;0
66332;2029;1;28;Chase Field;0;20;18;0;0;0;0;0;0;0;0;0;0;0;0;;;;0;0;0;0;0;0;0;0;0;0;0;0;0;0;0;0;0;0;0;0;0;0;0;0;Regular Season;0;0;0;0;0;0;0;0;0;0
66183;2029;1;28;Xcel Energy Center;0;25;21;0;0;0;0;0;0;0;0;0;0;0;0;;;;0;0;0;0;0;0;0;0;0;0;0;0;0;0;0;0;0;0;0;0;0;0;0;0;Regular Season;0;0;0;0;0;0;0;0;0;0
66229;2029;1;28;Lalo Salamanca Center;0;124;2;0;0;0;0;0;0;0;0;0;0;0;0;;;;0;0;0;0;0;0;0;0;0;0;0;0;0;0;0;0;0;0;0;0;0;0;0;0;Regular Season;0;0;0;0;0;0;0;0;0;0
66069;2029;1;29;Ball Arena;0;19;0;0;0;0;0;0;0;0;0;0;0;0;0;;;;0;0;0;0;0;0;0;0;0;0;0;0;0;0;0;0;0;0;0;0;0;0;0;0;Regular Season;0;0;0;0;0;0;0;0;0;0
66411;2029;1;29;The Ranch;0;3;2;0;0;0;0;0;0;0;0;0;0;0;0;;;;0;0;0;0;0;0;0;0;0;0;0;0;0;0;0;0;0;0;0;0;0;0;0;0;Regular Season;0;0;0;0;0;0;0;0;0;0
66137;2029;1;29;Xcel Energy Center;0;25;28;0;0;0;0;0;0;0;0;0;0;0;0;;;;0;0;0;0;0;0;0;0;0;0;0;0;0;0;0;0;0;0;0;0;0;0;0;0;Regular Season;0;0;0;0;0;0;0;0;0;0
66116;2029;1;29;BC Ferries Center;0;26;23;0;0;0;0;0;0;0;0;0;0;0;0;;;;0;0;0;0;0;0;0;0;0;0;0;0;0;0;0;0;0;0;0;0;0;0;0;0;Regular Season;0;0;0;0;0;0;0;0;0;0
66167;2029;1;29;Charles Ponzi Memorial Arena;0;7;29;0;0;0;0;0;0;0;0;0;0;0;0;;;;0;0;0;0;0;0;0;0;0;0;0;0;0;0;0;0;0;0;0;0;0;0;0;0;Regular Season;0;0;0;0;0;0;0;0;0;0
66113;2029;1;29;Gazprom Fairgrounds;0;8;9;0;0;0;0;0;0;0;0;0;0;0;0;;;;0;0;0;0;0;0;0;0;0;0;0;0;0;0;0;0;0;0;0;0;0;0;0;0;Regular Season;0;0;0;0;0;0;0;0;0;0
66152;2029;1;29;T-Mobile Center;0;152;14;0;0;0;0;0;0;0;0;0;0;0;0;;;;0;0;0;0;0;0;0;0;0;0;0;0;0;0;0;0;0;0;0;0;0;0;0;0;Regular Season;0;0;0;0;0;0;0;0;0;0
66102;2029;1;30;PPG Paints Arena;0;9;152;0;0;0;0;0;0;0;0;0;0;0;0;;;;0;0;0;0;0;0;0;0;0;0;0;0;0;0;0;0;0;0;0;0;0;0;0;0;Regular Season;0;0;0;0;0;0;0;0;0;0
66149;2029;1;30;Hell's Paradise;0;27;23;0;0;0;0;0;0;0;0;0;0;0;0;;;;0;0;0;0;0;0;0;0;0;0;0;0;0;0;0;0;0;0;0;0;0;0;0;0;Regular Season;0;0;0;0;0;0;0;0;0;0
66186;2029;1;30;Prudential Center;0;17;14;0;0;0;0;0;0;0;0;0;0;0;0;;;;0;0;0;0;0;0;0;0;0;0;0;0;0;0;0;0;0;0;0;0;0;0;0;0;Regular Season;0;0;0;0;0;0;0;0;0;0
66145;2029;1;30;State Farm Arena;0;31;24;0;0;0;0;0;0;0;0;0;0;0;0;;;;0;0;0;0;0;0;0;0;0;0;0;0;0;0;0;0;0;0;0;0;0;0;0;0;Regular Season;0;0;0;0;0;0;0;0;0;0
66103;2029;1;30;Bell Centre;0;0;28;0;0;0;0;0;0;0;0;0;0;0;0;;;;0;0;0;0;0;0;0;0;0;0;0;0;0;0;0;0;0;0;0;0;0;0;0;0;Regular Season;0;0;0;0;0;0;0;0;0;0
66114;2029;1;30;Gazprom Fairgrounds;0;8;154;0;0;0;0;0;0;0;0;0;0;0;0;;;;0;0;0;0;0;0;0;0;0;0;0;0;0;0;0;0;0;0;0;0;0;0;0;0;Regular Season;0;0;0;0;0;0;0;0;0;0
66164;2029;1;30;Rogers Arena;0;12;10;0;0;0;0;0;0;0;0;0;0;0;0;;;;0;0;0;0;0;0;0;0;0;0;0;0;0;0;0;0;0;0;0;0;0;0;0;0;Regular Season;0;0;0;0;0;0;0;0;0;0
66091;2029;1;30;Lalo Salamanca Center;0;124;19;0;0;0;0;0;0;0;0;0;0;0;0;;;;0;0;0;0;0;0;0;0;0;0;0;0;0;0;0;0;0;0;0;0;0;0;0;0;Regular Season;0;0;0;0;0;0;0;0;0;0
66122;2029;1;30;BC Ferries Center;0;26;21;0;0;0;0;0;0;0;0;0;0;0;0;;;;0;0;0;0;0;0;0;0;0;0;0;0;0;0;0;0;0;0;0;0;0;0;0;0;Regular Season;0;0;0;0;0;0;0;0;0;0
66312;2029;1;30;Los Pollos Arena;0;18;1;0;0;0;0;0;0;0;0;0;0;0;0;;;;0;0;0;0;0;0;0;0;0;0;0;0;0;0;0;0;0;0;0;0;0;0;0;0;Regular Season;0;0;0;0;0;0;0;0;0;0
66264;2029;1;31;Los Pollos Arena;0;18;25;0;0;0;0;0;0;0;0;0;0;0;0;;;;0;0;0;0;0;0;0;0;0;0;0;0;0;0;0;0;0;0;0;0;0;0;0;0;Regular Season;0;0;0;0;0;0;0;0;0;0
66185;2029;1;31;Rogers Arena;0;12;2;0;0;0;0;0;0;0;0;0;0;0;0;;;;0;0;0;0;0;0;0;0;0;0;0;0;0;0;0;0;0;0;0;0;0;0;0;0;Regular Season;0;0;0;0;0;0;0;0;0;0
66138;2029;2;1;Chase Field;0;20;124;0;0;0;0;0;0;0;0;0;0;0;0;;;;0;0;0;0;0;0;0;0;0;0;0;0;0;0;0;0;0;0;0;0;0;0;0;0;Regular Season;0;0;0;0;0;0;0;0;0;0
66381;2029;2;1;Scott Trade Center;0;10;3;0;0;0;0;0;0;0;0;0;0;0;0;;;;0;0;0;0;0;0;0;0;0;0;0;0;0;0;0;0;0;0;0;0;0;0;0;0;Regular Season;0;0;0;0;0;0;0;0;0;0
66179;2029;2;1; Arena;0;154;30;0;0;0;0;0;0;0;0;0;0;0;0;;;;0;0;0;0;0;0;0;0;0;0;0;0;0;0;0;0;0;0;0;0;0;0;0;0;Regular Season;0;0;0;0;0;0;0;0;0;0
66121;2029;2;1;Centre Videotron;0;21;28;0;0;0;0;0;0;0;0;0;0;0;0;;;;0;0;0;0;0;0;0;0;0;0;0;0;0;0;0;0;0;0;0;0;0;0;0;0;Regular Season;0;0;0;0;0;0;0;0;0;0
66155;2029;2;1;State Farm Arena;0;31;1;0;0;0;0;0;0;0;0;0;0;0;0;;;;0;0;0;0;0;0;0;0;0;0;0;0;0;0;0;0;0;0;0;0;0;0;0;0;Regular Season;0;0;0;0;0;0;0;0;0;0
66293;2029;2;1;Prudential Center;0;17;14;0;0;0;0;0;0;0;0;0;0;0;0;;;;0;0;0;0;0;0;0;0;0;0;0;0;0;0;0;0;0;0;0;0;0;0;0;0;Regular Season;0;0;0;0;0;0;0;0;0;0
66097;2029;2;1;Gazprom Fairgrounds;0;8;27;0;0;0;0;0;0;0;0;0;0;0;0;;;;0;0;0;0;0;0;0;0;0;0;0;0;0;0;0;0;0;0;0;0;0;0;0;0;Regular Season;0;0;0;0;0;0;0;0;0;0
66108;2029;2;1;XL Center;0;29;26;0;0;0;0;0;0;0;0;0;0;0;0;;;;0;0;0;0;0;0;0;0;0;0;0;0;0;0;0;0;0;0;0;0;0;0;0;0;Regular Season;0;0;0;0;0;0;0;0;0;0
66153;2029;2;2;Quack Den;0;24;152;0;0;0;0;0;0;0;0;0;0;0;0;;;;0;0;0;0;0;0;0;0;0;0;0;0;0;0;0;0;0;0;0;0;0;0;0;0;Regular Season;0;0;0;0;0;0;0;0;0;0
66207;2029;2;2;XL Center;0;29;18;0;0;0;0;0;0;0;0;0;0;0;0;;;;0;0;0;0;0;0;0;0;0;0;0;0;0;0;0;0;0;0;0;0;0;0;0;0;Regular Season;0;0;0;0;0;0;0;0;0;0
66251;2029;2;2;State Farm Arena;0;31;25;0;0;0;0;0;0;0;0;0;0;0;0;;;;0;0;0;0;0;0;0;0;0;0;0;0;0;0;0;0;0;0;0;0;0;0;0;0;Regular Season;0;0;0;0;0;0;0;0;0;0
66161;2029;2;2;Hell's Paradise;0;27;30;0;0;0;0;0;0;0;0;0;0;0;0;;;;0;0;0;0;0;0;0;0;0;0;0;0;0;0;0;0;0;0;0;0;0;0;0;0;Regular Season;0;0;0;0;0;0;0;0;0;0
66230;2029;2;2;Charles Ponzi Memorial Arena;0;7;12;0;0;0;0;0;0;0;0;0;0;0;0;;;;0;0;0;0;0;0;0;0;0;0;0;0;0;0;0;0;0;0;0;0;0;0;0;0;Regular Season;0;0;0;0;0;0;0;0;0;0
66135;2029;2;2;Scott Trade Center;0;10;124;0;0;0;0;0;0;0;0;0;0;0;0;;;;0;0;0;0;0;0;0;0;0;0;0;0;0;0;0;0;0;0;0;0;0;0;0;0;Regular Season;0;0;0;0;0;0;0;0;0;0
66337;2029;2;3;Charles Ponzi Memorial Arena;0;7;17;0;0;0;0;0;0;0;0;0;0;0;0;;;;0;0;0;0;0;0;0;0;0;0;0;0;0;0;0;0;0;0;0;0;0;0;0;0;Regular Season;0;0;0;0;0;0;0;0;0;0
66166;2029;2;3;Chase Field;0;20;23;0;0;0;0;0;0;0;0;0;0;0;0;;;;0;0;0;0;0;0;0;0;0;0;0;0;0;0;0;0;0;0;0;0;0;0;0;0;Regular Season;0;0;0;0;0;0;0;0;0;0
66209;2029;2;3;Quack Den;0;24;1;0;0;0;0;0;0;0;0;0;0;0;0;;;;0;0;0;0;0;0;0;0;0;0;0;0;0;0;0;0;0;0;0;0;0;0;0;0;Regular Season;0;0;0;0;0;0;0;0;0;0
66190;2029;2;4;Bell Centre;0;0;21;0;0;0;0;0;0;0;0;0;0;0;0;;;;0;0;0;0;0;0;0;0;0;0;0;0;0;0;0;0;0;0;0;0;0;0;0;0;Regular Season;0;0;0;0;0;0;0;0;0;0
66095;2029;2;4;Ball Arena;0;19;9;0;0;0;0;0;0;0;0;0;0;0;0;;;;0;0;0;0;0;0;0;0;0;0;0;0;0;0;0;0;0;0;0;0;0;0;0;0;Regular Season;0;0;0;0;0;0;0;0;0;0
66485;2029;2;4; Arena;0;154;3;0;0;0;0;0;0;0;0;0;0;0;0;;;;0;0;0;0;0;0;0;0;0;0;0;0;0;0;0;0;0;0;0;0;0;0;0;0;Regular Season;0;0;0;0;0;0;0;0;0;0
66289;2029;2;4;T-Mobile Arena;0;30;20;0;0;0;0;0;0;0;0;0;0;0;0;;;;0;0;0;0;0;0;0;0;0;0;0;0;0;0;0;0;0;0;0;0;0;0;0;0;Regular Season;0;0;0;0;0;0;0;0;0;0
66269;2029;2;5;Scott Trade Center;0;10;0;0;0;0;0;0;0;0;0;0;0;0;0;;;;0;0;0;0;0;0;0;0;0;0;0;0;0;0;0;0;0;0;0;0;0;0;0;0;Regular Season;0;0;0;0;0;0;0;0;0;0
66188;2029;2;5;Art Hauser Center;0;23;30;0;0;0;0;0;0;0;0;0;0;0;0;;;;0;0;0;0;0;0;0;0;0;0;0;0;0;0;0;0;0;0;0;0;0;0;0;0;Regular Season;0;0;0;0;0;0;0;0;0;0
66200;2029;2;5;BC Ferries Center;0;26;14;0;0;0;0;0;0;0;0;0;0;0;0;;;;0;0;0;0;0;0;0;0;0;0;0;0;0;0;0;0;0;0;0;0;0;0;0;0;Regular Season;0;0;0;0;0;0;0;0;0;0
66216;2029;2;5;Rainier Beer Gardens & Arena;0;2;29;0;0;0;0;0;0;0;0;0;0;0;0;;;;0;0;0;0;0;0;0;0;0;0;0;0;0;0;0;0;0;0;0;0;0;0;0;0;Regular Season;0;0;0;0;0;0;0;0;0;0
66187;2029;2;5;Staples Center;0;28;3;0;0;0;0;0;0;0;0;0;0;0;0;;;;0;0;0;0;0;0;0;0;0;0;0;0;0;0;0;0;0;0;0;0;0;0;0;0;Regular Season;0;0;0;0;0;0;0;0;0;0
66130;2029;2;5;PPG Paints Arena;0;9;152;0;0;0;0;0;0;0;0;0;0;0;0;;;;0;0;0;0;0;0;0;0;0;0;0;0;0;0;0;0;0;0;0;0;0;0;0;0;Regular Season;0;0;0;0;0;0;0;0;0;0
66182;2029;2;5;Rogers Arena;0;12;8;0;0;0;0;0;0;0;0;0;0;0;0;;;;0;0;0;0;0;0;0;0;0;0;0;0;0;0;0;0;0;0;0;0;0;0;0;0;Regular Season;0;0;0;0;0;0;0;0;0;0
66292;2029;2;6;Prudential Center;0;17;25;0;0;0;0;0;0;0;0;0;0;0;0;;;;0;0;0;0;0;0;0;0;0;0;0;0;0;0;0;0;0;0;0;0;0;0;0;0;Regular Season;0;0;0;0;0;0;0;0;0;0
66162;2029;2;6;Chase Field;0;20;124;0;0;0;0;0;0;0;0;0;0;0;0;;;;0;0;0;0;0;0;0;0;0;0;0;0;0;0;0;0;0;0;0;0;0;0;0;0;Regular Season;0;0;0;0;0;0;0;0;0;0
66239;2029;2;6;Charles Ponzi Memorial Arena;0;7;23;0;0;0;0;0;0;0;0;0;0;0;0;;;;0;0;0;0;0;0;0;0;0;0;0;0;0;0;0;0;0;0;0;0;0;0;0;0;Regular Season;0;0;0;0;0;0;0;0;0;0
66220;2029;2;6;Rogers Arena;0;12;14;0;0;0;0;0;0;0;0;0;0;0;0;;;;0;0;0;0;0;0;0;0;0;0;0;0;0;0;0;0;0;0;0;0;0;0;0;0;Regular Season;0;0;0;0;0;0;0;0;0;0
66156;2029;2;6;Hell's Paradise;0;27;26;0;0;0;0;0;0;0;0;0;0;0;0;;;;0;0;0;0;0;0;0;0;0;0;0;0;0;0;0;0;0;0;0;0;0;0;0;0;Regular Season;0;0;0;0;0;0;0;0;0;0
66495;2029;2;6;State Farm Arena;0;31;10;0;0;0;0;0;0;0;0;0;0;0;0;;;;0;0;0;0;0;0;0;0;0;0;0;0;0;0;0;0;0;0;0;0;0;0;0;0;Regular Season;0;0;0;0;0;0;0;0;0;0
66104;2029;2;6;Ball Arena;0;19;18;0;0;0;0;0;0;0;0;0;0;0;0;;;;0;0;0;0;0;0;0;0;0;0;0;0;0;0;0;0;0;0;0;0;0;0;0;0;Regular Season;0;0;0;0;0;0;0;0;0;0
66248;2029;2;6;Quack Den;0;24;2;0;0;0;0;0;0;0;0;0;0;0;0;;;;0;0;0;0;0;0;0;0;0;0;0;0;0;0;0;0;0;0;0;0;0;0;0;0;Regular Season;0;0;0;0;0;0;0;0;0;0
66111;2029;2;7;Chase Field;0;20;19;0;0;0;0;0;0;0;0;0;0;0;0;;;;0;0;0;0;0;0;0;0;0;0;0;0;0;0;0;0;0;0;0;0;0;0;0;0;Regular Season;0;0;0;0;0;0;0;0;0;0
66279;2029;2;7;T-Mobile Arena;0;30;24;0;0;0;0;0;0;0;0;0;0;0;0;;;;0;0;0;0;0;0;0;0;0;0;0;0;0;0;0;0;0;0;0;0;0;0;0;0;Regular Season;0;0;0;0;0;0;0;0;0;0
66154;2029;2;7;Gazprom Fairgrounds;0;8;152;0;0;0;0;0;0;0;0;0;0;0;0;;;;0;0;0;0;0;0;0;0;0;0;0;0;0;0;0;0;0;0;0;0;0;0;0;0;Regular Season;0;0;0;0;0;0;0;0;0;0
66172;2029;2;7;Hell's Paradise;0;27;28;0;0;0;0;0;0;0;0;0;0;0;0;;;;0;0;0;0;0;0;0;0;0;0;0;0;0;0;0;0;0;0;0;0;0;0;0;0;Regular Season;0;0;0;0;0;0;0;0;0;0
66144;2029;2;7;PPG Paints Arena;0;9;29;0;0;0;0;0;0;0;0;0;0;0;0;;;;0;0;0;0;0;0;0;0;0;0;0;0;0;0;0;0;0;0;0;0;0;0;0;0;Regular Season;0;0;0;0;0;0;0;0;0;0
66315;2029;2;8;Scotiabank Arena;0;1;0;0;0;0;0;0;0;0;0;0;0;0;0;;;;0;0;0;0;0;0;0;0;0;0;0;0;0;0;0;0;0;0;0;0;0;0;0;0;Regular Season;0;0;0;0;0;0;0;0;0;0
66157;2029;2;8;XL Center;0;29;28;0;0;0;0;0;0;0;0;0;0;0;0;;;;0;0;0;0;0;0;0;0;0;0;0;0;0;0;0;0;0;0;0;0;0;0;0;0;Regular Season;0;0;0;0;0;0;0;0;0;0
66170;2029;2;8; Arena;0;154;8;0;0;0;0;0;0;0;0;0;0;0;0;;;;0;0;0;0;0;0;0;0;0;0;0;0;0;0;0;0;0;0;0;0;0;0;0;0;Regular Season;0;0;0;0;0;0;0;0;0;0
66259;2029;2;8;State Farm Arena;0;31;7;0;0;0;0;0;0;0;0;0;0;0;0;;;;0;0;0;0;0;0;0;0;0;0;0;0;0;0;0;0;0;0;0;0;0;0;0;0;Regular Season;0;0;0;0;0;0;0;0;0;0
66199;2029;2;8;Centre Videotron;0;21;12;0;0;0;0;0;0;0;0;0;0;0;0;;;;0;0;0;0;0;0;0;0;0;0;0;0;0;0;0;0;0;0;0;0;0;0;0;0;Regular Season;0;0;0;0;0;0;0;0;0;0
66165;2029;2;8;BC Ferries Center;0;26;30;0;0;0;0;0;0;0;0;0;0;0;0;;;;0;0;0;0;0;0;0;0;0;0;0;0;0;0;0;0;0;0;0;0;0;0;0;0;Regular Season;0;0;0;0;0;0;0;0;0;0
66266;2029;2;8;Scott Trade Center;0;10;25;0;0;0;0;0;0;0;0;0;0;0;0;;;;0;0;0;0;0;0;0;0;0;0;0;0;0;0;0;0;0;0;0;0;0;0;0;0;Regular Season;0;0;0;0;0;0;0;0;0;0
66169;2029;2;8;Los Pollos Arena;0;18;124;0;0;0;0;0;0;0;0;0;0;0;0;;;;0;0;0;0;0;0;0;0;0;0;0;0;0;0;0;0;0;0;0;0;0;0;0;0;Regular Season;0;0;0;0;0;0;0;0;0;0
66202;2029;2;8;UBS Arena;0;14;9;0;0;0;0;0;0;0;0;0;0;0;0;;;;0;0;0;0;0;0;0;0;0;0;0;0;0;0;0;0;0;0;0;0;0;0;0;0;Regular Season;0;0;0;0;0;0;0;0;0;0
66195;2029;2;9;Art Hauser Center;0;23;18;0;0;0;0;0;0;0;0;0;0;0;0;;;;0;0;0;0;0;0;0;0;0;0;0;0;0;0;0;0;0;0;0;0;0;0;0;0;Regular Season;0;0;0;0;0;0;0;0;0;0
66309;2029;2;9;State Farm Arena;0;31;24;0;0;0;0;0;0;0;0;0;0;0;0;;;;0;0;0;0;0;0;0;0;0;0;0;0;0;0;0;0;0;0;0;0;0;0;0;0;Regular Season;0;0;0;0;0;0;0;0;0;0
66123;2029;2;9;The Ranch;0;3;19;0;0;0;0;0;0;0;0;0;0;0;0;;;;0;0;0;0;0;0;0;0;0;0;0;0;0;0;0;0;0;0;0;0;0;0;0;0;Regular Season;0;0;0;0;0;0;0;0;0;0
66194;2029;2;9;Lalo Salamanca Center;0;124;17;0;0;0;0;0;0;0;0;0;0;0;0;;;;0;0;0;0;0;0;0;0;0;0;0;0;0;0;0;0;0;0;0;0;0;0;0;0;Regular Season;0;0;0;0;0;0;0;0;0;0
66295;2029;2;9;Chase Field;0;20;10;0;0;0;0;0;0;0;0;0;0;0;0;;;;0;0;0;0;0;0;0;0;0;0;0;0;0;0;0;0;0;0;0;0;0;0;0;0;Regular Season;0;0;0;0;0;0;0;0;0;0
66328;2029;2;9; Arena;0;154;1;0;0;0;0;0;0;0;0;0;0;0;0;;;;0;0;0;0;0;0;0;0;0;0;0;0;0;0;0;0;0;0;0;0;0;0;0;0;Regular Season;0;0;0;0;0;0;0;0;0;0
66160;2029;2;9;Centre Videotron;0;21;152;0;0;0;0;0;0;0;0;0;0;0;0;;;;0;0;0;0;0;0;0;0;0;0;0;0;0;0;0;0;0;0;0;0;0;0;0;0;Regular Season;0;0;0;0;0;0;0;0;0;0
66306;2029;2;10;Charles Ponzi Memorial Arena;0;7;25;0;0;0;0;0;0;0;0;0;0;0;0;;;;0;0;0;0;0;0;0;0;0;0;0;0;0;0;0;0;0;0;0;0;0;0;0;0;Regular Season;0;0;0;0;0;0;0;0;0;0
66217;2029;2;11;Centre Videotron;0;21;2;0;0;0;0;0;0;0;0;0;0;0;0;;;;0;0;0;0;0;0;0;0;0;0;0;0;0;0;0;0;0;0;0;0;0;0;0;0;Regular Season;0;0;0;0;0;0;0;0;0;0
66180;2029;2;11;Hell's Paradise;0;27;3;0;0;0;0;0;0;0;0;0;0;0;0;;;;0;0;0;0;0;0;0;0;0;0;0;0;0;0;0;0;0;0;0;0;0;0;0;0;Regular Season;0;0;0;0;0;0;0;0;0;0
66321;2029;2;11;Bell Centre;0;0;31;0;0;0;0;0;0;0;0;0;0;0;0;;;;0;0;0;0;0;0;0;0;0;0;0;0;0;0;0;0;0;0;0;0;0;0;0;0;Regular Season;0;0;0;0;0;0;0;0;0;0
66221;2029;2;12;Lalo Salamanca Center;0;124;12;0;0;0;0;0;0;0;0;0;0;0;0;;;;0;0;0;0;0;0;0;0;0;0;0;0;0;0;0;0;0;0;0;0;0;0;0;0;Regular Season;0;0;0;0;0;0;0;0;0;0
66271;2029;2;12;Scott Trade Center;0;10;23;0;0;0;0;0;0;0;0;0;0;0;0;;;;0;0;0;0;0;0;0;0;0;0;0;0;0;0;0;0;0;0;0;0;0;0;0;0;Regular Season;0;0;0;0;0;0;0;0;0;0
66226;2029;2;12;Rainier Beer Gardens & Arena;0;2;26;0;0;0;0;0;0;0;0;0;0;0;0;;;;0;0;0;0;0;0;0;0;0;0;0;0;0;0;0;0;0;0;0;0;0;0;0;0;Regular Season;0;0;0;0;0;0;0;0;0;0
66204;2029;2;12;Staples Center;0;28;17;0;0;0;0;0;0;0;0;0;0;0;0;;;;0;0;0;0;0;0;0;0;0;0;0;0;0;0;0;0;0;0;0;0;0;0;0;0;Regular Season;0;0;0;0;0;0;0;0;0;0
66310;2029;2;12;Chase Field;0;20;24;0;0;0;0;0;0;0;0;0;0;0;0;;;;0;0;0;0;0;0;0;0;0;0;0;0;0;0;0;0;0;0;0;0;0;0;0;0;Regular Season;0;0;0;0;0;0;0;0;0;0
66125;2029;2;12;T-Mobile Center;0;152;19;0;0;0;0;0;0;0;0;0;0;0;0;;;;0;0;0;0;0;0;0;0;0;0;0;0;0;0;0;0;0;0;0;0;0;0;0;0;Regular Season;0;0;0;0;0;0;0;0;0;0
66235;2029;2;13;Los Pollos Arena;0;18;23;0;0;0;0;0;0;0;0;0;0;0;0;;;;0;0;0;0;0;0;0;0;0;0;0;0;0;0;0;0;0;0;0;0;0;0;0;0;Regular Season;0;0;0;0;0;0;0;0;0;0
66214;2029;2;13;PPG Paints Arena;0;9;7;0;0;0;0;0;0;0;0;0;0;0;0;;;;0;0;0;0;0;0;0;0;0;0;0;0;0;0;0;0;0;0;0;0;0;0;0;0;Regular Season;0;0;0;0;0;0;0;0;0;0
66189;2029;2;13;Hell's Paradise;0;27;17;0;0;0;0;0;0;0;0;0;0;0;0;;;;0;0;0;0;0;0;0;0;0;0;0;0;0;0;0;0;0;0;0;0;0;0;0;0;Regular Season;0;0;0;0;0;0;0;0;0;0
66191;2029;2;13;XL Center;0;29;8;0;0;0;0;0;0;0;0;0;0;0;0;;;;0;0;0;0;0;0;0;0;0;0;0;0;0;0;0;0;0;0;0;0;0;0;0;0;Regular Season;0;0;0;0;0;0;0;0;0;0
66147;2029;2;13;Ball Arena;0;19;20;0;0;0;0;0;0;0;0;0;0;0;0;;;;0;0;0;0;0;0;0;0;0;0;0;0;0;0;0;0;0;0;0;0;0;0;0;0;Regular Season;0;0;0;0;0;0;0;0;0;0
66286;2029;2;13;Xcel Energy Center;0;25;14;0;0;0;0;0;0;0;0;0;0;0;0;;;;0;0;0;0;0;0;0;0;0;0;0;0;0;0;0;0;0;0;0;0;0;0;0;0;Regular Season;0;0;0;0;0;0;0;0;0;0
66206;2029;2;13;Staples Center;0;28;31;0;0;0;0;0;0;0;0;0;0;0;0;;;;0;0;0;0;0;0;0;0;0;0;0;0;0;0;0;0;0;0;0;0;0;0;0;0;Regular Season;0;0;0;0;0;0;0;0;0;0
66208;2029;2;13;The Ranch;0;3;21;0;0;0;0;0;0;0;0;0;0;0;0;;;;0;0;0;0;0;0;0;0;0;0;0;0;0;0;0;0;0;0;0;0;0;0;0;0;Regular Season;0;0;0;0;0;0;0;0;0;0
66240;2029;2;14;T-Mobile Arena;0;30;124;0;0;0;0;0;0;0;0;0;0;0;0;;;;0;0;0;0;0;0;0;0;0;0;0;0;0;0;0;0;0;0;0;0;0;0;0;0;Regular Season;0;0;0;0;0;0;0;0;0;0
66237;2029;2;15;Lalo Salamanca Center;0;124;31;0;0;0;0;0;0;0;0;0;0;0;0;;;;0;0;0;0;0;0;0;0;0;0;0;0;0;0;0;0;0;0;0;0;0;0;0;0;Regular Season;0;0;0;0;0;0;0;0;0;0
66192;2029;2;15;Hell's Paradise;0;27;8;0;0;0;0;0;0;0;0;0;0;0;0;;;;0;0;0;0;0;0;0;0;0;0;0;0;0;0;0;0;0;0;0;0;0;0;0;0;Regular Season;0;0;0;0;0;0;0;0;0;0
66241;2029;2;15;Scott Trade Center;0;10;21;0;0;0;0;0;0;0;0;0;0;0;0;;;;0;0;0;0;0;0;0;0;0;0;0;0;0;0;0;0;0;0;0;0;0;0;0;0;Regular Season;0;0;0;0;0;0;0;0;0;0
66368;2029;2;15;Scotiabank Arena;0;1;17;0;0;0;0;0;0;0;0;0;0;0;0;;;;0;0;0;0;0;0;0;0;0;0;0;0;0;0;0;0;0;0;0;0;0;0;0;0;Regular Season;0;0;0;0;0;0;0;0;0;0
66242;2029;2;15;UBS Arena;0;14;7;0;0;0;0;0;0;0;0;0;0;0;0;;;;0;0;0;0;0;0;0;0;0;0;0;0;0;0;0;0;0;0;0;0;0;0;0;0;Regular Season;0;0;0;0;0;0;0;0;0;0
66176;2029;2;15;T-Mobile Center;0;152;25;0;0;0;0;0;0;0;0;0;0;0;0;;;;0;0;0;0;0;0;0;0;0;0;0;0;0;0;0;0;0;0;0;0;0;0;0;0;Regular Season;0;0;0;0;0;0;0;0;0;0
66341;2029;2;15;Bell Centre;0;0;154;0;0;0;0;0;0;0;0;0;0;0;0;;;;0;0;0;0;0;0;0;0;0;0;0;0;0;0;0;0;0;0;0;0;0;0;0;0;Regular Season;0;0;0;0;0;0;0;0;0;0
66283;2029;2;15;Art Hauser Center;0;23;9;0;0;0;0;0;0;0;0;0;0;0;0;;;;0;0;0;0;0;0;0;0;0;0;0;0;0;0;0;0;0;0;0;0;0;0;0;0;Regular Season;0;0;0;0;0;0;0;0;0;0
66432;2029;2;15;The Ranch;0;3;24;0;0;0;0;0;0;0;0;0;0;0;0;;;;0;0;0;0;0;0;0;0;0;0;0;0;0;0;0;0;0;0;0;0;0;0;0;0;Regular Season;0;0;0;0;0;0;0;0;0;0
66184;2029;2;16;UBS Arena;0;14;27;0;0;0;0;0;0;0;0;0;0;0;0;;;;0;0;0;0;0;0;0;0;0;0;0;0;0;0;0;0;0;0;0;0;0;0;0;0;Regular Season;0;0;0;0;0;0;0;0;0;0
66227;2029;2;16;Staples Center;0;28;12;0;0;0;0;0;0;0;0;0;0;0;0;;;;0;0;0;0;0;0;0;0;0;0;0;0;0;0;0;0;0;0;0;0;0;0;0;0;Regular Season;0;0;0;0;0;0;0;0;0;0
66342;2029;2;16;Scott Trade Center;0;10;31;0;0;0;0;0;0;0;0;0;0;0;0;;;;0;0;0;0;0;0;0;0;0;0;0;0;0;0;0;0;0;0;0;0;0;0;0;0;Regular Season;0;0;0;0;0;0;0;0;0;0
66173;2029;2;16;T-Mobile Arena;0;30;19;0;0;0;0;0;0;0;0;0;0;0;0;;;;0;0;0;0;0;0;0;0;0;0;0;0;0;0;0;0;0;0;0;0;0;0;0;0;Regular Season;0;0;0;0;0;0;0;0;0;0
66580;2029;2;16;Rainier Beer Gardens & Arena;0;2;0;0;0;0;0;0;0;0;0;0;0;0;0;;;;0;0;0;0;0;0;0;0;0;0;0;0;0;0;0;0;0;0;0;0;0;0;0;0;Regular Season;0;0;0;0;0;0;0;0;0;0
66354;2029;2;16;Charles Ponzi Memorial Arena;0;7;24;0;0;0;0;0;0;0;0;0;0;0;0;;;;0;0;0;0;0;0;0;0;0;0;0;0;0;0;0;0;0;0;0;0;0;0;0;0;Regular Season;0;0;0;0;0;0;0;0;0;0
66303;2029;2;16; Arena;0;154;9;0;0;0;0;0;0;0;0;0;0;0;0;;;;0;0;0;0;0;0;0;0;0;0;0;0;0;0;0;0;0;0;0;0;0;0;0;0;Regular Season;0;0;0;0;0;0;0;0;0;0
66197;2029;2;16;T-Mobile Center;0;152;20;0;0;0;0;0;0;0;0;0;0;0;0;;;;0;0;0;0;0;0;0;0;0;0;0;0;0;0;0;0;0;0;0;0;0;0;0;0;Regular Season;0;0;0;0;0;0;0;0;0;0
66249;2029;2;16;Los Pollos Arena;0;18;29;0;0;0;0;0;0;0;0;0;0;0;0;;;;0;0;0;0;0;0;0;0;0;0;0;0;0;0;0;0;0;0;0;0;0;0;0;0;Regular Season;0;0;0;0;0;0;0;0;0;0
66218;2029;2;17;The Ranch;0;3;8;0;0;0;0;0;0;0;0;0;0;0;0;;;;0;0;0;0;0;0;0;0;0;0;0;0;0;0;0;0;0;0;0;0;0;0;0;0;Regular Season;0;0;0;0;0;0;0;0;0;0
66393;2029;2;17;Scotiabank Arena;0;1;30;0;0;0;0;0;0;0;0;0;0;0;0;;;;0;0;0;0;0;0;0;0;0;0;0;0;0;0;0;0;0;0;0;0;0;0;0;0;Regular Season;0;0;0;0;0;0;0;0;0;0
66234;2029;2;17;Rogers Arena;0;12;26;0;0;0;0;0;0;0;0;0;0;0;0;;;;0;0;0;0;0;0;0;0;0;0;0;0;0;0;0;0;0;0;0;0;0;0;0;0;Regular Season;0;0;0;0;0;0;0;0;0;0
66268;2029;2;17;Los Pollos Arena;0;18;25;0;0;0;0;0;0;0;0;0;0;0;0;;;;0;0;0;0;0;0;0;0;0;0;0;0;0;0;0;0;0;0;0;0;0;0;0;0;Regular Season;0;0;0;0;0;0;0;0;0;0
66267;2029;2;18;Centre Videotron;0;21;154;0;0;0;0;0;0;0;0;0;0;0;0;;;;0;0;0;0;0;0;0;0;0;0;0;0;0;0;0;0;0;0;0;0;0;0;0;0;Regular Season;0;0;0;0;0;0;0;0;0;0
66253;2029;2;18;XL Center;0;29;26;0;0;0;0;0;0;0;0;0;0;0;0;;;;0;0;0;0;0;0;0;0;0;0;0;0;0;0;0;0;0;0;0;0;0;0;0;0;Regular Season;0;0;0;0;0;0;0;0;0;0
66273;2029;2;19;Lalo Salamanca Center;0;124;12;0;0;0;0;0;0;0;0;0;0;0;0;;;;0;0;0;0;0;0;0;0;0;0;0;0;0;0;0;0;0;0;0;0;0;0;0;0;Regular Season;0;0;0;0;0;0;0;0;0;0
66215;2029;2;19;UBS Arena;0;14;152;0;0;0;0;0;0;0;0;0;0;0;0;;;;0;0;0;0;0;0;0;0;0;0;0;0;0;0;0;0;0;0;0;0;0;0;0;0;Regular Season;0;0;0;0;0;0;0;0;0;0
66223;2029;2;19;Gazprom Fairgrounds;0;8;2;0;0;0;0;0;0;0;0;0;0;0;0;;;;0;0;0;0;0;0;0;0;0;0;0;0;0;0;0;0;0;0;0;0;0;0;0;0;Regular Season;0;0;0;0;0;0;0;0;0;0
66252;2029;2;20;Gazprom Fairgrounds;0;8;26;0;0;0;0;0;0;0;0;0;0;0;0;;;;0;0;0;0;0;0;0;0;0;0;0;0;0;0;0;0;0;0;0;0;0;0;0;0;Regular Season;0;0;0;0;0;0;0;0;0;0
66201;2029;2;20;Staples Center;0;28;152;0;0;0;0;0;0;0;0;0;0;0;0;;;;0;0;0;0;0;0;0;0;0;0;0;0;0;0;0;0;0;0;0;0;0;0;0;0;Regular Season;0;0;0;0;0;0;0;0;0;0
66318;2029;2;20;Prudential Center;0;17;20;0;0;0;0;0;0;0;0;0;0;0;0;;;;0;0;0;0;0;0;0;0;0;0;0;0;0;0;0;0;0;0;0;0;0;0;0;0;Regular Season;0;0;0;0;0;0;0;0;0;0
66196;2029;2;20; Arena;0;154;19;0;0;0;0;0;0;0;0;0;0;0;0;;;;0;0;0;0;0;0;0;0;0;0;0;0;0;0;0;0;0;0;0;0;0;0;0;0;Regular Season;0;0;0;0;0;0;0;0;0;0
66382;2029;2;20;Charles Ponzi Memorial Arena;0;7;3;0;0;0;0;0;0;0;0;0;0;0;0;;;;0;0;0;0;0;0;0;0;0;0;0;0;0;0;0;0;0;0;0;0;0;0;0;0;Regular Season;0;0;0;0;0;0;0;0;0;0
66228;2029;2;20;Hell's Paradise;0;27;29;0;0;0;0;0;0;0;0;0;0;0;0;;;;0;0;0;0;0;0;0;0;0;0;0;0;0;0;0;0;0;0;0;0;0;0;0;0;Regular Season;0;0;0;0;0;0;0;0;0;0
66444;2029;2;20;Xcel Energy Center;0;25;1;0;0;0;0;0;0;0;0;0;0;0;0;;;;0;0;0;0;0;0;0;0;0;0;0;0;0;0;0;0;0;0;0;0;0;0;0;0;Regular Season;0;0;0;0;0;0;0;0;0;0
66464;2029;2;20;Bell Centre;0;0;24;0;0;0;0;0;0;0;0;0;0;0;0;;;;0;0;0;0;0;0;0;0;0;0;0;0;0;0;0;0;0;0;0;0;0;0;0;0;Regular Season;0;0;0;0;0;0;0;0;0;0
66250;2029;2;20;Rogers Arena;0;12;31;0;0;0;0;0;0;0;0;0;0;0;0;;;;0;0;0;0;0;0;0;0;0;0;0;0;0;0;0;0;0;0;0;0;0;0;0;0;Regular Season;0;0;0;0;0;0;0;0;0;0
66359;2029;2;20;Rainier Beer Gardens & Arena;0;2;18;0;0;0;0;0;0;0;0;0;0;0;0;;;;0;0;0;0;0;0;0;0;0;0;0;0;0;0;0;0;0;0;0;0;0;0;0;0;Regular Season;0;0;0;0;0;0;0;0;0;0
66276;2029;2;20;Centre Videotron;0;21;9;0;0;0;0;0;0;0;0;0;0;0;0;;;;0;0;0;0;0;0;0;0;0;0;0;0;0;0;0;0;0;0;0;0;0;0;0;0;Regular Season;0;0;0;0;0;0;0;0;0;0
66550;2029;2;20;Scott Trade Center;0;10;14;0;0;0;0;0;0;0;0;0;0;0;0;;;;0;0;0;0;0;0;0;0;0;0;0;0;0;0;0;0;0;0;0;0;0;0;0;0;Regular Season;0;0;0;0;0;0;0;0;0;0
66275;2029;2;21;Art Hauser Center;0;23;124;0;0;0;0;0;0;0;0;0;0;0;0;;;;0;0;0;0;0;0;0;0;0;0;0;0;0;0;0;0;0;0;0;0;0;0;0;0;Regular Season;0;0;0;0;0;0;0;0;0;0
66256;2029;2;22;Los Pollos Arena;0;18;26;0;0;0;0;0;0;0;0;0;0;0;0;;;;0;0;0;0;0;0;0;0;0;0;0;0;0;0;0;0;0;0;0;0;0;0;0;0;Regular Season;0;0;0;0;0;0;0;0;0;0
66212;2029;2;22;T-Mobile Arena;0;30;27;0;0;0;0;0;0;0;0;0;0;0;0;;;;0;0;0;0;0;0;0;0;0;0;0;0;0;0;0;0;0;0;0;0;0;0;0;0;Regular Season;0;0;0;0;0;0;0;0;0;0
66247;2029;2;22;Lalo Salamanca Center;0;124;25;0;0;0;0;0;0;0;0;0;0;0;0;;;;0;0;0;0;0;0;0;0;0;0;0;0;0;0;0;0;0;0;0;0;0;0;0;0;Regular Season;0;0;0;0;0;0;0;0;0;0
66353;2029;2;22; Arena;0;154;31;0;0;0;0;0;0;0;0;0;0;0;0;;;;0;0;0;0;0;0;0;0;0;0;0;0;0;0;0;0;0;0;0;0;0;0;0;0;Regular Season;0;0;0;0;0;0;0;0;0;0
66367;2029;2;22;PPG Paints Arena;0;9;10;0;0;0;0;0;0;0;0;0;0;0;0;;;;0;0;0;0;0;0;0;0;0;0;0;0;0;0;0;0;0;0;0;0;0;0;0;0;Regular Season;0;0;0;0;0;0;0;0;0;0
66319;2029;2;22;Centre Videotron;0;21;29;0;0;0;0;0;0;0;0;0;0;0;0;;;;0;0;0;0;0;0;0;0;0;0;0;0;0;0;0;0;0;0;0;0;0;0;0;0;Regular Season;0;0;0;0;0;0;0;0;0;0
66371;2029;2;22;Prudential Center;0;17;7;0;0;0;0;0;0;0;0;0;0;0;0;;;;0;0;0;0;0;0;0;0;0;0;0;0;0;0;0;0;0;0;0;0;0;0;0;0;Regular Season;0;0;0;0;0;0;0;0;0;0
66305;2029;2;22;Scotiabank Arena;0;1;14;0;0;0;0;0;0;0;0;0;0;0;0;;;;0;0;0;0;0;0;0;0;0;0;0;0;0;0;0;0;0;0;0;0;0;0;0;0;Regular Season;0;0;0;0;0;0;0;0;0;0
66297;2029;2;22;Staples Center;0;28;3;0;0;0;0;0;0;0;0;0;0;0;0;;;;0;0;0;0;0;0;0;0;0;0;0;0;0;0;0;0;0;0;0;0;0;0;0;0;Regular Season;0;0;0;0;0;0;0;0;0;0
66304;2029;2;23;Quack Den;0;24;29;0;0;0;0;0;0;0;0;0;0;0;0;;;;0;0;0;0;0;0;0;0;0;0;0;0;0;0;0;0;0;0;0;0;0;0;0;0;Regular Season;0;0;0;0;0;0;0;0;0;0
66224;2029;2;23;T-Mobile Center;0;152;23;0;0;0;0;0;0;0;0;0;0;0;0;;;;0;0;0;0;0;0;0;0;0;0;0;0;0;0;0;0;0;0;0;0;0;0;0;0;Regular Season;0;0;0;0;0;0;0;0;0;0
66236;2029;2;23;Gazprom Fairgrounds;0;8;19;0;0;0;0;0;0;0;0;0;0;0;0;;;;0;0;0;0;0;0;0;0;0;0;0;0;0;0;0;0;0;0;0;0;0;0;0;0;Regular Season;0;0;0;0;0;0;0;0;0;0
66260;2029;2;23;T-Mobile Arena;0;30;28;0;0;0;0;0;0;0;0;0;0;0;0;;;;0;0;0;0;0;0;0;0;0;0;0;0;0;0;0;0;0;0;0;0;0;0;0;0;Regular Season;0;0;0;0;0;0;0;0;0;0
66345;2029;2;23;Charles Ponzi Memorial Arena;0;7;10;0;0;0;0;0;0;0;0;0;0;0;0;;;;0;0;0;0;0;0;0;0;0;0;0;0;0;0;0;0;0;0;0;0;0;0;0;0;Regular Season;0;0;0;0;0;0;0;0;0;0
66396;2029;2;23;Rogers Arena;0;12;2;0;0;0;0;0;0;0;0;0;0;0;0;;;;0;0;0;0;0;0;0;0;0;0;0;0;0;0;0;0;0;0;0;0;0;0;0;0;Regular Season;0;0;0;0;0;0;0;0;0;0
66313;2029;2;23;PPG Paints Arena;0;9;20;0;0;0;0;0;0;0;0;0;0;0;0;;;;0;0;0;0;0;0;0;0;0;0;0;0;0;0;0;0;0;0;0;0;0;0;0;0;Regular Season;0;0;0;0;0;0;0;0;0;0
66441;2029;2;23;Los Pollos Arena;0;18;1;0;0;0;0;0;0;0;0;0;0;0;0;;;;0;0;0;0;0;0;0;0;0;0;0;0;0;0;0;0;0;0;0;0;0;0;0;0;Regular Season;0;0;0;0;0;0;0;0;0;0
66344;2029;2;23;The Ranch;0;3;31;0;0;0;0;0;0;0;0;0;0;0;0;;;;0;0;0;0;0;0;0;0;0;0;0;0;0;0;0;0;0;0;0;0;0;0;0;0;Regular Season;0;0;0;0;0;0;0;0;0;0
66291;2029;2;24;Quack Den;0;24;23;0;0;0;0;0;0;0;0;0;0;0;0;;;;0;0;0;0;0;0;0;0;0;0;0;0;0;0;0;0;0;0;0;0;0;0;0;0;Regular Season;0;0;0;0;0;0;0;0;0;0
66272;2029;2;24;BC Ferries Center;0;26;20;0;0;0;0;0;0;0;0;0;0;0;0;;;;0;0;0;0;0;0;0;0;0;0;0;0;0;0;0;0;0;0;0;0;0;0;0;0;Regular Season;0;0;0;0;0;0;0;0;0;0
66325;2029;2;24;Bell Centre;0;0;25;0;0;0;0;0;0;0;0;0;0;0;0;;;;0;0;0;0;0;0;0;0;0;0;0;0;0;0;0;0;0;0;0;0;0;0;0;0;Regular Season;0;0;0;0;0;0;0;0;0;0
66355;2029;2;24; Arena;0;154;17;0;0;0;0;0;0;0;0;0;0;0;0;;;;0;0;0;0;0;0;0;0;0;0;0;0;0;0;0;0;0;0;0;0;0;0;0;0;Regular Season;0;0;0;0;0;0;0;0;0;0
66285;2029;2;25;T-Mobile Arena;0;30;21;0;0;0;0;0;0;0;0;0;0;0;0;;;;0;0;0;0;0;0;0;0;0;0;0;0;0;0;0;0;0;0;0;0;0;0;0;0;Regular Season;0;0;0;0;0;0;0;0;0;0
66233;2029;2;25;Hell's Paradise;0;27;19;0;0;0;0;0;0;0;0;0;0;0;0;;;;0;0;0;0;0;0;0;0;0;0;0;0;0;0;0;0;0;0;0;0;0;0;0;0;Regular Season;0;0;0;0;0;0;0;0;0;0
66238;2029;2;26;Ball Arena;0;19;21;0;0;0;0;0;0;0;0;0;0;0;0;;;;0;0;0;0;0;0;0;0;0;0;0;0;0;0;0;0;0;0;0;0;0;0;0;0;Regular Season;0;0;0;0;0;0;0;0;0;0
66213;2029;2;26;T-Mobile Center;0;152;30;0;0;0;0;0;0;0;0;0;0;0;0;;;;0;0;0;0;0;0;0;0;0;0;0;0;0;0;0;0;0;0;0;0;0;0;0;0;Regular Season;0;0;0;0;0;0;0;0;0;0
66257;2029;2;26;Rainier Beer Gardens & Arena;0;2;8;0;0;0;0;0;0;0;0;0;0;0;0;;;;0;0;0;0;0;0;0;0;0;0;0;0;0;0;0;0;0;0;0;0;0;0;0;0;Regular Season;0;0;0;0;0;0;0;0;0;0
66280;2029;2;26;Staples Center;0;28;0;0;0;0;0;0;0;0;0;0;0;0;0;;;;0;0;0;0;0;0;0;0;0;0;0;0;0;0;0;0;0;0;0;0;0;0;0;0;Regular Season;0;0;0;0;0;0;0;0;0;0
66323;2029;2;26;Art Hauser Center;0;23;31;0;0;0;0;0;0;0;0;0;0;0;0;;;;0;0;0;0;0;0;0;0;0;0;0;0;0;0;0;0;0;0;0;0;0;0;0;0;Regular Season;0;0;0;0;0;0;0;0;0;0
66463;2029;2;26;Quack Den;0;24;1;0;0;0;0;0;0;0;0;0;0;0;0;;;;0;0;0;0;0;0;0;0;0;0;0;0;0;0;0;0;0;0;0;0;0;0;0;0;Regular Season;0;0;0;0;0;0;0;0;0;0
66426;2029;2;26;Prudential Center;0;17;3;0;0;0;0;0;0;0;0;0;0;0;0;;;;0;0;0;0;0;0;0;0;0;0;0;0;0;0;0;0;0;0;0;0;0;0;0;0;Regular Season;0;0;0;0;0;0;0;0;0;0
66261;2029;2;27;Hell's Paradise;0;27;154;0;0;0;0;0;0;0;0;0;0;0;0;;;;0;0;0;0;0;0;0;0;0;0;0;0;0;0;0;0;0;0;0;0;0;0;0;0;Regular Season;0;0;0;0;0;0;0;0;0;0
66329;2029;2;27;XL Center;0;29;20;0;0;0;0;0;0;0;0;0;0;0;0;;;;0;0;0;0;0;0;0;0;0;0;0;0;0;0;0;0;0;0;0;0;0;0;0;0;Regular Season;0;0;0;0;0;0;0;0;0;0
66245;2029;2;27;Rainier Beer Gardens & Arena;0;2;152;0;0;0;0;0;0;0;0;0;0;0;0;;;;0;0;0;0;0;0;0;0;0;0;0;0;0;0;0;0;0;0;0;0;0;0;0;0;Regular Season;0;0;0;0;0;0;0;0;0;0
66375;2029;2;27;Los Pollos Arena;0;18;31;0;0;0;0;0;0;0;0;0;0;0;0;;;;0;0;0;0;0;0;0;0;0;0;0;0;0;0;0;0;0;0;0;0;0;0;0;0;Regular Season;0;0;0;0;0;0;0;0;0;0
66298;2029;2;27;Art Hauser Center;0;23;14;0;0;0;0;0;0;0;0;0;0;0;0;;;;0;0;0;0;0;0;0;0;0;0;0;0;0;0;0;0;0;0;0;0;0;0;0;0;Regular Season;0;0;0;0;0;0;0;0;0;0
66413;2029;2;27;Prudential Center;0;17;1;0;0;0;0;0;0;0;0;0;0;0;0;;;;0;0;0;0;0;0;0;0;0;0;0;0;0;0;0;0;0;0;0;0;0;0;0;0;Regular Season;0;0;0;0;0;0;0;0;0;0
66290;2029;2;27;Bell Centre;0;0;124;0;0;0;0;0;0;0;0;0;0;0;0;;;;0;0;0;0;0;0;0;0;0;0;0;0;0;0;0;0;0;0;0;0;0;0;0;0;Regular Season;0;0;0;0;0;0;0;0;0;0
66419;2029;2;27;Xcel Energy Center;0;25;3;0;0;0;0;0;0;0;0;0;0;0;0;;;;0;0;0;0;0;0;0;0;0;0;0;0;0;0;0;0;0;0;0;0;0;0;0;0;Regular Season;0;0;0;0;0;0;0;0;0;0
66358;2029;2;27;Scott Trade Center;0;10;26;0;0;0;0;0;0;0;0;0;0;0;0;;;;0;0;0;0;0;0;0;0;0;0;0;0;0;0;0;0;0;0;0;0;0;0;0;0;Regular Season;0;0;0;0;0;0;0;0;0;0
66322;2029;2;28;Staples Center;0;28;10;0;0;0;0;0;0;0;0;0;0;0;0;;;;0;0;0;0;0;0;0;0;0;0;0;0;0;0;0;0;0;0;0;0;0;0;0;0;Regular Season;0;0;0;0;0;0;0;0;0;0
66299;2029;2;28;Rogers Arena;0;12;124;0;0;0;0;0;0;0;0;0;0;0;0;;;;0;0;0;0;0;0;0;0;0;0;0;0;0;0;0;0;0;0;0;0;0;0;0;0;Regular Season;0;0;0;0;0;0;0;0;0;0
66281;2029;2;28;Chase Field;0;20;27;0;0;0;0;0;0;0;0;0;0;0;0;;;;0;0;0;0;0;0;0;0;0;0;0;0;0;0;0;0;0;0;0;0;0;0;0;0;Regular Season;0;0;0;0;0;0;0;0;0;0
66282;2029;3;1;Gazprom Fairgrounds;0;8;30;0;0;0;0;0;0;0;0;0;0;0;0;;;;0;0;0;0;0;0;0;0;0;0;0;0;0;0;0;0;0;0;0;0;0;0;0;0;Regular Season;0;0;0;0;0;0;0;0;0;0
66339;2029;3;1;Los Pollos Arena;0;18;21;0;0;0;0;0;0;0;0;0;0;0;0;;;;0;0;0;0;0;0;0;0;0;0;0;0;0;0;0;0;0;0;0;0;0;0;0;0;Regular Season;0;0;0;0;0;0;0;0;0;0
66301;2029;3;1;Rogers Arena;0;12;23;0;0;0;0;0;0;0;0;0;0;0;0;;;;0;0;0;0;0;0;0;0;0;0;0;0;0;0;0;0;0;0;0;0;0;0;0;0;Regular Season;0;0;0;0;0;0;0;0;0;0
66338;2029;3;1;XL Center;0;29;24;0;0;0;0;0;0;0;0;0;0;0;0;;;;0;0;0;0;0;0;0;0;0;0;0;0;0;0;0;0;0;0;0;0;0;0;0;0;Regular Season;0;0;0;0;0;0;0;0;0;0
66349;2029;3;1;PPG Paints Arena;0;9;28;0;0;0;0;0;0;0;0;0;0;0;0;;;;0;0;0;0;0;0;0;0;0;0;0;0;0;0;0;0;0;0;0;0;0;0;0;0;Regular Season;0;0;0;0;0;0;0;0;0;0
66366;2029;3;1;Rainier Beer Gardens & Arena;0;2;31;0;0;0;0;0;0;0;0;0;0;0;0;;;;0;0;0;0;0;0;0;0;0;0;0;0;0;0;0;0;0;0;0;0;0;0;0;0;Regular Season;0;0;0;0;0;0;0;0;0;0
66317;2029;3;1;UBS Arena;0;14;26;0;0;0;0;0;0;0;0;0;0;0;0;;;;0;0;0;0;0;0;0;0;0;0;0;0;0;0;0;0;0;0;0;0;0;0;0;0;Regular Season;0;0;0;0;0;0;0;0;0;0
66361;2029;3;2;Charles Ponzi Memorial Arena;0;7;26;0;0;0;0;0;0;0;0;0;0;0;0;;;;0;0;0;0;0;0;0;0;0;0;0;0;0;0;0;0;0;0;0;0;0;0;0;0;Regular Season;0;0;0;0;0;0;0;0;0;0
66254;2029;3;2;Ball Arena;0;19;30;0;0;0;0;0;0;0;0;0;0;0;0;;;;0;0;0;0;0;0;0;0;0;0;0;0;0;0;0;0;0;0;0;0;0;0;0;0;Regular Season;0;0;0;0;0;0;0;0;0;0
66346;2029;3;2;Xcel Energy Center;0;25;20;0;0;0;0;0;0;0;0;0;0;0;0;;;;0;0;0;0;0;0;0;0;0;0;0;0;0;0;0;0;0;0;0;0;0;0;0;0;Regular Season;0;0;0;0;0;0;0;0;0;0
66316;2029;3;2; Arena;0;154;124;0;0;0;0;0;0;0;0;0;0;0;0;;;;0;0;0;0;0;0;0;0;0;0;0;0;0;0;0;0;0;0;0;0;0;0;0;0;Regular Season;0;0;0;0;0;0;0;0;0;0
66274;2029;3;3;T-Mobile Center;0;152;18;0;0;0;0;0;0;0;0;0;0;0;0;;;;0;0;0;0;0;0;0;0;0;0;0;0;0;0;0;0;0;0;0;0;0;0;0;0;Regular Season;0;0;0;0;0;0;0;0;0;0
66488;2029;3;3;Scotiabank Arena;0;1;9;0;0;0;0;0;0;0;0;0;0;0;0;;;;0;0;0;0;0;0;0;0;0;0;0;0;0;0;0;0;0;0;0;0;0;0;0;0;Regular Season;0;0;0;0;0;0;0;0;0;0
66407;2029;3;3;Prudential Center;0;17;8;0;0;0;0;0;0;0;0;0;0;0;0;;;;0;0;0;0;0;0;0;0;0;0;0;0;0;0;0;0;0;0;0;0;0;0;0;0;Regular Season;0;0;0;0;0;0;0;0;0;0
66446;2029;3;3;Xcel Energy Center;0;25;10;0;0;0;0;0;0;0;0;0;0;0;0;;;;0;0;0;0;0;0;0;0;0;0;0;0;0;0;0;0;0;0;0;0;0;0;0;0;Regular Season;0;0;0;0;0;0;0;0;0;0
66246;2029;3;3;Charles Ponzi Memorial Arena;0;7;19;0;0;0;0;0;0;0;0;0;0;0;0;;;;0;0;0;0;0;0;0;0;0;0;0;0;0;0;0;0;0;0;0;0;0;0;0;0;Regular Season;0;0;0;0;0;0;0;0;0;0
66335;2029;3;3;Rogers Arena;0;12;3;0;0;0;0;0;0;0;0;0;0;0;0;;;;0;0;0;0;0;0;0;0;0;0;0;0;0;0;0;0;0;0;0;0;0;0;0;0;Regular Season;0;0;0;0;0;0;0;0;0;0
66347;2029;3;4;UBS Arena;0;14;21;0;0;0;0;0;0;0;0;0;0;0;0;;;;0;0;0;0;0;0;0;0;0;0;0;0;0;0;0;0;0;0;0;0;0;0;0;0;Regular Season;0;0;0;0;0;0;0;0;0;0
66330;2029;3;4;XL Center;0;29;0;0;0;0;0;0;0;0;0;0;0;0;0;;;;0;0;0;0;0;0;0;0;0;0;0;0;0;0;0;0;0;0;0;0;0;0;0;0;Regular Season;0;0;0;0;0;0;0;0;0;0
66320;2029;3;4; Arena;0;154;27;0;0;0;0;0;0;0;0;0;0;0;0;;;;0;0;0;0;0;0;0;0;0;0;0;0;0;0;0;0;0;0;0;0;0;0;0;0;Regular Season;0;0;0;0;0;0;0;0;0;0
66414;2029;3;5;The Ranch;0;3;7;0;0;0;0;0;0;0;0;0;0;0;0;;;;0;0;0;0;0;0;0;0;0;0;0;0;0;0;0;0;0;0;0;0;0;0;0;0;Regular Season;0;0;0;0;0;0;0;0;0;0
66263;2029;3;5;Prudential Center;0;17;19;0;0;0;0;0;0;0;0;0;0;0;0;;;;0;0;0;0;0;0;0;0;0;0;0;0;0;0;0;0;0;0;0;0;0;0;0;0;Regular Season;0;0;0;0;0;0;0;0;0;0
66390;2029;3;5;XL Center;0;29;154;0;0;0;0;0;0;0;0;0;0;0;0;;;;0;0;0;0;0;0;0;0;0;0;0;0;0;0;0;0;0;0;0;0;0;0;0;0;Regular Season;0;0;0;0;0;0;0;0;0;0
66357;2029;3;5;Quack Den;0;24;12;0;0;0;0;0;0;0;0;0;0;0;0;;;;0;0;0;0;0;0;0;0;0;0;0;0;0;0;0;0;0;0;0;0;0;0;0;0;Regular Season;0;0;0;0;0;0;0;0;0;0
66326;2029;3;5;Gazprom Fairgrounds;0;8;152;0;0;0;0;0;0;0;0;0;0;0;0;;;;0;0;0;0;0;0;0;0;0;0;0;0;0;0;0;0;0;0;0;0;0;0;0;0;Regular Season;0;0;0;0;0;0;0;0;0;0
66404;2029;3;5;Bell Centre;0;0;20;0;0;0;0;0;0;0;0;0;0;0;0;;;;0;0;0;0;0;0;0;0;0;0;0;0;0;0;0;0;0;0;0;0;0;0;0;0;Regular Season;0;0;0;0;0;0;0;0;0;0
66461;2029;3;5;BC Ferries Center;0;26;18;0;0;0;0;0;0;0;0;0;0;0;0;;;;0;0;0;0;0;0;0;0;0;0;0;0;0;0;0;0;0;0;0;0;0;0;0;0;Regular Season;0;0;0;0;0;0;0;0;0;0
66302;2029;3;6;Prudential Center;0;17;23;0;0;0;0;0;0;0;0;0;0;0;0;;;;0;0;0;0;0;0;0;0;0;0;0;0;0;0;0;0;0;0;0;0;0;0;0;0;Regular Season;0;0;0;0;0;0;0;0;0;0
66352;2029;3;6;UBS Arena;0;14;10;0;0;0;0;0;0;0;0;0;0;0;0;;;;0;0;0;0;0;0;0;0;0;0;0;0;0;0;0;0;0;0;0;0;0;0;0;0;Regular Season;0;0;0;0;0;0;0;0;0;0
66389;2029;3;6;Rainier Beer Gardens & Arena;0;2;25;0;0;0;0;0;0;0;0;0;0;0;0;;;;0;0;0;0;0;0;0;0;0;0;0;0;0;0;0;0;0;0;0;0;0;0;0;0;Regular Season;0;0;0;0;0;0;0;0;0;0
66391;2029;3;6;Chase Field;0;20;24;0;0;0;0;0;0;0;0;0;0;0;0;;;;0;0;0;0;0;0;0;0;0;0;0;0;0;0;0;0;0;0;0;0;0;0;0;0;Regular Season;0;0;0;0;0;0;0;0;0;0
66284;2029;3;6;Gazprom Fairgrounds;0;8;30;0;0;0;0;0;0;0;0;0;0;0;0;;;;0;0;0;0;0;0;0;0;0;0;0;0;0;0;0;0;0;0;0;0;0;0;0;0;Regular Season;0;0;0;0;0;0;0;0;0;0
66278;2029;3;6;T-Mobile Center;0;152;124;0;0;0;0;0;0;0;0;0;0;0;0;;;;0;0;0;0;0;0;0;0;0;0;0;0;0;0;0;0;0;0;0;0;0;0;0;0;Regular Season;0;0;0;0;0;0;0;0;0;0
66470;2029;3;6;Staples Center;0;28;9;0;0;0;0;0;0;0;0;0;0;0;0;;;;0;0;0;0;0;0;0;0;0;0;0;0;0;0;0;0;0;0;0;0;0;0;0;0;Regular Season;0;0;0;0;0;0;0;0;0;0
66333;2029;3;6;Ball Arena;0;19;7;0;0;0;0;0;0;0;0;0;0;0;0;;;;0;0;0;0;0;0;0;0;0;0;0;0;0;0;0;0;0;0;0;0;0;0;0;0;Regular Season;0;0;0;0;0;0;0;0;0;0
66336;2029;3;6;Hell's Paradise;0;27;1;0;0;0;0;0;0;0;0;0;0;0;0;;;;0;0;0;0;0;0;0;0;0;0;0;0;0;0;0;0;0;0;0;0;0;0;0;0;Regular Season;0;0;0;0;0;0;0;0;0;0
66392;2029;3;7;Scotiabank Arena;0;1;21;0;0;0;0;0;0;0;0;0;0;0;0;;;;0;0;0;0;0;0;0;0;0;0;0;0;0;0;0;0;0;0;0;0;0;0;0;0;Regular Season;0;0;0;0;0;0;0;0;0;0
66369;2029;3;7;Bell Centre;0;0;9;0;0;0;0;0;0;0;0;0;0;0;0;;;;0;0;0;0;0;0;0;0;0;0;0;0;0;0;0;0;0;0;0;0;0;0;0;0;Regular Season;0;0;0;0;0;0;0;0;0;0
66373;2029;3;8;T-Mobile Arena;0;30;25;0;0;0;0;0;0;0;0;0;0;0;0;;;;0;0;0;0;0;0;0;0;0;0;0;0;0;0;0;0;0;0;0;0;0;0;0;0;Regular Season;0;0;0;0;0;0;0;0;0;0
66401;2029;3;8;Chase Field;0;20;28;0;0;0;0;0;0;0;0;0;0;0;0;;;;0;0;0;0;0;0;0;0;0;0;0;0;0;0;0;0;0;0;0;0;0;0;0;0;Regular Season;0;0;0;0;0;0;0;0;0;0
66307;2029;3;8;T-Mobile Center;0;152;21;0;0;0;0;0;0;0;0;0;0;0;0;;;;0;0;0;0;0;0;0;0;0;0;0;0;0;0;0;0;0;0;0;0;0;0;0;0;Regular Season;0;0;0;0;0;0;0;0;0;0
66427;2029;3;8;Charles Ponzi Memorial Arena;0;7;18;0;0;0;0;0;0;0;0;0;0;0;0;;;;0;0;0;0;0;0;0;0;0;0;0;0;0;0;0;0;0;0;0;0;0;0;0;0;Regular Season;0;0;0;0;0;0;0;0;0;0
66436;2029;3;8;Scott Trade Center;0;10;14;0;0;0;0;0;0;0;0;0;0;0;0;;;;0;0;0;0;0;0;0;0;0;0;0;0;0;0;0;0;0;0;0;0;0;0;0;0;Regular Season;0;0;0;0;0;0;0;0;0;0
66425;2029;3;8;BC Ferries Center;0;26;24;0;0;0;0;0;0;0;0;0;0;0;0;;;;0;0;0;0;0;0;0;0;0;0;0;0;0;0;0;0;0;0;0;0;0;0;0;0;Regular Season;0;0;0;0;0;0;0;0;0;0
66331;2029;3;8; Arena;0;154;29;0;0;0;0;0;0;0;0;0;0;0;0;;;;0;0;0;0;0;0;0;0;0;0;0;0;0;0;0;0;0;0;0;0;0;0;0;0;Regular Season;0;0;0;0;0;0;0;0;0;0
66270;2029;3;8;Ball Arena;0;19;2;0;0;0;0;0;0;0;0;0;0;0;0;;;;0;0;0;0;0;0;0;0;0;0;0;0;0;0;0;0;0;0;0;0;0;0;0;0;Regular Season;0;0;0;0;0;0;0;0;0;0
66327;2029;3;8;Hell's Paradise;0;27;17;0;0;0;0;0;0;0;0;0;0;0;0;;;;0;0;0;0;0;0;0;0;0;0;0;0;0;0;0;0;0;0;0;0;0;0;0;0;Regular Season;0;0;0;0;0;0;0;0;0;0
66356;2029;3;8;Lalo Salamanca Center;0;124;12;0;0;0;0;0;0;0;0;0;0;0;0;;;;0;0;0;0;0;0;0;0;0;0;0;0;0;0;0;0;0;0;0;0;0;0;0;0;Regular Season;0;0;0;0;0;0;0;0;0;0
66334;2029;3;8;The Ranch;0;3;23;0;0;0;0;0;0;0;0;0;0;0;0;;;;0;0;0;0;0;0;0;0;0;0;0;0;0;0;0;0;0;0;0;0;0;0;0;0;Regular Season;0;0;0;0;0;0;0;0;0;0
66374;2029;3;9;Los Pollos Arena;0;18;27;0;0;0;0;0;0;0;0;0;0;0;0;;;;0;0;0;0;0;0;0;0;0;0;0;0;0;0;0;0;0;0;0;0;0;0;0;0;Regular Season;0;0;0;0;0;0;0;0;0;0
66311;2029;3;9;Staples Center;0;28;152;0;0;0;0;0;0;0;0;0;0;0;0;;;;0;0;0;0;0;0;0;0;0;0;0;0;0;0;0;0;0;0;0;0;0;0;0;0;Regular Season;0;0;0;0;0;0;0;0;0;0
66343;2029;3;9;Lalo Salamanca Center;0;124;3;0;0;0;0;0;0;0;0;0;0;0;0;;;;0;0;0;0;0;0;0;0;0;0;0;0;0;0;0;0;0;0;0;0;0;0;0;0;Regular Season;0;0;0;0;0;0;0;0;0;0
66348;2029;3;9;Art Hauser Center;0;23;0;0;0;0;0;0;0;0;0;0;0;0;0;;;;0;0;0;0;0;0;0;0;0;0;0;0;0;0;0;0;0;0;0;0;0;0;0;0;Regular Season;0;0;0;0;0;0;0;0;0;0
66400;2029;3;9;T-Mobile Arena;0;30;10;0;0;0;0;0;0;0;0;0;0;0;0;;;;0;0;0;0;0;0;0;0;0;0;0;0;0;0;0;0;0;0;0;0;0;0;0;0;Regular Season;0;0;0;0;0;0;0;0;0;0
66372;2029;3;9; Arena;0;154;12;0;0;0;0;0;0;0;0;0;0;0;0;;;;0;0;0;0;0;0;0;0;0;0;0;0;0;0;0;0;0;0;0;0;0;0;0;0;Regular Season;0;0;0;0;0;0;0;0;0;0
66364;2029;3;9;Gazprom Fairgrounds;0;8;25;0;0;0;0;0;0;0;0;0;0;0;0;;;;0;0;0;0;0;0;0;0;0;0;0;0;0;0;0;0;0;0;0;0;0;0;0;0;Regular Season;0;0;0;0;0;0;0;0;0;0
66443;2029;3;10;State Farm Arena;0;31;14;0;0;0;0;0;0;0;0;0;0;0;0;;;;0;0;0;0;0;0;0;0;0;0;0;0;0;0;0;0;0;0;0;0;0;0;0;0;Regular Season;0;0;0;0;0;0;0;0;0;0
66491;2029;3;10;PPG Paints Arena;0;9;26;0;0;0;0;0;0;0;0;0;0;0;0;;;;0;0;0;0;0;0;0;0;0;0;0;0;0;0;0;0;0;0;0;0;0;0;0;0;Regular Season;0;0;0;0;0;0;0;0;0;0
66445;2029;3;11;Rainier Beer Gardens & Arena;0;2;31;0;0;0;0;0;0;0;0;0;0;0;0;;;;0;0;0;0;0;0;0;0;0;0;0;0;0;0;0;0;0;0;0;0;0;0;0;0;Regular Season;0;0;0;0;0;0;0;0;0;0
66383;2029;3;11;Scotiabank Arena;0;1;21;0;0;0;0;0;0;0;0;0;0;0;0;;;;0;0;0;0;0;0;0;0;0;0;0;0;0;0;0;0;0;0;0;0;0;0;0;0;Regular Season;0;0;0;0;0;0;0;0;0;0
66350;2029;3;12;Prudential Center;0;17;21;0;0;0;0;0;0;0;0;0;0;0;0;;;;0;0;0;0;0;0;0;0;0;0;0;0;0;0;0;0;0;0;0;0;0;0;0;0;Regular Season;0;0;0;0;0;0;0;0;0;0
66378;2029;3;12; Arena;0;154;28;0;0;0;0;0;0;0;0;0;0;0;0;;;;0;0;0;0;0;0;0;0;0;0;0;0;0;0;0;0;0;0;0;0;0;0;0;0;Regular Season;0;0;0;0;0;0;0;0;0;0
66397;2029;3;12;T-Mobile Center;0;152;0;0;0;0;0;0;0;0;0;0;0;0;0;;;;0;0;0;0;0;0;0;0;0;0;0;0;0;0;0;0;0;0;0;0;0;0;0;0;Regular Season;0;0;0;0;0;0;0;0;0;0
66420;2029;3;12;Rogers Arena;0;12;7;0;0;0;0;0;0;0;0;0;0;0;0;;;;0;0;0;0;0;0;0;0;0;0;0;0;0;0;0;0;0;0;0;0;0;0;0;0;Regular Season;0;0;0;0;0;0;0;0;0;0
66387;2029;3;12;Ball Arena;0;19;23;0;0;0;0;0;0;0;0;0;0;0;0;;;;0;0;0;0;0;0;0;0;0;0;0;0;0;0;0;0;0;0;0;0;0;0;0;0;Regular Season;0;0;0;0;0;0;0;0;0;0
66377;2029;3;13;Hell's Paradise;0;27;24;0;0;0;0;0;0;0;0;0;0;0;0;;;;0;0;0;0;0;0;0;0;0;0;0;0;0;0;0;0;0;0;0;0;0;0;0;0;Regular Season;0;0;0;0;0;0;0;0;0;0
66360;2029;3;13;PPG Paints Arena;0;9;124;0;0;0;0;0;0;0;0;0;0;0;0;;;;0;0;0;0;0;0;0;0;0;0;0;0;0;0;0;0;0;0;0;0;0;0;0;0;Regular Season;0;0;0;0;0;0;0;0;0;0
66362;2029;3;13;Prudential Center;0;17;152;0;0;0;0;0;0;0;0;0;0;0;0;;;;0;0;0;0;0;0;0;0;0;0;0;0;0;0;0;0;0;0;0;0;0;0;0;0;Regular Season;0;0;0;0;0;0;0;0;0;0
66385;2029;3;13;Rainier Beer Gardens & Arena;0;2;14;0;0;0;0;0;0;0;0;0;0;0;0;;;;0;0;0;0;0;0;0;0;0;0;0;0;0;0;0;0;0;0;0;0;0;0;0;0;Regular Season;0;0;0;0;0;0;0;0;0;0
66399;2029;3;13;State Farm Arena;0;31;154;0;0;0;0;0;0;0;0;0;0;0;0;;;;0;0;0;0;0;0;0;0;0;0;0;0;0;0;0;0;0;0;0;0;0;0;0;0;Regular Season;0;0;0;0;0;0;0;0;0;0
66416;2029;3;13;T-Mobile Arena;0;30;29;0;0;0;0;0;0;0;0;0;0;0;0;;;;0;0;0;0;0;0;0;0;0;0;0;0;0;0;0;0;0;0;0;0;0;0;0;0;Regular Season;0;0;0;0;0;0;0;0;0;0
66448;2029;3;13;Los Pollos Arena;0;18;10;0;0;0;0;0;0;0;0;0;0;0;0;;;;0;0;0;0;0;0;0;0;0;0;0;0;0;0;0;0;0;0;0;0;0;0;0;0;Regular Season;0;0;0;0;0;0;0;0;0;0
66408;2029;3;13;Gazprom Fairgrounds;0;8;1;0;0;0;0;0;0;0;0;0;0;0;0;;;;0;0;0;0;0;0;0;0;0;0;0;0;0;0;0;0;0;0;0;0;0;0;0;0;Regular Season;0;0;0;0;0;0;0;0;0;0
66405;2029;3;13;Ball Arena;0;19;25;0;0;0;0;0;0;0;0;0;0;0;0;;;;0;0;0;0;0;0;0;0;0;0;0;0;0;0;0;0;0;0;0;0;0;0;0;0;Regular Season;0;0;0;0;0;0;0;0;0;0
66409;2029;3;14;Rogers Arena;0;12;30;0;0;0;0;0;0;0;0;0;0;0;0;;;;0;0;0;0;0;0;0;0;0;0;0;0;0;0;0;0;0;0;0;0;0;0;0;0;Regular Season;0;0;0;0;0;0;0;0;0;0
66386;2029;3;14;Quack Den;0;24;27;0;0;0;0;0;0;0;0;0;0;0;0;;;;0;0;0;0;0;0;0;0;0;0;0;0;0;0;0;0;0;0;0;0;0;0;0;0;Regular Season;0;0;0;0;0;0;0;0;0;0
66429;2029;3;14;BC Ferries Center;0;26;25;0;0;0;0;0;0;0;0;0;0;0;0;;;;0;0;0;0;0;0;0;0;0;0;0;0;0;0;0;0;0;0;0;0;0;0;0;0;Regular Season;0;0;0;0;0;0;0;0;0;0
66402;2029;3;15;Gazprom Fairgrounds;0;8;14;0;0;0;0;0;0;0;0;0;0;0;0;;;;0;0;0;0;0;0;0;0;0;0;0;0;0;0;0;0;0;0;0;0;0;0;0;0;Regular Season;0;0;0;0;0;0;0;0;0;0
66450;2029;3;15;Scotiabank Arena;0;1;28;0;0;0;0;0;0;0;0;0;0;0;0;;;;0;0;0;0;0;0;0;0;0;0;0;0;0;0;0;0;0;0;0;0;0;0;0;0;Regular Season;0;0;0;0;0;0;0;0;0;0
66434;2029;3;15;The Ranch;0;3;9;0;0;0;0;0;0;0;0;0;0;0;0;;;;0;0;0;0;0;0;0;0;0;0;0;0;0;0;0;0;0;0;0;0;0;0;0;0;Regular Season;0;0;0;0;0;0;0;0;0;0
66406;2029;3;15;Bell Centre;0;0;23;0;0;0;0;0;0;0;0;0;0;0;0;;;;0;0;0;0;0;0;0;0;0;0;0;0;0;0;0;0;0;0;0;0;0;0;0;0;Regular Season;0;0;0;0;0;0;0;0;0;0
66379;2029;3;15;Lalo Salamanca Center;0;124;18;0;0;0;0;0;0;0;0;0;0;0;0;;;;0;0;0;0;0;0;0;0;0;0;0;0;0;0;0;0;0;0;0;0;0;0;0;0;Regular Season;0;0;0;0;0;0;0;0;0;0
66340;2029;3;15;XL Center;0;29;17;0;0;0;0;0;0;0;0;0;0;0;0;;;;0;0;0;0;0;0;0;0;0;0;0;0;0;0;0;0;0;0;0;0;0;0;0;0;Regular Season;0;0;0;0;0;0;0;0;0;0
66394;2029;3;15;Rainier Beer Gardens & Arena;0;2;19;0;0;0;0;0;0;0;0;0;0;0;0;;;;0;0;0;0;0;0;0;0;0;0;0;0;0;0;0;0;0;0;0;0;0;0;0;0;Regular Season;0;0;0;0;0;0;0;0;0;0
66365;2029;3;16;T-Mobile Center;0;152;29;0;0;0;0;0;0;0;0;0;0;0;0;;;;0;0;0;0;0;0;0;0;0;0;0;0;0;0;0;0;0;0;0;0;0;0;0;0;Regular Season;0;0;0;0;0;0;0;0;0;0
66398;2029;3;16;Charles Ponzi Memorial Arena;0;7;124;0;0;0;0;0;0;0;0;0;0;0;0;;;;0;0;0;0;0;0;0;0;0;0;0;0;0;0;0;0;0;0;0;0;0;0;0;0;Regular Season;0;0;0;0;0;0;0;0;0;0
66496;2029;3;16;Centre Videotron;0;21;25;0;0;0;0;0;0;0;0;0;0;0;0;;;;0;0;0;0;0;0;0;0;0;0;0;0;0;0;0;0;0;0;0;0;0;0;0;0;Regular Season;0;0;0;0;0;0;0;0;0;0
66380;2029;3;16;Hell's Paradise;0;27;10;0;0;0;0;0;0;0;0;0;0;0;0;;;;0;0;0;0;0;0;0;0;0;0;0;0;0;0;0;0;0;0;0;0;0;0;0;0;Regular Season;0;0;0;0;0;0;0;0;0;0
66458;2029;3;16;Staples Center;0;28;24;0;0;0;0;0;0;0;0;0;0;0;0;;;;0;0;0;0;0;0;0;0;0;0;0;0;0;0;0;0;0;0;0;0;0;0;0;0;Regular Season;0;0;0;0;0;0;0;0;0;0
66388;2029;3;16;UBS Arena;0;14;23;0;0;0;0;0;0;0;0;0;0;0;0;;;;0;0;0;0;0;0;0;0;0;0;0;0;0;0;0;0;0;0;0;0;0;0;0;0;Regular Season;0;0;0;0;0;0;0;0;0;0
66460;2029;3;16;The Ranch;0;3;12;0;0;0;0;0;0;0;0;0;0;0;0;;;;0;0;0;0;0;0;0;0;0;0;0;0;0;0;0;0;0;0;0;0;0;0;0;0;Regular Season;0;0;0;0;0;0;0;0;0;0
66507;2029;3;16;Scotiabank Arena;0;1;20;0;0;0;0;0;0;0;0;0;0;0;0;;;;0;0;0;0;0;0;0;0;0;0;0;0;0;0;0;0;0;0;0;0;0;0;0;0;Regular Season;0;0;0;0;0;0;0;0;0;0
66498;2029;3;16;BC Ferries Center;0;26;2;0;0;0;0;0;0;0;0;0;0;0;0;;;;0;0;0;0;0;0;0;0;0;0;0;0;0;0;0;0;0;0;0;0;0;0;0;0;Regular Season;0;0;0;0;0;0;0;0;0;0
66395;2029;3;17; Arena;0;154;21;0;0;0;0;0;0;0;0;0;0;0;0;;;;0;0;0;0;0;0;0;0;0;0;0;0;0;0;0;0;0;0;0;0;0;0;0;0;Regular Season;0;0;0;0;0;0;0;0;0;0
66442;2029;3;17;Gazprom Fairgrounds;0;8;10;0;0;0;0;0;0;0;0;0;0;0;0;;;;0;0;0;0;0;0;0;0;0;0;0;0;0;0;0;0;0;0;0;0;0;0;0;0;Regular Season;0;0;0;0;0;0;0;0;0;0
66453;2029;3;18;PPG Paints Arena;0;9;18;0;0;0;0;0;0;0;0;0;0;0;0;;;;0;0;0;0;0;0;0;0;0;0;0;0;0;0;0;0;0;0;0;0;0;0;0;0;Regular Season;0;0;0;0;0;0;0;0;0;0
66421;2029;3;18;Charles Ponzi Memorial Arena;0;7;30;0;0;0;0;0;0;0;0;0;0;0;0;;;;0;0;0;0;0;0;0;0;0;0;0;0;0;0;0;0;0;0;0;0;0;0;0;0;Regular Season;0;0;0;0;0;0;0;0;0;0
66517;2029;3;19;Quack Den;0;24;2;0;0;0;0;0;0;0;0;0;0;0;0;;;;0;0;0;0;0;0;0;0;0;0;0;0;0;0;0;0;0;0;0;0;0;0;0;0;Regular Season;0;0;0;0;0;0;0;0;0;0
66459;2029;3;19;Scotiabank Arena;0;1;10;0;0;0;0;0;0;0;0;0;0;0;0;;;;0;0;0;0;0;0;0;0;0;0;0;0;0;0;0;0;0;0;0;0;0;0;0;0;Regular Season;0;0;0;0;0;0;0;0;0;0
66376;2029;3;19;Prudential Center;0;17;152;0;0;0;0;0;0;0;0;0;0;0;0;;;;0;0;0;0;0;0;0;0;0;0;0;0;0;0;0;0;0;0;0;0;0;0;0;0;Regular Season;0;0;0;0;0;0;0;0;0;0
66480;2029;3;19;XL Center;0;29;25;0;0;0;0;0;0;0;0;0;0;0;0;;;;0;0;0;0;0;0;0;0;0;0;0;0;0;0;0;0;0;0;0;0;0;0;0;0;Regular Season;0;0;0;0;0;0;0;0;0;0
66424;2029;3;19;Los Pollos Arena;0;18;21;0;0;0;0;0;0;0;0;0;0;0;0;;;;0;0;0;0;0;0;0;0;0;0;0;0;0;0;0;0;0;0;0;0;0;0;0;0;Regular Season;0;0;0;0;0;0;0;0;0;0
66451;2029;3;20;Gazprom Fairgrounds;0;8;124;0;0;0;0;0;0;0;0;0;0;0;0;;;;0;0;0;0;0;0;0;0;0;0;0;0;0;0;0;0;0;0;0;0;0;0;0;0;Regular Season;0;0;0;0;0;0;0;0;0;0
66403;2029;3;20;Hell's Paradise;0;27;28;0;0;0;0;0;0;0;0;0;0;0;0;;;;0;0;0;0;0;0;0;0;0;0;0;0;0;0;0;0;0;0;0;0;0;0;0;0;Regular Season;0;0;0;0;0;0;0;0;0;0
66462;2029;3;20;T-Mobile Center;0;152;1;0;0;0;0;0;0;0;0;0;0;0;0;;;;0;0;0;0;0;0;0;0;0;0;0;0;0;0;0;0;0;0;0;0;0;0;0;0;Regular Season;0;0;0;0;0;0;0;0;0;0
66457;2029;3;20;Chase Field;0;20;29;0;0;0;0;0;0;0;0;0;0;0;0;;;;0;0;0;0;0;0;0;0;0;0;0;0;0;0;0;0;0;0;0;0;0;0;0;0;Regular Season;0;0;0;0;0;0;0;0;0;0
66418;2029;3;20;Bell Centre;0;0;154;0;0;0;0;0;0;0;0;0;0;0;0;;;;0;0;0;0;0;0;0;0;0;0;0;0;0;0;0;0;0;0;0;0;0;0;0;0;Regular Season;0;0;0;0;0;0;0;0;0;0
66412;2029;3;20;Ball Arena;0;19;10;0;0;0;0;0;0;0;0;0;0;0;0;;;;0;0;0;0;0;0;0;0;0;0;0;0;0;0;0;0;0;0;0;0;0;0;0;0;Regular Season;0;0;0;0;0;0;0;0;0;0
66370;2029;3;20;T-Mobile Arena;0;30;17;0;0;0;0;0;0;0;0;0;0;0;0;;;;0;0;0;0;0;0;0;0;0;0;0;0;0;0;0;0;0;0;0;0;0;0;0;0;Regular Season;0;0;0;0;0;0;0;0;0;0
66415;2029;3;20;Centre Videotron;0;21;3;0;0;0;0;0;0;0;0;0;0;0;0;;;;0;0;0;0;0;0;0;0;0;0;0;0;0;0;0;0;0;0;0;0;0;0;0;0;Regular Season;0;0;0;0;0;0;0;0;0;0
66554;2029;3;20;Charles Ponzi Memorial Arena;0;7;31;0;0;0;0;0;0;0;0;0;0;0;0;;;;0;0;0;0;0;0;0;0;0;0;0;0;0;0;0;0;0;0;0;0;0;0;0;0;Regular Season;0;0;0;0;0;0;0;0;0;0
66417;2029;3;21;Hell's Paradise;0;27;7;0;0;0;0;0;0;0;0;0;0;0;0;;;;0;0;0;0;0;0;0;0;0;0;0;0;0;0;0;0;0;0;0;0;0;0;0;0;Regular Season;0;0;0;0;0;0;0;0;0;0
66422;2029;3;21;T-Mobile Arena;0;30;18;0;0;0;0;0;0;0;0;0;0;0;0;;;;0;0;0;0;0;0;0;0;0;0;0;0;0;0;0;0;0;0;0;0;0;0;0;0;Regular Season;0;0;0;0;0;0;0;0;0;0
66439;2029;3;21;Art Hauser Center;0;23;25;0;0;0;0;0;0;0;0;0;0;0;0;;;;0;0;0;0;0;0;0;0;0;0;0;0;0;0;0;0;0;0;0;0;0;0;0;0;Regular Season;0;0;0;0;0;0;0;0;0;0
66521;2029;3;21;Quack Den;0;24;3;0;0;0;0;0;0;0;0;0;0;0;0;;;;0;0;0;0;0;0;0;0;0;0;0;0;0;0;0;0;0;0;0;0;0;0;0;0;Regular Season;0;0;0;0;0;0;0;0;0;0
66477;2029;3;21; Arena;0;154;14;0;0;0;0;0;0;0;0;0;0;0;0;;;;0;0;0;0;0;0;0;0;0;0;0;0;0;0;0;0;0;0;0;0;0;0;0;0;Regular Season;0;0;0;0;0;0;0;0;0;0
66467;2029;3;22;UBS Arena;0;14;124;0;0;0;0;0;0;0;0;0;0;0;0;;;;0;0;0;0;0;0;0;0;0;0;0;0;0;0;0;0;0;0;0;0;0;0;0;0;Regular Season;0;0;0;0;0;0;0;0;0;0
66465;2029;3;22;Scott Trade Center;0;10;8;0;0;0;0;0;0;0;0;0;0;0;0;;;;0;0;0;0;0;0;0;0;0;0;0;0;0;0;0;0;0;0;0;0;0;0;0;0;Regular Season;0;0;0;0;0;0;0;0;0;0
66410;2029;3;22;Art Hauser Center;0;23;0;0;0;0;0;0;0;0;0;0;0;0;0;;;;0;0;0;0;0;0;0;0;0;0;0;0;0;0;0;0;0;0;0;0;0;0;0;0;Regular Season;0;0;0;0;0;0;0;0;0;0
66438;2029;3;22;Rogers Arena;0;12;19;0;0;0;0;0;0;0;0;0;0;0;0;;;;0;0;0;0;0;0;0;0;0;0;0;0;0;0;0;0;0;0;0;0;0;0;0;0;Regular Season;0;0;0;0;0;0;0;0;0;0
66423;2029;3;22;T-Mobile Center;0;152;28;0;0;0;0;0;0;0;0;0;0;0;0;;;;0;0;0;0;0;0;0;0;0;0;0;0;0;0;0;0;0;0;0;0;0;0;0;0;Regular Season;0;0;0;0;0;0;0;0;0;0
66428;2029;3;22;PPG Paints Arena;0;9;17;0;0;0;0;0;0;0;0;0;0;0;0;;;;0;0;0;0;0;0;0;0;0;0;0;0;0;0;0;0;0;0;0;0;0;0;0;0;Regular Season;0;0;0;0;0;0;0;0;0;0
66431;2029;3;22;Centre Videotron;0;21;29;0;0;0;0;0;0;0;0;0;0;0;0;;;;0;0;0;0;0;0;0;0;0;0;0;0;0;0;0;0;0;0;0;0;0;0;0;0;Regular Season;0;0;0;0;0;0;0;0;0;0
66469;2029;3;23;Chase Field;0;20;9;0;0;0;0;0;0;0;0;0;0;0;0;;;;0;0;0;0;0;0;0;0;0;0;0;0;0;0;0;0;0;0;0;0;0;0;0;0;Regular Season;0;0;0;0;0;0;0;0;0;0
66473;2029;3;23;State Farm Arena;0;31;30;0;0;0;0;0;0;0;0;0;0;0;0;;;;0;0;0;0;0;0;0;0;0;0;0;0;0;0;0;0;0;0;0;0;0;0;0;0;Regular Season;0;0;0;0;0;0;0;0;0;0
66468;2029;3;23;Gazprom Fairgrounds;0;8;7;0;0;0;0;0;0;0;0;0;0;0;0;;;;0;0;0;0;0;0;0;0;0;0;0;0;0;0;0;0;0;0;0;0;0;0;0;0;Regular Season;0;0;0;0;0;0;0;0;0;0
66449;2029;3;23;Scotiabank Arena;0;1;19;0;0;0;0;0;0;0;0;0;0;0;0;;;;0;0;0;0;0;0;0;0;0;0;0;0;0;0;0;0;0;0;0;0;0;0;0;0;Regular Season;0;0;0;0;0;0;0;0;0;0
66447;2029;3;23;Los Pollos Arena;0;18;124;0;0;0;0;0;0;0;0;0;0;0;0;;;;0;0;0;0;0;0;0;0;0;0;0;0;0;0;0;0;0;0;0;0;0;0;0;0;Regular Season;0;0;0;0;0;0;0;0;0;0
66493;2029;3;24;UBS Arena;0;14;25;0;0;0;0;0;0;0;0;0;0;0;0;;;;0;0;0;0;0;0;0;0;0;0;0;0;0;0;0;0;0;0;0;0;0;0;0;0;Regular Season;0;0;0;0;0;0;0;0;0;0
66433;2029;3;24;Rogers Arena;0;12;27;0;0;0;0;0;0;0;0;0;0;0;0;;;;0;0;0;0;0;0;0;0;0;0;0;0;0;0;0;0;0;0;0;0;0;0;0;0;Regular Season;0;0;0;0;0;0;0;0;0;0
66452;2029;3;24;Art Hauser Center;0;23;24;0;0;0;0;0;0;0;0;0;0;0;0;;;;0;0;0;0;0;0;0;0;0;0;0;0;0;0;0;0;0;0;0;0;0;0;0;0;Regular Season;0;0;0;0;0;0;0;0;0;0
66490;2029;3;24;Bell Centre;0;0;3;0;0;0;0;0;0;0;0;0;0;0;0;;;;0;0;0;0;0;0;0;0;0;0;0;0;0;0;0;0;0;0;0;0;0;0;0;0;Regular Season;0;0;0;0;0;0;0;0;0;0
66583;2029;3;25;State Farm Arena;0;31;154;0;0;0;0;0;0;0;0;0;0;0;0;;;;0;0;0;0;0;0;0;0;0;0;0;0;0;0;0;0;0;0;0;0;0;0;0;0;Regular Season;0;0;0;0;0;0;0;0;0;0
66472;2029;3;25;Staples Center;0;28;20;0;0;0;0;0;0;0;0;0;0;0;0;;;;0;0;0;0;0;0;0;0;0;0;0;0;0;0;0;0;0;0;0;0;0;0;0;0;Regular Season;0;0;0;0;0;0;0;0;0;0
66437;2029;3;26;Prudential Center;0;17;26;0;0;0;0;0;0;0;0;0;0;0;0;;;;0;0;0;0;0;0;0;0;0;0;0;0;0;0;0;0;0;0;0;0;0;0;0;0;Regular Season;0;0;0;0;0;0;0;0;0;0
66483;2029;3;26;Chase Field;0;20;12;0;0;0;0;0;0;0;0;0;0;0;0;;;;0;0;0;0;0;0;0;0;0;0;0;0;0;0;0;0;0;0;0;0;0;0;0;0;Regular Season;0;0;0;0;0;0;0;0;0;0
66481;2029;3;26;Hell's Paradise;0;27;25;0;0;0;0;0;0;0;0;0;0;0;0;;;;0;0;0;0;0;0;0;0;0;0;0;0;0;0;0;0;0;0;0;0;0;0;0;0;Regular Season;0;0;0;0;0;0;0;0;0;0
66543;2029;3;26;UBS Arena;0;14;24;0;0;0;0;0;0;0;0;0;0;0;0;;;;0;0;0;0;0;0;0;0;0;0;0;0;0;0;0;0;0;0;0;0;0;0;0;0;Regular Season;0;0;0;0;0;0;0;0;0;0
66513;2029;3;26;Gazprom Fairgrounds;0;8;29;0;0;0;0;0;0;0;0;0;0;0;0;;;;0;0;0;0;0;0;0;0;0;0;0;0;0;0;0;0;0;0;0;0;0;0;0;0;Regular Season;0;0;0;0;0;0;0;0;0;0
66484;2029;3;26;Staples Center;0;28;2;0;0;0;0;0;0;0;0;0;0;0;0;;;;0;0;0;0;0;0;0;0;0;0;0;0;0;0;0;0;0;0;0;0;0;0;0;0;Regular Season;0;0;0;0;0;0;0;0;0;0
66492;2029;3;26;Centre Videotron;0;21;23;0;0;0;0;0;0;0;0;0;0;0;0;;;;0;0;0;0;0;0;0;0;0;0;0;0;0;0;0;0;0;0;0;0;0;0;0;0;Regular Season;0;0;0;0;0;0;0;0;0;0
66503;2029;3;26;T-Mobile Arena;0;30;152;0;0;0;0;0;0;0;0;0;0;0;0;;;;0;0;0;0;0;0;0;0;0;0;0;0;0;0;0;0;0;0;0;0;0;0;0;0;Regular Season;0;0;0;0;0;0;0;0;0;0
66430;2029;3;27;Bell Centre;0;0;17;0;0;0;0;0;0;0;0;0;0;0;0;;;;0;0;0;0;0;0;0;0;0;0;0;0;0;0;0;0;0;0;0;0;0;0;0;0;Regular Season;0;0;0;0;0;0;0;0;0;0
66456;2029;3;27;Centre Videotron;0;21;24;0;0;0;0;0;0;0;0;0;0;0;0;;;;0;0;0;0;0;0;0;0;0;0;0;0;0;0;0;0;0;0;0;0;0;0;0;0;Regular Season;0;0;0;0;0;0;0;0;0;0
66510;2029;3;27;State Farm Arena;0;31;152;0;0;0;0;0;0;0;0;0;0;0;0;;;;0;0;0;0;0;0;0;0;0;0;0;0;0;0;0;0;0;0;0;0;0;0;0;0;Regular Season;0;0;0;0;0;0;0;0;0;0
66474;2029;3;27;Scotiabank Arena;0;1;7;0;0;0;0;0;0;0;0;0;0;0;0;;;;0;0;0;0;0;0;0;0;0;0;0;0;0;0;0;0;0;0;0;0;0;0;0;0;Regular Season;0;0;0;0;0;0;0;0;0;0
66522;2029;3;27;Scott Trade Center;0;10;30;0;0;0;0;0;0;0;0;0;0;0;0;;;;0;0;0;0;0;0;0;0;0;0;0;0;0;0;0;0;0;0;0;0;0;0;0;0;Regular Season;0;0;0;0;0;0;0;0;0;0
66574;2029;3;27;Los Pollos Arena;0;18;154;0;0;0;0;0;0;0;0;0;0;0;0;;;;0;0;0;0;0;0;0;0;0;0;0;0;0;0;0;0;0;0;0;0;0;0;0;0;Regular Season;0;0;0;0;0;0;0;0;0;0
66454;2029;3;27;BC Ferries Center;0;26;27;0;0;0;0;0;0;0;0;0;0;0;0;;;;0;0;0;0;0;0;0;0;0;0;0;0;0;0;0;0;0;0;0;0;0;0;0;0;Regular Season;0;0;0;0;0;0;0;0;0;0
66455;2029;3;28;State Farm Arena;0;31;19;0;0;0;0;0;0;0;0;0;0;0;0;;;;0;0;0;0;0;0;0;0;0;0;0;0;0;0;0;0;0;0;0;0;0;0;0;0;Regular Season;0;0;0;0;0;0;0;0;0;0
66552;2029;3;28; Arena;0;154;3;0;0;0;0;0;0;0;0;0;0;0;0;;;;0;0;0;0;0;0;0;0;0;0;0;0;0;0;0;0;0;0;0;0;0;0;0;0;Regular Season;0;0;0;0;0;0;0;0;0;0
66497;2029;3;28;Rogers Arena;0;12;20;0;0;0;0;0;0;0;0;0;0;0;0;;;;0;0;0;0;0;0;0;0;0;0;0;0;0;0;0;0;0;0;0;0;0;0;0;0;Regular Season;0;0;0;0;0;0;0;0;0;0
66518;2029;3;28;XL Center;0;29;9;0;0;0;0;0;0;0;0;0;0;0;0;;;;0;0;0;0;0;0;0;0;0;0;0;0;0;0;0;0;0;0;0;0;0;0;0;0;Regular Season;0;0;0;0;0;0;0;0;0;0
66466;2029;3;29;Prudential Center;0;17;29;0;0;0;0;0;0;0;0;0;0;0;0;;;;0;0;0;0;0;0;0;0;0;0;0;0;0;0;0;0;0;0;0;0;0;0;0;0;Regular Season;0;0;0;0;0;0;0;0;0;0
66479;2029;3;29;Rainier Beer Gardens & Arena;0;2;124;0;0;0;0;0;0;0;0;0;0;0;0;;;;0;0;0;0;0;0;0;0;0;0;0;0;0;0;0;0;0;0;0;0;0;0;0;0;Regular Season;0;0;0;0;0;0;0;0;0;0
66545;2029;3;29;T-Mobile Center;0;152;3;0;0;0;0;0;0;0;0;0;0;0;0;;;;0;0;0;0;0;0;0;0;0;0;0;0;0;0;0;0;0;0;0;0;0;0;0;0;Regular Season;0;0;0;0;0;0;0;0;0;0
66499;2029;3;29;BC Ferries Center;0;26;19;0;0;0;0;0;0;0;0;0;0;0;0;;;;0;0;0;0;0;0;0;0;0;0;0;0;0;0;0;0;0;0;0;0;0;0;0;0;Regular Season;0;0;0;0;0;0;0;0;0;0
66482;2029;3;29;T-Mobile Arena;0;30;0;0;0;0;0;0;0;0;0;0;0;0;0;;;;0;0;0;0;0;0;0;0;0;0;0;0;0;0;0;0;0;0;0;0;0;0;0;0;Regular Season;0;0;0;0;0;0;0;0;0;0
66494;2029;3;29;Chase Field;0;20;8;0;0;0;0;0;0;0;0;0;0;0;0;;;;0;0;0;0;0;0;0;0;0;0;0;0;0;0;0;0;0;0;0;0;0;0;0;0;Regular Season;0;0;0;0;0;0;0;0;0;0
66475;2029;3;29;Scotiabank Arena;0;1;23;0;0;0;0;0;0;0;0;0;0;0;0;;;;0;0;0;0;0;0;0;0;0;0;0;0;0;0;0;0;0;0;0;0;0;0;0;0;Regular Season;0;0;0;0;0;0;0;0;0;0
66527;2029;3;30;UBS Arena;0;14;18;0;0;0;0;0;0;0;0;0;0;0;0;;;;0;0;0;0;0;0;0;0;0;0;0;0;0;0;0;0;0;0;0;0;0;0;0;0;Regular Season;0;0;0;0;0;0;0;0;0;0
66487;2029;3;30;Quack Den;0;24;124;0;0;0;0;0;0;0;0;0;0;0;0;;;;0;0;0;0;0;0;0;0;0;0;0;0;0;0;0;0;0;0;0;0;0;0;0;0;Regular Season;0;0;0;0;0;0;0;0;0;0
66524;2029;3;30;PPG Paints Arena;0;9;23;0;0;0;0;0;0;0;0;0;0;0;0;;;;0;0;0;0;0;0;0;0;0;0;0;0;0;0;0;0;0;0;0;0;0;0;0;0;Regular Season;0;0;0;0;0;0;0;0;0;0
66548;2029;3;30;Staples Center;0;28;8;0;0;0;0;0;0;0;0;0;0;0;0;;;;0;0;0;0;0;0;0;0;0;0;0;0;0;0;0;0;0;0;0;0;0;0;0;0;Regular Season;0;0;0;0;0;0;0;0;0;0
66576;2029;3;30; Arena;0;154;7;0;0;0;0;0;0;0;0;0;0;0;0;;;;0;0;0;0;0;0;0;0;0;0;0;0;0;0;0;0;0;0;0;0;0;0;0;0;Regular Season;0;0;0;0;0;0;0;0;0;0
66555;2029;3;30;Rainier Beer Gardens & Arena;0;2;10;0;0;0;0;0;0;0;0;0;0;0;0;;;;0;0;0;0;0;0;0;0;0;0;0;0;0;0;0;0;0;0;0;0;0;0;0;0;Regular Season;0;0;0;0;0;0;0;0;0;0
66478;2029;3;31;Bell Centre;0;0;19;0;0;0;0;0;0;0;0;0;0;0;0;;;;0;0;0;0;0;0;0;0;0;0;0;0;0;0;0;0;0;0;0;0;0;0;0;0;Regular Season;0;0;0;0;0;0;0;0;0;0
66562;2029;3;31;The Ranch;0;3;18;0;0;0;0;0;0;0;0;0;0;0;0;;;;0;0;0;0;0;0;0;0;0;0;0;0;0;0;0;0;0;0;0;0;0;0;0;0;Regular Season;0;0;0;0;0;0;0;0;0;0
66471;2029;3;31;Hell's Paradise;0;27;21;0;0;0;0;0;0;0;0;0;0;0;0;;;;0;0;0;0;0;0;0;0;0;0;0;0;0;0;0;0;0;0;0;0;0;0;0;0;Regular Season;0;0;0;0;0;0;0;0;0;0
66579;2029;3;31;Xcel Energy Center;0;25;31;0;0;0;0;0;0;0;0;0;0;0;0;;;;0;0;0;0;0;0;0;0;0;0;0;0;0;0;0;0;0;0;0;0;0;0;0;0;Regular Season;0;0;0;0;0;0;0;0;0;0
66476;2029;3;31;Scotiabank Arena;0;1;12;0;0;0;0;0;0;0;0;0;0;0;0;;;;0;0;0;0;0;0;0;0;0;0;0;0;0;0;0;0;0;0;0;0;0;0;0;0;Regular Season;0;0;0;0;0;0;0;0;0;0
66558;2029;4;1;PPG Paints Arena;0;9;28;0;0;0;0;0;0;0;0;0;0;0;0;;;;0;0;0;0;0;0;0;0;0;0;0;0;0;0;0;0;0;0;0;0;0;0;0;0;Regular Season;0;0;0;0;0;0;0;0;0;0
66489;2029;4;1;Lalo Salamanca Center;0;124;7;0;0;0;0;0;0;0;0;0;0;0;0;;;;0;0;0;0;0;0;0;0;0;0;0;0;0;0;0;0;0;0;0;0;0;0;0;0;Regular Season;0;0;0;0;0;0;0;0;0;0
66571;2029;4;2;Lalo Salamanca Center;0;124;3;0;0;0;0;0;0;0;0;0;0;0;0;;;;0;0;0;0;0;0;0;0;0;0;0;0;0;0;0;0;0;0;0;0;0;0;0;0;Regular Season;0;0;0;0;0;0;0;0;0;0
66504;2029;4;2;Prudential Center;0;17;26;0;0;0;0;0;0;0;0;0;0;0;0;;;;0;0;0;0;0;0;0;0;0;0;0;0;0;0;0;0;0;0;0;0;0;0;0;0;Regular Season;0;0;0;0;0;0;0;0;0;0
66506;2029;4;2;Rainier Beer Gardens & Arena;0;2;1;0;0;0;0;0;0;0;0;0;0;0;0;;;;0;0;0;0;0;0;0;0;0;0;0;0;0;0;0;0;0;0;0;0;0;0;0;0;Regular Season;0;0;0;0;0;0;0;0;0;0
66514;2029;4;2;Quack Den;0;24;0;0;0;0;0;0;0;0;0;0;0;0;0;;;;0;0;0;0;0;0;0;0;0;0;0;0;0;0;0;0;0;0;0;0;0;0;0;0;Regular Season;0;0;0;0;0;0;0;0;0;0
66534;2029;4;2;T-Mobile Arena;0;30;29;0;0;0;0;0;0;0;0;0;0;0;0;;;;0;0;0;0;0;0;0;0;0;0;0;0;0;0;0;0;0;0;0;0;0;0;0;0;Regular Season;0;0;0;0;0;0;0;0;0;0
66551;2029;4;3;Quack Den;0;24;8;0;0;0;0;0;0;0;0;0;0;0;0;;;;0;0;0;0;0;0;0;0;0;0;0;0;0;0;0;0;0;0;0;0;0;0;0;0;Regular Season;0;0;0;0;0;0;0;0;0;0
66525;2029;4;3;Centre Videotron;0;21;23;0;0;0;0;0;0;0;0;0;0;0;0;;;;0;0;0;0;0;0;0;0;0;0;0;0;0;0;0;0;0;0;0;0;0;0;0;0;Regular Season;0;0;0;0;0;0;0;0;0;0
66505;2029;4;3;Prudential Center;0;17;27;0;0;0;0;0;0;0;0;0;0;0;0;;;;0;0;0;0;0;0;0;0;0;0;0;0;0;0;0;0;0;0;0;0;0;0;0;0;Regular Season;0;0;0;0;0;0;0;0;0;0
66539;2029;4;3;T-Mobile Arena;0;30;31;0;0;0;0;0;0;0;0;0;0;0;0;;;;0;0;0;0;0;0;0;0;0;0;0;0;0;0;0;0;0;0;0;0;0;0;0;0;Regular Season;0;0;0;0;0;0;0;0;0;0
66577;2029;4;3; Arena;0;154;14;0;0;0;0;0;0;0;0;0;0;0;0;;;;0;0;0;0;0;0;0;0;0;0;0;0;0;0;0;0;0;0;0;0;0;0;0;0;Regular Season;0;0;0;0;0;0;0;0;0;0
66529;2029;4;3;Ball Arena;0;19;0;0;0;0;0;0;0;0;0;0;0;0;0;;;;0;0;0;0;0;0;0;0;0;0;0;0;0;0;0;0;0;0;0;0;0;0;0;0;Regular Season;0;0;0;0;0;0;0;0;0;0
66486;2029;4;3;Scott Trade Center;0;10;1;0;0;0;0;0;0;0;0;0;0;0;0;;;;0;0;0;0;0;0;0;0;0;0;0;0;0;0;0;0;0;0;0;0;0;0;0;0;Regular Season;0;0;0;0;0;0;0;0;0;0
66557;2029;4;3;Charles Ponzi Memorial Arena;0;7;2;0;0;0;0;0;0;0;0;0;0;0;0;;;;0;0;0;0;0;0;0;0;0;0;0;0;0;0;0;0;0;0;0;0;0;0;0;0;Regular Season;0;0;0;0;0;0;0;0;0;0
66538;2029;4;3;Xcel Energy Center;0;25;12;0;0;0;0;0;0;0;0;0;0;0;0;;;;0;0;0;0;0;0;0;0;0;0;0;0;0;0;0;0;0;0;0;0;0;0;0;0;Regular Season;0;0;0;0;0;0;0;0;0;0
66511;2029;4;3;PPG Paints Arena;0;9;20;0;0;0;0;0;0;0;0;0;0;0;0;;;;0;0;0;0;0;0;0;0;0;0;0;0;0;0;0;0;0;0;0;0;0;0;0;0;Regular Season;0;0;0;0;0;0;0;0;0;0
66509;2029;4;5;Rogers Arena;0;12;18;0;0;0;0;0;0;0;0;0;0;0;0;;;;0;0;0;0;0;0;0;0;0;0;0;0;0;0;0;0;0;0;0;0;0;0;0;0;Regular Season;0;0;0;0;0;0;0;0;0;0
66541;2029;4;5;Scott Trade Center;0;10;26;0;0;0;0;0;0;0;0;0;0;0;0;;;;0;0;0;0;0;0;0;0;0;0;0;0;0;0;0;0;0;0;0;0;0;0;0;0;Regular Season;0;0;0;0;0;0;0;0;0;0
66519;2029;4;5;Chase Field;0;20;14;0;0;0;0;0;0;0;0;0;0;0;0;;;;0;0;0;0;0;0;0;0;0;0;0;0;0;0;0;0;0;0;0;0;0;0;0;0;Regular Season;0;0;0;0;0;0;0;0;0;0
66537;2029;4;5;Lalo Salamanca Center;0;124;30;0;0;0;0;0;0;0;0;0;0;0;0;;;;0;0;0;0;0;0;0;0;0;0;0;0;0;0;0;0;0;0;0;0;0;0;0;0;Regular Season;0;0;0;0;0;0;0;0;0;0
66508;2029;4;5;Bell Centre;0;0;17;0;0;0;0;0;0;0;0;0;0;0;0;;;;0;0;0;0;0;0;0;0;0;0;0;0;0;0;0;0;0;0;0;0;0;0;0;0;Regular Season;0;0;0;0;0;0;0;0;0;0
66502;2029;4;5;Staples Center;0;28;21;0;0;0;0;0;0;0;0;0;0;0;0;;;;0;0;0;0;0;0;0;0;0;0;0;0;0;0;0;0;0;0;0;0;0;0;0;0;Regular Season;0;0;0;0;0;0;0;0;0;0
66530;2029;4;5;Ball Arena;0;19;3;0;0;0;0;0;0;0;0;0;0;0;0;;;;0;0;0;0;0;0;0;0;0;0;0;0;0;0;0;0;0;0;0;0;0;0;0;0;Regular Season;0;0;0;0;0;0;0;0;0;0
66544;2029;4;5;Hell's Paradise;0;27;2;0;0;0;0;0;0;0;0;0;0;0;0;;;;0;0;0;0;0;0;0;0;0;0;0;0;0;0;0;0;0;0;0;0;0;0;0;0;Regular Season;0;0;0;0;0;0;0;0;0;0
66533;2029;4;6;Chase Field;0;20;25;0;0;0;0;0;0;0;0;0;0;0;0;;;;0;0;0;0;0;0;0;0;0;0;0;0;0;0;0;0;0;0;0;0;0;0;0;0;Regular Season;0;0;0;0;0;0;0;0;0;0
66535;2029;4;6;Centre Videotron;0;21;26;0;0;0;0;0;0;0;0;0;0;0;0;;;;0;0;0;0;0;0;0;0;0;0;0;0;0;0;0;0;0;0;0;0;0;0;0;0;Regular Season;0;0;0;0;0;0;0;0;0;0
66563;2029;4;6;State Farm Arena;0;31;19;0;0;0;0;0;0;0;0;0;0;0;0;;;;0;0;0;0;0;0;0;0;0;0;0;0;0;0;0;0;0;0;0;0;0;0;0;0;Regular Season;0;0;0;0;0;0;0;0;0;0
66542;2029;4;6;XL Center;0;29;10;0;0;0;0;0;0;0;0;0;0;0;0;;;;0;0;0;0;0;0;0;0;0;0;0;0;0;0;0;0;0;0;0;0;0;0;0;0;Regular Season;0;0;0;0;0;0;0;0;0;0
66560;2029;4;6;UBS Arena;0;14;9;0;0;0;0;0;0;0;0;0;0;0;0;;;;0;0;0;0;0;0;0;0;0;0;0;0;0;0;0;0;0;0;0;0;0;0;0;0;Regular Season;0;0;0;0;0;0;0;0;0;0
66570;2029;4;6;Rogers Arena;0;12;18;0;0;0;0;0;0;0;0;0;0;0;0;;;;0;0;0;0;0;0;0;0;0;0;0;0;0;0;0;0;0;0;0;0;0;0;0;0;Regular Season;0;0;0;0;0;0;0;0;0;0
66520;2029;4;6;Staples Center;0;28;1;0;0;0;0;0;0;0;0;0;0;0;0;;;;0;0;0;0;0;0;0;0;0;0;0;0;0;0;0;0;0;0;0;0;0;0;0;0;Regular Season;0;0;0;0;0;0;0;0;0;0
66565;2029;4;6;Art Hauser Center;0;23;3;0;0;0;0;0;0;0;0;0;0;0;0;;;;0;0;0;0;0;0;0;0;0;0;0;0;0;0;0;0;0;0;0;0;0;0;0;0;Regular Season;0;0;0;0;0;0;0;0;0;0
66589;2028;9;20;Staples Center;12280;28;2;2;1;0;1;1;0;0;0;0;1;0;0;5860;6605;6426;41;42;9;23;16;15;6;13;11;6;21;23;5;10;11;0;7;5;9;0;0;4;0;3;Pre-Season;8;17;10;4;2;7;15;11;4;5
66591;2028;9;20;PPG Paints Arena;11913;9;152;6;5;4;2;0;0;0;1;1;3;0;0;6191;1210;1767;55;31;14;42;20;17;10;13;13;7;19;31;16;20;7;0;7;6;7;0;1;6;0;2;Pre-Season;4;23;12;8;8;6;11;7;6;1
66593;2028;9;20;T-Mobile Arena;14597;30;8;1;8;0;0;1;0;0;3;3;2;0;0;522;1724;5858;42;57;11;10;29;30;18;7;4;9;26;17;4;11;4;0;14;20;13;0;1;5;1;4;Pre-Season;8;20;8;2;4;4;17;9;15;12
66595;2028;9;20;Lalo Salamanca Center;11676;124;10;5;1;1;2;2;0;0;1;0;0;0;0;1859;879;9398;48;63;8;4;29;22;10;11;11;11;26;17;9;12;7;0;14;16;7;0;0;2;0;4;Pre-Season;6;24;8;8;2;8;20;12;13;10
66597;2028;9;20;Xcel Energy Center;11819;25;1;1;6;0;1;0;0;0;1;3;2;0;0;6360;6012;3299;53;70;2;5;18;14;13;10;11;11;20;20;10;9;9;0;11;19;15;0;0;1;1;1;Pre-Season;9;20;18;2;4;13;27;10;17;3
66599;2028;9;20;Chase Field;24004;20;26;2;1;0;2;0;0;0;0;1;0;0;0;6193;5664;1102;58;47;13;10;26;16;15;13;11;13;18;21;11;12;10;0;8;10;11;0;0;6;0;5;Pre-Season;8;21;11;8;10;7;13;13;11;3
66601;2028;9;20;State Farm Arena;15972;31;12;9;6;2;3;4;0;0;1;4;1;0;0;1877;957;1025;54;56;12;10;35;36;16;17;10;13;30;32;13;17;11;0;10;16;13;0;1;5;1;6;Pre-Season;4;29;11;5;5;5;20;18;6;7
66603;2028;9;20;XL Center;14133;29;154;4;5;2;1;1;0;0;2;1;1;0;1;1927;1764;959;59;63;25;11;24;41;19;20;7;15;42;24;12;19;8;1;13;8;18;3;2;3;0;5;Pre-Season;12;22;21;7;2;12;26;14;12;4
66605;2028;9;20;Charles Ponzi Memorial Arena;13302;7;21;5;6;1;3;1;0;0;1;3;1;0;1;6166;1273;5871;50;70;11;9;18;20;6;13;10;11;32;24;12;16;11;0;16;20;3;4;0;2;0;3;Pre-Season;9;21;13;5;5;14;16;20;15;7
66607;2028;9;20;Bell Centre;17056;0;23;3;9;1;2;0;0;0;2;3;4;0;0;5912;1350;1900;42;57;13;7;13;17;7;11;9;12;31;25;11;14;6;0;12;10;15;0;0;1;2;4;Pre-Season;2;13;16;6;5;5;18;18;9;7
66609;2028;9;20;Los Pollos Arena;11969;18;17;7;2;4;1;2;0;0;2;0;0;0;0;1069;955;8172;70;43;4;8;27;14;10;15;10;6;26;22;13;20;17;0;18;4;5;0;1;4;0;2;Pre-Season;5;32;19;6;8;10;12;9;11;1
66611;2028;9;20;Hell's Paradise;13108;27;19;1;5;0;0;1;0;0;1;3;1;0;0;1260;933;472;50;52;9;8;22;18;10;8;7;9;23;26;12;13;9;0;9;16;12;0;1;4;2;4;Pre-Season;6;14;15;9;6;6;22;10;7;7
66613;2028;9;20;UBS Arena;11913;14;3;5;0;0;5;0;0;0;0;0;0;0;0;1615;6322;867;72;53;6;0;24;12;15;13;11;13;33;23;22;18;14;0;11;15;7;0;0;0;0;3;Pre-Season;5;29;25;9;4;11;12;16;10;4
66615;2028;9;21;Scotiabank Arena;17172;1;19;4;1;0;2;2;0;0;1;0;0;0;0;6468;3513;6361;48;57;6;8;22;22;13;6;7;7;27;23;10;11;8;0;13;13;12;0;1;4;0;3;Pre-Season;14;13;16;3;2;4;22;17;10;4
66617;2028;9;21;UBS Arena;12010;14;28;4;6;1;0;3;0;0;4;1;1;0;0;7609;6322;318;47;64;10;10;16;22;13;12;15;14;29;24;11;7;13;0;17;13;16;0;0;4;0;5;Pre-Season;8;18;16;4;1;2;25;13;14;10
66619;2028;9;21;XL Center;13548;29;18;10;1;4;5;1;0;0;0;1;0;0;0;1662;93;1817;58;52;9;7;16;22;10;11;10;13;22;23;17;13;9;0;9;11;11;0;0;1;0;2;Pre-Season;9;16;22;8;3;10;15;17;5;5
66621;2028;9;21;Hell's Paradise;13079;27;25;4;5;1;1;2;0;0;1;2;1;1;0;5579;5473;5736;46;67;13;11;20;23;11;9;10;17;25;26;11;12;7;0;13;19;9;6;1;3;1;4;Pre-Season;7;13;17;7;2;6;24;18;11;8
66623;2028;9;21;Rogers Arena;14212;12;21;4;1;1;3;0;0;0;1;0;0;0;0;5891;823;1128;74;39;9;9;21;11;9;10;12;7;27;17;21;24;10;0;10;6;6;0;1;2;0;2;Pre-Season;7;30;27;6;4;11;10;11;4;3
66625;2028;9;21;BC Ferries Center;11824;26;20;3;2;1;1;1;0;0;0;1;1;0;0;6401;2843;830;56;61;2;6;21;18;7;4;15;10;24;24;11;16;11;0;16;15;8;0;1;3;0;1;Pre-Season;6;25;17;2;6;10;22;12;8;9
66627;2028;9;21;Art Hauser Center;11660;23;3;2;4;0;1;1;0;0;0;2;2;0;0;5866;1217;2526;54;57;12;2;30;13;20;9;11;11;25;23;12;12;7;0;10;12;8;0;0;1;2;6;Pre-Season;14;15;12;11;2;7;15;16;8;11
66629;2028;9;21;Gazprom Fairgrounds;14389;8;10;10;3;3;3;4;0;0;1;0;2;0;0;5969;861;5682;57;45;8;10;29;18;6;15;10;9;28;25;14;19;15;0;5;12;7;0;0;5;0;4;Pre-Season;4;22;16;10;5;11;11;11;10;2
66631;2028;9;21;PPG Paints Arena;12012;9;31;2;5;1;1;0;0;0;1;2;2;0;0;1173;771;1101;50;61;16;16;30;29;15;11;16;13;23;25;12;13;10;0;9;19;9;0;0;3;1;3;Pre-Season;7;15;19;8;1;8;23;13;11;6
66633;2028;9;21;Prudential Center;14129;17;152;6;3;1;2;3;0;0;0;2;1;0;0;6434;1821;2950;47;59;6;8;18;15;11;15;11;10;32;23;11;7;16;0;8;18;10;0;2;4;0;3;Pre-Season;3;23;16;5;0;15;19;15;5;5
66635;2028;9;21;Rainier Beer Gardens & Arena;14225;2;30;3;4;1;2;0;0;0;0;3;1;0;0;3633;7615;6433;43;44;15;13;32;21;14;18;8;10;25;30;12;8;11;0;5;9;8;0;2;4;1;5;Pre-Season;8;12;14;7;2;7;19;12;4;2
66637;2028;9;21; Arena;18654;154;0;0;2;0;0;0;0;0;1;1;0;0;0;1926;5694;1029;56;36;11;11;21;20;14;8;14;6;19;25;10;11;11;0;11;9;3;0;0;3;0;3;Pre-Season;14;24;11;4;3;4;13;6;8;5
66639;2028;9;21;Quack Den;11202;24;124;3;4;1;0;2;0;0;2;1;1;0;0;6162;966;6142;52;56;4;6;22;21;15;6;10;14;25;21;9;13;12;0;11;13;16;0;2;3;1;2;Pre-Season;8;20;16;3;5;3;16;20;10;7
66641;2028;9;23;Lalo Salamanca Center;12201;124;19;2;3;1;1;0;0;0;1;2;0;0;0;5494;1212;933;58;44;14;38;33;22;12;13;14;12;27;25;15;18;11;0;12;7;3;0;1;9;0;2;Pre-Season;7;19;16;9;7;8;16;11;6;3
66643;2028;9;23;Centre Videotron;15088;21;26;6;1;3;1;2;0;0;0;1;0;0;0;1655;5862;6166;39;54;15;17;26;18;10;12;6;8;26;28;9;11;6;0;5;16;5;0;0;1;0;0;Pre-Season;4;20;9;4;2;16;19;10;6;3
66645;2028;9;23;Scotiabank Arena;18793;1;27;2;5;0;1;1;0;0;0;4;1;0;0;6457;315;2091;60;52;2;4;15;22;17;10;21;7;14;28;8;13;12;0;5;11;12;0;0;2;0;1;Pre-Season;13;24;12;7;4;11;17;10;11;3
66647;2028;9;23;State Farm Arena;15143;31;7;1;5;0;1;0;0;0;1;3;1;0;0;5861;1651;6567;51;63;6;4;31;18;18;10;8;8;24;24;11;13;9;0;16;21;9;0;0;2;0;3;Pre-Season;8;16;16;8;3;7;24;14;10;8
66649;2028;9;23;Los Pollos Arena;14056;18;25;2;9;0;0;2;0;0;1;2;6;0;0;6279;6253;6011;50;54;8;6;32;16;14;9;11;13;26;26;8;12;7;0;10;9;16;0;0;3;1;4;Pre-Season;11;17;14;6;2;6;23;15;8;2
66651;2028;9;23; Arena;19294;154;17;3;4;1;2;0;0;0;1;2;0;1;0;1821;7608;1575;56;53;4;6;30;29;8;14;7;8;22;34;12;15;7;1;7;16;11;3;0;3;0;2;Pre-Season;14;27;10;4;1;9;17;11;12;4
66653;2028;9;23;Chase Field;21513;20;3;10;3;3;4;3;0;0;1;0;2;0;0;473;2731;1766;48;43;8;8;16;16;9;10;8;8;27;26;12;14;7;0;7;12;7;0;1;4;1;4;Pre-Season;4;16;17;7;4;10;8;5;15;5
66655;2028;9;23;Quack Den;12040;24;2;6;3;2;1;3;0;0;1;0;2;0;0;1816;928;6330;56;58;6;10;15;22;14;9;12;6;30;19;9;14;7;0;10;14;10;0;1;5;0;4;Pre-Season;11;21;14;4;6;13;15;16;8;6
66657;2028;9;23;T-Mobile Center;14123;152;29;3;1;0;2;1;0;0;0;0;1;0;0;5901;5549;6235;47;44;8;10;27;16;10;13;4;8;22;24;5;12;13;0;14;10;6;0;2;5;0;4;Pre-Season;7;25;9;3;3;6;16;8;6;8
66659;2028;9;23;T-Mobile Arena;16388;30;9;2;6;0;1;1;0;0;0;3;3;0;0;1767;1456;1292;45;49;13;5;17;17;6;12;14;8;25;31;8;11;9;0;16;6;10;0;0;0;2;4;Pre-Season;9;15;16;4;1;6;17;13;9;4
66661;2028;9;23;UBS Arena;13008;14;8;2;5;1;0;1;0;0;1;1;3;0;0;430;1750;1187;50;77;8;8;15;26;14;12;11;15;29;28;11;3;10;0;15;28;14;0;2;4;1;4;Pre-Season;18;13;12;4;3;4;27;24;14;8
66663;2028;9;23;Scott Trade Center;11183;10;0;2;5;1;1;0;0;0;1;2;2;0;0;5863;5885;1019;45;44;4;4;28;24;13;19;10;7;20;21;12;13;8;0;7;10;7;0;0;2;2;2;Pre-Season;5;20;14;5;1;13;9;6;9;7
66665;2028;9;23;Rogers Arena;14652;12;23;2;1;1;0;0;1;0;1;0;0;0;0;1128;5465;5891;57;39;13;12;26;33;5;12;16;10;20;22;12;9;7;3;8;8;8;2;0;6;0;5;Pre-Season;8;24;17;5;3;5;14;6;9;5
66667;2028;9;24;Xcel Energy Center;12713;25;24;3;6;1;1;1;0;0;1;3;2;0;0;928;1040;1832;46;49;8;8;25;19;14;13;7;10;20;27;9;10;12;0;11;14;7;0;1;5;0;4;Pre-Season;8;19;14;3;2;5;11;11;12;10
66669;2028;9;24;Rainier Beer Gardens & Arena;14769;2;124;5;3;0;3;2;0;0;0;0;3;0;0;7605;6162;1763;56;35;6;2;30;20;13;5;12;5;27;25;6;18;14;0;9;7;5;0;1;1;1;3;Pre-Season;6;19;21;7;3;9;8;10;7;1
66671;2028;9;24;Prudential Center;14554;17;26;3;5;1;1;1;0;0;1;3;1;0;0;6093;6415;803;51;65;10;12;29;23;11;15;10;8;20;35;11;12;7;0;13;17;12;0;0;6;0;5;Pre-Season;5;27;11;7;1;11;18;15;12;9
66673;2028;9;24;Scott Trade Center;11299;10;18;2;3;0;1;1;0;0;0;1;1;0;1;7071;1954;738;66;55;6;2;34;31;7;13;11;9;33;29;11;15;10;7;13;9;9;0;0;2;1;3;Pre-Season;7;36;19;6;2;17;16;12;10;4
66675;2028;9;24;XL Center;13684;29;31;0;4;0;0;0;0;0;3;1;0;0;0;2965;1553;6216;57;54;8;6;16;16;13;18;7;6;23;28;11;13;16;0;16;12;12;0;0;3;1;4;Pre-Season;6;26;19;5;1;6;17;17;9;5
66677;2028;9;24;The Ranch;15071;3;1;2;3;2;0;0;0;0;0;0;2;1;0;7611;2005;3513;56;64;7;13;25;11;18;19;12;14;18;28;16;14;9;0;7;14;16;2;0;4;0;1;Pre-Season;6;16;18;13;3;11;17;17;9;10
66679;2028;9;24;Charles Ponzi Memorial Arena;13582;7;30;3;4;3;0;0;0;0;2;1;1;0;0;1576;5896;1429;47;65;16;26;20;25;9;7;9;10;43;21;14;8;9;0;8;21;6;0;3;8;2;3;Pre-Season;3;24;10;6;4;13;24;13;10;5
66681;2028;9;24;Ball Arena;10718;19;152;0;3;0;0;0;0;0;1;1;1;0;0;5950;1916;2780;61;48;6;10;17;15;8;11;11;8;25;21;17;9;24;0;12;11;5;0;0;5;0;3;Pre-Season;5;23;16;8;9;11;23;7;4;3
66683;2028;9;24;PPG Paints Arena;12415;9;27;4;2;0;2;2;0;0;1;0;1;0;0;2859;1103;1773;60;68;6;4;28;15;6;11;9;15;25;23;11;18;11;0;10;13;11;0;0;2;0;3;Pre-Season;4;24;14;12;6;17;18;12;14;7
66685;2028;9;24;Staples Center;12920;28;14;2;5;1;1;0;0;0;1;2;2;0;0;6322;16;668;64;51;19;11;17;13;11;16;15;7;20;26;15;15;11;0;9;10;10;0;0;3;1;2;Pre-Season;9;32;16;5;2;14;15;11;7;4
66687;2028;9;24;Art Hauser Center;12410;23;8;7;4;3;3;1;0;0;2;2;0;0;0;1350;6444;6551;47;51;8;12;25;17;15;14;9;11;21;31;10;10;10;0;12;12;4;0;3;6;0;4;Pre-Season;12;13;11;5;6;9;20;14;4;4
66689;2028;9;24;Bell Centre;16544;0;20;4;1;2;2;0;0;0;1;0;0;0;0;5735;5863;1029;42;48;4;2;20;17;10;19;7;13;25;18;11;13;6;0;10;7;10;0;0;1;0;2;Pre-Season;5;16;11;6;4;7;14;11;11;5
66691;2028;9;24;Centre Videotron;13096;21;154;4;5;1;2;1;0;0;0;3;2;0;0;5694;1243;2826;41;44;22;22;22;24;11;17;8;12;33;24;9;13;11;0;8;8;12;0;2;6;1;6;Pre-Season;4;17;9;6;5;11;13;8;9;3
66693;2028;9;26;Gazprom Fairgrounds;14102;8;27;2;5;1;1;0;0;0;0;1;4;0;0;7067;1100;361;56;61;4;0;24;16;9;11;9;13;29;21;7;15;14;0;5;12;14;0;0;0;0;2;Pre-Season;4;25;21;3;3;12;25;9;7;8
66695;2028;9;26;BC Ferries Center;12002;26;0;2;5;1;0;1;0;0;0;3;2;0;0;5863;7606;6105;54;48;26;40;32;18;7;11;15;5;18;28;12;16;6;0;5;15;12;0;1;5;0;3;Pre-Season;5;24;21;3;1;9;14;4;15;6
66697;2028;9;26;Charles Ponzi Memorial Arena;14024;7;10;4;0;0;4;0;0;0;0;0;0;0;0;6431;1273;5896;61;42;7;9;21;14;11;9;4;13;38;22;10;22;11;0;5;10;6;0;0;3;0;1;Pre-Season;8;29;15;7;2;11;12;11;5;3
66699;2028;9;26;State Farm Arena;13693;31;2;4;1;1;1;2;0;0;0;1;0;0;0;1553;2965;8736;49;59;12;10;25;26;10;10;8;11;21;23;11;14;11;0;3;15;15;0;0;5;0;6;Pre-Season;6;23;14;3;3;9;21;13;13;3
66701;2028;9;26;Los Pollos Arena;11718;18;23;6;2;0;1;5;0;0;2;0;0;0;0;1327;7071;300;55;43;4;6;32;21;11;9;8;12;23;26;7;12;17;0;8;9;5;0;0;3;0;2;Pre-Season;7;25;10;3;10;6;16;9;6;6
66703;2028;9;26;Prudential Center;14720;17;3;4;1;1;2;1;0;0;1;0;0;0;0;2880;5872;6254;54;58;4;7;32;21;19;9;13;9;19;28;10;14;6;0;15;14;7;0;1;2;0;2;Pre-Season;12;24;12;5;1;6;22;11;13;6
66705;2028;9;26;Lalo Salamanca Center;11844;124;9;5;4;4;1;0;0;0;2;1;1;0;0;1377;6191;5486;47;56;10;12;25;36;8;9;13;14;37;27;9;10;6;0;11;22;7;0;1;6;0;5;Pre-Season;10;19;12;2;4;10;18;10;12;6
66707;2028;9;26;UBS Arena;12347;14;12;4;0;2;2;0;0;0;0;0;0;0;0;1615;6322;6507;43;64;6;4;23;17;9;11;6;12;18;26;10;13;6;0;10;14;13;0;0;2;0;3;Pre-Season;7;12;14;4;6;5;26;17;9;7
66709;2028;9;26;Scotiabank Arena;16114;1;25;4;1;3;0;1;0;0;0;0;1;0;0;6468;3513;6522;65;62;4;6;17;13;8;14;11;12;19;25;14;14;15;0;7;15;17;0;0;3;0;2;Pre-Season;8;37;14;3;3;11;23;15;8;5
66711;2028;9;26;T-Mobile Arena;13447;30;152;1;0;0;0;1;0;0;0;0;0;0;0;945;5901;714;41;56;4;6;26;35;14;17;9;7;27;25;3;13;7;0;16;18;6;0;0;3;0;3;Pre-Season;12;16;8;3;2;6;18;16;9;7
66713;2028;9;26;Chase Field;21383;20;24;4;6;2;2;0;0;0;1;1;4;0;0;1930;6565;1040;55;67;11;6;14;16;15;10;11;8;31;25;14;15;10;0;10;24;14;0;1;4;3;6;Pre-Season;6;18;17;8;6;9;27;12;10;9
66715;2028;9;26; Arena;18217;154;28;6;0;4;2;0;0;0;0;0;0;0;0;883;959;1909;41;34;13;13;22;18;6;15;7;8;19;22;8;15;9;0;1;17;3;0;0;4;0;4;Pre-Season;4;21;9;5;2;8;8;7;5;6
66717;2028;9;26;Centre Videotron;13214;21;19;2;3;0;1;1;0;0;2;1;0;0;0;981;1243;887;50;42;6;2;34;17;12;8;10;11;17;24;10;8;11;0;8;8;4;0;0;1;0;3;Pre-Season;8;19;16;3;4;6;17;10;4;5
66719;2028;9;28;T-Mobile Arena;13480;30;20;3;1;1;1;1;0;0;0;1;0;0;0;797;2731;728;33;32;8;10;37;23;11;16;9;6;23;21;4;14;6;0;4;10;2;0;0;5;1;4;Pre-Season;5;12;11;3;2;9;12;7;1;3
66721;2028;9;28;Prudential Center;14195;17;7;2;5;1;0;1;0;0;2;1;2;0;0;6431;2092;1385;55;71;4;11;23;17;9;4;12;12;21;35;15;13;6;0;25;9;20;0;1;4;0;2;Pre-Season;9;25;16;3;2;5;21;22;17;6
66723;2028;9;28;PPG Paints Arena;11950;9;154;5;1;1;1;3;0;0;1;0;0;0;0;1773;6191;1760;43;37;2;6;32;19;13;8;10;14;19;22;9;14;12;0;7;8;4;0;1;3;0;1;Pre-Season;1;17;14;7;4;10;14;8;3;2
66725;2028;9;28;BC Ferries Center;11761;26;31;2;8;0;2;0;0;0;5;1;2;0;0;1173;1025;771;38;54;10;8;29;25;16;6;12;7;24;21;7;9;9;0;13;9;17;0;0;4;1;5;Pre-Season;5;14;15;3;1;2;18;16;14;4
66727;2028;9;28;Hell's Paradise;14885;27;29;7;3;1;3;3;0;0;2;0;1;0;0;7067;1103;5473;48;77;10;8;22;15;12;8;5;16;36;31;6;10;7;0;18;13;16;0;1;4;2;5;Pre-Season;8;19;14;6;1;12;22;22;12;9
66729;2028;9;28;Xcel Energy Center;11520;25;124;0;5;0;0;0;0;0;3;1;1;0;0;1377;8171;6162;36;59;8;0;12;18;13;4;11;11;23;22;7;5;7;0;20;9;14;0;0;0;1;4;Pre-Season;7;13;14;1;1;5;17;16;12;9
66731;2028;9;28;Ball Arena;9497;19;18;0;3;0;0;0;0;0;2;0;1;0;0;6448;408;1327;49;59;8;9;20;22;11;12;6;9;24;31;6;5;10;0;14;19;11;0;0;3;0;5;Pre-Season;11;26;6;4;2;7;15;17;8;12
66733;2028;9;28;Bell Centre;17755;0;12;4;2;3;1;0;0;0;1;1;0;0;0;5885;5891;1926;61;59;16;16;18;13;9;15;9;4;24;28;17;9;12;0;13;19;9;0;0;8;1;8;Pre-Season;9;20;22;9;1;9;17;11;11;11
66735;2028;9;28;Staples Center;13324;28;1;6;7;3;2;1;0;0;3;2;2;0;0;6865;1165;6360;66;64;8;6;22;16;10;12;11;8;20;28;19;12;16;0;13;15;12;0;0;3;2;4;Pre-Season;8;25;21;10;2;8;22;15;13;6
66737;2028;9;28;Quack Den;11641;24;21;4;2;1;2;1;0;0;1;1;0;0;0;1930;1243;1040;45;41;11;12;37;22;7;8;9;21;21;30;6;9;8;0;5;11;8;0;0;6;0;4;Pre-Season;9;16;14;4;2;7;12;12;7;3
66739;2028;9;28;Scott Trade Center;10977;10;3;7;4;0;6;1;0;0;1;1;2;0;0;5899;6359;1902;57;49;6;6;32;18;8;12;12;11;28;27;15;16;5;0;4;6;14;0;1;3;1;3;Pre-Season;9;26;17;4;1;14;14;10;5;6
66741;2028;9;28;Art Hauser Center;11133;23;8;4;7;2;2;0;0;0;1;3;3;0;0;430;522;5908;57;62;13;27;31;18;13;8;11;8;33;24;13;12;11;0;12;9;17;0;1;6;1;4;Pre-Season;6;24;16;8;3;11;17;15;10;9
66743;2028;9;28;Rainier Beer Gardens & Arena;14968;2;152;4;1;1;3;0;0;0;0;0;1;0;0;1999;7605;7063;45;39;6;2;22;16;5;8;9;9;18;21;12;13;8;0;5;9;6;0;0;3;0;3;Pre-Season;4;19;13;5;4;8;15;7;5;4
66745;2028;9;29;BC Ferries Center;11733;26;23;1;3;0;0;1;0;0;0;1;2;0;0;5811;6401;1900;42;71;10;8;19;30;11;15;10;13;31;30;4;16;8;0;23;21;11;0;0;4;0;5;Pre-Season;7;23;10;2;0;2;21;14;20;14
66747;2028;9;29;Staples Center;13645;28;10;4;3;2;1;0;0;1;0;2;1;0;0;6438;3888;6437;73;63;12;8;37;22;15;12;15;10;22;24;18;12;18;1;4;16;9;3;0;4;0;6;Pre-Season;14;32;12;12;6;12;18;21;6;9
66749;2028;9;29;Centre Videotron;13405;21;8;2;5;2;0;0;0;0;1;3;1;0;0;522;861;430;45;56;6;4;26;25;13;16;10;10;24;26;8;13;10;0;10;19;7;0;0;2;1;3;Pre-Season;5;16;18;5;1;6;19;10;14;7
66751;2028;9;29;Rogers Arena;14601;12;19;6;4;3;0;3;0;0;2;2;0;0;0;697;1587;8175;44;46;0;4;22;26;18;7;11;6;21;20;18;4;10;0;5;15;7;0;0;3;0;0;Pre-Season;6;15;14;5;4;8;16;10;11;1
66753;2028;9;29;XL Center;13472;29;7;3;7;1;1;1;0;0;2;2;3;0;0;6431;1273;5896;45;71;26;22;20;11;11;12;10;11;29;33;11;14;7;0;12;18;14;0;0;1;1;3;Pre-Season;3;23;11;4;4;17;19;10;14;11
66755;2028;9;29; Arena;18127;154;3;3;4;3;0;0;0;0;1;3;0;0;0;1007;883;962;50;50;19;17;24;17;15;9;15;7;26;24;11;12;7;0;13;11;12;0;0;6;0;7;Pre-Season;6;29;9;2;4;6;14;13;11;6
66757;2028;9;29;Lalo Salamanca Center;12132;124;0;3;4;1;2;0;0;0;0;2;2;0;0;5863;1212;6244;47;62;9;7;30;16;8;12;6;12;29;21;4;11;14;0;12;16;13;0;0;1;1;2;Pre-Season;6;20;13;6;2;11;25;15;7;4
66759;2028;9;29;Rainier Beer Gardens & Arena;14668;2;25;4;5;2;2;0;0;0;1;1;2;1;0;519;1359;5785;47;55;13;19;19;14;7;6;4;9;23;37;11;10;7;0;11;13;9;4;1;2;0;4;Pre-Season;5;21;14;5;2;5;24;16;6;4
66761;2028;9;29;Chase Field;22376;20;1;0;4;0;0;0;0;0;1;2;1;0;0;3513;6012;7611;38;62;11;11;16;16;16;12;15;7;19;22;10;7;9;0;13;15;9;0;0;3;0;3;Pre-Season;4;19;8;3;4;12;27;8;9;6
66763;2028;9;29;Quack Den;11658;24;14;3;2;1;2;0;0;0;1;0;1;0;0;7065;6322;567;56;65;13;17;18;14;15;12;16;13;25;23;13;10;6;0;8;20;13;0;0;1;0;5;Pre-Season;12;25;8;5;6;9;22;17;10;7
66765;2028;9;29;Los Pollos Arena;13669;18;9;4;6;2;2;0;0;0;3;1;2;0;0;2859;5519;5951;48;48;2;2;24;21;11;12;10;16;30;25;9;13;10;0;10;11;6;0;1;1;0;1;Pre-Season;4;15;19;7;3;10;14;14;6;4
66767;2028;9;29;State Farm Arena;15032;31;30;3;4;0;2;1;0;0;3;1;0;0;0;1429;1877;6504;31;51;18;26;37;34;18;15;7;7;24;23;5;6;10;0;12;14;7;0;0;3;0;4;Pre-Season;6;10;9;5;1;3;16;13;12;7
66769;2028;9;29;Prudential Center;15221;17;27;3;5;0;1;2;0;0;1;2;2;0;0;1100;2950;6457;50;63;4;4;23;19;12;10;11;13;27;32;9;10;10;0;9;19;14;0;0;2;1;2;Pre-Season;10;25;8;3;4;9;22;12;14;6
61863;2028;10;4;Coca-Cola Coliseum;6694;59;123;5;3;4;1;0;0;0;1;2;0;0;0;5546;1874;3116;48;58;12;14;13;25;3;1;5;2;31;34;15;7;8;0;4;14;10;0;3;7;1;6;Regular Season;2;22;13;9;2;10;25;12;10;1
61870;2028;10;4;Oakland Coliseum;4009;40;153;1;5;0;1;0;0;0;1;3;1;0;0;5947;1905;1426;42;68;6;10;21;30;4;6;2;4;41;28;7;9;5;0;13;8;26;0;1;5;0;3;Regular Season;5;22;8;3;4;6;26;16;12;8
61867;2028;10;4; Arena;9968;155;36;6;1;0;3;3;0;0;1;0;0;0;0;1383;3165;2016;69;49;6;8;27;23;4;2;11;6;25;27;11;13;13;0;13;9;5;0;0;4;0;3;Regular Season;6;28;16;14;5;8;20;9;8;4
61936;2028;10;4;Upstate Medical University Arena;3563;32;33;3;5;0;1;2;0;0;1;2;2;0;0;117;6566;1407;60;56;47;25;21;25;3;2;6;8;37;34;7;9;17;0;17;8;6;0;0;5;3;11;Regular Season;6;25;14;12;3;11;28;5;7;5
61864;2028;10;4;Allstate Arena;13016;60;125;4;2;1;2;1;0;0;1;0;1;0;0;3414;5884;5924;70;53;8;8;14;30;2;9;3;6;32;30;14;20;10;0;9;3;10;0;0;4;1;4;Regular Season;8;26;15;17;4;7;21;11;10;4
61967;2028;10;4;Budweiser Events Center;4200;62;54;0;7;0;0;0;0;0;5;2;0;0;0;3172;2044;2020;51;78;12;8;23;20;4;3;8;4;37;34;8;5;8;0;16;18;10;0;0;4;1;6;Regular Season;7;23;12;5;4;13;32;17;12;4
61897;2028;10;4;Dunkin' Donuts Center;8011;34;38;6;5;2;2;2;0;0;2;3;0;0;0;3818;3177;6481;88;50;6;28;19;26;7;1;4;5;35;37;17;14;22;0;6;14;3;0;2;4;0;3;Regular Season;10;34;20;19;5;10;15;15;8;2
62404;2028;10;4;SAP Center;12641;56;45;6;3;2;3;1;0;0;1;2;0;0;0;1661;5510;6487;46;55;14;10;23;23;1;1;4;4;32;27;11;8;10;0;11;11;12;0;2;5;1;7;Regular Season;5;19;9;11;2;3;23;15;9;5
61861;2028;10;4;Bojangles' Coliseum;7224;37;55;1;5;1;0;0;0;0;3;0;2;0;0;1977;3319;736;64;68;14;10;15;23;5;6;2;6;34;32;11;13;10;0;15;12;16;0;0;5;2;7;Regular Season;15;23;16;7;3;6;42;9;9;2
62050;2028;10;4;SaskTel Centre;8931;43;58;4;1;0;2;2;0;0;0;0;1;0;0;1086;3782;3889;62;51;12;10;21;20;3;4;2;9;35;28;6;16;16;0;10;6;12;0;1;5;0;6;Regular Season;12;24;9;9;8;2;22;15;9;3
62065;2028;10;5;Pechanga Arena;8810;58;32;3;0;2;0;1;0;0;0;0;0;0;0;2720;5499;2847;77;67;18;20;27;12;1;2;6;5;34;27;18;17;12;0;13;14;10;0;0;5;0;4;Regular Season;10;37;13;12;5;12;25;14;12;4
61876;2028;10;5;H-E-B Center;4085;41;38;3;2;0;2;0;1;0;0;1;1;0;0;6780;1048;6502;49;46;8;8;35;16;6;5;10;5;32;33;7;7;8;2;9;3;10;1;2;4;2;4;Regular Season;11;17;10;10;1;5;19;12;10;0
61953;2028;10;5;Toyota Arena;6222;45;125;7;2;5;0;2;0;0;1;1;0;0;0;2136;1757;5748;77;61;6;16;18;19;3;2;5;4;43;29;18;17;15;0;9;11;11;0;1;3;1;3;Regular Season;8;33;18;16;2;9;28;15;5;4
61874;2028;10;5; Arena;10266;155;43;5;4;3;1;1;0;0;1;0;3;0;0;943;5784;3236;56;54;11;25;27;24;5;2;5;4;31;28;14;8;6;0;9;8;10;0;1;5;1;3;Regular Season;8;25;12;8;3;9;20;12;11;2
61871;2028;10;5;Abbotsford Centre;3933;57;44;4;7;1;2;1;0;0;2;3;2;0;0;2043;720;2727;56;60;14;8;22;25;5;4;5;4;32;28;8;12;10;0;12;14;13;0;1;4;1;2;Regular Season;9;25;13;6;3;6;33;5;10;6
61860;2028;10;5;Place Bell;5573;47;56;0;7;0;0;0;0;0;3;2;2;0;0;896;5432;2734;57;56;19;15;20;20;2;11;4;7;24;38;7;7;8;0;12;14;9;0;0;5;4;7;Regular Season;11;28;10;8;0;4;29;8;14;1
61866;2028;10;5;Allstate Arena;13143;60;53;5;4;2;2;1;0;0;3;0;1;0;0;74;6463;3333;63;57;20;10;9;16;2;2;4;4;37;30;20;11;13;0;10;12;9;0;1;5;0;5;Regular Season;7;28;11;12;5;6;26;10;13;2
61859;2028;10;5;UW–Milwaukee Panther Arena;8329;50;48;1;2;1;0;0;0;0;1;0;1;0;0;6548;2072;1547;59;55;0;2;18;21;6;6;8;3;27;30;12;8;18;0;6;4;6;0;0;1;0;0;Regular Season;3;27;13;13;3;14;20;11;8;2
61919;2028;10;5;XL Center;11207;33;34;3;5;0;1;2;0;0;1;0;4;0;0;3818;758;1839;73;72;8;12;21;19;2;6;2;3;26;28;6;22;11;0;16;4;21;0;2;6;2;4;Regular Season;10;42;16;5;0;9;35;12;13;3
61868;2028;10;5;Kapcsos Center;5003;55;36;7;6;1;2;3;0;1;2;3;1;0;0;2764;6519;736;76;76;18;18;23;18;4;7;8;7;35;32;20;18;15;1;14;13;18;0;2;4;1;4;Regular Season;13;26;18;21;3;17;31;16;15;1
61883;2028;10;6;H-E-B Center;4063;41;53;3;5;1;1;1;0;0;2;2;1;0;0;1586;143;3486;50;76;12;10;22;20;3;3;8;4;29;33;14;6;9;0;11;12;16;0;1;5;2;6;Regular Season;8;11;16;13;2;11;36;12;13;4
61890;2028;10;6;Abbotsford Centre;3956;57;47;6;1;2;2;2;0;0;0;0;1;0;0;3341;5674;3461;90;48;14;26;19;20;3;7;5;8;33;27;18;21;18;0;6;3;7;0;3;8;0;7;Regular Season;5;47;16;16;6;14;13;11;9;1
61858;2028;10;6; Arena;10176;153;40;5;2;0;2;3;0;0;1;0;1;0;0;2855;1626;3264;66;45;0;4;21;30;6;2;5;3;28;32;12;20;8;0;8;12;4;0;1;2;0;0;Regular Season;6;30;12;16;2;10;17;9;5;4
61862;2028;10;6;Bojangles' Coliseum;8146;37;62;2;7;0;1;1;0;0;2;3;2;0;0;3266;1887;2927;46;53;10;6;32;15;5;4;5;6;28;30;8;9;5;0;9;13;10;0;0;3;1;5;Regular Season;12;19;9;4;2;3;28;13;6;3
61869;2028;10;6;Centene Community Ice Center;4206;54;48;3;2;0;1;1;1;0;0;1;1;0;0;5840;1827;1854;80;76;12;18;23;20;3;5;3;4;35;29;26;10;10;3;8;12;11;0;1;9;1;6;Regular Season;5;40;21;11;3;12;41;18;4;1
62067;2028;10;7;Coca-Cola Coliseum;6229;59;58;3;5;2;0;1;0;0;2;1;2;0;0;6109;2112;3399;95;68;4;18;19;16;5;4;6;5;32;36;16;19;20;0;23;11;12;0;0;4;1;2;Regular Season;18;36;19;15;7;6;20;19;19;4
61905;2028;10;7;Costa Rican Airlines Arena;17604;125;43;5;2;1;3;1;0;0;0;1;1;0;0;1256;1911;3063;57;48;10;10;23;14;6;5;7;3;38;23;4;13;16;0;8;12;6;0;0;5;1;5;Regular Season;4;32;8;8;5;8;21;11;5;3
61893;2028;10;7; Arena;14108;123;50;2;7;1;0;1;0;0;1;4;2;0;0;2777;489;1765;52;71;12;6;19;17;7;6;5;5;36;34;6;5;10;0;17;24;10;0;1;3;3;6;Regular Season;13;16;12;6;5;4;29;19;17;2
61891;2028;10;7;Dunkin' Donuts Center;8664;34;153;1;10;0;1;0;0;0;2;5;3;0;0;1905;778;3817;51;78;10;6;19;21;8;2;10;4;30;29;7;9;9;0;11;19;16;0;0;3;1;5;Regular Season;6;23;13;7;2;6;36;21;8;7
61916;2028;10;7;Centene Community Ice Center;4117;54;55;2;4;2;0;0;0;0;0;1;3;0;0;1715;866;2025;57;76;16;14;23;17;2;4;6;4;28;45;10;12;7;0;12;15;17;0;0;7;2;8;Regular Season;9;27;8;9;4;11;37;14;11;3
61865;2028;10;7;Stockton Arena;5880;36;155;6;4;3;3;0;0;0;3;1;0;0;0;947;1383;5926;70;62;14;12;17;21;1;4;3;6;33;32;7;22;5;0;8;14;16;0;2;6;1;7;Regular Season;12;32;14;7;5;6;27;16;10;3
61857;2028;10;7;Allstate Arena;12726;60;44;2;4;1;0;1;0;0;1;2;1;0;0;118;5941;2043;63;63;8;6;13;17;3;3;2;7;34;28;11;12;11;0;7;16;20;0;0;3;0;4;Regular Season;14;25;14;5;5;7;26;17;8;5
61880;2028;10;7;SAP Center;11175;56;62;6;3;2;3;1;0;0;0;2;1;0;0;896;2734;5432;65;55;14;12;24;19;6;7;2;5;31;35;13;10;8;0;13;8;12;0;3;6;2;7;Regular Season;10;31;10;13;1;10;20;9;13;3
61873;2028;10;8;Coca-Cola Coliseum;0;59;44;0;0;0;0;0;0;0;0;0;0;0;0;;;;0;0;0;0;0;0;0;0;0;0;0;0;0;0;0;0;0;0;0;0;0;0;0;0;Regular Season;0;0;0;0;0;0;0;0;0;0
62845;2028;10;8;Dunkin' Donuts Center;0;34;40;0;0;0;0;0;0;0;0;0;0;0;0;;;;0;0;0;0;0;0;0;0;0;0;0;0;0;0;0;0;0;0;0;0;0;0;0;0;Regular Season;0;0;0;0;0;0;0;0;0;0
61903;2028;10;8; Arena;0;123;32;0;0;0;0;0;0;0;0;0;0;0;0;;;;0;0;0;0;0;0;0;0;0;0;0;0;0;0;0;0;0;0;0;0;0;0;0;0;Regular Season;0;0;0;0;0;0;0;0;0;0
61894;2028;10;8;Lego Arena;0;53;45;0;0;0;0;0;0;0;0;0;0;0;0;;;;0;0;0;0;0;0;0;0;0;0;0;0;0;0;0;0;0;0;0;0;0;0;0;0;Regular Season;0;0;0;0;0;0;0;0;0;0
61872;2028;10;8;Place Bell;0;47;48;0;0;0;0;0;0;0;0;0;0;0;0;;;;0;0;0;0;0;0;0;0;0;0;0;0;0;0;0;0;0;0;0;0;0;0;0;0;Regular Season;0;0;0;0;0;0;0;0;0;0
61968;2028;10;8;BMO Harris Bank Center;0;38;37;0;0;0;0;0;0;0;0;0;0;0;0;;;;0;0;0;0;0;0;0;0;0;0;0;0;0;0;0;0;0;0;0;0;0;0;0;0;Regular Season;0;0;0;0;0;0;0;0;0;0
61920;2028;10;8;XL Center;0;33;57;0;0;0;0;0;0;0;0;0;0;0;0;;;;0;0;0;0;0;0;0;0;0;0;0;0;0;0;0;0;0;0;0;0;0;0;0;0;Regular Season;0;0;0;0;0;0;0;0;0;0
62001;2028;10;8;UW–Milwaukee Panther Arena;0;50;41;0;0;0;0;0;0;0;0;0;0;0;0;;;;0;0;0;0;0;0;0;0;0;0;0;0;0;0;0;0;0;0;0;0;0;0;0;0;Regular Season;0;0;0;0;0;0;0;0;0;0
61911;2028;10;9;Toyota Arena;0;45;57;0;0;0;0;0;0;0;0;0;0;0;0;;;;0;0;0;0;0;0;0;0;0;0;0;0;0;0;0;0;0;0;0;0;0;0;0;0;Regular Season;0;0;0;0;0;0;0;0;0;0
61886;2028;10;9;SaskTel Centre;0;43;60;0;0;0;0;0;0;0;0;0;0;0;0;;;;0;0;0;0;0;0;0;0;0;0;0;0;0;0;0;0;0;0;0;0;0;0;0;0;Regular Season;0;0;0;0;0;0;0;0;0;0
61887;2028;10;9;Centene Community Ice Center;0;54;36;0;0;0;0;0;0;0;0;0;0;0;0;;;;0;0;0;0;0;0;0;0;0;0;0;0;0;0;0;0;0;0;0;0;0;0;0;0;Regular Season;0;0;0;0;0;0;0;0;0;0
61954;2028;10;9;Pechanga Arena;0;58;125;0;0;0;0;0;0;0;0;0;0;0;0;;;;0;0;0;0;0;0;0;0;0;0;0;0;0;0;0;0;0;0;0;0;0;0;0;0;Regular Season;0;0;0;0;0;0;0;0;0;0
61899;2028;10;9; Arena;0;153;37;0;0;0;0;0;0;0;0;0;0;0;0;;;;0;0;0;0;0;0;0;0;0;0;0;0;0;0;0;0;0;0;0;0;0;0;0;0;Regular Season;0;0;0;0;0;0;0;0;0;0
61882;2028;10;10; Arena;0;153;36;0;0;0;0;0;0;0;0;0;0;0;0;;;;0;0;0;0;0;0;0;0;0;0;0;0;0;0;0;0;0;0;0;0;0;0;0;0;Regular Season;0;0;0;0;0;0;0;0;0;0
61884;2028;10;10;Webster Bank Arena;0;48;32;0;0;0;0;0;0;0;0;0;0;0;0;;;;0;0;0;0;0;0;0;0;0;0;0;0;0;0;0;0;0;0;0;0;0;0;0;0;Regular Season;0;0;0;0;0;0;0;0;0;0
61974;2028;10;10;Oakland Coliseum;0;40;38;0;0;0;0;0;0;0;0;0;0;0;0;;;;0;0;0;0;0;0;0;0;0;0;0;0;0;0;0;0;0;0;0;0;0;0;0;0;Regular Season;0;0;0;0;0;0;0;0;0;0
61892;2028;10;10;Centene Community Ice Center;0;54;62;0;0;0;0;0;0;0;0;0;0;0;0;;;;0;0;0;0;0;0;0;0;0;0;0;0;0;0;0;0;0;0;0;0;0;0;0;0;Regular Season;0;0;0;0;0;0;0;0;0;0
62379;2028;10;10; Arena;0;123;56;0;0;0;0;0;0;0;0;0;0;0;0;;;;0;0;0;0;0;0;0;0;0;0;0;0;0;0;0;0;0;0;0;0;0;0;0;0;Regular Season;0;0;0;0;0;0;0;0;0;0
61879;2028;10;10;Kapcsos Center;0;55;44;0;0;0;0;0;0;0;0;0;0;0;0;;;;0;0;0;0;0;0;0;0;0;0;0;0;0;0;0;0;0;0;0;0;0;0;0;0;Regular Season;0;0;0;0;0;0;0;0;0;0
61904;2028;10;10;Lego Arena;0;53;41;0;0;0;0;0;0;0;0;0;0;0;0;;;;0;0;0;0;0;0;0;0;0;0;0;0;0;0;0;0;0;0;0;0;0;0;0;0;Regular Season;0;0;0;0;0;0;0;0;0;0
61875;2028;10;10; Arena;0;155;47;0;0;0;0;0;0;0;0;0;0;0;0;;;;0;0;0;0;0;0;0;0;0;0;0;0;0;0;0;0;0;0;0;0;0;0;0;0;Regular Season;0;0;0;0;0;0;0;0;0;0
61966;2028;10;10;XL Center;0;33;50;0;0;0;0;0;0;0;0;0;0;0;0;;;;0;0;0;0;0;0;0;0;0;0;0;0;0;0;0;0;0;0;0;0;0;0;0;0;Regular Season;0;0;0;0;0;0;0;0;0;0
62236;2028;10;10;Pechanga Arena;0;58;59;0;0;0;0;0;0;0;0;0;0;0;0;;;;0;0;0;0;0;0;0;0;0;0;0;0;0;0;0;0;0;0;0;0;0;0;0;0;Regular Season;0;0;0;0;0;0;0;0;0;0
62022;2028;10;11;SAP Center;0;56;33;0;0;0;0;0;0;0;0;0;0;0;0;;;;0;0;0;0;0;0;0;0;0;0;0;0;0;0;0;0;0;0;0;0;0;0;0;0;Regular Season;0;0;0;0;0;0;0;0;0;0
61931;2028;10;11;Costa Rican Airlines Arena;0;125;57;0;0;0;0;0;0;0;0;0;0;0;0;;;;0;0;0;0;0;0;0;0;0;0;0;0;0;0;0;0;0;0;0;0;0;0;0;0;Regular Season;0;0;0;0;0;0;0;0;0;0
61925;2028;10;11;Toyota Arena;0;45;47;0;0;0;0;0;0;0;0;0;0;0;0;;;;0;0;0;0;0;0;0;0;0;0;0;0;0;0;0;0;0;0;0;0;0;0;0;0;Regular Season;0;0;0;0;0;0;0;0;0;0
61885;2028;10;11; Arena;0;155;38;0;0;0;0;0;0;0;0;0;0;0;0;;;;0;0;0;0;0;0;0;0;0;0;0;0;0;0;0;0;0;0;0;0;0;0;0;0;Regular Season;0;0;0;0;0;0;0;0;0;0
61906;2028;10;11;Dunkin' Donuts Center;0;34;62;0;0;0;0;0;0;0;0;0;0;0;0;;;;0;0;0;0;0;0;0;0;0;0;0;0;0;0;0;0;0;0;0;0;0;0;0;0;Regular Season;0;0;0;0;0;0;0;0;0;0
61888;2028;10;12;Allstate Arena;0;60;32;0;0;0;0;0;0;0;0;0;0;0;0;;;;0;0;0;0;0;0;0;0;0;0;0;0;0;0;0;0;0;0;0;0;0;0;0;0;Regular Season;0;0;0;0;0;0;0;0;0;0
61961;2028;10;12;Abbotsford Centre;0;57;58;0;0;0;0;0;0;0;0;0;0;0;0;;;;0;0;0;0;0;0;0;0;0;0;0;0;0;0;0;0;0;0;0;0;0;0;0;0;Regular Season;0;0;0;0;0;0;0;0;0;0
61907;2028;10;12; Arena;0;123;55;0;0;0;0;0;0;0;0;0;0;0;0;;;;0;0;0;0;0;0;0;0;0;0;0;0;0;0;0;0;0;0;0;0;0;0;0;0;Regular Season;0;0;0;0;0;0;0;0;0;0
61930;2028;10;12;H-E-B Center;0;41;43;0;0;0;0;0;0;0;0;0;0;0;0;;;;0;0;0;0;0;0;0;0;0;0;0;0;0;0;0;0;0;0;0;0;0;0;0;0;Regular Season;0;0;0;0;0;0;0;0;0;0
62108;2028;10;12;Coca-Cola Coliseum;0;59;40;0;0;0;0;0;0;0;0;0;0;0;0;;;;0;0;0;0;0;0;0;0;0;0;0;0;0;0;0;0;0;0;0;0;0;0;0;0;Regular Season;0;0;0;0;0;0;0;0;0;0
61881;2028;10;12;Orleans Arena;0;44;34;0;0;0;0;0;0;0;0;0;0;0;0;;;;0;0;0;0;0;0;0;0;0;0;0;0;0;0;0;0;0;0;0;0;0;0;0;0;Regular Season;0;0;0;0;0;0;0;0;0;0
61898;2028;10;12;Webster Bank Arena;0;48;54;0;0;0;0;0;0;0;0;0;0;0;0;;;;0;0;0;0;0;0;0;0;0;0;0;0;0;0;0;0;0;0;0;0;0;0;0;0;Regular Season;0;0;0;0;0;0;0;0;0;0
61944;2028;10;13; Arena;0;123;33;0;0;0;0;0;0;0;0;0;0;0;0;;;;0;0;0;0;0;0;0;0;0;0;0;0;0;0;0;0;0;0;0;0;0;0;0;0;Regular Season;0;0;0;0;0;0;0;0;0;0
61877;2028;10;13;Place Bell;0;47;153;0;0;0;0;0;0;0;0;0;0;0;0;;;;0;0;0;0;0;0;0;0;0;0;0;0;0;0;0;0;0;0;0;0;0;0;0;0;Regular Season;0;0;0;0;0;0;0;0;0;0
61990;2028;10;13;BMO Harris Bank Center;0;38;40;0;0;0;0;0;0;0;0;0;0;0;0;;;;0;0;0;0;0;0;0;0;0;0;0;0;0;0;0;0;0;0;0;0;0;0;0;0;Regular Season;0;0;0;0;0;0;0;0;0;0
61889;2028;10;13;Lego Arena;0;53;36;0;0;0;0;0;0;0;0;0;0;0;0;;;;0;0;0;0;0;0;0;0;0;0;0;0;0;0;0;0;0;0;0;0;0;0;0;0;Regular Season;0;0;0;0;0;0;0;0;0;0
61895;2028;10;13;Webster Bank Arena;0;48;155;0;0;0;0;0;0;0;0;0;0;0;0;;;;0;0;0;0;0;0;0;0;0;0;0;0;0;0;0;0;0;0;0;0;0;0;0;0;Regular Season;0;0;0;0;0;0;0;0;0;0
61915;2028;10;13;Budweiser Events Center;0;62;50;0;0;0;0;0;0;0;0;0;0;0;0;;;;0;0;0;0;0;0;0;0;0;0;0;0;0;0;0;0;0;0;0;0;0;0;0;0;Regular Season;0;0;0;0;0;0;0;0;0;0
61977;2028;10;13;Costa Rican Airlines Arena;0;125;43;0;0;0;0;0;0;0;0;0;0;0;0;;;;0;0;0;0;0;0;0;0;0;0;0;0;0;0;0;0;0;0;0;0;0;0;0;0;Regular Season;0;0;0;0;0;0;0;0;0;0
61914;2028;10;13;Upstate Medical University Arena;0;32;37;0;0;0;0;0;0;0;0;0;0;0;0;;;;0;0;0;0;0;0;0;0;0;0;0;0;0;0;0;0;0;0;0;0;0;0;0;0;Regular Season;0;0;0;0;0;0;0;0;0;0
61913;2028;10;13;Allstate Arena;0;60;45;0;0;0;0;0;0;0;0;0;0;0;0;;;;0;0;0;0;0;0;0;0;0;0;0;0;0;0;0;0;0;0;0;0;0;0;0;0;Regular Season;0;0;0;0;0;0;0;0;0;0
62876;2028;10;13;SAP Center;0;56;54;0;0;0;0;0;0;0;0;0;0;0;0;;;;0;0;0;0;0;0;0;0;0;0;0;0;0;0;0;0;0;0;0;0;0;0;0;0;Regular Season;0;0;0;0;0;0;0;0;0;0
62783;2028;10;14;Abbotsford Centre;0;57;125;0;0;0;0;0;0;0;0;0;0;0;0;;;;0;0;0;0;0;0;0;0;0;0;0;0;0;0;0;0;0;0;0;0;0;0;0;0;Regular Season;0;0;0;0;0;0;0;0;0;0
61924;2028;10;14;Lego Arena;0;53;50;0;0;0;0;0;0;0;0;0;0;0;0;;;;0;0;0;0;0;0;0;0;0;0;0;0;0;0;0;0;0;0;0;0;0;0;0;0;Regular Season;0;0;0;0;0;0;0;0;0;0
62027;2028;10;14;Kapcsos Center;0;55;59;0;0;0;0;0;0;0;0;0;0;0;0;;;;0;0;0;0;0;0;0;0;0;0;0;0;0;0;0;0;0;0;0;0;0;0;0;0;Regular Season;0;0;0;0;0;0;0;0;0;0
62839;2028;10;14;XL Center;0;33;153;0;0;0;0;0;0;0;0;0;0;0;0;;;;0;0;0;0;0;0;0;0;0;0;0;0;0;0;0;0;0;0;0;0;0;0;0;0;Regular Season;0;0;0;0;0;0;0;0;0;0
61900;2028;10;14;Orleans Arena;0;44;41;0;0;0;0;0;0;0;0;0;0;0;0;;;;0;0;0;0;0;0;0;0;0;0;0;0;0;0;0;0;0;0;0;0;0;0;0;0;Regular Season;0;0;0;0;0;0;0;0;0;0
62830;2028;10;14;BMO Harris Bank Center;0;38;62;0;0;0;0;0;0;0;0;0;0;0;0;;;;0;0;0;0;0;0;0;0;0;0;0;0;0;0;0;0;0;0;0;0;0;0;0;0;Regular Season;0;0;0;0;0;0;0;0;0;0
62825;2028;10;15;Upstate Medical University Arena;0;32;60;0;0;0;0;0;0;0;0;0;0;0;0;;;;0;0;0;0;0;0;0;0;0;0;0;0;0;0;0;0;0;0;0;0;0;0;0;0;Regular Season;0;0;0;0;0;0;0;0;0;0
62835;2028;10;15;Orleans Arena;0;44;45;0;0;0;0;0;0;0;0;0;0;0;0;;;;0;0;0;0;0;0;0;0;0;0;0;0;0;0;0;0;0;0;0;0;0;0;0;0;Regular Season;0;0;0;0;0;0;0;0;0;0
61938;2028;10;15;Bojangles' Coliseum;0;37;34;0;0;0;0;0;0;0;0;0;0;0;0;;;;0;0;0;0;0;0;0;0;0;0;0;0;0;0;0;0;0;0;0;0;0;0;0;0;Regular Season;0;0;0;0;0;0;0;0;0;0
62858;2028;10;15;Coca-Cola Coliseum;0;59;55;0;0;0;0;0;0;0;0;0;0;0;0;;;;0;0;0;0;0;0;0;0;0;0;0;0;0;0;0;0;0;0;0;0;0;0;0;0;Regular Season;0;0;0;0;0;0;0;0;0;0
61937;2028;10;16; Arena;0;123;60;0;0;0;0;0;0;0;0;0;0;0;0;;;;0;0;0;0;0;0;0;0;0;0;0;0;0;0;0;0;0;0;0;0;0;0;0;0;Regular Season;0;0;0;0;0;0;0;0;0;0
62010;2028;10;16;BMO Harris Bank Center;0;38;50;0;0;0;0;0;0;0;0;0;0;0;0;;;;0;0;0;0;0;0;0;0;0;0;0;0;0;0;0;0;0;0;0;0;0;0;0;0;Regular Season;0;0;0;0;0;0;0;0;0;0
61928;2028;10;16;Place Bell;0;47;40;0;0;0;0;0;0;0;0;0;0;0;0;;;;0;0;0;0;0;0;0;0;0;0;0;0;0;0;0;0;0;0;0;0;0;0;0;0;Regular Season;0;0;0;0;0;0;0;0;0;0
61878;2028;10;16;Lego Arena;0;53;153;0;0;0;0;0;0;0;0;0;0;0;0;;;;0;0;0;0;0;0;0;0;0;0;0;0;0;0;0;0;0;0;0;0;0;0;0;0;Regular Season;0;0;0;0;0;0;0;0;0;0
61929;2028;10;16;Budweiser Events Center;0;62;58;0;0;0;0;0;0;0;0;0;0;0;0;;;;0;0;0;0;0;0;0;0;0;0;0;0;0;0;0;0;0;0;0;0;0;0;0;0;Regular Season;0;0;0;0;0;0;0;0;0;0
61921;2028;10;16;Bojangles' Coliseum;0;37;54;0;0;0;0;0;0;0;0;0;0;0;0;;;;0;0;0;0;0;0;0;0;0;0;0;0;0;0;0;0;0;0;0;0;0;0;0;0;Regular Season;0;0;0;0;0;0;0;0;0;0
61988;2028;10;16;H-E-B Center;0;41;125;0;0;0;0;0;0;0;0;0;0;0;0;;;;0;0;0;0;0;0;0;0;0;0;0;0;0;0;0;0;0;0;0;0;0;0;0;0;Regular Season;0;0;0;0;0;0;0;0;0;0
61922;2028;10;17;Coca-Cola Coliseum;0;59;54;0;0;0;0;0;0;0;0;0;0;0;0;;;;0;0;0;0;0;0;0;0;0;0;0;0;0;0;0;0;0;0;0;0;0;0;0;0;Regular Season;0;0;0;0;0;0;0;0;0;0
61909;2028;10;17;Webster Bank Arena;0;48;43;0;0;0;0;0;0;0;0;0;0;0;0;;;;0;0;0;0;0;0;0;0;0;0;0;0;0;0;0;0;0;0;0;0;0;0;0;0;Regular Season;0;0;0;0;0;0;0;0;0;0
62024;2028;10;17;Toyota Arena;0;45;58;0;0;0;0;0;0;0;0;0;0;0;0;;;;0;0;0;0;0;0;0;0;0;0;0;0;0;0;0;0;0;0;0;0;0;0;0;0;Regular Season;0;0;0;0;0;0;0;0;0;0
61896;2028;10;17;Stockton Arena;0;36;62;0;0;0;0;0;0;0;0;0;0;0;0;;;;0;0;0;0;0;0;0;0;0;0;0;0;0;0;0;0;0;0;0;0;0;0;0;0;Regular Season;0;0;0;0;0;0;0;0;0;0
61935;2028;10;17;Oakland Coliseum;0;40;47;0;0;0;0;0;0;0;0;0;0;0;0;;;;0;0;0;0;0;0;0;0;0;0;0;0;0;0;0;0;0;0;0;0;0;0;0;0;Regular Season;0;0;0;0;0;0;0;0;0;0
61940;2028;10;17;Kapcsos Center;0;55;34;0;0;0;0;0;0;0;0;0;0;0;0;;;;0;0;0;0;0;0;0;0;0;0;0;0;0;0;0;0;0;0;0;0;0;0;0;0;Regular Season;0;0;0;0;0;0;0;0;0;0
61927;2028;10;17;BMO Harris Bank Center;0;38;155;0;0;0;0;0;0;0;0;0;0;0;0;;;;0;0;0;0;0;0;0;0;0;0;0;0;0;0;0;0;0;0;0;0;0;0;0;0;Regular Season;0;0;0;0;0;0;0;0;0;0
61902;2028;10;17;Upstate Medical University Arena;0;32;153;0;0;0;0;0;0;0;0;0;0;0;0;;;;0;0;0;0;0;0;0;0;0;0;0;0;0;0;0;0;0;0;0;0;0;0;0;0;Regular Season;0;0;0;0;0;0;0;0;0;0
62060;2028;10;17;Costa Rican Airlines Arena;0;125;33;0;0;0;0;0;0;0;0;0;0;0;0;;;;0;0;0;0;0;0;0;0;0;0;0;0;0;0;0;0;0;0;0;0;0;0;0;0;Regular Season;0;0;0;0;0;0;0;0;0;0
61957;2028;10;17;Orleans Arena;0;44;123;0;0;0;0;0;0;0;0;0;0;0;0;;;;0;0;0;0;0;0;0;0;0;0;0;0;0;0;0;0;0;0;0;0;0;0;0;0;Regular Season;0;0;0;0;0;0;0;0;0;0
61910;2028;10;18;H-E-B Center;0;41;32;0;0;0;0;0;0;0;0;0;0;0;0;;;;0;0;0;0;0;0;0;0;0;0;0;0;0;0;0;0;0;0;0;0;0;0;0;0;Regular Season;0;0;0;0;0;0;0;0;0;0
61923;2028;10;18;Bojangles' Coliseum;0;37;60;0;0;0;0;0;0;0;0;0;0;0;0;;;;0;0;0;0;0;0;0;0;0;0;0;0;0;0;0;0;0;0;0;0;0;0;0;0;Regular Season;0;0;0;0;0;0;0;0;0;0
61980;2028;10;18;Kapcsos Center;0;55;57;0;0;0;0;0;0;0;0;0;0;0;0;;;;0;0;0;0;0;0;0;0;0;0;0;0;0;0;0;0;0;0;0;0;0;0;0;0;Regular Season;0;0;0;0;0;0;0;0;0;0
61946;2028;10;19;H-E-B Center;0;41;62;0;0;0;0;0;0;0;0;0;0;0;0;;;;0;0;0;0;0;0;0;0;0;0;0;0;0;0;0;0;0;0;0;0;0;0;0;0;Regular Season;0;0;0;0;0;0;0;0;0;0
62003;2028;10;19;Toyota Arena;0;45;34;0;0;0;0;0;0;0;0;0;0;0;0;;;;0;0;0;0;0;0;0;0;0;0;0;0;0;0;0;0;0;0;0;0;0;0;0;0;Regular Season;0;0;0;0;0;0;0;0;0;0
61908;2028;10;19; Arena;0;153;38;0;0;0;0;0;0;0;0;0;0;0;0;;;;0;0;0;0;0;0;0;0;0;0;0;0;0;0;0;0;0;0;0;0;0;0;0;0;Regular Season;0;0;0;0;0;0;0;0;0;0
61912;2028;10;19;Stockton Arena;0;36;43;0;0;0;0;0;0;0;0;0;0;0;0;;;;0;0;0;0;0;0;0;0;0;0;0;0;0;0;0;0;0;0;0;0;0;0;0;0;Regular Season;0;0;0;0;0;0;0;0;0;0
61989;2028;10;19;Costa Rican Airlines Arena;0;125;44;0;0;0;0;0;0;0;0;0;0;0;0;;;;0;0;0;0;0;0;0;0;0;0;0;0;0;0;0;0;0;0;0;0;0;0;0;0;Regular Season;0;0;0;0;0;0;0;0;0;0
61947;2028;10;19;SAP Center;0;56;54;0;0;0;0;0;0;0;0;0;0;0;0;;;;0;0;0;0;0;0;0;0;0;0;0;0;0;0;0;0;0;0;0;0;0;0;0;0;Regular Season;0;0;0;0;0;0;0;0;0;0
61979;2028;10;19;Abbotsford Centre;0;57;53;0;0;0;0;0;0;0;0;0;0;0;0;;;;0;0;0;0;0;0;0;0;0;0;0;0;0;0;0;0;0;0;0;0;0;0;0;0;Regular Season;0;0;0;0;0;0;0;0;0;0
61956;2028;10;19; Arena;0;123;48;0;0;0;0;0;0;0;0;0;0;0;0;;;;0;0;0;0;0;0;0;0;0;0;0;0;0;0;0;0;0;0;0;0;0;0;0;0;Regular Season;0;0;0;0;0;0;0;0;0;0
62031;2028;10;19;Coca-Cola Coliseum;0;59;33;0;0;0;0;0;0;0;0;0;0;0;0;;;;0;0;0;0;0;0;0;0;0;0;0;0;0;0;0;0;0;0;0;0;0;0;0;0;Regular Season;0;0;0;0;0;0;0;0;0;0
62105;2028;10;20;XL Center;0;33;40;0;0;0;0;0;0;0;0;0;0;0;0;;;;0;0;0;0;0;0;0;0;0;0;0;0;0;0;0;0;0;0;0;0;0;0;0;0;Regular Season;0;0;0;0;0;0;0;0;0;0
61918;2028;10;20;Kapcsos Center;0;55;32;0;0;0;0;0;0;0;0;0;0;0;0;;;;0;0;0;0;0;0;0;0;0;0;0;0;0;0;0;0;0;0;0;0;0;0;0;0;Regular Season;0;0;0;0;0;0;0;0;0;0
61987;2028;10;20;UW–Milwaukee Panther Arena;0;50;53;0;0;0;0;0;0;0;0;0;0;0;0;;;;0;0;0;0;0;0;0;0;0;0;0;0;0;0;0;0;0;0;0;0;0;0;0;0;Regular Season;0;0;0;0;0;0;0;0;0;0
61933;2028;10;20;Allstate Arena;0;60;36;0;0;0;0;0;0;0;0;0;0;0;0;;;;0;0;0;0;0;0;0;0;0;0;0;0;0;0;0;0;0;0;0;0;0;0;0;0;Regular Season;0;0;0;0;0;0;0;0;0;0
61945;2028;10;20;Coca-Cola Coliseum;0;59;47;0;0;0;0;0;0;0;0;0;0;0;0;;;;0;0;0;0;0;0;0;0;0;0;0;0;0;0;0;0;0;0;0;0;0;0;0;0;Regular Season;0;0;0;0;0;0;0;0;0;0
61926;2028;10;20;Bojangles' Coliseum;0;37;155;0;0;0;0;0;0;0;0;0;0;0;0;;;;0;0;0;0;0;0;0;0;0;0;0;0;0;0;0;0;0;0;0;0;0;0;0;0;Regular Season;0;0;0;0;0;0;0;0;0;0
62869;2028;10;21;UW–Milwaukee Panther Arena;0;50;62;0;0;0;0;0;0;0;0;0;0;0;0;;;;0;0;0;0;0;0;0;0;0;0;0;0;0;0;0;0;0;0;0;0;0;0;0;0;Regular Season;0;0;0;0;0;0;0;0;0;0
62170;2028;10;21;Centene Community Ice Center;0;54;125;0;0;0;0;0;0;0;0;0;0;0;0;;;;0;0;0;0;0;0;0;0;0;0;0;0;0;0;0;0;0;0;0;0;0;0;0;0;Regular Season;0;0;0;0;0;0;0;0;0;0
62029;2028;10;21;Toyota Arena;0;45;38;0;0;0;0;0;0;0;0;0;0;0;0;;;;0;0;0;0;0;0;0;0;0;0;0;0;0;0;0;0;0;0;0;0;0;0;0;0;Regular Season;0;0;0;0;0;0;0;0;0;0
62072;2028;10;21;SaskTel Centre;0;43;34;0;0;0;0;0;0;0;0;0;0;0;0;;;;0;0;0;0;0;0;0;0;0;0;0;0;0;0;0;0;0;0;0;0;0;0;0;0;Regular Season;0;0;0;0;0;0;0;0;0;0
62028;2028;10;21;SAP Center;0;56;44;0;0;0;0;0;0;0;0;0;0;0;0;;;;0;0;0;0;0;0;0;0;0;0;0;0;0;0;0;0;0;0;0;0;0;0;0;0;Regular Season;0;0;0;0;0;0;0;0;0;0
62070;2028;10;22;H-E-B Center;0;41;123;0;0;0;0;0;0;0;0;0;0;0;0;;;;0;0;0;0;0;0;0;0;0;0;0;0;0;0;0;0;0;0;0;0;0;0;0;0;Regular Season;0;0;0;0;0;0;0;0;0;0
61941;2028;10;22;Pechanga Arena;0;58;155;0;0;0;0;0;0;0;0;0;0;0;0;;;;0;0;0;0;0;0;0;0;0;0;0;0;0;0;0;0;0;0;0;0;0;0;0;0;Regular Season;0;0;0;0;0;0;0;0;0;0
62098;2028;10;22;Place Bell;0;47;59;0;0;0;0;0;0;0;0;0;0;0;0;;;;0;0;0;0;0;0;0;0;0;0;0;0;0;0;0;0;0;0;0;0;0;0;0;0;Regular Season;0;0;0;0;0;0;0;0;0;0
62850;2028;10;22;SaskTel Centre;0;43;44;0;0;0;0;0;0;0;0;0;0;0;0;;;;0;0;0;0;0;0;0;0;0;0;0;0;0;0;0;0;0;0;0;0;0;0;0;0;Regular Season;0;0;0;0;0;0;0;0;0;0
61932;2028;10;22;Toyota Arena;0;45;48;0;0;0;0;0;0;0;0;0;0;0;0;;;;0;0;0;0;0;0;0;0;0;0;0;0;0;0;0;0;0;0;0;0;0;0;0;0;Regular Season;0;0;0;0;0;0;0;0;0;0
62045;2028;10;22;SAP Center;0;56;57;0;0;0;0;0;0;0;0;0;0;0;0;;;;0;0;0;0;0;0;0;0;0;0;0;0;0;0;0;0;0;0;0;0;0;0;0;0;Regular Season;0;0;0;0;0;0;0;0;0;0
62871;2028;10;22;XL Center;0;33;37;0;0;0;0;0;0;0;0;0;0;0;0;;;;0;0;0;0;0;0;0;0;0;0;0;0;0;0;0;0;0;0;0;0;0;0;0;0;Regular Season;0;0;0;0;0;0;0;0;0;0
62000;2028;10;23;Webster Bank Arena;0;48;55;0;0;0;0;0;0;0;0;0;0;0;0;;;;0;0;0;0;0;0;0;0;0;0;0;0;0;0;0;0;0;0;0;0;0;0;0;0;Regular Season;0;0;0;0;0;0;0;0;0;0
62844;2028;10;23;Centene Community Ice Center;0;54;40;0;0;0;0;0;0;0;0;0;0;0;0;;;;0;0;0;0;0;0;0;0;0;0;0;0;0;0;0;0;0;0;0;0;0;0;0;0;Regular Season;0;0;0;0;0;0;0;0;0;0
61969;2028;10;23; Arena;0;153;50;0;0;0;0;0;0;0;0;0;0;0;0;;;;0;0;0;0;0;0;0;0;0;0;0;0;0;0;0;0;0;0;0;0;0;0;0;0;Regular Season;0;0;0;0;0;0;0;0;0;0
61965;2028;10;23;Upstate Medical University Arena;0;32;41;0;0;0;0;0;0;0;0;0;0;0;0;;;;0;0;0;0;0;0;0;0;0;0;0;0;0;0;0;0;0;0;0;0;0;0;0;0;Regular Season;0;0;0;0;0;0;0;0;0;0
61964;2028;10;23;Budweiser Events Center;0;62;38;0;0;0;0;0;0;0;0;0;0;0;0;;;;0;0;0;0;0;0;0;0;0;0;0;0;0;0;0;0;0;0;0;0;0;0;0;0;Regular Season;0;0;0;0;0;0;0;0;0;0
61948;2028;10;24;Place Bell;0;47;123;0;0;0;0;0;0;0;0;0;0;0;0;;;;0;0;0;0;0;0;0;0;0;0;0;0;0;0;0;0;0;0;0;0;0;0;0;0;Regular Season;0;0;0;0;0;0;0;0;0;0
62018;2028;10;24;Budweiser Events Center;0;62;33;0;0;0;0;0;0;0;0;0;0;0;0;;;;0;0;0;0;0;0;0;0;0;0;0;0;0;0;0;0;0;0;0;0;0;0;0;0;Regular Season;0;0;0;0;0;0;0;0;0;0
62025;2028;10;24;UW–Milwaukee Panther Arena;0;50;38;0;0;0;0;0;0;0;0;0;0;0;0;;;;0;0;0;0;0;0;0;0;0;0;0;0;0;0;0;0;0;0;0;0;0;0;0;0;Regular Season;0;0;0;0;0;0;0;0;0;0
62030;2028;10;24;Costa Rican Airlines Arena;0;125;58;0;0;0;0;0;0;0;0;0;0;0;0;;;;0;0;0;0;0;0;0;0;0;0;0;0;0;0;0;0;0;0;0;0;0;0;0;0;Regular Season;0;0;0;0;0;0;0;0;0;0
62238;2028;10;24;Orleans Arena;0;44;56;0;0;0;0;0;0;0;0;0;0;0;0;;;;0;0;0;0;0;0;0;0;0;0;0;0;0;0;0;0;0;0;0;0;0;0;0;0;Regular Season;0;0;0;0;0;0;0;0;0;0
61963;2028;10;24;Bojangles' Coliseum;0;37;57;0;0;0;0;0;0;0;0;0;0;0;0;;;;0;0;0;0;0;0;0;0;0;0;0;0;0;0;0;0;0;0;0;0;0;0;0;0;Regular Season;0;0;0;0;0;0;0;0;0;0
61934;2028;10;24;Stockton Arena;0;36;45;0;0;0;0;0;0;0;0;0;0;0;0;;;;0;0;0;0;0;0;0;0;0;0;0;0;0;0;0;0;0;0;0;0;0;0;0;0;Regular Season;0;0;0;0;0;0;0;0;0;0
61943;2028;10;24;SaskTel Centre;0;43;32;0;0;0;0;0;0;0;0;0;0;0;0;;;;0;0;0;0;0;0;0;0;0;0;0;0;0;0;0;0;0;0;0;0;0;0;0;0;Regular Season;0;0;0;0;0;0;0;0;0;0
61996;2028;10;24;Allstate Arena;0;60;55;0;0;0;0;0;0;0;0;0;0;0;0;;;;0;0;0;0;0;0;0;0;0;0;0;0;0;0;0;0;0;0;0;0;0;0;0;0;Regular Season;0;0;0;0;0;0;0;0;0;0
61917;2028;10;24;Centene Community Ice Center;0;54;53;0;0;0;0;0;0;0;0;0;0;0;0;;;;0;0;0;0;0;0;0;0;0;0;0;0;0;0;0;0;0;0;0;0;0;0;0;0;Regular Season;0;0;0;0;0;0;0;0;0;0
61958;2028;10;24;Oakland Coliseum;0;40;155;0;0;0;0;0;0;0;0;0;0;0;0;;;;0;0;0;0;0;0;0;0;0;0;0;0;0;0;0;0;0;0;0;0;0;0;0;0;Regular Season;0;0;0;0;0;0;0;0;0;0
62032;2028;10;25;Pechanga Arena;0;58;41;0;0;0;0;0;0;0;0;0;0;0;0;;;;0;0;0;0;0;0;0;0;0;0;0;0;0;0;0;0;0;0;0;0;0;0;0;0;Regular Season;0;0;0;0;0;0;0;0;0;0
62838;2028;10;25;Abbotsford Centre;0;57;125;0;0;0;0;0;0;0;0;0;0;0;0;;;;0;0;0;0;0;0;0;0;0;0;0;0;0;0;0;0;0;0;0;0;0;0;0;0;Regular Season;0;0;0;0;0;0;0;0;0;0
61959;2028;10;25;Lego Arena;0;53;48;0;0;0;0;0;0;0;0;0;0;0;0;;;;0;0;0;0;0;0;0;0;0;0;0;0;0;0;0;0;0;0;0;0;0;0;0;0;Regular Season;0;0;0;0;0;0;0;0;0;0
61951;2028;10;26;Allstate Arena;0;60;123;0;0;0;0;0;0;0;0;0;0;0;0;;;;0;0;0;0;0;0;0;0;0;0;0;0;0;0;0;0;0;0;0;0;0;0;0;0;Regular Season;0;0;0;0;0;0;0;0;0;0
61999;2028;10;26;Dunkin' Donuts Center;0;34;54;0;0;0;0;0;0;0;0;0;0;0;0;;;;0;0;0;0;0;0;0;0;0;0;0;0;0;0;0;0;0;0;0;0;0;0;0;0;Regular Season;0;0;0;0;0;0;0;0;0;0
62059;2028;10;26;XL Center;0;33;59;0;0;0;0;0;0;0;0;0;0;0;0;;;;0;0;0;0;0;0;0;0;0;0;0;0;0;0;0;0;0;0;0;0;0;0;0;0;Regular Season;0;0;0;0;0;0;0;0;0;0
61994;2028;10;26;Oakland Coliseum;0;40;155;0;0;0;0;0;0;0;0;0;0;0;0;;;;0;0;0;0;0;0;0;0;0;0;0;0;0;0;0;0;0;0;0;0;0;0;0;0;Regular Season;0;0;0;0;0;0;0;0;0;0
61950;2028;10;26;SAP Center;0;56;153;0;0;0;0;0;0;0;0;0;0;0;0;;;;0;0;0;0;0;0;0;0;0;0;0;0;0;0;0;0;0;0;0;0;0;0;0;0;Regular Season;0;0;0;0;0;0;0;0;0;0
61992;2028;10;26;BMO Harris Bank Center;0;38;41;0;0;0;0;0;0;0;0;0;0;0;0;;;;0;0;0;0;0;0;0;0;0;0;0;0;0;0;0;0;0;0;0;0;0;0;0;0;Regular Season;0;0;0;0;0;0;0;0;0;0
61939;2028;10;26;Upstate Medical University Arena;0;32;36;0;0;0;0;0;0;0;0;0;0;0;0;;;;0;0;0;0;0;0;0;0;0;0;0;0;0;0;0;0;0;0;0;0;0;0;0;0;Regular Season;0;0;0;0;0;0;0;0;0;0
61949;2028;10;26;Place Bell;0;47;50;0;0;0;0;0;0;0;0;0;0;0;0;;;;0;0;0;0;0;0;0;0;0;0;0;0;0;0;0;0;0;0;0;0;0;0;0;0;Regular Season;0;0;0;0;0;0;0;0;0;0
61955;2028;10;26;Bojangles' Coliseum;0;37;45;0;0;0;0;0;0;0;0;0;0;0;0;;;;0;0;0;0;0;0;0;0;0;0;0;0;0;0;0;0;0;0;0;0;0;0;0;0;Regular Season;0;0;0;0;0;0;0;0;0;0
61960;2028;10;27;Place Bell;0;47;50;0;0;0;0;0;0;0;0;0;0;0;0;;;;0;0;0;0;0;0;0;0;0;0;0;0;0;0;0;0;0;0;0;0;0;0;0;0;Regular Season;0;0;0;0;0;0;0;0;0;0
62033;2028;10;27;Pechanga Arena;0;58;55;0;0;0;0;0;0;0;0;0;0;0;0;;;;0;0;0;0;0;0;0;0;0;0;0;0;0;0;0;0;0;0;0;0;0;0;0;0;Regular Season;0;0;0;0;0;0;0;0;0;0
61952;2028;10;27;Stockton Arena;0;36;56;0;0;0;0;0;0;0;0;0;0;0;0;;;;0;0;0;0;0;0;0;0;0;0;0;0;0;0;0;0;0;0;0;0;0;0;0;0;Regular Season;0;0;0;0;0;0;0;0;0;0
62080;2028;10;27;Coca-Cola Coliseum;0;59;33;0;0;0;0;0;0;0;0;0;0;0;0;;;;0;0;0;0;0;0;0;0;0;0;0;0;0;0;0;0;0;0;0;0;0;0;0;0;Regular Season;0;0;0;0;0;0;0;0;0;0
62004;2028;10;27;Webster Bank Arena;0;48;40;0;0;0;0;0;0;0;0;0;0;0;0;;;;0;0;0;0;0;0;0;0;0;0;0;0;0;0;0;0;0;0;0;0;0;0;0;0;Regular Season;0;0;0;0;0;0;0;0;0;0
62017;2028;10;27;BMO Harris Bank Center;0;38;125;0;0;0;0;0;0;0;0;0;0;0;0;;;;0;0;0;0;0;0;0;0;0;0;0;0;0;0;0;0;0;0;0;0;0;0;0;0;Regular Season;0;0;0;0;0;0;0;0;0;0
61942;2028;10;27;Toyota Arena;0;45;153;0;0;0;0;0;0;0;0;0;0;0;0;;;;0;0;0;0;0;0;0;0;0;0;0;0;0;0;0;0;0;0;0;0;0;0;0;0;Regular Season;0;0;0;0;0;0;0;0;0;0
62868;2028;10;27;Lego Arena;0;53;62;0;0;0;0;0;0;0;0;0;0;0;0;;;;0;0;0;0;0;0;0;0;0;0;0;0;0;0;0;0;0;0;0;0;0;0;0;0;Regular Season;0;0;0;0;0;0;0;0;0;0
61981;2028;10;27;Bojangles' Coliseum;0;37;43;0;0;0;0;0;0;0;0;0;0;0;0;;;;0;0;0;0;0;0;0;0;0;0;0;0;0;0;0;0;0;0;0;0;0;0;0;0;Regular Season;0;0;0;0;0;0;0;0;0;0
62014;2028;10;27;Centene Community Ice Center;0;54;44;0;0;0;0;0;0;0;0;0;0;0;0;;;;0;0;0;0;0;0;0;0;0;0;0;0;0;0;0;0;0;0;0;0;0;0;0;0;Regular Season;0;0;0;0;0;0;0;0;0;0
61991;2028;10;27;Abbotsford Centre;0;57;34;0;0;0;0;0;0;0;0;0;0;0;0;;;;0;0;0;0;0;0;0;0;0;0;0;0;0;0;0;0;0;0;0;0;0;0;0;0;Regular Season;0;0;0;0;0;0;0;0;0;0
62008;2028;10;28;SaskTel Centre;0;43;155;0;0;0;0;0;0;0;0;0;0;0;0;;;;0;0;0;0;0;0;0;0;0;0;0;0;0;0;0;0;0;0;0;0;0;0;0;0;Regular Season;0;0;0;0;0;0;0;0;0;0
62106;2028;10;28;Lego Arena;0;53;57;0;0;0;0;0;0;0;0;0;0;0;0;;;;0;0;0;0;0;0;0;0;0;0;0;0;0;0;0;0;0;0;0;0;0;0;0;0;Regular Season;0;0;0;0;0;0;0;0;0;0
62388;2028;10;28; Arena;0;123;44;0;0;0;0;0;0;0;0;0;0;0;0;;;;0;0;0;0;0;0;0;0;0;0;0;0;0;0;0;0;0;0;0;0;0;0;0;0;Regular Season;0;0;0;0;0;0;0;0;0;0
61901;2028;10;28;Budweiser Events Center;0;62;60;0;0;0;0;0;0;0;0;0;0;0;0;;;;0;0;0;0;0;0;0;0;0;0;0;0;0;0;0;0;0;0;0;0;0;0;0;0;Regular Season;0;0;0;0;0;0;0;0;0;0
62110;2028;10;29;Costa Rican Airlines Arena;0;125;59;0;0;0;0;0;0;0;0;0;0;0;0;;;;0;0;0;0;0;0;0;0;0;0;0;0;0;0;0;0;0;0;0;0;0;0;0;0;Regular Season;0;0;0;0;0;0;0;0;0;0
62231;2028;10;29;Dunkin' Donuts Center;0;34;33;0;0;0;0;0;0;0;0;0;0;0;0;;;;0;0;0;0;0;0;0;0;0;0;0;0;0;0;0;0;0;0;0;0;0;0;0;0;Regular Season;0;0;0;0;0;0;0;0;0;0
62074;2028;10;30;Lego Arena;0;53;40;0;0;0;0;0;0;0;0;0;0;0;0;;;;0;0;0;0;0;0;0;0;0;0;0;0;0;0;0;0;0;0;0;0;0;0;0;0;Regular Season;0;0;0;0;0;0;0;0;0;0
62049;2028;10;30;Costa Rican Airlines Arena;0;125;155;0;0;0;0;0;0;0;0;0;0;0;0;;;;0;0;0;0;0;0;0;0;0;0;0;0;0;0;0;0;0;0;0;0;0;0;0;0;Regular Season;0;0;0;0;0;0;0;0;0;0
62040;2028;10;30;Orleans Arena;0;44;55;0;0;0;0;0;0;0;0;0;0;0;0;;;;0;0;0;0;0;0;0;0;0;0;0;0;0;0;0;0;0;0;0;0;0;0;0;0;Regular Season;0;0;0;0;0;0;0;0;0;0
62138;2028;10;30;H-E-B Center;0;41;33;0;0;0;0;0;0;0;0;0;0;0;0;;;;0;0;0;0;0;0;0;0;0;0;0;0;0;0;0;0;0;0;0;0;0;0;0;0;Regular Season;0;0;0;0;0;0;0;0;0;0
62097;2028;10;30;BMO Harris Bank Center;0;38;59;0;0;0;0;0;0;0;0;0;0;0;0;;;;0;0;0;0;0;0;0;0;0;0;0;0;0;0;0;0;0;0;0;0;0;0;0;0;Regular Season;0;0;0;0;0;0;0;0;0;0
61975;2028;10;30;Upstate Medical University Arena;0;32;123;0;0;0;0;0;0;0;0;0;0;0;0;;;;0;0;0;0;0;0;0;0;0;0;0;0;0;0;0;0;0;0;0;0;0;0;0;0;Regular Season;0;0;0;0;0;0;0;0;0;0
61978;2028;10;30; Arena;0;153;45;0;0;0;0;0;0;0;0;0;0;0;0;;;;0;0;0;0;0;0;0;0;0;0;0;0;0;0;0;0;0;0;0;0;0;0;0;0;Regular Season;0;0;0;0;0;0;0;0;0;0
61976;2028;10;30;Allstate Arena;0;60;50;0;0;0;0;0;0;0;0;0;0;0;0;;;;0;0;0;0;0;0;0;0;0;0;0;0;0;0;0;0;0;0;0;0;0;0;0;0;Regular Season;0;0;0;0;0;0;0;0;0;0
62879;2028;10;30;Budweiser Events Center;0;62;56;0;0;0;0;0;0;0;0;0;0;0;0;;;;0;0;0;0;0;0;0;0;0;0;0;0;0;0;0;0;0;0;0;0;0;0;0;0;Regular Season;0;0;0;0;0;0;0;0;0;0
62056;2028;10;31;H-E-B Center;0;41;53;0;0;0;0;0;0;0;0;0;0;0;0;;;;0;0;0;0;0;0;0;0;0;0;0;0;0;0;0;0;0;0;0;0;0;0;0;0;Regular Season;0;0;0;0;0;0;0;0;0;0
62064;2028;10;31;Pechanga Arena;0;58;48;0;0;0;0;0;0;0;0;0;0;0;0;;;;0;0;0;0;0;0;0;0;0;0;0;0;0;0;0;0;0;0;0;0;0;0;0;0;Regular Season;0;0;0;0;0;0;0;0;0;0
62038;2028;10;31;BMO Harris Bank Center;0;38;56;0;0;0;0;0;0;0;0;0;0;0;0;;;;0;0;0;0;0;0;0;0;0;0;0;0;0;0;0;0;0;0;0;0;0;0;0;0;Regular Season;0;0;0;0;0;0;0;0;0;0
61972;2028;10;31;Place Bell;0;47;34;0;0;0;0;0;0;0;0;0;0;0;0;;;;0;0;0;0;0;0;0;0;0;0;0;0;0;0;0;0;0;0;0;0;0;0;0;0;Regular Season;0;0;0;0;0;0;0;0;0;0
61995;2028;10;31;Upstate Medical University Arena;0;32;57;0;0;0;0;0;0;0;0;0;0;0;0;;;;0;0;0;0;0;0;0;0;0;0;0;0;0;0;0;0;0;0;0;0;0;0;0;0;Regular Season;0;0;0;0;0;0;0;0;0;0
62007;2028;10;31; Arena;0;153;62;0;0;0;0;0;0;0;0;0;0;0;0;;;;0;0;0;0;0;0;0;0;0;0;0;0;0;0;0;0;0;0;0;0;0;0;0;0;Regular Season;0;0;0;0;0;0;0;0;0;0
61983;2028;10;31;Bojangles' Coliseum;0;37;54;0;0;0;0;0;0;0;0;0;0;0;0;;;;0;0;0;0;0;0;0;0;0;0;0;0;0;0;0;0;0;0;0;0;0;0;0;0;Regular Season;0;0;0;0;0;0;0;0;0;0
61962;2028;10;31;Stockton Arena;0;36;40;0;0;0;0;0;0;0;0;0;0;0;0;;;;0;0;0;0;0;0;0;0;0;0;0;0;0;0;0;0;0;0;0;0;0;0;0;0;Regular Season;0;0;0;0;0;0;0;0;0;0
61973;2028;10;31;Toyota Arena;0;45;123;0;0;0;0;0;0;0;0;0;0;0;0;;;;0;0;0;0;0;0;0;0;0;0;0;0;0;0;0;0;0;0;0;0;0;0;0;0;Regular Season;0;0;0;0;0;0;0;0;0;0
62034;2028;11;1;Place Bell;0;47;33;0;0;0;0;0;0;0;0;0;0;0;0;;;;0;0;0;0;0;0;0;0;0;0;0;0;0;0;0;0;0;0;0;0;0;0;0;0;Regular Season;0;0;0;0;0;0;0;0;0;0
61986;2028;11;1;Kapcsos Center;0;55;60;0;0;0;0;0;0;0;0;0;0;0;0;;;;0;0;0;0;0;0;0;0;0;0;0;0;0;0;0;0;0;0;0;0;0;0;0;0;Regular Season;0;0;0;0;0;0;0;0;0;0
62046;2028;11;1;UW–Milwaukee Panther Arena;0;50;54;0;0;0;0;0;0;0;0;0;0;0;0;;;;0;0;0;0;0;0;0;0;0;0;0;0;0;0;0;0;0;0;0;0;0;0;0;0;Regular Season;0;0;0;0;0;0;0;0;0;0
62019;2028;11;2;Budweiser Events Center;0;62;48;0;0;0;0;0;0;0;0;0;0;0;0;;;;0;0;0;0;0;0;0;0;0;0;0;0;0;0;0;0;0;0;0;0;0;0;0;0;Regular Season;0;0;0;0;0;0;0;0;0;0
62314;2028;11;2;SAP Center;0;56;59;0;0;0;0;0;0;0;0;0;0;0;0;;;;0;0;0;0;0;0;0;0;0;0;0;0;0;0;0;0;0;0;0;0;0;0;0;0;Regular Season;0;0;0;0;0;0;0;0;0;0
62135;2028;11;2;Abbotsford Centre;0;57;33;0;0;0;0;0;0;0;0;0;0;0;0;;;;0;0;0;0;0;0;0;0;0;0;0;0;0;0;0;0;0;0;0;0;0;0;0;0;Regular Season;0;0;0;0;0;0;0;0;0;0
62332;2028;11;2;Allstate Arena;0;60;41;0;0;0;0;0;0;0;0;0;0;0;0;;;;0;0;0;0;0;0;0;0;0;0;0;0;0;0;0;0;0;0;0;0;0;0;0;0;Regular Season;0;0;0;0;0;0;0;0;0;0
61984;2028;11;2; Arena;0;123;43;0;0;0;0;0;0;0;0;0;0;0;0;;;;0;0;0;0;0;0;0;0;0;0;0;0;0;0;0;0;0;0;0;0;0;0;0;0;Regular Season;0;0;0;0;0;0;0;0;0;0
62015;2028;11;2;Pechanga Arena;0;58;155;0;0;0;0;0;0;0;0;0;0;0;0;;;;0;0;0;0;0;0;0;0;0;0;0;0;0;0;0;0;0;0;0;0;0;0;0;0;Regular Season;0;0;0;0;0;0;0;0;0;0
62026;2028;11;2;Toyota Arena;0;45;53;0;0;0;0;0;0;0;0;0;0;0;0;;;;0;0;0;0;0;0;0;0;0;0;0;0;0;0;0;0;0;0;0;0;0;0;0;0;Regular Season;0;0;0;0;0;0;0;0;0;0
62807;2028;11;2;Orleans Arena;0;44;38;0;0;0;0;0;0;0;0;0;0;0;0;;;;0;0;0;0;0;0;0;0;0;0;0;0;0;0;0;0;0;0;0;0;0;0;0;0;Regular Season;0;0;0;0;0;0;0;0;0;0
61970;2028;11;2;Dunkin' Donuts Center;0;34;36;0;0;0;0;0;0;0;0;0;0;0;0;;;;0;0;0;0;0;0;0;0;0;0;0;0;0;0;0;0;0;0;0;0;0;0;0;0;Regular Season;0;0;0;0;0;0;0;0;0;0
62009;2028;11;3;Budweiser Events Center;0;62;153;0;0;0;0;0;0;0;0;0;0;0;0;;;;0;0;0;0;0;0;0;0;0;0;0;0;0;0;0;0;0;0;0;0;0;0;0;0;Regular Season;0;0;0;0;0;0;0;0;0;0
61998;2028;11;3;Upstate Medical University Arena;0;32;50;0;0;0;0;0;0;0;0;0;0;0;0;;;;0;0;0;0;0;0;0;0;0;0;0;0;0;0;0;0;0;0;0;0;0;0;0;0;Regular Season;0;0;0;0;0;0;0;0;0;0
62036;2028;11;3;Place Bell;0;47;44;0;0;0;0;0;0;0;0;0;0;0;0;;;;0;0;0;0;0;0;0;0;0;0;0;0;0;0;0;0;0;0;0;0;0;0;0;0;Regular Season;0;0;0;0;0;0;0;0;0;0
62095;2028;11;3;BMO Harris Bank Center;0;38;43;0;0;0;0;0;0;0;0;0;0;0;0;;;;0;0;0;0;0;0;0;0;0;0;0;0;0;0;0;0;0;0;0;0;0;0;0;0;Regular Season;0;0;0;0;0;0;0;0;0;0
61971;2028;11;3;Stockton Arena;0;36;37;0;0;0;0;0;0;0;0;0;0;0;0;;;;0;0;0;0;0;0;0;0;0;0;0;0;0;0;0;0;0;0;0;0;0;0;0;0;Regular Season;0;0;0;0;0;0;0;0;0;0
62157;2028;11;3;Costa Rican Airlines Arena;0;125;57;0;0;0;0;0;0;0;0;0;0;0;0;;;;0;0;0;0;0;0;0;0;0;0;0;0;0;0;0;0;0;0;0;0;0;0;0;0;Regular Season;0;0;0;0;0;0;0;0;0;0
62063;2028;11;3;Oakland Coliseum;0;40;155;0;0;0;0;0;0;0;0;0;0;0;0;;;;0;0;0;0;0;0;0;0;0;0;0;0;0;0;0;0;0;0;0;0;0;0;0;0;Regular Season;0;0;0;0;0;0;0;0;0;0
62841;2028;11;3;Lego Arena;0;53;41;0;0;0;0;0;0;0;0;0;0;0;0;;;;0;0;0;0;0;0;0;0;0;0;0;0;0;0;0;0;0;0;0;0;0;0;0;0;Regular Season;0;0;0;0;0;0;0;0;0;0
61993;2028;11;4;Dunkin' Donuts Center;0;34;60;0;0;0;0;0;0;0;0;0;0;0;0;;;;0;0;0;0;0;0;0;0;0;0;0;0;0;0;0;0;0;0;0;0;0;0;0;0;Regular Season;0;0;0;0;0;0;0;0;0;0
61982;2028;11;4;Bojangles' Coliseum;0;37;58;0;0;0;0;0;0;0;0;0;0;0;0;;;;0;0;0;0;0;0;0;0;0;0;0;0;0;0;0;0;0;0;0;0;0;0;0;0;Regular Season;0;0;0;0;0;0;0;0;0;0
62740;2028;11;4;Coca-Cola Coliseum;0;59;125;0;0;0;0;0;0;0;0;0;0;0;0;;;;0;0;0;0;0;0;0;0;0;0;0;0;0;0;0;0;0;0;0;0;0;0;0;0;Regular Season;0;0;0;0;0;0;0;0;0;0
62052;2028;11;4;Kapcsos Center;0;55;54;0;0;0;0;0;0;0;0;0;0;0;0;;;;0;0;0;0;0;0;0;0;0;0;0;0;0;0;0;0;0;0;0;0;0;0;0;0;Regular Season;0;0;0;0;0;0;0;0;0;0
62055;2028;11;4;Webster Bank Arena;0;48;56;0;0;0;0;0;0;0;0;0;0;0;0;;;;0;0;0;0;0;0;0;0;0;0;0;0;0;0;0;0;0;0;0;0;0;0;0;0;Regular Season;0;0;0;0;0;0;0;0;0;0
62116;2028;11;5;SaskTel Centre;0;43;44;0;0;0;0;0;0;0;0;0;0;0;0;;;;0;0;0;0;0;0;0;0;0;0;0;0;0;0;0;0;0;0;0;0;0;0;0;0;Regular Season;0;0;0;0;0;0;0;0;0;0
62873;2028;11;5; Arena;0;123;155;0;0;0;0;0;0;0;0;0;0;0;0;;;;0;0;0;0;0;0;0;0;0;0;0;0;0;0;0;0;0;0;0;0;0;0;0;0;Regular Season;0;0;0;0;0;0;0;0;0;0
62882;2028;11;5;Abbotsford Centre;0;57;45;0;0;0;0;0;0;0;0;0;0;0;0;;;;0;0;0;0;0;0;0;0;0;0;0;0;0;0;0;0;0;0;0;0;0;0;0;0;Regular Season;0;0;0;0;0;0;0;0;0;0
61997;2028;11;6;Costa Rican Airlines Arena;0;125;60;0;0;0;0;0;0;0;0;0;0;0;0;;;;0;0;0;0;0;0;0;0;0;0;0;0;0;0;0;0;0;0;0;0;0;0;0;0;Regular Season;0;0;0;0;0;0;0;0;0;0
62044;2028;11;6;Webster Bank Arena;0;48;47;0;0;0;0;0;0;0;0;0;0;0;0;;;;0;0;0;0;0;0;0;0;0;0;0;0;0;0;0;0;0;0;0;0;0;0;0;0;Regular Season;0;0;0;0;0;0;0;0;0;0
62005;2028;11;6;Dunkin' Donuts Center;0;34;153;0;0;0;0;0;0;0;0;0;0;0;0;;;;0;0;0;0;0;0;0;0;0;0;0;0;0;0;0;0;0;0;0;0;0;0;0;0;Regular Season;0;0;0;0;0;0;0;0;0;0
62855;2028;11;6;Lego Arena;0;53;38;0;0;0;0;0;0;0;0;0;0;0;0;;;;0;0;0;0;0;0;0;0;0;0;0;0;0;0;0;0;0;0;0;0;0;0;0;0;Regular Season;0;0;0;0;0;0;0;0;0;0
62079;2028;11;6; Arena;0;155;40;0;0;0;0;0;0;0;0;0;0;0;0;;;;0;0;0;0;0;0;0;0;0;0;0;0;0;0;0;0;0;0;0;0;0;0;0;0;Regular Season;0;0;0;0;0;0;0;0;0;0
62826;2028;11;6;Orleans Arena;0;44;58;0;0;0;0;0;0;0;0;0;0;0;0;;;;0;0;0;0;0;0;0;0;0;0;0;0;0;0;0;0;0;0;0;0;0;0;0;0;Regular Season;0;0;0;0;0;0;0;0;0;0
62021;2028;11;6;Centene Community Ice Center;0;54;32;0;0;0;0;0;0;0;0;0;0;0;0;;;;0;0;0;0;0;0;0;0;0;0;0;0;0;0;0;0;0;0;0;0;0;0;0;0;Regular Season;0;0;0;0;0;0;0;0;0;0
62075;2028;11;6;UW–Milwaukee Panther Arena;0;50;123;0;0;0;0;0;0;0;0;0;0;0;0;;;;0;0;0;0;0;0;0;0;0;0;0;0;0;0;0;0;0;0;0;0;0;0;0;0;Regular Season;0;0;0;0;0;0;0;0;0;0
62013;2028;11;7;UW–Milwaukee Panther Arena;0;50;153;0;0;0;0;0;0;0;0;0;0;0;0;;;;0;0;0;0;0;0;0;0;0;0;0;0;0;0;0;0;0;0;0;0;0;0;0;0;Regular Season;0;0;0;0;0;0;0;0;0;0
62107;2028;11;7;Oakland Coliseum;0;40;57;0;0;0;0;0;0;0;0;0;0;0;0;;;;0;0;0;0;0;0;0;0;0;0;0;0;0;0;0;0;0;0;0;0;0;0;0;0;Regular Season;0;0;0;0;0;0;0;0;0;0
62037;2028;11;7;Upstate Medical University Arena;0;32;125;0;0;0;0;0;0;0;0;0;0;0;0;;;;0;0;0;0;0;0;0;0;0;0;0;0;0;0;0;0;0;0;0;0;0;0;0;0;Regular Season;0;0;0;0;0;0;0;0;0;0
62159;2028;11;7;Place Bell;0;47;58;0;0;0;0;0;0;0;0;0;0;0;0;;;;0;0;0;0;0;0;0;0;0;0;0;0;0;0;0;0;0;0;0;0;0;0;0;0;Regular Season;0;0;0;0;0;0;0;0;0;0
62066;2028;11;7;XL Center;0;33;55;0;0;0;0;0;0;0;0;0;0;0;0;;;;0;0;0;0;0;0;0;0;0;0;0;0;0;0;0;0;0;0;0;0;0;0;0;0;Regular Season;0;0;0;0;0;0;0;0;0;0
62178;2028;11;7;Coca-Cola Coliseum;0;59;38;0;0;0;0;0;0;0;0;0;0;0;0;;;;0;0;0;0;0;0;0;0;0;0;0;0;0;0;0;0;0;0;0;0;0;0;0;0;Regular Season;0;0;0;0;0;0;0;0;0;0
62086;2028;11;7;Toyota Arena;0;45;43;0;0;0;0;0;0;0;0;0;0;0;0;;;;0;0;0;0;0;0;0;0;0;0;0;0;0;0;0;0;0;0;0;0;0;0;0;0;Regular Season;0;0;0;0;0;0;0;0;0;0
62011;2028;11;7;SAP Center;0;56;60;0;0;0;0;0;0;0;0;0;0;0;0;;;;0;0;0;0;0;0;0;0;0;0;0;0;0;0;0;0;0;0;0;0;0;0;0;0;Regular Season;0;0;0;0;0;0;0;0;0;0
62137;2028;11;7;H-E-B Center;0;41;54;0;0;0;0;0;0;0;0;0;0;0;0;;;;0;0;0;0;0;0;0;0;0;0;0;0;0;0;0;0;0;0;0;0;0;0;0;0;Regular Season;0;0;0;0;0;0;0;0;0;0
61985;2028;11;7;Stockton Arena;0;36;53;0;0;0;0;0;0;0;0;0;0;0;0;;;;0;0;0;0;0;0;0;0;0;0;0;0;0;0;0;0;0;0;0;0;0;0;0;0;Regular Season;0;0;0;0;0;0;0;0;0;0
62068;2028;11;7;Budweiser Events Center;0;62;34;0;0;0;0;0;0;0;0;0;0;0;0;;;;0;0;0;0;0;0;0;0;0;0;0;0;0;0;0;0;0;0;0;0;0;0;0;0;Regular Season;0;0;0;0;0;0;0;0;0;0
62125;2028;11;7;Webster Bank Arena;0;48;37;0;0;0;0;0;0;0;0;0;0;0;0;;;;0;0;0;0;0;0;0;0;0;0;0;0;0;0;0;0;0;0;0;0;0;0;0;0;Regular Season;0;0;0;0;0;0;0;0;0;0
62122;2028;11;8;Orleans Arena;0;44;57;0;0;0;0;0;0;0;0;0;0;0;0;;;;0;0;0;0;0;0;0;0;0;0;0;0;0;0;0;0;0;0;0;0;0;0;0;0;Regular Season;0;0;0;0;0;0;0;0;0;0
62852;2028;11;9;Costa Rican Airlines Arena;0;125;36;0;0;0;0;0;0;0;0;0;0;0;0;;;;0;0;0;0;0;0;0;0;0;0;0;0;0;0;0;0;0;0;0;0;0;0;0;0;Regular Season;0;0;0;0;0;0;0;0;0;0
62862;2028;11;9;Centene Community Ice Center;0;54;48;0;0;0;0;0;0;0;0;0;0;0;0;;;;0;0;0;0;0;0;0;0;0;0;0;0;0;0;0;0;0;0;0;0;0;0;0;0;Regular Season;0;0;0;0;0;0;0;0;0;0
62881;2028;11;9;H-E-B Center;0;41;40;0;0;0;0;0;0;0;0;0;0;0;0;;;;0;0;0;0;0;0;0;0;0;0;0;0;0;0;0;0;0;0;0;0;0;0;0;0;Regular Season;0;0;0;0;0;0;0;0;0;0
62069;2028;11;9;Dunkin' Donuts Center;0;34;155;0;0;0;0;0;0;0;0;0;0;0;0;;;;0;0;0;0;0;0;0;0;0;0;0;0;0;0;0;0;0;0;0;0;0;0;0;0;Regular Season;0;0;0;0;0;0;0;0;0;0
62041;2028;11;9;SAP Center;0;56;37;0;0;0;0;0;0;0;0;0;0;0;0;;;;0;0;0;0;0;0;0;0;0;0;0;0;0;0;0;0;0;0;0;0;0;0;0;0;Regular Season;0;0;0;0;0;0;0;0;0;0
62057;2028;11;9;Lego Arena;0;53;123;0;0;0;0;0;0;0;0;0;0;0;0;;;;0;0;0;0;0;0;0;0;0;0;0;0;0;0;0;0;0;0;0;0;0;0;0;0;Regular Season;0;0;0;0;0;0;0;0;0;0
62020;2028;11;9;XL Center;0;33;62;0;0;0;0;0;0;0;0;0;0;0;0;;;;0;0;0;0;0;0;0;0;0;0;0;0;0;0;0;0;0;0;0;0;0;0;0;0;Regular Season;0;0;0;0;0;0;0;0;0;0
62099;2028;11;9;BMO Harris Bank Center;0;38;55;0;0;0;0;0;0;0;0;0;0;0;0;;;;0;0;0;0;0;0;0;0;0;0;0;0;0;0;0;0;0;0;0;0;0;0;0;0;Regular Season;0;0;0;0;0;0;0;0;0;0
62042;2028;11;9;Place Bell;0;47;43;0;0;0;0;0;0;0;0;0;0;0;0;;;;0;0;0;0;0;0;0;0;0;0;0;0;0;0;0;0;0;0;0;0;0;0;0;0;Regular Season;0;0;0;0;0;0;0;0;0;0
62035;2028;11;10;XL Center;0;33;36;0;0;0;0;0;0;0;0;0;0;0;0;;;;0;0;0;0;0;0;0;0;0;0;0;0;0;0;0;0;0;0;0;0;0;0;0;0;Regular Season;0;0;0;0;0;0;0;0;0;0
62051;2028;11;10;H-E-B Center;0;41;45;0;0;0;0;0;0;0;0;0;0;0;0;;;;0;0;0;0;0;0;0;0;0;0;0;0;0;0;0;0;0;0;0;0;0;0;0;0;Regular Season;0;0;0;0;0;0;0;0;0;0
62853;2028;11;10;Upstate Medical University Arena;0;32;56;0;0;0;0;0;0;0;0;0;0;0;0;;;;0;0;0;0;0;0;0;0;0;0;0;0;0;0;0;0;0;0;0;0;0;0;0;0;Regular Season;0;0;0;0;0;0;0;0;0;0
62089;2028;11;10;SaskTel Centre;0;43;54;0;0;0;0;0;0;0;0;0;0;0;0;;;;0;0;0;0;0;0;0;0;0;0;0;0;0;0;0;0;0;0;0;0;0;0;0;0;Regular Season;0;0;0;0;0;0;0;0;0;0
62087;2028;11;10;Lego Arena;0;53;55;0;0;0;0;0;0;0;0;0;0;0;0;;;;0;0;0;0;0;0;0;0;0;0;0;0;0;0;0;0;0;0;0;0;0;0;0;0;Regular Season;0;0;0;0;0;0;0;0;0;0
62088;2028;11;10;Costa Rican Airlines Arena;0;125;58;0;0;0;0;0;0;0;0;0;0;0;0;;;;0;0;0;0;0;0;0;0;0;0;0;0;0;0;0;0;0;0;0;0;0;0;0;0;Regular Season;0;0;0;0;0;0;0;0;0;0
62006;2028;11;10;Orleans Arena;0;44;60;0;0;0;0;0;0;0;0;0;0;0;0;;;;0;0;0;0;0;0;0;0;0;0;0;0;0;0;0;0;0;0;0;0;0;0;0;0;Regular Season;0;0;0;0;0;0;0;0;0;0
62016;2028;11;10;UW–Milwaukee Panther Arena;0;50;153;0;0;0;0;0;0;0;0;0;0;0;0;;;;0;0;0;0;0;0;0;0;0;0;0;0;0;0;0;0;0;0;0;0;0;0;0;0;Regular Season;0;0;0;0;0;0;0;0;0;0
62424;2028;11;11;Orleans Arena;0;44;59;0;0;0;0;0;0;0;0;0;0;0;0;;;;0;0;0;0;0;0;0;0;0;0;0;0;0;0;0;0;0;0;0;0;0;0;0;0;Regular Season;0;0;0;0;0;0;0;0;0;0
62197;2028;11;11;BMO Harris Bank Center;0;38;57;0;0;0;0;0;0;0;0;0;0;0;0;;;;0;0;0;0;0;0;0;0;0;0;0;0;0;0;0;0;0;0;0;0;0;0;0;0;Regular Season;0;0;0;0;0;0;0;0;0;0
62818;2028;11;11; Arena;0;123;60;0;0;0;0;0;0;0;0;0;0;0;0;;;;0;0;0;0;0;0;0;0;0;0;0;0;0;0;0;0;0;0;0;0;0;0;0;0;Regular Season;0;0;0;0;0;0;0;0;0;0
62012;2028;11;11;Budweiser Events Center;0;62;32;0;0;0;0;0;0;0;0;0;0;0;0;;;;0;0;0;0;0;0;0;0;0;0;0;0;0;0;0;0;0;0;0;0;0;0;0;0;Regular Season;0;0;0;0;0;0;0;0;0;0
62103;2028;11;11; Arena;0;155;58;0;0;0;0;0;0;0;0;0;0;0;0;;;;0;0;0;0;0;0;0;0;0;0;0;0;0;0;0;0;0;0;0;0;0;0;0;0;Regular Season;0;0;0;0;0;0;0;0;0;0
62176;2028;11;12;Bojangles' Coliseum;0;37;48;0;0;0;0;0;0;0;0;0;0;0;0;;;;0;0;0;0;0;0;0;0;0;0;0;0;0;0;0;0;0;0;0;0;0;0;0;0;Regular Season;0;0;0;0;0;0;0;0;0;0
62002;2028;11;12;H-E-B Center;0;41;36;0;0;0;0;0;0;0;0;0;0;0;0;;;;0;0;0;0;0;0;0;0;0;0;0;0;0;0;0;0;0;0;0;0;0;0;0;0;Regular Season;0;0;0;0;0;0;0;0;0;0
62082;2028;11;12;Toyota Arena;0;45;40;0;0;0;0;0;0;0;0;0;0;0;0;;;;0;0;0;0;0;0;0;0;0;0;0;0;0;0;0;0;0;0;0;0;0;0;0;0;Regular Season;0;0;0;0;0;0;0;0;0;0
62054;2028;11;12;SAP Center;0;56;123;0;0;0;0;0;0;0;0;0;0;0;0;;;;0;0;0;0;0;0;0;0;0;0;0;0;0;0;0;0;0;0;0;0;0;0;0;0;Regular Season;0;0;0;0;0;0;0;0;0;0
62146;2028;11;13;UW–Milwaukee Panther Arena;0;50;59;0;0;0;0;0;0;0;0;0;0;0;0;;;;0;0;0;0;0;0;0;0;0;0;0;0;0;0;0;0;0;0;0;0;0;0;0;0;Regular Season;0;0;0;0;0;0;0;0;0;0
62163;2028;11;13;SaskTel Centre;0;43;155;0;0;0;0;0;0;0;0;0;0;0;0;;;;0;0;0;0;0;0;0;0;0;0;0;0;0;0;0;0;0;0;0;0;0;0;0;0;Regular Season;0;0;0;0;0;0;0;0;0;0
62061;2028;11;13;Place Bell;0;47;36;0;0;0;0;0;0;0;0;0;0;0;0;;;;0;0;0;0;0;0;0;0;0;0;0;0;0;0;0;0;0;0;0;0;0;0;0;0;Regular Season;0;0;0;0;0;0;0;0;0;0
62147;2028;11;13;Budweiser Events Center;0;62;33;0;0;0;0;0;0;0;0;0;0;0;0;;;;0;0;0;0;0;0;0;0;0;0;0;0;0;0;0;0;0;0;0;0;0;0;0;0;Regular Season;0;0;0;0;0;0;0;0;0;0
62101;2028;11;13;Lego Arena;0;53;54;0;0;0;0;0;0;0;0;0;0;0;0;;;;0;0;0;0;0;0;0;0;0;0;0;0;0;0;0;0;0;0;0;0;0;0;0;0;Regular Season;0;0;0;0;0;0;0;0;0;0
62096;2028;11;13;Bojangles' Coliseum;0;37;125;0;0;0;0;0;0;0;0;0;0;0;0;;;;0;0;0;0;0;0;0;0;0;0;0;0;0;0;0;0;0;0;0;0;0;0;0;0;Regular Season;0;0;0;0;0;0;0;0;0;0
62043;2028;11;13;Allstate Arena;0;60;58;0;0;0;0;0;0;0;0;0;0;0;0;;;;0;0;0;0;0;0;0;0;0;0;0;0;0;0;0;0;0;0;0;0;0;0;0;0;Regular Season;0;0;0;0;0;0;0;0;0;0
62111;2028;11;13;Oakland Coliseum;0;40;44;0;0;0;0;0;0;0;0;0;0;0;0;;;;0;0;0;0;0;0;0;0;0;0;0;0;0;0;0;0;0;0;0;0;0;0;0;0;Regular Season;0;0;0;0;0;0;0;0;0;0
62875;2028;11;14;Toyota Arena;0;45;58;0;0;0;0;0;0;0;0;0;0;0;0;;;;0;0;0;0;0;0;0;0;0;0;0;0;0;0;0;0;0;0;0;0;0;0;0;0;Regular Season;0;0;0;0;0;0;0;0;0;0
62076;2028;11;14;Webster Bank Arena;0;48;50;0;0;0;0;0;0;0;0;0;0;0;0;;;;0;0;0;0;0;0;0;0;0;0;0;0;0;0;0;0;0;0;0;0;0;0;0;0;Regular Season;0;0;0;0;0;0;0;0;0;0
62109;2028;11;14;Coca-Cola Coliseum;0;59;155;0;0;0;0;0;0;0;0;0;0;0;0;;;;0;0;0;0;0;0;0;0;0;0;0;0;0;0;0;0;0;0;0;0;0;0;0;0;Regular Season;0;0;0;0;0;0;0;0;0;0
62131;2028;11;14;SaskTel Centre;0;43;125;0;0;0;0;0;0;0;0;0;0;0;0;;;;0;0;0;0;0;0;0;0;0;0;0;0;0;0;0;0;0;0;0;0;0;0;0;0;Regular Season;0;0;0;0;0;0;0;0;0;0
62047;2028;11;14; Arena;0;153;123;0;0;0;0;0;0;0;0;0;0;0;0;;;;0;0;0;0;0;0;0;0;0;0;0;0;0;0;0;0;0;0;0;0;0;0;0;0;Regular Season;0;0;0;0;0;0;0;0;0;0
62023;2028;11;14;Allstate Arena;0;60;34;0;0;0;0;0;0;0;0;0;0;0;0;;;;0;0;0;0;0;0;0;0;0;0;0;0;0;0;0;0;0;0;0;0;0;0;0;0;Regular Season;0;0;0;0;0;0;0;0;0;0
62417;2028;11;14;BMO Harris Bank Center;0;38;44;0;0;0;0;0;0;0;0;0;0;0;0;;;;0;0;0;0;0;0;0;0;0;0;0;0;0;0;0;0;0;0;0;0;0;0;0;0;Regular Season;0;0;0;0;0;0;0;0;0;0
62071;2028;11;14;SAP Center;0;56;55;0;0;0;0;0;0;0;0;0;0;0;0;;;;0;0;0;0;0;0;0;0;0;0;0;0;0;0;0;0;0;0;0;0;0;0;0;0;Regular Season;0;0;0;0;0;0;0;0;0;0
62115;2028;11;14;Lego Arena;0;53;41;0;0;0;0;0;0;0;0;0;0;0;0;;;;0;0;0;0;0;0;0;0;0;0;0;0;0;0;0;0;0;0;0;0;0;0;0;0;Regular Season;0;0;0;0;0;0;0;0;0;0
62053;2028;11;15;Toyota Arena;0;45;32;0;0;0;0;0;0;0;0;0;0;0;0;;;;0;0;0;0;0;0;0;0;0;0;0;0;0;0;0;0;0;0;0;0;0;0;0;0;Regular Season;0;0;0;0;0;0;0;0;0;0
62083;2028;11;15;Centene Community Ice Center;0;54;34;0;0;0;0;0;0;0;0;0;0;0;0;;;;0;0;0;0;0;0;0;0;0;0;0;0;0;0;0;0;0;0;0;0;0;0;0;0;Regular Season;0;0;0;0;0;0;0;0;0;0
62039;2028;11;16;Allstate Arena;0;60;38;0;0;0;0;0;0;0;0;0;0;0;0;;;;0;0;0;0;0;0;0;0;0;0;0;0;0;0;0;0;0;0;0;0;0;0;0;0;Regular Season;0;0;0;0;0;0;0;0;0;0
62155;2028;11;16;Centene Community Ice Center;0;54;57;0;0;0;0;0;0;0;0;0;0;0;0;;;;0;0;0;0;0;0;0;0;0;0;0;0;0;0;0;0;0;0;0;0;0;0;0;0;Regular Season;0;0;0;0;0;0;0;0;0;0
62152;2028;11;16;Webster Bank Arena;0;48;62;0;0;0;0;0;0;0;0;0;0;0;0;;;;0;0;0;0;0;0;0;0;0;0;0;0;0;0;0;0;0;0;0;0;0;0;0;0;Regular Season;0;0;0;0;0;0;0;0;0;0
62148;2028;11;16; Arena;0;123;47;0;0;0;0;0;0;0;0;0;0;0;0;;;;0;0;0;0;0;0;0;0;0;0;0;0;0;0;0;0;0;0;0;0;0;0;0;0;Regular Season;0;0;0;0;0;0;0;0;0;0
62120;2028;11;16;H-E-B Center;0;41;155;0;0;0;0;0;0;0;0;0;0;0;0;;;;0;0;0;0;0;0;0;0;0;0;0;0;0;0;0;0;0;0;0;0;0;0;0;0;Regular Season;0;0;0;0;0;0;0;0;0;0
62100;2028;11;16;Kapcsos Center;0;55;58;0;0;0;0;0;0;0;0;0;0;0;0;;;;0;0;0;0;0;0;0;0;0;0;0;0;0;0;0;0;0;0;0;0;0;0;0;0;Regular Season;0;0;0;0;0;0;0;0;0;0
62185;2028;11;17;Webster Bank Arena;0;48;57;0;0;0;0;0;0;0;0;0;0;0;0;;;;0;0;0;0;0;0;0;0;0;0;0;0;0;0;0;0;0;0;0;0;0;0;0;0;Regular Season;0;0;0;0;0;0;0;0;0;0
62128;2028;11;17; Arena;0;123;43;0;0;0;0;0;0;0;0;0;0;0;0;;;;0;0;0;0;0;0;0;0;0;0;0;0;0;0;0;0;0;0;0;0;0;0;0;0;Regular Season;0;0;0;0;0;0;0;0;0;0
62162;2028;11;17;Coca-Cola Coliseum;0;59;47;0;0;0;0;0;0;0;0;0;0;0;0;;;;0;0;0;0;0;0;0;0;0;0;0;0;0;0;0;0;0;0;0;0;0;0;0;0;Regular Season;0;0;0;0;0;0;0;0;0;0
62124;2028;11;17;Toyota Arena;0;45;55;0;0;0;0;0;0;0;0;0;0;0;0;;;;0;0;0;0;0;0;0;0;0;0;0;0;0;0;0;0;0;0;0;0;0;0;0;0;Regular Season;0;0;0;0;0;0;0;0;0;0
62048;2028;11;17;SAP Center;0;56;36;0;0;0;0;0;0;0;0;0;0;0;0;;;;0;0;0;0;0;0;0;0;0;0;0;0;0;0;0;0;0;0;0;0;0;0;0;0;Regular Season;0;0;0;0;0;0;0;0;0;0
62242;2028;11;17;Budweiser Events Center;0;62;37;0;0;0;0;0;0;0;0;0;0;0;0;;;;0;0;0;0;0;0;0;0;0;0;0;0;0;0;0;0;0;0;0;0;0;0;0;0;Regular Season;0;0;0;0;0;0;0;0;0;0
62058;2028;11;17;Oakland Coliseum;0;40;32;0;0;0;0;0;0;0;0;0;0;0;0;;;;0;0;0;0;0;0;0;0;0;0;0;0;0;0;0;0;0;0;0;0;0;0;0;0;Regular Season;0;0;0;0;0;0;0;0;0;0
62092;2028;11;17;Dunkin' Donuts Center;0;34;41;0;0;0;0;0;0;0;0;0;0;0;0;;;;0;0;0;0;0;0;0;0;0;0;0;0;0;0;0;0;0;0;0;0;0;0;0;0;Regular Season;0;0;0;0;0;0;0;0;0;0
62226;2028;11;17;Costa Rican Airlines Arena;0;125;38;0;0;0;0;0;0;0;0;0;0;0;0;;;;0;0;0;0;0;0;0;0;0;0;0;0;0;0;0;0;0;0;0;0;0;0;0;0;Regular Season;0;0;0;0;0;0;0;0;0;0
62081;2028;11;17;Orleans Arena;0;44;153;0;0;0;0;0;0;0;0;0;0;0;0;;;;0;0;0;0;0;0;0;0;0;0;0;0;0;0;0;0;0;0;0;0;0;0;0;0;Regular Season;0;0;0;0;0;0;0;0;0;0
62142;2028;11;18;Lego Arena;0;53;37;0;0;0;0;0;0;0;0;0;0;0;0;;;;0;0;0;0;0;0;0;0;0;0;0;0;0;0;0;0;0;0;0;0;0;0;0;0;Regular Season;0;0;0;0;0;0;0;0;0;0
62085;2028;11;18;Toyota Arena;0;45;56;0;0;0;0;0;0;0;0;0;0;0;0;;;;0;0;0;0;0;0;0;0;0;0;0;0;0;0;0;0;0;0;0;0;0;0;0;0;Regular Season;0;0;0;0;0;0;0;0;0;0
62062;2028;11;18;Upstate Medical University Arena;0;32;153;0;0;0;0;0;0;0;0;0;0;0;0;;;;0;0;0;0;0;0;0;0;0;0;0;0;0;0;0;0;0;0;0;0;0;0;0;0;Regular Season;0;0;0;0;0;0;0;0;0;0
62078;2028;11;18;Oakland Coliseum;0;40;36;0;0;0;0;0;0;0;0;0;0;0;0;;;;0;0;0;0;0;0;0;0;0;0;0;0;0;0;0;0;0;0;0;0;0;0;0;0;Regular Season;0;0;0;0;0;0;0;0;0;0
62127;2028;11;18;UW–Milwaukee Panther Arena;0;50;58;0;0;0;0;0;0;0;0;0;0;0;0;;;;0;0;0;0;0;0;0;0;0;0;0;0;0;0;0;0;0;0;0;0;0;0;0;0;Regular Season;0;0;0;0;0;0;0;0;0;0
62860;2028;11;18;Orleans Arena;0;44;155;0;0;0;0;0;0;0;0;0;0;0;0;;;;0;0;0;0;0;0;0;0;0;0;0;0;0;0;0;0;0;0;0;0;0;0;0;0;Regular Season;0;0;0;0;0;0;0;0;0;0
62863;2028;11;19;Abbotsford Centre;0;57;54;0;0;0;0;0;0;0;0;0;0;0;0;;;;0;0;0;0;0;0;0;0;0;0;0;0;0;0;0;0;0;0;0;0;0;0;0;0;Regular Season;0;0;0;0;0;0;0;0;0;0
62094;2028;11;20;UW–Milwaukee Panther Arena;0;50;60;0;0;0;0;0;0;0;0;0;0;0;0;;;;0;0;0;0;0;0;0;0;0;0;0;0;0;0;0;0;0;0;0;0;0;0;0;0;Regular Season;0;0;0;0;0;0;0;0;0;0
62151;2028;11;20;Toyota Arena;0;45;62;0;0;0;0;0;0;0;0;0;0;0;0;;;;0;0;0;0;0;0;0;0;0;0;0;0;0;0;0;0;0;0;0;0;0;0;0;0;Regular Season;0;0;0;0;0;0;0;0;0;0
62073;2028;11;20;BMO Harris Bank Center;0;38;32;0;0;0;0;0;0;0;0;0;0;0;0;;;;0;0;0;0;0;0;0;0;0;0;0;0;0;0;0;0;0;0;0;0;0;0;0;0;Regular Season;0;0;0;0;0;0;0;0;0;0
62241;2028;11;20;H-E-B Center;0;41;44;0;0;0;0;0;0;0;0;0;0;0;0;;;;0;0;0;0;0;0;0;0;0;0;0;0;0;0;0;0;0;0;0;0;0;0;0;0;Regular Season;0;0;0;0;0;0;0;0;0;0
62136;2028;11;20;Abbotsford Centre;0;57;55;0;0;0;0;0;0;0;0;0;0;0;0;;;;0;0;0;0;0;0;0;0;0;0;0;0;0;0;0;0;0;0;0;0;0;0;0;0;Regular Season;0;0;0;0;0;0;0;0;0;0
62114;2028;11;20;Bojangles' Coliseum;0;37;36;0;0;0;0;0;0;0;0;0;0;0;0;;;;0;0;0;0;0;0;0;0;0;0;0;0;0;0;0;0;0;0;0;0;0;0;0;0;Regular Season;0;0;0;0;0;0;0;0;0;0
62204;2028;11;21;XL Center;0;33;123;0;0;0;0;0;0;0;0;0;0;0;0;;;;0;0;0;0;0;0;0;0;0;0;0;0;0;0;0;0;0;0;0;0;0;0;0;0;Regular Season;0;0;0;0;0;0;0;0;0;0
62130;2028;11;21;Stockton Arena;0;36;38;0;0;0;0;0;0;0;0;0;0;0;0;;;;0;0;0;0;0;0;0;0;0;0;0;0;0;0;0;0;0;0;0;0;0;0;0;0;Regular Season;0;0;0;0;0;0;0;0;0;0
62199;2028;11;21;SaskTel Centre;0;43;62;0;0;0;0;0;0;0;0;0;0;0;0;;;;0;0;0;0;0;0;0;0;0;0;0;0;0;0;0;0;0;0;0;0;0;0;0;0;Regular Season;0;0;0;0;0;0;0;0;0;0
62084;2028;11;21; Arena;0;153;32;0;0;0;0;0;0;0;0;0;0;0;0;;;;0;0;0;0;0;0;0;0;0;0;0;0;0;0;0;0;0;0;0;0;0;0;0;0;Regular Season;0;0;0;0;0;0;0;0;0;0
62143;2028;11;21;Kapcsos Center;0;55;45;0;0;0;0;0;0;0;0;0;0;0;0;;;;0;0;0;0;0;0;0;0;0;0;0;0;0;0;0;0;0;0;0;0;0;0;0;0;Regular Season;0;0;0;0;0;0;0;0;0;0
62077;2028;11;21;Allstate Arena;0;60;41;0;0;0;0;0;0;0;0;0;0;0;0;;;;0;0;0;0;0;0;0;0;0;0;0;0;0;0;0;0;0;0;0;0;0;0;0;0;Regular Season;0;0;0;0;0;0;0;0;0;0
62164;2028;11;21;SAP Center;0;56;47;0;0;0;0;0;0;0;0;0;0;0;0;;;;0;0;0;0;0;0;0;0;0;0;0;0;0;0;0;0;0;0;0;0;0;0;0;0;Regular Season;0;0;0;0;0;0;0;0;0;0
62113;2028;11;21;Dunkin' Donuts Center;0;34;54;0;0;0;0;0;0;0;0;0;0;0;0;;;;0;0;0;0;0;0;0;0;0;0;0;0;0;0;0;0;0;0;0;0;0;0;0;0;Regular Season;0;0;0;0;0;0;0;0;0;0
62179;2028;11;21; Arena;0;155;53;0;0;0;0;0;0;0;0;0;0;0;0;;;;0;0;0;0;0;0;0;0;0;0;0;0;0;0;0;0;0;0;0;0;0;0;0;0;Regular Season;0;0;0;0;0;0;0;0;0;0
62091;2028;11;22; Arena;0;153;58;0;0;0;0;0;0;0;0;0;0;0;0;;;;0;0;0;0;0;0;0;0;0;0;0;0;0;0;0;0;0;0;0;0;0;0;0;0;Regular Season;0;0;0;0;0;0;0;0;0;0
62334;2028;11;22; Arena;0;123;59;0;0;0;0;0;0;0;0;0;0;0;0;;;;0;0;0;0;0;0;0;0;0;0;0;0;0;0;0;0;0;0;0;0;0;0;0;0;Regular Season;0;0;0;0;0;0;0;0;0;0
62257;2028;11;22;XL Center;0;33;54;0;0;0;0;0;0;0;0;0;0;0;0;;;;0;0;0;0;0;0;0;0;0;0;0;0;0;0;0;0;0;0;0;0;0;0;0;0;Regular Season;0;0;0;0;0;0;0;0;0;0
62090;2028;11;23;Allstate Arena;0;60;155;0;0;0;0;0;0;0;0;0;0;0;0;;;;0;0;0;0;0;0;0;0;0;0;0;0;0;0;0;0;0;0;0;0;0;0;0;0;Regular Season;0;0;0;0;0;0;0;0;0;0
62093;2028;11;23;SAP Center;0;56;32;0;0;0;0;0;0;0;0;0;0;0;0;;;;0;0;0;0;0;0;0;0;0;0;0;0;0;0;0;0;0;0;0;0;0;0;0;0;Regular Season;0;0;0;0;0;0;0;0;0;0
62117;2028;11;23;Bojangles' Coliseum;0;37;34;0;0;0;0;0;0;0;0;0;0;0;0;;;;0;0;0;0;0;0;0;0;0;0;0;0;0;0;0;0;0;0;0;0;0;0;0;0;Regular Season;0;0;0;0;0;0;0;0;0;0
62112;2028;11;23;SaskTel Centre;0;43;40;0;0;0;0;0;0;0;0;0;0;0;0;;;;0;0;0;0;0;0;0;0;0;0;0;0;0;0;0;0;0;0;0;0;0;0;0;0;Regular Season;0;0;0;0;0;0;0;0;0;0
62149;2028;11;23;Toyota Arena;0;45;44;0;0;0;0;0;0;0;0;0;0;0;0;;;;0;0;0;0;0;0;0;0;0;0;0;0;0;0;0;0;0;0;0;0;0;0;0;0;Regular Season;0;0;0;0;0;0;0;0;0;0
62141;2028;11;23;BMO Harris Bank Center;0;38;58;0;0;0;0;0;0;0;0;0;0;0;0;;;;0;0;0;0;0;0;0;0;0;0;0;0;0;0;0;0;0;0;0;0;0;0;0;0;Regular Season;0;0;0;0;0;0;0;0;0;0
62166;2028;11;23;Kapcsos Center;0;55;48;0;0;0;0;0;0;0;0;0;0;0;0;;;;0;0;0;0;0;0;0;0;0;0;0;0;0;0;0;0;0;0;0;0;0;0;0;0;Regular Season;0;0;0;0;0;0;0;0;0;0
62201;2028;11;24;Webster Bank Arena;0;48;62;0;0;0;0;0;0;0;0;0;0;0;0;;;;0;0;0;0;0;0;0;0;0;0;0;0;0;0;0;0;0;0;0;0;0;0;0;0;Regular Season;0;0;0;0;0;0;0;0;0;0
62200;2028;11;24;Costa Rican Airlines Arena;0;125;43;0;0;0;0;0;0;0;0;0;0;0;0;;;;0;0;0;0;0;0;0;0;0;0;0;0;0;0;0;0;0;0;0;0;0;0;0;0;Regular Season;0;0;0;0;0;0;0;0;0;0
62180;2028;11;24;Lego Arena;0;53;44;0;0;0;0;0;0;0;0;0;0;0;0;;;;0;0;0;0;0;0;0;0;0;0;0;0;0;0;0;0;0;0;0;0;0;0;0;0;Regular Season;0;0;0;0;0;0;0;0;0;0
62123;2028;11;24;Bojangles' Coliseum;0;37;41;0;0;0;0;0;0;0;0;0;0;0;0;;;;0;0;0;0;0;0;0;0;0;0;0;0;0;0;0;0;0;0;0;0;0;0;0;0;Regular Season;0;0;0;0;0;0;0;0;0;0
62465;2028;11;24;XL Center;0;33;59;0;0;0;0;0;0;0;0;0;0;0;0;;;;0;0;0;0;0;0;0;0;0;0;0;0;0;0;0;0;0;0;0;0;0;0;0;0;Regular Season;0;0;0;0;0;0;0;0;0;0
62132;2028;11;24; Arena;0;123;36;0;0;0;0;0;0;0;0;0;0;0;0;;;;0;0;0;0;0;0;0;0;0;0;0;0;0;0;0;0;0;0;0;0;0;0;0;0;Regular Season;0;0;0;0;0;0;0;0;0;0
62104;2028;11;24; Arena;0;153;47;0;0;0;0;0;0;0;0;0;0;0;0;;;;0;0;0;0;0;0;0;0;0;0;0;0;0;0;0;0;0;0;0;0;0;0;0;0;Regular Season;0;0;0;0;0;0;0;0;0;0
62139;2028;11;25;Pechanga Arena;0;58;125;0;0;0;0;0;0;0;0;0;0;0;0;;;;0;0;0;0;0;0;0;0;0;0;0;0;0;0;0;0;0;0;0;0;0;0;0;0;Regular Season;0;0;0;0;0;0;0;0;0;0
62119;2028;11;25;Abbotsford Centre;0;57;40;0;0;0;0;0;0;0;0;0;0;0;0;;;;0;0;0;0;0;0;0;0;0;0;0;0;0;0;0;0;0;0;0;0;0;0;0;0;Regular Season;0;0;0;0;0;0;0;0;0;0
62118;2028;11;25;Dunkin' Donuts Center;0;34;50;0;0;0;0;0;0;0;0;0;0;0;0;;;;0;0;0;0;0;0;0;0;0;0;0;0;0;0;0;0;0;0;0;0;0;0;0;0;Regular Season;0;0;0;0;0;0;0;0;0;0
62210;2028;11;25; Arena;0;155;59;0;0;0;0;0;0;0;0;0;0;0;0;;;;0;0;0;0;0;0;0;0;0;0;0;0;0;0;0;0;0;0;0;0;0;0;0;0;Regular Season;0;0;0;0;0;0;0;0;0;0
62877;2028;11;26;Dunkin' Donuts Center;0;34;32;0;0;0;0;0;0;0;0;0;0;0;0;;;;0;0;0;0;0;0;0;0;0;0;0;0;0;0;0;0;0;0;0;0;0;0;0;0;Regular Season;0;0;0;0;0;0;0;0;0;0
62144;2028;11;26;Abbotsford Centre;0;57;36;0;0;0;0;0;0;0;0;0;0;0;0;;;;0;0;0;0;0;0;0;0;0;0;0;0;0;0;0;0;0;0;0;0;0;0;0;0;Regular Season;0;0;0;0;0;0;0;0;0;0
62228;2028;11;26;Webster Bank Arena;0;48;53;0;0;0;0;0;0;0;0;0;0;0;0;;;;0;0;0;0;0;0;0;0;0;0;0;0;0;0;0;0;0;0;0;0;0;0;0;0;Regular Season;0;0;0;0;0;0;0;0;0;0
62133;2028;11;26;UW–Milwaukee Panther Arena;0;50;40;0;0;0;0;0;0;0;0;0;0;0;0;;;;0;0;0;0;0;0;0;0;0;0;0;0;0;0;0;0;0;0;0;0;0;0;0;0;Regular Season;0;0;0;0;0;0;0;0;0;0
62129;2028;11;26;Place Bell;0;47;56;0;0;0;0;0;0;0;0;0;0;0;0;;;;0;0;0;0;0;0;0;0;0;0;0;0;0;0;0;0;0;0;0;0;0;0;0;0;Regular Season;0;0;0;0;0;0;0;0;0;0
62225;2028;11;27; Arena;0;155;33;0;0;0;0;0;0;0;0;0;0;0;0;;;;0;0;0;0;0;0;0;0;0;0;0;0;0;0;0;0;0;0;0;0;0;0;0;0;Regular Season;0;0;0;0;0;0;0;0;0;0
62202;2028;11;27;SaskTel Centre;0;43;45;0;0;0;0;0;0;0;0;0;0;0;0;;;;0;0;0;0;0;0;0;0;0;0;0;0;0;0;0;0;0;0;0;0;0;0;0;0;Regular Season;0;0;0;0;0;0;0;0;0;0
62140;2028;11;27;Kapcsos Center;0;55;123;0;0;0;0;0;0;0;0;0;0;0;0;;;;0;0;0;0;0;0;0;0;0;0;0;0;0;0;0;0;0;0;0;0;0;0;0;0;Regular Season;0;0;0;0;0;0;0;0;0;0
62102;2028;11;27;Allstate Arena;0;60;41;0;0;0;0;0;0;0;0;0;0;0;0;;;;0;0;0;0;0;0;0;0;0;0;0;0;0;0;0;0;0;0;0;0;0;0;0;0;Regular Season;0;0;0;0;0;0;0;0;0;0
62183;2028;11;27;Webster Bank Arena;0;48;37;0;0;0;0;0;0;0;0;0;0;0;0;;;;0;0;0;0;0;0;0;0;0;0;0;0;0;0;0;0;0;0;0;0;0;0;0;0;Regular Season;0;0;0;0;0;0;0;0;0;0
62150;2028;11;27;Place Bell;0;47;153;0;0;0;0;0;0;0;0;0;0;0;0;;;;0;0;0;0;0;0;0;0;0;0;0;0;0;0;0;0;0;0;0;0;0;0;0;0;Regular Season;0;0;0;0;0;0;0;0;0;0
62278;2028;11;28;Costa Rican Airlines Arena;0;125;41;0;0;0;0;0;0;0;0;0;0;0;0;;;;0;0;0;0;0;0;0;0;0;0;0;0;0;0;0;0;0;0;0;0;0;0;0;0;Regular Season;0;0;0;0;0;0;0;0;0;0
62161;2028;11;28;Pechanga Arena;0;58;54;0;0;0;0;0;0;0;0;0;0;0;0;;;;0;0;0;0;0;0;0;0;0;0;0;0;0;0;0;0;0;0;0;0;0;0;0;0;Regular Season;0;0;0;0;0;0;0;0;0;0
62121;2028;11;28;XL Center;0;33;32;0;0;0;0;0;0;0;0;0;0;0;0;;;;0;0;0;0;0;0;0;0;0;0;0;0;0;0;0;0;0;0;0;0;0;0;0;0;Regular Season;0;0;0;0;0;0;0;0;0;0
62154;2028;11;28;BMO Harris Bank Center;0;38;36;0;0;0;0;0;0;0;0;0;0;0;0;;;;0;0;0;0;0;0;0;0;0;0;0;0;0;0;0;0;0;0;0;0;0;0;0;0;Regular Season;0;0;0;0;0;0;0;0;0;0
62181;2028;11;28; Arena;0;153;50;0;0;0;0;0;0;0;0;0;0;0;0;;;;0;0;0;0;0;0;0;0;0;0;0;0;0;0;0;0;0;0;0;0;0;0;0;0;Regular Season;0;0;0;0;0;0;0;0;0;0
62134;2028;11;28;Oakland Coliseum;0;40;56;0;0;0;0;0;0;0;0;0;0;0;0;;;;0;0;0;0;0;0;0;0;0;0;0;0;0;0;0;0;0;0;0;0;0;0;0;0;Regular Season;0;0;0;0;0;0;0;0;0;0
62126;2028;11;28;Bojangles' Coliseum;0;37;34;0;0;0;0;0;0;0;0;0;0;0;0;;;;0;0;0;0;0;0;0;0;0;0;0;0;0;0;0;0;0;0;0;0;0;0;0;0;Regular Season;0;0;0;0;0;0;0;0;0;0
62218;2028;11;28;Orleans Arena;0;44;60;0;0;0;0;0;0;0;0;0;0;0;0;;;;0;0;0;0;0;0;0;0;0;0;0;0;0;0;0;0;0;0;0;0;0;0;0;0;Regular Season;0;0;0;0;0;0;0;0;0;0
62787;2028;11;28;Budweiser Events Center;0;62;53;0;0;0;0;0;0;0;0;0;0;0;0;;;;0;0;0;0;0;0;0;0;0;0;0;0;0;0;0;0;0;0;0;0;0;0;0;0;Regular Season;0;0;0;0;0;0;0;0;0;0
62192;2028;11;28;SaskTel Centre;0;43;57;0;0;0;0;0;0;0;0;0;0;0;0;;;;0;0;0;0;0;0;0;0;0;0;0;0;0;0;0;0;0;0;0;0;0;0;0;0;Regular Season;0;0;0;0;0;0;0;0;0;0
62158;2028;11;30;H-E-B Center;0;41;40;0;0;0;0;0;0;0;0;0;0;0;0;;;;0;0;0;0;0;0;0;0;0;0;0;0;0;0;0;0;0;0;0;0;0;0;0;0;Regular Season;0;0;0;0;0;0;0;0;0;0
62145;2028;11;30;Dunkin' Donuts Center;0;34;62;0;0;0;0;0;0;0;0;0;0;0;0;;;;0;0;0;0;0;0;0;0;0;0;0;0;0;0;0;0;0;0;0;0;0;0;0;0;Regular Season;0;0;0;0;0;0;0;0;0;0
62196;2028;11;30; Arena;0;155;60;0;0;0;0;0;0;0;0;0;0;0;0;;;;0;0;0;0;0;0;0;0;0;0;0;0;0;0;0;0;0;0;0;0;0;0;0;0;Regular Season;0;0;0;0;0;0;0;0;0;0
62153;2028;11;30;Coca-Cola Coliseum;0;59;32;0;0;0;0;0;0;0;0;0;0;0;0;;;;0;0;0;0;0;0;0;0;0;0;0;0;0;0;0;0;0;0;0;0;0;0;0;0;Regular Season;0;0;0;0;0;0;0;0;0;0
62189;2028;11;30;Stockton Arena;0;36;45;0;0;0;0;0;0;0;0;0;0;0;0;;;;0;0;0;0;0;0;0;0;0;0;0;0;0;0;0;0;0;0;0;0;0;0;0;0;Regular Season;0;0;0;0;0;0;0;0;0;0
62172;2028;11;30;Centene Community Ice Center;0;54;153;0;0;0;0;0;0;0;0;0;0;0;0;;;;0;0;0;0;0;0;0;0;0;0;0;0;0;0;0;0;0;0;0;0;0;0;0;0;Regular Season;0;0;0;0;0;0;0;0;0;0
62156;2028;11;30;BMO Harris Bank Center;0;38;123;0;0;0;0;0;0;0;0;0;0;0;0;;;;0;0;0;0;0;0;0;0;0;0;0;0;0;0;0;0;0;0;0;0;0;0;0;0;Regular Season;0;0;0;0;0;0;0;0;0;0
62203;2028;11;30;Place Bell;0;47;33;0;0;0;0;0;0;0;0;0;0;0;0;;;;0;0;0;0;0;0;0;0;0;0;0;0;0;0;0;0;0;0;0;0;0;0;0;0;Regular Season;0;0;0;0;0;0;0;0;0;0
62191;2028;11;30;Pechanga Arena;0;58;44;0;0;0;0;0;0;0;0;0;0;0;0;;;;0;0;0;0;0;0;0;0;0;0;0;0;0;0;0;0;0;0;0;0;0;0;0;0;Regular Season;0;0;0;0;0;0;0;0;0;0
62233;2028;11;30;Kapcsos Center;0;55;125;0;0;0;0;0;0;0;0;0;0;0;0;;;;0;0;0;0;0;0;0;0;0;0;0;0;0;0;0;0;0;0;0;0;0;0;0;0;Regular Season;0;0;0;0;0;0;0;0;0;0
62243;2028;12;1;Orleans Arena;0;44;125;0;0;0;0;0;0;0;0;0;0;0;0;;;;0;0;0;0;0;0;0;0;0;0;0;0;0;0;0;0;0;0;0;0;0;0;0;0;Regular Season;0;0;0;0;0;0;0;0;0;0
62165;2028;12;1;Oakland Coliseum;0;40;58;0;0;0;0;0;0;0;0;0;0;0;0;;;;0;0;0;0;0;0;0;0;0;0;0;0;0;0;0;0;0;0;0;0;0;0;0;0;Regular Season;0;0;0;0;0;0;0;0;0;0
62188;2028;12;1;Place Bell;0;47;56;0;0;0;0;0;0;0;0;0;0;0;0;;;;0;0;0;0;0;0;0;0;0;0;0;0;0;0;0;0;0;0;0;0;0;0;0;0;Regular Season;0;0;0;0;0;0;0;0;0;0
62375;2028;12;1;Bojangles' Coliseum;0;37;54;0;0;0;0;0;0;0;0;0;0;0;0;;;;0;0;0;0;0;0;0;0;0;0;0;0;0;0;0;0;0;0;0;0;0;0;0;0;Regular Season;0;0;0;0;0;0;0;0;0;0
62348;2028;12;1;Budweiser Events Center;0;62;48;0;0;0;0;0;0;0;0;0;0;0;0;;;;0;0;0;0;0;0;0;0;0;0;0;0;0;0;0;0;0;0;0;0;0;0;0;0;Regular Season;0;0;0;0;0;0;0;0;0;0
62186;2028;12;1; Arena;0;155;38;0;0;0;0;0;0;0;0;0;0;0;0;;;;0;0;0;0;0;0;0;0;0;0;0;0;0;0;0;0;0;0;0;0;0;0;0;0;Regular Season;0;0;0;0;0;0;0;0;0;0
62160;2028;12;1;Upstate Medical University Arena;0;32;55;0;0;0;0;0;0;0;0;0;0;0;0;;;;0;0;0;0;0;0;0;0;0;0;0;0;0;0;0;0;0;0;0;0;0;0;0;0;Regular Season;0;0;0;0;0;0;0;0;0;0
62169;2028;12;1;UW–Milwaukee Panther Arena;0;50;59;0;0;0;0;0;0;0;0;0;0;0;0;;;;0;0;0;0;0;0;0;0;0;0;0;0;0;0;0;0;0;0;0;0;0;0;0;0;Regular Season;0;0;0;0;0;0;0;0;0;0
62177;2028;12;2;Stockton Arena;0;36;34;0;0;0;0;0;0;0;0;0;0;0;0;;;;0;0;0;0;0;0;0;0;0;0;0;0;0;0;0;0;0;0;0;0;0;0;0;0;Regular Season;0;0;0;0;0;0;0;0;0;0
62230;2028;12;2;Toyota Arena;0;45;57;0;0;0;0;0;0;0;0;0;0;0;0;;;;0;0;0;0;0;0;0;0;0;0;0;0;0;0;0;0;0;0;0;0;0;0;0;0;Regular Season;0;0;0;0;0;0;0;0;0;0
62205;2028;12;2;Lego Arena;0;53;43;0;0;0;0;0;0;0;0;0;0;0;0;;;;0;0;0;0;0;0;0;0;0;0;0;0;0;0;0;0;0;0;0;0;0;0;0;0;Regular Season;0;0;0;0;0;0;0;0;0;0
62174;2028;12;2;SAP Center;0;56;50;0;0;0;0;0;0;0;0;0;0;0;0;;;;0;0;0;0;0;0;0;0;0;0;0;0;0;0;0;0;0;0;0;0;0;0;0;0;Regular Season;0;0;0;0;0;0;0;0;0;0
62874;2028;12;3;Lego Arena;0;53;32;0;0;0;0;0;0;0;0;0;0;0;0;;;;0;0;0;0;0;0;0;0;0;0;0;0;0;0;0;0;0;0;0;0;0;0;0;0;Regular Season;0;0;0;0;0;0;0;0;0;0
62263;2028;12;3;Coca-Cola Coliseum;0;59;57;0;0;0;0;0;0;0;0;0;0;0;0;;;;0;0;0;0;0;0;0;0;0;0;0;0;0;0;0;0;0;0;0;0;0;0;0;0;Regular Season;0;0;0;0;0;0;0;0;0;0
62880;2028;12;3;Centene Community Ice Center;0;54;37;0;0;0;0;0;0;0;0;0;0;0;0;;;;0;0;0;0;0;0;0;0;0;0;0;0;0;0;0;0;0;0;0;0;0;0;0;0;Regular Season;0;0;0;0;0;0;0;0;0;0
62260;2028;12;3;Webster Bank Arena;0;48;123;0;0;0;0;0;0;0;0;0;0;0;0;;;;0;0;0;0;0;0;0;0;0;0;0;0;0;0;0;0;0;0;0;0;0;0;0;0;Regular Season;0;0;0;0;0;0;0;0;0;0
62261;2028;12;4;SaskTel Centre;0;43;44;0;0;0;0;0;0;0;0;0;0;0;0;;;;0;0;0;0;0;0;0;0;0;0;0;0;0;0;0;0;0;0;0;0;0;0;0;0;Regular Season;0;0;0;0;0;0;0;0;0;0
62220;2028;12;4;SAP Center;0;56;125;0;0;0;0;0;0;0;0;0;0;0;0;;;;0;0;0;0;0;0;0;0;0;0;0;0;0;0;0;0;0;0;0;0;0;0;0;0;Regular Season;0;0;0;0;0;0;0;0;0;0
62300;2028;12;5; Arena;0;155;60;0;0;0;0;0;0;0;0;0;0;0;0;;;;0;0;0;0;0;0;0;0;0;0;0;0;0;0;0;0;0;0;0;0;0;0;0;0;Regular Season;0;0;0;0;0;0;0;0;0;0
62173;2028;12;5;Upstate Medical University Arena;0;32;45;0;0;0;0;0;0;0;0;0;0;0;0;;;;0;0;0;0;0;0;0;0;0;0;0;0;0;0;0;0;0;0;0;0;0;0;0;0;Regular Season;0;0;0;0;0;0;0;0;0;0
62168;2028;12;5;Bojangles' Coliseum;0;37;123;0;0;0;0;0;0;0;0;0;0;0;0;;;;0;0;0;0;0;0;0;0;0;0;0;0;0;0;0;0;0;0;0;0;0;0;0;0;Regular Season;0;0;0;0;0;0;0;0;0;0
62167;2028;12;5;Oakland Coliseum;0;40;53;0;0;0;0;0;0;0;0;0;0;0;0;;;;0;0;0;0;0;0;0;0;0;0;0;0;0;0;0;0;0;0;0;0;0;0;0;0;Regular Season;0;0;0;0;0;0;0;0;0;0
62265;2028;12;5;Abbotsford Centre;0;57;43;0;0;0;0;0;0;0;0;0;0;0;0;;;;0;0;0;0;0;0;0;0;0;0;0;0;0;0;0;0;0;0;0;0;0;0;0;0;Regular Season;0;0;0;0;0;0;0;0;0;0
62214;2028;12;5;Dunkin' Donuts Center;0;34;55;0;0;0;0;0;0;0;0;0;0;0;0;;;;0;0;0;0;0;0;0;0;0;0;0;0;0;0;0;0;0;0;0;0;0;0;0;0;Regular Season;0;0;0;0;0;0;0;0;0;0
62222;2028;12;5;BMO Harris Bank Center;0;38;41;0;0;0;0;0;0;0;0;0;0;0;0;;;;0;0;0;0;0;0;0;0;0;0;0;0;0;0;0;0;0;0;0;0;0;0;0;0;Regular Season;0;0;0;0;0;0;0;0;0;0
62207;2028;12;5;Centene Community Ice Center;0;54;58;0;0;0;0;0;0;0;0;0;0;0;0;;;;0;0;0;0;0;0;0;0;0;0;0;0;0;0;0;0;0;0;0;0;0;0;0;0;Regular Season;0;0;0;0;0;0;0;0;0;0
62184;2028;12;5;XL Center;0;33;50;0;0;0;0;0;0;0;0;0;0;0;0;;;;0;0;0;0;0;0;0;0;0;0;0;0;0;0;0;0;0;0;0;0;0;0;0;0;Regular Season;0;0;0;0;0;0;0;0;0;0
62251;2028;12;5; Arena;0;153;59;0;0;0;0;0;0;0;0;0;0;0;0;;;;0;0;0;0;0;0;0;0;0;0;0;0;0;0;0;0;0;0;0;0;0;0;0;0;Regular Season;0;0;0;0;0;0;0;0;0;0
62237;2028;12;5;Place Bell;0;47;48;0;0;0;0;0;0;0;0;0;0;0;0;;;;0;0;0;0;0;0;0;0;0;0;0;0;0;0;0;0;0;0;0;0;0;0;0;0;Regular Season;0;0;0;0;0;0;0;0;0;0
62171;2028;12;6;Place Bell;0;47;32;0;0;0;0;0;0;0;0;0;0;0;0;;;;0;0;0;0;0;0;0;0;0;0;0;0;0;0;0;0;0;0;0;0;0;0;0;0;Regular Season;0;0;0;0;0;0;0;0;0;0
62219;2028;12;6;Toyota Arena;0;45;36;0;0;0;0;0;0;0;0;0;0;0;0;;;;0;0;0;0;0;0;0;0;0;0;0;0;0;0;0;0;0;0;0;0;0;0;0;0;Regular Season;0;0;0;0;0;0;0;0;0;0
62217;2028;12;6;Pechanga Arena;0;58;57;0;0;0;0;0;0;0;0;0;0;0;0;;;;0;0;0;0;0;0;0;0;0;0;0;0;0;0;0;0;0;0;0;0;0;0;0;0;Regular Season;0;0;0;0;0;0;0;0;0;0
62249;2028;12;6; Arena;0;153;54;0;0;0;0;0;0;0;0;0;0;0;0;;;;0;0;0;0;0;0;0;0;0;0;0;0;0;0;0;0;0;0;0;0;0;0;0;0;Regular Season;0;0;0;0;0;0;0;0;0;0
62223;2028;12;6;XL Center;0;33;56;0;0;0;0;0;0;0;0;0;0;0;0;;;;0;0;0;0;0;0;0;0;0;0;0;0;0;0;0;0;0;0;0;0;0;0;0;0;Regular Season;0;0;0;0;0;0;0;0;0;0
62182;2028;12;7;UW–Milwaukee Panther Arena;0;50;36;0;0;0;0;0;0;0;0;0;0;0;0;;;;0;0;0;0;0;0;0;0;0;0;0;0;0;0;0;0;0;0;0;0;0;0;0;0;Regular Season;0;0;0;0;0;0;0;0;0;0
62366;2028;12;7;Orleans Arena;0;44;41;0;0;0;0;0;0;0;0;0;0;0;0;;;;0;0;0;0;0;0;0;0;0;0;0;0;0;0;0;0;0;0;0;0;0;0;0;0;Regular Season;0;0;0;0;0;0;0;0;0;0
62208;2028;12;7;Dunkin' Donuts Center;0;34;53;0;0;0;0;0;0;0;0;0;0;0;0;;;;0;0;0;0;0;0;0;0;0;0;0;0;0;0;0;0;0;0;0;0;0;0;0;0;Regular Season;0;0;0;0;0;0;0;0;0;0
62175;2028;12;7;Oakland Coliseum;0;40;125;0;0;0;0;0;0;0;0;0;0;0;0;;;;0;0;0;0;0;0;0;0;0;0;0;0;0;0;0;0;0;0;0;0;0;0;0;0;Regular Season;0;0;0;0;0;0;0;0;0;0
62262;2028;12;7;Coca-Cola Coliseum;0;59;43;0;0;0;0;0;0;0;0;0;0;0;0;;;;0;0;0;0;0;0;0;0;0;0;0;0;0;0;0;0;0;0;0;0;0;0;0;0;Regular Season;0;0;0;0;0;0;0;0;0;0
62264;2028;12;7; Arena;0;155;123;0;0;0;0;0;0;0;0;0;0;0;0;;;;0;0;0;0;0;0;0;0;0;0;0;0;0;0;0;0;0;0;0;0;0;0;0;0;Regular Season;0;0;0;0;0;0;0;0;0;0
62268;2028;12;7;BMO Harris Bank Center;0;38;48;0;0;0;0;0;0;0;0;0;0;0;0;;;;0;0;0;0;0;0;0;0;0;0;0;0;0;0;0;0;0;0;0;0;0;0;0;0;Regular Season;0;0;0;0;0;0;0;0;0;0
62211;2028;12;8; Arena;0;155;57;0;0;0;0;0;0;0;0;0;0;0;0;;;;0;0;0;0;0;0;0;0;0;0;0;0;0;0;0;0;0;0;0;0;0;0;0;0;Regular Season;0;0;0;0;0;0;0;0;0;0
62209;2028;12;8;Orleans Arena;0;44;32;0;0;0;0;0;0;0;0;0;0;0;0;;;;0;0;0;0;0;0;0;0;0;0;0;0;0;0;0;0;0;0;0;0;0;0;0;0;Regular Season;0;0;0;0;0;0;0;0;0;0
62190;2028;12;8;Bojangles' Coliseum;0;37;50;0;0;0;0;0;0;0;0;0;0;0;0;;;;0;0;0;0;0;0;0;0;0;0;0;0;0;0;0;0;0;0;0;0;0;0;0;0;Regular Season;0;0;0;0;0;0;0;0;0;0
62232;2028;12;8;Pechanga Arena;0;58;53;0;0;0;0;0;0;0;0;0;0;0;0;;;;0;0;0;0;0;0;0;0;0;0;0;0;0;0;0;0;0;0;0;0;0;0;0;0;Regular Season;0;0;0;0;0;0;0;0;0;0
62304;2028;12;8;Coca-Cola Coliseum;0;59;62;0;0;0;0;0;0;0;0;0;0;0;0;;;;0;0;0;0;0;0;0;0;0;0;0;0;0;0;0;0;0;0;0;0;0;0;0;0;Regular Season;0;0;0;0;0;0;0;0;0;0
62239;2028;12;8;Kapcsos Center;0;55;47;0;0;0;0;0;0;0;0;0;0;0;0;;;;0;0;0;0;0;0;0;0;0;0;0;0;0;0;0;0;0;0;0;0;0;0;0;0;Regular Season;0;0;0;0;0;0;0;0;0;0
62229;2028;12;8;Allstate Arena;0;60;33;0;0;0;0;0;0;0;0;0;0;0;0;;;;0;0;0;0;0;0;0;0;0;0;0;0;0;0;0;0;0;0;0;0;0;0;0;0;Regular Season;0;0;0;0;0;0;0;0;0;0
62215;2028;12;8; Arena;0;153;125;0;0;0;0;0;0;0;0;0;0;0;0;;;;0;0;0;0;0;0;0;0;0;0;0;0;0;0;0;0;0;0;0;0;0;0;0;0;Regular Season;0;0;0;0;0;0;0;0;0;0
62187;2028;12;8;Toyota Arena;0;45;40;0;0;0;0;0;0;0;0;0;0;0;0;;;;0;0;0;0;0;0;0;0;0;0;0;0;0;0;0;0;0;0;0;0;0;0;0;0;Regular Season;0;0;0;0;0;0;0;0;0;0
62301;2028;12;9; Arena;0;123;34;0;0;0;0;0;0;0;0;0;0;0;0;;;;0;0;0;0;0;0;0;0;0;0;0;0;0;0;0;0;0;0;0;0;0;0;0;0;Regular Season;0;0;0;0;0;0;0;0;0;0
62271;2028;12;9;Allstate Arena;0;60;38;0;0;0;0;0;0;0;0;0;0;0;0;;;;0;0;0;0;0;0;0;0;0;0;0;0;0;0;0;0;0;0;0;0;0;0;0;0;Regular Season;0;0;0;0;0;0;0;0;0;0
62796;2028;12;9; Arena;0;153;32;0;0;0;0;0;0;0;0;0;0;0;0;;;;0;0;0;0;0;0;0;0;0;0;0;0;0;0;0;0;0;0;0;0;0;0;0;0;Regular Season;0;0;0;0;0;0;0;0;0;0
62724;2028;12;9;Budweiser Events Center;0;62;48;0;0;0;0;0;0;0;0;0;0;0;0;;;;0;0;0;0;0;0;0;0;0;0;0;0;0;0;0;0;0;0;0;0;0;0;0;0;Regular Season;0;0;0;0;0;0;0;0;0;0
62240;2028;12;9;Stockton Arena;0;36;41;0;0;0;0;0;0;0;0;0;0;0;0;;;;0;0;0;0;0;0;0;0;0;0;0;0;0;0;0;0;0;0;0;0;0;0;0;0;Regular Season;0;0;0;0;0;0;0;0;0;0
62480;2028;12;9;SaskTel Centre;0;43;45;0;0;0;0;0;0;0;0;0;0;0;0;;;;0;0;0;0;0;0;0;0;0;0;0;0;0;0;0;0;0;0;0;0;0;0;0;0;Regular Season;0;0;0;0;0;0;0;0;0;0
62246;2028;12;9;Kapcsos Center;0;55;37;0;0;0;0;0;0;0;0;0;0;0;0;;;;0;0;0;0;0;0;0;0;0;0;0;0;0;0;0;0;0;0;0;0;0;0;0;0;Regular Season;0;0;0;0;0;0;0;0;0;0
62732;2028;12;10;XL Center;0;33;155;0;0;0;0;0;0;0;0;0;0;0;0;;;;0;0;0;0;0;0;0;0;0;0;0;0;0;0;0;0;0;0;0;0;0;0;0;0;Regular Season;0;0;0;0;0;0;0;0;0;0
62198;2028;12;10;Centene Community Ice Center;0;54;56;0;0;0;0;0;0;0;0;0;0;0;0;;;;0;0;0;0;0;0;0;0;0;0;0;0;0;0;0;0;0;0;0;0;0;0;0;0;Regular Season;0;0;0;0;0;0;0;0;0;0
62252;2028;12;11;XL Center;0;33;60;0;0;0;0;0;0;0;0;0;0;0;0;;;;0;0;0;0;0;0;0;0;0;0;0;0;0;0;0;0;0;0;0;0;0;0;0;0;Regular Season;0;0;0;0;0;0;0;0;0;0
62419;2028;12;11;Centene Community Ice Center;0;54;48;0;0;0;0;0;0;0;0;0;0;0;0;;;;0;0;0;0;0;0;0;0;0;0;0;0;0;0;0;0;0;0;0;0;0;0;0;0;Regular Season;0;0;0;0;0;0;0;0;0;0
62457;2028;12;11;Place Bell;0;47;37;0;0;0;0;0;0;0;0;0;0;0;0;;;;0;0;0;0;0;0;0;0;0;0;0;0;0;0;0;0;0;0;0;0;0;0;0;0;Regular Season;0;0;0;0;0;0;0;0;0;0
62273;2028;12;11;Upstate Medical University Arena;0;32;62;0;0;0;0;0;0;0;0;0;0;0;0;;;;0;0;0;0;0;0;0;0;0;0;0;0;0;0;0;0;0;0;0;0;0;0;0;0;Regular Season;0;0;0;0;0;0;0;0;0;0
62478;2028;12;11;Abbotsford Centre;0;57;44;0;0;0;0;0;0;0;0;0;0;0;0;;;;0;0;0;0;0;0;0;0;0;0;0;0;0;0;0;0;0;0;0;0;0;0;0;0;Regular Season;0;0;0;0;0;0;0;0;0;0
62255;2028;12;11;H-E-B Center;0;41;58;0;0;0;0;0;0;0;0;0;0;0;0;;;;0;0;0;0;0;0;0;0;0;0;0;0;0;0;0;0;0;0;0;0;0;0;0;0;Regular Season;0;0;0;0;0;0;0;0;0;0
62221;2028;12;11;SAP Center;0;56;43;0;0;0;0;0;0;0;0;0;0;0;0;;;;0;0;0;0;0;0;0;0;0;0;0;0;0;0;0;0;0;0;0;0;0;0;0;0;Regular Season;0;0;0;0;0;0;0;0;0;0
62280;2028;12;11; Arena;0;123;36;0;0;0;0;0;0;0;0;0;0;0;0;;;;0;0;0;0;0;0;0;0;0;0;0;0;0;0;0;0;0;0;0;0;0;0;0;0;Regular Season;0;0;0;0;0;0;0;0;0;0
62212;2028;12;12;UW–Milwaukee Panther Arena;0;50;47;0;0;0;0;0;0;0;0;0;0;0;0;;;;0;0;0;0;0;0;0;0;0;0;0;0;0;0;0;0;0;0;0;0;0;0;0;0;Regular Season;0;0;0;0;0;0;0;0;0;0
62309;2028;12;12;Allstate Arena;0;60;155;0;0;0;0;0;0;0;0;0;0;0;0;;;;0;0;0;0;0;0;0;0;0;0;0;0;0;0;0;0;0;0;0;0;0;0;0;0;Regular Season;0;0;0;0;0;0;0;0;0;0
62193;2028;12;12;Oakland Coliseum;0;40;53;0;0;0;0;0;0;0;0;0;0;0;0;;;;0;0;0;0;0;0;0;0;0;0;0;0;0;0;0;0;0;0;0;0;0;0;0;0;Regular Season;0;0;0;0;0;0;0;0;0;0
62277;2028;12;12;Pechanga Arena;0;58;37;0;0;0;0;0;0;0;0;0;0;0;0;;;;0;0;0;0;0;0;0;0;0;0;0;0;0;0;0;0;0;0;0;0;0;0;0;0;Regular Season;0;0;0;0;0;0;0;0;0;0
62248;2028;12;12;SaskTel Centre;0;43;125;0;0;0;0;0;0;0;0;0;0;0;0;;;;0;0;0;0;0;0;0;0;0;0;0;0;0;0;0;0;0;0;0;0;0;0;0;0;Regular Season;0;0;0;0;0;0;0;0;0;0
62259;2028;12;12;Webster Bank Arena;0;48;55;0;0;0;0;0;0;0;0;0;0;0;0;;;;0;0;0;0;0;0;0;0;0;0;0;0;0;0;0;0;0;0;0;0;0;0;0;0;Regular Season;0;0;0;0;0;0;0;0;0;0
62294;2028;12;12;H-E-B Center;0;41;38;0;0;0;0;0;0;0;0;0;0;0;0;;;;0;0;0;0;0;0;0;0;0;0;0;0;0;0;0;0;0;0;0;0;0;0;0;0;Regular Season;0;0;0;0;0;0;0;0;0;0
62247;2028;12;12;Abbotsford Centre;0;57;36;0;0;0;0;0;0;0;0;0;0;0;0;;;;0;0;0;0;0;0;0;0;0;0;0;0;0;0;0;0;0;0;0;0;0;0;0;0;Regular Season;0;0;0;0;0;0;0;0;0;0
62224;2028;12;13;UW–Milwaukee Panther Arena;0;50;32;0;0;0;0;0;0;0;0;0;0;0;0;;;;0;0;0;0;0;0;0;0;0;0;0;0;0;0;0;0;0;0;0;0;0;0;0;0;Regular Season;0;0;0;0;0;0;0;0;0;0
62338;2028;12;13; Arena;0;123;155;0;0;0;0;0;0;0;0;0;0;0;0;;;;0;0;0;0;0;0;0;0;0;0;0;0;0;0;0;0;0;0;0;0;0;0;0;0;Regular Season;0;0;0;0;0;0;0;0;0;0
62245;2028;12;14;Lego Arena;0;53;56;0;0;0;0;0;0;0;0;0;0;0;0;;;;0;0;0;0;0;0;0;0;0;0;0;0;0;0;0;0;0;0;0;0;0;0;0;0;Regular Season;0;0;0;0;0;0;0;0;0;0
62195;2028;12;14;Allstate Arena;0;60;40;0;0;0;0;0;0;0;0;0;0;0;0;;;;0;0;0;0;0;0;0;0;0;0;0;0;0;0;0;0;0;0;0;0;0;0;0;0;Regular Season;0;0;0;0;0;0;0;0;0;0
62320;2028;12;14;H-E-B Center;0;41;59;0;0;0;0;0;0;0;0;0;0;0;0;;;;0;0;0;0;0;0;0;0;0;0;0;0;0;0;0;0;0;0;0;0;0;0;0;0;Regular Season;0;0;0;0;0;0;0;0;0;0
62275;2028;12;14; Arena;0;153;43;0;0;0;0;0;0;0;0;0;0;0;0;;;;0;0;0;0;0;0;0;0;0;0;0;0;0;0;0;0;0;0;0;0;0;0;0;0;Regular Season;0;0;0;0;0;0;0;0;0;0
62455;2028;12;14;Webster Bank Arena;0;48;44;0;0;0;0;0;0;0;0;0;0;0;0;;;;0;0;0;0;0;0;0;0;0;0;0;0;0;0;0;0;0;0;0;0;0;0;0;0;Regular Season;0;0;0;0;0;0;0;0;0;0
62319;2028;12;14;Kapcsos Center;0;55;32;0;0;0;0;0;0;0;0;0;0;0;0;;;;0;0;0;0;0;0;0;0;0;0;0;0;0;0;0;0;0;0;0;0;0;0;0;0;Regular Season;0;0;0;0;0;0;0;0;0;0
62250;2028;12;14;BMO Harris Bank Center;0;38;47;0;0;0;0;0;0;0;0;0;0;0;0;;;;0;0;0;0;0;0;0;0;0;0;0;0;0;0;0;0;0;0;0;0;0;0;0;0;Regular Season;0;0;0;0;0;0;0;0;0;0
62234;2028;12;14;Costa Rican Airlines Arena;0;125;45;0;0;0;0;0;0;0;0;0;0;0;0;;;;0;0;0;0;0;0;0;0;0;0;0;0;0;0;0;0;0;0;0;0;0;0;0;0;Regular Season;0;0;0;0;0;0;0;0;0;0
62326;2028;12;14;Dunkin' Donuts Center;0;34;62;0;0;0;0;0;0;0;0;0;0;0;0;;;;0;0;0;0;0;0;0;0;0;0;0;0;0;0;0;0;0;0;0;0;0;0;0;0;Regular Season;0;0;0;0;0;0;0;0;0;0
62254;2028;12;15; Arena;0;153;53;0;0;0;0;0;0;0;0;0;0;0;0;;;;0;0;0;0;0;0;0;0;0;0;0;0;0;0;0;0;0;0;0;0;0;0;0;0;Regular Season;0;0;0;0;0;0;0;0;0;0
62279;2028;12;15; Arena;0;123;37;0;0;0;0;0;0;0;0;0;0;0;0;;;;0;0;0;0;0;0;0;0;0;0;0;0;0;0;0;0;0;0;0;0;0;0;0;0;Regular Season;0;0;0;0;0;0;0;0;0;0
62766;2028;12;15;Allstate Arena;0;60;48;0;0;0;0;0;0;0;0;0;0;0;0;;;;0;0;0;0;0;0;0;0;0;0;0;0;0;0;0;0;0;0;0;0;0;0;0;0;Regular Season;0;0;0;0;0;0;0;0;0;0
62269;2028;12;15;Budweiser Events Center;0;62;55;0;0;0;0;0;0;0;0;0;0;0;0;;;;0;0;0;0;0;0;0;0;0;0;0;0;0;0;0;0;0;0;0;0;0;0;0;0;Regular Season;0;0;0;0;0;0;0;0;0;0
62227;2028;12;15;Pechanga Arena;0;58;50;0;0;0;0;0;0;0;0;0;0;0;0;;;;0;0;0;0;0;0;0;0;0;0;0;0;0;0;0;0;0;0;0;0;0;0;0;0;Regular Season;0;0;0;0;0;0;0;0;0;0
62289;2028;12;15;SAP Center;0;56;34;0;0;0;0;0;0;0;0;0;0;0;0;;;;0;0;0;0;0;0;0;0;0;0;0;0;0;0;0;0;0;0;0;0;0;0;0;0;Regular Season;0;0;0;0;0;0;0;0;0;0
62253;2028;12;15;XL Center;0;33;47;0;0;0;0;0;0;0;0;0;0;0;0;;;;0;0;0;0;0;0;0;0;0;0;0;0;0;0;0;0;0;0;0;0;0;0;0;0;Regular Season;0;0;0;0;0;0;0;0;0;0
62753;2028;12;15;Abbotsford Centre;0;57;59;0;0;0;0;0;0;0;0;0;0;0;0;;;;0;0;0;0;0;0;0;0;0;0;0;0;0;0;0;0;0;0;0;0;0;0;0;0;Regular Season;0;0;0;0;0;0;0;0;0;0
62463;2028;12;16;H-E-B Center;0;41;43;0;0;0;0;0;0;0;0;0;0;0;0;;;;0;0;0;0;0;0;0;0;0;0;0;0;0;0;0;0;0;0;0;0;0;0;0;0;Regular Season;0;0;0;0;0;0;0;0;0;0
62406;2028;12;16; Arena;0;155;37;0;0;0;0;0;0;0;0;0;0;0;0;;;;0;0;0;0;0;0;0;0;0;0;0;0;0;0;0;0;0;0;0;0;0;0;0;0;Regular Season;0;0;0;0;0;0;0;0;0;0
62194;2028;12;16;Oakland Coliseum;0;40;38;0;0;0;0;0;0;0;0;0;0;0;0;;;;0;0;0;0;0;0;0;0;0;0;0;0;0;0;0;0;0;0;0;0;0;0;0;0;Regular Season;0;0;0;0;0;0;0;0;0;0
62267;2028;12;16;Orleans Arena;0;44;125;0;0;0;0;0;0;0;0;0;0;0;0;;;;0;0;0;0;0;0;0;0;0;0;0;0;0;0;0;0;0;0;0;0;0;0;0;0;Regular Season;0;0;0;0;0;0;0;0;0;0
62284;2028;12;16;Toyota Arena;0;45;36;0;0;0;0;0;0;0;0;0;0;0;0;;;;0;0;0;0;0;0;0;0;0;0;0;0;0;0;0;0;0;0;0;0;0;0;0;0;Regular Season;0;0;0;0;0;0;0;0;0;0
62272;2028;12;17;Toyota Arena;0;45;33;0;0;0;0;0;0;0;0;0;0;0;0;;;;0;0;0;0;0;0;0;0;0;0;0;0;0;0;0;0;0;0;0;0;0;0;0;0;Regular Season;0;0;0;0;0;0;0;0;0;0
62307;2028;12;17;Coca-Cola Coliseum;0;59;153;0;0;0;0;0;0;0;0;0;0;0;0;;;;0;0;0;0;0;0;0;0;0;0;0;0;0;0;0;0;0;0;0;0;0;0;0;0;Regular Season;0;0;0;0;0;0;0;0;0;0
62524;2028;12;17;Centene Community Ice Center;0;54;34;0;0;0;0;0;0;0;0;0;0;0;0;;;;0;0;0;0;0;0;0;0;0;0;0;0;0;0;0;0;0;0;0;0;0;0;0;0;Regular Season;0;0;0;0;0;0;0;0;0;0
62288;2028;12;18;Stockton Arena;0;36;44;0;0;0;0;0;0;0;0;0;0;0;0;;;;0;0;0;0;0;0;0;0;0;0;0;0;0;0;0;0;0;0;0;0;0;0;0;0;Regular Season;0;0;0;0;0;0;0;0;0;0
62315;2028;12;18;BMO Harris Bank Center;0;38;54;0;0;0;0;0;0;0;0;0;0;0;0;;;;0;0;0;0;0;0;0;0;0;0;0;0;0;0;0;0;0;0;0;0;0;0;0;0;Regular Season;0;0;0;0;0;0;0;0;0;0
62206;2028;12;18;Kapcsos Center;0;55;40;0;0;0;0;0;0;0;0;0;0;0;0;;;;0;0;0;0;0;0;0;0;0;0;0;0;0;0;0;0;0;0;0;0;0;0;0;0;Regular Season;0;0;0;0;0;0;0;0;0;0
62393;2028;12;18; Arena;0;155;34;0;0;0;0;0;0;0;0;0;0;0;0;;;;0;0;0;0;0;0;0;0;0;0;0;0;0;0;0;0;0;0;0;0;0;0;0;0;Regular Season;0;0;0;0;0;0;0;0;0;0
62323;2028;12;18; Arena;0;123;53;0;0;0;0;0;0;0;0;0;0;0;0;;;;0;0;0;0;0;0;0;0;0;0;0;0;0;0;0;0;0;0;0;0;0;0;0;0;Regular Season;0;0;0;0;0;0;0;0;0;0
62538;2028;12;18;Abbotsford Centre;0;57;56;0;0;0;0;0;0;0;0;0;0;0;0;;;;0;0;0;0;0;0;0;0;0;0;0;0;0;0;0;0;0;0;0;0;0;0;0;0;Regular Season;0;0;0;0;0;0;0;0;0;0
62258;2028;12;18;Budweiser Events Center;0;62;50;0;0;0;0;0;0;0;0;0;0;0;0;;;;0;0;0;0;0;0;0;0;0;0;0;0;0;0;0;0;0;0;0;0;0;0;0;0;Regular Season;0;0;0;0;0;0;0;0;0;0
62362;2028;12;19;Lego Arena;0;53;59;0;0;0;0;0;0;0;0;0;0;0;0;;;;0;0;0;0;0;0;0;0;0;0;0;0;0;0;0;0;0;0;0;0;0;0;0;0;Regular Season;0;0;0;0;0;0;0;0;0;0
62312;2028;12;19;Webster Bank Arena;0;48;58;0;0;0;0;0;0;0;0;0;0;0;0;;;;0;0;0;0;0;0;0;0;0;0;0;0;0;0;0;0;0;0;0;0;0;0;0;0;Regular Season;0;0;0;0;0;0;0;0;0;0
62287;2028;12;19;Orleans Arena;0;44;45;0;0;0;0;0;0;0;0;0;0;0;0;;;;0;0;0;0;0;0;0;0;0;0;0;0;0;0;0;0;0;0;0;0;0;0;0;0;Regular Season;0;0;0;0;0;0;0;0;0;0
62553;2028;12;19;Abbotsford Centre;0;57;155;0;0;0;0;0;0;0;0;0;0;0;0;;;;0;0;0;0;0;0;0;0;0;0;0;0;0;0;0;0;0;0;0;0;0;0;0;0;Regular Season;0;0;0;0;0;0;0;0;0;0
62283;2028;12;19;Stockton Arena;0;36;47;0;0;0;0;0;0;0;0;0;0;0;0;;;;0;0;0;0;0;0;0;0;0;0;0;0;0;0;0;0;0;0;0;0;0;0;0;0;Regular Season;0;0;0;0;0;0;0;0;0;0
62274;2028;12;19; Arena;0;123;125;0;0;0;0;0;0;0;0;0;0;0;0;;;;0;0;0;0;0;0;0;0;0;0;0;0;0;0;0;0;0;0;0;0;0;0;0;0;Regular Season;0;0;0;0;0;0;0;0;0;0
62345;2028;12;19;H-E-B Center;0;41;37;0;0;0;0;0;0;0;0;0;0;0;0;;;;0;0;0;0;0;0;0;0;0;0;0;0;0;0;0;0;0;0;0;0;0;0;0;0;Regular Season;0;0;0;0;0;0;0;0;0;0
62213;2028;12;19;SaskTel Centre;0;43;40;0;0;0;0;0;0;0;0;0;0;0;0;;;;0;0;0;0;0;0;0;0;0;0;0;0;0;0;0;0;0;0;0;0;0;0;0;0;Regular Season;0;0;0;0;0;0;0;0;0;0
62244;2028;12;19;XL Center;0;33;50;0;0;0;0;0;0;0;0;0;0;0;0;;;;0;0;0;0;0;0;0;0;0;0;0;0;0;0;0;0;0;0;0;0;0;0;0;0;Regular Season;0;0;0;0;0;0;0;0;0;0
62322;2028;12;19;SAP Center;0;56;153;0;0;0;0;0;0;0;0;0;0;0;0;;;;0;0;0;0;0;0;0;0;0;0;0;0;0;0;0;0;0;0;0;0;0;0;0;0;Regular Season;0;0;0;0;0;0;0;0;0;0
62317;2028;12;19;BMO Harris Bank Center;0;38;60;0;0;0;0;0;0;0;0;0;0;0;0;;;;0;0;0;0;0;0;0;0;0;0;0;0;0;0;0;0;0;0;0;0;0;0;0;0;Regular Season;0;0;0;0;0;0;0;0;0;0
62286;2028;12;20;Budweiser Events Center;0;62;47;0;0;0;0;0;0;0;0;0;0;0;0;;;;0;0;0;0;0;0;0;0;0;0;0;0;0;0;0;0;0;0;0;0;0;0;0;0;Regular Season;0;0;0;0;0;0;0;0;0;0
62428;2028;12;20;Coca-Cola Coliseum;0;59;48;0;0;0;0;0;0;0;0;0;0;0;0;;;;0;0;0;0;0;0;0;0;0;0;0;0;0;0;0;0;0;0;0;0;0;0;0;0;Regular Season;0;0;0;0;0;0;0;0;0;0
62303;2028;12;21;Orleans Arena;0;44;53;0;0;0;0;0;0;0;0;0;0;0;0;;;;0;0;0;0;0;0;0;0;0;0;0;0;0;0;0;0;0;0;0;0;0;0;0;0;Regular Season;0;0;0;0;0;0;0;0;0;0
62324;2028;12;21;Bojangles' Coliseum;0;37;38;0;0;0;0;0;0;0;0;0;0;0;0;;;;0;0;0;0;0;0;0;0;0;0;0;0;0;0;0;0;0;0;0;0;0;0;0;0;Regular Season;0;0;0;0;0;0;0;0;0;0
62788;2028;12;21; Arena;0;155;57;0;0;0;0;0;0;0;0;0;0;0;0;;;;0;0;0;0;0;0;0;0;0;0;0;0;0;0;0;0;0;0;0;0;0;0;0;0;Regular Season;0;0;0;0;0;0;0;0;0;0
62328;2028;12;21; Arena;0;153;34;0;0;0;0;0;0;0;0;0;0;0;0;;;;0;0;0;0;0;0;0;0;0;0;0;0;0;0;0;0;0;0;0;0;0;0;0;0;Regular Season;0;0;0;0;0;0;0;0;0;0
62360;2028;12;21;Budweiser Events Center;0;62;123;0;0;0;0;0;0;0;0;0;0;0;0;;;;0;0;0;0;0;0;0;0;0;0;0;0;0;0;0;0;0;0;0;0;0;0;0;0;Regular Season;0;0;0;0;0;0;0;0;0;0
62290;2028;12;21;Upstate Medical University Arena;0;32;43;0;0;0;0;0;0;0;0;0;0;0;0;;;;0;0;0;0;0;0;0;0;0;0;0;0;0;0;0;0;0;0;0;0;0;0;0;0;Regular Season;0;0;0;0;0;0;0;0;0;0
62354;2028;12;21;Allstate Arena;0;60;54;0;0;0;0;0;0;0;0;0;0;0;0;;;;0;0;0;0;0;0;0;0;0;0;0;0;0;0;0;0;0;0;0;0;0;0;0;0;Regular Season;0;0;0;0;0;0;0;0;0;0
62331;2028;12;21;Costa Rican Airlines Arena;0;125;55;0;0;0;0;0;0;0;0;0;0;0;0;;;;0;0;0;0;0;0;0;0;0;0;0;0;0;0;0;0;0;0;0;0;0;0;0;0;Regular Season;0;0;0;0;0;0;0;0;0;0
62302;2028;12;21;H-E-B Center;0;41;45;0;0;0;0;0;0;0;0;0;0;0;0;;;;0;0;0;0;0;0;0;0;0;0;0;0;0;0;0;0;0;0;0;0;0;0;0;0;Regular Season;0;0;0;0;0;0;0;0;0;0
62343;2028;12;22;Bojangles' Coliseum;0;37;55;0;0;0;0;0;0;0;0;0;0;0;0;;;;0;0;0;0;0;0;0;0;0;0;0;0;0;0;0;0;0;0;0;0;0;0;0;0;Regular Season;0;0;0;0;0;0;0;0;0;0
62235;2028;12;22;Stockton Arena;0;36;125;0;0;0;0;0;0;0;0;0;0;0;0;;;;0;0;0;0;0;0;0;0;0;0;0;0;0;0;0;0;0;0;0;0;0;0;0;0;Regular Season;0;0;0;0;0;0;0;0;0;0
62351;2028;12;22;Centene Community Ice Center;0;54;41;0;0;0;0;0;0;0;0;0;0;0;0;;;;0;0;0;0;0;0;0;0;0;0;0;0;0;0;0;0;0;0;0;0;0;0;0;0;Regular Season;0;0;0;0;0;0;0;0;0;0
62353;2028;12;22;Pechanga Arena;0;58;153;0;0;0;0;0;0;0;0;0;0;0;0;;;;0;0;0;0;0;0;0;0;0;0;0;0;0;0;0;0;0;0;0;0;0;0;0;0;Regular Season;0;0;0;0;0;0;0;0;0;0
62292;2028;12;22;XL Center;0;33;47;0;0;0;0;0;0;0;0;0;0;0;0;;;;0;0;0;0;0;0;0;0;0;0;0;0;0;0;0;0;0;0;0;0;0;0;0;0;Regular Season;0;0;0;0;0;0;0;0;0;0
62495;2028;12;22;SAP Center;0;56;59;0;0;0;0;0;0;0;0;0;0;0;0;;;;0;0;0;0;0;0;0;0;0;0;0;0;0;0;0;0;0;0;0;0;0;0;0;0;Regular Season;0;0;0;0;0;0;0;0;0;0
62281;2028;12;23;SaskTel Centre;0;43;33;0;0;0;0;0;0;0;0;0;0;0;0;;;;0;0;0;0;0;0;0;0;0;0;0;0;0;0;0;0;0;0;0;0;0;0;0;0;Regular Season;0;0;0;0;0;0;0;0;0;0
62216;2028;12;23;Upstate Medical University Arena;0;32;40;0;0;0;0;0;0;0;0;0;0;0;0;;;;0;0;0;0;0;0;0;0;0;0;0;0;0;0;0;0;0;0;0;0;0;0;0;0;Regular Season;0;0;0;0;0;0;0;0;0;0
62335;2028;12;23;UW–Milwaukee Panther Arena;0;50;34;0;0;0;0;0;0;0;0;0;0;0;0;;;;0;0;0;0;0;0;0;0;0;0;0;0;0;0;0;0;0;0;0;0;0;0;0;0;Regular Season;0;0;0;0;0;0;0;0;0;0
62431;2028;12;23;Pechanga Arena;0;58;45;0;0;0;0;0;0;0;0;0;0;0;0;;;;0;0;0;0;0;0;0;0;0;0;0;0;0;0;0;0;0;0;0;0;0;0;0;0;Regular Season;0;0;0;0;0;0;0;0;0;0
62363;2028;12;23;Webster Bank Arena;0;48;60;0;0;0;0;0;0;0;0;0;0;0;0;;;;0;0;0;0;0;0;0;0;0;0;0;0;0;0;0;0;0;0;0;0;0;0;0;0;Regular Season;0;0;0;0;0;0;0;0;0;0
62293;2028;12;27;SaskTel Centre;0;43;36;0;0;0;0;0;0;0;0;0;0;0;0;;;;0;0;0;0;0;0;0;0;0;0;0;0;0;0;0;0;0;0;0;0;0;0;0;0;Regular Season;0;0;0;0;0;0;0;0;0;0
62310;2028;12;27;Bojangles' Coliseum;0;37;50;0;0;0;0;0;0;0;0;0;0;0;0;;;;0;0;0;0;0;0;0;0;0;0;0;0;0;0;0;0;0;0;0;0;0;0;0;0;Regular Season;0;0;0;0;0;0;0;0;0;0
62498;2028;12;27; Arena;0;155;60;0;0;0;0;0;0;0;0;0;0;0;0;;;;0;0;0;0;0;0;0;0;0;0;0;0;0;0;0;0;0;0;0;0;0;0;0;0;Regular Season;0;0;0;0;0;0;0;0;0;0
62336;2028;12;27;Orleans Arena;0;44;53;0;0;0;0;0;0;0;0;0;0;0;0;;;;0;0;0;0;0;0;0;0;0;0;0;0;0;0;0;0;0;0;0;0;0;0;0;0;Regular Season;0;0;0;0;0;0;0;0;0;0
62376;2028;12;27;Upstate Medical University Arena;0;32;153;0;0;0;0;0;0;0;0;0;0;0;0;;;;0;0;0;0;0;0;0;0;0;0;0;0;0;0;0;0;0;0;0;0;0;0;0;0;Regular Season;0;0;0;0;0;0;0;0;0;0
62377;2028;12;27;Pechanga Arena;0;58;123;0;0;0;0;0;0;0;0;0;0;0;0;;;;0;0;0;0;0;0;0;0;0;0;0;0;0;0;0;0;0;0;0;0;0;0;0;0;Regular Season;0;0;0;0;0;0;0;0;0;0
62392;2028;12;28;Webster Bank Arena;0;48;153;0;0;0;0;0;0;0;0;0;0;0;0;;;;0;0;0;0;0;0;0;0;0;0;0;0;0;0;0;0;0;0;0;0;0;0;0;0;Regular Season;0;0;0;0;0;0;0;0;0;0
62296;2028;12;28;Allstate Arena;0;60;36;0;0;0;0;0;0;0;0;0;0;0;0;;;;0;0;0;0;0;0;0;0;0;0;0;0;0;0;0;0;0;0;0;0;0;0;0;0;Regular Season;0;0;0;0;0;0;0;0;0;0
62437;2028;12;28; Arena;0;123;155;0;0;0;0;0;0;0;0;0;0;0;0;;;;0;0;0;0;0;0;0;0;0;0;0;0;0;0;0;0;0;0;0;0;0;0;0;0;Regular Season;0;0;0;0;0;0;0;0;0;0
62295;2028;12;28;SaskTel Centre;0;43;37;0;0;0;0;0;0;0;0;0;0;0;0;;;;0;0;0;0;0;0;0;0;0;0;0;0;0;0;0;0;0;0;0;0;0;0;0;0;Regular Season;0;0;0;0;0;0;0;0;0;0
62313;2028;12;28;Centene Community Ice Center;0;54;47;0;0;0;0;0;0;0;0;0;0;0;0;;;;0;0;0;0;0;0;0;0;0;0;0;0;0;0;0;0;0;0;0;0;0;0;0;0;Regular Season;0;0;0;0;0;0;0;0;0;0
62299;2028;12;28;XL Center;0;33;125;0;0;0;0;0;0;0;0;0;0;0;0;;;;0;0;0;0;0;0;0;0;0;0;0;0;0;0;0;0;0;0;0;0;0;0;0;0;Regular Season;0;0;0;0;0;0;0;0;0;0
62256;2028;12;28;Oakland Coliseum;0;40;34;0;0;0;0;0;0;0;0;0;0;0;0;;;;0;0;0;0;0;0;0;0;0;0;0;0;0;0;0;0;0;0;0;0;0;0;0;0;Regular Season;0;0;0;0;0;0;0;0;0;0
62467;2028;12;28;Coca-Cola Coliseum;0;59;45;0;0;0;0;0;0;0;0;0;0;0;0;;;;0;0;0;0;0;0;0;0;0;0;0;0;0;0;0;0;0;0;0;0;0;0;0;0;Regular Season;0;0;0;0;0;0;0;0;0;0
62333;2028;12;28;UW–Milwaukee Panther Arena;0;50;32;0;0;0;0;0;0;0;0;0;0;0;0;;;;0;0;0;0;0;0;0;0;0;0;0;0;0;0;0;0;0;0;0;0;0;0;0;0;Regular Season;0;0;0;0;0;0;0;0;0;0
62378;2028;12;28;Budweiser Events Center;0;62;41;0;0;0;0;0;0;0;0;0;0;0;0;;;;0;0;0;0;0;0;0;0;0;0;0;0;0;0;0;0;0;0;0;0;0;0;0;0;Regular Season;0;0;0;0;0;0;0;0;0;0
62356;2028;12;28;Kapcsos Center;0;55;56;0;0;0;0;0;0;0;0;0;0;0;0;;;;0;0;0;0;0;0;0;0;0;0;0;0;0;0;0;0;0;0;0;0;0;0;0;0;Regular Season;0;0;0;0;0;0;0;0;0;0
62413;2028;12;29;Budweiser Events Center;0;62;59;0;0;0;0;0;0;0;0;0;0;0;0;;;;0;0;0;0;0;0;0;0;0;0;0;0;0;0;0;0;0;0;0;0;0;0;0;0;Regular Season;0;0;0;0;0;0;0;0;0;0
62297;2028;12;29;SAP Center;0;56;33;0;0;0;0;0;0;0;0;0;0;0;0;;;;0;0;0;0;0;0;0;0;0;0;0;0;0;0;0;0;0;0;0;0;0;0;0;0;Regular Season;0;0;0;0;0;0;0;0;0;0
62383;2028;12;29;Pechanga Arena;0;58;41;0;0;0;0;0;0;0;0;0;0;0;0;;;;0;0;0;0;0;0;0;0;0;0;0;0;0;0;0;0;0;0;0;0;0;0;0;0;Regular Season;0;0;0;0;0;0;0;0;0;0
62306;2028;12;29;Costa Rican Airlines Arena;0;125;44;0;0;0;0;0;0;0;0;0;0;0;0;;;;0;0;0;0;0;0;0;0;0;0;0;0;0;0;0;0;0;0;0;0;0;0;0;0;Regular Season;0;0;0;0;0;0;0;0;0;0
62359;2028;12;29;Kapcsos Center;0;55;38;0;0;0;0;0;0;0;0;0;0;0;0;;;;0;0;0;0;0;0;0;0;0;0;0;0;0;0;0;0;0;0;0;0;0;0;0;0;Regular Season;0;0;0;0;0;0;0;0;0;0
62408;2028;12;30;Allstate Arena;0;60;45;0;0;0;0;0;0;0;0;0;0;0;0;;;;0;0;0;0;0;0;0;0;0;0;0;0;0;0;0;0;0;0;0;0;0;0;0;0;Regular Season;0;0;0;0;0;0;0;0;0;0
62349;2028;12;30;Upstate Medical University Arena;0;32;58;0;0;0;0;0;0;0;0;0;0;0;0;;;;0;0;0;0;0;0;0;0;0;0;0;0;0;0;0;0;0;0;0;0;0;0;0;0;Regular Season;0;0;0;0;0;0;0;0;0;0
62337;2028;12;30;Centene Community Ice Center;0;54;50;0;0;0;0;0;0;0;0;0;0;0;0;;;;0;0;0;0;0;0;0;0;0;0;0;0;0;0;0;0;0;0;0;0;0;0;0;0;Regular Season;0;0;0;0;0;0;0;0;0;0
62344;2028;12;30;Dunkin' Donuts Center;0;34;47;0;0;0;0;0;0;0;0;0;0;0;0;;;;0;0;0;0;0;0;0;0;0;0;0;0;0;0;0;0;0;0;0;0;0;0;0;0;Regular Season;0;0;0;0;0;0;0;0;0;0
62352;2028;12;30;BMO Harris Bank Center;0;38;53;0;0;0;0;0;0;0;0;0;0;0;0;;;;0;0;0;0;0;0;0;0;0;0;0;0;0;0;0;0;0;0;0;0;0;0;0;0;Regular Season;0;0;0;0;0;0;0;0;0;0
62485;2028;12;30; Arena;0;155;48;0;0;0;0;0;0;0;0;0;0;0;0;;;;0;0;0;0;0;0;0;0;0;0;0;0;0;0;0;0;0;0;0;0;0;0;0;0;Regular Season;0;0;0;0;0;0;0;0;0;0
62266;2028;12;30;Oakland Coliseum;0;40;43;0;0;0;0;0;0;0;0;0;0;0;0;;;;0;0;0;0;0;0;0;0;0;0;0;0;0;0;0;0;0;0;0;0;0;0;0;0;Regular Season;0;0;0;0;0;0;0;0;0;0
62311;2028;12;31;Orleans Arena;0;44;36;0;0;0;0;0;0;0;0;0;0;0;0;;;;0;0;0;0;0;0;0;0;0;0;0;0;0;0;0;0;0;0;0;0;0;0;0;0;Regular Season;0;0;0;0;0;0;0;0;0;0
62429;2028;12;31;Dunkin' Donuts Center;0;34;59;0;0;0;0;0;0;0;0;0;0;0;0;;;;0;0;0;0;0;0;0;0;0;0;0;0;0;0;0;0;0;0;0;0;0;0;0;0;Regular Season;0;0;0;0;0;0;0;0;0;0
62441;2028;12;31;Budweiser Events Center;0;62;54;0;0;0;0;0;0;0;0;0;0;0;0;;;;0;0;0;0;0;0;0;0;0;0;0;0;0;0;0;0;0;0;0;0;0;0;0;0;Regular Season;0;0;0;0;0;0;0;0;0;0
62330;2028;12;31;Place Bell;0;47;53;0;0;0;0;0;0;0;0;0;0;0;0;;;;0;0;0;0;0;0;0;0;0;0;0;0;0;0;0;0;0;0;0;0;0;0;0;0;Regular Season;0;0;0;0;0;0;0;0;0;0
62341;2028;12;31;Toyota Arena;0;45;125;0;0;0;0;0;0;0;0;0;0;0;0;;;;0;0;0;0;0;0;0;0;0;0;0;0;0;0;0;0;0;0;0;0;0;0;0;0;Regular Season;0;0;0;0;0;0;0;0;0;0
62340;2028;12;31;Bojangles' Coliseum;0;37;33;0;0;0;0;0;0;0;0;0;0;0;0;;;;0;0;0;0;0;0;0;0;0;0;0;0;0;0;0;0;0;0;0;0;0;0;0;0;Regular Season;0;0;0;0;0;0;0;0;0;0
62397;2028;12;31;Kapcsos Center;0;55;153;0;0;0;0;0;0;0;0;0;0;0;0;;;;0;0;0;0;0;0;0;0;0;0;0;0;0;0;0;0;0;0;0;0;0;0;0;0;Regular Season;0;0;0;0;0;0;0;0;0;0
62518;2028;12;31;Abbotsford Centre;0;57;41;0;0;0;0;0;0;0;0;0;0;0;0;;;;0;0;0;0;0;0;0;0;0;0;0;0;0;0;0;0;0;0;0;0;0;0;0;0;Regular Season;0;0;0;0;0;0;0;0;0;0
62270;2028;12;31;SAP Center;0;56;40;0;0;0;0;0;0;0;0;0;0;0;0;;;;0;0;0;0;0;0;0;0;0;0;0;0;0;0;0;0;0;0;0;0;0;0;0;0;Regular Season;0;0;0;0;0;0;0;0;0;0
62514;2029;1;1;Pechanga Arena;0;58;60;0;0;0;0;0;0;0;0;0;0;0;0;;;;0;0;0;0;0;0;0;0;0;0;0;0;0;0;0;0;0;0;0;0;0;0;0;0;Regular Season;0;0;0;0;0;0;0;0;0;0
62355;2029;1;1;Abbotsford Centre;0;57;37;0;0;0;0;0;0;0;0;0;0;0;0;;;;0;0;0;0;0;0;0;0;0;0;0;0;0;0;0;0;0;0;0;0;0;0;0;0;Regular Season;0;0;0;0;0;0;0;0;0;0
62820;2029;1;1;BMO Harris Bank Center;0;38;155;0;0;0;0;0;0;0;0;0;0;0;0;;;;0;0;0;0;0;0;0;0;0;0;0;0;0;0;0;0;0;0;0;0;0;0;0;0;Regular Season;0;0;0;0;0;0;0;0;0;0
62367;2029;1;2; Arena;0;153;55;0;0;0;0;0;0;0;0;0;0;0;0;;;;0;0;0;0;0;0;0;0;0;0;0;0;0;0;0;0;0;0;0;0;0;0;0;0;Regular Season;0;0;0;0;0;0;0;0;0;0
62318;2029;1;2;Toyota Arena;0;45;44;0;0;0;0;0;0;0;0;0;0;0;0;;;;0;0;0;0;0;0;0;0;0;0;0;0;0;0;0;0;0;0;0;0;0;0;0;0;Regular Season;0;0;0;0;0;0;0;0;0;0
62488;2029;1;2;Webster Bank Arena;0;48;34;0;0;0;0;0;0;0;0;0;0;0;0;;;;0;0;0;0;0;0;0;0;0;0;0;0;0;0;0;0;0;0;0;0;0;0;0;0;Regular Season;0;0;0;0;0;0;0;0;0;0
62442;2029;1;2;Upstate Medical University Arena;0;32;33;0;0;0;0;0;0;0;0;0;0;0;0;;;;0;0;0;0;0;0;0;0;0;0;0;0;0;0;0;0;0;0;0;0;0;0;0;0;Regular Season;0;0;0;0;0;0;0;0;0;0
62401;2029;1;2;Pechanga Arena;0;58;123;0;0;0;0;0;0;0;0;0;0;0;0;;;;0;0;0;0;0;0;0;0;0;0;0;0;0;0;0;0;0;0;0;0;0;0;0;0;Regular Season;0;0;0;0;0;0;0;0;0;0
62369;2029;1;2;Costa Rican Airlines Arena;0;125;62;0;0;0;0;0;0;0;0;0;0;0;0;;;;0;0;0;0;0;0;0;0;0;0;0;0;0;0;0;0;0;0;0;0;0;0;0;0;Regular Season;0;0;0;0;0;0;0;0;0;0
62350;2029;1;2;UW–Milwaukee Panther Arena;0;50;56;0;0;0;0;0;0;0;0;0;0;0;0;;;;0;0;0;0;0;0;0;0;0;0;0;0;0;0;0;0;0;0;0;0;0;0;0;0;Regular Season;0;0;0;0;0;0;0;0;0;0
62276;2029;1;2;Lego Arena;0;53;40;0;0;0;0;0;0;0;0;0;0;0;0;;;;0;0;0;0;0;0;0;0;0;0;0;0;0;0;0;0;0;0;0;0;0;0;0;0;Regular Season;0;0;0;0;0;0;0;0;0;0
62316;2029;1;2;Centene Community Ice Center;0;54;43;0;0;0;0;0;0;0;0;0;0;0;0;;;;0;0;0;0;0;0;0;0;0;0;0;0;0;0;0;0;0;0;0;0;0;0;0;0;Regular Season;0;0;0;0;0;0;0;0;0;0
62346;2029;1;2;Place Bell;0;47;59;0;0;0;0;0;0;0;0;0;0;0;0;;;;0;0;0;0;0;0;0;0;0;0;0;0;0;0;0;0;0;0;0;0;0;0;0;0;Regular Season;0;0;0;0;0;0;0;0;0;0
62325;2029;1;2;Stockton Arena;0;36;41;0;0;0;0;0;0;0;0;0;0;0;0;;;;0;0;0;0;0;0;0;0;0;0;0;0;0;0;0;0;0;0;0;0;0;0;0;0;Regular Season;0;0;0;0;0;0;0;0;0;0
62436;2029;1;3;Bojangles' Coliseum;0;37;32;0;0;0;0;0;0;0;0;0;0;0;0;;;;0;0;0;0;0;0;0;0;0;0;0;0;0;0;0;0;0;0;0;0;0;0;0;0;Regular Season;0;0;0;0;0;0;0;0;0;0
62501;2029;1;3;BMO Harris Bank Center;0;38;123;0;0;0;0;0;0;0;0;0;0;0;0;;;;0;0;0;0;0;0;0;0;0;0;0;0;0;0;0;0;0;0;0;0;0;0;0;0;Regular Season;0;0;0;0;0;0;0;0;0;0
62421;2029;1;3;Kapcsos Center;0;55;48;0;0;0;0;0;0;0;0;0;0;0;0;;;;0;0;0;0;0;0;0;0;0;0;0;0;0;0;0;0;0;0;0;0;0;0;0;0;Regular Season;0;0;0;0;0;0;0;0;0;0
62282;2029;1;3;Budweiser Events Center;0;62;40;0;0;0;0;0;0;0;0;0;0;0;0;;;;0;0;0;0;0;0;0;0;0;0;0;0;0;0;0;0;0;0;0;0;0;0;0;0;Regular Season;0;0;0;0;0;0;0;0;0;0
62394;2029;1;4;Coca-Cola Coliseum;0;59;50;0;0;0;0;0;0;0;0;0;0;0;0;;;;0;0;0;0;0;0;0;0;0;0;0;0;0;0;0;0;0;0;0;0;0;0;0;0;Regular Season;0;0;0;0;0;0;0;0;0;0
62298;2029;1;4;SaskTel Centre;0;43;47;0;0;0;0;0;0;0;0;0;0;0;0;;;;0;0;0;0;0;0;0;0;0;0;0;0;0;0;0;0;0;0;0;0;0;0;0;0;Regular Season;0;0;0;0;0;0;0;0;0;0
62327;2029;1;4;SAP Center;0;56;33;0;0;0;0;0;0;0;0;0;0;0;0;;;;0;0;0;0;0;0;0;0;0;0;0;0;0;0;0;0;0;0;0;0;0;0;0;0;Regular Season;0;0;0;0;0;0;0;0;0;0
62361;2029;1;4;Centene Community Ice Center;0;54;38;0;0;0;0;0;0;0;0;0;0;0;0;;;;0;0;0;0;0;0;0;0;0;0;0;0;0;0;0;0;0;0;0;0;0;0;0;0;Regular Season;0;0;0;0;0;0;0;0;0;0
62329;2029;1;4;Stockton Arena;0;36;53;0;0;0;0;0;0;0;0;0;0;0;0;;;;0;0;0;0;0;0;0;0;0;0;0;0;0;0;0;0;0;0;0;0;0;0;0;0;Regular Season;0;0;0;0;0;0;0;0;0;0
62476;2029;1;4; Arena;0;155;44;0;0;0;0;0;0;0;0;0;0;0;0;;;;0;0;0;0;0;0;0;0;0;0;0;0;0;0;0;0;0;0;0;0;0;0;0;0;Regular Season;0;0;0;0;0;0;0;0;0;0
62357;2029;1;4;Abbotsford Centre;0;57;125;0;0;0;0;0;0;0;0;0;0;0;0;;;;0;0;0;0;0;0;0;0;0;0;0;0;0;0;0;0;0;0;0;0;0;0;0;0;Regular Season;0;0;0;0;0;0;0;0;0;0
62426;2029;1;4;Dunkin' Donuts Center;0;34;45;0;0;0;0;0;0;0;0;0;0;0;0;;;;0;0;0;0;0;0;0;0;0;0;0;0;0;0;0;0;0;0;0;0;0;0;0;0;Regular Season;0;0;0;0;0;0;0;0;0;0
62460;2029;1;5;Dunkin' Donuts Center;0;34;32;0;0;0;0;0;0;0;0;0;0;0;0;;;;0;0;0;0;0;0;0;0;0;0;0;0;0;0;0;0;0;0;0;0;0;0;0;0;Regular Season;0;0;0;0;0;0;0;0;0;0
62308;2029;1;5;SaskTel Centre;0;43;60;0;0;0;0;0;0;0;0;0;0;0;0;;;;0;0;0;0;0;0;0;0;0;0;0;0;0;0;0;0;0;0;0;0;0;0;0;0;Regular Season;0;0;0;0;0;0;0;0;0;0
62562;2029;1;5;Bojangles' Coliseum;0;37;48;0;0;0;0;0;0;0;0;0;0;0;0;;;;0;0;0;0;0;0;0;0;0;0;0;0;0;0;0;0;0;0;0;0;0;0;0;0;Regular Season;0;0;0;0;0;0;0;0;0;0
62373;2029;1;5;Stockton Arena;0;36;57;0;0;0;0;0;0;0;0;0;0;0;0;;;;0;0;0;0;0;0;0;0;0;0;0;0;0;0;0;0;0;0;0;0;0;0;0;0;Regular Season;0;0;0;0;0;0;0;0;0;0
62385;2029;1;5; Arena;0;153;56;0;0;0;0;0;0;0;0;0;0;0;0;;;;0;0;0;0;0;0;0;0;0;0;0;0;0;0;0;0;0;0;0;0;0;0;0;0;Regular Season;0;0;0;0;0;0;0;0;0;0
62382;2029;1;5;Costa Rican Airlines Arena;0;125;54;0;0;0;0;0;0;0;0;0;0;0;0;;;;0;0;0;0;0;0;0;0;0;0;0;0;0;0;0;0;0;0;0;0;0;0;0;0;Regular Season;0;0;0;0;0;0;0;0;0;0
62347;2029;1;5;Kapcsos Center;0;55;47;0;0;0;0;0;0;0;0;0;0;0;0;;;;0;0;0;0;0;0;0;0;0;0;0;0;0;0;0;0;0;0;0;0;0;0;0;0;Regular Season;0;0;0;0;0;0;0;0;0;0
62432;2029;1;5; Arena;0;123;44;0;0;0;0;0;0;0;0;0;0;0;0;;;;0;0;0;0;0;0;0;0;0;0;0;0;0;0;0;0;0;0;0;0;0;0;0;0;Regular Season;0;0;0;0;0;0;0;0;0;0
62444;2029;1;5;Budweiser Events Center;0;62;155;0;0;0;0;0;0;0;0;0;0;0;0;;;;0;0;0;0;0;0;0;0;0;0;0;0;0;0;0;0;0;0;0;0;0;0;0;0;Regular Season;0;0;0;0;0;0;0;0;0;0
62603;2029;1;6;Allstate Arena;0;60;58;0;0;0;0;0;0;0;0;0;0;0;0;;;;0;0;0;0;0;0;0;0;0;0;0;0;0;0;0;0;0;0;0;0;0;0;0;0;Regular Season;0;0;0;0;0;0;0;0;0;0
62339;2029;1;6;Lego Arena;0;53;33;0;0;0;0;0;0;0;0;0;0;0;0;;;;0;0;0;0;0;0;0;0;0;0;0;0;0;0;0;0;0;0;0;0;0;0;0;0;Regular Season;0;0;0;0;0;0;0;0;0;0
62448;2029;1;6;BMO Harris Bank Center;0;38;45;0;0;0;0;0;0;0;0;0;0;0;0;;;;0;0;0;0;0;0;0;0;0;0;0;0;0;0;0;0;0;0;0;0;0;0;0;0;Regular Season;0;0;0;0;0;0;0;0;0;0
62402;2029;1;6; Arena;0;153;59;0;0;0;0;0;0;0;0;0;0;0;0;;;;0;0;0;0;0;0;0;0;0;0;0;0;0;0;0;0;0;0;0;0;0;0;0;0;Regular Season;0;0;0;0;0;0;0;0;0;0
62285;2029;1;6;Oakland Coliseum;0;40;50;0;0;0;0;0;0;0;0;0;0;0;0;;;;0;0;0;0;0;0;0;0;0;0;0;0;0;0;0;0;0;0;0;0;0;0;0;0;Regular Season;0;0;0;0;0;0;0;0;0;0
62721;2029;1;7; Arena;0;155;41;0;0;0;0;0;0;0;0;0;0;0;0;;;;0;0;0;0;0;0;0;0;0;0;0;0;0;0;0;0;0;0;0;0;0;0;0;0;Regular Season;0;0;0;0;0;0;0;0;0;0
62391;2029;1;8;Centene Community Ice Center;0;54;60;0;0;0;0;0;0;0;0;0;0;0;0;;;;0;0;0;0;0;0;0;0;0;0;0;0;0;0;0;0;0;0;0;0;0;0;0;0;Regular Season;0;0;0;0;0;0;0;0;0;0
62380;2029;1;8;Stockton Arena;0;36;58;0;0;0;0;0;0;0;0;0;0;0;0;;;;0;0;0;0;0;0;0;0;0;0;0;0;0;0;0;0;0;0;0;0;0;0;0;0;Regular Season;0;0;0;0;0;0;0;0;0;0
62434;2029;1;8;Coca-Cola Coliseum;0;59;37;0;0;0;0;0;0;0;0;0;0;0;0;;;;0;0;0;0;0;0;0;0;0;0;0;0;0;0;0;0;0;0;0;0;0;0;0;0;Regular Season;0;0;0;0;0;0;0;0;0;0
62358;2029;1;8;SaskTel Centre;0;43;48;0;0;0;0;0;0;0;0;0;0;0;0;;;;0;0;0;0;0;0;0;0;0;0;0;0;0;0;0;0;0;0;0;0;0;0;0;0;Regular Season;0;0;0;0;0;0;0;0;0;0
62400;2029;1;8;UW–Milwaukee Panther Arena;0;50;34;0;0;0;0;0;0;0;0;0;0;0;0;;;;0;0;0;0;0;0;0;0;0;0;0;0;0;0;0;0;0;0;0;0;0;0;0;0;Regular Season;0;0;0;0;0;0;0;0;0;0
62461;2029;1;8;XL Center;0;33;55;0;0;0;0;0;0;0;0;0;0;0;0;;;;0;0;0;0;0;0;0;0;0;0;0;0;0;0;0;0;0;0;0;0;0;0;0;0;Regular Season;0;0;0;0;0;0;0;0;0;0
62453;2029;1;9;Abbotsford Centre;0;57;60;0;0;0;0;0;0;0;0;0;0;0;0;;;;0;0;0;0;0;0;0;0;0;0;0;0;0;0;0;0;0;0;0;0;0;0;0;0;Regular Season;0;0;0;0;0;0;0;0;0;0
62342;2029;1;9;Pechanga Arena;0;58;43;0;0;0;0;0;0;0;0;0;0;0;0;;;;0;0;0;0;0;0;0;0;0;0;0;0;0;0;0;0;0;0;0;0;0;0;0;0;Regular Season;0;0;0;0;0;0;0;0;0;0
62365;2029;1;9;Place Bell;0;47;62;0;0;0;0;0;0;0;0;0;0;0;0;;;;0;0;0;0;0;0;0;0;0;0;0;0;0;0;0;0;0;0;0;0;0;0;0;0;Regular Season;0;0;0;0;0;0;0;0;0;0
62471;2029;1;9;Kapcsos Center;0;55;37;0;0;0;0;0;0;0;0;0;0;0;0;;;;0;0;0;0;0;0;0;0;0;0;0;0;0;0;0;0;0;0;0;0;0;0;0;0;Regular Season;0;0;0;0;0;0;0;0;0;0
62305;2029;1;9;BMO Harris Bank Center;0;38;40;0;0;0;0;0;0;0;0;0;0;0;0;;;;0;0;0;0;0;0;0;0;0;0;0;0;0;0;0;0;0;0;0;0;0;0;0;0;Regular Season;0;0;0;0;0;0;0;0;0;0
62560;2029;1;9; Arena;0;155;123;0;0;0;0;0;0;0;0;0;0;0;0;;;;0;0;0;0;0;0;0;0;0;0;0;0;0;0;0;0;0;0;0;0;0;0;0;0;Regular Season;0;0;0;0;0;0;0;0;0;0
62390;2029;1;9;Centene Community Ice Center;0;54;153;0;0;0;0;0;0;0;0;0;0;0;0;;;;0;0;0;0;0;0;0;0;0;0;0;0;0;0;0;0;0;0;0;0;0;0;0;0;Regular Season;0;0;0;0;0;0;0;0;0;0
62386;2029;1;9;H-E-B Center;0;41;56;0;0;0;0;0;0;0;0;0;0;0;0;;;;0;0;0;0;0;0;0;0;0;0;0;0;0;0;0;0;0;0;0;0;0;0;0;0;Regular Season;0;0;0;0;0;0;0;0;0;0
62420;2029;1;9;Upstate Medical University Arena;0;32;59;0;0;0;0;0;0;0;0;0;0;0;0;;;;0;0;0;0;0;0;0;0;0;0;0;0;0;0;0;0;0;0;0;0;0;0;0;0;Regular Season;0;0;0;0;0;0;0;0;0;0
62411;2029;1;9;Costa Rican Airlines Arena;0;125;34;0;0;0;0;0;0;0;0;0;0;0;0;;;;0;0;0;0;0;0;0;0;0;0;0;0;0;0;0;0;0;0;0;0;0;0;0;0;Regular Season;0;0;0;0;0;0;0;0;0;0
62486;2029;1;10;Abbotsford Centre;0;57;48;0;0;0;0;0;0;0;0;0;0;0;0;;;;0;0;0;0;0;0;0;0;0;0;0;0;0;0;0;0;0;0;0;0;0;0;0;0;Regular Season;0;0;0;0;0;0;0;0;0;0
62449;2029;1;10;XL Center;0;33;41;0;0;0;0;0;0;0;0;0;0;0;0;;;;0;0;0;0;0;0;0;0;0;0;0;0;0;0;0;0;0;0;0;0;0;0;0;0;Regular Season;0;0;0;0;0;0;0;0;0;0
62409;2029;1;10; Arena;0;153;44;0;0;0;0;0;0;0;0;0;0;0;0;;;;0;0;0;0;0;0;0;0;0;0;0;0;0;0;0;0;0;0;0;0;0;0;0;0;Regular Season;0;0;0;0;0;0;0;0;0;0
62364;2029;1;10;Lego Arena;0;53;125;0;0;0;0;0;0;0;0;0;0;0;0;;;;0;0;0;0;0;0;0;0;0;0;0;0;0;0;0;0;0;0;0;0;0;0;0;0;Regular Season;0;0;0;0;0;0;0;0;0;0
62291;2029;1;11;Oakland Coliseum;0;40;59;0;0;0;0;0;0;0;0;0;0;0;0;;;;0;0;0;0;0;0;0;0;0;0;0;0;0;0;0;0;0;0;0;0;0;0;0;0;Regular Season;0;0;0;0;0;0;0;0;0;0
62621;2029;1;11; Arena;0;155;45;0;0;0;0;0;0;0;0;0;0;0;0;;;;0;0;0;0;0;0;0;0;0;0;0;0;0;0;0;0;0;0;0;0;0;0;0;0;Regular Season;0;0;0;0;0;0;0;0;0;0
62507;2029;1;11;Pechanga Arena;0;58;44;0;0;0;0;0;0;0;0;0;0;0;0;;;;0;0;0;0;0;0;0;0;0;0;0;0;0;0;0;0;0;0;0;0;0;0;0;0;Regular Season;0;0;0;0;0;0;0;0;0;0
62384;2029;1;11;Stockton Arena;0;36;50;0;0;0;0;0;0;0;0;0;0;0;0;;;;0;0;0;0;0;0;0;0;0;0;0;0;0;0;0;0;0;0;0;0;0;0;0;0;Regular Season;0;0;0;0;0;0;0;0;0;0
62381;2029;1;11;Place Bell;0;47;62;0;0;0;0;0;0;0;0;0;0;0;0;;;;0;0;0;0;0;0;0;0;0;0;0;0;0;0;0;0;0;0;0;0;0;0;0;0;Regular Season;0;0;0;0;0;0;0;0;0;0
62443;2029;1;11;Dunkin' Donuts Center;0;34;123;0;0;0;0;0;0;0;0;0;0;0;0;;;;0;0;0;0;0;0;0;0;0;0;0;0;0;0;0;0;0;0;0;0;0;0;0;0;Regular Season;0;0;0;0;0;0;0;0;0;0
62374;2029;1;11;Lego Arena;0;53;38;0;0;0;0;0;0;0;0;0;0;0;0;;;;0;0;0;0;0;0;0;0;0;0;0;0;0;0;0;0;0;0;0;0;0;0;0;0;Regular Season;0;0;0;0;0;0;0;0;0;0
62399;2029;1;11;Upstate Medical University Arena;0;32;56;0;0;0;0;0;0;0;0;0;0;0;0;;;;0;0;0;0;0;0;0;0;0;0;0;0;0;0;0;0;0;0;0;0;0;0;0;0;Regular Season;0;0;0;0;0;0;0;0;0;0
62412;2029;1;12; Arena;0;123;153;0;0;0;0;0;0;0;0;0;0;0;0;;;;0;0;0;0;0;0;0;0;0;0;0;0;0;0;0;0;0;0;0;0;0;0;0;0;Regular Season;0;0;0;0;0;0;0;0;0;0
62321;2029;1;12;Costa Rican Airlines Arena;0;125;40;0;0;0;0;0;0;0;0;0;0;0;0;;;;0;0;0;0;0;0;0;0;0;0;0;0;0;0;0;0;0;0;0;0;0;0;0;0;Regular Season;0;0;0;0;0;0;0;0;0;0
62414;2029;1;12;Budweiser Events Center;0;62;36;0;0;0;0;0;0;0;0;0;0;0;0;;;;0;0;0;0;0;0;0;0;0;0;0;0;0;0;0;0;0;0;0;0;0;0;0;0;Regular Season;0;0;0;0;0;0;0;0;0;0
62398;2029;1;12;Centene Community Ice Center;0;54;55;0;0;0;0;0;0;0;0;0;0;0;0;;;;0;0;0;0;0;0;0;0;0;0;0;0;0;0;0;0;0;0;0;0;0;0;0;0;Regular Season;0;0;0;0;0;0;0;0;0;0
62493;2029;1;12;Upstate Medical University Arena;0;32;48;0;0;0;0;0;0;0;0;0;0;0;0;;;;0;0;0;0;0;0;0;0;0;0;0;0;0;0;0;0;0;0;0;0;0;0;0;0;Regular Season;0;0;0;0;0;0;0;0;0;0
62389;2029;1;12;Place Bell;0;47;37;0;0;0;0;0;0;0;0;0;0;0;0;;;;0;0;0;0;0;0;0;0;0;0;0;0;0;0;0;0;0;0;0;0;0;0;0;0;Regular Season;0;0;0;0;0;0;0;0;0;0
62407;2029;1;13;SAP Center;0;56;50;0;0;0;0;0;0;0;0;0;0;0;0;;;;0;0;0;0;0;0;0;0;0;0;0;0;0;0;0;0;0;0;0;0;0;0;0;0;Regular Season;0;0;0;0;0;0;0;0;0;0
62371;2029;1;13;Allstate Arena;0;60;43;0;0;0;0;0;0;0;0;0;0;0;0;;;;0;0;0;0;0;0;0;0;0;0;0;0;0;0;0;0;0;0;0;0;0;0;0;0;Regular Season;0;0;0;0;0;0;0;0;0;0
62731;2029;1;14;Toyota Arena;0;45;41;0;0;0;0;0;0;0;0;0;0;0;0;;;;0;0;0;0;0;0;0;0;0;0;0;0;0;0;0;0;0;0;0;0;0;0;0;0;Regular Season;0;0;0;0;0;0;0;0;0;0
62865;2029;1;14;Kapcsos Center;0;55;34;0;0;0;0;0;0;0;0;0;0;0;0;;;;0;0;0;0;0;0;0;0;0;0;0;0;0;0;0;0;0;0;0;0;0;0;0;0;Regular Season;0;0;0;0;0;0;0;0;0;0
62474;2029;1;14;Abbotsford Centre;0;57;38;0;0;0;0;0;0;0;0;0;0;0;0;;;;0;0;0;0;0;0;0;0;0;0;0;0;0;0;0;0;0;0;0;0;0;0;0;0;Regular Season;0;0;0;0;0;0;0;0;0;0
62395;2029;1;14;Lego Arena;0;53;155;0;0;0;0;0;0;0;0;0;0;0;0;;;;0;0;0;0;0;0;0;0;0;0;0;0;0;0;0;0;0;0;0;0;0;0;0;0;Regular Season;0;0;0;0;0;0;0;0;0;0
62509;2029;1;14;XL Center;0;33;32;0;0;0;0;0;0;0;0;0;0;0;0;;;;0;0;0;0;0;0;0;0;0;0;0;0;0;0;0;0;0;0;0;0;0;0;0;0;Regular Season;0;0;0;0;0;0;0;0;0;0
62450;2029;1;15;Dunkin' Donuts Center;0;34;125;0;0;0;0;0;0;0;0;0;0;0;0;;;;0;0;0;0;0;0;0;0;0;0;0;0;0;0;0;0;0;0;0;0;0;0;0;0;Regular Season;0;0;0;0;0;0;0;0;0;0
62439;2029;1;15;Centene Community Ice Center;0;54;155;0;0;0;0;0;0;0;0;0;0;0;0;;;;0;0;0;0;0;0;0;0;0;0;0;0;0;0;0;0;0;0;0;0;0;0;0;0;Regular Season;0;0;0;0;0;0;0;0;0;0
62615;2029;1;15;H-E-B Center;0;41;50;0;0;0;0;0;0;0;0;0;0;0;0;;;;0;0;0;0;0;0;0;0;0;0;0;0;0;0;0;0;0;0;0;0;0;0;0;0;Regular Season;0;0;0;0;0;0;0;0;0;0
62425;2029;1;15; Arena;0;153;37;0;0;0;0;0;0;0;0;0;0;0;0;;;;0;0;0;0;0;0;0;0;0;0;0;0;0;0;0;0;0;0;0;0;0;0;0;0;Regular Season;0;0;0;0;0;0;0;0;0;0
62464;2029;1;15;Upstate Medical University Arena;0;32;47;0;0;0;0;0;0;0;0;0;0;0;0;;;;0;0;0;0;0;0;0;0;0;0;0;0;0;0;0;0;0;0;0;0;0;0;0;0;Regular Season;0;0;0;0;0;0;0;0;0;0
62416;2029;1;15;Toyota Arena;0;45;36;0;0;0;0;0;0;0;0;0;0;0;0;;;;0;0;0;0;0;0;0;0;0;0;0;0;0;0;0;0;0;0;0;0;0;0;0;0;Regular Season;0;0;0;0;0;0;0;0;0;0
62387;2029;1;16;SaskTel Centre;0;43;36;0;0;0;0;0;0;0;0;0;0;0;0;;;;0;0;0;0;0;0;0;0;0;0;0;0;0;0;0;0;0;0;0;0;0;0;0;0;Regular Season;0;0;0;0;0;0;0;0;0;0
62481;2029;1;16;XL Center;0;33;38;0;0;0;0;0;0;0;0;0;0;0;0;;;;0;0;0;0;0;0;0;0;0;0;0;0;0;0;0;0;0;0;0;0;0;0;0;0;Regular Season;0;0;0;0;0;0;0;0;0;0
62405;2029;1;16;Lego Arena;0;53;60;0;0;0;0;0;0;0;0;0;0;0;0;;;;0;0;0;0;0;0;0;0;0;0;0;0;0;0;0;0;0;0;0;0;0;0;0;0;Regular Season;0;0;0;0;0;0;0;0;0;0
62368;2029;1;16;Oakland Coliseum;0;40;123;0;0;0;0;0;0;0;0;0;0;0;0;;;;0;0;0;0;0;0;0;0;0;0;0;0;0;0;0;0;0;0;0;0;0;0;0;0;Regular Season;0;0;0;0;0;0;0;0;0;0
62396;2029;1;16;Orleans Arena;0;44;47;0;0;0;0;0;0;0;0;0;0;0;0;;;;0;0;0;0;0;0;0;0;0;0;0;0;0;0;0;0;0;0;0;0;0;0;0;0;Regular Season;0;0;0;0;0;0;0;0;0;0
62462;2029;1;16;Bojangles' Coliseum;0;37;56;0;0;0;0;0;0;0;0;0;0;0;0;;;;0;0;0;0;0;0;0;0;0;0;0;0;0;0;0;0;0;0;0;0;0;0;0;0;Regular Season;0;0;0;0;0;0;0;0;0;0
62530;2029;1;17;XL Center;0;33;48;0;0;0;0;0;0;0;0;0;0;0;0;;;;0;0;0;0;0;0;0;0;0;0;0;0;0;0;0;0;0;0;0;0;0;0;0;0;Regular Season;0;0;0;0;0;0;0;0;0;0
62370;2029;1;17;Oakland Coliseum;0;40;62;0;0;0;0;0;0;0;0;0;0;0;0;;;;0;0;0;0;0;0;0;0;0;0;0;0;0;0;0;0;0;0;0;0;0;0;0;0;Regular Season;0;0;0;0;0;0;0;0;0;0
62522;2029;1;17;BMO Harris Bank Center;0;38;58;0;0;0;0;0;0;0;0;0;0;0;0;;;;0;0;0;0;0;0;0;0;0;0;0;0;0;0;0;0;0;0;0;0;0;0;0;0;Regular Season;0;0;0;0;0;0;0;0;0;0
62410;2029;1;17;Abbotsford Centre;0;57;53;0;0;0;0;0;0;0;0;0;0;0;0;;;;0;0;0;0;0;0;0;0;0;0;0;0;0;0;0;0;0;0;0;0;0;0;0;0;Regular Season;0;0;0;0;0;0;0;0;0;0
62447;2029;1;17;Centene Community Ice Center;0;54;45;0;0;0;0;0;0;0;0;0;0;0;0;;;;0;0;0;0;0;0;0;0;0;0;0;0;0;0;0;0;0;0;0;0;0;0;0;0;Regular Season;0;0;0;0;0;0;0;0;0;0
62440;2029;1;17;SaskTel Centre;0;43;56;0;0;0;0;0;0;0;0;0;0;0;0;;;;0;0;0;0;0;0;0;0;0;0;0;0;0;0;0;0;0;0;0;0;0;0;0;0;Regular Season;0;0;0;0;0;0;0;0;0;0
62523;2029;1;18;Pechanga Arena;0;58;57;0;0;0;0;0;0;0;0;0;0;0;0;;;;0;0;0;0;0;0;0;0;0;0;0;0;0;0;0;0;0;0;0;0;0;0;0;0;Regular Season;0;0;0;0;0;0;0;0;0;0
62454;2029;1;18;Coca-Cola Coliseum;0;59;60;0;0;0;0;0;0;0;0;0;0;0;0;;;;0;0;0;0;0;0;0;0;0;0;0;0;0;0;0;0;0;0;0;0;0;0;0;0;Regular Season;0;0;0;0;0;0;0;0;0;0
62567;2029;1;18;Webster Bank Arena;0;48;50;0;0;0;0;0;0;0;0;0;0;0;0;;;;0;0;0;0;0;0;0;0;0;0;0;0;0;0;0;0;0;0;0;0;0;0;0;0;Regular Season;0;0;0;0;0;0;0;0;0;0
62415;2029;1;18;Budweiser Events Center;0;62;153;0;0;0;0;0;0;0;0;0;0;0;0;;;;0;0;0;0;0;0;0;0;0;0;0;0;0;0;0;0;0;0;0;0;0;0;0;0;Regular Season;0;0;0;0;0;0;0;0;0;0
62483;2029;1;18;Dunkin' Donuts Center;0;34;54;0;0;0;0;0;0;0;0;0;0;0;0;;;;0;0;0;0;0;0;0;0;0;0;0;0;0;0;0;0;0;0;0;0;0;0;0;0;Regular Season;0;0;0;0;0;0;0;0;0;0
62545;2029;1;18;Orleans Arena;0;44;37;0;0;0;0;0;0;0;0;0;0;0;0;;;;0;0;0;0;0;0;0;0;0;0;0;0;0;0;0;0;0;0;0;0;0;0;0;0;Regular Season;0;0;0;0;0;0;0;0;0;0
62475;2029;1;18;Costa Rican Airlines Arena;0;125;45;0;0;0;0;0;0;0;0;0;0;0;0;;;;0;0;0;0;0;0;0;0;0;0;0;0;0;0;0;0;0;0;0;0;0;0;0;0;Regular Season;0;0;0;0;0;0;0;0;0;0
62427;2029;1;18;Stockton Arena;0;36;55;0;0;0;0;0;0;0;0;0;0;0;0;;;;0;0;0;0;0;0;0;0;0;0;0;0;0;0;0;0;0;0;0;0;0;0;0;0;Regular Season;0;0;0;0;0;0;0;0;0;0
62573;2029;1;19;UW–Milwaukee Panther Arena;0;50;33;0;0;0;0;0;0;0;0;0;0;0;0;;;;0;0;0;0;0;0;0;0;0;0;0;0;0;0;0;0;0;0;0;0;0;0;0;0;Regular Season;0;0;0;0;0;0;0;0;0;0
62578;2029;1;19;H-E-B Center;0;41;123;0;0;0;0;0;0;0;0;0;0;0;0;;;;0;0;0;0;0;0;0;0;0;0;0;0;0;0;0;0;0;0;0;0;0;0;0;0;Regular Season;0;0;0;0;0;0;0;0;0;0
62452;2029;1;19;Allstate Arena;0;60;153;0;0;0;0;0;0;0;0;0;0;0;0;;;;0;0;0;0;0;0;0;0;0;0;0;0;0;0;0;0;0;0;0;0;0;0;0;0;Regular Season;0;0;0;0;0;0;0;0;0;0
62418;2029;1;20;Lego Arena;0;53;155;0;0;0;0;0;0;0;0;0;0;0;0;;;;0;0;0;0;0;0;0;0;0;0;0;0;0;0;0;0;0;0;0;0;0;0;0;0;Regular Season;0;0;0;0;0;0;0;0;0;0
62372;2029;1;20; Arena;0;123;40;0;0;0;0;0;0;0;0;0;0;0;0;;;;0;0;0;0;0;0;0;0;0;0;0;0;0;0;0;0;0;0;0;0;0;0;0;0;Regular Season;0;0;0;0;0;0;0;0;0;0
62505;2029;1;20;SAP Center;0;56;48;0;0;0;0;0;0;0;0;0;0;0;0;;;;0;0;0;0;0;0;0;0;0;0;0;0;0;0;0;0;0;0;0;0;0;0;0;0;Regular Season;0;0;0;0;0;0;0;0;0;0
62438;2029;1;20;Budweiser Events Center;0;62;125;0;0;0;0;0;0;0;0;0;0;0;0;;;;0;0;0;0;0;0;0;0;0;0;0;0;0;0;0;0;0;0;0;0;0;0;0;0;Regular Season;0;0;0;0;0;0;0;0;0;0
62529;2029;1;20;Abbotsford Centre;0;57;38;0;0;0;0;0;0;0;0;0;0;0;0;;;;0;0;0;0;0;0;0;0;0;0;0;0;0;0;0;0;0;0;0;0;0;0;0;0;Regular Season;0;0;0;0;0;0;0;0;0;0
62403;2029;1;20;Coca-Cola Coliseum;0;59;55;0;0;0;0;0;0;0;0;0;0;0;0;;;;0;0;0;0;0;0;0;0;0;0;0;0;0;0;0;0;0;0;0;0;0;0;0;0;Regular Season;0;0;0;0;0;0;0;0;0;0
62423;2029;1;21;Place Bell;0;47;55;0;0;0;0;0;0;0;0;0;0;0;0;;;;0;0;0;0;0;0;0;0;0;0;0;0;0;0;0;0;0;0;0;0;0;0;0;0;Regular Season;0;0;0;0;0;0;0;0;0;0
62512;2029;1;21;Dunkin' Donuts Center;0;34;44;0;0;0;0;0;0;0;0;0;0;0;0;;;;0;0;0;0;0;0;0;0;0;0;0;0;0;0;0;0;0;0;0;0;0;0;0;0;Regular Season;0;0;0;0;0;0;0;0;0;0
62492;2029;1;21; Arena;0;155;54;0;0;0;0;0;0;0;0;0;0;0;0;;;;0;0;0;0;0;0;0;0;0;0;0;0;0;0;0;0;0;0;0;0;0;0;0;0;Regular Season;0;0;0;0;0;0;0;0;0;0
62473;2029;1;21;SaskTel Centre;0;43;59;0;0;0;0;0;0;0;0;0;0;0;0;;;;0;0;0;0;0;0;0;0;0;0;0;0;0;0;0;0;0;0;0;0;0;0;0;0;Regular Season;0;0;0;0;0;0;0;0;0;0
62456;2029;1;22; Arena;0;153;57;0;0;0;0;0;0;0;0;0;0;0;0;;;;0;0;0;0;0;0;0;0;0;0;0;0;0;0;0;0;0;0;0;0;0;0;0;0;Regular Season;0;0;0;0;0;0;0;0;0;0
62643;2029;1;22;Allstate Arena;0;60;123;0;0;0;0;0;0;0;0;0;0;0;0;;;;0;0;0;0;0;0;0;0;0;0;0;0;0;0;0;0;0;0;0;0;0;0;0;0;Regular Season;0;0;0;0;0;0;0;0;0;0
62435;2029;1;22;BMO Harris Bank Center;0;38;53;0;0;0;0;0;0;0;0;0;0;0;0;;;;0;0;0;0;0;0;0;0;0;0;0;0;0;0;0;0;0;0;0;0;0;0;0;0;Regular Season;0;0;0;0;0;0;0;0;0;0
62470;2029;1;22;Orleans Arena;0;44;62;0;0;0;0;0;0;0;0;0;0;0;0;;;;0;0;0;0;0;0;0;0;0;0;0;0;0;0;0;0;0;0;0;0;0;0;0;0;Regular Season;0;0;0;0;0;0;0;0;0;0
62620;2029;1;22;Pechanga Arena;0;58;56;0;0;0;0;0;0;0;0;0;0;0;0;;;;0;0;0;0;0;0;0;0;0;0;0;0;0;0;0;0;0;0;0;0;0;0;0;0;Regular Season;0;0;0;0;0;0;0;0;0;0
62491;2029;1;22;Place Bell;0;47;32;0;0;0;0;0;0;0;0;0;0;0;0;;;;0;0;0;0;0;0;0;0;0;0;0;0;0;0;0;0;0;0;0;0;0;0;0;0;Regular Season;0;0;0;0;0;0;0;0;0;0
62445;2029;1;23;Centene Community Ice Center;0;54;55;0;0;0;0;0;0;0;0;0;0;0;0;;;;0;0;0;0;0;0;0;0;0;0;0;0;0;0;0;0;0;0;0;0;0;0;0;0;Regular Season;0;0;0;0;0;0;0;0;0;0
62479;2029;1;23;SaskTel Centre;0;43;45;0;0;0;0;0;0;0;0;0;0;0;0;;;;0;0;0;0;0;0;0;0;0;0;0;0;0;0;0;0;0;0;0;0;0;0;0;0;Regular Season;0;0;0;0;0;0;0;0;0;0
62459;2029;1;23;Budweiser Events Center;0;62;37;0;0;0;0;0;0;0;0;0;0;0;0;;;;0;0;0;0;0;0;0;0;0;0;0;0;0;0;0;0;0;0;0;0;0;0;0;0;Regular Season;0;0;0;0;0;0;0;0;0;0
62433;2029;1;23;Oakland Coliseum;0;40;38;0;0;0;0;0;0;0;0;0;0;0;0;;;;0;0;0;0;0;0;0;0;0;0;0;0;0;0;0;0;0;0;0;0;0;0;0;0;Regular Season;0;0;0;0;0;0;0;0;0;0
62607;2029;1;23;Webster Bank Arena;0;48;34;0;0;0;0;0;0;0;0;0;0;0;0;;;;0;0;0;0;0;0;0;0;0;0;0;0;0;0;0;0;0;0;0;0;0;0;0;0;Regular Season;0;0;0;0;0;0;0;0;0;0
62520;2029;1;23;UW–Milwaukee Panther Arena;0;50;125;0;0;0;0;0;0;0;0;0;0;0;0;;;;0;0;0;0;0;0;0;0;0;0;0;0;0;0;0;0;0;0;0;0;0;0;0;0;Regular Season;0;0;0;0;0;0;0;0;0;0
62626;2029;1;23;Pechanga Arena;0;58;33;0;0;0;0;0;0;0;0;0;0;0;0;;;;0;0;0;0;0;0;0;0;0;0;0;0;0;0;0;0;0;0;0;0;0;0;0;0;Regular Season;0;0;0;0;0;0;0;0;0;0
62469;2029;1;23; Arena;0;153;41;0;0;0;0;0;0;0;0;0;0;0;0;;;;0;0;0;0;0;0;0;0;0;0;0;0;0;0;0;0;0;0;0;0;0;0;0;0;Regular Season;0;0;0;0;0;0;0;0;0;0
62647;2029;1;23; Arena;0;155;56;0;0;0;0;0;0;0;0;0;0;0;0;;;;0;0;0;0;0;0;0;0;0;0;0;0;0;0;0;0;0;0;0;0;0;0;0;0;Regular Season;0;0;0;0;0;0;0;0;0;0
62466;2029;1;23;Coca-Cola Coliseum;0;59;36;0;0;0;0;0;0;0;0;0;0;0;0;;;;0;0;0;0;0;0;0;0;0;0;0;0;0;0;0;0;0;0;0;0;0;0;0;0;Regular Season;0;0;0;0;0;0;0;0;0;0
62422;2029;1;24;Lego Arena;0;53;43;0;0;0;0;0;0;0;0;0;0;0;0;;;;0;0;0;0;0;0;0;0;0;0;0;0;0;0;0;0;0;0;0;0;0;0;0;0;Regular Season;0;0;0;0;0;0;0;0;0;0
62521;2029;1;24;XL Center;0;33;47;0;0;0;0;0;0;0;0;0;0;0;0;;;;0;0;0;0;0;0;0;0;0;0;0;0;0;0;0;0;0;0;0;0;0;0;0;0;Regular Season;0;0;0;0;0;0;0;0;0;0
62458;2029;1;25;Allstate Arena;0;60;59;0;0;0;0;0;0;0;0;0;0;0;0;;;;0;0;0;0;0;0;0;0;0;0;0;0;0;0;0;0;0;0;0;0;0;0;0;0;Regular Season;0;0;0;0;0;0;0;0;0;0
62472;2029;1;25;Kapcsos Center;0;55;62;0;0;0;0;0;0;0;0;0;0;0;0;;;;0;0;0;0;0;0;0;0;0;0;0;0;0;0;0;0;0;0;0;0;0;0;0;0;Regular Season;0;0;0;0;0;0;0;0;0;0
62630;2029;1;25; Arena;0;123;41;0;0;0;0;0;0;0;0;0;0;0;0;;;;0;0;0;0;0;0;0;0;0;0;0;0;0;0;0;0;0;0;0;0;0;0;0;0;Regular Season;0;0;0;0;0;0;0;0;0;0
62681;2029;1;25;Pechanga Arena;0;58;38;0;0;0;0;0;0;0;0;0;0;0;0;;;;0;0;0;0;0;0;0;0;0;0;0;0;0;0;0;0;0;0;0;0;0;0;0;0;Regular Season;0;0;0;0;0;0;0;0;0;0
62531;2029;1;25;Orleans Arena;0;44;54;0;0;0;0;0;0;0;0;0;0;0;0;;;;0;0;0;0;0;0;0;0;0;0;0;0;0;0;0;0;0;0;0;0;0;0;0;0;Regular Season;0;0;0;0;0;0;0;0;0;0
62451;2029;1;25; Arena;0;155;53;0;0;0;0;0;0;0;0;0;0;0;0;;;;0;0;0;0;0;0;0;0;0;0;0;0;0;0;0;0;0;0;0;0;0;0;0;0;Regular Season;0;0;0;0;0;0;0;0;0;0
62511;2029;1;25;UW–Milwaukee Panther Arena;0;50;47;0;0;0;0;0;0;0;0;0;0;0;0;;;;0;0;0;0;0;0;0;0;0;0;0;0;0;0;0;0;0;0;0;0;0;0;0;0;Regular Season;0;0;0;0;0;0;0;0;0;0
62430;2029;1;25;Oakland Coliseum;0;40;36;0;0;0;0;0;0;0;0;0;0;0;0;;;;0;0;0;0;0;0;0;0;0;0;0;0;0;0;0;0;0;0;0;0;0;0;0;0;Regular Season;0;0;0;0;0;0;0;0;0;0
62669;2029;1;25;Bojangles' Coliseum;0;37;56;0;0;0;0;0;0;0;0;0;0;0;0;;;;0;0;0;0;0;0;0;0;0;0;0;0;0;0;0;0;0;0;0;0;0;0;0;0;Regular Season;0;0;0;0;0;0;0;0;0;0
62516;2029;1;25;Costa Rican Airlines Arena;0;125;32;0;0;0;0;0;0;0;0;0;0;0;0;;;;0;0;0;0;0;0;0;0;0;0;0;0;0;0;0;0;0;0;0;0;0;0;0;0;Regular Season;0;0;0;0;0;0;0;0;0;0
62446;2029;1;26;Stockton Arena;0;36;48;0;0;0;0;0;0;0;0;0;0;0;0;;;;0;0;0;0;0;0;0;0;0;0;0;0;0;0;0;0;0;0;0;0;0;0;0;0;Regular Season;0;0;0;0;0;0;0;0;0;0
62477;2029;1;26;Costa Rican Airlines Arena;0;125;153;0;0;0;0;0;0;0;0;0;0;0;0;;;;0;0;0;0;0;0;0;0;0;0;0;0;0;0;0;0;0;0;0;0;0;0;0;0;Regular Season;0;0;0;0;0;0;0;0;0;0
62468;2029;1;26;Oakland Coliseum;0;40;123;0;0;0;0;0;0;0;0;0;0;0;0;;;;0;0;0;0;0;0;0;0;0;0;0;0;0;0;0;0;0;0;0;0;0;0;0;0;Regular Season;0;0;0;0;0;0;0;0;0;0
62555;2029;1;26;Toyota Arena;0;45;38;0;0;0;0;0;0;0;0;0;0;0;0;;;;0;0;0;0;0;0;0;0;0;0;0;0;0;0;0;0;0;0;0;0;0;0;0;0;Regular Season;0;0;0;0;0;0;0;0;0;0
62502;2029;1;26;Abbotsford Centre;0;57;43;0;0;0;0;0;0;0;0;0;0;0;0;;;;0;0;0;0;0;0;0;0;0;0;0;0;0;0;0;0;0;0;0;0;0;0;0;0;Regular Season;0;0;0;0;0;0;0;0;0;0
62532;2029;1;26;XL Center;0;33;34;0;0;0;0;0;0;0;0;0;0;0;0;;;;0;0;0;0;0;0;0;0;0;0;0;0;0;0;0;0;0;0;0;0;0;0;0;0;Regular Season;0;0;0;0;0;0;0;0;0;0
62602;2029;1;27;H-E-B Center;0;41;34;0;0;0;0;0;0;0;0;0;0;0;0;;;;0;0;0;0;0;0;0;0;0;0;0;0;0;0;0;0;0;0;0;0;0;0;0;0;Regular Season;0;0;0;0;0;0;0;0;0;0
62699;2029;1;27;Toyota Arena;0;45;37;0;0;0;0;0;0;0;0;0;0;0;0;;;;0;0;0;0;0;0;0;0;0;0;0;0;0;0;0;0;0;0;0;0;0;0;0;0;Regular Season;0;0;0;0;0;0;0;0;0;0
62508;2029;1;27;Coca-Cola Coliseum;0;59;50;0;0;0;0;0;0;0;0;0;0;0;0;;;;0;0;0;0;0;0;0;0;0;0;0;0;0;0;0;0;0;0;0;0;0;0;0;0;Regular Season;0;0;0;0;0;0;0;0;0;0
62597;2029;1;27;XL Center;0;33;44;0;0;0;0;0;0;0;0;0;0;0;0;;;;0;0;0;0;0;0;0;0;0;0;0;0;0;0;0;0;0;0;0;0;0;0;0;0;Regular Season;0;0;0;0;0;0;0;0;0;0
62510;2029;1;27;Upstate Medical University Arena;0;32;155;0;0;0;0;0;0;0;0;0;0;0;0;;;;0;0;0;0;0;0;0;0;0;0;0;0;0;0;0;0;0;0;0;0;0;0;0;0;Regular Season;0;0;0;0;0;0;0;0;0;0
62494;2029;1;27;Webster Bank Arena;0;48;55;0;0;0;0;0;0;0;0;0;0;0;0;;;;0;0;0;0;0;0;0;0;0;0;0;0;0;0;0;0;0;0;0;0;0;0;0;0;Regular Season;0;0;0;0;0;0;0;0;0;0
62539;2029;1;28;Lego Arena;0;53;125;0;0;0;0;0;0;0;0;0;0;0;0;;;;0;0;0;0;0;0;0;0;0;0;0;0;0;0;0;0;0;0;0;0;0;0;0;0;Regular Season;0;0;0;0;0;0;0;0;0;0
62504;2029;1;28;Abbotsford Centre;0;57;58;0;0;0;0;0;0;0;0;0;0;0;0;;;;0;0;0;0;0;0;0;0;0;0;0;0;0;0;0;0;0;0;0;0;0;0;0;0;Regular Season;0;0;0;0;0;0;0;0;0;0
62570;2029;1;29;Toyota Arena;0;45;50;0;0;0;0;0;0;0;0;0;0;0;0;;;;0;0;0;0;0;0;0;0;0;0;0;0;0;0;0;0;0;0;0;0;0;0;0;0;Regular Season;0;0;0;0;0;0;0;0;0;0
62487;2029;1;29;Stockton Arena;0;36;58;0;0;0;0;0;0;0;0;0;0;0;0;;;;0;0;0;0;0;0;0;0;0;0;0;0;0;0;0;0;0;0;0;0;0;0;0;0;Regular Season;0;0;0;0;0;0;0;0;0;0
62499;2029;1;29;Kapcsos Center;0;55;56;0;0;0;0;0;0;0;0;0;0;0;0;;;;0;0;0;0;0;0;0;0;0;0;0;0;0;0;0;0;0;0;0;0;0;0;0;0;Regular Season;0;0;0;0;0;0;0;0;0;0
62500;2029;1;29;Upstate Medical University Arena;0;32;47;0;0;0;0;0;0;0;0;0;0;0;0;;;;0;0;0;0;0;0;0;0;0;0;0;0;0;0;0;0;0;0;0;0;0;0;0;0;Regular Season;0;0;0;0;0;0;0;0;0;0
62540;2029;1;29;SaskTel Centre;0;43;38;0;0;0;0;0;0;0;0;0;0;0;0;;;;0;0;0;0;0;0;0;0;0;0;0;0;0;0;0;0;0;0;0;0;0;0;0;0;Regular Season;0;0;0;0;0;0;0;0;0;0
62554;2029;1;29; Arena;0;123;54;0;0;0;0;0;0;0;0;0;0;0;0;;;;0;0;0;0;0;0;0;0;0;0;0;0;0;0;0;0;0;0;0;0;0;0;0;0;Regular Season;0;0;0;0;0;0;0;0;0;0
62484;2029;1;30; Arena;0;153;33;0;0;0;0;0;0;0;0;0;0;0;0;;;;0;0;0;0;0;0;0;0;0;0;0;0;0;0;0;0;0;0;0;0;0;0;0;0;Regular Season;0;0;0;0;0;0;0;0;0;0
62489;2029;1;30;Stockton Arena;0;36;57;0;0;0;0;0;0;0;0;0;0;0;0;;;;0;0;0;0;0;0;0;0;0;0;0;0;0;0;0;0;0;0;0;0;0;0;0;0;Regular Season;0;0;0;0;0;0;0;0;0;0
62556;2029;1;30;Upstate Medical University Arena;0;32;38;0;0;0;0;0;0;0;0;0;0;0;0;;;;0;0;0;0;0;0;0;0;0;0;0;0;0;0;0;0;0;0;0;0;0;0;0;0;Regular Season;0;0;0;0;0;0;0;0;0;0
62546;2029;1;30;SaskTel Centre;0;43;123;0;0;0;0;0;0;0;0;0;0;0;0;;;;0;0;0;0;0;0;0;0;0;0;0;0;0;0;0;0;0;0;0;0;0;0;0;0;Regular Season;0;0;0;0;0;0;0;0;0;0
62527;2029;1;30;Budweiser Events Center;0;62;45;0;0;0;0;0;0;0;0;0;0;0;0;;;;0;0;0;0;0;0;0;0;0;0;0;0;0;0;0;0;0;0;0;0;0;0;0;0;Regular Season;0;0;0;0;0;0;0;0;0;0
62497;2029;1;30;Oakland Coliseum;0;40;60;0;0;0;0;0;0;0;0;0;0;0;0;;;;0;0;0;0;0;0;0;0;0;0;0;0;0;0;0;0;0;0;0;0;0;0;0;0;Regular Season;0;0;0;0;0;0;0;0;0;0
62537;2029;1;30;Webster Bank Arena;0;48;125;0;0;0;0;0;0;0;0;0;0;0;0;;;;0;0;0;0;0;0;0;0;0;0;0;0;0;0;0;0;0;0;0;0;0;0;0;0;Regular Season;0;0;0;0;0;0;0;0;0;0
62536;2029;1;30; Arena;0;155;55;0;0;0;0;0;0;0;0;0;0;0;0;;;;0;0;0;0;0;0;0;0;0;0;0;0;0;0;0;0;0;0;0;0;0;0;0;0;Regular Season;0;0;0;0;0;0;0;0;0;0
62482;2029;1;30;Coca-Cola Coliseum;0;59;37;0;0;0;0;0;0;0;0;0;0;0;0;;;;0;0;0;0;0;0;0;0;0;0;0;0;0;0;0;0;0;0;0;0;0;0;0;0;Regular Season;0;0;0;0;0;0;0;0;0;0
62549;2029;1;31;Pechanga Arena;0;58;125;0;0;0;0;0;0;0;0;0;0;0;0;;;;0;0;0;0;0;0;0;0;0;0;0;0;0;0;0;0;0;0;0;0;0;0;0;0;Regular Season;0;0;0;0;0;0;0;0;0;0
62513;2029;1;31;Budweiser Events Center;0;62;34;0;0;0;0;0;0;0;0;0;0;0;0;;;;0;0;0;0;0;0;0;0;0;0;0;0;0;0;0;0;0;0;0;0;0;0;0;0;Regular Season;0;0;0;0;0;0;0;0;0;0
62534;2029;1;31;Webster Bank Arena;0;48;59;0;0;0;0;0;0;0;0;0;0;0;0;;;;0;0;0;0;0;0;0;0;0;0;0;0;0;0;0;0;0;0;0;0;0;0;0;0;Regular Season;0;0;0;0;0;0;0;0;0;0
62503;2029;2;1;Oakland Coliseum;0;40;44;0;0;0;0;0;0;0;0;0;0;0;0;;;;0;0;0;0;0;0;0;0;0;0;0;0;0;0;0;0;0;0;0;0;0;0;0;0;Regular Season;0;0;0;0;0;0;0;0;0;0
62533;2029;2;1; Arena;0;155;153;0;0;0;0;0;0;0;0;0;0;0;0;;;;0;0;0;0;0;0;0;0;0;0;0;0;0;0;0;0;0;0;0;0;0;0;0;0;Regular Season;0;0;0;0;0;0;0;0;0;0
62580;2029;2;1;Kapcsos Center;0;55;34;0;0;0;0;0;0;0;0;0;0;0;0;;;;0;0;0;0;0;0;0;0;0;0;0;0;0;0;0;0;0;0;0;0;0;0;0;0;Regular Season;0;0;0;0;0;0;0;0;0;0
62490;2029;2;1;Bojangles' Coliseum;0;37;53;0;0;0;0;0;0;0;0;0;0;0;0;;;;0;0;0;0;0;0;0;0;0;0;0;0;0;0;0;0;0;0;0;0;0;0;0;0;Regular Season;0;0;0;0;0;0;0;0;0;0
62547;2029;2;1;H-E-B Center;0;41;57;0;0;0;0;0;0;0;0;0;0;0;0;;;;0;0;0;0;0;0;0;0;0;0;0;0;0;0;0;0;0;0;0;0;0;0;0;0;Regular Season;0;0;0;0;0;0;0;0;0;0
62515;2029;2;2;Oakland Coliseum;0;40;60;0;0;0;0;0;0;0;0;0;0;0;0;;;;0;0;0;0;0;0;0;0;0;0;0;0;0;0;0;0;0;0;0;0;0;0;0;0;Regular Season;0;0;0;0;0;0;0;0;0;0
62543;2029;2;2;Bojangles' Coliseum;0;37;47;0;0;0;0;0;0;0;0;0;0;0;0;;;;0;0;0;0;0;0;0;0;0;0;0;0;0;0;0;0;0;0;0;0;0;0;0;0;Regular Season;0;0;0;0;0;0;0;0;0;0
62627;2029;2;2;Upstate Medical University Arena;0;32;56;0;0;0;0;0;0;0;0;0;0;0;0;;;;0;0;0;0;0;0;0;0;0;0;0;0;0;0;0;0;0;0;0;0;0;0;0;0;Regular Season;0;0;0;0;0;0;0;0;0;0
62525;2029;2;2; Arena;0;153;33;0;0;0;0;0;0;0;0;0;0;0;0;;;;0;0;0;0;0;0;0;0;0;0;0;0;0;0;0;0;0;0;0;0;0;0;0;0;Regular Season;0;0;0;0;0;0;0;0;0;0
62566;2029;2;2;Lego Arena;0;53;58;0;0;0;0;0;0;0;0;0;0;0;0;;;;0;0;0;0;0;0;0;0;0;0;0;0;0;0;0;0;0;0;0;0;0;0;0;0;Regular Season;0;0;0;0;0;0;0;0;0;0
62551;2029;2;2;UW–Milwaukee Panther Arena;0;50;43;0;0;0;0;0;0;0;0;0;0;0;0;;;;0;0;0;0;0;0;0;0;0;0;0;0;0;0;0;0;0;0;0;0;0;0;0;0;Regular Season;0;0;0;0;0;0;0;0;0;0
62496;2029;2;2;BMO Harris Bank Center;0;38;36;0;0;0;0;0;0;0;0;0;0;0;0;;;;0;0;0;0;0;0;0;0;0;0;0;0;0;0;0;0;0;0;0;0;0;0;0;0;Regular Season;0;0;0;0;0;0;0;0;0;0
62604;2029;2;2;Webster Bank Arena;0;48;41;0;0;0;0;0;0;0;0;0;0;0;0;;;;0;0;0;0;0;0;0;0;0;0;0;0;0;0;0;0;0;0;0;0;0;0;0;0;Regular Season;0;0;0;0;0;0;0;0;0;0
62703;2029;2;3;Dunkin' Donuts Center;0;34;56;0;0;0;0;0;0;0;0;0;0;0;0;;;;0;0;0;0;0;0;0;0;0;0;0;0;0;0;0;0;0;0;0;0;0;0;0;0;Regular Season;0;0;0;0;0;0;0;0;0;0
62542;2029;2;3; Arena;0;155;62;0;0;0;0;0;0;0;0;0;0;0;0;;;;0;0;0;0;0;0;0;0;0;0;0;0;0;0;0;0;0;0;0;0;0;0;0;0;Regular Season;0;0;0;0;0;0;0;0;0;0
62776;2029;2;3;Toyota Arena;0;45;60;0;0;0;0;0;0;0;0;0;0;0;0;;;;0;0;0;0;0;0;0;0;0;0;0;0;0;0;0;0;0;0;0;0;0;0;0;0;Regular Season;0;0;0;0;0;0;0;0;0;0
62564;2029;2;3;Costa Rican Airlines Arena;0;125;50;0;0;0;0;0;0;0;0;0;0;0;0;;;;0;0;0;0;0;0;0;0;0;0;0;0;0;0;0;0;0;0;0;0;0;0;0;0;Regular Season;0;0;0;0;0;0;0;0;0;0
62563;2029;2;3;Coca-Cola Coliseum;0;59;33;0;0;0;0;0;0;0;0;0;0;0;0;;;;0;0;0;0;0;0;0;0;0;0;0;0;0;0;0;0;0;0;0;0;0;0;0;0;Regular Season;0;0;0;0;0;0;0;0;0;0
62613;2029;2;3;Orleans Arena;0;44;57;0;0;0;0;0;0;0;0;0;0;0;0;;;;0;0;0;0;0;0;0;0;0;0;0;0;0;0;0;0;0;0;0;0;0;0;0;0;Regular Season;0;0;0;0;0;0;0;0;0;0
62548;2029;2;4;Place Bell;0;47;41;0;0;0;0;0;0;0;0;0;0;0;0;;;;0;0;0;0;0;0;0;0;0;0;0;0;0;0;0;0;0;0;0;0;0;0;0;0;Regular Season;0;0;0;0;0;0;0;0;0;0
62575;2029;2;4; Arena;0;123;53;0;0;0;0;0;0;0;0;0;0;0;0;;;;0;0;0;0;0;0;0;0;0;0;0;0;0;0;0;0;0;0;0;0;0;0;0;0;Regular Season;0;0;0;0;0;0;0;0;0;0
62558;2029;2;5;Costa Rican Airlines Arena;0;125;47;0;0;0;0;0;0;0;0;0;0;0;0;;;;0;0;0;0;0;0;0;0;0;0;0;0;0;0;0;0;0;0;0;0;0;0;0;0;Regular Season;0;0;0;0;0;0;0;0;0;0
62541;2029;2;5; Arena;0;153;59;0;0;0;0;0;0;0;0;0;0;0;0;;;;0;0;0;0;0;0;0;0;0;0;0;0;0;0;0;0;0;0;0;0;0;0;0;0;Regular Season;0;0;0;0;0;0;0;0;0;0
62584;2029;2;5;Kapcsos Center;0;55;54;0;0;0;0;0;0;0;0;0;0;0;0;;;;0;0;0;0;0;0;0;0;0;0;0;0;0;0;0;0;0;0;0;0;0;0;0;0;Regular Season;0;0;0;0;0;0;0;0;0;0
62506;2029;2;5;Stockton Arena;0;36;32;0;0;0;0;0;0;0;0;0;0;0;0;;;;0;0;0;0;0;0;0;0;0;0;0;0;0;0;0;0;0;0;0;0;0;0;0;0;Regular Season;0;0;0;0;0;0;0;0;0;0
62519;2029;2;5;Oakland Coliseum;0;40;45;0;0;0;0;0;0;0;0;0;0;0;0;;;;0;0;0;0;0;0;0;0;0;0;0;0;0;0;0;0;0;0;0;0;0;0;0;0;Regular Season;0;0;0;0;0;0;0;0;0;0
62608;2029;2;5;Abbotsford Centre;0;57;43;0;0;0;0;0;0;0;0;0;0;0;0;;;;0;0;0;0;0;0;0;0;0;0;0;0;0;0;0;0;0;0;0;0;0;0;0;0;Regular Season;0;0;0;0;0;0;0;0;0;0
62544;2029;2;6; Arena;0;153;155;0;0;0;0;0;0;0;0;0;0;0;0;;;;0;0;0;0;0;0;0;0;0;0;0;0;0;0;0;0;0;0;0;0;0;0;0;0;Regular Season;0;0;0;0;0;0;0;0;0;0
62611;2029;2;6;Costa Rican Airlines Arena;0;125;56;0;0;0;0;0;0;0;0;0;0;0;0;;;;0;0;0;0;0;0;0;0;0;0;0;0;0;0;0;0;0;0;0;0;0;0;0;0;Regular Season;0;0;0;0;0;0;0;0;0;0
62639;2029;2;6;Orleans Arena;0;44;43;0;0;0;0;0;0;0;0;0;0;0;0;;;;0;0;0;0;0;0;0;0;0;0;0;0;0;0;0;0;0;0;0;0;0;0;0;0;Regular Season;0;0;0;0;0;0;0;0;0;0
62517;2029;2;6;Oakland Coliseum;0;40;48;0;0;0;0;0;0;0;0;0;0;0;0;;;;0;0;0;0;0;0;0;0;0;0;0;0;0;0;0;0;0;0;0;0;0;0;0;0;Regular Season;0;0;0;0;0;0;0;0;0;0
62596;2029;2;6; Arena;0;123;62;0;0;0;0;0;0;0;0;0;0;0;0;;;;0;0;0;0;0;0;0;0;0;0;0;0;0;0;0;0;0;0;0;0;0;0;0;0;Regular Season;0;0;0;0;0;0;0;0;0;0
62586;2029;2;6;Dunkin' Donuts Center;0;34;55;0;0;0;0;0;0;0;0;0;0;0;0;;;;0;0;0;0;0;0;0;0;0;0;0;0;0;0;0;0;0;0;0;0;0;0;0;0;Regular Season;0;0;0;0;0;0;0;0;0;0
62595;2029;2;6;UW–Milwaukee Panther Arena;0;50;57;0;0;0;0;0;0;0;0;0;0;0;0;;;;0;0;0;0;0;0;0;0;0;0;0;0;0;0;0;0;0;0;0;0;0;0;0;0;Regular Season;0;0;0;0;0;0;0;0;0;0
62696;2029;2;6;Upstate Medical University Arena;0;32;54;0;0;0;0;0;0;0;0;0;0;0;0;;;;0;0;0;0;0;0;0;0;0;0;0;0;0;0;0;0;0;0;0;0;0;0;0;0;Regular Season;0;0;0;0;0;0;0;0;0;0
62591;2029;2;6;H-E-B Center;0;41;53;0;0;0;0;0;0;0;0;0;0;0;0;;;;0;0;0;0;0;0;0;0;0;0;0;0;0;0;0;0;0;0;0;0;0;0;0;0;Regular Season;0;0;0;0;0;0;0;0;0;0
62823;2029;2;7;BMO Harris Bank Center;0;38;33;0;0;0;0;0;0;0;0;0;0;0;0;;;;0;0;0;0;0;0;0;0;0;0;0;0;0;0;0;0;0;0;0;0;0;0;0;0;Regular Season;0;0;0;0;0;0;0;0;0;0
62561;2029;2;7;Place Bell;0;47;45;0;0;0;0;0;0;0;0;0;0;0;0;;;;0;0;0;0;0;0;0;0;0;0;0;0;0;0;0;0;0;0;0;0;0;0;0;0;Regular Season;0;0;0;0;0;0;0;0;0;0
62569;2029;2;7;Stockton Arena;0;36;59;0;0;0;0;0;0;0;0;0;0;0;0;;;;0;0;0;0;0;0;0;0;0;0;0;0;0;0;0;0;0;0;0;0;0;0;0;0;Regular Season;0;0;0;0;0;0;0;0;0;0
62644;2029;2;8;Lego Arena;0;53;123;0;0;0;0;0;0;0;0;0;0;0;0;;;;0;0;0;0;0;0;0;0;0;0;0;0;0;0;0;0;0;0;0;0;0;0;0;0;Regular Season;0;0;0;0;0;0;0;0;0;0
62625;2029;2;8;Orleans Arena;0;44;155;0;0;0;0;0;0;0;0;0;0;0;0;;;;0;0;0;0;0;0;0;0;0;0;0;0;0;0;0;0;0;0;0;0;0;0;0;0;Regular Season;0;0;0;0;0;0;0;0;0;0
62654;2029;2;8;Dunkin' Donuts Center;0;34;43;0;0;0;0;0;0;0;0;0;0;0;0;;;;0;0;0;0;0;0;0;0;0;0;0;0;0;0;0;0;0;0;0;0;0;0;0;0;Regular Season;0;0;0;0;0;0;0;0;0;0
62583;2029;2;8;Webster Bank Arena;0;48;37;0;0;0;0;0;0;0;0;0;0;0;0;;;;0;0;0;0;0;0;0;0;0;0;0;0;0;0;0;0;0;0;0;0;0;0;0;0;Regular Season;0;0;0;0;0;0;0;0;0;0
62526;2029;2;8;Stockton Arena;0;36;60;0;0;0;0;0;0;0;0;0;0;0;0;;;;0;0;0;0;0;0;0;0;0;0;0;0;0;0;0;0;0;0;0;0;0;0;0;0;Regular Season;0;0;0;0;0;0;0;0;0;0
62727;2029;2;8;XL Center;0;33;56;0;0;0;0;0;0;0;0;0;0;0;0;;;;0;0;0;0;0;0;0;0;0;0;0;0;0;0;0;0;0;0;0;0;0;0;0;0;Regular Season;0;0;0;0;0;0;0;0;0;0
62568;2029;2;8;H-E-B Center;0;41;55;0;0;0;0;0;0;0;0;0;0;0;0;;;;0;0;0;0;0;0;0;0;0;0;0;0;0;0;0;0;0;0;0;0;0;0;0;0;Regular Season;0;0;0;0;0;0;0;0;0;0
62571;2029;2;9;Coca-Cola Coliseum;0;59;41;0;0;0;0;0;0;0;0;0;0;0;0;;;;0;0;0;0;0;0;0;0;0;0;0;0;0;0;0;0;0;0;0;0;0;0;0;0;Regular Season;0;0;0;0;0;0;0;0;0;0
62614;2029;2;9;UW–Milwaukee Panther Arena;0;50;54;0;0;0;0;0;0;0;0;0;0;0;0;;;;0;0;0;0;0;0;0;0;0;0;0;0;0;0;0;0;0;0;0;0;0;0;0;0;Regular Season;0;0;0;0;0;0;0;0;0;0
62557;2029;2;9; Arena;0;155;32;0;0;0;0;0;0;0;0;0;0;0;0;;;;0;0;0;0;0;0;0;0;0;0;0;0;0;0;0;0;0;0;0;0;0;0;0;0;Regular Season;0;0;0;0;0;0;0;0;0;0
62528;2029;2;9;Pechanga Arena;0;58;40;0;0;0;0;0;0;0;0;0;0;0;0;;;;0;0;0;0;0;0;0;0;0;0;0;0;0;0;0;0;0;0;0;0;0;0;0;0;Regular Season;0;0;0;0;0;0;0;0;0;0
62590;2029;2;9;Lego Arena;0;53;45;0;0;0;0;0;0;0;0;0;0;0;0;;;;0;0;0;0;0;0;0;0;0;0;0;0;0;0;0;0;0;0;0;0;0;0;0;0;Regular Season;0;0;0;0;0;0;0;0;0;0
62622;2029;2;9;SAP Center;0;56;62;0;0;0;0;0;0;0;0;0;0;0;0;;;;0;0;0;0;0;0;0;0;0;0;0;0;0;0;0;0;0;0;0;0;0;0;0;0;Regular Season;0;0;0;0;0;0;0;0;0;0
62598;2029;2;10;Abbotsford Centre;0;57;50;0;0;0;0;0;0;0;0;0;0;0;0;;;;0;0;0;0;0;0;0;0;0;0;0;0;0;0;0;0;0;0;0;0;0;0;0;0;Regular Season;0;0;0;0;0;0;0;0;0;0
62790;2029;2;10;Costa Rican Airlines Arena;0;125;38;0;0;0;0;0;0;0;0;0;0;0;0;;;;0;0;0;0;0;0;0;0;0;0;0;0;0;0;0;0;0;0;0;0;0;0;0;0;Regular Season;0;0;0;0;0;0;0;0;0;0
62612;2029;2;10;Bojangles' Coliseum;0;37;48;0;0;0;0;0;0;0;0;0;0;0;0;;;;0;0;0;0;0;0;0;0;0;0;0;0;0;0;0;0;0;0;0;0;0;0;0;0;Regular Season;0;0;0;0;0;0;0;0;0;0
62633;2029;2;10; Arena;0;123;58;0;0;0;0;0;0;0;0;0;0;0;0;;;;0;0;0;0;0;0;0;0;0;0;0;0;0;0;0;0;0;0;0;0;0;0;0;0;Regular Season;0;0;0;0;0;0;0;0;0;0
62565;2029;2;10;Allstate Arena;0;60;47;0;0;0;0;0;0;0;0;0;0;0;0;;;;0;0;0;0;0;0;0;0;0;0;0;0;0;0;0;0;0;0;0;0;0;0;0;0;Regular Season;0;0;0;0;0;0;0;0;0;0
62629;2029;2;11;Dunkin' Donuts Center;0;34;37;0;0;0;0;0;0;0;0;0;0;0;0;;;;0;0;0;0;0;0;0;0;0;0;0;0;0;0;0;0;0;0;0;0;0;0;0;0;Regular Season;0;0;0;0;0;0;0;0;0;0
62577;2029;2;11; Arena;0;153;60;0;0;0;0;0;0;0;0;0;0;0;0;;;;0;0;0;0;0;0;0;0;0;0;0;0;0;0;0;0;0;0;0;0;0;0;0;0;Regular Season;0;0;0;0;0;0;0;0;0;0
62600;2029;2;11;Budweiser Events Center;0;62;44;0;0;0;0;0;0;0;0;0;0;0;0;;;;0;0;0;0;0;0;0;0;0;0;0;0;0;0;0;0;0;0;0;0;0;0;0;0;Regular Season;0;0;0;0;0;0;0;0;0;0
62572;2029;2;12;Place Bell;0;47;155;0;0;0;0;0;0;0;0;0;0;0;0;;;;0;0;0;0;0;0;0;0;0;0;0;0;0;0;0;0;0;0;0;0;0;0;0;0;Regular Season;0;0;0;0;0;0;0;0;0;0
62679;2029;2;12;SaskTel Centre;0;43;55;0;0;0;0;0;0;0;0;0;0;0;0;;;;0;0;0;0;0;0;0;0;0;0;0;0;0;0;0;0;0;0;0;0;0;0;0;0;Regular Season;0;0;0;0;0;0;0;0;0;0
62624;2029;2;12;Pechanga Arena;0;58;36;0;0;0;0;0;0;0;0;0;0;0;0;;;;0;0;0;0;0;0;0;0;0;0;0;0;0;0;0;0;0;0;0;0;0;0;0;0;Regular Season;0;0;0;0;0;0;0;0;0;0
62594;2029;2;12;Coca-Cola Coliseum;0;59;48;0;0;0;0;0;0;0;0;0;0;0;0;;;;0;0;0;0;0;0;0;0;0;0;0;0;0;0;0;0;0;0;0;0;0;0;0;0;Regular Season;0;0;0;0;0;0;0;0;0;0
62637;2029;2;12;Centene Community Ice Center;0;54;62;0;0;0;0;0;0;0;0;0;0;0;0;;;;0;0;0;0;0;0;0;0;0;0;0;0;0;0;0;0;0;0;0;0;0;0;0;0;Regular Season;0;0;0;0;0;0;0;0;0;0
62631;2029;2;12; Arena;0;123;45;0;0;0;0;0;0;0;0;0;0;0;0;;;;0;0;0;0;0;0;0;0;0;0;0;0;0;0;0;0;0;0;0;0;0;0;0;0;Regular Season;0;0;0;0;0;0;0;0;0;0
62593;2029;2;13;Coca-Cola Coliseum;0;59;56;0;0;0;0;0;0;0;0;0;0;0;0;;;;0;0;0;0;0;0;0;0;0;0;0;0;0;0;0;0;0;0;0;0;0;0;0;0;Regular Season;0;0;0;0;0;0;0;0;0;0
62535;2029;2;13;Oakland Coliseum;0;40;60;0;0;0;0;0;0;0;0;0;0;0;0;;;;0;0;0;0;0;0;0;0;0;0;0;0;0;0;0;0;0;0;0;0;0;0;0;0;Regular Season;0;0;0;0;0;0;0;0;0;0
62574;2029;2;13;Stockton Arena;0;36;153;0;0;0;0;0;0;0;0;0;0;0;0;;;;0;0;0;0;0;0;0;0;0;0;0;0;0;0;0;0;0;0;0;0;0;0;0;0;Regular Season;0;0;0;0;0;0;0;0;0;0
62660;2029;2;13;Upstate Medical University Arena;0;32;34;0;0;0;0;0;0;0;0;0;0;0;0;;;;0;0;0;0;0;0;0;0;0;0;0;0;0;0;0;0;0;0;0;0;0;0;0;0;Regular Season;0;0;0;0;0;0;0;0;0;0
62588;2029;2;13;Pechanga Arena;0;58;47;0;0;0;0;0;0;0;0;0;0;0;0;;;;0;0;0;0;0;0;0;0;0;0;0;0;0;0;0;0;0;0;0;0;0;0;0;0;Regular Season;0;0;0;0;0;0;0;0;0;0
62635;2029;2;13; Arena;0;123;38;0;0;0;0;0;0;0;0;0;0;0;0;;;;0;0;0;0;0;0;0;0;0;0;0;0;0;0;0;0;0;0;0;0;0;0;0;0;Regular Season;0;0;0;0;0;0;0;0;0;0
62632;2029;2;13;UW–Milwaukee Panther Arena;0;50;37;0;0;0;0;0;0;0;0;0;0;0;0;;;;0;0;0;0;0;0;0;0;0;0;0;0;0;0;0;0;0;0;0;0;0;0;0;0;Regular Season;0;0;0;0;0;0;0;0;0;0
62640;2029;2;14;BMO Harris Bank Center;0;38;41;0;0;0;0;0;0;0;0;0;0;0;0;;;;0;0;0;0;0;0;0;0;0;0;0;0;0;0;0;0;0;0;0;0;0;0;0;0;Regular Season;0;0;0;0;0;0;0;0;0;0
62672;2029;2;14;Webster Bank Arena;0;48;33;0;0;0;0;0;0;0;0;0;0;0;0;;;;0;0;0;0;0;0;0;0;0;0;0;0;0;0;0;0;0;0;0;0;0;0;0;0;Regular Season;0;0;0;0;0;0;0;0;0;0
62636;2029;2;14;Kapcsos Center;0;55;155;0;0;0;0;0;0;0;0;0;0;0;0;;;;0;0;0;0;0;0;0;0;0;0;0;0;0;0;0;0;0;0;0;0;0;0;0;0;Regular Season;0;0;0;0;0;0;0;0;0;0
62653;2029;2;14;Costa Rican Airlines Arena;0;125;37;0;0;0;0;0;0;0;0;0;0;0;0;;;;0;0;0;0;0;0;0;0;0;0;0;0;0;0;0;0;0;0;0;0;0;0;0;0;Regular Season;0;0;0;0;0;0;0;0;0;0
62550;2029;2;15;Oakland Coliseum;0;40;33;0;0;0;0;0;0;0;0;0;0;0;0;;;;0;0;0;0;0;0;0;0;0;0;0;0;0;0;0;0;0;0;0;0;0;0;0;0;Regular Season;0;0;0;0;0;0;0;0;0;0
62715;2029;2;15;Lego Arena;0;53;34;0;0;0;0;0;0;0;0;0;0;0;0;;;;0;0;0;0;0;0;0;0;0;0;0;0;0;0;0;0;0;0;0;0;0;0;0;0;Regular Season;0;0;0;0;0;0;0;0;0;0
62589;2029;2;15; Arena;0;155;60;0;0;0;0;0;0;0;0;0;0;0;0;;;;0;0;0;0;0;0;0;0;0;0;0;0;0;0;0;0;0;0;0;0;0;0;0;0;Regular Season;0;0;0;0;0;0;0;0;0;0
62606;2029;2;15;Toyota Arena;0;45;57;0;0;0;0;0;0;0;0;0;0;0;0;;;;0;0;0;0;0;0;0;0;0;0;0;0;0;0;0;0;0;0;0;0;0;0;0;0;Regular Season;0;0;0;0;0;0;0;0;0;0
62599;2029;2;15;Upstate Medical University Arena;0;32;59;0;0;0;0;0;0;0;0;0;0;0;0;;;;0;0;0;0;0;0;0;0;0;0;0;0;0;0;0;0;0;0;0;0;0;0;0;0;Regular Season;0;0;0;0;0;0;0;0;0;0
62616;2029;2;15;Orleans Arena;0;44;50;0;0;0;0;0;0;0;0;0;0;0;0;;;;0;0;0;0;0;0;0;0;0;0;0;0;0;0;0;0;0;0;0;0;0;0;0;0;Regular Season;0;0;0;0;0;0;0;0;0;0
62645;2029;2;15;SaskTel Centre;0;43;58;0;0;0;0;0;0;0;0;0;0;0;0;;;;0;0;0;0;0;0;0;0;0;0;0;0;0;0;0;0;0;0;0;0;0;0;0;0;Regular Season;0;0;0;0;0;0;0;0;0;0
62659;2029;2;15;Kapcsos Center;0;55;62;0;0;0;0;0;0;0;0;0;0;0;0;;;;0;0;0;0;0;0;0;0;0;0;0;0;0;0;0;0;0;0;0;0;0;0;0;0;Regular Season;0;0;0;0;0;0;0;0;0;0
62581;2029;2;15;SAP Center;0;56;153;0;0;0;0;0;0;0;0;0;0;0;0;;;;0;0;0;0;0;0;0;0;0;0;0;0;0;0;0;0;0;0;0;0;0;0;0;0;Regular Season;0;0;0;0;0;0;0;0;0;0
62664;2029;2;15;H-E-B Center;0;41;123;0;0;0;0;0;0;0;0;0;0;0;0;;;;0;0;0;0;0;0;0;0;0;0;0;0;0;0;0;0;0;0;0;0;0;0;0;0;Regular Season;0;0;0;0;0;0;0;0;0;0
62634;2029;2;16;Dunkin' Donuts Center;0;34;37;0;0;0;0;0;0;0;0;0;0;0;0;;;;0;0;0;0;0;0;0;0;0;0;0;0;0;0;0;0;0;0;0;0;0;0;0;0;Regular Season;0;0;0;0;0;0;0;0;0;0
62651;2029;2;16;Upstate Medical University Arena;0;32;62;0;0;0;0;0;0;0;0;0;0;0;0;;;;0;0;0;0;0;0;0;0;0;0;0;0;0;0;0;0;0;0;0;0;0;0;0;0;Regular Season;0;0;0;0;0;0;0;0;0;0
62582;2029;2;16;BMO Harris Bank Center;0;38;153;0;0;0;0;0;0;0;0;0;0;0;0;;;;0;0;0;0;0;0;0;0;0;0;0;0;0;0;0;0;0;0;0;0;0;0;0;0;Regular Season;0;0;0;0;0;0;0;0;0;0
62628;2029;2;16;Stockton Arena;0;36;125;0;0;0;0;0;0;0;0;0;0;0;0;;;;0;0;0;0;0;0;0;0;0;0;0;0;0;0;0;0;0;0;0;0;0;0;0;0;Regular Season;0;0;0;0;0;0;0;0;0;0
62755;2029;2;16;Orleans Arena;0;44;43;0;0;0;0;0;0;0;0;0;0;0;0;;;;0;0;0;0;0;0;0;0;0;0;0;0;0;0;0;0;0;0;0;0;0;0;0;0;Regular Season;0;0;0;0;0;0;0;0;0;0
62764;2029;2;17;Centene Community Ice Center;0;54;33;0;0;0;0;0;0;0;0;0;0;0;0;;;;0;0;0;0;0;0;0;0;0;0;0;0;0;0;0;0;0;0;0;0;0;0;0;0;Regular Season;0;0;0;0;0;0;0;0;0;0
62673;2029;2;17;H-E-B Center;0;41;48;0;0;0;0;0;0;0;0;0;0;0;0;;;;0;0;0;0;0;0;0;0;0;0;0;0;0;0;0;0;0;0;0;0;0;0;0;0;Regular Season;0;0;0;0;0;0;0;0;0;0
62576;2029;2;17;Place Bell;0;47;57;0;0;0;0;0;0;0;0;0;0;0;0;;;;0;0;0;0;0;0;0;0;0;0;0;0;0;0;0;0;0;0;0;0;0;0;0;0;Regular Season;0;0;0;0;0;0;0;0;0;0
62552;2029;2;17;Lego Arena;0;53;40;0;0;0;0;0;0;0;0;0;0;0;0;;;;0;0;0;0;0;0;0;0;0;0;0;0;0;0;0;0;0;0;0;0;0;0;0;0;Regular Season;0;0;0;0;0;0;0;0;0;0
62712;2029;2;18;UW–Milwaukee Panther Arena;0;50;56;0;0;0;0;0;0;0;0;0;0;0;0;;;;0;0;0;0;0;0;0;0;0;0;0;0;0;0;0;0;0;0;0;0;0;0;0;0;Regular Season;0;0;0;0;0;0;0;0;0;0
62579;2029;2;18;Costa Rican Airlines Arena;0;125;60;0;0;0;0;0;0;0;0;0;0;0;0;;;;0;0;0;0;0;0;0;0;0;0;0;0;0;0;0;0;0;0;0;0;0;0;0;0;Regular Season;0;0;0;0;0;0;0;0;0;0
62617;2029;2;18;Abbotsford Centre;0;57;45;0;0;0;0;0;0;0;0;0;0;0;0;;;;0;0;0;0;0;0;0;0;0;0;0;0;0;0;0;0;0;0;0;0;0;0;0;0;Regular Season;0;0;0;0;0;0;0;0;0;0
62638;2029;2;19;Pechanga Arena;0;58;45;0;0;0;0;0;0;0;0;0;0;0;0;;;;0;0;0;0;0;0;0;0;0;0;0;0;0;0;0;0;0;0;0;0;0;0;0;0;Regular Season;0;0;0;0;0;0;0;0;0;0
62592;2029;2;19;Bojangles' Coliseum;0;37;153;0;0;0;0;0;0;0;0;0;0;0;0;;;;0;0;0;0;0;0;0;0;0;0;0;0;0;0;0;0;0;0;0;0;0;0;0;0;Regular Season;0;0;0;0;0;0;0;0;0;0
62719;2029;2;19;UW–Milwaukee Panther Arena;0;50;55;0;0;0;0;0;0;0;0;0;0;0;0;;;;0;0;0;0;0;0;0;0;0;0;0;0;0;0;0;0;0;0;0;0;0;0;0;0;Regular Season;0;0;0;0;0;0;0;0;0;0
62642;2029;2;19;Stockton Arena;0;36;43;0;0;0;0;0;0;0;0;0;0;0;0;;;;0;0;0;0;0;0;0;0;0;0;0;0;0;0;0;0;0;0;0;0;0;0;0;0;Regular Season;0;0;0;0;0;0;0;0;0;0
62743;2029;2;19; Arena;0;123;38;0;0;0;0;0;0;0;0;0;0;0;0;;;;0;0;0;0;0;0;0;0;0;0;0;0;0;0;0;0;0;0;0;0;0;0;0;0;Regular Season;0;0;0;0;0;0;0;0;0;0
62609;2029;2;19;H-E-B Center;0;41;47;0;0;0;0;0;0;0;0;0;0;0;0;;;;0;0;0;0;0;0;0;0;0;0;0;0;0;0;0;0;0;0;0;0;0;0;0;0;Regular Season;0;0;0;0;0;0;0;0;0;0
62559;2029;2;20;Allstate Arena;0;60;40;0;0;0;0;0;0;0;0;0;0;0;0;;;;0;0;0;0;0;0;0;0;0;0;0;0;0;0;0;0;0;0;0;0;0;0;0;0;Regular Season;0;0;0;0;0;0;0;0;0;0
62667;2029;2;20;Bojangles' Coliseum;0;37;44;0;0;0;0;0;0;0;0;0;0;0;0;;;;0;0;0;0;0;0;0;0;0;0;0;0;0;0;0;0;0;0;0;0;0;0;0;0;Regular Season;0;0;0;0;0;0;0;0;0;0
62680;2029;2;20;Dunkin' Donuts Center;0;34;58;0;0;0;0;0;0;0;0;0;0;0;0;;;;0;0;0;0;0;0;0;0;0;0;0;0;0;0;0;0;0;0;0;0;0;0;0;0;Regular Season;0;0;0;0;0;0;0;0;0;0
62661;2029;2;20;Costa Rican Airlines Arena;0;125;53;0;0;0;0;0;0;0;0;0;0;0;0;;;;0;0;0;0;0;0;0;0;0;0;0;0;0;0;0;0;0;0;0;0;0;0;0;0;Regular Season;0;0;0;0;0;0;0;0;0;0
62663;2029;2;20;SAP Center;0;56;155;0;0;0;0;0;0;0;0;0;0;0;0;;;;0;0;0;0;0;0;0;0;0;0;0;0;0;0;0;0;0;0;0;0;0;0;0;0;Regular Season;0;0;0;0;0;0;0;0;0;0
62658;2029;2;20;Centene Community Ice Center;0;54;47;0;0;0;0;0;0;0;0;0;0;0;0;;;;0;0;0;0;0;0;0;0;0;0;0;0;0;0;0;0;0;0;0;0;0;0;0;0;Regular Season;0;0;0;0;0;0;0;0;0;0
62718;2029;2;20;XL Center;0;33;32;0;0;0;0;0;0;0;0;0;0;0;0;;;;0;0;0;0;0;0;0;0;0;0;0;0;0;0;0;0;0;0;0;0;0;0;0;0;Regular Season;0;0;0;0;0;0;0;0;0;0
62601;2029;2;20;Coca-Cola Coliseum;0;59;153;0;0;0;0;0;0;0;0;0;0;0;0;;;;0;0;0;0;0;0;0;0;0;0;0;0;0;0;0;0;0;0;0;0;0;0;0;0;Regular Season;0;0;0;0;0;0;0;0;0;0
62618;2029;2;20;Stockton Arena;0;36;57;0;0;0;0;0;0;0;0;0;0;0;0;;;;0;0;0;0;0;0;0;0;0;0;0;0;0;0;0;0;0;0;0;0;0;0;0;0;Regular Season;0;0;0;0;0;0;0;0;0;0
62709;2029;2;20;Budweiser Events Center;0;62;43;0;0;0;0;0;0;0;0;0;0;0;0;;;;0;0;0;0;0;0;0;0;0;0;0;0;0;0;0;0;0;0;0;0;0;0;0;0;Regular Season;0;0;0;0;0;0;0;0;0;0
62671;2029;2;21;Centene Community Ice Center;0;54;123;0;0;0;0;0;0;0;0;0;0;0;0;;;;0;0;0;0;0;0;0;0;0;0;0;0;0;0;0;0;0;0;0;0;0;0;0;0;Regular Season;0;0;0;0;0;0;0;0;0;0
62585;2029;2;21;Oakland Coliseum;0;40;41;0;0;0;0;0;0;0;0;0;0;0;0;;;;0;0;0;0;0;0;0;0;0;0;0;0;0;0;0;0;0;0;0;0;0;0;0;0;Regular Season;0;0;0;0;0;0;0;0;0;0
62641;2029;2;21;Abbotsford Centre;0;57;45;0;0;0;0;0;0;0;0;0;0;0;0;;;;0;0;0;0;0;0;0;0;0;0;0;0;0;0;0;0;0;0;0;0;0;0;0;0;Regular Season;0;0;0;0;0;0;0;0;0;0
62730;2029;2;21;Upstate Medical University Arena;0;32;50;0;0;0;0;0;0;0;0;0;0;0;0;;;;0;0;0;0;0;0;0;0;0;0;0;0;0;0;0;0;0;0;0;0;0;0;0;0;Regular Season;0;0;0;0;0;0;0;0;0;0
62693;2029;2;22;Orleans Arena;0;44;36;0;0;0;0;0;0;0;0;0;0;0;0;;;;0;0;0;0;0;0;0;0;0;0;0;0;0;0;0;0;0;0;0;0;0;0;0;0;Regular Season;0;0;0;0;0;0;0;0;0;0
62795;2029;2;22;Kapcsos Center;0;55;62;0;0;0;0;0;0;0;0;0;0;0;0;;;;0;0;0;0;0;0;0;0;0;0;0;0;0;0;0;0;0;0;0;0;0;0;0;0;Regular Season;0;0;0;0;0;0;0;0;0;0
62676;2029;2;22; Arena;0;155;45;0;0;0;0;0;0;0;0;0;0;0;0;;;;0;0;0;0;0;0;0;0;0;0;0;0;0;0;0;0;0;0;0;0;0;0;0;0;Regular Season;0;0;0;0;0;0;0;0;0;0
62662;2029;2;22;Costa Rican Airlines Arena;0;125;123;0;0;0;0;0;0;0;0;0;0;0;0;;;;0;0;0;0;0;0;0;0;0;0;0;0;0;0;0;0;0;0;0;0;0;0;0;0;Regular Season;0;0;0;0;0;0;0;0;0;0
62771;2029;2;22;SaskTel Centre;0;43;41;0;0;0;0;0;0;0;0;0;0;0;0;;;;0;0;0;0;0;0;0;0;0;0;0;0;0;0;0;0;0;0;0;0;0;0;0;0;Regular Season;0;0;0;0;0;0;0;0;0;0
62623;2029;2;22;XL Center;0;33;153;0;0;0;0;0;0;0;0;0;0;0;0;;;;0;0;0;0;0;0;0;0;0;0;0;0;0;0;0;0;0;0;0;0;0;0;0;0;Regular Season;0;0;0;0;0;0;0;0;0;0
62610;2029;2;22;Place Bell;0;47;60;0;0;0;0;0;0;0;0;0;0;0;0;;;;0;0;0;0;0;0;0;0;0;0;0;0;0;0;0;0;0;0;0;0;0;0;0;0;Regular Season;0;0;0;0;0;0;0;0;0;0
62675;2029;2;22;Webster Bank Arena;0;48;56;0;0;0;0;0;0;0;0;0;0;0;0;;;;0;0;0;0;0;0;0;0;0;0;0;0;0;0;0;0;0;0;0;0;0;0;0;0;Regular Season;0;0;0;0;0;0;0;0;0;0
62619;2029;2;22;UW–Milwaukee Panther Arena;0;50;59;0;0;0;0;0;0;0;0;0;0;0;0;;;;0;0;0;0;0;0;0;0;0;0;0;0;0;0;0;0;0;0;0;0;0;0;0;0;Regular Season;0;0;0;0;0;0;0;0;0;0
62670;2029;2;22;BMO Harris Bank Center;0;38;53;0;0;0;0;0;0;0;0;0;0;0;0;;;;0;0;0;0;0;0;0;0;0;0;0;0;0;0;0;0;0;0;0;0;0;0;0;0;Regular Season;0;0;0;0;0;0;0;0;0;0
62765;2029;2;23;Centene Community Ice Center;0;54;62;0;0;0;0;0;0;0;0;0;0;0;0;;;;0;0;0;0;0;0;0;0;0;0;0;0;0;0;0;0;0;0;0;0;0;0;0;0;Regular Season;0;0;0;0;0;0;0;0;0;0
62683;2029;2;23;Webster Bank Arena;0;48;34;0;0;0;0;0;0;0;0;0;0;0;0;;;;0;0;0;0;0;0;0;0;0;0;0;0;0;0;0;0;0;0;0;0;0;0;0;0;Regular Season;0;0;0;0;0;0;0;0;0;0
62674;2029;2;23;Upstate Medical University Arena;0;32;53;0;0;0;0;0;0;0;0;0;0;0;0;;;;0;0;0;0;0;0;0;0;0;0;0;0;0;0;0;0;0;0;0;0;0;0;0;0;Regular Season;0;0;0;0;0;0;0;0;0;0
62665;2029;2;23;Orleans Arena;0;44;58;0;0;0;0;0;0;0;0;0;0;0;0;;;;0;0;0;0;0;0;0;0;0;0;0;0;0;0;0;0;0;0;0;0;0;0;0;0;Regular Season;0;0;0;0;0;0;0;0;0;0
62688;2029;2;24;Bojangles' Coliseum;0;37;33;0;0;0;0;0;0;0;0;0;0;0;0;;;;0;0;0;0;0;0;0;0;0;0;0;0;0;0;0;0;0;0;0;0;0;0;0;0;Regular Season;0;0;0;0;0;0;0;0;0;0
62587;2029;2;24; Arena;0;155;40;0;0;0;0;0;0;0;0;0;0;0;0;;;;0;0;0;0;0;0;0;0;0;0;0;0;0;0;0;0;0;0;0;0;0;0;0;0;Regular Season;0;0;0;0;0;0;0;0;0;0
62646;2029;2;24;SAP Center;0;56;59;0;0;0;0;0;0;0;0;0;0;0;0;;;;0;0;0;0;0;0;0;0;0;0;0;0;0;0;0;0;0;0;0;0;0;0;0;0;Regular Season;0;0;0;0;0;0;0;0;0;0
62655;2029;2;24;Abbotsford Centre;0;57;60;0;0;0;0;0;0;0;0;0;0;0;0;;;;0;0;0;0;0;0;0;0;0;0;0;0;0;0;0;0;0;0;0;0;0;0;0;0;Regular Season;0;0;0;0;0;0;0;0;0;0
62701;2029;2;25;Costa Rican Airlines Arena;0;125;48;0;0;0;0;0;0;0;0;0;0;0;0;;;;0;0;0;0;0;0;0;0;0;0;0;0;0;0;0;0;0;0;0;0;0;0;0;0;Regular Season;0;0;0;0;0;0;0;0;0;0
62808;2029;2;25;Dunkin' Donuts Center;0;34;55;0;0;0;0;0;0;0;0;0;0;0;0;;;;0;0;0;0;0;0;0;0;0;0;0;0;0;0;0;0;0;0;0;0;0;0;0;0;Regular Season;0;0;0;0;0;0;0;0;0;0
62684;2029;2;26;H-E-B Center;0;41;57;0;0;0;0;0;0;0;0;0;0;0;0;;;;0;0;0;0;0;0;0;0;0;0;0;0;0;0;0;0;0;0;0;0;0;0;0;0;Regular Season;0;0;0;0;0;0;0;0;0;0
62648;2029;2;26;Place Bell;0;47;153;0;0;0;0;0;0;0;0;0;0;0;0;;;;0;0;0;0;0;0;0;0;0;0;0;0;0;0;0;0;0;0;0;0;0;0;0;0;Regular Season;0;0;0;0;0;0;0;0;0;0
62694;2029;2;26;Toyota Arena;0;45;59;0;0;0;0;0;0;0;0;0;0;0;0;;;;0;0;0;0;0;0;0;0;0;0;0;0;0;0;0;0;0;0;0;0;0;0;0;0;Regular Season;0;0;0;0;0;0;0;0;0;0
62840;2029;2;26;SaskTel Centre;0;43;53;0;0;0;0;0;0;0;0;0;0;0;0;;;;0;0;0;0;0;0;0;0;0;0;0;0;0;0;0;0;0;0;0;0;0;0;0;0;Regular Season;0;0;0;0;0;0;0;0;0;0
62657;2029;2;26;Pechanga Arena;0;58;40;0;0;0;0;0;0;0;0;0;0;0;0;;;;0;0;0;0;0;0;0;0;0;0;0;0;0;0;0;0;0;0;0;0;0;0;0;0;Regular Season;0;0;0;0;0;0;0;0;0;0
62760;2029;2;26;Upstate Medical University Arena;0;32;44;0;0;0;0;0;0;0;0;0;0;0;0;;;;0;0;0;0;0;0;0;0;0;0;0;0;0;0;0;0;0;0;0;0;0;0;0;0;Regular Season;0;0;0;0;0;0;0;0;0;0
62707;2029;2;27;SAP Center;0;56;32;0;0;0;0;0;0;0;0;0;0;0;0;;;;0;0;0;0;0;0;0;0;0;0;0;0;0;0;0;0;0;0;0;0;0;0;0;0;Regular Season;0;0;0;0;0;0;0;0;0;0
62777;2029;2;27;Kapcsos Center;0;55;37;0;0;0;0;0;0;0;0;0;0;0;0;;;;0;0;0;0;0;0;0;0;0;0;0;0;0;0;0;0;0;0;0;0;0;0;0;0;Regular Season;0;0;0;0;0;0;0;0;0;0
62686;2029;2;27;Toyota Arena;0;45;43;0;0;0;0;0;0;0;0;0;0;0;0;;;;0;0;0;0;0;0;0;0;0;0;0;0;0;0;0;0;0;0;0;0;0;0;0;0;Regular Season;0;0;0;0;0;0;0;0;0;0
62605;2029;2;27;BMO Harris Bank Center;0;38;40;0;0;0;0;0;0;0;0;0;0;0;0;;;;0;0;0;0;0;0;0;0;0;0;0;0;0;0;0;0;0;0;0;0;0;0;0;0;Regular Season;0;0;0;0;0;0;0;0;0;0
62656;2029;2;27;H-E-B Center;0;41;60;0;0;0;0;0;0;0;0;0;0;0;0;;;;0;0;0;0;0;0;0;0;0;0;0;0;0;0;0;0;0;0;0;0;0;0;0;0;Regular Season;0;0;0;0;0;0;0;0;0;0
62779;2029;2;27;XL Center;0;33;54;0;0;0;0;0;0;0;0;0;0;0;0;;;;0;0;0;0;0;0;0;0;0;0;0;0;0;0;0;0;0;0;0;0;0;0;0;0;Regular Season;0;0;0;0;0;0;0;0;0;0
62725;2029;2;27; Arena;0;155;125;0;0;0;0;0;0;0;0;0;0;0;0;;;;0;0;0;0;0;0;0;0;0;0;0;0;0;0;0;0;0;0;0;0;0;0;0;0;Regular Season;0;0;0;0;0;0;0;0;0;0
62717;2029;2;27;Stockton Arena;0;36;123;0;0;0;0;0;0;0;0;0;0;0;0;;;;0;0;0;0;0;0;0;0;0;0;0;0;0;0;0;0;0;0;0;0;0;0;0;0;Regular Season;0;0;0;0;0;0;0;0;0;0
62685;2029;2;27;Pechanga Arena;0;58;62;0;0;0;0;0;0;0;0;0;0;0;0;;;;0;0;0;0;0;0;0;0;0;0;0;0;0;0;0;0;0;0;0;0;0;0;0;0;Regular Season;0;0;0;0;0;0;0;0;0;0
62650;2029;2;27;Coca-Cola Coliseum;0;59;47;0;0;0;0;0;0;0;0;0;0;0;0;;;;0;0;0;0;0;0;0;0;0;0;0;0;0;0;0;0;0;0;0;0;0;0;0;0;Regular Season;0;0;0;0;0;0;0;0;0;0
62652;2029;2;27; Arena;0;153;48;0;0;0;0;0;0;0;0;0;0;0;0;;;;0;0;0;0;0;0;0;0;0;0;0;0;0;0;0;0;0;0;0;0;0;0;0;0;Regular Season;0;0;0;0;0;0;0;0;0;0
62678;2029;2;28;Lego Arena;0;53;123;0;0;0;0;0;0;0;0;0;0;0;0;;;;0;0;0;0;0;0;0;0;0;0;0;0;0;0;0;0;0;0;0;0;0;0;0;0;Regular Season;0;0;0;0;0;0;0;0;0;0
62738;2029;2;28;Costa Rican Airlines Arena;0;125;36;0;0;0;0;0;0;0;0;0;0;0;0;;;;0;0;0;0;0;0;0;0;0;0;0;0;0;0;0;0;0;0;0;0;0;0;0;0;Regular Season;0;0;0;0;0;0;0;0;0;0
62690;2029;3;1;UW–Milwaukee Panther Arena;0;50;45;0;0;0;0;0;0;0;0;0;0;0;0;;;;0;0;0;0;0;0;0;0;0;0;0;0;0;0;0;0;0;0;0;0;0;0;0;0;Regular Season;0;0;0;0;0;0;0;0;0;0
62775;2029;3;1;Webster Bank Arena;0;48;33;0;0;0;0;0;0;0;0;0;0;0;0;;;;0;0;0;0;0;0;0;0;0;0;0;0;0;0;0;0;0;0;0;0;0;0;0;0;Regular Season;0;0;0;0;0;0;0;0;0;0
62695;2029;3;1;BMO Harris Bank Center;0;38;44;0;0;0;0;0;0;0;0;0;0;0;0;;;;0;0;0;0;0;0;0;0;0;0;0;0;0;0;0;0;0;0;0;0;0;0;0;0;Regular Season;0;0;0;0;0;0;0;0;0;0
62687;2029;3;1;Dunkin' Donuts Center;0;34;57;0;0;0;0;0;0;0;0;0;0;0;0;;;;0;0;0;0;0;0;0;0;0;0;0;0;0;0;0;0;0;0;0;0;0;0;0;0;Regular Season;0;0;0;0;0;0;0;0;0;0
62668;2029;3;1; Arena;0;153;56;0;0;0;0;0;0;0;0;0;0;0;0;;;;0;0;0;0;0;0;0;0;0;0;0;0;0;0;0;0;0;0;0;0;0;0;0;0;Regular Season;0;0;0;0;0;0;0;0;0;0
62710;2029;3;1;Centene Community Ice Center;0;54;37;0;0;0;0;0;0;0;0;0;0;0;0;;;;0;0;0;0;0;0;0;0;0;0;0;0;0;0;0;0;0;0;0;0;0;0;0;0;Regular Season;0;0;0;0;0;0;0;0;0;0
62649;2029;3;2;Orleans Arena;0;44;40;0;0;0;0;0;0;0;0;0;0;0;0;;;;0;0;0;0;0;0;0;0;0;0;0;0;0;0;0;0;0;0;0;0;0;0;0;0;Regular Season;0;0;0;0;0;0;0;0;0;0
62713;2029;3;2;Budweiser Events Center;0;62;37;0;0;0;0;0;0;0;0;0;0;0;0;;;;0;0;0;0;0;0;0;0;0;0;0;0;0;0;0;0;0;0;0;0;0;0;0;0;Regular Season;0;0;0;0;0;0;0;0;0;0
62705;2029;3;2;Place Bell;0;47;50;0;0;0;0;0;0;0;0;0;0;0;0;;;;0;0;0;0;0;0;0;0;0;0;0;0;0;0;0;0;0;0;0;0;0;0;0;0;Regular Season;0;0;0;0;0;0;0;0;0;0
62689;2029;3;2;Stockton Arena;0;36;58;0;0;0;0;0;0;0;0;0;0;0;0;;;;0;0;0;0;0;0;0;0;0;0;0;0;0;0;0;0;0;0;0;0;0;0;0;0;Regular Season;0;0;0;0;0;0;0;0;0;0
62798;2029;3;2;Kapcsos Center;0;55;41;0;0;0;0;0;0;0;0;0;0;0;0;;;;0;0;0;0;0;0;0;0;0;0;0;0;0;0;0;0;0;0;0;0;0;0;0;0;Regular Season;0;0;0;0;0;0;0;0;0;0
62813;2029;3;2;SaskTel Centre;0;43;38;0;0;0;0;0;0;0;0;0;0;0;0;;;;0;0;0;0;0;0;0;0;0;0;0;0;0;0;0;0;0;0;0;0;0;0;0;0;Regular Season;0;0;0;0;0;0;0;0;0;0
62726;2029;3;2;Centene Community Ice Center;0;54;59;0;0;0;0;0;0;0;0;0;0;0;0;;;;0;0;0;0;0;0;0;0;0;0;0;0;0;0;0;0;0;0;0;0;0;0;0;0;Regular Season;0;0;0;0;0;0;0;0;0;0
62736;2029;3;2; Arena;0;123;125;0;0;0;0;0;0;0;0;0;0;0;0;;;;0;0;0;0;0;0;0;0;0;0;0;0;0;0;0;0;0;0;0;0;0;0;0;0;Regular Season;0;0;0;0;0;0;0;0;0;0
62691;2029;3;2;Allstate Arena;0;60;57;0;0;0;0;0;0;0;0;0;0;0;0;;;;0;0;0;0;0;0;0;0;0;0;0;0;0;0;0;0;0;0;0;0;0;0;0;0;Regular Season;0;0;0;0;0;0;0;0;0;0
62728;2029;3;3;Dunkin' Donuts Center;0;34;48;0;0;0;0;0;0;0;0;0;0;0;0;;;;0;0;0;0;0;0;0;0;0;0;0;0;0;0;0;0;0;0;0;0;0;0;0;0;Regular Season;0;0;0;0;0;0;0;0;0;0
62804;2029;3;3;Kapcsos Center;0;55;53;0;0;0;0;0;0;0;0;0;0;0;0;;;;0;0;0;0;0;0;0;0;0;0;0;0;0;0;0;0;0;0;0;0;0;0;0;0;Regular Season;0;0;0;0;0;0;0;0;0;0
62708;2029;3;4;Allstate Arena;0;60;56;0;0;0;0;0;0;0;0;0;0;0;0;;;;0;0;0;0;0;0;0;0;0;0;0;0;0;0;0;0;0;0;0;0;0;0;0;0;Regular Season;0;0;0;0;0;0;0;0;0;0
62742;2029;3;4;UW–Milwaukee Panther Arena;0;50;33;0;0;0;0;0;0;0;0;0;0;0;0;;;;0;0;0;0;0;0;0;0;0;0;0;0;0;0;0;0;0;0;0;0;0;0;0;0;Regular Season;0;0;0;0;0;0;0;0;0;0
62692;2029;3;5;Abbotsford Centre;0;57;32;0;0;0;0;0;0;0;0;0;0;0;0;;;;0;0;0;0;0;0;0;0;0;0;0;0;0;0;0;0;0;0;0;0;0;0;0;0;Regular Season;0;0;0;0;0;0;0;0;0;0
62754;2029;3;5;Dunkin' Donuts Center;0;34;47;0;0;0;0;0;0;0;0;0;0;0;0;;;;0;0;0;0;0;0;0;0;0;0;0;0;0;0;0;0;0;0;0;0;0;0;0;0;Regular Season;0;0;0;0;0;0;0;0;0;0
62851;2029;3;5;Budweiser Events Center;0;62;54;0;0;0;0;0;0;0;0;0;0;0;0;;;;0;0;0;0;0;0;0;0;0;0;0;0;0;0;0;0;0;0;0;0;0;0;0;0;Regular Season;0;0;0;0;0;0;0;0;0;0
62677;2029;3;5;Bojangles' Coliseum;0;37;40;0;0;0;0;0;0;0;0;0;0;0;0;;;;0;0;0;0;0;0;0;0;0;0;0;0;0;0;0;0;0;0;0;0;0;0;0;0;Regular Season;0;0;0;0;0;0;0;0;0;0
62702;2029;3;5;Costa Rican Airlines Arena;0;125;58;0;0;0;0;0;0;0;0;0;0;0;0;;;;0;0;0;0;0;0;0;0;0;0;0;0;0;0;0;0;0;0;0;0;0;0;0;0;Regular Season;0;0;0;0;0;0;0;0;0;0
62739;2029;3;5;H-E-B Center;0;41;60;0;0;0;0;0;0;0;0;0;0;0;0;;;;0;0;0;0;0;0;0;0;0;0;0;0;0;0;0;0;0;0;0;0;0;0;0;0;Regular Season;0;0;0;0;0;0;0;0;0;0
62746;2029;3;5;SaskTel Centre;0;43;50;0;0;0;0;0;0;0;0;0;0;0;0;;;;0;0;0;0;0;0;0;0;0;0;0;0;0;0;0;0;0;0;0;0;0;0;0;0;Regular Season;0;0;0;0;0;0;0;0;0;0
62698;2029;3;5;Webster Bank Arena;0;48;45;0;0;0;0;0;0;0;0;0;0;0;0;;;;0;0;0;0;0;0;0;0;0;0;0;0;0;0;0;0;0;0;0;0;0;0;0;0;Regular Season;0;0;0;0;0;0;0;0;0;0
62781;2029;3;5;Stockton Arena;0;36;123;0;0;0;0;0;0;0;0;0;0;0;0;;;;0;0;0;0;0;0;0;0;0;0;0;0;0;0;0;0;0;0;0;0;0;0;0;0;Regular Season;0;0;0;0;0;0;0;0;0;0
62809;2029;3;6;Upstate Medical University Arena;0;32;37;0;0;0;0;0;0;0;0;0;0;0;0;;;;0;0;0;0;0;0;0;0;0;0;0;0;0;0;0;0;0;0;0;0;0;0;0;0;Regular Season;0;0;0;0;0;0;0;0;0;0
62722;2029;3;6;SAP Center;0;56;34;0;0;0;0;0;0;0;0;0;0;0;0;;;;0;0;0;0;0;0;0;0;0;0;0;0;0;0;0;0;0;0;0;0;0;0;0;0;Regular Season;0;0;0;0;0;0;0;0;0;0
62666;2029;3;6;Oakland Coliseum;0;40;55;0;0;0;0;0;0;0;0;0;0;0;0;;;;0;0;0;0;0;0;0;0;0;0;0;0;0;0;0;0;0;0;0;0;0;0;0;0;Regular Season;0;0;0;0;0;0;0;0;0;0
62734;2029;3;6;Lego Arena;0;53;58;0;0;0;0;0;0;0;0;0;0;0;0;;;;0;0;0;0;0;0;0;0;0;0;0;0;0;0;0;0;0;0;0;0;0;0;0;0;Regular Season;0;0;0;0;0;0;0;0;0;0
62704;2029;3;6;Toyota Arena;0;45;155;0;0;0;0;0;0;0;0;0;0;0;0;;;;0;0;0;0;0;0;0;0;0;0;0;0;0;0;0;0;0;0;0;0;0;0;0;0;Regular Season;0;0;0;0;0;0;0;0;0;0
62697;2029;3;6; Arena;0;123;57;0;0;0;0;0;0;0;0;0;0;0;0;;;;0;0;0;0;0;0;0;0;0;0;0;0;0;0;0;0;0;0;0;0;0;0;0;0;Regular Season;0;0;0;0;0;0;0;0;0;0
62768;2029;3;6;Webster Bank Arena;0;48;54;0;0;0;0;0;0;0;0;0;0;0;0;;;;0;0;0;0;0;0;0;0;0;0;0;0;0;0;0;0;0;0;0;0;0;0;0;0;Regular Season;0;0;0;0;0;0;0;0;0;0
62711;2029;3;6;SaskTel Centre;0;43;153;0;0;0;0;0;0;0;0;0;0;0;0;;;;0;0;0;0;0;0;0;0;0;0;0;0;0;0;0;0;0;0;0;0;0;0;0;0;Regular Season;0;0;0;0;0;0;0;0;0;0
62720;2029;3;6;Stockton Arena;0;36;44;0;0;0;0;0;0;0;0;0;0;0;0;;;;0;0;0;0;0;0;0;0;0;0;0;0;0;0;0;0;0;0;0;0;0;0;0;0;Regular Season;0;0;0;0;0;0;0;0;0;0
62759;2029;3;6;Budweiser Events Center;0;62;59;0;0;0;0;0;0;0;0;0;0;0;0;;;;0;0;0;0;0;0;0;0;0;0;0;0;0;0;0;0;0;0;0;0;0;0;0;0;Regular Season;0;0;0;0;0;0;0;0;0;0
62733;2029;3;7;UW–Milwaukee Panther Arena;0;50;56;0;0;0;0;0;0;0;0;0;0;0;0;;;;0;0;0;0;0;0;0;0;0;0;0;0;0;0;0;0;0;0;0;0;0;0;0;0;Regular Season;0;0;0;0;0;0;0;0;0;0
62767;2029;3;8;Bojangles' Coliseum;0;37;59;0;0;0;0;0;0;0;0;0;0;0;0;;;;0;0;0;0;0;0;0;0;0;0;0;0;0;0;0;0;0;0;0;0;0;0;0;0;Regular Season;0;0;0;0;0;0;0;0;0;0
62750;2029;3;8;Allstate Arena;0;60;53;0;0;0;0;0;0;0;0;0;0;0;0;;;;0;0;0;0;0;0;0;0;0;0;0;0;0;0;0;0;0;0;0;0;0;0;0;0;Regular Season;0;0;0;0;0;0;0;0;0;0
62806;2029;3;8;Place Bell;0;47;38;0;0;0;0;0;0;0;0;0;0;0;0;;;;0;0;0;0;0;0;0;0;0;0;0;0;0;0;0;0;0;0;0;0;0;0;0;0;Regular Season;0;0;0;0;0;0;0;0;0;0
62745;2029;3;8;UW–Milwaukee Panther Arena;0;50;155;0;0;0;0;0;0;0;0;0;0;0;0;;;;0;0;0;0;0;0;0;0;0;0;0;0;0;0;0;0;0;0;0;0;0;0;0;0;Regular Season;0;0;0;0;0;0;0;0;0;0
62812;2029;3;8;Kapcsos Center;0;55;34;0;0;0;0;0;0;0;0;0;0;0;0;;;;0;0;0;0;0;0;0;0;0;0;0;0;0;0;0;0;0;0;0;0;0;0;0;0;Regular Season;0;0;0;0;0;0;0;0;0;0
62737;2029;3;8;Orleans Arena;0;44;58;0;0;0;0;0;0;0;0;0;0;0;0;;;;0;0;0;0;0;0;0;0;0;0;0;0;0;0;0;0;0;0;0;0;0;0;0;0;Regular Season;0;0;0;0;0;0;0;0;0;0
62846;2029;3;8;Centene Community Ice Center;0;54;32;0;0;0;0;0;0;0;0;0;0;0;0;;;;0;0;0;0;0;0;0;0;0;0;0;0;0;0;0;0;0;0;0;0;0;0;0;0;Regular Season;0;0;0;0;0;0;0;0;0;0
62772;2029;3;8;XL Center;0;33;45;0;0;0;0;0;0;0;0;0;0;0;0;;;;0;0;0;0;0;0;0;0;0;0;0;0;0;0;0;0;0;0;0;0;0;0;0;0;Regular Season;0;0;0;0;0;0;0;0;0;0
62700;2029;3;9; Arena;0;153;47;0;0;0;0;0;0;0;0;0;0;0;0;;;;0;0;0;0;0;0;0;0;0;0;0;0;0;0;0;0;0;0;0;0;0;0;0;0;Regular Season;0;0;0;0;0;0;0;0;0;0
62682;2029;3;9;Oakland Coliseum;0;40;57;0;0;0;0;0;0;0;0;0;0;0;0;;;;0;0;0;0;0;0;0;0;0;0;0;0;0;0;0;0;0;0;0;0;0;0;0;0;Regular Season;0;0;0;0;0;0;0;0;0;0
62819;2029;3;9;Kapcsos Center;0;55;43;0;0;0;0;0;0;0;0;0;0;0;0;;;;0;0;0;0;0;0;0;0;0;0;0;0;0;0;0;0;0;0;0;0;0;0;0;0;Regular Season;0;0;0;0;0;0;0;0;0;0
62756;2029;3;9;Coca-Cola Coliseum;0;59;53;0;0;0;0;0;0;0;0;0;0;0;0;;;;0;0;0;0;0;0;0;0;0;0;0;0;0;0;0;0;0;0;0;0;0;0;0;0;Regular Season;0;0;0;0;0;0;0;0;0;0
62741;2029;3;9;SAP Center;0;56;41;0;0;0;0;0;0;0;0;0;0;0;0;;;;0;0;0;0;0;0;0;0;0;0;0;0;0;0;0;0;0;0;0;0;0;0;0;0;Regular Season;0;0;0;0;0;0;0;0;0;0
62780;2029;3;9;Allstate Arena;0;60;38;0;0;0;0;0;0;0;0;0;0;0;0;;;;0;0;0;0;0;0;0;0;0;0;0;0;0;0;0;0;0;0;0;0;0;0;0;0;Regular Season;0;0;0;0;0;0;0;0;0;0
62773;2029;3;9;Stockton Arena;0;36;33;0;0;0;0;0;0;0;0;0;0;0;0;;;;0;0;0;0;0;0;0;0;0;0;0;0;0;0;0;0;0;0;0;0;0;0;0;0;Regular Season;0;0;0;0;0;0;0;0;0;0
62716;2029;3;10;H-E-B Center;0;41;153;0;0;0;0;0;0;0;0;0;0;0;0;;;;0;0;0;0;0;0;0;0;0;0;0;0;0;0;0;0;0;0;0;0;0;0;0;0;Regular Season;0;0;0;0;0;0;0;0;0;0
62769;2029;3;10;Orleans Arena;0;44;48;0;0;0;0;0;0;0;0;0;0;0;0;;;;0;0;0;0;0;0;0;0;0;0;0;0;0;0;0;0;0;0;0;0;0;0;0;0;Regular Season;0;0;0;0;0;0;0;0;0;0
62752;2029;3;11;Costa Rican Airlines Arena;0;125;155;0;0;0;0;0;0;0;0;0;0;0;0;;;;0;0;0;0;0;0;0;0;0;0;0;0;0;0;0;0;0;0;0;0;0;0;0;0;Regular Season;0;0;0;0;0;0;0;0;0;0
62723;2029;3;12; Arena;0;153;33;0;0;0;0;0;0;0;0;0;0;0;0;;;;0;0;0;0;0;0;0;0;0;0;0;0;0;0;0;0;0;0;0;0;0;0;0;0;Regular Season;0;0;0;0;0;0;0;0;0;0
62792;2029;3;12;Orleans Arena;0;44;125;0;0;0;0;0;0;0;0;0;0;0;0;;;;0;0;0;0;0;0;0;0;0;0;0;0;0;0;0;0;0;0;0;0;0;0;0;0;Regular Season;0;0;0;0;0;0;0;0;0;0
62706;2029;3;12; Arena;0;123;40;0;0;0;0;0;0;0;0;0;0;0;0;;;;0;0;0;0;0;0;0;0;0;0;0;0;0;0;0;0;0;0;0;0;0;0;0;0;Regular Season;0;0;0;0;0;0;0;0;0;0
62751;2029;3;12;Budweiser Events Center;0;62;57;0;0;0;0;0;0;0;0;0;0;0;0;;;;0;0;0;0;0;0;0;0;0;0;0;0;0;0;0;0;0;0;0;0;0;0;0;0;Regular Season;0;0;0;0;0;0;0;0;0;0
62811;2029;3;12;Allstate Arena;0;60;37;0;0;0;0;0;0;0;0;0;0;0;0;;;;0;0;0;0;0;0;0;0;0;0;0;0;0;0;0;0;0;0;0;0;0;0;0;0;Regular Season;0;0;0;0;0;0;0;0;0;0
62802;2029;3;12;Pechanga Arena;0;58;36;0;0;0;0;0;0;0;0;0;0;0;0;;;;0;0;0;0;0;0;0;0;0;0;0;0;0;0;0;0;0;0;0;0;0;0;0;0;Regular Season;0;0;0;0;0;0;0;0;0;0
62784;2029;3;12;Coca-Cola Coliseum;0;59;34;0;0;0;0;0;0;0;0;0;0;0;0;;;;0;0;0;0;0;0;0;0;0;0;0;0;0;0;0;0;0;0;0;0;0;0;0;0;Regular Season;0;0;0;0;0;0;0;0;0;0
62800;2029;3;12;Toyota Arena;0;45;43;0;0;0;0;0;0;0;0;0;0;0;0;;;;0;0;0;0;0;0;0;0;0;0;0;0;0;0;0;0;0;0;0;0;0;0;0;0;Regular Season;0;0;0;0;0;0;0;0;0;0
62748;2029;3;13;Pechanga Arena;0;58;44;0;0;0;0;0;0;0;0;0;0;0;0;;;;0;0;0;0;0;0;0;0;0;0;0;0;0;0;0;0;0;0;0;0;0;0;0;0;Regular Season;0;0;0;0;0;0;0;0;0;0
62778;2029;3;13; Arena;0;155;123;0;0;0;0;0;0;0;0;0;0;0;0;;;;0;0;0;0;0;0;0;0;0;0;0;0;0;0;0;0;0;0;0;0;0;0;0;0;Regular Season;0;0;0;0;0;0;0;0;0;0
62747;2029;3;13;SAP Center;0;56;53;0;0;0;0;0;0;0;0;0;0;0;0;;;;0;0;0;0;0;0;0;0;0;0;0;0;0;0;0;0;0;0;0;0;0;0;0;0;Regular Season;0;0;0;0;0;0;0;0;0;0
62757;2029;3;13;UW–Milwaukee Panther Arena;0;50;55;0;0;0;0;0;0;0;0;0;0;0;0;;;;0;0;0;0;0;0;0;0;0;0;0;0;0;0;0;0;0;0;0;0;0;0;0;0;Regular Season;0;0;0;0;0;0;0;0;0;0
62815;2029;3;13;BMO Harris Bank Center;0;38;34;0;0;0;0;0;0;0;0;0;0;0;0;;;;0;0;0;0;0;0;0;0;0;0;0;0;0;0;0;0;0;0;0;0;0;0;0;0;Regular Season;0;0;0;0;0;0;0;0;0;0
62714;2029;3;13;Oakland Coliseum;0;40;37;0;0;0;0;0;0;0;0;0;0;0;0;;;;0;0;0;0;0;0;0;0;0;0;0;0;0;0;0;0;0;0;0;0;0;0;0;0;Regular Season;0;0;0;0;0;0;0;0;0;0
62758;2029;3;13; Arena;0;153;48;0;0;0;0;0;0;0;0;0;0;0;0;;;;0;0;0;0;0;0;0;0;0;0;0;0;0;0;0;0;0;0;0;0;0;0;0;0;Regular Season;0;0;0;0;0;0;0;0;0;0
62729;2029;3;13;Abbotsford Centre;0;57;62;0;0;0;0;0;0;0;0;0;0;0;0;;;;0;0;0;0;0;0;0;0;0;0;0;0;0;0;0;0;0;0;0;0;0;0;0;0;Regular Season;0;0;0;0;0;0;0;0;0;0
62878;2029;3;13;Toyota Arena;0;45;54;0;0;0;0;0;0;0;0;0;0;0;0;;;;0;0;0;0;0;0;0;0;0;0;0;0;0;0;0;0;0;0;0;0;0;0;0;0;Regular Season;0;0;0;0;0;0;0;0;0;0
62789;2029;3;15;Orleans Arena;0;44;33;0;0;0;0;0;0;0;0;0;0;0;0;;;;0;0;0;0;0;0;0;0;0;0;0;0;0;0;0;0;0;0;0;0;0;0;0;0;Regular Season;0;0;0;0;0;0;0;0;0;0
62786;2029;3;15;Dunkin' Donuts Center;0;34;59;0;0;0;0;0;0;0;0;0;0;0;0;;;;0;0;0;0;0;0;0;0;0;0;0;0;0;0;0;0;0;0;0;0;0;0;0;0;Regular Season;0;0;0;0;0;0;0;0;0;0
62749;2029;3;15;H-E-B Center;0;41;125;0;0;0;0;0;0;0;0;0;0;0;0;;;;0;0;0;0;0;0;0;0;0;0;0;0;0;0;0;0;0;0;0;0;0;0;0;0;Regular Season;0;0;0;0;0;0;0;0;0;0
62761;2029;3;15;Allstate Arena;0;60;53;0;0;0;0;0;0;0;0;0;0;0;0;;;;0;0;0;0;0;0;0;0;0;0;0;0;0;0;0;0;0;0;0;0;0;0;0;0;Regular Season;0;0;0;0;0;0;0;0;0;0
62735;2029;3;15; Arena;0;123;57;0;0;0;0;0;0;0;0;0;0;0;0;;;;0;0;0;0;0;0;0;0;0;0;0;0;0;0;0;0;0;0;0;0;0;0;0;0;Regular Season;0;0;0;0;0;0;0;0;0;0
62872;2029;3;15;Bojangles' Coliseum;0;37;54;0;0;0;0;0;0;0;0;0;0;0;0;;;;0;0;0;0;0;0;0;0;0;0;0;0;0;0;0;0;0;0;0;0;0;0;0;0;Regular Season;0;0;0;0;0;0;0;0;0;0
62763;2029;3;15; Arena;0;155;36;0;0;0;0;0;0;0;0;0;0;0;0;;;;0;0;0;0;0;0;0;0;0;0;0;0;0;0;0;0;0;0;0;0;0;0;0;0;Regular Season;0;0;0;0;0;0;0;0;0;0
62831;2029;3;15;Upstate Medical University Arena;0;32;47;0;0;0;0;0;0;0;0;0;0;0;0;;;;0;0;0;0;0;0;0;0;0;0;0;0;0;0;0;0;0;0;0;0;0;0;0;0;Regular Season;0;0;0;0;0;0;0;0;0;0
62794;2029;3;15;Kapcsos Center;0;55;50;0;0;0;0;0;0;0;0;0;0;0;0;;;;0;0;0;0;0;0;0;0;0;0;0;0;0;0;0;0;0;0;0;0;0;0;0;0;Regular Season;0;0;0;0;0;0;0;0;0;0
62744;2029;3;15;SAP Center;0;56;58;0;0;0;0;0;0;0;0;0;0;0;0;;;;0;0;0;0;0;0;0;0;0;0;0;0;0;0;0;0;0;0;0;0;0;0;0;0;Regular Season;0;0;0;0;0;0;0;0;0;0
62859;2029;3;16;Upstate Medical University Arena;0;32;48;0;0;0;0;0;0;0;0;0;0;0;0;;;;0;0;0;0;0;0;0;0;0;0;0;0;0;0;0;0;0;0;0;0;0;0;0;0;Regular Season;0;0;0;0;0;0;0;0;0;0
62762;2029;3;16;Coca-Cola Coliseum;0;59;56;0;0;0;0;0;0;0;0;0;0;0;0;;;;0;0;0;0;0;0;0;0;0;0;0;0;0;0;0;0;0;0;0;0;0;0;0;0;Regular Season;0;0;0;0;0;0;0;0;0;0
62817;2029;3;16;Place Bell;0;47;54;0;0;0;0;0;0;0;0;0;0;0;0;;;;0;0;0;0;0;0;0;0;0;0;0;0;0;0;0;0;0;0;0;0;0;0;0;0;Regular Season;0;0;0;0;0;0;0;0;0;0
62832;2029;3;16; Arena;0;153;55;0;0;0;0;0;0;0;0;0;0;0;0;;;;0;0;0;0;0;0;0;0;0;0;0;0;0;0;0;0;0;0;0;0;0;0;0;0;Regular Season;0;0;0;0;0;0;0;0;0;0
62827;2029;3;16;Oakland Coliseum;0;40;41;0;0;0;0;0;0;0;0;0;0;0;0;;;;0;0;0;0;0;0;0;0;0;0;0;0;0;0;0;0;0;0;0;0;0;0;0;0;Regular Season;0;0;0;0;0;0;0;0;0;0
62770;2029;3;16;Allstate Arena;0;60;62;0;0;0;0;0;0;0;0;0;0;0;0;;;;0;0;0;0;0;0;0;0;0;0;0;0;0;0;0;0;0;0;0;0;0;0;0;0;Regular Season;0;0;0;0;0;0;0;0;0;0
62785;2029;3;17;Webster Bank Arena;0;48;36;0;0;0;0;0;0;0;0;0;0;0;0;;;;0;0;0;0;0;0;0;0;0;0;0;0;0;0;0;0;0;0;0;0;0;0;0;0;Regular Season;0;0;0;0;0;0;0;0;0;0
62803;2029;3;17;XL Center;0;33;53;0;0;0;0;0;0;0;0;0;0;0;0;;;;0;0;0;0;0;0;0;0;0;0;0;0;0;0;0;0;0;0;0;0;0;0;0;0;Regular Season;0;0;0;0;0;0;0;0;0;0
62814;2029;3;17; Arena;0;155;50;0;0;0;0;0;0;0;0;0;0;0;0;;;;0;0;0;0;0;0;0;0;0;0;0;0;0;0;0;0;0;0;0;0;0;0;0;0;Regular Season;0;0;0;0;0;0;0;0;0;0
62854;2029;3;18;Place Bell;0;47;125;0;0;0;0;0;0;0;0;0;0;0;0;;;;0;0;0;0;0;0;0;0;0;0;0;0;0;0;0;0;0;0;0;0;0;0;0;0;Regular Season;0;0;0;0;0;0;0;0;0;0
62821;2029;3;19;Centene Community Ice Center;0;54;59;0;0;0;0;0;0;0;0;0;0;0;0;;;;0;0;0;0;0;0;0;0;0;0;0;0;0;0;0;0;0;0;0;0;0;0;0;0;Regular Season;0;0;0;0;0;0;0;0;0;0
62842;2029;3;19;Dunkin' Donuts Center;0;34;48;0;0;0;0;0;0;0;0;0;0;0;0;;;;0;0;0;0;0;0;0;0;0;0;0;0;0;0;0;0;0;0;0;0;0;0;0;0;Regular Season;0;0;0;0;0;0;0;0;0;0
62870;2029;3;19;SaskTel Centre;0;43;57;0;0;0;0;0;0;0;0;0;0;0;0;;;;0;0;0;0;0;0;0;0;0;0;0;0;0;0;0;0;0;0;0;0;0;0;0;0;Regular Season;0;0;0;0;0;0;0;0;0;0
62836;2029;3;19;Budweiser Events Center;0;62;55;0;0;0;0;0;0;0;0;0;0;0;0;;;;0;0;0;0;0;0;0;0;0;0;0;0;0;0;0;0;0;0;0;0;0;0;0;0;Regular Season;0;0;0;0;0;0;0;0;0;0
62837;2029;3;19; Arena;0;155;41;0;0;0;0;0;0;0;0;0;0;0;0;;;;0;0;0;0;0;0;0;0;0;0;0;0;0;0;0;0;0;0;0;0;0;0;0;0;Regular Season;0;0;0;0;0;0;0;0;0;0
62833;2029;3;19;UW–Milwaukee Panther Arena;0;50;32;0;0;0;0;0;0;0;0;0;0;0;0;;;;0;0;0;0;0;0;0;0;0;0;0;0;0;0;0;0;0;0;0;0;0;0;0;0;Regular Season;0;0;0;0;0;0;0;0;0;0
62843;2029;3;19;XL Center;0;33;58;0;0;0;0;0;0;0;0;0;0;0;0;;;;0;0;0;0;0;0;0;0;0;0;0;0;0;0;0;0;0;0;0;0;0;0;0;0;Regular Season;0;0;0;0;0;0;0;0;0;0
62834;2029;3;20;Oakland Coliseum;0;40;54;0;0;0;0;0;0;0;0;0;0;0;0;;;;0;0;0;0;0;0;0;0;0;0;0;0;0;0;0;0;0;0;0;0;0;0;0;0;Regular Season;0;0;0;0;0;0;0;0;0;0
62797;2029;3;20;Webster Bank Arena;0;48;62;0;0;0;0;0;0;0;0;0;0;0;0;;;;0;0;0;0;0;0;0;0;0;0;0;0;0;0;0;0;0;0;0;0;0;0;0;0;Regular Season;0;0;0;0;0;0;0;0;0;0
62824;2029;3;20;Coca-Cola Coliseum;0;59;32;0;0;0;0;0;0;0;0;0;0;0;0;;;;0;0;0;0;0;0;0;0;0;0;0;0;0;0;0;0;0;0;0;0;0;0;0;0;Regular Season;0;0;0;0;0;0;0;0;0;0
62793;2029;3;20;Abbotsford Centre;0;57;153;0;0;0;0;0;0;0;0;0;0;0;0;;;;0;0;0;0;0;0;0;0;0;0;0;0;0;0;0;0;0;0;0;0;0;0;0;0;Regular Season;0;0;0;0;0;0;0;0;0;0
62782;2029;3;20;Stockton Arena;0;36;44;0;0;0;0;0;0;0;0;0;0;0;0;;;;0;0;0;0;0;0;0;0;0;0;0;0;0;0;0;0;0;0;0;0;0;0;0;0;Regular Season;0;0;0;0;0;0;0;0;0;0
62791;2029;3;20;SAP Center;0;56;38;0;0;0;0;0;0;0;0;0;0;0;0;;;;0;0;0;0;0;0;0;0;0;0;0;0;0;0;0;0;0;0;0;0;0;0;0;0;Regular Season;0;0;0;0;0;0;0;0;0;0
62805;2029;3;20; Arena;0;123;41;0;0;0;0;0;0;0;0;0;0;0;0;;;;0;0;0;0;0;0;0;0;0;0;0;0;0;0;0;0;0;0;0;0;0;0;0;0;Regular Season;0;0;0;0;0;0;0;0;0;0
62799;2029;3;22;UW–Milwaukee Panther Arena;0;50;44;0;0;0;0;0;0;0;0;0;0;0;0;;;;0;0;0;0;0;0;0;0;0;0;0;0;0;0;0;0;0;0;0;0;0;0;0;0;Regular Season;0;0;0;0;0;0;0;0;0;0
62828;2029;3;22;XL Center;0;33;43;0;0;0;0;0;0;0;0;0;0;0;0;;;;0;0;0;0;0;0;0;0;0;0;0;0;0;0;0;0;0;0;0;0;0;0;0;0;Regular Season;0;0;0;0;0;0;0;0;0;0
62801;2029;3;22;SAP Center;0;56;47;0;0;0;0;0;0;0;0;0;0;0;0;;;;0;0;0;0;0;0;0;0;0;0;0;0;0;0;0;0;0;0;0;0;0;0;0;0;Regular Season;0;0;0;0;0;0;0;0;0;0
62822;2029;3;22;BMO Harris Bank Center;0;38;60;0;0;0;0;0;0;0;0;0;0;0;0;;;;0;0;0;0;0;0;0;0;0;0;0;0;0;0;0;0;0;0;0;0;0;0;0;0;Regular Season;0;0;0;0;0;0;0;0;0;0
62866;2029;3;22;Pechanga Arena;0;58;34;0;0;0;0;0;0;0;0;0;0;0;0;;;;0;0;0;0;0;0;0;0;0;0;0;0;0;0;0;0;0;0;0;0;0;0;0;0;Regular Season;0;0;0;0;0;0;0;0;0;0
62861;2029;3;22;Bojangles' Coliseum;0;37;62;0;0;0;0;0;0;0;0;0;0;0;0;;;;0;0;0;0;0;0;0;0;0;0;0;0;0;0;0;0;0;0;0;0;0;0;0;0;Regular Season;0;0;0;0;0;0;0;0;0;0
62849;2029;3;22;Coca-Cola Coliseum;0;59;32;0;0;0;0;0;0;0;0;0;0;0;0;;;;0;0;0;0;0;0;0;0;0;0;0;0;0;0;0;0;0;0;0;0;0;0;0;0;Regular Season;0;0;0;0;0;0;0;0;0;0
62774;2029;3;22;Abbotsford Centre;0;57;123;0;0;0;0;0;0;0;0;0;0;0;0;;;;0;0;0;0;0;0;0;0;0;0;0;0;0;0;0;0;0;0;0;0;0;0;0;0;Regular Season;0;0;0;0;0;0;0;0;0;0
62867;2029;3;22;Costa Rican Airlines Arena;0;125;40;0;0;0;0;0;0;0;0;0;0;0;0;;;;0;0;0;0;0;0;0;0;0;0;0;0;0;0;0;0;0;0;0;0;0;0;0;0;Regular Season;0;0;0;0;0;0;0;0;0;0
62816;2029;3;23; Arena;0;153;50;0;0;0;0;0;0;0;0;0;0;0;0;;;;0;0;0;0;0;0;0;0;0;0;0;0;0;0;0;0;0;0;0;0;0;0;0;0;Regular Season;0;0;0;0;0;0;0;0;0;0
62847;2029;3;23;Webster Bank Arena;0;48;38;0;0;0;0;0;0;0;0;0;0;0;0;;;;0;0;0;0;0;0;0;0;0;0;0;0;0;0;0;0;0;0;0;0;0;0;0;0;Regular Season;0;0;0;0;0;0;0;0;0;0
62810;2029;3;23;Stockton Arena;0;36;54;0;0;0;0;0;0;0;0;0;0;0;0;;;;0;0;0;0;0;0;0;0;0;0;0;0;0;0;0;0;0;0;0;0;0;0;0;0;Regular Season;0;0;0;0;0;0;0;0;0;0
62856;2029;3;23;H-E-B Center;0;41;155;0;0;0;0;0;0;0;0;0;0;0;0;;;;0;0;0;0;0;0;0;0;0;0;0;0;0;0;0;0;0;0;0;0;0;0;0;0;Regular Season;0;0;0;0;0;0;0;0;0;0
62829;2029;3;23;Lego Arena;0;53;47;0;0;0;0;0;0;0;0;0;0;0;0;;;;0;0;0;0;0;0;0;0;0;0;0;0;0;0;0;0;0;0;0;0;0;0;0;0;Regular Season;0;0;0;0;0;0;0;0;0;0
62848;2029;3;23;Kapcsos Center;0;55;33;0;0;0;0;0;0;0;0;0;0;0;0;;;;0;0;0;0;0;0;0;0;0;0;0;0;0;0;0;0;0;0;0;0;0;0;0;0;Regular Season;0;0;0;0;0;0;0;0;0;0
62857;2029;3;23;Toyota Arena;0;45;123;0;0;0;0;0;0;0;0;0;0;0;0;;;;0;0;0;0;0;0;0;0;0;0;0;0;0;0;0;0;0;0;0;0;0;0;0;0;Regular Season;0;0;0;0;0;0;0;0;0;0
62864;2029;3;23;Pechanga Arena;0;58;43;0;0;0;0;0;0;0;0;0;0;0;0;;;;0;0;0;0;0;0;0;0;0;0;0;0;0;0;0;0;0;0;0;0;0;0;0;0;Regular Season;0;0;0;0;0;0;0;0;0;0
62884;2028;9;20; Arena;8250;153;40;6;1;2;1;3;0;0;1;0;0;0;0;1804;1390;1426;71;58;11;10;18;14;4;1;3;5;32;35;15;12;17;0;12;4;12;0;1;5;1;4;Pre-Season;6;32;20;10;3;9;27;11;8;3
62886;2028;9;20;Abbotsford Centre;2795;57;36;4;2;0;2;2;0;0;1;1;0;0;0;5880;664;2856;56;55;18;8;29;16;7;1;6;0;29;37;8;13;16;0;15;12;3;0;2;4;0;4;Pre-Season;6;28;13;8;1;7;28;9;8;3
62888;2028;9;20;Webster Bank Arena;4161;48;44;8;4;1;5;2;0;0;1;2;1;0;0;1434;112;774;76;61;24;6;24;14;6;4;3;4;27;26;14;21;13;0;9;14;11;0;0;3;0;2;Pre-Season;9;30;16;18;3;10;26;13;8;4
62890;2028;9;20;Bojangles' Coliseum;6391;37;32;3;4;0;2;1;0;0;3;1;0;0;0;1904;5646;2128;48;66;8;8;18;16;5;4;6;6;28;28;7;10;12;0;19;14;12;0;1;4;1;4;Pre-Season;6;23;10;7;2;5;33;14;11;3
62892;2028;9;20;Toyota Arena;5616;45;38;5;6;1;1;3;0;0;4;0;2;0;0;6682;6442;1048;84;49;12;10;14;24;4;4;5;3;33;34;10;26;15;0;16;2;4;0;0;5;2;6;Pre-Season;6;39;20;12;7;9;21;9;7;3
62894;2028;9;20; Arena;9096;155;34;3;1;2;0;1;0;0;1;0;0;0;0;6545;765;343;89;45;6;4;16;20;2;11;5;4;30;34;29;12;22;0;5;4;9;0;0;2;0;3;Pre-Season;4;40;18;18;9;8;20;9;8;0
62896;2028;9;20;Costa Rican Airlines Arena;14521;125;33;4;3;1;2;1;0;0;2;1;0;0;0;1822;6307;6652;52;53;6;8;22;14;4;4;3;9;22;34;9;10;7;0;16;12;7;0;2;4;1;3;Pre-Season;9;18;12;13;0;7;22;13;9;2
62898;2028;9;20;H-E-B Center;3348;41;62;6;5;1;3;2;0;0;2;1;2;0;0;3044;2927;6780;60;59;12;10;21;25;9;5;2;9;40;29;12;11;11;0;8;11;11;0;1;5;1;6;Pre-Season;11;19;16;7;7;12;28;9;9;1
62900;2028;9;20;SaskTel Centre;6941;43;59;3;6;0;2;1;0;0;2;1;3;0;0;2073;1858;3106;67;61;12;10;25;14;8;4;5;2;28;39;7;13;14;0;14;15;11;0;2;5;2;6;Pre-Season;17;29;9;9;3;6;24;12;13;6
62902;2028;9;20;Allstate Arena;10262;60;50;4;7;2;1;1;0;0;4;1;2;0;0;1526;1765;980;73;49;10;20;20;16;4;4;8;6;43;38;15;12;13;0;15;7;4;0;1;5;1;5;Pre-Season;10;36;9;14;4;4;23;12;6;4
62904;2028;9;20;Lego Arena;3634;53;55;1;0;1;0;0;0;0;0;0;0;0;0;1242;1702;1538;60;71;20;18;32;27;5;5;7;7;22;32;14;9;7;0;13;14;18;0;0;4;0;5;Pre-Season;9;23;14;7;7;7;38;13;9;4
62906;2028;9;20;SAP Center;10293;56;54;2;0;1;0;1;0;0;0;0;0;0;0;2734;940;961;57;47;12;12;19;20;4;3;7;2;23;23;12;8;9;0;3;8;9;0;2;6;0;6;Pre-Season;2;32;16;5;2;9;17;14;7;0
62908;2028;9;20; Arena;10614;123;58;1;2;0;0;1;0;0;0;2;0;0;0;5499;2881;2720;64;54;8;16;16;22;3;5;2;7;33;21;9;15;19;0;5;6;12;0;0;3;0;4;Pre-Season;9;28;12;13;2;13;23;4;13;1
62910;2028;9;21;H-E-B Center;3578;41;57;5;2;0;2;3;0;0;0;1;1;0;0;877;2094;4743;57;54;6;8;23;23;6;5;12;5;27;36;9;11;11;0;10;11;9;0;1;4;1;3;Pre-Season;7;20;13;14;3;6;25;13;9;1
62912;2028;9;21;Kapcsos Center;3972;55;50;3;4;0;0;3;0;0;1;2;1;0;0;1235;2841;1718;65;57;16;4;18;24;6;7;2;8;24;28;4;4;22;0;15;16;5;0;0;2;2;3;Pre-Season;9;19;23;10;4;7;28;9;8;5
62914;2028;9;21;Upstate Medical University Arena;3192;32;43;6;3;2;2;2;0;0;2;1;0;0;0;1914;6521;3032;68;50;16;10;18;22;2;2;5;4;37;33;11;6;14;0;7;9;5;0;1;5;2;8;Pre-Season;9;28;21;7;3;8;21;16;4;1
62916;2028;9;21;BMO Harris Bank Center;2938;38;155;3;4;1;1;1;0;0;0;3;0;1;0;872;3202;1383;44;57;15;15;28;13;6;7;4;4;33;30;4;9;7;0;8;14;9;4;1;5;0;5;Pre-Season;6;22;9;6;1;9;27;14;4;3
62918;2028;9;21; Arena;8148;153;125;0;2;0;0;0;0;0;0;1;1;0;0;6995;5947;3394;40;54;12;14;18;23;5;4;2;7;21;25;5;4;9;0;6;8;7;0;0;2;0;1;Pre-Season;6;23;8;2;1;14;23;11;5;1
62920;2028;9;21;Centene Community Ice Center;3346;54;123;6;3;2;2;2;0;0;2;1;0;0;0;3731;836;5840;62;78;14;10;23;17;2;2;8;4;26;36;14;14;14;0;14;11;8;0;0;5;0;7;Pre-Season;7;26;14;10;5;9;37;14;16;2
62922;2028;9;21;Allstate Arena;10394;60;56;2;4;1;1;0;0;0;2;1;1;0;0;3219;2867;2102;47;55;4;8;30;16;9;3;6;8;31;24;6;5;7;0;12;6;12;0;2;4;0;2;Pre-Season;10;22;10;3;2;7;24;13;5;6
62924;2028;9;21;Stockton Arena;4588;36;45;0;1;0;0;0;0;0;0;1;0;0;0;6107;1468;1757;49;46;10;4;20;20;2;4;1;7;34;23;7;10;7;0;9;9;7;0;0;2;1;5;Pre-Season;10;21;11;7;0;7;23;6;7;3
62926;2028;9;21;Oakland Coliseum;3367;40;48;3;1;1;0;2;0;0;1;0;0;0;0;2103;5369;1860;59;50;13;9;18;21;3;2;4;4;39;17;6;4;12;0;12;17;4;0;0;2;0;4;Pre-Season;15;21;15;7;1;3;23;12;8;4
62928;2028;9;21;Orleans Arena;3724;44;33;4;7;3;1;0;0;0;1;5;1;0;0;758;117;1647;61;70;8;4;18;15;3;3;4;4;28;34;18;13;14;0;8;15;15;0;0;2;1;4;Pre-Season;6;27;15;7;6;13;33;12;9;3
62930;2028;9;21;Place Bell;5117;47;37;1;2;1;0;0;0;0;1;0;1;0;0;2809;2726;1704;44;72;8;6;34;9;7;2;7;3;28;30;13;5;5;0;11;11;21;0;0;3;1;4;Pre-Season;6;21;14;2;1;12;29;12;12;7
62932;2028;9;21;Budweiser Events Center;3388;62;58;4;2;2;1;1;0;0;1;0;1;0;0;1943;6114;3232;54;62;16;22;24;19;4;5;3;9;30;37;10;8;11;0;8;11;11;0;0;6;0;8;Pre-Season;12;21;11;5;5;8;33;10;10;1
62934;2028;9;21;Dunkin' Donuts Center;6311;34;53;2;1;0;1;0;1;0;1;0;0;0;0;1242;1494;1906;72;57;4;4;27;16;3;5;5;3;29;27;9;19;13;2;7;8;13;4;0;2;1;2;Pre-Season;6;34;12;14;6;11;26;7;11;2
62936;2028;9;23;Upstate Medical University Arena;3249;32;41;3;4;1;1;1;0;0;1;2;1;0;0;5731;2836;5670;52;71;10;8;17;23;3;2;6;2;26;22;7;9;5;0;11;22;5;0;2;4;2;5;Pre-Season;12;22;13;5;0;9;35;11;12;4
62938;2028;9;23; Arena;11326;123;153;3;6;2;1;0;0;0;3;0;3;0;0;1846;2608;5418;70;77;12;32;17;21;2;2;9;4;28;43;14;14;10;0;20;15;14;0;0;6;3;6;Pre-Season;7;30;17;10;6;9;39;13;12;4
62940;2028;9;23;Toyota Arena;6205;45;58;1;3;0;1;0;0;0;1;0;2;0;0;3891;3274;6104;54;66;20;12;20;25;2;3;3;5;36;35;15;8;9;0;14;15;10;0;0;6;2;5;Pre-Season;7;20;17;7;3;7;26;17;11;5
62942;2028;9;23; Arena;9627;155;54;1;3;0;0;1;0;0;1;2;0;0;0;836;670;925;56;61;6;19;14;17;7;10;1;5;25;25;10;8;8;0;4;17;9;0;0;4;1;3;Pre-Season;9;23;16;7;1;15;19;14;11;2
62944;2028;9;23;UW–Milwaukee Panther Arena;6296;50;36;7;2;2;1;4;0;0;1;0;1;0;0;980;3105;234;62;48;8;18;27;17;3;3;9;6;34;38;9;6;18;0;6;14;2;0;2;4;0;4;Pre-Season;8;30;12;8;4;6;29;10;3;0
62946;2028;9;23;Lego Arena;3918;53;34;0;3;0;0;0;0;0;1;1;1;0;0;129;6481;2049;54;72;12;2;17;26;2;2;3;5;31;26;5;10;7;0;18;13;10;0;0;1;1;6;Pre-Season;11;23;12;8;0;8;28;19;13;4
62948;2028;9;23;Place Bell;5252;47;55;3;5;1;2;0;0;0;1;2;2;0;0;1977;2718;5490;57;88;21;8;18;21;10;2;6;6;33;31;8;15;11;0;19;23;16;0;2;4;0;4;Pre-Season;6;28;15;6;2;5;40;22;13;8
62950;2028;9;23;Costa Rican Airlines Arena;13075;125;38;3;4;1;0;2;0;0;1;1;2;0;0;1048;1256;3289;51;45;8;6;18;23;5;4;5;3;30;29;11;7;9;0;5;5;15;0;0;3;1;4;Pre-Season;5;29;11;4;2;11;17;9;5;3
62952;2028;9;23;Abbotsford Centre;3146;57;40;6;2;4;1;1;0;0;0;1;1;0;0;6540;5827;1774;63;50;6;8;21;24;4;8;7;6;31;28;13;16;12;0;0;7;10;0;2;4;1;3;Pre-Season;6;27;14;13;3;16;12;15;5;2
62954;2028;9;23;Coca-Cola Coliseum;5546;59;43;8;0;4;2;2;0;0;0;0;0;0;0;5890;5546;6188;55;57;12;12;13;29;3;4;4;5;39;28;25;7;10;0;6;12;5;0;2;6;0;6;Pre-Season;4;29;8;11;3;15;29;8;5;0
62956;2028;9;23;Webster Bank Arena;4313;48;60;1;0;1;0;0;0;0;0;0;0;0;0;5485;5942;467;56;57;6;6;21;25;1;3;7;9;29;28;14;13;5;0;2;12;9;0;0;3;0;3;Pre-Season;9;30;1;13;3;8;27;13;7;2
62958;2028;9;23;XL Center;10411;33;62;4;3;0;2;1;0;1;1;1;1;0;0;5401;3514;6537;54;71;12;4;20;18;7;6;5;3;34;25;7;7;7;0;14;9;14;6;1;2;1;6;Pre-Season;17;22;11;7;2;7;31;19;18;1
62960;2028;9;23;Bojangles' Coliseum;6586;37;44;5;3;2;2;1;0;0;0;2;1;0;0;1762;705;1062;61;66;17;15;25;16;1;4;2;5;33;32;12;15;8;0;19;11;10;0;3;5;0;6;Pre-Season;9;29;11;11;1;4;32;20;6;4
62962;2028;9;24;Pechanga Arena;7822;58;40;3;1;1;2;0;0;0;0;1;0;0;0;5825;5765;2720;65;66;6;10;19;32;3;4;11;4;29;27;8;19;11;0;23;3;11;0;1;5;0;3;Pre-Season;4;36;13;9;3;11;30;17;6;2
62964;2028;9;24;Allstate Arena;10859;60;37;3;4;0;2;1;0;0;2;1;0;1;0;3696;2134;1802;86;64;17;17;15;22;7;5;6;9;31;31;12;15;14;5;8;8;16;2;2;6;2;6;Pre-Season;9;42;22;11;2;9;32;9;12;2
62966;2028;9;24;Lego Arena;4601;53;57;3;5;1;1;1;0;0;2;0;3;0;0;2954;5704;6007;61;68;8;8;20;10;0;3;1;2;31;36;6;12;16;0;16;10;11;0;0;4;2;4;Pre-Season;12;20;18;8;3;9;32;16;6;5
62968;2028;9;24;Kapcsos Center;4306;55;33;4;2;2;1;1;0;0;0;1;1;0;0;1977;1647;5916;76;51;11;27;15;19;4;1;1;10;34;28;16;14;16;0;6;12;8;0;1;6;1;3;Pre-Season;10;33;20;12;1;6;19;13;11;2
62970;2028;9;24; Arena;8607;153;50;4;1;2;1;1;0;0;1;0;0;0;0;2855;1530;3817;55;52;2;6;29;19;5;3;3;3;27;27;12;7;8;0;10;9;8;0;1;3;0;1;Pre-Season;6;29;11;5;4;9;26;4;9;4
62972;2028;9;24;Budweiser Events Center;3164;62;125;6;0;3;2;1;0;0;0;0;0;0;0;2054;3822;3266;58;46;12;8;17;24;2;9;5;5;39;26;10;13;12;0;8;7;9;0;2;4;0;6;Pre-Season;7;23;18;8;2;8;21;8;7;2
62974;2028;9;24;Webster Bank Arena;4437;48;32;4;5;3;1;0;0;0;2;1;2;0;0;1908;112;5915;54;54;8;4;28;17;3;3;3;4;24;32;10;5;9;0;8;8;16;0;1;2;1;4;Pre-Season;12;15;13;12;2;5;24;12;7;6
62976;2028;9;24;H-E-B Center;3410;41;45;6;4;3;0;3;0;0;1;1;2;0;0;5921;5748;2077;57;63;6;6;24;8;3;6;4;5;20;32;14;8;9;0;12;9;15;0;2;3;1;3;Pre-Season;9;19;12;14;3;6;30;15;9;3
62978;2028;9;24;SaskTel Centre;8101;43;155;0;6;0;0;0;0;0;3;2;1;0;0;6094;2016;3165;49;54;10;14;17;15;1;3;5;7;32;30;6;3;14;0;12;15;9;0;0;7;0;5;Pre-Season;4;22;10;9;4;4;22;11;14;3
62980;2028;9;24;Stockton Arena;5070;36;123;3;6;1;1;1;0;0;3;2;1;0;0;1083;2065;7068;51;61;6;8;20;13;4;3;6;11;29;31;3;12;9;0;10;11;15;0;1;4;1;3;Pre-Season;11;23;7;5;5;6;23;13;11;8
62982;2028;9;24;BMO Harris Bank Center;2901;38;34;3;2;1;1;0;0;1;1;0;1;0;0;2125;5910;1955;55;57;18;38;31;12;3;9;3;12;35;41;5;11;8;0;19;7;10;3;1;9;1;9;Pre-Season;20;26;11;3;3;12;27;10;14;2
62984;2028;9;24;SAP Center;9044;56;47;4;1;0;1;3;0;0;1;0;0;0;0;262;5672;896;76;37;6;16;19;18;4;8;4;3;37;28;18;11;17;0;6;5;5;0;1;3;0;3;Pre-Season;14;32;11;13;6;10;14;5;7;1
62986;2028;9;24;Orleans Arena;4218;44;54;3;6;0;2;1;0;0;2;1;3;0;0;1813;350;5840;55;40;6;8;27;24;3;4;2;3;29;19;10;15;11;0;5;6;10;0;0;4;0;3;Pre-Season;4;23;13;8;7;3;17;11;5;4
62988;2028;9;26;Bojangles' Coliseum;6387;37;34;3;1;0;2;1;0;0;1;0;0;0;0;1491;3818;2888;67;61;8;10;19;21;6;3;10;8;34;34;9;13;9;0;18;6;8;0;1;5;1;4;Pre-Season;19;22;14;7;5;13;29;11;6;2
62990;2028;9;26; Arena;9289;155;53;3;1;2;0;1;0;0;0;0;1;0;0;2016;6138;3206;76;48;8;20;17;23;0;7;4;4;22;34;17;20;13;0;8;5;9;0;0;5;0;4;Pre-Season;8;31;18;16;3;9;21;10;6;2
62992;2028;9;26;Place Bell;5416;47;43;3;5;1;1;1;0;0;1;0;4;0;0;1789;3473;3782;59;51;16;12;23;21;7;2;4;1;36;28;10;10;8;0;8;7;14;0;1;6;2;3;Pre-Season;8;28;12;8;3;7;23;11;8;2
62994;2028;9;26;UW–Milwaukee Panther Arena;5893;50;58;5;2;2;2;1;0;0;1;0;1;0;0;6986;1395;3809;56;62;14;12;25;17;5;1;5;5;31;38;12;12;7;0;9;13;15;0;1;6;0;7;Pre-Season;11;17;19;7;2;12;26;9;9;6
62996;2028;9;26;H-E-B Center;3112;41;62;5;3;1;2;2;0;0;2;0;1;0;0;143;3287;5731;59;71;8;10;20;15;3;2;6;7;27;31;7;15;8;0;19;10;19;0;2;5;0;4;Pre-Season;8;28;12;8;3;4;33;21;9;4
62998;2028;9;26;Allstate Arena;10669;60;59;4;1;2;0;2;0;0;0;0;1;0;0;3252;102;2938;56;63;14;6;18;15;1;7;7;10;30;24;11;14;8;0;9;10;16;0;0;3;0;2;Pre-Season;7;19;18;8;4;8;40;9;5;1
63000;2028;9;26;Costa Rican Airlines Arena;12814;125;44;5;8;1;2;2;0;0;2;4;2;0;0;332;612;2032;77;56;6;6;25;8;3;4;7;7;28;30;11;14;16;0;7;10;12;0;1;3;2;3;Pre-Season;11;40;9;12;5;8;24;11;8;5
63002;2028;9;26; Arena;11385;123;32;5;8;2;3;0;0;0;2;1;5;0;0;1463;1921;6521;74;69;14;12;24;16;3;3;4;5;49;33;10;12;14;0;12;13;13;0;3;6;2;7;Pre-Season;9;37;15;11;2;6;35;17;6;5
63004;2028;9;26;Stockton Arena;4532;36;153;3;5;0;1;2;0;0;0;2;3;0;0;6542;1924;778;51;66;8;4;22;13;5;4;5;5;22;27;9;10;8;0;10;14;16;0;0;2;0;4;Pre-Season;8;23;14;4;2;10;23;18;11;4
63006;2028;9;26;Abbotsford Centre;3222;57;45;5;1;0;2;3;0;0;0;0;1;0;0;3461;3756;3634;59;74;16;8;24;19;4;4;5;9;27;36;2;15;10;0;14;13;14;0;2;4;1;8;Pre-Season;10;27;11;8;3;9;32;20;11;2
63008;2028;9;26;Oakland Coliseum;3339;40;48;1;4;1;0;0;0;0;1;2;1;0;0;6548;6536;8170;54;67;10;24;18;17;4;0;5;8;30;23;9;7;7;0;7;14;8;0;0;7;0;5;Pre-Season;12;23;14;5;0;10;26;16;14;1
63010;2028;9;26;XL Center;10378;33;55;1;2;0;1;0;0;0;0;1;1;0;0;1715;1407;5490;70;56;17;8;17;24;4;5;3;3;30;24;11;7;9;0;5;6;12;0;0;4;0;3;Pre-Season;20;25;10;12;3;12;26;11;6;1
63012;2028;9;26;BMO Harris Bank Center;2814;38;56;1;7;0;0;1;0;0;0;2;5;0;0;961;5432;2734;56;48;4;14;33;11;2;3;3;7;28;30;5;7;12;0;3;14;14;0;0;2;1;2;Pre-Season;15;26;8;6;1;5;17;8;13;5
63014;2028;9;28;Pechanga Arena;7999;58;36;2;0;2;0;0;0;0;0;0;0;0;0;3395;6554;2728;62;57;4;6;21;22;5;4;6;4;25;25;13;8;10;0;9;14;6;0;1;3;0;2;Pre-Season;6;32;11;10;3;12;23;13;7;2
63016;2028;9;28;Lego Arena;4191;53;32;4;5;1;3;0;0;0;0;3;1;0;1;1059;5704;2774;68;65;8;6;21;17;2;2;10;2;30;34;11;27;12;0;14;8;6;1;0;3;1;4;Pre-Season;7;30;16;14;4;17;22;14;9;6
63018;2028;9;28;Budweiser Events Center;3556;62;123;2;4;0;2;0;0;0;2;2;0;0;0;5895;1951;5819;61;52;6;8;25;14;0;5;9;3;27;30;5;14;16;0;8;16;11;0;1;4;2;3;Pre-Season;13;25;6;14;3;6;21;11;10;4
63020;2028;9;28; Arena;8790;153;48;4;3;3;0;0;0;1;1;0;2;0;0;1905;1982;2855;75;47;24;18;16;22;4;2;5;3;42;31;18;12;19;4;11;7;7;1;1;9;1;7;Pre-Season;9;37;13;17;5;14;21;8;7;3
63022;2028;9;28;Allstate Arena;11039;60;125;7;4;4;2;1;0;0;3;0;1;0;0;3414;3333;2867;69;53;10;16;18;23;3;2;10;9;34;35;17;9;11;0;7;15;11;0;2;8;2;5;Pre-Season;3;24;19;19;4;4;25;12;6;6
63024;2028;9;28;SAP Center;8639;56;50;3;1;0;1;2;0;0;0;0;1;0;0;5672;1235;896;75;56;20;8;16;15;3;4;8;4;33;32;23;21;8;0;9;5;13;0;0;4;1;5;Pre-Season;10;32;16;12;5;11;19;15;10;1
63026;2028;9;28;Toyota Arena;5648;45;37;4;3;2;1;1;0;0;1;2;0;0;0;6424;6825;6776;63;52;4;6;23;22;4;2;4;9;38;20;20;8;16;0;3;7;11;0;0;3;0;2;Pre-Season;6;25;17;13;2;8;24;11;5;4
63028;2028;9;28;SaskTel Centre;7296;43;59;1;5;0;0;1;0;0;2;2;1;0;0;3250;3106;2073;45;60;18;8;22;18;1;2;11;4;26;18;8;10;10;0;10;14;5;0;0;4;3;4;Pre-Season;2;20;14;8;1;11;25;13;8;3
63030;2028;9;28;Centene Community Ice Center;3073;54;40;2;5;0;0;2;0;0;1;2;2;0;0;2535;5440;1130;69;51;12;10;20;21;5;7;5;5;38;30;13;16;15;0;8;9;9;0;0;5;3;6;Pre-Season;4;32;14;17;2;13;20;13;5;0
63032;2028;9;28;XL Center;10454;33;41;4;5;3;0;1;0;0;2;0;2;0;1;4743;1407;143;65;71;8;18;23;17;8;2;7;4;28;36;13;8;9;3;16;9;11;5;1;4;0;4;Pre-Season;16;29;16;4;5;16;30;16;6;7
63034;2028;9;28;Kapcsos Center;3572;55;34;8;0;3;3;2;0;0;0;0;0;0;0;5490;2869;6370;82;57;4;8;23;17;3;2;3;3;37;26;18;18;13;0;7;8;10;0;2;4;0;2;Pre-Season;10;45;13;9;5;8;26;11;10;2
63036;2028;9;28; Arena;8694;155;47;6;0;3;3;0;0;0;0;0;0;0;0;670;343;943;70;39;6;4;25;23;3;3;8;3;26;21;22;20;4;0;4;6;9;0;0;2;0;3;Pre-Season;6;28;18;15;3;6;16;10;4;3
63038;2028;9;28;Orleans Arena;4096;44;57;4;3;1;0;2;1;0;1;0;2;0;0;2043;2848;2727;68;46;0;4;24;16;5;2;5;4;40;27;16;11;8;2;6;8;12;2;0;2;0;0;Pre-Season;7;29;20;11;1;6;23;6;9;2
63040;2028;9;29;Stockton Arena;4851;36;53;0;3;0;0;0;0;0;2;0;1;0;0;1242;3441;5704;56;81;6;4;15;12;3;6;8;6;36;27;9;9;14;0;18;19;7;0;0;2;1;3;Pre-Season;6;26;11;12;1;7;33;17;17;7
63042;2028;9;29;Bojangles' Coliseum;6387;37;58;2;3;1;1;0;0;0;2;1;0;0;0;3492;6825;6114;54;57;16;10;29;13;3;1;6;5;31;41;13;8;9;0;11;10;9;0;0;5;1;3;Pre-Season;8;26;7;10;3;7;29;12;8;1
63044;2028;9;29;SAP Center;9068;56;62;5;3;2;1;2;0;0;2;0;1;0;0;1661;107;6487;52;62;10;10;18;25;8;2;4;5;27;35;5;8;12;0;11;14;11;0;0;5;1;5;Pre-Season;6;30;9;4;3;10;25;14;8;5
63046;2028;9;29;Place Bell;5651;47;43;1;6;1;0;0;0;0;1;2;3;0;0;3889;2664;7441;67;90;6;16;22;14;5;1;4;1;25;26;13;9;15;0;15;13;18;0;0;3;0;3;Pre-Season;8;30;18;8;3;5;43;23;14;5
63048;2028;9;29;UW–Milwaukee Panther Arena;6631;50;60;7;4;2;2;3;0;0;1;0;3;0;0;1937;1526;2814;62;59;6;4;27;28;5;10;2;2;31;31;12;11;11;0;8;12;17;0;1;2;1;3;Pre-Season;13;28;10;8;3;3;32;16;6;2
63050;2028;9;29;BMO Harris Bank Center;2941;38;44;1;6;0;1;0;0;0;0;4;2;0;0;7;2727;357;64;72;8;8;22;13;2;2;3;2;29;35;16;7;7;0;15;16;8;0;0;4;1;4;Pre-Season;10;30;14;8;2;8;28;18;16;2
63052;2028;9;29;Abbotsford Centre;3456;57;155;0;2;0;0;0;0;0;0;0;2;0;0;872;442;5932;43;55;8;4;24;31;2;3;2;3;25;31;13;2;4;0;7;16;15;0;0;2;1;4;Pre-Season;5;23;12;2;1;1;30;8;11;5
63054;2028;9;29;Webster Bank Arena;4121;48;55;5;0;3;2;0;0;0;0;0;0;0;0;6204;6536;1827;65;39;0;4;27;24;4;5;6;2;32;30;17;15;9;0;4;11;5;0;0;2;0;0;Pre-Season;7;32;11;10;5;8;15;10;4;2
63056;2028;9;29;Upstate Medical University Arena;3300;32;45;5;3;2;3;0;0;0;1;1;1;0;0;3836;5459;6521;66;50;10;16;22;28;5;5;5;2;35;42;9;15;13;0;14;13;6;0;0;3;0;5;Pre-Season;11;30;15;10;0;3;27;8;9;3
63058;2028;9;29;H-E-B Center;3425;41;54;4;3;2;1;0;0;1;1;1;1;0;0;5670;1854;3044;62;78;14;6;16;26;7;6;5;4;44;33;10;8;3;1;8;18;20;2;1;3;2;7;Pre-Season;25;19;18;3;2;10;38;20;13;2
63060;2028;9;29;Oakland Coliseum;3647;40;123;3;4;0;1;2;0;0;1;1;2;0;0;2065;1408;2881;39;65;6;28;24;22;3;4;4;2;26;37;3;6;13;0;17;14;9;0;0;4;1;3;Pre-Season;3;14;10;11;1;6;31;14;11;3
63062;2028;9;29;Dunkin' Donuts Center;6992;34;33;4;3;2;0;1;1;0;0;2;1;0;0;6562;3806;1906;74;75;6;10;17;22;2;6;3;10;34;40;13;6;23;1;12;16;11;0;2;5;1;3;Pre-Season;10;27;20;15;2;12;24;20;12;7
63064;2028;9;29;Costa Rican Airlines Arena;13084;125;153;8;0;4;2;2;0;0;0;0;0;0;0;6995;6121;3063;74;44;8;24;25;23;5;5;4;6;38;30;21;18;13;0;9;10;5;0;1;7;0;4;Pre-Season;5;36;16;13;4;6;18;14;6;0
54438;2028;9;20;Sadion Arena;2890;93;88;5;4;0;3;2;0;0;2;1;1;0;0;7165;6709;6587;69;79;16;20;11;14;4;2;5;4;36;35;10;16;14;0;21;16;10;0;3;5;0;3;Regular Season;10;29;15;13;2;7;36;19;13;4
54439;2028;9;20;Tribute Communities Centre;2654;90;92;5;4;1;1;3;0;0;1;2;1;0;0;7757;7113;9385;82;52;14;18;10;21;6;5;4;4;45;32;17;10;19;0;6;4;9;0;1;4;1;2;Regular Season;7;41;15;14;5;16;16;12;8;0
54440;2028;9;20;Leon's Centre;2409;89;98;1;5;1;0;0;0;0;0;2;3;0;0;7626;7776;8829;56;70;17;15;18;16;6;10;3;7;30;31;7;14;5;0;16;7;22;0;0;5;2;6;Regular Season;12;24;11;7;2;3;28;18;15;6
54441;2028;9;21;Sudbury Community Arena;2528;97;86;2;4;2;0;0;0;0;0;1;3;0;0;6705;8274;9382;53;69;27;29;12;11;4;4;3;5;39;30;6;8;11;0;7;13;19;0;1;7;1;6;Regular Season;8;19;15;6;5;5;34;15;12;3
54442;2028;9;21;Orleans Arena;5370;85;98;3;2;0;1;1;0;1;1;1;0;0;0;7153;7151;7213;65;62;11;11;23;12;6;5;5;6;25;31;11;5;16;3;7;10;6;0;0;3;0;3;Regular Season;13;31;15;9;0;15;24;14;7;4
54443;2028;9;21;Meridian Centre;2789;96;102;2;5;0;1;1;0;0;1;2;2;0;0;7093;7670;7086;58;62;20;20;18;11;5;2;5;4;25;32;7;6;12;0;13;11;11;0;0;5;2;5;Regular Season;9;23;16;8;2;8;34;7;10;3
54444;2028;9;21;Paramount Fine Foods Centre;2765;95;99;2;6;2;0;0;0;0;2;3;1;0;0;6657;7101;7078;67;69;9;15;14;9;4;3;3;10;41;27;20;7;16;0;7;18;7;0;1;5;1;2;Regular Season;8;27;13;16;3;13;24;13;14;5
54445;2028;9;21;CAA Arena;2194;88;87;4;3;2;0;2;0;0;1;1;1;0;0;9435;7169;7183;61;76;10;10;20;16;5;2;7;9;36;36;12;7;9;0;10;16;11;0;2;5;1;5;Regular Season;9;26;13;11;2;5;42;17;11;1
54446;2028;9;21;Budweiser Gardens;4336;101;94;3;7;1;1;1;0;0;2;2;3;0;0;7135;7157;7725;59;67;16;14;31;14;4;2;5;4;29;36;9;6;8;0;18;9;14;0;1;2;1;3;Regular Season;15;25;11;6;2;7;29;15;12;4
54447;2028;9;21;McConnell Arena;428;91;93;4;1;2;1;1;0;0;0;0;1;0;0;8744;8768;7645;76;79;17;13;15;15;6;3;3;5;20;43;20;15;13;0;10;9;21;0;0;4;0;6;Regular Season;5;36;15;16;4;15;32;18;11;3
54448;2028;9;22;Dow Event Center;3219;104;90;5;2;4;0;1;0;0;0;0;2;0;0;5975;9427;7174;80;54;18;20;14;16;2;3;14;6;34;40;7;19;19;0;5;8;8;0;1;5;0;4;Regular Season;7;41;16;13;3;15;22;8;7;2
54449;2028;9;22;Sleeman Centre;2147;99;96;10;2;6;2;2;0;0;0;1;1;0;0;6702;7101;7201;62;36;33;43;23;8;2;7;5;6;33;28;16;12;10;0;4;7;5;0;2;4;0;4;Regular Season;6;21;15;11;9;11;15;3;7;0
54450;2028;9;22;Leon's Centre;2532;89;86;4;7;2;1;1;0;0;5;0;2;0;0;7205;6607;9382;51;81;36;32;19;19;4;8;7;9;43;46;10;5;4;0;16;16;20;0;0;6;3;8;Regular Season;11;26;9;4;1;6;43;15;14;3
54451;2028;9;22;Compuware Arena;2573;103;97;4;2;1;1;2;0;0;1;1;0;0;0;7208;8272;7191;93;30;11;15;11;11;1;5;4;3;38;29;23;27;21;0;1;5;5;0;1;5;1;3;Regular Season;0;46;19;19;9;5;12;7;4;2
54452;2028;9;22;Budweiser Gardens;4863;101;94;3;5;1;1;1;0;0;3;2;0;0;0;7108;6679;8261;53;52;17;11;18;19;2;9;4;7;32;31;7;6;6;0;4;15;11;0;1;3;1;6;Regular Season;11;18;10;12;2;7;21;12;10;2
54453;2028;9;22;Detroit Hettche Arena;2820;100;102;3;6;3;0;0;0;0;2;1;3;0;0;7193;7093;7196;52;74;10;12;11;20;3;3;4;3;27;33;7;2;7;0;12;13;22;0;1;1;0;0;Regular Season;14;17;13;7;1;5;38;10;14;7
54454;2028;9;23;Peterborough Memorial Centre;2448;92;91;0;7;0;0;0;0;0;1;1;5;0;0;8768;7077;8744;65;87;23;29;22;16;4;3;3;0;27;50;9;16;1;0;22;9;29;0;0;7;2;4;Regular Season;14;31;9;9;2;3;46;21;13;4
54455;2028;9;23;CAA Arena;2365;88;85;5;1;2;2;1;0;0;0;1;0;0;0;7185;6720;6662;72;43;20;14;19;11;3;8;8;3;38;24;19;8;12;0;5;12;4;0;1;2;0;5;Regular Season;7;24;19;15;7;3;20;9;10;1
54456;2028;9;23;Toyota Center;3475;87;98;2;4;1;1;0;0;0;1;0;3;0;0;7180;9308;9367;67;51;21;21;27;16;9;5;9;3;30;40;12;16;10;0;8;2;7;0;0;3;0;3;Regular Season;4;36;15;9;3;13;21;11;4;2
54457;2028;9;23;Compuware Arena;2361;103;90;4;3;3;0;1;0;0;1;0;2;0;0;7208;9345;6608;77;53;31;21;21;10;5;7;8;4;25;39;15;13;13;0;15;6;9;0;1;3;1;3;Regular Season;8;39;17;12;1;7;20;16;7;3
54458;2028;9;26;Budweiser Gardens;5042;101;104;2;7;2;0;0;0;0;1;2;4;0;0;7174;5975;6619;44;73;24;24;18;18;3;7;2;7;33;39;8;7;3;0;17;21;14;0;0;2;0;2;Regular Season;9;15;16;3;1;3;31;19;15;5
54459;2028;9;27;Sadion Arena;2616;93;90;6;2;2;1;3;0;0;0;2;0;0;0;7122;7165;6587;64;66;34;26;18;15;6;7;10;1;41;35;8;9;12;0;11;14;5;0;0;3;1;2;Regular Season;16;28;7;10;3;11;23;13;15;4
54460;2028;9;27;Leon's Centre;2278;89;94;6;3;2;1;3;0;0;0;2;1;0;0;7105;6728;9340;77;65;9;7;19;13;4;7;5;6;26;35;9;16;14;0;17;15;11;0;1;1;0;2;Regular Season;13;28;23;12;1;6;31;15;9;4
54461;2028;9;27;Detroit Hettche Arena;2533;100;91;5;2;2;1;2;0;0;1;1;0;0;0;9334;6716;9275;57;70;16;20;15;18;4;7;3;4;28;29;12;6;9;0;14;15;10;0;2;5;1;3;Regular Season;5;21;18;11;2;13;29;12;11;5
54462;2028;9;28;Sudbury Community Arena;2593;97;104;5;6;1;2;2;0;0;2;2;1;1;0;5975;9306;6619;60;71;31;27;26;17;3;5;12;5;38;31;8;9;9;1;14;13;11;2;0;6;1;3;Regular Season;14;27;12;5;2;12;27;15;12;5
54463;2028;9;28;Orleans Arena;4557;85;94;7;3;3;2;2;0;0;0;3;0;0;0;7742;7213;6597;61;51;24;30;30;7;6;3;2;5;27;37;11;14;13;0;6;11;7;0;2;5;0;2;Regular Season;9;27;14;6;5;10;23;9;9;0
54464;2028;9;28;Paramount Fine Foods Centre;2641;95;101;6;4;4;1;1;0;0;2;0;2;0;0;7688;6679;7099;78;43;20;18;24;11;6;3;5;5;33;33;18;15;17;0;10;1;14;0;1;4;0;5;Regular Season;5;41;14;17;1;4;20;11;7;1
54465;2028;9;28;Peterborough Memorial Centre;2370;92;98;4;2;0;1;3;0;0;0;0;2;0;0;6574;7626;9316;66;59;12;16;21;11;4;5;3;3;33;33;10;10;13;0;7;18;10;0;0;3;0;1;Regular Season;16;26;12;11;1;10;29;12;6;2
54466;2028;9;28;Tribute Communities Centre;2935;90;88;4;6;1;2;1;0;0;0;2;4;0;0;6621;7223;7186;46;65;34;16;15;14;1;5;4;4;31;41;7;8;1;0;9;14;16;0;1;3;2;7;Regular Season;16;14;7;7;2;3;29;12;13;8
54467;2028;9;28;Toyota Center;3387;87;96;2;5;1;0;1;0;0;2;3;0;0;0;6576;6588;7136;58;49;33;27;14;20;7;2;7;7;40;27;12;7;10;0;7;9;7;0;2;6;1;4;Regular Season;7;32;10;5;4;7;24;7;6;5
54468;2028;9;28;Sleeman Centre;2226;99;86;5;4;0;4;1;0;0;2;1;1;0;0;7101;6705;7711;68;59;28;26;23;12;7;6;7;10;45;28;3;21;15;0;12;5;20;0;2;3;1;4;Regular Season;11;32;16;7;2;4;27;11;13;4
54469;2028;9;28;J.D. McArthur Arena;1626;102;103;2;3;0;1;1;0;0;2;1;0;0;0;7187;7641;7095;48;83;11;9;16;17;1;1;5;3;36;30;8;10;7;0;19;15;17;0;0;2;0;3;Regular Season;8;23;8;8;1;6;43;17;14;3
54470;2028;9;29;Sadion Arena;2750;93;89;6;5;3;2;1;0;0;4;1;0;0;0;7177;6728;9448;77;67;18;20;8;13;3;7;10;5;40;27;16;9;10;0;12;19;11;0;1;5;1;4;Regular Season;12;34;15;11;5;11;29;15;11;1
54471;2028;9;29;Erie Insurance Arena;3508;98;95;2;4;1;0;1;0;0;0;2;2;0;0;7699;7626;6582;57;62;10;8;22;14;6;5;7;5;34;32;10;7;11;0;11;12;9;0;0;4;2;5;Regular Season;13;26;6;8;4;4;32;14;11;1
54472;2028;9;29;Dow Event Center;3475;104;91;7;6;1;1;4;1;0;2;3;1;0;0;5975;7082;7181;85;74;31;27;20;12;5;1;6;7;45;37;10;9;25;1;14;9;9;1;5;6;2;3;Regular Season;8;40;25;8;4;22;28;11;11;2
54473;2028;9;29;Spokane Arena;6053;86;88;5;4;1;1;3;0;0;2;1;1;0;0;7205;6720;7647;75;65;22;22;16;21;2;3;3;3;28;42;8;14;18;0;13;6;12;0;2;6;3;6;Regular Season;12;33;15;11;4;6;27;18;10;4
54474;2028;9;29;Tribute Communities Centre;2983;90;97;10;4;4;3;3;0;0;0;1;3;0;0;7223;6666;9345;72;55;18;20;24;19;3;4;10;5;43;47;24;15;11;0;9;7;15;0;4;5;1;4;Regular Season;6;34;13;16;3;9;25;8;11;2
54475;2028;9;29;Toyota Center;3452;87;94;4;5;0;1;3;0;0;2;1;1;0;1;7108;7697;8261;71;63;24;32;17;16;7;5;1;2;36;44;12;12;12;0;10;9;10;1;1;6;1;7;Regular Season;10;40;13;7;3;17;29;8;9;2
54476;2028;9;29;Sleeman Centre;2147;99;92;4;3;2;2;0;0;0;1;0;2;0;0;6614;8235;7201;69;46;61;67;21;16;3;5;9;5;40;39;13;17;9;0;2;8;9;0;0;11;0;8;Regular Season;8;30;13;12;6;15;13;9;6;3
54477;2028;9;29;Compuware Arena;2563;103;100;6;3;1;2;3;0;0;0;1;2;0;0;7191;7187;8671;71;60;21;19;20;9;5;2;6;5;29;31;16;9;16;0;11;8;6;0;2;2;1;3;Regular Season;6;33;17;10;5;11;29;11;9;0
54478;2028;9;30;Orleans Arena;5298;85;96;6;2;2;4;0;0;0;0;1;1;0;0;8315;6703;7213;57;51;28;42;16;25;5;9;2;5;34;40;11;14;7;0;12;8;13;0;2;6;1;4;Regular Season;9;25;14;8;1;7;28;12;4;0
54479;2028;9;30;Compuware Arena;2477;103;91;3;4;2;0;1;0;0;0;3;1;0;0;7764;6650;6677;59;66;43;31;24;11;4;3;4;4;31;35;14;9;6;0;11;13;13;0;2;3;2;4;Regular Season;10;19;14;13;3;7;35;9;11;4
54480;2028;9;30;J.D. McArthur Arena;1452;102;101;3;2;0;2;0;0;1;1;0;1;0;0;9386;8236;6679;62;57;11;13;17;20;3;5;3;4;29;28;9;12;16;1;7;9;8;3;1;4;1;3;Regular Season;5;28;16;15;1;14;23;17;3;2
54481;2028;10;1;Detroit Hettche Arena;2879;100;101;5;7;1;2;2;0;0;2;5;0;0;0;6681;9376;7777;70;56;23;11;19;13;8;4;4;6;36;23;13;18;12;0;9;10;15;0;2;3;3;4;Regular Season;3;40;15;9;3;9;27;7;6;7
54482;2028;10;3;J.D. McArthur Arena;1764;102;99;5;4;1;3;0;1;0;0;4;0;0;0;7719;7711;7193;64;52;25;27;16;19;4;2;2;7;40;31;14;13;9;2;5;11;7;0;2;6;1;5;Regular Season;3;35;15;10;1;10;14;15;9;4
54483;2028;10;4;CAA Centre;2670;94;89;5;4;1;0;3;0;1;1;1;2;0;0;7135;7660;7157;67;71;11;17;28;22;10;6;6;3;36;33;8;14;15;1;18;12;10;3;1;6;1;3;Regular Season;8;35;13;9;5;9;38;15;9;2
54484;2028;10;5;Erie Insurance Arena;4222;98;104;2;3;0;2;0;0;0;0;2;0;1;0;5975;7151;7174;65;63;34;42;14;18;0;6;9;9;49;29;15;8;7;0;10;14;6;3;1;11;0;7;Regular Season;9;29;14;11;2;10;23;15;8;7
54485;2028;10;5;Sudbury Community Arena;2391;97;103;2;4;0;0;2;0;0;2;2;0;0;0;7636;9365;7195;50;68;18;14;15;13;4;6;12;9;33;22;7;7;6;0;9;19;14;0;2;2;1;4;Regular Season;13;19;11;6;1;4;33;15;13;3
54486;2028;10;5;Orleans Arena;4743;85;86;2;6;1;0;1;0;0;2;3;1;0;0;9337;6607;9287;63;51;37;25;17;11;3;6;5;3;35;34;7;18;14;0;7;14;8;0;1;5;2;6;Regular Season;7;22;12;16;6;6;24;12;6;3
54487;2028;10;5;Meridian Centre;2616;96;99;4;7;0;4;0;0;0;4;3;0;0;0;7101;6657;7201;52;75;22;32;11;23;11;6;5;5;41;32;5;11;9;0;16;17;12;0;0;6;1;6;Regular Season;6;27;10;4;5;10;34;23;7;1
54488;2028;10;5;Paramount Fine Foods Centre;2442;95;92;5;4;1;2;2;0;0;0;2;2;0;0;7121;9316;8226;71;53;33;34;20;11;11;2;5;5;42;32;6;18;18;0;10;8;8;0;1;7;3;10;Regular Season;5;37;14;10;5;10;24;6;9;4
54489;2028;10;5;CAA Arena;2059;88;87;4;1;1;0;3;0;0;0;1;0;0;0;8682;7183;6709;59;54;16;18;21;17;6;3;1;1;39;27;9;7;18;0;11;5;7;0;0;4;0;3;Regular Season;9;30;11;8;1;13;20;15;4;2
54490;2028;10;5;J.D. McArthur Arena;1522;102;100;4;3;3;0;0;0;1;1;2;0;0;0;7093;9376;7196;62;69;22;16;20;21;5;2;3;5;35;40;9;9;3;3;10;13;11;2;0;3;2;6;Regular Season;20;23;9;10;2;13;27;17;10;4
54491;2028;10;5;Budweiser Gardens;4897;101;89;5;2;0;2;3;0;0;0;0;2;0;0;9414;7128;7589;63;53;22;28;13;17;10;8;5;5;35;36;13;9;14;0;11;6;10;0;2;9;2;6;Regular Season;5;32;17;4;5;10;23;10;8;2
54492;2028;10;5;McConnell Arena;490;91;93;6;3;1;5;0;0;0;1;2;0;0;0;8744;7077;6677;59;52;24;38;18;12;7;5;8;7;37;43;12;14;10;0;7;7;7;0;1;9;1;7;Regular Season;5;28;16;8;2;10;22;10;8;2
54493;2028;10;6;Erie Insurance Arena;4209;98;103;1;3;0;0;1;0;0;1;1;1;0;0;7208;7679;7191;56;78;25;15;22;9;2;3;4;5;26;44;5;6;12;0;16;21;15;0;1;5;2;5;Regular Season;12;19;12;9;4;4;39;11;20;4
54494;2028;10;6;Orleans Arena;4750;85;97;4;3;2;1;1;0;0;3;0;0;0;0;7742;9365;6597;59;52;20;22;21;11;9;3;1;5;32;45;10;8;8;0;6;5;6;0;1;6;1;5;Regular Season;7;31;13;5;3;12;20;11;7;2
54495;2028;10;6;Peterborough Memorial Centre;2555;92;88;1;3;0;1;0;0;0;2;1;0;0;0;7730;6574;7216;47;83;23;31;19;13;7;2;7;4;30;35;4;6;4;0;14;12;30;0;0;3;1;4;Regular Season;17;18;7;5;0;4;45;16;13;5
54496;2028;10;6;Tribute Communities Centre;2873;90;104;4;5;1;3;0;0;0;2;2;0;0;1;6690;7223;7181;63;62;28;26;12;15;5;0;6;6;46;22;13;19;9;0;14;15;6;2;2;3;0;4;Regular Season;11;29;16;10;0;7;25;22;6;4
54497;2028;10;6;Sleeman Centre;2217;99;100;3;4;0;2;1;0;0;1;1;2;0;0;7076;6657;8289;56;62;17;25;17;15;3;7;6;5;28;36;14;5;11;0;6;10;11;0;1;5;0;1;Regular Season;7;27;12;8;2;11;23;16;8;4
54498;2028;10;6;Budweiser Gardens;5048;101;93;4;3;3;0;0;1;0;0;3;0;0;0;6681;7165;9414;56;69;18;18;22;11;3;4;5;3;34;30;14;7;8;2;6;25;10;0;1;4;1;4;Regular Season;7;32;7;7;3;11;26;15;14;3
54499;2028;10;7;Spokane Arena;5325;86;95;3;7;2;0;1;0;0;1;1;5;0;0;7768;7099;7209;57;60;26;28;14;18;4;4;4;6;31;31;6;13;6;0;16;9;8;0;1;4;0;3;Regular Season;7;25;11;10;4;5;27;15;9;4
54500;2028;10;7;Meridian Centre;2798;96;104;4;5;2;2;0;0;0;4;0;1;0;0;7174;6588;9427;74;54;20;16;15;22;4;7;5;6;43;28;9;20;16;0;15;9;6;0;1;3;0;5;Regular Season;7;34;16;13;4;6;25;17;3;3
54501;2028;10;7;Peterborough Memorial Centre;2607;92;102;2;8;1;0;1;0;0;3;2;3;0;0;7093;9395;7196;54;74;34;20;23;15;9;3;6;3;34;38;7;6;3;0;13;21;14;0;0;5;2;7;Regular Season;21;17;12;2;2;5;34;19;13;3
54502;2028;10;7;Toyota Center;3488;87;97;5;2;2;1;2;0;0;1;1;0;0;0;9375;9308;7169;63;54;20;16;15;10;4;7;7;6;32;33;10;11;9;0;14;7;8;0;1;3;1;5;Regular Season;7;29;14;9;4;6;24;14;8;2
54503;2028;10;7;McConnell Arena;470;91;89;7;4;1;2;4;0;0;0;2;2;0;0;7204;8744;7162;89;53;12;16;15;14;4;3;5;4;44;25;23;24;9;0;3;3;9;0;1;3;0;1;Regular Season;5;48;15;17;4;15;22;4;12;0
54504;2028;10;10;Dow Event Center;0;104;102;0;0;0;0;0;0;0;0;0;0;0;0;;;;0;0;0;0;0;0;0;0;0;0;0;0;0;0;0;0;0;0;0;0;0;0;0;0;Regular Season;0;0;0;0;0;0;0;0;0;0
54505;2028;10;10;Sleeman Centre;0;99;95;0;0;0;0;0;0;0;0;0;0;0;0;;;;0;0;0;0;0;0;0;0;0;0;0;0;0;0;0;0;0;0;0;0;0;0;0;0;Regular Season;0;0;0;0;0;0;0;0;0;0
54506;2028;10;11;Tribute Communities Centre;0;90;98;0;0;0;0;0;0;0;0;0;0;0;0;;;;0;0;0;0;0;0;0;0;0;0;0;0;0;0;0;0;0;0;0;0;0;0;0;0;Regular Season;0;0;0;0;0;0;0;0;0;0
54507;2028;10;11;CAA Centre;0;94;87;0;0;0;0;0;0;0;0;0;0;0;0;;;;0;0;0;0;0;0;0;0;0;0;0;0;0;0;0;0;0;0;0;0;0;0;0;0;Regular Season;0;0;0;0;0;0;0;0;0;0
54508;2028;10;11;Leon's Centre;0;89;85;0;0;0;0;0;0;0;0;0;0;0;0;;;;0;0;0;0;0;0;0;0;0;0;0;0;0;0;0;0;0;0;0;0;0;0;0;0;Regular Season;0;0;0;0;0;0;0;0;0;0
54509;2028;10;11;Detroit Hettche Arena;0;100;103;0;0;0;0;0;0;0;0;0;0;0;0;;;;0;0;0;0;0;0;0;0;0;0;0;0;0;0;0;0;0;0;0;0;0;0;0;0;Regular Season;0;0;0;0;0;0;0;0;0;0
54510;2028;10;12;Erie Insurance Arena;0;98;99;0;0;0;0;0;0;0;0;0;0;0;0;;;;0;0;0;0;0;0;0;0;0;0;0;0;0;0;0;0;0;0;0;0;0;0;0;0;Regular Season;0;0;0;0;0;0;0;0;0;0
54511;2028;10;12;Sudbury Community Arena;0;97;88;0;0;0;0;0;0;0;0;0;0;0;0;;;;0;0;0;0;0;0;0;0;0;0;0;0;0;0;0;0;0;0;0;0;0;0;0;0;Regular Season;0;0;0;0;0;0;0;0;0;0
54512;2028;10;12;Orleans Arena;0;85;89;0;0;0;0;0;0;0;0;0;0;0;0;;;;0;0;0;0;0;0;0;0;0;0;0;0;0;0;0;0;0;0;0;0;0;0;0;0;Regular Season;0;0;0;0;0;0;0;0;0;0
54513;2028;10;12;Meridian Centre;0;96;91;0;0;0;0;0;0;0;0;0;0;0;0;;;;0;0;0;0;0;0;0;0;0;0;0;0;0;0;0;0;0;0;0;0;0;0;0;0;Regular Season;0;0;0;0;0;0;0;0;0;0
54514;2028;10;12;Paramount Fine Foods Centre;0;95;103;0;0;0;0;0;0;0;0;0;0;0;0;;;;0;0;0;0;0;0;0;0;0;0;0;0;0;0;0;0;0;0;0;0;0;0;0;0;Regular Season;0;0;0;0;0;0;0;0;0;0
54515;2028;10;12;Peterborough Memorial Centre;0;92;86;0;0;0;0;0;0;0;0;0;0;0;0;;;;0;0;0;0;0;0;0;0;0;0;0;0;0;0;0;0;0;0;0;0;0;0;0;0;Regular Season;0;0;0;0;0;0;0;0;0;0
54516;2028;10;12;J.D. McArthur Arena;0;102;104;0;0;0;0;0;0;0;0;0;0;0;0;;;;0;0;0;0;0;0;0;0;0;0;0;0;0;0;0;0;0;0;0;0;0;0;0;0;Regular Season;0;0;0;0;0;0;0;0;0;0
54517;2028;10;12;Budweiser Gardens;0;101;87;0;0;0;0;0;0;0;0;0;0;0;0;;;;0;0;0;0;0;0;0;0;0;0;0;0;0;0;0;0;0;0;0;0;0;0;0;0;Regular Season;0;0;0;0;0;0;0;0;0;0
54518;2028;10;13;Sadion Arena;0;93;92;0;0;0;0;0;0;0;0;0;0;0;0;;;;0;0;0;0;0;0;0;0;0;0;0;0;0;0;0;0;0;0;0;0;0;0;0;0;Regular Season;0;0;0;0;0;0;0;0;0;0
54519;2028;10;13;Erie Insurance Arena;0;98;99;0;0;0;0;0;0;0;0;0;0;0;0;;;;0;0;0;0;0;0;0;0;0;0;0;0;0;0;0;0;0;0;0;0;0;0;0;0;Regular Season;0;0;0;0;0;0;0;0;0;0
54520;2028;10;13;Dow Event Center;0;104;100;0;0;0;0;0;0;0;0;0;0;0;0;;;;0;0;0;0;0;0;0;0;0;0;0;0;0;0;0;0;0;0;0;0;0;0;0;0;Regular Season;0;0;0;0;0;0;0;0;0;0
54521;2028;10;13;Sudbury Community Arena;0;97;96;0;0;0;0;0;0;0;0;0;0;0;0;;;;0;0;0;0;0;0;0;0;0;0;0;0;0;0;0;0;0;0;0;0;0;0;0;0;Regular Season;0;0;0;0;0;0;0;0;0;0
54522;2028;10;13;Spokane Arena;0;86;89;0;0;0;0;0;0;0;0;0;0;0;0;;;;0;0;0;0;0;0;0;0;0;0;0;0;0;0;0;0;0;0;0;0;0;0;0;0;Regular Season;0;0;0;0;0;0;0;0;0;0
54523;2028;10;13;Compuware Arena;0;103;95;0;0;0;0;0;0;0;0;0;0;0;0;;;;0;0;0;0;0;0;0;0;0;0;0;0;0;0;0;0;0;0;0;0;0;0;0;0;Regular Season;0;0;0;0;0;0;0;0;0;0
54524;2028;10;13;J.D. McArthur Arena;0;102;90;0;0;0;0;0;0;0;0;0;0;0;0;;;;0;0;0;0;0;0;0;0;0;0;0;0;0;0;0;0;0;0;0;0;0;0;0;0;Regular Season;0;0;0;0;0;0;0;0;0;0
54525;2028;10;14;CAA Centre;0;94;93;0;0;0;0;0;0;0;0;0;0;0;0;;;;0;0;0;0;0;0;0;0;0;0;0;0;0;0;0;0;0;0;0;0;0;0;0;0;Regular Season;0;0;0;0;0;0;0;0;0;0
54526;2028;10;14;CAA Arena;0;88;85;0;0;0;0;0;0;0;0;0;0;0;0;;;;0;0;0;0;0;0;0;0;0;0;0;0;0;0;0;0;0;0;0;0;0;0;0;0;Regular Season;0;0;0;0;0;0;0;0;0;0
54527;2028;10;14;McConnell Arena;0;91;87;0;0;0;0;0;0;0;0;0;0;0;0;;;;0;0;0;0;0;0;0;0;0;0;0;0;0;0;0;0;0;0;0;0;0;0;0;0;Regular Season;0;0;0;0;0;0;0;0;0;0
54528;2028;10;14;Detroit Hettche Arena;0;100;90;0;0;0;0;0;0;0;0;0;0;0;0;;;;0;0;0;0;0;0;0;0;0;0;0;0;0;0;0;0;0;0;0;0;0;0;0;0;Regular Season;0;0;0;0;0;0;0;0;0;0
54529;2028;10;16;Meridian Centre;0;96;97;0;0;0;0;0;0;0;0;0;0;0;0;;;;0;0;0;0;0;0;0;0;0;0;0;0;0;0;0;0;0;0;0;0;0;0;0;0;Regular Season;0;0;0;0;0;0;0;0;0;0
54530;2028;10;17;Compuware Arena;0;103;104;0;0;0;0;0;0;0;0;0;0;0;0;;;;0;0;0;0;0;0;0;0;0;0;0;0;0;0;0;0;0;0;0;0;0;0;0;0;Regular Season;0;0;0;0;0;0;0;0;0;0
54531;2028;10;18;Sadion Arena;0;93;99;0;0;0;0;0;0;0;0;0;0;0;0;;;;0;0;0;0;0;0;0;0;0;0;0;0;0;0;0;0;0;0;0;0;0;0;0;0;Regular Season;0;0;0;0;0;0;0;0;0;0
54532;2028;10;18;Tribute Communities Centre;0;90;95;0;0;0;0;0;0;0;0;0;0;0;0;;;;0;0;0;0;0;0;0;0;0;0;0;0;0;0;0;0;0;0;0;0;0;0;0;0;Regular Season;0;0;0;0;0;0;0;0;0;0
54533;2028;10;18;Leon's Centre;0;89;101;0;0;0;0;0;0;0;0;0;0;0;0;;;;0;0;0;0;0;0;0;0;0;0;0;0;0;0;0;0;0;0;0;0;0;0;0;0;Regular Season;0;0;0;0;0;0;0;0;0;0
54534;2028;10;18;Detroit Hettche Arena;0;100;94;0;0;0;0;0;0;0;0;0;0;0;0;;;;0;0;0;0;0;0;0;0;0;0;0;0;0;0;0;0;0;0;0;0;0;0;0;0;Regular Season;0;0;0;0;0;0;0;0;0;0
54535;2028;10;19;Sudbury Community Arena;0;97;92;0;0;0;0;0;0;0;0;0;0;0;0;;;;0;0;0;0;0;0;0;0;0;0;0;0;0;0;0;0;0;0;0;0;0;0;0;0;Regular Season;0;0;0;0;0;0;0;0;0;0
54536;2028;10;19;Orleans Arena;0;85;101;0;0;0;0;0;0;0;0;0;0;0;0;;;;0;0;0;0;0;0;0;0;0;0;0;0;0;0;0;0;0;0;0;0;0;0;0;0;Regular Season;0;0;0;0;0;0;0;0;0;0
54537;2028;10;19;Meridian Centre;0;96;98;0;0;0;0;0;0;0;0;0;0;0;0;;;;0;0;0;0;0;0;0;0;0;0;0;0;0;0;0;0;0;0;0;0;0;0;0;0;Regular Season;0;0;0;0;0;0;0;0;0;0
54538;2028;10;19;Paramount Fine Foods Centre;0;95;94;0;0;0;0;0;0;0;0;0;0;0;0;;;;0;0;0;0;0;0;0;0;0;0;0;0;0;0;0;0;0;0;0;0;0;0;0;0;Regular Season;0;0;0;0;0;0;0;0;0;0
54539;2028;10;19;Tribute Communities Centre;0;90;100;0;0;0;0;0;0;0;0;0;0;0;0;;;;0;0;0;0;0;0;0;0;0;0;0;0;0;0;0;0;0;0;0;0;0;0;0;0;Regular Season;0;0;0;0;0;0;0;0;0;0
54540;2028;10;19;CAA Arena;0;88;86;0;0;0;0;0;0;0;0;0;0;0;0;;;;0;0;0;0;0;0;0;0;0;0;0;0;0;0;0;0;0;0;0;0;0;0;0;0;Regular Season;0;0;0;0;0;0;0;0;0;0
54541;2028;10;19;Toyota Center;0;87;89;0;0;0;0;0;0;0;0;0;0;0;0;;;;0;0;0;0;0;0;0;0;0;0;0;0;0;0;0;0;0;0;0;0;0;0;0;0;Regular Season;0;0;0;0;0;0;0;0;0;0
54542;2028;10;19;J.D. McArthur Arena;0;102;91;0;0;0;0;0;0;0;0;0;0;0;0;;;;0;0;0;0;0;0;0;0;0;0;0;0;0;0;0;0;0;0;0;0;0;0;0;0;Regular Season;0;0;0;0;0;0;0;0;0;0
54543;2028;10;20;Sadion Arena;0;93;85;0;0;0;0;0;0;0;0;0;0;0;0;;;;0;0;0;0;0;0;0;0;0;0;0;0;0;0;0;0;0;0;0;0;0;0;0;0;Regular Season;0;0;0;0;0;0;0;0;0;0
54544;2028;10;20;Erie Insurance Arena;0;98;100;0;0;0;0;0;0;0;0;0;0;0;0;;;;0;0;0;0;0;0;0;0;0;0;0;0;0;0;0;0;0;0;0;0;0;0;0;0;Regular Season;0;0;0;0;0;0;0;0;0;0
54545;2028;10;20;Dow Event Center;0;104;88;0;0;0;0;0;0;0;0;0;0;0;0;;;;0;0;0;0;0;0;0;0;0;0;0;0;0;0;0;0;0;0;0;0;0;0;0;0;Regular Season;0;0;0;0;0;0;0;0;0;0
54546;2028;10;20;Spokane Arena;0;86;102;0;0;0;0;0;0;0;0;0;0;0;0;;;;0;0;0;0;0;0;0;0;0;0;0;0;0;0;0;0;0;0;0;0;0;0;0;0;Regular Season;0;0;0;0;0;0;0;0;0;0
54547;2028;10;20;Paramount Fine Foods Centre;0;95;91;0;0;0;0;0;0;0;0;0;0;0;0;;;;0;0;0;0;0;0;0;0;0;0;0;0;0;0;0;0;0;0;0;0;0;0;0;0;Regular Season;0;0;0;0;0;0;0;0;0;0
54548;2028;10;20;Sleeman Centre;0;99;97;0;0;0;0;0;0;0;0;0;0;0;0;;;;0;0;0;0;0;0;0;0;0;0;0;0;0;0;0;0;0;0;0;0;0;0;0;0;Regular Season;0;0;0;0;0;0;0;0;0;0
54549;2028;10;20;Compuware Arena;0;103;92;0;0;0;0;0;0;0;0;0;0;0;0;;;;0;0;0;0;0;0;0;0;0;0;0;0;0;0;0;0;0;0;0;0;0;0;0;0;Regular Season;0;0;0;0;0;0;0;0;0;0
54550;2028;10;21;Erie Insurance Arena;0;98;96;0;0;0;0;0;0;0;0;0;0;0;0;;;;0;0;0;0;0;0;0;0;0;0;0;0;0;0;0;0;0;0;0;0;0;0;0;0;Regular Season;0;0;0;0;0;0;0;0;0;0
54551;2028;10;21;Dow Event Center;0;104;92;0;0;0;0;0;0;0;0;0;0;0;0;;;;0;0;0;0;0;0;0;0;0;0;0;0;0;0;0;0;0;0;0;0;0;0;0;0;Regular Season;0;0;0;0;0;0;0;0;0;0
54552;2028;10;21;Sudbury Community Arena;0;97;94;0;0;0;0;0;0;0;0;0;0;0;0;;;;0;0;0;0;0;0;0;0;0;0;0;0;0;0;0;0;0;0;0;0;0;0;0;0;Regular Season;0;0;0;0;0;0;0;0;0;0
54553;2028;10;21;Toyota Center;0;87;101;0;0;0;0;0;0;0;0;0;0;0;0;;;;0;0;0;0;0;0;0;0;0;0;0;0;0;0;0;0;0;0;0;0;0;0;0;0;Regular Season;0;0;0;0;0;0;0;0;0;0
54554;2028;10;21;Sleeman Centre;0;99;85;0;0;0;0;0;0;0;0;0;0;0;0;;;;0;0;0;0;0;0;0;0;0;0;0;0;0;0;0;0;0;0;0;0;0;0;0;0;Regular Season;0;0;0;0;0;0;0;0;0;0
54555;2028;10;21;Compuware Arena;0;103;88;0;0;0;0;0;0;0;0;0;0;0;0;;;;0;0;0;0;0;0;0;0;0;0;0;0;0;0;0;0;0;0;0;0;0;0;0;0;Regular Season;0;0;0;0;0;0;0;0;0;0
54556;2028;10;24;J.D. McArthur Arena;0;102;97;0;0;0;0;0;0;0;0;0;0;0;0;;;;0;0;0;0;0;0;0;0;0;0;0;0;0;0;0;0;0;0;0;0;0;0;0;0;Regular Season;0;0;0;0;0;0;0;0;0;0
54557;2028;10;24;McConnell Arena;0;91;101;0;0;0;0;0;0;0;0;0;0;0;0;;;;0;0;0;0;0;0;0;0;0;0;0;0;0;0;0;0;0;0;0;0;0;0;0;0;Regular Season;0;0;0;0;0;0;0;0;0;0
54558;2028;10;25;CAA Centre;0;94;90;0;0;0;0;0;0;0;0;0;0;0;0;;;;0;0;0;0;0;0;0;0;0;0;0;0;0;0;0;0;0;0;0;0;0;0;0;0;Regular Season;0;0;0;0;0;0;0;0;0;0
54559;2028;10;25;Leon's Centre;0;89;93;0;0;0;0;0;0;0;0;0;0;0;0;;;;0;0;0;0;0;0;0;0;0;0;0;0;0;0;0;0;0;0;0;0;0;0;0;0;Regular Season;0;0;0;0;0;0;0;0;0;0
54560;2028;10;25;Compuware Arena;0;103;85;0;0;0;0;0;0;0;0;0;0;0;0;;;;0;0;0;0;0;0;0;0;0;0;0;0;0;0;0;0;0;0;0;0;0;0;0;0;Regular Season;0;0;0;0;0;0;0;0;0;0
54561;2028;10;25;Detroit Hettche Arena;0;100;102;0;0;0;0;0;0;0;0;0;0;0;0;;;;0;0;0;0;0;0;0;0;0;0;0;0;0;0;0;0;0;0;0;0;0;0;0;0;Regular Season;0;0;0;0;0;0;0;0;0;0
54562;2028;10;26;Dow Event Center;0;104;85;0;0;0;0;0;0;0;0;0;0;0;0;;;;0;0;0;0;0;0;0;0;0;0;0;0;0;0;0;0;0;0;0;0;0;0;0;0;Regular Season;0;0;0;0;0;0;0;0;0;0
54563;2028;10;26;Spokane Arena;0;86;94;0;0;0;0;0;0;0;0;0;0;0;0;;;;0;0;0;0;0;0;0;0;0;0;0;0;0;0;0;0;0;0;0;0;0;0;0;0;Regular Season;0;0;0;0;0;0;0;0;0;0
54564;2028;10;26;Meridian Centre;0;96;103;0;0;0;0;0;0;0;0;0;0;0;0;;;;0;0;0;0;0;0;0;0;0;0;0;0;0;0;0;0;0;0;0;0;0;0;0;0;Regular Season;0;0;0;0;0;0;0;0;0;0
54565;2028;10;26;Paramount Fine Foods Centre;0;95;98;0;0;0;0;0;0;0;0;0;0;0;0;;;;0;0;0;0;0;0;0;0;0;0;0;0;0;0;0;0;0;0;0;0;0;0;0;0;Regular Season;0;0;0;0;0;0;0;0;0;0
54566;2028;10;26;CAA Arena;0;88;89;0;0;0;0;0;0;0;0;0;0;0;0;;;;0;0;0;0;0;0;0;0;0;0;0;0;0;0;0;0;0;0;0;0;0;0;0;0;Regular Season;0;0;0;0;0;0;0;0;0;0
54567;2028;10;26;Toyota Center;0;87;93;0;0;0;0;0;0;0;0;0;0;0;0;;;;0;0;0;0;0;0;0;0;0;0;0;0;0;0;0;0;0;0;0;0;0;0;0;0;Regular Season;0;0;0;0;0;0;0;0;0;0
54568;2028;10;26;Budweiser Gardens;0;101;97;0;0;0;0;0;0;0;0;0;0;0;0;;;;0;0;0;0;0;0;0;0;0;0;0;0;0;0;0;0;0;0;0;0;0;0;0;0;Regular Season;0;0;0;0;0;0;0;0;0;0
54569;2028;10;26;McConnell Arena;0;91;90;0;0;0;0;0;0;0;0;0;0;0;0;;;;0;0;0;0;0;0;0;0;0;0;0;0;0;0;0;0;0;0;0;0;0;0;0;0;Regular Season;0;0;0;0;0;0;0;0;0;0
54570;2028;10;27;Erie Insurance Arena;0;98;94;0;0;0;0;0;0;0;0;0;0;0;0;;;;0;0;0;0;0;0;0;0;0;0;0;0;0;0;0;0;0;0;0;0;0;0;0;0;Regular Season;0;0;0;0;0;0;0;0;0;0
54571;2028;10;27;Dow Event Center;0;104;97;0;0;0;0;0;0;0;0;0;0;0;0;;;;0;0;0;0;0;0;0;0;0;0;0;0;0;0;0;0;0;0;0;0;0;0;0;0;Regular Season;0;0;0;0;0;0;0;0;0;0
54572;2028;10;27;Peterborough Memorial Centre;0;92;100;0;0;0;0;0;0;0;0;0;0;0;0;;;;0;0;0;0;0;0;0;0;0;0;0;0;0;0;0;0;0;0;0;0;0;0;0;0;Regular Season;0;0;0;0;0;0;0;0;0;0
54573;2028;10;27;Sleeman Centre;0;99;95;0;0;0;0;0;0;0;0;0;0;0;0;;;;0;0;0;0;0;0;0;0;0;0;0;0;0;0;0;0;0;0;0;0;0;0;0;0;Regular Season;0;0;0;0;0;0;0;0;0;0
54574;2028;10;27;Budweiser Gardens;0;101;90;0;0;0;0;0;0;0;0;0;0;0;0;;;;0;0;0;0;0;0;0;0;0;0;0;0;0;0;0;0;0;0;0;0;0;0;0;0;Regular Season;0;0;0;0;0;0;0;0;0;0
54575;2028;10;28;CAA Arena;0;88;103;0;0;0;0;0;0;0;0;0;0;0;0;;;;0;0;0;0;0;0;0;0;0;0;0;0;0;0;0;0;0;0;0;0;0;0;0;0;Regular Season;0;0;0;0;0;0;0;0;0;0
54576;2028;10;28;Toyota Center;0;87;89;0;0;0;0;0;0;0;0;0;0;0;0;;;;0;0;0;0;0;0;0;0;0;0;0;0;0;0;0;0;0;0;0;0;0;0;0;0;Regular Season;0;0;0;0;0;0;0;0;0;0
54577;2028;10;28;J.D. McArthur Arena;0;102;104;0;0;0;0;0;0;0;0;0;0;0;0;;;;0;0;0;0;0;0;0;0;0;0;0;0;0;0;0;0;0;0;0;0;0;0;0;0;Regular Season;0;0;0;0;0;0;0;0;0;0
54578;2028;10;28;McConnell Arena;0;91;92;0;0;0;0;0;0;0;0;0;0;0;0;;;;0;0;0;0;0;0;0;0;0;0;0;0;0;0;0;0;0;0;0;0;0;0;0;0;Regular Season;0;0;0;0;0;0;0;0;0;0
54579;2028;10;28;Detroit Hettche Arena;0;100;85;0;0;0;0;0;0;0;0;0;0;0;0;;;;0;0;0;0;0;0;0;0;0;0;0;0;0;0;0;0;0;0;0;0;0;0;0;0;Regular Season;0;0;0;0;0;0;0;0;0;0
54580;2028;10;30;Meridian Centre;0;96;99;0;0;0;0;0;0;0;0;0;0;0;0;;;;0;0;0;0;0;0;0;0;0;0;0;0;0;0;0;0;0;0;0;0;0;0;0;0;Regular Season;0;0;0;0;0;0;0;0;0;0
54581;2028;10;30;Leon's Centre;0;89;86;0;0;0;0;0;0;0;0;0;0;0;0;;;;0;0;0;0;0;0;0;0;0;0;0;0;0;0;0;0;0;0;0;0;0;0;0;0;Regular Season;0;0;0;0;0;0;0;0;0;0
54582;2028;10;31;Orleans Arena;0;85;87;0;0;0;0;0;0;0;0;0;0;0;0;;;;0;0;0;0;0;0;0;0;0;0;0;0;0;0;0;0;0;0;0;0;0;0;0;0;Regular Season;0;0;0;0;0;0;0;0;0;0
54583;2028;10;31;Sleeman Centre;0;99;102;0;0;0;0;0;0;0;0;0;0;0;0;;;;0;0;0;0;0;0;0;0;0;0;0;0;0;0;0;0;0;0;0;0;0;0;0;0;Regular Season;0;0;0;0;0;0;0;0;0;0
54584;2028;11;1;Sadion Arena;0;93;86;0;0;0;0;0;0;0;0;0;0;0;0;;;;0;0;0;0;0;0;0;0;0;0;0;0;0;0;0;0;0;0;0;0;0;0;0;0;Regular Season;0;0;0;0;0;0;0;0;0;0
54585;2028;11;1;CAA Centre;0;94;97;0;0;0;0;0;0;0;0;0;0;0;0;;;;0;0;0;0;0;0;0;0;0;0;0;0;0;0;0;0;0;0;0;0;0;0;0;0;Regular Season;0;0;0;0;0;0;0;0;0;0
54586;2028;11;1;Detroit Hettche Arena;0;100;89;0;0;0;0;0;0;0;0;0;0;0;0;;;;0;0;0;0;0;0;0;0;0;0;0;0;0;0;0;0;0;0;0;0;0;0;0;0;Regular Season;0;0;0;0;0;0;0;0;0;0
54587;2028;11;2;Dow Event Center;0;104;101;0;0;0;0;0;0;0;0;0;0;0;0;;;;0;0;0;0;0;0;0;0;0;0;0;0;0;0;0;0;0;0;0;0;0;0;0;0;Regular Season;0;0;0;0;0;0;0;0;0;0
54588;2028;11;2;Orleans Arena;0;85;90;0;0;0;0;0;0;0;0;0;0;0;0;;;;0;0;0;0;0;0;0;0;0;0;0;0;0;0;0;0;0;0;0;0;0;0;0;0;Regular Season;0;0;0;0;0;0;0;0;0;0
54589;2028;11;2;Meridian Centre;0;96;92;0;0;0;0;0;0;0;0;0;0;0;0;;;;0;0;0;0;0;0;0;0;0;0;0;0;0;0;0;0;0;0;0;0;0;0;0;0;Regular Season;0;0;0;0;0;0;0;0;0;0
54590;2028;11;2;Paramount Fine Foods Centre;0;95;93;0;0;0;0;0;0;0;0;0;0;0;0;;;;0;0;0;0;0;0;0;0;0;0;0;0;0;0;0;0;0;0;0;0;0;0;0;0;Regular Season;0;0;0;0;0;0;0;0;0;0
54591;2028;11;2;Toyota Center;0;87;88;0;0;0;0;0;0;0;0;0;0;0;0;;;;0;0;0;0;0;0;0;0;0;0;0;0;0;0;0;0;0;0;0;0;0;0;0;0;Regular Season;0;0;0;0;0;0;0;0;0;0
54592;2028;11;2;J.D. McArthur Arena;0;102;103;0;0;0;0;0;0;0;0;0;0;0;0;;;;0;0;0;0;0;0;0;0;0;0;0;0;0;0;0;0;0;0;0;0;0;0;0;0;Regular Season;0;0;0;0;0;0;0;0;0;0
54593;2028;11;2;McConnell Arena;0;91;97;0;0;0;0;0;0;0;0;0;0;0;0;;;;0;0;0;0;0;0;0;0;0;0;0;0;0;0;0;0;0;0;0;0;0;0;0;0;Regular Season;0;0;0;0;0;0;0;0;0;0
54594;2028;11;3;Sadion Arena;0;93;94;0;0;0;0;0;0;0;0;0;0;0;0;;;;0;0;0;0;0;0;0;0;0;0;0;0;0;0;0;0;0;0;0;0;0;0;0;0;Regular Season;0;0;0;0;0;0;0;0;0;0
54595;2028;11;3;Dow Event Center;0;104;89;0;0;0;0;0;0;0;0;0;0;0;0;;;;0;0;0;0;0;0;0;0;0;0;0;0;0;0;0;0;0;0;0;0;0;0;0;0;Regular Season;0;0;0;0;0;0;0;0;0;0
54596;2028;11;3;Spokane Arena;0;86;92;0;0;0;0;0;0;0;0;0;0;0;0;;;;0;0;0;0;0;0;0;0;0;0;0;0;0;0;0;0;0;0;0;0;0;0;0;0;Regular Season;0;0;0;0;0;0;0;0;0;0
54597;2028;11;3;Sleeman Centre;0;99;98;0;0;0;0;0;0;0;0;0;0;0;0;;;;0;0;0;0;0;0;0;0;0;0;0;0;0;0;0;0;0;0;0;0;0;0;0;0;Regular Season;0;0;0;0;0;0;0;0;0;0
54598;2028;11;3;Compuware Arena;0;103;101;0;0;0;0;0;0;0;0;0;0;0;0;;;;0;0;0;0;0;0;0;0;0;0;0;0;0;0;0;0;0;0;0;0;0;0;0;0;Regular Season;0;0;0;0;0;0;0;0;0;0
54599;2028;11;3;McConnell Arena;0;91;96;0;0;0;0;0;0;0;0;0;0;0;0;;;;0;0;0;0;0;0;0;0;0;0;0;0;0;0;0;0;0;0;0;0;0;0;0;0;Regular Season;0;0;0;0;0;0;0;0;0;0
54600;2028;11;3;Detroit Hettche Arena;0;100;95;0;0;0;0;0;0;0;0;0;0;0;0;;;;0;0;0;0;0;0;0;0;0;0;0;0;0;0;0;0;0;0;0;0;0;0;0;0;Regular Season;0;0;0;0;0;0;0;0;0;0
54601;2028;11;4;Sudbury Community Arena;0;97;102;0;0;0;0;0;0;0;0;0;0;0;0;;;;0;0;0;0;0;0;0;0;0;0;0;0;0;0;0;0;0;0;0;0;0;0;0;0;Regular Season;0;0;0;0;0;0;0;0;0;0
54602;2028;11;4;Paramount Fine Foods Centre;0;95;101;0;0;0;0;0;0;0;0;0;0;0;0;;;;0;0;0;0;0;0;0;0;0;0;0;0;0;0;0;0;0;0;0;0;0;0;0;0;Regular Season;0;0;0;0;0;0;0;0;0;0
54603;2028;11;4;Peterborough Memorial Centre;0;92;85;0;0;0;0;0;0;0;0;0;0;0;0;;;;0;0;0;0;0;0;0;0;0;0;0;0;0;0;0;0;0;0;0;0;0;0;0;0;Regular Season;0;0;0;0;0;0;0;0;0;0
54604;2028;11;4;CAA Centre;0;94;96;0;0;0;0;0;0;0;0;0;0;0;0;;;;0;0;0;0;0;0;0;0;0;0;0;0;0;0;0;0;0;0;0;0;0;0;0;0;Regular Season;0;0;0;0;0;0;0;0;0;0
54605;2028;11;4;CAA Arena;0;88;86;0;0;0;0;0;0;0;0;0;0;0;0;;;;0;0;0;0;0;0;0;0;0;0;0;0;0;0;0;0;0;0;0;0;0;0;0;0;Regular Season;0;0;0;0;0;0;0;0;0;0
54606;2028;11;4;Toyota Center;0;87;90;0;0;0;0;0;0;0;0;0;0;0;0;;;;0;0;0;0;0;0;0;0;0;0;0;0;0;0;0;0;0;0;0;0;0;0;0;0;Regular Season;0;0;0;0;0;0;0;0;0;0
54607;2028;11;4;Sleeman Centre;0;99;98;0;0;0;0;0;0;0;0;0;0;0;0;;;;0;0;0;0;0;0;0;0;0;0;0;0;0;0;0;0;0;0;0;0;0;0;0;0;Regular Season;0;0;0;0;0;0;0;0;0;0
54608;2028;11;4;Compuware Arena;0;103;89;0;0;0;0;0;0;0;0;0;0;0;0;;;;0;0;0;0;0;0;0;0;0;0;0;0;0;0;0;0;0;0;0;0;0;0;0;0;Regular Season;0;0;0;0;0;0;0;0;0;0
54609;2028;11;6;Toyota Center;0;87;85;0;0;0;0;0;0;0;0;0;0;0;0;;;;0;0;0;0;0;0;0;0;0;0;0;0;0;0;0;0;0;0;0;0;0;0;0;0;Regular Season;0;0;0;0;0;0;0;0;0;0
54610;2028;11;7;Spokane Arena;0;86;93;0;0;0;0;0;0;0;0;0;0;0;0;;;;0;0;0;0;0;0;0;0;0;0;0;0;0;0;0;0;0;0;0;0;0;0;0;0;Regular Season;0;0;0;0;0;0;0;0;0;0
54611;2028;11;7;Budweiser Gardens;0;101;104;0;0;0;0;0;0;0;0;0;0;0;0;;;;0;0;0;0;0;0;0;0;0;0;0;0;0;0;0;0;0;0;0;0;0;0;0;0;Regular Season;0;0;0;0;0;0;0;0;0;0
54612;2028;11;8;Tribute Communities Centre;0;90;103;0;0;0;0;0;0;0;0;0;0;0;0;;;;0;0;0;0;0;0;0;0;0;0;0;0;0;0;0;0;0;0;0;0;0;0;0;0;Regular Season;0;0;0;0;0;0;0;0;0;0
54613;2028;11;8;CAA Centre;0;94;85;0;0;0;0;0;0;0;0;0;0;0;0;;;;0;0;0;0;0;0;0;0;0;0;0;0;0;0;0;0;0;0;0;0;0;0;0;0;Regular Season;0;0;0;0;0;0;0;0;0;0
54614;2028;11;8;Leon's Centre;0;89;88;0;0;0;0;0;0;0;0;0;0;0;0;;;;0;0;0;0;0;0;0;0;0;0;0;0;0;0;0;0;0;0;0;0;0;0;0;0;Regular Season;0;0;0;0;0;0;0;0;0;0
54615;2028;11;9;Erie Insurance Arena;0;98;103;0;0;0;0;0;0;0;0;0;0;0;0;;;;0;0;0;0;0;0;0;0;0;0;0;0;0;0;0;0;0;0;0;0;0;0;0;0;Regular Season;0;0;0;0;0;0;0;0;0;0
54616;2028;11;9;Sudbury Community Arena;0;97;90;0;0;0;0;0;0;0;0;0;0;0;0;;;;0;0;0;0;0;0;0;0;0;0;0;0;0;0;0;0;0;0;0;0;0;0;0;0;Regular Season;0;0;0;0;0;0;0;0;0;0
54617;2028;11;9;Spokane Arena;0;86;87;0;0;0;0;0;0;0;0;0;0;0;0;;;;0;0;0;0;0;0;0;0;0;0;0;0;0;0;0;0;0;0;0;0;0;0;0;0;Regular Season;0;0;0;0;0;0;0;0;0;0
54618;2028;11;9;Meridian Centre;0;96;94;0;0;0;0;0;0;0;0;0;0;0;0;;;;0;0;0;0;0;0;0;0;0;0;0;0;0;0;0;0;0;0;0;0;0;0;0;0;Regular Season;0;0;0;0;0;0;0;0;0;0
54619;2028;11;9;Paramount Fine Foods Centre;0;95;104;0;0;0;0;0;0;0;0;0;0;0;0;;;;0;0;0;0;0;0;0;0;0;0;0;0;0;0;0;0;0;0;0;0;0;0;0;0;Regular Season;0;0;0;0;0;0;0;0;0;0
54620;2028;11;9;Peterborough Memorial Centre;0;92;89;0;0;0;0;0;0;0;0;0;0;0;0;;;;0;0;0;0;0;0;0;0;0;0;0;0;0;0;0;0;0;0;0;0;0;0;0;0;Regular Season;0;0;0;0;0;0;0;0;0;0
54621;2028;11;9;CAA Arena;0;88;99;0;0;0;0;0;0;0;0;0;0;0;0;;;;0;0;0;0;0;0;0;0;0;0;0;0;0;0;0;0;0;0;0;0;0;0;0;0;Regular Season;0;0;0;0;0;0;0;0;0;0
54622;2028;11;9;J.D. McArthur Arena;0;102;100;0;0;0;0;0;0;0;0;0;0;0;0;;;;0;0;0;0;0;0;0;0;0;0;0;0;0;0;0;0;0;0;0;0;0;0;0;0;Regular Season;0;0;0;0;0;0;0;0;0;0
54623;2028;11;9;Budweiser Gardens;0;101;85;0;0;0;0;0;0;0;0;0;0;0;0;;;;0;0;0;0;0;0;0;0;0;0;0;0;0;0;0;0;0;0;0;0;0;0;0;0;Regular Season;0;0;0;0;0;0;0;0;0;0
54624;2028;11;9;McConnell Arena;0;91;93;0;0;0;0;0;0;0;0;0;0;0;0;;;;0;0;0;0;0;0;0;0;0;0;0;0;0;0;0;0;0;0;0;0;0;0;0;0;Regular Season;0;0;0;0;0;0;0;0;0;0
54625;2028;11;10;Sadion Arena;0;93;102;0;0;0;0;0;0;0;0;0;0;0;0;;;;0;0;0;0;0;0;0;0;0;0;0;0;0;0;0;0;0;0;0;0;0;0;0;0;Regular Season;0;0;0;0;0;0;0;0;0;0
54626;2028;11;10;Erie Insurance Arena;0;98;87;0;0;0;0;0;0;0;0;0;0;0;0;;;;0;0;0;0;0;0;0;0;0;0;0;0;0;0;0;0;0;0;0;0;0;0;0;0;Regular Season;0;0;0;0;0;0;0;0;0;0
54627;2028;11;10;Dow Event Center;0;104;95;0;0;0;0;0;0;0;0;0;0;0;0;;;;0;0;0;0;0;0;0;0;0;0;0;0;0;0;0;0;0;0;0;0;0;0;0;0;Regular Season;0;0;0;0;0;0;0;0;0;0
54628;2028;11;10;Sudbury Community Arena;0;97;96;0;0;0;0;0;0;0;0;0;0;0;0;;;;0;0;0;0;0;0;0;0;0;0;0;0;0;0;0;0;0;0;0;0;0;0;0;0;Regular Season;0;0;0;0;0;0;0;0;0;0
54629;2028;11;10;Spokane Arena;0;86;103;0;0;0;0;0;0;0;0;0;0;0;0;;;;0;0;0;0;0;0;0;0;0;0;0;0;0;0;0;0;0;0;0;0;0;0;0;0;Regular Season;0;0;0;0;0;0;0;0;0;0
54630;2028;11;10;Sleeman Centre;0;99;94;0;0;0;0;0;0;0;0;0;0;0;0;;;;0;0;0;0;0;0;0;0;0;0;0;0;0;0;0;0;0;0;0;0;0;0;0;0;Regular Season;0;0;0;0;0;0;0;0;0;0
54631;2028;11;11;Meridian Centre;0;96;100;0;0;0;0;0;0;0;0;0;0;0;0;;;;0;0;0;0;0;0;0;0;0;0;0;0;0;0;0;0;0;0;0;0;0;0;0;0;Regular Season;0;0;0;0;0;0;0;0;0;0
54632;2028;11;11;Peterborough Memorial Centre;0;92;87;0;0;0;0;0;0;0;0;0;0;0;0;;;;0;0;0;0;0;0;0;0;0;0;0;0;0;0;0;0;0;0;0;0;0;0;0;0;Regular Season;0;0;0;0;0;0;0;0;0;0
54633;2028;11;11;CAA Arena;0;88;102;0;0;0;0;0;0;0;0;0;0;0;0;;;;0;0;0;0;0;0;0;0;0;0;0;0;0;0;0;0;0;0;0;0;0;0;0;0;Regular Season;0;0;0;0;0;0;0;0;0;0
54634;2028;11;11;Budweiser Gardens;0;101;95;0;0;0;0;0;0;0;0;0;0;0;0;;;;0;0;0;0;0;0;0;0;0;0;0;0;0;0;0;0;0;0;0;0;0;0;0;0;Regular Season;0;0;0;0;0;0;0;0;0;0
54635;2028;11;11;McConnell Arena;0;91;85;0;0;0;0;0;0;0;0;0;0;0;0;;;;0;0;0;0;0;0;0;0;0;0;0;0;0;0;0;0;0;0;0;0;0;0;0;0;Regular Season;0;0;0;0;0;0;0;0;0;0
54636;2028;11;14;Dow Event Center;0;104;103;0;0;0;0;0;0;0;0;0;0;0;0;;;;0;0;0;0;0;0;0;0;0;0;0;0;0;0;0;0;0;0;0;0;0;0;0;0;Regular Season;0;0;0;0;0;0;0;0;0;0
54637;2028;11;14;J.D. McArthur Arena;0;102;92;0;0;0;0;0;0;0;0;0;0;0;0;;;;0;0;0;0;0;0;0;0;0;0;0;0;0;0;0;0;0;0;0;0;0;0;0;0;Regular Season;0;0;0;0;0;0;0;0;0;0
54638;2028;11;14;Detroit Hettche Arena;0;100;99;0;0;0;0;0;0;0;0;0;0;0;0;;;;0;0;0;0;0;0;0;0;0;0;0;0;0;0;0;0;0;0;0;0;0;0;0;0;Regular Season;0;0;0;0;0;0;0;0;0;0
54639;2028;11;15;Erie Insurance Arena;0;98;101;0;0;0;0;0;0;0;0;0;0;0;0;;;;0;0;0;0;0;0;0;0;0;0;0;0;0;0;0;0;0;0;0;0;0;0;0;0;Regular Season;0;0;0;0;0;0;0;0;0;0
54640;2028;11;15;CAA Centre;0;94;87;0;0;0;0;0;0;0;0;0;0;0;0;;;;0;0;0;0;0;0;0;0;0;0;0;0;0;0;0;0;0;0;0;0;0;0;0;0;Regular Season;0;0;0;0;0;0;0;0;0;0
54641;2028;11;15;Leon's Centre;0;89;91;0;0;0;0;0;0;0;0;0;0;0;0;;;;0;0;0;0;0;0;0;0;0;0;0;0;0;0;0;0;0;0;0;0;0;0;0;0;Regular Season;0;0;0;0;0;0;0;0;0;0
54642;2028;11;16;Sudbury Community Arena;0;97;99;0;0;0;0;0;0;0;0;0;0;0;0;;;;0;0;0;0;0;0;0;0;0;0;0;0;0;0;0;0;0;0;0;0;0;0;0;0;Regular Season;0;0;0;0;0;0;0;0;0;0
54643;2028;11;16;Spokane Arena;0;86;94;0;0;0;0;0;0;0;0;0;0;0;0;;;;0;0;0;0;0;0;0;0;0;0;0;0;0;0;0;0;0;0;0;0;0;0;0;0;Regular Season;0;0;0;0;0;0;0;0;0;0
54644;2028;11;16;Orleans Arena;0;85;91;0;0;0;0;0;0;0;0;0;0;0;0;;;;0;0;0;0;0;0;0;0;0;0;0;0;0;0;0;0;0;0;0;0;0;0;0;0;Regular Season;0;0;0;0;0;0;0;0;0;0
54645;2028;11;16;Meridian Centre;0;96;95;0;0;0;0;0;0;0;0;0;0;0;0;;;;0;0;0;0;0;0;0;0;0;0;0;0;0;0;0;0;0;0;0;0;0;0;0;0;Regular Season;0;0;0;0;0;0;0;0;0;0
54646;2028;11;16;Peterborough Memorial Centre;0;92;101;0;0;0;0;0;0;0;0;0;0;0;0;;;;0;0;0;0;0;0;0;0;0;0;0;0;0;0;0;0;0;0;0;0;0;0;0;0;Regular Season;0;0;0;0;0;0;0;0;0;0
54647;2028;11;16;Tribute Communities Centre;0;90;93;0;0;0;0;0;0;0;0;0;0;0;0;;;;0;0;0;0;0;0;0;0;0;0;0;0;0;0;0;0;0;0;0;0;0;0;0;0;Regular Season;0;0;0;0;0;0;0;0;0;0
54648;2028;11;16;CAA Arena;0;88;89;0;0;0;0;0;0;0;0;0;0;0;0;;;;0;0;0;0;0;0;0;0;0;0;0;0;0;0;0;0;0;0;0;0;0;0;0;0;Regular Season;0;0;0;0;0;0;0;0;0;0
54649;2028;11;16;J.D. McArthur Arena;0;102;103;0;0;0;0;0;0;0;0;0;0;0;0;;;;0;0;0;0;0;0;0;0;0;0;0;0;0;0;0;0;0;0;0;0;0;0;0;0;Regular Season;0;0;0;0;0;0;0;0;0;0
54650;2028;11;16;Detroit Hettche Arena;0;100;104;0;0;0;0;0;0;0;0;0;0;0;0;;;;0;0;0;0;0;0;0;0;0;0;0;0;0;0;0;0;0;0;0;0;0;0;0;0;Regular Season;0;0;0;0;0;0;0;0;0;0
54651;2028;11;17;Erie Insurance Arena;0;98;93;0;0;0;0;0;0;0;0;0;0;0;0;;;;0;0;0;0;0;0;0;0;0;0;0;0;0;0;0;0;0;0;0;0;0;0;0;0;Regular Season;0;0;0;0;0;0;0;0;0;0
54652;2028;11;17;Dow Event Center;0;104;102;0;0;0;0;0;0;0;0;0;0;0;0;;;;0;0;0;0;0;0;0;0;0;0;0;0;0;0;0;0;0;0;0;0;0;0;0;0;Regular Season;0;0;0;0;0;0;0;0;0;0
54653;2028;11;17;Tribute Communities Centre;0;90;94;0;0;0;0;0;0;0;0;0;0;0;0;;;;0;0;0;0;0;0;0;0;0;0;0;0;0;0;0;0;0;0;0;0;0;0;0;0;Regular Season;0;0;0;0;0;0;0;0;0;0
54654;2028;11;17;Sleeman Centre;0;99;97;0;0;0;0;0;0;0;0;0;0;0;0;;;;0;0;0;0;0;0;0;0;0;0;0;0;0;0;0;0;0;0;0;0;0;0;0;0;Regular Season;0;0;0;0;0;0;0;0;0;0
54655;2028;11;17;Leon's Centre;0;89;87;0;0;0;0;0;0;0;0;0;0;0;0;;;;0;0;0;0;0;0;0;0;0;0;0;0;0;0;0;0;0;0;0;0;0;0;0;0;Regular Season;0;0;0;0;0;0;0;0;0;0
54656;2028;11;17;Compuware Arena;0;103;100;0;0;0;0;0;0;0;0;0;0;0;0;;;;0;0;0;0;0;0;0;0;0;0;0;0;0;0;0;0;0;0;0;0;0;0;0;0;Regular Season;0;0;0;0;0;0;0;0;0;0
54657;2028;11;18;Spokane Arena;0;86;101;0;0;0;0;0;0;0;0;0;0;0;0;;;;0;0;0;0;0;0;0;0;0;0;0;0;0;0;0;0;0;0;0;0;0;0;0;0;Regular Season;0;0;0;0;0;0;0;0;0;0
54658;2028;11;18;Meridian Centre;0;96;98;0;0;0;0;0;0;0;0;0;0;0;0;;;;0;0;0;0;0;0;0;0;0;0;0;0;0;0;0;0;0;0;0;0;0;0;0;0;Regular Season;0;0;0;0;0;0;0;0;0;0
54659;2028;11;18;Peterborough Memorial Centre;0;92;85;0;0;0;0;0;0;0;0;0;0;0;0;;;;0;0;0;0;0;0;0;0;0;0;0;0;0;0;0;0;0;0;0;0;0;0;0;0;Regular Season;0;0;0;0;0;0;0;0;0;0
54660;2028;11;18;CAA Arena;0;88;95;0;0;0;0;0;0;0;0;0;0;0;0;;;;0;0;0;0;0;0;0;0;0;0;0;0;0;0;0;0;0;0;0;0;0;0;0;0;Regular Season;0;0;0;0;0;0;0;0;0;0
54661;2028;11;18;Toyota Center;0;87;91;0;0;0;0;0;0;0;0;0;0;0;0;;;;0;0;0;0;0;0;0;0;0;0;0;0;0;0;0;0;0;0;0;0;0;0;0;0;Regular Season;0;0;0;0;0;0;0;0;0;0
54662;2028;11;20;Paramount Fine Foods Centre;0;95;97;0;0;0;0;0;0;0;0;0;0;0;0;;;;0;0;0;0;0;0;0;0;0;0;0;0;0;0;0;0;0;0;0;0;0;0;0;0;Regular Season;0;0;0;0;0;0;0;0;0;0
54663;2028;11;21;Erie Insurance Arena;0;98;95;0;0;0;0;0;0;0;0;0;0;0;0;;;;0;0;0;0;0;0;0;0;0;0;0;0;0;0;0;0;0;0;0;0;0;0;0;0;Regular Season;0;0;0;0;0;0;0;0;0;0
54664;2028;11;21;McConnell Arena;0;91;94;0;0;0;0;0;0;0;0;0;0;0;0;;;;0;0;0;0;0;0;0;0;0;0;0;0;0;0;0;0;0;0;0;0;0;0;0;0;Regular Season;0;0;0;0;0;0;0;0;0;0
54665;2028;11;22;Sadion Arena;0;93;99;0;0;0;0;0;0;0;0;0;0;0;0;;;;0;0;0;0;0;0;0;0;0;0;0;0;0;0;0;0;0;0;0;0;0;0;0;0;Regular Season;0;0;0;0;0;0;0;0;0;0
54666;2028;11;22;Tribute Communities Centre;0;90;86;0;0;0;0;0;0;0;0;0;0;0;0;;;;0;0;0;0;0;0;0;0;0;0;0;0;0;0;0;0;0;0;0;0;0;0;0;0;Regular Season;0;0;0;0;0;0;0;0;0;0
54667;2028;11;22;Leon's Centre;0;89;104;0;0;0;0;0;0;0;0;0;0;0;0;;;;0;0;0;0;0;0;0;0;0;0;0;0;0;0;0;0;0;0;0;0;0;0;0;0;Regular Season;0;0;0;0;0;0;0;0;0;0
54668;2028;11;22;Detroit Hettche Arena;0;100;88;0;0;0;0;0;0;0;0;0;0;0;0;;;;0;0;0;0;0;0;0;0;0;0;0;0;0;0;0;0;0;0;0;0;0;0;0;0;Regular Season;0;0;0;0;0;0;0;0;0;0
54669;2028;11;23;Sudbury Community Arena;0;97;98;0;0;0;0;0;0;0;0;0;0;0;0;;;;0;0;0;0;0;0;0;0;0;0;0;0;0;0;0;0;0;0;0;0;0;0;0;0;Regular Season;0;0;0;0;0;0;0;0;0;0
54670;2028;11;23;Orleans Arena;0;85;94;0;0;0;0;0;0;0;0;0;0;0;0;;;;0;0;0;0;0;0;0;0;0;0;0;0;0;0;0;0;0;0;0;0;0;0;0;0;Regular Season;0;0;0;0;0;0;0;0;0;0
54671;2028;11;23;Meridian Centre;0;96;100;0;0;0;0;0;0;0;0;0;0;0;0;;;;0;0;0;0;0;0;0;0;0;0;0;0;0;0;0;0;0;0;0;0;0;0;0;0;Regular Season;0;0;0;0;0;0;0;0;0;0
54672;2028;11;23;Paramount Fine Foods Centre;0;95;90;0;0;0;0;0;0;0;0;0;0;0;0;;;;0;0;0;0;0;0;0;0;0;0;0;0;0;0;0;0;0;0;0;0;0;0;0;0;Regular Season;0;0;0;0;0;0;0;0;0;0
54673;2028;11;23;Peterborough Memorial Centre;0;92;86;0;0;0;0;0;0;0;0;0;0;0;0;;;;0;0;0;0;0;0;0;0;0;0;0;0;0;0;0;0;0;0;0;0;0;0;0;0;Regular Season;0;0;0;0;0;0;0;0;0;0
54674;2028;11;23;Toyota Center;0;87;104;0;0;0;0;0;0;0;0;0;0;0;0;;;;0;0;0;0;0;0;0;0;0;0;0;0;0;0;0;0;0;0;0;0;0;0;0;0;Regular Season;0;0;0;0;0;0;0;0;0;0
54675;2028;11;23;J.D. McArthur Arena;0;102;88;0;0;0;0;0;0;0;0;0;0;0;0;;;;0;0;0;0;0;0;0;0;0;0;0;0;0;0;0;0;0;0;0;0;0;0;0;0;Regular Season;0;0;0;0;0;0;0;0;0;0
54676;2028;11;23;Budweiser Gardens;0;101;103;0;0;0;0;0;0;0;0;0;0;0;0;;;;0;0;0;0;0;0;0;0;0;0;0;0;0;0;0;0;0;0;0;0;0;0;0;0;Regular Season;0;0;0;0;0;0;0;0;0;0
54677;2028;11;23;McConnell Arena;0;91;99;0;0;0;0;0;0;0;0;0;0;0;0;;;;0;0;0;0;0;0;0;0;0;0;0;0;0;0;0;0;0;0;0;0;0;0;0;0;Regular Season;0;0;0;0;0;0;0;0;0;0
54678;2028;11;24;Erie Insurance Arena;0;98;92;0;0;0;0;0;0;0;0;0;0;0;0;;;;0;0;0;0;0;0;0;0;0;0;0;0;0;0;0;0;0;0;0;0;0;0;0;0;Regular Season;0;0;0;0;0;0;0;0;0;0
54679;2028;11;24;Sudbury Community Arena;0;97;96;0;0;0;0;0;0;0;0;0;0;0;0;;;;0;0;0;0;0;0;0;0;0;0;0;0;0;0;0;0;0;0;0;0;0;0;0;0;Regular Season;0;0;0;0;0;0;0;0;0;0
54680;2028;11;24;Leon's Centre;0;89;94;0;0;0;0;0;0;0;0;0;0;0;0;;;;0;0;0;0;0;0;0;0;0;0;0;0;0;0;0;0;0;0;0;0;0;0;0;0;Regular Season;0;0;0;0;0;0;0;0;0;0
54681;2028;11;24;Compuware Arena;0;103;102;0;0;0;0;0;0;0;0;0;0;0;0;;;;0;0;0;0;0;0;0;0;0;0;0;0;0;0;0;0;0;0;0;0;0;0;0;0;Regular Season;0;0;0;0;0;0;0;0;0;0
54682;2028;11;24;Detroit Hettche Arena;0;100;93;0;0;0;0;0;0;0;0;0;0;0;0;;;;0;0;0;0;0;0;0;0;0;0;0;0;0;0;0;0;0;0;0;0;0;0;0;0;Regular Season;0;0;0;0;0;0;0;0;0;0
54683;2028;11;25;Spokane Arena;0;86;88;0;0;0;0;0;0;0;0;0;0;0;0;;;;0;0;0;0;0;0;0;0;0;0;0;0;0;0;0;0;0;0;0;0;0;0;0;0;Regular Season;0;0;0;0;0;0;0;0;0;0
54684;2028;11;25;Orleans Arena;0;85;104;0;0;0;0;0;0;0;0;0;0;0;0;;;;0;0;0;0;0;0;0;0;0;0;0;0;0;0;0;0;0;0;0;0;0;0;0;0;Regular Season;0;0;0;0;0;0;0;0;0;0
54685;2028;11;25;Peterborough Memorial Centre;0;92;95;0;0;0;0;0;0;0;0;0;0;0;0;;;;0;0;0;0;0;0;0;0;0;0;0;0;0;0;0;0;0;0;0;0;0;0;0;0;Regular Season;0;0;0;0;0;0;0;0;0;0
54686;2028;11;25;Toyota Center;0;87;89;0;0;0;0;0;0;0;0;0;0;0;0;;;;0;0;0;0;0;0;0;0;0;0;0;0;0;0;0;0;0;0;0;0;0;0;0;0;Regular Season;0;0;0;0;0;0;0;0;0;0
54687;2028;11;25;J.D. McArthur Arena;0;102;93;0;0;0;0;0;0;0;0;0;0;0;0;;;;0;0;0;0;0;0;0;0;0;0;0;0;0;0;0;0;0;0;0;0;0;0;0;0;Regular Season;0;0;0;0;0;0;0;0;0;0
54688;2028;11;25;Budweiser Gardens;0;101;99;0;0;0;0;0;0;0;0;0;0;0;0;;;;0;0;0;0;0;0;0;0;0;0;0;0;0;0;0;0;0;0;0;0;0;0;0;0;Regular Season;0;0;0;0;0;0;0;0;0;0
54689;2028;11;25;McConnell Arena;0;91;90;0;0;0;0;0;0;0;0;0;0;0;0;;;;0;0;0;0;0;0;0;0;0;0;0;0;0;0;0;0;0;0;0;0;0;0;0;0;Regular Season;0;0;0;0;0;0;0;0;0;0
54690;2028;11;27;Meridian Centre;0;96;97;0;0;0;0;0;0;0;0;0;0;0;0;;;;0;0;0;0;0;0;0;0;0;0;0;0;0;0;0;0;0;0;0;0;0;0;0;0;Regular Season;0;0;0;0;0;0;0;0;0;0
54691;2028;11;27;Paramount Fine Foods Centre;0;95;88;0;0;0;0;0;0;0;0;0;0;0;0;;;;0;0;0;0;0;0;0;0;0;0;0;0;0;0;0;0;0;0;0;0;0;0;0;0;Regular Season;0;0;0;0;0;0;0;0;0;0
54692;2028;11;28;Spokane Arena;0;86;92;0;0;0;0;0;0;0;0;0;0;0;0;;;;0;0;0;0;0;0;0;0;0;0;0;0;0;0;0;0;0;0;0;0;0;0;0;0;Regular Season;0;0;0;0;0;0;0;0;0;0
54693;2028;11;29;Sadion Arena;0;93;103;0;0;0;0;0;0;0;0;0;0;0;0;;;;0;0;0;0;0;0;0;0;0;0;0;0;0;0;0;0;0;0;0;0;0;0;0;0;Regular Season;0;0;0;0;0;0;0;0;0;0
54694;2028;11;29;Tribute Communities Centre;0;90;85;0;0;0;0;0;0;0;0;0;0;0;0;;;;0;0;0;0;0;0;0;0;0;0;0;0;0;0;0;0;0;0;0;0;0;0;0;0;Regular Season;0;0;0;0;0;0;0;0;0;0
54695;2028;11;29;CAA Centre;0;94;101;0;0;0;0;0;0;0;0;0;0;0;0;;;;0;0;0;0;0;0;0;0;0;0;0;0;0;0;0;0;0;0;0;0;0;0;0;0;Regular Season;0;0;0;0;0;0;0;0;0;0
54696;2028;11;29;Leon's Centre;0;89;96;0;0;0;0;0;0;0;0;0;0;0;0;;;;0;0;0;0;0;0;0;0;0;0;0;0;0;0;0;0;0;0;0;0;0;0;0;0;Regular Season;0;0;0;0;0;0;0;0;0;0
54697;2028;11;29;Detroit Hettche Arena;0;100;87;0;0;0;0;0;0;0;0;0;0;0;0;;;;0;0;0;0;0;0;0;0;0;0;0;0;0;0;0;0;0;0;0;0;0;0;0;0;Regular Season;0;0;0;0;0;0;0;0;0;0
54698;2028;11;30;Erie Insurance Arena;0;98;100;0;0;0;0;0;0;0;0;0;0;0;0;;;;0;0;0;0;0;0;0;0;0;0;0;0;0;0;0;0;0;0;0;0;0;0;0;0;Regular Season;0;0;0;0;0;0;0;0;0;0
54699;2028;11;30;Sudbury Community Arena;0;97;99;0;0;0;0;0;0;0;0;0;0;0;0;;;;0;0;0;0;0;0;0;0;0;0;0;0;0;0;0;0;0;0;0;0;0;0;0;0;Regular Season;0;0;0;0;0;0;0;0;0;0
54700;2028;11;30;Meridian Centre;0;96;90;0;0;0;0;0;0;0;0;0;0;0;0;;;;0;0;0;0;0;0;0;0;0;0;0;0;0;0;0;0;0;0;0;0;0;0;0;0;Regular Season;0;0;0;0;0;0;0;0;0;0
54701;2028;11;30;Paramount Fine Foods Centre;0;95;87;0;0;0;0;0;0;0;0;0;0;0;0;;;;0;0;0;0;0;0;0;0;0;0;0;0;0;0;0;0;0;0;0;0;0;0;0;0;Regular Season;0;0;0;0;0;0;0;0;0;0
54702;2028;11;30;Peterborough Memorial Centre;0;92;94;0;0;0;0;0;0;0;0;0;0;0;0;;;;0;0;0;0;0;0;0;0;0;0;0;0;0;0;0;0;0;0;0;0;0;0;0;0;Regular Season;0;0;0;0;0;0;0;0;0;0
54703;2028;11;30;CAA Arena;0;88;101;0;0;0;0;0;0;0;0;0;0;0;0;;;;0;0;0;0;0;0;0;0;0;0;0;0;0;0;0;0;0;0;0;0;0;0;0;0;Regular Season;0;0;0;0;0;0;0;0;0;0
54704;2028;11;30;J.D. McArthur Arena;0;102;104;0;0;0;0;0;0;0;0;0;0;0;0;;;;0;0;0;0;0;0;0;0;0;0;0;0;0;0;0;0;0;0;0;0;0;0;0;0;Regular Season;0;0;0;0;0;0;0;0;0;0
54705;2028;11;30;McConnell Arena;0;91;103;0;0;0;0;0;0;0;0;0;0;0;0;;;;0;0;0;0;0;0;0;0;0;0;0;0;0;0;0;0;0;0;0;0;0;0;0;0;Regular Season;0;0;0;0;0;0;0;0;0;0
54706;2028;12;1;Sadion Arena;0;93;91;0;0;0;0;0;0;0;0;0;0;0;0;;;;0;0;0;0;0;0;0;0;0;0;0;0;0;0;0;0;0;0;0;0;0;0;0;0;Regular Season;0;0;0;0;0;0;0;0;0;0
54707;2028;12;1;Erie Insurance Arena;0;98;85;0;0;0;0;0;0;0;0;0;0;0;0;;;;0;0;0;0;0;0;0;0;0;0;0;0;0;0;0;0;0;0;0;0;0;0;0;0;Regular Season;0;0;0;0;0;0;0;0;0;0
54708;2028;12;1;Dow Event Center;0;104;102;0;0;0;0;0;0;0;0;0;0;0;0;;;;0;0;0;0;0;0;0;0;0;0;0;0;0;0;0;0;0;0;0;0;0;0;0;0;Regular Season;0;0;0;0;0;0;0;0;0;0
54709;2028;12;1;Spokane Arena;0;86;100;0;0;0;0;0;0;0;0;0;0;0;0;;;;0;0;0;0;0;0;0;0;0;0;0;0;0;0;0;0;0;0;0;0;0;0;0;0;Regular Season;0;0;0;0;0;0;0;0;0;0
54710;2028;12;1;Paramount Fine Foods Centre;0;95;89;0;0;0;0;0;0;0;0;0;0;0;0;;;;0;0;0;0;0;0;0;0;0;0;0;0;0;0;0;0;0;0;0;0;0;0;0;0;Regular Season;0;0;0;0;0;0;0;0;0;0
54711;2028;12;1;Tribute Communities Centre;0;90;92;0;0;0;0;0;0;0;0;0;0;0;0;;;;0;0;0;0;0;0;0;0;0;0;0;0;0;0;0;0;0;0;0;0;0;0;0;0;Regular Season;0;0;0;0;0;0;0;0;0;0
54712;2028;12;1;Sleeman Centre;0;99;97;0;0;0;0;0;0;0;0;0;0;0;0;;;;0;0;0;0;0;0;0;0;0;0;0;0;0;0;0;0;0;0;0;0;0;0;0;0;Regular Season;0;0;0;0;0;0;0;0;0;0
54713;2028;12;2;Sudbury Community Arena;0;97;87;0;0;0;0;0;0;0;0;0;0;0;0;;;;0;0;0;0;0;0;0;0;0;0;0;0;0;0;0;0;0;0;0;0;0;0;0;0;Regular Season;0;0;0;0;0;0;0;0;0;0
54714;2028;12;2;Spokane Arena;0;86;85;0;0;0;0;0;0;0;0;0;0;0;0;;;;0;0;0;0;0;0;0;0;0;0;0;0;0;0;0;0;0;0;0;0;0;0;0;0;Regular Season;0;0;0;0;0;0;0;0;0;0
54715;2028;12;2;CAA Centre;0;94;103;0;0;0;0;0;0;0;0;0;0;0;0;;;;0;0;0;0;0;0;0;0;0;0;0;0;0;0;0;0;0;0;0;0;0;0;0;0;Regular Season;0;0;0;0;0;0;0;0;0;0
54716;2028;12;2;CAA Arena;0;88;93;0;0;0;0;0;0;0;0;0;0;0;0;;;;0;0;0;0;0;0;0;0;0;0;0;0;0;0;0;0;0;0;0;0;0;0;0;0;Regular Season;0;0;0;0;0;0;0;0;0;0
54717;2028;12;2;Sleeman Centre;0;99;101;0;0;0;0;0;0;0;0;0;0;0;0;;;;0;0;0;0;0;0;0;0;0;0;0;0;0;0;0;0;0;0;0;0;0;0;0;0;Regular Season;0;0;0;0;0;0;0;0;0;0
54718;2028;12;2;J.D. McArthur Arena;0;102;89;0;0;0;0;0;0;0;0;0;0;0;0;;;;0;0;0;0;0;0;0;0;0;0;0;0;0;0;0;0;0;0;0;0;0;0;0;0;Regular Season;0;0;0;0;0;0;0;0;0;0
54719;2028;12;4;Sadion Arena;0;93;91;0;0;0;0;0;0;0;0;0;0;0;0;;;;0;0;0;0;0;0;0;0;0;0;0;0;0;0;0;0;0;0;0;0;0;0;0;0;Regular Season;0;0;0;0;0;0;0;0;0;0
54720;2028;12;5;Compuware Arena;0;103;104;0;0;0;0;0;0;0;0;0;0;0;0;;;;0;0;0;0;0;0;0;0;0;0;0;0;0;0;0;0;0;0;0;0;0;0;0;0;Regular Season;0;0;0;0;0;0;0;0;0;0
54721;2028;12;5;J.D. McArthur Arena;0;102;98;0;0;0;0;0;0;0;0;0;0;0;0;;;;0;0;0;0;0;0;0;0;0;0;0;0;0;0;0;0;0;0;0;0;0;0;0;0;Regular Season;0;0;0;0;0;0;0;0;0;0
54722;2028;12;6;CAA Centre;0;94;92;0;0;0;0;0;0;0;0;0;0;0;0;;;;0;0;0;0;0;0;0;0;0;0;0;0;0;0;0;0;0;0;0;0;0;0;0;0;Regular Season;0;0;0;0;0;0;0;0;0;0
54723;2028;12;6;Leon's Centre;0;89;86;0;0;0;0;0;0;0;0;0;0;0;0;;;;0;0;0;0;0;0;0;0;0;0;0;0;0;0;0;0;0;0;0;0;0;0;0;0;Regular Season;0;0;0;0;0;0;0;0;0;0
54724;2028;12;6;Detroit Hettche Arena;0;100;98;0;0;0;0;0;0;0;0;0;0;0;0;;;;0;0;0;0;0;0;0;0;0;0;0;0;0;0;0;0;0;0;0;0;0;0;0;0;Regular Season;0;0;0;0;0;0;0;0;0;0
54725;2028;12;7;Dow Event Center;0;104;102;0;0;0;0;0;0;0;0;0;0;0;0;;;;0;0;0;0;0;0;0;0;0;0;0;0;0;0;0;0;0;0;0;0;0;0;0;0;Regular Season;0;0;0;0;0;0;0;0;0;0
54726;2028;12;7;Sudbury Community Arena;0;97;93;0;0;0;0;0;0;0;0;0;0;0;0;;;;0;0;0;0;0;0;0;0;0;0;0;0;0;0;0;0;0;0;0;0;0;0;0;0;Regular Season;0;0;0;0;0;0;0;0;0;0
54727;2028;12;7;Orleans Arena;0;85;86;0;0;0;0;0;0;0;0;0;0;0;0;;;;0;0;0;0;0;0;0;0;0;0;0;0;0;0;0;0;0;0;0;0;0;0;0;0;Regular Season;0;0;0;0;0;0;0;0;0;0
54728;2028;12;7;Meridian Centre;0;96;101;0;0;0;0;0;0;0;0;0;0;0;0;;;;0;0;0;0;0;0;0;0;0;0;0;0;0;0;0;0;0;0;0;0;0;0;0;0;Regular Season;0;0;0;0;0;0;0;0;0;0
54729;2028;12;7;Paramount Fine Foods Centre;0;95;99;0;0;0;0;0;0;0;0;0;0;0;0;;;;0;0;0;0;0;0;0;0;0;0;0;0;0;0;0;0;0;0;0;0;0;0;0;0;Regular Season;0;0;0;0;0;0;0;0;0;0
54730;2028;12;7;Toyota Center;0;87;88;0;0;0;0;0;0;0;0;0;0;0;0;;;;0;0;0;0;0;0;0;0;0;0;0;0;0;0;0;0;0;0;0;0;0;0;0;0;Regular Season;0;0;0;0;0;0;0;0;0;0
54731;2028;12;7;McConnell Arena;0;91;92;0;0;0;0;0;0;0;0;0;0;0;0;;;;0;0;0;0;0;0;0;0;0;0;0;0;0;0;0;0;0;0;0;0;0;0;0;0;Regular Season;0;0;0;0;0;0;0;0;0;0
54732;2028;12;8;Sadion Arena;0;93;94;0;0;0;0;0;0;0;0;0;0;0;0;;;;0;0;0;0;0;0;0;0;0;0;0;0;0;0;0;0;0;0;0;0;0;0;0;0;Regular Season;0;0;0;0;0;0;0;0;0;0
54733;2028;12;8;Sudbury Community Arena;0;97;101;0;0;0;0;0;0;0;0;0;0;0;0;;;;0;0;0;0;0;0;0;0;0;0;0;0;0;0;0;0;0;0;0;0;0;0;0;0;Regular Season;0;0;0;0;0;0;0;0;0;0
54734;2028;12;8;Paramount Fine Foods Centre;0;95;104;0;0;0;0;0;0;0;0;0;0;0;0;;;;0;0;0;0;0;0;0;0;0;0;0;0;0;0;0;0;0;0;0;0;0;0;0;0;Regular Season;0;0;0;0;0;0;0;0;0;0
54735;2028;12;8;Tribute Communities Centre;0;90;91;0;0;0;0;0;0;0;0;0;0;0;0;;;;0;0;0;0;0;0;0;0;0;0;0;0;0;0;0;0;0;0;0;0;0;0;0;0;Regular Season;0;0;0;0;0;0;0;0;0;0
54736;2028;12;8;Toyota Center;0;87;86;0;0;0;0;0;0;0;0;0;0;0;0;;;;0;0;0;0;0;0;0;0;0;0;0;0;0;0;0;0;0;0;0;0;0;0;0;0;Regular Season;0;0;0;0;0;0;0;0;0;0
54737;2028;12;8;Sleeman Centre;0;99;100;0;0;0;0;0;0;0;0;0;0;0;0;;;;0;0;0;0;0;0;0;0;0;0;0;0;0;0;0;0;0;0;0;0;0;0;0;0;Regular Season;0;0;0;0;0;0;0;0;0;0
54738;2028;12;8;Leon's Centre;0;89;85;0;0;0;0;0;0;0;0;0;0;0;0;;;;0;0;0;0;0;0;0;0;0;0;0;0;0;0;0;0;0;0;0;0;0;0;0;0;Regular Season;0;0;0;0;0;0;0;0;0;0
54739;2028;12;8;Compuware Arena;0;103;98;0;0;0;0;0;0;0;0;0;0;0;0;;;;0;0;0;0;0;0;0;0;0;0;0;0;0;0;0;0;0;0;0;0;0;0;0;0;Regular Season;0;0;0;0;0;0;0;0;0;0
54740;2028;12;9;Orleans Arena;0;85;87;0;0;0;0;0;0;0;0;0;0;0;0;;;;0;0;0;0;0;0;0;0;0;0;0;0;0;0;0;0;0;0;0;0;0;0;0;0;Regular Season;0;0;0;0;0;0;0;0;0;0
54741;2028;12;9;Peterborough Memorial Centre;0;92;96;0;0;0;0;0;0;0;0;0;0;0;0;;;;0;0;0;0;0;0;0;0;0;0;0;0;0;0;0;0;0;0;0;0;0;0;0;0;Regular Season;0;0;0;0;0;0;0;0;0;0
54742;2028;12;9;CAA Centre;0;94;93;0;0;0;0;0;0;0;0;0;0;0;0;;;;0;0;0;0;0;0;0;0;0;0;0;0;0;0;0;0;0;0;0;0;0;0;0;0;Regular Season;0;0;0;0;0;0;0;0;0;0
54743;2028;12;9;CAA Arena;0;88;91;0;0;0;0;0;0;0;0;0;0;0;0;;;;0;0;0;0;0;0;0;0;0;0;0;0;0;0;0;0;0;0;0;0;0;0;0;0;Regular Season;0;0;0;0;0;0;0;0;0;0
54744;2028;12;19;Dow Event Center;0;104;101;0;0;0;0;0;0;0;0;0;0;0;0;;;;0;0;0;0;0;0;0;0;0;0;0;0;0;0;0;0;0;0;0;0;0;0;0;0;Regular Season;0;0;0;0;0;0;0;0;0;0
54745;2028;12;19;Spokane Arena;0;86;90;0;0;0;0;0;0;0;0;0;0;0;0;;;;0;0;0;0;0;0;0;0;0;0;0;0;0;0;0;0;0;0;0;0;0;0;0;0;Regular Season;0;0;0;0;0;0;0;0;0;0
54746;2028;12;19;Paramount Fine Foods Centre;0;95;98;0;0;0;0;0;0;0;0;0;0;0;0;;;;0;0;0;0;0;0;0;0;0;0;0;0;0;0;0;0;0;0;0;0;0;0;0;0;Regular Season;0;0;0;0;0;0;0;0;0;0
54747;2028;12;19;CAA Centre;0;94;91;0;0;0;0;0;0;0;0;0;0;0;0;;;;0;0;0;0;0;0;0;0;0;0;0;0;0;0;0;0;0;0;0;0;0;0;0;0;Regular Season;0;0;0;0;0;0;0;0;0;0
54748;2028;12;19;CAA Arena;0;88;85;0;0;0;0;0;0;0;0;0;0;0;0;;;;0;0;0;0;0;0;0;0;0;0;0;0;0;0;0;0;0;0;0;0;0;0;0;0;Regular Season;0;0;0;0;0;0;0;0;0;0
54749;2028;12;19;Sleeman Centre;0;99;96;0;0;0;0;0;0;0;0;0;0;0;0;;;;0;0;0;0;0;0;0;0;0;0;0;0;0;0;0;0;0;0;0;0;0;0;0;0;Regular Season;0;0;0;0;0;0;0;0;0;0
54750;2028;12;19;Detroit Hettche Arena;0;100;97;0;0;0;0;0;0;0;0;0;0;0;0;;;;0;0;0;0;0;0;0;0;0;0;0;0;0;0;0;0;0;0;0;0;0;0;0;0;Regular Season;0;0;0;0;0;0;0;0;0;0
54751;2028;12;20;Leon's Centre;0;89;92;0;0;0;0;0;0;0;0;0;0;0;0;;;;0;0;0;0;0;0;0;0;0;0;0;0;0;0;0;0;0;0;0;0;0;0;0;0;Regular Season;0;0;0;0;0;0;0;0;0;0
54752;2028;12;20;Compuware Arena;0;103;101;0;0;0;0;0;0;0;0;0;0;0;0;;;;0;0;0;0;0;0;0;0;0;0;0;0;0;0;0;0;0;0;0;0;0;0;0;0;Regular Season;0;0;0;0;0;0;0;0;0;0
54753;2028;12;21;Dow Event Center;0;104;103;0;0;0;0;0;0;0;0;0;0;0;0;;;;0;0;0;0;0;0;0;0;0;0;0;0;0;0;0;0;0;0;0;0;0;0;0;0;Regular Season;0;0;0;0;0;0;0;0;0;0
54754;2028;12;21;Sudbury Community Arena;0;97;100;0;0;0;0;0;0;0;0;0;0;0;0;;;;0;0;0;0;0;0;0;0;0;0;0;0;0;0;0;0;0;0;0;0;0;0;0;0;Regular Season;0;0;0;0;0;0;0;0;0;0
54755;2028;12;21;Spokane Arena;0;86;92;0;0;0;0;0;0;0;0;0;0;0;0;;;;0;0;0;0;0;0;0;0;0;0;0;0;0;0;0;0;0;0;0;0;0;0;0;0;Regular Season;0;0;0;0;0;0;0;0;0;0
54756;2028;12;21;Meridian Centre;0;96;89;0;0;0;0;0;0;0;0;0;0;0;0;;;;0;0;0;0;0;0;0;0;0;0;0;0;0;0;0;0;0;0;0;0;0;0;0;0;Regular Season;0;0;0;0;0;0;0;0;0;0
54757;2028;12;21;Tribute Communities Centre;0;90;98;0;0;0;0;0;0;0;0;0;0;0;0;;;;0;0;0;0;0;0;0;0;0;0;0;0;0;0;0;0;0;0;0;0;0;0;0;0;Regular Season;0;0;0;0;0;0;0;0;0;0
54758;2028;12;21;Toyota Center;0;87;85;0;0;0;0;0;0;0;0;0;0;0;0;;;;0;0;0;0;0;0;0;0;0;0;0;0;0;0;0;0;0;0;0;0;0;0;0;0;Regular Season;0;0;0;0;0;0;0;0;0;0
54759;2028;12;21;Sleeman Centre;0;99;93;0;0;0;0;0;0;0;0;0;0;0;0;;;;0;0;0;0;0;0;0;0;0;0;0;0;0;0;0;0;0;0;0;0;0;0;0;0;Regular Season;0;0;0;0;0;0;0;0;0;0
54760;2028;12;21;J.D. McArthur Arena;0;102;95;0;0;0;0;0;0;0;0;0;0;0;0;;;;0;0;0;0;0;0;0;0;0;0;0;0;0;0;0;0;0;0;0;0;0;0;0;0;Regular Season;0;0;0;0;0;0;0;0;0;0
54761;2028;12;21;McConnell Arena;0;91;94;0;0;0;0;0;0;0;0;0;0;0;0;;;;0;0;0;0;0;0;0;0;0;0;0;0;0;0;0;0;0;0;0;0;0;0;0;0;Regular Season;0;0;0;0;0;0;0;0;0;0
54762;2028;12;22;Sadion Arena;0;93;97;0;0;0;0;0;0;0;0;0;0;0;0;;;;0;0;0;0;0;0;0;0;0;0;0;0;0;0;0;0;0;0;0;0;0;0;0;0;Regular Season;0;0;0;0;0;0;0;0;0;0
54763;2028;12;22;Erie Insurance Arena;0;98;90;0;0;0;0;0;0;0;0;0;0;0;0;;;;0;0;0;0;0;0;0;0;0;0;0;0;0;0;0;0;0;0;0;0;0;0;0;0;Regular Season;0;0;0;0;0;0;0;0;0;0
54764;2028;12;22;Paramount Fine Foods Centre;0;95;102;0;0;0;0;0;0;0;0;0;0;0;0;;;;0;0;0;0;0;0;0;0;0;0;0;0;0;0;0;0;0;0;0;0;0;0;0;0;Regular Season;0;0;0;0;0;0;0;0;0;0
54765;2028;12;22;Peterborough Memorial Centre;0;92;86;0;0;0;0;0;0;0;0;0;0;0;0;;;;0;0;0;0;0;0;0;0;0;0;0;0;0;0;0;0;0;0;0;0;0;0;0;0;Regular Season;0;0;0;0;0;0;0;0;0;0
54766;2028;12;22;CAA Centre;0;94;88;0;0;0;0;0;0;0;0;0;0;0;0;;;;0;0;0;0;0;0;0;0;0;0;0;0;0;0;0;0;0;0;0;0;0;0;0;0;Regular Season;0;0;0;0;0;0;0;0;0;0
54767;2028;12;22;Compuware Arena;0;103;104;0;0;0;0;0;0;0;0;0;0;0;0;;;;0;0;0;0;0;0;0;0;0;0;0;0;0;0;0;0;0;0;0;0;0;0;0;0;Regular Season;0;0;0;0;0;0;0;0;0;0
54768;2028;12;22;Budweiser Gardens;0;101;91;0;0;0;0;0;0;0;0;0;0;0;0;;;;0;0;0;0;0;0;0;0;0;0;0;0;0;0;0;0;0;0;0;0;0;0;0;0;Regular Season;0;0;0;0;0;0;0;0;0;0
54769;2028;12;22;Detroit Hettche Arena;0;100;96;0;0;0;0;0;0;0;0;0;0;0;0;;;;0;0;0;0;0;0;0;0;0;0;0;0;0;0;0;0;0;0;0;0;0;0;0;0;Regular Season;0;0;0;0;0;0;0;0;0;0
54770;2028;12;23;Orleans Arena;0;85;87;0;0;0;0;0;0;0;0;0;0;0;0;;;;0;0;0;0;0;0;0;0;0;0;0;0;0;0;0;0;0;0;0;0;0;0;0;0;Regular Season;0;0;0;0;0;0;0;0;0;0
54771;2028;12;23;CAA Arena;0;88;89;0;0;0;0;0;0;0;0;0;0;0;0;;;;0;0;0;0;0;0;0;0;0;0;0;0;0;0;0;0;0;0;0;0;0;0;0;0;Regular Season;0;0;0;0;0;0;0;0;0;0
54772;2028;12;25;Spokane Arena;0;86;89;0;0;0;0;0;0;0;0;0;0;0;0;;;;0;0;0;0;0;0;0;0;0;0;0;0;0;0;0;0;0;0;0;0;0;0;0;0;Regular Season;0;0;0;0;0;0;0;0;0;0
54773;2028;12;25;Paramount Fine Foods Centre;0;95;97;0;0;0;0;0;0;0;0;0;0;0;0;;;;0;0;0;0;0;0;0;0;0;0;0;0;0;0;0;0;0;0;0;0;0;0;0;0;Regular Season;0;0;0;0;0;0;0;0;0;0
54774;2028;12;25;CAA Arena;0;88;92;0;0;0;0;0;0;0;0;0;0;0;0;;;;0;0;0;0;0;0;0;0;0;0;0;0;0;0;0;0;0;0;0;0;0;0;0;0;Regular Season;0;0;0;0;0;0;0;0;0;0
54775;2028;12;26;Budweiser Gardens;0;101;96;0;0;0;0;0;0;0;0;0;0;0;0;;;;0;0;0;0;0;0;0;0;0;0;0;0;0;0;0;0;0;0;0;0;0;0;0;0;Regular Season;0;0;0;0;0;0;0;0;0;0
54776;2028;12;26;Detroit Hettche Arena;0;100;103;0;0;0;0;0;0;0;0;0;0;0;0;;;;0;0;0;0;0;0;0;0;0;0;0;0;0;0;0;0;0;0;0;0;0;0;0;0;Regular Season;0;0;0;0;0;0;0;0;0;0
54777;2028;12;27;Sadion Arena;0;93;87;0;0;0;0;0;0;0;0;0;0;0;0;;;;0;0;0;0;0;0;0;0;0;0;0;0;0;0;0;0;0;0;0;0;0;0;0;0;Regular Season;0;0;0;0;0;0;0;0;0;0
54778;2028;12;27;CAA Centre;0;94;88;0;0;0;0;0;0;0;0;0;0;0;0;;;;0;0;0;0;0;0;0;0;0;0;0;0;0;0;0;0;0;0;0;0;0;0;0;0;Regular Season;0;0;0;0;0;0;0;0;0;0
54779;2028;12;27;Leon's Centre;0;89;99;0;0;0;0;0;0;0;0;0;0;0;0;;;;0;0;0;0;0;0;0;0;0;0;0;0;0;0;0;0;0;0;0;0;0;0;0;0;Regular Season;0;0;0;0;0;0;0;0;0;0
54780;2028;12;28;Dow Event Center;0;104;101;0;0;0;0;0;0;0;0;0;0;0;0;;;;0;0;0;0;0;0;0;0;0;0;0;0;0;0;0;0;0;0;0;0;0;0;0;0;Regular Season;0;0;0;0;0;0;0;0;0;0
54781;2028;12;28;Sudbury Community Arena;0;97;98;0;0;0;0;0;0;0;0;0;0;0;0;;;;0;0;0;0;0;0;0;0;0;0;0;0;0;0;0;0;0;0;0;0;0;0;0;0;Regular Season;0;0;0;0;0;0;0;0;0;0
54782;2028;12;28;Orleans Arena;0;85;99;0;0;0;0;0;0;0;0;0;0;0;0;;;;0;0;0;0;0;0;0;0;0;0;0;0;0;0;0;0;0;0;0;0;0;0;0;0;Regular Season;0;0;0;0;0;0;0;0;0;0
54783;2028;12;28;Paramount Fine Foods Centre;0;95;86;0;0;0;0;0;0;0;0;0;0;0;0;;;;0;0;0;0;0;0;0;0;0;0;0;0;0;0;0;0;0;0;0;0;0;0;0;0;Regular Season;0;0;0;0;0;0;0;0;0;0
54784;2028;12;28;Peterborough Memorial Centre;0;92;93;0;0;0;0;0;0;0;0;0;0;0;0;;;;0;0;0;0;0;0;0;0;0;0;0;0;0;0;0;0;0;0;0;0;0;0;0;0;Regular Season;0;0;0;0;0;0;0;0;0;0
54785;2028;12;28;Tribute Communities Centre;0;90;87;0;0;0;0;0;0;0;0;0;0;0;0;;;;0;0;0;0;0;0;0;0;0;0;0;0;0;0;0;0;0;0;0;0;0;0;0;0;Regular Season;0;0;0;0;0;0;0;0;0;0
54786;2028;12;28;Compuware Arena;0;103;96;0;0;0;0;0;0;0;0;0;0;0;0;;;;0;0;0;0;0;0;0;0;0;0;0;0;0;0;0;0;0;0;0;0;0;0;0;0;Regular Season;0;0;0;0;0;0;0;0;0;0
54787;2028;12;28;J.D. McArthur Arena;0;102;100;0;0;0;0;0;0;0;0;0;0;0;0;;;;0;0;0;0;0;0;0;0;0;0;0;0;0;0;0;0;0;0;0;0;0;0;0;0;Regular Season;0;0;0;0;0;0;0;0;0;0
54788;2028;12;28;McConnell Arena;0;91;88;0;0;0;0;0;0;0;0;0;0;0;0;;;;0;0;0;0;0;0;0;0;0;0;0;0;0;0;0;0;0;0;0;0;0;0;0;0;Regular Season;0;0;0;0;0;0;0;0;0;0
54789;2028;12;29;Sadion Arena;0;93;90;0;0;0;0;0;0;0;0;0;0;0;0;;;;0;0;0;0;0;0;0;0;0;0;0;0;0;0;0;0;0;0;0;0;0;0;0;0;Regular Season;0;0;0;0;0;0;0;0;0;0
54790;2028;12;29;Erie Insurance Arena;0;98;97;0;0;0;0;0;0;0;0;0;0;0;0;;;;0;0;0;0;0;0;0;0;0;0;0;0;0;0;0;0;0;0;0;0;0;0;0;0;Regular Season;0;0;0;0;0;0;0;0;0;0
54791;2028;12;29;Dow Event Center;0;104;96;0;0;0;0;0;0;0;0;0;0;0;0;;;;0;0;0;0;0;0;0;0;0;0;0;0;0;0;0;0;0;0;0;0;0;0;0;0;Regular Season;0;0;0;0;0;0;0;0;0;0
54792;2028;12;29;Spokane Arena;0;86;91;0;0;0;0;0;0;0;0;0;0;0;0;;;;0;0;0;0;0;0;0;0;0;0;0;0;0;0;0;0;0;0;0;0;0;0;0;0;Regular Season;0;0;0;0;0;0;0;0;0;0
54793;2028;12;29;Leon's Centre;0;89;85;0;0;0;0;0;0;0;0;0;0;0;0;;;;0;0;0;0;0;0;0;0;0;0;0;0;0;0;0;0;0;0;0;0;0;0;0;0;Regular Season;0;0;0;0;0;0;0;0;0;0
54794;2028;12;29;Compuware Arena;0;103;95;0;0;0;0;0;0;0;0;0;0;0;0;;;;0;0;0;0;0;0;0;0;0;0;0;0;0;0;0;0;0;0;0;0;0;0;0;0;Regular Season;0;0;0;0;0;0;0;0;0;0
54795;2028;12;30;Erie Insurance Arena;0;98;102;0;0;0;0;0;0;0;0;0;0;0;0;;;;0;0;0;0;0;0;0;0;0;0;0;0;0;0;0;0;0;0;0;0;0;0;0;0;Regular Season;0;0;0;0;0;0;0;0;0;0
54796;2028;12;30;Spokane Arena;0;86;88;0;0;0;0;0;0;0;0;0;0;0;0;;;;0;0;0;0;0;0;0;0;0;0;0;0;0;0;0;0;0;0;0;0;0;0;0;0;Regular Season;0;0;0;0;0;0;0;0;0;0
54797;2028;12;30;Peterborough Memorial Centre;0;92;91;0;0;0;0;0;0;0;0;0;0;0;0;;;;0;0;0;0;0;0;0;0;0;0;0;0;0;0;0;0;0;0;0;0;0;0;0;0;Regular Season;0;0;0;0;0;0;0;0;0;0
54798;2028;12;30;CAA Centre;0;94;90;0;0;0;0;0;0;0;0;0;0;0;0;;;;0;0;0;0;0;0;0;0;0;0;0;0;0;0;0;0;0;0;0;0;0;0;0;0;Regular Season;0;0;0;0;0;0;0;0;0;0
54799;2028;12;30;Toyota Center;0;87;99;0;0;0;0;0;0;0;0;0;0;0;0;;;;0;0;0;0;0;0;0;0;0;0;0;0;0;0;0;0;0;0;0;0;0;0;0;0;Regular Season;0;0;0;0;0;0;0;0;0;0
54800;2028;12;30;Budweiser Gardens;0;101;95;0;0;0;0;0;0;0;0;0;0;0;0;;;;0;0;0;0;0;0;0;0;0;0;0;0;0;0;0;0;0;0;0;0;0;0;0;0;Regular Season;0;0;0;0;0;0;0;0;0;0
54801;2028;12;30;Detroit Hettche Arena;0;100;104;0;0;0;0;0;0;0;0;0;0;0;0;;;;0;0;0;0;0;0;0;0;0;0;0;0;0;0;0;0;0;0;0;0;0;0;0;0;Regular Season;0;0;0;0;0;0;0;0;0;0
54802;2029;1;2;Spokane Arena;0;86;97;0;0;0;0;0;0;0;0;0;0;0;0;;;;0;0;0;0;0;0;0;0;0;0;0;0;0;0;0;0;0;0;0;0;0;0;0;0;Regular Season;0;0;0;0;0;0;0;0;0;0
54803;2029;1;2;Tribute Communities Centre;0;90;99;0;0;0;0;0;0;0;0;0;0;0;0;;;;0;0;0;0;0;0;0;0;0;0;0;0;0;0;0;0;0;0;0;0;0;0;0;0;Regular Season;0;0;0;0;0;0;0;0;0;0
54804;2029;1;2;Toyota Center;0;87;85;0;0;0;0;0;0;0;0;0;0;0;0;;;;0;0;0;0;0;0;0;0;0;0;0;0;0;0;0;0;0;0;0;0;0;0;0;0;Regular Season;0;0;0;0;0;0;0;0;0;0
54805;2029;1;2;McConnell Arena;0;91;94;0;0;0;0;0;0;0;0;0;0;0;0;;;;0;0;0;0;0;0;0;0;0;0;0;0;0;0;0;0;0;0;0;0;0;0;0;0;Regular Season;0;0;0;0;0;0;0;0;0;0
54806;2029;1;3;Sadion Arena;0;93;104;0;0;0;0;0;0;0;0;0;0;0;0;;;;0;0;0;0;0;0;0;0;0;0;0;0;0;0;0;0;0;0;0;0;0;0;0;0;Regular Season;0;0;0;0;0;0;0;0;0;0
54807;2029;1;3;Erie Insurance Arena;0;98;99;0;0;0;0;0;0;0;0;0;0;0;0;;;;0;0;0;0;0;0;0;0;0;0;0;0;0;0;0;0;0;0;0;0;0;0;0;0;Regular Season;0;0;0;0;0;0;0;0;0;0
54808;2029;1;3;CAA Centre;0;94;101;0;0;0;0;0;0;0;0;0;0;0;0;;;;0;0;0;0;0;0;0;0;0;0;0;0;0;0;0;0;0;0;0;0;0;0;0;0;Regular Season;0;0;0;0;0;0;0;0;0;0
54809;2029;1;3;Leon's Centre;0;89;102;0;0;0;0;0;0;0;0;0;0;0;0;;;;0;0;0;0;0;0;0;0;0;0;0;0;0;0;0;0;0;0;0;0;0;0;0;0;Regular Season;0;0;0;0;0;0;0;0;0;0
54810;2029;1;3;Detroit Hettche Arena;0;100;103;0;0;0;0;0;0;0;0;0;0;0;0;;;;0;0;0;0;0;0;0;0;0;0;0;0;0;0;0;0;0;0;0;0;0;0;0;0;Regular Season;0;0;0;0;0;0;0;0;0;0
54811;2029;1;4;Orleans Arena;0;85;102;0;0;0;0;0;0;0;0;0;0;0;0;;;;0;0;0;0;0;0;0;0;0;0;0;0;0;0;0;0;0;0;0;0;0;0;0;0;Regular Season;0;0;0;0;0;0;0;0;0;0
54812;2029;1;4;Meridian Centre;0;96;88;0;0;0;0;0;0;0;0;0;0;0;0;;;;0;0;0;0;0;0;0;0;0;0;0;0;0;0;0;0;0;0;0;0;0;0;0;0;Regular Season;0;0;0;0;0;0;0;0;0;0
54813;2029;1;4;Paramount Fine Foods Centre;0;95;97;0;0;0;0;0;0;0;0;0;0;0;0;;;;0;0;0;0;0;0;0;0;0;0;0;0;0;0;0;0;0;0;0;0;0;0;0;0;Regular Season;0;0;0;0;0;0;0;0;0;0
54814;2029;1;4;Peterborough Memorial Centre;0;92;90;0;0;0;0;0;0;0;0;0;0;0;0;;;;0;0;0;0;0;0;0;0;0;0;0;0;0;0;0;0;0;0;0;0;0;0;0;0;Regular Season;0;0;0;0;0;0;0;0;0;0
54815;2029;1;4;Toyota Center;0;87;86;0;0;0;0;0;0;0;0;0;0;0;0;;;;0;0;0;0;0;0;0;0;0;0;0;0;0;0;0;0;0;0;0;0;0;0;0;0;Regular Season;0;0;0;0;0;0;0;0;0;0
54816;2029;1;4;McConnell Arena;0;91;104;0;0;0;0;0;0;0;0;0;0;0;0;;;;0;0;0;0;0;0;0;0;0;0;0;0;0;0;0;0;0;0;0;0;0;0;0;0;Regular Season;0;0;0;0;0;0;0;0;0;0
54817;2029;1;5;Sadion Arena;0;93;101;0;0;0;0;0;0;0;0;0;0;0;0;;;;0;0;0;0;0;0;0;0;0;0;0;0;0;0;0;0;0;0;0;0;0;0;0;0;Regular Season;0;0;0;0;0;0;0;0;0;0
54818;2029;1;5;Erie Insurance Arena;0;98;88;0;0;0;0;0;0;0;0;0;0;0;0;;;;0;0;0;0;0;0;0;0;0;0;0;0;0;0;0;0;0;0;0;0;0;0;0;0;Regular Season;0;0;0;0;0;0;0;0;0;0
54819;2029;1;5;Orleans Arena;0;85;86;0;0;0;0;0;0;0;0;0;0;0;0;;;;0;0;0;0;0;0;0;0;0;0;0;0;0;0;0;0;0;0;0;0;0;0;0;0;Regular Season;0;0;0;0;0;0;0;0;0;0
54820;2029;1;5;Sleeman Centre;0;99;97;0;0;0;0;0;0;0;0;0;0;0;0;;;;0;0;0;0;0;0;0;0;0;0;0;0;0;0;0;0;0;0;0;0;0;0;0;0;Regular Season;0;0;0;0;0;0;0;0;0;0
54821;2029;1;5;Leon's Centre;0;89;90;0;0;0;0;0;0;0;0;0;0;0;0;;;;0;0;0;0;0;0;0;0;0;0;0;0;0;0;0;0;0;0;0;0;0;0;0;0;Regular Season;0;0;0;0;0;0;0;0;0;0
54822;2029;1;5;Compuware Arena;0;103;100;0;0;0;0;0;0;0;0;0;0;0;0;;;;0;0;0;0;0;0;0;0;0;0;0;0;0;0;0;0;0;0;0;0;0;0;0;0;Regular Season;0;0;0;0;0;0;0;0;0;0
54823;2029;1;6;Paramount Fine Foods Centre;0;95;100;0;0;0;0;0;0;0;0;0;0;0;0;;;;0;0;0;0;0;0;0;0;0;0;0;0;0;0;0;0;0;0;0;0;0;0;0;0;Regular Season;0;0;0;0;0;0;0;0;0;0
54824;2029;1;6;Peterborough Memorial Centre;0;92;93;0;0;0;0;0;0;0;0;0;0;0;0;;;;0;0;0;0;0;0;0;0;0;0;0;0;0;0;0;0;0;0;0;0;0;0;0;0;Regular Season;0;0;0;0;0;0;0;0;0;0
54825;2029;1;6;CAA Centre;0;94;104;0;0;0;0;0;0;0;0;0;0;0;0;;;;0;0;0;0;0;0;0;0;0;0;0;0;0;0;0;0;0;0;0;0;0;0;0;0;Regular Season;0;0;0;0;0;0;0;0;0;0
54826;2029;1;6;Toyota Center;0;87;102;0;0;0;0;0;0;0;0;0;0;0;0;;;;0;0;0;0;0;0;0;0;0;0;0;0;0;0;0;0;0;0;0;0;0;0;0;0;Regular Season;0;0;0;0;0;0;0;0;0;0
54827;2029;1;6;Compuware Arena;0;103;96;0;0;0;0;0;0;0;0;0;0;0;0;;;;0;0;0;0;0;0;0;0;0;0;0;0;0;0;0;0;0;0;0;0;0;0;0;0;Regular Season;0;0;0;0;0;0;0;0;0;0
54828;2029;1;6;McConnell Arena;0;91;101;0;0;0;0;0;0;0;0;0;0;0;0;;;;0;0;0;0;0;0;0;0;0;0;0;0;0;0;0;0;0;0;0;0;0;0;0;0;Regular Season;0;0;0;0;0;0;0;0;0;0
54829;2029;1;7;Erie Insurance Arena;0;98;92;0;0;0;0;0;0;0;0;0;0;0;0;;;;0;0;0;0;0;0;0;0;0;0;0;0;0;0;0;0;0;0;0;0;0;0;0;0;Regular Season;0;0;0;0;0;0;0;0;0;0
54830;2029;1;8;Meridian Centre;0;96;95;0;0;0;0;0;0;0;0;0;0;0;0;;;;0;0;0;0;0;0;0;0;0;0;0;0;0;0;0;0;0;0;0;0;0;0;0;0;Regular Season;0;0;0;0;0;0;0;0;0;0
54831;2029;1;8;Sleeman Centre;0;99;93;0;0;0;0;0;0;0;0;0;0;0;0;;;;0;0;0;0;0;0;0;0;0;0;0;0;0;0;0;0;0;0;0;0;0;0;0;0;Regular Season;0;0;0;0;0;0;0;0;0;0
54832;2029;1;9;Budweiser Gardens;0;101;103;0;0;0;0;0;0;0;0;0;0;0;0;;;;0;0;0;0;0;0;0;0;0;0;0;0;0;0;0;0;0;0;0;0;0;0;0;0;Regular Season;0;0;0;0;0;0;0;0;0;0
54833;2029;1;10;Sadion Arena;0;93;87;0;0;0;0;0;0;0;0;0;0;0;0;;;;0;0;0;0;0;0;0;0;0;0;0;0;0;0;0;0;0;0;0;0;0;0;0;0;Regular Season;0;0;0;0;0;0;0;0;0;0
54834;2029;1;10;Tribute Communities Centre;0;90;92;0;0;0;0;0;0;0;0;0;0;0;0;;;;0;0;0;0;0;0;0;0;0;0;0;0;0;0;0;0;0;0;0;0;0;0;0;0;Regular Season;0;0;0;0;0;0;0;0;0;0
54835;2029;1;10;CAA Centre;0;94;86;0;0;0;0;0;0;0;0;0;0;0;0;;;;0;0;0;0;0;0;0;0;0;0;0;0;0;0;0;0;0;0;0;0;0;0;0;0;Regular Season;0;0;0;0;0;0;0;0;0;0
54836;2029;1;10;Leon's Centre;0;89;88;0;0;0;0;0;0;0;0;0;0;0;0;;;;0;0;0;0;0;0;0;0;0;0;0;0;0;0;0;0;0;0;0;0;0;0;0;0;Regular Season;0;0;0;0;0;0;0;0;0;0
54837;2029;1;10;Detroit Hettche Arena;0;100;98;0;0;0;0;0;0;0;0;0;0;0;0;;;;0;0;0;0;0;0;0;0;0;0;0;0;0;0;0;0;0;0;0;0;0;0;0;0;Regular Season;0;0;0;0;0;0;0;0;0;0
54838;2029;1;11;Sudbury Community Arena;0;97;89;0;0;0;0;0;0;0;0;0;0;0;0;;;;0;0;0;0;0;0;0;0;0;0;0;0;0;0;0;0;0;0;0;0;0;0;0;0;Regular Season;0;0;0;0;0;0;0;0;0;0
54839;2029;1;11;Orleans Arena;0;85;88;0;0;0;0;0;0;0;0;0;0;0;0;;;;0;0;0;0;0;0;0;0;0;0;0;0;0;0;0;0;0;0;0;0;0;0;0;0;Regular Season;0;0;0;0;0;0;0;0;0;0
54840;2029;1;11;Meridian Centre;0;96;87;0;0;0;0;0;0;0;0;0;0;0;0;;;;0;0;0;0;0;0;0;0;0;0;0;0;0;0;0;0;0;0;0;0;0;0;0;0;Regular Season;0;0;0;0;0;0;0;0;0;0
54841;2029;1;11;Paramount Fine Foods Centre;0;95;99;0;0;0;0;0;0;0;0;0;0;0;0;;;;0;0;0;0;0;0;0;0;0;0;0;0;0;0;0;0;0;0;0;0;0;0;0;0;Regular Season;0;0;0;0;0;0;0;0;0;0
54842;2029;1;11;Peterborough Memorial Centre;0;92;94;0;0;0;0;0;0;0;0;0;0;0;0;;;;0;0;0;0;0;0;0;0;0;0;0;0;0;0;0;0;0;0;0;0;0;0;0;0;Regular Season;0;0;0;0;0;0;0;0;0;0
54843;2029;1;11;J.D. McArthur Arena;0;102;98;0;0;0;0;0;0;0;0;0;0;0;0;;;;0;0;0;0;0;0;0;0;0;0;0;0;0;0;0;0;0;0;0;0;0;0;0;0;Regular Season;0;0;0;0;0;0;0;0;0;0
54844;2029;1;11;Budweiser Gardens;0;101;104;0;0;0;0;0;0;0;0;0;0;0;0;;;;0;0;0;0;0;0;0;0;0;0;0;0;0;0;0;0;0;0;0;0;0;0;0;0;Regular Season;0;0;0;0;0;0;0;0;0;0
54845;2029;1;11;McConnell Arena;0;91;86;0;0;0;0;0;0;0;0;0;0;0;0;;;;0;0;0;0;0;0;0;0;0;0;0;0;0;0;0;0;0;0;0;0;0;0;0;0;Regular Season;0;0;0;0;0;0;0;0;0;0
54846;2029;1;12;Sadion Arena;0;93;100;0;0;0;0;0;0;0;0;0;0;0;0;;;;0;0;0;0;0;0;0;0;0;0;0;0;0;0;0;0;0;0;0;0;0;0;0;0;Regular Season;0;0;0;0;0;0;0;0;0;0
54847;2029;1;12;Dow Event Center;0;104;103;0;0;0;0;0;0;0;0;0;0;0;0;;;;0;0;0;0;0;0;0;0;0;0;0;0;0;0;0;0;0;0;0;0;0;0;0;0;Regular Season;0;0;0;0;0;0;0;0;0;0
54848;2029;1;12;Tribute Communities Centre;0;90;85;0;0;0;0;0;0;0;0;0;0;0;0;;;;0;0;0;0;0;0;0;0;0;0;0;0;0;0;0;0;0;0;0;0;0;0;0;0;Regular Season;0;0;0;0;0;0;0;0;0;0
54849;2029;1;12;Sleeman Centre;0;99;89;0;0;0;0;0;0;0;0;0;0;0;0;;;;0;0;0;0;0;0;0;0;0;0;0;0;0;0;0;0;0;0;0;0;0;0;0;0;Regular Season;0;0;0;0;0;0;0;0;0;0
54850;2029;1;12;J.D. McArthur Arena;0;102;96;0;0;0;0;0;0;0;0;0;0;0;0;;;;0;0;0;0;0;0;0;0;0;0;0;0;0;0;0;0;0;0;0;0;0;0;0;0;Regular Season;0;0;0;0;0;0;0;0;0;0
54851;2029;1;12;Budweiser Gardens;0;101;86;0;0;0;0;0;0;0;0;0;0;0;0;;;;0;0;0;0;0;0;0;0;0;0;0;0;0;0;0;0;0;0;0;0;0;0;0;0;Regular Season;0;0;0;0;0;0;0;0;0;0
54852;2029;1;13;Dow Event Center;0;104;98;0;0;0;0;0;0;0;0;0;0;0;0;;;;0;0;0;0;0;0;0;0;0;0;0;0;0;0;0;0;0;0;0;0;0;0;0;0;Regular Season;0;0;0;0;0;0;0;0;0;0
54853;2029;1;13;Sudbury Community Arena;0;97;85;0;0;0;0;0;0;0;0;0;0;0;0;;;;0;0;0;0;0;0;0;0;0;0;0;0;0;0;0;0;0;0;0;0;0;0;0;0;Regular Season;0;0;0;0;0;0;0;0;0;0
54854;2029;1;13;Paramount Fine Foods Centre;0;95;96;0;0;0;0;0;0;0;0;0;0;0;0;;;;0;0;0;0;0;0;0;0;0;0;0;0;0;0;0;0;0;0;0;0;0;0;0;0;Regular Season;0;0;0;0;0;0;0;0;0;0
54855;2029;1;13;Peterborough Memorial Centre;0;92;90;0;0;0;0;0;0;0;0;0;0;0;0;;;;0;0;0;0;0;0;0;0;0;0;0;0;0;0;0;0;0;0;0;0;0;0;0;0;Regular Season;0;0;0;0;0;0;0;0;0;0
54856;2029;1;13;CAA Centre;0;94;91;0;0;0;0;0;0;0;0;0;0;0;0;;;;0;0;0;0;0;0;0;0;0;0;0;0;0;0;0;0;0;0;0;0;0;0;0;0;Regular Season;0;0;0;0;0;0;0;0;0;0
54857;2029;1;13;CAA Arena;0;88;100;0;0;0;0;0;0;0;0;0;0;0;0;;;;0;0;0;0;0;0;0;0;0;0;0;0;0;0;0;0;0;0;0;0;0;0;0;0;Regular Season;0;0;0;0;0;0;0;0;0;0
54858;2029;1;13;Sleeman Centre;0;99;87;0;0;0;0;0;0;0;0;0;0;0;0;;;;0;0;0;0;0;0;0;0;0;0;0;0;0;0;0;0;0;0;0;0;0;0;0;0;Regular Season;0;0;0;0;0;0;0;0;0;0
54859;2029;1;17;Spokane Arena;0;86;104;0;0;0;0;0;0;0;0;0;0;0;0;;;;0;0;0;0;0;0;0;0;0;0;0;0;0;0;0;0;0;0;0;0;0;0;0;0;Regular Season;0;0;0;0;0;0;0;0;0;0
54860;2029;1;17;Tribute Communities Centre;0;90;98;0;0;0;0;0;0;0;0;0;0;0;0;;;;0;0;0;0;0;0;0;0;0;0;0;0;0;0;0;0;0;0;0;0;0;0;0;0;Regular Season;0;0;0;0;0;0;0;0;0;0
54861;2029;1;17;CAA Centre;0;94;100;0;0;0;0;0;0;0;0;0;0;0;0;;;;0;0;0;0;0;0;0;0;0;0;0;0;0;0;0;0;0;0;0;0;0;0;0;0;Regular Season;0;0;0;0;0;0;0;0;0;0
54862;2029;1;17;Leon's Centre;0;89;95;0;0;0;0;0;0;0;0;0;0;0;0;;;;0;0;0;0;0;0;0;0;0;0;0;0;0;0;0;0;0;0;0;0;0;0;0;0;Regular Season;0;0;0;0;0;0;0;0;0;0
54863;2029;1;18;Sudbury Community Arena;0;97;99;0;0;0;0;0;0;0;0;0;0;0;0;;;;0;0;0;0;0;0;0;0;0;0;0;0;0;0;0;0;0;0;0;0;0;0;0;0;Regular Season;0;0;0;0;0;0;0;0;0;0
54864;2029;1;18;Orleans Arena;0;85;88;0;0;0;0;0;0;0;0;0;0;0;0;;;;0;0;0;0;0;0;0;0;0;0;0;0;0;0;0;0;0;0;0;0;0;0;0;0;Regular Season;0;0;0;0;0;0;0;0;0;0
54865;2029;1;18;Meridian Centre;0;96;93;0;0;0;0;0;0;0;0;0;0;0;0;;;;0;0;0;0;0;0;0;0;0;0;0;0;0;0;0;0;0;0;0;0;0;0;0;0;Regular Season;0;0;0;0;0;0;0;0;0;0
54866;2029;1;18;Peterborough Memorial Centre;0;92;104;0;0;0;0;0;0;0;0;0;0;0;0;;;;0;0;0;0;0;0;0;0;0;0;0;0;0;0;0;0;0;0;0;0;0;0;0;0;Regular Season;0;0;0;0;0;0;0;0;0;0
54867;2029;1;18;Toyota Center;0;87;95;0;0;0;0;0;0;0;0;0;0;0;0;;;;0;0;0;0;0;0;0;0;0;0;0;0;0;0;0;0;0;0;0;0;0;0;0;0;Regular Season;0;0;0;0;0;0;0;0;0;0
54868;2029;1;18;Budweiser Gardens;0;101;102;0;0;0;0;0;0;0;0;0;0;0;0;;;;0;0;0;0;0;0;0;0;0;0;0;0;0;0;0;0;0;0;0;0;0;0;0;0;Regular Season;0;0;0;0;0;0;0;0;0;0
54869;2029;1;18;McConnell Arena;0;91;100;0;0;0;0;0;0;0;0;0;0;0;0;;;;0;0;0;0;0;0;0;0;0;0;0;0;0;0;0;0;0;0;0;0;0;0;0;0;Regular Season;0;0;0;0;0;0;0;0;0;0
54870;2029;1;19;Erie Insurance Arena;0;98;96;0;0;0;0;0;0;0;0;0;0;0;0;;;;0;0;0;0;0;0;0;0;0;0;0;0;0;0;0;0;0;0;0;0;0;0;0;0;Regular Season;0;0;0;0;0;0;0;0;0;0
54871;2029;1;19;Dow Event Center;0;104;93;0;0;0;0;0;0;0;0;0;0;0;0;;;;0;0;0;0;0;0;0;0;0;0;0;0;0;0;0;0;0;0;0;0;0;0;0;0;Regular Season;0;0;0;0;0;0;0;0;0;0
54872;2029;1;19;Spokane Arena;0;86;87;0;0;0;0;0;0;0;0;0;0;0;0;;;;0;0;0;0;0;0;0;0;0;0;0;0;0;0;0;0;0;0;0;0;0;0;0;0;Regular Season;0;0;0;0;0;0;0;0;0;0
54873;2029;1;19;Orleans Arena;0;85;95;0;0;0;0;0;0;0;0;0;0;0;0;;;;0;0;0;0;0;0;0;0;0;0;0;0;0;0;0;0;0;0;0;0;0;0;0;0;Regular Season;0;0;0;0;0;0;0;0;0;0
54874;2029;1;19;Tribute Communities Centre;0;90;94;0;0;0;0;0;0;0;0;0;0;0;0;;;;0;0;0;0;0;0;0;0;0;0;0;0;0;0;0;0;0;0;0;0;0;0;0;0;Regular Season;0;0;0;0;0;0;0;0;0;0
54875;2029;1;19;Sleeman Centre;0;99;91;0;0;0;0;0;0;0;0;0;0;0;0;;;;0;0;0;0;0;0;0;0;0;0;0;0;0;0;0;0;0;0;0;0;0;0;0;0;Regular Season;0;0;0;0;0;0;0;0;0;0
54876;2029;1;19;Compuware Arena;0;103;102;0;0;0;0;0;0;0;0;0;0;0;0;;;;0;0;0;0;0;0;0;0;0;0;0;0;0;0;0;0;0;0;0;0;0;0;0;0;Regular Season;0;0;0;0;0;0;0;0;0;0
54877;2029;1;20;Erie Insurance Arena;0;98;90;0;0;0;0;0;0;0;0;0;0;0;0;;;;0;0;0;0;0;0;0;0;0;0;0;0;0;0;0;0;0;0;0;0;0;0;0;0;Regular Season;0;0;0;0;0;0;0;0;0;0
54878;2029;1;20;Sudbury Community Arena;0;97;91;0;0;0;0;0;0;0;0;0;0;0;0;;;;0;0;0;0;0;0;0;0;0;0;0;0;0;0;0;0;0;0;0;0;0;0;0;0;Regular Season;0;0;0;0;0;0;0;0;0;0
54879;2029;1;20;Peterborough Memorial Centre;0;92;87;0;0;0;0;0;0;0;0;0;0;0;0;;;;0;0;0;0;0;0;0;0;0;0;0;0;0;0;0;0;0;0;0;0;0;0;0;0;Regular Season;0;0;0;0;0;0;0;0;0;0
54880;2029;1;20;CAA Arena;0;88;94;0;0;0;0;0;0;0;0;0;0;0;0;;;;0;0;0;0;0;0;0;0;0;0;0;0;0;0;0;0;0;0;0;0;0;0;0;0;Regular Season;0;0;0;0;0;0;0;0;0;0
54881;2029;1;20;Leon's Centre;0;89;86;0;0;0;0;0;0;0;0;0;0;0;0;;;;0;0;0;0;0;0;0;0;0;0;0;0;0;0;0;0;0;0;0;0;0;0;0;0;Regular Season;0;0;0;0;0;0;0;0;0;0
54882;2029;1;20;Compuware Arena;0;103;93;0;0;0;0;0;0;0;0;0;0;0;0;;;;0;0;0;0;0;0;0;0;0;0;0;0;0;0;0;0;0;0;0;0;0;0;0;0;Regular Season;0;0;0;0;0;0;0;0;0;0
54883;2029;1;20;Budweiser Gardens;0;101;100;0;0;0;0;0;0;0;0;0;0;0;0;;;;0;0;0;0;0;0;0;0;0;0;0;0;0;0;0;0;0;0;0;0;0;0;0;0;Regular Season;0;0;0;0;0;0;0;0;0;0
54884;2029;1;22;Meridian Centre;0;96;102;0;0;0;0;0;0;0;0;0;0;0;0;;;;0;0;0;0;0;0;0;0;0;0;0;0;0;0;0;0;0;0;0;0;0;0;0;0;Regular Season;0;0;0;0;0;0;0;0;0;0
54885;2029;1;23;Compuware Arena;0;103;104;0;0;0;0;0;0;0;0;0;0;0;0;;;;0;0;0;0;0;0;0;0;0;0;0;0;0;0;0;0;0;0;0;0;0;0;0;0;Regular Season;0;0;0;0;0;0;0;0;0;0
54886;2029;1;23;McConnell Arena;0;91;94;0;0;0;0;0;0;0;0;0;0;0;0;;;;0;0;0;0;0;0;0;0;0;0;0;0;0;0;0;0;0;0;0;0;0;0;0;0;Regular Season;0;0;0;0;0;0;0;0;0;0
54887;2029;1;24;Erie Insurance Arena;0;98;97;0;0;0;0;0;0;0;0;0;0;0;0;;;;0;0;0;0;0;0;0;0;0;0;0;0;0;0;0;0;0;0;0;0;0;0;0;0;Regular Season;0;0;0;0;0;0;0;0;0;0
54888;2029;1;24;CAA Centre;0;94;92;0;0;0;0;0;0;0;0;0;0;0;0;;;;0;0;0;0;0;0;0;0;0;0;0;0;0;0;0;0;0;0;0;0;0;0;0;0;Regular Season;0;0;0;0;0;0;0;0;0;0
54889;2029;1;24;Leon's Centre;0;89;90;0;0;0;0;0;0;0;0;0;0;0;0;;;;0;0;0;0;0;0;0;0;0;0;0;0;0;0;0;0;0;0;0;0;0;0;0;0;Regular Season;0;0;0;0;0;0;0;0;0;0
54890;2029;1;24;Detroit Hettche Arena;0;100;101;0;0;0;0;0;0;0;0;0;0;0;0;;;;0;0;0;0;0;0;0;0;0;0;0;0;0;0;0;0;0;0;0;0;0;0;0;0;Regular Season;0;0;0;0;0;0;0;0;0;0
54891;2029;1;25;Dow Event Center;0;104;87;0;0;0;0;0;0;0;0;0;0;0;0;;;;0;0;0;0;0;0;0;0;0;0;0;0;0;0;0;0;0;0;0;0;0;0;0;0;Regular Season;0;0;0;0;0;0;0;0;0;0
54892;2029;1;25;Spokane Arena;0;86;90;0;0;0;0;0;0;0;0;0;0;0;0;;;;0;0;0;0;0;0;0;0;0;0;0;0;0;0;0;0;0;0;0;0;0;0;0;0;Regular Season;0;0;0;0;0;0;0;0;0;0
54893;2029;1;25;Orleans Arena;0;85;89;0;0;0;0;0;0;0;0;0;0;0;0;;;;0;0;0;0;0;0;0;0;0;0;0;0;0;0;0;0;0;0;0;0;0;0;0;0;Regular Season;0;0;0;0;0;0;0;0;0;0
54894;2029;1;25;Meridian Centre;0;96;97;0;0;0;0;0;0;0;0;0;0;0;0;;;;0;0;0;0;0;0;0;0;0;0;0;0;0;0;0;0;0;0;0;0;0;0;0;0;Regular Season;0;0;0;0;0;0;0;0;0;0
54895;2029;1;25;Paramount Fine Foods Centre;0;95;103;0;0;0;0;0;0;0;0;0;0;0;0;;;;0;0;0;0;0;0;0;0;0;0;0;0;0;0;0;0;0;0;0;0;0;0;0;0;Regular Season;0;0;0;0;0;0;0;0;0;0
54896;2029;1;25;CAA Arena;0;88;93;0;0;0;0;0;0;0;0;0;0;0;0;;;;0;0;0;0;0;0;0;0;0;0;0;0;0;0;0;0;0;0;0;0;0;0;0;0;Regular Season;0;0;0;0;0;0;0;0;0;0
54897;2029;1;25;J.D. McArthur Arena;0;102;101;0;0;0;0;0;0;0;0;0;0;0;0;;;;0;0;0;0;0;0;0;0;0;0;0;0;0;0;0;0;0;0;0;0;0;0;0;0;Regular Season;0;0;0;0;0;0;0;0;0;0
54898;2029;1;25;McConnell Arena;0;91;92;0;0;0;0;0;0;0;0;0;0;0;0;;;;0;0;0;0;0;0;0;0;0;0;0;0;0;0;0;0;0;0;0;0;0;0;0;0;Regular Season;0;0;0;0;0;0;0;0;0;0
54899;2029;1;26;Sadion Arena;0;93;85;0;0;0;0;0;0;0;0;0;0;0;0;;;;0;0;0;0;0;0;0;0;0;0;0;0;0;0;0;0;0;0;0;0;0;0;0;0;Regular Season;0;0;0;0;0;0;0;0;0;0
54900;2029;1;26;Erie Insurance Arena;0;98;95;0;0;0;0;0;0;0;0;0;0;0;0;;;;0;0;0;0;0;0;0;0;0;0;0;0;0;0;0;0;0;0;0;0;0;0;0;0;Regular Season;0;0;0;0;0;0;0;0;0;0
54901;2029;1;26;Dow Event Center;0;104;99;0;0;0;0;0;0;0;0;0;0;0;0;;;;0;0;0;0;0;0;0;0;0;0;0;0;0;0;0;0;0;0;0;0;0;0;0;0;Regular Season;0;0;0;0;0;0;0;0;0;0
54902;2029;1;26;Tribute Communities Centre;0;90;96;0;0;0;0;0;0;0;0;0;0;0;0;;;;0;0;0;0;0;0;0;0;0;0;0;0;0;0;0;0;0;0;0;0;0;0;0;0;Regular Season;0;0;0;0;0;0;0;0;0;0
54903;2029;1;26;Leon's Centre;0;89;88;0;0;0;0;0;0;0;0;0;0;0;0;;;;0;0;0;0;0;0;0;0;0;0;0;0;0;0;0;0;0;0;0;0;0;0;0;0;Regular Season;0;0;0;0;0;0;0;0;0;0
54904;2029;1;26;Compuware Arena;0;103;87;0;0;0;0;0;0;0;0;0;0;0;0;;;;0;0;0;0;0;0;0;0;0;0;0;0;0;0;0;0;0;0;0;0;0;0;0;0;Regular Season;0;0;0;0;0;0;0;0;0;0
54905;2029;1;26;Detroit Hettche Arena;0;100;86;0;0;0;0;0;0;0;0;0;0;0;0;;;;0;0;0;0;0;0;0;0;0;0;0;0;0;0;0;0;0;0;0;0;0;0;0;0;Regular Season;0;0;0;0;0;0;0;0;0;0
54906;2029;1;27;Sudbury Community Arena;0;97;96;0;0;0;0;0;0;0;0;0;0;0;0;;;;0;0;0;0;0;0;0;0;0;0;0;0;0;0;0;0;0;0;0;0;0;0;0;0;Regular Season;0;0;0;0;0;0;0;0;0;0
54907;2029;1;27;CAA Centre;0;94;85;0;0;0;0;0;0;0;0;0;0;0;0;;;;0;0;0;0;0;0;0;0;0;0;0;0;0;0;0;0;0;0;0;0;0;0;0;0;Regular Season;0;0;0;0;0;0;0;0;0;0
54908;2029;1;27;CAA Arena;0;88;98;0;0;0;0;0;0;0;0;0;0;0;0;;;;0;0;0;0;0;0;0;0;0;0;0;0;0;0;0;0;0;0;0;0;0;0;0;0;Regular Season;0;0;0;0;0;0;0;0;0;0
54909;2029;1;27;J.D. McArthur Arena;0;102;87;0;0;0;0;0;0;0;0;0;0;0;0;;;;0;0;0;0;0;0;0;0;0;0;0;0;0;0;0;0;0;0;0;0;0;0;0;0;Regular Season;0;0;0;0;0;0;0;0;0;0
54910;2029;1;27;Budweiser Gardens;0;101;92;0;0;0;0;0;0;0;0;0;0;0;0;;;;0;0;0;0;0;0;0;0;0;0;0;0;0;0;0;0;0;0;0;0;0;0;0;0;Regular Season;0;0;0;0;0;0;0;0;0;0
54911;2029;1;27;McConnell Arena;0;91;93;0;0;0;0;0;0;0;0;0;0;0;0;;;;0;0;0;0;0;0;0;0;0;0;0;0;0;0;0;0;0;0;0;0;0;0;0;0;Regular Season;0;0;0;0;0;0;0;0;0;0
54912;2029;1;27;Detroit Hettche Arena;0;100;99;0;0;0;0;0;0;0;0;0;0;0;0;;;;0;0;0;0;0;0;0;0;0;0;0;0;0;0;0;0;0;0;0;0;0;0;0;0;Regular Season;0;0;0;0;0;0;0;0;0;0
54913;2029;1;28;Toyota Center;0;87;92;0;0;0;0;0;0;0;0;0;0;0;0;;;;0;0;0;0;0;0;0;0;0;0;0;0;0;0;0;0;0;0;0;0;0;0;0;0;Regular Season;0;0;0;0;0;0;0;0;0;0
54914;2029;1;29;Tribute Communities Centre;0;90;86;0;0;0;0;0;0;0;0;0;0;0;0;;;;0;0;0;0;0;0;0;0;0;0;0;0;0;0;0;0;0;0;0;0;0;0;0;0;Regular Season;0;0;0;0;0;0;0;0;0;0
54915;2029;1;30;Dow Event Center;0;104;100;0;0;0;0;0;0;0;0;0;0;0;0;;;;0;0;0;0;0;0;0;0;0;0;0;0;0;0;0;0;0;0;0;0;0;0;0;0;Regular Season;0;0;0;0;0;0;0;0;0;0
54916;2029;1;30;Paramount Fine Foods Centre;0;95;96;0;0;0;0;0;0;0;0;0;0;0;0;;;;0;0;0;0;0;0;0;0;0;0;0;0;0;0;0;0;0;0;0;0;0;0;0;0;Regular Season;0;0;0;0;0;0;0;0;0;0
54917;2029;1;30;Sleeman Centre;0;99;90;0;0;0;0;0;0;0;0;0;0;0;0;;;;0;0;0;0;0;0;0;0;0;0;0;0;0;0;0;0;0;0;0;0;0;0;0;0;Regular Season;0;0;0;0;0;0;0;0;0;0
54918;2029;1;31;Sadion Arena;0;93;92;0;0;0;0;0;0;0;0;0;0;0;0;;;;0;0;0;0;0;0;0;0;0;0;0;0;0;0;0;0;0;0;0;0;0;0;0;0;Regular Season;0;0;0;0;0;0;0;0;0;0
54919;2029;1;31;CAA Centre;0;94;102;0;0;0;0;0;0;0;0;0;0;0;0;;;;0;0;0;0;0;0;0;0;0;0;0;0;0;0;0;0;0;0;0;0;0;0;0;0;Regular Season;0;0;0;0;0;0;0;0;0;0
54920;2029;1;31;Leon's Centre;0;89;88;0;0;0;0;0;0;0;0;0;0;0;0;;;;0;0;0;0;0;0;0;0;0;0;0;0;0;0;0;0;0;0;0;0;0;0;0;0;Regular Season;0;0;0;0;0;0;0;0;0;0
54921;2029;1;31;Detroit Hettche Arena;0;100;101;0;0;0;0;0;0;0;0;0;0;0;0;;;;0;0;0;0;0;0;0;0;0;0;0;0;0;0;0;0;0;0;0;0;0;0;0;0;Regular Season;0;0;0;0;0;0;0;0;0;0
54922;2029;2;1;Sudbury Community Arena;0;97;104;0;0;0;0;0;0;0;0;0;0;0;0;;;;0;0;0;0;0;0;0;0;0;0;0;0;0;0;0;0;0;0;0;0;0;0;0;0;Regular Season;0;0;0;0;0;0;0;0;0;0
54923;2029;2;1;Orleans Arena;0;85;88;0;0;0;0;0;0;0;0;0;0;0;0;;;;0;0;0;0;0;0;0;0;0;0;0;0;0;0;0;0;0;0;0;0;0;0;0;0;Regular Season;0;0;0;0;0;0;0;0;0;0
54924;2029;2;1;Meridian Centre;0;96;86;0;0;0;0;0;0;0;0;0;0;0;0;;;;0;0;0;0;0;0;0;0;0;0;0;0;0;0;0;0;0;0;0;0;0;0;0;0;Regular Season;0;0;0;0;0;0;0;0;0;0
54925;2029;2;1;Paramount Fine Foods Centre;0;95;98;0;0;0;0;0;0;0;0;0;0;0;0;;;;0;0;0;0;0;0;0;0;0;0;0;0;0;0;0;0;0;0;0;0;0;0;0;0;Regular Season;0;0;0;0;0;0;0;0;0;0
54926;2029;2;1;Peterborough Memorial Centre;0;92;99;0;0;0;0;0;0;0;0;0;0;0;0;;;;0;0;0;0;0;0;0;0;0;0;0;0;0;0;0;0;0;0;0;0;0;0;0;0;Regular Season;0;0;0;0;0;0;0;0;0;0
54927;2029;2;1;Toyota Center;0;87;90;0;0;0;0;0;0;0;0;0;0;0;0;;;;0;0;0;0;0;0;0;0;0;0;0;0;0;0;0;0;0;0;0;0;0;0;0;0;Regular Season;0;0;0;0;0;0;0;0;0;0
54928;2029;2;1;Compuware Arena;0;103;101;0;0;0;0;0;0;0;0;0;0;0;0;;;;0;0;0;0;0;0;0;0;0;0;0;0;0;0;0;0;0;0;0;0;0;0;0;0;Regular Season;0;0;0;0;0;0;0;0;0;0
54929;2029;2;1;McConnell Arena;0;91;102;0;0;0;0;0;0;0;0;0;0;0;0;;;;0;0;0;0;0;0;0;0;0;0;0;0;0;0;0;0;0;0;0;0;0;0;0;0;Regular Season;0;0;0;0;0;0;0;0;0;0
54930;2029;2;2;Sadion Arena;0;93;96;0;0;0;0;0;0;0;0;0;0;0;0;;;;0;0;0;0;0;0;0;0;0;0;0;0;0;0;0;0;0;0;0;0;0;0;0;0;Regular Season;0;0;0;0;0;0;0;0;0;0
54931;2029;2;2;Sudbury Community Arena;0;97;95;0;0;0;0;0;0;0;0;0;0;0;0;;;;0;0;0;0;0;0;0;0;0;0;0;0;0;0;0;0;0;0;0;0;0;0;0;0;Regular Season;0;0;0;0;0;0;0;0;0;0
54932;2029;2;2;Spokane Arena;0;86;89;0;0;0;0;0;0;0;0;0;0;0;0;;;;0;0;0;0;0;0;0;0;0;0;0;0;0;0;0;0;0;0;0;0;0;0;0;0;Regular Season;0;0;0;0;0;0;0;0;0;0
54933;2029;2;2;Peterborough Memorial Centre;0;92;91;0;0;0;0;0;0;0;0;0;0;0;0;;;;0;0;0;0;0;0;0;0;0;0;0;0;0;0;0;0;0;0;0;0;0;0;0;0;Regular Season;0;0;0;0;0;0;0;0;0;0
54934;2029;2;2;Sleeman Centre;0;99;104;0;0;0;0;0;0;0;0;0;0;0;0;;;;0;0;0;0;0;0;0;0;0;0;0;0;0;0;0;0;0;0;0;0;0;0;0;0;Regular Season;0;0;0;0;0;0;0;0;0;0
54935;2029;2;2;Compuware Arena;0;103;100;0;0;0;0;0;0;0;0;0;0;0;0;;;;0;0;0;0;0;0;0;0;0;0;0;0;0;0;0;0;0;0;0;0;0;0;0;0;Regular Season;0;0;0;0;0;0;0;0;0;0
54936;2029;2;3;Orleans Arena;0;85;90;0;0;0;0;0;0;0;0;0;0;0;0;;;;0;0;0;0;0;0;0;0;0;0;0;0;0;0;0;0;0;0;0;0;0;0;0;0;Regular Season;0;0;0;0;0;0;0;0;0;0
54937;2029;2;3;CAA Centre;0;94;93;0;0;0;0;0;0;0;0;0;0;0;0;;;;0;0;0;0;0;0;0;0;0;0;0;0;0;0;0;0;0;0;0;0;0;0;0;0;Regular Season;0;0;0;0;0;0;0;0;0;0
54938;2029;2;3;CAA Arena;0;88;91;0;0;0;0;0;0;0;0;0;0;0;0;;;;0;0;0;0;0;0;0;0;0;0;0;0;0;0;0;0;0;0;0;0;0;0;0;0;Regular Season;0;0;0;0;0;0;0;0;0;0
54939;2029;2;3;Leon's Centre;0;89;97;0;0;0;0;0;0;0;0;0;0;0;0;;;;0;0;0;0;0;0;0;0;0;0;0;0;0;0;0;0;0;0;0;0;0;0;0;0;Regular Season;0;0;0;0;0;0;0;0;0;0
54940;2029;2;3;Budweiser Gardens;0;101;102;0;0;0;0;0;0;0;0;0;0;0;0;;;;0;0;0;0;0;0;0;0;0;0;0;0;0;0;0;0;0;0;0;0;0;0;0;0;Regular Season;0;0;0;0;0;0;0;0;0;0
54941;2029;2;4;Leon's Centre;0;89;87;0;0;0;0;0;0;0;0;0;0;0;0;;;;0;0;0;0;0;0;0;0;0;0;0;0;0;0;0;0;0;0;0;0;0;0;0;0;Regular Season;0;0;0;0;0;0;0;0;0;0
54942;2029;2;5;Meridian Centre;0;96;95;0;0;0;0;0;0;0;0;0;0;0;0;;;;0;0;0;0;0;0;0;0;0;0;0;0;0;0;0;0;0;0;0;0;0;0;0;0;Regular Season;0;0;0;0;0;0;0;0;0;0
54943;2029;2;6;Tribute Communities Centre;0;90;93;0;0;0;0;0;0;0;0;0;0;0;0;;;;0;0;0;0;0;0;0;0;0;0;0;0;0;0;0;0;0;0;0;0;0;0;0;0;Regular Season;0;0;0;0;0;0;0;0;0;0
54944;2029;2;6;CAA Arena;0;88;86;0;0;0;0;0;0;0;0;0;0;0;0;;;;0;0;0;0;0;0;0;0;0;0;0;0;0;0;0;0;0;0;0;0;0;0;0;0;Regular Season;0;0;0;0;0;0;0;0;0;0
54945;2029;2;6;J.D. McArthur Arena;0;102;97;0;0;0;0;0;0;0;0;0;0;0;0;;;;0;0;0;0;0;0;0;0;0;0;0;0;0;0;0;0;0;0;0;0;0;0;0;0;Regular Season;0;0;0;0;0;0;0;0;0;0
54946;2029;2;6;Budweiser Gardens;0;101;103;0;0;0;0;0;0;0;0;0;0;0;0;;;;0;0;0;0;0;0;0;0;0;0;0;0;0;0;0;0;0;0;0;0;0;0;0;0;Regular Season;0;0;0;0;0;0;0;0;0;0
54947;2029;2;7;CAA Centre;0;94;98;0;0;0;0;0;0;0;0;0;0;0;0;;;;0;0;0;0;0;0;0;0;0;0;0;0;0;0;0;0;0;0;0;0;0;0;0;0;Regular Season;0;0;0;0;0;0;0;0;0;0
54948;2029;2;7;Leon's Centre;0;89;87;0;0;0;0;0;0;0;0;0;0;0;0;;;;0;0;0;0;0;0;0;0;0;0;0;0;0;0;0;0;0;0;0;0;0;0;0;0;Regular Season;0;0;0;0;0;0;0;0;0;0
54949;2029;2;7;Detroit Hettche Arena;0;100;104;0;0;0;0;0;0;0;0;0;0;0;0;;;;0;0;0;0;0;0;0;0;0;0;0;0;0;0;0;0;0;0;0;0;0;0;0;0;Regular Season;0;0;0;0;0;0;0;0;0;0
54950;2029;2;8;Sudbury Community Arena;0;97;103;0;0;0;0;0;0;0;0;0;0;0;0;;;;0;0;0;0;0;0;0;0;0;0;0;0;0;0;0;0;0;0;0;0;0;0;0;0;Regular Season;0;0;0;0;0;0;0;0;0;0
54951;2029;2;8;Spokane Arena;0;86;93;0;0;0;0;0;0;0;0;0;0;0;0;;;;0;0;0;0;0;0;0;0;0;0;0;0;0;0;0;0;0;0;0;0;0;0;0;0;Regular Season;0;0;0;0;0;0;0;0;0;0
54952;2029;2;8;Orleans Arena;0;85;89;0;0;0;0;0;0;0;0;0;0;0;0;;;;0;0;0;0;0;0;0;0;0;0;0;0;0;0;0;0;0;0;0;0;0;0;0;0;Regular Season;0;0;0;0;0;0;0;0;0;0
54953;2029;2;8;Paramount Fine Foods Centre;0;95;102;0;0;0;0;0;0;0;0;0;0;0;0;;;;0;0;0;0;0;0;0;0;0;0;0;0;0;0;0;0;0;0;0;0;0;0;0;0;Regular Season;0;0;0;0;0;0;0;0;0;0
54954;2029;2;8;Peterborough Memorial Centre;0;92;90;0;0;0;0;0;0;0;0;0;0;0;0;;;;0;0;0;0;0;0;0;0;0;0;0;0;0;0;0;0;0;0;0;0;0;0;0;0;Regular Season;0;0;0;0;0;0;0;0;0;0
54955;2029;2;8;Toyota Center;0;87;88;0;0;0;0;0;0;0;0;0;0;0;0;;;;0;0;0;0;0;0;0;0;0;0;0;0;0;0;0;0;0;0;0;0;0;0;0;0;Regular Season;0;0;0;0;0;0;0;0;0;0
54956;2029;2;8;Budweiser Gardens;0;101;96;0;0;0;0;0;0;0;0;0;0;0;0;;;;0;0;0;0;0;0;0;0;0;0;0;0;0;0;0;0;0;0;0;0;0;0;0;0;Regular Season;0;0;0;0;0;0;0;0;0;0
54957;2029;2;8;McConnell Arena;0;91;98;0;0;0;0;0;0;0;0;0;0;0;0;;;;0;0;0;0;0;0;0;0;0;0;0;0;0;0;0;0;0;0;0;0;0;0;0;0;Regular Season;0;0;0;0;0;0;0;0;0;0
54958;2029;2;9;Sadion Arena;0;93;94;0;0;0;0;0;0;0;0;0;0;0;0;;;;0;0;0;0;0;0;0;0;0;0;0;0;0;0;0;0;0;0;0;0;0;0;0;0;Regular Season;0;0;0;0;0;0;0;0;0;0
54959;2029;2;9;Dow Event Center;0;104;96;0;0;0;0;0;0;0;0;0;0;0;0;;;;0;0;0;0;0;0;0;0;0;0;0;0;0;0;0;0;0;0;0;0;0;0;0;0;Regular Season;0;0;0;0;0;0;0;0;0;0
54960;2029;2;9;CAA Arena;0;88;97;0;0;0;0;0;0;0;0;0;0;0;0;;;;0;0;0;0;0;0;0;0;0;0;0;0;0;0;0;0;0;0;0;0;0;0;0;0;Regular Season;0;0;0;0;0;0;0;0;0;0
54961;2029;2;9;Sleeman Centre;0;99;103;0;0;0;0;0;0;0;0;0;0;0;0;;;;0;0;0;0;0;0;0;0;0;0;0;0;0;0;0;0;0;0;0;0;0;0;0;0;Regular Season;0;0;0;0;0;0;0;0;0;0
54962;2029;2;9;J.D. McArthur Arena;0;102;95;0;0;0;0;0;0;0;0;0;0;0;0;;;;0;0;0;0;0;0;0;0;0;0;0;0;0;0;0;0;0;0;0;0;0;0;0;0;Regular Season;0;0;0;0;0;0;0;0;0;0
54963;2029;2;9;Budweiser Gardens;0;101;98;0;0;0;0;0;0;0;0;0;0;0;0;;;;0;0;0;0;0;0;0;0;0;0;0;0;0;0;0;0;0;0;0;0;0;0;0;0;Regular Season;0;0;0;0;0;0;0;0;0;0
54964;2029;2;9;Detroit Hettche Arena;0;100;92;0;0;0;0;0;0;0;0;0;0;0;0;;;;0;0;0;0;0;0;0;0;0;0;0;0;0;0;0;0;0;0;0;0;0;0;0;0;Regular Season;0;0;0;0;0;0;0;0;0;0
54965;2029;2;10;Spokane Arena;0;86;85;0;0;0;0;0;0;0;0;0;0;0;0;;;;0;0;0;0;0;0;0;0;0;0;0;0;0;0;0;0;0;0;0;0;0;0;0;0;Regular Season;0;0;0;0;0;0;0;0;0;0
54966;2029;2;10;Tribute Communities Centre;0;90;91;0;0;0;0;0;0;0;0;0;0;0;0;;;;0;0;0;0;0;0;0;0;0;0;0;0;0;0;0;0;0;0;0;0;0;0;0;0;Regular Season;0;0;0;0;0;0;0;0;0;0
54967;2029;2;11;Sudbury Community Arena;0;97;99;0;0;0;0;0;0;0;0;0;0;0;0;;;;0;0;0;0;0;0;0;0;0;0;0;0;0;0;0;0;0;0;0;0;0;0;0;0;Regular Season;0;0;0;0;0;0;0;0;0;0
54968;2029;2;11;Spokane Arena;0;86;96;0;0;0;0;0;0;0;0;0;0;0;0;;;;0;0;0;0;0;0;0;0;0;0;0;0;0;0;0;0;0;0;0;0;0;0;0;0;Regular Season;0;0;0;0;0;0;0;0;0;0
54969;2029;2;11;Orleans Arena;0;85;93;0;0;0;0;0;0;0;0;0;0;0;0;;;;0;0;0;0;0;0;0;0;0;0;0;0;0;0;0;0;0;0;0;0;0;0;0;0;Regular Season;0;0;0;0;0;0;0;0;0;0
54970;2029;2;11;Paramount Fine Foods Centre;0;95;100;0;0;0;0;0;0;0;0;0;0;0;0;;;;0;0;0;0;0;0;0;0;0;0;0;0;0;0;0;0;0;0;0;0;0;0;0;0;Regular Season;0;0;0;0;0;0;0;0;0;0
54971;2029;2;11;Peterborough Memorial Centre;0;92;103;0;0;0;0;0;0;0;0;0;0;0;0;;;;0;0;0;0;0;0;0;0;0;0;0;0;0;0;0;0;0;0;0;0;0;0;0;0;Regular Season;0;0;0;0;0;0;0;0;0;0
54972;2029;2;11;CAA Arena;0;88;90;0;0;0;0;0;0;0;0;0;0;0;0;;;;0;0;0;0;0;0;0;0;0;0;0;0;0;0;0;0;0;0;0;0;0;0;0;0;Regular Season;0;0;0;0;0;0;0;0;0;0
54973;2029;2;11;Toyota Center;0;87;94;0;0;0;0;0;0;0;0;0;0;0;0;;;;0;0;0;0;0;0;0;0;0;0;0;0;0;0;0;0;0;0;0;0;0;0;0;0;Regular Season;0;0;0;0;0;0;0;0;0;0
54974;2029;2;11;Leon's Centre;0;89;91;0;0;0;0;0;0;0;0;0;0;0;0;;;;0;0;0;0;0;0;0;0;0;0;0;0;0;0;0;0;0;0;0;0;0;0;0;0;Regular Season;0;0;0;0;0;0;0;0;0;0
54975;2029;2;11;J.D. McArthur Arena;0;102;104;0;0;0;0;0;0;0;0;0;0;0;0;;;;0;0;0;0;0;0;0;0;0;0;0;0;0;0;0;0;0;0;0;0;0;0;0;0;Regular Season;0;0;0;0;0;0;0;0;0;0
54976;2029;2;13;Sleeman Centre;0;99;98;0;0;0;0;0;0;0;0;0;0;0;0;;;;0;0;0;0;0;0;0;0;0;0;0;0;0;0;0;0;0;0;0;0;0;0;0;0;Regular Season;0;0;0;0;0;0;0;0;0;0
54977;2029;2;14;Sadion Arena;0;93;98;0;0;0;0;0;0;0;0;0;0;0;0;;;;0;0;0;0;0;0;0;0;0;0;0;0;0;0;0;0;0;0;0;0;0;0;0;0;Regular Season;0;0;0;0;0;0;0;0;0;0
54978;2029;2;14;Tribute Communities Centre;0;90;101;0;0;0;0;0;0;0;0;0;0;0;0;;;;0;0;0;0;0;0;0;0;0;0;0;0;0;0;0;0;0;0;0;0;0;0;0;0;Regular Season;0;0;0;0;0;0;0;0;0;0
54979;2029;2;14;Leon's Centre;0;89;100;0;0;0;0;0;0;0;0;0;0;0;0;;;;0;0;0;0;0;0;0;0;0;0;0;0;0;0;0;0;0;0;0;0;0;0;0;0;Regular Season;0;0;0;0;0;0;0;0;0;0
54980;2029;2;15;Sudbury Community Arena;0;97;101;0;0;0;0;0;0;0;0;0;0;0;0;;;;0;0;0;0;0;0;0;0;0;0;0;0;0;0;0;0;0;0;0;0;0;0;0;0;Regular Season;0;0;0;0;0;0;0;0;0;0
54981;2029;2;15;Orleans Arena;0;85;92;0;0;0;0;0;0;0;0;0;0;0;0;;;;0;0;0;0;0;0;0;0;0;0;0;0;0;0;0;0;0;0;0;0;0;0;0;0;Regular Season;0;0;0;0;0;0;0;0;0;0
54982;2029;2;15;Meridian Centre;0;96;99;0;0;0;0;0;0;0;0;0;0;0;0;;;;0;0;0;0;0;0;0;0;0;0;0;0;0;0;0;0;0;0;0;0;0;0;0;0;Regular Season;0;0;0;0;0;0;0;0;0;0
54983;2029;2;15;Paramount Fine Foods Centre;0;95;102;0;0;0;0;0;0;0;0;0;0;0;0;;;;0;0;0;0;0;0;0;0;0;0;0;0;0;0;0;0;0;0;0;0;0;0;0;0;Regular Season;0;0;0;0;0;0;0;0;0;0
54984;2029;2;15;Tribute Communities Centre;0;90;91;0;0;0;0;0;0;0;0;0;0;0;0;;;;0;0;0;0;0;0;0;0;0;0;0;0;0;0;0;0;0;0;0;0;0;0;0;0;Regular Season;0;0;0;0;0;0;0;0;0;0
54985;2029;2;15;CAA Arena;0;88;89;0;0;0;0;0;0;0;0;0;0;0;0;;;;0;0;0;0;0;0;0;0;0;0;0;0;0;0;0;0;0;0;0;0;0;0;0;0;Regular Season;0;0;0;0;0;0;0;0;0;0
54986;2029;2;15;Toyota Center;0;87;100;0;0;0;0;0;0;0;0;0;0;0;0;;;;0;0;0;0;0;0;0;0;0;0;0;0;0;0;0;0;0;0;0;0;0;0;0;0;Regular Season;0;0;0;0;0;0;0;0;0;0
54987;2029;2;15;Compuware Arena;0;103;94;0;0;0;0;0;0;0;0;0;0;0;0;;;;0;0;0;0;0;0;0;0;0;0;0;0;0;0;0;0;0;0;0;0;0;0;0;0;Regular Season;0;0;0;0;0;0;0;0;0;0
54988;2029;2;16;Sadion Arena;0;93;88;0;0;0;0;0;0;0;0;0;0;0;0;;;;0;0;0;0;0;0;0;0;0;0;0;0;0;0;0;0;0;0;0;0;0;0;0;0;Regular Season;0;0;0;0;0;0;0;0;0;0
54989;2029;2;16;Erie Insurance Arena;0;98;91;0;0;0;0;0;0;0;0;0;0;0;0;;;;0;0;0;0;0;0;0;0;0;0;0;0;0;0;0;0;0;0;0;0;0;0;0;0;Regular Season;0;0;0;0;0;0;0;0;0;0
54990;2029;2;16;Dow Event Center;0;104;94;0;0;0;0;0;0;0;0;0;0;0;0;;;;0;0;0;0;0;0;0;0;0;0;0;0;0;0;0;0;0;0;0;0;0;0;0;0;Regular Season;0;0;0;0;0;0;0;0;0;0
54991;2029;2;16;Spokane Arena;0;86;85;0;0;0;0;0;0;0;0;0;0;0;0;;;;0;0;0;0;0;0;0;0;0;0;0;0;0;0;0;0;0;0;0;0;0;0;0;0;Regular Season;0;0;0;0;0;0;0;0;0;0
54992;2029;2;16;Toyota Center;0;87;92;0;0;0;0;0;0;0;0;0;0;0;0;;;;0;0;0;0;0;0;0;0;0;0;0;0;0;0;0;0;0;0;0;0;0;0;0;0;Regular Season;0;0;0;0;0;0;0;0;0;0
54993;2029;2;16;Sleeman Centre;0;99;95;0;0;0;0;0;0;0;0;0;0;0;0;;;;0;0;0;0;0;0;0;0;0;0;0;0;0;0;0;0;0;0;0;0;0;0;0;0;Regular Season;0;0;0;0;0;0;0;0;0;0
54994;2029;2;16;Compuware Arena;0;103;102;0;0;0;0;0;0;0;0;0;0;0;0;;;;0;0;0;0;0;0;0;0;0;0;0;0;0;0;0;0;0;0;0;0;0;0;0;0;Regular Season;0;0;0;0;0;0;0;0;0;0
54995;2029;2;17;Dow Event Center;0;104;103;0;0;0;0;0;0;0;0;0;0;0;0;;;;0;0;0;0;0;0;0;0;0;0;0;0;0;0;0;0;0;0;0;0;0;0;0;0;Regular Season;0;0;0;0;0;0;0;0;0;0
54996;2029;2;17;Sudbury Community Arena;0;97;95;0;0;0;0;0;0;0;0;0;0;0;0;;;;0;0;0;0;0;0;0;0;0;0;0;0;0;0;0;0;0;0;0;0;0;0;0;0;Regular Season;0;0;0;0;0;0;0;0;0;0
54997;2029;2;17;Spokane Arena;0;86;91;0;0;0;0;0;0;0;0;0;0;0;0;;;;0;0;0;0;0;0;0;0;0;0;0;0;0;0;0;0;0;0;0;0;0;0;0;0;Regular Season;0;0;0;0;0;0;0;0;0;0
54998;2029;2;17;Orleans Arena;0;85;100;0;0;0;0;0;0;0;0;0;0;0;0;;;;0;0;0;0;0;0;0;0;0;0;0;0;0;0;0;0;0;0;0;0;0;0;0;0;Regular Season;0;0;0;0;0;0;0;0;0;0
54999;2029;2;17;Meridian Centre;0;96;101;0;0;0;0;0;0;0;0;0;0;0;0;;;;0;0;0;0;0;0;0;0;0;0;0;0;0;0;0;0;0;0;0;0;0;0;0;0;Regular Season;0;0;0;0;0;0;0;0;0;0
55000;2029;2;17;Tribute Communities Centre;0;90;93;0;0;0;0;0;0;0;0;0;0;0;0;;;;0;0;0;0;0;0;0;0;0;0;0;0;0;0;0;0;0;0;0;0;0;0;0;0;Regular Season;0;0;0;0;0;0;0;0;0;0
55001;2029;2;17;CAA Arena;0;88;87;0;0;0;0;0;0;0;0;0;0;0;0;;;;0;0;0;0;0;0;0;0;0;0;0;0;0;0;0;0;0;0;0;0;0;0;0;0;Regular Season;0;0;0;0;0;0;0;0;0;0
55002;2029;2;17;J.D. McArthur Arena;0;102;94;0;0;0;0;0;0;0;0;0;0;0;0;;;;0;0;0;0;0;0;0;0;0;0;0;0;0;0;0;0;0;0;0;0;0;0;0;0;Regular Season;0;0;0;0;0;0;0;0;0;0
55003;2029;2;19;Erie Insurance Arena;0;98;86;0;0;0;0;0;0;0;0;0;0;0;0;;;;0;0;0;0;0;0;0;0;0;0;0;0;0;0;0;0;0;0;0;0;0;0;0;0;Regular Season;0;0;0;0;0;0;0;0;0;0
55004;2029;2;20;Peterborough Memorial Centre;0;92;97;0;0;0;0;0;0;0;0;0;0;0;0;;;;0;0;0;0;0;0;0;0;0;0;0;0;0;0;0;0;0;0;0;0;0;0;0;0;Regular Season;0;0;0;0;0;0;0;0;0;0
55005;2029;2;20;CAA Arena;0;88;96;0;0;0;0;0;0;0;0;0;0;0;0;;;;0;0;0;0;0;0;0;0;0;0;0;0;0;0;0;0;0;0;0;0;0;0;0;0;Regular Season;0;0;0;0;0;0;0;0;0;0
55006;2029;2;20;Toyota Center;0;87;85;0;0;0;0;0;0;0;0;0;0;0;0;;;;0;0;0;0;0;0;0;0;0;0;0;0;0;0;0;0;0;0;0;0;0;0;0;0;Regular Season;0;0;0;0;0;0;0;0;0;0
55007;2029;2;20;Budweiser Gardens;0;101;102;0;0;0;0;0;0;0;0;0;0;0;0;;;;0;0;0;0;0;0;0;0;0;0;0;0;0;0;0;0;0;0;0;0;0;0;0;0;Regular Season;0;0;0;0;0;0;0;0;0;0
55008;2029;2;21;Sadion Arena;0;93;86;0;0;0;0;0;0;0;0;0;0;0;0;;;;0;0;0;0;0;0;0;0;0;0;0;0;0;0;0;0;0;0;0;0;0;0;0;0;Regular Season;0;0;0;0;0;0;0;0;0;0
55009;2029;2;21;CAA Centre;0;94;91;0;0;0;0;0;0;0;0;0;0;0;0;;;;0;0;0;0;0;0;0;0;0;0;0;0;0;0;0;0;0;0;0;0;0;0;0;0;Regular Season;0;0;0;0;0;0;0;0;0;0
55010;2029;2;21;Leon's Centre;0;89;103;0;0;0;0;0;0;0;0;0;0;0;0;;;;0;0;0;0;0;0;0;0;0;0;0;0;0;0;0;0;0;0;0;0;0;0;0;0;Regular Season;0;0;0;0;0;0;0;0;0;0
55011;2029;2;21;Detroit Hettche Arena;0;100;95;0;0;0;0;0;0;0;0;0;0;0;0;;;;0;0;0;0;0;0;0;0;0;0;0;0;0;0;0;0;0;0;0;0;0;0;0;0;Regular Season;0;0;0;0;0;0;0;0;0;0
55012;2029;2;22;Dow Event Center;0;104;100;0;0;0;0;0;0;0;0;0;0;0;0;;;;0;0;0;0;0;0;0;0;0;0;0;0;0;0;0;0;0;0;0;0;0;0;0;0;Regular Season;0;0;0;0;0;0;0;0;0;0
55013;2029;2;22;Spokane Arena;0;86;99;0;0;0;0;0;0;0;0;0;0;0;0;;;;0;0;0;0;0;0;0;0;0;0;0;0;0;0;0;0;0;0;0;0;0;0;0;0;Regular Season;0;0;0;0;0;0;0;0;0;0
55014;2029;2;22;Orleans Arena;0;85;87;0;0;0;0;0;0;0;0;0;0;0;0;;;;0;0;0;0;0;0;0;0;0;0;0;0;0;0;0;0;0;0;0;0;0;0;0;0;Regular Season;0;0;0;0;0;0;0;0;0;0
55015;2029;2;22;Meridian Centre;0;96;98;0;0;0;0;0;0;0;0;0;0;0;0;;;;0;0;0;0;0;0;0;0;0;0;0;0;0;0;0;0;0;0;0;0;0;0;0;0;Regular Season;0;0;0;0;0;0;0;0;0;0
55016;2029;2;22;Peterborough Memorial Centre;0;92;94;0;0;0;0;0;0;0;0;0;0;0;0;;;;0;0;0;0;0;0;0;0;0;0;0;0;0;0;0;0;0;0;0;0;0;0;0;0;Regular Season;0;0;0;0;0;0;0;0;0;0
55017;2029;2;22;Tribute Communities Centre;0;90;89;0;0;0;0;0;0;0;0;0;0;0;0;;;;0;0;0;0;0;0;0;0;0;0;0;0;0;0;0;0;0;0;0;0;0;0;0;0;Regular Season;0;0;0;0;0;0;0;0;0;0
55018;2029;2;22;J.D. McArthur Arena;0;102;95;0;0;0;0;0;0;0;0;0;0;0;0;;;;0;0;0;0;0;0;0;0;0;0;0;0;0;0;0;0;0;0;0;0;0;0;0;0;Regular Season;0;0;0;0;0;0;0;0;0;0
55019;2029;2;22;Budweiser Gardens;0;101;97;0;0;0;0;0;0;0;0;0;0;0;0;;;;0;0;0;0;0;0;0;0;0;0;0;0;0;0;0;0;0;0;0;0;0;0;0;0;Regular Season;0;0;0;0;0;0;0;0;0;0
55020;2029;2;22;McConnell Arena;0;91;88;0;0;0;0;0;0;0;0;0;0;0;0;;;;0;0;0;0;0;0;0;0;0;0;0;0;0;0;0;0;0;0;0;0;0;0;0;0;Regular Season;0;0;0;0;0;0;0;0;0;0
55021;2029;2;23;Sadion Arena;0;93;92;0;0;0;0;0;0;0;0;0;0;0;0;;;;0;0;0;0;0;0;0;0;0;0;0;0;0;0;0;0;0;0;0;0;0;0;0;0;Regular Season;0;0;0;0;0;0;0;0;0;0
55022;2029;2;23;Erie Insurance Arena;0;98;89;0;0;0;0;0;0;0;0;0;0;0;0;;;;0;0;0;0;0;0;0;0;0;0;0;0;0;0;0;0;0;0;0;0;0;0;0;0;Regular Season;0;0;0;0;0;0;0;0;0;0
55023;2029;2;23;Dow Event Center;0;104;97;0;0;0;0;0;0;0;0;0;0;0;0;;;;0;0;0;0;0;0;0;0;0;0;0;0;0;0;0;0;0;0;0;0;0;0;0;0;Regular Season;0;0;0;0;0;0;0;0;0;0
55024;2029;2;23;Toyota Center;0;87;103;0;0;0;0;0;0;0;0;0;0;0;0;;;;0;0;0;0;0;0;0;0;0;0;0;0;0;0;0;0;0;0;0;0;0;0;0;0;Regular Season;0;0;0;0;0;0;0;0;0;0
55025;2029;2;23;Sleeman Centre;0;99;96;0;0;0;0;0;0;0;0;0;0;0;0;;;;0;0;0;0;0;0;0;0;0;0;0;0;0;0;0;0;0;0;0;0;0;0;0;0;Regular Season;0;0;0;0;0;0;0;0;0;0
55026;2029;2;23;Budweiser Gardens;0;101;88;0;0;0;0;0;0;0;0;0;0;0;0;;;;0;0;0;0;0;0;0;0;0;0;0;0;0;0;0;0;0;0;0;0;0;0;0;0;Regular Season;0;0;0;0;0;0;0;0;0;0
55027;2029;2;23;McConnell Arena;0;91;90;0;0;0;0;0;0;0;0;0;0;0;0;;;;0;0;0;0;0;0;0;0;0;0;0;0;0;0;0;0;0;0;0;0;0;0;0;0;Regular Season;0;0;0;0;0;0;0;0;0;0
55028;2029;2;23;Detroit Hettche Arena;0;100;102;0;0;0;0;0;0;0;0;0;0;0;0;;;;0;0;0;0;0;0;0;0;0;0;0;0;0;0;0;0;0;0;0;0;0;0;0;0;Regular Season;0;0;0;0;0;0;0;0;0;0
55029;2029;2;24;Spokane Arena;0;86;98;0;0;0;0;0;0;0;0;0;0;0;0;;;;0;0;0;0;0;0;0;0;0;0;0;0;0;0;0;0;0;0;0;0;0;0;0;0;Regular Season;0;0;0;0;0;0;0;0;0;0
55030;2029;2;24;Orleans Arena;0;85;103;0;0;0;0;0;0;0;0;0;0;0;0;;;;0;0;0;0;0;0;0;0;0;0;0;0;0;0;0;0;0;0;0;0;0;0;0;0;Regular Season;0;0;0;0;0;0;0;0;0;0
55031;2029;2;24;CAA Centre;0;94;90;0;0;0;0;0;0;0;0;0;0;0;0;;;;0;0;0;0;0;0;0;0;0;0;0;0;0;0;0;0;0;0;0;0;0;0;0;0;Regular Season;0;0;0;0;0;0;0;0;0;0
55032;2029;2;24;Sleeman Centre;0;99;93;0;0;0;0;0;0;0;0;0;0;0;0;;;;0;0;0;0;0;0;0;0;0;0;0;0;0;0;0;0;0;0;0;0;0;0;0;0;Regular Season;0;0;0;0;0;0;0;0;0;0
55033;2029;2;26;Meridian Centre;0;96;97;0;0;0;0;0;0;0;0;0;0;0;0;;;;0;0;0;0;0;0;0;0;0;0;0;0;0;0;0;0;0;0;0;0;0;0;0;0;Regular Season;0;0;0;0;0;0;0;0;0;0
55034;2029;2;27;Dow Event Center;0;104;98;0;0;0;0;0;0;0;0;0;0;0;0;;;;0;0;0;0;0;0;0;0;0;0;0;0;0;0;0;0;0;0;0;0;0;0;0;0;Regular Season;0;0;0;0;0;0;0;0;0;0
55035;2029;2;27;CAA Centre;0;94;99;0;0;0;0;0;0;0;0;0;0;0;0;;;;0;0;0;0;0;0;0;0;0;0;0;0;0;0;0;0;0;0;0;0;0;0;0;0;Regular Season;0;0;0;0;0;0;0;0;0;0
55036;2029;2;27;Budweiser Gardens;0;101;91;0;0;0;0;0;0;0;0;0;0;0;0;;;;0;0;0;0;0;0;0;0;0;0;0;0;0;0;0;0;0;0;0;0;0;0;0;0;Regular Season;0;0;0;0;0;0;0;0;0;0
55037;2029;2;28;Sadion Arena;0;93;95;0;0;0;0;0;0;0;0;0;0;0;0;;;;0;0;0;0;0;0;0;0;0;0;0;0;0;0;0;0;0;0;0;0;0;0;0;0;Regular Season;0;0;0;0;0;0;0;0;0;0
55038;2029;2;28;Tribute Communities Centre;0;90;86;0;0;0;0;0;0;0;0;0;0;0;0;;;;0;0;0;0;0;0;0;0;0;0;0;0;0;0;0;0;0;0;0;0;0;0;0;0;Regular Season;0;0;0;0;0;0;0;0;0;0
55039;2029;2;28;Leon's Centre;0;89;85;0;0;0;0;0;0;0;0;0;0;0;0;;;;0;0;0;0;0;0;0;0;0;0;0;0;0;0;0;0;0;0;0;0;0;0;0;0;Regular Season;0;0;0;0;0;0;0;0;0;0
55040;2029;2;28;Compuware Arena;0;103;98;0;0;0;0;0;0;0;0;0;0;0;0;;;;0;0;0;0;0;0;0;0;0;0;0;0;0;0;0;0;0;0;0;0;0;0;0;0;Regular Season;0;0;0;0;0;0;0;0;0;0
55041;2029;3;1;Sudbury Community Arena;0;97;100;0;0;0;0;0;0;0;0;0;0;0;0;;;;0;0;0;0;0;0;0;0;0;0;0;0;0;0;0;0;0;0;0;0;0;0;0;0;Regular Season;0;0;0;0;0;0;0;0;0;0
55042;2029;3;1;Spokane Arena;0;86;90;0;0;0;0;0;0;0;0;0;0;0;0;;;;0;0;0;0;0;0;0;0;0;0;0;0;0;0;0;0;0;0;0;0;0;0;0;0;Regular Season;0;0;0;0;0;0;0;0;0;0
55043;2029;3;1;Orleans Arena;0;85;89;0;0;0;0;0;0;0;0;0;0;0;0;;;;0;0;0;0;0;0;0;0;0;0;0;0;0;0;0;0;0;0;0;0;0;0;0;0;Regular Season;0;0;0;0;0;0;0;0;0;0
55044;2029;3;1;Meridian Centre;0;96;99;0;0;0;0;0;0;0;0;0;0;0;0;;;;0;0;0;0;0;0;0;0;0;0;0;0;0;0;0;0;0;0;0;0;0;0;0;0;Regular Season;0;0;0;0;0;0;0;0;0;0
55045;2029;3;1;CAA Arena;0;88;94;0;0;0;0;0;0;0;0;0;0;0;0;;;;0;0;0;0;0;0;0;0;0;0;0;0;0;0;0;0;0;0;0;0;0;0;0;0;Regular Season;0;0;0;0;0;0;0;0;0;0
55046;2029;3;1;Toyota Center;0;87;92;0;0;0;0;0;0;0;0;0;0;0;0;;;;0;0;0;0;0;0;0;0;0;0;0;0;0;0;0;0;0;0;0;0;0;0;0;0;Regular Season;0;0;0;0;0;0;0;0;0;0
55047;2029;3;1;J.D. McArthur Arena;0;102;101;0;0;0;0;0;0;0;0;0;0;0;0;;;;0;0;0;0;0;0;0;0;0;0;0;0;0;0;0;0;0;0;0;0;0;0;0;0;Regular Season;0;0;0;0;0;0;0;0;0;0
55048;2029;3;1;McConnell Arena;0;91;95;0;0;0;0;0;0;0;0;0;0;0;0;;;;0;0;0;0;0;0;0;0;0;0;0;0;0;0;0;0;0;0;0;0;0;0;0;0;Regular Season;0;0;0;0;0;0;0;0;0;0
55049;2029;3;2;Sadion Arena;0;93;91;0;0;0;0;0;0;0;0;0;0;0;0;;;;0;0;0;0;0;0;0;0;0;0;0;0;0;0;0;0;0;0;0;0;0;0;0;0;Regular Season;0;0;0;0;0;0;0;0;0;0
55050;2029;3;2;Erie Insurance Arena;0;98;104;0;0;0;0;0;0;0;0;0;0;0;0;;;;0;0;0;0;0;0;0;0;0;0;0;0;0;0;0;0;0;0;0;0;0;0;0;0;Regular Season;0;0;0;0;0;0;0;0;0;0
55051;2029;3;2;Orleans Arena;0;85;92;0;0;0;0;0;0;0;0;0;0;0;0;;;;0;0;0;0;0;0;0;0;0;0;0;0;0;0;0;0;0;0;0;0;0;0;0;0;Regular Season;0;0;0;0;0;0;0;0;0;0
55052;2029;3;2;Tribute Communities Centre;0;90;87;0;0;0;0;0;0;0;0;0;0;0;0;;;;0;0;0;0;0;0;0;0;0;0;0;0;0;0;0;0;0;0;0;0;0;0;0;0;Regular Season;0;0;0;0;0;0;0;0;0;0
55053;2029;3;2;Sleeman Centre;0;99;88;0;0;0;0;0;0;0;0;0;0;0;0;;;;0;0;0;0;0;0;0;0;0;0;0;0;0;0;0;0;0;0;0;0;0;0;0;0;Regular Season;0;0;0;0;0;0;0;0;0;0
55054;2029;3;2;Compuware Arena;0;103;101;0;0;0;0;0;0;0;0;0;0;0;0;;;;0;0;0;0;0;0;0;0;0;0;0;0;0;0;0;0;0;0;0;0;0;0;0;0;Regular Season;0;0;0;0;0;0;0;0;0;0
55055;2029;3;2;Detroit Hettche Arena;0;100;96;0;0;0;0;0;0;0;0;0;0;0;0;;;;0;0;0;0;0;0;0;0;0;0;0;0;0;0;0;0;0;0;0;0;0;0;0;0;Regular Season;0;0;0;0;0;0;0;0;0;0
55056;2029;3;3;Spokane Arena;0;86;87;0;0;0;0;0;0;0;0;0;0;0;0;;;;0;0;0;0;0;0;0;0;0;0;0;0;0;0;0;0;0;0;0;0;0;0;0;0;Regular Season;0;0;0;0;0;0;0;0;0;0
55057;2029;3;3;CAA Centre;0;94;95;0;0;0;0;0;0;0;0;0;0;0;0;;;;0;0;0;0;0;0;0;0;0;0;0;0;0;0;0;0;0;0;0;0;0;0;0;0;Regular Season;0;0;0;0;0;0;0;0;0;0
55058;2029;3;3;CAA Arena;0;88;104;0;0;0;0;0;0;0;0;0;0;0;0;;;;0;0;0;0;0;0;0;0;0;0;0;0;0;0;0;0;0;0;0;0;0;0;0;0;Regular Season;0;0;0;0;0;0;0;0;0;0
55059;2029;3;3;J.D. McArthur Arena;0;102;96;0;0;0;0;0;0;0;0;0;0;0;0;;;;0;0;0;0;0;0;0;0;0;0;0;0;0;0;0;0;0;0;0;0;0;0;0;0;Regular Season;0;0;0;0;0;0;0;0;0;0
55060;2029;3;6;Erie Insurance Arena;0;98;90;0;0;0;0;0;0;0;0;0;0;0;0;;;;0;0;0;0;0;0;0;0;0;0;0;0;0;0;0;0;0;0;0;0;0;0;0;0;Regular Season;0;0;0;0;0;0;0;0;0;0
55061;2029;3;6;Sudbury Community Arena;0;97;95;0;0;0;0;0;0;0;0;0;0;0;0;;;;0;0;0;0;0;0;0;0;0;0;0;0;0;0;0;0;0;0;0;0;0;0;0;0;Regular Season;0;0;0;0;0;0;0;0;0;0
55062;2029;3;6;Peterborough Memorial Centre;0;92;93;0;0;0;0;0;0;0;0;0;0;0;0;;;;0;0;0;0;0;0;0;0;0;0;0;0;0;0;0;0;0;0;0;0;0;0;0;0;Regular Season;0;0;0;0;0;0;0;0;0;0
55063;2029;3;6;Toyota Center;0;87;88;0;0;0;0;0;0;0;0;0;0;0;0;;;;0;0;0;0;0;0;0;0;0;0;0;0;0;0;0;0;0;0;0;0;0;0;0;0;Regular Season;0;0;0;0;0;0;0;0;0;0
55064;2029;3;6;Sleeman Centre;0;99;104;0;0;0;0;0;0;0;0;0;0;0;0;;;;0;0;0;0;0;0;0;0;0;0;0;0;0;0;0;0;0;0;0;0;0;0;0;0;Regular Season;0;0;0;0;0;0;0;0;0;0
55065;2029;3;6;J.D. McArthur Arena;0;102;86;0;0;0;0;0;0;0;0;0;0;0;0;;;;0;0;0;0;0;0;0;0;0;0;0;0;0;0;0;0;0;0;0;0;0;0;0;0;Regular Season;0;0;0;0;0;0;0;0;0;0
55066;2029;3;6;McConnell Arena;0;91;101;0;0;0;0;0;0;0;0;0;0;0;0;;;;0;0;0;0;0;0;0;0;0;0;0;0;0;0;0;0;0;0;0;0;0;0;0;0;Regular Season;0;0;0;0;0;0;0;0;0;0
55067;2029;3;6;Detroit Hettche Arena;0;100;103;0;0;0;0;0;0;0;0;0;0;0;0;;;;0;0;0;0;0;0;0;0;0;0;0;0;0;0;0;0;0;0;0;0;0;0;0;0;Regular Season;0;0;0;0;0;0;0;0;0;0
55068;2029;3;7;CAA Centre;0;94;89;0;0;0;0;0;0;0;0;0;0;0;0;;;;0;0;0;0;0;0;0;0;0;0;0;0;0;0;0;0;0;0;0;0;0;0;0;0;Regular Season;0;0;0;0;0;0;0;0;0;0
55069;2029;3;8;Sadion Arena;0;93;99;0;0;0;0;0;0;0;0;0;0;0;0;;;;0;0;0;0;0;0;0;0;0;0;0;0;0;0;0;0;0;0;0;0;0;0;0;0;Regular Season;0;0;0;0;0;0;0;0;0;0
55070;2029;3;8;Dow Event Center;0;104;86;0;0;0;0;0;0;0;0;0;0;0;0;;;;0;0;0;0;0;0;0;0;0;0;0;0;0;0;0;0;0;0;0;0;0;0;0;0;Regular Season;0;0;0;0;0;0;0;0;0;0
55071;2029;3;8;Sudbury Community Arena;0;97;102;0;0;0;0;0;0;0;0;0;0;0;0;;;;0;0;0;0;0;0;0;0;0;0;0;0;0;0;0;0;0;0;0;0;0;0;0;0;Regular Season;0;0;0;0;0;0;0;0;0;0
55072;2029;3;8;Meridian Centre;0;96;103;0;0;0;0;0;0;0;0;0;0;0;0;;;;0;0;0;0;0;0;0;0;0;0;0;0;0;0;0;0;0;0;0;0;0;0;0;0;Regular Season;0;0;0;0;0;0;0;0;0;0
55073;2029;3;8;Paramount Fine Foods Centre;0;95;85;0;0;0;0;0;0;0;0;0;0;0;0;;;;0;0;0;0;0;0;0;0;0;0;0;0;0;0;0;0;0;0;0;0;0;0;0;0;Regular Season;0;0;0;0;0;0;0;0;0;0
55074;2029;3;8;Peterborough Memorial Centre;0;92;98;0;0;0;0;0;0;0;0;0;0;0;0;;;;0;0;0;0;0;0;0;0;0;0;0;0;0;0;0;0;0;0;0;0;0;0;0;0;Regular Season;0;0;0;0;0;0;0;0;0;0
55075;2029;3;8;CAA Arena;0;88;87;0;0;0;0;0;0;0;0;0;0;0;0;;;;0;0;0;0;0;0;0;0;0;0;0;0;0;0;0;0;0;0;0;0;0;0;0;0;Regular Season;0;0;0;0;0;0;0;0;0;0
55076;2029;3;8;Budweiser Gardens;0;101;100;0;0;0;0;0;0;0;0;0;0;0;0;;;;0;0;0;0;0;0;0;0;0;0;0;0;0;0;0;0;0;0;0;0;0;0;0;0;Regular Season;0;0;0;0;0;0;0;0;0;0
55077;2029;3;8;McConnell Arena;0;91;89;0;0;0;0;0;0;0;0;0;0;0;0;;;;0;0;0;0;0;0;0;0;0;0;0;0;0;0;0;0;0;0;0;0;0;0;0;0;Regular Season;0;0;0;0;0;0;0;0;0;0
55078;2029;3;9;Sadion Arena;0;93;90;0;0;0;0;0;0;0;0;0;0;0;0;;;;0;0;0;0;0;0;0;0;0;0;0;0;0;0;0;0;0;0;0;0;0;0;0;0;Regular Season;0;0;0;0;0;0;0;0;0;0
55079;2029;3;9;Erie Insurance Arena;0;98;97;0;0;0;0;0;0;0;0;0;0;0;0;;;;0;0;0;0;0;0;0;0;0;0;0;0;0;0;0;0;0;0;0;0;0;0;0;0;Regular Season;0;0;0;0;0;0;0;0;0;0
55080;2029;3;9;Dow Event Center;0;104;95;0;0;0;0;0;0;0;0;0;0;0;0;;;;0;0;0;0;0;0;0;0;0;0;0;0;0;0;0;0;0;0;0;0;0;0;0;0;Regular Season;0;0;0;0;0;0;0;0;0;0
55081;2029;3;9;Sleeman Centre;0;99;96;0;0;0;0;0;0;0;0;0;0;0;0;;;;0;0;0;0;0;0;0;0;0;0;0;0;0;0;0;0;0;0;0;0;0;0;0;0;Regular Season;0;0;0;0;0;0;0;0;0;0
55082;2029;3;9;Compuware Arena;0;103;86;0;0;0;0;0;0;0;0;0;0;0;0;;;;0;0;0;0;0;0;0;0;0;0;0;0;0;0;0;0;0;0;0;0;0;0;0;0;Regular Season;0;0;0;0;0;0;0;0;0;0
55083;2029;3;9;J.D. McArthur Arena;0;102;85;0;0;0;0;0;0;0;0;0;0;0;0;;;;0;0;0;0;0;0;0;0;0;0;0;0;0;0;0;0;0;0;0;0;0;0;0;0;Regular Season;0;0;0;0;0;0;0;0;0;0
55084;2029;3;9;Budweiser Gardens;0;101;100;0;0;0;0;0;0;0;0;0;0;0;0;;;;0;0;0;0;0;0;0;0;0;0;0;0;0;0;0;0;0;0;0;0;0;0;0;0;Regular Season;0;0;0;0;0;0;0;0;0;0
55085;2029;3;10;Meridian Centre;0;96;85;0;0;0;0;0;0;0;0;0;0;0;0;;;;0;0;0;0;0;0;0;0;0;0;0;0;0;0;0;0;0;0;0;0;0;0;0;0;Regular Season;0;0;0;0;0;0;0;0;0;0
55086;2029;3;10;Tribute Communities Centre;0;90;89;0;0;0;0;0;0;0;0;0;0;0;0;;;;0;0;0;0;0;0;0;0;0;0;0;0;0;0;0;0;0;0;0;0;0;0;0;0;Regular Season;0;0;0;0;0;0;0;0;0;0
55087;2029;3;10;CAA Centre;0;94;91;0;0;0;0;0;0;0;0;0;0;0;0;;;;0;0;0;0;0;0;0;0;0;0;0;0;0;0;0;0;0;0;0;0;0;0;0;0;Regular Season;0;0;0;0;0;0;0;0;0;0
55088;2029;3;10;CAA Arena;0;88;92;0;0;0;0;0;0;0;0;0;0;0;0;;;;0;0;0;0;0;0;0;0;0;0;0;0;0;0;0;0;0;0;0;0;0;0;0;0;Regular Season;0;0;0;0;0;0;0;0;0;0
55089;2029;3;12;Sleeman Centre;0;99;102;0;0;0;0;0;0;0;0;0;0;0;0;;;;0;0;0;0;0;0;0;0;0;0;0;0;0;0;0;0;0;0;0;0;0;0;0;0;Regular Season;0;0;0;0;0;0;0;0;0;0
55090;2029;3;13;Erie Insurance Arena;0;98;96;0;0;0;0;0;0;0;0;0;0;0;0;;;;0;0;0;0;0;0;0;0;0;0;0;0;0;0;0;0;0;0;0;0;0;0;0;0;Regular Season;0;0;0;0;0;0;0;0;0;0
55091;2029;3;13;Orleans Arena;0;85;88;0;0;0;0;0;0;0;0;0;0;0;0;;;;0;0;0;0;0;0;0;0;0;0;0;0;0;0;0;0;0;0;0;0;0;0;0;0;Regular Season;0;0;0;0;0;0;0;0;0;0
55092;2029;3;13;Detroit Hettche Arena;0;100;97;0;0;0;0;0;0;0;0;0;0;0;0;;;;0;0;0;0;0;0;0;0;0;0;0;0;0;0;0;0;0;0;0;0;0;0;0;0;Regular Season;0;0;0;0;0;0;0;0;0;0
55093;2029;3;14;Sadion Arena;0;93;91;0;0;0;0;0;0;0;0;0;0;0;0;;;;0;0;0;0;0;0;0;0;0;0;0;0;0;0;0;0;0;0;0;0;0;0;0;0;Regular Season;0;0;0;0;0;0;0;0;0;0
55094;2029;3;14;CAA Centre;0;94;86;0;0;0;0;0;0;0;0;0;0;0;0;;;;0;0;0;0;0;0;0;0;0;0;0;0;0;0;0;0;0;0;0;0;0;0;0;0;Regular Season;0;0;0;0;0;0;0;0;0;0
55095;2029;3;14;Leon's Centre;0;89;87;0;0;0;0;0;0;0;0;0;0;0;0;;;;0;0;0;0;0;0;0;0;0;0;0;0;0;0;0;0;0;0;0;0;0;0;0;0;Regular Season;0;0;0;0;0;0;0;0;0;0
55096;2029;3;15;Sudbury Community Arena;0;97;98;0;0;0;0;0;0;0;0;0;0;0;0;;;;0;0;0;0;0;0;0;0;0;0;0;0;0;0;0;0;0;0;0;0;0;0;0;0;Regular Season;0;0;0;0;0;0;0;0;0;0
55097;2029;3;15;Orleans Arena;0;85;93;0;0;0;0;0;0;0;0;0;0;0;0;;;;0;0;0;0;0;0;0;0;0;0;0;0;0;0;0;0;0;0;0;0;0;0;0;0;Regular Season;0;0;0;0;0;0;0;0;0;0
55098;2029;3;15;Meridian Centre;0;96;104;0;0;0;0;0;0;0;0;0;0;0;0;;;;0;0;0;0;0;0;0;0;0;0;0;0;0;0;0;0;0;0;0;0;0;0;0;0;Regular Season;0;0;0;0;0;0;0;0;0;0
55099;2029;3;15;Paramount Fine Foods Centre;0;95;100;0;0;0;0;0;0;0;0;0;0;0;0;;;;0;0;0;0;0;0;0;0;0;0;0;0;0;0;0;0;0;0;0;0;0;0;0;0;Regular Season;0;0;0;0;0;0;0;0;0;0
55100;2029;3;15;Peterborough Memorial Centre;0;92;88;0;0;0;0;0;0;0;0;0;0;0;0;;;;0;0;0;0;0;0;0;0;0;0;0;0;0;0;0;0;0;0;0;0;0;0;0;0;Regular Season;0;0;0;0;0;0;0;0;0;0
55101;2029;3;15;Toyota Center;0;87;89;0;0;0;0;0;0;0;0;0;0;0;0;;;;0;0;0;0;0;0;0;0;0;0;0;0;0;0;0;0;0;0;0;0;0;0;0;0;Regular Season;0;0;0;0;0;0;0;0;0;0
55102;2029;3;15;J.D. McArthur Arena;0;102;99;0;0;0;0;0;0;0;0;0;0;0;0;;;;0;0;0;0;0;0;0;0;0;0;0;0;0;0;0;0;0;0;0;0;0;0;0;0;Regular Season;0;0;0;0;0;0;0;0;0;0
55103;2029;3;15;Budweiser Gardens;0;101;103;0;0;0;0;0;0;0;0;0;0;0;0;;;;0;0;0;0;0;0;0;0;0;0;0;0;0;0;0;0;0;0;0;0;0;0;0;0;Regular Season;0;0;0;0;0;0;0;0;0;0
55104;2029;3;15;McConnell Arena;0;91;86;0;0;0;0;0;0;0;0;0;0;0;0;;;;0;0;0;0;0;0;0;0;0;0;0;0;0;0;0;0;0;0;0;0;0;0;0;0;Regular Season;0;0;0;0;0;0;0;0;0;0
55105;2029;3;16;Erie Insurance Arena;0;98;102;0;0;0;0;0;0;0;0;0;0;0;0;;;;0;0;0;0;0;0;0;0;0;0;0;0;0;0;0;0;0;0;0;0;0;0;0;0;Regular Season;0;0;0;0;0;0;0;0;0;0
55106;2029;3;16;Dow Event Center;0;104;99;0;0;0;0;0;0;0;0;0;0;0;0;;;;0;0;0;0;0;0;0;0;0;0;0;0;0;0;0;0;0;0;0;0;0;0;0;0;Regular Season;0;0;0;0;0;0;0;0;0;0
55107;2029;3;16;Peterborough Memorial Centre;0;92;89;0;0;0;0;0;0;0;0;0;0;0;0;;;;0;0;0;0;0;0;0;0;0;0;0;0;0;0;0;0;0;0;0;0;0;0;0;0;Regular Season;0;0;0;0;0;0;0;0;0;0
55108;2029;3;16;Tribute Communities Centre;0;90;94;0;0;0;0;0;0;0;0;0;0;0;0;;;;0;0;0;0;0;0;0;0;0;0;0;0;0;0;0;0;0;0;0;0;0;0;0;0;Regular Season;0;0;0;0;0;0;0;0;0;0
55109;2029;3;16;Toyota Center;0;87;93;0;0;0;0;0;0;0;0;0;0;0;0;;;;0;0;0;0;0;0;0;0;0;0;0;0;0;0;0;0;0;0;0;0;0;0;0;0;Regular Season;0;0;0;0;0;0;0;0;0;0
55110;2029;3;16;Compuware Arena;0;103;97;0;0;0;0;0;0;0;0;0;0;0;0;;;;0;0;0;0;0;0;0;0;0;0;0;0;0;0;0;0;0;0;0;0;0;0;0;0;Regular Season;0;0;0;0;0;0;0;0;0;0
55111;2029;3;16;Detroit Hettche Arena;0;100;95;0;0;0;0;0;0;0;0;0;0;0;0;;;;0;0;0;0;0;0;0;0;0;0;0;0;0;0;0;0;0;0;0;0;0;0;0;0;Regular Season;0;0;0;0;0;0;0;0;0;0
55112;2029;3;17;Paramount Fine Foods Centre;0;95;96;0;0;0;0;0;0;0;0;0;0;0;0;;;;0;0;0;0;0;0;0;0;0;0;0;0;0;0;0;0;0;0;0;0;0;0;0;0;Regular Season;0;0;0;0;0;0;0;0;0;0
55113;2029;3;17;Tribute Communities Centre;0;90;102;0;0;0;0;0;0;0;0;0;0;0;0;;;;0;0;0;0;0;0;0;0;0;0;0;0;0;0;0;0;0;0;0;0;0;0;0;0;Regular Season;0;0;0;0;0;0;0;0;0;0
55114;2029;3;17;CAA Centre;0;94;92;0;0;0;0;0;0;0;0;0;0;0;0;;;;0;0;0;0;0;0;0;0;0;0;0;0;0;0;0;0;0;0;0;0;0;0;0;0;Regular Season;0;0;0;0;0;0;0;0;0;0
55115;2029;3;17;CAA Arena;0;88;85;0;0;0;0;0;0;0;0;0;0;0;0;;;;0;0;0;0;0;0;0;0;0;0;0;0;0;0;0;0;0;0;0;0;0;0;0;0;Regular Season;0;0;0;0;0;0;0;0;0;0
55116;2029;3;17;Compuware Arena;0;103;99;0;0;0;0;0;0;0;0;0;0;0;0;;;;0;0;0;0;0;0;0;0;0;0;0;0;0;0;0;0;0;0;0;0;0;0;0;0;Regular Season;0;0;0;0;0;0;0;0;0;0
55117;2029;3;17;Budweiser Gardens;0;101;91;0;0;0;0;0;0;0;0;0;0;0;0;;;;0;0;0;0;0;0;0;0;0;0;0;0;0;0;0;0;0;0;0;0;0;0;0;0;Regular Season;0;0;0;0;0;0;0;0;0;0
55119;2028;9;6;Tribute Communities Centre;2158;90;102;3;4;2;1;0;0;0;2;1;0;1;0;7196;6666;9386;56;79;20;18;22;9;3;8;9;10;24;38;11;8;10;0;13;18;7;1;1;4;1;5;Pre-Season;8;26;12;5;5;8;35;14;19;3
55121;2028;9;6;CAA Centre;2207;94;86;2;4;0;0;2;0;0;1;1;2;0;0;9382;7671;6705;50;70;28;22;21;17;15;12;8;7;35;32;10;5;6;0;19;14;16;0;1;1;2;4;Pre-Season;10;26;9;4;1;5;37;15;11;2
55123;2028;9;6;Leon's Centre;2111;89;91;7;2;4;3;0;0;0;0;1;1;0;0;7105;7718;9340;63;50;41;31;14;22;4;12;5;3;32;37;12;8;12;0;10;11;6;0;1;8;2;8;Pre-Season;12;23;10;11;7;5;26;10;6;3
55125;2028;9;6;Sadion Arena;2458;93;103;3;5;1;2;0;0;0;1;1;3;0;0;7208;6587;7085;56;73;18;22;30;14;5;6;2;3;32;46;4;3;22;0;22;16;11;0;1;6;0;4;Pre-Season;7;24;13;11;1;5;42;17;6;3
55127;2028;9;6;Detroit Hettche Arena;2161;100;101;3;5;0;1;2;0;0;2;0;3;0;0;6679;9334;7167;60;72;24;26;14;17;7;7;6;7;36;43;10;11;9;0;13;9;14;0;2;8;1;7;Pre-Season;8;27;11;8;6;12;35;16;7;2
55129;2028;9;6;Paramount Fine Foods Centre;2292;95;104;2;3;1;0;1;0;0;1;1;1;0;0;9427;7099;9943;79;49;24;28;24;12;10;6;7;9;31;31;14;14;12;0;5;11;8;0;0;4;1;2;Pre-Season;10;36;18;15;0;9;21;6;9;4
55131;2028;9;6;Meridian Centre;1970;96;88;1;7;0;0;1;0;0;3;2;2;0;0;6621;7186;7079;38;68;35;21;27;13;7;7;9;7;19;44;2;7;4;0;14;14;18;0;1;3;2;5;Pre-Season;12;12;11;1;2;10;36;12;6;4
55133;2028;9;6;Toyota Center;2729;87;99;3;1;1;2;0;0;0;0;1;0;0;0;9308;6657;6629;67;42;33;37;14;15;8;2;4;15;49;29;16;11;6;0;8;9;3;0;2;6;1;4;Pre-Season;10;33;15;8;1;6;21;8;7;0
55135;2028;9;6;Peterborough Memorial Centre;2021;92;98;3;6;2;1;0;0;0;2;3;1;0;0;7663;8846;7679;73;77;20;20;16;13;6;6;4;6;30;54;16;16;7;0;13;19;14;0;2;5;1;5;Pre-Season;11;28;17;15;2;13;33;16;12;3
55137;2028;9;6;Sudbury Community Arena;1946;97;85;1;2;0;0;1;0;0;0;1;0;0;1;7153;8192;6703;54;36;32;46;9;23;6;3;13;3;42;23;12;4;13;0;7;8;5;1;0;8;0;6;Pre-Season;10;25;10;8;4;9;17;5;6;2
55139;2028;9;7;Dow Event Center;3046;104;98;7;3;3;2;2;0;0;1;1;1;0;0;6690;5975;7174;64;48;38;40;13;12;5;10;5;5;45;39;12;9;13;0;7;6;10;0;3;10;0;9;Pre-Season;5;29;18;9;3;11;16;10;10;1
55141;2028;9;7;Budweiser Gardens;4082;101;95;3;2;0;1;2;0;0;0;1;1;0;0;6679;7209;6681;59;50;24;26;7;19;7;8;3;9;29;28;9;7;16;0;10;8;8;0;0;3;1;2;Pre-Season;9;25;13;10;2;11;17;14;6;2
55143;2028;9;7;Tribute Communities Centre;2062;90;89;8;4;3;2;3;0;0;1;2;1;0;0;6641;7106;9385;81;68;26;32;14;24;7;6;4;5;42;40;14;13;15;0;9;14;8;0;3;6;2;3;Pre-Season;5;42;14;15;5;19;23;16;7;3
55145;2028;9;7;Sleeman Centre;1837;99;100;6;5;3;2;0;0;1;1;2;2;0;0;6702;7123;7766;73;67;22;18;21;15;5;9;1;7;32;33;12;11;11;0;10;6;18;3;2;4;1;6;Pre-Season;20;26;10;13;7;12;25;18;11;3
55147;2028;9;7;Spokane Arena;4410;86;96;4;3;0;1;2;0;1;2;1;0;0;0;9337;7739;6705;87;74;18;30;17;11;5;11;6;8;26;45;13;20;22;2;16;8;9;2;0;5;2;4;Pre-Season;13;43;18;12;5;20;27;12;17;2
55149;2028;9;7;CAA Arena;1954;88;103;6;1;2;1;3;0;0;1;0;0;0;0;6621;9944;6709;49;61;29;25;14;14;6;5;5;1;29;29;11;5;11;0;14;14;9;0;0;0;0;2;Pre-Season;12;18;7;8;4;4;33;14;6;4
55151;2028;9;7;J.D. McArthur Arena;1249;102;93;4;2;1;3;0;0;0;0;1;1;0;0;7712;6587;9395;70;55;11;15;16;10;3;8;4;8;36;35;12;12;18;0;9;5;6;0;0;5;0;3;Pre-Season;5;37;14;12;2;16;21;9;8;1
55153;2028;9;7;Orleans Arena;3824;85;94;5;4;2;1;2;0;0;2;2;0;0;0;7742;7774;6703;51;60;30;28;24;19;11;13;9;8;27;32;13;9;5;0;10;10;11;0;1;4;0;5;Pre-Season;10;22;11;6;2;8;18;20;12;2
55155;2028;9;7;McConnell Arena;398;91;87;4;5;2;0;2;0;0;1;4;0;0;0;7169;7077;9308;53;53;25;23;27;19;7;7;7;14;25;46;9;4;12;0;9;21;6;0;1;4;2;5;Pre-Season;10;18;14;9;2;6;23;12;10;2
55157;2028;9;7;Peterborough Memorial Centre;1966;92;97;3;10;2;0;1;0;0;1;5;4;0;0;9306;7088;8229;63;73;31;19;15;18;6;3;1;1;33;35;11;10;8;0;12;16;14;0;1;2;2;3;Pre-Season;12;19;16;14;2;4;32;19;16;2
55159;2028;9;9;Sudbury Community Arena;2113;97;102;4;5;3;0;1;0;0;1;2;2;0;0;7719;8207;7196;58;70;15;23;19;15;6;3;2;6;31;31;12;4;6;0;9;17;21;0;1;4;1;5;Pre-Season;12;25;12;6;3;7;31;16;15;1
55161;2028;9;9;Sadion Arena;2524;93;92;3;4;2;0;1;0;0;2;1;0;0;1;7702;7165;9316;90;55;45;42;19;14;6;7;8;3;54;35;15;11;22;6;8;12;2;0;1;6;0;6;Pre-Season;14;45;21;14;3;20;21;13;6;2
55163;2028;9;9;Paramount Fine Foods Centre;2653;95;103;5;2;0;4;1;0;0;1;1;0;0;0;7209;7099;7138;59;66;42;32;20;19;9;6;6;4;36;43;4;21;5;0;12;9;11;0;3;6;0;6;Pre-Season;12;23;19;2;3;12;30;10;9;5
55165;2028;9;9;Erie Insurance Arena;3597;98;104;1;8;0;0;1;0;0;1;3;4;0;0;6572;7174;9346;63;72;13;13;16;13;7;3;5;8;30;44;12;6;6;0;16;13;14;0;0;4;1;4;Pre-Season;10;26;17;8;2;5;28;14;18;7
55167;2028;9;9;Meridian Centre;2267;96;87;7;0;1;2;4;0;0;0;0;0;0;0;9373;6659;7739;70;50;22;26;18;11;5;6;3;7;32;31;12;19;15;0;5;9;5;0;1;3;0;1;Pre-Season;6;29;18;14;3;11;17;13;7;2
55169;2028;9;9;Sleeman Centre;1916;99;90;3;4;0;2;1;0;0;0;2;1;0;1;6666;9439;7223;55;60;45;45;20;13;5;5;13;7;32;37;8;15;9;0;9;11;7;1;1;10;2;10;Pre-Season;9;25;12;8;5;11;30;12;7;4
55171;2028;9;9;Detroit Hettche Arena;1954;100;88;2;5;1;0;1;0;0;3;1;1;0;0;6709;7158;9435;56;62;31;31;12;18;10;3;12;7;31;38;2;11;10;0;15;13;13;0;0;3;1;3;Pre-Season;13;27;9;5;2;5;21;20;13;3
55173;2028;9;9;Orleans Arena;3871;85;91;3;2;1;1;1;0;0;1;0;1;0;0;7213;8744;7742;61;53;29;27;20;8;7;4;7;8;35;32;14;12;10;0;9;8;11;0;1;6;0;7;Pre-Season;4;26;12;17;2;6;21;21;3;2
55175;2028;9;9;Leon's Centre;2025;89;86;1;3;1;0;0;0;0;1;1;1;0;0;7647;7105;6705;43;67;26;22;21;10;5;4;7;5;29;25;4;8;4;0;13;11;15;0;0;1;1;3;Pre-Season;16;10;12;5;0;9;29;11;17;1
55177;2028;9;9;CAA Centre;2121;94;101;7;4;2;2;3;0;0;0;2;2;0;0;7135;7212;6595;67;65;39;25;12;12;9;4;2;5;28;53;14;9;7;0;9;19;9;0;3;5;3;7;Pre-Season;11;24;16;14;2;9;25;17;13;1
55179;2028;9;10;Peterborough Memorial Centre;2133;92;98;3;2;2;1;0;0;0;0;1;1;0;0;7643;6724;9379;69;63;40;30;11;14;8;2;5;4;32;36;18;10;9;0;14;8;17;0;1;5;1;5;Pre-Season;10;38;13;6;2;10;24;17;9;3
55181;2028;9;10;J.D. McArthur Arena;1273;102;94;6;5;3;2;0;0;1;1;3;1;0;0;7670;6639;7641;66;53;17;23;18;18;2;2;6;4;30;36;16;17;14;3;3;10;8;0;0;4;1;1;Pre-Season;7;39;13;9;2;14;24;10;8;1
55183;2028;9;10;McConnell Arena;360;91;97;4;3;1;1;2;0;0;0;2;1;0;0;7204;7714;8744;64;43;26;28;13;11;4;2;6;8;26;42;10;18;8;0;0;6;7;0;0;4;0;3;Pre-Season;4;35;10;13;2;17;10;12;3;1
55185;2028;9;10;Spokane Arena;4553;86;93;8;5;2;1;5;0;0;1;3;1;0;0;6607;9382;7701;89;54;17;11;13;13;8;10;7;4;30;44;13;16;18;0;11;8;7;0;1;3;2;6;Pre-Season;10;37;20;16;6;10;23;10;11;0
55187;2028;9;10;Orleans Arena;4291;85;99;3;2;1;0;2;0;0;1;0;1;0;0;8315;6591;7161;42;55;30;30;17;15;8;7;5;4;22;42;5;5;13;0;13;8;11;0;1;5;1;5;Pre-Season;7;16;11;5;3;6;23;11;14;1
55189;2028;9;10;Dow Event Center;2861;104;100;2;3;0;1;1;0;0;1;1;1;0;0;6716;7727;7708;57;41;13;13;21;16;8;7;7;6;40;29;7;9;15;0;7;8;6;0;1;4;1;4;Pre-Season;7;32;8;8;2;11;19;4;6;1
55191;2028;9;10;Toyota Center;2633;87;95;1;7;1;0;0;0;0;1;1;5;0;0;7099;6582;7691;55;64;33;25;14;16;5;7;5;3;27;45;12;10;3;0;10;4;17;0;1;5;1;4;Pre-Season;10;25;10;9;1;7;31;13;10;3
55193;2028;9;10;Tribute Communities Centre;2400;90;89;3;5;2;0;1;0;0;1;1;3;0;0;7105;8217;6728;56;62;47;42;8;21;5;8;9;5;35;37;6;9;10;0;2;9;14;0;1;6;2;7;Pre-Season;5;23;17;9;2;10;29;11;12;0
55195;2028;9;10;Budweiser Gardens;3839;101;88;2;6;0;2;0;0;0;3;1;2;0;0;7185;7183;9435;39;94;20;32;8;19;9;7;9;13;29;43;4;4;7;0;21;19;23;0;1;6;1;5;Pre-Season;12;13;6;6;2;7;44;20;16;7
55197;2028;9;10;Compuware Arena;1924;103;96;8;2;6;1;1;0;0;2;0;0;0;0;7195;6631;7191;63;51;20;21;14;14;3;4;5;6;38;32;15;11;7;0;3;3;11;0;4;4;0;5;Pre-Season;6;30;10;14;3;14;14;12;10;1
55199;2028;9;12;Meridian Centre;2048;96;86;4;8;0;2;2;0;0;2;4;2;0;0;7647;7701;7656;52;75;29;31;23;18;5;5;10;11;43;35;5;15;9;0;16;13;18;0;2;8;3;7;Pre-Season;12;20;11;7;2;10;27;12;19;7
55201;2028;9;12;Sudbury Community Arena;2068;97;92;4;2;1;2;1;0;0;1;0;1;0;0;9306;9316;7182;74;43;13;11;17;12;6;3;5;7;36;21;20;20;16;0;9;2;2;0;0;3;0;4;Pre-Season;3;37;12;15;7;12;16;8;4;3
55203;2028;9;12;Compuware Arena;1947;103;85;4;1;1;1;2;0;0;1;0;0;0;0;7208;7191;6631;48;52;14;18;20;18;8;6;5;6;32;32;10;10;12;0;9;10;4;0;1;4;0;2;Pre-Season;8;16;9;11;4;15;12;14;5;6
55205;2028;9;12;Sadion Arena;2218;93;91;2;7;1;1;0;0;0;3;1;3;0;0;7082;8744;6677;43;84;26;20;17;15;6;3;8;2;40;33;7;6;6;0;12;19;20;0;0;0;1;3;Pre-Season;10;18;9;6;0;7;31;26;15;5
55207;2028;9;12;Detroit Hettche Arena;1935;100;90;8;3;2;4;2;0;0;1;0;2;0;0;6716;9334;6654;64;67;23;29;20;10;3;4;6;6;36;29;9;16;14;0;15;5;11;0;3;7;1;4;Pre-Season;9;28;10;13;4;14;25;15;11;2
55209;2028;9;12;Sleeman Centre;1681;99;95;4;2;1;2;1;0;0;0;1;1;0;0;6702;7099;7078;52;75;25;23;15;9;8;4;3;3;29;29;6;5;4;0;12;18;16;0;1;4;1;5;Pre-Season;11;15;13;10;3;7;38;18;11;1
55211;2028;9;12;CAA Arena;1900;88;102;2;4;1;0;1;0;0;0;2;2;0;0;7093;6621;7193;61;59;40;26;20;14;2;4;5;4;29;37;14;15;4;0;15;7;13;0;0;3;1;5;Pre-Season;8;29;14;5;5;6;23;16;12;2
55213;2028;9;12;CAA Centre;2014;94;98;2;3;2;0;0;0;0;2;0;1;0;0;7151;8321;8776;55;60;22;26;19;9;5;7;4;6;30;27;10;7;3;0;10;4;17;0;1;3;0;1;Pre-Season;14;25;11;4;1;6;35;10;5;4
55215;2028;9;12;Budweiser Gardens;3844;101;87;2;3;1;1;0;0;0;1;0;2;0;0;7086;8190;9308;51;69;30;16;10;20;6;8;6;4;27;33;6;7;5;0;13;15;17;0;0;3;1;5;Pre-Season;11;27;8;4;1;4;35;18;9;3
55217;2028;9;12;Leon's Centre;2276;89;104;3;6;1;1;1;0;0;1;2;3;0;0;5975;9427;7084;42;81;33;19;18;9;8;9;6;2;28;41;5;6;2;0;9;23;23;0;0;2;4;9;Pre-Season;13;13;10;5;1;2;41;16;17;5
55219;2028;9;14;Peterborough Memorial Centre;2002;92;94;2;8;1;0;1;0;0;2;2;4;0;0;7671;8227;7725;38;79;15;13;24;15;6;1;3;4;25;38;7;5;1;0;13;18;23;0;1;4;1;5;Pre-Season;11;14;9;4;0;2;39;21;14;3
55221;2028;9;14;Erie Insurance Arena;2875;98;100;5;3;3;1;1;0;0;0;1;2;0;0;7151;7076;6724;71;79;41;31;15;12;2;6;5;3;36;40;16;8;11;0;13;18;19;0;1;3;1;8;Pre-Season;9;36;14;7;5;6;33;15;22;3
55223;2028;9;14;Paramount Fine Foods Centre;2301;95;88;6;2;1;1;4;0;0;1;1;0;0;0;7099;7768;6582;70;42;18;20;21;11;3;9;5;6;33;34;12;7;18;0;7;10;5;0;2;5;0;4;Pre-Season;7;28;12;19;4;6;20;4;11;1
55225;2028;9;14;Spokane Arena;4582;86;97;3;1;2;0;1;0;0;0;0;1;0;0;7656;7088;6607;57;47;21;27;10;14;6;5;10;7;33;45;13;7;10;0;1;3;5;0;3;6;1;3;Pre-Season;2;28;15;11;1;15;20;10;1;1
55227;2028;9;14;Orleans Arena;4214;85;99;4;3;1;1;1;0;1;3;0;0;0;0;6703;6702;7644;62;61;21;27;18;6;6;6;9;5;39;40;8;12;12;0;9;5;8;10;1;6;1;3;Pre-Season;16;30;9;10;1;15;19;11;15;5
55229;2028;9;14;Tribute Communities Centre;2460;90;104;6;5;2;1;2;0;1;3;2;0;0;0;6641;9346;9345;64;63;23;35;22;13;5;5;8;8;39;41;9;11;9;0;10;20;10;4;2;5;1;4;Pre-Season;13;22;22;9;1;6;26;16;9;8
55231;2028;9;14;Compuware Arena;1944;103;93;6;3;0;2;4;0;0;0;1;2;0;0;7085;6608;7187;82;49;25;25;14;18;5;4;2;2;38;35;12;20;17;0;6;10;2;0;1;5;1;5;Pre-Season;11;36;17;13;5;6;19;18;3;3
55233;2028;9;14;Toyota Center;2738;87;102;0;2;0;0;0;0;0;0;1;1;0;0;8153;6629;8696;42;53;12;15;10;18;4;3;6;0;22;19;8;3;9;0;3;12;14;0;0;1;0;1;Pre-Season;7;22;9;2;2;9;22;16;6;0
55235;2028;9;14;McConnell Arena;386;91;96;7;2;3;1;3;0;0;0;0;2;0;0;6677;8744;7077;52;50;33;35;14;12;6;7;8;4;39;38;8;7;12;0;5;11;8;0;1;5;1;4;Pre-Season;2;30;8;12;0;7;25;12;6;0
55237;2028;9;14;Leon's Centre;1988;89;101;7;4;2;2;3;0;0;2;0;2;0;0;6728;9383;7660;60;49;8;9;14;9;7;14;8;2;29;36;8;12;9;0;8;7;9;0;2;3;1;4;Pre-Season;7;25;19;8;1;11;26;6;3;3
55239;2028;9;15;Sudbury Community Arena;2089;97;104;2;5;0;1;1;0;0;2;2;1;0;0;7184;6572;9346;47;75;28;16;24;15;1;4;4;14;31;30;2;1;4;0;17;22;12;0;1;3;2;4;Pre-Season;18;15;12;1;1;4;35;16;15;5
55241;2028;9;15;CAA Arena;1850;88;101;6;1;3;0;3;0;0;1;0;0;0;0;7183;7185;7186;68;41;35;35;25;21;3;3;4;7;38;40;18;17;16;0;1;3;4;0;0;5;1;5;Pre-Season;2;33;15;10;8;16;13;8;4;0
55243;2028;9;15;McConnell Arena;391;91;86;6;3;4;0;2;0;0;0;1;2;0;0;7204;8303;7082;64;55;33;37;17;16;3;2;4;5;36;39;14;7;12;0;7;5;11;0;1;6;0;4;Pre-Season;7;33;15;6;3;13;23;7;9;3
55245;2028;9;15;Meridian Centre;2223;96;100;4;3;2;1;1;0;0;0;1;2;0;0;7704;6716;9377;57;62;23;24;17;17;9;15;8;7;28;42;10;11;14;0;11;13;12;0;2;3;1;4;Pre-Season;3;21;15;13;5;9;31;13;9;0
55247;2028;9;15;Sadion Arena;2238;93;90;6;4;3;1;2;0;0;2;1;1;0;0;7165;7744;6587;56;61;11;11;17;8;3;7;6;2;41;30;14;5;7;0;12;10;11;0;3;3;0;3;Pre-Season;8;17;17;10;4;4;35;9;9;4
55249;2028;9;15;Sleeman Centre;1961;99;94;2;4;1;1;0;0;0;1;2;1;0;0;6639;7101;7774;60;50;57;43;27;12;7;8;6;4;31;36;11;14;12;0;13;6;7;0;1;9;2;11;Pre-Season;9;23;12;11;5;8;29;9;3;1
55251;2028;9;15;Leon's Centre;2132;89;98;4;1;0;1;3;0;0;0;0;1;0;0;6728;9226;7105;46;80;56;52;18;16;3;10;4;5;21;41;2;6;9;0;15;18;11;0;2;6;1;8;Pre-Season;10;21;8;6;1;6;33;27;11;3
55253;2028;9;15;Compuware Arena;2067;103;85;7;1;2;5;0;0;0;0;1;0;0;0;7208;7191;7187;74;54;36;28;9;23;5;3;4;8;50;28;14;21;18;0;11;4;8;0;1;4;0;3;Pre-Season;3;36;19;10;6;15;24;6;7;2
55255;2028;9;15;Toyota Center;2743;87;95;4;3;1;1;2;0;0;2;0;1;0;0;9368;7099;6600;53;63;23;21;6;21;6;9;6;7;32;31;8;12;14;0;10;10;11;0;1;3;0;4;Pre-Season;8;23;11;7;4;11;30;13;8;1
55257;2028;9;15;J.D. McArthur Arena;1349;102;92;11;0;2;3;6;0;0;0;0;0;0;0;7670;9417;7134;98;36;22;26;13;13;4;3;4;1;44;26;16;18;27;0;3;2;2;0;3;8;0;6;Pre-Season;1;44;29;18;6;18;8;9;1;0
55271;2028;10;4;Mosaic Place;2185;67;78;4;3;0;0;3;1;0;0;2;1;0;0;7354;9455;9399;48;62;39;60;20;13;7;13;1;7;26;41;2;2;10;1;15;22;3;0;4;11;1;12;Regular Season;13;14;11;6;4;3;32;9;11;7
55272;2028;10;4;ENMAX Centre;3038;75;66;4;2;2;1;1;0;0;2;0;0;0;0;7241;7261;9060;58;67;28;14;10;8;5;3;3;3;30;26;9;7;10;0;15;11;14;0;0;2;1;4;Regular Season;14;25;7;10;2;7;22;14;16;8
55262;2028;10;4;Canalta Centre;2794;76;69;9;1;3;3;3;0;0;0;0;1;0;0;7291;7400;7842;87;45;11;15;22;14;1;4;1;7;35;21;21;20;22;0;3;5;5;0;2;5;1;3;Regular Season;5;45;14;20;3;11;19;12;2;1
55365;2028;10;4;Dalhousie Memorial Arena;878;71;83;5;6;2;0;3;0;0;2;1;2;1;0;7311;9453;9437;54;66;34;18;17;16;7;4;1;4;34;36;10;16;9;0;16;11;16;4;2;4;3;7;Regular Season;7;26;9;11;1;6;28;16;11;5
55488;2028;10;4;Market Square Arena;7858;73;70;5;7;1;3;1;0;0;2;5;0;0;0;6766;8179;7926;57;56;11;13;15;17;7;11;3;6;35;36;17;7;4;0;4;17;8;0;2;4;1;3;Regular Season;8;30;9;5;5;9;23;15;7;2
55355;2028;10;4;Western Financial Place;1932;74;84;8;2;2;2;4;0;0;0;0;2;0;0;6840;9364;7956;85;58;8;8;46;12;6;2;4;6;41;24;14;10;21;0;4;15;5;0;2;4;0;4;Regular Season;11;25;26;18;5;9;26;13;8;2
55352;2028;10;4;Placeholder 50 Arena;566;64;81;1;2;0;0;1;0;0;1;1;0;0;0;7353;7581;6751;57;48;21;19;15;10;5;2;5;4;23;36;11;6;10;0;8;13;5;0;0;2;0;3;Regular Season;10;28;10;6;3;10;22;9;4;3
55269;2028;10;5;Placeholder 48 Arena;460;65;79;2;3;1;0;1;0;0;1;1;1;0;0;7314;9429;7272;48;84;23;21;10;13;7;4;9;3;32;26;7;5;6;0;9;16;21;0;1;3;0;4;Regular Season;17;16;6;6;3;5;37;20;17;5
55383;2028;10;5;Western Financial Place;1840;74;67;4;2;1;2;1;0;0;1;1;0;0;0;6840;8732;7956;51;42;13;9;17;12;11;2;4;3;29;32;10;14;8;0;10;3;7;0;1;2;0;4;Regular Season;7;24;9;8;3;7;13;7;9;6
55301;2028;10;5;Toyota Arena;5954;69;63;4;1;1;2;1;0;0;0;0;1;0;0;8445;6939;6849;44;76;16;12;14;14;4;2;5;6;21;34;10;6;2;0;10;17;18;0;0;1;0;3;Regular Season;8;20;10;4;2;5;44;12;11;4
55277;2028;10;5;Art Hauser Centre;1780;68;70;3;2;1;2;0;0;0;2;0;0;0;0;7273;7323;8740;64;61;18;14;16;14;3;6;3;6;30;34;14;11;10;0;15;13;5;0;2;2;0;4;Regular Season;7;30;13;10;4;8;28;14;8;3
55258;2028;10;5;Save-On-Foods Memorial Centre;4733;82;83;8;4;0;5;3;0;0;2;0;2;0;0;8522;7408;6861;69;68;38;44;20;14;5;1;1;9;40;24;8;20;14;0;14;12;15;0;4;7;2;4;Regular Season;5;33;17;10;4;10;30;19;6;3
55259;2028;10;5;ENMAX Centrium;2938;77;72;4;5;2;1;1;0;0;1;0;4;0;0;6771;6739;7913;59;67;22;20;17;16;2;5;5;3;35;39;5;12;9;0;10;10;19;0;0;5;1;6;Regular Season;15;21;14;5;4;6;32;14;12;3
55260;2028;10;5;ENMAX Centre;2983;75;80;4;3;1;0;2;1;0;1;0;2;0;0;6794;9396;7379;64;88;12;10;12;21;3;4;5;5;30;26;7;3;10;1;11;16;17;1;0;0;0;1;Regular Season;17;26;15;4;2;7;47;23;8;3
55283;2028;10;6;Westoba Place;3529;66;68;5;7;1;1;3;0;0;3;3;1;0;0;7954;7304;9394;81;92;35;35;18;6;9;7;2;8;40;41;13;18;17;0;16;17;4;0;3;5;1;5;Regular Season;11;37;16;13;4;16;34;21;18;3
55287;2028;10;6;CN Centre;3475;80;76;3;4;0;2;1;0;0;0;1;3;0;0;6848;7320;7400;63;77;40;14;16;18;3;6;5;5;38;34;7;15;11;0;9;8;13;0;0;2;2;5;Regular Season;10;23;13;15;2;17;31;15;9;5
55261;2028;10;6;Save-On-Foods Memorial Centre;4957;82;84;8;3;1;3;4;0;0;0;2;1;0;0;6827;7408;7944;72;62;16;14;19;16;4;12;2;3;46;33;15;13;16;0;20;5;7;0;1;2;1;3;Regular Season;5;40;11;12;4;12;29;10;7;4
55294;2028;10;6;Frank Crane Arena;1984;78;71;4;5;2;2;0;0;0;0;1;3;0;1;7303;9422;7364;80;62;31;33;27;10;3;6;2;3;41;34;14;12;16;0;6;10;15;4;2;4;1;3;Regular Season;11;34;23;9;6;12;27;13;6;6
55264;2028;10;6;Prospera Place;3461;79;77;2;3;2;0;0;0;0;1;0;1;0;1;6739;8365;8133;87;56;21;33;29;5;4;3;4;6;34;28;30;16;16;3;6;2;3;5;0;4;2;3;Regular Season;6;46;17;15;7;20;19;13;8;0
55270;2028;10;6;Placeholder 48 Arena;494;65;81;5;3;3;2;0;0;0;1;1;1;0;0;8698;8741;8715;57;61;12;14;18;10;2;1;4;2;38;28;14;15;7;0;8;11;10;0;0;2;0;1;Regular Season;3;31;13;8;2;12;24;18;3;4
55263;2028;10;7;MODA Center;7789;84;71;4;7;1;1;2;0;0;2;1;4;0;0;6202;9409;7396;56;47;11;13;17;17;4;7;6;5;37;29;14;9;6;0;8;8;11;0;0;4;2;3;Regular Season;11;21;9;12;3;8;17;6;12;4
55290;2028;10;7;Von Braun Center;3635;72;70;6;4;1;2;3;0;0;2;2;0;0;0;6750;9421;7275;57;44;29;35;21;9;4;5;6;5;32;38;15;9;10;0;11;12;5;0;3;5;1;7;Regular Season;7;23;13;7;7;9;15;12;7;1
55374;2028;10;7;Market Square Arena;8626;73;78;3;1;0;3;0;0;0;0;1;0;0;0;8179;7315;9350;50;69;15;27;22;16;10;3;10;10;41;31;4;11;4;0;17;7;15;0;1;6;0;5;Regular Season;11;18;11;9;1;16;31;11;9;2
55273;2028;10;7;Angel of the Winds Arena;5085;83;75;5;3;1;0;4;0;0;0;1;2;0;0;7311;6794;9437;76;62;23;37;18;20;6;7;4;2;51;30;18;11;22;0;3;6;13;0;1;6;1;4;Regular Season;2;49;17;7;1;24;20;10;4;4
55278;2028;10;7;Placeholder 49 Arena;631;63;64;8;6;2;4;2;0;0;2;2;2;0;0;6795;7332;8743;85;60;27;23;15;16;2;3;5;4;42;35;13;17;18;0;4;14;7;0;2;4;1;6;Regular Season;13;40;14;15;3;11;20;17;9;3
55382;2028;10;7;Western Financial Place;2017;74;69;5;6;1;0;4;0;0;2;2;2;0;0;6849;7399;7793;81;50;32;24;15;13;5;5;4;3;38;30;14;17;18;0;5;9;9;0;2;7;3;6;Regular Season;6;41;9;18;7;12;18;7;9;4
55276;2028;10;8;ENMAX Centrium;0;77;80;0;0;0;0;0;0;0;0;0;0;0;0;;;;0;0;0;0;0;0;0;0;0;0;0;0;0;0;0;0;0;0;0;0;0;0;0;0;Regular Season;0;0;0;0;0;0;0;0;0;0
55303;2028;10;8;Von Braun Center;0;72;73;0;0;0;0;0;0;0;0;0;0;0;0;;;;0;0;0;0;0;0;0;0;0;0;0;0;0;0;0;0;0;0;0;0;0;0;0;0;Regular Season;0;0;0;0;0;0;0;0;0;0
55295;2028;10;8;Prospera Place;0;79;76;0;0;0;0;0;0;0;0;0;0;0;0;;;;0;0;0;0;0;0;0;0;0;0;0;0;0;0;0;0;0;0;0;0;0;0;0;0;Regular Season;0;0;0;0;0;0;0;0;0;0
55265;2028;10;8;Pacific Coliseum;0;81;82;0;0;0;0;0;0;0;0;0;0;0;0;;;;0;0;0;0;0;0;0;0;0;0;0;0;0;0;0;0;0;0;0;0;0;0;0;0;Regular Season;0;0;0;0;0;0;0;0;0;0
55320;2028;10;8;Placeholder 50 Arena;0;64;66;0;0;0;0;0;0;0;0;0;0;0;0;;;;0;0;0;0;0;0;0;0;0;0;0;0;0;0;0;0;0;0;0;0;0;0;0;0;Regular Season;0;0;0;0;0;0;0;0;0;0
55274;2028;10;8;Placeholder 48 Arena;0;65;68;0;0;0;0;0;0;0;0;0;0;0;0;;;;0;0;0;0;0;0;0;0;0;0;0;0;0;0;0;0;0;0;0;0;0;0;0;0;Regular Season;0;0;0;0;0;0;0;0;0;0
55898;2028;10;9;Western Financial Place;0;74;66;0;0;0;0;0;0;0;0;0;0;0;0;;;;0;0;0;0;0;0;0;0;0;0;0;0;0;0;0;0;0;0;0;0;0;0;0;0;Regular Season;0;0;0;0;0;0;0;0;0;0
55281;2028;10;9;ENMAX Centre;0;75;69;0;0;0;0;0;0;0;0;0;0;0;0;;;;0;0;0;0;0;0;0;0;0;0;0;0;0;0;0;0;0;0;0;0;0;0;0;0;Regular Season;0;0;0;0;0;0;0;0;0;0
55371;2028;10;9;Pacific Coliseum;0;81;71;0;0;0;0;0;0;0;0;0;0;0;0;;;;0;0;0;0;0;0;0;0;0;0;0;0;0;0;0;0;0;0;0;0;0;0;0;0;Regular Season;0;0;0;0;0;0;0;0;0;0
55267;2028;10;9;Stockton Arena;0;70;82;0;0;0;0;0;0;0;0;0;0;0;0;;;;0;0;0;0;0;0;0;0;0;0;0;0;0;0;0;0;0;0;0;0;0;0;0;0;Regular Season;0;0;0;0;0;0;0;0;0;0
55266;2028;10;9;MODA Center;0;84;67;0;0;0;0;0;0;0;0;0;0;0;0;;;;0;0;0;0;0;0;0;0;0;0;0;0;0;0;0;0;0;0;0;0;0;0;0;0;Regular Season;0;0;0;0;0;0;0;0;0;0
55285;2028;10;9;Frank Crane Arena;0;78;77;0;0;0;0;0;0;0;0;0;0;0;0;;;;0;0;0;0;0;0;0;0;0;0;0;0;0;0;0;0;0;0;0;0;0;0;0;0;Regular Season;0;0;0;0;0;0;0;0;0;0
55326;2028;10;10;Placeholder 49 Arena;0;63;73;0;0;0;0;0;0;0;0;0;0;0;0;;;;0;0;0;0;0;0;0;0;0;0;0;0;0;0;0;0;0;0;0;0;0;0;0;0;Regular Season;0;0;0;0;0;0;0;0;0;0
55304;2028;10;10;Mosaic Place;0;67;79;0;0;0;0;0;0;0;0;0;0;0;0;;;;0;0;0;0;0;0;0;0;0;0;0;0;0;0;0;0;0;0;0;0;0;0;0;0;Regular Season;0;0;0;0;0;0;0;0;0;0
55268;2028;10;10;Canalta Centre;0;76;84;0;0;0;0;0;0;0;0;0;0;0;0;;;;0;0;0;0;0;0;0;0;0;0;0;0;0;0;0;0;0;0;0;0;0;0;0;0;Regular Season;0;0;0;0;0;0;0;0;0;0
55275;2028;10;10;Angel of the Winds Arena;0;83;80;0;0;0;0;0;0;0;0;0;0;0;0;;;;0;0;0;0;0;0;0;0;0;0;0;0;0;0;0;0;0;0;0;0;0;0;0;0;Regular Season;0;0;0;0;0;0;0;0;0;0
55293;2028;10;10;Von Braun Center;0;72;78;0;0;0;0;0;0;0;0;0;0;0;0;;;;0;0;0;0;0;0;0;0;0;0;0;0;0;0;0;0;0;0;0;0;0;0;0;0;Regular Season;0;0;0;0;0;0;0;0;0;0
55291;2028;10;10;Placeholder 50 Arena;0;64;65;0;0;0;0;0;0;0;0;0;0;0;0;;;;0;0;0;0;0;0;0;0;0;0;0;0;0;0;0;0;0;0;0;0;0;0;0;0;Regular Season;0;0;0;0;0;0;0;0;0;0
55284;2028;10;10;Toyota Arena;0;69;68;0;0;0;0;0;0;0;0;0;0;0;0;;;;0;0;0;0;0;0;0;0;0;0;0;0;0;0;0;0;0;0;0;0;0;0;0;0;Regular Season;0;0;0;0;0;0;0;0;0;0
55316;2028;10;11;Placeholder 48 Arena;0;65;73;0;0;0;0;0;0;0;0;0;0;0;0;;;;0;0;0;0;0;0;0;0;0;0;0;0;0;0;0;0;0;0;0;0;0;0;0;0;Regular Season;0;0;0;0;0;0;0;0;0;0
55314;2028;10;11;Western Financial Place;0;74;82;0;0;0;0;0;0;0;0;0;0;0;0;;;;0;0;0;0;0;0;0;0;0;0;0;0;0;0;0;0;0;0;0;0;0;0;0;0;Regular Season;0;0;0;0;0;0;0;0;0;0
55280;2028;10;12;ENMAX Centre;0;75;79;0;0;0;0;0;0;0;0;0;0;0;0;;;;0;0;0;0;0;0;0;0;0;0;0;0;0;0;0;0;0;0;0;0;0;0;0;0;Regular Season;0;0;0;0;0;0;0;0;0;0
55432;2028;10;12;Stockton Arena;0;70;64;0;0;0;0;0;0;0;0;0;0;0;0;;;;0;0;0;0;0;0;0;0;0;0;0;0;0;0;0;0;0;0;0;0;0;0;0;0;Regular Season;0;0;0;0;0;0;0;0;0;0
55310;2028;10;12;Pacific Coliseum;0;81;82;0;0;0;0;0;0;0;0;0;0;0;0;;;;0;0;0;0;0;0;0;0;0;0;0;0;0;0;0;0;0;0;0;0;0;0;0;0;Regular Season;0;0;0;0;0;0;0;0;0;0
55297;2028;10;12;Westoba Place;0;66;72;0;0;0;0;0;0;0;0;0;0;0;0;;;;0;0;0;0;0;0;0;0;0;0;0;0;0;0;0;0;0;0;0;0;0;0;0;0;Regular Season;0;0;0;0;0;0;0;0;0;0
55289;2028;10;12;ENMAX Centrium;0;77;68;0;0;0;0;0;0;0;0;0;0;0;0;;;;0;0;0;0;0;0;0;0;0;0;0;0;0;0;0;0;0;0;0;0;0;0;0;0;Regular Season;0;0;0;0;0;0;0;0;0;0
55302;2028;10;12;Toyota Arena;0;69;83;0;0;0;0;0;0;0;0;0;0;0;0;;;;0;0;0;0;0;0;0;0;0;0;0;0;0;0;0;0;0;0;0;0;0;0;0;0;Regular Season;0;0;0;0;0;0;0;0;0;0
55305;2028;10;12;CN Centre;0;80;63;0;0;0;0;0;0;0;0;0;0;0;0;;;;0;0;0;0;0;0;0;0;0;0;0;0;0;0;0;0;0;0;0;0;0;0;0;0;Regular Season;0;0;0;0;0;0;0;0;0;0
55459;2028;10;13;Placeholder 50 Arena;0;64;66;0;0;0;0;0;0;0;0;0;0;0;0;;;;0;0;0;0;0;0;0;0;0;0;0;0;0;0;0;0;0;0;0;0;0;0;0;0;Regular Season;0;0;0;0;0;0;0;0;0;0
55300;2028;10;13;Angel of the Winds Arena;0;83;78;0;0;0;0;0;0;0;0;0;0;0;0;;;;0;0;0;0;0;0;0;0;0;0;0;0;0;0;0;0;0;0;0;0;0;0;0;0;Regular Season;0;0;0;0;0;0;0;0;0;0
55286;2028;10;13;ENMAX Centrium;0;77;76;0;0;0;0;0;0;0;0;0;0;0;0;;;;0;0;0;0;0;0;0;0;0;0;0;0;0;0;0;0;0;0;0;0;0;0;0;0;Regular Season;0;0;0;0;0;0;0;0;0;0
55311;2028;10;13;Stockton Arena;0;70;72;0;0;0;0;0;0;0;0;0;0;0;0;;;;0;0;0;0;0;0;0;0;0;0;0;0;0;0;0;0;0;0;0;0;0;0;0;0;Regular Season;0;0;0;0;0;0;0;0;0;0
55402;2028;10;13;Placeholder 49 Arena;0;63;74;0;0;0;0;0;0;0;0;0;0;0;0;;;;0;0;0;0;0;0;0;0;0;0;0;0;0;0;0;0;0;0;0;0;0;0;0;0;Regular Season;0;0;0;0;0;0;0;0;0;0
55434;2028;10;13;Pacific Coliseum;0;81;71;0;0;0;0;0;0;0;0;0;0;0;0;;;;0;0;0;0;0;0;0;0;0;0;0;0;0;0;0;0;0;0;0;0;0;0;0;0;Regular Season;0;0;0;0;0;0;0;0;0;0
55328;2028;10;13;Market Square Arena;0;73;65;0;0;0;0;0;0;0;0;0;0;0;0;;;;0;0;0;0;0;0;0;0;0;0;0;0;0;0;0;0;0;0;0;0;0;0;0;0;Regular Season;0;0;0;0;0;0;0;0;0;0
55279;2028;10;13;ENMAX Centre;0;75;84;0;0;0;0;0;0;0;0;0;0;0;0;;;;0;0;0;0;0;0;0;0;0;0;0;0;0;0;0;0;0;0;0;0;0;0;0;0;Regular Season;0;0;0;0;0;0;0;0;0;0
55673;2028;10;14;MODA Center;0;84;82;0;0;0;0;0;0;0;0;0;0;0;0;;;;0;0;0;0;0;0;0;0;0;0;0;0;0;0;0;0;0;0;0;0;0;0;0;0;Regular Season;0;0;0;0;0;0;0;0;0;0
55298;2028;10;14;CN Centre;0;80;71;0;0;0;0;0;0;0;0;0;0;0;0;;;;0;0;0;0;0;0;0;0;0;0;0;0;0;0;0;0;0;0;0;0;0;0;0;0;Regular Season;0;0;0;0;0;0;0;0;0;0
55288;2028;10;14;Prospera Place;0;79;76;0;0;0;0;0;0;0;0;0;0;0;0;;;;0;0;0;0;0;0;0;0;0;0;0;0;0;0;0;0;0;0;0;0;0;0;0;0;Regular Season;0;0;0;0;0;0;0;0;0;0
55299;2028;10;14;Art Hauser Centre;0;68;74;0;0;0;0;0;0;0;0;0;0;0;0;;;;0;0;0;0;0;0;0;0;0;0;0;0;0;0;0;0;0;0;0;0;0;0;0;0;Regular Season;0;0;0;0;0;0;0;0;0;0
55330;2028;10;15;Placeholder 49 Arena;0;63;67;0;0;0;0;0;0;0;0;0;0;0;0;;;;0;0;0;0;0;0;0;0;0;0;0;0;0;0;0;0;0;0;0;0;0;0;0;0;Regular Season;0;0;0;0;0;0;0;0;0;0
55984;2028;10;15;Frank Crane Arena;0;78;75;0;0;0;0;0;0;0;0;0;0;0;0;;;;0;0;0;0;0;0;0;0;0;0;0;0;0;0;0;0;0;0;0;0;0;0;0;0;Regular Season;0;0;0;0;0;0;0;0;0;0
55981;2028;10;15;Stockton Arena;0;70;79;0;0;0;0;0;0;0;0;0;0;0;0;;;;0;0;0;0;0;0;0;0;0;0;0;0;0;0;0;0;0;0;0;0;0;0;0;0;Regular Season;0;0;0;0;0;0;0;0;0;0
55296;2028;10;16;Canalta Centre;0;76;73;0;0;0;0;0;0;0;0;0;0;0;0;;;;0;0;0;0;0;0;0;0;0;0;0;0;0;0;0;0;0;0;0;0;0;0;0;0;Regular Season;0;0;0;0;0;0;0;0;0;0
55335;2028;10;16;Pacific Coliseum;0;81;72;0;0;0;0;0;0;0;0;0;0;0;0;;;;0;0;0;0;0;0;0;0;0;0;0;0;0;0;0;0;0;0;0;0;0;0;0;0;Regular Season;0;0;0;0;0;0;0;0;0;0
55319;2028;10;16;Placeholder 48 Arena;0;65;69;0;0;0;0;0;0;0;0;0;0;0;0;;;;0;0;0;0;0;0;0;0;0;0;0;0;0;0;0;0;0;0;0;0;0;0;0;0;Regular Season;0;0;0;0;0;0;0;0;0;0
55317;2028;10;16;CN Centre;0;80;71;0;0;0;0;0;0;0;0;0;0;0;0;;;;0;0;0;0;0;0;0;0;0;0;0;0;0;0;0;0;0;0;0;0;0;0;0;0;Regular Season;0;0;0;0;0;0;0;0;0;0
55312;2028;10;16;ENMAX Centrium;0;77;66;0;0;0;0;0;0;0;0;0;0;0;0;;;;0;0;0;0;0;0;0;0;0;0;0;0;0;0;0;0;0;0;0;0;0;0;0;0;Regular Season;0;0;0;0;0;0;0;0;0;0
55282;2028;10;16;Frank Crane Arena;0;78;84;0;0;0;0;0;0;0;0;0;0;0;0;;;;0;0;0;0;0;0;0;0;0;0;0;0;0;0;0;0;0;0;0;0;0;0;0;0;Regular Season;0;0;0;0;0;0;0;0;0;0
55368;2028;10;17;ENMAX Centre;0;75;67;0;0;0;0;0;0;0;0;0;0;0;0;;;;0;0;0;0;0;0;0;0;0;0;0;0;0;0;0;0;0;0;0;0;0;0;0;0;Regular Season;0;0;0;0;0;0;0;0;0;0
55964;2028;10;17;Western Financial Place;0;74;73;0;0;0;0;0;0;0;0;0;0;0;0;;;;0;0;0;0;0;0;0;0;0;0;0;0;0;0;0;0;0;0;0;0;0;0;0;0;Regular Season;0;0;0;0;0;0;0;0;0;0
55309;2028;10;17;CN Centre;0;80;65;0;0;0;0;0;0;0;0;0;0;0;0;;;;0;0;0;0;0;0;0;0;0;0;0;0;0;0;0;0;0;0;0;0;0;0;0;0;Regular Season;0;0;0;0;0;0;0;0;0;0
55324;2028;10;17;Placeholder 49 Arena;0;63;68;0;0;0;0;0;0;0;0;0;0;0;0;;;;0;0;0;0;0;0;0;0;0;0;0;0;0;0;0;0;0;0;0;0;0;0;0;0;Regular Season;0;0;0;0;0;0;0;0;0;0
55323;2028;10;17;Canalta Centre;0;76;77;0;0;0;0;0;0;0;0;0;0;0;0;;;;0;0;0;0;0;0;0;0;0;0;0;0;0;0;0;0;0;0;0;0;0;0;0;0;Regular Season;0;0;0;0;0;0;0;0;0;0
55313;2028;10;17;MODA Center;0;84;83;0;0;0;0;0;0;0;0;0;0;0;0;;;;0;0;0;0;0;0;0;0;0;0;0;0;0;0;0;0;0;0;0;0;0;0;0;0;Regular Season;0;0;0;0;0;0;0;0;0;0
55329;2028;10;17;Save-On-Foods Memorial Centre;0;82;81;0;0;0;0;0;0;0;0;0;0;0;0;;;;0;0;0;0;0;0;0;0;0;0;0;0;0;0;0;0;0;0;0;0;0;0;0;0;Regular Season;0;0;0;0;0;0;0;0;0;0
55321;2028;10;17;Von Braun Center;0;72;70;0;0;0;0;0;0;0;0;0;0;0;0;;;;0;0;0;0;0;0;0;0;0;0;0;0;0;0;0;0;0;0;0;0;0;0;0;0;Regular Season;0;0;0;0;0;0;0;0;0;0
55292;2028;10;17;Westoba Place;0;66;79;0;0;0;0;0;0;0;0;0;0;0;0;;;;0;0;0;0;0;0;0;0;0;0;0;0;0;0;0;0;0;0;0;0;0;0;0;0;Regular Season;0;0;0;0;0;0;0;0;0;0
55306;2028;10;17;Toyota Arena;0;69;71;0;0;0;0;0;0;0;0;0;0;0;0;;;;0;0;0;0;0;0;0;0;0;0;0;0;0;0;0;0;0;0;0;0;0;0;0;0;Regular Season;0;0;0;0;0;0;0;0;0;0
55389;2028;10;18;Placeholder 50 Arena;0;64;67;0;0;0;0;0;0;0;0;0;0;0;0;;;;0;0;0;0;0;0;0;0;0;0;0;0;0;0;0;0;0;0;0;0;0;0;0;0;Regular Season;0;0;0;0;0;0;0;0;0;0
56003;2028;10;18;Stockton Arena;0;70;68;0;0;0;0;0;0;0;0;0;0;0;0;;;;0;0;0;0;0;0;0;0;0;0;0;0;0;0;0;0;0;0;0;0;0;0;0;0;Regular Season;0;0;0;0;0;0;0;0;0;0
55977;2028;10;19;Dalhousie Memorial Arena;0;71;64;0;0;0;0;0;0;0;0;0;0;0;0;;;;0;0;0;0;0;0;0;0;0;0;0;0;0;0;0;0;0;0;0;0;0;0;0;0;Regular Season;0;0;0;0;0;0;0;0;0;0
55307;2028;10;19;Frank Crane Arena;0;78;66;0;0;0;0;0;0;0;0;0;0;0;0;;;;0;0;0;0;0;0;0;0;0;0;0;0;0;0;0;0;0;0;0;0;0;0;0;0;Regular Season;0;0;0;0;0;0;0;0;0;0
55318;2028;10;19;Angel of the Winds Arena;0;83;69;0;0;0;0;0;0;0;0;0;0;0;0;;;;0;0;0;0;0;0;0;0;0;0;0;0;0;0;0;0;0;0;0;0;0;0;0;0;Regular Season;0;0;0;0;0;0;0;0;0;0
55308;2028;10;19;Pacific Coliseum;0;81;76;0;0;0;0;0;0;0;0;0;0;0;0;;;;0;0;0;0;0;0;0;0;0;0;0;0;0;0;0;0;0;0;0;0;0;0;0;0;Regular Season;0;0;0;0;0;0;0;0;0;0
55332;2028;10;19;CN Centre;0;80;82;0;0;0;0;0;0;0;0;0;0;0;0;;;;0;0;0;0;0;0;0;0;0;0;0;0;0;0;0;0;0;0;0;0;0;0;0;0;Regular Season;0;0;0;0;0;0;0;0;0;0
55325;2028;10;19;Prospera Place;0;79;75;0;0;0;0;0;0;0;0;0;0;0;0;;;;0;0;0;0;0;0;0;0;0;0;0;0;0;0;0;0;0;0;0;0;0;0;0;0;Regular Season;0;0;0;0;0;0;0;0;0;0
55989;2028;10;19;MODA Center;0;84;77;0;0;0;0;0;0;0;0;0;0;0;0;;;;0;0;0;0;0;0;0;0;0;0;0;0;0;0;0;0;0;0;0;0;0;0;0;0;Regular Season;0;0;0;0;0;0;0;0;0;0
55345;2028;10;19;Placeholder 49 Arena;0;63;73;0;0;0;0;0;0;0;0;0;0;0;0;;;;0;0;0;0;0;0;0;0;0;0;0;0;0;0;0;0;0;0;0;0;0;0;0;0;Regular Season;0;0;0;0;0;0;0;0;0;0
55393;2028;10;20;ENMAX Centre;0;75;74;0;0;0;0;0;0;0;0;0;0;0;0;;;;0;0;0;0;0;0;0;0;0;0;0;0;0;0;0;0;0;0;0;0;0;0;0;0;Regular Season;0;0;0;0;0;0;0;0;0;0
55363;2028;10;20;Art Hauser Centre;0;68;72;0;0;0;0;0;0;0;0;0;0;0;0;;;;0;0;0;0;0;0;0;0;0;0;0;0;0;0;0;0;0;0;0;0;0;0;0;0;Regular Season;0;0;0;0;0;0;0;0;0;0
55387;2028;10;20;Placeholder 48 Arena;0;65;63;0;0;0;0;0;0;0;0;0;0;0;0;;;;0;0;0;0;0;0;0;0;0;0;0;0;0;0;0;0;0;0;0;0;0;0;0;0;Regular Season;0;0;0;0;0;0;0;0;0;0
55322;2028;10;20;Frank Crane Arena;0;78;79;0;0;0;0;0;0;0;0;0;0;0;0;;;;0;0;0;0;0;0;0;0;0;0;0;0;0;0;0;0;0;0;0;0;0;0;0;0;Regular Season;0;0;0;0;0;0;0;0;0;0
55498;2028;10;20;MODA Center;0;84;70;0;0;0;0;0;0;0;0;0;0;0;0;;;;0;0;0;0;0;0;0;0;0;0;0;0;0;0;0;0;0;0;0;0;0;0;0;0;Regular Season;0;0;0;0;0;0;0;0;0;0
55973;2028;10;20;Angel of the Winds Arena;0;83;80;0;0;0;0;0;0;0;0;0;0;0;0;;;;0;0;0;0;0;0;0;0;0;0;0;0;0;0;0;0;0;0;0;0;0;0;0;0;Regular Season;0;0;0;0;0;0;0;0;0;0
55934;2028;10;21;Western Financial Place;0;74;69;0;0;0;0;0;0;0;0;0;0;0;0;;;;0;0;0;0;0;0;0;0;0;0;0;0;0;0;0;0;0;0;0;0;0;0;0;0;Regular Season;0;0;0;0;0;0;0;0;0;0
55331;2028;10;21;Mosaic Place;0;67;64;0;0;0;0;0;0;0;0;0;0;0;0;;;;0;0;0;0;0;0;0;0;0;0;0;0;0;0;0;0;0;0;0;0;0;0;0;0;Regular Season;0;0;0;0;0;0;0;0;0;0
55337;2028;10;21;Stockton Arena;0;70;73;0;0;0;0;0;0;0;0;0;0;0;0;;;;0;0;0;0;0;0;0;0;0;0;0;0;0;0;0;0;0;0;0;0;0;0;0;0;Regular Season;0;0;0;0;0;0;0;0;0;0
55343;2028;10;21;Dalhousie Memorial Arena;0;71;82;0;0;0;0;0;0;0;0;0;0;0;0;;;;0;0;0;0;0;0;0;0;0;0;0;0;0;0;0;0;0;0;0;0;0;0;0;0;Regular Season;0;0;0;0;0;0;0;0;0;0
55600;2028;10;22;Placeholder 48 Arena;0;65;63;0;0;0;0;0;0;0;0;0;0;0;0;;;;0;0;0;0;0;0;0;0;0;0;0;0;0;0;0;0;0;0;0;0;0;0;0;0;Regular Season;0;0;0;0;0;0;0;0;0;0
55340;2028;10;22;Angel of the Winds Arena;0;83;68;0;0;0;0;0;0;0;0;0;0;0;0;;;;0;0;0;0;0;0;0;0;0;0;0;0;0;0;0;0;0;0;0;0;0;0;0;0;Regular Season;0;0;0;0;0;0;0;0;0;0
55359;2028;10;22;ENMAX Centrium;0;77;64;0;0;0;0;0;0;0;0;0;0;0;0;;;;0;0;0;0;0;0;0;0;0;0;0;0;0;0;0;0;0;0;0;0;0;0;0;0;Regular Season;0;0;0;0;0;0;0;0;0;0
55384;2028;10;23;Westoba Place;0;66;73;0;0;0;0;0;0;0;0;0;0;0;0;;;;0;0;0;0;0;0;0;0;0;0;0;0;0;0;0;0;0;0;0;0;0;0;0;0;Regular Season;0;0;0;0;0;0;0;0;0;0
55339;2028;10;23;Von Braun Center;0;72;76;0;0;0;0;0;0;0;0;0;0;0;0;;;;0;0;0;0;0;0;0;0;0;0;0;0;0;0;0;0;0;0;0;0;0;0;0;0;Regular Season;0;0;0;0;0;0;0;0;0;0
55334;2028;10;23;MODA Center;0;84;81;0;0;0;0;0;0;0;0;0;0;0;0;;;;0;0;0;0;0;0;0;0;0;0;0;0;0;0;0;0;0;0;0;0;0;0;0;0;Regular Season;0;0;0;0;0;0;0;0;0;0
55390;2028;10;23;Western Financial Place;0;74;67;0;0;0;0;0;0;0;0;0;0;0;0;;;;0;0;0;0;0;0;0;0;0;0;0;0;0;0;0;0;0;0;0;0;0;0;0;0;Regular Season;0;0;0;0;0;0;0;0;0;0
55353;2028;10;23;Save-On-Foods Memorial Centre;0;82;80;0;0;0;0;0;0;0;0;0;0;0;0;;;;0;0;0;0;0;0;0;0;0;0;0;0;0;0;0;0;0;0;0;0;0;0;0;0;Regular Season;0;0;0;0;0;0;0;0;0;0
55327;2028;10;23;Art Hauser Centre;0;68;78;0;0;0;0;0;0;0;0;0;0;0;0;;;;0;0;0;0;0;0;0;0;0;0;0;0;0;0;0;0;0;0;0;0;0;0;0;0;Regular Season;0;0;0;0;0;0;0;0;0;0
55416;2028;10;24;ENMAX Centrium;0;77;63;0;0;0;0;0;0;0;0;0;0;0;0;;;;0;0;0;0;0;0;0;0;0;0;0;0;0;0;0;0;0;0;0;0;0;0;0;0;Regular Season;0;0;0;0;0;0;0;0;0;0
55336;2028;10;24;ENMAX Centre;0;75;78;0;0;0;0;0;0;0;0;0;0;0;0;;;;0;0;0;0;0;0;0;0;0;0;0;0;0;0;0;0;0;0;0;0;0;0;0;0;Regular Season;0;0;0;0;0;0;0;0;0;0
55400;2028;10;24;Mosaic Place;0;67;74;0;0;0;0;0;0;0;0;0;0;0;0;;;;0;0;0;0;0;0;0;0;0;0;0;0;0;0;0;0;0;0;0;0;0;0;0;0;Regular Season;0;0;0;0;0;0;0;0;0;0
55333;2028;10;24;Placeholder 50 Arena;0;64;69;0;0;0;0;0;0;0;0;0;0;0;0;;;;0;0;0;0;0;0;0;0;0;0;0;0;0;0;0;0;0;0;0;0;0;0;0;0;Regular Season;0;0;0;0;0;0;0;0;0;0
55315;2028;10;24;Westoba Place;0;66;72;0;0;0;0;0;0;0;0;0;0;0;0;;;;0;0;0;0;0;0;0;0;0;0;0;0;0;0;0;0;0;0;0;0;0;0;0;0;Regular Season;0;0;0;0;0;0;0;0;0;0
55338;2028;10;24;Prospera Place;0;79;80;0;0;0;0;0;0;0;0;0;0;0;0;;;;0;0;0;0;0;0;0;0;0;0;0;0;0;0;0;0;0;0;0;0;0;0;0;0;Regular Season;0;0;0;0;0;0;0;0;0;0
55341;2028;10;24;Dalhousie Memorial Arena;0;71;83;0;0;0;0;0;0;0;0;0;0;0;0;;;;0;0;0;0;0;0;0;0;0;0;0;0;0;0;0;0;0;0;0;0;0;0;0;0;Regular Season;0;0;0;0;0;0;0;0;0;0
55349;2028;10;24;Pacific Coliseum;0;81;84;0;0;0;0;0;0;0;0;0;0;0;0;;;;0;0;0;0;0;0;0;0;0;0;0;0;0;0;0;0;0;0;0;0;0;0;0;0;Regular Season;0;0;0;0;0;0;0;0;0;0
55347;2028;10;24;Stockton Arena;0;70;76;0;0;0;0;0;0;0;0;0;0;0;0;;;;0;0;0;0;0;0;0;0;0;0;0;0;0;0;0;0;0;0;0;0;0;0;0;0;Regular Season;0;0;0;0;0;0;0;0;0;0
55358;2028;10;25;Placeholder 50 Arena;0;64;73;0;0;0;0;0;0;0;0;0;0;0;0;;;;0;0;0;0;0;0;0;0;0;0;0;0;0;0;0;0;0;0;0;0;0;0;0;0;Regular Season;0;0;0;0;0;0;0;0;0;0
55364;2028;10;26;Stockton Arena;0;70;73;0;0;0;0;0;0;0;0;0;0;0;0;;;;0;0;0;0;0;0;0;0;0;0;0;0;0;0;0;0;0;0;0;0;0;0;0;0;Regular Season;0;0;0;0;0;0;0;0;0;0
55356;2028;10;26;Frank Crane Arena;0;78;79;0;0;0;0;0;0;0;0;0;0;0;0;;;;0;0;0;0;0;0;0;0;0;0;0;0;0;0;0;0;0;0;0;0;0;0;0;0;Regular Season;0;0;0;0;0;0;0;0;0;0
55350;2028;10;26;Von Braun Center;0;72;71;0;0;0;0;0;0;0;0;0;0;0;0;;;;0;0;0;0;0;0;0;0;0;0;0;0;0;0;0;0;0;0;0;0;0;0;0;0;Regular Season;0;0;0;0;0;0;0;0;0;0
55351;2028;10;26;Mosaic Place;0;67;69;0;0;0;0;0;0;0;0;0;0;0;0;;;;0;0;0;0;0;0;0;0;0;0;0;0;0;0;0;0;0;0;0;0;0;0;0;0;Regular Season;0;0;0;0;0;0;0;0;0;0
55986;2028;10;26;Western Financial Place;0;74;81;0;0;0;0;0;0;0;0;0;0;0;0;;;;0;0;0;0;0;0;0;0;0;0;0;0;0;0;0;0;0;0;0;0;0;0;0;0;Regular Season;0;0;0;0;0;0;0;0;0;0
55344;2028;10;26;Angel of the Winds Arena;0;83;82;0;0;0;0;0;0;0;0;0;0;0;0;;;;0;0;0;0;0;0;0;0;0;0;0;0;0;0;0;0;0;0;0;0;0;0;0;0;Regular Season;0;0;0;0;0;0;0;0;0;0
55361;2028;10;26;Art Hauser Centre;0;68;66;0;0;0;0;0;0;0;0;0;0;0;0;;;;0;0;0;0;0;0;0;0;0;0;0;0;0;0;0;0;0;0;0;0;0;0;0;0;Regular Season;0;0;0;0;0;0;0;0;0;0
55375;2028;10;26;CN Centre;0;80;77;0;0;0;0;0;0;0;0;0;0;0;0;;;;0;0;0;0;0;0;0;0;0;0;0;0;0;0;0;0;0;0;0;0;0;0;0;0;Regular Season;0;0;0;0;0;0;0;0;0;0
55380;2028;10;27;Art Hauser Centre;0;68;75;0;0;0;0;0;0;0;0;0;0;0;0;;;;0;0;0;0;0;0;0;0;0;0;0;0;0;0;0;0;0;0;0;0;0;0;0;0;Regular Season;0;0;0;0;0;0;0;0;0;0
55996;2028;10;27;Dalhousie Memorial Arena;0;71;78;0;0;0;0;0;0;0;0;0;0;0;0;;;;0;0;0;0;0;0;0;0;0;0;0;0;0;0;0;0;0;0;0;0;0;0;0;0;Regular Season;0;0;0;0;0;0;0;0;0;0
55342;2028;10;27;Canalta Centre;0;76;65;0;0;0;0;0;0;0;0;0;0;0;0;;;;0;0;0;0;0;0;0;0;0;0;0;0;0;0;0;0;0;0;0;0;0;0;0;0;Regular Season;0;0;0;0;0;0;0;0;0;0
55362;2028;10;27;MODA Center;0;84;82;0;0;0;0;0;0;0;0;0;0;0;0;;;;0;0;0;0;0;0;0;0;0;0;0;0;0;0;0;0;0;0;0;0;0;0;0;0;Regular Season;0;0;0;0;0;0;0;0;0;0
55426;2028;10;27;Placeholder 50 Arena;0;64;63;0;0;0;0;0;0;0;0;0;0;0;0;;;;0;0;0;0;0;0;0;0;0;0;0;0;0;0;0;0;0;0;0;0;0;0;0;0;Regular Season;0;0;0;0;0;0;0;0;0;0
55415;2028;10;28;Angel of the Winds Arena;0;83;70;0;0;0;0;0;0;0;0;0;0;0;0;;;;0;0;0;0;0;0;0;0;0;0;0;0;0;0;0;0;0;0;0;0;0;0;0;0;Regular Season;0;0;0;0;0;0;0;0;0;0
55377;2028;10;28;Toyota Arena;0;69;65;0;0;0;0;0;0;0;0;0;0;0;0;;;;0;0;0;0;0;0;0;0;0;0;0;0;0;0;0;0;0;0;0;0;0;0;0;0;Regular Season;0;0;0;0;0;0;0;0;0;0
55346;2028;10;28;Pacific Coliseum;0;81;75;0;0;0;0;0;0;0;0;0;0;0;0;;;;0;0;0;0;0;0;0;0;0;0;0;0;0;0;0;0;0;0;0;0;0;0;0;0;Regular Season;0;0;0;0;0;0;0;0;0;0
56004;2028;10;28;Western Financial Place;0;74;73;0;0;0;0;0;0;0;0;0;0;0;0;;;;0;0;0;0;0;0;0;0;0;0;0;0;0;0;0;0;0;0;0;0;0;0;0;0;Regular Season;0;0;0;0;0;0;0;0;0;0
55366;2028;10;28;Prospera Place;0;79;77;0;0;0;0;0;0;0;0;0;0;0;0;;;;0;0;0;0;0;0;0;0;0;0;0;0;0;0;0;0;0;0;0;0;0;0;0;0;Regular Season;0;0;0;0;0;0;0;0;0;0
55515;2028;10;29;Dalhousie Memorial Arena;0;71;63;0;0;0;0;0;0;0;0;0;0;0;0;;;;0;0;0;0;0;0;0;0;0;0;0;0;0;0;0;0;0;0;0;0;0;0;0;0;Regular Season;0;0;0;0;0;0;0;0;0;0
55979;2028;10;29;Art Hauser Centre;0;68;67;0;0;0;0;0;0;0;0;0;0;0;0;;;;0;0;0;0;0;0;0;0;0;0;0;0;0;0;0;0;0;0;0;0;0;0;0;0;Regular Season;0;0;0;0;0;0;0;0;0;0
56001;2028;10;30;Art Hauser Centre;0;68;63;0;0;0;0;0;0;0;0;0;0;0;0;;;;0;0;0;0;0;0;0;0;0;0;0;0;0;0;0;0;0;0;0;0;0;0;0;0;Regular Season;0;0;0;0;0;0;0;0;0;0
55422;2028;10;30;Market Square Arena;0;73;69;0;0;0;0;0;0;0;0;0;0;0;0;;;;0;0;0;0;0;0;0;0;0;0;0;0;0;0;0;0;0;0;0;0;0;0;0;0;Regular Season;0;0;0;0;0;0;0;0;0;0
55502;2028;10;30;Stockton Arena;0;70;66;0;0;0;0;0;0;0;0;0;0;0;0;;;;0;0;0;0;0;0;0;0;0;0;0;0;0;0;0;0;0;0;0;0;0;0;0;0;Regular Season;0;0;0;0;0;0;0;0;0;0
55448;2028;10;30;Angel of the Winds Arena;0;83;79;0;0;0;0;0;0;0;0;0;0;0;0;;;;0;0;0;0;0;0;0;0;0;0;0;0;0;0;0;0;0;0;0;0;0;0;0;0;Regular Season;0;0;0;0;0;0;0;0;0;0
55348;2028;10;30;ENMAX Centre;0;75;76;0;0;0;0;0;0;0;0;0;0;0;0;;;;0;0;0;0;0;0;0;0;0;0;0;0;0;0;0;0;0;0;0;0;0;0;0;0;Regular Season;0;0;0;0;0;0;0;0;0;0
55372;2028;10;30;Frank Crane Arena;0;78;82;0;0;0;0;0;0;0;0;0;0;0;0;;;;0;0;0;0;0;0;0;0;0;0;0;0;0;0;0;0;0;0;0;0;0;0;0;0;Regular Season;0;0;0;0;0;0;0;0;0;0
55398;2028;10;30;Dalhousie Memorial Arena;0;71;80;0;0;0;0;0;0;0;0;0;0;0;0;;;;0;0;0;0;0;0;0;0;0;0;0;0;0;0;0;0;0;0;0;0;0;0;0;0;Regular Season;0;0;0;0;0;0;0;0;0;0
55385;2028;10;31;Mosaic Place;0;67;82;0;0;0;0;0;0;0;0;0;0;0;0;;;;0;0;0;0;0;0;0;0;0;0;0;0;0;0;0;0;0;0;0;0;0;0;0;0;Regular Season;0;0;0;0;0;0;0;0;0;0
55386;2028;10;31;CN Centre;0;80;73;0;0;0;0;0;0;0;0;0;0;0;0;;;;0;0;0;0;0;0;0;0;0;0;0;0;0;0;0;0;0;0;0;0;0;0;0;0;Regular Season;0;0;0;0;0;0;0;0;0;0
55520;2028;10;31;Western Financial Place;0;74;78;0;0;0;0;0;0;0;0;0;0;0;0;;;;0;0;0;0;0;0;0;0;0;0;0;0;0;0;0;0;0;0;0;0;0;0;0;0;Regular Season;0;0;0;0;0;0;0;0;0;0
55395;2028;10;31;ENMAX Centrium;0;77;84;0;0;0;0;0;0;0;0;0;0;0;0;;;;0;0;0;0;0;0;0;0;0;0;0;0;0;0;0;0;0;0;0;0;0;0;0;0;Regular Season;0;0;0;0;0;0;0;0;0;0
55405;2028;10;31;ENMAX Centre;0;75;79;0;0;0;0;0;0;0;0;0;0;0;0;;;;0;0;0;0;0;0;0;0;0;0;0;0;0;0;0;0;0;0;0;0;0;0;0;0;Regular Season;0;0;0;0;0;0;0;0;0;0
55357;2028;10;31;Angel of the Winds Arena;0;83;76;0;0;0;0;0;0;0;0;0;0;0;0;;;;0;0;0;0;0;0;0;0;0;0;0;0;0;0;0;0;0;0;0;0;0;0;0;0;Regular Season;0;0;0;0;0;0;0;0;0;0
55369;2028;10;31;Placeholder 48 Arena;0;65;72;0;0;0;0;0;0;0;0;0;0;0;0;;;;0;0;0;0;0;0;0;0;0;0;0;0;0;0;0;0;0;0;0;0;0;0;0;0;Regular Season;0;0;0;0;0;0;0;0;0;0
55409;2028;10;31;Toyota Arena;0;69;64;0;0;0;0;0;0;0;0;0;0;0;0;;;;0;0;0;0;0;0;0;0;0;0;0;0;0;0;0;0;0;0;0;0;0;0;0;0;Regular Season;0;0;0;0;0;0;0;0;0;0
55418;2028;11;1;Westoba Place;0;66;63;0;0;0;0;0;0;0;0;0;0;0;0;;;;0;0;0;0;0;0;0;0;0;0;0;0;0;0;0;0;0;0;0;0;0;0;0;0;Regular Season;0;0;0;0;0;0;0;0;0;0
55378;2028;11;1;Pacific Coliseum;0;81;77;0;0;0;0;0;0;0;0;0;0;0;0;;;;0;0;0;0;0;0;0;0;0;0;0;0;0;0;0;0;0;0;0;0;0;0;0;0;Regular Season;0;0;0;0;0;0;0;0;0;0
55360;2028;11;2;Market Square Arena;0;73;81;0;0;0;0;0;0;0;0;0;0;0;0;;;;0;0;0;0;0;0;0;0;0;0;0;0;0;0;0;0;0;0;0;0;0;0;0;0;Regular Season;0;0;0;0;0;0;0;0;0;0
55492;2028;11;2;Stockton Arena;0;70;74;0;0;0;0;0;0;0;0;0;0;0;0;;;;0;0;0;0;0;0;0;0;0;0;0;0;0;0;0;0;0;0;0;0;0;0;0;0;Regular Season;0;0;0;0;0;0;0;0;0;0
55370;2028;11;2;Art Hauser Centre;0;68;72;0;0;0;0;0;0;0;0;0;0;0;0;;;;0;0;0;0;0;0;0;0;0;0;0;0;0;0;0;0;0;0;0;0;0;0;0;0;Regular Season;0;0;0;0;0;0;0;0;0;0
55391;2028;11;2;MODA Center;0;84;82;0;0;0;0;0;0;0;0;0;0;0;0;;;;0;0;0;0;0;0;0;0;0;0;0;0;0;0;0;0;0;0;0;0;0;0;0;0;Regular Season;0;0;0;0;0;0;0;0;0;0
55406;2028;11;2;Placeholder 48 Arena;0;65;64;0;0;0;0;0;0;0;0;0;0;0;0;;;;0;0;0;0;0;0;0;0;0;0;0;0;0;0;0;0;0;0;0;0;0;0;0;0;Regular Season;0;0;0;0;0;0;0;0;0;0
55987;2028;11;3;Toyota Arena;0;69;72;0;0;0;0;0;0;0;0;0;0;0;0;;;;0;0;0;0;0;0;0;0;0;0;0;0;0;0;0;0;0;0;0;0;0;0;0;0;Regular Season;0;0;0;0;0;0;0;0;0;0
55354;2028;11;3;Frank Crane Arena;0;78;76;0;0;0;0;0;0;0;0;0;0;0;0;;;;0;0;0;0;0;0;0;0;0;0;0;0;0;0;0;0;0;0;0;0;0;0;0;0;Regular Season;0;0;0;0;0;0;0;0;0;0
55381;2028;11;3;CN Centre;0;80;83;0;0;0;0;0;0;0;0;0;0;0;0;;;;0;0;0;0;0;0;0;0;0;0;0;0;0;0;0;0;0;0;0;0;0;0;0;0;Regular Season;0;0;0;0;0;0;0;0;0;0
55552;2028;11;3;Prospera Place;0;79;74;0;0;0;0;0;0;0;0;0;0;0;0;;;;0;0;0;0;0;0;0;0;0;0;0;0;0;0;0;0;0;0;0;0;0;0;0;0;Regular Season;0;0;0;0;0;0;0;0;0;0
55410;2028;11;3;Dalhousie Memorial Arena;0;71;77;0;0;0;0;0;0;0;0;0;0;0;0;;;;0;0;0;0;0;0;0;0;0;0;0;0;0;0;0;0;0;0;0;0;0;0;0;0;Regular Season;0;0;0;0;0;0;0;0;0;0
55674;2028;11;3;Stockton Arena;0;70;66;0;0;0;0;0;0;0;0;0;0;0;0;;;;0;0;0;0;0;0;0;0;0;0;0;0;0;0;0;0;0;0;0;0;0;0;0;0;Regular Season;0;0;0;0;0;0;0;0;0;0
55425;2028;11;4;Art Hauser Centre;0;68;69;0;0;0;0;0;0;0;0;0;0;0;0;;;;0;0;0;0;0;0;0;0;0;0;0;0;0;0;0;0;0;0;0;0;0;0;0;0;Regular Season;0;0;0;0;0;0;0;0;0;0
55937;2028;11;4;Prospera Place;0;79;66;0;0;0;0;0;0;0;0;0;0;0;0;;;;0;0;0;0;0;0;0;0;0;0;0;0;0;0;0;0;0;0;0;0;0;0;0;0;Regular Season;0;0;0;0;0;0;0;0;0;0
55388;2028;11;4;Mosaic Place;0;67;81;0;0;0;0;0;0;0;0;0;0;0;0;;;;0;0;0;0;0;0;0;0;0;0;0;0;0;0;0;0;0;0;0;0;0;0;0;0;Regular Season;0;0;0;0;0;0;0;0;0;0
55399;2028;11;4;Dalhousie Memorial Arena;0;71;84;0;0;0;0;0;0;0;0;0;0;0;0;;;;0;0;0;0;0;0;0;0;0;0;0;0;0;0;0;0;0;0;0;0;0;0;0;0;Regular Season;0;0;0;0;0;0;0;0;0;0
55396;2028;11;4;Placeholder 49 Arena;0;63;75;0;0;0;0;0;0;0;0;0;0;0;0;;;;0;0;0;0;0;0;0;0;0;0;0;0;0;0;0;0;0;0;0;0;0;0;0;0;Regular Season;0;0;0;0;0;0;0;0;0;0
55538;2028;11;5;ENMAX Centrium;0;77;82;0;0;0;0;0;0;0;0;0;0;0;0;;;;0;0;0;0;0;0;0;0;0;0;0;0;0;0;0;0;0;0;0;0;0;0;0;0;Regular Season;0;0;0;0;0;0;0;0;0;0
55991;2028;11;5;Pacific Coliseum;0;81;83;0;0;0;0;0;0;0;0;0;0;0;0;;;;0;0;0;0;0;0;0;0;0;0;0;0;0;0;0;0;0;0;0;0;0;0;0;0;Regular Season;0;0;0;0;0;0;0;0;0;0
55373;2028;11;5;Von Braun Center;0;72;68;0;0;0;0;0;0;0;0;0;0;0;0;;;;0;0;0;0;0;0;0;0;0;0;0;0;0;0;0;0;0;0;0;0;0;0;0;0;Regular Season;0;0;0;0;0;0;0;0;0;0
55401;2028;11;5;Mosaic Place;0;67;64;0;0;0;0;0;0;0;0;0;0;0;0;;;;0;0;0;0;0;0;0;0;0;0;0;0;0;0;0;0;0;0;0;0;0;0;0;0;Regular Season;0;0;0;0;0;0;0;0;0;0
55423;2028;11;5;Placeholder 48 Arena;0;65;63;0;0;0;0;0;0;0;0;0;0;0;0;;;;0;0;0;0;0;0;0;0;0;0;0;0;0;0;0;0;0;0;0;0;0;0;0;0;Regular Season;0;0;0;0;0;0;0;0;0;0
55585;2028;11;6;Stockton Arena;0;70;71;0;0;0;0;0;0;0;0;0;0;0;0;;;;0;0;0;0;0;0;0;0;0;0;0;0;0;0;0;0;0;0;0;0;0;0;0;0;Regular Season;0;0;0;0;0;0;0;0;0;0
55376;2028;11;6;Toyota Arena;0;69;72;0;0;0;0;0;0;0;0;0;0;0;0;;;;0;0;0;0;0;0;0;0;0;0;0;0;0;0;0;0;0;0;0;0;0;0;0;0;Regular Season;0;0;0;0;0;0;0;0;0;0
55428;2028;11;6;Frank Crane Arena;0;78;75;0;0;0;0;0;0;0;0;0;0;0;0;;;;0;0;0;0;0;0;0;0;0;0;0;0;0;0;0;0;0;0;0;0;0;0;0;0;Regular Season;0;0;0;0;0;0;0;0;0;0
55367;2028;11;6;Market Square Arena;0;73;76;0;0;0;0;0;0;0;0;0;0;0;0;;;;0;0;0;0;0;0;0;0;0;0;0;0;0;0;0;0;0;0;0;0;0;0;0;0;Regular Season;0;0;0;0;0;0;0;0;0;0
55379;2028;11;7;Art Hauser Centre;0;68;76;0;0;0;0;0;0;0;0;0;0;0;0;;;;0;0;0;0;0;0;0;0;0;0;0;0;0;0;0;0;0;0;0;0;0;0;0;0;Regular Season;0;0;0;0;0;0;0;0;0;0
55517;2028;11;7;Placeholder 50 Arena;0;64;63;0;0;0;0;0;0;0;0;0;0;0;0;;;;0;0;0;0;0;0;0;0;0;0;0;0;0;0;0;0;0;0;0;0;0;0;0;0;Regular Season;0;0;0;0;0;0;0;0;0;0
55404;2028;11;7;Angel of the Winds Arena;0;83;81;0;0;0;0;0;0;0;0;0;0;0;0;;;;0;0;0;0;0;0;0;0;0;0;0;0;0;0;0;0;0;0;0;0;0;0;0;0;Regular Season;0;0;0;0;0;0;0;0;0;0
55455;2028;11;7;Prospera Place;0;79;84;0;0;0;0;0;0;0;0;0;0;0;0;;;;0;0;0;0;0;0;0;0;0;0;0;0;0;0;0;0;0;0;0;0;0;0;0;0;Regular Season;0;0;0;0;0;0;0;0;0;0
55438;2028;11;7;Market Square Arena;0;73;74;0;0;0;0;0;0;0;0;0;0;0;0;;;;0;0;0;0;0;0;0;0;0;0;0;0;0;0;0;0;0;0;0;0;0;0;0;0;Regular Season;0;0;0;0;0;0;0;0;0;0
55439;2028;11;7;Placeholder 48 Arena;0;65;66;0;0;0;0;0;0;0;0;0;0;0;0;;;;0;0;0;0;0;0;0;0;0;0;0;0;0;0;0;0;0;0;0;0;0;0;0;0;Regular Season;0;0;0;0;0;0;0;0;0;0
55421;2028;11;7;ENMAX Centrium;0;77;75;0;0;0;0;0;0;0;0;0;0;0;0;;;;0;0;0;0;0;0;0;0;0;0;0;0;0;0;0;0;0;0;0;0;0;0;0;0;Regular Season;0;0;0;0;0;0;0;0;0;0
55397;2028;11;8;Save-On-Foods Memorial Centre;0;82;71;0;0;0;0;0;0;0;0;0;0;0;0;;;;0;0;0;0;0;0;0;0;0;0;0;0;0;0;0;0;0;0;0;0;0;0;0;0;Regular Season;0;0;0;0;0;0;0;0;0;0
55392;2028;11;8;Pacific Coliseum;0;81;78;0;0;0;0;0;0;0;0;0;0;0;0;;;;0;0;0;0;0;0;0;0;0;0;0;0;0;0;0;0;0;0;0;0;0;0;0;0;Regular Season;0;0;0;0;0;0;0;0;0;0
55518;2028;11;9;Art Hauser Centre;0;68;84;0;0;0;0;0;0;0;0;0;0;0;0;;;;0;0;0;0;0;0;0;0;0;0;0;0;0;0;0;0;0;0;0;0;0;0;0;0;Regular Season;0;0;0;0;0;0;0;0;0;0
55394;2028;11;9;CN Centre;0;80;82;0;0;0;0;0;0;0;0;0;0;0;0;;;;0;0;0;0;0;0;0;0;0;0;0;0;0;0;0;0;0;0;0;0;0;0;0;0;Regular Season;0;0;0;0;0;0;0;0;0;0
55408;2028;11;9;Placeholder 50 Arena;0;64;67;0;0;0;0;0;0;0;0;0;0;0;0;;;;0;0;0;0;0;0;0;0;0;0;0;0;0;0;0;0;0;0;0;0;0;0;0;0;Regular Season;0;0;0;0;0;0;0;0;0;0
55603;2028;11;9;Placeholder 49 Arena;0;63;79;0;0;0;0;0;0;0;0;0;0;0;0;;;;0;0;0;0;0;0;0;0;0;0;0;0;0;0;0;0;0;0;0;0;0;0;0;0;Regular Season;0;0;0;0;0;0;0;0;0;0
55411;2028;11;9;Canalta Centre;0;76;77;0;0;0;0;0;0;0;0;0;0;0;0;;;;0;0;0;0;0;0;0;0;0;0;0;0;0;0;0;0;0;0;0;0;0;0;0;0;Regular Season;0;0;0;0;0;0;0;0;0;0
55441;2028;11;9;Market Square Arena;0;73;71;0;0;0;0;0;0;0;0;0;0;0;0;;;;0;0;0;0;0;0;0;0;0;0;0;0;0;0;0;0;0;0;0;0;0;0;0;0;Regular Season;0;0;0;0;0;0;0;0;0;0
55429;2028;11;9;Placeholder 48 Arena;0;65;66;0;0;0;0;0;0;0;0;0;0;0;0;;;;0;0;0;0;0;0;0;0;0;0;0;0;0;0;0;0;0;0;0;0;0;0;0;0;Regular Season;0;0;0;0;0;0;0;0;0;0
55452;2028;11;9;Stockton Arena;0;70;69;0;0;0;0;0;0;0;0;0;0;0;0;;;;0;0;0;0;0;0;0;0;0;0;0;0;0;0;0;0;0;0;0;0;0;0;0;0;Regular Season;0;0;0;0;0;0;0;0;0;0
55503;2028;11;10;Toyota Arena;0;69;74;0;0;0;0;0;0;0;0;0;0;0;0;;;;0;0;0;0;0;0;0;0;0;0;0;0;0;0;0;0;0;0;0;0;0;0;0;0;Regular Season;0;0;0;0;0;0;0;0;0;0
55841;2028;11;10;Prospera Place;0;79;70;0;0;0;0;0;0;0;0;0;0;0;0;;;;0;0;0;0;0;0;0;0;0;0;0;0;0;0;0;0;0;0;0;0;0;0;0;0;Regular Season;0;0;0;0;0;0;0;0;0;0
55403;2028;11;10;Mosaic Place;0;67;80;0;0;0;0;0;0;0;0;0;0;0;0;;;;0;0;0;0;0;0;0;0;0;0;0;0;0;0;0;0;0;0;0;0;0;0;0;0;Regular Season;0;0;0;0;0;0;0;0;0;0
55424;2028;11;10;Angel of the Winds Arena;0;83;72;0;0;0;0;0;0;0;0;0;0;0;0;;;;0;0;0;0;0;0;0;0;0;0;0;0;0;0;0;0;0;0;0;0;0;0;0;0;Regular Season;0;0;0;0;0;0;0;0;0;0
55436;2028;11;10;ENMAX Centre;0;75;77;0;0;0;0;0;0;0;0;0;0;0;0;;;;0;0;0;0;0;0;0;0;0;0;0;0;0;0;0;0;0;0;0;0;0;0;0;0;Regular Season;0;0;0;0;0;0;0;0;0;0
55417;2028;11;11;Art Hauser Centre;0;68;72;0;0;0;0;0;0;0;0;0;0;0;0;;;;0;0;0;0;0;0;0;0;0;0;0;0;0;0;0;0;0;0;0;0;0;0;0;0;Regular Season;0;0;0;0;0;0;0;0;0;0
55407;2028;11;11;Save-On-Foods Memorial Centre;0;82;78;0;0;0;0;0;0;0;0;0;0;0;0;;;;0;0;0;0;0;0;0;0;0;0;0;0;0;0;0;0;0;0;0;0;0;0;0;0;Regular Season;0;0;0;0;0;0;0;0;0;0
55652;2028;11;11;MODA Center;0;84;63;0;0;0;0;0;0;0;0;0;0;0;0;;;;0;0;0;0;0;0;0;0;0;0;0;0;0;0;0;0;0;0;0;0;0;0;0;0;Regular Season;0;0;0;0;0;0;0;0;0;0
55458;2028;11;12;Placeholder 50 Arena;0;64;65;0;0;0;0;0;0;0;0;0;0;0;0;;;;0;0;0;0;0;0;0;0;0;0;0;0;0;0;0;0;0;0;0;0;0;0;0;0;Regular Season;0;0;0;0;0;0;0;0;0;0
55427;2028;11;12;Angel of the Winds Arena;0;83;80;0;0;0;0;0;0;0;0;0;0;0;0;;;;0;0;0;0;0;0;0;0;0;0;0;0;0;0;0;0;0;0;0;0;0;0;0;0;Regular Season;0;0;0;0;0;0;0;0;0;0
55419;2028;11;12;Pacific Coliseum;0;81;74;0;0;0;0;0;0;0;0;0;0;0;0;;;;0;0;0;0;0;0;0;0;0;0;0;0;0;0;0;0;0;0;0;0;0;0;0;0;Regular Season;0;0;0;0;0;0;0;0;0;0
55430;2028;11;12;Mosaic Place;0;67;66;0;0;0;0;0;0;0;0;0;0;0;0;;;;0;0;0;0;0;0;0;0;0;0;0;0;0;0;0;0;0;0;0;0;0;0;0;0;Regular Season;0;0;0;0;0;0;0;0;0;0
55535;2028;11;13;Toyota Arena;0;69;79;0;0;0;0;0;0;0;0;0;0;0;0;;;;0;0;0;0;0;0;0;0;0;0;0;0;0;0;0;0;0;0;0;0;0;0;0;0;Regular Season;0;0;0;0;0;0;0;0;0;0
55548;2028;11;13;Placeholder 49 Arena;0;63;66;0;0;0;0;0;0;0;0;0;0;0;0;;;;0;0;0;0;0;0;0;0;0;0;0;0;0;0;0;0;0;0;0;0;0;0;0;0;Regular Season;0;0;0;0;0;0;0;0;0;0
55413;2028;11;13;Save-On-Foods Memorial Centre;0;82;68;0;0;0;0;0;0;0;0;0;0;0;0;;;;0;0;0;0;0;0;0;0;0;0;0;0;0;0;0;0;0;0;0;0;0;0;0;0;Regular Season;0;0;0;0;0;0;0;0;0;0
55412;2028;11;13;Mosaic Place;0;67;76;0;0;0;0;0;0;0;0;0;0;0;0;;;;0;0;0;0;0;0;0;0;0;0;0;0;0;0;0;0;0;0;0;0;0;0;0;0;Regular Season;0;0;0;0;0;0;0;0;0;0
55465;2028;11;13;Angel of the Winds Arena;0;83;84;0;0;0;0;0;0;0;0;0;0;0;0;;;;0;0;0;0;0;0;0;0;0;0;0;0;0;0;0;0;0;0;0;0;0;0;0;0;Regular Season;0;0;0;0;0;0;0;0;0;0
55442;2028;11;13;ENMAX Centrium;0;77;78;0;0;0;0;0;0;0;0;0;0;0;0;;;;0;0;0;0;0;0;0;0;0;0;0;0;0;0;0;0;0;0;0;0;0;0;0;0;Regular Season;0;0;0;0;0;0;0;0;0;0
55431;2028;11;14;Placeholder 50 Arena;0;64;80;0;0;0;0;0;0;0;0;0;0;0;0;;;;0;0;0;0;0;0;0;0;0;0;0;0;0;0;0;0;0;0;0;0;0;0;0;0;Regular Season;0;0;0;0;0;0;0;0;0;0
55433;2028;11;14;Frank Crane Arena;0;78;73;0;0;0;0;0;0;0;0;0;0;0;0;;;;0;0;0;0;0;0;0;0;0;0;0;0;0;0;0;0;0;0;0;0;0;0;0;0;Regular Season;0;0;0;0;0;0;0;0;0;0
55460;2028;11;14;Prospera Place;0;79;81;0;0;0;0;0;0;0;0;0;0;0;0;;;;0;0;0;0;0;0;0;0;0;0;0;0;0;0;0;0;0;0;0;0;0;0;0;0;Regular Season;0;0;0;0;0;0;0;0;0;0
55581;2028;11;14;Stockton Arena;0;70;65;0;0;0;0;0;0;0;0;0;0;0;0;;;;0;0;0;0;0;0;0;0;0;0;0;0;0;0;0;0;0;0;0;0;0;0;0;0;Regular Season;0;0;0;0;0;0;0;0;0;0
55546;2028;11;14;ENMAX Centre;0;75;63;0;0;0;0;0;0;0;0;0;0;0;0;;;;0;0;0;0;0;0;0;0;0;0;0;0;0;0;0;0;0;0;0;0;0;0;0;0;Regular Season;0;0;0;0;0;0;0;0;0;0
55414;2028;11;15;Save-On-Foods Memorial Centre;0;82;76;0;0;0;0;0;0;0;0;0;0;0;0;;;;0;0;0;0;0;0;0;0;0;0;0;0;0;0;0;0;0;0;0;0;0;0;0;0;Regular Season;0;0;0;0;0;0;0;0;0;0
55440;2028;11;15;Mosaic Place;0;67;72;0;0;0;0;0;0;0;0;0;0;0;0;;;;0;0;0;0;0;0;0;0;0;0;0;0;0;0;0;0;0;0;0;0;0;0;0;0;Regular Season;0;0;0;0;0;0;0;0;0;0
55454;2028;11;15;ENMAX Centrium;0;77;75;0;0;0;0;0;0;0;0;0;0;0;0;;;;0;0;0;0;0;0;0;0;0;0;0;0;0;0;0;0;0;0;0;0;0;0;0;0;Regular Season;0;0;0;0;0;0;0;0;0;0
55451;2028;11;15;Angel of the Winds Arena;0;83;84;0;0;0;0;0;0;0;0;0;0;0;0;;;;0;0;0;0;0;0;0;0;0;0;0;0;0;0;0;0;0;0;0;0;0;0;0;0;Regular Season;0;0;0;0;0;0;0;0;0;0
55473;2028;11;15;Placeholder 50 Arena;0;64;66;0;0;0;0;0;0;0;0;0;0;0;0;;;;0;0;0;0;0;0;0;0;0;0;0;0;0;0;0;0;0;0;0;0;0;0;0;0;Regular Season;0;0;0;0;0;0;0;0;0;0
55444;2028;11;16;Von Braun Center;0;72;63;0;0;0;0;0;0;0;0;0;0;0;0;;;;0;0;0;0;0;0;0;0;0;0;0;0;0;0;0;0;0;0;0;0;0;0;0;0;Regular Season;0;0;0;0;0;0;0;0;0;0
55462;2028;11;16;Western Financial Place;0;74;77;0;0;0;0;0;0;0;0;0;0;0;0;;;;0;0;0;0;0;0;0;0;0;0;0;0;0;0;0;0;0;0;0;0;0;0;0;0;Regular Season;0;0;0;0;0;0;0;0;0;0
55435;2028;11;16;CN Centre;0;80;81;0;0;0;0;0;0;0;0;0;0;0;0;;;;0;0;0;0;0;0;0;0;0;0;0;0;0;0;0;0;0;0;0;0;0;0;0;0;Regular Season;0;0;0;0;0;0;0;0;0;0
55457;2028;11;16;Mosaic Place;0;67;71;0;0;0;0;0;0;0;0;0;0;0;0;;;;0;0;0;0;0;0;0;0;0;0;0;0;0;0;0;0;0;0;0;0;0;0;0;0;Regular Season;0;0;0;0;0;0;0;0;0;0
55453;2028;11;16;Canalta Centre;0;76;66;0;0;0;0;0;0;0;0;0;0;0;0;;;;0;0;0;0;0;0;0;0;0;0;0;0;0;0;0;0;0;0;0;0;0;0;0;0;Regular Season;0;0;0;0;0;0;0;0;0;0
55543;2028;11;16;MODA Center;0;84;69;0;0;0;0;0;0;0;0;0;0;0;0;;;;0;0;0;0;0;0;0;0;0;0;0;0;0;0;0;0;0;0;0;0;0;0;0;0;Regular Season;0;0;0;0;0;0;0;0;0;0
55626;2028;11;17;Toyota Arena;0;69;70;0;0;0;0;0;0;0;0;0;0;0;0;;;;0;0;0;0;0;0;0;0;0;0;0;0;0;0;0;0;0;0;0;0;0;0;0;0;Regular Season;0;0;0;0;0;0;0;0;0;0
55437;2028;11;17;Western Financial Place;0;74;80;0;0;0;0;0;0;0;0;0;0;0;0;;;;0;0;0;0;0;0;0;0;0;0;0;0;0;0;0;0;0;0;0;0;0;0;0;0;Regular Season;0;0;0;0;0;0;0;0;0;0
55443;2028;11;17;ENMAX Centre;0;75;78;0;0;0;0;0;0;0;0;0;0;0;0;;;;0;0;0;0;0;0;0;0;0;0;0;0;0;0;0;0;0;0;0;0;0;0;0;0;Regular Season;0;0;0;0;0;0;0;0;0;0
55467;2028;11;17;Angel of the Winds Arena;0;83;71;0;0;0;0;0;0;0;0;0;0;0;0;;;;0;0;0;0;0;0;0;0;0;0;0;0;0;0;0;0;0;0;0;0;0;0;0;0;Regular Season;0;0;0;0;0;0;0;0;0;0
55495;2028;11;17;Placeholder 48 Arena;0;65;64;0;0;0;0;0;0;0;0;0;0;0;0;;;;0;0;0;0;0;0;0;0;0;0;0;0;0;0;0;0;0;0;0;0;0;0;0;0;Regular Season;0;0;0;0;0;0;0;0;0;0
55466;2028;11;17;Pacific Coliseum;0;81;63;0;0;0;0;0;0;0;0;0;0;0;0;;;;0;0;0;0;0;0;0;0;0;0;0;0;0;0;0;0;0;0;0;0;0;0;0;0;Regular Season;0;0;0;0;0;0;0;0;0;0
55447;2028;11;17;Art Hauser Centre;0;68;82;0;0;0;0;0;0;0;0;0;0;0;0;;;;0;0;0;0;0;0;0;0;0;0;0;0;0;0;0;0;0;0;0;0;0;0;0;0;Regular Season;0;0;0;0;0;0;0;0;0;0
55445;2028;11;18;Prospera Place;0;79;72;0;0;0;0;0;0;0;0;0;0;0;0;;;;0;0;0;0;0;0;0;0;0;0;0;0;0;0;0;0;0;0;0;0;0;0;0;0;Regular Season;0;0;0;0;0;0;0;0;0;0
55472;2028;11;18;Market Square Arena;0;73;68;0;0;0;0;0;0;0;0;0;0;0;0;;;;0;0;0;0;0;0;0;0;0;0;0;0;0;0;0;0;0;0;0;0;0;0;0;0;Regular Season;0;0;0;0;0;0;0;0;0;0
56000;2028;11;18;Mosaic Place;0;67;84;0;0;0;0;0;0;0;0;0;0;0;0;;;;0;0;0;0;0;0;0;0;0;0;0;0;0;0;0;0;0;0;0;0;0;0;0;0;Regular Season;0;0;0;0;0;0;0;0;0;0
55993;2028;11;18;Placeholder 50 Arena;0;64;70;0;0;0;0;0;0;0;0;0;0;0;0;;;;0;0;0;0;0;0;0;0;0;0;0;0;0;0;0;0;0;0;0;0;0;0;0;0;Regular Season;0;0;0;0;0;0;0;0;0;0
55637;2028;11;18;Frank Crane Arena;0;78;76;0;0;0;0;0;0;0;0;0;0;0;0;;;;0;0;0;0;0;0;0;0;0;0;0;0;0;0;0;0;0;0;0;0;0;0;0;0;Regular Season;0;0;0;0;0;0;0;0;0;0
55496;2028;11;19;Market Square Arena;0;73;74;0;0;0;0;0;0;0;0;0;0;0;0;;;;0;0;0;0;0;0;0;0;0;0;0;0;0;0;0;0;0;0;0;0;0;0;0;0;Regular Season;0;0;0;0;0;0;0;0;0;0
55534;2028;11;19;Westoba Place;0;66;65;0;0;0;0;0;0;0;0;0;0;0;0;;;;0;0;0;0;0;0;0;0;0;0;0;0;0;0;0;0;0;0;0;0;0;0;0;0;Regular Season;0;0;0;0;0;0;0;0;0;0
55829;2028;11;19;Prospera Place;0;79;69;0;0;0;0;0;0;0;0;0;0;0;0;;;;0;0;0;0;0;0;0;0;0;0;0;0;0;0;0;0;0;0;0;0;0;0;0;0;Regular Season;0;0;0;0;0;0;0;0;0;0
55484;2028;11;20;Stockton Arena;0;70;81;0;0;0;0;0;0;0;0;0;0;0;0;;;;0;0;0;0;0;0;0;0;0;0;0;0;0;0;0;0;0;0;0;0;0;0;0;0;Regular Season;0;0;0;0;0;0;0;0;0;0
55474;2028;11;20;Dalhousie Memorial Arena;0;71;77;0;0;0;0;0;0;0;0;0;0;0;0;;;;0;0;0;0;0;0;0;0;0;0;0;0;0;0;0;0;0;0;0;0;0;0;0;0;Regular Season;0;0;0;0;0;0;0;0;0;0
55494;2028;11;20;MODA Center;0;84;72;0;0;0;0;0;0;0;0;0;0;0;0;;;;0;0;0;0;0;0;0;0;0;0;0;0;0;0;0;0;0;0;0;0;0;0;0;0;Regular Season;0;0;0;0;0;0;0;0;0;0
55450;2028;11;20;Placeholder 49 Arena;0;63;78;0;0;0;0;0;0;0;0;0;0;0;0;;;;0;0;0;0;0;0;0;0;0;0;0;0;0;0;0;0;0;0;0;0;0;0;0;0;Regular Season;0;0;0;0;0;0;0;0;0;0
55501;2028;11;20;Westoba Place;0;66;83;0;0;0;0;0;0;0;0;0;0;0;0;;;;0;0;0;0;0;0;0;0;0;0;0;0;0;0;0;0;0;0;0;0;0;0;0;0;Regular Season;0;0;0;0;0;0;0;0;0;0
55522;2028;11;20;CN Centre;0;80;76;0;0;0;0;0;0;0;0;0;0;0;0;;;;0;0;0;0;0;0;0;0;0;0;0;0;0;0;0;0;0;0;0;0;0;0;0;0;Regular Season;0;0;0;0;0;0;0;0;0;0
55533;2028;11;21;Market Square Arena;0;73;83;0;0;0;0;0;0;0;0;0;0;0;0;;;;0;0;0;0;0;0;0;0;0;0;0;0;0;0;0;0;0;0;0;0;0;0;0;0;Regular Season;0;0;0;0;0;0;0;0;0;0
55446;2028;11;21;Canalta Centre;0;76;78;0;0;0;0;0;0;0;0;0;0;0;0;;;;0;0;0;0;0;0;0;0;0;0;0;0;0;0;0;0;0;0;0;0;0;0;0;0;Regular Season;0;0;0;0;0;0;0;0;0;0
55463;2028;11;21;ENMAX Centrium;0;77;74;0;0;0;0;0;0;0;0;0;0;0;0;;;;0;0;0;0;0;0;0;0;0;0;0;0;0;0;0;0;0;0;0;0;0;0;0;0;Regular Season;0;0;0;0;0;0;0;0;0;0
55468;2028;11;21;CN Centre;0;80;84;0;0;0;0;0;0;0;0;0;0;0;0;;;;0;0;0;0;0;0;0;0;0;0;0;0;0;0;0;0;0;0;0;0;0;0;0;0;Regular Season;0;0;0;0;0;0;0;0;0;0
55509;2028;11;21;ENMAX Centre;0;75;64;0;0;0;0;0;0;0;0;0;0;0;0;;;;0;0;0;0;0;0;0;0;0;0;0;0;0;0;0;0;0;0;0;0;0;0;0;0;Regular Season;0;0;0;0;0;0;0;0;0;0
55470;2028;11;21;Placeholder 48 Arena;0;65;67;0;0;0;0;0;0;0;0;0;0;0;0;;;;0;0;0;0;0;0;0;0;0;0;0;0;0;0;0;0;0;0;0;0;0;0;0;0;Regular Season;0;0;0;0;0;0;0;0;0;0
55486;2028;11;21;Dalhousie Memorial Arena;0;71;82;0;0;0;0;0;0;0;0;0;0;0;0;;;;0;0;0;0;0;0;0;0;0;0;0;0;0;0;0;0;0;0;0;0;0;0;0;0;Regular Season;0;0;0;0;0;0;0;0;0;0
55592;2028;11;21;Toyota Arena;0;69;68;0;0;0;0;0;0;0;0;0;0;0;0;;;;0;0;0;0;0;0;0;0;0;0;0;0;0;0;0;0;0;0;0;0;0;0;0;0;Regular Season;0;0;0;0;0;0;0;0;0;0
55471;2028;11;21;Von Braun Center;0;72;63;0;0;0;0;0;0;0;0;0;0;0;0;;;;0;0;0;0;0;0;0;0;0;0;0;0;0;0;0;0;0;0;0;0;0;0;0;0;Regular Season;0;0;0;0;0;0;0;0;0;0
55625;2028;11;22;Toyota Arena;0;69;66;0;0;0;0;0;0;0;0;0;0;0;0;;;;0;0;0;0;0;0;0;0;0;0;0;0;0;0;0;0;0;0;0;0;0;0;0;0;Regular Season;0;0;0;0;0;0;0;0;0;0
55650;2028;11;22;Western Financial Place;0;74;70;0;0;0;0;0;0;0;0;0;0;0;0;;;;0;0;0;0;0;0;0;0;0;0;0;0;0;0;0;0;0;0;0;0;0;0;0;0;Regular Season;0;0;0;0;0;0;0;0;0;0
55508;2028;11;22;Placeholder 50 Arena;0;64;75;0;0;0;0;0;0;0;0;0;0;0;0;;;;0;0;0;0;0;0;0;0;0;0;0;0;0;0;0;0;0;0;0;0;0;0;0;0;Regular Season;0;0;0;0;0;0;0;0;0;0
55456;2028;11;23;ENMAX Centrium;0;77;76;0;0;0;0;0;0;0;0;0;0;0;0;;;;0;0;0;0;0;0;0;0;0;0;0;0;0;0;0;0;0;0;0;0;0;0;0;0;Regular Season;0;0;0;0;0;0;0;0;0;0
55485;2028;11;23;Dalhousie Memorial Arena;0;71;81;0;0;0;0;0;0;0;0;0;0;0;0;;;;0;0;0;0;0;0;0;0;0;0;0;0;0;0;0;0;0;0;0;0;0;0;0;0;Regular Season;0;0;0;0;0;0;0;0;0;0
55469;2028;11;23;CN Centre;0;80;79;0;0;0;0;0;0;0;0;0;0;0;0;;;;0;0;0;0;0;0;0;0;0;0;0;0;0;0;0;0;0;0;0;0;0;0;0;0;Regular Season;0;0;0;0;0;0;0;0;0;0
55879;2028;11;23;Westoba Place;0;66;70;0;0;0;0;0;0;0;0;0;0;0;0;;;;0;0;0;0;0;0;0;0;0;0;0;0;0;0;0;0;0;0;0;0;0;0;0;0;Regular Season;0;0;0;0;0;0;0;0;0;0
55478;2028;11;23;Placeholder 49 Arena;0;63;67;0;0;0;0;0;0;0;0;0;0;0;0;;;;0;0;0;0;0;0;0;0;0;0;0;0;0;0;0;0;0;0;0;0;0;0;0;0;Regular Season;0;0;0;0;0;0;0;0;0;0
55464;2028;11;24;Canalta Centre;0;76;78;0;0;0;0;0;0;0;0;0;0;0;0;;;;0;0;0;0;0;0;0;0;0;0;0;0;0;0;0;0;0;0;0;0;0;0;0;0;Regular Season;0;0;0;0;0;0;0;0;0;0
55645;2028;11;24;MODA Center;0;84;75;0;0;0;0;0;0;0;0;0;0;0;0;;;;0;0;0;0;0;0;0;0;0;0;0;0;0;0;0;0;0;0;0;0;0;0;0;0;Regular Season;0;0;0;0;0;0;0;0;0;0
55420;2028;11;24;Placeholder 50 Arena;0;64;82;0;0;0;0;0;0;0;0;0;0;0;0;;;;0;0;0;0;0;0;0;0;0;0;0;0;0;0;0;0;0;0;0;0;0;0;0;0;Regular Season;0;0;0;0;0;0;0;0;0;0
55558;2028;11;24;Angel of the Winds Arena;0;83;74;0;0;0;0;0;0;0;0;0;0;0;0;;;;0;0;0;0;0;0;0;0;0;0;0;0;0;0;0;0;0;0;0;0;0;0;0;0;Regular Season;0;0;0;0;0;0;0;0;0;0
55449;2028;11;24;CN Centre;0;80;68;0;0;0;0;0;0;0;0;0;0;0;0;;;;0;0;0;0;0;0;0;0;0;0;0;0;0;0;0;0;0;0;0;0;0;0;0;0;Regular Season;0;0;0;0;0;0;0;0;0;0
55547;2028;11;24;Toyota Arena;0;69;73;0;0;0;0;0;0;0;0;0;0;0;0;;;;0;0;0;0;0;0;0;0;0;0;0;0;0;0;0;0;0;0;0;0;0;0;0;0;Regular Season;0;0;0;0;0;0;0;0;0;0
55476;2028;11;24;Von Braun Center;0;72;65;0;0;0;0;0;0;0;0;0;0;0;0;;;;0;0;0;0;0;0;0;0;0;0;0;0;0;0;0;0;0;0;0;0;0;0;0;0;Regular Season;0;0;0;0;0;0;0;0;0;0
55479;2028;11;25;Mosaic Place;0;67;68;0;0;0;0;0;0;0;0;0;0;0;0;;;;0;0;0;0;0;0;0;0;0;0;0;0;0;0;0;0;0;0;0;0;0;0;0;0;Regular Season;0;0;0;0;0;0;0;0;0;0
55550;2028;11;25;MODA Center;0;84;78;0;0;0;0;0;0;0;0;0;0;0;0;;;;0;0;0;0;0;0;0;0;0;0;0;0;0;0;0;0;0;0;0;0;0;0;0;0;Regular Season;0;0;0;0;0;0;0;0;0;0
55461;2028;11;25;Save-On-Foods Memorial Centre;0;82;79;0;0;0;0;0;0;0;0;0;0;0;0;;;;0;0;0;0;0;0;0;0;0;0;0;0;0;0;0;0;0;0;0;0;0;0;0;0;Regular Season;0;0;0;0;0;0;0;0;0;0
55555;2028;11;25;ENMAX Centre;0;75;73;0;0;0;0;0;0;0;0;0;0;0;0;;;;0;0;0;0;0;0;0;0;0;0;0;0;0;0;0;0;0;0;0;0;0;0;0;0;Regular Season;0;0;0;0;0;0;0;0;0;0
55529;2028;11;26;Pacific Coliseum;0;81;65;0;0;0;0;0;0;0;0;0;0;0;0;;;;0;0;0;0;0;0;0;0;0;0;0;0;0;0;0;0;0;0;0;0;0;0;0;0;Regular Season;0;0;0;0;0;0;0;0;0;0
55562;2028;11;27;Placeholder 49 Arena;0;63;66;0;0;0;0;0;0;0;0;0;0;0;0;;;;0;0;0;0;0;0;0;0;0;0;0;0;0;0;0;0;0;0;0;0;0;0;0;0;Regular Season;0;0;0;0;0;0;0;0;0;0
55487;2028;11;27;Frank Crane Arena;0;78;83;0;0;0;0;0;0;0;0;0;0;0;0;;;;0;0;0;0;0;0;0;0;0;0;0;0;0;0;0;0;0;0;0;0;0;0;0;0;Regular Season;0;0;0;0;0;0;0;0;0;0
55481;2028;11;27;ENMAX Centrium;0;77;75;0;0;0;0;0;0;0;0;0;0;0;0;;;;0;0;0;0;0;0;0;0;0;0;0;0;0;0;0;0;0;0;0;0;0;0;0;0;Regular Season;0;0;0;0;0;0;0;0;0;0
55499;2028;11;27;Save-On-Foods Memorial Centre;0;82;81;0;0;0;0;0;0;0;0;0;0;0;0;;;;0;0;0;0;0;0;0;0;0;0;0;0;0;0;0;0;0;0;0;0;0;0;0;0;Regular Season;0;0;0;0;0;0;0;0;0;0
55490;2028;11;27;Dalhousie Memorial Arena;0;71;73;0;0;0;0;0;0;0;0;0;0;0;0;;;;0;0;0;0;0;0;0;0;0;0;0;0;0;0;0;0;0;0;0;0;0;0;0;0;Regular Season;0;0;0;0;0;0;0;0;0;0
55483;2028;11;27;Canalta Centre;0;76;68;0;0;0;0;0;0;0;0;0;0;0;0;;;;0;0;0;0;0;0;0;0;0;0;0;0;0;0;0;0;0;0;0;0;0;0;0;0;Regular Season;0;0;0;0;0;0;0;0;0;0
55595;2028;11;28;Toyota Arena;0;69;73;0;0;0;0;0;0;0;0;0;0;0;0;;;;0;0;0;0;0;0;0;0;0;0;0;0;0;0;0;0;0;0;0;0;0;0;0;0;Regular Season;0;0;0;0;0;0;0;0;0;0
55510;2028;11;28;Von Braun Center;0;72;70;0;0;0;0;0;0;0;0;0;0;0;0;;;;0;0;0;0;0;0;0;0;0;0;0;0;0;0;0;0;0;0;0;0;0;0;0;0;Regular Season;0;0;0;0;0;0;0;0;0;0
55559;2028;11;28;Placeholder 49 Arena;0;63;64;0;0;0;0;0;0;0;0;0;0;0;0;;;;0;0;0;0;0;0;0;0;0;0;0;0;0;0;0;0;0;0;0;0;0;0;0;0;Regular Season;0;0;0;0;0;0;0;0;0;0
55731;2028;11;28;Canalta Centre;0;76;78;0;0;0;0;0;0;0;0;0;0;0;0;;;;0;0;0;0;0;0;0;0;0;0;0;0;0;0;0;0;0;0;0;0;0;0;0;0;Regular Season;0;0;0;0;0;0;0;0;0;0
55504;2028;11;28;Western Financial Place;0;74;68;0;0;0;0;0;0;0;0;0;0;0;0;;;;0;0;0;0;0;0;0;0;0;0;0;0;0;0;0;0;0;0;0;0;0;0;0;0;Regular Season;0;0;0;0;0;0;0;0;0;0
55482;2028;11;28;Prospera Place;0;79;77;0;0;0;0;0;0;0;0;0;0;0;0;;;;0;0;0;0;0;0;0;0;0;0;0;0;0;0;0;0;0;0;0;0;0;0;0;0;Regular Season;0;0;0;0;0;0;0;0;0;0
55528;2028;11;28;Dalhousie Memorial Arena;0;71;67;0;0;0;0;0;0;0;0;0;0;0;0;;;;0;0;0;0;0;0;0;0;0;0;0;0;0;0;0;0;0;0;0;0;0;0;0;0;Regular Season;0;0;0;0;0;0;0;0;0;0
55578;2028;11;28;Westoba Place;0;66;65;0;0;0;0;0;0;0;0;0;0;0;0;;;;0;0;0;0;0;0;0;0;0;0;0;0;0;0;0;0;0;0;0;0;0;0;0;0;Regular Season;0;0;0;0;0;0;0;0;0;0
55477;2028;11;28;Save-On-Foods Memorial Centre;0;82;83;0;0;0;0;0;0;0;0;0;0;0;0;;;;0;0;0;0;0;0;0;0;0;0;0;0;0;0;0;0;0;0;0;0;0;0;0;0;Regular Season;0;0;0;0;0;0;0;0;0;0
55500;2028;11;28;MODA Center;0;84;80;0;0;0;0;0;0;0;0;0;0;0;0;;;;0;0;0;0;0;0;0;0;0;0;0;0;0;0;0;0;0;0;0;0;0;0;0;0;Regular Season;0;0;0;0;0;0;0;0;0;0
55526;2028;11;29;Von Braun Center;0;72;69;0;0;0;0;0;0;0;0;0;0;0;0;;;;0;0;0;0;0;0;0;0;0;0;0;0;0;0;0;0;0;0;0;0;0;0;0;0;Regular Season;0;0;0;0;0;0;0;0;0;0
55514;2028;11;29;Mosaic Place;0;67;70;0;0;0;0;0;0;0;0;0;0;0;0;;;;0;0;0;0;0;0;0;0;0;0;0;0;0;0;0;0;0;0;0;0;0;0;0;0;Regular Season;0;0;0;0;0;0;0;0;0;0
55493;2028;11;30;Canalta Centre;0;76;77;0;0;0;0;0;0;0;0;0;0;0;0;;;;0;0;0;0;0;0;0;0;0;0;0;0;0;0;0;0;0;0;0;0;0;0;0;0;Regular Season;0;0;0;0;0;0;0;0;0;0
55601;2028;11;30;Westoba Place;0;66;64;0;0;0;0;0;0;0;0;0;0;0;0;;;;0;0;0;0;0;0;0;0;0;0;0;0;0;0;0;0;0;0;0;0;0;0;0;0;Regular Season;0;0;0;0;0;0;0;0;0;0
55617;2028;11;30;Prospera Place;0;79;73;0;0;0;0;0;0;0;0;0;0;0;0;;;;0;0;0;0;0;0;0;0;0;0;0;0;0;0;0;0;0;0;0;0;0;0;0;0;Regular Season;0;0;0;0;0;0;0;0;0;0
55475;2028;11;30;CN Centre;0;80;81;0;0;0;0;0;0;0;0;0;0;0;0;;;;0;0;0;0;0;0;0;0;0;0;0;0;0;0;0;0;0;0;0;0;0;0;0;0;Regular Season;0;0;0;0;0;0;0;0;0;0
55497;2028;12;1;Save-On-Foods Memorial Centre;0;82;84;0;0;0;0;0;0;0;0;0;0;0;0;;;;0;0;0;0;0;0;0;0;0;0;0;0;0;0;0;0;0;0;0;0;0;0;0;0;Regular Season;0;0;0;0;0;0;0;0;0;0
55489;2028;12;1;Frank Crane Arena;0;78;75;0;0;0;0;0;0;0;0;0;0;0;0;;;;0;0;0;0;0;0;0;0;0;0;0;0;0;0;0;0;0;0;0;0;0;0;0;0;Regular Season;0;0;0;0;0;0;0;0;0;0
55523;2028;12;1;Pacific Coliseum;0;81;76;0;0;0;0;0;0;0;0;0;0;0;0;;;;0;0;0;0;0;0;0;0;0;0;0;0;0;0;0;0;0;0;0;0;0;0;0;0;Regular Season;0;0;0;0;0;0;0;0;0;0
55982;2028;12;1;Art Hauser Centre;0;68;69;0;0;0;0;0;0;0;0;0;0;0;0;;;;0;0;0;0;0;0;0;0;0;0;0;0;0;0;0;0;0;0;0;0;0;0;0;0;Regular Season;0;0;0;0;0;0;0;0;0;0
55800;2028;12;1;Placeholder 48 Arena;0;65;70;0;0;0;0;0;0;0;0;0;0;0;0;;;;0;0;0;0;0;0;0;0;0;0;0;0;0;0;0;0;0;0;0;0;0;0;0;0;Regular Season;0;0;0;0;0;0;0;0;0;0
55618;2028;12;1;Western Financial Place;0;74;72;0;0;0;0;0;0;0;0;0;0;0;0;;;;0;0;0;0;0;0;0;0;0;0;0;0;0;0;0;0;0;0;0;0;0;0;0;0;Regular Season;0;0;0;0;0;0;0;0;0;0
55715;2028;12;2;Placeholder 48 Arena;0;65;74;0;0;0;0;0;0;0;0;0;0;0;0;;;;0;0;0;0;0;0;0;0;0;0;0;0;0;0;0;0;0;0;0;0;0;0;0;0;Regular Season;0;0;0;0;0;0;0;0;0;0
55602;2028;12;2;Placeholder 50 Arena;0;64;69;0;0;0;0;0;0;0;0;0;0;0;0;;;;0;0;0;0;0;0;0;0;0;0;0;0;0;0;0;0;0;0;0;0;0;0;0;0;Regular Season;0;0;0;0;0;0;0;0;0;0
55519;2028;12;2;CN Centre;0;80;84;0;0;0;0;0;0;0;0;0;0;0;0;;;;0;0;0;0;0;0;0;0;0;0;0;0;0;0;0;0;0;0;0;0;0;0;0;0;Regular Season;0;0;0;0;0;0;0;0;0;0
55505;2028;12;2;Dalhousie Memorial Arena;0;71;75;0;0;0;0;0;0;0;0;0;0;0;0;;;;0;0;0;0;0;0;0;0;0;0;0;0;0;0;0;0;0;0;0;0;0;0;0;0;Regular Season;0;0;0;0;0;0;0;0;0;0
55480;2028;12;2;Frank Crane Arena;0;78;83;0;0;0;0;0;0;0;0;0;0;0;0;;;;0;0;0;0;0;0;0;0;0;0;0;0;0;0;0;0;0;0;0;0;0;0;0;0;Regular Season;0;0;0;0;0;0;0;0;0;0
55540;2028;12;2;Placeholder 49 Arena;0;63;68;0;0;0;0;0;0;0;0;0;0;0;0;;;;0;0;0;0;0;0;0;0;0;0;0;0;0;0;0;0;0;0;0;0;0;0;0;0;Regular Season;0;0;0;0;0;0;0;0;0;0
55531;2028;12;2;Prospera Place;0;79;67;0;0;0;0;0;0;0;0;0;0;0;0;;;;0;0;0;0;0;0;0;0;0;0;0;0;0;0;0;0;0;0;0;0;0;0;0;0;Regular Season;0;0;0;0;0;0;0;0;0;0
55532;2028;12;4;Von Braun Center;0;72;67;0;0;0;0;0;0;0;0;0;0;0;0;;;;0;0;0;0;0;0;0;0;0;0;0;0;0;0;0;0;0;0;0;0;0;0;0;0;Regular Season;0;0;0;0;0;0;0;0;0;0
55614;2028;12;4;Toyota Arena;0;69;73;0;0;0;0;0;0;0;0;0;0;0;0;;;;0;0;0;0;0;0;0;0;0;0;0;0;0;0;0;0;0;0;0;0;0;0;0;0;Regular Season;0;0;0;0;0;0;0;0;0;0
55545;2028;12;4;MODA Center;0;84;80;0;0;0;0;0;0;0;0;0;0;0;0;;;;0;0;0;0;0;0;0;0;0;0;0;0;0;0;0;0;0;0;0;0;0;0;0;0;Regular Season;0;0;0;0;0;0;0;0;0;0
55512;2028;12;4;Angel of the Winds Arena;0;83;71;0;0;0;0;0;0;0;0;0;0;0;0;;;;0;0;0;0;0;0;0;0;0;0;0;0;0;0;0;0;0;0;0;0;0;0;0;0;Regular Season;0;0;0;0;0;0;0;0;0;0
55524;2028;12;4;Canalta Centre;0;76;74;0;0;0;0;0;0;0;0;0;0;0;0;;;;0;0;0;0;0;0;0;0;0;0;0;0;0;0;0;0;0;0;0;0;0;0;0;0;Regular Season;0;0;0;0;0;0;0;0;0;0
56002;2028;12;4;Placeholder 48 Arena;0;65;77;0;0;0;0;0;0;0;0;0;0;0;0;;;;0;0;0;0;0;0;0;0;0;0;0;0;0;0;0;0;0;0;0;0;0;0;0;0;Regular Season;0;0;0;0;0;0;0;0;0;0
55542;2028;12;5;Art Hauser Centre;0;68;73;0;0;0;0;0;0;0;0;0;0;0;0;;;;0;0;0;0;0;0;0;0;0;0;0;0;0;0;0;0;0;0;0;0;0;0;0;0;Regular Season;0;0;0;0;0;0;0;0;0;0
55560;2028;12;5;CN Centre;0;80;72;0;0;0;0;0;0;0;0;0;0;0;0;;;;0;0;0;0;0;0;0;0;0;0;0;0;0;0;0;0;0;0;0;0;0;0;0;0;Regular Season;0;0;0;0;0;0;0;0;0;0
55511;2028;12;5;Save-On-Foods Memorial Centre;0;82;77;0;0;0;0;0;0;0;0;0;0;0;0;;;;0;0;0;0;0;0;0;0;0;0;0;0;0;0;0;0;0;0;0;0;0;0;0;0;Regular Season;0;0;0;0;0;0;0;0;0;0
55506;2028;12;5;Frank Crane Arena;0;78;67;0;0;0;0;0;0;0;0;0;0;0;0;;;;0;0;0;0;0;0;0;0;0;0;0;0;0;0;0;0;0;0;0;0;0;0;0;0;Regular Season;0;0;0;0;0;0;0;0;0;0
55553;2028;12;5;Pacific Coliseum;0;81;84;0;0;0;0;0;0;0;0;0;0;0;0;;;;0;0;0;0;0;0;0;0;0;0;0;0;0;0;0;0;0;0;0;0;0;0;0;0;Regular Season;0;0;0;0;0;0;0;0;0;0
55584;2028;12;5;Western Financial Place;0;74;63;0;0;0;0;0;0;0;0;0;0;0;0;;;;0;0;0;0;0;0;0;0;0;0;0;0;0;0;0;0;0;0;0;0;0;0;0;0;Regular Season;0;0;0;0;0;0;0;0;0;0
55513;2028;12;5;Canalta Centre;0;76;75;0;0;0;0;0;0;0;0;0;0;0;0;;;;0;0;0;0;0;0;0;0;0;0;0;0;0;0;0;0;0;0;0;0;0;0;0;0;Regular Season;0;0;0;0;0;0;0;0;0;0
55906;2028;12;5;Placeholder 48 Arena;0;65;69;0;0;0;0;0;0;0;0;0;0;0;0;;;;0;0;0;0;0;0;0;0;0;0;0;0;0;0;0;0;0;0;0;0;0;0;0;0;Regular Season;0;0;0;0;0;0;0;0;0;0
55700;2028;12;5;Stockton Arena;0;70;64;0;0;0;0;0;0;0;0;0;0;0;0;;;;0;0;0;0;0;0;0;0;0;0;0;0;0;0;0;0;0;0;0;0;0;0;0;0;Regular Season;0;0;0;0;0;0;0;0;0;0
55527;2028;12;6;Angel of the Winds Arena;0;83;79;0;0;0;0;0;0;0;0;0;0;0;0;;;;0;0;0;0;0;0;0;0;0;0;0;0;0;0;0;0;0;0;0;0;0;0;0;0;Regular Season;0;0;0;0;0;0;0;0;0;0
55551;2028;12;6;Westoba Place;0;66;71;0;0;0;0;0;0;0;0;0;0;0;0;;;;0;0;0;0;0;0;0;0;0;0;0;0;0;0;0;0;0;0;0;0;0;0;0;0;Regular Season;0;0;0;0;0;0;0;0;0;0
55635;2028;12;7;Placeholder 50 Arena;0;64;74;0;0;0;0;0;0;0;0;0;0;0;0;;;;0;0;0;0;0;0;0;0;0;0;0;0;0;0;0;0;0;0;0;0;0;0;0;0;Regular Season;0;0;0;0;0;0;0;0;0;0
55507;2028;12;7;Frank Crane Arena;0;78;72;0;0;0;0;0;0;0;0;0;0;0;0;;;;0;0;0;0;0;0;0;0;0;0;0;0;0;0;0;0;0;0;0;0;0;0;0;0;Regular Season;0;0;0;0;0;0;0;0;0;0
55611;2028;12;7;Pacific Coliseum;0;81;71;0;0;0;0;0;0;0;0;0;0;0;0;;;;0;0;0;0;0;0;0;0;0;0;0;0;0;0;0;0;0;0;0;0;0;0;0;0;Regular Season;0;0;0;0;0;0;0;0;0;0
55539;2028;12;7;Mosaic Place;0;67;68;0;0;0;0;0;0;0;0;0;0;0;0;;;;0;0;0;0;0;0;0;0;0;0;0;0;0;0;0;0;0;0;0;0;0;0;0;0;Regular Season;0;0;0;0;0;0;0;0;0;0
55622;2028;12;7;Placeholder 48 Arena;0;65;84;0;0;0;0;0;0;0;0;0;0;0;0;;;;0;0;0;0;0;0;0;0;0;0;0;0;0;0;0;0;0;0;0;0;0;0;0;0;Regular Season;0;0;0;0;0;0;0;0;0;0
55536;2028;12;7;ENMAX Centrium;0;77;79;0;0;0;0;0;0;0;0;0;0;0;0;;;;0;0;0;0;0;0;0;0;0;0;0;0;0;0;0;0;0;0;0;0;0;0;0;0;Regular Season;0;0;0;0;0;0;0;0;0;0
55525;2028;12;7;Save-On-Foods Memorial Centre;0;82;70;0;0;0;0;0;0;0;0;0;0;0;0;;;;0;0;0;0;0;0;0;0;0;0;0;0;0;0;0;0;0;0;0;0;0;0;0;0;Regular Season;0;0;0;0;0;0;0;0;0;0
55574;2028;12;7;Placeholder 49 Arena;0;63;76;0;0;0;0;0;0;0;0;0;0;0;0;;;;0;0;0;0;0;0;0;0;0;0;0;0;0;0;0;0;0;0;0;0;0;0;0;0;Regular Season;0;0;0;0;0;0;0;0;0;0
55565;2028;12;7;Westoba Place;0;66;80;0;0;0;0;0;0;0;0;0;0;0;0;;;;0;0;0;0;0;0;0;0;0;0;0;0;0;0;0;0;0;0;0;0;0;0;0;0;Regular Season;0;0;0;0;0;0;0;0;0;0
55710;2028;12;8;Placeholder 49 Arena;0;63;69;0;0;0;0;0;0;0;0;0;0;0;0;;;;0;0;0;0;0;0;0;0;0;0;0;0;0;0;0;0;0;0;0;0;0;0;0;0;Regular Season;0;0;0;0;0;0;0;0;0;0
55521;2028;12;8;ENMAX Centre;0;75;68;0;0;0;0;0;0;0;0;0;0;0;0;;;;0;0;0;0;0;0;0;0;0;0;0;0;0;0;0;0;0;0;0;0;0;0;0;0;Regular Season;0;0;0;0;0;0;0;0;0;0
55491;2028;12;8;Frank Crane Arena;0;78;82;0;0;0;0;0;0;0;0;0;0;0;0;;;;0;0;0;0;0;0;0;0;0;0;0;0;0;0;0;0;0;0;0;0;0;0;0;0;Regular Season;0;0;0;0;0;0;0;0;0;0
55766;2028;12;8;Placeholder 50 Arena;0;64;65;0;0;0;0;0;0;0;0;0;0;0;0;;;;0;0;0;0;0;0;0;0;0;0;0;0;0;0;0;0;0;0;0;0;0;0;0;0;Regular Season;0;0;0;0;0;0;0;0;0;0
55644;2028;12;9;Von Braun Center;0;72;73;0;0;0;0;0;0;0;0;0;0;0;0;;;;0;0;0;0;0;0;0;0;0;0;0;0;0;0;0;0;0;0;0;0;0;0;0;0;Regular Season;0;0;0;0;0;0;0;0;0;0
55549;2028;12;9;Prospera Place;0;79;75;0;0;0;0;0;0;0;0;0;0;0;0;;;;0;0;0;0;0;0;0;0;0;0;0;0;0;0;0;0;0;0;0;0;0;0;0;0;Regular Season;0;0;0;0;0;0;0;0;0;0
55609;2028;12;9;Westoba Place;0;66;81;0;0;0;0;0;0;0;0;0;0;0;0;;;;0;0;0;0;0;0;0;0;0;0;0;0;0;0;0;0;0;0;0;0;0;0;0;0;Regular Season;0;0;0;0;0;0;0;0;0;0
55516;2028;12;9;ENMAX Centrium;0;77;83;0;0;0;0;0;0;0;0;0;0;0;0;;;;0;0;0;0;0;0;0;0;0;0;0;0;0;0;0;0;0;0;0;0;0;0;0;0;Regular Season;0;0;0;0;0;0;0;0;0;0
55978;2028;12;9;MODA Center;0;84;71;0;0;0;0;0;0;0;0;0;0;0;0;;;;0;0;0;0;0;0;0;0;0;0;0;0;0;0;0;0;0;0;0;0;0;0;0;0;Regular Season;0;0;0;0;0;0;0;0;0;0
55633;2028;12;10;Stockton Arena;0;70;73;0;0;0;0;0;0;0;0;0;0;0;0;;;;0;0;0;0;0;0;0;0;0;0;0;0;0;0;0;0;0;0;0;0;0;0;0;0;Regular Season;0;0;0;0;0;0;0;0;0;0
55668;2028;12;11;Placeholder 50 Arena;0;64;84;0;0;0;0;0;0;0;0;0;0;0;0;;;;0;0;0;0;0;0;0;0;0;0;0;0;0;0;0;0;0;0;0;0;0;0;0;0;Regular Season;0;0;0;0;0;0;0;0;0;0
55587;2028;12;11;Canalta Centre;0;76;77;0;0;0;0;0;0;0;0;0;0;0;0;;;;0;0;0;0;0;0;0;0;0;0;0;0;0;0;0;0;0;0;0;0;0;0;0;0;Regular Season;0;0;0;0;0;0;0;0;0;0
55563;2028;12;11;ENMAX Centre;0;75;81;0;0;0;0;0;0;0;0;0;0;0;0;;;;0;0;0;0;0;0;0;0;0;0;0;0;0;0;0;0;0;0;0;0;0;0;0;0;Regular Season;0;0;0;0;0;0;0;0;0;0
55575;2028;12;11;Western Financial Place;0;74;68;0;0;0;0;0;0;0;0;0;0;0;0;;;;0;0;0;0;0;0;0;0;0;0;0;0;0;0;0;0;0;0;0;0;0;0;0;0;Regular Season;0;0;0;0;0;0;0;0;0;0
55566;2028;12;11;CN Centre;0;80;78;0;0;0;0;0;0;0;0;0;0;0;0;;;;0;0;0;0;0;0;0;0;0;0;0;0;0;0;0;0;0;0;0;0;0;0;0;0;Regular Season;0;0;0;0;0;0;0;0;0;0
55583;2028;12;12;Canalta Centre;0;76;75;0;0;0;0;0;0;0;0;0;0;0;0;;;;0;0;0;0;0;0;0;0;0;0;0;0;0;0;0;0;0;0;0;0;0;0;0;0;Regular Season;0;0;0;0;0;0;0;0;0;0
55541;2028;12;12;Placeholder 48 Arena;0;65;67;0;0;0;0;0;0;0;0;0;0;0;0;;;;0;0;0;0;0;0;0;0;0;0;0;0;0;0;0;0;0;0;0;0;0;0;0;0;Regular Season;0;0;0;0;0;0;0;0;0;0
55530;2028;12;12;Save-On-Foods Memorial Centre;0;82;83;0;0;0;0;0;0;0;0;0;0;0;0;;;;0;0;0;0;0;0;0;0;0;0;0;0;0;0;0;0;0;0;0;0;0;0;0;0;Regular Season;0;0;0;0;0;0;0;0;0;0
55599;2028;12;12;Dalhousie Memorial Arena;0;71;72;0;0;0;0;0;0;0;0;0;0;0;0;;;;0;0;0;0;0;0;0;0;0;0;0;0;0;0;0;0;0;0;0;0;0;0;0;0;Regular Season;0;0;0;0;0;0;0;0;0;0
55569;2028;12;12;Prospera Place;0;79;78;0;0;0;0;0;0;0;0;0;0;0;0;;;;0;0;0;0;0;0;0;0;0;0;0;0;0;0;0;0;0;0;0;0;0;0;0;0;Regular Season;0;0;0;0;0;0;0;0;0;0
55557;2028;12;12;Market Square Arena;0;73;68;0;0;0;0;0;0;0;0;0;0;0;0;;;;0;0;0;0;0;0;0;0;0;0;0;0;0;0;0;0;0;0;0;0;0;0;0;0;Regular Season;0;0;0;0;0;0;0;0;0;0
55721;2028;12;12;Westoba Place;0;66;63;0;0;0;0;0;0;0;0;0;0;0;0;;;;0;0;0;0;0;0;0;0;0;0;0;0;0;0;0;0;0;0;0;0;0;0;0;0;Regular Season;0;0;0;0;0;0;0;0;0;0
55762;2028;12;13;Westoba Place;0;66;84;0;0;0;0;0;0;0;0;0;0;0;0;;;;0;0;0;0;0;0;0;0;0;0;0;0;0;0;0;0;0;0;0;0;0;0;0;0;Regular Season;0;0;0;0;0;0;0;0;0;0
55596;2028;12;13;Stockton Arena;0;70;77;0;0;0;0;0;0;0;0;0;0;0;0;;;;0;0;0;0;0;0;0;0;0;0;0;0;0;0;0;0;0;0;0;0;0;0;0;0;Regular Season;0;0;0;0;0;0;0;0;0;0
55554;2028;12;13;Pacific Coliseum;0;81;82;0;0;0;0;0;0;0;0;0;0;0;0;;;;0;0;0;0;0;0;0;0;0;0;0;0;0;0;0;0;0;0;0;0;0;0;0;0;Regular Season;0;0;0;0;0;0;0;0;0;0
55638;2028;12;13;Dalhousie Memorial Arena;0;71;74;0;0;0;0;0;0;0;0;0;0;0;0;;;;0;0;0;0;0;0;0;0;0;0;0;0;0;0;0;0;0;0;0;0;0;0;0;0;Regular Season;0;0;0;0;0;0;0;0;0;0
55619;2028;12;14;Placeholder 50 Arena;0;64;72;0;0;0;0;0;0;0;0;0;0;0;0;;;;0;0;0;0;0;0;0;0;0;0;0;0;0;0;0;0;0;0;0;0;0;0;0;0;Regular Season;0;0;0;0;0;0;0;0;0;0
55604;2028;12;14;Market Square Arena;0;73;68;0;0;0;0;0;0;0;0;0;0;0;0;;;;0;0;0;0;0;0;0;0;0;0;0;0;0;0;0;0;0;0;0;0;0;0;0;0;Regular Season;0;0;0;0;0;0;0;0;0;0
55658;2028;12;14;Stockton Arena;0;70;74;0;0;0;0;0;0;0;0;0;0;0;0;;;;0;0;0;0;0;0;0;0;0;0;0;0;0;0;0;0;0;0;0;0;0;0;0;0;Regular Season;0;0;0;0;0;0;0;0;0;0
55568;2028;12;14;Prospera Place;0;79;75;0;0;0;0;0;0;0;0;0;0;0;0;;;;0;0;0;0;0;0;0;0;0;0;0;0;0;0;0;0;0;0;0;0;0;0;0;0;Regular Season;0;0;0;0;0;0;0;0;0;0
55564;2028;12;14;Placeholder 49 Arena;0;63;65;0;0;0;0;0;0;0;0;0;0;0;0;;;;0;0;0;0;0;0;0;0;0;0;0;0;0;0;0;0;0;0;0;0;0;0;0;0;Regular Season;0;0;0;0;0;0;0;0;0;0
55688;2028;12;15;Placeholder 48 Arena;0;65;66;0;0;0;0;0;0;0;0;0;0;0;0;;;;0;0;0;0;0;0;0;0;0;0;0;0;0;0;0;0;0;0;0;0;0;0;0;0;Regular Season;0;0;0;0;0;0;0;0;0;0
55682;2028;12;15;Placeholder 50 Arena;0;64;77;0;0;0;0;0;0;0;0;0;0;0;0;;;;0;0;0;0;0;0;0;0;0;0;0;0;0;0;0;0;0;0;0;0;0;0;0;0;Regular Season;0;0;0;0;0;0;0;0;0;0
55632;2028;12;15;Von Braun Center;0;72;73;0;0;0;0;0;0;0;0;0;0;0;0;;;;0;0;0;0;0;0;0;0;0;0;0;0;0;0;0;0;0;0;0;0;0;0;0;0;Regular Season;0;0;0;0;0;0;0;0;0;0
55544;2028;12;15;Mosaic Place;0;67;83;0;0;0;0;0;0;0;0;0;0;0;0;;;;0;0;0;0;0;0;0;0;0;0;0;0;0;0;0;0;0;0;0;0;0;0;0;0;Regular Season;0;0;0;0;0;0;0;0;0;0
55571;2028;12;15;Pacific Coliseum;0;81;79;0;0;0;0;0;0;0;0;0;0;0;0;;;;0;0;0;0;0;0;0;0;0;0;0;0;0;0;0;0;0;0;0;0;0;0;0;0;Regular Season;0;0;0;0;0;0;0;0;0;0
55537;2028;12;16;Save-On-Foods Memorial Centre;0;82;80;0;0;0;0;0;0;0;0;0;0;0;0;;;;0;0;0;0;0;0;0;0;0;0;0;0;0;0;0;0;0;0;0;0;0;0;0;0;Regular Season;0;0;0;0;0;0;0;0;0;0
55582;2028;12;16;Canalta Centre;0;76;67;0;0;0;0;0;0;0;0;0;0;0;0;;;;0;0;0;0;0;0;0;0;0;0;0;0;0;0;0;0;0;0;0;0;0;0;0;0;Regular Season;0;0;0;0;0;0;0;0;0;0
55689;2028;12;16;Placeholder 49 Arena;0;63;71;0;0;0;0;0;0;0;0;0;0;0;0;;;;0;0;0;0;0;0;0;0;0;0;0;0;0;0;0;0;0;0;0;0;0;0;0;0;Regular Season;0;0;0;0;0;0;0;0;0;0
55586;2028;12;16;Toyota Arena;0;69;78;0;0;0;0;0;0;0;0;0;0;0;0;;;;0;0;0;0;0;0;0;0;0;0;0;0;0;0;0;0;0;0;0;0;0;0;0;0;Regular Season;0;0;0;0;0;0;0;0;0;0
55753;2028;12;16;Stockton Arena;0;70;84;0;0;0;0;0;0;0;0;0;0;0;0;;;;0;0;0;0;0;0;0;0;0;0;0;0;0;0;0;0;0;0;0;0;0;0;0;0;Regular Season;0;0;0;0;0;0;0;0;0;0
55576;2028;12;17;CN Centre;0;80;83;0;0;0;0;0;0;0;0;0;0;0;0;;;;0;0;0;0;0;0;0;0;0;0;0;0;0;0;0;0;0;0;0;0;0;0;0;0;Regular Season;0;0;0;0;0;0;0;0;0;0
55605;2028;12;18;ENMAX Centre;0;75;78;0;0;0;0;0;0;0;0;0;0;0;0;;;;0;0;0;0;0;0;0;0;0;0;0;0;0;0;0;0;0;0;0;0;0;0;0;0;Regular Season;0;0;0;0;0;0;0;0;0;0
55696;2028;12;18;ENMAX Centrium;0;77;65;0;0;0;0;0;0;0;0;0;0;0;0;;;;0;0;0;0;0;0;0;0;0;0;0;0;0;0;0;0;0;0;0;0;0;0;0;0;Regular Season;0;0;0;0;0;0;0;0;0;0
55705;2028;12;18;Placeholder 50 Arena;0;64;76;0;0;0;0;0;0;0;0;0;0;0;0;;;;0;0;0;0;0;0;0;0;0;0;0;0;0;0;0;0;0;0;0;0;0;0;0;0;Regular Season;0;0;0;0;0;0;0;0;0;0
55816;2028;12;18;Toyota Arena;0;69;66;0;0;0;0;0;0;0;0;0;0;0;0;;;;0;0;0;0;0;0;0;0;0;0;0;0;0;0;0;0;0;0;0;0;0;0;0;0;Regular Season;0;0;0;0;0;0;0;0;0;0
55556;2028;12;18;Save-On-Foods Memorial Centre;0;82;73;0;0;0;0;0;0;0;0;0;0;0;0;;;;0;0;0;0;0;0;0;0;0;0;0;0;0;0;0;0;0;0;0;0;0;0;0;0;Regular Season;0;0;0;0;0;0;0;0;0;0
55616;2028;12;18;Dalhousie Memorial Arena;0;71;81;0;0;0;0;0;0;0;0;0;0;0;0;;;;0;0;0;0;0;0;0;0;0;0;0;0;0;0;0;0;0;0;0;0;0;0;0;0;Regular Season;0;0;0;0;0;0;0;0;0;0
55659;2028;12;19;Von Braun Center;0;72;74;0;0;0;0;0;0;0;0;0;0;0;0;;;;0;0;0;0;0;0;0;0;0;0;0;0;0;0;0;0;0;0;0;0;0;0;0;0;Regular Season;0;0;0;0;0;0;0;0;0;0
55846;2028;12;19;Pacific Coliseum;0;81;66;0;0;0;0;0;0;0;0;0;0;0;0;;;;0;0;0;0;0;0;0;0;0;0;0;0;0;0;0;0;0;0;0;0;0;0;0;0;Regular Season;0;0;0;0;0;0;0;0;0;0
55628;2028;12;19;Art Hauser Centre;0;68;70;0;0;0;0;0;0;0;0;0;0;0;0;;;;0;0;0;0;0;0;0;0;0;0;0;0;0;0;0;0;0;0;0;0;0;0;0;0;Regular Season;0;0;0;0;0;0;0;0;0;0
55561;2028;12;19;Save-On-Foods Memorial Centre;0;82;79;0;0;0;0;0;0;0;0;0;0;0;0;;;;0;0;0;0;0;0;0;0;0;0;0;0;0;0;0;0;0;0;0;0;0;0;0;0;Regular Season;0;0;0;0;0;0;0;0;0;0
55716;2028;12;19;Placeholder 49 Arena;0;63;65;0;0;0;0;0;0;0;0;0;0;0;0;;;;0;0;0;0;0;0;0;0;0;0;0;0;0;0;0;0;0;0;0;0;0;0;0;0;Regular Season;0;0;0;0;0;0;0;0;0;0
55598;2028;12;19;Mosaic Place;0;67;73;0;0;0;0;0;0;0;0;0;0;0;0;;;;0;0;0;0;0;0;0;0;0;0;0;0;0;0;0;0;0;0;0;0;0;0;0;0;Regular Season;0;0;0;0;0;0;0;0;0;0
55577;2028;12;19;Dalhousie Memorial Arena;0;71;83;0;0;0;0;0;0;0;0;0;0;0;0;;;;0;0;0;0;0;0;0;0;0;0;0;0;0;0;0;0;0;0;0;0;0;0;0;0;Regular Season;0;0;0;0;0;0;0;0;0;0
55591;2028;12;19;MODA Center;0;84;80;0;0;0;0;0;0;0;0;0;0;0;0;;;;0;0;0;0;0;0;0;0;0;0;0;0;0;0;0;0;0;0;0;0;0;0;0;0;Regular Season;0;0;0;0;0;0;0;0;0;0
55634;2028;12;20;MODA Center;0;84;76;0;0;0;0;0;0;0;0;0;0;0;0;;;;0;0;0;0;0;0;0;0;0;0;0;0;0;0;0;0;0;0;0;0;0;0;0;0;Regular Season;0;0;0;0;0;0;0;0;0;0
55610;2028;12;20;Frank Crane Arena;0;78;80;0;0;0;0;0;0;0;0;0;0;0;0;;;;0;0;0;0;0;0;0;0;0;0;0;0;0;0;0;0;0;0;0;0;0;0;0;0;Regular Season;0;0;0;0;0;0;0;0;0;0
55590;2028;12;21;ENMAX Centrium;0;77;78;0;0;0;0;0;0;0;0;0;0;0;0;;;;0;0;0;0;0;0;0;0;0;0;0;0;0;0;0;0;0;0;0;0;0;0;0;0;Regular Season;0;0;0;0;0;0;0;0;0;0
55597;2028;12;21;Dalhousie Memorial Arena;0;71;79;0;0;0;0;0;0;0;0;0;0;0;0;;;;0;0;0;0;0;0;0;0;0;0;0;0;0;0;0;0;0;0;0;0;0;0;0;0;Regular Season;0;0;0;0;0;0;0;0;0;0
55606;2028;12;21;Art Hauser Centre;0;68;73;0;0;0;0;0;0;0;0;0;0;0;0;;;;0;0;0;0;0;0;0;0;0;0;0;0;0;0;0;0;0;0;0;0;0;0;0;0;Regular Season;0;0;0;0;0;0;0;0;0;0
55580;2028;12;21;Angel of the Winds Arena;0;83;67;0;0;0;0;0;0;0;0;0;0;0;0;;;;0;0;0;0;0;0;0;0;0;0;0;0;0;0;0;0;0;0;0;0;0;0;0;0;Regular Season;0;0;0;0;0;0;0;0;0;0
55649;2028;12;21;Von Braun Center;0;72;74;0;0;0;0;0;0;0;0;0;0;0;0;;;;0;0;0;0;0;0;0;0;0;0;0;0;0;0;0;0;0;0;0;0;0;0;0;0;Regular Season;0;0;0;0;0;0;0;0;0;0
55785;2028;12;21;Toyota Arena;0;69;70;0;0;0;0;0;0;0;0;0;0;0;0;;;;0;0;0;0;0;0;0;0;0;0;0;0;0;0;0;0;0;0;0;0;0;0;0;0;Regular Season;0;0;0;0;0;0;0;0;0;0
55608;2028;12;21;Placeholder 48 Arena;0;65;75;0;0;0;0;0;0;0;0;0;0;0;0;;;;0;0;0;0;0;0;0;0;0;0;0;0;0;0;0;0;0;0;0;0;0;0;0;0;Regular Season;0;0;0;0;0;0;0;0;0;0
55567;2028;12;21;Placeholder 49 Arena;0;63;82;0;0;0;0;0;0;0;0;0;0;0;0;;;;0;0;0;0;0;0;0;0;0;0;0;0;0;0;0;0;0;0;0;0;0;0;0;0;Regular Season;0;0;0;0;0;0;0;0;0;0
55657;2028;12;22;Toyota Arena;0;69;72;0;0;0;0;0;0;0;0;0;0;0;0;;;;0;0;0;0;0;0;0;0;0;0;0;0;0;0;0;0;0;0;0;0;0;0;0;0;Regular Season;0;0;0;0;0;0;0;0;0;0
55615;2028;12;22;ENMAX Centrium;0;77;79;0;0;0;0;0;0;0;0;0;0;0;0;;;;0;0;0;0;0;0;0;0;0;0;0;0;0;0;0;0;0;0;0;0;0;0;0;0;Regular Season;0;0;0;0;0;0;0;0;0;0
55612;2028;12;22;Western Financial Place;0;74;83;0;0;0;0;0;0;0;0;0;0;0;0;;;;0;0;0;0;0;0;0;0;0;0;0;0;0;0;0;0;0;0;0;0;0;0;0;0;Regular Season;0;0;0;0;0;0;0;0;0;0
55588;2028;12;22;Mosaic Place;0;67;63;0;0;0;0;0;0;0;0;0;0;0;0;;;;0;0;0;0;0;0;0;0;0;0;0;0;0;0;0;0;0;0;0;0;0;0;0;0;Regular Season;0;0;0;0;0;0;0;0;0;0
55593;2028;12;22;Canalta Centre;0;76;80;0;0;0;0;0;0;0;0;0;0;0;0;;;;0;0;0;0;0;0;0;0;0;0;0;0;0;0;0;0;0;0;0;0;0;0;0;0;Regular Season;0;0;0;0;0;0;0;0;0;0
55706;2028;12;23;Westoba Place;0;66;64;0;0;0;0;0;0;0;0;0;0;0;0;;;;0;0;0;0;0;0;0;0;0;0;0;0;0;0;0;0;0;0;0;0;0;0;0;0;Regular Season;0;0;0;0;0;0;0;0;0;0
55998;2028;12;23;Dalhousie Memorial Arena;0;71;80;0;0;0;0;0;0;0;0;0;0;0;0;;;;0;0;0;0;0;0;0;0;0;0;0;0;0;0;0;0;0;0;0;0;0;0;0;0;Regular Season;0;0;0;0;0;0;0;0;0;0
55647;2028;12;23;Art Hauser Centre;0;68;81;0;0;0;0;0;0;0;0;0;0;0;0;;;;0;0;0;0;0;0;0;0;0;0;0;0;0;0;0;0;0;0;0;0;0;0;0;0;Regular Season;0;0;0;0;0;0;0;0;0;0
55636;2028;12;23;MODA Center;0;84;75;0;0;0;0;0;0;0;0;0;0;0;0;;;;0;0;0;0;0;0;0;0;0;0;0;0;0;0;0;0;0;0;0;0;0;0;0;0;Regular Season;0;0;0;0;0;0;0;0;0;0
55723;2028;12;27;Art Hauser Centre;0;68;64;0;0;0;0;0;0;0;0;0;0;0;0;;;;0;0;0;0;0;0;0;0;0;0;0;0;0;0;0;0;0;0;0;0;0;0;0;0;Regular Season;0;0;0;0;0;0;0;0;0;0
55655;2028;12;27;Westoba Place;0;66;67;0;0;0;0;0;0;0;0;0;0;0;0;;;;0;0;0;0;0;0;0;0;0;0;0;0;0;0;0;0;0;0;0;0;0;0;0;0;Regular Season;0;0;0;0;0;0;0;0;0;0
55798;2028;12;27;Market Square Arena;0;73;70;0;0;0;0;0;0;0;0;0;0;0;0;;;;0;0;0;0;0;0;0;0;0;0;0;0;0;0;0;0;0;0;0;0;0;0;0;0;Regular Season;0;0;0;0;0;0;0;0;0;0
55780;2028;12;27;MODA Center;0;84;81;0;0;0;0;0;0;0;0;0;0;0;0;;;;0;0;0;0;0;0;0;0;0;0;0;0;0;0;0;0;0;0;0;0;0;0;0;0;Regular Season;0;0;0;0;0;0;0;0;0;0
55627;2028;12;27;Canalta Centre;0;76;71;0;0;0;0;0;0;0;0;0;0;0;0;;;;0;0;0;0;0;0;0;0;0;0;0;0;0;0;0;0;0;0;0;0;0;0;0;0;Regular Season;0;0;0;0;0;0;0;0;0;0
55629;2028;12;27;Western Financial Place;0;74;79;0;0;0;0;0;0;0;0;0;0;0;0;;;;0;0;0;0;0;0;0;0;0;0;0;0;0;0;0;0;0;0;0;0;0;0;0;0;Regular Season;0;0;0;0;0;0;0;0;0;0
55830;2028;12;28;Placeholder 48 Arena;0;65;64;0;0;0;0;0;0;0;0;0;0;0;0;;;;0;0;0;0;0;0;0;0;0;0;0;0;0;0;0;0;0;0;0;0;0;0;0;0;Regular Season;0;0;0;0;0;0;0;0;0;0
55620;2028;12;28;Pacific Coliseum;0;81;80;0;0;0;0;0;0;0;0;0;0;0;0;;;;0;0;0;0;0;0;0;0;0;0;0;0;0;0;0;0;0;0;0;0;0;0;0;0;Regular Season;0;0;0;0;0;0;0;0;0;0
55640;2028;12;28;Western Financial Place;0;74;75;0;0;0;0;0;0;0;0;0;0;0;0;;;;0;0;0;0;0;0;0;0;0;0;0;0;0;0;0;0;0;0;0;0;0;0;0;0;Regular Season;0;0;0;0;0;0;0;0;0;0
55643;2028;12;28;Mosaic Place;0;67;63;0;0;0;0;0;0;0;0;0;0;0;0;;;;0;0;0;0;0;0;0;0;0;0;0;0;0;0;0;0;0;0;0;0;0;0;0;0;Regular Season;0;0;0;0;0;0;0;0;0;0
55667;2028;12;28;Dalhousie Memorial Arena;0;71;68;0;0;0;0;0;0;0;0;0;0;0;0;;;;0;0;0;0;0;0;0;0;0;0;0;0;0;0;0;0;0;0;0;0;0;0;0;0;Regular Season;0;0;0;0;0;0;0;0;0;0
55680;2028;12;28;Von Braun Center;0;72;69;0;0;0;0;0;0;0;0;0;0;0;0;;;;0;0;0;0;0;0;0;0;0;0;0;0;0;0;0;0;0;0;0;0;0;0;0;0;Regular Season;0;0;0;0;0;0;0;0;0;0
55570;2028;12;28;Angel of the Winds Arena;0;83;82;0;0;0;0;0;0;0;0;0;0;0;0;;;;0;0;0;0;0;0;0;0;0;0;0;0;0;0;0;0;0;0;0;0;0;0;0;0;Regular Season;0;0;0;0;0;0;0;0;0;0
55613;2028;12;28;Frank Crane Arena;0;78;77;0;0;0;0;0;0;0;0;0;0;0;0;;;;0;0;0;0;0;0;0;0;0;0;0;0;0;0;0;0;0;0;0;0;0;0;0;0;Regular Season;0;0;0;0;0;0;0;0;0;0
55769;2028;12;29;Westoba Place;0;66;77;0;0;0;0;0;0;0;0;0;0;0;0;;;;0;0;0;0;0;0;0;0;0;0;0;0;0;0;0;0;0;0;0;0;0;0;0;0;Regular Season;0;0;0;0;0;0;0;0;0;0
55651;2028;12;29;ENMAX Centre;0;75;76;0;0;0;0;0;0;0;0;0;0;0;0;;;;0;0;0;0;0;0;0;0;0;0;0;0;0;0;0;0;0;0;0;0;0;0;0;0;Regular Season;0;0;0;0;0;0;0;0;0;0
55607;2028;12;29;Angel of the Winds Arena;0;83;73;0;0;0;0;0;0;0;0;0;0;0;0;;;;0;0;0;0;0;0;0;0;0;0;0;0;0;0;0;0;0;0;0;0;0;0;0;0;Regular Season;0;0;0;0;0;0;0;0;0;0
55572;2028;12;29;CN Centre;0;80;82;0;0;0;0;0;0;0;0;0;0;0;0;;;;0;0;0;0;0;0;0;0;0;0;0;0;0;0;0;0;0;0;0;0;0;0;0;0;Regular Season;0;0;0;0;0;0;0;0;0;0
55621;2028;12;29;MODA Center;0;84;78;0;0;0;0;0;0;0;0;0;0;0;0;;;;0;0;0;0;0;0;0;0;0;0;0;0;0;0;0;0;0;0;0;0;0;0;0;0;Regular Season;0;0;0;0;0;0;0;0;0;0
55801;2028;12;30;Westoba Place;0;66;65;0;0;0;0;0;0;0;0;0;0;0;0;;;;0;0;0;0;0;0;0;0;0;0;0;0;0;0;0;0;0;0;0;0;0;0;0;0;Regular Season;0;0;0;0;0;0;0;0;0;0
55686;2028;12;30;Prospera Place;0;79;76;0;0;0;0;0;0;0;0;0;0;0;0;;;;0;0;0;0;0;0;0;0;0;0;0;0;0;0;0;0;0;0;0;0;0;0;0;0;Regular Season;0;0;0;0;0;0;0;0;0;0
55646;2028;12;30;Mosaic Place;0;67;73;0;0;0;0;0;0;0;0;0;0;0;0;;;;0;0;0;0;0;0;0;0;0;0;0;0;0;0;0;0;0;0;0;0;0;0;0;0;Regular Season;0;0;0;0;0;0;0;0;0;0
55669;2028;12;30;Placeholder 49 Arena;0;63;72;0;0;0;0;0;0;0;0;0;0;0;0;;;;0;0;0;0;0;0;0;0;0;0;0;0;0;0;0;0;0;0;0;0;0;0;0;0;Regular Season;0;0;0;0;0;0;0;0;0;0
55660;2028;12;30;Placeholder 50 Arena;0;64;74;0;0;0;0;0;0;0;0;0;0;0;0;;;;0;0;0;0;0;0;0;0;0;0;0;0;0;0;0;0;0;0;0;0;0;0;0;0;Regular Season;0;0;0;0;0;0;0;0;0;0
55698;2028;12;30;Dalhousie Memorial Arena;0;71;69;0;0;0;0;0;0;0;0;0;0;0;0;;;;0;0;0;0;0;0;0;0;0;0;0;0;0;0;0;0;0;0;0;0;0;0;0;0;Regular Season;0;0;0;0;0;0;0;0;0;0
55877;2028;12;30;Pacific Coliseum;0;81;70;0;0;0;0;0;0;0;0;0;0;0;0;;;;0;0;0;0;0;0;0;0;0;0;0;0;0;0;0;0;0;0;0;0;0;0;0;0;Regular Season;0;0;0;0;0;0;0;0;0;0
55648;2028;12;31;MODA Center;0;84;68;0;0;0;0;0;0;0;0;0;0;0;0;;;;0;0;0;0;0;0;0;0;0;0;0;0;0;0;0;0;0;0;0;0;0;0;0;0;Regular Season;0;0;0;0;0;0;0;0;0;0
55641;2028;12;31;Placeholder 49 Arena;0;63;83;0;0;0;0;0;0;0;0;0;0;0;0;;;;0;0;0;0;0;0;0;0;0;0;0;0;0;0;0;0;0;0;0;0;0;0;0;0;Regular Season;0;0;0;0;0;0;0;0;0;0
55642;2028;12;31;CN Centre;0;80;75;0;0;0;0;0;0;0;0;0;0;0;0;;;;0;0;0;0;0;0;0;0;0;0;0;0;0;0;0;0;0;0;0;0;0;0;0;0;Regular Season;0;0;0;0;0;0;0;0;0;0
55690;2028;12;31;Stockton Arena;0;70;72;0;0;0;0;0;0;0;0;0;0;0;0;;;;0;0;0;0;0;0;0;0;0;0;0;0;0;0;0;0;0;0;0;0;0;0;0;0;Regular Season;0;0;0;0;0;0;0;0;0;0
55623;2028;12;31;Frank Crane Arena;0;78;69;0;0;0;0;0;0;0;0;0;0;0;0;;;;0;0;0;0;0;0;0;0;0;0;0;0;0;0;0;0;0;0;0;0;0;0;0;0;Regular Season;0;0;0;0;0;0;0;0;0;0
55573;2028;12;31;Placeholder 48 Arena;0;65;82;0;0;0;0;0;0;0;0;0;0;0;0;;;;0;0;0;0;0;0;0;0;0;0;0;0;0;0;0;0;0;0;0;0;0;0;0;0;Regular Season;0;0;0;0;0;0;0;0;0;0
55677;2029;1;1;MODA Center;0;84;83;0;0;0;0;0;0;0;0;0;0;0;0;;;;0;0;0;0;0;0;0;0;0;0;0;0;0;0;0;0;0;0;0;0;0;0;0;0;Regular Season;0;0;0;0;0;0;0;0;0;0
55664;2029;1;1;Placeholder 50 Arena;0;64;67;0;0;0;0;0;0;0;0;0;0;0;0;;;;0;0;0;0;0;0;0;0;0;0;0;0;0;0;0;0;0;0;0;0;0;0;0;0;Regular Season;0;0;0;0;0;0;0;0;0;0
55663;2029;1;1;Art Hauser Centre;0;68;74;0;0;0;0;0;0;0;0;0;0;0;0;;;;0;0;0;0;0;0;0;0;0;0;0;0;0;0;0;0;0;0;0;0;0;0;0;0;Regular Season;0;0;0;0;0;0;0;0;0;0
55711;2029;1;1;Prospera Place;0;79;76;0;0;0;0;0;0;0;0;0;0;0;0;;;;0;0;0;0;0;0;0;0;0;0;0;0;0;0;0;0;0;0;0;0;0;0;0;0;Regular Season;0;0;0;0;0;0;0;0;0;0
55738;2029;1;2;Westoba Place;0;66;76;0;0;0;0;0;0;0;0;0;0;0;0;;;;0;0;0;0;0;0;0;0;0;0;0;0;0;0;0;0;0;0;0;0;0;0;0;0;Regular Season;0;0;0;0;0;0;0;0;0;0
55579;2029;1;2;ENMAX Centre;0;75;82;0;0;0;0;0;0;0;0;0;0;0;0;;;;0;0;0;0;0;0;0;0;0;0;0;0;0;0;0;0;0;0;0;0;0;0;0;0;Regular Season;0;0;0;0;0;0;0;0;0;0
55654;2029;1;2;Von Braun Center;0;72;80;0;0;0;0;0;0;0;0;0;0;0;0;;;;0;0;0;0;0;0;0;0;0;0;0;0;0;0;0;0;0;0;0;0;0;0;0;0;Regular Season;0;0;0;0;0;0;0;0;0;0
55631;2029;1;2;Frank Crane Arena;0;78;81;0;0;0;0;0;0;0;0;0;0;0;0;;;;0;0;0;0;0;0;0;0;0;0;0;0;0;0;0;0;0;0;0;0;0;0;0;0;Regular Season;0;0;0;0;0;0;0;0;0;0
55852;2029;1;2;Toyota Arena;0;69;70;0;0;0;0;0;0;0;0;0;0;0;0;;;;0;0;0;0;0;0;0;0;0;0;0;0;0;0;0;0;0;0;0;0;0;0;0;0;Regular Season;0;0;0;0;0;0;0;0;0;0
55665;2029;1;2;ENMAX Centrium;0;77;67;0;0;0;0;0;0;0;0;0;0;0;0;;;;0;0;0;0;0;0;0;0;0;0;0;0;0;0;0;0;0;0;0;0;0;0;0;0;Regular Season;0;0;0;0;0;0;0;0;0;0
55994;2029;1;2;Prospera Place;0;79;63;0;0;0;0;0;0;0;0;0;0;0;0;;;;0;0;0;0;0;0;0;0;0;0;0;0;0;0;0;0;0;0;0;0;0;0;0;0;Regular Season;0;0;0;0;0;0;0;0;0;0
55670;2029;1;2;Western Financial Place;0;74;73;0;0;0;0;0;0;0;0;0;0;0;0;;;;0;0;0;0;0;0;0;0;0;0;0;0;0;0;0;0;0;0;0;0;0;0;0;0;Regular Season;0;0;0;0;0;0;0;0;0;0
55639;2029;1;3;Frank Crane Arena;0;78;71;0;0;0;0;0;0;0;0;0;0;0;0;;;;0;0;0;0;0;0;0;0;0;0;0;0;0;0;0;0;0;0;0;0;0;0;0;0;Regular Season;0;0;0;0;0;0;0;0;0;0
55662;2029;1;3;Art Hauser Centre;0;68;73;0;0;0;0;0;0;0;0;0;0;0;0;;;;0;0;0;0;0;0;0;0;0;0;0;0;0;0;0;0;0;0;0;0;0;0;0;0;Regular Season;0;0;0;0;0;0;0;0;0;0
55681;2029;1;3;MODA Center;0;84;83;0;0;0;0;0;0;0;0;0;0;0;0;;;;0;0;0;0;0;0;0;0;0;0;0;0;0;0;0;0;0;0;0;0;0;0;0;0;Regular Season;0;0;0;0;0;0;0;0;0;0
55594;2029;1;4;Save-On-Foods Memorial Centre;0;82;65;0;0;0;0;0;0;0;0;0;0;0;0;;;;0;0;0;0;0;0;0;0;0;0;0;0;0;0;0;0;0;0;0;0;0;0;0;0;Regular Season;0;0;0;0;0;0;0;0;0;0
55717;2029;1;4;Placeholder 50 Arena;0;64;72;0;0;0;0;0;0;0;0;0;0;0;0;;;;0;0;0;0;0;0;0;0;0;0;0;0;0;0;0;0;0;0;0;0;0;0;0;0;Regular Season;0;0;0;0;0;0;0;0;0;0
55687;2029;1;4;Pacific Coliseum;0;81;80;0;0;0;0;0;0;0;0;0;0;0;0;;;;0;0;0;0;0;0;0;0;0;0;0;0;0;0;0;0;0;0;0;0;0;0;0;0;Regular Season;0;0;0;0;0;0;0;0;0;0
55882;2029;1;4;Stockton Arena;0;70;69;0;0;0;0;0;0;0;0;0;0;0;0;;;;0;0;0;0;0;0;0;0;0;0;0;0;0;0;0;0;0;0;0;0;0;0;0;0;Regular Season;0;0;0;0;0;0;0;0;0;0
55747;2029;1;4;Canalta Centre;0;76;63;0;0;0;0;0;0;0;0;0;0;0;0;;;;0;0;0;0;0;0;0;0;0;0;0;0;0;0;0;0;0;0;0;0;0;0;0;0;Regular Season;0;0;0;0;0;0;0;0;0;0
55810;2029;1;4;Dalhousie Memorial Arena;0;71;66;0;0;0;0;0;0;0;0;0;0;0;0;;;;0;0;0;0;0;0;0;0;0;0;0;0;0;0;0;0;0;0;0;0;0;0;0;0;Regular Season;0;0;0;0;0;0;0;0;0;0
55695;2029;1;4;ENMAX Centrium;0;77;84;0;0;0;0;0;0;0;0;0;0;0;0;;;;0;0;0;0;0;0;0;0;0;0;0;0;0;0;0;0;0;0;0;0;0;0;0;0;Regular Season;0;0;0;0;0;0;0;0;0;0
55774;2029;1;5;Stockton Arena;0;70;72;0;0;0;0;0;0;0;0;0;0;0;0;;;;0;0;0;0;0;0;0;0;0;0;0;0;0;0;0;0;0;0;0;0;0;0;0;0;Regular Season;0;0;0;0;0;0;0;0;0;0
55661;2029;1;5;ENMAX Centre;0;75;79;0;0;0;0;0;0;0;0;0;0;0;0;;;;0;0;0;0;0;0;0;0;0;0;0;0;0;0;0;0;0;0;0;0;0;0;0;0;Regular Season;0;0;0;0;0;0;0;0;0;0
55589;2029;1;5;Save-On-Foods Memorial Centre;0;82;64;0;0;0;0;0;0;0;0;0;0;0;0;;;;0;0;0;0;0;0;0;0;0;0;0;0;0;0;0;0;0;0;0;0;0;0;0;0;Regular Season;0;0;0;0;0;0;0;0;0;0
55675;2029;1;5;Western Financial Place;0;74;68;0;0;0;0;0;0;0;0;0;0;0;0;;;;0;0;0;0;0;0;0;0;0;0;0;0;0;0;0;0;0;0;0;0;0;0;0;0;Regular Season;0;0;0;0;0;0;0;0;0;0
55672;2029;1;5;Westoba Place;0;66;67;0;0;0;0;0;0;0;0;0;0;0;0;;;;0;0;0;0;0;0;0;0;0;0;0;0;0;0;0;0;0;0;0;0;0;0;0;0;Regular Season;0;0;0;0;0;0;0;0;0;0
55746;2029;1;5;CN Centre;0;80;69;0;0;0;0;0;0;0;0;0;0;0;0;;;;0;0;0;0;0;0;0;0;0;0;0;0;0;0;0;0;0;0;0;0;0;0;0;0;Regular Season;0;0;0;0;0;0;0;0;0;0
55676;2029;1;6;Angel of the Winds Arena;0;83;77;0;0;0;0;0;0;0;0;0;0;0;0;;;;0;0;0;0;0;0;0;0;0;0;0;0;0;0;0;0;0;0;0;0;0;0;0;0;Regular Season;0;0;0;0;0;0;0;0;0;0
55692;2029;1;6;ENMAX Centre;0;75;65;0;0;0;0;0;0;0;0;0;0;0;0;;;;0;0;0;0;0;0;0;0;0;0;0;0;0;0;0;0;0;0;0;0;0;0;0;0;Regular Season;0;0;0;0;0;0;0;0;0;0
55653;2029;1;6;Pacific Coliseum;0;81;78;0;0;0;0;0;0;0;0;0;0;0;0;;;;0;0;0;0;0;0;0;0;0;0;0;0;0;0;0;0;0;0;0;0;0;0;0;0;Regular Season;0;0;0;0;0;0;0;0;0;0
55694;2029;1;7;Market Square Arena;0;73;65;0;0;0;0;0;0;0;0;0;0;0;0;;;;0;0;0;0;0;0;0;0;0;0;0;0;0;0;0;0;0;0;0;0;0;0;0;0;Regular Season;0;0;0;0;0;0;0;0;0;0
55760;2029;1;7;Art Hauser Centre;0;68;64;0;0;0;0;0;0;0;0;0;0;0;0;;;;0;0;0;0;0;0;0;0;0;0;0;0;0;0;0;0;0;0;0;0;0;0;0;0;Regular Season;0;0;0;0;0;0;0;0;0;0
55749;2029;1;8;ENMAX Centre;0;75;77;0;0;0;0;0;0;0;0;0;0;0;0;;;;0;0;0;0;0;0;0;0;0;0;0;0;0;0;0;0;0;0;0;0;0;0;0;0;Regular Season;0;0;0;0;0;0;0;0;0;0
55728;2029;1;8;Prospera Place;0;79;68;0;0;0;0;0;0;0;0;0;0;0;0;;;;0;0;0;0;0;0;0;0;0;0;0;0;0;0;0;0;0;0;0;0;0;0;0;0;Regular Season;0;0;0;0;0;0;0;0;0;0
55699;2029;1;8;Mosaic Place;0;67;63;0;0;0;0;0;0;0;0;0;0;0;0;;;;0;0;0;0;0;0;0;0;0;0;0;0;0;0;0;0;0;0;0;0;0;0;0;0;Regular Season;0;0;0;0;0;0;0;0;0;0
55970;2029;1;8;Pacific Coliseum;0;81;84;0;0;0;0;0;0;0;0;0;0;0;0;;;;0;0;0;0;0;0;0;0;0;0;0;0;0;0;0;0;0;0;0;0;0;0;0;0;Regular Season;0;0;0;0;0;0;0;0;0;0
55718;2029;1;8;Von Braun Center;0;72;66;0;0;0;0;0;0;0;0;0;0;0;0;;;;0;0;0;0;0;0;0;0;0;0;0;0;0;0;0;0;0;0;0;0;0;0;0;0;Regular Season;0;0;0;0;0;0;0;0;0;0
55630;2029;1;8;Save-On-Foods Memorial Centre;0;82;69;0;0;0;0;0;0;0;0;0;0;0;0;;;;0;0;0;0;0;0;0;0;0;0;0;0;0;0;0;0;0;0;0;0;0;0;0;0;Regular Season;0;0;0;0;0;0;0;0;0;0
55683;2029;1;8;Angel of the Winds Arena;0;83;71;0;0;0;0;0;0;0;0;0;0;0;0;;;;0;0;0;0;0;0;0;0;0;0;0;0;0;0;0;0;0;0;0;0;0;0;0;0;Regular Season;0;0;0;0;0;0;0;0;0;0
55679;2029;1;9;Western Financial Place;0;74;66;0;0;0;0;0;0;0;0;0;0;0;0;;;;0;0;0;0;0;0;0;0;0;0;0;0;0;0;0;0;0;0;0;0;0;0;0;0;Regular Season;0;0;0;0;0;0;0;0;0;0
55702;2029;1;9;Placeholder 48 Arena;0;65;67;0;0;0;0;0;0;0;0;0;0;0;0;;;;0;0;0;0;0;0;0;0;0;0;0;0;0;0;0;0;0;0;0;0;0;0;0;0;Regular Season;0;0;0;0;0;0;0;0;0;0
55725;2029;1;9;Market Square Arena;0;73;75;0;0;0;0;0;0;0;0;0;0;0;0;;;;0;0;0;0;0;0;0;0;0;0;0;0;0;0;0;0;0;0;0;0;0;0;0;0;Regular Season;0;0;0;0;0;0;0;0;0;0
55752;2029;1;9;Canalta Centre;0;76;71;0;0;0;0;0;0;0;0;0;0;0;0;;;;0;0;0;0;0;0;0;0;0;0;0;0;0;0;0;0;0;0;0;0;0;0;0;0;Regular Season;0;0;0;0;0;0;0;0;0;0
55732;2029;1;9;Placeholder 49 Arena;0;63;84;0;0;0;0;0;0;0;0;0;0;0;0;;;;0;0;0;0;0;0;0;0;0;0;0;0;0;0;0;0;0;0;0;0;0;0;0;0;Regular Season;0;0;0;0;0;0;0;0;0;0
55656;2029;1;9;CN Centre;0;80;78;0;0;0;0;0;0;0;0;0;0;0;0;;;;0;0;0;0;0;0;0;0;0;0;0;0;0;0;0;0;0;0;0;0;0;0;0;0;Regular Season;0;0;0;0;0;0;0;0;0;0
55671;2029;1;9;Angel of the Winds Arena;0;83;81;0;0;0;0;0;0;0;0;0;0;0;0;;;;0;0;0;0;0;0;0;0;0;0;0;0;0;0;0;0;0;0;0;0;0;0;0;0;Regular Season;0;0;0;0;0;0;0;0;0;0
55704;2029;1;10;Market Square Arena;0;73;72;0;0;0;0;0;0;0;0;0;0;0;0;;;;0;0;0;0;0;0;0;0;0;0;0;0;0;0;0;0;0;0;0;0;0;0;0;0;Regular Season;0;0;0;0;0;0;0;0;0;0
55691;2029;1;10;Western Financial Place;0;74;69;0;0;0;0;0;0;0;0;0;0;0;0;;;;0;0;0;0;0;0;0;0;0;0;0;0;0;0;0;0;0;0;0;0;0;0;0;0;Regular Season;0;0;0;0;0;0;0;0;0;0
55678;2029;1;10;Stockton Arena;0;70;78;0;0;0;0;0;0;0;0;0;0;0;0;;;;0;0;0;0;0;0;0;0;0;0;0;0;0;0;0;0;0;0;0;0;0;0;0;0;Regular Season;0;0;0;0;0;0;0;0;0;0
55733;2029;1;11;Dalhousie Memorial Arena;0;71;81;0;0;0;0;0;0;0;0;0;0;0;0;;;;0;0;0;0;0;0;0;0;0;0;0;0;0;0;0;0;0;0;0;0;0;0;0;0;Regular Season;0;0;0;0;0;0;0;0;0;0
55744;2029;1;11;Von Braun Center;0;72;65;0;0;0;0;0;0;0;0;0;0;0;0;;;;0;0;0;0;0;0;0;0;0;0;0;0;0;0;0;0;0;0;0;0;0;0;0;0;Regular Season;0;0;0;0;0;0;0;0;0;0
55709;2029;1;11;Placeholder 50 Arena;0;64;68;0;0;0;0;0;0;0;0;0;0;0;0;;;;0;0;0;0;0;0;0;0;0;0;0;0;0;0;0;0;0;0;0;0;0;0;0;0;Regular Season;0;0;0;0;0;0;0;0;0;0
55784;2029;1;11;Canalta Centre;0;76;79;0;0;0;0;0;0;0;0;0;0;0;0;;;;0;0;0;0;0;0;0;0;0;0;0;0;0;0;0;0;0;0;0;0;0;0;0;0;Regular Season;0;0;0;0;0;0;0;0;0;0
55624;2029;1;11;Save-On-Foods Memorial Centre;0;82;66;0;0;0;0;0;0;0;0;0;0;0;0;;;;0;0;0;0;0;0;0;0;0;0;0;0;0;0;0;0;0;0;0;0;0;0;0;0;Regular Season;0;0;0;0;0;0;0;0;0;0
55761;2029;1;11;ENMAX Centre;0;75;80;0;0;0;0;0;0;0;0;0;0;0;0;;;;0;0;0;0;0;0;0;0;0;0;0;0;0;0;0;0;0;0;0;0;0;0;0;0;Regular Season;0;0;0;0;0;0;0;0;0;0
55666;2029;1;12;Frank Crane Arena;0;78;64;0;0;0;0;0;0;0;0;0;0;0;0;;;;0;0;0;0;0;0;0;0;0;0;0;0;0;0;0;0;0;0;0;0;0;0;0;0;Regular Season;0;0;0;0;0;0;0;0;0;0
55778;2029;1;12;Art Hauser Centre;0;68;69;0;0;0;0;0;0;0;0;0;0;0;0;;;;0;0;0;0;0;0;0;0;0;0;0;0;0;0;0;0;0;0;0;0;0;0;0;0;Regular Season;0;0;0;0;0;0;0;0;0;0
55701;2029;1;12;Western Financial Place;0;74;70;0;0;0;0;0;0;0;0;0;0;0;0;;;;0;0;0;0;0;0;0;0;0;0;0;0;0;0;0;0;0;0;0;0;0;0;0;0;Regular Season;0;0;0;0;0;0;0;0;0;0
55751;2029;1;12;ENMAX Centrium;0;77;73;0;0;0;0;0;0;0;0;0;0;0;0;;;;0;0;0;0;0;0;0;0;0;0;0;0;0;0;0;0;0;0;0;0;0;0;0;0;Regular Season;0;0;0;0;0;0;0;0;0;0
55729;2029;1;12;Mosaic Place;0;67;65;0;0;0;0;0;0;0;0;0;0;0;0;;;;0;0;0;0;0;0;0;0;0;0;0;0;0;0;0;0;0;0;0;0;0;0;0;0;Regular Season;0;0;0;0;0;0;0;0;0;0
55792;2029;1;13;ENMAX Centrium;0;77;76;0;0;0;0;0;0;0;0;0;0;0;0;;;;0;0;0;0;0;0;0;0;0;0;0;0;0;0;0;0;0;0;0;0;0;0;0;0;Regular Season;0;0;0;0;0;0;0;0;0;0
55712;2029;1;13;Stockton Arena;0;70;83;0;0;0;0;0;0;0;0;0;0;0;0;;;;0;0;0;0;0;0;0;0;0;0;0;0;0;0;0;0;0;0;0;0;0;0;0;0;Regular Season;0;0;0;0;0;0;0;0;0;0
55853;2029;1;13;Prospera Place;0;79;84;0;0;0;0;0;0;0;0;0;0;0;0;;;;0;0;0;0;0;0;0;0;0;0;0;0;0;0;0;0;0;0;0;0;0;0;0;0;Regular Season;0;0;0;0;0;0;0;0;0;0
55684;2029;1;14;Save-On-Foods Memorial Centre;0;82;80;0;0;0;0;0;0;0;0;0;0;0;0;;;;0;0;0;0;0;0;0;0;0;0;0;0;0;0;0;0;0;0;0;0;0;0;0;0;Regular Season;0;0;0;0;0;0;0;0;0;0
55724;2029;1;14;Placeholder 50 Arena;0;64;63;0;0;0;0;0;0;0;0;0;0;0;0;;;;0;0;0;0;0;0;0;0;0;0;0;0;0;0;0;0;0;0;0;0;0;0;0;0;Regular Season;0;0;0;0;0;0;0;0;0;0
55822;2029;1;15;Westoba Place;0;66;68;0;0;0;0;0;0;0;0;0;0;0;0;;;;0;0;0;0;0;0;0;0;0;0;0;0;0;0;0;0;0;0;0;0;0;0;0;0;Regular Season;0;0;0;0;0;0;0;0;0;0
55693;2029;1;15;Save-On-Foods Memorial Centre;0;82;81;0;0;0;0;0;0;0;0;0;0;0;0;;;;0;0;0;0;0;0;0;0;0;0;0;0;0;0;0;0;0;0;0;0;0;0;0;0;Regular Season;0;0;0;0;0;0;0;0;0;0
55832;2029;1;15;ENMAX Centrium;0;77;79;0;0;0;0;0;0;0;0;0;0;0;0;;;;0;0;0;0;0;0;0;0;0;0;0;0;0;0;0;0;0;0;0;0;0;0;0;0;Regular Season;0;0;0;0;0;0;0;0;0;0
55754;2029;1;15;Market Square Arena;0;73;84;0;0;0;0;0;0;0;0;0;0;0;0;;;;0;0;0;0;0;0;0;0;0;0;0;0;0;0;0;0;0;0;0;0;0;0;0;0;Regular Season;0;0;0;0;0;0;0;0;0;0
55714;2029;1;15;ENMAX Centre;0;75;70;0;0;0;0;0;0;0;0;0;0;0;0;;;;0;0;0;0;0;0;0;0;0;0;0;0;0;0;0;0;0;0;0;0;0;0;0;0;Regular Season;0;0;0;0;0;0;0;0;0;0
55697;2029;1;16;Frank Crane Arena;0;78;75;0;0;0;0;0;0;0;0;0;0;0;0;;;;0;0;0;0;0;0;0;0;0;0;0;0;0;0;0;0;0;0;0;0;0;0;0;0;Regular Season;0;0;0;0;0;0;0;0;0;0
55775;2029;1;16;Pacific Coliseum;0;81;73;0;0;0;0;0;0;0;0;0;0;0;0;;;;0;0;0;0;0;0;0;0;0;0;0;0;0;0;0;0;0;0;0;0;0;0;0;0;Regular Season;0;0;0;0;0;0;0;0;0;0
55740;2029;1;16;CN Centre;0;80;67;0;0;0;0;0;0;0;0;0;0;0;0;;;;0;0;0;0;0;0;0;0;0;0;0;0;0;0;0;0;0;0;0;0;0;0;0;0;Regular Season;0;0;0;0;0;0;0;0;0;0
55850;2029;1;16;Art Hauser Centre;0;68;79;0;0;0;0;0;0;0;0;0;0;0;0;;;;0;0;0;0;0;0;0;0;0;0;0;0;0;0;0;0;0;0;0;0;0;0;0;0;Regular Season;0;0;0;0;0;0;0;0;0;0
55759;2029;1;16;Westoba Place;0;66;63;0;0;0;0;0;0;0;0;0;0;0;0;;;;0;0;0;0;0;0;0;0;0;0;0;0;0;0;0;0;0;0;0;0;0;0;0;0;Regular Season;0;0;0;0;0;0;0;0;0;0
55703;2029;1;16;Stockton Arena;0;70;74;0;0;0;0;0;0;0;0;0;0;0;0;;;;0;0;0;0;0;0;0;0;0;0;0;0;0;0;0;0;0;0;0;0;0;0;0;0;Regular Season;0;0;0;0;0;0;0;0;0;0
55730;2029;1;16;Placeholder 50 Arena;0;64;71;0;0;0;0;0;0;0;0;0;0;0;0;;;;0;0;0;0;0;0;0;0;0;0;0;0;0;0;0;0;0;0;0;0;0;0;0;0;Regular Season;0;0;0;0;0;0;0;0;0;0
55707;2029;1;16;Angel of the Winds Arena;0;83;76;0;0;0;0;0;0;0;0;0;0;0;0;;;;0;0;0;0;0;0;0;0;0;0;0;0;0;0;0;0;0;0;0;0;0;0;0;0;Regular Season;0;0;0;0;0;0;0;0;0;0
55839;2029;1;16;Von Braun Center;0;72;69;0;0;0;0;0;0;0;0;0;0;0;0;;;;0;0;0;0;0;0;0;0;0;0;0;0;0;0;0;0;0;0;0;0;0;0;0;0;Regular Season;0;0;0;0;0;0;0;0;0;0
55685;2029;1;17;Frank Crane Arena;0;78;65;0;0;0;0;0;0;0;0;0;0;0;0;;;;0;0;0;0;0;0;0;0;0;0;0;0;0;0;0;0;0;0;0;0;0;0;0;0;Regular Season;0;0;0;0;0;0;0;0;0;0
55743;2029;1;18;Placeholder 48 Arena;0;65;83;0;0;0;0;0;0;0;0;0;0;0;0;;;;0;0;0;0;0;0;0;0;0;0;0;0;0;0;0;0;0;0;0;0;0;0;0;0;Regular Season;0;0;0;0;0;0;0;0;0;0
55708;2029;1;18;Western Financial Place;0;74;70;0;0;0;0;0;0;0;0;0;0;0;0;;;;0;0;0;0;0;0;0;0;0;0;0;0;0;0;0;0;0;0;0;0;0;0;0;0;Regular Season;0;0;0;0;0;0;0;0;0;0
55833;2029;1;18;Dalhousie Memorial Arena;0;71;84;0;0;0;0;0;0;0;0;0;0;0;0;;;;0;0;0;0;0;0;0;0;0;0;0;0;0;0;0;0;0;0;0;0;0;0;0;0;Regular Season;0;0;0;0;0;0;0;0;0;0
55758;2029;1;18;Von Braun Center;0;72;67;0;0;0;0;0;0;0;0;0;0;0;0;;;;0;0;0;0;0;0;0;0;0;0;0;0;0;0;0;0;0;0;0;0;0;0;0;0;Regular Season;0;0;0;0;0;0;0;0;0;0
55813;2029;1;18;Toyota Arena;0;69;81;0;0;0;0;0;0;0;0;0;0;0;0;;;;0;0;0;0;0;0;0;0;0;0;0;0;0;0;0;0;0;0;0;0;0;0;0;0;Regular Season;0;0;0;0;0;0;0;0;0;0
55737;2029;1;18;Save-On-Foods Memorial Centre;0;82;77;0;0;0;0;0;0;0;0;0;0;0;0;;;;0;0;0;0;0;0;0;0;0;0;0;0;0;0;0;0;0;0;0;0;0;0;0;0;Regular Season;0;0;0;0;0;0;0;0;0;0
55727;2029;1;19;Prospera Place;0;79;82;0;0;0;0;0;0;0;0;0;0;0;0;;;;0;0;0;0;0;0;0;0;0;0;0;0;0;0;0;0;0;0;0;0;0;0;0;0;Regular Season;0;0;0;0;0;0;0;0;0;0
55804;2029;1;19;ENMAX Centrium;0;77;80;0;0;0;0;0;0;0;0;0;0;0;0;;;;0;0;0;0;0;0;0;0;0;0;0;0;0;0;0;0;0;0;0;0;0;0;0;0;Regular Season;0;0;0;0;0;0;0;0;0;0
55719;2029;1;19;Frank Crane Arena;0;78;76;0;0;0;0;0;0;0;0;0;0;0;0;;;;0;0;0;0;0;0;0;0;0;0;0;0;0;0;0;0;0;0;0;0;0;0;0;0;Regular Season;0;0;0;0;0;0;0;0;0;0
55908;2029;1;19;Westoba Place;0;66;64;0;0;0;0;0;0;0;0;0;0;0;0;;;;0;0;0;0;0;0;0;0;0;0;0;0;0;0;0;0;0;0;0;0;0;0;0;0;Regular Season;0;0;0;0;0;0;0;0;0;0
55781;2029;1;19;Market Square Arena;0;73;69;0;0;0;0;0;0;0;0;0;0;0;0;;;;0;0;0;0;0;0;0;0;0;0;0;0;0;0;0;0;0;0;0;0;0;0;0;0;Regular Season;0;0;0;0;0;0;0;0;0;0
55713;2029;1;19;ENMAX Centre;0;75;83;0;0;0;0;0;0;0;0;0;0;0;0;;;;0;0;0;0;0;0;0;0;0;0;0;0;0;0;0;0;0;0;0;0;0;0;0;0;Regular Season;0;0;0;0;0;0;0;0;0;0
55788;2029;1;19;Mosaic Place;0;67;63;0;0;0;0;0;0;0;0;0;0;0;0;;;;0;0;0;0;0;0;0;0;0;0;0;0;0;0;0;0;0;0;0;0;0;0;0;0;Regular Season;0;0;0;0;0;0;0;0;0;0
55848;2029;1;19;Von Braun Center;0;72;68;0;0;0;0;0;0;0;0;0;0;0;0;;;;0;0;0;0;0;0;0;0;0;0;0;0;0;0;0;0;0;0;0;0;0;0;0;0;Regular Season;0;0;0;0;0;0;0;0;0;0
55911;2029;1;19;Dalhousie Memorial Arena;0;71;84;0;0;0;0;0;0;0;0;0;0;0;0;;;;0;0;0;0;0;0;0;0;0;0;0;0;0;0;0;0;0;0;0;0;0;0;0;0;Regular Season;0;0;0;0;0;0;0;0;0;0
55720;2029;1;20;Placeholder 48 Arena;0;65;74;0;0;0;0;0;0;0;0;0;0;0;0;;;;0;0;0;0;0;0;0;0;0;0;0;0;0;0;0;0;0;0;0;0;0;0;0;0;Regular Season;0;0;0;0;0;0;0;0;0;0
55739;2029;1;20;Canalta Centre;0;76;64;0;0;0;0;0;0;0;0;0;0;0;0;;;;0;0;0;0;0;0;0;0;0;0;0;0;0;0;0;0;0;0;0;0;0;0;0;0;Regular Season;0;0;0;0;0;0;0;0;0;0
55802;2029;1;20;Placeholder 49 Arena;0;63;80;0;0;0;0;0;0;0;0;0;0;0;0;;;;0;0;0;0;0;0;0;0;0;0;0;0;0;0;0;0;0;0;0;0;0;0;0;0;Regular Season;0;0;0;0;0;0;0;0;0;0
55941;2029;1;22;MODA Center;0;84;71;0;0;0;0;0;0;0;0;0;0;0;0;;;;0;0;0;0;0;0;0;0;0;0;0;0;0;0;0;0;0;0;0;0;0;0;0;0;Regular Season;0;0;0;0;0;0;0;0;0;0
55868;2029;1;22;Placeholder 49 Arena;0;63;66;0;0;0;0;0;0;0;0;0;0;0;0;;;;0;0;0;0;0;0;0;0;0;0;0;0;0;0;0;0;0;0;0;0;0;0;0;0;Regular Season;0;0;0;0;0;0;0;0;0;0
55726;2029;1;22;Frank Crane Arena;0;78;77;0;0;0;0;0;0;0;0;0;0;0;0;;;;0;0;0;0;0;0;0;0;0;0;0;0;0;0;0;0;0;0;0;0;0;0;0;0;Regular Season;0;0;0;0;0;0;0;0;0;0
55767;2029;1;22;Placeholder 48 Arena;0;65;64;0;0;0;0;0;0;0;0;0;0;0;0;;;;0;0;0;0;0;0;0;0;0;0;0;0;0;0;0;0;0;0;0;0;0;0;0;0;Regular Season;0;0;0;0;0;0;0;0;0;0
55722;2029;1;22;Market Square Arena;0;73;74;0;0;0;0;0;0;0;0;0;0;0;0;;;;0;0;0;0;0;0;0;0;0;0;0;0;0;0;0;0;0;0;0;0;0;0;0;0;Regular Season;0;0;0;0;0;0;0;0;0;0
55763;2029;1;22;Angel of the Winds Arena;0;83;82;0;0;0;0;0;0;0;0;0;0;0;0;;;;0;0;0;0;0;0;0;0;0;0;0;0;0;0;0;0;0;0;0;0;0;0;0;0;Regular Season;0;0;0;0;0;0;0;0;0;0
55812;2029;1;22;Toyota Arena;0;69;67;0;0;0;0;0;0;0;0;0;0;0;0;;;;0;0;0;0;0;0;0;0;0;0;0;0;0;0;0;0;0;0;0;0;0;0;0;0;Regular Season;0;0;0;0;0;0;0;0;0;0
55807;2029;1;23;Pacific Coliseum;0;81;80;0;0;0;0;0;0;0;0;0;0;0;0;;;;0;0;0;0;0;0;0;0;0;0;0;0;0;0;0;0;0;0;0;0;0;0;0;0;Regular Season;0;0;0;0;0;0;0;0;0;0
55741;2029;1;23;MODA Center;0;84;74;0;0;0;0;0;0;0;0;0;0;0;0;;;;0;0;0;0;0;0;0;0;0;0;0;0;0;0;0;0;0;0;0;0;0;0;0;0;Regular Season;0;0;0;0;0;0;0;0;0;0
55745;2029;1;23;ENMAX Centre;0;75;72;0;0;0;0;0;0;0;0;0;0;0;0;;;;0;0;0;0;0;0;0;0;0;0;0;0;0;0;0;0;0;0;0;0;0;0;0;0;Regular Season;0;0;0;0;0;0;0;0;0;0
55748;2029;1;23;Art Hauser Centre;0;68;70;0;0;0;0;0;0;0;0;0;0;0;0;;;;0;0;0;0;0;0;0;0;0;0;0;0;0;0;0;0;0;0;0;0;0;0;0;0;Regular Season;0;0;0;0;0;0;0;0;0;0
55756;2029;1;23;Market Square Arena;0;73;82;0;0;0;0;0;0;0;0;0;0;0;0;;;;0;0;0;0;0;0;0;0;0;0;0;0;0;0;0;0;0;0;0;0;0;0;0;0;Regular Season;0;0;0;0;0;0;0;0;0;0
55856;2029;1;23;ENMAX Centrium;0;77;69;0;0;0;0;0;0;0;0;0;0;0;0;;;;0;0;0;0;0;0;0;0;0;0;0;0;0;0;0;0;0;0;0;0;0;0;0;0;Regular Season;0;0;0;0;0;0;0;0;0;0
55776;2029;1;23;Prospera Place;0;79;64;0;0;0;0;0;0;0;0;0;0;0;0;;;;0;0;0;0;0;0;0;0;0;0;0;0;0;0;0;0;0;0;0;0;0;0;0;0;Regular Season;0;0;0;0;0;0;0;0;0;0
55789;2029;1;23;Placeholder 49 Arena;0;63;67;0;0;0;0;0;0;0;0;0;0;0;0;;;;0;0;0;0;0;0;0;0;0;0;0;0;0;0;0;0;0;0;0;0;0;0;0;0;Regular Season;0;0;0;0;0;0;0;0;0;0
55768;2029;1;24;ENMAX Centre;0;75;83;0;0;0;0;0;0;0;0;0;0;0;0;;;;0;0;0;0;0;0;0;0;0;0;0;0;0;0;0;0;0;0;0;0;0;0;0;0;Regular Season;0;0;0;0;0;0;0;0;0;0
55782;2029;1;24;Placeholder 48 Arena;0;65;76;0;0;0;0;0;0;0;0;0;0;0;0;;;;0;0;0;0;0;0;0;0;0;0;0;0;0;0;0;0;0;0;0;0;0;0;0;0;Regular Season;0;0;0;0;0;0;0;0;0;0
55799;2029;1;25;Placeholder 49 Arena;0;63;64;0;0;0;0;0;0;0;0;0;0;0;0;;;;0;0;0;0;0;0;0;0;0;0;0;0;0;0;0;0;0;0;0;0;0;0;0;0;Regular Season;0;0;0;0;0;0;0;0;0;0
55765;2029;1;25;Pacific Coliseum;0;81;83;0;0;0;0;0;0;0;0;0;0;0;0;;;;0;0;0;0;0;0;0;0;0;0;0;0;0;0;0;0;0;0;0;0;0;0;0;0;Regular Season;0;0;0;0;0;0;0;0;0;0
55735;2029;1;25;Westoba Place;0;66;74;0;0;0;0;0;0;0;0;0;0;0;0;;;;0;0;0;0;0;0;0;0;0;0;0;0;0;0;0;0;0;0;0;0;0;0;0;0;Regular Season;0;0;0;0;0;0;0;0;0;0
55736;2029;1;25;Frank Crane Arena;0;78;79;0;0;0;0;0;0;0;0;0;0;0;0;;;;0;0;0;0;0;0;0;0;0;0;0;0;0;0;0;0;0;0;0;0;0;0;0;0;Regular Season;0;0;0;0;0;0;0;0;0;0
55772;2029;1;25;Stockton Arena;0;70;68;0;0;0;0;0;0;0;0;0;0;0;0;;;;0;0;0;0;0;0;0;0;0;0;0;0;0;0;0;0;0;0;0;0;0;0;0;0;Regular Season;0;0;0;0;0;0;0;0;0;0
55786;2029;1;25;Mosaic Place;0;67;65;0;0;0;0;0;0;0;0;0;0;0;0;;;;0;0;0;0;0;0;0;0;0;0;0;0;0;0;0;0;0;0;0;0;0;0;0;0;Regular Season;0;0;0;0;0;0;0;0;0;0
55888;2029;1;25;Toyota Arena;0;69;77;0;0;0;0;0;0;0;0;0;0;0;0;;;;0;0;0;0;0;0;0;0;0;0;0;0;0;0;0;0;0;0;0;0;0;0;0;0;Regular Season;0;0;0;0;0;0;0;0;0;0
55809;2029;1;25;Dalhousie Memorial Arena;0;71;80;0;0;0;0;0;0;0;0;0;0;0;0;;;;0;0;0;0;0;0;0;0;0;0;0;0;0;0;0;0;0;0;0;0;0;0;0;0;Regular Season;0;0;0;0;0;0;0;0;0;0
55757;2029;1;26;Canalta Centre;0;76;82;0;0;0;0;0;0;0;0;0;0;0;0;;;;0;0;0;0;0;0;0;0;0;0;0;0;0;0;0;0;0;0;0;0;0;0;0;0;Regular Season;0;0;0;0;0;0;0;0;0;0
55779;2029;1;27;ENMAX Centre;0;75;76;0;0;0;0;0;0;0;0;0;0;0;0;;;;0;0;0;0;0;0;0;0;0;0;0;0;0;0;0;0;0;0;0;0;0;0;0;0;Regular Season;0;0;0;0;0;0;0;0;0;0
55814;2029;1;27;Market Square Arena;0;73;79;0;0;0;0;0;0;0;0;0;0;0;0;;;;0;0;0;0;0;0;0;0;0;0;0;0;0;0;0;0;0;0;0;0;0;0;0;0;Regular Season;0;0;0;0;0;0;0;0;0;0
55734;2029;1;27;Frank Crane Arena;0;78;68;0;0;0;0;0;0;0;0;0;0;0;0;;;;0;0;0;0;0;0;0;0;0;0;0;0;0;0;0;0;0;0;0;0;0;0;0;0;Regular Season;0;0;0;0;0;0;0;0;0;0
55999;2029;1;27;MODA Center;0;84;66;0;0;0;0;0;0;0;0;0;0;0;0;;;;0;0;0;0;0;0;0;0;0;0;0;0;0;0;0;0;0;0;0;0;0;0;0;0;Regular Season;0;0;0;0;0;0;0;0;0;0
55824;2029;1;27;Von Braun Center;0;72;81;0;0;0;0;0;0;0;0;0;0;0;0;;;;0;0;0;0;0;0;0;0;0;0;0;0;0;0;0;0;0;0;0;0;0;0;0;0;Regular Season;0;0;0;0;0;0;0;0;0;0
55764;2029;1;28;CN Centre;0;80;70;0;0;0;0;0;0;0;0;0;0;0;0;;;;0;0;0;0;0;0;0;0;0;0;0;0;0;0;0;0;0;0;0;0;0;0;0;0;Regular Season;0;0;0;0;0;0;0;0;0;0
55808;2029;1;29;Dalhousie Memorial Arena;0;71;65;0;0;0;0;0;0;0;0;0;0;0;0;;;;0;0;0;0;0;0;0;0;0;0;0;0;0;0;0;0;0;0;0;0;0;0;0;0;Regular Season;0;0;0;0;0;0;0;0;0;0
55819;2029;1;29;Mosaic Place;0;67;70;0;0;0;0;0;0;0;0;0;0;0;0;;;;0;0;0;0;0;0;0;0;0;0;0;0;0;0;0;0;0;0;0;0;0;0;0;0;Regular Season;0;0;0;0;0;0;0;0;0;0
55893;2029;1;29;MODA Center;0;84;82;0;0;0;0;0;0;0;0;0;0;0;0;;;;0;0;0;0;0;0;0;0;0;0;0;0;0;0;0;0;0;0;0;0;0;0;0;0;Regular Season;0;0;0;0;0;0;0;0;0;0
55942;2029;1;29;Placeholder 50 Arena;0;64;63;0;0;0;0;0;0;0;0;0;0;0;0;;;;0;0;0;0;0;0;0;0;0;0;0;0;0;0;0;0;0;0;0;0;0;0;0;0;Regular Season;0;0;0;0;0;0;0;0;0;0
55820;2029;1;29;ENMAX Centre;0;75;81;0;0;0;0;0;0;0;0;0;0;0;0;;;;0;0;0;0;0;0;0;0;0;0;0;0;0;0;0;0;0;0;0;0;0;0;0;0;Regular Season;0;0;0;0;0;0;0;0;0;0
55793;2029;1;30;Von Braun Center;0;72;83;0;0;0;0;0;0;0;0;0;0;0;0;;;;0;0;0;0;0;0;0;0;0;0;0;0;0;0;0;0;0;0;0;0;0;0;0;0;Regular Season;0;0;0;0;0;0;0;0;0;0
55827;2029;1;30;Market Square Arena;0;73;77;0;0;0;0;0;0;0;0;0;0;0;0;;;;0;0;0;0;0;0;0;0;0;0;0;0;0;0;0;0;0;0;0;0;0;0;0;0;Regular Season;0;0;0;0;0;0;0;0;0;0
55890;2029;1;30;Pacific Coliseum;0;81;69;0;0;0;0;0;0;0;0;0;0;0;0;;;;0;0;0;0;0;0;0;0;0;0;0;0;0;0;0;0;0;0;0;0;0;0;0;0;Regular Season;0;0;0;0;0;0;0;0;0;0
55803;2029;1;30;Placeholder 48 Arena;0;65;71;0;0;0;0;0;0;0;0;0;0;0;0;;;;0;0;0;0;0;0;0;0;0;0;0;0;0;0;0;0;0;0;0;0;0;0;0;0;Regular Season;0;0;0;0;0;0;0;0;0;0
55755;2029;1;30;Prospera Place;0;79;78;0;0;0;0;0;0;0;0;0;0;0;0;;;;0;0;0;0;0;0;0;0;0;0;0;0;0;0;0;0;0;0;0;0;0;0;0;0;Regular Season;0;0;0;0;0;0;0;0;0;0
55750;2029;1;30;CN Centre;0;80;74;0;0;0;0;0;0;0;0;0;0;0;0;;;;0;0;0;0;0;0;0;0;0;0;0;0;0;0;0;0;0;0;0;0;0;0;0;0;Regular Season;0;0;0;0;0;0;0;0;0;0
55770;2029;1;31;Western Financial Place;0;74;76;0;0;0;0;0;0;0;0;0;0;0;0;;;;0;0;0;0;0;0;0;0;0;0;0;0;0;0;0;0;0;0;0;0;0;0;0;0;Regular Season;0;0;0;0;0;0;0;0;0;0
55806;2029;1;31;Placeholder 49 Arena;0;63;66;0;0;0;0;0;0;0;0;0;0;0;0;;;;0;0;0;0;0;0;0;0;0;0;0;0;0;0;0;0;0;0;0;0;0;0;0;0;Regular Season;0;0;0;0;0;0;0;0;0;0
55838;2029;1;31;Art Hauser Centre;0;68;77;0;0;0;0;0;0;0;0;0;0;0;0;;;;0;0;0;0;0;0;0;0;0;0;0;0;0;0;0;0;0;0;0;0;0;0;0;0;Regular Season;0;0;0;0;0;0;0;0;0;0
55913;2029;2;1;MODA Center;0;84;73;0;0;0;0;0;0;0;0;0;0;0;0;;;;0;0;0;0;0;0;0;0;0;0;0;0;0;0;0;0;0;0;0;0;0;0;0;0;Regular Season;0;0;0;0;0;0;0;0;0;0
55773;2029;2;1;Frank Crane Arena;0;78;79;0;0;0;0;0;0;0;0;0;0;0;0;;;;0;0;0;0;0;0;0;0;0;0;0;0;0;0;0;0;0;0;0;0;0;0;0;0;Regular Season;0;0;0;0;0;0;0;0;0;0
55831;2029;2;1;Toyota Arena;0;69;67;0;0;0;0;0;0;0;0;0;0;0;0;;;;0;0;0;0;0;0;0;0;0;0;0;0;0;0;0;0;0;0;0;0;0;0;0;0;Regular Season;0;0;0;0;0;0;0;0;0;0
55794;2029;2;1;Placeholder 48 Arena;0;65;80;0;0;0;0;0;0;0;0;0;0;0;0;;;;0;0;0;0;0;0;0;0;0;0;0;0;0;0;0;0;0;0;0;0;0;0;0;0;Regular Season;0;0;0;0;0;0;0;0;0;0
55796;2029;2;1;Von Braun Center;0;72;82;0;0;0;0;0;0;0;0;0;0;0;0;;;;0;0;0;0;0;0;0;0;0;0;0;0;0;0;0;0;0;0;0;0;0;0;0;0;Regular Season;0;0;0;0;0;0;0;0;0;0
55887;2029;2;2;Placeholder 49 Arena;0;63;77;0;0;0;0;0;0;0;0;0;0;0;0;;;;0;0;0;0;0;0;0;0;0;0;0;0;0;0;0;0;0;0;0;0;0;0;0;0;Regular Season;0;0;0;0;0;0;0;0;0;0
55777;2029;2;2;Canalta Centre;0;76;83;0;0;0;0;0;0;0;0;0;0;0;0;;;;0;0;0;0;0;0;0;0;0;0;0;0;0;0;0;0;0;0;0;0;0;0;0;0;Regular Season;0;0;0;0;0;0;0;0;0;0
55835;2029;2;2;Market Square Arena;0;73;72;0;0;0;0;0;0;0;0;0;0;0;0;;;;0;0;0;0;0;0;0;0;0;0;0;0;0;0;0;0;0;0;0;0;0;0;0;0;Regular Season;0;0;0;0;0;0;0;0;0;0
55842;2029;2;2;Westoba Place;0;66;82;0;0;0;0;0;0;0;0;0;0;0;0;;;;0;0;0;0;0;0;0;0;0;0;0;0;0;0;0;0;0;0;0;0;0;0;0;0;Regular Season;0;0;0;0;0;0;0;0;0;0
55823;2029;2;2;Stockton Arena;0;70;67;0;0;0;0;0;0;0;0;0;0;0;0;;;;0;0;0;0;0;0;0;0;0;0;0;0;0;0;0;0;0;0;0;0;0;0;0;0;Regular Season;0;0;0;0;0;0;0;0;0;0
55818;2029;2;2;CN Centre;0;80;64;0;0;0;0;0;0;0;0;0;0;0;0;;;;0;0;0;0;0;0;0;0;0;0;0;0;0;0;0;0;0;0;0;0;0;0;0;0;Regular Season;0;0;0;0;0;0;0;0;0;0
55787;2029;2;3;Placeholder 50 Arena;0;64;78;0;0;0;0;0;0;0;0;0;0;0;0;;;;0;0;0;0;0;0;0;0;0;0;0;0;0;0;0;0;0;0;0;0;0;0;0;0;Regular Season;0;0;0;0;0;0;0;0;0;0
55858;2029;2;3;Prospera Place;0;79;81;0;0;0;0;0;0;0;0;0;0;0;0;;;;0;0;0;0;0;0;0;0;0;0;0;0;0;0;0;0;0;0;0;0;0;0;0;0;Regular Season;0;0;0;0;0;0;0;0;0;0
55742;2029;2;3;Toyota Arena;0;69;74;0;0;0;0;0;0;0;0;0;0;0;0;;;;0;0;0;0;0;0;0;0;0;0;0;0;0;0;0;0;0;0;0;0;0;0;0;0;Regular Season;0;0;0;0;0;0;0;0;0;0
55791;2029;2;4;ENMAX Centre;0;75;71;0;0;0;0;0;0;0;0;0;0;0;0;;;;0;0;0;0;0;0;0;0;0;0;0;0;0;0;0;0;0;0;0;0;0;0;0;0;Regular Season;0;0;0;0;0;0;0;0;0;0
55828;2029;2;4;Canalta Centre;0;76;70;0;0;0;0;0;0;0;0;0;0;0;0;;;;0;0;0;0;0;0;0;0;0;0;0;0;0;0;0;0;0;0;0;0;0;0;0;0;Regular Season;0;0;0;0;0;0;0;0;0;0
55771;2029;2;4;Angel of the Winds Arena;0;83;66;0;0;0;0;0;0;0;0;0;0;0;0;;;;0;0;0;0;0;0;0;0;0;0;0;0;0;0;0;0;0;0;0;0;0;0;0;0;Regular Season;0;0;0;0;0;0;0;0;0;0
55912;2029;2;5;Frank Crane Arena;0;78;63;0;0;0;0;0;0;0;0;0;0;0;0;;;;0;0;0;0;0;0;0;0;0;0;0;0;0;0;0;0;0;0;0;0;0;0;0;0;Regular Season;0;0;0;0;0;0;0;0;0;0
55863;2029;2;5;Art Hauser Centre;0;68;65;0;0;0;0;0;0;0;0;0;0;0;0;;;;0;0;0;0;0;0;0;0;0;0;0;0;0;0;0;0;0;0;0;0;0;0;0;0;Regular Season;0;0;0;0;0;0;0;0;0;0
55845;2029;2;5;Save-On-Foods Memorial Centre;0;82;72;0;0;0;0;0;0;0;0;0;0;0;0;;;;0;0;0;0;0;0;0;0;0;0;0;0;0;0;0;0;0;0;0;0;0;0;0;0;Regular Season;0;0;0;0;0;0;0;0;0;0
55783;2029;2;5;Market Square Arena;0;73;74;0;0;0;0;0;0;0;0;0;0;0;0;;;;0;0;0;0;0;0;0;0;0;0;0;0;0;0;0;0;0;0;0;0;0;0;0;0;Regular Season;0;0;0;0;0;0;0;0;0;0
55917;2029;2;5;MODA Center;0;84;81;0;0;0;0;0;0;0;0;0;0;0;0;;;;0;0;0;0;0;0;0;0;0;0;0;0;0;0;0;0;0;0;0;0;0;0;0;0;Regular Season;0;0;0;0;0;0;0;0;0;0
55939;2029;2;6;Market Square Arena;0;73;69;0;0;0;0;0;0;0;0;0;0;0;0;;;;0;0;0;0;0;0;0;0;0;0;0;0;0;0;0;0;0;0;0;0;0;0;0;0;Regular Season;0;0;0;0;0;0;0;0;0;0
55815;2029;2;6;CN Centre;0;80;71;0;0;0;0;0;0;0;0;0;0;0;0;;;;0;0;0;0;0;0;0;0;0;0;0;0;0;0;0;0;0;0;0;0;0;0;0;0;Regular Season;0;0;0;0;0;0;0;0;0;0
55851;2029;2;6;Von Braun Center;0;72;75;0;0;0;0;0;0;0;0;0;0;0;0;;;;0;0;0;0;0;0;0;0;0;0;0;0;0;0;0;0;0;0;0;0;0;0;0;0;Regular Season;0;0;0;0;0;0;0;0;0;0
55811;2029;2;6;Angel of the Winds Arena;0;83;63;0;0;0;0;0;0;0;0;0;0;0;0;;;;0;0;0;0;0;0;0;0;0;0;0;0;0;0;0;0;0;0;0;0;0;0;0;0;Regular Season;0;0;0;0;0;0;0;0;0;0
55874;2029;2;6;Placeholder 50 Arena;0;64;79;0;0;0;0;0;0;0;0;0;0;0;0;;;;0;0;0;0;0;0;0;0;0;0;0;0;0;0;0;0;0;0;0;0;0;0;0;0;Regular Season;0;0;0;0;0;0;0;0;0;0
55862;2029;2;6;Westoba Place;0;66;67;0;0;0;0;0;0;0;0;0;0;0;0;;;;0;0;0;0;0;0;0;0;0;0;0;0;0;0;0;0;0;0;0;0;0;0;0;0;Regular Season;0;0;0;0;0;0;0;0;0;0
55797;2029;2;6;Save-On-Foods Memorial Centre;0;82;74;0;0;0;0;0;0;0;0;0;0;0;0;;;;0;0;0;0;0;0;0;0;0;0;0;0;0;0;0;0;0;0;0;0;0;0;0;0;Regular Season;0;0;0;0;0;0;0;0;0;0
55864;2029;2;6;Art Hauser Centre;0;68;65;0;0;0;0;0;0;0;0;0;0;0;0;;;;0;0;0;0;0;0;0;0;0;0;0;0;0;0;0;0;0;0;0;0;0;0;0;0;Regular Season;0;0;0;0;0;0;0;0;0;0
55849;2029;2;7;Angel of the Winds Arena;0;83;81;0;0;0;0;0;0;0;0;0;0;0;0;;;;0;0;0;0;0;0;0;0;0;0;0;0;0;0;0;0;0;0;0;0;0;0;0;0;Regular Season;0;0;0;0;0;0;0;0;0;0
55843;2029;2;7;Stockton Arena;0;70;75;0;0;0;0;0;0;0;0;0;0;0;0;;;;0;0;0;0;0;0;0;0;0;0;0;0;0;0;0;0;0;0;0;0;0;0;0;0;Regular Season;0;0;0;0;0;0;0;0;0;0
55867;2029;2;7;Prospera Place;0;79;77;0;0;0;0;0;0;0;0;0;0;0;0;;;;0;0;0;0;0;0;0;0;0;0;0;0;0;0;0;0;0;0;0;0;0;0;0;0;Regular Season;0;0;0;0;0;0;0;0;0;0
55859;2029;2;8;Stockton Arena;0;70;63;0;0;0;0;0;0;0;0;0;0;0;0;;;;0;0;0;0;0;0;0;0;0;0;0;0;0;0;0;0;0;0;0;0;0;0;0;0;Regular Season;0;0;0;0;0;0;0;0;0;0
55837;2029;2;8;Mosaic Place;0;67;66;0;0;0;0;0;0;0;0;0;0;0;0;;;;0;0;0;0;0;0;0;0;0;0;0;0;0;0;0;0;0;0;0;0;0;0;0;0;Regular Season;0;0;0;0;0;0;0;0;0;0
55826;2029;2;8;CN Centre;0;80;81;0;0;0;0;0;0;0;0;0;0;0;0;;;;0;0;0;0;0;0;0;0;0;0;0;0;0;0;0;0;0;0;0;0;0;0;0;0;Regular Season;0;0;0;0;0;0;0;0;0;0
55795;2029;2;8;Canalta Centre;0;76;78;0;0;0;0;0;0;0;0;0;0;0;0;;;;0;0;0;0;0;0;0;0;0;0;0;0;0;0;0;0;0;0;0;0;0;0;0;0;Regular Season;0;0;0;0;0;0;0;0;0;0
55891;2029;2;8;Art Hauser Centre;0;68;69;0;0;0;0;0;0;0;0;0;0;0;0;;;;0;0;0;0;0;0;0;0;0;0;0;0;0;0;0;0;0;0;0;0;0;0;0;0;Regular Season;0;0;0;0;0;0;0;0;0;0
55935;2029;2;8;MODA Center;0;84;64;0;0;0;0;0;0;0;0;0;0;0;0;;;;0;0;0;0;0;0;0;0;0;0;0;0;0;0;0;0;0;0;0;0;0;0;0;0;Regular Season;0;0;0;0;0;0;0;0;0;0
55817;2029;2;8;Dalhousie Memorial Arena;0;71;82;0;0;0;0;0;0;0;0;0;0;0;0;;;;0;0;0;0;0;0;0;0;0;0;0;0;0;0;0;0;0;0;0;0;0;0;0;0;Regular Season;0;0;0;0;0;0;0;0;0;0
55847;2029;2;9;Westoba Place;0;66;67;0;0;0;0;0;0;0;0;0;0;0;0;;;;0;0;0;0;0;0;0;0;0;0;0;0;0;0;0;0;0;0;0;0;0;0;0;0;Regular Season;0;0;0;0;0;0;0;0;0;0
55790;2029;2;9;Western Financial Place;0;74;72;0;0;0;0;0;0;0;0;0;0;0;0;;;;0;0;0;0;0;0;0;0;0;0;0;0;0;0;0;0;0;0;0;0;0;0;0;0;Regular Season;0;0;0;0;0;0;0;0;0;0
55876;2029;2;9;MODA Center;0;84;79;0;0;0;0;0;0;0;0;0;0;0;0;;;;0;0;0;0;0;0;0;0;0;0;0;0;0;0;0;0;0;0;0;0;0;0;0;0;Regular Season;0;0;0;0;0;0;0;0;0;0
55836;2029;2;9;Angel of the Winds Arena;0;83;65;0;0;0;0;0;0;0;0;0;0;0;0;;;;0;0;0;0;0;0;0;0;0;0;0;0;0;0;0;0;0;0;0;0;0;0;0;0;Regular Season;0;0;0;0;0;0;0;0;0;0
55834;2029;2;9;ENMAX Centrium;0;77;78;0;0;0;0;0;0;0;0;0;0;0;0;;;;0;0;0;0;0;0;0;0;0;0;0;0;0;0;0;0;0;0;0;0;0;0;0;0;Regular Season;0;0;0;0;0;0;0;0;0;0
55872;2029;2;10;Dalhousie Memorial Arena;0;71;76;0;0;0;0;0;0;0;0;0;0;0;0;;;;0;0;0;0;0;0;0;0;0;0;0;0;0;0;0;0;0;0;0;0;0;0;0;0;Regular Season;0;0;0;0;0;0;0;0;0;0
55919;2029;2;10;Toyota Arena;0;69;75;0;0;0;0;0;0;0;0;0;0;0;0;;;;0;0;0;0;0;0;0;0;0;0;0;0;0;0;0;0;0;0;0;0;0;0;0;0;Regular Season;0;0;0;0;0;0;0;0;0;0
55951;2029;2;10;Market Square Arena;0;73;64;0;0;0;0;0;0;0;0;0;0;0;0;;;;0;0;0;0;0;0;0;0;0;0;0;0;0;0;0;0;0;0;0;0;0;0;0;0;Regular Season;0;0;0;0;0;0;0;0;0;0
55825;2029;2;11;Stockton Arena;0;70;80;0;0;0;0;0;0;0;0;0;0;0;0;;;;0;0;0;0;0;0;0;0;0;0;0;0;0;0;0;0;0;0;0;0;0;0;0;0;Regular Season;0;0;0;0;0;0;0;0;0;0
55860;2029;2;12;Canalta Centre;0;76;81;0;0;0;0;0;0;0;0;0;0;0;0;;;;0;0;0;0;0;0;0;0;0;0;0;0;0;0;0;0;0;0;0;0;0;0;0;0;Regular Season;0;0;0;0;0;0;0;0;0;0
55855;2029;2;12;Mosaic Place;0;67;77;0;0;0;0;0;0;0;0;0;0;0;0;;;;0;0;0;0;0;0;0;0;0;0;0;0;0;0;0;0;0;0;0;0;0;0;0;0;Regular Season;0;0;0;0;0;0;0;0;0;0
55871;2029;2;12;Stockton Arena;0;70;68;0;0;0;0;0;0;0;0;0;0;0;0;;;;0;0;0;0;0;0;0;0;0;0;0;0;0;0;0;0;0;0;0;0;0;0;0;0;Regular Season;0;0;0;0;0;0;0;0;0;0
55866;2029;2;12;Placeholder 49 Arena;0;63;65;0;0;0;0;0;0;0;0;0;0;0;0;;;;0;0;0;0;0;0;0;0;0;0;0;0;0;0;0;0;0;0;0;0;0;0;0;0;Regular Season;0;0;0;0;0;0;0;0;0;0
55805;2029;2;12;Toyota Arena;0;69;74;0;0;0;0;0;0;0;0;0;0;0;0;;;;0;0;0;0;0;0;0;0;0;0;0;0;0;0;0;0;0;0;0;0;0;0;0;0;Regular Season;0;0;0;0;0;0;0;0;0;0
55983;2029;2;12;Von Braun Center;0;72;84;0;0;0;0;0;0;0;0;0;0;0;0;;;;0;0;0;0;0;0;0;0;0;0;0;0;0;0;0;0;0;0;0;0;0;0;0;0;Regular Season;0;0;0;0;0;0;0;0;0;0
55821;2029;2;13;Western Financial Place;0;74;63;0;0;0;0;0;0;0;0;0;0;0;0;;;;0;0;0;0;0;0;0;0;0;0;0;0;0;0;0;0;0;0;0;0;0;0;0;0;Regular Season;0;0;0;0;0;0;0;0;0;0
55883;2029;2;13;ENMAX Centre;0;75;76;0;0;0;0;0;0;0;0;0;0;0;0;;;;0;0;0;0;0;0;0;0;0;0;0;0;0;0;0;0;0;0;0;0;0;0;0;0;Regular Season;0;0;0;0;0;0;0;0;0;0
55878;2029;2;13;Prospera Place;0;79;80;0;0;0;0;0;0;0;0;0;0;0;0;;;;0;0;0;0;0;0;0;0;0;0;0;0;0;0;0;0;0;0;0;0;0;0;0;0;Regular Season;0;0;0;0;0;0;0;0;0;0
55865;2029;2;13;Placeholder 50 Arena;0;64;83;0;0;0;0;0;0;0;0;0;0;0;0;;;;0;0;0;0;0;0;0;0;0;0;0;0;0;0;0;0;0;0;0;0;0;0;0;0;Regular Season;0;0;0;0;0;0;0;0;0;0
55870;2029;2;13;Westoba Place;0;66;78;0;0;0;0;0;0;0;0;0;0;0;0;;;;0;0;0;0;0;0;0;0;0;0;0;0;0;0;0;0;0;0;0;0;0;0;0;0;Regular Season;0;0;0;0;0;0;0;0;0;0
55854;2029;2;13;Save-On-Foods Memorial Centre;0;82;71;0;0;0;0;0;0;0;0;0;0;0;0;;;;0;0;0;0;0;0;0;0;0;0;0;0;0;0;0;0;0;0;0;0;0;0;0;0;Regular Season;0;0;0;0;0;0;0;0;0;0
55903;2029;2;14;Market Square Arena;0;73;72;0;0;0;0;0;0;0;0;0;0;0;0;;;;0;0;0;0;0;0;0;0;0;0;0;0;0;0;0;0;0;0;0;0;0;0;0;0;Regular Season;0;0;0;0;0;0;0;0;0;0
55892;2029;2;14;Mosaic Place;0;67;65;0;0;0;0;0;0;0;0;0;0;0;0;;;;0;0;0;0;0;0;0;0;0;0;0;0;0;0;0;0;0;0;0;0;0;0;0;0;Regular Season;0;0;0;0;0;0;0;0;0;0
55944;2029;2;14;Pacific Coliseum;0;81;68;0;0;0;0;0;0;0;0;0;0;0;0;;;;0;0;0;0;0;0;0;0;0;0;0;0;0;0;0;0;0;0;0;0;0;0;0;0;Regular Season;0;0;0;0;0;0;0;0;0;0
55844;2029;2;15;Frank Crane Arena;0;78;74;0;0;0;0;0;0;0;0;0;0;0;0;;;;0;0;0;0;0;0;0;0;0;0;0;0;0;0;0;0;0;0;0;0;0;0;0;0;Regular Season;0;0;0;0;0;0;0;0;0;0
55857;2029;2;15;Save-On-Foods Memorial Centre;0;82;75;0;0;0;0;0;0;0;0;0;0;0;0;;;;0;0;0;0;0;0;0;0;0;0;0;0;0;0;0;0;0;0;0;0;0;0;0;0;Regular Season;0;0;0;0;0;0;0;0;0;0
55881;2029;2;15;Angel of the Winds Arena;0;83;77;0;0;0;0;0;0;0;0;0;0;0;0;;;;0;0;0;0;0;0;0;0;0;0;0;0;0;0;0;0;0;0;0;0;0;0;0;0;Regular Season;0;0;0;0;0;0;0;0;0;0
55880;2029;2;15;Canalta Centre;0;76;79;0;0;0;0;0;0;0;0;0;0;0;0;;;;0;0;0;0;0;0;0;0;0;0;0;0;0;0;0;0;0;0;0;0;0;0;0;0;Regular Season;0;0;0;0;0;0;0;0;0;0
55884;2029;2;15;Mosaic Place;0;67;64;0;0;0;0;0;0;0;0;0;0;0;0;;;;0;0;0;0;0;0;0;0;0;0;0;0;0;0;0;0;0;0;0;0;0;0;0;0;Regular Season;0;0;0;0;0;0;0;0;0;0
55904;2029;2;15;Westoba Place;0;66;69;0;0;0;0;0;0;0;0;0;0;0;0;;;;0;0;0;0;0;0;0;0;0;0;0;0;0;0;0;0;0;0;0;0;0;0;0;0;Regular Season;0;0;0;0;0;0;0;0;0;0
55925;2029;2;15;Market Square Arena;0;73;63;0;0;0;0;0;0;0;0;0;0;0;0;;;;0;0;0;0;0;0;0;0;0;0;0;0;0;0;0;0;0;0;0;0;0;0;0;0;Regular Season;0;0;0;0;0;0;0;0;0;0
55886;2029;2;16;Frank Crane Arena;0;78;70;0;0;0;0;0;0;0;0;0;0;0;0;;;;0;0;0;0;0;0;0;0;0;0;0;0;0;0;0;0;0;0;0;0;0;0;0;0;Regular Season;0;0;0;0;0;0;0;0;0;0
55954;2029;2;16;Von Braun Center;0;72;64;0;0;0;0;0;0;0;0;0;0;0;0;;;;0;0;0;0;0;0;0;0;0;0;0;0;0;0;0;0;0;0;0;0;0;0;0;0;Regular Season;0;0;0;0;0;0;0;0;0;0
55948;2029;2;16;ENMAX Centrium;0;77;81;0;0;0;0;0;0;0;0;0;0;0;0;;;;0;0;0;0;0;0;0;0;0;0;0;0;0;0;0;0;0;0;0;0;0;0;0;0;Regular Season;0;0;0;0;0;0;0;0;0;0
55869;2029;2;16;Westoba Place;0;66;75;0;0;0;0;0;0;0;0;0;0;0;0;;;;0;0;0;0;0;0;0;0;0;0;0;0;0;0;0;0;0;0;0;0;0;0;0;0;Regular Season;0;0;0;0;0;0;0;0;0;0
55894;2029;2;16;CN Centre;0;80;83;0;0;0;0;0;0;0;0;0;0;0;0;;;;0;0;0;0;0;0;0;0;0;0;0;0;0;0;0;0;0;0;0;0;0;0;0;0;Regular Season;0;0;0;0;0;0;0;0;0;0
55922;2029;2;16;Toyota Arena;0;69;68;0;0;0;0;0;0;0;0;0;0;0;0;;;;0;0;0;0;0;0;0;0;0;0;0;0;0;0;0;0;0;0;0;0;0;0;0;0;Regular Season;0;0;0;0;0;0;0;0;0;0
55901;2029;2;16;Prospera Place;0;79;71;0;0;0;0;0;0;0;0;0;0;0;0;;;;0;0;0;0;0;0;0;0;0;0;0;0;0;0;0;0;0;0;0;0;0;0;0;0;Regular Season;0;0;0;0;0;0;0;0;0;0
55950;2029;2;17;Save-On-Foods Memorial Centre;0;82;71;0;0;0;0;0;0;0;0;0;0;0;0;;;;0;0;0;0;0;0;0;0;0;0;0;0;0;0;0;0;0;0;0;0;0;0;0;0;Regular Season;0;0;0;0;0;0;0;0;0;0
55896;2029;2;17;Placeholder 48 Arena;0;65;70;0;0;0;0;0;0;0;0;0;0;0;0;;;;0;0;0;0;0;0;0;0;0;0;0;0;0;0;0;0;0;0;0;0;0;0;0;0;Regular Season;0;0;0;0;0;0;0;0;0;0
55926;2029;2;17;Market Square Arena;0;73;80;0;0;0;0;0;0;0;0;0;0;0;0;;;;0;0;0;0;0;0;0;0;0;0;0;0;0;0;0;0;0;0;0;0;0;0;0;0;Regular Season;0;0;0;0;0;0;0;0;0;0
55840;2029;2;19;Western Financial Place;0;74;65;0;0;0;0;0;0;0;0;0;0;0;0;;;;0;0;0;0;0;0;0;0;0;0;0;0;0;0;0;0;0;0;0;0;0;0;0;0;Regular Season;0;0;0;0;0;0;0;0;0;0
55936;2029;2;19;CN Centre;0;80;83;0;0;0;0;0;0;0;0;0;0;0;0;;;;0;0;0;0;0;0;0;0;0;0;0;0;0;0;0;0;0;0;0;0;0;0;0;0;Regular Season;0;0;0;0;0;0;0;0;0;0
55930;2029;2;19;Save-On-Foods Memorial Centre;0;82;67;0;0;0;0;0;0;0;0;0;0;0;0;;;;0;0;0;0;0;0;0;0;0;0;0;0;0;0;0;0;0;0;0;0;0;0;0;0;Regular Season;0;0;0;0;0;0;0;0;0;0
55909;2029;2;19;ENMAX Centre;0;75;77;0;0;0;0;0;0;0;0;0;0;0;0;;;;0;0;0;0;0;0;0;0;0;0;0;0;0;0;0;0;0;0;0;0;0;0;0;0;Regular Season;0;0;0;0;0;0;0;0;0;0
55958;2029;2;19;Art Hauser Centre;0;68;71;0;0;0;0;0;0;0;0;0;0;0;0;;;;0;0;0;0;0;0;0;0;0;0;0;0;0;0;0;0;0;0;0;0;0;0;0;0;Regular Season;0;0;0;0;0;0;0;0;0;0
55900;2029;2;19;Stockton Arena;0;70;69;0;0;0;0;0;0;0;0;0;0;0;0;;;;0;0;0;0;0;0;0;0;0;0;0;0;0;0;0;0;0;0;0;0;0;0;0;0;Regular Season;0;0;0;0;0;0;0;0;0;0
55885;2029;2;19;Canalta Centre;0;76;84;0;0;0;0;0;0;0;0;0;0;0;0;;;;0;0;0;0;0;0;0;0;0;0;0;0;0;0;0;0;0;0;0;0;0;0;0;0;Regular Season;0;0;0;0;0;0;0;0;0;0
55933;2029;2;19;Westoba Place;0;66;64;0;0;0;0;0;0;0;0;0;0;0;0;;;;0;0;0;0;0;0;0;0;0;0;0;0;0;0;0;0;0;0;0;0;0;0;0;0;Regular Season;0;0;0;0;0;0;0;0;0;0
55899;2029;2;20;Market Square Arena;0;73;70;0;0;0;0;0;0;0;0;0;0;0;0;;;;0;0;0;0;0;0;0;0;0;0;0;0;0;0;0;0;0;0;0;0;0;0;0;0;Regular Season;0;0;0;0;0;0;0;0;0;0
55952;2029;2;20;Pacific Coliseum;0;81;64;0;0;0;0;0;0;0;0;0;0;0;0;;;;0;0;0;0;0;0;0;0;0;0;0;0;0;0;0;0;0;0;0;0;0;0;0;0;Regular Season;0;0;0;0;0;0;0;0;0;0
55873;2029;2;20;Western Financial Place;0;74;71;0;0;0;0;0;0;0;0;0;0;0;0;;;;0;0;0;0;0;0;0;0;0;0;0;0;0;0;0;0;0;0;0;0;0;0;0;0;Regular Season;0;0;0;0;0;0;0;0;0;0
55971;2029;2;20;MODA Center;0;84;65;0;0;0;0;0;0;0;0;0;0;0;0;;;;0;0;0;0;0;0;0;0;0;0;0;0;0;0;0;0;0;0;0;0;0;0;0;0;Regular Season;0;0;0;0;0;0;0;0;0;0
55929;2029;2;20;Toyota Arena;0;69;63;0;0;0;0;0;0;0;0;0;0;0;0;;;;0;0;0;0;0;0;0;0;0;0;0;0;0;0;0;0;0;0;0;0;0;0;0;0;Regular Season;0;0;0;0;0;0;0;0;0;0
55915;2029;2;20;Mosaic Place;0;67;66;0;0;0;0;0;0;0;0;0;0;0;0;;;;0;0;0;0;0;0;0;0;0;0;0;0;0;0;0;0;0;0;0;0;0;0;0;0;Regular Season;0;0;0;0;0;0;0;0;0;0
55907;2029;2;20;Von Braun Center;0;72;79;0;0;0;0;0;0;0;0;0;0;0;0;;;;0;0;0;0;0;0;0;0;0;0;0;0;0;0;0;0;0;0;0;0;0;0;0;0;Regular Season;0;0;0;0;0;0;0;0;0;0
55902;2029;2;21;Save-On-Foods Memorial Centre;0;82;75;0;0;0;0;0;0;0;0;0;0;0;0;;;;0;0;0;0;0;0;0;0;0;0;0;0;0;0;0;0;0;0;0;0;0;0;0;0;Regular Season;0;0;0;0;0;0;0;0;0;0
55961;2029;2;22;Market Square Arena;0;73;64;0;0;0;0;0;0;0;0;0;0;0;0;;;;0;0;0;0;0;0;0;0;0;0;0;0;0;0;0;0;0;0;0;0;0;0;0;0;Regular Season;0;0;0;0;0;0;0;0;0;0
55910;2029;2;22;ENMAX Centrium;0;77;70;0;0;0;0;0;0;0;0;0;0;0;0;;;;0;0;0;0;0;0;0;0;0;0;0;0;0;0;0;0;0;0;0;0;0;0;0;0;Regular Season;0;0;0;0;0;0;0;0;0;0
55895;2029;2;22;Prospera Place;0;79;83;0;0;0;0;0;0;0;0;0;0;0;0;;;;0;0;0;0;0;0;0;0;0;0;0;0;0;0;0;0;0;0;0;0;0;0;0;0;Regular Season;0;0;0;0;0;0;0;0;0;0
55923;2029;2;22;CN Centre;0;80;66;0;0;0;0;0;0;0;0;0;0;0;0;;;;0;0;0;0;0;0;0;0;0;0;0;0;0;0;0;0;0;0;0;0;0;0;0;0;Regular Season;0;0;0;0;0;0;0;0;0;0
55946;2029;2;22;Placeholder 49 Arena;0;63;81;0;0;0;0;0;0;0;0;0;0;0;0;;;;0;0;0;0;0;0;0;0;0;0;0;0;0;0;0;0;0;0;0;0;0;0;0;0;Regular Season;0;0;0;0;0;0;0;0;0;0
55918;2029;2;22;Canalta Centre;0;76;72;0;0;0;0;0;0;0;0;0;0;0;0;;;;0;0;0;0;0;0;0;0;0;0;0;0;0;0;0;0;0;0;0;0;0;0;0;0;Regular Season;0;0;0;0;0;0;0;0;0;0
55897;2029;2;23;Placeholder 48 Arena;0;65;78;0;0;0;0;0;0;0;0;0;0;0;0;;;;0;0;0;0;0;0;0;0;0;0;0;0;0;0;0;0;0;0;0;0;0;0;0;0;Regular Season;0;0;0;0;0;0;0;0;0;0
55928;2029;2;23;Market Square Arena;0;73;67;0;0;0;0;0;0;0;0;0;0;0;0;;;;0;0;0;0;0;0;0;0;0;0;0;0;0;0;0;0;0;0;0;0;0;0;0;0;Regular Season;0;0;0;0;0;0;0;0;0;0
55947;2029;2;23;Save-On-Foods Memorial Centre;0;82;63;0;0;0;0;0;0;0;0;0;0;0;0;;;;0;0;0;0;0;0;0;0;0;0;0;0;0;0;0;0;0;0;0;0;0;0;0;0;Regular Season;0;0;0;0;0;0;0;0;0;0
55959;2029;2;23;Angel of the Winds Arena;0;83;84;0;0;0;0;0;0;0;0;0;0;0;0;;;;0;0;0;0;0;0;0;0;0;0;0;0;0;0;0;0;0;0;0;0;0;0;0;0;Regular Season;0;0;0;0;0;0;0;0;0;0
55921;2029;2;23;ENMAX Centrium;0;77;75;0;0;0;0;0;0;0;0;0;0;0;0;;;;0;0;0;0;0;0;0;0;0;0;0;0;0;0;0;0;0;0;0;0;0;0;0;0;Regular Season;0;0;0;0;0;0;0;0;0;0
55914;2029;2;24;Prospera Place;0;79;78;0;0;0;0;0;0;0;0;0;0;0;0;;;;0;0;0;0;0;0;0;0;0;0;0;0;0;0;0;0;0;0;0;0;0;0;0;0;Regular Season;0;0;0;0;0;0;0;0;0;0
55940;2029;2;24;Toyota Arena;0;69;80;0;0;0;0;0;0;0;0;0;0;0;0;;;;0;0;0;0;0;0;0;0;0;0;0;0;0;0;0;0;0;0;0;0;0;0;0;0;Regular Season;0;0;0;0;0;0;0;0;0;0
55995;2029;2;24;Pacific Coliseum;0;81;71;0;0;0;0;0;0;0;0;0;0;0;0;;;;0;0;0;0;0;0;0;0;0;0;0;0;0;0;0;0;0;0;0;0;0;0;0;0;Regular Season;0;0;0;0;0;0;0;0;0;0
55861;2029;2;25;Western Financial Place;0;74;72;0;0;0;0;0;0;0;0;0;0;0;0;;;;0;0;0;0;0;0;0;0;0;0;0;0;0;0;0;0;0;0;0;0;0;0;0;0;Regular Season;0;0;0;0;0;0;0;0;0;0
55975;2029;2;26;Westoba Place;0;66;73;0;0;0;0;0;0;0;0;0;0;0;0;;;;0;0;0;0;0;0;0;0;0;0;0;0;0;0;0;0;0;0;0;0;0;0;0;0;Regular Season;0;0;0;0;0;0;0;0;0;0
55875;2029;2;26;Von Braun Center;0;72;74;0;0;0;0;0;0;0;0;0;0;0;0;;;;0;0;0;0;0;0;0;0;0;0;0;0;0;0;0;0;0;0;0;0;0;0;0;0;Regular Season;0;0;0;0;0;0;0;0;0;0
55938;2029;2;26;Placeholder 49 Arena;0;63;70;0;0;0;0;0;0;0;0;0;0;0;0;;;;0;0;0;0;0;0;0;0;0;0;0;0;0;0;0;0;0;0;0;0;0;0;0;0;Regular Season;0;0;0;0;0;0;0;0;0;0
55960;2029;2;26;Angel of the Winds Arena;0;83;64;0;0;0;0;0;0;0;0;0;0;0;0;;;;0;0;0;0;0;0;0;0;0;0;0;0;0;0;0;0;0;0;0;0;0;0;0;0;Regular Season;0;0;0;0;0;0;0;0;0;0
55963;2029;2;26;Toyota Arena;0;69;76;0;0;0;0;0;0;0;0;0;0;0;0;;;;0;0;0;0;0;0;0;0;0;0;0;0;0;0;0;0;0;0;0;0;0;0;0;0;Regular Season;0;0;0;0;0;0;0;0;0;0
55916;2029;2;26;Dalhousie Memorial Arena;0;71;79;0;0;0;0;0;0;0;0;0;0;0;0;;;;0;0;0;0;0;0;0;0;0;0;0;0;0;0;0;0;0;0;0;0;0;0;0;0;Regular Season;0;0;0;0;0;0;0;0;0;0
55924;2029;2;27;ENMAX Centre;0;75;79;0;0;0;0;0;0;0;0;0;0;0;0;;;;0;0;0;0;0;0;0;0;0;0;0;0;0;0;0;0;0;0;0;0;0;0;0;0;Regular Season;0;0;0;0;0;0;0;0;0;0
55955;2029;2;27;Dalhousie Memorial Arena;0;71;70;0;0;0;0;0;0;0;0;0;0;0;0;;;;0;0;0;0;0;0;0;0;0;0;0;0;0;0;0;0;0;0;0;0;0;0;0;0;Regular Season;0;0;0;0;0;0;0;0;0;0
55931;2029;2;27;Pacific Coliseum;0;81;67;0;0;0;0;0;0;0;0;0;0;0;0;;;;0;0;0;0;0;0;0;0;0;0;0;0;0;0;0;0;0;0;0;0;0;0;0;0;Regular Season;0;0;0;0;0;0;0;0;0;0
55976;2029;2;27;CN Centre;0;80;84;0;0;0;0;0;0;0;0;0;0;0;0;;;;0;0;0;0;0;0;0;0;0;0;0;0;0;0;0;0;0;0;0;0;0;0;0;0;Regular Season;0;0;0;0;0;0;0;0;0;0
55966;2029;2;27;Art Hauser Centre;0;68;83;0;0;0;0;0;0;0;0;0;0;0;0;;;;0;0;0;0;0;0;0;0;0;0;0;0;0;0;0;0;0;0;0;0;0;0;0;0;Regular Season;0;0;0;0;0;0;0;0;0;0
55943;2029;2;28;Placeholder 48 Arena;0;65;66;0;0;0;0;0;0;0;0;0;0;0;0;;;;0;0;0;0;0;0;0;0;0;0;0;0;0;0;0;0;0;0;0;0;0;0;0;0;Regular Season;0;0;0;0;0;0;0;0;0;0
56005;2029;2;28;Toyota Arena;0;69;84;0;0;0;0;0;0;0;0;0;0;0;0;;;;0;0;0;0;0;0;0;0;0;0;0;0;0;0;0;0;0;0;0;0;0;0;0;0;Regular Season;0;0;0;0;0;0;0;0;0;0
55953;2029;2;28;Von Braun Center;0;72;77;0;0;0;0;0;0;0;0;0;0;0;0;;;;0;0;0;0;0;0;0;0;0;0;0;0;0;0;0;0;0;0;0;0;0;0;0;0;Regular Season;0;0;0;0;0;0;0;0;0;0
55997;2029;3;1;Market Square Arena;0;73;66;0;0;0;0;0;0;0;0;0;0;0;0;;;;0;0;0;0;0;0;0;0;0;0;0;0;0;0;0;0;0;0;0;0;0;0;0;0;Regular Season;0;0;0;0;0;0;0;0;0;0
55949;2029;3;1;Mosaic Place;0;67;65;0;0;0;0;0;0;0;0;0;0;0;0;;;;0;0;0;0;0;0;0;0;0;0;0;0;0;0;0;0;0;0;0;0;0;0;0;0;Regular Season;0;0;0;0;0;0;0;0;0;0
55889;2029;3;1;Western Financial Place;0;74;64;0;0;0;0;0;0;0;0;0;0;0;0;;;;0;0;0;0;0;0;0;0;0;0;0;0;0;0;0;0;0;0;0;0;0;0;0;0;Regular Season;0;0;0;0;0;0;0;0;0;0
55957;2029;3;1;Von Braun Center;0;72;68;0;0;0;0;0;0;0;0;0;0;0;0;;;;0;0;0;0;0;0;0;0;0;0;0;0;0;0;0;0;0;0;0;0;0;0;0;0;Regular Season;0;0;0;0;0;0;0;0;0;0
55969;2029;3;1;Dalhousie Memorial Arena;0;71;75;0;0;0;0;0;0;0;0;0;0;0;0;;;;0;0;0;0;0;0;0;0;0;0;0;0;0;0;0;0;0;0;0;0;0;0;0;0;Regular Season;0;0;0;0;0;0;0;0;0;0
55967;2029;3;1;Pacific Coliseum;0;81;83;0;0;0;0;0;0;0;0;0;0;0;0;;;;0;0;0;0;0;0;0;0;0;0;0;0;0;0;0;0;0;0;0;0;0;0;0;0;Regular Season;0;0;0;0;0;0;0;0;0;0
55905;2029;3;1;Placeholder 49 Arena;0;63;70;0;0;0;0;0;0;0;0;0;0;0;0;;;;0;0;0;0;0;0;0;0;0;0;0;0;0;0;0;0;0;0;0;0;0;0;0;0;Regular Season;0;0;0;0;0;0;0;0;0;0
55965;2029;3;1;Toyota Arena;0;69;82;0;0;0;0;0;0;0;0;0;0;0;0;;;;0;0;0;0;0;0;0;0;0;0;0;0;0;0;0;0;0;0;0;0;0;0;0;0;Regular Season;0;0;0;0;0;0;0;0;0;0
55920;2029;3;2;Art Hauser Centre;0;68;74;0;0;0;0;0;0;0;0;0;0;0;0;;;;0;0;0;0;0;0;0;0;0;0;0;0;0;0;0;0;0;0;0;0;0;0;0;0;Regular Season;0;0;0;0;0;0;0;0;0;0
55980;2029;3;2;Save-On-Foods Memorial Centre;0;82;84;0;0;0;0;0;0;0;0;0;0;0;0;;;;0;0;0;0;0;0;0;0;0;0;0;0;0;0;0;0;0;0;0;0;0;0;0;0;Regular Season;0;0;0;0;0;0;0;0;0;0
55927;2029;3;2;ENMAX Centrium;0;77;78;0;0;0;0;0;0;0;0;0;0;0;0;;;;0;0;0;0;0;0;0;0;0;0;0;0;0;0;0;0;0;0;0;0;0;0;0;0;Regular Season;0;0;0;0;0;0;0;0;0;0
55932;2029;3;2;Canalta Centre;0;76;79;0;0;0;0;0;0;0;0;0;0;0;0;;;;0;0;0;0;0;0;0;0;0;0;0;0;0;0;0;0;0;0;0;0;0;0;0;0;Regular Season;0;0;0;0;0;0;0;0;0;0
55962;2029;3;2;Placeholder 50 Arena;0;64;67;0;0;0;0;0;0;0;0;0;0;0;0;;;;0;0;0;0;0;0;0;0;0;0;0;0;0;0;0;0;0;0;0;0;0;0;0;0;Regular Season;0;0;0;0;0;0;0;0;0;0
55972;2029;3;3;Canalta Centre;0;76;75;0;0;0;0;0;0;0;0;0;0;0;0;;;;0;0;0;0;0;0;0;0;0;0;0;0;0;0;0;0;0;0;0;0;0;0;0;0;Regular Season;0;0;0;0;0;0;0;0;0;0
55990;2029;3;3;Placeholder 49 Arena;0;63;65;0;0;0;0;0;0;0;0;0;0;0;0;;;;0;0;0;0;0;0;0;0;0;0;0;0;0;0;0;0;0;0;0;0;0;0;0;0;Regular Season;0;0;0;0;0;0;0;0;0;0
55956;2029;3;3;ENMAX Centrium;0;77;81;0;0;0;0;0;0;0;0;0;0;0;0;;;;0;0;0;0;0;0;0;0;0;0;0;0;0;0;0;0;0;0;0;0;0;0;0;0;Regular Season;0;0;0;0;0;0;0;0;0;0
55974;2029;3;5;Canalta Centre;0;76;82;0;0;0;0;0;0;0;0;0;0;0;0;;;;0;0;0;0;0;0;0;0;0;0;0;0;0;0;0;0;0;0;0;0;0;0;0;0;Regular Season;0;0;0;0;0;0;0;0;0;0
55988;2029;3;5;Stockton Arena;0;70;72;0;0;0;0;0;0;0;0;0;0;0;0;;;;0;0;0;0;0;0;0;0;0;0;0;0;0;0;0;0;0;0;0;0;0;0;0;0;Regular Season;0;0;0;0;0;0;0;0;0;0
55968;2029;3;5;Art Hauser Centre;0;68;80;0;0;0;0;0;0;0;0;0;0;0;0;;;;0;0;0;0;0;0;0;0;0;0;0;0;0;0;0;0;0;0;0;0;0;0;0;0;Regular Season;0;0;0;0;0;0;0;0;0;0
55992;2029;3;5;ENMAX Centrium;0;77;71;0;0;0;0;0;0;0;0;0;0;0;0;;;;0;0;0;0;0;0;0;0;0;0;0;0;0;0;0;0;0;0;0;0;0;0;0;0;Regular Season;0;0;0;0;0;0;0;0;0;0
55945;2029;3;5;Prospera Place;0;79;65;0;0;0;0;0;0;0;0;0;0;0;0;;;;0;0;0;0;0;0;0;0;0;0;0;0;0;0;0;0;0;0;0;0;0;0;0;0;Regular Season;0;0;0;0;0;0;0;0;0;0
55985;2029;3;5;Mosaic Place;0;67;75;0;0;0;0;0;0;0;0;0;0;0;0;;;;0;0;0;0;0;0;0;0;0;0;0;0;0;0;0;0;0;0;0;0;0;0;0;0;Regular Season;0;0;0;0;0;0;0;0;0;0
56007;2028;9;20;Westoba Place;2645;66;79;4;3;1;1;2;0;0;1;1;1;0;0;7261;9446;7238;56;58;25;35;5;17;5;5;1;6;39;31;2;8;8;0;8;16;8;0;1;5;2;5;Pre-Season;16;20;9;9;2;5;29;13;7;4
56009;2028;9;20;CN Centre;3163;80;82;7;6;2;2;3;0;0;0;4;2;0;0;7394;7408;9396;69;50;40;34;14;20;3;9;7;3;38;32;18;15;14;0;5;5;6;0;1;7;3;5;Pre-Season;3;24;22;18;2;18;9;10;9;4
56011;2028;9;20;Western Financial Place;1804;74;83;6;9;0;2;4;0;0;6;2;1;0;0;7347;7259;7352;50;70;28;20;20;12;5;7;6;6;29;36;7;4;15;0;20;10;6;0;3;5;3;4;Pre-Season;9;21;9;10;1;6;34;10;15;5
56013;2028;9;20;ENMAX Centrium;2072;77;68;5;8;2;1;2;0;0;3;2;3;0;0;7273;8740;9394;62;93;19;17;18;17;2;4;7;6;36;26;6;8;15;0;32;15;13;0;3;6;4;7;Pre-Season;15;26;10;9;2;8;40;18;16;11
56015;2028;9;20;Placeholder 49 Arena;570;63;71;4;2;1;2;1;0;0;1;0;1;0;0;6795;7934;7339;68;56;38;32;12;14;4;4;6;5;38;29;8;12;16;0;6;8;8;0;0;6;0;4;Pre-Season;6;29;18;14;1;16;18;12;9;1
56017;2028;9;20;Stockton Arena;5791;70;72;4;1;2;1;1;0;0;0;0;1;0;0;7336;7409;7330;55;69;23;33;23;12;4;5;6;4;43;30;7;6;17;0;13;8;16;0;2;4;0;4;Pre-Season;7;26;9;10;3;17;24;17;8;3
56019;2028;9;20;ENMAX Centre;2645;75;69;2;3;0;2;0;0;0;1;1;1;0;0;9322;6794;6939;67;50;17;24;14;13;5;13;5;3;45;28;15;15;13;0;5;7;6;0;0;8;1;6;Pre-Season;4;24;22;11;6;14;18;12;5;1
56021;2028;9;20;Canalta Centre;2210;76;64;4;6;2;1;1;0;0;2;2;2;0;0;6893;9456;7332;69;46;33;35;20;13;4;5;3;7;40;31;19;12;10;0;5;5;7;0;1;5;3;4;Pre-Season;4;31;15;15;4;15;19;7;4;1
56023;2028;9;20;Pacific Coliseum;6506;81;78;5;4;0;3;1;0;1;0;2;2;0;0;6751;9413;7337;61;95;42;36;10;16;4;4;4;4;37;38;3;15;7;0;11;25;17;2;1;3;1;6;Pre-Season;15;24;12;12;3;13;39;22;21;5
56025;2028;9;20;Placeholder 48 Arena;418;65;84;7;8;2;3;2;0;0;2;2;3;1;0;9452;9429;9314;54;53;24;28;20;16;4;6;5;3;41;33;8;14;7;1;5;7;15;1;2;4;1;2;Pre-Season;8;25;11;9;1;4;24;14;7;4
56027;2028;9;20;Mosaic Place;1958;67;73;3;2;1;1;1;0;0;2;0;0;0;0;7326;8179;9317;52;64;16;18;20;9;4;6;8;9;33;31;8;7;10;0;11;9;4;0;0;4;1;3;Pre-Season;9;25;7;10;1;19;22;13;8;2
56029;2028;9;21;Von Braun Center;2857;72;68;2;4;0;1;1;0;0;2;1;1;0;0;7300;8377;7883;47;70;8;4;15;14;11;5;3;8;28;31;6;9;11;0;13;8;21;0;0;2;1;4;Pre-Season;12;18;8;8;1;7;34;11;15;3
56031;2028;9;21;Placeholder 49 Arena;529;63;70;6;5;1;4;1;0;0;1;1;3;0;0;7339;7926;8743;68;68;16;16;12;18;6;5;3;3;31;35;17;11;11;0;4;11;20;0;1;3;1;3;Pre-Season;6;29;17;9;7;18;25;13;8;4
56033;2028;9;21;Placeholder 48 Arena;380;65;75;4;5;2;1;1;0;0;1;2;1;0;1;6794;9429;7286;67;67;13;11;11;11;8;3;4;5;26;37;11;7;7;6;6;16;17;1;1;3;2;4;Pre-Season;20;21;16;8;4;12;32;14;7;4
56035;2028;9;21;Market Square Arena;6187;73;80;2;5;2;0;0;0;0;4;0;1;0;0;6777;6801;7394;50;74;19;17;11;13;7;6;4;3;30;33;8;2;3;0;15;14;17;0;0;1;1;2;Pre-Season;15;14;11;7;3;2;31;14;18;9
56037;2028;9;21;Toyota Arena;4761;69;77;1;7;0;0;1;0;0;5;1;1;0;0;6739;8706;7350;65;69;6;8;17;12;7;4;2;6;21;43;6;5;13;0;18;15;15;0;0;4;1;3;Pre-Season;22;21;12;7;3;3;29;14;18;5
56039;2028;9;21;Mosaic Place;2092;67;66;7;3;3;3;1;0;0;2;1;0;0;0;7894;9399;9317;59;70;26;44;17;14;5;0;6;5;39;35;8;15;12;0;22;16;10;0;2;7;0;3;Pre-Season;10;22;10;11;6;7;34;15;11;3
56041;2028;9;21;Save-On-Foods Memorial Centre;4062;82;76;4;7;2;2;0;0;0;0;3;4;0;0;7400;7382;7882;50;79;30;26;8;17;3;4;3;5;36;41;6;6;7;0;12;14;24;0;1;3;2;5;Pre-Season;14;13;12;8;3;10;39;10;12;8
56043;2028;9;21;Pacific Coliseum;6966;81;74;5;3;0;2;3;0;0;0;1;2;0;0;7337;7399;6751;71;72;40;36;14;11;1;3;7;7;35;38;5;12;13;0;14;11;13;0;0;3;1;5;Pre-Season;17;29;17;6;2;9;29;18;12;4
56045;2028;9;21;Prospera Place;2530;79;83;4;6;3;0;1;0;0;3;1;2;0;0;6744;7841;7347;53;67;16;16;19;25;4;3;4;0;35;37;12;11;6;0;11;6;19;0;1;3;2;3;Pre-Season;10;26;8;6;3;10;32;13;10;2
56047;2028;9;21;MODA Center;6173;84;71;3;2;1;0;1;1;0;0;1;1;0;0;6765;7303;7855;42;72;16;14;14;20;11;5;2;5;32;24;2;4;9;1;11;17;15;1;1;2;1;3;Pre-Season;10;11;10;5;6;9;39;10;10;4
56049;2028;9;21;Placeholder 50 Arena;437;64;78;6;2;2;2;2;0;0;0;2;0;0;0;7332;6893;8404;68;71;22;28;5;15;4;6;7;5;42;40;11;9;11;0;10;17;14;0;3;9;0;6;Pre-Season;12;32;10;9;5;11;28;14;13;5
56051;2028;9;23;Stockton Arena;5719;70;75;3;4;1;1;1;0;0;2;1;1;0;0;9426;9400;9403;64;63;26;24;23;11;9;3;4;9;39;39;14;16;13;0;9;15;12;0;0;2;1;3;Pre-Season;6;28;15;13;2;10;21;14;14;4
56053;2028;9;23;MODA Center;5917;84;73;5;2;1;3;1;0;0;0;0;2;0;0;8160;6765;9452;65;56;23;25;13;15;4;7;0;4;33;45;10;17;10;0;8;5;17;0;1;5;0;4;Pre-Season;11;28;14;9;3;12;20;9;11;4
56055;2028;9;23;Pacific Coliseum;6766;81;65;3;2;0;1;1;1;0;1;1;0;0;0;8741;9457;6751;71;51;16;20;28;11;3;4;7;2;41;19;19;11;12;5;3;9;2;0;0;5;1;3;Pre-Season;6;28;17;16;4;13;16;14;7;1
56057;2028;9;23;Westoba Place;2997;66;82;3;6;0;0;3;0;0;3;2;1;0;0;6861;6827;9450;58;62;4;4;13;13;1;8;5;3;27;38;6;6;15;0;12;6;9;0;0;2;1;2;Pre-Season;9;33;8;7;1;10;31;13;6;2
56059;2028;9;23;Canalta Centre;2604;76;83;4;5;1;3;0;0;0;2;1;1;0;1;7352;6848;6744;74;67;33;25;25;18;6;4;8;6;45;38;8;23;7;2;16;6;14;0;1;5;0;4;Pre-Season;18;30;11;13;6;9;31;14;12;5
56061;2028;9;23;Frank Crane Arena;1727;78;63;0;6;0;0;0;0;0;2;2;2;0;0;8474;6898;8743;54;76;23;21;16;11;7;5;3;9;33;40;12;6;8;0;13;13;11;0;0;3;4;4;Pre-Season;9;29;9;4;3;17;22;15;18;4
56063;2028;9;23;Art Hauser Centre;1561;68;72;2;1;0;1;0;0;1;0;0;1;0;0;9371;7277;7312;63;44;12;22;14;25;5;5;8;5;40;26;14;13;4;5;2;3;10;0;0;6;0;1;Pre-Season;11;30;16;7;2;17;16;6;6;1
56065;2028;9;23;Dalhousie Memorial Arena;717;71;79;5;4;1;2;1;1;0;1;2;1;0;0;9453;7314;7364;56;63;32;26;14;24;4;4;9;2;30;42;8;9;10;1;8;10;10;0;0;3;1;6;Pre-Season;7;25;12;11;1;14;28;13;7;1
56067;2028;9;23;CN Centre;2839;80;69;6;1;1;3;2;0;0;0;0;1;0;0;6777;7394;7285;106;51;28;28;8;10;2;9;5;5;46;20;25;37;14;0;4;0;7;0;1;4;1;4;Pre-Season;8;49;21;17;11;21;12;13;2;3
56069;2028;9;23;ENMAX Centrium;2252;77;64;3;8;0;1;2;0;0;2;4;2;0;0;6893;7332;7876;48;77;25;25;22;18;5;8;5;1;39;42;9;7;11;0;13;16;10;0;0;5;2;5;Pre-Season;8;15;13;9;3;16;27;13;17;4
56071;2028;9;23;Western Financial Place;1733;74;67;6;3;1;2;3;0;0;1;0;2;0;0;7817;9393;8399;77;66;18;16;13;9;6;4;5;8;24;35;10;13;12;0;14;5;12;0;0;3;0;4;Pre-Season;18;38;10;9;2;12;32;11;7;4
56073;2028;9;24;Prospera Place;2501;79;76;7;6;2;1;3;0;1;2;2;2;0;0;7813;7842;9446;80;75;35;41;19;13;7;3;4;4;31;51;14;19;13;0;11;9;13;11;1;8;0;5;Pre-Season;13;34;22;10;5;11;31;18;16;3
56075;2028;9;24;Placeholder 48 Arena;400;65;81;3;9;2;1;0;0;0;4;4;1;0;0;6751;7353;8741;61;98;22;12;14;15;5;3;5;8;34;37;16;7;6;0;16;28;19;0;1;1;3;6;Pre-Season;13;22;12;11;3;5;48;20;15;10
56077;2028;9;24;Save-On-Foods Memorial Centre;3959;82;63;2;6;2;0;0;0;0;3;1;2;0;0;7941;8743;9419;53;66;18;18;17;21;4;2;5;6;36;28;8;9;8;0;10;8;15;0;1;4;1;4;Pre-Season;7;31;10;2;3;8;28;14;14;2
56079;2028;9;24;Toyota Arena;5331;69;84;1;10;1;0;0;0;0;3;4;3;0;0;6765;9235;8712;56;81;28;24;22;6;6;5;7;6;22;40;9;5;4;0;21;13;19;0;1;2;1;4;Pre-Season;8;23;15;9;1;2;31;24;15;9
56081;2028;9;24;Market Square Arena;6667;73;74;3;7;1;0;2;0;0;2;4;1;0;0;6740;9364;6840;49;81;22;26;8;18;5;7;4;5;39;37;4;5;12;0;6;26;15;0;2;8;4;6;Pre-Season;9;21;13;5;1;15;31;17;14;4
56083;2028;9;24;Angel of the Winds Arena;4237;83;64;4;3;2;0;2;0;0;1;2;0;0;0;6744;7332;7898;64;59;26;12;22;12;3;6;4;5;30;29;7;12;11;0;5;6;9;0;1;6;1;3;Pre-Season;4;22;18;17;3;17;17;12;9;4
56085;2028;9;24;ENMAX Centre;2665;75;80;2;7;0;2;0;0;0;5;0;2;0;0;6777;7859;7394;53;79;33;39;14;21;2;6;6;8;26;42;1;15;4;0;21;12;21;0;1;7;1;4;Pre-Season;16;18;11;5;3;9;34;19;14;3
56087;2028;9;24;Westoba Place;2707;66;70;5;0;1;3;1;0;0;0;0;0;0;0;9389;7261;9416;62;49;9;9;19;17;6;4;5;5;35;26;11;11;15;0;7;10;1;0;0;2;0;2;Pre-Season;6;35;9;7;5;13;16;14;3;3
56089;2028;9;24;Von Braun Center;2677;72;67;2;3;0;2;0;0;0;1;1;1;0;0;9317;8119;6824;79;58;37;25;19;14;9;5;5;7;43;44;19;16;13;0;7;9;11;0;0;5;3;6;Pre-Season;7;39;15;14;4;13;24;11;9;1
56091;2028;9;24;Art Hauser Centre;1393;68;77;8;1;2;0;6;0;0;0;1;0;0;0;8740;7883;7954;91;47;18;17;8;12;8;3;8;4;49;20;18;13;30;0;6;7;3;0;2;6;0;5;Pre-Season;5;45;15;19;7;12;22;6;7;0
56093;2028;9;24;Dalhousie Memorial Arena;772;71;78;4;3;2;1;1;0;0;0;2;1;0;0;7392;6806;7934;65;70;35;35;29;24;5;7;6;5;36;46;12;14;8;0;10;17;10;0;1;5;1;5;Pre-Season;8;28;15;11;3;8;30;20;9;3
56095;2028;9;26;Western Financial Place;1740;74;83;2;3;1;0;1;0;0;1;1;1;0;0;7259;7956;8381;59;62;20;22;19;9;2;4;7;4;33;29;12;14;5;0;18;6;11;0;0;6;1;5;Pre-Season;10;19;12;14;4;10;24;15;8;5
56097;2028;9;26;Placeholder 49 Arena;544;63;69;2;1;1;1;0;0;0;0;0;1;0;0;6898;7834;6795;52;33;33;31;19;21;7;6;5;5;28;30;12;10;13;0;1;4;6;0;1;3;0;4;Pre-Season;3;22;17;4;6;7;14;5;7;0
56099;2028;9;26;Stockton Arena;5714;70;75;4;2;0;2;2;0;0;1;1;0;0;0;7926;6794;9402;83;61;32;30;16;11;5;2;3;6;36;29;11;20;13;0;7;11;7;0;0;5;2;6;Pre-Season;7;40;16;15;5;12;28;13;7;1
56101;2028;9;26;CN Centre;2478;80;81;8;2;1;4;3;0;0;1;0;1;0;0;9378;6777;9401;77;50;19;25;16;13;4;2;6;1;30;40;11;18;19;0;8;6;3;0;3;5;1;2;Pre-Season;5;35;16;16;5;13;19;7;10;1
56103;2028;9;26;MODA Center;6518;84;65;4;3;1;1;2;0;0;1;0;2;0;0;9452;9429;6765;70;58;25;23;10;12;1;5;5;5;25;31;5;11;10;0;10;6;14;0;0;4;1;5;Pre-Season;15;28;16;4;7;3;27;13;11;4
56105;2028;9;26;Mosaic Place;1749;67;64;3;4;1;1;1;0;0;1;2;1;0;0;6893;8732;7332;53;44;38;28;21;12;4;5;6;4;37;20;7;9;10;0;6;15;4;0;1;4;1;4;Pre-Season;11;25;11;6;0;8;22;5;8;1
56107;2028;9;26;Art Hauser Centre;1494;68;66;5;2;1;2;2;0;0;0;1;1;0;0;7312;9405;7816;60;70;30;18;17;12;3;11;1;2;40;31;14;13;10;0;10;11;17;0;0;4;1;5;Pre-Season;9;22;18;9;2;9;32;17;11;1
56109;2028;9;26;Canalta Centre;2544;76;72;5;2;2;2;1;0;0;0;2;0;0;0;7338;6848;7400;68;56;31;37;19;11;3;2;3;6;38;21;13;8;8;0;18;7;4;0;3;6;0;3;Pre-Season;9;29;18;9;3;12;28;7;5;4
56111;2028;9;26;Frank Crane Arena;1694;78;73;6;2;3;2;1;0;0;2;0;0;0;0;7256;9422;9455;69;56;11;11;14;10;10;7;3;7;37;33;17;14;15;0;6;7;6;0;1;3;0;3;Pre-Season;6;31;14;17;1;17;18;15;5;1
56113;2028;9;26;Prospera Place;2673;79;71;2;3;0;2;0;0;0;1;1;1;0;0;6755;7314;7791;53;63;23;25;24;13;2;8;4;5;33;31;7;18;5;0;16;10;16;0;0;5;1;4;Pre-Season;10;21;13;9;0;7;33;11;7;5
56115;2028;9;26;ENMAX Centrium;2272;77;82;2;3;1;0;1;0;0;1;1;1;0;0;6827;9324;7593;46;73;12;12;11;24;9;10;8;5;32;41;6;8;3;0;12;10;19;0;0;6;2;6;Pre-Season;11;23;5;7;0;5;38;18;6;6
56117;2028;9;28;Placeholder 48 Arena;372;65;66;3;4;1;1;1;0;0;0;1;3;0;0;7595;9429;7261;54;74;23;21;20;19;3;4;4;2;27;31;4;11;5;0;16;14;19;0;1;3;0;4;Pre-Season;11;16;18;7;2;3;44;15;8;4
56119;2028;9;28;Placeholder 50 Arena;476;64;68;3;4;0;1;2;0;0;0;3;0;0;1;9394;7876;8382;62;85;33;31;20;19;10;5;7;8;34;51;8;4;7;3;15;23;12;4;1;3;0;4;Pre-Season;19;22;18;4;2;15;42;15;15;1
56121;2028;9;28;Angel of the Winds Arena;4123;83;80;4;5;3;1;0;0;0;1;1;2;1;0;7848;9437;7783;52;78;33;29;15;27;6;2;6;2;40;41;10;12;4;0;10;16;14;1;0;2;2;4;Pre-Season;8;18;19;6;1;6;39;17;13;3
56123;2028;9;28;Market Square Arena;6536;73;81;0;8;0;0;0;0;0;5;1;2;0;0;8741;8385;7353;53;65;23;21;14;15;6;6;6;11;40;34;3;8;7;0;14;16;14;0;0;3;2;4;Pre-Season;14;17;15;4;3;8;24;13;17;3
56125;2028;9;28;Toyota Arena;4624;69;74;0;5;0;0;0;0;0;1;1;3;0;0;7833;8399;7371;46;64;50;40;19;15;4;3;5;5;30;42;1;5;11;0;18;15;11;0;0;5;1;5;Pre-Season;17;15;9;4;1;2;36;14;10;2
56127;2028;9;28;Prospera Place;3287;79;78;2;4;0;1;1;0;0;0;2;2;0;0;6788;9019;6806;58;57;33;31;22;17;3;7;8;6;25;35;10;7;10;0;10;9;10;0;0;3;1;4;Pre-Season;10;22;13;10;3;8;22;11;11;5
56129;2028;9;28;Von Braun Center;2950;72;82;4;3;2;2;0;0;0;1;2;0;0;0;7277;6861;7334;68;61;33;27;24;14;2;9;2;3;27;29;17;11;11;0;10;15;11;0;0;6;1;4;Pre-Season;8;32;21;3;4;6;25;17;10;3
56131;2028;9;28;ENMAX Centre;2461;75;71;1;6;1;0;0;0;0;2;1;3;0;0;6202;7364;7900;46;88;35;21;10;22;6;5;3;6;43;35;6;10;2;0;21;15;18;0;0;3;1;5;Pre-Season;13;13;11;8;1;7;43;15;21;2
56133;2028;9;28;Placeholder 49 Arena;490;63;77;6;1;2;2;2;0;0;0;1;0;0;0;6898;6795;9423;89;42;27;27;12;16;9;11;4;6;35;28;14;21;21;0;6;2;4;0;1;6;1;6;Pre-Season;5;35;21;19;9;11;18;9;4;0
56135;2028;9;28;Canalta Centre;2435;76;70;7;5;2;3;2;0;0;2;1;2;0;0;9456;7336;7382;53;66;25;23;18;14;5;3;1;7;27;44;3;11;8;0;14;9;14;0;2;4;0;5;Pre-Season;10;18;11;9;5;8;33;10;11;4
56137;2028;9;28;Mosaic Place;2054;67;84;6;5;1;1;3;0;1;2;1;2;0;0;7326;9314;8732;70;62;32;28;23;17;5;5;4;3;33;34;15;12;9;3;14;9;7;2;3;4;1;6;Pre-Season;11;25;18;16;4;13;23;15;11;4
56139;2028;9;29;MODA Center;6130;84;76;7;4;1;4;2;0;0;1;3;0;0;0;7282;7838;8465;56;74;23;33;11;20;6;7;12;6;27;40;11;11;7;0;21;18;8;0;2;4;0;4;Pre-Season;10;22;12;11;1;13;34;13;11;3
56141;2028;9;29;ENMAX Centre;2724;75;72;2;3;0;1;1;0;0;3;0;0;0;0;7334;7839;7333;44;46;29;33;12;8;2;8;8;4;35;29;4;8;8;0;10;5;9;0;0;4;0;2;Pre-Season;7;16;15;5;1;4;22;11;7;2
56143;2028;9;29;Westoba Place;2959;66;70;5;2;1;1;3;0;0;1;1;0;0;0;7261;6789;7304;57;67;30;34;23;18;5;1;5;8;25;28;12;4;17;0;10;11;10;0;3;7;1;5;Pre-Season;7;21;14;9;6;12;25;18;8;4
56145;2028;9;29;Placeholder 50 Arena;485;64;67;4;3;0;1;2;1;0;1;1;1;0;0;6893;7938;7332;73;46;33;39;22;18;12;2;3;6;40;35;8;17;22;4;6;10;5;0;2;7;0;4;Pre-Season;4;35;20;12;2;9;15;13;6;3
56147;2028;9;29;Art Hauser Centre;1501;68;73;6;2;4;2;0;0;0;1;0;1;0;0;8740;7345;9371;80;41;21;33;24;12;9;8;6;5;38;32;18;21;16;0;8;2;7;0;2;4;1;3;Pre-Season;4;37;19;16;4;11;16;10;3;1
56149;2028;9;29;Western Financial Place;1630;74;63;6;5;1;2;2;0;1;2;1;2;0;0;6840;6795;7956;66;72;47;47;20;12;5;4;5;7;39;52;12;9;6;9;14;11;18;0;2;6;2;6;Pre-Season;16;29;12;11;1;12;33;13;15;2
56151;2028;9;29;Dalhousie Memorial Arena;708;71;69;6;0;1;3;2;0;0;0;0;0;0;0;9239;6755;6202;82;43;35;55;17;9;1;6;6;5;31;26;15;29;8;0;3;6;3;0;1;5;0;0;Pre-Season;1;35;22;19;5;16;18;8;0;1
56153;2028;9;29;Pacific Coliseum;7018;81;78;3;2;0;2;1;0;0;0;1;1;0;0;7353;6788;6751;56;54;21;45;11;15;7;3;5;7;30;26;10;9;6;0;6;15;8;0;2;5;0;3;Pre-Season;13;28;11;3;1;6;25;12;10;1
56155;2028;9;29;Prospera Place;2594;79;65;5;2;3;2;0;0;0;1;1;0;0;0;6831;7314;7294;77;42;35;37;15;9;5;4;3;1;48;37;20;16;10;0;4;11;6;0;3;6;1;5;Pre-Season;9;37;14;14;3;8;18;9;7;0
56157;2028;9;29;ENMAX Centrium;2439;77;80;2;5;2;0;0;0;0;2;2;1;0;0;6777;7285;7394;44;70;50;24;16;17;6;3;2;3;34;35;8;3;1;0;15;18;17;0;0;2;3;5;Pre-Season;15;14;11;2;2;0;39;11;17;3
56159;2028;9;29;Save-On-Foods Memorial Centre;4130;82;83;5;7;3;0;2;0;0;3;2;2;0;0;7307;6861;7259;58;74;22;20;25;17;4;4;2;4;37;36;12;10;13;0;11;18;12;0;3;5;1;6;Pre-Season;10;26;8;8;6;12;31;15;10;6
56160;2028;9;20;Colisée Desjardins;1168;113;122;3;2;0;1;1;0;1;0;1;1;0;0;9111;7537;7457;58;59;15;31;20;21;1;4;6;8;30;38;8;9;9;6;9;9;11;1;0;8;1;5;Regular Season;8;31;13;7;2;16;24;14;4;3
56161;2028;9;21;Scotiabank Centre;5343;121;117;0;5;0;0;0;0;0;1;2;2;0;0;7051;8097;8046;50;75;9;7;16;10;3;2;3;6;21;41;8;5;3;0;16;17;15;0;0;1;1;2;Regular Season;10;19;14;6;1;2;43;12;14;4
56162;2028;9;21;Aréna IAMGOLD;1844;110;111;7;2;5;1;1;0;0;1;1;0;0;0;7413;7539;7036;82;57;19;25;24;16;1;6;8;3;49;31;23;12;15;0;10;9;8;0;1;5;0;2;Regular Season;6;38;18;15;5;15;22;11;5;4
56163;2028;9;21;Progressive Auto Sales Arena;2732;105;122;5;2;2;2;1;0;0;1;0;1;0;0;8693;7471;8619;70;51;15;23;12;16;3;6;6;5;26;44;15;9;13;0;6;10;10;0;2;4;1;5;Regular Season;6;33;13;16;2;4;24;10;11;2
56164;2028;9;21;Centre 200;2553;120;116;2;1;0;1;0;0;1;0;1;0;0;0;7991;6957;8590;56;61;17;17;21;14;3;4;4;5;32;33;4;9;6;0;9;17;9;2;0;6;1;6;Regular Season;18;23;12;5;1;6;29;16;10;3
56165;2028;9;21;Colisée Desjardins;1178;113;109;3;2;1;0;1;0;1;1;0;1;0;0;7980;7979;8150;55;83;27;21;20;13;2;6;6;7;34;41;9;6;5;1;7;13;22;4;0;3;0;6;Regular Season;14;19;13;7;4;12;40;19;9;5
56166;2028;9;21;Centre Robert-Guertin;1439;108;106;3;2;1;0;2;0;0;2;0;0;0;0;7479;6947;7470;67;52;35;40;14;9;5;4;8;5;37;32;15;11;14;0;12;3;8;0;1;7;1;5;Regular Season;5;33;16;8;5;8;24;10;9;1
56167;2028;9;21;WFCU Centre;3648;107;114;1;5;1;0;0;0;0;0;1;4;0;0;8665;7438;8055;48;56;33;56;11;17;4;3;2;4;22;34;9;9;7;0;6;11;16;0;0;5;1;4;Regular Season;6;23;10;6;3;5;28;17;5;1
56168;2028;9;22;Colisée Financière Sun Life;2607;118;119;7;1;3;3;1;0;0;1;0;0;0;0;7488;7978;7973;89;53;13;25;20;8;3;8;5;1;33;34;24;18;18;0;5;5;6;0;2;5;0;4;Regular Season;5;47;20;13;4;13;17;14;8;1
56169;2028;9;22;Progressive Auto Sales Arena;2761;105;111;4;5;3;1;0;0;0;2;1;1;1;0;6917;8007;8653;57;74;22;20;12;13;0;2;4;10;38;32;8;11;5;0;20;11;14;1;2;5;1;6;Regular Season;10;24;10;12;1;3;37;16;14;4
56170;2028;9;22;Centre Videotron;10551;117;121;10;3;3;5;2;0;0;1;1;1;0;0;6948;8046;7478;75;56;18;22;12;13;4;2;5;6;47;24;18;14;19;0;6;3;5;0;1;6;1;4;Regular Season;4;23;23;18;7;17;15;15;8;1
56171;2028;9;22;Centre Henry-Léonard;1520;115;112;3;5;2;0;1;0;0;2;2;1;0;0;8010;8584;9342;55;70;13;11;20;14;3;7;7;4;27;28;13;8;6;0;9;10;20;0;1;3;2;4;Regular Season;16;20;9;7;3;9;32;11;16;2
56172;2028;9;22;Centre Robert-Guertin;1629;108;109;6;5;3;2;1;0;0;2;0;3;0;0;9418;8087;7479;67;66;17;15;21;12;9;7;6;9;34;36;9;14;9;0;13;5;17;0;1;5;2;6;Regular Season;9;27;13;10;8;11;25;12;15;3
56173;2028;9;22;WFCU Centre;3890;107;106;1;4;0;0;1;0;0;1;1;2;0;0;8042;8005;7410;53;47;21;19;19;16;2;5;3;3;26;38;11;8;10;0;7;9;8;0;0;2;1;3;Regular Season;12;26;8;2;5;8;22;5;8;4
56174;2028;9;22;Aréna IAMGOLD;1903;110;114;6;4;1;0;5;0;0;1;1;2;0;0;7413;8017;7539;60;48;25;27;27;14;9;2;5;7;33;22;7;8;19;0;12;9;5;0;1;1;0;0;Regular Season;7;28;11;11;3;8;14;13;11;2
56175;2028;9;23;Centre Georges-Vézina;1911;116;120;6;5;2;3;1;0;0;2;0;3;0;0;6941;9335;7422;67;53;24;20;16;19;4;6;4;3;29;35;18;14;8;0;13;7;9;0;2;5;2;7;Regular Season;11;27;15;11;3;11;17;11;10;4
56176;2028;9;23;Centre Henry-Léonard;1557;115;112;6;3;3;1;2;0;0;0;2;1;0;0;9404;7449;9425;58;66;15;11;24;18;9;6;5;5;28;31;7;7;8;0;9;11;17;0;1;3;1;5;Regular Season;14;22;13;7;2;6;37;13;8;2
56177;2028;9;23;K. C. Irving Regional Centre;2435;119;118;4;6;0;2;2;0;0;2;3;1;0;0;9305;6950;9311;63;51;18;26;9;13;6;6;7;7;33;38;8;13;9;0;9;11;11;0;3;8;3;4;Regular Season;9;29;18;6;1;6;22;9;11;3
56178;2028;9;26;Centre 200;2875;120;119;8;1;1;5;2;0;0;0;1;0;0;0;9366;6992;7484;72;40;9;11;23;7;2;3;6;5;30;27;11;19;17;0;8;5;5;0;2;3;0;2;Regular Season;4;37;12;15;4;11;18;6;5;0
56179;2028;9;28;Centre Gervais Auto;3377;114;107;6;3;4;0;2;0;0;3;0;0;0;0;8045;8024;8733;54;48;33;22;22;21;6;5;7;5;45;31;10;9;13;0;10;6;5;0;0;6;1;6;Regular Season;2;29;11;9;3;6;26;9;6;1
56180;2028;9;28;Centre 200;2721;120;121;6;2;1;3;2;0;0;1;1;0;0;0;7451;7459;6992;64;44;11;15;20;7;3;3;9;5;32;21;11;18;14;0;9;3;2;0;1;5;1;3;Regular Season;5;27;13;16;3;13;16;9;5;1
56181;2028;9;28;Centre Videotron;11639;117;118;4;3;0;1;2;1;0;1;1;1;0;0;6948;9311;7051;68;56;13;25;14;13;6;4;4;2;37;33;11;7;16;3;8;12;6;0;1;5;0;4;Regular Season;4;34;14;12;4;17;22;10;3;4
56182;2028;9;28;GFL Memorial Gardens;2793;106;113;4;3;2;1;0;0;1;0;2;1;0;0;6970;9336;9447;65;64;20;14;14;22;3;3;6;6;24;35;8;11;17;2;6;5;12;4;1;2;0;5;Regular Season;14;28;10;14;2;18;23;10;12;4
56183;2028;9;28;Centre d'excellence Sports Rousseau;1361;109;105;4;2;1;1;2;0;0;0;0;2;0;0;9320;8084;8035;76;42;9;25;16;18;3;5;3;5;27;26;19;24;10;0;4;1;11;0;1;5;0;2;Regular Season;4;41;13;14;4;10;20;10;2;0
56184;2028;9;29;Centre Air Creebec;1231;111;115;4;3;0;1;3;0;0;0;1;2;0;0;7533;8003;9328;73;62;13;17;12;12;6;6;3;4;35;35;8;19;16;0;12;6;9;0;2;6;0;4;Regular Season;7;38;17;8;3;14;24;13;8;3
56185;2028;9;29;Centre Marcel-Dionne;1474;112;108;5;8;0;4;1;0;0;3;3;2;0;0;7479;7470;7004;68;82;17;17;16;9;5;4;4;9;33;35;6;14;11;0;23;17;7;0;2;6;3;6;Regular Season;10;21;25;8;4;9;35;20;14;4
56186;2028;9;29;Scotiabank Centre;6096;121;120;2;3;0;2;0;0;0;0;2;1;0;0;9366;7028;7445;48;56;26;30;16;23;3;3;3;5;23;38;7;6;2;0;9;12;6;0;0;5;1;3;Regular Season;11;11;14;7;5;3;26;15;10;2
56187;2028;9;29;K. C. Irving Regional Centre;2316;119;117;1;6;1;0;0;0;0;2;2;2;0;0;8567;6948;8051;46;70;20;32;11;17;4;2;4;2;30;30;6;8;5;0;12;17;16;0;0;6;0;5;Regular Season;17;13;7;6;3;8;29;14;14;5
56188;2028;9;29;Colisée Financière Sun Life;2742;118;116;2;5;1;0;1;0;0;1;1;3;0;0;7983;6941;5802;47;88;22;30;28;8;4;4;7;5;28;31;4;6;6;0;20;21;20;0;1;5;2;6;Regular Season;13;14;12;6;2;8;42;19;17;2
56189;2028;9;29;Würth Arena Egna;711;122;110;3;5;1;1;1;0;0;3;2;0;0;0;7413;8593;7036;50;62;16;20;19;5;3;5;9;5;34;27;6;12;3;0;9;19;11;0;0;5;0;3;Regular Season;11;21;8;8;2;6;26;15;12;3
56190;2028;9;29;Centre d'excellence Sports Rousseau;1444;109;113;6;3;3;1;2;0;0;0;0;3;0;0;7540;8030;9329;50;54;14;12;16;16;4;8;4;1;32;33;11;9;11;0;11;4;9;0;0;1;0;2;Regular Season;3;33;5;6;3;10;22;16;4;2
56191;2028;9;29;GFL Memorial Gardens;2990;106;105;4;7;1;2;1;0;0;1;4;2;0;0;9330;9319;7471;74;68;29;21;16;11;5;4;9;5;37;49;9;24;14;0;7;17;14;0;1;8;1;12;Regular Season;9;28;16;16;5;15;24;15;10;4
56192;2028;9;30;Centre Georges-Vézina;2245;116;119;9;0;5;1;3;0;0;0;0;0;0;0;7536;7422;6957;70;57;7;13;14;13;5;7;5;5;31;31;13;7;18;0;10;3;6;0;2;4;0;1;Regular Season;7;28;16;15;4;20;20;10;3;4
56193;2028;9;30;Centre Gervais Auto;3400;114;115;5;1;1;3;1;0;0;0;1;0;0;0;7424;8055;7990;83;63;12;12;23;9;12;10;5;6;39;32;15;14;10;0;8;9;10;0;2;6;1;6;Regular Season;7;38;20;12;6;14;24;12;10;3
56194;2028;9;30;Centre Marcel-Dionne;1702;112;108;2;4;0;1;1;0;0;1;3;0;0;0;9418;7491;7421;45;86;45;19;12;15;2;3;3;4;36;37;4;7;7;0;12;23;11;0;1;2;1;5;Regular Season;9;16;11;8;1;16;27;21;18;4
56195;2028;9;30;Centre Air Creebec;1238;111;107;11;2;1;2;8;0;0;0;2;0;0;0;7518;6917;7550;90;57;8;8;16;12;12;5;6;2;52;20;19;20;18;0;8;12;7;0;1;4;1;4;Regular Season;9;48;17;11;5;11;22;11;12;1
56196;2028;9;30;Würth Arena Egna;722;122;110;2;4;0;0;2;0;0;3;0;1;0;0;7036;8029;7413;58;77;20;24;13;15;6;3;9;5;39;38;4;5;7;0;15;17;12;0;1;2;0;5;Regular Season;17;18;7;12;4;5;34;18;15;5
56197;2028;10;3;GFL Memorial Gardens;2851;106;122;5;3;2;1;2;0;0;0;3;0;0;0;6947;8546;7410;66;75;31;21;18;24;5;3;3;4;35;38;9;15;11;0;11;15;7;0;0;3;0;3;Regular Season;8;34;10;12;2;14;32;13;10;6
56198;2028;10;3;K. C. Irving Regional Centre;2413;119;121;2;5;1;1;0;0;0;2;1;2;0;0;7455;7028;8002;62;64;24;22;14;18;3;3;10;7;33;38;12;8;12;0;12;7;10;0;1;6;4;7;Regular Season;17;26;11;8;0;7;37;8;8;4
56199;2028;10;3;Centre Robert-Guertin;1546;108;109;4;3;0;1;2;0;1;2;0;1;0;0;7470;7553;7479;59;80;15;13;8;11;6;6;6;5;30;52;6;10;11;1;14;10;10;6;1;4;1;5;Regular Season;17;28;10;3;4;16;43;11;9;3
56200;2028;10;3;Centre 200;2597;120;114;5;2;3;0;2;0;0;0;0;2;0;0;9366;8742;7451;75;41;32;22;18;21;7;6;3;6;22;31;14;4;17;0;6;5;10;0;3;6;1;6;Regular Season;13;38;17;6;1;3;24;11;3;0
56201;2028;10;4;Progressive Auto Sales Arena;2533;105;109;4;3;0;3;1;0;0;1;0;2;0;0;7464;7540;8084;59;56;28;10;21;14;4;2;4;5;44;26;4;10;9;0;15;8;14;0;3;5;1;4;Regular Season;11;28;11;9;0;5;27;13;9;2
56202;2028;10;5;K. C. Irving Regional Centre;2389;119;120;1;3;0;1;0;0;0;2;1;0;0;0;7484;8034;9366;42;70;13;9;16;13;1;5;2;5;22;35;2;3;3;0;14;16;17;0;0;2;0;4;Regular Season;16;13;7;4;2;4;35;16;10;5
56203;2028;10;5;Colisée Financière Sun Life;2948;118;117;4;3;1;1;2;0;0;1;0;2;0;0;7018;6948;9430;53;63;31;37;17;13;2;5;3;6;32;33;10;13;9;0;10;8;12;0;3;6;2;3;Regular Season;4;29;12;7;1;10;30;13;8;2
56204;2028;10;5;Centre Marcel-Dionne;1599;112;111;4;2;1;0;3;0;0;0;1;1;0;0;9342;6951;8737;62;70;11;13;19;12;3;7;3;4;34;34;14;3;18;0;4;12;18;0;0;4;1;3;Regular Season;7;20;23;11;1;11;32;16;9;2
56205;2028;10;5;Centre Henry-Léonard;1346;115;107;6;0;3;1;2;0;0;0;0;0;0;0;8048;9315;7449;61;51;13;23;15;13;6;5;10;2;41;35;12;8;12;0;5;8;6;0;2;4;0;4;Regular Season;11;24;13;11;2;14;20;8;8;1
56206;2028;10;5;Colisée Desjardins;1316;113;116;2;6;1;0;1;0;0;2;1;3;0;0;6941;7492;5802;51;72;20;20;18;19;5;6;6;7;29;34;6;15;6;0;17;11;14;0;2;5;1;5;Regular Season;11;17;11;11;1;5;35;17;10;5
56207;2028;10;5;Centre Robert-Guertin;1738;108;110;2;5;1;0;1;0;0;0;4;1;0;0;8144;7032;7542;53;78;20;16;12;26;3;6;9;5;30;33;11;7;4;0;6;21;20;0;0;3;1;5;Regular Season;13;17;12;8;3;5;39;16;13;5
56208;2028;10;5;Würth Arena Egna;567;122;106;3;4;1;2;0;0;0;1;2;1;0;0;6970;8705;8005;72;57;12;22;19;13;3;7;7;7;35;38;10;10;17;0;9;15;7;0;1;6;1;6;Regular Season;9;28;18;13;4;8;28;11;8;2
56209;2028;10;5;Scotiabank Centre;5432;121;114;2;7;2;0;0;0;0;3;3;1;0;0;7424;6930;8055;49;80;13;9;12;24;4;4;3;1;25;43;7;4;13;0;15;20;18;0;1;2;2;4;Regular Season;10;21;10;5;3;7;33;21;12;7
56210;2028;10;6;K. C. Irving Regional Centre;2431;119;120;0;7;0;0;0;0;0;1;5;1;0;0;9366;6992;7484;55;61;22;20;17;23;3;1;3;4;26;31;5;3;2;0;14;14;10;0;0;5;1;6;Regular Season;22;17;10;6;0;3;29;14;13;2
56211;2028;10;6;Centre Videotron;9399;117;121;5;1;2;3;0;0;0;1;0;0;0;0;7033;8151;6948;69;58;16;24;23;8;4;2;3;8;36;25;13;17;5;0;4;9;10;0;2;7;0;3;Regular Season;4;38;15;11;1;10;24;13;7;4
56212;2028;10;6;Progressive Auto Sales Arena;2686;105;116;0;7;0;0;0;0;0;1;4;2;0;0;6941;7492;7983;44;96;28;34;16;14;9;3;3;6;31;38;2;1;7;0;15;30;25;0;0;7;2;9;Regular Season;14;14;12;4;0;0;56;22;13;5
56213;2028;10;6;Aréna IAMGOLD;1865;110;112;4;6;1;2;1;0;0;1;1;4;0;0;7491;7413;9444;83;66;23;23;14;9;2;8;8;6;35;38;16;13;17;0;11;10;11;0;0;4;1;4;Regular Season;11;36;23;11;2;13;28;14;7;4
56214;2028;10;6;Würth Arena Egna;629;122;109;1;5;0;0;1;0;0;2;2;1;0;0;7513;7440;8093;48;72;12;16;15;11;6;3;4;6;25;32;2;10;9;0;13;15;24;0;1;3;0;1;Regular Season;11;21;10;5;1;2;35;12;17;6
56215;2028;10;6;Colisée Desjardins;1208;113;106;5;4;2;1;2;0;0;2;1;1;0;0;7411;7010;7545;57;71;18;20;18;18;5;2;5;14;30;44;11;3;10;0;8;17;12;0;1;5;1;4;Regular Season;14;23;9;9;2;14;34;14;6;3
56216;2028;10;6;Colisée Financière Sun Life;2691;118;114;6;1;2;2;2;0;0;0;1;0;0;0;9430;8629;9362;83;62;16;26;12;18;9;1;9;6;33;33;11;14;20;0;14;10;8;0;2;3;0;3;Regular Season;18;32;21;6;6;15;25;10;10;2
56217;2028;10;7;Progressive Auto Sales Arena;2730;105;115;2;8;0;0;2;0;0;4;3;1;0;0;9425;9404;7449;62;80;22;18;15;29;12;5;3;5;24;36;8;9;14;0;25;20;13;0;0;4;1;6;Regular Season;16;20;14;9;3;8;36;13;17;6
56218;2028;10;7;Centre Air Creebec;1212;111;108;5;8;3;1;1;0;0;0;3;5;0;0;7004;7479;8074;68;60;23;25;15;9;2;2;5;3;34;39;10;15;14;0;5;4;10;0;3;5;0;4;Regular Season;9;31;14;11;3;17;20;14;5;4
56219;2028;10;7;WFCU Centre;3495;107;116;1;9;0;0;1;0;0;4;3;2;0;0;7483;6957;7995;48;75;8;6;12;11;4;4;7;5;24;43;4;5;6;0;19;18;11;0;0;3;3;4;Regular Season;12;22;9;4;1;1;30;21;14;9
56220;2028;10;8;Centre Videotron;0;117;119;0;0;0;0;0;0;0;0;0;0;0;0;;;;0;0;0;0;0;0;0;0;0;0;0;0;0;0;0;0;0;0;0;0;0;0;0;0;Regular Season;0;0;0;0;0;0;0;0;0;0
56221;2028;10;8;WFCU Centre;0;107;115;0;0;0;0;0;0;0;0;0;0;0;0;;;;0;0;0;0;0;0;0;0;0;0;0;0;0;0;0;0;0;0;0;0;0;0;0;0;Regular Season;0;0;0;0;0;0;0;0;0;0
56222;2028;10;8;GFL Memorial Gardens;0;106;109;0;0;0;0;0;0;0;0;0;0;0;0;;;;0;0;0;0;0;0;0;0;0;0;0;0;0;0;0;0;0;0;0;0;0;0;0;0;Regular Season;0;0;0;0;0;0;0;0;0;0
56223;2028;10;8;Würth Arena Egna;0;122;113;0;0;0;0;0;0;0;0;0;0;0;0;;;;0;0;0;0;0;0;0;0;0;0;0;0;0;0;0;0;0;0;0;0;0;0;0;0;Regular Season;0;0;0;0;0;0;0;0;0;0
56224;2028;10;8;Centre Marcel-Dionne;0;112;114;0;0;0;0;0;0;0;0;0;0;0;0;;;;0;0;0;0;0;0;0;0;0;0;0;0;0;0;0;0;0;0;0;0;0;0;0;0;Regular Season;0;0;0;0;0;0;0;0;0;0
56225;2028;10;9;Centre Air Creebec;0;111;110;0;0;0;0;0;0;0;0;0;0;0;0;;;;0;0;0;0;0;0;0;0;0;0;0;0;0;0;0;0;0;0;0;0;0;0;0;0;Regular Season;0;0;0;0;0;0;0;0;0;0
56226;2028;10;11;Colisée Desjardins;0;113;119;0;0;0;0;0;0;0;0;0;0;0;0;;;;0;0;0;0;0;0;0;0;0;0;0;0;0;0;0;0;0;0;0;0;0;0;0;0;Regular Season;0;0;0;0;0;0;0;0;0;0
56227;2028;10;11;Centre 200;0;120;117;0;0;0;0;0;0;0;0;0;0;0;0;;;;0;0;0;0;0;0;0;0;0;0;0;0;0;0;0;0;0;0;0;0;0;0;0;0;Regular Season;0;0;0;0;0;0;0;0;0;0
56228;2028;10;11;Scotiabank Centre;0;121;107;0;0;0;0;0;0;0;0;0;0;0;0;;;;0;0;0;0;0;0;0;0;0;0;0;0;0;0;0;0;0;0;0;0;0;0;0;0;Regular Season;0;0;0;0;0;0;0;0;0;0
56229;2028;10;12;Aréna IAMGOLD;0;110;119;0;0;0;0;0;0;0;0;0;0;0;0;;;;0;0;0;0;0;0;0;0;0;0;0;0;0;0;0;0;0;0;0;0;0;0;0;0;Regular Season;0;0;0;0;0;0;0;0;0;0
56230;2028;10;12;Colisée Desjardins;0;113;111;0;0;0;0;0;0;0;0;0;0;0;0;;;;0;0;0;0;0;0;0;0;0;0;0;0;0;0;0;0;0;0;0;0;0;0;0;0;Regular Season;0;0;0;0;0;0;0;0;0;0
56231;2028;10;12;Centre 200;0;120;107;0;0;0;0;0;0;0;0;0;0;0;0;;;;0;0;0;0;0;0;0;0;0;0;0;0;0;0;0;0;0;0;0;0;0;0;0;0;Regular Season;0;0;0;0;0;0;0;0;0;0
56232;2028;10;12;Centre Henry-Léonard;0;115;122;0;0;0;0;0;0;0;0;0;0;0;0;;;;0;0;0;0;0;0;0;0;0;0;0;0;0;0;0;0;0;0;0;0;0;0;0;0;Regular Season;0;0;0;0;0;0;0;0;0;0
56233;2028;10;12;Centre d'excellence Sports Rousseau;0;109;112;0;0;0;0;0;0;0;0;0;0;0;0;;;;0;0;0;0;0;0;0;0;0;0;0;0;0;0;0;0;0;0;0;0;0;0;0;0;Regular Season;0;0;0;0;0;0;0;0;0;0
56234;2028;10;12;Progressive Auto Sales Arena;0;105;118;0;0;0;0;0;0;0;0;0;0;0;0;;;;0;0;0;0;0;0;0;0;0;0;0;0;0;0;0;0;0;0;0;0;0;0;0;0;Regular Season;0;0;0;0;0;0;0;0;0;0
56235;2028;10;12;Centre Robert-Guertin;0;108;106;0;0;0;0;0;0;0;0;0;0;0;0;;;;0;0;0;0;0;0;0;0;0;0;0;0;0;0;0;0;0;0;0;0;0;0;0;0;Regular Season;0;0;0;0;0;0;0;0;0;0
56236;2028;10;13;Centre Gervais Auto;0;114;119;0;0;0;0;0;0;0;0;0;0;0;0;;;;0;0;0;0;0;0;0;0;0;0;0;0;0;0;0;0;0;0;0;0;0;0;0;0;Regular Season;0;0;0;0;0;0;0;0;0;0
56237;2028;10;13;Centre Georges-Vézina;0;116;117;0;0;0;0;0;0;0;0;0;0;0;0;;;;0;0;0;0;0;0;0;0;0;0;0;0;0;0;0;0;0;0;0;0;0;0;0;0;Regular Season;0;0;0;0;0;0;0;0;0;0
56238;2028;10;13;Centre Robert-Guertin;0;108;111;0;0;0;0;0;0;0;0;0;0;0;0;;;;0;0;0;0;0;0;0;0;0;0;0;0;0;0;0;0;0;0;0;0;0;0;0;0;Regular Season;0;0;0;0;0;0;0;0;0;0
56239;2028;10;13;Centre Henry-Léonard;0;115;122;0;0;0;0;0;0;0;0;0;0;0;0;;;;0;0;0;0;0;0;0;0;0;0;0;0;0;0;0;0;0;0;0;0;0;0;0;0;Regular Season;0;0;0;0;0;0;0;0;0;0
56240;2028;10;13;Centre d'excellence Sports Rousseau;0;109;112;0;0;0;0;0;0;0;0;0;0;0;0;;;;0;0;0;0;0;0;0;0;0;0;0;0;0;0;0;0;0;0;0;0;0;0;0;0;Regular Season;0;0;0;0;0;0;0;0;0;0
56241;2028;10;13;Aréna IAMGOLD;0;110;118;0;0;0;0;0;0;0;0;0;0;0;0;;;;0;0;0;0;0;0;0;0;0;0;0;0;0;0;0;0;0;0;0;0;0;0;0;0;Regular Season;0;0;0;0;0;0;0;0;0;0
56242;2028;10;13;Progressive Auto Sales Arena;0;105;113;0;0;0;0;0;0;0;0;0;0;0;0;;;;0;0;0;0;0;0;0;0;0;0;0;0;0;0;0;0;0;0;0;0;0;0;0;0;Regular Season;0;0;0;0;0;0;0;0;0;0
56243;2028;10;14;Centre Videotron;0;117;107;0;0;0;0;0;0;0;0;0;0;0;0;;;;0;0;0;0;0;0;0;0;0;0;0;0;0;0;0;0;0;0;0;0;0;0;0;0;Regular Season;0;0;0;0;0;0;0;0;0;0
56244;2028;10;14;Centre Georges-Vézina;0;116;121;0;0;0;0;0;0;0;0;0;0;0;0;;;;0;0;0;0;0;0;0;0;0;0;0;0;0;0;0;0;0;0;0;0;0;0;0;0;Regular Season;0;0;0;0;0;0;0;0;0;0
56245;2028;10;14;GFL Memorial Gardens;0;106;112;0;0;0;0;0;0;0;0;0;0;0;0;;;;0;0;0;0;0;0;0;0;0;0;0;0;0;0;0;0;0;0;0;0;0;0;0;0;Regular Season;0;0;0;0;0;0;0;0;0;0
56246;2028;10;14;Centre Gervais Auto;0;114;118;0;0;0;0;0;0;0;0;0;0;0;0;;;;0;0;0;0;0;0;0;0;0;0;0;0;0;0;0;0;0;0;0;0;0;0;0;0;Regular Season;0;0;0;0;0;0;0;0;0;0
56247;2028;10;16;Centre Georges-Vézina;0;116;120;0;0;0;0;0;0;0;0;0;0;0;0;;;;0;0;0;0;0;0;0;0;0;0;0;0;0;0;0;0;0;0;0;0;0;0;0;0;Regular Season;0;0;0;0;0;0;0;0;0;0
56248;2028;10;17;Centre Gervais Auto;0;114;111;0;0;0;0;0;0;0;0;0;0;0;0;;;;0;0;0;0;0;0;0;0;0;0;0;0;0;0;0;0;0;0;0;0;0;0;0;0;Regular Season;0;0;0;0;0;0;0;0;0;0
56249;2028;10;17;Centre Henry-Léonard;0;115;105;0;0;0;0;0;0;0;0;0;0;0;0;;;;0;0;0;0;0;0;0;0;0;0;0;0;0;0;0;0;0;0;0;0;0;0;0;0;Regular Season;0;0;0;0;0;0;0;0;0;0
56250;2028;10;17;K. C. Irving Regional Centre;0;119;106;0;0;0;0;0;0;0;0;0;0;0;0;;;;0;0;0;0;0;0;0;0;0;0;0;0;0;0;0;0;0;0;0;0;0;0;0;0;Regular Season;0;0;0;0;0;0;0;0;0;0
56251;2028;10;18;K. C. Irving Regional Centre;0;119;110;0;0;0;0;0;0;0;0;0;0;0;0;;;;0;0;0;0;0;0;0;0;0;0;0;0;0;0;0;0;0;0;0;0;0;0;0;0;Regular Season;0;0;0;0;0;0;0;0;0;0
56252;2028;10;18;Centre 200;0;120;109;0;0;0;0;0;0;0;0;0;0;0;0;;;;0;0;0;0;0;0;0;0;0;0;0;0;0;0;0;0;0;0;0;0;0;0;0;0;Regular Season;0;0;0;0;0;0;0;0;0;0
56253;2028;10;18;Centre Georges-Vézina;0;116;106;0;0;0;0;0;0;0;0;0;0;0;0;;;;0;0;0;0;0;0;0;0;0;0;0;0;0;0;0;0;0;0;0;0;0;0;0;0;Regular Season;0;0;0;0;0;0;0;0;0;0
56254;2028;10;19;Centre Marcel-Dionne;0;112;115;0;0;0;0;0;0;0;0;0;0;0;0;;;;0;0;0;0;0;0;0;0;0;0;0;0;0;0;0;0;0;0;0;0;0;0;0;0;Regular Season;0;0;0;0;0;0;0;0;0;0
56255;2028;10;19;WFCU Centre;0;107;113;0;0;0;0;0;0;0;0;0;0;0;0;;;;0;0;0;0;0;0;0;0;0;0;0;0;0;0;0;0;0;0;0;0;0;0;0;0;Regular Season;0;0;0;0;0;0;0;0;0;0
56256;2028;10;19;Centre Air Creebec;0;111;105;0;0;0;0;0;0;0;0;0;0;0;0;;;;0;0;0;0;0;0;0;0;0;0;0;0;0;0;0;0;0;0;0;0;0;0;0;0;Regular Season;0;0;0;0;0;0;0;0;0;0
56257;2028;10;19;Würth Arena Egna;0;122;114;0;0;0;0;0;0;0;0;0;0;0;0;;;;0;0;0;0;0;0;0;0;0;0;0;0;0;0;0;0;0;0;0;0;0;0;0;0;Regular Season;0;0;0;0;0;0;0;0;0;0
56258;2028;10;20;Centre Marcel-Dionne;0;112;115;0;0;0;0;0;0;0;0;0;0;0;0;;;;0;0;0;0;0;0;0;0;0;0;0;0;0;0;0;0;0;0;0;0;0;0;0;0;Regular Season;0;0;0;0;0;0;0;0;0;0
56259;2028;10;20;Würth Arena Egna;0;122;108;0;0;0;0;0;0;0;0;0;0;0;0;;;;0;0;0;0;0;0;0;0;0;0;0;0;0;0;0;0;0;0;0;0;0;0;0;0;Regular Season;0;0;0;0;0;0;0;0;0;0
56260;2028;10;20;Colisée Financière Sun Life;0;118;116;0;0;0;0;0;0;0;0;0;0;0;0;;;;0;0;0;0;0;0;0;0;0;0;0;0;0;0;0;0;0;0;0;0;0;0;0;0;Regular Season;0;0;0;0;0;0;0;0;0;0
56261;2028;10;20;Centre Videotron;0;117;110;0;0;0;0;0;0;0;0;0;0;0;0;;;;0;0;0;0;0;0;0;0;0;0;0;0;0;0;0;0;0;0;0;0;0;0;0;0;Regular Season;0;0;0;0;0;0;0;0;0;0
56262;2028;10;20;Scotiabank Centre;0;121;109;0;0;0;0;0;0;0;0;0;0;0;0;;;;0;0;0;0;0;0;0;0;0;0;0;0;0;0;0;0;0;0;0;0;0;0;0;0;Regular Season;0;0;0;0;0;0;0;0;0;0
56263;2028;10;20;Centre 200;0;120;106;0;0;0;0;0;0;0;0;0;0;0;0;;;;0;0;0;0;0;0;0;0;0;0;0;0;0;0;0;0;0;0;0;0;0;0;0;0;Regular Season;0;0;0;0;0;0;0;0;0;0
56264;2028;10;21;Scotiabank Centre;0;121;119;0;0;0;0;0;0;0;0;0;0;0;0;;;;0;0;0;0;0;0;0;0;0;0;0;0;0;0;0;0;0;0;0;0;0;0;0;0;Regular Season;0;0;0;0;0;0;0;0;0;0
56265;2028;10;21;WFCU Centre;0;107;108;0;0;0;0;0;0;0;0;0;0;0;0;;;;0;0;0;0;0;0;0;0;0;0;0;0;0;0;0;0;0;0;0;0;0;0;0;0;Regular Season;0;0;0;0;0;0;0;0;0;0
56266;2028;10;21;Colisée Financière Sun Life;0;118;110;0;0;0;0;0;0;0;0;0;0;0;0;;;;0;0;0;0;0;0;0;0;0;0;0;0;0;0;0;0;0;0;0;0;0;0;0;0;Regular Season;0;0;0;0;0;0;0;0;0;0
56267;2028;10;21;Centre Videotron;0;117;109;0;0;0;0;0;0;0;0;0;0;0;0;;;;0;0;0;0;0;0;0;0;0;0;0;0;0;0;0;0;0;0;0;0;0;0;0;0;Regular Season;0;0;0;0;0;0;0;0;0;0
56268;2028;10;21;Centre Air Creebec;0;111;113;0;0;0;0;0;0;0;0;0;0;0;0;;;;0;0;0;0;0;0;0;0;0;0;0;0;0;0;0;0;0;0;0;0;0;0;0;0;Regular Season;0;0;0;0;0;0;0;0;0;0
56269;2028;10;21;Progressive Auto Sales Arena;0;105;114;0;0;0;0;0;0;0;0;0;0;0;0;;;;0;0;0;0;0;0;0;0;0;0;0;0;0;0;0;0;0;0;0;0;0;0;0;0;Regular Season;0;0;0;0;0;0;0;0;0;0
56270;2028;10;24;Centre Henry-Léonard;0;115;111;0;0;0;0;0;0;0;0;0;0;0;0;;;;0;0;0;0;0;0;0;0;0;0;0;0;0;0;0;0;0;0;0;0;0;0;0;0;Regular Season;0;0;0;0;0;0;0;0;0;0
56271;2028;10;24;Centre Robert-Guertin;0;108;121;0;0;0;0;0;0;0;0;0;0;0;0;;;;0;0;0;0;0;0;0;0;0;0;0;0;0;0;0;0;0;0;0;0;0;0;0;0;Regular Season;0;0;0;0;0;0;0;0;0;0
56272;2028;10;25;Centre Gervais Auto;0;114;120;0;0;0;0;0;0;0;0;0;0;0;0;;;;0;0;0;0;0;0;0;0;0;0;0;0;0;0;0;0;0;0;0;0;0;0;0;0;Regular Season;0;0;0;0;0;0;0;0;0;0
56273;2028;10;25;Centre Air Creebec;0;111;117;0;0;0;0;0;0;0;0;0;0;0;0;;;;0;0;0;0;0;0;0;0;0;0;0;0;0;0;0;0;0;0;0;0;0;0;0;0;Regular Season;0;0;0;0;0;0;0;0;0;0
56274;2028;10;25;Colisée Financière Sun Life;0;118;122;0;0;0;0;0;0;0;0;0;0;0;0;;;;0;0;0;0;0;0;0;0;0;0;0;0;0;0;0;0;0;0;0;0;0;0;0;0;Regular Season;0;0;0;0;0;0;0;0;0;0
56275;2028;10;25;Colisée Desjardins;0;113;112;0;0;0;0;0;0;0;0;0;0;0;0;;;;0;0;0;0;0;0;0;0;0;0;0;0;0;0;0;0;0;0;0;0;0;0;0;0;Regular Season;0;0;0;0;0;0;0;0;0;0
56276;2028;10;25;Centre d'excellence Sports Rousseau;0;109;106;0;0;0;0;0;0;0;0;0;0;0;0;;;;0;0;0;0;0;0;0;0;0;0;0;0;0;0;0;0;0;0;0;0;0;0;0;0;Regular Season;0;0;0;0;0;0;0;0;0;0
56277;2028;10;26;Colisée Financière Sun Life;0;118;119;0;0;0;0;0;0;0;0;0;0;0;0;;;;0;0;0;0;0;0;0;0;0;0;0;0;0;0;0;0;0;0;0;0;0;0;0;0;Regular Season;0;0;0;0;0;0;0;0;0;0
56278;2028;10;26;Progressive Auto Sales Arena;0;105;120;0;0;0;0;0;0;0;0;0;0;0;0;;;;0;0;0;0;0;0;0;0;0;0;0;0;0;0;0;0;0;0;0;0;0;0;0;0;Regular Season;0;0;0;0;0;0;0;0;0;0
56279;2028;10;26;Centre Henry-Léonard;0;115;117;0;0;0;0;0;0;0;0;0;0;0;0;;;;0;0;0;0;0;0;0;0;0;0;0;0;0;0;0;0;0;0;0;0;0;0;0;0;Regular Season;0;0;0;0;0;0;0;0;0;0
56280;2028;10;26;Centre Georges-Vézina;0;116;122;0;0;0;0;0;0;0;0;0;0;0;0;;;;0;0;0;0;0;0;0;0;0;0;0;0;0;0;0;0;0;0;0;0;0;0;0;0;Regular Season;0;0;0;0;0;0;0;0;0;0
56281;2028;10;26;GFL Memorial Gardens;0;106;121;0;0;0;0;0;0;0;0;0;0;0;0;;;;0;0;0;0;0;0;0;0;0;0;0;0;0;0;0;0;0;0;0;0;0;0;0;0;Regular Season;0;0;0;0;0;0;0;0;0;0
56282;2028;10;26;WFCU Centre;0;107;112;0;0;0;0;0;0;0;0;0;0;0;0;;;;0;0;0;0;0;0;0;0;0;0;0;0;0;0;0;0;0;0;0;0;0;0;0;0;Regular Season;0;0;0;0;0;0;0;0;0;0
56283;2028;10;27;Colisée Desjardins;0;113;108;0;0;0;0;0;0;0;0;0;0;0;0;;;;0;0;0;0;0;0;0;0;0;0;0;0;0;0;0;0;0;0;0;0;0;0;0;0;Regular Season;0;0;0;0;0;0;0;0;0;0
56284;2028;10;27;Aréna IAMGOLD;0;110;120;0;0;0;0;0;0;0;0;0;0;0;0;;;;0;0;0;0;0;0;0;0;0;0;0;0;0;0;0;0;0;0;0;0;0;0;0;0;Regular Season;0;0;0;0;0;0;0;0;0;0
56285;2028;10;27;K. C. Irving Regional Centre;0;119;122;0;0;0;0;0;0;0;0;0;0;0;0;;;;0;0;0;0;0;0;0;0;0;0;0;0;0;0;0;0;0;0;0;0;0;0;0;0;Regular Season;0;0;0;0;0;0;0;0;0;0
56286;2028;10;27;Centre d'excellence Sports Rousseau;0;109;121;0;0;0;0;0;0;0;0;0;0;0;0;;;;0;0;0;0;0;0;0;0;0;0;0;0;0;0;0;0;0;0;0;0;0;0;0;0;Regular Season;0;0;0;0;0;0;0;0;0;0
56287;2028;10;27;Centre Air Creebec;0;111;114;0;0;0;0;0;0;0;0;0;0;0;0;;;;0;0;0;0;0;0;0;0;0;0;0;0;0;0;0;0;0;0;0;0;0;0;0;0;Regular Season;0;0;0;0;0;0;0;0;0;0
56288;2028;10;28;Centre Marcel-Dionne;0;112;117;0;0;0;0;0;0;0;0;0;0;0;0;;;;0;0;0;0;0;0;0;0;0;0;0;0;0;0;0;0;0;0;0;0;0;0;0;0;Regular Season;0;0;0;0;0;0;0;0;0;0
56289;2028;10;28;Aréna IAMGOLD;0;110;107;0;0;0;0;0;0;0;0;0;0;0;0;;;;0;0;0;0;0;0;0;0;0;0;0;0;0;0;0;0;0;0;0;0;0;0;0;0;Regular Season;0;0;0;0;0;0;0;0;0;0
56290;2028;10;28;GFL Memorial Gardens;0;106;109;0;0;0;0;0;0;0;0;0;0;0;0;;;;0;0;0;0;0;0;0;0;0;0;0;0;0;0;0;0;0;0;0;0;0;0;0;0;Regular Season;0;0;0;0;0;0;0;0;0;0
56291;2028;10;28;Centre Georges-Vézina;0;116;118;0;0;0;0;0;0;0;0;0;0;0;0;;;;0;0;0;0;0;0;0;0;0;0;0;0;0;0;0;0;0;0;0;0;0;0;0;0;Regular Season;0;0;0;0;0;0;0;0;0;0
56292;2028;10;28;Centre Robert-Guertin;0;108;105;0;0;0;0;0;0;0;0;0;0;0;0;;;;0;0;0;0;0;0;0;0;0;0;0;0;0;0;0;0;0;0;0;0;0;0;0;0;Regular Season;0;0;0;0;0;0;0;0;0;0
56293;2028;10;28;Centre Henry-Léonard;0;115;114;0;0;0;0;0;0;0;0;0;0;0;0;;;;0;0;0;0;0;0;0;0;0;0;0;0;0;0;0;0;0;0;0;0;0;0;0;0;Regular Season;0;0;0;0;0;0;0;0;0;0
56294;2028;11;1;Scotiabank Centre;0;121;115;0;0;0;0;0;0;0;0;0;0;0;0;;;;0;0;0;0;0;0;0;0;0;0;0;0;0;0;0;0;0;0;0;0;0;0;0;0;Regular Season;0;0;0;0;0;0;0;0;0;0
56295;2028;11;1;Aréna IAMGOLD;0;110;111;0;0;0;0;0;0;0;0;0;0;0;0;;;;0;0;0;0;0;0;0;0;0;0;0;0;0;0;0;0;0;0;0;0;0;0;0;0;Regular Season;0;0;0;0;0;0;0;0;0;0
56296;2028;11;1;Centre Videotron;0;117;116;0;0;0;0;0;0;0;0;0;0;0;0;;;;0;0;0;0;0;0;0;0;0;0;0;0;0;0;0;0;0;0;0;0;0;0;0;0;Regular Season;0;0;0;0;0;0;0;0;0;0
56297;2028;11;1;Centre Marcel-Dionne;0;112;113;0;0;0;0;0;0;0;0;0;0;0;0;;;;0;0;0;0;0;0;0;0;0;0;0;0;0;0;0;0;0;0;0;0;0;0;0;0;Regular Season;0;0;0;0;0;0;0;0;0;0
56298;2028;11;1;Progressive Auto Sales Arena;0;105;106;0;0;0;0;0;0;0;0;0;0;0;0;;;;0;0;0;0;0;0;0;0;0;0;0;0;0;0;0;0;0;0;0;0;0;0;0;0;Regular Season;0;0;0;0;0;0;0;0;0;0
56299;2028;11;2;Centre Georges-Vézina;0;116;115;0;0;0;0;0;0;0;0;0;0;0;0;;;;0;0;0;0;0;0;0;0;0;0;0;0;0;0;0;0;0;0;0;0;0;0;0;0;Regular Season;0;0;0;0;0;0;0;0;0;0
56300;2028;11;2;K. C. Irving Regional Centre;0;119;108;0;0;0;0;0;0;0;0;0;0;0;0;;;;0;0;0;0;0;0;0;0;0;0;0;0;0;0;0;0;0;0;0;0;0;0;0;0;Regular Season;0;0;0;0;0;0;0;0;0;0
56301;2028;11;2;Progressive Auto Sales Arena;0;105;107;0;0;0;0;0;0;0;0;0;0;0;0;;;;0;0;0;0;0;0;0;0;0;0;0;0;0;0;0;0;0;0;0;0;0;0;0;0;Regular Season;0;0;0;0;0;0;0;0;0;0
56302;2028;11;2;Centre 200;0;120;121;0;0;0;0;0;0;0;0;0;0;0;0;;;;0;0;0;0;0;0;0;0;0;0;0;0;0;0;0;0;0;0;0;0;0;0;0;0;Regular Season;0;0;0;0;0;0;0;0;0;0
56303;2028;11;2;Würth Arena Egna;0;122;109;0;0;0;0;0;0;0;0;0;0;0;0;;;;0;0;0;0;0;0;0;0;0;0;0;0;0;0;0;0;0;0;0;0;0;0;0;0;Regular Season;0;0;0;0;0;0;0;0;0;0
56304;2028;11;2;Aréna IAMGOLD;0;110;113;0;0;0;0;0;0;0;0;0;0;0;0;;;;0;0;0;0;0;0;0;0;0;0;0;0;0;0;0;0;0;0;0;0;0;0;0;0;Regular Season;0;0;0;0;0;0;0;0;0;0
56305;2028;11;2;Centre Gervais Auto;0;114;106;0;0;0;0;0;0;0;0;0;0;0;0;;;;0;0;0;0;0;0;0;0;0;0;0;0;0;0;0;0;0;0;0;0;0;0;0;0;Regular Season;0;0;0;0;0;0;0;0;0;0
56306;2028;11;3;K. C. Irving Regional Centre;0;119;115;0;0;0;0;0;0;0;0;0;0;0;0;;;;0;0;0;0;0;0;0;0;0;0;0;0;0;0;0;0;0;0;0;0;0;0;0;0;Regular Season;0;0;0;0;0;0;0;0;0;0
56307;2028;11;3;Centre Videotron;0;117;108;0;0;0;0;0;0;0;0;0;0;0;0;;;;0;0;0;0;0;0;0;0;0;0;0;0;0;0;0;0;0;0;0;0;0;0;0;0;Regular Season;0;0;0;0;0;0;0;0;0;0
56308;2028;11;3;Centre Air Creebec;0;111;112;0;0;0;0;0;0;0;0;0;0;0;0;;;;0;0;0;0;0;0;0;0;0;0;0;0;0;0;0;0;0;0;0;0;0;0;0;0;Regular Season;0;0;0;0;0;0;0;0;0;0
56309;2028;11;3;Centre 200;0;120;118;0;0;0;0;0;0;0;0;0;0;0;0;;;;0;0;0;0;0;0;0;0;0;0;0;0;0;0;0;0;0;0;0;0;0;0;0;0;Regular Season;0;0;0;0;0;0;0;0;0;0
56310;2028;11;4;Centre Georges-Vézina;0;116;108;0;0;0;0;0;0;0;0;0;0;0;0;;;;0;0;0;0;0;0;0;0;0;0;0;0;0;0;0;0;0;0;0;0;0;0;0;0;Regular Season;0;0;0;0;0;0;0;0;0;0
56311;2028;11;4;Aréna IAMGOLD;0;110;112;0;0;0;0;0;0;0;0;0;0;0;0;;;;0;0;0;0;0;0;0;0;0;0;0;0;0;0;0;0;0;0;0;0;0;0;0;0;Regular Season;0;0;0;0;0;0;0;0;0;0
56312;2028;11;4;Centre Gervais Auto;0;114;109;0;0;0;0;0;0;0;0;0;0;0;0;;;;0;0;0;0;0;0;0;0;0;0;0;0;0;0;0;0;0;0;0;0;0;0;0;0;Regular Season;0;0;0;0;0;0;0;0;0;0
56313;2028;11;4;Scotiabank Centre;0;121;118;0;0;0;0;0;0;0;0;0;0;0;0;;;;0;0;0;0;0;0;0;0;0;0;0;0;0;0;0;0;0;0;0;0;0;0;0;0;Regular Season;0;0;0;0;0;0;0;0;0;0
56314;2028;11;4;WFCU Centre;0;107;113;0;0;0;0;0;0;0;0;0;0;0;0;;;;0;0;0;0;0;0;0;0;0;0;0;0;0;0;0;0;0;0;0;0;0;0;0;0;Regular Season;0;0;0;0;0;0;0;0;0;0
56315;2028;11;4;Würth Arena Egna;0;122;106;0;0;0;0;0;0;0;0;0;0;0;0;;;;0;0;0;0;0;0;0;0;0;0;0;0;0;0;0;0;0;0;0;0;0;0;0;0;Regular Season;0;0;0;0;0;0;0;0;0;0
56316;2028;11;6;Centre Marcel-Dionne;0;112;111;0;0;0;0;0;0;0;0;0;0;0;0;;;;0;0;0;0;0;0;0;0;0;0;0;0;0;0;0;0;0;0;0;0;0;0;0;0;Regular Season;0;0;0;0;0;0;0;0;0;0
56317;2028;11;6;Scotiabank Centre;0;121;116;0;0;0;0;0;0;0;0;0;0;0;0;;;;0;0;0;0;0;0;0;0;0;0;0;0;0;0;0;0;0;0;0;0;0;0;0;0;Regular Season;0;0;0;0;0;0;0;0;0;0
56318;2028;11;6;Colisée Desjardins;0;113;105;0;0;0;0;0;0;0;0;0;0;0;0;;;;0;0;0;0;0;0;0;0;0;0;0;0;0;0;0;0;0;0;0;0;0;0;0;0;Regular Season;0;0;0;0;0;0;0;0;0;0
56319;2028;11;8;Centre Videotron;0;117;120;0;0;0;0;0;0;0;0;0;0;0;0;;;;0;0;0;0;0;0;0;0;0;0;0;0;0;0;0;0;0;0;0;0;0;0;0;0;Regular Season;0;0;0;0;0;0;0;0;0;0
56320;2028;11;8;Colisée Financière Sun Life;0;118;111;0;0;0;0;0;0;0;0;0;0;0;0;;;;0;0;0;0;0;0;0;0;0;0;0;0;0;0;0;0;0;0;0;0;0;0;0;0;Regular Season;0;0;0;0;0;0;0;0;0;0
56321;2028;11;8;Centre d'excellence Sports Rousseau;0;109;122;0;0;0;0;0;0;0;0;0;0;0;0;;;;0;0;0;0;0;0;0;0;0;0;0;0;0;0;0;0;0;0;0;0;0;0;0;0;Regular Season;0;0;0;0;0;0;0;0;0;0
56322;2028;11;8;Centre Robert-Guertin;0;108;114;0;0;0;0;0;0;0;0;0;0;0;0;;;;0;0;0;0;0;0;0;0;0;0;0;0;0;0;0;0;0;0;0;0;0;0;0;0;Regular Season;0;0;0;0;0;0;0;0;0;0
56323;2028;11;9;Centre Gervais Auto;0;114;108;0;0;0;0;0;0;0;0;0;0;0;0;;;;0;0;0;0;0;0;0;0;0;0;0;0;0;0;0;0;0;0;0;0;0;0;0;0;Regular Season;0;0;0;0;0;0;0;0;0;0
56324;2028;11;9;Centre Videotron;0;117;120;0;0;0;0;0;0;0;0;0;0;0;0;;;;0;0;0;0;0;0;0;0;0;0;0;0;0;0;0;0;0;0;0;0;0;0;0;0;Regular Season;0;0;0;0;0;0;0;0;0;0
56325;2028;11;9;Scotiabank Centre;0;121;111;0;0;0;0;0;0;0;0;0;0;0;0;;;;0;0;0;0;0;0;0;0;0;0;0;0;0;0;0;0;0;0;0;0;0;0;0;0;Regular Season;0;0;0;0;0;0;0;0;0;0
56326;2028;11;9;Centre Georges-Vézina;0;116;107;0;0;0;0;0;0;0;0;0;0;0;0;;;;0;0;0;0;0;0;0;0;0;0;0;0;0;0;0;0;0;0;0;0;0;0;0;0;Regular Season;0;0;0;0;0;0;0;0;0;0
56327;2028;11;9;GFL Memorial Gardens;0;106;122;0;0;0;0;0;0;0;0;0;0;0;0;;;;0;0;0;0;0;0;0;0;0;0;0;0;0;0;0;0;0;0;0;0;0;0;0;0;Regular Season;0;0;0;0;0;0;0;0;0;0
56328;2028;11;9;Centre Henry-Léonard;0;115;110;0;0;0;0;0;0;0;0;0;0;0;0;;;;0;0;0;0;0;0;0;0;0;0;0;0;0;0;0;0;0;0;0;0;0;0;0;0;Regular Season;0;0;0;0;0;0;0;0;0;0
56329;2028;11;9;Centre d'excellence Sports Rousseau;0;109;113;0;0;0;0;0;0;0;0;0;0;0;0;;;;0;0;0;0;0;0;0;0;0;0;0;0;0;0;0;0;0;0;0;0;0;0;0;0;Regular Season;0;0;0;0;0;0;0;0;0;0
56330;2028;11;9;Centre Marcel-Dionne;0;112;105;0;0;0;0;0;0;0;0;0;0;0;0;;;;0;0;0;0;0;0;0;0;0;0;0;0;0;0;0;0;0;0;0;0;0;0;0;0;Regular Season;0;0;0;0;0;0;0;0;0;0
56331;2028;11;10;Centre Georges-Vézina;0;116;119;0;0;0;0;0;0;0;0;0;0;0;0;;;;0;0;0;0;0;0;0;0;0;0;0;0;0;0;0;0;0;0;0;0;0;0;0;0;Regular Season;0;0;0;0;0;0;0;0;0;0
56332;2028;11;10;Scotiabank Centre;0;121;117;0;0;0;0;0;0;0;0;0;0;0;0;;;;0;0;0;0;0;0;0;0;0;0;0;0;0;0;0;0;0;0;0;0;0;0;0;0;Regular Season;0;0;0;0;0;0;0;0;0;0
56333;2028;11;10;Colisée Financière Sun Life;0;118;107;0;0;0;0;0;0;0;0;0;0;0;0;;;;0;0;0;0;0;0;0;0;0;0;0;0;0;0;0;0;0;0;0;0;0;0;0;0;Regular Season;0;0;0;0;0;0;0;0;0;0
56334;2028;11;10;GFL Memorial Gardens;0;106;113;0;0;0;0;0;0;0;0;0;0;0;0;;;;0;0;0;0;0;0;0;0;0;0;0;0;0;0;0;0;0;0;0;0;0;0;0;0;Regular Season;0;0;0;0;0;0;0;0;0;0
56335;2028;11;11;Aréna IAMGOLD;0;110;115;0;0;0;0;0;0;0;0;0;0;0;0;;;;0;0;0;0;0;0;0;0;0;0;0;0;0;0;0;0;0;0;0;0;0;0;0;0;Regular Season;0;0;0;0;0;0;0;0;0;0
56336;2028;11;11;Centre d'excellence Sports Rousseau;0;109;108;0;0;0;0;0;0;0;0;0;0;0;0;;;;0;0;0;0;0;0;0;0;0;0;0;0;0;0;0;0;0;0;0;0;0;0;0;0;Regular Season;0;0;0;0;0;0;0;0;0;0
56337;2028;11;11;Centre 200;0;120;111;0;0;0;0;0;0;0;0;0;0;0;0;;;;0;0;0;0;0;0;0;0;0;0;0;0;0;0;0;0;0;0;0;0;0;0;0;0;Regular Season;0;0;0;0;0;0;0;0;0;0
56338;2028;11;11;K. C. Irving Regional Centre;0;119;107;0;0;0;0;0;0;0;0;0;0;0;0;;;;0;0;0;0;0;0;0;0;0;0;0;0;0;0;0;0;0;0;0;0;0;0;0;0;Regular Season;0;0;0;0;0;0;0;0;0;0
56339;2028;11;11;Progressive Auto Sales Arena;0;105;112;0;0;0;0;0;0;0;0;0;0;0;0;;;;0;0;0;0;0;0;0;0;0;0;0;0;0;0;0;0;0;0;0;0;0;0;0;0;Regular Season;0;0;0;0;0;0;0;0;0;0
56340;2028;11;11;Würth Arena Egna;0;122;114;0;0;0;0;0;0;0;0;0;0;0;0;;;;0;0;0;0;0;0;0;0;0;0;0;0;0;0;0;0;0;0;0;0;0;0;0;0;Regular Season;0;0;0;0;0;0;0;0;0;0
56341;2028;11;14;Centre Marcel-Dionne;0;112;120;0;0;0;0;0;0;0;0;0;0;0;0;;;;0;0;0;0;0;0;0;0;0;0;0;0;0;0;0;0;0;0;0;0;0;0;0;0;Regular Season;0;0;0;0;0;0;0;0;0;0
56342;2028;11;14;Würth Arena Egna;0;122;117;0;0;0;0;0;0;0;0;0;0;0;0;;;;0;0;0;0;0;0;0;0;0;0;0;0;0;0;0;0;0;0;0;0;0;0;0;0;Regular Season;0;0;0;0;0;0;0;0;0;0
56343;2028;11;14;K. C. Irving Regional Centre;0;119;121;0;0;0;0;0;0;0;0;0;0;0;0;;;;0;0;0;0;0;0;0;0;0;0;0;0;0;0;0;0;0;0;0;0;0;0;0;0;Regular Season;0;0;0;0;0;0;0;0;0;0
56344;2028;11;14;Centre Robert-Guertin;0;108;116;0;0;0;0;0;0;0;0;0;0;0;0;;;;0;0;0;0;0;0;0;0;0;0;0;0;0;0;0;0;0;0;0;0;0;0;0;0;Regular Season;0;0;0;0;0;0;0;0;0;0
56345;2028;11;14;Aréna IAMGOLD;0;110;105;0;0;0;0;0;0;0;0;0;0;0;0;;;;0;0;0;0;0;0;0;0;0;0;0;0;0;0;0;0;0;0;0;0;0;0;0;0;Regular Season;0;0;0;0;0;0;0;0;0;0
56346;2028;11;15;Centre Henry-Léonard;0;115;114;0;0;0;0;0;0;0;0;0;0;0;0;;;;0;0;0;0;0;0;0;0;0;0;0;0;0;0;0;0;0;0;0;0;0;0;0;0;Regular Season;0;0;0;0;0;0;0;0;0;0
56347;2028;11;16;Centre Henry-Léonard;0;115;120;0;0;0;0;0;0;0;0;0;0;0;0;;;;0;0;0;0;0;0;0;0;0;0;0;0;0;0;0;0;0;0;0;0;0;0;0;0;Regular Season;0;0;0;0;0;0;0;0;0;0
56348;2028;11;16;GFL Memorial Gardens;0;106;117;0;0;0;0;0;0;0;0;0;0;0;0;;;;0;0;0;0;0;0;0;0;0;0;0;0;0;0;0;0;0;0;0;0;0;0;0;0;Regular Season;0;0;0;0;0;0;0;0;0;0
56349;2028;11;16;WFCU Centre;0;107;122;0;0;0;0;0;0;0;0;0;0;0;0;;;;0;0;0;0;0;0;0;0;0;0;0;0;0;0;0;0;0;0;0;0;0;0;0;0;Regular Season;0;0;0;0;0;0;0;0;0;0
56350;2028;11;16;Centre d'excellence Sports Rousseau;0;109;116;0;0;0;0;0;0;0;0;0;0;0;0;;;;0;0;0;0;0;0;0;0;0;0;0;0;0;0;0;0;0;0;0;0;0;0;0;0;Regular Season;0;0;0;0;0;0;0;0;0;0
56351;2028;11;16;Centre Marcel-Dionne;0;112;110;0;0;0;0;0;0;0;0;0;0;0;0;;;;0;0;0;0;0;0;0;0;0;0;0;0;0;0;0;0;0;0;0;0;0;0;0;0;Regular Season;0;0;0;0;0;0;0;0;0;0
56352;2028;11;16;Scotiabank Centre;0;121;118;0;0;0;0;0;0;0;0;0;0;0;0;;;;0;0;0;0;0;0;0;0;0;0;0;0;0;0;0;0;0;0;0;0;0;0;0;0;Regular Season;0;0;0;0;0;0;0;0;0;0
56353;2028;11;16;Centre Robert-Guertin;0;108;113;0;0;0;0;0;0;0;0;0;0;0;0;;;;0;0;0;0;0;0;0;0;0;0;0;0;0;0;0;0;0;0;0;0;0;0;0;0;Regular Season;0;0;0;0;0;0;0;0;0;0
56354;2028;11;17;Centre Air Creebec;0;111;120;0;0;0;0;0;0;0;0;0;0;0;0;;;;0;0;0;0;0;0;0;0;0;0;0;0;0;0;0;0;0;0;0;0;0;0;0;0;Regular Season;0;0;0;0;0;0;0;0;0;0
56355;2028;11;17;Centre d'excellence Sports Rousseau;0;109;117;0;0;0;0;0;0;0;0;0;0;0;0;;;;0;0;0;0;0;0;0;0;0;0;0;0;0;0;0;0;0;0;0;0;0;0;0;0;Regular Season;0;0;0;0;0;0;0;0;0;0
56356;2028;11;17;Progressive Auto Sales Arena;0;105;107;0;0;0;0;0;0;0;0;0;0;0;0;;;;0;0;0;0;0;0;0;0;0;0;0;0;0;0;0;0;0;0;0;0;0;0;0;0;Regular Season;0;0;0;0;0;0;0;0;0;0
56357;2028;11;17;GFL Memorial Gardens;0;106;116;0;0;0;0;0;0;0;0;0;0;0;0;;;;0;0;0;0;0;0;0;0;0;0;0;0;0;0;0;0;0;0;0;0;0;0;0;0;Regular Season;0;0;0;0;0;0;0;0;0;0
56358;2028;11;17;K. C. Irving Regional Centre;0;119;112;0;0;0;0;0;0;0;0;0;0;0;0;;;;0;0;0;0;0;0;0;0;0;0;0;0;0;0;0;0;0;0;0;0;0;0;0;0;Regular Season;0;0;0;0;0;0;0;0;0;0
56359;2028;11;17;Scotiabank Centre;0;121;118;0;0;0;0;0;0;0;0;0;0;0;0;;;;0;0;0;0;0;0;0;0;0;0;0;0;0;0;0;0;0;0;0;0;0;0;0;0;Regular Season;0;0;0;0;0;0;0;0;0;0
56360;2028;11;17;Colisée Desjardins;0;113;114;0;0;0;0;0;0;0;0;0;0;0;0;;;;0;0;0;0;0;0;0;0;0;0;0;0;0;0;0;0;0;0;0;0;0;0;0;0;Regular Season;0;0;0;0;0;0;0;0;0;0
56361;2028;11;18;Centre Air Creebec;0;111;115;0;0;0;0;0;0;0;0;0;0;0;0;;;;0;0;0;0;0;0;0;0;0;0;0;0;0;0;0;0;0;0;0;0;0;0;0;0;Regular Season;0;0;0;0;0;0;0;0;0;0
56362;2028;11;18;Centre Robert-Guertin;0;108;122;0;0;0;0;0;0;0;0;0;0;0;0;;;;0;0;0;0;0;0;0;0;0;0;0;0;0;0;0;0;0;0;0;0;0;0;0;0;Regular Season;0;0;0;0;0;0;0;0;0;0
56363;2028;11;18;Progressive Auto Sales Arena;0;105;110;0;0;0;0;0;0;0;0;0;0;0;0;;;;0;0;0;0;0;0;0;0;0;0;0;0;0;0;0;0;0;0;0;0;0;0;0;0;Regular Season;0;0;0;0;0;0;0;0;0;0
56364;2028;11;21;WFCU Centre;0;107;108;0;0;0;0;0;0;0;0;0;0;0;0;;;;0;0;0;0;0;0;0;0;0;0;0;0;0;0;0;0;0;0;0;0;0;0;0;0;Regular Season;0;0;0;0;0;0;0;0;0;0
56365;2028;11;21;Centre Gervais Auto;0;114;110;0;0;0;0;0;0;0;0;0;0;0;0;;;;0;0;0;0;0;0;0;0;0;0;0;0;0;0;0;0;0;0;0;0;0;0;0;0;Regular Season;0;0;0;0;0;0;0;0;0;0
56366;2028;11;21;Centre Henry-Léonard;0;115;113;0;0;0;0;0;0;0;0;0;0;0;0;;;;0;0;0;0;0;0;0;0;0;0;0;0;0;0;0;0;0;0;0;0;0;0;0;0;Regular Season;0;0;0;0;0;0;0;0;0;0
56367;2028;11;21;Würth Arena Egna;0;122;105;0;0;0;0;0;0;0;0;0;0;0;0;;;;0;0;0;0;0;0;0;0;0;0;0;0;0;0;0;0;0;0;0;0;0;0;0;0;Regular Season;0;0;0;0;0;0;0;0;0;0
56368;2028;11;22;Centre Videotron;0;117;119;0;0;0;0;0;0;0;0;0;0;0;0;;;;0;0;0;0;0;0;0;0;0;0;0;0;0;0;0;0;0;0;0;0;0;0;0;0;Regular Season;0;0;0;0;0;0;0;0;0;0
56369;2028;11;22;Centre 200;0;120;118;0;0;0;0;0;0;0;0;0;0;0;0;;;;0;0;0;0;0;0;0;0;0;0;0;0;0;0;0;0;0;0;0;0;0;0;0;0;Regular Season;0;0;0;0;0;0;0;0;0;0
56370;2028;11;22;Scotiabank Centre;0;121;106;0;0;0;0;0;0;0;0;0;0;0;0;;;;0;0;0;0;0;0;0;0;0;0;0;0;0;0;0;0;0;0;0;0;0;0;0;0;Regular Season;0;0;0;0;0;0;0;0;0;0
56371;2028;11;23;Aréna IAMGOLD;0;110;115;0;0;0;0;0;0;0;0;0;0;0;0;;;;0;0;0;0;0;0;0;0;0;0;0;0;0;0;0;0;0;0;0;0;0;0;0;0;Regular Season;0;0;0;0;0;0;0;0;0;0
56372;2028;11;23;Centre Air Creebec;0;111;108;0;0;0;0;0;0;0;0;0;0;0;0;;;;0;0;0;0;0;0;0;0;0;0;0;0;0;0;0;0;0;0;0;0;0;0;0;0;Regular Season;0;0;0;0;0;0;0;0;0;0
56373;2028;11;23;Centre Gervais Auto;0;114;122;0;0;0;0;0;0;0;0;0;0;0;0;;;;0;0;0;0;0;0;0;0;0;0;0;0;0;0;0;0;0;0;0;0;0;0;0;0;Regular Season;0;0;0;0;0;0;0;0;0;0
56374;2028;11;23;Centre 200;0;120;121;0;0;0;0;0;0;0;0;0;0;0;0;;;;0;0;0;0;0;0;0;0;0;0;0;0;0;0;0;0;0;0;0;0;0;0;0;0;Regular Season;0;0;0;0;0;0;0;0;0;0
56375;2028;11;23;Colisée Desjardins;0;113;112;0;0;0;0;0;0;0;0;0;0;0;0;;;;0;0;0;0;0;0;0;0;0;0;0;0;0;0;0;0;0;0;0;0;0;0;0;0;Regular Season;0;0;0;0;0;0;0;0;0;0
56376;2028;11;23;Centre Georges-Vézina;0;116;109;0;0;0;0;0;0;0;0;0;0;0;0;;;;0;0;0;0;0;0;0;0;0;0;0;0;0;0;0;0;0;0;0;0;0;0;0;0;Regular Season;0;0;0;0;0;0;0;0;0;0
56377;2028;11;23;WFCU Centre;0;107;105;0;0;0;0;0;0;0;0;0;0;0;0;;;;0;0;0;0;0;0;0;0;0;0;0;0;0;0;0;0;0;0;0;0;0;0;0;0;Regular Season;0;0;0;0;0;0;0;0;0;0
56378;2028;11;23;Centre Videotron;0;117;106;0;0;0;0;0;0;0;0;0;0;0;0;;;;0;0;0;0;0;0;0;0;0;0;0;0;0;0;0;0;0;0;0;0;0;0;0;0;Regular Season;0;0;0;0;0;0;0;0;0;0
56379;2028;11;24;Colisée Desjardins;0;113;115;0;0;0;0;0;0;0;0;0;0;0;0;;;;0;0;0;0;0;0;0;0;0;0;0;0;0;0;0;0;0;0;0;0;0;0;0;0;Regular Season;0;0;0;0;0;0;0;0;0;0
56380;2028;11;24;Centre Gervais Auto;0;114;111;0;0;0;0;0;0;0;0;0;0;0;0;;;;0;0;0;0;0;0;0;0;0;0;0;0;0;0;0;0;0;0;0;0;0;0;0;0;Regular Season;0;0;0;0;0;0;0;0;0;0
56381;2028;11;24;Aréna IAMGOLD;0;110;122;0;0;0;0;0;0;0;0;0;0;0;0;;;;0;0;0;0;0;0;0;0;0;0;0;0;0;0;0;0;0;0;0;0;0;0;0;0;Regular Season;0;0;0;0;0;0;0;0;0;0
56382;2028;11;24;K. C. Irving Regional Centre;0;119;109;0;0;0;0;0;0;0;0;0;0;0;0;;;;0;0;0;0;0;0;0;0;0;0;0;0;0;0;0;0;0;0;0;0;0;0;0;0;Regular Season;0;0;0;0;0;0;0;0;0;0
56383;2028;11;24;Colisée Financière Sun Life;0;118;106;0;0;0;0;0;0;0;0;0;0;0;0;;;;0;0;0;0;0;0;0;0;0;0;0;0;0;0;0;0;0;0;0;0;0;0;0;0;Regular Season;0;0;0;0;0;0;0;0;0;0
56384;2028;11;25;Centre Marcel-Dionne;0;112;119;0;0;0;0;0;0;0;0;0;0;0;0;;;;0;0;0;0;0;0;0;0;0;0;0;0;0;0;0;0;0;0;0;0;0;0;0;0;Regular Season;0;0;0;0;0;0;0;0;0;0
56385;2028;11;25;Progressive Auto Sales Arena;0;105;108;0;0;0;0;0;0;0;0;0;0;0;0;;;;0;0;0;0;0;0;0;0;0;0;0;0;0;0;0;0;0;0;0;0;0;0;0;0;Regular Season;0;0;0;0;0;0;0;0;0;0
56386;2028;11;25;Centre 200;0;120;117;0;0;0;0;0;0;0;0;0;0;0;0;;;;0;0;0;0;0;0;0;0;0;0;0;0;0;0;0;0;0;0;0;0;0;0;0;0;Regular Season;0;0;0;0;0;0;0;0;0;0
56387;2028;11;25;WFCU Centre;0;107;111;0;0;0;0;0;0;0;0;0;0;0;0;;;;0;0;0;0;0;0;0;0;0;0;0;0;0;0;0;0;0;0;0;0;0;0;0;0;Regular Season;0;0;0;0;0;0;0;0;0;0
56388;2028;11;25;Centre Georges-Vézina;0;116;121;0;0;0;0;0;0;0;0;0;0;0;0;;;;0;0;0;0;0;0;0;0;0;0;0;0;0;0;0;0;0;0;0;0;0;0;0;0;Regular Season;0;0;0;0;0;0;0;0;0;0
56389;2028;11;25;Colisée Financière Sun Life;0;118;109;0;0;0;0;0;0;0;0;0;0;0;0;;;;0;0;0;0;0;0;0;0;0;0;0;0;0;0;0;0;0;0;0;0;0;0;0;0;Regular Season;0;0;0;0;0;0;0;0;0;0
56390;2028;11;27;Colisée Desjardins;0;113;107;0;0;0;0;0;0;0;0;0;0;0;0;;;;0;0;0;0;0;0;0;0;0;0;0;0;0;0;0;0;0;0;0;0;0;0;0;0;Regular Season;0;0;0;0;0;0;0;0;0;0
56391;2028;11;28;Centre Air Creebec;0;111;119;0;0;0;0;0;0;0;0;0;0;0;0;;;;0;0;0;0;0;0;0;0;0;0;0;0;0;0;0;0;0;0;0;0;0;0;0;0;Regular Season;0;0;0;0;0;0;0;0;0;0
56392;2028;11;28;Centre Marcel-Dionne;0;112;121;0;0;0;0;0;0;0;0;0;0;0;0;;;;0;0;0;0;0;0;0;0;0;0;0;0;0;0;0;0;0;0;0;0;0;0;0;0;Regular Season;0;0;0;0;0;0;0;0;0;0
56393;2028;11;28;GFL Memorial Gardens;0;106;105;0;0;0;0;0;0;0;0;0;0;0;0;;;;0;0;0;0;0;0;0;0;0;0;0;0;0;0;0;0;0;0;0;0;0;0;0;0;Regular Season;0;0;0;0;0;0;0;0;0;0
56394;2028;11;29;Centre Henry-Léonard;0;115;119;0;0;0;0;0;0;0;0;0;0;0;0;;;;0;0;0;0;0;0;0;0;0;0;0;0;0;0;0;0;0;0;0;0;0;0;0;0;Regular Season;0;0;0;0;0;0;0;0;0;0
56395;2028;11;29;Centre d'excellence Sports Rousseau;0;109;105;0;0;0;0;0;0;0;0;0;0;0;0;;;;0;0;0;0;0;0;0;0;0;0;0;0;0;0;0;0;0;0;0;0;0;0;0;0;Regular Season;0;0;0;0;0;0;0;0;0;0
56396;2028;11;30;Centre Robert-Guertin;0;108;107;0;0;0;0;0;0;0;0;0;0;0;0;;;;0;0;0;0;0;0;0;0;0;0;0;0;0;0;0;0;0;0;0;0;0;0;0;0;Regular Season;0;0;0;0;0;0;0;0;0;0
56397;2028;11;30;Centre Air Creebec;0;111;121;0;0;0;0;0;0;0;0;0;0;0;0;;;;0;0;0;0;0;0;0;0;0;0;0;0;0;0;0;0;0;0;0;0;0;0;0;0;Regular Season;0;0;0;0;0;0;0;0;0;0
56398;2028;11;30;GFL Memorial Gardens;0;106;110;0;0;0;0;0;0;0;0;0;0;0;0;;;;0;0;0;0;0;0;0;0;0;0;0;0;0;0;0;0;0;0;0;0;0;0;0;0;Regular Season;0;0;0;0;0;0;0;0;0;0
56399;2028;11;30;Würth Arena Egna;0;122;112;0;0;0;0;0;0;0;0;0;0;0;0;;;;0;0;0;0;0;0;0;0;0;0;0;0;0;0;0;0;0;0;0;0;0;0;0;0;Regular Season;0;0;0;0;0;0;0;0;0;0
56400;2028;11;30;Colisée Desjardins;0;113;118;0;0;0;0;0;0;0;0;0;0;0;0;;;;0;0;0;0;0;0;0;0;0;0;0;0;0;0;0;0;0;0;0;0;0;0;0;0;Regular Season;0;0;0;0;0;0;0;0;0;0
56401;2028;11;30;Centre Videotron;0;117;114;0;0;0;0;0;0;0;0;0;0;0;0;;;;0;0;0;0;0;0;0;0;0;0;0;0;0;0;0;0;0;0;0;0;0;0;0;0;Regular Season;0;0;0;0;0;0;0;0;0;0
56402;2028;12;1;Centre Videotron;0;117;120;0;0;0;0;0;0;0;0;0;0;0;0;;;;0;0;0;0;0;0;0;0;0;0;0;0;0;0;0;0;0;0;0;0;0;0;0;0;Regular Season;0;0;0;0;0;0;0;0;0;0
56403;2028;12;1;Centre Henry-Léonard;0;115;121;0;0;0;0;0;0;0;0;0;0;0;0;;;;0;0;0;0;0;0;0;0;0;0;0;0;0;0;0;0;0;0;0;0;0;0;0;0;Regular Season;0;0;0;0;0;0;0;0;0;0
56404;2028;12;1;Centre d'excellence Sports Rousseau;0;109;110;0;0;0;0;0;0;0;0;0;0;0;0;;;;0;0;0;0;0;0;0;0;0;0;0;0;0;0;0;0;0;0;0;0;0;0;0;0;Regular Season;0;0;0;0;0;0;0;0;0;0
56405;2028;12;1;Würth Arena Egna;0;122;112;0;0;0;0;0;0;0;0;0;0;0;0;;;;0;0;0;0;0;0;0;0;0;0;0;0;0;0;0;0;0;0;0;0;0;0;0;0;Regular Season;0;0;0;0;0;0;0;0;0;0
56406;2028;12;1;WFCU Centre;0;107;118;0;0;0;0;0;0;0;0;0;0;0;0;;;;0;0;0;0;0;0;0;0;0;0;0;0;0;0;0;0;0;0;0;0;0;0;0;0;Regular Season;0;0;0;0;0;0;0;0;0;0
56407;2028;12;1;Progressive Auto Sales Arena;0;105;113;0;0;0;0;0;0;0;0;0;0;0;0;;;;0;0;0;0;0;0;0;0;0;0;0;0;0;0;0;0;0;0;0;0;0;0;0;0;Regular Season;0;0;0;0;0;0;0;0;0;0
56408;2028;12;1;Centre Georges-Vézina;0;116;114;0;0;0;0;0;0;0;0;0;0;0;0;;;;0;0;0;0;0;0;0;0;0;0;0;0;0;0;0;0;0;0;0;0;0;0;0;0;Regular Season;0;0;0;0;0;0;0;0;0;0
56409;2028;12;2;Centre Georges-Vézina;0;116;120;0;0;0;0;0;0;0;0;0;0;0;0;;;;0;0;0;0;0;0;0;0;0;0;0;0;0;0;0;0;0;0;0;0;0;0;0;0;Regular Season;0;0;0;0;0;0;0;0;0;0
56410;2028;12;2;Centre Henry-Léonard;0;115;111;0;0;0;0;0;0;0;0;0;0;0;0;;;;0;0;0;0;0;0;0;0;0;0;0;0;0;0;0;0;0;0;0;0;0;0;0;0;Regular Season;0;0;0;0;0;0;0;0;0;0
56411;2028;12;2;WFCU Centre;0;107;122;0;0;0;0;0;0;0;0;0;0;0;0;;;;0;0;0;0;0;0;0;0;0;0;0;0;0;0;0;0;0;0;0;0;0;0;0;0;Regular Season;0;0;0;0;0;0;0;0;0;0
56412;2028;12;2;GFL Memorial Gardens;0;106;110;0;0;0;0;0;0;0;0;0;0;0;0;;;;0;0;0;0;0;0;0;0;0;0;0;0;0;0;0;0;0;0;0;0;0;0;0;0;Regular Season;0;0;0;0;0;0;0;0;0;0
56413;2028;12;2;Centre Robert-Guertin;0;108;118;0;0;0;0;0;0;0;0;0;0;0;0;;;;0;0;0;0;0;0;0;0;0;0;0;0;0;0;0;0;0;0;0;0;0;0;0;0;Regular Season;0;0;0;0;0;0;0;0;0;0
56414;2028;12;2;K. C. Irving Regional Centre;0;119;114;0;0;0;0;0;0;0;0;0;0;0;0;;;;0;0;0;0;0;0;0;0;0;0;0;0;0;0;0;0;0;0;0;0;0;0;0;0;Regular Season;0;0;0;0;0;0;0;0;0;0
56415;2028;12;5;Colisée Financière Sun Life;0;118;108;0;0;0;0;0;0;0;0;0;0;0;0;;;;0;0;0;0;0;0;0;0;0;0;0;0;0;0;0;0;0;0;0;0;0;0;0;0;Regular Season;0;0;0;0;0;0;0;0;0;0
56416;2028;12;5;Centre Gervais Auto;0;114;113;0;0;0;0;0;0;0;0;0;0;0;0;;;;0;0;0;0;0;0;0;0;0;0;0;0;0;0;0;0;0;0;0;0;0;0;0;0;Regular Season;0;0;0;0;0;0;0;0;0;0
56417;2028;12;6;Centre Georges-Vézina;0;116;119;0;0;0;0;0;0;0;0;0;0;0;0;;;;0;0;0;0;0;0;0;0;0;0;0;0;0;0;0;0;0;0;0;0;0;0;0;0;Regular Season;0;0;0;0;0;0;0;0;0;0
56418;2028;12;6;Scotiabank Centre;0;121;108;0;0;0;0;0;0;0;0;0;0;0;0;;;;0;0;0;0;0;0;0;0;0;0;0;0;0;0;0;0;0;0;0;0;0;0;0;0;Regular Season;0;0;0;0;0;0;0;0;0;0
56419;2028;12;6;Centre 200;0;120;122;0;0;0;0;0;0;0;0;0;0;0;0;;;;0;0;0;0;0;0;0;0;0;0;0;0;0;0;0;0;0;0;0;0;0;0;0;0;Regular Season;0;0;0;0;0;0;0;0;0;0
56420;2028;12;6;WFCU Centre;0;107;109;0;0;0;0;0;0;0;0;0;0;0;0;;;;0;0;0;0;0;0;0;0;0;0;0;0;0;0;0;0;0;0;0;0;0;0;0;0;Regular Season;0;0;0;0;0;0;0;0;0;0
56421;2028;12;6;Centre Marcel-Dionne;0;112;105;0;0;0;0;0;0;0;0;0;0;0;0;;;;0;0;0;0;0;0;0;0;0;0;0;0;0;0;0;0;0;0;0;0;0;0;0;0;Regular Season;0;0;0;0;0;0;0;0;0;0
56422;2028;12;7;K. C. Irving Regional Centre;0;119;117;0;0;0;0;0;0;0;0;0;0;0;0;;;;0;0;0;0;0;0;0;0;0;0;0;0;0;0;0;0;0;0;0;0;0;0;0;0;Regular Season;0;0;0;0;0;0;0;0;0;0
56423;2028;12;7;Colisée Financière Sun Life;0;118;116;0;0;0;0;0;0;0;0;0;0;0;0;;;;0;0;0;0;0;0;0;0;0;0;0;0;0;0;0;0;0;0;0;0;0;0;0;0;Regular Season;0;0;0;0;0;0;0;0;0;0
56424;2028;12;7;Aréna IAMGOLD;0;110;106;0;0;0;0;0;0;0;0;0;0;0;0;;;;0;0;0;0;0;0;0;0;0;0;0;0;0;0;0;0;0;0;0;0;0;0;0;0;Regular Season;0;0;0;0;0;0;0;0;0;0
56425;2028;12;8;Centre 200;0;120;108;0;0;0;0;0;0;0;0;0;0;0;0;;;;0;0;0;0;0;0;0;0;0;0;0;0;0;0;0;0;0;0;0;0;0;0;0;0;Regular Season;0;0;0;0;0;0;0;0;0;0
56426;2028;12;8;Centre Air Creebec;0;111;107;0;0;0;0;0;0;0;0;0;0;0;0;;;;0;0;0;0;0;0;0;0;0;0;0;0;0;0;0;0;0;0;0;0;0;0;0;0;Regular Season;0;0;0;0;0;0;0;0;0;0
56427;2028;12;8;Scotiabank Centre;0;121;122;0;0;0;0;0;0;0;0;0;0;0;0;;;;0;0;0;0;0;0;0;0;0;0;0;0;0;0;0;0;0;0;0;0;0;0;0;0;Regular Season;0;0;0;0;0;0;0;0;0;0
56428;2028;12;8;Centre Gervais Auto;0;114;109;0;0;0;0;0;0;0;0;0;0;0;0;;;;0;0;0;0;0;0;0;0;0;0;0;0;0;0;0;0;0;0;0;0;0;0;0;0;Regular Season;0;0;0;0;0;0;0;0;0;0
56429;2028;12;8;Aréna IAMGOLD;0;110;113;0;0;0;0;0;0;0;0;0;0;0;0;;;;0;0;0;0;0;0;0;0;0;0;0;0;0;0;0;0;0;0;0;0;0;0;0;0;Regular Season;0;0;0;0;0;0;0;0;0;0
56430;2028;12;8;Centre Henry-Léonard;0;115;105;0;0;0;0;0;0;0;0;0;0;0;0;;;;0;0;0;0;0;0;0;0;0;0;0;0;0;0;0;0;0;0;0;0;0;0;0;0;Regular Season;0;0;0;0;0;0;0;0;0;0
56431;2028;12;8;Centre Marcel-Dionne;0;112;106;0;0;0;0;0;0;0;0;0;0;0;0;;;;0;0;0;0;0;0;0;0;0;0;0;0;0;0;0;0;0;0;0;0;0;0;0;0;Regular Season;0;0;0;0;0;0;0;0;0;0
56432;2028;12;9;Colisée Financière Sun Life;0;118;119;0;0;0;0;0;0;0;0;0;0;0;0;;;;0;0;0;0;0;0;0;0;0;0;0;0;0;0;0;0;0;0;0;0;0;0;0;0;Regular Season;0;0;0;0;0;0;0;0;0;0
56433;2028;12;9;Centre Henry-Léonard;0;115;107;0;0;0;0;0;0;0;0;0;0;0;0;;;;0;0;0;0;0;0;0;0;0;0;0;0;0;0;0;0;0;0;0;0;0;0;0;0;Regular Season;0;0;0;0;0;0;0;0;0;0
56434;2028;12;9;Centre Videotron;0;117;122;0;0;0;0;0;0;0;0;0;0;0;0;;;;0;0;0;0;0;0;0;0;0;0;0;0;0;0;0;0;0;0;0;0;0;0;0;0;Regular Season;0;0;0;0;0;0;0;0;0;0
56435;2028;12;9;Centre 200;0;120;116;0;0;0;0;0;0;0;0;0;0;0;0;;;;0;0;0;0;0;0;0;0;0;0;0;0;0;0;0;0;0;0;0;0;0;0;0;0;Regular Season;0;0;0;0;0;0;0;0;0;0
56436;2028;12;9;Colisée Desjardins;0;113;109;0;0;0;0;0;0;0;0;0;0;0;0;;;;0;0;0;0;0;0;0;0;0;0;0;0;0;0;0;0;0;0;0;0;0;0;0;0;Regular Season;0;0;0;0;0;0;0;0;0;0
56437;2028;12;9;Centre Air Creebec;0;111;105;0;0;0;0;0;0;0;0;0;0;0;0;;;;0;0;0;0;0;0;0;0;0;0;0;0;0;0;0;0;0;0;0;0;0;0;0;0;Regular Season;0;0;0;0;0;0;0;0;0;0
56438;2028;12;9;Centre Marcel-Dionne;0;112;106;0;0;0;0;0;0;0;0;0;0;0;0;;;;0;0;0;0;0;0;0;0;0;0;0;0;0;0;0;0;0;0;0;0;0;0;0;0;Regular Season;0;0;0;0;0;0;0;0;0;0
56439;2028;12;12;Colisée Desjardins;0;113;115;0;0;0;0;0;0;0;0;0;0;0;0;;;;0;0;0;0;0;0;0;0;0;0;0;0;0;0;0;0;0;0;0;0;0;0;0;0;Regular Season;0;0;0;0;0;0;0;0;0;0
56440;2028;12;12;Scotiabank Centre;0;121;116;0;0;0;0;0;0;0;0;0;0;0;0;;;;0;0;0;0;0;0;0;0;0;0;0;0;0;0;0;0;0;0;0;0;0;0;0;0;Regular Season;0;0;0;0;0;0;0;0;0;0
56441;2028;12;12;Centre 200;0;120;118;0;0;0;0;0;0;0;0;0;0;0;0;;;;0;0;0;0;0;0;0;0;0;0;0;0;0;0;0;0;0;0;0;0;0;0;0;0;Regular Season;0;0;0;0;0;0;0;0;0;0
56442;2028;12;14;Centre Georges-Vézina;0;116;119;0;0;0;0;0;0;0;0;0;0;0;0;;;;0;0;0;0;0;0;0;0;0;0;0;0;0;0;0;0;0;0;0;0;0;0;0;0;Regular Season;0;0;0;0;0;0;0;0;0;0
56443;2028;12;14;Würth Arena Egna;0;122;115;0;0;0;0;0;0;0;0;0;0;0;0;;;;0;0;0;0;0;0;0;0;0;0;0;0;0;0;0;0;0;0;0;0;0;0;0;0;Regular Season;0;0;0;0;0;0;0;0;0;0
56444;2028;12;14;Colisée Financière Sun Life;0;118;120;0;0;0;0;0;0;0;0;0;0;0;0;;;;0;0;0;0;0;0;0;0;0;0;0;0;0;0;0;0;0;0;0;0;0;0;0;0;Regular Season;0;0;0;0;0;0;0;0;0;0
56445;2028;12;14;Scotiabank Centre;0;121;117;0;0;0;0;0;0;0;0;0;0;0;0;;;;0;0;0;0;0;0;0;0;0;0;0;0;0;0;0;0;0;0;0;0;0;0;0;0;Regular Season;0;0;0;0;0;0;0;0;0;0
56446;2028;12;14;Aréna IAMGOLD;0;110;111;0;0;0;0;0;0;0;0;0;0;0;0;;;;0;0;0;0;0;0;0;0;0;0;0;0;0;0;0;0;0;0;0;0;0;0;0;0;Regular Season;0;0;0;0;0;0;0;0;0;0
56447;2028;12;14;GFL Memorial Gardens;0;106;107;0;0;0;0;0;0;0;0;0;0;0;0;;;;0;0;0;0;0;0;0;0;0;0;0;0;0;0;0;0;0;0;0;0;0;0;0;0;Regular Season;0;0;0;0;0;0;0;0;0;0
56448;2028;12;14;Centre Robert-Guertin;0;108;112;0;0;0;0;0;0;0;0;0;0;0;0;;;;0;0;0;0;0;0;0;0;0;0;0;0;0;0;0;0;0;0;0;0;0;0;0;0;Regular Season;0;0;0;0;0;0;0;0;0;0
56449;2028;12;14;Centre d'excellence Sports Rousseau;0;109;113;0;0;0;0;0;0;0;0;0;0;0;0;;;;0;0;0;0;0;0;0;0;0;0;0;0;0;0;0;0;0;0;0;0;0;0;0;0;Regular Season;0;0;0;0;0;0;0;0;0;0
56450;2028;12;14;Progressive Auto Sales Arena;0;105;114;0;0;0;0;0;0;0;0;0;0;0;0;;;;0;0;0;0;0;0;0;0;0;0;0;0;0;0;0;0;0;0;0;0;0;0;0;0;Regular Season;0;0;0;0;0;0;0;0;0;0
56451;2028;12;15;Würth Arena Egna;0;122;115;0;0;0;0;0;0;0;0;0;0;0;0;;;;0;0;0;0;0;0;0;0;0;0;0;0;0;0;0;0;0;0;0;0;0;0;0;0;Regular Season;0;0;0;0;0;0;0;0;0;0
56452;2028;12;15;Colisée Financière Sun Life;0;118;120;0;0;0;0;0;0;0;0;0;0;0;0;;;;0;0;0;0;0;0;0;0;0;0;0;0;0;0;0;0;0;0;0;0;0;0;0;0;Regular Season;0;0;0;0;0;0;0;0;0;0
56453;2028;12;15;Centre d'excellence Sports Rousseau;0;109;107;0;0;0;0;0;0;0;0;0;0;0;0;;;;0;0;0;0;0;0;0;0;0;0;0;0;0;0;0;0;0;0;0;0;0;0;0;0;Regular Season;0;0;0;0;0;0;0;0;0;0
56454;2028;12;15;Centre Videotron;0;117;121;0;0;0;0;0;0;0;0;0;0;0;0;;;;0;0;0;0;0;0;0;0;0;0;0;0;0;0;0;0;0;0;0;0;0;0;0;0;Regular Season;0;0;0;0;0;0;0;0;0;0
56455;2028;12;15;K. C. Irving Regional Centre;0;119;116;0;0;0;0;0;0;0;0;0;0;0;0;;;;0;0;0;0;0;0;0;0;0;0;0;0;0;0;0;0;0;0;0;0;0;0;0;0;Regular Season;0;0;0;0;0;0;0;0;0;0
56456;2028;12;15;Centre Air Creebec;0;111;110;0;0;0;0;0;0;0;0;0;0;0;0;;;;0;0;0;0;0;0;0;0;0;0;0;0;0;0;0;0;0;0;0;0;0;0;0;0;Regular Season;0;0;0;0;0;0;0;0;0;0
56457;2028;12;15;Centre Robert-Guertin;0;108;112;0;0;0;0;0;0;0;0;0;0;0;0;;;;0;0;0;0;0;0;0;0;0;0;0;0;0;0;0;0;0;0;0;0;0;0;0;0;Regular Season;0;0;0;0;0;0;0;0;0;0
56458;2028;12;15;GFL Memorial Gardens;0;106;113;0;0;0;0;0;0;0;0;0;0;0;0;;;;0;0;0;0;0;0;0;0;0;0;0;0;0;0;0;0;0;0;0;0;0;0;0;0;Regular Season;0;0;0;0;0;0;0;0;0;0
56459;2028;12;15;Centre Gervais Auto;0;114;105;0;0;0;0;0;0;0;0;0;0;0;0;;;;0;0;0;0;0;0;0;0;0;0;0;0;0;0;0;0;0;0;0;0;0;0;0;0;Regular Season;0;0;0;0;0;0;0;0;0;0
56460;2028;12;26;GFL Memorial Gardens;0;106;108;0;0;0;0;0;0;0;0;0;0;0;0;;;;0;0;0;0;0;0;0;0;0;0;0;0;0;0;0;0;0;0;0;0;0;0;0;0;Regular Season;0;0;0;0;0;0;0;0;0;0
56461;2028;12;26;Colisée Financière Sun Life;0;118;117;0;0;0;0;0;0;0;0;0;0;0;0;;;;0;0;0;0;0;0;0;0;0;0;0;0;0;0;0;0;0;0;0;0;0;0;0;0;Regular Season;0;0;0;0;0;0;0;0;0;0
56462;2028;12;26;Progressive Auto Sales Arena;0;105;111;0;0;0;0;0;0;0;0;0;0;0;0;;;;0;0;0;0;0;0;0;0;0;0;0;0;0;0;0;0;0;0;0;0;0;0;0;0;Regular Season;0;0;0;0;0;0;0;0;0;0
56463;2028;12;26;Centre d'excellence Sports Rousseau;0;109;122;0;0;0;0;0;0;0;0;0;0;0;0;;;;0;0;0;0;0;0;0;0;0;0;0;0;0;0;0;0;0;0;0;0;0;0;0;0;Regular Season;0;0;0;0;0;0;0;0;0;0
56464;2028;12;26;K. C. Irving Regional Centre;0;119;121;0;0;0;0;0;0;0;0;0;0;0;0;;;;0;0;0;0;0;0;0;0;0;0;0;0;0;0;0;0;0;0;0;0;0;0;0;0;Regular Season;0;0;0;0;0;0;0;0;0;0
56465;2028;12;26;Centre 200;0;120;116;0;0;0;0;0;0;0;0;0;0;0;0;;;;0;0;0;0;0;0;0;0;0;0;0;0;0;0;0;0;0;0;0;0;0;0;0;0;Regular Season;0;0;0;0;0;0;0;0;0;0
56466;2028;12;26;Centre Henry-Léonard;0;115;110;0;0;0;0;0;0;0;0;0;0;0;0;;;;0;0;0;0;0;0;0;0;0;0;0;0;0;0;0;0;0;0;0;0;0;0;0;0;Regular Season;0;0;0;0;0;0;0;0;0;0
56467;2028;12;26;Colisée Desjardins;0;113;112;0;0;0;0;0;0;0;0;0;0;0;0;;;;0;0;0;0;0;0;0;0;0;0;0;0;0;0;0;0;0;0;0;0;0;0;0;0;Regular Season;0;0;0;0;0;0;0;0;0;0
56468;2028;12;26;WFCU Centre;0;107;114;0;0;0;0;0;0;0;0;0;0;0;0;;;;0;0;0;0;0;0;0;0;0;0;0;0;0;0;0;0;0;0;0;0;0;0;0;0;Regular Season;0;0;0;0;0;0;0;0;0;0
56469;2028;12;27;WFCU Centre;0;107;111;0;0;0;0;0;0;0;0;0;0;0;0;;;;0;0;0;0;0;0;0;0;0;0;0;0;0;0;0;0;0;0;0;0;0;0;0;0;Regular Season;0;0;0;0;0;0;0;0;0;0
56470;2028;12;27;Centre Henry-Léonard;0;115;110;0;0;0;0;0;0;0;0;0;0;0;0;;;;0;0;0;0;0;0;0;0;0;0;0;0;0;0;0;0;0;0;0;0;0;0;0;0;Regular Season;0;0;0;0;0;0;0;0;0;0
56471;2028;12;27;Centre Gervais Auto;0;114;112;0;0;0;0;0;0;0;0;0;0;0;0;;;;0;0;0;0;0;0;0;0;0;0;0;0;0;0;0;0;0;0;0;0;0;0;0;0;Regular Season;0;0;0;0;0;0;0;0;0;0
56472;2028;12;28;Würth Arena Egna;0;122;108;0;0;0;0;0;0;0;0;0;0;0;0;;;;0;0;0;0;0;0;0;0;0;0;0;0;0;0;0;0;0;0;0;0;0;0;0;0;Regular Season;0;0;0;0;0;0;0;0;0;0
56473;2028;12;28;Centre 200;0;120;121;0;0;0;0;0;0;0;0;0;0;0;0;;;;0;0;0;0;0;0;0;0;0;0;0;0;0;0;0;0;0;0;0;0;0;0;0;0;Regular Season;0;0;0;0;0;0;0;0;0;0
56474;2028;12;28;Centre Videotron;0;117;116;0;0;0;0;0;0;0;0;0;0;0;0;;;;0;0;0;0;0;0;0;0;0;0;0;0;0;0;0;0;0;0;0;0;0;0;0;0;Regular Season;0;0;0;0;0;0;0;0;0;0
56475;2028;12;28;GFL Memorial Gardens;0;106;109;0;0;0;0;0;0;0;0;0;0;0;0;;;;0;0;0;0;0;0;0;0;0;0;0;0;0;0;0;0;0;0;0;0;0;0;0;0;Regular Season;0;0;0;0;0;0;0;0;0;0
56476;2028;12;28;K. C. Irving Regional Centre;0;119;118;0;0;0;0;0;0;0;0;0;0;0;0;;;;0;0;0;0;0;0;0;0;0;0;0;0;0;0;0;0;0;0;0;0;0;0;0;0;Regular Season;0;0;0;0;0;0;0;0;0;0
56477;2028;12;28;Progressive Auto Sales Arena;0;105;113;0;0;0;0;0;0;0;0;0;0;0;0;;;;0;0;0;0;0;0;0;0;0;0;0;0;0;0;0;0;0;0;0;0;0;0;0;0;Regular Season;0;0;0;0;0;0;0;0;0;0
56478;2028;12;29;Centre Videotron;0;117;119;0;0;0;0;0;0;0;0;0;0;0;0;;;;0;0;0;0;0;0;0;0;0;0;0;0;0;0;0;0;0;0;0;0;0;0;0;0;Regular Season;0;0;0;0;0;0;0;0;0;0
56479;2028;12;29;Centre Air Creebec;0;111;115;0;0;0;0;0;0;0;0;0;0;0;0;;;;0;0;0;0;0;0;0;0;0;0;0;0;0;0;0;0;0;0;0;0;0;0;0;0;Regular Season;0;0;0;0;0;0;0;0;0;0
56480;2028;12;29;Centre Marcel-Dionne;0;112;107;0;0;0;0;0;0;0;0;0;0;0;0;;;;0;0;0;0;0;0;0;0;0;0;0;0;0;0;0;0;0;0;0;0;0;0;0;0;Regular Season;0;0;0;0;0;0;0;0;0;0
56481;2028;12;29;Centre Robert-Guertin;0;108;122;0;0;0;0;0;0;0;0;0;0;0;0;;;;0;0;0;0;0;0;0;0;0;0;0;0;0;0;0;0;0;0;0;0;0;0;0;0;Regular Season;0;0;0;0;0;0;0;0;0;0
56482;2028;12;29;Colisée Financière Sun Life;0;118;116;0;0;0;0;0;0;0;0;0;0;0;0;;;;0;0;0;0;0;0;0;0;0;0;0;0;0;0;0;0;0;0;0;0;0;0;0;0;Regular Season;0;0;0;0;0;0;0;0;0;0
56483;2028;12;29;Centre Gervais Auto;0;114;113;0;0;0;0;0;0;0;0;0;0;0;0;;;;0;0;0;0;0;0;0;0;0;0;0;0;0;0;0;0;0;0;0;0;0;0;0;0;Regular Season;0;0;0;0;0;0;0;0;0;0
56484;2028;12;29;Aréna IAMGOLD;0;110;105;0;0;0;0;0;0;0;0;0;0;0;0;;;;0;0;0;0;0;0;0;0;0;0;0;0;0;0;0;0;0;0;0;0;0;0;0;0;Regular Season;0;0;0;0;0;0;0;0;0;0
56485;2028;12;29;Centre d'excellence Sports Rousseau;0;109;106;0;0;0;0;0;0;0;0;0;0;0;0;;;;0;0;0;0;0;0;0;0;0;0;0;0;0;0;0;0;0;0;0;0;0;0;0;0;Regular Season;0;0;0;0;0;0;0;0;0;0
56486;2029;1;1;Centre Marcel-Dionne;0;112;111;0;0;0;0;0;0;0;0;0;0;0;0;;;;0;0;0;0;0;0;0;0;0;0;0;0;0;0;0;0;0;0;0;0;0;0;0;0;Regular Season;0;0;0;0;0;0;0;0;0;0
56487;2029;1;1;Centre Gervais Auto;0;114;109;0;0;0;0;0;0;0;0;0;0;0;0;;;;0;0;0;0;0;0;0;0;0;0;0;0;0;0;0;0;0;0;0;0;0;0;0;0;Regular Season;0;0;0;0;0;0;0;0;0;0
56488;2029;1;1;Centre Robert-Guertin;0;108;106;0;0;0;0;0;0;0;0;0;0;0;0;;;;0;0;0;0;0;0;0;0;0;0;0;0;0;0;0;0;0;0;0;0;0;0;0;0;Regular Season;0;0;0;0;0;0;0;0;0;0
56489;2029;1;2;Würth Arena Egna;0;122;119;0;0;0;0;0;0;0;0;0;0;0;0;;;;0;0;0;0;0;0;0;0;0;0;0;0;0;0;0;0;0;0;0;0;0;0;0;0;Regular Season;0;0;0;0;0;0;0;0;0;0
56490;2029;1;2;Colisée Financière Sun Life;0;118;115;0;0;0;0;0;0;0;0;0;0;0;0;;;;0;0;0;0;0;0;0;0;0;0;0;0;0;0;0;0;0;0;0;0;0;0;0;0;Regular Season;0;0;0;0;0;0;0;0;0;0
56491;2029;1;2;WFCU Centre;0;107;110;0;0;0;0;0;0;0;0;0;0;0;0;;;;0;0;0;0;0;0;0;0;0;0;0;0;0;0;0;0;0;0;0;0;0;0;0;0;Regular Season;0;0;0;0;0;0;0;0;0;0
56492;2029;1;2;Progressive Auto Sales Arena;0;105;109;0;0;0;0;0;0;0;0;0;0;0;0;;;;0;0;0;0;0;0;0;0;0;0;0;0;0;0;0;0;0;0;0;0;0;0;0;0;Regular Season;0;0;0;0;0;0;0;0;0;0
56493;2029;1;3;Centre Videotron;0;117;115;0;0;0;0;0;0;0;0;0;0;0;0;;;;0;0;0;0;0;0;0;0;0;0;0;0;0;0;0;0;0;0;0;0;0;0;0;0;Regular Season;0;0;0;0;0;0;0;0;0;0
56494;2029;1;3;Centre Robert-Guertin;0;108;113;0;0;0;0;0;0;0;0;0;0;0;0;;;;0;0;0;0;0;0;0;0;0;0;0;0;0;0;0;0;0;0;0;0;0;0;0;0;Regular Season;0;0;0;0;0;0;0;0;0;0
56495;2029;1;4;GFL Memorial Gardens;0;106;119;0;0;0;0;0;0;0;0;0;0;0;0;;;;0;0;0;0;0;0;0;0;0;0;0;0;0;0;0;0;0;0;0;0;0;0;0;0;Regular Season;0;0;0;0;0;0;0;0;0;0
56496;2029;1;4;Colisée Desjardins;0;113;111;0;0;0;0;0;0;0;0;0;0;0;0;;;;0;0;0;0;0;0;0;0;0;0;0;0;0;0;0;0;0;0;0;0;0;0;0;0;Regular Season;0;0;0;0;0;0;0;0;0;0
56497;2029;1;4;Aréna IAMGOLD;0;110;122;0;0;0;0;0;0;0;0;0;0;0;0;;;;0;0;0;0;0;0;0;0;0;0;0;0;0;0;0;0;0;0;0;0;0;0;0;0;Regular Season;0;0;0;0;0;0;0;0;0;0
56498;2029;1;4;Colisée Financière Sun Life;0;118;121;0;0;0;0;0;0;0;0;0;0;0;0;;;;0;0;0;0;0;0;0;0;0;0;0;0;0;0;0;0;0;0;0;0;0;0;0;0;Regular Season;0;0;0;0;0;0;0;0;0;0
56499;2029;1;4;Centre Videotron;0;117;112;0;0;0;0;0;0;0;0;0;0;0;0;;;;0;0;0;0;0;0;0;0;0;0;0;0;0;0;0;0;0;0;0;0;0;0;0;0;Regular Season;0;0;0;0;0;0;0;0;0;0
56500;2029;1;4;WFCU Centre;0;107;114;0;0;0;0;0;0;0;0;0;0;0;0;;;;0;0;0;0;0;0;0;0;0;0;0;0;0;0;0;0;0;0;0;0;0;0;0;0;Regular Season;0;0;0;0;0;0;0;0;0;0
56501;2029;1;5;Centre d'excellence Sports Rousseau;0;109;119;0;0;0;0;0;0;0;0;0;0;0;0;;;;0;0;0;0;0;0;0;0;0;0;0;0;0;0;0;0;0;0;0;0;0;0;0;0;Regular Season;0;0;0;0;0;0;0;0;0;0
56502;2029;1;5;Centre 200;0;120;115;0;0;0;0;0;0;0;0;0;0;0;0;;;;0;0;0;0;0;0;0;0;0;0;0;0;0;0;0;0;0;0;0;0;0;0;0;0;Regular Season;0;0;0;0;0;0;0;0;0;0
56503;2029;1;5;GFL Memorial Gardens;0;106;108;0;0;0;0;0;0;0;0;0;0;0;0;;;;0;0;0;0;0;0;0;0;0;0;0;0;0;0;0;0;0;0;0;0;0;0;0;0;Regular Season;0;0;0;0;0;0;0;0;0;0
56504;2029;1;5;Progressive Auto Sales Arena;0;105;107;0;0;0;0;0;0;0;0;0;0;0;0;;;;0;0;0;0;0;0;0;0;0;0;0;0;0;0;0;0;0;0;0;0;0;0;0;0;Regular Season;0;0;0;0;0;0;0;0;0;0
56505;2029;1;5;Aréna IAMGOLD;0;110;122;0;0;0;0;0;0;0;0;0;0;0;0;;;;0;0;0;0;0;0;0;0;0;0;0;0;0;0;0;0;0;0;0;0;0;0;0;0;Regular Season;0;0;0;0;0;0;0;0;0;0
56506;2029;1;5;Centre Georges-Vézina;0;116;112;0;0;0;0;0;0;0;0;0;0;0;0;;;;0;0;0;0;0;0;0;0;0;0;0;0;0;0;0;0;0;0;0;0;0;0;0;0;Regular Season;0;0;0;0;0;0;0;0;0;0
56507;2029;1;6;Centre d'excellence Sports Rousseau;0;109;108;0;0;0;0;0;0;0;0;0;0;0;0;;;;0;0;0;0;0;0;0;0;0;0;0;0;0;0;0;0;0;0;0;0;0;0;0;0;Regular Season;0;0;0;0;0;0;0;0;0;0
56508;2029;1;6;Scotiabank Centre;0;121;120;0;0;0;0;0;0;0;0;0;0;0;0;;;;0;0;0;0;0;0;0;0;0;0;0;0;0;0;0;0;0;0;0;0;0;0;0;0;Regular Season;0;0;0;0;0;0;0;0;0;0
56509;2029;1;6;Centre Georges-Vézina;0;116;117;0;0;0;0;0;0;0;0;0;0;0;0;;;;0;0;0;0;0;0;0;0;0;0;0;0;0;0;0;0;0;0;0;0;0;0;0;0;Regular Season;0;0;0;0;0;0;0;0;0;0
56510;2029;1;6;Colisée Financière Sun Life;0;118;112;0;0;0;0;0;0;0;0;0;0;0;0;;;;0;0;0;0;0;0;0;0;0;0;0;0;0;0;0;0;0;0;0;0;0;0;0;0;Regular Season;0;0;0;0;0;0;0;0;0;0
56511;2029;1;6;Colisée Desjardins;0;113;105;0;0;0;0;0;0;0;0;0;0;0;0;;;;0;0;0;0;0;0;0;0;0;0;0;0;0;0;0;0;0;0;0;0;0;0;0;0;Regular Season;0;0;0;0;0;0;0;0;0;0
56512;2029;1;6;Centre Air Creebec;0;111;114;0;0;0;0;0;0;0;0;0;0;0;0;;;;0;0;0;0;0;0;0;0;0;0;0;0;0;0;0;0;0;0;0;0;0;0;0;0;Regular Season;0;0;0;0;0;0;0;0;0;0
56513;2029;1;9;Centre Georges-Vézina;0;116;110;0;0;0;0;0;0;0;0;0;0;0;0;;;;0;0;0;0;0;0;0;0;0;0;0;0;0;0;0;0;0;0;0;0;0;0;0;0;Regular Season;0;0;0;0;0;0;0;0;0;0
56514;2029;1;9;Centre Air Creebec;0;111;118;0;0;0;0;0;0;0;0;0;0;0;0;;;;0;0;0;0;0;0;0;0;0;0;0;0;0;0;0;0;0;0;0;0;0;0;0;0;Regular Season;0;0;0;0;0;0;0;0;0;0
56515;2029;1;9;Colisée Desjardins;0;113;106;0;0;0;0;0;0;0;0;0;0;0;0;;;;0;0;0;0;0;0;0;0;0;0;0;0;0;0;0;0;0;0;0;0;0;0;0;0;Regular Season;0;0;0;0;0;0;0;0;0;0
56516;2029;1;10;Würth Arena Egna;0;122;108;0;0;0;0;0;0;0;0;0;0;0;0;;;;0;0;0;0;0;0;0;0;0;0;0;0;0;0;0;0;0;0;0;0;0;0;0;0;Regular Season;0;0;0;0;0;0;0;0;0;0
56517;2029;1;10;Scotiabank Centre;0;121;110;0;0;0;0;0;0;0;0;0;0;0;0;;;;0;0;0;0;0;0;0;0;0;0;0;0;0;0;0;0;0;0;0;0;0;0;0;0;Regular Season;0;0;0;0;0;0;0;0;0;0
56518;2029;1;10;Centre Henry-Léonard;0;115;118;0;0;0;0;0;0;0;0;0;0;0;0;;;;0;0;0;0;0;0;0;0;0;0;0;0;0;0;0;0;0;0;0;0;0;0;0;0;Regular Season;0;0;0;0;0;0;0;0;0;0
56519;2029;1;10;Centre 200;0;120;105;0;0;0;0;0;0;0;0;0;0;0;0;;;;0;0;0;0;0;0;0;0;0;0;0;0;0;0;0;0;0;0;0;0;0;0;0;0;Regular Season;0;0;0;0;0;0;0;0;0;0
56520;2029;1;11;Centre Georges-Vézina;0;116;119;0;0;0;0;0;0;0;0;0;0;0;0;;;;0;0;0;0;0;0;0;0;0;0;0;0;0;0;0;0;0;0;0;0;0;0;0;0;Regular Season;0;0;0;0;0;0;0;0;0;0
56521;2029;1;11;Würth Arena Egna;0;122;107;0;0;0;0;0;0;0;0;0;0;0;0;;;;0;0;0;0;0;0;0;0;0;0;0;0;0;0;0;0;0;0;0;0;0;0;0;0;Regular Season;0;0;0;0;0;0;0;0;0;0
56522;2029;1;11;Centre Air Creebec;0;111;109;0;0;0;0;0;0;0;0;0;0;0;0;;;;0;0;0;0;0;0;0;0;0;0;0;0;0;0;0;0;0;0;0;0;0;0;0;0;Regular Season;0;0;0;0;0;0;0;0;0;0
56523;2029;1;11;Centre Marcel-Dionne;0;112;113;0;0;0;0;0;0;0;0;0;0;0;0;;;;0;0;0;0;0;0;0;0;0;0;0;0;0;0;0;0;0;0;0;0;0;0;0;0;Regular Season;0;0;0;0;0;0;0;0;0;0
56524;2029;1;11;Centre Gervais Auto;0;114;106;0;0;0;0;0;0;0;0;0;0;0;0;;;;0;0;0;0;0;0;0;0;0;0;0;0;0;0;0;0;0;0;0;0;0;0;0;0;Regular Season;0;0;0;0;0;0;0;0;0;0
56525;2029;1;12;K. C. Irving Regional Centre;0;119;117;0;0;0;0;0;0;0;0;0;0;0;0;;;;0;0;0;0;0;0;0;0;0;0;0;0;0;0;0;0;0;0;0;0;0;0;0;0;Regular Season;0;0;0;0;0;0;0;0;0;0
56526;2029;1;12;Centre Robert-Guertin;0;108;122;0;0;0;0;0;0;0;0;0;0;0;0;;;;0;0;0;0;0;0;0;0;0;0;0;0;0;0;0;0;0;0;0;0;0;0;0;0;Regular Season;0;0;0;0;0;0;0;0;0;0
56527;2029;1;12;Centre 200;0;120;110;0;0;0;0;0;0;0;0;0;0;0;0;;;;0;0;0;0;0;0;0;0;0;0;0;0;0;0;0;0;0;0;0;0;0;0;0;0;Regular Season;0;0;0;0;0;0;0;0;0;0
56528;2029;1;12;Centre Air Creebec;0;111;109;0;0;0;0;0;0;0;0;0;0;0;0;;;;0;0;0;0;0;0;0;0;0;0;0;0;0;0;0;0;0;0;0;0;0;0;0;0;Regular Season;0;0;0;0;0;0;0;0;0;0
56529;2029;1;12;Centre Marcel-Dionne;0;112;118;0;0;0;0;0;0;0;0;0;0;0;0;;;;0;0;0;0;0;0;0;0;0;0;0;0;0;0;0;0;0;0;0;0;0;0;0;0;Regular Season;0;0;0;0;0;0;0;0;0;0
56530;2029;1;12;Scotiabank Centre;0;121;105;0;0;0;0;0;0;0;0;0;0;0;0;;;;0;0;0;0;0;0;0;0;0;0;0;0;0;0;0;0;0;0;0;0;0;0;0;0;Regular Season;0;0;0;0;0;0;0;0;0;0
56531;2029;1;12;WFCU Centre;0;107;106;0;0;0;0;0;0;0;0;0;0;0;0;;;;0;0;0;0;0;0;0;0;0;0;0;0;0;0;0;0;0;0;0;0;0;0;0;0;Regular Season;0;0;0;0;0;0;0;0;0;0
56532;2029;1;13;Scotiabank Centre;0;121;116;0;0;0;0;0;0;0;0;0;0;0;0;;;;0;0;0;0;0;0;0;0;0;0;0;0;0;0;0;0;0;0;0;0;0;0;0;0;Regular Season;0;0;0;0;0;0;0;0;0;0
56533;2029;1;13;Centre Henry-Léonard;0;115;109;0;0;0;0;0;0;0;0;0;0;0;0;;;;0;0;0;0;0;0;0;0;0;0;0;0;0;0;0;0;0;0;0;0;0;0;0;0;Regular Season;0;0;0;0;0;0;0;0;0;0
56534;2029;1;13;Centre Videotron;0;117;105;0;0;0;0;0;0;0;0;0;0;0;0;;;;0;0;0;0;0;0;0;0;0;0;0;0;0;0;0;0;0;0;0;0;0;0;0;0;Regular Season;0;0;0;0;0;0;0;0;0;0
56535;2029;1;16;Aréna IAMGOLD;0;110;115;0;0;0;0;0;0;0;0;0;0;0;0;;;;0;0;0;0;0;0;0;0;0;0;0;0;0;0;0;0;0;0;0;0;0;0;0;0;Regular Season;0;0;0;0;0;0;0;0;0;0
56536;2029;1;16;K. C. Irving Regional Centre;0;119;120;0;0;0;0;0;0;0;0;0;0;0;0;;;;0;0;0;0;0;0;0;0;0;0;0;0;0;0;0;0;0;0;0;0;0;0;0;0;Regular Season;0;0;0;0;0;0;0;0;0;0
56537;2029;1;16;Centre Marcel-Dionne;0;112;111;0;0;0;0;0;0;0;0;0;0;0;0;;;;0;0;0;0;0;0;0;0;0;0;0;0;0;0;0;0;0;0;0;0;0;0;0;0;Regular Season;0;0;0;0;0;0;0;0;0;0
56538;2029;1;16;Centre Gervais Auto;0;114;122;0;0;0;0;0;0;0;0;0;0;0;0;;;;0;0;0;0;0;0;0;0;0;0;0;0;0;0;0;0;0;0;0;0;0;0;0;0;Regular Season;0;0;0;0;0;0;0;0;0;0
56539;2029;1;16;Centre Videotron;0;117;116;0;0;0;0;0;0;0;0;0;0;0;0;;;;0;0;0;0;0;0;0;0;0;0;0;0;0;0;0;0;0;0;0;0;0;0;0;0;Regular Season;0;0;0;0;0;0;0;0;0;0
56540;2029;1;16;Colisée Financière Sun Life;0;118;113;0;0;0;0;0;0;0;0;0;0;0;0;;;;0;0;0;0;0;0;0;0;0;0;0;0;0;0;0;0;0;0;0;0;0;0;0;0;Regular Season;0;0;0;0;0;0;0;0;0;0
56541;2029;1;17;Scotiabank Centre;0;121;113;0;0;0;0;0;0;0;0;0;0;0;0;;;;0;0;0;0;0;0;0;0;0;0;0;0;0;0;0;0;0;0;0;0;0;0;0;0;Regular Season;0;0;0;0;0;0;0;0;0;0
56542;2029;1;18;Centre Henry-Léonard;0;115;108;0;0;0;0;0;0;0;0;0;0;0;0;;;;0;0;0;0;0;0;0;0;0;0;0;0;0;0;0;0;0;0;0;0;0;0;0;0;Regular Season;0;0;0;0;0;0;0;0;0;0
56543;2029;1;18;K. C. Irving Regional Centre;0;119;111;0;0;0;0;0;0;0;0;0;0;0;0;;;;0;0;0;0;0;0;0;0;0;0;0;0;0;0;0;0;0;0;0;0;0;0;0;0;Regular Season;0;0;0;0;0;0;0;0;0;0
56544;2029;1;18;Centre d'excellence Sports Rousseau;0;109;107;0;0;0;0;0;0;0;0;0;0;0;0;;;;0;0;0;0;0;0;0;0;0;0;0;0;0;0;0;0;0;0;0;0;0;0;0;0;Regular Season;0;0;0;0;0;0;0;0;0;0
56545;2029;1;18;Colisée Financière Sun Life;0;118;121;0;0;0;0;0;0;0;0;0;0;0;0;;;;0;0;0;0;0;0;0;0;0;0;0;0;0;0;0;0;0;0;0;0;0;0;0;0;Regular Season;0;0;0;0;0;0;0;0;0;0
56546;2029;1;18;Centre 200;0;120;116;0;0;0;0;0;0;0;0;0;0;0;0;;;;0;0;0;0;0;0;0;0;0;0;0;0;0;0;0;0;0;0;0;0;0;0;0;0;Regular Season;0;0;0;0;0;0;0;0;0;0
56547;2029;1;18;Centre Marcel-Dionne;0;112;110;0;0;0;0;0;0;0;0;0;0;0;0;;;;0;0;0;0;0;0;0;0;0;0;0;0;0;0;0;0;0;0;0;0;0;0;0;0;Regular Season;0;0;0;0;0;0;0;0;0;0
56548;2029;1;18;Progressive Auto Sales Arena;0;105;114;0;0;0;0;0;0;0;0;0;0;0;0;;;;0;0;0;0;0;0;0;0;0;0;0;0;0;0;0;0;0;0;0;0;0;0;0;0;Regular Season;0;0;0;0;0;0;0;0;0;0
56549;2029;1;19;Centre Henry-Léonard;0;115;108;0;0;0;0;0;0;0;0;0;0;0;0;;;;0;0;0;0;0;0;0;0;0;0;0;0;0;0;0;0;0;0;0;0;0;0;0;0;Regular Season;0;0;0;0;0;0;0;0;0;0
56550;2029;1;19;Centre Videotron;0;117;111;0;0;0;0;0;0;0;0;0;0;0;0;;;;0;0;0;0;0;0;0;0;0;0;0;0;0;0;0;0;0;0;0;0;0;0;0;0;Regular Season;0;0;0;0;0;0;0;0;0;0
56551;2029;1;19;GFL Memorial Gardens;0;106;107;0;0;0;0;0;0;0;0;0;0;0;0;;;;0;0;0;0;0;0;0;0;0;0;0;0;0;0;0;0;0;0;0;0;0;0;0;0;Regular Season;0;0;0;0;0;0;0;0;0;0
56552;2029;1;19;Centre d'excellence Sports Rousseau;0;109;122;0;0;0;0;0;0;0;0;0;0;0;0;;;;0;0;0;0;0;0;0;0;0;0;0;0;0;0;0;0;0;0;0;0;0;0;0;0;Regular Season;0;0;0;0;0;0;0;0;0;0
56553;2029;1;19;Colisée Financière Sun Life;0;118;121;0;0;0;0;0;0;0;0;0;0;0;0;;;;0;0;0;0;0;0;0;0;0;0;0;0;0;0;0;0;0;0;0;0;0;0;0;0;Regular Season;0;0;0;0;0;0;0;0;0;0
56554;2029;1;19;Centre 200;0;120;113;0;0;0;0;0;0;0;0;0;0;0;0;;;;0;0;0;0;0;0;0;0;0;0;0;0;0;0;0;0;0;0;0;0;0;0;0;0;Regular Season;0;0;0;0;0;0;0;0;0;0
56555;2029;1;19;Centre Gervais Auto;0;114;105;0;0;0;0;0;0;0;0;0;0;0;0;;;;0;0;0;0;0;0;0;0;0;0;0;0;0;0;0;0;0;0;0;0;0;0;0;0;Regular Season;0;0;0;0;0;0;0;0;0;0
56556;2029;1;20;Centre Videotron;0;117;119;0;0;0;0;0;0;0;0;0;0;0;0;;;;0;0;0;0;0;0;0;0;0;0;0;0;0;0;0;0;0;0;0;0;0;0;0;0;Regular Season;0;0;0;0;0;0;0;0;0;0
56557;2029;1;20;Centre Georges-Vézina;0;116;111;0;0;0;0;0;0;0;0;0;0;0;0;;;;0;0;0;0;0;0;0;0;0;0;0;0;0;0;0;0;0;0;0;0;0;0;0;0;Regular Season;0;0;0;0;0;0;0;0;0;0
56558;2029;1;20;GFL Memorial Gardens;0;106;122;0;0;0;0;0;0;0;0;0;0;0;0;;;;0;0;0;0;0;0;0;0;0;0;0;0;0;0;0;0;0;0;0;0;0;0;0;0;Regular Season;0;0;0;0;0;0;0;0;0;0
56559;2029;1;20;Aréna IAMGOLD;0;110;112;0;0;0;0;0;0;0;0;0;0;0;0;;;;0;0;0;0;0;0;0;0;0;0;0;0;0;0;0;0;0;0;0;0;0;0;0;0;Regular Season;0;0;0;0;0;0;0;0;0;0
56560;2029;1;25;Centre d'excellence Sports Rousseau;0;109;115;0;0;0;0;0;0;0;0;0;0;0;0;;;;0;0;0;0;0;0;0;0;0;0;0;0;0;0;0;0;0;0;0;0;0;0;0;0;Regular Season;0;0;0;0;0;0;0;0;0;0
56561;2029;1;25;Centre Robert-Guertin;0;108;117;0;0;0;0;0;0;0;0;0;0;0;0;;;;0;0;0;0;0;0;0;0;0;0;0;0;0;0;0;0;0;0;0;0;0;0;0;0;Regular Season;0;0;0;0;0;0;0;0;0;0
56562;2029;1;25;Centre Marcel-Dionne;0;112;107;0;0;0;0;0;0;0;0;0;0;0;0;;;;0;0;0;0;0;0;0;0;0;0;0;0;0;0;0;0;0;0;0;0;0;0;0;0;Regular Season;0;0;0;0;0;0;0;0;0;0
56563;2029;1;25;Centre Air Creebec;0;111;110;0;0;0;0;0;0;0;0;0;0;0;0;;;;0;0;0;0;0;0;0;0;0;0;0;0;0;0;0;0;0;0;0;0;0;0;0;0;Regular Season;0;0;0;0;0;0;0;0;0;0
56564;2029;1;25;K. C. Irving Regional Centre;0;119;118;0;0;0;0;0;0;0;0;0;0;0;0;;;;0;0;0;0;0;0;0;0;0;0;0;0;0;0;0;0;0;0;0;0;0;0;0;0;Regular Season;0;0;0;0;0;0;0;0;0;0
56565;2029;1;25;Colisée Desjardins;0;113;105;0;0;0;0;0;0;0;0;0;0;0;0;;;;0;0;0;0;0;0;0;0;0;0;0;0;0;0;0;0;0;0;0;0;0;0;0;0;Regular Season;0;0;0;0;0;0;0;0;0;0
56566;2029;1;25;Würth Arena Egna;0;122;106;0;0;0;0;0;0;0;0;0;0;0;0;;;;0;0;0;0;0;0;0;0;0;0;0;0;0;0;0;0;0;0;0;0;0;0;0;0;Regular Season;0;0;0;0;0;0;0;0;0;0
56567;2029;1;26;Centre d'excellence Sports Rousseau;0;109;115;0;0;0;0;0;0;0;0;0;0;0;0;;;;0;0;0;0;0;0;0;0;0;0;0;0;0;0;0;0;0;0;0;0;0;0;0;0;Regular Season;0;0;0;0;0;0;0;0;0;0
56568;2029;1;26;Progressive Auto Sales Arena;0;105;108;0;0;0;0;0;0;0;0;0;0;0;0;;;;0;0;0;0;0;0;0;0;0;0;0;0;0;0;0;0;0;0;0;0;0;0;0;0;Regular Season;0;0;0;0;0;0;0;0;0;0
56569;2029;1;26;Scotiabank Centre;0;121;120;0;0;0;0;0;0;0;0;0;0;0;0;;;;0;0;0;0;0;0;0;0;0;0;0;0;0;0;0;0;0;0;0;0;0;0;0;0;Regular Season;0;0;0;0;0;0;0;0;0;0
56570;2029;1;26;Centre Gervais Auto;0;114;117;0;0;0;0;0;0;0;0;0;0;0;0;;;;0;0;0;0;0;0;0;0;0;0;0;0;0;0;0;0;0;0;0;0;0;0;0;0;Regular Season;0;0;0;0;0;0;0;0;0;0
56571;2029;1;26;Centre Georges-Vézina;0;116;118;0;0;0;0;0;0;0;0;0;0;0;0;;;;0;0;0;0;0;0;0;0;0;0;0;0;0;0;0;0;0;0;0;0;0;0;0;0;Regular Season;0;0;0;0;0;0;0;0;0;0
56572;2029;1;27;Scotiabank Centre;0;121;119;0;0;0;0;0;0;0;0;0;0;0;0;;;;0;0;0;0;0;0;0;0;0;0;0;0;0;0;0;0;0;0;0;0;0;0;0;0;Regular Season;0;0;0;0;0;0;0;0;0;0
56573;2029;1;27;GFL Memorial Gardens;0;106;115;0;0;0;0;0;0;0;0;0;0;0;0;;;;0;0;0;0;0;0;0;0;0;0;0;0;0;0;0;0;0;0;0;0;0;0;0;0;Regular Season;0;0;0;0;0;0;0;0;0;0
56574;2029;1;27;Centre Georges-Vézina;0;116;120;0;0;0;0;0;0;0;0;0;0;0;0;;;;0;0;0;0;0;0;0;0;0;0;0;0;0;0;0;0;0;0;0;0;0;0;0;0;Regular Season;0;0;0;0;0;0;0;0;0;0
56575;2029;1;27;Aréna IAMGOLD;0;110;117;0;0;0;0;0;0;0;0;0;0;0;0;;;;0;0;0;0;0;0;0;0;0;0;0;0;0;0;0;0;0;0;0;0;0;0;0;0;Regular Season;0;0;0;0;0;0;0;0;0;0
56576;2029;1;27;Centre Air Creebec;0;111;112;0;0;0;0;0;0;0;0;0;0;0;0;;;;0;0;0;0;0;0;0;0;0;0;0;0;0;0;0;0;0;0;0;0;0;0;0;0;Regular Season;0;0;0;0;0;0;0;0;0;0
56577;2029;1;27;WFCU Centre;0;107;105;0;0;0;0;0;0;0;0;0;0;0;0;;;;0;0;0;0;0;0;0;0;0;0;0;0;0;0;0;0;0;0;0;0;0;0;0;0;Regular Season;0;0;0;0;0;0;0;0;0;0
56578;2029;1;27;Colisée Desjardins;0;113;114;0;0;0;0;0;0;0;0;0;0;0;0;;;;0;0;0;0;0;0;0;0;0;0;0;0;0;0;0;0;0;0;0;0;0;0;0;0;Regular Season;0;0;0;0;0;0;0;0;0;0
56579;2029;1;29;K. C. Irving Regional Centre;0;119;120;0;0;0;0;0;0;0;0;0;0;0;0;;;;0;0;0;0;0;0;0;0;0;0;0;0;0;0;0;0;0;0;0;0;0;0;0;0;Regular Season;0;0;0;0;0;0;0;0;0;0
56580;2029;1;30;Colisée Desjardins;0;113;107;0;0;0;0;0;0;0;0;0;0;0;0;;;;0;0;0;0;0;0;0;0;0;0;0;0;0;0;0;0;0;0;0;0;0;0;0;0;Regular Season;0;0;0;0;0;0;0;0;0;0
56581;2029;1;30;Würth Arena Egna;0;122;116;0;0;0;0;0;0;0;0;0;0;0;0;;;;0;0;0;0;0;0;0;0;0;0;0;0;0;0;0;0;0;0;0;0;0;0;0;0;Regular Season;0;0;0;0;0;0;0;0;0;0
56582;2029;1;30;GFL Memorial Gardens;0;106;118;0;0;0;0;0;0;0;0;0;0;0;0;;;;0;0;0;0;0;0;0;0;0;0;0;0;0;0;0;0;0;0;0;0;0;0;0;0;Regular Season;0;0;0;0;0;0;0;0;0;0
56583;2029;1;31;Centre Henry-Léonard;0;115;111;0;0;0;0;0;0;0;0;0;0;0;0;;;;0;0;0;0;0;0;0;0;0;0;0;0;0;0;0;0;0;0;0;0;0;0;0;0;Regular Season;0;0;0;0;0;0;0;0;0;0
56584;2029;1;31;Centre Videotron;0;117;121;0;0;0;0;0;0;0;0;0;0;0;0;;;;0;0;0;0;0;0;0;0;0;0;0;0;0;0;0;0;0;0;0;0;0;0;0;0;Regular Season;0;0;0;0;0;0;0;0;0;0
56585;2029;1;31;Progressive Auto Sales Arena;0;105;110;0;0;0;0;0;0;0;0;0;0;0;0;;;;0;0;0;0;0;0;0;0;0;0;0;0;0;0;0;0;0;0;0;0;0;0;0;0;Regular Season;0;0;0;0;0;0;0;0;0;0
56586;2029;1;31;Centre d'excellence Sports Rousseau;0;109;118;0;0;0;0;0;0;0;0;0;0;0;0;;;;0;0;0;0;0;0;0;0;0;0;0;0;0;0;0;0;0;0;0;0;0;0;0;0;Regular Season;0;0;0;0;0;0;0;0;0;0
56587;2029;2;1;Progressive Auto Sales Arena;0;105;119;0;0;0;0;0;0;0;0;0;0;0;0;;;;0;0;0;0;0;0;0;0;0;0;0;0;0;0;0;0;0;0;0;0;0;0;0;0;Regular Season;0;0;0;0;0;0;0;0;0;0
56588;2029;2;1;Aréna IAMGOLD;0;110;108;0;0;0;0;0;0;0;0;0;0;0;0;;;;0;0;0;0;0;0;0;0;0;0;0;0;0;0;0;0;0;0;0;0;0;0;0;0;Regular Season;0;0;0;0;0;0;0;0;0;0
56589;2029;2;1;Centre Videotron;0;117;121;0;0;0;0;0;0;0;0;0;0;0;0;;;;0;0;0;0;0;0;0;0;0;0;0;0;0;0;0;0;0;0;0;0;0;0;0;0;Regular Season;0;0;0;0;0;0;0;0;0;0
56590;2029;2;1;Centre Gervais Auto;0;114;116;0;0;0;0;0;0;0;0;0;0;0;0;;;;0;0;0;0;0;0;0;0;0;0;0;0;0;0;0;0;0;0;0;0;0;0;0;0;Regular Season;0;0;0;0;0;0;0;0;0;0
56591;2029;2;1;Centre 200;0;120;112;0;0;0;0;0;0;0;0;0;0;0;0;;;;0;0;0;0;0;0;0;0;0;0;0;0;0;0;0;0;0;0;0;0;0;0;0;0;Regular Season;0;0;0;0;0;0;0;0;0;0
56592;2029;2;1;Centre Air Creebec;0;111;113;0;0;0;0;0;0;0;0;0;0;0;0;;;;0;0;0;0;0;0;0;0;0;0;0;0;0;0;0;0;0;0;0;0;0;0;0;0;Regular Season;0;0;0;0;0;0;0;0;0;0
56593;2029;2;2;Centre Robert-Guertin;0;108;119;0;0;0;0;0;0;0;0;0;0;0;0;;;;0;0;0;0;0;0;0;0;0;0;0;0;0;0;0;0;0;0;0;0;0;0;0;0;Regular Season;0;0;0;0;0;0;0;0;0;0
56594;2029;2;2;Aréna IAMGOLD;0;110;116;0;0;0;0;0;0;0;0;0;0;0;0;;;;0;0;0;0;0;0;0;0;0;0;0;0;0;0;0;0;0;0;0;0;0;0;0;0;Regular Season;0;0;0;0;0;0;0;0;0;0
56595;2029;2;2;WFCU Centre;0;107;109;0;0;0;0;0;0;0;0;0;0;0;0;;;;0;0;0;0;0;0;0;0;0;0;0;0;0;0;0;0;0;0;0;0;0;0;0;0;Regular Season;0;0;0;0;0;0;0;0;0;0
56596;2029;2;2;Würth Arena Egna;0;122;118;0;0;0;0;0;0;0;0;0;0;0;0;;;;0;0;0;0;0;0;0;0;0;0;0;0;0;0;0;0;0;0;0;0;0;0;0;0;Regular Season;0;0;0;0;0;0;0;0;0;0
56597;2029;2;2;Centre Henry-Léonard;0;115;113;0;0;0;0;0;0;0;0;0;0;0;0;;;;0;0;0;0;0;0;0;0;0;0;0;0;0;0;0;0;0;0;0;0;0;0;0;0;Regular Season;0;0;0;0;0;0;0;0;0;0
56598;2029;2;2;Centre Gervais Auto;0;114;106;0;0;0;0;0;0;0;0;0;0;0;0;;;;0;0;0;0;0;0;0;0;0;0;0;0;0;0;0;0;0;0;0;0;0;0;0;0;Regular Season;0;0;0;0;0;0;0;0;0;0
56599;2029;2;3;WFCU Centre;0;107;119;0;0;0;0;0;0;0;0;0;0;0;0;;;;0;0;0;0;0;0;0;0;0;0;0;0;0;0;0;0;0;0;0;0;0;0;0;0;Regular Season;0;0;0;0;0;0;0;0;0;0
56600;2029;2;3;Centre Air Creebec;0;111;115;0;0;0;0;0;0;0;0;0;0;0;0;;;;0;0;0;0;0;0;0;0;0;0;0;0;0;0;0;0;0;0;0;0;0;0;0;0;Regular Season;0;0;0;0;0;0;0;0;0;0
56601;2029;2;3;Centre 200;0;120;117;0;0;0;0;0;0;0;0;0;0;0;0;;;;0;0;0;0;0;0;0;0;0;0;0;0;0;0;0;0;0;0;0;0;0;0;0;0;Regular Season;0;0;0;0;0;0;0;0;0;0
56602;2029;2;3;Scotiabank Centre;0;121;112;0;0;0;0;0;0;0;0;0;0;0;0;;;;0;0;0;0;0;0;0;0;0;0;0;0;0;0;0;0;0;0;0;0;0;0;0;0;Regular Season;0;0;0;0;0;0;0;0;0;0
56603;2029;2;3;Progressive Auto Sales Arena;0;105;109;0;0;0;0;0;0;0;0;0;0;0;0;;;;0;0;0;0;0;0;0;0;0;0;0;0;0;0;0;0;0;0;0;0;0;0;0;0;Regular Season;0;0;0;0;0;0;0;0;0;0
56604;2029;2;3;Centre Robert-Guertin;0;108;106;0;0;0;0;0;0;0;0;0;0;0;0;;;;0;0;0;0;0;0;0;0;0;0;0;0;0;0;0;0;0;0;0;0;0;0;0;0;Regular Season;0;0;0;0;0;0;0;0;0;0
56605;2029;2;6;Centre Robert-Guertin;0;108;111;0;0;0;0;0;0;0;0;0;0;0;0;;;;0;0;0;0;0;0;0;0;0;0;0;0;0;0;0;0;0;0;0;0;0;0;0;0;Regular Season;0;0;0;0;0;0;0;0;0;0
56606;2029;2;6;Würth Arena Egna;0;122;121;0;0;0;0;0;0;0;0;0;0;0;0;;;;0;0;0;0;0;0;0;0;0;0;0;0;0;0;0;0;0;0;0;0;0;0;0;0;Regular Season;0;0;0;0;0;0;0;0;0;0
56607;2029;2;6;Colisée Financière Sun Life;0;118;116;0;0;0;0;0;0;0;0;0;0;0;0;;;;0;0;0;0;0;0;0;0;0;0;0;0;0;0;0;0;0;0;0;0;0;0;0;0;Regular Season;0;0;0;0;0;0;0;0;0;0
56608;2029;2;6;Centre Henry-Léonard;0;115;110;0;0;0;0;0;0;0;0;0;0;0;0;;;;0;0;0;0;0;0;0;0;0;0;0;0;0;0;0;0;0;0;0;0;0;0;0;0;Regular Season;0;0;0;0;0;0;0;0;0;0
56609;2029;2;6;Centre d'excellence Sports Rousseau;0;109;114;0;0;0;0;0;0;0;0;0;0;0;0;;;;0;0;0;0;0;0;0;0;0;0;0;0;0;0;0;0;0;0;0;0;0;0;0;0;Regular Season;0;0;0;0;0;0;0;0;0;0
56610;2029;2;7;WFCU Centre;0;107;120;0;0;0;0;0;0;0;0;0;0;0;0;;;;0;0;0;0;0;0;0;0;0;0;0;0;0;0;0;0;0;0;0;0;0;0;0;0;Regular Season;0;0;0;0;0;0;0;0;0;0
56611;2029;2;7;K. C. Irving Regional Centre;0;119;117;0;0;0;0;0;0;0;0;0;0;0;0;;;;0;0;0;0;0;0;0;0;0;0;0;0;0;0;0;0;0;0;0;0;0;0;0;0;Regular Season;0;0;0;0;0;0;0;0;0;0
56612;2029;2;7;GFL Memorial Gardens;0;106;114;0;0;0;0;0;0;0;0;0;0;0;0;;;;0;0;0;0;0;0;0;0;0;0;0;0;0;0;0;0;0;0;0;0;0;0;0;0;Regular Season;0;0;0;0;0;0;0;0;0;0
56613;2029;2;7;Würth Arena Egna;0;122;114;0;0;0;0;0;0;0;0;0;0;0;0;;;;0;0;0;0;0;0;0;0;0;0;0;0;0;0;0;0;0;0;0;0;0;0;0;0;Regular Season;0;0;0;0;0;0;0;0;0;0
56614;2029;2;8;Colisée Desjardins;0;113;120;0;0;0;0;0;0;0;0;0;0;0;0;;;;0;0;0;0;0;0;0;0;0;0;0;0;0;0;0;0;0;0;0;0;0;0;0;0;Regular Season;0;0;0;0;0;0;0;0;0;0
56615;2029;2;8;WFCU Centre;0;107;121;0;0;0;0;0;0;0;0;0;0;0;0;;;;0;0;0;0;0;0;0;0;0;0;0;0;0;0;0;0;0;0;0;0;0;0;0;0;Regular Season;0;0;0;0;0;0;0;0;0;0
56616;2029;2;8;K. C. Irving Regional Centre;0;119;116;0;0;0;0;0;0;0;0;0;0;0;0;;;;0;0;0;0;0;0;0;0;0;0;0;0;0;0;0;0;0;0;0;0;0;0;0;0;Regular Season;0;0;0;0;0;0;0;0;0;0
56617;2029;2;8;Centre Air Creebec;0;111;110;0;0;0;0;0;0;0;0;0;0;0;0;;;;0;0;0;0;0;0;0;0;0;0;0;0;0;0;0;0;0;0;0;0;0;0;0;0;Regular Season;0;0;0;0;0;0;0;0;0;0
56618;2029;2;8;Centre Videotron;0;117;118;0;0;0;0;0;0;0;0;0;0;0;0;;;;0;0;0;0;0;0;0;0;0;0;0;0;0;0;0;0;0;0;0;0;0;0;0;0;Regular Season;0;0;0;0;0;0;0;0;0;0
56619;2029;2;8;Centre Robert-Guertin;0;108;105;0;0;0;0;0;0;0;0;0;0;0;0;;;;0;0;0;0;0;0;0;0;0;0;0;0;0;0;0;0;0;0;0;0;0;0;0;0;Regular Season;0;0;0;0;0;0;0;0;0;0
56620;2029;2;9;Centre Marcel-Dionne;0;112;115;0;0;0;0;0;0;0;0;0;0;0;0;;;;0;0;0;0;0;0;0;0;0;0;0;0;0;0;0;0;0;0;0;0;0;0;0;0;Regular Season;0;0;0;0;0;0;0;0;0;0
56621;2029;2;9;Centre Robert-Guertin;0;108;120;0;0;0;0;0;0;0;0;0;0;0;0;;;;0;0;0;0;0;0;0;0;0;0;0;0;0;0;0;0;0;0;0;0;0;0;0;0;Regular Season;0;0;0;0;0;0;0;0;0;0
56622;2029;2;9;Colisée Desjardins;0;113;121;0;0;0;0;0;0;0;0;0;0;0;0;;;;0;0;0;0;0;0;0;0;0;0;0;0;0;0;0;0;0;0;0;0;0;0;0;0;Regular Season;0;0;0;0;0;0;0;0;0;0
56623;2029;2;9;Centre Videotron;0;117;116;0;0;0;0;0;0;0;0;0;0;0;0;;;;0;0;0;0;0;0;0;0;0;0;0;0;0;0;0;0;0;0;0;0;0;0;0;0;Regular Season;0;0;0;0;0;0;0;0;0;0
56624;2029;2;9;Centre Gervais Auto;0;114;105;0;0;0;0;0;0;0;0;0;0;0;0;;;;0;0;0;0;0;0;0;0;0;0;0;0;0;0;0;0;0;0;0;0;0;0;0;0;Regular Season;0;0;0;0;0;0;0;0;0;0
56625;2029;2;10;Centre Robert-Guertin;0;108;122;0;0;0;0;0;0;0;0;0;0;0;0;;;;0;0;0;0;0;0;0;0;0;0;0;0;0;0;0;0;0;0;0;0;0;0;0;0;Regular Season;0;0;0;0;0;0;0;0;0;0
56626;2029;2;10;Centre Marcel-Dionne;0;112;115;0;0;0;0;0;0;0;0;0;0;0;0;;;;0;0;0;0;0;0;0;0;0;0;0;0;0;0;0;0;0;0;0;0;0;0;0;0;Regular Season;0;0;0;0;0;0;0;0;0;0
56627;2029;2;10;GFL Memorial Gardens;0;106;109;0;0;0;0;0;0;0;0;0;0;0;0;;;;0;0;0;0;0;0;0;0;0;0;0;0;0;0;0;0;0;0;0;0;0;0;0;0;Regular Season;0;0;0;0;0;0;0;0;0;0
56628;2029;2;12;Aréna IAMGOLD;0;110;107;0;0;0;0;0;0;0;0;0;0;0;0;;;;0;0;0;0;0;0;0;0;0;0;0;0;0;0;0;0;0;0;0;0;0;0;0;0;Regular Season;0;0;0;0;0;0;0;0;0;0
56629;2029;2;13;GFL Memorial Gardens;0;106;120;0;0;0;0;0;0;0;0;0;0;0;0;;;;0;0;0;0;0;0;0;0;0;0;0;0;0;0;0;0;0;0;0;0;0;0;0;0;Regular Season;0;0;0;0;0;0;0;0;0;0
56630;2029;2;14;Centre d'excellence Sports Rousseau;0;109;120;0;0;0;0;0;0;0;0;0;0;0;0;;;;0;0;0;0;0;0;0;0;0;0;0;0;0;0;0;0;0;0;0;0;0;0;0;0;Regular Season;0;0;0;0;0;0;0;0;0;0
56631;2029;2;14;Centre Georges-Vézina;0;116;117;0;0;0;0;0;0;0;0;0;0;0;0;;;;0;0;0;0;0;0;0;0;0;0;0;0;0;0;0;0;0;0;0;0;0;0;0;0;Regular Season;0;0;0;0;0;0;0;0;0;0
56632;2029;2;14;Centre Marcel-Dionne;0;112;110;0;0;0;0;0;0;0;0;0;0;0;0;;;;0;0;0;0;0;0;0;0;0;0;0;0;0;0;0;0;0;0;0;0;0;0;0;0;Regular Season;0;0;0;0;0;0;0;0;0;0
56633;2029;2;15;Scotiabank Centre;0;121;119;0;0;0;0;0;0;0;0;0;0;0;0;;;;0;0;0;0;0;0;0;0;0;0;0;0;0;0;0;0;0;0;0;0;0;0;0;0;Regular Season;0;0;0;0;0;0;0;0;0;0
56634;2029;2;15;Centre Gervais Auto;0;114;115;0;0;0;0;0;0;0;0;0;0;0;0;;;;0;0;0;0;0;0;0;0;0;0;0;0;0;0;0;0;0;0;0;0;0;0;0;0;Regular Season;0;0;0;0;0;0;0;0;0;0
56635;2029;2;15;Centre Marcel-Dionne;0;112;108;0;0;0;0;0;0;0;0;0;0;0;0;;;;0;0;0;0;0;0;0;0;0;0;0;0;0;0;0;0;0;0;0;0;0;0;0;0;Regular Season;0;0;0;0;0;0;0;0;0;0
56636;2029;2;15;Centre d'excellence Sports Rousseau;0;109;111;0;0;0;0;0;0;0;0;0;0;0;0;;;;0;0;0;0;0;0;0;0;0;0;0;0;0;0;0;0;0;0;0;0;0;0;0;0;Regular Season;0;0;0;0;0;0;0;0;0;0
56637;2029;2;15;Colisée Desjardins;0;113;107;0;0;0;0;0;0;0;0;0;0;0;0;;;;0;0;0;0;0;0;0;0;0;0;0;0;0;0;0;0;0;0;0;0;0;0;0;0;Regular Season;0;0;0;0;0;0;0;0;0;0
56638;2029;2;15;Colisée Financière Sun Life;0;118;105;0;0;0;0;0;0;0;0;0;0;0;0;;;;0;0;0;0;0;0;0;0;0;0;0;0;0;0;0;0;0;0;0;0;0;0;0;0;Regular Season;0;0;0;0;0;0;0;0;0;0
56639;2029;2;16;WFCU Centre;0;107;115;0;0;0;0;0;0;0;0;0;0;0;0;;;;0;0;0;0;0;0;0;0;0;0;0;0;0;0;0;0;0;0;0;0;0;0;0;0;Regular Season;0;0;0;0;0;0;0;0;0;0
56640;2029;2;16;Würth Arena Egna;0;122;120;0;0;0;0;0;0;0;0;0;0;0;0;;;;0;0;0;0;0;0;0;0;0;0;0;0;0;0;0;0;0;0;0;0;0;0;0;0;Regular Season;0;0;0;0;0;0;0;0;0;0
56641;2029;2;16;Colisée Financière Sun Life;0;118;117;0;0;0;0;0;0;0;0;0;0;0;0;;;;0;0;0;0;0;0;0;0;0;0;0;0;0;0;0;0;0;0;0;0;0;0;0;0;Regular Season;0;0;0;0;0;0;0;0;0;0
56642;2029;2;16;GFL Memorial Gardens;0;106;111;0;0;0;0;0;0;0;0;0;0;0;0;;;;0;0;0;0;0;0;0;0;0;0;0;0;0;0;0;0;0;0;0;0;0;0;0;0;Regular Season;0;0;0;0;0;0;0;0;0;0
56643;2029;2;16;Centre Georges-Vézina;0;116;105;0;0;0;0;0;0;0;0;0;0;0;0;;;;0;0;0;0;0;0;0;0;0;0;0;0;0;0;0;0;0;0;0;0;0;0;0;0;Regular Season;0;0;0;0;0;0;0;0;0;0
56644;2029;2;16;Colisée Desjardins;0;113;114;0;0;0;0;0;0;0;0;0;0;0;0;;;;0;0;0;0;0;0;0;0;0;0;0;0;0;0;0;0;0;0;0;0;0;0;0;0;Regular Season;0;0;0;0;0;0;0;0;0;0
56645;2029;2;17;GFL Memorial Gardens;0;106;111;0;0;0;0;0;0;0;0;0;0;0;0;;;;0;0;0;0;0;0;0;0;0;0;0;0;0;0;0;0;0;0;0;0;0;0;0;0;Regular Season;0;0;0;0;0;0;0;0;0;0
56646;2029;2;17;Centre Georges-Vézina;0;116;121;0;0;0;0;0;0;0;0;0;0;0;0;;;;0;0;0;0;0;0;0;0;0;0;0;0;0;0;0;0;0;0;0;0;0;0;0;0;Regular Season;0;0;0;0;0;0;0;0;0;0
56647;2029;2;17;Centre Robert-Guertin;0;108;110;0;0;0;0;0;0;0;0;0;0;0;0;;;;0;0;0;0;0;0;0;0;0;0;0;0;0;0;0;0;0;0;0;0;0;0;0;0;Regular Season;0;0;0;0;0;0;0;0;0;0
56648;2029;2;17;Centre Gervais Auto;0;114;112;0;0;0;0;0;0;0;0;0;0;0;0;;;;0;0;0;0;0;0;0;0;0;0;0;0;0;0;0;0;0;0;0;0;0;0;0;0;Regular Season;0;0;0;0;0;0;0;0;0;0
56649;2029;2;17;Würth Arena Egna;0;122;109;0;0;0;0;0;0;0;0;0;0;0;0;;;;0;0;0;0;0;0;0;0;0;0;0;0;0;0;0;0;0;0;0;0;0;0;0;0;Regular Season;0;0;0;0;0;0;0;0;0;0
56650;2029;2;17;K. C. Irving Regional Centre;0;119;105;0;0;0;0;0;0;0;0;0;0;0;0;;;;0;0;0;0;0;0;0;0;0;0;0;0;0;0;0;0;0;0;0;0;0;0;0;0;Regular Season;0;0;0;0;0;0;0;0;0;0
56651;2029;2;18;Colisée Financière Sun Life;0;118;117;0;0;0;0;0;0;0;0;0;0;0;0;;;;0;0;0;0;0;0;0;0;0;0;0;0;0;0;0;0;0;0;0;0;0;0;0;0;Regular Season;0;0;0;0;0;0;0;0;0;0
56652;2029;2;18;Scotiabank Centre;0;121;116;0;0;0;0;0;0;0;0;0;0;0;0;;;;0;0;0;0;0;0;0;0;0;0;0;0;0;0;0;0;0;0;0;0;0;0;0;0;Regular Season;0;0;0;0;0;0;0;0;0;0
56653;2029;2;20;Centre d'excellence Sports Rousseau;0;109;108;0;0;0;0;0;0;0;0;0;0;0;0;;;;0;0;0;0;0;0;0;0;0;0;0;0;0;0;0;0;0;0;0;0;0;0;0;0;Regular Season;0;0;0;0;0;0;0;0;0;0
56654;2029;2;21;GFL Memorial Gardens;0;106;108;0;0;0;0;0;0;0;0;0;0;0;0;;;;0;0;0;0;0;0;0;0;0;0;0;0;0;0;0;0;0;0;0;0;0;0;0;0;Regular Season;0;0;0;0;0;0;0;0;0;0
56655;2029;2;21;Centre Air Creebec;0;111;122;0;0;0;0;0;0;0;0;0;0;0;0;;;;0;0;0;0;0;0;0;0;0;0;0;0;0;0;0;0;0;0;0;0;0;0;0;0;Regular Season;0;0;0;0;0;0;0;0;0;0
56656;2029;2;21;Aréna IAMGOLD;0;110;114;0;0;0;0;0;0;0;0;0;0;0;0;;;;0;0;0;0;0;0;0;0;0;0;0;0;0;0;0;0;0;0;0;0;0;0;0;0;Regular Season;0;0;0;0;0;0;0;0;0;0
56657;2029;2;22;Centre Air Creebec;0;111;122;0;0;0;0;0;0;0;0;0;0;0;0;;;;0;0;0;0;0;0;0;0;0;0;0;0;0;0;0;0;0;0;0;0;0;0;0;0;Regular Season;0;0;0;0;0;0;0;0;0;0
56658;2029;2;22;Centre Gervais Auto;0;114;121;0;0;0;0;0;0;0;0;0;0;0;0;;;;0;0;0;0;0;0;0;0;0;0;0;0;0;0;0;0;0;0;0;0;0;0;0;0;Regular Season;0;0;0;0;0;0;0;0;0;0
56659;2029;2;22;K. C. Irving Regional Centre;0;119;116;0;0;0;0;0;0;0;0;0;0;0;0;;;;0;0;0;0;0;0;0;0;0;0;0;0;0;0;0;0;0;0;0;0;0;0;0;0;Regular Season;0;0;0;0;0;0;0;0;0;0
56660;2029;2;22;WFCU Centre;0;107;110;0;0;0;0;0;0;0;0;0;0;0;0;;;;0;0;0;0;0;0;0;0;0;0;0;0;0;0;0;0;0;0;0;0;0;0;0;0;Regular Season;0;0;0;0;0;0;0;0;0;0
56661;2029;2;22;Centre Henry-Léonard;0;115;112;0;0;0;0;0;0;0;0;0;0;0;0;;;;0;0;0;0;0;0;0;0;0;0;0;0;0;0;0;0;0;0;0;0;0;0;0;0;Regular Season;0;0;0;0;0;0;0;0;0;0
56662;2029;2;22;Centre Videotron;0;117;113;0;0;0;0;0;0;0;0;0;0;0;0;;;;0;0;0;0;0;0;0;0;0;0;0;0;0;0;0;0;0;0;0;0;0;0;0;0;Regular Season;0;0;0;0;0;0;0;0;0;0
56663;2029;2;23;Progressive Auto Sales Arena;0;105;121;0;0;0;0;0;0;0;0;0;0;0;0;;;;0;0;0;0;0;0;0;0;0;0;0;0;0;0;0;0;0;0;0;0;0;0;0;0;Regular Season;0;0;0;0;0;0;0;0;0;0
56664;2029;2;23;Centre Henry-Léonard;0;115;112;0;0;0;0;0;0;0;0;0;0;0;0;;;;0;0;0;0;0;0;0;0;0;0;0;0;0;0;0;0;0;0;0;0;0;0;0;0;Regular Season;0;0;0;0;0;0;0;0;0;0
56665;2029;2;23;Centre Robert-Guertin;0;108;109;0;0;0;0;0;0;0;0;0;0;0;0;;;;0;0;0;0;0;0;0;0;0;0;0;0;0;0;0;0;0;0;0;0;0;0;0;0;Regular Season;0;0;0;0;0;0;0;0;0;0
56666;2029;2;23;Centre 200;0;120;118;0;0;0;0;0;0;0;0;0;0;0;0;;;;0;0;0;0;0;0;0;0;0;0;0;0;0;0;0;0;0;0;0;0;0;0;0;0;Regular Season;0;0;0;0;0;0;0;0;0;0
56667;2029;2;23;K. C. Irving Regional Centre;0;119;113;0;0;0;0;0;0;0;0;0;0;0;0;;;;0;0;0;0;0;0;0;0;0;0;0;0;0;0;0;0;0;0;0;0;0;0;0;0;Regular Season;0;0;0;0;0;0;0;0;0;0
56668;2029;2;23;WFCU Centre;0;107;106;0;0;0;0;0;0;0;0;0;0;0;0;;;;0;0;0;0;0;0;0;0;0;0;0;0;0;0;0;0;0;0;0;0;0;0;0;0;Regular Season;0;0;0;0;0;0;0;0;0;0
56669;2029;2;24;Centre Videotron;0;117;119;0;0;0;0;0;0;0;0;0;0;0;0;;;;0;0;0;0;0;0;0;0;0;0;0;0;0;0;0;0;0;0;0;0;0;0;0;0;Regular Season;0;0;0;0;0;0;0;0;0;0
56670;2029;2;24;Centre Gervais Auto;0;114;107;0;0;0;0;0;0;0;0;0;0;0;0;;;;0;0;0;0;0;0;0;0;0;0;0;0;0;0;0;0;0;0;0;0;0;0;0;0;Regular Season;0;0;0;0;0;0;0;0;0;0
56671;2029;2;24;Aréna IAMGOLD;0;110;121;0;0;0;0;0;0;0;0;0;0;0;0;;;;0;0;0;0;0;0;0;0;0;0;0;0;0;0;0;0;0;0;0;0;0;0;0;0;Regular Season;0;0;0;0;0;0;0;0;0;0
56672;2029;2;24;Centre Air Creebec;0;111;112;0;0;0;0;0;0;0;0;0;0;0;0;;;;0;0;0;0;0;0;0;0;0;0;0;0;0;0;0;0;0;0;0;0;0;0;0;0;Regular Season;0;0;0;0;0;0;0;0;0;0
56673;2029;2;24;Würth Arena Egna;0;122;109;0;0;0;0;0;0;0;0;0;0;0;0;;;;0;0;0;0;0;0;0;0;0;0;0;0;0;0;0;0;0;0;0;0;0;0;0;0;Regular Season;0;0;0;0;0;0;0;0;0;0
56674;2029;2;24;Centre 200;0;120;118;0;0;0;0;0;0;0;0;0;0;0;0;;;;0;0;0;0;0;0;0;0;0;0;0;0;0;0;0;0;0;0;0;0;0;0;0;0;Regular Season;0;0;0;0;0;0;0;0;0;0
56675;2029;2;24;Centre Georges-Vézina;0;116;113;0;0;0;0;0;0;0;0;0;0;0;0;;;;0;0;0;0;0;0;0;0;0;0;0;0;0;0;0;0;0;0;0;0;0;0;0;0;Regular Season;0;0;0;0;0;0;0;0;0;0
56676;2029;2;24;Progressive Auto Sales Arena;0;105;106;0;0;0;0;0;0;0;0;0;0;0;0;;;;0;0;0;0;0;0;0;0;0;0;0;0;0;0;0;0;0;0;0;0;0;0;0;0;Regular Season;0;0;0;0;0;0;0;0;0;0
56677;2029;2;27;Centre Marcel-Dionne;0;112;116;0;0;0;0;0;0;0;0;0;0;0;0;;;;0;0;0;0;0;0;0;0;0;0;0;0;0;0;0;0;0;0;0;0;0;0;0;0;Regular Season;0;0;0;0;0;0;0;0;0;0
56678;2029;2;28;Centre 200;0;120;119;0;0;0;0;0;0;0;0;0;0;0;0;;;;0;0;0;0;0;0;0;0;0;0;0;0;0;0;0;0;0;0;0;0;0;0;0;0;Regular Season;0;0;0;0;0;0;0;0;0;0
56679;2029;2;28;WFCU Centre;0;107;117;0;0;0;0;0;0;0;0;0;0;0;0;;;;0;0;0;0;0;0;0;0;0;0;0;0;0;0;0;0;0;0;0;0;0;0;0;0;Regular Season;0;0;0;0;0;0;0;0;0;0
56680;2029;2;28;Scotiabank Centre;0;121;118;0;0;0;0;0;0;0;0;0;0;0;0;;;;0;0;0;0;0;0;0;0;0;0;0;0;0;0;0;0;0;0;0;0;0;0;0;0;Regular Season;0;0;0;0;0;0;0;0;0;0
56681;2029;2;28;Centre d'excellence Sports Rousseau;0;109;106;0;0;0;0;0;0;0;0;0;0;0;0;;;;0;0;0;0;0;0;0;0;0;0;0;0;0;0;0;0;0;0;0;0;0;0;0;0;Regular Season;0;0;0;0;0;0;0;0;0;0
56682;2029;3;1;Progressive Auto Sales Arena;0;105;117;0;0;0;0;0;0;0;0;0;0;0;0;;;;0;0;0;0;0;0;0;0;0;0;0;0;0;0;0;0;0;0;0;0;0;0;0;0;Regular Season;0;0;0;0;0;0;0;0;0;0
56683;2029;3;1;Centre Robert-Guertin;0;108;107;0;0;0;0;0;0;0;0;0;0;0;0;;;;0;0;0;0;0;0;0;0;0;0;0;0;0;0;0;0;0;0;0;0;0;0;0;0;Regular Season;0;0;0;0;0;0;0;0;0;0
56684;2029;3;1;Centre Marcel-Dionne;0;112;122;0;0;0;0;0;0;0;0;0;0;0;0;;;;0;0;0;0;0;0;0;0;0;0;0;0;0;0;0;0;0;0;0;0;0;0;0;0;Regular Season;0;0;0;0;0;0;0;0;0;0
56685;2029;3;1;Centre Henry-Léonard;0;115;116;0;0;0;0;0;0;0;0;0;0;0;0;;;;0;0;0;0;0;0;0;0;0;0;0;0;0;0;0;0;0;0;0;0;0;0;0;0;Regular Season;0;0;0;0;0;0;0;0;0;0
56686;2029;3;1;Colisée Desjardins;0;113;110;0;0;0;0;0;0;0;0;0;0;0;0;;;;0;0;0;0;0;0;0;0;0;0;0;0;0;0;0;0;0;0;0;0;0;0;0;0;Regular Season;0;0;0;0;0;0;0;0;0;0
56687;2029;3;1;GFL Memorial Gardens;0;106;114;0;0;0;0;0;0;0;0;0;0;0;0;;;;0;0;0;0;0;0;0;0;0;0;0;0;0;0;0;0;0;0;0;0;0;0;0;0;Regular Season;0;0;0;0;0;0;0;0;0;0
56688;2029;3;2;Scotiabank Centre;0;121;120;0;0;0;0;0;0;0;0;0;0;0;0;;;;0;0;0;0;0;0;0;0;0;0;0;0;0;0;0;0;0;0;0;0;0;0;0;0;Regular Season;0;0;0;0;0;0;0;0;0;0
56689;2029;3;2;Colisée Desjardins;0;113;117;0;0;0;0;0;0;0;0;0;0;0;0;;;;0;0;0;0;0;0;0;0;0;0;0;0;0;0;0;0;0;0;0;0;0;0;0;0;Regular Season;0;0;0;0;0;0;0;0;0;0
56690;2029;3;2;Centre Marcel-Dionne;0;112;122;0;0;0;0;0;0;0;0;0;0;0;0;;;;0;0;0;0;0;0;0;0;0;0;0;0;0;0;0;0;0;0;0;0;0;0;0;0;Regular Season;0;0;0;0;0;0;0;0;0;0
56691;2029;3;2;Centre Air Creebec;0;111;116;0;0;0;0;0;0;0;0;0;0;0;0;;;;0;0;0;0;0;0;0;0;0;0;0;0;0;0;0;0;0;0;0;0;0;0;0;0;Regular Season;0;0;0;0;0;0;0;0;0;0
56692;2029;3;2;Progressive Auto Sales Arena;0;105;110;0;0;0;0;0;0;0;0;0;0;0;0;;;;0;0;0;0;0;0;0;0;0;0;0;0;0;0;0;0;0;0;0;0;0;0;0;0;Regular Season;0;0;0;0;0;0;0;0;0;0
56693;2029;3;2;K. C. Irving Regional Centre;0;119;118;0;0;0;0;0;0;0;0;0;0;0;0;;;;0;0;0;0;0;0;0;0;0;0;0;0;0;0;0;0;0;0;0;0;0;0;0;0;Regular Season;0;0;0;0;0;0;0;0;0;0
56694;2029;3;2;Centre d'excellence Sports Rousseau;0;109;114;0;0;0;0;0;0;0;0;0;0;0;0;;;;0;0;0;0;0;0;0;0;0;0;0;0;0;0;0;0;0;0;0;0;0;0;0;0;Regular Season;0;0;0;0;0;0;0;0;0;0
56695;2029;3;3;WFCU Centre;0;107;108;0;0;0;0;0;0;0;0;0;0;0;0;;;;0;0;0;0;0;0;0;0;0;0;0;0;0;0;0;0;0;0;0;0;0;0;0;0;Regular Season;0;0;0;0;0;0;0;0;0;0
56696;2029;3;3;Colisée Financière Sun Life;0;118;120;0;0;0;0;0;0;0;0;0;0;0;0;;;;0;0;0;0;0;0;0;0;0;0;0;0;0;0;0;0;0;0;0;0;0;0;0;0;Regular Season;0;0;0;0;0;0;0;0;0;0
56697;2029;3;3;Centre Henry-Léonard;0;115;111;0;0;0;0;0;0;0;0;0;0;0;0;;;;0;0;0;0;0;0;0;0;0;0;0;0;0;0;0;0;0;0;0;0;0;0;0;0;Regular Season;0;0;0;0;0;0;0;0;0;0
56698;2029;3;3;Centre d'excellence Sports Rousseau;0;109;106;0;0;0;0;0;0;0;0;0;0;0;0;;;;0;0;0;0;0;0;0;0;0;0;0;0;0;0;0;0;0;0;0;0;0;0;0;0;Regular Season;0;0;0;0;0;0;0;0;0;0
56699;2029;3;5;Aréna IAMGOLD;0;110;115;0;0;0;0;0;0;0;0;0;0;0;0;;;;0;0;0;0;0;0;0;0;0;0;0;0;0;0;0;0;0;0;0;0;0;0;0;0;Regular Season;0;0;0;0;0;0;0;0;0;0
56700;2029;3;5;Colisée Financière Sun Life;0;118;120;0;0;0;0;0;0;0;0;0;0;0;0;;;;0;0;0;0;0;0;0;0;0;0;0;0;0;0;0;0;0;0;0;0;0;0;0;0;Regular Season;0;0;0;0;0;0;0;0;0;0
56701;2029;3;6;Centre Gervais Auto;0;114;107;0;0;0;0;0;0;0;0;0;0;0;0;;;;0;0;0;0;0;0;0;0;0;0;0;0;0;0;0;0;0;0;0;0;0;0;0;0;Regular Season;0;0;0;0;0;0;0;0;0;0
56702;2029;3;6;Aréna IAMGOLD;0;110;109;0;0;0;0;0;0;0;0;0;0;0;0;;;;0;0;0;0;0;0;0;0;0;0;0;0;0;0;0;0;0;0;0;0;0;0;0;0;Regular Season;0;0;0;0;0;0;0;0;0;0
56703;2029;3;7;Würth Arena Egna;0;122;111;0;0;0;0;0;0;0;0;0;0;0;0;;;;0;0;0;0;0;0;0;0;0;0;0;0;0;0;0;0;0;0;0;0;0;0;0;0;Regular Season;0;0;0;0;0;0;0;0;0;0
56704;2029;3;7;K. C. Irving Regional Centre;0;119;121;0;0;0;0;0;0;0;0;0;0;0;0;;;;0;0;0;0;0;0;0;0;0;0;0;0;0;0;0;0;0;0;0;0;0;0;0;0;Regular Season;0;0;0;0;0;0;0;0;0;0
56705;2029;3;7;Progressive Auto Sales Arena;0;105;112;0;0;0;0;0;0;0;0;0;0;0;0;;;;0;0;0;0;0;0;0;0;0;0;0;0;0;0;0;0;0;0;0;0;0;0;0;0;Regular Season;0;0;0;0;0;0;0;0;0;0
56706;2029;3;7;Centre Robert-Guertin;0;108;113;0;0;0;0;0;0;0;0;0;0;0;0;;;;0;0;0;0;0;0;0;0;0;0;0;0;0;0;0;0;0;0;0;0;0;0;0;0;Regular Season;0;0;0;0;0;0;0;0;0;0
56707;2029;3;8;Centre 200;0;120;117;0;0;0;0;0;0;0;0;0;0;0;0;;;;0;0;0;0;0;0;0;0;0;0;0;0;0;0;0;0;0;0;0;0;0;0;0;0;Regular Season;0;0;0;0;0;0;0;0;0;0
56708;2029;3;8;Würth Arena Egna;0;122;111;0;0;0;0;0;0;0;0;0;0;0;0;;;;0;0;0;0;0;0;0;0;0;0;0;0;0;0;0;0;0;0;0;0;0;0;0;0;Regular Season;0;0;0;0;0;0;0;0;0;0
56709;2029;3;8;K. C. Irving Regional Centre;0;119;121;0;0;0;0;0;0;0;0;0;0;0;0;;;;0;0;0;0;0;0;0;0;0;0;0;0;0;0;0;0;0;0;0;0;0;0;0;0;Regular Season;0;0;0;0;0;0;0;0;0;0
56710;2029;3;8;WFCU Centre;0;107;112;0;0;0;0;0;0;0;0;0;0;0;0;;;;0;0;0;0;0;0;0;0;0;0;0;0;0;0;0;0;0;0;0;0;0;0;0;0;Regular Season;0;0;0;0;0;0;0;0;0;0
56711;2029;3;8;Aréna IAMGOLD;0;110;109;0;0;0;0;0;0;0;0;0;0;0;0;;;;0;0;0;0;0;0;0;0;0;0;0;0;0;0;0;0;0;0;0;0;0;0;0;0;Regular Season;0;0;0;0;0;0;0;0;0;0
56712;2029;3;8;Centre Georges-Vézina;0;116;118;0;0;0;0;0;0;0;0;0;0;0;0;;;;0;0;0;0;0;0;0;0;0;0;0;0;0;0;0;0;0;0;0;0;0;0;0;0;Regular Season;0;0;0;0;0;0;0;0;0;0
56713;2029;3;8;Centre Gervais Auto;0;114;113;0;0;0;0;0;0;0;0;0;0;0;0;;;;0;0;0;0;0;0;0;0;0;0;0;0;0;0;0;0;0;0;0;0;0;0;0;0;Regular Season;0;0;0;0;0;0;0;0;0;0
56714;2029;3;8;Centre Henry-Léonard;0;115;106;0;0;0;0;0;0;0;0;0;0;0;0;;;;0;0;0;0;0;0;0;0;0;0;0;0;0;0;0;0;0;0;0;0;0;0;0;0;Regular Season;0;0;0;0;0;0;0;0;0;0
56715;2029;3;9;Colisée Desjardins;0;113;108;0;0;0;0;0;0;0;0;0;0;0;0;;;;0;0;0;0;0;0;0;0;0;0;0;0;0;0;0;0;0;0;0;0;0;0;0;0;Regular Season;0;0;0;0;0;0;0;0;0;0
56716;2029;3;9;Centre 200;0;120;117;0;0;0;0;0;0;0;0;0;0;0;0;;;;0;0;0;0;0;0;0;0;0;0;0;0;0;0;0;0;0;0;0;0;0;0;0;0;Regular Season;0;0;0;0;0;0;0;0;0;0
56717;2029;3;9;WFCU Centre;0;107;105;0;0;0;0;0;0;0;0;0;0;0;0;;;;0;0;0;0;0;0;0;0;0;0;0;0;0;0;0;0;0;0;0;0;0;0;0;0;Regular Season;0;0;0;0;0;0;0;0;0;0
56718;2029;3;9;Centre Henry-Léonard;0;115;106;0;0;0;0;0;0;0;0;0;0;0;0;;;;0;0;0;0;0;0;0;0;0;0;0;0;0;0;0;0;0;0;0;0;0;0;0;0;Regular Season;0;0;0;0;0;0;0;0;0;0
56719;2029;3;10;Centre Gervais Auto;0;114;108;0;0;0;0;0;0;0;0;0;0;0;0;;;;0;0;0;0;0;0;0;0;0;0;0;0;0;0;0;0;0;0;0;0;0;0;0;0;Regular Season;0;0;0;0;0;0;0;0;0;0
56720;2029;3;10;Centre Georges-Vézina;0;116;121;0;0;0;0;0;0;0;0;0;0;0;0;;;;0;0;0;0;0;0;0;0;0;0;0;0;0;0;0;0;0;0;0;0;0;0;0;0;Regular Season;0;0;0;0;0;0;0;0;0;0
56721;2029;3;10;Centre Marcel-Dionne;0;112;109;0;0;0;0;0;0;0;0;0;0;0;0;;;;0;0;0;0;0;0;0;0;0;0;0;0;0;0;0;0;0;0;0;0;0;0;0;0;Regular Season;0;0;0;0;0;0;0;0;0;0
56722;2029;3;10;K. C. Irving Regional Centre;0;119;118;0;0;0;0;0;0;0;0;0;0;0;0;;;;0;0;0;0;0;0;0;0;0;0;0;0;0;0;0;0;0;0;0;0;0;0;0;0;Regular Season;0;0;0;0;0;0;0;0;0;0
56723;2029;3;10;Würth Arena Egna;0;122;105;0;0;0;0;0;0;0;0;0;0;0;0;;;;0;0;0;0;0;0;0;0;0;0;0;0;0;0;0;0;0;0;0;0;0;0;0;0;Regular Season;0;0;0;0;0;0;0;0;0;0
56724;2029;3;10;Centre Air Creebec;0;111;106;0;0;0;0;0;0;0;0;0;0;0;0;;;;0;0;0;0;0;0;0;0;0;0;0;0;0;0;0;0;0;0;0;0;0;0;0;0;Regular Season;0;0;0;0;0;0;0;0;0;0
56725;2029;3;12;Centre Videotron;0;117;118;0;0;0;0;0;0;0;0;0;0;0;0;;;;0;0;0;0;0;0;0;0;0;0;0;0;0;0;0;0;0;0;0;0;0;0;0;0;Regular Season;0;0;0;0;0;0;0;0;0;0
56726;2029;3;13;Scotiabank Centre;0;121;119;0;0;0;0;0;0;0;0;0;0;0;0;;;;0;0;0;0;0;0;0;0;0;0;0;0;0;0;0;0;0;0;0;0;0;0;0;0;Regular Season;0;0;0;0;0;0;0;0;0;0
56727;2029;3;13;Progressive Auto Sales Arena;0;105;115;0;0;0;0;0;0;0;0;0;0;0;0;;;;0;0;0;0;0;0;0;0;0;0;0;0;0;0;0;0;0;0;0;0;0;0;0;0;Regular Season;0;0;0;0;0;0;0;0;0;0
56728;2029;3;13;Aréna IAMGOLD;0;110;108;0;0;0;0;0;0;0;0;0;0;0;0;;;;0;0;0;0;0;0;0;0;0;0;0;0;0;0;0;0;0;0;0;0;0;0;0;0;Regular Season;0;0;0;0;0;0;0;0;0;0
56729;2029;3;13;Centre Videotron;0;117;120;0;0;0;0;0;0;0;0;0;0;0;0;;;;0;0;0;0;0;0;0;0;0;0;0;0;0;0;0;0;0;0;0;0;0;0;0;0;Regular Season;0;0;0;0;0;0;0;0;0;0
56730;2029;3;13;Würth Arena Egna;0;122;107;0;0;0;0;0;0;0;0;0;0;0;0;;;;0;0;0;0;0;0;0;0;0;0;0;0;0;0;0;0;0;0;0;0;0;0;0;0;Regular Season;0;0;0;0;0;0;0;0;0;0
56731;2029;3;14;Colisée Desjardins;0;113;114;0;0;0;0;0;0;0;0;0;0;0;0;;;;0;0;0;0;0;0;0;0;0;0;0;0;0;0;0;0;0;0;0;0;0;0;0;0;Regular Season;0;0;0;0;0;0;0;0;0;0
56732;2029;3;15;Centre 200;0;120;119;0;0;0;0;0;0;0;0;0;0;0;0;;;;0;0;0;0;0;0;0;0;0;0;0;0;0;0;0;0;0;0;0;0;0;0;0;0;Regular Season;0;0;0;0;0;0;0;0;0;0
56733;2029;3;15;Centre Robert-Guertin;0;108;115;0;0;0;0;0;0;0;0;0;0;0;0;;;;0;0;0;0;0;0;0;0;0;0;0;0;0;0;0;0;0;0;0;0;0;0;0;0;Regular Season;0;0;0;0;0;0;0;0;0;0
56734;2029;3;15;Centre Georges-Vézina;0;116;117;0;0;0;0;0;0;0;0;0;0;0;0;;;;0;0;0;0;0;0;0;0;0;0;0;0;0;0;0;0;0;0;0;0;0;0;0;0;Regular Season;0;0;0;0;0;0;0;0;0;0
56735;2029;3;15;GFL Memorial Gardens;0;106;107;0;0;0;0;0;0;0;0;0;0;0;0;;;;0;0;0;0;0;0;0;0;0;0;0;0;0;0;0;0;0;0;0;0;0;0;0;0;Regular Season;0;0;0;0;0;0;0;0;0;0
56736;2029;3;15;Colisée Desjardins;0;113;122;0;0;0;0;0;0;0;0;0;0;0;0;;;;0;0;0;0;0;0;0;0;0;0;0;0;0;0;0;0;0;0;0;0;0;0;0;0;Regular Season;0;0;0;0;0;0;0;0;0;0
56737;2029;3;15;Colisée Financière Sun Life;0;118;121;0;0;0;0;0;0;0;0;0;0;0;0;;;;0;0;0;0;0;0;0;0;0;0;0;0;0;0;0;0;0;0;0;0;0;0;0;0;Regular Season;0;0;0;0;0;0;0;0;0;0
56738;2029;3;15;Centre Gervais Auto;0;114;110;0;0;0;0;0;0;0;0;0;0;0;0;;;;0;0;0;0;0;0;0;0;0;0;0;0;0;0;0;0;0;0;0;0;0;0;0;0;Regular Season;0;0;0;0;0;0;0;0;0;0
56739;2029;3;15;Centre Air Creebec;0;111;112;0;0;0;0;0;0;0;0;0;0;0;0;;;;0;0;0;0;0;0;0;0;0;0;0;0;0;0;0;0;0;0;0;0;0;0;0;0;Regular Season;0;0;0;0;0;0;0;0;0;0
56740;2029;3;15;Centre d'excellence Sports Rousseau;0;109;105;0;0;0;0;0;0;0;0;0;0;0;0;;;;0;0;0;0;0;0;0;0;0;0;0;0;0;0;0;0;0;0;0;0;0;0;0;0;Regular Season;0;0;0;0;0;0;0;0;0;0
56741;2029;3;16;Centre 200;0;120;119;0;0;0;0;0;0;0;0;0;0;0;0;;;;0;0;0;0;0;0;0;0;0;0;0;0;0;0;0;0;0;0;0;0;0;0;0;0;Regular Season;0;0;0;0;0;0;0;0;0;0
56742;2029;3;16;Centre Robert-Guertin;0;108;115;0;0;0;0;0;0;0;0;0;0;0;0;;;;0;0;0;0;0;0;0;0;0;0;0;0;0;0;0;0;0;0;0;0;0;0;0;0;Regular Season;0;0;0;0;0;0;0;0;0;0
56743;2029;3;16;Centre d'excellence Sports Rousseau;0;109;107;0;0;0;0;0;0;0;0;0;0;0;0;;;;0;0;0;0;0;0;0;0;0;0;0;0;0;0;0;0;0;0;0;0;0;0;0;0;Regular Season;0;0;0;0;0;0;0;0;0;0
56744;2029;3;16;GFL Memorial Gardens;0;106;105;0;0;0;0;0;0;0;0;0;0;0;0;;;;0;0;0;0;0;0;0;0;0;0;0;0;0;0;0;0;0;0;0;0;0;0;0;0;Regular Season;0;0;0;0;0;0;0;0;0;0
56745;2029;3;17;Colisée Financière Sun Life;0;118;117;0;0;0;0;0;0;0;0;0;0;0;0;;;;0;0;0;0;0;0;0;0;0;0;0;0;0;0;0;0;0;0;0;0;0;0;0;0;Regular Season;0;0;0;0;0;0;0;0;0;0
56746;2029;3;17;Aréna IAMGOLD;0;110;111;0;0;0;0;0;0;0;0;0;0;0;0;;;;0;0;0;0;0;0;0;0;0;0;0;0;0;0;0;0;0;0;0;0;0;0;0;0;Regular Season;0;0;0;0;0;0;0;0;0;0
56747;2029;3;17;Scotiabank Centre;0;121;116;0;0;0;0;0;0;0;0;0;0;0;0;;;;0;0;0;0;0;0;0;0;0;0;0;0;0;0;0;0;0;0;0;0;0;0;0;0;Regular Season;0;0;0;0;0;0;0;0;0;0
56748;2029;3;17;Würth Arena Egna;0;122;113;0;0;0;0;0;0;0;0;0;0;0;0;;;;0;0;0;0;0;0;0;0;0;0;0;0;0;0;0;0;0;0;0;0;0;0;0;0;Regular Season;0;0;0;0;0;0;0;0;0;0
56749;2029;3;17;Centre Marcel-Dionne;0;112;114;0;0;0;0;0;0;0;0;0;0;0;0;;;;0;0;0;0;0;0;0;0;0;0;0;0;0;0;0;0;0;0;0;0;0;0;0;0;Regular Season;0;0;0;0;0;0;0;0;0;0
56750;2029;3;19;Centre d'excellence Sports Rousseau;0;109;106;0;0;0;0;0;0;0;0;0;0;0;0;;;;0;0;0;0;0;0;0;0;0;0;0;0;0;0;0;0;0;0;0;0;0;0;0;0;Regular Season;0;0;0;0;0;0;0;0;0;0
56751;2029;3;20;Progressive Auto Sales Arena;0;105;122;0;0;0;0;0;0;0;0;0;0;0;0;;;;0;0;0;0;0;0;0;0;0;0;0;0;0;0;0;0;0;0;0;0;0;0;0;0;Regular Season;0;0;0;0;0;0;0;0;0;0
56752;2029;3;20;Colisée Desjardins;0;113;110;0;0;0;0;0;0;0;0;0;0;0;0;;;;0;0;0;0;0;0;0;0;0;0;0;0;0;0;0;0;0;0;0;0;0;0;0;0;Regular Season;0;0;0;0;0;0;0;0;0;0
56753;2029;3;20;Centre Georges-Vézina;0;116;118;0;0;0;0;0;0;0;0;0;0;0;0;;;;0;0;0;0;0;0;0;0;0;0;0;0;0;0;0;0;0;0;0;0;0;0;0;0;Regular Season;0;0;0;0;0;0;0;0;0;0
56754;2029;3;20;WFCU Centre;0;107;114;0;0;0;0;0;0;0;0;0;0;0;0;;;;0;0;0;0;0;0;0;0;0;0;0;0;0;0;0;0;0;0;0;0;0;0;0;0;Regular Season;0;0;0;0;0;0;0;0;0;0
56755;2029;3;21;Würth Arena Egna;0;122;108;0;0;0;0;0;0;0;0;0;0;0;0;;;;0;0;0;0;0;0;0;0;0;0;0;0;0;0;0;0;0;0;0;0;0;0;0;0;Regular Season;0;0;0;0;0;0;0;0;0;0
56756;2029;3;22;Scotiabank Centre;0;121;120;0;0;0;0;0;0;0;0;0;0;0;0;;;;0;0;0;0;0;0;0;0;0;0;0;0;0;0;0;0;0;0;0;0;0;0;0;0;Regular Season;0;0;0;0;0;0;0;0;0;0
56757;2029;3;22;Centre Henry-Léonard;0;115;111;0;0;0;0;0;0;0;0;0;0;0;0;;;;0;0;0;0;0;0;0;0;0;0;0;0;0;0;0;0;0;0;0;0;0;0;0;0;Regular Season;0;0;0;0;0;0;0;0;0;0
56758;2029;3;22;K. C. Irving Regional Centre;0;119;116;0;0;0;0;0;0;0;0;0;0;0;0;;;;0;0;0;0;0;0;0;0;0;0;0;0;0;0;0;0;0;0;0;0;0;0;0;0;Regular Season;0;0;0;0;0;0;0;0;0;0
56759;2029;3;22;Aréna IAMGOLD;0;110;112;0;0;0;0;0;0;0;0;0;0;0;0;;;;0;0;0;0;0;0;0;0;0;0;0;0;0;0;0;0;0;0;0;0;0;0;0;0;Regular Season;0;0;0;0;0;0;0;0;0;0
56760;2029;3;22;Centre Videotron;0;117;118;0;0;0;0;0;0;0;0;0;0;0;0;;;;0;0;0;0;0;0;0;0;0;0;0;0;0;0;0;0;0;0;0;0;0;0;0;0;Regular Season;0;0;0;0;0;0;0;0;0;0
56761;2029;3;22;WFCU Centre;0;107;113;0;0;0;0;0;0;0;0;0;0;0;0;;;;0;0;0;0;0;0;0;0;0;0;0;0;0;0;0;0;0;0;0;0;0;0;0;0;Regular Season;0;0;0;0;0;0;0;0;0;0
56762;2029;3;22;Progressive Auto Sales Arena;0;105;114;0;0;0;0;0;0;0;0;0;0;0;0;;;;0;0;0;0;0;0;0;0;0;0;0;0;0;0;0;0;0;0;0;0;0;0;0;0;Regular Season;0;0;0;0;0;0;0;0;0;0
56763;2029;3;23;Colisée Financière Sun Life;0;118;119;0;0;0;0;0;0;0;0;0;0;0;0;;;;0;0;0;0;0;0;0;0;0;0;0;0;0;0;0;0;0;0;0;0;0;0;0;0;Regular Season;0;0;0;0;0;0;0;0;0;0
56764;2029;3;23;Centre Air Creebec;0;111;115;0;0;0;0;0;0;0;0;0;0;0;0;;;;0;0;0;0;0;0;0;0;0;0;0;0;0;0;0;0;0;0;0;0;0;0;0;0;Regular Season;0;0;0;0;0;0;0;0;0;0
56765;2029;3;23;Centre Georges-Vézina;0;116;120;0;0;0;0;0;0;0;0;0;0;0;0;;;;0;0;0;0;0;0;0;0;0;0;0;0;0;0;0;0;0;0;0;0;0;0;0;0;Regular Season;0;0;0;0;0;0;0;0;0;0
56766;2029;3;23;Scotiabank Centre;0;121;117;0;0;0;0;0;0;0;0;0;0;0;0;;;;0;0;0;0;0;0;0;0;0;0;0;0;0;0;0;0;0;0;0;0;0;0;0;0;Regular Season;0;0;0;0;0;0;0;0;0;0
56767;2029;3;23;Colisée Desjardins;0;113;107;0;0;0;0;0;0;0;0;0;0;0;0;;;;0;0;0;0;0;0;0;0;0;0;0;0;0;0;0;0;0;0;0;0;0;0;0;0;Regular Season;0;0;0;0;0;0;0;0;0;0
56768;2029;3;23;Centre Robert-Guertin;0;108;122;0;0;0;0;0;0;0;0;0;0;0;0;;;;0;0;0;0;0;0;0;0;0;0;0;0;0;0;0;0;0;0;0;0;0;0;0;0;Regular Season;0;0;0;0;0;0;0;0;0;0
56769;2029;3;23;Centre Marcel-Dionne;0;112;110;0;0;0;0;0;0;0;0;0;0;0;0;;;;0;0;0;0;0;0;0;0;0;0;0;0;0;0;0;0;0;0;0;0;0;0;0;0;Regular Season;0;0;0;0;0;0;0;0;0;0
56770;2029;3;23;GFL Memorial Gardens;0;106;109;0;0;0;0;0;0;0;0;0;0;0;0;;;;0;0;0;0;0;0;0;0;0;0;0;0;0;0;0;0;0;0;0;0;0;0;0;0;Regular Season;0;0;0;0;0;0;0;0;0;0
56771;2029;3;23;Centre Gervais Auto;0;114;105;0;0;0;0;0;0;0;0;0;0;0;0;;;;0;0;0;0;0;0;0;0;0;0;0;0;0;0;0;0;0;0;0;0;0;0;0;0;Regular Season;0;0;0;0;0;0;0;0;0;0
56773;2028;9;6;Würth Arena Egna;488;122;120;3;8;2;0;1;0;0;4;2;2;0;0;7523;6992;7548;43;116;28;26;15;13;4;8;6;5;37;43;7;4;3;0;34;20;23;0;2;3;1;4;Pre-Season;10;11;14;6;2;10;60;18;20;8
56775;2028;9;6;K. C. Irving Regional Centre;1812;119;111;5;6;2;1;2;0;0;2;4;0;0;0;8618;7414;9424;62;64;27;25;15;17;5;3;8;2;36;33;16;6;13;0;6;23;8;0;2;5;2;6;Pre-Season;8;31;17;5;1;7;28;14;11;4
56777;2028;9;6;Centre Gervais Auto;2681;114;117;2;4;1;0;1;0;0;0;2;2;0;0;7033;8024;6948;61;75;31;20;21;6;4;8;5;7;25;28;14;10;8;0;11;13;15;0;1;5;2;5;Pre-Season;10;22;18;10;1;12;30;16;14;3
56779;2028;9;6;Centre d'excellence Sports Rousseau;1290;109;112;5;4;0;2;2;0;1;0;1;3;0;0;7513;7038;8093;62;54;20;18;21;14;3;5;7;2;36;36;7;14;9;0;12;8;12;0;0;4;2;5;Pre-Season;17;18;13;14;4;8;23;12;14;1
56781;2028;9;6;GFL Memorial Gardens;2148;106;115;3;6;1;2;0;0;0;3;2;1;0;0;8066;8003;7449;54;74;19;26;12;11;5;2;6;6;25;38;10;13;11;0;14;11;12;0;0;3;1;3;Pre-Season;3;28;9;12;2;11;31;14;15;3
56783;2028;9;6;Centre Georges-Vézina;1465;116;118;7;2;2;3;2;0;0;1;0;1;0;0;6957;7536;7422;84;54;42;46;21;23;4;3;1;7;46;34;13;22;20;0;13;7;5;0;4;8;1;6;Pre-Season;3;46;11;18;6;10;20;15;9;0
56785;2028;9;6;Aréna IAMGOLD;1378;110;121;4;1;1;0;3;0;0;1;0;0;0;0;9358;7032;7584;92;47;14;16;23;16;4;9;4;5;50;29;22;6;27;0;4;5;5;0;0;3;0;2;Pre-Season;7;41;20;22;2;18;9;15;4;1
56787;2028;9;6;Progressive Auto Sales Arena;2050;105;107;3;1;2;1;0;0;0;0;0;1;0;0;7456;7453;8084;72;58;15;26;15;13;6;4;5;7;41;20;18;12;7;0;6;14;6;0;2;4;0;5;Pre-Season;13;30;14;12;3;12;22;14;6;4
56789;2028;9;6;Centre Robert-Guertin;1385;108;113;3;4;1;0;2;0;0;1;0;2;0;1;7980;7470;7015;59;85;15;17;20;15;5;3;5;4;37;37;14;8;9;1;18;10;13;1;2;6;1;5;Pre-Season;11;27;8;16;0;18;35;21;10;4
56791;2028;9;7;Scotiabank Centre;4790;121;108;2;4;0;2;0;0;0;2;0;2;0;0;7470;8145;8649;54;74;16;16;10;15;2;8;4;10;29;32;3;13;6;0;12;18;15;0;1;3;0;3;Pre-Season;8;23;13;6;4;11;30;18;11;4
56793;2028;9;7;Centre Marcel-Dionne;1329;112;122;11;1;2;2;7;0;0;0;0;1;0;0;8010;9444;9342;75;40;9;15;17;14;0;4;6;7;24;48;9;10;27;0;6;5;5;0;2;5;1;2;Pre-Season;9;23;19;14;10;11;11;10;4;4
56795;2028;9;7;K. C. Irving Regional Centre;1914;119;106;1;4;1;0;0;0;0;1;2;1;0;0;7010;8549;9447;67;63;20;24;19;19;3;2;3;3;33;32;10;8;14;0;16;11;6;0;0;7;1;5;Pre-Season;14;29;8;11;5;8;29;16;8;2
56797;2028;9;7;Centre 200;2375;120;116;4;5;1;1;2;0;0;1;1;2;0;1;9360;7445;7492;49;77;17;21;24;14;4;6;2;2;36;35;14;7;6;0;13;11;12;2;2;8;2;6;Pre-Season;13;16;11;10;2;13;45;15;4;3
56799;2028;9;7;Centre Videotron;7623;117;105;8;3;2;2;4;0;0;2;0;1;0;0;8046;7051;7998;80;45;27;13;26;15;9;3;2;6;45;39;27;10;18;0;5;2;7;0;1;4;1;6;Pre-Season;7;34;18;14;7;16;18;7;4;0
56801;2028;9;7;Centre d'excellence Sports Rousseau;1380;109;110;2;4;1;0;1;0;0;2;1;1;0;0;7036;9320;7542;58;55;11;11;8;15;3;4;2;2;31;38;13;8;13;0;12;11;7;0;0;3;2;3;Pre-Season;8;27;15;6;2;10;29;8;6;2
56803;2028;9;7;Colisée Desjardins;958;113;114;1;4;0;0;1;0;0;2;1;1;0;0;8733;7990;6930;65;54;24;26;15;14;6;4;3;6;49;31;10;12;8;0;11;6;9;0;0;3;1;2;Pre-Season;10;18;17;14;6;12;27;10;3;2
56805;2028;9;7;Centre Henry-Léonard;1087;115;107;4;3;1;1;2;0;0;0;0;3;0;0;9425;7503;8003;68;57;11;17;11;21;3;3;3;2;36;28;12;20;8;0;2;12;11;0;1;6;0;3;Pre-Season;2;34;19;11;2;15;23;9;7;3
56807;2028;9;7;Centre Air Creebec;982;111;118;4;6;3;0;1;0;0;3;2;1;0;0;8635;8085;7018;77;62;21;21;17;18;5;7;2;8;37;32;19;8;5;0;15;7;11;0;0;3;2;3;Pre-Season;13;38;15;7;4;6;24;17;11;4
56809;2028;9;9;GFL Memorial Gardens;2323;106;119;1;4;1;0;0;0;0;2;2;0;0;0;6950;9338;8532;49;47;12;10;15;13;4;3;9;5;24;26;9;3;4;0;8;9;6;0;0;0;0;1;Pre-Season;7;25;9;7;1;5;21;7;9;5
56811;2028;9;9;WFCU Centre;3102;107;115;3;2;1;1;1;0;0;1;0;1;0;0;9097;7988;9432;64;52;13;41;22;20;6;4;5;4;23;43;13;14;11;0;12;8;7;0;1;8;0;4;Pre-Season;8;27;11;16;2;10;26;9;6;1
56813;2028;9;9;Aréna IAMGOLD;1449;110;120;4;1;3;1;0;0;0;0;1;0;0;0;7542;8564;8068;77;67;6;4;11;18;4;9;4;9;31;26;14;6;15;0;8;20;7;0;0;2;1;3;Pre-Season;14;36;8;14;5;11;34;13;7;2
56815;2028;9;9;Würth Arena Egna;512;122;111;0;7;0;0;0;0;0;5;1;1;0;0;8085;8618;7518;53;79;25;17;16;13;5;3;1;1;39;22;9;5;11;0;13;11;16;0;0;1;0;5;Pre-Season;12;24;9;6;2;8;37;16;15;3
56817;2028;9;9;Progressive Auto Sales Arena;2106;105;109;1;8;0;1;0;0;0;2;3;3;0;0;7553;8162;8030;67;69;34;32;24;13;4;8;4;6;47;51;7;10;2;0;8;20;22;0;1;6;4;7;Pre-Season;13;25;15;12;2;3;31;14;20;1
56819;2028;9;9;Centre Gervais Auto;2882;114;112;5;1;1;3;1;0;0;0;1;0;0;0;7424;9361;7438;51;65;47;28;25;13;3;3;9;5;35;40;5;11;10;0;20;9;13;0;1;4;0;7;Pre-Season;11;22;8;8;2;3;36;13;8;5
56821;2028;9;9;Colisée Desjardins;1005;113;117;3;1;1;1;1;0;0;0;0;1;0;0;7457;7478;7512;61;75;13;15;19;6;2;5;8;5;31;35;7;9;10;0;6;16;30;0;1;5;0;4;Pre-Season;19;23;12;4;3;4;36;21;12;2
56823;2028;9;9;Centre Georges-Vézina;1648;116;121;9;2;4;1;4;0;0;2;0;0;0;0;7483;7536;7492;100;49;20;36;18;13;7;7;8;3;43;32;22;15;31;0;7;4;3;0;4;8;0;5;Pre-Season;5;46;23;22;4;11;17;15;5;1
56825;2028;9;9;Colisée Financière Sun Life;2050;118;108;4;3;2;2;0;0;0;0;3;0;0;0;9343;7004;9305;76;51;20;32;19;12;2;7;3;7;34;25;14;17;16;0;3;9;1;0;1;6;1;5;Pre-Season;7;40;14;11;4;14;21;11;4;1
56827;2028;9;10;Centre Robert-Guertin;1339;108;112;4;2;2;0;2;0;0;0;1;1;0;0;9418;8067;7470;64;61;30;34;17;19;2;2;7;1;48;42;7;19;12;0;12;12;9;0;2;7;1;5;Pre-Season;10;25;12;14;3;7;24;13;13;4
56829;2028;9;10;Centre d'excellence Sports Rousseau;1302;109;106;3;4;0;2;1;0;0;1;2;1;0;0;9447;8035;8042;54;52;13;11;16;12;5;3;6;3;25;31;9;6;5;0;3;16;6;0;0;3;0;4;Pre-Season;9;26;12;6;1;8;25;10;7;2
56831;2028;9;10;Centre Air Creebec;932;111;114;6;1;0;2;4;0;0;1;0;0;0;0;9424;8529;6951;61;72;19;23;13;18;4;6;4;5;28;44;11;9;10;0;11;5;17;0;2;4;1;2;Pre-Season;14;27;9;9;2;6;35;18;11;2
56833;2028;9;10;Progressive Auto Sales Arena;2181;105;116;3;2;2;1;0;0;0;1;1;0;0;0;8619;7995;8014;66;113;11;9;13;14;9;7;5;4;29;41;6;7;5;0;27;20;26;0;0;2;0;3;Pre-Season;26;19;10;9;2;10;36;24;33;10
56835;2028;9;10;Centre 200;2347;120;117;4;3;2;0;1;0;1;1;2;0;0;0;8601;7478;8095;65;57;28;32;23;18;6;1;4;6;35;35;12;14;8;0;16;7;11;4;1;6;1;4;Pre-Season;15;26;16;12;3;16;30;8;8;2
56837;2028;9;10;K. C. Irving Regional Centre;1760;119;122;1;5;0;0;1;0;0;3;1;1;0;0;6983;9259;9130;55;60;23;23;20;10;6;0;2;6;41;43;8;12;8;0;13;7;18;0;0;4;2;4;Pre-Season;8;23;12;10;2;13;19;9;9;10
56839;2028;9;10;Aréna IAMGOLD;1360;110;107;7;3;3;3;1;0;0;2;1;0;0;0;7036;7539;7413;82;44;37;35;11;13;5;9;4;5;50;27;17;24;16;0;9;3;6;0;1;5;0;6;Pre-Season;3;35;22;17;5;7;20;10;3;4
56841;2028;9;10;Centre Henry-Léonard;1123;115;113;0;3;0;0;0;0;0;2;0;1;0;0;7015;9267;7545;52;81;22;20;17;9;3;4;5;3;21;30;10;4;5;0;12;18;23;0;0;5;2;6;Pre-Season;10;19;16;5;2;3;36;20;16;6
56843;2028;9;10;Scotiabank Centre;4978;121;118;0;4;0;0;0;0;0;1;1;2;0;0;8728;7973;7488;56;91;18;14;15;16;2;4;2;2;22;35;6;2;7;0;23;21;14;0;0;2;0;4;Pre-Season;15;25;8;8;0;7;47;19;15;3
56845;2028;9;12;GFL Memorial Gardens;2352;106;115;9;5;3;3;3;0;0;1;3;1;0;0;7010;8005;8042;70;55;18;10;12;18;5;6;4;5;28;36;10;12;21;0;5;16;4;0;2;5;0;4;Pre-Season;4;35;8;18;5;10;25;13;7;0
56847;2028;9;12;Centre Videotron;8877;117;110;6;5;1;2;2;0;1;3;0;2;0;0;7051;7036;7033;68;65;33;43;20;17;2;2;3;3;37;41;8;16;16;3;7;18;14;0;2;4;1;4;Pre-Season;13;30;13;15;1;14;27;15;12;1
56849;2028;9;12;Centre Marcel-Dionne;1197;112;113;6;5;0;6;0;0;0;0;1;4;0;0;8737;7965;7551;62;50;19;21;18;15;7;4;3;5;18;32;8;16;9;0;9;5;10;0;1;3;1;2;Pre-Season;4;25;12;18;3;8;21;9;8;4
56851;2028;9;12;Centre Gervais Auto;2869;114;122;9;1;5;1;3;0;0;1;0;0;0;0;8055;8733;7424;67;42;23;21;21;11;4;7;5;1;33;39;14;11;18;0;10;5;5;0;1;3;0;4;Pre-Season;7;34;16;7;3;4;19;9;8;2
56853;2028;9;12;Colisée Financière Sun Life;1877;118;111;6;5;3;1;2;0;0;3;1;1;0;0;9343;6951;9305;65;51;45;33;22;8;2;5;5;8;46;31;15;11;16;0;9;6;10;0;3;9;2;10;Pre-Season;5;31;16;12;1;9;22;11;8;1
56855;2028;9;12;Centre Georges-Vézina;1450;116;121;6;2;3;1;2;0;0;2;0;0;0;0;7536;6957;7483;99;57;30;30;18;16;4;5;4;6;50;29;15;15;25;0;10;3;2;0;2;5;2;5;Pre-Season;8;49;25;12;5;19;15;15;5;3
56857;2028;9;12;Centre d'excellence Sports Rousseau;1166;109;108;2;3;1;0;1;0;0;0;2;0;1;0;7004;7979;7470;54;71;11;9;12;32;1;9;5;7;35;34;8;7;11;0;7;18;6;8;0;2;0;3;Pre-Season;8;30;8;7;1;12;28;14;14;3
56859;2028;9;12;WFCU Centre;2639;107;105;1;4;0;1;0;0;0;2;2;0;0;0;8090;8149;9330;47;63;15;23;24;22;4;7;3;4;27;35;7;7;8;0;11;18;12;0;0;4;0;5;Pre-Season;9;16;15;4;3;7;28;11;12;5
56861;2028;9;12;Centre 200;2428;120;119;7;3;2;2;3;0;0;1;2;0;0;0;9335;7991;8078;58;50;17;17;23;15;1;5;2;4;33;27;9;9;11;0;9;7;9;0;1;6;0;6;Pre-Season;11;27;12;4;4;8;18;11;11;2
56863;2028;9;14;Aréna IAMGOLD;1432;110;117;7;2;2;2;3;0;0;1;0;1;0;0;7036;7452;9358;57;52;26;28;11;13;6;4;5;5;43;23;15;11;11;0;8;8;13;0;2;4;1;3;Pre-Season;5;21;14;10;7;5;26;11;8;2
56865;2028;9;14;Progressive Auto Sales Arena;2347;105;112;1;5;1;0;0;0;0;1;2;2;0;0;8737;8547;7981;40;70;16;31;20;17;5;5;2;5;33;35;5;9;3;0;13;11;10;0;0;4;0;3;Pre-Season;6;18;13;1;2;6;32;16;12;4
56867;2028;9;14;K. C. Irving Regional Centre;1814;119;118;1;7;0;1;0;0;0;3;3;1;0;0;9305;9343;7488;60;61;23;23;9;19;6;8;0;2;36;32;11;9;8;0;17;12;8;0;0;4;0;4;Pre-Season;12;24;17;6;1;4;32;10;11;4
56869;2028;9;14;Würth Arena Egna;473;122;120;4;5;1;0;3;0;0;2;2;1;0;0;7459;7537;8742;47;78;23;25;31;19;7;3;7;4;31;33;6;2;8;0;18;20;11;0;2;5;1;4;Pre-Season;12;15;10;7;3;4;39;17;16;2
56871;2028;9;14;Colisée Desjardins;950;113;106;6;5;3;2;0;0;1;2;2;1;0;0;7980;8005;9260;48;81;42;30;19;20;4;5;2;2;38;42;9;6;4;3;15;14;12;0;0;5;3;6;Pre-Season;13;15;14;7;2;17;41;11;11;3
56873;2028;9;14;Centre Robert-Guertin;1244;108;115;2;5;1;1;0;0;0;4;1;0;0;0;9404;7449;7461;69;57;44;30;13;9;4;4;5;5;32;36;11;21;13;0;14;4;7;0;0;5;2;7;Pre-Season;3;36;19;7;4;13;23;10;8;3
56875;2028;9;14;Centre Air Creebec;921;111;114;2;5;2;0;0;0;0;0;3;2;0;0;6930;8733;7424;61;80;36;22;17;18;6;5;7;3;31;43;11;5;4;0;16;18;15;0;0;1;2;3;Pre-Season;17;24;9;9;2;5;38;19;12;6
56877;2028;9;14;Scotiabank Centre;5077;121;116;1;2;1;0;0;0;0;1;1;0;0;0;9339;8145;7422;56;90;32;26;17;16;7;2;2;8;33;41;10;2;3;0;19;24;19;0;0;3;1;6;Pre-Season;24;17;9;4;2;3;43;15;20;9
56879;2028;9;14;Centre d'excellence Sports Rousseau;1167;109;107;6;3;3;2;1;0;0;2;0;1;0;0;8147;7540;8035;66;44;47;29;10;9;2;2;3;3;44;30;14;14;11;0;5;4;7;0;2;7;0;6;Pre-Season;12;29;11;11;3;8;22;8;5;1
56881;2028;9;15;WFCU Centre;2804;107;121;5;1;1;3;1;0;0;1;0;0;0;0;7503;7453;8163;47;57;11;11;12;10;7;6;5;7;33;30;8;8;6;0;10;8;13;0;1;3;0;3;Pre-Season;8;23;7;6;3;11;25;10;8;3
56883;2028;9;15;Centre Gervais Auto;2911;114;113;4;1;2;1;1;0;0;1;0;0;0;0;7990;8733;6930;71;60;32;42;22;16;2;9;4;7;31;35;10;10;13;0;10;3;9;0;1;6;0;6;Pre-Season;8;30;18;14;1;12;22;16;8;2
56885;2028;9;15;GFL Memorial Gardens;2554;106;110;6;5;3;1;2;0;0;2;3;0;0;0;8678;7036;7410;54;74;26;24;20;21;6;2;2;7;37;40;9;3;7;0;10;21;13;0;2;7;4;8;Pre-Season;10;18;16;8;2;11;31;20;11;1
56887;2028;9;15;Centre Videotron;7745;117;119;4;1;2;1;1;0;0;0;0;1;0;0;7033;8567;8046;68;50;25;19;12;11;6;3;3;2;30;30;17;11;14;0;6;8;8;0;2;7;1;5;Pre-Season;8;27;18;13;2;9;28;7;4;2
56889;2028;9;15;Centre Marcel-Dionne;1201;112;111;6;1;2;3;1;0;0;1;0;0;0;0;8737;7551;8070;56;54;36;28;18;13;1;1;8;4;32;24;10;4;8;0;20;2;4;0;1;4;0;3;Pre-Season;12;28;11;3;2;7;22;20;3;2
56891;2028;9;15;Centre Georges-Vézina;1662;116;115;4;0;1;0;3;0;0;0;0;0;0;0;9360;7967;7536;77;49;26;24;10;11;7;3;1;5;39;32;21;9;19;0;4;6;5;0;1;2;0;3;Pre-Season;9;29;19;16;4;11;21;11;3;3
56893;2028;9;15;Centre 200;2394;120;122;8;1;2;3;3;0;0;1;0;0;0;0;7495;9335;7484;82;46;23;21;9;15;6;3;6;6;36;30;10;14;34;0;6;5;3;0;0;3;0;4;Pre-Season;5;37;20;13;7;16;11;13;6;0
56895;2028;9;15;Centre Robert-Guertin;1410;108;105;7;1;3;3;1;0;0;1;0;0;0;0;6928;7473;7421;78;50;16;18;11;14;4;5;4;5;34;29;22;16;13;0;7;7;3;0;2;4;0;3;Pre-Season;3;42;17;13;3;15;14;10;9;2
56897;2028;9;15;Colisée Financière Sun Life;2131;118;109;2;5;1;0;1;0;0;2;2;1;0;0;7540;7513;8087;54;70;8;20;23;21;1;4;1;8;22;35;12;5;8;0;11;18;9;0;0;5;2;4;Pre-Season;10;26;12;6;0;12;27;20;10;1
63098;2028;10;4;LAS Arena;3866;137;142;1;4;1;0;0;0;0;1;1;2;0;0;6148;6897;6510;51;72;9;19;17;21;5;4;7;5;26;37;3;7;3;0;9;13;26;0;0;2;1;2;Regular Season;15;17;14;3;2;2;39;16;10;5
63072;2028;10;4;DLL Arena;3332;144;146;4;2;1;2;1;0;0;1;0;1;0;0;6240;7199;5378;69;43;16;4;19;7;4;6;7;5;40;25;16;17;9;0;7;5;3;0;0;2;0;3;Regular Season;3;33;18;12;3;14;14;6;8;1
63128;2028;10;4;JAC Arena;3841;149;151;1;4;0;1;0;0;0;1;0;3;0;0;6558;9461;5520;41;62;6;6;16;26;5;15;8;3;20;33;3;4;6;0;10;7;14;0;0;3;1;3;Regular Season;13;16;9;3;0;3;32;14;10;3
63972;2028;10;4;James Brown Arena;4623;127;130;7;6;1;3;2;0;1;3;1;2;0;0;2850;5689;6129;78;60;4;4;29;13;8;11;8;6;37;25;12;22;13;6;5;8;12;0;1;2;1;2;Regular Season;10;39;17;8;7;12;33;11;4;3
63080;2028;10;4;LOS Arena;3785;126;138;4;1;0;3;1;0;0;0;0;1;0;0;6348;5368;5447;53;54;16;16;27;13;8;4;8;9;35;31;5;15;5;0;3;11;11;0;1;3;0;3;Regular Season;9;20;14;5;5;7;26;12;8;1
63516;2028;10;4;Palau de Gel;3096;129;131;2;1;0;2;0;0;0;0;0;1;0;0;5763;3450;6198;51;62;4;4;28;15;5;1;2;4;25;28;4;9;7;0;16;10;14;0;0;2;0;2;Regular Season;12;20;11;8;0;4;29;13;14;2
63169;2028;10;4;HOU Arena;3361;140;136;4;5;0;3;1;0;0;2;1;2;0;0;5823;6599;6872;53;68;4;6;22;20;4;4;7;7;32;31;7;9;10;0;19;13;13;0;1;3;0;2;Regular Season;11;22;12;7;1;5;33;17;6;7
63068;2028;10;4;AUS Arena;3142;143;139;3;2;1;1;1;0;0;2;0;0;0;0;5374;5488;5665;63;46;10;6;18;19;1;6;9;6;27;30;9;16;9;0;13;11;5;0;0;3;0;5;Regular Season;8;32;6;14;3;5;27;9;5;0
63081;2028;10;5;Danbury Ice Arena;2402;151;129;1;2;1;0;0;0;0;1;0;1;0;0;3221;5627;5763;57;51;6;0;18;15;2;5;5;7;19;29;12;5;7;0;9;7;12;0;0;0;1;3;Regular Season;11;24;14;6;2;5;24;9;11;2
63093;2028;10;5;DLL Arena;3451;144;143;3;1;2;1;0;0;0;0;0;1;0;0;7047;5805;6741;65;45;9;11;22;24;12;4;10;5;37;21;31;6;9;0;11;2;7;0;1;3;0;2;Regular Season;4;34;12;11;4;12;16;9;7;1
63101;2028;10;5;COM Arena;3344;136;145;0;2;0;0;0;0;0;0;2;0;0;0;9331;6208;6839;45;56;12;8;9;23;8;5;6;9;22;30;11;10;3;0;10;9;12;0;0;4;1;6;Regular Season;6;22;10;6;1;10;27;10;9;0
63087;2028;10;5;POR Arena;3851;142;140;7;2;4;2;1;0;0;0;2;0;0;0;3347;5625;6043;69;41;6;4;17;16;4;6;8;3;31;28;18;18;11;0;5;12;2;0;0;2;0;3;Regular Season;5;38;10;9;7;10;17;7;5;2
63079;2028;10;5;TUC Arena;4499;132;147;4;2;2;1;1;0;0;1;1;0;0;0;3882;6152;6552;55;43;18;16;21;20;8;9;2;4;40;34;9;16;11;0;8;6;7;0;0;3;1;4;Regular Season;5;24;13;8;5;10;17;8;5;3
63069;2028;10;5;OKA Arena;4927;133;134;3;4;0;2;1;0;0;1;0;2;0;1;6125;6733;2831;58;63;6;16;33;14;3;5;4;7;30;42;13;14;11;0;9;13;12;2;0;3;1;3;Regular Season;8;28;13;12;1;10;31;10;12;4
63160;2028;10;5;WAH Arena;4472;148;156;2;5;1;1;0;0;0;0;4;1;0;0;6257;3404;6290;46;43;7;7;23;39;12;20;7;13;27;20;9;6;6;0;6;17;6;0;0;1;0;1;Regular Season;10;19;11;4;2;6;12;10;11;4
63074;2028;10;5;MEM Arena;3418;141;135;4;3;0;2;2;0;0;1;1;1;0;0;6008;6320;3298;58;48;8;6;21;23;3;5;2;5;34;22;8;10;14;0;5;7;9;0;0;3;0;4;Regular Season;13;25;10;8;2;13;11;14;6;4
63067;2028;10;5;PHL Arena;4530;128;126;3;6;1;2;0;0;0;2;3;1;0;0;5764;5447;6471;53;56;14;2;19;17;7;5;4;6;31;25;6;16;6;0;13;13;13;0;1;1;0;2;Regular Season;8;24;9;8;4;5;30;6;12;3
63066;2028;10;5;JAC Arena;3608;149;150;2;1;0;0;1;1;0;1;0;0;0;0;6239;5575;6115;38;55;2;4;18;19;7;8;5;5;23;27;5;4;9;2;15;11;13;2;0;2;1;1;Regular Season;7;19;6;5;1;4;29;12;8;2
63123;2028;10;6;OKA Arena;4845;133;146;5;2;2;3;0;0;0;0;2;0;0;0;6933;5953;6541;64;59;13;9;25;20;5;5;8;7;34;29;14;13;10;0;9;16;5;0;1;2;1;4;Regular Season;8;32;12;11;1;13;20;13;8;5
63089;2028;10;6;ELP Arena;4897;145;139;1;2;0;1;0;0;0;2;0;0;0;0;5488;6839;6476;49;46;8;6;19;19;10;4;4;5;21;35;12;9;4;0;7;10;4;0;0;3;0;4;Regular Season;8;25;6;7;3;7;12;17;6;4
63085;2028;10;6;CHC Arena;3759;138;128;4;3;1;0;2;1;0;0;0;3;0;0;5962;6325;6133;75;45;17;13;19;12;4;9;8;7;32;33;14;10;21;2;9;8;4;0;2;4;2;6;Regular Season;9;37;14;10;5;9;16;10;7;3
63078;2028;10;6;SEA Arena;4346;135;130;3;2;1;1;1;0;0;0;0;2;0;0;6757;6532;5961;67;48;4;8;21;13;6;6;3;6;22;28;9;20;7;0;3;13;8;0;0;4;0;2;Regular Season;13;26;14;11;3;8;25;5;8;2
63076;2028;10;6;MEM Arena;3407;141;150;4;2;1;1;2;0;0;2;0;0;0;0;2857;6222;5638;74;48;6;6;24;13;4;4;5;4;29;26;10;20;19;0;9;6;4;0;0;3;1;3;Regular Season;7;33;18;11;5;12;17;10;5;4
63092;2028;10;6;SAN Arena;5000;131;132;7;0;2;2;3;0;0;0;0;0;0;0;8180;6056;6034;54;47;6;8;27;21;3;3;3;7;44;27;10;10;12;0;5;6;6;0;1;4;0;3;Regular Season;2;32;8;11;1;14;22;8;2;1
63073;2028;10;6;ZIP Arena;3382;134;127;4;3;2;0;2;0;0;2;0;1;0;0;2831;6311;6624;60;67;2;10;15;27;5;3;6;5;25;32;9;10;11;0;13;4;10;0;2;5;0;1;Regular Season;17;20;15;7;1;18;24;13;10;2
63082;2028;10;6;Neville Island Sports Center;3272;147;156;0;5;0;0;0;0;0;4;1;0;0;0;6261;6257;6480;29;36;10;6;22;26;13;11;4;3;28;27;6;3;1;0;20;6;4;0;0;3;0;5;Regular Season;8;13;4;4;0;3;12;9;6;6
63104;2028;10;7;CAA Arena;3394;130;129;3;2;0;1;2;0;0;1;0;1;0;0;5677;6523;5500;60;70;8;7;18;13;4;7;4;7;36;36;11;10;11;0;12;15;6;0;0;2;0;4;Regular Season;5;30;10;15;0;9;30;19;11;1
63198;2028;10;7;LAS Arena;4040;137;127;3;5;2;0;1;0;0;0;3;2;0;0;6298;9462;6129;59;51;10;6;23;17;11;3;3;7;36;32;17;6;8;0;11;10;11;0;0;3;4;5;Regular Season;13;24;6;13;3;9;23;8;9;2
63065;2028;10;7;JAC Arena;3994;149;144;4;5;1;2;1;0;0;3;1;1;0;0;6075;5960;5469;37;77;25;8;13;24;2;5;3;6;27;35;6;4;3;0;15;17;20;0;1;4;1;7;Regular Season;15;7;7;6;2;4;39;13;15;6
63070;2028;10;7;AUS Arena;3572;143;140;1;2;0;1;0;0;0;1;1;0;0;0;6343;5414;5553;57;50;7;7;32;8;3;6;6;5;30;23;13;12;8;0;5;5;14;0;0;1;0;1;Regular Season;8;25;16;4;4;8;21;11;7;3
63083;2028;10;7;Danbury Ice Arena;2698;151;148;3;1;0;1;2;0;0;0;0;1;0;0;5396;3885;5755;42;67;2;4;22;18;3;3;1;10;19;30;8;7;5;0;7;14;13;0;0;2;0;1;Regular Season;12;11;11;7;1;9;37;10;10;1
63125;2028;10;8;SAN Arena;0;131;146;0;0;0;0;0;0;0;0;0;0;0;0;;;;0;0;0;0;0;0;0;0;0;0;0;0;0;0;0;0;0;0;0;0;0;0;0;0;Regular Season;0;0;0;0;0;0;0;0;0;0
63141;2028;10;8;OKA Arena;0;133;138;0;0;0;0;0;0;0;0;0;0;0;0;;;;0;0;0;0;0;0;0;0;0;0;0;0;0;0;0;0;0;0;0;0;0;0;0;0;Regular Season;0;0;0;0;0;0;0;0;0;0
63075;2028;10;8;POR Arena;0;142;134;0;0;0;0;0;0;0;0;0;0;0;0;;;;0;0;0;0;0;0;0;0;0;0;0;0;0;0;0;0;0;0;0;0;0;0;0;0;Regular Season;0;0;0;0;0;0;0;0;0;0
63099;2028;10;8;SEA Arena;0;135;126;0;0;0;0;0;0;0;0;0;0;0;0;;;;0;0;0;0;0;0;0;0;0;0;0;0;0;0;0;0;0;0;0;0;0;0;0;0;Regular Season;0;0;0;0;0;0;0;0;0;0
63077;2028;10;8;MEM Arena;0;141;156;0;0;0;0;0;0;0;0;0;0;0;0;;;;0;0;0;0;0;0;0;0;0;0;0;0;0;0;0;0;0;0;0;0;0;0;0;0;Regular Season;0;0;0;0;0;0;0;0;0;0
63095;2028;10;8;WAH Arena;0;148;145;0;0;0;0;0;0;0;0;0;0;0;0;;;;0;0;0;0;0;0;0;0;0;0;0;0;0;0;0;0;0;0;0;0;0;0;0;0;Regular Season;0;0;0;0;0;0;0;0;0;0
63989;2028;10;8;DLL Arena;0;144;132;0;0;0;0;0;0;0;0;0;0;0;0;;;;0;0;0;0;0;0;0;0;0;0;0;0;0;0;0;0;0;0;0;0;0;0;0;0;Regular Season;0;0;0;0;0;0;0;0;0;0
63119;2028;10;8;PHL Arena;0;128;136;0;0;0;0;0;0;0;0;0;0;0;0;;;;0;0;0;0;0;0;0;0;0;0;0;0;0;0;0;0;0;0;0;0;0;0;0;0;Regular Season;0;0;0;0;0;0;0;0;0;0
63120;2028;10;9;James Brown Arena;0;127;135;0;0;0;0;0;0;0;0;0;0;0;0;;;;0;0;0;0;0;0;0;0;0;0;0;0;0;0;0;0;0;0;0;0;0;0;0;0;Regular Season;0;0;0;0;0;0;0;0;0;0
63177;2028;10;9;ELP Arena;0;145;147;0;0;0;0;0;0;0;0;0;0;0;0;;;;0;0;0;0;0;0;0;0;0;0;0;0;0;0;0;0;0;0;0;0;0;0;0;0;Regular Season;0;0;0;0;0;0;0;0;0;0
63086;2028;10;9;JAC Arena;0;149;134;0;0;0;0;0;0;0;0;0;0;0;0;;;;0;0;0;0;0;0;0;0;0;0;0;0;0;0;0;0;0;0;0;0;0;0;0;0;Regular Season;0;0;0;0;0;0;0;0;0;0
63084;2028;10;9;Entire City limits of Houston Arena;0;150;151;0;0;0;0;0;0;0;0;0;0;0;0;;;;0;0;0;0;0;0;0;0;0;0;0;0;0;0;0;0;0;0;0;0;0;0;0;0;Regular Season;0;0;0;0;0;0;0;0;0;0
63142;2028;10;9;CHC Arena;0;138;139;0;0;0;0;0;0;0;0;0;0;0;0;;;;0;0;0;0;0;0;0;0;0;0;0;0;0;0;0;0;0;0;0;0;0;0;0;0;Regular Season;0;0;0;0;0;0;0;0;0;0
63105;2028;10;9;LAS Arena;0;137;126;0;0;0;0;0;0;0;0;0;0;0;0;;;;0;0;0;0;0;0;0;0;0;0;0;0;0;0;0;0;0;0;0;0;0;0;0;0;Regular Season;0;0;0;0;0;0;0;0;0;0
63261;2028;10;10;Neville Island Sports Center;0;147;148;0;0;0;0;0;0;0;0;0;0;0;0;;;;0;0;0;0;0;0;0;0;0;0;0;0;0;0;0;0;0;0;0;0;0;0;0;0;Regular Season;0;0;0;0;0;0;0;0;0;0
63135;2028;10;10;TUC Arena;0;132;144;0;0;0;0;0;0;0;0;0;0;0;0;;;;0;0;0;0;0;0;0;0;0;0;0;0;0;0;0;0;0;0;0;0;0;0;0;0;Regular Season;0;0;0;0;0;0;0;0;0;0
63117;2028;10;10; Arena;0;156;136;0;0;0;0;0;0;0;0;0;0;0;0;;;;0;0;0;0;0;0;0;0;0;0;0;0;0;0;0;0;0;0;0;0;0;0;0;0;Regular Season;0;0;0;0;0;0;0;0;0;0
63145;2028;10;10;PHL Arena;0;128;130;0;0;0;0;0;0;0;0;0;0;0;0;;;;0;0;0;0;0;0;0;0;0;0;0;0;0;0;0;0;0;0;0;0;0;0;0;0;Regular Season;0;0;0;0;0;0;0;0;0;0
63115;2028;10;10;MEM Arena;0;141;146;0;0;0;0;0;0;0;0;0;0;0;0;;;;0;0;0;0;0;0;0;0;0;0;0;0;0;0;0;0;0;0;0;0;0;0;0;0;Regular Season;0;0;0;0;0;0;0;0;0;0
63113;2028;10;10;POR Arena;0;142;131;0;0;0;0;0;0;0;0;0;0;0;0;;;;0;0;0;0;0;0;0;0;0;0;0;0;0;0;0;0;0;0;0;0;0;0;0;0;Regular Season;0;0;0;0;0;0;0;0;0;0
63097;2028;10;10;JAC Arena;0;149;137;0;0;0;0;0;0;0;0;0;0;0;0;;;;0;0;0;0;0;0;0;0;0;0;0;0;0;0;0;0;0;0;0;0;0;0;0;0;Regular Season;0;0;0;0;0;0;0;0;0;0
63096;2028;10;10;Palau de Gel;0;129;139;0;0;0;0;0;0;0;0;0;0;0;0;;;;0;0;0;0;0;0;0;0;0;0;0;0;0;0;0;0;0;0;0;0;0;0;0;0;Regular Season;0;0;0;0;0;0;0;0;0;0
63094;2028;10;10;OKA Arena;0;133;151;0;0;0;0;0;0;0;0;0;0;0;0;;;;0;0;0;0;0;0;0;0;0;0;0;0;0;0;0;0;0;0;0;0;0;0;0;0;Regular Season;0;0;0;0;0;0;0;0;0;0
63071;2028;10;10;HOU Arena;0;140;150;0;0;0;0;0;0;0;0;0;0;0;0;;;;0;0;0;0;0;0;0;0;0;0;0;0;0;0;0;0;0;0;0;0;0;0;0;0;Regular Season;0;0;0;0;0;0;0;0;0;0
63140;2028;10;11;AUS Arena;0;143;144;0;0;0;0;0;0;0;0;0;0;0;0;;;;0;0;0;0;0;0;0;0;0;0;0;0;0;0;0;0;0;0;0;0;0;0;0;0;Regular Season;0;0;0;0;0;0;0;0;0;0
63948;2028;10;11;SEA Arena;0;135;132;0;0;0;0;0;0;0;0;0;0;0;0;;;;0;0;0;0;0;0;0;0;0;0;0;0;0;0;0;0;0;0;0;0;0;0;0;0;Regular Season;0;0;0;0;0;0;0;0;0;0
63100;2028;10;12;LOS Arena;0;126;127;0;0;0;0;0;0;0;0;0;0;0;0;;;;0;0;0;0;0;0;0;0;0;0;0;0;0;0;0;0;0;0;0;0;0;0;0;0;Regular Season;0;0;0;0;0;0;0;0;0;0
63088;2028;10;12;ZIP Arena;0;134;133;0;0;0;0;0;0;0;0;0;0;0;0;;;;0;0;0;0;0;0;0;0;0;0;0;0;0;0;0;0;0;0;0;0;0;0;0;0;Regular Season;0;0;0;0;0;0;0;0;0;0
63090;2028;10;12; Arena;0;156;150;0;0;0;0;0;0;0;0;0;0;0;0;;;;0;0;0;0;0;0;0;0;0;0;0;0;0;0;0;0;0;0;0;0;0;0;0;0;Regular Season;0;0;0;0;0;0;0;0;0;0
63933;2028;10;12;Neville Island Sports Center;0;147;149;0;0;0;0;0;0;0;0;0;0;0;0;;;;0;0;0;0;0;0;0;0;0;0;0;0;0;0;0;0;0;0;0;0;0;0;0;0;Regular Season;0;0;0;0;0;0;0;0;0;0
63103;2028;10;12;LAS Arena;0;137;128;0;0;0;0;0;0;0;0;0;0;0;0;;;;0;0;0;0;0;0;0;0;0;0;0;0;0;0;0;0;0;0;0;0;0;0;0;0;Regular Season;0;0;0;0;0;0;0;0;0;0
63147;2028;10;12;ELP Arena;0;145;131;0;0;0;0;0;0;0;0;0;0;0;0;;;;0;0;0;0;0;0;0;0;0;0;0;0;0;0;0;0;0;0;0;0;0;0;0;0;Regular Season;0;0;0;0;0;0;0;0;0;0
63139;2028;10;12;CHC Arena;0;138;135;0;0;0;0;0;0;0;0;0;0;0;0;;;;0;0;0;0;0;0;0;0;0;0;0;0;0;0;0;0;0;0;0;0;0;0;0;0;Regular Season;0;0;0;0;0;0;0;0;0;0
63121;2028;10;12;POR Arena;0;142;146;0;0;0;0;0;0;0;0;0;0;0;0;;;;0;0;0;0;0;0;0;0;0;0;0;0;0;0;0;0;0;0;0;0;0;0;0;0;Regular Season;0;0;0;0;0;0;0;0;0;0
63258;2028;10;12;WAH Arena;0;148;136;0;0;0;0;0;0;0;0;0;0;0;0;;;;0;0;0;0;0;0;0;0;0;0;0;0;0;0;0;0;0;0;0;0;0;0;0;0;Regular Season;0;0;0;0;0;0;0;0;0;0
63106;2028;10;12;AUS Arena;0;143;151;0;0;0;0;0;0;0;0;0;0;0;0;;;;0;0;0;0;0;0;0;0;0;0;0;0;0;0;0;0;0;0;0;0;0;0;0;0;Regular Season;0;0;0;0;0;0;0;0;0;0
63114;2028;10;12;MEM Arena;0;141;140;0;0;0;0;0;0;0;0;0;0;0;0;;;;0;0;0;0;0;0;0;0;0;0;0;0;0;0;0;0;0;0;0;0;0;0;0;0;Regular Season;0;0;0;0;0;0;0;0;0;0
63188;2028;10;13;WAH Arena;0;148;138;0;0;0;0;0;0;0;0;0;0;0;0;;;;0;0;0;0;0;0;0;0;0;0;0;0;0;0;0;0;0;0;0;0;0;0;0;0;Regular Season;0;0;0;0;0;0;0;0;0;0
63124;2028;10;13;TUC Arena;0;132;126;0;0;0;0;0;0;0;0;0;0;0;0;;;;0;0;0;0;0;0;0;0;0;0;0;0;0;0;0;0;0;0;0;0;0;0;0;0;Regular Season;0;0;0;0;0;0;0;0;0;0
63191;2028;10;13;FOR Arena;0;139;156;0;0;0;0;0;0;0;0;0;0;0;0;;;;0;0;0;0;0;0;0;0;0;0;0;0;0;0;0;0;0;0;0;0;0;0;0;0;Regular Season;0;0;0;0;0;0;0;0;0;0
63122;2028;10;13;POR Arena;0;142;129;0;0;0;0;0;0;0;0;0;0;0;0;;;;0;0;0;0;0;0;0;0;0;0;0;0;0;0;0;0;0;0;0;0;0;0;0;0;Regular Season;0;0;0;0;0;0;0;0;0;0
63133;2028;10;13;HOU Arena;0;140;146;0;0;0;0;0;0;0;0;0;0;0;0;;;;0;0;0;0;0;0;0;0;0;0;0;0;0;0;0;0;0;0;0;0;0;0;0;0;Regular Season;0;0;0;0;0;0;0;0;0;0
63220;2028;10;13;James Brown Arena;0;127;136;0;0;0;0;0;0;0;0;0;0;0;0;;;;0;0;0;0;0;0;0;0;0;0;0;0;0;0;0;0;0;0;0;0;0;0;0;0;Regular Season;0;0;0;0;0;0;0;0;0;0
63214;2028;10;13;CAA Arena;0;130;128;0;0;0;0;0;0;0;0;0;0;0;0;;;;0;0;0;0;0;0;0;0;0;0;0;0;0;0;0;0;0;0;0;0;0;0;0;0;Regular Season;0;0;0;0;0;0;0;0;0;0
63157;2028;10;14;SEA Arena;0;135;132;0;0;0;0;0;0;0;0;0;0;0;0;;;;0;0;0;0;0;0;0;0;0;0;0;0;0;0;0;0;0;0;0;0;0;0;0;0;Regular Season;0;0;0;0;0;0;0;0;0;0
63110;2028;10;14;OKA Arena;0;133;149;0;0;0;0;0;0;0;0;0;0;0;0;;;;0;0;0;0;0;0;0;0;0;0;0;0;0;0;0;0;0;0;0;0;0;0;0;0;Regular Season;0;0;0;0;0;0;0;0;0;0
63129;2028;10;14;CAA Arena;0;130;141;0;0;0;0;0;0;0;0;0;0;0;0;;;;0;0;0;0;0;0;0;0;0;0;0;0;0;0;0;0;0;0;0;0;0;0;0;0;Regular Season;0;0;0;0;0;0;0;0;0;0
63091;2028;10;14;ZIP Arena;0;134;144;0;0;0;0;0;0;0;0;0;0;0;0;;;;0;0;0;0;0;0;0;0;0;0;0;0;0;0;0;0;0;0;0;0;0;0;0;0;Regular Season;0;0;0;0;0;0;0;0;0;0
63398;2028;10;14;ELP Arena;0;145;129;0;0;0;0;0;0;0;0;0;0;0;0;;;;0;0;0;0;0;0;0;0;0;0;0;0;0;0;0;0;0;0;0;0;0;0;0;0;Regular Season;0;0;0;0;0;0;0;0;0;0
63158;2028;10;14;SAN Arena;0;131;143;0;0;0;0;0;0;0;0;0;0;0;0;;;;0;0;0;0;0;0;0;0;0;0;0;0;0;0;0;0;0;0;0;0;0;0;0;0;Regular Season;0;0;0;0;0;0;0;0;0;0
63993;2028;10;14;Danbury Ice Arena;0;151;139;0;0;0;0;0;0;0;0;0;0;0;0;;;;0;0;0;0;0;0;0;0;0;0;0;0;0;0;0;0;0;0;0;0;0;0;0;0;Regular Season;0;0;0;0;0;0;0;0;0;0
63951;2028;10;15;WAH Arena;0;148;146;0;0;0;0;0;0;0;0;0;0;0;0;;;;0;0;0;0;0;0;0;0;0;0;0;0;0;0;0;0;0;0;0;0;0;0;0;0;Regular Season;0;0;0;0;0;0;0;0;0;0
63168;2028;10;15;Neville Island Sports Center;0;147;141;0;0;0;0;0;0;0;0;0;0;0;0;;;;0;0;0;0;0;0;0;0;0;0;0;0;0;0;0;0;0;0;0;0;0;0;0;0;Regular Season;0;0;0;0;0;0;0;0;0;0
64000;2028;10;15;James Brown Arena;0;127;126;0;0;0;0;0;0;0;0;0;0;0;0;;;;0;0;0;0;0;0;0;0;0;0;0;0;0;0;0;0;0;0;0;0;0;0;0;0;Regular Season;0;0;0;0;0;0;0;0;0;0
63217;2028;10;16;TUC Arena;0;132;145;0;0;0;0;0;0;0;0;0;0;0;0;;;;0;0;0;0;0;0;0;0;0;0;0;0;0;0;0;0;0;0;0;0;0;0;0;0;Regular Season;0;0;0;0;0;0;0;0;0;0
63466;2028;10;16;Palau de Gel;0;129;133;0;0;0;0;0;0;0;0;0;0;0;0;;;;0;0;0;0;0;0;0;0;0;0;0;0;0;0;0;0;0;0;0;0;0;0;0;0;Regular Season;0;0;0;0;0;0;0;0;0;0
63137;2028;10;16;COM Arena;0;136;149;0;0;0;0;0;0;0;0;0;0;0;0;;;;0;0;0;0;0;0;0;0;0;0;0;0;0;0;0;0;0;0;0;0;0;0;0;0;Regular Season;0;0;0;0;0;0;0;0;0;0
64005;2028;10;16;DLL Arena;0;144;151;0;0;0;0;0;0;0;0;0;0;0;0;;;;0;0;0;0;0;0;0;0;0;0;0;0;0;0;0;0;0;0;0;0;0;0;0;0;Regular Season;0;0;0;0;0;0;0;0;0;0
63126;2028;10;16;POR Arena;0;142;147;0;0;0;0;0;0;0;0;0;0;0;0;;;;0;0;0;0;0;0;0;0;0;0;0;0;0;0;0;0;0;0;0;0;0;0;0;0;Regular Season;0;0;0;0;0;0;0;0;0;0
63107;2028;10;16;SAN Arena;0;131;150;0;0;0;0;0;0;0;0;0;0;0;0;;;;0;0;0;0;0;0;0;0;0;0;0;0;0;0;0;0;0;0;0;0;0;0;0;0;Regular Season;0;0;0;0;0;0;0;0;0;0
63109;2028;10;16;LAS Arena;0;137;138;0;0;0;0;0;0;0;0;0;0;0;0;;;;0;0;0;0;0;0;0;0;0;0;0;0;0;0;0;0;0;0;0;0;0;0;0;0;Regular Season;0;0;0;0;0;0;0;0;0;0
63178;2028;10;16;AUS Arena;0;143;128;0;0;0;0;0;0;0;0;0;0;0;0;;;;0;0;0;0;0;0;0;0;0;0;0;0;0;0;0;0;0;0;0;0;0;0;0;0;Regular Season;0;0;0;0;0;0;0;0;0;0
63136;2028;10;16;HOU Arena;0;140;134;0;0;0;0;0;0;0;0;0;0;0;0;;;;0;0;0;0;0;0;0;0;0;0;0;0;0;0;0;0;0;0;0;0;0;0;0;0;Regular Season;0;0;0;0;0;0;0;0;0;0
63148;2028;10;16;MIW Arena;0;146;156;0;0;0;0;0;0;0;0;0;0;0;0;;;;0;0;0;0;0;0;0;0;0;0;0;0;0;0;0;0;0;0;0;0;0;0;0;0;Regular Season;0;0;0;0;0;0;0;0;0;0
63208;2028;10;17;SEA Arena;0;135;145;0;0;0;0;0;0;0;0;0;0;0;0;;;;0;0;0;0;0;0;0;0;0;0;0;0;0;0;0;0;0;0;0;0;0;0;0;0;Regular Season;0;0;0;0;0;0;0;0;0;0
63228;2028;10;17;James Brown Arena;0;127;148;0;0;0;0;0;0;0;0;0;0;0;0;;;;0;0;0;0;0;0;0;0;0;0;0;0;0;0;0;0;0;0;0;0;0;0;0;0;Regular Season;0;0;0;0;0;0;0;0;0;0
63151;2028;10;17;CHC Arena;0;138;141;0;0;0;0;0;0;0;0;0;0;0;0;;;;0;0;0;0;0;0;0;0;0;0;0;0;0;0;0;0;0;0;0;0;0;0;0;0;Regular Season;0;0;0;0;0;0;0;0;0;0
63154;2028;10;17;SAN Arena;0;131;126;0;0;0;0;0;0;0;0;0;0;0;0;;;;0;0;0;0;0;0;0;0;0;0;0;0;0;0;0;0;0;0;0;0;0;0;0;0;Regular Season;0;0;0;0;0;0;0;0;0;0
63102;2028;10;17;COM Arena;0;136;150;0;0;0;0;0;0;0;0;0;0;0;0;;;;0;0;0;0;0;0;0;0;0;0;0;0;0;0;0;0;0;0;0;0;0;0;0;0;Regular Season;0;0;0;0;0;0;0;0;0;0
63108;2028;10;17;LAS Arena;0;137;134;0;0;0;0;0;0;0;0;0;0;0;0;;;;0;0;0;0;0;0;0;0;0;0;0;0;0;0;0;0;0;0;0;0;0;0;0;0;Regular Season;0;0;0;0;0;0;0;0;0;0
63152;2028;10;17;DLL Arena;0;144;156;0;0;0;0;0;0;0;0;0;0;0;0;;;;0;0;0;0;0;0;0;0;0;0;0;0;0;0;0;0;0;0;0;0;0;0;0;0;Regular Season;0;0;0;0;0;0;0;0;0;0
63146;2028;10;17;AUS Arena;0;143;139;0;0;0;0;0;0;0;0;0;0;0;0;;;;0;0;0;0;0;0;0;0;0;0;0;0;0;0;0;0;0;0;0;0;0;0;0;0;Regular Season;0;0;0;0;0;0;0;0;0;0
63132;2028;10;17;HOU Arena;0;140;142;0;0;0;0;0;0;0;0;0;0;0;0;;;;0;0;0;0;0;0;0;0;0;0;0;0;0;0;0;0;0;0;0;0;0;0;0;0;Regular Season;0;0;0;0;0;0;0;0;0;0
63218;2028;10;18;PHL Arena;0;128;130;0;0;0;0;0;0;0;0;0;0;0;0;;;;0;0;0;0;0;0;0;0;0;0;0;0;0;0;0;0;0;0;0;0;0;0;0;0;Regular Season;0;0;0;0;0;0;0;0;0;0
63300;2028;10;18;James Brown Arena;0;127;147;0;0;0;0;0;0;0;0;0;0;0;0;;;;0;0;0;0;0;0;0;0;0;0;0;0;0;0;0;0;0;0;0;0;0;0;0;0;Regular Season;0;0;0;0;0;0;0;0;0;0
63210;2028;10;19;CAA Arena;0;130;140;0;0;0;0;0;0;0;0;0;0;0;0;;;;0;0;0;0;0;0;0;0;0;0;0;0;0;0;0;0;0;0;0;0;0;0;0;0;Regular Season;0;0;0;0;0;0;0;0;0;0
63976;2028;10;19;MIW Arena;0;146;145;0;0;0;0;0;0;0;0;0;0;0;0;;;;0;0;0;0;0;0;0;0;0;0;0;0;0;0;0;0;0;0;0;0;0;0;0;0;Regular Season;0;0;0;0;0;0;0;0;0;0
63116;2028;10;19;LAS Arena;0;137;141;0;0;0;0;0;0;0;0;0;0;0;0;;;;0;0;0;0;0;0;0;0;0;0;0;0;0;0;0;0;0;0;0;0;0;0;0;0;Regular Season;0;0;0;0;0;0;0;0;0;0
63181;2028;10;19;LOS Arena;0;126;128;0;0;0;0;0;0;0;0;0;0;0;0;;;;0;0;0;0;0;0;0;0;0;0;0;0;0;0;0;0;0;0;0;0;0;0;0;0;Regular Season;0;0;0;0;0;0;0;0;0;0
63143;2028;10;19;ZIP Arena;0;134;148;0;0;0;0;0;0;0;0;0;0;0;0;;;;0;0;0;0;0;0;0;0;0;0;0;0;0;0;0;0;0;0;0;0;0;0;0;0;Regular Season;0;0;0;0;0;0;0;0;0;0
63111;2028;10;19;Entire City limits of Houston Arena;0;150;132;0;0;0;0;0;0;0;0;0;0;0;0;;;;0;0;0;0;0;0;0;0;0;0;0;0;0;0;0;0;0;0;0;0;0;0;0;0;Regular Season;0;0;0;0;0;0;0;0;0;0
63118;2028;10;19;OKA Arena;0;133;135;0;0;0;0;0;0;0;0;0;0;0;0;;;;0;0;0;0;0;0;0;0;0;0;0;0;0;0;0;0;0;0;0;0;0;0;0;0;Regular Season;0;0;0;0;0;0;0;0;0;0
63174;2028;10;19;Danbury Ice Arena;0;151;156;0;0;0;0;0;0;0;0;0;0;0;0;;;;0;0;0;0;0;0;0;0;0;0;0;0;0;0;0;0;0;0;0;0;0;0;0;0;Regular Season;0;0;0;0;0;0;0;0;0;0
63988;2028;10;20;SAN Arena;0;131;127;0;0;0;0;0;0;0;0;0;0;0;0;;;;0;0;0;0;0;0;0;0;0;0;0;0;0;0;0;0;0;0;0;0;0;0;0;0;Regular Season;0;0;0;0;0;0;0;0;0;0
63164;2028;10;20;Danbury Ice Arena;0;151;149;0;0;0;0;0;0;0;0;0;0;0;0;;;;0;0;0;0;0;0;0;0;0;0;0;0;0;0;0;0;0;0;0;0;0;0;0;0;Regular Season;0;0;0;0;0;0;0;0;0;0
63165;2028;10;20;Palau de Gel;0;129;143;0;0;0;0;0;0;0;0;0;0;0;0;;;;0;0;0;0;0;0;0;0;0;0;0;0;0;0;0;0;0;0;0;0;0;0;0;0;Regular Season;0;0;0;0;0;0;0;0;0;0
63309;2028;10;20;TUC Arena;0;132;139;0;0;0;0;0;0;0;0;0;0;0;0;;;;0;0;0;0;0;0;0;0;0;0;0;0;0;0;0;0;0;0;0;0;0;0;0;0;Regular Season;0;0;0;0;0;0;0;0;0;0
63156;2028;10;20;DLL Arena;0;144;146;0;0;0;0;0;0;0;0;0;0;0;0;;;;0;0;0;0;0;0;0;0;0;0;0;0;0;0;0;0;0;0;0;0;0;0;0;0;Regular Season;0;0;0;0;0;0;0;0;0;0
63212;2028;10;20;SEA Arena;0;135;133;0;0;0;0;0;0;0;0;0;0;0;0;;;;0;0;0;0;0;0;0;0;0;0;0;0;0;0;0;0;0;0;0;0;0;0;0;0;Regular Season;0;0;0;0;0;0;0;0;0;0
63970;2028;10;20;HOU Arena;0;140;147;0;0;0;0;0;0;0;0;0;0;0;0;;;;0;0;0;0;0;0;0;0;0;0;0;0;0;0;0;0;0;0;0;0;0;0;0;0;Regular Season;0;0;0;0;0;0;0;0;0;0
63221;2028;10;21;Palau de Gel;0;129;149;0;0;0;0;0;0;0;0;0;0;0;0;;;;0;0;0;0;0;0;0;0;0;0;0;0;0;0;0;0;0;0;0;0;0;0;0;0;Regular Season;0;0;0;0;0;0;0;0;0;0
63130;2028;10;21;CHC Arena;0;138;126;0;0;0;0;0;0;0;0;0;0;0;0;;;;0;0;0;0;0;0;0;0;0;0;0;0;0;0;0;0;0;0;0;0;0;0;0;0;Regular Season;0;0;0;0;0;0;0;0;0;0
63965;2028;10;21;LAS Arena;0;137;128;0;0;0;0;0;0;0;0;0;0;0;0;;;;0;0;0;0;0;0;0;0;0;0;0;0;0;0;0;0;0;0;0;0;0;0;0;0;Regular Season;0;0;0;0;0;0;0;0;0;0
63150;2028;10;21;MEM Arena;0;141;139;0;0;0;0;0;0;0;0;0;0;0;0;;;;0;0;0;0;0;0;0;0;0;0;0;0;0;0;0;0;0;0;0;0;0;0;0;0;Regular Season;0;0;0;0;0;0;0;0;0;0
63871;2028;10;21;James Brown Arena;0;127;156;0;0;0;0;0;0;0;0;0;0;0;0;;;;0;0;0;0;0;0;0;0;0;0;0;0;0;0;0;0;0;0;0;0;0;0;0;0;Regular Season;0;0;0;0;0;0;0;0;0;0
63153;2028;10;21;POR Arena;0;142;144;0;0;0;0;0;0;0;0;0;0;0;0;;;;0;0;0;0;0;0;0;0;0;0;0;0;0;0;0;0;0;0;0;0;0;0;0;0;Regular Season;0;0;0;0;0;0;0;0;0;0
63161;2028;10;21;COM Arena;0;136;131;0;0;0;0;0;0;0;0;0;0;0;0;;;;0;0;0;0;0;0;0;0;0;0;0;0;0;0;0;0;0;0;0;0;0;0;0;0;Regular Season;0;0;0;0;0;0;0;0;0;0
63252;2028;10;22;Danbury Ice Arena;0;151;145;0;0;0;0;0;0;0;0;0;0;0;0;;;;0;0;0;0;0;0;0;0;0;0;0;0;0;0;0;0;0;0;0;0;0;0;0;0;Regular Season;0;0;0;0;0;0;0;0;0;0
63172;2028;10;22;COM Arena;0;136;146;0;0;0;0;0;0;0;0;0;0;0;0;;;;0;0;0;0;0;0;0;0;0;0;0;0;0;0;0;0;0;0;0;0;0;0;0;0;Regular Season;0;0;0;0;0;0;0;0;0;0
63602;2028;10;22;Neville Island Sports Center;0;147;143;0;0;0;0;0;0;0;0;0;0;0;0;;;;0;0;0;0;0;0;0;0;0;0;0;0;0;0;0;0;0;0;0;0;0;0;0;0;Regular Season;0;0;0;0;0;0;0;0;0;0
63224;2028;10;22;WAH Arena;0;148;130;0;0;0;0;0;0;0;0;0;0;0;0;;;;0;0;0;0;0;0;0;0;0;0;0;0;0;0;0;0;0;0;0;0;0;0;0;0;Regular Season;0;0;0;0;0;0;0;0;0;0
63947;2028;10;22;ZIP Arena;0;134;133;0;0;0;0;0;0;0;0;0;0;0;0;;;;0;0;0;0;0;0;0;0;0;0;0;0;0;0;0;0;0;0;0;0;0;0;0;0;Regular Season;0;0;0;0;0;0;0;0;0;0
63995;2028;10;23;Palau de Gel;0;129;138;0;0;0;0;0;0;0;0;0;0;0;0;;;;0;0;0;0;0;0;0;0;0;0;0;0;0;0;0;0;0;0;0;0;0;0;0;0;Regular Season;0;0;0;0;0;0;0;0;0;0
63112;2028;10;23;HOU Arena;0;140;150;0;0;0;0;0;0;0;0;0;0;0;0;;;;0;0;0;0;0;0;0;0;0;0;0;0;0;0;0;0;0;0;0;0;0;0;0;0;Regular Season;0;0;0;0;0;0;0;0;0;0
63179;2028;10;23;MEM Arena;0;141;147;0;0;0;0;0;0;0;0;0;0;0;0;;;;0;0;0;0;0;0;0;0;0;0;0;0;0;0;0;0;0;0;0;0;0;0;0;0;Regular Season;0;0;0;0;0;0;0;0;0;0
63183;2028;10;23;PHL Arena;0;128;143;0;0;0;0;0;0;0;0;0;0;0;0;;;;0;0;0;0;0;0;0;0;0;0;0;0;0;0;0;0;0;0;0;0;0;0;0;0;Regular Season;0;0;0;0;0;0;0;0;0;0
63287;2028;10;23;TUC Arena;0;132;135;0;0;0;0;0;0;0;0;0;0;0;0;;;;0;0;0;0;0;0;0;0;0;0;0;0;0;0;0;0;0;0;0;0;0;0;0;0;Regular Season;0;0;0;0;0;0;0;0;0;0
63131;2028;10;24;Entire City limits of Houston Arena;0;150;149;0;0;0;0;0;0;0;0;0;0;0;0;;;;0;0;0;0;0;0;0;0;0;0;0;0;0;0;0;0;0;0;0;0;0;0;0;0;Regular Season;0;0;0;0;0;0;0;0;0;0
63262;2028;10;24;FOR Arena;0;139;129;0;0;0;0;0;0;0;0;0;0;0;0;;;;0;0;0;0;0;0;0;0;0;0;0;0;0;0;0;0;0;0;0;0;0;0;0;0;Regular Season;0;0;0;0;0;0;0;0;0;0
63216;2028;10;24;MIW Arena;0;146;135;0;0;0;0;0;0;0;0;0;0;0;0;;;;0;0;0;0;0;0;0;0;0;0;0;0;0;0;0;0;0;0;0;0;0;0;0;0;Regular Season;0;0;0;0;0;0;0;0;0;0
63127;2028;10;24;LOS Arena;0;126;137;0;0;0;0;0;0;0;0;0;0;0;0;;;;0;0;0;0;0;0;0;0;0;0;0;0;0;0;0;0;0;0;0;0;0;0;0;0;Regular Season;0;0;0;0;0;0;0;0;0;0
63200;2028;10;24;HOU Arena;0;140;138;0;0;0;0;0;0;0;0;0;0;0;0;;;;0;0;0;0;0;0;0;0;0;0;0;0;0;0;0;0;0;0;0;0;0;0;0;0;Regular Season;0;0;0;0;0;0;0;0;0;0
63182;2028;10;24;SAN Arena;0;131;148;0;0;0;0;0;0;0;0;0;0;0;0;;;;0;0;0;0;0;0;0;0;0;0;0;0;0;0;0;0;0;0;0;0;0;0;0;0;Regular Season;0;0;0;0;0;0;0;0;0;0
63173;2028;10;24;ZIP Arena;0;134;145;0;0;0;0;0;0;0;0;0;0;0;0;;;;0;0;0;0;0;0;0;0;0;0;0;0;0;0;0;0;0;0;0;0;0;0;0;0;Regular Season;0;0;0;0;0;0;0;0;0;0
63163;2028;10;24; Arena;0;156;142;0;0;0;0;0;0;0;0;0;0;0;0;;;;0;0;0;0;0;0;0;0;0;0;0;0;0;0;0;0;0;0;0;0;0;0;0;0;Regular Season;0;0;0;0;0;0;0;0;0;0
63241;2028;10;24;James Brown Arena;0;127;136;0;0;0;0;0;0;0;0;0;0;0;0;;;;0;0;0;0;0;0;0;0;0;0;0;0;0;0;0;0;0;0;0;0;0;0;0;0;Regular Season;0;0;0;0;0;0;0;0;0;0
63159;2028;10;24;MEM Arena;0;141;144;0;0;0;0;0;0;0;0;0;0;0;0;;;;0;0;0;0;0;0;0;0;0;0;0;0;0;0;0;0;0;0;0;0;0;0;0;0;Regular Season;0;0;0;0;0;0;0;0;0;0
63184;2028;10;25;POR Arena;0;142;128;0;0;0;0;0;0;0;0;0;0;0;0;;;;0;0;0;0;0;0;0;0;0;0;0;0;0;0;0;0;0;0;0;0;0;0;0;0;Regular Season;0;0;0;0;0;0;0;0;0;0
63286;2028;10;25;Danbury Ice Arena;0;151;139;0;0;0;0;0;0;0;0;0;0;0;0;;;;0;0;0;0;0;0;0;0;0;0;0;0;0;0;0;0;0;0;0;0;0;0;0;0;Regular Season;0;0;0;0;0;0;0;0;0;0
63294;2028;10;25;ELP Arena;0;145;127;0;0;0;0;0;0;0;0;0;0;0;0;;;;0;0;0;0;0;0;0;0;0;0;0;0;0;0;0;0;0;0;0;0;0;0;0;0;Regular Season;0;0;0;0;0;0;0;0;0;0
63253;2028;10;25;OKA Arena;0;133;130;0;0;0;0;0;0;0;0;0;0;0;0;;;;0;0;0;0;0;0;0;0;0;0;0;0;0;0;0;0;0;0;0;0;0;0;0;0;Regular Season;0;0;0;0;0;0;0;0;0;0
63175;2028;10;25;SAN Arena;0;131;134;0;0;0;0;0;0;0;0;0;0;0;0;;;;0;0;0;0;0;0;0;0;0;0;0;0;0;0;0;0;0;0;0;0;0;0;0;0;Regular Season;0;0;0;0;0;0;0;0;0;0
64008;2028;10;25;Neville Island Sports Center;0;147;156;0;0;0;0;0;0;0;0;0;0;0;0;;;;0;0;0;0;0;0;0;0;0;0;0;0;0;0;0;0;0;0;0;0;0;0;0;0;Regular Season;0;0;0;0;0;0;0;0;0;0
63229;2028;10;26;HOU Arena;0;140;129;0;0;0;0;0;0;0;0;0;0;0;0;;;;0;0;0;0;0;0;0;0;0;0;0;0;0;0;0;0;0;0;0;0;0;0;0;0;Regular Season;0;0;0;0;0;0;0;0;0;0
63166;2028;10;26;DLL Arena;0;144;130;0;0;0;0;0;0;0;0;0;0;0;0;;;;0;0;0;0;0;0;0;0;0;0;0;0;0;0;0;0;0;0;0;0;0;0;0;0;Regular Season;0;0;0;0;0;0;0;0;0;0
63134;2028;10;26;LAS Arena;0;137;149;0;0;0;0;0;0;0;0;0;0;0;0;;;;0;0;0;0;0;0;0;0;0;0;0;0;0;0;0;0;0;0;0;0;0;0;0;0;Regular Season;0;0;0;0;0;0;0;0;0;0
63203;2028;10;26;MIW Arena;0;146;126;0;0;0;0;0;0;0;0;0;0;0;0;;;;0;0;0;0;0;0;0;0;0;0;0;0;0;0;0;0;0;0;0;0;0;0;0;0;Regular Season;0;0;0;0;0;0;0;0;0;0
63215;2028;10;26;SEA Arena;0;135;148;0;0;0;0;0;0;0;0;0;0;0;0;;;;0;0;0;0;0;0;0;0;0;0;0;0;0;0;0;0;0;0;0;0;0;0;0;0;Regular Season;0;0;0;0;0;0;0;0;0;0
63975;2028;10;26;Neville Island Sports Center;0;147;150;0;0;0;0;0;0;0;0;0;0;0;0;;;;0;0;0;0;0;0;0;0;0;0;0;0;0;0;0;0;0;0;0;0;0;0;0;0;Regular Season;0;0;0;0;0;0;0;0;0;0
63204;2028;10;26;CHC Arena;0;138;143;0;0;0;0;0;0;0;0;0;0;0;0;;;;0;0;0;0;0;0;0;0;0;0;0;0;0;0;0;0;0;0;0;0;0;0;0;0;Regular Season;0;0;0;0;0;0;0;0;0;0
63211;2028;10;27;PHL Arena;0;128;142;0;0;0;0;0;0;0;0;0;0;0;0;;;;0;0;0;0;0;0;0;0;0;0;0;0;0;0;0;0;0;0;0;0;0;0;0;0;Regular Season;0;0;0;0;0;0;0;0;0;0
63334;2028;10;27;James Brown Arena;0;127;139;0;0;0;0;0;0;0;0;0;0;0;0;;;;0;0;0;0;0;0;0;0;0;0;0;0;0;0;0;0;0;0;0;0;0;0;0;0;Regular Season;0;0;0;0;0;0;0;0;0;0
63170;2028;10;27;OKA Arena;0;133;144;0;0;0;0;0;0;0;0;0;0;0;0;;;;0;0;0;0;0;0;0;0;0;0;0;0;0;0;0;0;0;0;0;0;0;0;0;0;Regular Season;0;0;0;0;0;0;0;0;0;0
63201;2028;10;27;MEM Arena;0;141;131;0;0;0;0;0;0;0;0;0;0;0;0;;;;0;0;0;0;0;0;0;0;0;0;0;0;0;0;0;0;0;0;0;0;0;0;0;0;Regular Season;0;0;0;0;0;0;0;0;0;0
63278;2028;10;27;Palau de Gel;0;129;148;0;0;0;0;0;0;0;0;0;0;0;0;;;;0;0;0;0;0;0;0;0;0;0;0;0;0;0;0;0;0;0;0;0;0;0;0;0;Regular Season;0;0;0;0;0;0;0;0;0;0
63223;2028;10;27; Arena;0;156;151;0;0;0;0;0;0;0;0;0;0;0;0;;;;0;0;0;0;0;0;0;0;0;0;0;0;0;0;0;0;0;0;0;0;0;0;0;0;Regular Season;0;0;0;0;0;0;0;0;0;0
63193;2028;10;27;JAC Arena;0;149;136;0;0;0;0;0;0;0;0;0;0;0;0;;;;0;0;0;0;0;0;0;0;0;0;0;0;0;0;0;0;0;0;0;0;0;0;0;0;Regular Season;0;0;0;0;0;0;0;0;0;0
63138;2028;10;27;TUC Arena;0;132;150;0;0;0;0;0;0;0;0;0;0;0;0;;;;0;0;0;0;0;0;0;0;0;0;0;0;0;0;0;0;0;0;0;0;0;0;0;0;Regular Season;0;0;0;0;0;0;0;0;0;0
63326;2028;10;27;ELP Arena;0;145;143;0;0;0;0;0;0;0;0;0;0;0;0;;;;0;0;0;0;0;0;0;0;0;0;0;0;0;0;0;0;0;0;0;0;0;0;0;0;Regular Season;0;0;0;0;0;0;0;0;0;0
63344;2028;10;28;MIW Arena;0;146;139;0;0;0;0;0;0;0;0;0;0;0;0;;;;0;0;0;0;0;0;0;0;0;0;0;0;0;0;0;0;0;0;0;0;0;0;0;0;Regular Season;0;0;0;0;0;0;0;0;0;0
63991;2028;10;28;POR Arena;0;142;130;0;0;0;0;0;0;0;0;0;0;0;0;;;;0;0;0;0;0;0;0;0;0;0;0;0;0;0;0;0;0;0;0;0;0;0;0;0;Regular Season;0;0;0;0;0;0;0;0;0;0
63196;2028;10;28; Arena;0;156;151;0;0;0;0;0;0;0;0;0;0;0;0;;;;0;0;0;0;0;0;0;0;0;0;0;0;0;0;0;0;0;0;0;0;0;0;0;0;Regular Season;0;0;0;0;0;0;0;0;0;0
63162;2028;10;28;ZIP Arena;0;134;137;0;0;0;0;0;0;0;0;0;0;0;0;;;;0;0;0;0;0;0;0;0;0;0;0;0;0;0;0;0;0;0;0;0;0;0;0;0;Regular Season;0;0;0;0;0;0;0;0;0;0
63202;2028;10;28;COM Arena;0;136;133;0;0;0;0;0;0;0;0;0;0;0;0;;;;0;0;0;0;0;0;0;0;0;0;0;0;0;0;0;0;0;0;0;0;0;0;0;0;Regular Season;0;0;0;0;0;0;0;0;0;0
63280;2028;10;29;Neville Island Sports Center;0;147;146;0;0;0;0;0;0;0;0;0;0;0;0;;;;0;0;0;0;0;0;0;0;0;0;0;0;0;0;0;0;0;0;0;0;0;0;0;0;Regular Season;0;0;0;0;0;0;0;0;0;0
63264;2028;10;29;LOS Arena;0;126;130;0;0;0;0;0;0;0;0;0;0;0;0;;;;0;0;0;0;0;0;0;0;0;0;0;0;0;0;0;0;0;0;0;0;0;0;0;0;Regular Season;0;0;0;0;0;0;0;0;0;0
63961;2028;10;29;AUS Arena;0;143;141;0;0;0;0;0;0;0;0;0;0;0;0;;;;0;0;0;0;0;0;0;0;0;0;0;0;0;0;0;0;0;0;0;0;0;0;0;0;Regular Season;0;0;0;0;0;0;0;0;0;0
63974;2028;10;29;LAS Arena;0;137;135;0;0;0;0;0;0;0;0;0;0;0;0;;;;0;0;0;0;0;0;0;0;0;0;0;0;0;0;0;0;0;0;0;0;0;0;0;0;Regular Season;0;0;0;0;0;0;0;0;0;0
63155;2028;10;29;TUC Arena;0;132;138;0;0;0;0;0;0;0;0;0;0;0;0;;;;0;0;0;0;0;0;0;0;0;0;0;0;0;0;0;0;0;0;0;0;0;0;0;0;Regular Season;0;0;0;0;0;0;0;0;0;0
63266;2028;10;30; Arena;0;156;127;0;0;0;0;0;0;0;0;0;0;0;0;;;;0;0;0;0;0;0;0;0;0;0;0;0;0;0;0;0;0;0;0;0;0;0;0;0;Regular Season;0;0;0;0;0;0;0;0;0;0
63978;2028;10;30;OKA Arena;0;133;145;0;0;0;0;0;0;0;0;0;0;0;0;;;;0;0;0;0;0;0;0;0;0;0;0;0;0;0;0;0;0;0;0;0;0;0;0;0;Regular Season;0;0;0;0;0;0;0;0;0;0
63194;2028;10;30;WAH Arena;0;148;134;0;0;0;0;0;0;0;0;0;0;0;0;;;;0;0;0;0;0;0;0;0;0;0;0;0;0;0;0;0;0;0;0;0;0;0;0;0;Regular Season;0;0;0;0;0;0;0;0;0;0
63383;2028;10;30;COM Arena;0;136;132;0;0;0;0;0;0;0;0;0;0;0;0;;;;0;0;0;0;0;0;0;0;0;0;0;0;0;0;0;0;0;0;0;0;0;0;0;0;Regular Season;0;0;0;0;0;0;0;0;0;0
63273;2028;10;31;Danbury Ice Arena;0;151;126;0;0;0;0;0;0;0;0;0;0;0;0;;;;0;0;0;0;0;0;0;0;0;0;0;0;0;0;0;0;0;0;0;0;0;0;0;0;Regular Season;0;0;0;0;0;0;0;0;0;0
63219;2028;10;31;AUS Arena;0;143;134;0;0;0;0;0;0;0;0;0;0;0;0;;;;0;0;0;0;0;0;0;0;0;0;0;0;0;0;0;0;0;0;0;0;0;0;0;0;Regular Season;0;0;0;0;0;0;0;0;0;0
63213;2028;10;31;JAC Arena;0;149;156;0;0;0;0;0;0;0;0;0;0;0;0;;;;0;0;0;0;0;0;0;0;0;0;0;0;0;0;0;0;0;0;0;0;0;0;0;0;Regular Season;0;0;0;0;0;0;0;0;0;0
63271;2028;10;31;CAA Arena;0;130;135;0;0;0;0;0;0;0;0;0;0;0;0;;;;0;0;0;0;0;0;0;0;0;0;0;0;0;0;0;0;0;0;0;0;0;0;0;0;Regular Season;0;0;0;0;0;0;0;0;0;0
63209;2028;10;31;FOR Arena;0;139;141;0;0;0;0;0;0;0;0;0;0;0;0;;;;0;0;0;0;0;0;0;0;0;0;0;0;0;0;0;0;0;0;0;0;0;0;0;0;Regular Season;0;0;0;0;0;0;0;0;0;0
63186;2028;10;31;Entire City limits of Houston Arena;0;150;148;0;0;0;0;0;0;0;0;0;0;0;0;;;;0;0;0;0;0;0;0;0;0;0;0;0;0;0;0;0;0;0;0;0;0;0;0;0;Regular Season;0;0;0;0;0;0;0;0;0;0
63171;2028;10;31;DLL Arena;0;144;140;0;0;0;0;0;0;0;0;0;0;0;0;;;;0;0;0;0;0;0;0;0;0;0;0;0;0;0;0;0;0;0;0;0;0;0;0;0;Regular Season;0;0;0;0;0;0;0;0;0;0
63470;2028;10;31;PHL Arena;0;128;127;0;0;0;0;0;0;0;0;0;0;0;0;;;;0;0;0;0;0;0;0;0;0;0;0;0;0;0;0;0;0;0;0;0;0;0;0;0;Regular Season;0;0;0;0;0;0;0;0;0;0
63167;2028;10;31;CHC Arena;0;138;137;0;0;0;0;0;0;0;0;0;0;0;0;;;;0;0;0;0;0;0;0;0;0;0;0;0;0;0;0;0;0;0;0;0;0;0;0;0;Regular Season;0;0;0;0;0;0;0;0;0;0
63251;2028;10;31;MIW Arena;0;146;133;0;0;0;0;0;0;0;0;0;0;0;0;;;;0;0;0;0;0;0;0;0;0;0;0;0;0;0;0;0;0;0;0;0;0;0;0;0;Regular Season;0;0;0;0;0;0;0;0;0;0
63246;2028;10;31;SAN Arena;0;131;145;0;0;0;0;0;0;0;0;0;0;0;0;;;;0;0;0;0;0;0;0;0;0;0;0;0;0;0;0;0;0;0;0;0;0;0;0;0;Regular Season;0;0;0;0;0;0;0;0;0;0
63206;2028;11;1;CHC Arena;0;138;130;0;0;0;0;0;0;0;0;0;0;0;0;;;;0;0;0;0;0;0;0;0;0;0;0;0;0;0;0;0;0;0;0;0;0;0;0;0;Regular Season;0;0;0;0;0;0;0;0;0;0
63419;2028;11;1;Palau de Gel;0;129;146;0;0;0;0;0;0;0;0;0;0;0;0;;;;0;0;0;0;0;0;0;0;0;0;0;0;0;0;0;0;0;0;0;0;0;0;0;0;Regular Season;0;0;0;0;0;0;0;0;0;0
63176;2028;11;1;DLL Arena;0;144;142;0;0;0;0;0;0;0;0;0;0;0;0;;;;0;0;0;0;0;0;0;0;0;0;0;0;0;0;0;0;0;0;0;0;0;0;0;0;Regular Season;0;0;0;0;0;0;0;0;0;0
63250;2028;11;2;PHL Arena;0;128;151;0;0;0;0;0;0;0;0;0;0;0;0;;;;0;0;0;0;0;0;0;0;0;0;0;0;0;0;0;0;0;0;0;0;0;0;0;0;Regular Season;0;0;0;0;0;0;0;0;0;0
63144;2028;11;2;Entire City limits of Houston Arena;0;150;147;0;0;0;0;0;0;0;0;0;0;0;0;;;;0;0;0;0;0;0;0;0;0;0;0;0;0;0;0;0;0;0;0;0;0;0;0;0;Regular Season;0;0;0;0;0;0;0;0;0;0
63272;2028;11;2;OKA Arena;0;133;135;0;0;0;0;0;0;0;0;0;0;0;0;;;;0;0;0;0;0;0;0;0;0;0;0;0;0;0;0;0;0;0;0;0;0;0;0;0;Regular Season;0;0;0;0;0;0;0;0;0;0
63232;2028;11;2;COM Arena;0;136;143;0;0;0;0;0;0;0;0;0;0;0;0;;;;0;0;0;0;0;0;0;0;0;0;0;0;0;0;0;0;0;0;0;0;0;0;0;0;Regular Season;0;0;0;0;0;0;0;0;0;0
63659;2028;11;2;TUC Arena;0;132;126;0;0;0;0;0;0;0;0;0;0;0;0;;;;0;0;0;0;0;0;0;0;0;0;0;0;0;0;0;0;0;0;0;0;0;0;0;0;Regular Season;0;0;0;0;0;0;0;0;0;0
63185;2028;11;2;LAS Arena;0;137;148;0;0;0;0;0;0;0;0;0;0;0;0;;;;0;0;0;0;0;0;0;0;0;0;0;0;0;0;0;0;0;0;0;0;0;0;0;0;Regular Season;0;0;0;0;0;0;0;0;0;0
63226;2028;11;2;JAC Arena;0;149;140;0;0;0;0;0;0;0;0;0;0;0;0;;;;0;0;0;0;0;0;0;0;0;0;0;0;0;0;0;0;0;0;0;0;0;0;0;0;Regular Season;0;0;0;0;0;0;0;0;0;0
63297;2028;11;2;MEM Arena;0;141;139;0;0;0;0;0;0;0;0;0;0;0;0;;;;0;0;0;0;0;0;0;0;0;0;0;0;0;0;0;0;0;0;0;0;0;0;0;0;Regular Season;0;0;0;0;0;0;0;0;0;0
63558;2028;11;2;James Brown Arena;0;127;145;0;0;0;0;0;0;0;0;0;0;0;0;;;;0;0;0;0;0;0;0;0;0;0;0;0;0;0;0;0;0;0;0;0;0;0;0;0;Regular Season;0;0;0;0;0;0;0;0;0;0
63189;2028;11;3;SAN Arena;0;131;137;0;0;0;0;0;0;0;0;0;0;0;0;;;;0;0;0;0;0;0;0;0;0;0;0;0;0;0;0;0;0;0;0;0;0;0;0;0;Regular Season;0;0;0;0;0;0;0;0;0;0
63301;2028;11;3;TUC Arena;0;132;151;0;0;0;0;0;0;0;0;0;0;0;0;;;;0;0;0;0;0;0;0;0;0;0;0;0;0;0;0;0;0;0;0;0;0;0;0;0;Regular Season;0;0;0;0;0;0;0;0;0;0
63149;2028;11;3;SEA Arena;0;135;150;0;0;0;0;0;0;0;0;0;0;0;0;;;;0;0;0;0;0;0;0;0;0;0;0;0;0;0;0;0;0;0;0;0;0;0;0;0;Regular Season;0;0;0;0;0;0;0;0;0;0
63321;2028;11;3;FOR Arena;0;139;126;0;0;0;0;0;0;0;0;0;0;0;0;;;;0;0;0;0;0;0;0;0;0;0;0;0;0;0;0;0;0;0;0;0;0;0;0;0;Regular Season;0;0;0;0;0;0;0;0;0;0
63339;2028;11;3;OKA Arena;0;133;141;0;0;0;0;0;0;0;0;0;0;0;0;;;;0;0;0;0;0;0;0;0;0;0;0;0;0;0;0;0;0;0;0;0;0;0;0;0;Regular Season;0;0;0;0;0;0;0;0;0;0
63238;2028;11;3;Palau de Gel;0;129;134;0;0;0;0;0;0;0;0;0;0;0;0;;;;0;0;0;0;0;0;0;0;0;0;0;0;0;0;0;0;0;0;0;0;0;0;0;0;Regular Season;0;0;0;0;0;0;0;0;0;0
63239;2028;11;3; Arena;0;156;146;0;0;0;0;0;0;0;0;0;0;0;0;;;;0;0;0;0;0;0;0;0;0;0;0;0;0;0;0;0;0;0;0;0;0;0;0;0;Regular Season;0;0;0;0;0;0;0;0;0;0
63247;2028;11;3;COM Arena;0;136;130;0;0;0;0;0;0;0;0;0;0;0;0;;;;0;0;0;0;0;0;0;0;0;0;0;0;0;0;0;0;0;0;0;0;0;0;0;0;Regular Season;0;0;0;0;0;0;0;0;0;0
63244;2028;11;3;AUS Arena;0;143;142;0;0;0;0;0;0;0;0;0;0;0;0;;;;0;0;0;0;0;0;0;0;0;0;0;0;0;0;0;0;0;0;0;0;0;0;0;0;Regular Season;0;0;0;0;0;0;0;0;0;0
63227;2028;11;4;POR Arena;0;142;147;0;0;0;0;0;0;0;0;0;0;0;0;;;;0;0;0;0;0;0;0;0;0;0;0;0;0;0;0;0;0;0;0;0;0;0;0;0;Regular Season;0;0;0;0;0;0;0;0;0;0
63180;2028;11;4;Palau de Gel;0;129;144;0;0;0;0;0;0;0;0;0;0;0;0;;;;0;0;0;0;0;0;0;0;0;0;0;0;0;0;0;0;0;0;0;0;0;0;0;0;Regular Season;0;0;0;0;0;0;0;0;0;0
63781;2028;11;4;CAA Arena;0;130;148;0;0;0;0;0;0;0;0;0;0;0;0;;;;0;0;0;0;0;0;0;0;0;0;0;0;0;0;0;0;0;0;0;0;0;0;0;0;Regular Season;0;0;0;0;0;0;0;0;0;0
63237;2028;11;4;SAN Arena;0;131;149;0;0;0;0;0;0;0;0;0;0;0;0;;;;0;0;0;0;0;0;0;0;0;0;0;0;0;0;0;0;0;0;0;0;0;0;0;0;Regular Season;0;0;0;0;0;0;0;0;0;0
63791;2028;11;5;Danbury Ice Arena;0;151;150;0;0;0;0;0;0;0;0;0;0;0;0;;;;0;0;0;0;0;0;0;0;0;0;0;0;0;0;0;0;0;0;0;0;0;0;0;0;Regular Season;0;0;0;0;0;0;0;0;0;0
63207;2028;11;5;PHL Arena;0;128;138;0;0;0;0;0;0;0;0;0;0;0;0;;;;0;0;0;0;0;0;0;0;0;0;0;0;0;0;0;0;0;0;0;0;0;0;0;0;Regular Season;0;0;0;0;0;0;0;0;0;0
63245;2028;11;5;Neville Island Sports Center;0;147;140;0;0;0;0;0;0;0;0;0;0;0;0;;;;0;0;0;0;0;0;0;0;0;0;0;0;0;0;0;0;0;0;0;0;0;0;0;0;Regular Season;0;0;0;0;0;0;0;0;0;0
63950;2028;11;5;ZIP Arena;0;134;149;0;0;0;0;0;0;0;0;0;0;0;0;;;;0;0;0;0;0;0;0;0;0;0;0;0;0;0;0;0;0;0;0;0;0;0;0;0;Regular Season;0;0;0;0;0;0;0;0;0;0
63971;2028;11;5;ELP Arena;0;145;132;0;0;0;0;0;0;0;0;0;0;0;0;;;;0;0;0;0;0;0;0;0;0;0;0;0;0;0;0;0;0;0;0;0;0;0;0;0;Regular Season;0;0;0;0;0;0;0;0;0;0
63979;2028;11;6;Danbury Ice Arena;0;151;141;0;0;0;0;0;0;0;0;0;0;0;0;;;;0;0;0;0;0;0;0;0;0;0;0;0;0;0;0;0;0;0;0;0;0;0;0;0;Regular Season;0;0;0;0;0;0;0;0;0;0
63305;2028;11;6;HOU Arena;0;140;127;0;0;0;0;0;0;0;0;0;0;0;0;;;;0;0;0;0;0;0;0;0;0;0;0;0;0;0;0;0;0;0;0;0;0;0;0;0;Regular Season;0;0;0;0;0;0;0;0;0;0
63255;2028;11;6;Palau de Gel;0;129;142;0;0;0;0;0;0;0;0;0;0;0;0;;;;0;0;0;0;0;0;0;0;0;0;0;0;0;0;0;0;0;0;0;0;0;0;0;0;Regular Season;0;0;0;0;0;0;0;0;0;0
63248;2028;11;6;SEA Arena;0;135;136;0;0;0;0;0;0;0;0;0;0;0;0;;;;0;0;0;0;0;0;0;0;0;0;0;0;0;0;0;0;0;0;0;0;0;0;0;0;Regular Season;0;0;0;0;0;0;0;0;0;0
63243;2028;11;6;WAH Arena;0;148;131;0;0;0;0;0;0;0;0;0;0;0;0;;;;0;0;0;0;0;0;0;0;0;0;0;0;0;0;0;0;0;0;0;0;0;0;0;0;Regular Season;0;0;0;0;0;0;0;0;0;0
63197;2028;11;6;LAS Arena;0;137;143;0;0;0;0;0;0;0;0;0;0;0;0;;;;0;0;0;0;0;0;0;0;0;0;0;0;0;0;0;0;0;0;0;0;0;0;0;0;Regular Season;0;0;0;0;0;0;0;0;0;0
63289;2028;11;6;TUC Arena;0;132;156;0;0;0;0;0;0;0;0;0;0;0;0;;;;0;0;0;0;0;0;0;0;0;0;0;0;0;0;0;0;0;0;0;0;0;0;0;0;Regular Season;0;0;0;0;0;0;0;0;0;0
63359;2028;11;6;PHL Arena;0;128;130;0;0;0;0;0;0;0;0;0;0;0;0;;;;0;0;0;0;0;0;0;0;0;0;0;0;0;0;0;0;0;0;0;0;0;0;0;0;Regular Season;0;0;0;0;0;0;0;0;0;0
63377;2028;11;7;FOR Arena;0;139;143;0;0;0;0;0;0;0;0;0;0;0;0;;;;0;0;0;0;0;0;0;0;0;0;0;0;0;0;0;0;0;0;0;0;0;0;0;0;Regular Season;0;0;0;0;0;0;0;0;0;0
63254;2028;11;7;LOS Arena;0;126;131;0;0;0;0;0;0;0;0;0;0;0;0;;;;0;0;0;0;0;0;0;0;0;0;0;0;0;0;0;0;0;0;0;0;0;0;0;0;Regular Season;0;0;0;0;0;0;0;0;0;0
63231;2028;11;7;Entire City limits of Houston Arena;0;150;133;0;0;0;0;0;0;0;0;0;0;0;0;;;;0;0;0;0;0;0;0;0;0;0;0;0;0;0;0;0;0;0;0;0;0;0;0;0;Regular Season;0;0;0;0;0;0;0;0;0;0
63249;2028;11;7;JAC Arena;0;149;141;0;0;0;0;0;0;0;0;0;0;0;0;;;;0;0;0;0;0;0;0;0;0;0;0;0;0;0;0;0;0;0;0;0;0;0;0;0;Regular Season;0;0;0;0;0;0;0;0;0;0
63240;2028;11;7;Palau de Gel;0;129;134;0;0;0;0;0;0;0;0;0;0;0;0;;;;0;0;0;0;0;0;0;0;0;0;0;0;0;0;0;0;0;0;0;0;0;0;0;0;Regular Season;0;0;0;0;0;0;0;0;0;0
63274;2028;11;7;Neville Island Sports Center;0;147;130;0;0;0;0;0;0;0;0;0;0;0;0;;;;0;0;0;0;0;0;0;0;0;0;0;0;0;0;0;0;0;0;0;0;0;0;0;0;Regular Season;0;0;0;0;0;0;0;0;0;0
63205;2028;11;7;MIW Arena;0;146;137;0;0;0;0;0;0;0;0;0;0;0;0;;;;0;0;0;0;0;0;0;0;0;0;0;0;0;0;0;0;0;0;0;0;0;0;0;0;Regular Season;0;0;0;0;0;0;0;0;0;0
63187;2028;11;7;WAH Arena;0;148;144;0;0;0;0;0;0;0;0;0;0;0;0;;;;0;0;0;0;0;0;0;0;0;0;0;0;0;0;0;0;0;0;0;0;0;0;0;0;Regular Season;0;0;0;0;0;0;0;0;0;0
63225;2028;11;7;CHC Arena;0;138;136;0;0;0;0;0;0;0;0;0;0;0;0;;;;0;0;0;0;0;0;0;0;0;0;0;0;0;0;0;0;0;0;0;0;0;0;0;0;Regular Season;0;0;0;0;0;0;0;0;0;0
63259;2028;11;8;JAC Arena;0;149;156;0;0;0;0;0;0;0;0;0;0;0;0;;;;0;0;0;0;0;0;0;0;0;0;0;0;0;0;0;0;0;0;0;0;0;0;0;0;Regular Season;0;0;0;0;0;0;0;0;0;0
63190;2028;11;8;DLL Arena;0;144;142;0;0;0;0;0;0;0;0;0;0;0;0;;;;0;0;0;0;0;0;0;0;0;0;0;0;0;0;0;0;0;0;0;0;0;0;0;0;Regular Season;0;0;0;0;0;0;0;0;0;0
63230;2028;11;8;CHC Arena;0;138;127;0;0;0;0;0;0;0;0;0;0;0;0;;;;0;0;0;0;0;0;0;0;0;0;0;0;0;0;0;0;0;0;0;0;0;0;0;0;Regular Season;0;0;0;0;0;0;0;0;0;0
63282;2028;11;9;PHL Arena;0;128;135;0;0;0;0;0;0;0;0;0;0;0;0;;;;0;0;0;0;0;0;0;0;0;0;0;0;0;0;0;0;0;0;0;0;0;0;0;0;Regular Season;0;0;0;0;0;0;0;0;0;0
63327;2028;11;9;HOU Arena;0;140;151;0;0;0;0;0;0;0;0;0;0;0;0;;;;0;0;0;0;0;0;0;0;0;0;0;0;0;0;0;0;0;0;0;0;0;0;0;0;Regular Season;0;0;0;0;0;0;0;0;0;0
63222;2028;11;9;Entire City limits of Houston Arena;0;150;131;0;0;0;0;0;0;0;0;0;0;0;0;;;;0;0;0;0;0;0;0;0;0;0;0;0;0;0;0;0;0;0;0;0;0;0;0;0;Regular Season;0;0;0;0;0;0;0;0;0;0
63360;2028;11;9;AUS Arena;0;143;130;0;0;0;0;0;0;0;0;0;0;0;0;;;;0;0;0;0;0;0;0;0;0;0;0;0;0;0;0;0;0;0;0;0;0;0;0;0;Regular Season;0;0;0;0;0;0;0;0;0;0
63265;2028;11;9;POR Arena;0;142;146;0;0;0;0;0;0;0;0;0;0;0;0;;;;0;0;0;0;0;0;0;0;0;0;0;0;0;0;0;0;0;0;0;0;0;0;0;0;Regular Season;0;0;0;0;0;0;0;0;0;0
63304;2028;11;9;Palau de Gel;0;129;141;0;0;0;0;0;0;0;0;0;0;0;0;;;;0;0;0;0;0;0;0;0;0;0;0;0;0;0;0;0;0;0;0;0;0;0;0;0;Regular Season;0;0;0;0;0;0;0;0;0;0
63689;2028;11;9;FOR Arena;0;139;145;0;0;0;0;0;0;0;0;0;0;0;0;;;;0;0;0;0;0;0;0;0;0;0;0;0;0;0;0;0;0;0;0;0;0;0;0;0;Regular Season;0;0;0;0;0;0;0;0;0;0
63296;2028;11;9;LOS Arena;0;126;148;0;0;0;0;0;0;0;0;0;0;0;0;;;;0;0;0;0;0;0;0;0;0;0;0;0;0;0;0;0;0;0;0;0;0;0;0;0;Regular Season;0;0;0;0;0;0;0;0;0;0
63257;2028;11;9;COM Arena;0;136;134;0;0;0;0;0;0;0;0;0;0;0;0;;;;0;0;0;0;0;0;0;0;0;0;0;0;0;0;0;0;0;0;0;0;0;0;0;0;Regular Season;0;0;0;0;0;0;0;0;0;0
63233;2028;11;10;James Brown Arena;0;127;138;0;0;0;0;0;0;0;0;0;0;0;0;;;;0;0;0;0;0;0;0;0;0;0;0;0;0;0;0;0;0;0;0;0;0;0;0;0;Regular Season;0;0;0;0;0;0;0;0;0;0
63236;2028;11;10;Neville Island Sports Center;0;147;150;0;0;0;0;0;0;0;0;0;0;0;0;;;;0;0;0;0;0;0;0;0;0;0;0;0;0;0;0;0;0;0;0;0;0;0;0;0;Regular Season;0;0;0;0;0;0;0;0;0;0
63460;2028;11;10;ELP Arena;0;145;133;0;0;0;0;0;0;0;0;0;0;0;0;;;;0;0;0;0;0;0;0;0;0;0;0;0;0;0;0;0;0;0;0;0;0;0;0;0;Regular Season;0;0;0;0;0;0;0;0;0;0
63256;2028;11;10;JAC Arena;0;149;132;0;0;0;0;0;0;0;0;0;0;0;0;;;;0;0;0;0;0;0;0;0;0;0;0;0;0;0;0;0;0;0;0;0;0;0;0;0;Regular Season;0;0;0;0;0;0;0;0;0;0
63303;2028;11;10;LOS Arena;0;126;151;0;0;0;0;0;0;0;0;0;0;0;0;;;;0;0;0;0;0;0;0;0;0;0;0;0;0;0;0;0;0;0;0;0;0;0;0;0;Regular Season;0;0;0;0;0;0;0;0;0;0
63317;2028;11;10;SEA Arena;0;135;141;0;0;0;0;0;0;0;0;0;0;0;0;;;;0;0;0;0;0;0;0;0;0;0;0;0;0;0;0;0;0;0;0;0;0;0;0;0;Regular Season;0;0;0;0;0;0;0;0;0;0
63195;2028;11;10;LAS Arena;0;137;144;0;0;0;0;0;0;0;0;0;0;0;0;;;;0;0;0;0;0;0;0;0;0;0;0;0;0;0;0;0;0;0;0;0;0;0;0;0;Regular Season;0;0;0;0;0;0;0;0;0;0
63298;2028;11;10; Arena;0;156;146;0;0;0;0;0;0;0;0;0;0;0;0;;;;0;0;0;0;0;0;0;0;0;0;0;0;0;0;0;0;0;0;0;0;0;0;0;0;Regular Season;0;0;0;0;0;0;0;0;0;0
63788;2028;11;11;COM Arena;0;136;127;0;0;0;0;0;0;0;0;0;0;0;0;;;;0;0;0;0;0;0;0;0;0;0;0;0;0;0;0;0;0;0;0;0;0;0;0;0;Regular Season;0;0;0;0;0;0;0;0;0;0
64009;2028;11;11;OKA Arena;0;133;148;0;0;0;0;0;0;0;0;0;0;0;0;;;;0;0;0;0;0;0;0;0;0;0;0;0;0;0;0;0;0;0;0;0;0;0;0;0;Regular Season;0;0;0;0;0;0;0;0;0;0
63307;2028;11;11;FOR Arena;0;139;140;0;0;0;0;0;0;0;0;0;0;0;0;;;;0;0;0;0;0;0;0;0;0;0;0;0;0;0;0;0;0;0;0;0;0;0;0;0;Regular Season;0;0;0;0;0;0;0;0;0;0
63283;2028;11;11;PHL Arena;0;128;147;0;0;0;0;0;0;0;0;0;0;0;0;;;;0;0;0;0;0;0;0;0;0;0;0;0;0;0;0;0;0;0;0;0;0;0;0;0;Regular Season;0;0;0;0;0;0;0;0;0;0
63557;2028;11;12;FOR Arena;0;139;151;0;0;0;0;0;0;0;0;0;0;0;0;;;;0;0;0;0;0;0;0;0;0;0;0;0;0;0;0;0;0;0;0;0;0;0;0;0;Regular Season;0;0;0;0;0;0;0;0;0;0
64002;2028;11;12;LOS Arena;0;126;137;0;0;0;0;0;0;0;0;0;0;0;0;;;;0;0;0;0;0;0;0;0;0;0;0;0;0;0;0;0;0;0;0;0;0;0;0;0;Regular Season;0;0;0;0;0;0;0;0;0;0
63292;2028;11;12;TUC Arena;0;132;134;0;0;0;0;0;0;0;0;0;0;0;0;;;;0;0;0;0;0;0;0;0;0;0;0;0;0;0;0;0;0;0;0;0;0;0;0;0;Regular Season;0;0;0;0;0;0;0;0;0;0
63589;2028;11;13;TUC Arena;0;132;146;0;0;0;0;0;0;0;0;0;0;0;0;;;;0;0;0;0;0;0;0;0;0;0;0;0;0;0;0;0;0;0;0;0;0;0;0;0;Regular Season;0;0;0;0;0;0;0;0;0;0
63275;2028;11;13;CHC Arena;0;138;150;0;0;0;0;0;0;0;0;0;0;0;0;;;;0;0;0;0;0;0;0;0;0;0;0;0;0;0;0;0;0;0;0;0;0;0;0;0;Regular Season;0;0;0;0;0;0;0;0;0;0
63276;2028;11;13;MEM Arena;0;141;149;0;0;0;0;0;0;0;0;0;0;0;0;;;;0;0;0;0;0;0;0;0;0;0;0;0;0;0;0;0;0;0;0;0;0;0;0;0;Regular Season;0;0;0;0;0;0;0;0;0;0
63348;2028;11;13;WAH Arena;0;148;128;0;0;0;0;0;0;0;0;0;0;0;0;;;;0;0;0;0;0;0;0;0;0;0;0;0;0;0;0;0;0;0;0;0;0;0;0;0;Regular Season;0;0;0;0;0;0;0;0;0;0
63390;2028;11;13; Arena;0;156;143;0;0;0;0;0;0;0;0;0;0;0;0;;;;0;0;0;0;0;0;0;0;0;0;0;0;0;0;0;0;0;0;0;0;0;0;0;0;Regular Season;0;0;0;0;0;0;0;0;0;0
63199;2028;11;13;DLL Arena;0;144;129;0;0;0;0;0;0;0;0;0;0;0;0;;;;0;0;0;0;0;0;0;0;0;0;0;0;0;0;0;0;0;0;0;0;0;0;0;0;Regular Season;0;0;0;0;0;0;0;0;0;0
63405;2028;11;13;Danbury Ice Arena;0;151;127;0;0;0;0;0;0;0;0;0;0;0;0;;;;0;0;0;0;0;0;0;0;0;0;0;0;0;0;0;0;0;0;0;0;0;0;0;0;Regular Season;0;0;0;0;0;0;0;0;0;0
63192;2028;11;14;Entire City limits of Houston Arena;0;150;144;0;0;0;0;0;0;0;0;0;0;0;0;;;;0;0;0;0;0;0;0;0;0;0;0;0;0;0;0;0;0;0;0;0;0;0;0;0;Regular Season;0;0;0;0;0;0;0;0;0;0
63285;2028;11;14;Palau de Gel;0;129;136;0;0;0;0;0;0;0;0;0;0;0;0;;;;0;0;0;0;0;0;0;0;0;0;0;0;0;0;0;0;0;0;0;0;0;0;0;0;Regular Season;0;0;0;0;0;0;0;0;0;0
63279;2028;11;14;JAC Arena;0;149;130;0;0;0;0;0;0;0;0;0;0;0;0;;;;0;0;0;0;0;0;0;0;0;0;0;0;0;0;0;0;0;0;0;0;0;0;0;0;Regular Season;0;0;0;0;0;0;0;0;0;0
63358;2028;11;14;FOR Arena;0;139;148;0;0;0;0;0;0;0;0;0;0;0;0;;;;0;0;0;0;0;0;0;0;0;0;0;0;0;0;0;0;0;0;0;0;0;0;0;0;Regular Season;0;0;0;0;0;0;0;0;0;0
63277;2028;11;14;LAS Arena;0;137;140;0;0;0;0;0;0;0;0;0;0;0;0;;;;0;0;0;0;0;0;0;0;0;0;0;0;0;0;0;0;0;0;0;0;0;0;0;0;Regular Season;0;0;0;0;0;0;0;0;0;0
63267;2028;11;14;SAN Arena;0;131;128;0;0;0;0;0;0;0;0;0;0;0;0;;;;0;0;0;0;0;0;0;0;0;0;0;0;0;0;0;0;0;0;0;0;0;0;0;0;Regular Season;0;0;0;0;0;0;0;0;0;0
63462;2028;11;14;OKA Arena;0;133;156;0;0;0;0;0;0;0;0;0;0;0;0;;;;0;0;0;0;0;0;0;0;0;0;0;0;0;0;0;0;0;0;0;0;0;0;0;0;Regular Season;0;0;0;0;0;0;0;0;0;0
63345;2028;11;14;ZIP Arena;0;134;141;0;0;0;0;0;0;0;0;0;0;0;0;;;;0;0;0;0;0;0;0;0;0;0;0;0;0;0;0;0;0;0;0;0;0;0;0;0;Regular Season;0;0;0;0;0;0;0;0;0;0
63293;2028;11;14;LOS Arena;0;126;142;0;0;0;0;0;0;0;0;0;0;0;0;;;;0;0;0;0;0;0;0;0;0;0;0;0;0;0;0;0;0;0;0;0;0;0;0;0;Regular Season;0;0;0;0;0;0;0;0;0;0
63308;2028;11;15;MIW Arena;0;146;147;0;0;0;0;0;0;0;0;0;0;0;0;;;;0;0;0;0;0;0;0;0;0;0;0;0;0;0;0;0;0;0;0;0;0;0;0;0;Regular Season;0;0;0;0;0;0;0;0;0;0
63268;2028;11;15;CAA Arena;0;130;131;0;0;0;0;0;0;0;0;0;0;0;0;;;;0;0;0;0;0;0;0;0;0;0;0;0;0;0;0;0;0;0;0;0;0;0;0;0;Regular Season;0;0;0;0;0;0;0;0;0;0
63235;2028;11;15;POR Arena;0;142;138;0;0;0;0;0;0;0;0;0;0;0;0;;;;0;0;0;0;0;0;0;0;0;0;0;0;0;0;0;0;0;0;0;0;0;0;0;0;Regular Season;0;0;0;0;0;0;0;0;0;0
63363;2028;11;16;FOR Arena;0;139;127;0;0;0;0;0;0;0;0;0;0;0;0;;;;0;0;0;0;0;0;0;0;0;0;0;0;0;0;0;0;0;0;0;0;0;0;0;0;Regular Season;0;0;0;0;0;0;0;0;0;0
63420;2028;11;16;LOS Arena;0;126;129;0;0;0;0;0;0;0;0;0;0;0;0;;;;0;0;0;0;0;0;0;0;0;0;0;0;0;0;0;0;0;0;0;0;0;0;0;0;Regular Season;0;0;0;0;0;0;0;0;0;0
63263;2028;11;16; Arena;0;156;144;0;0;0;0;0;0;0;0;0;0;0;0;;;;0;0;0;0;0;0;0;0;0;0;0;0;0;0;0;0;0;0;0;0;0;0;0;0;Regular Season;0;0;0;0;0;0;0;0;0;0
63324;2028;11;16;MIW Arena;0;146;140;0;0;0;0;0;0;0;0;0;0;0;0;;;;0;0;0;0;0;0;0;0;0;0;0;0;0;0;0;0;0;0;0;0;0;0;0;0;Regular Season;0;0;0;0;0;0;0;0;0;0
63312;2028;11;16;ZIP Arena;0;134;128;0;0;0;0;0;0;0;0;0;0;0;0;;;;0;0;0;0;0;0;0;0;0;0;0;0;0;0;0;0;0;0;0;0;0;0;0;0;Regular Season;0;0;0;0;0;0;0;0;0;0
63242;2028;11;16;Neville Island Sports Center;0;147;138;0;0;0;0;0;0;0;0;0;0;0;0;;;;0;0;0;0;0;0;0;0;0;0;0;0;0;0;0;0;0;0;0;0;0;0;0;0;Regular Season;0;0;0;0;0;0;0;0;0;0
63347;2028;11;16;AUS Arena;0;143;135;0;0;0;0;0;0;0;0;0;0;0;0;;;;0;0;0;0;0;0;0;0;0;0;0;0;0;0;0;0;0;0;0;0;0;0;0;0;Regular Season;0;0;0;0;0;0;0;0;0;0
63234;2028;11;16;LAS Arena;0;137;136;0;0;0;0;0;0;0;0;0;0;0;0;;;;0;0;0;0;0;0;0;0;0;0;0;0;0;0;0;0;0;0;0;0;0;0;0;0;Regular Season;0;0;0;0;0;0;0;0;0;0
63306;2028;11;17;POR Arena;0;142;133;0;0;0;0;0;0;0;0;0;0;0;0;;;;0;0;0;0;0;0;0;0;0;0;0;0;0;0;0;0;0;0;0;0;0;0;0;0;Regular Season;0;0;0;0;0;0;0;0;0;0
63281;2028;11;17;CAA Arena;0;130;136;0;0;0;0;0;0;0;0;0;0;0;0;;;;0;0;0;0;0;0;0;0;0;0;0;0;0;0;0;0;0;0;0;0;0;0;0;0;Regular Season;0;0;0;0;0;0;0;0;0;0
63290;2028;11;17;HOU Arena;0;140;149;0;0;0;0;0;0;0;0;0;0;0;0;;;;0;0;0;0;0;0;0;0;0;0;0;0;0;0;0;0;0;0;0;0;0;0;0;0;Regular Season;0;0;0;0;0;0;0;0;0;0
63349;2028;11;17;MEM Arena;0;141;132;0;0;0;0;0;0;0;0;0;0;0;0;;;;0;0;0;0;0;0;0;0;0;0;0;0;0;0;0;0;0;0;0;0;0;0;0;0;Regular Season;0;0;0;0;0;0;0;0;0;0
63735;2028;11;17;ELP Arena;0;145;139;0;0;0;0;0;0;0;0;0;0;0;0;;;;0;0;0;0;0;0;0;0;0;0;0;0;0;0;0;0;0;0;0;0;0;0;0;0;Regular Season;0;0;0;0;0;0;0;0;0;0
63387;2028;11;18;LOS Arena;0;126;135;0;0;0;0;0;0;0;0;0;0;0;0;;;;0;0;0;0;0;0;0;0;0;0;0;0;0;0;0;0;0;0;0;0;0;0;0;0;Regular Season;0;0;0;0;0;0;0;0;0;0
63393;2028;11;18;Danbury Ice Arena;0;151;143;0;0;0;0;0;0;0;0;0;0;0;0;;;;0;0;0;0;0;0;0;0;0;0;0;0;0;0;0;0;0;0;0;0;0;0;0;0;Regular Season;0;0;0;0;0;0;0;0;0;0
63957;2028;11;18;MEM Arena;0;141;156;0;0;0;0;0;0;0;0;0;0;0;0;;;;0;0;0;0;0;0;0;0;0;0;0;0;0;0;0;0;0;0;0;0;0;0;0;0;Regular Season;0;0;0;0;0;0;0;0;0;0
63328;2028;11;18;ZIP Arena;0;134;132;0;0;0;0;0;0;0;0;0;0;0;0;;;;0;0;0;0;0;0;0;0;0;0;0;0;0;0;0;0;0;0;0;0;0;0;0;0;Regular Season;0;0;0;0;0;0;0;0;0;0
63336;2028;11;18;OKA Arena;0;133;137;0;0;0;0;0;0;0;0;0;0;0;0;;;;0;0;0;0;0;0;0;0;0;0;0;0;0;0;0;0;0;0;0;0;0;0;0;0;Regular Season;0;0;0;0;0;0;0;0;0;0
63302;2028;11;18;Entire City limits of Houston Arena;0;150;145;0;0;0;0;0;0;0;0;0;0;0;0;;;;0;0;0;0;0;0;0;0;0;0;0;0;0;0;0;0;0;0;0;0;0;0;0;0;Regular Season;0;0;0;0;0;0;0;0;0;0
63483;2028;11;19;CAA Arena;0;130;144;0;0;0;0;0;0;0;0;0;0;0;0;;;;0;0;0;0;0;0;0;0;0;0;0;0;0;0;0;0;0;0;0;0;0;0;0;0;Regular Season;0;0;0;0;0;0;0;0;0;0
63981;2028;11;19;Entire City limits of Houston Arena;0;150;136;0;0;0;0;0;0;0;0;0;0;0;0;;;;0;0;0;0;0;0;0;0;0;0;0;0;0;0;0;0;0;0;0;0;0;0;0;0;Regular Season;0;0;0;0;0;0;0;0;0;0
63270;2028;11;19;SAN Arena;0;131;127;0;0;0;0;0;0;0;0;0;0;0;0;;;;0;0;0;0;0;0;0;0;0;0;0;0;0;0;0;0;0;0;0;0;0;0;0;0;Regular Season;0;0;0;0;0;0;0;0;0;0
63320;2028;11;19;Neville Island Sports Center;0;147;148;0;0;0;0;0;0;0;0;0;0;0;0;;;;0;0;0;0;0;0;0;0;0;0;0;0;0;0;0;0;0;0;0;0;0;0;0;0;Regular Season;0;0;0;0;0;0;0;0;0;0
63636;2028;11;19;SEA Arena;0;135;151;0;0;0;0;0;0;0;0;0;0;0;0;;;;0;0;0;0;0;0;0;0;0;0;0;0;0;0;0;0;0;0;0;0;0;0;0;0;Regular Season;0;0;0;0;0;0;0;0;0;0
64004;2028;11;19;Palau de Gel;0;129;137;0;0;0;0;0;0;0;0;0;0;0;0;;;;0;0;0;0;0;0;0;0;0;0;0;0;0;0;0;0;0;0;0;0;0;0;0;0;Regular Season;0;0;0;0;0;0;0;0;0;0
63260;2028;11;20;SAN Arena;0;131;132;0;0;0;0;0;0;0;0;0;0;0;0;;;;0;0;0;0;0;0;0;0;0;0;0;0;0;0;0;0;0;0;0;0;0;0;0;0;Regular Season;0;0;0;0;0;0;0;0;0;0
63315;2028;11;20;MIW Arena;0;146;149;0;0;0;0;0;0;0;0;0;0;0;0;;;;0;0;0;0;0;0;0;0;0;0;0;0;0;0;0;0;0;0;0;0;0;0;0;0;Regular Season;0;0;0;0;0;0;0;0;0;0
63507;2028;11;20;LOS Arena;0;126;147;0;0;0;0;0;0;0;0;0;0;0;0;;;;0;0;0;0;0;0;0;0;0;0;0;0;0;0;0;0;0;0;0;0;0;0;0;0;Regular Season;0;0;0;0;0;0;0;0;0;0
63446;2028;11;20;AUS Arena;0;143;129;0;0;0;0;0;0;0;0;0;0;0;0;;;;0;0;0;0;0;0;0;0;0;0;0;0;0;0;0;0;0;0;0;0;0;0;0;0;Regular Season;0;0;0;0;0;0;0;0;0;0
63402;2028;11;20;HOU Arena;0;140;128;0;0;0;0;0;0;0;0;0;0;0;0;;;;0;0;0;0;0;0;0;0;0;0;0;0;0;0;0;0;0;0;0;0;0;0;0;0;Regular Season;0;0;0;0;0;0;0;0;0;0
63399;2028;11;21;HOU Arena;0;140;143;0;0;0;0;0;0;0;0;0;0;0;0;;;;0;0;0;0;0;0;0;0;0;0;0;0;0;0;0;0;0;0;0;0;0;0;0;0;Regular Season;0;0;0;0;0;0;0;0;0;0
63404;2028;11;21;Danbury Ice Arena;0;151;137;0;0;0;0;0;0;0;0;0;0;0;0;;;;0;0;0;0;0;0;0;0;0;0;0;0;0;0;0;0;0;0;0;0;0;0;0;0;Regular Season;0;0;0;0;0;0;0;0;0;0
63441;2028;11;21;SEA Arena;0;135;127;0;0;0;0;0;0;0;0;0;0;0;0;;;;0;0;0;0;0;0;0;0;0;0;0;0;0;0;0;0;0;0;0;0;0;0;0;0;Regular Season;0;0;0;0;0;0;0;0;0;0
63620;2028;11;21; Arena;0;156;132;0;0;0;0;0;0;0;0;0;0;0;0;;;;0;0;0;0;0;0;0;0;0;0;0;0;0;0;0;0;0;0;0;0;0;0;0;0;Regular Season;0;0;0;0;0;0;0;0;0;0
63426;2028;11;21;FOR Arena;0;139;141;0;0;0;0;0;0;0;0;0;0;0;0;;;;0;0;0;0;0;0;0;0;0;0;0;0;0;0;0;0;0;0;0;0;0;0;0;0;Regular Season;0;0;0;0;0;0;0;0;0;0
63269;2028;11;21;DLL Arena;0;144;148;0;0;0;0;0;0;0;0;0;0;0;0;;;;0;0;0;0;0;0;0;0;0;0;0;0;0;0;0;0;0;0;0;0;0;0;0;0;Regular Season;0;0;0;0;0;0;0;0;0;0
63295;2028;11;21;ZIP Arena;0;134;138;0;0;0;0;0;0;0;0;0;0;0;0;;;;0;0;0;0;0;0;0;0;0;0;0;0;0;0;0;0;0;0;0;0;0;0;0;0;Regular Season;0;0;0;0;0;0;0;0;0;0
63427;2028;11;21;OKA Arena;0;133;126;0;0;0;0;0;0;0;0;0;0;0;0;;;;0;0;0;0;0;0;0;0;0;0;0;0;0;0;0;0;0;0;0;0;0;0;0;0;Regular Season;0;0;0;0;0;0;0;0;0;0
63314;2028;11;21;ELP Arena;0;145;142;0;0;0;0;0;0;0;0;0;0;0;0;;;;0;0;0;0;0;0;0;0;0;0;0;0;0;0;0;0;0;0;0;0;0;0;0;0;Regular Season;0;0;0;0;0;0;0;0;0;0
63329;2028;11;21;Entire City limits of Houston Arena;0;150;130;0;0;0;0;0;0;0;0;0;0;0;0;;;;0;0;0;0;0;0;0;0;0;0;0;0;0;0;0;0;0;0;0;0;0;0;0;0;Regular Season;0;0;0;0;0;0;0;0;0;0
63340;2028;11;21;JAC Arena;0;149;128;0;0;0;0;0;0;0;0;0;0;0;0;;;;0;0;0;0;0;0;0;0;0;0;0;0;0;0;0;0;0;0;0;0;0;0;0;0;Regular Season;0;0;0;0;0;0;0;0;0;0
63330;2028;11;21;MIW Arena;0;146;136;0;0;0;0;0;0;0;0;0;0;0;0;;;;0;0;0;0;0;0;0;0;0;0;0;0;0;0;0;0;0;0;0;0;0;0;0;0;Regular Season;0;0;0;0;0;0;0;0;0;0
63284;2028;11;22;SAN Arena;0;131;141;0;0;0;0;0;0;0;0;0;0;0;0;;;;0;0;0;0;0;0;0;0;0;0;0;0;0;0;0;0;0;0;0;0;0;0;0;0;Regular Season;0;0;0;0;0;0;0;0;0;0
63331;2028;11;23;COM Arena;0;136;148;0;0;0;0;0;0;0;0;0;0;0;0;;;;0;0;0;0;0;0;0;0;0;0;0;0;0;0;0;0;0;0;0;0;0;0;0;0;Regular Season;0;0;0;0;0;0;0;0;0;0
63323;2028;11;23;FOR Arena;0;139;142;0;0;0;0;0;0;0;0;0;0;0;0;;;;0;0;0;0;0;0;0;0;0;0;0;0;0;0;0;0;0;0;0;0;0;0;0;0;Regular Season;0;0;0;0;0;0;0;0;0;0
63341;2028;11;23;ZIP Arena;0;134;130;0;0;0;0;0;0;0;0;0;0;0;0;;;;0;0;0;0;0;0;0;0;0;0;0;0;0;0;0;0;0;0;0;0;0;0;0;0;Regular Season;0;0;0;0;0;0;0;0;0;0
63362;2028;11;23;ELP Arena;0;145;149;0;0;0;0;0;0;0;0;0;0;0;0;;;;0;0;0;0;0;0;0;0;0;0;0;0;0;0;0;0;0;0;0;0;0;0;0;0;Regular Season;0;0;0;0;0;0;0;0;0;0
63526;2028;11;23;LOS Arena;0;126;156;0;0;0;0;0;0;0;0;0;0;0;0;;;;0;0;0;0;0;0;0;0;0;0;0;0;0;0;0;0;0;0;0;0;0;0;0;0;Regular Season;0;0;0;0;0;0;0;0;0;0
63288;2028;11;23;CHC Arena;0;138;131;0;0;0;0;0;0;0;0;0;0;0;0;;;;0;0;0;0;0;0;0;0;0;0;0;0;0;0;0;0;0;0;0;0;0;0;0;0;Regular Season;0;0;0;0;0;0;0;0;0;0
63421;2028;11;23;LAS Arena;0;137;129;0;0;0;0;0;0;0;0;0;0;0;0;;;;0;0;0;0;0;0;0;0;0;0;0;0;0;0;0;0;0;0;0;0;0;0;0;0;Regular Season;0;0;0;0;0;0;0;0;0;0
63485;2028;11;23;Neville Island Sports Center;0;147;135;0;0;0;0;0;0;0;0;0;0;0;0;;;;0;0;0;0;0;0;0;0;0;0;0;0;0;0;0;0;0;0;0;0;0;0;0;0;Regular Season;0;0;0;0;0;0;0;0;0;0
63342;2028;11;24;TUC Arena;0;132;134;0;0;0;0;0;0;0;0;0;0;0;0;;;;0;0;0;0;0;0;0;0;0;0;0;0;0;0;0;0;0;0;0;0;0;0;0;0;Regular Season;0;0;0;0;0;0;0;0;0;0
63325;2028;11;24;POR Arena;0;142;139;0;0;0;0;0;0;0;0;0;0;0;0;;;;0;0;0;0;0;0;0;0;0;0;0;0;0;0;0;0;0;0;0;0;0;0;0;0;Regular Season;0;0;0;0;0;0;0;0;0;0
63291;2028;11;24;DLL Arena;0;144;127;0;0;0;0;0;0;0;0;0;0;0;0;;;;0;0;0;0;0;0;0;0;0;0;0;0;0;0;0;0;0;0;0;0;0;0;0;0;Regular Season;0;0;0;0;0;0;0;0;0;0
63365;2028;11;24;ELP Arena;0;145;150;0;0;0;0;0;0;0;0;0;0;0;0;;;;0;0;0;0;0;0;0;0;0;0;0;0;0;0;0;0;0;0;0;0;0;0;0;0;Regular Season;0;0;0;0;0;0;0;0;0;0
63448;2028;11;24;OKA Arena;0;133;128;0;0;0;0;0;0;0;0;0;0;0;0;;;;0;0;0;0;0;0;0;0;0;0;0;0;0;0;0;0;0;0;0;0;0;0;0;0;Regular Season;0;0;0;0;0;0;0;0;0;0
63299;2028;11;24;LAS Arena;0;137;138;0;0;0;0;0;0;0;0;0;0;0;0;;;;0;0;0;0;0;0;0;0;0;0;0;0;0;0;0;0;0;0;0;0;0;0;0;0;Regular Season;0;0;0;0;0;0;0;0;0;0
63337;2028;11;24;WAH Arena;0;148;140;0;0;0;0;0;0;0;0;0;0;0;0;;;;0;0;0;0;0;0;0;0;0;0;0;0;0;0;0;0;0;0;0;0;0;0;0;0;Regular Season;0;0;0;0;0;0;0;0;0;0
63310;2028;11;25;Neville Island Sports Center;0;147;144;0;0;0;0;0;0;0;0;0;0;0;0;;;;0;0;0;0;0;0;0;0;0;0;0;0;0;0;0;0;0;0;0;0;0;0;0;0;Regular Season;0;0;0;0;0;0;0;0;0;0
63497;2028;11;25;James Brown Arena;0;127;135;0;0;0;0;0;0;0;0;0;0;0;0;;;;0;0;0;0;0;0;0;0;0;0;0;0;0;0;0;0;0;0;0;0;0;0;0;0;Regular Season;0;0;0;0;0;0;0;0;0;0
63369;2028;11;25;Entire City limits of Houston Arena;0;150;146;0;0;0;0;0;0;0;0;0;0;0;0;;;;0;0;0;0;0;0;0;0;0;0;0;0;0;0;0;0;0;0;0;0;0;0;0;0;Regular Season;0;0;0;0;0;0;0;0;0;0
63713;2028;11;25;Danbury Ice Arena;0;151;143;0;0;0;0;0;0;0;0;0;0;0;0;;;;0;0;0;0;0;0;0;0;0;0;0;0;0;0;0;0;0;0;0;0;0;0;0;0;Regular Season;0;0;0;0;0;0;0;0;0;0
63392;2028;11;25;Palau de Gel;0;129;130;0;0;0;0;0;0;0;0;0;0;0;0;;;;0;0;0;0;0;0;0;0;0;0;0;0;0;0;0;0;0;0;0;0;0;0;0;0;Regular Season;0;0;0;0;0;0;0;0;0;0
63354;2028;11;26;COM Arena;0;136;133;0;0;0;0;0;0;0;0;0;0;0;0;;;;0;0;0;0;0;0;0;0;0;0;0;0;0;0;0;0;0;0;0;0;0;0;0;0;Regular Season;0;0;0;0;0;0;0;0;0;0
63353;2028;11;26; Arena;0;156;141;0;0;0;0;0;0;0;0;0;0;0;0;;;;0;0;0;0;0;0;0;0;0;0;0;0;0;0;0;0;0;0;0;0;0;0;0;0;Regular Season;0;0;0;0;0;0;0;0;0;0
63985;2028;11;27;Neville Island Sports Center;0;147;141;0;0;0;0;0;0;0;0;0;0;0;0;;;;0;0;0;0;0;0;0;0;0;0;0;0;0;0;0;0;0;0;0;0;0;0;0;0;Regular Season;0;0;0;0;0;0;0;0;0;0
63382;2028;11;27;Entire City limits of Houston Arena;0;150;135;0;0;0;0;0;0;0;0;0;0;0;0;;;;0;0;0;0;0;0;0;0;0;0;0;0;0;0;0;0;0;0;0;0;0;0;0;0;Regular Season;0;0;0;0;0;0;0;0;0;0
63374;2028;11;27;LAS Arena;0;137;136;0;0;0;0;0;0;0;0;0;0;0;0;;;;0;0;0;0;0;0;0;0;0;0;0;0;0;0;0;0;0;0;0;0;0;0;0;0;Regular Season;0;0;0;0;0;0;0;0;0;0
63356;2028;11;27;JAC Arena;0;149;131;0;0;0;0;0;0;0;0;0;0;0;0;;;;0;0;0;0;0;0;0;0;0;0;0;0;0;0;0;0;0;0;0;0;0;0;0;0;Regular Season;0;0;0;0;0;0;0;0;0;0
63414;2028;11;27;CAA Arena;0;130;139;0;0;0;0;0;0;0;0;0;0;0;0;;;;0;0;0;0;0;0;0;0;0;0;0;0;0;0;0;0;0;0;0;0;0;0;0;0;Regular Season;0;0;0;0;0;0;0;0;0;0
63313;2028;11;27;AUS Arena;0;143;144;0;0;0;0;0;0;0;0;0;0;0;0;;;;0;0;0;0;0;0;0;0;0;0;0;0;0;0;0;0;0;0;0;0;0;0;0;0;Regular Season;0;0;0;0;0;0;0;0;0;0
63318;2028;11;27;CHC Arena;0;138;151;0;0;0;0;0;0;0;0;0;0;0;0;;;;0;0;0;0;0;0;0;0;0;0;0;0;0;0;0;0;0;0;0;0;0;0;0;0;Regular Season;0;0;0;0;0;0;0;0;0;0
63352;2028;11;28;PHL Arena;0;128;148;0;0;0;0;0;0;0;0;0;0;0;0;;;;0;0;0;0;0;0;0;0;0;0;0;0;0;0;0;0;0;0;0;0;0;0;0;0;Regular Season;0;0;0;0;0;0;0;0;0;0
63319;2028;11;28;SAN Arena;0;131;140;0;0;0;0;0;0;0;0;0;0;0;0;;;;0;0;0;0;0;0;0;0;0;0;0;0;0;0;0;0;0;0;0;0;0;0;0;0;Regular Season;0;0;0;0;0;0;0;0;0;0
63488;2028;11;28;JAC Arena;0;149;143;0;0;0;0;0;0;0;0;0;0;0;0;;;;0;0;0;0;0;0;0;0;0;0;0;0;0;0;0;0;0;0;0;0;0;0;0;0;Regular Season;0;0;0;0;0;0;0;0;0;0
63311;2028;11;28;CAA Arena;0;130;132;0;0;0;0;0;0;0;0;0;0;0;0;;;;0;0;0;0;0;0;0;0;0;0;0;0;0;0;0;0;0;0;0;0;0;0;0;0;Regular Season;0;0;0;0;0;0;0;0;0;0
63455;2028;11;28;SEA Arena;0;135;133;0;0;0;0;0;0;0;0;0;0;0;0;;;;0;0;0;0;0;0;0;0;0;0;0;0;0;0;0;0;0;0;0;0;0;0;0;0;Regular Season;0;0;0;0;0;0;0;0;0;0
63322;2028;11;28;Palau de Gel;0;129;138;0;0;0;0;0;0;0;0;0;0;0;0;;;;0;0;0;0;0;0;0;0;0;0;0;0;0;0;0;0;0;0;0;0;0;0;0;0;Regular Season;0;0;0;0;0;0;0;0;0;0
63386;2028;11;28;Entire City limits of Houston Arena;0;150;127;0;0;0;0;0;0;0;0;0;0;0;0;;;;0;0;0;0;0;0;0;0;0;0;0;0;0;0;0;0;0;0;0;0;0;0;0;0;Regular Season;0;0;0;0;0;0;0;0;0;0
63500;2028;11;28;Neville Island Sports Center;0;147;145;0;0;0;0;0;0;0;0;0;0;0;0;;;;0;0;0;0;0;0;0;0;0;0;0;0;0;0;0;0;0;0;0;0;0;0;0;0;Regular Season;0;0;0;0;0;0;0;0;0;0
63370;2028;11;28;FOR Arena;0;139;134;0;0;0;0;0;0;0;0;0;0;0;0;;;;0;0;0;0;0;0;0;0;0;0;0;0;0;0;0;0;0;0;0;0;0;0;0;0;Regular Season;0;0;0;0;0;0;0;0;0;0
63396;2028;11;28;MIW Arena;0;146;144;0;0;0;0;0;0;0;0;0;0;0;0;;;;0;0;0;0;0;0;0;0;0;0;0;0;0;0;0;0;0;0;0;0;0;0;0;0;Regular Season;0;0;0;0;0;0;0;0;0;0
63343;2028;11;28;POR Arena;0;142;156;0;0;0;0;0;0;0;0;0;0;0;0;;;;0;0;0;0;0;0;0;0;0;0;0;0;0;0;0;0;0;0;0;0;0;0;0;0;Regular Season;0;0;0;0;0;0;0;0;0;0
63366;2028;11;29;ELP Arena;0;145;136;0;0;0;0;0;0;0;0;0;0;0;0;;;;0;0;0;0;0;0;0;0;0;0;0;0;0;0;0;0;0;0;0;0;0;0;0;0;Regular Season;0;0;0;0;0;0;0;0;0;0
63351;2028;11;29;LOS Arena;0;126;134;0;0;0;0;0;0;0;0;0;0;0;0;;;;0;0;0;0;0;0;0;0;0;0;0;0;0;0;0;0;0;0;0;0;0;0;0;0;Regular Season;0;0;0;0;0;0;0;0;0;0
63316;2028;11;30;TUC Arena;0;132;138;0;0;0;0;0;0;0;0;0;0;0;0;;;;0;0;0;0;0;0;0;0;0;0;0;0;0;0;0;0;0;0;0;0;0;0;0;0;Regular Season;0;0;0;0;0;0;0;0;0;0
63413;2028;11;30;HOU Arena;0;140;141;0;0;0;0;0;0;0;0;0;0;0;0;;;;0;0;0;0;0;0;0;0;0;0;0;0;0;0;0;0;0;0;0;0;0;0;0;0;Regular Season;0;0;0;0;0;0;0;0;0;0
63338;2028;11;30;DLL Arena;0;144;156;0;0;0;0;0;0;0;0;0;0;0;0;;;;0;0;0;0;0;0;0;0;0;0;0;0;0;0;0;0;0;0;0;0;0;0;0;0;Regular Season;0;0;0;0;0;0;0;0;0;0
63473;2028;11;30;Neville Island Sports Center;0;147;129;0;0;0;0;0;0;0;0;0;0;0;0;;;;0;0;0;0;0;0;0;0;0;0;0;0;0;0;0;0;0;0;0;0;0;0;0;0;Regular Season;0;0;0;0;0;0;0;0;0;0
63400;2028;11;30;SAN Arena;0;131;126;0;0;0;0;0;0;0;0;0;0;0;0;;;;0;0;0;0;0;0;0;0;0;0;0;0;0;0;0;0;0;0;0;0;0;0;0;0;Regular Season;0;0;0;0;0;0;0;0;0;0
63357;2028;11;30;OKA Arena;0;133;142;0;0;0;0;0;0;0;0;0;0;0;0;;;;0;0;0;0;0;0;0;0;0;0;0;0;0;0;0;0;0;0;0;0;0;0;0;0;Regular Season;0;0;0;0;0;0;0;0;0;0
63410;2028;11;30;PHL Arena;0;128;146;0;0;0;0;0;0;0;0;0;0;0;0;;;;0;0;0;0;0;0;0;0;0;0;0;0;0;0;0;0;0;0;0;0;0;0;0;0;Regular Season;0;0;0;0;0;0;0;0;0;0
63411;2028;12;1;Danbury Ice Arena;0;151;146;0;0;0;0;0;0;0;0;0;0;0;0;;;;0;0;0;0;0;0;0;0;0;0;0;0;0;0;0;0;0;0;0;0;0;0;0;0;Regular Season;0;0;0;0;0;0;0;0;0;0
63361;2028;12;1;SAN Arena;0;131;147;0;0;0;0;0;0;0;0;0;0;0;0;;;;0;0;0;0;0;0;0;0;0;0;0;0;0;0;0;0;0;0;0;0;0;0;0;0;Regular Season;0;0;0;0;0;0;0;0;0;0
63408;2028;12;1;COM Arena;0;136;137;0;0;0;0;0;0;0;0;0;0;0;0;;;;0;0;0;0;0;0;0;0;0;0;0;0;0;0;0;0;0;0;0;0;0;0;0;0;Regular Season;0;0;0;0;0;0;0;0;0;0
63379;2028;12;1;PHL Arena;0;128;150;0;0;0;0;0;0;0;0;0;0;0;0;;;;0;0;0;0;0;0;0;0;0;0;0;0;0;0;0;0;0;0;0;0;0;0;0;0;Regular Season;0;0;0;0;0;0;0;0;0;0
63346;2028;12;1;MEM Arena;0;141;142;0;0;0;0;0;0;0;0;0;0;0;0;;;;0;0;0;0;0;0;0;0;0;0;0;0;0;0;0;0;0;0;0;0;0;0;0;0;Regular Season;0;0;0;0;0;0;0;0;0;0
63586;2028;12;1;AUS Arena;0;143;127;0;0;0;0;0;0;0;0;0;0;0;0;;;;0;0;0;0;0;0;0;0;0;0;0;0;0;0;0;0;0;0;0;0;0;0;0;0;Regular Season;0;0;0;0;0;0;0;0;0;0
63433;2028;12;1;FOR Arena;0;139;130;0;0;0;0;0;0;0;0;0;0;0;0;;;;0;0;0;0;0;0;0;0;0;0;0;0;0;0;0;0;0;0;0;0;0;0;0;0;Regular Season;0;0;0;0;0;0;0;0;0;0
63468;2028;12;1;Palau de Gel;0;129;135;0;0;0;0;0;0;0;0;0;0;0;0;;;;0;0;0;0;0;0;0;0;0;0;0;0;0;0;0;0;0;0;0;0;0;0;0;0;Regular Season;0;0;0;0;0;0;0;0;0;0
63367;2028;12;2;LAS Arena;0;137;134;0;0;0;0;0;0;0;0;0;0;0;0;;;;0;0;0;0;0;0;0;0;0;0;0;0;0;0;0;0;0;0;0;0;0;0;0;0;Regular Season;0;0;0;0;0;0;0;0;0;0
63634;2028;12;2;James Brown Arena;0;127;132;0;0;0;0;0;0;0;0;0;0;0;0;;;;0;0;0;0;0;0;0;0;0;0;0;0;0;0;0;0;0;0;0;0;0;0;0;0;Regular Season;0;0;0;0;0;0;0;0;0;0
63371;2028;12;2;WAH Arena;0;148;151;0;0;0;0;0;0;0;0;0;0;0;0;;;;0;0;0;0;0;0;0;0;0;0;0;0;0;0;0;0;0;0;0;0;0;0;0;0;Regular Season;0;0;0;0;0;0;0;0;0;0
63442;2028;12;2; Arena;0;156;140;0;0;0;0;0;0;0;0;0;0;0;0;;;;0;0;0;0;0;0;0;0;0;0;0;0;0;0;0;0;0;0;0;0;0;0;0;0;Regular Season;0;0;0;0;0;0;0;0;0;0
63375;2028;12;3;WAH Arena;0;148;141;0;0;0;0;0;0;0;0;0;0;0;0;;;;0;0;0;0;0;0;0;0;0;0;0;0;0;0;0;0;0;0;0;0;0;0;0;0;Regular Season;0;0;0;0;0;0;0;0;0;0
63523;2028;12;3;LOS Arena;0;126;133;0;0;0;0;0;0;0;0;0;0;0;0;;;;0;0;0;0;0;0;0;0;0;0;0;0;0;0;0;0;0;0;0;0;0;0;0;0;Regular Season;0;0;0;0;0;0;0;0;0;0
63486;2028;12;3;JAC Arena;0;149;139;0;0;0;0;0;0;0;0;0;0;0;0;;;;0;0;0;0;0;0;0;0;0;0;0;0;0;0;0;0;0;0;0;0;0;0;0;0;Regular Season;0;0;0;0;0;0;0;0;0;0
63564;2028;12;3;ELP Arena;0;145;134;0;0;0;0;0;0;0;0;0;0;0;0;;;;0;0;0;0;0;0;0;0;0;0;0;0;0;0;0;0;0;0;0;0;0;0;0;0;Regular Season;0;0;0;0;0;0;0;0;0;0
63389;2028;12;4;Entire City limits of Houston Arena;0;150;156;0;0;0;0;0;0;0;0;0;0;0;0;;;;0;0;0;0;0;0;0;0;0;0;0;0;0;0;0;0;0;0;0;0;0;0;0;0;Regular Season;0;0;0;0;0;0;0;0;0;0
63452;2028;12;4;COM Arena;0;136;137;0;0;0;0;0;0;0;0;0;0;0;0;;;;0;0;0;0;0;0;0;0;0;0;0;0;0;0;0;0;0;0;0;0;0;0;0;0;Regular Season;0;0;0;0;0;0;0;0;0;0
63376;2028;12;4;POR Arena;0;142;149;0;0;0;0;0;0;0;0;0;0;0;0;;;;0;0;0;0;0;0;0;0;0;0;0;0;0;0;0;0;0;0;0;0;0;0;0;0;Regular Season;0;0;0;0;0;0;0;0;0;0
63364;2028;12;4;HOU Arena;0;140;131;0;0;0;0;0;0;0;0;0;0;0;0;;;;0;0;0;0;0;0;0;0;0;0;0;0;0;0;0;0;0;0;0;0;0;0;0;0;Regular Season;0;0;0;0;0;0;0;0;0;0
63568;2028;12;4;James Brown Arena;0;127;151;0;0;0;0;0;0;0;0;0;0;0;0;;;;0;0;0;0;0;0;0;0;0;0;0;0;0;0;0;0;0;0;0;0;0;0;0;0;Regular Season;0;0;0;0;0;0;0;0;0;0
63484;2028;12;4;OKA Arena;0;133;128;0;0;0;0;0;0;0;0;0;0;0;0;;;;0;0;0;0;0;0;0;0;0;0;0;0;0;0;0;0;0;0;0;0;0;0;0;0;Regular Season;0;0;0;0;0;0;0;0;0;0
63397;2028;12;5;DLL Arena;0;144;147;0;0;0;0;0;0;0;0;0;0;0;0;;;;0;0;0;0;0;0;0;0;0;0;0;0;0;0;0;0;0;0;0;0;0;0;0;0;Regular Season;0;0;0;0;0;0;0;0;0;0
63550;2028;12;5;James Brown Arena;0;127;128;0;0;0;0;0;0;0;0;0;0;0;0;;;;0;0;0;0;0;0;0;0;0;0;0;0;0;0;0;0;0;0;0;0;0;0;0;0;Regular Season;0;0;0;0;0;0;0;0;0;0
63368;2028;12;5;AUS Arena;0;143;131;0;0;0;0;0;0;0;0;0;0;0;0;;;;0;0;0;0;0;0;0;0;0;0;0;0;0;0;0;0;0;0;0;0;0;0;0;0;Regular Season;0;0;0;0;0;0;0;0;0;0
63535;2028;12;5;LOS Arena;0;126;139;0;0;0;0;0;0;0;0;0;0;0;0;;;;0;0;0;0;0;0;0;0;0;0;0;0;0;0;0;0;0;0;0;0;0;0;0;0;Regular Season;0;0;0;0;0;0;0;0;0;0
63416;2028;12;5;POR Arena;0;142;145;0;0;0;0;0;0;0;0;0;0;0;0;;;;0;0;0;0;0;0;0;0;0;0;0;0;0;0;0;0;0;0;0;0;0;0;0;0;Regular Season;0;0;0;0;0;0;0;0;0;0
63432;2028;12;5; Arena;0;156;141;0;0;0;0;0;0;0;0;0;0;0;0;;;;0;0;0;0;0;0;0;0;0;0;0;0;0;0;0;0;0;0;0;0;0;0;0;0;Regular Season;0;0;0;0;0;0;0;0;0;0
63443;2028;12;5;CAA Arena;0;130;129;0;0;0;0;0;0;0;0;0;0;0;0;;;;0;0;0;0;0;0;0;0;0;0;0;0;0;0;0;0;0;0;0;0;0;0;0;0;Regular Season;0;0;0;0;0;0;0;0;0;0
63378;2028;12;5;WAH Arena;0;148;132;0;0;0;0;0;0;0;0;0;0;0;0;;;;0;0;0;0;0;0;0;0;0;0;0;0;0;0;0;0;0;0;0;0;0;0;0;0;Regular Season;0;0;0;0;0;0;0;0;0;0
63332;2028;12;5;CHC Arena;0;138;134;0;0;0;0;0;0;0;0;0;0;0;0;;;;0;0;0;0;0;0;0;0;0;0;0;0;0;0;0;0;0;0;0;0;0;0;0;0;Regular Season;0;0;0;0;0;0;0;0;0;0
63401;2028;12;5;MIW Arena;0;146;150;0;0;0;0;0;0;0;0;0;0;0;0;;;;0;0;0;0;0;0;0;0;0;0;0;0;0;0;0;0;0;0;0;0;0;0;0;0;Regular Season;0;0;0;0;0;0;0;0;0;0
63457;2028;12;5;SEA Arena;0;135;136;0;0;0;0;0;0;0;0;0;0;0;0;;;;0;0;0;0;0;0;0;0;0;0;0;0;0;0;0;0;0;0;0;0;0;0;0;0;Regular Season;0;0;0;0;0;0;0;0;0;0
63496;2028;12;6;FOR Arena;0;139;149;0;0;0;0;0;0;0;0;0;0;0;0;;;;0;0;0;0;0;0;0;0;0;0;0;0;0;0;0;0;0;0;0;0;0;0;0;0;Regular Season;0;0;0;0;0;0;0;0;0;0
63434;2028;12;6;TUC Arena;0;132;130;0;0;0;0;0;0;0;0;0;0;0;0;;;;0;0;0;0;0;0;0;0;0;0;0;0;0;0;0;0;0;0;0;0;0;0;0;0;Regular Season;0;0;0;0;0;0;0;0;0;0
63333;2028;12;6;DLL Arena;0;144;138;0;0;0;0;0;0;0;0;0;0;0;0;;;;0;0;0;0;0;0;0;0;0;0;0;0;0;0;0;0;0;0;0;0;0;0;0;0;Regular Season;0;0;0;0;0;0;0;0;0;0
63499;2028;12;7; Arena;0;156;145;0;0;0;0;0;0;0;0;0;0;0;0;;;;0;0;0;0;0;0;0;0;0;0;0;0;0;0;0;0;0;0;0;0;0;0;0;0;Regular Season;0;0;0;0;0;0;0;0;0;0
63626;2028;12;7;OKA Arena;0;133;127;0;0;0;0;0;0;0;0;0;0;0;0;;;;0;0;0;0;0;0;0;0;0;0;0;0;0;0;0;0;0;0;0;0;0;0;0;0;Regular Season;0;0;0;0;0;0;0;0;0;0
63380;2028;12;7;WAH Arena;0;148;142;0;0;0;0;0;0;0;0;0;0;0;0;;;;0;0;0;0;0;0;0;0;0;0;0;0;0;0;0;0;0;0;0;0;0;0;0;0;Regular Season;0;0;0;0;0;0;0;0;0;0
63439;2028;12;7;MIW Arena;0;146;151;0;0;0;0;0;0;0;0;0;0;0;0;;;;0;0;0;0;0;0;0;0;0;0;0;0;0;0;0;0;0;0;0;0;0;0;0;0;Regular Season;0;0;0;0;0;0;0;0;0;0
63372;2028;12;7;ZIP Arena;0;134;131;0;0;0;0;0;0;0;0;0;0;0;0;;;;0;0;0;0;0;0;0;0;0;0;0;0;0;0;0;0;0;0;0;0;0;0;0;0;Regular Season;0;0;0;0;0;0;0;0;0;0
63476;2028;12;7;Neville Island Sports Center;0;147;137;0;0;0;0;0;0;0;0;0;0;0;0;;;;0;0;0;0;0;0;0;0;0;0;0;0;0;0;0;0;0;0;0;0;0;0;0;0;Regular Season;0;0;0;0;0;0;0;0;0;0
63482;2028;12;7;HOU Arena;0;140;135;0;0;0;0;0;0;0;0;0;0;0;0;;;;0;0;0;0;0;0;0;0;0;0;0;0;0;0;0;0;0;0;0;0;0;0;0;0;Regular Season;0;0;0;0;0;0;0;0;0;0
63479;2028;12;7;MEM Arena;0;141;143;0;0;0;0;0;0;0;0;0;0;0;0;;;;0;0;0;0;0;0;0;0;0;0;0;0;0;0;0;0;0;0;0;0;0;0;0;0;Regular Season;0;0;0;0;0;0;0;0;0;0
63335;2028;12;8;CHC Arena;0;138;129;0;0;0;0;0;0;0;0;0;0;0;0;;;;0;0;0;0;0;0;0;0;0;0;0;0;0;0;0;0;0;0;0;0;0;0;0;0;Regular Season;0;0;0;0;0;0;0;0;0;0
63395;2028;12;8;WAH Arena;0;148;149;0;0;0;0;0;0;0;0;0;0;0;0;;;;0;0;0;0;0;0;0;0;0;0;0;0;0;0;0;0;0;0;0;0;0;0;0;0;Regular Season;0;0;0;0;0;0;0;0;0;0
63498;2028;12;8;MIW Arena;0;146;151;0;0;0;0;0;0;0;0;0;0;0;0;;;;0;0;0;0;0;0;0;0;0;0;0;0;0;0;0;0;0;0;0;0;0;0;0;0;Regular Season;0;0;0;0;0;0;0;0;0;0
63406;2028;12;8;DLL Arena;0;144;126;0;0;0;0;0;0;0;0;0;0;0;0;;;;0;0;0;0;0;0;0;0;0;0;0;0;0;0;0;0;0;0;0;0;0;0;0;0;Regular Season;0;0;0;0;0;0;0;0;0;0
63464;2028;12;8;CAA Arena;0;130;145;0;0;0;0;0;0;0;0;0;0;0;0;;;;0;0;0;0;0;0;0;0;0;0;0;0;0;0;0;0;0;0;0;0;0;0;0;0;Regular Season;0;0;0;0;0;0;0;0;0;0
63422;2028;12;8;HOU Arena;0;140;137;0;0;0;0;0;0;0;0;0;0;0;0;;;;0;0;0;0;0;0;0;0;0;0;0;0;0;0;0;0;0;0;0;0;0;0;0;0;Regular Season;0;0;0;0;0;0;0;0;0;0
63574;2028;12;9;OKA Arena;0;133;132;0;0;0;0;0;0;0;0;0;0;0;0;;;;0;0;0;0;0;0;0;0;0;0;0;0;0;0;0;0;0;0;0;0;0;0;0;0;Regular Season;0;0;0;0;0;0;0;0;0;0
63475;2028;12;9;MEM Arena;0;141;126;0;0;0;0;0;0;0;0;0;0;0;0;;;;0;0;0;0;0;0;0;0;0;0;0;0;0;0;0;0;0;0;0;0;0;0;0;0;Regular Season;0;0;0;0;0;0;0;0;0;0
63381;2028;12;9;Entire City limits of Houston Arena;0;150;134;0;0;0;0;0;0;0;0;0;0;0;0;;;;0;0;0;0;0;0;0;0;0;0;0;0;0;0;0;0;0;0;0;0;0;0;0;0;Regular Season;0;0;0;0;0;0;0;0;0;0
63418;2028;12;10;COM Arena;0;136;147;0;0;0;0;0;0;0;0;0;0;0;0;;;;0;0;0;0;0;0;0;0;0;0;0;0;0;0;0;0;0;0;0;0;0;0;0;0;Regular Season;0;0;0;0;0;0;0;0;0;0
63732;2028;12;10;SEA Arena;0;135;139;0;0;0;0;0;0;0;0;0;0;0;0;;;;0;0;0;0;0;0;0;0;0;0;0;0;0;0;0;0;0;0;0;0;0;0;0;0;Regular Season;0;0;0;0;0;0;0;0;0;0
63492;2028;12;10;Palau de Gel;0;129;128;0;0;0;0;0;0;0;0;0;0;0;0;;;;0;0;0;0;0;0;0;0;0;0;0;0;0;0;0;0;0;0;0;0;0;0;0;0;Regular Season;0;0;0;0;0;0;0;0;0;0
63425;2028;12;11;WAH Arena;0;148;142;0;0;0;0;0;0;0;0;0;0;0;0;;;;0;0;0;0;0;0;0;0;0;0;0;0;0;0;0;0;0;0;0;0;0;0;0;0;Regular Season;0;0;0;0;0;0;0;0;0;0
63474;2028;12;11;CAA Arena;0;130;147;0;0;0;0;0;0;0;0;0;0;0;0;;;;0;0;0;0;0;0;0;0;0;0;0;0;0;0;0;0;0;0;0;0;0;0;0;0;Regular Season;0;0;0;0;0;0;0;0;0;0
63549;2028;12;11;Palau de Gel;0;129;127;0;0;0;0;0;0;0;0;0;0;0;0;;;;0;0;0;0;0;0;0;0;0;0;0;0;0;0;0;0;0;0;0;0;0;0;0;0;Regular Season;0;0;0;0;0;0;0;0;0;0
63423;2028;12;11;SEA Arena;0;135;134;0;0;0;0;0;0;0;0;0;0;0;0;;;;0;0;0;0;0;0;0;0;0;0;0;0;0;0;0;0;0;0;0;0;0;0;0;0;Regular Season;0;0;0;0;0;0;0;0;0;0
63403;2028;12;11;Danbury Ice Arena;0;151;131;0;0;0;0;0;0;0;0;0;0;0;0;;;;0;0;0;0;0;0;0;0;0;0;0;0;0;0;0;0;0;0;0;0;0;0;0;0;Regular Season;0;0;0;0;0;0;0;0;0;0
63727;2028;12;11;AUS Arena;0;143;156;0;0;0;0;0;0;0;0;0;0;0;0;;;;0;0;0;0;0;0;0;0;0;0;0;0;0;0;0;0;0;0;0;0;0;0;0;0;Regular Season;0;0;0;0;0;0;0;0;0;0
63493;2028;12;11;MIW Arena;0;146;141;0;0;0;0;0;0;0;0;0;0;0;0;;;;0;0;0;0;0;0;0;0;0;0;0;0;0;0;0;0;0;0;0;0;0;0;0;0;Regular Season;0;0;0;0;0;0;0;0;0;0
63501;2028;12;11;LOS Arena;0;126;149;0;0;0;0;0;0;0;0;0;0;0;0;;;;0;0;0;0;0;0;0;0;0;0;0;0;0;0;0;0;0;0;0;0;0;0;0;0;Regular Season;0;0;0;0;0;0;0;0;0;0
63385;2028;12;11;Entire City limits of Houston Arena;0;150;138;0;0;0;0;0;0;0;0;0;0;0;0;;;;0;0;0;0;0;0;0;0;0;0;0;0;0;0;0;0;0;0;0;0;0;0;0;0;Regular Season;0;0;0;0;0;0;0;0;0;0
63852;2028;12;11;HOU Arena;0;140;145;0;0;0;0;0;0;0;0;0;0;0;0;;;;0;0;0;0;0;0;0;0;0;0;0;0;0;0;0;0;0;0;0;0;0;0;0;0;Regular Season;0;0;0;0;0;0;0;0;0;0
63517;2028;12;12;ELP Arena;0;145;141;0;0;0;0;0;0;0;0;0;0;0;0;;;;0;0;0;0;0;0;0;0;0;0;0;0;0;0;0;0;0;0;0;0;0;0;0;0;Regular Season;0;0;0;0;0;0;0;0;0;0
63552;2028;12;12;AUS Arena;0;143;140;0;0;0;0;0;0;0;0;0;0;0;0;;;;0;0;0;0;0;0;0;0;0;0;0;0;0;0;0;0;0;0;0;0;0;0;0;0;Regular Season;0;0;0;0;0;0;0;0;0;0
63350;2028;12;12;CHC Arena;0;138;148;0;0;0;0;0;0;0;0;0;0;0;0;;;;0;0;0;0;0;0;0;0;0;0;0;0;0;0;0;0;0;0;0;0;0;0;0;0;Regular Season;0;0;0;0;0;0;0;0;0;0
63373;2028;12;12;SAN Arena;0;131;128;0;0;0;0;0;0;0;0;0;0;0;0;;;;0;0;0;0;0;0;0;0;0;0;0;0;0;0;0;0;0;0;0;0;0;0;0;0;Regular Season;0;0;0;0;0;0;0;0;0;0
63692;2028;12;12;OKA Arena;0;133;132;0;0;0;0;0;0;0;0;0;0;0;0;;;;0;0;0;0;0;0;0;0;0;0;0;0;0;0;0;0;0;0;0;0;0;0;0;0;Regular Season;0;0;0;0;0;0;0;0;0;0
63391;2028;12;12;ZIP Arena;0;134;142;0;0;0;0;0;0;0;0;0;0;0;0;;;;0;0;0;0;0;0;0;0;0;0;0;0;0;0;0;0;0;0;0;0;0;0;0;0;Regular Season;0;0;0;0;0;0;0;0;0;0
63495;2028;12;12;CAA Arena;0;130;126;0;0;0;0;0;0;0;0;0;0;0;0;;;;0;0;0;0;0;0;0;0;0;0;0;0;0;0;0;0;0;0;0;0;0;0;0;0;Regular Season;0;0;0;0;0;0;0;0;0;0
63417;2028;12;12;LAS Arena;0;137;150;0;0;0;0;0;0;0;0;0;0;0;0;;;;0;0;0;0;0;0;0;0;0;0;0;0;0;0;0;0;0;0;0;0;0;0;0;0;Regular Season;0;0;0;0;0;0;0;0;0;0
63512;2028;12;12;FOR Arena;0;139;146;0;0;0;0;0;0;0;0;0;0;0;0;;;;0;0;0;0;0;0;0;0;0;0;0;0;0;0;0;0;0;0;0;0;0;0;0;0;Regular Season;0;0;0;0;0;0;0;0;0;0
63424;2028;12;12;COM Arena;0;136;144;0;0;0;0;0;0;0;0;0;0;0;0;;;;0;0;0;0;0;0;0;0;0;0;0;0;0;0;0;0;0;0;0;0;0;0;0;0;Regular Season;0;0;0;0;0;0;0;0;0;0
63938;2028;12;13;TUC Arena;0;132;127;0;0;0;0;0;0;0;0;0;0;0;0;;;;0;0;0;0;0;0;0;0;0;0;0;0;0;0;0;0;0;0;0;0;0;0;0;0;Regular Season;0;0;0;0;0;0;0;0;0;0
63384;2028;12;14;MIW Arena;0;146;134;0;0;0;0;0;0;0;0;0;0;0;0;;;;0;0;0;0;0;0;0;0;0;0;0;0;0;0;0;0;0;0;0;0;0;0;0;0;Regular Season;0;0;0;0;0;0;0;0;0;0
63592;2028;12;14;Palau de Gel;0;129;127;0;0;0;0;0;0;0;0;0;0;0;0;;;;0;0;0;0;0;0;0;0;0;0;0;0;0;0;0;0;0;0;0;0;0;0;0;0;Regular Season;0;0;0;0;0;0;0;0;0;0
63471;2028;12;14;Danbury Ice Arena;0;151;144;0;0;0;0;0;0;0;0;0;0;0;0;;;;0;0;0;0;0;0;0;0;0;0;0;0;0;0;0;0;0;0;0;0;0;0;0;0;Regular Season;0;0;0;0;0;0;0;0;0;0
63409;2028;12;14;WAH Arena;0;148;145;0;0;0;0;0;0;0;0;0;0;0;0;;;;0;0;0;0;0;0;0;0;0;0;0;0;0;0;0;0;0;0;0;0;0;0;0;0;Regular Season;0;0;0;0;0;0;0;0;0;0
63415;2028;12;14;Entire City limits of Houston Arena;0;150;126;0;0;0;0;0;0;0;0;0;0;0;0;;;;0;0;0;0;0;0;0;0;0;0;0;0;0;0;0;0;0;0;0;0;0;0;0;0;Regular Season;0;0;0;0;0;0;0;0;0;0
63388;2028;12;14;SAN Arena;0;131;135;0;0;0;0;0;0;0;0;0;0;0;0;;;;0;0;0;0;0;0;0;0;0;0;0;0;0;0;0;0;0;0;0;0;0;0;0;0;Regular Season;0;0;0;0;0;0;0;0;0;0
63518;2028;12;14;MEM Arena;0;141;128;0;0;0;0;0;0;0;0;0;0;0;0;;;;0;0;0;0;0;0;0;0;0;0;0;0;0;0;0;0;0;0;0;0;0;0;0;0;Regular Season;0;0;0;0;0;0;0;0;0;0
63449;2028;12;14;LAS Arena;0;137;130;0;0;0;0;0;0;0;0;0;0;0;0;;;;0;0;0;0;0;0;0;0;0;0;0;0;0;0;0;0;0;0;0;0;0;0;0;0;Regular Season;0;0;0;0;0;0;0;0;0;0
63513;2028;12;14;OKA Arena;0;133;147;0;0;0;0;0;0;0;0;0;0;0;0;;;;0;0;0;0;0;0;0;0;0;0;0;0;0;0;0;0;0;0;0;0;0;0;0;0;Regular Season;0;0;0;0;0;0;0;0;0;0
63494;2028;12;14;HOU Arena;0;140;139;0;0;0;0;0;0;0;0;0;0;0;0;;;;0;0;0;0;0;0;0;0;0;0;0;0;0;0;0;0;0;0;0;0;0;0;0;0;Regular Season;0;0;0;0;0;0;0;0;0;0
63520;2028;12;15;Neville Island Sports Center;0;147;139;0;0;0;0;0;0;0;0;0;0;0;0;;;;0;0;0;0;0;0;0;0;0;0;0;0;0;0;0;0;0;0;0;0;0;0;0;0;Regular Season;0;0;0;0;0;0;0;0;0;0
63565;2028;12;15;LAS Arena;0;137;135;0;0;0;0;0;0;0;0;0;0;0;0;;;;0;0;0;0;0;0;0;0;0;0;0;0;0;0;0;0;0;0;0;0;0;0;0;0;Regular Season;0;0;0;0;0;0;0;0;0;0
63604;2028;12;15;Palau de Gel;0;129;156;0;0;0;0;0;0;0;0;0;0;0;0;;;;0;0;0;0;0;0;0;0;0;0;0;0;0;0;0;0;0;0;0;0;0;0;0;0;Regular Season;0;0;0;0;0;0;0;0;0;0
63487;2028;12;15;OKA Arena;0;133;136;0;0;0;0;0;0;0;0;0;0;0;0;;;;0;0;0;0;0;0;0;0;0;0;0;0;0;0;0;0;0;0;0;0;0;0;0;0;Regular Season;0;0;0;0;0;0;0;0;0;0
63570;2028;12;15;AUS Arena;0;143;145;0;0;0;0;0;0;0;0;0;0;0;0;;;;0;0;0;0;0;0;0;0;0;0;0;0;0;0;0;0;0;0;0;0;0;0;0;0;Regular Season;0;0;0;0;0;0;0;0;0;0
63355;2028;12;15;CHC Arena;0;138;140;0;0;0;0;0;0;0;0;0;0;0;0;;;;0;0;0;0;0;0;0;0;0;0;0;0;0;0;0;0;0;0;0;0;0;0;0;0;Regular Season;0;0;0;0;0;0;0;0;0;0
63968;2028;12;16;ZIP Arena;0;134;127;0;0;0;0;0;0;0;0;0;0;0;0;;;;0;0;0;0;0;0;0;0;0;0;0;0;0;0;0;0;0;0;0;0;0;0;0;0;Regular Season;0;0;0;0;0;0;0;0;0;0
63983;2028;12;16;Danbury Ice Arena;0;151;132;0;0;0;0;0;0;0;0;0;0;0;0;;;;0;0;0;0;0;0;0;0;0;0;0;0;0;0;0;0;0;0;0;0;0;0;0;0;Regular Season;0;0;0;0;0;0;0;0;0;0
63435;2028;12;16;DLL Arena;0;144;149;0;0;0;0;0;0;0;0;0;0;0;0;;;;0;0;0;0;0;0;0;0;0;0;0;0;0;0;0;0;0;0;0;0;0;0;0;0;Regular Season;0;0;0;0;0;0;0;0;0;0
63458;2028;12;17;PHL Arena;0;128;136;0;0;0;0;0;0;0;0;0;0;0;0;;;;0;0;0;0;0;0;0;0;0;0;0;0;0;0;0;0;0;0;0;0;0;0;0;0;Regular Season;0;0;0;0;0;0;0;0;0;0
63437;2028;12;17;POR Arena;0;142;149;0;0;0;0;0;0;0;0;0;0;0;0;;;;0;0;0;0;0;0;0;0;0;0;0;0;0;0;0;0;0;0;0;0;0;0;0;0;Regular Season;0;0;0;0;0;0;0;0;0;0
63934;2028;12;18;AUS Arena;0;143;132;0;0;0;0;0;0;0;0;0;0;0;0;;;;0;0;0;0;0;0;0;0;0;0;0;0;0;0;0;0;0;0;0;0;0;0;0;0;Regular Season;0;0;0;0;0;0;0;0;0;0
63509;2028;12;18;CAA Arena;0;130;127;0;0;0;0;0;0;0;0;0;0;0;0;;;;0;0;0;0;0;0;0;0;0;0;0;0;0;0;0;0;0;0;0;0;0;0;0;0;Regular Season;0;0;0;0;0;0;0;0;0;0
63445;2028;12;18;POR Arena;0;142;135;0;0;0;0;0;0;0;0;0;0;0;0;;;;0;0;0;0;0;0;0;0;0;0;0;0;0;0;0;0;0;0;0;0;0;0;0;0;Regular Season;0;0;0;0;0;0;0;0;0;0
63436;2028;12;18;Entire City limits of Houston Arena;0;150;146;0;0;0;0;0;0;0;0;0;0;0;0;;;;0;0;0;0;0;0;0;0;0;0;0;0;0;0;0;0;0;0;0;0;0;0;0;0;Regular Season;0;0;0;0;0;0;0;0;0;0
63447;2028;12;18;ZIP Arena;0;134;126;0;0;0;0;0;0;0;0;0;0;0;0;;;;0;0;0;0;0;0;0;0;0;0;0;0;0;0;0;0;0;0;0;0;0;0;0;0;Regular Season;0;0;0;0;0;0;0;0;0;0
63481;2028;12;18;DLL Arena;0;144;139;0;0;0;0;0;0;0;0;0;0;0;0;;;;0;0;0;0;0;0;0;0;0;0;0;0;0;0;0;0;0;0;0;0;0;0;0;0;Regular Season;0;0;0;0;0;0;0;0;0;0
63617;2028;12;18;LAS Arena;0;137;145;0;0;0;0;0;0;0;0;0;0;0;0;;;;0;0;0;0;0;0;0;0;0;0;0;0;0;0;0;0;0;0;0;0;0;0;0;0;Regular Season;0;0;0;0;0;0;0;0;0;0
63542;2028;12;19;CAA Arena;0;130;133;0;0;0;0;0;0;0;0;0;0;0;0;;;;0;0;0;0;0;0;0;0;0;0;0;0;0;0;0;0;0;0;0;0;0;0;0;0;Regular Season;0;0;0;0;0;0;0;0;0;0
63666;2028;12;19; Arena;0;156;135;0;0;0;0;0;0;0;0;0;0;0;0;;;;0;0;0;0;0;0;0;0;0;0;0;0;0;0;0;0;0;0;0;0;0;0;0;0;Regular Season;0;0;0;0;0;0;0;0;0;0
63662;2028;12;19;LOS Arena;0;126;127;0;0;0;0;0;0;0;0;0;0;0;0;;;;0;0;0;0;0;0;0;0;0;0;0;0;0;0;0;0;0;0;0;0;0;0;0;0;Regular Season;0;0;0;0;0;0;0;0;0;0
63503;2028;12;19;JAC Arena;0;149;145;0;0;0;0;0;0;0;0;0;0;0;0;;;;0;0;0;0;0;0;0;0;0;0;0;0;0;0;0;0;0;0;0;0;0;0;0;0;Regular Season;0;0;0;0;0;0;0;0;0;0
63502;2028;12;19;Neville Island Sports Center;0;147;139;0;0;0;0;0;0;0;0;0;0;0;0;;;;0;0;0;0;0;0;0;0;0;0;0;0;0;0;0;0;0;0;0;0;0;0;0;0;Regular Season;0;0;0;0;0;0;0;0;0;0
63438;2028;12;19;ZIP Arena;0;134;150;0;0;0;0;0;0;0;0;0;0;0;0;;;;0;0;0;0;0;0;0;0;0;0;0;0;0;0;0;0;0;0;0;0;0;0;0;0;Regular Season;0;0;0;0;0;0;0;0;0;0
63528;2028;12;19;PHL Arena;0;128;144;0;0;0;0;0;0;0;0;0;0;0;0;;;;0;0;0;0;0;0;0;0;0;0;0;0;0;0;0;0;0;0;0;0;0;0;0;0;Regular Season;0;0;0;0;0;0;0;0;0;0
63412;2028;12;19;SAN Arena;0;131;129;0;0;0;0;0;0;0;0;0;0;0;0;;;;0;0;0;0;0;0;0;0;0;0;0;0;0;0;0;0;0;0;0;0;0;0;0;0;Regular Season;0;0;0;0;0;0;0;0;0;0
63800;2028;12;19;AUS Arena;0;143;140;0;0;0;0;0;0;0;0;0;0;0;0;;;;0;0;0;0;0;0;0;0;0;0;0;0;0;0;0;0;0;0;0;0;0;0;0;0;Regular Season;0;0;0;0;0;0;0;0;0;0
63428;2028;12;19;WAH Arena;0;148;146;0;0;0;0;0;0;0;0;0;0;0;0;;;;0;0;0;0;0;0;0;0;0;0;0;0;0;0;0;0;0;0;0;0;0;0;0;0;Regular Season;0;0;0;0;0;0;0;0;0;0
63506;2028;12;19;MEM Arena;0;141;136;0;0;0;0;0;0;0;0;0;0;0;0;;;;0;0;0;0;0;0;0;0;0;0;0;0;0;0;0;0;0;0;0;0;0;0;0;0;Regular Season;0;0;0;0;0;0;0;0;0;0
63394;2028;12;19;Danbury Ice Arena;0;151;138;0;0;0;0;0;0;0;0;0;0;0;0;;;;0;0;0;0;0;0;0;0;0;0;0;0;0;0;0;0;0;0;0;0;0;0;0;0;Regular Season;0;0;0;0;0;0;0;0;0;0
63429;2028;12;20;OKA Arena;0;133;131;0;0;0;0;0;0;0;0;0;0;0;0;;;;0;0;0;0;0;0;0;0;0;0;0;0;0;0;0;0;0;0;0;0;0;0;0;0;Regular Season;0;0;0;0;0;0;0;0;0;0
63701;2028;12;21;LOS Arena;0;126;132;0;0;0;0;0;0;0;0;0;0;0;0;;;;0;0;0;0;0;0;0;0;0;0;0;0;0;0;0;0;0;0;0;0;0;0;0;0;Regular Season;0;0;0;0;0;0;0;0;0;0
63451;2028;12;21;DLL Arena;0;144;150;0;0;0;0;0;0;0;0;0;0;0;0;;;;0;0;0;0;0;0;0;0;0;0;0;0;0;0;0;0;0;0;0;0;0;0;0;0;Regular Season;0;0;0;0;0;0;0;0;0;0
63454;2028;12;21;POR Arena;0;142;127;0;0;0;0;0;0;0;0;0;0;0;0;;;;0;0;0;0;0;0;0;0;0;0;0;0;0;0;0;0;0;0;0;0;0;0;0;0;Regular Season;0;0;0;0;0;0;0;0;0;0
63521;2028;12;21;Neville Island Sports Center;0;147;128;0;0;0;0;0;0;0;0;0;0;0;0;;;;0;0;0;0;0;0;0;0;0;0;0;0;0;0;0;0;0;0;0;0;0;0;0;0;Regular Season;0;0;0;0;0;0;0;0;0;0
63459;2028;12;21;MEM Arena;0;141;148;0;0;0;0;0;0;0;0;0;0;0;0;;;;0;0;0;0;0;0;0;0;0;0;0;0;0;0;0;0;0;0;0;0;0;0;0;0;Regular Season;0;0;0;0;0;0;0;0;0;0
63431;2028;12;21;COM Arena;0;136;138;0;0;0;0;0;0;0;0;0;0;0;0;;;;0;0;0;0;0;0;0;0;0;0;0;0;0;0;0;0;0;0;0;0;0;0;0;0;Regular Season;0;0;0;0;0;0;0;0;0;0
63603;2028;12;21;Palau de Gel;0;129;140;0;0;0;0;0;0;0;0;0;0;0;0;;;;0;0;0;0;0;0;0;0;0;0;0;0;0;0;0;0;0;0;0;0;0;0;0;0;Regular Season;0;0;0;0;0;0;0;0;0;0
63430;2028;12;21;ZIP Arena;0;134;151;0;0;0;0;0;0;0;0;0;0;0;0;;;;0;0;0;0;0;0;0;0;0;0;0;0;0;0;0;0;0;0;0;0;0;0;0;0;Regular Season;0;0;0;0;0;0;0;0;0;0
63803;2028;12;22;DLL Arena;0;144;137;0;0;0;0;0;0;0;0;0;0;0;0;;;;0;0;0;0;0;0;0;0;0;0;0;0;0;0;0;0;0;0;0;0;0;0;0;0;Regular Season;0;0;0;0;0;0;0;0;0;0
63440;2028;12;22;SAN Arena;0;131;156;0;0;0;0;0;0;0;0;0;0;0;0;;;;0;0;0;0;0;0;0;0;0;0;0;0;0;0;0;0;0;0;0;0;0;0;0;0;Regular Season;0;0;0;0;0;0;0;0;0;0
63595;2028;12;22;HOU Arena;0;140;145;0;0;0;0;0;0;0;0;0;0;0;0;;;;0;0;0;0;0;0;0;0;0;0;0;0;0;0;0;0;0;0;0;0;0;0;0;0;Regular Season;0;0;0;0;0;0;0;0;0;0
63613;2028;12;22;Palau de Gel;0;129;132;0;0;0;0;0;0;0;0;0;0;0;0;;;;0;0;0;0;0;0;0;0;0;0;0;0;0;0;0;0;0;0;0;0;0;0;0;0;Regular Season;0;0;0;0;0;0;0;0;0;0
63539;2028;12;22;CAA Arena;0;130;133;0;0;0;0;0;0;0;0;0;0;0;0;;;;0;0;0;0;0;0;0;0;0;0;0;0;0;0;0;0;0;0;0;0;0;0;0;0;Regular Season;0;0;0;0;0;0;0;0;0;0
63548;2028;12;22;FOR Arena;0;139;128;0;0;0;0;0;0;0;0;0;0;0;0;;;;0;0;0;0;0;0;0;0;0;0;0;0;0;0;0;0;0;0;0;0;0;0;0;0;Regular Season;0;0;0;0;0;0;0;0;0;0
63749;2028;12;22;SEA Arena;0;135;143;0;0;0;0;0;0;0;0;0;0;0;0;;;;0;0;0;0;0;0;0;0;0;0;0;0;0;0;0;0;0;0;0;0;0;0;0;0;Regular Season;0;0;0;0;0;0;0;0;0;0
63478;2028;12;22;JAC Arena;0;149;146;0;0;0;0;0;0;0;0;0;0;0;0;;;;0;0;0;0;0;0;0;0;0;0;0;0;0;0;0;0;0;0;0;0;0;0;0;0;Regular Season;0;0;0;0;0;0;0;0;0;0
63407;2028;12;23;CHC Arena;0;138;149;0;0;0;0;0;0;0;0;0;0;0;0;;;;0;0;0;0;0;0;0;0;0;0;0;0;0;0;0;0;0;0;0;0;0;0;0;0;Regular Season;0;0;0;0;0;0;0;0;0;0
63450;2028;12;23;WAH Arena;0;148;151;0;0;0;0;0;0;0;0;0;0;0;0;;;;0;0;0;0;0;0;0;0;0;0;0;0;0;0;0;0;0;0;0;0;0;0;0;0;Regular Season;0;0;0;0;0;0;0;0;0;0
63510;2028;12;23;POR Arena;0;142;141;0;0;0;0;0;0;0;0;0;0;0;0;;;;0;0;0;0;0;0;0;0;0;0;0;0;0;0;0;0;0;0;0;0;0;0;0;0;Regular Season;0;0;0;0;0;0;0;0;0;0
63777;2028;12;23; Arena;0;156;137;0;0;0;0;0;0;0;0;0;0;0;0;;;;0;0;0;0;0;0;0;0;0;0;0;0;0;0;0;0;0;0;0;0;0;0;0;0;Regular Season;0;0;0;0;0;0;0;0;0;0
63505;2028;12;23;Neville Island Sports Center;0;147;136;0;0;0;0;0;0;0;0;0;0;0;0;;;;0;0;0;0;0;0;0;0;0;0;0;0;0;0;0;0;0;0;0;0;0;0;0;0;Regular Season;0;0;0;0;0;0;0;0;0;0
63594;2028;12;23;SAN Arena;0;131;134;0;0;0;0;0;0;0;0;0;0;0;0;;;;0;0;0;0;0;0;0;0;0;0;0;0;0;0;0;0;0;0;0;0;0;0;0;0;Regular Season;0;0;0;0;0;0;0;0;0;0
63453;2028;12;27;PHL Arena;0;128;134;0;0;0;0;0;0;0;0;0;0;0;0;;;;0;0;0;0;0;0;0;0;0;0;0;0;0;0;0;0;0;0;0;0;0;0;0;0;Regular Season;0;0;0;0;0;0;0;0;0;0
63731;2028;12;27;TUC Arena;0;132;135;0;0;0;0;0;0;0;0;0;0;0;0;;;;0;0;0;0;0;0;0;0;0;0;0;0;0;0;0;0;0;0;0;0;0;0;0;0;Regular Season;0;0;0;0;0;0;0;0;0;0
63472;2028;12;27;WAH Arena;0;148;144;0;0;0;0;0;0;0;0;0;0;0;0;;;;0;0;0;0;0;0;0;0;0;0;0;0;0;0;0;0;0;0;0;0;0;0;0;0;Regular Season;0;0;0;0;0;0;0;0;0;0
63688;2028;12;27;LOS Arena;0;126;141;0;0;0;0;0;0;0;0;0;0;0;0;;;;0;0;0;0;0;0;0;0;0;0;0;0;0;0;0;0;0;0;0;0;0;0;0;0;Regular Season;0;0;0;0;0;0;0;0;0;0
63621;2028;12;27;AUS Arena;0;143;136;0;0;0;0;0;0;0;0;0;0;0;0;;;;0;0;0;0;0;0;0;0;0;0;0;0;0;0;0;0;0;0;0;0;0;0;0;0;Regular Season;0;0;0;0;0;0;0;0;0;0
63444;2028;12;27;FOR Arena;0;139;138;0;0;0;0;0;0;0;0;0;0;0;0;;;;0;0;0;0;0;0;0;0;0;0;0;0;0;0;0;0;0;0;0;0;0;0;0;0;Regular Season;0;0;0;0;0;0;0;0;0;0
63534;2028;12;27;SAN Arena;0;131;130;0;0;0;0;0;0;0;0;0;0;0;0;;;;0;0;0;0;0;0;0;0;0;0;0;0;0;0;0;0;0;0;0;0;0;0;0;0;Regular Season;0;0;0;0;0;0;0;0;0;0
63525;2028;12;27;POR Arena;0;142;137;0;0;0;0;0;0;0;0;0;0;0;0;;;;0;0;0;0;0;0;0;0;0;0;0;0;0;0;0;0;0;0;0;0;0;0;0;0;Regular Season;0;0;0;0;0;0;0;0;0;0
63514;2028;12;27;Entire City limits of Houston Arena;0;150;145;0;0;0;0;0;0;0;0;0;0;0;0;;;;0;0;0;0;0;0;0;0;0;0;0;0;0;0;0;0;0;0;0;0;0;0;0;0;Regular Season;0;0;0;0;0;0;0;0;0;0
63537;2028;12;27;MIW Arena;0;146;140;0;0;0;0;0;0;0;0;0;0;0;0;;;;0;0;0;0;0;0;0;0;0;0;0;0;0;0;0;0;0;0;0;0;0;0;0;0;Regular Season;0;0;0;0;0;0;0;0;0;0
63632;2028;12;28;Palau de Gel;0;129;126;0;0;0;0;0;0;0;0;0;0;0;0;;;;0;0;0;0;0;0;0;0;0;0;0;0;0;0;0;0;0;0;0;0;0;0;0;0;Regular Season;0;0;0;0;0;0;0;0;0;0
63533;2028;12;28;JAC Arena;0;149;151;0;0;0;0;0;0;0;0;0;0;0;0;;;;0;0;0;0;0;0;0;0;0;0;0;0;0;0;0;0;0;0;0;0;0;0;0;0;Regular Season;0;0;0;0;0;0;0;0;0;0
63538;2028;12;28;AUS Arena;0;143;147;0;0;0;0;0;0;0;0;0;0;0;0;;;;0;0;0;0;0;0;0;0;0;0;0;0;0;0;0;0;0;0;0;0;0;0;0;0;Regular Season;0;0;0;0;0;0;0;0;0;0
63719;2028;12;28;MEM Arena;0;141;127;0;0;0;0;0;0;0;0;0;0;0;0;;;;0;0;0;0;0;0;0;0;0;0;0;0;0;0;0;0;0;0;0;0;0;0;0;0;Regular Season;0;0;0;0;0;0;0;0;0;0
63491;2028;12;28;CAA Arena;0;130;134;0;0;0;0;0;0;0;0;0;0;0;0;;;;0;0;0;0;0;0;0;0;0;0;0;0;0;0;0;0;0;0;0;0;0;0;0;0;Regular Season;0;0;0;0;0;0;0;0;0;0
63555;2028;12;28;PHL Arena;0;128;140;0;0;0;0;0;0;0;0;0;0;0;0;;;;0;0;0;0;0;0;0;0;0;0;0;0;0;0;0;0;0;0;0;0;0;0;0;0;Regular Season;0;0;0;0;0;0;0;0;0;0
63624;2028;12;28;OKA Arena;0;133;136;0;0;0;0;0;0;0;0;0;0;0;0;;;;0;0;0;0;0;0;0;0;0;0;0;0;0;0;0;0;0;0;0;0;0;0;0;0;Regular Season;0;0;0;0;0;0;0;0;0;0
63480;2028;12;28;FOR Arena;0;139;150;0;0;0;0;0;0;0;0;0;0;0;0;;;;0;0;0;0;0;0;0;0;0;0;0;0;0;0;0;0;0;0;0;0;0;0;0;0;Regular Season;0;0;0;0;0;0;0;0;0;0
63456;2028;12;28;CHC Arena;0;138;137;0;0;0;0;0;0;0;0;0;0;0;0;;;;0;0;0;0;0;0;0;0;0;0;0;0;0;0;0;0;0;0;0;0;0;0;0;0;Regular Season;0;0;0;0;0;0;0;0;0;0
63540;2028;12;29;POR Arena;0;142;132;0;0;0;0;0;0;0;0;0;0;0;0;;;;0;0;0;0;0;0;0;0;0;0;0;0;0;0;0;0;0;0;0;0;0;0;0;0;Regular Season;0;0;0;0;0;0;0;0;0;0
63461;2028;12;29; Arena;0;156;131;0;0;0;0;0;0;0;0;0;0;0;0;;;;0;0;0;0;0;0;0;0;0;0;0;0;0;0;0;0;0;0;0;0;0;0;0;0;Regular Season;0;0;0;0;0;0;0;0;0;0
63645;2028;12;29;Danbury Ice Arena;0;151;145;0;0;0;0;0;0;0;0;0;0;0;0;;;;0;0;0;0;0;0;0;0;0;0;0;0;0;0;0;0;0;0;0;0;0;0;0;0;Regular Season;0;0;0;0;0;0;0;0;0;0
63559;2028;12;29;DLL Arena;0;144;147;0;0;0;0;0;0;0;0;0;0;0;0;;;;0;0;0;0;0;0;0;0;0;0;0;0;0;0;0;0;0;0;0;0;0;0;0;0;Regular Season;0;0;0;0;0;0;0;0;0;0
63639;2028;12;29;Palau de Gel;0;129;133;0;0;0;0;0;0;0;0;0;0;0;0;;;;0;0;0;0;0;0;0;0;0;0;0;0;0;0;0;0;0;0;0;0;0;0;0;0;Regular Season;0;0;0;0;0;0;0;0;0;0
63573;2028;12;29;JAC Arena;0;149;135;0;0;0;0;0;0;0;0;0;0;0;0;;;;0;0;0;0;0;0;0;0;0;0;0;0;0;0;0;0;0;0;0;0;0;0;0;0;Regular Season;0;0;0;0;0;0;0;0;0;0
63469;2028;12;29;MIW Arena;0;146;148;0;0;0;0;0;0;0;0;0;0;0;0;;;;0;0;0;0;0;0;0;0;0;0;0;0;0;0;0;0;0;0;0;0;0;0;0;0;Regular Season;0;0;0;0;0;0;0;0;0;0
63582;2028;12;30;CAA Arena;0;130;137;0;0;0;0;0;0;0;0;0;0;0;0;;;;0;0;0;0;0;0;0;0;0;0;0;0;0;0;0;0;0;0;0;0;0;0;0;0;Regular Season;0;0;0;0;0;0;0;0;0;0
63566;2028;12;30;TUC Arena;0;132;136;0;0;0;0;0;0;0;0;0;0;0;0;;;;0;0;0;0;0;0;0;0;0;0;0;0;0;0;0;0;0;0;0;0;0;0;0;0;Regular Season;0;0;0;0;0;0;0;0;0;0
63463;2028;12;30;LOS Arena;0;126;131;0;0;0;0;0;0;0;0;0;0;0;0;;;;0;0;0;0;0;0;0;0;0;0;0;0;0;0;0;0;0;0;0;0;0;0;0;0;Regular Season;0;0;0;0;0;0;0;0;0;0
63658;2028;12;30;ELP Arena;0;145;156;0;0;0;0;0;0;0;0;0;0;0;0;;;;0;0;0;0;0;0;0;0;0;0;0;0;0;0;0;0;0;0;0;0;0;0;0;0;Regular Season;0;0;0;0;0;0;0;0;0;0
63563;2028;12;30;Entire City limits of Houston Arena;0;150;141;0;0;0;0;0;0;0;0;0;0;0;0;;;;0;0;0;0;0;0;0;0;0;0;0;0;0;0;0;0;0;0;0;0;0;0;0;0;Regular Season;0;0;0;0;0;0;0;0;0;0
63524;2028;12;30;ZIP Arena;0;134;128;0;0;0;0;0;0;0;0;0;0;0;0;;;;0;0;0;0;0;0;0;0;0;0;0;0;0;0;0;0;0;0;0;0;0;0;0;0;Regular Season;0;0;0;0;0;0;0;0;0;0
63527;2028;12;30;MIW Arena;0;146;143;0;0;0;0;0;0;0;0;0;0;0;0;;;;0;0;0;0;0;0;0;0;0;0;0;0;0;0;0;0;0;0;0;0;0;0;0;0;Regular Season;0;0;0;0;0;0;0;0;0;0
63489;2028;12;31;CHC Arena;0;138;144;0;0;0;0;0;0;0;0;0;0;0;0;;;;0;0;0;0;0;0;0;0;0;0;0;0;0;0;0;0;0;0;0;0;0;0;0;0;Regular Season;0;0;0;0;0;0;0;0;0;0
63618;2028;12;31;Palau de Gel;0;129;151;0;0;0;0;0;0;0;0;0;0;0;0;;;;0;0;0;0;0;0;0;0;0;0;0;0;0;0;0;0;0;0;0;0;0;0;0;0;Regular Season;0;0;0;0;0;0;0;0;0;0
63547;2028;12;31;HOU Arena;0;140;142;0;0;0;0;0;0;0;0;0;0;0;0;;;;0;0;0;0;0;0;0;0;0;0;0;0;0;0;0;0;0;0;0;0;0;0;0;0;Regular Season;0;0;0;0;0;0;0;0;0;0
63990;2028;12;31;OKA Arena;0;133;127;0;0;0;0;0;0;0;0;0;0;0;0;;;;0;0;0;0;0;0;0;0;0;0;0;0;0;0;0;0;0;0;0;0;0;0;0;0;Regular Season;0;0;0;0;0;0;0;0;0;0
63477;2028;12;31;WAH Arena;0;148;139;0;0;0;0;0;0;0;0;0;0;0;0;;;;0;0;0;0;0;0;0;0;0;0;0;0;0;0;0;0;0;0;0;0;0;0;0;0;Regular Season;0;0;0;0;0;0;0;0;0;0
63642;2028;12;31;JAC Arena;0;149;147;0;0;0;0;0;0;0;0;0;0;0;0;;;;0;0;0;0;0;0;0;0;0;0;0;0;0;0;0;0;0;0;0;0;0;0;0;0;Regular Season;0;0;0;0;0;0;0;0;0;0
63541;2029;1;1;ZIP Arena;0;134;129;0;0;0;0;0;0;0;0;0;0;0;0;;;;0;0;0;0;0;0;0;0;0;0;0;0;0;0;0;0;0;0;0;0;0;0;0;0;Regular Season;0;0;0;0;0;0;0;0;0;0
63544;2029;1;1;LAS Arena;0;137;131;0;0;0;0;0;0;0;0;0;0;0;0;;;;0;0;0;0;0;0;0;0;0;0;0;0;0;0;0;0;0;0;0;0;0;0;0;0;Regular Season;0;0;0;0;0;0;0;0;0;0
63504;2029;1;1;WAH Arena;0;148;145;0;0;0;0;0;0;0;0;0;0;0;0;;;;0;0;0;0;0;0;0;0;0;0;0;0;0;0;0;0;0;0;0;0;0;0;0;0;Regular Season;0;0;0;0;0;0;0;0;0;0
63591;2029;1;1;JAC Arena;0;149;141;0;0;0;0;0;0;0;0;0;0;0;0;;;;0;0;0;0;0;0;0;0;0;0;0;0;0;0;0;0;0;0;0;0;0;0;0;0;Regular Season;0;0;0;0;0;0;0;0;0;0
63575;2029;1;1;PHL Arena;0;128;135;0;0;0;0;0;0;0;0;0;0;0;0;;;;0;0;0;0;0;0;0;0;0;0;0;0;0;0;0;0;0;0;0;0;0;0;0;0;Regular Season;0;0;0;0;0;0;0;0;0;0
63567;2029;1;2;HOU Arena;0;140;141;0;0;0;0;0;0;0;0;0;0;0;0;;;;0;0;0;0;0;0;0;0;0;0;0;0;0;0;0;0;0;0;0;0;0;0;0;0;Regular Season;0;0;0;0;0;0;0;0;0;0
63577;2029;1;2;SAN Arena;0;131;130;0;0;0;0;0;0;0;0;0;0;0;0;;;;0;0;0;0;0;0;0;0;0;0;0;0;0;0;0;0;0;0;0;0;0;0;0;0;Regular Season;0;0;0;0;0;0;0;0;0;0
63572;2029;1;2;ELP Arena;0;145;144;0;0;0;0;0;0;0;0;0;0;0;0;;;;0;0;0;0;0;0;0;0;0;0;0;0;0;0;0;0;0;0;0;0;0;0;0;0;Regular Season;0;0;0;0;0;0;0;0;0;0
63465;2029;1;2;SEA Arena;0;135;138;0;0;0;0;0;0;0;0;0;0;0;0;;;;0;0;0;0;0;0;0;0;0;0;0;0;0;0;0;0;0;0;0;0;0;0;0;0;Regular Season;0;0;0;0;0;0;0;0;0;0
63536;2029;1;2;OKA Arena;0;133;134;0;0;0;0;0;0;0;0;0;0;0;0;;;;0;0;0;0;0;0;0;0;0;0;0;0;0;0;0;0;0;0;0;0;0;0;0;0;Regular Season;0;0;0;0;0;0;0;0;0;0
63609;2029;1;2;Neville Island Sports Center;0;147;132;0;0;0;0;0;0;0;0;0;0;0;0;;;;0;0;0;0;0;0;0;0;0;0;0;0;0;0;0;0;0;0;0;0;0;0;0;0;Regular Season;0;0;0;0;0;0;0;0;0;0
63511;2029;1;2;COM Arena;0;136;139;0;0;0;0;0;0;0;0;0;0;0;0;;;;0;0;0;0;0;0;0;0;0;0;0;0;0;0;0;0;0;0;0;0;0;0;0;0;Regular Season;0;0;0;0;0;0;0;0;0;0
63562;2029;1;2;Danbury Ice Arena;0;151;142;0;0;0;0;0;0;0;0;0;0;0;0;;;;0;0;0;0;0;0;0;0;0;0;0;0;0;0;0;0;0;0;0;0;0;0;0;0;Regular Season;0;0;0;0;0;0;0;0;0;0
63583;2029;1;2;Entire City limits of Houston Arena;0;150;137;0;0;0;0;0;0;0;0;0;0;0;0;;;;0;0;0;0;0;0;0;0;0;0;0;0;0;0;0;0;0;0;0;0;0;0;0;0;Regular Season;0;0;0;0;0;0;0;0;0;0
63705;2029;1;3;LOS Arena;0;126;129;0;0;0;0;0;0;0;0;0;0;0;0;;;;0;0;0;0;0;0;0;0;0;0;0;0;0;0;0;0;0;0;0;0;0;0;0;0;Regular Season;0;0;0;0;0;0;0;0;0;0
63584;2029;1;3;DLL Arena;0;144;133;0;0;0;0;0;0;0;0;0;0;0;0;;;;0;0;0;0;0;0;0;0;0;0;0;0;0;0;0;0;0;0;0;0;0;0;0;0;Regular Season;0;0;0;0;0;0;0;0;0;0
63694;2029;1;3;AUS Arena;0;143;149;0;0;0;0;0;0;0;0;0;0;0;0;;;;0;0;0;0;0;0;0;0;0;0;0;0;0;0;0;0;0;0;0;0;0;0;0;0;Regular Season;0;0;0;0;0;0;0;0;0;0
63710;2029;1;4;TUC Arena;0;132;129;0;0;0;0;0;0;0;0;0;0;0;0;;;;0;0;0;0;0;0;0;0;0;0;0;0;0;0;0;0;0;0;0;0;0;0;0;0;Regular Season;0;0;0;0;0;0;0;0;0;0
63515;2029;1;4;WAH Arena;0;148;126;0;0;0;0;0;0;0;0;0;0;0;0;;;;0;0;0;0;0;0;0;0;0;0;0;0;0;0;0;0;0;0;0;0;0;0;0;0;Regular Season;0;0;0;0;0;0;0;0;0;0
63627;2029;1;4;MEM Arena;0;141;150;0;0;0;0;0;0;0;0;0;0;0;0;;;;0;0;0;0;0;0;0;0;0;0;0;0;0;0;0;0;0;0;0;0;0;0;0;0;Regular Season;0;0;0;0;0;0;0;0;0;0
63556;2029;1;4; Arena;0;156;139;0;0;0;0;0;0;0;0;0;0;0;0;;;;0;0;0;0;0;0;0;0;0;0;0;0;0;0;0;0;0;0;0;0;0;0;0;0;Regular Season;0;0;0;0;0;0;0;0;0;0
63608;2029;1;4;LAS Arena;0;137;147;0;0;0;0;0;0;0;0;0;0;0;0;;;;0;0;0;0;0;0;0;0;0;0;0;0;0;0;0;0;0;0;0;0;0;0;0;0;Regular Season;0;0;0;0;0;0;0;0;0;0
63554;2029;1;4;COM Arena;0;136;135;0;0;0;0;0;0;0;0;0;0;0;0;;;;0;0;0;0;0;0;0;0;0;0;0;0;0;0;0;0;0;0;0;0;0;0;0;0;Regular Season;0;0;0;0;0;0;0;0;0;0
63561;2029;1;4;MIW Arena;0;146;130;0;0;0;0;0;0;0;0;0;0;0;0;;;;0;0;0;0;0;0;0;0;0;0;0;0;0;0;0;0;0;0;0;0;0;0;0;0;Regular Season;0;0;0;0;0;0;0;0;0;0
63490;2029;1;4;CHC Arena;0;138;128;0;0;0;0;0;0;0;0;0;0;0;0;;;;0;0;0;0;0;0;0;0;0;0;0;0;0;0;0;0;0;0;0;0;0;0;0;0;Regular Season;0;0;0;0;0;0;0;0;0;0
64006;2029;1;5;James Brown Arena;0;127;132;0;0;0;0;0;0;0;0;0;0;0;0;;;;0;0;0;0;0;0;0;0;0;0;0;0;0;0;0;0;0;0;0;0;0;0;0;0;Regular Season;0;0;0;0;0;0;0;0;0;0
63630;2029;1;5;CAA Arena;0;130;143;0;0;0;0;0;0;0;0;0;0;0;0;;;;0;0;0;0;0;0;0;0;0;0;0;0;0;0;0;0;0;0;0;0;0;0;0;0;Regular Season;0;0;0;0;0;0;0;0;0;0
63650;2029;1;5;Neville Island Sports Center;0;147;133;0;0;0;0;0;0;0;0;0;0;0;0;;;;0;0;0;0;0;0;0;0;0;0;0;0;0;0;0;0;0;0;0;0;0;0;0;0;Regular Season;0;0;0;0;0;0;0;0;0;0
63519;2029;1;5;WAH Arena;0;148;140;0;0;0;0;0;0;0;0;0;0;0;0;;;;0;0;0;0;0;0;0;0;0;0;0;0;0;0;0;0;0;0;0;0;0;0;0;0;Regular Season;0;0;0;0;0;0;0;0;0;0
63646;2029;1;5;POR Arena;0;142;151;0;0;0;0;0;0;0;0;0;0;0;0;;;;0;0;0;0;0;0;0;0;0;0;0;0;0;0;0;0;0;0;0;0;0;0;0;0;Regular Season;0;0;0;0;0;0;0;0;0;0
63508;2029;1;5; Arena;0;156;138;0;0;0;0;0;0;0;0;0;0;0;0;;;;0;0;0;0;0;0;0;0;0;0;0;0;0;0;0;0;0;0;0;0;0;0;0;0;Regular Season;0;0;0;0;0;0;0;0;0;0
63571;2029;1;6;Danbury Ice Arena;0;151;128;0;0;0;0;0;0;0;0;0;0;0;0;;;;0;0;0;0;0;0;0;0;0;0;0;0;0;0;0;0;0;0;0;0;0;0;0;0;Regular Season;0;0;0;0;0;0;0;0;0;0
63845;2029;1;6;James Brown Arena;0;127;149;0;0;0;0;0;0;0;0;0;0;0;0;;;;0;0;0;0;0;0;0;0;0;0;0;0;0;0;0;0;0;0;0;0;0;0;0;0;Regular Season;0;0;0;0;0;0;0;0;0;0
63585;2029;1;6;COM Arena;0;136;131;0;0;0;0;0;0;0;0;0;0;0;0;;;;0;0;0;0;0;0;0;0;0;0;0;0;0;0;0;0;0;0;0;0;0;0;0;0;Regular Season;0;0;0;0;0;0;0;0;0;0
63579;2029;1;6;ELP Arena;0;145;146;0;0;0;0;0;0;0;0;0;0;0;0;;;;0;0;0;0;0;0;0;0;0;0;0;0;0;0;0;0;0;0;0;0;0;0;0;0;Regular Season;0;0;0;0;0;0;0;0;0;0
63531;2029;1;7;Entire City limits of Houston Arena;0;150;139;0;0;0;0;0;0;0;0;0;0;0;0;;;;0;0;0;0;0;0;0;0;0;0;0;0;0;0;0;0;0;0;0;0;0;0;0;0;Regular Season;0;0;0;0;0;0;0;0;0;0
63467;2029;1;7;ZIP Arena;0;134;143;0;0;0;0;0;0;0;0;0;0;0;0;;;;0;0;0;0;0;0;0;0;0;0;0;0;0;0;0;0;0;0;0;0;0;0;0;0;Regular Season;0;0;0;0;0;0;0;0;0;0
63631;2029;1;7;POR Arena;0;142;156;0;0;0;0;0;0;0;0;0;0;0;0;;;;0;0;0;0;0;0;0;0;0;0;0;0;0;0;0;0;0;0;0;0;0;0;0;0;Regular Season;0;0;0;0;0;0;0;0;0;0
63612;2029;1;7;LOS Arena;0;126;146;0;0;0;0;0;0;0;0;0;0;0;0;;;;0;0;0;0;0;0;0;0;0;0;0;0;0;0;0;0;0;0;0;0;0;0;0;0;Regular Season;0;0;0;0;0;0;0;0;0;0
63590;2029;1;7;HOU Arena;0;140;144;0;0;0;0;0;0;0;0;0;0;0;0;;;;0;0;0;0;0;0;0;0;0;0;0;0;0;0;0;0;0;0;0;0;0;0;0;0;Regular Season;0;0;0;0;0;0;0;0;0;0
63653;2029;1;8;James Brown Arena;0;127;150;0;0;0;0;0;0;0;0;0;0;0;0;;;;0;0;0;0;0;0;0;0;0;0;0;0;0;0;0;0;0;0;0;0;0;0;0;0;Regular Season;0;0;0;0;0;0;0;0;0;0
63532;2029;1;8;JAC Arena;0;149;138;0;0;0;0;0;0;0;0;0;0;0;0;;;;0;0;0;0;0;0;0;0;0;0;0;0;0;0;0;0;0;0;0;0;0;0;0;0;Regular Season;0;0;0;0;0;0;0;0;0;0
63529;2029;1;8;AUS Arena;0;143;148;0;0;0;0;0;0;0;0;0;0;0;0;;;;0;0;0;0;0;0;0;0;0;0;0;0;0;0;0;0;0;0;0;0;0;0;0;0;Regular Season;0;0;0;0;0;0;0;0;0;0
63672;2029;1;9;Danbury Ice Arena;0;151;147;0;0;0;0;0;0;0;0;0;0;0;0;;;;0;0;0;0;0;0;0;0;0;0;0;0;0;0;0;0;0;0;0;0;0;0;0;0;Regular Season;0;0;0;0;0;0;0;0;0;0
63640;2029;1;9;MIW Arena;0;146;127;0;0;0;0;0;0;0;0;0;0;0;0;;;;0;0;0;0;0;0;0;0;0;0;0;0;0;0;0;0;0;0;0;0;0;0;0;0;Regular Season;0;0;0;0;0;0;0;0;0;0
63569;2029;1;9;FOR Arena;0;139;144;0;0;0;0;0;0;0;0;0;0;0;0;;;;0;0;0;0;0;0;0;0;0;0;0;0;0;0;0;0;0;0;0;0;0;0;0;0;Regular Season;0;0;0;0;0;0;0;0;0;0
63598;2029;1;9;CAA Arena;0;130;136;0;0;0;0;0;0;0;0;0;0;0;0;;;;0;0;0;0;0;0;0;0;0;0;0;0;0;0;0;0;0;0;0;0;0;0;0;0;Regular Season;0;0;0;0;0;0;0;0;0;0
63543;2029;1;9;LOS Arena;0;126;134;0;0;0;0;0;0;0;0;0;0;0;0;;;;0;0;0;0;0;0;0;0;0;0;0;0;0;0;0;0;0;0;0;0;0;0;0;0;Regular Season;0;0;0;0;0;0;0;0;0;0
63530;2029;1;9;CHC Arena;0;138;142;0;0;0;0;0;0;0;0;0;0;0;0;;;;0;0;0;0;0;0;0;0;0;0;0;0;0;0;0;0;0;0;0;0;0;0;0;0;Regular Season;0;0;0;0;0;0;0;0;0;0
63649;2029;1;9;MEM Arena;0;141;145;0;0;0;0;0;0;0;0;0;0;0;0;;;;0;0;0;0;0;0;0;0;0;0;0;0;0;0;0;0;0;0;0;0;0;0;0;0;Regular Season;0;0;0;0;0;0;0;0;0;0
63693;2029;1;9; Arena;0;156;149;0;0;0;0;0;0;0;0;0;0;0;0;;;;0;0;0;0;0;0;0;0;0;0;0;0;0;0;0;0;0;0;0;0;0;0;0;0;Regular Season;0;0;0;0;0;0;0;0;0;0
63578;2029;1;9;SEA Arena;0;135;131;0;0;0;0;0;0;0;0;0;0;0;0;;;;0;0;0;0;0;0;0;0;0;0;0;0;0;0;0;0;0;0;0;0;0;0;0;0;Regular Season;0;0;0;0;0;0;0;0;0;0
63629;2029;1;10;HOU Arena;0;140;142;0;0;0;0;0;0;0;0;0;0;0;0;;;;0;0;0;0;0;0;0;0;0;0;0;0;0;0;0;0;0;0;0;0;0;0;0;0;Regular Season;0;0;0;0;0;0;0;0;0;0
63601;2029;1;10;MIW Arena;0;146;129;0;0;0;0;0;0;0;0;0;0;0;0;;;;0;0;0;0;0;0;0;0;0;0;0;0;0;0;0;0;0;0;0;0;0;0;0;0;Regular Season;0;0;0;0;0;0;0;0;0;0
63581;2029;1;10;PHL Arena;0;128;132;0;0;0;0;0;0;0;0;0;0;0;0;;;;0;0;0;0;0;0;0;0;0;0;0;0;0;0;0;0;0;0;0;0;0;0;0;0;Regular Season;0;0;0;0;0;0;0;0;0;0
63522;2029;1;10; Arena;0;156;148;0;0;0;0;0;0;0;0;0;0;0;0;;;;0;0;0;0;0;0;0;0;0;0;0;0;0;0;0;0;0;0;0;0;0;0;0;0;Regular Season;0;0;0;0;0;0;0;0;0;0
63597;2029;1;11;SEA Arena;0;135;131;0;0;0;0;0;0;0;0;0;0;0;0;;;;0;0;0;0;0;0;0;0;0;0;0;0;0;0;0;0;0;0;0;0;0;0;0;0;Regular Season;0;0;0;0;0;0;0;0;0;0
63545;2029;1;11;MEM Arena;0;141;134;0;0;0;0;0;0;0;0;0;0;0;0;;;;0;0;0;0;0;0;0;0;0;0;0;0;0;0;0;0;0;0;0;0;0;0;0;0;Regular Season;0;0;0;0;0;0;0;0;0;0
63633;2029;1;11;LOS Arena;0;126;150;0;0;0;0;0;0;0;0;0;0;0;0;;;;0;0;0;0;0;0;0;0;0;0;0;0;0;0;0;0;0;0;0;0;0;0;0;0;Regular Season;0;0;0;0;0;0;0;0;0;0
63635;2029;1;11;COM Arena;0;136;132;0;0;0;0;0;0;0;0;0;0;0;0;;;;0;0;0;0;0;0;0;0;0;0;0;0;0;0;0;0;0;0;0;0;0;0;0;0;Regular Season;0;0;0;0;0;0;0;0;0;0
63596;2029;1;11;James Brown Arena;0;127;144;0;0;0;0;0;0;0;0;0;0;0;0;;;;0;0;0;0;0;0;0;0;0;0;0;0;0;0;0;0;0;0;0;0;0;0;0;0;Regular Season;0;0;0;0;0;0;0;0;0;0
63648;2029;1;11;OKA Arena;0;133;143;0;0;0;0;0;0;0;0;0;0;0;0;;;;0;0;0;0;0;0;0;0;0;0;0;0;0;0;0;0;0;0;0;0;0;0;0;0;Regular Season;0;0;0;0;0;0;0;0;0;0
63593;2029;1;11;PHL Arena;0;128;137;0;0;0;0;0;0;0;0;0;0;0;0;;;;0;0;0;0;0;0;0;0;0;0;0;0;0;0;0;0;0;0;0;0;0;0;0;0;Regular Season;0;0;0;0;0;0;0;0;0;0
63614;2029;1;12;HOU Arena;0;140;144;0;0;0;0;0;0;0;0;0;0;0;0;;;;0;0;0;0;0;0;0;0;0;0;0;0;0;0;0;0;0;0;0;0;0;0;0;0;Regular Season;0;0;0;0;0;0;0;0;0;0
63628;2029;1;12;AUS Arena;0;143;150;0;0;0;0;0;0;0;0;0;0;0;0;;;;0;0;0;0;0;0;0;0;0;0;0;0;0;0;0;0;0;0;0;0;0;0;0;0;Regular Season;0;0;0;0;0;0;0;0;0;0
63644;2029;1;12;MIW Arena;0;146;145;0;0;0;0;0;0;0;0;0;0;0;0;;;;0;0;0;0;0;0;0;0;0;0;0;0;0;0;0;0;0;0;0;0;0;0;0;0;Regular Season;0;0;0;0;0;0;0;0;0;0
63762;2029;1;12;MEM Arena;0;141;142;0;0;0;0;0;0;0;0;0;0;0;0;;;;0;0;0;0;0;0;0;0;0;0;0;0;0;0;0;0;0;0;0;0;0;0;0;0;Regular Season;0;0;0;0;0;0;0;0;0;0
63685;2029;1;12;JAC Arena;0;149;147;0;0;0;0;0;0;0;0;0;0;0;0;;;;0;0;0;0;0;0;0;0;0;0;0;0;0;0;0;0;0;0;0;0;0;0;0;0;Regular Season;0;0;0;0;0;0;0;0;0;0
63576;2029;1;12;CAA Arena;0;130;138;0;0;0;0;0;0;0;0;0;0;0;0;;;;0;0;0;0;0;0;0;0;0;0;0;0;0;0;0;0;0;0;0;0;0;0;0;0;Regular Season;0;0;0;0;0;0;0;0;0;0
63546;2029;1;12;WAH Arena;0;148;133;0;0;0;0;0;0;0;0;0;0;0;0;;;;0;0;0;0;0;0;0;0;0;0;0;0;0;0;0;0;0;0;0;0;0;0;0;0;Regular Season;0;0;0;0;0;0;0;0;0;0
63615;2029;1;12;Palau de Gel;0;129;137;0;0;0;0;0;0;0;0;0;0;0;0;;;;0;0;0;0;0;0;0;0;0;0;0;0;0;0;0;0;0;0;0;0;0;0;0;0;Regular Season;0;0;0;0;0;0;0;0;0;0
63657;2029;1;13;TUC Arena;0;132;131;0;0;0;0;0;0;0;0;0;0;0;0;;;;0;0;0;0;0;0;0;0;0;0;0;0;0;0;0;0;0;0;0;0;0;0;0;0;Regular Season;0;0;0;0;0;0;0;0;0;0
63588;2029;1;13;ZIP Arena;0;134;135;0;0;0;0;0;0;0;0;0;0;0;0;;;;0;0;0;0;0;0;0;0;0;0;0;0;0;0;0;0;0;0;0;0;0;0;0;0;Regular Season;0;0;0;0;0;0;0;0;0;0
63605;2029;1;13;Danbury Ice Arena;0;151;130;0;0;0;0;0;0;0;0;0;0;0;0;;;;0;0;0;0;0;0;0;0;0;0;0;0;0;0;0;0;0;0;0;0;0;0;0;0;Regular Season;0;0;0;0;0;0;0;0;0;0
63718;2029;1;13; Arena;0;156;147;0;0;0;0;0;0;0;0;0;0;0;0;;;;0;0;0;0;0;0;0;0;0;0;0;0;0;0;0;0;0;0;0;0;0;0;0;0;Regular Season;0;0;0;0;0;0;0;0;0;0
63607;2029;1;14;COM Arena;0;136;128;0;0;0;0;0;0;0;0;0;0;0;0;;;;0;0;0;0;0;0;0;0;0;0;0;0;0;0;0;0;0;0;0;0;0;0;0;0;Regular Season;0;0;0;0;0;0;0;0;0;0
63637;2029;1;14;ELP Arena;0;145;140;0;0;0;0;0;0;0;0;0;0;0;0;;;;0;0;0;0;0;0;0;0;0;0;0;0;0;0;0;0;0;0;0;0;0;0;0;0;Regular Season;0;0;0;0;0;0;0;0;0;0
63665;2029;1;14;LAS Arena;0;137;151;0;0;0;0;0;0;0;0;0;0;0;0;;;;0;0;0;0;0;0;0;0;0;0;0;0;0;0;0;0;0;0;0;0;0;0;0;0;Regular Season;0;0;0;0;0;0;0;0;0;0
63715;2029;1;15;TUC Arena;0;132;133;0;0;0;0;0;0;0;0;0;0;0;0;;;;0;0;0;0;0;0;0;0;0;0;0;0;0;0;0;0;0;0;0;0;0;0;0;0;Regular Season;0;0;0;0;0;0;0;0;0;0
63674;2029;1;15;LOS Arena;0;126;145;0;0;0;0;0;0;0;0;0;0;0;0;;;;0;0;0;0;0;0;0;0;0;0;0;0;0;0;0;0;0;0;0;0;0;0;0;0;Regular Season;0;0;0;0;0;0;0;0;0;0
63553;2029;1;15;AUS Arena;0;143;148;0;0;0;0;0;0;0;0;0;0;0;0;;;;0;0;0;0;0;0;0;0;0;0;0;0;0;0;0;0;0;0;0;0;0;0;0;0;Regular Season;0;0;0;0;0;0;0;0;0;0
63652;2029;1;15;MIW Arena;0;146;142;0;0;0;0;0;0;0;0;0;0;0;0;;;;0;0;0;0;0;0;0;0;0;0;0;0;0;0;0;0;0;0;0;0;0;0;0;0;Regular Season;0;0;0;0;0;0;0;0;0;0
63726;2029;1;15;LAS Arena;0;137;139;0;0;0;0;0;0;0;0;0;0;0;0;;;;0;0;0;0;0;0;0;0;0;0;0;0;0;0;0;0;0;0;0;0;0;0;0;0;Regular Season;0;0;0;0;0;0;0;0;0;0
63606;2029;1;15;SEA Arena;0;135;147;0;0;0;0;0;0;0;0;0;0;0;0;;;;0;0;0;0;0;0;0;0;0;0;0;0;0;0;0;0;0;0;0;0;0;0;0;0;Regular Season;0;0;0;0;0;0;0;0;0;0
63551;2029;1;16;Danbury Ice Arena;0;151;148;0;0;0;0;0;0;0;0;0;0;0;0;;;;0;0;0;0;0;0;0;0;0;0;0;0;0;0;0;0;0;0;0;0;0;0;0;0;Regular Season;0;0;0;0;0;0;0;0;0;0
63660;2029;1;16;COM Arena;0;136;129;0;0;0;0;0;0;0;0;0;0;0;0;;;;0;0;0;0;0;0;0;0;0;0;0;0;0;0;0;0;0;0;0;0;0;0;0;0;Regular Season;0;0;0;0;0;0;0;0;0;0
63712;2029;1;16;James Brown Arena;0;127;133;0;0;0;0;0;0;0;0;0;0;0;0;;;;0;0;0;0;0;0;0;0;0;0;0;0;0;0;0;0;0;0;0;0;0;0;0;0;Regular Season;0;0;0;0;0;0;0;0;0;0
63638;2029;1;16;ZIP Arena;0;134;132;0;0;0;0;0;0;0;0;0;0;0;0;;;;0;0;0;0;0;0;0;0;0;0;0;0;0;0;0;0;0;0;0;0;0;0;0;0;Regular Season;0;0;0;0;0;0;0;0;0;0
63600;2029;1;16;CHC Arena;0;138;126;0;0;0;0;0;0;0;0;0;0;0;0;;;;0;0;0;0;0;0;0;0;0;0;0;0;0;0;0;0;0;0;0;0;0;0;0;0;Regular Season;0;0;0;0;0;0;0;0;0;0
63625;2029;1;16;SAN Arena;0;131;144;0;0;0;0;0;0;0;0;0;0;0;0;;;;0;0;0;0;0;0;0;0;0;0;0;0;0;0;0;0;0;0;0;0;0;0;0;0;Regular Season;0;0;0;0;0;0;0;0;0;0
63678;2029;1;16;HOU Arena;0;140;130;0;0;0;0;0;0;0;0;0;0;0;0;;;;0;0;0;0;0;0;0;0;0;0;0;0;0;0;0;0;0;0;0;0;0;0;0;0;Regular Season;0;0;0;0;0;0;0;0;0;0
63695;2029;1;16;SEA Arena;0;135;149;0;0;0;0;0;0;0;0;0;0;0;0;;;;0;0;0;0;0;0;0;0;0;0;0;0;0;0;0;0;0;0;0;0;0;0;0;0;Regular Season;0;0;0;0;0;0;0;0;0;0
63619;2029;1;16;MIW Arena;0;146;128;0;0;0;0;0;0;0;0;0;0;0;0;;;;0;0;0;0;0;0;0;0;0;0;0;0;0;0;0;0;0;0;0;0;0;0;0;0;Regular Season;0;0;0;0;0;0;0;0;0;0
63723;2029;1;17;SAN Arena;0;131;139;0;0;0;0;0;0;0;0;0;0;0;0;;;;0;0;0;0;0;0;0;0;0;0;0;0;0;0;0;0;0;0;0;0;0;0;0;0;Regular Season;0;0;0;0;0;0;0;0;0;0
63610;2029;1;17;CHC Arena;0;138;156;0;0;0;0;0;0;0;0;0;0;0;0;;;;0;0;0;0;0;0;0;0;0;0;0;0;0;0;0;0;0;0;0;0;0;0;0;0;Regular Season;0;0;0;0;0;0;0;0;0;0
63681;2029;1;17;Entire City limits of Houston Arena;0;150;143;0;0;0;0;0;0;0;0;0;0;0;0;;;;0;0;0;0;0;0;0;0;0;0;0;0;0;0;0;0;0;0;0;0;0;0;0;0;Regular Season;0;0;0;0;0;0;0;0;0;0
63728;2029;1;18;CAA Arena;0;130;135;0;0;0;0;0;0;0;0;0;0;0;0;;;;0;0;0;0;0;0;0;0;0;0;0;0;0;0;0;0;0;0;0;0;0;0;0;0;Regular Season;0;0;0;0;0;0;0;0;0;0
63643;2029;1;18; Arena;0;156;129;0;0;0;0;0;0;0;0;0;0;0;0;;;;0;0;0;0;0;0;0;0;0;0;0;0;0;0;0;0;0;0;0;0;0;0;0;0;Regular Season;0;0;0;0;0;0;0;0;0;0
63668;2029;1;18;Entire City limits of Houston Arena;0;150;128;0;0;0;0;0;0;0;0;0;0;0;0;;;;0;0;0;0;0;0;0;0;0;0;0;0;0;0;0;0;0;0;0;0;0;0;0;0;Regular Season;0;0;0;0;0;0;0;0;0;0
63709;2029;1;18;Danbury Ice Arena;0;151;134;0;0;0;0;0;0;0;0;0;0;0;0;;;;0;0;0;0;0;0;0;0;0;0;0;0;0;0;0;0;0;0;0;0;0;0;0;0;Regular Season;0;0;0;0;0;0;0;0;0;0
63622;2029;1;18;COM Arena;0;136;142;0;0;0;0;0;0;0;0;0;0;0;0;;;;0;0;0;0;0;0;0;0;0;0;0;0;0;0;0;0;0;0;0;0;0;0;0;0;Regular Season;0;0;0;0;0;0;0;0;0;0
63623;2029;1;18;ELP Arena;0;145;144;0;0;0;0;0;0;0;0;0;0;0;0;;;;0;0;0;0;0;0;0;0;0;0;0;0;0;0;0;0;0;0;0;0;0;0;0;0;Regular Season;0;0;0;0;0;0;0;0;0;0
63717;2029;1;18;LAS Arena;0;137;133;0;0;0;0;0;0;0;0;0;0;0;0;;;;0;0;0;0;0;0;0;0;0;0;0;0;0;0;0;0;0;0;0;0;0;0;0;0;Regular Season;0;0;0;0;0;0;0;0;0;0
63848;2029;1;18;James Brown Arena;0;127;140;0;0;0;0;0;0;0;0;0;0;0;0;;;;0;0;0;0;0;0;0;0;0;0;0;0;0;0;0;0;0;0;0;0;0;0;0;0;Regular Season;0;0;0;0;0;0;0;0;0;0
63647;2029;1;19;MIW Arena;0;146;147;0;0;0;0;0;0;0;0;0;0;0;0;;;;0;0;0;0;0;0;0;0;0;0;0;0;0;0;0;0;0;0;0;0;0;0;0;0;Regular Season;0;0;0;0;0;0;0;0;0;0
63752;2029;1;19;AUS Arena;0;143;139;0;0;0;0;0;0;0;0;0;0;0;0;;;;0;0;0;0;0;0;0;0;0;0;0;0;0;0;0;0;0;0;0;0;0;0;0;0;Regular Season;0;0;0;0;0;0;0;0;0;0
63663;2029;1;19;DLL Arena;0;144;131;0;0;0;0;0;0;0;0;0;0;0;0;;;;0;0;0;0;0;0;0;0;0;0;0;0;0;0;0;0;0;0;0;0;0;0;0;0;Regular Season;0;0;0;0;0;0;0;0;0;0
63560;2029;1;19;ELP Arena;0;145;148;0;0;0;0;0;0;0;0;0;0;0;0;;;;0;0;0;0;0;0;0;0;0;0;0;0;0;0;0;0;0;0;0;0;0;0;0;0;Regular Season;0;0;0;0;0;0;0;0;0;0
63741;2029;1;19;TUC Arena;0;132;137;0;0;0;0;0;0;0;0;0;0;0;0;;;;0;0;0;0;0;0;0;0;0;0;0;0;0;0;0;0;0;0;0;0;0;0;0;0;Regular Season;0;0;0;0;0;0;0;0;0;0
63794;2029;1;19;CAA Arena;0;130;149;0;0;0;0;0;0;0;0;0;0;0;0;;;;0;0;0;0;0;0;0;0;0;0;0;0;0;0;0;0;0;0;0;0;0;0;0;0;Regular Season;0;0;0;0;0;0;0;0;0;0
63711;2029;1;19;MEM Arena;0;141;151;0;0;0;0;0;0;0;0;0;0;0;0;;;;0;0;0;0;0;0;0;0;0;0;0;0;0;0;0;0;0;0;0;0;0;0;0;0;Regular Season;0;0;0;0;0;0;0;0;0;0
63616;2029;1;19;LOS Arena;0;126;128;0;0;0;0;0;0;0;0;0;0;0;0;;;;0;0;0;0;0;0;0;0;0;0;0;0;0;0;0;0;0;0;0;0;0;0;0;0;Regular Season;0;0;0;0;0;0;0;0;0;0
63806;2029;1;20;ZIP Arena;0;134;156;0;0;0;0;0;0;0;0;0;0;0;0;;;;0;0;0;0;0;0;0;0;0;0;0;0;0;0;0;0;0;0;0;0;0;0;0;0;Regular Season;0;0;0;0;0;0;0;0;0;0
63882;2029;1;20;JAC Arena;0;149;140;0;0;0;0;0;0;0;0;0;0;0;0;;;;0;0;0;0;0;0;0;0;0;0;0;0;0;0;0;0;0;0;0;0;0;0;0;0;Regular Season;0;0;0;0;0;0;0;0;0;0
63641;2029;1;20;CHC Arena;0;138;147;0;0;0;0;0;0;0;0;0;0;0;0;;;;0;0;0;0;0;0;0;0;0;0;0;0;0;0;0;0;0;0;0;0;0;0;0;0;Regular Season;0;0;0;0;0;0;0;0;0;0
63661;2029;1;20;COM Arena;0;136;141;0;0;0;0;0;0;0;0;0;0;0;0;;;;0;0;0;0;0;0;0;0;0;0;0;0;0;0;0;0;0;0;0;0;0;0;0;0;Regular Season;0;0;0;0;0;0;0;0;0;0
63667;2029;1;20;POR Arena;0;142;150;0;0;0;0;0;0;0;0;0;0;0;0;;;;0;0;0;0;0;0;0;0;0;0;0;0;0;0;0;0;0;0;0;0;0;0;0;0;Regular Season;0;0;0;0;0;0;0;0;0;0
63670;2029;1;20;SAN Arena;0;131;129;0;0;0;0;0;0;0;0;0;0;0;0;;;;0;0;0;0;0;0;0;0;0;0;0;0;0;0;0;0;0;0;0;0;0;0;0;0;Regular Season;0;0;0;0;0;0;0;0;0;0
63654;2029;1;22;Entire City limits of Houston Arena;0;150;146;0;0;0;0;0;0;0;0;0;0;0;0;;;;0;0;0;0;0;0;0;0;0;0;0;0;0;0;0;0;0;0;0;0;0;0;0;0;Regular Season;0;0;0;0;0;0;0;0;0;0
63770;2029;1;22;HOU Arena;0;140;151;0;0;0;0;0;0;0;0;0;0;0;0;;;;0;0;0;0;0;0;0;0;0;0;0;0;0;0;0;0;0;0;0;0;0;0;0;0;Regular Season;0;0;0;0;0;0;0;0;0;0
63671;2029;1;22;CAA Arena;0;130;142;0;0;0;0;0;0;0;0;0;0;0;0;;;;0;0;0;0;0;0;0;0;0;0;0;0;0;0;0;0;0;0;0;0;0;0;0;0;Regular Season;0;0;0;0;0;0;0;0;0;0
63655;2029;1;22;COM Arena;0;136;156;0;0;0;0;0;0;0;0;0;0;0;0;;;;0;0;0;0;0;0;0;0;0;0;0;0;0;0;0;0;0;0;0;0;0;0;0;0;Regular Season;0;0;0;0;0;0;0;0;0;0
63699;2029;1;22;SAN Arena;0;131;133;0;0;0;0;0;0;0;0;0;0;0;0;;;;0;0;0;0;0;0;0;0;0;0;0;0;0;0;0;0;0;0;0;0;0;0;0;0;Regular Season;0;0;0;0;0;0;0;0;0;0
63682;2029;1;22;DLL Arena;0;144;143;0;0;0;0;0;0;0;0;0;0;0;0;;;;0;0;0;0;0;0;0;0;0;0;0;0;0;0;0;0;0;0;0;0;0;0;0;0;Regular Season;0;0;0;0;0;0;0;0;0;0
63819;2029;1;22;LAS Arena;0;137;127;0;0;0;0;0;0;0;0;0;0;0;0;;;;0;0;0;0;0;0;0;0;0;0;0;0;0;0;0;0;0;0;0;0;0;0;0;0;Regular Season;0;0;0;0;0;0;0;0;0;0
63824;2029;1;22;ELP Arena;0;145;126;0;0;0;0;0;0;0;0;0;0;0;0;;;;0;0;0;0;0;0;0;0;0;0;0;0;0;0;0;0;0;0;0;0;0;0;0;0;Regular Season;0;0;0;0;0;0;0;0;0;0
63700;2029;1;23;SEA Arena;0;135;129;0;0;0;0;0;0;0;0;0;0;0;0;;;;0;0;0;0;0;0;0;0;0;0;0;0;0;0;0;0;0;0;0;0;0;0;0;0;Regular Season;0;0;0;0;0;0;0;0;0;0
63656;2029;1;23;COM Arena;0;136;138;0;0;0;0;0;0;0;0;0;0;0;0;;;;0;0;0;0;0;0;0;0;0;0;0;0;0;0;0;0;0;0;0;0;0;0;0;0;Regular Season;0;0;0;0;0;0;0;0;0;0
63877;2029;1;23;TUC Arena;0;132;140;0;0;0;0;0;0;0;0;0;0;0;0;;;;0;0;0;0;0;0;0;0;0;0;0;0;0;0;0;0;0;0;0;0;0;0;0;0;Regular Season;0;0;0;0;0;0;0;0;0;0
63698;2029;1;23;DLL Arena;0;144;141;0;0;0;0;0;0;0;0;0;0;0;0;;;;0;0;0;0;0;0;0;0;0;0;0;0;0;0;0;0;0;0;0;0;0;0;0;0;Regular Season;0;0;0;0;0;0;0;0;0;0
63780;2029;1;23;ZIP Arena;0;134;139;0;0;0;0;0;0;0;0;0;0;0;0;;;;0;0;0;0;0;0;0;0;0;0;0;0;0;0;0;0;0;0;0;0;0;0;0;0;Regular Season;0;0;0;0;0;0;0;0;0;0
63673;2029;1;23;CAA Arena;0;130;128;0;0;0;0;0;0;0;0;0;0;0;0;;;;0;0;0;0;0;0;0;0;0;0;0;0;0;0;0;0;0;0;0;0;0;0;0;0;Regular Season;0;0;0;0;0;0;0;0;0;0
63742;2029;1;23; Arena;0;156;133;0;0;0;0;0;0;0;0;0;0;0;0;;;;0;0;0;0;0;0;0;0;0;0;0;0;0;0;0;0;0;0;0;0;0;0;0;0;Regular Season;0;0;0;0;0;0;0;0;0;0
63753;2029;1;23;Danbury Ice Arena;0;151;146;0;0;0;0;0;0;0;0;0;0;0;0;;;;0;0;0;0;0;0;0;0;0;0;0;0;0;0;0;0;0;0;0;0;0;0;0;0;Regular Season;0;0;0;0;0;0;0;0;0;0
63691;2029;1;24;POR Arena;0;142;143;0;0;0;0;0;0;0;0;0;0;0;0;;;;0;0;0;0;0;0;0;0;0;0;0;0;0;0;0;0;0;0;0;0;0;0;0;0;Regular Season;0;0;0;0;0;0;0;0;0;0
63580;2029;1;24;FOR Arena;0;139;148;0;0;0;0;0;0;0;0;0;0;0;0;;;;0;0;0;0;0;0;0;0;0;0;0;0;0;0;0;0;0;0;0;0;0;0;0;0;Regular Season;0;0;0;0;0;0;0;0;0;0
63687;2029;1;24;Entire City limits of Houston Arena;0;150;129;0;0;0;0;0;0;0;0;0;0;0;0;;;;0;0;0;0;0;0;0;0;0;0;0;0;0;0;0;0;0;0;0;0;0;0;0;0;Regular Season;0;0;0;0;0;0;0;0;0;0
63679;2029;1;24;PHL Arena;0;128;131;0;0;0;0;0;0;0;0;0;0;0;0;;;;0;0;0;0;0;0;0;0;0;0;0;0;0;0;0;0;0;0;0;0;0;0;0;0;Regular Season;0;0;0;0;0;0;0;0;0;0
63680;2029;1;25;LOS Arena;0;126;136;0;0;0;0;0;0;0;0;0;0;0;0;;;;0;0;0;0;0;0;0;0;0;0;0;0;0;0;0;0;0;0;0;0;0;0;0;0;Regular Season;0;0;0;0;0;0;0;0;0;0
63664;2029;1;25;MIW Arena;0;146;149;0;0;0;0;0;0;0;0;0;0;0;0;;;;0;0;0;0;0;0;0;0;0;0;0;0;0;0;0;0;0;0;0;0;0;0;0;0;Regular Season;0;0;0;0;0;0;0;0;0;0
63823;2029;1;25;ZIP Arena;0;134;140;0;0;0;0;0;0;0;0;0;0;0;0;;;;0;0;0;0;0;0;0;0;0;0;0;0;0;0;0;0;0;0;0;0;0;0;0;0;Regular Season;0;0;0;0;0;0;0;0;0;0
63754;2029;1;25;Neville Island Sports Center;0;147;143;0;0;0;0;0;0;0;0;0;0;0;0;;;;0;0;0;0;0;0;0;0;0;0;0;0;0;0;0;0;0;0;0;0;0;0;0;0;Regular Season;0;0;0;0;0;0;0;0;0;0
63716;2029;1;25;TUC Arena;0;132;142;0;0;0;0;0;0;0;0;0;0;0;0;;;;0;0;0;0;0;0;0;0;0;0;0;0;0;0;0;0;0;0;0;0;0;0;0;0;Regular Season;0;0;0;0;0;0;0;0;0;0
63703;2029;1;25;DLL Arena;0;144;150;0;0;0;0;0;0;0;0;0;0;0;0;;;;0;0;0;0;0;0;0;0;0;0;0;0;0;0;0;0;0;0;0;0;0;0;0;0;Regular Season;0;0;0;0;0;0;0;0;0;0
63740;2029;1;25;OKA Arena;0;133;137;0;0;0;0;0;0;0;0;0;0;0;0;;;;0;0;0;0;0;0;0;0;0;0;0;0;0;0;0;0;0;0;0;0;0;0;0;0;Regular Season;0;0;0;0;0;0;0;0;0;0
63821;2029;1;25;ELP Arena;0;145;156;0;0;0;0;0;0;0;0;0;0;0;0;;;;0;0;0;0;0;0;0;0;0;0;0;0;0;0;0;0;0;0;0;0;0;0;0;0;Regular Season;0;0;0;0;0;0;0;0;0;0
63651;2029;1;25;MEM Arena;0;141;138;0;0;0;0;0;0;0;0;0;0;0;0;;;;0;0;0;0;0;0;0;0;0;0;0;0;0;0;0;0;0;0;0;0;0;0;0;0;Regular Season;0;0;0;0;0;0;0;0;0;0
63675;2029;1;26;SAN Arena;0;131;138;0;0;0;0;0;0;0;0;0;0;0;0;;;;0;0;0;0;0;0;0;0;0;0;0;0;0;0;0;0;0;0;0;0;0;0;0;0;Regular Season;0;0;0;0;0;0;0;0;0;0
63587;2029;1;26;WAH Arena;0;148;135;0;0;0;0;0;0;0;0;0;0;0;0;;;;0;0;0;0;0;0;0;0;0;0;0;0;0;0;0;0;0;0;0;0;0;0;0;0;Regular Season;0;0;0;0;0;0;0;0;0;0
63765;2029;1;26;Danbury Ice Arena;0;151;147;0;0;0;0;0;0;0;0;0;0;0;0;;;;0;0;0;0;0;0;0;0;0;0;0;0;0;0;0;0;0;0;0;0;0;0;0;0;Regular Season;0;0;0;0;0;0;0;0;0;0
63832;2029;1;26;FOR Arena;0;139;132;0;0;0;0;0;0;0;0;0;0;0;0;;;;0;0;0;0;0;0;0;0;0;0;0;0;0;0;0;0;0;0;0;0;0;0;0;0;Regular Season;0;0;0;0;0;0;0;0;0;0
63697;2029;1;27;PHL Arena;0;128;126;0;0;0;0;0;0;0;0;0;0;0;0;;;;0;0;0;0;0;0;0;0;0;0;0;0;0;0;0;0;0;0;0;0;0;0;0;0;Regular Season;0;0;0;0;0;0;0;0;0;0
63787;2029;1;27;James Brown Arena;0;127;137;0;0;0;0;0;0;0;0;0;0;0;0;;;;0;0;0;0;0;0;0;0;0;0;0;0;0;0;0;0;0;0;0;0;0;0;0;0;Regular Season;0;0;0;0;0;0;0;0;0;0
63676;2029;1;27;MEM Arena;0;141;130;0;0;0;0;0;0;0;0;0;0;0;0;;;;0;0;0;0;0;0;0;0;0;0;0;0;0;0;0;0;0;0;0;0;0;0;0;0;Regular Season;0;0;0;0;0;0;0;0;0;0
63706;2029;1;27;ELP Arena;0;145;135;0;0;0;0;0;0;0;0;0;0;0;0;;;;0;0;0;0;0;0;0;0;0;0;0;0;0;0;0;0;0;0;0;0;0;0;0;0;Regular Season;0;0;0;0;0;0;0;0;0;0
63611;2029;1;27;JAC Arena;0;149;148;0;0;0;0;0;0;0;0;0;0;0;0;;;;0;0;0;0;0;0;0;0;0;0;0;0;0;0;0;0;0;0;0;0;0;0;0;0;Regular Season;0;0;0;0;0;0;0;0;0;0
63773;2029;1;28;Neville Island Sports Center;0;147;127;0;0;0;0;0;0;0;0;0;0;0;0;;;;0;0;0;0;0;0;0;0;0;0;0;0;0;0;0;0;0;0;0;0;0;0;0;0;Regular Season;0;0;0;0;0;0;0;0;0;0
63722;2029;1;28;JAC Arena;0;149;129;0;0;0;0;0;0;0;0;0;0;0;0;;;;0;0;0;0;0;0;0;0;0;0;0;0;0;0;0;0;0;0;0;0;0;0;0;0;Regular Season;0;0;0;0;0;0;0;0;0;0
63684;2029;1;29;ZIP Arena;0;134;136;0;0;0;0;0;0;0;0;0;0;0;0;;;;0;0;0;0;0;0;0;0;0;0;0;0;0;0;0;0;0;0;0;0;0;0;0;0;Regular Season;0;0;0;0;0;0;0;0;0;0
63994;2029;1;29;TUC Arena;0;132;143;0;0;0;0;0;0;0;0;0;0;0;0;;;;0;0;0;0;0;0;0;0;0;0;0;0;0;0;0;0;0;0;0;0;0;0;0;0;Regular Season;0;0;0;0;0;0;0;0;0;0
63690;2029;1;29;CHC Arena;0;138;133;0;0;0;0;0;0;0;0;0;0;0;0;;;;0;0;0;0;0;0;0;0;0;0;0;0;0;0;0;0;0;0;0;0;0;0;0;0;Regular Season;0;0;0;0;0;0;0;0;0;0
63766;2029;1;29;CAA Arena;0;130;146;0;0;0;0;0;0;0;0;0;0;0;0;;;;0;0;0;0;0;0;0;0;0;0;0;0;0;0;0;0;0;0;0;0;0;0;0;0;Regular Season;0;0;0;0;0;0;0;0;0;0
63707;2029;1;29; Arena;0;156;150;0;0;0;0;0;0;0;0;0;0;0;0;;;;0;0;0;0;0;0;0;0;0;0;0;0;0;0;0;0;0;0;0;0;0;0;0;0;Regular Season;0;0;0;0;0;0;0;0;0;0
63801;2029;1;30;James Brown Arena;0;127;129;0;0;0;0;0;0;0;0;0;0;0;0;;;;0;0;0;0;0;0;0;0;0;0;0;0;0;0;0;0;0;0;0;0;0;0;0;0;Regular Season;0;0;0;0;0;0;0;0;0;0
63759;2029;1;30;LOS Arena;0;126;133;0;0;0;0;0;0;0;0;0;0;0;0;;;;0;0;0;0;0;0;0;0;0;0;0;0;0;0;0;0;0;0;0;0;0;0;0;0;Regular Season;0;0;0;0;0;0;0;0;0;0
63733;2029;1;30;FOR Arena;0;139;131;0;0;0;0;0;0;0;0;0;0;0;0;;;;0;0;0;0;0;0;0;0;0;0;0;0;0;0;0;0;0;0;0;0;0;0;0;0;Regular Season;0;0;0;0;0;0;0;0;0;0
63724;2029;1;30;DLL Arena;0;144;141;0;0;0;0;0;0;0;0;0;0;0;0;;;;0;0;0;0;0;0;0;0;0;0;0;0;0;0;0;0;0;0;0;0;0;0;0;0;Regular Season;0;0;0;0;0;0;0;0;0;0
63868;2029;1;30;HOU Arena;0;140;147;0;0;0;0;0;0;0;0;0;0;0;0;;;;0;0;0;0;0;0;0;0;0;0;0;0;0;0;0;0;0;0;0;0;0;0;0;0;Regular Season;0;0;0;0;0;0;0;0;0;0
63708;2029;1;30;SEA Arena;0;135;138;0;0;0;0;0;0;0;0;0;0;0;0;;;;0;0;0;0;0;0;0;0;0;0;0;0;0;0;0;0;0;0;0;0;0;0;0;0;Regular Season;0;0;0;0;0;0;0;0;0;0
63714;2029;1;30;Entire City limits of Houston Arena;0;150;142;0;0;0;0;0;0;0;0;0;0;0;0;;;;0;0;0;0;0;0;0;0;0;0;0;0;0;0;0;0;0;0;0;0;0;0;0;0;Regular Season;0;0;0;0;0;0;0;0;0;0
63599;2029;1;30;Danbury Ice Arena;0;151;148;0;0;0;0;0;0;0;0;0;0;0;0;;;;0;0;0;0;0;0;0;0;0;0;0;0;0;0;0;0;0;0;0;0;0;0;0;0;Regular Season;0;0;0;0;0;0;0;0;0;0
63851;2029;1;30;LAS Arena;0;137;132;0;0;0;0;0;0;0;0;0;0;0;0;;;;0;0;0;0;0;0;0;0;0;0;0;0;0;0;0;0;0;0;0;0;0;0;0;0;Regular Season;0;0;0;0;0;0;0;0;0;0
63669;2029;1;31;MEM Arena;0;141;148;0;0;0;0;0;0;0;0;0;0;0;0;;;;0;0;0;0;0;0;0;0;0;0;0;0;0;0;0;0;0;0;0;0;0;0;0;0;Regular Season;0;0;0;0;0;0;0;0;0;0
63746;2029;1;31;JAC Arena;0;149;142;0;0;0;0;0;0;0;0;0;0;0;0;;;;0;0;0;0;0;0;0;0;0;0;0;0;0;0;0;0;0;0;0;0;0;0;0;0;Regular Season;0;0;0;0;0;0;0;0;0;0
63734;2029;1;31;ELP Arena;0;145;128;0;0;0;0;0;0;0;0;0;0;0;0;;;;0;0;0;0;0;0;0;0;0;0;0;0;0;0;0;0;0;0;0;0;0;0;0;0;Regular Season;0;0;0;0;0;0;0;0;0;0
63817;2029;1;31; Arena;0;156;144;0;0;0;0;0;0;0;0;0;0;0;0;;;;0;0;0;0;0;0;0;0;0;0;0;0;0;0;0;0;0;0;0;0;0;0;0;0;Regular Season;0;0;0;0;0;0;0;0;0;0
63760;2029;1;31;SEA Arena;0;135;134;0;0;0;0;0;0;0;0;0;0;0;0;;;;0;0;0;0;0;0;0;0;0;0;0;0;0;0;0;0;0;0;0;0;0;0;0;0;Regular Season;0;0;0;0;0;0;0;0;0;0
63702;2029;2;1;COM Arena;0;136;151;0;0;0;0;0;0;0;0;0;0;0;0;;;;0;0;0;0;0;0;0;0;0;0;0;0;0;0;0;0;0;0;0;0;0;0;0;0;Regular Season;0;0;0;0;0;0;0;0;0;0
63720;2029;2;1;Entire City limits of Houston Arena;0;150;149;0;0;0;0;0;0;0;0;0;0;0;0;;;;0;0;0;0;0;0;0;0;0;0;0;0;0;0;0;0;0;0;0;0;0;0;0;0;Regular Season;0;0;0;0;0;0;0;0;0;0
63756;2029;2;1;ZIP Arena;0;134;146;0;0;0;0;0;0;0;0;0;0;0;0;;;;0;0;0;0;0;0;0;0;0;0;0;0;0;0;0;0;0;0;0;0;0;0;0;0;Regular Season;0;0;0;0;0;0;0;0;0;0
63783;2029;2;1;FOR Arena;0;139;133;0;0;0;0;0;0;0;0;0;0;0;0;;;;0;0;0;0;0;0;0;0;0;0;0;0;0;0;0;0;0;0;0;0;0;0;0;0;Regular Season;0;0;0;0;0;0;0;0;0;0
63763;2029;2;1;LOS Arena;0;126;130;0;0;0;0;0;0;0;0;0;0;0;0;;;;0;0;0;0;0;0;0;0;0;0;0;0;0;0;0;0;0;0;0;0;0;0;0;0;Regular Season;0;0;0;0;0;0;0;0;0;0
63779;2029;2;1;James Brown Arena;0;127;131;0;0;0;0;0;0;0;0;0;0;0;0;;;;0;0;0;0;0;0;0;0;0;0;0;0;0;0;0;0;0;0;0;0;0;0;0;0;Regular Season;0;0;0;0;0;0;0;0;0;0
63902;2029;2;1;HOU Arena;0;140;132;0;0;0;0;0;0;0;0;0;0;0;0;;;;0;0;0;0;0;0;0;0;0;0;0;0;0;0;0;0;0;0;0;0;0;0;0;0;Regular Season;0;0;0;0;0;0;0;0;0;0
63738;2029;2;2;CAA Arena;0;130;151;0;0;0;0;0;0;0;0;0;0;0;0;;;;0;0;0;0;0;0;0;0;0;0;0;0;0;0;0;0;0;0;0;0;0;0;0;0;Regular Season;0;0;0;0;0;0;0;0;0;0
63730;2029;2;2;ELP Arena;0;145;138;0;0;0;0;0;0;0;0;0;0;0;0;;;;0;0;0;0;0;0;0;0;0;0;0;0;0;0;0;0;0;0;0;0;0;0;0;0;Regular Season;0;0;0;0;0;0;0;0;0;0
63744;2029;2;2;MEM Arena;0;141;129;0;0;0;0;0;0;0;0;0;0;0;0;;;;0;0;0;0;0;0;0;0;0;0;0;0;0;0;0;0;0;0;0;0;0;0;0;0;Regular Season;0;0;0;0;0;0;0;0;0;0
63784;2029;2;2;PHL Arena;0;128;131;0;0;0;0;0;0;0;0;0;0;0;0;;;;0;0;0;0;0;0;0;0;0;0;0;0;0;0;0;0;0;0;0;0;0;0;0;0;Regular Season;0;0;0;0;0;0;0;0;0;0
63677;2029;2;2;HOU Arena;0;140;148;0;0;0;0;0;0;0;0;0;0;0;0;;;;0;0;0;0;0;0;0;0;0;0;0;0;0;0;0;0;0;0;0;0;0;0;0;0;Regular Season;0;0;0;0;0;0;0;0;0;0
63936;2029;2;2;James Brown Arena;0;127;143;0;0;0;0;0;0;0;0;0;0;0;0;;;;0;0;0;0;0;0;0;0;0;0;0;0;0;0;0;0;0;0;0;0;0;0;0;0;Regular Season;0;0;0;0;0;0;0;0;0;0
63789;2029;2;3;PHL Arena;0;128;139;0;0;0;0;0;0;0;0;0;0;0;0;;;;0;0;0;0;0;0;0;0;0;0;0;0;0;0;0;0;0;0;0;0;0;0;0;0;Regular Season;0;0;0;0;0;0;0;0;0;0
63736;2029;2;3;ELP Arena;0;145;142;0;0;0;0;0;0;0;0;0;0;0;0;;;;0;0;0;0;0;0;0;0;0;0;0;0;0;0;0;0;0;0;0;0;0;0;0;0;Regular Season;0;0;0;0;0;0;0;0;0;0
63686;2029;2;3;COM Arena;0;136;129;0;0;0;0;0;0;0;0;0;0;0;0;;;;0;0;0;0;0;0;0;0;0;0;0;0;0;0;0;0;0;0;0;0;0;0;0;0;Regular Season;0;0;0;0;0;0;0;0;0;0
63792;2029;2;3;LAS Arena;0;137;146;0;0;0;0;0;0;0;0;0;0;0;0;;;;0;0;0;0;0;0;0;0;0;0;0;0;0;0;0;0;0;0;0;0;0;0;0;0;Regular Season;0;0;0;0;0;0;0;0;0;0
63729;2029;2;3;DLL Arena;0;144;156;0;0;0;0;0;0;0;0;0;0;0;0;;;;0;0;0;0;0;0;0;0;0;0;0;0;0;0;0;0;0;0;0;0;0;0;0;0;Regular Season;0;0;0;0;0;0;0;0;0;0
63725;2029;2;4;JAC Arena;0;149;126;0;0;0;0;0;0;0;0;0;0;0;0;;;;0;0;0;0;0;0;0;0;0;0;0;0;0;0;0;0;0;0;0;0;0;0;0;0;Regular Season;0;0;0;0;0;0;0;0;0;0
63807;2029;2;4;SEA Arena;0;135;137;0;0;0;0;0;0;0;0;0;0;0;0;;;;0;0;0;0;0;0;0;0;0;0;0;0;0;0;0;0;0;0;0;0;0;0;0;0;Regular Season;0;0;0;0;0;0;0;0;0;0
63704;2029;2;5;COM Arena;0;136;134;0;0;0;0;0;0;0;0;0;0;0;0;;;;0;0;0;0;0;0;0;0;0;0;0;0;0;0;0;0;0;0;0;0;0;0;0;0;Regular Season;0;0;0;0;0;0;0;0;0;0
63751;2029;2;5;James Brown Arena;0;127;141;0;0;0;0;0;0;0;0;0;0;0;0;;;;0;0;0;0;0;0;0;0;0;0;0;0;0;0;0;0;0;0;0;0;0;0;0;0;Regular Season;0;0;0;0;0;0;0;0;0;0
63750;2029;2;5;FOR Arena;0;139;144;0;0;0;0;0;0;0;0;0;0;0;0;;;;0;0;0;0;0;0;0;0;0;0;0;0;0;0;0;0;0;0;0;0;0;0;0;0;Regular Season;0;0;0;0;0;0;0;0;0;0
63721;2029;2;5;WAH Arena;0;148;147;0;0;0;0;0;0;0;0;0;0;0;0;;;;0;0;0;0;0;0;0;0;0;0;0;0;0;0;0;0;0;0;0;0;0;0;0;0;Regular Season;0;0;0;0;0;0;0;0;0;0
63748;2029;2;5;TUC Arena;0;132;129;0;0;0;0;0;0;0;0;0;0;0;0;;;;0;0;0;0;0;0;0;0;0;0;0;0;0;0;0;0;0;0;0;0;0;0;0;0;Regular Season;0;0;0;0;0;0;0;0;0;0
63745;2029;2;5;MIW Arena;0;146;138;0;0;0;0;0;0;0;0;0;0;0;0;;;;0;0;0;0;0;0;0;0;0;0;0;0;0;0;0;0;0;0;0;0;0;0;0;0;Regular Season;0;0;0;0;0;0;0;0;0;0
63946;2029;2;5;Danbury Ice Arena;0;151;140;0;0;0;0;0;0;0;0;0;0;0;0;;;;0;0;0;0;0;0;0;0;0;0;0;0;0;0;0;0;0;0;0;0;0;0;0;0;Regular Season;0;0;0;0;0;0;0;0;0;0
63737;2029;2;5;Entire City limits of Houston Arena;0;150;143;0;0;0;0;0;0;0;0;0;0;0;0;;;;0;0;0;0;0;0;0;0;0;0;0;0;0;0;0;0;0;0;0;0;0;0;0;0;Regular Season;0;0;0;0;0;0;0;0;0;0
63761;2029;2;5;ELP Arena;0;145;130;0;0;0;0;0;0;0;0;0;0;0;0;;;;0;0;0;0;0;0;0;0;0;0;0;0;0;0;0;0;0;0;0;0;0;0;0;0;Regular Season;0;0;0;0;0;0;0;0;0;0
63747;2029;2;6;Palau de Gel;0;129;131;0;0;0;0;0;0;0;0;0;0;0;0;;;;0;0;0;0;0;0;0;0;0;0;0;0;0;0;0;0;0;0;0;0;0;0;0;0;Regular Season;0;0;0;0;0;0;0;0;0;0
63815;2029;2;6;POR Arena;0;142;151;0;0;0;0;0;0;0;0;0;0;0;0;;;;0;0;0;0;0;0;0;0;0;0;0;0;0;0;0;0;0;0;0;0;0;0;0;0;Regular Season;0;0;0;0;0;0;0;0;0;0
63696;2029;2;6;WAH Arena;0;148;127;0;0;0;0;0;0;0;0;0;0;0;0;;;;0;0;0;0;0;0;0;0;0;0;0;0;0;0;0;0;0;0;0;0;0;0;0;0;Regular Season;0;0;0;0;0;0;0;0;0;0
63798;2029;2;6;OKA Arena;0;133;139;0;0;0;0;0;0;0;0;0;0;0;0;;;;0;0;0;0;0;0;0;0;0;0;0;0;0;0;0;0;0;0;0;0;0;0;0;0;Regular Season;0;0;0;0;0;0;0;0;0;0
63880;2029;2;6;MIW Arena;0;146;149;0;0;0;0;0;0;0;0;0;0;0;0;;;;0;0;0;0;0;0;0;0;0;0;0;0;0;0;0;0;0;0;0;0;0;0;0;0;Regular Season;0;0;0;0;0;0;0;0;0;0
63795;2029;2;6;ZIP Arena;0;134;147;0;0;0;0;0;0;0;0;0;0;0;0;;;;0;0;0;0;0;0;0;0;0;0;0;0;0;0;0;0;0;0;0;0;0;0;0;0;Regular Season;0;0;0;0;0;0;0;0;0;0
63812;2029;2;6;SEA Arena;0;135;128;0;0;0;0;0;0;0;0;0;0;0;0;;;;0;0;0;0;0;0;0;0;0;0;0;0;0;0;0;0;0;0;0;0;0;0;0;0;Regular Season;0;0;0;0;0;0;0;0;0;0
63774;2029;2;6;MEM Arena;0;141;137;0;0;0;0;0;0;0;0;0;0;0;0;;;;0;0;0;0;0;0;0;0;0;0;0;0;0;0;0;0;0;0;0;0;0;0;0;0;Regular Season;0;0;0;0;0;0;0;0;0;0
63841;2029;2;6; Arena;0;156;130;0;0;0;0;0;0;0;0;0;0;0;0;;;;0;0;0;0;0;0;0;0;0;0;0;0;0;0;0;0;0;0;0;0;0;0;0;0;Regular Season;0;0;0;0;0;0;0;0;0;0
63739;2029;2;7;DLL Arena;0;144;136;0;0;0;0;0;0;0;0;0;0;0;0;;;;0;0;0;0;0;0;0;0;0;0;0;0;0;0;0;0;0;0;0;0;0;0;0;0;Regular Season;0;0;0;0;0;0;0;0;0;0
63810;2029;2;7;POR Arena;0;142;126;0;0;0;0;0;0;0;0;0;0;0;0;;;;0;0;0;0;0;0;0;0;0;0;0;0;0;0;0;0;0;0;0;0;0;0;0;0;Regular Season;0;0;0;0;0;0;0;0;0;0
63758;2029;2;8;CHC Arena;0;138;145;0;0;0;0;0;0;0;0;0;0;0;0;;;;0;0;0;0;0;0;0;0;0;0;0;0;0;0;0;0;0;0;0;0;0;0;0;0;Regular Season;0;0;0;0;0;0;0;0;0;0
63808;2029;2;8;AUS Arena;0;143;139;0;0;0;0;0;0;0;0;0;0;0;0;;;;0;0;0;0;0;0;0;0;0;0;0;0;0;0;0;0;0;0;0;0;0;0;0;0;Regular Season;0;0;0;0;0;0;0;0;0;0
63769;2029;2;8;SEA Arena;0;135;144;0;0;0;0;0;0;0;0;0;0;0;0;;;;0;0;0;0;0;0;0;0;0;0;0;0;0;0;0;0;0;0;0;0;0;0;0;0;Regular Season;0;0;0;0;0;0;0;0;0;0
63782;2029;2;8;PHL Arena;0;128;149;0;0;0;0;0;0;0;0;0;0;0;0;;;;0;0;0;0;0;0;0;0;0;0;0;0;0;0;0;0;0;0;0;0;0;0;0;0;Regular Season;0;0;0;0;0;0;0;0;0;0
63776;2029;2;8;Palau de Gel;0;129;126;0;0;0;0;0;0;0;0;0;0;0;0;;;;0;0;0;0;0;0;0;0;0;0;0;0;0;0;0;0;0;0;0;0;0;0;0;0;Regular Season;0;0;0;0;0;0;0;0;0;0
63683;2029;2;8;WAH Arena;0;148;150;0;0;0;0;0;0;0;0;0;0;0;0;;;;0;0;0;0;0;0;0;0;0;0;0;0;0;0;0;0;0;0;0;0;0;0;0;0;Regular Season;0;0;0;0;0;0;0;0;0;0
63863;2029;2;8;LAS Arena;0;137;132;0;0;0;0;0;0;0;0;0;0;0;0;;;;0;0;0;0;0;0;0;0;0;0;0;0;0;0;0;0;0;0;0;0;0;0;0;0;Regular Season;0;0;0;0;0;0;0;0;0;0
63839;2029;2;8;Neville Island Sports Center;0;147;134;0;0;0;0;0;0;0;0;0;0;0;0;;;;0;0;0;0;0;0;0;0;0;0;0;0;0;0;0;0;0;0;0;0;0;0;0;0;Regular Season;0;0;0;0;0;0;0;0;0;0
63904;2029;2;8;CAA Arena;0;130;131;0;0;0;0;0;0;0;0;0;0;0;0;;;;0;0;0;0;0;0;0;0;0;0;0;0;0;0;0;0;0;0;0;0;0;0;0;0;Regular Season;0;0;0;0;0;0;0;0;0;0
63796;2029;2;8;MEM Arena;0;141;133;0;0;0;0;0;0;0;0;0;0;0;0;;;;0;0;0;0;0;0;0;0;0;0;0;0;0;0;0;0;0;0;0;0;0;0;0;0;Regular Season;0;0;0;0;0;0;0;0;0;0
63986;2029;2;9;SAN Arena;0;131;137;0;0;0;0;0;0;0;0;0;0;0;0;;;;0;0;0;0;0;0;0;0;0;0;0;0;0;0;0;0;0;0;0;0;0;0;0;0;Regular Season;0;0;0;0;0;0;0;0;0;0
63825;2029;2;9;SEA Arena;0;135;156;0;0;0;0;0;0;0;0;0;0;0;0;;;;0;0;0;0;0;0;0;0;0;0;0;0;0;0;0;0;0;0;0;0;0;0;0;0;Regular Season;0;0;0;0;0;0;0;0;0;0
63743;2029;2;9;ELP Arena;0;145;150;0;0;0;0;0;0;0;0;0;0;0;0;;;;0;0;0;0;0;0;0;0;0;0;0;0;0;0;0;0;0;0;0;0;0;0;0;0;Regular Season;0;0;0;0;0;0;0;0;0;0
63768;2029;2;9;AUS Arena;0;143;138;0;0;0;0;0;0;0;0;0;0;0;0;;;;0;0;0;0;0;0;0;0;0;0;0;0;0;0;0;0;0;0;0;0;0;0;0;0;Regular Season;0;0;0;0;0;0;0;0;0;0
63757;2029;2;9;TUC Arena;0;132;136;0;0;0;0;0;0;0;0;0;0;0;0;;;;0;0;0;0;0;0;0;0;0;0;0;0;0;0;0;0;0;0;0;0;0;0;0;0;Regular Season;0;0;0;0;0;0;0;0;0;0
63786;2029;2;9;HOU Arena;0;140;133;0;0;0;0;0;0;0;0;0;0;0;0;;;;0;0;0;0;0;0;0;0;0;0;0;0;0;0;0;0;0;0;0;0;0;0;0;0;Regular Season;0;0;0;0;0;0;0;0;0;0
63903;2029;2;10;JAC Arena;0;149;146;0;0;0;0;0;0;0;0;0;0;0;0;;;;0;0;0;0;0;0;0;0;0;0;0;0;0;0;0;0;0;0;0;0;0;0;0;0;Regular Season;0;0;0;0;0;0;0;0;0;0
63842;2029;2;10; Arena;0;156;126;0;0;0;0;0;0;0;0;0;0;0;0;;;;0;0;0;0;0;0;0;0;0;0;0;0;0;0;0;0;0;0;0;0;0;0;0;0;Regular Season;0;0;0;0;0;0;0;0;0;0
63895;2029;2;10;HOU Arena;0;140;142;0;0;0;0;0;0;0;0;0;0;0;0;;;;0;0;0;0;0;0;0;0;0;0;0;0;0;0;0;0;0;0;0;0;0;0;0;0;Regular Season;0;0;0;0;0;0;0;0;0;0
63793;2029;2;10;James Brown Arena;0;127;128;0;0;0;0;0;0;0;0;0;0;0;0;;;;0;0;0;0;0;0;0;0;0;0;0;0;0;0;0;0;0;0;0;0;0;0;0;0;Regular Season;0;0;0;0;0;0;0;0;0;0
63866;2029;2;12;James Brown Arena;0;127;142;0;0;0;0;0;0;0;0;0;0;0;0;;;;0;0;0;0;0;0;0;0;0;0;0;0;0;0;0;0;0;0;0;0;0;0;0;0;Regular Season;0;0;0;0;0;0;0;0;0;0
63833;2029;2;12;SEA Arena;0;135;140;0;0;0;0;0;0;0;0;0;0;0;0;;;;0;0;0;0;0;0;0;0;0;0;0;0;0;0;0;0;0;0;0;0;0;0;0;0;Regular Season;0;0;0;0;0;0;0;0;0;0
63809;2029;2;12;Palau de Gel;0;129;128;0;0;0;0;0;0;0;0;0;0;0;0;;;;0;0;0;0;0;0;0;0;0;0;0;0;0;0;0;0;0;0;0;0;0;0;0;0;Regular Season;0;0;0;0;0;0;0;0;0;0
63813;2029;2;12;MEM Arena;0;141;143;0;0;0;0;0;0;0;0;0;0;0;0;;;;0;0;0;0;0;0;0;0;0;0;0;0;0;0;0;0;0;0;0;0;0;0;0;0;Regular Season;0;0;0;0;0;0;0;0;0;0
63846;2029;2;12;FOR Arena;0;139;147;0;0;0;0;0;0;0;0;0;0;0;0;;;;0;0;0;0;0;0;0;0;0;0;0;0;0;0;0;0;0;0;0;0;0;0;0;0;Regular Season;0;0;0;0;0;0;0;0;0;0
63849;2029;2;12;DLL Arena;0;144;145;0;0;0;0;0;0;0;0;0;0;0;0;;;;0;0;0;0;0;0;0;0;0;0;0;0;0;0;0;0;0;0;0;0;0;0;0;0;Regular Season;0;0;0;0;0;0;0;0;0;0
63822;2029;2;12;OKA Arena;0;133;150;0;0;0;0;0;0;0;0;0;0;0;0;;;;0;0;0;0;0;0;0;0;0;0;0;0;0;0;0;0;0;0;0;0;0;0;0;0;Regular Season;0;0;0;0;0;0;0;0;0;0
63893;2029;2;13;SAN Arena;0;131;126;0;0;0;0;0;0;0;0;0;0;0;0;;;;0;0;0;0;0;0;0;0;0;0;0;0;0;0;0;0;0;0;0;0;0;0;0;0;Regular Season;0;0;0;0;0;0;0;0;0;0
63804;2029;2;13;Palau de Gel;0;129;147;0;0;0;0;0;0;0;0;0;0;0;0;;;;0;0;0;0;0;0;0;0;0;0;0;0;0;0;0;0;0;0;0;0;0;0;0;0;Regular Season;0;0;0;0;0;0;0;0;0;0
63764;2029;2;13;Danbury Ice Arena;0;151;136;0;0;0;0;0;0;0;0;0;0;0;0;;;;0;0;0;0;0;0;0;0;0;0;0;0;0;0;0;0;0;0;0;0;0;0;0;0;Regular Season;0;0;0;0;0;0;0;0;0;0
63778;2029;2;13; Arena;0;156;148;0;0;0;0;0;0;0;0;0;0;0;0;;;;0;0;0;0;0;0;0;0;0;0;0;0;0;0;0;0;0;0;0;0;0;0;0;0;Regular Season;0;0;0;0;0;0;0;0;0;0
63830;2029;2;13;CAA Arena;0;130;127;0;0;0;0;0;0;0;0;0;0;0;0;;;;0;0;0;0;0;0;0;0;0;0;0;0;0;0;0;0;0;0;0;0;0;0;0;0;Regular Season;0;0;0;0;0;0;0;0;0;0
63767;2029;2;13;MEM Arena;0;141;145;0;0;0;0;0;0;0;0;0;0;0;0;;;;0;0;0;0;0;0;0;0;0;0;0;0;0;0;0;0;0;0;0;0;0;0;0;0;Regular Season;0;0;0;0;0;0;0;0;0;0
63771;2029;2;13;CHC Arena;0;138;134;0;0;0;0;0;0;0;0;0;0;0;0;;;;0;0;0;0;0;0;0;0;0;0;0;0;0;0;0;0;0;0;0;0;0;0;0;0;Regular Season;0;0;0;0;0;0;0;0;0;0
63820;2029;2;13;TUC Arena;0;132;128;0;0;0;0;0;0;0;0;0;0;0;0;;;;0;0;0;0;0;0;0;0;0;0;0;0;0;0;0;0;0;0;0;0;0;0;0;0;Regular Season;0;0;0;0;0;0;0;0;0;0
63828;2029;2;13;FOR Arena;0;139;135;0;0;0;0;0;0;0;0;0;0;0;0;;;;0;0;0;0;0;0;0;0;0;0;0;0;0;0;0;0;0;0;0;0;0;0;0;0;Regular Season;0;0;0;0;0;0;0;0;0;0
63811;2029;2;14;Entire City limits of Houston Arena;0;150;140;0;0;0;0;0;0;0;0;0;0;0;0;;;;0;0;0;0;0;0;0;0;0;0;0;0;0;0;0;0;0;0;0;0;0;0;0;0;Regular Season;0;0;0;0;0;0;0;0;0;0
63785;2029;2;14;ZIP Arena;0;134;138;0;0;0;0;0;0;0;0;0;0;0;0;;;;0;0;0;0;0;0;0;0;0;0;0;0;0;0;0;0;0;0;0;0;0;0;0;0;Regular Season;0;0;0;0;0;0;0;0;0;0
63797;2029;2;14;DLL Arena;0;144;151;0;0;0;0;0;0;0;0;0;0;0;0;;;;0;0;0;0;0;0;0;0;0;0;0;0;0;0;0;0;0;0;0;0;0;0;0;0;Regular Season;0;0;0;0;0;0;0;0;0;0
63853;2029;2;15;HOU Arena;0;140;156;0;0;0;0;0;0;0;0;0;0;0;0;;;;0;0;0;0;0;0;0;0;0;0;0;0;0;0;0;0;0;0;0;0;0;0;0;0;Regular Season;0;0;0;0;0;0;0;0;0;0
63755;2029;2;15;TUC Arena;0;132;148;0;0;0;0;0;0;0;0;0;0;0;0;;;;0;0;0;0;0;0;0;0;0;0;0;0;0;0;0;0;0;0;0;0;0;0;0;0;Regular Season;0;0;0;0;0;0;0;0;0;0
63837;2029;2;15;CAA Arena;0;130;150;0;0;0;0;0;0;0;0;0;0;0;0;;;;0;0;0;0;0;0;0;0;0;0;0;0;0;0;0;0;0;0;0;0;0;0;0;0;Regular Season;0;0;0;0;0;0;0;0;0;0
63831;2029;2;15;SAN Arena;0;131;136;0;0;0;0;0;0;0;0;0;0;0;0;;;;0;0;0;0;0;0;0;0;0;0;0;0;0;0;0;0;0;0;0;0;0;0;0;0;Regular Season;0;0;0;0;0;0;0;0;0;0
63838;2029;2;15;DLL Arena;0;144;128;0;0;0;0;0;0;0;0;0;0;0;0;;;;0;0;0;0;0;0;0;0;0;0;0;0;0;0;0;0;0;0;0;0;0;0;0;0;Regular Season;0;0;0;0;0;0;0;0;0;0
63844;2029;2;15;POR Arena;0;142;143;0;0;0;0;0;0;0;0;0;0;0;0;;;;0;0;0;0;0;0;0;0;0;0;0;0;0;0;0;0;0;0;0;0;0;0;0;0;Regular Season;0;0;0;0;0;0;0;0;0;0
63790;2029;2;16;CHC Arena;0;138;132;0;0;0;0;0;0;0;0;0;0;0;0;;;;0;0;0;0;0;0;0;0;0;0;0;0;0;0;0;0;0;0;0;0;0;0;0;0;Regular Season;0;0;0;0;0;0;0;0;0;0
63854;2029;2;16;POR Arena;0;142;136;0;0;0;0;0;0;0;0;0;0;0;0;;;;0;0;0;0;0;0;0;0;0;0;0;0;0;0;0;0;0;0;0;0;0;0;0;0;Regular Season;0;0;0;0;0;0;0;0;0;0
63918;2029;2;16;MIW Arena;0;146;141;0;0;0;0;0;0;0;0;0;0;0;0;;;;0;0;0;0;0;0;0;0;0;0;0;0;0;0;0;0;0;0;0;0;0;0;0;0;Regular Season;0;0;0;0;0;0;0;0;0;0
63772;2029;2;16;WAH Arena;0;148;143;0;0;0;0;0;0;0;0;0;0;0;0;;;;0;0;0;0;0;0;0;0;0;0;0;0;0;0;0;0;0;0;0;0;0;0;0;0;Regular Season;0;0;0;0;0;0;0;0;0;0
63864;2029;2;16;CAA Arena;0;130;126;0;0;0;0;0;0;0;0;0;0;0;0;;;;0;0;0;0;0;0;0;0;0;0;0;0;0;0;0;0;0;0;0;0;0;0;0;0;Regular Season;0;0;0;0;0;0;0;0;0;0
63984;2029;2;16;LAS Arena;0;137;156;0;0;0;0;0;0;0;0;0;0;0;0;;;;0;0;0;0;0;0;0;0;0;0;0;0;0;0;0;0;0;0;0;0;0;0;0;0;Regular Season;0;0;0;0;0;0;0;0;0;0
63827;2029;2;16;ZIP Arena;0;134;135;0;0;0;0;0;0;0;0;0;0;0;0;;;;0;0;0;0;0;0;0;0;0;0;0;0;0;0;0;0;0;0;0;0;0;0;0;0;Regular Season;0;0;0;0;0;0;0;0;0;0
63887;2029;2;16;FOR Arena;0;139;149;0;0;0;0;0;0;0;0;0;0;0;0;;;;0;0;0;0;0;0;0;0;0;0;0;0;0;0;0;0;0;0;0;0;0;0;0;0;Regular Season;0;0;0;0;0;0;0;0;0;0
63805;2029;2;16;OKA Arena;0;133;129;0;0;0;0;0;0;0;0;0;0;0;0;;;;0;0;0;0;0;0;0;0;0;0;0;0;0;0;0;0;0;0;0;0;0;0;0;0;Regular Season;0;0;0;0;0;0;0;0;0;0
63884;2029;2;17;Neville Island Sports Center;0;147;131;0;0;0;0;0;0;0;0;0;0;0;0;;;;0;0;0;0;0;0;0;0;0;0;0;0;0;0;0;0;0;0;0;0;0;0;0;0;Regular Season;0;0;0;0;0;0;0;0;0;0
63886;2029;2;17;LOS Arena;0;126;127;0;0;0;0;0;0;0;0;0;0;0;0;;;;0;0;0;0;0;0;0;0;0;0;0;0;0;0;0;0;0;0;0;0;0;0;0;0;Regular Season;0;0;0;0;0;0;0;0;0;0
63836;2029;2;17;JAC Arena;0;149;133;0;0;0;0;0;0;0;0;0;0;0;0;;;;0;0;0;0;0;0;0;0;0;0;0;0;0;0;0;0;0;0;0;0;0;0;0;0;Regular Season;0;0;0;0;0;0;0;0;0;0
63775;2029;2;18;ELP Arena;0;145;151;0;0;0;0;0;0;0;0;0;0;0;0;;;;0;0;0;0;0;0;0;0;0;0;0;0;0;0;0;0;0;0;0;0;0;0;0;0;Regular Season;0;0;0;0;0;0;0;0;0;0
63921;2029;2;19; Arena;0;156;128;0;0;0;0;0;0;0;0;0;0;0;0;;;;0;0;0;0;0;0;0;0;0;0;0;0;0;0;0;0;0;0;0;0;0;0;0;0;Regular Season;0;0;0;0;0;0;0;0;0;0
63925;2029;2;19;Danbury Ice Arena;0;151;147;0;0;0;0;0;0;0;0;0;0;0;0;;;;0;0;0;0;0;0;0;0;0;0;0;0;0;0;0;0;0;0;0;0;0;0;0;0;Regular Season;0;0;0;0;0;0;0;0;0;0
63878;2029;2;19;ZIP Arena;0;134;130;0;0;0;0;0;0;0;0;0;0;0;0;;;;0;0;0;0;0;0;0;0;0;0;0;0;0;0;0;0;0;0;0;0;0;0;0;0;Regular Season;0;0;0;0;0;0;0;0;0;0
63829;2029;2;19;WAH Arena;0;148;149;0;0;0;0;0;0;0;0;0;0;0;0;;;;0;0;0;0;0;0;0;0;0;0;0;0;0;0;0;0;0;0;0;0;0;0;0;0;Regular Season;0;0;0;0;0;0;0;0;0;0
63860;2029;2;19;MIW Arena;0;146;143;0;0;0;0;0;0;0;0;0;0;0;0;;;;0;0;0;0;0;0;0;0;0;0;0;0;0;0;0;0;0;0;0;0;0;0;0;0;Regular Season;0;0;0;0;0;0;0;0;0;0
63858;2029;2;19;COM Arena;0;136;140;0;0;0;0;0;0;0;0;0;0;0;0;;;;0;0;0;0;0;0;0;0;0;0;0;0;0;0;0;0;0;0;0;0;0;0;0;0;Regular Season;0;0;0;0;0;0;0;0;0;0
63900;2029;2;20;James Brown Arena;0;127;131;0;0;0;0;0;0;0;0;0;0;0;0;;;;0;0;0;0;0;0;0;0;0;0;0;0;0;0;0;0;0;0;0;0;0;0;0;0;Regular Season;0;0;0;0;0;0;0;0;0;0
63927;2029;2;20;FOR Arena;0;139;136;0;0;0;0;0;0;0;0;0;0;0;0;;;;0;0;0;0;0;0;0;0;0;0;0;0;0;0;0;0;0;0;0;0;0;0;0;0;Regular Season;0;0;0;0;0;0;0;0;0;0
63840;2029;2;20;PHL Arena;0;128;141;0;0;0;0;0;0;0;0;0;0;0;0;;;;0;0;0;0;0;0;0;0;0;0;0;0;0;0;0;0;0;0;0;0;0;0;0;0;Regular Season;0;0;0;0;0;0;0;0;0;0
63814;2029;2;20;WAH Arena;0;148;137;0;0;0;0;0;0;0;0;0;0;0;0;;;;0;0;0;0;0;0;0;0;0;0;0;0;0;0;0;0;0;0;0;0;0;0;0;0;Regular Season;0;0;0;0;0;0;0;0;0;0
64001;2029;2;20;DLL Arena;0;144;134;0;0;0;0;0;0;0;0;0;0;0;0;;;;0;0;0;0;0;0;0;0;0;0;0;0;0;0;0;0;0;0;0;0;0;0;0;0;Regular Season;0;0;0;0;0;0;0;0;0;0
63861;2029;2;20;AUS Arena;0;143;149;0;0;0;0;0;0;0;0;0;0;0;0;;;;0;0;0;0;0;0;0;0;0;0;0;0;0;0;0;0;0;0;0;0;0;0;0;0;Regular Season;0;0;0;0;0;0;0;0;0;0
63869;2029;2;20; Arena;0;156;140;0;0;0;0;0;0;0;0;0;0;0;0;;;;0;0;0;0;0;0;0;0;0;0;0;0;0;0;0;0;0;0;0;0;0;0;0;0;Regular Season;0;0;0;0;0;0;0;0;0;0
63847;2029;2;20;SEA Arena;0;135;126;0;0;0;0;0;0;0;0;0;0;0;0;;;;0;0;0;0;0;0;0;0;0;0;0;0;0;0;0;0;0;0;0;0;0;0;0;0;Regular Season;0;0;0;0;0;0;0;0;0;0
63799;2029;2;20;CHC Arena;0;138;132;0;0;0;0;0;0;0;0;0;0;0;0;;;;0;0;0;0;0;0;0;0;0;0;0;0;0;0;0;0;0;0;0;0;0;0;0;0;Regular Season;0;0;0;0;0;0;0;0;0;0
63816;2029;2;20;Palau de Gel;0;129;145;0;0;0;0;0;0;0;0;0;0;0;0;;;;0;0;0;0;0;0;0;0;0;0;0;0;0;0;0;0;0;0;0;0;0;0;0;0;Regular Season;0;0;0;0;0;0;0;0;0;0
63906;2029;2;20;Entire City limits of Houston Arena;0;150;142;0;0;0;0;0;0;0;0;0;0;0;0;;;;0;0;0;0;0;0;0;0;0;0;0;0;0;0;0;0;0;0;0;0;0;0;0;0;Regular Season;0;0;0;0;0;0;0;0;0;0
63876;2029;2;21;LAS Arena;0;137;133;0;0;0;0;0;0;0;0;0;0;0;0;;;;0;0;0;0;0;0;0;0;0;0;0;0;0;0;0;0;0;0;0;0;0;0;0;0;Regular Season;0;0;0;0;0;0;0;0;0;0
63834;2029;2;22;Neville Island Sports Center;0;147;148;0;0;0;0;0;0;0;0;0;0;0;0;;;;0;0;0;0;0;0;0;0;0;0;0;0;0;0;0;0;0;0;0;0;0;0;0;0;Regular Season;0;0;0;0;0;0;0;0;0;0
63856;2029;2;22;SEA Arena;0;135;146;0;0;0;0;0;0;0;0;0;0;0;0;;;;0;0;0;0;0;0;0;0;0;0;0;0;0;0;0;0;0;0;0;0;0;0;0;0;Regular Season;0;0;0;0;0;0;0;0;0;0
63891;2029;2;22;JAC Arena;0;149;144;0;0;0;0;0;0;0;0;0;0;0;0;;;;0;0;0;0;0;0;0;0;0;0;0;0;0;0;0;0;0;0;0;0;0;0;0;0;Regular Season;0;0;0;0;0;0;0;0;0;0
63855;2029;2;22;James Brown Arena;0;127;129;0;0;0;0;0;0;0;0;0;0;0;0;;;;0;0;0;0;0;0;0;0;0;0;0;0;0;0;0;0;0;0;0;0;0;0;0;0;Regular Season;0;0;0;0;0;0;0;0;0;0
63857;2029;2;22;POR Arena;0;142;143;0;0;0;0;0;0;0;0;0;0;0;0;;;;0;0;0;0;0;0;0;0;0;0;0;0;0;0;0;0;0;0;0;0;0;0;0;0;Regular Season;0;0;0;0;0;0;0;0;0;0
63850;2029;2;22;Entire City limits of Houston Arena;0;150;139;0;0;0;0;0;0;0;0;0;0;0;0;;;;0;0;0;0;0;0;0;0;0;0;0;0;0;0;0;0;0;0;0;0;0;0;0;0;Regular Season;0;0;0;0;0;0;0;0;0;0
63859;2029;2;22;TUC Arena;0;132;141;0;0;0;0;0;0;0;0;0;0;0;0;;;;0;0;0;0;0;0;0;0;0;0;0;0;0;0;0;0;0;0;0;0;0;0;0;0;Regular Season;0;0;0;0;0;0;0;0;0;0
63865;2029;2;22;LOS Arena;0;126;140;0;0;0;0;0;0;0;0;0;0;0;0;;;;0;0;0;0;0;0;0;0;0;0;0;0;0;0;0;0;0;0;0;0;0;0;0;0;Regular Season;0;0;0;0;0;0;0;0;0;0
63881;2029;2;23;ELP Arena;0;145;137;0;0;0;0;0;0;0;0;0;0;0;0;;;;0;0;0;0;0;0;0;0;0;0;0;0;0;0;0;0;0;0;0;0;0;0;0;0;Regular Season;0;0;0;0;0;0;0;0;0;0
63872;2029;2;23;PHL Arena;0;128;129;0;0;0;0;0;0;0;0;0;0;0;0;;;;0;0;0;0;0;0;0;0;0;0;0;0;0;0;0;0;0;0;0;0;0;0;0;0;Regular Season;0;0;0;0;0;0;0;0;0;0
63958;2029;2;23;James Brown Arena;0;127;130;0;0;0;0;0;0;0;0;0;0;0;0;;;;0;0;0;0;0;0;0;0;0;0;0;0;0;0;0;0;0;0;0;0;0;0;0;0;Regular Season;0;0;0;0;0;0;0;0;0;0
63818;2029;2;23;Danbury Ice Arena;0;151;133;0;0;0;0;0;0;0;0;0;0;0;0;;;;0;0;0;0;0;0;0;0;0;0;0;0;0;0;0;0;0;0;0;0;0;0;0;0;Regular Season;0;0;0;0;0;0;0;0;0;0
63802;2029;2;23;CHC Arena;0;138;131;0;0;0;0;0;0;0;0;0;0;0;0;;;;0;0;0;0;0;0;0;0;0;0;0;0;0;0;0;0;0;0;0;0;0;0;0;0;Regular Season;0;0;0;0;0;0;0;0;0;0
63910;2029;2;24;ELP Arena;0;145;144;0;0;0;0;0;0;0;0;0;0;0;0;;;;0;0;0;0;0;0;0;0;0;0;0;0;0;0;0;0;0;0;0;0;0;0;0;0;Regular Season;0;0;0;0;0;0;0;0;0;0
63941;2029;2;24;Neville Island Sports Center;0;147;150;0;0;0;0;0;0;0;0;0;0;0;0;;;;0;0;0;0;0;0;0;0;0;0;0;0;0;0;0;0;0;0;0;0;0;0;0;0;Regular Season;0;0;0;0;0;0;0;0;0;0
63862;2029;2;24;TUC Arena;0;132;133;0;0;0;0;0;0;0;0;0;0;0;0;;;;0;0;0;0;0;0;0;0;0;0;0;0;0;0;0;0;0;0;0;0;0;0;0;0;Regular Season;0;0;0;0;0;0;0;0;0;0
63870;2029;2;24;COM Arena;0;136;126;0;0;0;0;0;0;0;0;0;0;0;0;;;;0;0;0;0;0;0;0;0;0;0;0;0;0;0;0;0;0;0;0;0;0;0;0;0;Regular Season;0;0;0;0;0;0;0;0;0;0
63998;2029;2;24;FOR Arena;0;139;146;0;0;0;0;0;0;0;0;0;0;0;0;;;;0;0;0;0;0;0;0;0;0;0;0;0;0;0;0;0;0;0;0;0;0;0;0;0;Regular Season;0;0;0;0;0;0;0;0;0;0
63907;2029;2;24; Arena;0;156;134;0;0;0;0;0;0;0;0;0;0;0;0;;;;0;0;0;0;0;0;0;0;0;0;0;0;0;0;0;0;0;0;0;0;0;0;0;0;Regular Season;0;0;0;0;0;0;0;0;0;0
63915;2029;2;25;SAN Arena;0;131;142;0;0;0;0;0;0;0;0;0;0;0;0;;;;0;0;0;0;0;0;0;0;0;0;0;0;0;0;0;0;0;0;0;0;0;0;0;0;Regular Season;0;0;0;0;0;0;0;0;0;0
63826;2029;2;25;CHC Arena;0;138;135;0;0;0;0;0;0;0;0;0;0;0;0;;;;0;0;0;0;0;0;0;0;0;0;0;0;0;0;0;0;0;0;0;0;0;0;0;0;Regular Season;0;0;0;0;0;0;0;0;0;0
63874;2029;2;25;Danbury Ice Arena;0;151;141;0;0;0;0;0;0;0;0;0;0;0;0;;;;0;0;0;0;0;0;0;0;0;0;0;0;0;0;0;0;0;0;0;0;0;0;0;0;Regular Season;0;0;0;0;0;0;0;0;0;0
63867;2029;2;26;SEA Arena;0;135;129;0;0;0;0;0;0;0;0;0;0;0;0;;;;0;0;0;0;0;0;0;0;0;0;0;0;0;0;0;0;0;0;0;0;0;0;0;0;Regular Season;0;0;0;0;0;0;0;0;0;0
63905;2029;2;26;ZIP Arena;0;134;137;0;0;0;0;0;0;0;0;0;0;0;0;;;;0;0;0;0;0;0;0;0;0;0;0;0;0;0;0;0;0;0;0;0;0;0;0;0;Regular Season;0;0;0;0;0;0;0;0;0;0
63914;2029;2;26;HOU Arena;0;140;126;0;0;0;0;0;0;0;0;0;0;0;0;;;;0;0;0;0;0;0;0;0;0;0;0;0;0;0;0;0;0;0;0;0;0;0;0;0;Regular Season;0;0;0;0;0;0;0;0;0;0
63929;2029;2;26;POR Arena;0;142;156;0;0;0;0;0;0;0;0;0;0;0;0;;;;0;0;0;0;0;0;0;0;0;0;0;0;0;0;0;0;0;0;0;0;0;0;0;0;Regular Season;0;0;0;0;0;0;0;0;0;0
63892;2029;2;26;ELP Arena;0;145;149;0;0;0;0;0;0;0;0;0;0;0;0;;;;0;0;0;0;0;0;0;0;0;0;0;0;0;0;0;0;0;0;0;0;0;0;0;0;Regular Season;0;0;0;0;0;0;0;0;0;0
63930;2029;2;27;PHL Arena;0;128;132;0;0;0;0;0;0;0;0;0;0;0;0;;;;0;0;0;0;0;0;0;0;0;0;0;0;0;0;0;0;0;0;0;0;0;0;0;0;Regular Season;0;0;0;0;0;0;0;0;0;0
63911;2029;2;27;AUS Arena;0;143;146;0;0;0;0;0;0;0;0;0;0;0;0;;;;0;0;0;0;0;0;0;0;0;0;0;0;0;0;0;0;0;0;0;0;0;0;0;0;Regular Season;0;0;0;0;0;0;0;0;0;0
63875;2029;2;27;OKA Arena;0;133;138;0;0;0;0;0;0;0;0;0;0;0;0;;;;0;0;0;0;0;0;0;0;0;0;0;0;0;0;0;0;0;0;0;0;0;0;0;0;Regular Season;0;0;0;0;0;0;0;0;0;0
63953;2029;2;27; Arena;0;156;139;0;0;0;0;0;0;0;0;0;0;0;0;;;;0;0;0;0;0;0;0;0;0;0;0;0;0;0;0;0;0;0;0;0;0;0;0;0;Regular Season;0;0;0;0;0;0;0;0;0;0
64007;2029;2;27;MEM Arena;0;141;140;0;0;0;0;0;0;0;0;0;0;0;0;;;;0;0;0;0;0;0;0;0;0;0;0;0;0;0;0;0;0;0;0;0;0;0;0;0;Regular Season;0;0;0;0;0;0;0;0;0;0
63980;2029;2;27;LAS Arena;0;137;130;0;0;0;0;0;0;0;0;0;0;0;0;;;;0;0;0;0;0;0;0;0;0;0;0;0;0;0;0;0;0;0;0;0;0;0;0;0;Regular Season;0;0;0;0;0;0;0;0;0;0
63913;2029;2;27;JAC Arena;0;149;127;0;0;0;0;0;0;0;0;0;0;0;0;;;;0;0;0;0;0;0;0;0;0;0;0;0;0;0;0;0;0;0;0;0;0;0;0;0;Regular Season;0;0;0;0;0;0;0;0;0;0
63835;2029;2;27;Entire City limits of Houston Arena;0;150;148;0;0;0;0;0;0;0;0;0;0;0;0;;;;0;0;0;0;0;0;0;0;0;0;0;0;0;0;0;0;0;0;0;0;0;0;0;0;Regular Season;0;0;0;0;0;0;0;0;0;0
63943;2029;2;27;Neville Island Sports Center;0;147;151;0;0;0;0;0;0;0;0;0;0;0;0;;;;0;0;0;0;0;0;0;0;0;0;0;0;0;0;0;0;0;0;0;0;0;0;0;0;Regular Season;0;0;0;0;0;0;0;0;0;0
63963;2029;2;28;James Brown Arena;0;127;134;0;0;0;0;0;0;0;0;0;0;0;0;;;;0;0;0;0;0;0;0;0;0;0;0;0;0;0;0;0;0;0;0;0;0;0;0;0;Regular Season;0;0;0;0;0;0;0;0;0;0
63899;2029;2;28;TUC Arena;0;132;130;0;0;0;0;0;0;0;0;0;0;0;0;;;;0;0;0;0;0;0;0;0;0;0;0;0;0;0;0;0;0;0;0;0;0;0;0;0;Regular Season;0;0;0;0;0;0;0;0;0;0
63879;2029;2;28;OKA Arena;0;133;131;0;0;0;0;0;0;0;0;0;0;0;0;;;;0;0;0;0;0;0;0;0;0;0;0;0;0;0;0;0;0;0;0;0;0;0;0;0;Regular Season;0;0;0;0;0;0;0;0;0;0
63999;2029;3;1;ZIP Arena;0;134;136;0;0;0;0;0;0;0;0;0;0;0;0;;;;0;0;0;0;0;0;0;0;0;0;0;0;0;0;0;0;0;0;0;0;0;0;0;0;Regular Season;0;0;0;0;0;0;0;0;0;0
63889;2029;3;1;Neville Island Sports Center;0;147;126;0;0;0;0;0;0;0;0;0;0;0;0;;;;0;0;0;0;0;0;0;0;0;0;0;0;0;0;0;0;0;0;0;0;0;0;0;0;Regular Season;0;0;0;0;0;0;0;0;0;0
63937;2029;3;1;FOR Arena;0;139;156;0;0;0;0;0;0;0;0;0;0;0;0;;;;0;0;0;0;0;0;0;0;0;0;0;0;0;0;0;0;0;0;0;0;0;0;0;0;Regular Season;0;0;0;0;0;0;0;0;0;0
63954;2029;3;1;Entire City limits of Houston Arena;0;150;151;0;0;0;0;0;0;0;0;0;0;0;0;;;;0;0;0;0;0;0;0;0;0;0;0;0;0;0;0;0;0;0;0;0;0;0;0;0;Regular Season;0;0;0;0;0;0;0;0;0;0
63885;2029;3;1;SEA Arena;0;135;142;0;0;0;0;0;0;0;0;0;0;0;0;;;;0;0;0;0;0;0;0;0;0;0;0;0;0;0;0;0;0;0;0;0;0;0;0;0;Regular Season;0;0;0;0;0;0;0;0;0;0
63898;2029;3;1;AUS Arena;0;143;145;0;0;0;0;0;0;0;0;0;0;0;0;;;;0;0;0;0;0;0;0;0;0;0;0;0;0;0;0;0;0;0;0;0;0;0;0;0;Regular Season;0;0;0;0;0;0;0;0;0;0
63928;2029;3;2;James Brown Arena;0;127;129;0;0;0;0;0;0;0;0;0;0;0;0;;;;0;0;0;0;0;0;0;0;0;0;0;0;0;0;0;0;0;0;0;0;0;0;0;0;Regular Season;0;0;0;0;0;0;0;0;0;0
64003;2029;3;2;SAN Arena;0;131;151;0;0;0;0;0;0;0;0;0;0;0;0;;;;0;0;0;0;0;0;0;0;0;0;0;0;0;0;0;0;0;0;0;0;0;0;0;0;Regular Season;0;0;0;0;0;0;0;0;0;0
63939;2029;3;2;Neville Island Sports Center;0;147;142;0;0;0;0;0;0;0;0;0;0;0;0;;;;0;0;0;0;0;0;0;0;0;0;0;0;0;0;0;0;0;0;0;0;0;0;0;0;Regular Season;0;0;0;0;0;0;0;0;0;0
63873;2029;3;2;COM Arena;0;136;135;0;0;0;0;0;0;0;0;0;0;0;0;;;;0;0;0;0;0;0;0;0;0;0;0;0;0;0;0;0;0;0;0;0;0;0;0;0;Regular Season;0;0;0;0;0;0;0;0;0;0
63944;2029;3;2;MEM Arena;0;141;140;0;0;0;0;0;0;0;0;0;0;0;0;;;;0;0;0;0;0;0;0;0;0;0;0;0;0;0;0;0;0;0;0;0;0;0;0;0;Regular Season;0;0;0;0;0;0;0;0;0;0
63888;2029;3;2;PHL Arena;0;128;145;0;0;0;0;0;0;0;0;0;0;0;0;;;;0;0;0;0;0;0;0;0;0;0;0;0;0;0;0;0;0;0;0;0;0;0;0;0;Regular Season;0;0;0;0;0;0;0;0;0;0
63952;2029;3;2;FOR Arena;0;139;137;0;0;0;0;0;0;0;0;0;0;0;0;;;;0;0;0;0;0;0;0;0;0;0;0;0;0;0;0;0;0;0;0;0;0;0;0;0;Regular Season;0;0;0;0;0;0;0;0;0;0
63843;2029;3;2;CHC Arena;0;138;146;0;0;0;0;0;0;0;0;0;0;0;0;;;;0;0;0;0;0;0;0;0;0;0;0;0;0;0;0;0;0;0;0;0;0;0;0;0;Regular Season;0;0;0;0;0;0;0;0;0;0
63909;2029;3;2;JAC Arena;0;149;150;0;0;0;0;0;0;0;0;0;0;0;0;;;;0;0;0;0;0;0;0;0;0;0;0;0;0;0;0;0;0;0;0;0;0;0;0;0;Regular Season;0;0;0;0;0;0;0;0;0;0
63883;2029;3;3;CHC Arena;0;138;133;0;0;0;0;0;0;0;0;0;0;0;0;;;;0;0;0;0;0;0;0;0;0;0;0;0;0;0;0;0;0;0;0;0;0;0;0;0;Regular Season;0;0;0;0;0;0;0;0;0;0
63926;2029;3;3;PHL Arena;0;128;129;0;0;0;0;0;0;0;0;0;0;0;0;;;;0;0;0;0;0;0;0;0;0;0;0;0;0;0;0;0;0;0;0;0;0;0;0;0;Regular Season;0;0;0;0;0;0;0;0;0;0
63890;2029;3;3;LOS Arena;0;126;143;0;0;0;0;0;0;0;0;0;0;0;0;;;;0;0;0;0;0;0;0;0;0;0;0;0;0;0;0;0;0;0;0;0;0;0;0;0;Regular Season;0;0;0;0;0;0;0;0;0;0
63935;2029;3;4;MIW Arena;0;146;132;0;0;0;0;0;0;0;0;0;0;0;0;;;;0;0;0;0;0;0;0;0;0;0;0;0;0;0;0;0;0;0;0;0;0;0;0;0;Regular Season;0;0;0;0;0;0;0;0;0;0
63894;2029;3;5;CHC Arena;0;138;136;0;0;0;0;0;0;0;0;0;0;0;0;;;;0;0;0;0;0;0;0;0;0;0;0;0;0;0;0;0;0;0;0;0;0;0;0;0;Regular Season;0;0;0;0;0;0;0;0;0;0
63924;2029;3;5;TUC Arena;0;132;149;0;0;0;0;0;0;0;0;0;0;0;0;;;;0;0;0;0;0;0;0;0;0;0;0;0;0;0;0;0;0;0;0;0;0;0;0;0;Regular Season;0;0;0;0;0;0;0;0;0;0
63940;2029;3;5;ELP Arena;0;145;147;0;0;0;0;0;0;0;0;0;0;0;0;;;;0;0;0;0;0;0;0;0;0;0;0;0;0;0;0;0;0;0;0;0;0;0;0;0;Regular Season;0;0;0;0;0;0;0;0;0;0
63923;2029;3;5;AUS Arena;0;143;126;0;0;0;0;0;0;0;0;0;0;0;0;;;;0;0;0;0;0;0;0;0;0;0;0;0;0;0;0;0;0;0;0;0;0;0;0;0;Regular Season;0;0;0;0;0;0;0;0;0;0
63932;2029;3;5;OKA Arena;0;133;140;0;0;0;0;0;0;0;0;0;0;0;0;;;;0;0;0;0;0;0;0;0;0;0;0;0;0;0;0;0;0;0;0;0;0;0;0;0;Regular Season;0;0;0;0;0;0;0;0;0;0
63966;2029;3;5;PHL Arena;0;128;127;0;0;0;0;0;0;0;0;0;0;0;0;;;;0;0;0;0;0;0;0;0;0;0;0;0;0;0;0;0;0;0;0;0;0;0;0;0;Regular Season;0;0;0;0;0;0;0;0;0;0
63969;2029;3;5;FOR Arena;0;139;144;0;0;0;0;0;0;0;0;0;0;0;0;;;;0;0;0;0;0;0;0;0;0;0;0;0;0;0;0;0;0;0;0;0;0;0;0;0;Regular Season;0;0;0;0;0;0;0;0;0;0
63996;2029;3;5;CAA Arena;0;130;156;0;0;0;0;0;0;0;0;0;0;0;0;;;;0;0;0;0;0;0;0;0;0;0;0;0;0;0;0;0;0;0;0;0;0;0;0;0;Regular Season;0;0;0;0;0;0;0;0;0;0
63962;2029;3;6;FOR Arena;0;139;140;0;0;0;0;0;0;0;0;0;0;0;0;;;;0;0;0;0;0;0;0;0;0;0;0;0;0;0;0;0;0;0;0;0;0;0;0;0;Regular Season;0;0;0;0;0;0;0;0;0;0
63956;2029;3;6;Palau de Gel;0;129;150;0;0;0;0;0;0;0;0;0;0;0;0;;;;0;0;0;0;0;0;0;0;0;0;0;0;0;0;0;0;0;0;0;0;0;0;0;0;Regular Season;0;0;0;0;0;0;0;0;0;0
63917;2029;3;6;WAH Arena;0;148;149;0;0;0;0;0;0;0;0;0;0;0;0;;;;0;0;0;0;0;0;0;0;0;0;0;0;0;0;0;0;0;0;0;0;0;0;0;0;Regular Season;0;0;0;0;0;0;0;0;0;0
63919;2029;3;6;ELP Arena;0;145;147;0;0;0;0;0;0;0;0;0;0;0;0;;;;0;0;0;0;0;0;0;0;0;0;0;0;0;0;0;0;0;0;0;0;0;0;0;0;Regular Season;0;0;0;0;0;0;0;0;0;0
63960;2029;3;6;James Brown Arena;0;127;146;0;0;0;0;0;0;0;0;0;0;0;0;;;;0;0;0;0;0;0;0;0;0;0;0;0;0;0;0;0;0;0;0;0;0;0;0;0;Regular Season;0;0;0;0;0;0;0;0;0;0
63912;2029;3;6;AUS Arena;0;143;133;0;0;0;0;0;0;0;0;0;0;0;0;;;;0;0;0;0;0;0;0;0;0;0;0;0;0;0;0;0;0;0;0;0;0;0;0;0;Regular Season;0;0;0;0;0;0;0;0;0;0
63922;2029;3;6;COM Arena;0;136;126;0;0;0;0;0;0;0;0;0;0;0;0;;;;0;0;0;0;0;0;0;0;0;0;0;0;0;0;0;0;0;0;0;0;0;0;0;0;Regular Season;0;0;0;0;0;0;0;0;0;0
63897;2029;3;6;SEA Arena;0;135;137;0;0;0;0;0;0;0;0;0;0;0;0;;;;0;0;0;0;0;0;0;0;0;0;0;0;0;0;0;0;0;0;0;0;0;0;0;0;Regular Season;0;0;0;0;0;0;0;0;0;0
63997;2029;3;6;POR Arena;0;142;141;0;0;0;0;0;0;0;0;0;0;0;0;;;;0;0;0;0;0;0;0;0;0;0;0;0;0;0;0;0;0;0;0;0;0;0;0;0;Regular Season;0;0;0;0;0;0;0;0;0;0
63987;2029;3;7;PHL Arena;0;128;156;0;0;0;0;0;0;0;0;0;0;0;0;;;;0;0;0;0;0;0;0;0;0;0;0;0;0;0;0;0;0;0;0;0;0;0;0;0;Regular Season;0;0;0;0;0;0;0;0;0;0
63896;2029;3;7;CAA Arena;0;130;138;0;0;0;0;0;0;0;0;0;0;0;0;;;;0;0;0;0;0;0;0;0;0;0;0;0;0;0;0;0;0;0;0;0;0;0;0;0;Regular Season;0;0;0;0;0;0;0;0;0;0
63955;2029;3;8;TUC Arena;0;132;137;0;0;0;0;0;0;0;0;0;0;0;0;;;;0;0;0;0;0;0;0;0;0;0;0;0;0;0;0;0;0;0;0;0;0;0;0;0;Regular Season;0;0;0;0;0;0;0;0;0;0
63964;2029;3;8;Palau de Gel;0;129;130;0;0;0;0;0;0;0;0;0;0;0;0;;;;0;0;0;0;0;0;0;0;0;0;0;0;0;0;0;0;0;0;0;0;0;0;0;0;Regular Season;0;0;0;0;0;0;0;0;0;0
63920;2029;3;8;MIW Arena;0;146;145;0;0;0;0;0;0;0;0;0;0;0;0;;;;0;0;0;0;0;0;0;0;0;0;0;0;0;0;0;0;0;0;0;0;0;0;0;0;Regular Season;0;0;0;0;0;0;0;0;0;0
63942;2029;3;8;POR Arena;0;142;148;0;0;0;0;0;0;0;0;0;0;0;0;;;;0;0;0;0;0;0;0;0;0;0;0;0;0;0;0;0;0;0;0;0;0;0;0;0;Regular Season;0;0;0;0;0;0;0;0;0;0
63916;2029;3;8;PHL Arena;0;128;133;0;0;0;0;0;0;0;0;0;0;0;0;;;;0;0;0;0;0;0;0;0;0;0;0;0;0;0;0;0;0;0;0;0;0;0;0;0;Regular Season;0;0;0;0;0;0;0;0;0;0
63901;2029;3;8;DLL Arena;0;144;135;0;0;0;0;0;0;0;0;0;0;0;0;;;;0;0;0;0;0;0;0;0;0;0;0;0;0;0;0;0;0;0;0;0;0;0;0;0;Regular Season;0;0;0;0;0;0;0;0;0;0
63973;2029;3;8; Arena;0;156;143;0;0;0;0;0;0;0;0;0;0;0;0;;;;0;0;0;0;0;0;0;0;0;0;0;0;0;0;0;0;0;0;0;0;0;0;0;0;Regular Season;0;0;0;0;0;0;0;0;0;0
63949;2029;3;8;James Brown Arena;0;127;138;0;0;0;0;0;0;0;0;0;0;0;0;;;;0;0;0;0;0;0;0;0;0;0;0;0;0;0;0;0;0;0;0;0;0;0;0;0;Regular Season;0;0;0;0;0;0;0;0;0;0
63967;2029;3;8;Neville Island Sports Center;0;147;151;0;0;0;0;0;0;0;0;0;0;0;0;;;;0;0;0;0;0;0;0;0;0;0;0;0;0;0;0;0;0;0;0;0;0;0;0;0;Regular Season;0;0;0;0;0;0;0;0;0;0
63931;2029;3;9;JAC Arena;0;149;150;0;0;0;0;0;0;0;0;0;0;0;0;;;;0;0;0;0;0;0;0;0;0;0;0;0;0;0;0;0;0;0;0;0;0;0;0;0;Regular Season;0;0;0;0;0;0;0;0;0;0
63977;2029;3;9;WAH Arena;0;148;129;0;0;0;0;0;0;0;0;0;0;0;0;;;;0;0;0;0;0;0;0;0;0;0;0;0;0;0;0;0;0;0;0;0;0;0;0;0;Regular Season;0;0;0;0;0;0;0;0;0;0
63908;2029;3;9;Danbury Ice Arena;0;151;135;0;0;0;0;0;0;0;0;0;0;0;0;;;;0;0;0;0;0;0;0;0;0;0;0;0;0;0;0;0;0;0;0;0;0;0;0;0;Regular Season;0;0;0;0;0;0;0;0;0;0
63959;2029;3;9;AUS Arena;0;143;137;0;0;0;0;0;0;0;0;0;0;0;0;;;;0;0;0;0;0;0;0;0;0;0;0;0;0;0;0;0;0;0;0;0;0;0;0;0;Regular Season;0;0;0;0;0;0;0;0;0;0
63982;2029;3;10;LOS Arena;0;126;144;0;0;0;0;0;0;0;0;0;0;0;0;;;;0;0;0;0;0;0;0;0;0;0;0;0;0;0;0;0;0;0;0;0;0;0;0;0;Regular Season;0;0;0;0;0;0;0;0;0;0
63992;2029;3;10;FOR Arena;0;139;142;0;0;0;0;0;0;0;0;0;0;0;0;;;;0;0;0;0;0;0;0;0;0;0;0;0;0;0;0;0;0;0;0;0;0;0;0;0;Regular Season;0;0;0;0;0;0;0;0;0;0
63945;2029;3;10;MIW Arena;0;146;131;0;0;0;0;0;0;0;0;0;0;0;0;;;;0;0;0;0;0;0;0;0;0;0;0;0;0;0;0;0;0;0;0;0;0;0;0;0;Regular Season;0;0;0;0;0;0;0;0;0;0
64011;2028;9;20;Neville Island Sports Center;2253;147;126;4;7;0;2;2;0;0;1;4;2;0;0;5764;5997;5982;53;80;12;4;14;16;7;9;6;10;33;38;2;12;7;0;22;12;21;0;1;2;2;6;Pre-Season;13;18;15;7;0;7;32;22;16;3
64013;2028;9;20;DLL Arena;2696;144;145;6;1;3;2;1;0;0;0;0;1;0;0;3376;6870;7618;66;65;10;8;23;16;8;6;7;14;32;34;11;8;9;0;14;11;15;0;1;4;0;5;Pre-Season;11;27;14;10;4;6;36;10;10;3
64015;2028;9;20;POR Arena;3268;142;138;3;2;1;2;0;0;0;0;1;1;0;0;5625;6042;6295;52;47;8;8;17;22;8;6;8;6;24;27;16;8;7;0;4;5;9;0;0;4;0;4;Pre-Season;7;23;10;10;2;8;25;6;5;3
64017;2028;9;20;HOU Arena;2410;140;151;2;4;0;2;0;0;0;1;0;3;0;0;6478;5553;3317;48;42;6;10;29;18;6;3;8;9;38;27;3;9;13;0;10;4;10;0;0;5;1;3;Pre-Season;4;21;9;10;4;5;19;10;6;2
64019;2028;9;20;SAN Arena;3373;131;143;3;4;1;0;2;0;0;0;1;3;0;0;5737;3450;5374;61;41;17;2;21;14;8;1;9;8;35;29;10;14;11;0;1;7;12;0;0;1;3;2;Pre-Season;6;15;23;14;3;12;17;6;6;0
64021;2028;9;20;ZIP Arena;2588;134;136;1;3;0;0;1;0;0;1;2;0;0;0;6693;5773;6790;54;58;8;6;18;23;4;5;2;9;26;33;7;10;8;0;15;10;11;0;1;3;0;4;Pre-Season;9;20;15;6;4;3;29;11;11;4
64023;2028;9;20;MIW Arena;2719;146;128;1;6;0;1;0;0;0;2;2;2;0;0;6714;5644;6117;49;74;36;8;23;19;9;8;6;3;26;22;7;7;9;0;11;13;13;0;0;4;0;3;Pre-Season;6;26;12;4;1;7;32;19;12;4
64025;2028;9;20; Arena;4534;156;137;0;2;0;0;0;0;0;0;1;1;0;0;6414;3259;6282;43;31;6;4;39;20;12;8;12;11;19;24;9;14;9;0;6;8;4;0;0;2;1;3;Pre-Season;6;16;10;8;3;3;13;8;2;5
64027;2028;9;20;MEM Arena;2529;141;148;9;5;3;5;1;0;0;2;1;2;0;0;6979;3480;3356;64;60;8;6;21;23;5;5;3;4;33;22;15;14;12;0;12;8;11;0;2;3;1;4;Pre-Season;8;26;16;13;1;7;21;16;12;4
64029;2028;9;20;OKA Arena;4640;133;132;2;4;1;0;1;0;0;2;0;2;0;0;6546;6389;3811;56;58;4;4;26;13;4;8;6;8;27;29;7;7;8;0;16;10;9;0;1;2;0;2;Pre-Season;11;19;10;12;4;8;29;13;6;2
64031;2028;9;20;JAC Arena;3017;149;135;4;5;2;1;1;0;0;0;0;4;1;0;6074;5960;6320;42;64;26;4;17;26;2;4;1;7;18;33;8;2;10;0;14;10;10;3;0;2;1;3;Pre-Season;9;12;11;8;2;6;27;18;12;1
64033;2028;9;20;James Brown Arena;3719;127;129;9;2;5;2;2;0;0;1;0;1;0;0;3361;6311;6298;76;57;6;4;13;22;4;8;5;5;38;29;19;10;12;0;11;5;9;0;2;2;2;3;Pre-Season;9;30;17;14;6;10;22;14;8;3
64035;2028;9;20;FOR Arena;3284;139;150;4;1;1;3;0;0;0;0;0;1;0;0;6181;6086;6355;64;41;4;4;28;12;6;7;4;8;28;24;18;12;12;0;1;10;5;0;2;2;0;2;Pre-Season;6;23;15;16;4;7;19;7;7;1
64037;2028;9;21;PHL Arena;3467;128;150;2;3;2;0;0;0;0;1;0;1;0;1;5575;6186;5980;55;49;4;6;19;20;2;4;7;7;32;36;8;9;11;0;7;9;9;1;0;3;0;2;Pre-Season;13;22;15;7;3;18;18;10;6;2
64039;2028;9;21;FOR Arena;3648;139;144;4;3;1;2;0;0;1;1;1;1;0;0;5796;7618;6050;59;81;6;4;15;20;4;8;9;3;29;36;7;13;4;2;8;11;28;1;1;2;0;3;Pre-Season;21;21;8;12;2;15;24;25;17;5
64041;2028;9;21;ELP Arena;4176;145;132;7;4;0;3;4;0;0;1;1;2;0;0;6260;6310;6358;52;49;0;4;24;21;7;6;3;10;34;27;7;10;14;0;8;10;8;0;0;2;0;0;Pre-Season;3;25;9;10;5;4;25;9;8;3
64043;2028;9;21;COM Arena;2667;136;129;4;6;1;0;3;0;0;2;3;1;0;0;5600;6684;3221;53;72;4;4;18;13;5;4;5;2;37;25;10;9;14;0;12;18;17;0;0;2;1;2;Pre-Season;8;22;7;11;5;7;24;20;13;8
64045;2028;9;21;SEA Arena;3458;135;147;4;2;1;2;1;0;0;0;2;0;0;0;6074;6356;6490;82;51;8;10;25;18;6;5;4;11;38;32;10;16;22;0;7;9;4;0;2;5;2;4;Pre-Season;6;38;16;13;9;17;10;18;3;3
64047;2028;9;21;WAH Arena;3481;148;131;5;3;3;1;1;0;0;1;2;0;0;0;3881;6455;6406;62;61;18;4;25;17;3;2;3;5;29;29;13;9;13;0;16;10;12;0;0;2;0;4;Pre-Season;10;23;16;9;4;11;23;15;7;5
64049;2028;9;21;HOU Arena;2606;140;149;4;2;0;0;4;0;0;2;0;0;0;0;5502;6347;3375;61;46;20;8;18;20;1;6;5;8;36;31;8;11;19;0;11;10;3;0;1;4;2;5;Pre-Season;9;25;9;9;9;7;18;6;12;3
64051;2028;9;21;Danbury Ice Arena;1984;151;156;2;3;1;0;1;0;0;1;2;0;0;0;6489;5443;6512;35;58;7;11;11;25;9;15;10;14;17;27;6;7;6;0;15;10;15;0;1;3;0;1;Pre-Season;12;9;9;2;3;5;18;17;11;7
64053;2028;9;21;LAS Arena;3477;137;141;0;1;0;0;0;0;0;1;0;0;0;0;6936;6392;9458;52;81;21;6;20;10;5;5;9;6;34;22;10;5;7;0;17;15;17;0;0;3;0;5;Pre-Season;11;24;11;5;1;9;36;18;14;4
64055;2028;9;21;CAA Arena;2609;130;127;0;4;0;0;0;0;0;3;1;0;0;0;6539;5572;6529;57;53;4;4;20;26;4;8;3;7;28;20;15;8;8;0;15;4;10;0;0;2;2;2;Pre-Season;9;25;14;5;4;8;23;12;7;3
64057;2028;9;21;LOS Arena;3182;126;143;2;5;0;0;2;0;0;1;2;2;0;0;6160;5665;5545;61;61;11;9;12;26;3;3;6;3;44;32;8;11;13;0;10;13;10;0;1;2;0;3;Pre-Season;10;30;9;8;4;10;18;18;13;2
64059;2028;9;21;CHC Arena;2805;138;142;1;3;1;0;0;0;0;0;1;2;0;0;5358;5962;3372;46;86;22;4;22;13;3;4;5;8;31;32;3;2;9;0;18;11;27;0;0;2;3;6;Pre-Season;11;15;13;5;2;4;40;18;19;5
64061;2028;9;21;OKA Arena;4181;133;146;5;3;2;1;2;0;0;0;3;0;0;0;6376;6891;5991;73;43;2;8;10;23;4;11;5;7;35;34;11;24;9;0;8;8;3;0;1;4;0;1;Pre-Season;5;27;23;13;5;6;22;10;2;3
64063;2028;9;23;James Brown Arena;3848;127;139;5;3;0;3;2;0;0;1;2;0;0;0;2850;2865;6311;53;50;8;10;24;17;3;6;7;5;28;36;7;8;11;0;14;9;4;0;1;5;1;4;Pre-Season;4;24;9;12;4;5;23;13;8;1
64065;2028;9;23;Palau de Gel;2375;129;128;4;2;0;2;2;0;0;1;0;1;0;0;6626;6117;7254;72;48;4;18;19;16;7;4;9;8;29;33;12;18;21;0;10;2;12;0;1;4;0;2;Pre-Season;4;35;13;14;6;3;17;18;9;1
64067;2028;9;23;DLL Arena;2704;144;148;4;3;0;2;1;1;0;3;0;0;0;0;5378;5751;6240;49;65;14;2;22;15;5;12;6;8;28;29;9;13;8;2;9;16;12;0;0;1;0;2;Pre-Season;5;23;6;15;0;10;32;7;14;2
64069;2028;9;23;MIW Arena;2738;146;137;2;1;0;1;1;0;0;0;1;0;0;0;6781;6635;6722;56;56;8;4;21;15;7;8;3;12;32;27;8;5;18;0;6;9;15;0;0;2;1;4;Pre-Season;11;24;8;11;2;10;24;14;5;3
64071;2028;9;23;TUC Arena;3978;132;142;2;3;1;0;1;0;0;1;1;0;0;1;6510;5701;6201;61;66;8;6;10;12;8;7;5;5;32;31;7;7;10;3;9;15;16;1;1;3;0;4;Pre-Season;18;25;11;4;6;10;33;15;6;5
64073;2028;9;23;ZIP Arena;2515;134;151;0;3;0;0;0;0;0;0;1;2;0;0;5483;6006;5633;67;61;9;6;22;12;8;6;2;5;32;31;10;15;12;0;7;9;14;0;0;3;1;3;Pre-Season;6;27;19;11;4;8;30;14;5;4
64075;2028;9;23;Neville Island Sports Center;2706;147;131;1;3;0;0;1;0;0;0;0;3;0;0;8180;6314;6060;37;75;2;2;12;12;8;10;2;5;24;30;4;4;3;0;8;11;27;0;0;1;0;1;Pre-Season;11;15;7;4;0;3;35;20;11;6
64077;2028;9;23;MEM Arena;2665;141;145;4;3;1;1;2;0;0;2;1;0;0;0;2857;5792;3356;55;56;0;7;20;20;5;6;3;7;26;25;12;12;7;0;13;8;6;0;0;2;0;0;Pre-Season;4;27;16;5;3;16;23;6;10;1
64079;2028;9;23;AUS Arena;2787;143;150;5;4;0;3;1;0;1;2;1;1;0;0;6160;6300;5414;79;47;4;28;34;14;3;1;4;5;37;43;14;11;13;4;11;8;8;3;1;4;0;2;Pre-Season;14;40;18;8;2;9;27;6;7;0
64081;2028;9;23;JAC Arena;2863;149;140;3;7;2;1;0;0;0;2;2;3;0;0;9460;5502;6106;40;67;16;6;12;30;6;7;3;6;26;24;8;2;6;0;8;18;17;0;0;3;0;3;Pre-Season;10;15;8;5;2;5;35;15;8;4
64083;2028;9;23; Arena;4993;156;126;3;2;0;1;1;0;1;1;1;0;0;0;6489;2770;6196;59;50;4;10;34;26;14;15;7;5;40;30;7;15;15;3;8;8;13;1;0;6;0;2;Pre-Season;11;33;14;2;2;16;9;6;15;6
64085;2028;9;23;SEA Arena;3709;135;136;4;2;2;0;2;0;0;0;1;1;0;0;6969;5688;3157;70;45;4;4;17;24;2;6;4;6;35;22;12;9;9;0;10;5;3;0;0;2;0;2;Pre-Season;10;23;17;17;3;9;23;9;2;2
64087;2028;9;23;OKA Arena;4033;133;130;2;4;1;1;0;0;0;1;1;2;0;0;5758;6357;6646;63;68;6;21;19;20;3;3;6;4;27;33;10;17;8;0;23;12;8;0;0;5;2;3;Pre-Season;8;37;10;5;3;3;35;17;8;5
64089;2028;9;24;LOS Arena;2994;126;140;2;1;1;0;1;0;0;1;0;0;0;0;5561;6221;5447;55;42;14;14;31;19;6;5;6;6;26;28;13;8;9;0;8;6;4;0;1;2;1;2;Pre-Season;10;23;8;9;5;6;19;11;5;1
64091;2028;9;24;LAS Arena;3136;137;146;4;6;1;1;2;0;0;2;2;2;0;0;7428;6899;7171;63;53;18;18;19;20;3;3;4;3;32;33;11;12;15;0;8;9;16;0;0;4;3;4;Pre-Season;8;27;13;11;4;8;19;11;11;4
64093;2028;9;24;SAN Arena;3939;131;141;3;4;2;0;1;0;0;1;0;2;0;1;9458;6017;6190;70;61;2;8;34;14;5;5;8;6;43;27;14;8;8;8;5;12;9;4;1;4;1;1;Pre-Season;16;32;14;11;2;16;30;9;8;3
64095;2028;9;24;COM Arena;2614;136;138;2;3;1;1;0;0;0;1;1;1;0;0;6116;5705;6153;55;49;8;20;17;13;3;1;7;4;26;27;5;10;8;0;9;9;10;0;2;5;1;4;Pre-Season;10;25;13;7;0;4;19;13;10;3
64097;2028;9;24;ZIP Arena;2509;134;133;4;6;2;1;1;0;0;0;1;5;0;0;6058;6379;6933;44;69;8;2;21;17;2;13;9;4;26;39;12;8;3;0;10;16;18;0;0;1;2;4;Pre-Season;8;17;9;6;4;5;38;15;8;3
64099;2028;9;24;Entire City limits of Houston Arena;4176;150;129;3;1;0;0;3;0;0;0;0;1;0;0;6416;5786;6418;49;47;4;6;21;26;3;2;4;8;28;29;5;5;11;0;5;7;8;0;1;3;0;2;Pre-Season;9;19;11;8;2;10;18;9;9;1
64101;2028;9;24;PHL Arena;3447;128;145;1;4;0;1;0;0;0;2;1;1;0;0;6310;6839;5724;51;70;8;2;13;14;10;7;8;5;26;29;10;4;0;0;17;8;20;0;0;1;1;4;Pre-Season;18;20;9;4;0;3;35;19;10;3
64103;2028;9;24; Arena;4314;156;149;2;1;2;0;0;0;0;0;0;1;0;0;6559;6699;6261;43;33;16;14;36;23;11;9;12;9;29;24;8;16;8;0;3;5;9;0;0;7;0;8;Pre-Season;1;21;14;5;2;8;11;6;3;5
64105;2028;9;24;POR Arena;2986;142;135;5;4;1;4;0;0;0;1;1;2;0;0;5747;5961;6510;61;43;11;11;21;15;9;8;1;2;24;23;9;19;15;0;9;1;10;0;0;3;1;3;Pre-Season;8;26;16;8;3;10;15;12;4;2
64107;2028;9;24;TUC Arena;3924;132;144;3;4;1;1;1;0;0;0;4;0;0;0;5372;5809;3376;58;57;2;6;19;24;6;9;4;4;22;27;17;12;9;0;10;9;10;0;1;3;0;1;Pre-Season;4;34;13;5;2;10;11;18;10;8
64109;2028;9;24;CAA Arena;2637;130;147;2;4;0;2;0;0;0;2;0;2;0;0;6152;3416;5931;75;37;4;6;17;23;4;1;3;5;27;34;20;11;21;0;7;1;2;0;0;3;0;2;Pre-Season;4;35;20;14;2;8;14;9;6;0
64111;2028;9;24;AUS Arena;2546;143;127;4;3;0;3;0;0;1;1;1;1;0;0;6078;5407;5545;64;51;6;4;26;14;7;6;6;4;28;34;5;14;3;2;10;8;9;1;0;2;0;3;Pre-Season;15;28;13;7;3;7;24;11;7;4
64113;2028;9;24;WAH Arena;3634;148;151;4;2;1;1;2;0;0;0;1;1;0;0;7014;6478;5687;57;43;4;4;20;20;5;8;7;4;21;30;6;13;15;0;9;10;7;0;0;2;0;2;Pre-Season;6;21;14;13;3;2;19;11;8;3
64115;2028;9;26;Entire City limits of Houston Arena;3817;150;156;5;2;0;3;2;0;0;1;0;1;0;0;5980;6369;6184;54;57;4;6;28;24;8;18;2;14;22;40;3;15;12;0;14;16;11;0;0;3;0;2;Pre-Season;13;21;11;6;3;11;12;19;9;6
64117;2028;9;26;ELP Arena;3535;145;139;1;2;1;0;0;0;0;0;1;1;0;0;6461;6224;6003;52;58;10;10;22;19;10;4;9;6;24;34;11;6;8;0;7;16;9;0;0;5;0;5;Pre-Season;7;23;16;5;1;9;25;11;8;5
64119;2028;9;26;DLL Arena;2801;144;135;5;4;1;3;1;0;0;0;3;1;0;0;6075;6320;6845;55;54;4;6;23;14;3;7;7;5;24;33;9;15;10;0;15;8;12;0;0;3;0;2;Pre-Season;4;23;10;13;5;4;25;8;13;4
64121;2028;9;26;MIW Arena;2417;146;129;2;3;1;0;1;0;0;0;3;0;0;0;6195;6689;6926;45;55;14;2;33;12;6;6;7;8;30;39;4;15;10;0;11;12;10;0;0;1;0;2;Pre-Season;5;15;10;14;1;5;27;10;11;2
64123;2028;9;26;JAC Arena;3046;149;136;1;3;1;0;0;0;0;1;2;0;0;0;5688;6878;6872;44;59;6;6;21;17;4;3;6;4;26;28;10;6;8;0;10;11;6;0;0;3;0;3;Pre-Season;11;15;10;6;2;8;23;13;12;3
64125;2028;9;26;CHC Arena;2702;138;128;5;1;3;1;1;0;0;1;0;0;0;0;6042;6217;6133;76;49;4;8;26;13;10;4;11;5;29;25;14;17;19;0;4;6;6;0;2;4;1;2;Pre-Season;4;33;18;16;5;10;24;9;5;1
64127;2028;9;26;MEM Arena;2723;141;143;2;3;1;1;0;0;0;3;0;0;0;0;5374;3406;5398;83;52;6;2;16;26;4;6;7;6;29;28;23;16;12;0;6;4;5;0;0;1;0;3;Pre-Season;5;35;21;16;6;14;17;11;9;1
64129;2028;9;26;LOS Arena;3170;126;134;4;3;3;0;1;0;0;0;2;1;0;0;6348;6125;5764;63;60;10;12;25;20;6;4;1;5;33;29;8;15;18;0;13;11;12;0;2;6;0;5;Pre-Season;9;28;15;7;4;8;35;9;5;3
64131;2028;9;26;LAS Arena;3349;137;132;8;1;5;2;1;0;0;0;0;1;0;0;9462;6855;5424;45;56;4;18;30;17;7;7;5;4;32;28;11;7;6;0;11;1;16;0;2;4;0;2;Pre-Season;12;14;12;7;0;5;28;13;10;0
64133;2028;9;26;James Brown Arena;3581;127;142;1;2;1;0;0;0;0;1;0;1;0;0;6148;6535;5754;59;60;6;6;16;17;11;3;6;10;27;25;9;7;10;0;9;11;9;0;0;3;0;3;Pre-Season;17;20;12;8;2;4;27;17;8;4
64135;2028;9;26;HOU Arena;2882;140;131;0;3;0;0;0;0;0;2;0;1;0;0;6455;6851;6056;45;57;6;4;20;21;3;3;8;9;23;32;2;8;2;0;16;10;10;0;0;2;1;3;Pre-Season;12;18;10;3;2;8;20;16;10;3
64137;2028;9;26;Danbury Ice Arena;1993;151;148;4;0;3;1;0;0;0;0;0;0;0;0;5451;6558;6921;58;56;14;4;20;23;6;8;5;9;24;23;14;13;4;0;10;6;13;0;0;2;0;2;Pre-Season;10;25;17;6;0;9;28;10;6;3
64139;2028;9;26;OKA Arena;3857;133;147;3;2;0;2;1;0;0;1;0;1;0;0;6376;6999;5953;60;36;4;2;14;20;9;1;5;2;32;27;8;13;15;0;5;2;7;0;0;1;0;2;Pre-Season;2;33;11;10;4;10;14;8;2;2
64141;2028;9;28;SEA Arena;3793;135;144;5;1;3;0;2;0;0;0;0;1;0;0;6074;6757;6989;56;53;6;17;18;21;1;1;5;7;26;30;14;9;10;0;13;9;9;0;3;3;0;3;Pre-Season;7;25;13;7;4;6;20;15;11;1
64143;2028;9;28;AUS Arena;2633;143;149;7;2;4;2;1;0;0;1;0;1;0;0;6078;5805;5665;60;53;4;8;24;10;6;3;7;3;28;27;13;15;13;0;8;3;8;0;2;4;0;2;Pre-Season;5;23;15;14;3;15;20;10;3;5
64145;2028;9;28;POR Arena;3055;142;151;9;2;1;2;6;0;0;1;0;1;0;0;6043;5377;5478;68;39;2;6;19;17;6;11;9;1;34;27;11;19;22;0;2;9;3;0;2;3;0;1;Pre-Season;6;27;17;13;5;16;12;5;3;3
64147;2028;9;28;ZIP Arena;2494;134;137;2;3;0;0;2;0;0;2;0;1;0;0;6197;6624;6817;61;42;11;9;13;14;6;3;2;3;34;28;10;13;14;0;7;4;6;0;0;2;1;3;Pre-Season;5;38;8;8;2;12;14;7;8;1
64149;2028;9;28;James Brown Arena;3999;127;130;1;5;0;1;0;0;0;2;2;1;0;0;5500;5580;6532;44;48;4;16;19;12;3;4;6;5;32;25;11;6;9;0;3;11;10;0;1;3;1;2;Pre-Season;1;21;12;7;3;9;18;10;8;3
64151;2028;9;28;CHC Arena;2546;138;133;3;4;0;1;2;0;0;3;1;0;0;0;5824;6136;6717;50;59;6;6;17;17;2;5;9;2;21;36;10;11;11;0;8;19;8;0;1;3;0;3;Pre-Season;6;23;9;10;2;9;29;11;7;3
64153;2028;9;28;MEM Arena;2686;141;145;8;7;2;5;0;0;1;3;2;2;0;0;6979;6135;5370;51;53;7;21;20;21;7;5;4;6;34;38;8;15;6;1;10;3;11;3;0;3;0;1;Pre-Season;12;18;8;9;6;8;23;14;9;1
64155;2028;9;28;COM Arena;2500;136;148;5;0;3;2;0;0;0;0;0;0;0;0;6915;6790;6555;55;64;18;14;23;17;1;2;6;3;25;24;15;4;5;0;8;12;16;0;0;2;0;4;Pre-Season;13;21;12;6;3;7;28;16;8;5
64157;2028;9;28;Neville Island Sports Center;2359;147;140;0;2;0;0;0;0;0;1;0;1;0;0;5502;5995;6294;47;51;13;9;28;16;6;6;4;7;24;29;5;5;7;0;16;4;13;0;0;2;1;4;Pre-Season;10;20;12;5;0;3;21;9;14;4
64159;2028;9;28;LOS Arena;3062;126;146;3;4;0;0;3;0;0;0;3;1;0;0;2879;5982;6857;48;64;4;2;11;10;6;3;5;2;29;32;12;6;11;0;12;12;13;0;0;1;1;2;Pre-Season;5;21;7;12;3;9;16;17;18;4
64161;2028;9;28;TUC Arena;3648;132;150;5;4;3;1;1;0;0;3;1;0;0;0;5543;6418;3423;53;36;4;12;20;16;2;6;3;5;31;27;16;9;11;0;4;7;6;0;1;6;0;2;Pre-Season;2;27;11;12;1;9;14;7;4;2
64163;2028;9;28; Arena;5030;156;139;3;2;0;3;0;0;0;0;1;1;0;0;6290;5488;6281;30;34;2;8;33;31;18;12;13;8;16;25;5;14;4;0;3;5;11;0;1;4;0;1;Pre-Season;1;12;9;4;4;6;12;8;6;2
64165;2028;9;28;SAN Arena;3511;131;129;5;2;2;0;3;0;0;1;1;0;0;0;6455;3450;6721;70;42;12;12;18;13;6;6;6;4;40;23;8;19;20;0;6;5;3;0;1;6;1;6;Pre-Season;5;31;19;13;2;15;12;10;4;1
64167;2028;9;29;FOR Arena;3637;139;156;5;6;0;3;2;0;0;3;1;1;1;0;6261;6003;6257;40;59;15;7;34;38;17;5;14;11;27;30;2;14;11;0;19;17;11;2;0;2;1;5;Pre-Season;12;10;9;4;5;6;16;15;10;12
64169;2028;9;29;AUS Arena;2975;143;131;2;6;1;1;0;0;0;3;1;2;0;0;6851;2662;6455;42;70;6;4;33;19;4;6;3;6;22;31;8;2;4;0;15;17;17;0;1;2;0;3;Pre-Season;6;16;15;3;2;7;33;12;14;4
64171;2028;9;29;PHL Arena;3715;128;148;0;3;0;0;0;0;0;2;1;0;0;0;2949;3885;5425;40;69;6;0;10;26;7;2;3;3;25;23;3;4;6;0;18;11;14;0;0;0;1;3;Pre-Season;9;17;10;4;0;5;40;14;6;4
64173;2028;9;29;SEA Arena;3535;135;142;3;9;1;1;1;0;0;4;3;2;0;0;5754;5410;5775;46;67;6;4;14;33;9;6;6;5;35;32;5;12;3;0;16;10;19;0;2;2;1;3;Pre-Season;12;19;6;6;3;4;34;18;10;1
64175;2028;9;29;Entire City limits of Houston Arena;4289;150;144;0;8;0;0;0;0;0;2;2;4;0;0;5378;6741;7618;57;76;10;8;20;18;2;8;2;12;27;31;9;6;3;0;14;18;18;0;0;4;1;5;Pre-Season;14;29;10;4;0;8;32;17;12;7
64177;2028;9;29;James Brown Arena;3811;127;134;5;2;1;1;3;0;0;1;1;0;0;0;3361;2854;6129;66;48;9;13;25;13;3;6;6;4;30;24;10;14;12;0;6;4;2;0;2;4;2;2;Pre-Season;3;32;13;16;2;17;18;8;3;2
64179;2028;9;29;Danbury Ice Arena;2070;151;146;5;4;2;0;2;1;0;1;1;2;0;0;5396;7428;5738;77;66;6;8;23;13;11;8;6;8;31;35;13;12;12;2;9;5;12;1;1;4;1;3;Pre-Season;7;38;18;8;6;15;22;11;15;3
64181;2028;9;29;HOU Arena;2757;140;126;4;3;2;1;1;0;0;0;2;1;0;0;5774;5982;5502;44;71;6;2;15;30;5;9;7;3;30;31;4;10;3;0;9;18;12;0;0;1;0;3;Pre-Season;6;18;12;6;2;6;36;15;14;0
64183;2028;9;29;LAS Arena;3431;137;132;3;8;1;2;0;0;0;2;3;3;0;0;3423;6492;3811;47;64;2;2;15;20;8;4;8;4;21;35;8;12;3;0;14;9;16;0;0;1;1;1;Pre-Season;6;21;9;8;3;3;27;17;11;6
64185;2028;9;29;JAC Arena;2862;149;133;2;5;0;1;1;0;0;1;0;4;0;0;6904;6376;6759;45;65;8;4;16;15;3;3;8;6;31;24;2;5;7;0;15;14;13;0;0;2;0;4;Pre-Season;11;17;7;8;2;0;29;12;22;2
64187;2028;9;29;ELP Arena;3944;145;129;7;2;2;2;3;0;0;0;1;1;0;0;3398;5956;6175;66;42;4;6;20;15;7;3;7;5;25;32;16;14;13;0;6;5;9;0;1;3;1;2;Pre-Season;4;27;17;14;4;8;15;11;5;3
64189;2028;9;29;Neville Island Sports Center;2505;147;138;1;5;1;0;0;0;0;2;2;1;0;0;6513;5962;6150;45;85;8;4;23;20;4;7;9;6;26;28;8;8;1;0;17;22;21;0;1;2;1;4;Pre-Season;13;15;7;6;4;2;41;26;10;6
64191;2028;9;29;CAA Arena;3250;130;141;1;6;1;0;0;0;0;4;1;1;0;0;6190;3799;3298;53;67;30;16;27;17;2;4;2;10;26;30;12;5;12;0;12;19;9;0;1;3;2;5;Pre-Season;7;23;16;6;1;8;26;18;13;2
