Game Id;PlayerId;TeamId;Game Rating;SA;GA;SV;SV%;TOI;PIM
65517;862;2;75;24;2;22;.917;3600000;0
65517;5935;2;0;0;0;0;.00nan;0;0
65517;5944;23;53;38;6;32;.842;2446400;0
65517;6515;23;46;11;2;9;.818;1153600;0
65518;1044;17;0;0;0;0;.00nan;0;0
65518;2965;31;0;0;0;0;.00nan;0;0
65518;5872;17;77;34;3;31;.912;3576150;0
65518;6493;31;81;27;2;25;.926;3600000;0
65505;567;24;0;0;0;0;.00nan;0;0
65505;668;14;70;34;4;30;.882;3551000;0
65505;1615;14;0;0;0;0;.00nan;0;0
65505;1828;24;66;26;3;23;.885;3600000;0
65498;889;152;88;41;3;38;.927;3899500;0
65498;1641;29;73;28;3;25;.893;3900000;0
65498;3462;29;0;0;0;0;.00nan;0;0
65498;5950;152;0;0;0;0;.00nan;0;0
65499;150;25;53;37;6;31;.838;3600000;0
65499;762;25;0;0;0;0;.00nan;0;0
65499;1926;0;37;30;6;24;.800;2291100;0
65499;6446;0;24;10;4;6;.600;1308900;0
65739;945;30;75;20;1;19;.950;3600000;0
65739;1247;20;0;0;0;0;.00nan;0;0
65739;1300;20;77;40;4;36;.900;3600000;0
65739;1664;30;0;0;0;0;.00nan;0;0
65535;690;154;0;0;0;0;.00nan;0;0
65535;830;26;0;0;0;0;.00nan;0;0
65535;929;154;68;38;5;33;.868;3884550;0
65535;2062;26;53;27;4;23;.852;3884550;0
65482;930;9;0;0;0;0;.00nan;0;0
65482;2075;10;0;0;0;0;.00nan;0;0
65482;5934;9;73;24;2;22;.917;3600000;0
65482;6527;10;34;34;7;27;.794;3600000;0
65649;703;1;89;46;4;42;.913;3550750;0
65649;982;28;0;0;0;0;.00nan;0;0
65649;1294;28;68;28;3;25;.893;3600000;0
65649;3513;1;0;0;0;0;.00nan;0;0
65599;904;3;49;35;6;29;.829;3600000;0
65599;1064;3;0;0;0;0;.00nan;0;0
65599;2123;8;87;36;3;33;.917;3600000;0
65599;5430;8;0;0;0;0;.00nan;0;0
65522;904;3;0;0;0;0;.00nan;0;0
65522;1064;3;100;48;1;47;.979;3600000;0
65522;1641;29;0;0;0;0;.00nan;0;0
65522;3462;29;84;32;2;30;.938;3543150;0
65516;1926;0;0;0;0;0;.00nan;0;0
65516;2965;31;100;46;3;43;.935;3600000;0
65516;6446;0;47;29;5;24;.828;3576400;0
65516;6493;31;0;0;0;0;.00nan;0;0
66523;703;1;0;0;0;0;.00nan;0;0
66523;830;26;80;22;1;21;.955;3600000;0
66523;2062;26;0;0;0;0;.00nan;0;0
66523;3513;1;57;33;5;28;.848;3600000;0
65501;540;21;61;37;5;32;.865;3573450;0
65501;879;124;88;39;3;36;.923;3600000;0
65501;1658;124;0;0;0;0;.00nan;0;0
65501;2115;21;0;0;0;0;.00nan;0;0
65504;530;12;0;0;0;0;.00nan;0;0
65504;536;27;91;48;4;44;.917;3600000;0
65504;1222;27;0;0;0;0;.00nan;0;0
65504;5889;12;31;20;5;15;.750;3576200;0
65564;862;2;0;0;0;0;.00nan;0;0
65564;1044;17;56;28;4;24;.857;3600000;0
65564;5872;17;0;0;0;0;.00nan;0;0
65564;5935;2;94;29;1;28;.966;3600000;0
65483;0;18;0;0;0;0;.00nan;0;0
65483;443;7;0;0;0;0;.00nan;0;0
65483;738;18;100;49;3;46;.939;3703750;0
65483;1651;7;68;33;4;29;.879;3703750;0
65481;1247;20;100;37;1;36;.973;3600000;0
65481;1300;20;0;0;0;0;.00nan;0;0
65481;2075;10;78;40;4;36;.900;3600000;0
65481;6527;10;0;0;0;0;.00nan;0;0
65486;889;152;0;0;0;0;.00nan;0;0
65486;933;19;0;0;0;0;.00nan;0;0
65486;3101;19;49;20;3;17;.850;3900000;0
65486;5950;152;71;30;3;27;.900;3900000;0
65485;668;14;37;6;2;4;.667;620150;0
65485;879;124;0;0;0;0;.00nan;0;0
65485;1615;14;37;27;6;21;.778;2979850;0
65485;1658;124;73;31;4;27;.871;3600000;0
65484;933;19;64;33;4;29;.879;3600000;0
65484;945;30;0;0;0;0;.00nan;0;0
65484;1664;30;75;19;1;18;.947;3600000;0
65484;3101;19;0;0;0;0;.00nan;0;0
65514;536;27;0;0;0;0;.00nan;0;0
65514;930;9;81;23;1;22;.957;3600000;0
65514;1222;27;87;44;4;40;.909;3600000;0
65514;5934;9;0;0;0;0;.00nan;0;0
65494;443;7;64;27;3;24;.889;3578200;0
65494;1651;7;0;0;0;0;.00nan;0;0
65494;5944;23;0;0;0;0;.00nan;0;0
65494;6515;23;78;26;2;24;.923;3600000;0
65489;567;24;37;35;7;28;.800;3600000;0
65489;982;28;81;27;2;25;.926;3600000;0
65489;1294;28;0;0;0;0;.00nan;0;0
65489;1828;24;0;0;0;0;.00nan;0;0
65487;862;2;0;0;0;0;.00nan;0;0
65487;2075;10;53;3;0;3;1.000;749150;0
65487;5935;2;77;21;1;20;.952;3600000;0
65487;6527;10;43;32;6;26;.813;2850850;0
65540;540;21;66;33;4;29;.879;3600000;0
65540;945;30;84;24;1;23;.958;3600000;0
65540;1664;30;0;0;0;0;.00nan;0;0
65540;2115;21;0;0;0;0;.00nan;0;0
65526;530;12;93;34;2;32;.941;3600000;0
65526;1641;29;0;0;0;0;.00nan;0;0
65526;3462;29;94;42;3;39;.929;3594450;0
65526;5889;12;0;0;0;0;.00nan;0;0
65541;690;154;79;28;2;26;.929;3600000;0
65541;929;154;0;0;0;0;.00nan;0;0
65541;930;9;0;0;0;0;.00nan;0;0
65541;5934;9;53;27;4;23;.852;3558200;0
65496;0;18;89;39;3;36;.923;3600000;0
65496;738;18;0;0;0;0;.00nan;0;0
65496;982;28;0;0;0;0;.00nan;0;0
65496;1294;28;53;32;5;27;.844;3536750;0
65502;830;26;0;0;0;0;.00nan;0;0
65502;889;152;0;0;0;0;.00nan;0;0
65502;2062;26;91;30;1;29;.967;3898150;0
65502;5950;152;76;28;2;26;.929;3898150;0
65500;1044;17;0;0;0;0;.00nan;0;0
65500;1926;0;95;31;1;30;.968;3600000;0
65500;5872;17;78;40;4;36;.900;3600000;0
65500;6446;0;0;0;0;0;.00nan;0;0
65491;150;25;0;0;0;0;.00nan;0;0
65491;567;24;0;0;0;0;.00nan;0;0
65491;762;25;87;26;1;25;.962;3600000;0
65491;1828;24;43;32;6;26;.813;3600000;0
65554;2123;8;91;48;3;45;.938;3600000;0
65554;2965;31;86;45;4;41;.911;3589850;0
65554;5430;8;0;0;0;0;.00nan;0;0
65554;6493;31;0;0;0;0;.00nan;0;0
65556;536;27;89;45;4;41;.911;3600000;0
65556;703;1;64;39;5;34;.872;3600000;0
65556;1222;27;0;0;0;0;.00nan;0;0
65556;3513;1;0;0;0;0;.00nan;0;0
66515;862;2;51;29;5;24;.828;3825900;0
66515;1044;17;96;55;4;51;.927;3825900;0
66515;5872;17;0;0;0;0;.00nan;0;0
66515;5935;2;0;0;0;0;.00nan;0;0
65506;150;25;67;28;3;25;.893;3553750;0
65506;690;154;91;35;2;33;.943;3600000;0
65506;762;25;0;0;0;0;.00nan;0;0
65506;929;154;0;0;0;0;.00nan;0;0
65503;443;7;64;45;6;39;.867;3600000;0
65503;1651;7;0;0;0;0;.00nan;0;0
65503;2123;8;0;0;0;0;.00nan;0;0
65503;5430;8;100;35;1;34;.971;3600000;0
65570;540;21;0;0;0;0;.00nan;0;0
65570;668;14;0;0;0;0;.00nan;0;0
65570;1615;14;82;36;3;33;.917;3600000;0
65570;2115;21;53;32;5;27;.844;3532200;0
65512;1247;20;95;37;2;35;.946;3546150;0
65512;1300;20;0;0;0;0;.00nan;0;0
65512;5944;23;99;31;1;30;.968;3600000;0
65512;6515;23;0;0;0;0;.00nan;0;0
65551;830;26;76;39;4;35;.897;3600000;0
65551;904;3;99;45;3;42;.933;3600000;0
65551;1064;3;0;0;0;0;.00nan;0;0
65551;2062;26;0;0;0;0;.00nan;0;0
65546;0;18;50;1;0;1;1.000;259050;0
65546;530;12;78;44;5;39;.886;3600000;0
65546;738;18;74;50;6;44;.880;3268250;0
65546;5889;12;0;0;0;0;.00nan;0;0
65497;879;124;0;0;0;0;.00nan;0;0
65497;982;28;73;25;2;23;.920;3600000;0
65497;1294;28;0;0;0;0;.00nan;0;0
65497;1658;124;76;38;4;34;.895;3578000;0
65515;930;9;68;22;2;20;.909;3600000;0
65515;945;30;64;33;4;29;.879;3553100;0
65515;1664;30;0;0;0;0;.00nan;0;0
65515;5934;9;0;0;0;0;.00nan;0;0
65488;703;1;0;0;0;0;.00nan;0;0
65488;2075;10;67;33;4;29;.879;3564100;0
65488;3513;1;72;29;3;26;.897;3600000;0
65488;6527;10;0;0;0;0;.00nan;0;0
65508;889;152;35;29;6;23;.793;2453350;0
65508;1247;20;0;0;0;0;.00nan;0;0
65508;1300;20;86;24;1;23;.958;3600000;0
65508;5950;152;46;11;2;9;.818;1146650;0
65574;530;12;98;21;0;21;1.000;3600000;0
65574;862;2;78;28;2;26;.929;2460550;0
65574;5889;12;0;0;0;0;.00nan;0;0
65574;5935;2;28;13;4;9;.692;1139450;0
65530;567;24;75;26;2;24;.923;3620650;0
65530;945;30;0;0;0;0;.00nan;0;0
65530;1664;30;56;20;3;17;.850;3620650;0
65530;1828;24;0;0;0;0;.00nan;0;0
65561;540;21;73;30;3;27;.900;3600000;0
65561;2115;21;0;0;0;0;.00nan;0;0
65561;5944;23;0;0;0;0;.00nan;0;0
65561;6515;23;64;32;4;28;.875;3600000;0
65507;690;154;0;0;0;0;.00nan;0;0
65507;879;124;92;48;4;44;.917;3520300;0
65507;929;154;73;24;2;22;.917;3600000;0
65507;1658;124;0;0;0;0;.00nan;0;0
65495;0;18;0;0;0;0;.00nan;0;0
65495;738;18;84;25;1;24;.960;3600000;0
65495;2123;8;0;0;0;0;.00nan;0;0
65495;5430;8;89;46;4;42;.913;3600000;0
66566;1044;17;0;0;0;0;.00nan;0;0
66566;2965;31;62;25;3;22;.880;3600000;0
66566;5872;17;100;27;0;27;1.000;3600000;0
66566;6493;31;0;0;0;0;.00nan;0;0
65509;933;19;51;31;5;26;.839;3600000;0
65509;982;28;0;0;0;0;.00nan;0;0
65509;1294;28;80;22;1;21;.955;3600000;0
65509;3101;19;0;0;0;0;.00nan;0;0
65527;668;14;0;0;0;0;.00nan;0;0
65527;1615;14;100;28;0;28;1.000;3600000;0
65527;1926;0;0;0;0;0;.00nan;0;0
65527;6446;0;63;38;5;33;.868;3600000;0
65539;930;9;0;0;0;0;.00nan;0;0
65539;1247;20;83;36;3;33;.917;3514700;0
65539;1300;20;0;0;0;0;.00nan;0;0
65539;5934;9;72;18;1;17;.944;3600000;0
65524;536;27;78;27;2;25;.926;3600000;0
65524;1222;27;0;0;0;0;.00nan;0;0
65524;1926;0;51;25;4;21;.840;3572150;0
65524;6446;0;0;0;0;0;.00nan;0;0
65568;2123;8;33;21;5;16;.762;3532400;0
65568;2965;31;0;0;0;0;.00nan;0;0
65568;5430;8;0;0;0;0;.00nan;0;0
65568;6493;31;88;38;3;35;.921;3600000;0
65492;443;7;0;0;0;0;.00nan;0;0
65492;933;19;55;27;4;23;.852;3576400;0
65492;1651;7;68;28;3;25;.893;3600000;0
65492;3101;19;0;0;0;0;.00nan;0;0
65573;150;25;0;0;0;0;.00nan;0;0
65573;703;1;0;0;0;0;.00nan;0;0
65573;762;25;61;36;5;31;.861;3600000;0
65573;3513;1;91;36;2;34;.944;3600000;0
65588;0;18;89;40;3;37;.925;3590200;0
65588;738;18;0;0;0;0;.00nan;0;0
65588;1044;17;0;0;0;0;.00nan;0;0
65588;5872;17;88;35;2;33;.943;3600000;0
65548;443;7;39;25;5;20;.800;3581400;0
65548;567;24;0;0;0;0;.00nan;0;0
65548;1651;7;0;0;0;0;.00nan;0;0
65548;1828;24;93;41;3;38;.927;3600000;0
65545;930;9;88;34;2;32;.941;3548850;0
65545;5934;9;0;0;0;0;.00nan;0;0
65545;5944;23;94;33;1;32;.970;3600000;0
65545;6515;23;0;0;0;0;.00nan;0;0
65520;889;152;0;0;0;0;.00nan;0;0
65520;1247;20;0;0;0;0;.00nan;0;0
65520;1300;20;79;22;1;21;.955;3600000;0
65520;5950;152;61;36;5;31;.861;3600000;0
65533;830;26;56;39;6;33;.846;3561950;0
65533;1641;29;76;32;3;29;.906;3600000;0
65533;2062;26;0;0;0;0;.00nan;0;0
65533;3462;29;0;0;0;0;.00nan;0;0
65510;150;25;98;42;2;40;.952;3523750;0
65510;668;14;0;0;0;0;.00nan;0;0
65510;762;25;0;0;0;0;.00nan;0;0
65510;1615;14;100;34;1;33;.971;3600000;0
65536;904;3;0;0;0;0;.00nan;0;0
65536;945;30;84;23;1;22;.957;3600000;0
65536;1064;3;82;31;2;29;.935;3553550;0
65536;1664;30;0;0;0;0;.00nan;0;0
65596;536;27;0;0;0;0;.00nan;0;0
65596;540;21;63;24;3;21;.875;3600000;0
65596;1222;27;82;42;4;38;.905;3600000;0
65596;2115;21;0;0;0;0;.00nan;0;0
65521;690;154;73;19;1;18;.947;3600000;0
65521;929;154;0;0;0;0;.00nan;0;0
65521;2075;10;0;0;0;0;.00nan;0;0
65521;6527;10;63;26;3;23;.885;3598200;0
65557;2123;8;0;0;0;0;.00nan;0;0
65557;5430;8;89;33;2;31;.939;3635100;0
65557;5944;23;0;0;0;0;.00nan;0;0
65557;6515;23;68;25;3;22;.880;3635100;0
65493;567;24;84;36;3;33;.917;3600000;0
65493;879;124;0;0;0;0;.00nan;0;0
65493;1658;124;80;40;4;36;.900;3524050;0
65493;1828;24;0;0;0;0;.00nan;0;0
65490;830;26;0;0;0;0;.00nan;0;0
65490;933;19;88;26;1;25;.962;3600000;0
65490;2062;26;34;39;8;31;.795;3600000;0
65490;3101;19;0;0;0;0;.00nan;0;0
65529;1641;29;0;0;0;0;.00nan;0;0
65529;2075;10;96;51;2;49;.961;3900000;0
65529;3462;29;86;30;2;28;.933;3900000;0
65529;6527;10;0;0;0;0;.00nan;0;0
66549;0;18;0;0;0;0;.00nan;0;0
66549;703;1;61;42;6;36;.857;3600000;0
66549;738;18;94;35;2;33;.943;3600000;0
66549;3513;1;0;0;0;0;.00nan;0;0
65590;530;12;0;0;0;0;.00nan;0;0
65590;1044;17;80;48;5;43;.896;3569050;0
65590;5872;17;0;0;0;0;.00nan;0;0
65590;5889;12;66;27;3;24;.889;3600000;0
65532;889;152;58;38;6;32;.842;3565400;0
65532;2965;31;48;29;5;24;.828;3600000;0
65532;5950;152;0;0;0;0;.00nan;0;0
65532;6493;31;0;0;0;0;.00nan;0;0
65632;150;25;72;45;5;40;.889;3900000;0
65632;762;25;0;0;0;0;.00nan;0;0
65632;862;2;59;33;5;28;.848;3900000;0
65632;5935;2;0;0;0;0;.00nan;0;0
65684;530;12;74;38;4;34;.895;3750400;0
65684;703;1;0;0;0;0;.00nan;0;0
65684;3513;1;64;37;5;32;.865;3750400;0
65684;5889;12;0;0;0;0;.00nan;0;0
65584;536;27;67;28;3;25;.893;3563900;0
65584;1222;27;0;0;0;0;.00nan;0;0
65584;2965;31;0;0;0;0;.00nan;0;0
65584;6493;31;100;40;1;39;.975;3600000;0
66561;879;124;73;36;4;32;.889;3543200;0
66561;945;30;48;17;3;14;.824;3600000;0
66561;1658;124;0;0;0;0;.00nan;0;0
66561;1664;30;0;0;0;0;.00nan;0;0
65575;443;7;0;0;0;0;.00nan;0;0
65575;540;21;79;41;4;37;.902;3600000;0
65575;1651;7;80;34;3;31;.912;3600000;0
65575;2115;21;0;0;0;0;.00nan;0;0
65555;904;3;0;0;0;0;.00nan;0;0
65555;1064;3;71;23;2;21;.913;3600000;0
65555;1926;0;0;0;0;0;.00nan;0;0
65555;6446;0;58;41;6;35;.854;3600000;0
65528;668;14;89;48;3;45;.938;3549700;0
65528;982;28;91;34;2;32;.941;3600000;0
65528;1294;28;0;0;0;0;.00nan;0;0
65528;1615;14;0;0;0;0;.00nan;0;0
66500;1926;0;78;34;3;31;.912;3600000;0
66500;2075;10;97;20;0;20;1.000;3600000;0
66500;6446;0;0;0;0;0;.00nan;0;0
66500;6527;10;0;0;0;0;.00nan;0;0
65614;862;2;0;0;0;0;.00nan;0;0
65614;1044;17;70;18;1;17;.944;1420850;0
65614;5872;17;48;24;4;20;.833;2154850;0
65614;5935;2;66;26;3;23;.885;3600000;0
66559;567;24;77;33;3;30;.909;3600000;0
66559;1247;20;31;20;5;15;.750;2144950;0
66559;1300;20;41;7;2;5;.714;1455050;0
66559;1828;24;0;0;0;0;.00nan;0;0
65625;0;18;72;30;3;27;.900;3600000;0
65625;738;18;0;0;0;0;.00nan;0;0
65625;830;26;46;35;6;29;.829;2726100;0
65625;2062;26;55;4;0;4;1.000;873900;0
65562;690;154;0;0;0;0;.00nan;0;0
65562;904;3;100;31;0;31;1.000;3600000;0
65562;929;154;65;38;5;33;.868;3600000;0
65562;1064;3;0;0;0;0;.00nan;0;0
65571;690;154;0;0;0;0;.00nan;0;0
65571;929;154;49;18;3;15;.833;3540450;0
65571;2075;10;0;0;0;0;.00nan;0;0
65571;2689;10;78;27;2;25;.926;3600000;0
65631;443;7;53;3;0;3;1.000;245200;0
65631;1641;29;72;30;3;27;.900;3600000;0
65631;1651;7;51;37;6;31;.838;3354800;0
65631;3462;29;0;0;0;0;.00nan;0;0
65595;442;12;0;0;0;0;.00nan;0;0
65595;530;12;47;17;3;14;.824;3570100;0
65595;2965;31;91;41;1;40;.976;3600000;0
65595;6493;31;0;0;0;0;.00nan;0;0
65511;668;14;62;20;2;18;.900;3555400;0
65511;933;19;97;32;1;31;.969;3600000;0
65511;1615;14;0;0;0;0;.00nan;0;0
65511;3101;19;0;0;0;0;.00nan;0;0
65674;150;25;84;24;1;23;.958;3600000;0
65674;762;25;0;0;0;0;.00nan;0;0
65674;2123;8;47;35;6;29;.829;3600000;0
65674;5430;8;0;0;0;0;.00nan;0;0
65663;0;18;0;0;0;0;.00nan;0;0
65663;738;18;44;27;5;22;.815;3558850;0
65663;1247;20;84;36;3;33;.917;3600000;0
65663;1300;20;0;0;0;0;.00nan;0;0
65513;879;124;47;23;4;19;.826;3496300;0
65513;1044;17;93;35;2;33;.943;3600000;0
65513;1658;124;0;0;0;0;.00nan;0;0
65513;5872;17;0;0;0;0;.00nan;0;0
66044;540;21;82;41;4;37;.902;3600000;0
66044;703;1;0;0;0;0;.00nan;0;0
66044;2115;21;0;0;0;0;.00nan;0;0
66044;3513;1;55;32;5;27;.844;3594050;0
65598;862;2;64;31;4;27;.871;3600000;0
65598;904;3;37;35;7;28;.800;3600000;0
65598;1064;3;0;0;0;0;.00nan;0;0
65598;5935;2;0;0;0;0;.00nan;0;0
66501;443;7;80;28;2;26;.929;3600000;0
66501;540;21;0;0;0;0;.00nan;0;0
66501;1651;7;0;0;0;0;.00nan;0;0
66501;2115;21;56;32;5;27;.844;3600000;0
65582;668;14;0;0;0;0;.00nan;0;0
65582;1615;14;100;50;2;48;.960;3841900;0
65582;1641;29;0;0;0;0;.00nan;0;0
65582;3462;29;90;39;3;36;.923;3841900;0
65523;933;19;64;32;4;28;.875;3585350;0
65523;945;30;0;0;0;0;.00nan;0;0
65523;1664;30;50;18;3;15;.833;3600000;0
65523;3101;19;0;0;0;0;.00nan;0;0
65537;982;28;89;33;2;31;.939;3600000;0
65537;1294;28;0;0;0;0;.00nan;0;0
65537;5944;23;87;39;3;36;.923;3572850;0
65537;6515;23;0;0;0;0;.00nan;0;0
65560;567;24;79;21;1;20;.952;3600000;0
65560;830;26;0;0;0;0;.00nan;0;0
65560;1828;24;0;0;0;0;.00nan;0;0
65560;2062;26;47;34;6;28;.824;3600000;0
65558;703;1;79;28;2;26;.929;3600000;0
65558;930;9;51;37;6;31;.838;3600000;0
65558;3513;1;0;0;0;0;.00nan;0;0
65558;5934;9;0;0;0;0;.00nan;0;0
66531;862;2;0;0;0;0;.00nan;0;0
66531;1044;17;0;0;0;0;.00nan;0;0
66531;5872;17;93;51;4;47;.922;3600000;0
66531;5935;2;48;30;5;25;.833;3583700;0
66581;150;25;82;36;3;33;.917;3590100;0
66581;762;25;0;0;0;0;.00nan;0;0
66581;830;26;85;30;2;28;.933;3600000;0
66581;2062;26;0;0;0;0;.00nan;0;0
65789;0;18;43;21;4;17;.810;1327000;0
65789;738;18;44;28;5;23;.821;2273000;0
65789;2123;8;43;26;5;21;.808;3600000;0
65789;5430;8;0;0;0;0;.00nan;0;0
65542;442;12;65;22;2;20;.909;3900000;0
65542;530;12;0;0;0;0;.00nan;0;0
65542;889;152;100;40;2;38;.950;3900000;0
65542;5950;152;0;0;0;0;.00nan;0;0
65547;904;3;0;0;0;0;.00nan;0;0
65547;1064;3;59;34;5;29;.853;3600000;0
65547;2075;10;39;31;6;25;.806;3156200;0
65547;2689;10;53;8;1;7;.875;436800;0
65612;442;12;0;0;0;0;.00nan;0;0
65612;530;12;60;23;3;20;.870;3600000;0
65612;536;27;73;44;5;39;.886;3556000;0
65612;1222;27;0;0;0;0;.00nan;0;0
65525;540;21;77;21;1;20;.952;3600000;0
65525;933;19;0;0;0;0;.00nan;0;0
65525;2115;21;0;0;0;0;.00nan;0;0
65525;3101;19;56;33;5;28;.848;3600000;0
65519;879;124;80;28;2;26;.929;3600000;0
65519;1658;124;0;0;0;0;.00nan;0;0
65519;5944;23;0;0;0;0;.00nan;0;0
65519;6515;23;63;31;4;27;.871;3574350;0
65538;567;24;0;0;0;0;.00nan;0;0
65538;945;30;73;18;1;17;.944;3600000;0
65538;1664;30;0;0;0;0;.00nan;0;0
65538;1828;24;55;27;4;23;.852;3600000;0
65565;982;28;0;0;0;0;.00nan;0;0
65565;1294;28;63;19;2;17;.895;3600000;0
65565;2965;31;37;30;6;24;.800;3600000;0
65565;6493;31;0;0;0;0;.00nan;0;0
65683;1044;17;0;0;0;0;.00nan;0;0
65683;1641;29;89;39;3;36;.923;3627650;0
65683;3462;29;0;0;0;0;.00nan;0;0
65683;5872;17;100;45;2;43;.956;3627650;0
65544;889;152;0;0;0;0;.00nan;0;0
65544;1926;0;0;0;0;0;.00nan;0;0
65544;5950;152;49;30;5;25;.833;3525850;0
65544;6446;0;77;32;3;29;.906;3600000;0
65566;690;154;59;41;6;35;.854;3600000;0
65566;929;154;0;0;0;0;.00nan;0;0
65566;930;9;73;19;1;18;.947;3600000;0
65566;5934;9;0;0;0;0;.00nan;0;0
66578;668;14;0;0;0;0;.00nan;0;0
66578;1615;14;65;29;4;25;.862;3651850;0
66578;2123;8;0;0;0;0;.00nan;0;0
66578;5430;8;99;43;3;40;.930;3651850;0
65681;150;25;67;32;4;28;.875;3545300;0
65681;762;25;0;0;0;0;.00nan;0;0
65681;904;3;89;39;3;36;.923;3600000;0
65681;1064;3;0;0;0;0;.00nan;0;0
65567;830;26;41;32;6;26;.813;3600000;0
65567;1926;0;85;31;2;29;.935;3600000;0
65567;2062;26;0;0;0;0;.00nan;0;0
65567;6446;0;0;0;0;0;.00nan;0;0
65552;567;24;91;56;5;51;.911;3539100;0
65552;668;14;63;25;3;22;.880;3600000;0
65552;1615;14;0;0;0;0;.00nan;0;0
65552;1828;24;0;0;0;0;.00nan;0;0
65832;0;18;90;41;3;38;.927;3537450;0
65832;540;21;0;0;0;0;.00nan;0;0
65832;738;18;0;0;0;0;.00nan;0;0
65832;2115;21;66;21;2;19;.905;3600000;0
65543;443;7;0;0;0;0;.00nan;0;0
65543;982;28;73;40;5;35;.875;3900000;0
65543;1294;28;0;0;0;0;.00nan;0;0
65543;1651;7;80;47;5;42;.894;3900000;0
65579;690;154;48;24;4;20;.833;3600000;0
65579;929;154;0;0;0;0;.00nan;0;0
65579;1247;20;0;0;0;0;.00nan;0;0
65579;1300;20;95;31;1;30;.968;3600000;0
65559;2965;31;0;0;0;0;.00nan;0;0
65559;5944;23;83;24;1;23;.958;3600000;0
65559;6493;31;93;50;3;47;.940;3600000;0
65559;6515;23;0;0;0;0;.00nan;0;0
65531;879;124;0;0;0;0;.00nan;0;0
65531;930;9;0;0;0;0;.00nan;0;0
65531;1658;124;59;28;4;24;.857;3558100;0
65531;5934;9;95;36;2;34;.944;3600000;0
65716;703;1;83;24;1;23;.958;3600000;0
65716;1044;17;0;0;0;0;.00nan;0;0
65716;3513;1;0;0;0;0;.00nan;0;0
65716;5872;17;68;23;2;21;.913;3585950;0
65609;536;27;84;43;4;39;.907;3600000;0
65609;862;2;0;0;0;0;.00nan;0;0
65609;1222;27;0;0;0;0;.00nan;0;0
65609;5935;2;86;26;1;25;.962;3600000;0
65618;830;26;0;0;0;0;.00nan;0;0
65618;2062;26;98;36;1;35;.972;3600000;0
65618;2075;10;71;30;3;27;.900;3584100;0
65618;2689;10;0;0;0;0;.00nan;0;0
66553;0;18;0;0;0;0;.00nan;0;0
66553;738;18;94;36;2;34;.944;3600000;0
66553;1641;29;44;4;1;3;.750;801900;0
66553;3462;29;55;40;6;34;.850;2798100;0
65638;1926;0;50;37;6;31;.838;3600000;0
65638;2123;8;0;0;0;0;.00nan;0;0
65638;5430;8;80;22;1;21;.955;3600000;0
65638;6446;0;0;0;0;0;.00nan;0;0
65581;150;25;69;29;3;26;.897;3522850;0
65581;762;25;0;0;0;0;.00nan;0;0
65581;945;30;77;27;2;25;.926;3600000;0
65581;1664;30;0;0;0;0;.00nan;0;0
65563;443;7;0;0;0;0;.00nan;0;0
65563;889;152;0;0;0;0;.00nan;0;0
65563;1651;7;49;36;6;30;.833;3600000;0
65563;5950;152;94;30;1;29;.967;3600000;0
65666;536;27;0;0;0;0;.00nan;0;0
65666;862;2;100;32;0;32;1.000;3600000;0
65666;1222;27;98;33;1;32;.970;3516650;0
65666;5935;2;0;0;0;0;.00nan;0;0
66564;690;154;0;0;0;0;.00nan;0;0
66564;929;154;50;19;3;16;.842;3552850;0
66564;1247;20;83;23;1;22;.957;3600000;0
66564;1300;20;0;0;0;0;.00nan;0;0
65682;567;24;84;38;2;36;.947;3600000;0
65682;830;26;79;35;3;32;.914;3553350;0
65682;1828;24;0;0;0;0;.00nan;0;0
65682;2062;26;0;0;0;0;.00nan;0;0
65597;443;7;41;31;6;25;.806;3306400;0
65597;930;9;32;33;7;26;.788;2390750;0
65597;1651;7;50;0;0;0;.00nan;293600;0
65597;5934;9;44;16;3;13;.813;1209250;0
65660;1641;29;46;26;5;21;.808;3667100;0
65660;2075;10;21;9;4;5;.556;603150;0
65660;2689;10;83;29;2;27;.931;3063950;0
65660;3462;29;0;0;0;0;.00nan;0;0
65623;703;1;0;0;0;0;.00nan;0;0
65623;2965;31;31;13;4;9;.692;1135400;0
65623;3513;1;66;15;1;14;.933;3600000;0
65623;6493;31;34;28;6;22;.786;2464600;0
65720;442;12;100;29;0;29;1.000;3600000;0
65720;530;12;0;0;0;0;.00nan;0;0
65720;1044;17;0;0;0;0;.00nan;0;0
65720;5872;17;98;48;3;45;.938;3600000;0
65672;862;2;26;17;5;12;.706;2917600;0
65672;1641;29;34;15;4;11;.733;1173250;0
65672;3462;29;79;22;1;21;.955;2426750;0
65672;5935;2;46;5;1;4;.800;663600;0
65745;1044;17;63;37;5;32;.865;3600000;0
65745;2123;8;77;21;1;20;.952;3600000;0
65745;5430;8;0;0;0;0;.00nan;0;0
65745;5872;17;0;0;0;0;.00nan;0;0
65703;1247;20;0;0;0;0;.00nan;0;0
65703;1300;20;52;19;3;16;.842;3600000;0
65703;1926;0;0;0;0;0;.00nan;0;0
65703;6446;0;53;26;4;22;.846;3570050;0
65589;567;24;0;0;0;0;.00nan;0;0
65589;690;154;65;24;3;21;.875;3600000;0
65589;929;154;0;0;0;0;.00nan;0;0
65589;1828;24;58;29;4;25;.862;3553950;0
65569;150;25;0;0;0;0;.00nan;0;0
65569;762;25;98;37;1;36;.973;3600000;0
65569;933;19;73;32;3;29;.906;3569600;0
65569;3101;19;0;0;0;0;.00nan;0;0
65600;536;27;63;49;7;42;.857;3600000;0
65600;668;14;0;0;0;0;.00nan;0;0
65600;1222;27;0;0;0;0;.00nan;0;0
65600;1615;14;79;32;3;29;.906;3600000;0
65577;0;18;0;0;0;0;.00nan;0;0
65577;738;18;100;28;0;28;1.000;3600000;0
65577;5944;23;84;25;1;24;.960;3575750;0
65577;6515;23;0;0;0;0;.00nan;0;0
65578;889;152;59;18;2;16;.889;3555000;0
65578;945;30;0;0;0;0;.00nan;0;0
65578;1664;30;84;25;1;24;.960;3600000;0
65578;5950;152;0;0;0;0;.00nan;0;0
65534;879;124;0;0;0;0;.00nan;0;0
65534;1681;10;0;0;0;0;.00nan;0;0
65534;2689;10;93;41;3;38;.927;3600000;0
65534;5810;124;62;31;4;27;.871;3517350;0
65662;442;12;0;0;0;0;.00nan;0;0
65662;530;12;82;30;2;28;.933;3600000;0
65662;540;21;55;34;5;29;.853;3600000;0
65662;1658;21;0;0;0;0;.00nan;0;0
65621;904;3;47;40;7;33;.825;3600000;0
65621;1064;3;0;0;0;0;.00nan;0;0
65621;2965;31;0;0;0;0;.00nan;0;0
65621;6493;31;100;38;0;38;1.000;3600000;0
65586;0;18;59;30;4;26;.867;3600000;0
65586;738;18;0;0;0;0;.00nan;0;0
65586;933;19;0;0;0;0;.00nan;0;0
65586;3101;19;100;34;0;34;1.000;3600000;0
65700;567;24;41;8;2;6;.750;850450;0
65700;1247;20;79;28;2;26;.929;3600000;0
65700;1300;20;0;0;0;0;.00nan;0;0
65700;1828;24;39;31;6;25;.806;2749550;0
65549;879;124;0;0;0;0;.00nan;0;0
65549;889;152;0;0;0;0;.00nan;0;0
65549;5810;124;59;18;2;16;.889;3572800;0
65549;5950;152;100;48;0;48;1.000;3600000;0
65624;536;27;62;35;4;31;.886;3900000;0
65624;1222;27;0;0;0;0;.00nan;0;0
65624;2965;31;36;16;4;12;.750;1005500;0
65624;6493;31;98;27;0;27;1.000;2894500;0
65580;150;25;78;46;5;41;.891;3600000;0
65580;762;25;0;0;0;0;.00nan;0;0
65580;982;28;0;0;0;0;.00nan;0;0
65580;1294;28;82;24;1;23;.958;3600000;0
65605;540;21;96;43;3;40;.930;3600000;0
65605;668;14;0;0;0;0;.00nan;0;0
65605;1615;14;78;46;5;41;.891;3542100;0
65605;1658;21;0;0;0;0;.00nan;0;0
65615;443;7;0;0;0;0;.00nan;0;0
65615;690;154;77;26;2;24;.923;3545800;0
65615;929;154;0;0;0;0;.00nan;0;0
65615;1651;7;85;25;1;24;.960;3600000;0
66296;1641;29;77;31;3;28;.903;3742200;0
66296;2123;8;0;0;0;0;.00nan;0;0
66296;3462;29;0;0;0;0;.00nan;0;0
66296;5430;8;97;38;2;36;.947;3742200;0
65721;442;12;0;0;0;0;.00nan;0;0
65721;530;12;41;37;7;30;.811;3581650;0
65721;1926;0;0;0;0;0;.00nan;0;0
65721;6446;0;54;26;4;22;.846;3600000;0
65585;930;9;0;0;0;0;.00nan;0;0
65585;945;30;75;26;2;24;.923;3600000;0
65585;1664;30;0;0;0;0;.00nan;0;0
65585;5934;9;74;32;3;29;.906;3600000;0
65576;1681;10;0;0;0;0;.00nan;0;0
65576;2689;10;100;31;1;30;.968;3900000;0
65576;5944;23;0;0;0;0;.00nan;0;0
65576;6515;23;97;38;1;37;.974;3900000;0
65626;703;1;0;0;0;0;.00nan;0;0
65626;904;3;0;0;0;0;.00nan;0;0
65626;1064;3;60;33;5;28;.848;3642400;0
65626;3513;1;78;38;4;34;.895;3642400;0
65668;536;27;0;0;0;0;.00nan;0;0
65668;1222;27;80;41;4;37;.902;3568800;0
65668;1641;29;0;0;0;0;.00nan;0;0
65668;3462;29;59;23;3;20;.870;3600000;0
65594;982;28;58;29;4;25;.862;3568700;0
65594;1294;28;0;0;0;0;.00nan;0;0
65594;5944;23;91;34;2;32;.941;3600000;0
65594;6515;23;0;0;0;0;.00nan;0;0
65780;1044;17;0;0;0;0;.00nan;0;0
65780;1247;20;0;0;0;0;.00nan;0;0
65780;1300;20;91;28;1;27;.964;3600000;0
65780;5872;17;93;42;3;39;.929;3529150;0
65550;830;26;68;34;4;30;.882;3600000;0
65550;889;152;56;10;1;9;.900;1006650;0
65550;2062;26;0;0;0;0;.00nan;0;0
65550;5950;152;25;23;6;17;.739;2593350;0
65693;150;25;0;0;0;0;.00nan;0;0
65693;762;25;58;34;5;29;.853;3467550;0
65693;2123;8;78;33;3;30;.909;3600000;0
65693;5430;8;0;0;0;0;.00nan;0;0
66512;0;18;84;25;1;24;.960;3600000;0
66512;443;7;88;40;3;37;.925;3589950;0
66512;738;18;0;0;0;0;.00nan;0;0
66512;1651;7;0;0;0;0;.00nan;0;0
65645;540;21;0;0;0;0;.00nan;0;0
65645;879;124;67;33;4;29;.879;3600000;0
65645;1658;21;100;34;1;33;.971;3600000;0
65645;5810;124;0;0;0;0;.00nan;0;0
65675;690;154;0;0;0;0;.00nan;0;0
65675;862;2;60;24;3;21;.875;3556250;0
65675;929;154;77;27;2;25;.926;3600000;0
65675;5935;2;0;0;0;0;.00nan;0;0
65587;703;1;64;24;3;21;.875;3600000;0
65587;933;19;48;6;1;5;.833;530450;0
65587;3101;19;65;44;6;38;.864;3069550;0
65587;3513;1;0;0;0;0;.00nan;0;0
65821;862;2;0;0;0;0;.00nan;0;0
65821;1926;0;95;30;1;29;.967;3600000;0
65821;5935;2;68;28;3;25;.893;3543600;0
65821;6446;0;0;0;0;0;.00nan;0;0
65583;0;18;0;0;0;0;.00nan;0;0
65583;738;18;73;25;2;23;.920;3600000;0
65583;945;30;85;25;1;24;.960;3600000;0
65583;1664;30;0;0;0;0;.00nan;0;0
65657;830;26;0;0;0;0;.00nan;0;0
65657;904;3;100;33;0;33;1.000;3600000;0
65657;1064;3;0;0;0;0;.00nan;0;0
65657;2062;26;82;36;3;33;.917;3600000;0
65773;933;19;100;40;1;39;.975;3600000;0
65773;2965;31;0;0;0;0;.00nan;0;0
65773;3101;19;0;0;0;0;.00nan;0;0
65773;6493;31;80;29;2;27;.931;3532350;0
65646;668;14;0;0;0;0;.00nan;0;0
65646;930;9;98;38;2;36;.947;3600000;0
65646;1615;14;80;47;5;42;.894;3600000;0
65646;5934;9;0;0;0;0;.00nan;0;0
65619;443;7;0;0;0;0;.00nan;0;0
65619;982;28;53;3;0;3;1.000;278300;0
65619;1294;28;42;32;6;26;.813;3321700;0
65619;1651;7;99;32;1;31;.969;3600000;0
66516;1044;17;0;0;0;0;.00nan;0;0
66516;2123;8;81;34;3;31;.912;3600000;0
66516;5430;8;0;0;0;0;.00nan;0;0
66516;5872;17;89;46;4;42;.913;3567900;0
65658;830;26;44;10;2;8;.800;691150;0
65658;1247;20;79;22;1;21;.955;3600000;0
65658;1300;20;0;0;0;0;.00nan;0;0
65658;2062;26;37;29;6;23;.793;2908850;0
66020;668;14;0;0;0;0;.00nan;0;0
66020;1615;14;94;42;3;39;.929;3600000;0
66020;2123;8;0;0;0;0;.00nan;0;0
66020;5430;8;67;34;4;30;.882;3571200;0
65630;703;1;0;0;0;0;.00nan;0;0
65630;1681;10;94;48;3;45;.938;3775550;0
65630;2689;10;0;0;0;0;.00nan;0;0
65630;3513;1;71;35;4;31;.886;3775550;0
65627;443;7;71;29;3;26;.897;3600000;0
65627;904;3;88;45;4;41;.911;3600000;0
65627;1064;3;0;0;0;0;.00nan;0;0
65627;1651;7;0;0;0;0;.00nan;0;0
65620;982;28;35;22;5;17;.773;2290200;0
65620;1294;28;57;11;1;10;.909;1220300;0
65620;1926;0;0;0;0;0;.00nan;0;0
65620;6446;0;65;31;4;27;.871;3600000;0
65572;933;19;73;36;4;32;.889;3600000;0
65572;3101;19;0;0;0;0;.00nan;0;0
65572;5944;23;0;0;0;0;.00nan;0;0
65572;6515;23;41;25;5;20;.800;3505050;0
65651;690;154;51;25;4;21;.840;3578900;0
65651;929;154;0;0;0;0;.00nan;0;0
65651;2965;31;0;0;0;0;.00nan;0;0
65651;6493;31;100;39;2;37;.949;3600000;0
66086;150;25;0;0;0;0;.00nan;0;0
66086;762;25;53;32;5;27;.844;3600000;0
66086;862;2;78;27;2;25;.926;3600000;0
66086;5935;2;0;0;0;0;.00nan;0;0
65699;540;21;68;35;4;31;.886;3582100;0
65699;567;24;0;0;0;0;.00nan;0;0
65699;1658;21;0;0;0;0;.00nan;0;0
65699;1828;24;93;41;3;38;.927;3600000;0
65712;150;25;86;38;3;35;.921;3544100;0
65712;762;25;0;0;0;0;.00nan;0;0
65712;830;26;0;0;0;0;.00nan;0;0
65712;2062;26;81;29;2;27;.931;3600000;0
65729;690;154;0;0;0;0;.00nan;0;0
65729;929;154;69;28;3;25;.893;3797100;0
65729;1641;29;0;0;0;0;.00nan;0;0
65729;3462;29;79;29;2;27;.931;3797100;0
65671;1247;20;0;0;0;0;.00nan;0;0
65671;1300;20;100;33;0;33;1.000;3600000;0
65671;2965;31;73;37;4;33;.892;3600000;0
65671;6493;31;0;0;0;0;.00nan;0;0
65608;0;18;0;0;0;0;.00nan;0;0
65608;738;18;79;39;4;35;.897;3600000;0
65608;930;9;0;0;0;0;.00nan;0;0
65608;5934;9;43;33;6;27;.818;3576100;0
65592;945;30;0;0;0;0;.00nan;0;0
65592;1044;17;60;24;3;21;.875;2720650;0
65592;1664;30;81;23;1;22;.957;3600000;0
65592;5872;17;19;8;4;4;.500;879350;0
65601;536;27;93;54;3;51;.944;3586300;0
65601;1222;27;0;0;0;0;.00nan;0;0
65601;5944;23;100;38;1;37;.974;3600000;0
65601;6515;23;0;0;0;0;.00nan;0;0
65650;703;1;100;24;0;24;1.000;3600000;0
65650;1926;0;90;41;3;38;.927;3600000;0
65650;3513;1;0;0;0;0;.00nan;0;0
65650;6446;0;0;0;0;0;.00nan;0;0
65607;442;12;12;32;9;23;.719;2394800;0
65607;530;12;62;8;0;8;1.000;1205200;0
65607;933;19;0;0;0;0;.00nan;0;0
65607;3101;19;79;21;1;20;.952;3600000;0
65553;879;124;0;0;0;0;.00nan;0;0
65553;889;152;73;31;3;28;.903;3585500;0
65553;5810;124;85;31;2;29;.935;3600000;0
65553;5950;152;0;0;0;0;.00nan;0;0
66589;862;2;0;0;0;0;.00nan;0;0
66589;982;28;0;0;0;0;.00nan;0;0
66589;1294;28;77;21;1;20;.952;3600000;0
66589;5935;2;74;26;2;24;.923;3562950;0
66591;889;152;80;30;2;28;.933;2767100;0
66591;930;9;32;20;5;15;.750;3600000;0
66591;5934;9;0;0;0;0;.00nan;0;0
66591;5950;152;28;13;4;9;.692;824500;0
66593;945;30;37;35;7;28;.800;2514100;0
66593;1664;30;59;12;1;11;.917;1085900;0
66593;2123;8;74;19;1;18;.947;3600000;0
66593;5430;8;0;0;0;0;.00nan;0;0
66595;879;124;100;37;1;36;.973;3600000;0
66595;1658;124;0;0;0;0;.00nan;0;0
66595;2075;10;0;0;0;0;.00nan;0;0
66595;6527;10;45;28;5;23;.821;3600000;0
66597;150;25;0;0;0;0;.00nan;0;0
66597;703;1;0;0;0;0;.00nan;0;0
66597;762;25;67;45;6;39;.867;3600000;0
66597;3513;1;90;28;1;27;.964;3600000;0
66599;830;26;88;33;2;31;.939;3600000;0
66599;1247;20;93;29;1;28;.966;3600000;0
66599;1300;20;0;0;0;0;.00nan;0;0
66599;2062;26;0;0;0;0;.00nan;0;0
66601;530;12;35;40;8;32;.800;3496800;0
66601;2965;31;28;18;5;13;.722;1653000;0
66601;5889;12;0;0;0;0;.00nan;0;0
66601;6493;31;77;21;1;20;.952;1947000;0
66603;690;154;0;0;0;0;.00nan;0;0
66603;929;154;83;40;4;36;.900;3900000;0
66603;1641;29;79;42;4;38;.905;3900000;0
66603;3462;29;0;0;0;0;.00nan;0;0
66605;443;7;0;0;0;0;.00nan;0;0
66605;540;21;71;39;5;34;.872;3900000;0
66605;1651;7;69;43;5;38;.884;3900000;0
66605;2115;21;0;0;0;0;.00nan;0;0
66607;1926;0;46;10;2;8;.800;1114850;0
66607;5944;23;74;31;3;28;.903;3600000;0
66607;6446;0;22;27;7;20;.741;2485150;0
66607;6515;23;0;0;0;0;.00nan;0;0
66609;0;18;0;0;0;0;.00nan;0;0
66609;738;18;78;27;2;25;.926;3600000;0
66609;1044;17;57;11;1;10;.909;678800;0
66609;5872;17;57;39;6;33;.846;2921200;0
66611;536;27;62;37;5;32;.865;3600000;0
66611;933;19;100;34;1;33;.971;3600000;0
66611;1222;27;0;0;0;0;.00nan;0;0
66611;3101;19;0;0;0;0;.00nan;0;0
66613;668;14;0;0;0;0;.00nan;0;0
66613;904;3;0;0;0;0;.00nan;0;0
66613;1064;3;95;54;5;49;.907;3600000;0
66613;1615;14;100;33;0;33;1.000;3600000;0
66615;703;1;0;0;0;0;.00nan;0;0
66615;933;19;67;28;3;25;.893;3570200;0
66615;3101;19;0;0;0;0;.00nan;0;0
66615;3513;1;100;38;1;37;.974;3600000;0
66617;668;14;67;46;6;40;.870;3596700;0
66617;982;28;0;0;0;0;.00nan;0;0
66617;1294;28;64;31;4;27;.871;3600000;0
66617;1615;14;0;0;0;0;.00nan;0;0
66619;0;18;44;15;3;12;.800;1876900;0
66619;738;18;16;24;7;17;.708;1723100;0
66619;1641;29;96;31;1;30;.968;3600000;0
66619;3462;29;0;0;0;0;.00nan;0;0
66621;150;25;0;0;0;0;.00nan;0;0
66621;536;27;81;47;5;42;.894;3730400;0
66621;762;25;62;30;4;26;.867;3709650;0
66621;1222;27;0;0;0;0;.00nan;0;0
66623;530;12;80;22;1;21;.955;3600000;0
66623;540;21;0;0;0;0;.00nan;0;0
66623;2115;21;98;55;4;51;.927;3600000;0
66623;5889;12;0;0;0;0;.00nan;0;0
66625;830;26;100;39;2;37;.949;3600000;0
66625;1247;20;84;38;3;35;.921;3572900;0
66625;1300;20;0;0;0;0;.00nan;0;0
66625;2062;26;0;0;0;0;.00nan;0;0
66627;904;3;0;0;0;0;.00nan;0;0
66627;1064;3;86;31;2;29;.935;3600000;0
66627;5944;23;59;30;4;26;.867;3600000;0
66627;6515;23;0;0;0;0;.00nan;0;0
66629;2075;10;42;20;4;16;.800;1405050;0
66629;2123;8;62;24;3;21;.875;3600000;0
66629;5430;8;0;0;0;0;.00nan;0;0
66629;6527;10;34;28;6;22;.786;2194950;0
66631;930;9;0;0;0;0;.00nan;0;0
66631;2965;31;93;35;2;33;.943;3600000;0
66631;5934;9;62;37;5;32;.865;3600000;0
66631;6493;31;0;0;0;0;.00nan;0;0
66633;889;152;0;0;0;0;.00nan;0;0
66633;1044;17;0;0;0;0;.00nan;0;0
66633;5872;17;83;36;3;33;.917;3600000;0
66633;5950;152;57;33;5;28;.848;3569700;0
66635;862;2;0;0;0;0;.00nan;0;0
66635;945;30;73;31;3;28;.903;3600000;0
66635;1664;30;0;0;0;0;.00nan;0;0
66635;5935;2;47;22;4;18;.818;3579300;0
66637;690;154;0;0;0;0;.00nan;0;0
66637;929;154;69;23;2;21;.913;3536550;0
66637;1926;0;100;32;0;32;1.000;3600000;0
66637;6446;0;0;0;0;0;.00nan;0;0
66639;567;24;77;40;4;36;.900;3539550;0
66639;879;124;79;34;3;31;.912;3600000;0
66639;1658;124;0;0;0;0;.00nan;0;0
66639;1828;24;0;0;0;0;.00nan;0;0
66641;879;124;59;22;3;19;.864;3531350;0
66641;933;19;100;44;2;42;.955;3600000;0
66641;1658;124;0;0;0;0;.00nan;0;0
66641;3101;19;0;0;0;0;.00nan;0;0
66643;540;21;87;26;1;25;.962;3600000;0
66643;830;26;31;26;6;20;.769;3600000;0
66643;2062;26;0;0;0;0;.00nan;0;0
66643;2115;21;0;0;0;0;.00nan;0;0
66645;536;27;88;33;2;31;.939;3600000;0
66645;703;1;0;0;0;0;.00nan;0;0
66645;1222;27;0;0;0;0;.00nan;0;0
66645;3513;1;54;27;4;23;.852;3527100;0
66647;443;7;0;0;0;0;.00nan;0;0
66647;1651;7;100;33;1;32;.970;3600000;0
66647;2965;31;77;46;5;41;.891;3600000;0
66647;6493;31;0;0;0;0;.00nan;0;0
66649;0;18;43;9;2;7;.778;987800;0
66649;150;25;0;0;0;0;.00nan;0;0
66649;738;18;22;26;7;19;.731;2612200;0
66649;762;25;82;27;2;25;.926;3600000;0
66651;690;154;0;0;0;0;.00nan;0;0
66651;929;154;75;37;4;33;.892;3632800;0
66651;1044;17;0;0;0;0;.00nan;0;0
66651;5872;17;81;35;3;32;.914;3632800;0
66653;904;3;31;8;3;5;.625;1310200;0
66653;1064;3;19;25;7;18;.720;2289800;0
66653;1247;20;64;26;3;23;.885;3600000;0
66653;1300;20;0;0;0;0;.00nan;0;0
66655;567;24;80;34;3;31;.912;3600000;0
66655;862;2;0;0;0;0;.00nan;0;0
66655;1828;24;0;0;0;0;.00nan;0;0
66655;5935;2;58;28;4;24;.857;3546900;0
66657;889;152;0;0;0;0;.00nan;0;0
66657;1641;29;79;29;2;27;.931;3561550;0
66657;3462;29;0;0;0;0;.00nan;0;0
66657;5950;152;93;30;1;29;.967;3600000;0
66659;930;9;80;28;2;26;.929;3600000;0
66659;945;30;42;32;6;26;.813;3162600;0
66659;1664;30;48;0;0;0;.00nan;437400;0
66659;5934;9;0;0;0;0;.00nan;0;0
66661;668;14;0;0;0;0;.00nan;0;0
66661;1615;14;90;57;5;52;.912;3600000;0
66661;2123;8;72;24;2;22;.917;3600000;0
66661;5430;8;0;0;0;0;.00nan;0;0
66663;1926;0;89;33;2;31;.939;3600000;0
66663;2075;10;0;0;0;0;.00nan;0;0
66663;6446;0;0;0;0;0;.00nan;0;0
66663;6527;10;37;24;5;19;.792;3600000;0
66665;530;12;84;26;1;25;.962;3733200;0
66665;5889;12;0;0;0;0;.00nan;0;0
66665;5944;23;89;31;2;29;.935;3733200;0
66665;6515;23;0;0;0;0;.00nan;0;0
66667;150;25;0;0;0;0;.00nan;0;0
66667;567;24;76;31;3;28;.903;3600000;0
66667;762;25;50;31;5;26;.839;3489100;0
66667;1828;24;0;0;0;0;.00nan;0;0
66669;862;2;0;0;0;0;.00nan;0;0
66669;879;124;65;38;5;33;.868;3600000;0
66669;1658;124;0;0;0;0;.00nan;0;0
66669;5935;2;55;21;3;18;.857;3600000;0
66671;830;26;73;30;3;27;.900;3600000;0
66671;1044;17;0;0;0;0;.00nan;0;0
66671;2062;26;0;0;0;0;.00nan;0;0
66671;5872;17;70;42;5;37;.881;3550500;0
66673;0;18;0;0;0;0;.00nan;0;0
66673;738;18;100;43;2;41;.953;3900000;0
66673;2075;10;0;0;0;0;.00nan;0;0
66673;6527;10;86;31;2;29;.935;3900000;0
66675;1641;29;78;40;4;36;.900;3600000;0
66675;2965;31;100;40;0;40;1.000;3600000;0
66675;3462;29;0;0;0;0;.00nan;0;0
66675;6493;31;0;0;0;0;.00nan;0;0
66677;703;1;0;0;0;0;.00nan;0;0
66677;904;3;0;0;0;0;.00nan;0;0
66677;1064;3;89;39;3;36;.923;3682700;0
66677;3513;1;100;39;2;37;.949;3682700;0
66679;443;7;68;35;4;31;.886;3571000;0
66679;945;30;75;31;3;28;.903;3600000;0
66679;1651;7;0;0;0;0;.00nan;0;0
66679;1664;30;0;0;0;0;.00nan;0;0
66681;889;152;0;0;0;0;.00nan;0;0
66681;933;19;75;27;2;25;.926;3511100;0
66681;3101;19;0;0;0;0;.00nan;0;0
66681;5950;152;100;50;0;50;1.000;3600000;0
66683;536;27;89;39;3;36;.923;3543550;0
66683;930;9;0;0;0;0;.00nan;0;0
66683;1222;27;0;0;0;0;.00nan;0;0
66683;5934;9;92;34;2;32;.941;3600000;0
66685;668;14;100;41;2;39;.951;3600000;0
66685;982;28;0;0;0;0;.00nan;0;0
66685;1294;28;49;29;5;24;.828;3600000;0
66685;1615;14;0;0;0;0;.00nan;0;0
66687;2123;8;28;30;7;23;.767;3600000;0
66687;5430;8;0;0;0;0;.00nan;0;0
66687;5944;23;58;28;4;24;.857;3600000;0
66687;6515;23;0;0;0;0;.00nan;0;0
66689;1247;20;62;30;4;26;.867;3600000;0
66689;1300;20;0;0;0;0;.00nan;0;0
66689;1926;0;0;0;0;0;.00nan;0;0
66689;6446;0;89;27;1;26;.963;3600000;0
66691;540;21;0;0;0;0;.00nan;0;0
66691;690;154;0;0;0;0;.00nan;0;0
66691;929;154;67;33;4;29;.879;3600000;0
66691;2115;21;44;28;5;23;.821;3600000;0
66693;536;27;95;36;2;34;.944;3600000;0
66693;1222;27;0;0;0;0;.00nan;0;0
66693;2123;8;59;30;4;26;.867;3527100;0
66693;5430;8;0;0;0;0;.00nan;0;0
66695;830;26;52;32;5;27;.844;3600000;0
66695;1926;0;91;34;2;32;.941;3600000;0
66695;2062;26;0;0;0;0;.00nan;0;0
66695;6446;0;0;0;0;0;.00nan;0;0
66697;443;7;99;21;0;21;1.000;3600000;0
66697;1651;7;0;0;0;0;.00nan;0;0
66697;2075;10;70;12;0;12;1.000;1203450;0
66697;6527;10;63;31;4;27;.871;2396550;0
66699;862;2;0;0;0;0;.00nan;0;0
66699;2965;31;100;33;1;32;.970;3600000;0
66699;5935;2;79;35;3;32;.914;3572150;0
66699;6493;31;0;0;0;0;.00nan;0;0
66701;0;18;0;0;0;0;.00nan;0;0
66701;738;18;68;22;2;20;.909;3600000;0
66701;5944;23;58;35;5;30;.857;3558550;0
66701;6515;23;0;0;0;0;.00nan;0;0
66703;904;3;0;0;0;0;.00nan;0;0
66703;1044;17;0;0;0;0;.00nan;0;0
66703;1064;3;60;30;4;26;.867;3600000;0
66703;5872;17;100;36;1;35;.972;3600000;0
66705;879;124;80;40;4;36;.900;3600000;0
66705;930;9;41;25;5;20;.800;3582000;0
66705;1658;124;0;0;0;0;.00nan;0;0
66705;5934;9;0;0;0;0;.00nan;0;0
66707;530;12;58;29;4;25;.862;3600000;0
66707;668;14;0;0;0;0;.00nan;0;0
66707;1615;14;100;37;0;37;1.000;3600000;0
66707;5889;12;0;0;0;0;.00nan;0;0
66709;150;25;0;0;0;0;.00nan;0;0
66709;703;1;0;0;0;0;.00nan;0;0
66709;762;25;92;42;3;39;.929;3579050;0
66709;3513;1;100;39;1;38;.974;3600000;0
66711;889;152;0;0;0;0;.00nan;0;0
66711;945;30;100;40;0;40;1.000;3600000;0
66711;1664;30;0;0;0;0;.00nan;0;0
66711;5950;152;79;23;1;22;.957;3556400;0
66713;567;24;78;39;4;35;.897;3600000;0
66713;1247;20;67;46;6;40;.870;3167000;0
66713;1300;20;52;2;0;2;1.000;349450;0
66713;1828;24;0;0;0;0;.00nan;0;0
66715;690;154;0;0;0;0;.00nan;0;0
66715;929;154;98;21;0;21;1.000;3600000;0
66715;982;28;73;25;2;23;.920;2881000;0
66715;1294;28;19;7;4;3;.429;719000;0
66717;540;21;52;20;3;17;.850;3580200;0
66717;933;19;83;29;2;27;.931;3600000;0
66717;2115;21;0;0;0;0;.00nan;0;0
66717;3101;19;0;0;0;0;.00nan;0;0
66719;945;30;68;16;1;15;.938;3600000;0
66719;1247;20;68;23;2;21;.913;3541650;0
66719;1300;20;0;0;0;0;.00nan;0;0
66719;1664;30;0;0;0;0;.00nan;0;0
66721;443;7;93;34;2;32;.941;3600000;0
66721;1044;17;0;0;0;0;.00nan;0;0
66721;1651;7;0;0;0;0;.00nan;0;0
66721;5872;17;98;53;4;49;.925;3531700;0
66723;690;154;0;0;0;0;.00nan;0;0
66723;929;154;59;35;5;30;.857;3600000;0
66723;930;9;0;0;0;0;.00nan;0;0
66723;5934;9;73;19;1;18;.947;3600000;0
66725;830;26;26;6;3;3;.500;491650;0
66725;2062;26;53;33;5;28;.848;3108350;0
66725;2965;31;77;25;2;23;.920;3600000;0
66725;6493;31;0;0;0;0;.00nan;0;0
66727;536;27;100;47;3;44;.936;3600000;0
66727;1222;27;0;0;0;0;.00nan;0;0
66727;1641;29;14;23;7;16;.696;3600000;0
66727;3462;29;0;0;0;0;.00nan;0;0
66729;150;25;0;0;0;0;.00nan;0;0
66729;762;25;75;43;5;38;.884;3600000;0
66729;879;124;95;19;0;19;1.000;3600000;0
66729;1658;124;0;0;0;0;.00nan;0;0
66731;0;18;0;0;0;0;.00nan;0;0
66731;738;18;98;21;0;21;1.000;3600000;0
66731;933;19;95;44;3;41;.932;3600000;0
66731;3101;19;0;0;0;0;.00nan;0;0
66733;530;12;76;38;4;34;.895;3485050;0
66733;1926;0;100;41;2;39;.951;3600000;0
66733;5889;12;0;0;0;0;.00nan;0;0
66733;6446;0;0;0;0;0;.00nan;0;0
66735;703;1;0;0;0;0;.00nan;0;0
66735;982;28;0;0;0;0;.00nan;0;0
66735;1294;28;46;40;7;33;.825;3541950;0
66735;3513;1;74;47;6;41;.872;3600000;0
66737;540;21;47;23;4;19;.826;3540750;0
66737;567;24;72;24;2;22;.917;3600000;0
66737;1828;24;0;0;0;0;.00nan;0;0
66737;2115;21;0;0;0;0;.00nan;0;0
66739;904;3;29;7;3;4;.571;1430500;0
66739;1064;3;57;29;4;25;.862;2169500;0
66739;2075;10;0;0;0;0;.00nan;0;0
66739;6527;10;51;24;4;20;.833;3600000;0
66741;2123;8;75;36;4;32;.889;3600000;0
66741;5430;8;0;0;0;0;.00nan;0;0
66741;5944;23;40;31;6;25;.806;3144800;0
66741;6515;23;59;6;0;6;1.000;435100;0
66743;862;2;0;0;0;0;.00nan;0;0
66743;889;152;0;0;0;0;.00nan;0;0
66743;5935;2;78;20;1;19;.950;3600000;0
66743;5950;152;65;33;4;29;.879;3600000;0
66745;830;26;84;55;3;52;.945;3564650;0
66745;2062;26;0;0;0;0;.00nan;0;0
66745;5944;23;90;28;1;27;.964;3600000;0
66745;6515;23;0;0;0;0;.00nan;0;0
66747;982;28;0;0;0;0;.00nan;0;0
66747;1294;28;73;32;3;29;.906;3900000;0
66747;2075;10;0;0;0;0;.00nan;0;0
66747;6527;10;95;49;3;46;.939;3900000;0
66749;540;21;0;0;0;0;.00nan;0;0
66749;2115;21;71;35;4;31;.886;3586100;0
66749;2123;8;87;31;2;29;.935;3600000;0
66749;5430;8;0;0;0;0;.00nan;0;0
66751;530;12;57;27;4;23;.852;3600000;0
66751;933;19;51;31;5;26;.839;3552100;0
66751;3101;19;0;0;0;0;.00nan;0;0
66751;5889;12;0;0;0;0;.00nan;0;0
66753;443;7;0;0;0;0;.00nan;0;0
66753;1641;29;43;33;6;27;.818;2570650;0
66753;1651;7;76;32;3;29;.906;3600000;0
66753;3462;29;57;11;1;10;.909;1029350;0
66755;690;154;0;0;0;0;.00nan;0;0
66755;904;3;0;0;0;0;.00nan;0;0
66755;929;154;72;36;4;32;.889;3540350;0
66755;1064;3;73;30;3;27;.900;3600000;0
66757;879;124;80;41;4;37;.902;3517050;0
66757;1658;124;0;0;0;0;.00nan;0;0
66757;1926;0;0;0;0;0;.00nan;0;0
66757;6446;0;73;29;3;26;.897;3600000;0
66759;150;25;0;0;0;0;.00nan;0;0
66759;762;25;58;28;4;24;.857;3687150;0
66759;862;2;0;0;0;0;.00nan;0;0
66759;5935;2;64;37;5;32;.865;3687150;0
66761;703;1;0;0;0;0;.00nan;0;0
66761;1247;20;74;37;4;33;.892;3600000;0
66761;1300;20;0;0;0;0;.00nan;0;0
66761;3513;1;100;26;0;26;1.000;3600000;0
66763;567;24;91;41;2;39;.951;3600000;0
66763;668;14;0;0;0;0;.00nan;0;0
66763;1615;14;70;29;3;26;.897;3560000;0
66763;1828;24;0;0;0;0;.00nan;0;0
66765;0;18;0;0;0;0;.00nan;0;0
66765;738;18;43;26;5;21;.808;3560700;0
66765;930;9;66;32;4;28;.875;3600000;0
66765;5934;9;0;0;0;0;.00nan;0;0
66767;945;30;57;21;3;18;.857;3600000;0
66767;1664;30;0;0;0;0;.00nan;0;0
66767;2965;31;68;33;4;29;.879;3562600;0
66767;6493;31;0;0;0;0;.00nan;0;0
66769;536;27;70;29;3;26;.897;3600000;0
66769;1044;17;0;0;0;0;.00nan;0;0
66769;1222;27;0;0;0;0;.00nan;0;0
66769;5872;17;79;41;4;37;.902;3538300;0
61863;526;123;0;0;0;0;.00nan;0;0
61863;1835;123;39;30;5;25;.833;3578000;0
61863;2127;59;64;28;3;25;.893;3600000;0
61863;4868;59;0;0;0;0;.00nan;0;0
61870;1130;40;0;0;0;0;.00nan;0;0
61870;1481;153;0;0;0;0;.00nan;0;0
61870;1852;153;79;21;1;20;.952;3600000;0
61870;5923;40;72;47;5;42;.894;3600000;0
61867;704;36;51;37;6;31;.838;3600000;0
61867;977;155;0;0;0;0;.00nan;0;0
61867;1893;36;0;0;0;0;.00nan;0;0
61867;2921;155;76;27;1;26;.963;3600000;0
61936;864;33;73;33;3;30;.909;3600000;0
61936;2746;32;0;0;0;0;.00nan;0;0
61936;3066;33;0;0;0;0;.00nan;0;0
61936;3240;32;45;31;5;26;.839;3514000;0
61864;102;60;74;22;2;20;.909;3600000;0
61864;665;125;0;0;0;0;.00nan;0;0
61864;1218;60;0;0;0;0;.00nan;0;0
61864;5810;125;73;44;4;40;.909;3600000;0
61967;863;62;79;16;0;16;1.000;1834000;0
61967;1351;54;0;0;0;0;.00nan;0;0
61967;2689;54;96;21;0;21;1.000;3600000;0
61967;3656;62;22;28;7;21;.750;1766000;0
61897;613;38;57;40;6;34;.850;2609000;0
61897;1919;34;31;23;5;18;.783;3600000;0
61897;1955;38;66;13;0;13;1.000;961000;0
61897;6545;34;0;0;0;0;.00nan;0;0
62404;167;56;71;34;3;31;.912;3600000;0
62404;1331;56;0;0;0;0;.00nan;0;0
62404;1371;45;0;0;0;0;.00nan;0;0
62404;1614;45;26;29;6;23;.793;3600000;0
61861;1666;55;0;0;0;0;.00nan;0;0
61861;2499;37;0;0;0;0;.00nan;0;0
61861;3109;37;62;43;5;38;.884;3600000;0
61861;3319;55;88;34;1;33;.971;3600000;0
62050;2664;43;91;28;1;27;.964;3600000;0
62050;2720;58;0;0;0;0;.00nan;0;0
62050;3395;58;79;38;4;34;.895;3600000;0
62050;5949;43;0;0;0;0;.00nan;0;0
62065;2720;58;100;37;0;37;1.000;3600000;0
62065;2746;32;88;47;3;44;.936;3600000;0
62065;3240;32;0;0;0;0;.00nan;0;0
62065;3395;58;0;0;0;0;.00nan;0;0
61876;283;41;0;0;0;0;.00nan;0;0
61876;613;38;0;0;0;0;.00nan;0;0
61876;1955;38;65;24;3;21;.875;3788000;0
61876;3894;41;63;23;2;21;.913;3789000;0
61953;665;125;21;9;4;5;.556;450000;0
61953;1371;45;89;31;2;29;.935;3600000;0
61953;1614;45;0;0;0;0;.00nan;0;0
61953;5810;125;81;41;3;38;.927;3150000;0
61874;977;155;56;27;4;23;.852;3600000;0
61874;2664;43;0;0;0;0;.00nan;0;0
61874;2921;155;0;0;0;0;.00nan;0;0
61874;5949;43;45;28;5;23;.821;3533000;0
61871;8;44;0;0;0;0;.00nan;0;0
61871;442;57;32;30;6;24;.800;3220000;0
61871;3318;44;58;30;4;26;.867;3600000;0
61871;3756;57;49;9;1;8;.889;380000;0
61860;167;56;0;0;0;0;.00nan;0;0
61860;1331;56;91;22;0;22;1.000;3600000;0
61860;2809;47;32;35;7;28;.800;3600000;0
61860;5740;47;0;0;0;0;.00nan;0;0
61866;102;60;0;0;0;0;.00nan;0;0
61866;650;53;0;0;0;0;.00nan;0;0
61866;1218;60;55;31;4;27;.871;3600000;0
61866;1242;53;66;44;5;39;.886;3555000;0
61859;294;50;59;16;2;14;.875;3600000;0
61859;1547;48;98;38;1;37;.974;3600000;0
61859;2896;50;0;0;0;0;.00nan;0;0
61859;3220;48;0;0;0;0;.00nan;0;0
61919;864;33;0;0;0;0;.00nan;0;0
61919;1919;34;0;0;0;0;.00nan;0;0
61919;3066;33;67;40;4;36;.900;3588000;0
61919;6545;34;82;39;3;36;.923;3600000;0
61868;704;36;50;3;0;3;1.000;670000;0
61868;1666;55;32;28;6;22;.786;2867000;0
61868;1893;36;61;51;6;45;.882;3230000;0
61868;3319;55;69;17;0;17;1.000;1033000;0
61883;283;41;60;39;5;34;.872;3600000;0
61883;650;53;71;29;3;26;.897;3600000;0
61883;1242;53;0;0;0;0;.00nan;0;0
61883;3894;41;0;0;0;0;.00nan;0;0
61890;442;57;0;0;0;0;.00nan;0;0
61890;2809;47;0;0;0;0;.00nan;0;0
61890;3756;57;73;16;1;15;.938;3600000;0
61890;5740;47;64;57;6;51;.895;3600000;0
61858;1130;40;0;0;0;0;.00nan;0;0
61858;1481;153;0;0;0;0;.00nan;0;0
61858;1852;153;71;24;2;22;.917;3600000;0
61858;5923;40;63;39;4;35;.897;3572000;0
61862;863;62;0;0;0;0;.00nan;0;0
61862;2499;37;53;3;0;3;1.000;479000;0
61862;3109;37;27;29;7;22;.759;3121000;0
61862;3656;62;62;22;2;20;.909;3600000;0
61869;1351;54;0;0;0;0;.00nan;0;0
61869;1547;48;0;0;0;0;.00nan;0;0
61869;2689;54;80;31;2;29;.935;3763000;0
61869;3220;48;90;49;3;46;.939;3763000;0
62067;2127;59;0;0;0;0;.00nan;0;0
62067;2720;58;99;55;3;52;.945;3600000;0
62067;3395;58;0;0;0;0;.00nan;0;0
62067;4868;59;56;46;5;41;.891;3552000;0
61905;665;125;0;0;0;0;.00nan;0;0
61905;2664;43;65;32;4;28;.875;3562000;0
61905;5810;125;76;26;2;24;.923;3600000;0
61905;5949;43;0;0;0;0;.00nan;0;0
61893;294;50;0;0;0;0;.00nan;0;0
61893;526;123;55;3;0;3;1.000;609000;0
61893;1835;123;47;48;7;41;.854;2991000;0
61893;2896;50;67;21;2;19;.905;3600000;0
61891;1481;153;84;25;1;24;.960;3600000;0
61891;1852;153;0;0;0;0;.00nan;0;0
61891;1919;34;44;23;4;19;.826;1742000;0
61891;6545;34;17;23;6;17;.739;1858000;0
61916;1351;54;88;43;3;40;.930;3557000;0
61916;1666;55;0;0;0;0;.00nan;0;0
61916;2689;54;0;0;0;0;.00nan;0;0
61916;3319;55;69;29;2;27;.931;3600000;0
61865;704;36;0;0;0;0;.00nan;0;0
61865;977;155;27;26;6;20;.769;2266000;0
61865;1893;36;72;38;4;34;.895;3600000;0
61865;2921;155;63;8;0;8;1.000;1288000;0
61857;8;44;0;0;0;0;.00nan;0;0
61857;102;60;0;0;0;0;.00nan;0;0
61857;1218;60;81;43;4;39;.907;3556000;0
61857;3318;44;84;34;2;32;.941;3600000;0
61880;167;56;0;0;0;0;.00nan;0;0
61880;863;62;38;31;6;25;.806;3600000;0
61880;1331;56;72;33;3;30;.909;3600000;0
61880;3656;62;0;0;0;0;.00nan;0;0
61873;8;44;45;38;6;32;.842;3570000;0
61873;2127;59;57;30;4;26;.867;3600000;0
61873;3318;44;0;0;0;0;.00nan;0;0
61873;4868;59;0;0;0;0;.00nan;0;0
62845;1130;40;0;0;0;0;.00nan;0;0
62845;1919;34;0;0;0;0;.00nan;0;0
62845;5923;40;43;38;6;32;.842;3600000;0
62845;6545;34;79;34;2;32;.941;3600000;0
61903;526;123;35;34;6;28;.824;3600000;0
61903;1835;123;0;0;0;0;.00nan;0;0
61903;2746;32;69;25;2;23;.920;3600000;0
61903;3240;32;0;0;0;0;.00nan;0;0
61894;650;53;0;0;0;0;.00nan;0;0
61894;1242;53;92;41;3;38;.927;3900000;0
61894;1371;45;0;0;0;0;.00nan;0;0
61894;1614;45;60;25;3;22;.880;3900000;0
61872;1547;48;0;0;0;0;.00nan;0;0
61872;2809;47;68;49;6;43;.878;3600000;0
61872;3220;48;68;26;2;24;.923;3600000;0
61872;5740;47;0;0;0;0;.00nan;0;0
61968;613;38;45;26;4;22;.846;3600000;0
61968;1955;38;0;0;0;0;.00nan;0;0
61968;2499;37;0;0;0;0;.00nan;0;0
61968;3109;37;83;24;1;23;.958;3600000;0
61920;442;57;69;22;2;20;.909;3636000;0
61920;864;33;76;35;3;32;.914;3636000;0
61920;3066;33;0;0;0;0;.00nan;0;0
61920;3756;57;0;0;0;0;.00nan;0;0
62001;283;41;0;0;0;0;.00nan;0;0
62001;294;50;81;25;1;24;.960;3600000;0
62001;2896;50;0;0;0;0;.00nan;0;0
62001;3894;41;64;20;2;18;.900;3600000;0
61911;442;57;0;0;0;0;.00nan;0;0
61911;1371;45;53;38;5;33;.868;3618000;0
61911;1614;45;0;0;0;0;.00nan;0;0
61911;3756;57;47;28;4;24;.857;3618000;0
61886;102;60;0;0;0;0;.00nan;0;0
61886;1218;60;96;37;2;35;.946;3744000;0
61886;2664;43;75;34;3;31;.912;3744000;0
61886;5949;43;0;0;0;0;.00nan;0;0
61887;704;36;0;0;0;0;.00nan;0;0
61887;1351;54;0;0;0;0;.00nan;0;0
61887;1893;36;97;50;3;47;.940;3600000;0
61887;2689;54;88;16;0;16;1.000;3600000;0
61954;665;125;54;33;5;28;.848;3566000;0
61954;2720;58;0;0;0;0;.00nan;0;0
61954;3395;58;63;28;3;25;.893;3600000;0
61954;5810;125;0;0;0;0;.00nan;0;0
61899;1481;153;0;0;0;0;.00nan;0;0
61899;1852;153;56;18;2;16;.889;3561000;0
61899;2499;37;91;43;1;42;.977;3600000;0
61899;3109;37;0;0;0;0;.00nan;0;0
61882;704;36;94;49;3;46;.939;3558000;0
61882;1481;153;80;30;2;28;.933;3600000;0
61882;1852;153;0;0;0;0;.00nan;0;0
61882;1893;36;0;0;0;0;.00nan;0;0
61884;1547;48;0;0;0;0;.00nan;0;0
61884;2746;32;87;32;2;30;.938;3600000;0
61884;3220;48;73;30;3;27;.900;3560000;0
61884;3240;32;0;0;0;0;.00nan;0;0
61974;613;38;57;35;4;31;.886;3545000;0
61974;1130;40;65;24;2;22;.917;3600000;0
61974;1955;38;0;0;0;0;.00nan;0;0
61974;5923;40;0;0;0;0;.00nan;0;0
61892;863;62;53;3;0;3;1.000;466000;0
61892;1351;54;0;0;0;0;.00nan;0;0
61892;2689;54;99;34;1;33;.971;3600000;0
61892;3656;62;36;27;6;21;.778;3134000;0
62379;167;56;0;0;0;0;.00nan;0;0
62379;526;123;74;37;3;34;.919;3548000;0
62379;1331;56;81;31;2;29;.935;3600000;0
62379;1835;123;0;0;0;0;.00nan;0;0
61879;8;44;0;0;0;0;.00nan;0;0
61879;1666;55;0;0;0;0;.00nan;0;0
61879;3318;44;74;31;2;29;.935;3600000;0
61879;3319;55;56;25;3;22;.880;3568000;0
61904;283;41;80;30;2;28;.933;3600000;0
61904;650;53;0;0;0;0;.00nan;0;0
61904;1242;53;60;37;4;33;.892;3514000;0
61904;3894;41;0;0;0;0;.00nan;0;0
61875;977;155;0;0;0;0;.00nan;0;0
61875;2809;47;67;52;6;46;.885;3112000;0
61875;2921;155;75;17;1;16;.941;3600000;0
61875;5740;47;60;4;0;4;1.000;488000;0
61966;294;50;0;0;0;0;.00nan;0;0
61966;864;33;69;23;2;21;.913;3614000;0
61966;2896;50;90;32;1;31;.969;3614000;0
61966;3066;33;0;0;0;0;.00nan;0;0
62236;2127;59;72;34;3;31;.912;3608000;0
62236;2720;58;62;20;2;18;.900;3608000;0
62236;3395;58;0;0;0;0;.00nan;0;0
62236;4868;59;0;0;0;0;.00nan;0;0
62022;167;56;93;29;1;28;.966;3600000;0
62022;864;33;0;0;0;0;.00nan;0;0
62022;1331;56;0;0;0;0;.00nan;0;0
62022;3066;33;62;33;4;29;.879;3600000;0
61931;442;57;0;0;0;0;.00nan;0;0
61931;665;125;0;0;0;0;.00nan;0;0
61931;3756;57;88;19;0;19;1.000;3600000;0
61931;5810;125;43;48;7;41;.854;3600000;0
61925;1371;45;0;0;0;0;.00nan;0;0
61925;1614;45;51;9;1;8;.889;3600000;0
61925;2809;47;83;37;3;34;.919;3600000;0
61925;5740;47;0;0;0;0;.00nan;0;0
61885;613;38;0;0;0;0;.00nan;0;0
61885;977;155;72;14;1;13;.929;3600000;0
61885;1955;38;41;32;5;27;.844;3600000;0
61885;2921;155;0;0;0;0;.00nan;0;0
61906;863;62;67;40;5;35;.875;3600000;0
61906;1919;34;0;0;0;0;.00nan;0;0
61906;3656;62;0;0;0;0;.00nan;0;0
61906;6545;34;38;36;6;30;.833;3600000;0
61888;102;60;0;0;0;0;.00nan;0;0
61888;1218;60;43;17;3;14;.824;3600000;0
61888;2746;32;39;30;6;24;.800;3052000;0
61888;3240;32;39;8;2;6;.750;548000;0
61961;442;57;0;0;0;0;.00nan;0;0
61961;2720;58;65;35;5;30;.857;3559000;0
61961;3395;58;0;0;0;0;.00nan;0;0
61961;3756;57;70;39;4;35;.897;3600000;0
61907;526;123;91;40;2;38;.950;3600000;0
61907;1666;55;0;0;0;0;.00nan;0;0
61907;1835;123;0;0;0;0;.00nan;0;0
61907;3319;55;71;35;3;32;.914;3599000;0
61930;283;41;0;0;0;0;.00nan;0;0
61930;2664;43;48;29;5;24;.828;3600000;0
61930;3894;41;100;39;0;39;1.000;3600000;0
61930;5949;43;0;0;0;0;.00nan;0;0
62108;1130;40;0;0;0;0;.00nan;0;0
62108;2127;59;0;0;0;0;.00nan;0;0
62108;4868;59;71;17;1;16;.941;3600000;0
62108;5923;40;82;45;3;42;.933;3571000;0
61881;8;44;0;0;0;0;.00nan;0;0
61881;1919;34;76;34;2;32;.941;3900000;0
61881;3318;44;82;30;2;28;.933;3900000;0
61881;6545;34;0;0;0;0;.00nan;0;0
61898;1351;54;54;4;0;4;1.000;217000;0
61898;1547;48;0;0;0;0;.00nan;0;0
61898;2689;54;24;24;6;18;.750;3300000;0
61898;3220;48;79;43;4;39;.907;3600000;0
61944;526;123;0;0;0;0;.00nan;0;0
61944;864;33;82;36;2;34;.944;3580000;0
61944;1835;123;97;21;0;21;1.000;3600000;0
61944;3066;33;0;0;0;0;.00nan;0;0
61877;1481;153;0;0;0;0;.00nan;0;0
61877;1852;153;55;18;2;16;.889;3855000;0
61877;2809;47;0;0;0;0;.00nan;0;0
61877;5740;47;92;56;3;53;.946;3855000;0
61990;613;38;90;49;3;46;.939;3600000;0
61990;1130;40;32;31;6;25;.806;3600000;0
61990;1955;38;0;0;0;0;.00nan;0;0
61990;5923;40;0;0;0;0;.00nan;0;0
61889;650;53;0;0;0;0;.00nan;0;0
61889;704;36;75;33;3;30;.909;3600000;0
61889;1242;53;70;28;2;26;.929;3600000;0
61889;1893;36;0;0;0;0;.00nan;0;0
61895;977;155;0;0;0;0;.00nan;0;0
61895;1547;48;72;43;4;39;.907;3548000;0
61895;2921;155;55;21;3;18;.857;3600000;0
61895;3220;48;0;0;0;0;.00nan;0;0
61915;294;50;62;35;4;31;.886;3551000;0
61915;863;62;59;28;3;25;.893;3600000;0
61915;3656;62;0;0;0;0;.00nan;0;0
61915;6571;50;0;0;0;0;.00nan;0;0
61977;665;125;0;0;0;0;.00nan;0;0
61977;2664;43;0;0;0;0;.00nan;0;0
61977;5810;125;53;35;4;31;.886;3598000;0
61977;5949;43;85;40;3;37;.925;3600000;0
61914;2499;37;0;0;0;0;.00nan;0;0
61914;2746;32;0;0;0;0;.00nan;0;0
61914;3109;37;66;34;4;30;.882;3600000;0
61914;3240;32;57;37;5;32;.865;3588000;0
61913;102;60;87;52;2;50;.962;3600000;0
61913;1218;60;0;0;0;0;.00nan;0;0
61913;1371;45;0;0;0;0;.00nan;0;0
61913;1614;45;52;25;3;22;.880;3557000;0
62876;167;56;63;40;5;35;.875;3563000;0
62876;1331;56;0;0;0;0;.00nan;0;0
62876;1351;54;48;24;4;20;.833;3600000;0
62876;2689;54;0;0;0;0;.00nan;0;0
62783;442;57;0;0;0;0;.00nan;0;0
62783;665;125;79;42;3;39;.929;3576000;0
62783;3756;57;69;26;2;24;.923;3600000;0
62783;5810;125;0;0;0;0;.00nan;0;0
61924;294;50;0;0;0;0;.00nan;0;0
61924;650;53;81;41;4;37;.902;3900000;0
61924;1242;53;0;0;0;0;.00nan;0;0
61924;6571;50;62;34;4;30;.882;3900000;0
62027;1666;55;0;0;0;0;.00nan;0;0
62027;2127;59;49;6;1;5;.833;631000;0
62027;3319;55;75;31;3;28;.903;3600000;0
62027;4868;59;35;34;6;28;.824;2969000;0
62839;864;33;0;0;0;0;.00nan;0;0
62839;1481;153;96;25;1;24;.960;3600000;0
62839;1852;153;0;0;0;0;.00nan;0;0
62839;3066;33;67;39;4;35;.897;3600000;0
61900;8;44;0;0;0;0;.00nan;0;0
61900;283;41;0;0;0;0;.00nan;0;0
61900;3318;44;81;23;1;22;.957;3900000;0
61900;3894;41;92;36;1;35;.972;3900000;0
62830;613;38;33;4;2;2;.500;302000;0
62830;863;62;0;0;0;0;.00nan;0;0
62830;1955;38;53;48;6;42;.875;3298000;0
62830;3656;62;58;17;2;15;.882;3600000;0
62825;102;60;0;0;0;0;.00nan;0;0
62825;1218;60;55;34;4;30;.882;3600000;0
62825;2746;32;58;25;3;22;.880;3600000;0
62825;3240;32;0;0;0;0;.00nan;0;0
62835;8;44;59;22;2;20;.909;1313000;0
62835;1371;45;36;19;4;15;.789;3600000;0
62835;1614;45;0;0;0;0;.00nan;0;0
62835;3318;44;24;25;6;19;.760;2287000;0
61938;1919;34;0;0;0;0;.00nan;0;0
61938;2499;37;0;0;0;0;.00nan;0;0
61938;3109;37;100;40;1;39;.975;3600000;0
61938;6545;34;68;27;2;25;.926;3600000;0
62858;1666;55;65;38;4;34;.895;3561000;0
62858;1681;59;80;32;2;30;.938;3600000;0
62858;3319;55;0;0;0;0;.00nan;0;0
62858;4868;59;0;0;0;0;.00nan;0;0
61937;102;60;96;41;2;39;.951;3600000;0
61937;526;123;0;0;0;0;.00nan;0;0
61937;1218;60;0;0;0;0;.00nan;0;0
61937;1835;123;43;29;5;24;.828;3600000;0
62010;294;50;60;27;4;23;.852;3546000;0
62010;613;38;95;50;3;47;.940;3600000;0
62010;1955;38;0;0;0;0;.00nan;0;0
62010;6571;50;0;0;0;0;.00nan;0;0
61928;1130;40;0;0;0;0;.00nan;0;0
61928;2809;47;48;37;6;31;.838;3244000;0
61928;5740;47;56;7;0;7;1.000;321000;0
61928;5923;40;86;41;4;37;.902;3600000;0
61878;650;53;0;0;0;0;.00nan;0;0
61878;1242;53;92;50;3;47;.940;3892000;0
61878;1481;153;0;0;0;0;.00nan;0;0
61878;1852;153;74;29;2;27;.931;3892000;0
61929;863;62;0;0;0;0;.00nan;0;0
61929;2720;58;56;29;4;25;.862;3600000;0
61929;3395;58;0;0;0;0;.00nan;0;0
61929;3656;62;61;47;6;41;.872;3569000;0
61921;124;54;85;42;3;39;.929;3600000;0
61921;1351;54;0;0;0;0;.00nan;0;0
61921;2499;37;39;33;6;27;.818;3090000;0
61921;3109;37;49;2;0;2;1.000;510000;0
61988;283;41;0;0;0;0;.00nan;0;0
61988;665;125;0;0;0;0;.00nan;0;0
61988;3894;41;59;25;2;23;.920;3858000;0
61988;5810;125;93;45;2;43;.956;3900000;0
61922;124;54;0;0;0;0;.00nan;0;0
61922;1351;54;70;33;3;30;.909;3600000;0
61922;1681;59;36;21;4;17;.810;3600000;0
61922;4868;59;0;0;0;0;.00nan;0;0
61909;1547;48;90;31;1;30;.968;3900000;0
61909;2664;43;100;46;1;45;.978;3900000;0
61909;3220;48;0;0;0;0;.00nan;0;0
61909;5949;43;0;0;0;0;.00nan;0;0
62024;1371;45;66;27;2;25;.926;3538000;0
62024;1614;45;0;0;0;0;.00nan;0;0
62024;2720;58;0;0;0;0;.00nan;0;0
62024;3395;58;100;34;0;34;1.000;3600000;0
61896;704;36;0;0;0;0;.00nan;0;0
61896;863;62;64;37;3;34;.919;3900000;0
61896;1893;36;68;30;3;27;.900;3900000;0
61896;3656;62;0;0;0;0;.00nan;0;0
61935;1130;40;65;15;1;14;.933;3600000;0
61935;2809;47;0;0;0;0;.00nan;0;0
61935;5740;47;69;33;3;30;.909;3529000;0
61935;5923;40;0;0;0;0;.00nan;0;0
61940;1666;55;0;0;0;0;.00nan;0;0
61940;1919;34;82;33;2;31;.939;3600000;0
61940;3319;55;48;27;4;23;.852;3542000;0
61940;6545;34;0;0;0;0;.00nan;0;0
61927;613;38;0;0;0;0;.00nan;0;0
61927;977;155;0;0;0;0;.00nan;0;0
61927;1955;38;65;39;4;35;.897;3600000;0
61927;2921;155;91;37;3;34;.919;3600000;0
61902;1481;153;49;30;5;25;.833;3550000;0
61902;1852;153;0;0;0;0;.00nan;0;0
61902;2746;32;81;45;4;41;.911;3600000;0
61902;3240;32;0;0;0;0;.00nan;0;0
62060;665;125;88;36;2;34;.944;3600000;0
62060;864;33;55;37;5;32;.865;3600000;0
62060;3066;33;0;0;0;0;.00nan;0;0
62060;5810;125;0;0;0;0;.00nan;0;0
61957;8;44;75;27;2;25;.926;3600000;0
61957;526;123;16;33;8;25;.758;3600000;0
61957;1835;123;0;0;0;0;.00nan;0;0
61957;3318;44;0;0;0;0;.00nan;0;0
61910;283;41;0;0;0;0;.00nan;0;0
61910;2746;32;0;0;0;0;.00nan;0;0
61910;3240;32;71;35;4;31;.886;3900000;0
61910;3894;41;33;23;4;19;.826;3877000;0
61923;102;60;0;0;0;0;.00nan;0;0
61923;1218;60;57;32;4;28;.875;3600000;0
61923;2499;37;0;0;0;0;.00nan;0;0
61923;3109;37;84;33;1;32;.970;3600000;0
61980;1666;55;68;26;2;24;.923;3600000;0
61980;3319;55;0;0;0;0;.00nan;0;0
61980;3756;57;47;27;4;23;.852;3592000;0
61980;6985;57;0;0;0;0;.00nan;0;0
61946;283;41;77;34;2;32;.941;3600000;0
61946;863;62;0;0;0;0;.00nan;0;0
61946;3656;62;66;39;4;35;.897;3558000;0
61946;3894;41;0;0;0;0;.00nan;0;0
62003;1371;45;85;16;0;16;1.000;3600000;0
62003;1614;45;0;0;0;0;.00nan;0;0
62003;1919;34;68;31;3;28;.903;3600000;0
62003;6545;34;0;0;0;0;.00nan;0;0
61908;613;38;99;47;1;46;.979;3600000;0
61908;1481;153;0;0;0;0;.00nan;0;0
61908;1852;153;55;19;3;16;.842;3512000;0
61908;1955;38;0;0;0;0;.00nan;0;0
61912;704;36;0;0;0;0;.00nan;0;0
61912;1893;36;54;33;4;29;.879;3534000;0
61912;2664;43;74;30;2;28;.933;3600000;0
61912;5949;43;0;0;0;0;.00nan;0;0
61989;8;44;64;35;4;31;.886;3618000;0
61989;665;125;0;0;0;0;.00nan;0;0
61989;3318;44;0;0;0;0;.00nan;0;0
61989;5810;125;76;51;5;46;.902;3582000;0
61947;124;54;46;23;3;20;.870;2048000;0
61947;167;56;0;0;0;0;.00nan;0;0
61947;1331;56;69;33;4;29;.879;3600000;0
61947;1351;54;13;19;6;13;.684;1552000;0
61979;650;53;0;0;0;0;.00nan;0;0
61979;1242;53;47;30;5;25;.833;3600000;0
61979;3756;57;0;0;0;0;.00nan;0;0
61979;6985;57;70;30;2;28;.933;3600000;0
61956;526;123;41;34;6;28;.824;3218000;0
61956;1547;48;78;34;2;32;.941;3600000;0
61956;1835;123;50;1;0;1;1.000;382000;0
61956;3220;48;0;0;0;0;.00nan;0;0
62031;864;33;0;0;0;0;.00nan;0;0
62031;1681;59;0;0;0;0;.00nan;0;0
62031;3066;33;90;48;4;44;.917;3591000;0
62031;4868;59;65;26;2;24;.923;3600000;0
62105;864;33;62;24;3;21;.875;3600000;0
62105;1130;40;0;0;0;0;.00nan;0;0
62105;3066;33;0;0;0;0;.00nan;0;0
62105;5923;40;98;50;4;46;.920;3570000;0
61918;1666;55;0;0;0;0;.00nan;0;0
61918;2746;32;66;41;5;36;.878;3544000;0
61918;3240;32;0;0;0;0;.00nan;0;0
61918;3319;55;59;32;4;28;.875;3600000;0
61987;650;53;72;41;4;37;.902;3600000;0
61987;1242;53;0;0;0;0;.00nan;0;0
61987;2896;50;78;30;2;28;.933;3600000;0
61987;6571;50;0;0;0;0;.00nan;0;0
61933;102;60;45;21;3;18;.857;3523000;0
61933;704;36;92;33;1;32;.970;3600000;0
61933;1218;60;0;0;0;0;.00nan;0;0
61933;1893;36;0;0;0;0;.00nan;0;0
61945;1681;59;93;16;0;16;1.000;3600000;0
61945;2809;47;41;37;6;31;.838;3600000;0
61945;4868;59;0;0;0;0;.00nan;0;0
61945;5740;47;0;0;0;0;.00nan;0;0
61926;977;155;0;0;0;0;.00nan;0;0
61926;2499;37;0;0;0;0;.00nan;0;0
61926;2921;155;62;27;4;23;.852;3559000;0
61926;3109;37;100;54;3;51;.944;3600000;0
62869;863;62;52;29;4;25;.862;3600000;0
62869;2896;50;75;33;3;30;.909;2661000;0
62869;3656;62;0;0;0;0;.00nan;0;0
62869;6571;50;23;13;4;9;.692;939000;0
62170;124;54;35;33;6;27;.818;3600000;0
62170;665;125;0;0;0;0;.00nan;0;0
62170;1351;54;0;0;0;0;.00nan;0;0
62170;5810;125;89;33;1;32;.970;3600000;0
62029;613;38;31;49;9;40;.816;3158000;0
62029;1371;45;63;27;3;24;.889;3600000;0
62029;1614;45;0;0;0;0;.00nan;0;0
62029;1955;38;43;4;1;3;.750;442000;0
62072;1919;34;0;0;0;0;.00nan;0;0
62072;2664;43;100;33;1;32;.970;3600000;0
62072;5949;43;0;0;0;0;.00nan;0;0
62072;6545;34;45;35;6;29;.829;3600000;0
62028;8;44;66;28;2;26;.929;3900000;0
62028;167;56;77;29;2;27;.931;3900000;0
62028;1331;56;0;0;0;0;.00nan;0;0
62028;3318;44;0;0;0;0;.00nan;0;0
62070;283;41;0;0;0;0;.00nan;0;0
62070;526;123;72;21;2;19;.905;3600000;0
62070;1835;123;0;0;0;0;.00nan;0;0
62070;3894;41;50;38;5;33;.868;3600000;0
61941;977;155;89;29;1;28;.966;3600000;0
61941;2720;58;0;0;0;0;.00nan;0;0
61941;2921;155;0;0;0;0;.00nan;0;0
61941;3395;58;49;31;4;27;.871;3600000;0
62098;1681;59;89;30;1;29;.967;3600000;0
62098;2809;47;65;46;5;41;.891;3600000;0
62098;4868;59;0;0;0;0;.00nan;0;0
62098;5740;47;0;0;0;0;.00nan;0;0
62850;8;44;76;22;1;21;.955;3600000;0
62850;2664;43;0;0;0;0;.00nan;0;0
62850;3318;44;0;0;0;0;.00nan;0;0
62850;5949;43;31;40;7;33;.825;3600000;0
61932;1371;45;66;19;1;18;.947;3600000;0
61932;1547;48;80;44;3;41;.932;3585000;0
61932;1614;45;0;0;0;0;.00nan;0;0
61932;3220;48;0;0;0;0;.00nan;0;0
62045;167;56;0;0;0;0;.00nan;0;0
62045;1331;56;65;19;1;18;.947;3600000;0
62045;3756;57;90;32;2;30;.938;3568000;0
62045;6985;57;0;0;0;0;.00nan;0;0
62871;864;33;88;47;3;44;.936;3600000;0
62871;2499;37;0;0;0;0;.00nan;0;0
62871;3066;33;0;0;0;0;.00nan;0;0
62871;3109;37;46;30;5;25;.833;3583000;0
62000;1547;48;0;0;0;0;.00nan;0;0
62000;1666;55;0;0;0;0;.00nan;0;0
62000;3220;48;77;37;3;34;.919;3592000;0
62000;3319;55;78;27;2;25;.926;3600000;0
62844;124;54;64;30;3;27;.900;3766000;0
62844;1130;40;0;0;0;0;.00nan;0;0
62844;1351;54;0;0;0;0;.00nan;0;0
62844;5923;40;74;41;4;37;.902;3766000;0
61969;1481;153;0;0;0;0;.00nan;0;0
61969;1852;153;58;29;4;25;.862;3600000;0
61969;2896;50;0;0;0;0;.00nan;0;0
61969;6571;50;74;45;5;40;.889;3550000;0
61965;283;41;67;25;2;23;.920;3600000;0
61965;2746;32;62;45;5;40;.889;3600000;0
61965;3240;32;0;0;0;0;.00nan;0;0
61965;3894;41;0;0;0;0;.00nan;0;0
61964;613;38;29;15;4;11;.733;943000;0
61964;863;62;0;0;0;0;.00nan;0;0
61964;1955;38;82;37;3;34;.919;2657000;0
61964;3656;62;27;15;4;11;.733;3600000;0
61948;526;123;0;0;0;0;.00nan;0;0
61948;1835;123;73;32;3;29;.906;3600000;0
61948;2809;47;30;23;5;18;.783;2518000;0
61948;5740;47;32;16;4;12;.750;1082000;0
62018;863;62;19;30;7;23;.767;3280000;0
62018;864;33;81;30;2;28;.933;3600000;0
62018;3066;33;0;0;0;0;.00nan;0;0
62018;3656;62;56;2;0;2;1.000;320000;0
62025;613;38;87;42;3;39;.929;3600000;0
62025;1955;38;0;0;0;0;.00nan;0;0
62025;2896;50;37;31;6;25;.806;3600000;0
62025;6571;50;0;0;0;0;.00nan;0;0
62030;665;125;90;51;4;47;.922;3600000;0
62030;737;125;0;0;0;0;.00nan;0;0
62030;2720;58;76;36;3;33;.917;3600000;0
62030;3395;58;0;0;0;0;.00nan;0;0
62238;8;44;0;0;0;0;.00nan;0;0
62238;167;56;0;0;0;0;.00nan;0;0
62238;1331;56;75;28;2;26;.929;3600000;0
62238;3318;44;52;41;7;34;.829;3600000;0
61963;2499;37;0;0;0;0;.00nan;0;0
61963;3109;37;95;54;1;53;.981;3900000;0
61963;3756;57;80;21;1;20;.952;3900000;0
61963;6985;57;0;0;0;0;.00nan;0;0
61934;704;36;0;0;0;0;.00nan;0;0
61934;1371;45;69;39;4;35;.897;3598000;0
61934;1614;45;0;0;0;0;.00nan;0;0
61934;1893;36;62;26;3;23;.885;3600000;0
61943;2664;43;71;31;3;28;.903;3900000;0
61943;2746;32;0;0;0;0;.00nan;0;0
61943;3240;32;85;41;3;38;.927;3900000;0
61943;5949;43;0;0;0;0;.00nan;0;0
61996;102;60;69;24;2;22;.917;3600000;0
61996;1218;60;0;0;0;0;.00nan;0;0
61996;1666;55;65;34;4;30;.882;3589000;0
61996;3319;55;0;0;0;0;.00nan;0;0
61917;124;54;0;0;0;0;.00nan;0;0
61917;650;53;62;21;2;19;.905;1631000;0
61917;1242;53;26;27;6;21;.778;1969000;0
61917;1351;54;75;30;2;28;.933;3600000;0
61958;977;155;91;18;1;17;.944;3900000;0
61958;1130;40;97;49;1;48;.980;3900000;0
61958;2921;155;0;0;0;0;.00nan;0;0
61958;5923;40;0;0;0;0;.00nan;0;0
62032;283;41;63;9;0;9;1.000;669000;0
62032;2720;58;0;0;0;0;.00nan;0;0
62032;3395;58;100;28;0;28;1.000;3600000;0
62032;3894;41;35;31;6;25;.806;2931000;0
62838;665;125;0;0;0;0;.00nan;0;0
62838;737;125;53;37;5;32;.865;3787000;0
62838;3756;57;0;0;0;0;.00nan;0;0
62838;6985;57;38;38;6;32;.842;3787000;0
61959;650;53;53;33;5;28;.848;3600000;0
61959;1242;53;0;0;0;0;.00nan;0;0
61959;1547;48;0;0;0;0;.00nan;0;0
61959;3220;48;16;25;6;19;.760;3569000;0
61951;102;60;88;42;3;39;.929;3900000;0
61951;526;123;0;0;0;0;.00nan;0;0
61951;1218;60;0;0;0;0;.00nan;0;0
61951;1835;123;88;46;3;43;.935;3900000;0
61999;124;54;49;39;5;34;.872;3576000;0
61999;1351;54;0;0;0;0;.00nan;0;0
61999;1919;34;0;0;0;0;.00nan;0;0
61999;6545;34;80;35;3;32;.914;3600000;0
62059;864;33;78;33;2;31;.939;3600000;0
62059;2127;59;0;0;0;0;.00nan;0;0
62059;3066;33;0;0;0;0;.00nan;0;0
62059;4868;59;62;37;5;32;.865;3600000;0
61994;977;155;0;0;0;0;.00nan;0;0
61994;1130;40;0;0;0;0;.00nan;0;0
61994;2921;155;59;26;3;23;.885;3900000;0
61994;5923;40;80;37;3;34;.919;3900000;0
61950;167;56;0;0;0;0;.00nan;0;0
61950;1331;56;85;43;3;40;.930;3600000;0
61950;1481;153;0;0;0;0;.00nan;0;0
61950;1852;153;25;21;5;16;.762;3534000;0
61992;283;41;78;19;1;18;.947;3600000;0
61992;613;38;0;0;0;0;.00nan;0;0
61992;1955;38;91;50;2;48;.960;3570000;0
61992;3894;41;0;0;0;0;.00nan;0;0
61939;704;36;0;0;0;0;.00nan;0;0
61939;1893;36;69;34;4;30;.882;3588000;0
61939;2746;32;79;31;2;29;.935;3600000;0
61939;3240;32;0;0;0;0;.00nan;0;0
61949;2809;47;100;44;2;42;.955;3684000;0
61949;2896;50;0;0;0;0;.00nan;0;0
61949;5740;47;0;0;0;0;.00nan;0;0
61949;6571;50;59;25;3;22;.880;3684000;0
61955;1371;45;85;28;2;26;.929;3600000;0
61955;1614;45;0;0;0;0;.00nan;0;0
61955;2499;37;0;0;0;0;.00nan;0;0
61955;3109;37;60;29;3;26;.897;3600000;0
61960;2809;47;94;53;4;49;.925;3600000;0
61960;2896;50;82;24;1;23;.958;3600000;0
61960;5740;47;0;0;0;0;.00nan;0;0
61960;6571;50;0;0;0;0;.00nan;0;0
62033;1666;55;61;6;0;6;1.000;819000;0
62033;2720;58;0;0;0;0;.00nan;0;0
62033;3319;55;25;30;7;23;.767;2781000;0
62033;3395;58;65;35;4;31;.886;3600000;0
61952;167;56;86;26;1;25;.962;3600000;0
61952;704;36;90;35;2;33;.943;3567000;0
61952;1331;56;0;0;0;0;.00nan;0;0
61952;1893;36;0;0;0;0;.00nan;0;0
62080;864;33;0;0;0;0;.00nan;0;0
62080;2127;59;57;40;6;34;.850;3535000;0
62080;3066;33;69;35;4;31;.886;3600000;0
62080;4868;59;0;0;0;0;.00nan;0;0
62004;1130;40;0;0;0;0;.00nan;0;0
62004;1547;48;49;20;3;17;.850;3844000;0
62004;3220;48;0;0;0;0;.00nan;0;0
62004;5923;40;85;44;4;40;.909;3876000;0
62017;613;38;62;47;6;41;.872;3600000;0
62017;665;125;40;30;5;25;.833;3600000;0
62017;737;125;0;0;0;0;.00nan;0;0
62017;1955;38;0;0;0;0;.00nan;0;0
61942;1371;45;68;39;4;35;.897;3900000;0
61942;1481;153;51;27;4;23;.852;3900000;0
61942;1614;45;0;0;0;0;.00nan;0;0
61942;1852;153;0;0;0;0;.00nan;0;0
62868;650;53;86;47;3;44;.936;3600000;0
62868;863;62;0;0;0;0;.00nan;0;0
62868;1242;53;0;0;0;0;.00nan;0;0
62868;3656;62;66;23;2;21;.913;3600000;0
61981;2499;37;59;25;4;21;.840;3736000;0
61981;2664;43;60;36;5;31;.861;3736000;0
61981;3109;37;0;0;0;0;.00nan;0;0
61981;5949;43;0;0;0;0;.00nan;0;0
62014;8;44;67;36;4;32;.889;3588000;0
62014;124;54;0;0;0;0;.00nan;0;0
62014;1351;54;82;35;3;32;.914;3600000;0
62014;3318;44;0;0;0;0;.00nan;0;0
61991;1919;34;57;32;4;28;.875;3600000;0
61991;3756;57;100;27;0;27;1.000;3600000;0
61991;6545;34;0;0;0;0;.00nan;0;0
61991;6985;57;0;0;0;0;.00nan;0;0
62008;977;155;56;11;1;10;.909;3049000;0
62008;2664;43;60;9;0;9;1.000;951000;0
62008;2921;155;31;8;3;5;.625;551000;0
62008;5949;43;38;34;6;28;.824;2567000;0
62106;650;53;0;0;0;0;.00nan;0;0
62106;1242;53;72;27;3;24;.889;3570000;0
62106;3756;57;72;26;1;25;.962;3600000;0
62106;6985;57;0;0;0;0;.00nan;0;0
62388;8;44;82;17;0;17;1.000;3600000;0
62388;526;123;0;0;0;0;.00nan;0;0
62388;1835;123;47;42;6;36;.857;3600000;0
62388;3318;44;0;0;0;0;.00nan;0;0
61901;102;60;66;34;4;30;.882;3556000;0
61901;863;62;48;19;3;16;.842;3600000;0
61901;1218;60;0;0;0;0;.00nan;0;0
61901;3656;62;0;0;0;0;.00nan;0;0
62110;665;125;73;21;1;20;.952;3600000;0
62110;737;125;0;0;0;0;.00nan;0;0
62110;2127;59;0;0;0;0;.00nan;0;0
62110;4868;59;67;19;2;17;.895;3600000;0
62231;864;33;83;30;2;28;.933;3600000;0
62231;1919;34;64;42;5;37;.881;3600000;0
62231;3066;33;0;0;0;0;.00nan;0;0
62231;6545;34;0;0;0;0;.00nan;0;0
62074;650;53;0;0;0;0;.00nan;0;0
62074;1130;40;0;0;0;0;.00nan;0;0
62074;1242;53;64;29;3;26;.897;3600000;0
62074;5923;40;100;31;0;31;1.000;3600000;0
62049;665;125;0;0;0;0;.00nan;0;0
62049;737;125;97;40;1;39;.975;3557000;0
62049;977;155;0;0;0;0;.00nan;0;0
62049;2921;155;90;16;0;16;1.000;3600000;0
62040;8;44;49;30;5;25;.833;3596000;0
62040;1666;55;0;0;0;0;.00nan;0;0
62040;3318;44;0;0;0;0;.00nan;0;0
62040;3319;55;56;28;4;24;.857;3600000;0
62138;283;41;92;34;1;33;.971;3600000;0
62138;864;33;0;0;0;0;.00nan;0;0
62138;3066;33;75;31;2;29;.935;3545000;0
62138;3894;41;0;0;0;0;.00nan;0;0
62097;613;38;30;16;4;12;.750;972000;0
62097;1955;38;53;29;3;26;.897;2575000;0
62097;2127;59;68;38;5;33;.868;3600000;0
62097;4868;59;0;0;0;0;.00nan;0;0
61975;526;123;0;0;0;0;.00nan;0;0
61975;1835;123;53;25;3;22;.880;3600000;0
61975;2746;32;41;25;4;21;.840;3600000;0
61975;3240;32;0;0;0;0;.00nan;0;0
61978;1371;45;41;34;6;28;.824;2873000;0
61978;1481;153;0;0;0;0;.00nan;0;0
61978;1614;45;56;7;0;7;1.000;727000;0
61978;1852;153;62;22;2;20;.909;3600000;0
61976;102;60;45;32;6;26;.813;3600000;0
61976;1218;60;0;0;0;0;.00nan;0;0
61976;2896;50;100;33;0;33;1.000;3600000;0
61976;6571;50;0;0;0;0;.00nan;0;0
62879;167;56;0;0;0;0;.00nan;0;0
62879;863;62;0;0;0;0;.00nan;0;0
62879;1331;56;77;18;1;17;.944;3600000;0
62879;3656;62;42;27;4;23;.852;3600000;0
62056;283;41;0;0;0;0;.00nan;0;0
62056;650;53;74;31;3;28;.903;3643000;0
62056;1242;53;0;0;0;0;.00nan;0;0
62056;3894;41;71;38;4;34;.895;3643000;0
62064;1547;48;72;34;3;31;.912;3600000;0
62064;2720;58;0;0;0;0;.00nan;0;0
62064;3220;48;0;0;0;0;.00nan;0;0
62064;3395;58;15;26;7;19;.731;3600000;0
62038;167;56;56;20;3;17;.850;3600000;0
62038;613;38;56;38;5;33;.868;3555000;0
62038;1331;56;0;0;0;0;.00nan;0;0
62038;1955;38;0;0;0;0;.00nan;0;0
61972;1919;34;0;0;0;0;.00nan;0;0
61972;2809;47;70;37;4;33;.892;3545000;0
61972;5740;47;0;0;0;0;.00nan;0;0
61972;6545;34;100;45;3;42;.933;3600000;0
61995;2746;32;0;0;0;0;.00nan;0;0
61995;3240;32;40;40;7;33;.825;3600000;0
61995;3756;57;80;25;1;24;.960;3600000;0
61995;6985;57;0;0;0;0;.00nan;0;0
62007;863;62;67;49;4;45;.918;3600000;0
62007;1481;153;72;19;1;18;.947;3600000;0
62007;1852;153;0;0;0;0;.00nan;0;0
62007;3656;62;0;0;0;0;.00nan;0;0
61983;124;54;96;24;0;24;1.000;3600000;0
61983;1351;54;0;0;0;0;.00nan;0;0
61983;2499;37;0;0;0;0;.00nan;0;0
61983;3109;37;58;33;5;28;.848;3600000;0
61962;704;36;72;29;2;27;.931;3900000;0
61962;1130;40;0;0;0;0;.00nan;0;0
61962;1893;36;0;0;0;0;.00nan;0;0
61962;5923;40;77;36;2;34;.944;3900000;0
61973;526;123;60;27;3;24;.889;3600000;0
61973;1371;45;47;37;5;32;.865;3578000;0
61973;1614;45;0;0;0;0;.00nan;0;0
61973;1835;123;0;0;0;0;.00nan;0;0
62884;1130;40;0;0;0;0;.00nan;0;0
62884;1481;153;0;0;0;0;.00nan;0;0
62884;1852;153;94;28;1;27;.964;3600000;0
62884;5923;40;63;44;6;38;.864;3600000;0
62886;442;57;0;0;0;0;.00nan;0;0
62886;704;36;78;36;3;33;.917;3574000;0
62886;1893;36;0;0;0;0;.00nan;0;0
62886;3756;57;77;30;2;28;.933;3600000;0
62888;8;44;37;35;6;29;.829;2249000;0
62888;1959;48;0;0;0;0;.00nan;0;0
62888;3220;48;62;34;4;30;.882;3600000;0
62888;3318;44;50;13;2;11;.846;1351000;0
62890;2499;37;84;45;4;41;.911;3544000;0
62890;2746;32;61;29;3;26;.897;3600000;0
62890;3109;37;0;0;0;0;.00nan;0;0
62890;3240;32;0;0;0;0;.00nan;0;0
62892;613;38;79;51;5;46;.902;3600000;0
62892;1371;45;20;22;6;16;.727;3544000;0
62892;1614;45;0;0;0;0;.00nan;0;0
62892;1955;38;0;0;0;0;.00nan;0;0
62894;977;155;62;18;1;17;.944;3600000;0
62894;1919;34;0;0;0;0;.00nan;0;0
62894;2921;155;0;0;0;0;.00nan;0;0
62894;6545;34;98;62;2;60;.968;3548000;0
62896;665;125;68;35;3;32;.914;3600000;0
62896;864;33;42;26;4;22;.846;3600000;0
62896;3066;33;0;0;0;0;.00nan;0;0
62896;5810;125;0;0;0;0;.00nan;0;0
62898;283;41;0;0;0;0;.00nan;0;0
62898;863;62;0;0;0;0;.00nan;0;0
62898;3656;62;38;34;6;28;.824;3544000;0
62898;3894;41;41;30;5;25;.833;3600000;0
62900;2127;59;0;0;0;0;.00nan;0;0
62900;2664;43;47;35;6;29;.829;2906000;0
62900;4868;59;65;34;3;31;.912;3600000;0
62900;5949;43;53;5;0;5;1.000;694000;0
62902;102;60;22;4;3;1;.250;282000;0
62902;294;50;0;0;0;0;.00nan;0;0
62902;1218;60;42;22;4;18;.818;3318000;0
62902;2896;50;79;40;4;36;.900;3600000;0
62904;650;53;0;0;0;0;.00nan;0;0
62904;1242;53;100;45;0;45;1.000;3600000;0
62904;1666;55;0;0;0;0;.00nan;0;0
62904;3319;55;86;30;1;29;.967;3544000;0
62906;167;56;87;20;0;20;1.000;3600000;0
62906;1331;56;0;0;0;0;.00nan;0;0
62906;1351;54;0;0;0;0;.00nan;0;0
62906;2689;54;91;28;1;27;.964;3574000;0
62908;526;123;60;23;2;21;.913;3594000;0
62908;1835;123;0;0;0;0;.00nan;0;0
62908;2720;58;99;43;1;42;.977;3600000;0
62908;3395;58;0;0;0;0;.00nan;0;0
62910;283;41;71;30;2;28;.933;3600000;0
62910;442;57;47;31;5;26;.839;3600000;0
62910;3756;57;0;0;0;0;.00nan;0;0
62910;3894;41;0;0;0;0;.00nan;0;0
62912;294;50;61;30;3;27;.900;3600000;0
62912;1666;55;70;36;4;32;.889;3574000;0
62912;2896;50;0;0;0;0;.00nan;0;0
62912;3319;55;0;0;0;0;.00nan;0;0
62914;2664;43;0;0;0;0;.00nan;0;0
62914;2746;32;0;0;0;0;.00nan;0;0
62914;3240;32;55;21;3;18;.857;3600000;0
62914;5949;43;43;31;6;25;.806;3600000;0
62916;613;38;0;0;0;0;.00nan;0;0
62916;977;155;0;0;0;0;.00nan;0;0
62916;1955;38;69;35;4;31;.886;3652000;0
62916;2921;155;50;20;3;17;.850;3652000;0
62918;665;125;0;0;0;0;.00nan;0;0
62918;1481;153;60;21;2;19;.905;3565000;0
62918;1852;153;0;0;0;0;.00nan;0;0
62918;5810;125;88;18;0;18;1.000;3600000;0
62920;526;123;0;0;0;0;.00nan;0;0
62920;1351;54;77;33;3;30;.909;3600000;0
62920;1835;123;65;41;5;36;.878;3578000;0
62920;2689;54;0;0;0;0;.00nan;0;0
62922;102;60;62;30;4;26;.867;3586000;0
62922;167;56;53;18;2;16;.889;3600000;0
62922;1218;60;0;0;0;0;.00nan;0;0
62922;1331;56;0;0;0;0;.00nan;0;0
62924;704;36;0;0;0;0;.00nan;0;0
62924;1371;45;0;0;0;0;.00nan;0;0
62924;1614;45;99;24;0;24;1.000;3600000;0
62924;1893;36;86;25;1;24;.960;3545000;0
62926;1130;40;88;33;1;32;.970;3600000;0
62926;1547;48;49;22;3;19;.864;3551000;0
62926;3220;48;0;0;0;0;.00nan;0;0
62926;5923;40;0;0;0;0;.00nan;0;0
62928;8;44;56;5;0;5;1.000;607000;0
62928;864;33;0;0;0;0;.00nan;0;0
62928;3066;33;76;45;4;41;.911;3600000;0
62928;3318;44;31;33;7;26;.788;2993000;0
62930;2499;37;0;0;0;0;.00nan;0;0
62930;2809;47;98;43;2;41;.953;3567000;0
62930;3109;37;75;23;1;22;.957;3600000;0
62930;5740;47;0;0;0;0;.00nan;0;0
62932;863;62;73;30;2;28;.933;3600000;0
62932;2720;58;0;0;0;0;.00nan;0;0
62932;3395;58;57;29;4;25;.862;3549000;0
62932;3656;62;0;0;0;0;.00nan;0;0
62934;650;53;0;0;0;0;.00nan;0;0
62934;1242;53;94;43;2;41;.953;3744000;0
62934;1919;34;91;32;1;31;.969;3744000;0
62934;6545;34;0;0;0;0;.00nan;0;0
62936;283;41;51;21;3;18;.857;3600000;0
62936;2746;32;79;38;4;34;.895;3546000;0
62936;3240;32;0;0;0;0;.00nan;0;0
62936;3894;41;0;0;0;0;.00nan;0;0
62938;526;123;0;0;0;0;.00nan;0;0
62938;1481;153;0;0;0;0;.00nan;0;0
62938;1835;123;61;48;5;43;.896;3563000;0
62938;1852;153;79;38;3;35;.921;3600000;0
62940;1371;45;0;0;0;0;.00nan;0;0
62940;1614;45;74;39;3;36;.923;3546000;0
62940;2720;58;0;0;0;0;.00nan;0;0
62940;3395;58;87;32;1;31;.969;3600000;0
62942;977;155;0;0;0;0;.00nan;0;0
62942;1351;54;0;0;0;0;.00nan;0;0
62942;2689;54;84;26;1;25;.962;3600000;0
62942;2921;155;71;30;3;27;.900;3529000;0
62944;294;50;0;0;0;0;.00nan;0;0
62944;704;36;17;28;7;21;.750;3161000;0
62944;1893;36;59;5;0;5;1.000;439000;0
62944;2896;50;68;22;2;20;.909;3600000;0
62946;650;53;93;41;3;38;.927;3600000;0
62946;1242;53;0;0;0;0;.00nan;0;0
62946;1919;34;0;0;0;0;.00nan;0;0
62946;6545;34;94;22;0;22;1.000;3600000;0
62948;1666;55;0;0;0;0;.00nan;0;0
62948;2809;47;0;0;0;0;.00nan;0;0
62948;3319;55;70;34;3;31;.912;3600000;0
62948;5740;47;93;58;5;53;.914;3600000;0
62950;613;38;63;27;3;24;.889;3600000;0
62950;665;125;0;0;0;0;.00nan;0;0
62950;1955;38;0;0;0;0;.00nan;0;0
62950;5810;125;42;25;4;21;.840;3600000;0
62952;442;57;0;0;0;0;.00nan;0;0
62952;1130;40;20;10;4;6;.600;740000;0
62952;3756;57;57;17;2;15;.882;3600000;0
62952;5923;40;79;31;2;29;.935;2860000;0
62954;2127;59;91;23;0;23;1.000;3600000;0
62954;2664;43;33;11;3;8;.727;580000;0
62954;4868;59;0;0;0;0;.00nan;0;0
62954;5949;43;40;31;5;26;.839;3020000;0
62956;102;60;85;32;1;31;.969;3600000;0
62956;1218;60;0;0;0;0;.00nan;0;0
62956;1547;48;0;0;0;0;.00nan;0;0
62956;3220;48;91;23;0;23;1.000;3600000;0
62958;863;62;0;0;0;0;.00nan;0;0
62958;864;33;88;43;3;40;.930;3900000;0
62958;3066;33;0;0;0;0;.00nan;0;0
62958;3656;62;66;21;3;18;.857;3886000;0
62960;8;44;0;0;0;0;.00nan;0;0
62960;2499;37;84;40;3;37;.925;3600000;0
62960;3109;37;0;0;0;0;.00nan;0;0
62960;3318;44;45;35;5;30;.857;3578000;0
62962;1130;40;76;38;3;35;.921;3514000;0
62962;2720;58;92;37;1;36;.973;3600000;0
62962;3395;58;0;0;0;0;.00nan;0;0
62962;5923;40;0;0;0;0;.00nan;0;0
62964;102;60;0;0;0;0;.00nan;0;0
62964;1218;60;66;34;4;30;.882;3894000;0
62964;2499;37;0;0;0;0;.00nan;0;0
62964;3109;37;91;46;3;43;.935;3894000;0
62966;442;57;70;34;3;31;.912;3600000;0
62966;650;53;0;0;0;0;.00nan;0;0
62966;1242;53;65;37;5;32;.865;3516000;0
62966;3756;57;0;0;0;0;.00nan;0;0
62968;864;33;0;0;0;0;.00nan;0;0
62968;1666;55;78;26;2;24;.923;3600000;0
62968;3066;33;85;46;4;42;.913;3553000;0
62968;3319;55;0;0;0;0;.00nan;0;0
62970;294;50;52;27;4;23;.852;3600000;0
62970;1481;153;82;27;1;26;.963;3600000;0
62970;1852;153;0;0;0;0;.00nan;0;0
62970;2896;50;0;0;0;0;.00nan;0;0
62972;665;125;32;31;6;25;.806;3279000;0
62972;863;62;100;24;0;24;1.000;3600000;0
62972;3656;62;0;0;0;0;.00nan;0;0
62972;5810;125;54;4;0;4;1.000;321000;0
62974;1547;48;48;32;5;27;.844;3562000;0
62974;2746;32;0;0;0;0;.00nan;0;0
62974;3220;48;0;0;0;0;.00nan;0;0
62974;3240;32;41;24;4;20;.833;3600000;0
62976;283;41;0;0;0;0;.00nan;0;0
62976;1371;45;28;31;6;25;.806;3569000;0
62976;1614;45;0;0;0;0;.00nan;0;0
62976;3894;41;64;36;4;32;.889;3600000;0
62978;977;155;100;23;0;23;1.000;3600000;0
62978;2664;43;49;36;6;30;.833;3600000;0
62978;2921;155;0;0;0;0;.00nan;0;0
62978;5949;43;0;0;0;0;.00nan;0;0
62980;526;123;62;24;3;21;.875;3600000;0
62980;704;36;58;4;0;4;1.000;311000;0
62980;1835;123;0;0;0;0;.00nan;0;0
62980;1893;36;48;32;6;26;.813;3289000;0
62982;613;38;0;0;0;0;.00nan;0;0
62982;1919;34;0;0;0;0;.00nan;0;0
62982;1955;38;90;39;2;37;.949;3900000;0
62982;6545;34;77;24;2;22;.917;3900000;0
62984;167;56;62;16;1;15;.938;3600000;0
62984;1331;56;0;0;0;0;.00nan;0;0
62984;2809;47;88;46;4;42;.913;3600000;0
62984;5740;47;0;0;0;0;.00nan;0;0
62986;8;44;18;21;6;15;.714;3600000;0
62986;1351;54;77;36;3;33;.917;3600000;0
62986;2689;54;0;0;0;0;.00nan;0;0
62986;3318;44;0;0;0;0;.00nan;0;0
62988;1919;34;74;30;2;28;.933;3572000;0
62988;2499;37;0;0;0;0;.00nan;0;0
62988;3109;37;99;32;1;31;.969;3600000;0
62988;6545;34;0;0;0;0;.00nan;0;0
62990;650;53;92;50;3;47;.940;3600000;0
62990;977;155;73;22;1;21;.955;3600000;0
62990;1242;53;0;0;0;0;.00nan;0;0
62990;2921;155;0;0;0;0;.00nan;0;0
62992;2664;43;71;28;3;25;.893;3600000;0
62992;2809;47;0;0;0;0;.00nan;0;0
62992;5740;47;50;28;4;24;.857;3550000;0
62992;5949;43;0;0;0;0;.00nan;0;0
62994;294;50;0;0;0;0;.00nan;0;0
62994;2720;58;52;31;5;26;.839;3600000;0
62994;2896;50;90;37;2;35;.946;3600000;0
62994;3395;58;0;0;0;0;.00nan;0;0
62996;283;41;90;48;3;45;.938;3600000;0
62996;863;62;43;30;5;25;.833;3552000;0
62996;3656;62;0;0;0;0;.00nan;0;0
62996;3894;41;0;0;0;0;.00nan;0;0
62998;102;60;91;35;1;34;.971;3600000;0
62998;1218;60;0;0;0;0;.00nan;0;0
62998;2127;59;56;33;4;29;.879;3600000;0
62998;4868;59;0;0;0;0;.00nan;0;0
63000;8;44;0;0;0;0;.00nan;0;0
63000;665;125;58;11;1;10;.909;1278000;0
63000;3318;44;65;41;5;36;.878;3600000;0
63000;5810;125;13;17;6;11;.647;2255000;0
63002;526;123;0;0;0;0;.00nan;0;0
63002;1835;123;38;37;7;30;.811;3550000;0
63002;2746;32;0;0;0;0;.00nan;0;0
63002;3240;32;50;36;5;31;.861;3600000;0
63004;704;36;0;0;0;0;.00nan;0;0
63004;1481;153;0;0;0;0;.00nan;0;0
63004;1852;153;56;27;3;24;.889;3600000;0
63004;1893;36;61;40;5;35;.875;3600000;0
63006;442;57;0;0;0;0;.00nan;0;0
63006;1371;45;0;0;0;0;.00nan;0;0
63006;1614;45;46;27;5;22;.815;3600000;0
63006;3756;57;100;41;1;40;.976;3600000;0
63008;1130;40;52;29;4;25;.862;3600000;0
63008;1547;48;73;23;1;22;.957;3600000;0
63008;3220;48;0;0;0;0;.00nan;0;0
63008;5923;40;0;0;0;0;.00nan;0;0
63010;864;33;0;0;0;0;.00nan;0;0
63010;1666;55;0;0;0;0;.00nan;0;0
63010;3066;33;61;23;2;21;.913;3544000;0
63010;3319;55;93;27;1;26;.963;3600000;0
63012;167;56;74;24;1;23;.958;3600000;0
63012;613;38;23;31;7;24;.774;3600000;0
63012;1331;56;0;0;0;0;.00nan;0;0
63012;1955;38;0;0;0;0;.00nan;0;0
63014;704;36;66;31;2;29;.935;3512000;0
63014;1893;36;0;0;0;0;.00nan;0;0
63014;2720;58;0;0;0;0;.00nan;0;0
63014;3395;58;100;29;0;29;1.000;3600000;0
63016;650;53;64;29;4;25;.862;3900000;0
63016;1242;53;0;0;0;0;.00nan;0;0
63016;2746;32;91;50;4;46;.920;3900000;0
63016;3240;32;0;0;0;0;.00nan;0;0
63018;526;123;0;0;0;0;.00nan;0;0
63018;863;62;0;0;0;0;.00nan;0;0
63018;1835;123;84;35;2;33;.943;3600000;0
63018;3656;62;63;35;4;31;.886;3600000;0
63020;1481;153;0;0;0;0;.00nan;0;0
63020;1547;48;0;0;0;0;.00nan;0;0
63020;1852;153;73;26;3;23;.885;3900000;0
63020;3220;48;97;53;3;50;.943;3900000;0
63022;102;60;73;33;4;29;.879;3600000;0
63022;665;125;59;24;3;21;.875;2718000;0
63022;1218;60;0;0;0;0;.00nan;0;0
63022;5810;125;23;13;4;9;.692;882000;0
63024;167;56;0;0;0;0;.00nan;0;0
63024;294;50;0;0;0;0;.00nan;0;0
63024;1331;56;79;27;1;26;.963;3600000;0
63024;2896;50;89;52;3;49;.942;3574000;0
63026;1371;45;0;0;0;0;.00nan;0;0
63026;1614;45;46;21;3;18;.857;3600000;0
63026;2499;37;0;0;0;0;.00nan;0;0
63026;3109;37;80;44;4;40;.909;3564000;0
63028;2127;59;74;28;1;27;.964;3600000;0
63028;2664;43;0;0;0;0;.00nan;0;0
63028;4868;59;0;0;0;0;.00nan;0;0
63028;5949;43;32;29;5;24;.828;3600000;0
63030;1130;40;90;44;2;42;.955;3600000;0
63030;1351;54;39;25;4;21;.840;3594000;0
63030;2689;54;0;0;0;0;.00nan;0;0
63030;5923;40;0;0;0;0;.00nan;0;0
63032;283;41;54;33;4;29;.879;3900000;0
63032;864;33;67;41;4;37;.902;3900000;0
63032;3066;33;0;0;0;0;.00nan;0;0
63032;3894;41;0;0;0;0;.00nan;0;0
63034;1666;55;100;25;0;25;1.000;3600000;0
63034;1919;34;0;0;0;0;.00nan;0;0
63034;3319;55;0;0;0;0;.00nan;0;0
63034;6545;34;34;49;8;41;.837;3600000;0
63036;977;155;0;0;0;0;.00nan;0;0
63036;2809;47;62;46;6;40;.870;3600000;0
63036;2921;155;98;19;0;19;1.000;3600000;0
63036;5740;47;0;0;0;0;.00nan;0;0
63038;8;44;58;28;3;25;.893;3665000;0
63038;442;57;0;0;0;0;.00nan;0;0
63038;3318;44;0;0;0;0;.00nan;0;0
63038;3756;57;76;37;4;33;.892;3665000;0
63040;650;53;0;0;0;0;.00nan;0;0
63040;704;36;0;0;0;0;.00nan;0;0
63040;1242;53;100;32;0;32;1.000;3600000;0
63040;1893;36;88;44;3;41;.932;3600000;0
63042;2499;37;61;30;3;27;.900;3565000;0
63042;2720;58;0;0;0;0;.00nan;0;0
63042;3109;37;0;0;0;0;.00nan;0;0
63042;3395;58;86;30;2;28;.933;3600000;0
63044;167;56;77;36;3;33;.917;3600000;0
63044;863;62;36;25;5;20;.800;3548000;0
63044;1331;56;0;0;0;0;.00nan;0;0
63044;3656;62;0;0;0;0;.00nan;0;0
63046;2664;43;94;37;1;36;.973;3600000;0
63046;2809;47;0;0;0;0;.00nan;0;0
63046;5740;47;55;46;6;40;.870;3600000;0
63046;5949;43;0;0;0;0;.00nan;0;0
63048;102;60;45;5;1;4;.800;877000;0
63048;294;50;69;37;4;33;.892;3600000;0
63048;1218;60;28;29;6;23;.793;2723000;0
63048;2896;50;0;0;0;0;.00nan;0;0
63050;8;44;0;0;0;0;.00nan;0;0
63050;613;38;53;31;4;27;.871;2144000;0
63050;1955;38;41;8;2;6;.750;1456000;0
63050;3318;44;90;30;1;29;.967;3600000;0
63052;442;57;82;38;2;36;.947;3563000;0
63052;977;155;0;0;0;0;.00nan;0;0
63052;2921;155;87;19;0;19;1.000;3600000;0
63052;3756;57;0;0;0;0;.00nan;0;0
63054;1547;48;100;20;0;20;1.000;3600000;0
63054;1666;55;66;41;5;36;.878;3600000;0
63054;3220;48;0;0;0;0;.00nan;0;0
63054;3319;55;0;0;0;0;.00nan;0;0
63056;1371;45;59;37;5;32;.865;3600000;0
63056;1614;45;0;0;0;0;.00nan;0;0
63056;2746;32;0;0;0;0;.00nan;0;0
63056;3240;32;67;33;3;30;.909;3600000;0
63058;283;41;0;0;0;0;.00nan;0;0
63058;1351;54;0;0;0;0;.00nan;0;0
63058;2689;54;56;22;3;19;.864;3900000;0
63058;3894;41;100;48;3;45;.938;3900000;0
63060;526;123;51;22;3;19;.864;3600000;0
63060;1130;40;0;0;0;0;.00nan;0;0
63060;1835;123;0;0;0;0;.00nan;0;0
63060;5923;40;69;40;4;36;.900;3543000;0
63062;864;33;0;0;0;0;.00nan;0;0
63062;1919;34;91;39;3;36;.923;3683000;0
63062;3066;33;82;43;4;39;.907;3683000;0
63062;6545;34;0;0;0;0;.00nan;0;0
63064;665;125;0;0;0;0;.00nan;0;0
63064;1481;153;36;21;4;17;.810;1192000;0
63064;1852;153;61;31;4;27;.871;2408000;0
63064;5810;125;94;24;0;24;1.000;3600000;0
54438;8165;88;55;40;5;35;.875;3583000;0
54438;8320;93;74;47;4;43;.915;3600000;0
54438;9273;93;0;0;0;0;.00nan;0;0
54438;9944;88;0;0;0;0;.00nan;0;0
54439;8794;90;0;0;0;0;.00nan;0;0
54439;8869;92;0;0;0;0;.00nan;0;0
54439;9227;90;40;19;4;15;.789;3600000;0
54439;9379;92;72;46;5;41;.891;3587000;0
54440;6581;98;0;0;0;0;.00nan;0;0
54440;7716;89;61;45;5;40;.889;3600000;0
54440;9226;89;0;0;0;0;.00nan;0;0
54440;9367;98;88;26;1;25;.962;3600000;0
54441;7654;97;0;0;0;0;.00nan;0;0
54441;7666;97;82;38;3;35;.921;3588000;0
54441;8322;86;0;0;0;0;.00nan;0;0
54441;9287;86;76;25;2;23;.920;3600000;0
54442;6581;98;0;0;0;0;.00nan;0;0
54442;7142;85;0;0;0;0;.00nan;0;0
54442;9353;85;68;23;2;21;.913;3900000;0
54442;9367;98;85;35;2;33;.943;3900000;0
54443;7735;96;0;0;0;0;.00nan;0;0
54443;8745;102;64;25;2;23;.920;3600000;0
54443;8820;96;43;35;5;30;.857;3600000;0
54443;8847;102;0;0;0;0;.00nan;0;0
54444;7078;99;88;43;2;41;.953;3600000;0
54444;7218;99;0;0;0;0;.00nan;0;0
54444;9245;95;0;0;0;0;.00nan;0;0
54444;9279;95;37;32;6;26;.813;3600000;0
54445;6687;87;51;28;4;24;.857;3563000;0
54445;7717;87;0;0;0;0;.00nan;0;0
54445;8165;88;77;37;3;34;.919;3600000;0
54445;9944;88;0;0;0;0;.00nan;0;0
54446;7630;94;0;0;0;0;.00nan;0;0
54446;8236;101;39;33;6;27;.818;3032000;0
54446;8314;94;50;23;3;20;.870;3600000;0
54446;8875;101;48;8;1;7;.875;568000;0
54447;8320;93;0;0;0;0;.00nan;0;0
54447;8768;91;83;40;1;39;.975;3600000;0
54447;9273;93;73;48;4;44;.917;3600000;0
54447;9274;91;0;0;0;0;.00nan;0;0
54448;8794;90;96;38;1;37;.974;2577000;0
54448;9227;90;17;7;4;3;.429;1023000;0
54448;9291;104;0;0;0;0;.00nan;0;0
54448;9943;104;61;21;2;19;.905;3600000;0
54449;7078;99;0;0;0;0;.00nan;0;0
54449;7218;99;50;16;2;14;.875;3600000;0
54449;7735;96;17;15;5;10;.667;1000000;0
54449;8820;96;26;23;5;18;.783;2600000;0
54450;7716;89;84;38;2;36;.947;2754000;0
54450;8322;86;35;19;4;15;.789;3600000;0
54450;9226;89;28;13;4;9;.692;783000;0
54450;9287;86;0;0;0;0;.00nan;0;0
54451;7211;103;0;0;0;0;.00nan;0;0
54451;7215;103;51;11;2;9;.818;3600000;0
54451;7654;97;98;71;4;67;.944;3570000;0
54451;7666;97;0;0;0;0;.00nan;0;0
54452;7630;94;45;19;3;16;.842;3600000;0
54452;8236;101;41;30;5;25;.833;3517000;0
54452;8314;94;0;0;0;0;.00nan;0;0
54452;8875;101;0;0;0;0;.00nan;0;0
54453;7749;100;0;0;0;0;.00nan;0;0
54453;8745;102;42;16;3;13;.813;3600000;0
54453;8847;102;0;0;0;0;.00nan;0;0
54453;9275;100;59;47;6;41;.872;3600000;0
54454;8768;91;96;26;0;26;1.000;3600000;0
54454;8869;92;0;0;0;0;.00nan;0;0
54454;9274;91;0;0;0;0;.00nan;0;0
54454;9379;92;67;60;7;53;.883;3600000;0
54455;7142;85;0;0;0;0;.00nan;0;0
54455;8165;88;79;21;1;20;.952;3600000;0
54455;9353;85;55;39;5;34;.872;3600000;0
54455;9944;88;0;0;0;0;.00nan;0;0
54456;6581;98;0;0;0;0;.00nan;0;0
54456;6687;87;39;17;4;13;.765;3550000;0
54456;7717;87;0;0;0;0;.00nan;0;0
54456;9367;98;99;38;2;36;.947;3600000;0
54457;7211;103;61;30;3;27;.900;3600000;0
54457;7215;103;0;0;0;0;.00nan;0;0
54457;8794;90;0;0;0;0;.00nan;0;0
54457;9227;90;61;41;4;37;.902;3553000;0
54458;8236;101;58;52;7;45;.865;3600000;0
54458;8875;101;0;0;0;0;.00nan;0;0
54458;9291;104;0;0;0;0;.00nan;0;0
54458;9943;104;49;18;2;16;.889;3600000;0
54459;8320;93;0;0;0;0;.00nan;0;0
54459;8794;90;0;0;0;0;.00nan;0;0
54459;9227;90;27;29;6;23;.793;3600000;0
54459;9273;93;79;30;2;28;.933;3600000;0
54460;7630;94;0;0;0;0;.00nan;0;0
54460;7716;89;78;43;3;40;.930;3600000;0
54460;8314;94;37;39;6;33;.846;3600000;0
54460;9226;89;0;0;0;0;.00nan;0;0
54461;7749;100;0;0;0;0;.00nan;0;0
54461;8768;91;30;27;5;22;.815;3600000;0
54461;9274;91;0;0;0;0;.00nan;0;0
54461;9275;100;76;39;2;37;.949;3600000;0
54462;7654;97;0;0;0;0;.00nan;0;0
54462;7666;97;49;40;6;34;.850;3837000;0
54462;9291;104;40;27;5;22;.815;3837000;0
54462;9943;104;0;0;0;0;.00nan;0;0
54463;7142;85;0;0;0;0;.00nan;0;0
54463;7630;94;32;36;7;29;.806;3230000;0
54463;8314;94;49;2;0;2;1.000;370000;0
54463;9353;85;55;24;3;21;.875;3600000;0
54464;8236;101;62;50;6;44;.880;3557000;0
54464;8875;101;0;0;0;0;.00nan;0;0
54464;9245;95;0;0;0;0;.00nan;0;0
54464;9279;95;45;25;4;21;.840;3600000;0
54465;6581;98;0;0;0;0;.00nan;0;0
54465;8869;92;0;0;0;0;.00nan;0;0
54465;9367;98;64;33;4;29;.879;3600000;0
54465;9379;92;81;35;2;33;.943;3600000;0
54466;8165;88;32;16;4;12;.750;3600000;0
54466;8794;90;40;37;6;31;.838;3325000;0
54466;9227;90;56;2;0;2;1.000;256000;0
54466;9944;88;0;0;0;0;.00nan;0;0
54467;6687;87;38;23;5;18;.783;3600000;0
54467;7717;87;0;0;0;0;.00nan;0;0
54467;7735;96;0;0;0;0;.00nan;0;0
54467;8820;96;76;29;2;27;.931;3600000;0
54468;7078;99;70;37;4;33;.892;3600000;0
54468;7218;99;0;0;0;0;.00nan;0;0
54468;8322;86;62;15;1;14;.933;1263000;0
54468;9287;86;47;24;4;20;.833;2301000;0
54469;7211;103;70;25;2;23;.920;3600000;0
54469;7215;103;0;0;0;0;.00nan;0;0
54469;8745;102;92;51;3;48;.941;3582000;0
54469;8847;102;0;0;0;0;.00nan;0;0
54470;7716;89;51;25;3;22;.880;3065000;0
54470;8320;93;25;5;3;2;.400;441000;0
54470;9226;89;31;10;3;7;.700;512000;0
54470;9273;93;92;37;2;35;.946;3159000;0
54471;6581;98;0;0;0;0;.00nan;0;0
54471;9245;95;0;0;0;0;.00nan;0;0
54471;9279;95;75;28;2;26;.929;3600000;0
54471;9367;98;60;32;4;28;.875;3539000;0
54472;8768;91;46;45;7;38;.844;3634000;0
54472;9274;91;0;0;0;0;.00nan;0;0
54472;9291;104;0;0;0;0;.00nan;0;0
54472;9943;104;39;33;6;27;.818;3634000;0
54473;8165;88;61;40;5;35;.875;3559000;0
54473;8322;86;0;0;0;0;.00nan;0;0
54473;9287;86;52;31;4;27;.871;3600000;0
54473;9944;88;0;0;0;0;.00nan;0;0
54474;7654;97;28;7;3;4;.571;327000;0
54474;7666;97;43;43;7;36;.837;3273000;0
54474;8794;90;0;0;0;0;.00nan;0;0
54474;9227;90;60;31;4;27;.871;3600000;0
54475;6687;87;50;30;4;26;.867;3900000;0
54475;7630;94;0;0;0;0;.00nan;0;0
54475;7717;87;0;0;0;0;.00nan;0;0
54475;8314;94;78;36;4;32;.889;3900000;0
54476;7078;99;59;19;3;16;.842;3600000;0
54476;7218;99;0;0;0;0;.00nan;0;0
54476;8869;92;0;0;0;0;.00nan;0;0
54476;9379;92;83;39;4;35;.897;3595000;0
54477;7211;103;0;0;0;0;.00nan;0;0
54477;7215;103;58;25;3;22;.880;3600000;0
54477;7749;100;0;0;0;0;.00nan;0;0
54477;9275;100;62;40;5;35;.875;3570000;0
54478;7142;85;0;0;0;0;.00nan;0;0
54478;7735;96;21;23;6;17;.739;1921000;0
54478;8820;96;60;9;0;9;1.000;1679000;0
54478;9353;85;73;33;2;31;.939;3600000;0
54479;7211;103;73;37;4;33;.892;3598000;0
54479;7215;103;0;0;0;0;.00nan;0;0
54479;8768;91;0;0;0;0;.00nan;0;0
54479;9274;91;73;29;3;26;.897;3600000;0
54480;8236;101;80;38;2;36;.947;3900000;0
54480;8745;102;69;27;2;25;.926;3900000;0
54480;8847;102;0;0;0;0;.00nan;0;0
54480;8875;101;0;0;0;0;.00nan;0;0
54481;7749;100;67;18;1;17;.944;1778000;0
54481;8236;101;63;43;5;38;.884;3600000;0
54481;8875;101;0;0;0;0;.00nan;0;0
54481;9275;100;5;16;6;10;.625;1822000;0
54482;7078;99;54;38;5;33;.868;3642000;0
54482;7218;99;0;0;0;0;.00nan;0;0
54482;8745;102;69;7;0;7;1.000;1276000;0
54482;8847;102;35;16;4;12;.750;2366000;0
54483;7630;94;0;0;0;0;.00nan;0;0
54483;7716;89;61;38;4;34;.895;3900000;0
54483;8314;94;67;43;4;39;.907;3900000;0
54483;9226;89;0;0;0;0;.00nan;0;0
54484;6581;98;0;0;0;0;.00nan;0;0
54484;9291;104;0;0;0;0;.00nan;0;0
54484;9367;98;74;33;3;30;.909;3867000;0
54484;9943;104;72;30;2;28;.933;3867000;0
54485;7211;103;0;0;0;0;.00nan;0;0
54485;7215;103;54;20;2;18;.900;3600000;0
54485;7654;97;75;42;4;38;.905;3531000;0
54485;7666;97;0;0;0;0;.00nan;0;0
54486;7142;85;53;3;0;3;1.000;340000;0
54486;8322;86;0;0;0;0;.00nan;0;0
54486;9287;86;90;39;2;37;.949;3600000;0
54486;9353;85;22;26;6;20;.769;3260000;0
54487;7078;99;39;16;4;12;.750;2266000;0
54487;7218;99;63;9;0;9;1.000;1334000;0
54487;7735;96;62;30;3;27;.900;2641000;0
54487;8820;96;26;15;4;11;.733;959000;0
54488;8869;92;0;0;0;0;.00nan;0;0
54488;9245;95;0;0;0;0;.00nan;0;0
54488;9279;95;41;26;4;22;.846;3600000;0
54488;9379;92;60;42;5;37;.881;3600000;0
54489;6687;87;65;33;3;30;.909;3552000;0
54489;7717;87;0;0;0;0;.00nan;0;0
54489;8165;88;82;23;1;22;.957;3600000;0
54489;9944;88;0;0;0;0;.00nan;0;0
54490;7749;100;0;0;0;0;.00nan;0;0
54490;8745;102;75;36;3;33;.917;3900000;0
54490;8847;102;0;0;0;0;.00nan;0;0
54490;9275;100;53;24;3;21;.875;3900000;0
54491;7716;89;0;0;0;0;.00nan;0;0
54491;8236;101;78;27;2;25;.926;3600000;0
54491;8875;101;0;0;0;0;.00nan;0;0
54491;9226;89;54;36;5;31;.861;3600000;0
54492;8320;93;60;10;0;10;1.000;1723000;0
54492;8768;91;0;0;0;0;.00nan;0;0
54492;9273;93;32;26;6;20;.769;1877000;0
54492;9274;91;48;21;3;18;.857;3600000;0
54493;6581;98;96;52;3;49;.942;3513000;0
54493;7211;103;76;23;1;22;.957;3600000;0
54493;7215;103;0;0;0;0;.00nan;0;0
54493;9367;98;0;0;0;0;.00nan;0;0
54494;7142;85;43;17;3;14;.824;3600000;0
54494;7654;97;0;0;0;0;.00nan;0;0
54494;7666;97;47;26;4;22;.846;3600000;0
54494;9353;85;0;0;0;0;.00nan;0;0
54495;8165;88;60;14;1;13;.929;3600000;0
54495;8869;92;0;0;0;0;.00nan;0;0
54495;9379;92;97;56;3;53;.946;3560000;0
54495;9944;88;0;0;0;0;.00nan;0;0
54496;8794;90;0;0;0;0;.00nan;0;0
54496;9227;90;59;37;4;33;.892;3900000;0
54496;9291;104;74;41;4;37;.902;3900000;0
54496;9943;104;0;0;0;0;.00nan;0;0
54497;7078;99;0;0;0;0;.00nan;0;0
54497;7218;99;50;27;4;23;.852;3554000;0
54497;7749;100;68;30;3;27;.900;3600000;0
54497;9275;100;0;0;0;0;.00nan;0;0
54498;8236;101;0;0;0;0;.00nan;0;0
54498;8320;93;0;0;0;0;.00nan;0;0
54498;8875;101;77;41;3;38;.927;3624000;0
54498;9273;93;53;31;4;27;.871;3624000;0
54499;8322;86;0;0;0;0;.00nan;0;0
54499;9245;95;0;0;0;0;.00nan;0;0
54499;9279;95;54;25;3;22;.880;3600000;0
54499;9287;86;22;33;7;26;.788;3600000;0
54500;7735;96;70;19;1;18;.947;2580000;0
54500;8820;96;26;11;4;7;.636;1020000;0
54500;9291;104;0;0;0;0;.00nan;0;0
54500;9943;104;66;45;4;41;.911;3600000;0
54501;8745;102;59;16;2;14;.875;3600000;0
54501;8847;102;0;0;0;0;.00nan;0;0
54501;8869;92;0;0;0;0;.00nan;0;0
54501;9379;92;43;48;8;40;.833;3600000;0
54502;6687;87;78;29;2;27;.931;3600000;0
54502;7654;97;49;29;4;25;.862;3560000;0
54502;7666;97;0;0;0;0;.00nan;0;0
54502;7717;87;0;0;0;0;.00nan;0;0
54503;7716;89;69;55;6;49;.891;3552000;0
54503;8768;91;0;0;0;0;.00nan;0;0
54503;9226;89;0;0;0;0;.00nan;0;0
54503;9274;91;35;15;4;11;.733;3600000;0
54504;8745;102;78;33;2;31;.939;3900000;0
54504;8847;102;0;0;0;0;.00nan;0;0
54504;9291;104;0;0;0;0;.00nan;0;0
54504;9943;104;84;44;2;42;.955;3900000;0
54505;7078;99;71;34;3;31;.912;3888000;0
54505;7218;99;0;0;0;0;.00nan;0;0
54505;9245;95;0;0;0;0;.00nan;0;0
54505;9279;95;60;33;3;30;.909;3900000;0
54506;6581;98;0;0;0;0;.00nan;0;0
54506;8794;90;0;0;0;0;.00nan;0;0
54506;9227;90;52;35;4;31;.886;3600000;0
54506;9367;98;81;40;3;37;.925;3600000;0
54507;6687;87;62;39;4;35;.897;3642000;0
54507;7630;94;0;0;0;0;.00nan;0;0
54507;7717;87;0;0;0;0;.00nan;0;0
54507;8882;94;72;36;3;33;.917;3641000;0
54508;7142;85;0;0;0;0;.00nan;0;0
54508;7716;89;58;50;5;45;.900;3600000;0
54508;9226;89;0;0;0;0;.00nan;0;0
54508;9353;85;38;15;3;12;.800;3600000;0
54509;7211;103;0;0;0;0;.00nan;0;0
54509;7215;103;52;27;3;24;.889;3600000;0
54509;7749;100;0;0;0;0;.00nan;0;0
54509;9275;100;28;46;8;38;.826;3600000;0
54510;6581;98;0;0;0;0;.00nan;0;0
54510;7078;99;46;29;4;25;.862;3600000;0
54510;7218;99;0;0;0;0;.00nan;0;0
54510;9367;98;49;30;5;25;.833;3587000;0
54511;7654;97;0;0;0;0;.00nan;0;0
54511;7666;97;64;37;4;33;.892;3600000;0
54511;8165;88;13;25;7;18;.720;3600000;0
54511;9944;88;0;0;0;0;.00nan;0;0
54512;7142;85;57;26;3;23;.885;3600000;0
54512;7716;89;51;39;5;34;.872;3579000;0
54512;9226;89;0;0;0;0;.00nan;0;0
54512;9353;85;0;0;0;0;.00nan;0;0
54513;7735;96;23;5;3;2;.400;955000;0
54513;8768;91;0;0;0;0;.00nan;0;0
54513;8820;96;31;31;6;25;.806;2645000;0
54513;9274;91;38;27;5;22;.815;3600000;0
54514;7211;103;31;8;3;5;.625;352000;0
54514;7215;103;56;18;2;16;.889;3248000;0
54514;9245;95;47;16;3;13;.813;1394000;0
54514;9279;95;34;24;5;19;.792;2206000;0
54515;8322;86;0;0;0;0;.00nan;0;0
54515;8869;92;0;0;0;0;.00nan;0;0
54515;9287;86;54;31;4;27;.871;3600000;0
54515;9379;92;55;40;5;35;.875;3600000;0
54516;8745;102;41;28;5;23;.821;3600000;0
54516;8847;102;0;0;0;0;.00nan;0;0
54516;9291;104;37;15;3;12;.800;1262000;0
54516;9943;104;11;26;7;19;.731;2338000;0
54517;6687;87;67;38;5;33;.868;3851000;0
54517;7717;87;0;0;0;0;.00nan;0;0
54517;8236;101;55;31;4;27;.871;3851000;0
54517;8875;101;0;0;0;0;.00nan;0;0
54518;8320;93;0;0;0;0;.00nan;0;0
54518;8869;92;0;0;0;0;.00nan;0;0
54518;9273;93;40;23;4;19;.826;3684000;0
54518;9379;92;58;34;5;29;.853;3684000;0
54519;6581;98;45;40;6;34;.850;3600000;0
54519;7078;99;0;0;0;0;.00nan;0;0
54519;7218;99;59;19;2;17;.895;3600000;0
54519;9367;98;0;0;0;0;.00nan;0;0
54520;7749;100;58;13;1;12;.923;2320000;0
54520;9275;100;20;9;4;5;.556;1194000;0
54520;9291;104;78;40;3;37;.925;3600000;0
54520;9943;104;0;0;0;0;.00nan;0;0
54521;7654;97;100;32;0;32;1.000;3600000;0
54521;7666;97;0;0;0;0;.00nan;0;0
54521;7735;96;74;30;2;28;.933;3528000;0
54521;8820;96;0;0;0;0;.00nan;0;0
54522;7716;89;28;31;6;25;.806;2732000;0
54522;8322;86;89;17;0;17;1.000;3600000;0
54522;9226;89;65;10;0;10;1.000;868000;0
54522;9287;86;0;0;0;0;.00nan;0;0
54523;7211;103;41;23;5;18;.783;3573000;0
54523;7215;103;0;0;0;0;.00nan;0;0
54523;9245;95;0;0;0;0;.00nan;0;0
54523;9279;95;61;32;3;29;.906;3600000;0
54524;8745;102;57;5;0;5;1.000;888000;0
54524;8794;90;0;0;0;0;.00nan;0;0
54524;8847;102;12;18;6;12;.667;2712000;0
54524;9227;90;67;34;3;31;.912;3600000;0
54525;7630;94;0;0;0;0;.00nan;0;0
54525;8320;93;50;35;5;30;.857;3547000;0
54525;8882;94;42;22;4;18;.818;3600000;0
54525;9273;93;0;0;0;0;.00nan;0;0
54526;7142;85;0;0;0;0;.00nan;0;0
54526;8165;88;68;34;3;31;.912;3600000;0
54526;9353;85;43;31;5;26;.839;3600000;0
54526;9944;88;0;0;0;0;.00nan;0;0
54527;6687;87;100;31;0;31;1.000;3600000;0
54527;7717;87;0;0;0;0;.00nan;0;0
54527;8768;91;0;0;0;0;.00nan;0;0
54527;9274;91;57;19;2;17;.895;3528000;0
54528;7749;100;0;0;0;0;.00nan;0;0
54528;8794;90;37;33;5;28;.848;3600000;0
54528;9227;90;0;0;0;0;.00nan;0;0
54528;9275;100;60;21;2;19;.905;3600000;0
54529;7654;97;41;22;4;18;.818;3554000;0
54529;7666;97;0;0;0;0;.00nan;0;0
54529;7735;96;0;0;0;0;.00nan;0;0
54529;8820;96;86;44;3;41;.932;3600000;0
54530;7211;103;56;26;3;23;.885;3600000;0
54530;7215;103;0;0;0;0;.00nan;0;0
54530;9291;104;56;32;4;28;.875;3258000;0
54530;9943;104;26;5;3;2;.400;342000;0
54531;7078;99;54;36;5;31;.861;3881000;0
54531;7218;99;0;0;0;0;.00nan;0;0
54531;8320;93;0;0;0;0;.00nan;0;0
54531;9273;93;52;44;6;38;.864;3881000;0
54532;8794;90;0;0;0;0;.00nan;0;0
54532;9227;90;71;43;4;39;.907;3566000;0
54532;9245;95;0;0;0;0;.00nan;0;0
54532;9279;95;73;28;2;26;.929;3600000;0
54533;7716;89;58;27;3;24;.889;3600000;0
54533;8236;101;14;20;6;14;.700;3600000;0
54533;8875;101;0;0;0;0;.00nan;0;0
54533;9226;89;0;0;0;0;.00nan;0;0
54534;7630;94;43;3;1;2;.667;303000;0
54534;7749;100;0;0;0;0;.00nan;0;0
54534;8882;94;23;27;6;21;.778;3297000;0
54534;9275;100;76;28;1;27;.964;3600000;0
54535;7654;97;0;0;0;0;.00nan;0;0
54535;7666;97;62;13;1;12;.923;3600000;0
54535;8869;92;30;24;5;19;.792;1966000;0
54535;9379;92;31;22;5;17;.773;1634000;0
54536;7142;85;0;0;0;0;.00nan;0;0
54536;8236;101;0;0;0;0;.00nan;0;0
54536;8875;101;30;34;7;27;.794;3562000;0
54536;9353;85;41;28;5;23;.821;3600000;0
54537;6581;98;0;0;0;0;.00nan;0;0
54537;7735;96;0;0;0;0;.00nan;0;0
54537;8820;96;42;16;3;13;.813;3600000;0
54537;9367;98;71;39;5;34;.872;3600000;0
54538;7630;94;45;41;5;36;.878;3600000;0
54538;8882;94;0;0;0;0;.00nan;0;0
54538;9245;95;50;23;4;19;.826;3600000;0
54538;9279;95;0;0;0;0;.00nan;0;0
54539;7749;100;47;33;5;28;.848;3544000;0
54539;8794;90;80;48;4;44;.917;3600000;0
54539;9227;90;0;0;0;0;.00nan;0;0
54539;9275;100;0;0;0;0;.00nan;0;0
54540;8165;88;55;41;5;36;.878;3900000;0
54540;8322;86;0;0;0;0;.00nan;0;0
54540;9287;86;36;28;5;23;.821;3900000;0
54540;9944;88;0;0;0;0;.00nan;0;0
54541;6687;87;83;37;3;34;.919;3600000;0
54541;7716;89;0;0;0;0;.00nan;0;0
54541;7717;87;0;0;0;0;.00nan;0;0
54541;9226;89;55;30;4;26;.867;3600000;0
54542;8745;102;83;25;1;24;.960;3600000;0
54542;8768;91;0;0;0;0;.00nan;0;0
54542;8847;102;0;0;0;0;.00nan;0;0
54542;9274;91;59;43;5;38;.884;3600000;0
54543;7142;85;62;30;3;27;.900;3600000;0
54543;8320;93;88;36;1;35;.972;2727000;0
54543;9273;93;16;7;4;3;.429;822000;0
54543;9353;85;0;0;0;0;.00nan;0;0
54544;6581;98;0;0;0;0;.00nan;0;0
54544;7749;100;0;0;0;0;.00nan;0;0
54544;9275;100;46;28;4;24;.857;3600000;0
54544;9367;98;70;40;5;35;.875;3592000;0
54545;8165;88;0;0;0;0;.00nan;0;0
54545;9291;104;0;0;0;0;.00nan;0;0
54545;9943;104;66;50;5;45;.900;3572000;0
54545;9944;88;54;23;3;20;.870;3600000;0
54546;8322;86;86;55;4;51;.927;3600000;0
54546;8745;102;56;19;2;17;.895;3600000;0
54546;8847;102;0;0;0;0;.00nan;0;0
54546;9287;86;0;0;0;0;.00nan;0;0
54547;8768;91;53;36;5;31;.861;3600000;0
54547;9245;95;51;2;0;2;1.000;865000;0
54547;9274;91;0;0;0;0;.00nan;0;0
54547;9279;95;38;33;6;27;.818;2684000;0
54548;7078;99;40;22;4;18;.818;3600000;0
54548;7218;99;0;0;0;0;.00nan;0;0
54548;7654;97;36;38;7;31;.816;3063000;0
54548;7666;97;50;1;0;1;1.000;537000;0
54549;7211;103;0;0;0;0;.00nan;0;0
54549;7215;103;63;15;1;14;.933;3600000;0
54549;8869;92;0;0;0;0;.00nan;0;0
54549;9379;92;98;66;6;60;.909;3600000;0
54550;6581;98;100;41;0;41;1.000;3600000;0
54550;7735;96;0;0;0;0;.00nan;0;0
54550;8820;96;62;27;3;24;.889;3600000;0
54550;9367;98;0;0;0;0;.00nan;0;0
54551;8869;92;0;0;0;0;.00nan;0;0
54551;9291;104;53;30;4;26;.867;3600000;0
54551;9379;92;61;44;5;39;.886;3600000;0
54551;9943;104;0;0;0;0;.00nan;0;0
54552;7630;94;0;0;0;0;.00nan;0;0
54552;7654;97;0;0;0;0;.00nan;0;0
54552;7666;97;54;36;4;32;.889;3595000;0
54552;8314;94;56;28;3;25;.893;3600000;0
54553;6687;87;38;14;3;11;.786;3512000;0
54553;7717;87;0;0;0;0;.00nan;0;0
54553;8236;101;74;28;1;27;.964;3600000;0
54553;8875;101;0;0;0;0;.00nan;0;0
54554;7078;99;0;0;0;0;.00nan;0;0
54554;7142;85;0;0;0;0;.00nan;0;0
54554;7218;99;33;28;6;22;.786;3559000;0
54554;9353;85;49;32;5;27;.844;3600000;0
54555;7211;103;73;22;1;21;.955;3600000;0
54555;7215;103;0;0;0;0;.00nan;0;0
54555;8165;88;51;23;3;20;.870;3528000;0
54555;9944;88;0;0;0;0;.00nan;0;0
54556;7654;97;0;0;0;0;.00nan;0;0
54556;7666;97;63;47;6;41;.872;3600000;0
54556;8745;102;94;24;0;24;1.000;3600000;0
54556;8847;102;0;0;0;0;.00nan;0;0
54557;8236;101;95;44;2;42;.955;3600000;0
54557;8768;91;0;0;0;0;.00nan;0;0
54557;8875;101;0;0;0;0;.00nan;0;0
54557;9274;91;51;25;4;21;.840;3600000;0
54558;7630;94;0;0;0;0;.00nan;0;0
54558;8314;94;60;34;4;30;.882;3585000;0
54558;8794;90;0;0;0;0;.00nan;0;0
54558;9227;90;53;22;3;19;.864;3600000;0
54559;7716;89;38;28;5;23;.821;3600000;0
54559;8320;93;34;4;2;2;.500;959000;0
54559;9226;89;0;0;0;0;.00nan;0;0
54559;9273;93;37;32;6;26;.813;2641000;0
54560;7142;85;0;0;0;0;.00nan;0;0
54560;7211;103;0;0;0;0;.00nan;0;0
54560;7215;103;43;22;4;18;.818;3900000;0
54560;9353;85;73;44;4;40;.909;3900000;0
54561;7749;100;0;0;0;0;.00nan;0;0
54561;8745;102;71;22;1;21;.955;3600000;0
54561;8847;102;0;0;0;0;.00nan;0;0
54561;9275;100;80;47;3;44;.936;3569000;0
54562;7142;85;49;27;4;23;.852;3600000;0
54562;9291;104;0;0;0;0;.00nan;0;0
54562;9353;85;0;0;0;0;.00nan;0;0
54562;9943;104;42;33;5;28;.848;3571000;0
54563;7630;94;20;25;6;19;.760;1740000;0
54563;8314;94;66;19;1;18;.947;1860000;0
54563;8322;86;0;0;0;0;.00nan;0;0
54563;9287;86;96;22;0;22;1.000;3600000;0
54564;7211;103;37;20;4;16;.800;3884000;0
54564;7215;103;0;0;0;0;.00nan;0;0
54564;7735;96;0;0;0;0;.00nan;0;0
54564;8820;96;74;44;3;41;.932;3884000;0
54565;6581;98;49;23;3;20;.870;1635000;0
54565;9245;95;0;0;0;0;.00nan;0;0
54565;9279;95;42;27;4;23;.852;3600000;0
54565;9367;98;21;15;5;10;.667;1965000;0
54566;7716;89;90;58;4;54;.931;3600000;0
54566;8165;88;70;21;1;20;.952;3600000;0
54566;9226;89;0;0;0;0;.00nan;0;0
54566;9944;88;0;0;0;0;.00nan;0;0
54567;6687;87;74;21;1;20;.952;3600000;0
54567;7717;87;0;0;0;0;.00nan;0;0
54567;8320;93;0;0;0;0;.00nan;0;0
54567;9273;93;63;39;5;34;.872;3600000;0
54568;7654;97;0;0;0;0;.00nan;0;0
54568;7666;97;68;38;5;33;.868;3600000;0
54568;8236;101;31;34;7;27;.794;3513000;0
54568;8875;101;0;0;0;0;.00nan;0;0
54569;8768;91;0;0;0;0;.00nan;0;0
54569;8794;90;52;4;0;4;1.000;380000;0
54569;9227;90;36;47;7;40;.851;3220000;0
54569;9274;91;44;23;4;19;.826;3600000;0
54570;6581;98;0;0;0;0;.00nan;0;0
54570;7630;94;0;0;0;0;.00nan;0;0
54570;8314;94;79;47;4;43;.915;3600000;0
54570;9367;98;46;33;5;28;.848;3549000;0
54571;7654;97;62;42;5;37;.881;3538000;0
54571;7666;97;0;0;0;0;.00nan;0;0
54571;9291;104;43;22;4;18;.818;3600000;0
54571;9943;104;0;0;0;0;.00nan;0;0
54572;7749;100;0;0;0;0;.00nan;0;0
54572;8869;92;0;0;0;0;.00nan;0;0
54572;9275;100;28;33;7;26;.788;3600000;0
54572;9379;92;89;35;2;33;.943;3600000;0
54573;7078;99;60;38;4;34;.895;3600000;0
54573;7218;99;0;0;0;0;.00nan;0;0
54573;9245;95;69;34;3;31;.912;3600000;0
54573;9279;95;0;0;0;0;.00nan;0;0
54574;8236;101;0;0;0;0;.00nan;0;0
54574;8794;90;33;33;5;28;.848;3586000;0
54574;8875;101;56;34;4;30;.882;3600000;0
54574;9227;90;0;0;0;0;.00nan;0;0
54575;7211;103;57;37;5;32;.865;3600000;0
54575;7215;103;0;0;0;0;.00nan;0;0
54575;8165;88;27;15;4;11;.733;1192000;0
54575;9944;88;33;24;5;19;.792;2408000;0
54576;6687;87;71;25;2;23;.920;3600000;0
54576;7716;89;69;33;3;30;.909;3589000;0
54576;7717;87;0;0;0;0;.00nan;0;0
54576;9226;89;0;0;0;0;.00nan;0;0
54577;8745;102;58;36;4;32;.889;3600000;0
54577;8847;102;0;0;0;0;.00nan;0;0
54577;9291;104;0;0;0;0;.00nan;0;0
54577;9943;104;49;44;5;39;.886;3568000;0
54578;8768;91;0;0;0;0;.00nan;0;0
54578;8869;92;23;18;5;13;.722;751000;0
54578;9274;91;64;24;3;21;.875;3600000;0
54578;9379;92;47;37;6;31;.838;2849000;0
54579;7142;85;0;0;0;0;.00nan;0;0
54579;7749;100;23;11;4;7;.636;1171000;0
54579;9275;100;59;23;2;21;.913;2421000;0
54579;9353;85;54;27;4;23;.852;3600000;0
54580;7078;99;56;27;4;23;.852;3600000;0
54580;7218;99;0;0;0;0;.00nan;0;0
54580;7735;96;0;0;0;0;.00nan;0;0
54580;8820;96;17;29;7;22;.759;3600000;0
54581;7716;89;82;49;4;45;.918;3578000;0
54581;8322;86;0;0;0;0;.00nan;0;0
54581;9226;89;0;0;0;0;.00nan;0;0
54581;9287;86;57;20;2;18;.900;3600000;0
54582;6687;87;43;32;5;27;.844;3579000;0
54582;7142;85;0;0;0;0;.00nan;0;0
54582;7717;87;0;0;0;0;.00nan;0;0
54582;9353;85;74;36;3;33;.917;3600000;0
54583;7078;99;0;0;0;0;.00nan;0;0
54583;7218;99;75;36;3;33;.917;3543000;0
54583;8745;102;100;43;2;41;.953;3600000;0
54583;8847;102;0;0;0;0;.00nan;0;0
55119;8745;102;63;29;3;26;.897;3621000;0
55119;8794;90;73;39;4;35;.897;3621000;0
55119;8847;102;0;0;0;0;.00nan;0;0
55119;9227;90;0;0;0;0;.00nan;0;0
55121;8314;94;0;0;0;0;.00nan;0;0
55121;8322;86;57;21;2;19;.905;3600000;0
55121;8882;94;74;49;4;45;.918;3558000;0
55121;9287;86;0;0;0;0;.00nan;0;0
55123;7716;89;67;27;2;25;.926;3600000;0
55123;8768;91;25;12;4;8;.667;1143000;0
55123;9226;89;0;0;0;0;.00nan;0;0
55123;9274;91;55;20;3;17;.850;2457000;0
55125;7211;103;56;29;3;26;.897;3600000;0
55125;7215;103;0;0;0;0;.00nan;0;0
55125;8320;93;77;48;4;44;.917;3559000;0
55125;9273;93;0;0;0;0;.00nan;0;0
55127;7749;100;56;35;4;31;.886;3557000;0
55127;8236;101;59;30;3;27;.900;3600000;0
55127;8875;101;0;0;0;0;.00nan;0;0
55127;9275;100;0;0;0;0;.00nan;0;0
55129;9245;95;48;24;3;21;.875;3600000;0
55129;9279;95;0;0;0;0;.00nan;0;0
55129;9291;104;0;0;0;0;.00nan;0;0
55129;9943;104;90;40;2;38;.950;3600000;0
55131;7735;96;0;0;0;0;.00nan;0;0
55131;8165;88;62;13;1;12;.923;3600000;0
55131;8820;96;37;46;7;39;.848;3600000;0
55131;9944;88;0;0;0;0;.00nan;0;0
55133;6687;87;68;20;1;19;.950;3600000;0
55133;7078;99;66;33;3;30;.909;3551000;0
55133;7218;99;0;0;0;0;.00nan;0;0
55133;7717;87;0;0;0;0;.00nan;0;0
55135;6581;98;0;0;0;0;.00nan;0;0
55135;8869;92;0;0;0;0;.00nan;0;0
55135;9367;98;83;39;3;36;.923;3600000;0
55135;9379;92;55;46;6;40;.870;3600000;0
55137;7142;85;99;29;1;28;.966;3900000;0
55137;7654;97;71;21;1;20;.952;3900000;0
55137;7666;97;0;0;0;0;.00nan;0;0
55137;9353;85;0;0;0;0;.00nan;0;0
55139;6581;98;19;23;6;17;.739;2708000;0
55139;9291;104;53;23;3;20;.870;3600000;0
55139;9367;98;52;11;1;10;.909;892000;0
55139;9943;104;0;0;0;0;.00nan;0;0
55141;8236;101;0;0;0;0;.00nan;0;0
55141;8875;101;70;26;2;24;.923;3600000;0
55141;9245;95;0;0;0;0;.00nan;0;0
55141;9279;95;60;32;3;29;.906;3550000;0
55143;7716;89;43;12;2;10;.833;1050000;0
55143;8794;90;0;0;0;0;.00nan;0;0
55143;9226;89;37;30;6;24;.800;2550000;0
55143;9227;90;50;31;4;27;.871;3600000;0
55145;7078;99;0;0;0;0;.00nan;0;0
55145;7218;99;50;37;5;32;.865;3900000;0
55145;7749;100;0;0;0;0;.00nan;0;0
55145;9275;100;49;34;5;29;.853;3900000;0
55147;7735;96;88;57;3;54;.947;3900000;0
55147;8322;86;0;0;0;0;.00nan;0;0
55147;8820;96;0;0;0;0;.00nan;0;0
55147;9287;86;61;35;3;32;.914;3900000;0
55149;7211;103;0;0;0;0;.00nan;0;0
55149;7215;103;24;27;6;21;.778;3600000;0
55149;8165;88;0;0;0;0;.00nan;0;0
55149;9944;88;100;37;1;36;.973;3600000;0
55151;8320;93;0;0;0;0;.00nan;0;0
55151;8745;102;0;0;0;0;.00nan;0;0
55151;8847;102;56;20;2;18;.900;3600000;0
55151;9273;93;67;42;4;38;.905;3589000;0
55153;7142;85;0;0;0;0;.00nan;0;0
55153;7630;94;0;0;0;0;.00nan;0;0
55153;8314;94;38;27;5;22;.815;3569000;0
55153;9353;85;53;31;4;27;.871;3600000;0
55155;6687;87;51;25;4;21;.840;3600000;0
55155;7717;87;0;0;0;0;.00nan;0;0
55155;8768;91;34;24;5;19;.792;1946000;0
55155;9274;91;68;12;0;12;1.000;1654000;0
55157;7654;97;0;0;0;0;.00nan;0;0
55157;7666;97;63;29;3;26;.897;3600000;0
55157;8869;92;31;26;5;21;.808;2280000;0
55157;9379;92;29;16;5;11;.688;1320000;0
55159;7654;97;62;47;5;42;.894;3600000;0
55159;7666;97;0;0;0;0;.00nan;0;0
55159;8745;102;44;22;4;18;.818;3600000;0
55159;8847;102;0;0;0;0;.00nan;0;0
55161;8320;93;53;22;3;19;.864;3900000;0
55161;8869;92;0;0;0;0;.00nan;0;0
55161;9273;93;0;0;0;0;.00nan;0;0
55161;9379;92;100;54;3;51;.944;3900000;0
55163;7211;103;45;30;5;25;.833;3600000;0
55163;7215;103;0;0;0;0;.00nan;0;0
55163;9245;95;0;0;0;0;.00nan;0;0
55163;9279;95;79;32;2;30;.938;3600000;0
55165;6581;98;46;11;2;9;.818;840000;0
55165;9291;104;0;0;0;0;.00nan;0;0
55165;9367;98;36;32;6;26;.813;2760000;0
55165;9943;104;73;24;1;23;.958;3600000;0
55167;6687;87;42;37;6;31;.838;2986000;0
55167;7717;87;57;9;1;8;.889;614000;0
55167;7735;96;0;0;0;0;.00nan;0;0
55167;8820;96;94;19;0;19;1.000;3600000;0
55169;7078;99;60;28;3;25;.893;3900000;0
55169;7218;99;0;0;0;0;.00nan;0;0
55169;8794;90;0;0;0;0;.00nan;0;0
55169;9227;90;74;32;3;29;.906;3900000;0
55171;7749;100;55;41;5;36;.878;3600000;0
55171;8165;88;58;23;2;21;.913;3600000;0
55171;9275;100;0;0;0;0;.00nan;0;0
55171;9944;88;0;0;0;0;.00nan;0;0
55173;7142;85;0;0;0;0;.00nan;0;0
55173;8768;91;0;0;0;0;.00nan;0;0
55173;9274;91;66;36;3;33;.917;3600000;0
55173;9353;85;79;28;2;26;.929;3600000;0
55175;7716;89;0;0;0;0;.00nan;0;0
55175;8322;86;0;0;0;0;.00nan;0;0
55175;9226;89;70;39;3;36;.923;3600000;0
55175;9287;86;62;16;1;15;.938;3600000;0
55177;7630;94;63;37;4;33;.892;3600000;0
55177;8236;101;49;2;0;2;1.000;353000;0
55177;8314;94;0;0;0;0;.00nan;0;0
55177;8875;101;18;28;7;21;.750;3247000;0
55179;6581;98;67;37;3;34;.919;3547000;0
55179;8869;92;0;0;0;0;.00nan;0;0
55179;9367;98;0;0;0;0;.00nan;0;0
55179;9379;92;87;39;2;37;.949;3600000;0
55181;7630;94;0;0;0;0;.00nan;0;0
55181;8314;94;62;50;5;45;.900;3900000;0
55181;8745;102;26;21;5;16;.762;3900000;0
55181;8847;102;0;0;0;0;.00nan;0;0
55183;7654;97;0;0;0;0;.00nan;0;0
55183;7666;97;64;36;4;32;.889;3600000;0
55183;8768;91;35;13;3;10;.769;3600000;0
55183;9274;91;0;0;0;0;.00nan;0;0
55185;8320;93;39;1;1;0;.000;263000;0
55185;8322;86;37;26;5;21;.808;3600000;0
55185;9273;93;61;45;6;39;.867;3296000;0
55185;9287;86;0;0;0;0;.00nan;0;0
55187;7078;99;0;0;0;0;.00nan;0;0
55187;7142;85;73;32;2;30;.938;3600000;0
55187;7218;99;52;23;3;20;.870;3549000;0
55187;9353;85;0;0;0;0;.00nan;0;0
55189;7749;100;0;0;0;0;.00nan;0;0
55189;9275;100;67;31;2;29;.935;3600000;0
55189;9291;104;44;21;3;18;.857;3555000;0
55189;9943;104;0;0;0;0;.00nan;0;0
55191;6687;87;0;0;0;0;.00nan;0;0
55191;7717;87;17;31;7;24;.774;3600000;0
55191;9245;95;79;25;1;24;.960;3600000;0
55191;9279;95;0;0;0;0;.00nan;0;0
55193;7716;89;52;25;3;22;.880;3600000;0
55193;8794;90;38;24;4;20;.833;3583000;0
55193;9226;89;0;0;0;0;.00nan;0;0
55193;9227;90;0;0;0;0;.00nan;0;0
55195;8165;88;49;15;2;13;.867;3600000;0
55195;8236;101;57;56;6;50;.893;3254000;0
55195;8875;101;56;7;0;7;1.000;346000;0
55195;9944;88;0;0;0;0;.00nan;0;0
55197;7211;103;0;0;0;0;.00nan;0;0
55197;7215;103;60;17;2;15;.882;3600000;0
55197;7735;96;31;10;3;7;.700;466000;0
55197;8820;96;25;23;5;18;.783;3134000;0
55199;7735;96;30;28;6;22;.786;2343000;0
55199;8322;86;0;0;0;0;.00nan;0;0
55199;8820;96;50;19;2;17;.895;1257000;0
55199;9287;86;51;29;4;25;.862;3600000;0
55201;7654;97;0;0;0;0;.00nan;0;0
55201;7666;97;55;13;2;11;.846;3600000;0
55201;8869;92;0;0;0;0;.00nan;0;0
55201;9379;92;96;56;4;52;.929;3600000;0
55203;7142;85;60;32;4;28;.875;3600000;0
55203;7211;103;78;23;1;22;.957;3600000;0
55203;7215;103;0;0;0;0;.00nan;0;0
55203;9353;85;0;0;0;0;.00nan;0;0
55205;8320;93;50;1;0;1;1.000;545000;0
55205;8768;91;0;0;0;0;.00nan;0;0
55205;9273;93;49;50;7;43;.860;3055000;0
55205;9274;91;55;19;2;17;.895;3600000;0
55207;7749;100;0;0;0;0;.00nan;0;0
55207;8794;90;51;10;1;9;.900;939000;0
55207;9227;90;22;29;7;22;.759;2661000;0
55207;9275;100;76;31;3;28;.903;3600000;0
55209;7078;99;86;46;2;44;.957;3600000;0
55209;7218;99;0;0;0;0;.00nan;0;0
55209;9245;95;0;0;0;0;.00nan;0;0
55209;9279;95;33;15;4;11;.733;3515000;0
55211;8165;88;60;35;4;31;.886;3533000;0
55211;8745;102;87;33;2;31;.939;3600000;0
55211;8847;102;0;0;0;0;.00nan;0;0
55211;9944;88;0;0;0;0;.00nan;0;0
55213;6581;98;0;0;0;0;.00nan;0;0
55213;7630;94;0;0;0;0;.00nan;0;0
55213;8314;94;58;31;3;28;.903;3566000;0
55213;9367;98;60;20;2;18;.900;3600000;0
55215;6687;87;58;18;2;16;.889;3600000;0
55215;7717;87;0;0;0;0;.00nan;0;0
55215;8236;101;0;0;0;0;.00nan;0;0
55215;8875;101;82;45;3;42;.933;3591000;0
55217;7716;89;0;0;0;0;.00nan;0;0
55217;9226;89;70;55;6;49;.891;3600000;0
55217;9291;104;0;0;0;0;.00nan;0;0
55217;9943;104;36;13;3;10;.769;3600000;0
55219;7630;94;0;0;0;0;.00nan;0;0
55219;8314;94;43;13;2;11;.846;3600000;0
55219;8869;92;53;12;1;11;.917;614000;0
55219;9379;92;33;42;7;35;.833;2986000;0
55221;6581;98;0;0;0;0;.00nan;0;0
55221;7749;100;0;0;0;0;.00nan;0;0
55221;9275;100;46;35;5;30;.857;3600000;0
55221;9367;98;91;50;3;47;.940;3600000;0
55223;8165;88;51;37;6;31;.838;3600000;0
55223;9245;95;0;0;0;0;.00nan;0;0
55223;9279;95;63;22;2;20;.909;3600000;0
55223;9944;88;0;0;0;0;.00nan;0;0
55225;7654;97;0;0;0;0;.00nan;0;0
55225;7666;97;58;30;3;27;.900;3592000;0
55225;8322;86;51;9;1;8;.889;3600000;0
55225;9287;86;0;0;0;0;.00nan;0;0
55227;7078;99;73;32;3;29;.906;3900000;0
55227;7142;85;0;0;0;0;.00nan;0;0
55227;7218;99;0;0;0;0;.00nan;0;0
55227;9353;85;72;32;3;29;.906;3900000;0
55229;8794;90;0;0;0;0;.00nan;0;0
55229;9227;90;64;44;5;39;.886;3900000;0
55229;9291;104;43;29;5;24;.828;3900000;0
55229;9943;104;0;0;0;0;.00nan;0;0
55231;7211;103;0;0;0;0;.00nan;0;0
55231;7215;103;46;18;3;15;.833;3600000;0
55231;8320;93;61;48;5;43;.896;3576000;0
55231;9273;93;0;0;0;0;.00nan;0;0
55233;6687;87;74;29;2;27;.931;3517000;0
55233;7717;87;0;0;0;0;.00nan;0;0
55233;8745;102;93;20;0;20;1.000;3600000;0
55233;8847;102;0;0;0;0;.00nan;0;0
55235;7735;96;0;0;0;0;.00nan;0;0
55235;8768;91;0;0;0;0;.00nan;0;0
55235;8820;96;10;27;7;20;.741;3600000;0
55235;9274;91;63;24;2;22;.917;3600000;0
55237;7716;89;48;24;4;20;.833;3600000;0
55237;8236;101;29;27;6;21;.778;3072000;0
55237;8875;101;50;1;0;1;1.000;490000;0
55237;9226;89;0;0;0;0;.00nan;0;0
55239;7654;97;77;51;5;46;.902;3600000;0
55239;7666;97;0;0;0;0;.00nan;0;0
55239;9291;104;0;0;0;0;.00nan;0;0
55239;9943;104;39;7;2;5;.714;3600000;0
55241;8165;88;0;0;0;0;.00nan;0;0
55241;8236;101;0;0;0;0;.00nan;0;0
55241;8875;101;63;51;6;45;.882;3600000;0
55241;9944;88;52;8;1;7;.875;3600000;0
55243;8322;86;48;26;3;23;.885;3231000;0
55243;8768;91;51;23;3;20;.870;3600000;0
55243;9274;91;0;0;0;0;.00nan;0;0
55243;9287;86;27;7;3;4;.571;369000;0
55245;7735;96;64;36;3;33;.917;3600000;0
55245;7749;100;55;35;4;31;.886;3596000;0
55245;8820;96;0;0;0;0;.00nan;0;0
55245;9275;100;0;0;0;0;.00nan;0;0
55247;8320;93;0;0;0;0;.00nan;0;0
55247;8794;90;30;26;6;20;.769;3523000;0
55247;9227;90;0;0;0;0;.00nan;0;0
55247;9273;93;61;33;4;29;.879;3600000;0
55249;7078;99;0;0;0;0;.00nan;0;0
55249;7218;99;55;25;3;22;.880;3560000;0
55249;7630;94;84;37;2;35;.946;3600000;0
55249;8314;94;0;0;0;0;.00nan;0;0
55251;6581;98;38;16;3;13;.813;3554000;0
55251;7716;89;0;0;0;0;.00nan;0;0
55251;9226;89;91;44;1;43;.977;3600000;0
55251;9367;98;0;0;0;0;.00nan;0;0
55253;7142;85;26;35;7;28;.800;2308000;0
55253;7211;103;86;23;1;22;.957;3600000;0
55253;7215;103;0;0;0;0;.00nan;0;0
55253;9353;85;85;18;0;18;1.000;1292000;0
55255;6687;87;68;31;3;28;.903;3600000;0
55255;7717;87;0;0;0;0;.00nan;0;0
55255;9245;95;67;34;4;30;.882;3596000;0
55255;9279;95;0;0;0;0;.00nan;0;0
55257;8745;102;70;7;0;7;1.000;3600000;0
55257;8847;102;0;0;0;0;.00nan;0;0
55257;8869;92;43;37;6;31;.838;2606000;0
55257;9379;92;34;24;5;19;.792;994000;0
55271;6824;67;87;40;3;37;.925;3643000;0
55271;7269;67;0;0;0;0;.00nan;0;0
55271;8499;78;35;15;4;11;.733;3643000;0
55271;9247;78;0;0;0;0;.00nan;0;0
55272;7237;75;0;0;0;0;.00nan;0;0
55272;7598;66;40;26;4;22;.846;3512000;0
55272;7840;66;0;0;0;0;.00nan;0;0
55272;9060;75;92;40;2;38;.950;3600000;0
55262;6939;69;41;59;9;50;.847;3347000;0
55262;8420;76;0;0;0;0;.00nan;0;0
55262;9034;76;58;13;1;12;.923;3600000;0
55262;9068;69;56;4;0;4;1.000;253000;0
55365;6821;71;0;0;0;0;.00nan;0;0
55365;7864;83;59;35;5;30;.857;3703000;0
55365;8938;83;0;0;0;0;.00nan;0;0
55365;9347;71;60;47;6;41;.872;3703000;0
55488;7409;70;41;28;5;23;.821;3600000;0
55488;8367;70;0;0;0;0;.00nan;0;0
55488;8429;73;0;0;0;0;.00nan;0;0
55488;9350;73;13;29;7;22;.759;3560000;0
55355;7389;74;66;24;2;22;.917;3600000;0
55355;7855;84;43;45;8;37;.822;3600000;0
55355;8442;74;0;0;0;0;.00nan;0;0
55355;9004;84;0;0;0;0;.00nan;0;0
55352;7908;64;0;0;0;0;.00nan;0;0
55352;8404;64;77;26;2;24;.923;3553000;0
55352;8450;81;0;0;0;0;.00nan;0;0
55352;9391;81;92;27;1;26;.963;3600000;0
55269;7596;79;59;18;2;16;.889;3600000;0
55269;7904;79;0;0;0;0;.00nan;0;0
55269;7911;65;97;46;3;43;.935;3569000;0
55269;8953;65;0;0;0;0;.00nan;0;0
55383;6824;67;64;32;4;28;.875;3567000;0
55383;7269;67;0;0;0;0;.00nan;0;0
55383;7389;74;0;0;0;0;.00nan;0;0
55383;8442;74;61;20;2;18;.900;3600000;0
55301;6939;69;98;45;1;44;.978;3600000;0
55301;8474;63;0;0;0;0;.00nan;0;0
55301;8476;63;40;17;3;14;.824;3549000;0
55301;9068;69;0;0;0;0;.00nan;0;0
55277;6905;68;0;0;0;0;.00nan;0;0
55277;7409;70;0;0;0;0;.00nan;0;0
55277;7816;68;96;33;2;31;.939;3600000;0
55277;8367;70;69;35;3;32;.914;3574000;0
55258;7271;82;67;41;4;37;.902;3600000;0
55258;7864;83;32;15;3;12;.800;1228000;0
55258;8511;82;0;0;0;0;.00nan;0;0
55258;8938;83;36;27;5;22;.815;2372000;0
55259;7849;72;0;0;0;0;.00nan;0;0
55259;8133;77;52;39;5;34;.872;3573000;0
55259;8711;72;51;26;4;22;.846;3600000;0
55259;8939;77;0;0;0;0;.00nan;0;0
55260;7237;75;87;45;3;42;.933;3672000;0
55260;8956;80;36;21;4;17;.810;3672000;0
55260;8991;80;0;0;0;0;.00nan;0;0
55260;9060;75;0;0;0;0;.00nan;0;0
55283;6905;68;76;48;5;43;.896;3600000;0
55283;7598;66;39;36;6;30;.833;3575000;0
55283;7816;68;0;0;0;0;.00nan;0;0
55283;7840;66;0;0;0;0;.00nan;0;0
55287;8420;76;68;33;3;30;.909;3600000;0
55287;8956;80;0;0;0;0;.00nan;0;0
55287;8991;80;47;30;4;26;.867;3527000;0
55287;9034;76;0;0;0;0;.00nan;0;0
55261;7271;82;66;32;3;29;.906;3600000;0
55261;7855;84;28;44;8;36;.818;3600000;0
55261;8511;82;0;0;0;0;.00nan;0;0
55261;9004;84;0;0;0;0;.00nan;0;0
55294;6821;71;87;42;4;38;.905;3900000;0
55294;8499;78;0;0;0;0;.00nan;0;0
55294;9247;78;60;35;4;31;.886;3900000;0
55294;9347;71;0;0;0;0;.00nan;0;0
55264;7596;79;0;0;0;0;.00nan;0;0
55264;7904;79;47;16;2;14;.875;3900000;0
55264;8133;77;100;65;2;63;.969;3900000;0
55264;8939;77;0;0;0;0;.00nan;0;0
55270;7911;65;63;29;3;26;.897;3600000;0
55270;8450;81;0;0;0;0;.00nan;0;0
55270;8953;65;0;0;0;0;.00nan;0;0
55270;9391;81;53;36;5;31;.861;3529000;0
55263;6821;71;0;0;0;0;.00nan;0;0
55263;7855;84;0;0;0;0;.00nan;0;0
55263;9004;84;13;27;7;20;.741;3600000;0
55263;9347;71;63;29;4;25;.862;3600000;0
55290;7409;70;44;33;6;27;.818;3219000;0
55290;7849;72;51;28;4;24;.857;3600000;0
55290;8367;70;50;1;0;1;1.000;308000;0
55290;8711;72;0;0;0;0;.00nan;0;0
55374;8429;73;0;0;0;0;.00nan;0;0
55374;8499;78;45;19;3;16;.842;3523000;0
55374;9247;78;0;0;0;0;.00nan;0;0
55374;9350;73;94;39;1;38;.974;3600000;0
55273;7237;75;0;0;0;0;.00nan;0;0
55273;7864;83;51;22;3;19;.864;3600000;0
55273;8938;83;0;0;0;0;.00nan;0;0
55273;9060;75;65;51;5;46;.902;3542000;0
55278;7908;64;54;4;0;4;1.000;382000;0
55278;8404;64;28;44;8;36;.818;3182000;0
55278;8474;63;10;20;6;14;.700;2933000;0
55278;8476;63;58;5;0;5;1.000;667000;0
55382;6939;69;74;49;5;44;.898;3600000;0
55382;7389;74;19;19;6;13;.684;3089000;0
55382;8442;74;55;4;0;4;1.000;438000;0
55382;9068;69;0;0;0;0;.00nan;0;0
55276;8133;77;47;49;6;43;.878;3199000;0
55276;8939;77;55;12;1;11;.917;401000;0
55276;8956;80;47;17;2;15;.882;3600000;0
55276;8991;80;0;0;0;0;.00nan;0;0
55303;7849;72;0;0;0;0;.00nan;0;0
55303;8429;73;52;9;1;8;.889;487000;0
55303;8711;72;38;13;3;10;.769;3600000;0
55303;9350;73;49;45;6;39;.867;3113000;0
55295;7596;79;59;33;4;29;.879;3900000;0
55295;7904;79;0;0;0;0;.00nan;0;0
55295;8420;76;0;0;0;0;.00nan;0;0
55295;9034;76;36;22;4;18;.818;3900000;0
55265;7271;82;100;39;1;38;.974;3600000;0
55265;8450;81;0;0;0;0;.00nan;0;0
55265;8511;82;0;0;0;0;.00nan;0;0
55265;9391;81;51;22;3;19;.864;3539000;0
55320;7598;66;0;0;0;0;.00nan;0;0
55320;7840;66;29;25;5;20;.800;3900000;0
55320;7908;64;60;33;5;28;.848;3892000;0
55320;8404;64;0;0;0;0;.00nan;0;0
55274;6905;68;0;0;0;0;.00nan;0;0
55274;7816;68;35;15;4;11;.733;3547000;0
55274;7911;65;91;42;2;40;.952;3600000;0
55274;8953;65;0;0;0;0;.00nan;0;0
55898;7389;74;92;29;1;28;.966;3600000;0
55898;7598;66;29;31;6;25;.806;3600000;0
55898;7840;66;0;0;0;0;.00nan;0;0
55898;8442;74;0;0;0;0;.00nan;0;0
55281;6939;69;100;48;2;46;.958;3900000;0
55281;7237;75;0;0;0;0;.00nan;0;0
55281;9060;75;70;27;2;25;.926;3900000;0
55281;9068;69;0;0;0;0;.00nan;0;0
55371;6821;71;72;41;4;37;.902;3600000;0
55371;8450;81;86;34;1;33;.971;3600000;0
55371;9347;71;0;0;0;0;.00nan;0;0
55371;9391;81;0;0;0;0;.00nan;0;0
55267;7271;82;84;33;2;31;.939;3900000;0
55267;7409;70;0;0;0;0;.00nan;0;0
55267;8367;70;70;36;2;34;.944;3900000;0
55267;8511;82;0;0;0;0;.00nan;0;0
55266;6824;67;99;21;0;21;1.000;3600000;0
55266;7269;67;0;0;0;0;.00nan;0;0
55266;7855;84;0;0;0;0;.00nan;0;0
55266;9004;84;62;41;4;37;.902;3600000;0
55285;8133;77;66;27;2;25;.926;2413000;0
55285;8499;78;0;0;0;0;.00nan;0;0
55285;8939;77;37;25;4;21;.840;1187000;0
55285;9247;78;71;18;1;17;.944;3600000;0
55326;8429;73;0;0;0;0;.00nan;0;0
55326;8474;63;0;0;0;0;.00nan;0;0
55326;8476;63;81;13;0;13;1.000;3600000;0
55326;9350;73;88;57;5;52;.912;3600000;0
55304;6824;67;64;37;4;33;.892;3600000;0
55304;7269;67;0;0;0;0;.00nan;0;0
55304;7596;79;57;19;2;17;.895;3600000;0
55304;7904;79;0;0;0;0;.00nan;0;0
55268;7855;84;45;49;7;42;.857;2855000;0
55268;8420;76;51;11;2;9;.818;3600000;0
55268;9004;84;56;9;1;8;.889;745000;0
55268;9034;76;0;0;0;0;.00nan;0;0
55275;7864;83;97;53;3;50;.943;3577000;0
55275;8938;83;0;0;0;0;.00nan;0;0
55275;8956;80;52;14;2;12;.857;3600000;0
55275;8991;80;0;0;0;0;.00nan;0;0
55293;7849;72;0;0;0;0;.00nan;0;0
55293;8499;78;60;41;5;36;.878;3600000;0
55293;8711;72;45;26;4;22;.846;3600000;0
55293;9247;78;0;0;0;0;.00nan;0;0
55291;7908;64;0;0;0;0;.00nan;0;0
55291;7911;65;85;47;3;44;.936;3600000;0
55291;8404;64;46;30;4;26;.867;3564000;0
55291;8953;65;0;0;0;0;.00nan;0;0
55284;6905;68;88;19;0;19;1.000;3600000;0
55284;6939;69;98;65;5;60;.923;3600000;0
55284;7816;68;0;0;0;0;.00nan;0;0
55284;9068;69;0;0;0;0;.00nan;0;0
55316;7911;65;0;0;0;0;.00nan;0;0
55316;8429;73;0;0;0;0;.00nan;0;0
55316;8953;65;33;29;5;24;.828;3541000;0
55316;9350;73;55;29;3;26;.897;3600000;0
55314;7271;82;44;38;6;32;.842;3302000;0
55314;7389;74;73;15;1;14;.933;3600000;0
55314;8442;74;0;0;0;0;.00nan;0;0
55314;8511;82;51;5;0;5;1.000;298000;0
55280;7237;75;79;40;3;37;.925;3600000;0
55280;7596;79;48;28;4;24;.857;3578000;0
55280;7904;79;0;0;0;0;.00nan;0;0
55280;9060;75;0;0;0;0;.00nan;0;0
55432;7409;70;47;19;2;17;.895;3600000;0
55432;7908;64;0;0;0;0;.00nan;0;0
55432;8367;70;0;0;0;0;.00nan;0;0
55432;8404;64;57;33;4;29;.879;3517000;0
55310;7271;82;0;0;0;0;.00nan;0;0
55310;8450;81;0;0;0;0;.00nan;0;0
55310;8511;82;26;20;5;15;.750;3600000;0
55310;9391;81;23;25;6;19;.760;3543000;0
55297;7598;66;39;26;4;22;.846;3566000;0
55297;7840;66;0;0;0;0;.00nan;0;0
55297;7849;72;66;34;3;31;.912;3600000;0
55297;8711;72;0;0;0;0;.00nan;0;0
55289;6905;68;38;26;5;21;.808;3600000;0
55289;7816;68;0;0;0;0;.00nan;0;0
55289;8133;77;99;41;1;40;.976;3600000;0
55289;8939;77;0;0;0;0;.00nan;0;0
55302;6939;69;92;54;5;49;.907;3565000;0
55302;7864;83;52;20;3;17;.850;3600000;0
55302;8938;83;0;0;0;0;.00nan;0;0
55302;9068;69;0;0;0;0;.00nan;0;0
55305;8474;63;62;36;3;33;.917;3011000;0
55305;8476;63;33;12;3;9;.750;589000;0
55305;8956;80;68;30;3;27;.900;3600000;0
55305;8991;80;0;0;0;0;.00nan;0;0
55459;7598;66;0;0;0;0;.00nan;0;0
55459;7840;66;53;8;1;7;.875;3600000;0
55459;7908;64;18;33;7;26;.788;2133000;0
55459;8404;64;52;28;4;24;.857;1467000;0
55300;7864;83;0;0;0;0;.00nan;0;0
55300;8499;78;0;0;0;0;.00nan;0;0
55300;8938;83;79;33;2;31;.939;3600000;0
55300;9247;78;69;29;3;26;.897;3600000;0
55286;8133;77;0;0;0;0;.00nan;0;0
55286;8420;76;0;0;0;0;.00nan;0;0
55286;8939;77;50;46;6;40;.870;3566000;0
55286;9034;76;44;27;4;23;.852;3600000;0
55311;7409;70;0;0;0;0;.00nan;0;0
55311;7849;72;0;0;0;0;.00nan;0;0
55311;8367;70;79;36;3;33;.917;3900000;0
55311;8711;72;82;37;3;34;.919;3900000;0
55402;7389;74;97;36;1;35;.972;3600000;0
55402;8442;74;0;0;0;0;.00nan;0;0
55402;8474;63;0;0;0;0;.00nan;0;0
55402;8476;63;86;43;3;40;.930;3556000;0
55434;6821;71;76;25;1;24;.960;3600000;0
55434;8450;81;58;49;6;43;.878;3226000;0
55434;9347;71;0;0;0;0;.00nan;0;0
55434;9391;81;53;2;0;2;1.000;374000;0
55328;7911;65;73;38;3;35;.921;3600000;0
55328;8429;73;0;0;0;0;.00nan;0;0
55328;8953;65;0;0;0;0;.00nan;0;0
55328;9350;73;70;39;4;35;.897;3571000;0
55279;7237;75;0;0;0;0;.00nan;0;0
55279;7855;84;72;19;1;18;.947;3600000;0
55279;9004;84;0;0;0;0;.00nan;0;0
55279;9060;75;45;34;5;29;.853;3600000;0
55673;7271;82;56;26;4;22;.846;3600000;0
55673;7855;84;0;0;0;0;.00nan;0;0
55673;8511;82;0;0;0;0;.00nan;0;0
55673;9004;84;76;58;5;53;.914;3550000;0
55298;6821;71;68;29;2;27;.931;1799000;0
55298;8956;80;55;24;3;21;.875;3600000;0
55298;8991;80;0;0;0;0;.00nan;0;0
55298;9347;71;41;34;6;28;.824;1801000;0
55288;7596;79;61;42;5;37;.881;3595000;0
55288;7904;79;0;0;0;0;.00nan;0;0
55288;8420;76;50;21;3;18;.857;3600000;0
55288;9034;76;0;0;0;0;.00nan;0;0
55299;6905;68;0;0;0;0;.00nan;0;0
55299;7389;74;0;0;0;0;.00nan;0;0
55299;7816;68;81;21;0;21;1.000;3600000;0
55299;8442;74;61;46;5;41;.891;3600000;0
55330;6824;67;24;44;8;36;.818;3333000;0
55330;7269;67;43;4;1;3;.750;267000;0
55330;8474;63;72;26;2;24;.923;3600000;0
55330;8476;63;0;0;0;0;.00nan;0;0
55984;7237;75;95;51;3;48;.941;3900000;0
55984;8499;78;0;0;0;0;.00nan;0;0
55984;9060;75;0;0;0;0;.00nan;0;0
55984;9247;78;49;26;3;23;.885;3900000;0
55981;7409;70;52;22;3;19;.864;3600000;0
55981;7596;79;0;0;0;0;.00nan;0;0
55981;7904;79;80;45;4;41;.911;3600000;0
55981;8367;70;0;0;0;0;.00nan;0;0
55296;8420;76;0;0;0;0;.00nan;0;0
55296;8429;73;67;34;3;31;.912;2773000;0
55296;9034;76;32;23;5;18;.783;3600000;0
55296;9350;73;40;20;4;16;.800;810000;0
55335;7849;72;0;0;0;0;.00nan;0;0
55335;8450;81;0;0;0;0;.00nan;0;0
55335;8711;72;70;31;3;28;.903;3600000;0
55335;9391;81;20;34;8;26;.765;3600000;0
55319;6939;69;68;36;3;33;.917;3541000;0
55319;7911;65;77;30;2;28;.933;3600000;0
55319;8953;65;0;0;0;0;.00nan;0;0
55319;9068;69;0;0;0;0;.00nan;0;0
55317;6821;71;74;39;5;34;.872;3576000;0
55317;8956;80;0;0;0;0;.00nan;0;0
55317;8991;80;69;32;3;29;.906;3600000;0
55317;9347;71;0;0;0;0;.00nan;0;0
55312;7598;66;86;16;0;16;1.000;3600000;0
55312;7840;66;0;0;0;0;.00nan;0;0
55312;8133;77;97;39;2;37;.949;3600000;0
55312;8939;77;0;0;0;0;.00nan;0;0
55282;7855;84;52;17;2;15;.882;1923000;0
55282;8499;78;56;21;2;19;.905;3600000;0
55282;9004;84;30;32;6;26;.813;1677000;0
55282;9247;78;0;0;0;0;.00nan;0;0
55368;6824;67;56;26;3;23;.885;3571000;0
55368;7237;75;85;35;2;33;.943;3600000;0
55368;7269;67;0;0;0;0;.00nan;0;0
55368;9060;75;0;0;0;0;.00nan;0;0
55964;7389;74;64;16;1;15;.938;3600000;0
55964;8429;73;0;0;0;0;.00nan;0;0
55964;8442;74;0;0;0;0;.00nan;0;0
55964;9350;73;62;43;5;38;.884;3600000;0
55309;7911;65;37;22;4;18;.818;1048000;0
55309;8953;65;52;33;4;29;.879;2552000;0
55309;8956;80;54;13;2;11;.846;3600000;0
55309;8991;80;0;0;0;0;.00nan;0;0
55324;6905;68;0;0;0;0;.00nan;0;0
55324;7816;68;51;44;6;38;.864;3600000;0
55324;8474;63;0;0;0;0;.00nan;0;0
55324;8476;63;95;39;2;37;.949;3600000;0
55323;8133;77;0;0;0;0;.00nan;0;0
55323;8420;76;37;18;4;14;.778;3600000;0
55323;8939;77;64;54;6;48;.889;3531000;0
55323;9034;76;0;0;0;0;.00nan;0;0
55313;7855;84;67;38;3;35;.921;2464000;0
55313;7864;83;31;11;3;8;.727;3600000;0
55313;8938;83;0;0;0;0;.00nan;0;0
55313;9004;84;39;21;4;17;.810;1136000;0
55329;7271;82;76;24;1;23;.958;3600000;0
55329;8450;81;63;34;4;30;.882;3600000;0
55329;8511;82;0;0;0;0;.00nan;0;0
55329;9391;81;0;0;0;0;.00nan;0;0
55321;7409;70;66;31;3;28;.903;3600000;0
55321;7849;72;51;28;4;24;.857;3600000;0
55321;8367;70;0;0;0;0;.00nan;0;0
55321;8711;72;0;0;0;0;.00nan;0;0
55292;7596;79;77;29;2;27;.931;3628000;0
55292;7598;66;0;0;0;0;.00nan;0;0
55292;7840;66;68;36;3;33;.917;3628000;0
55292;7904;79;0;0;0;0;.00nan;0;0
55306;6821;71;62;23;3;20;.870;3600000;0
55306;6939;69;74;44;4;40;.909;3591000;0
55306;9068;69;0;0;0;0;.00nan;0;0
55306;9347;71;0;0;0;0;.00nan;0;0
55389;6824;67;47;36;4;32;.889;3600000;0
55389;7269;67;0;0;0;0;.00nan;0;0
55389;7908;64;0;0;0;0;.00nan;0;0
55389;8404;64;60;17;2;15;.882;3600000;0
56003;6905;68;71;28;3;25;.893;3600000;0
56003;7409;70;0;0;0;0;.00nan;0;0
56003;7816;68;0;0;0;0;.00nan;0;0
56003;8367;70;42;32;5;27;.844;3600000;0
55977;6821;71;47;31;5;26;.839;3600000;0
55977;7908;64;70;34;3;31;.912;3600000;0
55977;8404;64;0;0;0;0;.00nan;0;0
55977;9347;71;0;0;0;0;.00nan;0;0
55307;7598;66;41;34;6;28;.824;2312000;0
55307;7840;66;49;2;0;2;1.000;1256000;0
55307;8499;78;0;0;0;0;.00nan;0;0
55307;9247;78;81;51;5;46;.902;3600000;0
55318;6939;69;64;69;8;61;.884;3600000;0
55318;7864;83;96;13;0;13;1.000;3600000;0
55318;8938;83;0;0;0;0;.00nan;0;0
55318;9068;69;0;0;0;0;.00nan;0;0
55308;8420;76;0;0;0;0;.00nan;0;0
55308;8450;81;0;0;0;0;.00nan;0;0
55308;9034;76;65;24;3;21;.875;3827000;0
55308;9391;81;85;36;2;34;.944;3827000;0
55332;7271;82;70;50;6;44;.880;3600000;0
55332;8511;82;0;0;0;0;.00nan;0;0
55332;8956;80;57;25;3;22;.880;3600000;0
55332;8991;80;0;0;0;0;.00nan;0;0
55325;7237;75;0;0;0;0;.00nan;0;0
55325;7596;79;87;19;0;19;1.000;3600000;0
55325;7904;79;0;0;0;0;.00nan;0;0
55325;9060;75;85;42;3;39;.929;3600000;0
55989;7855;84;79;55;4;51;.927;3600000;0
55989;8133;77;0;0;0;0;.00nan;0;0
55989;8939;77;85;16;0;16;1.000;3600000;0
55989;9004;84;0;0;0;0;.00nan;0;0
55345;8429;73;0;0;0;0;.00nan;0;0
55345;8474;63;0;0;0;0;.00nan;0;0
55345;8476;63;51;18;3;15;.833;3900000;0
55345;9350;73;93;53;3;50;.943;3900000;0
55393;7237;75;76;45;4;41;.911;3567000;0
55393;7389;74;55;22;3;19;.864;3600000;0
55393;8442;74;0;0;0;0;.00nan;0;0
55393;9060;75;0;0;0;0;.00nan;0;0
55363;6905;68;0;0;0;0;.00nan;0;0
55363;7816;68;26;40;7;33;.825;3547000;0
55363;7849;72;45;20;3;17;.850;3314000;0
55363;8711;72;30;6;3;3;.500;286000;0
55387;7911;65;44;43;6;37;.860;3073000;0
55387;8474;63;42;24;4;20;.833;3600000;0
55387;8476;63;0;0;0;0;.00nan;0;0
55387;8953;65;50;13;2;11;.846;527000;0
55322;7596;79;0;0;0;0;.00nan;0;0
55322;7904;79;79;29;2;27;.931;3872000;0
55322;8499;78;77;31;2;29;.935;3900000;0
55322;9247;78;0;0;0;0;.00nan;0;0
55498;7409;70;81;9;0;9;1.000;3600000;0
55498;7855;84;80;38;2;36;.947;2533000;0
55498;8367;70;0;0;0;0;.00nan;0;0
55498;9004;84;40;24;4;20;.833;1067000;0
55973;7864;83;44;52;7;45;.865;3600000;0
55973;8938;83;0;0;0;0;.00nan;0;0
55973;8956;80;0;0;0;0;.00nan;0;0
55973;8991;80;47;22;3;19;.864;3600000;0
55934;6939;69;20;9;4;5;.556;951000;0
55934;7389;74;0;0;0;0;.00nan;0;0
55934;8442;74;44;19;3;16;.842;3600000;0
55934;9068;69;70;31;3;28;.903;2649000;0
55331;6824;67;69;42;5;37;.881;3600000;0
55331;7269;67;0;0;0;0;.00nan;0;0
55331;7908;64;0;0;0;0;.00nan;0;0
55331;8404;64;60;21;2;19;.905;3600000;0
55337;7409;70;54;31;3;28;.903;3900000;0
55337;8367;70;0;0;0;0;.00nan;0;0
55337;8429;73;0;0;0;0;.00nan;0;0
55337;9350;73;80;42;3;39;.929;3900000;0
55343;6821;71;34;5;2;3;.600;824000;0
55343;7271;82;56;32;4;28;.875;3600000;0
55343;8511;82;0;0;0;0;.00nan;0;0
55343;9347;71;18;19;6;13;.684;2776000;0
55600;7911;65;98;40;1;39;.975;3585000;0
55600;8474;63;0;0;0;0;.00nan;0;0
55600;8476;63;84;15;0;15;1.000;3600000;0
55600;8953;65;0;0;0;0;.00nan;0;0
55340;6905;68;60;34;5;29;.853;3600000;0
55340;7816;68;0;0;0;0;.00nan;0;0
55340;7864;83;57;17;2;15;.882;3600000;0
55340;8938;83;0;0;0;0;.00nan;0;0
55359;7908;64;93;35;1;34;.971;3900000;0
55359;8133;77;0;0;0;0;.00nan;0;0
55359;8404;64;0;0;0;0;.00nan;0;0
55359;8939;77;83;31;1;30;.968;3900000;0
55384;7598;66;57;10;1;9;.900;3600000;0
55384;7840;66;0;0;0;0;.00nan;0;0
55384;8429;73;42;23;4;19;.826;1850000;0
55384;9350;73;11;21;6;15;.714;1750000;0
55339;7849;72;0;0;0;0;.00nan;0;0
55339;8420;76;45;26;4;22;.846;3593000;0
55339;8711;72;66;35;3;32;.914;3600000;0
55339;9034;76;0;0;0;0;.00nan;0;0
55334;7855;84;100;49;2;47;.959;3600000;0
55334;8450;81;0;0;0;0;.00nan;0;0
55334;9004;84;0;0;0;0;.00nan;0;0
55334;9391;81;60;27;3;24;.889;3549000;0
55390;6824;67;58;36;5;31;.861;3600000;0
55390;7269;67;0;0;0;0;.00nan;0;0
55390;7389;74;54;19;2;17;.895;3600000;0
55390;8442;74;0;0;0;0;.00nan;0;0
55353;7271;82;63;55;7;48;.873;3275000;0
55353;8511;82;55;13;1;12;.923;325000;0
55353;8956;80;40;15;3;12;.800;3600000;0
55353;8991;80;0;0;0;0;.00nan;0;0
55327;6905;68;0;0;0;0;.00nan;0;0
55327;7816;68;59;28;3;25;.893;3600000;0
55327;8499;78;0;0;0;0;.00nan;0;0
55327;9247;78;87;30;2;28;.933;3600000;0
55416;8133;77;69;43;4;39;.907;3600000;0
55416;8474;63;0;0;0;0;.00nan;0;0
55416;8476;63;79;36;2;34;.944;3600000;0
55416;8939;77;0;0;0;0;.00nan;0;0
55336;7237;75;64;41;4;37;.902;3900000;0
55336;8499;78;55;41;4;37;.902;3900000;0
55336;9060;75;0;0;0;0;.00nan;0;0
55336;9247;78;0;0;0;0;.00nan;0;0
55400;6824;67;66;38;4;34;.895;3600000;0
55400;7269;67;0;0;0;0;.00nan;0;0
55400;7389;74;0;0;0;0;.00nan;0;0
55400;8442;74;59;27;3;24;.889;3600000;0
55333;6939;69;55;30;3;27;.900;3512000;0
55333;7908;64;0;0;0;0;.00nan;0;0
55333;8404;64;70;22;1;21;.955;3600000;0
55333;9068;69;0;0;0;0;.00nan;0;0
55315;7598;66;0;0;0;0;.00nan;0;0
55315;7840;66;71;22;1;21;.955;3600000;0
55315;7849;72;39;37;7;30;.811;3600000;0
55315;8711;72;0;0;0;0;.00nan;0;0
55338;7596;79;74;44;4;40;.909;3624000;0
55338;7904;79;0;0;0;0;.00nan;0;0
55338;8956;80;0;0;0;0;.00nan;0;0
55338;8991;80;39;15;3;12;.800;3624000;0
55341;6821;71;41;43;7;36;.837;2854000;0
55341;7864;83;52;17;2;15;.882;3600000;0
55341;8938;83;0;0;0;0;.00nan;0;0
55341;9347;71;36;6;2;4;.667;746000;0
55349;7855;84;0;0;0;0;.00nan;0;0
55349;8450;81;39;26;5;21;.808;3600000;0
55349;9004;84;31;33;6;27;.818;3586000;0
55349;9391;81;0;0;0;0;.00nan;0;0
55347;7409;70;92;45;3;42;.933;3600000;0
55347;8367;70;0;0;0;0;.00nan;0;0
55347;8420;76;0;0;0;0;.00nan;0;0
55347;9034;76;23;29;6;23;.793;3600000;0
55358;7908;64;60;25;3;22;.880;3543000;0
55358;8404;64;0;0;0;0;.00nan;0;0
55358;8429;73;0;0;0;0;.00nan;0;0
55358;9350;73;67;27;2;25;.926;3600000;0
55364;7409;70;58;13;1;12;.923;3600000;0
55364;8367;70;0;0;0;0;.00nan;0;0
55364;8429;73;61;8;0;8;1.000;450000;0
55364;9350;73;66;53;6;47;.887;3150000;0
55356;7596;79;66;42;4;38;.905;3600000;0
55356;7904;79;0;0;0;0;.00nan;0;0
55356;8499;78;0;0;0;0;.00nan;0;0
55356;9247;78;75;35;2;33;.943;3600000;0
55350;6821;71;71;31;2;29;.935;3600000;0
55350;7849;72;0;0;0;0;.00nan;0;0
55350;8711;72;48;29;4;25;.862;3543000;0
55350;9347;71;0;0;0;0;.00nan;0;0
55351;6824;67;98;21;0;21;1.000;3600000;0
55351;6939;69;70;28;2;26;.929;3600000;0
55351;7269;67;0;0;0;0;.00nan;0;0
55351;9068;69;0;0;0;0;.00nan;0;0
55986;7389;74;75;23;2;21;.913;3600000;0
55986;8442;74;0;0;0;0;.00nan;0;0
55986;8450;81;0;0;0;0;.00nan;0;0
55986;9391;81;82;59;6;53;.898;3600000;0
55344;7271;82;84;34;2;32;.941;3900000;0
55344;7864;83;0;0;0;0;.00nan;0;0
55344;8511;82;0;0;0;0;.00nan;0;0
55344;8938;83;65;31;2;29;.935;3900000;0
55361;6905;68;57;31;4;27;.871;3600000;0
55361;7598;66;46;30;5;25;.833;3600000;0
55361;7816;68;0;0;0;0;.00nan;0;0
55361;7840;66;0;0;0;0;.00nan;0;0
55375;8133;77;53;41;6;35;.854;2733000;0
55375;8939;77;45;19;3;16;.842;867000;0
55375;8956;80;68;22;2;20;.909;3600000;0
55375;8991;80;0;0;0;0;.00nan;0;0
55380;6905;68;0;0;0;0;.00nan;0;0
55380;7237;75;0;0;0;0;.00nan;0;0
55380;7816;68;66;37;3;34;.919;3600000;0
55380;9060;75;57;39;5;34;.872;3581000;0
55996;6821;71;0;0;0;0;.00nan;0;0
55996;8499;78;59;37;4;33;.892;3600000;0
55996;9247;78;0;0;0;0;.00nan;0;0
55996;9347;71;74;34;3;31;.912;3600000;0
55342;7911;65;52;27;4;23;.852;2258000;0
55342;8420;76;49;19;3;16;.842;3600000;0
55342;8953;65;50;11;1;10;.909;1330000;0
55342;9034;76;0;0;0;0;.00nan;0;0
55362;7271;82;37;17;4;13;.765;3600000;0
55362;7855;84;32;11;3;8;.727;504000;0
55362;8511;82;0;0;0;0;.00nan;0;0
55362;9004;84;81;49;3;46;.939;3096000;0
55426;7908;64;0;0;0;0;.00nan;0;0
55426;8404;64;40;25;4;21;.840;3600000;0
55426;8474;63;0;0;0;0;.00nan;0;0
55426;8476;63;70;26;2;24;.923;3600000;0
55415;7409;70;37;32;6;26;.813;3241000;0
55415;7864;83;76;36;3;33;.917;3600000;0
55415;8367;70;36;6;2;4;.667;359000;0
55415;8938;83;0;0;0;0;.00nan;0;0
55377;6939;69;84;57;5;52;.912;3600000;0
55377;7911;65;6;24;7;17;.708;3575000;0
55377;8953;65;0;0;0;0;.00nan;0;0
55377;9068;69;0;0;0;0;.00nan;0;0
55346;7237;75;36;33;6;27;.818;2643000;0
55346;8450;81;0;0;0;0;.00nan;0;0
55346;9060;75;56;5;0;5;1.000;957000;0
55346;9391;81;81;36;3;33;.917;3600000;0
56004;7389;74;48;19;3;16;.842;3600000;0
56004;8429;73;0;0;0;0;.00nan;0;0
56004;8442;74;0;0;0;0;.00nan;0;0
56004;9350;73;17;45;9;36;.800;3600000;0
55366;7596;79;58;27;3;24;.889;3600000;0
55366;7904;79;0;0;0;0;.00nan;0;0
55366;8133;77;64;36;4;32;.889;3571000;0
55366;8939;77;0;0;0;0;.00nan;0;0
55515;6821;71;66;41;5;36;.878;3600000;0
55515;8474;63;0;0;0;0;.00nan;0;0
55515;8476;63;96;17;0;17;1.000;3600000;0
55515;9347;71;0;0;0;0;.00nan;0;0
55979;6824;67;44;28;4;24;.857;3555000;0
55979;6905;68;77;24;2;22;.917;3600000;0
55979;7269;67;0;0;0;0;.00nan;0;0
55979;7816;68;0;0;0;0;.00nan;0;0
56001;6905;68;80;32;2;30;.938;3127000;0
56001;7816;68;31;11;3;8;.727;444000;0
56001;8474;63;0;0;0;0;.00nan;0;0
56001;8476;63;39;22;4;18;.818;3600000;0
55422;6939;69;75;48;4;44;.917;3546000;0
55422;8429;73;89;30;2;28;.933;3600000;0
55422;9068;69;0;0;0;0;.00nan;0;0
55422;9350;73;0;0;0;0;.00nan;0;0
55502;7409;70;0;0;0;0;.00nan;0;0
55502;7598;66;56;33;4;29;.879;3600000;0
55502;7840;66;0;0;0;0;.00nan;0;0
55502;8367;70;100;26;0;26;1.000;3600000;0
55448;7596;79;18;9;4;5;.556;1123000;0
55448;7864;83;69;25;2;23;.920;3600000;0
55448;7904;79;74;31;2;29;.935;2477000;0
55448;8938;83;0;0;0;0;.00nan;0;0
55348;7237;75;0;0;0;0;.00nan;0;0
55348;8420;76;0;0;0;0;.00nan;0;0
55348;9034;76;44;29;4;25;.862;3600000;0
55348;9060;75;100;50;0;50;1.000;3600000;0
55372;7271;82;100;34;1;33;.971;3600000;0
55372;8499;78;0;0;0;0;.00nan;0;0
55372;8511;82;0;0;0;0;.00nan;0;0
55372;9247;78;70;29;3;26;.897;3524000;0
55398;6821;71;0;0;0;0;.00nan;0;0
55398;8956;80;66;18;1;17;.944;3600000;0
55398;8991;80;0;0;0;0;.00nan;0;0
55398;9347;71;79;54;5;49;.907;3600000;0
55385;6824;67;40;24;5;19;.792;2882000;0
55385;7269;67;67;12;0;12;1.000;718000;0
55385;7271;82;93;25;1;24;.960;3600000;0
55385;8511;82;0;0;0;0;.00nan;0;0
55386;8429;73;56;14;1;13;.929;485000;0
55386;8956;80;0;0;0;0;.00nan;0;0
55386;8991;80;77;9;0;9;1.000;3600000;0
55386;9350;73;77;66;7;59;.894;3115000;0
55520;7389;74;71;23;1;22;.957;3600000;0
55520;8442;74;0;0;0;0;.00nan;0;0
55520;8499;78;56;31;4;27;.871;3600000;0
55520;9247;78;0;0;0;0;.00nan;0;0
55395;7855;84;71;53;5;48;.906;3600000;0
55395;8133;77;0;0;0;0;.00nan;0;0
55395;8939;77;62;21;2;19;.905;3600000;0
55395;9004;84;0;0;0;0;.00nan;0;0
55405;7237;75;0;0;0;0;.00nan;0;0
55405;7596;79;90;17;0;17;1.000;3600000;0
55405;7904;79;0;0;0;0;.00nan;0;0
55405;9060;75;77;38;3;35;.921;3600000;0
55357;7864;83;0;0;0;0;.00nan;0;0
55357;8420;76;61;26;2;24;.923;3589000;0
55357;8938;83;90;30;1;29;.967;3600000;0
55357;9034;76;0;0;0;0;.00nan;0;0
55369;7849;72;0;0;0;0;.00nan;0;0
55369;7911;65;52;27;4;23;.852;3600000;0
55369;8711;72;48;35;5;30;.857;3539000;0
55369;8953;65;0;0;0;0;.00nan;0;0
55409;6939;69;52;8;1;7;.875;656000;0
55409;7908;64;0;0;0;0;.00nan;0;0
55409;8404;64;55;20;2;18;.900;3600000;0
55409;9068;69;43;37;6;31;.838;2944000;0
56007;7596;79;0;0;0;0;.00nan;0;0
56007;7598;66;79;32;3;29;.906;3600000;0
56007;7840;66;0;0;0;0;.00nan;0;0
56007;7904;79;33;18;4;14;.778;3589000;0
56009;7271;82;41;38;6;32;.842;2977000;0
56009;8511;82;50;9;1;8;.889;597000;0
56009;8956;80;23;10;4;6;.600;2192000;0
56009;8991;80;39;6;2;4;.667;1408000;0
56011;7389;74;32;23;5;18;.783;3068000;0
56011;7864;83;52;3;0;3;1.000;373000;0
56011;8442;74;27;13;4;9;.692;532000;0
56011;8938;83;28;23;6;17;.739;3227000;0
56013;6905;68;0;0;0;0;.00nan;0;0
56013;7816;68;47;29;5;24;.828;3600000;0
56013;8133;77;56;59;7;52;.881;3576000;0
56013;8939;77;0;0;0;0;.00nan;0;0
56015;6821;71;65;36;4;32;.889;3540000;0
56015;8474;63;0;0;0;0;.00nan;0;0
56015;8476;63;63;22;2;20;.909;3600000;0
56015;9347;71;0;0;0;0;.00nan;0;0
56017;7409;70;99;37;1;36;.973;3600000;0
56017;7849;72;0;0;0;0;.00nan;0;0
56017;8367;70;0;0;0;0;.00nan;0;0
56017;8711;72;54;30;4;26;.867;3600000;0
56019;6939;69;99;43;2;41;.953;3600000;0
56019;7237;75;39;18;3;15;.833;3600000;0
56019;9038;69;0;0;0;0;.00nan;0;0
56019;9060;75;0;0;0;0;.00nan;0;0
56021;7908;64;77;41;4;37;.902;3600000;0
56021;8404;64;0;0;0;0;.00nan;0;0
56021;8420;76;0;0;0;0;.00nan;0;0
56021;9034;76;14;17;6;11;.647;3536000;0
56023;8450;81;0;0;0;0;.00nan;0;0
56023;8499;78;42;25;4;21;.840;3900000;0
56023;9247;78;0;0;0;0;.00nan;0;0
56023;9391;81;98;55;4;51;.927;3900000;0
56025;7855;84;45;4;1;3;.750;486000;0
56025;7911;65;9;17;6;11;.647;2801000;0
56025;8953;65;47;11;2;9;.818;921000;0
56025;9004;84;28;26;6;20;.769;3236000;0
56027;6824;67;65;24;2;22;.917;3600000;0
56027;7269;67;0;0;0;0;.00nan;0;0
56027;8429;73;0;0;0;0;.00nan;0;0
56027;9350;73;59;25;3;22;.880;3546000;0
56029;6905;68;65;26;2;24;.923;3600000;0
56029;7816;68;0;0;0;0;.00nan;0;0
56029;7849;72;63;42;4;38;.905;3600000;0
56029;8711;72;0;0;0;0;.00nan;0;0
56031;7409;70;57;12;1;11;.917;1518000;0
56031;8367;70;35;27;5;22;.815;2082000;0
56031;8474;63;56;35;5;30;.857;3600000;0
56031;8476;63;0;0;0;0;.00nan;0;0
56033;7237;75;0;0;0;0;.00nan;0;0
56033;7911;65;0;0;0;0;.00nan;0;0
56033;8953;65;51;40;4;36;.900;3900000;0
56033;9060;75;50;31;4;27;.871;3900000;0
56035;8429;73;26;12;4;8;.667;890000;0
56035;8956;80;0;0;0;0;.00nan;0;0
56035;8991;80;53;13;2;11;.846;3600000;0
56035;9350;73;98;33;0;33;1.000;2695000;0
56037;6939;69;29;8;3;5;.625;516000;0
56037;8133;77;0;0;0;0;.00nan;0;0
56037;8939;77;81;24;1;23;.958;3600000;0
56037;9068;69;60;40;4;36;.900;3084000;0
56039;6824;67;0;0;0;0;.00nan;0;0
56039;7269;67;86;48;3;45;.938;3600000;0
56039;7598;66;54;12;1;11;.917;1250000;0
56039;7840;66;17;23;6;17;.739;2350000;0
56041;7271;82;63;47;7;40;.851;3350000;0
56041;8420;76;33;19;4;15;.789;3600000;0
56041;8511;82;55;3;0;3;1.000;250000;0
56041;9034;76;0;0;0;0;.00nan;0;0
56043;7389;74;0;0;0;0;.00nan;0;0
56043;8442;74;45;29;4;25;.862;3578000;0
56043;8450;81;76;38;3;35;.921;3600000;0
56043;9391;81;0;0;0;0;.00nan;0;0
56045;7596;79;44;35;5;30;.857;3575000;0
56045;7864;83;57;29;4;25;.862;3600000;0
56045;7904;79;0;0;0;0;.00nan;0;0
56045;8938;83;0;0;0;0;.00nan;0;0
56047;6821;71;0;0;0;0;.00nan;0;0
56047;7855;84;91;44;2;42;.955;3854000;0
56047;9004;84;0;0;0;0;.00nan;0;0
56047;9347;71;51;16;3;13;.813;3853000;0
56049;7908;64;0;0;0;0;.00nan;0;0
56049;8404;64;91;41;2;39;.951;3600000;0
56049;8499;78;0;0;0;0;.00nan;0;0
56049;9247;78;35;31;6;25;.806;3600000;0
56051;7237;75;86;43;3;40;.930;3600000;0
56051;7409;70;68;36;4;32;.889;3578000;0
56051;8367;70;0;0;0;0;.00nan;0;0
56051;9060;75;0;0;0;0;.00nan;0;0
56053;7855;84;0;0;0;0;.00nan;0;0
56053;8429;73;0;0;0;0;.00nan;0;0
56053;9004;84;68;30;2;28;.933;3600000;0
56053;9350;73;60;37;5;32;.865;3600000;0
56055;7911;65;92;47;3;44;.936;3827000;0
56055;8450;81;0;0;0;0;.00nan;0;0
56055;8953;65;0;0;0;0;.00nan;0;0
56055;9391;81;53;14;2;12;.857;3827000;0
56057;7271;82;62;27;3;24;.889;3600000;0
56057;7598;66;30;27;6;21;.778;3600000;0
56057;7840;66;0;0;0;0;.00nan;0;0
56057;8511;82;0;0;0;0;.00nan;0;0
56059;7864;83;71;40;4;36;.900;3846000;0
56059;8420;76;0;0;0;0;.00nan;0;0
56059;8938;83;0;0;0;0;.00nan;0;0
56059;9034;76;54;36;4;32;.889;3900000;0
56061;8474;63;100;26;0;26;1.000;3600000;0
56061;8476;63;0;0;0;0;.00nan;0;0
56061;8499;78;38;37;6;31;.838;3600000;0
56061;9247;78;0;0;0;0;.00nan;0;0
56063;6905;68;0;0;0;0;.00nan;0;0
56063;7816;68;62;15;1;14;.933;3900000;0
56063;7849;72;0;0;0;0;.00nan;0;0
56063;8711;72;95;36;1;35;.972;3900000;0
56065;6821;71;51;28;4;24;.857;3610000;0
56065;7596;79;0;0;0;0;.00nan;0;0
56065;7904;79;38;28;5;23;.821;3610000;0
56065;9347;71;0;0;0;0;.00nan;0;0
56067;6939;69;92;76;6;70;.921;3600000;0
56067;8956;80;66;11;1;10;.909;3600000;0
56067;8991;80;0;0;0;0;.00nan;0;0
56067;9068;69;0;0;0;0;.00nan;0;0
56069;7908;64;61;27;3;24;.889;3600000;0
56069;8133;77;26;26;6;20;.769;2285000;0
56069;8404;64;0;0;0;0;.00nan;0;0
56069;8939;77;48;13;2;11;.846;1315000;0
56071;6824;67;27;32;6;26;.813;2953000;0
56071;7269;67;50;3;0;3;1.000;647000;0
56071;7389;74;64;31;3;28;.903;3600000;0
56071;8442;74;0;0;0;0;.00nan;0;0
56073;7596;79;45;44;6;38;.864;3900000;0
56073;7904;79;0;0;0;0;.00nan;0;0
56073;8420;76;53;46;6;40;.870;3900000;0
56073;9034;76;0;0;0;0;.00nan;0;0
56075;7911;65;46;42;7;35;.833;2294000;0
56075;8450;81;61;29;3;26;.897;3600000;0
56075;8953;65;55;21;2;19;.905;1306000;0
56075;9391;81;0;0;0;0;.00nan;0;0
56077;7271;82;62;10;0;10;1.000;860000;0
56077;8474;63;64;25;2;23;.920;3600000;0
56077;8476;63;0;0;0;0;.00nan;0;0
56077;8511;82;19;23;6;17;.739;2740000;0
56079;6939;69;44;23;4;19;.826;2000000;0
56079;7855;84;65;18;1;17;.944;3600000;0
56079;9004;84;0;0;0;0;.00nan;0;0
56079;9068;69;32;30;6;24;.800;1600000;0
56081;7389;74;0;0;0;0;.00nan;0;0
56081;8429;73;17;22;6;16;.727;2226000;0
56081;8442;74;47;21;3;18;.857;3600000;0
56081;9350;73;75;25;1;24;.960;1374000;0
56083;7864;83;0;0;0;0;.00nan;0;0
56083;7908;64;0;0;0;0;.00nan;0;0
56083;8404;64;46;30;4;26;.867;3586000;0
56083;8938;83;53;20;3;17;.850;3600000;0
56085;7237;75;66;45;4;41;.911;3087000;0
56085;8956;80;0;0;0;0;.00nan;0;0
56085;8991;80;60;20;2;18;.900;3600000;0
56085;9060;75;33;9;3;6;.667;513000;0
56087;7409;70;0;0;0;0;.00nan;0;0
56087;7598;66;0;0;0;0;.00nan;0;0
56087;7840;66;95;18;0;18;1.000;3600000;0
56087;8367;70;44;37;5;32;.865;3600000;0
56089;6824;67;96;48;2;46;.958;3600000;0
56089;7269;67;0;0;0;0;.00nan;0;0
56089;7849;72;61;27;3;24;.889;3600000;0
56089;8711;72;0;0;0;0;.00nan;0;0
56091;6905;68;65;16;1;15;.938;3600000;0
56091;7816;68;0;0;0;0;.00nan;0;0
56091;8133;77;70;53;6;47;.887;3342000;0
56091;8939;77;38;8;2;6;.750;258000;0
56093;6821;71;0;0;0;0;.00nan;0;0
56093;8499;78;0;0;0;0;.00nan;0;0
56093;9247;78;61;34;4;30;.882;3582000;0
56093;9347;71;71;37;3;34;.919;3600000;0
56095;7389;74;73;35;3;32;.914;3565000;0
56095;7864;83;0;0;0;0;.00nan;0;0
56095;8442;74;0;0;0;0;.00nan;0;0
56095;8938;83;74;31;2;29;.935;3600000;0
56097;6939;69;81;35;2;33;.943;3582000;0
56097;8474;63;0;0;0;0;.00nan;0;0
56097;8476;63;57;11;1;10;.909;3600000;0
56097;9068;69;0;0;0;0;.00nan;0;0
56099;7237;75;72;44;4;40;.909;3600000;0
56099;7409;70;67;25;2;23;.920;3600000;0
56099;8367;70;0;0;0;0;.00nan;0;0
56099;9060;75;0;0;0;0;.00nan;0;0
56101;8450;81;45;20;3;17;.850;1336000;0
56101;8956;80;55;17;2;15;.882;3600000;0
56101;8991;80;0;0;0;0;.00nan;0;0
56101;9391;81;37;28;5;23;.821;2264000;0
56103;7855;84;65;30;3;27;.900;3600000;0
56103;7911;65;47;26;4;22;.846;3554000;0
56103;8953;65;0;0;0;0;.00nan;0;0
56103;9004;84;0;0;0;0;.00nan;0;0
56105;6824;67;54;25;4;21;.840;3600000;0
56105;7269;67;0;0;0;0;.00nan;0;0
56105;7908;64;0;0;0;0;.00nan;0;0
56105;8404;64;60;26;3;23;.885;3600000;0
56107;6905;68;0;0;0;0;.00nan;0;0
56107;7598;66;0;0;0;0;.00nan;0;0
56107;7816;68;87;38;2;36;.947;3600000;0
56107;7840;66;56;36;4;32;.889;3571000;0
56109;7849;72;0;0;0;0;.00nan;0;0
56109;8420;76;0;0;0;0;.00nan;0;0
56109;8711;72;38;29;5;24;.828;3600000;0
56109;9034;76;67;29;2;27;.931;3600000;0
56111;8429;73;0;0;0;0;.00nan;0;0
56111;8499;78;0;0;0;0;.00nan;0;0
56111;9247;78;58;19;2;17;.895;3600000;0
56111;9350;73;56;46;6;40;.870;3600000;0
56113;6821;71;73;30;2;28;.933;3600000;0
56113;7596;79;91;42;3;39;.929;3545000;0
56113;7904;79;0;0;0;0;.00nan;0;0
56113;9347;71;0;0;0;0;.00nan;0;0
56115;7271;82;51;17;2;15;.882;3600000;0
56115;8133;77;89;41;3;38;.927;3578000;0
56115;8511;82;0;0;0;0;.00nan;0;0
56115;8939;77;0;0;0;0;.00nan;0;0
56117;7598;66;48;20;3;17;.850;3600000;0
56117;7840;66;0;0;0;0;.00nan;0;0
56117;7911;65;89;49;4;45;.918;3571000;0
56117;8953;65;0;0;0;0;.00nan;0;0
56119;6905;68;0;0;0;0;.00nan;0;0
56119;7816;68;52;22;3;19;.864;3900000;0
56119;7908;64;85;54;3;51;.944;3900000;0
56119;8404;64;0;0;0;0;.00nan;0;0
56121;7864;83;59;41;5;36;.878;3608000;0
56121;8938;83;0;0;0;0;.00nan;0;0
56121;8956;80;45;26;4;22;.846;3608000;0
56121;8991;80;0;0;0;0;.00nan;0;0
56123;8429;73;16;12;5;7;.583;932000;0
56123;8450;81;0;0;0;0;.00nan;0;0
56123;9350;73;57;32;3;29;.906;2668000;0
56123;9391;81;96;18;0;18;1.000;3600000;0
56125;6939;69;64;44;5;39;.886;3600000;0
56125;7389;74;92;17;0;17;1.000;3600000;0
56125;8442;74;0;0;0;0;.00nan;0;0
56125;9068;69;0;0;0;0;.00nan;0;0
56127;7596;79;48;29;4;25;.862;3567000;0
56127;7904;79;0;0;0;0;.00nan;0;0
56127;8499;78;68;27;2;25;.926;3600000;0
56127;9247;78;0;0;0;0;.00nan;0;0
56129;7271;82;65;39;4;35;.897;3551000;0
56129;7849;72;0;0;0;0;.00nan;0;0
56129;8511;82;0;0;0;0;.00nan;0;0
56129;8711;72;74;36;3;33;.917;3600000;0
56131;6821;71;64;18;1;17;.944;3600000;0
56131;7237;75;0;0;0;0;.00nan;0;0
56131;9060;75;67;54;6;48;.889;3600000;0
56131;9347;71;0;0;0;0;.00nan;0;0
56133;8133;77;47;41;6;35;.854;2985000;0
56133;8474;63;57;12;1;11;.917;3600000;0
56133;8476;63;0;0;0;0;.00nan;0;0
56133;8939;77;71;15;0;15;1.000;615000;0
56135;7409;70;60;4;0;4;1.000;560000;0
56135;8367;70;7;17;6;11;.647;2997000;0
56135;8420;76;60;37;5;32;.865;3600000;0
56135;9034;76;0;0;0;0;.00nan;0;0
56137;6824;67;48;32;5;27;.844;3900000;0
56137;7269;67;0;0;0;0;.00nan;0;0
56137;7855;84;58;39;5;34;.872;3900000;0
56137;9004;84;0;0;0;0;.00nan;0;0
56139;7855;84;0;0;0;0;.00nan;0;0
56139;8420;76;40;3;1;2;.667;731000;0
56139;9004;84;69;47;4;43;.915;3600000;0
56139;9034;76;19;26;6;20;.769;2869000;0
56141;7237;75;55;24;3;21;.875;3560000;0
56141;7849;72;63;20;2;18;.900;3600000;0
56141;8711;72;0;0;0;0;.00nan;0;0
56141;9060;75;0;0;0;0;.00nan;0;0
56143;7409;70;57;33;5;28;.848;3600000;0
56143;7598;66;0;0;0;0;.00nan;0;0
56143;7840;66;80;31;2;29;.935;3600000;0
56143;8367;70;0;0;0;0;.00nan;0;0
56145;6824;67;0;0;0;0;.00nan;0;0
56145;7269;67;75;51;4;47;.922;3873000;0
56145;7908;64;0;0;0;0;.00nan;0;0
56145;8404;64;49;21;3;18;.857;3872000;0
56147;6905;68;52;17;2;15;.882;3600000;0
56147;7816;68;0;0;0;0;.00nan;0;0
56147;8429;73;39;37;6;31;.838;2263000;0
56147;9350;73;76;18;0;18;1.000;1337000;0
56149;7389;74;69;43;5;38;.884;3891000;0
56149;8442;74;0;0;0;0;.00nan;0;0
56149;8474;63;0;0;0;0;.00nan;0;0
56149;8476;63;44;36;5;31;.861;3900000;0
56151;6821;71;0;0;0;0;.00nan;0;0
56151;6939;69;61;50;6;44;.880;3111000;0
56151;9068;69;49;2;0;2;1.000;489000;0
56151;9347;71;79;12;0;12;1.000;3600000;0
56153;8450;81;0;0;0;0;.00nan;0;0
56153;8499;78;0;0;0;0;.00nan;0;0
56153;9247;78;52;25;3;22;.880;3542000;0
56153;9391;81;73;29;2;27;.931;3600000;0
56155;7596;79;0;0;0;0;.00nan;0;0
56155;7904;79;55;21;2;19;.905;3600000;0
56155;7911;65;75;46;5;41;.891;3600000;0
56155;8953;65;0;0;0;0;.00nan;0;0
56157;8133;77;0;0;0;0;.00nan;0;0
56157;8939;77;63;50;5;45;.900;3600000;0
56157;8956;80;0;0;0;0;.00nan;0;0
56157;8991;80;46;12;2;10;.833;3600000;0
56159;7271;82;32;32;6;26;.813;2558000;0
56159;7864;83;0;0;0;0;.00nan;0;0
56159;8511;82;54;9;1;8;.889;957000;0
56159;8938;83;53;35;5;30;.857;3600000;0
56160;7966;122;72;32;2;30;.938;3900000;0
56160;8015;122;0;0;0;0;.00nan;0;0
56160;8150;113;0;0;0;0;.00nan;0;0
56160;9341;113;77;30;2;28;.933;3900000;0
56161;7425;121;59;48;5;43;.896;3600000;0
56161;8658;117;0;0;0;0;.00nan;0;0
56161;9224;117;86;16;0;16;1.000;3600000;0
56161;9339;121;0;0;0;0;.00nan;0;0
56162;8529;111;19;8;4;4;.500;496000;0
56162;8564;110;82;27;2;25;.926;3600000;0
56162;9199;110;0;0;0;0;.00nan;0;0
56162;9202;111;77;42;3;39;.929;3104000;0
56163;7966;122;0;0;0;0;.00nan;0;0
56163;8014;105;0;0;0;0;.00nan;0;0
56163;8015;122;50;37;5;32;.865;3600000;0
56163;9313;105;73;26;2;24;.923;3600000;0
56164;8057;120;0;0;0;0;.00nan;0;0
56164;8108;116;0;0;0;0;.00nan;0;0
56164;8590;120;91;37;1;36;.973;3900000;0
56164;8612;116;67;19;1;18;.947;3900000;0
56165;7538;109;67;21;2;19;.905;3900000;0
56165;8150;113;98;46;2;44;.957;3900000;0
56165;8626;109;0;0;0;0;.00nan;0;0
56165;9341;113;0;0;0;0;.00nan;0;0
56166;7993;108;64;23;2;21;.913;3600000;0
56166;8031;106;83;40;3;37;.925;3582000;0
56166;8056;108;0;0;0;0;.00nan;0;0
56166;8549;106;0;0;0;0;.00nan;0;0
56167;7999;107;51;3;0;3;1.000;347000;0
56167;8109;107;39;30;5;25;.833;3253000;0
56167;8595;114;0;0;0;0;.00nan;0;0
56167;9361;114;76;25;1;24;.960;3600000;0
56168;8629;118;61;16;1;15;.938;3600000;0
56168;8703;119;59;60;7;53;.883;3600000;0
56168;8717;119;0;0;0;0;.00nan;0;0
56168;9121;118;0;0;0;0;.00nan;0;0
56169;8014;105;0;0;0;0;.00nan;0;0
56169;8529;111;37;24;4;20;.833;3632000;0
56169;9202;111;0;0;0;0;.00nan;0;0
56169;9313;105;65;46;5;41;.891;3632000;0
56170;7425;121;43;27;4;23;.852;2023000;0
56170;8658;117;0;0;0;0;.00nan;0;0
56170;9224;117;35;14;3;11;.786;3600000;0
56170;9339;121;22;24;6;18;.750;1577000;0
56171;7461;115;57;39;5;34;.872;3600000;0
56171;7466;112;0;0;0;0;.00nan;0;0
56171;9114;112;56;27;3;24;.889;3600000;0
56171;9312;115;0;0;0;0;.00nan;0;0
56172;7538;109;0;0;0;0;.00nan;0;0
56172;7993;108;0;0;0;0;.00nan;0;0
56172;8056;108;48;35;5;30;.857;3600000;0
56172;8626;109;34;32;6;26;.813;3587000;0
56173;7999;107;39;24;4;20;.833;3600000;0
56173;8031;106;0;0;0;0;.00nan;0;0
56173;8109;107;0;0;0;0;.00nan;0;0
56173;8549;106;89;29;1;28;.966;3600000;0
56174;8564;110;0;0;0;0;.00nan;0;0
56174;8595;114;42;28;5;23;.821;3301000;0
56174;9199;110;41;26;4;22;.846;3600000;0
56174;9361;114;54;5;0;5;1.000;249000;0
56175;8057;120;45;40;6;34;.850;3547000;0
56175;8108;116;42;29;5;24;.828;3600000;0
56175;8590;120;0;0;0;0;.00nan;0;0
56175;8612;116;0;0;0;0;.00nan;0;0
56176;7461;115;0;0;0;0;.00nan;0;0
56176;7466;112;27;21;5;16;.762;3576000;0
56176;9114;112;0;0;0;0;.00nan;0;0
56176;9312;115;83;37;3;34;.919;3600000;0
56177;8629;118;0;0;0;0;.00nan;0;0
56177;8703;119;0;0;0;0;.00nan;0;0
56177;8717;119;39;31;6;25;.806;3600000;0
56177;9121;118;46;30;4;26;.867;3600000;0
56178;8057;120;0;0;0;0;.00nan;0;0
56178;8590;120;64;18;1;17;.944;3600000;0
56178;8703;119;35;47;8;39;.830;3600000;0
56178;8717;119;0;0;0;0;.00nan;0;0
56179;7999;107;16;8;4;4;.500;607000;0
56179;8109;107;68;23;1;22;.957;2984000;0
56179;8595;114;0;0;0;0;.00nan;0;0
56179;9361;114;48;21;3;18;.857;3600000;0
56180;7425;121;44;41;6;35;.854;3273000;0
56180;8057;120;0;0;0;0;.00nan;0;0
56180;8590;120;48;14;2;12;.857;3600000;0
56180;9339;121;49;2;0;2;1.000;327000;0
56181;8629;118;69;37;4;33;.892;3677000;0
56181;8658;117;0;0;0;0;.00nan;0;0
56181;9121;118;0;0;0;0;.00nan;0;0
56181;9224;117;62;26;3;23;.885;3677000;0
56182;7512;113;72;38;3;35;.921;3900000;0
56182;8031;106;55;27;3;24;.889;3900000;0
56182;8549;106;0;0;0;0;.00nan;0;0
56182;9341;113;0;0;0;0;.00nan;0;0
56183;7538;109;48;16;2;14;.875;3600000;0
56183;8014;105;0;0;0;0;.00nan;0;0
56183;8626;109;0;0;0;0;.00nan;0;0
56183;9313;105;83;53;4;49;.925;3513000;0
56184;7461;115;69;43;4;39;.907;3544000;0
56184;8529;111;68;27;3;24;.889;3600000;0
56184;9202;111;0;0;0;0;.00nan;0;0
56184;9312;115;0;0;0;0;.00nan;0;0
56185;7466;112;54;11;1;10;.909;1428000;0
56185;7993;108;46;31;5;26;.839;3600000;0
56185;8056;108;0;0;0;0;.00nan;0;0
56185;9114;112;29;35;6;29;.829;2106000;0
56186;7425;121;0;0;0;0;.00nan;0;0
56186;8057;120;51;15;2;13;.867;3600000;0
56186;8590;120;0;0;0;0;.00nan;0;0
56186;9339;121;56;27;3;24;.889;3600000;0
56187;8658;117;75;19;1;18;.947;3600000;0
56187;8703;119;0;0;0;0;.00nan;0;0
56187;8717;119;61;45;6;39;.867;3600000;0
56187;9224;117;0;0;0;0;.00nan;0;0
56188;8108;116;52;16;2;14;.875;3600000;0
56188;8612;116;0;0;0;0;.00nan;0;0
56188;8629;118;0;0;0;0;.00nan;0;0
56188;9121;118;92;60;4;56;.933;3553000;0
56189;7966;122;60;39;5;34;.872;3574000;0
56189;8015;122;0;0;0;0;.00nan;0;0
56189;8564;110;48;21;3;18;.857;3600000;0
56189;9199;110;0;0;0;0;.00nan;0;0
56190;7512;113;0;0;0;0;.00nan;0;0
56190;7538;109;54;24;3;21;.875;3600000;0
56190;8626;109;0;0;0;0;.00nan;0;0
56190;9341;113;34;31;6;25;.806;3600000;0
56191;8014;105;0;0;0;0;.00nan;0;0
56191;8031;106;0;0;0;0;.00nan;0;0
56191;8549;106;41;37;6;31;.838;3552000;0
56191;9313;105;91;47;4;43;.915;3600000;0
56192;8108;116;0;0;0;0;.00nan;0;0
56192;8612;116;89;19;0;19;1.000;3600000;0
56192;8703;119;12;12;5;7;.583;1106000;0
56192;8717;119;47;26;4;22;.846;2494000;0
56193;7461;115;0;0;0;0;.00nan;0;0
56193;8595;114;0;0;0;0;.00nan;0;0
56193;9312;115;59;39;5;34;.872;3600000;0
56193;9361;114;90;27;1;26;.963;3600000;0
56194;7466;112;0;0;0;0;.00nan;0;0
56194;7993;108;0;0;0;0;.00nan;0;0
56194;8056;108;55;18;2;16;.889;3600000;0
56194;9114;112;79;46;4;42;.913;3522000;0
56195;7999;107;47;43;6;37;.860;2594000;0
56195;8109;107;13;14;5;9;.643;1006000;0
56195;8529;111;0;0;0;0;.00nan;0;0
56195;9202;111;68;27;2;25;.926;3600000;0
56196;7966;122;0;0;0;0;.00nan;0;0
56196;8015;122;79;44;4;40;.909;3541000;0
56196;8564;110;0;0;0;0;.00nan;0;0
56196;9199;110;51;16;2;14;.875;3600000;0
56197;7966;122;0;0;0;0;.00nan;0;0
56197;8015;122;44;35;5;30;.857;3600000;0
56197;8031;106;75;33;3;30;.909;3600000;0
56197;8549;106;0;0;0;0;.00nan;0;0
56198;7425;121;0;0;0;0;.00nan;0;0
56198;8703;119;37;29;5;24;.828;3600000;0
56198;8717;119;0;0;0;0;.00nan;0;0
56198;9339;121;79;32;2;30;.938;3600000;0
56199;7538;109;59;28;3;25;.893;3900000;0
56199;7993;108;83;40;3;37;.925;3900000;0
56199;8056;108;0;0;0;0;.00nan;0;0
56199;8626;109;0;0;0;0;.00nan;0;0
56200;8057;120;0;0;0;0;.00nan;0;0
56200;8590;120;62;21;2;19;.905;3600000;0
56200;8595;114;0;0;0;0;.00nan;0;0
56200;9361;114;51;35;5;30;.857;3600000;0
56201;7538;109;0;0;0;0;.00nan;0;0
56201;8014;105;0;0;0;0;.00nan;0;0
56201;8626;109;44;23;4;19;.826;3548000;0
56201;9313;105;85;37;3;34;.919;3600000;0
56202;8057;120;0;0;0;0;.00nan;0;0
56202;8590;120;49;8;1;7;.875;3600000;0
56202;8703;119;95;47;3;44;.936;3596000;0
56202;8717;119;0;0;0;0;.00nan;0;0
56203;8629;118;66;30;3;27;.900;3600000;0
56203;8658;117;0;0;0;0;.00nan;0;0
56203;9121;118;0;0;0;0;.00nan;0;0
56203;9224;117;56;32;4;28;.875;3561000;0
56204;7466;112;0;0;0;0;.00nan;0;0
56204;8529;111;55;35;4;31;.886;3535000;0
56204;9114;112;83;34;2;32;.941;3600000;0
56204;9202;111;0;0;0;0;.00nan;0;0
56205;7461;115;93;19;0;19;1.000;3600000;0
56205;7999;107;36;32;6;26;.813;3600000;0
56205;8109;107;0;0;0;0;.00nan;0;0
56205;9312;115;0;0;0;0;.00nan;0;0
56206;7512;113;51;42;6;36;.857;3600000;0
56206;8108;116;0;0;0;0;.00nan;0;0
56206;8612;116;64;27;2;25;.926;3600000;0
56206;9341;113;0;0;0;0;.00nan;0;0
56207;7993;108;72;47;5;42;.894;3600000;0
56207;8056;108;0;0;0;0;.00nan;0;0
56207;8564;110;0;0;0;0;.00nan;0;0
56207;9199;110;56;22;2;20;.909;3600000;0
56208;7966;122;52;31;4;27;.871;3597000;0
56208;8015;122;0;0;0;0;.00nan;0;0
56208;8031;106;85;37;3;34;.919;3600000;0
56208;8549;106;0;0;0;0;.00nan;0;0
56209;7425;121;72;22;1;21;.955;1725000;0
56209;8595;114;0;0;0;0;.00nan;0;0
56209;9339;121;28;31;6;25;.806;1875000;0
56209;9361;114;63;24;2;22;.917;3600000;0
56210;8057;120;76;10;0;10;1.000;3600000;0
56210;8590;120;0;0;0;0;.00nan;0;0
56210;8703;119;53;11;1;10;.909;1280000;0
56210;8717;119;24;27;6;21;.778;2320000;0
56211;7425;121;46;35;5;30;.857;3600000;0
56211;8658;117;87;23;1;22;.957;3600000;0
56211;9224;117;0;0;0;0;.00nan;0;0
56211;9339;121;0;0;0;0;.00nan;0;0
56212;8014;105;70;62;7;55;.887;3226000;0
56212;8108;116;71;10;0;10;1.000;3600000;0
56212;8612;116;0;0;0;0;.00nan;0;0
56212;9313;105;57;8;0;8;1.000;374000;0
56213;7466;112;73;46;4;42;.913;3600000;0
56213;8564;110;43;31;5;26;.839;3575000;0
56213;9114;112;0;0;0;0;.00nan;0;0
56213;9199;110;0;0;0;0;.00nan;0;0
56214;7538;109;72;21;1;20;.952;3600000;0
56214;7966;122;0;0;0;0;.00nan;0;0
56214;8015;122;67;52;5;47;.904;3600000;0
56214;8626;109;0;0;0;0;.00nan;0;0
56215;7512;113;71;37;4;33;.892;3600000;0
56215;8031;106;0;0;0;0;.00nan;0;0
56215;8549;106;28;24;5;19;.792;3575000;0
56215;9341;113;0;0;0;0;.00nan;0;0
56216;8595;114;50;37;6;31;.838;2927000;0
56216;8629;118;89;32;1;31;.969;3600000;0
56216;9121;118;0;0;0;0;.00nan;0;0
56216;9361;114;65;8;0;8;1.000;673000;0
56217;7461;115;82;31;2;29;.935;3600000;0
56217;8014;105;0;0;0;0;.00nan;0;0
56217;9312;115;0;0;0;0;.00nan;0;0
56217;9313;105;63;58;8;50;.862;3600000;0
56218;7993;108;59;39;5;34;.872;3600000;0
56218;8056;108;0;0;0;0;.00nan;0;0
56218;8529;111;5;12;6;6;.500;3127000;0
56218;9202;111;37;7;2;5;.714;473000;0
56219;7999;107;33;33;6;27;.818;2939000;0
56219;8108;116;63;15;1;14;.933;3600000;0
56219;8109;107;38;15;3;12;.800;661000;0
56219;8612;116;0;0;0;0;.00nan;0;0
56220;8658;117;0;0;0;0;.00nan;0;0
56220;8703;119;52;41;5;36;.878;3600000;0
56220;8717;119;0;0;0;0;.00nan;0;0
56220;9224;117;78;11;0;11;1.000;3600000;0
56221;7461;115;40;32;6;26;.813;1924000;0
56221;7999;107;0;0;0;0;.00nan;0;0
56221;8109;107;49;28;4;24;.857;3600000;0
56221;9312;115;57;10;1;9;.900;1676000;0
56222;7538;109;84;34;1;33;.971;3600000;0
56222;8031;106;71;35;3;32;.914;3537000;0
56222;8549;106;0;0;0;0;.00nan;0;0
56222;8626;109;0;0;0;0;.00nan;0;0
56223;7512;113;45;27;4;23;.852;3692000;0
56223;7966;122;0;0;0;0;.00nan;0;0
56223;8015;122;52;35;5;30;.857;3692000;0
56223;9341;113;0;0;0;0;.00nan;0;0
56224;7466;112;0;0;0;0;.00nan;0;0
56224;8595;114;73;30;2;28;.933;3052000;0
56224;9114;112;97;52;2;50;.962;3600000;0
56224;9361;114;34;14;3;11;.786;548000;0
56225;8529;111;0;0;0;0;.00nan;0;0
56225;8564;110;0;0;0;0;.00nan;0;0
56225;9199;110;52;30;4;26;.867;3600000;0
56225;9202;111;20;23;5;18;.783;3553000;0
56226;7512;113;84;35;2;33;.943;3600000;0
56226;8703;119;58;37;5;32;.865;3600000;0
56226;8717;119;0;0;0;0;.00nan;0;0
56226;9341;113;0;0;0;0;.00nan;0;0
56227;8057;120;54;28;4;24;.857;3545000;0
56227;8590;120;0;0;0;0;.00nan;0;0
56227;8658;117;0;0;0;0;.00nan;0;0
56227;9224;117;74;36;3;33;.917;3600000;0
56228;7425;121;65;24;2;22;.917;3900000;0
56228;7999;107;0;0;0;0;.00nan;0;0
56228;8109;107;64;27;2;25;.926;3900000;0
56228;9339;121;0;0;0;0;.00nan;0;0
56229;8564;110;0;0;0;0;.00nan;0;0
56229;8703;119;0;0;0;0;.00nan;0;0
56229;8717;119;82;59;6;53;.898;3600000;0
56229;9199;110;49;11;3;8;.727;3600000;0
56230;7512;113;78;20;1;19;.950;3600000;0
56230;8529;111;54;31;4;27;.871;3600000;0
56230;9202;111;0;0;0;0;.00nan;0;0
56230;9341;113;0;0;0;0;.00nan;0;0
56231;7999;107;76;44;3;41;.932;3600000;0
56231;8057;120;0;0;0;0;.00nan;0;0
56231;8109;107;0;0;0;0;.00nan;0;0
56231;8590;120;56;14;1;13;.929;3600000;0
56232;7461;115;56;24;3;21;.875;3600000;0
56232;7966;122;62;37;4;33;.892;3587000;0
56232;8015;122;0;0;0;0;.00nan;0;0
56232;9312;115;0;0;0;0;.00nan;0;0
56233;7466;112;0;0;0;0;.00nan;0;0
56233;7538;109;48;27;4;23;.852;3600000;0
56233;8626;109;0;0;0;0;.00nan;0;0
56233;9114;112;75;20;1;19;.950;3600000;0
56234;8014;105;0;0;0;0;.00nan;0;0
56234;8629;118;50;28;3;25;.893;3870000;0
56234;9121;118;0;0;0;0;.00nan;0;0
56234;9313;105;93;54;3;51;.944;3900000;0
56235;7993;108;61;35;4;31;.886;3600000;0
56235;8031;106;24;28;6;22;.786;3600000;0
56235;8056;108;0;0;0;0;.00nan;0;0
56235;8549;106;0;0;0;0;.00nan;0;0
56236;8595;114;0;0;0;0;.00nan;0;0
56236;8703;119;41;47;7;40;.851;3600000;0
56236;8717;119;0;0;0;0;.00nan;0;0
56236;9361;114;58;26;3;23;.885;3600000;0
56237;8108;116;0;0;0;0;.00nan;0;0
56237;8612;116;76;24;1;23;.958;3600000;0
56237;8658;117;0;0;0;0;.00nan;0;0
56237;9224;117;36;44;7;37;.841;3600000;0
56238;7993;108;0;0;0;0;.00nan;0;0
56238;8056;108;73;38;3;35;.921;3600000;0
56238;8529;111;43;27;4;23;.852;3249000;0
56238;9202;111;12;4;4;0;.000;351000;0
56239;7461;115;0;0;0;0;.00nan;0;0
56239;7966;122;0;0;0;0;.00nan;0;0
56239;8015;122;79;42;4;38;.905;3600000;0
56239;9312;115;82;31;1;30;.968;3600000;0
56240;7466;112;68;32;3;29;.906;3900000;0
56240;7538;109;0;0;0;0;.00nan;0;0
56240;8626;109;72;37;3;34;.919;3900000;0
56240;9114;112;0;0;0;0;.00nan;0;0
56241;8564;110;82;27;1;26;.963;3600000;0
56241;8629;118;0;0;0;0;.00nan;0;0
56241;9121;118;56;32;4;28;.875;3600000;0
56241;9199;110;0;0;0;0;.00nan;0;0
56242;7512;113;49;59;8;51;.864;3600000;0
56242;8014;105;56;23;3;20;.870;3600000;0
56242;9313;105;0;0;0;0;.00nan;0;0
56242;9341;113;0;0;0;0;.00nan;0;0
56243;7999;107;42;28;4;24;.857;1977000;0
56243;8109;107;43;36;6;30;.833;1623000;0
56243;8658;117;57;8;1;7;.875;3600000;0
56243;9224;117;0;0;0;0;.00nan;0;0
56244;7425;121;0;0;0;0;.00nan;0;0
56244;8108;116;63;15;1;14;.933;3600000;0
56244;8612;116;0;0;0;0;.00nan;0;0
56244;9339;121;68;65;7;58;.892;3600000;0
56245;7466;112;71;33;3;30;.909;3073000;0
56245;8031;106;45;29;5;24;.828;2996000;0
56245;8549;106;55;3;0;3;1.000;604000;0
56245;9114;112;24;5;3;2;.400;504000;0
56246;8595;114;0;0;0;0;.00nan;0;0
56246;8629;118;76;37;3;34;.919;3895000;0
56246;9121;118;0;0;0;0;.00nan;0;0
56246;9361;114;81;30;2;28;.933;3895000;0
56247;8057;120;0;0;0;0;.00nan;0;0
56247;8108;116;75;30;2;28;.933;3600000;0
56247;8590;120;59;31;4;27;.871;3560000;0
56247;8612;116;0;0;0;0;.00nan;0;0
56248;8529;111;89;33;2;31;.939;3600000;0
56248;8595;114;0;0;0;0;.00nan;0;0
56248;9202;111;0;0;0;0;.00nan;0;0
56248;9361;114;79;46;4;42;.913;3515000;0
56249;7461;115;19;9;4;5;.556;883000;0
56249;8014;105;0;0;0;0;.00nan;0;0
56249;9312;115;77;38;3;35;.921;2717000;0
56249;9313;105;77;32;3;29;.906;3600000;0
56250;8031;106;74;28;2;26;.929;3900000;0
56250;8549;106;0;0;0;0;.00nan;0;0
56250;8703;119;0;0;0;0;.00nan;0;0
56250;8717;119;89;48;2;46;.958;3900000;0
56251;8564;110;55;15;2;13;.867;3600000;0
56251;8703;119;77;45;3;42;.933;3600000;0
56251;8717;119;0;0;0;0;.00nan;0;0
56251;9199;110;0;0;0;0;.00nan;0;0
56252;7538;109;55;37;5;32;.865;3600000;0
56252;8057;120;0;0;0;0;.00nan;0;0
56252;8590;120;100;28;0;28;1.000;3600000;0
56252;8626;109;0;0;0;0;.00nan;0;0
56253;8031;106;0;0;0;0;.00nan;0;0
56253;8108;116;0;0;0;0;.00nan;0;0
56253;8549;106;50;45;5;40;.889;3600000;0
56253;8612;116;14;21;6;15;.714;3572000;0
56254;7461;115;80;41;3;38;.927;3600000;0
56254;8614;112;64;25;2;23;.920;3600000;0
56254;9114;112;0;0;0;0;.00nan;0;0
56254;9312;115;0;0;0;0;.00nan;0;0
56255;7512;113;44;34;5;29;.853;3600000;0
56255;7999;107;0;0;0;0;.00nan;0;0
56255;8109;107;87;29;1;28;.966;3600000;0
56255;9341;113;0;0;0;0;.00nan;0;0
56256;8014;105;0;0;0;0;.00nan;0;0
56256;8529;111;32;23;5;18;.783;3600000;0
56256;9202;111;0;0;0;0;.00nan;0;0
56256;9313;105;90;62;6;56;.903;3567000;0
56257;7966;122;0;0;0;0;.00nan;0;0
56257;8015;122;68;39;4;35;.897;3600000;0
56257;8595;114;0;0;0;0;.00nan;0;0
56257;9361;114;62;27;2;25;.926;3600000;0
56258;7461;115;0;0;0;0;.00nan;0;0
56258;8614;112;0;0;0;0;.00nan;0;0
56258;9114;112;37;21;4;17;.810;3600000;0
56258;9312;115;94;32;1;31;.969;3600000;0
56259;7966;122;49;41;5;36;.878;3600000;0
56259;7993;108;0;0;0;0;.00nan;0;0
56259;8015;122;0;0;0;0;.00nan;0;0
56259;8056;108;85;36;2;34;.944;3600000;0
56260;8108;116;34;29;5;24;.828;3600000;0
56260;8629;118;100;39;1;38;.974;3600000;0
56260;8729;116;0;0;0;0;.00nan;0;0
56260;9121;118;0;0;0;0;.00nan;0;0
56261;8564;110;46;30;5;25;.833;3127000;0
56261;8658;117;0;0;0;0;.00nan;0;0
56261;9199;110;34;8;3;5;.625;473000;0
56261;9224;117;52;36;5;31;.861;3600000;0
56262;7425;121;63;48;6;42;.875;3600000;0
56262;7538;109;66;22;2;20;.909;3600000;0
56262;8626;109;0;0;0;0;.00nan;0;0
56262;9339;121;0;0;0;0;.00nan;0;0
56263;8031;106;83;46;4;42;.913;3561000;0
56263;8057;120;0;0;0;0;.00nan;0;0
56263;8549;106;0;0;0;0;.00nan;0;0
56263;8590;120;72;28;2;26;.929;3600000;0
56264;7425;121;0;0;0;0;.00nan;0;0
56264;8614;119;0;0;0;0;.00nan;0;0
56264;8717;119;54;24;4;20;.833;3691000;0
56264;9339;121;77;39;3;36;.923;3691000;0
56265;7993;108;67;23;2;21;.913;3600000;0
56265;7999;107;31;31;6;25;.806;2547000;0
56265;8056;108;0;0;0;0;.00nan;0;0
56265;8109;107;56;4;0;4;1.000;1053000;0
56266;8564;110;0;0;0;0;.00nan;0;0
56266;8629;118;0;0;0;0;.00nan;0;0
56266;9121;118;74;24;1;23;.958;3600000;0
56266;9199;110;67;43;4;39;.907;3600000;0
56267;7538;109;37;44;7;37;.841;3552000;0
56267;8626;109;0;0;0;0;.00nan;0;0
56267;8658;117;65;43;5;38;.884;3600000;0
56267;9224;117;0;0;0;0;.00nan;0;0
56268;7512;113;29;15;4;11;.733;1006000;0
56268;8529;111;65;18;1;17;.944;3600000;0
56268;9202;111;0;0;0;0;.00nan;0;0
56268;9341;113;84;34;2;32;.941;2594000;0
56269;8014;105;44;14;2;12;.857;1412000;0
56269;8595;114;0;0;0;0;.00nan;0;0
56269;9313;105;45;37;6;31;.838;2188000;0
56269;9361;114;63;17;1;16;.941;3600000;0
56270;7461;115;35;35;7;28;.800;3600000;0
56270;8529;111;59;24;3;21;.875;3600000;0
56270;9202;111;0;0;0;0;.00nan;0;0
56270;9312;115;0;0;0;0;.00nan;0;0
56271;7425;121;0;0;0;0;.00nan;0;0
56271;7993;108;27;22;6;16;.727;2398000;0
56271;8056;108;54;4;0;4;1.000;1202000;0
56271;9339;121;58;34;4;30;.882;3600000;0
56272;8057;120;0;0;0;0;.00nan;0;0
56272;8590;120;68;44;5;39;.886;3600000;0
56272;8595;114;0;0;0;0;.00nan;0;0
56272;9361;114;54;23;3;20;.870;3600000;0
56273;8529;111;0;0;0;0;.00nan;0;0
56273;8658;117;0;0;0;0;.00nan;0;0
56273;9202;111;49;26;4;22;.846;3564000;0
56273;9224;117;64;24;2;22;.917;3600000;0
56274;7966;122;0;0;0;0;.00nan;0;0
56274;8015;122;37;40;6;34;.850;3593000;0
56274;8629;118;53;29;4;25;.862;3214000;0
56274;9121;118;53;2;0;2;1.000;386000;0
56275;7512;113;66;30;3;27;.900;3554000;0
56275;8703;112;63;24;2;22;.917;3600000;0
56275;9114;112;0;0;0;0;.00nan;0;0
56275;9341;113;0;0;0;0;.00nan;0;0
56276;7538;109;33;17;4;13;.765;3600000;0
56276;8031;106;76;37;3;34;.919;3600000;0
56276;8549;106;0;0;0;0;.00nan;0;0
56276;8626;109;0;0;0;0;.00nan;0;0
56277;8614;119;26;37;6;31;.838;1779000;0
56277;8629;118;0;0;0;0;.00nan;0;0
56277;8717;119;45;16;3;13;.813;1821000;0
56277;9121;118;95;27;0;27;1.000;3600000;0
56278;8014;105;0;0;0;0;.00nan;0;0
56278;8057;120;85;15;0;15;1.000;3600000;0
56278;8590;120;0;0;0;0;.00nan;0;0
56278;9313;105;57;36;5;31;.861;3600000;0
56279;7461;115;68;43;5;38;.884;3600000;0
56279;8658;117;30;31;6;25;.806;3198000;0
56279;9224;117;50;1;0;1;1.000;325000;0
56279;9312;115;0;0;0;0;.00nan;0;0
56280;7966;122;65;42;4;38;.905;3576000;0
56280;8015;122;0;0;0;0;.00nan;0;0
56280;8108;116;56;15;2;13;.867;3600000;0
56280;8729;116;0;0;0;0;.00nan;0;0
56281;7425;121;0;0;0;0;.00nan;0;0
56281;8031;106;0;0;0;0;.00nan;0;0
56281;8549;106;98;23;0;23;1.000;3600000;0
56281;9339;121;97;42;2;40;.952;3566000;0
56282;7466;112;0;0;0;0;.00nan;0;0
56282;7999;107;52;49;7;42;.857;3600000;0
56282;8109;107;0;0;0;0;.00nan;0;0
56282;8703;112;53;14;2;12;.857;3600000;0
56283;7512;113;72;31;3;28;.903;3600000;0
56283;7993;108;0;0;0;0;.00nan;0;0
56283;8056;108;53;41;6;35;.854;3600000;0
56283;9341;113;0;0;0;0;.00nan;0;0
56284;8057;120;62;29;3;26;.897;3600000;0
56284;8564;110;0;0;0;0;.00nan;0;0
56284;8590;120;0;0;0;0;.00nan;0;0
56284;9199;110;41;36;6;30;.833;3600000;0
56285;7966;122;0;0;0;0;.00nan;0;0
56285;8015;122;53;34;5;29;.853;3549000;0
56285;8614;119;94;51;3;48;.941;3600000;0
56285;8717;119;0;0;0;0;.00nan;0;0
56286;7425;121;77;42;3;39;.929;3525000;0
56286;7538;109;79;24;1;23;.958;3600000;0
56286;8626;109;0;0;0;0;.00nan;0;0
56286;9339;121;0;0;0;0;.00nan;0;0
56287;8529;111;81;37;2;35;.946;3600000;0
56287;8595;114;0;0;0;0;.00nan;0;0
56287;9202;111;0;0;0;0;.00nan;0;0
56287;9361;114;56;31;4;27;.871;3534000;0
56288;7466;112;29;15;4;11;.733;1184000;0
56288;8658;117;0;0;0;0;.00nan;0;0
56288;8703;112;77;23;1;22;.957;2380000;0
56288;9224;117;46;18;3;15;.833;3600000;0
56289;7999;107;0;0;0;0;.00nan;0;0
56289;8109;107;77;39;3;36;.923;3599000;0
56289;8564;110;72;23;1;22;.957;3600000;0
56289;9199;110;0;0;0;0;.00nan;0;0
56290;7538;109;0;0;0;0;.00nan;0;0
56290;8031;106;0;0;0;0;.00nan;0;0
56290;8549;106;61;30;3;27;.900;3581000;0
56290;8626;109;73;24;2;22;.917;3600000;0
56291;8108;116;67;26;2;24;.923;3600000;0
56291;8629;118;0;0;0;0;.00nan;0;0
56291;8729;116;0;0;0;0;.00nan;0;0
56291;9121;118;59;39;4;35;.897;3539000;0
56292;7993;108;66;34;3;31;.912;3600000;0
56292;8014;105;0;0;0;0;.00nan;0;0
56292;8056;108;0;0;0;0;.00nan;0;0
56292;9313;105;63;30;4;26;.867;3559000;0
56293;7461;115;81;34;2;32;.941;3600000;0
56293;8595;114;7;27;8;19;.704;3600000;0
56293;9312;115;0;0;0;0;.00nan;0;0
56293;9361;114;0;0;0;0;.00nan;0;0
56773;7966;122;76;60;5;55;.917;3184000;0
56773;8015;122;35;17;3;14;.824;416000;0
56773;8057;120;44;14;3;11;.786;3600000;0
56773;8590;120;0;0;0;0;.00nan;0;0
56775;8529;111;0;0;0;0;.00nan;0;0
56775;8703;119;28;27;6;21;.778;2324000;0
56775;8717;119;62;10;0;10;1.000;1276000;0
56775;9202;111;42;35;5;30;.857;3600000;0
56777;8595;114;0;0;0;0;.00nan;0;0
56777;8658;117;72;32;2;30;.938;3600000;0
56777;9224;117;0;0;0;0;.00nan;0;0
56777;9361;114;73;39;4;35;.897;3513000;0
56779;7466;112;52;30;4;26;.867;3900000;0
56779;7538;109;56;32;4;28;.875;3896000;0
56779;8626;109;0;0;0;0;.00nan;0;0
56779;9114;112;0;0;0;0;.00nan;0;0
56781;7461;115;73;34;3;31;.912;3600000;0
56781;8031;106;34;37;6;31;.838;3600000;0
56781;8549;106;0;0;0;0;.00nan;0;0
56781;9312;115;0;0;0;0;.00nan;0;0
56783;8108;116;0;0;0;0;.00nan;0;0
56783;8612;116;61;25;2;23;.920;3600000;0
56783;8629;118;43;44;6;38;.864;2924000;0
56783;9121;118;53;11;1;10;.909;676000;0
56785;7425;121;82;55;4;51;.927;3600000;0
56785;8564;110;0;0;0;0;.00nan;0;0
56785;9199;110;62;14;1;13;.929;3600000;0
56785;9339;121;0;0;0;0;.00nan;0;0
56787;7999;107;0;0;0;0;.00nan;0;0
56787;8014;105;0;0;0;0;.00nan;0;0
56787;8109;107;78;37;3;34;.919;3600000;0
56787;9313;105;81;26;1;25;.962;3600000;0
56789;7512;113;66;32;3;29;.906;3900000;0
56789;7993;108;71;42;3;39;.929;3900000;0
56789;8056;108;0;0;0;0;.00nan;0;0
56789;9341;113;0;0;0;0;.00nan;0;0
56791;7425;121;0;0;0;0;.00nan;0;0
56791;7993;108;0;0;0;0;.00nan;0;0
56791;8056;108;68;22;2;20;.909;3600000;0
56791;9339;121;69;45;4;41;.911;3600000;0
56793;7466;112;0;0;0;0;.00nan;0;0
56793;7966;122;18;10;4;6;.600;445000;0
56793;8015;122;25;36;7;29;.806;3155000;0
56793;9114;112;69;16;1;15;.938;3600000;0
56795;8031;106;0;0;0;0;.00nan;0;0
56795;8549;106;81;32;1;31;.969;3600000;0
56795;8703;119;53;33;4;29;.879;3600000;0
56795;8717;119;0;0;0;0;.00nan;0;0
56797;8057;120;0;0;0;0;.00nan;0;0
56797;8108;116;50;27;4;23;.852;3900000;0
56797;8590;120;61;38;4;34;.895;3900000;0
56797;8612;116;0;0;0;0;.00nan;0;0
56799;8014;105;54;41;6;35;.854;2488000;0
56799;8658;117;0;0;0;0;.00nan;0;0
56799;9224;117;40;14;3;11;.786;3600000;0
56799;9313;105;46;14;2;12;.857;1112000;0
56801;7538;109;43;30;4;26;.867;3543000;0
56801;8564;110;86;34;2;32;.941;3600000;0
56801;8626;109;0;0;0;0;.00nan;0;0
56801;9199;110;0;0;0;0;.00nan;0;0
56803;7512;113;0;0;0;0;.00nan;0;0
56803;8595;114;84;30;1;29;.967;3600000;0
56803;9341;113;50;26;4;22;.846;3600000;0
56803;9361;114;0;0;0;0;.00nan;0;0
56805;7461;115;0;0;0;0;.00nan;0;0
56805;7999;107;64;40;4;36;.900;3600000;0
56805;8109;107;0;0;0;0;.00nan;0;0
56805;9312;115;63;25;3;22;.880;3600000;0
56807;8529;111;31;31;6;25;.806;3034000;0
56807;8629;118;0;0;0;0;.00nan;0;0
56807;9121;118;50;32;4;28;.875;3600000;0
56807;9202;111;51;2;0;2;1.000;513000;0
56809;8031;106;54;23;4;19;.826;3600000;0
56809;8549;106;0;0;0;0;.00nan;0;0
56809;8703;119;0;0;0;0;.00nan;0;0
56809;8717;119;71;16;1;15;.938;3600000;0
56811;7461;115;74;38;3;35;.921;3544000;0
56811;7999;107;0;0;0;0;.00nan;0;0
56811;8109;107;74;27;2;25;.926;3600000;0
56811;9312;115;0;0;0;0;.00nan;0;0
56813;8057;120;0;0;0;0;.00nan;0;0
56813;8564;110;90;35;1;34;.971;3600000;0
56813;8590;120;67;35;4;31;.886;3600000;0
56813;9199;110;0;0;0;0;.00nan;0;0
56815;7966;122;16;8;4;4;.500;525000;0
56815;8015;122;57;32;3;29;.906;3075000;0
56815;8529;111;0;0;0;0;.00nan;0;0
56815;9202;111;94;25;0;25;1.000;3600000;0
56817;7538;109;67;19;1;18;.947;3600000;0
56817;8014;105;44;4;1;3;.750;344000;0
56817;8626;109;0;0;0;0;.00nan;0;0
56817;9313;105;41;46;7;39;.848;3256000;0
56819;7466;112;0;0;0;0;.00nan;0;0
56819;8595;114;0;0;0;0;.00nan;0;0
56819;9114;112;35;26;5;21;.808;3600000;0
56819;9361;114;99;42;1;41;.976;3600000;0
56821;7512;113;100;52;1;51;.981;3600000;0
56821;8658;117;0;0;0;0;.00nan;0;0
56821;9224;117;56;26;3;23;.885;3536000;0
56821;9341;113;0;0;0;0;.00nan;0;0
56823;7425;121;0;0;0;0;.00nan;0;0
56823;8108;116;56;14;2;12;.857;3600000;0
56823;8612;116;0;0;0;0;.00nan;0;0
56823;9339;121;48;68;9;59;.868;3600000;0
56825;7993;108;66;47;4;43;.915;3570000;0
56825;8056;108;0;0;0;0;.00nan;0;0
56825;8629;118;38;13;3;10;.769;3600000;0
56825;9121;118;0;0;0;0;.00nan;0;0
56827;7466;112;54;38;4;34;.895;3592000;0
56827;7993;108;0;0;0;0;.00nan;0;0
56827;8056;108;92;33;2;31;.939;3600000;0
56827;9114;112;0;0;0;0;.00nan;0;0
56829;7538;109;0;0;0;0;.00nan;0;0
56829;8031;106;0;0;0;0;.00nan;0;0
56829;8549;106;48;20;3;17;.850;3600000;0
56829;8626;109;39;25;4;21;.840;3600000;0
56831;8529;111;89;33;1;32;.970;3600000;0
56831;8595;114;21;26;6;20;.769;3272000;0
56831;9202;111;0;0;0;0;.00nan;0;0
56831;9361;114;54;4;0;4;1.000;328000;0
56833;8014;105;100;73;2;71;.973;3600000;0
56833;8108;116;0;0;0;0;.00nan;0;0
56833;8612;116;45;18;3;15;.833;3548000;0
56833;9313;105;0;0;0;0;.00nan;0;0
56835;8057;120;71;38;3;35;.921;3900000;0
56835;8590;120;0;0;0;0;.00nan;0;0
56835;8658;117;66;34;3;31;.912;3900000;0
56835;9224;117;0;0;0;0;.00nan;0;0
56837;7966;122;93;28;1;27;.964;3600000;0
56837;8015;122;0;0;0;0;.00nan;0;0
56837;8703;119;63;38;5;33;.868;3600000;0
56837;8717;119;0;0;0;0;.00nan;0;0
56839;7999;107;47;50;7;43;.860;2922000;0
56839;8109;107;56;7;0;7;1.000;678000;0
56839;8564;110;0;0;0;0;.00nan;0;0
56839;9199;110;42;18;3;15;.833;3600000;0
56841;7461;115;0;0;0;0;.00nan;0;0
56841;7512;113;0;0;0;0;.00nan;0;0
56841;9312;115;94;53;3;50;.943;3600000;0
56841;9341;113;92;19;0;19;1.000;3600000;0
56843;7425;121;80;58;4;54;.931;3600000;0
56843;8629;118;0;0;0;0;.00nan;0;0
56843;9121;118;88;15;0;15;1.000;3600000;0
56843;9339;121;0;0;0;0;.00nan;0;0
56845;7461;115;9;16;6;10;.625;1655000;0
56845;8031;106;36;25;5;20;.800;3600000;0
56845;8549;106;0;0;0;0;.00nan;0;0
56845;9312;115;55;27;3;24;.889;1945000;0
56847;8564;110;56;43;5;38;.884;3900000;0
56847;8658;117;0;0;0;0;.00nan;0;0
56847;9199;110;0;0;0;0;.00nan;0;0
56847;9224;117;57;39;5;34;.872;3900000;0
56849;7466;112;0;0;0;0;.00nan;0;0
56849;7512;113;54;18;2;16;.889;1777000;0
56849;9114;112;33;24;5;19;.792;3600000;0
56849;9341;113;39;15;4;11;.733;1802000;0
56851;7966;122;23;11;4;7;.636;587000;0
56851;8015;122;35;32;5;27;.844;3013000;0
56851;8595;114;0;0;0;0;.00nan;0;0
56851;9361;114;76;20;1;19;.950;3600000;0
56853;8529;111;43;42;6;36;.857;3584000;0
56853;8629;118;41;25;5;20;.800;3600000;0
56853;9121;118;0;0;0;0;.00nan;0;0
56853;9202;111;0;0;0;0;.00nan;0;0
56855;7425;121;94;50;3;47;.940;3256000;0
56855;8108;116;57;15;2;13;.867;3600000;0
56855;8612;116;0;0;0;0;.00nan;0;0
56855;9339;121;24;5;3;2;.400;344000;0
56857;7538;109;67;39;3;36;.923;3897000;0
56857;7993;108;73;26;2;24;.923;3897000;0
56857;8056;108;0;0;0;0;.00nan;0;0
56857;8626;109;0;0;0;0;.00nan;0;0
56859;7999;107;0;0;0;0;.00nan;0;0
56859;8014;105;0;0;0;0;.00nan;0;0
56859;8109;107;66;41;4;37;.902;3600000;0
56859;9313;105;83;22;1;21;.955;3600000;0
56861;8057;120;0;0;0;0;.00nan;0;0
56861;8590;120;51;25;3;22;.880;3600000;0
56861;8703;119;23;25;6;19;.760;3236000;0
56861;8717;119;45;4;1;3;.750;364000;0
56863;8564;110;0;0;0;0;.00nan;0;0
56863;8658;117;25;37;7;30;.811;3600000;0
56863;9199;110;67;29;2;27;.931;3600000;0
56863;9224;117;0;0;0;0;.00nan;0;0
56865;7466;112;65;17;1;16;.941;3600000;0
56865;8014;105;0;0;0;0;.00nan;0;0
56865;9114;112;0;0;0;0;.00nan;0;0
56865;9313;105;57;33;4;29;.879;3555000;0
56867;8629;118;88;28;1;27;.964;3600000;0
56867;8703;119;0;0;0;0;.00nan;0;0
56867;8717;119;33;37;7;30;.811;3600000;0
56867;9121;118;0;0;0;0;.00nan;0;0
56869;7966;122;0;0;0;0;.00nan;0;0
56869;8015;122;70;49;5;44;.898;3588000;0
56869;8057;120;0;0;0;0;.00nan;0;0
56869;8590;120;43;16;4;12;.750;3600000;0
56871;7512;113;70;41;5;36;.878;3900000;0
56871;8031;106;24;22;5;17;.773;3900000;0
56871;8549;106;0;0;0;0;.00nan;0;0
56871;9341;113;0;0;0;0;.00nan;0;0
56873;7461;115;93;45;2;43;.956;3600000;0
56873;7993;108;51;11;1;10;.909;2477000;0
56873;8056;108;25;14;4;10;.714;1123000;0
56873;9312;115;0;0;0;0;.00nan;0;0
56875;8529;111;0;0;0;0;.00nan;0;0
56875;8595;114;0;0;0;0;.00nan;0;0
56875;9202;111;83;48;4;44;.917;3578000;0
56875;9361;114;60;20;2;18;.900;3600000;0
56877;7425;121;0;0;0;0;.00nan;0;0
56877;8108;116;62;15;1;14;.933;3600000;0
56877;8612;116;0;0;0;0;.00nan;0;0
56877;9339;121;98;62;2;60;.968;3581000;0
56879;7538;109;41;16;3;13;.813;3600000;0
56879;7999;107;63;7;0;7;1.000;386000;0
56879;8109;107;32;32;6;26;.813;3214000;0
56879;8626;109;0;0;0;0;.00nan;0;0
56881;7425;121;39;22;5;17;.773;3600000;0
56881;7999;107;82;31;1;30;.968;3600000;0
56881;8109;107;0;0;0;0;.00nan;0;0
56881;9339;121;0;0;0;0;.00nan;0;0
56883;8150;113;0;0;0;0;.00nan;0;0
56883;8595;114;0;0;0;0;.00nan;0;0
56883;9341;113;57;33;4;29;.879;3600000;0
56883;9361;114;72;22;1;21;.955;3600000;0
56885;8031;106;0;0;0;0;.00nan;0;0
56885;8549;106;53;44;5;39;.886;3600000;0
56885;8564;110;9;16;6;10;.625;2794000;0
56885;9199;110;53;3;0;3;1.000;760000;0
56887;8658;117;0;0;0;0;.00nan;0;0
56887;8703;119;71;42;4;38;.905;3600000;0
56887;8717;119;0;0;0;0;.00nan;0;0
56887;9224;117;63;22;1;21;.955;3600000;0
56889;7466;112;0;0;0;0;.00nan;0;0
56889;8529;111;6;15;6;9;.600;2690000;0
56889;9114;112;77;26;1;25;.962;3600000;0
56889;9202;111;58;7;0;7;1.000;910000;0
56891;7461;115;0;0;0;0;.00nan;0;0
56891;8108;116;0;0;0;0;.00nan;0;0
56891;8612;116;81;15;0;15;1.000;3600000;0
56891;9312;115;82;49;4;45;.918;3600000;0
56893;7966;122;24;25;6;19;.760;2469000;0
56893;8015;122;70;33;2;31;.939;1131000;0
56893;8057;120;56;14;1;13;.929;3600000;0
56893;8590;120;0;0;0;0;.00nan;0;0
56895;7993;108;0;0;0;0;.00nan;0;0
56895;8014;105;40;35;6;29;.829;2042000;0
56895;8056;108;67;17;1;16;.941;3600000;0
56895;9313;105;63;16;1;15;.938;1558000;0
56897;7538;109;68;25;2;23;.920;3600000;0
56897;8626;109;0;0;0;0;.00nan;0;0
56897;8629;118;0;0;0;0;.00nan;0;0
56897;9121;118;44;38;5;33;.868;3600000;0
63098;5711;142;0;0;0;0;.00nan;0;0
63098;6070;142;58;13;1;12;.923;3600000;0
63098;6414;137;0;0;0;0;.00nan;0;0
63098;6936;137;85;48;4;44;.917;3600000;0
63072;5423;144;0;0;0;0;.00nan;0;0
63072;6770;146;0;0;0;0;.00nan;0;0
63072;6870;144;58;15;2;13;.867;3600000;0
63072;6961;146;80;42;4;38;.905;3523000;0
63128;5451;151;60;13;1;12;.923;3600000;0
63128;5483;151;0;0;0;0;.00nan;0;0
63128;6115;149;0;0;0;0;.00nan;0;0
63128;6738;149;57;31;4;27;.871;3600000;0
63972;6180;127;66;7;0;7;1.000;1050000;0
63972;6539;127;12;18;6;12;.667;2850000;0
63972;6813;130;70;53;6;47;.887;3900000;0
63972;7115;130;0;0;0;0;.00nan;0;0
63080;2770;126;81;25;1;24;.960;3600000;0
63080;5970;138;0;0;0;0;.00nan;0;0
63080;6283;138;39;25;4;21;.840;3600000;0
63080;6495;126;0;0;0;0;.00nan;0;0
63516;2756;131;55;20;2;18;.900;3588000;0
63516;6198;129;96;40;1;39;.975;3600000;0
63516;6395;129;0;0;0;0;.00nan;0;0
63516;6753;131;0;0;0;0;.00nan;0;0
63169;6713;140;0;0;0;0;.00nan;0;0
63169;6890;136;0;0;0;0;.00nan;0;0
63169;6915;136;53;26;4;22;.846;3600000;0
63169;7327;140;65;45;5;40;.889;3600000;0
63068;5398;143;82;29;2;27;.931;3600000;0
63068;6187;139;66;34;3;31;.912;3600000;0
63068;6804;139;0;0;0;0;.00nan;0;0
63068;7029;143;0;0;0;0;.00nan;0;0
63081;5451;151;0;0;0;0;.00nan;0;0
63081;5483;151;72;28;2;26;.929;3546000;0
63081;6198;129;80;24;1;23;.958;3600000;0
63081;6395;129;0;0;0;0;.00nan;0;0
63093;5398;143;0;0;0;0;.00nan;0;0
63093;5423;144;71;20;1;19;.950;3600000;0
63093;6870;144;0;0;0;0;.00nan;0;0
63093;7029;143;87;46;3;43;.935;3514000;0
63101;6731;145;0;0;0;0;.00nan;0;0
63101;6890;136;78;31;2;29;.935;3565000;0
63101;6915;136;0;0;0;0;.00nan;0;0
63101;6968;145;100;24;0;24;1.000;3600000;0
63087;5711;142;62;19;2;17;.895;3600000;0
63087;6070;142;0;0;0;0;.00nan;0;0
63087;6713;140;33;37;7;30;.811;2475000;0
63087;7327;140;63;10;0;10;1.000;1125000;0
63079;5701;132;60;21;2;19;.905;3600000;0
63079;5931;147;67;36;4;32;.889;3525000;0
63079;6168;147;0;0;0;0;.00nan;0;0
63079;6491;132;0;0;0;0;.00nan;0;0
63069;5668;133;77;36;3;33;.917;3900000;0
63069;5820;134;78;38;3;35;.921;3900000;0
63069;6215;133;0;0;0;0;.00nan;0;0
63069;7075;134;0;0;0;0;.00nan;0;0
63160;2845;156;0;0;0;0;.00nan;0;0
63160;2868;156;67;21;2;19;.905;3600000;0
63160;6182;148;47;29;5;24;.828;3600000;0
63160;6993;148;0;0;0;0;.00nan;0;0
63074;6066;135;0;0;0;0;.00nan;0;0
63074;6092;135;65;32;4;28;.875;3600000;0
63074;6810;141;0;0;0;0;.00nan;0;0
63074;6837;141;64;21;3;18;.857;3600000;0
63067;2770;126;0;0;0;0;.00nan;0;0
63067;6287;128;45;39;6;33;.846;3600000;0
63067;6495;126;73;28;3;25;.893;3600000;0
63067;7302;128;0;0;0;0;.00nan;0;0
63066;6115;149;100;41;1;40;.976;3843000;0
63066;6184;150;0;0;0;0;.00nan;0;0
63066;6603;150;59;20;2;18;.900;3843000;0
63066;6738;149;0;0;0;0;.00nan;0;0
63123;5668;133;83;30;2;28;.933;3600000;0
63123;6215;133;0;0;0;0;.00nan;0;0
63123;6770;146;0;0;0;0;.00nan;0;0
63123;6961;146;59;37;5;32;.865;3600000;0
63089;6187;139;0;0;0;0;.00nan;0;0
63089;6731;145;0;0;0;0;.00nan;0;0
63089;6804;139;87;25;1;24;.960;3600000;0
63089;6968;145;65;21;2;19;.905;3599000;0
63085;5970;138;48;21;3;18;.857;3647000;0
63085;6283;138;0;0;0;0;.00nan;0;0
63085;6287;128;0;0;0;0;.00nan;0;0
63085;7302;128;86;47;4;43;.915;3647000;0
63078;6066;135;0;0;0;0;.00nan;0;0
63078;6092;135;70;24;2;22;.917;3600000;0
63078;6813;130;0;0;0;0;.00nan;0;0
63078;7115;130;64;36;3;33;.917;3556000;0
63076;6184;150;81;49;4;45;.918;3600000;0
63076;6603;150;0;0;0;0;.00nan;0;0
63076;6810;141;59;19;2;17;.895;3600000;0
63076;6837;141;0;0;0;0;.00nan;0;0
63092;2756;131;83;17;0;17;1.000;3600000;0
63092;5701;132;0;0;0;0;.00nan;0;0
63092;6491;132;26;32;7;25;.781;3600000;0
63092;6753;131;0;0;0;0;.00nan;0;0
63073;5820;134;57;27;3;24;.889;3600000;0
63073;6180;127;0;0;0;0;.00nan;0;0
63073;6539;127;51;30;4;26;.867;3549000;0
63073;7075;134;0;0;0;0;.00nan;0;0
63082;2845;156;78;10;0;10;1.000;3600000;0
63082;2868;156;0;0;0;0;.00nan;0;0
63082;5931;147;49;30;5;25;.833;3600000;0
63082;6168;147;0;0;0;0;.00nan;0;0
63104;6198;129;0;0;0;0;.00nan;0;0
63104;6395;129;65;32;3;29;.906;3555000;0
63104;6813;130;83;33;2;31;.939;3600000;0
63104;7115;130;0;0;0;0;.00nan;0;0
63198;6180;127;0;0;0;0;.00nan;0;0
63198;6414;137;0;0;0;0;.00nan;0;0
63198;6539;127;75;31;3;28;.903;3600000;0
63198;6936;137;56;31;4;27;.871;3588000;0
63065;5423;144;34;13;4;9;.692;3600000;0
63065;6115;149;72;52;5;47;.904;3543000;0
63065;6738;149;0;0;0;0;.00nan;0;0
63065;6870;144;0;0;0;0;.00nan;0;0
63070;5398;143;64;24;2;22;.917;3600000;0
63070;6713;140;100;33;1;32;.970;3600000;0
63070;7029;143;0;0;0;0;.00nan;0;0
63070;7327;140;0;0;0;0;.00nan;0;0
63083;5451;151;91;34;1;33;.971;3600000;0
63083;5483;151;0;0;0;0;.00nan;0;0
63083;6182;148;49;20;3;17;.850;3584000;0
63083;6993;148;0;0;0;0;.00nan;0;0
63125;2756;131;50;15;2;13;.867;3600000;0
63125;6753;131;0;0;0;0;.00nan;0;0
63125;6770;146;0;0;0;0;.00nan;0;0
63125;6961;146;78;35;3;32;.914;3569000;0
63141;5668;133;99;41;1;40;.976;3600000;0
63141;5970;138;0;0;0;0;.00nan;0;0
63141;6215;133;0;0;0;0;.00nan;0;0
63141;6283;138;73;28;2;26;.929;3568000;0
63075;5711;142;39;20;4;16;.800;3900000;0
63075;5820;134;89;51;4;47;.922;3900000;0
63075;6070;142;0;0;0;0;.00nan;0;0
63075;7075;134;0;0;0;0;.00nan;0;0
63099;2770;126;0;0;0;0;.00nan;0;0
63099;6066;135;0;0;0;0;.00nan;0;0
63099;6092;135;74;35;3;32;.914;3900000;0
63099;6495;126;60;29;3;26;.897;3900000;0
63077;2845;156;68;21;2;19;.905;3600000;0
63077;2868;156;0;0;0;0;.00nan;0;0
63077;6810;141;0;0;0;0;.00nan;0;0
63077;6837;141;76;33;3;30;.909;3549550;0
63095;6182;148;79;32;2;30;.938;3600000;0
63095;6731;145;46;7;1;6;.857;404000;0
63095;6968;145;27;26;6;20;.769;3196000;0
63095;6993;148;0;0;0;0;.00nan;0;0
63989;5423;144;0;0;0;0;.00nan;0;0
63989;5701;132;0;0;0;0;.00nan;0;0
63989;6491;132;64;43;6;37;.860;3623000;0
63989;6870;144;55;33;5;28;.848;3623000;0
63119;6287;128;50;46;6;40;.870;2850000;0
63119;6890;136;0;0;0;0;.00nan;0;0
63119;6915;136;69;9;0;9;1.000;3600000;0
63119;7302;128;38;9;2;7;.778;750000;0
63120;6066;135;78;32;2;30;.938;3600000;0
63120;6092;135;0;0;0;0;.00nan;0;0
63120;6180;127;0;0;0;0;.00nan;0;0
63120;6539;127;78;39;4;35;.897;3584000;0
63177;5931;147;54;31;5;26;.839;3600000;0
63177;6168;147;0;0;0;0;.00nan;0;0
63177;6731;145;86;16;0;16;1.000;3600000;0
63177;6968;145;0;0;0;0;.00nan;0;0
63086;5820;134;82;32;2;30;.938;3900000;0
63086;6115;149;0;0;0;0;.00nan;0;0
63086;6738;149;96;49;2;47;.959;3900000;0
63086;7075;134;0;0;0;0;.00nan;0;0
63084;5451;151;0;0;0;0;.00nan;0;0
63084;5483;151;69;27;3;24;.889;3626000;0
63084;6184;150;0;0;0;0;.00nan;0;0
63084;6603;150;81;38;4;34;.895;3626000;0
63142;5970;138;62;19;2;17;.895;3600000;0
63142;6187;139;18;9;4;5;.556;1146000;0
63142;6283;138;0;0;0;0;.00nan;0;0
63142;6804;139;44;17;3;14;.824;2454000;0
63105;2770;126;69;33;2;31;.939;3600000;0
63105;6414;137;0;0;0;0;.00nan;0;0
63105;6495;126;0;0;0;0;.00nan;0;0
63105;6936;137;98;26;0;26;1.000;3600000;0
63261;5931;147;97;55;4;51;.927;3600000;0
63261;6168;147;0;0;0;0;.00nan;0;0
63261;6182;148;82;16;1;15;.938;3600000;0
63261;6993;148;0;0;0;0;.00nan;0;0
63135;5423;144;42;27;5;22;.815;3600000;0
63135;5701;132;0;0;0;0;.00nan;0;0
63135;6491;132;93;40;2;38;.950;3600000;0
63135;6870;144;0;0;0;0;.00nan;0;0
63117;2845;156;67;21;2;19;.905;3880150;0
63117;2868;156;0;0;0;0;.00nan;0;0
63117;6636;136;0;0;0;0;.00nan;0;0
63117;6915;136;79;34;3;31;.912;3880150;0
63145;6287;128;0;0;0;0;.00nan;0;0
63145;6813;130;0;0;0;0;.00nan;0;0
63145;7115;130;71;8;0;8;1.000;3600000;0
63145;7302;128;59;53;7;46;.868;3600000;0
63115;6770;146;53;46;6;40;.870;3600000;0
63115;6810;141;0;0;0;0;.00nan;0;0
63115;6837;141;43;17;3;14;.824;3600000;0
63115;6961;146;0;0;0;0;.00nan;0;0
63113;2756;131;15;25;7;18;.720;3600000;0
63113;5711;142;64;18;1;17;.944;3600000;0
63113;6070;142;0;0;0;0;.00nan;0;0
63113;6753;131;0;0;0;0;.00nan;0;0
63097;6115;149;47;33;4;29;.879;3600000;0
63097;6414;137;0;0;0;0;.00nan;0;0
63097;6738;149;0;0;0;0;.00nan;0;0
63097;6936;137;79;28;1;27;.964;3600000;0
63096;6187;139;75;32;2;30;.938;3550000;0
63096;6198;129;70;22;1;21;.955;3600000;0
63096;6395;129;0;0;0;0;.00nan;0;0
63096;6804;139;0;0;0;0;.00nan;0;0
63094;5451;151;41;25;4;21;.840;3600000;0
63094;5483;151;0;0;0;0;.00nan;0;0
63094;5668;133;0;0;0;0;.00nan;0;0
63094;6215;133;30;27;6;21;.778;3578000;0
63071;6184;150;56;31;4;27;.871;3600000;0
63071;6603;150;0;0;0;0;.00nan;0;0
63071;6713;140;90;15;0;15;1.000;3600000;0
63071;7327;140;0;0;0;0;.00nan;0;0
63140;5398;143;79;33;2;31;.939;3600000;0
63140;5423;144;0;0;0;0;.00nan;0;0
63140;6870;144;67;28;2;26;.929;3564000;0
63140;7029;143;0;0;0;0;.00nan;0;0
63948;5701;132;100;43;1;42;.977;3900000;0
63948;6066;135;0;0;0;0;.00nan;0;0
63948;6092;135;58;17;1;16;.941;3900000;0
63948;6491;132;0;0;0;0;.00nan;0;0
63100;2770;126;61;29;3;26;.897;3600000;0
63100;6180;127;0;0;0;0;.00nan;0;0
63100;6495;126;0;0;0;0;.00nan;0;0
63100;6539;127;33;24;5;19;.792;3569000;0
63088;5668;133;65;36;5;31;.861;3600000;0
63088;5820;134;20;15;5;10;.667;988000;0
63088;6215;133;0;0;0;0;.00nan;0;0
63088;7075;134;64;27;3;24;.889;2612000;0
63090;2845;156;61;11;1;10;.909;3600000;0
63090;2868;156;0;0;0;0;.00nan;0;0
63090;6184;150;76;38;4;34;.895;3600000;0
63090;6603;150;0;0;0;0;.00nan;0;0
63933;5931;147;90;27;1;26;.963;3600000;0
63933;6115;149;0;0;0;0;.00nan;0;0
63933;6168;147;0;0;0;0;.00nan;0;0
63933;6738;149;48;39;6;33;.846;3600000;0
63103;6287;128;0;0;0;0;.00nan;0;0
63103;6414;137;59;21;3;18;.857;3900000;0
63103;6936;137;0;0;0;0;.00nan;0;0
63103;7302;128;76;44;3;41;.932;3900000;0
63147;2756;131;95;22;0;22;1.000;3600000;0
63147;6731;145;74;36;2;34;.944;3592000;0
63147;6753;131;0;0;0;0;.00nan;0;0
63147;6968;145;0;0;0;0;.00nan;0;0
63139;5970;138;0;0;0;0;.00nan;0;0
63139;6066;135;89;36;2;34;.944;3600000;0
63139;6092;135;0;0;0;0;.00nan;0;0
63139;6283;138;67;30;3;27;.900;3564000;0
63121;5711;142;51;8;1;7;.875;3600000;0
63121;6070;142;0;0;0;0;.00nan;0;0
63121;6770;146;93;65;4;61;.938;3600000;0
63121;6961;146;0;0;0;0;.00nan;0;0
63258;6182;148;0;0;0;0;.00nan;0;0
63258;6636;136;90;52;4;48;.923;3524000;0
63258;6915;136;0;0;0;0;.00nan;0;0
63258;6993;148;46;11;2;9;.818;3600000;0
63106;5398;143;0;0;0;0;.00nan;0;0
63106;5451;151;0;0;0;0;.00nan;0;0
63106;5483;151;78;27;1;26;.963;3600000;0
63106;7029;143;80;38;3;35;.921;3597000;0
63114;6713;140;57;29;4;25;.862;3546000;0
63114;6810;141;0;0;0;0;.00nan;0;0
63114;6837;141;61;21;2;19;.905;3600000;0
63114;7327;140;0;0;0;0;.00nan;0;0
63188;5970;138;61;45;6;39;.867;3600000;0
63188;6182;148;62;23;2;21;.913;3600000;0
63188;6283;138;0;0;0;0;.00nan;0;0
63188;6993;148;0;0;0;0;.00nan;0;0
63124;2770;126;0;0;0;0;.00nan;0;0
63124;5701;132;0;0;0;0;.00nan;0;0
63124;6491;132;45;31;5;26;.839;3880000;0
63124;6495;126;30;25;5;20;.800;3900000;0
63191;2845;156;0;0;0;0;.00nan;0;0
63191;2868;156;76;32;3;29;.906;3600000;0
63191;6187;139;0;0;0;0;.00nan;0;0
63191;6804;139;100;41;2;39;.951;3600000;0
63122;5711;142;0;0;0;0;.00nan;0;0
63122;6070;142;51;27;4;23;.852;3900000;0
63122;6198;129;100;63;4;59;.937;3900000;0
63122;6395;129;0;0;0;0;.00nan;0;0
63133;6713;140;0;0;0;0;.00nan;0;0
63133;6770;146;40;22;4;18;.818;3600000;0
63133;6961;146;0;0;0;0;.00nan;0;0
63133;7327;140;71;21;1;20;.952;3600000;0
63220;6180;127;80;36;3;33;.917;3600000;0
63220;6539;127;0;0;0;0;.00nan;0;0
63220;6636;136;0;0;0;0;.00nan;0;0
63220;6915;136;41;26;4;22;.846;3600000;0
63214;6287;128;97;63;4;59;.937;3600000;0
63214;6813;130;0;0;0;0;.00nan;0;0
63214;7115;130;44;10;2;8;.800;3600000;0
63214;7302;128;0;0;0;0;.00nan;0;0
63157;5701;132;95;41;2;39;.951;3600000;0
63157;6066;135;0;0;0;0;.00nan;0;0
63157;6092;135;42;36;6;30;.833;3600000;0
63157;6491;132;0;0;0;0;.00nan;0;0
63110;5668;133;44;14;3;11;.786;3600000;0
63110;6115;149;26;7;3;4;.571;435000;0
63110;6215;133;0;0;0;0;.00nan;0;0
63110;6738;149;58;29;3;26;.897;3165000;0
63129;6810;141;0;0;0;0;.00nan;0;0
63129;6813;130;95;39;2;37;.949;3566000;0
63129;6837;141;64;20;1;19;.950;3600000;0
63129;7115;130;0;0;0;0;.00nan;0;0
63091;5423;144;61;34;4;30;.882;3600000;0
63091;5820;134;49;42;6;36;.857;3512000;0
63091;6870;144;0;0;0;0;.00nan;0;0
63091;7075;134;0;0;0;0;.00nan;0;0
63398;6198;129;0;0;0;0;.00nan;0;0
63398;6395;129;74;36;3;33;.917;3600000;0
63398;6731;145;0;0;0;0;.00nan;0;0
63398;6968;145;79;26;1;25;.962;3600000;0
63158;2756;131;63;24;3;21;.875;3555000;0
63158;5398;143;99;40;2;38;.950;3600000;0
63158;6753;131;0;0;0;0;.00nan;0;0
63158;7029;143;0;0;0;0;.00nan;0;0
63993;5451;151;52;33;4;29;.879;3563000;0
63993;5483;151;0;0;0;0;.00nan;0;0
63993;6187;139;87;29;2;27;.931;3600000;0
63993;6804;139;0;0;0;0;.00nan;0;0
63951;6182;148;67;21;2;19;.905;3600000;0
63951;6770;146;86;50;4;46;.920;3600000;0
63951;6961;146;0;0;0;0;.00nan;0;0
63951;6993;148;0;0;0;0;.00nan;0;0
63168;5931;147;72;40;3;37;.925;3600000;0
63168;6168;147;0;0;0;0;.00nan;0;0
63168;6810;141;86;18;0;18;1.000;3600000;0
63168;6837;141;0;0;0;0;.00nan;0;0
64000;2770;126;47;32;5;27;.844;3691000;0
64000;6180;127;0;0;0;0;.00nan;0;0
64000;6495;126;0;0;0;0;.00nan;0;0
64000;6539;127;47;22;4;18;.818;3691000;0
63217;5701;132;0;0;0;0;.00nan;0;0
63217;6491;132;84;24;1;23;.958;3900000;0
63217;6731;145;58;16;1;15;.938;3900000;0
63217;6968;145;0;0;0;0;.00nan;0;0
63466;5668;133;46;30;5;25;.833;3600000;0
63466;6198;129;58;39;4;35;.897;3600000;0
63466;6215;133;0;0;0;0;.00nan;0;0
63466;6395;129;0;0;0;0;.00nan;0;0
63137;6115;149;87;45;4;41;.911;3900000;0
63137;6636;136;40;18;3;15;.833;3900000;0
63137;6738;149;0;0;0;0;.00nan;0;0
63137;6915;136;0;0;0;0;.00nan;0;0
64005;5423;144;0;0;0;0;.00nan;0;0
64005;5451;151;69;43;4;39;.907;3355000;0
64005;5483;151;52;2;0;2;1.000;218000;0
64005;6870;144;83;29;2;27;.931;3600000;0
63126;5711;142;44;3;1;2;.667;3600000;0
63126;5931;147;95;67;5;62;.925;3600000;0
63126;6070;142;0;0;0;0;.00nan;0;0
63126;6168;147;0;0;0;0;.00nan;0;0
63107;2756;131;0;0;0;0;.00nan;0;0
63107;6184;150;0;0;0;0;.00nan;0;0
63107;6603;150;73;46;4;42;.913;3565000;0
63107;6753;131;49;13;2;11;.846;3600000;0
63109;5970;138;0;0;0;0;.00nan;0;0
63109;6283;138;60;25;3;22;.880;3600000;0
63109;6414;137;0;0;0;0;.00nan;0;0
63109;6936;137;57;39;5;34;.872;3565000;0
63178;5398;143;50;29;5;24;.828;3900000;0
63178;6287;128;0;0;0;0;.00nan;0;0
63178;7029;143;0;0;0;0;.00nan;0;0
63178;7302;128;68;41;5;36;.878;3900000;0
63136;5820;134;75;47;6;41;.872;3581000;0
63136;6713;140;60;34;4;30;.882;3600000;0
63136;7075;134;0;0;0;0;.00nan;0;0
63136;7327;140;0;0;0;0;.00nan;0;0
63148;2845;156;65;20;2;18;.900;3600000;0
63148;2868;156;0;0;0;0;.00nan;0;0
63148;6770;146;0;0;0;0;.00nan;0;0
63148;6961;146;89;40;3;37;.925;3600000;0
63208;6066;135;0;0;0;0;.00nan;0;0
63208;6092;135;63;17;1;16;.941;3600000;0
63208;6731;145;0;0;0;0;.00nan;0;0
63208;6968;145;58;31;3;28;.903;3522000;0
63228;6180;127;0;0;0;0;.00nan;0;0
63228;6182;148;68;23;3;20;.870;3600000;0
63228;6539;127;56;36;5;31;.861;3600000;0
63228;6993;148;0;0;0;0;.00nan;0;0
63151;5970;138;76;34;4;30;.882;3560000;0
63151;6283;138;0;0;0;0;.00nan;0;0
63151;6810;141;0;0;0;0;.00nan;0;0
63151;6837;141;60;28;4;24;.857;3600000;0
63154;2756;131;51;28;4;24;.857;3600000;0
63154;2770;126;92;36;1;35;.972;3600000;0
63154;6495;126;0;0;0;0;.00nan;0;0
63154;6753;131;0;0;0;0;.00nan;0;0
63102;6184;150;92;37;2;35;.946;3600000;0
63102;6603;150;0;0;0;0;.00nan;0;0
63102;6636;136;0;0;0;0;.00nan;0;0
63102;6915;136;31;25;5;20;.800;3600000;0
63108;5820;134;61;43;6;37;.860;3026000;0
63108;6414;137;39;27;5;22;.815;3600000;0
63108;6936;137;0;0;0;0;.00nan;0;0
63108;7075;134;44;6;1;5;.833;549000;0
63152;2845;156;17;24;7;17;.708;2770850;0
63152;2868;156;55;4;0;4;1.000;829150;0
63152;5423;144;87;35;2;33;.943;3600000;0
63152;6870;144;0;0;0;0;.00nan;0;0
63146;5398;143;0;0;0;0;.00nan;0;0
63146;6187;139;92;27;1;26;.963;3600000;0
63146;6804;139;0;0;0;0;.00nan;0;0
63146;7029;143;50;28;4;24;.857;3600000;0
63132;5711;142;67;18;1;17;.944;2700000;0
63132;6070;142;27;10;4;6;.600;1200000;0
63132;6713;140;0;0;0;0;.00nan;0;0
63132;7327;140;70;49;5;44;.898;3900000;0
63218;6287;128;71;31;2;29;.935;3600000;0
63218;6813;130;0;0;0;0;.00nan;0;0
63218;7115;130;64;25;3;22;.880;3600000;0
63218;7302;128;0;0;0;0;.00nan;0;0
63300;5931;147;45;36;6;30;.833;3600000;0
63300;6168;147;0;0;0;0;.00nan;0;0
63300;6180;127;52;18;2;16;.889;3600000;0
63300;6539;127;0;0;0;0;.00nan;0;0
63210;6713;140;58;27;3;24;.889;3600000;0
63210;6813;130;27;21;5;16;.762;3588000;0
63210;7115;130;0;0;0;0;.00nan;0;0
63210;7327;140;0;0;0;0;.00nan;0;0
63976;6731;145;0;0;0;0;.00nan;0;0
63976;6770;146;82;47;4;43;.915;3600000;0
63976;6961;146;0;0;0;0;.00nan;0;0
63976;6968;145;46;19;3;16;.842;3600000;0
63116;6414;137;0;0;0;0;.00nan;0;0
63116;6810;141;0;0;0;0;.00nan;0;0
63116;6837;141;60;17;1;16;.941;3600000;0
63116;6936;137;44;49;7;42;.857;3600000;0
63181;2770;126;0;0;0;0;.00nan;0;0
63181;6287;128;0;0;0;0;.00nan;0;0
63181;6495;126;63;13;1;12;.923;3600000;0
63181;7302;128;57;57;7;50;.877;3600000;0
63143;5820;134;72;44;4;40;.909;3600000;0
63143;6182;148;49;13;2;11;.846;3600000;0
63143;6993;148;0;0;0;0;.00nan;0;0
63143;7075;134;0;0;0;0;.00nan;0;0
63111;5701;132;0;0;0;0;.00nan;0;0
63111;6184;150;0;0;0;0;.00nan;0;0
63111;6491;132;56;20;3;17;.850;3600000;0
63111;6603;150;25;33;7;26;.788;3600000;0
63118;5668;133;0;0;0;0;.00nan;0;0
63118;6066;135;0;0;0;0;.00nan;0;0
63118;6092;135;55;25;3;22;.880;3600000;0
63118;6215;133;41;26;4;22;.846;3600000;0
63174;2845;156;57;39;6;33;.846;3600000;0
63174;2868;156;0;0;0;0;.00nan;0;0
63174;5451;151;0;0;0;0;.00nan;0;0
63174;5483;151;80;11;0;11;1.000;3600000;0
63988;2756;131;75;29;3;26;.897;3600000;0
63988;6180;127;0;0;0;0;.00nan;0;0
63988;6539;127;55;40;5;35;.875;3534000;0
63988;6753;131;0;0;0;0;.00nan;0;0
63164;5451;151;0;0;0;0;.00nan;0;0
63164;5483;151;85;17;0;17;1.000;3600000;0
63164;6115;149;63;47;5;42;.894;3600000;0
63164;6738;149;0;0;0;0;.00nan;0;0
63165;5398;143;94;45;2;43;.956;3570000;0
63165;6198;129;72;18;1;17;.944;3600000;0
63165;6395;129;0;0;0;0;.00nan;0;0
63165;7029;143;0;0;0;0;.00nan;0;0
63309;5701;132;81;34;2;32;.941;3600000;0
63309;6187;139;65;34;3;31;.912;3543000;0
63309;6491;132;0;0;0;0;.00nan;0;0
63309;6804;139;0;0;0;0;.00nan;0;0
63156;5423;144;81;12;0;12;1.000;3600000;0
63156;6770;146;72;51;5;46;.902;3600000;0
63156;6870;144;0;0;0;0;.00nan;0;0
63156;6961;146;0;0;0;0;.00nan;0;0
63212;5668;133;100;47;2;45;.957;3632000;0
63212;6066;135;43;15;3;12;.800;3632000;0
63212;6092;135;0;0;0;0;.00nan;0;0
63212;6215;133;0;0;0;0;.00nan;0;0
63970;5931;147;60;49;6;43;.878;3600000;0
63970;6168;147;0;0;0;0;.00nan;0;0
63970;6713;140;0;0;0;0;.00nan;0;0
63970;7327;140;37;14;3;11;.786;3600000;0
63221;6115;149;0;0;0;0;.00nan;0;0
63221;6198;129;0;0;0;0;.00nan;0;0
63221;6395;129;78;11;0;11;1.000;3600000;0
63221;6738;149;77;40;3;37;.925;3600000;0
63130;2770;126;0;0;0;0;.00nan;0;0
63130;5970;138;0;0;0;0;.00nan;0;0
63130;6283;138;61;31;3;28;.903;3564000;0
63130;6495;126;99;32;1;31;.969;3600000;0
63965;6287;128;91;41;2;39;.951;3600000;0
63965;6414;137;19;25;6;19;.760;3600000;0
63965;6936;137;0;0;0;0;.00nan;0;0
63965;7302;128;0;0;0;0;.00nan;0;0
63150;6187;139;36;29;5;24;.828;3306000;0
63150;6804;139;28;8;3;5;.625;294000;0
63150;6810;141;55;22;3;19;.864;3600000;0
63150;6837;141;0;0;0;0;.00nan;0;0
63871;2845;156;76;31;3;28;.903;3727550;0
63871;2868;156;0;0;0;0;.00nan;0;0
63871;6180;127;0;0;0;0;.00nan;0;0
63871;6539;127;95;54;2;52;.963;3727550;0
63153;5423;144;29;24;6;18;.750;1583000;0
63153;5711;142;22;22;5;17;.773;3600000;0
63153;6070;142;0;0;0;0;.00nan;0;0
63153;6870;144;35;13;3;10;.769;2017000;0
63161;2756;131;51;21;3;18;.857;3600000;0
63161;6636;136;46;36;5;31;.861;3539000;0
63161;6753;131;0;0;0;0;.00nan;0;0
63161;6915;136;0;0;0;0;.00nan;0;0
63252;5451;151;0;0;0;0;.00nan;0;0
63252;5483;151;92;46;2;44;.957;3566000;0
63252;6731;145;0;0;0;0;.00nan;0;0
63252;6968;145;87;16;0;16;1.000;3600000;0
63172;6636;136;0;0;0;0;.00nan;0;0
63172;6770;146;48;43;6;37;.860;3600000;0
63172;6915;136;40;19;4;15;.789;3600000;0
63172;6961;146;0;0;0;0;.00nan;0;0
63602;5398;143;43;23;3;20;.870;3518000;0
63602;5931;147;0;0;0;0;.00nan;0;0
63602;6168;147;97;29;1;28;.966;3600000;0
63602;7029;143;0;0;0;0;.00nan;0;0
63224;6182;148;85;32;2;30;.938;3600000;0
63224;6813;130;0;0;0;0;.00nan;0;0
63224;6993;148;0;0;0;0;.00nan;0;0
63224;7115;130;50;40;6;34;.850;3600000;0
63947;5668;133;60;38;4;34;.895;3600000;0
63947;5820;134;74;37;3;34;.919;3600000;0
63947;6215;133;0;0;0;0;.00nan;0;0
63947;7075;134;0;0;0;0;.00nan;0;0
63995;5970;138;0;0;0;0;.00nan;0;0
63995;6198;129;0;0;0;0;.00nan;0;0
63995;6283;138;95;21;0;21;1.000;3600000;0
63995;6395;129;39;22;4;18;.818;3600000;0
63112;6184;150;84;42;3;39;.929;3563000;0
63112;6603;150;0;0;0;0;.00nan;0;0
63112;6713;140;53;22;2;20;.909;3600000;0
63112;7327;140;0;0;0;0;.00nan;0;0
63179;5931;147;25;30;7;23;.767;1806000;0
63179;6168;147;76;32;2;30;.938;1794000;0
63179;6810;141;0;0;0;0;.00nan;0;0
63179;6837;141;82;9;0;9;1.000;3600000;0
63183;5398;143;0;0;0;0;.00nan;0;0
63183;6287;128;66;34;3;31;.912;3036000;0
63183;7029;143;100;25;0;25;1.000;3600000;0
63183;7302;128;22;4;3;1;.250;564000;0
63287;5701;132;0;0;0;0;.00nan;0;0
63287;6066;135;0;0;0;0;.00nan;0;0
63287;6092;135;68;32;3;29;.906;3900000;0
63287;6491;132;79;36;3;33;.917;3900000;0
63131;6115;149;73;40;3;37;.925;3591000;0
63131;6184;150;0;0;0;0;.00nan;0;0
63131;6603;150;61;13;1;12;.923;3600000;0
63131;6738;149;0;0;0;0;.00nan;0;0
63262;6187;139;63;16;1;15;.938;3600000;0
63262;6198;129;80;56;6;50;.893;3043000;0
63262;6395;129;53;10;1;9;.900;557000;0
63262;6804;139;0;0;0;0;.00nan;0;0
63216;6066;135;68;21;2;19;.905;3600000;0
63216;6092;135;0;0;0;0;.00nan;0;0
63216;6770;146;64;13;1;12;.923;1001000;0
63216;6961;146;44;37;6;31;.838;2599000;0
63127;2770;126;53;21;3;18;.857;3600000;0
63127;6414;137;0;0;0;0;.00nan;0;0
63127;6495;126;0;0;0;0;.00nan;0;0
63127;6936;137;100;37;0;37;1.000;3600000;0
63200;5970;138;42;16;3;13;.813;3600000;0
63200;6283;138;0;0;0;0;.00nan;0;0
63200;6713;140;0;0;0;0;.00nan;0;0
63200;7327;140;59;39;5;34;.872;3513000;0
63182;2756;131;76;26;2;24;.923;3600000;0
63182;6182;148;79;39;4;35;.897;3600000;0
63182;6753;131;0;0;0;0;.00nan;0;0
63182;6993;148;0;0;0;0;.00nan;0;0
63173;5820;134;0;0;0;0;.00nan;0;0
63173;6731;145;0;0;0;0;.00nan;0;0
63173;6968;145;40;17;3;14;.824;3710000;0
63173;7075;134;83;44;4;40;.909;3710000;0
63163;2845;156;61;30;4;26;.867;3600000;0
63163;2868;156;0;0;0;0;.00nan;0;0
63163;5711;142;80;22;1;21;.955;3600000;0
63163;6070;142;0;0;0;0;.00nan;0;0
63241;6180;127;33;4;2;2;.500;1372000;0
63241;6539;127;36;27;5;22;.815;2228000;0
63241;6636;136;99;40;2;38;.950;3600000;0
63241;6915;136;0;0;0;0;.00nan;0;0
63159;5423;144;79;23;1;22;.957;3600000;0
63159;6810;141;32;30;6;24;.800;3600000;0
63159;6837;141;0;0;0;0;.00nan;0;0
63159;6870;144;0;0;0;0;.00nan;0;0
63184;5711;142;0;0;0;0;.00nan;0;0
63184;6070;142;45;5;1;4;.800;3600000;0
63184;6287;128;0;0;0;0;.00nan;0;0
63184;7302;128;98;71;4;67;.944;3600000;0
63286;5451;151;0;0;0;0;.00nan;0;0
63286;5483;151;99;24;0;24;1.000;3600000;0
63286;6187;139;0;0;0;0;.00nan;0;0
63286;6804;139;34;28;6;22;.786;3600000;0
63294;6180;127;0;0;0;0;.00nan;0;0
63294;6539;127;82;33;3;30;.909;3600000;0
63294;6731;145;46;22;4;18;.818;3600000;0
63294;6968;145;0;0;0;0;.00nan;0;0
63253;5668;133;100;26;0;26;1.000;3600000;0
63253;6215;133;0;0;0;0;.00nan;0;0
63253;6813;130;0;0;0;0;.00nan;0;0
63253;7115;130;51;16;2;14;.875;3514000;0
63175;2756;131;0;0;0;0;.00nan;0;0
63175;5820;134;51;43;7;36;.837;3600000;0
63175;6753;131;55;14;3;11;.786;3600000;0
63175;7075;134;0;0;0;0;.00nan;0;0
64008;2845;156;0;0;0;0;.00nan;0;0
64008;2868;156;58;16;2;14;.875;3600000;0
64008;5931;147;88;39;3;36;.923;3572600;0
64008;6168;147;0;0;0;0;.00nan;0;0
63229;6198;129;37;26;5;21;.808;3600000;0
63229;6395;129;0;0;0;0;.00nan;0;0
63229;6713;140;64;26;4;22;.846;3600000;0
63229;7327;140;0;0;0;0;.00nan;0;0
63166;5423;144;0;0;0;0;.00nan;0;0
63166;6813;130;26;18;5;13;.722;3530000;0
63166;6870;144;70;32;3;29;.906;3600000;0
63166;7115;130;0;0;0;0;.00nan;0;0
63134;6115;149;0;0;0;0;.00nan;0;0
63134;6414;137;0;0;0;0;.00nan;0;0
63134;6738;149;64;31;3;28;.903;3600000;0
63134;6936;137;91;19;0;19;1.000;3600000;0
63203;2770;126;79;14;0;14;1.000;3600000;0
63203;6495;126;0;0;0;0;.00nan;0;0
63203;6770;146;79;53;5;48;.906;3600000;0
63203;6961;146;0;0;0;0;.00nan;0;0
63215;6066;135;0;0;0;0;.00nan;0;0
63215;6092;135;55;27;4;23;.852;3573000;0
63215;6182;148;78;30;2;28;.933;3600000;0
63215;6993;148;0;0;0;0;.00nan;0;0
63975;5931;147;62;51;6;45;.882;3586000;0
63975;6168;147;0;0;0;0;.00nan;0;0
63975;6184;150;29;17;4;13;.765;3600000;0
63975;6603;150;0;0;0;0;.00nan;0;0
63204;5398;143;0;0;0;0;.00nan;0;0
63204;5970;138;0;0;0;0;.00nan;0;0
63204;6283;138;70;17;1;16;.941;3600000;0
63204;7029;143;47;34;5;29;.853;3600000;0
63211;5711;142;57;15;1;14;.933;3600000;0
63211;6070;142;0;0;0;0;.00nan;0;0
63211;6287;128;0;0;0;0;.00nan;0;0
63211;7302;128;40;50;7;43;.860;3600000;0
63334;6180;127;0;0;0;0;.00nan;0;0
63334;6187;139;68;30;2;28;.933;3600000;0
63334;6539;127;34;20;4;16;.800;3582000;0
63334;6804;139;0;0;0;0;.00nan;0;0
63170;5423;144;51;37;5;32;.865;3900000;0
63170;5668;133;31;8;3;5;.625;344000;0
63170;6215;133;74;27;2;25;.926;3556000;0
63170;6870;144;0;0;0;0;.00nan;0;0
63201;2756;131;64;17;1;16;.941;3600000;0
63201;6753;131;0;0;0;0;.00nan;0;0
63201;6810;141;0;0;0;0;.00nan;0;0
63201;6837;141;95;41;3;38;.927;3600000;0
63278;6182;148;90;29;1;28;.966;3600000;0
63278;6198;129;0;0;0;0;.00nan;0;0
63278;6395;129;95;49;2;47;.959;3590000;0
63278;6993;148;0;0;0;0;.00nan;0;0
63223;2845;156;74;36;4;32;.889;3624450;0
63223;2868;156;0;0;0;0;.00nan;0;0
63223;5451;151;0;0;0;0;.00nan;0;0
63223;5483;151;70;28;3;25;.893;3624450;0
63193;6115;149;85;57;5;52;.912;3569000;0
63193;6636;136;43;14;3;11;.786;3600000;0
63193;6738;149;0;0;0;0;.00nan;0;0
63193;6915;136;0;0;0;0;.00nan;0;0
63138;5701;132;0;0;0;0;.00nan;0;0
63138;6184;150;0;0;0;0;.00nan;0;0
63138;6491;132;77;23;1;22;.957;3600000;0
63138;6603;150;73;27;2;25;.926;3591000;0
63326;5398;143;91;50;4;46;.920;3600000;0
63326;6731;145;0;0;0;0;.00nan;0;0
63326;6968;145;72;8;0;8;1.000;3600000;0
63326;7029;143;0;0;0;0;.00nan;0;0
63344;6187;139;0;0;0;0;.00nan;0;0
63344;6770;146;0;0;0;0;.00nan;0;0
63344;6804;139;40;25;4;21;.840;3521000;0
63344;6961;146;84;36;2;34;.944;3600000;0
63991;5711;142;0;0;0;0;.00nan;0;0
63991;6070;142;80;32;2;30;.938;3600000;0
63991;6813;130;0;0;0;0;.00nan;0;0
63991;7115;130;55;29;3;26;.897;3598000;0
63196;2845;156;0;0;0;0;.00nan;0;0
63196;2868;156;55;40;6;34;.850;3600000;0
63196;5451;151;68;15;1;14;.933;3600000;0
63196;5483;151;0;0;0;0;.00nan;0;0
63162;5820;134;98;36;1;35;.972;3600000;0
63162;6414;137;0;0;0;0;.00nan;0;0
63162;6936;137;44;30;5;25;.833;3600000;0
63162;7075;134;0;0;0;0;.00nan;0;0
63202;5668;133;69;32;3;29;.906;3600000;0
63202;6215;133;0;0;0;0;.00nan;0;0
63202;6636;136;0;0;0;0;.00nan;0;0
63202;6915;136;73;43;4;39;.907;3593000;0
63280;5931;147;100;33;0;33;1.000;3600000;0
63280;6168;147;0;0;0;0;.00nan;0;0
63280;6770;146;74;24;1;23;.958;3554000;0
63280;6961;146;0;0;0;0;.00nan;0;0
63264;2770;126;38;30;5;25;.833;3560000;0
63264;6495;126;0;0;0;0;.00nan;0;0
63264;6813;130;69;36;3;33;.917;3600000;0
63264;7115;130;0;0;0;0;.00nan;0;0
63961;5398;143;98;50;3;47;.940;3600000;0
63961;6810;141;0;0;0;0;.00nan;0;0
63961;6837;141;36;18;4;14;.778;3544000;0
63961;7029;143;0;0;0;0;.00nan;0;0
63974;6066;135;0;0;0;0;.00nan;0;0
63974;6092;135;49;18;3;15;.833;3600000;0
63974;6414;137;77;47;4;43;.915;3590000;0
63974;6936;137;0;0;0;0;.00nan;0;0
63155;5749;132;0;0;0;0;.00nan;0;0
63155;5970;138;0;0;0;0;.00nan;0;0
63155;6283;138;41;24;4;20;.833;3600000;0
63155;6491;132;100;34;0;34;1.000;3600000;0
63266;2845;156;76;32;3;29;.906;3600000;0
63266;2868;156;0;0;0;0;.00nan;0;0
63266;6180;127;0;0;0;0;.00nan;0;0
63266;6539;127;58;29;4;25;.862;3560950;0
63978;5668;133;0;0;0;0;.00nan;0;0
63978;6215;133;58;42;6;36;.857;3600000;0
63978;6731;145;0;0;0;0;.00nan;0;0
63978;6968;145;66;28;2;26;.929;3600000;0
63194;5820;134;100;44;2;42;.955;3900000;0
63194;6182;148;66;22;2;20;.909;3900000;0
63194;6993;148;0;0;0;0;.00nan;0;0
63194;7075;134;0;0;0;0;.00nan;0;0
63383;5749;132;0;0;0;0;.00nan;0;0
63383;6491;132;62;31;4;27;.871;3565000;0
63383;6636;136;76;36;3;33;.917;3600000;0
63383;6915;136;0;0;0;0;.00nan;0;0
63273;2770;126;61;17;2;15;.882;3600000;0
63273;5451;151;0;0;0;0;.00nan;0;0
63273;5483;151;86;41;3;38;.927;3600000;0
63273;6495;126;0;0;0;0;.00nan;0;0
63219;5398;143;100;27;0;27;1.000;3600000;0
63219;5820;134;72;35;3;32;.914;3600000;0
63219;7029;143;0;0;0;0;.00nan;0;0
63219;7075;134;0;0;0;0;.00nan;0;0
63213;2845;156;0;0;0;0;.00nan;0;0
63213;2868;156;83;29;2;27;.931;3755000;0
63213;6115;149;84;26;1;25;.962;3755000;0
63213;6738;149;0;0;0;0;.00nan;0;0
63271;6066;135;0;0;0;0;.00nan;0;0
63271;6092;135;63;18;1;17;.944;3900000;0
63271;6813;130;0;0;0;0;.00nan;0;0
63271;7115;130;94;37;1;36;.973;3900000;0
63209;6187;139;79;28;1;27;.964;3600000;0
63209;6804;139;0;0;0;0;.00nan;0;0
63209;6810;141;0;0;0;0;.00nan;0;0
63209;6837;141;61;28;3;25;.893;3521000;0
63186;6182;148;62;21;2;19;.905;3813000;0
63186;6184;150;88;52;3;49;.942;3813000;0
63186;6603;150;0;0;0;0;.00nan;0;0
63186;6993;148;0;0;0;0;.00nan;0;0
63171;5423;144;64;24;2;22;.917;3600000;0
63171;6713;140;25;6;3;3;.500;268000;0
63171;6870;144;0;0;0;0;.00nan;0;0
63171;7327;140;73;30;2;28;.933;3332000;0
63470;6180;127;0;0;0;0;.00nan;0;0
63470;6287;128;83;27;2;25;.926;3900000;0
63470;6539;127;68;22;2;20;.909;3900000;0
63470;7302;128;0;0;0;0;.00nan;0;0
63167;5970;138;0;0;0;0;.00nan;0;0
63167;6283;138;75;33;3;30;.909;3600000;0
63167;6414;137;0;0;0;0;.00nan;0;0
63167;6936;137;100;36;2;34;.944;3600000;0
63251;5668;133;23;31;6;25;.806;3600000;0
63251;6215;133;0;0;0;0;.00nan;0;0
63251;6770;146;72;32;3;29;.906;3600000;0
63251;6961;146;0;0;0;0;.00nan;0;0
63246;2756;131;70;21;1;20;.952;3600000;0
63246;6731;145;71;32;2;30;.938;3578000;0
63246;6753;131;0;0;0;0;.00nan;0;0
63246;6968;145;0;0;0;0;.00nan;0;0
64011;2770;126;37;21;4;17;.810;3600000;0
64011;5931;147;55;55;7;48;.873;3600000;0
64011;6168;147;0;0;0;0;.00nan;0;0
64011;6495;126;0;0;0;0;.00nan;0;0
64013;5423;144;0;0;0;0;.00nan;0;0
64013;6731;145;20;20;6;14;.700;2477000;0
64013;6870;144;97;40;1;39;.975;3600000;0
64013;6968;145;57;8;0;8;1.000;1123000;0
64015;5711;142;0;0;0;0;.00nan;0;0
64015;5970;138;0;0;0;0;.00nan;0;0
64015;6070;142;59;18;2;16;.889;3600000;0
64015;6283;138;59;31;3;28;.903;3573000;0
64017;5451;151;0;0;0;0;.00nan;0;0
64017;5483;151;68;25;2;23;.920;3600000;0
64017;6713;140;44;24;4;20;.833;3586000;0
64017;7327;140;0;0;0;0;.00nan;0;0
64019;2756;131;0;0;0;0;.00nan;0;0
64019;5398;143;74;35;3;32;.914;3600000;0
64019;5974;143;0;0;0;0;.00nan;0;0
64019;6753;131;37;20;4;16;.800;3542000;0
64021;5820;134;75;36;3;33;.917;3600000;0
64021;6890;136;0;0;0;0;.00nan;0;0
64021;6915;136;87;25;1;24;.960;3600000;0
64021;7075;134;0;0;0;0;.00nan;0;0
64023;6287;128;0;0;0;0;.00nan;0;0
64023;6770;146;0;0;0;0;.00nan;0;0
64023;6961;146;40;37;6;31;.838;3600000;0
64023;7302;128;70;23;1;22;.957;3600000;0
64025;2845;156;61;18;2;16;.889;3549500;0
64025;2868;156;0;0;0;0;.00nan;0;0
64025;6414;137;100;32;0;32;1.000;3600000;0
64025;6936;137;0;0;0;0;.00nan;0;0
64027;6182;148;12;24;7;17;.708;2079000;0
64027;6810;141;47;31;5;26;.839;3600000;0
64027;6837;141;0;0;0;0;.00nan;0;0
64027;6993;148;50;17;2;15;.882;1521000;0
64029;5668;133;0;0;0;0;.00nan;0;0
64029;5701;132;0;0;0;0;.00nan;0;0
64029;6215;133;63;35;4;31;.886;3519000;0
64029;6491;132;77;22;2;20;.909;3600000;0
64031;6066;135;39;20;4;16;.800;3822000;0
64031;6092;135;0;0;0;0;.00nan;0;0
64031;6115;149;46;5;1;4;.800;693000;0
64031;6738;149;53;32;4;28;.875;3129000;0
64033;6180;127;70;25;2;23;.920;3600000;0
64033;6198;129;47;25;4;21;.840;2475000;0
64033;6395;129;19;16;5;11;.688;1125000;0
64033;6539;127;0;0;0;0;.00nan;0;0
64035;6184;150;71;42;4;38;.905;3600000;0
64035;6187;139;71;16;1;15;.938;3600000;0
64035;6603;150;0;0;0;0;.00nan;0;0
64035;6804;139;0;0;0;0;.00nan;0;0
64037;6184;150;0;0;0;0;.00nan;0;0
64037;6287;128;67;26;2;24;.923;3900000;0
64037;6603;150;78;28;2;26;.929;3900000;0
64037;7302;128;0;0;0;0;.00nan;0;0
64039;5423;144;57;26;3;23;.885;3900000;0
64039;6187;139;0;0;0;0;.00nan;0;0
64039;6804;139;100;48;3;45;.938;3900000;0
64039;6870;144;0;0;0;0;.00nan;0;0
64041;5701;132;32;30;6;24;.800;3545000;0
64041;6491;132;0;0;0;0;.00nan;0;0
64041;6731;145;0;0;0;0;.00nan;0;0
64041;6968;145;49;26;4;22;.846;3600000;0
64043;6198;129;0;0;0;0;.00nan;0;0
64043;6395;129;63;33;4;29;.879;3600000;0
64043;6890;136;52;47;6;41;.872;3586000;0
64043;6915;136;0;0;0;0;.00nan;0;0
64045;5931;147;0;0;0;0;.00nan;0;0
64045;6066;135;0;0;0;0;.00nan;0;0
64045;6092;135;62;20;2;18;.900;3600000;0
64045;6168;147;77;48;4;44;.917;3600000;0
64047;2756;131;46;35;5;30;.857;3550000;0
64047;6182;148;86;38;3;35;.921;3600000;0
64047;6753;131;0;0;0;0;.00nan;0;0
64047;6993;148;0;0;0;0;.00nan;0;0
64049;6115;149;63;38;4;34;.895;3571000;0
64049;6713;140;0;0;0;0;.00nan;0;0
64049;6738;149;0;0;0;0;.00nan;0;0
64049;7327;140;71;24;2;22;.917;3600000;0
64051;2845;156;65;19;2;17;.895;3600000;0
64051;2868;156;0;0;0;0;.00nan;0;0
64051;5451;151;91;40;3;37;.925;3514550;0
64051;5483;151;0;0;0;0;.00nan;0;0
64053;6414;137;0;0;0;0;.00nan;0;0
64053;6810;141;0;0;0;0;.00nan;0;0
64053;6837;141;97;22;0;22;1.000;3600000;0
64053;6936;137;97;49;1;48;.980;3545000;0
64055;6180;127;0;0;0;0;.00nan;0;0
64055;6539;127;100;31;0;31;1.000;3600000;0
64055;6813;130;0;0;0;0;.00nan;0;0
64055;7115;130;50;29;4;25;.862;3600000;0
64057;2770;126;0;0;0;0;.00nan;0;0
64057;5398;143;0;0;0;0;.00nan;0;0
64057;6495;126;44;33;5;28;.848;3600000;0
64057;7029;143;77;32;2;30;.938;3600000;0
64059;5711;142;61;14;1;13;.929;3600000;0
64059;5970;138;94;56;3;53;.946;3560000;0
64059;6070;142;0;0;0;0;.00nan;0;0
64059;6283;138;0;0;0;0;.00nan;0;0
64061;5668;133;48;19;3;16;.842;3600000;0
64061;6215;133;0;0;0;0;.00nan;0;0
64061;6770;146;61;44;5;39;.886;3600000;0
64061;6961;146;0;0;0;0;.00nan;0;0
64063;6180;127;0;0;0;0;.00nan;0;0
64063;6187;139;38;26;5;21;.808;3538000;0
64063;6539;127;60;27;3;24;.889;3600000;0
64063;6804;139;0;0;0;0;.00nan;0;0
64065;6198;129;74;24;2;22;.917;3600000;0
64065;6287;128;0;0;0;0;.00nan;0;0
64065;6395;129;0;0;0;0;.00nan;0;0
64065;7302;128;88;51;4;47;.922;3538000;0
64067;5423;144;0;0;0;0;.00nan;0;0
64067;6182;148;61;32;4;28;.875;3641000;0
64067;6870;144;77;37;3;34;.919;3641000;0
64067;6993;148;0;0;0;0;.00nan;0;0
64069;6414;137;0;0;0;0;.00nan;0;0
64069;6770;146;0;0;0;0;.00nan;0;0
64069;6936;137;75;31;2;29;.935;3579000;0
64069;6961;146;86;30;1;29;.967;3600000;0
64071;5701;132;97;41;2;39;.951;3900000;0
64071;5711;142;0;0;0;0;.00nan;0;0
64071;6070;142;80;27;2;25;.926;3900000;0
64071;6491;132;0;0;0;0;.00nan;0;0
64073;5451;151;0;0;0;0;.00nan;0;0
64073;5483;151;100;37;0;37;1.000;3600000;0
64073;5820;134;0;0;0;0;.00nan;0;0
64073;7075;134;77;29;2;27;.931;3530000;0
64075;2756;131;56;11;1;10;.909;3600000;0
64075;5931;147;0;0;0;0;.00nan;0;0
64075;6168;147;78;46;3;43;.935;3558000;0
64075;6753;131;0;0;0;0;.00nan;0;0
64077;6731;145;0;0;0;0;.00nan;0;0
64077;6810;141;0;0;0;0;.00nan;0;0
64077;6837;141;63;27;3;24;.889;3600000;0
64077;6968;145;58;31;4;27;.871;3567000;0
64079;5398;143;56;30;4;26;.867;3900000;0
64079;6184;150;57;42;4;38;.905;3900000;0
64079;6603;150;0;0;0;0;.00nan;0;0
64079;7029;143;0;0;0;0;.00nan;0;0
64081;6115;149;52;10;1;9;.900;488000;0
64081;6713;140;41;16;3;13;.813;3600000;0
64081;6738;149;36;33;6;27;.818;3112000;0
64081;7327;140;0;0;0;0;.00nan;0;0
64083;2770;126;94;40;2;38;.950;3900000;0
64083;2845;156;82;30;2;28;.933;3900000;0
64083;2868;156;0;0;0;0;.00nan;0;0
64083;6495;126;0;0;0;0;.00nan;0;0
64085;6066;135;0;0;0;0;.00nan;0;0
64085;6092;135;51;18;2;16;.889;3600000;0
64085;6890;136;0;0;0;0;.00nan;0;0
64085;6915;136;58;30;4;26;.867;3589000;0
64087;5668;133;75;43;4;39;.907;3574000;0
64087;6215;133;0;0;0;0;.00nan;0;0
64087;6813;130;88;35;2;33;.943;3600000;0
64087;7115;130;0;0;0;0;.00nan;0;0
64089;2770;126;0;0;0;0;.00nan;0;0
64089;6495;126;68;18;1;17;.944;3600000;0
64089;6713;140;0;0;0;0;.00nan;0;0
64089;7327;140;71;30;2;28;.933;3579000;0
64091;6414;137;26;27;6;21;.778;3235000;0
64091;6770;146;82;38;4;34;.895;3600000;0
64091;6936;137;54;6;0;6;1.000;365000;0
64091;6961;146;0;0;0;0;.00nan;0;0
64093;2756;131;0;0;0;0;.00nan;0;0
64093;6753;131;62;30;3;27;.900;3900000;0
64093;6810;141;90;38;3;35;.921;3900000;0
64093;6837;141;0;0;0;0;.00nan;0;0
64095;5970;138;0;0;0;0;.00nan;0;0
64095;6283;138;64;23;2;21;.913;3600000;0
64095;6890;136;66;28;3;25;.893;3546000;0
64095;6915;136;0;0;0;0;.00nan;0;0
64097;5668;133;0;0;0;0;.00nan;0;0
64097;5820;134;56;44;6;38;.864;3592000;0
64097;6215;133;39;23;4;19;.826;3600000;0
64097;7075;134;0;0;0;0;.00nan;0;0
64099;6184;150;0;0;0;0;.00nan;0;0
64099;6198;129;0;0;0;0;.00nan;0;0
64099;6395;129;64;20;2;18;.900;3563000;0
64099;6603;150;75;20;1;19;.950;3600000;0
64101;6287;128;74;45;4;41;.911;3600000;0
64101;6731;145;65;14;1;13;.929;3600000;0
64101;6968;145;0;0;0;0;.00nan;0;0
64101;7302;128;0;0;0;0;.00nan;0;0
64103;2845;156;71;17;1;16;.941;3600000;0
64103;2868;156;0;0;0;0;.00nan;0;0
64103;6115;149;84;32;2;30;.938;3579350;0
64103;6738;149;0;0;0;0;.00nan;0;0
64105;5711;142;47;20;4;16;.800;3600000;0
64105;6066;135;67;43;5;38;.884;3589000;0
64105;6070;142;0;0;0;0;.00nan;0;0
64105;6092;135;0;0;0;0;.00nan;0;0
64107;5423;144;83;38;3;35;.921;3600000;0
64107;5701;132;0;0;0;0;.00nan;0;0
64107;6491;132;53;29;4;25;.862;3549000;0
64107;6870;144;0;0;0;0;.00nan;0;0
64109;5931;147;100;52;2;50;.962;3600000;0
64109;6168;147;0;0;0;0;.00nan;0;0
64109;6813;130;0;0;0;0;.00nan;0;0
64109;7115;130;30;9;3;6;.667;3561000;0
64111;5398;143;0;0;0;0;.00nan;0;0
64111;6180;127;50;24;3;21;.875;3900000;0
64111;6539;127;0;0;0;0;.00nan;0;0
64111;7029;143;77;28;3;25;.893;3900000;0
64113;5451;151;0;0;0;0;.00nan;0;0
64113;5483;151;67;34;4;30;.882;3533000;0
64113;6182;148;0;0;0;0;.00nan;0;0
64113;6993;148;65;26;2;24;.923;3600000;0
64115;2845;156;57;29;4;25;.862;3529000;0
64115;2868;156;0;0;0;0;.00nan;0;0
64115;6184;150;100;41;2;39;.951;3600000;0
64115;6603;150;0;0;0;0;.00nan;0;0
64117;6187;139;83;25;1;24;.960;3600000;0
64117;6731;145;0;0;0;0;.00nan;0;0
64117;6804;139;0;0;0;0;.00nan;0;0
64117;6968;145;83;32;2;30;.938;3551000;0
64119;5423;144;0;0;0;0;.00nan;0;0
64119;6066;135;0;0;0;0;.00nan;0;0
64119;6092;135;47;34;5;29;.853;3560000;0
64119;6870;144;68;35;4;31;.886;3600000;0
64121;6198;129;0;0;0;0;.00nan;0;0
64121;6395;129;78;29;2;27;.931;3600000;0
64121;6770;146;0;0;0;0;.00nan;0;0
64121;6961;146;74;33;3;30;.909;3600000;0
64123;6115;149;0;0;0;0;.00nan;0;0
64123;6738;149;55;27;3;24;.889;3515000;0
64123;6890;136;0;0;0;0;.00nan;0;0
64123;6915;136;81;24;1;23;.958;3600000;0
64125;5970;138;0;0;0;0;.00nan;0;0
64125;6283;138;63;16;1;15;.938;3600000;0
64125;6287;128;0;0;0;0;.00nan;0;0
64125;7302;128;66;50;5;45;.900;3600000;0
64127;5398;143;100;51;2;49;.961;3600000;0
64127;6810;141;0;0;0;0;.00nan;0;0
64127;6837;141;39;15;3;12;.800;3580000;0
64127;7029;143;0;0;0;0;.00nan;0;0
64129;2770;126;71;36;3;33;.917;3600000;0
64129;5820;134;74;41;4;37;.902;3600000;0
64129;6495;126;0;0;0;0;.00nan;0;0
64129;7075;134;0;0;0;0;.00nan;0;0
64131;5701;132;2;24;8;16;.667;3600000;0
64131;6414;137;83;28;1;27;.964;3600000;0
64131;6491;132;0;0;0;0;.00nan;0;0
64131;6936;137;0;0;0;0;.00nan;0;0
64133;5711;142;92;26;1;25;.962;3600000;0
64133;6070;142;0;0;0;0;.00nan;0;0
64133;6180;127;0;0;0;0;.00nan;0;0
64133;6539;127;78;29;2;27;.931;3551000;0
64135;2756;131;89;12;0;12;1.000;3600000;0
64135;6713;140;75;36;3;33;.917;3600000;0
64135;6753;131;0;0;0;0;.00nan;0;0
64135;7327;140;0;0;0;0;.00nan;0;0
64137;5451;151;100;29;0;29;1.000;3600000;0
64137;5483;151;0;0;0;0;.00nan;0;0
64137;6182;148;0;0;0;0;.00nan;0;0
64137;6993;148;48;31;4;27;.871;3600000;0
64139;5668;133;0;0;0;0;.00nan;0;0
64139;5931;147;0;0;0;0;.00nan;0;0
64139;6168;147;76;36;3;33;.917;3541000;0
64139;6215;133;51;14;2;12;.857;3600000;0
64141;5423;144;0;0;0;0;.00nan;0;0
64141;6066;135;0;0;0;0;.00nan;0;0
64141;6092;135;91;31;1;30;.968;3600000;0
64141;6870;144;44;33;5;28;.848;3600000;0
64143;5398;143;66;19;2;17;.895;3600000;0
64143;6115;149;9;18;6;12;.667;1324000;0
64143;6738;149;72;23;1;22;.957;2276000;0
64143;7029;143;0;0;0;0;.00nan;0;0
64145;5451;151;49;43;7;36;.837;2911000;0
64145;5483;151;42;9;2;7;.778;689000;0
64145;5711;142;45;14;2;12;.857;3600000;0
64145;6070;142;0;0;0;0;.00nan;0;0
64147;5820;134;55;17;3;14;.824;3578000;0
64147;6414;137;0;0;0;0;.00nan;0;0
64147;6936;137;91;37;2;35;.946;3600000;0
64147;7075;134;0;0;0;0;.00nan;0;0
64149;6180;127;0;0;0;0;.00nan;0;0
64149;6539;127;33;24;5;19;.792;3600000;0
64149;6813;130;0;0;0;0;.00nan;0;0
64149;7115;130;84;26;1;25;.962;3600000;0
64151;5668;133;69;32;3;29;.906;3600000;0
64151;5970;138;66;35;4;31;.886;3538000;0
64151;6215;133;0;0;0;0;.00nan;0;0
64151;6283;138;0;0;0;0;.00nan;0;0
64153;6731;145;62;7;0;7;1.000;1520000;0
64153;6810;141;0;0;0;0;.00nan;0;0
64153;6837;141;18;27;7;20;.741;3900000;0
64153;6968;145;6;23;7;16;.696;2380000;0
64155;6182;148;0;0;0;0;.00nan;0;0
64155;6890;136;0;0;0;0;.00nan;0;0
64155;6915;136;100;36;0;36;1.000;3600000;0
64155;6993;148;44;24;5;19;.792;3600000;0
64157;5931;147;0;0;0;0;.00nan;0;0
64157;6168;147;94;33;2;31;.939;3533000;0
64157;6713;140;83;17;0;17;1.000;3600000;0
64157;7327;140;0;0;0;0;.00nan;0;0
64159;2770;126;68;37;4;33;.892;3572000;0
64159;6495;126;0;0;0;0;.00nan;0;0
64159;6770;146;0;0;0;0;.00nan;0;0
64159;6961;146;75;29;3;26;.897;3600000;0
64161;5701;132;62;13;1;12;.923;3047000;0
64161;6184;150;44;36;5;31;.861;3600000;0
64161;6491;132;25;4;3;1;.250;553000;0
64161;6603;150;0;0;0;0;.00nan;0;0
64163;2845;156;63;19;2;17;.895;3600000;0
64163;2868;156;0;0;0;0;.00nan;0;0
64163;6187;139;0;0;0;0;.00nan;0;0
64163;6804;139;59;23;3;20;.870;3600000;0
64165;2756;131;59;14;2;12;.857;3600000;0
64165;6198;129;75;47;5;42;.894;3600000;0
64165;6395;129;0;0;0;0;.00nan;0;0
64165;6753;131;0;0;0;0;.00nan;0;0
64167;2845;156;45;27;5;22;.815;3668600;0
64167;2868;156;0;0;0;0;.00nan;0;0
64167;6187;139;76;49;6;43;.878;3668600;0
64167;6804;139;0;0;0;0;.00nan;0;0
64169;2756;131;0;0;0;0;.00nan;0;0
64169;5398;143;63;8;0;8;1.000;352000;0
64169;6753;131;50;14;2;12;.857;3600000;0
64169;7029;143;52;41;6;35;.854;3248000;0
64171;6182;148;78;13;0;13;1.000;3600000;0
64171;6287;128;0;0;0;0;.00nan;0;0
64171;6993;148;0;0;0;0;.00nan;0;0
64171;7302;128;75;43;3;40;.930;3600000;0
64173;5711;142;0;0;0;0;.00nan;0;0
64173;6066;135;22;26;7;19;.731;2179000;0
64173;6070;142;60;20;3;17;.850;3600000;0
64173;6092;135;52;19;2;17;.895;1421000;0
64175;5423;144;83;18;0;18;1.000;3600000;0
64175;6184;150;43;11;2;9;.818;920000;0
64175;6603;150;46;39;6;33;.846;2680000;0
64175;6870;144;0;0;0;0;.00nan;0;0
64177;5820;134;0;0;0;0;.00nan;0;0
64177;6180;127;51;12;2;10;.833;3600000;0
64177;6539;127;0;0;0;0;.00nan;0;0
64177;7075;134;53;36;5;31;.861;3600000;0
64179;5451;151;0;0;0;0;.00nan;0;0
64179;5483;151;48;27;4;23;.852;3805000;0
64179;6770;146;62;39;5;34;.872;3805000;0
64179;6961;146;0;0;0;0;.00nan;0;0
64181;2770;126;0;0;0;0;.00nan;0;0
64181;6495;126;41;17;4;13;.765;3546000;0
64181;6713;140;82;39;3;36;.923;3600000;0
64181;7327;140;0;0;0;0;.00nan;0;0
64183;5701;132;0;0;0;0;.00nan;0;0
64183;6414;137;16;34;8;26;.765;3208000;0
64183;6491;132;51;23;3;20;.870;3600000;0
64183;6936;137;56;5;0;5;1.000;392000;0
64185;5668;133;0;0;0;0;.00nan;0;0
64185;6115;149;58;42;5;37;.881;3600000;0
64185;6215;133;57;14;2;12;.857;3600000;0
64185;6738;149;0;0;0;0;.00nan;0;0
64187;6198;129;52;3;0;3;1.000;610000;0
64187;6395;129;23;40;7;33;.825;2990000;0
64187;6731;145;0;0;0;0;.00nan;0;0
64187;6968;145;64;20;2;18;.900;3600000;0
64189;5931;147;83;60;5;55;.917;3600000;0
64189;5970;138;0;0;0;0;.00nan;0;0
64189;6168;147;0;0;0;0;.00nan;0;0
64189;6283;138;64;17;1;16;.941;3600000;0
64191;6810;141;85;29;1;28;.966;3600000;0
64191;6813;130;46;40;6;34;.850;3600000;0
64191;6837;141;0;0;0;0;.00nan;0;0
64191;7115;130;0;0;0;0;.00nan;0;0
