PlayerId;TeamId;FranchiseId;GP;G;A;+/-;PIM;PP G;PP A;SH G;SH A;Fights;Fights_Won;HIT;GvA;TkA;SB;GR;Game Rating Off;Game Rating Def;SOG;TOI;PPTOI;SHTOI;PDO;GF/60;GA/60;SF/60;SA/60;CF;CA;CF%;CF% rel;FF;FA;FF%;FF% rel;GWG;FO;FOW
25;44;30;5;0;2;-6;4;0;0;0;0;0;0;7;3;0;4;50;50;49;8;5632;45;499;97.1;3.2;7.0;22.4;40.9;59;116;33.7;-2.0;48;86;35.8;0.4;0;0;0
30;59;1;6;0;0;-2;0;0;0;0;0;0;0;8;3;3;8;58;48;70;4;6678;0;789;92.1;1.6;2.7;27.0;19.4;98;67;59.4;6.3;75;53;58.6;4.2;0;0;0
43;60;18;9;1;4;10;0;0;0;0;0;0;0;11;2;0;15;63;50;78;15;8640;0;1122;113.5;5.4;1.3;30.8;30.4;146;129;53.1;5.6;101;101;50.0;0.4;0;0;0
66;29;29;7;0;3;4;2;0;0;0;0;0;0;4;1;6;6;60;53;67;9;8226;0;169;100.0;3.5;1.8;38.5;19.3;136;75;64.5;8.5;101;50;66.9;14.3;0;0;0
74;59;1;4;0;1;-1;0;0;0;0;0;0;0;6;3;1;0;64;53;75;7;2756;167;531;91.5;2.6;3.9;40.5;26.1;48;35;57.8;-1.2;36;26;58.1;-1.8;0;0;0
83;43;17;4;0;2;0;2;0;1;0;0;0;0;9;1;2;0;63;58;59;8;4080;207;303;101.3;0.9;0.9;22.9;34.4;56;64;46.7;5.9;36;53;40.4;0.6;0;5;2
93;18;18;7;2;3;-1;2;0;0;0;0;0;0;11;5;5;5;71;71;68;10;6395;787;0;92.6;2.8;3.4;41.1;23.6;117;72;61.9;3.8;85;49;63.4;3.8;0;4;4
107;62;19;5;1;0;0;0;0;0;0;0;0;0;2;2;0;3;57;54;56;5;3659;0;590;97.3;4.9;4.9;32.5;27.5;54;56;49.1;-2.2;46;43;51.7;3.5;0;5;2
110;38;25;12;0;3;0;4;0;0;0;0;0;0;11;2;4;16;61;50;73;9;12033;33;1075;98.3;2.7;2.7;25.4;21.8;157;161;49.4;-0.2;115;112;50.7;1.9;0;0;0
117;33;29;5;3;3;0;0;2;0;0;0;0;0;8;4;4;8;73;71;70;19;5124;1058;0;101.1;4.2;3.5;38.6;35.8;88;98;47.3;0.1;70;71;49.6;2.5;1;4;2
134;32;30;10;1;1;-4;0;0;0;0;0;0;0;11;2;3;7;59;56;57;15;5769;0;1612;92.0;3.1;5.6;36.2;33.7;95;98;49.2;-3.9;66;74;47.1;-6.5;0;43;21
192;59;1;5;0;1;-2;2;0;0;0;0;0;0;2;0;0;4;57;53;55;3;2065;78;0;85.3;1.7;5.2;33.1;26.2;28;25;52.8;-0.7;22;19;53.7;-1.1;0;0;0
205;38;10;13;3;5;0;0;0;0;0;0;0;0;29;2;3;5;61;56;62;17;10116;0;0;102.3;2.8;2.8;25.3;31.7;126;150;45.7;-4.9;95;116;45.0;-5.8;1;0;0
207;29;29;7;2;3;6;0;0;0;0;0;0;0;4;1;6;3;65;59;73;11;5571;0;211;109.6;4.5;0.6;36.8;24.6;91;54;62.8;5.3;65;44;59.6;3.3;0;68;34
227;29;29;7;1;1;-1;0;0;0;0;0;0;0;2;6;3;1;57;53;59;6;3640;11;343;96.9;2.0;3.0;28.7;29.7;53;44;54.6;-4.7;35;32;52.2;-5.6;0;39;7
234;50;26;5;1;2;2;0;0;0;0;0;0;0;5;5;4;8;73;55;89;15;5776;1070;216;103.4;3.7;2.5;34.9;34.3;88;99;47.1;6.7;73;77;48.7;8.3;0;0;0
300;18;18;7;0;4;8;2;0;1;0;0;0;0;14;1;2;3;63;63;60;17;7746;692;297;105.7;6.5;2.8;41.4;27.9;135;83;61.9;4.1;110;68;61.8;1.9;0;0;0
318;12;12;7;0;1;-2;2;0;0;0;0;0;0;2;1;2;3;59;57;58;3;5316;0;65;98.6;2.0;3.4;26.4;37.2;75;86;46.6;-2.2;46;67;40.7;-7.4;0;69;36
332;45;28;11;4;3;5;4;1;0;0;0;0;0;18;3;2;2;62;58;59;16;8258;1050;284;108.5;3.9;1.7;27.0;28.8;115;120;48.9;-9.4;80;86;48.2;-10.4;0;124;66
333;57;12;2;0;1;0;2;0;0;0;0;0;0;1;1;0;0;59;53;67;0;1020;160;0;103.2;3.5;3.5;24.7;31.8;12;15;44.4;-7.7;9;11;45.0;-3.0;0;9;4
335;44;30;1;0;0;-2;0;0;0;0;0;0;0;3;0;0;2;45;50;38;2;804;0;178;71.4;0.0;9.0;35.8;31.3;13;12;52.0;16.6;11;8;57.9;22.3;0;0;0
341;50;26;5;0;2;-3;0;0;0;0;0;0;0;13;0;1;5;65;50;77;4;4700;0;565;95.2;2.3;4.6;26.8;34.5;64;90;41.6;-1.7;48;65;42.5;-1.6;0;0;0
343;12;12;1;1;0;1;0;0;0;0;0;0;0;1;0;0;0;60;58;63;5;738;0;84;112.5;4.9;0.0;39.0;48.8;13;12;52.0;-2.5;10;12;45.5;-10.3;0;0;0
353;33;29;5;1;4;-2;0;0;2;0;1;0;0;7;1;2;2;69;61;77;14;3474;1109;99;95.5;1.0;3.1;34.2;41.5;61;67;47.7;0.6;49;51;49.0;1.3;0;1;0
361;27;27;7;1;0;-3;2;0;0;0;0;0;0;12;10;1;3;64;63;57;25;6197;58;0;95.2;1.2;2.9;36.6;36.6;103;107;49.0;-2.1;77;73;51.3;0.4;0;0;0
366;57;12;9;0;3;-3;0;0;1;0;0;0;0;11;2;1;1;59;54;58;16;4948;500;300;84.9;3.6;5.8;42.9;24.7;93;62;60.0;1.1;72;44;62.1;2.9;0;9;6
370;62;19;5;1;1;1;2;0;0;0;0;0;0;4;0;0;0;57;52;57;4;2385;0;0;108.1;4.5;3.0;25.7;31.7;31;52;37.3;-16.1;24;33;42.1;-8.2;0;22;7
398;12;12;7;0;2;4;4;0;0;0;0;0;0;4;1;3;14;63;51;78;8;7686;0;790;106.2;2.8;0.9;32.3;37.0;122;128;48.8;0.8;82;96;46.1;-0.8;0;0;0
401;8;8;4;1;0;-1;0;0;0;0;0;0;0;1;0;3;0;59;56;62;7;2557;0;0;94.2;1.4;2.8;29.6;26.7;34;32;51.5;-1.1;26;22;54.2;1.1;1;2;0
402;1;1;2;3;0;1;0;0;0;0;0;0;0;0;3;1;2;60;61;54;5;1638;1;0;103.1;6.6;4.4;48.3;41.7;35;25;58.3;16.6;28;21;57.1;14.0;0;0;0
407;29;29;7;2;3;7;0;0;0;0;0;0;0;7;6;3;2;66;63;62;13;5455;0;0;110.2;5.3;0.7;42.2;28.4;97;58;62.6;5.1;71;47;60.2;4.1;1;0;0
408;18;18;7;0;1;5;0;0;0;0;0;0;0;8;3;7;6;63;57;64;16;8794;143;399;101.7;4.5;2.5;39.7;25.4;165;108;60.4;2.2;118;73;61.8;1.9;0;0;0
427;12;12;7;2;1;3;0;0;0;0;0;0;0;14;2;1;1;64;63;60;7;4659;42;0;109.0;4.6;2.3;30.1;36.3;61;70;46.6;-2.1;42;57;42.4;-5.1;0;0;0
430;27;27;7;4;5;-2;2;1;1;0;0;0;0;5;13;5;1;67;70;58;39;7458;786;290;95.1;3.9;4.8;45.9;36.2;142;125;53.2;3.9;106;90;54.1;4.6;2;5;2
473;1;1;7;2;6;1;0;0;1;0;0;0;0;9;6;3;2;74;80;61;15;6643;1185;0;102.1;4.3;3.3;41.2;38.5;108;115;48.4;-1.4;85;84;50.3;1.9;0;3;1
491;27;27;7;3;2;3;2;0;0;0;0;0;0;7;12;2;2;68;71;60;16;6452;0;1;106.1;4.5;2.8;33.5;38.5;93;101;47.9;-3.5;72;80;47.4;-4.9;1;0;0
502;44;30;5;1;2;4;7;0;0;0;0;1;0;7;2;2;4;65;55;76;8;5675;234;452;115.8;4.4;1.9;21.6;40.0;68;112;37.8;4.4;46;82;35.9;0.6;1;0;0
506;58;24;7;2;1;0;0;0;0;0;0;0;0;6;1;3;9;63;56;69;12;5676;37;0;100.5;2.5;2.5;24.7;26.0;71;75;48.6;3.3;52;55;48.6;1.9;1;0;0
510;54;10;10;1;0;-1;0;0;0;0;0;0;0;11;0;1;1;56;53;53;8;4677;30;459;99.0;2.3;3.1;29.2;34.6;77;71;52.0;1.7;56;57;49.6;-1.3;0;43;25
517;44;30;5;0;4;-10;0;0;0;0;0;0;0;4;1;0;12;59;53;68;5;4651;0;841;89.2;2.3;10.1;19.4;44.1;42;95;30.7;-6.0;33;72;31.4;-5.8;0;0;0
522;8;8;7;2;2;-7;0;1;1;0;0;0;0;8;9;4;8;71;75;62;15;7668;903;107;90.4;0.9;4.2;30.5;33.3;100;119;45.7;-8.5;76;84;47.5;-8.2;0;4;0
545;40;20;1;0;1;0;0;0;0;0;0;0;0;1;0;0;1;58;60;45;0;979;101;0;102.5;3.7;3.7;29.4;36.8;13;19;40.6;-6.2;10;15;40.0;-5.6;0;0;0
549;60;18;5;1;0;-2;2;0;0;0;0;0;0;4;0;0;0;62;54;65;6;2569;110;637;92.2;1.4;4.2;37.8;36.4;35;52;40.2;-12.0;31;39;44.3;-8.8;0;30;9
552;62;19;4;2;3;3;0;0;0;1;0;0;0;6;4;1;9;66;54;78;12;4177;110;287;108.3;4.3;2.6;25.9;31.0;61;79;43.6;-11.0;44;58;43.1;-9.2;0;0;0
554;18;18;3;0;1;-4;0;0;0;0;0;0;0;5;0;1;3;56;59;50;10;3270;0;0;85.3;3.3;7.7;46.2;35.2;63;45;58.3;-0.9;50;34;59.5;1.2;0;0;0
581;29;29;7;0;1;-4;0;0;0;0;0;0;0;10;2;7;3;60;56;64;15;7973;100;350;94.1;1.4;3.2;28.0;29.3;117;99;54.2;-6.6;76;80;48.7;-12.3;0;0;0
609;50;26;5;1;0;-2;2;0;0;0;0;0;0;6;0;2;2;61;57;64;11;4311;460;118;94.5;1.7;3.3;25.1;27.6;63;70;47.4;6.2;48;53;47.5;5.3;0;2;0
618;0;0;7;2;1;-2;0;0;0;0;0;0;0;3;7;5;1;60;57;59;9;5530;0;547;98.9;2.6;3.9;23.4;31.9;68;83;45.0;5.3;43;65;39.8;0.5;1;11;5
676;44;30;5;5;2;-1;4;0;0;0;0;0;0;3;1;1;3;63;68;50;8;4863;845;0;121.7;5.9;6.7;15.5;40.7;48;100;32.4;-3.7;35;73;32.4;-4.5;0;0;0
678;60;18;10;3;4;4;2;0;0;0;0;0;0;6;1;5;8;57;52;61;14;11117;259;364;103.6;4.2;2.9;31.7;30.1;168;171;49.6;-1.4;130;125;51.0;-0.1;1;0;0
684;56;56;10;1;2;1;2;0;0;0;0;0;0;5;1;3;2;62;55;67;9;5028;48;936;103.0;2.9;2.1;31.5;35.1;76;90;45.8;-7.8;58;67;46.4;-7.1;0;78;38
686;33;33;2;0;0;-4;0;0;0;0;0;0;0;3;0;0;1;59;54;60;0;1480;96;0;75.0;0.0;9.7;19.5;38.9;23;29;44.2;2.2;12;22;35.3;-11.2;0;0;0
692;40;40;6;1;3;0;2;0;1;0;0;0;0;8;0;1;2;62;61;57;12;3756;724;47;105.9;3.8;3.8;24.9;40.3;49;63;43.8;0.6;41;52;44.1;1.7;1;9;5
696;33;29;5;3;4;4;2;0;0;0;1;0;0;5;0;1;8;69;65;64;14;5204;239;409;104.2;4.8;2.8;40.1;35.3;91;97;48.4;1.8;74;70;51.4;5.2;0;75;29
697;12;12;7;1;5;2;0;0;2;0;0;0;0;13;1;10;13;66;56;74;19;9561;114;692;102.6;3.0;2.3;33.1;34.6;150;134;52.8;7.2;104;105;49.8;5.0;0;0;0
714;54;10;10;0;3;-2;2;0;0;0;0;0;0;5;2;4;2;58;54;59;9;5801;30;563;100.1;1.9;3.1;24.8;42.2;81;106;43.3;-8.8;59;82;41.8;-10.7;0;0;0
717;18;18;7;2;3;2;0;0;0;0;0;0;0;4;2;2;1;62;61;59;10;5910;25;77;101.1;4.3;3.0;32.9;25.6;83;64;56.5;-3.3;69;50;58.0;-3.3;1;65;31
720;44;30;4;0;1;-2;0;0;0;0;0;0;0;3;0;0;2;55;53;53;5;1714;146;0;90.0;2.1;6.3;31.5;37.8;22;32;40.7;4.5;17;24;41.5;4.4;0;10;4
731;32;23;11;4;1;-1;4;1;0;0;0;0;0;27;2;2;7;71;62;77;33;11759;2370;607;98.2;3.4;3.1;35.5;27.2;202;185;52.2;0.7;159;134;54.3;4.3;0;0;0
735;60;60;10;1;5;0;4;1;3;0;0;0;0;7;2;1;1;63;57;63;11;4136;1285;152;98.7;1.7;1.7;38.3;29.6;69;60;53.5;3.5;57;44;56.4;6.2;0;17;7
736;55;9;11;3;7;2;4;0;0;0;0;0;0;9;5;1;10;61;57;63;14;8209;840;81;107.3;3.5;2.6;23.7;35.1;102;153;40.0;-8.6;74;113;39.6;-9.6;1;9;6
739;32;23;11;5;4;8;4;1;1;0;0;0;0;11;4;1;5;71;65;73;27;10789;641;1283;107.4;4.0;1.3;32.4;26.7;182;152;54.5;4.0;135;110;55.1;5.1;2;5;3
758;29;29;1;0;0;0;0;0;0;0;0;0;0;2;1;0;2;63;55;70;0;463;0;166;100.0;0.0;0.0;46.6;23.3;10;6;62.5;-1.1;6;3;66.7;3.6;0;3;2
760;33;29;5;1;0;-1;0;0;0;0;0;0;0;6;0;3;3;65;60;66;11;4619;0;350;97.2;2.3;3.1;33.5;32.0;91;72;55.8;12.3;68;56;54.8;9.8;0;78;41
773;40;20;7;0;1;-1;0;0;0;0;0;0;0;5;2;2;6;63;60;64;10;7540;219;362;104.3;2.4;2.9;20.5;39.2;88;141;38.4;-7.5;60;106;36.1;-9.8;0;10;5
775;59;1;6;2;2;1;4;0;0;0;0;0;0;6;2;3;6;65;63;65;21;6195;418;571;99.5;2.9;2.3;33.1;25.0;110;85;56.4;2.2;77;66;53.8;-2.9;0;15;5
785;56;56;11;2;2;2;2;0;0;0;0;0;0;4;3;0;3;59;53;62;9;5268;0;0;104.6;2.7;1.4;30.1;30.8;82;84;49.4;-4.4;57;65;46.7;-6.9;0;2;1
786;43;17;4;1;2;-2;0;0;0;0;0;0;0;9;2;1;4;66;53;73;9;4870;0;365;99.5;4.4;5.9;27.4;35.5;67;74;47.5;7.8;52;62;45.6;9.1;0;0;0
801;27;27;7;0;3;0;2;0;0;0;0;0;0;2;4;1;1;55;52;56;0;3077;101;36;102.1;5.8;5.8;33.9;38.6;49;55;47.1;-4.0;32;39;45.1;-6.8;0;46;22
803;29;29;7;1;0;1;0;0;0;0;0;0;0;9;3;2;2;63;61;66;8;4110;31;0;105.3;2.6;1.8;21.9;26.3;50;48;51.0;-8.9;30;34;46.9;-11.7;0;0;0
805;44;30;5;3;0;2;2;0;0;0;0;0;0;5;0;2;3;62;58;60;4;4110;72;428;116.1;4.4;2.6;18.4;34.2;41;70;36.9;2.5;34;50;40.5;6.4;0;31;19
816;1;1;7;0;2;-3;0;0;0;0;0;0;0;7;5;0;1;58;58;50;4;4043;0;0;98.9;3.6;6.2;25.8;41.9;68;73;48.2;-1.5;39;55;41.5;-8.9;0;0;0
819;20;20;7;1;4;-3;2;0;0;0;0;0;0;9;15;1;4;62;58;60;17;8190;42;0;98.5;2.2;3.5;28.6;38.2;96;136;41.4;0.0;75;98;43.4;0.6;0;1;1
823;12;12;7;4;4;4;2;1;0;0;0;0;0;9;7;4;1;69;67;69;21;7121;808;894;106.7;5.1;3.0;32.4;33.9;99;107;48.1;-0.3;75;80;48.4;2.4;1;109;53
829;27;27;7;2;3;1;0;0;2;1;0;0;0;11;1;6;7;64;63;61;22;7518;439;392;98.4;3.8;3.8;39.7;34.0;135;101;57.2;9.4;96;81;54.2;4.6;0;0;0
834;27;27;7;2;2;0;2;0;0;0;0;0;0;5;3;4;0;58;56;58;7;3094;37;41;100.0;5.8;5.8;37.2;37.2;60;50;54.5;4.6;39;37;51.3;0.3;0;2;1
838;55;9;11;2;3;2;20;0;0;0;0;0;0;38;2;3;12;63;63;58;34;10886;76;51;101.7;3.6;3.0;30.8;29.4;161;173;48.2;2.3;125;119;51.2;6.0;1;2;1
849;20;20;7;0;2;0;0;0;0;0;0;0;0;3;7;8;2;62;54;72;13;6304;44;137;101.7;1.7;1.7;24.6;32.5;64;105;37.9;-4.7;48;68;41.4;-2.1;0;72;35
861;8;8;7;0;1;-1;0;0;0;0;0;0;0;4;4;3;2;61;57;63;6;4707;501;95;97.8;1.5;2.3;29.1;30.6;64;66;49.2;-3.0;46;48;48.9;-5.3;0;33;16
866;54;10;10;2;3;0;2;1;0;0;0;0;0;6;4;1;5;66;58;68;16;8562;81;930;97.8;2.9;3.4;26.5;25.2;132;137;49.1;-2.0;95;93;50.5;-0.1;0;109;57
875;27;27;7;2;2;0;0;0;0;0;1;0;0;5;2;2;3;60;59;55;7;3707;37;157;96.0;4.9;5.8;36.9;34.0;77;61;55.8;6.3;46;42;52.3;1.5;0;1;1
878;12;12;7;0;0;-2;0;0;0;0;0;0;0;11;2;0;1;66;67;58;7;5583;26;98;96.9;2.6;3.9;29.7;32.9;84;81;50.9;3.3;52;62;45.6;-1.3;0;0;0
885;38;25;13;2;6;-5;6;2;0;0;0;0;0;16;5;6;13;76;55;93;19;14879;2240;855;100.5;2.7;3.9;23.2;35.3;187;258;42.0;-11.7;134;195;40.7;-13.8;2;0;0
893;62;19;1;0;1;-1;0;0;0;0;0;0;0;1;1;1;0;57;51;64;1;1034;0;187;94.3;3.5;7.0;27.9;38.3;15;18;45.5;-8.2;13;16;44.8;-6.3;0;0;0
896;56;21;11;6;6;-3;16;2;3;0;0;0;0;15;5;3;7;71;70;68;44;10713;2042;0;96.0;2.4;3.4;32.9;30.2;196;150;56.6;5.2;143;112;56.1;5.2;0;4;1
903;38;12;13;2;4;-1;2;0;2;0;0;0;0;15;3;4;7;68;58;72;31;12950;2222;0;100.5;3.1;3.3;23.4;26.4;168;197;46.0;-4.9;125;142;46.8;-3.7;0;213;105
910;59;1;6;1;1;-7;5;0;0;0;0;1;0;6;2;0;3;62;62;52;10;5809;1022;0;83.7;2.5;6.2;28.5;24.8;94;80;54.0;-1.4;69;53;56.6;1.2;0;14;8
911;59;1;3;1;0;1;0;0;0;0;0;0;0;2;0;2;3;71;65;75;7;3118;235;306;103.4;1.2;0.0;33.5;21.9;55;43;56.1;5.6;37;34;52.1;-0.1;1;4;3
916;12;12;7;2;2;4;2;0;0;0;0;0;0;12;5;4;7;76;76;69;10;5967;84;926;106.5;4.2;1.8;36.2;35.0;92;97;48.7;0.5;71;69;50.7;5.5;0;0;0
922;54;10;1;1;0;0;0;0;0;0;0;0;0;0;0;0;0;62;63;49;2;788;0;38;100.0;4.6;4.6;32.0;32.0;12;9;57.1;10.2;10;8;55.6;5.6;0;10;6
925;40;10;7;1;0;0;0;0;0;0;0;0;0;5;0;2;3;58;53;57;4;3127;137;50;104.9;3.5;3.5;24.2;36.8;44;61;41.9;-1.9;34;43;44.2;1.4;0;7;4
931;12;12;6;0;2;2;0;0;0;0;0;0;0;6;3;0;0;60;56;60;5;3363;4;0;108.0;2.1;0.0;26.8;28.9;36;42;46.2;-0.6;27;33;45.0;0.3;0;1;1
938;44;30;5;0;4;-6;2;0;0;0;0;0;0;11;1;1;11;73;65;74;9;5230;845;76;98.5;3.4;7.6;23.4;46.8;60;119;33.5;-2.3;45;92;32.8;-4.3;0;7;2
940;54;10;9;2;2;4;2;1;0;0;0;0;0;9;2;4;11;64;54;73;17;10086;226;546;101.4;5.0;3.6;33.6;26.4;168;141;54.4;5.4;126;106;54.3;5.6;0;0;0
949;0;0;7;1;1;-5;2;0;0;0;0;0;0;7;3;9;16;60;52;68;14;8835;166;548;96.4;2.0;4.1;26.1;35.9;114;136;45.6;7.3;83;101;45.1;8.7;0;0;0
954;57;12;11;4;4;12;2;0;0;0;0;0;0;14;2;1;7;62;52;72;26;11651;18;628;104.2;5.6;1.9;40.5;19.5;235;116;67.0;11.6;184;87;67.9;13.2;0;0;0
955;18;18;7;4;8;13;0;0;0;0;0;0;0;16;12;4;2;76;81;65;27;7838;664;0;109.9;7.8;1.8;47.8;28.5;157;96;62.1;4.6;124;70;63.9;5.3;0;5;2
963;29;29;7;0;3;-4;2;0;0;0;0;0;0;10;1;4;2;55;53;57;9;6816;43;369;92.6;1.6;3.7;37.5;31.7;120;86;58.3;-0.6;79;74;51.6;-7.9;0;0;0
974;54;10;1;0;1;0;0;0;0;0;1;0;0;1;0;0;3;76;59;95;1;967;25;122;90.0;0.0;3.7;29.8;37.2;13;16;44.8;-6.9;12;13;48.0;-5.2;0;0;0
975;33;29;5;0;4;-5;2;0;1;0;0;0;0;0;0;0;13;69;63;72;9;5260;1109;249;94.7;1.4;4.1;33.5;43.8;90;113;44.3;-4.6;68;82;45.3;-4.3;0;0;0
980;45;28;13;5;5;2;2;0;1;0;0;0;0;5;2;3;8;69;69;68;40;13189;1134;19;98.0;3.5;3.0;35.2;24.8;238;161;59.6;4.8;178;121;59.5;4.9;1;12;4
994;40;20;1;0;1;1;0;0;0;0;0;0;0;1;0;0;0;58;54;62;0;333;0;0;133.3;10.8;0.0;32.4;75.7;7;9;43.8;-16.3;5;8;38.5;-24.3;0;0;0
1004;62;19;5;2;1;2;0;0;0;0;0;0;0;2;2;1;3;58;54;59;7;2824;0;458;101.1;5.1;3.8;33.1;26.8;45;48;48.4;-3.0;37;33;52.9;4.7;1;5;2
1010;58;24;1;0;0;0;0;0;0;0;0;0;0;0;0;0;0;47;50;45;0;408;0;70;100.0;0.0;0.0;35.3;70.6;5;13;27.8;-14.0;5;10;33.3;-8.5;0;2;0
1019;0;0;7;1;3;0;2;0;0;0;0;0;0;3;3;1;12;56;54;54;10;6379;135;43;108.9;5.6;5.6;26.0;44.0;68;132;34.0;-9.7;49;100;32.9;-9.1;0;0;0
1024;29;29;7;0;6;-1;4;0;0;0;0;0;0;8;1;0;1;71;80;55;11;6497;160;0;94.8;3.9;4.4;43.8;31.6;124;88;58.5;-0.2;92;67;57.9;1.2;0;0;0
1029;0;0;7;6;2;0;0;0;1;0;0;0;0;3;9;3;2;69;77;50;25;7566;567;0;100.8;4.3;4.3;36.6;39.5;114;130;46.7;8.9;87;97;47.3;12.0;0;3;0
1031;54;10;1;0;0;0;0;0;0;0;0;0;0;0;0;0;0;49;53;43;2;805;0;122;87.5;0.0;4.5;35.8;35.8;10;13;43.5;-8.1;10;10;50.0;-1.9;0;0;0
1043;60;18;10;3;5;3;2;0;1;0;0;0;0;6;5;5;6;66;61;69;18;9724;1121;45;104.8;4.1;3.0;27.0;28.9;130;150;46.4;-5.6;99;110;47.4;-5.1;1;11;6
1048;54;10;10;2;6;-3;2;0;2;0;0;0;0;10;1;0;13;64;64;54;18;8652;965;248;99.8;3.3;4.2;23.3;28.7;128;146;46.7;-5.2;90;102;46.9;-5.0;2;1;0
1059;32;23;11;2;3;3;0;0;0;0;0;0;0;12;3;6;10;65;59;67;23;10528;0;539;102.2;2.7;1.7;36.9;32.8;193;173;52.7;1.5;148;130;53.2;2.6;0;18;9
1069;18;18;7;5;5;6;0;0;1;0;0;0;0;11;7;2;2;75;82;58;27;7227;732;272;102.9;6.0;3.0;46.3;29.9;149;88;62.9;5.7;114;66;63.3;4.2;0;19;9
1070;50;26;5;0;2;-5;6;0;1;0;0;0;0;4;2;1;3;64;65;55;12;4622;873;0;83.3;0.8;4.7;29.6;24.1;72;69;51.1;11.4;54;48;52.9;12.7;0;7;5
1085;12;12;7;2;6;3;0;0;1;0;0;0;0;11;5;2;3;74;80;58;16;8031;740;0;104.2;4.9;3.6;38.1;41.2;129;141;47.8;-0.8;94;111;45.9;-1.2;0;0;0
1096;8;8;3;0;0;-3;2;0;0;0;0;0;0;1;3;0;0;52;52;50;4;2047;0;0;85.0;0.0;5.3;36.9;35.2;36;37;49.3;-1.7;24;24;50.0;-4.5;0;27;13
1100;27;27;7;4;6;5;2;0;0;0;0;0;0;10;2;9;5;76;77;72;12;6590;59;843;105.9;6.0;3.8;38.8;39.9;106;104;50.5;-0.1;85;80;51.5;0.7;1;18;12
1103;27;27;7;2;7;3;2;1;1;0;0;0;0;8;9;7;2;68;64;70;18;6729;679;451;104.4;5.3;3.7;38.5;39.6;109;108;50.2;-0.5;86;82;51.2;0.2;0;111;58
1128;27;27;4;0;1;0;0;0;0;0;0;0;0;5;1;5;7;67;64;67;12;5498;0;341;99.4;2.6;2.6;36.0;33.4;93;92;50.3;5.4;70;61;53.4;6.5;0;0;0
1137;43;43;4;1;2;-4;4;0;0;0;0;0;0;16;0;1;0;55;56;49;3;3021;0;86;92.5;4.8;9.5;31.0;41.7;41;62;39.8;-3.7;36;51;41.4;1.9;0;0;0
1138;62;19;5;1;2;-2;0;0;1;0;0;0;0;17;3;1;3;66;64;57;13;5097;798;15;95.1;2.1;3.5;29.0;29.0;86;73;54.1;4.8;55;55;50.0;1.4;0;16;9
1152;20;20;7;0;1;-2;2;0;0;0;0;0;0;4;2;5;36;63;51;78;8;9308;79;532;98.8;1.9;2.7;29.8;35.2;108;160;40.3;-1.8;85;102;45.5;4.1;0;0;0
1165;54;10;10;6;2;3;10;0;0;2;0;0;0;15;4;1;4;68;63;68;21;10077;101;918;103.7;3.2;2.9;23.9;29.3;149;179;45.4;-7.5;103;123;45.6;-7.1;2;24;9
1187;59;1;6;0;2;-6;4;0;0;0;0;0;0;10;0;2;14;54;51;56;6;6228;0;642;88.8;2.9;6.4;27.7;29.5;98;94;51.0;-6.1;65;69;48.5;-10.8;0;0;0
1212;12;12;7;1;0;-3;0;1;0;0;0;0;0;5;8;4;6;67;65;65;11;5233;48;346;95.2;1.4;3.4;27.5;35.1;73;85;46.2;-2.6;46;62;42.6;-5.0;0;0;0
1232;8;8;7;4;0;-7;5;0;0;0;0;1;0;13;6;5;3;64;65;58;18;5867;0;0;85.4;3.1;7.4;42.3;33.7;99;90;52.4;0.9;81;61;57.0;4.9;1;0;0
1235;50;26;5;1;1;2;2;0;0;0;0;0;0;12;0;0;3;65;60;66;12;5049;639;119;105.3;2.9;1.4;30.7;35.7;75;103;42.1;-1.0;60;81;42.6;-1.6;0;5;1
1241;43;1;4;1;0;-2;0;0;0;0;0;0;0;8;0;0;7;58;50;66;6;3531;0;178;98.6;2.0;4.1;22.4;38.7;39;73;34.8;-10.8;27;55;32.9;-9.7;0;0;0
1310;45;45;2;0;0;-1;2;0;0;0;0;0;0;1;0;0;1;57;53;59;2;812;117;0;88.9;0.0;4.4;17.7;39.9;9;12;42.9;-12.4;6;10;37.5;-20.0;0;14;6
1311;54;10;1;1;1;1;0;0;0;0;0;0;0;3;0;0;1;64;66;45;4;1125;0;200;84.3;9.6;6.4;54.4;19.2;23;9;71.9;35.5;20;8;71.4;32.8;0;0;0
1317;50;26;2;0;1;-1;0;0;0;0;0;0;0;3;2;0;9;62;52;75;2;2087;248;94;99.5;1.7;3.4;25.9;48.3;25;49;33.8;-17.0;17;38;30.9;-20.1;0;0;0
1320;44;44;4;2;0;-7;12;0;0;0;0;0;0;4;2;2;4;48;48;49;3;3718;0;568;95.4;2.9;9.7;16.5;43.6;30;76;28.3;-7.6;24;58;29.3;-6.7;0;0;0
1327;18;18;7;4;3;3;2;1;0;0;0;0;0;9;8;6;0;73;77;61;25;6679;762;15;100.6;4.9;3.2;37.7;26.4;103;85;54.8;-5.9;78;59;56.9;-4.9;1;0;0
1335;62;62;5;1;2;-2;0;0;0;0;0;0;0;6;1;1;2;66;58;72;11;2848;811;0;98.0;3.8;6.3;27.8;40.4;39;62;38.6;-15.3;31;45;40.8;-10.4;0;3;1
1363;55;9;11;0;4;0;2;0;0;0;0;0;0;2;5;4;8;59;52;67;8;4686;0;1162;99.8;2.3;3.1;25.4;33.0;65;84;43.6;-3.4;48;59;44.9;-2.5;0;5;0
1365;44;30;5;1;0;-3;0;0;0;0;0;0;0;3;0;0;4;58;52;58;6;2526;0;431;92.2;1.4;5.7;25.7;42.8;30;51;37.0;2.5;22;39;36.1;0.6;0;3;0
1376;56;12;10;0;2;-2;9;0;0;0;0;1;1;26;3;3;3;61;53;60;17;9301;0;38;98.1;2.3;3.1;32.5;34.1;173;140;55.3;3.5;125;106;54.1;3.0;0;134;72
1390;44;30;5;0;3;-3;4;0;0;0;0;0;0;10;1;2;2;72;60;85;4;4488;930;0;107.9;3.2;5.6;14.4;39.3;40;89;31.0;-5.4;29;64;31.2;-5.9;0;3;1
1391;0;0;7;0;2;-3;0;0;0;0;0;0;0;1;5;5;5;58;53;60;10;6220;212;52;102.5;3.5;5.2;27.2;50.9;82;131;38.5;-3.5;56;108;34.1;-7.7;0;92;44
1395;50;26;5;1;2;0;0;0;0;0;0;0;0;6;0;1;2;67;59;67;14;3830;1028;0;102.2;3.8;3.8;32.0;39.5;58;76;43.3;0.7;44;56;44.0;0.6;0;57;30
1400;0;0;7;0;4;-5;2;0;0;0;0;0;0;6;1;4;8;62;62;58;9;8878;515;266;97.4;2.8;4.9;26.4;36.5;110;140;44.0;4.8;82;108;43.2;5.8;0;0;0
1404;20;20;7;1;3;-3;2;0;0;0;0;0;0;14;5;3;2;67;61;65;11;6500;274;0;100.1;1.7;3.3;21.0;42.6;70;116;37.6;-5.2;48;86;35.8;-9.9;1;1;0
1417;33;33;4;0;0;-3;0;0;0;0;0;0;0;3;2;0;6;52;52;52;1;2613;0;92;92.0;1.4;5.5;30.3;44.1;35;55;38.9;-9.1;29;38;43.3;-4.7;0;3;1
1425;8;8;7;3;1;8;2;0;0;0;0;0;0;12;7;4;2;71;70;70;22;7038;579;0;110.0;4.6;0.5;39.9;32.2;130;98;57.0;7.6;94;73;56.3;4.1;0;0;0
1432;18;18;7;3;2;-1;0;0;0;0;0;0;0;5;3;4;2;60;58;57;9;4679;0;406;92.1;3.8;4.6;48.5;29.2;99;54;64.7;7.2;76;42;64.4;4.9;0;59;33
1448;20;20;7;1;4;1;0;0;2;0;0;0;0;10;12;7;6;66;54;77;10;6038;886;0;101.6;2.4;1.8;31.0;29.2;76;92;45.2;5.2;59;58;50.4;9.9;0;0;0
1464;57;12;11;0;2;3;4;0;0;0;0;0;0;17;2;4;3;60;54;64;8;5953;0;6;104.2;3.6;1.8;33.9;27.8;95;82;53.7;-6.5;73;63;53.7;-6.5;0;0;0
1476;43;17;4;0;0;-5;2;0;0;0;0;0;0;8;0;0;3;58;56;54;7;3960;0;328;94.7;2.7;7.3;21.8;40.9;51;71;41.8;-1.1;34;54;38.6;-1.9;0;58;31
1487;59;1;6;2;4;-9;2;0;3;0;0;0;0;7;4;1;2;64;63;57;11;5705;1107;4;73.5;1.9;6.9;27.8;20.8;90;70;56.3;1.8;70;42;62.5;9.4;0;118;64
1495;40;20;7;1;1;-2;0;0;0;0;0;0;0;15;3;4;10;58;55;58;17;6902;0;214;96.8;2.1;3.1;31.3;31.8;107;115;48.2;6.7;80;85;48.5;8.0;0;0;0
1506;8;8;7;0;1;-3;0;0;0;0;0;0;0;10;0;4;4;59;54;63;18;7006;1037;263;93.3;2.1;3.6;37.0;29.3;108;90;54.5;3.8;84;67;55.6;3.1;0;0;0
1511;38;38;4;0;0;-1;2;0;0;0;0;0;0;7;1;0;2;58;51;63;2;1611;26;228;93.3;0.0;2.2;17.9;33.5;17;28;37.8;-10.3;12;18;40.0;-7.2;0;8;5
1512;50;50;5;0;0;-3;0;0;0;0;0;0;0;4;0;0;3;57;50;60;3;4644;0;216;91.9;0.0;2.3;20.2;28.7;70;89;44.0;1.8;50;64;43.9;0.4;0;0;0
1535;59;1;6;0;2;-3;0;0;0;0;0;0;0;6;0;1;8;73;55;93;13;6624;336;396;90.7;1.6;3.3;26.6;21.2;95;74;56.2;1.8;73;56;56.6;1.3;0;0;0
1544;1;1;6;0;2;-2;0;0;0;0;0;0;0;10;3;2;4;60;56;60;14;6019;134;0;97.5;3.0;4.2;38.3;40.7;109;84;56.5;7.7;74;74;50.0;0.6;0;0;0
1552;62;19;5;0;1;1;6;0;0;0;0;0;0;8;1;1;7;62;51;75;5;5875;0;489;100.0;3.1;2.5;30.6;24.5;108;67;61.7;16.8;71;51;58.2;13.8;0;0;0
1554;40;40;5;1;3;4;2;0;0;0;0;0;0;9;0;2;3;62;57;66;4;5303;0;688;112.7;5.4;2.7;25.8;32.6;75;77;49.3;6.9;57;63;47.5;4.3;0;0;0
1559;45;45;13;1;1;-8;2;0;0;0;0;0;0;8;1;2;4;56;52;58;14;7005;221;0;84.2;1.0;5.1;29.8;26.7;105;104;50.2;-7.4;79;77;50.6;-6.7;1;82;40
1563;45;28;13;1;6;0;0;0;1;0;0;0;0;14;3;2;16;60;53;63;32;13038;139;425;95.5;3.6;3.6;33.7;23.7;227;172;56.9;0.8;164;128;56.2;-0.0;0;0;0
1566;27;27;7;1;3;2;0;0;1;0;1;0;0;8;2;6;13;65;62;67;17;8366;643;458;102.9;3.9;3.4;34.0;40.4;129;154;45.6;-7.7;93;106;46.7;-6.5;0;0;0
1569;44;30;5;0;0;0;4;0;0;0;0;0;0;2;1;2;8;62;56;65;6;4070;208;0;107.4;3.5;3.5;20.3;35.4;37;79;31.9;-4.0;28;55;33.7;-2.3;0;0;0
1580;29;29;7;3;1;-1;0;0;0;0;0;0;0;6;4;8;3;65;61;66;16;6948;154;322;94.4;3.6;4.1;42.0;29.0;119;82;59.2;0.8;91;63;59.1;3.0;0;100;55
1591;45;28;11;0;0;-3;4;0;0;0;0;0;0;17;1;8;13;64;48;85;9;10377;51;1150;97.1;1.4;2.4;26.4;29.8;158;150;51.3;-8.2;114;113;50.2;-9.7;0;0;0
1602;56;21;11;2;2;5;2;0;0;0;0;0;0;16;6;3;8;74;62;83;31;10805;483;1525;104.4;3.0;1.3;31.3;25.7;180;144;55.6;3.5;135;107;55.8;4.6;0;36;16
1604;43;43;4;0;2;0;0;0;1;0;0;0;0;4;1;1;1;57;51;63;2;1306;526;0;104.8;2.8;2.8;22.1;35.8;15;25;37.5;-5.6;8;17;32.0;-8.7;0;0;0
1605;43;43;4;1;2;-1;2;0;0;0;0;0;0;2;3;0;0;60;57;54;3;3193;0;0;99.1;5.6;6.8;31.6;36.1;47;62;43.1;0.8;42;50;45.7;8.2;0;5;1
1612;54;10;1;0;0;0;0;0;0;0;0;0;0;0;0;1;1;59;50;73;0;522;0;0;100.0;0.0;0.0;13.8;34.5;7;8;46.7;10.4;5;6;45.5;6.8;0;3;1
1613;54;10;9;2;0;-1;2;0;0;0;0;0;0;3;0;0;1;56;53;53;9;3869;30;626;99.2;2.8;3.7;27.9;34.4;60;54;52.6;0.5;42;45;48.3;-4.3;0;13;6
1626;20;20;3;0;0;-1;0;0;0;0;0;0;0;1;2;0;1;58;54;53;5;1324;0;242;80.0;0.0;2.7;38.1;13.6;28;13;68.3;31.4;17;6;73.9;34.4;0;4;1
1630;62;19;5;0;1;-1;0;0;0;0;0;0;0;5;1;1;1;70;62;74;12;4458;798;351;96.9;0.8;1.6;24.2;25.0;74;58;56.1;7.1;48;47;50.5;2.0;0;75;44
1647;54;10;1;0;1;0;0;0;1;0;0;0;0;0;0;0;0;60;60;48;0;546;56;0;100.0;0.0;0.0;19.8;19.8;8;6;57.1;9.2;7;5;58.3;8.3;0;0;0
1657;44;30;5;0;0;-5;2;0;0;0;0;0;0;9;1;4;7;72;51;87;6;5517;246;365;98.4;3.3;6.5;22.8;41.1;58;114;33.7;-1.9;49;84;36.8;2.1;0;0;0
1662;27;27;7;2;7;2;5;1;0;0;0;1;0;7;4;8;6;74;70;74;19;7602;238;817;100.3;5.2;4.3;40.7;34.1;136;127;51.7;1.7;99;89;52.7;2.4;0;109;55
1663;50;50;4;0;1;-1;0;0;0;0;0;0;0;2;0;0;1;60;54;59;3;2193;104;42;101.9;1.6;3.3;18.1;46.0;29;59;33.0;-13.8;18;46;28.1;-19.0;0;16;6
1674;56;10;3;0;1;0;0;0;0;0;0;0;0;5;1;0;0;66;53;74;9;1742;594;0;101.2;2.1;2.1;24.8;28.9;25;23;52.1;-7.8;19;19;50.0;-11.3;0;2;0
1679;44;44;1;0;0;0;0;0;0;0;0;0;0;0;0;0;0;60;51;69;1;391;0;112;100.0;0.0;0.0;9.2;27.6;4;6;40.0;12.9;2;4;33.3;5.7;0;4;3
1702;55;9;11;2;3;1;8;0;0;1;0;0;0;18;5;3;10;58;51;65;28;12810;870;1254;100.3;2.2;2.2;30.4;31.5;189;207;47.7;1.7;149;151;49.7;4.2;1;0;0
1705;40;20;7;1;6;1;2;0;2;0;0;0;0;2;2;1;1;66;63;75;11;4871;834;0;108.3;4.4;3.7;23.7;35.5;64;76;45.7;2.7;52;59;46.8;4.9;0;78;35
1708;32;23;11;0;8;3;0;0;0;0;0;0;0;15;0;4;16;57;55;59;13;11441;87;1102;98.4;4.7;3.8;39.3;27.7;212;183;53.7;3.0;168;129;56.6;7.9;0;0;0
1712;57;12;9;1;1;-5;2;0;0;0;0;0;0;12;4;2;2;63;56;63;13;6608;99;403;86.2;2.2;4.9;35.4;24.5;117;73;61.6;2.0;91;57;61.5;2.2;1;5;3
1715;55;9;11;4;3;4;0;0;0;0;0;0;0;17;1;2;6;79;64;87;18;10999;840;154;103.7;3.9;2.6;31.1;29.5;163;177;47.9;1.9;126;121;51.0;5.7;1;158;87
1718;50;26;5;2;1;1;2;1;0;0;0;0;0;9;0;2;0;70;65;71;8;4567;1028;0;102.1;2.4;1.6;31.5;29.2;82;75;52.2;13.6;61;61;50.0;9.3;0;82;39
1724;8;8;7;1;2;-1;0;0;0;0;0;0;0;11;3;2;11;62;60;61;9;9416;442;237;97.9;3.1;3.4;34.8;31.7;150;136;52.4;1.2;111;95;53.9;0.8;0;0;0
1750;8;8;7;0;3;-3;0;0;0;0;0;0;0;10;2;6;14;61;54;65;11;8460;0;257;96.8;3.0;4.3;36.6;37.4;131;142;48.0;-5.8;102;100;50.5;-4.5;0;0;0
1751;20;20;7;0;0;-1;2;0;0;0;0;0;0;3;5;0;2;56;54;55;9;3029;25;178;94.1;1.2;2.4;36.8;26.1;42;40;51.2;11.3;33;26;55.9;14.8;0;2;2
1754;45;45;13;1;1;-3;2;0;0;0;0;0;0;8;3;2;1;57;52;61;6;5625;0;650;93.5;1.3;3.2;29.4;29.4;88;78;53.0;-3.9;68;60;53.1;-3.6;0;21;10
1764;29;29;7;1;1;-2;0;0;0;0;0;0;0;7;5;4;4;65;65;61;12;5791;149;0;93.5;1.9;3.1;34.8;26.1;85;64;57.0;-2.1;62;48;56.4;-0.9;0;2;0
1765;50;26;5;1;1;-4;0;0;0;0;0;0;0;8;0;4;12;72;62;81;8;4860;0;685;88.9;1.5;4.4;28.9;27.4;62;81;43.4;0.8;51;54;48.6;6.8;0;6;3
1766;20;20;7;3;1;-4;0;0;0;0;0;0;0;4;4;3;1;60;57;60;8;6783;203;0;99.6;2.7;4.8;25.5;44.1;80;123;39.4;-2.8;61;90;40.4;-3.7;0;84;43
1768;62;19;1;0;0;2;0;0;0;0;0;0;0;1;1;0;0;56;50;48;3;697;0;0;115.4;10.3;0.0;67.1;5.2;17;6;73.9;14.3;16;4;80.0;25.5;0;9;6
1774;57;12;11;2;8;12;2;0;2;0;0;0;0;12;3;4;2;68;67;69;34;11082;2401;0;106.8;6.2;2.3;38.7;24.7;204;133;60.5;2.1;158;100;61.2;3.1;0;0;0
1776;38;25;13;4;2;3;6;1;0;0;0;0;0;24;1;6;35;70;52;87;32;16115;884;1691;100.0;2.7;2.0;30.8;23.2;253;192;56.9;11.8;192;143;57.3;12.6;0;0;0
1785;45;28;2;0;0;0;0;0;0;0;0;0;0;1;0;0;2;68;62;74;6;1719;589;207;77.8;6.3;6.3;56.5;18.8;40;17;70.2;32.5;30;13;69.8;30.2;0;0;0
1786;44;30;5;0;2;-7;0;0;0;0;0;0;0;7;2;1;3;61;57;60;8;4990;923;6;99.0;3.6;8.7;21.6;49.1;54;114;32.1;-4.3;41;88;31.8;-5.8;0;113;55
1788;62;19;4;0;1;-3;2;0;0;0;0;0;0;6;1;2;5;64;50;79;3;3798;0;376;94.4;1.9;4.7;22.7;34.1;55;72;43.3;-10.9;37;54;40.7;-12.3;0;0;0
1791;18;18;7;0;3;-2;0;0;1;0;0;0;0;8;9;0;3;59;56;58;7;3705;48;0;94.9;3.9;5.8;31.1;33.0;55;54;50.5;-10.2;40;40;50.0;-12.4;0;0;0
1796;40;31;6;1;2;0;4;0;0;0;0;0;0;2;1;1;3;57;55;54;8;3388;9;93;98.9;3.2;3.2;31.9;28.7;50;51;49.5;9.2;38;34;52.8;13.9;0;3;2
1817;29;29;7;3;3;5;4;0;1;0;0;0;0;7;3;5;5;62;58;65;39;7789;827;381;99.8;4.6;2.3;48.1;23.6;154;87;63.9;8.2;116;61;65.5;13.4;1;0;0
1822;57;12;11;1;7;-1;0;0;1;0;0;0;0;12;2;3;4;63;61;58;28;9906;699;46;92.9;3.6;4.0;38.9;24.3;193;132;59.4;0.4;138;102;57.5;-2.3;0;1;0
1842;0;0;7;2;3;-4;0;0;0;0;0;0;0;3;10;8;6;65;66;59;14;6566;179;184;100.1;3.8;6.0;30.7;48.8;79;140;36.1;-7.0;63;111;36.2;-4.8;1;10;3
1843;57;12;11;3;2;-2;0;0;0;0;0;0;0;15;2;6;11;66;50;82;21;10887;0;1142;95.7;3.6;4.3;35.4;29.4;177;157;53.0;-8.9;141;120;54.0;-7.4;1;0;0
1847;40;20;6;0;1;-4;2;0;1;0;0;0;0;6;0;3;7;71;55;82;10;7055;407;629;96.3;2.6;4.6;29.1;36.7;103;124;45.4;1.1;77;94;45.0;0.3;0;0;0
1848;33;29;5;3;2;-2;0;1;0;0;0;0;0;3;2;4;3;73;68;73;16;4361;446;0;96.8;2.5;4.1;32.2;38.0;75;78;49.0;2.5;55;58;48.7;0.9;0;6;2
1853;27;27;7;1;1;0;5;0;0;0;0;0;0;1;2;4;10;55;53;57;11;6997;31;395;100.4;4.6;4.6;39.1;40.6;110;134;45.1;-7.9;87;97;47.3;-5.5;0;0;0
1854;54;10;5;0;3;-3;2;0;0;0;0;0;0;2;1;1;3;60;56;63;3;3451;610;93;105.1;2.1;4.2;13.6;40.7;36;65;35.6;-17.0;27;48;36.0;-18.9;0;65;27
1858;59;1;6;0;1;-5;2;0;0;0;0;0;0;7;3;3;6;66;54;81;22;6036;1167;262;89.6;3.0;5.4;31.0;26.8;97;93;51.1;-6.0;66;63;51.2;-6.7;0;0;0
1864;43;12;4;1;0;0;0;0;0;0;0;0;0;4;0;1;5;67;55;71;5;4063;0;277;101.7;0.9;0.9;21.3;35.4;54;66;45.0;3.5;36;55;39.6;-0.6;0;52;27
1879;40;40;6;2;2;0;0;0;0;0;0;0;0;5;1;1;6;57;54;57;6;4286;118;0;105.2;3.4;3.4;23.5;37.0;52;67;43.7;0.5;43;52;45.3;3.1;1;0;0
1882;38;25;13;0;7;2;28;0;3;0;0;0;0;18;4;4;11;70;53;87;29;14889;2266;899;99.7;2.4;1.9;30.0;23.2;226;170;57.1;11.4;172;129;57.1;11.6;0;0;0
1892;50;50;4;0;0;-1;0;0;0;0;0;0;0;1;1;0;4;56;50;63;1;1802;0;61;95.7;0.0;2.0;14.0;45.9;13;45;22.4;-24.9;9;32;22.0;-24.5;0;10;4
1895;50;50;1;1;0;1;0;0;0;0;0;0;0;0;0;0;0;57;55;48;3;468;0;77;120.0;7.7;0.0;38.5;30.8;6;7;46.2;9.6;5;6;45.5;1.0;0;0;0
1896;33;29;4;1;2;-6;0;1;2;0;0;0;0;9;1;0;2;64;57;61;7;1817;976;0;72.2;0.0;9.9;11.9;35.7;17;36;32.1;-16.0;9;26;25.7;-23.9;0;55;29
1901;33;29;5;1;0;-1;0;0;0;1;0;0;0;6;0;1;4;70;54;86;8;5691;0;627;97.4;2.5;3.8;31.0;35.4;84;94;47.2;-0.1;68;71;48.9;1.3;0;0;0
1904;32;23;11;3;5;-6;14;1;1;0;0;0;0;13;0;2;2;69;66;69;30;7845;2275;68;94.4;3.7;5.5;35.3;34.4;128;142;47.4;-5.7;91;110;45.3;-8.3;0;20;7
1908;32;23;10;2;5;5;0;0;0;0;0;0;0;13;1;0;7;60;54;64;10;9426;15;443;107.0;2.7;0.8;28.3;30.9;143;143;50.0;-2.5;99;111;47.1;-6.5;1;0;0
1909;55;9;10;2;3;0;9;0;0;0;0;1;1;23;0;0;4;56;54;55;19;10823;1644;496;103.2;4.3;4.0;28.6;33.6;158;194;44.9;-2.4;116;143;44.8;-3.2;0;0;0
1913;44;30;4;0;1;-2;0;0;0;0;0;0;0;1;1;1;4;58;53;55;2;3363;123;272;109.8;3.2;5.4;12.8;35.3;26;66;28.3;-7.3;17;46;27.0;-9.1;0;37;14
1914;32;23;11;3;7;8;6;1;3;0;0;0;0;21;8;3;10;69;64;71;24;10696;722;669;106.8;4.0;1.7;31.6;28.3;180;156;53.6;2.7;132;114;53.7;3.0;0;23;13
1921;32;23;11;1;2;4;6;0;0;0;0;0;0;16;0;1;12;65;52;80;18;10547;43;875;105.4;2.7;1.4;28.0;31.4;156;164;48.8;-4.2;107;126;45.9;-7.9;0;0;0
1922;27;27;7;2;1;2;0;0;0;0;0;0;0;10;0;2;7;55;52;54;14;7361;20;110;100.1;5.4;4.4;44.0;36.2;136;104;56.7;8.7;102;82;55.4;6.4;0;0;0
1923;50;50;4;1;0;0;0;0;0;0;0;0;0;5;1;0;1;57;52;63;2;2222;92;0;104.1;1.6;1.6;21.1;45.4;23;52;30.7;-16.0;19;38;33.3;-12.2;0;1;1
1924;0;0;7;0;3;1;0;0;0;0;0;0;0;6;1;5;6;57;53;63;2;5955;70;216;115.9;5.4;4.8;20.6;45.9;64;121;34.6;-8.6;41;98;29.5;-13.5;0;0;0
1925;40;20;7;1;0;-4;2;1;0;0;0;0;0;9;1;0;11;61;57;64;14;7965;825;224;97.5;1.8;3.6;24.4;36.6;109;141;43.6;0.1;76;108;41.3;-2.5;0;0;0
1931;58;24;6;0;2;-1;0;0;1;0;0;0;0;13;0;2;8;73;55;89;10;6254;1359;264;97.6;0.6;1.2;24.8;24.2;99;89;52.7;10.0;73;61;54.5;11.6;0;0;0
1935;62;19;5;1;0;-2;2;0;0;0;0;0;0;1;3;1;2;63;55;66;7;4663;236;334;97.0;0.8;1.5;25.5;25.5;81;59;57.9;9.8;52;50;51.0;2.7;0;15;7
1937;50;26;5;0;0;-4;6;0;0;0;0;0;0;7;0;3;2;65;58;71;7;5018;466;84;90.6;1.4;4.3;27.3;29.4;62;91;40.5;-3.2;50;62;44.6;1.5;0;79;35
1939;60;18;10;4;4;3;27;0;0;0;0;1;0;33;6;0;1;60;63;46;21;10210;0;427;99.8;4.9;3.9;35.6;27.5;187;121;60.7;14.9;147;99;59.8;12.9;1;16;6
1942;54;10;10;0;5;0;0;0;0;0;0;0;0;11;1;4;19;66;50;82;15;10144;91;1181;101.7;3.2;3.5;30.2;39.7;163;212;43.5;-11.0;118;153;43.5;-10.9;0;0;0
1943;62;19;5;1;0;-4;0;0;0;0;0;0;0;7;2;4;4;57;50;61;8;4796;0;606;90.8;1.5;4.5;27.8;30.8;73;84;46.5;-6.3;52;62;45.6;-5.0;0;0;0
1953;55;9;11;3;5;1;2;0;2;0;0;0;0;12;5;3;6;67;60;70;23;11052;1899;0;102.5;3.6;2.9;30.3;31.3;164;187;46.7;0.2;126;129;49.4;3.5;0;8;1
1976;29;29;7;1;2;1;7;0;0;0;0;1;0;5;8;4;1;68;70;61;13;7988;734;53;99.3;2.7;2.3;33.3;25.7;126;98;56.3;-3.6;86;72;54.4;-3.9;0;9;6
1981;55;9;2;0;3;3;0;0;0;0;0;0;0;1;0;1;5;69;53;84;1;1961;0;83;120.0;7.3;1.8;29.4;36.7;30;35;46.2;-7.4;21;24;46.7;-8.4;0;0;0
1987;32;23;2;0;0;-2;0;0;0;0;0;0;0;0;0;0;4;62;55;64;2;1413;521;0;92.3;0.0;2.5;20.4;33.1;21;32;39.6;-3.8;14;22;38.9;-5.0;0;0;0
1994;43;43;4;0;4;-3;2;0;3;0;0;0;0;4;2;1;6;76;61;88;10;3549;758;213;94.5;1.0;4.1;20.3;38.5;37;74;33.3;-12.8;26;55;32.1;-10.8;0;0;0
2000;60;18;1;1;0;0;0;0;0;0;0;0;0;1;0;0;0;61;58;63;4;892;0;184;102.8;8.1;8.1;44.4;52.5;16;20;44.4;-27.0;15;17;46.9;-27.0;0;0;0
2015;62;19;1;0;1;-2;0;0;0;0;0;0;0;3;0;0;0;55;54;45;1;886;113;174;92.5;4.1;8.1;32.5;40.6;13;16;44.8;-8.6;11;14;44.0;-7.1;0;0;0
2017;12;12;7;3;2;4;2;1;0;0;0;0;0;6;1;6;18;67;61;75;19;8839;126;734;105.4;4.1;2.4;34.2;37.5;139;151;47.9;-0.6;100;113;46.9;0.5;0;0;0
2024;56;21;9;0;2;-4;0;0;1;0;0;0;0;7;0;1;5;65;53;77;10;8640;307;1126;94.7;2.1;3.8;30.4;30.8;145;128;53.1;2.4;108;94;53.5;4.0;0;0;0
2025;55;9;11;3;8;7;2;1;0;0;0;0;0;15;3;4;4;72;66;71;23;11412;1975;152;106.7;5.0;2.5;34.4;31.5;192;177;52.0;8.1;144;142;50.3;5.1;0;207;106
2032;44;30;4;0;0;-1;2;0;0;0;0;0;0;2;0;1;3;60;53;63;2;2396;0;280;93.7;1.5;3.0;31.6;27.0;38;40;48.7;14.9;30;27;52.6;18.7;0;9;4
2034;33;31;5;1;1;-1;2;0;0;1;0;0;0;6;1;0;8;61;56;59;11;3353;0;387;97.0;1.1;3.2;29.0;48.3;48;73;39.7;-9.7;38;53;41.8;-8.1;0;47;18
2035;29;29;7;1;1;7;4;0;0;0;0;0;0;10;4;10;8;66;60;72;23;7944;858;454;108.4;4.1;0.9;35.3;29.0;127;95;57.2;-2.2;89;70;56.0;-1.6;0;0;0
2041;54;10;10;0;1;-4;2;0;0;0;0;0;0;13;3;0;5;57;55;50;5;6927;702;90;100.4;2.1;3.6;20.3;36.9;88;122;41.9;-10.8;67;93;41.9;-11.0;0;11;7
2044;54;10;10;2;4;6;2;1;0;0;0;0;0;13;3;4;9;67;68;64;28;10600;1705;0;100.5;4.4;2.4;47.2;26.8;222;146;60.3;15.0;175;110;61.4;16.9;1;19;11
2047;45;45;4;0;0;-1;0;0;0;0;0;0;0;0;0;0;1;55;51;57;1;2071;0;41;95.4;1.7;3.5;29.6;33.0;33;26;55.9;0.6;24;22;52.2;-3.6;0;2;1
2049;60;18;10;0;0;-1;2;0;0;0;0;0;0;4;0;1;4;59;53;64;12;4649;0;619;97.6;0.8;1.5;38.7;34.8;80;77;51.0;0.6;61;58;51.3;0.2;0;3;1
2051;40;14;7;1;1;-1;0;0;0;0;0;0;0;1;2;0;17;63;52;73;7;7119;36;521;103.2;2.0;2.5;20.2;36.9;76;132;36.5;-9.9;56;98;36.4;-9.2;0;0;0
2057;38;25;13;1;2;1;4;0;0;0;0;0;0;20;2;11;22;68;50;87;9;13257;90;1601;99.4;2.7;2.4;25.8;22.0;172;181;48.7;-1.0;126;124;50.4;1.3;0;0;0
2061;57;12;10;0;0;0;4;0;0;0;0;0;0;13;4;2;10;59;48;71;9;9942;0;493;97.3;2.5;2.5;39.1;27.5;184;137;57.3;-2.4;145;97;59.9;1.2;0;0;0
2066;33;29;5;0;2;-3;2;0;0;0;1;0;0;5;2;0;7;66;55;79;6;5289;0;217;94.5;1.4;4.1;35.4;43.6;92;113;44.9;-3.8;70;82;46.1;-3.2;0;0;0
2067;62;19;5;2;2;1;2;1;0;0;1;0;0;11;1;3;6;72;55;91;10;5895;811;275;97.4;2.4;2.4;31.8;23.8;107;68;61.1;15.9;72;50;59.0;15.0;0;0;0
2068;44;30;5;2;2;4;2;0;0;0;0;0;0;11;1;0;10;74;58;85;12;5731;885;491;115.6;4.4;1.9;21.4;37.7;70;113;38.3;5.2;47;81;36.7;1.8;0;0;0
2073;1;1;7;2;4;-3;2;1;3;0;0;0;0;2;3;6;1;63;60;67;12;3565;1212;0;101.5;4.0;6.1;28.3;47.5;64;67;48.9;-0.7;38;55;40.9;-9.6;0;75;34
2083;40;40;2;0;2;0;4;0;0;0;0;0;0;2;0;0;1;64;58;75;6;2076;251;68;102.4;3.5;3.5;38.2;52.0;38;39;49.4;5.6;31;33;48.4;8.9;0;0;0
2085;38;25;12;2;3;-1;0;0;0;0;0;0;0;24;3;2;4;62;57;65;21;11624;889;0;100.3;2.5;2.8;23.8;27.6;158;185;46.1;-5.0;114;130;46.7;-3.6;0;0;0
2091;27;27;7;0;1;-4;0;0;0;0;0;0;0;9;10;2;7;63;60;65;10;6835;0;133;95.0;1.6;3.7;30.5;36.3;96;119;44.7;-8.1;73;80;47.7;-4.5;0;4;1
2102;56;21;11;3;5;0;2;1;2;0;0;0;0;7;3;0;8;75;66;83;43;10987;2042;1033;98.8;2.9;2.9;33.7;29.8;202;152;57.1;5.9;147;113;56.5;5.9;1;25;14
2103;40;20;6;3;2;0;2;0;0;0;0;0;0;9;0;1;3;74;57;90;9;6711;189;248;103.8;3.2;3.2;24.7;34.9;97;116;45.5;5.7;70;91;43.5;3.8;0;0;0
2109;33;29;5;1;1;-2;6;0;0;0;0;0;0;0;1;3;2;65;61;70;8;4734;1058;4;97.4;2.3;3.0;31.9;31.2;88;72;55.0;11.0;65;56;53.7;8.1;0;4;1
2112;59;1;6;0;1;-8;0;0;0;0;0;0;0;4;1;5;4;64;58;68;11;5659;83;318;74.5;1.9;7.0;28.0;21.6;91;71;56.2;1.7;70;44;61.4;8.0;0;3;3
2117;62;19;5;0;2;-1;0;0;1;0;0;0;0;3;2;1;4;65;61;62;9;4558;798;0;97.0;0.8;1.6;22.9;24.5;73;58;55.7;6.7;47;47;50.0;1.3;0;0;0
2120;40;40;6;0;1;-1;0;0;0;0;0;0;0;3;2;2;3;57;51;60;12;6173;0;370;101.6;2.3;2.9;26.8;40.8;81;123;39.7;-5.4;63;92;40.6;-3.2;0;0;0
2132;50;50;1;0;0;1;0;0;0;0;0;0;0;0;0;1;2;56;50;65;0;468;0;77;120.0;7.7;0.0;38.5;30.8;6;7;46.2;9.6;5;6;45.5;1.0;0;0;0
2500;130;14;4;0;1;-2;0;0;0;0;0;0;0;6;2;3;5;54;49;60;8;4538;0;320;97.2;1.6;3.2;27.8;37.3;58;84;40.8;18.7;42;59;41.6;20.5;0;0;0
2530;33;29;2;0;2;0;4;0;0;0;0;0;0;4;0;1;2;62;61;60;1;1636;104;0;102.6;2.2;2.2;30.8;48.4;27;39;40.9;-4.8;22;30;42.3;-4.3;0;0;0
2535;40;20;7;1;1;-2;12;0;0;0;0;0;0;2;8;2;7;60;53;65;16;7099;19;115;98.0;2.0;3.0;30.4;35.0;111;127;46.6;4.6;82;99;45.3;3.5;0;7;5
2662;131;1;11;4;3;14;2;0;1;0;0;0;0;8;2;1;5;71;64;76;26;11559;1031;623;110.7;5.9;1.2;36.8;23.0;214;148;59.1;0.7;151;107;58.5;-0.3;2;0;0
2682;32;23;10;0;2;0;0;0;0;0;0;0;0;9;1;4;2;60;51;68;6;4344;0;197;98.1;1.7;1.7;25.7;19.9;53;60;46.9;-5.9;37;41;47.4;-5.1;0;56;25
2718;56;10;3;0;0;0;0;0;0;0;0;0;0;1;0;0;2;61;53;69;2;1990;0;173;99.2;1.8;1.8;30.8;27.1;38;28;57.6;-0.6;25;22;53.2;-5.0;0;0;0
2723;60;18;10;1;3;7;0;0;0;0;0;0;0;14;2;2;15;65;52;80;13;9497;95;825;108.9;4.9;2.3;31.5;33.7;162;145;52.8;3.4;114;117;49.4;-2.5;0;0;0
2725;62;19;5;0;2;-2;0;0;0;0;0;0;0;1;1;1;7;58;54;58;3;2593;236;227;98.5;2.8;4.2;26.4;34.7;39;58;40.2;-13.1;28;38;42.4;-8.1;0;8;3
2729;43;17;4;2;2;-5;0;2;0;0;0;0;0;8;1;0;1;64;61;50;8;3039;756;42;90.5;4.7;10.7;32.0;43.8;39;64;37.9;-6.3;36;53;40.4;0.6;0;54;22
2731;20;20;7;2;0;0;0;0;0;0;0;0;0;8;1;7;6;60;53;69;14;8866;842;136;102.5;2.4;2.4;25.6;34.9;91;156;36.8;-7.2;69;97;41.6;-2.1;0;0;0
2734;134;21;4;1;0;-3;2;0;0;0;0;0;0;7;1;0;7;67;66;72;8;3913;443;0;93.2;1.8;4.6;30.4;35.9;55;62;47.0;-2.6;42;47;47.2;-5.3;0;70;34
2744;59;1;5;2;0;-2;0;2;0;0;0;0;0;5;0;1;0;63;55;69;11;1586;937;0;92.3;0.0;2.3;27.2;29.5;21;24;46.7;-11.7;15;19;44.1;-15.7;0;2;1
2774;32;23;11;1;5;1;4;0;3;0;0;0;0;12;3;5;6;69;60;72;20;10608;2076;70;102.2;2.4;1.4;36.3;31.2;194;171;53.2;2.1;147;130;53.1;2.3;0;136;74
2777;133;26;8;5;6;1;0;3;2;0;0;0;0;12;3;4;6;87;69;94;23;8363;1641;511;103.3;3.4;2.6;31.0;33.1;126;152;45.3;0.8;98;103;48.8;3.2;1;177;76
2814;133;26;8;0;3;-3;0;0;0;0;0;0;0;19;2;8;4;74;53;93;15;9552;1681;216;100.4;2.3;3.0;24.9;34.7;127;174;42.2;-4.2;91;129;41.4;-8.6;0;0;0
2826;57;12;11;6;7;2;7;2;2;0;0;1;0;26;2;3;1;81;75;78;43;9933;2401;0;96.1;3.6;2.9;39.5;22.1;193;119;61.9;3.9;142;90;61.2;2.9;1;192;97
2831;142;23;15;3;8;7;19;0;1;0;0;3;1;27;2;1;4;68;66;64;41;19185;1938;555;101.9;4.3;3.0;33.4;27.2;337;276;55.0;-1.5;250;203;55.2;-1.1;1;0;0
2837;148;30;7;0;1;2;2;0;0;0;0;0;0;7;2;2;17;67;51;81;11;7033;138;371;101.1;5.1;4.1;32.8;28.2;120;111;51.9;-6.2;87;75;53.7;-4.7;0;0;0
2841;43;17;4;0;2;-3;0;0;1;0;0;0;0;3;0;0;4;62;55;66;7;4165;354;155;98.2;2.6;5.2;24.2;41.5;61;78;43.9;2.1;40;62;39.2;-1.2;0;0;0
2842;143;18;3;0;0;0;2;0;0;0;0;0;0;4;1;1;3;67;51;85;5;3171;0;125;102.3;1.1;1.1;19.3;31.8;40;52;43.5;-6.3;29;37;43.9;-6.3;0;0;0
2843;20;20;7;0;2;-2;2;0;0;0;0;0;0;8;8;4;9;67;63;71;10;5840;0;603;95.5;1.2;2.5;29.6;28.4;69;89;43.7;3.0;53;57;48.2;6.8;0;4;1
2844;143;18;2;0;0;-3;0;0;0;0;0;0;0;3;0;1;2;52;49;55;3;1937;0;3;90.7;1.9;7.4;27.9;46.5;35;41;46.1;-3.2;26;31;45.6;-2.6;0;0;0
2847;58;24;7;0;2;0;2;0;0;0;0;0;0;7;1;1;5;62;56;63;6;7263;365;68;100.5;1.0;1.0;20.8;23.3;83;93;47.2;1.5;60;71;45.8;-1.8;0;4;1
2848;132;12;5;1;4;2;2;0;0;0;0;0;0;11;2;1;5;69;68;53;7;5174;63;342;107.9;4.2;2.8;23.0;27.1;68;72;48.6;-4.7;44;52;45.8;-5.0;0;1;1
2849;147;147;5;2;1;2;4;0;0;0;0;0;0;4;2;0;1;61;59;57;19;5822;190;0;103.9;3.1;1.9;29.7;28.4;79;93;45.9;6.3;64;69;48.1;9.1;0;1;1
2852;151;152;4;0;4;0;0;0;0;0;0;0;0;8;0;1;2;64;57;57;8;5116;101;207;100.9;7.0;7.0;32.4;33.8;84;80;51.2;9.9;66;61;52.0;12.1;0;0;0
2853;142;23;6;0;2;-2;0;0;0;0;0;0;0;6;0;0;5;57;54;53;5;6227;0;256;95.5;4.0;5.2;34.1;31.8;107;90;54.3;1.3;80;68;54.1;0.0;0;0;0
2854;127;31;3;0;0;-1;0;0;0;0;0;0;0;1;3;5;3;70;53;87;12;3442;518;13;96.4;0.0;1.0;39.7;29.3;68;47;59.1;-5.3;48;35;57.8;-3.8;0;0;0
2855;151;152;4;0;4;0;0;0;0;0;0;0;0;5;0;1;5;60;55;60;7;5027;476;224;103.0;7.2;7.2;32.2;37.2;83;84;49.7;7.5;65;65;50.0;8.9;0;0;0
2856;38;25;11;3;2;-5;6;0;0;0;0;0;0;13;0;5;3;65;61;64;21;10950;702;765;94.9;1.6;3.3;24.7;27.9;147;167;46.8;-5.6;112;119;48.5;-3.4;0;11;4
2858;38;14;13;2;3;-7;28;0;0;0;0;0;0;23;3;3;42;55;50;59;15;14777;33;1021;99.3;2.4;4.1;22.4;35.8;182;255;41.6;-12.2;130;195;40.0;-14.9;0;0;0
2865;62;19;4;0;0;-3;2;0;0;0;0;0;0;10;0;1;8;66;50;82;5;4293;223;380;94.8;1.7;3.4;24.3;27.7;57;74;43.5;-5.7;41;53;43.6;-2.8;0;0;0
2867;143;18;3;0;0;-1;0;0;0;0;0;0;0;5;1;1;2;69;61;77;8;3507;175;126;96.9;0.0;1.0;32.8;32.8;78;51;60.5;20.8;56;39;58.9;16.8;0;7;5
2869;55;9;11;1;5;1;0;0;0;0;0;0;0;12;2;1;6;70;55;82;10;8084;0;638;106.6;3.1;2.7;22.3;36.1;97;153;38.8;-10.1;69;114;37.7;-12.0;0;115;60
2872;142;23;13;3;0;-2;2;0;0;0;0;0;0;6;1;2;14;60;53;63;8;5947;0;543;92.5;3.6;4.8;33.9;26.6;96;96;50.0;-7.8;69;63;52.3;-5.0;1;22;12
2874;58;24;4;1;2;2;0;0;0;0;0;0;0;5;2;2;5;63;50;80;7;5048;0;507;104.6;3.6;2.1;27.1;25.0;57;71;44.5;-3.4;44;53;45.4;-4.4;0;0;0
2877;145;3;3;1;2;2;2;0;0;0;0;0;0;3;0;1;0;68;66;61;3;2732;23;94;106.5;4.0;1.3;29.0;18.4;54;27;66.7;8.7;39;23;62.9;4.6;0;1;1
2879;143;18;3;1;1;-1;0;0;0;0;0;0;0;1;1;2;2;64;62;61;6;2967;547;0;105.0;3.6;4.9;23.1;44.9;31;62;33.3;-20.6;25;47;34.7;-19.6;0;6;4
2880;55;9;11;6;6;6;4;0;2;0;0;0;0;15;6;2;6;75;69;76;36;11431;1975;601;105.8;5.0;2.8;34.6;32.4;193;183;51.3;7.2;144;147;49.5;3.8;0;21;14
2881;40;20;1;1;0;0;0;0;0;0;0;0;0;1;0;0;1;78;73;72;5;1052;101;0;103.4;3.4;3.4;27.4;37.6;13;21;38.2;-9.8;10;17;37.0;-10.2;0;14;11
2882;43;17;4;2;4;-5;2;1;3;0;0;0;0;13;1;0;1;71;70;69;7;3959;756;16;94.7;2.7;7.3;21.8;40.9;50;71;41.3;-1.7;34;54;38.6;-1.9;0;12;5
2883;140;140;3;0;1;-7;2;0;0;0;0;0;0;2;1;0;1;42;52;29;5;3055;120;0;86.4;1.2;9.4;20.0;48.3;31;75;29.2;-1.2;27;59;31.4;1.8;0;0;0
2886;56;21;11;1;3;1;14;0;0;0;0;0;0;8;3;0;4;56;52;60;10;6093;0;185;102.9;3.5;3.0;29.5;32.5;89;98;47.6;-6.7;66;81;44.9;-9.4;1;22;9
2898;148;30;3;1;2;0;2;1;0;0;0;0;0;4;0;1;1;57;56;57;2;3005;126;17;94.4;4.8;4.8;28.8;21.6;47;42;52.8;-4.4;32;26;55.2;-2.8;0;0;0
2938;60;18;10;1;2;3;2;0;0;0;0;0;0;5;5;1;2;62;56;64;14;7813;0;443;105.8;4.6;3.2;30.4;34.6;108;138;43.9;-8.7;84;104;44.7;-8.5;0;2;1
2944;60;18;9;2;4;3;0;0;0;0;0;0;0;7;0;3;0;63;56;64;9;4679;0;220;109.2;4.6;2.3;28.5;33.1;67;79;45.9;-4.5;48;57;45.7;-5.3;0;57;30
2954;132;12;5;2;3;2;2;0;0;0;0;0;0;6;2;2;2;66;63;69;15;5114;761;0;107.9;4.2;2.8;23.2;27.5;67;72;48.2;-5.2;43;52;45.3;-5.8;0;7;2
2964;58;24;7;1;3;-1;0;0;0;0;0;0;0;3;1;2;1;62;56;64;11;3697;0;234;96.6;3.9;4.9;37.0;35.1;54;64;45.8;-0.3;47;46;50.5;4.2;0;63;42
3032;32;23;11;5;4;4;8;0;0;1;0;0;0;10;0;4;14;67;64;66;23;10660;0;572;101.9;3.0;2.0;37.1;32.4;195;174;52.8;1.7;149;131;53.2;2.6;0;11;4
3098;32;23;3;0;0;-1;0;0;0;0;0;0;0;2;0;0;2;55;52;53;3;1466;0;0;85.7;0.0;2.5;17.2;17.2;17;16;51.5;-2.7;12;13;48.0;-4.1;0;3;0
3105;50;26;5;0;2;3;12;0;1;0;0;0;0;7;2;7;13;73;53;92;10;5527;1070;565;105.2;3.9;2.0;35.2;33.2;84;93;47.5;7.1;70;72;49.3;9.0;0;0;0
3106;131;1;15;10;7;11;0;1;2;0;0;0;0;26;1;0;4;73;73;67;57;13010;2593;0;104.2;5.3;1.9;42.3;23.5;253;156;61.9;0.5;188;117;61.6;-0.1;3;0;0
3107;55;9;11;0;4;-2;0;0;0;0;0;0;0;6;1;0;5;60;52;66;7;4749;939;30;97.5;2.3;3.8;24.3;31.8;61;79;43.6;-3.5;47;56;45.6;-1.6;0;52;26
3116;131;1;14;1;3;-2;4;0;2;0;0;0;0;14;1;3;9;62;57;63;23;7523;2341;310;96.9;1.9;2.4;34.5;27.8;134;132;50.4;-13.4;97;92;51.3;-12.1;0;31;13
3120;18;18;3;0;0;0;0;0;0;0;0;0;0;2;0;3;1;60;53;69;1;1686;0;0;102.9;2.1;2.1;21.3;29.9;20;28;41.7;-20.9;13;18;41.9;-21.6;0;23;9
3124;135;2;11;3;1;7;4;0;0;0;0;0;0;5;6;7;12;59;50;70;16;11229;0;1371;107.0;4.5;2.2;33.0;34.0;210;176;54.4;6.3;148;130;53.2;7.2;0;0;0
3126;62;19;5;0;4;-1;2;0;0;0;1;0;0;6;3;1;3;65;66;52;9;5228;236;343;96.9;2.8;3.4;30.3;28.2;93;73;56.0;7.8;59;55;51.8;4.0;0;0;0
3127;62;19;1;1;0;3;0;0;0;0;0;0;0;1;0;1;2;85;53;99;1;1014;0;64;123.1;10.7;0.0;46.2;28.4;22;17;56.4;-9.0;18;14;56.3;-6.7;0;0;0
3134;32;23;1;0;1;-1;0;0;0;0;0;0;0;0;0;0;0;68;64;70;1;563;311;0;105.0;6.4;6.4;25.6;32.0;8;8;50.0;-1.4;6;7;46.2;-2.9;0;1;1
3150;59;1;6;1;4;1;4;0;0;0;0;0;0;9;1;2;3;75;68;77;12;6236;452;287;99.4;2.9;2.3;34.1;25.4;112;86;56.6;2.5;79;66;54.5;-1.9;0;91;46
3157;135;2;11;0;5;8;4;0;0;0;0;0;0;11;4;4;18;74;54;91;12;13114;85;825;105.6;4.4;2.2;34.0;29.9;243;166;59.4;14.1;161;132;54.9;9.9;0;0;0
3158;50;50;3;0;0;0;7;0;0;0;0;1;0;4;0;1;5;71;50;93;3;2977;0;99;100.0;0.0;0.0;21.8;23.0;43;56;43.4;2.4;31;38;44.9;2.1;0;0;0
3172;54;10;10;2;2;-3;2;0;0;0;0;0;0;7;2;1;12;56;51;61;9;9818;98;562;100.4;2.2;3.3;26.8;42.2;153;213;41.8;-13.4;109;153;41.6;-13.6;0;0;0
3199;60;18;10;1;5;4;4;0;0;0;0;0;0;7;1;3;6;62;58;63;13;7437;362;0;107.1;3.4;1.5;31.0;38.2;109;140;43.8;-8.9;80;105;43.2;-10.3;0;13;7
3211;62;62;4;0;1;-4;2;0;0;0;0;0;0;3;0;0;2;60;55;49;7;2900;0;132;90.5;2.5;7.4;23.6;37.2;37;53;41.1;-8.0;29;42;40.8;-6.2;0;27;11
3218;151;152;4;1;3;-2;2;1;0;0;0;0;0;5;1;6;0;66;63;64;10;3739;502;0;107.7;4.8;6.7;22.1;48.1;46;68;40.4;-6.8;35;56;38.5;-9.2;0;63;34
3219;134;21;4;0;2;1;0;0;0;0;0;0;0;3;2;0;2;67;61;69;8;4240;503;33;98.0;2.5;1.7;39.9;20.4;81;56;59.1;15.6;60;35;63.2;18.4;0;63;33
3221;58;24;5;0;1;1;0;0;0;0;0;0;0;7;0;0;5;65;54;76;9;2558;903;38;100.4;5.6;4.2;43.6;33.8;44;39;53.0;7.9;39;28;58.2;12.2;0;4;3
3228;130;14;1;0;0;3;0;0;0;0;0;0;0;0;0;1;1;74;57;94;0;966;0;121;133.3;11.2;0.0;33.5;26.1;9;14;39.1;1.9;9;9;50.0;11.8;0;0;0
3243;50;50;1;0;0;0;0;0;0;0;0;0;0;2;0;0;1;59;55;60;0;724;0;0;100.0;0.0;0.0;14.9;14.9;6;15;28.6;-12.0;4;8;33.3;-13.8;0;2;1
3248;54;10;1;0;0;0;0;0;0;0;0;0;0;1;0;0;0;70;56;86;0;1035;344;62;141.7;3.5;3.5;7.0;41.7;6;22;21.4;-41.3;4;17;19.0;-45.7;0;0;0
3249;135;2;11;0;2;5;7;0;0;0;1;1;0;12;1;1;40;67;51;86;14;10719;0;1429;106.9;3.4;2.0;27.2;36.9;171;191;47.2;-4.1;121;138;46.7;-2.3;0;0;0
3250;131;1;15;3;3;2;0;1;1;0;0;0;0;11;1;7;10;69;62;74;37;10405;2578;0;97.5;4.2;3.1;41.5;24.9;200;140;58.8;-3.4;149;100;59.8;-2.4;0;141;73
3255;50;50;5;1;2;0;2;0;0;0;0;0;0;6;0;2;2;59;57;53;11;4197;78;0;101.0;3.4;3.4;36.0;40.3;69;78;46.9;5.8;52;61;46.0;3.4;0;1;1
3256;32;23;7;2;1;3;2;0;1;0;0;0;0;3;1;2;8;65;56;73;10;3658;1359;0;107.6;3.9;1.0;33.5;23.6;49;49;50.0;-3.3;37;39;48.7;-5.1;2;2;2
3258;135;2;11;4;2;1;4;1;0;0;0;0;0;14;4;4;16;60;52;69;18;14044;490;507;102.9;2.8;2.6;26.7;33.6;203;249;44.9;-8.4;142;185;43.4;-7.9;2;1;0
3264;151;152;4;4;0;-1;2;0;0;0;0;0;0;6;2;0;9;70;66;69;8;4303;502;0;103.0;4.2;5.0;30.1;46.0;64;78;45.1;-0.3;46;63;42.2;-4.2;0;6;4
3289;50;50;1;0;1;1;0;0;0;0;0;0;0;0;1;0;0;60;50;70;1;468;0;87;120.0;7.7;0.0;38.5;30.8;6;7;46.2;9.6;5;6;45.5;1.0;0;15;10
3291;142;23;14;1;4;6;0;0;0;0;0;0;0;9;7;3;6;60;55;61;21;11111;0;701;103.2;4.5;2.6;34.7;26.2;207;134;60.7;6.0;148;104;58.7;3.3;0;23;10
3292;45;28;1;0;0;-1;0;0;0;0;0;0;0;0;0;0;1;66;57;76;5;848;76;57;75.0;0.0;4.2;50.9;17.0;18;8;69.2;37.6;12;6;66.7;34.1;0;0;0
3298;101;101;8;3;9;4;4;3;0;0;0;0;0;11;2;7;7;82;75;86;31;8701;726;732;99.9;4.1;2.5;43.0;25.7;181;121;59.9;8.7;140;95;59.6;6.1;1;22;11
3299;1;1;7;3;3;0;0;0;0;0;0;0;0;6;11;5;3;69;69;64;15;7015;37;0;100.4;3.6;3.6;35.9;37.5;106;116;47.7;-2.3;79;85;48.2;-1.1;0;0;0
3309;145;3;8;2;4;-2;5;0;0;0;0;1;0;23;4;2;7;70;66;67;18;8227;30;538;92.4;3.1;3.9;30.6;22.3;142;104;57.7;7.4;104;72;59.1;8.1;1;10;5
3310;60;18;10;3;2;4;6;0;0;0;0;0;0;5;1;0;7;63;57;66;17;8239;308;0;105.6;3.5;1.7;31.9;32.8;119;135;46.9;-4.9;91;100;47.6;-4.6;0;111;57
3311;38;14;13;3;4;2;6;0;1;0;0;0;0;17;1;5;7;68;62;70;27;11166;207;1677;103.8;3.5;2.9;25.5;28.7;147;160;47.9;-2.1;110;123;47.2;-3.0;0;23;11
3317;151;152;4;0;2;-3;0;0;0;0;0;0;0;5;0;2;4;63;57;60;6;2855;142;41;89.2;2.5;6.3;25.2;30.3;41;50;45.1;-0.3;28;34;45.2;0.3;0;4;1
3331;20;20;7;0;5;-1;0;0;0;0;0;0;0;3;6;2;4;65;66;60;8;6425;0;142;106.5;3.4;3.9;22.4;45.9;66;127;34.2;-10.1;49;95;34.0;-12.7;0;9;7
3333;143;18;2;0;0;-4;0;0;0;0;0;0;0;4;0;0;2;62;53;72;4;1930;0;44;78.9;0.0;7.5;35.4;35.4;42;28;60.0;12.5;31;22;58.5;9.8;0;0;0
3347;142;23;14;1;10;4;7;0;3;0;0;1;0;31;2;9;4;73;69;70;41;14724;1775;37;100.3;3.4;2.4;33.3;24.4;245;196;55.6;-0.6;188;133;58.6;4.0;1;13;3
3356;38;25;13;4;7;1;0;1;3;0;0;0;0;17;2;4;10;72;68;70;34;13567;2222;641;96.4;3.2;2.9;31.8;21.5;216;156;58.1;12.5;154;117;56.8;10.6;0;34;18
3368;130;14;2;0;0;-3;0;0;0;0;0;0;0;1;1;1;5;56;52;55;1;1264;0;121;75.0;0.0;8.5;14.2;34.2;13;30;30.2;5.2;11;16;40.7;15.0;0;0;0
3371;142;23;13;2;5;-1;17;0;0;0;0;0;0;8;1;0;5;59;55;56;16;6006;507;0;95.0;4.2;4.8;36.0;28.8;105;101;51.0;-4.8;76;65;53.9;-1.2;1;84;43
3372;142;23;15;7;8;4;12;2;0;0;0;2;2;27;3;5;1;72;66;71;47;15685;1952;0;99.9;3.9;3.0;34.0;25.7;277;202;57.8;2.7;206;148;58.2;3.3;0;6;3
3376;144;8;6;0;2;-2;0;0;0;0;0;0;0;13;3;1;15;64;49;79;7;7546;0;609;97.2;3.3;4.3;32.0;32.4;121;126;49.0;0.2;87;94;48.1;-2.5;0;0;0
3378;55;9;10;1;0;-4;0;0;0;0;0;0;0;4;1;0;2;51;50;49;8;4330;0;463;94.4;2.5;5.8;24.9;37.4;59;80;42.4;-3.9;46;58;44.2;-2.2;0;21;8
3393;142;23;6;1;1;2;6;0;0;0;1;0;0;1;0;1;12;61;50;75;7;5133;0;503;102.0;3.5;2.8;34.4;34.4;92;96;48.9;-9.1;66;67;49.6;-5.5;0;0;0
3397;135;2;11;0;3;0;12;0;1;0;0;0;0;3;3;3;4;60;54;64;7;6276;1143;0;106.0;2.9;2.9;24.1;48.8;79;141;35.9;-17.4;57;106;35.0;-16.4;0;88;45
3398;145;3;8;2;2;-3;0;1;0;0;0;0;0;7;4;2;5;66;60;70;24;8045;1159;0;94.7;1.3;2.7;27.7;26.4;118;122;49.2;-4.8;85;84;50.3;-4.2;0;0;0
3399;58;24;7;2;4;1;4;1;1;0;0;0;0;7;2;3;4;70;63;75;20;8131;1405;0;102.8;2.2;1.8;22.6;25.2;98;121;44.7;-1.9;74;84;46.8;-0.4;1;0;0
3400;12;12;1;1;0;2;0;0;0;0;0;0;0;0;0;2;0;68;62;72;2;432;0;0;125.0;16.7;0.0;66.6;25.0;16;6;72.7;16.2;9;3;75.0;15.4;1;7;6
3403;58;24;7;0;3;-1;11;0;0;0;0;1;1;8;1;3;3;59;56;53;3;5375;0;724;100.9;2.7;3.3;21.4;28.8;62;75;45.3;-1.0;45;57;44.1;-3.7;0;7;2
3406;38;25;13;0;2;0;14;0;0;0;0;2;1;25;4;1;3;61;53;66;10;7508;0;587;101.4;1.4;1.4;23.5;30.2;91;123;42.5;-8.4;70;86;44.9;-5.5;0;67;39
3409;130;14;4;0;0;0;2;0;0;0;0;0;0;4;1;5;6;68;50;86;5;4192;0;409;106.8;2.6;2.6;18.9;37.8;36;83;30.3;-1.2;28;59;32.2;0.1;0;0;0
3416;130;14;6;1;3;1;2;1;1;0;0;0;0;4;1;2;5;68;59;75;9;5789;338;0;105.4;1.9;1.2;23.0;46.6;55;136;28.8;-0.9;45;92;32.8;3.3;0;11;4
3423;38;12;13;1;5;-1;4;0;0;0;0;0;0;9;2;2;3;62;57;64;19;10062;150;982;101.4;2.5;2.9;26.1;35.1;128;157;44.9;-5.9;97;124;43.9;-7.4;1;143;65
3440;8;8;7;1;4;-2;17;0;1;0;0;1;1;16;0;3;1;75;74;62;12;7706;270;0;97.4;2.8;3.7;33.6;34.1;114;116;49.6;-3.1;86;84;50.6;-4.0;0;0;0
3441;59;1;1;0;0;0;0;0;0;0;0;0;0;0;0;0;0;63;53;61;1;523;39;47;100.0;0.0;0.0;13.8;41.3;5;12;29.4;-38.4;3;10;23.1;-44.1;0;2;0
3446;57;12;10;0;1;-2;0;0;0;0;0;0;0;10;4;0;7;58;52;61;15;7397;0;989;96.3;2.4;3.4;30.7;29.2;111;106;51.2;-8.5;88;81;52.1;-7.3;0;7;2
3450;131;1;15;4;14;19;0;0;0;0;0;0;0;13;5;4;9;69;70;63;34;16538;137;407;107.8;5.0;0.9;40.9;19.6;337;195;63.3;2.7;254;148;63.2;2.2;1;27;14
3461;57;12;5;0;4;0;0;0;0;0;0;0;0;2;2;1;4;63;53;70;7;3678;637;107;99.2;4.9;4.9;36.2;34.3;56;59;48.7;-6.1;40;45;47.1;-7.8;0;1;1
3598;0;0;7;0;1;-5;2;0;0;0;0;0;0;11;0;2;15;58;52;64;18;8581;86;487;96.5;2.5;4.6;31.5;40.3;110;151;42.1;2.0;80;117;40.6;1.9;0;0;0
3630;38;25;13;4;5;1;0;2;1;0;0;0;0;23;3;3;4;69;65;66;38;13812;2248;11;95.5;3.4;3.1;33.9;21.6;228;149;60.5;16.1;168;119;58.5;13.4;1;5;2
3634;57;12;7;1;1;-4;2;0;0;0;0;0;0;6;2;1;14;56;49;65;9;7011;906;323;93.9;2.6;4.6;33.9;33.9;113;113;50.0;-7.7;85;83;50.6;-7.1;0;0;0
3637;55;9;1;0;0;1;0;0;0;0;0;0;0;1;1;1;0;64;46;89;1;917;104;0;116.7;3.9;0.0;23.6;19.6;11;17;39.3;1.1;10;11;47.6;10.3;0;0;0
3645;40;20;7;1;1;-3;0;0;0;0;0;0;0;7;2;5;4;71;56;81;4;7695;178;812;100.7;1.9;3.3;21.1;39.8;89;146;37.9;-8.4;62;110;36.0;-10.1;0;129;57
3693;0;0;7;0;1;-4;0;0;0;0;0;0;0;3;4;2;3;56;53;58;4;4126;0;0;94.4;1.7;5.2;21.8;38.4;42;65;39.3;-2.0;30;53;36.1;-3.9;0;45;29
3731;59;1;5;1;2;-1;2;0;0;0;0;0;0;0;0;3;4;60;54;63;11;3543;1;335;92.3;3.0;4.1;36.6;25.4;59;45;56.7;-0.6;46;32;59.0;0.9;0;10;2
3773;18;18;4;1;2;0;0;0;0;0;0;0;0;5;0;1;3;60;57;55;6;4109;0;97;98.7;2.6;2.6;32.4;28.0;57;56;50.4;-12.3;48;40;54.5;-10.4;0;0;0
3782;43;17;4;0;1;-3;2;0;0;0;0;0;0;2;2;2;7;62;50;76;9;4290;205;190;98.1;2.5;5.0;24.3;41.1;64;79;44.8;3.5;43;63;40.6;0.9;0;0;0
3791;130;14;2;0;1;-2;0;0;0;0;0;0;0;0;1;2;7;59;50;69;0;2004;0;122;107.3;1.8;5.4;10.8;57.5;13;57;18.6;-10.6;7;39;15.2;-18.4;0;0;0
3806;56;12;10;2;3;-5;4;1;2;0;0;0;0;9;7;1;3;65;58;67;21;7191;1875;70;92.3;1.5;4.0;25.5;29.5;107;109;49.5;-4.3;77;80;49.0;-3.8;0;67;47
3807;127;31;2;0;1;0;0;0;0;0;0;0;0;2;1;2;2;58;52;65;3;2437;60;58;85.3;1.5;1.5;28.1;7.4;44;15;74.6;17.0;30;9;76.9;20.4;0;0;0
3809;50;26;4;1;0;0;0;0;0;0;0;0;0;2;0;1;5;55;54;50;7;2643;0;598;104.1;4.1;4.1;34.1;51.8;38;60;38.8;-6.6;28;45;38.4;-6.5;1;19;3
3811;132;12;3;0;0;0;2;0;0;0;0;0;0;1;1;0;1;63;53;73;3;1512;478;0;100.0;0.0;0.0;28.6;14.3;25;16;61.0;7.2;16;8;66.7;16.7;0;3;0
3818;135;2;11;2;8;3;5;0;0;0;0;1;0;5;1;3;4;67;67;58;30;11586;1182;20;101.8;3.4;2.5;31.7;27.7;199;171;53.8;5.3;143;126;53.2;7.0;0;2;0
3819;135;2;9;0;6;3;5;0;0;0;1;0;0;8;5;1;9;63;51;77;12;11408;0;374;103.7;2.8;2.2;28.7;35.7;165;220;42.9;-11.0;124;162;43.4;-7.6;0;0;0
3836;32;23;10;0;2;2;2;0;0;0;0;0;0;27;1;4;2;62;54;65;5;4608;0;453;104.5;2.3;0.8;26.6;18.0;59;55;51.8;-0.0;44;39;53.0;1.4;0;1;0
3848;127;31;1;0;0;0;0;0;0;0;0;0;0;0;1;0;0;46;46;46;0;535;0;0;100.0;0.0;0.0;33.6;47.1;8;8;50.0;-15.6;6;7;46.2;-13.5;0;10;3
3881;148;30;9;4;6;3;0;1;1;0;0;0;0;4;6;1;1;69;66;76;19;9118;723;0;103.3;3.2;2.0;29.6;26.8;162;132;55.1;3.2;116;98;54.2;2.5;0;145;76
3882;132;12;4;0;1;0;7;0;0;0;0;1;0;5;3;1;6;65;49;82;8;3871;212;360;101.2;2.8;2.8;27.9;31.6;53;57;48.2;-6.1;40;46;46.5;-2.9;0;0;0
3883;127;31;3;0;0;-4;0;0;0;0;0;0;0;5;0;3;1;52;48;55;4;3102;0;45;87.5;2.3;7.0;33.7;36.0;59;46;56.2;-9.4;42;37;53.2;-10.8;0;0;0
3884;58;24;7;0;0;-3;0;0;0;0;0;0;0;15;1;2;9;58;50;64;6;8337;659;658;97.2;1.7;3.0;22.0;28.5;91;121;42.9;-4.6;72;87;45.3;-2.7;0;0;0
3885;44;30;3;0;0;-2;0;0;0;0;0;0;0;5;0;0;1;51;52;44;1;1436;0;418;94.9;2.5;7.5;20.1;42.6;16;27;37.2;6.5;11;22;33.3;2.9;0;23;11
3886;127;31;3;0;0;-2;2;0;0;0;0;0;0;6;1;1;0;61;57;60;7;2530;91;0;87.9;1.4;4.3;48.4;28.5;56;31;64.4;2.5;42;27;60.9;0.9;0;0;0
3887;12;12;6;1;3;3;2;0;0;0;0;0;0;10;1;3;14;66;59;74;14;6248;0;584;105.7;4.6;2.9;29.4;28.8;82;91;47.4;-0.0;56;64;46.7;1.5;1;0;0
3888;54;10;5;2;3;2;2;0;0;0;1;0;0;10;3;0;5;71;68;66;23;5802;170;601;94.0;3.7;3.1;47.2;22.3;128;63;67.0;23.2;99;51;66.0;24.4;0;19;9
3889;43;17;4;2;3;-4;5;1;1;0;0;1;0;7;0;1;2;66;67;56;6;3881;756;300;97.0;2.8;6.5;20.4;39.0;50;68;42.4;-0.2;34;52;39.5;-0.7;0;6;3
3891;58;24;7;1;0;1;2;0;0;0;0;0;0;3;3;2;5;69;61;75;15;7381;402;394;102.5;1.0;0.5;21.5;23.4;86;100;46.2;0.3;61;74;45.2;-2.6;0;7;1
3893;135;2;11;2;9;0;6;0;1;0;0;0;0;15;4;1;9;66;66;63;27;11652;1240;40;100.6;3.1;3.1;30.0;31.8;185;184;50.1;0.0;131;145;47.5;-1.3;0;18;7
4743;131;131;4;0;0;4;0;0;0;0;0;0;0;4;1;1;3;63;52;77;7;4798;0;17;106.7;3.0;0.0;45.0;15.8;106;47;69.3;4.0;80;33;70.8;5.1;0;0;0
4776;130;14;4;1;0;-1;0;0;0;0;0;0;0;4;0;0;0;52;52;50;1;1924;0;0;104.2;1.9;3.7;15.0;44.9;16;47;25.4;-4.7;10;36;21.7;-9.9;0;0;0
4934;151;-1;1;1;0;-1;0;0;0;0;0;0;0;0;0;0;0;63;52;75;2;1013;0;171;98.6;3.6;7.1;32.0;56.9;10;25;28.6;-24.1;10;22;31.3;-17.9;0;0;0
5352;151;152;2;0;1;0;0;0;0;0;0;0;0;1;0;1;0;60;57;57;1;856;0;0;90.0;4.2;4.2;42.1;21.0;17;9;65.4;25.0;14;8;63.6;24.2;0;11;7
5355;135;2;5;0;0;-2;0;0;0;0;0;0;0;2;0;0;1;57;51;60;2;3346;0;382;100.6;1.1;3.2;10.8;34.4;26;51;33.8;-18.1;15;35;30.0;-18.3;0;6;5
5357;58;24;7;0;3;2;6;0;0;0;0;0;0;10;2;3;4;61;49;73;7;7763;101;519;103.3;1.9;0.9;26.4;25.0;120;112;51.7;8.7;89;79;53.0;8.9;0;0;0
5358;32;23;11;1;6;1;2;0;0;0;1;0;0;17;2;6;25;65;53;78;30;12471;847;1573;99.3;2.3;2.3;32.3;29.4;202;191;51.4;-0.5;145;144;50.2;-2.1;0;2;1
5359;151;152;2;0;0;-2;0;0;0;0;0;0;0;1;0;0;2;48;50;45;1;1251;0;90;88.9;0.0;5.8;17.3;51.8;10;38;20.8;-28.2;7;25;21.9;-26.2;0;0;0
5360;140;140;3;0;0;-5;0;0;0;0;0;0;0;1;0;0;6;67;50;87;1;3501;0;163;87.2;0.0;5.1;17.5;40.1;32;79;28.8;-1.8;24;53;31.2;1.4;0;0;0
5361;147;152;5;3;0;1;0;0;0;0;0;0;0;8;0;5;3;72;58;84;7;2109;992;100;117.3;5.1;3.4;18.8;34.1;28;45;38.4;-4.0;13;28;31.7;-11.8;0;2;1
5363;144;144;6;1;2;-1;2;0;0;0;0;0;0;9;1;0;6;58;55;60;7;3007;84;46;98.2;3.6;4.8;27.5;32.3;46;55;45.5;-4.0;32;38;45.7;-4.5;0;38;18
5364;55;9;11;2;2;1;2;0;0;0;0;0;0;8;2;3;3;55;52;56;11;8057;0;509;106.8;3.1;2.7;21.9;35.7;96;152;38.7;-10.2;69;113;37.9;-11.7;0;4;1
5365;135;2;11;1;7;5;2;0;1;0;0;0;0;10;2;4;5;64;62;64;30;10216;1236;0;104.7;4.6;2.8;31.7;28.9;165;144;53.4;4.4;116;112;50.9;3.4;0;3;1
5368;126;124;3;0;0;-2;0;0;0;0;0;0;0;3;0;2;8;72;57;83;7;3379;113;351;103.8;2.1;4.3;16.0;44.7;32;81;28.3;-2.9;24;64;27.3;-3.8;0;15;8
5372;144;8;6;0;3;-2;14;0;0;0;0;0;0;11;0;5;8;61;51;74;8;6650;0;474;96.8;1.1;2.2;26.0;29.2;93;106;46.7;-3.1;67;79;45.9;-5.4;0;0;0
5373;126;126;3;0;0;-2;0;0;0;0;0;0;0;2;1;0;1;61;54;69;3;3148;265;161;100.9;1.1;3.4;14.9;50.3;29;84;25.7;-6.9;20;61;24.7;-7.5;0;0;0
5374;143;18;3;1;1;2;0;0;0;0;0;0;0;3;2;0;3;61;58;58;5;3044;0;34;108.5;3.5;1.2;28.4;29.6;47;44;51.6;5.1;38;33;53.5;6.9;0;0;0
5377;142;23;9;0;0;-2;6;0;0;0;0;0;0;8;2;1;15;66;49;84;13;9448;138;893;96.1;1.5;2.3;32.4;26.7;143;123;53.8;-3.5;113;89;55.9;-2.1;0;0;0
5378;144;8;4;1;0;-3;7;0;0;0;0;1;1;9;1;0;9;70;60;71;10;3873;0;350;82.3;0.9;3.7;27.9;17.7;54;47;53.5;6.1;41;30;57.7;9.9;0;11;4
5379;132;12;5;0;1;1;0;0;0;0;0;0;0;1;1;4;1;65;52;80;6;2053;774;0;105.6;1.8;0.0;31.6;21.0;33;21;61.1;10.6;21;16;56.8;8.3;0;34;22
5381;131;1;15;2;6;19;4;0;0;0;0;0;0;12;7;4;16;60;54;65;29;18348;200;864;104.1;4.7;1.0;48.1;17.3;412;185;69.0;11.6;311;133;70.0;13.0;0;0;0
5386;1;1;7;2;2;4;0;0;0;0;0;0;0;11;6;2;2;64;63;61;9;5215;0;567;103.9;6.2;3.5;42.8;32.4;95;85;52.8;4.3;72;59;55.0;7.7;0;1;0
5391;147;9;5;1;2;1;2;0;0;0;0;0;0;10;0;3;4;77;66;83;15;5767;942;148;103.0;3.1;2.5;27.5;30.0;75;98;43.4;2.4;59;73;44.7;3.8;0;86;37
5396;151;152;2;0;0;-1;2;0;0;0;0;0;0;1;1;1;0;52;51;55;0;987;0;19;90.0;0.0;3.6;36.5;36.5;19;18;51.4;5.5;14;13;51.9;5.2;0;6;2
5397;135;2;6;3;2;2;0;0;0;0;0;0;0;3;1;0;4;67;62;69;13;4904;0;272;106.2;3.7;2.2;26.4;28.6;71;73;49.3;1.6;45;49;47.9;1.4;0;57;32
5401;33;29;3;0;0;1;2;0;0;0;0;0;0;6;0;1;1;56;51;57;3;2541;0;232;98.6;5.7;5.7;35.4;32.6;47;43;52.2;-3.9;36;31;53.7;-2.5;0;0;0
5407;127;31;1;0;0;-1;0;0;0;0;0;0;0;0;0;0;0;47;49;44;1;1026;25;0;85.7;0.0;3.5;49.1;24.6;29;13;69.0;9.7;17;10;63.0;8.8;0;0;0
5410;142;23;15;3;6;7;4;0;0;0;0;0;0;20;3;6;12;67;55;79;31;17557;601;823;101.1;4.9;3.5;34.4;26.5;330;215;60.6;7.0;233;165;58.5;4.1;1;3;0
5412;126;124;3;0;0;-6;0;0;0;0;0;0;0;5;0;2;5;45;50;35;3;4077;0;192;90.7;0.9;6.2;14.1;39.7;36;81;30.8;0.8;26;59;30.6;1.2;0;0;0
5413;134;134;2;0;0;-3;2;0;0;0;0;0;0;1;0;0;0;61;54;67;5;2114;47;0;88.8;3.4;8.5;42.6;44.3;35;40;46.7;-5.6;27;33;45.0;-6.6;0;0;0
5414;144;144;6;0;2;1;6;0;0;0;0;0;0;8;1;0;3;64;55;67;9;5167;0;472;103.7;3.5;2.8;28.6;32.7;73;89;45.1;-5.2;54;63;46.2;-4.6;0;4;2
5416;144;144;6;0;3;3;0;0;1;0;0;0;0;9;0;1;3;66;59;71;8;4781;509;0;107.8;3.0;0.8;30.1;33.9;70;89;44.0;-6.5;50;67;42.7;-9.2;0;9;4
5417;133;133;8;1;4;-5;2;1;2;0;0;0;0;1;6;3;0;57;55;55;10;5616;1364;0;95.6;1.9;3.8;24.4;31.4;74;88;45.7;1.1;55;64;46.2;-0.6;0;8;3
5421;140;140;3;1;0;-2;0;0;0;0;0;0;0;1;0;1;3;54;53;51;2;1716;62;0;110.0;2.1;6.3;10.5;62.9;12;50;19.4;-13.0;6;40;13.0;-20.8;0;0;0
5424;94;94;15;5;8;-1;57;0;0;0;0;7;2;32;3;5;14;64;65;51;38;14273;286;562;96.3;4.3;4.5;32.8;27.0;247;207;54.4;2.3;185;152;54.9;3.9;2;36;14
5425;148;30;9;1;2;6;2;0;0;0;0;0;0;12;6;5;21;64;50;81;18;11528;9;898;104.3;3.1;1.2;33.7;25.3;205;158;56.5;5.7;154;118;56.6;6.6;0;0;0
5427;143;143;3;0;0;-5;0;0;0;0;0;0;0;0;1;1;1;49;50;44;3;1407;180;0;61.5;0.0;12.8;40.9;33.3;24;19;55.8;9.0;19;14;57.6;10.4;0;0;0
5429;132;132;5;1;1;0;0;0;0;1;0;0;0;7;0;1;1;56;54;53;3;4595;0;311;99.4;3.1;3.9;23.5;28.2;64;65;49.6;-3.0;40;50;44.4;-6.8;0;0;0
5431;140;140;2;0;0;1;0;0;0;0;0;0;0;1;0;1;0;47;47;48;1;2151;0;54;127.3;5.0;3.3;15.1;55.2;18;60;23.1;-11.8;14;46;23.3;-10.9;0;0;0
5432;56;21;11;3;6;4;2;1;1;0;0;0;0;27;1;2;5;70;64;72;21;10467;483;542;104.0;3.1;1.7;30.3;27.5;174;144;54.7;2.3;133;110;54.7;3.1;0;4;1
5435;133;133;7;1;0;-4;0;0;0;0;0;0;0;2;1;0;0;53;51;48;2;3239;0;0;90.5;1.1;5.6;13.3;31.1;22;51;30.1;-16.9;16;37;30.2;-19.3;0;48;26
5439;130;14;3;1;1;0;0;0;0;0;0;0;0;5;1;2;6;67;56;78;3;3318;37;337;104.7;2.2;2.2;19.5;33.6;35;59;37.2;4.6;26;42;38.2;3.1;0;0;0
5442;75;75;10;2;10;-1;2;0;3;0;0;0;0;10;3;4;23;72;66;72;30;10396;567;884;95.3;3.5;3.8;37.4;27.4;200;147;57.6;-0.7;151;105;59.0;1.1;0;25;9
5443;151;152;4;1;0;1;0;0;0;0;0;0;0;13;0;0;3;70;66;65;11;4022;0;411;98.0;4.5;3.6;34.9;24.2;65;57;53.3;11.4;51;41;55.4;15.1;0;61;28
5444;133;26;8;5;1;3;0;0;0;0;0;0;0;3;3;4;7;64;56;67;20;8427;725;668;104.3;3.4;2.1;30.3;30.8;124;149;45.4;1.0;97;99;49.5;4.3;1;14;8
5450;144;8;4;1;1;1;0;0;0;0;0;0;0;7;1;0;1;54;53;45;7;2457;55;0;104.7;5.9;4.4;38.1;41.0;41;52;44.1;-5.8;32;35;47.8;-2.0;0;0;0
5452;130;14;2;0;0;-3;0;0;0;0;0;0;0;0;1;0;2;50;47;51;1;1960;0;91;85.0;0.0;5.5;7.3;36.7;12;42;22.2;4.6;5;30;14.3;-3.9;0;0;0
5459;45;28;12;0;2;-2;0;0;0;0;0;0;0;9;6;2;6;58;51;66;23;11148;0;607;98.0;1.9;2.6;30.4;31.0;177;167;51.5;-8.4;132;127;51.0;-8.9;0;0;0
5461;130;14;6;1;3;-3;5;0;1;0;0;1;0;4;1;1;3;56;55;49;9;6436;338;0;100.1;2.2;3.9;23.5;41.4;69;150;31.5;3.1;51;104;32.9;3.6;1;0;0
5463;56;21;10;0;3;-4;2;0;0;0;0;0;0;8;2;3;13;60;54;64;11;9318;0;422;95.9;2.3;3.9;31.3;33.6;155;156;49.8;-3.5;117;114;50.6;-2.4;0;0;0
5465;32;23;11;0;4;5;18;0;0;0;0;0;0;17;2;2;12;72;57;85;28;12126;497;1556;101.6;3.9;2.7;36.5;29.7;214;187;53.4;2.6;158;141;52.8;2.1;0;0;0
5466;143;143;2;0;0;-2;0;0;0;0;0;0;0;0;0;0;1;51;52;49;4;775;0;31;33.3;0.0;9.3;51.1;13.9;17;8;68.0;18.7;13;4;76.5;27.4;0;4;2
5467;33;29;1;0;0;0;0;0;0;0;0;0;0;1;0;0;1;58;50;66;1;291;0;133;100.0;0.0;0.0;49.5;12.4;9;1;90.0;42.2;7;1;87.5;39.2;0;4;2
5469;144;8;6;2;1;1;0;0;0;0;0;0;0;6;1;1;4;65;59;68;7;4618;76;294;104.6;3.9;3.1;28.8;35.1;65;90;41.9;-9.3;47;61;43.5;-7.9;1;61;28
5470;134;134;2;0;0;-2;0;0;0;0;0;0;0;3;0;0;3;59;52;60;1;2023;0;0;92.4;1.8;5.3;19.6;32.0;22;42;34.4;-19.5;18;27;40.0;-19.8;0;0;0
5472;147;9;5;1;1;1;0;0;1;0;0;0;0;7;0;2;8;71;55;87;11;5572;992;178;105.9;1.9;1.3;18.7;29.1;61;96;38.9;-4.2;41;70;36.9;-7.5;0;0;0
5473;29;29;7;2;3;1;0;0;1;0;0;0;0;6;10;5;8;69;66;76;26;7919;762;407;98.3;2.7;2.3;36.8;25.0;138;97;58.7;0.1;93;69;57.4;0.5;1;128;68
5476;135;2;2;0;0;-1;0;0;0;0;0;0;0;1;0;0;1;52;50;54;1;1007;0;0;88.9;0.0;3.6;10.7;32.2;14;14;50.0;-6.2;7;9;43.8;-9.8;0;0;0
5478;142;23;11;0;6;1;0;0;0;0;0;0;0;10;0;1;6;59;53;62;12;10437;0;1237;98.2;2.8;2.8;33.5;27.6;174;145;54.5;-2.6;130;102;56.0;-0.5;0;0;0
5479;133;133;8;0;2;1;0;0;0;0;0;0;0;8;4;3;10;63;61;61;13;8551;180;380;103.5;3.4;2.5;29.9;32.4;124;155;44.4;-0.5;97;104;48.3;2.4;0;4;2
5484;1;1;7;2;2;-1;2;1;1;0;0;0;0;10;2;6;8;63;59;65;33;8839;1048;42;99.1;2.9;3.3;31.8;33.0;139;154;47.4;-3.2;93;104;47.2;-2.7;0;0;0
5490;55;9;11;4;5;9;18;0;0;0;0;0;0;13;5;3;15;60;51;71;15;10617;33;918;112.4;5.4;2.4;27.8;33.2;153;179;46.1;-0.7;114;136;45.6;-2.0;0;0;0
5491;143;143;1;0;0;-1;0;0;0;0;0;0;0;1;0;0;0;49;50;45;0;424;0;0;75.0;0.0;8.5;42.5;34.0;6;4;60.0;22.4;5;4;55.6;16.2;0;0;0
5494;27;27;3;1;0;-3;4;0;0;0;0;0;0;6;1;2;4;58;60;56;4;3025;277;308;91.0;3.6;7.1;34.5;36.9;47;49;49.0;-8.7;36;41;46.8;-8.9;0;0;0
5495;57;12;11;9;5;8;0;1;0;0;0;0;0;23;6;11;15;74;68;72;39;12076;798;1099;102.6;5.7;3.3;37.6;26.2;218;153;58.8;-0.5;166;116;58.9;-0.4;0;56;30
5496;142;23;3;0;0;0;0;0;0;0;0;0;0;1;0;0;0;52;51;45;4;1731;91;0;96.8;4.2;4.2;37.4;29.1;31;28;52.5;-2.9;22;19;53.7;-1.5;0;0;0
5498;12;12;7;2;4;1;2;0;1;0;0;0;0;1;4;6;2;65;63;65;12;8317;50;125;102.3;3.5;3.0;35.1;39.8;131;145;47.5;-1.3;97;109;47.1;0.7;0;110;57
5499;58;24;7;2;1;0;2;1;0;0;0;0;0;4;2;3;4;62;56;67;11;3946;10;500;99.8;3.6;3.6;38.3;37.4;64;68;48.5;3.0;53;50;51.5;5.5;1;4;2
5500;130;14;6;0;0;-3;12;0;0;0;0;2;0;8;3;0;9;73;56;89;10;6701;117;212;96.7;1.1;2.7;23.6;34.4;84;120;41.2;17.1;60;83;42.0;16.6;0;0;0
5502;140;17;3;2;1;-1;0;0;0;0;0;0;0;4;0;2;3;73;57;78;10;3260;180;47;98.7;2.2;3.3;24.3;32.0;42;56;42.9;17.9;30;41;42.3;16.6;0;0;0
5504;130;14;4;0;0;-3;0;0;0;0;0;0;0;3;0;0;4;63;56;61;2;3181;0;491;98.8;1.1;4.5;13.6;47.5;30;70;30.0;-1.8;19;52;26.8;-6.4;0;13;10
5510;56;21;10;2;1;4;4;1;0;0;0;0;0;6;2;6;2;69;59;75;12;9732;428;331;104.8;3.3;1.8;28.5;27.0;158;135;53.9;1.5;119;102;53.8;2.6;1;142;71
5511;147;152;5;0;3;0;0;0;0;0;0;0;0;3;2;1;1;57;54;52;3;3960;0;0;103.0;2.7;2.7;24.5;33.6;45;67;40.2;-2.1;36;48;42.9;0.8;0;0;0
5513;133;26;7;1;4;-4;9;1;2;0;0;1;0;5;2;0;9;59;57;58;19;6075;1135;0;91.6;1.8;3.6;40.3;27.9;112;95;54.1;11.2;87;67;56.5;12.0;0;11;10
5514;132;12;3;0;1;0;0;0;1;0;0;0;0;3;0;1;6;70;57;85;7;2724;555;183;98.6;4.0;4.0;29.1;26.4;39;33;54.2;2.3;25;26;49.0;-2.0;0;0;0
5516;72;8;8;2;10;10;7;1;3;0;0;1;1;9;1;6;7;80;68;89;43;9239;1259;829;97.2;5.8;1.9;54.6;14.4;253;73;77.6;1.5;200;55;78.4;1.7;0;0;0
5519;18;18;7;0;2;8;6;0;0;0;0;0;0;15;2;7;17;68;59;78;17;8608;0;305;106.6;5.0;1.7;38.1;25.5;150;102;59.5;0.7;109;69;61.2;1.0;0;0;0
5520;151;152;4;2;0;-3;0;0;0;0;0;0;0;2;1;1;6;60;58;54;12;2762;157;41;83.4;3.9;7.8;26.1;24.8;34;42;44.7;-0.6;25;28;47.2;2.7;0;1;1
5525;43;17;4;0;0;0;2;0;0;0;0;0;0;5;2;2;3;63;57;67;6;4214;207;114;101.4;0.9;0.9;22.2;35.0;56;65;46.3;5.4;36;55;39.6;-0.6;0;1;1
5527;54;10;4;0;0;1;0;0;0;0;0;0;0;2;0;1;2;60;54;63;1;2014;0;220;106.3;3.6;1.8;23.2;19.7;32;23;58.2;10.4;23;17;57.5;7.7;0;3;2
5530;147;147;5;3;1;1;0;0;0;0;0;0;0;9;2;1;2;64;60;67;12;4994;190;137;104.8;2.9;2.2;25.2;32.4;64;78;45.1;4.6;50;63;44.2;2.9;1;7;5
5532;143;143;3;0;1;-1;2;0;0;0;0;0;0;0;0;0;1;61;58;55;4;2198;180;29;99.4;1.6;3.3;21.3;39.3;27;47;36.5;-14.9;25;37;40.3;-11.0;0;0;0
5534;44;30;1;0;1;0;0;0;0;0;0;0;0;1;0;1;3;62;58;68;0;812;0;8;100.9;4.4;4.4;44.3;48.8;15;17;46.9;10.8;11;13;45.8;6.9;0;9;4
5535;20;20;7;0;0;-6;2;0;0;0;0;0;0;7;3;6;10;58;51;61;11;6616;0;179;92.0;1.1;4.4;28.8;37.0;84;105;44.4;4.3;61;78;43.9;1.3;0;0;0
5537;140;17;3;0;0;-2;0;0;0;0;0;0;0;5;1;0;7;70;61;77;4;3367;180;0;101.2;2.1;4.3;18.2;40.6;29;68;29.9;-0.2;24;52;31.6;2.0;0;0;0
5543;132;12;2;0;0;0;0;0;0;0;0;0;0;2;0;1;0;60;54;67;3;859;283;0;100.0;0.0;0.0;29.3;16.8;16;6;72.7;29.0;8;5;61.5;17.7;0;0;0
5544;142;23;15;3;6;5;4;0;0;1;0;0;0;31;8;4;10;65;57;66;30;12563;284;1683;101.6;3.7;2.6;30.7;24.4;210;151;58.2;2.9;152;109;58.2;3.1;0;56;25
5545;143;18;3;1;0;-1;0;0;0;0;0;0;0;4;0;0;0;61;54;62;5;2247;183;100;96.7;1.6;3.2;24.0;32.0;29;40;42.0;-7.6;27;30;47.4;-1.6;0;35;19
5546;1;1;1;0;0;1;2;0;0;0;0;0;0;0;1;0;4;66;55;81;2;1310;0;0;106.7;2.7;0.0;41.2;54.9;16;32;33.3;-13.1;15;23;39.5;-10.5;0;0;0
5549;33;29;5;1;1;-5;2;0;1;0;0;0;0;1;0;0;1;56;56;50;5;2309;486;95;82.7;1.6;9.4;23.4;39.0;36;43;45.6;-1.9;24;33;42.1;-6.9;0;10;9
5553;140;17;3;1;1;-1;12;0;0;0;0;0;0;4;0;1;7;68;58;74;5;3219;180;67;99.3;2.2;3.4;22.4;31.3;40;55;42.1;16.6;28;39;41.8;15.6;0;51;26
5557;50;1;5;0;1;-3;0;0;0;0;0;0;0;5;0;1;7;57;51;59;9;5495;332;193;97.0;2.6;4.6;29.5;38.7;68;112;37.8;-7.6;50;81;38.2;-8.2;0;0;0
5559;78;78;16;8;2;-6;2;0;0;0;0;0;0;25;5;15;26;72;63;78;49;18876;27;811;97.5;2.5;3.6;30.3;33.9;308;335;47.9;3.2;224;242;48.1;2.8;0;10;2
5560;132;12;2;0;0;-2;0;0;0;0;0;0;0;4;0;1;0;57;52;56;3;1191;0;39;94.9;3.0;9.1;24.2;51.4;14;21;40.0;-7.0;10;20;33.3;-9.7;0;0;0
5561;126;124;3;0;2;-2;2;0;0;0;0;0;0;6;1;1;5;59;56;63;3;3337;0;336;104.8;2.2;4.3;15.1;45.3;31;80;27.9;-3.5;23;63;26.7;-4.6;0;1;1
5562;59;1;1;0;0;0;0;0;0;0;0;0;0;0;0;0;0;55;50;62;0;484;0;0;100.0;0.0;0.0;29.8;59.5;9;13;40.9;-6.1;6;11;35.3;-11.0;0;6;3
5566;145;3;8;2;1;-1;2;0;0;0;0;0;0;4;2;2;4;56;53;58;9;4048;382;299;101.6;4.4;5.3;32.0;43.6;57;84;40.4;-14.6;50;67;42.7;-13.1;0;3;2
5568;148;30;9;1;5;-3;0;0;0;0;0;0;0;15;1;0;3;64;61;58;9;7390;28;873;96.0;3.4;4.9;33.1;34.1;129;127;50.4;-3.3;91;99;47.9;-6.1;0;26;11
5569;130;14;5;0;0;-6;2;0;0;0;0;0;0;7;1;0;17;71;53;91;8;6310;267;296;97.0;0.6;4.0;13.7;55.9;50;187;21.1;-12.2;37;132;21.9;-11.1;0;0;0
5572;127;31;3;1;0;-4;0;0;0;0;0;0;0;5;1;0;2;56;49;66;5;2948;0;48;82.2;1.2;6.1;40.3;29.3;71;39;64.5;3.0;48;30;61.5;1.9;0;0;0
5573;126;124;3;1;0;-5;5;0;0;0;0;1;0;4;0;0;6;70;53;78;3;3917;98;184;91.6;0.9;5.5;15.6;38.6;37;77;32.5;3.4;27;57;32.1;3.6;0;0;0
5574;130;14;6;1;1;0;5;1;0;0;0;1;0;6;0;2;5;62;57;67;11;6087;46;216;102.4;1.2;1.2;22.5;42.0;60;130;31.6;3.0;46;88;34.3;5.4;0;1;0
5580;130;14;6;1;2;-3;2;0;0;0;0;0;0;3;2;1;6;54;51;58;4;4396;0;0;109.1;2.5;4.9;13.1;50.8;39;109;26.4;-4.0;26;76;25.5;-6.5;1;1;1
5586;127;31;3;0;1;0;0;0;0;0;0;0;0;8;0;0;0;70;63;67;6;2932;0;0;96.7;1.2;1.2;36.8;18.4;58;27;68.2;7.7;43;18;70.5;13.9;0;30;15
5590;144;144;1;0;0;-1;0;0;0;0;0;0;0;0;0;0;0;60;52;66;2;1040;0;44;88.9;0.0;3.5;45.0;31.2;17;17;50.0;6.3;15;14;51.7;5.6;0;0;0
5592;147;152;2;1;0;0;0;0;0;0;0;0;0;1;1;0;0;60;55;57;7;1836;0;121;102.8;2.0;2.0;21.6;31.4;19;33;36.5;-4.6;15;23;39.5;-0.5;0;1;1
5594;130;14;6;0;1;-6;0;0;1;0;0;0;0;4;2;0;11;57;55;53;6;7532;347;321;97.1;0.5;3.3;14.3;54.0;65;213;23.4;-10.6;47;152;23.6;-12.1;0;0;0
5595;151;152;2;0;0;-1;0;0;0;0;0;0;0;2;0;1;1;59;52;58;2;1005;0;90;93.3;0.0;3.6;32.2;53.7;19;24;44.2;2.5;14;19;42.4;0.5;0;4;2
5598;140;140;3;1;0;-4;0;0;0;0;0;0;0;2;1;0;3;54;50;57;4;2502;0;150;100.4;2.9;8.6;18.7;57.6;21;68;23.6;-8.7;19;50;27.5;-3.6;0;6;2
5599;147;147;5;0;1;4;0;0;0;0;0;0;0;12;0;2;7;57;51;63;7;6543;106;226;107.5;5.0;2.8;28.6;28.1;98;96;50.5;14.2;73;71;50.7;13.7;0;0;0
5612;56;21;10;0;0;-2;2;0;0;0;0;0;0;6;2;1;3;55;52;51;9;6302;0;231;96.7;1.1;2.3;26.8;30.3;98;100;49.5;-3.0;70;71;49.6;-2.2;0;14;8
5613;126;124;3;1;1;-2;2;0;0;0;0;0;0;11;2;1;1;68;60;73;2;3318;250;0;104.8;2.2;4.3;15.2;45.6;31;80;27.9;-3.5;23;63;26.7;-4.6;0;44;23
5616;135;2;11;4;3;0;2;0;0;0;0;0;0;6;0;9;6;69;60;74;12;7857;0;482;103.8;3.2;3.2;27.0;39.9;133;154;46.3;-5.0;92;115;44.4;-5.1;3;105;56
5617;130;14;2;0;1;1;0;0;0;0;0;0;0;0;0;0;0;57;54;48;0;1151;20;102;150.0;3.1;0.0;6.3;40.7;9;23;28.1;-1.6;5;17;22.7;-10.1;0;3;2
5618;8;8;7;1;2;-6;2;0;0;0;0;0;0;11;3;7;3;71;74;64;11;5479;525;0;87.7;2.6;6.6;40.1;34.8;100;88;53.2;2.0;76;59;56.3;3.8;1;0;0
5619;18;18;7;3;2;1;0;0;0;0;0;0;0;7;7;2;1;65;66;58;20;5318;171;384;97.2;4.1;3.4;42.0;27.1;98;60;62.0;3.8;82;47;63.6;4.0;1;9;3
5622;130;14;6;2;0;-3;2;0;0;0;0;0;0;10;1;0;7;61;53;62;5;4207;0;372;110.3;2.6;5.1;12.8;53.1;35;110;24.1;-6.8;25;77;24.5;-7.7;1;51;27
5624;147;147;4;0;1;-1;0;0;0;0;0;0;0;1;2;1;0;55;50;62;8;4108;0;123;103.2;3.5;4.4;24.5;39.4;40;86;31.7;-13.2;34;61;35.8;-6.9;0;0;0
5625;142;23;13;5;6;5;4;0;1;0;0;0;0;32;3;2;7;71;67;68;33;14293;1556;0;102.8;4.0;2.8;33.5;30.0;262;217;54.7;-2.4;188;164;53.4;-4.5;1;24;9
5626;18;18;7;1;1;6;0;0;0;0;0;0;0;7;3;5;11;62;52;72;9;7039;0;349;106.1;4.6;1.5;38.9;26.6;116;88;56.9;-3.1;95;63;60.1;-0.6;0;0;0
5627;151;152;3;1;2;1;2;0;0;0;0;0;0;6;2;1;9;64;62;61;4;2729;95;173;101.0;4.0;2.6;34.3;25.1;46;40;53.5;9.9;34;29;54.0;11.3;0;1;1
5633;151;152;4;0;2;-4;4;0;0;0;0;0;0;11;2;2;2;67;56;75;5;3221;169;43;89.1;2.2;6.7;24.6;33.5;46;60;43.4;-2.5;28;42;40.0;-6.4;0;44;27
5635;127;31;2;0;0;-1;0;0;0;0;0;0;0;3;1;1;1;57;50;65;0;858;0;0;66.7;0.0;4.2;16.8;12.6;14;7;66.7;4.9;8;4;66.7;5.4;0;8;3
5637;140;140;3;0;0;-2;0;0;0;0;0;0;0;2;0;1;3;57;50;64;1;3195;0;0;117.1;3.4;5.6;12.4;55.2;23;82;21.9;-11.7;16;63;20.3;-14.2;0;0;0
5638;38;25;13;5;2;1;16;0;0;0;0;0;0;18;4;3;6;73;61;79;34;14160;785;1591;96.0;3.1;2.8;32.5;20.8;235;158;59.8;15.4;168;119;58.5;13.4;2;228;123
5645;130;14;6;0;1;-2;12;0;0;0;0;0;0;1;1;3;5;58;51;67;1;2850;0;142;99.1;1.3;3.8;13.9;37.9;25;59;29.8;0.4;17;44;27.9;-3.1;0;35;15
5647;132;12;4;1;1;-6;0;1;1;0;0;0;0;3;0;3;3;57;57;53;12;3214;187;0;79.3;0.0;6.7;26.9;32.5;41;49;45.6;-9.8;31;41;43.1;-10.3;0;2;1
5653;143;18;3;0;0;0;0;0;0;0;0;0;0;0;1;2;2;58;51;67;5;3257;175;161;102.8;1.1;1.1;18.8;35.4;40;60;40.0;-11.6;29;44;39.7;-12.6;0;0;0
5654;135;2;9;1;1;0;9;0;0;0;0;1;1;5;0;0;2;57;53;57;11;4872;248;83;100.0;3.7;3.7;34.0;34.0;75;86;46.6;-3.1;58;58;50.0;2.9;0;1;1
5659;142;23;8;0;1;4;2;0;0;0;0;0;0;5;0;1;0;59;54;55;5;3729;0;0;107.6;4.8;1.0;37.7;18.3;73;34;68.2;8.7;55;23;70.5;12.6;0;3;2
5661;133;26;8;1;4;-4;4;0;0;0;0;0;0;19;0;4;33;61;53;70;13;10044;359;633;99.1;2.2;3.2;25.1;34.1;132;183;41.9;-4.8;95;136;41.1;-9.3;0;0;0
5667;131;131;6;2;0;6;0;0;0;0;0;0;0;7;2;2;4;55;49;62;7;5973;0;420;105.7;4.8;1.2;42.8;21.7;123;69;64.1;-10.3;91;52;63.6;-11.8;0;0;0
5670;147;147;5;1;4;1;0;0;1;0;0;0;0;8;0;0;6;71;65;74;8;4126;942;30;107.1;3.5;2.6;23.6;34.0;46;73;38.7;-4.1;36;52;40.9;-1.7;0;71;40
5671;134;21;4;0;2;0;5;0;0;0;0;1;0;10;0;3;2;75;68;75;20;4148;650;33;95.8;2.6;2.6;39.9;24.3;82;53;60.7;17.9;63;35;64.3;20.4;0;6;3
5672;56;21;11;7;5;5;12;3;2;0;0;0;0;24;3;5;19;76;59;92;33;12728;2120;1442;104.6;3.4;2.0;27.7;26.0;208;169;55.2;3.2;146;127;53.5;1.4;3;0;0
5674;132;12;5;1;0;0;0;0;0;0;0;0;0;6;0;2;2;78;66;87;11;4615;761;65;100.0;1.6;1.6;25.7;25.7;69;62;52.7;1.3;48;49;49.5;0.1;0;80;48
5677;130;14;6;0;0;-2;0;0;0;0;0;0;0;3;1;2;9;55;50;61;2;2945;0;25;99.1;1.2;3.7;13.4;36.7;26;63;29.2;-0.3;18;44;29.0;-1.7;0;4;1
5679;151;151;2;0;0;-1;0;0;0;0;0;0;0;3;0;1;2;65;50;83;1;1963;0;135;95.9;1.8;3.7;23.8;31.2;19;26;42.2;-6.1;14;22;38.9;-11.6;0;0;0
5682;8;8;7;2;0;-4;0;0;0;0;0;0;0;6;1;5;18;62;56;66;14;8915;0;188;94.9;2.4;4.0;33.9;33.1;135;140;49.1;-4.1;103;97;51.5;-2.9;0;0;0
5686;56;21;11;2;2;1;6;0;1;0;0;0;0;4;1;0;20;69;54;88;22;11315;448;533;100.9;1.9;1.6;31.2;30.5;184;167;52.4;-1.0;139;125;52.7;0.1;0;0;0
5687;148;30;9;3;2;6;0;0;0;0;0;0;0;7;0;0;3;60;56;59;6;3926;287;0;121.5;8.3;2.8;28.4;36.7;53;83;39.0;-16.0;39;62;38.6;-16.0;0;0;0
5688;151;152;3;1;1;0;0;0;0;0;0;0;0;8;2;0;2;60;53;53;3;2685;74;288;109.4;6.7;6.7;22.8;33.5;31;40;43.7;0.6;24;31;43.6;1.6;1;9;5
5689;130;14;6;1;2;0;0;0;1;0;0;0;0;6;2;3;13;65;57;73;7;6149;46;196;102.7;1.2;1.2;21.7;43.9;58;133;30.4;1.3;45;93;32.6;3.0;0;73;40
5694;18;18;7;3;2;-1;0;0;0;0;0;0;0;9;1;0;2;63;62;60;13;4486;0;11;95.7;4.0;4.8;31.3;28.1;67;60;52.8;-7.7;48;40;54.5;-7.2;0;1;0
5697;131;1;6;1;1;1;5;0;0;0;0;1;0;9;0;1;11;62;52;71;11;5584;0;318;103.7;3.9;3.2;27.7;31.6;95;91;51.1;-15.7;58;66;46.8;-22.0;0;0;0
5702;145;3;8;3;1;-4;4;0;0;0;0;0;0;5;3;1;12;73;62;80;21;8926;1227;169;95.1;2.0;3.6;29.8;31.1;135;145;48.2;-6.6;103;107;49.0;-6.6;1;0;0
5703;127;31;3;0;1;1;0;0;0;0;0;0;0;1;0;1;0;64;54;77;4;1657;518;0;105.9;2.2;0.0;36.9;28.2;28;19;59.6;-3.5;20;16;55.6;-5.6;0;0;0
5704;144;8;6;4;3;-1;2;0;0;0;0;0;0;7;0;3;3;67;69;52;15;6680;84;405;96.5;3.2;3.8;36.1;30.2;116;99;54.0;7.8;90;76;54.2;7.3;1;3;1
5706;147;147;3;0;2;2;5;0;0;0;0;1;1;2;0;0;4;63;59;64;1;2525;0;54;107.8;4.3;1.4;32.8;27.1;35;31;53.0;14.2;30;24;55.6;16.5;0;1;1
5708;126;126;3;0;1;-1;0;0;0;0;0;0;0;0;2;1;4;64;55;73;5;3493;98;161;102.0;1.0;2.1;16.5;48.4;36;84;30.0;-0.4;27;62;30.3;0.9;0;0;0
5710;38;152;13;1;0;0;2;0;0;0;0;0;0;12;4;1;3;58;51;64;8;5969;0;777;101.8;1.2;1.2;19.9;28.3;68;94;42.0;-8.6;50;63;44.2;-5.9;0;12;5
5714;134;21;4;1;0;-2;0;0;0;0;0;0;0;5;2;5;11;81;61;89;15;4276;651;136;95.1;1.7;3.4;31.2;32.8;70;63;52.6;5.6;49;48;50.5;-0.5;0;0;0
5716;59;1;5;2;0;-2;0;0;0;0;0;0;0;3;1;1;4;63;56;65;5;3709;0;386;89.1;2.9;4.9;34.9;25.2;59;45;56.7;-0.6;46;33;58.2;-0.0;1;45;20
5719;143;18;3;0;3;-1;0;0;0;0;0;0;0;3;1;1;2;60;59;53;3;3114;180;29;106.3;3.5;4.6;22.0;48.6;31;71;30.4;-25.7;25;55;31.3;-25.6;0;38;17
5720;133;26;5;0;1;-4;0;0;0;0;0;0;0;11;1;2;5;56;51;61;2;5381;36;327;92.5;2.0;4.7;22.7;28.8;64;98;39.5;-10.5;49;63;43.8;-6.6;0;0;0
5724;145;3;6;0;1;-3;0;0;0;0;0;0;0;4;0;5;8;65;52;79;7;5974;0;457;94.3;3.0;4.8;28.3;29.5;89;91;49.4;-6.3;68;72;48.6;-7.5;0;0;0
5726;12;12;7;0;3;-1;13;0;1;0;0;1;1;10;3;5;2;62;60;64;26;8919;786;80;100.3;2.8;3.2;33.1;39.1;130;139;48.3;0.1;94;110;46.1;-0.8;0;0;0
5727;143;18;3;0;0;-4;0;0;0;0;0;0;0;8;0;1;4;62;60;59;5;3300;547;0;90.0;0.0;4.4;27.3;43.6;58;68;46.0;-3.2;39;52;42.9;-9.1;0;0;0
5735;0;0;7;1;0;-7;0;0;0;0;0;0;0;7;8;7;2;57;52;61;6;5452;0;612;84.5;0.7;5.3;21.1;28.4;54;74;42.2;1.6;35;57;38.0;-1.7;0;59;26
5737;143;18;3;0;1;-1;0;0;0;0;0;0;0;3;3;1;3;63;50;78;7;3701;552;125;96.3;1.9;2.9;36.0;32.1;63;59;51.6;5.9;51;46;52.6;6.6;0;0;0
5738;151;152;2;0;1;-2;0;0;0;0;0;0;0;5;1;0;0;48;54;36;0;1789;0;0;92.5;4.0;8.0;32.2;40.2;31;31;50.0;2.7;21;25;45.7;-2.3;0;1;1
5741;131;1;15;1;7;7;4;1;1;0;0;0;0;12;2;3;12;77;62;90;62;17277;2648;402;102.9;2.7;1.0;38.8;25.2;333;231;59.0;-3.7;248;173;58.9;-4.3;0;0;0
5744;144;8;6;0;0;-1;0;0;0;0;0;0;0;9;0;1;13;66;50;85;3;6717;0;290;98.7;1.1;1.6;24.1;27.9;86;103;45.5;-4.8;63;76;45.3;-6.1;0;0;0
5745;133;133;8;1;1;-5;0;0;0;0;0;0;0;6;1;1;1;56;51;55;7;5983;323;0;94.7;1.8;4.2;23.5;32.5;76;93;45.0;0.2;56;71;44.1;-3.3;0;77;31
5746;127;31;3;0;0;-4;2;0;0;0;0;0;0;4;0;5;3;74;66;77;9;3368;512;0;85.2;1.1;5.3;28.9;28.9;72;50;59.0;-5.7;40;37;51.9;-12.5;0;6;3
5747;142;23;4;1;1;1;2;0;0;0;0;0;0;4;0;0;3;59;54;61;9;2158;245;77;104.0;5.0;3.3;31.7;28.4;32;27;54.2;-0.8;22;20;52.4;-2.0;1;0;0
5748;45;28;11;3;5;7;4;0;0;0;0;0;0;16;0;5;7;74;58;86;28;13598;535;442;100.1;4.5;2.6;37.6;22.2;254;158;61.7;7.9;195;119;62.1;9.5;0;0;0
5750;142;23;15;11;10;7;4;3;1;0;0;0;0;26;2;2;24;72;71;67;34;16258;1986;117;103.6;4.4;2.9;33.7;30.1;297;248;54.5;-2.2;216;189;53.3;-3.9;3;300;151
5751;148;30;9;4;3;6;2;0;0;0;0;0;0;8;1;4;6;69;63;73;21;9453;378;420;105.2;3.4;1.1;33.5;22.8;171;126;57.6;6.7;125;93;57.3;7.0;0;25;12
5753;121;1;11;5;10;8;10;2;1;0;0;2;2;8;5;3;27;84;72;86;44;11492;2227;796;101.5;4.1;1.6;37.9;16.9;218;138;61.2;20.2;161;89;64.4;23.0;0;184;102
5754;142;23;8;1;1;-6;0;0;0;0;0;0;0;1;2;1;2;51;51;47;9;4049;430;156;90.9;2.7;8.0;26.7;41.8;48;98;32.9;-22.2;34;65;34.3;-21.4;0;1;1
5755;147;152;5;0;2;1;0;0;0;0;0;0;0;0;0;1;6;57;53;56;2;2642;140;0;118.6;4.1;2.7;15.0;31.3;31;54;36.5;-6.4;14;34;29.2;-15.0;0;27;13
5756;127;31;3;0;0;-2;0;0;0;0;0;0;0;2;1;1;2;62;54;64;10;2269;512;0;89.0;1.6;4.8;39.7;31.7;46;29;61.3;-1.6;33;25;56.9;-4.5;0;41;14
5757;143;143;3;0;0;-3;0;0;0;0;0;0;0;0;0;0;2;55;54;55;1;1230;0;54;62.5;0.0;8.8;43.9;23.4;22;13;62.9;16.7;17;9;65.4;18.8;0;16;9
5758;130;14;6;1;5;-3;4;1;1;0;0;0;0;12;4;0;18;69;59;79;14;6789;338;120;100.7;2.1;3.7;22.3;41.9;70;157;30.8;2.1;52;110;32.1;2.4;0;123;53
5761;45;28;13;0;6;9;0;0;0;0;0;0;0;14;0;14;17;65;52;74;30;15646;41;1423;102.4;4.4;2.3;36.1;23.7;280;193;59.2;4.5;213;143;59.8;5.9;0;0;0
5764;126;124;3;0;0;-1;0;0;0;0;0;0;0;9;0;1;1;64;55;68;1;3135;113;133;97.0;0.0;1.1;17.2;37.9;35;64;35.4;7.3;24;45;34.8;6.9;0;35;19
5765;40;20;1;0;0;-3;2;0;0;0;0;0;0;1;0;0;2;48;51;43;0;935;0;84;75.0;0.0;11.6;19.3;46.2;12;20;37.5;-10.6;8;16;33.3;-14.9;0;0;0
5769;59;1;6;0;1;-5;4;0;0;0;0;0;0;6;1;2;7;71;62;80;11;5840;572;387;87.0;2.5;5.5;37.6;28.4;108;84;56.3;1.9;84;61;57.9;3.5;0;0;0
5773;56;21;11;0;6;0;4;0;4;0;0;0;0;13;1;3;14;65;55;75;19;11387;1588;1139;99.6;1.9;1.9;32.2;30.4;188;169;52.7;-0.7;145;128;53.1;0.8;0;0;0
5774;140;17;3;0;0;-2;0;0;0;0;0;0;0;3;0;1;3;64;50;81;3;4153;62;101;101.5;3.5;5.2;25.1;42.5;49;81;37.7;12.2;39;67;36.8;11.2;0;0;0
5784;43;17;4;0;0;1;0;0;0;0;0;0;0;4;0;0;1;57;50;59;0;1582;0;0;113.3;4.6;2.3;22.8;34.1;21;30;41.2;-1.6;13;21;38.2;-2.0;0;20;10
5787;140;140;3;0;2;2;0;0;0;0;0;0;0;5;0;1;4;58;56;52;6;3135;90;0;113.1;4.6;2.3;25.3;44.8;33;67;33.0;4.1;27;47;36.5;8.8;0;2;1
5788;143;18;1;0;0;-2;0;0;0;0;0;0;0;0;0;0;0;54;53;44;1;889;0;0;66.7;0.0;8.1;36.4;24.3;17;8;68.0;26.5;14;6;70.0;25.2;0;0;0
5789;29;29;7;0;6;6;4;0;0;0;0;0;0;7;3;3;19;63;53;76;13;8692;26;453;106.7;4.6;2.1;34.0;31.1;138;113;55.0;-5.9;96;82;53.9;-4.9;0;0;0
5790;132;12;4;1;2;1;0;0;1;0;0;0;0;3;0;2;0;68;60;75;8;3090;158;0;102.9;3.5;2.3;33.8;31.5;51;51;50.0;-4.8;41;40;50.6;-2.3;0;1;1
5792;145;3;7;1;1;1;6;0;0;0;0;0;0;13;4;2;5;63;59;63;14;7025;70;712;101.8;2.0;1.5;26.1;25.6;99;106;48.3;-5.4;69;72;48.9;-5.4;0;17;10
5793;140;140;2;0;0;-5;0;0;0;0;0;0;0;3;1;2;1;37;49;24;1;2383;0;95;87.7;1.5;9.1;16.6;42.3;28;53;34.6;4.7;18;38;32.1;1.8;0;0;0
5796;62;19;5;1;1;-1;19;0;0;0;0;0;0;7;2;2;1;70;60;76;14;5197;0;403;97.9;2.8;3.5;29.1;29.8;88;76;53.7;4.3;57;58;49.6;0.8;0;93;48
5798;55;9;1;0;0;0;0;0;0;0;0;0;0;1;0;0;0;54;50;49;0;452;0;0;0.0;0.0;0.0;0.0;23.9;4;4;50.0;-4.6;3;3;50.0;-6.9;0;1;0
5802;116;116;12;2;8;6;5;0;1;0;1;1;0;9;2;9;18;75;55;86;34;13301;314;1569;100.5;4.6;3.2;38.2;28.1;252;176;58.9;3.6;188;137;57.8;2.5;0;0;0
5803;33;29;4;0;0;-4;0;0;0;0;0;0;0;0;1;0;1;51;50;45;3;1744;0;111;73.3;0.0;8.3;18.6;31.0;23;31;42.6;-4.9;15;23;39.5;-8.9;0;6;3
5805;151;152;2;1;0;-2;0;0;0;0;0;0;0;2;1;0;1;48;51;41;3;1403;0;112;98.0;2.6;7.7;25.7;64.1;22;37;37.3;-13.4;17;29;37.0;-15.7;0;11;8
5809;132;12;5;0;2;2;2;0;0;0;0;0;0;6;1;0;2;62;55;62;5;2398;0;596;104.5;1.5;0.0;33.0;25.5;39;27;59.1;8.6;26;22;54.2;5.6;0;5;4
5811;142;23;15;4;11;7;4;0;0;0;0;0;0;16;5;6;45;80;59;96;39;19351;870;836;102.3;4.3;3.0;32.6;27.3;332;281;54.2;-2.9;246;205;54.5;-2.1;0;0;0
5816;133;133;2;0;0;-2;0;0;0;0;0;0;0;0;0;0;1;62;58;59;2;1852;0;183;80.4;1.9;5.8;25.3;21.4;29;24;54.7;14.7;23;17;57.5;15.1;0;0;0
5819;127;31;3;1;0;-3;0;0;0;0;0;0;0;1;0;2;5;66;65;61;11;3259;512;0;88.3;1.1;4.4;29.8;28.7;68;48;58.6;-6.1;39;35;52.7;-11.2;0;0;0
5824;133;26;8;0;1;0;0;0;0;0;0;0;0;10;2;8;18;72;50;93;19;7496;0;698;99.0;2.4;2.4;36.5;31.7;122;116;51.3;9.3;100;80;55.6;13.0;0;0;0
5825;58;24;4;1;0;1;2;0;0;0;0;0;0;4;1;1;1;55;54;54;6;5252;264;70;103.4;2.7;2.1;26.0;28.8;61;78;43.9;-2.3;44;59;42.7;-6.0;0;0;0
5827;57;12;9;0;4;8;22;0;0;0;0;0;0;3;1;0;3;65;51;81;10;9587;504;138;100.3;5.6;2.6;37.9;18.0;191;96;66.6;7.2;137;74;64.9;4.5;0;0;0
5828;45;28;1;0;0;0;2;0;0;0;0;0;0;2;0;0;2;63;50;82;3;1041;0;51;100.0;0.0;0.0;31.1;38.0;17;21;44.7;-23.5;12;17;41.4;-26.7;0;0;0
5840;54;10;10;2;6;5;2;0;2;0;0;0;0;17;5;1;12;68;66;65;19;9898;1598;0;106.2;4.4;2.5;33.1;36.4;162;190;46.0;-6.8;121;139;46.5;-6.1;0;1;1
5857;0;0;7;0;3;0;0;0;0;0;0;0;0;6;8;2;3;67;69;63;17;6907;484;0;102.2;3.6;3.6;31.3;38.6;95;118;44.6;5.3;69;85;44.8;7.6;0;1;1
5858;8;8;7;1;3;3;2;0;0;0;0;0;0;5;1;16;9;61;54;70;19;8737;109;438;101.7;4.5;3.3;38.7;33.0;150;122;55.1;5.4;113;91;55.4;3.2;0;0;0
5863;0;0;7;4;2;-2;2;0;0;0;0;0;0;6;10;3;4;66;66;59;10;6775;137;5;104.0;3.7;4.8;26.6;47.8;76;137;35.7;-7.5;56;111;33.5;-8.6;0;2;1
5875;1;1;7;0;4;1;2;0;0;0;0;0;0;7;2;4;15;57;56;55;16;7537;143;623;101.6;6.7;5.7;42.0;40.1;131;133;49.6;0.3;105;98;51.7;4.2;0;0;0
5876;20;20;7;3;2;1;2;1;0;0;0;0;0;1;14;5;3;60;55;67;18;7848;895;94;103.4;3.2;2.8;29.4;36.7;99;121;45.0;5.4;72;92;43.9;1.4;1;124;62
5883;131;1;11;1;3;1;0;0;0;0;0;0;0;9;0;2;3;61;56;61;14;5689;0;0;98.2;2.5;1.9;34.8;20.9;112;82;57.7;-8.9;77;55;58.3;-8.9;1;0;0
5884;8;8;6;1;1;-2;2;0;0;0;0;0;0;6;1;2;11;60;54;68;10;5826;0;384;95.6;1.2;2.5;37.7;32.1;95;85;52.8;0.3;71;58;55.0;0.8;0;0;0
5885;0;0;7;0;2;-5;0;0;1;0;0;0;0;7;1;9;8;62;59;62;20;8838;666;110;96.2;2.4;4.5;33.8;40.7;115;158;42.1;2.0;88;120;42.3;4.7;0;0;0
5887;56;21;11;2;6;6;6;0;0;0;0;0;0;10;2;3;21;66;53;78;21;13217;7;1687;104.8;3.5;1.9;28.9;25.6;217;173;55.6;4.0;154;131;54.0;2.3;1;0;0
5890;131;1;15;7;8;16;2;0;0;0;0;0;0;16;2;3;3;67;65;66;46;16028;10;0;105.9;4.5;0.9;43.1;20.0;341;181;65.3;5.5;258;141;64.7;4.3;1;0;0
5891;12;12;7;8;3;5;2;2;0;0;0;0;0;10;4;9;6;77;78;76;37;8496;794;428;105.4;4.7;2.5;39.4;39.4;142;142;50.0;2.7;108;108;50.0;5.5;0;12;5
5897;54;10;5;1;2;1;4;0;1;0;0;0;0;4;0;0;4;59;60;51;5;4909;297;0;110.0;3.7;2.9;21.3;40.3;67;103;39.4;-17.9;44;77;36.4;-19.7;0;82;31
5899;54;10;9;7;6;6;2;0;2;0;0;0;0;16;3;2;3;76;76;83;41;9875;1388;0;101.3;4.4;2.2;45.2;26.2;204;133;60.5;15.1;157;100;61.1;16.5;1;181;98
5900;29;29;6;0;1;-1;0;0;0;0;0;0;0;6;4;0;1;57;53;56;1;2490;32;191;98.9;2.9;4.3;23.1;31.8;28;34;45.2;-14.2;20;25;44.4;-12.9;0;3;2
5904;32;23;11;4;5;-4;2;1;1;0;0;0;0;15;1;1;10;69;63;70;21;8322;638;71;94.2;3.5;5.2;34.6;32.9;131;143;47.8;-5.2;94;113;45.4;-8.2;1;128;75
5905;20;20;7;2;1;1;0;1;0;0;0;0;0;9;1;3;8;62;57;66;9;7564;799;153;106.1;3.3;2.9;24.7;38.5;87;123;41.4;0.1;65;94;40.9;-3.1;1;0;0
5908;8;8;7;1;6;1;4;0;3;0;0;0;0;8;15;5;8;72;72;69;25;7958;957;41;98.7;3.2;2.7;39.4;28.9;136;105;56.4;6.9;104;74;58.4;7.4;0;3;0
5910;60;18;10;6;5;-2;2;4;2;0;0;0;0;19;4;0;2;73;67;71;31;10097;1285;0;98.2;2.9;3.6;27.8;29.6;141;156;47.5;-4.3;110;118;48.2;-4.0;0;160;75
5911;59;1;6;0;1;-4;2;0;0;0;0;0;0;9;4;3;12;55;50;62;12;5794;87;436;87.9;2.5;5.0;41.0;27.3;111;89;55.5;0.8;88;60;59.5;5.9;0;0;0
5913;32;23;11;4;5;5;12;1;1;0;0;0;0;35;1;4;12;79;70;80;33;10381;2303;106;106.5;4.2;1.7;32.6;27.7;179;149;54.6;4.1;133;106;55.6;5.8;1;210;117
5914;143;18;1;0;0;-1;0;0;0;0;0;0;0;1;1;0;2;58;45;76;0;948;0;117;104.6;3.8;7.6;19.0;49.4;10;25;28.6;-18.1;9;19;32.1;-14.7;0;0;0
5915;32;23;1;0;0;0;2;0;0;0;0;0;0;0;0;1;1;54;50;62;0;794;0;69;94.3;4.5;4.5;31.7;22.7;9;8;52.9;2.3;8;7;53.3;6.2;0;0;0
5916;55;9;11;5;5;10;4;1;0;0;0;0;0;13;4;5;11;67;61;69;31;11408;840;1419;107.4;5.4;2.5;34.4;30.9;198;175;53.1;9.8;145;140;50.9;5.9;1;44;21
5925;40;20;7;2;0;-2;4;1;0;0;0;0;0;11;3;0;2;63;59;63;14;7348;743;0;102.0;2.0;2.9;21.6;41.6;94;141;40.0;-5.3;64;110;36.8;-9.0;1;0;0
5926;131;1;14;1;3;7;4;0;0;0;0;0;0;24;7;6;22;62;52;74;27;17080;656;845;102.8;2.7;1.3;33.9;24.0;304;237;56.2;-6.5;222;170;56.6;-5.9;0;0;0
5927;130;14;6;1;1;-3;2;0;0;0;0;0;0;7;2;3;3;58;55;56;6;6828;26;535;101.0;2.1;3.7;22.1;43.2;70;162;30.2;1.1;52;113;31.5;1.5;0;10;6
5929;131;1;15;3;10;10;2;0;0;0;0;0;0;25;5;1;14;68;61;70;32;12989;0;1408;102.5;4.7;1.9;43.2;23.0;264;147;64.2;3.6;198;111;64.1;3.1;1;50;28
5936;145;3;8;0;5;2;4;0;1;0;0;0;0;4;1;2;6;68;63;67;14;8132;1151;0;100.1;3.1;2.2;31.9;23.0;140;99;58.6;8.5;100;71;58.5;7.1;0;139;83
5939;127;31;3;0;0;0;5;0;0;0;0;1;0;1;1;0;1;63;57;64;4;2813;0;93;96.8;1.3;1.3;37.1;19.2;57;27;67.9;7.2;42;18;70.0;13.2;0;1;1
5941;60;18;10;1;11;4;2;0;0;0;0;0;0;6;3;4;4;68;66;65;16;10454;308;1133;100.1;5.2;3.8;35.8;26.5;192;122;61.1;15.7;152;99;60.6;14.2;0;2;0
5942;151;152;4;0;1;-4;0;0;1;0;0;0;0;5;2;0;5;75;58;90;8;3951;541;214;88.6;0.9;4.6;24.6;30.1;55;68;44.7;-0.8;38;46;45.2;0.4;0;0;0
5943;40;20;7;0;4;-4;4;0;0;0;0;0;0;6;3;3;4;60;58;59;4;7058;16;653;94.5;1.5;3.6;32.6;35.2;117;122;49.0;8.1;87;95;47.8;7.3;0;77;32
5946;40;20;1;0;1;0;0;0;0;0;0;0;0;1;0;0;4;66;59;72;2;1289;19;0;100.6;2.8;2.8;33.5;36.3;20;24;45.5;0.7;17;17;50.0;10.4;0;0;0
5953;133;26;8;0;5;-9;0;0;4;0;0;0;0;15;4;2;12;75;62;86;15;7929;1681;347;89.1;1.8;5.4;23.2;29.1;97;133;42.2;-3.7;74;90;45.1;-2.2;0;0;0
5954;54;10;9;1;3;1;0;0;1;0;1;0;0;19;0;9;17;74;59;90;26;10479;1715;981;100.1;2.1;1.7;30.9;26.1;182;139;56.7;9.0;137;104;56.8;9.5;0;0;0
5958;104;104;10;1;3;-4;7;0;0;0;0;1;0;14;2;10;32;67;54;80;17;11369;603;651;94.4;2.2;3.5;29.8;26.6;171;185;48.0;6.7;126;129;49.4;8.3;0;0;0
5961;135;2;11;8;5;11;5;0;0;1;0;1;0;7;1;1;7;69;64;67;21;10763;352;613;110.1;4.7;1.3;31.4;28.1;183;152;54.6;6.2;126;110;53.4;6.9;1;22;13
5964;148;30;9;0;4;1;4;0;0;0;0;0;0;4;1;8;16;73;51;89;20;10863;0;697;99.1;2.7;2.3;34.8;27.2;198;152;56.6;5.7;148;118;55.6;5.0;0;0;0
5969;8;8;7;0;3;-1;2;0;2;0;0;0;0;11;4;3;3;67;62;71;12;4143;1106;218;97.4;1.7;2.6;31.3;32.1;49;61;44.5;-8.4;40;46;46.5;-8.1;0;3;1
5975;104;104;10;7;4;0;4;1;0;0;0;0;0;19;2;3;22;85;69;90;34;11600;205;1229;97.6;3.4;3.4;32.3;26.4;188;155;54.8;16.8;137;109;55.7;17.6;2;236;114
5977;144;8;3;0;0;1;0;0;0;0;0;0;0;2;2;0;3;53;47;60;8;3064;0;214;97.5;3.5;2.3;41.1;21.1;54;39;58.1;13.6;39;27;59.1;13.4;0;0;0
5978;134;134;4;0;1;-3;2;0;0;0;0;0;0;1;1;0;3;57;51;57;1;3123;325;0;94.6;3.5;6.9;19.6;30.0;31;55;36.0;-16.3;22;35;38.6;-15.3;0;47;17
5982;126;124;3;0;0;-3;2;0;0;0;0;0;0;3;1;2;1;58;51;64;2;2365;113;85;89.7;0.0;4.6;19.8;44.1;30;48;38.5;10.7;24;40;37.5;10.4;0;0;0
5983;90;90;6;4;2;0;15;0;0;0;0;3;1;15;1;1;9;80;70;80;17;5995;436;725;100.0;3.6;3.6;31.2;31.2;95;85;52.8;18.6;70;67;51.1;15.0;1;108;68
5984;145;145;7;1;4;-4;2;0;1;0;0;0;0;8;2;1;7;61;62;54;12;6830;1048;19;89.4;2.6;4.7;33.7;25.8;117;93;55.7;6.1;89;60;59.7;10.2;0;4;2
5988;140;140;3;0;0;-5;0;0;0;0;0;0;0;4;0;0;1;44;50;33;3;2228;0;0;88.4;1.6;9.7;17.8;46.9;18;50;26.5;-4.5;15;35;30.0;-0.2;0;40;16
5990;57;12;7;3;0;-2;0;0;0;0;0;0;0;0;0;0;1;57;56;54;12;3511;81;0;91.0;3.1;5.1;46.1;32.8;65;41;61.3;5.2;53;37;58.9;1.7;1;34;17
5991;133;26;8;2;2;-7;0;0;0;0;0;0;0;9;2;3;4;67;62;61;23;7940;399;555;90.4;1.4;4.1;34.0;29.9;128;132;49.2;6.7;100;95;51.3;7.0;1;119;58
5995;147;9;5;0;0;0;0;0;0;0;0;0;0;7;2;4;7;62;46;82;6;5451;0;196;103.7;2.0;2.0;19.2;29.7;60;94;39.0;-4.1;40;70;36.4;-8.3;0;0;0
5996;133;133;2;0;0;-1;0;0;0;0;0;0;0;1;1;0;0;47;48;44;1;775;0;127;66.7;0.0;4.6;9.3;13.9;3;12;20.0;-20.2;3;6;33.3;-6.8;0;4;2
5997;88;124;9;6;12;9;2;2;3;0;0;0;0;22;1;4;19;90;83;91;47;9797;1676;312;99.6;5.9;2.6;46.7;19.8;216;110;66.3;10.8;170;73;70.0;14.0;1;195;130
6000;148;148;3;0;3;1;0;0;0;0;0;0;0;2;0;0;0;56;55;50;0;1290;0;0;141.8;8.4;5.6;14.0;30.7;12;26;31.6;-24.9;9;19;32.1;-26.7;0;10;5
6005;1;1;4;1;2;-2;0;0;2;0;0;0;0;4;3;1;2;64;60;64;2;1967;526;0;96.0;1.8;3.7;32.9;38.4;39;31;55.7;3.3;22;27;44.9;-6.5;0;1;1
6006;109;109;5;0;2;-3;22;0;0;0;0;2;1;10;1;3;17;80;56;97;10;5916;1093;318;99.9;1.8;3.0;24.9;40.8;68;128;34.7;-7.9;52;92;36.1;-7.6;0;0;0
6007;132;12;5;1;5;3;13;0;2;0;0;1;1;16;2;2;1;75;67;72;13;5211;337;149;110.3;4.8;2.8;23.5;26.9;69;74;48.3;-5.2;45;53;45.9;-5.0;0;69;29
6009;102;102;4;2;0;-5;0;1;0;0;0;0;0;8;1;1;7;65;63;59;4;3650;388;14;94.0;1.0;5.9;17.8;51.3;36;86;29.5;-8.4;28;68;29.2;-8.4;0;4;1
6015;126;126;3;0;0;-2;0;0;0;0;0;0;0;2;1;1;8;64;48;82;1;3198;0;224;95.0;0.0;2.3;16.9;45.0;35;69;33.7;5.0;28;56;33.3;5.4;0;0;0
6017;78;1;13;3;8;3;17;1;1;0;1;3;0;16;3;4;21;72;63;78;36;15210;397;1247;102.0;3.1;2.4;32.9;32.2;259;259;50.0;3.9;192;185;50.9;5.1;1;277;145
6021;85;85;11;2;4;-4;21;0;0;0;0;1;0;29;3;12;21;84;66;89;28;11677;648;1224;95.7;2.2;3.4;28.1;28.4;175;175;50.0;12.8;126;130;49.2;11.6;1;236;121
6023;133;133;8;2;0;-5;0;0;0;0;0;0;0;10;2;0;3;56;54;49;8;6134;0;442;94.8;1.8;4.7;21.7;35.2;77;107;41.8;-3.9;58;81;41.7;-6.5;0;0;0
6027;57;12;11;5;6;0;6;2;2;0;0;0;0;21;5;2;8;72;66;74;42;9969;2500;453;93.7;3.3;3.3;39.4;22.4;194;125;60.8;2.4;143;94;60.3;1.7;0;15;6
6028;85;85;9;3;1;-5;10;1;0;0;0;2;1;9;1;6;9;69;62;66;27;8666;1214;1179;95.0;2.5;4.6;27.8;32.8;119;148;44.6;7.7;88;111;44.2;7.0;0;17;9
6032;131;1;15;5;5;9;22;2;0;0;0;4;2;21;5;5;4;72;66;71;46;16094;422;814;102.7;3.1;1.1;40.0;21.7;326;195;62.6;1.5;243;141;63.3;2.3;1;229;115
6034;90;1;4;0;2;-2;5;0;0;0;0;1;1;6;0;5;14;76;57;96;5;4691;392;438;95.0;3.8;5.4;30.7;30.7;74;72;50.7;15.9;54;57;48.6;11.7;0;0;0
6035;102;102;4;0;1;-3;0;0;0;0;0;0;0;5;0;0;2;63;58;63;3;2877;121;585;96.1;1.3;5.0;18.8;47.5;29;66;30.5;-6.3;24;54;30.8;-5.7;0;5;3
6037;93;93;16;8;6;17;41;1;0;0;1;5;1;22;4;11;37;79;59;93;44;18315;2799;1472;103.6;5.5;2.6;39.3;24.6;350;216;61.8;-2.6;265;167;61.3;-3.1;2;0;0
6042;95;95;4;2;2;-2;15;1;1;0;0;3;2;7;1;3;4;80;69;85;11;4153;492;406;95.1;1.7;3.5;25.1;29.5;52;54;49.1;12.5;41;42;49.4;12.4;1;2;1
6043;142;23;15;4;9;3;7;0;0;0;1;1;0;31;5;10;10;67;62;68;36;15312;6;1531;99.2;3.1;2.6;31.5;24.7;246;189;56.6;0.9;186;134;58.1;3.1;0;193;85
6046;94;94;15;8;14;7;6;1;4;0;0;0;0;49;4;4;15;91;75;95;63;17202;2574;1240;97.5;4.6;3.1;41.4;23.0;368;200;64.8;18.7;278;158;63.8;18.2;1;320;158
6050;100;100;4;5;1;0;0;2;0;1;0;0;0;7;2;4;7;71;61;83;19;4303;814;369;95.4;1.7;2.5;31.0;25.1;72;68;51.4;29.9;44;45;49.4;27.8;0;4;1
6055;145;145;8;1;1;-2;6;0;0;0;0;0;0;1;3;0;2;52;51;51;6;3650;382;86;100.6;3.9;5.9;29.6;46.4;51;78;39.5;-15.4;44;64;40.7;-15.3;0;37;11
6056;131;1;15;1;4;2;2;0;0;0;0;0;0;7;4;5;3;60;54;63;21;8013;0;173;100.0;2.7;1.8;38.6;25.6;159;125;56.0;-6.6;116;88;56.9;-5.8;0;93;41
6058;133;26;8;0;0;0;2;0;0;0;0;0;0;12;0;3;13;63;50;80;5;7317;0;468;98.9;2.5;2.5;36.9;31.5;117;111;51.3;9.2;97;80;54.8;11.8;0;0;0
6060;148;148;6;2;2;5;4;0;0;0;0;0;0;6;3;0;0;58;52;58;6;2865;0;150;123.3;7.5;1.3;28.9;45.2;37;67;35.6;-20.0;27;51;34.6;-19.4;1;23;7
6061;126;126;3;0;0;-4;2;0;0;0;0;0;0;0;0;1;4;53;50;58;2;1511;0;0;84.6;0.0;9.5;9.5;61.9;5;44;10.2;-23.5;5;31;13.9;-18.5;0;0;0
6063;126;126;3;0;0;-3;0;0;0;0;0;0;0;4;0;1;2;59;56;56;2;2384;265;0;90.0;0.0;4.5;18.1;45.3;29;48;37.7;9.6;23;40;36.5;9.0;0;3;1
6073;75;20;10;3;6;9;2;1;1;0;0;0;0;14;1;7;21;79;71;85;35;11303;1217;885;104.5;4.1;1.0;47.8;22.9;273;126;68.4;15.9;203;97;67.7;14.8;1;22;12
6074;135;2;11;4;4;1;4;0;0;0;0;0;0;14;5;2;13;75;65;78;37;12403;352;1162;100.5;2.9;2.6;30.5;29.0;208;188;52.5;3.6;146;141;50.9;3.8;1;187;99
6075;103;8;17;12;12;23;62;0;3;0;0;10;2;22;1;7;11;73;70;75;62;18301;1293;1110;101.9;5.9;1.4;50.8;14.2;505;138;78.5;10.8;366;100;78.5;9.6;2;30;12
6078;143;18;3;0;0;1;5;0;0;0;0;1;0;4;1;2;8;65;54;80;5;2008;0;126;107.7;1.8;0.0;23.3;30.5;27;37;42.2;-7.2;25;27;48.1;-0.6;0;0;0
6084;147;147;3;0;1;0;2;0;0;0;0;0;0;2;0;0;1;59;48;73;1;2857;0;0;102.8;3.8;3.8;30.2;39.1;34;59;36.6;-9.1;27;46;37.0;-9.8;0;0;0
6086;145;145;4;0;0;-7;0;0;0;0;0;0;0;8;0;1;6;52;52;42;7;2945;0;481;78.1;0.0;8.6;34.2;39.1;59;55;51.8;5.0;48;40;54.5;6.6;0;15;5
6089;134;134;4;1;1;-3;0;0;0;0;0;0;0;3;0;0;2;57;57;44;9;3110;509;0;92.7;3.5;6.9;22.0;30.1;32;54;37.2;-14.9;23;35;39.7;-14.1;0;0;0
6091;126;126;3;0;0;-4;2;0;0;0;0;0;0;1;1;0;3;48;48;49;1;2943;0;216;90.0;0.0;4.9;15.9;48.9;29;71;29.0;-1.8;22;59;27.2;-3.8;0;0;0
6094;144;8;6;2;2;-3;7;1;0;0;0;1;1;8;0;5;6;64;55;72;12;7271;517;368;95.5;2.5;4.0;30.2;31.2;109;121;47.4;-2.3;80;88;47.6;-3.1;0;0;0
6095;18;18;7;1;1;0;0;0;0;0;0;0;0;10;9;2;4;59;55;60;9;5311;0;0;98.3;2.7;2.7;31.9;26.4;77;61;55.8;-4.1;63;46;57.8;-3.5;1;0;0
6097;144;144;2;0;0;0;0;0;0;0;0;0;0;0;0;1;0;55;52;56;3;1081;0;0;98.9;3.3;3.3;33.3;30.0;20;21;48.8;3.6;13;15;46.4;-2.2;0;0;0
6104;58;24;7;1;1;1;6;0;0;0;0;0;0;10;1;4;13;70;51;89;5;9002;0;509;101.5;3.2;2.8;26.0;26.0;98;126;43.8;-3.5;80;90;47.1;-0.1;0;1;0
6105;0;0;7;2;2;0;4;0;0;0;0;0;0;6;6;3;3;63;61;62;8;5882;0;104;104.8;3.1;3.1;22.0;33.7;65;93;41.1;0.3;42;71;37.2;-2.9;1;2;0
6106;93;93;16;2;16;27;0;0;1;0;0;0;0;14;3;4;6;65;64;62;37;16229;855;510;110.5;7.1;1.1;43.3;18.9;341;164;67.5;5.8;244;115;68.0;6.6;1;32;13
6107;89;89;5;3;2;-4;0;1;0;0;0;0;0;7;0;4;9;78;69;76;15;5464;793;252;96.1;4.0;6.6;27.7;36.2;71;94;43.0;12.2;53;72;42.4;15.1;0;16;7
6109;58;24;7;2;1;1;0;1;1;0;0;0;0;9;1;6;4;75;62;87;16;7192;1405;67;102.1;1.0;0.5;22.5;21.5;86;89;49.1;4.2;62;65;48.8;2.3;0;114;60
6114;64;64;10;4;4;3;54;0;3;0;0;10;7;13;3;1;4;77;75;76;38;10182;1298;456;99.9;2.8;1.8;35.0;21.6;201;117;63.2;11.2;148;82;64.3;12.8;0;25;17
6117;148;148;9;2;2;6;11;0;0;0;0;1;0;15;2;0;0;53;51;54;6;4535;0;267;118.9;7.1;2.4;27.8;34.9;60;86;41.1;-13.7;44;62;41.5;-12.7;1;57;30
6120;147;147;5;0;1;-3;0;0;0;0;0;0;0;2;2;1;7;47;48;46;1;3865;0;79;95.8;1.9;4.7;26.1;41.0;38;79;32.5;-12.1;33;57;36.7;-7.3;0;0;0
6121;82;124;19;5;14;13;43;1;2;0;0;7;1;42;3;5;16;72;68;70;56;21406;685;1109;104.6;4.0;1.8;34.6;26.2;440;263;62.6;11.0;291;210;58.1;6.1;0;30;9
6123;145;145;6;0;2;-2;0;0;0;0;0;0;0;2;1;0;1;53;55;45;10;6158;248;144;97.0;4.1;5.3;29.2;31.0;92;97;48.7;-7.6;71;76;48.3;-8.0;0;0;0
6127;145;3;2;0;0;-2;0;0;0;0;0;0;0;3;0;0;3;57;49;66;3;1913;0;61;87.5;0.0;3.8;20.7;30.1;25;32;43.9;-6.8;19;22;46.3;-8.1;0;0;0
6129;82;82;19;10;15;14;8;0;0;0;1;0;0;28;9;8;34;75;74;69;55;21677;790;1134;104.7;4.0;1.8;34.2;26.2;448;269;62.5;10.9;297;217;57.8;5.7;3;63;27
6130;58;24;7;2;2;1;0;0;1;0;0;0;0;12;1;2;8;75;64;80;19;8880;412;863;102.9;2.4;2.0;23.5;27.2;109;136;44.5;-2.5;82;97;45.8;-2.0;0;135;65
6131;140;140;3;2;1;0;2;0;0;0;0;0;0;2;0;2;4;64;57;64;4;3226;62;47;113.1;4.5;4.5;21.2;55.8;27;87;23.7;-9.5;24;66;26.7;-5.3;0;38;16
6137;8;8;7;0;6;4;2;0;0;0;0;0;0;4;10;8;7;66;57;72;20;6595;0;587;105.4;3.8;1.6;39.3;38.2;117;106;52.5;1.1;86;81;51.5;-2.7;0;94;43
6141;60;18;10;0;3;-2;2;0;0;0;0;0;0;11;0;6;39;75;51;91;14;11659;0;1263;96.9;2.8;3.4;33.3;29.6;170;173;49.6;-1.4;144;129;52.7;2.6;0;0;0
6145;64;124;10;3;5;1;25;0;2;0;0;5;2;12;5;2;21;83;60;94;27;12136;1746;859;99.6;3.3;3.0;26.7;23.4;191;148;56.3;1.1;139;111;55.6;0.0;0;0;0
6148;68;68;9;4;6;6;9;1;1;0;0;1;0;31;2;2;28;79;55;97;24;10452;1762;965;107.2;3.1;1.0;26.5;23.1;154;148;51.0;15.9;107;109;49.5;15.0;0;0;0
6150;75;75;10;4;8;10;14;3;2;0;0;2;0;11;3;1;10;70;68;71;32;11086;1313;237;104.5;4.9;1.3;47.7;22.7;244;125;66.1;11.9;191;90;68.0;14.8;0;1;1
6156;127;31;3;0;2;-2;0;0;0;0;0;0;0;6;0;0;2;67;51;88;7;3441;0;103;95.5;1.0;3.1;32.4;40.8;56;61;47.9;-23.0;40;47;46.0;-23.0;0;0;0
6157;135;2;9;1;1;5;2;1;0;0;0;0;0;11;6;3;11;60;49;71;12;9362;1017;519;106.1;3.5;1.5;32.7;34.2;164;141;53.8;5.1;112;113;49.8;1.6;0;0;0
6160;101;101;8;2;4;2;10;1;0;0;0;2;0;17;2;4;6;77;69;81;29;6805;1391;392;99.0;4.2;3.2;34.4;23.8;109;88;55.3;1.1;84;64;56.8;1.3;1;0;0
6165;133;133;1;0;0;-2;0;0;0;0;0;0;0;2;0;0;0;59;46;71;0;867;0;48;81.8;0.0;8.3;8.3;45.7;4;16;20.0;-16.5;2;12;14.3;-26.5;0;0;0
6169;134;21;4;0;1;-2;0;0;0;0;0;0;0;9;2;1;3;61;56;61;5;3827;311;200;96.6;1.9;3.8;25.4;34.8;49;68;41.9;-9.9;32;50;39.0;-16.6;0;3;0
6171;133;133;8;1;1;-6;4;0;0;0;0;0;0;6;4;1;5;55;53;51;17;7644;0;182;90.9;1.4;4.2;34.4;32.0;126;129;49.4;6.9;99;94;51.3;7.0;0;1;0
6173;72;72;2;0;1;1;5;0;0;0;0;1;1;0;0;0;0;67;61;69;4;972;114;81;106.3;3.7;0.0;59.3;7.4;30;5;85.7;2.5;23;3;88.5;4.0;0;11;7
6175;89;89;6;2;1;-2;16;1;1;0;0;2;1;6;0;5;12;77;61;90;14;6695;970;349;98.8;2.7;3.8;25.3;31.7;107;105;50.5;22.9;66;77;46.2;19.1;0;0;0
6178;151;151;4;0;0;-4;7;0;0;0;0;1;0;8;2;1;6;49;47;50;1;3795;0;433;91.5;0.9;4.7;23.7;37.9;57;77;42.5;-4.0;35;53;39.8;-7.2;0;0;0
6190;112;112;5;1;4;2;2;0;1;0;0;0;0;9;1;4;4;96;74;99;22;6604;842;725;102.3;3.3;2.2;36.5;32.7;113;100;53.1;8.3;87;85;50.6;7.5;0;0;0
6192;126;126;3;0;0;-4;2;0;0;0;0;0;0;2;1;0;1;52;49;54;0;1499;0;15;84.0;0.0;9.6;9.6;60.0;5;43;10.4;-23.1;5;30;14.3;-18.0;0;3;2
6193;20;20;7;0;0;-3;0;0;0;0;0;0;0;4;5;2;4;55;49;60;4;2948;35;0;89.3;0.0;3.7;25.6;34.2;31;51;37.8;-4.0;24;33;42.1;-1.0;0;44;23
6197;145;145;5;0;0;-2;2;0;0;0;0;0;0;1;0;1;0;61;57;63;10;3908;392;86;93.8;0.9;2.8;29.5;29.5;60;53;53.1;3.1;41;45;47.7;-5.3;0;1;0
6199;71;71;4;3;0;1;0;2;0;0;0;0;0;3;2;0;0;61;59;57;11;3165;641;166;108.9;2.3;1.1;20.5;51.2;34;85;28.6;0.4;26;64;28.9;-0.0;0;3;2
6201;72;72;18;7;11;10;16;0;0;0;0;0;0;10;2;9;16;78;73;75;66;17242;861;1047;98.3;4.0;1.9;49.1;19.2;462;171;73.0;6.9;340;122;73.6;7.0;1;256;131
6202;71;71;4;0;3;-5;0;0;1;0;0;0;0;2;0;0;8;64;58;68;4;4008;506;37;96.1;1.8;6.3;19.8;48.5;41;97;29.7;2.0;32;71;31.1;3.1;0;77;37
6204;69;69;4;1;0;-4;12;0;0;0;0;2;0;4;0;1;11;68;58;77;3;4132;645;216;110.1;2.6;6.1;12.2;54.0;34;129;20.9;6.2;23;97;19.2;3.4;0;76;36
6207;147;147;4;2;0;0;0;0;0;0;0;0;0;0;0;0;3;52;53;46;2;2768;0;0;115.7;3.9;3.9;14.3;33.8;22;52;29.7;-14.0;14;33;29.8;-15.2;0;2;1
6211;83;83;9;2;8;17;2;0;1;0;0;0;0;9;6;3;7;79;61;93;25;11098;320;1049;111.5;6.2;0.6;42.2;20.8;236;116;67.0;10.0;181;85;68.0;9.9;2;0;0
6212;78;78;16;5;2;-3;11;0;0;0;0;1;0;10;4;6;24;61;55;67;25;12455;9;331;100.9;2.9;3.8;29.8;42.5;189;273;40.9;-6.6;144;197;42.2;-5.4;2;38;22
6213;134;134;4;1;1;0;0;0;0;0;0;0;0;2;0;2;5;60;53;63;7;1966;0;0;98.3;1.8;1.8;40.3;29.3;36;31;53.7;5.8;27;23;54.0;3.8;0;27;12
6219;144;8;6;2;1;0;0;0;0;0;0;0;0;4;2;0;3;57;56;52;11;3552;0;68;107.6;5.1;5.1;22.3;33.4;39;61;39.0;-11.8;27;40;40.3;-10.9;0;7;3
6221;140;17;2;0;0;0;0;0;0;0;0;0;0;3;1;1;1;59;49;67;5;2655;180;68;102.9;4.1;4.1;33.9;44.7;34;52;39.5;17.3;30;44;40.5;18.5;0;0;0
6224;71;71;4;0;1;-7;7;0;0;0;0;1;0;9;1;6;11;73;58;82;8;4388;255;154;91.0;1.6;7.4;19.7;42.7;49;107;31.4;4.6;36;77;31.9;4.4;0;66;32
6226;1;1;7;2;3;2;7;0;0;0;0;1;1;2;4;7;1;66;62;65;17;7246;0;201;102.3;3.5;2.5;37.8;35.8;110;113;49.3;-0.2;85;82;50.9;2.7;0;91;36
6240;144;8;6;2;3;0;2;0;0;0;0;0;0;10;5;2;5;72;66;78;26;6532;509;274;95.9;2.8;2.8;41.9;25.9;123;86;58.9;15.1;98;64;60.5;17.0;0;3;2
6241;64;64;10;2;5;6;27;0;0;0;0;5;2;13;1;3;8;65;55;75;23;10396;169;1032;94.4;4.5;2.4;45.4;15.6;240;90;72.7;25.6;173;65;72.7;25.3;1;0;0
6242;78;78;16;1;9;3;0;0;1;0;0;0;0;19;2;4;22;58;51;62;33;20529;1432;1617;99.4;3.7;3.2;34.9;28.4;378;319;54.2;13.5;276;232;54.3;13.1;0;0;0
6243;140;140;3;0;1;-2;0;0;0;0;0;0;0;2;0;0;3;58;55;58;0;1679;62;67;110.0;2.1;6.4;10.7;64.3;12;48;20.0;-12.2;6;40;13.0;-20.8;0;0;0
6244;0;0;7;0;0;-8;0;0;0;0;0;0;0;3;4;3;0;57;55;57;2;3820;0;166;80.0;0.0;7.5;21.7;37.7;35;65;35.0;-6.9;28;48;36.8;-3.0;0;0;0
6245;71;28;4;0;4;-5;2;0;3;0;0;0;0;13;2;4;18;94;63;99;9;5018;634;392;91.1;0.7;4.3;18.7;33.7;59;98;37.6;13.7;43;64;40.2;16.2;0;0;0
6247;134;21;4;1;2;2;0;0;0;0;0;0;0;6;1;2;16;82;65;95;15;4606;589;225;101.1;3.1;1.6;32.0;18.0;69;59;53.9;7.4;52;33;61.2;14.6;0;0;0
6249;134;21;4;1;0;-3;10;0;0;0;0;2;1;12;0;3;6;63;56;69;2;3088;78;128;93.6;3.5;7.0;19.8;29.1;28;52;35.0;-17.3;22;32;40.7;-12.5;0;4;1
6255;114;114;8;6;2;0;9;1;1;0;0;1;0;11;0;1;12;89;71;93;34;7050;2351;968;98.9;3.6;3.6;33.7;30.6;135;109;55.3;-2.0;101;83;54.9;-0.7;0;87;42
6257;144;144;6;0;0;-1;2;0;0;0;0;0;0;2;0;0;0;67;57;74;13;5797;517;138;98.4;1.9;2.5;24.2;26.7;72;88;45.0;-5.2;53;67;44.2;-7.3;0;66;37
6258;58;24;7;0;0;-1;2;0;0;0;0;0;0;8;2;4;3;72;56;83;5;5752;338;353;101.3;2.5;3.1;20.7;28.8;60;83;42.0;-5.2;44;65;40.4;-8.6;0;68;27
6261;144;144;4;0;0;0;0;0;0;0;0;0;0;5;0;1;2;74;59;84;6;3797;29;280;100.0;0.9;0.9;22.8;22.8;46;53;46.5;-8.1;32;42;43.2;-11.3;0;0;0
6263;145;3;2;0;0;-2;0;0;0;0;0;0;0;2;0;0;1;65;55;63;4;2069;137;0;87.5;0.0;3.5;33.1;27.8;33;37;47.1;-2.5;27;23;54.0;2.2;0;23;12
6266;130;14;3;2;0;3;0;0;0;0;0;0;0;0;2;0;1;57;54;60;5;2763;0;91;118.9;6.5;2.6;26.1;43.0;23;62;27.1;-9.2;22;38;36.7;-1.5;0;0;0
6272;80;80;6;3;5;5;10;0;0;1;0;2;1;17;2;3;5;77;69;74;19;6679;200;422;99.5;5.4;3.2;45.8;26.4;134;98;57.8;16.2;104;75;58.1;17.1;1;114;50
6273;20;20;7;0;0;-7;0;0;0;0;0;0;0;12;3;5;8;56;54;56;7;6815;246;194;91.9;1.6;5.3;27.5;38.0;88;114;43.6;3.2;60;84;41.7;-1.8;0;0;0
6274;79;79;4;1;1;-3;7;0;0;0;0;1;0;4;1;2;13;65;53;81;7;4182;143;468;94.5;2.6;5.2;28.4;35.3;59;74;44.4;9.3;44;54;44.9;10.1;0;0;0
6275;144;8;5;1;1;3;0;0;0;0;0;0;0;3;3;2;4;59;52;62;7;4573;76;308;102.5;5.5;3.1;37.8;26.0;78;69;53.1;4.8;61;46;57.0;10.0;1;0;0
6286;134;134;4;0;0;-3;0;0;0;0;0;0;0;1;0;1;1;53;50;53;0;2086;0;128;91.6;1.7;6.9;29.3;48.3;27;45;37.5;-13.9;20;35;36.4;-17.9;0;0;0
6289;121;121;11;4;11;2;23;2;5;0;0;3;0;21;2;4;19;82;72;86;45;10779;2308;871;99.9;3.0;2.3;33.4;25.7;191;155;55.2;11.1;145;106;57.8;13.3;1;176;87
6295;142;23;15;5;5;4;2;1;0;0;0;0;0;9;2;8;4;67;67;62;38;16689;381;457;101.2;4.1;3.2;33.7;29.6;309;232;57.1;1.8;221;185;54.4;-2.2;0;2;1
6298;99;99;12;7;12;16;46;0;2;0;0;8;4;10;3;2;8;85;71;92;32;11265;1563;503;112.8;6.7;1.6;34.5;24.0;217;129;62.7;16.9;153;96;61.4;15.4;0;220;117
6299;58;24;7;0;1;-2;2;0;0;0;0;0;0;11;0;3;11;71;51;90;13;7991;10;890;99.1;1.8;2.7;23.0;31.1;92;122;43.0;-4.5;67;94;41.6;-8.1;0;0;0
6303;113;113;5;2;4;-5;0;2;4;0;0;0;0;5;0;9;21;84;68;95;29;6083;1420;726;84.2;1.8;4.1;37.3;20.1;118;68;63.4;33.3;94;47;66.7;35.6;0;0;0
6307;33;29;5;0;1;0;0;0;0;0;0;0;0;1;1;0;1;54;51;52;8;4346;0;249;101.4;4.1;4.1;29.8;33.1;76;78;49.4;3.0;55;58;48.7;0.9;0;0;0
6310;145;3;8;1;3;-5;2;0;0;0;0;0;0;4;2;1;10;65;59;66;12;7659;0;195;89.3;1.4;3.8;24.9;23.0;117;103;53.2;0.9;85;69;55.2;2.5;0;120;65
6311;127;31;3;1;0;0;0;0;0;0;0;0;0;1;0;1;2;66;63;56;7;3068;91;0;96.1;1.2;1.2;42.2;17.6;63;28;69.2;9.3;49;19;72.1;16.8;0;3;1
6315;82;3;19;7;11;13;21;1;1;1;0;3;0;41;1;6;8;72;67;70;52;21799;713;1514;104.4;4.0;2.0;34.0;27.2;452;276;62.1;10.4;296;220;57.4;5.1;3;374;200
6317;106;106;14;9;14;4;10;5;1;0;0;0;0;20;7;13;28;86;89;85;77;15993;2590;778;95.3;3.4;2.5;43.4;19.8;373;164;69.5;17.6;280;118;70.4;19.5;1;7;1
6320;135;2;11;2;2;2;5;0;0;0;0;1;0;24;3;1;6;61;56;63;21;9221;23;1288;103.2;2.7;2.0;32.4;37.5;169;158;51.7;2.1;119;123;49.2;1.2;0;5;3
6323;133;133;8;0;0;-5;16;0;0;0;0;0;0;4;4;1;3;57;48;55;2;3712;0;0;92.1;1.0;5.8;13.6;38.8;25;68;26.9;-20.3;17;52;24.6;-25.1;0;4;1
6324;140;140;3;0;2;-5;0;0;0;0;0;0;0;1;0;0;7;49;51;42;2;3489;0;47;88.1;0.0;5.2;12.4;43.3;24;71;25.3;-6.6;17;51;25.0;-7.0;0;0;0
6325;134;134;4;1;0;1;2;0;0;0;0;0;0;4;1;0;2;58;54;59;4;3397;390;0;103.5;2.1;1.1;27.6;25.4;47;53;47.0;-2.5;33;36;47.8;-4.0;1;0;0
6326;144;8;4;0;0;-4;0;0;0;0;0;0;0;4;2;0;0;48;49;42;1;1827;0;29;77.8;0.0;7.9;19.7;35.5;22;36;37.9;-10.5;15;29;34.1;-15.7;0;3;2
6329;134;21;4;1;2;0;0;0;0;0;0;0;0;13;2;0;2;66;65;53;12;4352;15;200;95.4;2.5;2.5;38.1;22.3;84;52;61.8;19.5;64;34;65.3;21.9;0;7;6
6330;58;24;7;3;3;0;2;0;1;0;0;0;0;10;5;4;8;72;62;83;18;8398;1415;18;100.6;2.1;2.1;23.6;25.3;103;124;45.4;-1.0;79;87;47.6;0.7;0;8;3
6332;151;151;1;0;0;-2;2;0;0;0;0;0;0;1;0;0;0;47;49;46;0;947;0;95;84.6;0.0;7.6;22.8;49.4;18;25;41.9;-1.2;8;15;34.8;-10.7;0;0;0
6334;140;140;3;0;0;-3;0;0;0;0;0;0;0;1;1;0;0;52;50;47;1;2176;0;55;90.0;0.0;5.0;11.6;49.6;19;50;27.5;-3.1;12;43;21.8;-10.5;0;28;15
6336;12;12;7;1;1;1;7;0;0;0;0;1;0;11;3;3;13;58;56;63;12;8175;0;0;103.7;5.3;4.8;31.7;37.4;100;137;42.2;-8.9;79;104;43.2;-5.1;1;0;0
6341;107;107;4;1;1;-2;14;0;0;0;0;0;0;7;0;0;6;69;61;74;8;3935;419;135;98.2;0.9;2.7;20.1;43.0;48;92;34.3;-0.6;36;74;32.7;-2.8;0;58;32
6343;89;89;6;0;3;-4;26;0;0;0;0;4;2;10;0;3;7;69;62;76;16;5646;520;0;95.1;1.9;4.5;30.6;40.2;94;112;45.6;15.6;67;90;42.7;14.8;0;1;0
6346;127;31;3;0;0;0;0;0;0;0;0;0;0;9;0;1;2;77;51;97;6;3696;85;35;90.3;1.0;1.0;35.1;7.8;77;21;78.6;23.0;51;14;78.5;25.4;0;0;0
6348;121;121;7;2;5;5;6;0;1;0;0;0;0;12;1;6;5;82;74;85;21;8220;1163;684;102.9;4.8;2.6;36.8;25.8;166;118;58.5;21.6;119;82;59.2;21.5;0;8;4
6353;111;111;3;1;0;-5;0;1;0;0;0;0;0;4;2;2;6;70;63;76;7;2709;197;131;82.8;0.0;6.6;31.9;38.5;38;49;43.7;12.5;31;37;45.6;16.0;0;7;3
6354;140;140;3;0;0;-2;0;0;0;0;0;0;0;3;0;0;3;61;52;64;5;3155;32;95;97.0;1.1;3.4;14.8;31.9;28;58;32.6;3.3;19;41;31.7;2.0;0;12;10
6357;110;110;14;12;5;13;8;1;0;0;0;0;0;19;2;1;10;70;69;66;56;14228;748;125;100.1;5.3;2.0;48.8;18.7;366;144;71.8;15.6;270;101;72.8;18.0;2;4;2
6358;105;3;5;1;0;-1;2;0;0;0;0;0;0;8;0;2;20;76;58;92;18;6034;1191;523;101.6;2.4;3.0;24.5;36.4;87;114;43.3;5.5;64;82;43.8;6.7;0;3;2
6360;1;1;7;6;2;4;0;0;0;0;0;0;0;4;2;5;4;63;62;60;12;5411;26;147;104.7;6.7;4.0;42.6;36.6;95;96;49.7;0.4;74;69;51.7;3.7;1;80;36
6361;131;1;12;3;6;11;21;0;0;0;0;1;1;23;2;5;7;79;68;85;29;12764;341;857;105.4;3.9;0.8;41.7;20.9;260;150;63.4;5.7;191;114;62.6;4.4;1;166;93
6363;114;114;13;2;11;7;41;0;1;0;0;7;4;18;7;8;24;78;64;81;31;11920;1711;1146;103.1;4.2;2.1;39.9;28.1;253;171;59.7;2.4;188;126;59.9;3.8;0;26;17
6370;147;9;5;0;3;0;0;0;0;0;0;0;0;6;1;3;10;72;61;77;9;5248;190;185;102.4;2.7;2.7;24.7;31.6;66;81;44.9;4.4;52;64;44.8;3.7;0;73;41
6375;120;120;5;1;1;-5;5;1;0;0;0;1;0;4;1;2;6;68;55;84;6;5748;299;650;90.1;1.3;4.4;26.9;30.1;84;88;48.8;7.0;59;65;47.6;3.7;0;0;0
6381;27;27;7;0;1;-5;2;0;0;0;0;0;0;1;4;5;1;59;53;67;6;6141;9;0;91.8;0.6;3.5;33.4;35.2;100;101;49.8;-1.1;71;71;50.0;-1.4;0;83;50
6385;120;120;10;3;4;5;5;0;1;0;0;1;0;10;1;4;15;69;64;69;27;9625;806;713;105.5;3.7;1.9;32.2;30.7;154;144;51.7;4.0;121;104;53.8;5.0;0;3;1
6389;126;126;3;0;0;-4;0;0;0;0;0;0;0;2;0;0;1;53;50;52;1;1532;0;0;83.3;0.0;9.4;9.4;56.4;6;41;12.8;-20.3;5;29;14.7;-17.4;0;34;11
6391;148;30;2;0;0;-3;0;0;0;0;0;0;0;0;1;0;2;42;45;38;2;2106;28;66;85.7;0.0;5.1;25.6;35.9;29;48;37.7;-5.9;19;33;36.5;-4.8;0;0;0
6394;151;151;2;0;0;-1;0;0;0;0;0;0;0;2;2;0;0;50;42;59;1;1985;0;83;100.3;1.8;3.6;23.6;49.0;17;41;29.3;-20.0;14;36;28.0;-21.1;0;0;0
6399;12;12;7;1;5;2;0;0;3;0;0;0;0;16;7;3;0;68;67;67;9;6347;769;81;104.7;3.4;2.3;30.1;34.0;85;96;47.0;-1.7;62;70;47.0;0.5;0;2;1
6402;68;68;9;4;1;-2;5;2;0;0;0;1;0;8;3;2;10;69;60;75;10;6511;325;1020;104.2;2.8;3.9;19.9;39.8;69;137;33.5;-8.6;51;99;34.0;-6.6;2;109;58
6405;145;145;8;0;1;-4;2;0;0;0;0;0;0;5;2;2;5;56;50;62;13;8719;52;454;94.9;1.7;3.3;25.6;28.5;121;130;48.2;-6.2;90;97;48.1;-7.5;0;0;0
6416;109;109;5;6;3;3;9;2;1;0;0;1;0;8;2;2;3;69;67;69;23;5258;991;249;104.0;5.5;2.7;37.0;25.3;94;79;54.3;23.5;74;53;58.3;27.6;1;16;10
6417;145;145;4;0;0;1;0;0;0;0;0;0;0;4;0;1;1;58;51;61;3;1877;0;152;110.5;5.8;3.8;28.8;40.3;24;35;40.7;-21.7;21;29;42.0;-19.8;0;6;2
6418;117;117;10;5;2;5;7;0;0;0;0;1;0;16;3;1;9;62;60;58;23;10077;79;116;97.3;5.0;3.2;47.5;24.3;232;124;65.2;13.4;164;89;64.8;11.8;0;3;2
6419;151;151;2;0;0;-1;0;0;0;0;0;0;0;1;0;0;1;57;54;55;3;782;0;185;72.5;4.6;9.2;36.8;23.0;9;13;40.9;-8.0;8;8;50.0;3.0;0;2;1
6422;132;132;5;2;1;2;2;0;0;0;0;0;0;4;1;2;1;60;55;61;9;5167;91;361;103.5;2.8;1.4;34.1;30.0;83;69;54.6;4.3;67;55;54.9;8.8;0;0;0
6423;117;117;10;1;9;6;12;0;0;0;1;2;1;10;5;2;21;69;57;82;16;10311;604;653;104.3;4.5;2.4;36.7;30.4;198;171;53.7;-3.6;148;115;56.3;-0.6;0;0;0
6427;106;106;14;4;4;15;6;0;0;0;0;0;0;20;11;5;28;63;51;73;44;17469;626;2225;105.2;4.9;1.9;40.0;26.0;379;220;63.3;8.9;281;171;62.2;7.8;1;3;0
6429;106;106;14;5;14;4;34;1;5;0;0;6;0;23;4;5;8;78;74;76;51;15013;2349;574;93.3;3.6;2.6;47.2;18.5;366;148;71.2;19.8;277;103;72.9;22.8;0;312;177
6432;8;8;7;5;3;-4;0;3;1;0;0;0;0;10;4;11;2;71;67;71;19;7499;981;129;93.8;2.9;4.8;34.6;33.1;105;108;49.3;-3.3;85;80;51.5;-2.6;0;105;57
6435;54;10;9;2;8;4;2;1;0;0;0;0;0;15;4;2;12;70;64;74;24;9825;1673;528;101.6;5.5;3.7;33.3;24.5;163;136;54.5;5.6;120;100;54.5;5.8;1;0;0
6441;54;10;9;1;2;1;6;1;0;0;0;0;0;18;2;3;9;73;55;90;16;10649;470;482;100.3;2.0;1.7;30.8;26.7;186;140;57.1;9.6;138;107;56.3;8.8;1;0;0
6448;18;18;7;1;9;8;2;0;1;0;0;0;0;9;8;9;3;71;63;74;20;7955;74;131;107.6;5.4;1.8;38.9;28.5;145;100;59.2;0.1;108;72;60.0;-0.9;0;92;51
6453;29;29;7;3;4;6;0;0;0;0;0;0;0;10;8;3;2;68;70;62;15;5740;0;47;106.4;5.0;1.3;47.0;29.5;119;64;65.0;8.8;84;51;62.2;7.2;0;2;1
6454;131;1;15;3;7;8;4;0;2;0;0;0;0;15;4;5;6;70;67;68;36;15624;572;610;103.4;2.5;0.7;38.7;21.7;304;183;62.4;1.3;217;129;62.7;1.4;1;4;3
6455;33;29;5;1;1;3;2;0;0;0;0;0;0;5;2;2;4;62;59;61;11;5260;444;506;102.6;4.8;3.4;40.4;37.0;94;99;48.7;2.3;76;73;51.0;4.7;0;11;6
6457;27;27;7;3;6;0;4;0;1;0;0;0;0;11;8;4;8;75;82;62;20;7361;787;0;97.2;5.9;5.9;44.5;36.7;136;124;52.3;2.6;102;89;53.4;3.5;0;2;1
6460;58;24;1;0;0;-1;0;0;0;0;0;0;0;0;0;0;2;48;50;45;1;379;0;0;75.0;0.0;9.5;28.5;38.0;4;8;33.3;-22.2;3;5;37.5;-12.5;0;0;0
6463;132;12;4;2;1;0;0;2;1;0;0;0;0;1;0;0;1;64;65;56;11;3713;187;134;98.7;1.9;1.9;29.1;24.2;58;47;55.2;3.3;42;37;53.2;3.7;0;6;2
6465;1;1;7;1;3;-2;2;0;0;0;0;0;0;2;8;8;6;65;59;68;15;7420;145;544;97.7;3.9;4.9;36.9;37.8;125;126;49.8;0.5;88;92;48.9;-0.1;0;117;63
6466;29;29;7;2;1;-2;2;1;0;0;0;0;0;9;13;5;4;67;63;70;24;7376;747;434;95.1;1.0;2.0;35.1;25.4;121;85;58.7;0.1;84;64;56.8;-0.4;0;1;1
6467;43;17;4;1;2;-3;0;0;0;0;0;0;0;5;0;1;8;60;53;57;2;5003;83;365;97.6;3.6;5.8;25.9;35.3;68;76;47.2;7.4;52;63;45.2;8.5;0;0;0
6468;1;1;7;2;5;3;2;0;0;0;0;0;0;6;8;5;1;61;60;63;16;5879;1;32;105.6;4.9;3.1;36.7;39.8;97;108;47.3;-2.9;70;79;47.0;-2.7;1;0;0
6469;33;29;5;0;3;-2;2;0;0;0;1;0;0;8;1;0;9;58;54;58;13;5759;395;612;95.8;2.5;4.4;31.9;36.3;89;97;47.8;0.9;72;73;49.7;2.5;0;0;0
6471;126;124;3;0;0;-1;0;0;0;0;0;0;0;7;0;1;4;67;64;69;7;3175;250;0;96.9;0.0;1.1;15.9;36.3;35;61;36.5;8.7;23;43;34.8;6.9;0;0;0
6472;126;124;3;0;0;-3;0;0;0;0;0;0;0;4;2;2;2;51;49;53;2;2354;0;133;90.0;0.0;4.6;18.4;45.9;29;48;37.7;9.6;23;40;36.5;9.0;0;36;16
6473;142;23;15;5;5;7;4;0;1;0;0;0;0;8;2;4;5;65;62;61;24;12422;314;569;103.4;4.6;2.6;35.6;27.2;237;152;60.9;6.6;171;119;59.0;4.1;0;165;85
6474;45;28;13;1;3;-3;2;0;0;0;0;0;0;8;2;1;2;57;54;53;10;6816;89;1180;92.1;2.6;4.2;33.8;26.9;120;95;55.8;-0.7;94;72;56.6;0.5;0;39;17
6475;60;18;10;4;5;4;2;0;4;0;0;0;0;12;4;3;13;74;60;88;34;10695;1334;377;103.5;4.4;3.0;32.3;30.3;164;166;49.7;-1.1;128;122;51.2;0.2;1;0;0
6477;59;1;1;0;0;0;0;0;0;0;0;0;0;2;1;0;1;57;46;67;0;484;0;0;100.0;0.0;0.0;29.8;59.5;9;13;40.9;-6.1;6;11;35.3;-11.0;0;0;0
6478;151;152;1;0;0;-1;0;0;0;0;0;0;0;0;0;0;0;64;61;65;2;945;94;47;80.0;0.0;3.8;30.5;19.0;15;13;53.6;14.8;11;7;61.1;26.4;0;0;0
6483;55;9;10;1;2;2;0;0;0;0;0;0;0;10;1;1;20;64;50;80;13;9652;0;871;106.2;3.4;2.6;26.1;39.2;128;181;41.4;-6.3;96;132;42.1;-5.8;0;0;0
6487;56;21;11;1;0;-1;0;0;0;0;0;0;0;9;2;5;6;64;54;74;11;7948;0;1662;99.9;2.3;2.7;24.5;29.0;109;122;47.2;-7.6;80;91;46.8;-7.4;0;137;55
6488;59;1;1;0;0;0;0;0;0;0;0;0;0;0;0;1;0;56;50;66;1;565;72;0;100.0;0.0;0.0;25.5;57.3;9;17;34.6;-14.8;6;14;30.0;-19.0;0;0;0
6490;135;2;11;1;4;4;2;0;0;0;0;0;0;4;3;4;13;66;59;69;18;9331;498;79;106.3;2.7;1.2;30.1;42.8;163;173;48.5;-2.2;112;140;44.4;-5.5;0;13;7
6492;132;12;2;0;0;2;0;0;0;0;0;0;0;3;0;0;0;59;54;65;2;1258;0;248;112.5;5.7;0.0;45.8;22.9;32;14;69.6;19.6;23;8;74.2;28.4;0;2;1
6496;148;30;7;1;0;7;0;0;0;0;0;0;0;4;2;2;15;67;50;84;14;7578;121;587;105.6;6.2;2.9;40.9;29.9;157;113;58.1;-0.8;116;88;56.9;-0.8;0;0;0
6497;55;9;10;0;4;3;12;0;0;0;1;0;0;8;3;5;28;69;50;88;10;10526;164;1279;102.2;3.1;2.4;30.4;30.4;165;166;49.8;3.6;123;127;49.2;2.1;0;0;0
6498;1;1;7;0;2;-1;2;0;0;0;0;0;0;9;2;7;33;66;53;75;20;9274;183;478;98.7;2.7;3.1;32.6;32.2;152;158;49.0;-0.7;101;105;49.0;0.1;0;0;0
6500;40;20;1;0;0;0;0;0;0;0;0;0;0;3;0;0;5;69;50;91;2;1041;0;100;100.0;0.0;0.0;31.1;45.0;16;22;42.1;7.3;12;16;42.9;13.4;0;0;0
6501;27;27;7;1;5;-2;2;0;0;0;0;0;0;9;4;9;32;64;53;77;16;9229;211;765;97.5;3.9;4.7;37.4;36.3;168;162;50.9;0.6;118;108;52.2;1.9;0;0;0
6505;126;124;3;0;0;-1;0;0;0;0;0;0;0;6;2;1;5;66;55;74;9;3175;250;85;96.9;0.0;1.1;15.9;36.3;35;61;36.5;8.7;23;43;34.8;6.9;0;3;2
6508;148;30;7;0;2;0;2;0;0;0;0;0;0;11;0;4;7;54;51;56;15;7425;130;316;96.6;4.8;4.8;35.9;28.6;143;105;57.7;2.6;106;79;57.3;1.6;0;0;0
6509;57;12;11;3;3;-2;4;0;0;0;0;0;0;17;4;7;5;66;58;68;21;8722;903;485;94.9;2.9;3.7;31.4;26.0;143;114;55.6;-4.6;110;87;55.8;-4.3;0;137;69
6510;70;23;5;2;2;0;2;1;0;0;0;0;0;8;1;4;4;87;70;95;15;4997;906;806;92.5;2.2;2.2;31.7;15.1;94;41;69.6;26.6;74;32;69.8;26.2;0;64;34
6516;43;17;4;3;0;0;0;1;0;0;0;0;0;3;2;0;1;58;54;58;10;1868;207;0;105.7;5.8;5.8;28.9;40.5;28;34;45.2;3.1;18;26;40.9;1.1;0;8;3
6521;32;23;1;0;0;1;0;0;0;0;0;0;0;0;0;0;1;66;53;80;0;488;0;73;114.3;7.4;0.0;51.6;29.5;12;6;66.7;20.9;10;4;71.4;26.9;0;10;4
6522;1;1;7;2;6;-3;0;0;1;0;0;0;0;13;7;6;8;69;67;63;10;7402;794;145;96.8;3.9;5.3;37.0;38.9;121;125;49.2;-0.4;87;93;48.3;-0.9;1;0;0
6525;145;3;8;0;1;-4;4;0;0;0;0;0;0;5;0;3;0;60;58;57;7;5767;0;238;90.1;1.2;3.7;40.0;28.7;110;87;55.8;4.3;87;68;56.1;3.7;0;72;32
6526;38;14;1;0;0;0;0;0;0;0;0;0;0;0;0;0;1;57;50;64;0;828;20;106;100.0;0.0;0.0;17.4;39.1;7;14;33.3;-20.4;6;10;37.5;-19.6;0;0;0
6528;1;1;6;0;3;0;0;0;0;0;0;0;0;6;1;5;3;62;57;62;13;6301;127;217;101.5;3.4;2.9;40.6;41.1;108;100;51.9;2.9;77;79;49.4;-0.4;0;0;0
6529;127;31;3;0;0;-2;0;0;0;0;0;0;0;2;0;1;3;61;52;68;2;1539;0;103;83.3;0.0;4.7;23.4;28.1;21;17;55.3;-8.2;15;13;53.6;-7.6;0;0;0
6530;132;12;4;0;1;0;0;0;0;0;0;0;0;6;0;1;8;67;51;86;4;4787;331;295;100.0;2.3;2.3;26.3;26.3;76;71;51.7;-3.0;49;51;49.0;-5.1;0;0;0
6532;45;28;13;3;4;7;4;0;0;0;0;0;0;10;4;5;13;64;59;63;25;12640;0;1038;102.5;4.6;2.6;35.6;24.8;230;153;60.1;5.3;170;117;59.2;4.4;0;2;1
6533;45;31;13;1;2;4;2;0;0;0;0;0;0;20;3;2;16;66;60;69;17;9840;672;600;106.6;3.3;1.8;25.6;29.3;129;148;46.6;-12.6;90;107;45.7;-13.3;0;3;1
6535;127;31;3;0;0;-4;0;0;0;0;0;0;0;8;0;0;1;55;55;45;4;2048;0;58;75.0;0.0;7.0;35.2;28.1;43;25;63.2;0.9;30;20;60.0;-0.3;0;6;2
6537;132;12;4;0;1;2;0;0;0;0;0;0;0;5;1;0;0;62;56;68;7;3838;190;118;107.7;2.8;0.9;25.3;27.2;58;56;50.9;2.6;42;44;48.8;3.2;0;2;1
6540;57;12;11;4;3;2;14;0;0;0;0;0;0;8;1;7;16;63;52;72;19;12799;54;907;96.7;4.2;3.7;36.3;24.5;221;156;58.6;-0.7;164;123;57.1;-3.0;2;0;0
6546;132;12;5;1;1;-2;0;0;0;0;1;0;0;7;1;3;2;62;57;67;4;3940;0;635;92.6;1.8;4.6;32.0;34.7;64;60;51.6;-0.2;48;48;50.0;0.9;1;85;43
6547;148;30;2;1;0;4;0;0;0;0;0;0;0;4;0;1;1;55;52;58;6;2143;0;121;113.9;8.4;1.7;47.0;42.0;46;39;54.1;-13.5;34;33;50.7;-13.0;0;0;0
6549;131;1;15;2;4;13;6;0;0;0;0;0;0;24;1;12;36;77;52;96;38;19546;18;1241;101.1;3.9;1.5;43.1;18.8;408;222;64.8;5.2;308;159;66.0;6.8;1;0;0
6550;55;9;11;2;2;6;17;0;0;0;0;0;0;20;0;6;31;74;53;93;18;12499;1876;515;104.6;4.6;2.6;32.3;26.8;188;192;49.5;4.4;142;140;50.4;5.1;0;0;0
6552;132;12;4;1;1;2;0;0;0;0;1;0;0;1;2;4;11;71;50;87;6;4243;59;333;102.8;2.5;1.7;28.0;27.2;64;55;53.8;6.9;48;42;53.3;10.1;0;0;0
6554;145;3;8;0;1;-2;0;0;0;0;0;0;0;10;4;8;25;68;50;86;19;9538;3;875;94.2;1.9;2.6;35.5;23.8;184;122;60.1;12.1;136;83;62.1;13.6;0;0;0
6556;132;12;5;2;1;0;4;0;0;0;0;0;0;8;2;3;10;71;53;90;4;6103;63;483;101.2;2.4;2.4;24.8;28.3;86;87;49.7;-3.4;55;65;45.8;-5.6;1;0;0
6558;151;152;4;2;2;0;2;0;1;0;0;0;0;7;2;2;1;72;70;66;14;4221;502;185;99.7;3.4;3.4;31.6;30.7;62;64;49.2;5.7;49;48;50.5;8.2;0;6;3
6559;45;28;13;2;2;-3;4;0;0;0;0;0;0;18;5;3;4;59;56;57;15;9503;1134;367;97.1;2.3;3.4;24.6;28.0;128;147;46.5;-12.6;89;105;45.9;-13.0;1;12;9
6560;1;1;2;0;0;-2;2;0;0;0;0;0;0;1;0;0;3;60;61;54;1;1238;27;0;88.2;0.0;5.8;26.2;49.4;21;29;42.0;-2.4;13;20;39.4;-7.5;0;2;2
6561;38;25;12;0;1;-1;4;0;1;0;0;0;0;2;4;1;2;59;51;69;10;5886;768;0;99.1;0.6;1.2;18.3;28.7;67;94;41.6;-8.6;50;65;43.5;-6.8;0;0;0
6562;135;2;9;1;3;6;6;0;0;0;0;0;0;14;2;1;4;69;63;71;17;7925;94;602;105.6;4.1;1.8;33.6;27.7;133;100;57.1;5.8;94;77;55.0;5.1;0;116;64
6565;20;20;7;2;6;0;4;0;2;0;0;0;0;10;11;5;6;72;77;66;12;7934;858;16;104.8;4.1;4.1;27.7;40.8;95;135;41.3;-0.1;73;101;42.0;-1.6;0;2;0
6566;142;23;13;3;4;8;2;0;0;0;0;0;0;18;1;3;26;62;53;72;17;14916;41;1000;103.2;4.3;2.4;33.5;24.9;274;185;59.7;4.6;191;137;58.2;3.0;0;0;0
6572;104;104;10;7;4;-1;2;0;0;0;0;0;0;21;1;2;3;70;63;67;20;10202;0;1400;102.7;3.5;3.9;24.3;32.8;137;177;43.6;-0.1;100;129;43.7;-0.6;1;127;61
6576;96;96;2;0;1;-2;0;0;0;0;0;0;0;2;1;1;7;63;55;57;1;2289;179;33;103.0;1.6;4.7;14.2;58.2;24;66;26.7;17.5;16;52;23.5;17.3;0;4;2
6582;95;95;2;0;2;-1;0;0;0;0;0;0;0;0;0;0;5;70;64;77;4;2500;247;28;105.6;2.9;4.3;17.3;38.9;35;56;38.5;9.5;22;39;36.1;7.5;0;0;0
6584;90;90;6;1;0;-6;4;0;0;0;0;0;0;9;0;1;0;52;51;44;7;4094;0;0;89.9;0.9;6.2;26.4;45.7;55;88;38.5;-1.5;43;69;38.4;-2.8;0;0;0
6586;94;94;12;7;11;13;35;1;2;0;0;6;4;15;2;3;36;86;66;94;44;13915;2245;548;106.6;6.7;3.4;35.7;27.4;263;183;59.0;10.3;205;141;59.2;12.0;1;0;0
6587;93;93;16;19;13;17;8;4;2;2;0;0;0;13;9;15;12;86;85;81;89;17874;2926;1553;95.3;5.6;2.6;43.9;14.9;425;149;74.0;16.4;316;104;75.2;18.4;3;39;15
6588;96;96;4;3;0;-3;2;1;0;0;0;0;0;5;2;4;21;88;60;93;12;4313;327;657;103.2;1.7;4.2;15.9;56.8;44;114;27.8;20.1;30;90;25.0;19.1;0;99;53
6589;103;8;17;4;14;19;2;0;1;0;1;0;0;8;4;4;36;72;56;86;58;21694;704;1745;101.0;4.8;1.7;41.3;15.6;500;195;71.9;0.6;363;134;73.0;1.1;0;0;0
6591;99;99;12;3;4;-1;10;1;1;0;0;0;0;20;0;2;15;67;60;72;17;9375;504;817;100.9;2.7;3.1;27.3;34.2;134;172;43.8;-9.4;101;124;44.9;-7.4;1;127;59
6592;86;86;4;3;1;-2;0;0;1;0;0;0;0;6;1;1;12;70;61;72;7;3222;469;210;104.2;5.6;7.8;25.7;44.7;34;81;29.6;-4.3;29;56;34.1;1.1;0;50;26
6595;94;94;15;3;7;-2;5;1;0;0;0;1;0;36;3;7;20;73;55;88;41;16821;922;1476;94.9;3.6;4.1;37.0;27.2;312;228;57.8;7.6;235;171;57.9;8.7;1;0;0
6597;85;85;11;1;5;-8;7;0;1;0;0;1;1;19;5;7;49;75;53;90;25;12966;1745;1418;95.9;1.4;3.1;26.1;32.5;164;222;42.5;1.8;125;165;43.1;2.8;0;0;0
6604;86;86;4;2;5;-4;0;1;2;0;0;0;0;2;2;2;6;69;59;77;11;4411;818;430;100.3;4.1;6.5;22.0;35.9;52;75;40.9;12.5;41;58;41.4;12.2;0;0;0
6605;103;2;17;17;20;24;65;4;3;0;0;9;0;42;6;15;4;93;81;94;99;17136;2955;1073;100.4;6.7;1.7;52.7;13.7;473;117;80.2;12.8;353;86;80.4;12.1;2;266;153
6607;86;86;4;2;3;-4;19;0;3;0;0;3;1;6;0;1;0;66;66;57;9;3462;746;0;91.3;2.1;5.2;26.0;31.2;48;52;48.0;20.8;39;41;48.8;21.3;0;5;0
6608;103;103;17;2;12;11;32;0;1;0;0;6;3;13;5;3;29;70;57;82;49;15773;3423;443;98.6;4.6;2.1;47.0;18.5;366;173;67.9;-5.2;276;119;69.9;-3.6;0;0;0
6609;99;99;12;0;2;0;23;0;1;0;1;1;0;12;2;0;6;57;54;53;14;10194;247;117;101.0;1.8;2.1;26.5;37.4;146;180;44.8;-8.2;111;140;44.2;-8.6;0;15;8
6612;69;69;4;1;1;-4;0;0;0;0;0;0;0;7;0;3;11;85;65;94;6;3939;668;155;101.6;1.8;5.5;14.6;50.3;21;89;19.1;3.0;16;70;18.6;2.3;0;59;37
6614;99;99;12;2;5;10;7;1;0;0;0;1;0;15;3;6;44;73;52;91;21;14763;594;1936;106.9;4.6;2.0;33.4;28.0;264;214;55.2;7.5;188;161;53.9;5.7;1;0;0
6619;104;104;10;1;7;2;50;1;0;0;0;10;5;18;3;7;16;74;57;83;19;11826;797;911;104.9;3.7;2.4;26.8;28.0;167;192;46.5;4.4;123;138;47.1;4.8;0;0;0
6620;99;99;10;0;7;6;2;0;1;0;0;0;0;19;3;5;9;71;61;77;16;9773;1333;1717;103.8;4.8;2.6;32.4;23.6;175;120;59.3;17.5;125;91;57.9;16.2;0;55;28
6621;88;88;11;1;8;4;23;0;2;0;0;3;1;9;2;8;14;69;60;79;39;12789;1851;479;95.5;3.4;2.3;41.1;17.7;277;160;63.4;11.9;208;107;66.0;13.9;0;0;0
6623;134;134;4;0;0;2;2;0;0;0;0;0;0;2;0;0;1;57;50;65;4;4272;62;174;103.6;3.4;1.7;35.4;28.7;72;56;56.3;10.8;54;42;56.3;8.1;0;0;0
6624;90;90;5;3;3;-6;23;1;0;0;0;3;1;8;3;0;10;69;64;74;21;6031;354;370;93.0;3.6;7.2;26.9;35.2;87;105;45.3;9.6;61;82;42.7;4.5;0;0;0
6625;102;102;4;1;4;-3;20;0;1;0;0;4;2;12;1;1;4;66;59;69;13;4645;353;272;97.2;3.9;6.2;27.9;37.2;63;84;42.9;11.5;52;62;45.6;16.2;0;0;0
6630;99;99;11;1;1;-1;2;0;0;0;0;0;0;2;0;2;3;58;52;60;6;5310;109;0;103.2;2.0;2.0;21.0;31.2;58;98;37.2;-14.2;41;72;36.3;-14.9;0;7;5
6631;103;103;17;1;9;13;32;0;0;1;0;6;3;10;0;8;25;74;54;90;46;17072;94;951;98.4;4.2;1.9;47.7;18.1;425;145;74.6;4.4;309;109;73.9;2.3;1;0;0
6634;104;1;10;4;6;-2;14;0;1;0;0;0;0;18;7;4;5;78;74;75;35;10975;1196;336;98.7;3.6;3.6;30.5;27.6;172;147;53.9;14.9;122;105;53.7;14.1;0;41;19
6635;94;94;15;6;13;4;25;2;1;0;0;5;1;25;1;3;14;67;68;61;37;17390;783;556;96.3;4.3;3.5;40.6;24.4;369;210;63.7;17.2;278;166;62.6;16.6;0;7;4
6639;103;103;16;0;1;1;7;0;0;0;1;0;0;5;3;5;2;57;55;55;24;12016;49;479;94.3;2.7;2.4;38.3;18.9;274;118;69.9;-4.5;200;89;69.2;-6.5;0;13;6
6640;103;0;17;4;4;4;5;0;0;0;0;1;0;6;3;3;6;66;57;71;31;9283;588;909;95.2;2.7;1.9;38.0;16.3;190;96;66.4;-6.1;132;61;68.4;-4.7;2;146;90
6641;90;90;6;2;5;-2;2;0;0;0;0;0;0;4;1;0;5;59;61;48;7;6100;178;357;102.8;5.3;6.5;24.8;34.8;74;121;37.9;-2.4;57;86;39.9;-0.9;0;2;0
6644;95;95;5;1;1;-5;2;1;0;0;0;0;0;5;2;1;11;68;52;87;6;6263;745;287;96.0;2.3;5.2;19.0;32.2;77;115;40.1;5.0;53;77;40.8;5.5;0;0;0
6647;96;96;4;0;1;-4;12;0;0;0;0;2;0;9;0;1;8;58;54;55;5;4076;294;472;104.0;1.8;5.3;13.2;56.5;41;113;26.6;18.1;26;86;23.2;16.0;0;4;2
6648;99;99;12;7;8;11;9;1;0;0;0;1;1;21;4;13;10;76;59;90;47;14484;1582;2030;106.8;4.5;1.7;33.8;26.8;262;206;56.0;8.6;187;154;54.8;7.2;3;0;0
6654;100;100;4;0;1;-6;0;0;0;0;1;0;0;6;2;1;16;73;59;84;14;4505;835;330;86.8;0.0;5.6;20.0;42.4;54;100;35.1;5.6;34;73;31.8;3.1;0;0;0
6655;86;86;4;2;0;-2;2;2;0;0;0;0;0;3;3;2;1;67;54;77;10;3662;748;415;99.3;2.0;2.9;22.6;31.5;48;56;46.2;18.6;37;43;46.3;17.8;0;0;0
6656;93;93;16;3;6;11;15;0;0;0;1;3;0;24;1;5;23;68;56;81;38;15473;1093;907;101.0;5.4;3.0;37.9;23.0;318;190;62.6;-1.4;229;137;62.6;-1.1;0;0;0
6657;99;99;12;2;8;3;29;0;1;0;0;5;1;21;3;2;16;75;61;84;22;11329;575;1613;104.7;3.5;2.2;30.2;32.4;183;181;50.3;-0.7;137;138;49.8;-0.8;0;157;70
6658;96;96;3;0;0;-1;0;0;0;0;0;0;0;0;1;0;4;47;47;50;0;1456;0;0;0.0;0.0;2.5;0.0;96.4;2;68;2.9;-14.1;2;54;3.6;-11.2;0;5;2
6659;96;96;4;0;1;-7;24;0;1;0;0;2;1;4;1;1;3;61;54;60;1;3613;330;26;96.2;1.0;8.0;12.0;65.8;32;106;23.2;12.6;17;82;17.2;7.0;0;3;2
6660;0;0;7;1;2;-3;2;0;0;0;0;0;0;1;5;3;1;59;59;52;7;4047;0;0;99.2;2.7;5.3;21.3;40.0;42;66;38.9;-2.4;30;52;36.6;-3.4;0;0;0
6662;88;88;11;4;6;8;40;0;0;0;0;8;3;9;2;1;4;63;61;56;27;11019;489;0;102.3;5.6;2.9;40.2;25.5;207;151;57.8;2.9;161;102;61.2;6.1;3;1;1
6664;103;103;17;4;8;18;9;0;0;0;0;1;0;17;0;2;21;65;55;73;37;20664;66;1728;100.2;4.9;1.7;41.1;15.0;476;183;72.2;1.0;348;125;73.6;1.9;0;0;0
6666;90;90;6;4;3;0;12;0;1;0;0;2;1;12;3;2;12;81;69;84;12;5975;893;55;105.9;5.4;5.4;24.7;33.7;70;116;37.6;-2.8;54;85;38.8;-2.4;0;114;61
6670;89;89;6;2;1;-2;17;0;0;0;0;3;2;15;0;0;4;63;57;60;13;6029;0;212;100.6;1.8;3.0;24.5;44.2;77;130;37.2;3.4;53;105;33.5;1.5;0;13;6
6673;147;147;4;0;1;0;0;0;0;0;0;0;0;2;1;0;0;51;51;43;3;3241;0;20;107.5;3.3;3.3;21.1;40.0;42;62;40.4;-3.8;27;52;34.2;-12.0;0;2;2
6674;135;2;6;1;0;-1;2;0;0;0;0;0;0;3;1;0;0;59;51;65;5;3791;0;401;96.9;1.9;2.8;30.4;30.4;53;58;47.7;-2.3;41;44;48.2;0.7;0;4;0
6675;93;93;16;2;3;9;2;0;0;0;0;0;0;11;2;4;4;61;57;59;36;13093;87;679;102.4;4.7;2.2;39.3;23.1;252;148;63.0;-0.7;194;116;62.6;-1.0;1;25;16
6677;91;91;7;1;6;5;2;0;1;0;0;0;0;12;8;0;0;67;66;63;21;6870;1125;149;94.4;5.2;2.6;47.2;15.7;163;57;74.1;32.8;127;40;76.0;35.3;0;0;0
6679;101;101;8;1;2;-3;17;0;0;0;0;3;0;12;0;7;15;72;61;84;13;5996;1593;195;91.7;3.0;4.8;39.0;30.0;114;92;55.3;1.2;92;68;57.5;2.3;0;13;5
6681;101;101;8;3;1;4;0;0;0;0;0;0;0;6;3;8;8;69;67;70;26;8426;1313;77;100.1;4.3;2.6;43.2;26.1;176;118;59.9;8.4;137;92;59.8;6.4;0;17;10
6682;101;101;8;4;4;1;2;0;0;0;0;0;0;8;3;1;16;66;62;67;13;6887;36;777;97.2;4.2;3.7;34.5;24.6;113;89;55.9;1.9;86;66;56.6;1.1;0;19;9
6684;93;93;12;6;4;-1;35;0;0;0;0;7;3;7;3;2;2;63;60;58;25;8488;711;122;92.4;3.4;3.8;34.8;22.1;153;100;60.5;-2.3;119;75;61.3;-1.1;2;131;66
6685;88;88;11;7;8;9;43;0;0;0;0;5;2;31;2;5;11;74;63;71;30;11939;546;586;102.1;5.1;2.4;42.8;24.4;255;162;61.2;8.2;196;114;63.2;9.6;0;19;12
6686;90;90;6;0;5;-1;10;0;0;0;0;2;0;9;0;1;6;61;58;59;5;4618;4;432;108.4;6.2;7.0;28.1;50.7;58;120;32.6;-9.9;47;86;35.3;-7.3;0;6;2
6688;18;18;7;0;5;-3;2;0;0;0;0;0;0;9;1;6;9;58;58;57;13;7695;0;55;89.1;4.7;6.1;46.3;29.0;150;91;62.2;4.8;116;69;62.7;3.3;0;0;0
6689;91;91;7;0;4;3;0;0;0;0;0;0;0;16;2;3;12;74;52;90;16;7467;63;988;100.9;3.4;1.9;38.1;24.1;129;89;59.2;11.0;105;67;61.0;13.4;0;0;0
6690;104;104;10;2;5;0;11;0;1;0;0;1;0;9;4;6;27;75;66;83;21;12681;1196;540;103.3;3.4;2.8;26.1;29.2;175;204;46.2;4.0;128;147;46.5;4.0;0;0;0
6693;101;101;8;2;4;2;0;0;3;0;0;0;0;6;1;2;3;68;62;71;20;7074;686;108;99.7;4.1;3.1;34.1;24.9;113;94;54.6;0.1;85;69;55.2;-0.8;0;132;72
6695;134;134;4;0;0;-9;0;0;0;0;0;0;0;7;2;1;3;48;48;43;5;4295;0;150;83.0;0.8;8.4;27.7;41.9;57;91;38.5;-16.4;42;67;38.5;-19.9;0;0;0
6696;91;91;6;1;1;-4;12;0;0;0;0;2;1;0;2;2;3;54;52;50;11;5645;287;0;93.7;1.3;3.8;24.2;33.2;68;102;40.0;-16.7;50;75;40.0;-17.6;0;78;41
6697;88;88;10;2;1;0;5;0;0;0;0;1;0;2;5;0;6;54;54;49;10;7506;62;0;102.2;3.8;3.8;26.4;31.2;119;129;48.0;-8.8;88;93;48.6;-8.8;0;0;0
6698;89;89;6;1;3;-2;4;0;0;0;0;0;0;6;2;5;17;79;66;91;9;6972;970;708;97.0;2.6;3.6;27.9;29.4;114;108;51.4;24.7;74;80;48.1;22.5;0;0;0
6699;91;91;7;3;2;2;0;0;0;0;0;0;0;3;4;5;9;74;63;80;18;7108;358;370;103.2;3.0;2.0;29.4;28.4;105;115;47.7;-5.7;80;84;48.8;-4.9;0;21;13
6700;148;30;4;1;3;3;4;1;0;0;0;0;0;1;1;2;5;64;54;74;10;4403;563;317;110.4;4.1;1.6;27.8;37.6;62;83;42.8;-3.4;46;64;41.8;-4.2;0;0;0
6702;99;99;12;2;1;-1;2;0;0;1;0;0;0;8;0;2;13;63;56;66;12;6002;109;522;98.7;2.4;3.0;25.8;28.2;76;100;43.2;-8.9;57;75;43.2;-8.5;0;108;52
6703;85;27;11;5;6;-2;7;0;3;0;0;1;0;24;2;8;16;85;72;90;33;11703;1744;289;101.6;2.8;2.8;25.8;30.5;145;196;42.5;1.7;114;150;43.2;2.7;0;169;95
6704;101;101;8;1;0;-1;5;0;0;0;0;1;0;3;1;1;6;55;51;60;2;3647;45;392;102.0;2.0;3.0;18.8;34.5;36;70;34.0;-23.6;29;49;37.2;-21.2;0;8;6
6705;86;86;4;0;3;-8;12;0;2;0;0;2;1;4;3;3;11;71;58;74;11;3620;764;136;86.4;2.0;9.0;20.9;38.8;33;82;28.7;-5.5;26;60;30.2;-4.4;0;81;31
6707;95;95;3;0;2;-4;10;0;0;0;0;2;0;2;0;0;3;53;52;48;3;3035;98;64;91.7;2.4;7.1;28.5;42.7;38;62;38.0;-2.2;33;46;41.8;1.3;0;0;0
6709;88;88;11;4;8;0;9;0;3;0;0;1;1;16;6;8;13;81;69;80;33;11165;1956;1239;94.8;3.5;3.5;35.8;23.5;223;149;59.9;6.1;165;106;60.9;5.7;0;186;110
6710;100;100;3;0;4;-2;2;0;2;0;0;0;0;5;1;1;3;79;78;77;9;2999;814;32;89.0;1.2;3.6;30.0;24.0;48;48;50.0;31.0;31;35;47.0;28.6;0;7;3
6711;101;101;8;5;4;4;17;0;2;0;0;3;2;18;0;1;9;84;74;82;32;8339;1239;212;100.1;4.3;2.6;43.6;26.3;176;117;60.1;8.7;138;91;60.3;7.1;1;174;92
6716;100;100;4;0;4;-1;27;0;1;0;1;5;2;8;1;0;6;88;63;92;16;4011;710;277;91.8;0.9;2.7;30.5;24.2;69;58;54.3;32.8;42;38;52.5;30.9;0;83;32
6717;94;94;13;4;10;15;2;0;2;0;0;0;0;20;7;8;19;62;55;69;34;15239;2297;1366;106.4;6.6;3.1;36.1;25.7;284;198;58.9;11.3;225;146;60.6;14.8;1;0;0
6719;60;18;10;4;7;-5;4;2;3;0;0;0;0;17;2;7;7;59;56;58;31;11400;1334;795;94.3;2.2;3.8;33.2;30.6;168;169;49.9;-0.9;141;127;52.6;2.4;0;0;0
6720;88;88;11;6;10;3;2;3;5;0;0;0;0;23;4;3;18;77;75;71;37;11437;1882;261;95.1;4.1;3.1;41.5;21.4;245;141;63.5;11.3;191;103;65.0;11.9;1;14;7
6722;85;85;11;4;2;1;46;2;0;0;0;6;1;16;3;4;11;68;63;69;28;11223;1009;268;101.6;2.2;1.9;24.1;25.0;153;162;48.6;10.2;112;121;48.1;9.5;0;27;16
6723;103;103;16;0;3;4;2;0;0;0;0;0;0;7;6;0;1;55;50;55;11;7984;136;146;101.8;2.7;0.9;35.2;15.3;152;77;66.4;-4.5;108;49;68.8;-2.4;0;4;1
6726;95;95;5;1;1;-4;0;0;0;0;0;0;0;4;2;3;10;57;54;60;3;4264;166;86;99.5;4.2;7.6;21.1;37.1;52;90;36.6;-0.6;33;69;32.4;-6.8;0;7;2
6728;89;89;6;2;4;-4;0;0;3;0;0;0;0;5;1;3;6;66;62;64;12;6330;870;676;97.1;3.4;5.7;26.7;36.4;93;111;45.6;15.5;64;88;42.1;13.8;0;118;47
6732;151;151;1;0;1;-1;0;0;0;0;0;0;0;1;0;0;0;67;63;69;1;1049;0;69;87.8;3.4;6.9;34.3;30.9;13;14;48.1;-4.6;11;11;50.0;-3.8;0;0;0
6740;74;74;5;0;2;-4;15;0;0;0;0;3;0;3;0;6;17;63;52;74;5;5114;219;523;100.0;1.4;4.2;19.0;57.0;52;136;27.7;-14.2;37;100;27.0;-14.0;0;0;0
6741;72;72;18;7;10;23;25;1;0;0;0;3;1;26;6;4;9;73;68;72;59;20587;1458;1603;100.8;5.4;1.2;54.4;13.3;558;155;78.3;15.5;437;108;80.2;17.9;2;47;20
6742;82;82;19;3;2;5;0;0;0;0;0;0;0;25;10;6;28;63;49;77;19;21484;173;1824;103.3;3.4;2.5;30.5;32.8;349;370;48.5;-10.2;258;267;49.1;-7.3;0;0;0
6743;70;70;3;1;0;-1;0;0;0;0;0;0;0;1;1;0;2;63;55;73;3;2497;282;106;97.2;1.4;2.9;18.7;27.4;35;35;50.0;-5.4;24;27;47.1;-11.0;0;0;0
6744;83;83;9;3;1;3;9;0;0;0;0;1;0;5;3;0;8;60;57;57;12;4737;0;48;107.2;4.6;2.3;28.9;26.6;68;67;50.4;-12.3;52;47;52.5;-11.2;1;65;31
6745;80;80;6;0;1;-5;0;0;0;0;0;0;0;5;0;1;5;55;52;56;3;3661;61;0;92.2;1.0;5.9;23.6;49.2;41;93;30.6;-20.4;28;67;29.5;-21.6;0;3;0
6750;70;70;4;0;2;-2;12;0;1;0;0;2;1;3;1;0;0;59;61;44;7;3499;153;0;95.8;3.1;5.1;36.0;40.1;64;70;47.8;-6.5;48;50;49.0;-4.8;0;6;1
6751;81;1;4;3;2;-4;2;0;0;0;0;0;0;5;0;2;17;82;74;80;19;4523;591;217;95.8;4.0;7.2;31.8;43.0;60;98;38.0;12.7;47;72;39.5;14.4;0;95;48
6755;71;71;4;1;3;-4;10;1;1;0;0;2;0;4;0;2;10;63;58;72;8;4809;634;208;95.3;1.5;4.5;18.0;34.4;55;100;35.5;10.6;38;64;37.3;11.8;0;0;0
6757;72;2;15;9;14;18;14;2;3;0;0;2;1;26;8;6;12;81;80;76;65;16510;2486;1476;99.8;5.7;1.5;53.6;14.2;455;129;77.9;15.8;346;90;79.4;17.0;2;23;13
6758;82;82;19;4;19;27;9;0;9;0;0;0;0;21;5;7;17;69;61;76;71;25218;2928;905;107.3;5.3;1.4;36.8;20.3;538;283;65.5;16.8;382;207;64.9;17.6;0;0;0
6759;83;83;9;4;6;6;2;0;1;0;0;0;0;15;5;5;7;73;64;75;25;9262;1108;188;104.2;4.3;1.9;33.8;22.9;152;112;57.6;-4.6;116;77;60.1;-2.7;0;126;67
6760;66;66;4;0;0;-1;5;0;0;0;0;1;0;6;1;0;14;65;48;84;5;4625;0;660;97.7;0.8;1.6;33.5;33.5;66;84;44.0;19.6;52;62;45.6;22.7;0;0;0
6764;74;74;5;0;3;-3;17;0;2;0;0;3;0;7;3;3;15;78;63;91;13;6166;768;182;89.9;2.9;4.7;28.0;22.8;91;77;54.2;26.4;66;58;53.2;26.1;0;0;0
6766;70;70;5;2;1;-1;0;1;0;0;0;0;0;4;0;1;5;71;66;75;16;5053;1025;294;93.0;2.1;2.8;29.2;19.9;83;53;61.0;14.7;64;41;61.0;13.6;0;2;0
6767;82;82;13;0;2;-1;0;0;0;0;0;0;0;5;1;3;5;52;50;54;2;5744;75;462;105.3;2.5;3.1;18.8;38.9;67;105;39.0;-20.2;45;77;36.9;-20.4;0;47;15
6768;72;2;18;10;14;7;7;4;6;0;0;1;1;19;6;12;21;72;69;71;72;17095;3082;652;97.0;4.0;2.1;47.8;18.5;459;169;73.1;7.0;332;117;73.9;7.4;1;24;12
6769;144;144;1;0;1;2;0;0;0;0;0;0;0;3;0;0;0;53;53;39;1;921;0;0;110.6;11.7;3.9;50.8;31.3;19;14;57.6;7.6;14;10;58.3;13.9;0;0;0
6771;72;72;18;2;14;6;2;0;1;0;0;0;0;24;6;9;33;76;61;90;50;21551;2025;1280;94.7;3.5;2.2;46.4;16.9;497;204;70.9;4.0;379;142;72.7;6.1;0;0;0
6774;71;71;4;1;2;-3;5;0;1;0;0;1;0;4;2;3;9;61;56;63;7;3893;584;0;100.7;2.8;5.5;23.1;49.0;45;105;30.0;2.5;35;77;31.3;3.4;0;0;0
6776;68;68;9;2;1;-2;9;0;0;0;0;1;0;5;2;4;9;76;61;88;19;8101;1717;869;100.2;2.2;3.1;24.4;35.1;107;139;43.5;4.5;78;109;41.7;3.5;0;128;70
6777;80;80;5;2;1;-6;0;0;0;0;0;0;0;4;1;0;2;59;57;56;10;3177;183;0;84.6;3.4;10.2;30.6;38.5;54;58;48.2;-1.4;40;46;46.5;-3.8;0;50;29
6779;82;82;19;5;10;14;7;1;0;0;0;1;0;17;4;7;20;64;63;63;38;19006;245;50;106.1;4.5;1.9;36.9;30.5;350;310;53.0;-3.2;266;226;54.1;0.2;1;16;6
6780;78;7;16;10;5;0;24;0;1;0;0;4;0;13;1;5;31;63;61;59;32;15694;287;332;98.0;4.4;4.1;33.7;27.8;288;238;54.8;12.5;206;173;54.4;11.3;1;9;5
6781;71;71;4;1;0;-6;5;0;0;0;0;1;0;2;0;5;14;62;57;64;10;4352;99;222;91.4;0.8;5.8;13.2;38.9;40;101;28.4;0.1;26;65;28.6;-0.4;0;11;7
6783;78;78;16;0;0;-8;4;0;0;0;0;0;0;9;4;1;15;51;49;53;7;7603;0;340;98.6;3.3;7.1;22.7;44.5;77;183;29.6;-18.9;59;131;31.1;-17.7;0;42;22
6785;63;63;13;3;3;4;19;0;0;0;0;3;0;13;2;1;15;59;56;60;19;11688;369;638;106.3;3.4;2.2;28.3;38.2;171;255;40.1;-13.7;126;178;41.4;-12.3;0;14;8
6788;78;78;14;2;12;1;50;0;3;0;0;10;7;29;1;4;15;77;66;76;25;10991;1222;173;103.0;3.6;3.3;31.1;38.3;172;217;44.2;-2.9;128;162;44.1;-3.4;1;211;115
6789;66;66;4;0;2;-3;12;0;2;0;0;2;0;1;4;4;11;80;63;93;13;4742;489;419;94.1;0.8;3.0;29.6;35.7;61;91;40.1;13.6;45;67;40.2;13.9;0;0;0
6790;63;63;12;3;4;-1;19;0;2;0;0;3;0;14;3;1;16;72;63;76;40;11662;945;639;99.1;2.5;2.8;33.3;33.3;200;195;50.6;-2.8;141;145;49.3;-5.7;1;207;94
6793;63;63;13;6;4;3;17;2;0;0;0;3;1;16;5;1;15;65;62;65;25;12913;584;444;104.6;3.6;2.8;30.1;37.4;201;249;44.7;-7.3;140;185;43.1;-10.2;0;23;13
6794;75;75;10;3;5;3;5;1;0;0;0;1;0;7;6;4;7;67;60;70;18;7607;279;171;99.3;4.7;3.3;37.9;25.1;151;107;58.5;0.5;106;77;57.9;-0.4;1;106;61
6795;63;63;13;3;7;2;9;0;4;1;0;1;0;18;5;8;50;82;59;97;36;15118;2031;1697;99.5;1.9;1.7;34.3;27.4;257;220;53.9;6.6;192;153;55.7;8.6;0;0;0
6798;71;71;4;0;2;-1;0;0;0;0;0;0;0;0;1;1;10;63;53;71;2;3400;137;11;101.9;2.1;3.2;23.3;44.5;39;87;31.0;3.6;29;62;31.9;4.0;0;52;18
6801;80;80;4;1;1;-5;0;0;0;0;0;0;0;9;1;1;9;62;61;51;8;3989;165;305;87.5;1.8;6.3;26.2;32.5;66;70;48.5;3.9;41;51;44.6;-2.8;0;1;0
6802;70;70;5;1;0;-1;2;0;0;0;0;0;0;8;1;1;5;58;53;61;8;3842;87;250;97.7;2.8;3.7;31.9;33.7;64;70;47.8;-3.7;47;52;47.5;-5.2;0;9;3
6806;78;78;15;6;9;-9;77;3;1;0;0;15;5;36;6;4;20;65;65;55;37;16701;1312;133;95.3;2.2;4.1;31.0;35.1;283;302;48.4;2.6;205;220;48.2;2.0;1;35;16
6809;74;74;5;1;1;-4;7;0;0;0;0;1;0;3;0;4;6;61;56;63;3;3808;215;96;111.8;2.8;6.6;11.3;50.1;21;99;17.5;-25.1;18;75;19.4;-22.0;0;54;26
6811;66;66;4;1;0;-2;7;1;0;0;0;1;0;6;1;3;11;72;60;86;7;4136;397;314;94.3;0.9;2.6;21.8;27.0;54;70;43.5;17.2;36;51;41.4;14.0;0;85;52
6812;68;68;9;1;0;2;6;0;0;0;0;0;0;12;0;1;10;64;50;80;10;10659;403;862;102.5;2.4;1.7;25.7;25.0;153;164;48.3;12.2;105;119;46.9;11.4;0;0;0
6815;78;78;13;2;1;-6;12;0;0;0;0;2;1;9;1;3;20;58;52;59;12;7327;0;192;98.7;2.5;5.4;24.1;47.2;90;193;31.8;-16.5;67;136;33.0;-15.1;0;98;34
6817;68;68;9;1;3;0;5;0;0;0;0;1;0;7;1;2;16;67;54;77;5;4153;0;625;112.3;4.3;4.3;19.1;41.6;38;100;27.5;-14.9;29;71;29.0;-11.9;0;72;38
6820;69;69;4;1;2;-4;17;1;0;0;0;3;0;5;1;0;22;62;57;63;7;4218;633;470;108.9;2.6;6.0;12.8;53.8;36;134;21.2;6.9;25;99;20.2;5.1;0;6;2
6823;72;72;14;1;4;4;74;0;0;0;0;14;9;10;2;2;7;56;50;56;18;13163;58;849;98.6;3.8;2.7;41.8;26.0;283;167;62.9;-6.3;210;129;61.9;-8.0;0;0;0
6825;83;83;9;7;2;3;4;2;0;0;0;0;0;15;2;3;6;73;75;63;31;9100;860;0;95.3;4.0;2.8;40.0;19.0;185;91;67.0;8.8;141;65;68.4;9.2;0;1;0
6826;12;12;7;1;1;3;4;0;0;0;0;0;0;5;4;3;1;63;61;60;9;5593;26;0;106.6;3.9;1.9;31.5;34.1;82;79;50.9;3.3;57;64;47.1;0.6;0;33;16
6827;82;82;19;10;19;12;46;5;6;0;0;8;1;17;9;7;7;78;71;79;52;18936;3070;875;105.3;4.4;2.1;36.5;31.2;344;306;52.9;-3.4;263;231;53.2;-1.1;1;334;179
6831;79;79;4;1;3;-3;0;0;1;0;0;0;0;9;2;4;10;69;58;78;8;4889;594;212;97.9;2.2;4.4;28.0;44.2;69;101;40.6;4.4;54;82;39.7;3.1;0;0;0
6835;83;83;9;2;6;0;34;0;0;0;0;6;4;11;2;2;2;67;63;63;15;6889;290;201;96.6;3.1;3.1;36.6;26.1;140;89;61.1;0.4;105;70;60.0;-2.8;0;100;49
6836;147;147;5;2;2;1;2;1;0;0;0;0;0;2;0;3;12;74;66;81;21;5699;942;0;102.7;3.2;2.5;27.8;29.1;72;97;42.6;1.2;58;71;45.0;4.1;0;9;6
6839;83;83;9;2;4;8;6;0;0;0;0;0;0;13;3;2;20;80;68;85;24;10515;1114;538;105.2;4.8;2.1;30.1;19.2;173;129;57.3;-5.3;125;80;61.0;-1.6;0;0;0
6841;82;82;19;2;10;13;7;0;0;0;0;1;1;20;1;4;14;64;57;67;35;12680;23;171;110.4;5.4;1.7;33.2;29.0;230;200;53.5;-2.2;166;146;53.2;-0.9;0;182;100
6842;69;26;4;0;0;-5;2;0;0;0;0;0;0;2;1;2;12;59;51;65;4;2865;343;0;98.2;1.3;7.5;12.6;64.1;16;90;15.1;-2.3;14;70;16.7;-0.3;0;36;19
6845;64;64;6;3;4;1;0;0;0;0;0;0;0;10;2;2;1;78;77;74;15;5721;1359;215;96.9;3.8;3.1;40.3;25.2;126;71;64.0;19.0;89;53;62.7;17.9;0;11;5
6849;69;69;4;1;2;-3;2;0;1;0;0;0;0;5;2;0;4;60;58;55;7;4456;645;191;110.3;2.4;4.8;12.1;50.1;35;130;21.2;6.8;24;97;19.8;4.5;0;6;3
6851;75;75;10;3;3;-5;58;0;3;0;0;8;1;22;7;1;8;75;66;81;35;9578;1146;179;90.7;2.3;4.1;38.0;27.1;202;125;61.8;5.1;145;95;60.4;3.1;0;159;87
6855;66;66;1;0;1;-2;0;0;1;0;0;0;0;4;1;0;5;65;58;72;3;1271;73;100;87.5;0.0;5.7;22.7;45.3;14;29;32.6;0.7;11;19;36.7;5.1;0;0;0
6857;72;72;18;6;7;14;0;0;0;0;0;0;0;12;5;1;6;62;63;54;56;17179;670;106;99.2;4.6;1.7;52.8;17.6;463;163;74.0;8.3;356;115;75.6;9.9;1;1;1
6861;82;82;18;9;28;28;9;4;8;0;1;1;0;32;4;10;19;86;69;95;72;22540;2814;750;106.8;5.6;1.3;39.6;17.4;512;219;70.0;21.1;364;163;69.1;21.7;1;0;0
6864;80;80;6;1;5;5;19;0;2;0;0;1;0;8;2;2;9;79;69;81;25;6157;839;397;100.8;5.8;2.9;49.1;26.3;131;90;59.3;18.0;103;70;59.5;19.0;0;13;3
6865;131;1;4;0;1;-1;7;0;0;0;0;1;0;6;1;0;3;64;55;72;11;5069;268;160;96.9;1.4;2.1;33.4;29.1;85;76;52.8;3.2;63;60;51.2;2.0;0;0;0
6869;134;134;4;0;0;0;0;0;0;0;0;0;0;3;1;0;0;54;50;55;4;1877;0;0;98.5;1.9;1.9;40.3;30.7;32;32;50.0;1.3;26;24;52.0;1.4;0;1;0
6872;63;63;13;3;4;10;21;0;0;0;0;1;0;16;4;5;32;77;58;96;44;13930;1973;788;108.5;3.6;1.0;30.8;31.3;233;219;51.5;3.0;168;163;50.8;1.1;1;0;0
6875;81;81;3;1;2;-1;0;0;0;0;0;0;0;5;0;2;5;65;56;73;5;3194;114;326;103.5;4.5;5.6;25.9;40.6;39;66;37.1;10.9;31;52;37.3;9.3;0;0;0
6881;82;30;2;0;1;2;10;0;0;0;0;2;0;2;1;1;3;72;52;96;2;1981;157;149;112.5;3.6;0.0;29.1;32.7;26;31;45.6;-6.5;20;23;46.5;-5.8;0;0;0
6882;78;78;16;5;5;-6;0;2;2;0;0;0;0;11;3;1;12;60;57;60;15;7528;1410;0;101.2;2.9;5.7;19.6;42.6;75;173;30.2;-18.0;55;125;30.6;-18.1;2;14;6
6886;134;134;4;1;1;2;0;0;0;0;0;0;0;4;1;1;3;62;55;69;9;4547;310;37;101.8;3.2;1.6;30.1;18.2;66;60;52.4;5.1;49;33;59.8;12.4;0;0;0
6891;82;82;19;14;9;12;19;5;3;0;0;3;1;26;6;5;15;72;68;71;50;13759;2872;191;107.7;5.5;2.4;32.4;25.4;247;194;56.0;0.9;184;136;57.5;4.5;3;20;6
6893;82;82;11;2;3;0;7;0;0;0;0;1;0;21;0;3;12;68;59;70;13;7299;243;325;100.0;2.5;2.5;27.1;27.1;118;117;50.2;-6.2;83;81;50.6;-4.3;0;91;57
6894;72;72;15;5;6;11;73;0;0;0;0;10;4;13;5;4;5;68;64;70;65;18067;791;665;97.6;3.8;1.6;48.0;15.5;437;158;73.4;6.3;337;112;75.1;7.8;1;0;0
6895;66;66;4;0;2;-2;2;0;1;0;0;0;0;2;2;2;3;60;57;63;4;4234;439;221;94.9;0.9;2.6;21.3;28.1;54;72;42.9;16.3;36;53;40.4;12.8;0;0;0
6897;147;147;5;1;2;3;2;0;0;0;0;0;0;9;2;3;2;74;54;83;7;6652;34;107;105.8;4.9;3.2;28.1;28.1;100;96;51.0;15.1;74;71;51.0;14.4;1;0;0
6898;63;63;11;8;6;11;66;1;1;0;0;9;6;23;1;2;7;78;74;77;40;10158;1353;188;105.3;4.6;0.7;52.1;19.8;253;100;71.7;24.8;195;78;71.4;24.1;1;220;119
6903;79;79;4;0;1;-1;0;0;1;0;0;0;0;6;1;3;4;81;63;89;8;3714;449;315;96.7;0.0;1.0;22.3;29.1;45;61;42.5;6.0;30;43;41.1;4.1;0;42;16
6904;68;68;9;2;4;-1;9;0;0;0;0;1;0;6;4;2;15;59;54;61;12;6600;333;127;104.3;3.3;3.8;22.9;38.2;81;134;37.7;-3.3;60;97;38.2;-1.2;1;0;0
6906;145;3;2;0;0;-4;5;0;0;0;0;1;1;2;0;1;1;44;45;39;3;1998;0;0;81.0;0.0;7.2;34.2;37.8;36;43;45.6;-5.1;28;30;48.3;-6.4;0;0;0
6907;82;82;18;9;7;12;96;3;3;0;0;18;9;30;4;4;14;71;67;66;53;16309;2554;89;106.2;4.9;2.2;36.4;30.9;301;263;53.4;-3.1;235;193;54.9;1.0;2;0;0
6910;117;10;10;3;6;13;2;0;0;0;0;0;0;18;3;6;24;80;68;92;44;12603;2086;957;102.8;5.7;2.0;45.7;20.6;269;148;64.5;13.6;203;108;65.3;14.0;0;0;0
6911;112;112;5;1;2;-1;2;0;0;0;0;0;0;4;5;0;3;58;58;53;10;5413;609;173;95.0;4.0;4.7;45.9;33.9;118;94;55.7;12.4;92;74;55.4;14.9;0;3;0
6916;122;122;12;1;16;6;5;0;2;0;1;1;0;15;10;5;23;73;62;83;33;14469;1589;1132;104.3;4.5;3.2;30.4;30.9;243;244;49.9;5.1;183;173;51.4;7.2;0;0;0
6917;111;111;4;0;1;-7;2;0;1;0;0;0;0;5;1;4;13;82;67;92;8;4603;414;656;84.4;0.8;6.3;29.7;34.4;65;77;45.8;19.6;48;53;47.5;22.6;0;0;0
6920;110;110;14;4;11;12;17;0;2;0;0;1;1;10;2;7;22;76;70;78;26;13690;844;375;99.2;5.3;2.1;48.9;18.1;352;135;72.3;16.0;261;95;73.3;18.5;0;226;141
6923;116;116;12;1;3;3;14;0;1;1;0;2;0;14;1;1;9;54;50;60;20;14608;135;1363;99.6;3.2;2.7;30.6;24.9;248;207;54.5;-3.1;174;147;54.2;-3.1;0;0;0
6928;108;108;5;2;4;-4;0;0;1;0;0;0;0;8;1;1;23;74;67;73;8;5696;764;64;102.0;4.4;7.0;24.0;42.3;71;136;34.3;10.2;54;99;35.3;10.2;0;112;51
6930;114;114;13;5;5;3;29;0;1;0;0;5;0;20;3;3;10;63;58;60;35;9947;505;535;101.4;4.0;2.9;31.8;26.1;166;134;55.3;-3.5;122;104;54.0;-4.3;2;17;8
6931;117;117;9;0;1;-4;16;0;0;0;0;0;0;8;1;1;8;54;53;53;7;4199;17;798;93.3;0.9;5.1;22.3;48.9;55;113;32.7;-26.1;37;81;31.4;-27.9;0;17;4
6932;106;106;14;2;5;12;18;0;2;0;0;0;0;12;3;7;13;74;60;88;38;16988;2752;1979;104.9;4.7;1.9;38.8;26.7;362;219;62.3;7.2;269;170;61.3;6.3;1;0;0
6933;122;122;12;5;10;6;21;0;2;0;1;3;1;34;2;3;23;88;74;90;32;12321;2491;879;103.8;4.1;2.6;35.4;33.9;223;213;51.1;6.7;167;155;51.9;7.5;0;244;137
6934;116;116;12;1;0;-1;2;0;0;0;0;0;0;12;1;4;4;58;52;58;12;7000;0;387;97.0;1.5;2.1;19.0;18.5;77;83;48.1;-9.6;51;57;47.2;-10.2;0;5;2
6935;119;119;7;1;6;-2;2;0;1;0;0;0;0;12;2;7;24;83;58;96;12;7803;736;1439;96.1;3.2;4.2;27.2;26.3;143;101;58.6;21.0;93;80;53.8;16.2;0;0;0
6938;122;122;12;1;2;3;8;0;1;0;0;0;0;12;3;5;12;70;54;88;24;13014;603;1637;102.1;2.5;1.9;29.9;31.3;209;208;50.1;5.1;155;157;49.7;4.2;0;0;0
6941;116;116;12;1;9;8;19;1;1;0;0;3;3;42;1;2;16;76;65;78;25;11931;501;642;103.1;4.2;1.8;38.9;23.2;234;167;58.4;2.7;182;115;61.3;7.5;0;186;101
6942;105;105;5;1;2;3;5;0;1;0;0;1;1;8;0;5;12;78;67;83;6;4396;757;397;109.7;3.3;0.8;27.0;34.4;72;89;44.7;7.0;47;59;44.3;6.4;0;1;1
6943;121;121;11;3;7;6;5;0;1;0;0;1;0;13;6;12;43;68;53;83;40;13041;554;1739;100.7;4.4;2.8;36.7;24.3;247;171;59.1;18.5;182;114;61.5;20.5;0;1;0
6947;106;106;14;7;9;13;11;0;0;0;0;1;0;5;1;4;8;68;65;67;30;12396;642;1082;103.8;7.0;3.2;45.0;27.3;270;183;59.6;2.6;207;140;59.7;3.3;1;195;94
6948;117;117;9;2;8;4;17;0;0;0;0;3;0;20;0;4;12;86;80;86;31;8309;1509;460;94.0;5.2;3.5;47.2;20.4;201;97;67.4;16.7;143;67;68.1;16.1;0;175;89
6950;119;119;7;3;4;2;9;0;1;0;0;1;0;10;0;4;12;83;72;92;21;6162;1690;1062;104.3;3.5;2.3;24.5;23.4;87;84;50.9;7.3;59;60;49.6;8.0;0;115;66
6951;111;111;4;2;1;-6;12;2;1;0;0;2;1;7;1;1;10;84;76;81;16;4310;309;668;87.3;0.8;5.8;25.9;36.8;64;82;43.8;17.0;42;58;42.0;14.6;0;13;7
6953;110;110;14;1;7;-1;7;0;0;0;0;1;0;13;2;7;20;63;58;64;24;10532;0;488;97.3;4.1;4.4;34.9;30.8;194;160;54.8;-8.3;133;120;52.6;-10.1;1;16;4
6954;105;105;5;0;2;0;0;0;0;0;0;0;0;9;3;7;9;82;56;99;14;6179;1191;822;102.6;2.3;2.3;23.9;32.6;86;108;44.3;7.1;65;77;45.8;9.7;0;0;0
6957;116;116;12;5;11;10;12;0;3;0;0;2;0;22;3;4;5;79;75;75;39;13115;1508;858;104.8;5.2;2.2;40.6;27.4;288;161;64.1;11.9;200;129;60.8;7.2;1;239;112
6960;119;152;7;2;11;2;5;0;4;0;0;1;0;16;2;5;25;92;76;96;20;7004;1628;994;106.9;3.6;2.6;23.6;30.8;94;114;45.2;-0.5;61;83;42.4;-1.8;0;162;88
6962;106;106;13;12;7;13;10;0;0;0;0;0;0;16;3;9;24;84;78;86;53;13420;993;1681;106.4;5.9;2.1;40.8;26.6;280;180;60.9;3.3;206;144;58.9;1.3;2;54;19
6969;107;2;4;1;2;-2;0;1;0;0;0;0;0;2;1;0;3;59;62;50;7;3654;609;51;94.1;4.9;6.9;33.5;33.5;58;76;43.3;12.1;42;49;46.2;15.8;0;4;3
6970;106;106;13;10;8;5;52;2;1;0;0;10;2;21;4;6;19;78;81;71;59;14090;2254;642;95.5;3.8;2.6;45.2;19.7;343;150;69.6;15.6;255;107;70.4;17.8;2;27;17
6971;121;121;11;0;2;-11;5;0;1;0;0;1;0;2;0;1;4;55;52;55;7;6086;703;47;88.7;0.6;6.5;14.2;42.0;62;125;33.2;-17.3;41;92;30.8;-21.4;0;15;5
6972;107;107;4;1;2;-1;5;0;0;0;0;1;0;8;0;1;10;65;65;62;8;3821;730;222;98.5;4.7;5.7;32.0;34.9;61;79;43.6;12.8;42;51;45.2;14.5;0;8;3
6974;117;117;10;3;4;4;17;0;0;0;0;3;1;5;1;1;12;60;60;55;20;10308;541;342;103.4;4.2;2.4;36.7;30.4;204;168;54.8;-1.9;151;112;57.4;1.1;1;0;0
6978;122;122;11;6;5;6;56;0;0;0;0;10;7;19;1;1;13;66;60;52;24;9944;0;279;104.4;5.8;3.6;37.7;32.9;182;169;51.9;6.2;142;123;53.6;8.4;1;20;9
6979;107;107;4;2;4;-1;17;0;1;0;0;3;1;6;1;0;11;73;72;67;12;3511;730;436;100.3;5.1;6.2;31.8;39.0;55;77;41.7;9.8;39;53;42.4;10.7;0;86;42
6982;112;112;5;4;5;1;4;2;1;0;0;0;0;1;4;0;5;67;76;54;21;5859;766;205;96.4;5.5;4.9;41.2;28.9;121;87;58.2;16.1;90;67;57.3;17.4;0;4;2
6983;122;3;11;6;10;9;69;2;3;0;0;13;3;19;4;1;21;81;71;84;32;10052;1729;1540;104.2;5.4;2.5;40.1;27.2;197;142;58.1;15.5;149;108;58.0;14.9;0;218;126
6984;114;114;12;1;6;8;24;0;1;0;0;4;2;13;4;1;0;59;55;52;19;11448;456;0;102.8;4.1;1.6;44.3;24.5;247;146;62.8;7.6;187;111;62.8;8.4;0;0;0
6986;116;116;9;9;6;8;46;1;1;0;0;5;1;22;2;4;11;73;71;70;36;8933;396;882;103.4;6.0;2.8;41.1;25.0;199;114;63.6;10.3;139;88;61.2;6.7;2;46;21
6988;119;119;7;0;1;2;2;0;0;0;0;0;0;6;1;2;3;62;59;62;8;6210;749;626;109.1;2.9;2.3;18.0;33.0;70;107;39.5;-8.2;43;83;34.1;-13.1;0;11;4
6989;119;2;7;3;2;-2;0;0;1;0;0;0;0;14;8;5;9;71;59;79;23;7920;1626;1501;94.9;3.2;4.1;26.8;24.1;135;97;58.2;19.7;89;78;53.3;15.1;0;0;0
6990;110;110;13;0;2;-10;0;0;0;0;0;0;0;7;1;0;9;54;51;54;5;5139;251;0;98.9;1.4;8.4;9.8;54.6;40;132;23.3;-41.3;30;100;23.1;-40.7;0;70;37
6991;110;110;13;5;10;3;4;1;2;0;0;0;0;20;5;8;5;65;62;65;39;15499;1521;1378;96.9;4.4;3.5;43.2;26.2;362;186;66.1;7.3;270;150;64.3;5.7;0;0;0
6992;120;120;10;5;7;3;12;1;4;0;0;2;0;13;0;4;13;74;71;72;33;10584;1951;1453;98.4;4.8;3.7;46.6;31.6;236;153;60.7;18.8;192;115;62.5;19.9;0;39;18
6994;110;0;14;7;14;6;7;2;3;0;0;1;0;16;6;14;13;88;89;79;57;15589;1827;368;94.6;4.4;2.8;47.3;18.9;392;164;70.5;14.3;288;131;68.7;12.9;1;38;25
6995;122;122;8;3;9;7;12;1;2;0;0;0;0;12;0;6;26;76;63;83;26;9460;1164;663;107.8;4.6;1.9;30.4;26.3;160;132;54.8;7.6;119;99;54.6;8.4;1;0;0
7000;108;27;5;1;4;-4;0;0;0;0;0;0;0;5;1;3;2;66;58;68;9;6439;120;506;103.3;2.8;5.0;20.1;47.5;69;147;31.9;6.8;54;113;32.3;6.1;0;0;0
7002;112;112;5;2;4;-1;2;1;0;0;0;0;0;5;0;2;9;78;66;89;19;5606;845;480;88.9;3.9;4.5;40.5;21.8;109;65;62.6;21.2;82;51;61.7;22.2;0;0;0
7004;108;108;1;0;1;0;0;0;0;0;0;0;0;2;1;0;0;71;61;78;1;917;172;0;100.0;3.9;3.9;31.4;31.4;14;17;45.2;16.1;12;14;46.2;18.3;0;11;8
7005;122;122;9;0;8;-2;6;0;1;0;0;0;0;9;3;2;6;57;60;48;18;10315;597;352;104.6;4.9;5.6;25.8;39.1;151;227;39.9;-4.7;112;162;40.9;-3.9;0;0;0
7006;113;113;5;2;4;-5;2;1;3;0;0;0;0;4;0;1;8;88;79;91;22;5984;1420;424;85.0;1.8;4.2;36.1;21.1;115;68;62.8;32.1;91;48;65.5;33.3;0;0;0
7010;106;106;14;4;12;5;8;0;5;0;0;0;0;13;2;1;14;73;65;80;33;12832;2920;578;106.2;3.9;2.2;32.0;37.0;234;224;51.1;-9.3;165;178;48.1;-12.8;1;174;71
7014;111;111;4;2;1;-7;0;1;1;0;0;0;0;4;3;2;3;64;58;65;7;4605;309;370;86.9;0.8;6.3;30.5;39.9;76;91;45.5;20.9;51;65;44.0;18.7;0;97;46
7015;113;113;5;3;5;-5;6;2;5;0;0;0;0;3;2;2;6;83;75;86;22;5215;1342;602;91.1;0.7;3.5;31.1;31.1;78;80;49.4;9.9;61;61;50.0;7.8;1;138;75
7017;112;112;5;1;3;4;2;0;0;0;0;0;0;5;3;4;9;69;58;79;14;6720;270;670;105.1;3.8;1.6;37.0;32.1;115;103;52.8;8.0;89;85;51.1;8.4;1;0;0
7019;107;107;4;0;1;-2;10;0;1;0;0;2;1;11;2;5;21;79;54;92;6;4792;820;649;99.9;3.0;4.5;26.3;39.1;62;97;39.0;6.6;44;71;38.3;5.5;0;0;0
7020;122;122;12;5;7;-1;28;0;2;1;0;2;1;37;2;3;16;73;64;72;30;9962;942;1728;102.5;4.3;5.1;27.1;37.6;148;183;44.7;-2.6;104;142;42.3;-6.0;1;208;109
7025;112;112;5;0;1;4;20;0;0;0;0;4;1;7;1;0;2;62;60;55;11;5087;0;220;106.0;4.2;1.4;41.8;34.0;103;83;55.4;11.2;78;64;54.9;13.1;0;0;0
7026;114;114;13;8;6;6;5;3;1;0;0;1;0;14;6;13;33;83;76;85;66;14214;3219;1763;100.3;3.3;1.8;42.0;23.6;298;179;62.5;7.0;217;132;62.2;7.7;2;82;51
7028;121;24;11;9;12;7;5;3;5;0;0;1;0;11;3;4;24;89;84;87;50;11915;2235;1560;100.1;4.5;2.4;39.3;21.1;250;150;62.5;23.4;181;96;65.3;25.6;2;69;43
7030;109;109;5;0;3;1;0;0;0;0;0;0;0;4;0;0;11;72;55;88;6;4936;4;107;103.4;3.6;2.9;27.7;29.9;68;75;47.6;11.7;54;54;50.0;13.5;0;0;0
7031;120;1;10;1;10;0;19;0;3;0;0;3;1;14;4;7;18;85;68;95;50;11965;2195;822;98.2;3.3;3.3;35.8;30.1;207;166;55.5;10.4;163;126;56.4;9.7;0;0;0
7032;110;110;14;5;6;-1;2;0;0;0;1;0;0;14;2;3;22;68;60;72;29;10086;0;943;98.9;3.6;4.3;31.8;34.6;173;178;49.3;-15.4;117;131;47.2;-16.9;1;153;74
7033;117;117;10;7;6;9;9;1;1;0;0;1;0;10;4;4;5;79;77;75;39;9876;2153;326;101.4;5.8;2.6;47.4;23.3;239;125;65.7;14.3;166;87;65.6;13.0;1;34;16
7036;110;110;14;8;11;4;6;1;3;1;0;0;0;23;6;8;20;85;75;87;57;15396;1958;1561;91.9;4.2;3.3;49.1;19.6;394;162;70.9;14.9;291;132;68.8;13.1;1;327;196
7038;112;112;5;3;1;4;14;0;0;0;0;2;1;3;2;2;9;74;69;77;14;5496;293;392;105.9;3.9;1.3;39.3;32.1;104;87;54.5;10.0;77;66;53.8;11.5;0;102;56
7041;113;113;5;1;1;-1;10;0;0;0;0;2;0;0;1;1;2;53;53;51;6;3324;0;657;100.5;5.4;6.5;32.5;40.1;48;72;40.0;-3.5;38;52;42.2;-3.4;0;4;1
7042;133;133;8;0;1;-5;14;0;0;0;0;2;1;3;2;1;5;56;52;56;3;3567;676;55;88.6;1.0;6.1;16.1;34.3;31;60;34.1;-12.1;21;46;31.3;-17.4;0;0;0
7044;121;121;11;0;4;-13;8;0;2;0;0;0;0;13;3;4;23;59;52;65;11;11808;1412;563;93.0;1.5;5.2;20.1;35.7;147;238;38.2;-14.4;97;174;35.8;-19.4;0;0;0
7047;109;109;5;3;5;5;2;1;2;0;0;0;0;6;2;0;12;81;76;82;21;5221;1049;364;106.4;6.2;2.1;38.6;21.4;98;70;58.3;29.3;78;46;62.9;34.4;0;11;2
7049;83;83;9;1;10;10;7;0;1;0;0;1;0;16;2;4;5;76;70;73;26;9604;1083;299;101.5;6.0;2.2;42.7;18.0;227;87;72.3;17.3;162;61;72.6;15.9;1;140;89
7050;108;108;5;1;3;-4;2;0;0;0;0;0;0;11;1;5;37;73;53;88;10;6249;754;426;103.5;2.9;5.2;20.7;50.1;68;146;31.8;6.5;54;115;32.0;5.5;1;0;0
7051;117;117;10;5;6;7;9;0;1;0;0;1;0;12;4;2;7;70;67;67;41;9895;884;191;103.6;5.5;2.5;42.2;27.3;202;140;59.1;4.3;152;104;59.4;3.9;0;174;94
7059;88;88;5;1;0;0;2;0;0;0;0;0;0;5;2;0;0;51;46;63;6;4975;0;441;106.0;4.3;4.3;26.8;42.7;65;99;39.6;-12.2;54;73;42.5;-7.8;0;0;0
7067;8;8;7;0;3;-4;0;0;0;0;0;0;0;6;1;6;8;63;56;66;16;5929;0;588;89.4;3.0;5.5;38.9;29.7;101;82;55.2;4.6;79;53;59.8;8.5;0;72;38
7069;40;20;7;1;1;1;2;0;0;0;0;0;0;4;0;0;3;59;55;57;7;2979;9;475;107.7;4.8;3.6;27.8;37.5;44;58;43.1;-0.5;34;42;44.7;2.1;0;46;24
7070;131;1;14;4;3;7;2;0;0;0;0;0;0;16;3;5;12;65;60;62;49;14627;560;252;103.1;2.5;0.7;38.9;22.6;285;181;61.2;-0.6;205;125;62.1;0.3;0;12;9
7071;18;18;4;3;2;2;0;1;0;0;0;0;0;1;1;3;3;67;68;59;11;3480;78;204;95.3;6.2;4.1;51.7;24.8;71;44;61.7;4.1;56;28;66.7;8.6;0;42;21
7074;93;93;16;2;19;19;2;0;0;0;1;0;0;15;3;4;15;64;59;67;46;18994;994;1398;105.7;5.9;2.5;38.5;25.8;359;237;60.2;-5.3;271;180;60.1;-5.2;0;0;0
7076;100;100;4;0;1;-5;5;0;0;0;0;1;0;9;0;1;4;60;56;58;7;3639;260;38;95.1;2.0;5.9;16.8;35.6;29;76;27.6;-5.2;24;53;31.2;1.8;0;7;5
7077;91;91;7;1;7;4;19;0;2;0;0;3;0;20;6;3;8;68;64;70;20;6764;1072;783;93.5;4.8;2.7;44.7;15.4;156;57;73.2;31.1;120;37;76.4;34.9;0;39;20
7079;88;88;1;0;1;-1;0;0;0;0;0;0;0;0;0;1;5;71;53;93;1;1069;0;231;94.3;3.4;6.7;23.6;33.7;13;22;37.1;-0.7;9;14;39.1;4.5;0;0;0
7080;91;91;7;4;0;2;9;0;0;0;0;1;0;9;1;0;8;68;62;76;17;6765;1068;0;103.7;3.7;2.7;30.3;30.9;105;113;48.2;-5.1;81;83;49.4;-4.0;1;0;0
7082;91;91;7;0;3;3;44;0;0;0;0;8;1;2;0;2;2;72;55;89;7;6817;114;573;103.7;2.6;1.1;31.7;22.7;105;77;57.7;8.2;79;58;57.7;7.5;0;0;0
7085;103;103;17;6;7;4;0;1;1;0;1;0;0;11;4;1;13;69;64;70;40;13512;737;939;94.7;3.2;2.7;39.7;20.0;301;136;68.9;-3.6;215;105;67.2;-6.8;2;216;128
7087;102;102;4;1;0;0;7;0;0;0;0;1;0;1;1;0;1;59;55;60;3;3945;0;170;102.7;2.7;2.7;26.5;35.6;48;69;41.0;7.8;37;55;40.2;7.2;0;1;1
7090;93;93;16;2;3;12;14;0;0;0;0;2;0;13;4;5;5;56;52;57;21;16803;101;753;100.9;4.9;2.4;37.3;19.1;334;174;65.7;3.2;252;133;65.5;3.2;1;0;0
7093;102;102;4;0;4;-4;0;0;0;0;0;0;0;6;1;1;17;67;61;67;11;4946;453;622;96.9;3.6;6.6;26.2;38.6;63;92;40.6;8.3;52;71;42.3;11.6;0;0;0
7095;103;103;5;0;0;-1;0;0;0;0;0;0;0;6;1;0;1;52;52;46;10;2609;44;0;83.7;2.8;4.1;53.8;19.3;61;28;68.5;-3.9;47;17;73.4;1.3;0;5;2
7096;104;104;10;2;3;-2;14;0;0;0;0;2;0;15;5;2;33;58;52;65;8;9916;200;1178;110.5;4.4;5.1;19.2;41.8;108;198;35.3;-12.0;74;139;34.7;-13.2;1;0;0
7099;95;95;4;1;3;1;0;0;0;0;0;0;0;7;2;2;3;82;64;90;10;4323;289;224;103.8;3.3;2.5;24.1;25.0;57;56;50.4;17.0;43;41;51.2;18.5;0;62;31
7101;99;99;12;5;4;5;24;1;1;0;0;4;1;18;2;4;6;66;62;68;27;11276;711;326;106.2;3.5;1.9;29.7;33.8;175;186;48.5;-3.3;131;142;48.0;-3.5;0;6;4
7102;96;96;3;0;0;-2;0;0;0;0;0;0;0;3;0;0;3;51;50;49;0;1888;0;183;0.0;0.0;3.8;0.0;78.2;2;69;2.8;-14.2;0;51;0.0;-15.3;0;2;0
7104;88;88;3;0;2;1;0;0;0;0;0;0;0;0;1;1;0;56;51;57;3;1691;0;8;109.9;4.3;2.1;31.9;61.7;20;48;29.4;-25.0;18;38;32.1;-24.2;0;6;2
7105;89;89;6;2;6;-6;12;1;1;0;0;2;0;5;1;2;5;74;72;69;16;6187;896;828;93.7;3.5;7.0;26.8;36.1;85;114;42.7;11.2;60;90;40.0;10.7;1;31;14
7106;90;90;6;1;1;2;7;0;0;0;0;1;0;3;1;2;5;56;50;65;1;2771;6;432;122.1;3.9;1.3;15.6;45.5;21;81;20.6;-22.8;18;55;24.7;-18.8;0;11;5
7107;99;99;12;3;1;-2;22;0;1;0;0;4;2;18;3;3;6;60;57;55;19;8763;2;570;100.2;2.9;3.7;26.3;34.5;121;164;42.5;-10.9;91;119;43.3;-9.3;1;20;9
7108;94;94;14;0;4;1;4;0;1;0;0;0;0;5;3;2;4;55;52;56;15;9251;522;93;102.5;4.7;4.3;31.9;35.4;143;162;46.9;-10.4;108;119;47.6;-9.0;0;125;46
7109;104;104;9;1;3;-4;0;0;0;0;0;0;0;7;1;0;2;52;55;43;4;7802;77;0;102.9;3.2;5.1;20.8;40.1;96;164;36.9;-7.1;65;124;34.4;-10.9;0;0;0
7114;94;94;15;4;1;-6;4;0;0;0;0;0;0;7;4;1;4;56;54;53;19;11368;5;510;95.7;3.8;5.7;30.7;34.2;173;196;46.9;-7.7;126;153;45.2;-9.1;0;1;1
7118;94;94;14;1;1;-12;6;0;0;0;0;0;0;3;4;2;5;55;49;61;11;13607;0;409;95.3;2.1;5.3;23.5;38.6;179;275;39.4;-17.8;124;215;36.6;-20.8;0;0;0
7119;91;91;7;1;4;4;2;0;0;0;0;0;0;12;1;3;9;71;57;85;18;8811;349;827;102.4;4.9;3.3;34.7;27.8;163;129;55.8;7.2;122;95;56.2;7.1;0;0;0
7121;95;8;5;2;1;-3;0;0;0;0;0;0;0;8;3;2;10;70;60;77;10;5351;712;140;102.6;3.4;5.4;20.2;38.3;62;108;36.5;-0.8;49;80;38.0;1.1;0;107;56
7122;93;93;16;7;21;16;37;2;3;0;0;7;4;26;4;2;9;76;76;70;59;16425;2851;45;96.1;5.9;2.4;45.4;14.2;408;133;75.4;17.9;302;90;77.0;20.4;1;0;0
7123;100;100;4;1;0;-6;0;0;0;0;0;0;0;10;1;2;5;70;55;72;3;4072;17;100;87.5;0.9;6.2;19.4;36.2;35;81;30.2;-1.8;29;55;34.5;6.5;0;64;35
7128;101;101;8;1;1;0;9;0;0;0;0;1;0;1;4;0;7;55;50;57;5;3838;45;0;103.4;1.9;1.9;20.6;32.8;41;70;36.9;-20.3;33;49;40.2;-17.9;0;17;9
7130;90;90;6;0;1;-6;4;0;0;0;0;0;0;4;1;1;6;57;53;55;5;4370;145;29;91.1;0.8;5.8;26.4;47.8;59;95;38.3;-1.7;47;75;38.5;-2.7;0;54;23
7131;102;102;4;0;0;-5;2;0;0;0;0;0;0;6;1;0;0;63;59;57;6;3569;121;0;94.0;1.0;6.1;18.2;52.5;35;86;28.9;-9.2;28;67;29.5;-7.9;0;57;28
7132;96;96;4;0;0;-9;5;0;0;0;0;1;0;3;0;0;4;40;49;30;1;3130;63;279;85.5;0.0;10.4;8.1;71.3;8;110;6.8;-9.4;7;79;8.1;-5.1;0;2;0
7133;96;96;4;0;1;-6;0;0;0;0;0;0;0;3;0;1;10;55;50;55;1;2953;0;104;112.3;1.2;8.5;4.9;67.1;6;102;5.6;-10.7;4;75;5.1;-8.8;0;45;18
7134;102;102;4;0;0;-5;4;0;0;0;0;0;0;8;0;0;5;60;49;76;2;4065;109;503;93.5;0.9;5.3;17.7;46.1;43;90;32.3;-4.5;28;73;27.7;-10.7;0;0;0
7135;94;94;15;5;7;-5;34;2;2;0;0;6;2;6;1;3;20;62;60;63;23;11015;800;108;98.3;3.6;5.2;28.8;36.9;162;199;44.9;-10.2;116;151;43.4;-11.1;0;10;4
7137;90;90;6;1;8;-2;5;0;1;0;0;1;1;1;5;5;8;69;66;68;11;5929;776;357;95.1;3.6;4.9;31.0;29.1;93;80;53.8;19.7;69;64;51.9;15.9;0;2;0
7138;95;95;5;2;4;2;0;0;0;0;0;0;0;8;1;0;8;64;62;53;11;5066;256;4;113.5;5.0;3.6;20.6;33.4;62;107;36.7;-0.5;46;74;38.3;1.6;0;1;1
7140;88;88;11;5;6;4;4;3;1;0;0;0;0;9;8;2;1;67;65;65;48;10473;1882;71;98.8;3.8;2.4;39.5;22.3;235;138;63.0;10.5;178;106;62.7;8.4;0;14;10
7141;85;85;10;1;0;-4;60;0;0;0;0;12;3;16;8;1;6;61;46;73;9;10819;456;1259;96.4;2.0;3.3;27.6;30.6;142;181;44.0;3.4;109;130;45.6;5.4;1;0;0
7144;101;101;8;0;2;3;5;0;1;0;0;1;0;7;5;1;2;63;56;65;20;8524;467;873;101.4;3.0;1.7;38.4;27.0;153;113;57.5;4.5;121;88;57.9;3.2;0;0;0
7146;102;102;4;1;1;0;2;0;0;0;0;0;0;2;1;0;2;53;52;52;3;2385;0;325;107.8;3.0;3.0;21.1;46.8;24;55;30.4;-6.2;20;44;31.3;-4.8;0;4;1
7148;93;93;13;0;2;-2;22;0;0;0;0;1;0;8;2;0;1;53;53;49;11;8448;0;73;91.2;2.6;3.8;34.9;23.9;154;108;58.8;-5.1;121;83;59.3;-4.0;0;0;0
7153;85;85;11;1;1;-2;9;0;0;0;0;1;1;10;2;2;13;65;51;80;10;12012;215;767;103.3;2.7;3.3;20.7;33.9;135;206;39.6;-2.5;92;156;37.1;-6.1;1;0;0
7156;101;101;1;2;1;3;0;0;0;0;0;0;0;1;0;1;0;70;76;61;2;1050;0;0;114.1;13.7;3.4;44.6;20.6;25;8;75.8;0.8;19;7;73.1;0.5;0;0;0
7157;94;94;15;6;7;-3;21;0;1;0;0;3;1;21;5;6;12;72;63;75;23;14028;697;1254;94.2;3.8;4.6;32.8;26.4;245;200;55.1;3.2;181;145;55.5;4.7;1;254;125
7158;88;88;11;1;4;7;9;0;0;0;0;1;1;8;8;2;13;59;49;71;20;12977;39;1041;99.4;5.0;3.1;41.3;24.1;277;176;61.1;8.6;216;124;63.5;10.6;0;0;0
7160;101;101;8;1;4;-2;7;1;0;0;0;1;0;12;5;2;10;67;62;69;26;9482;1617;285;93.4;3.4;4.2;35.7;25.8;159;146;52.1;-3.8;127;105;54.7;-1.6;0;0;0
7162;91;91;7;2;3;2;17;0;0;0;0;3;0;4;1;2;18;70;55;85;20;8293;304;466;100.5;3.9;3.0;31.7;25.6;142;117;54.8;5.1;105;84;55.6;5.4;1;0;0
7165;93;93;16;10;17;15;14;1;5;0;0;2;0;30;9;8;6;79;76;75;56;17411;2614;714;95.6;5.6;2.5;43.8;14.5;420;142;74.7;17.2;311;99;75.9;19.1;1;332;182
7167;101;101;8;0;3;-1;5;0;0;0;0;1;0;11;2;1;4;60;53;64;14;8981;46;764;94.2;4.0;4.4;37.7;26.9;153;143;51.7;-4.4;121;103;54.0;-2.7;0;0;0
7168;91;91;1;0;0;-1;0;0;0;0;0;0;0;0;1;0;2;45;50;40;0;1049;0;0;115.2;3.4;6.9;10.3;37.8;8;27;22.9;-36.9;7;18;28.0;-38.2;0;0;0
7170;94;94;15;3;10;-1;0;2;6;0;0;0;0;18;7;3;13;69;66;67;45;13707;2495;0;97.8;3.7;3.9;31.5;28.4;235;204;53.5;1.1;174;149;53.9;2.4;1;0;0
7171;86;86;4;1;4;-6;2;1;0;0;0;0;0;0;0;2;7;63;63;61;7;4196;834;160;101.4;4.3;8.6;22.3;48.0;42;98;30.0;-4.0;34;78;30.4;-4.8;0;0;0
7174;104;104;10;1;5;-4;12;1;1;0;0;2;1;17;4;1;5;61;59;56;14;10807;1195;343;95.6;2.7;3.3;30.3;25.3;173;140;55.3;16.8;123;97;55.9;17.0;0;4;1
7175;86;86;2;0;0;-5;0;0;0;0;0;0;0;1;2;1;1;44;43;50;1;1641;80;335;73.7;0.0;11.0;28.5;41.7;21;46;31.3;-6.7;14;30;31.8;-10.2;0;0;0
7176;85;85;11;2;7;-6;22;1;2;0;0;4;0;9;3;4;21;61;53;71;22;11343;1888;633;100.9;3.2;4.4;23.8;35.9;141;199;41.5;0.2;98;150;39.5;-2.6;0;0;0
7177;93;93;16;7;10;17;54;1;0;0;0;10;5;29;5;4;12;69;65;65;40;14567;882;0;106.3;5.9;1.7;37.6;18.3;285;150;65.5;2.7;201;107;65.3;2.6;1;3;3
7181;104;104;5;0;2;-2;22;0;0;0;0;4;1;7;0;0;19;68;53;82;5;4982;4;652;96.3;2.2;3.6;23.8;28.2;67;87;43.5;12.2;47;60;43.9;12.1;0;0;0
7183;88;88;10;2;3;1;0;0;0;0;0;0;0;9;3;2;19;57;54;60;17;11330;530;864;100.8;5.4;5.1;35.6;35.3;202;188;51.8;-6.5;153;142;51.9;-8.2;0;0;0
7184;104;104;10;1;8;-3;18;0;0;0;0;2;1;5;1;2;7;62;62;56;15;9730;1196;484;103.4;3.7;4.1;23.3;32.6;129;170;43.1;-0.8;93;122;43.3;-1.1;0;23;10
7185;88;88;11;2;7;4;15;0;0;0;0;3;0;28;2;3;19;68;63;70;21;8446;608;1349;102.5;5.1;3.4;34.1;27.3;162;128;55.9;0.2;122;97;55.7;-1.6;0;142;90
7186;88;88;11;2;6;0;9;0;0;0;0;1;0;10;1;3;7;68;66;63;26;9469;119;542;96.7;3.4;3.4;31.9;24.3;166;138;54.6;-1.5;121;93;56.5;-0.5;0;14;7
7187;103;103;17;3;12;25;33;1;1;0;0;5;2;16;3;3;8;68;66;62;55;17376;757;434;105.0;6.0;0.8;52.0;12.6;480;134;78.2;10.0;351;95;78.7;9.6;1;31;16
7188;101;101;8;0;4;-3;4;0;0;0;0;0;0;2;2;2;4;60;56;58;15;6250;114;0;90.6;2.9;4.6;39.7;27.6;119;89;57.2;3.7;96;66;59.3;4.7;0;93;54
7189;96;96;4;0;1;-6;5;0;0;0;0;1;0;10;1;1;5;50;51;41;0;3422;96;0;101.6;1.1;7.4;7.4;57.9;9;115;7.3;-8.9;8;83;8.8;-4.3;0;5;1
7190;85;85;5;0;1;-3;2;0;0;0;0;0;0;3;1;0;2;55;50;53;3;3149;157;0;97.1;1.1;4.6;16.0;45.7;39;78;33.3;-18.0;24;58;29.3;-22.2;0;0;0
7191;103;103;16;14;10;9;2;4;3;0;0;0;0;6;4;10;4;85;76;87;60;14957;3381;877;99.3;4.3;2.2;44.5;20.7;335;164;67.1;-5.2;248;115;68.3;-4.3;1;319;173
7192;96;96;4;0;1;-4;4;0;0;0;0;0;0;8;2;4;13;65;47;85;2;4503;330;353;118.2;1.6;4.8;6.4;70.4;22;152;12.6;-2.1;11;118;8.5;-5.4;0;0;0
7193;102;102;4;0;2;-3;0;0;1;0;0;0;0;10;1;3;16;78;64;83;17;4467;497;581;93.9;2.4;4.8;32.2;35.5;68;75;47.6;18.5;50;59;45.9;16.2;0;116;55
7194;86;86;3;0;1;-1;0;0;0;0;0;0;0;1;0;1;0;50;50;51;0;3065;16;149;115.2;5.9;7.0;17.6;38.8;31;62;33.3;-0.3;23;50;31.5;-2.5;0;0;0
7195;103;103;16;7;10;15;64;2;2;0;0;12;8;5;5;0;3;71;69;65;38;14181;3108;0;104.2;5.3;1.5;44.7;19.8;323;138;70.1;-4.3;242;95;71.8;-3.5;2;33;15
7196;102;102;4;1;0;-3;2;0;0;0;0;0;0;10;0;0;2;69;62;63;10;4412;377;265;93.4;2.4;4.9;31.8;34.3;65;75;46.4;16.6;49;58;45.8;16.0;0;15;5
7198;90;90;6;0;0;0;2;0;0;0;0;0;0;1;1;1;12;56;49;62;3;3035;237;45;114.5;3.6;3.6;15.4;41.5;25;81;23.6;-19.4;21;53;28.4;-14.4;0;42;16
7199;99;99;12;8;10;17;2;0;1;0;0;0;0;14;2;5;8;72;70;71;34;11916;1462;320;111.9;6.6;1.5;36.3;23.6;240;137;63.7;18.9;172;101;63.0;18.2;0;34;16
7201;99;99;12;2;6;7;4;0;1;0;0;0;0;22;1;10;24;72;56;90;32;13027;1601;696;105.2;3.6;1.7;30.4;24.9;217;175;55.4;6.9;163;126;56.4;8.9;0;0;0
7202;88;88;7;1;3;2;2;0;0;0;0;0;0;2;4;1;2;64;58;69;17;7336;516;384;98.8;4.4;3.4;33.9;24.0;124;98;55.9;-3.0;91;71;56.2;-5.2;0;0;0
7203;86;86;3;0;0;-5;2;0;0;0;0;0;0;1;4;0;2;42;46;36;2;2424;222;303;84.8;1.5;8.9;23.8;41.6;21;58;26.6;-9.8;17;46;27.0;-11.3;0;3;2
7204;91;91;7;1;1;-5;12;1;0;0;0;2;0;8;4;1;22;72;57;87;10;7141;1068;515;95.8;2.0;4.5;23.2;35.3;92;136;40.4;-16.8;70;100;41.2;-16.3;0;1;0
7205;86;86;4;1;4;-3;7;1;0;0;0;1;0;4;0;2;15;73;55;92;8;4424;303;665;103.2;4.1;6.5;21.2;40.7;50;82;37.9;8.1;40;60;40.0;10.2;0;0;0
7207;85;85;11;4;2;-1;14;0;0;0;0;0;0;15;3;4;11;75;61;83;21;9409;382;541;101.2;3.1;3.4;27.9;35.2;131;165;44.3;4.0;96;121;44.2;4.0;1;120;71
7208;103;103;17;3;17;19;6;0;5;0;0;0;0;14;5;0;12;67;65;67;57;16002;3376;264;105.8;5.4;1.1;47.7;20.2;371;165;69.2;-3.4;281;118;70.4;-2.8;0;18;9
7209;95;95;5;1;4;-1;9;0;2;0;0;1;0;10;2;1;6;70;67;72;13;5492;572;226;100.6;2.6;3.3;22.9;30.2;65;80;44.8;11.0;51;61;45.5;11.9;0;15;4
7212;94;94;15;0;2;-1;4;0;0;0;0;0;0;11;5;3;5;47;47;49;20;16373;116;521;98.0;4.0;4.2;33.4;30.1;285;247;53.6;1.2;201;193;51.0;-1.6;0;0;0
7213;85;85;11;2;4;0;14;0;0;0;0;0;0;4;6;2;9;57;54;57;18;9433;140;555;106.2;3.8;3.1;26.0;35.9;124;170;42.2;1.2;89;126;41.4;0.1;0;17;4
7214;95;95;3;0;1;-2;0;0;0;0;0;0;0;3;0;0;5;60;49;76;3;3369;55;63;96.8;1.1;3.2;18.2;35.3;35;58;37.6;0.8;27;43;38.6;5.7;0;0;0
7216;86;86;4;0;1;-1;0;0;0;0;0;0;0;9;1;4;5;62;53;69;6;3614;0;728;99.0;2.0;3.0;22.9;30.9;47;51;48.0;20.6;37;38;49.3;21.6;0;70;29
7219;96;96;4;0;0;-8;0;0;0;0;0;0;0;4;1;1;3;52;48;55;1;3742;93;325;88.2;0.0;7.7;6.7;65.4;19;129;12.8;-1.6;9;91;9.0;-4.1;0;49;19
7221;89;89;6;1;2;-3;2;0;0;0;0;0;0;5;2;2;10;58;54;57;6;4567;0;0;104.5;1.6;3.9;13.4;54.4;41;132;23.7;-15.0;27;94;22.3;-13.5;0;0;0
7223;90;90;6;2;3;0;2;0;0;0;0;0;0;9;3;1;2;80;69;86;14;5919;851;706;99.1;3.6;3.6;32.2;29.8;97;80;54.8;21.3;72;64;52.9;17.6;0;25;16
7226;88;88;10;1;1;-4;5;0;0;0;0;1;0;4;2;1;2;52;51;48;10;4052;0;0;99.1;3.6;7.1;31.1;57.7;55;90;37.9;-19.4;43;74;36.8;-21.8;0;0;0
7229;86;86;4;0;1;-3;0;0;0;0;0;0;0;2;1;1;4;49;50;47;3;3002;0;3;97.0;2.4;6.0;22.8;44.4;26;71;26.8;-7.7;24;48;33.3;0.0;0;3;0
7230;89;89;5;0;0;-2;2;0;0;0;0;0;0;3;1;0;1;51;49;51;0;2409;0;335;102.7;1.5;4.5;10.5;38.9;17;56;23.3;-12.9;11;45;19.6;-15.4;0;36;7
7231;102;102;3;0;0;-4;0;0;0;0;0;0;0;5;0;2;5;54;51;56;2;2338;162;0;86.7;0.0;6.2;13.9;46.2;25;54;31.6;-2.5;19;42;31.1;-2.5;0;0;0
7232;89;89;6;0;1;-5;12;0;0;0;0;2;0;2;0;0;5;56;53;60;2;4670;0;232;93.2;0.0;3.9;9.3;56.3;38;132;22.4;-16.7;22;99;18.2;-19.0;0;7;0
7238;66;66;4;0;0;-2;2;0;0;0;0;0;0;3;3;1;11;71;57;81;8;4064;246;350;95.0;0.0;1.8;28.3;35.4;49;78;38.6;10.3;37;57;39.4;11.6;0;71;37
7239;80;80;2;0;0;0;5;0;0;0;0;1;1;4;0;1;1;63;53;63;2;1606;22;14;101.4;2.2;2.2;24.7;29.1;18;31;36.7;-15.5;13;23;36.1;-14.6;0;14;7
7241;75;75;10;0;3;5;0;0;0;0;0;0;0;3;3;2;8;61;49;75;13;11595;172;912;103.7;3.7;2.2;33.8;29.8;216;175;55.2;-4.4;149;127;54.0;-6.3;0;0;0
7242;83;83;9;1;3;17;14;0;0;0;0;2;0;7;5;6;32;68;51;83;15;11693;30;1052;111.5;5.8;0.6;40.0;20.0;240;128;65.2;7.3;183;88;67.5;9.2;0;0;0
7243;64;64;10;0;9;7;22;0;2;0;0;2;0;10;3;5;8;74;72;71;33;11182;1667;944;100.6;4.5;2.3;41.2;21.9;242;110;68.8;20.3;178;82;68.5;19.9;0;2;1
7244;74;74;5;3;1;-2;4;2;0;0;0;0;0;11;1;2;6;71;64;76;8;4751;782;76;96.7;1.5;3.0;22.7;30.3;64;75;46.0;13.1;40;58;40.8;6.8;0;82;54
7246;70;70;4;0;1;1;6;0;0;0;0;0;0;0;0;1;0;54;53;51;0;2874;0;0;101.7;3.8;2.5;37.6;30.1;54;49;52.4;5.3;41;32;56.2;8.6;0;1;0
7247;72;72;17;1;2;0;10;0;0;0;0;2;0;4;3;0;4;57;54;57;19;8711;107;303;100.4;2.1;2.1;29.8;31.4;130;146;47.1;-23.5;95;112;45.9;-25.4;0;17;8
7250;80;80;5;0;2;-2;2;0;0;0;0;0;0;3;1;0;3;55;50;58;10;4887;6;81;96.3;2.2;3.7;33.1;35.4;85;95;47.2;-3.0;63;67;48.5;-1.5;0;0;0
7251;82;82;18;1;1;1;18;0;0;0;0;2;0;15;2;5;6;56;51;58;7;9446;149;26;104.1;1.9;1.5;21.7;32.8;129;171;43.0;-13.4;85;123;40.9;-13.9;0;16;8
7252;74;74;5;2;0;-2;10;0;0;0;0;2;1;6;1;0;3;57;52;51;8;4863;0;443;102.8;3.0;4.4;22.2;42.2;57;95;37.5;1.3;38;74;33.9;-2.8;0;4;2
7254;68;68;9;0;5;-2;2;0;2;0;0;0;0;10;1;4;16;67;62;68;17;8077;1757;0;100.2;1.8;2.7;23.6;36.5;104;146;41.6;1.9;75;114;39.7;0.7;0;9;4
7256;78;78;12;3;8;8;20;0;0;0;0;2;0;17;3;7;12;65;63;65;31;12294;255;393;105.4;5.3;2.6;33.7;25.8;232;167;58.1;13.4;166;120;58.0;13.2;0;15;8
7258;79;79;1;0;0;-1;2;0;0;0;0;0;0;0;0;0;2;56;51;64;0;982;0;8;120.0;3.7;7.3;11.0;55.0;7;28;20.0;-11.0;4;22;15.4;-13.4;0;0;0
7259;83;83;9;1;3;-8;0;0;1;0;0;0;0;6;3;2;12;73;63;82;22;9455;285;630;88.5;1.5;4.6;33.5;28.6;171;130;56.8;-6.0;124;95;56.6;-8.1;0;8;4
7260;69;69;4;0;0;-4;2;0;0;0;0;0;0;1;1;1;15;56;51;59;4;3922;283;121;101.8;1.8;5.5;14.7;51.4;21;96;17.9;1.5;17;73;18.9;2.7;0;6;4
7261;66;66;4;2;0;-2;12;1;0;0;0;2;0;2;2;2;11;94;73;98;14;4063;366;692;94.0;0.9;2.7;22.2;26.6;55;66;45.5;19.7;37;49;43.0;16.2;0;27;10
7263;74;74;5;0;2;-4;0;0;1;0;0;0;0;2;0;1;4;55;53;54;2;3661;520;0;98.5;1.0;4.9;10.8;46.2;23;90;20.4;-20.9;17;68;20.0;-20.6;0;1;0
7265;81;81;4;0;0;-3;19;0;0;0;0;3;1;5;2;1;3;59;55;59;13;3784;582;93;91.8;1.0;3.8;21.9;30.4;44;75;37.0;9.6;32;55;36.8;8.3;0;0;0
7270;71;71;3;1;0;-4;0;0;0;0;0;0;0;0;0;0;3;51;50;48;1;1610;0;0;105.0;2.2;11.2;8.9;55.9;12;41;22.6;-6.7;10;32;23.8;-5.8;0;17;8
7272;79;79;3;2;0;-3;0;1;0;0;0;0;0;8;1;0;5;63;63;60;12;3107;388;402;93.1;3.5;7.0;32.4;39.4;49;59;45.4;13.6;37;46;44.6;13.2;0;15;5
7273;68;68;9;2;11;-1;5;0;4;0;0;1;1;9;1;7;11;75;70;75;20;9757;1662;422;101.3;3.7;4.1;29.9;36.9;170;182;48.3;13.0;121;145;45.5;10.2;0;18;11
7275;72;72;18;2;5;4;0;0;0;0;0;0;0;13;4;10;7;65;59;68;32;13030;206;648;99.3;3.9;2.8;38.1;25.4;258;168;60.6;-9.8;189;129;59.4;-11.9;0;195;87
7276;78;78;2;0;3;-3;0;0;1;0;0;0;0;3;4;2;1;41;44;37;4;2746;31;98;86.1;2.6;6.6;23.6;26.2;38;52;42.2;1.3;24;31;43.6;1.2;0;0;0
7277;72;72;18;5;3;3;0;0;0;0;0;0;0;26;3;3;11;60;56;59;17;13658;107;603;98.9;3.4;2.6;39.0;26.6;267;175;60.4;-10.1;194;138;58.4;-13.3;1;21;11
7279;83;83;9;1;3;4;16;0;0;0;0;0;0;9;2;3;7;59;56;57;10;8310;0;328;103.2;4.3;2.6;31.2;24.3;133;105;55.9;-6.7;96;71;57.5;-6.1;0;4;4
7283;70;70;5;1;2;-1;0;0;1;0;0;0;0;3;0;1;1;61;63;54;15;4656;389;0;98.1;4.6;5.4;35.6;36.3;80;88;47.6;-4.3;63;66;48.8;-3.7;0;3;0
7285;80;80;6;3;3;4;7;0;0;0;1;1;0;6;0;0;4;65;67;55;16;6572;22;247;98.8;4.9;3.3;45.5;27.4;133;96;58.1;16.6;105;75;58.3;17.5;0;1;0
7286;75;75;10;1;3;4;15;0;0;0;0;3;0;5;1;7;6;62;53;71;6;4385;170;219;117.6;4.9;1.6;23.0;42.7;54;102;34.6;-27.3;35;75;31.8;-30.4;1;16;4
7288;75;75;9;1;1;2;0;0;0;0;0;0;0;0;3;0;1;53;52;53;9;6434;0;0;98.5;3.9;2.8;40.8;25.2;128;95;57.4;-1.0;95;68;58.3;-0.1;0;0;0
7292;69;69;4;0;0;-6;0;0;0;0;0;0;0;5;1;0;8;44;48;40;2;4654;0;531;97.0;0.8;5.4;15.5;67.3;31;147;17.4;0.9;24;115;17.3;0.6;0;0;0
7294;79;79;4;0;1;0;20;0;0;0;0;3;2;7;0;1;2;63;56;64;5;3339;194;13;100.8;1.1;1.1;23.7;29.1;39;56;41.1;4.0;29;41;41.4;4.5;0;23;8
7296;72;72;1;0;1;2;0;0;0;0;0;0;0;0;0;0;0;58;58;47;3;1032;0;0;104.2;10.5;3.5;62.8;27.9;35;13;72.9;0.1;22;11;66.7;-12.5;0;0;0
7300;68;68;9;1;2;-4;14;0;1;0;0;2;1;4;0;0;3;59;58;51;9;7936;364;447;98.0;1.8;3.6;23.1;36.7;98;149;39.7;-0.7;71;113;38.6;-0.8;0;1;1
7301;69;69;4;0;1;-3;5;0;0;0;0;1;1;3;1;2;2;50;50;46;1;3119;0;476;108.4;2.3;5.8;12.7;58.9;16;84;16.0;-1.1;13;68;16.0;-1.1;0;4;1
7303;71;71;4;2;0;-7;0;0;0;0;0;0;0;7;0;4;1;57;55;52;6;4080;26;462;90.6;1.8;7.9;26.5;49.4;53;103;34.0;8.4;41;76;35.0;9.2;0;10;7
7307;83;83;9;0;3;8;39;0;0;0;0;7;5;8;7;3;9;63;57;66;11;9480;86;458;107.8;4.9;1.9;28.9;20.5;152;117;56.5;-6.1;106;76;58.2;-5.2;0;0;0
7311;83;83;9;1;2;3;5;0;0;0;0;1;0;2;0;2;4;59;54;61;7;4544;0;1154;111.2;4.0;1.6;23.0;26.1;61;65;48.4;-14.4;41;43;48.8;-15.1;0;49;16
7312;68;68;1;0;0;0;0;0;0;0;0;0;0;1;0;0;0;61;50;75;0;310;0;0;100.0;0.0;0.0;11.6;34.8;3;5;37.5;-0.9;2;5;28.6;-7.9;0;0;0
7314;79;79;4;3;0;1;9;2;0;0;0;1;1;13;0;1;2;66;58;63;10;3790;233;198;103.7;0.9;0.0;25.6;30.4;48;63;43.2;7.2;35;45;43.8;7.8;0;9;3
7315;78;78;14;1;1;-8;7;0;0;0;0;1;0;8;0;0;3;53;51;46;14;9894;23;0;96.4;2.5;5.5;28.0;42.9;131;218;37.5;-8.9;100;157;38.9;-7.2;0;0;0
7319;82;82;5;0;1;0;0;0;0;0;0;0;0;3;4;1;0;55;47;66;5;4941;0;197;103.0;2.2;2.2;22.6;32.8;79;83;48.8;-12.1;47;57;45.2;-15.2;0;0;0
7320;80;80;6;2;3;-3;2;2;1;0;0;0;0;14;1;3;9;82;71;78;21;5803;861;67;94.8;1.9;3.7;27.3;31.0;94;103;47.7;1.0;64;72;47.1;0.0;0;105;58
7324;75;75;10;1;2;-6;46;0;0;0;0;8;5;17;2;0;14;56;50;54;16;11719;440;779;91.7;2.2;3.7;43.0;27.6;244;169;59.1;1.5;189;123;60.6;3.8;0;0;0
7330;70;70;5;1;0;0;5;1;0;0;0;1;0;4;3;1;1;60;59;58;9;4710;240;749;93.5;2.3;2.3;32.1;16.8;87;43;66.9;22.5;69;33;67.6;22.8;1;30;10
7332;64;64;10;0;8;8;10;0;1;0;0;2;1;12;1;3;14;77;58;93;31;10849;742;531;96.4;4.6;2.0;46.5;14.6;252;98;72.0;25.2;184;65;73.9;27.7;0;0;0
7333;72;72;16;2;7;17;34;0;0;0;0;6;0;18;2;1;11;56;52;61;33;17012;13;1313;104.1;5.5;1.9;43.0;21.8;388;186;67.6;0.0;293;131;69.1;1.6;0;0;0
7334;72;72;18;2;10;14;4;1;4;0;0;0;0;25;4;8;19;83;69;93;83;18999;3293;1025;101.9;4.9;1.9;44.7;20.8;479;204;70.1;2.8;343;150;69.6;1.2;0;0;0
7336;70;70;5;0;1;0;22;0;0;0;0;2;0;4;0;7;22;73;50;91;6;4778;0;688;98.7;1.5;1.5;27.9;22.6;74;68;52.1;2.4;54;47;53.5;3.1;0;0;0
7337;81;81;3;0;0;-1;2;0;0;0;0;0;0;4;3;1;4;61;54;60;5;3193;345;240;98.6;3.4;4.5;35.0;40.6;46;70;39.7;11.7;36;50;41.9;12.5;0;5;1
7339;63;63;13;4;7;10;0;0;2;0;0;0;0;14;4;3;10;70;65;72;37;13332;1906;1654;102.8;3.8;1.4;44.0;23.2;291;155;65.2;23.3;221;121;64.6;22.2;0;73;30
7340;75;75;10;6;6;4;5;1;2;0;0;1;0;13;3;5;13;73;65;78;26;7659;332;293;100.9;4.7;2.8;39.0;25.4;149;107;58.2;0.1;108;78;58.1;-0.2;2;30;17
7343;79;79;2;0;0;-3;7;0;0;0;0;1;1;3;1;0;3;49;45;50;0;2129;0;168;97.5;1.7;6.8;16.9;54.1;19;62;23.5;-16.4;14;47;23.0;-15.8;0;0;0
7344;78;78;7;1;1;-1;2;0;0;0;0;0;0;4;3;0;1;57;56;51;7;6529;107;0;95.6;2.8;3.3;35.3;27.0;116;107;52.0;8.0;90;74;54.9;9.2;0;0;0
7345;68;68;9;2;6;-4;2;0;1;0;0;0;0;8;3;3;9;59;61;49;19;9678;308;326;98.4;3.0;4.5;29.4;37.9;163;186;46.7;10.4;117;147;44.3;8.3;0;7;3
7347;83;83;9;4;7;10;15;0;0;0;0;3;0;17;3;1;3;72;75;59;29;8662;476;36;106.1;6.2;2.1;38.6;20.8;179;87;67.3;9.0;128;62;67.4;7.4;0;7;3
7349;63;63;13;1;2;0;6;0;0;0;0;0;0;7;2;0;4;54;52;54;12;9219;227;0;103.2;2.0;2.0;23.4;38.3;106;190;35.8;-17.6;82;133;38.1;-15.1;1;20;5
7352;83;83;9;2;2;-2;12;0;0;0;0;2;0;9;3;1;4;62;59;61;17;6906;63;939;94.4;2.1;3.1;36.5;27.6;136;106;56.2;-6.3;101;76;57.1;-6.8;0;4;1
7353;81;81;4;0;0;-4;10;0;0;0;0;2;1;10;1;2;1;62;62;55;7;4834;550;255;88.7;0.7;3.7;19.4;24.6;44;90;32.8;4.0;29;54;34.9;5.6;0;0;0
7356;80;80;6;0;0;-3;2;0;0;0;0;0;0;1;0;2;5;54;51;53;7;3012;0;0;96.3;2.4;6.0;32.3;53.8;50;76;39.7;-9.0;36;56;39.1;-9.7;0;4;0
7364;71;71;4;0;2;-8;0;0;0;0;0;0;0;1;0;1;12;59;56;50;2;4702;57;451;86.4;0.8;6.9;16.1;37.5;49;96;33.8;7.8;34;65;34.3;7.6;0;8;4
7365;70;70;5;1;3;-1;15;1;0;0;0;3;1;4;1;7;13;76;56;96;12;5644;859;706;93.6;3.8;4.5;35.7;26.2;109;77;58.6;13.2;85;57;59.9;14.1;0;0;0
7366;79;79;4;0;1;-4;0;0;0;0;0;0;0;2;0;2;2;57;56;55;5;3627;0;111;95.1;1.0;5.0;18.9;48.6;42;96;30.4;-11.0;29;64;31.2;-9.5;0;3;1
7367;70;70;4;0;0;-3;0;0;0;0;0;0;0;0;0;0;1;48;50;44;2;2165;0;0;88.9;0.0;5.0;11.6;44.9;14;49;22.2;-30.3;9;37;19.6;-33.8;0;0;0
7371;74;74;5;0;1;-4;0;0;0;0;0;0;0;3;2;0;6;54;54;47;6;4400;477;0;91.9;0.8;4.1;22.9;35.2;52;84;38.2;2.3;34;60;36.2;0.4;0;3;1
7372;74;74;5;0;0;-5;0;0;0;0;0;0;0;1;0;0;6;56;50;55;2;2236;0;522;84.6;1.6;9.7;20.9;41.9;27;57;32.1;-5.3;21;38;35.6;-0.3;0;38;25
7377;75;75;10;2;3;-6;0;1;0;0;0;0;0;3;3;2;3;57;57;50;18;10070;419;0;90.4;1.8;3.9;36.8;27.2;209;139;60.1;2.8;149;103;59.1;1.3;0;6;4
7379;75;75;10;0;3;-3;14;0;0;0;0;2;0;14;5;6;10;69;59;80;42;11967;1337;467;94.2;2.4;3.0;40.3;25.6;245;162;60.2;3.2;186;120;60.8;4.1;0;0;0
7380;64;64;9;2;1;1;7;0;0;0;0;1;0;7;3;2;4;59;53;60;21;7038;175;373;99.8;3.6;3.1;35.8;30.2;114;110;50.9;-7.8;83;84;49.7;-8.7;0;107;51
7381;70;70;5;2;7;-2;0;1;3;0;0;0;0;8;0;2;11;79;75;79;16;4819;1025;395;92.9;3.7;5.2;42.6;32.9;97;83;53.9;5.5;75;59;56.0;7.5;0;101;48
7383;81;81;4;0;2;-4;10;0;0;0;0;2;1;1;2;0;1;52;55;44;5;3597;288;148;92.1;3.0;7.0;26.0;36.0;46;63;42.2;16.4;35;51;40.7;13.8;0;7;3
7386;79;79;3;0;0;-3;0;0;0;0;0;0;0;4;1;0;10;56;48;66;3;2847;0;326;93.8;1.3;5.1;20.2;40.5;32;67;32.3;-13.9;23;42;35.4;-10.2;0;0;0
7391;64;64;10;6;1;3;2;0;0;0;0;0;0;8;1;4;7;68;66;63;26;9470;781;211;99.5;4.2;3.0;38.4;26.6;190;132;59.0;5.0;140;97;59.1;5.2;0;10;6
7392;71;71;4;0;0;0;0;0;0;0;0;0;0;6;1;0;1;56;53;58;3;2817;125;0;103.1;1.3;1.3;23.0;51.1;31;78;28.4;0.2;23;56;29.1;0.3;0;0;0
7394;80;80;6;0;3;-4;17;0;0;0;0;3;0;11;3;0;2;58;55;50;2;5076;0;58;95.7;2.1;5.0;22.0;35.5;62;101;38.0;-11.8;48;69;41.0;-7.8;0;8;5
7396;71;71;4;0;0;-4;5;0;0;0;0;0;0;1;1;0;1;49;49;51;1;1763;0;173;119.0;2.0;10.2;6.1;71.5;10;62;13.9;-16.9;8;46;14.8;-16.6;0;1;0
7397;82;82;15;5;3;8;0;0;0;0;0;0;0;6;9;4;8;55;50;61;10;14292;106;603;107.3;4.5;2.8;31.5;39.3;243;265;47.8;-9.7;170;211;44.6;-12.6;1;0;0
7399;74;74;5;1;5;-2;15;0;2;0;0;3;2;4;1;1;4;75;63;85;13;5882;850;458;91.3;3.1;4.3;30.0;22.6;89;74;54.6;26.7;67;56;54.5;27.9;0;0;0
7403;80;80;1;0;0;0;10;0;0;0;0;2;1;2;0;0;0;55;47;64;0;829;0;34;100.0;0.0;0.0;47.8;43.4;16;17;48.5;-3.6;12;12;50.0;0.0;0;0;0
7408;82;82;17;4;4;7;7;0;1;0;0;1;1;21;6;7;29;58;51;64;31;18982;749;1392;104.9;3.8;2.5;30.5;32.8;304;307;49.8;-10.5;218;229;48.8;-9.8;1;0;0
7410;106;106;14;4;11;13;41;0;0;0;0;7;2;12;0;5;11;67;67;58;34;14041;1139;143;106.7;6.2;2.6;41.3;31.3;287;208;58.0;0.4;214;164;56.6;-1.0;1;21;10
7411;113;113;5;2;2;-4;4;1;0;0;0;0;0;2;3;2;5;62;60;62;15;5298;210;357;91.5;0.7;3.4;31.3;31.9;78;92;45.9;5.0;60;65;48.0;4.8;0;9;6
7412;119;119;7;0;5;3;8;0;1;0;0;0;0;4;1;2;1;62;62;55;8;6733;1225;0;105.5;4.3;2.7;24.6;22.5;106;91;53.8;11.9;64;62;50.8;9.8;0;0;0
7413;110;110;14;6;8;3;27;2;1;1;0;5;2;24;7;4;7;71;75;62;53;14728;1946;784;92.3;3.9;3.2;46.9;19.8;372;155;70.6;14.0;270;126;68.2;11.7;1;1;0
7414;119;119;7;2;4;0;6;1;0;0;1;0;0;3;1;0;3;63;61;57;10;5228;750;352;98.6;2.8;3.4;28.2;31.0;88;87;50.3;6.5;65;66;49.6;8.4;1;75;48
7415;105;105;5;1;3;-2;10;0;1;0;0;2;0;8;3;4;15;63;51;74;9;5473;229;734;98.9;3.3;4.6;24.3;31.6;79;88;47.3;10.9;54;65;45.4;8.3;0;0;0
7416;107;107;4;1;0;-1;2;0;0;0;0;0;0;17;7;3;2;63;52;77;12;5069;820;441;102.2;2.8;3.6;25.6;39.8;67;102;39.6;7.8;46;76;37.7;4.8;0;0;0
7418;121;121;11;0;1;-11;0;0;0;0;0;0;0;0;1;1;1;51;52;48;6;5958;0;108;90.8;1.2;7.9;19.9;51.4;56;148;27.5;-24.7;45;108;29.4;-23.8;0;8;3
7420;107;107;4;0;0;-1;0;0;0;0;0;0;0;6;0;2;2;65;50;74;3;2439;0;52;96.4;0.0;1.5;22.1;41.3;23;49;31.9;-3.3;18;34;34.6;0.0;0;25;12
7422;116;116;12;7;8;7;0;2;1;0;1;0;0;12;3;7;16;81;76;82;49;12281;1508;782;103.2;3.8;1.8;39.0;26.7;250;167;60.0;5.2;183;124;59.6;5.1;3;26;11
7423;107;107;4;0;0;-2;2;0;0;0;0;0;0;2;0;1;5;56;53;56;3;3004;297;0;95.8;0.0;2.4;24.0;57.5;31;74;29.5;-6.8;25;60;29.4;-6.9;0;7;3
7426;108;108;5;1;4;1;9;0;0;0;0;1;0;11;2;0;2;59;59;48;6;5052;110;64;108.9;3.6;2.9;24.9;52.7;54;136;28.4;1.2;46;101;31.3;4.2;0;1;0
7428;106;106;14;2;4;-1;0;0;0;0;0;0;0;15;1;5;17;68;65;67;24;10765;96;2237;101.2;3.3;3.7;33.1;41.1;199;210;48.7;-12.1;142;163;46.6;-14.4;0;19;7
7434;117;117;10;8;2;8;6;0;0;1;0;0;0;3;1;2;6;65;64;62;24;9441;0;883;103.2;5.0;2.3;38.1;23.3;192;123;61.0;6.8;143;88;61.9;7.3;1;36;24
7438;114;114;13;4;9;4;31;1;0;0;0;3;1;22;3;5;13;59;52;66;42;15532;848;1730;96.0;3.7;2.8;42.4;21.8;332;165;66.8;14.1;245;127;65.9;13.9;0;0;0
7440;109;109;5;1;1;-2;15;0;0;0;0;3;1;3;0;2;3;57;55;51;5;3769;79;191;99.6;1.9;3.8;22.0;42.0;39;80;32.8;-8.7;28;60;31.8;-11.7;0;46;25
7441;114;114;13;2;9;7;0;0;1;0;0;0;0;22;5;4;11;79;61;94;46;15127;3523;950;97.6;4.0;2.4;43.8;20.5;332;154;68.3;16.3;243;117;67.5;16.3;2;0;0
7442;107;107;4;0;0;-4;0;0;0;0;0;0;0;7;1;2;3;64;53;72;1;3490;373;245;90.5;0.0;4.1;20.6;43.3;34;79;30.1;-6.2;27;60;31.0;-4.8;0;41;27
7443;122;122;11;0;2;3;7;0;0;0;1;1;1;5;3;3;9;53;47;57;13;11232;252;1532;101.5;3.8;3.5;36.2;38.5;200;195;50.6;6.1;153;154;49.8;4.7;0;0;0
7445;120;120;10;2;8;-6;6;1;3;0;0;0;0;10;1;3;42;72;61;80;32;11077;2195;747;93.0;2.9;4.9;33.1;30.9;180;168;51.7;4.4;136;125;52.1;2.8;0;0;0
7447;106;106;14;0;2;-1;16;0;0;0;0;2;1;6;3;5;16;55;50;60;22;15377;125;953;97.7;3.3;3.5;35.4;30.4;273;236;53.6;-6.0;212;178;54.4;-4.3;0;0;0
7451;120;120;10;1;3;-2;73;0;0;0;0;11;5;15;2;1;11;69;50;87;22;10124;18;1090;97.0;3.2;3.9;31.3;29.5;158;162;49.4;0.9;124;116;51.7;2.1;0;0;0
7452;110;110;14;2;7;1;4;1;1;0;0;0;0;7;4;0;5;56;58;49;24;14991;654;916;95.1;3.8;4.1;37.5;26.9;309;216;58.9;-3.6;221;159;58.2;-3.4;0;0;0
7453;107;107;4;1;0;-2;0;0;0;0;0;0;0;5;2;0;2;57;54;55;2;3815;0;331;97.8;0.9;2.8;22.6;44.4;49;87;36.0;1.9;38;71;34.9;0.4;0;4;0
7454;113;113;5;0;0;-2;10;0;0;0;0;2;0;1;0;0;9;53;50;58;3;2432;11;392;94.1;1.5;4.4;19.2;32.6;24;54;30.8;-14.1;18;38;32.1;-15.0;0;6;1
7455;121;121;11;7;8;2;14;4;4;0;0;2;1;23;3;8;10;72;68;73;26;10691;1365;487;97.3;3.0;2.4;33.7;20.2;176;146;54.7;10.0;134;91;59.6;15.2;0;15;10
7456;105;105;5;1;2;-4;4;0;0;0;0;0;0;2;0;5;9;68;66;71;9;4903;637;104;94.2;1.5;4.4;27.9;39.6;80;105;43.2;5.2;60;78;43.5;5.9;0;11;7
7457;113;113;5;0;1;-3;25;0;0;0;0;5;1;6;1;3;8;64;54;70;10;4436;88;76;91.8;0.8;3.2;30.8;30.0;67;69;49.3;9.2;53;49;52.0;9.9;0;71;33
7458;107;107;3;0;0;-1;12;0;0;0;0;0;0;0;0;1;5;60;52;69;3;2269;199;0;93.8;0.0;1.6;9.5;25.4;16;46;25.8;-13.2;10;28;26.3;-13.8;0;0;0
7459;120;120;10;1;5;5;24;0;0;0;0;2;0;10;1;2;10;65;59;68;15;9482;806;1109;105.5;3.8;1.9;32.3;30.4;151;145;51.0;3.1;119;102;53.8;5.0;0;135;59
7460;117;117;1;1;0;1;0;0;0;0;0;0;0;0;0;0;0;58;55;61;2;517;0;0;120.0;7.0;0.0;34.8;27.9;8;8;50.0;-22.1;5;4;55.6;-18.6;1;4;2
7462;122;122;12;7;5;9;13;2;2;0;0;1;0;10;3;1;12;67;65;66;45;11789;2124;278;103.9;4.9;2.1;39.4;25.0;237;162;59.4;18.2;176;118;59.9;18.6;1;4;0
7464;105;105;5;1;3;2;12;0;0;0;0;2;1;11;1;1;9;78;67;81;10;5203;1047;172;108.8;3.5;2.1;21.4;28.4;65;83;43.9;5.6;48;55;46.6;9.5;0;2;1
7465;106;106;14;1;4;-1;19;0;0;0;0;3;0;10;0;2;4;58;57;53;20;9758;102;0;99.0;3.0;3.3;34.7;35.0;175;168;51.0;-8.5;128;133;49.0;-10.5;0;0;0
7467;105;105;5;2;1;2;0;1;0;0;0;0;0;4;1;3;5;71;61;78;6;5312;291;616;108.3;2.7;1.4;21.0;29.1;65;85;43.3;4.9;50;59;45.9;8.7;0;80;41
7468;119;119;7;3;4;4;2;0;0;1;0;0;0;11;3;2;18;76;63;88;17;7177;685;702;108.9;4.0;2.5;24.1;32.1;85;122;41.1;-6.6;61;91;40.1;-5.2;1;0;0
7470;108;108;5;4;4;-3;0;1;0;0;0;0;0;1;2;3;6;67;70;56;20;5636;764;0;101.4;4.5;6.4;25.6;39.6;74;131;36.1;12.8;56;94;37.3;13.1;0;6;2
7471;105;105;5;1;0;2;17;0;0;0;0;3;1;11;4;3;3;66;56;69;7;5099;0;578;108.3;2.8;1.4;21.2;28.2;63;79;44.4;6.2;49;55;47.1;10.2;0;26;10
7474;105;105;4;0;0;-7;0;0;0;0;0;0;0;1;1;0;1;51;52;49;5;3580;261;64;85.7;0.0;7.0;16.1;49.3;43;81;34.7;-5.3;27;66;29.0;-12.7;0;62;26
7475;144;144;2;0;1;1;0;0;0;0;0;0;0;0;1;0;0;50;49;51;0;1835;0;77;108.2;5.9;3.9;29.4;33.4;25;33;43.1;-6.5;24;25;49.0;-1.5;0;0;0
7476;119;119;7;7;3;2;12;2;0;0;0;2;0;11;3;1;6;72;73;65;24;7026;1373;478;102.1;5.1;4.1;30.2;27.7;113;107;51.4;8.8;79;74;51.6;12.0;1;20;11
7477;113;113;4;1;0;-2;12;0;0;0;0;2;0;2;0;0;2;55;53;59;3;3231;88;286;108.0;3.3;5.6;18.9;57.9;28;93;23.1;-24.8;23;69;25.0;-26.3;0;0;0
7478;117;117;10;2;10;14;2;2;1;0;0;0;0;27;1;3;14;80;64;90;39;12678;2086;1099;102.8;5.7;2.0;46.0;20.7;272;150;64.5;13.6;204;110;65.0;13.5;0;0;0
7481;105;105;5;1;0;3;4;0;0;0;0;0;0;3;1;0;5;58;52;64;5;4244;868;0;109.9;3.4;0.8;26.3;28.0;58;81;41.7;2.5;41;55;42.7;4.0;1;74;28
7483;116;116;12;3;13;9;21;1;3;0;0;3;2;16;0;0;7;70;71;62;28;12452;1498;292;104.8;4.9;2.0;41.1;28.0;279;158;63.8;11.3;195;126;60.7;7.0;2;1;1
7484;120;120;10;4;6;3;0;3;1;0;0;0;0;18;2;3;7;70;68;64;25;10790;1967;570;98.9;5.0;4.0;46.0;33.4;239;162;59.6;17.4;194;123;61.2;18.1;1;230;119
7485;116;116;12;2;1;0;7;0;0;0;0;1;0;5;4;1;5;54;51;56;5;5571;362;0;101.5;1.9;1.9;23.3;28.4;72;84;46.2;-11.8;51;58;46.8;-10.7;0;37;16
7490;109;109;5;0;3;1;2;0;0;0;0;0;0;3;2;1;19;66;52;84;10;6217;164;183;106.0;2.9;2.3;24.3;39.4;69;135;33.8;-9.6;53;96;35.6;-8.8;0;0;0
7491;112;112;5;0;3;2;4;0;1;0;0;0;0;2;0;1;6;65;62;69;9;4902;450;292;106.5;2.9;1.5;28.6;38.9;67;89;42.9;-6.5;49;72;40.5;-7.4;0;10;4
7492;116;116;12;5;3;3;14;0;0;0;0;2;2;12;4;9;18;71;62;76;29;10193;66;1294;100.8;3.9;3.2;31.4;27.5;165;158;51.1;-7.3;122;111;52.4;-5.2;0;28;15
7494;108;108;5;3;0;-4;0;0;0;0;0;0;0;3;3;0;19;63;55;73;12;5488;653;159;107.1;2.6;5.2;16.4;59.0;57;164;25.8;-2.8;38;123;23.6;-7.4;0;0;0
7495;120;120;10;5;3;7;19;0;0;0;0;3;0;10;2;1;1;61;62;56;16;9282;806;63;107.7;4.7;1.9;33.4;31.0;151;144;51.2;3.3;119;102;53.8;5.0;0;14;7
7502;116;116;11;3;4;7;4;0;0;0;0;0;0;4;4;0;2;53;52;52;24;12229;0;589;102.0;5.0;2.9;40.6;28.6;233;164;58.7;5.8;178;128;58.2;5.4;0;0;0
7503;107;107;4;0;0;-2;2;0;0;0;0;0;0;7;2;1;11;71;50;92;7;4259;329;601;97.9;0.8;2.5;22.8;44.0;52;90;36.6;2.8;38;70;35.2;0.9;0;0;0
7505;114;114;13;0;3;0;13;0;2;0;0;1;0;7;1;4;9;63;54;73;13;7577;1097;16;99.9;1.9;1.9;28.5;28.0;114;108;51.4;-8.1;79;78;50.3;-8.3;0;89;44
7508;106;106;14;0;3;-1;11;0;0;0;0;1;0;6;0;1;4;56;52;57;7;6460;1023;108;102.4;3.3;3.3;31.8;41.2;94;141;40.0;-20.7;77;101;43.3;-16.5;0;112;38
7509;117;117;10;3;8;8;6;0;1;0;0;0;0;22;2;2;7;70;69;64;32;9825;2136;9;103.3;5.5;2.6;40.3;24.9;212;135;61.1;7.3;158;98;61.7;7.4;0;1;0
7513;109;109;5;0;0;-1;5;0;0;0;0;1;0;2;1;2;2;57;52;62;2;4152;204;0;97.7;0.0;0.9;12.1;37.3;27;75;26.5;-16.3;19;56;25.3;-19.4;0;7;3
7514;121;121;11;1;3;-6;31;0;0;0;0;5;3;12;4;0;8;58;52;51;7;8223;0;56;94.8;2.2;4.8;26.3;35.5;110;157;41.2;-8.4;85;119;41.7;-9.3;1;7;2
7516;113;113;5;0;1;-4;2;0;1;0;0;0;0;3;0;0;1;63;56;67;9;4256;1254;0;92.0;0.8;3.4;27.1;30.5;63;67;48.5;7.9;47;49;49.0;5.6;0;0;0
7517;122;122;12;3;4;-6;2;2;1;0;0;0;0;10;1;4;7;58;58;54;18;9261;848;70;99.0;2.7;5.1;24.1;41.2;123;184;40.1;-8.6;86;143;37.6;-12.1;0;14;7
7518;111;111;1;0;0;-1;0;0;0;0;0;0;0;0;0;0;0;47;50;40;0;538;0;82;0.0;0.0;6.7;0.0;80.3;3;18;14.3;-19.7;0;14;0.0;-32.5;0;0;0
7519;106;106;3;0;1;3;5;0;0;0;0;1;0;0;0;2;3;57;52;61;1;1465;0;0;133.3;7.4;0.0;22.1;44.2;16;29;35.6;-16.7;12;21;36.4;-17.9;0;0;0
7522;116;116;12;0;2;1;0;0;0;0;0;0;0;6;3;0;2;54;50;52;4;5321;0;78;105.3;2.7;2.0;22.3;29.8;66;81;44.9;-13.2;46;57;44.7;-13.1;0;11;5
7523;120;120;10;9;8;2;21;3;4;0;0;1;0;22;0;1;3;75;80;65;49;10836;1967;509;98.8;4.7;4.0;44.2;33.9;237;159;59.8;17.7;190;125;60.3;16.6;2;20;13
7524;116;116;12;2;2;3;0;0;1;0;0;0;0;3;3;5;17;69;55;83;25;11262;1569;698;102.3;3.2;1.9;32.6;25.6;201;161;55.5;-1.4;145;115;55.8;-0.6;0;0;0
7526;117;117;10;2;4;6;4;0;0;0;0;0;0;6;2;0;2;58;57;54;10;7802;64;41;107.1;4.6;1.8;36.0;32.3;134;127;51.3;-6.2;110;93;54.2;-3.4;1;122;61
7527;117;117;10;2;2;7;4;0;0;0;0;0;0;4;1;2;5;59;55;58;21;7398;0;468;109.6;5.8;2.4;34.1;32.1;116;119;49.4;-8.5;95;88;51.9;-6.2;0;1;0
7528;119;119;7;0;0;-3;19;0;0;0;0;1;1;6;0;0;2;56;54;51;10;4785;139;983;89.9;2.3;4.5;27.8;24.8;84;74;53.2;10.1;60;52;53.6;13.1;0;6;3
7530;114;114;7;0;0;-4;9;0;0;0;0;1;0;5;1;0;0;54;50;49;5;3582;0;0;91.9;2.0;6.0;21.1;34.2;52;59;46.8;-15.3;33;48;40.7;-21.8;0;11;3
7531;113;113;5;1;2;-1;4;0;0;0;0;0;0;3;1;0;5;53;55;47;4;3452;0;290;99.0;5.2;6.3;33.4;37.5;50;77;39.4;-4.4;41;52;44.1;-1.0;0;1;1
7533;111;111;3;1;2;-3;6;1;2;0;0;0;0;3;2;0;8;71;67;77;6;3443;217;420;92.2;1.0;4.2;26.1;35.6;49;61;44.5;15.1;35;46;43.2;13.8;0;10;6
7534;121;121;2;0;0;-2;5;0;0;0;0;1;0;1;0;0;3;50;50;53;2;1481;11;401;83.3;0.0;4.9;29.2;29.2;28;29;49.1;-5.9;19;17;52.8;-1.7;0;0;0
7536;116;116;12;4;9;4;20;1;1;0;0;4;0;19;6;10;28;79;62;93;38;14288;1391;628;101.9;3.5;2.3;32.3;25.2;253;203;55.5;-1.6;178;144;55.3;-1.5;2;0;0
7537;122;122;12;9;9;9;18;1;3;1;0;0;0;21;4;7;18;74;74;73;39;12416;2286;869;102.9;4.6;2.3;38.3;25.2;246;166;59.7;18.9;182;124;59.5;18.3;2;20;11
7539;110;110;13;5;11;9;75;0;2;0;0;15;6;15;6;5;15;83;77;83;38;11436;1640;1346;97.5;4.7;1.9;49.7;15.7;300;106;73.9;17.5;226;70;76.4;21.9;0;36;24
7540;109;109;5;3;2;-1;5;0;2;0;0;1;0;3;3;2;19;87;64;98;14;4986;1093;379;105.0;3.6;3.6;20.2;28.2;51;82;38.3;-1.4;36;58;38.3;-3.2;0;0;0
7541;113;113;5;0;1;-3;7;0;0;0;0;1;0;4;2;2;4;69;59;78;10;5305;101;750;92.2;1.4;3.4;25.1;25.8;59;96;38.1;-6.6;43;64;40.2;-6.5;0;0;0
7542;110;110;13;1;9;4;21;0;1;0;2;3;0;16;3;4;9;70;68;70;36;15457;1130;951;97.2;4.2;3.7;39.1;27.5;337;195;63.3;5.9;245;155;61.3;3.9;0;2;1
7545;107;107;3;0;1;-3;4;0;0;0;0;0;0;5;0;0;1;54;57;47;5;2551;0;358;93.6;1.4;5.6;28.2;49.4;39;60;39.4;4.1;31;52;37.3;-0.9;0;1;1
7548;105;105;5;1;5;-2;10;0;0;0;0;2;1;8;0;2;4;70;59;71;6;5423;229;393;100.1;4.0;5.3;25.2;33.9;81;90;47.4;11.2;55;69;44.4;6.9;0;0;0
7550;111;111;4;0;3;-5;20;0;2;0;0;4;4;6;1;3;7;72;55;76;12;4333;376;537;87.7;0.8;5.0;30.7;33.2;64;74;46.4;20.2;47;49;49.0;24.2;0;0;0
7551;112;112;3;2;2;2;17;0;0;0;0;3;2;5;1;0;3;63;66;47;5;2919;0;181;101.7;6.2;3.7;41.9;28.4;61;37;62.2;15.3;46;29;61.3;16.1;0;5;4
7553;109;109;5;1;3;1;19;0;0;0;0;3;2;3;0;0;2;65;61;58;6;5137;530;228;98.1;3.5;2.8;34.3;23.1;92;68;57.5;27.3;71;48;59.7;28.8;0;96;60
7554;95;95;5;0;1;-5;0;0;0;0;0;0;0;8;1;0;5;52;49;54;4;5848;0;378;93.4;1.2;4.3;17.2;31.4;58;97;37.4;0.6;43;67;39.1;2.6;0;0;0
7564;113;113;5;0;0;-2;0;0;0;0;0;0;0;1;0;0;10;58;53;62;1;5001;101;462;97.2;2.2;3.6;20.2;26.6;49;95;34.0;-12.1;33;62;34.7;-13.6;0;0;0
7567;102;102;4;1;0;-4;2;0;0;0;0;0;0;0;2;0;3;54;51;52;3;3936;165;195;94.3;0.9;4.6;19.2;43.9;43;83;34.1;-1.9;30;67;30.9;-5.9;0;0;0
7573;117;117;10;0;3;0;0;0;0;0;0;0;0;3;1;2;7;60;51;68;14;8998;63;383;102.7;4.4;4.4;30.8;38.0;153;169;47.5;-12.1;108;128;45.8;-15.5;0;0;0
7581;64;64;1;0;0;1;0;0;0;0;0;0;0;1;1;2;1;75;43;99;0;922;0;48;114.3;3.9;0.0;27.3;27.3;12;11;52.2;-18.8;7;7;50.0;-21.8;0;0;0
7584;110;110;11;0;1;4;19;0;0;0;0;0;0;6;8;0;5;54;46;66;22;11179;0;947;99.4;4.2;2.9;42.8;28.0;233;166;58.4;-3.8;172;125;57.9;-3.2;0;0;0
7588;90;90;4;0;3;1;2;0;0;0;0;0;0;2;1;0;3;65;53;80;6;4398;395;236;102.4;5.7;4.9;27.8;27.0;56;63;47.1;7.2;46;45;50.5;9.5;0;0;0
7589;101;101;8;2;1;1;2;0;0;0;0;0;0;4;1;1;2;58;51;63;13;7603;0;211;99.8;4.3;3.8;33.6;29.4;135;114;54.2;-0.4;102;84;54.8;-1.3;1;0;0
7590;102;102;1;0;0;-2;0;0;0;0;0;0;0;0;0;0;3;47;48;45;1;979;0;74;81.8;0.0;7.4;14.7;40.4;7;25;21.9;-4.0;6;18;25.0;-3.1;0;0;0
7593;72;72;6;1;1;0;8;0;0;0;0;0;0;2;1;1;0;53;54;51;11;5566;401;215;93.7;2.6;2.6;44.6;21.3;135;80;62.8;-4.0;103;57;64.4;-3.5;0;0;0
7595;66;66;4;1;0;-2;4;0;0;0;0;0;0;0;0;1;3;58;53;61;7;4195;416;113;100.0;0.9;2.6;18.0;54.1;34;108;23.9;-11.3;26;85;23.4;-12.3;0;0;0
7597;82;82;18;0;4;0;2;0;0;0;0;0;0;8;2;1;7;53;51;54;28;17066;234;527;102.1;3.0;3.0;28.9;36.5;263;310;45.9;-11.7;188;238;44.1;-12.4;0;0;0
7599;90;90;6;0;0;-2;0;0;0;0;0;0;0;8;1;0;2;55;47;66;5;6196;164;569;99.1;2.3;3.5;25.0;34.3;71;112;38.8;-1.2;56;86;39.4;-1.6;0;0;0
7600;93;93;15;1;2;12;4;0;0;0;1;0;0;10;1;2;12;55;50;60;19;14487;0;872;100.9;5.2;2.7;39.8;22.4;303;176;63.3;0.2;220;128;63.2;0.7;0;0;0
7601;86;86;2;0;0;-5;0;0;0;0;0;0;0;0;1;1;1;51;46;59;2;2063;186;140;84.8;0.0;8.7;20.9;57.6;16;58;21.6;-12.8;15;43;25.9;-9.6;0;0;0
7602;101;101;8;1;1;2;2;0;0;0;0;0;0;3;1;1;3;65;55;75;12;8410;45;439;100.5;2.6;1.7;37.7;27.0;151;112;57.4;4.3;121;88;57.9;3.2;0;0;0
7604;101;101;7;0;2;-2;6;0;0;0;0;0;0;4;4;1;4;54;53;54;15;6890;422;348;95.8;2.6;3.7;32.4;29.8;114;108;51.4;0.5;87;78;52.7;-0.4;0;0;0
7606;0;0;7;2;8;1;2;1;0;0;0;0;0;6;7;8;4;67;63;70;7;7457;539;0;103.9;4.8;4.3;33.3;41.0;104;136;43.3;3.7;80;99;44.7;7.9;0;94;47
7607;45;28;12;2;5;0;8;0;1;0;0;0;0;23;6;2;19;75;65;83;30;12156;2458;433;95.6;3.6;3.6;36.1;24.9;213;164;56.5;-0.1;159;122;56.6;0.5;0;0;0
7608;60;18;9;4;1;3;2;0;0;0;0;0;0;16;1;0;9;60;57;61;19;8724;0;450;106.3;4.1;2.9;27.6;33.4;114;149;43.3;-10.2;87;108;44.6;-8.4;3;7;6
7610;143;18;3;0;0;-1;12;0;0;0;0;0;0;5;2;0;3;70;57;75;8;3306;364;49;96.3;0.0;1.1;31.6;29.4;73;45;61.9;21.9;51;34;60.0;17.4;0;50;25
7612;131;1;7;1;7;10;0;0;0;0;0;0;0;7;0;1;2;82;72;88;18;6850;1353;0;115.6;5.3;0.0;33.6;19.4;119;73;62.0;3.9;85;55;60.7;2.5;0;117;61
7613;1;1;7;1;4;3;0;1;0;0;0;0;0;4;0;10;8;64;63;59;17;7691;1133;405;105.7;7.0;5.6;36.5;41.7;116;141;45.1;-6.3;92;105;46.7;-3.4;0;0;0
7614;20;20;7;2;2;2;2;0;0;0;0;0;0;4;0;4;11;63;57;68;14;7938;210;659;105.9;3.2;2.3;26.8;38.1;92;125;42.4;1.5;74;97;43.3;0.5;1;0;0
7618;144;8;6;2;4;0;0;1;1;0;0;0;0;11;2;2;5;73;67;74;22;6388;509;104;95.5;2.8;2.8;39.4;24.2;116;82;58.6;14.3;91;60;60.3;16.0;0;114;59
7620;59;1;5;0;0;-3;0;0;0;0;0;0;0;1;1;0;1;55;50;57;6;2300;217;127;78.1;1.6;6.3;32.9;23.5;31;28;52.5;-1.1;23;21;52.3;-2.7;0;31;9
7622;102;102;3;0;0;-1;5;0;0;0;0;1;0;1;1;0;1;48;49;47;0;1297;0;0;94.4;0.0;2.8;16.7;50.0;15;32;31.9;-9.1;11;26;29.7;-9.8;0;1;1
7624;89;89;6;0;0;-2;10;0;0;0;0;2;0;2;1;1;8;51;50;54;6;4854;180;160;104.4;2.2;3.7;18.5;48.9;43;138;23.8;-15.2;30;95;24.0;-11.4;0;58;21
7631;103;103;1;0;0;1;5;0;0;0;0;1;0;0;0;0;0;55;50;60;0;402;0;0;133.3;9.0;0.0;26.9;26.9;6;9;40.0;-48.8;4;5;44.4;-46.8;0;5;1
7633;93;93;16;4;2;1;0;0;0;0;0;0;0;0;3;0;0;52;50;53;12;7146;0;413;108.1;4.0;3.5;25.2;44.8;90;147;38.0;-30.0;71;123;36.6;-31.9;1;6;3
7636;103;103;17;2;4;3;4;0;1;0;0;0;0;9;0;2;4;61;61;55;27;12556;161;47;94.7;3.2;2.3;42.4;18.1;284;127;69.1;-3.2;208;96;68.4;-5.1;0;2;1
7641;102;102;4;0;1;-6;4;0;0;0;0;0;0;0;1;0;1;56;56;51;5;3463;79;235;89.5;1.0;7.3;23.9;48.9;42;80;34.4;-1.4;32;62;34.0;-1.5;0;0;0
7642;95;95;5;0;2;-7;12;0;0;0;0;2;0;3;1;0;1;50;51;45;3;4102;0;0;91.2;2.6;8.8;21.1;41.2;49;78;38.6;2.1;35;58;37.6;0.5;0;0;0
7644;102;102;1;0;0;1;5;0;0;0;0;1;0;1;0;0;0;55;50;65;0;428;0;0;200.0;8.4;0.0;8.4;25.2;1;9;10.0;-16.2;1;6;14.3;-14.1;0;6;1
7645;91;91;6;0;1;-4;0;0;0;0;0;0;0;3;4;3;1;49;49;47;2;4642;0;350;99.4;3.1;6.2;20.9;40.3;50;87;36.5;-18.1;37;69;34.9;-21.3;0;6;3
7647;86;86;4;1;1;1;0;0;0;0;0;0;0;0;2;0;0;50;50;45;3;2785;0;0;116.9;7.8;6.5;24.6;43.9;29;63;31.5;-1.4;26;44;37.1;5.0;0;0;0
7648;103;103;15;0;3;1;7;0;0;0;0;1;0;6;3;0;0;55;52;55;26;14044;0;386;92.3;3.3;3.1;41.3;19.5;294;157;65.2;-7.2;213;105;67.0;-5.8;0;0;0
7649;86;86;4;0;1;-5;5;0;1;0;0;1;0;1;1;0;1;45;49;39;0;1683;2;0;90.4;2.1;12.8;19.3;62.0;23;47;32.9;0.4;12;38;24.0;-11.3;0;3;1
7653;89;89;2;0;0;-1;0;0;0;0;0;0;0;0;1;0;2;48;47;51;0;1165;0;0;95.0;0.0;3.1;3.1;61.8;5;31;13.9;-27.3;4;26;13.3;-24.9;0;17;5
7656;86;86;1;0;0;0;0;0;0;0;0;0;0;0;0;0;0;54;50;49;0;215;0;0;100.0;0.0;0.0;16.7;67.0;2;6;25.0;-18.0;1;4;20.0;-24.6;0;0;0
7658;85;85;9;1;2;-4;7;0;0;0;0;1;0;8;5;1;9;57;48;67;10;8732;0;386;97.1;2.1;3.7;23.9;32.2;109;171;38.9;-1.1;86;125;40.8;2.1;0;0;0
7660;89;89;6;2;1;-1;0;0;0;0;0;0;0;2;0;2;5;61;55;63;5;3141;337;99;105.6;3.4;4.6;20.6;41.3;31;68;31.3;-4.1;24;53;31.2;-1.6;1;2;2
7664;104;104;9;1;1;-2;6;0;0;0;0;0;0;8;1;1;4;55;51;58;11;6277;0;55;101.4;2.3;3.4;20.1;34.4;77;121;38.9;-9.5;53;86;38.1;-10.3;0;104;40
7665;91;91;1;0;0;0;0;0;0;0;0;0;0;0;0;0;0;69;50;92;2;1075;0;31;100.0;0.0;0.0;20.1;26.8;16;15;51.6;-0.4;9;11;45.0;-10.0;0;0;0
7668;96;96;4;0;0;-2;0;0;0;0;0;0;0;2;2;1;11;52;47;62;0;2384;96;0;96.7;0.0;3.0;1.5;92.1;4;109;3.5;-13.5;3;82;3.5;-11.0;0;29;11
7670;85;85;11;0;1;-3;0;0;0;0;0;0;0;6;5;1;2;51;49;51;8;9001;149;24;106.5;3.6;4.8;19.6;40.4;91;187;32.7;-11.6;65;142;31.4;-13.4;0;5;1
7671;94;94;15;1;0;0;2;0;0;0;0;0;0;2;0;0;3;52;50;51;7;5821;0;26;110.2;3.7;3.7;21.6;53.2;63;146;30.1;-26.0;49;114;30.1;-25.5;0;26;7
7672;86;86;1;0;0;-2;0;0;0;0;0;0;0;0;0;0;1;44;50;38;0;562;0;0;84.6;0.0;12.8;6.4;83.3;4;21;16.0;-18.1;1;17;5.6;-30.9;0;0;0
7674;91;91;7;0;0;-1;0;0;0;0;0;0;0;2;1;2;0;53;49;55;3;3241;0;0;97.3;0.0;1.1;12.2;41.1;28;68;29.2;-26.1;19;52;26.8;-29.4;0;0;0
7676;90;90;1;0;0;1;0;0;0;0;0;0;0;1;0;0;0;47;50;43;1;935;0;34;116.7;3.9;0.0;23.1;27.0;10;20;33.3;-13.2;7;12;36.8;-12.0;0;0;0
7677;104;104;9;3;1;4;0;0;0;0;0;0;0;4;2;0;0;54;51;51;11;4671;0;0;116.1;4.6;1.5;22.4;33.9;56;96;36.8;-4.3;42;63;40.0;-0.7;1;5;2
7682;100;100;4;0;1;-3;0;0;0;0;0;0;0;1;0;0;12;57;55;54;4;3635;347;58;104.2;2.0;4.0;17.8;57.4;34;108;23.9;-11.4;20;79;20.2;-14.3;0;45;12
7683;91;91;7;1;1;-4;9;0;0;0;0;1;0;4;4;2;0;51;52;48;7;5443;358;314;98.8;3.3;6.0;21.8;36.4;64;99;39.3;-16.2;44;75;37.0;-19.7;1;7;1
7688;95;95;5;0;0;-3;2;0;0;0;0;0;0;1;0;0;0;50;51;46;1;2396;0;45;90.0;0.0;4.5;12.0;45.1;16;59;21.3;-18.5;11;42;20.8;-19.3;0;1;0
7689;88;88;1;0;0;-1;2;0;0;0;0;0;0;1;0;0;0;63;51;46;0;765;0;0;66.7;0.0;4.7;32.9;14.1;15;7;68.2;5.6;11;4;73.3;5.1;0;0;0
7691;95;95;2;0;0;0;2;0;0;0;0;0;0;0;0;0;0;54;51;58;3;784;4;0;100.0;0.0;0.0;32.1;32.1;9;13;40.9;4.4;8;10;44.4;3.8;0;0;0
7692;86;86;2;1;0;-4;0;0;0;0;0;0;0;1;1;0;1;46;51;46;2;1741;247;0;88.4;2.1;10.3;18.6;45.5;14;42;25.0;-6.5;12;28;30.0;-2.5;0;0;0
7694;100;100;4;0;0;-8;0;0;0;0;0;0;0;1;1;1;11;54;50;54;5;3851;330;0;83.9;0.9;7.5;18.7;35.5;32;79;28.8;-3.6;27;51;34.6;6.5;0;0;0
7696;101;101;1;0;0;0;0;0;0;0;0;0;0;1;0;0;0;59;53;66;1;441;0;0;100.0;0.0;0.0;49.0;32.7;10;5;66.7;-1.0;9;4;69.2;1.7;0;0;0
7700;90;90;1;0;0;1;0;0;0;0;0;0;0;0;0;0;2;75;50;99;2;963;0;246;116.7;3.7;0.0;22.4;26.2;10;21;32.3;-15.1;7;13;35.0;-15.0;0;0;0
7701;86;86;4;1;1;-3;12;0;0;0;0;2;0;0;1;0;3;50;52;44;2;1916;0;43;125.5;7.5;13.2;16.9;69.5;20;56;26.3;-7.8;12;47;20.3;-16.3;0;31;17
7703;85;85;11;0;1;-10;2;0;0;0;0;0;0;3;1;0;2;48;49;43;4;5621;98;5;87.6;0.6;7.0;20.5;45.5;54;142;27.6;-16.8;43;99;30.3;-13.4;0;12;3
7704;96;96;4;0;0;-6;2;0;0;0;0;0;0;10;2;1;8;52;47;56;2;5235;208;480;110.3;1.4;5.5;7.6;70.1;25;174;12.6;-2.4;14;140;9.1;-5.0;0;0;0
7706;96;96;4;0;0;-8;5;0;0;0;0;1;1;2;1;0;2;49;47;48;3;4046;0;525;97.3;0.9;8.0;8.9;63.2;27;122;18.1;5.8;18;99;15.4;4.9;0;0;0
7707;88;88;11;1;2;-4;19;0;0;0;0;3;0;4;0;1;5;56;53;54;10;5271;52;0;97.0;2.0;4.8;29.4;47.8;68;120;36.2;-23.1;54;91;37.2;-23.4;0;74;35
7708;100;100;4;1;0;-3;0;0;0;0;0;0;0;5;2;2;4;56;50;59;5;3409;17;98;99.0;1.1;4.2;19.0;64.4;27;103;20.8;-15.6;21;81;20.6;-13.9;0;7;4
7709;103;103;14;0;2;0;0;0;0;0;0;0;0;2;3;0;1;54;50;52;8;6697;0;0;94.9;2.2;2.2;29.0;17.2;107;78;57.8;-11.7;76;48;61.3;-8.1;0;0;0
7710;99;99;11;1;1;0;12;0;0;0;0;2;0;8;3;4;4;50;48;56;8;9354;0;388;106.9;3.8;3.8;23.5;40.4;113;192;37.0;-18.0;86;148;36.8;-17.9;0;0;0
7711;99;99;1;0;0;0;0;0;0;0;0;0;0;0;0;0;0;55;50;48;0;293;0;0;100.0;0.0;0.0;61.4;36.9;6;5;54.5;-14.2;5;3;62.5;-4.7;0;0;0
7712;102;102;3;0;0;-1;0;0;0;0;0;0;0;1;0;1;0;56;50;58;0;1300;0;0;94.4;0.0;2.8;16.6;49.8;15;32;31.9;-9.1;11;26;29.7;-9.8;0;20;8
7718;89;89;5;0;0;-4;0;0;0;0;0;0;0;3;3;1;4;50;47;55;0;5437;0;362;104.5;2.0;4.6;15.2;54.3;32;162;16.5;-27.0;25;129;16.2;-24.1;0;0;0
7723;95;95;4;1;0;0;0;0;0;0;0;0;0;0;0;1;4;57;51;65;4;2701;0;0;107.1;2.7;2.7;14.7;24.0;25;44;36.2;0.4;17;32;34.7;0.1;0;43;18
7725;94;94;15;1;1;-6;7;0;0;0;0;1;0;8;2;1;3;53;50;55;7;7367;62;138;96.5;1.0;3.9;21.5;48.4;92;172;34.8;-21.5;69;136;33.7;-22.2;0;95;39
7726;101;101;6;0;0;-2;0;0;0;0;0;0;0;2;0;1;1;53;50;55;0;2782;45;0;98.0;1.3;3.9;14.2;34.9;22;56;28.2;-28.3;17;39;30.4;-27.1;0;29;14
7727;104;104;10;0;2;-2;2;0;1;0;0;0;0;12;3;2;8;60;54;61;6;7644;204;536;101.0;1.9;2.8;21.2;35.8;98;151;39.4;-5.7;70;107;39.5;-6.0;0;12;8
7728;104;104;9;1;2;-1;9;0;0;0;0;1;1;4;1;1;4;55;55;47;11;7099;127;0;103.0;3.0;3.5;22.3;33.5;85;136;38.5;-4.7;62;94;39.7;-3.2;0;0;0
7730;88;88;10;1;0;-5;2;0;0;0;0;0;0;7;1;1;3;52;52;47;9;4717;0;104;96.7;3.1;6.9;31.3;52.7;66;99;40.0;-17.4;49;81;37.7;-21.1;0;27;15
7736;99;99;10;0;2;-3;16;0;0;0;0;0;0;3;2;1;1;54;50;49;3;4788;109;0;97.8;1.5;3.0;23.3;34.6;52;94;35.6;-11.6;38;72;34.5;-11.8;0;0;0
7737;104;104;1;0;0;3;0;0;0;0;0;0;0;0;0;0;0;48;50;46;0;957;0;62;133.3;11.3;0.0;33.9;37.6;17;19;47.2;-13.3;10;12;45.5;-19.9;0;0;0
7738;95;95;5;0;1;-7;0;0;0;0;0;0;0;1;0;0;3;50;52;45;2;3002;161;0;97.9;3.6;12.0;19.2;57.6;31;83;27.2;-12.8;20;61;24.7;-16.2;0;36;23
7739;96;96;4;0;0;-7;10;0;0;0;0;2;0;3;0;0;4;50;50;47;0;3690;0;22;89.7;0.0;6.8;7.8;66.3;19;118;13.9;-0.2;10;91;9.9;-2.9;0;5;0
7741;99;99;3;0;2;2;2;0;0;0;0;0;0;4;0;0;0;58;55;44;3;1947;0;0;97.2;7.4;3.7;48.1;20.3;44;22;66.7;-2.8;33;14;70.2;-1.2;0;0;0
7742;85;85;11;0;3;-8;10;0;1;0;0;0;0;8;5;3;6;53;52;51;26;11209;1744;380;93.9;1.9;3.9;27.3;29.2;160;169;48.6;10.5;118;127;48.2;9.8;0;3;3
7744;90;90;6;1;1;-3;4;0;0;0;0;0;0;4;0;0;4;57;56;51;6;5258;174;0;94.4;1.4;3.4;24.6;30.8;67;89;42.9;4.5;51;69;42.5;2.7;0;6;4
7750;89;89;5;0;1;-1;0;0;0;0;0;0;0;2;0;0;1;51;50;49;0;2548;0;0;113.9;4.2;5.7;15.5;42.4;21;65;24.4;-11.9;15;48;23.8;-10.8;0;10;3
7754;86;86;4;1;0;-6;4;0;0;0;0;0;0;10;0;2;5;55;55;48;6;3644;453;265;91.0;2.0;7.9;19.8;41.5;32;83;27.8;-6.7;24;61;28.2;-7.2;0;7;5
7757;90;90;6;1;0;0;4;0;0;0;0;0;0;1;1;4;13;52;50;50;10;6084;64;527;108.2;4.7;4.7;25.4;45.6;77;142;35.2;-6.9;64;101;38.8;-2.7;1;0;0
7764;91;91;5;0;2;-2;2;0;0;0;0;0;0;0;1;0;3;53;54;47;7;4588;0;266;100.4;3.1;4.7;24.3;37.7;64;84;43.2;-12.9;44;64;40.7;-15.0;0;0;0
7765;91;91;3;0;0;0;0;0;0;0;0;0;0;0;1;0;0;50;48;47;0;1242;0;0;100.0;0.0;0.0;5.8;52.2;6;31;16.2;-41.0;2;23;8.0;-50.0;0;14;6
7766;99;99;12;4;3;10;9;1;0;0;0;1;0;13;1;3;7;62;56;59;16;10768;379;0;110.2;5.7;2.3;31.8;30.4;185;166;52.7;2.8;138;122;53.1;3.8;1;14;8
7768;95;95;5;1;3;-2;0;0;0;0;0;0;0;2;1;1;4;55;58;46;8;4718;397;59;106.4;4.6;6.1;19.8;36.6;53;92;36.6;-0.7;42;63;40.0;3.8;0;3;1
7771;104;104;10;2;0;4;0;0;0;0;0;0;0;4;3;0;4;54;49;59;5;4885;0;130;118.8;5.2;2.2;20.6;35.4;49;105;31.8;-14.0;38;71;34.9;-10.8;0;65;32
7772;89;89;1;0;0;0;0;0;0;0;0;0;0;0;0;0;0;49;50;47;0;533;4;0;100.0;0.0;0.0;6.8;47.3;3;13;18.8;-20.1;1;10;9.1;-24.6;0;0;0
7773;91;91;6;2;1;3;4;0;0;0;0;0;0;2;3;0;3;54;54;50;5;4912;71;156;105.0;6.6;4.4;35.9;33.0;83;73;53.2;1.2;66;58;53.2;1.0;0;78;41
7774;94;94;14;1;3;-1;0;0;0;0;0;0;0;2;1;2;3;51;51;47;10;5851;41;0;105.0;3.1;3.7;25.2;51.1;75;141;34.7;-19.9;59;110;34.9;-19.0;0;2;0
7779;100;100;4;0;0;-5;0;0;0;0;0;0;0;2;1;0;2;53;49;58;1;2161;430;0;110.2;5.0;11.7;18.3;68.3;15;64;19.0;-15.4;12;52;18.8;-14.0;0;32;14
7780;102;102;3;0;0;-1;0;0;0;0;0;0;0;2;1;0;1;56;51;57;2;2118;0;23;100.6;1.7;3.4;20.4;44.2;23;43;34.8;-6.1;19;36;34.5;-4.5;0;30;13
7782;80;80;6;1;0;-4;10;0;0;0;0;2;1;7;0;0;4;56;55;51;13;5597;839;0;93.4;1.9;4.5;27.0;32.8;91;104;46.7;-0.5;61;73;45.5;-2.1;0;10;5
7783;80;80;1;0;1;-1;0;0;0;0;0;0;0;0;1;0;1;57;50;68;1;819;0;67;90.0;0.0;4.4;13.2;44.0;6;19;24.0;-14.4;4;11;26.7;-7.8;0;0;0
7784;66;66;3;1;0;-3;5;0;0;0;0;1;0;4;1;0;2;49;49;56;2;2645;118;318;125.0;1.4;5.4;4.1;65.3;15;81;15.6;-22.7;5;61;7.6;-31.8;0;0;0
7786;82;82;2;0;0;0;2;0;0;0;0;0;0;0;0;0;0;51;50;54;2;911;0;0;106.8;7.9;7.9;35.6;51.4;16;21;43.2;-20.5;12;17;41.4;-25.5;0;6;1
7789;79;79;1;0;0;0;0;0;0;0;0;0;0;0;0;0;2;57;50;65;0;888;0;0;116.7;4.1;4.1;16.2;48.6;8;23;25.8;-22.4;5;13;27.8;-19.9;0;0;0
7790;63;63;10;2;0;-6;6;0;0;0;0;0;0;6;3;2;8;51;50;52;7;8376;98;368;97.0;1.7;4.3;20.2;37.4;93;165;36.0;-10.5;62;123;33.5;-14.7;1;15;8
7791;71;71;3;0;0;-3;0;0;0;0;0;0;0;1;0;0;1;47;49;44;1;1618;0;0;109.0;2.2;8.9;8.9;55.6;9;48;15.8;-14.8;8;35;18.6;-13.4;0;0;0
7793;69;69;3;1;1;-2;0;0;0;0;0;0;0;1;0;0;3;59;54;60;2;3108;143;50;115.4;3.5;5.8;12.7;48.6;19;94;16.8;-1.0;16;71;18.4;1.5;0;0;0
7794;68;68;8;0;1;-4;29;0;0;0;0;5;1;8;2;0;4;56;48;65;10;7876;30;691;105.5;2.7;4.6;18.7;49.8;84;184;31.3;-13.3;59;146;28.8;-16.0;0;0;0
7796;79;79;4;0;0;-9;0;0;0;0;0;0;0;1;1;0;0;41;48;32;3;2774;0;61;80.0;0.0;11.7;18.2;58.4;32;77;29.4;-11.5;23;60;27.7;-13.8;0;0;0
7797;68;68;8;0;2;0;0;0;0;0;0;0;0;2;1;1;1;51;50;49;2;3196;0;75;115.0;4.5;4.5;18.0;45.1;26;82;24.1;-18.1;20;60;25.0;-15.5;0;6;1
7798;63;63;13;1;2;-4;10;0;1;0;0;2;1;3;1;2;15;61;55;62;20;10843;610;47;98.7;1.7;3.0;22.2;34.2;133;211;38.7;-14.6;95;148;39.1;-14.4;0;119;45
7804;74;74;1;0;1;0;2;0;0;0;0;0;0;0;1;1;0;47;49;47;1;374;0;0;100.0;9.6;9.6;38.5;38.5;8;10;44.4;13.7;6;7;46.2;17.0;0;0;0
7805;83;83;1;0;1;2;0;0;0;0;0;0;0;0;0;0;0;58;56;49;0;403;0;0;0.0;17.9;0.0;26.8;0.0;5;2;71.4;-5.8;4;0;100.0;21.5;0;0;0
7806;63;63;12;0;4;2;29;0;0;0;0;5;1;14;2;2;2;52;49;56;26;12523;52;1651;98.3;2.3;2.0;38.2;26.2;241;172;58.4;10.7;179;120;59.9;12.2;0;1;1
7809;68;68;1;0;0;-1;0;0;0;0;0;0;0;0;0;0;1;47;50;43;0;516;0;0;80.0;0.0;7.0;7.0;34.9;2;11;15.4;-31.5;2;8;20.0;-27.3;0;1;1
7812;71;71;4;0;1;-7;2;0;0;0;0;0;0;3;3;1;6;60;50;72;3;4434;132;215;98.4;1.6;7.3;14.6;57.6;34;127;21.1;-10.8;22;102;17.7;-17.2;0;0;0
7813;79;79;4;0;0;-9;0;0;0;0;0;0;0;2;2;0;0;48;50;39;2;2697;0;79;80.9;0.0;12.0;21.4;62.7;33;75;30.6;-9.8;24;59;28.9;-12.2;0;53;22
7815;68;68;8;1;0;-3;0;0;0;0;0;0;0;3;2;0;8;54;48;63;11;7538;139;345;98.8;2.4;3.8;29.1;40.6;110;155;41.5;1.6;88;117;42.9;5.0;0;0;0
7818;80;80;6;2;0;-3;2;0;0;0;0;0;0;2;2;0;3;51;52;48;10;4682;200;0;96.0;2.3;4.6;23.1;33.1;53;92;36.6;-13.3;39;66;37.1;-12.5;0;3;1
7820;70;70;5;1;0;0;0;0;0;0;0;0;0;4;0;0;2;54;52;53;4;3483;98;0;109.5;3.1;3.1;18.6;43.4;33;75;30.6;-25.5;26;56;31.7;-25.2;0;51;18
7822;70;70;4;1;0;0;2;0;0;0;0;0;0;0;1;2;1;54;48;61;2;2466;53;155;104.9;1.5;1.5;16.1;35.0;20;46;30.3;-22.1;16;32;33.3;-19.9;0;7;0
7823;83;83;1;0;0;0;0;0;0;0;0;0;0;0;0;0;0;48;50;44;0;359;0;0;16.7;10.0;10.0;60.2;10.0;12;2;85.7;20.4;8;2;80.0;10.9;0;0;0
7824;63;63;2;0;0;0;0;0;0;0;0;0;0;2;0;0;1;52;53;43;5;2071;36;43;102.2;7.0;7.0;31.3;34.8;28;41;40.6;-14.0;22;26;45.8;-8.8;0;0;0
7828;83;83;1;0;0;0;0;0;0;0;0;0;0;0;0;0;1;56;50;61;0;499;0;0;100.0;0.0;0.0;7.2;93.8;2;17;10.5;-62.2;1;13;7.1;-60.0;0;0;0
7830;75;75;10;0;1;1;0;0;0;0;0;0;0;1;0;0;4;52;49;52;1;3820;0;0;111.2;2.8;1.9;18.8;49.0;38;102;27.1;-35.4;24;75;24.2;-38.6;0;63;23
7834;69;69;4;1;0;-4;7;0;0;0;0;1;0;2;0;1;1;52;51;52;5;3480;296;0;97.7;1.0;5.2;15.5;57.9;20;99;16.8;-0.1;17;75;18.5;2.1;0;2;2
7835;71;71;1;0;0;-3;0;0;0;0;0;0;0;0;0;1;0;42;49;36;0;413;0;0;0.0;0.0;26.2;0.0;104.6;3;15;16.7;-13.8;2;14;12.5;-16.3;0;12;2
7839;75;75;10;5;4;5;15;0;0;0;0;3;0;4;1;2;2;58;55;59;25;11461;242;434;104.3;3.5;1.9;32.0;28.9;206;165;55.5;-3.9;142;122;53.8;-6.5;0;0;0
7841;79;79;4;0;1;-4;0;0;1;0;0;0;0;1;0;0;1;52;52;46;1;2314;59;50;92.4;1.6;7.8;21.8;52.9;26;61;29.9;-10.1;22;49;31.0;-8.9;0;3;1
7843;83;83;2;0;0;-1;0;0;0;0;0;0;0;2;0;2;1;53;51;55;3;1917;0;45;89.2;1.9;3.8;41.3;24.4;37;18;67.3;9.0;28;15;65.1;3.9;0;0;0
7844;66;66;4;0;0;-4;2;0;0;0;0;0;0;2;2;0;3;52;51;55;1;3101;173;266;92.0;0.0;4.6;18.6;58.0;27;82;24.8;-9.0;20;61;24.7;-8.9;0;7;2
7845;83;83;6;0;1;1;2;0;0;0;0;0;0;1;3;0;1;50;49;52;2;2662;0;0;104.9;2.7;1.4;24.3;21.6;34;40;45.9;-12.5;25;25;50.0;-10.1;0;5;1
7846;66;66;4;0;1;0;0;0;0;0;0;0;0;2;0;2;5;57;51;64;2;2136;0;646;111.4;3.4;3.4;20.2;64.0;16;66;19.5;-14.8;14;47;23.0;-10.4;0;7;2
7848;80;80;6;1;0;-7;2;0;0;0;0;0;0;1;3;0;3;47;48;45;5;7095;57;387;89.5;2.5;6.1;32.0;33.0;110;128;46.2;-1.2;79;101;43.9;-4.9;0;0;0
7852;70;70;3;1;1;-2;0;0;0;0;0;0;0;0;1;1;4;59;51;68;4;2835;0;87;100.6;2.5;5.1;22.9;48.3;38;64;37.3;-10.8;29;51;36.3;-14.1;0;0;0
7856;66;66;2;0;0;-1;5;0;0;0;0;1;0;2;0;0;5;66;50;84;3;1952;0;550;96.7;0.0;1.8;12.9;55.3;11;55;16.7;-20.7;10;42;19.2;-18.7;0;0;0
7857;69;69;4;0;0;-4;4;0;0;0;0;0;0;2;0;1;2;50;50;51;1;1834;161;0;88.9;0.0;7.9;3.9;70.7;7;78;8.2;-10.6;6;58;9.4;-9.2;0;22;8
7859;80;80;6;0;1;1;0;0;0;0;0;0;0;3;3;1;3;52;49;57;4;7043;0;250;98.9;4.6;4.6;36.8;33.7;127;122;51.0;6.2;96;89;51.9;7.7;0;0;0
7860;80;80;1;0;0;0;0;0;0;0;0;0;0;0;0;0;1;55;50;61;1;693;0;0;100.0;0.0;0.0;15.6;20.8;5;13;27.8;-8.8;4;8;33.3;0.5;0;6;1
7863;69;69;4;0;0;-6;2;0;0;0;0;0;0;1;1;0;3;44;48;37;1;2878;55;62;111.2;2.5;10.0;8.8;57.5;13;92;12.4;-5.8;11;72;13.3;-4.8;0;0;0
7865;72;72;4;0;0;-2;0;0;0;0;0;0;0;3;0;0;0;51;50;44;3;1587;0;0;93.3;2.3;6.8;22.7;40.8;25;36;41.0;-38.4;18;25;41.9;-37.6;0;2;1
7866;64;64;8;0;1;-4;5;0;0;0;0;1;0;2;4;0;6;53;49;57;13;7070;107;214;99.2;2.0;4.1;29.0;51.9;94;167;36.0;-26.8;76;131;36.7;-26.4;0;0;0
7867;78;78;5;0;1;0;5;0;0;0;0;1;0;2;1;0;0;51;50;53;1;2031;0;49;137.0;5.3;5.3;10.6;40.8;12;44;21.4;-20.4;9;35;20.5;-23.4;0;1;0
7876;64;64;10;2;2;3;4;1;0;0;0;0;0;2;4;3;5;57;55;57;8;6994;579;47;103.1;4.6;3.1;34.0;29.3;106;101;51.2;-5.5;81;81;50.0;-7.1;0;9;2
7883;68;68;9;1;0;1;0;0;0;0;0;0;0;5;2;0;6;55;52;54;6;6430;0;0;108.3;3.4;2.8;21.8;39.8;74;133;35.7;-5.7;55;96;36.4;-3.5;0;9;3
7887;70;70;3;0;1;1;0;0;0;0;0;0;0;2;2;0;0;61;55;59;3;1399;0;0;108.3;5.1;2.6;30.9;30.9;27;21;56.3;2.4;20;16;55.6;-0.2;0;4;3
7889;70;70;3;0;2;-1;10;0;2;0;0;0;0;7;0;1;2;63;55;77;6;2850;110;287;87.5;1.3;2.5;30.3;15.2;38;32;54.3;5.8;29;19;60.4;13.1;0;0;0
7891;63;63;8;1;1;-2;7;0;0;0;1;1;0;19;3;0;2;48;49;50;8;7773;256;588;99.3;1.4;2.8;24.1;43.1;98;175;35.9;-14.4;78;135;36.6;-13.6;0;8;3
7898;83;83;9;1;2;-3;0;0;0;0;0;0;0;4;0;5;3;60;59;57;19;6933;283;376;92.4;1.6;3.1;31.7;24.9;127;97;56.7;-5.5;93;69;57.4;-6.1;1;11;5
7906;80;80;4;0;1;-2;0;0;0;0;0;0;0;1;1;0;0;52;51;50;5;3864;213;74;95.1;1.9;3.7;29.8;33.5;61;77;44.2;-4.4;45;49;47.9;-1.3;0;0;0
7909;63;63;12;2;6;7;2;0;0;0;0;0;0;3;2;1;11;62;53;73;14;9386;100;740;107.9;5.0;2.3;32.2;30.3;143;168;46.0;-2.5;109;123;47.0;-1.6;1;3;2
7912;74;74;5;1;0;-7;2;1;0;0;0;0;0;2;1;0;3;49;51;44;4;4143;436;0;91.0;0.9;7.0;15.6;47.8;37;102;26.6;-13.8;25;80;23.8;-16.8;0;9;2
7913;72;72;18;1;7;2;12;0;0;0;0;2;0;17;4;2;3;58;57;53;31;13549;0;160;97.5;2.9;2.4;36.7;22.9;286;156;64.7;-4.6;201;121;62.4;-8.1;0;1;0
7915;63;63;12;1;3;8;13;0;0;0;0;1;0;5;0;2;1;62;54;68;8;13227;466;448;107.4;3.8;1.6;29.9;30.8;216;199;52.0;4.0;152;145;51.2;1.9;0;0;0
7918;63;63;13;0;2;-1;2;0;0;0;0;0;0;7;0;0;1;54;52;51;4;5846;0;0;101.3;3.1;3.7;25.2;33.9;72;101;41.6;-9.1;56;72;43.8;-7.2;0;10;4
7919;81;81;2;0;1;-5;5;0;0;0;0;1;0;0;0;0;2;43;48;41;0;2101;0;50;86.1;0.0;8.6;12.0;61.7;9;66;12.0;-30.8;9;48;15.8;-30.9;0;0;0
7923;72;72;17;0;1;-5;2;0;0;0;0;0;0;5;1;2;6;54;50;56;8;7664;0;140;94.3;0.5;2.8;20.2;35.2;92;154;37.4;-34.5;66;113;36.9;-35.6;0;89;42
7926;70;70;5;0;0;-3;2;0;0;0;0;0;0;2;1;0;0;53;50;53;5;2072;107;61;83.3;0.0;5.2;22.6;31.3;31;39;44.3;-7.1;19;29;39.6;-13.4;0;32;10
7932;81;81;2;0;0;-2;10;0;0;0;0;2;0;1;0;0;0;48;50;55;0;1670;0;197;89.5;0.0;4.3;17.2;41.0;11;38;22.4;-16.2;8;27;22.9;-18.4;0;0;0
7933;63;63;12;1;2;2;2;0;0;0;0;0;0;8;5;1;7;56;52;59;10;6129;202;0;108.2;4.7;3.5;23.5;30.0;75;91;45.2;-6.8;58;65;47.2;-5.0;0;88;38
7934;71;71;4;0;0;-7;14;0;0;0;0;2;0;2;0;0;0;40;47;38;4;4309;0;371;94.5;0.8;6.7;13.4;56.8;33;116;22.1;-8.9;22;94;19.0;-14.8;0;0;0
7935;75;75;9;2;3;7;5;0;0;0;0;1;1;0;6;0;0;59;53;66;12;8995;162;189;102.4;6.0;3.2;41.2;26.4;174;127;57.8;-0.5;134;91;59.6;1.7;0;0;0
7937;75;75;10;1;2;2;0;0;0;0;0;0;0;0;3;0;0;53;50;53;6;4064;0;0;114.8;4.4;2.7;21.3;44.3;46;91;33.6;-28.0;27;69;28.1;-34.0;0;0;0
7940;81;81;4;0;0;-3;2;0;0;0;0;0;0;2;2;0;0;48;49;45;3;3392;147;0;91.7;0.0;3.2;13.8;38.2;26;80;24.5;-7.6;15;56;21.1;-12.8;0;1;0
7941;63;63;13;0;3;-3;12;0;0;0;0;2;0;10;2;1;0;54;52;49;11;8476;33;0;100.2;2.1;3.4;20.8;34.0;95;153;38.3;-13.8;70;109;39.1;-13.3;0;9;5
7944;82;82;19;4;8;14;2;0;1;0;0;0;0;17;4;7;7;58;54;59;30;15177;245;581;107.4;5.5;2.1;34.6;25.6;278;209;57.1;2.4;206;152;57.5;4.7;0;2;1
7945;70;70;1;0;0;-1;0;0;0;0;0;0;0;1;0;0;1;43;50;36;3;972;0;0;95.7;3.7;7.4;33.3;48.1;14;22;38.9;-26.9;12;17;41.4;-22.3;0;0;0
7947;78;78;2;1;0;0;0;0;0;0;0;0;0;0;2;0;1;47;47;47;1;892;0;0;140.0;4.0;4.0;8.1;40.4;6;18;25.0;-18.3;4;15;21.1;-24.6;0;18;5
7954;68;68;9;1;2;-6;12;0;0;0;0;2;0;17;2;0;1;49;50;49;3;9270;66;619;105.3;2.7;5.0;17.9;50.9;96;227;29.7;-16.0;68;176;27.9;-17.4;0;0;0
7956;74;74;5;1;0;0;0;0;0;0;0;0;0;1;2;0;1;55;56;50;10;5077;0;412;101.7;3.5;3.5;31.2;36.9;74;86;46.3;14.2;54;65;45.4;14.0;1;9;5
7958;119;119;1;0;0;-1;0;0;0;0;0;0;0;1;0;0;0;57;50;63;0;813;0;48;90.0;0.0;4.4;17.7;44.3;8;20;28.6;-29.0;5;14;26.3;-29.5;0;0;0
7959;110;110;2;1;0;-1;0;0;0;0;0;0;0;1;0;0;2;56;55;52;2;950;0;0;72.5;3.8;7.6;30.3;18.9;13;16;44.8;-34.2;11;8;57.9;-21.3;1;1;1
7960;112;112;4;0;0;-4;4;0;0;0;0;0;0;1;3;0;3;48;48;45;5;4109;3;113;101.4;2.6;6.1;20.2;52.6;48;110;30.4;-24.3;31;79;28.2;-24.8;0;0;0
7962;120;120;10;0;3;-4;6;0;0;0;0;0;0;8;2;7;7;60;56;59;8;7487;0;0;99.4;2.4;4.3;22.6;38.5;81;147;35.5;-16.9;58;111;34.3;-20.1;0;8;3
7965;113;113;4;0;1;-1;0;0;1;0;0;0;0;1;0;2;1;55;50;62;0;1811;142;0;107.5;2.0;4.0;9.9;31.8;14;44;24.1;-19.6;9;32;22.0;-24.2;0;20;5
7967;116;116;4;0;0;0;0;0;0;0;0;0;0;2;0;1;1;53;52;53;4;1983;0;0;103.1;3.6;3.6;30.9;41.8;33;38;46.5;-16.3;24;28;46.2;-15.2;0;25;9
7974;105;105;1;0;0;0;0;0;0;0;0;0;0;0;0;0;0;49;53;43;1;543;26;0;93.3;6.6;6.6;66.3;39.8;11;8;57.9;14.7;10;7;58.8;14.8;0;5;2
7976;112;112;4;0;0;-7;0;0;0;0;0;0;0;5;3;0;3;52;53;47;6;4364;0;439;85.8;3.3;9.1;33.8;37.9;73;77;48.7;3.5;52;62;45.6;0.7;0;0;0
7977;105;105;1;0;0;0;0;0;0;0;0;0;0;0;1;0;0;47;45;49;1;340;0;0;100.0;0.0;0.0;31.8;31.8;3;5;37.5;-9.2;3;4;42.9;-5.0;0;0;0
7979;109;109;5;0;2;0;2;0;0;0;0;0;0;3;1;2;0;57;54;61;5;4752;208;0;102.4;1.5;1.5;20.5;30.3;47;84;35.9;-4.8;36;62;36.7;-5.4;0;4;2
7980;113;113;5;4;6;-4;21;4;5;0;0;1;0;7;1;0;6;71;69;71;14;4301;1234;29;91.6;0.8;3.3;27.6;29.3;63;68;48.1;7.4;50;47;51.5;9.2;0;5;3
7981;112;112;4;0;2;2;2;0;0;0;0;0;0;4;0;0;1;68;67;69;17;4500;217;238;98.9;4.0;2.4;36.8;20.0;81;50;61.8;17.8;62;39;61.4;20.6;0;0;0
7983;116;116;12;0;1;3;24;0;0;0;0;2;0;14;4;0;4;61;51;55;18;10062;329;55;99.7;3.2;2.1;35.1;22.5;184;135;57.7;1.6;144;92;61.0;6.5;0;0;0
7984;111;111;4;0;0;-6;0;0;0;0;0;0;0;0;0;0;8;47;50;44;1;1946;0;267;83.3;0.0;11.1;9.2;66.6;9;67;11.8;-24.6;5;46;9.8;-26.2;0;12;3
7991;120;120;3;0;1;-2;0;0;0;0;0;0;0;1;1;0;0;50;50;49;4;2668;0;35;95.2;2.7;5.4;35.1;43.2;36;64;36.0;-17.8;28;46;37.8;-17.2;0;47;22
7995;116;116;11;1;3;3;16;1;0;0;0;2;0;13;4;0;2;58;55;60;11;10029;296;489;103.1;2.9;1.8;30.2;28.0;167;154;52.0;-4.0;122;109;52.8;-2.7;0;0;0
7998;117;117;9;0;0;-5;5;0;0;0;0;1;0;5;0;0;7;53;52;53;5;4340;499;0;97.0;2.5;5.8;23.2;42.3;60;104;36.6;-21.3;39;74;34.5;-23.9;0;6;3
8001;111;111;4;0;0;-6;2;0;0;0;0;0;0;3;0;2;5;57;53;59;8;3259;174;283;88.7;0.0;6.6;18.8;58.5;30;86;25.9;-8.7;24;68;26.1;-8.1;0;3;0
8002;121;121;8;0;0;-6;4;0;0;0;0;0;0;5;4;1;7;53;48;58;10;8363;172;737;93.0;2.6;5.2;28.0;31.9;128;156;45.1;-7.6;93;110;45.8;-8.3;0;0;0
8005;106;106;14;1;0;-4;2;0;0;0;0;0;0;6;2;3;7;54;50;56;11;6727;167;51;95.9;1.6;3.7;28.4;38.5;98;131;42.8;-17.4;72;98;42.4;-17.4;0;28;17
8007;105;105;5;0;0;-7;0;0;0;0;0;0;0;4;2;0;3;50;53;44;2;4158;0;420;86.0;0.0;6.1;19.0;43.3;48;88;35.3;-6.2;33;70;32.0;-10.6;0;0;0
8008;111;111;4;0;0;-6;0;0;0;0;0;0;0;3;0;0;6;52;51;49;1;3410;119;0;86.0;0.0;6.3;21.1;45.4;36;82;30.5;-2.4;26;58;31.0;-1.3;0;43;17
8010;112;112;2;0;1;-2;2;0;0;0;0;0;0;0;0;0;4;55;52;46;0;1068;0;130;114.6;3.4;10.1;10.1;53.9;10;27;27.0;-23.8;5;19;20.8;-28.4;0;4;1
8011;109;109;5;0;0;0;0;0;0;0;0;0;0;0;0;0;3;53;50;55;1;2549;0;10;104.8;2.8;2.8;22.6;36.7;21;50;29.6;-11.5;17;32;34.7;-6.9;0;36;14
8012;108;108;5;1;1;2;5;0;0;0;0;1;0;5;0;0;11;62;60;61;11;4743;110;225;109.7;3.8;2.3;27.3;53.9;54;127;29.8;3.2;47;96;32.9;6.4;0;10;7
8013;107;107;4;0;0;-6;0;0;0;0;0;0;0;3;0;0;1;51;55;44;5;3533;146;611;87.8;0.0;6.1;18.3;49.9;29;87;25.0;-13.1;23;71;24.5;-14.0;0;24;9
8016;119;119;7;1;1;3;11;0;0;0;0;1;1;11;0;2;6;61;56;64;6;7261;106;676;108.5;4.0;2.5;24.8;33.2;86;131;39.6;-8.9;63;98;39.1;-6.9;0;0;0
8017;114;114;12;0;1;-4;2;0;0;0;0;0;0;8;1;2;4;54;51;54;10;4492;0;301;92.1;0.8;4.0;23.2;35.3;54;72;42.9;-17.2;37;58;38.9;-20.6;0;2;2
8018;116;116;11;2;0;-2;12;0;0;0;0;2;1;8;2;2;0;55;52;51;9;9344;172;7;96.3;2.7;3.5;31.2;28.1;147;149;49.7;-7.1;107;110;49.3;-7.4;0;12;4
8019;105;105;1;0;0;0;0;0;0;0;0;0;0;0;0;0;0;49;52;42;0;720;0;58;98.3;5.0;5.0;60.0;50.0;19;17;52.8;10.6;14;10;58.3;16.0;0;13;8
8023;121;121;9;0;0;-9;9;0;0;0;0;1;0;10;2;2;5;53;51;51;8;6344;523;326;89.9;1.1;5.7;18.7;35.2;62;134;31.6;-22.8;46;95;32.6;-23.7;0;85;37
8024;114;114;12;0;3;2;9;0;0;0;0;1;0;17;1;12;16;69;59;75;16;11266;413;660;99.1;2.2;1.6;35.8;22.4;217;144;60.1;3.7;154;100;60.6;5.4;0;37;22
8026;117;117;8;1;1;-2;0;0;1;0;0;0;0;1;0;1;1;51;51;49;3;3900;192;17;102.0;4.6;6.5;26.8;42.5;51;91;35.9;-19.6;38;68;35.8;-20.9;1;55;16
8028;110;110;14;1;4;-7;0;0;1;0;0;0;0;4;2;0;13;56;55;53;11;7102;675;11;108.9;3.0;6.6;14.2;52.7;70;168;29.4;-37.5;52;132;28.3;-38.3;0;3;0
8029;122;122;12;0;2;-7;4;0;0;0;0;0;0;11;1;1;4;52;52;51;5;6077;0;106;93.1;1.2;5.3;21.9;43.2;64;142;31.1;-18.4;52;101;34.0;-15.2;0;1;0
8030;109;109;5;0;1;-2;2;0;1;0;0;0;0;1;3;0;1;54;50;56;7;4386;691;214;107.5;2.5;3.3;15.6;39.4;40;88;31.3;-11.0;29;70;29.3;-15.8;0;78;31
8033;107;107;1;0;0;0;0;0;0;0;0;0;0;1;0;0;0;58;51;66;0;594;229;0;100.0;0.0;0.0;12.1;42.4;5;14;26.3;-4.1;3;9;25.0;-1.2;0;0;0
8034;119;119;7;0;2;1;2;0;0;0;0;0;0;3;4;2;3;56;53;59;5;6051;94;365;108.3;3.6;3.6;20.8;40.5;76;136;35.8;-14.4;53;94;36.1;-11.1;0;0;0
8035;109;109;2;0;0;-2;0;0;0;0;0;0;0;0;0;0;1;46;50;42;0;1780;0;144;88.9;0.0;4.0;10.1;36.4;17;27;38.6;6.9;12;21;36.4;3.0;0;0;0
8036;109;109;1;0;0;-2;0;0;0;0;0;0;0;0;1;0;0;46;49;43;2;898;0;184;75.0;0.0;8.0;24.1;32.1;12;11;52.2;4.3;8;9;47.1;-0.2;0;0;0
8039;105;105;5;0;1;-1;2;0;0;0;0;0;0;2;2;1;1;50;50;49;3;2980;373;0;100.9;3.6;4.8;27.8;39.9;41;62;39.8;-0.1;28;43;39.4;-0.4;0;0;0
8042;106;106;13;0;0;-4;4;0;0;0;0;0;0;1;0;2;2;56;52;57;6;5159;0;53;95.0;1.4;4.2;24.4;39.1;59;110;34.9;-25.0;47;79;37.3;-21.9;0;2;0
8043;117;117;1;0;0;0;0;0;0;0;0;0;0;0;0;0;0;54;51;47;0;558;0;0;100.0;0.0;0.0;19.4;45.2;9;12;42.9;-37.1;4;8;33.3;-48.1;0;0;0
8044;106;106;2;0;0;0;0;0;0;0;0;0;0;1;0;0;0;55;53;51;2;1732;0;73;93.8;4.2;4.2;58.2;31.2;46;24;65.7;11.8;36;20;64.3;11.9;0;0;0
8045;114;114;12;0;3;1;9;0;0;0;0;1;0;10;3;1;1;57;48;70;5;12184;31;1503;100.9;3.5;3.3;28.7;28.4;195;184;51.5;-10.1;137;140;49.5;-11.9;0;0;0
8046;117;117;10;1;5;6;49;0;0;0;0;9;6;21;1;2;7;71;65;63;15;6805;537;216;108.6;5.3;1.6;38.1;30.2;118;103;53.4;-3.3;100;76;56.8;0.2;0;13;6
8051;117;117;1;0;0;0;0;0;0;0;0;0;0;0;0;0;0;49;49;49;0;964;0;0;100.0;0.0;0.0;29.9;18.7;21;15;58.3;-15.3;14;10;58.3;-18.8;0;0;0
8054;108;108;5;1;4;-4;22;0;1;0;0;4;2;10;1;0;2;58;62;46;7;5264;723;266;99.9;4.1;6.8;23.9;39.7;65;123;34.6;10.1;50;89;36.0;10.7;0;1;1
8055;114;114;13;7;5;1;7;2;1;0;0;1;0;14;1;2;4;67;63;69;34;9652;998;0;97.4;3.7;3.4;36.9;26.5;177;119;59.8;2.3;133;95;58.3;1.4;1;143;84
8058;110;110;1;0;0;0;5;0;0;0;0;1;1;0;0;0;0;55;50;43;0;373;0;0;91.7;9.7;9.7;38.6;29.0;6;4;60.0;-21.0;6;4;60.0;-19.6;0;0;0
8059;107;107;4;0;0;-7;0;0;0;0;0;0;0;10;0;4;8;65;55;74;6;3980;0;282;90.6;0.9;7.2;21.7;53.4;41;114;26.5;-12.5;34;86;28.3;-9.7;0;0;0
8061;113;113;5;1;1;-4;0;0;0;0;0;0;0;5;0;1;3;56;54;53;7;4808;26;304;91.2;0.7;3.7;32.2;33.7;72;83;46.5;5.6;56;61;47.9;4.5;0;7;1
8062;113;113;5;1;0;-1;2;0;0;0;0;0;0;3;0;1;4;60;57;58;7;3704;168;98;101.5;4.9;5.8;28.2;36.9;50;83;37.6;-6.9;39;55;41.5;-4.5;0;75;39
8063;107;107;1;0;0;-1;0;0;0;0;0;0;0;0;1;0;0;48;51;41;0;949;0;207;92.9;0.0;3.8;22.8;53.1;9;23;28.1;-2.2;7;20;25.9;-0.2;0;1;0
8065;108;108;5;1;2;0;4;0;0;0;0;0;0;2;1;1;4;60;52;56;3;3443;0;50;117.6;3.1;3.1;13.6;57.5;19;100;16.0;-14.4;17;75;18.5;-12.4;0;2;0
8067;122;122;12;0;0;-5;4;0;0;0;0;0;0;10;0;1;3;53;51;50;8;6649;126;331;97.8;1.1;3.8;19.0;47.6;65;162;28.6;-21.7;53;119;30.8;-19.4;0;97;29
8069;117;117;9;1;3;-1;0;0;0;0;0;0;0;8;5;2;2;49;49;47;9;7638;0;220;103.0;4.7;5.2;30.6;41.9;122;150;44.9;-13.2;86;115;42.8;-16.5;0;0;0
8070;112;112;5;0;0;-5;0;0;0;0;0;0;0;4;1;0;3;52;51;52;3;3970;0;118;91.8;0.9;5.4;23.6;45.3;39;81;32.5;-19.1;32;70;31.4;-18.8;0;37;17
8071;121;121;9;3;2;-3;0;0;2;0;0;0;0;3;3;1;3;59;56;57;16;8656;1322;318;97.2;2.5;3.7;27.4;31.6;112;140;44.4;-2.6;92;102;47.4;-0.1;0;0;0
8073;106;106;1;0;0;2;0;0;0;0;0;0;0;0;1;0;0;57;50;62;2;825;0;115;112.5;8.7;0.0;69.8;39.3;24;13;64.9;1.0;18;11;62.1;1.3;0;0;0
8074;109;109;5;1;1;-2;0;0;0;0;0;0;0;2;0;0;0;54;53;51;2;3510;58;0;103.8;1.0;3.1;10.3;49.2;20;78;20.4;-23.8;15;60;20.0;-26.2;0;1;1
8075;108;108;5;0;0;0;0;0;0;0;0;0;0;3;0;0;2;50;50;49;3;3534;41;0;118.0;3.1;3.1;13.2;60.1;19;107;15.1;-15.7;17;80;17.5;-13.8;0;46;10
8076;105;105;5;1;0;-1;15;0;0;0;0;0;0;1;1;1;1;51;50;47;4;1872;0;0;101.7;1.9;3.8;19.2;46.2;15;46;24.6;-17.3;12;35;25.5;-16.2;0;3;0
8077;106;106;14;0;3;-1;2;0;0;0;0;0;0;6;1;1;2;61;54;69;21;14780;25;1008;97.2;2.9;3.2;33.6;27.5;255;221;53.6;-5.9;197;159;55.3;-2.8;0;0;0
8078;120;120;1;0;0;0;0;0;0;0;0;0;0;0;0;0;1;59;48;77;0;889;0;50;100.0;0.0;0.0;20.2;24.3;6;15;28.6;-11.4;5;8;38.5;-2.7;0;0;0
8080;114;114;13;0;3;-3;4;0;0;0;0;0;0;13;2;1;8;54;50;60;16;13470;266;1200;97.5;1.9;2.7;32.6;32.6;233;219;51.5;-9.9;172;164;51.2;-9.3;0;0;0
8083;108;108;5;0;0;-1;2;0;0;0;0;0;0;6;0;2;1;56;50;53;3;3874;0;0;117.4;3.7;4.6;14.9;61.3;27;116;18.9;-11.3;21;90;18.9;-12.5;0;3;2
8084;105;105;4;0;1;-1;7;0;0;0;0;1;1;0;0;0;1;54;51;51;0;1558;0;73;104.8;2.3;4.6;16.2;48.5;15;40;27.3;-12.8;11;29;27.5;-11.9;0;28;14
8085;111;111;4;0;0;-9;0;0;0;0;0;0;0;1;0;0;6;48;50;41;4;3400;36;150;85.0;0.0;9.5;16.9;63.5;29;110;20.9;-16.5;18;79;18.6;-19.0;0;0;0
8087;108;108;5;1;1;0;0;0;0;0;0;0;0;6;2;1;4;61;53;62;5;4884;110;111;108.2;2.9;2.9;22.1;57.5;50;142;26.0;-2.2;39;106;26.9;-2.3;0;82;37
8088;111;111;4;0;1;-9;11;0;1;0;0;1;0;3;1;0;4;46;51;38;5;3732;163;13;79.5;0.0;8.7;25.1;42.4;56;89;38.6;9.3;35;57;38.0;8.6;0;13;7
8089;107;107;4;0;0;-1;2;0;0;0;0;0;0;8;2;1;2;58;50;64;7;4051;44;475;98.6;0.9;1.8;25.8;36.4;52;80;39.4;6.6;40;61;39.6;7.1;0;0;0
8090;105;105;4;0;0;-4;0;0;0;0;0;0;0;2;1;0;1;53;52;47;4;2781;0;332;89.2;0.0;5.2;15.5;47.9;24;65;27.0;-14.5;15;51;22.7;-19.3;0;13;3
8091;110;110;14;1;2;-2;0;0;0;0;0;0;0;1;6;1;0;51;52;47;7;9903;29;0;98.6;3.6;4.4;29.8;32.0;163;165;49.7;-14.6;113;121;48.3;-15.3;1;0;0
8092;109;109;5;0;0;-2;2;0;0;0;0;0;0;3;2;0;3;53;54;47;3;4355;4;0;101.4;2.5;4.1;20.7;38.9;44;97;31.2;-11.5;34;72;32.1;-12.2;0;2;0
8093;109;109;5;0;0;-3;0;0;0;0;0;0;0;2;1;2;2;53;50;54;3;2461;0;0;94.0;2.9;7.3;23.4;39.5;25;52;32.5;-8.2;17;35;32.7;-9.3;0;6;5
8098;110;110;4;0;1;2;0;0;0;0;0;0;0;2;1;0;1;61;52;70;8;3523;0;94;100.0;6.1;4.1;36.8;24.5;75;46;62.0;-7.6;50;33;60.2;-9.2;0;0;0
8119;72;72;12;2;2;1;4;0;0;0;0;0;0;9;4;1;0;60;54;67;21;11950;399;558;99.8;2.1;1.8;36.2;30.1;250;192;56.6;-11.4;177;146;54.8;-14.0;0;0;0
8123;83;83;7;0;2;-8;2;0;0;0;0;0;0;9;3;0;0;51;51;50;13;7065;18;542;86.8;1.5;5.6;33.6;31.6;130;106;55.1;-8.4;96;80;54.5;-10.9;0;0;0
8125;69;69;4;0;1;-6;0;0;1;0;0;0;0;2;0;2;2;57;51;65;3;4683;712;0;96.6;0.8;5.4;15.4;63.8;32;144;18.2;2.2;24;112;17.6;1.2;0;0;0
8127;63;63;3;0;0;-4;0;0;0;0;0;0;0;3;0;0;1;49;49;49;1;2865;0;85;91.3;2.5;7.5;25.1;40.2;31;69;31.0;-10.3;25;52;32.5;-6.0;0;0;0
8128;88;88;11;1;1;0;4;0;0;0;0;0;0;2;4;2;1;59;54;62;14;11053;0;714;98.4;3.9;3.9;35.8;31.3;209;182;53.5;-3.4;157;138;53.2;-5.5;0;0;0
8129;102;102;3;0;0;-1;0;0;0;0;0;0;0;2;1;0;0;55;50;61;2;2848;165;256;97.6;0.0;1.3;22.8;53.1;33;69;32.4;-11.0;26;57;31.3;-10.2;0;0;0
8137;85;85;10;0;2;-6;5;0;0;0;0;1;0;5;3;2;8;53;49;54;6;10325;0;389;96.8;2.4;4.5;23.0;32.8;127;209;37.8;-5.4;101;154;39.6;-2.6;0;0;0
8140;64;64;8;0;1;-6;0;0;0;0;0;0;0;4;5;3;14;60;50;72;9;7266;270;142;96.9;1.5;4.5;26.3;51.0;91;177;34.0;-28.0;72;134;35.0;-26.7;0;0;0
8141;121;121;10;0;1;5;4;0;0;0;0;0;0;5;1;0;5;64;50;79;12;11424;0;1557;102.3;4.4;2.8;35.0;27.4;202;168;54.6;12.6;150;114;56.8;14.8;0;0;0
8144;110;110;13;0;0;-10;2;0;0;0;0;0;0;7;4;2;1;50;49;49;3;5570;0;0;97.2;1.3;7.8;12.3;58.2;46;146;24.0;-40.8;35;114;23.5;-40.4;0;17;9
8145;111;111;4;0;0;-5;0;0;0;0;0;0;0;3;1;0;4;52;52;46;4;3187;48;67;90.2;0.0;5.6;14.7;57.6;28;92;23.3;-12.2;19;69;21.6;-14.1;0;5;1
8146;120;120;9;1;2;5;2;0;0;0;0;0;0;2;3;0;12;58;53;64;12;8340;368;631;110.0;5.2;3.0;31.9;48.8;123;196;38.6;-16.8;101;143;41.4;-14.3;0;0;0
8147;109;109;1;1;0;1;0;0;0;0;0;0;0;2;0;0;0;63;55;70;2;911;117;73;109.1;4.0;0.0;43.5;23.7;15;13;53.6;22.2;14;8;63.6;32.7;0;0;0
8148;120;120;10;1;2;-4;2;0;0;0;0;0;0;13;2;1;0;54;51;54;9;6881;0;587;96.8;2.1;4.2;23.0;34.0;75;113;39.9;-10.8;53;86;38.1;-14.6;1;118;41
8149;105;105;4;0;0;-2;2;0;0;0;0;0;0;3;1;1;3;54;50;57;6;3590;0;196;95.5;0.0;2.0;20.1;44.1;34;90;27.4;-15.6;25;65;27.8;-14.3;0;0;0
8151;117;117;2;0;1;2;0;0;0;0;0;0;0;1;0;0;0;56;51;56;0;1017;0;0;128.6;7.1;0.0;24.8;35.4;13;20;39.4;-30.4;8;11;42.1;-27.3;0;12;7
8152;89;89;3;0;0;-3;0;0;0;0;0;0;0;1;2;0;1;53;49;58;1;3346;32;67;106.7;3.2;6.5;16.1;48.4;31;83;27.2;-13.5;25;67;27.2;-8.6;0;0;0
8153;102;102;3;0;0;-1;0;0;0;0;0;0;0;3;1;2;3;64;50;78;2;3025;100;276;97.6;0.0;1.2;22.6;50.0;35;69;33.7;-9.1;28;57;32.9;-7.8;0;0;0
8156;89;89;5;0;1;-6;0;0;0;0;0;0;0;8;0;2;8;56;49;67;2;5177;0;789;91.7;0.7;4.9;24.3;43.8;66;116;36.3;2.0;47;87;35.1;3.0;0;0;0
8157;63;63;10;0;1;3;0;0;0;0;0;0;0;6;2;3;6;59;49;71;9;9396;81;543;102.2;3.8;2.7;33.7;29.1;155;161;49.1;-3.2;117;115;50.4;-2.0;0;0;0
8162;109;109;5;0;1;-1;0;0;0;0;0;0;0;1;0;2;5;55;51;57;1;2265;0;329;100.8;3.2;4.8;23.8;38.1;21;48;30.4;-10.4;15;32;31.9;-10.1;0;2;0
8163;107;107;3;0;0;-1;0;0;0;0;0;0;0;0;0;0;0;51;50;45;2;1448;0;0;95.5;0.0;2.5;24.9;54.7;15;34;30.6;-6.9;13;24;35.1;-3.3;0;0;0
8164;86;86;4;0;1;-6;6;0;1;0;0;0;0;6;2;0;5;49;49;50;3;3551;197;554;85.4;0.0;6.1;18.2;41.6;34;87;28.1;-6.5;22;60;26.8;-9.1;0;1;0
8166;89;89;5;0;1;-5;0;0;0;0;0;0;0;2;0;0;1;52;52;45;2;5321;89;277;106.8;2.7;6.1;14.9;53.4;43;147;22.6;-18.3;33;117;22.0;-17.5;0;0;0
8167;99;99;12;0;2;5;4;0;0;0;0;0;0;11;2;1;4;58;49;68;12;12911;0;959;102.2;3.3;2.2;30.4;25.4;216;168;56.3;8.1;162;122;57.0;9.8;0;0;0
8169;1;1;7;3;3;-1;2;1;0;0;0;0;0;8;8;3;3;63;66;58;17;7582;198;129;97.5;3.8;4.3;37.5;33.7;123;114;51.9;3.5;91;81;52.9;5.6;0;11;5
8170;78;78;16;4;16;3;13;1;2;0;1;1;0;13;6;12;51;87;65;97;61;21194;1463;1382;99.5;3.9;3.4;34.7;28.9;384;340;53.0;11.9;274;239;53.4;11.6;0;0;0
8175;64;64;10;12;8;7;4;5;0;0;0;0;0;25;5;1;16;84;76;86;38;11848;1603;966;100.3;4.6;2.4;40.4;22.2;252;119;67.9;19.6;185;89;67.5;19.0;4;229;136
8176;93;8;16;7;15;28;15;0;1;1;0;1;1;21;10;2;11;76;65;81;48;16243;491;1477;109.4;6.6;1.1;43.0;18.4;338;159;68.0;6.5;244;113;68.3;7.2;0;292;141
8177;8;8;1;0;0;-4;0;0;0;0;0;0;0;0;0;0;2;38;50;25;2;1018;0;0;60.0;0.0;14.1;35.3;35.3;15;17;46.9;1.2;12;13;48.0;1.4;0;0;0
8178;64;1;10;0;5;0;9;0;0;0;0;1;1;11;2;2;16;63;57;66;21;12428;1123;438;97.8;3.2;3.2;28.1;23.5;199;159;55.6;-0.0;148;113;56.7;1.8;0;0;0
8183;78;78;16;4;8;-3;29;0;0;1;0;5;1;24;3;10;30;72;62;75;36;16402;411;1447;95.7;3.7;4.6;30.7;28.1;289;253;53.3;10.6;207;183;53.1;9.7;0;258;141
8186;72;28;18;14;21;20;30;4;8;0;0;2;0;29;4;13;17;82;82;76;103;19590;3217;151;99.5;5.5;1.5;54.4;13.8;542;145;78.9;16.1;415;104;80.0;17.1;5;363;192
8190;101;101;8;2;5;-3;0;0;3;0;0;0;0;5;1;0;0;57;59;48;15;6264;590;22;90.8;2.9;4.6;40.2;28.2;119;91;56.7;2.9;96;67;58.9;4.2;0;0;0
8200;100;100;2;0;0;-2;0;0;0;0;0;0;0;0;0;1;1;51;50;51;0;2127;0;68;105.1;1.7;5.1;10.2;44.0;14;46;23.3;-15.0;9;34;20.9;-14.5;0;0;0
8204;104;104;2;0;0;-3;0;0;0;0;0;0;0;2;0;0;0;43;49;37;0;875;0;0;90.0;4.1;16.5;24.7;61.7;6;27;18.2;-25.5;6;22;21.4;-26.6;0;9;1
8208;103;103;1;0;0;1;0;0;0;0;0;0;0;1;0;0;0;56;50;63;0;402;0;0;133.3;9.0;0.0;26.9;26.9;6;9;40.0;-48.8;4;5;44.4;-46.8;0;0;0
8212;88;88;1;0;0;0;0;0;0;0;0;0;0;0;0;0;1;53;50;48;0;409;0;0;100.0;0.0;0.0;35.2;35.2;4;15;21.1;-49.3;4;9;30.8;-43.9;0;0;0
8213;85;85;5;0;0;-6;10;0;0;0;0;2;0;20;0;0;0;49;51;44;3;3209;0;196;86.6;1.1;7.9;22.4;42.6;40;62;39.2;-2.5;28;50;35.9;-6.2;0;2;0
8214;104;104;1;0;0;-1;2;0;0;0;0;0;0;0;0;0;0;70;50;67;0;781;0;0;75.0;0.0;4.6;41.5;18.4;13;11;54.2;-6.4;9;8;52.9;-10.2;0;0;0
8217;90;90;6;0;0;0;0;0;0;0;0;0;0;2;2;0;2;48;48;48;4;2771;0;0;118.4;3.9;3.9;14.3;44.2;21;77;21.4;-21.6;17;52;24.6;-18.7;0;0;0
8218;96;96;3;0;0;-6;14;0;0;0;0;2;0;12;0;2;5;44;50;35;1;2785;0;344;89.8;0.0;7.8;9.0;76.3;14;114;10.9;-3.1;11;79;12.2;0.9;0;0;0
8219;99;99;5;0;0;0;5;0;0;0;0;1;0;1;2;0;3;45;48;43;1;4062;0;59;105.5;2.7;2.7;22.2;40.8;50;77;39.4;-10.6;38;59;39.2;-13.7;0;0;0
8226;95;95;1;0;0;1;0;0;0;0;0;0;0;1;0;0;0;67;50;87;1;949;0;28;127.5;7.6;3.8;19.0;30.3;7;15;31.8;-11.8;6;14;30.0;-12.6;0;0;0
8233;96;96;2;0;0;-4;0;0;0;0;0;0;0;2;1;0;0;41;46;33;0;1841;0;126;88.2;0.0;7.8;11.7;66.5;11;57;16.2;1.2;8;42;16.0;3.0;0;0;0
8234;96;96;1;0;0;-1;0;0;0;0;0;0;0;0;0;0;1;46;50;42;0;516;0;0;0.0;0.0;7.0;0.0;104.7;0;28;0.0;-16.5;0;20;0.0;-13.6;0;0;0
8246;102;102;1;0;0;1;0;0;0;0;0;0;0;0;0;0;1;57;50;49;0;428;0;0;200.0;8.4;0.0;8.4;25.2;1;9;10.0;-16.2;1;6;14.3;-14.1;0;0;0
8248;99;99;8;1;2;1;2;0;0;0;0;0;0;14;2;1;1;52;50;53;5;7062;0;498;106.1;4.6;4.6;26.5;40.8;84;144;36.8;-23.6;63;108;36.8;-21.6;1;0;0
8250;85;85;11;0;0;-10;0;0;0;0;0;0;0;6;1;0;0;47;49;43;2;4379;0;60;83.7;0.8;9.0;15.6;41.9;38;110;25.7;-18.1;27;81;25.0;-18.9;0;69;20
8256;85;85;11;1;2;-1;4;0;0;0;0;0;0;7;2;1;0;55;51;51;10;8597;273;0;99.7;2.1;2.5;27.6;31.8;110;156;41.4;0.0;84;107;44.0;3.5;0;3;0
8261;94;94;4;0;1;-2;0;0;0;0;0;0;0;2;0;0;1;51;51;46;9;4002;0;102;93.0;1.8;3.6;44.1;32.4;90;62;59.2;3.8;67;48;58.3;2.7;0;0;0
8262;93;93;4;0;0;-1;6;0;0;0;0;0;0;1;1;0;0;48;49;49;1;1296;3;0;103.6;5.6;8.3;19.4;33.3;15;26;36.6;-34.5;8;17;32.0;-37.9;0;1;1
8264;93;93;1;0;1;1;0;0;0;0;0;0;0;0;0;0;1;64;50;80;0;759;0;52;109.1;4.7;0.0;52.2;23.7;21;12;63.6;7.9;13;8;61.9;6.8;0;0;0
8265;93;93;16;0;0;-2;0;0;0;0;0;0;0;4;7;0;0;48;47;48;2;5814;0;5;107.6;3.7;5.0;21.1;49.5;65;136;32.3;-35.7;50;112;30.9;-37.5;0;24;6
8266;100;100;4;0;0;-1;0;0;0;0;0;0;0;3;2;1;2;50;48;51;2;2952;0;0;107.9;2.4;3.7;18.3;67.1;22;97;18.5;-18.2;17;78;17.9;-17.4;0;0;0
8267;101;101;1;0;0;1;0;0;0;0;0;0;0;0;0;0;0;49;50;48;0;367;0;0;200.0;9.8;0.0;9.8;39.2;2;9;18.2;-34.6;1;6;14.3;-40.6;0;0;0
8275;96;96;3;1;1;-1;0;0;1;0;0;0;0;1;0;0;1;53;52;44;1;1442;66;0;194.7;2.5;5.0;2.5;94.9;3;68;4.2;-10.7;3;56;5.1;-8.2;0;0;0
8276;93;93;16;2;0;-1;2;0;0;0;0;0;0;2;2;0;0;51;49;52;7;7823;46;0;105.8;3.2;3.7;23.0;44.6;97;159;37.9;-30.5;78;137;36.3;-33.0;0;95;52
8279;100;100;2;0;0;-2;0;0;0;0;0;0;0;1;0;0;0;46;50;42;0;598;0;0;0.0;0.0;12.0;0.0;48.2;2;15;11.8;-28.0;1;12;7.7;-32.0;0;0;0
8282;102;102;1;0;0;-2;0;0;0;0;0;0;0;0;0;0;0;53;50;46;0;975;0;0;81.8;0.0;7.4;14.8;40.6;7;25;21.9;-4.0;6;18;25.0;-3.1;0;0;0
8289;100;100;4;0;0;-1;0;0;0;0;0;0;0;0;1;0;2;54;52;50;5;4243;64;201;99.9;1.7;2.5;24.6;36.5;45;95;32.1;1.0;32;64;33.3;5.2;0;0;0
8293;86;86;1;0;0;0;0;0;0;0;0;0;0;0;1;0;0;54;45;68;0;815;0;3;100.0;0.0;0.0;22.1;35.3;8;17;32.0;3.0;5;10;33.3;8.3;0;0;0
8298;91;91;7;0;0;-2;0;0;0;0;0;0;0;1;2;1;3;52;48;59;0;3923;53;157;94.6;0.0;1.8;15.6;34.0;39;76;33.9;-21.3;27;57;32.1;-23.8;0;46;21
8300;89;89;1;0;0;0;0;0;0;0;0;0;0;0;0;0;0;55;50;61;0;369;0;0;100.0;0.0;0.0;19.5;19.5;3;5;37.5;1.1;2;4;33.3;-2.5;0;0;0
8302;94;94;2;0;0;0;0;0;0;0;0;0;0;1;0;0;0;52;51;52;0;927;0;0;194.1;3.9;3.9;3.9;66.0;3;31;8.8;-41.4;3;26;10.3;-38.7;0;0;0
8303;91;91;7;0;0;0;2;0;0;0;0;0;0;1;2;1;2;53;50;58;2;3636;0;275;102.9;1.0;1.0;16.8;32.7;46;66;41.1;-12.6;28;48;36.8;-17.9;0;7;4
8307;104;104;4;0;0;1;2;0;0;0;0;0;0;2;4;0;1;47;44;52;1;3537;0;122;107.7;8.1;7.1;30.5;37.7;54;61;47.0;-7.7;40;46;46.5;-7.1;0;0;0
8310;100;100;2;0;0;-5;2;0;0;0;0;0;0;0;0;0;0;43;50;36;1;1706;0;17;91.3;2.1;12.7;21.1;67.5;17;45;27.4;-2.0;13;40;24.5;-5.7;0;0;0
8315;102;102;2;0;0;-3;2;0;0;0;0;0;0;3;0;0;0;49;50;48;2;1309;0;0;80.0;0.0;8.3;16.5;41.3;14;32;30.4;-2.5;11;23;32.4;-2.0;0;11;4
8316;104;104;1;0;0;0;0;0;0;0;0;0;0;0;0;0;0;53;50;49;0;357;0;0;100.0;0.0;0.0;10.1;20.2;5;3;62.5;-13.1;4;3;57.1;-21.0;0;0;0
8324;89;89;5;1;0;-2;5;0;0;0;0;1;0;4;2;0;3;53;52;49;9;5161;280;22;100.8;2.8;4.2;27.9;45.3;77;106;42.1;11.4;54;90;37.5;8.9;0;71;26
8325;100;100;4;0;0;-7;2;0;0;0;0;0;0;0;1;0;3;50;49;44;0;1492;70;102;79.4;0.0;16.9;2.4;82.0;7;46;13.2;-20.9;3;39;7.1;-26.3;0;3;0
8329;95;95;1;0;0;-2;5;0;0;0;0;1;1;0;0;0;0;45;49;34;0;490;0;0;0.0;0.0;14.7;0.0;88.2;1;23;4.2;-28.3;0;16;0.0;-30.9;0;0;0
8330;104;104;10;0;4;2;2;0;0;0;0;0;0;2;0;1;1;54;51;52;3;4254;0;117;115.7;5.1;3.4;20.3;36.4;40;102;28.2;-18.0;29;69;29.6;-16.7;0;1;0
8333;95;95;5;0;0;-1;0;0;0;0;0;0;0;2;1;1;2;49;49;46;1;2864;0;0;101.4;1.3;2.5;13.8;32.7;20;55;26.7;-12.2;14;41;25.5;-13.9;0;12;10
8334;88;88;1;0;0;-1;0;0;0;0;0;0;0;1;1;0;0;54;47;66;1;854;0;0;85.7;0.0;4.2;16.9;29.5;10;8;55.6;-13.8;5;7;41.7;-34.1;0;0;0
8336;100;100;3;0;0;-5;0;0;0;0;0;0;0;1;0;0;0;46;50;39;0;948;0;0;0.0;0.0;19.0;0.0;75.9;4;25;13.8;-19.0;1;22;4.3;-27.1;0;4;1
8343;96;96;4;0;0;-8;4;0;0;0;0;0;0;2;1;0;4;45;48;44;1;3885;0;242;90.1;0.0;7.4;10.2;75.1;21;150;12.3;-2.6;15;102;12.8;1.1;0;0;0
8345;86;86;1;0;0;-2;0;0;0;0;0;0;0;0;0;0;1;43;50;37;0;361;0;0;0.0;0.0;19.9;0.0;69.8;3;10;23.1;-7.8;0;9;0.0;-31.0;0;0;0
8346;99;99;1;0;0;0;0;0;0;0;0;0;0;0;0;0;0;57;50;68;2;416;0;0;0.0;0.0;0.0;34.6;0.0;7;3;70.0;-5.0;4;1;80.0;4.4;0;0;0
8354;78;78;14;0;0;2;0;0;0;0;0;0;0;8;3;1;4;52;48;57;11;13672;0;776;103.2;3.4;2.9;27.9;31.9;208;255;44.9;-2.2;161;181;47.1;0.5;0;0;0
8357;81;81;4;0;0;-5;0;0;0;0;0;0;0;1;0;0;1;47;49;42;1;2249;60;133;83.9;0.0;8.0;8.0;49.6;6;65;8.5;-26.3;5;45;10.0;-25.1;0;1;1
8359;69;69;3;0;1;-5;0;0;0;0;0;0;0;2;1;1;4;48;48;45;0;2878;0;473;101.0;2.5;8.8;11.3;41.3;18;72;20.0;3.3;15;53;22.1;4.6;0;0;0
8362;66;66;4;0;1;-3;2;0;0;0;0;0;0;0;0;2;2;51;51;49;0;2691;42;0;116.4;2.7;6.7;10.7;77.6;14;89;13.6;-23.6;11;70;13.6;-24.0;0;43;23
8363;64;64;1;0;0;1;0;0;0;0;0;0;0;1;1;0;0;55;46;69;1;945;0;48;114.3;3.8;0.0;26.7;26.7;12;12;50.0;-21.8;7;8;46.7;-26.2;0;0;0
8365;79;79;4;0;0;-2;0;0;0;0;0;0;0;2;1;0;0;48;49;45;2;2034;0;0;102.5;1.8;5.3;15.9;61.9;17;62;21.5;-20.1;15;44;25.4;-15.3;0;0;0
8370;80;80;1;0;0;-1;0;0;0;0;0;0;0;0;1;0;0;43;45;42;1;945;0;0;90.9;0.0;3.8;19.0;41.9;13;21;38.2;-4.8;8;18;30.8;-8.1;0;0;0
8372;69;69;2;0;0;-2;0;0;0;0;0;0;0;2;0;0;0;44;49;39;0;983;0;0;89.5;0.0;7.3;7.3;69.6;5;39;11.4;-7.5;4;28;12.5;-7.9;0;0;0
8374;75;75;1;0;0;2;0;0;0;0;0;0;0;0;0;0;0;58;50;70;1;798;0;94;116.7;9.0;0.0;54.1;31.6;19;13;59.4;3.0;13;11;54.2;-3.3;0;0;0
8376;64;64;10;2;2;-4;0;0;0;0;0;0;0;2;2;0;1;53;53;48;7;5879;68;108;94.9;2.4;4.9;27.6;34.9;87;102;46.0;-11.8;66;71;48.2;-9.1;0;1;0
8385;81;81;1;0;0;0;0;0;0;0;0;0;0;0;1;0;0;48;46;49;1;666;0;0;100.0;0.0;0.0;10.8;48.6;2;15;11.8;-13.9;2;13;13.3;-8.9;0;2;0
8386;81;81;4;0;0;-5;0;0;0;0;0;0;0;1;1;0;4;45;49;42;0;1703;0;145;86.7;2.1;12.7;10.6;38.1;7;45;13.5;-19.1;5;32;13.5;-19.8;0;2;1
8389;64;64;6;0;3;-3;4;0;0;0;0;0;0;1;2;0;1;50;51;49;2;3183;37;60;99.3;3.4;6.8;23.8;45.2;44;72;37.9;-21.7;31;51;37.8;-22.9;0;48;18
8390;75;75;1;0;0;0;0;0;0;0;0;0;0;0;0;0;0;49;50;48;0;323;78;0;100.0;0.0;0.0;11.1;44.6;1;11;8.3;-57.0;1;8;11.1;-52.5;0;0;0
8393;74;74;4;0;0;-5;2;0;0;0;0;0;0;2;1;0;1;46;49;40;2;1892;0;0;78.3;0.0;9.5;17.1;43.8;18;49;26.9;-12.9;15;32;31.9;-6.2;0;0;0
8396;68;68;1;0;0;0;0;0;0;0;0;0;0;0;0;0;0;44;50;38;0;972;0;108;110.4;7.4;7.4;25.9;40.7;15;23;39.5;2.0;11;17;39.3;6.0;0;0;0
8398;82;82;15;2;1;0;14;0;0;0;0;0;0;3;3;3;5;57;52;59;9;8087;250;172;105.0;2.7;2.7;21.8;36.9;109;160;40.5;-14.1;72;118;37.9;-16.2;0;0;0
8399;74;74;5;1;4;4;0;0;1;0;0;0;0;4;1;1;3;61;59;61;11;4503;561;0;110.1;4.0;0.8;30.4;26.4;62;63;49.6;17.3;48;45;51.6;21.0;0;3;1
8401;80;80;6;0;0;-5;0;0;0;0;0;0;0;1;0;1;1;46;49;42;2;2520;0;60;91.3;1.4;8.6;27.1;61.4;40;71;36.0;-13.1;27;53;33.8;-15.8;0;24;5
8416;75;75;1;0;1;2;0;0;0;0;0;0;0;1;0;0;0;58;53;63;1;793;0;94;116.7;9.1;0.0;54.5;27.2;19;12;61.3;5.9;13;10;56.5;0.4;0;0;0
8417;79;79;1;0;0;-1;0;0;0;0;0;0;0;0;0;0;0;46;50;42;2;425;0;0;90.0;0.0;8.5;25.4;84.7;6;13;31.6;-12.6;5;10;33.3;-12.3;0;11;3
8421;64;64;10;0;0;-3;0;0;0;0;0;0;0;7;0;1;1;52;50;48;4;4043;0;0;99.0;3.6;6.2;20.5;33.8;47;67;41.2;-16.2;37;51;42.0;-15.4;0;27;15
8425;69;69;1;0;0;0;0;0;0;0;0;0;0;0;0;0;0;56;51;62;1;1069;0;0;114.1;3.4;3.4;16.8;57.2;8;38;17.4;4.1;7;31;18.4;11.0;0;0;0
8428;69;69;3;0;0;-6;2;0;0;0;0;0;0;2;2;1;2;43;46;40;1;2645;185;229;86.0;0.0;8.2;6.8;58.5;15;82;15.5;-2.9;12;62;16.2;-3.5;0;0;0
8431;78;78;5;0;0;0;2;0;0;0;0;0;0;3;3;0;1;49;47;53;7;4623;0;303;100.9;3.9;3.9;30.4;32.7;81;79;50.6;-4.6;65;63;50.8;-4.1;0;0;0
8435;74;74;1;0;0;-2;0;0;0;0;0;0;0;0;0;0;0;46;50;41;0;598;0;0;60.0;0.0;12.0;36.1;30.1;10;8;55.6;14.1;9;6;60.0;20.0;0;0;0
8437;68;68;8;1;1;0;2;0;0;0;0;0;0;0;1;0;1;51;50;52;3;4178;84;3;111.1;4.3;4.3;19.8;40.5;41;103;28.5;-13.8;31;75;29.2;-11.2;0;0;0
8444;64;64;10;0;2;-4;4;0;0;0;0;0;0;1;3;1;0;52;50;53;3;6755;105;0;96.4;1.1;3.2;20.3;36.2;71;132;35.0;-25.9;48;97;33.1;-28.0;0;5;1
8445;69;69;4;0;0;-4;0;0;0;0;0;0;0;0;1;0;1;46;48;43;0;1754;85;15;87.9;0.0;8.2;2.1;67.7;5;70;6.7;-12.2;4;53;7.0;-11.8;0;4;2
8446;66;66;4;0;0;-3;0;0;0;0;0;0;0;1;0;0;0;47;50;44;2;1732;0;0;90.0;0.0;6.2;22.9;62.4;16;52;23.5;-9.4;14;35;28.6;-3.2;0;29;6
8449;72;72;17;0;0;-5;2;0;0;0;0;0;0;0;2;0;1;51;50;49;4;7599;488;0;94.6;0.9;3.3;22.7;34.6;99;149;39.9;-31.4;77;108;41.6;-29.8;0;0;0
8451;78;78;16;0;1;-8;0;0;0;0;0;0;0;10;7;0;1;50;48;53;12;15769;154;534;96.5;1.8;3.7;26.7;35.4;216;315;40.7;-7.3;161;215;42.8;-4.7;0;0;0
8452;69;69;4;1;0;-4;0;0;0;0;0;0;0;2;1;0;2;49;50;45;3;2291;0;0;100.3;1.6;7.9;12.6;64.4;13;72;15.3;-1.9;11;58;15.9;-1.2;0;0;0
8457;78;78;7;0;1;4;2;0;0;0;0;0;0;2;4;0;1;46;47;46;7;6170;0;201;111.6;5.3;2.9;29.8;48.4;89;140;38.9;-3.7;67;112;37.4;-4.9;0;4;1
8458;81;81;4;0;0;-5;2;0;0;0;0;0;0;1;0;0;0;47;49;41;0;1665;0;0;91.7;2.2;13.0;8.6;38.9;6;45;11.8;-21.0;4;31;11.4;-22.0;0;18;6
8464;69;69;1;0;0;0;0;0;0;0;0;0;0;1;0;0;0;53;50;48;1;1000;0;0;126.2;3.6;3.6;10.8;50.4;6;29;17.1;3.2;3;20;13.0;1.4;0;0;0
8468;81;81;4;0;2;-2;0;0;0;0;0;0;0;0;0;0;1;49;50;45;0;2289;0;44;105.1;1.6;4.7;9.4;40.9;11;62;15.1;-18.4;6;39;13.3;-20.7;0;37;18
8479;66;66;1;0;0;-2;0;0;0;0;0;0;0;1;0;0;0;54;49;62;0;946;0;121;83.3;0.0;7.6;26.6;45.7;12;20;37.5;8.9;10;13;43.5;14.1;0;0;0
8482;70;70;1;0;0;-1;0;0;0;0;0;0;0;1;0;0;0;49;50;48;0;381;0;40;66.7;0.0;9.4;9.4;28.3;4;8;33.3;-26.5;1;7;12.5;-48.0;0;0;0
8483;81;81;4;0;0;-1;0;0;0;0;0;0;0;1;0;0;6;52;50;55;1;2946;0;64;103.5;1.2;2.4;13.4;44.0;16;76;17.4;-16.5;11;50;18.0;-16.1;0;1;0
8495;71;71;1;0;0;-1;0;0;0;0;0;0;0;0;0;0;0;49;50;46;0;1035;0;145;111.9;7.0;10.4;20.9;48.7;10;26;27.8;-0.6;9;18;33.3;11.5;0;0;0
8497;68;68;9;1;0;-3;46;0;0;0;0;4;2;33;4;0;5;54;49;58;11;8776;22;375;101.3;3.3;4.5;27.9;43.1;126;195;39.3;-1.5;97;146;39.9;1.2;0;0;0
8507;66;66;4;0;0;-3;0;0;0;0;0;0;0;0;0;0;0;46;50;41;0;2670;0;0;116.4;2.7;6.7;10.8;78.2;14;88;13.7;-23.4;11;70;13.6;-24.0;0;0;0
8508;79;79;1;0;0;-1;0;0;0;0;0;0;0;0;1;0;0;58;46;76;1;820;26;110;80.0;0.0;4.4;22.0;22.0;12;10;54.5;16.1;7;6;53.8;12.7;0;0;0
8510;74;74;4;2;1;0;2;0;0;0;0;0;0;1;2;1;2;54;52;53;5;2087;0;69;117.3;6.9;6.9;20.7;43.1;26;49;34.7;-0.1;20;38;34.5;0.7;0;1;0
8513;64;64;1;0;1;0;0;0;0;0;0;0;0;0;0;0;0;58;56;49;0;860;0;0;107.5;4.2;4.2;20.9;33.5;13;16;44.8;-15.7;7;10;41.2;-19.2;0;0;0
8516;78;78;12;0;1;-16;6;0;0;0;0;0;0;5;4;2;0;44;48;40;6;13017;45;433;93.1;2.5;6.9;26.8;42.9;187;268;41.1;-9.7;137;195;41.3;-11.1;0;0;0
8518;64;64;1;0;0;-1;0;0;0;0;0;0;0;1;1;0;0;47;47;45;0;800;0;68;100.0;4.5;9.0;22.5;45.0;10;11;47.6;-27.4;7;10;41.2;-39.8;0;0;0
8519;79;79;4;0;0;-2;0;0;0;0;0;0;0;2;0;0;0;49;49;44;0;1981;0;0;100.6;1.8;5.5;18.2;58.2;17;53;24.3;-16.3;15;41;26.8;-13.5;0;16;4
8520;68;68;1;0;0;-1;0;0;0;0;0;0;0;1;0;0;0;48;50;43;0;516;0;0;80.0;0.0;7.0;7.0;34.9;2;11;15.4;-31.5;2;8;20.0;-27.3;0;0;0
8523;112;112;3;0;0;-1;0;0;0;0;0;0;0;0;0;0;0;47;49;46;0;1220;0;0;92.9;0.0;3.0;11.8;41.3;10;26;27.8;-20.5;5;21;19.2;-26.6;0;21;3
8524;108;108;3;0;1;-2;0;0;0;0;0;0;0;1;0;0;0;42;49;34;0;3240;0;0;110.1;3.3;5.6;17.8;64.4;35;102;25.5;-3.8;24;79;23.3;-9.9;0;0;0
8525;119;119;7;2;1;5;4;2;0;0;0;0;0;1;6;1;0;56;55;54;9;5645;822;95;111.7;5.1;1.9;29.3;33.8;80;94;46.0;0.6;58;70;45.3;2.3;0;1;0
8527;121;121;7;2;0;-9;4;1;0;0;0;0;0;2;1;1;1;47;52;39;4;4885;76;0;87.7;0.7;7.4;12.5;40.5;50;101;33.1;-19.3;30;73;29.1;-25.4;0;0;0
8528;114;114;11;1;2;-1;0;0;0;0;0;0;0;4;3;3;0;56;48;67;16;9896;0;781;97.0;2.5;2.9;35.7;28.7;175;155;53.0;-8.0;133;110;54.7;-4.8;0;0;0
8530;111;111;4;0;0;-6;0;0;0;0;0;0;0;1;0;2;2;48;50;44;1;1967;0;0;83.8;0.0;11.0;16.5;67.7;15;66;18.5;-16.8;11;47;19.0;-15.7;0;0;0
8531;112;112;5;0;0;-4;2;0;0;0;0;0;0;2;0;0;0;53;51;52;5;3381;275;0;90.0;0.0;4.3;25.6;42.6;36;67;35.0;-15.5;27;57;32.1;-16.9;0;2;1
8534;116;116;12;1;2;-6;0;0;0;0;0;0;0;6;1;1;2;52;50;52;6;8401;0;0;91.6;1.7;4.3;23.6;27.4;111;131;45.9;-13.2;79;94;45.7;-13.1;0;100;34
8536;114;114;13;0;1;6;19;0;0;0;0;3;1;7;5;0;0;49;46;53;16;11427;0;692;104.1;4.4;2.5;31.5;25.5;198;164;54.7;-4.6;138;122;53.1;-5.7;0;0;0
8537;122;122;2;0;1;2;0;0;0;0;0;0;0;1;1;0;0;55;55;55;1;1711;78;171;107.2;6.3;2.1;50.5;40.0;38;32;54.3;6.8;28;26;51.9;2.8;0;0;0
8540;114;114;13;0;3;1;2;0;1;0;0;0;0;1;1;0;4;52;50;52;9;6364;30;1041;100.7;4.0;3.4;32.2;29.4;102;92;52.6;-6.4;74;69;51.7;-6.5;0;11;6
8541;114;114;1;0;0;-1;17;0;0;0;0;1;0;1;1;0;0;42;45;42;1;666;0;121;91.7;0.0;5.4;21.6;64.9;10;19;34.5;-27.5;6;15;28.6;-33.2;0;0;0
8543;107;107;1;0;0;0;0;0;0;0;0;0;0;2;0;0;0;55;52;47;1;721;0;0;100.0;0.0;0.0;10.0;39.9;5;14;26.3;-4.1;3;11;21.4;-5.4;0;0;0
8544;121;121;1;0;0;0;0;0;0;0;0;0;0;0;1;1;0;59;45;78;0;908;0;120;100.0;0.0;0.0;27.8;35.7;10;15;40.0;-15.7;9;12;42.9;-16.7;0;0;0
8546;122;122;10;0;4;-3;2;0;0;0;0;0;0;6;0;1;8;58;54;63;7;9759;15;531;100.9;4.8;5.9;35.0;46.1;151;215;41.3;-7.3;115;163;41.4;-8.0;0;0;0
8547;112;112;4;0;0;-6;2;0;0;0;0;0;0;0;1;0;1;46;50;39;3;2659;0;0;90.2;1.4;9.5;14.9;50.1;19;63;23.2;-28.2;14;51;21.5;-29.0;0;42;17
8555;121;121;10;0;3;4;4;0;0;0;0;0;0;3;3;0;0;57;57;51;11;9293;733;0;104.2;3.5;1.5;31.8;22.9;140;138;50.4;4.1;111;95;53.9;7.8;0;5;2
8556;121;121;1;0;0;-2;2;0;0;0;0;0;0;0;0;0;2;55;52;61;0;779;86;0;80.0;0.0;4.6;37.0;23.1;13;17;43.3;-11.4;10;9;52.6;-0.9;0;0;0
8563;121;121;11;0;1;-10;4;0;1;0;0;0;0;3;1;0;4;47;50;43;1;4769;252;693;93.2;0.8;8.3;9.8;57.4;42;114;26.9;-24.0;28;92;23.3;-29.8;0;72;24
8567;117;117;1;0;0;0;0;0;0;0;0;0;0;2;0;0;0;61;56;49;1;795;0;0;100.0;0.0;0.0;27.2;13.6;13;5;72.2;7.3;8;3;72.7;8.4;0;11;5
8568;112;112;1;0;0;-1;0;0;0;0;0;0;0;0;0;0;0;62;53;67;1;1038;0;0;116.7;3.5;6.9;13.9;83.2;9;36;20.0;-49.3;6;31;16.2;-49.5;0;0;0
8572;112;112;1;0;0;-1;0;0;0;0;0;0;0;0;1;0;0;43;50;35;0;1038;0;0;116.7;3.5;6.9;13.9;83.2;9;36;20.0;-49.3;6;31;16.2;-49.5;0;0;0
8574;111;111;1;0;0;0;0;0;0;0;0;0;0;0;0;0;2;55;50;61;1;282;0;0;100.0;0.0;0.0;25.5;63.8;3;10;23.1;-3.8;3;6;33.3;8.7;0;0;0
8580;120;120;1;0;0;0;0;0;0;0;0;0;0;0;0;0;3;57;50;66;2;1079;0;0;115.0;6.7;6.7;26.7;66.7;15;35;30.0;-42.2;12;24;33.3;-35.8;0;0;0
8591;116;116;1;0;0;-2;0;0;0;0;0;0;0;0;0;0;0;57;54;49;0;1104;0;0;71.4;0.0;6.5;26.1;22.8;24;9;72.7;1.3;13;8;61.9;-13.5;0;0;0
8593;122;122;4;1;0;-1;2;0;0;0;0;0;0;0;0;0;1;50;51;48;3;1809;0;76;109.3;2.0;4.0;13.9;79.6;18;67;21.2;-32.1;14;49;22.2;-29.0;0;9;4
8594;113;113;5;0;0;-2;0;0;0;0;0;0;0;1;1;0;2;52;49;55;2;2093;0;106;97.5;1.7;5.2;13.8;34.4;18;50;26.5;-18.7;12;37;24.5;-23.5;0;2;1
8597;111;111;1;0;0;0;0;0;0;0;0;0;0;0;0;0;0;49;50;47;0;332;0;0;100.0;0.0;0.0;21.7;54.2;3;10;23.1;-3.8;3;6;33.3;8.7;0;0;0
8599;116;116;1;0;0;3;0;0;0;0;0;0;0;0;0;0;0;57;50;65;2;1044;0;0;120.0;10.3;0.0;51.7;13.8;31;8;79.5;11.5;23;6;79.3;12.0;0;0;0
8600;111;111;3;0;0;-3;0;0;0;0;0;0;0;1;1;0;4;54;49;64;1;1603;104;247;88.5;0.0;6.7;20.2;58.4;13;47;21.7;-13.8;11;33;25.0;-10.6;0;18;6
8601;120;120;10;0;1;-7;2;0;0;0;0;0;0;2;0;1;1;52;50;51;4;4306;16;0;88.8;1.7;7.5;23.4;41.0;45;87;34.1;-16.8;33;61;35.1;-17.1;0;1;1
8602;112;112;4;0;0;-2;0;0;0;0;0;0;0;1;0;0;0;53;50;51;0;1805;0;79;90.0;0.0;4.0;10.0;39.9;16;38;29.6;-22.3;7;30;18.9;-31.1;0;4;1
8603;114;114;2;0;0;2;2;0;0;0;0;0;0;0;0;0;0;57;50;68;2;1940;0;89;108.0;3.7;0.0;46.4;26.0;43;26;62.3;11.9;33;20;62.3;14.8;0;1;0
8606;114;114;12;3;1;-5;4;1;1;0;0;0;0;4;7;0;2;57;54;57;28;9126;3075;0;92.2;2.8;4.7;35.5;30.4;172;142;54.8;-4.7;125;110;53.2;-6.1;1;2;1
8609;119;119;7;1;0;0;2;0;0;0;0;0;0;1;1;0;2;51;51;51;5;2808;113;299;118.8;5.1;5.1;17.9;52.6;28;65;30.1;-18.0;20;52;27.8;-18.8;0;1;0
8613;112;112;1;0;0;0;0;0;0;0;0;0;0;1;0;0;1;55;54;47;1;1061;0;0;129.2;3.4;3.4;10.2;81.4;8;44;15.4;-43.7;4;30;11.8;-46.8;0;0;0
8615;119;119;7;1;0;0;2;0;0;0;0;0;0;2;0;0;1;53;50;56;2;2711;45;79;118.6;5.3;5.3;18.6;53.1;28;66;29.8;-18.4;21;52;28.8;-17.6;0;49;17
8616;108;108;4;1;0;-1;4;0;0;0;0;0;0;1;0;0;0;56;50;49;1;1951;0;15;113.9;1.8;3.7;9.2;60.9;15;61;19.7;-7.6;9;46;16.4;-12.8;0;16;5
8617;120;120;8;0;0;-3;0;0;0;0;0;0;0;1;2;0;0;48;48;48;0;3730;0;0;105.1;2.9;5.8;17.4;50.2;34;89;27.6;-26.3;22;65;25.3;-30.0;0;37;15
8618;111;111;3;0;0;-8;0;0;0;0;0;0;0;2;2;0;0;46;49;45;2;3135;0;198;85.5;0.0;9.2;14.9;63.2;29;102;22.1;-15.6;18;74;19.6;-18.3;0;0;0
8619;122;122;1;0;0;1;2;0;0;0;0;0;0;2;0;0;0;49;53;43;0;810;0;33;140.0;8.9;4.4;17.8;44.4;10;18;35.7;-20.3;6;13;31.6;-20.6;0;0;0
8624;120;120;10;3;0;-1;2;0;0;0;0;0;0;2;2;1;1;52;51;45;7;6410;0;0;104.5;2.2;2.8;19.7;40.4;64;136;32.0;-20.7;43;96;30.9;-23.3;0;2;1
8625;106;106;1;0;0;2;0;0;0;0;0;0;0;1;0;0;0;63;53;75;2;813;0;56;112.5;8.9;0.0;70.8;39.9;24;13;64.9;1.0;18;11;62.1;1.3;0;0;0
8631;113;113;1;0;0;-1;0;0;0;0;0;0;0;0;1;0;0;47;47;47;0;455;0;0;75.0;0.0;7.9;39.6;31.6;5;11;31.3;-22.6;5;6;45.5;-10.1;0;11;4
8634;111;111;1;0;0;-2;2;0;0;0;0;0;0;0;0;0;0;47;50;48;0;1083;0;68;85.7;0.0;6.6;16.6;46.5;11;30;26.8;-11.2;7;20;25.9;-13.0;0;0;0
8646;122;122;12;3;7;8;2;1;1;0;0;0;0;2;4;1;1;55;57;48;16;10987;655;0;109.4;6.2;3.6;32.8;37.4;183;205;47.2;0.7;143;151;48.6;2.6;1;0;0
8649;108;108;2;0;0;-2;0;0;0;0;0;0;0;1;0;0;1;49;49;51;1;2136;0;44;105.5;1.7;5.1;11.8;57.3;19;62;23.5;-5.3;12;46;20.7;-8.5;0;0;0
8652;120;120;9;0;1;-9;0;0;0;0;0;0;0;7;4;0;1;47;49;41;8;4988;0;303;86.5;1.4;7.9;28.1;42.6;53;101;34.4;-15.7;45;80;36.0;-16.1;0;1;0
8653;111;111;4;0;1;-6;0;0;1;0;0;0;0;2;0;1;5;51;52;49;2;2924;126;0;87.2;0.0;7.4;19.7;57.9;25;82;23.4;-11.7;21;63;25.0;-9.3;0;44;13
8655;119;119;5;0;1;-4;0;0;0;0;0;0;0;3;1;0;1;50;50;48;2;2435;0;0;101.8;1.5;7.4;10.3;59.1;13;64;16.9;-32.4;9;51;15.0;-32.0;0;1;0
8656;119;119;2;0;0;1;0;0;0;0;0;0;0;0;0;0;1;54;50;55;0;527;0;0;120.0;6.8;0.0;34.2;20.5;13;8;61.9;13.8;8;5;61.5;12.9;0;1;0
8657;122;122;11;0;0;-3;4;0;0;0;0;0;0;3;1;0;13;51;50;49;5;5558;62;184;101.6;1.3;3.2;16.8;53.1;49;161;23.3;-27.0;39;113;25.7;-24.8;0;7;5
8662;108;108;5;0;1;0;2;0;0;0;0;0;0;1;1;1;1;55;49;57;0;2157;0;0;108.1;1.7;1.7;15.0;55.1;23;62;27.1;-0.6;15;47;24.2;-4.9;0;0;0
8663;122;122;1;1;0;1;0;0;0;0;0;0;0;0;0;0;1;71;58;82;3;919;0;14;107.7;3.9;0.0;50.9;47.0;21;21;50.0;2.3;15;17;46.9;-2.1;0;0;0
8665;114;114;2;0;0;-2;0;0;0;0;0;0;0;1;0;0;1;50;50;45;1;782;0;0;60.0;0.0;9.2;18.4;23.0;8;9;47.1;-14.2;5;6;45.5;-16.3;0;4;2
8667;100;100;3;0;1;-3;0;0;1;0;0;0;0;0;1;0;1;67;52;85;4;3160;657;95;90.5;1.1;4.6;23.9;31.9;37;61;37.8;7.1;25;38;39.7;10.8;0;0;0
8668;111;111;4;0;0;-9;4;0;0;0;0;0;0;3;1;1;6;47;51;39;3;4405;178;379;86.6;0.0;7.4;15.5;54.8;47;115;29.0;-5.1;33;86;27.7;-6.6;0;0;0
8669;109;109;1;0;1;2;0;0;0;0;0;0;0;0;0;0;0;60;57;63;1;996;0;0;115.4;7.2;0.0;47.0;36.1;22;16;57.9;20.1;18;12;60.0;20.7;0;0;0
8670;106;106;11;0;4;1;0;0;0;0;0;0;0;7;6;0;7;55;54;51;15;10989;245;794;99.1;3.6;3.3;36.7;30.5;213;190;52.9;-6.2;150;138;52.1;-7.1;0;0;0
8671;93;93;1;0;0;-3;0;0;0;0;0;0;0;0;2;0;1;32;40;23;0;452;3;117;57.1;0.0;23.9;8.0;55.8;2;11;15.4;-63.6;1;8;11.1;-71.6;0;0;0
8672;90;90;5;0;0;-8;0;0;0;0;0;0;0;0;2;1;1;53;48;61;2;4943;0;388;90.5;0.7;6.6;14.6;45.2;47;112;29.6;-12.5;34;86;28.3;-14.5;0;0;0
8673;89;89;6;0;2;-5;6;0;0;0;0;0;0;3;3;1;10;54;51;59;11;6534;263;394;99.9;2.2;5.0;21.5;47.9;71;151;32.0;-4.3;51;113;31.1;-2.1;0;0;0
8675;90;90;3;0;0;1;0;0;0;0;0;0;0;2;3;0;1;54;46;65;2;2773;106;301;105.8;3.9;2.6;33.8;45.4;40;70;36.4;-3.9;33;50;39.8;-0.1;0;0;0
8677;121;121;9;2;2;-7;6;0;1;0;0;0;0;2;0;1;4;60;53;68;14;9137;98;467;93.5;1.2;3.9;23.2;33.9;129;160;44.6;-3.5;93;117;44.3;-5.8;0;2;1
8678;106;106;13;0;1;1;2;0;0;0;0;0;0;5;3;3;2;60;54;64;23;12872;32;1072;98.9;4.2;3.9;40.0;33.8;269;217;55.3;-2.8;190;167;53.2;-5.6;0;0;0
8679;94;94;2;0;0;0;0;0;0;0;0;0;0;2;0;0;1;50;50;50;3;1990;0;78;85.9;7.2;7.2;43.4;23.5;42;26;61.8;3.0;28;21;57.1;-0.8;0;0;0
8680;93;93;1;0;0;-1;0;0;0;0;0;0;0;1;0;0;0;47;49;44;0;878;0;37;66.7;0.0;4.1;41.0;12.3;22;4;84.6;19.9;14;3;82.4;12.4;0;0;0
8681;110;110;13;1;1;3;2;0;0;0;0;0;0;8;4;1;0;54;54;49;17;12888;187;725;98.6;3.6;2.8;38.3;25.7;250;188;57.1;-3.6;187;137;57.7;-1.6;0;0;0
8682;88;88;9;2;0;3;2;0;0;0;0;0;0;4;3;0;6;57;53;59;15;8884;242;328;102.3;3.2;2.0;38.1;32.4;171;141;54.8;-5.1;134;104;56.3;-5.3;0;0;0
8683;100;100;4;1;0;-4;0;0;0;0;0;0;0;6;1;0;0;53;48;60;4;4464;0;330;93.3;0.8;4.8;20.2;45.2;51;105;32.7;1.9;33;79;29.5;-0.5;0;0;0
8684;113;113;3;0;1;-5;2;0;0;0;0;0;0;2;0;1;1;45;51;38;3;2537;0;136;90.7;1.4;8.5;28.4;59.6;30;74;28.8;-22.4;27;56;32.5;-21.1;0;0;0
8686;94;94;2;0;0;-4;0;0;0;0;0;0;0;0;0;0;0;42;50;33;0;1842;0;83;78.9;0.0;7.8;27.4;37.1;31;25;55.4;-0.1;22;19;53.7;3.2;0;0;0
8687;104;104;10;0;1;-7;0;0;0;0;0;0;0;7;1;1;3;62;51;71;8;10676;0;600;97.0;1.7;4.0;20.9;36.4;129;203;38.9;-7.2;91;144;38.7;-7.9;0;0;0
8690;109;109;4;0;1;-2;0;0;0;0;0;0;0;2;3;0;2;50;49;48;2;4144;0;219;96.8;2.6;4.3;21.7;28.7;43;74;36.8;-1.2;31;51;37.8;-2.3;0;0;0
8691;75;75;8;0;3;6;0;0;0;0;0;0;0;1;4;1;1;55;51;57;10;7899;0;98;104.1;5.5;2.7;39.2;27.8;151;114;57.0;0.9;113;87;56.5;0.3;0;0;0
8692;109;109;1;0;1;1;0;0;0;0;0;0;0;0;2;0;0;47;47;47;0;963;0;1;125.7;7.5;3.7;18.7;26.2;10;14;41.7;-11.5;7;12;36.8;-16.1;0;0;0
8693;105;105;4;0;1;-1;4;0;0;0;0;0;0;5;0;0;2;64;53;77;3;3956;0;196;100.7;0.9;1.8;19.1;44.6;36;101;26.3;-18.0;27;73;27.0;-16.2;0;0;0
8696;85;85;6;0;1;-5;2;0;0;0;0;0;0;0;0;0;1;45;49;41;3;2603;98;147;86.0;1.4;8.3;15.2;36.0;26;60;30.2;-12.3;20;44;31.3;-11.8;0;1;0
8697;93;93;1;0;0;0;0;0;0;0;0;0;0;0;0;0;0;54;50;48;1;586;0;0;100.0;0.0;0.0;30.7;30.7;6;13;31.6;-46.1;5;9;35.7;-39.9;0;0;0
8702;113;113;2;0;0;1;2;0;0;0;0;0;0;0;0;0;2;59;50;73;1;1754;0;136;111.1;2.1;0.0;18.5;57.5;14;48;22.6;-27.4;10;38;20.8;-33.9;0;0;0
8704;121;121;4;1;2;-3;0;0;0;0;0;0;0;2;0;0;2;63;56;69;5;4059;46;126;95.8;3.5;6.2;25.7;34.6;47;73;39.2;-7.6;36;56;39.1;-8.6;0;0;0
8705;113;113;1;0;0;-1;0;0;0;0;0;0;0;2;0;0;1;59;50;71;1;849;0;0;93.3;0.0;4.2;25.4;63.6;10;27;27.0;-37.3;8;21;27.6;-38.4;0;0;0
8707;69;69;3;0;1;-4;0;0;0;0;0;0;0;2;1;1;2;57;49;68;1;2903;216;299;110.0;1.2;6.2;6.2;62.0;14;92;13.2;-3.8;9;68;11.7;-4.8;0;0;0
8708;71;71;4;0;0;-5;2;0;0;0;0;0;0;1;3;0;3;45;48;42;3;4184;0;260;100.2;2.6;6.9;21.5;58.5;44;124;26.2;-3.2;37;88;29.6;1.1;0;0;0
8710;71;71;3;0;0;-4;0;0;0;0;0;0;0;0;1;1;2;45;48;40;2;3237;0;85;95.8;1.1;5.6;20.0;56.7;34;102;25.0;-5.3;28;71;28.3;-2.5;0;0;0
8718;85;85;1;0;1;1;0;0;0;0;0;0;0;1;2;0;0;49;45;64;1;842;0;0;110.0;4.3;0.0;42.8;25.7;17;13;56.7;13.5;13;9;59.1;17.0;0;0;0
8720;110;110;14;0;4;-1;0;0;0;0;0;0;0;1;1;1;5;63;57;64;36;14424;172;795;93.1;3.5;3.7;41.7;24.5;318;196;61.9;0.9;241;144;62.6;3.2;0;0;0
8722;90;90;1;0;1;2;0;0;0;0;0;0;0;0;1;0;0;71;49;97;2;1015;0;29;125.0;7.1;0.0;28.4;63.8;13;30;30.2;-7.3;12;23;34.3;-1.2;0;0;0
8723;94;94;13;1;0;-14;0;0;0;0;0;0;0;8;3;3;2;46;49;41;10;12564;113;487;91.0;1.1;5.2;26.9;39.0;185;247;42.8;-13.8;140;194;41.9;-15.0;0;0;0
8730;80;124;6;5;7;1;5;1;1;0;1;1;0;9;0;3;20;75;68;76;25;7088;852;233;98.9;5.1;5.1;39.1;36.1;136;133;50.6;5.8;104;99;51.2;7.0;1;0;0
8733;114;114;13;7;10;7;23;1;4;0;0;3;0;23;5;12;10;86;79;89;61;13888;3327;515;101.2;3.6;1.8;41.7;24.4;290;176;62.2;6.5;211;131;61.7;6.8;1;325;199
8735;20;20;4;0;0;-3;5;0;0;0;0;1;0;2;6;1;0;55;52;60;2;1107;0;442;75.0;0.0;9.8;26.0;39.0;9;19;32.1;-9.8;8;13;38.1;-4.8;0;8;4
8736;79;23;4;2;2;-1;2;0;0;0;0;0;0;9;0;1;2;66;65;66;13;3896;640;66;93.8;4.6;5.5;35.1;28.6;66;59;52.8;21.0;48;42;53.3;21.5;0;90;44
8737;112;112;5;6;5;2;0;0;1;0;0;0;0;13;1;1;5;84;80;81;26;6067;707;737;96.7;5.9;4.7;44.5;28.5;132;87;60.3;20.0;98;68;59.0;20.6;0;107;59
8739;93;93;16;4;17;11;29;0;5;0;0;2;1;25;3;5;21;84;73;91;80;16330;2684;526;100.3;4.6;2.2;37.9;18.5;332;165;66.8;4.7;251;125;66.8;5.0;0;0;0
8740;68;1;9;5;8;0;0;3;2;0;0;0;0;12;3;1;13;78;76;71;35;9665;1698;35;102.3;3.7;3.7;29.8;36.5;165;181;47.7;11.9;117;143;45.0;9.3;1;193;120
8741;81;81;4;2;0;-4;27;0;0;0;0;3;0;5;0;0;1;60;59;52;4;4160;142;230;93.0;3.5;6.9;32.0;38.9;55;87;38.7;13.1;44;62;41.5;16.5;0;7;3
8742;120;120;9;4;5;1;2;0;1;0;0;0;0;16;3;4;24;78;59;94;19;10068;471;1097;98.2;3.9;3.6;40.0;30.8;182;137;57.1;12.7;145;106;57.8;11.6;1;0;0
8743;63;63;13;3;10;8;2;2;0;0;0;0;0;14;5;15;23;87;76;91;59;13738;1963;1631;102.2;3.4;1.3;43.2;23.1;294;154;65.6;23.9;222;119;65.1;22.9;2;14;7
8744;91;91;7;6;5;5;4;1;1;0;0;0;0;14;3;6;2;92;83;89;28;6982;1125;937;94.6;5.2;2.6;45.9;15.5;164;60;73.2;31.8;128;40;76.2;35.6;0;126;72
9229;66;-1;2;0;1;-4;0;0;0;0;0;0;0;1;0;1;5;65;53;80;3;1942;5;247;96.8;1.9;9.3;16.7;64.9;19;55;25.7;-9.7;12;39;23.5;-12.0;0;0;0
9230;66;-1;3;0;0;-2;4;0;0;0;0;0;0;2;2;2;4;58;50;66;3;3056;123;24;95.6;1.2;3.5;17.7;31.8;32;59;35.2;5.2;23;42;35.4;6.7;0;0;0
9231;71;71;1;0;0;-1;0;0;0;0;0;0;0;0;0;1;1;54;50;62;0;477;0;0;90.0;0.0;7.5;15.1;75.5;3;17;15.0;-15.6;3;14;17.6;-14.4;0;5;1
9232;64;64;9;0;3;0;4;0;1;0;0;0;0;0;2;1;3;56;52;57;9;7460;579;0;98.8;2.4;2.4;28.0;24.6;125;107;53.9;-5.0;90;77;53.9;-5.3;0;130;51
9237;75;-1;1;0;1;2;2;0;0;0;0;0;0;0;1;0;1;55;57;44;3;948;0;43;91.7;11.4;3.8;68.4;15.2;31;10;75.6;5.1;24;4;85.7;15.5;0;0;0
9238;66;-1;4;0;1;-2;2;0;0;0;0;0;0;3;2;0;3;57;56;55;6;3758;173;0;94.9;0.0;1.9;29.7;37.4;46;75;38.0;9.3;34;56;37.8;9.1;0;0;0
9239;81;-1;3;0;1;-1;2;0;0;0;0;0;0;2;2;0;0;50;45;58;3;3065;43;141;100.4;4.7;5.9;32.9;42.3;40;74;35.1;6.4;33;59;35.9;7.3;0;0;0
9242;66;-1;4;0;0;-4;0;0;0;0;0;0;0;3;0;0;1;53;50;55;2;3027;0;0;88.9;0.0;4.8;26.2;42.8;33;64;34.0;3.4;25;49;33.8;3.3;0;1;0
9243;81;-1;3;0;1;-8;0;0;0;0;0;0;0;1;0;0;2;36;50;20;3;2942;0;116;94.3;2.4;12.2;17.1;61.2;24;93;20.5;-11.3;19;73;20.7;-9.7;0;0;0
9244;81;-1;3;1;0;-5;2;0;0;0;0;0;0;2;0;1;0;53;52;51;3;2642;187;133;89.2;2.7;9.5;23.2;42.2;33;58;36.3;13.0;23;45;33.8;11.2;0;0;0
9248;100;-1;1;0;0;-2;0;0;0;0;0;0;0;0;1;0;0;41;42;40;0;1052;0;59;85.7;0.0;6.8;6.8;47.9;6;28;17.6;-14.4;4;21;16.0;-11.3;0;0;0
9249;100;-1;2;0;0;0;4;0;0;0;0;0;0;1;2;0;1;54;46;71;3;2158;178;58;103.1;1.7;1.7;21.7;36.7;22;42;34.4;0.4;14;31;31.1;-0.4;0;0;0
9250;100;-1;2;0;1;-6;0;0;0;0;0;0;0;3;0;0;0;52;53;43;1;1773;262;57;95.5;4.1;14.2;24.4;67.0;19;46;29.2;0.7;15;41;26.8;-2.2;0;0;0
9251;96;-1;3;0;0;-4;2;0;0;0;0;0;0;1;0;1;2;43;48;39;1;3142;33;88;104.5;1.1;5.7;8.0;58.4;22;94;19.0;6.8;13;71;15.5;5.9;0;0;0
9255;74;74;3;2;0;0;2;0;0;0;0;0;0;4;1;0;0;43;47;38;4;3042;0;237;111.7;3.6;3.6;17.8;42.6;25;73;25.5;-14.8;17;56;23.3;-16.0;0;0;0
9256;74;-1;2;0;1;-3;0;0;0;0;0;0;0;0;0;1;1;50;54;40;5;1968;10;110;88.3;1.8;7.3;22.0;36.6;20;41;32.8;-7.8;16;30;34.8;-5.4;0;0;0
9257;74;-1;5;0;1;-4;0;0;0;0;0;0;0;2;0;0;4;56;52;54;2;4809;0;249;95.8;0.7;3.7;15.7;41.9;41;104;28.3;-11.7;29;77;27.4;-11.9;0;0;0
9259;107;-1;1;0;0;-2;0;0;0;0;0;0;0;0;0;0;0;45;50;34;1;874;0;0;84.6;0.0;8.2;16.5;53.5;5;33;13.2;-31.8;4;23;14.8;-30.5;0;0;0
9260;105;-1;1;0;0;0;0;0;0;0;0;0;0;0;1;0;0;56;46;70;1;720;0;64;100.0;0.0;0.0;20.0;40.0;6;18;25.0;-27.6;4;12;25.0;-28.3;0;0;0
9262;120;120;5;0;3;1;0;0;0;0;0;0;0;4;1;0;4;61;56;61;5;4931;0;404;105.2;5.1;4.4;33.6;43.8;78;105;42.6;-12.6;62;77;44.6;-12.6;0;0;0
9264;122;-1;6;0;0;-6;2;0;0;0;0;0;0;1;2;0;4;53;49;53;7;5816;0;297;90.9;0.0;3.7;22.3;40.9;64;124;34.0;-18.9;44;87;33.6;-20.0;0;0;0
9266;107;-1;3;0;0;-4;2;0;0;0;0;0;0;5;2;0;1;49;47;51;3;3204;0;200;94.4;1.1;5.6;21.3;51.7;37;79;31.9;-4.7;30;62;32.6;-2.9;0;0;0
9267;105;-1;1;0;0;0;0;0;0;0;0;0;0;1;0;0;0;54;50;60;1;761;0;55;100.0;0.0;0.0;18.9;37.8;6;18;25.0;-27.6;4;12;25.0;-28.3;0;0;0
9270;119;-1;6;1;1;1;0;0;0;0;0;0;0;5;3;2;2;61;51;75;4;5049;0;237;112.8;4.3;3.6;20.0;41.4;60;115;34.3;-15.6;43;79;35.2;-11.3;0;0;0
9271;112;-1;4;0;1;-3;0;0;0;0;0;0;0;4;1;0;0;50;53;47;1;2203;18;37;126.1;3.3;8.2;8.2;58.8;12;57;17.4;-34.0;7;48;12.7;-38.5;0;0;0
9272;95;-1;5;2;1;1;0;0;0;0;0;0;0;5;0;1;1;51;54;44;4;4806;0;125;115.0;6.0;5.2;20.2;36.0;51;94;35.2;-2.6;36;74;32.7;-6.5;0;0;0
9277;103;-1;4;0;1;5;0;0;0;0;0;0;0;5;0;0;0;59;52;66;6;3791;0;180;106.4;5.7;0.9;52.2;20.9;93;41;69.4;-1.5;76;32;70.4;-0.8;0;0;0
9278;103;-1;15;4;3;18;0;0;0;1;1;0;0;4;1;1;0;60;54;64;34;15406;98;845;102.5;4.9;1.2;51.4;16.6;409;124;76.7;5.4;301;94;76.2;3.5;1;0;0
9281;66;-1;4;0;0;-3;0;0;0;0;0;0;0;1;2;0;2;51;50;48;4;2034;0;63;90.3;0.0;5.3;23.0;54.9;19;56;25.3;-7.4;17;37;31.5;0.2;0;0;0
9284;74;-1;5;0;1;-4;0;0;0;0;0;0;0;7;2;0;0;56;51;55;3;4691;0;345;105.3;3.8;6.9;20.7;52.2;48;123;28.1;-12.9;32;93;25.6;-15.5;0;0;0
9289;64;-1;10;0;2;-2;4;0;0;0;0;0;0;1;2;1;2;52;51;52;8;5584;42;0;96.9;1.3;2.6;23.9;30.3;61;91;40.1;-18.2;48;66;42.1;-15.9;0;3;0
9293;95;-1;4;1;2;-2;0;0;0;0;0;0;0;6;2;0;1;60;54;62;2;3888;118;153;107.9;4.6;6.5;18.5;38.0;42;79;34.7;-1.9;28;61;31.5;-7.6;0;0;0
9294;78;-1;9;0;3;-12;2;0;0;0;0;0;0;4;4;1;2;50;51;44;10;9502;125;104;97.1;2.3;6.8;21.6;50.8;105;226;31.7;-13.7;76;176;30.2;-17.7;0;0;0
9295;122;-1;11;3;0;-8;6;1;0;0;0;0;0;5;1;0;3;50;53;42;9;8386;194;0;94.4;1.7;5.2;23.2;39.5;111;163;40.5;-7.4;76;128;37.3;-11.8;0;0;0
9296;110;-1;2;1;1;0;2;0;0;0;0;0;0;0;0;0;0;55;58;51;5;1606;63;81;90.6;6.7;6.7;49.3;29.1;46;19;70.8;0.2;27;14;65.9;-5.2;0;0;0
9297;121;-1;11;0;0;-9;2;0;0;0;0;0;0;6;1;1;1;48;49;45;3;4353;9;0;93.8;0.8;8.3;10.8;59.5;38;108;26.0;-24.8;27;86;23.9;-28.8;0;15;5
9298;119;-1;7;0;0;-3;12;0;0;0;0;0;0;4;0;1;1;51;51;51;7;4848;298;0;92.0;1.5;3.7;25.2;26.7;78;76;50.6;6.7;56;55;50.5;9.0;0;0;0
9299;111;-1;4;0;0;-6;2;0;0;0;0;0;0;1;0;1;0;58;50;65;3;3804;0;368;89.3;0.0;5.7;20.8;53.0;41;98;29.5;-4.0;31;74;29.5;-3.5;0;0;0
9300;108;-1;5;0;2;4;0;0;0;0;0;0;0;3;4;1;9;55;47;63;1;4851;49;86;114.4;5.2;2.2;26.7;44.5;46;136;25.3;-3.3;42;96;30.4;2.8;0;0;0
9301;108;-1;5;0;1;4;0;0;0;0;0;0;0;1;2;0;0;51;48;58;0;4609;0;19;115.2;5.5;2.3;26.6;43.7;44;131;25.1;-3.4;40;92;30.3;2.6;0;0;0
9302;108;-1;5;0;0;-2;0;0;0;0;0;0;0;0;1;0;1;48;49;47;2;2319;0;445;105.0;1.6;4.7;12.4;62.1;23;73;24.0;-4.3;14;58;19.4;-10.7;0;14;5
9303;95;-1;2;1;0;-2;2;0;0;0;0;0;0;1;0;0;4;56;51;58;4;2132;98;64;93.9;3.4;6.8;32.1;40.5;24;45;34.8;-3.4;23;32;41.8;1.2;0;0;0
