PlayerId;TeamId;FranchiseId;First Name;Last Name;Nick Name;Height;Weight;Date Of Birth;Birthcity;Birthstate;Nationality_One;Nationality_Two;Nationality_Three;Retired
0;18;18;Hunter;Jones;;76;226;2000-9-21;Brantford;ON;Canada;;;0
1;9;9;Mario;Ferraro;;71;185;1998-9-17;King City;ON;Canada;;;0
7;44;30;Marat;Khusnutdinov;;71;203;2002-7-17;Moscow;MOS;Russia;;;0
8;44;30;Jesper;Eliasson;;75;225;2000-3-21;Eksjˆ;JˆN;Sweden;;;0
9;-1;-1;Shamil;Shmakov;;78;227;1999-7-27;Ufa;BAS;Russia;;;0
13;-1;-1;Andrei;Altybarmakyan;;71;192;1998-8-4;St. Petersburg;SAI;Russia;;;0
16;14;14;Alexander;Nikishin;;76;226;2001-10-2;Oryol;ORY;Russia;;;0
25;38;38;Case;McCarthy;;73;206;2001-1-9;Clarence Center;NY;The United States;;;0
29;-1;-1;Mikhail;Shalagin;;77;210;2003-3-18;Moscow;MOS;Russia;;;0
30;24;24;Zach;Whitecloud;;74;209;1996-11-28;Brandon;MB;Canada;;;0
43;153;152;Daniil;Misyul;;75;199;2000-10-20;Minsk;MIN;Russia;Belarus;;0
52;-1;-1;Clayton;Phillips;;72;194;1999-9-9;Edina;MN;The United States;;;0
65;-1;-1;Simon;Lundmark;;74;205;2000-10-8;Stockholm;STO;Sweden;;;0
66;125;124;Jacob;Bryson;;69;179;1997-11-18;London;ON;Canada;;;0
68;-1;-1;Taylor;Hall;;73;208;1991-11-14;Calgary;AB;Canada;;;0
72;-1;-1;Nikita;Nesterenko;;72;183;2001-9-10;Brooklyn;NY;The United States;;;0
74;60;18;Haakon;H‰nelt;;71;201;2003-6-1;Berlin;BER;Germany;;;0
75;-1;-1;Jakob;Ragnarsson;;72;176;1999-9-23;Mountain View Acres;CA;Sweden;The United States;;0
76;-1;-1;Jay;O'Brien;;72;190;1999-11-4;Hingham;MA;The United States;;;0
80;-1;-1;Seth;Barton;;75;201;1999-8-18;Kelowna;BC;Canada;;;0
81;-1;-1;Nate;Smith;;73;205;1998-10-18;Tampa;FL;The United States;;;0
82;28;28;Nils;Lundkvist;;70;193;2000-7-27;PiteÂ;NOR;Sweden;;;0
83;-1;-1;Paul;Cotter;;72;200;1999-11-16;Canton;MI;The United States;;;0
84;-1;-1;Jack;Perbix;;73;202;2000-9-13;Elk River;MN;The United States;;;0
85;-1;-1;Lucas;Elvenes;;73;172;1999-8-18;ƒngelholm;SKÂ;Sweden;;;0
86;-1;-1;Dmitri;Samorukov;;74;203;1999-6-16;Volgograd;VOL;Russia;;;0
93;29;29;Patrick;Kane;;70;179;1988-11-19;Buffalo;NY;The United States;;;0
102;60;60;Magnus;Chrona;;78;245;2000-8-28;SkellefteÂ;V‰S;Sweden;;;0
107;62;19;Martin;Kaut;;74;197;1999-10-2;Brno;JHM;Czech Republic;;;0
110;38;25;Yan;Kuznetsov;;77;216;2002-3-9;Murmansk;MUR;Russia;;;0
111;-1;-1;Jayden;Struble;;72;210;2001-8-9;Cumberland;RI;The United States;;;0
112;48;14;Valtteri;Puustinen;;69;188;1999-6-4;Kuopio;NSA;Finland;;;0
117;154;154;Ville;Koivunen;;73;197;2003-6-13;Oulu;NOS;Finland;;;0
118;10;10;Yegor;Afanasyev;;75;222;2001-1-23;Tver;TVE;Russia;;;0
120;-1;-1;Raivis;Ansons;;73;218;2002-1-29;Riga;RIG;Latvia;;;0
124;54;54;Artur;Akhtyamov;;73;205;2001-10-31;Kazan;TAT;Russia;;;0
128;12;12;Ryan;O'Reilly;;73;216;1991-2-7;Clinton;ON;Canada;;;0
129;34;2;Cooper;Moore;;73;196;2001-2-16;Greenwich;CT;The United States;;;0
134;-1;-1;John;Leonard;;71;197;1998-8-7;Amherst;MA;The United States;;;0
137;124;124;Joe;Pavelski;;71;196;1984-7-11;Plover;WI;The United States;;;0
142;12;12;Alex;Pietrangelo;;75;212;1990-1-18;King City;ON;Canada;;;0
143;41;7;Vladislav;Firstov;;73;181;2001-6-19;Khovu-Aksy;TUV;Russia;;;0
150;25;25;Pyotr;Kochetkov;;74;219;1999-6-25;Penza;PEN;Russia;;;0
151;-1;-1;Jakov;Novak;;75;209;1998-10-22;Windsor;ON;Canada;;;0
153;3;3;Vasili;Podkolzin;;73;206;2001-6-24;Moscow;MOS;Russia;;;0
156;-1;-1;Carl;Lindbom;;73;208;2003-5-20;Stockholm;STO;Sweden;;;0
160;-1;-1;Tomas;Mazura;;75;190;2000-9-23;Pardubice;PAR;Czech Republic;The United States;;0
162;40;20;Tyler;Seguin;;73;204;1992-1-31;Brampton;ON;Canada;;;0
167;56;56;Matthew;Thiessen;;74;221;2000-6-9;Altona;MB;Canada;;;0
181;-1;-1;Gustav;Berglund;;74;204;2001-1-8;Jˆnkˆping;JˆN;Sweden;;;0
190;-1;-1;Josiah;Slavin;;75;190;1998-12-31;Erie;CO;The United States;;;0
192;44;44;Kalle;V‰is‰nen;;76;214;2003-1-28;Kotka;KYM;Finland;;;0
197;-1;-1;Luke;Loheit;;73;194;2000-7-26;Minnetonka;MN;The United States;Canada;;0
198;-1;-1;Luke;Reid;;72;199;2001-9-26;Geneva;IL;The United States;Canada;;0
199;-1;-1;Anthony;Romano;;71;193;2000-10-7;Toronto;ON;Canada;;;0
205;54;10;Alexei;Toropchenko;;75;187;1999-6-25;Moscow;MOS;Russia;;;0
207;59;1;Sean;Couturier;;76;214;1992-12-7;Phoenix;AZ;Canada;The United States;;0
215;26;26;Roman;Josi;;74;204;1990-6-1;Bern;BE;Switzerland;;;0
217;25;25;Gabriel;Landeskog;;72;216;1992-11-23;Stockholm;STO;Sweden;;;0
218;-1;-1;Adam;Larsson;;75;214;1992-11-12;SkellefteÂ;V‰S;Sweden;;;0
221;43;17;Ryan;Nugent-Hopkins;;72;184;1993-4-12;Burnaby;BC;Canada;;;0
223;-1;-1;Kirill;Tyutyayev;;70;194;2000-8-8;Kaliningrad;KAL;Russia;;;0
227;27;27;Mark;Scheifele;;75;211;1993-3-15;Kitchener;ON;Canada;;;0
231;152;152;Mika;Zibanejad;;74;209;1993-4-18;Stockholm;STO;Sweden;Iran;;0
234;50;26;Tyson;Barrie;;71;200;1991-7-26;Victoria;BC;Canada;;;0
248;-1;-1;Isak;Walther;;75;193;2001-8-2;Sˆdert‰lje;STO;Sweden;;;0
262;56;56;Semyon;Chistyakov;;70;168;2001-8-7;Yekaterinburg;SVE;Russia;;;0
263;-1;-1;Arber;Xhekaj;;76;225;2001-1-30;Hamilton;ON;Canada;Czech Republic;;0
266;-1;-1;Michael;Karow;;74;201;1998-12-18;Green Bay;WI;The United States;;;0
268;-1;-1;Dmitry;Orlov;;71;214;1991-7-23;Novokuznetsk;KEM;Russia;;;0
272;-1;-1;Artur;Cholach;;76;224;2003-6-6;Lviv;LVI;Ukraine;;;0
278;-1;-1;Mikhail;Abramov;;72;207;2001-3-26;Nizhnekamsk;TAT;Russia;;;0
281;-1;-1;Maxim;Beryozkin;;75;204;2001-10-12;Chita;ZAB;Russia;;;0
283;41;41;Yegor;Naumov;;75;227;2003-4-10;Yaroslavl;YAR;Russia;;;0
292;-1;-1;Connor;Brown;;72;187;1994-1-14;Toronto;ON;Canada;;;0
294;50;26;Jack;Campbell;;75;208;1992-1-9;Port Huron;MI;The United States;;;0
297;-1;-1;Cody;Ceci;;74;209;1993-12-21;Ottawa;ON;Canada;;;0
300;18;18;Tony;DeAngelo;;71;182;1995-10-24;Robbinsville;NJ;The United States;;;0
303;-1;-1;Max;Domi;;70;192;1995-3-2;Winnipeg;MB;Canada;;;0
305;14;14;Aaron;Ekblad;;76;216;1996-2-7;Windsor;ON;Canada;;;0
315;27;27;Dougie;Hamilton;;78;233;1993-6-17;Toronto;ON;Canada;;;0
318;28;28;Bo;Horvat;;72;216;1995-4-5;Rodney;ON;Canada;;;0
329;-1;-1;Samuel;Sjˆlund;;74;174;2001-5-19;Stockholm;STO;Sweden;The United States;;0
332;44;30;J.T.;Miller;;73;218;1993-3-14;Defiance;OH;The United States;;;0
333;-1;-1;Sean;Monahan;;74;202;1994-10-12;Brampton;ON;Canada;;;0
340;17;17;Darnell;Nurse;;76;222;1995-2-4;Hamilton;ON;Canada;;;0
341;-1;-1;Jamie;Oleksiak;;79;256;1992-12-21;Toronto;ON;Canada;The United States;;0
343;59;1;Adam;Pelech;;75;207;1994-8-16;Toronto;ON;Canada;;;0
344;62;10;Jake;Walman;;73;202;1996-2-20;Toronto;ON;Canada;The United States;;0
350;54;10;Philip;Broberg;;75;198;2001-6-25;÷rebro;÷RE;Sweden;;;0
353;155;154;Yegor;Chinakhov;;72;196;2001-2-1;Omsk;OMS;Russia;;;0
357;44;44;Chris;Tierney;;73;195;1994-7-1;Georgina;ON;Canada;;;0
361;27;27;Carter;Verhaeghe;;74;181;1995-8-14;Hamilton;ON;Canada;;;0
364;40;20;Tom;Wilson;;76;221;1994-3-29;Toronto;ON;Canada;;;0
365;-1;-1;Arseni;Gritsyuk;;71;174;2001-3-15;Krasnoyarsk;KRA;Russia;;;0
366;-1;-1;Ilya;Nikolayev;;72;203;2001-6-26;Yaroslavl;YAR;Russia;;;0
370;-1;-1;Jan;Drozg;;74;174;1999-4-1;Maribor;POD;Slovenia;;;0
371;-1;-1;Kyle;Burroughs;;72;194;1995-7-12;Langley;BC;Canada;;;0
373;-1;-1;Roman;Bychkov;;71;178;2001-2-10;Yaroslavl;YAR;Russia;;;0
377;14;14;Matt;Dumba;;72;181;1994-7-25;Calgary;AB;Canada;;;0
383;-1;-1;Dryden;Hunt;;72;194;1995-11-24;Nelson;BC;Canada;;;0
388;-1;-1;Adam;Lowry;;77;209;1993-3-29;Calgary;AB;Canada;The United States;;0
392;-1;-1;Josh;Morrissey;;72;197;1995-3-28;Calgary;AB;Canada;;;0
398;12;12;Ryan;Pulock;;74;218;1994-10-6;Deloraine;MB;Canada;;;0
401;17;17;Sam;Reinhart;;74;198;1995-11-6;Vancouver;BC;Canada;;;0
402;152;152;Morgan;Rielly;;73;220;1994-3-9;Vancouver;BC;Canada;;;0
408;18;18;Shea;Theodore;;74;194;1995-8-3;Langley;BC;Canada;;;0
413;-1;-1;Alexandre;Carrier;;71;174;1996-10-8;Quebec City;QC;Canada;;;0
419;8;8;Anthony;Duclair;;71;197;1995-8-26;Montreal;QC;Canada;;;0
427;17;17;Jonathan;Huberdeau;;73;206;1993-6-4;Saint-JÈrÙme;QC;Canada;;;0
430;8;8;Nathan;MacKinnon;;72;206;1995-9-1;Halifax;NS;Canada;;;0
438;-1;-1;Lucas;Forsell;;72;196;2003-9-5;Fagersta;V‰S;Sweden;;;0
439;-1;-1;Jacob;Peterson;;73;181;1999-7-19;Lidkˆping;V‰S;Sweden;;;0
440;-1;-1;Hunter;Drew;;74;192;1998-10-21;Kingston;ON;Canada;;;0
441;-1;-1;Patrik;Siikanen;;73;201;2000-4-16;Espoo;UUS;Finland;;;0
442;12;12;Frederik;Dichow;Nissen;77;230;2001-3-1;Vojens;S¯N;Denmark;;;0
443;7;7;Ivan;Prosvetov;;77;218;1999-3-5;Moscow;MOS;Russia;;;0
444;-1;-1;Matias;M‰ntykivi;;71;198;2001-6-21;Lappeenranta;SKA;Finland;;;0
446;56;56;Jack;Ahcan;;69;192;1997-5-18;Savage;MN;The United States;;;0
447;-1;-1;Ryan;Poehling;;74;196;1999-1-3;Lakeville;MN;The United States;;;0
450;-1;-1;Adam;Ginning;;76;205;2000-1-13;Linkˆping;÷ST;Sweden;;;0
452;-1;-1;Johan;Sˆdergran;;75;205;1999-11-20;Stockholm;STO;Sweden;;;0
453;-1;-1;Filip;EngarÂs;;72;198;1999-5-16;Stockholm;STO;Sweden;;;0
454;-1;-1;Bulat;Shafigullin;;73;209;1999-12-29;Nizhnekamsk;TAT;Russia;;;0
455;-1;-1;Kirill;Ustimenko;;75;212;1999-1-2;Gomel;GOM;Russia;Belarus;;0
457;-1;-1;Daniil;Tarasov;;77;206;1999-3-27;Novokuznetsk;KEM;Russia;;;0
458;-1;-1;JirÌ;Patera;;74;215;1999-2-24;Prague;PRA;Czech Republic;;;0
463;-1;-1;Hugh;McGing;;69;190;1998-7-11;Chicago;IL;The United States;;;0
467;48;14;Garnet;Hathaway;;75;211;1991-11-23;Kennebunkport;ME;The United States;;;0
468;-1;-1;Santeri;Airola;;71;163;2000-6-29;Imatra;SKA;Finland;;;0
469;21;21;Noah;Cates;;74;200;1999-2-5;Stillwater;MN;The United States;;;0
472;19;19;Alex;Turcotte;;71;206;2001-2-26;Walled Lake;MI;The United States;Canada;;0
473;20;20;Alex;Newhook;;70;198;2001-1-28;St. John's;NL;Canada;;;0
475;7;7;Cam;York;;71;178;2001-1-5;Anaheim;CA;The United States;;;0
484;53;53;Yegor;Spiridonov;;74;194;2001-1-22;Magnitogorsk;CHE;Russia;;;0
487;-1;-1;Taylor;Gauthier;;74;219;2001-2-15;Calgary;AB;Canada;;;0
489;50;26;Brian;Dumoulin;;76;208;1991-9-6;Biddeford;ME;The United States;;;0
491;29;29;Johnny;Gaudreau;Johnny Hockey;69;169;1993-8-13;Rutherford;NJ;The United States;;;0
495;-1;-1;Jasper;Weatherby;;76;228;1998-1-22;Ashland;OR;The United States;;;0
498;-1;-1;Jake;Kucharski;;76;229;1999-9-25;Erie;PA;The United States;;;0
500;-1;-1;Daniil;Pylenkov;;73;200;2000-9-26;Yegoryyevsk;MOS;Russia;;;0
502;-1;-1;Lassi;Thomson;;72;201;2000-9-24;Tampere;PIR;Finland;;;0
504;25;25;Nils;Hˆglander;;70;200;2000-12-20;SkellefteÂ;V‰S;Sweden;;;0
506;-1;-1;Graeme;Clarke;;72;194;2001-4-24;Ottawa;ON;Canada;The United States;;0
508;152;152;Ryan;Suzuki;;72;210;2001-5-28;London;ON;Canada;;;0
509;125;124;John;Beecher;;75;225;2001-4-5;Elmira;NY;The United States;;;0
510;54;10;Brandon;Coe;;76;194;2001-12-1;Ajax;ON;Canada;;;0
511;-1;-1;Michael;Vukojevic;;75;212;2001-6-8;Oakville;ON;Canada;;;0
512;9;9;Alexis;LafreniËre;;73;208;2001-10-11;Saint-Eustache;QC;Canada;;;0
513;19;19;Jakob;Pelletier;;70;189;2001-3-7;Quebec City;QC;Canada;;;0
514;-1;-1;Justin;Barron;;74;198;2001-11-15;Halifax;NS;Canada;;;0
515;-1;-1;Connor;McClennon;;71;175;2002-6-25;Wainwright;AB;Canada;;;0
516;125;124;Justin;Sourdif;;72;207;2002-3-24;Surrey;BC;Canada;;;0
517;44;30;Kaiden;Guhle;;74;204;2002-1-18;Sherwood Park;AB;Canada;;;0
519;25;25;Anton;Lundell;;73;188;2001-10-3;Espoo;UUS;Finland;;;0
520;-1;-1;Aku;R‰ty;;72;206;2001-7-5;Oulu;NOS;Finland;;;0
521;-1;-1;Veeti;Miettinen;;71;199;2001-9-20;Espoo;UUS;Finland;;;0
522;8;8;Kaapo;Kakko;;75;214;2001-2-13;Turku;SOU;Finland;;;0
523;-1;-1;Jacob;Ingham;;76;211;2000-6-10;Barrie;ON;Canada;;;0
526;123;31;Matt;Villalta;;76;199;1999-6-3;Kingston;ON;Canada;;;0
527;-1;-1;Jack;Dugan;;74;186;1998-3-24;Rochester;NY;The United States;;;0
528;-1;-1;Tom·ö;Vom·cka;;75;189;1999-5-2;Trutnov;KRA;Czech Republic;;;0
529;-1;-1;Ty;Taylor;;76;229;1999-7-5;Richmond;BC;Canada;;;0
530;12;12;Jeremy;Swayman;;75;211;1998-11-24;Anchorage;AK;The United States;;;0
531;-1;-1;Jared;Moe;;76;223;1999-7-22;New Prague;MN;The United States;;;0
532;-1;-1;Benton;Maass;;75;205;1998-11-25;Elk River;MN;The United States;;;0
534;-1;-1;Axel;Rindell;;72;176;2000-4-23;Espoo;UUS;Finland;;;0
535;-1;-1;Henrik;Tikkanen;;80;232;2000-9-28;Lohja;UUS;Finland;;;0
536;27;27;Connor;Hellebuyck;;76;207;1993-5-19;Commerce Township;MI;The United States;;;0
537;-1;-1;Marcus;Kallionkieli;;74;209;2001-3-20;Helsinki;UUS;Finland;Brazil;;0
538;-1;-1;Santeri;Hatakka;;73;192;2001-1-15;Riihim‰ki;KAN;Finland;;;0
539;-1;-1;Kalle;Loponen;;71;203;2001-3-13;H‰meenlinna;KAN;Finland;;;0
540;21;21;Justus;Annunen;;76;219;2000-3-11;Kempele;NOS;Finland;;;0
541;-1;-1;Antti;Saarela;;71;187;2001-6-27;Laitila;SOU;Finland;;;0
543;153;152;Kirill;Kirsanov;;73;207;2002-9-19;Tver;TVE;Russia;;;0
544;-1;-1;Axel;Bergkvist;;69;201;2000-6-1;V‰rmdˆ;STO;Sweden;;;0
545;-1;-1;Patrik;Puistola;;73;191;2001-1-11;Tampere;PIR;Finland;;;0
546;-1;-1;Henri;Nikkanen;;76;222;2001-4-28;Mikkeli;SSA;Finland;;;0
547;-1;-1;Marcus;Karlberg;;68;165;2000-1-23;Leksand;DAL;Sweden;;;0
549;153;152;Bogdan;Trineyev;;74;216;2002-3-4;Voronezh;VOR;Russia;;;0
550;-1;-1;Tom·ö;Machu;;77;204;2003-3-2;Ostrava;MOR;Czech Republic;;;0
552;-1;-1;Mattias;Norlinder;;72;185;2000-4-12;Kramfors;V‰S;Sweden;;;0
553;28;28;Ville;Heinola;;72;188;2001-3-2;Honkajoki;SAT;Finland;;;0
554;0;0;Antti;Tuomisto;;77;224;2001-1-20;Pori;SAT;Finland;;;0
555;-1;-1;Dmitri;Zlodeyev;;71;189;2002-2-15;Voronezh;VOR;Russia;;;0
557;-1;-1;Zach;Aston-Reese;ZAR;72;206;1994-8-10;New York;NY;The United States;;;0
565;-1;-1;Andrew;Copp;;73;206;1994-7-8;Ann Arbor;MI;The United States;;;0
567;24;24;Thatcher;Demko;;76;208;1995-12-8;San Diego;CA;The United States;Canada;;0
570;-1;-1;Massimo;Rizzo;;70;183;2001-6-13;Burnaby;BC;Canada;;;0
581;29;29;Seth;Jones;;76;209;1994-10-3;Plano;TX;The United States;;;0
600;-1;-1;Neal;Pionk;;72;191;1995-7-29;Grant;MN;The United States;;;0
601;-1;-1;Henry;Thrun;;74;199;2001-3-12;Southborough;MA;The United States;;;0
605;-1;-1;Filip;HÂllander;;73;196;2000-6-29;Sundsvall;V‰S;Sweden;;;0
606;-1;-1;Jacob;Olofsson;;74;192;2000-2-8;PiteÂ;NOR;Sweden;;;0
607;-1;-1;Ryder;Rolston;;73;201;2001-10-31;Birmingham;MI;The United States;;;0
609;50;26;Nick;Schmaltz;;72;180;1996-2-23;Verona;WI;The United States;;;0
612;44;30;Jaccob;Slavin;;75;212;1994-5-1;Denver;CO;The United States;;;0
613;38;25;Nico;Daws;;76;220;2000-12-22;Burlington;ON;Canada;Germany;;0
614;31;31;Jacob;Trouba;;75;208;1994-2-26;Rochester;MI;The United States;;;0
616;-1;-1;Patrick;Moynihan;;71;196;2001-1-23;Millis;MA;The United States;;;0
618;0;0;Matt;Boldy;;74;204;2001-4-5;Millis;MA;The United States;;;0
619;-1;-1;Alexander;Pashin;;70;175;2002-7-28;Priyutovo;BAS;Russia;;;0
625;-1;-1;Chase;Bradley;;72;186;2002-1-9;St. Louis;MO;The United States;Canada;;0
627;-1;-1;Mac;Hollowell;;69;184;1998-9-26;Niagara Falls;ON;Canada;;;0
647;-1;-1;Arvid;Costmar;;71;179;2001-7-7;Stockholm;STO;Sweden;;;0
649;-1;-1;Parker;Foo;;73;172;1998-9-12;Edmonton;AB;China;Canada;;0
650;53;53;Arvid;Holm;;77;222;1998-11-3;Ljungby;KRO;Sweden;;;0
651;-1;-1;Olle;Lycksell;;71;186;1999-8-24;Oskarshamn;KAL;Sweden;;;0
652;-1;-1;Nick;Perbix;;76;216;1998-6-15;Elk River;MN;The United States;;;0
655;-1;-1;Nicky;Leivermann;;71;201;1998-9-14;Eden Prairie;MN;The United States;;;0
656;-1;-1;Victor;Berglund;;73;183;1999-8-2;÷rnskˆldsvik;V‰S;Sweden;;;0
658;-1;-1;Robbie;Stucker;;75;179;1998-9-30;St. Paul;MN;The United States;;;0
659;-1;-1;Josh;Ess;;71;188;1999-4-3;Burnsville;MN;The United States;;;0
662;24;24;Vitali;Kravtsov;;74;206;1999-12-23;Vladivostok;PRI;Russia;;;0
663;-1;-1;Lucas;Feuk;;72;211;2001-2-19;Stockholm;STO;Sweden;;;0
664;36;3;Sampo;Ranta;;74;196;2000-5-31;Naantali;SOU;Finland;;;0
665;125;124;Amir;Miftakhov;;72;208;2000-4-26;Kazan;TAT;Russia;;;0
666;-1;-1;Olof;Lindbom;;74;212;2000-7-23;Stockholm;STO;Sweden;;;0
667;-1;-1;Kim;Nousiainen;;69;177;2000-11-14;Kuopio;NSA;Finland;;;0
668;14;14;Mads;S¯gaard;;79;238;2000-12-13;Aalborg;NOR;Denmark;;;0
669;-1;-1;Jordan;Frasca;;74;183;2001-7-5;Caledon;ON;Canada;;;0
670;155;154;Nikita;Okhotyuk;;73;199;2000-12-4;Chelyabinsk;CHE;Russia;;;0
671;54;54;Daniil;Zhuravlyov;;72;193;2000-4-8;Kazan;TAT;Russia;;;0
672;-1;-1;Matvei;Guskov;;74;188;2001-1-30;Moscow;MOS;Russia;;;0
673;-1;-1;Ruslan;Iskhakov;;68;185;2000-7-22;Moscow;MOS;Russia;;;0
675;-1;-1;Yegor;Sokolov;;76;225;2000-6-7;Yekaterinburg;SVE;Russia;;;0
676;44;30;Dmitri;Zavgorodny;;69;190;2000-8-11;Omsk;OMS;Russia;;;0
677;-1;-1;Tim;Berni;;72;191;2000-2-11;D¸bendorf;ZH;Switzerland;;;0
678;-1;-1;Janis;Moser;;73;199;2000-6-6;Zuchwil;SO;Switzerland;;;0
679;-1;-1;Valentin;Nussbaumer;;71;172;2000-9-25;Moutier;BE;Switzerland;;;0
680;-1;-1;Yegor;Chezganov;;73;192;2002-6-28;Zhlobin;GOM;Belarus;Russia;;0
681;-1;-1;Axel;Andersson;;72;179;2000-2-10;Sˆdert‰lje;STO;Sweden;;;0
682;-1;-1;Filip;Johansson;;73;176;2000-3-23;V‰sterÂs;V‰S;Sweden;;;0
683;-1;-1;Jonatan;Berggren;;71;201;2000-7-16;Uppsala;UPP;Sweden;;;0
684;-1;-1;Oskar;B‰ck;;74;215;2000-3-12;Karlstad;V‰R;Sweden;;;0
685;-1;-1;Albin;Eriksson;;77;212;2000-7-20;Bolln‰s;G‰V;Sweden;;;0
686;-1;-1;Samuel;Fagemo;;71;202;2000-3-14;Gˆteborg;V‰S;Sweden;;;0
687;36;3;David;Gustafsson;;74;197;2000-4-11;Tingsryd;KRO;Sweden;;;0
688;-1;-1;Marcus;Westf‰lt;;75;206;2000-3-12;Stockholm;STO;Sweden;;;0
689;2;2;Dylan;Cozens;;75;193;2001-2-9;Whitehorse;YT;Canada;;;0
690;154;154;Luk·ö;Dost·l;;74;193;2000-6-22;Brno;JHM;Czech Republic;;;0
691;-1;-1;Matej;Bl¸mel;;72;202;2000-5-31;Tabor;JIH;Czech Republic;;;0
692;-1;-1;Jan;JenÌk;;73;173;2000-9-15;Nymburk;STR;Czech Republic;;;0
693;-1;-1;Karel;Pl·öek;;72;188;2000-7-28;Prerov;OLO;Czech Republic;;;0
694;-1;-1;Alexei;Lipanov;;73;181;1999-8-17;Moscow;MOS;Russia;;;0
695;-1;-1;Simon;Johansson;;74;183;1999-6-14;Stockholm;STO;Sweden;;;0
696;33;29;Oliver;Johansson;;72;206;2003-7-26;Njurunda;V‰S;Sweden;;;0
697;12;12;Moritz;Seider;;76;211;2001-4-6;Zell;BAV;Germany;;;0
699;-1;-1;Dmitri;Kostenko;;73;200;2002-9-25;Togliatti;SAM;Russia;;;0
700;-1;-1;Andrei;Buyalsky;;75;197;2000-8-18;Qostanay;KOS;Kazakhstan;;;0
701;-1;-1;Maxim;Marushev;;73;195;1999-1-1;Saratov;SAR;Russia;;;0
703;1;1;Ilya;Konovalov;;72;210;1998-7-13;Yaroslavl;YAR;Russia;;;0
704;36;3;Alexei;Melnichuk;;73;216;1998-6-29;St. Petersburg;SAI;Russia;;;0
705;44;30;Nikolai;Knyzhov;;75;225;1998-3-20;Kemerovo;KEM;Russia;;;0
706;-1;-1;Eric;Engstrand;;76;223;2000-5-18;Varberg;HAL;Sweden;;;0
708;-1;-1;Riley;Hughes;;74;209;2000-6-26;Boston;MA;The United States;The United States;;0
709;-1;-1;Albert;Johansson;;72;190;2001-1-4;Karlstad;V‰R;Sweden;;;0
714;44;30;Simon;Holmstrˆm;;73;213;2001-5-24;TranÂs;JˆN;Sweden;;;0
715;-1;-1;Martin;Haö;;76;207;2001-2-2;Prague;PRA;Czech Republic;;;0
716;-1;-1;Vladislav;Kotkov;;76;218;2000-1-8;Moscow;MOS;Russia;;;0
717;18;18;Marco;Rossi;;70;202;2001-9-23;Feldkirch;VOR;Austria;;;0
718;-1;-1;JaromÌr;PytlÌk;;75;207;2001-9-25;Dacice;JIH;Czech Republic;;;0
719;-1;-1;Jack;Gorniak;;71;196;1999-9-15;West Salem;WI;The United States;;;0
720;44;30;Trey;Fix-Wolansky;;67;179;1999-5-26;Edmonton;AB;Greece;Canada;;0
721;-1;-1;Danil;Savunov;;70;175;2000-12-23;Sarov;NIZ;Russia;;;0
722;-1;-1;William;Worge Kre¸;;78;212;2000-5-15;Linkˆping;÷ST;Sweden;;;0
723;-1;-1;Albert;LyckÂsen;;71;194;2001-7-29;BÂlsta;UPP;Sweden;;;0
724;-1;-1;Eric;Hjorth;;75;192;2001-1-8;Gˆteborg;V‰S;Sweden;;;0
725;-1;-1;Nikola;Paöic;;70;199;2000-10-16;Gislaved;JˆN;Sweden;Serbia;;0
727;-1;-1;Zakhar;Bardakov;;74;202;2001-2-24;Seversk;TOM;Russia;;;0
728;30;30;Rodion;Amirov;;72;204;2001-10-2;Salavat;BAS;Russia;;;0
729;10;10;Jake;Neighbours;;72;203;2002-3-29;Airdrie;AB;Canada;;;0
730;-1;-1;Linus;Cronholm;;75;209;2000-7-3;Malmˆ;SKÂ;Sweden;;;0
731;32;23;Yegor;Zamula;;75;202;2000-3-30;Chelyabinsk;CHE;Russia;;;0
732;125;124;Jack;Drury;;71;180;2000-2-3;Winnetka;IL;The United States;;;0
733;-1;-1;Samuel;Ersson;;74;192;1999-10-20;Falun;DAL;Sweden;;;0
734;-1;-1;Tyrel;Bauer;;75;214;2002-3-23;Cochrane;AB;Canada;;;0
735;-1;-1;Maxim;Cajkovic;;72;207;2001-1-3;Bratislava;BRA;Slovakia;;;0
736;55;9;Alexander;Daryin;;71;199;2000-8-16;Yaroslavl;YAR;Russia;;;0
737;125;124;Dylan;Garand;;73;203;2002-6-7;Victoria;BC;Canada;;;0
738;18;18;Luk·ö;ParÌk;;76;226;2001-3-15;Neratovice;STR;Czech Republic;;;0
739;23;23;Michal;Tepl˝;;75;214;2001-5-27;HavlÌckuv Brod;VYS;Czech Republic;;;0
740;-1;-1;Adam;Edstrˆm;;80;225;2000-10-12;Karlstad;V‰R;Sweden;;;0
742;-1;-1;Samuel;Johannesson;;71;197;2000-12-27;Halmstad;HAL;Sweden;;;0
748;124;124;Devon;Toews;;73;197;1994-2-21;Abbotsford;BC;Canada;;;0
752;38;38;Adam;Wilsby;;72;183;2000-8-7;Stockholm;STO;Sweden;;;0
753;-1;-1;Thimo;Nickl;;74;191;2001-12-4;Klagenfurt;K‰R;Austria;;;0
754;43;17;Colton;Parayko;;78;233;1993-5-12;St. Albert;AB;Canada;;;0
756;-1;-1;Simon;Kjellberg;;75;193;2000-2-17;Nashville;TN;Sweden;;;0
757;-1;-1;Nikolai;Kovalenko;;70;191;1999-10-17;Raleigh;NC;Russia;The United States;;0
758;29;29;Kirill;Marchenko;;74;200;2000-7-21;Khanty-Mansiysk;KHA;Russia;;;0
759;-1;-1;Blake;McLaughlin;;71;185;2000-2-14;Falcon Heights;MN;The United States;;;0
760;-1;-1;Ivan;Morozov;;73;208;2000-5-5;Khanty-Mansiysk;KHA;Russia;;;0
761;-1;-1;Linus;÷berg;;72;203;2000-7-18;Trollh‰ttan;V‰S;Sweden;;;0
762;25;25;Erik;Portillo;;78;237;2000-9-3;Gˆteborg;V‰S;Sweden;;;0
763;-1;-1;Pontus;Holmberg;;71;179;1999-3-9;V‰sterÂs;V‰S;Sweden;;;0
764;14;14;Adam;Raöka;;71;202;2001-9-25;Fr˝dek-MÌstek;MOR;Czech Republic;;;0
765;34;2;Ben;McCartney;;72;183;2001-7-13;Portage la Prairie;MB;Canada;;;0
766;7;7;Connor;Zary;;72;206;2001-9-25;Saskatoon;SK;Canada;;;0
767;-1;-1;Henry;Rybinski;;73;190;2001-6-26;Vancouver;BC;Canada;;;0
768;48;14;John;Ludvig;;73;214;2000-8-2;Kamloops;BC;Canada;Czech Republic;;0
769;-1;-1;Reece;Newkirk;;71;188;2001-2-20;Moose Jaw;SK;Canada;;;0
770;-1;-1;Filip;Cederqvist;;74;207;2000-8-23;Skara;V‰S;Sweden;;;0
771;31;31;Tristen;Robins;;71;205;2001-11-15;Brandon;MB;Canada;;;0
772;-1;-1;Timur;Ibragimov;;72;201;2000-10-12;St. Petersburg;SAI;Russia;;;0
773;40;20;Cameron;MacDonald;;74;209;2003-5-4;Hammonds Plains Road;NS;Canada;;;0
774;48;14;Gannon;Laroque;;74;225;2003-8-20;Edmonton;AB;Canada;;;0
775;59;1;Oliver;Bjorkstrand;;72;179;1995-4-10;Herning;RIN;Denmark;The United States;;0
777;-1;-1;Jakub;Galvas;;71;161;1999-6-15;Ostrava;MOR;Czech Republic;;;0
778;153;152;Joshua;Roy;;73;202;2003-8-6;Saint-Georges;QC;Canada;;;0
779;-1;-1;Benjamin;Baumgartner;;69;165;2000-4-22;Zell am See;SAL;Austria;Switzerland;;0
782;-1;-1;Alexandre;Texier;;72;185;1999-9-13;Grenoble;RHÙ;France;;;0
785;-1;-1;Emil;Bemstrˆm;;70;196;1999-6-1;Nykˆping;SˆD;Sweden;;;0
786;43;17;Emil;Martinsen Lilleberg;;74;200;2001-2-2;Sarpsborg;ÿST;Norway;;;0
788;30;30;Teuvo;Ter‰v‰inen;Teukka;71;198;1994-9-11;Helsinki;UUS;Finland;;;0
790;30;30;Brandt;Clarke;;74;216;2003-2-9;Ottawa;ON;Canada;;;0
791;37;27;William;Wallinder;;77;201;2002-7-28;SollefteÂ;V‰S;Sweden;;;0
793;-1;-1;Justin;Sch¸tz;;71;176;2000-6-24;Kassel;HES;Germany;;;0
794;20;20;Ilya;Fedotov;;73;201;2003-3-19;Saratov;SAR;Russia;;;0
797;30;30;Tom·s;Hertl;;75;215;1993-11-12;Prague;PRA;Czech Republic;;;0
801;27;27;John;Farinacci;;72;207;2001-2-14;Chatham;NJ;The United States;;;0
802;3;3;Artemi;Panarin;Bread Man;71;174;1991-10-30;Korkino;CHE;Russia;;;0
803;26;26;Nikita;Kucherov;;71;181;1993-6-17;Maykop;ADY;Russia;;;0
805;-1;-1;Dmitri;Voronkov;;76;190;2000-9-10;Angarsk;IRK;Russia;;;0
811;-1;-1;Tobias;Bjˆrnfot;;72;201;2001-4-6;Upplands V‰sby;STO;Sweden;;;0
812;-1;-1;Ilya;Safonov;;76;205;2001-5-30;Moscow;MOS;Russia;;;0
813;-1;-1;Daniil;Chechelev;;75;225;2001-2-23;Khabarovsk;KHA;Russia;;;0
814;30;30;Daniil;Gushchin;;71;206;2002-2-6;Yekaterinburg;SVE;Russia;;;0
815;10;10;Simon;Robertsson;;72;211;2003-2-5;PiteÂ;NOR;Sweden;;;0
816;1;1;Fabian;Lysell;;72;193;2003-1-19;Gˆteborg;V‰S;Sweden;;;0
817;-1;-1;Semyon;Kizimov;;72;197;2000-1-19;Togliatti;SAM;Russia;;;0
818;-1;-1;Viktor;Lodin;;74;196;1999-6-2;Arvidsjaur;NOR;Sweden;;;0
819;20;20;Isak;RosÈn;;72;207;2003-3-15;Stockholm;STO;Sweden;;;0
822;47;12;Arshdeep;Bains;;72;200;2001-1-9;Surrey;BC;Canada;;;0
823;12;12;Aleksander;Barkov;Sasha;75;214;1995-9-2;Tampere;PIR;Finland;Russia;;0
824;-1;-1;Artturi;Lehkonen;Arsi;71;179;1995-7-4;Piikkiˆ;SOU;Finland;;;0
826;-1;-1;Vadim;Zherenko;;76;226;2001-3-15;Kulunda;ALT;Russia;;;0
827;-1;-1;Louis;Crevier;;80;214;2001-5-4;Quebec City;QC;Canada;;;0
828;45;45;Samuel;Bolduc;;76;229;2000-12-9;Laval;QC;Canada;;;0
829;154;154;Adam;Boqvist;;72;206;2000-8-15;Falun;DAL;Sweden;;;0
830;26;26;Arturs;äilovs;;76;210;2001-3-22;Riga;RIG;Latvia;;;0
832;-1;-1;Jakub;Pour;;75;202;1999-4-24;Rokycany;PLZ;Czech Republic;;;0
833;-1;-1;Jesper;Vikman;;75;210;2002-3-11;Stockholm;STO;Sweden;Finland;;0
834;18;18;Oskar;Olausson;;74;202;2002-11-10;Stockholm;STO;Sweden;;;0
835;-1;-1;Y;K;;80;215;2002-12-25;Moscow;MOS;Russia;;;0
836;54;10;Leo;Lˆˆf;;73;186;2002-4-25;Karlstad;V‰R;Sweden;;;0
837;-1;-1;Vladislav;Kolyachonok;;74;194;2001-5-26;Minsk;MIN;Belarus;;;0
838;40;20;Daniel;Torgersson;;75;225;2002-1-26;Gˆteborg;V‰S;Sweden;;;0
839;12;12;Nikolaj;Ehlers;;72;176;1996-2-14;Aalborg;NOR;Denmark;;;0
840;-1;-1;Ilya;Solovyov;;75;212;2000-7-20;Mogilev;MOG;Belarus;;;0
841;-1;-1;Jonas;Siegenthaler;;74;218;1997-5-6;Zurich;ZH;Switzerland;Thailand;;0
844;-1;-1;Luk·ö;Rousek;;71;193;1999-4-20;Ostrov;KAR;Czech Republic;;;0
849;20;20;Elias;Lindholm;;72;195;1994-12-2;Boden;NOR;Sweden;;;0
852;43;17;Jonas;Brodin;;73;198;1993-7-12;Karlstad;V‰R;Sweden;;;0
853;9;9;Oscar;Klefbom;;76;217;1993-7-20;Karlstad;V‰R;Sweden;;;0
859;-1;-1;John;Klingberg;;73;183;1992-8-14;Gˆteborg;V‰S;Sweden;;;0
860;-1;-1;Mikael;Pyyhti‰;;72;189;2001-12-17;Turku;SOU;Finland;;;0
861;8;8;Adam;Beckman;;73;212;2001-5-10;Saskatoon;SK;Canada;;;0
862;2;2;Joel;Hofer;;77;213;2000-7-30;Winnipeg;MB;Canada;;;0
863;62;62;Beck;Warm;;72;188;1999-4-22;Whistler;BC;Canada;;;0
864;33;29;Dustin;Wolf;;72;191;2001-4-16;Tustin;CA;The United States;;;0
865;-1;-1;Ryan;Francis;;71;192;2001-12-2;Sackville;NS;Canada;;;0
866;54;10;Nikita;Alexandrov;;73;189;2000-9-16;Burgwedel;LOW;Russia;Germany;;0
867;14;14;Dawson;Mercer;;72;179;2001-10-27;Bay Roberts;NL;Canada;;;0
868;25;25;Alex;Beaucage;;73;214;2001-7-25;Trois-RiviËres;QC;Canada;;;0
869;-1;-1;Maxence;GuÈnette;;74;207;2001-4-28;Montreal;QC;Canada;;;0
870;43;17;Nathan;LÈgarÈ;;73;216;2001-1-11;Montreal;QC;Canada;;;0
871;-1;-1;Colten;Ellis;;73;193;2000-10-5;Cape Breton Regional Municipality;NS;Canada;;;0
872;155;154;Aatu;R‰ty;;76;207;2002-11-14;Oulunsalo;NOS;Finland;;;0
873;8;8;Victor;Sˆderstrˆm;;72;206;2001-2-26;G‰vle;G‰V;Sweden;;;0
874;-1;-1;Albin;Grewe;;72;176;2001-3-22;M‰rsta;STO;Sweden;;;0
875;10;10;Noel;Gunler;;75;212;2001-10-7;LuleÂ;NOR;Sweden;;;0
876;26;26;Alexander;Holtz;;72;208;2002-1-23;Boo;STO;Sweden;;;0
877;41;7;Albin;Sundsvik;;75;217;2001-4-27;Stockholm;STO;Sweden;;;0
878;12;12;Lucas;Raymond;;71;187;2002-3-28;Gˆteborg;V‰S;Sweden;;;0
879;124;124;Hugo;Alnefelt;;75;229;2001-6-4;Danderyd;STO;Sweden;;;0
880;-1;-1;Yauheni;Aksiantsiuk;;67;180;2001-2-27;Brest;BRE;Belarus;;;0
881;3;3;Alexei;Protas;;78;243;2001-1-6;Vitebsk;VIT;Belarus;;;0
882;3;3;Thomas;Bordeleau;;71;203;2002-1-3;Houston;TX;The United States;Canada;Switzerland;0
883;154;154;Cole;Perfetti;;71;200;2002-1-1;Whitby;ON;Canada;;;0
884;155;155;Dmitri;Semykin;;74;219;2000-2-24;Moscow;MOS;Russia;;;0
885;25;25;Alexander;Romanov;;72;207;2000-1-6;Moscow;MOS;Russia;;;0
886;-1;-1;Nico;Sturm;;75;209;1995-5-3;Augsburg;BAV;Germany;;;0
887;19;19;Leon;Draisaitl;;74;212;1995-10-27;Cologne;NOR;Germany;;;0
889;152;152;Juuse;Saros;Juse;70;184;1995-4-19;H‰meenlinna;KAN;Finland;;;0
893;23;23;Esa;Lindell;;75;222;1994-5-23;Helsinki;UUS;Finland;;;0
896;21;21;Dominik;KubalÌk;;74;179;1995-8-21;Plana;PLZ;Czech Republic;;;0
897;-1;-1;Victor;Stjernborg;;71;203;2003-5-22;Malmˆ;SKÂ;Sweden;;;0
899;45;28;Filip;Forsberg;;74;209;1994-8-13;PiteÂ;NOR;Sweden;;;0
901;-1;-1;AndrÈ;Burakovsky;;74;203;1995-2-9;Klagenfurt;K‰R;Sweden;Austria;;0
903;33;12;Liam;Dower Nilsson;;72;188;2003-4-14;Gˆteborg;V‰S;Sweden;;;0
904;3;3;Alexei;Kolosov;;73;213;2002-1-4;Minsk;MIN;Belarus;;;0
906;-1;-1;Trent;Miner;;73;216;2001-2-5;Souris;MB;Canada;;;0
907;-1;-1;Layton;Ahac;;74;187;2001-2-22;North Vancouver;BC;Canada;;;0
908;-1;-1;Alex;Cotton;;74;204;2001-5-12;Langley;BC;Canada;;;0
910;-1;-1;Quinn;Olson;;71;186;2001-5-9;Calgary;AB;Canada;;;0
911;59;1;Pavel;Buchnevich;;73;198;1995-4-17;Cherepovets;VOL;Russia;;;0
912;-1;-1;Jaydon;Dureau;;71;184;2001-1-20;White City;SK;Canada;;;0
913;-1;-1;Gage;Goncalves;;73;170;2001-1-16;Mission;BC;Canada;Portugal;;0
914;-1;-1;Alex;Young;;71;186;2001-3-22;Calgary;AB;Canada;;;0
916;12;12;Valeri;Nichushkin;;76;211;1995-3-4;Chelyabinsk;CHE;Russia;;;0
920;-1;-1;Judd;Caulfield;;75;205;2001-3-19;Grand Forks;ND;The United States;;;0
921;7;7;Ryker;Evans;;72;207;2001-12-13;Calgary;AB;Canada;;;0
922;54;10;Ivan;Barbashev;;73;195;1995-12-14;Moscow;MOS;Russia;;;0
925;54;10;Dylan;Peterson;;76;198;2002-1-8;Roseville;CA;The United States;Canada;;0
928;24;24;Quinton;Byfield;;76;233;2002-8-19;Newmarket;ON;Canada;;;0
929;154;154;Ilya;Sorokin;;74;200;1995-8-4;Mezhdurechensk;SAM;Russia;;;0
930;9;9;Calle;Clang;;74;219;2002-5-20;Olofstrˆm;BLE;Sweden;;;0
931;31;31;Elliot;Desnoyers;;71;172;2002-1-21;Saint-Hyacinthe;QC;Canada;;;0
932;-1;-1;Zion;Nybeck;;69;194;2002-5-12;Alvesta;KRO;Sweden;;;0
933;19;19;Igor;Shesterkin;;73;192;1995-12-30;Moscow;MOS;Russia;;;0
934;34;2;Luke;Tuch;;74;203;2002-3-7;Baldwinsville;NY;The United States;;;0
936;-1;-1;Wyatt;Schingoethe;;71;201;2002-8-3;Algonquin;IL;The United States;;;0
938;155;154;Sean;Farrell;;71;198;2001-11-2;Hopkinton;MA;The United States;;;0
939;-1;-1;Samuel;Knaûko;;73;205;2002-8-7;TrencÌn;TRE;Slovakia;;;0
940;31;31;JÈrÈmie;Poirier;;74;213;2002-6-2;Salaberry-de-Valleyfield;QC;Canada;;;0
941;43;17;Jan;Myö·k;;72;201;2002-6-24;LitvÌnov;UST;Czech Republic;;;0
942;125;124;Drew;Helleson;;75;191;2001-3-26;Farmington;MN;The United States;;;0
943;155;154;Theodor;Niederbach;;72;202;2002-2-25;÷rnskˆldsvik;V‰S;Sweden;;;0
944;-1;-1;Anton;Johannesson;;69;191;2002-3-26;Nittorp;V‰S;Sweden;;;0
945;30;30;Jesper;Wallstedt;;75;225;2002-11-14;V‰sterÂs;V‰S;Sweden;;;0
946;29;29;Carson;Lambos;;73;213;2003-1-14;Winnipeg;MB;Canada;;;0
947;36;3;Sean;Tschigerl;;72;209;2003-4-11;Whitecourt;AB;Canada;;;0
949;0;0;Simon;Edvinsson;;77;242;2003-2-5;Kungsbacka;V‰S;Sweden;;;0
953;-1;-1;Linus;Karlsson;;73;179;1999-11-16;Eksjˆ;JˆN;Sweden;;;0
954;8;8;Ole Julian;Bj¯rgvik Holm;;75;203;2002-5-23;Oslo;AKE;Norway;;;0
955;18;18;Cole;Caufield;;67;184;2001-1-2;Mosinee;WI;The United States;Canada;;0
956;26;26;Stanislav;Svozil;;74;186;2003-1-17;Prerov;OLO;Czech Republic;;;0
957;31;31;Zachary;L'Heureux;;71;203;2003-5-15;Mercier;QC;Canada;;;0
958;-1;-1;Nikita;Quapp;;75;204;2003-1-25;Ravensburg;BAD;Germany;;;0
959;154;154;Tim;St¸tzle;;72;203;2002-1-15;Viersen;NOR;Germany;;;0
960;-1;-1;Elmer;Sˆderblom;;80;238;2001-7-5;Gˆteborg;V‰S;Sweden;;;0
961;21;21;Dylan;Duke;;72;204;2003-3-4;Northville;MI;The United States;Canada;;0
962;3;3;Owen;Power;;78;234;2002-11-22;Mississauga;ON;Canada;;;0
963;33;29;Cameron;Whynot;;75;209;2003-5-5;Kentville;NS;Canada;;;0
964;-1;-1;Evan;Vierling;;72;185;2002-6-20;Toronto;ON;Canada;;;0
965;17;17;Jack;Thompson;;73;197;2002-3-19;Toronto;ON;Canada;;;0
966;24;24;William;Eklund;;71;202;2002-10-12;Stockholm;STO;Sweden;;;0
967;123;31;Emil;Andrae;;70;192;2002-2-23;V‰stervik;KAL;Sweden;;;0
968;-1;-1;Oskar;Magnusson;;70;185;2002-1-31;Trelleborg;SKÂ;Sweden;;;0
969;-1;-1;Elliot;Ekmark;;69;188;2002-1-29;Linkˆping;÷ST;Sweden;;;0
970;-1;-1;Martin;Chromiak;;74;203;2002-8-20;Ilava;TRE;Slovakia;;;0
971;152;152;Roni;Hirvonen;;70;196;2002-1-10;Espoo;UUS;Finland;;;0
972;-1;-1;Eetu;Liukas;;74;213;2002-9-25;Kaarina;SOU;Finland;;;0
973;-1;-1;Matias;Rajaniemi;;76;223;2002-9-11;Lahti;PAH;Finland;;;0
974;-1;-1;Eemil;Viro;;72;165;2002-4-3;Vantaa;UUS;Finland;;;0
975;153;152;Topi;Niemel‰;;71;177;2002-3-25;Oulu;NOS;Finland;;;0
976;-1;-1;Kasper;Puutio;;71;192;2002-6-3;Vaasa;OST;Finland;;;0
977;155;154;Joel;Blomqvist;;74;221;2002-1-10;Nykarleby;OST;Finland;;;0
978;38;38;Niko;Huuhtanen;;76;229;2003-6-26;Helsinki;UUS;Finland;;;0
979;-1;-1;Simon;Knak;;74;205;2002-1-27;Kloten;ZH;Switzerland;;;0
980;50;26;John;Peterka;J.J.;71;198;2002-1-14;Munich;BAV;Germany;;;0
981;19;19;Vasili;Ponomaryov;;70;199;2002-3-13;Zelenograd;MOS;Russia;;;0
982;28;28;Yaroslav;Askarov;;77;221;2002-6-16;Omsk;OMS;Russia;;;0
1001;-1;-1;Bryan;Rust;;71;194;1992-5-11;Novi;MI;The United States;;;0
1004;-1;-1;Reilly;Smith;;72;187;1991-4-1;Toronto;ON;Canada;;;0
1007;3;3;Logan;Stankoven;;69;192;2003-2-26;Kamloops;BC;Canada;;;0
1018;-1;-1;Lawrence;Pilut;;71;195;1995-12-30;Tingsryd;KRO;Sweden;The United States;;0
1019;0;0;Rasmus;Andersson;;72;214;1996-10-27;Malmˆ;SKÂ;Sweden;;;0
1021;26;26;Linus;Ullmark;;76;214;1993-7-31;Kramfors;V‰S;Sweden;;;0
1023;26;26;Hampus;Lindholm;;74;217;1994-1-20;Helsingborg;SKÂ;Sweden;;;0
1024;29;29;Viktor;Arvidsson;;69;182;1993-4-8;SkellefteÂ;V‰S;Sweden;;;0
1025;31;31;William;Nylander;;71;196;1996-5-1;Calgary;AB;Sweden;Canada;;0
1028;-1;-1;Dysin;Mayo;;74;195;1996-8-17;Victoria;BC;Canada;;;0
1029;0;0;Brayden;Point;;70;183;1996-3-13;Calgary;AB;Canada;;;0
1031;47;10;Haydn;Fleury;;75;209;1996-7-8;Carlyle;SK;Canada;;;0
1032;-1;-1;Adam;Brooks;;70;181;1996-5-6;Winnipeg;MB;Canada;;;0
1040;24;24;Connor;McDavid;;73;194;1997-1-13;Richmond Hill;ON;Canada;;;0
1042;0;0;Kasperi;Kapanen;Kassu;73;197;1996-7-23;Kuopio;NSA;Finland;;;0
1043;-1;-1;Oskar;Jellvik;;72;197;2003-2-8;T‰by;STO;Sweden;;;0
1044;17;17;Kaapo;K‰hkˆnen;;74;223;1996-8-16;Helsinki;UUS;Finland;;;0
1047;44;30;Jonathan;Drouin;;72;203;1995-3-28;Sainte-Agathe-des-Monts;QC;Canada;;;0
1048;38;25;Conor;Garland;;70;168;1996-3-11;Scituate;MA;The United States;;;0
1050;-1;-1;Matthew;Highmore;;71;187;1996-2-27;Halifax;NS;Canada;;;0
1056;-1;-1;Robby;Fabbri;;71;184;1996-1-22;Mississauga;ON;Canada;;;0
1057;-1;-1;Sam;Bennett;;73;198;1996-6-20;Toronto;ON;Canada;;;0
1059;32;23;Maxim;Groshev;;73;205;2001-12-14;Agryz;TAT;Russia;;;0
1062;37;37;Michael;Dal Colle;;75;201;1996-6-20;Vaughan;ON;Canada;;;0
1064;3;3;Alex;Nedeljkovic;;72;206;1996-1-7;Parma;OH;The United States;;;0
1065;8;8;Jared;McCann;;73;185;1996-5-31;London;ON;Canada;;;0
1069;18;18;Sebastian;Aho;Professor;72;178;1997-7-26;Rauma;SAT;Finland;;;0
1070;-1;-1;Arttu;Ruotsalainen;Are;69;187;1997-10-29;Oulu;NOS;Finland;;;0
1071;-1;-1;Aleksi;Saarela;;70;201;1997-1-7;Helsinki;UUS;Finland;;;0
1073;14;14;Mikko;Rantanen;;76;220;1996-10-29;Nousiainen;SOU;Finland;;;0
1074;-1;-1;Juho;Lammikko;;75;204;1996-1-29;Noormarkku;SAT;Finland;;;0
1083;123;31;Jakub;Vrana;;72;197;1996-2-28;Prague;PRA;Czech Republic;;;0
1085;12;12;David;Pastrnak;Pasta;72;196;1996-5-25;HavÌrov;MOR;Czech Republic;;;0
1086;43;17;Sonny;Milano;;72;195;1996-5-12;Massapequa;NY;The United States;;;0
1087;21;21;Brett;Pesce;;75;206;1994-11-15;Tarrytown;NY;The United States;;;0
1091;-1;-1;J;B;;76;229;2002-8-26;Karlovy Vary;KAR;Czech Republic;;;0
1096;8;8;Roope;Hintz;Hine;75;211;1996-11-17;Tampere;PIR;Finland;;;0
1097;-1;-1;Vladislav;Kamenev;;74;194;1996-8-12;Orsk;ORE;Russia;;;0
1100;27;27;Mathew;Barzal;;73;192;1997-5-26;Coquitlam;BC;Canada;;;0
1101;31;31;Noah;Hanifin;;75;216;1997-1-25;Northfield;MA;The United States;;;0
1102;20;20;Travis;Konecny;;70;174;1997-3-11;Chatham-Kent;ON;Canada;;;0
1103;27;27;Jack;Eichel;;74;214;1996-10-28;Chelmsford;MA;The United States;;;0
1106;31;31;Matthew;Tkachuk;;74;203;1997-12-11;Republic;MO;The United States;Canada;;0
1108;-1;-1;Tyler;Benson;;72;190;1998-3-15;Edmonton;AB;Canada;;;0
1113;28;28;Patrik;Laine;;77;209;1998-4-19;Tampere;PIR;Finland;;;0
1116;-1;-1;Joey;Anderson;;72;207;1998-6-19;Roseville;MN;The United States;;;0
1117;-1;-1;Anthony;Angello;;77;209;1996-3-6;Albany;NY;The United States;;;0
1118;-1;-1;Alex;BarrÈ-Boulet;;70;183;1997-5-21;Montmagny;QC;Canada;;;0
1119;-1;-1;Nathan;Bastian;;76;205;1997-12-6;Kitchener;ON;Canada;;;0
1120;28;28;Anthony;Beauvillier;;71;181;1997-6-8;Sorel-Tracy;QC;Canada;;;0
1122;-1;-1;Sammy;Blais;;74;210;1996-6-17;Montmagny;QC;Canada;;;0
1126;-1;-1;Michael;Bunting;;72;186;1995-9-17;Toronto;ON;Canada;;;0
1127;-1;-1;Kyle;Capobianco;;73;208;1997-8-13;Mississauga;ON;Canada;;;0
1128;12;12;Thomas;Chabot;;74;196;1997-1-30;Sainte-Marie;QC;Canada;;;0
1130;40;40;Joey;Daccord;;74;214;1996-8-19;North Andover;MA;The United States;Switzerland;;0
1133;-1;-1;Ryan;Donato;;72;181;1996-4-9;Scituate;MA;The United States;;;0
1134;14;14;Kevin;Fiala;;70;205;1996-7-22;Uzwil;SG;Switzerland;Czech Republic;;0
1135;-1;-1;Christian;Fischer;;74;215;1997-4-15;Wayne;IL;The United States;;;0
1137;-1;-1;Julien;Gauthier;;76;236;1997-10-15;Montreal;QC;Canada;;;0
1138;-1;-1;Jordan;Greenway;;78;231;1997-2-16;Potsdam;NY;The United States;;;0
1142;-1;-1;Dakota;Joshua;;74;198;1996-5-15;Dearborn;MI;The United States;;;0
1145;-1;-1;JÈrÈmy;Lauzon;;74;207;1997-4-28;Val-d'Or;QC;Canada;;;0
1149;21;21;Mitch;Marner;;72;173;1997-5-5;Thornhill;ON;Canada;;;0
1152;20;20;Charlie;McAvoy;;72;207;1997-12-21;Long Beach;NY;The United States;;;0
1153;-1;-1;Michael;McNiven;;73;216;1997-7-9;Georgetown;ON;Canada;;;0
1155;-1;-1;Sam;Montembeault;;75;218;1996-10-30;BÈcancour;QC;Canada;;;0
1156;27;27;Brandon;Montour;;72;196;1994-4-11;Brantford;ON;Canada;;;0
1159;-1;-1;Mathieu;Olivier;;74;210;1997-2-11;Saint-Lambert;QC;Canada;The United States;;0
1165;38;25;Jack;Roslovic;;73;190;1997-1-29;Columbus;OH;The United States;;;0
1167;-1;-1;Zach;Senyshyn;;73;207;1997-3-30;Ottawa;ON;Canada;;;0
1169;50;26;Daniel;Sprong;;72;201;1997-3-17;Amsterdam;NOO;Canada;The Netherlands;;0
1170;-1;-1;Mitchell;Stephens;;71;190;1997-2-5;Peterborough;ON;Canada;;;0
1173;31;31;Zach;Werenski;;74;218;1997-7-19;Detroit;MI;The United States;;;0
1176;-1;-1;Kailer;Yamamoto;;68;156;1998-9-29;Spokane;WA;The United States;;;0
1179;124;124;Jake;Guentzel;;71;185;1994-10-6;Woodbury;MN;The United States;;;0
1180;-1;-1;Peter;Cehl·rik;;74;202;1995-8-2;Zilina;ZIL;Slovakia;;;0
1181;-1;-1;Miles;Wood;;74;195;1995-9-13;Buffalo;NY;The United States;;;0
1187;8;8;Artem;Zub;;74;199;1995-10-3;Khabarovsk;KHA;Russia;;;0
1198;152;152;Oliver;Kylington;;72;183;1997-5-19;Stockholm;STO;Sweden;Eritrea;;0
1200;-1;-1;Gustav;Forsling;;72;188;1996-6-12;Linkˆping;÷ST;Sweden;;;0
1201;54;10;Adrian;Kempe;;74;205;1996-9-13;Kramfors;V‰S;Sweden;;;0
1208;-1;-1;Carl;Grundstrˆm;Calle;72;201;1997-12-1;UmeÂ;V‰S;Sweden;;;0
1209;41;7;Joel;Eriksson Ek;;74;212;1997-1-29;Karlstad;V‰R;Sweden;;;0
1210;152;152;Erik;Cern·k;;76;234;1997-5-28;Kosice;KOS;Slovakia;;;0
1212;124;124;Timo;Meier;;72;216;1996-10-8;Herisau;AR;Switzerland;;;0
1217;23;23;Nolan;Patrick;;74;205;1998-9-19;Winnipeg;MB;Canada;;;0
1218;60;18;Logan;Thompson;;75;220;1997-2-25;Calgary;AB;Canada;;;0
1220;-1;-1;Travis;Sanheim;;75;184;1996-3-29;Wallace-Woodworth;MB;Canada;;;0
1222;27;27;Carter;Hart;;74;202;1998-8-13;Sherwood Park;AB;Canada;;;0
1223;-1;-1;Tyson;Jost;;71;187;1998-3-14;St. Albert;AB;Canada;;;0
1225;-1;-1;Patrick;Khodorenko;;72;201;1998-10-13;Walnut Creek;CA;The United States;;;0
1226;-1;-1;Dylan;Ferguson;;74;217;1998-9-20;Nanaimo;BC;Canada;;;0
1230;2;2;Alex;Tuch;;76;218;1996-5-10;Baldwinsville;NY;The United States;;;0
1232;124;124;Jesse;Puljuj‰rvi;The Bison King;76;201;1998-5-7;Tornio;LAP;Finland;Sweden;;0
1235;50;26;Dillon;DubÈ;;71;187;1998-7-20;Golden;BC;Canada;;;0
1236;-1;-1;Cal;Foote;;76;227;1998-12-13;Englewood;CO;The United States;;;0
1237;-1;-1;Lucas;Johansen;;74;184;1997-11-16;Port Moody;BC;Canada;;;0
1239;53;53;Kole;Lind;;73;179;1998-10-16;Shaunavon;SK;Canada;;;0
1241;-1;-1;Cale;Fleury;;73;213;1998-11-19;Calgary;AB;Canada;;;0
1242;53;8;Stuart;Skinner;;76;234;1998-11-1;Edmonton;AB;Canada;;;0
1243;21;21;Cale;Makar;;71;187;1998-10-30;Calgary;AB;Canada;;;0
1244;125;124;Mason;Shaw;;70;186;1998-11-3;Lloydminster;AB;Canada;;;0
1247;20;20;MacKenzie;Blackwood;;76;233;1996-12-9;Thunder Bay;ON;Canada;;;0
1248;-1;-1;Christian;Dvorak;;73;201;1996-2-2;Frankfort;IL;The United States;;;0
1252;14;14;Andrew;Mangiapane;;70;183;1996-4-4;Bolton;ON;Canada;;;0
1255;14;14;Vince;Dunn;;72;203;1996-10-29;Peterborough;ON;Canada;;;0
1256;125;124;Sam;Steel;;71;190;1998-2-3;Sherwood Park;AB;Canada;;;0
1258;18;18;Dylan;Larkin;D-Boss;73;199;1996-7-30;Dundee;MI;The United States;Canada;;0
1260;19;19;Ivan;Provorov;;73;201;1997-1-13;Yaroslavl;YAR;Russia;;;0
1261;34;2;Samuel;Helenius;;78;201;2002-11-26;Dallas;TX;Finland;;;0
1262;59;1;Victor;Olofsson;;71;186;1995-7-18;÷rnskˆldsvik;V‰S;Sweden;;;0
1263;-1;-1;Jacob;Moverare;;75;198;1998-8-31;÷stersund;J‰M;Sweden;;;0
1264;-1;-1;Filip;Gustavsson;;74;190;1998-6-7;SkellefteÂ;V‰S;Sweden;;;0
1269;-1;-1;Adam;Werner;;77;221;1997-5-2;Mariestad;V‰S;Sweden;;;0
1271;-1;-1;Jonathan;DahlÈn;;71;181;1997-12-20;÷stersund;J‰M;Sweden;;;0
1273;7;7;Elias;Pettersson;;74;176;1998-11-12;Sundsvall;V‰S;Sweden;;;0
1275;36;3;Olle;Eriksson Ek;;75;221;1999-6-22;Karlstad;V‰R;Sweden;;;0
1277;-1;-1;Fabian;Zetterlund;;71;218;1999-8-25;Karlstad;V‰R;Sweden;;;0
1279;14;14;Erik;Br‰nnstrˆm;;70;181;1999-9-2;Eksjˆ;JˆN;Sweden;;;0
1292;9;9;Kirill;Kaprizov;;70;203;1997-4-26;Novokuznetsk;KEM;Russia;;;0
1294;28;28;Ilya;Samsonov;;75;228;1997-2-22;Magnitogorsk;CHE;Russia;;;0
1297;-1;-1;Alexander;Volkov;;73;198;1997-8-2;Moscow;MOS;Russia;;;0
1298;40;40;Mikhail;Vorobyov;;75;205;1997-1-5;Ufa;BAS;Russia;;;0
1300;20;20;VÌtek;Vanecek;;73;199;1996-1-9;HavlÌckuv Brod;VYS;Czech Republic;;;0
1308;60;18;Jake;Evans;;72;177;1996-6-2;Toronto;ON;Canada;;;0
1310;44;44;Henrik;Borgstrˆm;;75;211;1997-8-6;Helsinki;UUS;Finland;;;0
1311;62;10;Niko;Mikkola;;76;188;1996-4-27;Kiiminki;NOS;Finland;;;0
1315;-1;-1;Kasper;Kotkansalo;;75;204;1998-11-16;Espoo;UUS;Finland;;;0
1316;-1;-1;Urho;Vaakanainen;;73;185;1999-1-1;Joensuu;NOR;Finland;;;0
1317;-1;-1;Juuso;V‰lim‰ki;;74;212;1998-10-6;Nokia;PIR;Finland;;;0
1318;-1;-1;Olli;Juolevi;;74;183;1998-5-5;Helsinki;UUS;Finland;;;0
1320;-1;-1;Robin;Salo;;73;187;1998-10-13;Espoo;UUS;Finland;;;0
1324;-1;-1;Maxim;Denezhkin;;70;185;2000-12-10;Yaroslavl;YAR;Russia;;;0
1327;18;18;Alex;DeBrincat;;67;165;1997-12-18;Farmington Hills;MI;The United States;;;0
1330;-1;-1;Connor;Bunnaman;;75;228;1998-4-16;Guelph;ON;Canada;;;0
1331;56;56;Tyler;Parsons;;73;213;1997-9-18;Chesterfield Township;MI;The United States;;;0
1333;19;19;Michael;McLeod;Mikey;74;188;1998-2-3;Mississauga;ON;Canada;;;0
1335;-1;-1;Jonah;Gadjovich;;74;219;1998-10-12;Whitby;ON;Canada;;;0
1336;-1;-1;Will;Bitten;;71;185;1998-7-10;Ottawa;ON;Canada;;;0
1337;-1;-1;Nicholas;Caamano;;75;206;1998-9-7;Hamilton;ON;Canada;;;0
1339;10;10;Jordan;Kyrou;;72;174;1998-5-8;Toronto;ON;Canada;;;0
1340;9;9;Jakob;Chychrun;;74;209;1998-3-31;Boca Raton;FL;Canada;The United States;;0
1341;-1;-1;Michael;Pezzetta;;73;216;1998-3-13;Toronto;ON;Canada;;;0
1343;56;56;Boris;Katchouk;;74;208;1998-6-18;Vancouver;BC;Canada;Russia;;0
1347;36;3;Victor;Mete;;69;188;1998-6-7;Vaughan;ON;Canada;;;0
1348;-1;-1;Tye;Felhaber;;71;185;1998-8-5;Pembroke;ON;Canada;;;0
1350;23;23;Adam;Fox;;71;181;1998-2-17;Jericho;NY;The United States;;;0
1351;54;54;Tyler;Wall;;75;226;1998-1-14;Leamington;ON;Canada;;;0
1353;38;10;Trent;Frederic;;75;211;1998-2-11;St. Louis;MO;The United States;;;0
1355;-1;-1;Conor;Timmins;;74;188;1998-9-18;Thorold;ON;Canada;;;0
1356;-1;-1;Riley;Stillman;;73;196;1998-3-9;Peterborough;ON;Canada;The United States;;0
1357;-1;-1;Cameron;Morrison;;75;212;1998-8-27;Aurora;ON;Canada;;;0
1359;2;2;Clayton;Keller;;70;170;1998-7-29;Swansea;IL;The United States;;;0
1360;-1;-1;Nicolas;Hague;;78;214;1998-12-5;Kitchener;ON;Canada;;;0
1363;-1;-1;Janne;Kuokkanen;;73;200;1998-5-25;Oulunsalo;NOS;Finland;;;0
1365;-1;-1;Rudolfs;Balcers;;71;181;1997-4-8;Liepaja;LIE;Latvia;;;0
1371;45;45;Juho;Markkanen;;75;226;2002-4-6;Edmonton;AB;Finland;Switzerland;;0
1372;-1;-1;Jonas;R¯ndbjerg;;74;194;1999-3-31;H¯rsholm;FRE;Denmark;;;0
1375;21;21;Andrei;Svechnikov;;74;204;2000-3-26;Kazan;TAT;Russia;;;0
1376;33;12;Zack;MacEwen;;75;205;1996-7-8;Charlottetown;PE;Canada;;;0
1377;124;124;Pierre-Luc;Dubois;;75;219;1998-6-24;Sainte-Agathe-des-Monts;QC;Canada;The United States;;0
1379;-1;-1;Dmitri;Ovchinnikov;;71;186;2002-8-19;Chita;ZAB;Russia;;;0
1380;-1;-1;Eemeli;R‰s‰nen;;79;209;1999-3-6;Joensuu;NOR;Finland;;;0
1383;155;154;Gabe;Vilardi;;75;209;1999-8-16;Kingston;ON;Canada;;;0
1384;-1;-1;Ryan;McLeod;;74;207;1999-9-21;Mississauga;ON;Canada;;;0
1385;7;7;Owen;Tippett;;73;215;1999-2-16;Peterborough;ON;Canada;;;0
1386;-1;-1;Zach;Gallant;;74;194;1999-3-6;Oakville;ON;Canada;;;0
1387;-1;-1;Ben;Jones;;72;190;1999-2-26;Waterloo;ON;Canada;;;0
1388;-1;-1;Matthew;Strome;;76;205;1999-1-6;Mississauga;ON;Canada;;;0
1389;-1;-1;Markus;Phillips;;72;206;1999-3-21;Toronto;ON;Canada;;;0
1390;153;152;Alexander;Chmelevski;Sasha;72;206;1999-6-9;Huntington Beach;CA;The United States;Ukraine;;0
1391;0;0;Nick;Suzuki;;71;205;1999-8-10;London;ON;Canada;;;0
1392;-1;-1;Isaac;Ratcliffe;;78;214;1999-2-15;London;ON;Canada;;;0
1393;9;9;Evan;Bouchard;;75;194;1999-10-20;Oakville;ON;Canada;;;0
1394;-1;-1;Brady;Lyle;;75;212;1999-6-6;North Bay;ON;Canada;;;0
1395;50;26;Jack;Studnicka;;74;219;1999-2-18;Tecumseh;ON;Canada;;;0
1396;-1;-1;Michael;DiPietro;;72;207;1999-6-9;Amherstburg;ON;Canada;;;0
1397;-1;-1;Ryan;McGregor;;72;186;1999-1-29;Burlington;ON;Canada;;;0
1398;10;10;Robert;Thomas;;72;188;1999-7-2;Aurora;ON;Canada;;;0
1399;43;43;MacKenzie;Entwistle;;76;191;1999-7-14;Georgetown;ON;Canada;;;0
1400;0;0;Quinn;Hughes;;70;170;1999-10-14;Orange Park;FL;The United States;Canada;;0
1401;-1;-1;Nate;Schnarr;;75;185;1999-2-25;Waterloo;ON;Canada;;;0
1402;-1;-1;Fedor;Gordeev;;78;232;1999-1-27;Toronto;ON;Canada;Russia;;0
1403;23;23;Jason;Robertson;;75;215;1999-7-22;Arcadia;CA;The United States;;;0
1404;29;29;Brady;Tkachuk;;76;212;1999-9-16;St. Louis;MO;The United States;Canada;;0
1405;-1;-1;Kyle;Keyser;;74;179;1999-3-8;Coral Springs;FL;The United States;;;0
1406;-1;-1;Corey;Andonovski;;73;194;1999-3-26;Uxbridge;ON;Canada;;;0
1407;33;29;Morgan;Frost;;72;193;1999-5-14;Barrie;ON;Canada;;;0
1408;40;40;Evan;Barratt;;72;202;1999-2-18;Bristol;PA;The United States;;;0
1409;-1;-1;Joey;Keane;;72;204;1999-7-2;Homer Glen;IL;The United States;;;0
1410;-1;-1;Cayden;Primeau;;75;213;1999-8-11;Voorhees Township;NJ;The United States;Canada;;0
1411;-1;-1;Bryce;Misley;;73;201;1999-9-5;Calgary;AB;Canada;;;0
1412;-1;-1;Nick;Campoli;;71;200;1999-2-16;Toronto;ON;Canada;;;0
1413;14;14;Josh;Norris;;74;197;1999-5-5;Oxford;MI;The United States;Canada;;0
1414;-1;-1;Tyler;Inamoto;;74;203;1999-5-6;Lake Barrington;IL;The United States;;;0
1415;124;124;David;Farrance;;72;199;1999-6-23;Victor;NY;The United States;;;0
1416;-1;-1;Kody;Clark;;75;199;1999-10-13;Aurora;ON;Canada;;;0
1417;-1;-1;Logan;Hutsko;;70;201;1999-2-11;Tampa;FL;The United States;;;0
1418;-1;-1;Cameron;Crotty;;75;183;1999-5-5;Ottawa;ON;Canada;;;0
1419;-1;-1;Josh;Maniscalco;;74;205;1999-2-17;Red Hill;PA;The United States;;;0
1420;-1;-1;Ryan;O'Connell;;73;192;1999-4-25;Ottawa;ON;Canada;;;0
1421;-1;-1;Tyler;Madden;;71;192;1999-11-9;Albany;NY;The United States;Canada;;0
1422;-1;-1;Jakub;Zboril;;72;196;1997-2-21;Brno;JHM;Czech Republic;;;0
1423;-1;-1;Jake;DeBrusk;;72;196;1996-10-17;Edmonton;AB;Canada;;;0
1424;14;14;Kyle;Connor;;73;184;1996-12-9;Shelby Township;MI;The United States;;;0
1425;8;8;Brock;Boeser;;73;207;1997-2-25;Blaine;MN;The United States;;;0
1426;59;1;Brandon;Carlo;;77;227;1996-11-26;Colorado Springs;CO;The United States;;;0
1428;-1;-1;Brendan;Guhle;;74;196;1997-7-29;Sherwood Park;AB;Canada;;;0
1429;30;30;Auston;Matthews;;75;205;1997-9-17;San Luis;AZ;The United States;Mexico;;0
1432;154;154;Anthony;Cirelli;;72;198;1997-7-15;Vaughan;ON;Canada;;;0
1433;-1;-1;Dan;Vladar;;77;211;1997-8-20;Prague;PRA;Czech Republic;;;0
1434;14;14;Thomas;Novak;;73;179;1997-4-28;River Falls;WI;The United States;;;0
1439;-1;-1;Austin;Wagner;;73;185;1997-6-23;Calgary;AB;Canada;;;0
1442;-1;-1;Glenn;Gawdin;;73;192;1997-3-25;Richmond;BC;Canada;;;0
1443;-1;-1;Caleb;Jones;;73;194;1997-6-6;Arlington;TX;The United States;;;0
1445;125;124;Ethan;Bear;;71;197;1997-6-26;Regina;SK;Canada;;;0
1448;31;31;Troy;Terry;;72;182;1997-9-10;Denver;CO;The United States;;;0
1449;57;12;Adam;Gaudette;;73;184;1996-10-3;Boston;MA;The United States;;;0
1450;3;3;John;Marino;;73;181;1997-5-21;Easton;MA;The United States;;;0
1454;-1;-1;Adam;Huska;;75;198;1997-5-12;Zvolen;BAN;Slovakia;;;0
1456;9;9;Max;Gildon;;75;203;1999-5-17;Plano;TX;The United States;;;0
1458;17;17;Ty;Smith;;71;179;2000-3-24;Lloydminster;AB;Canada;;;0
1459;17;17;Calen;Addison;;71;186;2000-4-11;Brandon;MB;Canada;;;0
1460;-1;-1;Jett;Woo;;72;205;2000-7-27;Winnipeg;MB;Canada;;;0
1461;-1;-1;Carson;Focht;;73;181;2000-2-4;Regina;SK;Canada;;;0
1462;-1;-1;Jonny;Tychonick;;72;187;2000-3-3;Calgary;AB;Canada;;;0
1463;32;23;Dawson;Barteaux;;73;190;2000-1-12;Foxwarren;MB;Canada;;;0
1464;125;124;Nolan;Foote;;77;214;2000-11-29;Englewood;CO;The United States;Canada;;0
1465;47;12;Gianni;Fairbrother;;72;203;2000-9-30;North Vancouver;BC;Canada;;;0
1466;-1;-1;Jacob;Bernard-Docker;;72;197;2000-6-30;Canmore;AB;Canada;;;0
1467;-1;-1;Ryan;O'Reilly;;74;217;2000-3-21;South Point;TX;The United States;;;0
1468;36;3;Dillon;Hamaliuk;;76;201;2000-10-30;Leduc;AB;Canada;;;0
1469;-1;-1;Slava;Demin;;74;206;2000-4-4;Cypress;CA;The United States;;;0
1470;-1;-1;Gavin;Hain;;72;200;2000-4-3;Grand Rapids;MN;The United States;;;0
1471;-1;-1;Demetrios;Koumontzis;;70;186;2000-3-24;Edina;MN;The United States;;;0
1472;30;30;K'Andre;Miller;;76;207;2000-1-21;St. Paul;MN;The United States;;;0
1473;-1;-1;Cole;Reinhardt;;73;215;2000-2-1;Irricana;AB;Canada;;;0
1474;-1;-1;Austin;Wong;;71;194;2000-8-26;Calgary;AB;Canada;;;0
1475;-1;-1;Stelio;Mattheos;;73;196;1999-6-14;Winnipeg;MB;Canada;;;0
1476;-1;-1;Jordy;Bellerive;;70;194;1999-5-2;North Vancouver;BC;Canada;;;0
1477;-1;-1;Josh;Brook;;73;196;1999-6-17;Roblin;MB;Canada;;;0
1478;-1;-1;Justin;Almeida;;71;180;1999-2-6;Kitimat;BC;Canada;;;0
1479;33;33;Jake;Leschyshyn;;71;193;1999-3-10;Saskatoon;SK;Canada;;;0
1480;-1;-1;Michael;Rasmussen;;78;209;1999-4-17;Vancouver;BC;Canada;;;0
1481;153;152;Ian;Scott;;76;225;1999-1-11;Calgary;AB;Canada;;;0
1482;19;19;Jaret;Anderson-Dolan;;71;201;1999-9-12;Calgary;AB;Canada;;;0
1483;-1;-1;James;Hamblin;;69;179;1999-4-27;Edmonton;AB;Canada;;;0
1484;60;18;Cody;Glass;;75;206;1999-4-1;Winnipeg;MB;Canada;;;0
1485;-1;-1;Ian;Mitchell;;71;174;1999-1-18;Calahoo;AB;Canada;;;0
1486;-1;-1;Brayden;Pachal;;72;201;1999-8-23;Estevan;SK;Canada;;;0
1487;-1;-1;Mark;Kastelic;;76;235;1999-3-11;Phoenix;AZ;The United States;Canada;Slovenia;0
1488;-1;-1;Bryce;Kindopp;;73;194;1999-6-14;Lloydminster;AB;Canada;;;0
1489;-1;-1;Brett;Leason;;77;240;1999-4-30;Calgary;AB;Canada;;;0
1490;43;43;Nick;Henry;;71;202;1999-7-4;Portage la Prairie;MB;Canada;;;0
1491;37;37;Scott;Reedy;;74;219;1999-4-4;Prior Lake;MN;The United States;;;0
1492;40;40;Grant;Mismash;;72;192;1999-2-19;Edina;MN;The United States;;;0
1493;-1;-1;Jake;Christiansen;;73;194;1999-9-12;West Vancouver;BC;Canada;;;0
1494;53;53;Connor;Dewar;;70;198;1999-6-26;The Pas;MB;Canada;;;0
1495;-1;-1;Riley;Sutter;;76;207;1999-10-25;Calgary;AB;Canada;;;0
1496;36;36;Wyatte;Wylie;;72;206;1999-11-2;Lake Stevens;WA;The United States;;;0
1497;-1;-1;David;Tendeck;;73;186;1999-11-25;North Vancouver;BC;Canada;;;0
1498;-1;-1;Jack;St. Ivany;;75;201;1999-7-22;Manhattan Beach;CA;The United States;;;0
1499;-1;-1;Parker;Kelly;;72;196;1999-5-14;Camrose;AB;Canada;;;0
1500;-1;-1;Sammy;Walker;;71;165;1999-6-7;Minneapolis;MN;The United States;;;0
1501;-1;-1;Brett;Stapley;;70;179;1999-2-23;Campbell River;BC;Canada;;;0
1502;-1;-1;Jake;McGrew;;70;190;1999-2-25;Orange;CA;The United States;;;0
1503;-1;-1;Cole;Guttman;;69;174;1999-4-6;Los Angeles;CA;The United States;;;0
1504;-1;-1;Zack;Hayes;;75;225;1999-4-24;Calgary;AB;Canada;;;0
1505;-1;-1;Mikey;Anderson;Mikey;72;196;1999-5-25;Roseville;MN;The United States;;;0
1506;8;8;Jake;Bean;;73;188;1998-6-9;Calgary;AB;Canada;;;0
1507;-1;-1;Connor;Ingram;;74;205;1997-3-31;Saskatoon;SK;Canada;;;0
1509;28;28;Tanner;Jeannot;;74;207;1997-5-29;Oxbow;SK;Canada;;;0
1510;-1;-1;Noah;Gregor;;72;192;1998-7-28;Beaumont;AB;Canada;;;0
1511;38;38;Reese;Johnson;;73;196;1998-7-10;Saskatoon;SK;Canada;;;0
1512;41;41;Austin;Strand;;75;216;1997-2-17;Calgary;AB;Canada;;;0
1513;-1;-1;Josh;Mahura;;72;185;1998-5-5;Edmonton;AB;Canada;;;0
1514;-1;-1;Jake;Elmer;;73;187;1998-12-31;Calgary;AB;Canada;;;0
1515;-1;-1;Lane;Pederson;;72;193;1997-8-4;Saskatoon;SK;Canada;;;0
1516;-1;-1;Alexander;True;;77;202;1997-7-17;Copenhagen;FRE;Denmark;;;0
1518;-1;-1;Morgan;Geekie;;75;214;1998-7-20;Strathclair;MB;Canada;;;0
1519;-1;-1;Dylan;Coghlan;;74;191;1998-2-19;Duncan;BC;Canada;;;0
1522;-1;-1;Jonathan;Aspirot;;72;207;1999-5-16;Mascouche;QC;Canada;;;0
1523;-1;-1;DÈreck;Baribeau;;78;245;1999-1-22;Saint-Augustin-de-Desmaures;QC;Canada;;;0
1524;152;152;Morgan;Barron;;76;233;1998-12-2;Halifax;NS;Canada;;;0
1525;26;26;Drake;Batherson;;75;209;1998-4-27;Fort Wayne;IN;Canada;The United States;;0
1526;33;29;Nicolas;Beaudin;;71;181;1999-10-7;Ch‚teauguay;QC;Canada;;;0
1527;-1;-1;Simon;BenoÓt;;75;207;1998-9-19;Laval;QC;Canada;;;0
1528;-1;-1;Shane;Bowers;;74;186;1999-7-30;Halifax;NS;Canada;;;0
1529;-1;-1;Mike;Callahan;;74;196;1999-9-23;Franklin;MA;The United States;;;0
1530;153;152;Maxime;Comtois;;74;217;1999-1-8;Longueuil;QC;Canada;;;0
1531;153;153;Alex;D'Orio;;74;223;1999-4-28;Sherbrooke;QC;Canada;;;0
1532;-1;-1;Arnaud;Durandeau;;72;193;1999-1-14;Beaconsfield;QC;Canada;;;0
1533;-1;-1;JÈrÈmy;Groleau;;75;201;1999-10-25;LÈvis;QC;Canada;;;0
1534;-1;-1;RafaÎl;Harvey-Pinard;;69;187;1999-1-6;Saguenay;QC;Canada;;;0
1535;-1;-1;Pierre-Olivier;Joseph;;74;185;1999-7-1;Chambly;QC;Canada;;;0
1536;-1;-1;Marc;McLaughlin;;72;205;1999-7-26;Billerica;MA;The United States;;;0
1537;56;56;Ben;Mirageas;;73;190;1999-5-8;Newburyport;MA;The United States;;;0
1538;53;53;Antoine;Morand;;71;201;1999-2-18;Montreal;QC;Canada;;;0
1540;-1;-1;Alex;Steeves;;71;188;1999-12-10;Bedford;NH;The United States;;;0
1541;-1;-1;JoÎl;Teasdale;;71;218;1999-3-11;Sainte-Julie;QC;Canada;;;0
1542;-1;-1;Joe;Veleno;;73;212;2000-1-13;Kirkland;QC;Canada;;;0
1543;153;153;Reilly;Walsh;;72;185;1999-4-21;Andover;NH;The United States;;;0
1544;152;152;Timothy;Liljegren;;72;192;1999-4-30;Kristianstad;SKÂ;Sweden;The United States;;0
1547;48;14;Jakub;äkarek;;75;217;1999-11-10;Jihlava;VYS;Czech Republic;;;0
1549;-1;-1;Jake;Wise;;70;199;2000-2-28;Newburyport;MA;The United States;;;0
1550;-1;-1;Grigori;Denisenko;;71;185;2000-6-24;Novosibirsk;NOV;Russia;;;0
1551;-1;-1;Jared;McIsaac;;73;195;2000-3-27;Truro;NS;Canada;;;0
1552;-1;-1;Mattias;Samuelsson;;76;227;2000-3-14;Camden;NJ;The United States;Sweden;;0
1553;31;31;Oliver;Wahlstrom;;74;221;2000-6-13;Wiscasset;ME;The United States;Sweden;;0
1554;-1;-1;Bode;Wilde;;75;192;2000-1-24;Montreal;QC;The United States;Canada;;0
1555;-1;-1;Mathias;Emilio Pettersen;;70;185;2000-4-3;Oslo;AKE;Norway;The United States;;0
1556;-1;-1;Brandon;Scanlin;;76;214;1999-6-2;Hamilton;ON;Canada;;;0
1557;-1;-1;Mitchell;Gibson;;73;207;1999-6-25;Rolla;MO;The United States;;;0
1558;-1;-1;Alex;Formenton;;74;198;1999-9-13;King City;ON;Canada;;;0
1559;-1;-1;Skyler;Brind'Amour;;74;222;1999-7-27;Raleigh;NC;The United States;Canada;;0
1560;-1;-1;Logan;Cockerill;;69;174;1999-3-3;Brighton;MI;The United States;;;0
1561;-1;-1;Alex;Nylander;;73;193;1998-3-2;Calgary;AB;Sweden;Canada;;0
1562;-1;-1;Kaden;Fulcher;;75;226;1998-9-23;Lambton Shores;ON;Canada;;;0
1563;125;124;Dante;Fabbro;;72;191;1998-6-20;Coquitlam;BC;Canada;;;0
1564;-1;-1;Marian;Studenic;;73;187;1998-10-28;Skalica;TRN;Slovakia;;;0
1565;-1;-1;Samuel;Asselin;;71;183;1998-7-1;L'Assomption;QC;Canada;;;0
1566;27;27;Samuel;Girard;;70;170;1998-5-12;Roberval;QC;Canada;;;0
1568;-1;-1;BenoÓt-Olivier;Groulx;;74;194;2000-2-6;Gatineau;QC;Canada;France;;0
1569;-1;-1;Philipp;Kurashev;;72;194;1999-10-12;M¸nsingen;BE;Switzerland;Russia;;0
1570;-1;-1;Jacob;Pivonka;;71;205;2000-2-28;Worth;IL;The United States;Czech Republic;;0
1571;50;50;Ryan;Merkley;;72;188;2000-8-14;Mississauga;ON;Canada;;;0
1572;9;9;Rasmus;Sandin;;71;179;2000-3-7;Uppsala;UPP;Sweden;;;0
1573;36;3;Akil;Thomas;;72;183;2000-1-2;Toronto;ON;Canada;The United States;;0
1574;-1;-1;Tyler;Weiss;;70;154;2000-1-3;Raleigh;NC;The United States;;;0
1575;17;17;Mikhail;Sergachev;;75;218;1998-6-25;Nizhnekamsk;TAT;Russia;;;0
1576;30;30;Jesper;Bratt;;70;189;1998-7-30;Stockholm;STO;Sweden;;;0
1580;29;29;Nico;Hischier;;73;194;1999-1-4;Naters;VS;Switzerland;;;0
1581;-1;-1;Ostap;Safin;;77;205;1999-2-11;Prague;PRA;Czech Republic;;;0
1582;25;25;Eeli;Tolvanen;;70;197;1999-4-22;Vihti;UUS;Finland;;;0
1583;-1;-1;Adam;Ruûicka;;76;203;1999-5-11;Bratislava;BRA;Slovakia;;;0
1584;-1;-1;Luke;Kunin;;72;207;1997-12-4;Chesterfield;MO;The United States;;;0
1585;-1;-1;Dennis;Cholowski;;74;196;1998-2-15;Langley;BC;Canada;;;0
1586;53;53;Brett;Murray;;77;227;1998-7-20;Bolton;ON;Canada;;;0
1587;19;19;Filip;Hronek;;72;187;1997-11-2;Hradec KralovÈ;KRA;Czech Republic;;;0
1588;-1;-1;Josef;Koren·r;;73;216;1998-1-31;Pelhrimov;VYS;Czech Republic;;;0
1590;25;25;Tage;Thompson;;79;225;1997-10-30;Oyster Bay;NY;The United States;Canada;;0
1591;-1;-1;Ryan;Lindgren;;72;198;1998-2-11;Minneapolis;MN;The United States;;;0
1593;-1;-1;Otto;Koivula;;76;224;1998-9-1;Nokia;PIR;Finland;;;0
1594;-1;-1;Aarne;Talvitie;;71;203;1999-2-11;Espoo;UUS;Finland;;;0
1595;7;7;Miro;Heiskanen;;73;190;1999-7-18;Espoo;UUS;Finland;;;0
1597;-1;-1;Eetu;M‰kiniemi;;74;187;1999-4-19;Vantaa;UUS;Finland;;;0
1599;-1;-1;Sean;Durzi;;72;185;1998-10-21;Toronto;ON;Canada;;;0
1600;-1;-1;Henri;Jokiharju;;72;194;1999-6-17;Oulu;NOS;Finland;;;0
1601;123;123;Mikko;Kokkonen;;71;199;2001-1-18;Mikkeli;SSA;Finland;;;0
1602;62;19;Jesperi;Kotkaniemi;;74;201;2000-7-6;Pori;SAT;Finland;;;0
1603;-1;-1;Miska;Kukkonen;;74;211;2000-6-19;Jokioinen;KAN;Finland;;;0
1604;-1;-1;Lauri;Pajuniemi;;72;204;1999-9-12;Tampere;PIR;Finland;;;0
1605;-1;-1;Jesse;Ylˆnen;;72;189;1999-10-3;Scottsdale;AZ;Finland;The United States;;0
1606;-1;-1;Calvin;Th¸rkauf;;74;206;1997-6-27;Zug;ZG;Switzerland;Canada;;0
1607;-1;-1;Maxim;Sushko;;72;198;1999-2-10;Brest;BRE;Belarus;;;0
1608;-1;-1;Yegor;Sharangovich;;74;204;1998-6-6;Minsk;MIN;Belarus;;;0
1610;123;31;Filip;Zadina;;72;197;1999-11-27;Pardubice;PAR;Czech Republic;;;0
1611;-1;-1;Gabriel;Fortier;;70;190;2000-2-6;Montreal;QC;Canada;;;0
1612;54;10;Mathias;LaferriËre;;74;193;2000-6-27;Montreal;QC;Canada;;;0
1613;123;31;RaphaÎl;Lavoie;;76;196;2000-9-25;Chambly;QC;Canada;;;0
1614;45;45;Kevin;Mandolese;;76;215;2000-8-22;Blainville;QC;Canada;;;0
1615;14;14;Olivier;Rodrigue;;73;200;2000-7-6;Saguenay;QC;Canada;;;0
1616;153;152;Samuel;Poulin;;74;220;2001-2-25;Blainville;QC;Canada;;;0
1617;-1;-1;Xavier;Simoneau;;68;187;2001-5-19;Saint-AndrÈ-Avellin;QC;Canada;;;0
1618;-1;-1;Niklas;Nordgren;;69;192;2000-5-4;Helsinki;UUS;Finland;;;0
1619;-1;-1;Ukko-Pekka;Luukkonen;UP;76;200;1999-3-9;Espoo;UUS;Finland;;;0
1620;-1;-1;Oskari;Laaksonen;;73;172;1999-7-2;Tampere;PIR;Finland;;;0
1621;-1;-1;Aleksi;Heponiemi;;70;154;1999-1-9;Tampere;PIR;Finland;;;0
1622;-1;-1;Anttoni;Honka;;70;179;2000-10-5;Jyv‰skyl‰;FIN;Finland;;;0
1623;-1;-1;Eetu;Luostarinen;;75;190;1998-9-2;Kuopio;NSA;Finland;;;0
1624;-1;-1;Eetu;P‰kkil‰;;72;172;1999-10-3;Oulu;NOS;Finland;;;0
1625;-1;-1;Toni;Utunen;;71;172;2000-4-27;Kokkola;CEN;Finland;;;0
1626;153;152;Matias;Maccelli;;71;182;2000-10-14;Turku;SOU;Finland;;;0
1627;124;124;Martin;Necas;;74;190;1999-1-15;Zd·r nad S·zavou;VYS;Czech Republic;;;0
1630;-1;-1;Rasmus;Kupari;;73;188;2000-3-15;Kotka;KYM;Finland;;;0
1631;-1;-1;Santtu;Kinnunen;;74;180;1999-3-25;Tuupovaara;NOR;Finland;;;0
1633;-1;-1;Filip;Lindberg;;73;215;1999-1-31;Espoo;UUS;Finland;;;0
1634;-1;-1;Lenni;Killinen;;74;217;2000-6-15;Espoo;UUS;Finland;;;0
1635;-1;-1;Otto;Kivenm‰ki;;69;172;2000-3-24;Pori;SAT;Finland;;;0
1637;-1;-1;Mikhail;Berdin;;74;181;1998-3-1;Ufa;BAS;Russia;;;0
1638;-1;-1;Leevi;Aaltonen;;70;188;2001-1-24;Mikkeli;SSA;Finland;;;0
1639;-1;-1;Filip;Larsson;;74;221;1998-8-17;Stockholm;STO;Sweden;;;0
1641;29;29;Akira;Schmid;;77;223;2000-5-12;Bern;BE;Switzerland;;;0
1642;-1;-1;Blade;Jenkins;;73;194;2000-8-11;Jackson;MI;The United States;;;0
1643;-1;-1;Alexander;Khovanov;;70;198;2000-4-12;Togliatti;SAM;Russia;;;0
1644;-1;-1;Isac;Lundestrˆm;;72;187;1999-11-6;G‰llivare;NOR;Sweden;;;0
1645;-1;-1;Lias;Andersson;;71;205;1998-10-13;Kung‰lv;V‰S;Sweden;;;0
1646;-1;-1;Jesper;Boqvist;;72;182;1998-10-30;Falun;DAL;Sweden;;;0
1647;33;10;Klim;Kostin;;76;212;1999-5-5;Penza;PEN;Russia;;;0
1648;2;2;Casey;Mittelstadt;;73;203;1998-11-22;Eden Prairie;MN;The United States;;;0
1649;-1;-1;Kirill;Slepets;;70;165;1999-4-6;Khabarovsk;KHA;Russia;;;0
1650;48;14;Kristian;Vesalainen;;76;208;1999-6-1;Helsinki;UUS;Finland;;;0
1651;7;7;Jake;Oettinger;;77;238;1998-12-18;Lakeville;MN;The United States;;;0
1652;-1;-1;Arvid;Sˆderblom;;75;198;1999-8-19;Gˆteborg;V‰S;Sweden;;;0
1653;-1;-1;Damien;Giroux;;70;179;2000-3-3;Sudbury;ON;Canada;;;0
1654;-1;-1;J·chym;KondelÌk;;78;237;1999-12-21;Hanover;LOW;Czech Republic;Germany;;0
1655;21;21;Joel;Farabee;;72;182;2000-2-25;Syracuse;NY;The United States;;;0
1656;21;21;Kirby;Dach;;76;207;2001-1-21;Fort Saskatchewan;AB;Canada;;;0
1657;44;30;Artemi;Knyazev;;72;195;2001-1-4;Kazan;TAT;Russia;;;0
1658;21;21;Spencer;Knight;;75;222;2001-4-19;Collinsville;CT;The United States;;;0
1659;-1;-1;Ben;Brinkman;;72;216;2000-10-4;Edina;MN;The United States;;;0
1660;-1;-1;Marshall;Warren;;71;170;2001-4-20;Laurel Hollow;NY;The United States;;;0
1661;56;21;Pavel;Dorofeyev;;73;177;2000-10-26;Nizhny Tagil;SVE;Russia;;;0
1662;29;29;Jack;Hughes;;71;176;2001-5-14;Orange Park;FL;The United States;Canada;;0
1663;-1;-1;Robert;Mastrosimone;;70;178;2001-1-24;East Islip;NY;The United States;;;0
1664;30;30;Joseph;Woll;;76;224;1998-7-12;Dardenne Prairie;MO;The United States;;;0
1666;55;55;D·vid;Hren·k;;74;223;1998-5-5;Povazska Bystrica;TRE;Slovakia;;;0
1672;10;10;Scott;Perunovich;;70;178;1998-8-18;Greenfield;MN;The United States;;;0
1673;155;154;Brandon;Hagel;;71;191;1998-8-27;Morinville;AB;Canada;;;0
1674;54;10;Rem;Pitlick;;71;198;1997-4-2;Plymouth;MN;The United States;;;0
1676;-1;-1;Dylan;Gambrell;;72;187;1996-8-26;Bonney Lake;WA;The United States;;;0
1679;-1;-1;Axel;Jonsson Fj‰llby;;72;189;1998-2-10;Stockholm;STO;Sweden;;;0
1681;10;10;Jakub;M·lek;;77;236;2002-4-11;KromerÌz;ZLN;Czech Republic;;;0
1682;-1;-1;Jakub;Konecn˝;;71;197;2002-6-19;Brno;JHM;Czech Republic;;;0
1683;-1;-1;Jakub;Lauko;;72;177;2000-3-28;Prague;PRA;Czech Republic;;;0
1684;31;31;Filip;Chytil;;74;203;1999-9-5;ZlÌn;ZLN;Czech Republic;;;0
1685;-1;-1;Jakub;Kos;;75;228;2003-5-30;Brno;JHM;Czech Republic;;;0
1686;34;2;Ozzy;Wiesblatt;;71;196;2002-3-9;Calgary;AB;Canada;;;0
1687;-1;-1;Filip;Kr·l;Kralda;74;211;1999-10-20;Blansko;JHM;Czech Republic;;;0
1693;-1;-1;Linus;Hˆgberg;;73;176;1998-9-4;Stockholm;STO;Sweden;;;0
1698;-1;-1;Joachim;Blichfeld;;74;196;1998-7-17;Frederikshavn;NOR;Denmark;;;0
1699;36;3;Tyler;Angle;;70;190;2000-9-30;Thorold;ON;Canada;;;0
1700;-1;-1;Kevin;Bahl;;78;232;2000-6-27;New Westminster;BC;Canada;;;0
1701;-1;-1;Declan;Chisholm;;73;195;2000-1-12;Bowmanville;ON;Canada;;;0
1702;55;9;Connor;Corcoran;;74;219;2000-8-7;Markham;ON;Canada;;;0
1703;-1;-1;Riley;Damiani;;70;178;2000-3-20;Mississauga;ON;Canada;;;0
1704;37;37;Ty;Dellandrea;;72;205;2000-7-21;Port Perry;ON;Canada;;;0
1705;8;8;Semyon;Der-Arguchintsev;;70;181;2000-9-15;Moscow;MOS;Russia;Canada;;0
1706;-1;-1;Curtis;Douglas;;81;238;2000-3-6;Oakville;ON;Canada;;;0
1707;-1;-1;Aidan;Dudas;;68;181;2000-6-15;Parry Sound;ON;Canada;;;0
1708;38;25;Ty;Emberson;;73;197;2000-5-24;Eau Claire;WI;The United States;;;0
1709;-1;-1;Liam;Foudy;;74;194;2000-2-4;Toronto;ON;Canada;;;0
1710;-1;-1;Pavel;Gogolev;;73;211;2000-2-19;Moscow;MOS;Russia;Canada;;0
1711;-1;-1;Maxim;Golod;;71;168;2000-8-18;Vaughan;ON;Canada;;;0
1712;12;12;Johnny;Gruden;;72;190;2000-5-4;Rochester Hills;MI;The United States;;;0
1713;-1;-1;Curtis;Hall;;76;219;2000-4-26;Point Pleasant;NJ;The United States;Canada;;0
1714;-1;-1;Barrett;Hayton;;73;195;2000-6-9;Peterborough;ON;Canada;;;0
1715;55;9;Cameron;Hillis;;69;189;2000-6-24;Mississauga;ON;Canada;;;0
1716;-1;-1;Christian;Krygier;;74;192;2000-5-5;Novi;MI;The United States;;;0
1717;-1;-1;Cole;Krygier;;75;204;2000-5-5;Novi;MI;The United States;;;0
1718;50;26;Jack;McBain;;76;223;2000-1-6;Toronto;ON;Canada;;;0
1719;-1;-1;Dustyn;McFaul;;74;189;2000-8-4;Sainte-ThÈrËse;QC;Canada;;;0
1720;-1;-1;Chase;McLane;;73;174;2000-4-22;Trenton;MI;The United States;;;0
1721;-1;-1;Serron;Noel;;77;216;2000-8-8;Ottawa;ON;Canada;;;0
1722;40;40;Dominik;Bokk;;74;192;2000-2-3;Schweinfurt;BAV;Germany;;;0
1723;-1;-1;Alec;Regula;;76;207;2000-8-6;West Bloomfield Township;MI;The United States;;;0
1724;8;8;Rasmus;Dahlin;;74;207;2000-4-13;Trollh‰ttan;V‰S;Sweden;;;0
1725;-1;-1;Spencer;Stastney;;70;198;2000-1-4;Woodbridge;VA;The United States;;;0
1726;-1;-1;Tyler;Tucker;;74;205;2000-3-1;Longlac;ON;Canada;;;0
1727;-1;-1;Kevin;Wall;;72;194;2000-2-1;Fairport;NY;The United States;;;0
1728;-1;-1;Chad;Yetman;;71;179;2000-2-18;Whitby;ON;Canada;;;0
1729;-1;-1;Peter;Diliberatore;;72;185;2000-3-31;Bedford;NS;Canada;;;0
1730;124;124;Noah;Dobson;;76;183;2000-1-7;Summerside;PE;Canada;;;0
1731;-1;-1;Zacharie;…mond;;75;201;2000-6-20;RiviËre-du-Loup;QC;Canada;;;0
1732;-1;-1;Liam;Gorman;;75;196;2000-5-8;Arlington;MA;The United States;;;0
1733;-1;-1;Jordan;Harris;;71;179;2000-7-7;Haverhill;MA;The United States;;;0
1734;-1;-1;Luke;Henman;;72;188;2000-4-29;Dartmouth;NS;Canada;;;0
1735;-1;-1;Phil;Kemp;;75;203;1999-2-12;Greenwich;NY;The United States;;;0
1736;-1;-1;Michael;Kesselring;;76;190;2000-1-13;New Hampton;NH;The United States;Canada;;0
1737;-1;-1;Rasmus;Korhonen;;77;233;2002-10-22;Oulu;NOS;Finland;;;0
1738;-1;-1;Jack;Rathbone;;71;190;1999-5-20;Boston;MA;The United States;;;0
1739;17;17;Matthew;Stienburg;;73;211;2000-10-7;Halifax;NS;Canada;;;0
1740;-1;-1;Gustav;Lindstrˆm;;74;183;1998-10-20;Heby;UPP;Sweden;;;0
1741;-1;-1;Liam;Kirk;;73;157;2000-1-3;Maltby;ENG;England;;;0
1743;-1;-1;Leon;Gawanke;;73;198;1999-5-31;Berlin;BER;Germany;;;0
1744;19;19;Braden;Schneider;;74;219;2001-9-20;Prince Albert;SK;Canada;;;0
1745;25;25;Matthew;Robertson;;76;214;2001-3-9;Sherwood Park;AB;Canada;;;0
1746;-1;-1;Vladislav;Yeryomenko;;72;192;1999-4-24;Vitebsk;VIT;Belarus;;;0
1748;33;29;Martin;PospÌöil;;74;213;1999-11-19;Zvolen;BAN;Slovakia;;;0
1749;-1;-1;Tobias;Geisser;;76;201;1999-2-13;Sarnen;OW;Switzerland;;;0
1750;8;8;Bowen;Byram;;73;190;2001-6-13;Cranbrook;BC;Canada;;;0
1751;19;19;Peyton;Krebs;;72;185;2001-1-26;Okotoks;AB;Canada;;;0
1752;25;25;Brayden;Tracey;;72;204;2001-5-28;Calgary;AB;Canada;;;0
1753;-1;-1;Dylan;Samberg;;76;216;1999-1-24;Hermantown;MN;The United States;;;0
1754;-1;-1;Jimmy;Huntington;;72;212;1998-11-18;Laval;QC;Canada;;;0
1755;36;3;Kaedan;Korczak;;76;202;2001-1-29;Yorkton;SK;Canada;;;0
1756;-1;-1;Martin;FehÈrv·ry;;74;209;1999-10-6;Bratislava;BRA;Slovakia;;;0
1757;45;28;Alexander;Alexeyev;;76;222;1999-11-15;St. Petersburg;SAI;Russia;;;0
1759;-1;-1;Joni;Jurmo;;76;205;2002-4-19;Espoo;UUS;Finland;;;0
1760;9;9;Kasper;Simontaival;;70;196;2002-1-11;Tampere;PIR;Finland;;;0
1761;25;25;Blake;Murray;;74;224;2001-7-5;Uxbridge;ON;Canada;;;0
1762;37;37;Jamieson;Rees;;71;176;2001-2-26;Hamilton;ON;Canada;;;0
1763;2;2;Thomas;Harley;;75;213;2001-8-19;Syracuse;NY;Canada;The United States;;0
1764;26;26;Jack;Quinn;;72;192;2001-9-19;Renfrew;ON;Canada;;;0
1765;50;26;Philip;Tomasino;;72;185;2001-7-28;Mississauga;ON;Canada;;;0
1766;20;20;Connor;McMichael;;72;200;2001-1-15;Ajax;ON;Canada;;;0
1767;9;9;Nick;Robertson;;70;199;2001-11-9;Northville;MI;The United States;;;0
1768;-1;-1;Mason;Primeau;;78;203;2001-7-28;Toronto;ON;Canada;;;0
1769;7;7;Arthur;Kaliyev;;74;204;2001-6-26;Tashkent;TAS;The United States;Uzbekistan;;0
1770;-1;-1;Keean;Washkurak;;70;188;2001-8-16;Waterloo;ON;Canada;;;0
1771;-1;-1;Mack;Guzda;;77;237;2001-1-10;Knoxville;TN;The United States;Canada;;0
1772;-1;-1;Jet;Greaves;;72;188;2001-3-30;Cambridge;ON;Canada;;;0
1773;9;9;Trevor;Zegras;;72;198;2001-3-20;Bedford;NY;The United States;;;0
1774;57;12;Cole;Schwindt;;74;191;2001-4-25;Kitchener;ON;Canada;;;0
1775;-1;-1;Zach;Uens;;74;194;2001-5-13;Belleville;ON;Canada;;;0
1776;38;25;Alex;Vlasic;;78;214;2001-6-5;Wilmette;IL;The United States;;;0
1777;-1;-1;Isaak;Phillips;;75;197;2001-9-28;Barrie;ON;Canada;Jamaica;;0
1778;-1;-1;Navrin;Mutter;;76;198;2001-3-14;London;ON;Canada;;;0
1779;34;2;Hunter;Skinner;;75;196;2001-4-29;Pinckney;MI;The United States;;;0
1780;-1;-1;Josh;Nodler;;71;204;2001-4-27;Oak Park;MI;The United States;;;0
1781;-1;-1;Eric;Ciccolini;;72;170;2001-1-14;Vaughan;ON;Canada;;;0
1782;-1;-1;Mason;Millman;;73;183;2001-7-18;London;ON;Canada;;;0
1783;37;37;Noah;Beck;;76;216;2001-3-25;Markham;ON;Canada;;;0
1784;-1;-1;Cole;Brady;;77;208;2001-2-12;Pickering;ON;Canada;;;0
1785;-1;-1;Dominick;Fensore;;71;190;2001-9-7;New York;NY;The United States;;;0
1786;45;28;Tye;Kartye;;73;215;2001-4-30;Kingston;ON;Canada;;;0
1787;-1;-1;Owen;Lindmark;;72;196;2001-5-17;Naperville;IL;The United States;;;0
1788;-1;-1;Cade;Webber;;78;205;2001-1-5;Meadville;PA;The United States;;;0
1789;43;17;Trevor;Kuntar;;73;212;2001-6-20;Buffalo;NY;The United States;;;0
1790;-1;-1;Matt;Kessel;;75;216;2000-6-23;Bloomfield Hills;MI;The United States;;;0
1791;154;154;Mike;Hardman;;74;205;1999-2-5;Hanover;MA;The United States;;;0
1792;-1;-1;Matej;Pekar;;73;188;2000-2-10;Turnov;LIB;Czech Republic;;;0
1793;-1;-1;Brandon;Kruse;;69;154;1999-3-26;Dearborn;MI;The United States;;;0
1794;-1;-1;Jaxson;Stauber;;75;203;1999-4-27;Wayzata;MN;The United States;;;0
1795;8;8;Angus;Crookshank;;71;191;1999-10-2;North Vancouver;BC;Canada;;;0
1796;33;31;Martin;Ryöav˝;;75;227;2003-3-6;Prerov;OLO;Czech Republic;;;0
1797;-1;-1;Sam;Hentges;;72;178;1999-7-26;New Brighton;MN;The United States;;;0
1798;-1;-1;Adam;Scheel;;76;219;1999-5-1;Lakewood;OH;The United States;;;0
1799;-1;-1;Drew;O'Connor;;75;192;1998-6-9;Wayne;NJ;The United States;;;0
1800;-1;-1;Sam;Stange;;73;214;2001-4-20;Eau Claire;WI;The United States;;;0
1801;-1;-1;Shane;Pinto;;74;209;2000-11-12;Franklin Square;NY;The United States;;;0
1802;37;37;Mike;Koster;;69;190;2001-4-13;Chaska;MN;The United States;;;0
1803;-1;-1;Ryan;Johnson;;72;170;2001-7-24;Irvine;CA;The United States;;;0
1804;153;152;Bobby;Brink;;70;189;2001-7-8;Minnetonka;MN;Canada;;;0
1805;-1;-1;Jake;Boltmann;;73;194;2001-10-19;Edina;MN;The United States;;;0
1806;-1;-1;Nick;Capone;;74;222;2001-12-17;East Haven;CT;The United States;;;0
1807;-1;-1;Aaron;Huglen;;72;192;2001-3-6;Roseau;MN;The United States;;;0
1808;10;10;Dylan;Holloway;;73;213;2001-9-23;Calgary;AB;Canada;;;0
1809;-1;-1;Ilya;Usau;;73;183;2001-8-3;Minsk;MIN;Belarus;;;0
1810;-1;-1;Ben;Meehan;;72;179;2001-4-20;Walpole;MA;The United States;;;0
1811;-1;-1;Harrison;Blaisdell;;71;181;2001-3-18;Regina;SK;Canada;;;0
1812;37;37;Lukas;Svejkovsky;;70;198;2001-11-23;Blaine;WA;The United States;Czech Republic;;0
1813;54;10;Rhett;Pitlick;;70;183;2001-2-7;Chaska;MN;The United States;;;0
1814;-1;-1;Josh;Lopina;;74;211;2001-2-16;Minooka;IL;The United States;;;0
1815;-1;-1;Ethan;Haider;;74;219;2001-9-4;Maple Grove;MN;The United States;;;0
1816;24;24;Brendan;Brisson;;72;209;2001-10-22;Marina del Rey;CA;The United States;Canada;;0
1817;29;29;Jackson;Lacombe;;74;219;2001-1-9;Eden Prairie;MN;The United States;;;0
1818;34;2;Jack;Finley;;78;228;2002-9-2;Kelowna;BC;Canada;;;0
1819;41;7;Luke;Prokop;;77;237;2002-5-6;Edmonton;AB;Canada;;;0
1820;155;154;Ridly;Greig;;72;195;2002-8-8;Lethbridge;AB;Canada;;;0
1821;17;17;Seth;Jarvis;;71;190;2002-2-1;Winnipeg;MB;Canada;;;0
1822;125;124;Josh;Pillar;;72;196;2002-2-14;Warman;SK;Canada;;;0
1823;2;2;Daemon;Hunt;;74;220;2002-5-15;Brandon;MB;Canada;;;0
1824;-1;-1;Ronan;Seeley;;73;192;2002-8-2;Olds;AB;Canada;;;0
1825;-1;-1;Garin;Bjorklund;;74;191;2002-5-28;Calgary;AB;Canada;;;0
1826;10;10;Vincent;Iorio;;75;227;2002-11-14;Coquitlam;BC;Canada;;;0
1827;48;14;Ryder;Korczak;;71;197;2002-9-23;Yorkton;SK;Canada;;;0
1828;24;24;Sebastian;Cossa;;78;240;2002-11-21;Fort McMurray;AB;Canada;;;0
1829;-1;-1;Ethan;Bowen;;74;198;2002-5-14;Chilliwack;BC;Canada;;;0
1830;-1;-1;Ty;Smilanic;;73;197;2002-1-20;Denver;CO;The United States;;;0
1831;155;155;Talyn;Boyko;;80;227;2002-11-16;Drumheller;AB;Canada;;;0
1832;24;24;Jake;Sanderson;;74;201;2002-7-8;Whitefish;MT;The United States;Canada;;0
1833;23;23;Cross;Hanas;;73;202;2002-1-5;Highland Village;TX;The United States;Canada;;0
1834;-1;-1;Tyson;Kozak;;72;209;2002-12-29;Souris;MB;Canada;;;0
1835;123;31;Gage;Alexander;;78;238;2002-7-2;Okotoks;AB;Canada;;;0
1836;-1;-1;Michael;Benning;;70;184;2002-1-5;St. Albert;AB;Canada;;;0
1837;-1;-1;Ethan;Edwards;;72;208;2002-6-6;St. Albert;AB;Canada;;;0
1838;-1;-1;Jalen;Luypen;;70;190;2002-6-28;Kelowna;BC;Canada;;;0
1839;34;2;Josh;Doan;;73;194;2002-2-1;Scottsdale;AZ;The United States;Canada;;0
1840;55;55;Cameron;Berg;;72;208;2002-1-29;White Bear Lake;MN;The United States;;;0
1841;14;14;Carter;Savoie;;70;196;2002-1-23;St. Albert;AB;Canada;;;0
1842;0;0;Kent;Johnson;;74;213;2002-10-18;North Vancouver;BC;Canada;;;0
1843;37;27;Tyler;Kleven;;76;218;2002-1-10;Fargo;ND;The United States;;;0
1844;-1;-1;Chase;Yoder;;71;195;2002-5-28;Fairview;TX;The United States;;;0
1845;-1;-1;Max;Crozier;;74;194;2000-4-19;Calgary;AB;Canada;;;0
1846;153;152;Matthew;Rempe;;81;245;2002-6-29;Calgary;AB;Canada;;;0
1847;40;20;Cole;Jordan;;74;209;2002-9-21;Winnipeg;MB;Canada;;;0
1848;17;17;Roby;J‰rventie;;75;227;2002-8-8;Tampere;PIR;Finland;;;0
1849;-1;-1;Tuukka;Tieksola;;70;177;2001-6-22;Oulu;NOS;Finland;;;0
1850;-1;-1;Hank;Kempf;;74;197;2002-4-15;Wilmette;IL;The United States;;;0
1851;2;2;Matty;Beniers;;73;209;2002-11-5;Hingham;MA;The United States;;;0
1852;153;152;Drew;Commesso;;74;211;2002-7-19;Boston;MA;The United States;;;0
1853;27;27;Ian;Moore;;75;203;2002-1-4;Concord;MA;The United States;;;0
1854;54;10;Tanner;Dickinson;;72;193;2002-3-5;Perrysburg;OH;The United States;;;0
1855;-1;-1;Kienan;Draper;;73;217;2002-2-19;Detroit;MI;Canada;The United States;;0
1856;-1;-1;Carter;Mazur;;72;193;2002-3-28;Detroit;MI;The United States;;;0
1857;-1;-1;Jacob;Truscott;;73;185;2002-4-12;Port Huron;MI;The United States;;;0
1858;59;1;Lukas;Cormier;;71;187;2002-3-27;Dieppe;NB;Canada;;;0
1859;124;124;Cole;Sillinger;;72;196;2003-5-16;Regina;SK;Canada;;;0
1860;40;40;Carson;Bantle;;76;197;2002-1-22;Onalaska;WI;The United States;;;0
1861;34;2;Wyatt;Kaiser;;72;195;2002-7-31;Ham Lake;MN;The United States;;;0
1862;-1;-1;Daniel;Laatsch;;78;209;2002-2-13;Altoona;WI;The United States;;;0
1863;-1;-1;Joe;Miller;;70;189;2002-9-15;Minneapolis;MN;The United States;;;0
1864;33;12;Ethan;Cardwell;;71;201;2002-8-30;Courtice;ON;Canada;The United States;;0
1865;28;28;Jamie;Drysdale;;71;200;2002-4-8;Toronto;ON;Canada;;;0
1866;30;30;Scott;Morrow;;74;220;2002-11-1;Darien;CT;The United States;;;0
1867;23;23;Hendrix;Lapierre;;72;202;2002-2-9;Gatineau;QC;Canada;;;0
1868;154;154;Tyson;Foerster;;74;204;2002-1-18;Alliston;ON;Canada;;;0
1869;-1;-1;Ryan;O'Rourke;;73;186;2002-5-16;Pickering;ON;Canada;;;0
1870;-1;-1;Tyler;Tullio;;71;196;2002-4-5;Lakeshore;ON;Canada;The United States;;0
1871;-1;-1;Ryan;Tverberg;;72;209;2002-1-30;Toronto;ON;Canada;The United States;;0
1872;-1;-1;Declan;Carlile;;74;192;2000-5-18;Hampton;IA;The United States;Canada;;0
1873;-1;-1;Logan;Neaton;;76;229;1999-4-7;Toledo;OH;The United States;;;0
1874;123;31;Matthew;Knies;;75;212;2002-10-17;Phoenix;AZ;The United States;Slovakia;;0
1875;-1;-1;William;Dufour;;76;213;2002-1-28;Quebec City;QC;Canada;;;0
1876;-1;-1;Dominic;Basse;;78;204;2001-4-22;Alexandria;VA;The United States;;;0
1877;31;31;Mavrik;Bourque;;71;193;2002-1-8;Plessisville;QC;Canada;;;0
1878;-1;-1;Lucas;Mercuri;;75;212;2002-3-7;Montreal;QC;Canada;;;0
1879;45;28;Ethan;Phillips;;69;190;2001-5-7;Edmonton;AB;Canada;;;0
1880;-1;-1;Jake;Schmaltz;;73;187;2001-4-24;Oklahoma City;OK;The United States;;;0
1881;125;124;Jordan;Spence;;70;173;2001-2-24;Sydney;NSW;Canada;Japan;Australia;0
1882;45;28;Isaac;Belliveau;;76;228;2002-11-26;Magog;QC;Canada;;;0
1883;24;24;Xavier;Bourgault;;72;192;2002-10-22;Saint-Jean-Port-Joli;QC;Canada;;;0
1884;-1;-1;Andre;Lee;;77;209;2000-7-26;Gˆteborg;V‰S;Sweden;The United States;;0
1885;-1;-1;Trevor;Janicke;;70;200;2000-12-25;Maple Grove;MN;The United States;;;0
1886;32;23;Gunnarwolfe;Fontaine;;68;187;2000-9-16;East Greenwich;RI;The United States;;;0
1887;62;31;Antonio;Stranges;;71;202;2002-2-5;Plymouth Township;MI;The United States;;;0
1888;-1;-1;William;Francis;;77;227;2000-11-16;Orland;CA;The United States;;;0
1889;-1;-1;Noah;Ellis;;75;205;2002-2-1;Urbandale;IA;The United States;;;0
1890;-1;-1;Sam;Colangelo;;74;220;2001-12-26;Stoneham;MA;The United States;;;0
1891;59;59;Donovan;Sebrango;;73;194;2002-1-12;Kingston;ON;Canada;Cuba;;0
1892;-1;-1;Colby;Ambrosio;;71;202;2002-8-7;Welland;ON;Canada;;;0
1893;36;3;Tristan;Lennox;;77;222;2002-10-21;Mississauga;ON;Canada;;;0
1894;-1;-1;William;Villeneuve;;75;203;2002-3-20;Sherbrooke;QC;Canada;;;0
1895;-1;-1;Manix;Landry;;71;204;2002-11-23;Salt Lake City;UT;Canada;The United States;Switzerland;0
1896;125;124;Colton;Dach;;76;219;2003-1-4;Fort Saskatchewan;AB;Canada;;;0
1897;-1;-1;Joe;Vrbetic;;78;216;2002-10-24;Alexandria;ON;Canada;;;0
1898;-1;-1;Declan;McDonnell;;71;204;2002-2-25;Lakeview;NY;The United States;;;0
1899;-1;-1;Kyle;Aucoin;;72;178;2002-7-2;Ottawa;ON;Canada;The United States;;0
1900;23;23;Jacob;Perreault;;71;202;2002-4-15;Montreal;QC;Canada;The United States;;0
1901;33;29;William;Trudeau;;72;209;2002-10-11;Varennes;QC;Canada;;;0
1902;10;10;Matthew;Coronato;;70;196;2002-11-14;New York;NY;The United States;;;0
1903;-1;-1;Alex;Jefferies;;72;208;2001-11-8;Lunenburg;MA;The United States;;;0
1904;32;23;Tristan;Broz;;73;216;2002-10-10;Bloomington;MN;The United States;;;0
1905;153;152;Mackie;Samoskevich;Mackie;71;202;2002-11-15;Waterbury;CT;The United States;;;0
1906;34;2;Jayden;Grubbe;;75;229;2003-1-12;Calgary;AB;Canada;;;0
1907;-1;-1;L;C;;74;210;2003-1-8;Edmonton;AB;Canada;;;0
1908;32;23;Kyle;Masters;;72;188;2003-4-9;Edmonton;AB;Canada;;;0
1909;154;154;Corson;Ceulemans;;75;212;2003-5-5;Beaumont;AB;Canada;;;0
1910;57;12;Zack;Ostapchuk;;76;206;2003-5-29;St. Albert;AB;Canada;;;0
1911;125;124;Dylan;Guenther;;75;198;2003-4-10;Edmonton;AB;Canada;;;0
1912;27;27;Olen;Zellweger;;71;182;2003-9-10;Fort Saskatchewan;AB;Canada;;;0
1913;-1;-1;Jake;Chiasson;;74;200;2003-5-25;Abbotsford;BC;Canada;;;0
1914;32;23;Carson;Latimer;;73;196;2003-1-10;Surrey;BC;Canada;;;0
1915;31;31;Bryce;Montgomery;;77;239;2002-11-12;Bowie;MD;The United States;;;0
1916;152;152;Nolan;Allan;;74;204;2003-4-28;Davidson;SK;Canada;;;0
1917;41;41;Conner;Roulette;;71;207;2003-5-13;Winnipeg;MB;Canada;;;0
1918;-1;-1;R;M;;75;211;2003-9-9;Swift Current;SK;Canada;;;0
1919;34;2;Chase;Clark;;79;247;2002-4-8;Williamsville;NY;The United States;Canada;;0
1920;-1;-1;Blake;Biondi;;72;202;2002-4-24;Hermantown;MN;The United States;;;0
1921;32;23;Dru;Krebs;;72;201;2003-2-16;Okotoks;AB;Canada;;;0
1922;37;27;Mason;Lohrei;;76;207;2001-1-17;Verona;WI;The United States;;;0
1923;-1;-1;Artem;Shlaine;;73;197;2002-3-7;Moscow;MOS;Russia;The United States;;0
1924;154;154;Ben;Roger;;76;209;2002-11-3;Brighton;ON;Canada;;;0
1925;40;20;Jack;Bar;;75;217;2002-10-24;Newmarket;ON;Canada;;;0
1926;0;0;Coby;Bryant;;77;197;2002-2-26;Peterborough;ON;Canada;;;0
1927;154;154;Luke;Evangelista;;71;200;2002-2-21;Oakville;ON;Canada;;;0
1928;-1;-1;Matteo;Costantini;;72;186;2002-8-16;St. Catharines;ON;Canada;;;0
1929;-1;-1;Rory;Kerins;;71;202;2002-4-23;Bolton;ON;Canada;;;0
1930;24;24;Chaz;Lucius;;72;198;2003-5-2;Grant;MN;The United States;;;0
1931;-1;-1;Aidan;Hreschuk;;71;204;2003-2-19;Long Beach;CA;The United States;;;0
1932;43;43;Ty;Murchison;;74;199;2003-2-2;Corona;CA;The United States;;;0
1933;37;37;Brent;Johnson;;71;189;2003-3-20;Dallas;TX;The United States;;;0
1934;34;2;Daniil;Chayka;;76;209;2002-10-22;Moscow;MOS;Russia;Canada;;0
1935;-1;-1;Jean-Luc;Foudy;;71;198;2002-5-13;Saguenay;QC;Canada;;;0
1936;125;124;Will;Cuylle;;76;219;2002-2-5;Toronto;ON;Canada;;;0
1937;50;26;Zayde;Wisdom;;70;201;2002-7-7;Toronto;ON;Canada;;;0
1938;60;60;Caedan;Bankier;;74;197;2003-1-26;Surrey;BC;Canada;;;0
1939;-1;-1;Jackson;Kunz;;78;223;2002-8-13;Grand Forks;ND;The United States;;;0
1940;-1;-1;Riley;Duran;;73;193;2002-1-25;Woburn;MA;The United States;;;0
1941;-1;-1;J;S;;71;187;2002-7-6;St. Cloud;MN;The United States;;;0
1942;54;10;Tyson;Galloway;;77;218;2003-1-20;Kamloops;BC;Canada;;;0
1943;62;19;Ethan;Samson;;75;226;2003-8-23;Delta;BC;Canada;;;0
1944;7;7;Ayrton;Martino;;72;195;2002-9-28;Toronto;ON;Canada;;;0
1945;-1;-1;Kyle;Kukkonen;;71;196;2002-1-1;Maple Grove;MN;The United States;;;0
1946;-1;-1;Mason;Langenbrunner;;76;206;2002-9-14;Moose Lake;MN;The United States;;;0
1947;-1;-1;Joaquim;Lemay;;74;204;2002-7-28;Quebec City;QC;Canada;;;0
1948;33;12;Juuso;P‰rssinen;;74;205;2001-2-1;H‰meenlinna;KAN;Finland;;;0
1949;-1;-1;Ryder;Donovan;;75;213;2000-10-4;Duluth;MN;The United States;;;0
1950;34;2;Liam;Gilmartin;;74;221;2003-1-7;Falls Church;VA;The United States;;;0
1951;62;62;F;A;;73;214;2003-6-13;Toronto;ON;Canada;;;0
1952;-1;-1;Connor;Lockhart;;69;180;2003-1-21;Ottawa;ON;Canada;;;0
1953;55;9;Nikita;Chibrikov;;71;200;2003-2-16;Moscow;MOS;Russia;;;0
1954;10;10;Sasha;Pastujov;;73;212;2003-7-15;Bradenton;FL;The United States;Russia;;0
1955;38;38;Isaiah;Saville;;73;215;2000-9-21;Anchorage;AK;The United States;;;0
1956;-1;-1;Alexander;Gordin;;73;211;2001-7-31;St. Petersburg;SAI;Russia;;;0
1957;-1;-1;Karl;Henriksson;;70;183;2001-2-5;Malmˆ;SKÂ;Sweden;;;0
1958;33;29;Anton;Olsson;;73;215;2003-1-26;Helsingborg;SKÂ;Sweden;;;0
1959;48;14;Dick;Gamble Jr.;;74;221;2001-10-6;Farnham;QC;Canada;;;0
1961;54;10;Josh;Dunne;;76;209;1998-12-8;O'Fallon;MO;The United States;;;0
1963;-1;-1;Tyce;Thompson;;73;191;1999-7-12;Oyster Bay;NY;The United States;Canada;;0
1964;-1;-1;Cooper;Zech;;70;165;1998-12-18;Applewood;CO;The United States;;;0
1968;-1;-1;Matt;Kiersted;;72;181;1998-4-14;Elk River;MN;The United States;;;0
1976;29;29;Alexander;Campbell;;71;203;2001-2-27;Saguenay;QC;Canada;;;0
1977;55;9;Carter;Berger;;72;210;1999-9-17;Halifax;NS;Canada;;;0
1978;-1;-1;Max;Wanner;;75;204;2003-3-12;Estevan;SK;Canada;;;0
1979;-1;-1;Taylor;Makar;;75;215;2001-3-13;Calgary;AB;Canada;;;0
1980;-1;-1;Carter;Gylander;;77;219;2001-6-5;Beaumont;AB;Canada;;;0
1981;55;9;Artyom;Grushnikov;;75;191;2003-3-20;Yegoryyevsk;MOS;Russia;;;0
1982;48;14;Matvei;Petrov;;74;197;2003-3-12;Gus-Khrustalnyy;VLA;Russia;;;0
1983;124;124;Samu;Tuomaala;;71;201;2003-1-8;Oulu;NOS;Finland;;;0
1984;-1;-1;Samu;Salminen;;75;205;2003-4-9;Helsinki;UUS;Finland;;;0
1985;-1;-1;Aleksi;Malinen;;72;196;2003-5-26;Tuusula;UUS;Finland;;;0
1986;-1;-1;Jack;Matier;;77;205;2003-4-8;Sault Ste. Marie;ON;Canada;;;0
1987;-1;-1;Philippe;Daoust;;72;182;2001-11-5;Barrie;ON;Canada;;;0
1988;-1;-1;Nick;Abruzzese;;70;181;1999-6-4;Middletown;NY;The United States;;;0
1989;-1;-1;Brett;Berard;;70;198;2002-9-9;East Greenwich;RI;The United States;;;0
1990;33;29;Ronnie;Attard;;76;237;1999-3-20;Elizabeth;NJ;The United States;;;0
1991;-1;-1;McKade;Webster;;70;185;2000-7-28;St. Louis;MO;The United States;;;0
1992;-1;-1;Aidan;McDonough;;74;208;1999-11-6;Brooklyn;NY;The United States;;;0
1993;-1;-1;Jack;Malone;;73;205;2000-10-13;Falmouth;MA;The United States;;;0
1994;-1;-1;Zac;Jones;;70;183;2000-10-18;Glen Allen;VA;The United States;;;0
1995;-1;-1;Bryce;Brodzinski;;72;216;2000-8-9;Horn Lake;MS;The United States;;;0
1996;-1;-1;Landon;Slaggert;;73;194;2002-6-25;South Bend;IN;The United States;;;0
1997;47;47;Eamon;Powell;;71;189;2002-5-10;Marcellus;NY;The United States;;;0
1998;-1;-1;Connor;Kelley;;73;190;2002-1-30;Maple Grove;MN;The United States;;;0
1999;2;2;Brock;Faber;;72;197;2002-8-22;Maple Grove;MN;The United States;;;0
2000;-1;-1;Helge;Grans;;75;208;2002-5-10;Ljungby;KRO;Sweden;;;0
2001;-1;-1;Daniel;Ljungman;;72;184;2002-4-3;Uppsala;UPP;Sweden;;;0
2002;-1;-1;Pavel;Nov·k;;70;190;2002-4-16;Tabor;JIH;Czech Republic;;;0
2003;29;29;Brennan;Othmann;;73;192;2003-1-5;Pickering;ON;Canada;Switzerland;;0
2004;-1;-1;Bennett;MacArthur;;73;213;2001-1-30;Summerside;PE;Canada;;;0
2005;3;3;Mason;McTavish;;74;222;2003-1-30;Ottawa;ON;Canada;Switzerland;;0
2008;-1;-1;Marc;Del Gaizo;;70;181;1999-10-11;Brooklyn;NY;The United States;;;0
2013;24;24;Shakir;Mukhamadullin;;76;204;2002-1-10;Ufa;BAS;Russia;;;0
2014;19;19;Lukas;Reichel;;73;184;2002-5-17;Nuremberg;BAV;Germany;;;0
2015;62;19;Luca;M¸nzenberger;;74;216;2002-11-24;D¸sseldorf;NOR;Germany;;;0
2016;155;155;Braden;Doyle;;71;183;2001-8-24;Lynnfield;MA;The United States;;;0
2017;12;12;Luke;Hughes;;74;214;2003-9-9;Manchester;NH;The United States;;;0
2018;32;23;Bear;Hughes;;74;192;2001-5-30;Post Falls;ID;The United States;;;0
2019;23;23;Ville;Ottavainen;;76;215;2002-8-12;Oulu;NOS;Finland;;;0
2020;31;31;Wyatt;Johnston;;73;203;2003-5-14;Toronto;ON;Canada;;;0
2021;34;2;Benjamin;Gaudreau;;74;213;2003-1-11;North Bay;ON;Canada;;;0
2022;123;31;Ryan;Winterton;;75;194;2003-9-4;Whitby;ON;Canada;;;0
2023;-1;-1;Jon-Randall;Avon;;72;174;2003-7-4;Selwyn;ON;Canada;;;0
2024;56;21;Ethan;Del Mastro;;77;229;2003-1-15;Toronto;ON;Canada;;;0
2025;55;9;Francesco;Pinelli;;73;209;2003-4-11;Hamilton;ON;Canada;;;0
2026;47;0;Brett;Harrison;;74;215;2003-6-7;London;ON;Canada;;;0
2027;-1;-1;J;H;;75;209;2003-7-4;Alliston;ON;Canada;;;0
2028;-1;-1;A;G;;75;217;2003-5-17;Moscow;MOS;Russia;Canada;;0
2029;-1;-1;Chase;Stillman;;73;186;2003-3-19;St. Louis;MO;Canada;The United States;;0
2030;-1;-1;Braeden;Kressler;;69;168;2003-1-5;Strathroy;ON;Canada;;;0
2031;34;2;Joshua;Bloom;;77;201;2003-6-8;Oakville;ON;Canada;;;0
2032;44;30;Jack;Beck;;71;192;2003-4-12;Toronto;ON;Canada;;;0
2033;10;10;Logan;Mailloux;;76;231;2003-4-15;Lakeshore;ON;Canada;;;0
2034;123;31;Max;McCue;;73;213;2003-2-10;Sudbury;ON;Canada;;;0
2035;29;29;Roman;Schmidt;;78;232;2003-2-27;Midland;MI;The United States;Canada;;0
2036;-1;-1;Pasquale;Zito;;74;180;2003-6-1;Ottawa;ON;Canada;;;0
2037;-1;-1;Chandler;Romeo;;78;206;2003-7-16;Puslinch;ON;Canada;;;0
2038;53;53;Justin;Ertel;;75;200;2003-5-27;Mississauga;ON;Canada;;;0
2039;-1;-1;B;H;;76;211;2003-5-21;Manchester;NH;Canada;The United States;;0
2040;155;154;Ty;Voit;;72;208;2003-6-10;Pittsburgh;PA;The United States;;;0
2041;54;10;Red;Savage;;72;202;2003-5-15;Northville;MI;The United States;Canada;;0
2042;-1;-1;Ty;Gallagher;;73;204;2003-3-6;Clarkston;MI;The United States;;;0
2043;44;30;Sean;Behrens;;70;196;2003-3-31;Barrington;IL;The United States;;;0
2044;54;10;Tyler;Boucher;;73;218;2003-1-16;Haddonfield;NJ;The United States;;;0
2045;30;30;Ryan;Mast;;76;233;2003-1-14;Bloomfield Township;MI;The United States;;;0
2046;-1;-1;Robert;Flinton;;74;206;2003-8-16;Auburn;NH;The United States;;;0
2047;-1;-1;Justin;Robidas;;71;193;2003-3-13;Moncton;NB;Canada;The United States;;0
2048;21;21;Zach;Dean;;72;208;2003-1-4;Mount Pearl;NL;Canada;;;0
2049;34;2;Olivier;Nadeau;;75;219;2003-1-15;Lac-Etchemin;QC;Canada;;;0
2050;48;14;Evan;Nause;;75;198;2003-1-20;Montreal;QC;Canada;;;0
2051;-1;-1;Guillaume;Richard;;74;201;2003-2-10;Portneuf;QC;Canada;;;0
2052;27;27;Riley;Kidney;;73;204;2003-3-25;Enfield;NS;Canada;;;0
2053;21;21;Zachary;Bolduc;;74;213;2003-2-24;BÈcancour;QC;Canada;;;0
2054;62;12;Jacob;Melanson;;72;212;2003-4-22;Amherst;NS;Canada;;;0
2055;-1;-1;Cole;Huckins;;77;226;2003-5-14;Fredericton;NB;Canada;The United States;;0
2056;57;12;Oscar;Plandowski;;72;207;2003-5-18;Halifax;NS;Canada;;;0
2057;-1;-1;Tyson;Hinds;;75;206;2003-3-12;Gatineau;QC;Canada;;;0
2058;123;31;Robert;Orr;;74;195;2003-9-1;Beaconsfield;QC;Canada;;;0
2059;-1;-1;Ben;Boyd;;75;215;2003-8-23;Dartmouth;NS;Canada;;;0
2060;-1;-1;J;M;;72;199;2003-5-31;Kirkland;QC;Canada;;;0
2061;-1;-1;Taige;Harding;;79;241;2002-1-3;Irvine;SCO;Canada;Scotland;;0
2062;26;26;Devon;Levi;;72;210;2001-12-27;Dollard-des-Ormeaux;QC;Canada;;;0
2063;-1;-1;Alex;Laferriere;;72;183;2001-10-28;Chatham;NJ;The United States;;;0
2064;-1;-1;Ryan;Ufko;;71;201;2003-5-7;Smithtown;NY;The United States;;;0
2065;123;31;Jakub;Brabenec;;72;186;2003-9-11;Brno;JHM;Czech Republic;;;0
2066;34;2;Dmitri;Kuzmin;;71;202;2003-4-23;Grodno;GRO;Belarus;;;0
2067;62;19;Alex;Gagne;;75;228;2002-8-12;Bedford;NH;The United States;;;0
2068;44;30;Shai;Buium;;76;228;2003-3-26;San Diego;CA;The United States;;;0
2069;-1;-1;John;Fusco;;71;187;2001-6-13;Westwood;MA;The United States;;;0
2070;57;12;Jack;Peart;;73;213;2003-5-15;Grand Rapids;MN;The United States;;;0
2071;-1;-1;Sam;Lipkin;;74;206;2003-1-3;Lafayette Hill;PA;The United States;;;0
2072;50;50;Andre;Gasseau;;76;219;2003-7-3;Los Angeles;CA;The United States;Canada;;0
2073;59;1;Jackson;Blake;;70;187;2003-8-3;Eden Prairie;MN;The United States;;;0
2074;-1;-1;Brody;Lamb;;74;210;2003-8-30;Kasson;MN;The United States;;;0
2075;124;124;Jakub;Dobes;;76;208;2001-5-27;HavÌrov;MOR;Czech Republic;;;0
2076;-1;-1;Arseni;Sergeyev;;77;225;2002-12-16;Yaroslavl;YAR;Russia;;;0
2077;41;41;Topias;VilÈn;;75;204;2003-4-1;Lahti;PAH;Finland;;;0
2078;23;23;Viljami;Marjala;;73;214;2003-1-29;Oulu;NOS;Finland;;;0
2079;36;3;Oliver;T‰rnstrˆm;;73;198;2002-8-30;Stockholm;STO;Sweden;;;0
2080;-1;-1;Viktor;Persson;;74;192;2001-11-7;G‰vle;G‰V;Sweden;;;0
2081;-1;-1;Alexander;Ljungkrantz;;73;193;2002-2-27;G‰vle;G‰V;Sweden;;;0
2082;-1;-1;Hugo;Ollas;;80;247;2002-4-24;Linkˆping;÷ST;Sweden;;;0
2083;125;125;Hugo;Gabrielsson;;73;206;2002-10-24;Gˆteborg;V‰S;Sweden;;;0
2084;-1;-1;Joel;Nystrˆm;;72;188;2002-5-14;Karlstad;V‰R;Sweden;;;0
2085;33;33;Emil;Heineman;;73;194;2001-11-16;Leksand;DAL;Sweden;;;0
2086;-1;-1;Nils;≈man;;74;179;2000-2-7;Avesta;DAL;Sweden;;;0
2087;-1;-1;Jeremias;Lindewall;;74;202;2002-1-2;SollefteÂ;V‰S;Sweden;;;0
2088;-1;-1;Filip;Barklund;;73;182;2002-8-29;Stockholm;STO;Sweden;;;0
2089;50;50;Justin;Janicke;;72;194;2003-6-30;Maple Grove;MN;The United States;;;0
2090;154;154;Prokhor;Poltapov;;72;208;2003-2-1;St. Petersburg;SAI;Russia;;;0
2091;27;27;Fedor;Svechkov;;73;206;2003-4-5;Togliatti;SAM;Russia;;;0
2092;7;7;Brian;Zanetti;;75;227;2003-3-15;Hinwil;ZH;Switzerland;;;0
2093;-1;-1;Elliot;Ekefj‰rd;;77;238;2002-1-25;Stockholm;STO;Sweden;;;0
2094;41;7;Jakub;Demek;;76;220;2003-6-6;Kosice;KOS;Slovakia;;;0
2095;-1;-1;Ilya;Rashidullin;;70;187;2000-10-7;Moscow;MOS;Russia;;;0
2096;-1;-1;Gleb;Nikitin;;73;197;2001-3-20;Nizhnekamsk;TAT;Russia;;;0
2097;-1;-1;Kirill;Tankov;;74;212;2002-3-26;Yurga;KEM;Russia;;;0
2098;-1;-1;Maxim;Kolmykov;;71;191;1999-8-25;Penza;PEN;Russia;;;0
2099;-1;-1;Nikolai;Makarov;;77;239;2003-1-12;Perm;PER;Russia;;;0
2100;-1;-1;Ignat;Korotkikh;;74;202;2002-6-22;Vanino;KHA;Russia;;;0
2101;-1;-1;Nikita;Guslistov;;70;193;2002-5-30;Khokhlovo;VOL;Russia;;;0
2102;56;21;Dmitri;Rashevsky;;73;192;2000-10-9;St. Petersburg;SAI;Russia;;;0
2103;40;20;Vladislav;Lukashevich;;75;200;2003-5-23;Magadan;MAG;Russia;;;0
2104;-1;-1;Vyacheslav;Peksa;;74;213;2002-8-27;Magnitogorsk;CHE;Russia;;;0
2105;-1;-1;Semyon;Vyazovoy;;75;207;2003-2-26;Ufa;BAS;Russia;;;0
2106;54;10;Ivan;Vorobyov;;72;195;2002-3-11;Surgut;SAM;Russia;;;0
2107;-1;-1;Daniil;Sobolev;;73;215;2003-3-3;St. Petersburg;SAI;Russia;;;0
2108;-1;-1;Artyom;Nazarkin;;71;201;2002-4-3;Chita;ZAB;Russia;;;0
2109;43;17;Alexander;Kisakov;;70;187;2002-11-1;Solikamsk;PER;Russia;;;0
2110;-1;-1;Michael;Krutil;;76;221;2002-6-3;Prague;PRA;Czech Republic;;;0
2111;33;33;Danila;Klimovich;;74;218;2003-1-9;Pinsk;BRE;Belarus;;;0
2112;59;1;Theo;Jacobsson;;71;204;2003-4-6;÷rnskˆldsvik;V‰S;Sweden;;;0
2113;-1;-1;Nikita;Novikov;;76;210;2003-7-25;Moscow;MOS;Russia;;;0
2114;-1;-1;Aatu;J‰msen;;74;201;2002-7-22;Lahti;PAH;Finland;;;0
2115;56;21;Philip;Svedeb‰ck;;75;209;2002-5-28;M‰rsta;STO;Sweden;;;0
2116;-1;-1;Leevi;Meril‰inen;;75;230;2002-8-13;Oulu;NOS;Finland;;;0
2117;62;19;William;Strˆmgren;;75;198;2003-6-7;÷rnskˆldsvik;V‰S;Sweden;;;0
2118;-1;-1;William;von Barnekow;L¯fberg;74;168;2002-11-12;Malmˆ;SKÂ;Sweden;;;0
2119;-1;-1;Jonathan;Myrenberg;;74;208;2003-4-11;T‰by;STO;Sweden;;;0
2120;53;53;Viktor;Hurtig;;78;219;2002-4-28;Enkˆping;UPP;Sweden;;;0
2121;-1;-1;Owen;McLaughlin;;72;192;2003-3-25;Spring City;PA;The United States;;;0
2122;-1;-1;Aku;Koskenvuo;;76;219;2003-2-26;Espoo;UUS;Finland;;;0
2123;8;8;Patrik;Hamrla;;76;212;2003-5-21;ZlÌn;ZLN;Czech Republic;;;0
2124;37;37;Albert;Sjˆberg;;72;188;2003-3-19;Stockholm;STO;Sweden;;;0
2125;38;38;Jaroslav;Chmelar;;77;237;2003-7-20;Liberec;LIB;Czech Republic;;;0
2126;123;31;Aleksi;Heimosalmi;;72;175;2003-5-8;Pori;SAT;Finland;;;0
2127;59;1;Kirill;Gerasimyuk;;75;193;2003-8-22;St. Petersburg;SAI;Russia;;;0
2128;32;23;Oliver;Kapanen;;72;210;2003-7-29;TimrÂ;V‰S;Finland;;;0
2129;-1;-1;Nate;Benoit;;72;191;2002-11-26;Bow;NH;The United States;;;0
2130;-1;-1;Anson;Thornton;;77;229;2003-6-28;Oshawa;ON;Canada;Jamaica;;0
2131;-1;-1;Timofei;Spitserov;;72;201;2002-3-26;St. Petersburg;SAI;Russia;The United States;;0
2132;-1;-1;Jackson;Hallum;;72;196;2002-9-8;Eagan;MN;The United States;;;0
2133;-1;-1;Cal;Thomas;;73;188;2003-5-8;Maple Grove;MN;The United States;;;0
2134;60;18;Shane;Lachance;;77;198;2003-8-30;Andover;MA;The United States;;;0
2136;45;28;Stiven;Sardaryan;;73;209;2003-2-7;St. Petersburg;SAI;Russia;;;0
2137;-1;-1;Fyodor;Filin;;72;189;2004-3-15;Moscow;MOS;Russia;;;0
2138;-1;-1;Timofei;Korolyov;;72;207;2003-7-20;Yegoryyevsk;MOS;Russia;;;0
2145;-1;-1;Clayton;Phillips;;72;200;1999-9-9;Edina;MN;The United States;;;0
2156;-1;-1;Kirill;Tyutyayev;;70;183;2000-8-8;Kaliningrad;KAL;Russia;;;0
2202;-1;-1;Bobby;Lynch;;74;199;1998-6-16;Grand Blanc;MI;The United States;;;0
2203;-1;-1;FÈlix;Robert;;68;165;1999-7-24;Lac-MÈgantic;QC;Canada;;;0
2204;-1;-1;Filip;EngarÂs;;72;198;1999-5-16;Stockholm;STO;Sweden;;;0
2215;-1;-1;Christopher;Merisier-Ortiz;;71;172;2001-1-17;Boisbriand;QC;Canada;;;0
2216;-1;-1;D.J.;Busdeker;;70;188;1999-9-25;Dexter;MI;The United States;;;0
2217;-1;-1;Philip;Lagunov;;72;187;1998-11-22;Hamilton;ON;Canada;Russia;;0
2259;-1;-1;Vincent;Marleau;;74;190;1999-7-5;Ch‚teauguay;QC;Canada;;;0
2261;-1;-1;Darien;Kielb;;75;181;1999-3-18;Hamilton;ON;Canada;;;0
2262;-1;-1;D;H;;76;190;2001-3-26;Farmington;MN;The United States;;;0
2334;-1;-1;Drake;Rymsha;;72;199;1998-8-6;Huntington Woods;MI;Canada;The United States;;0
2335;-1;-1;Travis;Barron;;73;205;1998-8-17;Caledon;ON;Canada;;;0
2348;-1;-1;Greg;Meireles;;70;198;1999-1-1;Ottawa;ON;Canada;;;0
2349;-1;-1;Ivan;Lodnia;Vanya;71;203;1999-8-31;Novi;MI;The United States;Belarus;Ukraine;0
2350;-1;-1;Corey;Andonovski;;73;194;1999-3-26;Uxbridge;ON;Canada;;;0
2351;-1;-1;Kyle;MacLean;;73;190;1999-4-29;New York;NY;The United States;Canada;;0
2357;-1;-1;Cole;Fonstad;;70;173;2000-4-24;Estevan;SK;Canada;;;0
2358;-1;-1;Ryan;Chyzowski;;73;191;2000-5-14;Kamloops;BC;Canada;;;0
2359;-1;-1;Chase;Wouters;;72;194;2000-2-8;North Battleford;SK;Canada;;;0
2360;-1;-1;Tristen;Nielsen;;70;196;2000-2-23;Fort St. John;BC;Canada;;;0
2361;-1;-1;Brett;Kemp;;72;184;2000-3-23;Yorkton;SK;Canada;;;0
2362;-1;-1;Cole;Clayton;;74;209;2000-2-29;Strathmore;AB;Canada;;;0
2363;-1;-1;Montana;Onyebuchi;;75;220;2000-3-8;Dugald;MB;Canada;;;0
2364;-1;-1;Alex;Kannok-Leipert;;72;194;2000-7-20;Regina;SK;Canada;;;0
2365;-1;-1;Dino;Kambeitz;;74;212;2000-1-25;Parker;CO;The United States;;;0
2366;-1;-1;Justin;Nachbaur;;75;207;2000-4-3;Norway House;MB;Canada;;;0
2367;-1;-1;Nick;Cicek;;75;210;2000-5-29;Winnipeg;MB;Canada;Turkey;;0
2368;-1;-1;Brandon;Cutler;;74;205;2000-1-4;Spruce Grove;AB;Canada;;;0
2369;-1;-1;James;Hamblin;;69;176;1999-4-27;Edmonton;AB;Canada;;;0
2370;-1;-1;Max;Martin;;72;194;1999-7-25;Winnipeg;MB;Canada;;;0
2371;-1;-1;Matthew;Wedman;;76;207;1999-5-25;Edmonton;AB;Canada;;;0
2372;-1;-1;Kyle;Olson;;71;179;1999-3-22;Calgary;AB;Canada;;;0
2373;-1;-1;Brannon;McManus;;71;191;1999-7-5;Newport Beach;CA;The United States;;;0
2374;-1;-1;Reece;Harsch;;76;201;1999-1-7;Grande Prairie;AB;Canada;;;0
2375;-1;-1;Nate;Knoepke;;75;198;1999-4-8;Farmington;MN;The United States;;;0
2376;-1;-1;Kyle;Topping;;71;194;1999-11-18;Saltspring Island;BC;Canada;;;0
2382;-1;-1;Tristan;BÈrubÈ;;72;190;1999-5-22;La PocatiËre;QC;Canada;;;0
2383;-1;-1;Mike;Callahan;;74;196;1999-9-23;Franklin;MA;The United States;;;0
2386;-1;-1;Nicolas;Guay;;72;185;1999-6-18;Sherbrooke;QC;Canada;;;0
2388;-1;-1;CÈdric;ParÈ;;76;212;1999-1-24;LÈvis;QC;Canada;;;0
2389;-1;-1;Keith;Petruzzelli;;77;224;1999-2-9;Wilbraham;MA;The United States;;;0
2390;-1;-1;Alex-Olivier;Voyer;;74;192;1999-4-10;Sherbrooke;QC;Canada;;;0
2391;-1;-1;Krystof;Hrabik;;76;216;1999-9-24;Prague;PRA;Czech Republic;;;0
2395;-1;-1;Xavier;Bernard;;75;205;2000-1-6;Mercier;QC;Canada;;;0
2396;-1;-1;Xavier;Bouchard;;76;190;2000-2-28;Trois-RiviËres;QC;Canada;;;0
2397;-1;-1;Justin;Ducharme;;72;190;2000-2-22;Mirabel;QC;Canada;;;0
2398;-1;-1;Shawn;Element;;72;195;2000-4-23;Victoriaville;QC;Canada;;;0
2403;-1;-1;Graham;McPhee;;72;174;1998-7-24;Bethesda;MD;The United States;Canada;;0
2408;-1;-1;Patrick;Giles;;77;231;2000-1-3;Chevy Chase;MD;The United States;;;0
2409;-1;-1;Carter;Robertson;;74;201;2000-1-15;Brampton;ON;Canada;;;0
2410;-1;-1;Thomas;Caron;;74;216;2000-8-29;Candiac;QC;Canada;;;0
2411;-1;-1;Nathan;Larose;;73;194;2000-9-24;Mirabel;QC;Canada;;;0
2412;-1;-1;Zach;Uens;;73;194;2001-5-13;Belleville;ON;Canada;;;0
2413;2;2;Brandon;Kruse;;69;179;1999-3-26;Dearborn;MI;The United States;;;0
2414;-1;-1;Roman;Ahcan;;69;174;1999-3-24;Savage;MN;The United States;;;0
2415;-1;-1;Declan;Carlile;;74;192;2000-5-18;Hampton;IA;The United States;Canada;;0
2446;-1;-1;Artyom;Serikov;;73;208;2000-12-28;Dmitrov;MOS;Russia;;;0
2449;-1;-1;Jonas;Br¯ndberg;;76;199;2001-1-25;Aalborg;NOR;Denmark;;;0
2450;-1;-1;Briley;Wood;;74;192;2003-1-15;Rivers;MB;Canada;;;0
2451;62;31;Yegor;Sidorov;;74;185;2004-6-18;Vitebsk;VIT;Belarus;;;0
2452;-1;-1;Spencer;Welke;;73;215;2002-1-13;Yorkton;SK;Canada;;;0
2453;-1;-1;Maxim;Muranov;;77;202;2004-6-2;Moscow;MOS;Russia;;;0
2454;-1;-1;Alexei;Shanaurin;;72;207;2004-7-23;Chelyabinsk;CHE;Russia;;;0
2455;-1;-1;Carter;Stebbings;;71;189;2002-1-3;Saskatoon;SK;Canada;;;0
2456;-1;-1;Leon;Okonkwo Prada;;73;213;2003-7-7;Colchester;ENG;England;Sweden;;0
2457;-1;-1;Dylan;Wightman;;75;202;2003-2-3;Kelowna;BC;Canada;;;0
2458;-1;-1;Tarun;Fizer;;71;206;2001-3-1;Chestermere;AB;Canada;;;0
2459;-1;-1;Ronin;Geraghty;;74;219;2004-6-10;Burnaby;BC;Canada;;;0
2460;-1;-1;Max;Graham;;75;207;2004-5-21;Kelowna;BC;Canada;;;0
2461;-1;-1;Chad;Nychuk;;73;198;2001-3-6;Waywayseecappo First Nation;MB;Canada;;;0
2462;-1;-1;Connor;Ungar;;75;215;2002-1-12;Calgary;AB;Canada;;;0
2463;-1;-1;Taylor;Gauthier;;74;221;2001-2-15;Calgary;AB;Canada;;;0
2464;-1;-1;Brendan;Lee;;71;196;2002-2-5;Seattle;WA;The United States;;;0
2465;-1;-1;Atlee;Calvert;;72;207;2003-9-17;Moose Jaw;SK;Canada;;;0
2466;-1;-1;Bailey;Peach;;70;183;2001-3-8;Cole Harbour;NS;Canada;;;0
2467;-1;-1;C;MC;;68;161;2002-6-25;Wainwright;AB;Canada;;;0
2468;-1;-1;Kyle;Crnkovic;;70;181;2002-10-2;Chestermere;AB;Canada;;;0
2469;-1;-1;Zakhar;Polshakov;;72;199;2003-9-18;Minsk;MIN;Belarus;;;0
2470;-1;-1;Simon;Kubicek;;75;207;2001-12-19;Jindrichuv Hradec;JIH;Czech Republic;;;0
2471;-1;-1;Frantiöek;Form·nek;;73;210;2004-5-6;Chrudim;PAR;Czech Republic;;;0
2472;37;27;Marek;Alscher;;76;211;2004-4-7;Kladno;STR;Czech Republic;;;0
2473;-1;-1;Majid;Kaddoura;;75;209;2001-6-20;Chestermere;AB;Canada;;;0
2474;-1;-1;Tyson;Feist;;74;181;2001-1-14;Dawson Creek;BC;Canada;;;0
2475;-1;-1;Carter;Massier;;73;191;2001-5-6;Peace River;AB;Canada;;;0
2476;-1;-1;Ethan;Rowland;;71;207;2002-9-24;Calgary;AB;Canada;;;0
2477;-1;-1;Tanner;Brown;;73;210;2002-10-24;Kelowna;BC;Canada;;;0
2478;-1;-1;Tyrel;Bauer;;75;211;2002-3-23;Cochrane;AB;Canada;;;0
2479;-1;-1;Ty;Thorpe;;72;188;2002-1-27;Winnipeg;MB;Canada;;;0
2480;-1;-1;Alex;Bolshakov;;74;194;2002-4-21;Seattle;WA;The United States;;;0
2481;-1;-1;Luke;Bateman;;78;230;2002-9-19;Kamloops;BC;Canada;;;0
2482;-1;-1;Ben;Zloty;;72;182;2002-2-24;Calgary;AB;Canada;;;0
2483;-1;-1;Robbie;Fromm-Delorme;;74;195;2002-3-2;Richmond;BC;Canada;;;0
2484;-1;-1;Riley;Ginnell;;76;205;2002-10-9;Calgary;AB;Canada;;;0
2485;-1;-1;Tikhon;Chayka;;73;202;2003-8-26;Grodno;GRO;Belarus;;;0
2486;-1;-1;Chase;Leslie;;73;203;2002-8-23;Camrose;AB;Canada;;;0
2487;-1;-1;Jonny;Hooker;;74;193;2001-10-3;Winnipeg;MB;Canada;;;0
2488;-1;-1;Hunter;Campbell;;74;201;2001-1-27;Everett;WA;The United States;;;0
2489;-1;-1;Mark;Liwiski;;73;194;2001-8-8;Dauphin;MB;Canada;;;0
2490;-1;-1;Reece;Vitelli;;71;176;2001-7-5;Winnipeg;MB;Canada;;;0
2491;-1;-1;Quinn;Schmiemann;;74;204;2001-7-27;Wilcox;SK;Canada;;;0
2492;-1;-1;Henry;Rybinski;;73;195;2001-6-26;Vancouver;BC;Canada;;;0
2493;-1;-1;Clay;Hanus;;70;176;2001-3-25;Minnetonka;MN;The United States;;;0
2494;-1;-1;G;L;;74;202;2003-8-20;Edmonton;AB;Canada;;;0
2495;-1;-1;Daniel;Baker;;76;205;2001-5-15;Edmonton;AB;Canada;;;0
2496;-1;-1;Chase;Wheatcroft;;74;176;2002-5-28;Calgary;AB;Canada;;;0
2497;-1;-1;Yegor;Klavdiyev;;72;201;2003-7-2;Zhlobin;GOM;Belarus;;;0
2498;-1;-1;A;B;;72;186;2001-1-9;Surrey;BC;Canada;;;0
2499;37;37;Jesper;Vikman;;75;219;2002-3-11;Stockholm;STO;Sweden;Finland;;0
2500;130;14;Viliam;Kmec;;75;198;2004-1-2;Kosice;KOS;Slovakia;;;0
2501;-1;-1;Logan;Doust;;72;172;2001-4-27;North Vancouver;BC;Canada;;;0
2502;-1;-1;Connor;Horning;;75;219;2001-5-11;Kelowna;BC;Canada;;;0
2503;-1;-1;Alessandro;Segafredo;;73;192;2004-9-15;Asiago;VEN;Italy;South Africa;Switzerland;0
2504;-1;-1;Anton;Astashevich;;72;209;2004-3-27;Minsk;MIN;Belarus;;;0
2505;-1;-1;Keanu;Derungs;;74;195;2002-4-27;Chur;GR;Switzerland;;;0
2506;-1;-1;Nolan;Maier;;72;211;2001-1-10;Yorkton;SK;Canada;;;0
2507;-1;-1;Jonny;Lambos;;70;178;2001-1-14;Winnipeg;MB;Canada;;;0
2508;-1;-1;Blake;Allan;;74;192;2001-4-21;Humboldt;SK;Canada;;;0
2509;-1;-1;Nolan;Orzeck;;71;170;2001-2-20;Calgary;AB;Canada;;;0
2510;-1;-1;Kade;Nolan;;73;181;2001-4-15;Wilcox;SK;Canada;;;0
2511;-1;-1;Alex;Cotton;;74;190;2001-5-12;Langley;BC;Canada;;;0
2512;-1;-1;Ryan;Gottfried;;76;227;2001-8-21;Winnipeg;MB;Canada;;;0
2513;-1;-1;Ethan;Kruger;;73;205;2001-9-27;Sherwood Park;AB;Canada;;;0
2514;-1;-1;Isaac;Poulter;;74;201;2001-9-12;Winnipeg;MB;Canada;;;0
2515;-1;-1;Cole;Nagy;;78;235;2001-8-13;Saskatoon;SK;Canada;;;0
2516;-1;-1;Connor;Bowie;;75;217;2001-4-10;Fort St. John;BC;Canada;;;0
2517;-1;-1;Corson;Hopwo;;71;200;2001-5-11;Victoria;BC;Canada;;;0
2518;-1;-1;Justin;Hall;;73;210;2001-3-27;Edmonton;AB;Canada;;;0
2519;-1;-1;Evan;Patrician;;75;202;2001-4-14;Calgary;AB;Canada;;;0
2520;-1;-1;Neithan;Salame;;73;185;2001-1-1;Edmonton;AB;Canada;;;0
2521;-1;-1;Rayan;Bettahar;;74;203;2004-2-22;Nowy Targ;MAL;Germany;Poland;;0
2522;-1;-1;Adam;Hall;;74;214;2001-3-27;Edmonton;AB;Canada;;;0
2523;-1;-1;Jaydon;Dureau;;71;184;2001-1-20;White City;SK;Canada;;;0
2524;-1;-1;Cale;Sanders;;72;207;2002-8-21;Claresholm;AB;Canada;;;0
2525;-1;-1;R;E;;72;193;2001-12-13;Calgary;AB;Canada;;;0
2526;3;3;Connor;Bedard;;72;209;2005-7-17;North Vancouver;BC;Canada;;;0
2527;19;19;Matthew;Savoie;;71;205;2004-1-1;St. Albert;AB;Canada;;;0
2528;-1;-1;S;T;;72;193;2003-4-11;Whitecourt;AB;Canada;;;0
2529;-1;-1;Remy;Aquilon;;73;179;2001-3-5;Kelowna;BC;Canada;;;0
2530;-1;-1;Marcus;Almquist;KjÊr;71;187;2003-9-13;R¯dovre;COP;Denmark;;;0
2531;-1;-1;Christoffer;Sedoff;;73;194;2002-2-20;Helsinki;UUS;Finland;;;0
2532;-1;-1;N;H;;74;209;2003-6-26;Helsinki;UUS;Finland;;;0
2533;-1;-1;Marko;Stacha;;74;206;2002-3-21;Ilava;TRE;Slovakia;;;0
2534;-1;-1;Zack;Stringer;;73;170;2003-4-10;Lethbridge;AB;Canada;;;0
2535;40;20;Eric;Alarie;;73;208;2003-1-27;Winnipeg;MB;Canada;;;0
2536;-1;-1;Chase;Pauls;;76;226;2003-10-7;Warman;SK;Canada;;;0
2537;-1;-1;Adam;Kydd;;72;187;2002-4-19;Regina;SK;Canada;;;0
2538;-1;-1;Teague;Patton;;71;179;2003-12-15;Kelowna;BC;Canada;;;0
2539;-1;-1;Aidan;Sutter;;73;172;2002-10-27;Kamloops;BC;Canada;;;0
2540;-1;-1;Carson;Golder;;73;199;2002-10-29;Terrace;BC;Canada;;;0
2541;-1;-1;Aiden;Reeves;;75;204;2002-7-25;Prince George;BC;Canada;;;0
2542;-1;-1;Mason;Ward;;77;214;2002-5-12;Lloydminster;AB;Canada;;;0
2543;-1;-1;Logan;Barlage;;77;210;2001-1-12;Humboldt;SK;Canada;;;0
2544;-1;-1;Josh;Williams;;73;215;2001-3-8;Langley;BC;Canada;;;0
2545;-1;-1;Luke;Toporowski;;71;206;2001-4-12;Bettendorf;IA;The United States;Canada;;0
2546;-1;-1;RÛbert;Baco;;75;221;2003-2-5;Kosice;KOS;Slovakia;Czech Republic;;0
2547;-1;-1;Maximilian;Streule;;71;191;2003-10-28;Zurich;ZH;Switzerland;;;0
2548;-1;-1;Liekit;Reichle;;73;200;2003-1-23;Zurich;ZH;Switzerland;Thailand;;0
2549;-1;-1;Carter;Souch;;70;179;2001-10-28;Edmonton;AB;Canada;;;0
2550;-1;-1;Liam;Keeler;;74;185;2001-1-16;Edmonton;AB;Canada;;;0
2551;-1;-1;Cael;Zimmerman;;71;189;2001-1-8;Humboldt;SK;Canada;;;0
2552;-1;-1;Jackson;van de Leest;;79;241;2001-6-15;Kelowna;BC;Canada;;;0
2553;-1;-1;Jakin;Smallwood;;73;189;2001-1-21;Leduc;AB;Canada;;;0
2554;-1;-1;Rhett;Rhinehart;;76;223;2001-11-27;Lloydminster;AB;Canada;;;0
2555;-1;-1;Cole;Muir;;75;205;2001-2-14;Russell;MB;Canada;;;0
2556;-1;-1;Logan;Nijhoff;;72;201;2001-6-23;Comox;BC;Canada;;;0
2557;-1;-1;Jake;Lee;;74;197;2001-7-13;Sherwood Park;AB;Canada;;;0
2558;-1;-1;Eric;Van Impe;;75;194;2001-10-21;Calgary;AB;Canada;;;0
2559;-1;-1;Carter;Chorney;;72;207;2001-2-6;Sherwood Park;AB;Canada;;;0
2560;-1;-1;M;R;;75;218;2003-3-6;Prerov;OLO;Czech Republic;;;0
2561;-1;-1;Blake;Stevenson;;72;190;2001-1-12;Calgary;AB;Canada;;;0
2562;-1;-1;L;S;;70;170;2001-11-23;Blaine;WA;The United States;Czech Republic;;0
2563;-1;-1;Alex;Swetlikoff;;75;191;2001-7-6;Kelowna;BC;Canada;;;0
2564;-1;-1;Aidan;De La Gorgendiere;;73;183;2002-2-22;Langley;BC;Canada;;;0
2565;53;8;Joel;Sexsmith;;73;202;2002-4-13;Edmonton;AB;Canada;;;0
2566;-1;-1;Kaden;Kohle;;76;231;2002-1-14;Humboldt;SK;Canada;;;0
2567;-1;-1;Ben;King;;75;201;2002-5-15;Vernon;BC;Canada;;;0
2568;-1;-1;J;P;;71;172;2002-2-14;Warman;SK;Canada;;;0
2569;-1;-1;Noah;Boyko;;73;214;2002-8-29;Redwater;AB;Canada;;;0
2570;-1;-1;Payton;Mount;;70;198;2002-1-19;Victoria;BC;Canada;;;0
2571;-1;-1;Garin;Bjorklund;;74;218;2002-5-28;Calgary;AB;Canada;;;0
2572;-1;-1;Anson;McMaster;;78;219;2002-7-14;Calgary;AB;Canada;;;0
2573;-1;-1;Logan;Dowhaniuk;;71;201;2002-7-20;Sherwood Park;AB;Canada;;;0
2574;-1;-1;Campbell;Arnold;;72;208;2002-1-2;Nanaimo;BC;Canada;;;0
2575;-1;-1;R;K;;71;172;2002-9-23;Yorkton;SK;Canada;;;0
2576;-1;-1;Dallon;Melin;;76;222;2002-3-26;Camrose;AB;Canada;;;0
2577;-1;-1;Cole;Shepard;;70;186;2002-1-2;West Vancouver;BC;Canada;;;0
2578;-1;-1;Tom;Cadieux;;73;194;2002-9-11;Saskatoon;SK;Canada;;;0
2579;-1;-1;Koen;MacInnes;;74;222;2002-1-13;Burnaby;BC;Canada;;;0
2580;-1;-1;Bryan;Thomson;;77;211;2002-4-9;Moose Jaw;SK;Canada;;;0
2581;-1;-1;Jakob;Brook;;75;210;2002-3-15;Roblin;MB;Canada;;;0
2582;-1;-1;Kurtis;Smythe;;72;195;2002-5-3;Surrey;BC;Canada;;;0
2583;-1;-1;Jackson;Berezowski;;70;199;2002-12-2;Yorkton;SK;Canada;;;0
2584;-1;-1;Raphael;Pelletier;;71;188;2002-3-20;St. Albert;AB;Canada;;;0
2585;-1;-1;T;B;;80;214;2002-11-16;Drumheller;AB;Canada;;;0
2586;-1;-1;Nolan;Ritchie;;70;196;2002-5-27;Brandon;MB;Canada;;;0
2587;-1;-1;Peyton;McKenzie;;72;186;2002-4-25;Sherwood Park;AB;Canada;;;0
2588;-1;-1;Evan;Herman;;70;163;2002-3-22;Winnipeg;MB;Canada;;;0
2589;-1;-1;Tyler;Horstmann;;72;182;2002-1-7;Richmond;BC;Canada;;;0
2590;-1;-1;Cole;Carrier;;71;185;2002-7-3;Strathcona;AB;Canada;;;0
2591;-1;-1;Will;Gurski;;75;225;2002-10-23;Duncan;BC;Canada;;;0
2592;-1;-1;Dylan;Anderson;;71;199;2002-10-23;Langley;BC;Canada;;;0
2593;-1;-1;Drew;Englot;;76;214;2002-11-26;Wolseley;SK;Canada;;;0
2594;-1;-1;C;H;;73;181;2002-1-5;Highland Village;TX;The United States;Canada;;0
2595;-1;-1;Cole;Dubinsky;;71;203;2002-12-4;Penticton;BC;Canada;;;0
2596;-1;-1;Trevor;Thurston;;75;198;2002-5-11;Delta;BC;Canada;;;0
2597;-1;-1;Jarod;Newell;;74;200;2002-2-4;Wainwright;AB;Canada;;;0
2598;-1;-1;Noah;Danielson;;70;179;2002-6-29;Olds;AB;Canada;;;0
2599;-1;-1;Owen;Pederson;;75;205;2002-3-27;Stony Plain;AB;Canada;;;0
2600;-1;-1;Samuel;McGinley;;76;181;2002-12-3;Calgary;AB;Canada;;;0
2601;-1;-1;Brayden;Peters;;73;217;2002-5-22;Taber;AB;Canada;;;0
2602;-1;-1;Reese;Belton;;74;208;2002-4-9;Winnipeg;MB;Canada;;;0
2603;-1;-1;Dante;Giannuzzi;;73;214;2002-9-3;Winnipeg;MB;Canada;;;0
2604;-1;-1;Jace;Isley;;74;192;2002-7-14;Grande Prairie;AB;Canada;;;0
2605;-1;-1;Evan;Toth;;76;210;2002-6-13;Winnipeg;MB;Canada;;;0
2606;-1;-1;Sequoia;Swan;;70;185;2002-3-4;Winnipeg;MB;Canada;;;0
2607;-1;-1;Alex;Thacker;;71;186;2002-3-29;St. Albert;AB;Canada;;;0
2608;153;153;Tyson;Kozak;;72;187;2002-12-29;Souris;MB;Canada;;;0
2609;-1;-1;Jacob;Gendron;;72;181;2002-5-1;Prince George;BC;Canada;;;0
2610;-1;-1;Jake;Poole;;74;199;2002-6-24;St. Lazare;MB;Canada;;;0
2611;-1;-1;Landon;Roberts;;75;209;2002-5-27;Souris;MB;Canada;;;0
2612;-1;-1;G;A;;78;208;2002-7-2;Okotoks;AB;Canada;;;0
2613;-1;-1;Calder;Anderson;;72;177;2002-4-15;Brandon;MB;Canada;;;0
2614;-1;-1;Brendan;Kuny;;73;193;2002-3-1;Camrose;AB;Canada;;;0
2615;-1;-1;Hendrik;De Klerk;;72;204;2002-10-21;Swift Current;SK;Canada;;;0
2616;-1;-1;Jaxsen;Wiebe;;72;207;2002-5-16;Moose Jaw;SK;Canada;;;0
2617;-1;-1;Ethan;Brandwood;;73;190;2002-5-9;Victoria;BC;Canada;;;0
2618;-1;-1;Riley;Fiddler-Schultz;;72;208;2002-5-13;Edmonton;AB;Canada;;;0
2619;-1;-1;Mikey;Milne;;71;197;2002-9-21;Abbotsford;BC;Canada;;;0
2620;-1;-1;J;L;;72;175;2002-6-28;Kelowna;BC;Canada;;;0
2621;-1;-1;Jacob;Boucher;;68;174;2002-3-21;St. Albert;AB;Canada;;;0
2622;-1;-1;Josh;Paulhus;;70;193;2002-3-1;Saskatoon;SK;Canada;;;0
2623;-1;-1;Blake;Gustafson;;75;204;2002-5-21;Sherwood Park;AB;Canada;;;0
2624;-1;-1;Daylan;Kuefler;;74;192;2002-10-2;Stettler;AB;The United States;;;0
2625;-1;-1;Nick;Dorrington;;75;185;2002-2-1;Langley;BC;Canada;;;0
2626;-1;-1;Jett;Jones;;75;212;2002-8-27;Olds;AB;Canada;;;0
2627;-1;-1;Carl;Tetachuk;;72;182;2001-1-8;Lethbridge;AB;Canada;;;0
2628;-1;-1;Caleb;Willms;;71;179;2002-4-23;Cochrane;AB;Canada;;;0
2629;-1;-1;Jared;Davidson;;73;206;2002-7-7;Edmonton;AB;Canada;;;0
2630;-1;-1;C;J;;74;205;2002-9-21;Winnipeg;MB;Canada;;;0
2631;-1;-1;Blake;Heward;;72;179;2003-9-7;Regina;SK;Canada;;;0
2632;-1;-1;Turner;McMillen;;71;187;2003-1-30;Carnduff;SK;Canada;;;0
2633;-1;-1;Landon;Kosior;;71;202;2002-8-15;Regina;SK;Canada;;;0
2634;-1;-1;Jonah;Bevington;;75;198;2003-9-7;Yellowknife;NT;Canada;;;0
2635;-1;-1;Keegan;Slaney;;70;188;2003-4-10;Airdrie;AB;Canada;;;0
2636;-1;-1;Craig;Armstrong;;70;200;2003-6-5;Airdrie;AB;Canada;;;0
2637;-1;-1;J;G;;75;201;2003-1-12;Calgary;AB;Canada;;;0
2638;-1;-1;Owen;MacNeil;;73;198;2003-5-31;Calgary;AB;Canada;;;0
2639;-1;-1;Charlie;Wright;;74;204;2003-10-22;Olds;AB;Canada;;;0
2640;-1;-1;Tristan;Zandee;;76;227;2003-11-28;Chestermere;AB;Canada;;;0
2641;-1;-1;Caleb;Wyrostok;;72;192;2003-4-13;Medicine Hat;AB;Canada;;;0
2642;125;124;Lucas;Ciona;;74;222;2003-1-8;Edmonton;AB;Canada;;;0
2643;-1;-1;K;M;;72;176;2003-9-4;Edmonton;AB;Canada;;;0
2644;-1;-1;Josh;Hoekstra;;73;193;2003-2-19;Edmonton;AB;Canada;;;0
2645;-1;-1;Parker;Berge;;72;182;2003-1-13;Edmonton;AB;Canada;;;0
2646;-1;-1;Brett;Hyland;;72;188;2003-2-18;Edmonton;AB;Canada;;;0
2647;-1;-1;Josh;Medernach;;72;190;2003-2-2;Lloydminster;AB;Canada;;;0
2648;-1;-1;J;C;;74;182;2003-5-25;Abbotsford;BC;Canada;;;0
2649;-1;-1;C;L;;73;192;2003-1-10;Surrey;BC;Canada;;;0
2650;-1;-1;Tyson;Laventure;;75;185;2003-1-28;Lloydminster;AB;Canada;;;0
2651;-1;-1;Jackson;Desouza;;77;210;2003-3-21;Erie;CO;The United States;Canada;;0
2652;-1;-1;Sam;Popowich;;70;186;2003-5-21;Camrose;AB;Canada;;;0
2653;44;30;Drew;Sim;;74;220;2003-2-20;Lacombe;AB;Canada;;;0
2654;-1;-1;Logen;Hammett;;74;197;2003-4-3;Regina;SK;Canada;;;0
2655;-1;-1;Jacob;Hoffrogge;;73;165;2003-2-18;Saskatoon;SK;Canada;The United States;;0
2656;-1;-1;Jayden;Wiens;;72;175;2003-7-18;Carrot River;SK;Canada;;;0
2657;-1;-1;Dawson;Pasternak;;71;177;2003-4-6;Winnipeg;MB;Canada;;;0
2658;-1;-1;C;R;;71;184;2003-5-13;Winnipeg;MB;Canada;;;0
2659;-1;-1;Lucas;Brenton;;76;225;2003-4-23;Winnipeg;MB;Canada;;;0
2660;-1;-1;Skyler;Bruce;;71;186;2003-1-23;Winnipeg;MB;Canada;;;0
2661;-1;-1;Tayem;Gislason;;75;202;2003-4-6;Winnipeg;MB;Canada;;;0
2662;131;1;Hudson;Thornton;;71;204;2003-11-4;Winnipeg;MB;Canada;;;0
2663;-1;-1;Aidan;Litke;;73;209;2003-3-16;Winnipeg;MB;Canada;;;0
2664;43;17;Tyler;Brennan;;77;222;2003-9-27;Winnipeg;MB;Canada;;;0
2665;-1;-1;Braeden;Lewis;;71;190;2003-5-21;Virden;MB;Canada;;;0
2666;-1;-1;Daylan;Weigel;;72;189;2003-7-31;Warman;SK;Canada;;;0
2667;-1;-1;Joe;Arntsen;;74;205;2003-5-22;Swift Current;SK;Canada;;;0
2668;-1;-1;Ryan;McCleary;;74;189;2003-9-9;Swift Current;SK;Canada;;;0
2669;-1;-1;Wyatt;Wilson;;76;205;2003-10-11;Swift Current;SK;Canada;;;0
2670;-1;-1;Ashton;Ferster;;76;220;2003-5-17;Prince Albert;SK;Canada;;;0
2671;-1;-1;Gabe;Klassen;;71;188;2003-6-30;Prince Albert;SK;Canada;;;0
2672;-1;-1;Marek;Schneider;;74;209;2003-2-5;Prince Albert;SK;Canada;;;0
2673;-1;-1;Matthew;Hodson;;72;178;2003-7-8;Saskatoon;SK;Canada;;;0
2674;-1;-1;Adam;McNutt;;72;207;2003-5-7;Saskatoon;SK;Canada;;;0
2675;-1;-1;Logan;Bairos;;71;176;2003-1-11;Saskatoon;SK;Canada;;;0
2676;-1;-1;Karter;Prosofsky;;71;176;2003-9-20;Saskatoon;SK;Canada;;;0
2677;-1;-1;D;K;;73;182;2003-2-16;Okotoks;AB;Canada;;;0
2678;-1;-1;Blake;Eastman;;75;194;2003-5-5;Ardrossan;AB;Canada;;;0
2679;-1;-1;Jayden;Henderson;;74;205;2003-6-16;Sylvan Lake;AB;Canada;;;0
2680;-1;-1;Colby;Knight;;76;219;2003-1-2;Red Deer;AB;Canada;;;0
2681;-1;-1;Tyler;Palmer;;71;201;2003-6-27;Lethbridge;AB;Canada;;;0
2682;32;23;Kai;Uchacz;;75;206;2003-6-24;Calgary;AB;Canada;;;0
2683;-1;-1;Rhett;Parsons;;75;201;2003-8-10;Didsbury;AB;Canada;;;0
2684;-1;-1;Trey;Patterson;;74;210;2003-4-25;Calgary;AB;Canada;;;0
2685;125;124;Reid;Schaefer;;75;224;2003-9-21;Spruce Grove;AB;Canada;;;0
2686;-1;-1;Jake;Johnson;;73;186;2003-7-21;Scottsdale;AZ;The United States;;;0
2687;-1;-1;Ty;Nash;;72;184;2003-5-22;Scottsdale;AZ;The United States;Canada;;0
2688;-1;-1;Spencer;Shugrue;;70;182;2003-7-9;Vancouver;BC;The United States;Canada;;0
2689;10;10;Braden;Holt;;74;213;2003-7-30;Bozeman;MT;The United States;;;0
2690;-1;-1;Justin;Lies;;73;215;2003-11-24;Flin Flon;MB;Canada;;;0
2691;-1;-1;Easton;Armstrong;;75;207;2003-1-24;Anchorage;AK;The United States;;;0
2692;-1;-1;Sloan;Stanick;;75;185;2003-8-1;Minnedosa;MB;Canada;;;0
2693;-1;-1;Fischer;O'Brien;;74;202;2003-3-1;Prince George;BC;Canada;;;0
2694;-1;-1;Elias;Carmichael;;75;192;2003-3-18;Langley;BC;Canada;;;0
2695;-1;-1;Ty;Gibson;;71;192;2003-6-21;Victoria;BC;Canada;;;0
2696;-1;-1;C;B;;74;194;2003-1-26;Surrey;BC;Canada;;;0
2697;18;18;Matthew;Seminoff;;72;204;2003-12-27;Coquitlam;BC;Canada;;;0
2698;-1;-1;Jared;Picklyk;;74;196;2003-3-18;Kelowna;BC;Canada;;;0
2699;-1;-1;Thomas;Milic;;72;206;2003-4-14;Coquitlam;BC;Canada;;;0
2700;-1;-1;Keegan;Maddocks;;72;200;2003-4-14;Langley;BC;Canada;;;0
2701;-1;-1;Kobe;Verbicky;;71;189;2003-4-7;Victoria;BC;Canada;;;0
2702;-1;-1;Marcus;Taylor;;73;177;2003-4-29;Coquitlam;BC;Canada;;;0
2703;-1;-1;Nicco;Camazzola;;75;207;2003-3-18;Burnaby;BC;Canada;;;0
2704;-1;-1;Nolan;Bentham;;77;203;2003-6-12;Victoria;BC;Canada;;;0
2705;-1;-1;Zac;Funk;;73;201;2003-7-20;Vernon;BC;Canada;;;0
2706;-1;-1;T;G;;77;203;2003-1-20;Kamloops;BC;Canada;;;0
2707;-1;-1;E;S;;76;193;2003-8-23;Delta;BC;Canada;;;0
2708;-1;-1;Trevor;Wong;;71;193;2003-5-4;Vancouver;BC;Canada;;;0
2709;-1;-1;Kayden;Sadhra-Kang;;76;194;2003-5-25;Richmond;BC;Canada;;;0
2710;-1;-1;Mekai;Sanders;;71;184;2003-3-8;Gig Harbor;WA;The United States;;;0
2711;-1;-1;Noah;Dorey;;75;192;2003-1-21;Surrey;BC;Canada;;;0
2712;-1;-1;Steel;Quiring;;74;197;2003-1-15;Vernon;BC;Canada;;;0
2713;-1;-1;Logan;Linklater;;72;164;2003-3-24;Kindersley;SK;Canada;;;0
2714;-1;-1;Max;Wanner;;75;194;2003-3-12;Estevan;SK;Canada;;;0
2715;-1;-1;Keaton;Sorensen;;71;175;2002-1-26;Red Deer;AB;Canada;;;0
2716;-1;-1;P;N;;70;170;2002-4-16;Tabor;JIH;Czech Republic;;;0
2717;-1;-1;Michal;Gut;;71;203;2002-8-16;Kadan;UST;Czech Republic;;;0
2718;47;10;James;Stefan;;71;202;2003-8-9;Laguna Beach;CA;The United States;Czech Republic;;0
2719;-1;-1;Jack;O'Brien;;72;193;2003-5-14;Denver;CO;The United States;;;0
2720;58;58;Chase;Coward;;75;203;2003-1-1;Swift Current;SK;Canada;;;0
2721;-1;-1;Jacob;Wright;;71;178;2002-5-6;Langley;BC;Canada;;;0
2722;18;18;Conor;Geekie;;76;227;2004-5-5;Strathclair;MB;Canada;;;0
2723;60;18;Keaton;Dowhaniuk;;73;208;2004-2-8;Sherwood Park;AB;Canada;;;0
2724;152;152;Koehn;Ziemmer;;73;214;2004-12-8;Mayerthorpe;AB;Canada;;;0
2725;54;10;Nate;Danielson;;74;210;2004-9-27;Red Deer;AB;Canada;;;0
2726;47;47;Tyson;Zimmer;;72;203;2004-9-5;Russell;MB;Canada;;;0
2727;44;30;Mats;Lindgren;;75;211;2004-8-26;North Vancouver;BC;Canada;Sweden;;0
2728;58;58;Jordan;Gustafson;;73;199;2004-1-20;Ardrossan;AB;Canada;;;0
2729;-1;-1;Brandon;Lisowsky;;71;193;2004-4-13;Port Coquitlam;BC;Canada;;;0
2730;30;30;Kevin;Korchinski;;74;194;2004-6-21;Saskatoon;SK;Canada;;;0
2731;3;3;Denton;Mateychuk;;71;205;2004-7-12;Morris;MB;Canada;;;0
2732;-1;-1;Oasiz;Wiesblatt;;72;200;2004-4-8;Calgary;AB;Canada;;;0
2733;-1;-1;Grayden;Siepmann;;71;189;2004-5-26;Abbotsford;BC;Canada;;;0
2734;56;21;Mathew;Ward;;71;180;2004-1-24;Richmond;BC;Canada;;;0
2735;-1;-1;Ben;Thornton;;74;202;2004-2-2;Abbotsford;BC;Canada;;;0
2736;36;36;Rylen;Roersma;;73;206;2004-7-25;Lethbridge;AB;Canada;;;0
2737;60;60;Layton;Feist;;72;203;2004-1-26;Coldstream;BC;Canada;;;0
2738;-1;-1;Jason;Spizawka;;71;203;2004-1-16;Victoria;BC;Canada;;;0
2739;125;124;Connor;Levis;;74;207;2004-10-5;Vancouver;BC;Canada;;;0
2740;-1;-1;Niall;Crocker;;77;197;2004-7-31;Delta;BC;Canada;;;0
2741;-1;-1;Hunter;Mayo;;73;215;2004-5-7;Martensville;SK;Canada;;;0
2742;-1;-1;Hayden;Smith;;72;208;2004-7-16;Kamloops;BC;Canada;;;0
2743;-1;-1;Cayden;Glover;;74;212;2004-1-11;Brandon;MB;Canada;;;0
2744;-1;-1;Kyren;Gronick;;71;201;2004-2-27;Regina;SK;Canada;;;0
2745;-1;-1;Nolan;Flamand;;71;185;2004-1-12;Saskatoon;SK;Canada;;;0
2746;32;23;Dylan;Ernst;;74;221;2004-2-6;Weyburn;SK;Canada;;;0
2747;-1;-1;Zach;Turner;;75;210;2004-1-7;Boissevain;MB;Canada;;;0
2748;-1;-1;Kalem;Parker;;72;209;2004-10-12;Saskatoon;SK;Canada;;;0
2749;-1;-1;Brandon;Whynott;;74;202;2004-4-16;Langley;BC;Canada;;;0
2750;-1;-1;Jaren;Brinson;;74;198;2004-5-8;Airdrie;AB;Canada;;;0
2751;-1;-1;Brayden;Boehm;;71;181;2004-1-15;Nanaimo;BC;Canada;;;0
2752;139;19;Jace;Weir;;75;208;2004-5-21;Coldstream;BC;Canada;;;0
2753;-1;-1;Carter;Dereniwsky;;71;182;2004-2-27;Canora;SK;Canada;;;0
2754;-1;-1;Ross;Stanley;;73;188;2004-1-6;Edson;AB;Canada;;;0
2755;-1;-1;Gabe;Ludwig;;71;199;2004-2-29;Anchorage;AK;The United States;;;0
2756;1;1;Reid;Dyck;;76;233;2004-1-20;Winkler;MB;Canada;;;0
2757;-1;-1;Ethan;Chadwick;;73;212;2004-1-27;Saskatoon;SK;Canada;;;0
2758;-1;-1;Tanner;Scott;;72;209;2004-5-31;Sherwood Park;AB;Canada;;;0
2759;-1;-1;Ben;Hemmerling;;71;194;2004-4-21;Sherwood Park;AB;Canada;;;0
2760;-1;-1;Tye;Spencer;;73;179;2004-6-27;Saskatoon;SK;Canada;;;0
2761;-1;-1;Carter;Anderson;;71;201;2004-8-1;Thompson;MB;Canada;;;0
2762;-1;-1;Jesiah;Bennett;;73;195;2004-1-23;Winnipeg;MB;Canada;;;0
2763;-1;-1;Owen;Harris;;75;218;2004-12-26;Wawanesa;MB;Canada;;;0
2764;55;9;Josh;Davies;;71;203;2004-3-24;Airdrie;AB;Canada;;;0
2765;-1;-1;Ryan;Nolan;;72;196;2004-1-6;Calgary;AB;Canada;;;0
2766;19;19;Oren;Shtrom;;71;196;2004-9-28;Gilbert;AZ;The United States;;;0
2767;-1;-1;Kyle;Chyzowski;;71;157;2004-8-16;Surrey;BC;Canada;;;0
2768;-1;-1;Logan;McCutcheon;;70;166;2004-1-19;Saskatoon;SK;Canada;;;0
2769;-1;-1;Zane;Rowan;;72;200;2004-5-27;Torrance;CA;The United States;;;0
2770;126;124;Kolby;Hay;;77;224;2004-5-14;Abbotsford;BC;Canada;;;0
2771;-1;-1;Matthew;Kieper;;73;197;2004-3-8;Winnipeg;MB;Canada;;;0
2772;38;38;Austin;Roest;;71;201;2004-1-22;Coldstream;BC;Canada;;;0
2773;-1;-1;Braxton;Whitehead;;73;214;2004-6-9;Palmer;AK;The United States;;;0
2774;32;23;Josh;Filmon;;74;209;2004-5-6;Winnipeg;MB;Canada;;;0
2775;41;7;Brayden;Schuurman;;71;202;2004-2-22;Abbotsford;BC;Canada;;;0
2776;-1;-1;Carter;MacAdams;;75;198;2004-3-7;Langley;BC;Canada;;;0
2777;50;26;Fraser;Minten;;74;207;2004-7-5;Vancouver;BC;Canada;;;0
2778;-1;-1;Ethan;Buenaventura;;74;225;2004-6-22;Winnipeg;MB;Canada;;;0
2779;-1;-1;Billal;Noori;;72;192;2004-4-27;Edmonton;AB;Canada;;;0
2780;152;152;Jagger;Firkus;;71;201;2004-4-29;Irma;AB;Canada;;;0
2781;-1;-1;Ty;Hurley;;71;177;2004-6-16;Sherwood Park;AB;Canada;;;0
2782;-1;-1;Damian;Palmeri;;74;206;2004-2-11;Delta;BC;Canada;;;0
2783;-1;-1;Ben;Saunderson;;74;223;2004-9-26;Carberry;MB;Canada;;;0
2784;-1;-1;Justen;Maric;;75;220;2004-1-8;Edmonton;AB;Canada;;;0
2785;-1;-1;Colton;Langkow;;71;205;2004-2-16;Scottsdale;AZ;The United States;;;0
2786;-1;-1;Matthew;Ng;;69;184;2004-1-13;Cupertino;CA;The United States;;;0
2787;-1;-1;Mason;Finley;;74;165;2004-12-18;Kelowna;BC;Canada;;;0
2788;-1;-1;Carter;Briltz;;73;204;2004-9-24;Regina;SK;Canada;;;0
2789;-1;-1;Ryder;Thompson;;71;195;2004-6-18;Russell;MB;Canada;;;0
2790;-1;-1;Julian;Cull;;71;191;2004-2-6;Victoria;BC;Canada;;;0
2791;-1;-1;John;Babcock;;74;209;2004-4-25;North Vancouver;BC;Canada;;;0
2792;-1;-1;Karson;King;;74;203;2004-4-5;Grosse Isle;MB;Canada;;;0
2793;-1;-1;Lukas;Shipley;;72;187;2004-8-8;Powell River;BC;Canada;;;0
2794;-1;-1;Matthew;Sutter;;71;161;2004-10-15;Spruce Grove;AB;Canada;;;0
2795;-1;-1;Jari;Kykkanen;;76;224;2004-8-16;Lloydminster;AB;Canada;;;0
2796;-1;-1;Vaughn;Watterodt;;71;189;2004-2-13;West Kelowna;BC;Canada;;;0
2797;-1;-1;Nico;Myatovic;;75;217;2004-12-1;Prince George;BC;Canada;;;0
2798;-1;-1;Daniel;Hauser;;71;203;2004-1-29;Chestermere;AB;Canada;;;0
2799;-1;-1;Tyler;Mackenzie;;71;202;2004-6-6;Red Deer;AB;Canada;;;0
2800;-1;-1;Luke;Schelter;;75;194;2004-4-6;Centennial;CO;The United States;;;0
2801;-1;-1;Eric;Johnston;;73;183;2004-2-18;Regina;SK;Canada;;;0
2802;-1;-1;Brayden;Edwards;;74;210;2004-12-23;Abbotsford;BC;Canada;;;0
2803;-1;-1;Shea;Van Olm;;73;206;2004-3-5;Calgary;AB;Canada;;;0
2804;-1;-1;Connor;Hvidston;;73;189;2004-9-11;Tisdale;SK;Canada;;;0
2805;-1;-1;Ryan;Spizawka;;72;195;2004-1-16;Victoria;BC;Canada;;;0
2806;-1;-1;Hayden;Pakkala;;72;197;2004-1-28;High River;AB;Canada;;;0
2807;-1;-1;Dexter;Whittle;;71;186;2004-8-24;Virden;MB;Canada;;;0
2808;-1;-1;Owen;Boucher;;73;198;2004-2-15;Bonnyville;AB;Canada;;;0
2809;47;47;Ty;Young;;75;224;2004-9-11;Coaldale;AB;Canada;;;0
2810;-1;-1;Pavel;Bocharov;Pasha;73;187;2004-2-21;Escondido;CA;The United States;Russia;;0
2811;-1;-1;Jhett;Larson;;71;193;2004-2-3;Delisle;SK;Canada;;;0
2812;-1;-1;Josh;Mori;;71;177;2004-3-27;Richmond;BC;Canada;;;0
2813;-1;-1;Beau;Courtney;;71;192;2004-1-12;Parker;CO;The United States;;;0
2814;50;26;Owen;Pickering;;77;217;2004-1-27;St. Adolphe;MB;Canada;;;0
2815;-1;-1;Rilen;Kovacevic;;72;177;2004-8-2;Kelowna;BC;Canada;;;0
2816;-1;-1;Dallyn;Peekeekoot;;72;207;2004-7-16;Shellbrook;SK;Canada;;;0
2817;38;38;Marcus;Nguyen;;72;194;2004-8-2;Calgary;AB;Canada;;;0
2818;-1;-1;Thomas;Tien;;72;188;2004-6-25;Richmond;BC;Canada;;;0
2819;-1;-1;Evan;May;;71;192;2004-7-20;Nanaimo;BC;Canada;;;0
2820;-1;-1;Austin;Elliott;;74;218;2004-5-14;Strathmore;AB;Canada;;;0
2821;-1;-1;Max;Hildebrand;;75;228;2004-6-29;Martensville;SK;Canada;;;0
2822;-1;-1;Bogdans;Hodass;;76;225;2003-4-13;Jelgava;JEL;Latvia;;;0
2823;-1;-1;Riley;Gannon;;71;173;2002-8-25;Nanaimo;BC;Canada;;;0
2824;-1;-1;Viktor;Persson;;74;192;2001-11-7;G‰vle;G‰V;Sweden;;;0
2825;26;26;Riley;Heidt;;71;207;2005-3-25;Dundurn;SK;Canada;;;0
2826;154;154;Kalan;Lind;;74;218;2005-1-25;Shaunavon;SK;Canada;;;0
2827;9;9;Brayden;Yager;;75;207;2005-1-3;Dundurn;SK;Canada;;;0
2828;0;0;Ryker;Singer;;74;214;2005-1-1;Lloydminster;AB;Canada;;;0
2829;154;154;Tanner;Molendyk;;71;204;2005-2-3;Spruce Grove;AB;Canada;;;0
2830;-1;-1;T;B;;73;193;2005-1-1;Red Deer;AB;Canada;;;0
2831;134;21;Mazden;Leslie;;75;208;2005-4-15;Lloydminster;AB;Canada;;;0
2832;-1;-1;J;D;;76;198;2003-6-6;Kosice;KOS;Slovakia;;;0
2833;-1;-1;Gleb;Ivanov;;73;189;2003-2-6;Moscow;MOS;Russia;;;0
2834;-1;-1;Vladislav;Shilo;;75;196;2003-3-14;Minsk;MIN;Belarus;;;0
2835;-1;-1;Vincent;Lamanna;;74;187;2003-5-17;Pickering;ON;Canada;;;0
2836;32;23;Gabriel;Szturc;;72;204;2003-9-24;Cesk˝ TesÌn;MOR;Czech Republic;;;0
2837;148;30;Luca;Cagnoni;;72;195;2004-12-21;Burnaby;BC;Canada;;;0
2838;-1;-1;Jeremy;Hanzel;;73;203;2003-2-27;Coquitlam;BC;Canada;;;0
2839;-1;-1;Brendan;Hunchak;;74;175;2003-3-4;Kamloops;BC;Canada;;;0
2840;-1;-1;Dylan;Sydor;;71;170;2003-4-7;Kamloops;BC;Canada;The United States;;0
2841;55;9;Austin;Zemlak;;74;222;2005-2-26;Fort McMurray;AB;Canada;;;0
2842;155;154;Connor;Sturgeon;;77;239;2007-6-25;Moncton;NB;Canada;;;0
2843;20;20;Zach;Benson;;71;201;2005-5-12;Chilliwack;BC;Canada;;;0
2844;143;18;Brayden;Turley;;74;199;2006-8-8;Milton;ON;Canada;;;0
2845;156;156;Jackson;Unger;;73;210;2005-1-13;Calgary;AB;Canada;;;0
2846;9;9;Sam;Oremba;;73;210;2005-1-19;Regina;SK;Canada;;;0
2847;58;24;Jake;Stuart;;72;192;2007-1-8;Manhattan Beach;CA;The United States;;;0
2848;57;12;Lukas;Hansen;;71;205;2005-2-22;Winnipeg;MB;Canada;;;0
2849;-1;-1;Hayden;Wheddon;;72;201;2005-10-5;Stonewall;MB;Canada;;;0
2850;127;31;Zachary;Wheeler;;75;203;2007-1-16;Moncton;NB;Canada;;;0
2851;-1;-1;Nicholas;Johnson;;75;227;2005-1-20;Calgary;AB;Canada;;;0
2852;154;154;Carter;Yakemchuk;;77;219;2005-9-29;Calgary;AB;Canada;;;0
2853;142;23;Rhett;Ravndahl;;72;197;2005-2-15;Winnipeg;MB;Canada;;;0
2854;127;31;Quinn;Mantei;;74;198;2005-4-23;Weyburn;SK;Canada;;;0
2855;153;152;Reid;Andresen;;70;197;2005-4-29;Saskatoon;SK;Canada;;;0
2856;57;12;Anthony;Wilson;;72;205;2005-4-27;Swift Current;SK;Canada;;;0
2857;141;25;Bauer;Dumanski;;73;207;2005-1-5;Drake;SK;Canada;;;0
2858;130;14;Andrew;MacNiel;;77;219;2007-7-25;Cobourg;ON;Canada;;;0
2859;9;9;Andrew;Cristall;;71;203;2005-2-4;Burnaby;BC;Canada;;;0
2860;26;26;Caden;Price;;75;218;2005-8-24;Saskatoon;SK;Canada;;;0
2861;59;1;Ethan;Toms;;72;199;2006-1-19;Quinte West;ON;Canada;;;0
2862;37;37;Trae;Johnson;;73;217;2005-5-3;Martensville;SK;Canada;;;0
2863;-1;-1;Zach;Wilson;;71;200;2005-6-26;Wetaskiwin;AB;Canada;;;0
2864;36;36;Oliver;Tulk;;71;204;2005-1-19;Gibsons;BC;Canada;;;0
2865;139;19;Terrell;Goldsmith;;76;234;2005-5-13;Fort St. James;BC;Canada;;;0
2866;38;38;Caden;Brown;;72;209;2005-3-22;Fort St. John;BC;Canada;The United States;;0
2867;60;18;Ty;Halaburda;;72;208;2005-4-22;Victoria;BC;Canada;;;0
2868;156;156;Zach;Zahara;;76;233;2005-3-21;Airdrie;AB;Canada;;;0
2869;55;9;Dawson;Seitz;;74;214;2005-3-1;Medicine Hat;AB;Canada;;;0
2870;-1;-1;John;Szabo;;73;216;2005-5-24;Lethbridge;AB;Canada;;;0
2871;-1;-1;David;Adaszynski;;71;204;2005-5-25;Burnaby;BC;Canada;;;0
2872;142;23;Harrison;Lodewyk;;72;208;2005-3-1;Red Deer;AB;Canada;;;0
2873;55;9;Cole;Miller;;77;234;2005-2-4;Edmonton;AB;Canada;;;0
2874;58;24;Matteo;Fabrizi;;78;243;2005-3-23;St. Albert;AB;Canada;;;0
2875;48;14;Frankie;Marrelli;;72;210;2006-2-16;Markham;ON;Canada;;;0
2876;125;125;Misha;Volotovskii;;75;216;2005-6-23;Calgary;AB;Canada;;;0
2877;36;3;Ethan;Semeniuk;;71;203;2005-4-21;Fort St. John;BC;Canada;;;0
2878;-1;-1;Kyan;Grouette;;72;194;2005-1-7;Dauphin;MB;Canada;;;0
2879;146;0;Zach;Moore;;71;191;2006-6-7;Saskatoon;SK;Canada;;;0
2880;17;17;Tanner;Howe;;71;203;2005-11-28;Prince Albert;SK;Canada;;;0
2881;123;31;Brady;Birnie;;70;189;2005-9-7;Regina;SK;Canada;;;0
2882;43;17;Thomas;Zocco;;72;209;2006-6-15;New York;NY;The United States;;;0
2883;-1;-1;Joshua;Zakreski;;72;188;2005-12-17;Saskatoon;SK;Canada;;;0
2884;37;37;Emmitt;Finnie;;72;192;2005-6-27;Lethbridge;AB;Canada;;;0
2885;30;30;Carson;Wetsch;;75;227;2006-5-4;North Vancouver;BC;Canada;;;0
2886;56;21;Rylan;Gould;;71;198;2005-8-5;Headingley;MB;Canada;;;0
2887;129;27;Grayson;Burzynski;;78;239;2005-6-4;Iowa City;IA;Canada;The United States;;0
2888;37;37;Hayden;Chaloner;;73;207;2005-3-21;Winnipeg;MB;Canada;;;0
2889;-1;-1;Logan;Cunningham;;74;217;2005-2-11;Sherwood Park;AB;Canada;;;0
2890;-1;-1;Eric;Jamieson;;77;229;2005-7-15;Calgary;AB;Canada;;;0
2891;150;7;Cody;Polumbus;;71;185;2006-3-31;Whitefish;MT;The United States;;;0
2892;125;125;Matteo;Michels;;71;201;2005-6-29;Colleyville;TX;The United States;Canada;;0
2893;38;38;Reggie;Newman;;73;211;2005-6-8;Kamloops;BC;Canada;;;0
2894;-1;-1;Logan;Greenough;;71;169;2005-2-2;Calgary;AB;Canada;;;0
2895;53;53;Eastyn;Mannix;;75;230;2005-2-28;Wainwright;AB;Canada;;;0
2896;50;26;Scott;Ratzlaff;;74;220;2005-3-9;Irma;AB;Canada;;;0
2897;-1;-1;Ben;Wright;;75;206;2005-10-23;Cochrane;AB;Canada;;;0
2898;148;30;Daniel;D'Alessandro;;70;199;2006-1-28;Essex Fells;NJ;The United States;;;0
2899;47;0;Brendan;McMorrow;;72;211;2006-3-27;Lakeville;MN;Canada;;;0
2900;-1;-1;Alex;Worthington;;74;213;2005-5-2;Waldheim;SK;Canada;;;0
2901;-1;-1;Ryan;Hofer;;75;181;2002-5-10;Winnipeg;MB;Canada;;;0
2902;-1;-1;Ethan;Peters;;75;181;2003-4-22;Moose Jaw;SK;Canada;;;0
2903;-1;-1;Beckett;Langkow;;72;189;2003-8-19;Vegreville;AB;Canada;;;0
2904;-1;-1;Easton;Kovacs;;77;196;2004-11-29;Delta;BC;Canada;;;0
2905;-1;-1;Riley;Niven;;71;150;2003-3-19;Wawota;SK;Canada;;;0
2906;-1;-1;Evan;Friesen;;71;183;2004-8-24;Winnipeg;MB;Canada;;;0
2907;-1;-1;Carlin;Dezainde;;72;181;2004-12-29;Calgary;AB;Canada;;;0
2908;-1;-1;Scott;Cousins;;73;186;2004-1-6;Prince George;BC;Canada;;;0
2909;-1;-1;Jaden;Lipinski;;76;211;2004-12-2;Scottsdale;AZ;The United States;;;0
2910;-1;-1;Dawson;Cowan;;75;184;2005-9-28;Oro-Medonte;ON;Canada;;;0
2911;-1;-1;Nathan;MacPherson-Ridgewell;;72;170;2004-4-13;Oshawa;ON;Canada;;;0
2912;-1;-1;Anton;Yatsyshin;;72;188;2004-8-25;Kyiv;KYI;Ukraine;;;0
2913;-1;-1;Tate;Schofer;;72;159;2004-4-13;Regina;SK;Canada;;;0
2914;-1;-1;Borya;Valis;;74;181;2004-4-8;Denver;CO;The United States;;;0
2915;-1;-1;Caden;Zaplitny;;73;172;2004-8-23;Winnipeg;MB;Canada;;;0
2916;-1;-1;Matthew;Gallant;;71;175;2004-1-16;Langley;BC;Canada;;;0
2917;-1;-1;Braeden;Wynne;;74;190;2004-1-13;Coquitlam;BC;Canada;;;0
2918;-1;-1;Nathan;Pilling;;77;192;2004-6-22;Calgary;AB;Canada;;;0
2919;-1;-1;Igor;Zborovskiy;;74;167;2004-5-16;Moscow;MOS;Russia;;;0
2920;-1;-1;Steven;Arp;;75;194;2004-4-15;Swan River;MB;Canada;;;0
2921;155;155;Carson;Bjarnason;;76;220;2005-6-30;Carberry;MB;Canada;;;0
2922;-1;-1;Harrison;Meneghin;;76;212;2004-9-13;Leduc;AB;Canada;;;0
2923;-1;-1;Alex;Edwards;;76;190;2005-1-19;Grand Forks;BC;Canada;;;0
2924;-1;-1;Ethan;Moore;;73;150;2005-2-23;Okotoks;AB;Canada;;;0
2925;-1;-1;Kelton;Pyne;;73;204;2005-9-3;White City;SK;Canada;;;0
2926;45;45;Vsevolod;Gaidamak;;71;201;2003-4-9;Khabarovsk;KHA;Russia;;;0
2927;62;31;Ruslan;Gazizov;;71;204;2004-1-21;Novyy Urengoy;YAM;Russia;;;0
2928;43;43;Kirill;Kudryavtsev;;72;209;2004-2-5;Yaroslavl;YAR;Russia;;;0
2929;-1;-1;Andrei;Malyavin;;71;164;2004-1-30;Voronezh;VOR;Russia;;;0
2930;-1;-1;Sasha;Mutala;;72;208;2001-5-6;Vancouver;BC;Canada;;;0
2931;-1;-1;Gordie;O'Dwyer;;74;198;2002-12-19;London;ON;Canada;;;0
2932;-1;-1;Ty;Moffatt;;73;181;2004-5-13;Watford;ON;Canada;;;0
2933;-1;-1;Liam;Van Loon;;72;185;2001-8-17;London;ON;Canada;;;0
2934;-1;-1;A;C;;76;207;2003-6-6;Lviv;LVI;Ukraine;;;0
2935;-1;-1;Kirill;Steklov;;76;193;2002-3-30;Tallinn;HAR;Russia;Estonia;;0
2936;-1;-1;Tag;Bertuzzi;;73;220;2001-2-18;Vancouver;BC;The United States;Canada;;0
2937;-1;-1;Nicholas;Porco;;72;189;2001-3-12;Sault Ste. Marie;ON;Canada;;;0
2938;60;18;Valentin;Zhugin;;74;193;2004-12-13;Magnitogorsk;CHE;Russia;;;0
2939;-1;-1;Ryan;Stepien;;71;191;2001-9-19;Hamilton;ON;Canada;;;0
2940;-1;-1;Alex;Johnston;;72;189;2001-11-19;Ottawa;ON;Canada;;;0
2941;-1;-1;Jordan;Frasca;;74;183;2001-7-5;Caledon;ON;Canada;;;0
2942;-1;-1;Lucas;Edmonds;;71;190;2001-1-27;North Bay;ON;Sweden;Canada;;0
2943;-1;-1;Nikita;Tarasevich;;70;179;2003-2-9;Minsk;MIN;Belarus;;;0
2944;-1;-1;Serv·c;Petrovsk˝;;72;196;2004-8-10;Velk˝ Saris;PRE;Slovakia;;;0
2945;-1;-1;äimon;SlavÌcek;;72;192;2004-2-2;Prague;PRA;Czech Republic;;;0
2946;-1;-1;Petr;Moravec;;73;181;2003-2-24;Hradec KralovÈ;KRA;Czech Republic;;;0
2947;-1;-1;Mac;Gross;;74;199;2002-1-22;Swift Current;SK;Canada;;;0
2948;-1;-1;Nick;McCarry;;70;165;2001-6-21;Calgary;AB;Canada;;;0
2949;30;30;Adam;éidlicky;;74;220;2005-1-28;Nashville;TN;Czech Republic;The United States;;0
2950;17;17;Colby;Barlow;;73;209;2005-2-14;Toronto;ON;Canada;;;0
2951;123;31;Rodwin;Dionicio;;74;219;2004-3-30;Newark;NJ;Switzerland;The United States;;0
2952;-1;-1;Samuel;Huo;;77;216;2001-7-13;Richmond;BC;Canada;;;0
2953;-1;-1;Connor;Bouchard;;69;179;2001-3-14;Cochrane;AB;Canada;;;0
2954;57;12;Vinzenz;Rohrer;;72;184;2004-9-9;Feldkirch;VOR;Austria;Switzerland;;0
2955;-1;-1;Pavel;Cajan;;74;201;2002-10-13;Brno;JHM;Czech Republic;;;0
2956;-1;-1;Patrick;Thomas;;72;197;2004-8-21;Hamilton;ON;Canada;;;0
2957;-1;-1;Roman;Basran;;74;219;2001-7-26;Delta;BC;Canada;;;0
2958;-1;-1;Gerard;Keane;;71;189;2002-1-30;Homer Glen;IL;The United States;;;0
2959;23;23;Shane;Wright;;73;213;2004-1-5;Burlington;ON;Canada;;;0
2960;-1;-1;Kasper;Larsen;;78;243;2002-9-23;R¯dovre;COP;Denmark;;;0
2961;-1;-1;E;V;;72;168;2002-6-20;Toronto;ON;Canada;;;0
2962;-1;-1;Ty;Collins;;72;186;2002-6-11;Toronto;ON;Canada;;;0
2963;-1;-1;James;Hardie;;72;190;2002-1-18;Barrie;ON;Canada;;;0
2964;58;24;Maty·ö;äapovaliv;;76;217;2004-2-12;Kladno;STR;Czech Republic;;;0
2965;31;31;Tom·ö;Such·nek;;74;200;2003-4-30;Prerov;OLO;Czech Republic;;;0
2966;-1;-1;Dominik;Jendek;;73;203;2001-4-25;Bratislava;BRA;Slovakia;;;0
2967;-1;-1;Zach;Filak;;75;188;2004-1-21;Northville;MI;The United States;;;0
2968;-1;-1;Nathan;Staios;;70;179;2001-5-16;Oakville;ON;Canada;The United States;;0
2969;-1;-1;Brayden;Guy;;72;194;2001-3-3;Brampton;ON;Canada;;;0
2970;-1;-1;Ethan;Keppen;;74;221;2001-3-20;Whitby;ON;Canada;;;0
2971;-1;-1;Cody;Morgan;;71;191;2001-2-1;Vaughan;ON;Canada;;;0
2972;-1;-1;Grayson;Ladd;;74;188;2001-3-1;Chatham-Kent;ON;Canada;;;0
2973;-1;-1;Mitchell;Russell;;72;198;2001-3-6;Barrie;ON;Canada;;;0
2974;-1;-1;Emmett;Sproule;;71;172;2001-3-19;Collingwood;ON;Canada;;;0
2975;-1;-1;Aidan;Prueter;;71;196;2001-12-21;London;ON;Canada;;;0
2976;-1;-1;Luke;Cavallin;;74;219;2001-4-28;Swindon;ENG;Canada;England;;0
2977;-1;-1;Evan;Brand;;79;209;2001-3-14;Toronto;ON;Canada;;;0
2978;-1;-1;Nate;Allensen;;71;190;2001-5-3;Waterloo;ON;Canada;;;0
2979;-1;-1;Andrew;Perrott;;72;206;2001-8-24;Lorain;OH;The United States;Canada;;0
2980;-1;-1;Nick;Wong;;69;186;2001-9-17;Erin;ON;Canada;;;0
2981;-1;-1;Igor;Chibrikov;;79;215;2001-11-30;Moscow;MOS;Russia;;;0
2982;-1;-1;Robert;Calisti;;69;190;2001-1-25;Toronto;ON;Canada;;;0
2983;-1;-1;Lucas;Peric;;72;187;2001-1-8;Halton Hills;ON;Canada;;;0
2984;-1;-1;Dalton;Duhart;;72;181;2001-1-17;Flint;MI;The United States;Canada;;0
2985;-1;-1;Colton;Kammerer;;73;185;2001-10-21;Whitby;ON;Canada;;;0
2986;-1;-1;Anthony;Tabak;;76;226;2001-12-6;Oakville;ON;Canada;;;0
2987;-1;-1;Mark;Woolley;;75;230;2001-11-25;St. Thomas;ON;Canada;;;0
2988;-1;-1;Camaryn;Baber;;71;187;2001-4-4;Sault Ste. Marie;ON;Canada;;;0
2989;-1;-1;Cameron;Supryka;;73;189;2001-10-28;Quinte West;ON;Canada;;;0
2990;-1;-1;Mathew;Hill;;76;199;2001-5-1;Toronto;ON;Canada;;;0
2991;-1;-1;Liam;Ross;;74;203;2001-5-12;Markham;ON;Canada;;;0
2992;-1;-1;Joseph;Carroll;;75;194;2001-2-1;Ottawa;ON;Canada;;;0
2993;-1;-1;Navrin;Mutter;;76;198;2001-3-14;London;ON;Canada;;;0
2994;-1;-1;Ashton;Reesor;;75;206;2001-1-12;Markham;ON;Canada;;;0
2995;-1;-1;Zachary;Paputsakis;;75;212;2001-11-8;Ottawa;ON;Canada;;;0
2996;-1;-1;Mike;Petizian;;67;172;2001-2-20;Mississauga;ON;Canada;;;0
2997;-1;-1;Louka;Henault;;72;179;2001-1-31;Toronto;ON;Canada;;;0
2998;-1;-1;Cole;MacKay;;72;185;2001-6-13;Sault Ste. Marie;ON;Canada;;;0
2999;-1;-1;Brendan;Sellan;;70;170;2001-1-23;Bolton;ON;Canada;;;0
3000;-1;-1;Daniel;D'Amico;;70;179;2001-1-26;Toronto;ON;Canada;;;0
3001;-1;-1;Adam;Varga;;74;189;2001-6-6;Bel Air;MD;The United States;;;0
3002;-1;-1;Brendan;Hoffman;;75;226;2001-10-8;Charlotte;NC;Canada;The United States;;0
3003;-1;-1;t;k;;73;217;2001-4-29;Kingston;ON;Canada;;;0
3004;-1;-1;Tye;McSorley;;72;205;2001-6-11;Mississauga;ON;Canada;;;0
3005;-1;-1;Nolan;DeGurse;;71;191;2001-10-7;Lambton Shores;ON;Canada;;;0
3006;-1;-1;Justin;Nolet;;71;183;2001-4-15;Mississauga;ON;Canada;;;0
3007;-1;-1;John;Little;;72;192;2002-11-10;Parksville;BC;Canada;;;0
3008;-1;-1;Ethan;Ernst;;71;197;2002-1-26;Weyburn;SK;Canada;;;0
3009;-1;-1;Erik;Atchison;;73;191;2002-5-26;Las Vegas;NV;The United States;;;0
3010;-1;-1;Reed;Jacobson;;70;165;2002-4-7;Swift Current;SK;Canada;;;0
3011;-1;-1;Cade;Hayes;;72;186;2002-7-9;Kindersley;SK;Canada;;;0
3012;-1;-1;Tucker;Tynan;;73;199;2002-6-7;Chicago;IL;The United States;;;0
3013;-1;-1;Xavier;Medina;;72;209;2002-1-20;Daly City;CA;The United States;;;0
3014;-1;-1;Sahil;Panwar;;73;200;2002-1-26;Cerritos;CA;Canada;The United States;;0
3015;-1;-1;E;C;;71;195;2002-8-30;Courtice;ON;Canada;The United States;;0
3016;-1;-1;Cameron;Peters;;75;202;2002-7-9;Toronto;ON;Canada;;;0
3017;-1;-1;Jake;Uberti;;73;197;2002-3-7;Toronto;ON;Canada;;;0
3018;-1;-1;Lleyton;Moore;;71;191;2002-2-27;Saskatoon;SK;Canada;;;0
3019;-1;-1;Marco;Costantini;;73;200;2002-8-4;Hamilton;ON;Canada;;;0
3020;-1;-1;Logan;Morrison;;72;191;2002-7-9;Guelph;ON;Canada;;;0
3021;-1;-1;Shawn;Spearing;;73;183;2002-7-26;Toronto;ON;Canada;;;0
3022;-1;-1;Avery;Winslow;;71;182;2002-8-24;Clearwater;FL;The United States;;;0
3023;-1;-1;Cameron;Butler;;76;213;2002-6-9;Ottawa;ON;Canada;;;0
3024;-1;-1;A;S;;70;181;2002-2-5;Plymouth Township;MI;The United States;;;0
3025;-1;-1;Pacey;Schlueting;;72;183;2002-1-2;North Bay;ON;Canada;;;0
3026;-1;-1;T;L;;76;198;2002-10-21;Mississauga;ON;Canada;;;0
3027;-1;-1;Sean;McGurn;;70;170;2002-7-30;Ottawa;ON;Canada;;;0
3028;-1;-1;Joe;Vrbetic;;78;242;2002-10-24;Alexandria;ON;Canada;;;0
3029;-1;-1;Kyle;McDonald;;76;207;2002-2-5;Ottawa;ON;Canada;;;0
3030;-1;-1;Tye;Austin;;76;215;2002-5-28;Pembroke;ON;Canada;;;0
3031;-1;-1;Joe;Ranger;;73;215;2002-2-12;Ottawa;ON;Canada;;;0
3032;32;23;Kyle;Jackson;;74;208;2002-10-17;Ottawa;ON;Canada;;;0
3033;-1;-1;James;Mayotte;;74;211;2002-3-4;Brockville;ON;Canada;;;0
3034;-1;-1;Nolan;Seed;;71;201;2002-4-24;Smiths Falls;ON;Canada;;;0
3035;-1;-1;Dakota;Betts;;73;185;2001-8-21;Bowmanville;ON;Canada;;;0
3036;-1;-1;Declan;McDonnell;;71;203;2002-2-25;Lakeview;NY;The United States;;;0
3037;-1;-1;Giordano;Biondi;;71;174;2002-8-13;Sudbury;ON;Canada;;;0
3038;-1;-1;Avery;Hayes;;71;174;2002-10-10;Westland;MI;The United States;;;0
3039;-1;-1;George;Diaco;;70;174;2002-2-14;London;ON;Canada;;;0
3040;-1;-1;Mitchell;Weeks;;76;211;2001-6-22;Barrie;ON;Canada;;;0
3041;-1;-1;Carson;Haynes;;75;209;2003-1-30;Taber;AB;Canada;;;0
3042;-1;-1;Marc;Lajoie;;77;233;2003-5-3;St. Albert;AB;Canada;;;0
3043;-1;-1;Tyson;Greenway;;73;215;2003-1-19;St. Albert;AB;Canada;;;0
3044;41;41;Graham;Sward;;74;218;2003-9-12;Abbotsford;BC;Canada;;;0
3045;-1;-1;B;M;;76;217;2002-11-12;Bowie;MD;The United States;;;0
3046;-1;-1;Jonathan;Lemaire;;78;226;2002-10-15;Ottawa;ON;Canada;;;0
3047;-1;-1;Mitchell;Smith;;71;194;2002-9-15;Saginaw;MI;The United States;;;0
3048;-1;-1;Aidan;Campbell;;77;217;2002-8-22;Shippensburg;PA;The United States;Canada;;0
3049;-1;-1;Blake;Swetlikoff;;72;183;2003-5-29;Regina;SK;Canada;;;0
3050;-1;-1;Chase;Bertholet;;72;179;2003-3-17;Thompson;MB;Canada;;;0
3051;-1;-1;Grady;Lane;;75;206;2003-3-29;Virden;MB;Canada;;;0
3052;-1;-1;Chase;Friedt-Mohr;;74;203;2003-8-21;Prince Albert;SK;Canada;;;0
3053;-1;-1;Ben;McFarlane;;70;174;2002-8-9;Ayr;ON;Canada;;;0
3054;-1;-1;Matt;Onuska;;75;199;2002-5-30;Waterloo;ON;Canada;;;0
3055;-1;-1;Brett;Brochu;;71;194;2002-9-9;Windsor;ON;Canada;;;0
3056;-1;-1;Ryan;Gagnier;;71;196;2002-7-16;Tecumseh;ON;Canada;;;0
3057;-1;-1;Riley;Piercey;;75;216;2002-3-20;Mississauga;ON;Canada;;;0
3058;-1;-1;Nick;Chenard;;75;199;2002-3-29;Tecumseh;ON;Canada;;;0
3059;-1;-1;Keegan;McMullen;;71;163;2002-3-19;Cambridge;ON;Canada;;;0
3060;-1;-1;Noah;Sedore;;70;197;2002-2-24;Bobcaygeon;ON;Canada;;;0
3061;-1;-1;Cameron;Morton;;74;207;2002-4-17;Kingston;ON;Canada;;;0
3062;-1;-1;Ryan;Smith;;70;165;2002-5-18;Muskoka Lakes;ON;Canada;;;0
3063;125;125;Nolan;Burke;;74;205;2002-12-9;Peterborough;ON;Canada;;;0
3064;-1;-1;Kalvyn;Watson;;70;190;2002-5-15;Peterborough;ON;Canada;;;0
3065;-1;-1;B;R;;76;201;2002-11-3;Brighton;ON;Canada;;;0
3066;33;33;Will;Cranley;;76;221;2002-2-26;Peterborough;ON;Canada;;;0
3067;-1;-1;Tyler;Deline;;71;182;2002-9-7;Peterborough;ON;Canada;;;0
3068;-1;-1;Ethan;Sims;;71;170;2002-1-8;Hamilton;ON;Canada;;;0
3069;-1;-1;Alec;BÈlanger;;72;192;2002-5-29;Quebec City;QC;Canada;;;0
3070;-1;-1;Ian;Lemieux;;72;192;2002-2-13;Bradford;ON;Canada;;;0
3071;-1;-1;Jacob;Murray;;76;206;2002-4-11;Oakville;ON;Canada;;;0
3072;-1;-1;Nathan;Ribau;;73;187;2002-4-7;Oakville;ON;Canada;;;0
3073;-1;-1;Ethan;Ritchie;;72;205;2002-6-4;Oakville;ON;Canada;;;0
3074;-1;-1;Zack;Terry;;74;191;2002-4-5;Oakville;ON;Canada;;;0
3075;-1;-1;Cameron;Tolnai;;72;191;2002-2-14;Oakville;ON;Canada;;;0
3076;-1;-1;Jack;Harper;;70;194;2002-1-14;Guelph;ON;Canada;;;0
3077;-1;-1;Owen;Bennett;;75;228;2002-4-11;Puslinch;ON;Canada;;;0
3078;-1;-1;Dawson;McKinney;;71;176;2002-6-23;Hamilton;ON;Canada;;;0
3079;-1;-1;Matthew;Papais;;72;200;2002-1-29;Mississauga;ON;Canada;;;0
3080;-1;-1;Michael;Renwick;;72;208;2002-1-26;Mississauga;ON;Canada;;;0
3081;-1;-1;Max;Dodig;;71;181;2002-6-5;Toronto;ON;Canada;;;0
3082;-1;-1;Charlie;Callaghan;;70;181;2002-6-11;Toronto;ON;Canada;;;0
3083;-1;-1;Rory;Kerins;;71;197;2002-4-23;Bolton;ON;Canada;;;0
3084;-1;-1;Nolan;Dillingham-Morelli;;74;205;2002-6-22;Mississauga;ON;Canada;;;0
3085;-1;-1;Luka;Profaca;;74;191;2002-3-30;Mississauga;ON;Canada;;;0
3086;-1;-1;Joseph;Serpa;;72;184;2002-3-23;Cambridge;ON;Canada;;;0
3087;-1;-1;Cooper;Walker;;72;180;2002-7-11;Cambridge;ON;Canada;;;0
3088;-1;-1;Theoren;Hill;;72;179;2002-4-4;Hagersville;ON;Canada;;;0
3089;-1;-1;Mathew;Sbrocca;;75;226;2002-8-16;Windsor;ON;Canada;;;0
3090;-1;-1;Matthew;Maggio;;71;199;2002-11-25;Tecumseh;ON;Canada;;;0
3091;-1;-1;Bryson;Andregg;;77;201;2003-2-24;Dallas;TX;The United States;;;0
3092;-1;-1;Anthony;Costantini;;72;159;2002-8-4;Hamilton;ON;Canada;;;0
3093;-1;-1;Elias;Cohen;;72;174;2002-8-31;Toronto;ON;Canada;;;0
3094;-1;-1;Mark;Duarte;;75;185;2002-9-27;Hamilton;ON;Canada;;;0
3095;-1;-1;Reid;Valade;;70;199;2002-3-14;Toronto;ON;Canada;;;0
3096;-1;-1;William;Portokalis;;72;196;2002-4-4;Mississauga;ON;Canada;;;0
3097;-1;-1;David;Jesus;;77;187;2002-5-30;Toronto;ON;Canada;;;0
3098;32;23;Parker;Bell;;77;222;2003-9-26;Campbell River;BC;Canada;;;0
3099;-1;-1;Michael;Stubbs;;69;192;2002-4-1;Thunder Bay;ON;Canada;;;0
3100;-1;-1;Dylan;Robinson;;76;190;2002-5-3;Simcoe;ON;Canada;The United States;;0
3101;19;19;Mason;Beaupit;;78;224;2003-9-23;Surrey;BC;Canada;;;0
3102;-1;-1;Joshua;Currie;;75;174;2002-7-1;Montreal;QC;Canada;;;0
3103;-1;-1;Daniel;D'Amato;;73;191;2001-4-8;Toronto;ON;Canada;;;0
3104;-1;-1;L;G;;74;194;2003-7-3;Falls Church;VA;The United States;;;0
3105;50;26;Ty;Nelson;;72;207;2004-3-30;Toronto;ON;Canada;;;0
3106;59;1;Kaleb;Smith;;73;213;2004-6-26;Arcade;NY;The United States;;;0
3107;9;9;Francesco;Arcuri;;73;218;2003-6-13;Toronto;ON;Canada;;;0
3108;-1;-1;C;L;;71;161;2003-1-21;Ottawa;ON;Canada;;;0
3109;37;27;Nicholas;Avakyan;;72;207;2004-2-18;Los Angeles;CA;The United States;;;0
3110;-1;-1;Ian;Ferguson;;72;204;2002-3-8;Chatham-Kent;ON;Canada;The United States;;0
3111;-1;-1;Nolan;Dann;;71;196;2003-5-21;Cambridge;ON;Canada;;;0
3112;-1;-1;Bear;Hughes;;74;200;2001-5-30;Post Falls;ID;The United States;;;0
3113;-1;-1;Stepan;Machacek;;73;220;2002-12-5;Nov˝ JicÌn;MOR;Czech Republic;;;0
3114;-1;-1;B;G;;74;174;2003-1-11;North Bay;ON;Canada;;;0
3115;-1;-1;R;W;;74;193;2003-9-4;Whitby;ON;Canada;;;0
3116;59;1;Liam;Arnsby;;71;207;2003-11-20;Vaughan;ON;Canada;;;0
3117;-1;-1;Deni;Goure;;71;203;2003-7-15;Chatham-Kent;ON;Canada;;;0
3118;-1;-1;E;DM;;76;210;2003-1-15;Toronto;ON;Canada;;;0
3119;-1;-1;F;P;;72;189;2003-4-11;Hamilton;ON;Canada;;;0
3120;24;24;Danny;Zhilkin;;75;200;2003-12-19;Toronto;ON;Canada;Russia;;0
3121;-1;-1;Landon;McCallum;;72;187;2003-10-5;Simcoe;ON;Canada;;;0
3122;-1;-1;B;H;;75;190;2003-6-7;London;ON;Canada;;;0
3123;-1;-1;Isaac;Enright;;72;197;2003-2-8;Pembroke;ON;Canada;;;0
3124;135;2;Jacob;Holmes;;75;200;2003-7-4;Alliston;ON;Canada;;;0
3125;-1;-1;Connor;Punnett;;74;221;2003-6-16;Powassan;ON;Canada;;;0
3126;62;19;Stuart;Rolofs;;75;222;2003-3-28;Ottawa;ON;Canada;;;0
3127;58;58;Artem;Guryev;;75;225;2003-5-17;Moscow;MOS;Russia;Canada;;0
3128;-1;-1;Daniel;Michaud;;74;199;2003-2-14;Burlington;ON;Canada;;;0
3129;-1;-1;Ryan;Del Monte;;71;203;2003-4-3;Freiburg;BAD;Canada;Germany;;0
3130;-1;-1;Ethan;Larmand;;71;204;2003-11-12;Midland;ON;Canada;;;0
3131;-1;-1;Ethan;Burroughs;;70;188;2003-6-19;Georgetown;ON;Canada;;;0
3132;-1;-1;J;B;;76;183;2003-6-8;Oakville;ON;Canada;;;0
3133;-1;-1;J;B;;71;161;2003-4-12;Toronto;ON;Canada;;;0
3134;53;8;Brenden;Sirizzotti;;73;201;2003-4-14;Whitby;ON;Canada;;;0
3135;-1;-1;L;M;;77;213;2003-4-15;Lakeshore;ON;Canada;;;0
3136;-1;-1;M;MC;;73;183;2003-2-10;Sudbury;ON;Canada;;;0
3137;-1;-1;Justin;O'Donnell;;74;196;2003-1-7;Oakville;ON;Canada;;;0
3138;154;154;Colby;Saganiuk;;72;197;2003-2-5;Plainfield;IL;The United States;Canada;;0
3139;-1;-1;Paul;Christopoulos;;71;187;2003-3-26;Richmond Hill;ON;Canada;;;0
3140;-1;-1;Jacob;Maillet;;74;194;2003-3-13;Hamilton;ON;Canada;;;0
3141;-1;-1;Lawson;Sherk;;74;201;2003-5-3;Georgetown;ON;Canada;;;0
3142;-1;-1;P;Z;;72;176;2003-6-1;Ottawa;ON;Canada;;;0
3143;-1;-1;Kaleb;Lawrence;;79;235;2003-1-10;Ottawa;ON;Canada;;;0
3144;-1;-1;Maddox;Callens;;72;187;2003-2-11;Norfolk County;ON;Canada;;;0
3145;-1;-1;Jacob;Frasca;;77;232;2003-3-19;Caledon;ON;Canada;;;0
3146;-1;-1;Landon;Cato;;74;212;2003-3-31;Toronto;ON;The United States;Canada;;0
3147;-1;-1;Ty;Anselmini;;72;196;2003-7-11;Guelph;ON;Canada;;;0
3148;-1;-1;C;R;;79;203;2003-7-16;Puslinch;ON;Canada;;;0
3149;-1;-1;Alex;Christopoulos;;71;198;2003-3-26;Richmond Hill;ON;Canada;;;0
3150;59;1;Luca;Del Bel Belluz;;73;203;2003-11-10;Vaughan;ON;Canada;;;0
3151;-1;-1;Thomas;Johnston;;70;154;2003-7-4;Oshawa;ON;Canada;;;0
3152;-1;-1;Connor;Federkow;;71;172;2003-7-26;St. Catharines;ON;Canada;;;0
3153;-1;-1;Marco;Sikic;;75;202;2003-3-24;Kitchener;ON;Canada;Croatia;;0
3154;-1;-1;Zacharie;Giroux;;70;172;2003-4-5;Sudbury;ON;Canada;;;0
3155;-1;-1;Marc;Boudreau;;76;183;2003-4-29;Toronto;ON;Canada;;;0
3156;-1;-1;Chas;Sharpe;;76;194;2003-11-28;Orillia;ON;Canada;;;0
3157;135;2;Teddy;Sawyer;;72;197;2003-12-12;Lewis Center;OH;The United States;;;0
3158;125;125;Braden;HachÈ;;76;208;2003-5-21;Manchester;NH;Canada;The United States;;0
3159;-1;-1;Ty;Hollett;;76;205;2003-8-27;Ottawa;ON;Canada;;;0
3160;-1;-1;Brett;Bressette;;71;180;2003-7-4;Midland;ON;Canada;;;0
3161;-1;-1;Davis;Codd;T-Bone;71;174;2003-8-19;Brighton;MI;The United States;;;0
3162;-1;-1;James;Jodoin;;76;231;2003-2-4;Richelieu;QC;Canada;;;0
3163;-1;-1;Sam;Sedley;;72;184;2003-6-8;St. Marys;ON;Canada;;;0
3164;-1;-1;Andre;Anania;;73;215;2003-3-2;Hamilton;ON;Canada;;;0
3165;155;154;Tucker;Robertson;;71;205;2003-6-22;Toronto;ON;Canada;;;0
3166;-1;-1;Simon;Motew;;73;186;2003-3-31;Highland Park;IL;The United States;;;0
3167;-1;-1;Cooper;Way;;74;181;2003-6-11;Waterloo;ON;Canada;;;0
3168;-1;-1;Jesse;Fishman;;71;170;2003-2-26;Thornhill;ON;Canada;;;0
3169;-1;-1;Jordan;D'Intino;;73;195;2003-3-1;London;ON;Canada;;;0
3170;-1;-1;Mitchell;Martin;;76;235;2003-1-6;Sudbury;ON;Canada;;;0
3171;-1;-1;Ranvir;Gill-Shane;;76;190;2003-6-17;Hamilton;ON;Canada;;;0
3172;54;10;Christian;Kyrou;;71;203;2003-9-16;Lambton Shores;ON;Canada;;;0
3173;-1;-1;Roberto;Mancini;;75;183;2003-7-8;Vaughan;ON;Canada;;;0
3174;-1;-1;Vladislav;Dvurechensky;;76;207;2003-6-18;Voronezh;VOR;Canada;Russia;;0
3175;-1;-1;Steven;LaForme;;73;183;2003-2-7;Hagersville;ON;Canada;;;0
3176;-1;-1;Joshua;Kavanagh;;74;170;2003-5-6;Sudbury;ON;Canada;;;0
3177;38;38;Braeden;Bowman;;74;222;2003-6-26;Kitchener;ON;Canada;;;0
3178;-1;-1;Payton;Robinson;;74;201;2003-4-30;Burlington;ON;Canada;;;0
3179;-1;-1;Max;Donoso;;73;210;2003-6-11;Windsor;ON;Canada;;;0
3180;-1;-1;Ethan;MacKinnon;;73;185;2003-5-22;London;ON;Canada;;;0
3181;-1;-1;Matteo;Drobac;;74;219;2003-8-7;Oakville;ON;Canada;;;0
3182;-1;-1;Josh;Rosenzweig;;75;220;2003-2-27;Toronto;ON;Canada;;;0
3183;-1;-1;Lucas;Brzustowski;;73;172;2003-2-15;Kitchener;ON;Canada;;;0
3184;-1;-1;Chase;Costantino;;75;187;2003-7-28;Burlington;ON;Canada;;;0
3185;-1;-1;Matthew;Sop;;73;186;2003-2-4;Kitchener;ON;Canada;;;0
3186;-1;-1;Thomas;Stewart;;74;185;2003-1-6;Toronto;ON;Canada;;;0
3187;-1;-1;Ryan;Humphrey;;73;190;2003-4-8;Northville;NY;The United States;;;0
3188;-1;-1;Patrick;Leaver;;72;205;2003-9-4;Perth;ON;Canada;;;0
3189;-1;-1;Anthony;Agostinelli;;71;175;2003-1-7;Rochester;NY;The United States;;;0
3190;-1;-1;Brayden;Hislop;;73;174;2003-9-26;Waterloo;ON;Canada;;;0
3191;-1;-1;Oliver;Smith;;72;210;2003-3-2;Sudbury;ON;Canada;;;0
3192;-1;-1;R;M;;76;213;2003-1-14;Bloomfield Township;MI;The United States;;;0
3193;-1;-1;Cam;Gauvreau;;74;185;2003-3-8;Hamilton;ON;Canada;;;0
3194;-1;-1;Michael;Simpson;;73;210;2003-2-9;London;ON;Canada;;;0
3195;-1;-1;Callum;Chisholm;;77;219;2003-8-28;Richmond Hill;ON;Canada;;;0
3196;-1;-1;Dixon;Grimes;;76;229;2003-4-5;Guelph;ON;Canada;;;0
3197;-1;-1;Owain;Johnston;;74;185;2003-10-19;Toronto;ON;Canada;;;0
3198;-1;-1;Brenden;Anderson;;77;209;2003-3-4;Ohsweken;ON;Canada;The United States;;0
3199;-1;-1;Tyler;Savard;;74;205;2003-4-6;Selwyn;ON;Canada;;;0
3200;-1;-1;Amadeus;Lombardi;;71;205;2003-6-5;Vaughan;ON;Canada;;;0
3201;-1;-1;Jax;Dubois;;75;212;2003-3-16;Ottawa;ON;Canada;;;0
3202;38;38;Dean;Loukus;;71;201;2003-2-12;Calumet Township;MI;The United States;;;0
3203;-1;-1;Aidan;Spooner;;77;212;2002-4-30;Halton Hills;ON;Canada;;;0
3204;-1;-1;Matteo;Lalama;;73;183;2002-2-12;St. Catharines;ON;Canada;Italy;;0
3205;-1;-1;Ryan;Thompson;;76;194;2002-10-10;Mississauga;ON;Canada;;;0
3206;155;155;Nick;DeGrazia;;73;197;2002-12-3;Thunder Bay;ON;Canada;;;0
3207;-1;-1;Spencer;Lecot;;73;170;2002-2-22;Harrow;ON;Canada;;;0
3208;-1;-1;Logan;LeSage;;71;186;2002-1-4;Ottawa;ON;Canada;;;0
3209;-1;-1;Gavin;White;;72;181;2002-11-12;Brockville;ON;Canada;;;0
3210;-1;-1;Rhett;Melnyk;;72;186;2004-5-16;Edmonton;AB;Canada;;;0
3211;-1;-1;Jake;Sloan;;76;229;2004-2-13;Leduc;AB;Canada;;;0
3212;-1;-1;Logan;Cunningham;;74;193;2004-3-29;Yellowknife;NT;Canada;;;0
3213;-1;-1;Carter;Streek;;70;173;2004-1-13;Kamloops;BC;Canada;;;0
3214;-1;-1;Ben;Feenan;;72;174;2004-3-11;White Rock;BC;Canada;;;0
3215;-1;-1;Michael;Cicek;;74;196;2004-1-26;Winnipeg;MB;Canada;;;0
3216;-1;-1;Elouann;Lemonnier;;72;208;2004-7-10;Dallas;TX;The United States;;;0
3217;-1;-1;Raegan;Wiles;;71;190;2002-4-10;Calgary;AB;Canada;;;0
3218;156;154;Kooper;Gizowski;;71;202;2005-5-5;Edmonton;AB;Canada;;;0
3219;56;21;Owen;Beck;;72;207;2004-2-3;Port Hope;ON;Canada;;;0
3220;48;14;Dominic;DiVincentiis;;77;216;2004-4-3;Toronto;ON;Canada;;;0
3221;129;27;Luke;McNamara;;74;191;2005-3-2;Mississauga;ON;Canada;;;0
3222;-1;-1;B;Z;;74;182;2003-3-15;Hinwil;ZH;Switzerland;;;0
3223;155;154;Pavel;Mintyukov;;74;209;2003-11-25;Moscow;MOS;Russia;;;0
3224;-1;-1;D;S;;73;209;2003-3-3;St. Petersburg;SAI;Russia;;;0
3225;-1;-1;Kaspars;Ziemins;;74;208;2002-3-11;Riga;RIG;Latvia;;;0
3226;-1;-1;Yannick;Proske;;75;197;2003-6-10;Weiﬂwasser;SAX;Germany;;;0
3227;-1;-1;Kevin;Niedenz;;75;209;2003-4-2;Berlin;BER;Germany;;;0
3228;130;14;Ismail;Galiullin;;72;177;2007-3-29;Naberezhnye Chelny;TAT;Russia;;;0
3229;-1;-1;Dalyn;Wakely;;74;202;2004-3-5;Port Hope;ON;Canada;;;0
3230;-1;-1;Nikita;Parfenyuk;;75;203;2003-9-9;Soligorsk;MIN;Belarus;;;0
3231;43;43;Samuel;Mayer;;75;214;2003-4-15;Hawkesbury;ON;Canada;;;0
3232;62;19;Isaiah;George;;73;199;2004-2-15;Oakville;ON;Canada;;;0
3233;50;50;Connor;Toms;;72;203;2004-3-13;Sault Ste. Marie;ON;Canada;;;0
3234;-1;-1;Noah;Van Vliet;;74;210;2004-2-18;Toronto;ON;Canada;;;0
3235;-1;-1;Lucas;Littlejohn;;73;174;2004-12-6;Courtice;ON;Canada;;;0
3236;155;155;Dylan;Roobroeck;;79;243;2004-7-27;London;ON;Canada;;;0
3237;-1;-1;Jonathan;Melee;;73;190;2004-1-15;Fredericton;NB;Canada;;;0
3238;-1;-1;Cedrick;Guindon;;71;193;2004-4-21;Ottawa;ON;Canada;;;0
3239;-1;-1;Lorenzo;Bonaiuto;;76;225;2004-4-20;Richmond Hill;ON;Canada;;;0
3240;-1;-1;Jacob;Oster;;75;199;2004-3-26;Ottawa;ON;Canada;;;0
3241;-1;-1;Alex;Serraglio;;74;194;2003-2-10;Langley;BC;Canada;;;0
3242;-1;-1;Paul;Hughes;;74;188;2003-2-27;Redlands;CA;Canada;The United States;;0
3243;-1;-1;Ben;Bujold;;72;203;2004-3-3;Richmond;ON;Canada;;;0
3244;-1;-1;Ryan;Struthers;;72;179;2004-1-2;Milton;ON;Canada;;;0
3245;-1;-1;Ryan;McGuire;;73;189;2004-2-29;Burlington;ON;Canada;;;0
3246;-1;-1;Madden;Steen;;73;201;2004-1-1;Guelph;ON;Canada;;;0
3247;33;31;Zakary;Lavoie;;72;190;2004-3-13;Ottawa;ON;Canada;;;0
3248;54;10;Michael;Buchinger;;74;216;2004-4-25;Markham;ON;Canada;;;0
3249;135;2;Nicholas;De Angelis;;72;189;2004-5-22;King City;ON;Canada;;;0
3250;59;1;Pano;Fimis;;71;194;2004-6-17;Richmond Hill;ON;Canada;;;0
3251;32;23;Jackson;Parsons;;74;207;2004-11-23;Ottawa;ON;Canada;;;0
3252;60;18;Spencer;Sova;;74;209;2004-1-10;Windsor;ON;Canada;The United States;;0
3253;-1;-1;Brody;Crane;;71;198;2004-5-29;Kingsville;ON;Canada;The United States;;0
3254;-1;-1;Thomas;Sirman;;71;175;2004-3-5;Aurora;ON;Canada;;;0
3255;-1;-1;Aidan;Castle;;73;189;2004-1-8;Mississauga;ON;Canada;;;0
3256;32;23;Evan;Konyen;;72;184;2004-2-22;Newmarket;ON;Canada;The United States;;0
3257;-1;-1;Artyom;Kulakov;;76;225;2003-2-14;Bolshoy Kamen;PRI;Russia;;;0
3258;34;2;Lukas;Dragicevic;;76;212;2005-4-25;Richmond;BC;Canada;;;0
3259;156;156;Matthew;Jovanovic;;75;197;2004-9-22;Toronto;ON;Canada;;;0
3260;36;36;Kocha;Delic;;71;204;2004-3-11;Ottawa;ON;Canada;;;0
3261;-1;-1;Nathan;Poole;;73;196;2004-7-28;Oshawa;ON;Canada;;;0
3262;-1;-1;Peter;Forgione;;76;204;2004-11-12;Detroit;MI;The United States;;;0
3263;-1;-1;Zachary;Wigle;;74;210;2004-1-12;Oakville;ON;Canada;;;0
3264;153;152;Beau;Jelsma;;71;197;2004-4-28;Tillsonburg;ON;Canada;;;0
3265;-1;-1;Lucas;Ross;;71;177;2004-3-30;Ottawa;ON;Canada;;;0
3266;62;31;David;Goyette;;71;188;2004-3-27;Saint-JÈrÙme;QC;Canada;;;0
3267;-1;-1;Owen;Allard;;74;187;2004-1-13;Ottawa;ON;Canada;;;0
3268;123;31;Jorian;Donovan;;74;214;2004-4-5;Calgary;AB;Canada;;;0
3269;-1;-1;Will;Gerrior;;73;168;2004-3-2;Halifax;NS;Canada;;;0
3270;-1;-1;Samuel;Assinewai;;71;175;2004-4-16;Little Current;ON;Canada;The United States;;0
3271;-1;-1;Landon;Sim;;71;183;2004-7-17;New Glasgow;NS;Canada;;;0
3272;-1;-1;Ilia;Chmelevski;;73;196;2004-11-22;Northville;MI;The United States;;;0
3273;-1;-1;Andrew;Oke;;75;228;2004-3-26;Shelby Township;MI;The United States;;;0
3274;45;45;Max;Namestnikov;;71;198;2004-2-6;Voskresensk;MOS;Russia;The United States;;0
3275;-1;-1;Tommy;Budnick;;74;196;2004-2-14;Petoskey;MI;The United States;;;0
3276;-1;-1;Owen;Flores;;76;212;2004-5-9;Antioch;IL;The United States;;;0
3277;-1;-1;Roenick;Jodoin;;71;161;2004-9-10;Cornwall;ON;Canada;;;0
3278;-1;-1;CÈdricson;Okitundu;;72;209;2004-1-3;Waterloo;ON;Canada;;;0
3279;-1;-1;Trent;Swick;;77;206;2004-4-25;St. Catharines;ON;Canada;;;0
3280;-1;-1;Ian;Phillips;;71;171;2003-7-3;Midland;ON;Canada;;;0
3281;-1;-1;Jackson;McLlwain;;71;154;2003-5-20;Exeter;ON;Canada;;;0
3282;-1;-1;Marshall;Nicholls;;73;188;2003-6-18;Waterloo;ON;Canada;;;0
3283;-1;-1;Cooper;Michaluk;;74;222;2005-1-23;Sherwood Park;AB;Canada;;;0
3284;-1;-1;Andrew;LeBlanc;;72;195;2004-6-3;Port Colborne;ON;Canada;;;0
3285;-1;-1;Jacob;LeBlanc;;72;194;2004-6-3;Port Colborne;ON;Canada;;;0
3286;-1;-1;Cameron;Lowe;;75;203;2004-3-4;Niagara Falls;ON;Canada;;;0
3287;62;62;Sam;Alfano;;76;227;2004-1-18;Cayuga;ON;Canada;;;0
3288;26;26;Hunter;Haight;;71;203;2004-4-4;Strathroy;ON;Canada;;;0
3289;38;25;Ryan;Abraham;;71;198;2004-4-5;Livonia;MI;The United States;;;0
3290;-1;-1;Ty;Petrou;;71;191;2004-10-5;Pickering;ON;Canada;;;0
3291;60;18;Paul;Ludwinski;;71;189;2004-4-23;Pickering;ON;Canada;;;0
3292;60;18;Saige;Weinstein;;74;200;2005-5-30;Edmonton;AB;Canada;;;0
3293;-1;-1;Alec;Leonard;;71;190;2004-5-13;Toronto;ON;Canada;;;0
3294;-1;-1;Dylan;Gordon;;71;184;2004-8-13;Troy;MI;The United States;;;0
3295;-1;-1;Hayden;Simpson;;70;170;2004-3-11;Caledon;ON;Canada;;;0
3296;-1;-1;Cooper;Matthews;;71;174;2004-2-11;Belleville;ON;Canada;;;0
3297;-1;-1;Tnias;Mathurin;;75;214;2004-1-15;Ajax;ON;Canada;;;0
3298;141;25;William;Belle;;74;219;2007-1-14;Minnetonka;MN;The United States;;;0
3299;1;1;Gavin;Hayes;;74;213;2004-5-14;Westland;MI;The United States;;;0
3300;-1;-1;Matthew;Mayich;;73;182;2004-12-21;Hamilton;ON;Canada;;;0
3301;-1;-1;Justin;Dezoete;;72;195;2004-1-2;Hamilton;ON;Canada;;;0
3302;-1;-1;Gavin;Grundner;;72;203;2004-5-12;Windsor;ON;Canada;;;0
3303;-1;-1;Konnor;Smith;;78;215;2004-11-6;Windsor;ON;Canada;;;0
3304;-1;-1;Landen;Hookey;;76;194;2004-1-29;Sarnia;ON;Canada;;;0
3305;-1;-1;Josh;Hoover;;71;198;2004-2-15;Sarnia;ON;Canada;;;0
3306;-1;-1;Austin;Harper;;70;172;2004-2-4;Wyoming;ON;Canada;;;0
3307;48;14;Bryce;McConnell-Barker;;73;203;2004-6-4;London;ON;Canada;;;0
3308;-1;-1;Drew;Freer;;75;211;2005-1-26;Calgary;AB;Canada;;;0
3309;145;3;Easton;Odut;;72;194;2007-8-27;Brandon;MB;Canada;;;0
3310;60;18;Gavin;Bryant;;73;201;2004-7-24;Ingersoll;ON;Canada;;;0
3311;48;14;Owen;Van Steensel;;71;204;2004-8-4;Middlesex Centre;ON;Canada;;;0
3312;-1;-1;Marcus;Vandenberg;;75;230;2004-4-25;London;ON;Canada;;;0
3313;38;38;Zander;Veccia;;71;198;2004-7-27;Chatham-Kent;ON;Canada;;;0
3314;-1;-1;Owen;Willmore;;75;228;2004-12-14;St. Thomas;ON;Canada;;;0
3315;-1;-1;Caeden;Carlisle;;75;193;2004-1-31;Mississauga;ON;Canada;;;0
3316;60;60;Evan;Klein;;74;219;2004-1-12;Waterloo;ON;Canada;;;0
3317;151;152;Parker;Forlin;;71;202;2006-1-1;Welland;ON;Canada;;;0
3318;44;30;Nolan;Lalonde;;73;214;2004-2-14;Kingston;ON;Canada;;;0
3319;55;9;Corbin;Votary;;75;227;2004-4-12;Napanee;ON;Canada;;;0
3320;-1;-1;Jackson;Stewart;;75;192;2004-6-18;Campbellford;ON;Canada;;;0
3321;-1;-1;Taos;Jordan;;71;172;2004-3-29;Brooklin;ON;Canada;;;0
3322;-1;-1;Brett;Fullerton;;75;224;2004-6-25;Hamilton;ON;Canada;;;0
3323;-1;-1;Dylan;Grover;;76;221;2004-6-27;Rochester;NY;The United States;;;0
3324;48;14;Jake;Karabela;;73;205;2004-3-7;Guelph;ON;Canada;;;0
3325;-1;-1;Nolan;Chartrand;;75;216;2004-5-6;Kitchener;ON;Canada;;;0
3326;-1;-1;Colton;Smith;;74;220;2004-2-9;Hershey;PA;Canada;;;0
3327;-1;-1;Samuel;Ivanov;;75;210;2003-1-2;Richmond Hill;ON;Canada;;;0
3328;-1;-1;Andrew;Whitton;;76;195;2003-10-25;Orangeville;ON;Canada;;;0
3329;53;53;Brady;Stonehouse;;69;193;2004-8-6;Blenheim;ON;Canada;;;0
3330;-1;-1;Ryan;Gagner;;71;150;2004-4-8;Chatham-Kent;ON;Canada;;;0
3331;20;20;Matthew;Poitras;;72;204;2004-3-10;Brooklin;ON;Canada;;;0
3332;-1;-1;Nolan;Collins;;75;204;2004-4-28;Whitby;ON;Canada;;;0
3333;60;18;Jackson;Edward;;74;204;2004-2-27;Newmarket;ON;Canada;;;0
3334;60;18;Coulson;Pitre;;74;220;2004-12-13;Whitchurch-Stouffville;ON;Canada;;;0
3335;-1;-1;Ryder;McIntyre;;75;225;2004-7-15;Whitchurch-Stouffville;ON;Canada;;;0
3336;-1;-1;Derek;Smyth;;75;181;2004-4-17;St. Catharines;ON;Canada;;;0
3337;-1;-1;Tai;York;;75;193;2004-6-18;Niagara Falls;ON;Canada;;;0
3338;-1;-1;Antonino;Pugliese;;71;201;2004-4-9;Hamilton;ON;Canada;;;0
3339;-1;-1;Julian;Fantino;;71;191;2004-2-5;Vaughan;ON;Canada;;;0
3340;-1;-1;Kyle;Downey;;73;216;2004-3-4;Caledon;ON;Canada;;;0
3341;57;57;Brice;Cooke;;73;203;2004-3-23;Orangeville;ON;Canada;;;0
3342;-1;-1;Michael;Podolioukh;;73;202;2004-11-28;Toronto;ON;Canada;;;0
3343;-1;-1;Liam;Sztuska;;72;209;2004-5-1;Mississauga;ON;Canada;;;0
3344;-1;-1;Josh;Vogelsberg;;74;207;2004-6-4;Vaughan;ON;Canada;;;0
3345;-1;-1;Rodion;Tatarenko;;74;196;2004-6-23;Stavropol;STA;Russia;Canada;;0
3346;-1;-1;Nicholas;Yearwood;;71;196;2004-7-15;Thornhill;ON;Canada;;;0
3347;142;23;Deagen;McMillan;;73;214;2005-1-21;Vernon;BC;Canada;;;0
3348;-1;-1;Luke;Torrance;;72;208;2004-3-30;Oshawa;ON;Canada;;;0
3349;-1;-1;Blake;Smith;;74;214;2004-10-5;Oshawa;ON;Canada;;;0
3350;-1;-1;Gage;Heyes;;72;206;2004-4-21;Oshawa;ON;Canada;;;0
3351;-1;-1;Luca;D'Amato;;71;181;2004-8-18;Vaughan;ON;Canada;;;0
3352;-1;-1;Ryan;Pryce;;74;193;2004-2-6;Toronto;ON;Canada;;;0
3353;-1;-1;Wylie;Birkett;;74;206;2004-3-5;Alliston;ON;Canada;;;0
3354;-1;-1;Quinn;Binnie;;71;204;2004-4-29;Whitchurch-Stouffville;ON;Canada;;;0
3355;-1;-1;Ryan;O'Dell;;77;199;2004-2-14;Whitchurch-Stouffville;ON;Canada;;;0
3356;141;25;Ethan;Miedema;;76;217;2005-3-22;Cobourg;ON;Canada;;;0
3357;62;62;Quinton;Burns;;75;198;2005-4-14;Smiths Falls;ON;Canada;;;0
3358;-1;-1;Beau;Akey;;72;185;2005-2-11;Waterloo;ON;Canada;;;0
3359;-1;-1;Jordyn;Ertel;;72;183;2005-5-16;Kitchener;ON;Canada;;;0
3360;-1;-1;George;Alboim;;75;221;2005-3-15;Uxbridge;ON;Canada;;;0
3361;123;31;Easton;Cowan;;72;202;2005-5-20;Strathroy;ON;Canada;;;0
3362;-1;-1;Noah;Vandenbrink;;72;143;2005-1-6;Belmont;ON;Canada;;;0
3363;-1;-1;Chase;Macqueen-Spence;;71;184;2005-1-9;London;ON;Canada;;;0
3364;-1;-1;Noah;Nelson;;75;174;2005-3-28;London;ON;Canada;;;0
3365;-1;-1;Lucas;Moore;;72;179;2005-1-1;Peterborough;ON;Canada;;;0
3366;-1;-1;Duncan;Schneider;;73;190;2005-7-5;Belleville;ON;Canada;;;0
3367;-1;-1;Cal;Uens;;72;203;2005-2-2;Napanee;ON;Canada;;;0
3368;130;14;Dominic;Pilote;;73;197;2006-1-1;Saint-Hyacinthe;QC;Canada;;;0
3369;-1;-1;Will;Bishop;;76;200;2005-1-1;London;ON;Canada;;;0
3370;-1;-1;Michael;Derbidge;;72;206;2005-4-4;East Gwillimbury;ON;Canada;;;0
3371;142;23;Talon;Brigley;;72;198;2005-2-16;Red Deer;AB;Canada;;;0
3372;142;23;Chris;Thibodeau;;73;192;2005-10-13;Charleston;SC;Canada;The United States;;0
3373;-1;-1;Ethan;Hay;;73;195;2005-1-15;Waterloo;ON;Canada;;;0
3374;-1;-1;Zack;Lewis;;75;187;2005-1-25;Guelph;ON;Canada;;;0
3375;140;17;Tobias;÷hman;;70;198;2006-1-12;Uppsala;UPP;Sweden;;;0
3376;144;8;Kolby;Gapter;;73;194;2006-7-30;Arvada;CO;The United States;;;0
3377;-1;-1;Cole;Brown;;77;170;2005-4-27;Aurora;ON;Canada;;;0
3378;55;9;Christoper;Barlas;;73;198;2005-1-10;Ottawa;ON;Canada;;;0
3379;-1;-1;O;B;;75;185;2005-1-9;Ottawa;ON;Canada;;;0
3380;-1;-1;Alexis;Daviault;;74;190;2005-6-17;Ottawa;ON;Canada;;;0
3381;156;156;Mathieu;Paris;;71;186;2005-1-1;Ottawa;ON;Canada;;;0
3382;59;1;Connor;Arsenault;;75;229;2006-3-1;Saint John;NB;Canada;;;0
3383;-1;-1;Wyatt;Kennedy;;78;215;2005-5-27;Ottawa;ON;Canada;;;0
3384;-1;-1;Justin;Cloutier;;73;174;2005-1-13;Ottawa;ON;Canada;;;0
3385;-1;-1;Jakob;MacRae;;72;203;2005-2-4;Ottawa;ON;Canada;;;0
3386;-1;-1;Alex;Pharand;;74;203;2005-5-1;Sudbury;ON;Canada;;;0
3387;-1;-1;Calem;Mangone;;70;187;2004-9-29;Sault Ste. Marie;ON;Canada;;;0
3388;-1;-1;Cooper;Foster;;72;186;2005-6-4;Sault Ste. Marie;ON;Canada;;;0
3389;-1;-1;Grayson;Tiller;;71;197;2005-2-20;Hamilton;ON;Canada;;;0
3390;-1;-1;Easton;Wainwright;;72;186;2005-1-19;Hamilton;ON;Canada;The United States;;0
3391;-1;-1;Nathaniel;Day;;74;217;2005-1-1;Niagara Falls;ON;Canada;;;0
3392;-1;-1;Braeden;O'Keefe;;71;201;2005-6-8;Hamilton;ON;Canada;;;0
3393;142;23;Alexander;Bales;;71;188;2006-7-6;East Amherst;NY;The United States;;;0
3394;125;125;Taeo;Artichuk;;72;195;2005-2-15;Ajax;ON;Canada;;;0
3395;58;58;Joey;Costanzo;;72;205;2005-7-26;Toronto;ON;Canada;;;0
3396;-1;-1;Ben-Chaim;Lalkin;;72;198;2005-2-7;Mississauga;ON;Canada;;;0
3397;135;2;Carey;Terrance;;76;209;2005-5-10;St. Regis Mohawk Reservation;NY;The United States;Canada;;0
3398;145;3;Matthew;Soto;;72;191;2005-8-31;Oakville;ON;Canada;;;0
3399;58;24;Jack;Pridham;;72;194;2005-7-12;Whitchurch-Stouffville;ON;Canada;;;0
3400;154;154;Calum;Ritchie;;73;213;2005-1-21;Oakville;ON;Canada;;;0
3401;12;12;Nick;Lardis;;71;202;2005-7-8;Oakville;ON;Canada;;;0
3402;-1;-1;Bronson;Ride;;77;213;2005-1-1;Oakville;ON;Canada;;;0
3403;156;154;Owen;Outwater;;75;216;2005-1-4;Oakville;ON;Canada;;;0
3404;156;156;Matthew;Buckley;;71;196;2005-3-21;Oakville;ON;Canada;;;0
3405;156;156;Tristan;Bertucci;;75;179;2005-7-12;Vaughan;ON;Canada;;;0
3406;141;25;Carson;Rehkopf;;75;216;2005-1-7;Toronto;ON;Canada;;;0
3407;-1;-1;James;Guo;;74;189;2005-4-2;Toronto;ON;Canada;;;0
3408;148;30;Luca;Pinelli;;71;190;2005-4-5;Toronto;ON;Canada;;;0
3409;130;14;Will;Felicio;;72;197;2006-5-19;Holden;MA;The United States;;;0
3410;-1;-1;Mitchell;Brooks;;73;184;2005-3-23;Toronto;ON;Canada;;;0
3411;47;0;Luke;Misa;;71;194;2005-11-25;Toronto;ON;Canada;;;0
3412;152;152;Denver;Barkey;;71;204;2005-4-27;Vaughan;ON;Canada;;;0
3413;-1;-1;Chase;Coughlan;;71;203;2005-6-17;Toronto;ON;Canada;;;0
3414;60;18;Angus;MacDonell;;72;212;2005-4-30;Toronto;ON;Canada;;;0
3415;-1;-1;Christopher;Grisolia;;72;168;2005-2-28;Vaughan;ON;Canada;;;0
3416;130;14;Cole;Davis;;72;190;2006-6-22;Sutton;ON;Canada;;;0
3417;59;1;Tyson;Rismond;;73;196;2006-3-30;Sudbury;ON;Canada;;;0
3418;44;30;Nicholas;Sima;;74;216;2005-3-31;Mississauga;ON;Canada;;;0
3419;125;125;Stefan;Forgione;;72;194;2005-1-1;Vaughan;ON;Canada;;;0
3420;125;125;Andrew;Wycisk;;72;191;2005-7-1;Vaughan;ON;Canada;;;0
3421;-1;-1;Nathan;Sauder;;73;204;2005-2-1;Mississauga;ON;Canada;;;0
3422;28;28;Cameron;Allen;;71;202;2005-1-7;Toronto;ON;Canada;;;0
3423;132;12;Declan;Waddick;;71;201;2005-1-24;Lakeshore;ON;Canada;;;0
3424;-1;-1;Andrew;Gibson;;75;213;2005-2-13;Windsor;ON;Canada;;;0
3425;129;27;Andrew;Basha;;72;182;2005-11-8;Windsor;ON;Canada;;;0
3426;-1;-1;Sebastien;Gervais;;75;196;2005-4-11;Windsor;ON;Canada;;;0
3427;-1;-1;Ethan;Martin;;76;192;2005-1-1;Stratford;ON;Canada;;;0
3428;-1;-1;Timofei;Kovgorenya;;75;202;2003-2-13;Minsk;MIN;Belarus;;;0
3429;-1;-1;Ty;Cheveldayoff;;76;222;2003-5-14;Edmonton;AB;Canada;;;0
3430;-1;-1;Carter;Geoffroy;;73;185;2002-5-1;St. Catharines;ON;Canada;;;0
3431;-1;-1;Alexander;Lukin;;74;222;2004-3-27;Moscow;MOS;Russia;;;0
3432;-1;-1;Avval;Baisov;;73;217;2004-4-26;Khanty-Mansiysk;KHA;Russia;;;0
3433;-1;-1;Manny;Panghli;;73;198;2004-8-23;Kamloops;BC;Canada;;;0
3434;-1;-1;Abakar;Kazbekov;;76;197;2004-5-30;Moscow;MOS;Russia;Canada;;0
3435;-1;-1;Carter;Bickle;;73;195;2004-5-27;Brooklin;ON;Canada;;;0
3436;-1;-1;Nicolas;Surzycia;;73;197;2004-12-17;Toronto;ON;Canada;;;0
3437;-1;-1;Ian;Michelone;;75;215;2004-6-21;Ottawa;ON;Canada;;;0
3438;-1;-1;Michael;MacLean;;77;208;2004-8-5;Ottawa;ON;Canada;;;0
3439;-1;-1;Owen;MacDonald;;72;170;2004-8-28;Sarnia;ON;Canada;;;0
3440;26;26;Quentin;Musty;;75;229;2005-7-6;Hamburg;NY;The United States;;;0
3441;53;8;Juan;Copeland;;72;196;2005-9-3;Fowlerville;MI;The United States;;;0
3442;-1;-1;Olivier;Savard;;74;193;2005-1-14;Joliette;QC;Canada;;;0
3443;60;18;Marco;Mignosa;;72;187;2005-4-13;Vaughan;ON;Canada;;;0
3444;-1;-1;Brad;Gardiner;;74;210;2005-3-6;Aurora;ON;Canada;;;0
3445;38;38;Thomas;Chafe;;71;187;2005-4-19;St. John's;NL;Canada;;;0
3446;57;12;Cameron;Mercer;;72;195;2005-5-27;Barrie;ON;Canada;;;0
3447;-1;-1;Matthew;Mania;;74;194;2005-1-11;Olmsted Falls;OH;The United States;;;0
3448;-1;-1;Matthew;Andonovski;;77;198;2005-3-14;Markham;ON;Canada;;;0
3449;-1;-1;Owen;Pitters;;72;199;2005-2-5;Chesterfield;IN;The United States;;;0
3450;131;1;Dmitry;Pankov;;71;187;2007-4-19;Ufa;BAS;Russia;;;0
3451;-1;-1;Kenneth;Augustine;;72;213;2005-2-23;South Lyon;MI;The United States;;;0
3452;-1;-1;Oliver;Peer;;73;165;2002-11-30;Surrey;BC;Canada;;;0
3453;-1;-1;Parker;Petruniak;;78;194;2003-5-9;Edmonton;AB;Canada;;;0
3454;-1;-1;Dwayne;Jean;;71;177;2004-4-8;Edmonton;AB;Canada;;;0
3455;-1;-1;Sami;Douglas-Najem;;74;220;2004-1-21;Belleville;ON;Canada;;;0
3456;-1;-1;Kai;Schwindt;;75;201;2003-12-17;Waterloo;ON;Canada;;;0
3457;-1;-1;Brayden;Crampton;;72;161;2004-5-2;Chilliwack;BC;Canada;;;0
3458;-1;-1;Adrian;Misaljevic;;71;205;2004-7-10;Vaughan;ON;Canada;;;0
3459;-1;-1;Aiden;Berry;;73;188;2003-6-9;London;ON;Canada;;;0
3460;-1;-1;Tanner;Ryan;;73;183;2004-1-23;Ste. Anne;MB;Canada;;;0
3461;57;12;Maxim;Barbashev;;72;210;2003-12-18;Moscow;MOS;Russia;;;0
3462;29;29;Ivan;Zhigalov;;76;217;2003-4-30;Minsk;MIN;Belarus;;;0
3463;-1;-1;H;H;;72;194;2003-6-1;Berlin;BER;Germany;;;0
3464;43;43;Vsevolod;Komarov;;73;193;2004-1-11;Chelyabinsk;CHE;Russia;;;0
3465;-1;-1;R;A;;73;194;2002-1-29;Riga;RIG;Latvia;;;0
3466;-1;-1;Andrei;Loshko;;74;189;2004-10-7;Zhlobin;GOM;Belarus;;;0
3467;-1;-1;Daniil;Bourosh;;73;196;2004-4-15;Minsk;MIN;Belarus;;;0
3468;-1;-1;Peter;Reynolds;;71;179;2003-1-20;Fredericton;NB;Canada;;;0
3469;-1;-1;Luka;Gomboc;;73;184;2003-11-1;Kranj;GOR;Slovenia;;;0
3470;-1;-1;Brett;Budgell;;72;193;2001-6-1;St. John's;NL;Canada;;;0
3471;-1;-1;Jaxon;Bellamy;;76;213;2001-2-10;Hampton;NB;Canada;;;0
3472;-1;-1;Oliver;äatn˝;;73;207;2003-8-3;Tabor;JIH;Czech Republic;;;0
3473;47;0;David;äpacek;;73;199;2003-2-18;Columbus;OH;Czech Republic;;;0
3474;-1;-1;Louis;Robin;;70;166;2003-1-13;Yverdon;VD;Switzerland;;;0
3475;-1;-1;Maxime;Blanchard;;72;176;2001-4-22;Welland;ON;Canada;;;0
3476;-1;-1;Sergei;Litvinov;;72;203;2003-10-20;St. Petersburg;SAI;Russia;Canada;;0
3477;-1;-1;Tristan;Allard;;73;192;2002-6-23;Ottawa;ON;Canada;France;;0
3478;-1;-1;FÈlix;Lafrance;;70;171;2001-6-20;Saint-Eustache;QC;Canada;;;0
3479;-1;-1;Alexandre;Joncas;;71;178;2001-3-22;Blainville;QC;Canada;;;0
3480;141;25;Jakub;Hujer;;75;213;2004-6-17;Prague;PRA;Czech Republic;;;0
3481;-1;-1;Martin;Haö;;76;211;2001-2-2;Prague;PRA;Czech Republic;;;0
3482;-1;-1;ThÈo;Rochette;;71;180;2002-2-20;Neuch‚tel;NE;Switzerland;Canada;;0
3483;-1;-1;Lorenzo;Canonica;;71;202;2003-9-3;Pratteln;BL;Switzerland;;;0
3484;-1;-1;C;M;;74;191;2003-5-4;Hammonds Plains Road;NS;Canada;;;0
3485;-1;-1;J;R;;73;190;2003-8-6;Saint-Georges;QC;Canada;;;0
3486;53;8;Niks;Fenenko;;73;212;2004-8-18;Riga;RIG;Latvia;;;0
3487;-1;-1;Anri;Ravinskis;;75;213;2003-1-2;Riga;RIG;Latvia;;;0
3488;-1;-1;Harijs;Brants;;72;185;2002-5-3;Valmiera;VAL;Latvia;;;0
3489;-1;-1;Colin;Ratt;;76;217;2003-12-11;Maniwaki;QC;Canada;;;0
3490;-1;-1;Yevgeni;Kashnikov;;78;215;2002-12-25;Moscow;MOS;Russia;;;0
3491;-1;-1;Julien;Rod;;72;185;2004-11-22;La Chaux-de-Fonds;NE;Switzerland;;;0
3492;58;58;Peter;Repcik;;73;200;2004-1-9;Kosice;KOS;Slovakia;;;0
3493;-1;-1;Logan;Chisholm;;70;182;2001-8-8;Antigonish;NS;Canada;;;0
3494;-1;-1;Ryan;Francis;;71;194;2001-12-2;Sackville;NS;Canada;;;0
3495;-1;-1;Brooklyn;Kalmikov;;72;186;2001-4-21;St. John's;NL;Canada;Ukraine;;0
3496;-1;-1;Noah;Laaouan;;72;185;2001-3-7;Halifax;NS;Canada;;;0
3497;-1;-1;Thomas;Pelletier;;75;203;2001-8-23;Quebec City;QC;Canada;;;0
3498;-1;-1;Jonathan;Lemieux;;75;212;2001-6-8;Saint-Hyacinthe;QC;Canada;;;0
3499;-1;-1;JÈrÈmy;Michel;;73;188;2001-5-2;LÈvis;QC;Canada;;;0
3500;-1;-1;Pierrick;DubÈ;;70;178;2001-1-7;Lyon;RHÙ;France;Canada;;0
3501;-1;-1;Mathieu;Bizier;;74;224;2001-5-13;LÈvis;QC;Canada;;;0
3502;-1;-1;Christopher;Innis;;71;203;2001-1-22;Longueuil;QC;Canada;;;0
3503;-1;-1;Senna;Peeters;;73;204;2002-6-14;Deurne;OVE;Austria;Belgium;;0
3504;-1;-1;Oleksii;Myklukha;;71;191;2002-11-25;Bialystok;POD;Slovakia;Ukraine;Poland;0
3505;-1;-1;MichaÎl;Pellerin;;72;208;2001-6-14;Saint-Constant;QC;Canada;;;0
3506;-1;-1;Vincent;Despont;;75;202;2003-2-22;ThÙnex;GE;Switzerland;;;0
3507;-1;-1;Sean;Larochelle;;70;177;2001-2-11;Varennes;QC;Canada;;;0
3508;-1;-1;Fabio;Iacobo;;73;214;2001-10-26;Montreal;QC;Canada;;;0
3509;-1;-1;Josh;Lawrence;;71;188;2002-1-28;Fredericton;NB;Canada;;;0
3510;-1;-1;C;W;;76;188;2003-5-5;Kentville;NS;Canada;;;0
3511;-1;-1;Vincent;SÈvigny;;75;192;2001-4-14;Quebec City;QC;Canada;;;0
3512;-1;-1;Alexander;Mirzabalayev;;71;202;2002-9-27;Moscow;MOS;Russia;;;0
3513;59;1;Jan;Bedn·r;;76;232;2002-8-26;Karlovy Vary;KAR;Czech Republic;;;0
3514;62;19;Joey;Vetrano;;71;204;2004-1-31;Montreal;QC;Canada;;;0
3515;-1;-1;Xavier;Parent;;69;188;2001-3-23;Blainville;QC;Canada;;;0
3516;-1;-1;X;S;;68;181;2001-5-19;Saint-AndrÈ-Avellin;QC;Canada;;;0
3517;-1;-1;Zack;Jones;;71;194;2001-3-31;Bridgewater;NS;The United States;;;0
3518;36;36;Justin;CÙtÈ;;71;180;2004-7-11;Salaberry-de-Valleyfield;QC;Canada;;;0
3519;-1;-1;Cole;Cormier;;71;178;2002-2-21;Dieppe;NB;Canada;Switzerland;;0
3520;-1;-1;Charlie;Desroches;;72;201;2002-4-24;Kensington;PE;Canada;;;0
3521;-1;-1;Alexandre;Doucet;;72;187;2002-1-12;Richmond;QC;Canada;;;0
3522;-1;-1;Francesco;Lapenna;;72;213;2002-7-8;Laval;QC;Canada;;;0
3523;-1;-1;MiguÎl;Tourigny;;69;190;2002-2-9;Victoriaville;QC;Canada;;;0
3524;-1;-1;StÈphane;Huard;;71;203;2002-1-6;Blainville;QC;Canada;;;0
3525;-1;-1;Simon;Lavigne;;75;187;2001-5-26;Blainville;QC;Canada;;;0
3526;-1;-1;Julien;Anctil;;74;200;2001-4-5;Laval;QC;Canada;;;0
3527;-1;-1;W;D;;76;206;2002-1-28;Quebec City;QC;Canada;;;0
3528;-1;-1;Kevyn;Brassard;;76;215;2002-6-1;Longueuil;QC;Canada;;;0
3529;-1;-1;Kale;McCallum;;71;201;2002-2-14;Saint John;NB;Canada;;;0
3530;-1;-1;William;Provost;;73;194;2002-4-9;Senneterre;QC;Canada;;;0
3531;-1;-1;Olivier;Adam;;75;220;2002-5-20;Drummondville;QC;Canada;;;0
3532;-1;-1;Antoine;Desrochers;;70;159;2002-5-10;Victoriaville;QC;Canada;;;0
3533;-1;-1;Xavier;Filion;;74;187;2002-10-2;Plessisville;QC;Canada;;;0
3534;-1;-1;Simon;Pinard;;71;203;2001-5-26;Drummondville;QC;Canada;;;0
3535;-1;-1;Pier-Olivier;Roy;;70;183;2002-3-9;Lac-Etchemin;QC;Canada;;;0
3536;-1;-1;Maximilien;Ledoux;;73;218;2002-1-5;Joliette;QC;Canada;;;0
3537;-1;-1;Massimo;Siciliano;;72;195;2002-8-8;Mascouche;QC;Canada;Italy;;0
3538;-1;-1;David;Lafrance;;73;204;2001-5-17;Ottawa;ON;Canada;;;0
3539;-1;-1;I;B;;74;185;2002-11-26;Magog;QC;Canada;;;0
3540;-1;-1;Antoine;Coulombe;;72;207;2002-3-16;Montmagny;QC;Canada;;;0
3541;-1;-1;Olivier;Coulombe;;71;186;2002-3-16;Quebec City;QC;Canada;;;0
3542;-1;-1;X;B;;72;175;1949-10-22;Saint-Jean-Port-Joli;QC;Canada;;;0
3543;-1;-1;William;Veillette;;72;192;2002-4-4;LÈvis;QC;Canada;;;0
3544;-1;-1;Nicolas;Kingsbury-Fournier;;72;204;2002-4-3;Blainville;QC;Canada;;;0
3545;-1;-1;Evan;Boucher;;74;221;2002-4-3;Ottawa;ON;Canada;;;0
3546;-1;-1;Logan;Camp;;73;204;2002-3-6;Bedford;NS;Canada;;;0
3547;-1;-1;Alex;Drover;;71;176;2002-7-4;Channel-Port aux Basques;NL;Canada;;;0
3548;-1;-1;Ben;Allison;;76;196;2002-8-21;Halifax;NS;Canada;;;0
3549;-1;-1;Brady;Burns;;69;172;2002-5-27;Wolfville;NS;Canada;;;0
3550;-1;-1;Jonah;De Simone;;71;172;2002-2-24;Richmond Hill;ON;Canada;;;0
3551;-1;-1;Dawson;Stairs;;73;215;2002-1-25;Fredericton;NB;Canada;;;0
3552;-1;-1;Chad;Arsenault;;70;197;2002-2-7;Saint-RaphaÎl;QC;Canada;;;0
3553;-1;-1;Keiran;Gallant;;69;170;2002-6-20;Kensington;PE;Canada;;;0
3554;-1;-1;Cole;Larkin;;74;188;2002-9-13;Charlottetown;PE;Canada;;;0
3555;-1;-1;Charles;Beaudoin;;74;188;2002-2-21;Bromont;QC;Canada;;;0
3556;-1;-1;Patrick;Guay;;69;189;2002-4-29;Magog;QC;Canada;;;0
3557;-1;-1;Olivier;Picard;;72;191;2002-2-12;Windsor;QC;Canada;;;0
3558;-1;-1;Jacob;Dion;;71;189;2001-11-1;Windsor;QC;Canada;;;0
3559;-1;-1;Marshall;Lessard;;71;200;2002-9-20;Magog;QC;Canada;;;0
3560;-1;-1;Paul;DorÈ;;73;214;2002-4-26;Vancouver;BC;Canada;;;0
3561;-1;-1;Conor;Frenette;;70;188;2001-2-23;Gatineau;QC;Canada;;;0
3562;-1;-1;Anthony;Hamel;;70;181;2002-1-19;Gatineau;QC;Canada;;;0
3563;-1;-1;M;L;;71;184;2002-11-23;Salt Lake City;UT;Canada;The United States;Switzerland;0
3564;-1;-1;Charles-Antoine;LavallÈe;;75;210;2002-3-19;Sorel-Tracy;QC;Canada;;;0
3565;-1;-1;Maverick;Gauthier;;71;174;2002-3-13;Boucherville;QC;Canada;;;0
3566;-1;-1;Francis;Langlois;;71;173;2002-7-19;Saint-Jean-sur-Richelieu;QC;Canada;;;0
3567;-1;-1;Loris;Rafanomezantsoa;;73;190;2002-1-5;Trois-RiviËres;QC;Canada;Madagascar;;0
3568;-1;-1;Jakob;Robillard;;75;198;2002-3-20;London;ON;Canada;;;0
3569;-1;-1;Vincent;Labelle;;70;182;2002-9-3;Ottawa;ON;Canada;;;0
3570;-1;-1;Christophe;Chiasson;;74;201;2002-5-27;Cap-aux-Meules;QC;Canada;;;0
3571;-1;-1;Nicholas;Savoie;;72;194;2002-5-30;Dieppe;NB;Canada;;;0
3572;-1;-1;Patrick;LeBlanc;;73;190;2002-5-30;Moncton;NB;Canada;;;0
3573;-1;-1;Marc-Antoine;Mercier;;76;200;2002-5-25;Forestville;QC;Canada;;;0
3574;-1;-1;Charles-Antoine;Dumont;;71;179;2002-10-11;LÈvis;QC;Canada;;;0
3575;-1;-1;Nikolas;Hurtubise;;70;168;2002-4-18;Mirabel;QC;Canada;;;0
3576;-1;-1;JÈrÈmy;Lapointe;;74;219;2002-9-2;Drummondville;QC;Canada;;;0
3577;-1;-1;Thomas;Belzile;;75;199;2002-10-7;Sainte-Julie;QC;Canada;;;0
3578;-1;-1;W;T;;72;190;2002-10-11;Varennes;QC;Canada;;;0
3579;-1;-1;JÈrÈmie;Biakabutuka;;76;203;2002-3-5;Longueuil;QC;Canada;Congo;;0
3580;-1;-1;Gabriel;Jackson;;75;191;2001-3-20;Quebec City;QC;Canada;;;0
3581;-1;-1;Riley;Bezeau;;72;203;2002-5-4;Mansfield;MA;The United States;Canada;;0
3582;-1;-1;Stephen;Davis;;71;209;2002-1-9;Hingham;MA;The United States;;;0
3583;-1;-1;Nicolas;Daigle;;71;189;2002-9-27;Thetford Mines;QC;Canada;;;0
3584;-1;-1;Zachary;Roy;;73;191;2002-1-7;Les Coteaux;QC;Canada;;;0
3585;-1;-1;Xavier;Fortin;;71;177;2002-2-7;Mirabel;QC;Canada;;;0
3586;-1;-1;…tienne;Arseneau;;76;201;2002-4-23;Cap-aux-Meules;QC;Canada;;;0
3587;-1;-1;Zachary;Gravel;;73;190;2002-8-14;Trois-RiviËres;QC;Canada;;;0
3588;-1;-1;William;Minville;;73;198;2002-4-28;Saint-Jean-sur-Richelieu;QC;Canada;;;0
3589;-1;-1;Romain;Rodzinski;;73;196;2002-5-14;Lausanne;VD;Canada;Switzerland;;0
3590;-1;-1;Alex;Falardeau;;72;178;2002-9-23;LÈvis;QC;Canada;;;0
3591;-1;-1;Owen;Saye;;71;205;2002-1-5;Toronto;ON;Canada;;;0
3592;-1;-1;Kaylen;Gauthier;;71;204;2002-4-23;Drummondville;QC;Canada;;;0
3593;-1;-1;…douard;Cournoyer;;71;179;2002-3-12;Saint-Majorique-de-Grantham;QC;Canada;;;0
3594;-1;-1;Vincent;Fredette;;69;187;2002-1-30;Napierville;QC;Canada;;;0
3595;-1;-1;Thomas;Belgarde;;72;198;2002-1-29;Saint-Georges;QC;Canada;;;0
3596;-1;-1;Ludovic;Soucy;;76;201;2001-3-23;La PocatiËre;QC;Canada;;;0
3597;-1;-1;JÈrÈmy;Martin;;71;199;2001-2-15;Sainte-Catherine;QC;Canada;;;0
3598;154;154;Tristan;Luneau;;75;230;2004-1-12;Trois-RiviËres;QC;Canada;;;0
3599;-1;-1;Carl-…tienne;Michel;;75;201;2004-4-23;Magog;QC;Canada;;;0
3600;-1;-1;JÈrÈmy;Michaud;;70;198;2001-4-24;Victoriaville;QC;Canada;;;0
3601;-1;-1;Nicholas;Girouard;;75;209;2001-5-21;Notre-Dame-de-l'Œle-Perrot;QC;Canada;;;0
3602;-1;-1;Benjamin;Corbeil;;72;185;2001-3-16;Granby;QC;Canada;;;0
3603;-1;-1;Xavier;Cormier;;71;188;2001-5-30;Pont-Rouge;QC;Canada;;;0
3604;-1;-1;Zachary;Massicotte;;76;221;2001-3-15;Notre-Dame-du-Mont-Carmel;QC;Canada;;;0
3605;-1;-1;Samuel;Richard;;72;210;2001-3-12;Sainte-Catherine;QC;Canada;;;0
3606;-1;-1;Samuel;RÈgis;;71;201;2001-7-12;Montreal;QC;Canada;;;0
3607;-1;-1;Mathieu;Gagnon;;71;190;2001-4-30;Gatineau;QC;Canada;;;0
3608;-1;-1;William;Rouleau;;72;177;2001-1-9;Saint-Basile-Sud;QC;Canada;;;0
3609;-1;-1;Jacob;Gaucher;;76;209;2001-3-9;Chambly;QC;Canada;;;0
3610;-1;-1;…mile;Lauzon;;73;194;2001-5-10;Val-d'Or;QC;Canada;;;0
3611;-1;-1;Liam;Kidney;;72;185;2001-7-18;Enfield;NS;Canada;;;0
3612;-1;-1;Kieran;Craig;;71;192;2001-8-17;Alexandria;ON;Canada;;;0
3613;-1;-1;RÈmi;Poirier;;74;213;2001-10-6;Farnham;QC;Canada;;;0
3614;-1;-1;Zachary;Beauregard;;67;159;2001-2-20;Repentigny;QC;Canada;;;0
3615;-1;-1;Samuel;Desgroseilliers;;70;181;2001-1-12;Salaberry-de-Valleyfield;QC;Canada;;;0
3616;-1;-1;P;D;;72;176;2001-11-5;Barrie;ON;Canada;;;0
3617;-1;-1;Matej;Kaslik;;72;194;2002-8-5;Roznava;KOS;Slovakia;;;0
3618;-1;-1;Alex;Arsenault;;70;166;2002-10-16;Winnipeg;MB;Canada;;;0
3619;-1;-1;Bennett;MacArthur;;73;205;2001-1-30;Summerside;PE;Canada;;;0
3620;-1;-1;Yevgeni;Sapelnikov;;72;183;2002-1-9;Gomel;GOM;Belarus;;;0
3621;-1;-1;Ivan;Ivan;;71;183;2002-8-20;Roudnice;UST;Czech Republic;;;0
3622;-1;-1;Riley;Pitt;;77;179;2003-2-19;Wasaga Beach;ON;Canada;;;0
3623;-1;-1;Nolan;Forster;;71;185;2003-8-21;Mississauga;ON;Canada;;;0
3624;-1;-1;Connor;Olson;;76;216;2002-3-28;London;ON;Canada;;;0
3625;-1;-1;Brendan;Bays;;72;197;2002-4-10;Ottawa;ON;Canada;;;0
3626;-1;-1;Jacob;Chantler;;73;183;2002-8-15;London;ON;Canada;;;0
3627;-1;-1;J;R;;69;189;2003-3-13;Moncton;NB;Canada;The United States;;0
3628;-1;-1;O;N;;74;199;2003-1-15;Lac-Etchemin;QC;Canada;;;0
3629;-1;-1;E;N;;74;187;2003-1-20;Montreal;QC;Canada;;;0
3630;38;25;Nathan;Gaucher;;75;227;2003-11-6;Richelieu;QC;Canada;;;0
3631;-1;-1;Israel;Mianscum;;75;216;2003-4-18;Rouyn-Noranda;QC;Canada;;;0
3632;-1;-1;R;K;;71;175;2003-3-25;Enfield;NS;Canada;;;0
3633;30;30;Maxime;Pellerin;;73;199;2003-2-18;Victoriaville;QC;Canada;;;0
3634;57;12;Olivier;Boutin;;70;190;2003-1-20;LÈvis;QC;Canada;;;0
3635;-1;-1;J;M;;73;206;2003-4-22;Amherst;NS;Canada;;;0
3636;-1;-1;C;H;;76;198;2003-5-14;Fredericton;NB;Canada;The United States;;0
3637;55;9;JÈrÈmy;Langlois;;73;200;2003-9-19;Quebec City;QC;Canada;;;0
3638;-1;-1;O;P;;72;190;2003-5-18;Halifax;NS;Canada;;;0
3639;-1;-1;Tristan;Roy;;74;211;2003-3-5;Saint-Cyrill-de-Wendover;QC;Canada;;;0
3640;-1;-1;Charle;Truchon;;74;181;2003-3-27;Matane;QC;Canada;;;0
3641;-1;-1;FÈlix;Paquet;;76;215;2003-7-19;Bedford;QC;Canada;;;0
3642;-1;-1;David;Doucet;;72;200;2003-3-14;Miramichi;NB;Canada;;;0
3643;-1;-1;Drew;Elliot;;70;190;2003-4-4;Saint John;NB;Canada;;;0
3644;-1;-1;Zach;Biggar;;72;189;2003-3-1;Kensington;PE;Canada;;;0
3645;20;20;Elliott;Lavoie;;75;209;2003-4-18;LÈvis;QC;Canada;;;0
3646;-1;-1;T;H;;75;189;2003-3-12;Gatineau;QC;Canada;;;0
3647;-1;-1;Jacob;Goobie;;70;196;2003-5-8;Halifax;NS;Canada;;;0
3648;-1;-1;Justin;Gill;;73;206;2003-1-27;Deux-Montagnes;QC;Canada;;;0
3649;-1;-1;Charles;Savoie;;75;194;2003-1-14;Saint-Eustache;QC;Canada;;;0
3650;-1;-1;Emerik;Despatie;;73;198;2003-6-22;Cantley;QC;Canada;;;0
3651;-1;-1;Mikael;Diotte;;76;209;2003-4-10;Sainte-Julie;QC;Canada;;;0
3652;-1;-1;Julien;HÈbert;;72;208;2003-7-9;Montmagny;QC;Canada;;;0
3653;-1;-1;Zackary;Michaud;;75;197;2003-5-4;Sherbrooke;QC;Canada;;;0
3654;-1;-1;Jacob;Squires;;73;197;2003-3-5;Charlottetown;PE;Canada;;;0
3655;-1;-1;Milo;Roelens;;78;207;2003-1-16;Quebec City;QC;Canada;Belgium;;0
3656;62;62;William;Blackburn;;72;212;2003-9-1;HÈbertville;QC;Canada;;;0
3657;-1;-1;Charles;Boutin;;71;205;2003-1-31;Quebec City;QC;Canada;;;0
3658;-1;-1;Matthew;MacDonald;;71;186;2003-11-19;Halifax;NS;Canada;;;0
3659;-1;-1;Connor;Trenholm;;73;198;2003-8-5;Halifax;NS;Canada;;;0
3660;-1;-1;Alexis;Brisson;;75;200;2003-12-11;Montreal;QC;Canada;;;0
3661;-1;-1;Daniel;Agostino;;70;182;2003-6-17;Montreal;QC;Canada;;;0
3662;-1;-1;Sam;McKinney;;70;183;2002-7-25;Oromocto;NB;Canada;;;0
3663;-1;-1;Justin;Bergeron;;75;214;2003-9-10;Bromont;QC;Canada;;;0
3664;-1;-1;Hugo;Audette;;68;184;2003-1-7;Mercier;QC;Canada;;;0
3665;-1;-1;Mathis;Cloutier;;73;191;2003-1-26;Mirabel;QC;Canada;;;0
3666;-1;-1;Julien;BÈland;;76;183;2003-7-24;Saanich;BC;Canada;;;0
3667;-1;-1;ZachaÎl;Turgeon;;73;186;2003-5-16;Amos;QC;Canada;;;0
3668;-1;-1;Anthony;Di Cesare;;70;185;2003-6-24;Saint-Eustache;QC;Canada;;;0
3669;-1;-1;Nicolas;Pavan;;74;199;2003-6-23;Beaconsfield;QC;Canada;;;0
3670;43;43;FrÈdÈric;Brunet;;76;217;2003-8-21;Gatineau;QC;Canada;;;0
3671;-1;-1;Andrew;Belchamber;;71;177;2003-4-3;Gatineau;QC;Canada;;;0
3672;-1;-1;Thomas;Couture;;70;178;2002-2-16;LÈvis;QC;Canada;;;0
3673;-1;-1;Samuel;Johnson;;72;188;2002-11-7;Carleton;QC;Canada;;;0
3674;40;20;Michael;Jumper;;74;208;2003-9-1;Beaconsfield;QC;Canada;;;0
3675;-1;-1;B;B;;77;204;2003-8-23;Dartmouth;NS;Canada;;;0
3676;-1;-1;Philippe;Cloutier;;75;216;2003-11-12;Maple Ridge;BC;Canada;;;0
3677;-1;-1;Conor;Shortall;;70;196;2003-4-29;St. John's;NL;Canada;;;0
3678;-1;-1;LoÔck;Daigle;;71;172;2002-1-31;Ch‚teauguay;QC;Canada;;;0
3679;-1;-1;William;Rousseau;;73;213;2003-1-9;Trois-RiviËres;QC;Canada;;;0
3680;-1;-1;Mathys;Poulin;;73;190;2003-9-12;Sherbrooke;QC;Canada;;;0
3681;-1;-1;Mikael;Huchette;;75;225;2003-8-1;Saint-Hyacinthe;QC;Canada;;;0
3682;-1;-1;FÈlix;Larose;;73;201;2003-5-26;Montreal;QC;Canada;;;0
3683;-1;-1;Mathis;Gauthier;;73;196;2003-6-21;Montreal;QC;Canada;;;0
3684;-1;-1;Mathis;Dorcal-Madore;;72;183;2003-4-24;Victoriaville;QC;Canada;;;0
3685;-1;-1;Marc-Antoine;SÈguin;;72;180;2003-1-27;Gatineau;QC;Canada;;;0
3686;-1;-1;Nicholas;Sheehan;;71;197;2003-11-23;Moncton;NB;Canada;;;0
3687;-1;-1;MikaÎl;Denis;;71;184;2003-11-12;RiviËre-du-Loup;QC;Canada;;;0
3688;-1;-1;Jack;Campbell;;71;170;2003-9-3;Souris;PE;Canada;;;0
3689;-1;-1;Ventsislav;Shingarov;;74;216;2003-4-15;Sofia;SOF;Canada;Bulgaria;;0
3690;-1;-1;Brady;James;;73;206;2003-2-19;Beaconsfield;QC;Canada;;;0
3691;136;10;Marc-Andre;Gaudet;;75;208;2003-10-24;Moncton;NB;Canada;;;0
3692;-1;-1;…douard;Carrier;;71;181;2003-7-28;LÈvis;QC;Canada;;;0
3693;0;0;James;Malatesta;;71;201;2003-5-31;Kirkland;QC;Canada;;;0
3694;-1;-1;Charles-Antoine;Pilote;;75;203;2003-1-7;Saint-Lambert;QC;Canada;;;0
3695;-1;-1;Mathis;Demers;;70;159;2002-3-21;LÈvis;QC;Canada;;;0
3696;37;37;Alexis;Gendron;;74;193;2003-12-30;Salaberry-de-Valleyfield;QC;Canada;;;0
3697;-1;-1;Lou-FÈlix;Denis;;71;176;2003-3-21;Laval;QC;Canada;;;0
3698;-1;-1;Julien;Bourget;;71;183;2003-9-25;Sherbrooke;QC;Canada;;;0
3699;-1;-1;Isaac;Dufort;;73;187;2003-3-13;Laval;QC;Canada;;;0
3700;-1;-1;Anthony;Munroe-Boucher;;72;187;2002-6-27;LÈvis;QC;Canada;;;0
3701;-1;-1;Fabrice;Fortin;;71;189;2003-5-8;Saint-FÈlicien;QC;Canada;;;0
3702;-1;-1;…mile;Chouinard;;77;204;2003-3-26;Quebec City;QC;Canada;;;0
3703;-1;-1;…mile;Gadoury;;70;182;2003-1-28;Bedford;QC;Canada;;;0
3704;-1;-1;Jonathan;Desrosiers;;72;202;2003-2-7;Dieppe;NB;Canada;;;0
3705;-1;-1;Matt;McQuaid;;74;187;2003-3-12;Vernon;BC;Canada;;;0
3706;-1;-1;Alexander;Gaudio;;77;234;2003-7-28;Laval;QC;Canada;;;0
3707;-1;-1;Michael;Horth;;74;188;2003-10-16;Saint-Georges;QC;Canada;;;0
3708;-1;-1;Vincent;Maisonneuve;;74;181;2003-6-15;Macdonald, Meredith and Aberdeen Additional;ON;Canada;;;0
3709;-1;-1;JÈrÈmy;Sainte-Marie;;71;183;2003-2-20;Quebec City;QC;Canada;;;0
3710;-1;-1;FÈlix;BÈdard;;73;185;2003-11-19;Hamilton;ON;Canada;;;0
3711;-1;-1;Jaheem;LagacÈ-Aurelien;;72;185;2003-3-7;Mascouche;QC;Canada;;;0
3712;-1;-1;…mile;Lambert;;76;174;2003-11-20;La PocatiËre;QC;Canada;;;0
3713;-1;-1;Anthony;Turcotte;;74;190;2003-5-27;Val-d'Or;QC;Canada;;;0
3714;-1;-1;Paul-Edward;Vollant;;72;172;2003-6-8;Trois-RiviËres;QC;Canada;;;0
3715;-1;-1;Nathan;Darveau;;71;181;2003-3-20;Rouyn-Noranda;QC;Canada;;;0
3716;-1;-1;Michael;Sack;;73;168;2003-1-6;Elmsdale;NS;Canada;;;0
3717;-1;-1;Alexis;Morin;;71;195;2003-5-31;Quebec City;QC;Canada;;;0
3718;-1;-1;Nick;Blagden;;72;211;2002-10-23;Saint John;NB;Canada;;;0
3719;-1;-1;Mareck;Jean;;74;211;2003-1-2;Saguenay;QC;Canada;;;0
3720;-1;-1;Kian;Bell;;71;174;2003-9-12;Fall River;NS;Canada;;;0
3721;-1;-1;Sam;Archibald;;71;185;2003-9-17;Debert;NS;Canada;;;0
3722;-1;-1;Alexandre;Lamarre;;72;182;2003-12-28;Bay Roberts;NL;Canada;;;0
3723;-1;-1;Tommy;Cormier;;72;184;2003-7-23;Pont-Rouge;QC;Canada;;;0
3724;-1;-1;Carter;McCluskey;;71;161;2003-8-17;Tilsonburg;ON;Canada;;;0
3725;-1;-1;Ludovic;Dufort;;75;197;2003-3-13;Laval;QC;Canada;;;0
3726;-1;-1;Simon;Maltais;;76;201;2003-3-15;Moncton;NB;Canada;;;0
3727;-1;-1;Jared;Cosman;;71;190;2003-1-8;Saint John;NB;Canada;;;0
3728;-1;-1;J;B;;74;160;2003-9-11;Brno;JHM;Czech Republic;;;0
3729;-1;-1;Noah;Patenaude;;73;208;2002-12-24;Neuch‚tel;NE;Switzerland;Canada;;0
3730;60;18;Jack;Smith;;74;194;2003-1-29;Oulu;NOS;Finland;;;0
3731;54;10;Cam;Squires;;74;219;2005-4-11;Charlottetown;PE;Canada;;;0
3732;-1;-1;Attilio;Biasca;;73;216;2003-3-18;Zug;ZG;Switzerland;;;0
3733;-1;-1;Landon;Miron;;74;205;2002-10-30;Dartmouth;NS;Canada;;;0
3734;-1;-1;…douard;Charron;;73;190;2001-9-12;La PocatiËre;QC;Canada;;;0
3735;-1;-1;Marc-Antoine;PÈpin;;76;194;2001-3-7;BÈcancour;QC;Canada;;;0
3736;-1;-1;…mile;HÈgarty-Aubin;;72;196;2001-1-13;Chambly;QC;Canada;;;0
3737;-1;-1;Luka;Verreault;;71;190;2002-5-2;Rimouski;QC;Canada;;;0
3738;-1;-1;William;Dumoulin;;72;187;2003-11-27;Albuquerque;NM;Canada;The United States;;0
3739;-1;-1;Jeremie;Thibodeau;;74;181;2004-3-18;St. Leonard;NB;Canada;;;0
3740;-1;-1;Zachary;Cardinal;;72;195;2002-11-14;Sainte-ThÈrËse;QC;Canada;;;0
3741;-1;-1;»ve;Gascon;;70;191;2003-5-9;Toronto;ON;Canada;;;0
3742;-1;-1;Alexis;Daniel;;71;201;2003-8-2;Dieppe;NB;Canada;;;0
3743;-1;-1;Jonas;Taibel;;73;193;2004-8-19;Feldkirch;VOR;Switzerland;Austria;;0
3744;-1;-1;Ryan;Maynard;;74;190;2002-7-25;Cochrane;ON;Canada;;;0
3745;-1;-1;P;H;;75;198;2003-5-21;ZlÌn;ZLN;Czech Republic;;;0
3746;-1;-1;Markus;Such˝;;75;191;2004-4-13;Scottsdale;AZ;Slovakia;The United States;;0
3747;-1;-1;William Charles;Bishop;;71;201;2004-4-20;Montreal;QC;Canada;;;0
3748;-1;-1;Olivier;Ciarlo;;74;219;2004-6-4;Laval;QC;Canada;;;0
3749;-1;-1;Igor;Mburanumwe;;77;210;2003-11-18;Chambly;QC;Canada;DR Congo;;0
3750;-1;-1;Jacob;Mathieu;;71;181;2004-5-5;Saint-Prosper;QC;Canada;;;0
3751;153;153;Zachary;Marquis-Laflamme;;73;213;2004-6-16;LÈvis;QC;Canada;;;0
3752;-1;-1;Davis;Cooper;;73;206;2003-4-9;Halifax;NS;Canada;;;0
3753;-1;-1;Hugo;Primeau;;70;180;2004-2-5;Mercier;QC;Canada;;;0
3754;-1;-1;Jean-RaphaÎl;Roy;;73;206;2003-10-27;LÈvis;QC;Canada;;;0
3755;-1;-1;Lane;Hinkley;;74;220;2004-2-18;Moncton;NB;Canada;;;0
3756;57;12;Vincent;Filion;;72;209;2004-2-26;Shawinigan;QC;Canada;;;0
3757;-1;-1;Alexandre;Lefebvre;;72;190;2003-10-7;Saint-Eustache;QC;Canada;;;0
3758;-1;-1;Alexandre;Tessier;;74;197;2003-7-25;Mirabel;QC;Canada;;;0
3759;14;14;Danny;Akkouche;;72;200;2004-6-8;Montreal;QC;Canada;;;0
3760;-1;-1;RÈmi;Delafontaine;;72;213;2004-2-10;Sherbrooke;QC;Canada;;;0
3761;-1;-1;Brayden;Schmitt;;72;203;2004-3-18;Truro;NS;Canada;;;0
3762;-1;-1;Alex;Carr;;74;193;2003-3-30;Sackville;NS;Canada;;;0
3763;43;43;Carter;Ansems;;81;241;2004-3-11;Halifax;NS;Canada;;;0
3764;-1;-1;Jarrett;Todd;;72;191;2004-4-28;Sudbury;ON;Canada;;;0
3765;-1;-1;Joseph;Henneberry;;75;219;2004-12-20;Halifax;NS;Canada;;;0
3766;45;45;Dylan;Andrews;;72;203;2004-3-31;Cole Harbour;NS;Canada;;;0
3767;-1;-1;Lucas;Canning;;74;210;2004-6-20;New Glasgow;NS;Canada;;;0
3768;-1;-1;Luke;Woodworth;;71;185;2004-4-1;Bridgewater;NS;Canada;;;0
3769;-1;-1;Leighton;Carruthers;;73;213;2004-7-18;Halifax;NS;Canada;;;0
3770;-1;-1;Jacob;Newcombe;;73;217;2004-4-27;Halifax;NS;Canada;;;0
3771;-1;-1;Cael;MacDonald;;73;194;2004-7-11;150 Mile House;BC;Canada;;;0
3772;-1;-1;Drew;Maddigan;;76;218;2004-6-29;Halifax;NS;Canada;;;0
3773;18;18;Jake;Furlong;;75;219;2004-3-4;Halifax;NS;Canada;;;0
3774;123;31;Markus;Vidicek;;72;197;2004-3-21;Kirkland;QC;Canada;;;0
3775;124;124;Jordan;Dumais;;72;191;2004-4-15;Montreal;QC;Canada;;;0
3776;-1;-1;Charles-Edward;Gravel;;73;203;2004-3-23;LÈvis;QC;Canada;;;0
3777;-1;-1;Francesco;Iasenza;;71;190;2004-7-11;Quebec City;QC;Canada;;;0
3778;-1;-1;Anthony;Lavoie;;74;204;2004-1-25;LÈvis;QC;Canada;;;0
3779;-1;-1;Philippe;Fauchon;;71;171;2004-1-13;LÈvis;QC;Canada;;;0
3780;-1;-1;Jonathan;Fauchon;;71;179;2004-1-13;LÈvis;QC;Canada;;;0
3781;-1;-1;Charles;CÙtÈ;;78;204;2004-7-2;Valcourt;QC;Canada;;;0
3782;43;17;Zachary;Lessard;;72;170;2004-9-6;Toronto;ON;Canada;;;0
3783;-1;-1;Thomas;Auger;;71;187;2004-10-22;Peterborough;ON;Canada;;;0
3784;-1;-1;…tienne;Tremblay-Mathieu;;70;166;2004-6-13;Quebec City;QC;Canada;;;0
3785;-1;-1;Charles-Antoine;Beauregard;;71;176;2004-5-10;Quebec City;QC;Canada;;;0
3786;-1;-1;Pier-Olivier;Roy;;71;191;2004-3-5;LÈvis;QC;Canada;;;0
3787;-1;-1;Charles-Antoine;Tremblay;;73;189;2004-1-22;Longueuil;QC;Canada;;;0
3788;-1;-1;FÈlix;Gagnon;;73;200;2004-6-10;Saguenay;QC;Canada;;;0
3789;-1;-1;Hugo;Larkin;;76;199;2004-6-9;Montreal;QC;Canada;;;0
3790;-1;-1;James;Swan;;71;193;2004-1-2;Quebec City;QC;Canada;;;0
3791;139;19;Nathan;Drapeau;;71;201;2004-12-28;Mont-Joli;QC;Canada;;;0
3792;-1;-1;Nicolas;Ruccia;;77;222;2004-4-12;Laval;QC;Canada;;;0
3793;-1;-1;Coen;Strang;;73;194;2004-9-18;Moncton;NB;Canada;;;0
3794;-1;-1;Dyllan;Gill;;75;201;2004-6-7;Moncton;NB;Canada;;;0
3795;41;41;Antoine;Roy;;75;215;2004-6-3;Petit-Rocher;NB;Canada;;;0
3796;-1;-1;Kiefer;Lyons;;74;214;2004-4-23;Amigo Beach;ON;Canada;;;0
3797;-1;-1;Ethan;Dollemont;;72;192;2004-3-23;St. John's;NL;Canada;;;0
3798;-1;-1;Sam;Oliver;;72;205;2004-7-4;Saint John;NB;Canada;;;0
3799;141;25;Samuel;Savoie;;72;205;2004-3-25;Dieppe;NB;Canada;;;0
3800;-1;-1;Matteo;Mann;;78;225;2004-12-31;Sackville;NB;Canada;;;0
3801;-1;-1;Nathan;Casey;;72;179;2004-2-8;Red Deer;AB;Canada;;;0
3802;-1;-1;Riley;Mercer;;75;226;2004-3-31;Bay Roberts;NL;Canada;;;0
3803;-1;-1;Jason;Desruisseaux;;71;197;2004-6-16;Warwick;QC;Canada;;;0
3804;-1;-1;Kassim;Gaudet;;71;174;2004-3-22;Victoriaville;QC;Canada;;;0
3805;-1;-1;JÈrÈmie;Minville;;71;194;2004-4-8;Drummondville;QC;Canada;;;0
3806;33;12;Yoan;Loshing;;71;176;2004-2-29;Sainte-Catherine;QC;Canada;;;0
3807;123;31;Noah;Warren;;77;222;2004-7-15;Saint-Jean-sur-Richelieu;QC;Canada;;;0
3808;-1;-1;Alexis;Bonefon;;72;187;2004-1-26;Toronto;ON;Canada;;;0
3809;50;26;Donovan;Arsenault;;75;220;2004-6-18;Summerside;PE;Canada;;;0
3810;41;7;Simon;Hughes;;74;221;2004-1-16;Edmonton;AB;Canada;;;0
3811;132;12;Colby;Huggan;;71;172;2004-6-29;Charlottetown;PE;Canada;;;0
3812;62;19;Louis-Philippe;Fontaine;;71;202;2004-8-12;Chambly;QC;Canada;;;0
3813;-1;-1;Xavier;Roy;;73;190;2004-7-26;Chambly;QC;Canada;;;0
3814;60;18;FranÁois-James;Buteau;;77;219;2004-4-28;Blainville;QC;Canada;;;0
3815;-1;-1;Alpha;Barry;;71;187;2004-1-7;Paradise;NL;Canada;The United States;;0
3816;-1;-1;Mathis;Rousseau;;71;204;2004-9-10;Boisbriand;QC;Canada;;;0
3817;153;152;Angus;Booth;;73;192;2004-4-27;Montreal;QC;Canada;England;;0
3818;34;2;Antonin;Verreault;;71;178;2004-7-28;Mirabel;QC;Canada;;;0
3819;135;2;Maveric;Lamoureux;;79;242;2004-1-13;Hawkesbury;ON;Canada;;;0
3820;62;62;Mathis;Aguilar;;76;207;2004-11-17;Mirabel;QC;Canada;;;0
3821;-1;-1;Alex;Blais;;74;198;2004-3-3;Saint-JÈrÙme;QC;Canada;;;0
3822;62;19;Nathan;Bolduc;;71;185;2004-3-18;Val-d'Or;QC;Canada;;;0
3823;-1;-1;FrÈdÈric;Potvin;;76;218;2004-6-16;Val-d'Or;QC;Canada;;;0
3824;-1;-1;…meric;Gaudet;;79;218;2004-3-9;Rouyn-Noranda;QC;Canada;;;0
3825;-1;-1;Samuel;Lachance;;73;208;2004-1-26;RosemËre;QC;Canada;;;0
3826;-1;-1;Thomas;BÈgin;;72;197;2004-5-15;Sherbrooke;QC;Canada;;;0
3827;-1;-1;Olivier;St-Louis;;71;184;2004-7-18;Baie-Comeau;QC;Canada;;;0
3828;-1;-1;Vincent;DeschÍnes;;73;199;2004-3-5;Trois-RiviËres;QC;Canada;;;0
3829;-1;-1;Jacob;Lafontaine;;73;206;2004-1-24;Trois-RiviËres;QC;Canada;;;0
3830;-1;-1;Mathis;Perron;;74;195;2004-4-11;Sherbrooke;QC;Canada;;;0
3831;-1;-1;Julien;PaillÈ;;73;182;2004-9-10;Sherbrooke;QC;Canada;;;0
3832;-1;-1;Jordan;CÙtÈ;;72;174;2003-1-26;Thetford Mines;QC;Canada;;;0
3833;-1;-1;Isaac;MÈnard;;71;177;2004-4-8;Trois-RiviËres;QC;Canada;;;0
3834;-1;-1;Brady;Schultz;;71;186;2004-7-23;Monroe;CT;The United States;;;0
3835;-1;-1;Alexandre;Nadeau;;75;208;2003-10-1;Victoriaville;QC;Canada;;;0
3836;32;23;Cameron;MacLean;;72;208;2004-3-24;Quebec City;QC;Canada;;;0
3837;-1;-1;Raphael;Blouin;;71;187;2004-8-5;LÈvis;QC;Canada;;;0
3838;-1;-1;Cruz;Loughlin;;77;219;2004-6-2;Torbay;NL;Canada;;;0
3839;-1;-1;Christophe;Rondeau;;73;203;2003-6-3;Saint-Lazare;QC;Canada;;;0
3840;-1;-1;Thomas;Darcy;;72;192;2003-10-15;Terrebonne;QC;Canada;;;0
3841;-1;-1;Miles;M¸ller;;72;198;2004-12-19;Biel;BE;Switzerland;Canada;;0
3842;-1;-1;…mile;Perron;;72;192;2005-4-10;Gatineau;QC;Canada;;;0
3843;-1;-1;Alexis;Bourque;;75;172;2005-5-26;Gatineau;QC;Canada;;;0
3844;-1;-1;Alexandre;Guy;;76;179;2005-11-11;Terrebonne;QC;Canada;;;0
3845;-1;-1;Beck;Majdell;;74;174;2005-1-11;Vancouver;BC;Canada;;;0
3846;-1;-1;Vincent;Gauthier;;74;197;2005-1-18;Montreal;QC;Canada;;;0
3847;-1;-1;Loic;Goyette;;73;197;2005-10-29;Laval;QC;Canada;;;0
3848;-1;-1;Mathieu;Cataford;;71;191;2005-3-1;Montreal;QC;Canada;;;0
3849;-1;-1;Marc-Olivier;Beaudry;;74;178;2005-7-6;Montreal;QC;Canada;;;0
3850;-1;-1;Nathan;Baril;;72;182;2005-2-16;Longueuil;QC;Canada;;;0
3851;-1;-1;Thomas;Verdon;;72;197;2005-7-7;Raleigh;NC;The United States;Canada;;0
3852;-1;-1;Matis;Ouellet;;71;165;2005-1-1;Rouyn-Noranda;QC;Canada;;;0
3853;-1;-1;FrÈdÈric;Cousineau;;75;198;2005-1-1;Malartic;QC;Canada;;;0
3854;-1;-1;…mile;Duquet;;72;161;2005-2-2;LÈvis;QC;Canada;;;0
3855;-1;-1;Alex;Mercier;;72;179;2005-9-22;Quebec City;QC;Canada;;;0
3856;-1;-1;MaÎl;Lavigne;;75;186;2005-2-11;Quebec City;QC;Canada;;;0
3857;-1;-1;Emmanuel;Vermette;;73;193;2005-5-11;Quebec City;QC;Canada;;;0
3858;-1;-1;Benjamin;Vigneault;;71;175;2004-6-4;RiviËre-du-Loup;QC;Canada;;;0
3859;-1;-1;FrÈdÈrick;Maltais;;71;167;2004-1-15;RosemËre;QC;Canada;;;0
3860;-1;-1;Samuel;Rousseau;;71;161;2005-6-8;Lachute;QC;Canada;;;0
3861;-1;-1;Alexandre;Blais;;71;169;2005-11-14;Montreal;QC;Canada;;;0
3862;-1;-1;Mathieu;Wener;;71;179;2005-1-25;Montreal;QC;Canada;;;0
3863;-1;-1;Antoine;Michaud;;72;191;2004-3-24;Quebec City;QC;Canada;;;0
3864;-1;-1;Jordan;Tourigny;;72;157;2005-2-28;Victoriaville;QC;Canada;;;0
3865;17;17;Ethan;Gauthier;;73;198;2005-1-26;Phoenix;AZ;Canada;;;0
3866;-1;-1;Louis-FÈlix;Charrois;;72;202;2005-2-3;Drummondville;QC;Canada;;;0
3867;-1;-1;Evan;Courtois;;74;172;2005-4-15;Victoriaville;QC;Canada;;;0
3868;-1;-1;MaÎl;St-Denis;;72;186;2005-5-15;Lachute;QC;Canada;;;0
3869;-1;-1;Natan;…thier;;75;176;2005-1-1;Lachute;QC;Canada;;;0
3870;-1;-1;Vincent;Collard;;75;190;2005-1-3;Saguenay;QC;Canada;;;0
3871;-1;-1;Maxime;Coursol;;72;177;2005-3-9;Mirabel;QC;Canada;;;0
3872;-1;-1;Connor;Macey;;72;195;2005-1-1;Sherbrooke;QC;Canada;;;0
3873;-1;-1;Alex;Blanchard;;71;174;2002-10-13;Pelham;ON;Canada;;;0
3874;-1;-1;Tom·ö;Cibulka;;74;187;2004-4-2;CeskÈ Budejovice;JIH;Czech Republic;;;0
3875;-1;-1;Xavier;Sarrasin;;71;164;2003-4-19;Blainville;QC;Canada;;;0
3876;-1;-1;Will;Chisholm;;72;177;2003-3-15;Lunenburg;NS;Canada;;;0
3877;-1;-1;Cam;Thomson;;71;194;2003-12-30;Markham;ON;Canada;;;0
3878;-1;-1;Thomas;Peat;;71;146;2004-11-29;Calgary;AB;Canada;;;0
3879;-1;-1;Nikita;Prishchepov;;76;197;2004-2-20;Orenburg;ORE;Russia;;;0
3880;-1;-1;Yegor;Goryunov;;75;203;2004-3-3;Moscow;MOS;Russia;;;0
3881;148;30;Tyler;Peddle;;76;198;2005-1-28;Antigonish;NS;Canada;;;0
3882;132;12;Luke;Coughlin;;71;202;2005-4-11;Charlottetown;PE;Canada;;;0
3883;-1;-1;Dylan;MacKinnon;;75;205;2005-1-12;Dieppe;NB;Canada;;;0
3884;58;24;Matteo;Rotondi;;73;213;2005-8-15;St. John's;NL;Canada;;;0
3885;148;30;Justin;Gendron;;74;218;2005-9-30;Dieppe;NB;Canada;;;0
3886;127;31;Logan;Crosby;;75;218;2005-12-14;New Glasgow;NS;Canada;;;0
3887;12;12;…tienne;Morin;;72;204;2005-3-9;Niagara Falls;ON;Canada;;;0
3888;10;10;Cole;Burbidge;;73;214;2005-8-26;Windsor;ON;Canada;;;0
3889;43;17;Justin;Larose;;72;188;2005-4-26;Laval;QC;Canada;;;0
3890;17;17;Sam-Luca;Thifault;;72;208;2005-1-11;Montreal;QC;Canada;;;0
3891;58;24;Noah;Ryan;;77;214;2005-4-4;Rothesay;SCO;Canada;;;0
3892;57;12;Luke;Patterson;;72;199;2005-6-27;Moncton;NB;Canada;;;0
3893;34;2;Brett;Arsenault;;72;208;2005-7-5;Charlottetown;PE;Canada;;;0
3894;41;41;CÈdric;MassÈ;;71;203;2005-11-14;Rimouski;QC;Canada;;;0
3895;53;53;Jason;Beaulieu;;72;190;2005-2-5;Quebec City;QC;Canada;;;0
3896;-1;-1;FÈlix;Hamel;;71;189;2005-7-5;Trois-RiviËres;QC;Canada;;;0
3897;-1;-1;Mathys;Routhier;;74;221;2005-3-18;Quebec City;QC;Canada;;;0
3898;-1;-1;Eliot;SÈguin-Lescarbeau;;76;231;2005-9-14;Saint-JÈrÙme;QC;Canada;;;0
3899;-1;-1;Mathis;Baril;;71;173;2005-6-27;Repentigny;QC;Canada;;;0
3900;-1;-1;Preston;Pattengale;;74;212;2004-6-27;Sydney;NS;Canada;;;0
3901;-1;-1;Q;M;;73;208;2005-4-23;Weyburn;SK;Canada;;;0
3902;-1;-1;Gabriel;Gaudreault;;73;203;2005-4-30;Roberval;QC;Canada;;;0
3903;-1;-1;Sam;Bowness;;76;223;2005-4-29;Clyde River;PE;Canada;;;0
3904;-1;-1;…mile;PagÈ;;73;217;2005-10-5;Saguenay;QC;Canada;;;0
3905;-1;-1;Jean-Simon;Houle;;73;214;2005-6-9;Candiac;QC;Canada;;;0
3906;-1;-1;Samuel;Vachon;;72;201;2005-4-1;Saint-JÈrÙme;QC;Canada;;;0
3907;-1;-1;FranÁois;Tremblay;;72;199;2005-2-9;MÈtabetchouan;QC;Canada;;;0
3908;-1;-1;Ty;Higgins;;74;203;2004-9-26;Toronto;ON;Canada;;;0
3909;-1;-1;FÈlix;Allard;;72;179;2003-1-14;Edmonton;AB;Canada;;;0
3910;-1;-1;Charles-Antoine;LavallÈe;;74;195;2004-4-6;Big Valley;AB;Canada;;;0
3911;-1;-1;Gabriel;Robert;;71;185;2003-9-2;Terrebonne;QC;Canada;;;0
3912;-1;-1;FrÈdÈric;Duteau;;72;203;2003-2-22;Burnaby;BC;Canada;;;0
3913;-1;-1;Alexis;St-Amour-Lachance;;72;183;2003-4-1;Joliette;QC;Canada;;;0
3914;-1;-1;Noah;Matulu;;71;170;2004-11-22;Shediac;NB;Canada;;;0
3924;-1;-1;Petr;Potuznik;;75;215;1999-3-5;Brno;JHM;Czech Republic;;;0
3925;-1;-1;Nikolay;Kozhevnikov;;71;191;1999-4-26;Komsomolsk-na-Amure;KHA;Russia;;;0
3958;-1;-1;Roy;Mitchell;;72;193;1999-11-25;San Bernardino;CA;The United States;;;0
3985;-1;-1;Evan;Anthony;;74;207;1998-11-6;Summit Park;UT;The United States;;;0
4024;-1;-1;Ryan;Quinn;;70;189;1999-7-14;New Bedford;MA;The United States;;;0
4035;-1;-1;Garrett;Davidson;;75;201;1998-11-1;Binghamton;NY;The United States;;;0
4040;-1;-1;Spencer;Downie;;73;217;1999-2-16;Toronto;ON;Canada;;;0
4052;-1;-1;Tim;Purpur;;69;180;1998-12-26;Salt Lake City;UT;The United States;;;0
4067;-1;-1;Stan;Vincent;;74;220;1999-2-1;Shasta Lake;CA;The United States;;;0
4090;-1;-1;Holger;Andersen;;72;185;2000-9-3;Huddinge;STO;Sweden;;;0
4098;-1;-1;Brady;Edmondstone;;74;198;1998-8-23;Dallas;TX;The United States;;;0
4101;-1;-1;Hermann;Mayr;;68;184;1999-2-16;Quedlinburg;SAX;Germany;;;0
4113;-1;-1;Ludvik;Steen;;75;191;2000-1-5;Kalix;NOR;Sweden;;;0
4118;-1;-1;Gabriel;Oesterle;;73;215;2001-10-20;Westworth Village;TX;The United States;;;0
4134;-1;-1;Henry;Niskanen;;75;216;1999-10-22;Espoo;UUS;Finland;;;0
4150;-1;-1;Lou;Neal;;72;187;1998-7-21;Port Chester;NY;The United States;;;0
4151;-1;-1;Jonas;Rutgersson;;70;197;1999-12-11;Malmˆ;SKÂ;Sweden;;;0
4179;-1;-1;Stan;Armstrong;;73;223;1999-9-27;Sacramento;CA;The United States;;;0
4193;-1;-1;Olle;Berlin;;73;223;2000-7-5;Hˆgan‰s;SKÂ;Sweden;;;0
4203;-1;-1;Preston;Brady;;74;221;1998-8-6;Philadelphia;PA;The United States;;;0
4207;-1;-1;Timo;Relander;;75;226;2000-7-25;Kuusankoski;KYM;Finland;;;0
4215;-1;-1;G¸nter;Manz;;74;218;1998-11-21;Brandenburg;BRA;Germany;;;0
4217;-1;-1;Alex;Dean;;73;193;1999-7-26;Newmarket;ON;Canada;South Korea;;0
4232;-1;-1;Yevgeny;Ryazanov;;72;182;1999-3-3;Nizhne Bakhsen;KAB;Russia;;;0
4246;-1;-1;Victor;Meadows;;75;215;1999-10-3;San Francisco;CA;The United States;;;0
4250;-1;-1;Nathan;McMillian;;76;226;2000-1-4;Mt. Healthy Heights;OH;The United States;;;0
4281;-1;-1;Charles;Mask;;76;227;2000-1-12;Fenton;MO;The United States;;;0
4293;-1;-1;Marcel;Gratzl;;70;201;1998-8-9;Leonding;OBE;Austria;;;0
4306;-1;-1;Elias;Bergstrˆm;;74;207;1996-12-26;Nacka;STO;Sweden;;;0
4324;-1;-1;Martin;Lukac;;69;210;1998-12-14;Cierny Balog;BAN;Slovakia;;;0
4329;-1;-1;Marek;Matlak;;70;198;1998-11-6;Fulnek;MOR;Czech Republic;;;0
4341;-1;-1;Aleksandr;Iovlev;;73;217;1999-9-16;Uralsk;BAT;Kazakhstan;;;0
4357;-1;-1;Scott;Howie;;71;203;2001-4-2;Stettler;AB;Canada;;;0
4369;-1;-1;Charles;Moss;;72;198;2000-10-5;Brooklyn;NY;The United States;;;0
4379;-1;-1;Brayden;Young;;71;212;1998-11-5;Hamilton;ON;Canada;;;0
4381;-1;-1;Bernie;Osborn;;73;184;1998-12-3;El Paso;TX;The United States;;;0
4384;-1;-1;Axel;Nilsson;;71;209;1998-9-11;Nykˆping;SˆD;Sweden;;;0
4395;-1;-1;Gustav;Hermansson;;72;208;2000-3-5;LuleÂ;NOR;Sweden;;;0
4428;-1;-1;Kent;Bailey;;72;213;1999-12-22;Fort Lauderdale;FL;The United States;;;0
4431;-1;-1;Chance;Schwindt;;73;206;1998-11-23;Spruce Grove;AB;Canada;;;0
4436;-1;-1;Lukas;Jandera;;72;181;1998-9-21;Prague;PRA;Czech Republic;;;0
4474;-1;-1;Ladislav;Moravcik;;68;201;2000-2-8;Hostivice;STR;Czech Republic;;;0
4507;-1;-1;Eric;Moore;;69;188;1999-12-5;Independence;MO;The United States;;;0
4510;-1;-1;Troy;Hargis;;73;216;2000-4-6;Roanoke;IL;The United States;;;0
4522;-1;-1;Cale;Gillow;;70;211;2001-3-28;Moncton;NB;Canada;;;0
4574;-1;-1;Alyaksandr;Malinovski;;74;200;1998-10-12;Svetlogorsk;GOM;Belarus;;;0
4579;-1;-1;Martin;Fabian;;66;168;2000-9-9;Stropkov;PRE;Slovakia;;;0
4609;-1;-1;Julian;Huggins;;71;201;1999-5-20;Erlanger;KY;The United States;;;0
4616;-1;-1;Doug;Lang;;70;202;1998-10-28;Elkhart;IN;The United States;;;0
4627;-1;-1;Pavel;Kapantsow;;73;213;1999-8-15;Zhodino;MIN;Belarus;;;0
4672;-1;-1;Dave;Blowey;;72;217;2001-5-22;Cleveland;OH;The United States;;;0
4680;-1;-1;Tom·s;Sanchez;;69;195;1998-12-25;Livermore;CA;The United States;;;0
4688;-1;-1;Daniel;Trudeau;;73;204;2001-2-20;Saint-Charles-BorromÈe;QC;Canada;;;0
4694;-1;-1;Vojtech;Skabraha;;76;227;1998-8-7;Prague;PRA;Czech Republic;;;0
4718;-1;-1;Simon;Niquille;;71;196;2003-2-13;Prilly;VD;Switzerland;;;0
4719;-1;-1;Matt;Zigomanis;;75;229;2005-1-27;Mississauga;ON;Canada;;;0
4720;-1;-1;Steve;Becker;;75;227;2005-6-14;Shoreview;MN;The United States;;;0
4721;-1;-1;Keegan;Kotyk;;71;203;2005-7-31;Colwood;BC;Canada;;;0
4722;-1;-1;Teddy;Arnot;;72;185;2004-8-17;Verona;NY;The United States;;;0
4723;-1;-1;Lev;Zubkov;;72;208;2005-8-10;Moscow;MOS;Russia;;;0
4724;-1;-1;Ladislav;Popp;;72;184;2005-4-26;Prague;PRA;Czech Republic;;;0
4725;-1;-1;Micah;Wise;;71;208;2003-8-23;Imperial;CA;The United States;;;0
4726;-1;-1;J·n;Timek;;72;200;2004-7-19;Snina;PRE;Slovakia;;;0
4727;-1;-1;Justin;Aris;;74;221;2004-7-2;Clearwater;FL;The United States;;;0
4728;-1;-1;Brian;Jordan;;73;197;2004-10-29;La Grange;IL;The United States;;;0
4729;-1;-1;Martin;Stone;;71;187;2005-3-2;Upland;CA;The United States;;;0
4730;-1;-1;Phil;Bowles;;73;216;2005-8-12;Avon;IN;The United States;;;0
4731;-1;-1;Billy;McIntosh;;73;214;2005-8-4;Chicago;IL;The United States;;;0
4732;-1;-1;Mike;Squance;;74;219;2004-11-28;Sulphur;LA;The United States;;;0
4733;-1;-1;Mikhail;Sharayev;;72;181;2004-4-3;Makhachkala;DAG;Russia;The United States;;0
4734;-1;-1;Petteri;Luostarinen;;71;190;2003-8-21;Tammela;KAN;Finland;;;0
4735;-1;-1;Marek;Slaby;;71;193;2004-9-14;Opava;MOR;Czech Republic;;;0
4736;-1;-1;Volodymyr;Livshyts;;75;170;2005-2-4;Kharkiv;KHA;Ukraine;;;0
4737;-1;-1;Mike;Yanakeff;;75;226;2003-11-22;Fort Worth;TX;The United States;;;0
4738;-1;-1;Dylan;Leung;;76;231;2005-7-4;St. Catharines;ON;Canada;;;0
4739;-1;-1;Marc-Antoine;Cauchon;;74;195;2004-12-3;Quispamsis;NB;Canada;;;0
4740;-1;-1;Olli-Pekka;Kanerva;;73;217;2004-11-14;Vilppula;PIR;Finland;;;0
4741;-1;-1;…tienne;Tardif;;71;203;2004-12-17;Saint-Constant;QC;Canada;;;0
4742;-1;-1;Rick;Heck;;72;207;2004-11-11;Lindenhurst;NY;The United States;;;0
4743;41;41;Nathan;Mayes;;75;208;2006-6-10;Salmon Arm;BC;Canada;;;0
4744;-1;-1;Leo;Moberg;;71;201;2004-5-11;Kuopio;NSA;Finland;;;0
4745;-1;-1;Connor;Woodley;;72;188;2003-6-3;Surrey;BC;Canada;;;0
4746;-1;-1;Gary;Dooley;;73;184;2003-4-6;Hillsboro;OH;The United States;;;0
4747;-1;-1;William;NoÎl;;70;177;2004-10-17;Kitchener;ON;Canada;;;0
4748;-1;-1;Dietmar;W¸thrich;;73;193;2004-3-19;Bern;BE;Switzerland;;;0
4749;-1;-1;Jack;Brannen;;74;206;2005-3-1;Ogallala;NE;The United States;;;0
4750;-1;-1;Guy;Turner;;71;187;2003-11-29;Fort Collins;CO;The United States;;;0
4751;-1;-1;Pedro;GÛmez;;71;191;2004-9-6;West University Place;TX;The United States;;;0
4752;-1;-1;Graham;Gaspard;;71;180;2003-8-3;Portland;OR;The United States;;;0
4753;-1;-1;Vladimir;Logiyko;;71;198;2003-10-10;Syzran;SAM;Russia;;;0
4754;-1;-1;Jonas;Skˆld;;73;213;2004-12-25;Stockholm;STO;Sweden;;;0
4755;-1;-1;George;Kendall;;73;213;2005-2-27;Westchester;FL;The United States;;;0
4756;-1;-1;Travis;Ramsey;;72;207;2005-7-7;Aurora;CO;The United States;;;0
4757;-1;-1;Forrest;Kinch;;76;231;2005-4-27;La Mesa;CA;The United States;;;0
4758;-1;-1;J;B;;72;207;2004-9-22;Prague;PRA;Czech Republic;;;0
4759;-1;-1;Rhett;Sale;;73;197;2003-2-20;Washburn;WI;The United States;;;0
4760;-1;-1;c;M;;73;198;2005-5-27;Barrie;ON;Canada;;;1
4761;-1;-1;John;MacDonald;;74;219;2004-10-21;Schomberg;ON;Canada;;;0
4762;-1;-1;Jessie;Summers;;75;208;2005-8-1;Dothan;AL;The United States;;;0
4763;-1;-1;Maksim;Zhovnir;;71;203;2004-7-4;Minsk;MIN;Belarus;;;0
4764;-1;-1;Travis;Preston;;72;209;2005-2-10;South Bend;IN;The United States;;;0
4765;-1;-1;Anthony;ThÈriault;;71;196;2005-3-13;Montreal;QC;Canada;;;0
4766;-1;-1;Chris;Morrissey;;71;181;2003-1-6;Whitby;ON;Canada;;;0
4767;-1;-1;Chad;St. Jean;;72;213;2004-9-27;Stephenville;NL;Canada;;;0
4768;-1;-1;Carl;Sherry;;74;214;2004-11-15;Kendall Park;NJ;The United States;;;0
4769;-1;-1;Rodney;Bennett;;71;201;2004-11-12;East Fishkill;NY;The United States;;;0
4770;-1;-1;Dylan;Bonnefoy;;75;227;2004-9-19;Roissy-en-Brie;ŒLE;France;;;0
4771;-1;-1;Robert;Walsh;;75;217;2004-2-26;North Whitehall Township;PA;The United States;;;0
4772;-1;-1;Michael;Lane;;72;212;2005-3-23;Boaz;AL;The United States;;;0
4773;-1;-1;Anthony;Lynas;;75;204;2003-9-18;Fort Lupton;CO;The United States;;;0
4774;-1;-1;Gabryel;Champagne;;73;211;2004-9-4;Laval;QC;Canada;;;0
4775;-1;-1;Geoff;Plastino;;72;180;2004-9-14;Boucherville;QC;Canada;The United States;;0
4776;130;14;Vincent;Desjardins;;71;174;2006-1-1;Mirabel;QC;Canada;;;0
4777;-1;-1;Roosevelt;Linkous;;71;190;2004-10-15;Del Rio;TX;The United States;;;0
4778;-1;-1;Tom;Brewer;;72;207;2005-6-18;Milwaukee;WI;The United States;;;0
4779;-1;-1;Nikolay;Yelokhin;;72;211;2005-6-16;Aktau;MAN;Kazakhstan;;;0
4780;-1;-1;Konstantin;Kriha;;76;231;2005-2-2;Zd·r nad S·zavou;VYS;Czech Republic;;;0
4781;-1;-1;John;Renn;;73;214;2003-5-3;Gresham;OR;The United States;;;0
4782;-1;-1;Jakobs;Tabuns;;72;190;2005-2-7;Karsava;LUD;Latvia;;;0
4783;-1;-1;Michael;Hampl;;72;209;2004-2-27;Trutnov;KRA;Czech Republic;;;0
4784;-1;-1;Brent;Gibbons;;77;207;2003-10-13;Washington;DC;The United States;;;0
4785;-1;-1;Ned;Swarbrick;;76;234;2005-8-9;Longview;WA;The United States;Guadeloupe;;0
4786;-1;-1;Neil;Conrad;;73;203;2005-5-27;Chicago;IL;The United States;;;0
4787;-1;-1;Mark;Williams;;76;227;2004-9-2;Edmonton;AB;Canada;;;0
4788;-1;-1;Wade;Wilcox;;74;225;2004-7-13;Blaine;TN;The United States;;;0
4789;-1;-1;Guido;J¸lich;;71;203;2005-5-15;Saarlouis;SAA;Germany;;;0
4790;-1;-1;David;Oglethorpe;;72;180;2004-8-26;Washington;MI;The United States;;;0
4791;-1;-1;Todd;McShimes;;72;212;2003-2-23;Pearl;MS;The United States;;;0
4792;-1;-1;Dylan;Couture;;76;207;2004-12-21;Rimouski;QC;Canada;;;0
4793;-1;-1;Christian;Beach;;71;201;2005-3-12;Waimea (Hawai'i County);HI;The United States;;;0
4794;-1;-1;Ken;Jenkins;;73;213;2003-8-29;Hampton;VA;The United States;;;0
4795;-1;-1;Doug;Hansen;;75;198;2004-10-19;Sparks;GA;The United States;;;0
4796;-1;-1;Chris;Brumley;;72;186;2004-9-4;Folsom;LA;The United States;;;0
4797;-1;-1;Edward;Cummings;;71;184;2003-9-2;Olney;MD;The United States;;;0
4798;-1;-1;Kevin;Shope;;70;189;2003-8-23;Salem;UT;The United States;;;0
4799;-1;-1;Oskar;B‰ckman;;71;203;2004-9-25;Kalix;NOR;Sweden;;;0
4800;-1;-1;Connor;Dyer;;76;209;2004-9-1;Richmond;BC;Canada;;;0
4801;-1;-1;Jon;Toles;;76;200;2005-6-20;Reedley;CA;The United States;;;0
4802;-1;-1;Mauritz;Hansson;;71;202;2003-8-10;Linkˆping;÷ST;Sweden;;;0
4803;-1;-1;Antti-Jussi;Kein‰nen;;70;198;2003-1-27;Vaasa;OST;Finland;;;0
4804;-1;-1;Mark;Burns;;75;215;2004-9-29;Arlington;TX;The United States;;;0
4805;-1;-1;Michal;Ivanka;;72;208;2004-1-23;Michalovce;KOS;Slovakia;;;0
4806;-1;-1;Darrell;Vesprini;;72;210;2005-7-10;Olivehurst;CA;The United States;;;0
4807;-1;-1;John;McClure;;71;209;2005-4-30;New York;NY;The United States;;;0
4808;-1;-1;Michael;Oreskovich;;72;194;2005-5-19;Ajax;ON;Canada;;;0
4809;-1;-1;Justin-Claude;Provencher;;73;215;2004-10-5;Mount Royal;QC;Canada;;;0
4810;-1;-1;Ilya;Danileyko;;75;228;2005-3-10;Vladikavkaz;NOR;Russia;;;0
4811;-1;-1;Daniel;Lane;;71;201;2005-2-22;Valdosta;GA;The United States;;;0
4812;-1;-1;William;Bennett;;72;212;2004-7-5;Arnold;MD;The United States;;;0
4813;-1;-1;Daniil;Chvanov;;72;207;2005-4-10;Solnechnoye;DAG;Russia;;;0
4814;-1;-1;Toivo;Laine;;72;189;2005-4-1;Oulainen;NOS;Finland;;;0
4815;-1;-1;Jozef;Richtarik;;72;211;2004-3-1;Banska Stiavnica;BAN;Slovakia;;;0
4816;-1;-1;Tony;Arnold;;72;201;2003-11-27;Conyers;GA;The United States;;;0
4817;-1;-1;Fred;Whited;;76;198;2004-8-30;Fayetteville;PA;The United States;;;0
4818;-1;-1;Richie;Mitchell;;72;200;2005-3-22;Yellville;AR;The United States;;;0
4819;-1;-1;Brian;McIntyre;;74;219;2003-4-21;Lufkin;TX;The United States;;;0
4820;-1;-1;Tommy;Tucker;;72;186;2004-12-6;Enterprise;AL;The United States;;;0
4821;-1;-1;Mattias;Sˆderlund;;71;204;2004-10-28;Stockholm;STO;Sweden;;;0
4822;-1;-1;Jan;Klan;;71;201;2003-1-17;Zelezny Brod;LIB;Czech Republic;;;0
4823;-1;-1;Keegan;Carbonaro;;72;210;2004-5-26;Milton;ON;Canada;;;0
4824;-1;-1;Felix;Olsson;;74;211;2004-10-10;Karlstad;V‰R;Sweden;;;0
4825;-1;-1;Gabriel;Sˆderlund;;73;209;2004-10-19;Lieto;SOU;Finland;;;0
4826;-1;-1;Yevgeny;Khokhryakov;;77;217;2004-10-6;Dobele;DOB;Latvia;;;0
4827;-1;-1;Vicente;MontaÒo;;71;190;2004-12-3;Oakland;CA;The United States;;;0
4828;-1;-1;Lee;Riesgraf;;75;224;2005-1-7;Seattle;WA;The United States;;;0
4829;-1;-1;Yevgeny;Tilantiyev;;75;204;2004-8-18;Blagoveshchensk;AMU;Russia;;;0
4830;-1;-1;Henry;Sheeran;;74;219;2004-12-30;Virginia Beach;VA;The United States;;;0
4831;-1;-1;Doug;Holder;;74;197;2005-3-25;Tome-Adelino;NM;The United States;;;0
4832;-1;-1;Corey;Prystai;;72;209;2004-12-20;Toronto;ON;Canada;;;0
4833;-1;-1;Vic;Lovell;;71;201;2004-11-17;Napoleon;OH;The United States;;;0
4834;-1;-1;Simon;Lapointe;;76;230;2005-3-31;Hudson;QC;Canada;;;0
4835;-1;-1;Gustav;Oskarsson;;76;210;2004-7-18;Stockholm;STO;Sweden;;;0
4836;-1;-1;William;Matthew;;74;212;2003-11-9;West Palm Beach;FL;The United States;;;0
4837;-1;-1;Jamie;MacLergain;;72;210;2004-7-15;York;PA;The United States;;;0
4838;-1;-1;Ron;Webb;;72;210;2003-3-25;White Oak;PA;The United States;;;0
4839;-1;-1;Tommy;RydÈn;;71;204;2004-5-3;Stockholm;STO;Sweden;;;0
4840;-1;-1;Andreas;Holmdahl;;72;209;2004-2-23;Kiruna;NOR;Sweden;;;0
4841;-1;-1;Willie;Webermin;;71;201;2004-4-12;Jackson;MO;The United States;;;0
4842;-1;-1;Richard;Newman;;72;208;2004-11-15;Mission Viejo;CA;The United States;;;0
4843;-1;-1;Dmytro;Ivanov;;72;202;2005-6-22;Melitopol;ZAP;Ukraine;;;0
4844;-1;-1;Cody;Curry;;71;202;2005-5-6;Huntsville;ON;Canada;;;0
4845;-1;-1;Jack;Ney;;72;198;2005-2-20;Babylon;NY;The United States;;;0
4846;-1;-1;Pyotr;Vlaschenko;;72;212;2003-11-1;Rudny;KOS;Kazakhstan;;;0
4847;-1;-1;Stanislav;Yaitsky;;73;210;2004-9-12;Blagoveshchensk;AMU;Russia;;;0
4848;-1;-1;Sawyer;Sexsmith;;71;191;2005-8-14;Pickering;ON;Canada;;;0
4849;-1;-1;Jon;Neal;;78;202;2004-12-24;Phoenix;AZ;The United States;;;0
4850;-1;-1;Kyle;Cada;;71;170;2003-3-3;Southampton;ON;Canada;;;0
4851;-1;-1;…mile;Rochette;;72;212;2004-1-8;Saint-RÈmi;QC;Canada;;;0
4852;-1;-1;Jack;Timbrell;;74;191;2004-9-13;Memphis;MI;The United States;;;0
4853;-1;-1;Scott;MacKenzie;;73;214;2004-12-14;Toronto;ON;Canada;;;0
4854;-1;-1;Howard;Oliver;;72;205;2003-5-26;Bristol;CT;The United States;;;0
4855;-1;-1;Jakub;Martinek;;75;227;2004-3-29;Blansko;JHM;Czech Republic;;;0
4856;-1;-1;Vojtech;Ulrich;;71;203;2004-11-10;Vrdy;STR;Czech Republic;;;0
4857;-1;-1;Kelly;Mack;;71;199;2004-9-5;Sebastopol;CA;The United States;;;0
4858;-1;-1;Gerd;Geier;;73;194;2005-6-23;Milton;MA;The United States;;;0
4859;-1;-1;Jim;Leppard;;73;217;2004-4-24;Hercules;CA;The United States;;;0
4860;-1;-1;Rob;Weber;;71;191;2003-3-5;New York;NY;The United States;;;0
4861;-1;-1;Barney;Simard;;74;224;2004-3-29;Clawson;MI;The United States;;;0
4862;-1;-1;Sergey;Vidyasov;;70;178;2004-6-9;Kursk;KUR;Russia;;;0
4863;-1;-1;Isaac;Pang;;74;195;2005-3-24;Toronto;ON;Canada;;;0
4864;-1;-1;John;Peltier;;78;235;2004-8-30;Garland;TX;The United States;;;0
4865;-1;-1;Brian;DeHaven;;75;208;2003-3-1;Philadelphia;PA;The United States;;;0
4866;-1;-1;Andrey;Vakitchev;;71;197;2003-3-22;Ulyanovsk;ULY;Russia;;;0
4867;-1;-1;Robert;Wennerberg;;75;200;2003-2-25;Sundsvall;V‰S;Sweden;;;0
4868;59;59;Charlie;Heyer;;74;223;2005-6-27;Phoenix;AZ;The United States;;;0
4869;-1;-1;Aleksey;Petrenko;;71;204;2003-1-14;Salsk;ROS;Russia;;;0
4870;-1;-1;Sean;Weeks;;71;203;2004-7-20;Wheaton;IL;The United States;;;0
4871;-1;-1;Matt;Barker;;71;209;2003-9-16;Lansing;MI;The United States;;;0
4872;-1;-1;Ryan;Wilkey;;71;203;2003-1-24;Henderson;TN;The United States;;;0
4873;-1;-1;Mikael;SirÈn;;75;227;2004-12-1;Tuusula;UUS;Finland;;;0
4874;-1;-1;Alyaksandr;Zhukaw;;76;215;2005-1-17;Orsha;VIT;Belarus;;;0
4875;-1;-1;Tom;Patterson;;71;201;2003-9-8;Rancho Calaveras;CA;The United States;;;0
4876;-1;-1;Roberto;Carlos;;73;193;2003-10-31;DuBois;PA;The United States;North Korea;;0
4877;-1;-1;Dylan;Crum;;72;207;2004-9-27;Apple Valley;MN;The United States;;;0
4878;-1;-1;Marc-Olivier;Bernatchez;;72;209;2005-7-15;Dieppe;NB;Canada;;;0
4879;-1;-1;Jiri;Krupicka;;71;195;2003-3-29;Prerov;OLO;Czech Republic;;;0
4880;-1;-1;Ron;Ropelewski;;76;220;2004-9-27;Albertville;AL;The United States;;;0
4881;-1;-1;Ernie;Bartelot;;74;221;2005-1-28;Meadow Lakes;AK;The United States;;;0
4882;-1;-1;Paul;O'Brennon;;75;210;2004-12-2;Middleborough;MA;The United States;;;0
4883;-1;-1;Stefan;Pijak;;74;199;2004-12-27;Liptovsk˝ Mikulas;ZIL;Slovakia;;;0
4884;-1;-1;Finn;Keen;;71;184;2003-5-7;Halifax;NS;Canada;;;0
4885;-1;-1;Tom;Vrooman;;70;176;2004-6-1;Busti;NY;The United States;;;0
4886;-1;-1;Robbie;Dailey;;71;202;2004-9-14;Centerville;OH;The United States;;;0
4887;-1;-1;Ilya;Andronov;;73;199;2003-9-5;Mayskiy;KAB;Russia;;;0
4888;-1;-1;Stan;Hornbeck;;74;209;2003-5-9;Boston;MA;The United States;;;0
4889;-1;-1;Aleksandr;Yemchenko;;75;225;2004-4-12;Nizhnevartovsk;KHA;Russia;;;0
4890;-1;-1;Jamie;Bontein;;70;193;2005-6-1;Auburndale;FL;The United States;Canada;;0
4891;-1;-1;Dave;Kinneir;;72;194;2004-11-5;Darby;PA;The United States;;;0
4892;-1;-1;Damian;Weyant;;75;224;2005-2-13;Ma'ili;HI;The United States;;;0
4893;-1;-1;David;Breznanik;;75;197;2004-5-7;TrencÌn;TRE;Slovakia;;;0
4894;-1;-1;Tyson;Seldon;;73;203;2005-5-4;Guelph;ON;Canada;;;0
4895;-1;-1;Brent;Ennis;;71;203;2004-6-4;Middlesex Centre;ON;Canada;;;0
4896;-1;-1;Julian;Graf;;73;212;2004-12-31;Zurich;ZH;Switzerland;;;0
4897;-1;-1;Lou;McCormick;;72;182;2005-2-16;Nicoma Park;OK;The United States;;;0
4898;-1;-1;George;Nolan;;71;201;2003-12-31;San Jose;CA;The United States;;;0
4899;-1;-1;Bernard;Watson;;72;207;2004-12-14;Mechanicsville;VA;The United States;;;0
4900;-1;-1;Edmond;Howard;;75;221;2003-1-19;Patten;ME;The United States;;;0
4901;-1;-1;Daniil;Ivantsov;;71;204;2004-11-19;Lipetsk;LIP;Russia;;;0
4902;-1;-1;Elmer;Lamont;;72;211;2005-2-3;Aventura;FL;The United States;;;0
4903;-1;-1;Kirill;Marinochkin;;74;191;2004-8-26;Almaty;ALM;Kazakhstan;;;0
4904;-1;-1;James;Martin;;77;197;2004-12-19;Itasca;IL;The United States;;;0
4905;-1;-1;John;Hunt;;73;208;2003-12-23;Fargo;ND;The United States;;;0
4906;-1;-1;Greg;Jones;;72;201;2003-12-23;Toronto;ON;Canada;;;0
4907;-1;-1;Dennis;Mattisson;;73;162;2005-5-30;Hˆgan‰s;SKÂ;Sweden;;;0
4908;-1;-1;Zmitser;Pyatrow;;72;208;2005-5-12;Minsk;MIN;Belarus;;;0
4909;-1;-1;Dermott;Farrall;;73;204;2005-2-24;Fremont;OH;The United States;;;0
4910;-1;-1;Cordell;Witt;;71;205;2005-6-9;Wood River;NE;The United States;;;0
4911;-1;-1;Brian;Cahill;;72;183;2003-10-8;Laurel Springs;NJ;The United States;;;0
4912;-1;-1;Louie;Klein;;75;217;2004-9-3;Butler;NJ;The United States;;;0
4913;-1;-1;Bob;McPherson;;72;210;2003-10-27;Ross Township;PA;The United States;;;0
4914;-1;-1;Phil;Keeley;;73;214;2005-6-22;Dodge City;KS;The United States;;;0
4915;-1;-1;Tony;Holmes;;73;216;2005-4-11;Conway;FL;The United States;;;0
4916;-1;-1;Fred;McBride;;72;201;2004-9-21;Darien;IL;The United States;;;0
4917;-1;-1;Matej;Urbanek;;73;206;2004-11-9;Mokr·-Hor·kov;JHM;Czech Republic;;;0
4918;-1;-1;Manny;Ruiz;;74;219;2004-6-25;Irvine;CA;The United States;;;0
4919;-1;-1;Nicolas;Gordon;;71;190;2003-12-5;Repentigny;QC;Canada;;;0
4920;-1;-1;Harvey;Riley;;72;191;2005-1-31;New York;NY;The United States;;;0
4921;-1;-1;Cosimo Marco;Zanette;;70;175;2003-3-3;Ottawa;ON;Canada;;;0
4922;-1;-1;Dmytro;Hrachov;;72;184;2005-3-21;Voskresensk;MOS;Russia;;;0
4923;-1;-1;Joe;Unger;;73;187;2005-2-20;Fort Wayne;IN;The United States;;;0
4924;-1;-1;Lukas;Mazurek;;77;221;2005-1-16;TrebÌc;VYS;Czech Republic;;;0
4925;-1;-1;David;Cech;;71;191;2005-5-12;Jirkov;UST;Czech Republic;;;0
4926;-1;-1;Marvin;Zach;;73;196;2003-8-16;Scott Lake;FL;The United States;;;0
4927;-1;-1;Jack;Schoen;;75;212;2004-3-17;Corvallis;OR;The United States;;;0
4928;-1;-1;Larry;McKenzie;;71;205;2004-1-15;San Rafael;CA;The United States;;;0
4929;-1;-1;Zack;Arcand;;72;207;2005-6-26;Toronto;ON;Canada;;;0
4930;-1;-1;Ben;Denton;;73;205;2004-12-1;Beaumont;TX;The United States;;;0
4931;-1;-1;Dale;Phillips;;72;200;2003-5-23;Citrus Park;FL;The United States;;;0
4932;-1;-1;Elias;Andersson;;73;211;2005-2-20;÷rebro;÷RE;Sweden;;;0
4933;-1;-1;Alonso;Moran;;73;190;2004-4-24;Brooklyn;NY;The United States;;;0
4934;-1;-1;Martin;McSourly;;75;227;2003-10-27;Mankato;MN;The United States;;;0
4935;-1;-1;Nolan;Hopps;;74;214;2005-7-16;New York;NY;The United States;;;0
4936;-1;-1;Mike;Mellott;;75;210;2004-10-18;Sunrise Manor;NV;The United States;;;0
4937;-1;-1;Daniel;Pisani;;73;204;2004-3-25;Edmonton;AB;Canada;;;0
4938;-1;-1;Tom·s;Dvorak;;71;202;2004-2-14;HornÌ BrÌza;PLZ;Czech Republic;;;0
4939;-1;-1;Jamie;Rucker;;74;202;2003-7-22;Naperville;IL;The United States;;;0
4940;-1;-1;Yan;Henry;;75;191;2005-5-29;Saguenay;QC;Canada;Russia;;0
4941;-1;-1;Julius;Champion;;71;184;2003-11-9;Cypress;TX;The United States;;;0
4942;-1;-1;Yevgeny;Pasechnik;;72;207;2004-9-4;Talitsa;SVE;Russia;;;0
4943;-1;-1;Lubos;Hamacek;;74;217;2003-4-20;Kadan;UST;Czech Republic;;;0
4944;-1;-1;Deon;Cargill;;72;206;2005-7-3;El Paso;TX;The United States;;;0
4945;-1;-1;Ben;Tham;;74;220;2004-11-23;Toronto;ON;Canada;;;0
4946;-1;-1;Tyson;Preston;;72;210;2004-8-17;Aurora;CO;The United States;;;0
4947;-1;-1;Blayne;Hockey;;73;217;2005-6-16;Laval;QC;Canada;;;0
4948;-1;-1;Caspar;Weiland;;71;192;2003-8-2;Heilbronn;BAD;Germany;;;0
4949;-1;-1;Tom;McIntosh;;73;213;2004-1-14;West Windsor;NJ;The United States;;;0
4950;-1;-1;Steven;Peterson;;75;204;2003-11-6;Derry;NH;The United States;;;0
4951;-1;-1;Del;Carmack;;71;205;2003-3-14;Lodi;CA;The United States;;;0
4952;-1;-1;Timo;Soini;;74;218;2004-9-23;Kajaani;KAI;Finland;;;0
4953;-1;-1;Mikola;Dzyemyantsyey;;71;204;2004-1-12;Orsha;VIT;Belarus;;;0
4954;-1;-1;Wade;Moran;;72;211;2005-7-12;Alamogordo;NM;The United States;;;0
4955;-1;-1;Hampus;Lˆnnqvist;;71;208;2003-5-13;Gˆteborg;V‰S;Sweden;;;0
4956;-1;-1;Stephen;Vint;;72;211;2003-10-21;DeSoto;TX;The United States;;;0
4957;-1;-1;Ed;Dillman;;72;201;2005-1-11;Cullman;AL;The United States;;;0
4958;-1;-1;Yuriy;Kuprienko;;72;207;2003-7-12;Dolynska;KIR;Ukraine;;;0
4959;-1;-1;Hamilton;Osaer;;73;213;2005-2-15;Kansas City;MO;The United States;;;0
4960;-1;-1;Artie;Riggs;;75;223;2005-7-23;Boscobel;WI;The United States;;;0
4961;-1;-1;Bryan;Sewell;;74;223;2005-2-4;Southfield;MI;The United States;;;0
4962;-1;-1;Kevin;Gill;;73;217;2004-10-19;London;ON;Canada;;;0
4963;-1;-1;Jeremy;Gordic;;72;187;2005-5-31;Richmond Hill;ON;Canada;;;0
4964;-1;-1;Mathieu;Baril;;71;184;2005-3-27;Boucherville;QC;Canada;;;0
4965;-1;-1;Sam;Sayer;;75;194;2004-6-12;Chula Vista;CA;The United States;;;0
4966;-1;-1;Filip;Ctvrtnik;;76;201;2004-1-25;Nov˝ JicÌn;MOR;Czech Republic;;;0
4967;-1;-1;Kenny;Walton;;75;228;2005-3-25;Forest Hills;TN;The United States;;;0
4968;-1;-1;Petr;Cap;;72;193;2003-8-28;Pardubice;PAR;Czech Republic;;;0
4969;-1;-1;Filip;Sedlacek;;73;205;2004-2-22;Stepanov;OLO;Czech Republic;;;0
4970;-1;-1;Duane;Farquhart;;74;219;2005-4-19;Stoneham;MA;The United States;;;0
4971;-1;-1;Dalton;Wilson;;76;226;2004-10-20;Campbell River;BC;Canada;;;0
4972;-1;-1;Jarrod;Slee;;71;195;2004-10-17;Derry;NH;The United States;;;0
4973;-1;-1;Gregg;Curry;;71;201;2004-10-14;Martinsville;VA;The United States;;;0
4974;-1;-1;Sal;Hall;;73;210;2003-5-27;Birmingham;AL;The United States;;;0
4975;-1;-1;Gim;Jeong-ho;;72;209;2004-12-31;Daegu;DAE;South Korea;;;0
4976;-1;-1;Derrick;Schmidt;;76;220;2004-12-10;New Paltz;NY;The United States;;;0
4977;-1;-1;Jon;Morgan;;73;216;2005-2-26;Santa Clara;CA;The United States;;;0
4978;-1;-1;Michal;Fico;;73;201;2004-12-26;Dubnica;TRE;Slovakia;;;0
4979;-1;-1;Michael;Ross;;74;223;2003-11-24;Detroit;MI;The United States;;;0
4980;-1;-1;Alex;MacPhun;;76;210;2005-6-8;Memphis;TN;The United States;;;0
4981;-1;-1;Travis;Cornett;;72;207;2005-2-4;Gurnee;IL;The United States;;;0
4982;-1;-1;Logan;DeLarue;;72;212;2004-12-15;Carlisle;OH;The United States;;;0
4983;-1;-1;Nikolay;Maslov;;72;192;2003-11-7;Bishkek;BIS;Kyrgyzstan;;;0
4984;-1;-1;Roberto;Backhaus;;71;189;2005-8-8;Hattenhofen;BAD;Germany;;;0
4985;-1;-1;Caiden;Finlay;;73;200;2003-5-18;Toronto;ON;Canada;;;0
4986;-1;-1;Dominic;Mettler;;75;210;2005-6-14;Zug;ZG;Switzerland;;;0
4987;-1;-1;Sean;Ryan;;72;192;2005-1-3;High River;AB;Canada;;;0
4988;-1;-1;David;McMonagle;;76;228;2005-8-14;Windsor;ON;Canada;;;0
4989;-1;-1;Geordie;Benz;;75;213;2005-5-29;Brampton;ON;Canada;;;0
4990;-1;-1;Woody;Peplinski;;73;211;2003-2-2;Eastpointe;MI;The United States;;;0
4991;-1;-1;Davey;Richardson;;74;221;2005-3-12;Chesterfield;MO;The United States;;;0
4992;-1;-1;Christoffer;Wikman;;74;223;2003-10-18;Kalix;NOR;Sweden;;;0
4993;-1;-1;Ruslan;Engver;;77;212;2004-5-15;Krasnokamsk;PER;Russia;;;0
4994;-1;-1;Denis;Seregin;;71;198;2005-5-5;Kaunas;KAU;Lithuania;;;0
4995;-1;-1;Henry;Richardson;;75;216;2004-10-6;Dothan;AL;The United States;;;0
4996;-1;-1;Elwood;Peterson;;75;225;2005-3-23;Canton;MI;The United States;;;0
4997;-1;-1;Andrew;Howell;;71;181;2005-4-21;Waxahachie;TX;The United States;;;0
4998;-1;-1;Dan;Powers;;72;206;2004-9-6;Phoenix;AZ;The United States;;;0
4999;-1;-1;Mike;Penn;;69;192;2003-5-17;Southlake;TX;The United States;;;0
5000;-1;-1;Nick;Schrotenboer;;74;214;2003-12-31;Walled Lake;MI;The United States;;;0
5001;-1;-1;Ville;Andersson;;72;193;2003-11-17;Tampere;PIR;Finland;;;0
5002;-1;-1;Rob;O'Herlihy;;71;189;2004-7-21;North Attleborough;MA;The United States;;;0
5003;-1;-1;Gary;Jansen;;71;195;2004-10-26;Toronto;ON;Canada;;;0
5004;-1;-1;Dan;Tichy;;72;184;2005-1-27;VelkÈ MezirÌcÌ;VYS;Czech Republic;;;0
5005;-1;-1;Nathan;Szwez;;73;214;2004-4-2;Cornwall;ON;Canada;;;0
5006;-1;-1;Jeremy;Gwaltney;;72;200;2004-12-22;Richland;WA;The United States;;;0
5007;-1;-1;Roman;Ouska;;72;199;2004-6-27;Mohelnice;OLO;Czech Republic;;;0
5008;-1;-1;Rod;Trehy;;72;212;2005-5-2;Clark;SD;The United States;;;0
5009;-1;-1;Urs Peter;Widmer;;73;216;2003-12-27;B¸lach;ZH;Switzerland;;;0
5010;-1;-1;Leos;Bily;;72;208;2003-9-30;Jihlava;VYS;Czech Republic;;;0
5011;-1;-1;Nathan;Hines;;72;200;2004-9-18;San Diego;CA;The United States;;;0
5012;-1;-1;Chuck;Quinn;;70;185;2003-6-28;Brooklyn Park;MN;The United States;;;0
5013;-1;-1;Victor;O'Lonegan;;72;207;2005-4-10;North Riverside;IL;The United States;;;0
5014;-1;-1;Rob;Simpson;;73;213;2005-7-11;Winfield;IL;The United States;;;0
5015;-1;-1;Til;Kˆller;;75;218;2005-6-9;Melsungen;HES;Germany;;;0
5016;-1;-1;Joe;Vedder;;73;190;2004-10-15;Glendale Heights;IL;The United States;;;0
5017;-1;-1;Alexandre;Ouimet;;76;213;2005-4-25;Trois-RiviËres;QC;Canada;;;0
5018;-1;-1;Gavin;Kim;;72;209;2004-10-13;Truckee;CA;The United States;;;0
5019;-1;-1;Cody;Brodeur;;74;219;2003-11-30;Brampton;ON;Canada;;;0
5020;-1;-1;Gil;Rose;;77;234;2004-12-23;Minot;ND;The United States;;;0
5021;-1;-1;Aleksandr;Kovalyov;;75;227;2004-3-8;Borisov;MIN;Belarus;;;0
5022;-1;-1;Chris;James;;73;214;2005-4-12;Arab;AL;The United States;;;0
5023;-1;-1;Michal;RepÙn;;74;191;2004-2-28;Sabinov;PRE;Slovakia;;;0
5024;-1;-1;Simon;Konecny;;73;217;2003-12-12;Zdice;STR;Czech Republic;;;0
5025;-1;-1;Mitch;Comtois;;71;179;2004-2-14;Brampton;ON;Canada;;;0
5026;-1;-1;Jeremy;Hutchison;;75;205;2003-10-31;Yukon;OK;The United States;;;0
5027;-1;-1;Darryl;Simpson;;75;226;2005-6-21;Toronto;ON;Canada;;;0
5028;-1;-1;Morgan;Sauer;;71;193;2003-3-23;Richmond Hill;ON;Canada;;;0
5029;-1;-1;Paul;Love;;73;190;2003-5-23;Des Plaines;IL;The United States;;;0
5030;-1;-1;Kelly;McPherson;;73;200;2005-2-7;Scranton;PA;The United States;;;0
5031;-1;-1;Sandy;Wiliams;;75;224;2005-8-6;New York;NY;The United States;;;0
5032;-1;-1;Jere;Hytˆnen;;74;207;2004-12-3;Tampere;PIR;Finland;;;0
5033;-1;-1;Mikhail;Lavretsky;;74;218;2004-2-7;Vologda;VOL;Russia;;;0
5034;-1;-1;Darrell;Slaughter;;74;213;2004-9-28;Kansas City;KS;The United States;;;0
5035;-1;-1;Joe;Watkins;;74;220;2003-11-19;Centre;AL;The United States;;;0
5036;-1;-1;William;Solley;;77;215;2003-7-17;Gadsden;AL;The United States;;;0
5037;-1;-1;Jim;Mitchell;;71;206;2003-3-19;Broadway;VA;The United States;;;0
5038;-1;-1;Lukas;Bilek;;71;201;2003-3-29;Kladno;STR;Czech Republic;;;0
5039;-1;-1;Jean;Laaksonen;;72;209;2004-12-25;Ulvila;SAT;Finland;;;0
5040;-1;-1;Jiri;Slama;;72;191;2004-11-13;Prague;PRA;Czech Republic;;;0
5041;-1;-1;Greg;Faupel;;72;188;2005-7-12;Tampa;FL;The United States;;;0
5042;-1;-1;Tom;Foster;;75;223;2005-6-18;Harlem;FL;The United States;;;0
5043;-1;-1;Henrik;Lahti;;71;206;2003-2-21;Helsinki;UUS;Finland;;;0
5044;-1;-1;Grant;Ogbourne;;76;229;2005-8-8;Imperial Beach;CA;The United States;;;0
5045;-1;-1;Jordan;Sagert;;72;200;2004-9-6;Ottawa;ON;Canada;;;0
5046;-1;-1;Ilya;Rusanovsky;;73;219;2004-7-8;Moscow;MOS;Russia;;;0
5047;-1;-1;Ryan;Looker;;76;218;2004-12-2;Jefferson City;MO;The United States;;;0
5048;-1;-1;Sergey;Gorgulov;;74;223;2005-3-17;Klintsy;BRY;Russia;;;0
5049;-1;-1;Gerald;Penaligan;;75;215;2005-5-20;Oak Forest;IL;The United States;;;0
5050;-1;-1;Jakub;Zeman;;73;215;2005-2-22;Loket;KAR;Czech Republic;;;0
5051;-1;-1;Shawn;Wolff;;73;216;2003-4-28;Mount Royal;QC;Canada;;;0
5052;-1;-1;Edward;Spurlin;;72;214;2004-8-30;Carlsbad;CA;The United States;;;0
5053;-1;-1;Jack;Vesey;;74;219;2005-4-8;Warner Robins;GA;The United States;;;0
5054;-1;-1;Anze;Perkan;;73;202;2004-8-19;Nova Gorica;GOR;Slovenia;;;0
5055;-1;-1;Joe;Chambers;;73;216;2003-10-11;Sandersville;GA;The United States;;;0
5056;-1;-1;Zack;Vincent;;72;200;2003-3-9;Laredo;TX;The United States;;;0
5057;-1;-1;Miroslav;Valek;;72;197;2005-1-24;Ruzomberok;ZIL;Slovakia;;;0
5058;-1;-1;Adam;Ferguson;;71;209;2003-6-29;Chicago;IL;The United States;;;0
5059;-1;-1;Jacob;Bouchard;;74;192;2004-11-28;Gatineau;QC;Canada;;;0
5060;-1;-1;Chris;Newall;;71;174;2005-6-2;Manhattan;KS;The United States;;;0
5061;-1;-1;Alex;Tremblay;;72;179;2004-7-5;Yorkton;SK;Canada;;;0
5062;-1;-1;Denis;Yunkov;;70;185;2005-3-11;Uralsk;BAT;Kazakhstan;;;0
5063;-1;-1;Anthony;Mayes;;72;190;2004-7-27;West Hartford;CT;The United States;;;0
5064;-1;-1;Herb;Przepiorka;;72;208;2004-1-9;Hollandale;MS;The United States;;;0
5065;-1;-1;Bent;Hansen;;72;179;2003-9-19;Copenhagen;FRE;Denmark;;;0
5066;-1;-1;Alex;Weidner;;71;191;2005-7-10;Niagara Falls;ON;Canada;;;0
5067;-1;-1;Bill;Esser;;73;212;2004-10-8;Reading;PA;The United States;;;0
5068;-1;-1;Thomas;Boone;;76;225;2005-6-26;Fort Lauderdale;FL;The United States;;;0
5069;-1;-1;…tienne;Turcotte;;73;213;2004-7-26;Mississauga;ON;Canada;;;0
5070;-1;-1;Jiri;Vrba;;73;206;2005-7-12;Liberec;LIB;Czech Republic;;;0
5071;-1;-1;Vladislav;Pavelka;;72;193;2003-8-17;Prague;PRA;Czech Republic;;;0
5072;-1;-1;Jonah;Hicks;;73;209;2005-6-3;Los Angeles;CA;The United States;;;0
5073;-1;-1;Joseph;Nelson;;71;186;2005-6-11;Rockledge;FL;The United States;;;0
5074;-1;-1;John;Mullen;;71;201;2003-10-11;Seattle Hill-Silver Firs;WA;The United States;;;0
5075;-1;-1;Curt;MacDulothe;;71;205;2003-6-5;Grand Blanc;MI;The United States;;;0
5076;-1;-1;Hugo;Trojanovic;;71;181;2003-9-19;Whitby;ON;Canada;;;0
5077;-1;-1;Josh;Frazier;;71;181;2003-6-26;Albuquerque;NM;The United States;;;0
5078;-1;-1;Jason;Zilkie;;71;203;2004-8-31;Newmarket;ON;Canada;;;0
5079;-1;-1;Dave;Shannon;;71;209;2005-3-30;Questa;NM;The United States;;;0
5080;-1;-1;Ned;Mullins;;72;208;2004-4-13;Conroe;TX;The United States;;;0
5081;-1;-1;Gordon;Small;;74;223;2005-7-13;Mesquite;TX;The United States;;;0
5082;-1;-1;Doug;Mawer;;72;199;2005-1-28;Chautauqua;NY;The United States;;;0
5083;-1;-1;Joe;Robinson;;71;179;2005-7-4;Corsicana;TX;The United States;;;0
5084;-1;-1;Erik-Johan;Nilsson;;72;205;2005-1-28;Solna;STO;Sweden;;;0
5085;-1;-1;Kye;Borsato;;72;192;2004-12-23;Markham;ON;Canada;;;0
5086;-1;-1;Gert;Ludwig;;73;206;2003-10-3;Herrieden;BAV;Germany;;;0
5087;-1;-1;Alex;Record;;76;218;2005-6-23;Gainesville;FL;The United States;;;0
5088;-1;-1;Stephen;Rivers;;71;201;2004-5-11;Frostburg;MD;The United States;;;0
5089;-1;-1;Greg;Holstine;;71;194;2005-8-12;Martensville;SK;Canada;;;0
5090;-1;-1;Jeremy;Norrish;;71;185;2003-10-12;Marengo;IL;The United States;;;0
5091;-1;-1;Steve;Challand;;72;199;2005-3-11;Imperial;CA;The United States;;;0
5092;-1;-1;Juan;Romero;;74;200;2004-1-5;Hanford;CA;The United States;Germany;;0
5093;-1;-1;Ernie;Perkins;;74;218;2005-7-28;West Jordan;UT;The United States;;;0
5094;-1;-1;Tony;Bascombe;;71;203;2005-4-9;Montville;NJ;The United States;;;0
5095;-1;-1;Jordan;Ruby;;72;189;2005-7-23;Surrey;BC;Canada;;;0
5096;-1;-1;Jakub;Mensik;;72;210;2005-2-14;HodonÌn;JHM;Czech Republic;;;0
5097;-1;-1;Billy;Grover;;72;199;2004-11-12;Alexandria;VA;The United States;;;0
5098;-1;-1;Vasily;Chekoyev;;73;200;2004-6-15;Semey;SIG;Kazakhstan;;;0
5099;-1;-1;Cam;Gingerich;;70;196;2005-7-8;Irving;TX;The United States;;;0
5100;-1;-1;Jason;Criscuolo;;73;191;2004-8-22;Glastonbury;CT;The United States;;;0
5101;-1;-1;Austin;Simpson;;71;202;2004-6-15;Redondo Beach;CA;The United States;;;0
5102;-1;-1;Don;McDaniel;;73;211;2004-11-17;Milwaukee;WI;The United States;;;0
5103;-1;-1;Yoshinaka;Taguchi;;71;200;2004-3-3;Forest Park;GA;The United States;Japan;;0
5104;-1;-1;Ed;Stacy;;74;199;2004-7-6;Marshall;MO;The United States;;;0
5105;-1;-1;Pat;Dent;;72;195;2004-12-4;Philadelphia;PA;The United States;;;0
5106;-1;-1;Lubomir;Demcik;;71;201;2004-1-19;Bratislava;BRA;Slovakia;;;0
5107;-1;-1;Hayden;Coffman;;74;202;2004-12-27;New York;NY;The United States;;;0
5108;-1;-1;Colin;O'Heydon;;74;219;2004-4-25;Chelsea;ME;The United States;;;0
5109;-1;-1;Connor;Oakley;;75;228;2004-5-17;Toronto;ON;Canada;;;0
5110;-1;-1;David;Dean;;72;207;2004-8-27;South Bend;IN;The United States;;;0
5111;-1;-1;Jozef;Mazak;;71;204;2004-10-1;Malacky;BRA;Slovakia;;;0
5112;-1;-1;Keith;Schubert;;72;186;2003-7-27;Socastee;SC;The United States;;;0
5113;-1;-1;Michael;O'Connor;;72;207;2005-4-2;Emerald Isle;NC;The United States;;;0
5114;-1;-1;George;Minihan;;73;202;2004-3-2;Wind Lake;WI;The United States;;;0
5115;-1;-1;Dan;Stedman;;73;215;2005-6-5;Pinellas Park;FL;The United States;;;0
5116;-1;-1;Fred;Mattson;;74;216;2005-4-8;Brookville;OH;The United States;;;0
5117;-1;-1;Yashar;Apolzer;;74;220;2003-1-23;Toronto;ON;Canada;;;0
5118;-1;-1;Merlin;Fenderson;;74;202;2005-7-13;Naperville;IL;The United States;;;0
5119;-1;-1;Warren;Hammers;;77;225;2003-1-3;Austin;TX;The United States;;;0
5120;-1;-1;Andreas;Arvidsson;;71;181;2005-4-12;Stockholm;STO;Sweden;;;0
5121;-1;-1;Earl;Fontenot;;74;201;2004-4-20;Branchville;SC;The United States;;;0
5122;-1;-1;Eugene;Price;;76;227;2004-5-29;Dothan;AL;The United States;;;0
5123;-1;-1;Ralph;McLean;;72;207;2004-8-5;Rockford;IL;The United States;;;0
5124;-1;-1;Petr;Cip;;72;208;2003-8-23;JÌlovÈ;UST;Czech Republic;;;0
5125;-1;-1;Richard;O'Dinan;;70;196;2003-6-22;Cherry Hill;NJ;The United States;;;0
5126;-1;-1;Martin;Johansson;;77;203;2004-9-5;Ronneby;BLE;Sweden;;;0
5127;-1;-1;Norman;McCarthy;;71;186;2003-2-9;Machias;NY;The United States;;;0
5128;-1;-1;Bill;Wallace;;74;194;2003-2-20;Colorado Springs;CO;The United States;;;0
5129;-1;-1;Bill;McClurg;;73;200;2004-9-21;New Orleans;LA;The United States;;;0
5130;-1;-1;Jeremy;Jackson;;72;204;2004-2-4;Souris;PE;Canada;Czech Republic;;0
5131;-1;-1;Albert;Peoples;;71;203;2003-6-4;Agoura Hills;CA;The United States;;;0
5132;-1;-1;Alex;Christian;;73;210;2004-4-27;Paradise;NV;The United States;;;0
5133;-1;-1;Brett;Griffiths;;73;177;2003-9-15;Aurora;ON;Canada;;;0
5134;-1;-1;Steven;Millen;;79;230;2004-8-12;Toronto;ON;Canada;;;0
5135;-1;-1;Clyde;Lok;;72;207;2004-2-27;Southglenn;CO;The United States;;;0
5136;-1;-1;Earl;MacElheran;;76;213;2004-10-2;Louisville;CO;The United States;;;0
5137;-1;-1;Vincent;Owen;;71;205;2003-2-16;Salt Lake City;UT;The United States;;;0
5138;-1;-1;Justin;Page;;72;212;2003-7-13;Winterset;IA;The United States;;;0
5139;-1;-1;Jonathan;From;;71;205;2003-2-3;Linkˆping;÷ST;Sweden;;;0
5140;-1;-1;Paul;Higgins;;71;204;2005-3-15;Wheaton-Glenmont;MD;The United States;;;0
5141;-1;-1;Samu-Pekka;Rahkonen;;71;187;2004-11-9;Vampula;SAT;Finland;;;0
5142;-1;-1;Jean-Philippe;Blanchette;;70;199;2004-5-28;Montreal;QC;Canada;;;0
5143;-1;-1;Radek;Krupka;;71;202;2004-3-18;Opava;MOR;Czech Republic;;;0
5144;-1;-1;Christopher;Molson;;72;202;2005-5-13;Toronto;ON;Canada;;;0
5145;-1;-1;Carl;Bourassa;;74;209;2005-5-26;LÈvis;QC;Canada;;;0
5146;-1;-1;Viktor;Kostyuk;;72;205;2004-5-16;Feodosiya;KRY;Ukraine;;;0
5147;-1;-1;Phillip;Gray;;72;207;2003-12-19;St. Charles;MD;The United States;;;0
5148;-1;-1;Charles;Craney;;71;190;2003-1-11;Wellsville;NY;The United States;;;0
5149;-1;-1;Anthony;McKim;;75;222;2004-2-24;Belchertown;MA;The United States;;;0
5150;-1;-1;Steven;Pallant;;71;174;2004-9-2;Bossier City;LA;The United States;;;0
5151;-1;-1;Juha;Isberg;;75;200;2005-3-13;Nokia;PIR;Finland;;;0
5152;-1;-1;Jay;Maclellan;;74;220;2005-7-17;Spruce Grove;AB;Canada;;;0
5153;-1;-1;Randy;Tiller;;72;195;2003-1-26;State College;PA;The United States;;;0
5154;-1;-1;Jared;Connelly;;73;214;2004-6-2;Surrey;BC;Canada;;;0
5155;-1;-1;Daniel;Wybrants;;72;201;2004-4-18;Del City;OK;The United States;;;0
5156;-1;-1;Pontus;Samuelsson;;76;230;2003-6-12;Malmˆ;SKÂ;Sweden;;;0
5157;-1;-1;Adam;Gardiner;;74;216;2005-7-24;Nashville;TN;The United States;;;0
5158;-1;-1;Dzevad;Bagaric;;72;203;2004-9-14;Steyr;OBE;Austria;;;0
5159;-1;-1;Mikko;Naukkarinen;;71;203;2004-12-30;Kannus;CEN;Finland;;;0
5160;-1;-1;Swen;Hegglin;;70;182;2003-3-31;Freienbach;SZ;Switzerland;;;0
5161;-1;-1;Tim;Johnstone;;73;197;2004-7-25;Twinsburg;OH;The United States;;;0
5162;-1;-1;Miloslav;Zlatohlavek;;71;197;2004-10-16;Rudolfov;JIH;Czech Republic;;;0
5163;-1;-1;Adam;English;;73;196;2004-10-11;North Palm Beach;FL;The United States;;;0
5164;-1;-1;Nick;Letestu;;71;197;2003-12-13;Ottawa;ON;Canada;;;0
5165;-1;-1;Tyler;Dean;;71;194;2004-9-24;Chester Springs;PA;The United States;;;0
5166;-1;-1;Merrill;Hodge;;71;206;2003-1-17;Brooklyn;NY;The United States;;;0
5167;-1;-1;Mike;Hott;;73;196;2005-5-5;Oakland;CA;The United States;;;0
5168;-1;-1;Mike;Hahn;;74;221;2004-1-4;Chesapeake;VA;The United States;;;0
5169;-1;-1;Elof;Manninen;;73;214;2004-5-24;Helsinki;UUS;Finland;;;0
5170;-1;-1;Bob;Watson;;71;203;2004-9-22;Tallahassee;FL;The United States;;;0
5171;-1;-1;Emil;Murgu;;72;207;2005-5-27;Brasov;BRA;Romania;;;0
5172;-1;-1;Les;Lovegrove;;73;216;2005-6-13;Elizabethtown;KY;The United States;;;0
5173;-1;-1;Ben;Woods;;71;195;2004-7-20;Waynesboro;GA;The United States;;;0
5174;-1;-1;Sean;O'Loghlen;;71;190;2005-6-27;Hyrum;UT;The United States;;;0
5175;-1;-1;Ethan;Kaese;;71;207;2004-1-13;Vaughan;ON;Canada;;;0
5176;-1;-1;Colin;Intranuovo;;73;211;2004-9-23;Watford;ON;Canada;;;0
5177;-1;-1;Pavel;Platonov;;71;192;2003-2-15;Urzhum;KIR;Russia;;;0
5178;-1;-1;Mark;Alexander;;76;220;2004-8-3;Fairfield;CA;The United States;;;0
5179;-1;-1;Maksim;Koroll;;74;219;2005-1-5;Delta;BC;Canada;;;0
5180;-1;-1;Joe;McKee;;73;214;2003-3-30;Atascadero;CA;The United States;;;0
5181;-1;-1;Dan;Glenn;;73;215;2004-12-23;Holmen;WI;The United States;;;0
5182;2;2;Tij;Iginla;;72;208;2006-8-1;Lake Country;BC;Canada;;;0
5183;-1;-1;Radim;Zak;;73;187;2005-7-3;Osek;UST;Czech Republic;;;0
5184;-1;-1;Trevor;Lippiatt;;72;207;2004-9-14;Chicago;IL;The United States;;;0
5185;-1;-1;Jakub;Dobrovolny;;71;199;2003-7-23;Velvary;STR;Czech Republic;;;0
5186;-1;-1;Vincent;Pettersson;;71;211;2003-4-14;Stockholm;STO;Sweden;;;0
5187;-1;-1;Dallas;Meares;;68;186;2003-6-13;Jericho;VT;The United States;;;0
5188;-1;-1;Willie;Woodward;;71;182;2004-10-17;Plymouth;NH;The United States;;;0
5189;-1;-1;Paul;Andersson;;70;175;2005-1-8;Vimmerby;KAL;Sweden;;;0
5190;-1;-1;Leonard;Shirley;;73;214;2005-3-5;Brookings;OR;The United States;;;0
5191;-1;-1;Rob;Roberson;;71;199;2003-2-28;St. Paul;MN;The United States;;;0
5192;-1;-1;Raivo;Rukmanis;;74;182;2004-11-25;Riga;RIG;Latvia;;;0
5193;-1;-1;Filip;Kolman;;71;213;2004-9-5;Most;UST;Czech Republic;;;0
5194;-1;-1;Jorge;¡vila;;72;206;2003-10-4;Kingsbury;NY;The United States;;;0
5195;-1;-1;Jeff;Nord;;71;181;2005-8-5;Altus;OK;The United States;;;0
5196;-1;-1;Kyle;Siydock;;74;215;2004-8-30;Oshawa;ON;Canada;;;0
5197;-1;-1;Jason;O'Slattery;;72;210;2004-10-7;Verona;NJ;The United States;;;0
5198;-1;-1;Wilbert;Huber;;72;212;2005-1-28;Cleveland;OH;The United States;;;0
5199;-1;-1;Connor;Zimmermann;;73;218;2003-9-23;Milton;ON;Canada;;;0
5200;-1;-1;Wesley;Richardson;;73;217;2004-10-31;Beltsville;MD;The United States;;;0
5201;-1;-1;Kevin;Little;;71;187;2005-2-2;Asheville;NC;The United States;;;0
5202;-1;-1;Volodymyr;Kvartsyanyi;;73;216;2004-10-7;Myrhorod;POL;Ukraine;;;0
5203;-1;-1;Anttiville;Peltonen;;72;208;2005-6-3;Helsinki;UUS;Finland;;;0
5204;-1;-1;Leon;Negus;;76;211;2005-2-10;Smithtown;NY;The United States;;;0
5205;-1;-1;Dragan;Kuncic;;73;210;2005-7-23;Trnovlje pri Celju;SAV;Slovenia;;;0
5206;-1;-1;David;Ganzak;;70;178;2004-9-24;Ocean City;NJ;The United States;;;0
5207;-1;-1;Bodo;Schmidt;;73;206;2005-5-22;Bad Schussenried;BAD;Germany;;;0
5208;-1;-1;Pekka;V‰nttinen;;74;221;2005-8-2;Tampere;PIR;Finland;;;0
5209;-1;-1;Jason;Berry;;73;219;2003-10-29;Houston;TX;The United States;;;0
5210;-1;-1;Adrian;Mattsson;;71;179;2003-10-14;Gˆteborg;V‰S;Sweden;;;0
5211;-1;-1;Ari;Kiviranta;;76;230;2004-11-29;Oulu;NOS;Finland;;;0
5212;-1;-1;Christian;Peters;;73;205;2004-12-3;Daytona Beach;FL;The United States;;;0
5213;-1;-1;Julius;Henning;;71;204;2005-4-5;Berlin;BER;Germany;;;0
5214;-1;-1;Oleksiy;Bondarenko;;72;209;2005-4-11;Bratislava;BRA;Slovakia;;;0
5215;-1;-1;Tony;McCarley;;73;204;2005-5-2;Independence;MO;The United States;;;0
5216;-1;-1;Daniel;Abrahamsson;;72;194;2005-5-13;V‰xjˆ;KRO;Sweden;;;0
5217;-1;-1;Patrik;Fjellstrˆm;;74;217;2004-10-10;Sundbyberg;STO;Sweden;;;0
5218;-1;-1;Lucas;Bailey;;71;201;2005-3-13;Melbourne;FL;The United States;Finland;;0
5219;-1;-1;Artie;Hourihan;;73;201;2005-6-16;Dunellen;NJ;The United States;;;0
5220;-1;-1;Archie;Perry;;71;202;2005-2-24;Lowell;MA;The United States;;;0
5221;-1;-1;Cass;Lundrigan;;71;203;2005-8-4;Saanich;BC;Canada;;;0
5222;-1;-1;Denis;Giroux;;73;187;2003-2-1;Geneva;GE;Switzerland;;;0
5223;-1;-1;Phil;Winter;;72;209;2004-10-4;New York;NY;The United States;;;0
5224;-1;-1;Jiri;Urban;;72;210;2004-5-10;Prague;PRA;Czech Republic;;;0
5225;-1;-1;Aaron;Christmas;;73;212;2004-12-17;Riverton;UT;The United States;;;0
5226;-1;-1;Jean-Luc;Thomas;;71;201;2005-5-22;Saguenay;QC;Canada;;;0
5227;-1;-1;Glenn;Bergqvist;;71;198;2003-7-22;Visby;GOT;Sweden;;;0
5228;-1;-1;Alexandre;Chagnon;;73;216;2005-1-30;LÈvis;QC;Canada;;;0
5229;-1;-1;Bill;O'Moledy;;73;218;2004-10-14;Brainerd;MN;The United States;;;0
5230;-1;-1;Rasmus;Gustavsson;;72;210;2003-12-24;Stockholm;STO;Sweden;;;0
5231;-1;-1;Gasper;Horvat;;72;204;2003-2-22;Skofja Loka;GOR;Slovenia;;;0
5232;-1;-1;Ron;Jennings;;71;199;2004-4-13;McKinney;TX;The United States;;;0
5233;-1;-1;Mikael;H‰nninen;;73;202;2005-4-26;Rovaniemen maalaiskunta;LAP;Finland;;;0
5234;-1;-1;Chris;Bethune;;74;209;2004-11-29;Inglewood;CA;The United States;;;0
5235;-1;-1;Sim;Yeong-bae;;71;212;2005-6-6;Busan;BUS;South Korea;;;0
5236;-1;-1;Lee;Poling;;72;201;2004-8-15;Hartington;NE;The United States;;;0
5237;-1;-1;Daniel;Comte;;72;209;2005-2-19;Versoix;GE;Switzerland;;;0
5238;-1;-1;Ernest;Hennessey;;71;201;2004-12-4;Oakland;CA;The United States;;;0
5239;-1;-1;Jamie;Mario;;71;193;2004-3-9;Toronto;ON;Canada;;;0
5240;-1;-1;Pat;Wheeler;;73;214;2003-7-5;Bedford;TX;The United States;;;0
5241;-1;-1;Simon;B‰cklund;;73;205;2005-6-6;Sˆdert‰lje;STO;Sweden;;;0
5242;-1;-1;Trevor;Arnold;;71;203;2003-8-1;Merritt;BC;Canada;;;0
5243;-1;-1;Griff;Cheng;;73;212;2005-7-16;New Haven;CT;The United States;;;0
5244;-1;-1;Vasily;Vostokov;;70;187;2003-7-26;Shikhany;SAR;Russia;;;0
5245;-1;-1;Lennart;Meier;;75;223;2005-5-23;Winterthur;ZH;Switzerland;;;0
5246;-1;-1;Jan;Pfister;;71;201;2004-4-11;Lucerne;LU;Switzerland;;;0
5247;-1;-1;Petr;Kouril;;71;188;2003-8-12;ZlÌn;ZLN;Czech Republic;;;0
5248;-1;-1;Fabrizio;Casutt;;76;234;2005-4-30;Brig-Glis;VS;Switzerland;;;0
5249;-1;-1;Rick;MacBaxter;;74;221;2004-5-8;Houston;TX;The United States;;;0
5250;-1;-1;Al;Akers;;71;202;2005-1-13;Greensboro;NC;The United States;;;0
5251;-1;-1;Bob;Hughes;;73;177;2004-6-28;West Clarkston-Highland;WA;The United States;;;0
5252;-1;-1;Gary;Bates;;75;227;2005-1-28;Pendleton;OR;The United States;;;0
5253;-1;-1;Ricky;Messer;;74;224;2005-7-2;Fairfield Township;OH;The United States;;;0
5254;-1;-1;Theron;Timmins;;73;195;2005-2-23;Granite Bay;CA;The United States;;;0
5255;-1;-1;Ra˙l;Garza;;72;196;2005-4-8;Dakota City;NE;The United States;;;0
5256;-1;-1;Igor;Darkshevich;;75;206;2004-1-15;Zhytomyr;ZHY;Ukraine;;;0
5257;-1;-1;Kamil;Krch;;73;213;2005-2-19;Most;UST;Czech Republic;;;0
5258;-1;-1;Kevin;Pacheco;;75;222;2004-12-24;Charlottetown;PE;Canada;;;0
5259;-1;-1;Charlie;Donaldson;;72;212;2004-8-1;Colbert;OK;The United States;;;0
5260;-1;-1;Kirby;Miah;;72;206;2005-2-17;Tecumseh;ON;Canada;;;0
5261;-1;-1;Nicholas;McVicar;;76;226;2004-12-19;Ancaster;ON;Canada;;;0
5262;-1;-1;Edmond;Ford;;75;210;2003-11-15;New York;NY;The United States;;;0
5263;-1;-1;Johnny;Donahoe;;76;232;2005-4-20;Wayne;MI;The United States;;;0
5264;-1;-1;Robin;Styblo;;72;211;2005-4-18;Trutnov;KRA;Czech Republic;;;0
5265;-1;-1;Ivo;Zelenka;;71;194;2004-1-21;Trnava;TRN;Slovakia;;;0
5266;128;20;Rob;MacKinnon;;73;218;2005-1-20;Regina;SK;Canada;;;0
5267;-1;-1;Guillaume;LÈonard;;71;198;2005-4-2;Laval;QC;Canada;;;0
5268;-1;-1;Petr;Janicek;;72;208;2003-11-15;MelnÌk;STR;Czech Republic;;;0
5269;-1;-1;Genadz;Slautsin;;75;189;2003-6-23;Kalinkovichi;GOM;Belarus;;;0
5270;-1;-1;Peter;Maciag;;77;210;2004-12-20;Mesquite;TX;The United States;;;0
5271;-1;-1;Jason;Calhoun;;71;204;2004-4-6;Allen;TX;The United States;;;0
5272;-1;-1;Darrel;Parkinson;;75;205;2003-1-22;Highland;UT;The United States;;;0
5273;-1;-1;Danny;Haythornthwaite;;77;234;2005-7-16;St. Charles;MO;The United States;;;0
5274;-1;-1;Dave;Crevatin;;71;198;2004-11-28;Calgary;AB;Canada;;;0
5275;-1;-1;Vinzent;B¸ttner;;72;195;2004-10-5;Schlotheim;THU;Germany;;;0
5276;-1;-1;Harry;Spitz;;75;227;2005-8-10;Portage Lakes;OH;The United States;;;0
5277;-1;-1;Jurij;Havlicek;;72;207;2005-6-25;Liberec;LIB;Czech Republic;;;0
5278;-1;-1;Viktor;Nylander;;74;222;2005-3-22;Karlstad;V‰R;Sweden;;;0
5279;-1;-1;Chris;Russell;;74;225;2004-9-15;Oak Lawn;IL;The United States;;;0
5280;-1;-1;Jan;Vrabec;;71;208;2005-5-11;Olomouc;OLO;Czech Republic;;;0
5281;-1;-1;Curtis;Burruss;;71;195;2003-9-18;Joliet;IL;The United States;;;0
5282;-1;-1;Richard;Brady;;72;213;2003-12-2;Nixa;MO;The United States;;;0
5283;-1;-1;Tristan;Lane;;71;202;2004-7-28;Bloomingdale;GA;The United States;;;0
5284;-1;-1;Ken;Isler;;74;221;2004-9-15;Reinach;BL;Switzerland;;;0
5285;-1;-1;Ernest;Vallance;;71;206;2003-2-9;Colorado Springs;CO;The United States;;;0
5286;-1;-1;Maksim;Ovcharov;;72;211;2005-3-28;Moscow;MOS;Russia;;;0
5287;-1;-1;Charles;Chambers;;72;204;2004-7-18;Orlando;FL;The United States;;;0
5288;-1;-1;Jason;Southern;;73;206;2003-9-10;Monmouth Beach;NJ;The United States;;;0
5289;-1;-1;Aaro;Reinikainen;;74;215;2005-6-5;Mikkeli;SSA;Finland;;;0
5290;-1;-1;Maksim;Polyn;;72;207;2004-9-13;Roshchino;CHE;Russia;;;0
5291;-1;-1;Artyom;Otlesnov;;73;208;2005-4-13;Arkalik;KOS;Kazakhstan;;;0
5292;-1;-1;Lloyd;Wichelmann;;75;212;2003-2-10;Shanor-Northvue;PA;The United States;;;0
5293;-1;-1;Jesse;Sharpe;;74;208;2004-12-22;Fort Saskatchewan;AB;Canada;;;0
5294;-1;-1;Marat;Galimov;;76;206;2004-12-20;Ulyanovsk;ULY;Russia;;;0
5295;-1;-1;Brian;Allen;;73;187;2005-5-11;Providence;RI;The United States;;;0
5296;-1;-1;Dan;Edgar;;76;231;2004-2-7;Anniston;AL;The United States;;;0
5297;-1;-1;Kyle;Maloney;;72;207;2005-4-20;Whitehorse;YT;Canada;;;0
5298;-1;-1;Steven;Budac;;72;209;2003-12-27;North Bay;ON;Canada;;;0
5299;-1;-1;Michel;Savard;;74;208;2005-1-25;Drummondville;QC;Canada;;;0
5300;-1;-1;Tomas;Borg;;72;195;2003-10-5;H‰ssleholm;SKÂ;Sweden;;;0
5301;-1;-1;Millard;Malloch;;71;184;2003-7-27;Honolulu;HI;The United States;;;0
5302;-1;-1;Kanstantsin;Karytska;;71;182;2004-1-28;Pinsk;BRE;Belarus;;;0
5303;-1;-1;Yevgeny;Dvurechensky;;72;180;2005-1-16;Moscow;MOS;Russia;;;0
5304;-1;-1;Brent;Cimadamore;;71;203;2004-12-12;Port Colborne;ON;Canada;;;0
5305;-1;-1;Andrey;Mamkin;;72;206;2003-6-27;Krasnokamensk;ZAB;Russia;;;0
5306;-1;-1;Jeff;Dyer;;74;219;2004-9-1;Deerfield Beach;FL;The United States;;;0
5307;-1;-1;Nick;Russell;;72;186;2005-7-15;New York;NY;The United States;;;0
5308;-1;-1;Roland;Parrone;;73;202;2005-7-9;Clovis;CA;The United States;;;0
5309;-1;-1;Jim;McDaniel;;71;201;2004-9-3;South Patrick Shores;FL;The United States;;;0
5310;-1;-1;Yevhen;Radionov;;72;187;2004-7-29;Vitebsk;VIT;Belarus;;;0
5311;-1;-1;Ian;Mowett;;74;224;2005-2-15;Jewett City;CT;The United States;;;0
5312;-1;-1;Taylor;Frew;;73;192;2005-8-5;Buena Vista;SK;Canada;;;0
5313;-1;-1;Sebastian;Falkenberg;;71;202;2003-5-5;Copenhagen;FRE;Denmark;;;0
5314;-1;-1;Josh;Armstrong;;73;204;2004-1-23;Kingston;ON;Canada;;;0
5315;-1;-1;Nathan;White;;71;202;2005-6-13;Williston Highlands;FL;The United States;;;0
5316;-1;-1;Scott;Kessy;;73;193;2005-5-5;Clarington;ON;Canada;;;0
5317;-1;-1;Chris;Phelps;;71;205;2005-6-4;Detroit;MI;The United States;;;0
5318;-1;-1;Carlos;Sanchez;;72;207;2004-3-8;San Francisco;CA;The United States;;;0
5319;-1;-1;Artsyom;Shalak;;71;191;2003-9-16;Minsk;MIN;Belarus;;;0
5320;-1;-1;Ramon;Anex;;74;215;2005-7-13;La Chaux-de-Fonds;NE;Switzerland;;;0
5321;-1;-1;Phil;Clotworthy;;73;210;2004-2-18;Kansas City;MO;The United States;;;0
5322;-1;-1;Thorvald;Kiiskinen;;73;192;2004-12-27;Vantaa;UUS;Finland;;;0
5323;-1;-1;Jim;Price;;73;192;2004-4-19;Mission;TX;The United States;;;0
5324;-1;-1;Jon;Willis;;74;212;2003-5-18;Philadelphia;PA;The United States;;;0
5325;-1;-1;Steve;Swett;;72;186;2004-10-20;Ridgecrest;CA;The United States;;;0
5326;-1;-1;Eric;Murdock;;72;202;2004-8-21;Holbrook;AZ;The United States;;;0
5327;-1;-1;Aaron;Hill;;74;219;2004-12-8;Garland;TX;The United States;;;0
5328;-1;-1;Andrew;Rieger;;72;197;2004-12-2;Scituate;MA;The United States;;;0
5329;-1;-1;William;Buckley;;72;209;2005-4-2;West Islip;NY;The United States;;;0
5330;-1;-1;Michael;Ackermann;;71;211;2003-1-7;M¸hldorf;BAV;Germany;;;0
5331;-1;-1;Steve;Nguyen;;72;198;2004-9-26;Moreno Valley;CA;The United States;;;0
5332;-1;-1;Emery;Kleine;;72;183;2004-10-2;Mattawan;MI;The United States;;;0
5333;-1;-1;Carl;Lundqvist;;73;217;2004-9-12;East Patchogue;NY;The United States;;;0
5334;-1;-1;Vladislav;Mayasin;;71;199;2004-11-20;Kostroma;KOS;Russia;;;0
5335;-1;-1;Karl;Bacon;;72;191;2004-12-12;San Jose;CA;The United States;;;0
5336;-1;-1;Beau;McSpadden;;72;213;2003-4-26;Kalaoa;HI;The United States;;;0
5337;-1;-1;Cody;Bentley;;75;209;2004-1-22;Mayflower Village;CA;The United States;;;0
5338;-1;-1;Jakub;Rakosnik;;74;190;2004-11-11;Netolice;JIH;Czech Republic;;;0
5339;-1;-1;Igar;Shytaw;;74;203;2005-1-23;Orsha;VIT;Belarus;;;0
5340;-1;-1;Isak;Belin;;76;224;2003-8-13;Kramfors;V‰S;Sweden;;;0
5341;-1;-1;Frederik;Bloch;;73;214;2005-8-14;Skjern;RIN;Denmark;;;0
5342;-1;-1;Jakub;Stadler;;71;203;2004-11-10;Kyjov;JHM;Czech Republic;;;0
5343;-1;-1;Dave;Wolfe;;73;214;2003-11-5;Chicago;IL;The United States;;;0
5344;-1;-1;Dave;Kieffer;;72;208;2004-11-13;Kendall West;FL;The United States;;;0
5345;-1;-1;Brett;Murray;;73;210;2003-1-19;Winnipeg;MB;Canada;;;0
5346;-1;-1;Dorian;MacNeill;;73;213;2004-9-16;Pennsville;NJ;The United States;;;0
5347;-1;-1;Peter;Kalus;;72;209;2004-12-7;Hn˙sta;BAN;Slovakia;;;0
5348;-1;-1;Samuel;Messier;;76;234;2005-12-1;Beloeil;QC;Canada;;;0
5349;-1;-1;David;Karlsson;;72;203;2005-10-31;Sollentuna;STO;Sweden;;;0
5350;-1;-1;Owen;King;;71;205;2006-1-1;Calgary;AB;Canada;;;0
5351;-1;-1;Gabriel;Nolin;;71;205;2005-8-30;Montreal;QC;Canada;;;0
5352;151;152;John;McNelis;;71;207;2006-1-8;Potomac;MD;The United States;;;0
5353;-1;-1;Mathieu;Turner;;72;207;2006-5-26;Huntsville;ON;Canada;;;0
5354;-1;-1;Philemon;Heinonen;;71;203;2006-3-17;Stockholm;STO;Sweden;The United States;;0
5355;135;2;Quinn;Kennedy;;72;207;2006-2-6;Halifax;NS;Canada;;;0
5356;25;25;Marek;Howell;;76;233;2006-5-19;Calgary;AB;Canada;;;0
5357;141;25;Anthony;ParÈ;;74;206;2006-9-1;Mont-Joli;QC;Canada;;;0
5358;142;23;Anthony;Cristoforo;;72;207;2006-2-23;Vaughan;ON;Canada;;;0
5359;151;152;Jonah;Jasser;;73;215;2006-7-31;Flower Mound;TX;The United States;;;0
5360;-1;-1;Glenn;Gerbrand;;72;208;2006-5-27;Rocky View County;AB;Canada;;;0
5361;151;152;Sidney;Deslauriers;;71;203;2006-3-7;Mirabel;QC;Canada;;;0
5362;-1;-1;Chris;Wood;;71;201;2005-7-21;Markham;ON;Canada;;;0
5363;-1;-1;Jordan;Fournier;;71;207;2005-10-11;Calgary;AB;Canada;;;0
5364;55;9;Matvei;Gridin;;72;208;2006-3-1;Kurgan;KUR;Russia;;;0
5365;135;2;Jett;Luchanko;;72;207;2006-8-21;London;ON;Canada;;;0
5366;-1;-1;Andres;Workman;;72;208;2006-5-18;Port Coquitlam;BC;Canada;;;0
5367;-1;-1;Kevin;Auclair;;72;209;2005-11-17;Saguenay;QC;Canada;;;0
5368;126;124;Tyron;Fevry;;71;202;2006-4-5;Montreal;QC;Canada;;;0
5369;48;14;William;McIsaac;;75;226;2006-5-26;Vancouver;BC;Canada;;;0
5370;141;25;Cayden;Lindstrom;;78;235;2006-2-3;Chetwynd;BC;Canada;;;0
5371;-1;-1;Liam;Hall;;72;207;2006-4-11;Helsingborg;SKÂ;Sweden;;;0
5372;144;8;Adam;Kleber;;78;240;2006-3-24;Chaska;MN;The United States;;;0
5373;-1;-1;Colton;Whitfield;;74;223;2006-4-10;Warwick;RI;The United States;;;0
5374;143;18;Pauli;Makkonen;;75;229;2005-10-26;Turku;SOU;Finland;;;0
5375;30;30;Luka;Shcherbyna;;71;202;2006-6-1;Vancouver;BC;Canada;;;0
5376;-1;-1;David;Spavor;;73;213;2006-6-17;Kitchener;ON;Canada;;;0
5377;142;23;Nate;Corbet;;72;212;2006-3-15;Calgary;AB;Canada;;;0
5378;17;17;Aidan;Yi;;71;203;2006-7-25;Lake Forest;CA;The United States;;;0
5379;132;12;Vladislav;Ivanov;;74;223;2005-8-14;Zhytomyr;ZHY;Ukraine;;;0
5380;-1;-1;Aleksandr;Zaitsev;;73;212;2005-9-24;Volgograd;VOL;Russia;;;0
5381;131;1;Daniil;Ustinkov;;73;215;2006-8-26;Samara;SAM;Russia;Switzerland;;0
5382;-1;-1;Mihkel;Arula;;73;213;2006-5-6;Tallinn;HAR;Estonia;;;0
5383;2;2;Deke;Davidson;;76;232;2006-6-4;Newmarket;NH;The United States;;;0
5384;31;31;Adam;Jiricek;;75;222;2006-6-28;Plzen;PLZ;Czech Republic;;;0
5385;-1;-1;Kristopher;Cavallini;;73;215;2006-6-24;Toronto;ON;Canada;;;0
5386;131;1;Aidan;Park;;73;214;2006-1-6;Hermosa Beach;CA;The United States;;;0
5387;-1;-1;Evan;Hopkins;;72;212;2006-2-17;Carstairs;AB;Canada;;;0
5388;-1;-1;Curtis;Bookey;;72;212;2005-8-5;Bowmanville;ON;Canada;;;0
5389;47;47;Paul;Babych;;71;204;2005-8-26;Calgary;AB;Canada;;;0
5390;137;28;Arseny;Dotsenko;;73;217;2006-9-15;Taremskoye;NIZ;Russia;;;0
5391;9;9;Cole;Beaudoin;;76;231;2006-4-24;Ottawa;ON;Canada;;;0
5392;-1;-1;Brian;Pennell;;76;220;2005-11-21;Big Park;AZ;The United States;;;0
5393;148;30;Igor;Chernyshov;;75;226;2005-11-30;Penza;PEN;Russia;;;0
5394;139;19;Quentin;Bourne;;73;184;2006-3-4;Lawndale;CA;The United States;;;0
5395;-1;-1;Shaun;Rios;;73;217;2005-11-12;San Jose;CA;The United States;;;0
5396;151;152;Mato;Katalinic;;72;208;2005-8-10;Zagreb;GRA;Croatia;;;0
5397;135;2;Ryker;Lee;;71;202;2006-11-8;Wilmette;IL;The United States;;;0
5398;143;18;AndrÈ;Robert;;72;213;2005-8-18;Terrebonne;QC;Canada;;;0
5399;-1;-1;Adam;Navratil;;71;206;2005-12-26;Sumperk;OLO;Czech Republic;;;0
5400;-1;-1;Lucas;Andersen;;75;225;2006-1-26;Karlskoga;÷RE;Sweden;;;0
5401;33;29;Bryce;Pickford;;73;215;2006-4-2;Edmonton;AB;Canada;;;0
5402;-1;-1;Ismo;Kautonen;;74;213;2005-12-28;Vihti;UUS;Finland;;;0
5403;-1;-1;Jesper;Holmgren;;71;204;2005-8-1;Karlskrona;BLE;Sweden;;;0
5404;-1;-1;Michal;Riha;;72;207;2005-10-9;Hradec KralovÈ;KRA;Czech Republic;;;0
5405;-1;-1;Jacob;Thiele;;74;223;2006-2-17;Toronto;ON;Canada;;;0
5406;-1;-1;Derek;Croteau;;75;227;2006-3-24;Port Coquitlam;BC;Canada;;;0
5407;127;31;Spencer;Gill;;76;231;2006-8-17;Moncton;NB;Canada;;;0
5408;-1;-1;Roland;Parrell;;73;210;2005-7-9;Yellowknife;NT;Canada;;;0
5409;-1;-1;Timotej;Chochlik;;73;213;2006-6-23;Bratislava;BRA;Slovakia;;;0
5410;142;23;Keith;McInnis;;73;213;2006-1-8;Red Deer;AB;Canada;;;0
5411;-1;-1;Connor;Fisher;;71;202;2005-10-12;Burlington;ON;Canada;;;0
5412;149;29;Connor;Bewick;;73;218;2006-4-5;Gurnee;IL;The United States;;;0
5413;-1;-1;Tom·ö;Galvas;;72;202;2006-2-11;Krnov;MOR;Czech Republic;;;0
5414;143;18;Alex;Kostov;;77;237;2006-6-3;Mississauga;ON;Canada;;;0
5415;-1;-1;Joshua;BÈlisle;;71;207;2006-1-4;Montreal;QC;Canada;;;0
5416;156;156;Matt;Brock;;72;209;2006-2-7;Albuquerque;NM;The United States;;;0
5417;-1;-1;Denis;Makhalin;;72;209;2005-10-15;Donskoye;KAL;Russia;;;0
5418;153;152;Lukas;Fischer;;77;238;2006-9-9;Detroit;MI;Czech Republic;The United States;;0
5419;-1;-1;Fredric;Berglund;;74;225;2005-10-27;LuleÂ;NOR;Sweden;;;0
5420;21;21;Gabriel;Frasca;;73;216;2006-2-18;Caledon;ON;Canada;;;0
5421;-1;-1;Igor;Zemchyonok;;72;208;2006-4-17;Izhevsk;UDM;Russia;;;0
5422;7;7;Linus;Eriksson;;74;222;2006-3-23;Stockholm;STO;Sweden;;;0
5423;144;8;Samuel;Carreiras-Pata;;73;218;2006-7-23;Laval;QC;Canada;;;0
5424;137;28;Chase;Yanni;;73;226;2007-1-8;Alliston;ON;Canada;;;0
5425;148;30;Tyler;McGowan;;72;207;2006-3-7;Anaheim;CA;The United States;;;0
5426;-1;-1;Lukas;Hrbek;;76;206;2006-6-26;Znojmo;JHM;Czech Republic;;;0
5427;-1;-1;Justin;Palermo;;74;219;2006-3-29;Surrey;BC;Canada;;;0
5428;-1;-1;Mitch;Merkowsky;;74;219;2006-2-12;Toronto;ON;Canada;;;0
5429;-1;-1;Cristian;Corso;;73;213;2006-3-25;Dollard-des-Ormeaux;QC;Canada;;;0
5430;8;8;Luciano;Ruggiero;;76;232;2006-5-3;Laval;QC;Canada;;;0
5431;-1;-1;J·n;Pukalovic;;74;221;2006-1-24;Kosice;KOS;Slovakia;;;0
5432;56;21;Shamar;Moses;;73;213;2007-5-6;Dartmouth;NS;Canada;;;0
5433;-1;-1;Hutch;Rose;;74;222;2005-11-23;Weymouth;MA;The United States;;;0
5434;-1;-1;Kane;O'Sullivan;;71;202;2006-4-22;Albuquerque;NM;The United States;;;0
5435;-1;-1;Nicklas;Ahlstedt;;75;228;2006-4-26;Stockholm;STO;Sweden;;;0
5436;-1;-1;K;B;;73;213;2006-4-25;Elmhurst;IL;The United States;;;0
5437;-1;-1;Joe;Connor;;71;203;2005-3-31;Manchester;NH;The United States;;;0
5438;-1;-1;Terry;Rogers;;75;230;2006-6-1;Appleton;WI;The United States;;;0
5439;130;14;Candon;O'Neill;;73;218;2006-4-30;Sault Ste. Marie;ON;Canada;;;0
5440;40;20;Owen;Phillips;;72;207;2006-1-12;Hammonds Plains Road;NS;Canada;;;0
5441;7;7;Kaleb;Dietsch;;77;227;2007-1-3;Welland;ON;Canada;;;0
5442;141;25;Hudson;Kibblewhite;;73;208;2007-4-7;Vernon;BC;Canada;;;0
5443;151;152;Michael;Barron;;71;202;2006-7-12;Terre Haute;IN;The United States;;;0
5444;26;26;…liot;L'Italien;;73;219;2006-3-23;Quebec City;QC;Canada;;;0
5445;19;19;Rowan;Topp;;74;221;2006-4-2;Terrebonne;QC;Canada;;;0
5446;47;0;Will;Shields;;71;203;2006-5-13;Windsor;NS;Canada;;;0
5447;126;124;Isaac;Poll;;74;220;2007-5-3;White City;SK;Canada;;;0
5448;-1;-1;Lukas;Omelka;;71;201;2005-9-2;Koprivnice;MOR;Czech Republic;;;0
5449;-1;-1;Keegan;Huestis;;74;196;2006-2-3;Port Coquitlam;BC;Canada;;;0
5450;144;8;Ashton;Tait;;73;214;2006-7-30;Prince Albert;SK;Canada;;;0
5451;151;152;Mathis;Langevin;;75;204;2006-6-18;Calgary;AB;Canada;;;0
5452;130;14;Jason;Davenport;;73;214;2006-6-29;Shelby Township;MI;The United States;;;0
5453;-1;-1;Martin;Havel;;72;213;2006-5-4;Brno;JHM;Czech Republic;;;0
5454;-1;-1;Valerio;Iandolo;;72;207;2006-2-27;Barrie;ON;Canada;;;0
5455;-1;-1;Maksim;Kutuzov;;73;215;2005-12-20;Izhevsk;UDM;Russia;;;0
5456;139;19;Drew;Berres;;72;210;2005-12-22;Waunakee;WI;The United States;;;0
5457;-1;-1;Mac;Swanson;;74;220;2005-1-10;Anchorage;AK;The United States;;;1
5458;-1;-1;Daniel;Bennett;;75;206;2005-11-5;Toronto;ON;Canada;;;0
5459;45;28;Alexis;Bernier;;74;222;2006-6-21;Saint-Hyacinthe;QC;Canada;;;0
5460;14;14;Callum;Cheynowski;;74;225;2006-8-4;Welland;ON;Canada;;;0
5461;130;14;Karl;Sterner;;75;226;2006-3-29;Trollh‰ttan;V‰S;Sweden;;;0
5462;-1;-1;Daniel;Orvisky;;73;192;2006-3-24;Senica;TRN;Slovakia;;;0
5463;56;21;Tristen;Doyle;;71;202;2006-2-17;Winnipeg;MB;Canada;;;0
5464;-1;-1;Florante;Malagar;;77;237;2005-8-27;Richmond Hill;ON;Canada;;;0
5465;23;23;Zayne;Parekh;;75;226;2006-2-15;Toronto;ON;Canada;;;0
5466;-1;-1;Andrius;Arcabas;;72;208;2006-7-4;Svencioneliai;VIL;Lithuania;;;0
5467;34;2;Logan;Sawyer;;73;214;2006-5-6;Orangeville;ON;Canada;;;0
5468;-1;-1;Pier-Olivier;Potvin;;78;233;2006-3-25;Montreal;QC;Canada;;;0
5469;144;8;Tate;Vader;;71;201;2006-1-9;Perth;ON;Canada;;;0
5470;-1;-1;Brayden;Dukowski;;71;194;2005-11-9;Toronto;ON;Canada;;;0
5471;-1;-1;Aiden;Atkinson;;76;232;2005-8-26;Cambridge;MA;The United States;;;0
5472;147;9;Veeti;V‰is‰nen;;72;207;2006-2-15;Hamina;KYM;Finland;;;0
5473;27;27;Kaden;Pitre;;74;222;2006-2-8;Whitchurch-Stouffville;ON;Canada;;;0
5474;138;24;Will;Skahan;;77;236;2006-5-14;Orange;CA;The United States;;;0
5475;128;20;Luke;Osburn;;73;215;2006-9-1;Plymouth;MI;The United States;;;0
5476;135;2;Riley;Patterson;;73;217;2006-3-22;Burlington;ON;Canada;;;0
5477;-1;-1;Egidijus;Skinderis;;75;224;2006-6-28;Siauliai;SIA;Lithuania;;;0
5478;142;23;Charlie;Elick;;75;228;2006-6-24;Calgary;AB;Canada;;;0
5479;-1;-1;Nathan;Bernard;;76;231;2005-11-24;Mississauga;ON;Canada;;;0
5480;-1;-1;Dzmitry;Trubila;;73;214;2005-8-30;Logoisk;MIN;Belarus;;;0
5481;-1;-1;Jack;O'Kean;;71;203;2006-1-15;Cicero;IL;The United States;;;0
5482;-1;-1;J·n;Durjak;;73;215;2006-5-22;Velk˝ Meder;TRN;Slovakia;;;0
5483;151;152;David;Pearce;;74;212;2005-8-6;Mission;BC;Canada;;;0
5484;28;28;Cole;Hutson;;73;214;2006-6-28;North Barrington;IL;The United States;;;0
5485;48;14;Brady;Austin;;75;226;2006-4-19;Gatineau;QC;Canada;;;0
5486;124;124;Marek;Vanacker;;72;210;2006-4-12;Delhi;ON;Canada;;;0
5487;-1;-1;Tobias;Melander;;72;210;2005-9-28;Salem;STO;Sweden;;;0
5488;139;19;JÈrÈmy;Leroux;;71;204;2006-5-15;Mirabel;QC;Canada;;;0
5489;17;17;Tory;Pitner;;73;208;2006-3-6;Greenwich;CT;The United States;;;0
5490;55;9;Julien;Lanthier;;72;208;2006-2-6;Lachute;QC;Canada;;;0
5491;-1;-1;Tobias;Graf;;73;213;2005-11-17;Winterthur;ZH;Switzerland;;;0
5492;-1;-1;Tapio;Miettinen;;78;231;2005-8-24;Sein‰joki;SOS;Finland;;;0
5493;-1;-1;Tom·s;Hrabec;;74;223;2006-6-26;Olomouc;OLO;Czech Republic;;;0
5494;19;19;Grayden;Strohack;;76;234;2006-6-9;Waterloo;ON;Canada;;;0
5495;12;12;Ethan;Hughes;;71;195;2006-8-10;Edmonton;AB;Canada;;;0
5496;142;23;Jesse;Heslop;;72;196;2006-4-18;Nanaimo;BC;Canada;;;0
5497;-1;-1;Graham;Sorochan;;74;220;2006-3-21;Pickering;ON;Canada;;;0
5498;12;12;Caleb;Desnoyers;;73;214;2007-4-11;Saint-Hyacinthe;QC;Canada;;;0
5499;58;24;Luca;Testa;;73;219;2006-4-10;Grimsby;ON;Canada;;;0
5500;130;14;Reed;Gee;;71;201;2006-3-12;Quinte West;ON;Canada;;;0
5501;-1;-1;JÅ¸ri;Kangur;;74;220;2005-8-5;Narva;IDA;Estonia;;;0
5502;140;17;Mikhail;Levaniuk;;76;231;2006-8-26;Redmond;WA;The United States;;;0
5503;59;1;Clarke;Caswell;;71;196;2006-2-2;Brandon;MB;Canada;;;0
5504;130;14;Callum;Hughes;;73;213;2006-1-22;Bernards Township;NJ;The United States;;;0
5505;-1;-1;Alyaksey;Aliew;;71;184;2005-12-1;Glubokoye;VIT;Belarus;;;0
5506;-1;-1;RaphaÎl;Olivier;;72;211;2005-10-2;Grabels;LAN;France;;;0
5507;-1;-1;Johan;Lˆfgren;;72;209;2005-8-30;Danderyd;STO;Sweden;;;0
5508;-1;-1;Syarhey;Karpovich;;75;226;2005-12-12;Viljejka;MIN;Belarus;;;0
5509;23;23;Drake;Murray;;75;226;2006-3-29;Manhattan Beach;CA;The United States;;;0
5510;56;21;Gabe;Smith;;77;234;2006-8-3;St. Andrews;NB;Canada;;;0
5511;143;18;Jordan;Forget;;73;196;2006-4-16;Sierre;VS;Switzerland;Canada;;0
5512;-1;-1;Gerrit;Kaiser;;72;207;2006-3-3;Melsungen;HES;Germany;;;0
5513;133;26;Brady;Ness;;75;213;2006-6-18;Edmonton;AB;Canada;;;0
5514;132;12;Adam;Fortier-Gendron;;72;208;2006-1-21;Montreal;QC;Canada;;;0
5515;-1;-1;Kalle;Haverinen;;73;206;2005-10-4;Hartola;PAH;Finland;;;0
5516;144;8;Alofa Tunoa;Tunoa Taíamu;;77;242;2008-5-28;Kansas City;MO;The United States;;;0
5517;-1;-1;Tom;Martinsson;;74;199;2005-12-17;Stockholm;STO;Sweden;;;0
5518;38;25;Finn;McLaughlin;;72;209;2006-2-28;Canmore;AB;Canada;The United States;;0
5519;18;18;Vincent;Murray;;74;219;2006-1-3;Gatineau;QC;Canada;;;0
5520;151;152;Anton;Morin;;73;215;2005-12-1;Stockholm;STO;Sweden;;;0
5521;-1;-1;Casey;Jinman;;74;219;2005-10-2;Brampton;ON;Canada;;;0
5522;-1;-1;Christian;Kirsch;;76;231;2006-6-18;Basel;BS;Switzerland;Germany;;0
5523;-1;-1;Juha;Airikkala;;73;201;2005-9-22;Imatra;SKA;Finland;;;0
5524;128;20;Anton;Steen;;73;213;2005-12-11;÷stersund;J‰M;Sweden;;;0
5525;43;17;Caden;Kelly;;72;210;2006-1-15;Mississauga;ON;Canada;;;0
5526;-1;-1;Edwin;Walterman;;72;205;2005-7-12;Miramar;FL;The United States;;;0
5527;136;10;Trae;Wilke;;73;217;2006-4-20;Saskatoon;SK;Canada;;;0
5528;-1;-1;Zack;Maclean;;73;215;2005-11-10;Calgary;AB;Canada;;;0
5529;-1;-1;Artyom;Mostynets;;76;228;2006-4-21;Gornyy;NOV;Russia;;;0
5530;-1;-1;John;Riguse;;73;216;2006-5-9;Richmond;BC;Canada;;;0
5531;-1;-1;Yevgeny;Maslakov;;72;196;2006-3-4;Lyantor;KHA;Russia;;;0
5532;-1;-1;Cole;Wadsworth;;71;178;2006-2-27;Penticton;BC;Canada;;;0
5533;124;124;Kadon;McCann;;75;212;2007-3-25;Kelowna;BC;Canada;;;0
5534;44;30;Riley;Ashe;;73;214;2006-1-30;Warman;SK;Canada;;;0
5535;152;152;Connor;Schmidt;;71;206;2007-3-20;Montreal;QC;Canada;;;0
5536;-1;-1;Eric;Olsson;;77;234;2006-2-27;Stockholm;STO;Sweden;;;0
5537;140;17;Jacob;Battaglia;;72;211;2006-3-17;Mississauga;ON;Canada;;;0
5538;24;24;Maksim;Kolenkov;;71;190;2008-2-28;Narva;IDA;Estonia;;;0
5539;143;18;Lincoln;Simon;;71;205;2006-5-9;Thunder Bay;ON;Canada;;;0
5540;-1;-1;Andrey;Shishlo;;80;245;2005-7-11;Bryansk;BRY;Russia;;;0
5541;-1;-1;Curtis;Sutcliffe;;72;206;2005-11-2;South Stormont;ON;Canada;;;0
5542;-1;-1;…douard;Gagnon;;71;187;2006-6-10;Sainte-Julie;QC;Canada;;;0
5543;132;12;Arvid;Jensen;;72;209;2005-7-16;Upplands V‰sby;STO;Sweden;;;0
5544;142;23;Tyler;Graham;;74;220;2006-8-10;Cambridge;ON;Canada;;;0
5545;143;18;William;Nicholl;;73;218;2006-5-24;Grande Cache;AB;Canada;;;0
5546;59;1;Jake;Boulanger;;74;215;2005-10-18;Barre;MA;The United States;;;0
5547;133;26;Dawson;Gerwing;;74;223;2006-7-12;Meadow Lake;SK;Canada;;;0
5548;-1;-1;AndrÈ;Marleau;;76;229;2005-8-22;Notre-Dame-de-l'Œle-Perrot;QC;Canada;;;0
5549;29;29;Tomas;Mrsic;;72;211;2006-2-26;Surrey;BC;Canada;;;0
5550;-1;-1;Brayden;Fieber;;73;187;2006-6-21;Toronto;ON;Canada;;;0
5551;146;0;Jiri;Svec;;75;227;2006-2-28;Brno;JHM;Czech Republic;;;0
5552;59;1;Benjamin;Cormier;;75;231;2006-7-20;Ottawa;ON;Canada;;;0
5553;140;17;Maxime;Lafond;;75;228;2006-3-28;Montreal;QC;Canada;;;0
5554;-1;-1;Jordan;White;;77;224;2005-7-14;Victoria;BC;Canada;;;0
5555;-1;-1;Sindri SnÊr;Gararson;;74;211;2005-11-11;Kil;V‰R;Sweden;;;0
5556;-1;-1;Max;Houck;;73;214;2006-1-28;Calgary;AB;Canada;;;0
5557;47;47;William;Yee;;73;215;2004-4-11;Vancouver;BC;Canada;;;0
5558;-1;-1;Yngve;Persson;;73;216;2006-1-11;Falun;DAL;Sweden;;;0
5559;-1;-1;Egon;Lindman Gustafsson;;72;201;2007-9-28;Olofstrˆm;BLE;Sweden;;;0
5560;33;12;Anton;Johansson;;76;231;2005-9-5;Lidingˆ;STO;Sweden;;;0
5561;126;124;Emil;Hemming;;75;227;2006-6-27;Vaasa;OST;Finland;;;0
5562;3;3;Sacha;Boisvert;;75;228;2006-3-17;Trois-RiviËres;QC;Canada;;;0
5563;130;14;Alfred;Neuman;;74;224;2006-6-29;Skoghall;V‰R;Sweden;;;0
5564;139;19;Kiernan;Poulin;;71;205;2006-1-5;Norwell;MA;The United States;;;0
5565;-1;-1;Blake;Lyle;;77;234;2006-6-4;Toronto;ON;Canada;;;0
5566;36;3;Alexis;Michaud;;74;220;2006-1-26;Quebec City;QC;Canada;;;0
5567;-1;-1;Matias;Sillanp‰‰;;74;219;2005-7-13;Pˆyty‰;FIN;Finland;;;0
5568;148;30;Cole;Peardon;;73;215;2006-3-26;Saskatoon;SK;Canada;;;0
5569;130;14;Charlie;Michaud;;74;223;2006-8-12;Denver;CO;The United States;;;0
5570;-1;-1;Viktor;Laptukhov;;71;201;2006-6-17;St. Petersburg;SAI;Russia;;;0
5571;136;10;Ryder;Ritchie;;73;207;2006-8-3;Kelowna;BC;Canada;Sweden;;0
5572;127;31;Tomas;Lavoie;;75;225;2006-3-31;Montreal;QC;Canada;;;0
5573;135;2;Landon;Stringfellow;;71;204;2006-5-10;Andover;MN;The United States;;;0
5574;130;14;Joey;Macrina;;72;182;2006-1-9;Collegeville;PA;The United States;;;0
5575;150;7;Simon;N‰sstrˆm;;72;207;2006-2-27;Nacka;STO;Sweden;;;0
5576;-1;-1;Philippe;St-Martin;;76;231;2006-2-13;Longueuil;QC;Canada;;;0
5577;-1;-1;Daniel;Rumpel;;72;207;2005-11-5;Ottawa;ON;Canada;;;0
5578;-1;-1;Matej;Kortus;;72;203;2006-2-7;Hat;MOR;Czech Republic;;;0
5579;25;25;Brayden;Dube;;73;216;2005-9-22;Roblin;MB;Canada;;;0
5580;130;14;Masen;Wray;;75;219;2006-5-15;Amarillo;TX;Canada;The United States;;0
5581;138;24;Nicholas;Christianson;;72;208;2006-1-30;Upland;CA;The United States;;;0
5582;54;10;Tyler;Chiovetti;;71;203;2006-6-9;Redondo Beach;CA;The United States;;;0
5583;-1;-1;Radim;Urban;;73;218;2005-10-23;Prerov;OLO;Czech Republic;;;0
5584;21;21;Seth;Tansem;;71;203;2006-1-3;Kelowna;BC;Canada;;;0
5585;128;20;Elmars;Vilcins;;74;219;2005-7-10;Daugavpils;DAU;Latvia;;;0
5586;136;10;Yegor;Surin;;71;203;2006-8-1;Voronezh;VOR;Russia;;;0
5587;-1;-1;Gabriel;Drouin;;74;220;2005-8-2;Thetford Mines;QC;Canada;;;0
5588;-1;-1;Nikolas;Roberge;;73;213;2005-10-26;Ottawa;ON;Canada;;;0
5589;-1;-1;Samuel;Lafortune;;75;216;2005-9-9;Quebec City;QC;Canada;;;0
5590;-1;-1;Kenney;Erik;;73;214;2005-8-1;Havelock;ON;Canada;;;0
5591;20;20;Xavier;Veilleux;;72;207;2006-5-23;Quebec City;QC;Canada;;;0
5592;151;152;Per-Olof;Eklund;;74;213;2006-6-26;Stockholm;STO;Sweden;;;0
5593;141;25;Tristen;Azelton;;73;201;2006-9-15;Gilbert;AZ;The United States;;;0
5594;130;14;Dmitri;Toporowski;;73;213;2006-8-11;Shrewsbury;MA;The United States;;;0
5595;151;152;Benjamin;Jorgensen;;74;213;2006-2-23;Roskilde;ROS;Denmark;;;0
5596;-1;-1;Brett;Barris;;72;208;2006-2-7;Calgary;AB;Canada;;;0
5597;-1;-1;Keaton;Danson;;73;211;2005-10-7;Castlegar;BC;Canada;;;0
5598;-1;-1;Juhani;Venho;;74;220;2005-11-29;Vilppula;PIR;Finland;;;0
5599;58;58;Maxime;Lapointe;;72;207;2006-1-19;Mont-Joli;QC;Canada;;;0
5600;129;27;Nathan;Aspinall;;78;219;2006-3-30;Markham;ON;Canada;;;0
5601;47;0;Grady;Martin;;77;218;2006-4-26;Oyen;AB;Canada;;;0
5602;-1;-1;Matthew;Eaves;;77;231;2006-6-5;Sudbury;ON;Canada;;;0
5603;-1;-1;Jim;O'Toole;;73;213;2005-12-20;Bradford;RI;The United States;;;0
5604;-1;-1;Brent;Forsyth;;72;207;2005-8-15;Burlington;ON;Canada;;;0
5605;30;30;Zeev;Buium;;72;203;2005-12-7;Laguna Niguel;CA;The United States;;;0
5606;-1;-1;Martin;Eliassen;;74;221;2006-5-5;Strai;VES;Norway;;;0
5607;-1;-1;Filip;Bergstrˆm;;72;210;2006-5-6;Lund;SKÂ;Sweden;;;0
5608;-1;-1;Aleksey;Faustov;;72;207;2005-12-20;Petropavl;SOL;Kazakhstan;;;0
5609;-1;-1;J;S;;77;219;2006-4-20;Minnetonka;MN;The United States;;;0
5610;-1;-1;Tom·s;Sutiak;;73;214;2006-5-20;Rabca;ZIL;Slovakia;;;0
5611;146;0;Christopher;Brown;;73;194;2006-1-27;Toronto;ON;Canada;;;0
5612;56;21;Justin;Poirier;;72;191;2006-9-4;Montreal;QC;Canada;;;0
5613;126;124;Javon;Moore;;75;228;2005-12-7;Minnetonka;MN;The United States;;;0
5614;-1;-1;Vidas;Grigalionis;;74;223;2005-10-13;Ukmerge;VIL;Lithuania;;;0
5615;-1;-1;Taylor;Hunter;;74;219;2005-9-24;St. John's;NL;Canada;;;0
5616;135;2;Hayden;Hastings;;73;188;2006-2-11;Scottsdale;AZ;The United States;;;0
5617;130;14;Antonio;Tersigni;;73;214;2006-5-3;Vaughan;ON;Canada;;;0
5618;8;8;Kevin;He;;71;202;2006-4-30;King City;ON;Canada;;;0
5619;18;18;Michael;Jumper Jr.;;75;221;2006-7-13;Compton;CA;Canada;;;0
5620;-1;-1;Liam;Leclerc;;72;213;2005-11-3;Beloeil;QC;Canada;;;0
5621;-1;-1;…tienne;Provencher;;78;224;2006-6-16;Notre-Dame-de-l'Œle-Perrot;QC;Canada;;;0
5622;130;14;Bjˆrn;Johansson;;78;231;2006-1-7;Stockholm;STO;Sweden;;;0
5623;127;31;Marcus;Kearsey;;71;204;2006-3-17;Deer Lake;NL;Canada;;;0
5624;-1;-1;Taneli;Koivula;;71;201;2006-6-6;Tampere;PIR;Finland;;;0
5625;142;23;Lou-FÈlix;Morin;;73;217;2007-6-13;Marieville;QC;Russia;;;0
5626;10;10;Matthew;Virgilio;;72;209;2006-3-24;Vaughan;ON;Canada;;;0
5627;151;152;Rudolf;Loboda;;74;219;2005-8-27;Prvacina;GOR;Slovenia;;;0
5628;-1;-1;Luis;Roldan;;75;229;2006-2-28;Euclid;OH;The United States;;;0
5629;-1;-1;Brandon;Pratt;;71;202;2006-3-20;Brampton;ON;Canada;;;0
5630;-1;-1;Gavin;Uhlenkamp;;70;197;2006-3-27;Chanhassen;MN;The United States;;;0
5631;-1;-1;Liam;Jacques;;72;195;2005-10-22;Salaberry-de-Valleyfield;QC;Canada;;;0
5632;3;3;Michael;Brandsegg-Nygard;;75;226;2005-10-5;Oslo;AKE;Norway;;;0
5633;151;152;Nick;McLennan;;71;203;2006-4-24;Anchorage;AK;The United States;;;0
5634;-1;-1;Robbie;Pittis;;75;231;2005-9-19;Gabriola Island;BC;Canada;;;0
5635;127;31;Teddy;Stiga;;73;217;2006-4-5;Sudbury;MA;The United States;;;0
5636;-1;-1;Radoslav;Bielik;;74;219;2006-2-5;Bratislava;BRA;Slovakia;;;0
5637;-1;-1;Randy;Gaal;;75;226;2006-5-25;Port Moody;BC;Canada;;;0
5638;141;25;Teddy;Spitznagel;;74;222;2006-4-6;New York;NY;The United States;;;0
5639;151;152;Jack;Bodin;;75;228;2006-7-3;Kumla;÷RE;Sweden;;;0
5640;-1;-1;Brian;Forrest;;72;211;2006-6-17;Le Ray;NY;The United States;;;0
5641;128;20;Josh;Fluker;;74;190;2006-1-3;Boissevain;MB;Canada;;;0
5642;-1;-1;Thomas;Walton;;75;221;2005-7-11;Tallahassee;FL;The United States;;;0
5643;-1;-1;Domen;Jape;;76;217;2005-9-29;Koper;OBA;Slovenia;;;0
5644;128;20;Ej;Emery;;77;232;2006-3-30;Surrey;BC;The United States;Canada;;0
5645;130;14;Nate;Delladonna;;74;223;2006-8-22;Syracuse;NY;The United States;;;0
5646;37;27;Andrew;O'Sullivan;;72;210;2006-8-15;Boston;MA;The United States;;;0
5647;132;12;Michael;Hage;;73;219;2006-4-14;Oakville;ON;Canada;;;0
5648;-1;-1;Yury;Pigalov;;72;207;2006-1-10;Ufa;BAS;Russia;;;0
5649;-1;-1;Torben;Pflug;;73;202;2006-5-10;Dorsten;NOR;Germany;;;0
5650;-1;-1;Anton;Madayev;;75;227;2005-8-12;Omutninsk;KIR;Russia;;;0
5651;36;3;Nolan;Donnelly;;73;218;2006-1-1;Frankford;ON;Canada;;;0
5652;24;24;Dylan;Nolan;;71;205;2007-1-1;Corpus Christi;TX;The United States;;;0
5653;9;9;Colton;Roberts;;76;215;2006-6-8;Delta;BC;Canada;;;0
5654;135;2;Cameron;Cooke;;73;207;2006-2-2;Pelham;NH;Canada;;;0
5655;-1;-1;Jessie;Cullen;;71;201;2005-8-7;Austin;TX;The United States;;;0
5656;40;20;Alexander;Zetterberg;;71;200;2006-4-27;Sundsvall;V‰S;Sweden;;;0
5657;-1;-1;Xavier;Hains;;72;207;2005-7-25;Plaster Rock;NB;Canada;;;0
5658;-1;-1;John;Sapunjis;;75;227;2005-9-25;Clarington;ON;Canada;;;0
5659;142;23;Alexander;Back;;71;205;2005-10-17;Linkˆping;÷ST;Sweden;;;0
5660;-1;-1;David;Fulton;;72;207;2005-7-8;Burnaby;BC;Canada;;;0
5661;26;26;Alex;Huang;;72;204;2007-7-30;RosemËre;QC;Canada;;;0
5662;-1;-1;Carson;Campbell;;73;196;2006-6-8;Quinte West;ON;Canada;;;0
5663;-1;-1;Nicolas;Pache;;75;226;2006-7-6;Naters;VS;Switzerland;;;0
5664;26;26;Tyson;Buczowski;;74;218;2006-1-27;Saskatoon;SK;Canada;;;0
5665;143;18;James;Reeder;;72;183;2005-10-6;Glenview;IL;The United States;;;0
5666;-1;-1;Jean-Christophe;Gonthier;;75;225;2005-8-21;Sorel-Tracy;QC;Canada;;;0
5667;-1;-1;David;Menzies;;73;213;2005-12-27;Toronto;ON;Canada;;;0
5668;133;26;Vsevolod;Dadonov;;77;225;2005-9-24;Nizhny Novgorod;NIZ;Russia;;;0
5669;24;24;Oskar;Vuollet;;71;207;2005-12-3;SkellefteÂ;V‰S;Sweden;;;0
5670;41;41;Maxim;Ilyichyov;;72;208;2006-3-4;Ufa;BAS;Russia;;;0
5671;134;21;Jacob;Goudreau;;74;220;2006-1-21;St. Albert;AB;Canada;;;0
5672;21;21;Jeremie;Richard;;74;222;2005-7-25;Edmonton;AB;Canada;The United States;;0
5673;-1;-1;Steven;Boucher;;72;210;2006-4-27;Repentigny;QC;Canada;;;0
5674;57;12;A.J.;Ulrich;;71;204;2006-6-29;Arvada;CO;The United States;;;0
5675;-1;-1;Jan;Silhan;;71;201;2005-7-13;Hrusovany nad Jevisovkou;JHM;Czech Republic;;;0
5676;-1;-1;Bogdan;Kaberman;;74;224;2005-9-10;Nekrasovka;MOS;Russia;;;0
5677;130;14;Andrey;Nagavkin;;71;203;2006-2-19;Novosibirsk;NOV;Russia;;;0
5678;-1;-1;Kestutis;Fomenka;;72;209;2006-4-17;Visaginas;UTE;Lithuania;;;0
5679;-1;-1;Elliott;Groenewold;;72;211;2006-2-4;Bellows Falls;VT;The United States;;;0
5680;-1;-1;Simon;Thibault;;72;207;2006-4-18;Quebec City;QC;Canada;;;0
5681;-1;-1;AndrÈ;Ahlgren;;72;210;2006-2-28;Stockholm;STO;Sweden;;;0
5682;8;8;Roy;Chung;;74;220;2006-5-21;Rolling Hills Estates;CA;The United States;South Korea;;0
5683;139;19;Jakub;Chromiak;;74;201;2005-11-2;Ilava;TRE;Slovakia;;;0
5684;125;124;Alexei;Dontsov;;72;208;2006-3-26;Moscow;MOS;Russia;;;0
5685;-1;-1;Ben;Miller;;74;225;2006-3-4;Woodbury;MN;The United States;;;0
5686;56;21;Tarin;Smith;;73;217;2006-3-24;Porcupine Plain;SK;Canada;;;0
5687;148;30;Sam;O'Reilly;;74;223;2006-3-30;Toronto;ON;Canada;;;0
5688;136;10;Eero;Butella;;76;221;2006-2-21;Chicago;IL;The United States;;;0
5689;130;14;Jacob;Solano;;71;200;2006-2-21;Phoenix;AZ;The United States;;;0
5690;-1;-1;Petr;Jelinek;;77;229;2006-5-19;VsetÌn;ZLN;Czech Republic;;;0
5691;-1;-1;Milan;Halmi;;71;200;2006-2-23;Cadca;ZIL;Slovakia;;;0
5692;-1;-1;Isaac;Marcotte;;73;214;2006-1-20;Calgary;AB;Canada;;;0
5693;-1;-1;Mathieu;Cronenberg;;73;217;2005-11-13;Pickering;ON;Canada;;;0
5694;154;154;Marek;Beaudoin;;71;203;2006-4-25;Montreal;QC;Canada;;;0
5695;-1;-1;Ladislav;Holly;;74;201;2006-2-11;TrencÌn;TRE;Slovakia;;;0
5696;-1;-1;Rhys;Grainger;;73;208;2006-1-9;Summerside;PE;Canada;;;0
5697;131;1;Garin;Ludwig;;71;205;2006-2-17;Foster City;CA;The United States;;;0
5698;-1;-1;Lukas;Pesek;;71;204;2006-3-12;Prague;PRA;Czech Republic;;;0
5699;57;12;Tuomas;Suoniemi;;73;214;2006-4-16;Stavanger;ROG;Finland;;;0
5700;-1;-1;Brett;McCartney;;72;192;2005-11-5;Owen Sound;ON;Canada;;;0
5701;132;12;Ryerson;Leenders;;73;214;2006-6-1;Nanticoke;ON;Canada;;;0
5702;134;21;Aron;Kiviharju;;71;191;2006-1-25;Esbjerg;RIB;Finland;Denmark;;0
5703;127;31;Yegor;Graf;;72;209;2006-6-26;Barnaul;ALT;Russia;;;0
5704;8;8;Kieron;Walton;;77;237;2006-4-22;Toronto;ON;Canada;;;0
5705;136;10;WIlliam;Zellers;;71;203;2006-4-4;Maple Grove;MN;The United States;;;0
5706;-1;-1;Samuel;Houston;;74;216;2006-4-21;Los Angeles;CA;The United States;;;0
5707;-1;-1;Filip;Sorf;;73;202;2005-7-25;Dvur Kr·lovÈ nad Labem;KRA;Czech Republic;;;0
5708;-1;-1;Aleksandr;Churekov;;73;213;2006-4-18;Shakhtinsk;KAR;Kazakhstan;;;0
5709;-1;-1;Timo;Grˆnroos;;71;201;2006-1-20;L‰ngelm‰ki;PIR;Finland;;;0
5710;151;152;Coen;Miller;;71;189;2006-2-27;Bedford;NS;Canada;;;0
5711;142;23;Simon;Westling;;76;228;2006-2-8;H‰rnˆsand;V‰S;Sweden;;;0
5712;-1;-1;Alexandre;Sauser;;71;202;2006-2-11;Fairfield;OH;The United States;Switzerland;;0
5713;25;25;Trevor;Connelly;;73;202;2006-2-28;Tustin;CA;The United States;;;0
5714;19;19;…douard;Vincent;;71;202;2006-2-5;Trois-RiviËres;QC;Canada;;;0
5715;-1;-1;Sergiy;Lutsenko;;76;224;2005-8-22;Horodyshche;RIV;Ukraine;;;0
5716;59;1;Adam;Jecho;;75;225;2006-3-24;ZlÌn;ZLN;Czech Republic;;;0
5717;-1;-1;Stefan;Sorri;;73;217;2006-7-5;Helsinki;UUS;Finland;;;0
5718;151;152;Thomas;Desruisseaux;;72;210;2006-3-10;Quebec City;QC;Canada;;;0
5719;143;18;Matthew;Frost;;72;210;2006-9-11;Moose Jaw;SK;Canada;The United States;;0
5720;133;26;Alfons;Freij;;74;224;2006-2-12;Sˆlvesborg;BLE;Sweden;;;0
5721;-1;-1;Cam;Machacek;;72;207;2005-7-13;Mississauga;ON;Canada;;;0
5722;-1;-1;Luke;Tuin;;72;208;2006-1-1;Dunnville;ON;Canada;;;0
5723;-1;-1;James;Hackett;;75;222;2006-1-21;Fredericton;NB;Canada;;;0
5724;145;3;Guillaume;Fillion;;73;213;2005-10-31;Sherbrooke;QC;Canada;;;0
5725;-1;-1;Ludvig;Jonsson;;73;202;2006-3-8;V‰xjˆ;KRO;Sweden;;;0
5726;12;12;Drew;DellaSalla;;73;213;2006-5-8;New York;NY;The United States;;;0
5727;134;21;Karel;Duplinsky;;73;216;2006-6-8;Velk˝ Meder;TRN;Slovakia;;;0
5728;-1;-1;Charles;BÈlanger;;75;225;2006-3-8;Kitchener;ON;Canada;;;0
5729;34;2;Parker;Von Richter;;73;216;2006-5-17;Mississauga;ON;Canada;;;0
5730;2;2;Camerin;Cardona;;74;225;2006-1-1;Anaheim;CA;The United States;;;0
5731;41;41;Ellert;Desrochers;;73;218;2005-7-27;Salaberry-de-Valleyfield;QC;Canada;;;0
5732;-1;-1;Zak;Kauffeldt;;72;208;2006-2-7;Fergus;ON;Canada;;;0
5733;33;29;Lincoln;Waugh;;72;188;2006-4-17;Summerside;PE;Canada;;;0
5734;-1;-1;Sam;Clippingdale;;74;221;2006-6-8;Cobourg;ON;Canada;;;0
5735;0;0;FÈlix;Lacerte;;73;214;2006-6-14;Trois-RiviËres;QC;Canada;;;0
5736;25;25;Bode;Stewart;;73;212;2006-2-9;Oakville;ON;Canada;;;0
5737;143;18;Carson;Clark;;73;214;2006-7-15;Long Lake;MN;The United States;;;0
5738;151;152;Topias;Hynninen;;73;200;2005-12-19;Vihti;UUS;Finland;;;0
5739;-1;-1;Eero;Huhdanp‰‰;;71;201;2006-5-20;Viitasaari;FIN;Finland;;;0
5740;47;0;Petteri;Rimpinen;;72;207;2006-4-25;Kirkkonummi;UUS;Finland;;;0
5741;131;1;John;Whipple;;75;225;2006-1-20;Morristown;NJ;The United States;;;0
5742;-1;-1;Julian;Brown;;75;228;2006-4-1;Montclair;NJ;The United States;;;0
5743;-1;-1;Bob;Memdez;;74;224;2006-5-25;Sudbury;ON;Canada;;;0
5744;144;8;Brodie;McConnell-Barker;;73;202;2006-1-31;London;ON;Canada;;;0
5745;-1;-1;Povilas;Minkevicius;;75;225;2006-3-5;Utena;UTE;Lithuania;;;0
5746;123;31;Andrew;Vermeulen;;74;219;2006-7-1;Quebec City;QC;Canada;;;0
5747;142;23;Jozef;Liptak;;74;219;2006-2-21;Michalovce;KOS;Slovakia;;;0
5748;45;28;Ryan;Gower;;71;201;2007-4-29;McCreary;MB;Canada;;;0
5749;132;12;Evan;Maillet;;71;201;2006-3-10;Mississauga;ON;Canada;;;0
5750;142;23;Colin;Frank;;73;215;2006-3-22;Ladera Ranch;CA;The United States;;;0
5751;148;30;Ihnat;Pazii;;72;206;2006-12-4;Vynohradivka;ODE;Ukraine;;;0
5752;-1;-1;Jasmin;Jalbert;;74;222;2006-2-6;Montreal;QC;Canada;;;0
5753;59;1;Gavin;Kor;;71;195;2007-3-22;Rochester;MN;The United States;;;0
5754;142;23;Juhani;Harju;;73;213;2005-7-28;Raisio;SOU;Finland;;;0
5755;151;152;Dryden;Kuramoto;;71;203;2006-3-12;Burnaby;BC;Canada;;;0
5756;127;31;Chase;Valliant;;73;219;2006-5-18;Surrey;BC;Canada;;;0
5757;-1;-1;Daniel;Olsak;;75;228;2006-4-23;Brno;JHM;Czech Republic;;;0
5758;130;14;Matthew;Butler;;73;197;2006-5-19;St. John's;NL;Canada;;;0
5759;-1;-1;Brayden;Barr;;70;197;2005-12-23;Ingersoll;ON;Canada;;;0
5760;-1;-1;Aigars;Brahmanis;;75;223;2006-6-11;Ventspils;VEN;Latvia;;;0
5761;17;17;Dylan;Lebret;;73;217;2007-1-1;Hamden;CT;The United States;;;0
5762;-1;-1;Josh;Loucks;;73;201;2005-9-9;Lakeshore;ON;Canada;;;0
5763;129;27;Simon;Lovsin;;73;203;2006-1-22;Parksville;BC;Canada;;;0
5764;126;124;Louie;Wehmann;;75;225;2006-4-12;Minneapolis;MN;The United States;;;0
5765;40;20;Justin;Huynh;;73;218;2006-1-20;Mississauga;ON;Canada;;;0
5766;-1;-1;Mitch;Posey;;71;204;2006-3-16;Bon Accord;AB;Canada;;;0
5767;57;12;Liam;Greentree;;76;232;2006-1-1;Oshawa;ON;Canada;;;0
5768;141;25;Kristian;Epperson;;73;206;2006-5-7;Mequon;WI;The United States;;;0
5769;59;1;Hudson;Bjornson;;72;208;2006-2-24;Scottsdale;AZ;The United States;Canada;;0
5770;-1;-1;Jiri;Vaclavik;;75;225;2006-4-13;Opava;MOR;Czech Republic;;;0
5771;-1;-1;Matt;Walsh;;71;203;2005-7-31;Woodstock;ON;Canada;;;0
5772;123;31;AJ;Spellacy;;75;227;2006-2-24;Westlake;OH;The United States;;;0
5773;134;21;Henry;Mews;;73;213;2006-3-9;Ottawa;ON;Canada;;;0
5774;140;17;Carsten;Kayter;;72;212;2006-8-30;Warman;SK;Canada;;;0
5775;142;23;Jacob;Therrien;;71;204;2006-2-8;Courtice;ON;Canada;;;0
5776;-1;-1;Roman;Kresta;;73;215;2005-7-11;Chodov;KAR;Czech Republic;;;0
5777;-1;-1;Aleksey;Petrenko;;72;207;2006-6-8;Noginsk;MOS;Russia;;;0
5778;152;152;Carson;McGinley;;71;179;2006-5-15;Phoenix;AZ;Canada;;;0
5779;27;27;Brodie;Ziemer;;71;202;2006-2-22;Carver;MN;The United States;;;0
5780;47;0;Simon;Martin;;71;188;2006-1-7;Lumsden;SK;Canada;;;0
5781;-1;-1;Cezar;Toropoc;;75;229;2006-6-18;Bacau;BAC;Romania;;;0
5782;-1;-1;Lucas;Jensen;;76;218;2005-7-27;Copenhagen;FRE;Denmark;;;0
5783;-1;-1;Ignat;Borozenko;;74;213;2005-12-18;Emba;AKT;Kazakhstan;;;0
5784;43;17;Grant;Young;;71;202;2006-3-22;Denver;CO;Canada;;;0
5785;25;25;Anton;Silayev;;79;250;2006-4-11;Sarov;NIZ;Russia;;;0
5786;129;27;Samuel;LÈonard;;71;201;2006-1-1;Montreal;QC;Canada;;;0
5787;-1;-1;Teemu;Nylund;;72;212;2005-12-21;Espoo;UUS;Finland;;;0
5788;143;18;Vann;Williamson;;72;211;2006-7-14;Ajax;ON;Canada;;;0
5789;29;29;Ben;Danford;;75;231;2006-2-6;Quinte West;ON;Canada;;;0
5790;132;12;Beckett;Sennecke;;72;209;2006-1-28;Toronto;ON;Canada;;;0
5791;-1;-1;Greg;Kroshus;;75;227;2006-5-5;Waterloo;ON;Canada;;;0
5792;145;3;Christian;Humphreys;;72;208;2006-2-4;Pittsburgh;PA;The United States;;;0
5793;-1;-1;Robert;Rob;;74;224;2006-3-17;Winnipeg;MB;Canada;;;0
5794;-1;-1;Brandon;Paynter;;72;210;2005-7-16;Kahnawake;QC;Canada;;;0
5795;-1;-1;Simon;Brenner;;72;207;2006-1-19;W‰denswil;ZH;Switzerland;;;0
5796;139;19;ThÈo;Kiss;;71;206;2006-7-13;Kosice;KOS;Slovakia;;;0
5797;-1;-1;Jack;Galanek;;71;205;2006-6-4;Hopkinton;MA;The United States;;;0
5798;55;9;Justin;Bottineau;;73;218;2006-1-11;Burlington;ON;Canada;;;0
5799;-1;-1;Stephen;Miller;;77;237;2006-6-1;Winnipeg;MB;Canada;;;0
5800;-1;-1;Richard;Adams;;72;207;2006-3-19;Vancouver;BC;Canada;;;0
5801;150;7;Reid;Varkonyi;;71;202;2006-1-15;Sherwood Park;AB;Canada;;;0
5802;116;116;Eric;Grandberg;;75;229;2008-1-18;Saskatoon;SK;Canada;;;0
5803;135;2;Simon;Zether;;75;229;2005-10-18;Helsingborg;SKÂ;Sweden;;;0
5804;-1;-1;Rail;Zhiganshin;;73;214;2005-11-22;Vologda;VOL;Russia;;;0
5805;143;18;Sean;Doherty;;72;210;2006-3-23;Montreal;QC;Canada;;;0
5806;-1;-1;Garland;Hooper;;75;226;2005-12-23;Zaanstad;NOO;The Netherlands;The United States;;0
5807;47;47;Max;Heise;;75;226;2006-2-26;Calgary;AB;Canada;;;0
5808;-1;-1;JÈrÈmy;Ouimet;;71;204;2005-8-24;Montreal;QC;Canada;;;0
5809;132;12;Jacob;Brunton;;72;210;2006-1-1;Fort Erie;ON;Canada;;;0
5810;125;124;Gabriel;D'Aigle;;78;245;2006-11-21;Sorel-Tracy;QC;Canada;;;0
5811;23;23;Eric;Halliday;;72;205;2006-12-27;Hammonds Plains Road;NS;Canada;;;0
5812;-1;-1;Andrew;Prue;;71;205;2006-3-29;Vancouver;BC;Canada;;;0
5813;-1;-1;Vince;Olauson;;73;216;2005-8-27;Richmond Hill;ON;Canada;;;0
5814;151;152;Andreas;MÂnsson;;75;228;2005-7-30;÷rebro;÷RE;Sweden;;;0
5815;-1;-1;Gavin;Garland;;73;213;2006-2-8;Clearwater;FL;Canada;The United States;;1
5816;-1;-1;William;Savard;;72;210;2005-12-15;Saint-Michel-des-Saints;QC;Canada;;;0
5817;-1;-1;Guntars;Balderis;;74;220;2005-12-14;Riga;RIG;Latvia;;;0
5818;-1;-1;Jacob;Cornforth;;73;197;2005-9-12;Oshawa;ON;Canada;;;0
5819;123;31;Danila;Sysoyev;;71;204;2006-4-17;Achinsk;KRA;Russia;;;0
5820;134;21;Eemil;Vinni;;76;231;2005-12-18;Vantaa;UUS;Finland;;;0
5821;-1;-1;Syarhey;Vaskow;;72;207;2005-11-24;Bobruisk;MOG;Belarus;;;0
5822;-1;-1;Mitro;Ylikoski;;71;206;2005-12-21;Joensuu;NOR;Finland;;;0
5823;136;10;Spencer;Claerhout;;71;201;2006-5-26;Vancouver;BC;Canada;;;0
5824;133;26;Jack;Hamilton;;79;225;2006-2-17;Powell;OH;The United States;;;0
5825;58;24;Cole;Longacre;;75;230;2006-5-26;Sewell;NJ;The United States;;;0
5826;-1;-1;Laurent;ThÈroux;;72;207;2005-11-19;Saint-Constant;QC;Canada;;;0
5827;57;12;Liam;Spencer;;76;233;2006-1-19;London;ON;Canada;;;0
5828;37;27;Victor;Sjˆholm;;71;204;2003-7-8;Jˆnkˆping;JˆN;Sweden;;;0
5839;54;10;Blake;Dangos;;71;174;2002-4-8;St. Louis;MO;The United States;;;0
5840;54;10;Jared;Westcott;;73;214;1999-7-18;Imperial;MO;The United States;;;0
5841;54;10;Ryan;Roth;;69;163;2000-7-20;Ladue;MO;The United States;;;0
5852;53;8;Nando;Eggenberger;;74;203;1999-10-7;Chur;GR;Switzerland;;;0
5857;0;0;Logan;Cooley;;71;204;2004-5-4;Pittsburgh;PA;The United States;;;0
5858;8;8;David;JirÌcek;;76;233;2003-11-28;Klatovy;PLZ;Czech Republic;;;0
5859;2;2;äimon;Nemec;;74;224;2004-2-15;Liptovsk˝ Mikulas;ZIL;Slovakia;;;0
5860;28;28;Brad;Lambert;;72;207;2003-12-19;Lahti;PAH;Finland;Canada;;0
5861;7;7;Joakim;Kemell;;71;204;2004-4-27;Jyv‰skyl‰n maalaiskunta;FIN;Finland;;;0
5862;21;21;Danila;Yurov;;74;201;2003-12-22;Chelyabinsk;CHE;Russia;;;0
5863;0;0;Juraj;Slafkovsky;;77;237;2004-3-30;Kosice;KOS;Slovakia;;;0
5864;26;26;Frank;Nazar;;71;198;2004-1-14;Mount Clemens;MI;The United States;;;0
5865;7;7;Noah;÷stlund;;71;197;2004-3-11;Stockholm;STO;Sweden;;;0
5866;3;3;Seamus;Casey;;72;204;2004-1-8;Estero;FL;The United States;;;0
5867;3;3;Filip;Meö·r;;71;201;2004-1-3;Spisska Bela;PRE;Slovakia;;;0
5868;23;23;Ivan;Miroshnichenko;;74;221;2004-2-4;Ussuriysk;PRI;Russia;;;0
5869;29;29;Isaac;Howard;;71;203;2004-3-30;Hudson;WI;The United States;;;0
5870;23;23;Alexander;Perevalov;;72;207;2004-4-16;Mezhdurechensk;KEM;Russia;;;0
5871;26;26;Ryan;Chesley;;72;208;2004-2-27;Mahtomedi;MN;The United States;;;0
5872;17;17;Topias;Leinonen;;77;238;2004-1-25;Jyv‰skyl‰;FIN;Finland;;;0
5873;14;14;Lian;Bichsel;;77;238;2004-5-18;Langenthal;BE;Switzerland;;;0
5874;10;10;Liam;÷hgren;;74;205;2004-1-28;Solna;STO;Sweden;;;0
5875;25;25;Simon;Forsmark;;75;225;2003-10-17;Kumla;÷RE;Sweden;;;0
5876;20;20;Jonathan;Lekkerim‰ki;;72;208;2004-7-24;Huddinge;STO;Sweden;;;0
5877;27;27;Jeremy;Wilmer;;71;203;2003-8-16;New York;NY;The United States;;;0
5878;7;7;Cutter;Gauthier;;76;206;2004-1-19;SkellefteÂ;V‰S;The United States;Sweden;;0
5879;152;152;Gleb;Trikozov;;74;211;2004-8-12;Omsk;OMS;Russia;;;0
5880;57;12;Rutger;McGroarty;;72;212;2004-3-30;Lincoln;NE;The United States;Canada;;0
5881;26;26;Jack;Hughes;;72;207;2003-11-2;Westwood;MA;The United States;;;0
5882;21;21;Ludvig;Jansson;;72;208;2003-12-27;Huddinge;STO;Sweden;;;0
5883;59;1;David;Matis;;71;194;2003-12-9;Ravensburg;BAD;Germany;;;0
5884;125;124;Arseni;Koromyslov;;75;218;2003-11-3;Moscow;MOS;Russia;;;0
5885;0;0;Lane;Hutson;;70;199;2004-2-14;Chicago;IL;The United States;;;0
5886;53;53;Luke;Mittelstadt;;71;191;2003-1-22;Eden Prairie;MN;The United States;;;0
5887;21;21;Dylan;Gratton;;75;230;2003-2-25;Pottstown;PA;The United States;;;0
5888;31;31;Marco;Kasper;;73;206;2004-4-8;Innsbruck;TIR;Austria;;;0
5889;12;12;Tyler;Muszelik;;75;224;2004-7-1;Long Valley;NJ;The United States;;;0
5890;59;1;Kurt;Gurkan;;71;206;2004-2-13;Darien;CT;The United States;;;0
5891;12;12;Aleksanteri;Kaskim‰ki;;74;220;2004-2-6;Espoo;UUS;Finland;;;0
5892;31;31;Elias;Salomonsson;;74;219;2004-8-31;SkellefteÂ;V‰S;Sweden;;;0
5893;54;10;Filip;Bystedt;;76;205;2004-2-4;Linkˆping;÷ST;Sweden;;;0
5894;9;9;Jack;Larrigan;;71;185;2004-4-9;St. Louis;MO;The United States;;;0
5895;123;31;Calle;Odelius;;75;200;2004-5-30;Sˆdert‰lje;STO;Sweden;;;0
5896;7;7;Rieger;Lorenz;;75;222;2004-3-30;Calgary;AB;Canada;;;0
5897;10;10;Alex;Geci;;75;216;2003-8-23;Topolcany;TRE;Slovakia;;;0
5898;21;21;Ludwig;Persson;;71;203;2003-10-8;Gˆteborg;V‰S;Sweden;;;0
5899;10;10;Jimmy;Snuggerud;;75;227;2004-6-1;Chaska;MN;The United States;;;0
5900;3;3;Camron;VanSickle;;73;210;2004-2-24;Fairbanks;AK;The United States;;;0
5901;152;152;John;Christen;;73;217;2003-6-8;San Diego;CA;The United States;;;0
5902;152;152;Jani;Nyman;;75;220;2004-7-30;Valkeakoski;PIR;Finland;;;0
5903;-1;-1;Billy;Sancibrian;;73;197;2004-6-10;Barre;MA;The United States;;;0
5904;32;23;Adam;Ingram;;75;205;2003-10-14;Winnipeg;MB;Canada;;;0
5905;20;20;Sam;Rinzel;;76;237;2004-6-25;Chanhassen;MN;The United States;;;0
5906;-1;-1;Mattias;H‰velid;;70;198;2004-1-1;Nyn‰shamn;STO;Sweden;;;0
5907;152;152;Ryan;Greene;;74;204;2003-10-21;Paradise;NL;Canada;;;0
5908;8;8;Viktor;Neuchev;;74;224;2003-10-25;Chelyabinsk;CHE;Russia;;;0
5909;19;19;Jack;Devine;;73;201;2003-10-2;Chicago;IL;The United States;;;0
5910;34;2;Topi;Rˆnni;;73;187;2004-5-5;Hausj‰rvi;KAN;Finland;;;0
5911;59;1;Otto;Salin;;71;202;2004-3-7;Helsinki;UUS;Finland;;;0
5912;23;23;Alexander;Suzdalev;;75;222;2004-3-5;Khabarovsk;KHA;Sweden;Russia;;0
5913;23;23;Cameron;Lund;;74;220;2004-6-7;Bridgewater;MA;The United States;;;0
5914;60;18;Lukas;Klemm;;74;207;2004-4-20;Ridgefield;CT;The United States;;;0
5915;32;23;Leyton;Stenman;;72;183;2002-10-11;Ann Arbor;MI;The United States;;;0
5916;55;9;Zach;Bade;;74;193;2003-4-26;Rosemount;OH;The United States;;;0
5917;9;9;Fabian;Wagner;;73;189;2004-5-7;Nykˆping;SˆD;Sweden;;;0
5918;41;41;Henry;Wilson;;73;180;2004-5-13;Winchester;MA;The United States;;;0
5919;-1;-1;Charlie;Zolin;;73;218;2004-7-19;Greenwich;CT;The United States;;;0
5920;-1;-1;Julian;Lutz;;75;212;2004-2-29;Weingarten;BAD;Germany;;;0
5921;41;41;Tom·ö;Hamara;;74;195;2004-3-9;Prague;PRA;Czech Republic;;;0
5922;31;31;Kirill;Dolzhenkov;;78;244;2004-4-20;Moscow;MOS;Russia;;;0
5923;40;20;Ian;Blomquist;;74;214;2003-3-29;Gˆteborg;V‰S;Sweden;;;0
5924;60;18;Jackson;Dorrington;;74;202;2004-4-13;North Reading;MA;The United States;Canada;;0
5925;-1;-1;Devin;Kaplan;;75;211;2004-1-10;Somerville;NJ;The United States;;;0
5926;36;3;Tyler;Duke;;71;196;2004-7-19;Strongsville;OH;The United States;Canada;;0
5927;62;19;Quinn;Finley;;73;195;2004-8-8;Suamico;WI;The United States;;;0
5928;58;58;Ilya;Kvochko;;71;181;2004-2-22;Magnitogorsk;CHE;Russia;;;0
5929;59;1;Reese;Laubach;;73;201;2003-11-20;San Jose;CA;The United States;;;0
5930;32;23;Artyom;Duda;;74;191;2004-4-8;Moscow;MOS;Russia;;;0
5931;147;9;Jan;äpunar;;75;222;2004-5-30;Olomouc;OLO;Czech Republic;;;0
5932;57;12;John;Dalton;;72;196;2003-7-22;River Forest;IL;The United States;;;0
5933;124;124;Kasper;Kulonummi;;72;208;2004-3-1;Helsinki;UUS;Finland;;;0
5934;9;9;Hugo;H‰velid;;72;210;2004-1-1;T‰by;STO;Sweden;;;0
5935;2;2;Cameron;Whitehead;;75;222;2003-6-13;Ottawa;ON;Canada;;;0
5936;36;3;Charlie;Gollob;;74;201;2004-2-10;Toronto;ON;Canada;;;0
5938;60;18;Charles-Alexis;Legault;;77;220;2003-9-5;Montreal;QC;Canada;;;0
5939;127;31;Adam;S˝kora;;71;185;2004-9-7;Piestany;TRN;Slovakia;;;0
5940;-1;-1;Tim;Almgren;;72;180;2004-7-18;Enkˆping;UPP;Sweden;;;0
5941;60;18;Cole;Knuble;;71;194;2004-7-1;Grand Rapids;MI;The United States;;;0
5942;60;18;Daniil;Orlov;;74;200;2003-12-22;Elektrostal;MOS;Russia;;;0
5943;40;20;Ty;Mueller;;71;204;2003-2-26;Cochrane;AB;Canada;;;0
5944;23;23;Dylan;Silverstein;;73;212;2004-2-7;Calabasas;CA;The United States;;;0
5945;43;17;Alexander;Pelevin;;71;195;2004-5-16;Balakhna;NIZ;Russia;;;0
5946;40;20;Michael;Fisher;;75;225;2004-5-2;Westborough;MA;The United States;;;0
5947;153;152;Alexander;Blank;;71;201;2002-2-4;Berlin;BER;Germany;;;0
5948;-1;-1;Nick;MalÌk;;74;219;2002-4-26;Raleigh;NC;Czech Republic;The United States;;0
5949;43;17;Simon;Latkoczy;;72;189;2002-6-1;TrencÌn;TRE;Slovakia;;;0
5950;152;152;Yegor;Guskov;;71;201;2002-1-10;Mama;IRK;Russia;;;0
5951;9;9;Owen;Martin;;75;226;2007-5-11;Oakbank;MB;Canada;;;0
5952;-1;-1;Pavel;Smirnov;;77;220;2006-12-20;Barnaul;ALT;Russia;;;0
5953;133;26;Will;Sharpe;;73;214;2007-3-7;Delta;BC;Canada;;;0
5954;10;10;Jace;McFaul;;74;222;2007-3-3;Edmonton;AB;Canada;;;0
5955;-1;-1;Stanislav;Lakosin;;76;207;2007-3-12;Gorodok;VIT;Belarus;;;0
5956;145;3;Anthony;Flanagan;;72;212;2007-8-29;Blainville;QC;Canada;;;0
5957;129;129;Danick;Mathieu;;73;216;2007-3-6;Saint John;NB;Canada;;;0
5958;138;138;Ty;Lindores;;75;227;2007-5-31;Richmond Hill;ON;Canada;Russia;;0
5959;-1;-1;Patrik;Honzik;;76;229;2006-10-16;Brno;JHM;Czech Republic;;;0
5960;149;149;Brett;Henry;;71;201;2007-2-2;Yorkton;SK;Canada;;;0
5961;135;2;Maxwell;Silver;;74;221;2007-1-13;Poway;CA;The United States;;;0
5962;138;24;Jack;Nesbitt;;77;231;2007-1-12;Mississauga;ON;Russia;;;0
5963;-1;-1;Jay;Sproule;;75;197;2006-10-17;Sudbury;ON;Canada;;;0
5964;148;30;Brady;Peddle;;75;205;2007-5-23;Antigonish;NS;Canada;;;0
5965;-1;-1;Maxime;Lemieux;;76;229;2007-2-15;Val-d'Or;QC;Canada;;;0
5966;3;3;Jordan;Martin;;74;222;2007-1-8;Abbotsford;BC;Canada;;;0
5967;45;28;Lucas;Karmiris;;71;201;2006-9-27;Brantford;ON;Canada;;;0
5968;-1;-1;Emmett;Carrie;;71;210;2007-2-12;Toronto;ON;Canada;;;0
5969;8;8;Aaron;Obobaifo;;71;204;2007-2-13;Calgary;AB;Canada;;;0
5970;138;138;Rusty;Turner;;72;200;2007-5-2;Federal Way;WA;The United States;;;0
5971;-1;-1;Eric;Quesnele;;72;207;2007-6-11;Burlington;ON;Canada;;;0
5972;139;139;Martin;Racek;;75;228;2007-2-7;⁄stÌ nad Labem;UST;Czech Republic;;;0
5973;128;20;PJ;Fagan;;74;222;2007-5-2;Brampton;ON;Canada;;;0
5974;143;18;Steve;Tanguay;;71;201;2006-8-10;Saint-Lin-Laurentides;QC;Canada;;;0
5975;104;23;Beckett;Hamilton;;72;209;2008-3-28;Humboldt;SK;Canada;;;0
5976;-1;-1;Kirill;Gaydash;;73;210;2007-4-21;Kirov;KIR;Russia;;;0
5977;144;8;Will;Murphy;;77;236;2007-8-24;Fredericton;NB;Canada;;;0
5978;128;128;Austin;Bourke;;77;224;2006-12-25;Rocky View County;AB;Canada;;;0
5979;-1;-1;Blake;Legary;;71;209;2006-8-19;Cochrane;ON;Canada;;;0
5980;150;150;Danny;Shepley;;74;213;2007-1-23;Toronto;ON;Canada;;;0
5981;147;147;Sean;Peat;;77;236;2006-11-28;Vancouver;BC;Canada;;;0
5982;126;124;Corban;Almen;;75;209;2007-8-27;Saskatoon;SK;Canada;;;0
5983;58;58;Stefan;Gignac;;72;202;2006-11-7;Norfolk County;ON;Canada;;;0
5984;145;145;Graeme;Comiskey;;75;226;2006-10-7;Saanich;BC;Canada;;;0
5985;-1;-1;Harry;Sellers;;79;240;2006-10-23;San Antonio;TX;The United States;;;0
5986;143;143;Wessel;Meurs;;72;213;2007-1-16;Dalfsen;OVE;The Netherlands;;;0
5987;-1;-1;Andrew;Verbeek;;74;217;2006-7-27;Toronto;ON;Canada;;;0
5988;147;147;Gharchet;Sahota;;74;222;2006-12-22;Fruitvale;BC;Canada;;;0
5989;144;144;Bernd;Hanf;;75;213;2007-5-6;Calgary;AB;Canada;;;0
5990;57;12;Benjamin;Kevan;;71;192;2007-1-3;Fairfield;CA;The United States;;;0
5991;133;26;Geno;Carcone;;72;209;2006-11-14;Silver Spring;MD;The United States;;;0
5992;-1;-1;Tyler;Atchison;;72;208;2006-10-21;Phoenix;AZ;The United States;;;0
5993;-1;-1;Angel;Bauer;;73;206;2007-4-15;Jindrichuv Hradec;JIH;Czech Republic;;;0
5994;-1;-1;T;N;;71;203;2005-2-16;Red Deer;AB;Canada;;;0
5995;147;9;Mitchell;Berg;;76;229;2006-10-10;Fort St. John;BC;Canada;;;0
5996;128;128;Simon;Westergren;;72;207;2006-9-28;Avesta;DAL;Sweden;;;0
5997;126;124;RaphaÎl;Laviolette;;75;228;2007-2-20;Val-d'Or;QC;Canada;;;0
5998;-1;-1;Luca;Angelini;;75;227;2007-4-21;Toronto;ON;Canada;;;0
5999;-1;-1;Taylor;Sohor;;73;217;2006-7-12;Calgary;AB;Canada;;;0
6000;-1;-1;Brayden;Jarrett;;70;201;2006-11-8;Happy Valley-Goose Bay;NL;Canada;;;0
6001;18;18;Jonas;Woo;;71;201;2006-11-19;Winnipeg;MB;Canada;;;0
6002;134;134;Jon;MacOwen;;71;202;2006-11-7;Bridgeport;CT;The United States;;;0
6003;139;139;Tom;Schoch;;74;222;2006-12-14;Risch;ZG;Switzerland;;;0
6004;129;129;Maximilien;Paquette;;74;222;2007-1-12;Cowansville;QC;Canada;;;0
6005;131;1;Cole;McKinney;;73;214;2007-3-16;Lake Forest;IL;The United States;;;0
6006;151;152;Benjamin;Amyot;;71;206;2007-7-10;Markham;ON;Canada;;;0
6007;57;12;Luke;Foley;;73;213;2007-1-20;Berwick;NS;Canada;;;0
6008;141;25;Alexis;Mathieu;;75;226;2007-5-25;Sherbrooke;QC;Canada;;;0
6009;-1;-1;Shannon;Washington;;73;216;2007-1-7;Newport;KY;The United States;;;0
6010;-1;-1;E;W;;74;222;2006-12-10;Manhattan Beach;CA;The United States;;;0
6011;25;25;Ethan;Weir;;72;211;2007-1-10;London;ON;Canada;;;0
6012;1;1;Ben;Lindsay;;73;213;2007-1-1;Cole Harbour;NS;Canada;;;0
6013;28;28;Cameron;Schmidt;;71;201;2007-1-19;Prince George;BC;Canada;;;0
6014;128;128;J·n;Turecek;;70;196;2007-2-24;Kosice;KOS;Slovakia;;;0
6015;-1;-1;Dmitry;Gabel;;73;210;2006-8-4;Voronezh;VOR;Russia;;;0
6016;-1;-1;Emil;Gustavsson;;73;204;2006-9-23;Stockholm;STO;Sweden;;;0
6017;131;1;Jakob;Oreskovic;;75;229;2007-1-10;Langley;BC;Sweden;;;0
6018;-1;-1;Jason;Kinch;;75;212;2006-10-25;Toronto;ON;Canada;;;0
6019;-1;-1;Morgan;Stamler;;74;202;2007-6-28;Lloydminster;AB;Canada;;;0
6020;-1;-1;Richard;Hajek;;72;201;2007-3-26;Olomouc;OLO;Czech Republic;;;0
6021;45;28;Cooper;Simpson;;73;213;2007-2-5;Shakopee;MN;The United States;;;0
6022;-1;-1;Michal;Sklenka;;77;197;2007-2-16;Liberec;LIB;Czech Republic;;;0
6023;-1;-1;Braedan;Walsh;;77;226;2006-9-8;Toronto;ON;Canada;;;0
6024;-1;-1;Angel;Pleskac;;72;207;2006-10-31;Uhersk˝ Brod;ZLN;Czech Republic;;;0
6025;-1;-1;Pierre-Carl;Lamoureux;;71;202;2006-8-24;Sainte-Madeleine;QC;Canada;;;0
6026;149;149;Emil;Thomsen;;78;242;2006-10-1;Esbjerg;RIB;Denmark;Russia;;0
6027;18;18;Shawn;Carrier;;72;209;2007-3-14;Trois-RiviËres;QC;Canada;;;0
6028;45;28;Zachary;Wilson;;77;243;2007-3-7;Lindsay;ON;Canada;;;0
6029;-1;-1;David;Brunet;;74;222;2006-9-5;Montreal;QC;Canada;;;0
6030;132;132;Adam;O'Keeffe;;73;217;2006-10-8;Saint John;NB;Canada;;;0
6031;138;138;Kimmo;Vuorinen;;78;238;2007-2-25;Lestij‰rvi;CEN;Finland;;;0
6032;1;1;Ethan;Bryant;;71;202;2007-1-1;Phoenix;AZ;The United States;;;0
6033;-1;-1;Jouni;H‰m‰l‰inen;;72;210;2006-10-3;Oulu;NOS;Finland;;;0
6034;131;1;Justin;Handsor;;76;224;2007-9-14;Whitby;ON;Canada;;;0
6035;-1;-1;Stan;Lucas;;74;212;2007-7-1;Washington;DC;The United States;;;0
6036;-1;-1;Tom·s;Hruska;;72;203;2007-3-28;Prague;PRA;Czech Republic;;;0
6037;142;23;Artyom;Frolov;;74;201;2007-5-5;Volgograd;VOL;Russia;;;0
6038;-1;-1;Randy;Hirst;;72;200;2007-5-10;Kawartha Lakes;ON;Canada;;;0
6039;150;150;Michael;Moir;;72;208;2007-4-7;Brantford;ON;Canada;;;0
6040;-1;-1;Pierre-Alexandre;Lambert;;74;213;2006-8-28;Gatineau;QC;Canada;;;0
6041;128;128;Robert;Montebruno;;72;210;2007-3-9;Toronto;ON;Canada;;;0
6042;138;138;Andy;M¸ller;;77;232;2007-3-1;Unterschleiﬂheim;BAV;Germany;The United States;;0
6043;142;23;Luca;Romano;;71;201;2007-6-25;Toronto;ON;Canada;;;0
6044;-1;-1;B¯rge;Hansen;;75;201;2006-9-10;Fuglebjerg;VES;Denmark;;;0
6045;-1;-1;Sean;Kenmogne;;73;213;2006-8-7;Nivelles;BRA;Belgium;;;0
6046;131;1;Hudson;Chitaroni;;70;198;2007-8-22;Marathon;ON;Canada;;;0
6047;-1;-1;Trace;Frieden;;71;188;2007-1-1;Seattle;WA;The United States;;;0
6048;148;30;Victor;Eklund;;71;202;2006-10-2;Stockholm;STO;Sweden;;;0
6049;-1;-1;Joel;Key;;73;216;2007-4-11;Toronto;ON;Canada;;;0
6050;139;19;Kash;Andresen;;72;204;2007-7-20;Saskatoon;SK;Canada;;;0
6051;-1;-1;Tyler;Stanton;;76;231;2006-9-7;London;ON;Canada;;;0
6052;139;19;Joshua;Avery;;71;182;2007-1-30;Peterborough;ON;Canada;;;0
6053;149;149;Connor;Molitor;;75;225;2007-4-9;Edmonton;AB;Canada;;;0
6054;134;134;Carsen;Steffes;;72;209;2007-5-17;Ottawa;ON;Canada;;;0
6055;138;138;Jordan;Thompson;;74;223;2007-1-9;Portage la Prairie;MB;Canada;;;0
6056;131;1;Christian;Plaga;;71;203;2007-1-1;Baxter;MN;The United States;;;0
6057;-1;-1;Tyler;Grafton;;71;176;2007-3-19;Langford;BC;Canada;;;0
6058;133;26;Jackson;Gillespie;;73;216;2007-1-1;Rossmoor;CA;The United States;;;0
6059;150;150;Brady;Erricson;;76;232;2007-5-14;Toronto;ON;Canada;;;0
6060;131;131;Brook;Martizes;;74;220;2007-1-23;Winnipeg;MB;Canada;;;0
6061;-1;-1;Morgan;Clamen;;71;201;2006-8-16;Saanich;BC;Canada;;;0
6062;149;149;Tom·s;Kucera;;72;212;2007-3-1;Prague;PRA;Czech Republic;;;0
6063;-1;-1;Iwo;Czyz;;71;203;2006-7-25;Vilnius;VIL;Lithuania;;;0
6064;-1;-1;Lee;Klein;;71;201;2006-10-18;Vernon;BC;Canada;;;0
6065;-1;-1;J;L;;72;198;2006-12-26;Las Vegas;NV;The United States;;;0
6066;135;135;Radek;Hylmar;;76;197;2007-4-22;Jirkov;UST;Czech Republic;;;0
6067;-1;-1;Jonathan;Gendron;;72;184;2006-10-14;Lethbridge;AB;Canada;;;0
6068;-1;-1;Sawyer;Mayes;;74;205;2007-1-8;Salmon Arm;BC;Canada;;;0
6069;150;150;Miloslav;Michalek;;74;221;2007-2-28;Ostrava;MOR;Czech Republic;;;0
6070;142;23;Jack;Ivankovic;;73;204;2007-5-22;Mississauga;ON;Canada;;;0
6071;-1;-1;Pavel;Khapov;;72;209;2007-2-11;Kaliningrad;KAL;Russia;;;0
6072;-1;-1;Brett;Kolton;;75;230;2006-8-26;Myrnam;AB;Canada;;;0
6073;128;20;Nathan;Behm;;74;220;2007-4-18;Calgary;AB;Canada;;;0
6074;135;2;Tristan;Delisle;;71;202;2007-5-15;Cornwall;ON;Canada;;;0
6075;144;8;Travis;Hayes;;73;217;2007-9-3;Ann Arbor;MI;The United States;;;0
6076;-1;-1;Matej;Kolarik;;75;229;2006-10-16;Prague;PRA;Czech Republic;;;0
6077;-1;-1;Caleb;Schultz;;72;212;2007-6-9;Luverne;MN;The United States;;;0
6078;143;18;Dwayne;Funk;;74;219;2007-6-19;Winnipeg;MB;Canada;;;0
6079;-1;-1;Nathaniel;Copp;;71;204;2007-1-23;Ajax;ON;Canada;;;0
6080;138;24;Elliot;DubÈ;;72;208;2007-3-15;Brantford;ON;Canada;;;0
6081;-1;-1;Alex;Wilson;;74;219;2006-8-6;St. Paul;AB;Canada;;;0
6082;19;19;Nicolas;Addy;;77;237;2007-8-17;Toronto;ON;Canada;;;0
6083;-1;-1;Jesse;Lehan;;73;213;2007-3-25;Edmonton;AB;Canada;;;0
6084;143;18;Juraj;Janosik;;73;201;2007-2-16;Povazska Bystrica;TRE;Slovakia;;;0
6085;-1;-1;Yevgeny;Morozov;;72;196;2006-8-16;Karaganda;KAR;Kazakhstan;;;0
6086;139;139;Tanner;Blight;;71;205;2006-12-14;Pelham;ON;Canada;;;0
6087;143;18;Luke;Dragusica;;76;227;2007-2-16;Wood Buffalo;AB;Canada;;;0
6088;28;28;Jacob;Crawford;;75;224;2007-5-5;Barrie;ON;Canada;;;0
6089;129;129;Cleve;Graovac;;74;222;2007-6-9;Dieppe;NB;Canada;;;0
6090;-1;-1;Pavel;Bushuyev;;74;219;2007-5-24;Ussuriysk;PRI;Russia;;;0
6091;129;129;Johnny;Carr;;76;232;2007-1-21;Midland;MI;The United States;;;0
6092;135;135;Tristan;Fontaine;;71;187;2006-10-14;Montreal;QC;Canada;;;0
6093;26;26;…mile;GuitÈ;;73;213;2007-6-1;Chambly;QC;Canada;;;0
6094;155;154;Louis-Alex;Tremblay;;71;203;2007-2-5;La Malbaie;QC;Canada;;;0
6095;18;18;Joby;Baumuller;;72;213;2007-7-20;Saskatoon;SK;Canada;;;0
6096;-1;-1;Alex;Montador;;76;229;2006-9-4;Toronto;ON;Canada;;;0
6097;147;147;Mitch;Berry;;77;236;2006-12-16;Edmundston;NB;Canada;;;0
6098;-1;-1;Justin;Gillen;;72;204;2007-1-2;Georgina;ON;Canada;;;0
6099;133;26;Anthony;Allain-SamakÈ;;76;200;2007-9-10;Gatineau;QC;Canada;;;0
6100;26;26;William;McFadden;;72;205;2007-2-15;Peterborough;ON;Canada;;;0
6101;-1;-1;Bradley;Barber;;78;234;2006-10-12;Vaughan;ON;Canada;;;0
6102;141;25;Kazden;Mathies;;71;203;2007-4-7;Martensville;SK;Canada;;;0
6103;147;147;Giovanni;Ambrogio;;75;224;2006-10-30;Ottawa;ON;Canada;;;0
6104;24;24;Carson;Steinhoff;;72;210;2007-7-10;Shakopee;MN;The United States;;;0
6105;0;0;Parker;Snelgrove;;73;213;2007-1-20;London;ON;Canada;;;0
6106;140;140;Steven;Wang;;74;219;2007-1-17;Notre-Dame-du-Mont-Carmel;QC;Canada;;;0
6107;45;28;Charles;Desmet;;73;210;2007-4-13;Mirabel;QC;Canada;;;0
6108;60;60;Mathieu;BriËre;;74;221;2007-1-7;Montreal;QC;Canada;;;0
6109;58;24;Matheas;Stark;;73;208;2007-1-14;Toronto;ON;Canada;;;0
6110;-1;-1;Byron;D'Orazio;;72;187;2006-8-11;Brampton;ON;Canada;;;0
6111;-1;-1;Nathan;McNabb;;74;194;2007-6-17;Brooks;AB;Canada;;;0
6112;-1;-1;Samuel;Dufour;;73;202;2007-2-18;Saint-Jean-sur-Richelieu;QC;Canada;;;0
6113;-1;-1;Uzabay;Akhmadayev;;72;197;2007-6-16;Bishkul;SOL;Kazakhstan;;;0
6114;58;58;Myles;Slobozian;;75;226;2007-2-16;Brampton;ON;Canada;;;0
6115;149;149;Maksim;Tarasov;;74;223;2006-10-14;Nizhny Tagil;SVE;Russia;;;0
6116;138;24;Nolan;Jackson;;75;227;2007-1-2;Barrie;ON;Canada;;;0
6117;128;128;Martin;McGovern;;73;214;2006-10-31;Whitchurch-Stouffville;ON;Canada;;;0
6118;47;47;Gordon;Smith;;73;209;2007-2-7;Richmond Hill;ON;Canada;;;0
6119;28;28;Lee;Shurgot;;73;214;2007-3-23;Saskatoon;SK;Canada;;;0
6120;-1;-1;Viktor;Suchanek;;71;201;2006-8-22;Nachod;KRA;Czech Republic;;;0
6121;125;124;Lucas;Sawchyn;;71;203;2007-2-27;Edmonton;AB;The United States;Canada;;0
6122;-1;-1;Joel;Engstrand;;75;228;2007-6-27;Karlstad;V‰R;Sweden;;;0
6123;-1;-1;David;Joyal;;73;215;2006-12-25;Saint-Eustache;QC;Canada;;;0
6124;-1;-1;Mitch;Pitcairn;;75;225;2006-12-21;Alexandria;ON;Canada;;;0
6125;134;134;Roland;Webster;;74;221;2006-10-13;O'Fallon;MO;The United States;;;0
6126;150;150;Pavel;Faykaw;;73;213;2007-5-18;Kyiv;KYI;Ukraine;;;0
6127;36;3;Keyshawn;Aitcheson;;73;201;2006-9-21;Toronto;ON;Canada;;;0
6128;127;31;Liam;Kilfoil;;73;194;2007-3-21;Quispamsis;NB;Canada;;;0
6129;127;31;Christopher;Kane;;71;201;2007-4-2;Trois-RiviËres;QC;Canada;;;0
6130;24;24;Ethan;Czata;;73;201;2007-5-29;Brampton;ON;Canada;;;0
6131;-1;-1;Matt;Price;;74;220;2006-7-25;Los Angeles;CA;The United States;;;0
6132;137;137;Michael;Urmos;;71;204;2007-4-22;London;ON;Canada;;;0
6133;138;138;Dale;Balding;;72;208;2006-10-6;Vancouver;BC;Canada;;;0
6134;-1;-1;Parker;Hayes;;71;202;2006-8-9;Lawrence;IN;The United States;;;0
6135;145;3;Jeramiah;Roberts;;71;204;2007-5-24;Heritage Creek;KY;The United States;;;0
6136;138;138;Kevin;Laframboise;;71;201;2006-10-19;Prince George;BC;Canada;;;0
6137;8;8;Ivan;Yentov;;72;209;2007-9-15;Shchyolkovo;MOS;Russia;;;0
6138;53;53;Roman;Chekmasov;;72;212;2006-8-18;Gorodets;NIZ;Russia;;;0
6139;-1;-1;Alex;Sugarhead;;73;205;2006-8-29;Toronto;ON;Canada;;;0
6140;-1;-1;Robert;Hickling;;76;232;2007-2-17;Toronto;ON;Canada;;;0
6141;154;154;Oleh;Ponomar;;71;203;2007-8-4;Hradec KralovÈ;KRA;Czech Republic;;;0
6142;124;124;Hayden;Harsanyi;;71;203;2007-1-10;Calgary;AB;Canada;;;0
6143;-1;-1;Savin;Virk;;71;204;2007-6-6;Surrey;BC;Canada;;;0
6144;128;128;Peter;Sidlo;;73;214;2006-12-4;Bratislava;BRA;Slovakia;;;0
6145;126;124;Matthew;Paranych;;74;220;2007-4-23;Edmonton;AB;Canada;;;0
6146;-1;-1;Denis;Varga;;74;221;2007-7-1;Kostelec nad Cern˝mi Lesy;STR;Czech Republic;;;0
6147;-1;-1;Nick;Bailey;;74;208;2006-8-23;Milton;ON;Canada;;;0
6148;142;23;Leith;Hunter;;78;236;2007-4-3;North Vancouver;BC;Canada;;;0
6149;140;140;Tony;Grunwald;;76;231;2007-6-19;Nanticoke;PA;The United States;;;0
6150;138;138;Ryan;Chase;;74;219;2007-4-18;Ottawa;ON;Canada;;;0
6151;-1;-1;Andrius;Andriuskevicius;;75;219;2006-9-5;Alytus;ALY;Lithuania;;;0
6152;147;9;Jakub;Frolo;;74;223;2007-12-5;VsetÌn;ZLN;Czech Republic;Slovakia;;0
6153;138;138;Kevin;Pither;;71;201;2006-11-2;Fort McMurray;AB;Canada;Germany;;0
6154;149;149;Cedrick;Renwick;;75;225;2007-1-21;Constance Bay;ON;Canada;;;0
6155;-1;-1;Mackenzie;Edwards;;77;220;2006-9-9;Belleville;ON;Canada;;;0
6156;127;31;Rio;Kaiser;;79;251;2006-10-7;Berlin;BER;Germany;;;0
6157;135;2;Will;Reynolds;;76;231;2007-8-11;Georgetown;ON;Slovakia;;;0
6158;-1;-1;William;Kell;;73;194;2007-1-23;Urbandale;IA;The United States;;;0
6159;-1;-1;Troy;Allan;;72;210;2007-1-29;Saint John;NB;Canada;;;0
6160;143;18;Jacob;Cloutier;;71;202;2007-3-22;Saskatoon;SK;Canada;;;0
6161;-1;-1;Cal;Blankenbeker;;74;213;2006-7-22;Summerville;SC;The United States;;;0
6162;124;124;Porter;Martone;;75;229;2006-10-26;Peterborough;ON;Canada;;;0
6163;140;17;Braedyn;Rogers;;72;195;2006-11-21;Quinte West;ON;Canada;;;0
6164;147;147;Lukas;Ourada;;73;216;2006-11-19;Prague;PRA;Czech Republic;;;0
6165;147;147;Matthias;Burke;;73;213;2006-9-29;Saanich;BC;Canada;;;0
6166;21;21;Anton;Frondell;;73;205;2007-5-7;Stockholm;STO;Sweden;;;0
6167;-1;-1;Trevor;Goyer;;72;191;2007-1-11;Kingston;ON;Canada;;;0
6168;147;147;Guillaume;Demers;;73;194;2007-7-4;Alma;QC;Canada;;;0
6169;134;21;Owen;Griffin;;74;215;2007-4-8;Markham;ON;Canada;;;0
6170;147;147;Rasmus;Jonsson;;77;234;2007-1-26;Kristianstad;SKÂ;Sweden;;;0
6171;-1;-1;Mykyta;Horobets;;71;201;2006-8-3;Ivancice;JHM;Czech Republic;;;0
6172;0;0;Parker;Rondeau;;72;210;2007-6-15;Swift Current;SK;Canada;;;0
6173;17;17;Riley;Boychuk;;71;205;2008-1-31;Cochrane;AB;Canada;;;0
6174;129;129;Viktor;Eriksson;;74;222;2007-7-2;Stockholm;STO;Sweden;;;0
6175;145;3;Drew;Allison;;76;232;2007-7-4;Sault Ste. Marie;ON;Canada;;;0
6176;-1;-1;Wilson;Puente;;72;189;2007-6-28;Tierra Buena;CA;The United States;;;0
6177;-1;-1;Marcus;Meier;;75;199;2006-9-26;Munich;BAV;Germany;;;0
6178;-1;-1;Cameron;Corry;;76;225;2006-7-29;Thornhill;ON;Canada;;;0
6179;23;23;Nathan;Brisson;;72;207;2006-9-22;Lachute;QC;Canada;;;0
6180;127;127;Joey;Watts;;73;208;2007-5-15;Fresno;CA;The United States;;;0
6181;139;139;Alex;Potticary;;73;213;2007-7-1;Meadow Woods;FL;The United States;;;0
6182;148;30;Paul;Kerr;;73;215;2006-7-11;Kawartha Lakes;ON;Canada;;;0
6183;-1;-1;Kevin;Magowan;;74;221;2007-2-1;Toronto;ON;Canada;;;0
6184;150;150;Preston;Myers;;73;201;2007-2-3;East Point;GA;The United States;;;0
6185;21;21;Jake;O'Brien;;73;193;2007-6-16;Toronto;ON;Canada;;;0
6186;128;128;Jesse;Monk;;71;205;2007-5-2;Hamilton;ON;Canada;;;0
6187;139;139;Apostolos;Vakros;;75;199;2006-11-3;Ottawa;ON;Canada;;;0
6188;59;1;Xander;Velliaris;;76;233;2007-4-23;Toronto;ON;Canada;;;0
6189;-1;-1;Martin;Horacek;;73;216;2006-7-13;Svitavy;PAR;Czech Republic;;;0
6190;141;25;Zachary;Hachey;;74;223;2007-3-8;Saint-Lambert;QC;Canada;;;0
6191;9;9;Jordan;Labelle;;75;227;2007-5-7;Oakville;ON;Canada;;;0
6192;-1;-1;Liam;MacAulay;;75;226;2006-8-4;Langley;BC;Canada;;;0
6193;128;20;Filip;Ekberg;;72;209;2007-4-14;BÂlsta;UPP;Sweden;;;0
6194;-1;-1;Finlay;Hensel;;73;208;2007-1-22;Saskatoon;SK;Canada;;;0
6195;129;129;Marek;Bartik;;71;205;2006-12-10;Prague;PRA;Czech Republic;;;0
6196;126;124;Olivier;Lemieux;;71;207;2006-11-27;Drummondville;QC;Canada;;;0
6197;137;137;Pierre-Luc;Lemieux;;76;231;2006-12-9;LÈvis;QC;Canada;;;0
6198;129;27;Linus;Flodstrˆm;;76;217;2007-1-3;Stockholm;STO;Sweden;;;0
6199;134;134;Garrett;McNaught;;75;217;2007-3-15;Ottawa;ON;Canada;;;0
6200;-1;-1;Jozef;Kovacik;;72;207;2006-8-11;Trstena;ZIL;Slovakia;;;0
6201;132;12;Milan;Babis;;71;206;2007-4-17;Piestany;TRN;Slovakia;;;0
6202;71;71;Mason;Mykichuk;;73;213;2008-6-30;East St. Paul;MB;Canada;;;0
6203;-1;-1;Paul;Charette;;75;230;2006-9-18;Montreal;QC;Canada;;;0
6204;48;14;Brandon;Gorzynski;;72;208;2007-1-1;Lakewood;CO;The United States;;;0
6205;29;29;Cameron;Reid;;78;239;2007-4-8;Aylmer;ON;Canada;;;0
6206;150;150;Pierre;Lawson;;75;228;2006-10-30;Langley;BC;Canada;;;0
6207;-1;-1;Pascal;Newsome;;72;199;2007-2-7;Halifax;NS;Canada;;;0
6208;136;10;Garrett;Lindberg;;73;212;2007-3-8;Moorhead;MN;The United States;;;0
6209;-1;-1;Jeff;Flynn;;71;207;2006-8-17;Airdrie;AB;Canada;;;0
6210;-1;-1;Hampus;Andersson;;71;201;2007-2-10;Kungsbacka;V‰S;Sweden;;;0
6211;134;21;Guillaume;Tremblay;;71;204;2007-3-26;Hanna;AB;Canada;;;0
6212;143;18;Masun;Fleece;;71;204;2007-1-26;Rolling Hills;CA;The United States;;;0
6213;128;128;Kurt;Bird;;76;226;2007-2-13;Trois-RiviËres;QC;Canada;;;0
6214;145;3;Alex;Donovan;;71;201;2007-4-8;Darien;CT;Canada;;;0
6215;133;133;Michal;Jirasek;;73;201;2006-12-13;Ceska Trebova;PAR;Czech Republic;;;0
6216;123;31;Caden;Taylor;;75;227;2007-3-31;Mississauga;ON;Canada;;;0
6217;138;138;Brenden;Coehoorn;;72;210;2006-11-19;Abbotsford;BC;Canada;;;0
6218;-1;-1;Ilya;Komelkov;;71;187;2006-8-10;Lipetsk;LIP;Russia;;;0
6219;144;8;Malcolm;Spence;;76;224;2006-9-22;Mississauga;ON;Canada;;;0
6220;126;126;Anton;Pulli;;74;225;2006-11-20;Laukaa;FIN;Finland;;;0
6221;140;17;James;Barr;;73;217;2007-6-1;Oakville;ON;Canada;;;0
6222;150;150;Patrik;Steininger;;72;207;2006-11-11;Plzen;PLZ;Czech Republic;;;0
6223;-1;-1;Andreas;Wennerholm;;71;211;2006-12-4;Gˆteborg;V‰S;Sweden;;;0
6224;145;145;Bryan;Wichett;;75;227;2007-6-10;Brownsville;TX;The United States;;;0
6225;-1;-1;Petr;Hladky;;72;211;2006-12-26;Prague;PRA;Czech Republic;;;0
6226;1;1;Egan;Beveridge;;71;201;2007-1-11;East Kingston;NH;The United States;;;0
6227;50;26;Ryan;Glower;;71;203;2007-4-29;McCreary;MB;Canada;;;0
6228;-1;-1;Martin;Splichal;;74;216;2006-12-11;JesenÌk;OLO;Czech Republic;;;0
6229;-1;-1;Jacob;Cord;;72;207;2007-4-20;West Vancouver;BC;Canada;;;0
6230;-1;-1;Oleg;Kulebyakin;;71;207;2007-5-4;St. Petersburg;SAI;Russia;;;0
6231;-1;-1;Lutz;Hahn;;74;219;2007-1-28;Frankfurt;HES;Germany;;;0
6232;-1;-1;Brian;Smeddon;;74;203;2006-8-10;Bridgeport;MI;The United States;;;0
6233;-1;-1;Johan;Jˆnsson;;73;213;2007-1-30;Gˆteborg;V‰S;Sweden;;;0
6234;-1;-1;Walt;Goodwin;;74;219;2006-11-15;Jenks;OK;The United States;;;0
6235;151;152;Luke;Moroz;;71;203;2007-7-18;Regina;SK;Canada;;;0
6236;23;23;Quinn;Beauchesne;;74;207;2007-3-1;Ottawa;ON;Canada;;;0
6237;-1;-1;Ryder;McLeod;;71;202;2007-2-7;Littleton;CO;The United States;Canada;;1
6238;-1;-1;Jordan;Acres;;73;192;2007-4-11;Toronto;ON;Canada;;;0
6239;149;149;Dean;Connelley;;71;201;2006-11-8;Kingsville;ON;Canada;;;0
6240;144;8;Jakob;Ihs Wozniak;;74;207;2007-2-1;Adelaide;SA;Sweden;Australia;;0
6241;32;32;Maxime;Cormier;;74;223;2007-5-18;L'Assomption;QC;Canada;;;0
6242;78;8;Sean;Burick;;79;250;2008-1-9;San Clemente;CA;The United States;;;0
6243;150;150;Tylor;Mayor;;75;229;2006-10-11;Calgary;AB;Canada;;;0
6244;0;0;Nathan;Lecompte;;71;203;2007-1-19;Montreal;QC;Canada;;;0
6245;45;28;Kaden;Allan;;74;220;2008-1-1;Hamiota;MB;Canada;;;0
6246;-1;-1;Ben;Augustine;;72;211;2006-11-7;Mukwonago;WI;The United States;;;0
6247;28;28;Peyton;Kettles;;71;202;2007-9-1;Winnipeg;MB;Canada;;;0
6248;129;129;Alex;Cramarossa;;72;208;2006-10-4;Dunnville;ON;Canada;;;0
6249;19;19;Cole;Chandler;;74;207;2007-5-1;Bedford;NS;Canada;;;0
6250;-1;-1;Zmitser;Zyanko;;75;215;2006-9-28;Vilnius;VIL;Lithuania;;;0
6251;147;147;Coby;Kipling;;71;202;2007-6-25;Calgary;AB;Canada;;;0
6252;47;47;Maxime;Bastien;;73;219;2007-6-5;Saint-Jean-sur-Richelieu;QC;Canada;;;0
6253;25;25;Carson;Cameron;;73;215;2007-6-27;Lindsay;ON;Canada;;;0
6254;17;17;Max;Finley;;73;216;2007-1-5;Kelowna;BC;Canada;;;0
6255;50;26;Nathan;Quinn;;73;216;2007-1-1;Longueuil;QC;Canada;;;0
6256;-1;-1;RaphaÎl;Mathez;;72;193;2007-4-25;Lausanne;VD;Switzerland;;;0
6257;156;156;Jozef;Gasparek;;71;206;2006-7-10;Spisska Nova Ves;PRE;Slovakia;;;0
6258;152;152;Conrad;Fondrk;;72;207;2007-6-1;St. Paul;MN;Canada;;;0
6259;-1;-1;Barry;Cherry;;74;217;2006-10-6;Hudson;OH;The United States;;;0
6260;145;3;Jett;Lajoie;;74;213;2007-2-5;Winnipeg;MB;Canada;;;0
6261;156;154;Jean-Simon;Denis;;71;203;2006-7-26;Longueuil;QC;Canada;;;0
6262;-1;-1;Cory;Houlihan;;73;199;2007-7-1;James City;NC;The United States;;;0
6263;145;3;Carson;Harmer;;72;201;2007-1-13;Mitchell;ON;The United States;;;0
6264;45;28;Martin;Kral;;70;199;2007-7-23;Poprad;PRE;Slovakia;;;0
6265;-1;-1;Johnny;Taverner;;71;203;2006-9-24;King City;ON;Canada;;;0
6266;130;14;William;McIsaak;;76;232;2006-5-26;Vancouver;BC;Canada;;;0
6267;-1;-1;Juuso;Hartikainen;;74;220;2007-4-14;Joensuu;NOR;Finland;;;0
6268;-1;-1;Joe;Bruce;;77;206;2006-10-23;Shawnee;KS;The United States;;;0
6269;-1;-1;Patrick;Reilly;;72;190;2006-11-28;Edina;MN;The United States;;;0
6270;-1;-1;Vladimir;Lovecky;;71;189;2006-9-8;Ostrava;MOR;Czech Republic;;;0
6271;-1;-1;Robbie;Carrick;;76;233;2007-4-7;Thornhill;ON;Canada;;;0
6272;50;26;Grant;Reid;;72;209;2007-5-28;Surrey;BC;Canada;;;0
6273;20;20;Maddox;Labre;;76;235;2007-1-1;Toronto;ON;Canada;;;0
6274;137;137;Kyle;Colvin;;77;236;2007-6-4;Port Coquitlam;BC;Canada;;;0
6275;144;8;Dryden;Allen;;73;203;2007-8-9;Ottawa;ON;Canada;;;0
6276;34;2;Kyle;McDonough;;71;203;2007-2-16;Okotoks;AB;Canada;;;0
6277;-1;-1;Ricardo;Valenzuela;;71;210;2007-3-4;Tulsa;OK;The United States;;;0
6278;149;149;Alex;Rebernik;;73;219;2006-11-1;Winnipeg;MB;Canada;;;0
6279;25;25;Jonathan;Prud'homme;;71;202;2007-1-27;Toronto;ON;Canada;;;0
6280;-1;-1;Jeff;Agosta;;71;201;2006-11-10;Welland;ON;Canada;;;0
6281;156;156;Niklas;Lund;;71;203;2006-8-26;BorÂs;V‰S;Sweden;;;0
6282;137;137;David;Zidek;;74;215;2007-2-24;Ostrava;MOR;Czech Republic;;;0
6283;138;138;Ty;Allen;;73;217;2006-10-5;London;ON;Canada;;;0
6284;-1;-1;Ivan;Perisic;;72;194;2006-12-10;Split;SPL;Croatia;;;0
6285;43;17;Kaleb;Hartmann;;73;210;2007-7-6;Langley;BC;Canada;;;0
6286;140;140;Marc-Olivier;Laurin;;72;201;2006-11-28;Lavaltrie;QC;Canada;;;0
6287;128;128;Vytal;Fontaine;;73;196;2007-4-12;Laval;QC;Canada;;;0
6288;-1;-1;Tommy;Lachance;;75;200;2006-8-27;Findlay;OH;The United States;;;0
6289;127;31;Olivier;Metcalfe;;71;190;2007-1-31;Boisbriand;QC;Canada;;;0
6290;156;154;David;Bedkowski;;77;237;2006-12-7;Toronto;ON;Canada;;;0
6291;143;18;Tom·ö;Pobeûal;;73;216;2006-9-18;P˙chov;TRE;Slovakia;;;0
6292;-1;-1;Jayden;Ok;;72;210;2007-3-17;Nanaimo;BC;Canada;;;0
6293;-1;-1;Brody;Perez;;74;205;2006-8-15;Sarnia;ON;Canada;;;0
6294;140;140;Aidan;Hounsell;;75;227;2006-12-22;Newmarket;ON;Canada;;;0
6295;142;23;Carter;Kostuch;;72;213;2007-4-21;Richmond Hill;ON;Canada;;;0
6296;-1;-1;Ian;Price;;75;226;2007-1-27;Saanich;BC;Canada;;;0
6297;-1;-1;Peter;Baluch;;76;218;2006-12-9;Prievidza;TRE;Slovakia;;;0
6298;127;31;Harry;Nansi;;76;225;2007-9-10;Ottawa;ON;Canada;;;0
6299;58;24;Wyatt;Pisarczyk;;71;189;2007-7-20;Airdrie;AB;Canada;;;0
6300;150;150;Nikolas;Janus;;73;214;2006-12-9;Trnava;TRN;Slovakia;;;0
6301;-1;-1;Yuryy;Arkhiptsaw;;77;233;2007-5-12;Minsk;MIN;Belarus;;;0
6302;53;53;Erik;Mostrˆm;;72;207;2006-10-5;Kungs‰ngen;STO;Sweden;;;0
6303;126;124;Jason;Ramsay;;73;213;2007-4-11;Fredericton;NB;Canada;;;0
6304;-1;-1;Anton;Pobortsev;;72;192;2007-5-31;Riga;RIG;Latvia;;;0
6305;148;148;Tommy;Croteau;;75;225;2007-2-17;Saint-Pascal;QC;Canada;;;0
6306;-1;-1;Ryan;Heide;;73;196;2007-5-28;Smith Center;KS;The United States;;;0
6307;33;29;Matvei;Shuravin;;74;210;2006-3-22;Moscow;MOS;Russia;;;0
6308;-1;-1;Ivan;Maksimov;;72;209;2007-7-7;Blagoveshchenka;ALT;Russia;;;0
6309;-1;-1;Johannes;Hassel;;72;207;2006-9-29;Stockholm;STO;Sweden;;;0
6310;145;3;Graham;Jones;;71;201;2007-1-1;Winnipeg;MB;Canada;;;0
6311;127;31;Hunter;McKenzie;;74;221;2006-12-7;Halton Hills;ON;Canada;;;0
6312;-1;-1;Gustav;Eklund;;73;213;2006-11-14;Malmˆ;SKÂ;Sweden;;;0
6313;-1;-1;MickaÎl;Cournoyer;;77;234;2006-12-26;RiviËre-au-Renard;QC;Canada;;;0
6314;147;147;Stasys;Kazlauskas;;72;207;2007-1-9;Klaipeda;KLA;Lithuania;;;0
6315;3;3;Braeden;Cootes;;73;215;2007-2-9;Edmonton;AB;Canada;;;0
6316;-1;-1;Jesse;Moyse;;74;201;2007-6-2;West Vancouver;BC;Canada;;;0
6317;56;56;Justin-Claude;Bolduc;;71;203;2006-8-12;Salaberry-de-Valleyfield;QC;Canada;;;0
6318;-1;-1;Claudio;Silvestrini;;73;215;2007-1-31;Ottawa;ON;Canada;;;0
6319;-1;-1;Tomislaw;Sliwa;;72;203;2007-3-28;Daugavpils;DAU;Latvia;;;0
6320;135;2;Ty;Coupland;;72;210;2007-5-6;North Vancouver;BC;Canada;;;0
6321;-1;-1;Charles;Jacques;;75;225;2006-7-26;Trois-RiviËres;QC;Canada;;;0
6322;14;14;JÈrÈmy;Loranger;;70;198;2007-6-15;Trois-RiviËres;QC;Canada;;;0
6323;-1;-1;Knud;Nielsen;;75;216;2006-7-15;Copenhagen;FRE;Denmark;;;0
6324;149;149;Craig;Hopiavouri;;73;217;2007-5-1;Vancouver;BC;Canada;;;0
6325;128;128;Jesse;Fredheim;;73;213;2007-3-11;Bowmanville;ON;Canada;;;0
6326;144;8;Kieran;Witkowski;;72;210;2007-2-7;Toronto;ON;Canada;;;0
6327;-1;-1;Carl;Grieve;;73;205;2006-11-9;London;ON;Canada;;;0
6328;125;125;Florian;Schneeberger;;73;217;2007-6-3;Thun;BE;Switzerland;;;0
6329;25;25;Hayden;Paupanekis;;77;241;2007-2-4;Winnipeg;MB;Canada;;;0
6330;24;24;Olivier;Lampron;;74;213;2007-3-21;Laval;QC;Canada;;;0
6331;-1;-1;Matt;Reynolds;;71;213;2006-11-22;Toronto;ON;Canada;;;0
6332;-1;-1;Michal;Eder;;72;207;2006-8-18;Prague;PRA;Czech Republic;;;0
6333;-1;-1;Vladimir;Larchenko;;73;214;2006-7-14;Kislovodsk;STA;Russia;;;0
6334;-1;-1;David;Verlaan;;72;209;2006-7-16;Rheden;GEL;The Netherlands;;;0
6335;19;19;Owen;Conrad;;76;233;2007-3-10;New Glasgow;NS;Canada;;;0
6336;3;3;Luke;Vlooswyk;;75;225;2007-1-9;Calgary;AB;Canada;;;0
6337;-1;-1;Kenneth;Nielsen;;71;199;2006-11-8;S¯nderborg;S¯N;Denmark;;;0
6338;-1;-1;Joseph;Lebrun;;73;210;2007-3-23;Hamilton;ON;Canada;;;0
6339;-1;-1;Gavin;Cornforth;;72;207;2006-12-15;Boston;MA;The United States;Canada;;0
6340;-1;-1;Sam;Billy;;71;207;2007-2-24;Vaughan;ON;Canada;;;0
6341;147;147;Isaac;Snetsinger;;73;213;2007-2-24;Cornwall;ON;Canada;;;0
6342;126;126;Umarah;Kalil;;74;220;2007-4-30;Kristianstad;SKÂ;Sweden;Iraq;;0
6343;140;17;Tanner;Lam;;71;203;2007-7-14;Brampton;ON;Canada;;;0
6344;2;2;Roger;McQueen;;77;238;2006-10-2;Saskatoon;SK;Canada;;;0
6345;23;23;Nic;Whitehead;;73;198;2007-2-11;Orlando;FL;The United States;;;0
6346;31;31;Jan;Golicic;;78;245;2006-6-30;Jesenice;GOR;Slovenia;;;0
6347;149;149;Ethan;Reise;;72;207;2007-6-15;Okotoks;AB;Canada;;;0
6348;126;124;Christophe;Tremblay;;77;233;2007-5-12;Vancouver;BC;Canada;;;0
6349;151;152;Matthew;Gard;;75;226;2007-4-7;Winnipeg;MB;Canada;;;0
6350;149;149;Remigijus;Genzelis;;73;217;2007-1-6;Siauliai;SIA;Lithuania;;;0
6351;-1;-1;Peter;Vavercak;;74;215;2006-8-3;Brezno;BAN;Slovakia;;;0
6352;-1;-1;Petteri;Laitam‰ki;;75;213;2007-4-15;Helsinki;UUS;Finland;;;0
6353;125;125;Linden;Critchlow;;74;222;2007-5-25;Calgary;AB;Canada;;;0
6354;139;139;Mark;Scott;;76;231;2007-5-21;Richmond;BC;Canada;;;0
6355;139;139;Jordan;Cowie;;72;209;2006-12-14;Barrie;ON;Canada;;;0
6356;147;9;Reece;Peitzsche;;73;213;2006-12-8;Calgary;AB;Canada;;;0
6357;133;26;Benjamin;Kindel;;71;190;2007-4-19;Coquitlam;BC;Canada;;;0
6358;145;3;Oliwer;Sjˆstrˆm;;72;203;2007-4-8;UmeÂ;V‰S;Sweden;;;0
6359;10;10;Jayden;Connors;;71;201;2007-2-26;Toronto;ON;Canada;;;0
6360;1;1;Olivier;Groulx;;73;203;2007-7-25;Saint-Lazare;QC;Canada;;;0
6361;1;1;Cash;Koch;;73;216;2007-3-31;Calgary;AB;Canada;;;0
6362;134;134;Petr;Huska;;73;212;2007-5-1;Kladno;STR;Czech Republic;;;0
6363;37;37;Vincent;HallÈ;;73;213;2007-4-22;Blainville;QC;Canada;;;0
6364;-1;-1;Jamie;Dowe;;75;227;2006-8-9;Cape Breton Regional Municipality;NS;Canada;;;0
6365;-1;-1;Adam;Hagstrˆm;;72;208;2006-9-3;Tibro;V‰S;Sweden;;;0
6366;-1;-1;Thomas;Ercolano;;73;214;2007-4-29;Hamilton;ON;Canada;;;0
6367;-1;-1;Johannes;Karv;;73;214;2007-4-16;Hyvink‰‰;UUS;Finland;;;0
6368;-1;-1;Sergey;Zhevaikin;;71;202;2007-1-23;Belaya;KUR;Russia;;;0
6369;150;150;Justin;Lamontagna;;74;220;2007-6-5;Newmarket;ON;Canada;;;0
6370;55;9;Tyson;Goguen;;71;195;2007-1-28;Moncton;NB;Canada;;;0
6371;-1;-1;Franco;Baroni;;74;220;2006-7-30;Sainte-Catherine;QC;Canada;;;0
6372;-1;-1;Martins;Kampe;;73;210;2006-8-4;Bauska;BAU;Latvia;;;0
6373;126;124;Isaac;Gravelle;;74;205;2007-1-18;Welland;ON;Canada;;;0
6374;-1;-1;Isak;Haglind;;77;221;2006-11-29;Karlstad;V‰R;Sweden;;;0
6375;149;149;Zlatko;Gluic;;73;214;2007-2-16;Selci –akovacki;OSI;Croatia;;;0
6376;133;26;Ty;Peddigrew;;72;210;2007-3-2;St. John's;NL;Canada;;;0
6377;-1;-1;Fredrik;Eriksson;;75;225;2006-11-23;Upplands-V‰sby;STO;Sweden;;;0
6378;-1;-1;Taylor;Chiu;;71;205;2007-5-15;Surrey;BC;Canada;;;0
6379;134;134;Tom·s;Bˆhm;;72;207;2007-4-30;Bojkovice;ZLN;Czech Republic;;;0
6380;-1;-1;John;Crosbie;;71;194;2006-11-15;Edmonton;AB;Canada;;;0
6381;27;27;Jimmy;Lombardi;;71;199;2007-2-16;Toronto;ON;Canada;;;0
6382;-1;-1;Antoine;Gagnon;;71;205;2006-7-25;Kingsey Falls;QC;Canada;;;0
6383;126;126;Corey;Basara;;74;225;2006-10-15;Toronto;ON;Canada;;;0
6384;-1;-1;Ivan;Sviderskyi;;71;201;2006-8-24;Cherkasy;CHE;Ukraine;;;0
6385;-1;-1;Billy;Clark;;72;208;2007-2-15;Surrey;BC;Canada;;;0
6386;-1;-1;Maximilian;Balogh;;71;204;2006-10-21;Liptovsk˝ Mikulas;ZIL;Slovakia;;;0
6387;137;137;Alexandre;ThÈroux;;75;225;2007-4-13;Montreal;QC;Canada;;;0
6388;-1;-1;Jeff;Fibiger;;71;207;2006-8-16;Edmonton;AB;Canada;;;0
6389;133;133;Mike;O'Keefe;;73;202;2006-12-15;Kemptville;ON;Canada;;;0
6390;-1;-1;Michal;Psenak;;71;203;2007-4-26;Kosice;KOS;Slovakia;;;0
6391;148;30;Josh;Glavin;;74;208;2006-9-24;Sarnia;ON;Canada;;;0
6392;137;137;Raman;Boleslawski;;72;211;2007-4-8;Khoiniki;GOM;Belarus;Moldova;;0
6393;149;149;Dietmar;Tester;;71;201;2007-1-17;Menteroda;THU;Germany;;;0
6394;-1;-1;Ryan;Petgrave;;72;210;2006-8-26;Edmonton;AB;Canada;;;0
6395;129;129;Marcus;Lerbekmo;;76;231;2007-1-15;Midland;ON;Canada;;;0
6396;-1;-1;Manuel;Posch;;72;200;2006-8-30;Sierning;OBE;Austria;;;0
6397;149;149;Justus;Frei;;72;211;2006-11-21;Taufkirchen;BAV;Germany;;;0
6398;-1;-1;Jamie;Penttinen;;74;212;2006-11-24;Crowsnest Pass;AB;Canada;;;0
6399;12;12;Lane;Sim;;71;202;2007-5-9;New Glasgow;NS;Canada;;;0
6400;47;47;Ryan;Oliver;;76;231;2006-8-8;Toronto;ON;Canada;;;0
6401;26;26;Mateo;Nobert;;73;212;2007-8-12;Beaconsfield;QC;Canada;;;0
6402;147;9;Tyson;Ulmer;;72;210;2007-1-1;Grand Forks;ND;The United States;;;0
6403;-1;-1;Connor;Carter;;72;207;2007-4-15;Clarington;ON;Canada;;;0
6404;-1;-1;Dennis;Kym‰l‰inen;;72;208;2006-9-4;Sˆdert‰lje;STO;Sweden;;;0
6405;138;138;Jimmy;Belley;;73;219;2006-11-27;Quebec City;QC;Canada;;;0
6406;148;30;Dylan;Tsherna;;71;201;2007-2-22;Montreal;QC;Canada;;;0
6407;-1;-1;Miloslav;Kucera;;73;199;2006-10-22;Mlada Boleslav;STR;Czech Republic;;;0
6408;138;138;Reid;Birdsell;;80;241;2006-10-1;County of Brant;ON;Canada;;;0
6409;-1;-1;Louis-Philip;Ruel;;73;213;2006-7-28;Boucherville;QC;Canada;;;0
6410;-1;-1;Martin;Sedlacek;;73;197;2007-2-23;Orlova;MOR;Czech Republic;;;0
6411;-1;-1;Alyaksey;Lisitsa;;73;211;2006-8-12;Mogilev;MOG;Belarus;;;0
6412;128;128;Bae;Do-hyeon;;73;213;2007-5-4;Incheon;INC;South Korea;;;0
6413;-1;-1;Pavel;Fiser;;72;196;2007-5-9;Nachod;KRA;Czech Republic;;;0
6414;137;137;Tor;Lˆfdahl;;72;207;2006-12-19;Stockholm;STO;Sweden;;;0
6415;43;17;Noah;Jenken;;75;228;2007-3-8;London;ON;Canada;;;0
6416;150;150;Ryan;Bagnall;;74;207;2007-3-15;Brantford;ON;Canada;;;0
6417;137;137;Darryl;Heatherington;;73;216;2006-10-7;Bradford;ON;Canada;;;0
6418;150;150;JoÎl;Lapointe;;71;209;2007-3-27;Montreal;QC;Canada;;;0
6419;-1;-1;Dustin;Makarski;;73;213;2006-9-3;Fort McMurray;AB;Canada;;;0
6420;21;21;Logan;Hensler;;74;222;2006-10-14;Woodbury;MN;The United States;;;0
6421;-1;-1;Guillaume;Caron;;76;207;2007-7-1;Whitby;ON;Canada;;;0
6422;-1;-1;Cole;Rakochy;;73;216;2006-9-11;Salmon Arm;BC;Canada;;;0
6423;137;137;Mike;Bird;;72;209;2007-3-6;Brockville;ON;Canada;;;0
6424;45;28;Richard;TÛth;;75;227;2007-6-17;Presov;PRE;Slovakia;;;0
6425;-1;-1;Nikita;Michurin;;71;202;2006-12-15;Zheleznogorsk-Ilimskiy;IRK;Russia;;;0
6426;28;28;Tyler;Hopkins;;75;223;2007-1-23;Georgetown;ON;Czech Republic;;;0
6427;137;137;Gabriel;Lalonde;;74;220;2007-7-7;Montreal;QC;Canada;;;0
6428;-1;-1;Ales;Lusk;;71;201;2006-7-16;Brno;JHM;Czech Republic;;;0
6429;47;47;Gabriel;Viens;;77;231;2007-4-29;Sainte-Julie;QC;Canada;;;0
6430;-1;-1;Alexis;Gagnon;;77;213;2006-9-30;Hauterive;QC;Canada;;;0
6431;7;7;Matvei;Michkov;;72;212;2004-12-9;Kungur;PER;Russia;;;0
6432;8;8;Adam;Fantilli;;73;216;2004-10-12;Toronto;ON;Canada;;;0
6433;30;30;Leo;Carlsson;;75;224;2004-12-26;Karlstad;V‰R;Sweden;;;0
6434;17;17;Will;Smith;;74;205;2005-3-17;Lexington;IL;The United States;;;0
6435;152;152;Axel;Sandin Pellikka;;71;201;2005-3-11;G‰llivare;NOR;Sweden;;;0
6436;24;24;David;Reinbacher;;76;234;2004-10-25;Hohenems;VOR;Austria;Switzerland;;0
6437;28;28;Eduard;äalÈ;;73;190;2005-3-10;Brno;JHM;Czech Republic;;;0
6438;28;28;Mikhail;Gulyayev;;71;202;2005-4-26;Novosibirsk;NOV;Russia;;;0
6439;3;3;Oliver;Moore;;71;202;2005-1-22;Mounds View;MN;The United States;;;0
6440;10;10;Dalibor;Dvorsk˝;;72;211;2005-6-15;Poprad;PRE;Slovakia;;;0
6441;10;10;Theo;Lindstein;;73;209;2005-1-5;G‰vle;G‰V;Sweden;;;0
6442;45;28;Ryan;Leonard;;71;205;2005-1-21;Amherst;NY;The United States;;;0
6443;-1;-1;C;R;;76;203;2005-1-21;Oakville;ON;Canada;;;0
6444;23;23;Gabe;Perreault;;73;214;2005-5-7;Hinsdale;IL;The United States;Canada;;0
6445;26;26;Myles;Hilman;;70;197;2003-10-15;Blackfalds;AB;Canada;;;0
6446;0;0;Michael;Hrabal;;79;235;2005-1-20;Prague;PRA;Czech Republic;;;0
6447;9;9;Julian;Maze;;71;191;2005-6-29;Edmonton;AB;Canada;;;0
6448;18;18;Otto;Stenberg;;71;206;2005-5-29;Stenungsund;V‰S;Sweden;;;0
6449;14;14;Emil;J‰rventie;;71;203;2005-4-4;Tampere;PIR;Finland;;;0
6450;30;30;Kasper;Halttunen;;75;225;2005-6-7;Helsinki;UUS;Finland;;;0
6451;25;25;Matthew;Wood;;75;226;2005-2-6;Nanaimo;BC;Canada;;;0
6452;7;7;Ondrej;Moln·r;;73;216;2005-2-8;Nitra;NIT;Slovakia;;;0
6453;29;29;Alex;Ciernik;;72;210;2004-10-8;Sliac;BAN;Slovakia;Germany;;0
6454;155;154;Gavin;Brindley;;71;198;2004-10-5;Estero;FL;The United States;Canada;;0
6455;131;1;Alexandre;Lallier;;71;202;2005-5-23;Blainville;QC;Canada;;;0
6456;24;24;Hunter;Brzustewicz;;72;212;2004-11-29;Washington;MI;The United States;;;0
6457;27;27;Daniil;But;;77;229;2005-2-15;Yaroslavl;YAR;Russia;;;0
6458;2;2;Lucas;St. Louis;;71;203;2005-3-30;Greenwich;CT;The United States;Canada;;0
6459;14;14;Charlie;Stramel;;75;225;2004-10-15;Rosemount;MN;The United States;;;0
6460;55;9;Samuel;Honzek;;75;199;2004-11-12;TrencÌn;TRE;Slovakia;;;0
6461;139;19;Michael;Burchill;;72;184;2005-4-29;Mundelein;IL;The United States;;;0
6462;3;3;Zachary;Sharp;;73;218;2005-3-29;Naperville;IL;The United States;;;0
6463;53;8;Brian;Nicholas;;74;219;2005-3-15;Scarsdale;NY;The United States;;;0
6464;-1;-1;Kimo;Gruber;;73;198;2005-4-11;B¸lach;ZH;Switzerland;;;0
6465;1;1;Benjamin;Yurchuk;;72;207;2005-2-19;Montreal;QC;The United States;Canada;;0
6466;20;20;Frantiöek;Ridzon;;71;203;2005-1-27;Lucenec;BAN;Slovakia;;;0
6467;43;17;Ty;Hanson;;72;210;2005-4-21;Hermantown;MN;The United States;;;0
6468;1;1;Cooper;Pierson;;71;202;2006-1-6;Zionsville;IN;The United States;;;0
6469;124;124;Marek;Roc·k;;72;203;2005-5-31;DecÌn;UST;Czech Republic;;;0
6470;3;3;Noah;Degenstein;;76;215;2005-4-26;Airdrie;AB;Canada;;;0
6471;124;124;Dashel;Oliver;;71;201;2005-2-24;Bloomington;CA;The United States;;;0
6472;-1;-1;Martin;Miöiak;;75;231;2004-9-30;Banska Bystrica;BAN;Slovakia;;;0
6473;141;25;Charlie;Cerrato;;72;210;2005-3-10;Fallston;MD;The United States;;;0
6474;130;14;Jake;Todd;;71;192;2005-7-13;Cape Breton Regional Municipality;NS;Canada;;;0
6475;134;21;Tom·ö;éiûka;;73;216;2005-5-28;MelnÌk;STR;Czech Republic;;;0
6476;139;19;Tommaso;De Luca;;72;207;2004-12-29;Aosta;VAL;Italy;Switzerland;;0
6477;59;1;Luke;McPhee;;73;209;2005-3-4;Dartmouth;NS;The United States;;;0
6478;151;152;Oliver;Bonk;;74;223;2005-1-9;Ottawa;ON;Canada;;;0
6479;156;154;Maxim;Strb·k;;75;213;2005-4-13;Kosice;KOS;Slovakia;;;0
6480;156;154;Justin;Solovey;;76;219;2004-11-29;Holmdel;NJ;The United States;;;0
6481;34;2;William;Whitelaw;;71;203;2005-2-5;Rosemount;OH;The United States;;;0
6482;139;19;Vojtech;Husineck˝;;71;201;2005-8-29;Chomutov;UST;Czech Republic;;;0
6483;55;9;Jack;Martin;;74;211;2005-2-10;Airdrie;AB;Canada;;;0
6484;125;124;Dmitri;Simashev;;77;218;2005-2-4;Kostroma;KOS;Russia;;;0
6485;-1;-1;C;S;;73;187;2005-4-11;Charlottetown;PE;Canada;;;0
6486;-1;-1;Paul;Minnehan;;73;200;2003-4-9;Cypress;CA;The United States;;;0
6487;56;21;Andrew;Lacroix;;75;228;2005-4-25;West Vancouver;BC;Canada;;;0
6488;148;30;David;Edstrom;;75;223;2005-2-18;Gˆteborg;V‰S;Sweden;;;0
6489;156;154;Zeb;Forsfj‰ll;;70;197;2005-1-16;SkellefteÂ;V‰S;Sweden;;;0
6490;135;2;Dominik;Petr;;75;231;2005-4-30;Ostrava;MOR;Czech Republic;;;0
6491;132;12;Jan;Korec;;74;222;2004-9-28;Bratislava;BRA;Slovakia;;;0
6492;132;12;Harper;Bentz;;72;202;2004-11-29;Moorhead;MN;The United States;;;0
6493;31;31;Alessio;Beglieri;;71;200;2004-1-5;Biel;BE;Switzerland;Italy;;0
6494;148;30;Tom;Willander;;74;222;2005-2-9;Stockholm;STO;Sweden;;;0
6495;126;124;Noa;Vali;;72;180;2005-4-19;Forssa;KAN;Finland;;;0
6496;148;30;Francois;Devilliers;;71;202;2005-2-16;Irvine;CA;The United States;;;0
6497;55;9;Kai;Knak;;74;222;2004-11-11;Kloten;ZH;Switzerland;;;0
6498;1;1;Noah;Chadwick;;74;208;2005-5-10;Saskatoon;SK;Canada;;;0
6499;139;19;Josh;Van Mulligen;;74;204;2005-7-26;Medicine Hat;AB;Canada;;;0
6500;40;20;Gavin;McCarthy;;73;216;2005-6-2;Clarence Center;NY;The United States;;;0
6501;27;27;Grayden;Daul;;73;216;2003-1-31;Chicago;IL;The United States;;;0
6502;41;41;Grayden;Slipec;;70;195;2005-3-6;Surrey;BC;Canada;;;0
6503;-1;-1;Jayden;Perron;;72;172;2005-1-11;Winnipeg;MB;Canada;;;0
6504;30;30;Logan;Renkowski;;71;201;2005-8-13;Nesconset;NY;The United States;;;0
6505;126;124;Teddy;Townsend;;72;208;2005-9-2;Eden Prairie;MN;The United States;;;0
6506;36;3;Anton;Topilnyckyj;;74;200;2005-1-4;Oromocto;NB;Canada;;;0
6507;14;14;Noah;Dower Nilsson;;72;207;2005-4-25;Strˆmstad;V‰S;Sweden;;;0
6508;148;30;Vojtech;Port;;74;221;2005-8-3;Jihlava;VYS;Czech Republic;;;0
6509;17;17;Arjun;Bawa;;74;222;2005-5-10;Richmond;BC;Canada;;;0
6510;142;23;Rui;Han;;72;206;2007-2-23;Seattle;WA;The United States;;;0
6512;156;154;Sean;Keohane;;77;223;2004-11-4;Milton;MA;The United States;;;0
6513;138;24;Milton;Gastrin;;74;216;2007-6-2;÷rnskˆldsvik;V‰S;Sweden;;;0
6514;-1;-1;Mathieu;Pelletier;;70;184;2005-3-1;Brampton;ON;Canada;;;0
6515;23;23;Kaidan;Mbereko;;71;202;2003-7-28;West Bloomfield Township;MI;The United States;;;0
6516;-1;-1;Alexei;Prokopenko;;71;183;2003-1-29;Plavsk;TUL;Russia;;;0
6517;-1;-1;C;B;;71;181;2005-1-10;Ottawa;ON;Canada;;;0
6518;136;10;Jan;äprynar;;74;197;2005-2-26;Zatec;UST;Czech Republic;;;0
6519;36;3;Gracyn;Sawchyn;;71;202;2005-1-19;Edmonton;AB;The United States;Canada;;0
6520;20;20;Daniil;Dolzhenko;;72;210;2004-8-31;Omsk;OMS;Russia;;;0
6521;32;23;Braydon;Beahm;;76;228;2004-7-30;Waupun;WI;The United States;;;0
6522;1;1;Luca;Hauf;;71;202;2004-1-11;Krefeld;NOR;Germany;;;0
6523;129;27;Danny;Nelson;;75;226;2005-8-3;Maple Grove;MN;The United States;;;0
6524;-1;-1;Pavel;äimek;;71;167;2005-1-14;VsetÌn;ZLN;Czech Republic;;;0
6525;145;3;Malcolm;Green;;76;231;2005-5-14;Bedford;QC;Canada;;;0
6526;-1;-1;Jordin;Palmer;;72;209;2004-1-6;Auburn;NH;The United States;;;0
6527;10;10;Yegor;Zavragin;;75;231;2005-8-23;Novosibirsk;NOV;Russia;;;0
6528;1;1;Jack;Willson;;71;206;2005-4-15;Northville;NY;The United States;;;0
6529;127;31;Anton;Wahlberg;;76;209;2005-7-4;Malmˆ;SKÂ;Sweden;;;0
6530;37;27;Marcus;Broberg;;72;189;2003-10-23;÷rebro;÷RE;Sweden;;;0
6531;-1;-1;Christopher;Battaini;;72;186;2005-6-27;Pittsfield;IL;The United States;;;0
6532;130;14;Michael;DeAngelo;;74;223;2004-11-18;Itasca;IL;The United States;;;0
6533;62;31;Markas;SamÈnas;;78;244;2004-2-2;Stockholm;STO;Sweden;;;0
6534;43;43;Jayden;Jubenvill;;72;209;2003-6-19;Prince George;BC;Canada;;;0
6535;127;31;Bradly;Nadeau;;71;200;2005-5-5;Boucherville;QC;Canada;;;0
6536;48;14;David;Klee;;76;231;2005-5-10;Castle Rock;WA;The United States;;;0
6537;33;12;Max;Nagel;;71;194;2004-6-30;West St. Paul;MN;The United States;;;0
6538;-1;-1;O;S;;71;180;2004-9-28;Gilbert;AZ;The United States;;;0
6539;127;31;Noah;Erliden;;74;206;2005-9-9;Jˆnkˆping;JˆN;Sweden;;;0
6540;57;12;Joe;Gramer;;72;209;2005-7-14;Moorhead;MN;The United States;;;0
6541;133;26;Brady;Turner;;73;216;2007-1-1;Baton Rouge;LA;The United States;;;0
6542;153;152;Nick;Ring;;71;203;2003-10-26;Hingham;MA;The United States;;;0
6543;-1;-1;T;G;;75;225;2005-5-13;Fort St. James;BC;Canada;;;0
6544;153;153;Brandon;Hilton;;71;204;2005-6-13;Rochester Hills;MI;The United States;;;0
6545;34;2;Thomas;Kiesewetter;;80;217;2005-1-2;Novokuznetsk;KEM;The United States;Russia;;0
6546;132;12;Preston;Lounsbury;;74;209;2005-4-12;Salisbury;NB;Canada;;;0
6547;148;30;Francesco;Dell'Elce;;72;208;2005-5-31;Toronto;ON;Canada;;;0
6548;48;14;Kalle;Carlsson;;72;208;2005-5-31;Toronto;ON;Canada;;;0
6549;1;1;Luke;Ashton;;77;237;2005-1-21;North Vancouver;BC;Canada;;;0
6550;9;9;Rylan;Brown;;73;185;2005-4-16;Sherwood Park;AB;Canada;;;0
6551;23;23;Blake;Ekren-Bratton;;74;210;2005-4-16;Porcupine Plain;SK;Canada;;;0
6552;132;12;Ryan;Michael;;74;213;2005-2-5;Langley;BC;Canada;;;0
6553;132;12;Nate;Misskey;;75;223;2005-1-12;Melfort;SK;Canada;;;0
6554;36;3;Liam;Saxberg;;71;205;2005-4-18;Winnipeg;MB;Canada;;;0
6555;136;10;Oscar;Fisker M¯lgaard;;73;163;2005-2-18;Frederikshavn;NOR;Denmark;;;0
6556;132;12;Damon;Bickler;;70;196;2005-3-8;Flower Mound;TX;The United States;;;0
6557;-1;-1;Ryan;Fine;;73;190;2005-3-14;Center Moriches;NY;The United States;;;0
6558;151;152;Joseph;Willis;;72;193;2005-3-14;Elmhurst;IL;The United States;;;0
6559;156;154;Joel;Svensson;;75;224;2005-4-15;Oskarshamn;KAL;Sweden;;;0
6560;1;1;Jonah;MacDonald;;75;227;2005-3-18;Charlottetown;PE;Canada;;;0
6561;-1;-1;Jesse;Nurmi;;71;206;2005-3-7;Valkeala;KYM;Finland;;;0
6562;34;2;Thomas;Klochkov;;71;202;2005-3-30;Fort Lee;NJ;The United States;;;0
6563;-1;-1;Jackson;Anderson;;74;208;2004-2-26;Prior Lake;MN;The United States;;;0
6564;-1;-1;Tom·ö;Holecek;;73;189;2005-3-13;Pribram;STR;Czech Republic;;;0
6565;20;20;Timur;Mukhanov;;71;202;2005-6-17;Glazov;UDM;Russia;;;0
6566;32;23;Jordan;Gudridge;;71;202;2005-6-28;Greenwood Village;CO;The United States;;;0
6567;7;7;Alexander;Giuliano;;74;209;2004-6-6;Providence;RI;The United States;;;0
6568;-1;-1;Nikita;Zozulia;;71;174;2005-5-2;Kyiv;KYI;Ukraine;The United States;;0
6569;-1;-1;Oliver;Moberg;;75;201;2003-2-23;Stockholm;STO;Sweden;;;0
6570;-1;-1;K;K;;73;184;2005-1-10;Ottawa;ON;Canada;;;0
6571;50;50;Brandon;Bussi;;77;214;1998-6-25;Sound Beach;NY;The United States;;;0
6572;104;104;Carter;Haney;;71;204;2008-4-16;Winnipeg;MB;Canada;;;0
6573;-1;-1;Sergey;Mironov;;71;201;2008-7-2;Khabarovsk;KHA;Russia;;;0
6574;92;124;Hudson;Getzlaf;;72;209;2008-2-20;Kelowna;BC;Canada;;;0
6575;-1;-1;Lukas;Sramek;;74;219;2007-9-27;Prague;PRA;Czech Republic;;;0
6576;96;26;Oliver;Vanha;;71;202;2009-4-22;ZlÌn;ZLN;Czech Republic;;;0
6577;130;14;Ladislav;Urban;;76;231;2007-9-7;Liberec;LIB;Czech Republic;;;0
6578;-1;-1;Libor;Kudrna;;72;210;2008-3-30;Trebechovice pod Orebem;KRA;Czech Republic;;;0
6579;-1;-1;Fabien;Golay;;72;210;2008-6-20;Neuch‚tel;NE;Switzerland;;;0
6580;-1;-1;Bradley;von Mayer;;76;207;2007-8-21;Cross Lanes;WV;The United States;;;0
6581;98;98;Nate;Van De Velde;;73;211;2008-1-25;Toronto;ON;Canada;;;0
6582;95;30;Brayden;Thompson;;71;198;2008-1-1;Winnipeg;MB;Canada;;;0
6583;-1;-1;Heiki;Kiil;;71;203;2007-8-27;Karagay;PER;Russia;;;0
6584;-1;-1;Jean-SÈbastien;Raymond;;77;209;2008-1-4;Montreal;QC;Canada;;;0
6585;143;18;Nathan;Wright;;72;202;2007-11-18;Blainville;QC;Canada;;;0
6586;131;1;Kyle;Heger;;71;205;2007-9-21;Eagan;MN;The United States;;;0
6587;93;3;Isac;Karlsson;;74;222;2008-8-20;H‰rnˆsand;V‰S;Sweden;;;0
6588;96;124;Gavin;Lesiuk;;76;231;2008-1-14;Duncan;BC;Canada;;;0
6589;144;8;Riley;Steen;;72;197;2008-9-7;Victoria;BC;Canada;;;0
6590;27;27;Ryan;Brown;;72;204;2007-10-26;Barrie;ON;Canada;;;0
6591;99;99;Alfons;Oberg;;74;221;2008-4-3;÷rnskˆldsvik;V‰S;Sweden;;;0
6592;32;32;Gavin;Karl;;70;200;2008-7-20;Excelsior;MN;The United States;;;0
6593;127;31;Eddy;Doyle;;76;209;2007-11-8;Fredericton;NB;Canada;;;0
6594;149;149;Robert;Vrany;;71;195;2007-7-20;Liberec;LIB;Czech Republic;;;0
6595;94;94;Nathan;Barclay;;71;202;2008-3-6;Langley;BC;Canada;;;0
6596;-1;-1;Andy;Moser;;72;181;2007-8-6;Oklahoma City;OK;The United States;;;0
6597;85;18;Max;Laatikainen;;71;194;2008-9-14;Karlstad;V‰R;Finland;;;0
6598;-1;-1;Thomas;Boeuf;;74;219;2008-3-2;VitrÈ;BRI;France;;;0
6599;140;17;Elton;Hermansson;;76;232;2008-2-5;÷rnskˆldsvik;V‰S;Sweden;;;0
6600;87;3;Nolan;Saunderson;;73;201;2008-1-1;Brandon;MB;Canada;;;0
6601;-1;-1;Kyle;Vokes;;73;192;2007-12-28;Mississauga;ON;Canada;;;0
6602;-1;-1;Tom·s;Kubalak;;75;206;2007-9-10;Karvina;MOR;Czech Republic;;;0
6603;150;150;Dan;Harper;;72;206;2008-7-2;Brooklin;ON;Canada;;;0
6604;127;31;Luka;Graziano;;73;196;2007-10-24;Toronto;ON;Canada;;;0
6605;2;2;Parker;Trottier;;76;209;2008-3-13;Edina;MN;The United States;;;0
6606;-1;-1;Daniel;Spunda;;72;207;2007-9-25;Jihlava;VYS;Czech Republic;;;0
6607;86;86;Erik;Grˆnman;;78;236;2008-6-28;Raisio;SOU;Finland;;;0
6608;103;103;Dallin;Antos;;71;201;2008-1-2;Red Deer;AB;Canada;;;0
6609;-1;-1;Mike;Hume;;72;213;2008-5-11;Barrie;ON;Canada;;;0
6610;-1;-1;J·n;SzabÛ;;74;198;2008-2-1;Trstena;ZIL;Slovakia;;;0
6611;-1;-1;Dan;West;;72;203;2007-12-14;Teague;TX;The United States;;;0
6612;151;152;Giorgos;Pantelas;;76;223;2008-4-24;Laval;QC;Canada;;;0
6613;-1;-1;Marko;Hartikainen;;74;221;2008-5-4;Kiiminki;NOS;Finland;;;0
6614;99;99;North;McKee;;75;226;2008-4-3;Dallas;TX;The United States;;;0
6615;-1;-1;Sergey;Mazitov;;76;226;2007-12-13;Petropavl;SOL;Kazakhstan;;;0
6616;140;140;Nicholas;Leiter;;72;207;2007-12-24;Whitby;ON;Canada;;;0
6617;-1;-1;Manuel;Krˆll;;76;204;2007-10-20;Vienna;WIE;Austria;;;0
6618;-1;-1;Vadym;Bezuhlyi;;71;202;2007-11-2;Izmayil;ODE;Ukraine;;;0
6619;104;3;Liam;Eisnor;;74;220;2008-4-23;Toronto;ON;Canada;;;0
6620;62;62;Cody;Scott;;75;226;2008-1-23;Halifax;NS;Canada;;;0
6621;88;88;Kohyn;Eshkawkogan;;71;204;2008-11-19;Windsor;ON;Canada;;;0
6622;127;31;Caylen;Blake;;73;211;2008-1-1;Corner Brook;NL;Canada;;;0
6623;149;149;Greg;Dusick;;72;210;2007-8-19;Richmond;BC;Canada;;;0
6624;134;21;Noah;McKinnon;;71;203;2007-11-22;Quebec City;QC;Canada;;;0
6625;-1;-1;William;Hakansson;;76;216;2007-10-8;Solna;STO;Sweden;;;0
6626;129;27;Jaiden;Newton;;71;202;2007-10-13;Whitby;ON;Canada;;;0
6627;-1;-1;Filip;Jandik;;71;179;2008-4-15;KromerÌz;ZLN;Czech Republic;;;0
6628;-1;-1;Geoff;Vye;;75;213;2007-8-9;Toronto;ON;Canada;;;0
6629;87;87;Luca;Blonda;;71;204;2008-11-25;Sault Ste. Marie;ON;Canada;;;0
6630;-1;-1;Martin;Stone;;73;207;2008-2-17;Boulder;CO;The United States;;;0
6631;103;103;Wade;Franks;;73;215;2008-2-29;Toronto;ON;Canada;;;0
6632;-1;-1;Brett;Stoddard;;72;201;2007-8-25;Prince Rupert;BC;Canada;;;0
6633;-1;-1;Quinn;Hale;;72;206;2007-7-9;Waterloo;ON;Canada;;;0
6634;59;1;Emile;Ricard;;71;198;2007-11-18;Drummondville;QC;Canada;;;0
6635;137;28;Matt;Williams;;73;217;2008-1-25;Leduc;AB;Canada;;;0
6636;136;136;Filip;Novak;;72;198;2007-10-9;Jindrichuv Hradec;JIH;Czech Republic;;;0
6637;-1;-1;Yanni;Hadfield;;74;220;2007-7-24;Liverpool;NS;Canada;;;0
6638;-1;-1;Phil;King;;74;195;2007-8-26;Newmarket;ON;Canada;Russia;;0
6639;94;94;Dante;Tyler;;74;219;2010-6-20;Burlington;ON;Canada;;;0
6640;0;0;Cohen;Harris;;72;201;2008-7-5;Humboldt;SK;Canada;;;0
6641;90;90;Mark;Seel;;72;209;2010-3-9;Durlangen;BAD;Germany;;;0
6642;-1;-1;Morris;J‰ger;;73;213;2007-12-11;Bern;BE;Switzerland;;;0
6643;-1;-1;Corazon;Nery;;74;225;2007-11-1;Toronto;ON;Canada;;;0
6644;95;95;Derek;Nesbitt;;73;215;2008-5-26;Ottawa;ON;Canada;;;0
6645;-1;-1;Otto;Bruun;;72;194;2008-4-2;Lieto;SOU;Finland;;;0
6646;130;14;Cole;Bumgarner;;75;227;2008-4-25;Shakopee;MN;The United States;;;0
6647;96;96;Craig;Meehan;;71;201;2008-3-6;Prince George;BC;Canada;;;0
6648;131;1;Axel;Elofsson;;71;186;2008-6-3;Ulricehamn;V‰S;Sweden;;;0
6649;147;147;Joe;Hartley;;75;225;2007-9-20;Loranger;LA;The United States;;;0
6650;103;103;Jakub;Z·ruba;;72;208;2009-5-28;Ostrava;MOR;Czech Republic;;;0
6651;-1;-1;Max;Waern;;73;201;2007-9-27;Varberg;HAL;Sweden;;;0
6652;125;124;Rhys;Jamieson;;72;207;2008-2-3;Calgary;AB;Canada;;;0
6653;-1;-1;Lorenzo;Ritchie;;74;212;2008-3-16;Timmins;ON;Canada;;;0
6654;100;100;William;Scott;;73;215;2008-5-3;Kelowna;BC;Canada;;;0
6655;-1;-1;Anthony;Vaillancourt;;72;207;2008-3-31;Sherbrooke;QC;Canada;;;0
6656;131;1;Alexis;Fortin;;75;227;2007-10-4;Montreal;QC;Canada;;;0
6657;99;99;Trevor;Hill;;71;203;2008-8-2;San Antonio;TX;The United States;;;0
6658;-1;-1;RomÈo;Langlois;;77;210;2008-1-4;Hamilton;ON;Canada;;;0
6659;96;96;Jean;Luciani;;73;213;2008-4-12;Richmond;BC;Canada;;;0
6660;0;0;Caine;Wilkie;;72;210;2008-3-1;Saskatoon;SK;Canada;;;0
6661;-1;-1;Lynn;Coleman;;75;195;2007-12-9;East Los Angeles;CA;The United States;;;0
6662;88;88;Robin;Snajdr;;72;209;2010-6-2;Rakvice;JHM;Czech Republic;;;0
6663;-1;-1;David;Drolet;;72;188;2008-1-17;Montreal;QC;Canada;;;0
6664;134;21;William;Degagne;;72;183;2008-5-6;Saskatoon;SK;Canada;;;0
6665;-1;-1;Barna;Kanyaurek;;71;202;2007-7-20;Senec;BRA;Slovakia;;;0
6666;90;90;Fabian;Merkle Rohdin;;72;211;2008-3-26;Ljungby;KRO;Sweden;;;0
6667;-1;-1;Andrey;Andarapov;;76;226;2008-5-18;Daugavpils;DAU;Latvia;;;0
6668;146;146;Brian;Morencie;;75;226;2007-11-24;Chilliwack;BC;Canada;;;0
6669;32;32;Patrik;Krajdl;;73;213;2007-12-24;Koprivnice;MOR;Czech Republic;;;0
6670;-1;-1;Justin;Fillman;;75;225;2008-3-13;Mississauga;ON;Canada;;;0
6671;-1;-1;Dzmitry;Yuzvovich;;73;209;2008-5-15;Kˆping;V‰S;Sweden;Belarus;;0
6672;-1;-1;Michal;Zlatnik;;75;213;2008-2-3;ZlÌn;ZLN;Czech Republic;;;0
6673;-1;-1;Greg;Towle;;72;209;2007-8-10;Poway;CA;The United States;;;0
6674;135;2;Wesley;Royston;;77;241;2007-11-22;Barrie;ON;Canada;;;0
6675;146;146;Pierre;Courtois;;72;207;2008-5-11;Abbotsford;BC;Canada;;;0
6676;-1;-1;Yevgeny;Makiyevsky;;71;197;2008-5-15;Aqtˆbe;AKT;Kazakhstan;;;0
6677;91;21;Dietmar;Schmidt;;74;219;2008-10-25;Manching;BAV;Germany;;;0
6678;137;28;Jˆrg;Kohler;;71;202;2007-9-3;Gaiserwald;SG;Switzerland;;;0
6679;101;101;Kue-Gene;Park;;73;210;2008-1-28;Los Angeles;CA;The United States;;;0
6680;-1;-1;Martin;Maloney;;73;209;2007-7-8;Markham;ON;Canada;;;0
6681;101;101;Ty;Bonkowski;;71;204;2008-7-9;Richmond;BC;Canada;;;0
6682;38;38;Aaron;Slavik;;75;227;2008-3-23;Ottawa;ON;Canada;;;0
6683;140;140;Dave;Maxfield;;74;204;2008-5-25;Stratford;ON;Canada;;;0
6684;136;10;Patrick;Sopiarz;;74;220;2008-3-5;Edmonton;AB;Canada;;;0
6685;-1;-1;Stefan;Cierny;;78;232;2008-1-10;Galanta;TRN;Slovakia;;;0
6686;-1;-1;Alexandre;Daigneault;;74;217;2008-3-7;New Richmond;QC;Canada;;;0
6687;87;87;Parker;Snell;;74;216;2008-4-21;St. Albert;AB;Canada;;;0
6688;18;18;Dominic;Pajkic;;71;203;2008-1-1;St. Clair;MI;The United States;;;0
6689;146;146;Jake;Langrill;;74;220;2008-1-15;Mississauga;ON;Canada;;;0
6690;104;104;Vanek;Popil;;74;220;2008-5-14;Edmonton;AB;Canada;;;0
6691;-1;-1;Mike;West;;74;224;2007-9-12;Los Angeles;CA;The United States;;;0
6692;-1;-1;Keven;SouliËres;;70;178;2007-8-22;Sherbrooke;QC;Canada;;;0
6693;136;10;Viljo;Kahkonen;;75;211;2008-2-19;Helsinki;UUS;Finland;;;0
6694;-1;-1;Oliver;Kralik;;74;216;2008-3-9;Partizanske;TRE;Slovakia;;;0
6695;-1;-1;Charles-Anthony;Tanguay;;75;226;2007-9-16;Fermont;QC;Canada;;;0
6696;-1;-1;Steve;Parker;;79;235;2008-5-28;Indianapolis;IN;The United States;;;0
6697;-1;-1;Tyler;Bull;;76;222;2008-4-6;Oakville;ON;Canada;;;0
6698;131;1;Kohen;Volk;;71;203;2008-4-16;Saskatoon;SK;Canada;;;0
6699;149;149;Artyom;Gruzdev;;71;204;2007-9-18;Balashov;SAR;Russia;;;0
6700;148;30;Olivier;Duhamel;;72;208;2007-11-22;Longueuil;QC;Canada;;;0
6701;-1;-1;Roman;Pistelak;;72;207;2008-6-1;Karvina;MOR;Czech Republic;;;0
6702;99;124;Dylan;Rozzi;;72;208;2008-3-8;Kirkland;QC;Canada;;;0
6703;85;19;Cameron;Kuzma;;74;220;2008-7-17;St. Albert;AB;Canada;;;0
6704;-1;-1;Jordan;Corbin;;73;213;2008-7-2;Brantford;ON;Canada;;;0
6705;86;86;Luke;Wilfley;;73;214;2008-6-30;Colorado Springs;CO;The United States;;;0
6706;-1;-1;Adam;Shishido;;72;206;2007-8-8;Granby;QC;Canada;;;0
6707;-1;-1;Mathew;Jones;;71;202;2008-2-21;Richmond Hill;ON;Canada;;;0
6708;-1;-1;Alex;Di Bella;;75;225;2008-1-7;Waterloo;ON;Canada;;;0
6709;88;88;Luca;Cannata;;71;202;2008-1-21;Commack;NY;The United States;;;0
6710;131;1;Eli;Barrett;;73;206;2008-4-11;Surrey;BC;Canada;;;0
6711;136;10;Dennis;Emesibe;;73;213;2008-6-16;Calgary;AB;Canada;The United States;;0
6712;-1;-1;Pascal;Coutu;;76;218;2007-7-15;Saint-Jovite;QC;Canada;;;0
6713;140;17;Harrison;Boettiger;;73;216;2007-12-11;Arvada;CO;The United States;;;0
6714;128;128;Joseph;Greer;;76;221;2007-9-29;West St. Paul;MN;The United States;;;0
6715;-1;-1;Maxime;Deveault;;73;191;2008-4-5;Kahnawake;QC;Canada;;;0
6716;100;100;Cooper;Williams;;73;216;2008-2-18;Calgary;AB;Canada;;;0
6717;26;26;Hjalmar;Cilthe;;73;212;2008-3-10;Solna;STO;Sweden;;;0
6718;-1;-1;Jan;Chalupnicek;;76;229;2007-12-23;Prague;PRA;Czech Republic;;;0
6719;12;12;Jake;Missura;;73;215;2008-6-7;Saskatoon;SK;Canada;;;0
6720;88;88;Owen;Cooper;;71;206;2008-8-11;Calgary;AB;Canada;;;0
6721;131;1;Ivan;Matta;;71;204;2008-1-11;HumennÈ;PRE;Slovakia;;;0
6722;146;146;Norm;Coon;;73;212;2008-1-5;Saskatoon;SK;Canada;;;0
6723;-1;-1;John;Stairs;;75;200;2008-7-4;Winnipeg;MB;Canada;;;0
6724;98;98;Bosse;Meijer;;71;226;2008-12-17;V‰sterÂs;V‰S;Sweden;;;0
6725;-1;-1;Jason;Sauers;;72;207;2007-9-25;Georgina;ON;Canada;;;0
6726;-1;-1;Alex;Zaharko;;71;194;2008-2-26;London;ON;Canada;;;0
6727;-1;-1;Karel;Vitous;;72;208;2008-1-14;CeskÈ Budejovice;JIH;Czech Republic;;;0
6728;89;89;Jimmy;Egan;;73;213;2008-3-19;Mahtomedi;MN;The United States;;;0
6729;-1;-1;Todd;Gaskin;;74;209;2007-8-14;Bashaw;AB;Canada;;;0
6730;-1;-1;Jiri;Pohl;;72;211;2007-11-19;Pardubice;PAR;Czech Republic;;;0
6731;145;145;Antoine;Gagnon;;74;220;2008-5-4;LÈvis;QC;Canada;;;0
6732;-1;-1;David;Chalupka;;75;226;2008-3-27;Ostrava;MOR;Czech Republic;;;0
6733;133;26;Matthew;Dowdall;;73;219;2008-7-30;Coquitlam;BC;Canada;;;0
6734;145;3;Brayden;Klimpke;;72;182;2007-10-8;Calgary;AB;Canada;;;0
6735;126;124;Ossi;Tukio;;74;208;2007-11-3;Tampere;PIR;Finland;;;0
6736;-1;-1;Pavel;Havelka;;71;201;2007-10-29;KolÌn;STR;Czech Republic;;;0
6737;-1;-1;Ronald;Wade;;72;207;2007-7-18;Tampa;FL;The United States;;;0
6738;149;149;Bob;Smith;;74;217;2007-7-23;Houston;TX;The United States;;;0
6739;77;10;Oscar;Holmertz;;72;207;2008-3-21;Linkˆping;÷ST;Sweden;;;0
6740;74;74;Jim;Graham;;73;213;2008-3-12;El Paso;TX;The United States;;;0
6741;144;8;Nickolas;Kovich;;75;229;2008-1-1;Vancouver;BC;Canada;;;0
6742;-1;-1;Michael;Fullerton;;75;227;2008-2-8;Highland (Lake County);IN;The United States;;;0
6743;133;26;Josh;Lee;;71;201;2008-1-10;North Vancouver;BC;Canada;;;0
6744;83;83;Daniel;Peate;;71;205;2008-7-28;Los Angeles;CA;The United States;;;0
6745;-1;-1;Brennan;Stapleton;;74;203;2008-6-13;Sarnia;ON;Canada;;;0
6746;-1;-1;Konstantin;Tlupov;;71;201;2007-7-22;Zheleznodorozhnyy;MOS;Russia;;;0
6747;150;150;Cody;Budge;;71;203;2007-9-1;Kamloops;BC;Canada;;;0
6748;-1;-1;Vladimir;Matousek;;76;216;2008-5-28;Prague;PRA;Czech Republic;;;0
6749;-1;-1;Nils;Frank;;73;213;2008-2-19;Prerov;OLO;Czech Republic;;;0
6750;72;72;Ladislav;Macko;;75;225;2009-12-12;NovÈ Zamky;NIT;Slovakia;;;0
6751;81;1;Townes;Kozicky;;71;203;2008-7-30;Calgary;AB;Canada;;;0
6752;79;19;Barret;Berger;;72;210;2008-1-14;Saskatoon;SK;Canada;;;0
6753;131;131;Scott;Williams;;71;198;2007-11-6;Collingwood;ON;Canada;;;0
6754;-1;-1;Alyaksandr;Chasnowski;;73;191;2008-2-5;Dobrush;GOM;Belarus;;;0
6755;71;71;Phoenix;Cahill;;73;215;2008-7-7;Cottage Grove;MN;The United States;;;0
6756;-1;-1;J.P;Gloade;;75;226;2008-3-31;Hamilton;ON;Canada;;;0
6757;135;2;Chase;Petersen;;72;208;2008-5-19;St. Catharines;ON;Canada;;;0
6758;57;12;Jared;Harding;;71;201;2007-12-5;Toronto;ON;Canada;;;0
6759;133;26;Brody;Gillespie;;73;212;2008-2-16;Portland;OR;The United States;Canada;;0
6760;134;134;Gabriel;Racine;;71;201;2008-3-2;Montreal;QC;Canada;;;0
6761;-1;-1;Harrison;Caten;;72;204;2007-12-16;Penticton;BC;Canada;Kazakhstan;;0
6762;-1;-1;Derek;Moran;;72;207;2007-7-24;Sutton;ON;Canada;;;0
6763;151;151;Dan;Frandsen;;71;201;2007-9-2;Ottawa;ON;Canada;;;0
6764;131;1;Cameron;Dillard;;75;225;2008-5-15;Arlington;TX;The United States;;;0
6765;84;124;Tobias;Krestan;;71;203;2008-1-4;Hanau;HES;Germany;Czech Republic;;0
6766;70;70;Lukas;Ruzek;;74;218;2008-8-25;Pribram;STR;Czech Republic;;;0
6767;-1;-1;RamÛn;Baez;;73;208;2008-4-13;Livonia;MI;The United States;;;0
6768;135;2;Jordan;Duguay;;72;208;2008-2-16;Edmonton;AB;Canada;;;0
6769;-1;-1;Gerald;Palmer;;72;207;2007-8-8;Mission;TX;The United States;;;0
6770;146;146;LÈo;Leray;;71;204;2008-3-26;Chilliwack;BC;Canada;;;0
6771;72;30;Logan;Jugnauth;;74;211;2008-2-19;Saskatoon;SK;Canada;;;0
6772;-1;-1;Michael;Keca;;71;209;2007-8-28;Vaughan;ON;Canada;;;0
6773;-1;-1;Ken;Warner;;72;210;2007-11-28;Kapolei;HI;The United States;;;0
6774;128;128;Dave;Rhinehart;;73;218;2008-5-12;Fort Wayne;IN;The United States;;;0
6775;-1;-1;Veli;Rajaniemi;;75;227;2008-6-5;Espoo;UUS;Finland;;;0
6776;45;28;Caelan;Joudrey;;77;239;2008-1-17;Airdrie;AB;Canada;;;0
6777;80;80;Nathan;Chorlton;;72;210;2008-6-18;Hastings;MN;The United States;;;0
6778;-1;-1;Filip;Hradsky;;73;216;2008-3-4;Senec;BRA;Slovakia;;;0
6779;-1;-1;Alexander;Hellberg;;74;220;2008-1-20;Staffanstorp;SKÂ;Sweden;;;0
6780;41;7;Kalder;Varga;;72;212;2008-1-1;Geneva;IL;The United States;Hungary;;0
6781;146;146;Antoine;Kirouac;;75;228;2008-6-6;Cape Breton Regional Municipality;NS;Canada;;;0
6782;-1;-1;Michal;Males;;75;210;2007-7-21;Bratislava;BRA;Slovakia;;;0
6783;-1;-1;Kevin;Holtby;;72;211;2008-5-4;Whitecourt;AB;Canada;;;0
6784;143;18;Ben;Tonge;;71;187;2007-10-16;Edmonton;AB;Canada;;;0
6785;-1;-1;Larry;Whitley;;71;182;2008-2-8;Emmitsburg;MD;The United States;;;0
6786;-1;-1;Tyler;Hodgson;;73;201;2007-8-6;Salaberry-de-Valleyfield;QC;Canada;;;0
6787;-1;-1;Jan;Kocir;;71;178;2007-12-16;Prague;PRA;Czech Republic;;;0
6788;78;78;Ethan;Patterson;;75;201;2008-1-2;Fort Saskatchewan;AB;Canada;;;0
6789;66;66;Gintaras;Mikulenas;;71;213;2009-3-31;Kaunas;KAU;Lithuania;;;0
6790;136;10;Zane;Torre;;73;215;2008-4-14;Anaheim;CA;The United States;;;0
6791;-1;-1;Devin;Engel;;72;207;2007-7-24;Tamiami;FL;The United States;;;0
6792;-1;-1;Pascal;Stoller;;75;229;2008-6-16;Arlesheim;BL;Switzerland;;;0
6793;63;63;Fabian;Meier;;71;201;2008-6-3;Nendaz;VS;Switzerland;;;0
6794;75;26;Quinn;Kipfer;;74;224;2008-1-1;Cambridge;ON;Canada;;;0
6795;63;63;Dermot;Johnston;;74;222;2008-5-4;Olds;AB;Canada;;;0
6796;-1;-1;Andy;Casper;;71;201;2007-10-3;Winnipeg;MB;Canada;;;0
6797;146;146;Cole;DeGagne;;75;223;2008-3-8;Toronto;ON;Canada;;;0
6798;140;140;Patrick;McLoughlin;;72;213;2008-3-8;Stephenville Crossing;NL;Canada;;;0
6799;-1;-1;Lukas;Semotan;;73;217;2008-1-2;Brno;JHM;Czech Republic;China;;0
6800;65;65;Marcus;Nordmark;;74;217;2008-5-4;T‰by;STO;Sweden;;;0
6801;80;80;Ryan;McEwan;;71;204;2008-2-21;Ottawa;ON;Canada;;;0
6802;-1;-1;Bob;Rancourt;;74;222;2008-1-2;Sudbury;ON;Canada;;;0
6803;-1;-1;Khayder;Nafigin;;75;211;2008-3-12;Meleuz;BAS;Russia;;;0
6804;139;139;Caleb;Beaudin;;74;215;2008-4-18;Pierreville;QC;Canada;;;0
6805;-1;-1;Andrey;Matkov;;72;210;2008-6-21;Daugavpils;DAU;Latvia;;;0
6806;78;78;Mason;Fauser;;73;213;2008-5-13;Shaunavon;SK;Canada;;;0
6807;-1;-1;Tony;Durban;;73;215;2007-10-12;Quebec City;QC;Canada;;;0
6808;-1;-1;Michael;HylÈn;;77;215;2007-9-19;Kung‰lv;V‰S;Sweden;;;0
6809;-1;-1;Tyson;Neilson;;72;210;2007-7-17;Cambridge;ON;Canada;;;0
6810;141;141;Tom;Whitson;;74;213;2007-9-12;Toronto;ON;Canada;;;0
6811;45;28;Cruz;Waltze;;73;202;2008-9-3;Richland;WA;The United States;Canada;;0
6812;-1;-1;Sebastian;Jensen;;75;203;2008-6-8;Taastrup;COP;Denmark;;;0
6813;130;14;John;Lambert;;75;198;2008-1-1;Grafton;MA;The United States;;;0
6814;-1;-1;Aleksandr;Pommer;;72;195;2008-3-22;Tallinn;HAR;Estonia;;;0
6815;-1;-1;Jordan;Selwood;;73;214;2008-4-13;Bluewater;ON;Canada;;;0
6816;-1;-1;Oliver;Sjˆgren;;72;208;2008-1-6;Karlstad;V‰R;Sweden;;;0
6817;137;137;Rowan;McCord;;74;222;2008-4-15;Kennewick;WA;The United States;;;0
6818;-1;-1;Janis;Vejs;;73;214;2007-9-22;Jelgava;JEL;Latvia;;;0
6819;-1;-1;Denis;Yachmenkov;;74;220;2008-1-22;Sobinka;VLA;Russia;;;0
6820;69;69;Patrik;Horacek;;72;207;2008-3-31;TrebÌc;VYS;Czech Republic;;;0
6821;71;71;Caspar;Lampe;;72;192;2008-3-30;T‰by;STO;Sweden;;;0
6822;65;65;Tom;Schulz;;73;216;2008-6-17;Rimbach;HES;Germany;;;0
6823;-1;-1;Francis;Bosse;;75;221;2008-6-1;West Vancouver;BC;Canada;;;0
6824;67;67;Radek;Nohava;;72;210;2008-3-13;Prague;PRA;Czech Republic;;;0
6825;37;37;Luc-Olivier;Lalonde;;71;201;2008-6-26;Saint John;NB;Canada;;;0
6826;12;12;Rory;Pilling;;74;202;2007-2-20;Glace Bay;NS;Canada;;;0
6827;82;18;Cohen;Klassen;;72;211;2008-9-8;Martensville;SK;Canada;;;0
6828;-1;-1;Gunars;Liepins;;73;216;2008-5-3;Riga;RIG;Latvia;;;0
6829;-1;-1;Andress;Sipkevics;;73;214;2007-7-9;Bauska;BAU;Latvia;;;0
6830;-1;-1;Aleksandr;Glinchuk;;74;206;2008-1-4;Belgorod;BEL;Russia;;;0
6831;79;21;Bennett;Kelly;;76;229;2008-2-4;Cochrane;AB;Canada;;;0
6832;-1;-1;Alex;Scully;;78;206;2007-9-28;Toronto;ON;Canada;;;0
6833;-1;-1;Jerry;Rabett;;75;209;2007-9-16;Tucson;AZ;The United States;;;0
6834;144;8;Lars;Steiner;;72;211;2007-11-12;Davos;GR;Switzerland;;;0
6835;130;14;Kanjyu;Gojsic;;75;226;2008-1-11;Langley;BC;Canada;;;0
6836;58;58;Ralph;LaFontaine;;71;206;2007-12-22;Torrance;CA;The United States;;;0
6837;141;25;William;Lacelle;;73;208;2007-12-26;Montreal;QC;Canada;;;0
6838;-1;-1;Mikhail;Molotkov;;72;202;2007-11-30;Tarashcha;KYY;Ukraine;;;0
6839;145;3;Brock;Heidecker;;74;222;2008-1-15;Calgary;AB;Canada;;;0
6840;74;74;Owen;McCarthy;;72;213;2008-2-20;Trail;BC;Canada;;;0
6841;82;21;Ryan;Boyce;;72;208;2008-3-3;Langley;BC;Canada;;;0
6842;134;21;Mikey;Berchild;;72;208;2008-2-16;Excelsior;MN;The United States;;;0
6843;-1;-1;Gerasim;Melikyan;;74;199;2008-2-3;Moscow;MOS;Russia;;;0
6844;-1;-1;ThÈophile;Baud;;74;214;2008-6-6;Fontaine-lËs-Dijon;BUR;France;;;0
6845;144;8;Rudolfs;Berzkalns;;72;213;2008-3-3;Cesis;CES;Latvia;;;0
6846;-1;-1;Daniel;Karlsson;;73;207;2007-9-14;Stockholm;STO;Sweden;;;0
6847;134;21;William-Alexis;Tremblay;;72;207;2007-10-27;BÈcancour;QC;Canada;;;0
6848;76;76;Noah;Kosick;;71;207;2008-8-18;Kassel;HES;Canada;Germany;;0
6849;69;69;Owen;Chapman;;70;200;2008-2-12;Saskatoon;SK;Canada;;;0
6850;-1;-1;Zyanon;Razhkow;;74;198;2007-7-20;Mogilev;MOG;Belarus;;;0
6851;131;1;Isaac;Davies;;72;212;2008-7-23;Carstairs;AB;Canada;;;0
6852;-1;-1;Corey;Cassidy;;73;210;2007-7-18;Sylvan Lake;AB;Canada;;;0
6853;-1;-1;Tapani;Saikko;;71;188;2008-7-4;Kirkkonummi;UUS;Finland;;;0
6854;150;150;Nick;Laughlin;;74;213;2007-12-31;O'Fallon;MO;The United States;;;0
6855;137;28;Jacob;Henderson;;72;210;2008-1-1;Vancouver;BC;Canada;;;0
6856;-1;-1;J·n;Kucej;;71;201;2008-1-27;Spisska Nova Ves;PRE;Slovakia;;;0
6857;146;146;Patrick;Berry;;71;202;2007-11-13;London;ON;Canada;;;0
6858;-1;-1;Andrius;Taucikas;;75;224;2008-1-9;Panevezys;PAN;Lithuania;;;0
6859;-1;-1;Olivier;BÈrard;;71;196;2007-8-16;Laval;QC;Canada;;;0
6860;-1;-1;Tom·s;Koristka;;73;214;2008-2-18;Roudnice;UST;Czech Republic;;;0
6861;82;23;Nathan;Gray;;72;207;2008-2-28;Richmond;BC;Canada;;;0
6862;132;132;Trevor;Davey;;73;216;2007-8-18;Davidson;SK;Canada;;;0
6863;-1;-1;Alfred;Willner;;71;204;2007-10-3;Mainz;RHI;Germany;;;0
6864;80;80;Rasmus;Rinne;;73;214;2008-1-10;Tampere;PIR;Finland;;;0
6865;1;1;Logan;Lutner;;73;213;2008-2-21;Maple Grove;MN;The United States;;;0
6866;-1;-1;Mathieu;Chouinard;;73;216;2007-7-29;Longueuil;QC;Canada;;;0
6867;-1;-1;Semih;Yasar;;74;213;2007-11-28;Norrkˆping;÷ST;Sweden;;;0
6868;-1;-1;Ivan;Markovic;;72;210;2008-2-16;Vienna;WIE;Austria;;;0
6869;146;146;Connor;Maiolino;;70;197;2007-10-27;Brockville;ON;Canada;;;0
6870;144;144;Alan;McKichan;;71;206;2007-11-17;Port Elgin;ON;Canada;;;0
6871;-1;-1;Kalvis;Revalds;;76;231;2007-7-16;Riga;RIG;Latvia;;;0
6872;136;10;Noah;Collette;;71;203;2007-11-8;Bouctouche;NB;Canada;;;0
6873;-1;-1;Teemu;Puro;;75;206;2007-11-26;Lieto;SOU;Finland;;;0
6874;-1;-1;Tobias;Tomik;;75;219;2007-12-18;TrencÌn;TRE;Slovakia;;;0
6875;130;14;Zachary;Schmidt;;73;214;2008-1-29;Regina;SK;Canada;;;0
6876;128;128;Yevgeny;Zaitsev;;72;206;2007-11-5;Imeni Babushkina;VOL;Russia;;;0
6877;-1;-1;Mikhail;Mavlyutov;;74;219;2008-6-1;Penza;PEN;Russia;;;0
6878;149;149;Ron;Rivers;;72;209;2007-10-27;Millinocket;ME;The United States;;;0
6879;-1;-1;Justin;Marto;;73;213;2008-2-16;Detroit;MI;The United States;;;0
6880;-1;-1;Carson;Propp;;78;208;2007-8-13;Toronto;ON;Canada;;;0
6881;148;30;Braydon;Riggall;;72;207;2008-8-18;Calgary;AB;Canada;;;0
6882;78;78;Lucas;Zajic;;72;211;2008-1-1;Chicago;IL;The United States;;;0
6883;-1;-1;Ryan;Leclair;;74;220;2007-11-19;Sherwood Park;AB;Canada;;;0
6884;56;21;Tyus;Sparks;;73;209;2008-1-4;Meridian;ID;The United States;;;0
6885;-1;-1;Charles-Olivier;VallÈe;;75;225;2007-10-10;Woodstock;ON;Canada;;;0
6886;147;147;Andy;Sylvester;;71;203;2007-8-20;Brampton;ON;Canada;;;0
6887;-1;-1;Ivan;Galiyanov;;71;202;2007-10-16;Ajax;ON;Canada;;;0
6888;-1;-1;Caelan;Halwas;;73;204;2007-11-1;Ottawa;ON;Canada;;;0
6889;-1;-1;Kalvis;Celms;;72;209;2007-9-28;Rezekne;REZ;Latvia;;;0
6890;142;23;Miras;Dutpayev;;72;200;2008-6-9;Sarkand;ALM;Kazakhstan;;;0
6891;146;146;Timothy;CÙtÈ;;73;217;2008-2-22;Saint-Jean-sur-Richelieu;QC;Canada;;;0
6892;-1;-1;Patrik;Niklasson;;73;209;2007-9-13;Karlskoga;÷RE;Sweden;;;0
6893;64;26;Ethan;Hamilton;;71;201;2008-2-17;Lanigan;SK;Canada;;;0
6894;136;10;Millar;Kramer;;74;212;2008-2-15;Battleford;SK;Canada;;;0
6895;66;66;Alexei;Vlasov;;71;204;2008-2-2;Chelyabinsk;CHE;Russia;;;0
6896;131;131;Sam;Yelich;;72;201;2007-7-30;Windsor;ON;Canada;;;0
6897;142;23;Vojtech;Vochvest;;72;201;2005-10-20;Adamov;JHM;Czech Republic;;;0
6898;63;63;Cash;Lanigan;;71;201;2008-8-8;Regina;SK;Canada;;;0
6899;137;137;Mattis;B¯;;74;223;2007-9-6;Galten;ARH;Denmark;;;0
6900;-1;-1;Sergey;Medynsky;;74;222;2008-5-15;Vyshniy Volochyok;TVE;Russia;;;0
6901;-1;-1;Presley;Kerner;;76;228;2007-11-3;Kelowna;BC;Canada;;;0
6902;-1;-1;Phillip;Andrusak;;77;209;2007-8-17;Markham;ON;Canada;;;0
6903;137;28;Carson;Deichert;;73;214;2008-7-28;Moose Jaw;SK;Canada;;;0
6904;133;133;Doug;Watson;;76;231;2007-7-17;Scottsdale;AZ;The United States;;;0
6905;68;68;Tim;McAuley;;76;231;2009-4-21;Cochrane;AB;Canada;;;0
6906;145;3;Hunter;Solomon;;73;208;2007-12-4;Guelph;ON;Canada;;;0
6907;-1;-1;Pekka;Kurkela;;73;215;2008-6-21;Kangasala;PIR;Finland;;;0
6908;-1;-1;Marc-Olivier;Boucher;;73;194;2008-6-6;Montreal;QC;Canada;;;0
6909;-1;-1;Konstantin;Pisarev;;73;212;2008-1-6;Verkhnyaya Pyshma;SVE;Russia;;;0
6910;20;20;Bo;Damphousse;;75;216;2007-11-21;Edmonton;AB;Canada;The United States;;0
6911;134;134;Brad;Flache;;73;216;2008-3-5;Coquitlam;BC;Canada;;;0
6912;-1;-1;Logan;Nikkel;;76;217;2007-8-6;Thornhill;ON;Canada;;;0
6913;8;8;Nathan;Guenther;;71;201;2008-9-4;Edmonton;AB;Czech Republic;;;0
6914;-1;-1;Oliver;Gundersen;;73;215;2007-10-5;Oslo;AKE;Norway;;;0
6915;136;136;Simon;Celander;;72;196;2008-1-7;UmeÂ;V‰S;Sweden;;;0
6916;146;146;Jason;Tilston;;73;214;2008-1-27;Kamloops;BC;Canada;;;0
6917;111;111;Radoslav;Dimitrov;;71;203;2008-5-28;Leduc;AB;Canada;;;0
6918;-1;-1;Roman;Otlesnov;;74;221;2008-6-25;Moscow;MOS;Russia;;;0
6919;119;124;Jack;Lavallee;;75;206;2008-1-27;Saskatoon;SK;Canada;;;0
6920;45;28;Wyatt;Dyck;;73;207;2008-5-8;Winnipeg;MB;Canada;;;0
6921;151;152;Cameron;Jacobson;;70;197;2008-2-4;Wakaw;SK;Canada;;;0
6922;-1;-1;Ryley;Stankiewicz;;76;231;2007-7-23;Gatineau;QC;Canada;;;0
6923;-1;-1;Corey;Boily;;73;206;2008-3-21;Winnipeg;MB;Canada;;;0
6924;128;128;Michal;Kratochvil;;73;217;2007-10-18;Jindrichuv Hradec;JIH;Czech Republic;;;0
6925;133;133;Jan;Zahora;;72;207;2007-10-24;Mlada Boleslav;STR;Czech Republic;;;0
6926;129;129;Steve;Crowley;;72;203;2007-8-2;Depew;NY;The United States;;;0
6927;-1;-1;Braedan;MacDonald;;74;193;2007-11-7;Timmins;ON;Canada;;;0
6928;108;108;Kadyn;OíBrien;;72;207;2008-2-14;Whitehorse;YT;Canada;;;0
6929;-1;-1;Alfons;Fuchs;;71;201;2007-7-22;Thalgau;SAL;Austria;;;0
6930;114;114;Lukas;Lima;;74;214;2008-1-31;Langley;BC;Canada;;;0
6931;-1;-1;Arnie;Sansone;;74;221;2008-5-7;Chicago;IL;The United States;;;0
6932;-1;-1;Jaroslav;Becvar;;75;225;2008-2-8;Prostejov;OLO;Czech Republic;;;0
6933;133;26;Kash;Alger-East;;71;201;2008-4-18;Meadow Lake;SK;Canada;;;0
6934;-1;-1;Johnathan;Yarwood;;74;208;2008-4-22;Houston;TX;The United States;;;0
6935;-1;-1;Hunter;Aura;;71;184;2007-10-22;Kamloops;BC;Canada;;;0
6936;137;137;Boyd;Niedert;;71;202;2007-12-9;Waltham;MA;The United States;;;0
6937;-1;-1;Petr;Kubelka;;72;188;2008-5-28;DolnÌ Lutyne;MOR;Czech Republic;;;0
6938;-1;-1;Tyler;McCauley;;71;206;2008-1-2;Toronto;ON;Canada;;;0
6939;69;69;Eric;Tu;;76;233;2008-10-26;Surrey;BC;Canada;;;0
6940;-1;-1;Charles-…ric;Beaudry;;74;208;2007-8-19;Varennes;QC;Canada;;;0
6941;116;116;Dylan;Dean;;71;201;2008-5-14;Maple Grove;MN;The United States;;;0
6942;134;134;Josh;Georgeson;;71;204;2008-5-31;Toronto;ON;Canada;;;0
6943;121;124;Masen;McCosh;;72;201;2008-6-1;Glendale;AZ;Canada;The United States;;0
6944;131;1;Olivers;Murnieks;;76;228;2008-7-31;Riga;RIG;Latvia;;;0
6945;-1;-1;David;Svensson;;74;223;2007-9-15;Stockholm;STO;Sweden;;;0
6946;-1;-1;Elias;Tarvainen;;73;214;2008-2-11;Rovaniemen maalaiskunta;LAP;Finland;;;0
6947;106;106;Cooper;Soller;;72;207;2008-8-11;Los Angeles;CA;The United States;;;0
6948;117;30;Reed;Brown;;73;215;2008-2-22;Tempe;AZ;The United States;;;0
6949;-1;-1;Marek;Dvorak;;72;209;2008-2-8;Olomouc;OLO;Czech Republic;;;0
6950;119;21;Koy;Funk;;75;222;2008-1-8;Winnipeg;MB;Canada;;;0
6951;111;111;Nathaniel;Danielson;;73;213;2008-7-5;Surrey;BC;Canada;;;0
6952;134;134;Aymeric;Nadon;;75;218;2007-11-23;Quebec City;QC;Canada;;;0
6953;-1;-1;Shane;Zgraggen;;72;185;2008-1-25;Wood Buffalo;AB;Canada;;;0
6954;141;25;Justin;Blais;;73;206;2007-9-27;Mississauga;ON;Canada;;;0
6955;133;133;Justin;BÈdard;;71;206;2007-8-16;Mississauga;ON;Canada;;;0
6956;-1;-1;Manuel;Meier;;72;207;2008-5-5;Zug;ZG;Switzerland;;;0
6957;116;116;JP;Hurlbert;;71;198;2008-4-11;Allen;TX;The United States;;;0
6958;-1;-1;Adam;Macek;;72;207;2007-8-27;Litomerice;UST;Czech Republic;;;0
6959;-1;-1;Nikita;Smirnov;;72;202;2008-6-18;Volgograd;VOL;Russia;;;0
6960;151;152;Carter;Kingerski;;71;201;2008-3-10;Winnipeg;MB;Canada;;;0
6961;146;146;Juan;Morales;;73;197;2008-5-25;Terrace;BC;Canada;;;0
6962;136;10;Nolan;Stewart;;71;203;2008-1-12;Edmonton;AB;Canada;;;0
6963;37;27;Dryden;Deobald;;77;222;2008-4-23;Regina;SK;Canada;;;0
6964;-1;-1;Henry;Sporrong;;74;215;2007-8-18;Lidkˆping;V‰S;Sweden;;;0
6965;-1;-1;Tobias;Edin;;71;201;2007-11-6;T‰by;STO;Sweden;;;0
6966;-1;-1;Pavel;Chocholac;;74;212;2007-9-3;Karlovy Vary;KAR;Czech Republic;;;0
6967;-1;-1;Iacopo;Cannas;;73;216;2008-5-26;Sudbury;ON;Canada;;;0
6968;145;145;Heath;Popoff;;74;218;2008-1-20;Haldimand County;ON;Canada;;;0
6969;135;2;Mason;St. Louis;;72;206;2008-1-1;Greenwich;CT;The United States;Canada;;0
6970;106;106;Kai;Anderson;;74;225;2008-4-7;North Vancouver;BC;Canada;;;0
6971;-1;-1;Anthoni;Savard;;73;200;2008-4-25;Alma;QC;Canada;;;0
6972;-1;-1;Alexandre;NÈron;;73;217;2007-7-8;Quebec City;QC;Canada;;;0
6973;-1;-1;Maksim;Gavrilychev;;77;214;2007-10-22;Vladivostok;PRI;Russia;;;0
6974;-1;-1;Cameron;Tyabji;;73;202;2008-7-1;Orangeville;ON;Canada;;;0
6975;-1;-1;Martin;Krousky;;72;188;2008-2-17;Kadan;UST;Czech Republic;;;0
6976;-1;-1;Carson;Bonvie;;74;208;2007-12-9;County of Brant;ON;Canada;;;0
6977;-1;-1;Yegor;Katayev;;71;203;2008-7-6;Omsk;OMS;Russia;;;0
6978;129;129;Charles;Bonneau;;71;205;2007-8-6;Quebec City;QC;Canada;;;0
6979;141;25;Camden;Pantekoek;;72;202;2008-1-1;Sioux Falls;SD;The United States;;;0
6980;-1;-1;Tyler;Herne;;74;216;2007-11-6;Abernethy;SK;Canada;;;0
6981;-1;-1;Travis;Endicott;;74;217;2007-8-14;Woodstock;ON;Canada;;;0
6982;-1;-1;Trevor;Lowe;;75;225;2008-2-13;Winnipeg;MB;Canada;;;0
6983;122;3;Zac;Olsen;;75;219;2008-3-16;Calgary;AB;Canada;;;0
6984;-1;-1;Matthew;Carter;;74;207;2008-6-3;Sackville;NS;Canada;;;0
6985;57;12;Cody;Solar;;70;300;2008-6-9;Pittsburgh;PA;The United States;;;0
6986;26;26;Louis-Francois;Belanger;;72;212;2007-11-14;Matane;QC;Canada;;;0
6987;-1;-1;Kyle;Maaskant;;71;200;2007-7-10;London;ON;Canada;;;0
6988;-1;-1;Nathan;Katic;;74;216;2008-5-2;Mission;BC;Canada;;;0
6989;135;2;Tracen;Ashley;;75;225;2008-4-3;Calgary;AB;Canada;;;0
6990;-1;-1;Corey;O'Mahony;;73;191;2008-1-7;Nanticoke;ON;Canada;;;0
6991;134;21;Juho;Piiparinen;;72;207;2008-8-10;Lahti;PAH;Finland;;;0
6992;120;120;Armando;Riddolls;;72;208;2008-2-5;Calgary;AB;Canada;;;0
6993;148;148;Marvin;Deveron;;71;202;2008-5-6;Bloomfield;NJ;The United States;;;0
6994;0;0;Sawyer;Dingman;;72;209;2008-5-11;Edmonton;AB;Canada;;;0
6995;125;124;Koray;Bozkaya;;74;209;2008-8-22;Maple Ridge;BC;Canada;;;0
6996;-1;-1;Daniel;Manninen;;73;202;2007-9-13;Oulu;NOS;Finland;;;0
6997;133;133;Kristjan;Kurg;;73;219;2007-11-19;Tallinn;HAR;Estonia;;;0
6998;-1;-1;Gim;Jeong-ho;;71;205;2008-5-11;Seoul;SEO;South Korea;;;0
6999;147;147;Reino;Toivanen;;72;208;2007-7-17;Jyv‰skyl‰;FIN;Finland;;;0
7000;37;27;Daxon;Yerex;;77;235;2008-1-26;Winnipeg;MB;Canada;;;0
7001;-1;-1;Matthew;Kerr;;69;191;2007-8-21;Springwater;ON;Canada;;;0
7002;112;19;Hudson;Kowalchuk;;72;210;2008-6-5;Winnipeg;MB;Canada;;;0
7003;-1;-1;Kris;Jackson;;71;204;2008-3-14;Calgary;AB;Canada;;;0
7004;108;108;Leo;Tjallden;;72;211;2008-4-23;Sundsvall;V‰S;Sweden;;;0
7005;-1;-1;Tyson;Boynton;;75;220;2008-6-16;Cambridge;ON;Canada;;;0
7006;136;10;Will;McLaughlin;;70;195;2008-3-10;Canmore;AB;Canada;The United States;;0
7007;47;47;Colin;Cazzola;;72;212;2007-8-8;Toronto;ON;Canada;;;0
7008;-1;-1;Tom·s;Gajdos;;71;186;2008-1-26;St˙rovo;NIT;Slovakia;;;0
7009;-1;-1;Ivan;Kostyuk;;72;207;2008-2-19;Angarsk;IRK;Russia;;;0
7010;106;106;Logan;Stuart;;72;207;2008-4-23;Los Angeles;CA;The United States;;;0
7011;-1;-1;Lincoln;Kuehne;;73;216;2007-11-28;Fargo;ND;The United States;;;0
7012;-1;-1;Jeremy;Hazelaar;;73;190;2008-4-2;Sackville;NS;Canada;;;0
7013;-1;-1;Aleksey;Pasynchuk;;71;201;2007-11-8;Melitopol;ZAP;Ukraine;;;0
7014;148;148;Barney;Went;;72;207;2008-3-5;Wilmington;NC;The United States;;;0
7015;113;113;Owen;Folstrom;;72;208;2008-3-21;Calgary;AB;Canada;;;0
7016;-1;-1;Dana;McMillan;;76;213;2007-10-29;St. John's;NL;Canada;;;0
7017;-1;-1;Antoine;St-Laurent;;74;202;2007-11-30;Sherbrooke;QC;Canada;;;0
7018;118;21;Jonah;Sivertson;;75;231;2008-8-27;Regina;SK;Canada;;;0
7019;0;0;Easton;Laplante;;72;204;2008-6-3;Calgary;AB;Canada;;;0
7020;45;28;Kayden;Lemire;;75;227;2008-1-27;Edmonton;AB;Canada;;;0
7021;138;138;Tyler;Chucko;;75;228;2007-8-19;Calgary;AB;Canada;;;0
7022;140;17;Antonin;Ivan;;73;215;2008-6-24;Chrastava;LIB;Czech Republic;;;0
7023;144;144;Jiri;Rychlik;;72;211;2007-10-6;Paskov;MOR;Czech Republic;;;0
7024;-1;-1;Christian;Lechner;;75;223;2007-9-21;Ebbs;TIR;Austria;;;0
7025;-1;-1;Yannick;Brunner;;72;209;2008-6-18;Hochdorf;LU;Switzerland;;;0
7026;125;124;Viggo;Bjorck;;70;190;2008-3-12;T‰by;STO;Sweden;;;0
7027;-1;-1;Dusan;Kovacs;;76;223;2008-4-11;Piestany;TRN;Slovakia;;;0
7028;121;25;Viktor;Fyodorov;;73;224;2008-2-21;Tomsk;TOM;Russia;;;0
7029;143;18;Hugo;Tellier;;75;219;2007-8-4;Repentigny;QC;Canada;;;0
7030;-1;-1;Jesse;Mercier;;75;228;2007-10-9;Ohsweken;ON;Canada;;;0
7031;131;1;Rylan;Singh;;72;200;2007-10-4;Pickering;ON;Canada;;;0
7032;110;110;Finn;Bagley;;72;209;2008-4-1;Toronto;ON;Canada;;;0
7033;117;117;Brayden;Ryan MacKay;;71;203;2008-1-1;Vancouver;BC;Canada;;;0
7034;-1;-1;Elvijs;Letis;;74;219;2008-3-22;Riga;RIG;Latvia;;;0
7035;-1;-1;Ari;Niemi;;71;199;2008-2-17;Kaavi;NSA;Finland;;;0
7036;110;110;Cruz;Pavao;;72;203;2008-8-24;Saint John;NB;Canada;;;0
7037;-1;-1;C;R;;73;208;2007-12-30;Jersey City;NJ;The United States;;;0
7038;112;112;Tyson;Schamehorn;;75;212;2008-3-6;St. Albert;AB;Canada;;;0
7039;-1;-1;Damir;Sluga;;73;203;2008-2-22;Kranj;GOR;Slovenia;;;0
7040;-1;-1;Jonathan;Johansson;;72;207;2007-12-18;Sˆdert‰lje;STO;Sweden;;;0
7041;-1;-1;Kale;Dickson;;73;214;2008-1-8;Burnaby;BC;Canada;;;0
7042;126;126;Shawn;Cutforth;;71;203;2007-10-4;Wasco;CA;The United States;;;0
7043;136;10;Olli;Wahlroos;;73;216;2008-2-15;Naantali;SOU;Finland;;;0
7044;121;121;Ted;MacDonald;;74;215;2008-3-5;Brampton;ON;Canada;;;0
7045;-1;-1;David;Byrtus;;72;186;2007-8-1;Pribram;STR;Czech Republic;;;0
7046;-1;-1;Jonathan;Gagnon;;77;223;2007-8-21;Whitby;ON;Canada;;;0
7047;144;8;Liam;Hamre;;75;226;2008-2-5;Victoria;MN;The United States;;;0
7048;-1;-1;Axel;Herrmann;;73;199;2008-1-6;St. Moritz;GR;Switzerland;;;0
7049;141;25;Chase;Harrington;;71;205;2007-10-30;Prince George;BC;Canada;;;0
7050;57;12;Liam;Ladds;;76;232;2007-10-28;London;ON;Canada;;;0
7051;117;23;Zach;Lasnard;;72;207;2008-7-29;Ste. Anne;MB;Canada;;;0
7052;-1;-1;Dennis;Morton;;73;192;2006-1-1;Melville;SK;Canada;;;0
7053;-1;-1;Cory;DeMarco;;72;172;2006-2-1;Fredericton;NB;Canada;;;0
7054;-1;-1;SÈbastien;GuÈrin;;73;203;2006-12-22;Candiac;QC;Canada;;;0
7055;-1;-1;Dino;Messina;;71;184;2007-3-8;Trois-RiviËres;QC;Canada;;;0
7056;-1;-1;Dustin;Migay;;74;177;2006-11-8;Caraquet;NB;Canada;;;0
7057;-1;-1;Dan;Kearns;;74;219;2006-6-1;Saint John;NB;Canada;;;0
7058;-1;-1;Connor;Ratcliffe;;71;174;2006-12-8;Annapolis Royal;NS;Canada;;;0
7059;-1;-1;Brandon;Morrow;;73;200;2007-5-6;Peterborough;ON;Canada;;;0
7060;-1;-1;Geoff;Madden;;72;190;2007-5-31;Lakeland North;WA;The United States;;;0
7061;-1;-1;Pat;Wade;;73;179;2008-8-30;Seattle;WA;The United States;;;0
7062;-1;-1;DEAD;DEAD;;72;205;2006-6-13;Vancouver;BC;Canada;;;0
7063;2;2;Cole;Eiserman;;72;210;2006-8-29;Newburyport;MA;The United States;;;0
7064;152;152;Ivan;Demidov;;72;205;2005-12-10;Sergiyev Posad;MOS;Russia;;;0
7065;24;24;Artyom;Levshunov;;75;229;2005-10-28;Zhlobin;GOM;Belarus;;;0
7066;28;28;Sam;Dickinson;;76;234;2006-6-7;Toronto;ON;Canada;;;0
7067;27;27;Nathan;Villeneuve;;72;209;2006-4-13;Ottawa;ON;Canada;;;0
7068;127;31;Maxim;MassÈ;;75;217;2006-4-7;Rimouski;QC;Canada;;;0
7069;40;20;Berkly;Catton;;71;204;2006-1-14;Saskatoon;SK;Canada;;;0
7070;1;1;Konsta;Helenius;;71;195;2006-5-11;Ylˆj‰rvi;PIR;Finland;;;0
7071;18;18;Macklin;Celebrini;;72;209;2006-6-13;Vancouver;BC;Canada;;;0
7072;-1;-1;Kaden;McNeil;;76;222;2006-3-13;Toronto;ON;Canada;;;0
7073;41;41;Gabriel;Guilbault;;75;225;2006-1-7;Burnaby;BC;Canada;;;0
7074;93;93;Mike;Buntin;;72;204;2008-8-20;Guilderland;NY;The United States;;;0
7075;134;134;Matthew;Baker;;76;211;2008-8-28;Abbotsford;BC;Canada;;;0
7076;100;100;Josh;Reaume;;75;222;2009-2-18;Toronto;ON;Canada;;;0
7077;91;91;Tanner;Geiger;;71;203;2008-9-29;Kingsville;ON;Canada;;;0
7078;99;99;Bob;Istance;;76;229;2009-3-8;La Puente;CA;The United States;;;0
7079;88;88;Tyler;Lowrey;;76;232;2009-2-13;Georgina;ON;Canada;;;0
7080;146;146;Michael;Connelley;;73;213;2008-9-6;Calgary;AB;Canada;;;0
7081;-1;-1;Oliver;Viklund;;76;207;2008-9-22;Kirkkonummi;UUS;Finland;;;0
7082;91;91;Tanner;Walker;;75;227;2008-12-18;Calgary;AB;Canada;;;0
7083;-1;-1;Dmitry;Ivanov;;75;200;2008-10-8;Zachagansk;BAT;Kazakhstan;;;0
7084;104;104;Viktor;Ekdahl;;75;208;2009-1-23;Kristinehamn;V‰R;Sweden;;;0
7085;103;103;Rocco;Pelosi;;71;200;2009-1-28;Sewell;NJ;The United States;;;0
7086;102;102;Sam;Failler;;73;211;2009-2-8;Dundurn;SK;Canada;;;0
7087;-1;-1;Lee;Stromkins;;74;214;2008-11-19;Maple Ridge;BC;Canada;;;0
7088;97;97;Alexandr;Shalabanov;;75;223;2009-8-20;Sudbury;ON;Canada;;;0
7089;-1;-1;Mykola;Kostevych;;73;213;2008-7-11;Kharkiv;KHA;Ukraine;;;0
7090;128;128;David;Bouvrette;;73;219;2008-9-18;Dollard-des-Ormeaux;QC;Canada;;;0
7091;98;98;Jonathan;Trottier;;72;189;2009-1-14;LÈvis;QC;Canada;;;0
7092;85;85;Olivier;LabbÈ;;75;230;2008-8-17;Boisbriand;QC;Canada;;;0
7093;102;102;Grant;Scott;;75;225;2008-10-1;Strathcona;AB;Canada;;;0
7094;-1;-1;Leonardo;Galli;;73;212;2008-11-27;Bellinzona;TI;Switzerland;;;0
7095;103;103;Curtis;Stedall;;75;222;2009-7-7;Toronto;ON;Canada;;;0
7096;-1;-1;Phil;Fequet;;71;203;2008-9-26;Ottawa;ON;Canada;;;0
7097;-1;-1;Angel;Kratky;;72;207;2008-9-11;Domazlice;PLZ;Czech Republic;;;0
7098;-1;-1;Josh;Einhorn;;71;182;2008-12-18;Mississauga;ON;Canada;;;0
7099;95;95;Tyden;Lafournaise;;73;210;2009-1-1;Winnipeg;MB;Canada;;;0
7100;-1;-1;Erik;Karlsson;;74;196;2008-8-16;Norrkˆping;÷ST;Sweden;;;0
7101;99;99;Trevor;Ullman;;71;206;2008-8-9;Gatineau;QC;Canada;;;0
7102;96;96;Dillon;Gagnon;;72;211;2009-5-4;Virden;MB;Canada;;;0
7103;-1;-1;Veikko;Rinkinen;;72;205;2008-12-2;Raisio;SOU;Finland;;;0
7104;-1;-1;Norm;Baker;;72;189;2008-10-1;River Road;NC;The United States;;;0
7105;89;89;Max;Penkin;;73;215;2009-6-11;Mannheim;BAD;Germany;;;0
7106;90;90;Dustin;Olekszyk;;72;205;2009-2-8;Toronto;ON;Canada;;;0
7107;99;99;Balan;Runge;;74;205;2009-4-22;Toronto;ON;Canada;;;0
7108;94;94;Jason;Mobley;;75;225;2009-1-19;Leesville;LA;The United States;;;0
7109;104;104;Austin;Elik;;72;214;2009-5-28;Cobalt;ON;Canada;;;0
7110;-1;-1;Willi;Urech;;75;220;2009-4-27;Grindelwald;BE;Switzerland;;;0
7111;-1;-1;Stanislav;Karev;;73;213;2008-12-24;Shuchinsk;SOL;Kazakhstan;;;0
7112;98;98;Kevin;Desjardins;;76;225;2009-2-8;Saint-Jean-sur-Richelieu;QC;Canada;;;0
7113;92;92;Yanic;Langevin;;74;221;2009-4-11;Toronto;ON;Canada;;;0
7114;-1;-1;Justin;Sisca;;72;210;2008-12-27;Oakville;ON;Canada;;;0
7115;130;130;David;Caron;;76;200;2008-12-23;Saguenay;QC;Canada;;;0
7116;-1;-1;Alex;Christensen;;74;196;2008-11-30;Brampton;ON;Canada;;;0
7117;-1;-1;Artyom;Bortnikov;;72;191;2008-9-23;Ivanovo;IVA;Russia;;;0
7118;-1;-1;Jason;Biduke;;73;200;2008-9-8;Ottawa;ON;Canada;;;0
7119;91;91;Jaxon;Pisani;;71;177;2009-1-1;Edmonton;AB;Canada;;;0
7120;98;98;Ryan;Burke;;76;197;2009-1-30;Orillia;ON;Canada;;;0
7121;95;8;Jan;van den Berg;;73;216;2009-6-12;The Hague;ZUI;The Netherlands;;;0
7122;93;93;Rick;Ross;;71;300;2009-1-28;Vaughan;ON;Canada;;;0
7123;100;100;Gerry;Aimes;;75;222;2008-8-16;Fort McMurray;AB;Canada;;;0
7124;-1;-1;Ladislav;Liedl;;74;219;2008-10-22;Stropkov;PRE;Slovakia;;;0
7125;-1;-1;Brett;Pierrish;;76;195;2008-9-29;South Frontenac;ON;Canada;;;0
7126;-1;-1;Shawn;Malone;;74;219;2008-12-24;Edmonton;AB;Canada;;;0
7127;-1;-1;Jonas;Pfeifer;;72;215;2008-12-11;Vienna;WIE;Austria;;;0
7128;101;101;Trent;Vignola;;72;207;2009-6-11;Nanticoke;ON;Canada;;;0
7129;-1;-1;Oliver;Nyberg;;71;199;2008-7-27;Helsinki;UUS;Finland;;;0
7130;90;90;Quinn;King;;71;202;2009-1-26;Toronto;ON;Canada;;;0
7131;-1;-1;Anthony;Delorme;;71;202;2008-12-4;Laval;QC;Canada;;;0
7132;-1;-1;Jasmin;Perron;;71;181;2008-7-17;Quebec City;QC;Canada;;;0
7133;96;96;Louis-Philippe;DubÈ;;74;205;2009-3-2;Sherbrooke;QC;Canada;;;0
7134;102;102;Carlos;Grenier;;74;219;2009-2-16;Trois-RiviËres;QC;Canada;;;0
7135;94;94;Lukas;MacDermid;;72;209;2008-11-28;Toronto;ON;Canada;;;0
7136;96;96;RaphaÎl;Lehoux;;73;207;2009-6-16;LÈvis;QC;Canada;;;0
7137;90;90;Joseph;Bannister;;74;222;2009-3-10;Fort Erie;ON;Canada;;;0
7138;95;95;John;Hayes;;71;203;2008-11-28;Moose Jaw;SK;Canada;;;0
7139;-1;-1;Tyler;McAneeley;;71;208;2008-8-19;Montreal;QC;Canada;;;0
7140;88;88;Logan;DeSautels;;72;204;2009-4-13;Toronto;ON;Canada;;;0
7141;85;85;Tyler;Hince;;73;218;2009-2-20;Grand Falls;NB;Canada;;;0
7142;85;85;Jean-Christophe;Charest;;73;204;2009-6-19;Dartmouth;NS;Canada;;;0
7143;-1;-1;Jaroslav;Janik;;71;189;2008-9-11;⁄stÌ nad Labem;UST;Czech Republic;;;0
7144;101;101;Matti;Majamaa;;72;208;2008-11-10;Salo;SOU;Finland;;;0
7145;-1;-1;Marius;Benetis;;71;202;2009-1-9;Kaunas;KAU;Lithuania;;;0
7146;-1;-1;Jamie;Teich;;71;210;2008-8-8;Toronto;ON;Canada;;;0
7147;91;91;Byron;Yam;;71;196;2009-2-2;Windsor;ON;Canada;;;0
7148;-1;-1;Ryan;Paige;;72;191;2008-11-24;Ashland;CA;The United States;;;0
7149;32;32;Oleksandr;Nazarenko;;73;214;2008-10-11;Ufa;BAS;Russia;;;0
7150;87;87;Brandon;Nickamp;;72;206;2009-4-6;Sherwood Park;AB;Canada;;;0
7151;98;98;Koltin;Herfst;;74;221;2009-3-2;Langley;BC;Canada;;;0
7152;-1;-1;Jakub;Seidel;;71;195;2009-1-14;Prague;PRA;Czech Republic;;;0
7153;85;85;Michael;Budzinski;;73;215;2009-4-18;Carbonear;NL;Canada;;;0
7154;98;98;Tim;Pattyn;;71;201;2009-3-16;Lambton Shores;ON;Canada;;;0
7155;-1;-1;Tyler;Vandurme;;71;186;2008-8-18;Castlegar;BC;Canada;;;0
7156;87;87;Luka;Blackbird;;74;192;2009-6-29;Edmonton;AB;Canada;;;0
7157;94;94;Graeme;Helvoigt;;74;219;2009-2-14;Maple Ridge;BC;Canada;;;0
7158;86;86;Jonathan;Tilley;;72;209;2009-6-24;Surrey;BC;Canada;The United States;;0
7159;-1;-1;Brennan;Halcrow;;74;196;2008-7-30;Regina;SK;Canada;;;0
7160;101;101;Marc;Shepherd;;72;207;2008-10-15;Vancouver;BC;Canada;;;0
7161;85;85;SÈbastien;Chartier;;72;191;2009-3-14;Montreal;QC;Canada;;;0
7162;91;91;Jonathan;Lemay;;75;207;2008-11-11;Val-d'Or;QC;Canada;;;0
7163;98;98;Eric;Norris;;71;190;2009-1-2;Toronto;ON;Canada;;;0
7164;-1;-1;Toby;Blais;;72;207;2008-11-12;Montreal;QC;Canada;;;0
7165;93;93;Kevin;Daughtery;;73;213;2009-5-1;Leavenworth;KS;The United States;;;0
7166;-1;-1;Alexander;Hultgren;;71;201;2009-3-9;Stockholm;STO;Sweden;;;0
7167;101;101;Marc-Olivier;Bouchard;;71;193;2009-6-7;Montreal;QC;Canada;;;0
7168;95;95;Remington;Pierog;;75;200;2009-1-14;Timmins;ON;Canada;;;0
7169;87;87;Reggie;Lee;;70;199;2009-1-31;Toronto;ON;Canada;;;0
7170;140;140;Shane;Wylde;;73;218;2008-7-17;Calgary;AB;Canada;;;0
7171;146;146;Jordan;Koper;;72;208;2008-9-19;Markham;ON;Canada;;;0
7172;-1;-1;Viktar;Arkhiptsaw;;75;179;2008-12-28;Zhlobin;GOM;Belarus;;;0
7173;-1;-1;Dominik;Fl¸ckiger;;74;219;2009-5-2;Ostermundingen;BE;Switzerland;;;0
7174;104;104;Tanner;Penrose;;77;204;2008-12-30;Halifax;NS;Canada;;;0
7175;-1;-1;Dominic;Charette;;72;190;2008-8-17;Repentigny;QC;Canada;;;0
7176;85;85;ThÈo;Surprenant;;71;206;2008-8-22;Montreal;QC;Canada;;;0
7177;93;93;Josh;Griffith;;71;201;2009-1-10;Calgary;AB;Canada;;;0
7178;-1;-1;Jiri;Slavicek;;71;190;2008-8-14;Olomouc;OLO;Czech Republic;;;0
7179;-1;-1;Alyaksandr;Chyrvonenka;;72;207;2009-1-22;Rogachyov;GOM;Belarus;;;0
7180;98;98;Elias;Proctor;;72;193;2008-7-30;London;ON;Canada;Eswatini;;0
7181;104;104;Braden;Hallett;;72;207;2008-10-15;Middlesex Centre;ON;Canada;;;0
7182;97;97;Tobie;Dufresne;;78;244;2009-6-16;Sainte-Marthe-sur-le-Lac;QC;Canada;;;0
7183;88;88;Kaden;Aucoin;;72;211;2009-8-14;Scottsdale;AZ;The United States;Canada;;0
7184;104;104;…tienne;Parent;;71;201;2009-3-14;Cayuga;ON;Canada;;;0
7185;88;88;Jacob;Schwartz;;71;198;2009-6-6;Vancouver;BC;Canada;;;0
7186;88;88;David;Baldassarra;;75;225;2009-2-10;Winnipeg;MB;Canada;;;0
7187;103;103;Cashews;OíFlaherty;;73;215;2009-1-1;Granby;QC;Canada;;;0
7188;101;101;Zayne;Young;;73;217;2009-5-29;Vaughan;ON;Canada;;;0
7189;96;96;Aaron;Smith;;75;211;2009-5-11;Saanich;BC;Canada;;;0
7190;85;85;Marc-AndrÈ;Gauvin;;73;202;2009-5-17;Laval;QC;Canada;;;0
7191;103;103;Oliver;Sundberg;;71;205;2009-1-10;Stockholm;STO;Sweden;;;0
7192;96;96;Byron;Badger;;72;210;2009-3-1;St. Catharines;ON;Canada;;;0
7193;102;102;Alessandro;Domenichelli;;72;209;2009-5-11;Lugano;TI;Switzerland;Canada;;0
7194;86;86;Thomas;Coleman;;77;214;2009-1-23;Halifax;NS;Canada;;;0
7195;103;103;Paul;Swabb;;71;201;2008-12-5;Ottawa;ON;Canada;;;0
7196;102;102;Philip;Estey;;71;202;2008-11-6;Toronto;ON;Canada;;;0
7197;93;93;Christoffer;Jansson;;74;199;2009-6-4;Stockholm;STO;Sweden;;;0
7198;-1;-1;James;Overton;;72;211;2008-10-8;Winnipeg;MB;Canada;;;0
7199;146;146;Adrien;Fillion;;72;209;2008-11-4;Alma;QC;Canada;;;0
7200;-1;-1;William;Karlsson;;71;201;2009-2-14;Jˆnkˆping;JˆN;Sweden;;;0
7201;99;99;Noah;Barton;;77;231;2008-10-16;Peterborough;ON;Canada;;;0
7202;-1;-1;Scott;Graves;;78;215;2008-11-22;Mississauga;ON;Canada;;;0
7203;86;86;Keith;Campbell;;71;180;2009-6-13;Abbotsford;BC;Canada;;;0
7204;91;91;Isaac;Martineau;;75;224;2008-11-21;Les Coteaux;QC;Canada;;;0
7205;86;86;Madden;Woo;;71;204;2009-1-24;Leduc;AB;Canada;;;0
7206;-1;-1;Brian;ÿrum;;75;228;2009-2-16;Taastrup;COP;Denmark;;;0
7207;85;85;Dorian;Eklund Aspe;;76;223;2009-2-4;Stockholm;STO;Sweden;;;0
7208;103;103;Greg;Deemer;;71;207;2009-4-14;Kansas City;MO;The United States;;;0
7209;95;95;Jimmy;Vetterl;;77;240;2009-2-3;Belleville;ON;Canada;;;0
7210;97;97;Del;Furlong;;74;219;2009-3-12;Toronto;ON;Canada;;;0
7211;103;103;Pierre-…mile;Lauzon;;76;200;2009-6-8;Montreal;QC;Canada;;;0
7212;94;94;Artyom;Migranyan;;73;211;2008-12-9;Riga;RIG;Latvia;;;0
7213;85;85;Nick;Birdsell;;72;207;2009-1-23;Saint John;NB;Canada;;;0
7214;95;95;Chad;MÈthot;;72;211;2009-6-28;Saint-Jean-sur-Richelieu;QC;Canada;;;0
7215;103;103;Cole;Powless;;73;213;2009-5-26;Thunder Bay;ON;Canada;;;0
7216;88;88;Linus;Hellstrˆm;;75;219;2009-1-24;Norrkˆping;÷ST;Sweden;;;0
7217;98;98;Maxym;Beaumont;;74;209;2009-5-14;Lac-Etchemin;QC;Canada;;;0
7218;99;99;Michael;Fraser;;73;213;2009-6-30;North Cowichan;BC;Canada;;;0
7219;96;96;Oscar;Blom;;73;213;2009-2-7;Solna;STO;Sweden;;;0
7220;-1;-1;Scott;Vetter;;74;222;2008-8-3;Montreal;QC;Canada;;;0
7221;89;89;Michael;Classen;;71;201;2009-2-14;Toronto;ON;Canada;;;0
7222;97;97;Tuomas;Miettinen;;76;231;2008-7-25;Rym‰ttyl‰;SOU;Finland;;;0
7223;90;90;Jamie;Glance;;73;209;2008-9-23;West Newbury;MA;The United States;;;0
7224;-1;-1;Ilgvars;Vasilevskis;;73;213;2009-1-2;Varaklani;MAD;Latvia;;;0
7225;-1;-1;Jere;Kataja;;77;236;2009-6-21;Espoo;UUS;Finland;;;0
7226;-1;-1;Jordan;Schell;;71;187;2008-9-24;Uxbridge;ON;Canada;;;0
7227;-1;-1;Pietro;Mille;;72;195;2008-10-28;LÈvis;QC;Canada;;;0
7228;-1;-1;Matti;Taskinen;;72;183;2009-6-15;Ylˆj‰rvi;PIR;Finland;;;0
7229;-1;-1;Shawn;Knorr;;74;214;2008-10-30;West Norriton;PA;The United States;;;0
7230;89;89;Matt;Talley;;72;200;2009-6-13;Chicago;IL;The United States;;;0
7231;-1;-1;Samuel;Hardy;;73;200;2008-9-20;Montreal;QC;Canada;;;0
7232;89;89;Tom·s;Suda;;75;214;2009-6-15;HavÌrov;MOR;Czech Republic;;;0
7233;-1;-1;Dmitry;Khokhryakov;;72;207;2009-2-19;Pyatigorsk;STA;Russia;;;0
7234;-1;-1;Nathan;Gallagher;;74;219;2008-10-21;Winnipeg;MB;Canada;;;0
7235;-1;-1;Viktor;Hansson;;75;210;2009-6-2;V‰sterÂs;V‰S;Sweden;;;0
7236;-1;-1;Michal;Hus;;71;187;2009-3-16;VrbovÈ;TRN;Slovakia;;;0
7237;75;75;Edmunds;Cirulis;;75;218;2009-5-18;Riga;RIG;Latvia;;;0
7238;66;66;Kenny;McArdle;;73;213;2008-12-30;Los Angeles;CA;The United States;;;0
7239;80;80;Adam;Cashan;;74;222;2009-3-26;Waterloo;IA;The United States;;;0
7240;-1;-1;Yevheniy;Slyvka;;71;201;2008-10-8;Bratislava;BRA;Slovakia;;;0
7241;75;75;Carl;Lovsin;;74;220;2009-6-4;Napanee;ON;Canada;;;0
7242;83;152;Christopher;Rodrigue;;73;213;2008-10-12;Trois-RiviËres;QC;Canada;;;0
7243;64;64;Connor;Sanderson;;73;213;2008-9-12;Springwater;ON;Canada;;;0
7244;74;74;Svante;Forsman;;74;222;2009-5-26;Sollentuna;STO;Sweden;;;0
7245;65;65;AndrÈ-Michel;Papineau;;76;231;2009-5-24;Toronto;ON;Canada;;;0
7246;71;71;Chris;McDonald;;72;208;2009-4-17;Kawartha Lakes;ON;Canada;;;0
7247;-1;-1;Kendall;LaBelle;;71;203;2008-10-9;Halifax;NS;Canada;;;0
7248;-1;-1;Yevgeny;Ivanets;;71;205;2008-11-10;Kovrov;VLA;Russia;;;0
7249;-1;-1;Felix;N‰slund;;74;217;2009-3-14;Oxelˆsund;SˆD;Sweden;;;0
7250;-1;-1;Xavier;Renaud;;72;181;2008-12-5;Otterburn Park;QC;Canada;;;0
7251;-1;-1;Craig;Brown;;74;222;2008-7-9;Victoria;BC;Canada;;;0
7252;74;74;Jason;Deruelle;;73;213;2009-6-23;North Vancouver;BC;Canada;;;0
7253;-1;-1;Marcus;Rehnstrˆm;;75;228;2009-4-7;Huddinge;STO;Sweden;;;0
7254;129;27;Clark;Dylan;;76;231;2008-7-24;Toronto;ON;Canada;;;0
7255;-1;-1;Louis;Tinker;;72;207;2008-8-28;LaFayette;GA;The United States;;;0
7256;78;78;Jean-FranÁois;Proulx;;73;215;2009-4-11;Quebec City;QC;Canada;;;0
7257;-1;-1;Valeryy;Harkusha;;75;195;2008-9-22;Vozzhaevka;AMU;Russia;;;0
7258;-1;-1;Kyle;Bellemer;;75;206;2008-12-18;Delta;BC;Canada;;;0
7259;83;83;Cash;Arcand Vandale;;75;226;2009-1-28;Saskatoon;SK;Canada;;;0
7260;126;126;Jeff;O'Curran;;73;216;2008-10-9;Burke;VA;The United States;;;0
7261;66;66;Brett;Tash;;72;210;2009-4-6;Saguenay;QC;Canada;;;0
7262;-1;-1;Maksim;Brashkin;;72;199;2008-10-13;R‰pina;POL;Estonia;;;0
7263;74;74;William;McDowell;;74;201;2009-4-10;South Gate;CA;The United States;;;0
7264;-1;-1;Aleksey;Petrov;;78;229;2008-8-11;Riga;RIG;Latvia;;;0
7265;81;81;Jeff;Mitchell;;71;204;2009-1-31;Montreal;QC;Canada;;;0
7266;-1;-1;Marcus;McCraken;;72;197;2008-10-9;Alness;SCO;Scotland;;;0
7267;-1;-1;J·n;Jancovic;;73;193;2009-2-12;Martin;ZIL;Slovakia;;;0
7268;84;84;Carl-Philippe;Dubois;;71;204;2008-7-12;Thornhill;ON;Canada;;;0
7269;67;67;Scott;Hyman;;73;213;2009-1-21;Flin Flon;MB;Canada;;;0
7270;71;71;Ryan;Boyer;;76;226;2009-2-24;Great Falls;MT;The United States;;;0
7271;82;82;Carter;Esler;;71;201;2008-11-28;Okotoks;AB;Canada;;;0
7272;79;79;Scott;Felty;;73;213;2009-2-16;Halifax;NS;Canada;;;0
7273;68;68;Nicolas;VovsÌk;;73;201;2008-9-27;Loveland;CO;The United States;;;0
7274;-1;-1;Artyom;Radyuk;;71;202;2009-4-21;Novyy Chirkey;DAG;Russia;;;0
7275;72;72;Jaxon;Hoffman;;76;232;2009-2-7;Brampton;ON;Canada;;;0
7276;78;78;Konstantin;Hutzinger;;78;245;2009-4-11;Kosice;KOS;Slovakia;;;0
7277;72;72;Ian;Sadler;;73;213;2008-7-11;Calgary;AB;Canada;;;0
7278;-1;-1;Sergey;Golovanov;;72;202;2008-12-1;Linyovo;VOL;Russia;;;0
7279;83;83;Sixten;Randefalk;;72;210;2009-7-12;Karlshamn;BLE;Sweden;;;0
7280;125;125;Angel;Kus;;72;207;2008-7-18;Haj ve Slezsku;MOR;Czech Republic;;;0
7281;77;77;Joel;Phillips;;75;215;2008-10-3;Calmar;AB;Canada;;;0
7282;84;84;Nels;Stephens;;74;222;2008-11-3;Bolton;ON;Canada;;;0
7283;-1;-1;Cane;Napper;;73;213;2008-7-30;Fort McKinley;OH;The United States;;;0
7284;-1;-1;Cody;Rothschild;;73;194;2008-10-25;Oshawa;ON;Canada;;;0
7285;80;80;Jason;Isabelle;;73;217;2009-6-15;Ch‚teauguay;QC;Canada;;;0
7286;75;75;Tyler;Gyori;;75;225;2008-11-14;Kitchener;ON;Canada;;;0
7287;-1;-1;Aleksandr;Volodin;;73;213;2009-5-3;Chernivtsi;CHE;Ukraine;;;0
7288;-1;-1;Taylor;Stevenson;;72;183;2008-9-9;Edmonton;AB;Canada;;;0
7289;-1;-1;Jakub;Tomecek;;74;219;2009-3-20;Pardubice;PAR;Czech Republic;;;0
7290;-1;-1;Pavel;Trnka;;71;205;2008-8-21;Brno;JHM;Czech Republic;;;0
7291;76;76;Thomas;Fyffe;;71;201;2008-12-23;Brockville;ON;Canada;;;0
7292;-1;-1;David;Behrend;;72;208;2008-7-25;Marion;MS;The United States;;;0
7293;-1;-1;Simon;Andersson;;71;203;2008-12-22;Vallentuna;STO;Sweden;;;0
7294;79;79;Danick;HÈnault;;77;225;2008-12-15;Quebec City;QC;Canada;;;0
7295;-1;-1;Kyle;Riddle;;71;184;2008-12-28;Whitby;ON;Canada;;;0
7296;72;72;Charles;Crown;;75;197;2009-5-5;Tempe;AZ;The United States;;;0
7297;-1;-1;Chris;Dawe;;71;203;2008-10-12;Cold Lake;AB;Canada;;;0
7298;-1;-1;Daryl;Van Gorkum;;73;202;2008-7-31;Smiths Falls;ON;Canada;;;0
7299;-1;-1;Tam·s;Hacsek;;74;218;2009-2-12;Presov;PRE;Slovakia;;;0
7300;68;68;Tero;Taipale;;74;221;2008-9-26;Kiuruvesi;NSA;Finland;;;0
7301;69;69;William;Carrick;;72;211;2009-6-4;Haldimand County;ON;Canada;;;0
7302;128;128;Gunnar;Apple;;72;196;2008-7-24;Hayward;CA;The United States;;;0
7303;71;71;Mackenzie;Jardine;;76;230;2008-9-13;Mississauga;ON;Canada;;;0
7304;66;66;Derek;Moog;;75;226;2009-4-17;Vaughan;ON;Canada;;;0
7305;146;146;Sebastian;Beurling;;71;205;2008-7-21;Hamilton;ON;Canada;;;0
7306;-1;-1;Sebastian;Mayr;;74;191;2009-6-9;Vienna;WIE;Austria;;;0
7307;83;83;Tim;Peterson;;72;204;2008-11-22;Aalborg;NOR;Denmark;The United States;;0
7308;-1;-1;Francis;Langevin;;72;205;2008-7-20;Saint-Charles-de-Bellechasse;QC;Canada;;;0
7309;-1;-1;Jonathan;Andersson;;73;213;2009-1-10;Stockholm;STO;Sweden;;;0
7310;-1;-1;David;Hackl;;74;194;2009-5-9;Vienna;WIE;Austria;;;0
7311;83;83;Vince;Reid;;72;208;2009-5-14;Lillooet;BC;Canada;;;0
7312;68;68;Griffin;Darby;;72;189;2008-9-26;Swift Current;SK;Canada;;;0
7313;72;72;Ron;Sare;;71;201;2009-1-29;New Albany;IN;The United States;;;0
7314;79;79;Tom;Erwine;;71;202;2009-5-30;Tavares;FL;The United States;;;0
7315;78;78;Joseph;Buffardi;;71;201;2009-4-24;Maplewood;NJ;The United States;;;0
7316;-1;-1;David;Rozehnal;;76;209;2009-5-7;Dobrovice;STR;Czech Republic;;;0
7317;-1;-1;Linus;Pettersson;;72;208;2008-12-19;Karlskoga;÷RE;Sweden;;;0
7318;-1;-1;Bill;Ginter;;73;215;2008-12-10;West St. Paul;MN;The United States;;;0
7319;-1;-1;Eric;de Boer;;73;199;2008-10-11;Merritt;BC;Canada;;;0
7320;80;80;Brock;England;;71;201;2009-8-22;Red Deer;AB;Canada;;;0
7321;-1;-1;Alyaksandr;Sazanavets;;74;205;2008-10-19;Minsk;MIN;Belarus;;;0
7322;-1;-1;Vladimir;Vlas;;72;207;2008-10-11;VelesÌn;JIH;Czech Republic;;;0
7323;70;70;Andre;Riggs;;74;219;2008-12-13;Sulphur Springs;TX;The United States;;;0
7324;75;75;Jean-SÈbastien;DesgagnÈ;;74;223;2009-6-12;Montreal;QC;Canada;;;0
7325;-1;-1;Maksim;Rachek;;76;219;2008-8-2;Riga;RIG;Latvia;;;0
7326;67;67;Umar;Nazhmiev;;71;189;2008-12-3;Surrey;BC;Canada;;;0
7327;140;17;Dan;Ljubicic;;75;213;2008-9-2;Brampton;ON;Canada;;;0
7328;-1;-1;Genadz;Lyahchylin;;74;223;2008-11-7;Novolukoml;VIT;Belarus;;;0
7329;-1;-1;Josef;Kara;;74;200;2008-9-14;Hildesheim;LOW;Germany;;;0
7330;70;70;Dalton;Goldhar;;72;202;2009-6-10;Kingston;ON;Canada;;;0
7331;-1;-1;Ladislav;Kroscen;;73;186;2008-7-19;Karvina;MOR;Czech Republic;;;0
7332;64;18;Reid;Soper;;75;225;2009-1-19;Edmonton;AB;Canada;;;0
7333;72;72;Mark;Hunt;;75;228;2009-1-9;Noblesville;IN;The United States;;;0
7334;72;72;Owen;Hayden;;78;248;2009-1-9;Calgary;AB;Canada;;;0
7335;-1;-1;Kristian ;Sˆderberg;;74;210;2008-7-10;Stockholm;STO;Sweden;;;0
7336;70;70;Arnaud;Racicot;;72;198;2008-7-9;Saguenay;QC;Canada;;;0
7337;81;81;William;Hovmand;;73;192;2008-11-25;Taastrup;COP;Denmark;;;0
7338;76;76;Stefan;Kosuk;;71;203;2008-7-10;Wilmington;OH;The United States;;;0
7339;63;63;Lorin;Wittwer;;73;208;2008-12-24;Herzogenaurach;BAV;Germany;;;0
7340;17;17;Sammy;Nelson;;72;195;2008-9-19;Maple Grove;MN;The United States;;;0
7341;-1;-1;Dominik;Simon;;76;229;2008-9-27;CeskÈ Budejovice;JIH;Czech Republic;;;0
7342;67;67;Mitch;Eatough;;71;201;2009-6-1;Montreal;QC;Canada;;;0
7343;79;79;Redgie;Brousseau;;75;226;2009-3-31;Laval;QC;Canada;;;0
7344;-1;-1;Mitch;Martinelli;;72;199;2008-9-26;Calgary;AB;Canada;;;0
7345;68;68;Alexsandr;Vinogradov;;71;203;2008-8-30;Toronto;ON;Canada;;;0
7346;-1;-1;Andrey;Dydykin;;71;193;2009-2-15;Kachkanar;SVE;Russia;;;0
7347;83;83;Connor;Woolf;;75;228;2008-8-26;Saint John;NB;Canada;;;0
7348;-1;-1;Hermanni;Vuolle;;74;202;2008-8-3;Helsinki;UUS;Finland;;;0
7349;-1;-1;Travis;Willis;;75;226;2008-11-12;Oshawa;ON;Canada;;;0
7350;77;77;David;Schill;;73;213;2009-1-13;Kosice;KOS;Slovakia;;;0
7351;-1;-1;Tom·s;Jelinek;;75;220;2009-6-23;CeskÈ Budejovice;JIH;Czech Republic;;;0
7352;83;83;JÈrÈmy;Lefebvre;;74;213;2009-6-26;Montreal;QC;Canada;;;0
7353;81;81;Jean-Christophe;Lapierre;;71;207;2008-7-26;Matane;QC;Canada;;;0
7354;67;67;Adam;Morenz;;71;193;2008-12-2;Moose Jaw;SK;Canada;;;0
7355;76;76;Kari;Tiuraniemi;;74;221;2008-11-26;Stockholm;STO;Sweden;;;0
7356;80;80;Steve;Gragg;;75;218;2009-1-14;Bell;CA;The United States;;;0
7357;-1;-1;Daniel;Sestak;;71;187;2008-10-16;Ostrava;MOR;Czech Republic;;;0
7358;-1;-1;Fabian;Maier;;76;231;2008-11-2;Ternitz;NIE;Austria;;;0
7359;-1;-1;Jacob;Hansson;;71;203;2008-11-18;Malmˆ;SKÂ;Sweden;;;0
7360;-1;-1;Paavo;Erik;;74;221;2008-7-20;Narva;IDA;Estonia;;;0
7361;-1;-1;Andriy;Demchenko;;73;213;2009-6-12;Chervona Polyana;LUH;Ukraine;;;0
7362;-1;-1;Ville;Lindholm;;74;191;2008-12-18;ƒht‰ri;SOS;Finland;;;0
7363;-1;-1;Daniil;Zheltyshev;;74;221;2008-10-7;Kyzyl;TUV;Russia;;;0
7364;71;71;Johannes;Nissinen;;74;225;2008-12-13;Savonlinna;SSA;Finland;;;0
7365;70;70;Julian;Lewis;;73;215;2008-10-7;Winnipeg;MB;Canada;;;0
7366;-1;-1;Alex;Pelletier;;73;213;2008-8-20;Saguenay;QC;Canada;;;0
7367;-1;-1;Jim;DeClare;;72;192;2008-7-16;Mobile;AL;The United States;;;0
7368;76;76;Jean-David;Lussier;;74;219;2009-1-22;Rimouski;QC;Canada;;;0
7369;73;73;Marvin;Grimes;;77;233;2009-6-14;Warren;MI;The United States;;;0
7370;-1;-1;Bojan;Mumlek;;72;205;2009-1-11;Zagreb;GRA;Croatia;;;0
7371;74;74;Jess;Chalifoux;;74;206;2009-2-21;Montreal;QC;Canada;;;0
7372;74;74;Barney;Waller;;72;210;2009-5-31;San Luis Obispo;CA;The United States;;;0
7373;-1;-1;Aleksandras;Arlauskis;;71;188;2008-11-23;Silute;KLA;Lithuania;;;0
7374;-1;-1;Martin;Luza;;74;192;2008-7-29;Komarno;NIT;Slovakia;;;0
7375;153;153;John;Ernstsson;;71;201;2008-10-19;Alfta;G‰V;Sweden;;;0
7376;-1;-1;Dzmitry;Rahozhkin;;72;207;2009-1-12;Viljejka;MIN;Belarus;;;0
7377;-1;-1;Brian;Lessard;;72;181;2008-11-1;Vancouver;BC;Canada;;;0
7378;-1;-1;Emil;Jacobsen;;74;198;2009-4-10;Copenhagen;FRE;Denmark;;;0
7379;75;75;Harry;Mattern;;74;210;2009-8-24;Edmonton;AB;Canada;;;0
7380;-1;-1;Joe;Powell;;70;200;2008-7-12;Goshen;IN;The United States;;;0
7381;151;152;Christophe;Gauvreau;;71;201;2008-8-31;Ajax;ON;Canada;Russia;;0
7382;76;76;Tikhon;Ganus;;71;199;2008-10-17;Ottawa;ON;Canada;;;0
7383;81;81;Matthew;Lain;;75;213;2009-6-27;Mississauga;ON;Canada;;;0
7384;-1;-1;Petr;Mlcuch;;72;208;2009-3-6;Veversk· BÌt˝ska;JHM;Czech Republic;;;0
7385;-1;-1;Bryan;Atkinson;;72;199;2008-9-23;Oakville;ON;Canada;;;0
7386;79;79;Cohen;Williams;;77;212;2009-7-26;Keremeos;BC;Canada;;;0
7387;153;153;Urban;Omerbasic;;71;201;2008-11-13;Trbovlje;ZAS;Slovenia;;;0
7388;-1;-1;Vladyslav;Zhdanov;;72;202;2009-3-13;Prymorskyy;KRY;Ukraine;;;0
7389;74;74;Mike;Terrion;;71;206;2009-5-15;Welland;ON;Canada;;;0
7390;76;76;Juan Jose;JimÈnez;;76;209;2009-5-22;Houston;MO;The United States;;;0
7391;-1;-1;Joshua;Bouchard;;73;218;2008-8-31;Grand Falls;NB;Canada;;;0
7392;71;71;Anthony;McLeod;;76;232;2009-6-29;Edmonton;AB;Canada;;;0
7393;67;67;Justin;Amesbury;;74;219;2009-3-17;Lantz;NS;Canada;;;0
7394;80;80;Harlan;Gialedakis;;71;201;2008-11-12;Mississauga;ON;Canada;;;0
7395;-1;-1;Vladislav;Lovenetsky;;77;213;2008-9-14;Moscow;MOS;Russia;;;0
7396;71;71;Bruno;Jourdain;;73;197;2009-2-12;Gatineau;QC;Canada;;;0
7397;82;82;Stefan;Marshall;;75;203;2009-6-24;Toronto;ON;Canada;;;0
7398;-1;-1;Maksim;Adler;;71;196;2008-11-19;Saratov;SAR;Russia;;;0
7399;74;74;Calder;Hamilton;;72;207;2009-3-8;Martensville;SK;Canada;;;0
7400;76;76;James;Storey;;71;201;2009-2-6;Thornhill;ON;Canada;;;0
7401;-1;-1;Fabian;Olin;;74;214;2008-11-12;÷rebro;÷RE;Sweden;;;0
7402;-1;-1;Martin;Czudek;;76;204;2009-4-7;Nov˝ JicÌn;MOR;Czech Republic;;;0
7403;70;70;Fabien;Hamelin;;72;202;2009-3-26;Coquitlam;BC;Canada;;;0
7404;-1;-1;Dmitry;Apalkov;;74;202;2008-10-23;Petropavlovskaya;KRA;Russia;;;0
7405;84;84;Robby;Pace;;76;199;2009-1-22;Bayonne;NJ;The United States;;;0
7406;-1;-1;Pavel;Yakhimovich;;71;194;2008-10-20;Buda-Koshelyovo;GOM;Belarus;;;0
7407;-1;-1;Vadzim;Dranchuk;;73;208;2009-4-15;Staryye Dorogi;MIN;Belarus;;;0
7408;82;82;Dylan;Ades;;73;212;2009-3-14;Grande Prairie;AB;Canada;;;0
7409;70;70;Forest;Sweet;;73;217;2009-2-7;Amarillo;TX;The United States;;;0
7410;106;106;Dan;Moretto;;71;206;2008-7-17;Gabriola Island;BC;Canada;;;0
7411;113;113;Brett;Dougherty;;72;207;2009-3-14;Winnipeg;MB;Canada;;;0
7412;-1;-1;Brandon;Tataryn;;75;222;2008-8-16;Surrey;BC;Canada;;;0
7413;110;110;Jaakko;Wycisk;;73;214;2009-1-1;Windsor;ON;Canada;Germany;;0
7414;119;119;Alex;Zaleski;;72;210;2009-2-12;Toronto;ON;Canada;;;0
7415;-1;-1;William;Hakansson Jr.;;77;210;2007-10-8;Solna;STO;Sweden;;;0
7416;107;107;Jesse;Big Canoe;;74;219;2009-7-5;Kelowna;BC;Canada;;;0
7417;-1;-1;Andrius;Larriva;;73;212;2008-7-25;Kaunas;KAU;Lithuania;;;0
7418;111;111;Cameron;Leveille;;69;181;2009-6-16;Thunder Bay;ON;Canada;;;0
7419;118;118;Jeff;Card;;72;204;2008-9-24;Port Stanley;ON;Canada;;;0
7420;-1;-1;Gabriel;Maheux;;72;211;2008-10-12;Boucherville;QC;Canada;;;0
7421;108;108;Dominick;Byrtus;;74;222;2009-4-21;Philadelphia;PA;Czech Republic;The United States;;0
7422;116;116;Jurgis;Cans;;72;211;2008-8-23;Riga;RIG;Latvia;;;0
7423;-1;-1;Francis;BÈdard;;73;209;2008-9-16;BÈcancour;QC;Canada;;;0
7424;114;114;Jan;Musil;;72;210;2009-8-4;Koprivnice;MOR;Czech Republic;;;0
7425;121;121;Danny;Jamieson;;74;223;2009-6-13;Ajax;ON;Canada;;;0
7426;108;108;Jesse;Zambon;;73;204;2009-4-24;Surrey;BC;Canada;;;0
7427;-1;-1;Luca;Leuenberger;;71;201;2008-9-10;Jona;SG;Switzerland;;;0
7428;146;146;Mathieu;DubÈ;;77;236;2008-10-11;Montreal;QC;Canada;;;0
7429;-1;-1;Libor;Janovsky;;75;195;2009-6-22;Hradec KralovÈ;KRA;Czech Republic;;;0
7430;-1;-1;Antero;M‰kinen;;72;214;2008-8-11;Helsinki;UUS;Finland;;;0
7431;-1;-1;Carl;Olsson;;75;199;2008-11-17;Karlskrona;BLE;Sweden;;;0
7432;-1;-1;Ondrej;Triska;;72;205;2008-9-12;⁄stÌ nad Labem;UST;Czech Republic;;;0
7433;47;47;Joey;Bowen;;74;220;2008-9-4;Springwater;ON;Canada;;;0
7434;117;117;Bjorn;Selander;;71;200;2009-2-14;Malmˆ;SKÂ;Sweden;;;0
7435;-1;-1;Ryan;Zivkovic;;75;225;2008-12-31;Delta;BC;Canada;;;0
7436;115;115;Tyler;Fox;;73;213;2009-2-15;Novato;CA;The United States;;;0
7437;-1;-1;Jalmari;Grˆnlund;;73;214;2009-4-1;Helsinki;UUS;Finland;;;0
7438;114;114;William;Larocque;;72;207;2008-10-10;Saint-Lazare;QC;Canada;;;0
7439;-1;-1;Hendrik;M‰nd;;75;199;2009-3-26;Noo;TAR;Estonia;;;0
7440;109;109;Shaun;Hendrick;;77;235;2009-1-20;Ottawa;ON;Canada;;;0
7441;17;17;Boston;Tait;;75;224;2009-4-13;Estevan;SK;Canada;;;0
7442;-1;-1;Stefano;Bartoletti;;74;222;2008-12-28;Sainte-Marthe-sur-le-Lac;QC;Canada;;;0
7443;122;122;Curt;Carpenter;;73;203;2009-1-15;Sherwood Park;AB;Canada;;;0
7444;113;113;Jekabs;Vegse;;75;225;2009-6-14;Riga;RIG;Latvia;;;0
7445;120;120;Graeme;Pickering;;73;189;2009-3-22;St. Adolphe;MB;Canada;;;0
7446;-1;-1;Claude;Proulx;;73;216;2008-11-26;Saint-Odilon-de-Cranbourne;QC;Canada;;;0
7447;-1;-1;Kenny;Mackey;;77;221;2008-7-29;Whitby;ON;Canada;;;0
7448;-1;-1;Julian;Taggart;;75;211;2008-11-14;Simcoe;ON;Canada;;;0
7449;115;115;Cale;Greentree;;78;239;2008-10-8;Barrie;ON;Canada;;;0
7450;-1;-1;Marko;Kolga;;75;215;2009-1-31;Voru;VOR;Estonia;;;0
7451;120;120;Allan;Dawson;;75;214;2008-11-9;Prince Albert;SK;Canada;;;0
7452;110;110;Sebastian;Huisman;;71;205;2009-3-15;Chilliwack;BC;Canada;;;0
7453;107;107;Alex;Antonacci;;74;206;2009-6-20;Milton;ON;Canada;;;0
7454;-1;-1;Pat;Marker;;74;193;2008-7-23;Winnipeg;MB;Canada;;;0
7455;121;121;Cody;Gamble;;73;201;2009-3-31;Ottawa;ON;Canada;;;0
7456;105;105;Austin;Anning;;72;212;2009-3-13;Whitby;ON;Canada;;;0
7457;113;113;Travis;Rathsack;;72;209;2008-8-5;Barrie;ON;Canada;;;0
7458;107;107;Julien;Brosseau;;72;190;2009-2-22;Brampton;ON;Canada;;;0
7459;120;120;Eugene;Withecombe;;72;208;2009-1-8;Newburgh;NY;The United States;;;0
7460;-1;-1;Adam;Konrad;;72;211;2008-9-12;Cobourg;ON;Canada;;;0
7461;115;115;Massimo;Rendina;;71;201;2009-6-16;Kalmar;KAL;Sweden;;;0
7462;122;122;Vyacheslav;Uchayev;;72;215;2009-4-27;Kuressaare;SAA;Estonia;;;0
7463;-1;-1;Lukas;Straka;;72;200;2009-5-27;MarianskÈ Lazne;KAR;Czech Republic;;;0
7464;105;105;Donovan;Johnson;;73;213;2009-5-6;Grande Prairie;AB;Canada;;;0
7465;106;106;Braedan;MacLean;;74;200;2009-5-21;Kelowna;BC;Canada;;;0
7466;112;112;Ben;Smart;;72;207;2009-6-23;Toronto;ON;Canada;;;0
7467;-1;-1;Daniel;Delmore;;73;210;2008-8-25;Oshawa;ON;Canada;;;0
7468;119;119;Billy;Bennett;;71;201;2008-8-30;St. John's;NL;Canada;;;0
7469;-1;-1;Yevgeny;Makhankov;;72;208;2008-9-11;Starokamyshinsk;CHE;Russia;;;0
7470;108;108;Greg;Sheehy;;73;215;2009-1-23;Ottawa;ON;Canada;;;0
7471;105;105;Leonard;Grudmanis;;76;233;2009-4-15;Drummondville;QC;Canada;North Korea;;0
7472;-1;-1;Kenny;Mattsson;;72;197;2009-4-9;Uppsala;UPP;Sweden;;;0
7473;108;108;Corey;Quilty;;71;202;2009-2-16;Drummondville;QC;Canada;;;0
7474;-1;-1;Kyle;Peterson;;73;211;2008-9-30;Sudbury;ON;Canada;;;0
7475;-1;-1;Stepan;Micek;;75;227;2008-11-23;Odry;MOR;Czech Republic;;;0
7476;47;47;Chris;Inness;;72;202;2008-10-29;Penticton;BC;Canada;;;0
7477;-1;-1;Marc-Antoine;Villeneuve;;74;219;2008-10-1;Laval;QC;Canada;;;0
7478;117;117;Lukas;Kachlir;;71;201;2009-9-5;Liberec;LIB;Czech Republic;;;0
7479;108;8;Devin;Pinizzotto;;74;221;2008-8-14;Toronto;ON;Canada;;;0
7480;136;136;Gustav;Svensson;;78;232;2008-9-5;Malmˆ;SKÂ;Sweden;;;0
7481;-1;-1;Sam;Dybdal;;75;223;2008-12-17;Barrie;ON;Canada;;;0
7482;-1;-1;Daniil;Mazanov;;72;199;2009-1-30;Krasnoslobodsk;MOR;Russia;;;0
7483;116;116;Nico;Hitz;;73;215;2009-1-4;Montreal;QC;Canada;;;0
7484;120;120;Alexandre;Caron;;72;210;2009-2-9;Thetford Mines;QC;Canada;;;0
7485;-1;-1;Rock-Antoine;NÈron;;73;208;2008-9-21;Edmundston;NB;Canada;;;0
7486;-1;-1;Fabian;Eriksson;;75;226;2009-2-27;H‰rnˆsand;V‰S;Sweden;;;0
7487;116;116;Levi;Gauthier;;77;235;2008-11-29;Toronto;ON;Canada;;;0
7488;118;118;Jaxson;Crema;;74;206;2009-3-10;Napanee;ON;Canada;;;0
7489;115;115;Oliver;Andrle;;72;207;2009-1-20;Svitavy;PAR;Czech Republic;;;0
7490;109;109;Stephen;Sember;;71;201;2008-9-23;Toronto;ON;Canada;;;0
7491;112;112;Zachary;Klukay;;76;225;2009-1-25;Halifax;NS;Canada;;;0
7492;116;116;Jordan;Penashue;;77;237;2009-4-1;Edmonton;AB;Canada;;;0
7493;-1;-1;Bert;Welander;;76;194;2009-5-19;Huddinge;STO;Sweden;;;0
7494;140;140;Olivier;Cloutier;;72;210;2008-9-27;Montreal;QC;Canada;;;0
7495;120;120;Jason;Murphy;;75;210;2009-1-29;Burnaby;BC;Canada;;;0
7496;-1;-1;Anatoliy;Kravchenko;;74;205;2009-4-13;Donetsk;DON;Ukraine;;;0
7497;115;115;Luca;Santala;;72;201;2009-7-28;Zurich;ZH;Finland;;;0
7498;-1;-1;Severin;B‰cker;;77;210;2009-5-22;Remchingen;BAD;Germany;;;0
7499;-1;-1;John;Grundstrˆm;;73;205;2009-3-12;Leksand;DAL;Sweden;;;0
7500;-1;-1;Jiri;Hlavacek;;74;195;2009-6-4;Bystrice pod Host˝nem;ZLN;Czech Republic;;;0
7501;-1;-1;Ludvig;Nilsson;;73;213;2009-2-10;Kumla;÷RE;Sweden;;;0
7502;-1;-1;Chris;McInerney;;71;201;2008-10-12;Mississauga;ON;Canada;;;0
7503;107;107;Sam;Slavik;;72;201;2008-12-28;Guelph;ON;Canada;;;0
7504;-1;-1;Dmitry;Andreyev;;74;201;2008-8-2;Ufa;BAS;Russia;;;0
7505;-1;-1;Joel;Postma;;72;208;2008-12-5;Mitchell;ON;Canada;;;0
7506;-1;-1;Eric;Sundman;;73;216;2008-9-20;Kinna;V‰S;Sweden;;;0
7507;115;115;Tommy;BÈliveau;;71;204;2008-9-27;Toronto;ON;Canada;;;0
7508;-1;-1;Einar;Grundstrˆm;;75;212;2008-7-31;Staffanstorp;SKÂ;Sweden;;;0
7509;-1;-1;Brett;Barteaux;;71;201;2008-9-14;Toronto;ON;Canada;;;0
7510;-1;-1;Sergey;Vasilyev;;73;188;2009-6-21;Lvovskoye;KRA;Russia;;;0
7511;-1;-1;J·n;Halda;;73;199;2009-5-16;Nemsova;TRE;Slovakia;;;0
7512;113;113;Arvid;Bystrom;;78;248;2009-7-14;Visby;GOT;Sweden;;;0
7513;109;109;Michael;Stanfield;;74;205;2009-2-20;South Stormont;ON;Canada;;;0
7514;121;121;Simon-Pierre;Landry;;71;201;2009-4-24;Terrebonne;QC;Canada;;;0
7515;-1;-1;Erik;Molnar;;77;223;2009-5-18;Malacky;BRA;Slovakia;;;0
7516;-1;-1;Alexandre;Patel;;74;219;2008-11-25;Montreal;QC;Canada;;;0
7517;-1;-1;Chris;LeMasurier;;71;196;2008-10-28;Prince George;BC;Canada;;;0
7518;111;111;FÈlix;Roy;;71;204;2009-2-12;Saint-Basile-le-Grand;QC;Canada;;;0
7519;-1;-1;Lucas;Lyon;;76;229;2008-9-9;Edmonton;AB;Canada;;;0
7520;-1;-1;Anton;Kihlstrˆm;;71;203;2008-11-5;Karlskoga;÷RE;Sweden;;;0
7521;114;114;Filip;Klaesson;;71;202;2009-1-27;Toholampi;CEN;Finland;;;0
7522;116;116;Vincent;PichÈ;;73;202;2009-5-29;Laval;QC;Canada;Germany;;0
7523;120;120;Matthew;Halverson;;71;203;2008-10-11;Guelph;ON;Canada;;;0
7524;132;132;Alexis;Turgeon;;74;221;2008-10-31;Murdochville;QC;Canada;;;0
7525;-1;-1;Dmytro;Yablonskyi;;75;208;2008-8-18;Yevpatoriya;KRY;Ukraine;;;0
7526;-1;-1;Angus;Raedeke;;74;217;2008-12-24;Vancouver;BC;Canada;;;0
7527;-1;-1;Samuel;Larose;;74;198;2008-8-5;Terrebonne;QC;Canada;;;0
7528;-1;-1;Michael;Karapita;;72;191;2008-7-20;Orono;ON;Canada;;;0
7529;-1;-1;Patrik;Sila;;73;212;2008-7-30;Trbovlje;ZAS;Slovenia;;;0
7530;114;114;Emmerson;Hendy;;71;205;2009-6-27;Edmonton;AB;Canada;;;0
7531;113;113;Thomas;Marleau;;78;211;2009-5-25;Bowmanville;ON;Canada;;;0
7532;-1;-1;Lukas;Studenik;;71;202;2008-11-10;ZlÌn;ZLN;Czech Republic;;;0
7533;111;111;Daniil;Yermolov;;71;202;2009-2-15;Voronezh;VOR;Russia;;;0
7534;121;121;Philippe;CÙtÈ;;73;218;2008-10-5;Leamington;ON;Canada;;;0
7535;-1;-1;Vaclav;Jahoda;;71;201;2009-2-7;NavsÌ;MOR;Czech Republic;;;0
7536;116;116;Michael;Fadden;;71;203;2008-12-9;Abbotsford;BC;Canada;;;0
7537;122;122;Oscar;Wennberg;;71;202;2009-7-9;G‰vle;G‰V;Sweden;;;0
7538;109;109;Curtis;Herbert;;72;202;2009-6-4;Orillia;ON;Canada;;;0
7539;110;110;Dylan;LaferriËre;;73;207;2008-11-25;Laval;QC;Canada;;;0
7540;109;109;Joaquin;Geras;;75;227;2009-1-17;Calgary;AB;Canada;;;0
7541;-1;-1;Grahame;Lesuk;;78;233;2008-12-27;Toronto;ON;Canada;;;0
7542;110;110;Michael;Vukovic;;72;210;2008-10-13;Saskatoon;SK;Canada;;;0
7543;-1;-1;Dan;Schaller;;71;185;2008-8-4;Stamford;CT;The United States;;;0
7544;-1;-1;Karsten;Hexe;;78;218;2008-10-16;Winnenden;BAD;Germany;;;0
7545;105;105;Matt;Trapp;;74;210;2009-6-12;Sault Ste. Marie;ON;Canada;;;0
7546;-1;-1;Kirill;Solovyov;;75;227;2008-11-3;Ramenskoye;MOS;Russia;;;0
7547;118;118;Tyler;Bennett;;72;187;2009-6-3;Niagara Falls;ON;Canada;;;0
7548;120;120;Carl;TÈtreault;;75;220;2008-8-25;Terrebonne;QC;Canada;;;0
7549;-1;-1;Ayaz;Sadiqov;;72;204;2009-5-5;Bazarnyy Karabulak;SAR;Russia;;;0
7550;111;111;Jason;Dierickse;;71;200;2009-1-17;Hamilton;ON;Canada;Russia;;0
7551;112;112;Matt;Ward;;72;209;2009-2-24;Vahto;SOU;Finland;The United States;;0
7552;-1;-1;Lukas;Soucek;;73;208;2009-4-15;Brno;JHM;Czech Republic;;;0
7553;109;109;Joe;Wacker;;77;225;2009-7-1;Tooele;UT;The United States;;;0
7554;-1;-1;Federico;Waterhouse;;74;197;2008-6-17;South Dundas;ON;Canada;;;0
7555;-1;-1;Noah;Girard;;74;201;2007-10-21;Sudbury;ON;Canada;;;0
7556;-1;-1;Samuel;Desjardins;;78;203;2006-10-16;Montreal;QC;Canada;;;0
7557;-1;-1;Charles-Anthony;CÙtÈ;;73;191;2006-11-12;Drummondville;QC;Canada;;;0
7558;-1;-1;Anthony;Dagenais;;72;180;2006-11-16;Sherbrooke;QC;Canada;;;0
7559;97;97;Francesco Vitale;Azzali;;72;207;2008-1-13;Ottawa;ON;Canada;;;0
7560;-1;-1;Pancho;Delgado;;71;149;2006-8-19;Waterloo;QC;Canada;;;0
7561;-1;-1;Vital;Jean;;76;192;2006-11-19;Quebec City;QC;Canada;;;0
7562;-1;-1;Carl;CÙtÈ;;73;179;2008-8-22;Fredericton;NB;Canada;;;0
7563;-1;-1;Abraham;Abbas;;71;170;2007-5-14;Toronto;ON;Canada;;;0
7564;-1;-1;Charles-David;Chalifoux;;74;215;2008-10-12;Saint-RÈmi;QC;Canada;;;0
7565;-1;-1;Isaac;Dunsmore;;77;177;2006-5-9;Dieppe;NB;Canada;;;0
7566;-1;-1;Maxim;Michaud;;76;230;2006-1-14;Bathurst;NB;Canada;;;0
7567;-1;-1;Harry;Stevenson;;76;217;2008-4-2;West View;PA;The United States;;;0
7568;-1;-1;T.J.;Agar;;70;174;2006-2-8;Ottawa;ON;Canada;;;0
7569;-1;-1;Alex;Morisset;;74;190;2006-6-4;Toronto;ON;Canada;;;0
7570;-1;-1;Nik;McMonagle;;71;178;2007-11-29;South Frontenac;ON;Canada;;;0
7571;-1;-1;Yanic;Fortin;;73;199;2008-4-25;Dieppe;NB;Canada;;;0
7572;-1;-1;Josh;Craft;;71;179;2006-8-9;Brampton;ON;Canada;China;;0
7573;-1;-1;Anthony;Dion;;71;190;2008-4-18;Sainte-Justine;QC;Canada;;;0
7574;-1;-1;Jeffrey;Shaver;;71;187;2006-7-4;Ancaster;ON;Canada;;;0
7575;-1;-1;Guillaume;BÈrubÈ;;73;181;2006-5-15;Montreal;QC;Canada;;;0
7576;-1;-1;Dan;Wright;;70;152;2006-12-12;Melfort;SK;Canada;;;0
7577;-1;-1;Tyler;Carse;;73;213;2006-11-23;Lake Country;BC;Canada;;;0
7578;-1;-1;Justin;Schellenberg;;75;217;2006-11-18;Langley;BC;Canada;;;0
7579;-1;-1;Brett;Beaulne;;74;219;2006-9-19;Toronto;ON;Canada;;;0
7580;80;80;Brenden;Climie;;76;197;2009-11-10;Edmonton;AB;Canada;;;0
7581;64;64;Jeremy;Berry;;76;219;2009-11-24;Winnipeg;MB;Canada;;;0
7582;-1;-1;RaphaÎl;Ricard;;73;207;2007-6-24;Trois-RiviËres;QC;Canada;;;0
7583;-1;-1;Clayton;Dumart;;78;169;2007-5-15;Longueuil;QC;Canada;;;0
7584;110;110;Louis-Charles;Leblanc;;73;194;2009-8-24;Laval;QC;Canada;;;0
7585;118;118;Phil;Simard;;73;175;2009-3-22;Montreal;QC;Canada;;;0
7586;97;97;Kobe;Gray;;74;190;2009-1-13;Picton;ON;Canada;;;0
7587;-1;-1;John;Stroud;;68;162;2007-6-14;Norway;MI;The United States;;;0
7588;-1;-1;Bill;Flynt;;75;183;2008-2-10;Hazel Park;MI;The United States;;;0
7589;101;101;Alex;Zaharko;;77;204;2009-12-29;Toronto;ON;Canada;;;0
7590;-1;-1;Craig;Obodiac;;74;186;2008-3-18;Toronto;ON;Canada;;;0
7591;-1;-1;Greg;Angelopolous;;74;191;2007-9-12;Sundre;AB;Canada;;;0
7592;-1;-1;Cole;Watkins;;74;210;2007-3-22;Kamloops;BC;Canada;;;0
7593;82;82;Sam;Rabbitt;;74;194;2009-7-11;New Westminster;BC;Canada;;;0
7594;-1;-1;Jeremy;Godby;;72;185;2007-6-10;Calgary;AB;Canada;;;0
7595;66;66;Stephen;Smagala;;73;188;2009-5-9;Kindersley;SK;Canada;;;0
7596;79;79;Mike;Bozek;;75;220;2009-12-2;Edmonton;AB;Canada;;;0
7597;-1;-1;Brett;Pfeifer;;70;171;2008-6-30;Calgary;AB;Canada;;;0
7598;66;66;Vinny;Raymond;;73;208;2009-1-26;Calgary;AB;Canada;;;0
7599;-1;-1;Greg;Braun;;73;191;2008-7-9;Cambridge;ON;Canada;;;0
7600;93;93;Simone;Labate;;72;174;2009-9-6;Toronto;ON;Canada;;;0
7601;-1;-1;Brent;Schwartz;;72;209;2007-9-27;St. Marys;ON;Canada;;;0
7602;101;101;Tony;Trew;;71;204;2009-8-27;Ottawa;ON;Canada;;;0
7603;-1;-1;Theron;Newell;;72;166;2007-12-12;Kingsford;MI;The United States;;;0
7604;101;101;Ryan;Johansson;;71;188;2009-11-18;Mississauga;ON;Canada;;;0
7605;2;2;James;Hagens;;73;218;2006-11-3;Hauppauge;NY;The United States;;;0
7606;0;0;Michael;Misa;;72;207;2007-2-16;Mississauga;ON;Canada;;;0
7607;19;19;Reese;Hamilton;;72;209;2007-3-26;Whitewood;SK;Canada;;;0
7608;154;154;Cole;Reschny;;71;202;2007-4-6;Macklin;SK;Canada;;;0
7609;28;28;Jabez;Seymour;;76;220;2007-7-27;Burnaby;BC;Canada;;;0
7610;155;154;Cole;Temple;;72;191;2007-3-20;Brandon;MB;Canada;;;0
7611;1;1;Philippe;Veilleux;;72;205;2007-3-26;Brossard;QC;Canada;;;0
7612;1;1;William;Moore;;75;226;2007-3-24;Mississauga;ON;Canada;;;0
7613;1;1;Henry;Brzustewicz;;73;217;2007-2-9;Washington;DC;The United States;;;0
7614;20;20;Matthew;Schaefer;;74;208;2007-9-5;Brampton;ON;Canada;;;0
7615;2;2;Jackson;Smith;;75;225;2007-5-13;Calgary;AB;Canada;;;0
7616;150;7;Brady;Martin;;72;208;2007-3-16;Waterloo;ON;Canada;;;0
7617;28;28;Jeremy;Martin;;74;220;2007-2-6;Ajax;ON;Canada;;;0
7618;53;8;Jordan;Gavin;;72;207;2006-11-13;Surrey;BC;Canada;;;0
7619;7;7;Aiden;Young;;73;217;2007-4-18;London;ON;Canada;;;0
7620;153;152;Bill;Zonnon;;75;227;2006-10-3;Montreal;QC;Canada;;;0
7621;-1;-1;Pierce;Bohemier;;75;193;2009-9-27;Mississauga;ON;Canada;;;0
7622;102;102;Matthew;Bracken;;74;211;2010-1-17;London;ON;Canada;;;0
7623;87;87;Ted;Stibbard;;73;204;2010-2-6;Surrey;BC;Canada;;;0
7624;89;89;Mitchell;Danberg;;71;203;2010-5-25;Abbotsford;BC;Canada;;;0
7625;92;92;Riley;Calder;;77;219;2010-5-23;Toronto;ON;Canada;;;0
7626;98;98;Blair;Beaupre;;73;213;2009-7-22;Vancouver;BC;Canada;;;0
7627;-1;-1;David;Savary;;69;178;2009-10-31;Geneva;GE;Switzerland;Russia;;0
7628;87;87;Lewis;Parent;;70;190;2010-5-13;Calgary;AB;Canada;;;0
7629;103;103;Robert;MacKey;;74;206;2010-5-11;Orchards;WA;The United States;;;0
7630;94;94;Tyler;Simpson;;74;199;2009-8-9;Barrie;ON;Canada;;;0
7631;103;103;Trent;Reyes;;74;188;2009-8-27;Delta;BC;Canada;;;0
7632;-1;-1;Filip;Eriksson;;76;201;2010-6-14;Huddinge;STO;Sweden;;;0
7633;93;93;Tyler;Johnson;;75;199;2009-11-9;Hinton;AB;Canada;;;0
7634;87;87;Noah;Grenier;;75;217;2010-5-24;Quebec City;QC;Canada;;;0
7635;-1;-1;Jimmy;Nilsson;;72;206;2009-8-26;Gˆteborg;V‰S;Sweden;;;0
7636;103;103;Xavier;Beaulieu;;71;201;2010-1-4;Laval;QC;Canada;;;0
7637;-1;-1;Anze;Japelj;;75;226;2009-11-18;Ljubljana;OSR;Slovenia;;;0
7638;-1;-1;Max;Wiberg;;76;205;2009-8-26;Hallstahammar;V‰S;Sweden;;;0
7639;92;92;Dallas;Levangie;;73;182;2009-8-28;Louise;MB;Canada;;;0
7640;92;92;Andrew;Marek;;76;217;2010-5-4;Toronto;ON;Canada;;;0
7641;102;102;Alessio;Danieli;;70;198;2010-3-15;Quebec City;QC;Canada;;;0
7642;95;95;Jesse;Spinks;;71;185;2010-5-19;Toronto;ON;Canada;;;0
7643;92;92;Francesco;Liguori;;73;205;2010-5-4;Toronto;ON;Canada;;;0
7644;85;85;Brady;Simpson;;73;201;2009-11-17;Thunder Bay;ON;Canada;;;0
7645;91;91;Murray;Kytaychuk;;71;185;2010-6-9;Hamilton;ON;Canada;;;0
7646;-1;-1;Rickard;Tˆrnqvist;;74;197;2010-6-1;Stockholm;STO;Sweden;;;0
7647;86;86;Gabriel;Gobeil;;74;210;2009-11-9;Rouyn-Noranda;QC;Canada;;;0
7648;103;103;Thomas;Hayden;;74;206;2010-6-6;Surrey;BC;Canada;;;0
7649;86;86;Anthony;Carone;;73;198;2010-1-16;Montreal;QC;Canada;;;0
7650;-1;-1;Jacob;Rousseau;;72;207;2009-12-26;Mistissini;QC;Canada;;;0
7651;87;87;John;Dryden;;71;189;2009-10-9;Brooks;AB;Canada;;;0
7652;-1;-1;Gerard;Janssen;;72;208;2009-10-14;Hilversum;NOO;The Netherlands;;;0
7653;89;89;Alex;Neufeld;;73;212;2010-6-8;Cape Breton Regional Municipality;NS;Canada;;;0
7654;97;97;Evan;Snyder;;73;185;2009-11-23;Ottawa;ON;Canada;;;0
7655;87;87;Justin;Papineau;;71;201;2010-1-6;Ottawa;ON;Canada;;;0
7656;86;86;Pierre-Maxime;Leduc;;73;189;2009-12-9;Drummondville;QC;Canada;;;0
7657;-1;-1;Magne;Thygesen;;76;215;2009-8-1;Esbjerg;RIB;Denmark;;;0
7658;85;85;Tanner;Hebenton;;71;201;2010-2-25;Mississauga;ON;Canada;;;0
7659;93;93;Nick;Dunlop;;75;209;2010-1-26;Lethbridge;AB;Canada;;;0
7660;89;89;Alan;Hunt;;72;204;2009-11-16;Calgary;AB;Canada;;;0
7661;99;99;Nick;Reimer;;75;213;2010-7-4;West Vancouver;BC;Canada;;;0
7662;85;85;Mitch;Kapelusznik;;74;199;2009-8-18;Chatham-Kent;ON;Canada;;;0
7663;98;98;Craig;Zulyniak;;72;199;2009-11-26;Mount Pearl;NL;Canada;;;0
7664;104;104;Stefan;Lundstrˆm;;72;207;2009-12-3;≈re;J‰M;Sweden;;;0
7665;91;91;Justin;Jones;;72;207;2009-12-9;Oshawa;ON;Canada;;;0
7666;97;97;Ryan;Auch;;74;204;2010-6-7;Thornhill;ON;Canada;;;0
7667;-1;-1;Maksim;Loshkarev;;72;188;2009-9-5;Riga;RIG;Latvia;;;0
7668;96;96;Dean;Gustafson;;72;207;2009-8-3;Burnaby;BC;Canada;;;0
7669;87;87;Brady;Morin;;73;218;2009-10-20;Mont-Saint-Hilaire;QC;Canada;;;0
7670;102;102;Grayden;Stairs;;77;225;2009-11-17;Brampton;ON;Canada;;;0
7671;94;94;Marcus;Murden;;72;188;2010-2-28;Burnaby;BC;Canada;;;0
7672;86;86;Nick;Bennett;;72;199;2010-4-16;Camano;WA;The United States;;;0
7673;97;97;Alfie;Garcia;;72;207;2010-2-22;Cape Breton Regional Municipality;NS;Canada;;;0
7674;91;91;Leo;Moyer;;73;197;2009-10-30;Halifax;NS;Canada;;;0
7675;92;92;Muhammet Ali;Erdem;;74;205;2010-1-18;Duisburg;NOR;Germany;Malaysia;;0
7676;90;90;Chris;McCormack;;72;197;2010-1-12;Edmonton;AB;Canada;;;0
7677;104;104;Tommy;GrÈgoire;;77;208;2010-3-18;Dalhousie;NB;Canada;;;0
7678;99;99;Ignacio;Aguilar;;70;188;2010-4-13;Houston;TX;The United States;;;0
7679;98;98;Pedro;Buriel;;74;222;2010-5-8;Lincoln Park;CO;The United States;;;0
7680;94;94;Matt;Pickering;;74;192;2010-6-27;Stirling;ON;Canada;;;0
7681;98;98;Sherwood;Stevens;;71;203;2010-6-4;Weston;FL;The United States;;;0
7682;88;88;Phil;Marois;;69;196;2009-11-25;Salaberry-de-Valleyfield;QC;Canada;;;0
7683;91;91;Gord;Sainsbury;;73;196;2010-6-1;North Bay;ON;Canada;;;0
7684;92;92;Mike;Eizenman;;72;207;2009-12-9;CÙte Saint-Luc;QC;Canada;;;0
7685;90;90;Luc-Olivier;Pelletier;;71;184;2009-9-27;Quebec City;QC;Canada;;;0
7686;-1;-1;Tatu;Mutikainen;;70;162;2009-12-24;Loppi;KAN;Finland;;;0
7687;-1;-1;Jan;Polak;;72;186;2010-4-19;N˝rsko;PLZ;Czech Republic;;;0
7688;95;95;Frank;MacMaster;;71;198;2010-2-12;Lloydminster;AB;Canada;;;0
7689;88;88;Gabriel;Lavoie;;73;210;2009-11-12;Port-Alfred-Bagotville;QC;Canada;;;0
7690;98;98;Shane;Murphy;;72;207;2009-12-31;Pickering;ON;Canada;;;0
7691;95;95;Richard;Foster;;72;207;2009-9-20;Richmond Hill;ON;Canada;;;0
7692;86;86;Mike;Laplante;;74;199;2009-10-9;Toronto;ON;Canada;;;0
7693;92;92;Colin;Looby;;74;194;2009-8-2;Fort McMurray;AB;Canada;;;0
7694;100;100;Corey;Southwick;;71;205;2009-9-14;Riverhead;NY;The United States;;;0
7695;92;92;Lukas;Ligocki;;77;204;2010-3-10;Ostrava;MOR;Czech Republic;;;0
7696;101;101;Danny;Etienne;;77;210;2010-3-29;Cambridge;ON;Canada;;;0
7697;87;87;Glenn;Ashe;;75;210;2010-1-19;Vernon Hills;IL;The United States;;;0
7698;-1;-1;Islam;Nurmagambetov;;72;207;2010-1-2;Taraz;JAM;Kazakhstan;;;0
7699;95;95;Tuomo;Pyykkˆ;;72;207;2009-12-13;Mikkeli;SSA;Finland;;;0
7700;90;90;Matthew;Dallaire;;75;203;2010-2-22;Longueuil;QC;Canada;;;0
7701;86;86;Marcus;Simmonds;;72;208;2009-11-11;Happy Valley-Goose Bay;NL;Canada;;;0
7702;92;92;Simon;Dubois;;71;184;2009-9-13;Calgary;AB;Canada;;;0
7703;85;85;Stefan;Howes;;73;201;2009-10-12;Courtenay;BC;Canada;;;0
7704;96;96;Chad;Van Landeghem;;74;224;2010-6-2;Chase;BC;Canada;;;0
7705;97;97;Quintin;Obernesser;;73;193;2010-2-10;Mission;BC;Canada;;;0
7706;96;96;Chad;Stumpf;;76;201;2010-1-15;North Vancouver;BC;Canada;;;0
7707;88;88;Maximilian;McDonald;;72;210;2009-12-14;Toronto;ON;Canada;;;0
7708;100;100;Cole;Kozun;;74;221;2009-8-19;Toronto;ON;Canada;;;0
7709;103;103;Shaun;Filippelli;;77;224;2010-4-24;Edmonton;AB;Canada;;;0
7710;99;99;Jeff;Cole;;72;199;2009-12-11;Muskogee;OK;The United States;;;0
7711;99;99;Armon;Poole;;71;201;2009-8-7;Fort Meade;FL;The United States;;;0
7712;102;102;Hayden;Szaszkiewicz;;74;187;2010-5-16;Burlington;ON;Canada;;;0
7713;-1;-1;Borek;Klic;;74;208;2009-12-2;Hranice;OLO;Czech Republic;;;0
7714;97;97;Bud;Johnson;;74;196;2010-2-23;Vaughan;ON;Canada;;;0
7715;-1;-1;Mardiros;Bedrosyan;;74;194;2009-7-19;Omsk;OMS;Russia;;;0
7716;89;89;Marko;Colbert;;74;191;2009-11-25;Norfolk County;ON;Canada;;;0
7717;87;87;Karl;Pachal;;75;193;2009-11-20;East St. Paul;MB;Canada;;;0
7718;89;89;Steven;Harvey;;72;194;2010-1-3;Richmond;BC;Canada;;;0
7719;102;102;Filip;Svensson;;73;218;2010-4-14;Gˆteborg;V‰S;Sweden;;;0
7720;87;87;Oliver;Salmi;;72;206;2009-10-14;Kuopio;NSA;Finland;;;0
7721;-1;-1;Pavelas;Cepulionis;;73;199;2010-6-5;Kedainiai;KAU;Lithuania;;;0
7722;-1;-1;Marat;Daurenbek;;75;220;2010-2-1;Almaty;ALM;Kazakhstan;;;0
7723;95;95;Tyler;Shank;;73;205;2010-2-12;Burnaby;BC;Canada;;;0
7724;-1;-1;Jan;Smid;;75;200;2010-6-25;StarÈ Mesto;ZLN;Czech Republic;;;0
7725;94;94;Keith;Goulden;;73;213;2009-10-10;Mississauga;ON;Canada;;;0
7726;101;101;Brayden;Mack;;71;196;2009-9-2;St. Albert;AB;Canada;;;0
7727;104;104;Cody;Clippingdale;;72;211;2010-6-11;Sutton;ON;Canada;;;0
7728;104;104;Jeremy;Derer;;72;207;2009-8-12;Richmond Hill;ON;Canada;;;0
7729;87;87;Derek;Ellis;;75;203;2009-9-23;Cambridge;ON;Canada;;;0
7730;100;100;Nolan;Holt;;72;208;2009-8-14;Hamilton;ON;Canada;;;0
7731;-1;-1;Jˆrgen;Fristedt;;71;188;2009-9-1;Kalix;NOR;Sweden;;;0
7732;-1;-1;Michal;TÛth;;72;203;2010-5-31;Zilina;ZIL;Slovakia;;;0
7733;-1;-1;John;Lindstrˆm;;77;230;2009-12-18;Uppsala;UPP;Sweden;;;0
7734;94;94;Colton;Verstraete;;76;200;2010-1-15;Winnipeg;MB;Canada;;;0
7735;96;96;J.B.;Chyzyk;;71;187;2009-10-12;Pickering;ON;Canada;;;0
7736;99;99;Matt;Esau;;70;196;2010-2-15;Caledon;ON;Canada;;;0
7737;104;104;Kevin;Richardson;;71;181;2009-10-21;Ramtown;NJ;The United States;;;0
7738;95;95;Daniel;Desrochers;;72;201;2009-9-11;Beauceville;QC;Canada;;;0
7739;96;96;Seth;Wentzel;;72;210;2009-9-13;Foremost;AB;Canada;;;0
7740;-1;-1;Adam;Fiser;;77;237;2009-11-1;Jablunkov;MOR;Czech Republic;;;0
7741;99;99;Todd;Anstey;;75;202;2009-12-3;Edmonton;AB;Canada;;;0
7742;85;85;Brett;Kaun;;75;217;2010-1-13;Port Coquitlam;BC;Canada;;;0
7743;97;97;Mark;Moss;;74;224;2009-9-2;Chilliwack;BC;Canada;;;0
7744;90;90;Pierre-…mile;MassÈ;;72;201;2009-12-30;Longueuil;QC;Canada;;;0
7745;-1;-1;Bohdan;Pavlenko;;71;181;2009-8-21;Baranovichi;BRE;Belarus;;;0
7746;-1;-1;Tautvytas;Urbsys;;75;225;2010-3-2;Svencioneliai;VIL;Lithuania;;;0
7747;-1;-1;Adrian;Danihelka;;73;214;2009-9-12;⁄stÌ nad Labem;UST;Czech Republic;;;0
7748;-1;-1;Tom·s;Kruzik;;71;202;2010-2-9;Prague;PRA;Czech Republic;;;0
7749;100;100;Sal;Gilbert;;76;187;2010-7-4;Watertown;SD;The United States;;;0
7750;89;89;Patryk;Stephens;;75;219;2010-6-23;Charlottetown;PE;Canada;;;0
7751;101;101;Cedrick;Zafiris;;71;186;2009-10-28;Kamloops;BC;Canada;;;0
7752;92;92;Nick;Osiowy;;73;201;2009-9-4;Thunder Bay;ON;Canada;;;0
7753;-1;-1;Branko;Balic;;71;187;2010-1-19;Zagreb;GRA;Croatia;;;0
7754;86;86;Michael;Kroeker;;74;221;2010-5-3;Chilliwack;BC;Canada;;;0
7755;-1;-1;Valentin;Ylitalo;;73;192;2010-6-24;Lapua;SOS;Finland;;;0
7756;-1;-1;Flemming;Jensen;;75;191;2009-12-2;Viby;ROS;Denmark;;;0
7757;90;90;Emery;Tremwade;;71;193;2009-12-5;Providence;RI;The United States;;;0
7758;-1;-1;Filip;Schuster;;72;197;2009-11-22;Bratislava;BRA;Slovakia;;;0
7759;-1;-1;Miloslav;Vasica;;72;207;2009-8-20;Prague;PRA;Czech Republic;;;0
7760;-1;-1;Tom·s;Maslanka;;74;214;2009-9-13;Kezmarok;PRE;Slovakia;Russia;;0
7761;-1;-1;Andrey;Matkov;;75;225;2010-3-2;Taraz;JAM;Kazakhstan;;;0
7762;102;102;Slater;Wigle;;76;206;2009-8-15;Barrhead;AB;Canada;;;0
7763;-1;-1;Patrik;Engstrˆm;;75;203;2010-6-15;Landskrona;SKÂ;Sweden;;;0
7764;91;91;Rob;Holt;;74;214;2010-5-16;Thornhill;ON;Canada;;;0
7765;91;91;Philippe;Savard;;71;181;2009-8-13;Bedford;QC;Canada;;;0
7766;99;99;Jonathan;Millette;;71;203;2009-11-28;Hamilton;ON;Canada;China;;0
7767;-1;-1;Martin;Petr;;71;204;2010-3-10;VelesÌn;JIH;Czech Republic;;;0
7768;95;95;Allvin;Worthy;;75;222;2010-6-27;Buffalo;NY;The United States;;;0
7769;94;94;Justin-Claude;Bouchard;;75;221;2009-12-23;Montreal;QC;Canada;;;0
7770;-1;-1;Adrian;≈berg;;71;203;2009-11-15;Huddinge;STO;Sweden;;;0
7771;104;104;Carlo;Wares;;72;206;2010-3-24;Toronto;ON;Canada;;;0
7772;89;89;Jarret;Ward;;71;201;2009-11-1;Orangeville;ON;Canada;;;0
7773;91;91;Steven;Weiss;;71;189;2009-9-30;Belleville;ON;Canada;;;0
7774;94;94;Gregory;Proctor;;72;207;2009-9-23;Mission;BC;Canada;;;0
7775;-1;-1;Andrey;Maroz;;71;187;2009-11-19;Molodechno;MIN;Belarus;;;0
7776;98;98;Sam;Katic;;71;171;2009-9-15;Windsor;ON;Canada;;;0
7777;101;101;Mark;Riggle;;73;216;2009-10-28;St. Louis;MO;The United States;;;0
7778;-1;-1;Yevheniy;Kravchenko;;74;183;2010-2-17;Vyshneve;KYY;Ukraine;Germany;;0
7779;100;100;Dylan;Yakubowski;;72;202;2010-5-29;Millbrook;ON;Canada;;;0
7780;102;102;Keven;Tremblay;;73;213;2010-1-17;Montreal;QC;Canada;;;0
7781;79;79;Jason;Rayner;;72;210;2010-1-7;Quinte West;ON;Canada;;;0
7782;80;80;Josh;Therrien;;70;198;2010-1-1;Calgary;AB;Canada;;;0
7783;80;80;Kodie;Lightfoot;;71;199;2009-9-21;Toronto;ON;Canada;;;0
7784;66;66;Casey;Harris;;71;204;2009-12-27;Niagara Falls;ON;Canada;;;0
7785;80;80;Stephen;Valentino;;75;194;2009-11-9;Calgary;AB;Canada;;;0
7786;82;82;Raymond;Annesley;;73;209;2010-5-27;Kamloops;BC;Canada;;;0
7787;76;76;Reginald;Blacksmith;;71;201;2009-11-18;Edmonton;AB;Canada;;;0
7788;73;73;Tim;Stevens;;71;203;2009-12-27;Gilbert;AZ;The United States;;;0
7789;79;79;JÈrÈmy;Brouillette;;71;202;2009-10-6;La Prairie;QC;Canada;;;0
7790;63;63;Phil;Prince;;73;218;2010-5-4;East Bridgewater;MA;The United States;;;0
7791;71;71;Zack;Bach;;71;200;2009-9-30;Markham;ON;Canada;;;0
7792;76;76;Joshua;Litzenberger;;74;205;2009-12-10;Halifax;NS;Canada;;;0
7793;69;69;Millard;Burton;;74;201;2009-8-12;Thomasville;GA;The United States;;;0
7794;68;68;Marc-FranÁois;Brown;;77;230;2009-9-12;Notre-Dame-du-Mont-Carmel;QC;Canada;;;0
7795;84;84;Rafael;Garcia;;71;187;2010-2-23;Fort Myers;FL;The United States;;;0
7796;79;79;Denis;Davtyan;;76;211;2010-6-25;Dimitrovgrad;ULY;Russia;;;0
7797;68;68;Greg;Ellis;;72;203;2010-5-9;Charlottetown;PE;Canada;;;0
7798;63;63;Luca;Damours;;74;219;2009-12-7;Saint-Eustache;QC;Canada;;;0
7799;-1;-1;J·n;Srsen;;71;188;2009-9-25;Presov;PRE;Slovakia;;;0
7800;76;76;Maxime;Carignan;;71;201;2010-4-3;La Tuque;QC;Canada;;;0
7801;-1;-1;Timo;Kiviniemi;;72;207;2009-12-4;Savonlinna;SSA;Finland;;;0
7802;65;65;Alden;Neal;;75;208;2010-1-14;Swampscott;MA;The United States;;;0
7803;73;73;Bill;Hornbury;;76;212;2010-3-6;Norwood;PA;The United States;;;0
7804;74;74;Edwin;Caffery;;74;214;2010-5-16;Edmonton;AB;Canada;;;0
7805;83;83;Matt;Pimblott;;73;192;2010-4-12;Ottawa;ON;Canada;;;0
7806;63;63;Samuel;Gosselin;;73;217;2010-4-9;Woodstock;NB;Canada;;;0
7807;-1;-1;Aulis;Helander;;72;195;2010-6-27;Lohja;UUS;Finland;;;0
7808;-1;-1;Marcel;Emmenegger;;72;188;2009-10-15;Aadorf;TG;Switzerland;;;0
7809;80;80;Domenic;Hiebert;;71;199;2010-1-14;Vancouver;BC;Canada;;;0
7810;-1;-1;Antun;Safaric;;72;208;2009-9-2;Zagreb;GRA;Croatia;;;0
7811;-1;-1;Marek;Stastny;;75;204;2010-2-12;Mohelnice;OLO;Czech Republic;;;0
7812;71;71;Matt;McFadden;;75;225;2010-2-23;Schomberg;ON;Canada;;;0
7813;79;79;Gunner;Breed;;72;207;2010-5-12;San Elizario;TX;The United States;;;0
7814;-1;-1;Yunus Emre;Peker;;74;219;2009-11-7;Neuberend;SCH;Germany;;;0
7815;68;68;Nathan;Reid;;73;213;2010-5-1;Midland;ON;Canada;;;0
7816;68;68;Bob;Bletsoe;;71;203;2010-3-10;Wakefield-Peacedale;RI;The United States;;;0
7817;74;74;Terrance;Hilton;;71;206;2010-4-7;Whitehorse;YT;Canada;;;0
7818;80;80;Brett;Holden;;72;206;2010-3-21;Surrey;BC;Canada;;;0
7819;76;76;Adam;Bee;;75;226;2010-3-11;Sherwood Park;AB;Canada;;;0
7820;70;70;Nolan;Witherspoon;;71;194;2010-1-11;Lloydminster;AB;Canada;;;0
7821;77;77;Marc;Fluter;;71;213;2010-6-9;Peterborough;ON;Canada;;;0
7822;66;66;Lanny;Rutledge;;72;207;2010-1-8;Mansfield;OH;The United States;;;0
7823;83;83;Samuel;Gilbert;;77;213;2010-2-14;Saint-Charles-BorromÈe;QC;Canada;;;0
7824;78;78;Levi;Whelen;;72;197;2009-10-9;Toronto;ON;Canada;;;0
7825;-1;-1;Valtteri;Nurmi;;71;201;2010-4-17;Nousiainen;SOU;Finland;;;0
7826;-1;-1;Anton;Novikov;;75;202;2009-12-24;Syktyvkar;KOM;Russia;;;0
7827;-1;-1;Darius;Helms;;75;198;2010-5-26;Niederkassel;NOR;Germany;;;0
7828;83;83;Mitch;Robinson;;71;209;2010-5-29;Pictou;NS;Canada;;;0
7829;-1;-1;Dzmitry;Azarka;;75;220;2010-5-6;Mogilev;MOG;Belarus;;;0
7830;75;75;Bill;Astley;;76;214;2009-10-15;Lena;IL;The United States;;;0
7831;74;74;Peter;Lenz;;72;192;2010-1-15;M¸nster;HES;Germany;;;0
7832;84;84;Derick;Braun;;73;211;2009-11-6;Vancouver;BC;Canada;;;0
7833;74;74;Daniel;Lindsay;;73;198;2010-4-21;Toronto;ON;Canada;;;0
7834;69;69;Scott;De Wind;;74;208;2009-9-25;Sudbury;ON;Canada;;;0
7835;71;71;LoÔc;Bilodeau;;73;204;2010-5-13;Montreal;QC;Canada;;;0
7836;-1;-1;Aivars;Lapse;;74;204;2009-9-8;Gulbene;GUL;Latvia;;;0
7837;-1;-1;Uuras;Harmainen;;71;188;2009-7-29;Tammela;KAN;Finland;;;0
7838;84;84;Vince;Swan;;71;194;2009-12-27;Orillia;ON;Canada;;;0
7839;75;75;Brad;Gio;;69;191;2010-6-30;Sarnia;ON;Canada;;;0
7840;66;66;Stephen;Lanigan;;71;200;2010-1-29;Port Alberni;BC;Canada;;;0
7841;79;79;Tobie;Dumas;;74;213;2009-10-24;Amos;QC;Canada;;;0
7842;76;76;Antoine;Lapointe;;77;235;2009-9-9;Laval;QC;Canada;;;0
7843;83;83;Harvey;Shek;;73;214;2009-9-21;West Vancouver;BC;Canada;;;0
7844;66;66;Tim;O'Hyes;;71;185;2009-12-28;Harlingen;TX;The United States;;;0
7845;83;83;Jason;Ricard;;71;195;2010-1-10;Thornhill;ON;Canada;;;0
7846;66;66;Jim;Larson;;75;211;2009-10-22;Enfield;CT;The United States;;;0
7847;-1;-1;Ludvig;Gustavsson;;72;207;2010-4-29;Kalix;NOR;Sweden;;;0
7848;80;80;Richard;Samuelson;;72;207;2009-9-19;Hackensack;NJ;The United States;;;0
7849;72;72;Alexandre;Wong;;74;200;2009-11-9;CÙte Saint-Luc;QC;Canada;;;0
7850;-1;-1;Ilkka;Pajunen;;74;207;2009-12-10;Turku;SOU;Finland;;;0
7851;-1;-1;Jacob;Nordqvist;;76;218;2010-3-2;Malmˆ;SKÂ;Sweden;;;0
7852;70;70;Justin;Pictou;;72;207;2009-11-27;Capreol;ON;Canada;;;0
7853;-1;-1;Marek;Masek;;72;204;2010-6-8;Prague;PRA;Czech Republic;;;0
7854;73;73;Danick;Gaudreault;;74;197;2010-1-15;Rimouski;QC;Canada;;;0
7855;84;84;FrÈdÈric;Nault;;75;202;2010-2-24;Sainte-Marthe-sur-le-Lac;QC;Canada;;;0
7856;66;66;Theodore;Boffey;;73;210;2010-4-15;Shelbyville;IN;The United States;;;0
7857;69;69;Travis;Lester;;71;200;2010-3-11;Chicago;IL;The United States;;;0
7858;-1;-1;Zbynek;Pachta;;75;220;2010-3-13;Opava;MOR;Czech Republic;;;0
7859;80;80;Vincent;Richens;;75;230;2010-1-9;Sudbury;ON;Canada;;;0
7860;80;80;…tienne;JettÈ;;71;196;2010-3-12;Philadelphia;PA;The United States;;;0
7861;73;73;Kasen;Kwong;;72;209;2010-4-4;Richmond Hill;ON;Canada;;;0
7862;76;76;Chance;Bancroft;;71;207;2010-6-19;Ridgecrest;CA;The United States;;;0
7863;69;69;Rod;Dillabough;;71;210;2010-6-28;Jasper;AB;Canada;;;0
7864;69;69;Steven;Larocque;;71;187;2010-1-18;Toronto;ON;Canada;;;0
7865;72;72;Markus;Blanton;;71;193;2010-2-17;Monroe;NC;The United States;;;0
7866;64;64;Steve;Schmidt;;73;191;2010-1-19;Pembroke Pines;FL;The United States;;;0
7867;78;78;Darian;Mitchell;;73;187;2010-6-26;Charlottetown;PE;Canada;;;0
7868;-1;-1;Gustaf;Lindqvist;;72;190;2009-9-6;Norrkˆping;÷ST;Sweden;;;0
7869;-1;-1;Vaclav;Musil;;72;200;2009-9-30;Opava;MOR;Czech Republic;;;0
7870;64;64;Filip;Misurec;;73;217;2010-1-12;Tisovec;BAN;Slovakia;;;0
7871;-1;-1;RenÈ;Veith;;70;173;2010-2-26;Ahlen;NOR;Germany;;;0
7872;65;65;Alexander;Thorsson;;76;231;2010-5-10;Kiruna;NOR;Sweden;;;0
7873;67;67;Jax;Paul;;72;200;2010-1-19;Wadena;SK;Canada;;;0
7874;76;76;Olivier;RhÈaume;;72;193;2010-5-31;Saguenay;QC;Canada;;;0
7875;-1;-1;Mirza;Kramberger;;72;206;2010-7-3;Maribor;POD;Slovenia;;;0
7876;64;64;Jakub;Benisek;;73;200;2010-4-22;Brno;JHM;Czech Republic;;;0
7877;-1;-1;Gatis;Sevcenko;;72;195;2009-11-26;Ogre;OGR;Latvia;;;0
7878;81;81;Jakub;Fousek;;70;195;2010-3-6;Svitavy;PAR;Czech Republic;;;0
7879;67;67;Ladislav;Kos;;73;213;2010-5-17;Sumperk;OLO;Czech Republic;;;0
7880;-1;-1;Olavi;Laatikainen;;75;190;2009-7-20;Saarij‰rvi;FIN;Finland;;;0
7881;76;76;Cliff;Hernando;;72;196;2009-7-10;Toronto;ON;Canada;;;0
7882;76;76;Roland;Lewin;;72;206;2009-9-8;Honolulu;HI;The United States;;;0
7883;68;68;Jim;Wenham;;73;207;2010-2-24;Lethbridge;AB;Canada;;;0
7884;76;76;Lincoln;Farynuk;;71;198;2009-9-8;Cape Breton Regional Municipality;NS;Canada;;;0
7885;77;77;Roy;Lively;;72;191;2010-2-2;Oceanside;NY;The United States;;;0
7886;83;83;Ben;Kelly;;72;202;2010-4-8;Toronto;ON;Canada;;;0
7887;71;71;Charles;Stallkamp;;73;215;2009-7-19;Mount Pearl;NL;Canada;;;0
7888;63;63;Yanick;…mond;;72;186;2009-9-6;Blainville;QC;Canada;;;0
7889;70;70;Kurt;Meacham;;72;209;2009-10-14;St. Catharines;ON;Canada;;;0
7890;-1;-1;David;Jones;;78;212;2010-6-26;Koblenz;RHI;Germany;;;0
7891;63;63;Gabriel;Joly;;72;207;2010-6-11;Montreal;QC;Canada;;;0
7892;83;83;Tristan;Labrecque;;72;210;2010-1-4;Montreal;QC;Canada;;;0
7893;83;83;Scott;Cunningham;;75;211;2010-6-3;Brampton;ON;Canada;;;0
7894;67;67;Brett;Reeds;;75;225;2010-1-5;Markham;ON;Canada;;;0
7895;68;68;David;Maheux;;74;219;2009-8-1;LÈry;QC;Canada;;;0
7896;-1;-1;Henrik;Strand;;72;182;2010-4-22;Eskilstuna;SˆD;Sweden;;;0
7897;-1;-1;Jakub;Burkon;;72;201;2009-12-3;Breclav;JHM;Czech Republic;;;0
7898;83;8;Maxwell;Douglas;;76;231;2009-9-14;Skokie;IL;The United States;;;0
7899;81;81;Calvin;Baker;;72;195;2010-2-23;Port Dover;ON;Canada;;;0
7900;71;71;Eddie;Peterson;;72;197;2009-12-10;Shawnee;OK;The United States;;;0
7901;79;79;Alexandre;Roy;;74;199;2010-3-4;Saint-Germain-de-Grantham;QC;Canada;;;0
7902;79;79;Terry;Purpur;;72;194;2010-7-5;Short Hills;NJ;The United States;;;0
7903;-1;-1;Vitaly;Vadeyev;;72;195;2010-4-8;St. Petersburg;SAI;Russia;;;0
7904;79;79;Matt;Herbert;;74;219;2010-5-1;Ottawa;ON;Canada;;;0
7905;-1;-1;Alexander;B‰ckstrˆm;;74;195;2009-12-22;Rauma;SAT;Finland;;;0
7906;80;80;Jesper;Hˆjer;;76;217;2010-5-12;Sˆdert‰lje;STO;Sweden;;;0
7907;73;73;Leon;Green;;72;188;2009-9-13;Greeley;CO;The United States;;;0
7908;64;64;Dennis;Leung;;72;207;2010-6-25;View Royal;BC;Canada;;;0
7909;63;63;Matt;Shepherd;;74;219;2009-12-3;San Diego;CA;The United States;;;0
7910;77;77;FÈlix-Antoine;Plante;;73;213;2010-3-25;Alma;QC;Canada;;;0
7911;65;65;Eric;Chitwood;;73;213;2010-7-7;Ogden;UT;The United States;;;0
7912;74;74;Daniel;Klusacek;;75;212;2009-11-10;Rumburk;UST;Czech Republic;;;0
7913;72;72;Konstantin;Kozlov;;71;205;2009-8-13;Verkhneuralsk;CHE;Russia;;;0
7914;-1;-1;Stepan;Dolgikh;;77;218;2010-3-12;Riga;RIG;Latvia;;;0
7915;63;63;Nick;Eshenko;;73;205;2009-11-21;Toronto;ON;Canada;;;0
7916;-1;-1;Yevgeny;Levadny;;74;207;2009-9-12;Moscow;MOS;Russia;;;0
7917;-1;-1;Juraj;Fabian;;72;190;2009-11-19;Skalica;TRN;Slovakia;;;0
7918;63;63;Scott;Patterson;;72;198;2009-7-24;Edmonton;AB;Canada;;;0
7919;81;81;Brennan;Ruiz;;74;197;2009-8-29;Brampton;ON;Canada;;;0
7920;-1;-1;Christoffer;Gustavsson;;73;204;2009-7-31;TimrÂ;V‰S;Sweden;;;0
7921;-1;-1;Yevhen;Shkapenko;;73;200;2009-10-25;Kyiv;KYI;Ukraine;;;0
7922;-1;-1;Andrey;Dzyemyantsyey;;75;210;2010-1-18;Mogilev;MOG;Belarus;;;0
7923;72;72;Matt;Collins;;74;208;2009-11-12;Surrey;BC;Canada;;;0
7924;73;73;Lance;Rutledge;;75;223;2009-7-8;Del Rio;TX;The United States;;;0
7925;67;67;Graham;Uzuhashi;;74;203;2009-10-1;Kingston;ON;Canada;;;0
7926;70;70;Trent;Lofthouse;;74;222;2010-6-23;Toronto;ON;Canada;;;0
7927;-1;-1;Mark;Wolf;;71;197;2010-3-31;Wuppertal;NOR;Germany;;;0
7928;83;83;J.J.;Dingman;;73;199;2010-5-18;Cape Breton Regional Municipality;NS;Canada;;;0
7929;-1;-1;Alfred;Sepp‰l‰;;74;200;2010-6-4;Kemi;LAP;Finland;;;0
7930;-1;-1;Michal;Biro;;73;207;2010-1-9;Rimavska Sobota;BAN;Slovakia;;;0
7931;-1;-1;Vosip;Skavysh;;72;206;2009-8-12;Soligorsk;MIN;Belarus;;;0
7932;81;81;JoÎl;CÙtÈ;;72;187;2009-10-19;Saint-Constant;QC;Canada;;;0
7933;63;63;Philippe;Vinet;;71;201;2009-8-28;Montreal;QC;Canada;;;0
7934;71;71;Lars;Klassen;;73;213;2010-1-22;Surrey;BC;Canada;;;0
7935;75;75;Marc;Shewfelt;;73;213;2010-1-30;Mississauga;ON;Canada;;;0
7936;-1;-1;Gustaf;Westerlund;;73;210;2010-1-16;Landskrona;SKÂ;Sweden;;;0
7937;75;75;Wayne;Jeffrey;;75;197;2010-3-7;Cornwall;ON;Canada;;;0
7938;67;67;Michael;Turek;;76;216;2009-12-26;Toronto;ON;Canada;;;0
7939;-1;-1;Frantisek;Zach;;74;214;2009-9-10;Frenstat;MOR;Czech Republic;;;0
7940;81;81;Christopher;Lynch;;75;211;2010-1-14;Dieppe;NB;Canada;;;0
7941;76;76;John;Walsh;;71;198;2009-12-3;LÈvis;QC;Canada;;;0
7942;79;79;Andrew;Solomon;;72;177;2010-3-6;Castlegar;BC;Canada;;;0
7943;-1;-1;Ilgvars;Arcimovics;;75;219;2010-2-23;Jelgava;JEL;Latvia;;;0
7944;82;82;Daniel;Gidora;;72;211;2010-5-19;Orono;ON;Canada;;;0
7945;66;66;Kyle;Bissonnette;;73;197;2010-6-21;Ottawa;ON;Canada;;;0
7946;77;77;Kyle;Kazeil;;74;195;2009-11-2;Georgina;ON;Canada;;;0
7947;63;63;Nathan;Dussault;;71;201;2009-12-26;Saint-Jean-sur-Richelieu;QC;Canada;;;0
7948;81;81;Mattia;Miconi;;72;209;2009-8-30;Hauterive;QC;Canada;;;0
7949;-1;-1;Teemu;Laine;;76;208;2010-7-4;Helsinki;UUS;Finland;;;0
7950;81;81;Jordan;Carroll;;71;196;2009-11-5;Surrey;BC;Canada;;;0
7951;-1;-1;Tom;Nilsson;;72;208;2009-9-23;Str‰ngn‰s;SˆD;Sweden;;;0
7952;-1;-1;Adam;Hynek;;73;192;2009-7-24;HavlÌckuv Brod;VYS;Czech Republic;;;0
7953;67;67;Yohan;Dion;;74;201;2010-1-2;Quebec City;QC;Canada;;;0
7954;68;68;Chris;Morgan;;75;229;2009-11-18;Chichester;NH;The United States;;;0
7955;-1;-1;Martin;Karlsson;;72;193;2010-1-18;Gˆteborg;V‰S;Sweden;;;0
7956;74;74;Tyler;Laska;;73;218;2009-10-5;Vernon;BC;Canada;;;0
7957;-1;-1;Gustav;Axelsson;;76;204;2010-4-8;Gˆteborg;V‰S;Sweden;;;0
7958;119;119;Chad;Dornhoefer;;71;200;2010-3-15;Nelson;BC;Canada;;;0
7959;113;113;Daniel;Pearson;;75;198;2009-12-27;Delta;BC;Canada;;;0
7960;112;112;Jake;Jarry;;72;187;2009-8-12;High Level;AB;Canada;;;0
7961;118;118;Pier-Alexandre;CÙtÈ;;74;195;2010-2-24;Montreal;QC;Canada;;;0
7962;120;120;Graham;Gosling;;75;208;2010-4-15;Nanaimo;BC;Canada;;;0
7963;-1;-1;Adam;Prokop;;72;196;2009-8-5;HodonÌn;JHM;Czech Republic;;;0
7964;-1;-1;Gytis;Marciulionis;;73;213;2009-9-15;Klaipeda;KLA;Lithuania;;;0
7965;110;110;FÈlix;Bernier;;73;203;2009-7-29;Quebec City;QC;Canada;Belarus;;0
7966;122;122;Simon;Plouffe;;72;190;2009-7-27;La Prairie;QC;Canada;;;0
7967;116;116;Tristan;McEwan;;72;186;2009-9-15;Edmonton;AB;Canada;;;0
7968;106;106;Marc;Demers;;71;184;2009-7-31;Montreal;QC;Canada;;;0
7969;-1;-1;Yahor;Vyarstak;;72;207;2010-6-3;Logoisk;MIN;Belarus;;;0
7970;-1;-1;Tom·s;Kachyna;;73;209;2009-8-7;⁄pice;KRA;Czech Republic;;;0
7971;121;121;Anton;Yamkin;;71;179;2009-7-26;Chita;ZAB;Russia;;;0
7972;117;117;Roberto;GÛmez;;72;195;2010-6-26;Jamestown;CA;The United States;;;0
7973;118;118;Tommy;Blackbird;;75;230;2010-5-28;Cambridge;ON;Canada;;;0
7974;105;105;Keith;Hull;;72;198;2010-3-1;Windsor;ON;Canada;;;0
7975;-1;-1;Ondrej;Zajic;;71;197;2009-8-27;Pardubice;PAR;Czech Republic;;;0
7976;112;112;Marc-Antoine;VallÈe;;74;219;2009-9-28;LÈvis;QC;Canada;;;0
7977;122;122;Maxym;Belhumeur;;72;207;2010-1-19;Matane;QC;Canada;;;0
7978;118;118;Ryan;Bennett;;73;216;2010-3-8;Toronto;ON;Canada;;;0
7979;109;109;Kyle;Van Loan;;72;205;2009-7-11;Brampton;ON;Canada;;;0
7980;113;113;Chris;Young;;71;205;2009-12-23;Toronto;ON;Canada;;;0
7981;112;112;Braden;Fleming;;75;226;2009-10-15;Mississauga;ON;Canada;;;0
7982;115;115;Rob;Houston;;72;193;2010-3-24;Winnipeg;MB;Canada;;;0
7983;116;116;Alex;Page;;72;211;2009-11-15;Corner Brook;NL;Canada;;;0
7984;120;120;Alan;Pinay;;71;176;2010-3-24;Montreal;QC;Canada;;;0
7985;-1;-1;Andrey;Makowski;;73;213;2010-3-8;Soligorsk;MIN;Belarus;;;0
7986;-1;-1;Stefan;GrÛf;;72;192;2009-9-14;Bytca;ZIL;Slovakia;;;0
7987;-1;-1;Filip;Jahn;;77;205;2010-1-9;Detmarovice;MOR;Czech Republic;;;0
7988;115;115;Andrew;Campbell;;72;183;2010-3-27;Headingley;MB;Canada;;;0
7989;-1;-1;Benjamin;Persson;;76;224;2010-4-6;Enkˆping;UPP;Sweden;;;0
7990;114;114;Nick;Riviera;;74;219;2010-2-10;North Bay;ON;Canada;;;0
7991;120;120;Jayson;Pattison;;76;213;2010-3-25;Chilliwack;BC;Canada;;;0
7992;117;117;Jordan;Mazurak;;73;193;2009-12-19;Cambridge;ON;Canada;;;0
7993;108;108;Kevin;Stoesz;;71;201;2010-7-1;Burnaby;BC;Canada;;;0
7994;-1;-1;Marek;Cihla;;71;199;2010-3-3;Prague;PRA;Czech Republic;;;0
7995;116;116;Andrew;Maybury;;74;208;2009-11-8;Chilliwack;BC;Canada;;;0
7996;119;119;Yannik;Schmidt;;76;231;2010-2-10;Langenhagen;LOW;Germany;;;0
7997;118;118;Evalds;Roskovs;;74;207;2010-1-17;Riga;RIG;Latvia;;;0
7998;117;117;Russell;Wallace;;72;200;2009-9-19;Ottawa;ON;Canada;;;0
7999;107;107;Alex;Blois;;73;187;2010-5-1;Prince George;BC;Canada;;;0
8000;105;105;Robert;Keagan;;75;188;2010-2-15;Edmonton;AB;Canada;;;0
8001;111;111;Jarrett;Gale;;76;216;2010-2-17;Carleton Place;ON;Canada;;;0
8002;121;121;Joel;Wong;;71;199;2010-2-5;Nakusp;BC;Canada;;;0
8003;115;115;Robbie;Johnson;;73;215;2010-2-12;Saanich;BC;Canada;;;0
8004;-1;-1;Ondrej;Havlicek;;72;187;2010-2-10;Tlumacov;ZLN;Czech Republic;;;0
8005;106;106;Gabriel;LÈvesque;;73;210;2010-1-18;Longueuil;QC;Canada;;;0
8006;-1;-1;Hampus;Skoglund;;73;208;2010-1-27;Gˆteborg;V‰S;Sweden;;;0
8007;113;113;Luke;Salituro;;71;198;2009-12-2;Toronto;ON;Canada;;;0
8008;111;111;Steven;Miller;;72;206;2010-7-6;Regina;SK;Canada;;;0
8009;118;118;Vic;Brown;;73;213;2010-6-15;Winnipeg;MB;Canada;;;0
8010;112;112;Aleksandr;Faivilovich;;74;208;2009-9-7;Krasnoarmeysk;SAR;Russia;;;0
8011;109;109;Andrew;Crozier;;72;209;2010-6-28;Ottawa;ON;Canada;;;0
8012;108;108;Timothy;BÈrubÈ;;72;207;2009-8-12;Quebec City;QC;Canada;;;0
8013;107;107;Radek;Kocourek;;71;203;2010-7-2;Rokycany;PLZ;Czech Republic;;;0
8014;105;105;Jeremy;Matechuk;;74;193;2010-3-29;Ottawa;ON;Canada;;;0
8015;122;122;Carlos;Aguilar;;77;197;2009-12-10;Vancouver;BC;Canada;;;0
8016;119;119;Brandon;Scopelleti;;75;226;2010-1-20;Vaughan;ON;Canada;;;0
8017;114;114;Craig;Gaylie;;77;207;2009-12-9;Edmonton;AB;Canada;;;0
8018;116;116;Elvis;Lilly;;73;201;2010-5-10;Saskatoon;SK;Canada;;;0
8019;105;105;Tyson;Stewart;;73;199;2010-1-2;Mississauga;ON;Canada;;;0
8020;119;119;Dmitry;Kassikhin;;69;176;2010-1-14;Pushkinskiye Gory;PSK;Russia;;;0
8021;-1;-1;Ivars;Volfs;;71;182;2009-11-5;Rezekne;REZ;Latvia;;;0
8022;-1;-1;Adam;Rucka;;74;219;2010-4-7;Roûnov pod Radhoöt&#283;m;ZLN;Czech Republic;;;0
8023;121;121;Kevin;Meissner;;70;196;2010-3-25;Tillsonburg;ON;Canada;;;0
8024;114;114;Mayson;Ftoma;;73;218;2009-10-20;Vancouver;BC;Canada;;;0
8025;-1;-1;Filip;Zurek;;77;234;2010-3-19;Prague;PRA;Czech Republic;Cambodia;;0
8026;117;117;Eric;Tidey;;71;208;2009-11-12;Lethbridge;AB;Canada;;;0
8027;-1;-1;Denis;Edelson;;71;210;2009-8-24;Sergiyev Posad;MOS;Russia;;;0
8028;110;110;Gideon;Wood;;75;207;2009-8-8;Winnipeg;MB;Canada;;;0
8029;122;122;Yvan;Champagne;;73;202;2010-1-2;Quebec City;QC;Canada;;;0
8030;109;109;Pekka;Vartiainen;;76;231;2009-10-6;Pori;SAT;Finland;;;0
8031;106;106;Mike;Pettitt;;75;225;2010-1-29;North Vancouver;BC;Canada;;;0
8032;115;115;Mattia;Attanasio;;75;199;2009-7-19;Richmond Hill;ON;Canada;;;0
8033;107;107;Justin;Odam;;71;180;2010-1-6;Toronto;ON;Canada;;;0
8034;119;119;Brandon;McPherson;;72;207;2010-5-7;Saint John;NB;Canada;;;0
8035;109;109;Deric;Landry;;72;192;2010-2-24;Laval;QC;Canada;;;0
8036;109;109;Kristian;Nousiainen;;75;200;2010-6-11;Oulu;NOS;Finland;;;0
8037;107;107;Maksim;Aseyev;;75;198;2009-9-3;Novosibirsk;NOV;Russia;;;0
8038;108;108;Torrie;Fettig;;71;186;2009-10-3;Ottawa;ON;Canada;France;;0
8039;122;122;Jesse;Gadsby;;72;198;2010-5-6;Calgary;AB;Canada;;;0
8040;-1;-1;Filip;Martinek;;73;192;2009-10-19;Chomutov;UST;Czech Republic;;;0
8041;-1;-1;Frantisek;Masa;;74;219;2010-6-3;Rtyne v PodkrkonosÌ;KRA;Czech Republic;;;0
8042;106;106;Kent;MacBlain;;75;194;2009-11-14;St. Catharines;ON;Canada;;;0
8043;117;117;Adam;Trudel;;76;222;2010-3-31;Fergus;ON;Canada;;;0
8044;106;106;Ryan;Hochhausen;;75;200;2010-6-23;Brampton;ON;Canada;;;0
8045;114;114;Mike;Morley;;71;205;2009-10-21;Maple Ridge;BC;Canada;;;0
8046;117;117;Levi;Ysebaert;;71;204;2009-7-13;Kamloops;BC;Canada;;;0
8047;117;117;Lukas;Novotny;;74;196;2010-1-19;CeskÈ Budejovice;JIH;Czech Republic;;;0
8048;115;115;Worm;Player;;74;220;2010-3-17;Calgary;AB;Canada;;;0
8049;118;118;JÈrÈmy;Poulin;;72;194;2009-11-20;Trois-RiviËres;QC;Canada;;;0
8050;-1;-1;Midkhat;Adiyatullin;;76;218;2009-11-15;Ufa;BAS;Russia;;;0
8051;117;117;Noah;Walter;;72;207;2009-11-9;Barrie;ON;Canada;;;0
8052;-1;-1;Stefan;Mitter;;72;176;2009-11-12;Bratislava;BRA;Slovakia;;;0
8053;-1;-1;Volker;Gerlach;;76;207;2010-7-6;D¸sseldorf;NOR;Germany;;;0
8054;108;108;Isaiah;Tickets;;71;201;2009-9-30;Banff;AB;Canada;;;0
8055;114;114;Cody;Stoesz;;71;201;2009-8-28;Oakville;ON;Canada;;;0
8056;108;108;Alexandre;Falardeau;;75;196;2010-6-15;Drummondville;QC;Canada;;;0
8057;120;120;Luca;Tremblay;;72;178;2009-10-9;L'Assomption;QC;Canada;;;0
8058;110;110;Dylan;Pogue;;72;205;2009-10-8;Richmond;BC;Canada;;;0
8059;107;107;Robert;Picard;;72;193;2010-2-25;LÈvis;QC;Canada;;;0
8060;110;110;Mark;Stollery;;73;213;2009-10-6;Waterloo;ON;Canada;;;0
8061;113;113;Mac;Dalley;;73;215;2010-4-21;Lacombe;AB;Canada;;;0
8062;113;113;Jared;Hughes;;75;226;2010-5-25;Windsor;ON;Canada;;;0
8063;107;107;Maxime;Jacques;;75;200;2010-3-4;Montreal;QC;Canada;;;0
8064;-1;-1;Petrus;Susi;;73;193;2010-6-6;Inkoo;UUS;Finland;;;0
8065;108;108;John;Kiefer;;73;189;2010-3-29;Red Deer;AB;Canada;;;0
8066;115;115;Jeff;Convey;;71;188;2010-2-13;Edmonton;AB;Canada;;;0
8067;112;112;Bo;Short;;71;202;2009-11-27;Regina;SK;Canada;;;0
8068;110;110;Scott;Sheeran;;71;180;2010-2-17;Carbonear;NL;Canada;;;0
8069;117;117;Ilya;Horning;;72;207;2010-5-12;Richmond;BC;Canada;;;0
8070;112;112;Cyrus;Zion;;73;197;2009-7-14;Mississauga;ON;Canada;;;0
8071;121;121;Armin;Vogt;;74;196;2010-6-3;Urtenen;BE;Switzerland;;;0
8072;-1;-1;Andrin;Schoch;;75;190;2009-10-6;F‰llanden;ZH;Switzerland;;;0
8073;106;106;Geoff;Wotherspoon;;73;193;2009-8-22;Toronto;ON;Canada;;;0
8074;108;108;Alexandre;Rondeau;;74;217;2009-9-21;Gatineau;QC;Canada;;;0
8075;121;121;Jean-Christophe;VallÈe;;72;201;2010-6-30;Montreal;QC;Canada;;;0
8076;105;105;Samuel;Larouche;;72;188;2009-9-10;Beaconsfield;QC;Canada;;;0
8077;106;106;Morgan;Goddard;;72;205;2009-11-6;Toronto;ON;Canada;The United States;;0
8078;120;120;Alex;Hoganson;;71;198;2009-8-10;Toronto;ON;Canada;;;0
8079;-1;-1;Aslan;Zhumaskaliyev;;78;210;2010-4-15;Kulsary;ATY;Kazakhstan;;;0
8080;114;114;Shawn;Jones;;71;194;2010-5-29;Toronto;ON;Canada;;;0
8081;-1;-1;Ilya;Morozov;;72;193;2010-2-10;Arkhangelsk;ARK;Russia;;;0
8082;-1;-1;William;Bruhn;;72;207;2010-2-28;Stockholm;STO;Sweden;;;0
8083;108;108;Joe;Blankenship;;71;201;2010-4-20;Hartford;KY;The United States;;;0
8084;105;105;Matevi;Mishaov;;73;210;2010-6-17;Moscow;MOS;Russia;;;0
8085;111;111;Cass;Doak;;71;169;2009-8-22;Hamilton;ON;Canada;;;0
8086;110;110;Brian;Stecyk;;72;193;2010-3-26;Thornhill;ON;Canada;;;0
8087;109;109;Jeff;Tilston;;71;205;2009-10-18;St. Catharines;ON;Canada;;;0
8088;111;111;Anthony;Reid;;71;201;2009-9-23;Whitehorse;YT;Canada;;;0
8089;107;107;AndrÈ;Lavoie;;76;227;2009-8-17;Saint-JÈrÙme;QC;Canada;;;0
8090;105;105;Nicolas;Morneau;;75;227;2010-4-3;Lavaltrie;QC;Canada;;;0
8091;110;110;Aleksey;Yefremov;;72;204;2010-3-28;Skadovsk;KHE;Ukraine;;;0
8092;109;109;Marcus;Boomer;;73;210;2009-9-19;Kimberley;BC;Canada;;;0
8093;109;109;Alessio;Ali;;71;201;2009-11-5;County of Brant;ON;Canada;;;0
8094;-1;-1;Sylvius;Wiese;;72;212;2009-12-4;Berlin;BER;Germany;;;0
8095;120;120;Mickey;Lysko;;74;213;2010-6-27;Brampton;ON;Canada;;;0
8096;-1;-1;Leo;Helin;;71;201;2009-10-16;Mikkeli;SSA;Finland;;;0
8097;108;108;Derek;Kriz;;73;197;2010-4-6;Winnipeg;MB;Canada;;;0
8098;110;110;Brandon;Kyle;;73;203;2009-10-8;Steinbach;MB;Canada;;;0
8099;109;109;Yanni;Salisbury;;72;206;2010-3-14;London;ON;Canada;;;0
8100;-1;-1;Hermanni;V‰h‰maa;;77;226;2010-6-14;Juankoski;NSA;Finland;;;0
8101;92;92;Daniel;Cooper;;71;201;2009-3-13;County of Brant;ON;Canada;;;0
8102;-1;-1;Alex;Wooster;;74;209;2007-10-8;Oil City;PA;The United States;;;0
8103;-1;-1;William;Argue;;71;201;2008-9-28;Toronto;ON;Canada;;;0
8104;-1;-1;Josh;Weinrib;;72;200;2008-6-23;Toronto;ON;Canada;;;0
8105;-1;-1;Chris;Boyd;;74;191;2008-2-6;Ottawa;ON;Canada;;;0
8106;-1;-1;Dylan;Joaquin;;72;178;2007-6-30;Barrie;ON;Canada;;;0
8107;-1;-1;Jim;MacIldowie;;73;190;2008-10-8;Clio;MI;The United States;;;0
8108;116;116;Brett;Andersen;;73;194;2009-5-17;Halifax;NS;Canada;;;0
8109;107;107;William;Allard;;70;196;2009-5-13;Trois-RiviËres;QC;Canada;;;0
8110;-1;-1;J.R.;Nicholishen;;75;197;2007-1-22;Montreal;QC;Canada;;;0
8111;-1;-1;Marc-Antoine;Pilote;;72;211;2008-7-4;Montreal;QC;Canada;;;0
8112;-1;-1;Mark;Billingham;;71;187;2007-5-9;Surrey;BC;Canada;;;0
8113;-1;-1;Ryne;Booth;;73;185;2008-2-16;Vancouver;BC;Canada;;;0
8114;-1;-1;Alex;Macaulay;;73;179;2007-6-3;Victoria;BC;Canada;;;0
8115;79;79;Dave;Parker;;71;202;2009-8-16;Kingsgate;WA;The United States;;;0
8116;-1;-1;Carsen;Thomson;;73;175;2008-2-4;Prince Albert;SK;Canada;;;0
8117;67;67;Dustin;Frawley;;73;192;2009-1-28;Calgary;AB;Canada;;;0
8118;63;63;Brandon;Entmaa;;76;180;2009-12-11;Calgary;AB;Canada;;;0
8119;77;77;Steven;Gaylie;;72;155;2009-5-24;Vancouver;BC;Canada;;;0
8120;-1;-1;Vincent;Cyr;;73;214;2007-1-26;Baie-Saint-Paul;QC;Canada;;;0
8121;-1;-1;Jeff;Miller;;71;212;2007-9-15;Saskatoon;SK;Canada;;;0
8122;-1;-1;Eduardo;Castro;;71;172;2007-11-16;Amity Gardens;PA;The United States;;;0
8123;-1;-1;Boone;Dezainde;;71;176;2008-7-20;Regina;SK;Canada;;;0
8124;-1;-1;Jesse;Illingworth;;70;165;2007-7-22;Calgary;AB;Canada;;;0
8125;-1;-1;Kory;Crawley;;73;186;2008-10-17;Winkler;MB;Canada;;;0
8126;-1;-1;Dillon;Lough;;74;206;2008-12-11;Toronto;ON;Canada;;;0
8127;-1;-1;Jared;North;;72;205;2008-3-27;Saskatoon;SK;Canada;;;0
8128;-1;-1;Ryan;Holota;;71;169;2007-11-22;Markham;ON;Canada;;;0
8129;-1;-1;Mike;Walton;;72;181;2008-7-15;Ottawa;ON;Canada;;;0
8130;-1;-1;Clayton;Marker;;72;188;2008-5-18;Winnipeg;MB;Canada;;;0
8131;-1;-1;Brady;McCaffrey;;74;190;2007-12-23;Porcupine;ON;Canada;;;0
8132;-1;-1;Bill;O'Connor;;74;201;2008-5-1;Portland;OR;The United States;;;0
8133;77;77;Mitchell;Smith;;71;191;2009-12-26;Regina;SK;Canada;;;0
8134;-1;-1;J.B.;Robinson;;73;179;2007-3-1;North Battleford;SK;Canada;;;0
8135;118;118;MichaÎl;Poisson;;71;199;2008-9-24;Vaudreuil-Dorion;QC;Canada;;;0
8136;-1;-1;Andrew;May;;71;204;2007-11-7;Campbell River;BC;Canada;;;0
8137;85;85;Andrew;Westfall;;73;212;2009-6-11;Toronto;ON;Canada;;;0
8138;-1;-1;Brian;Johnson;;70;186;2008-4-22;Ottawa;ON;Canada;;;0
8139;-1;-1;Matthew;Elson;;76;191;2007-9-11;Regina;SK;Canada;;;0
8140;69;69;Marty;Scott;;72;179;2009-12-9;Kamloops;BC;Canada;;;0
8141;121;121;Jean-Daniel;Houle;;77;185;2009-7-31;Laval;QC;Canada;;;0
8142;-1;-1;Stephen;Strong;;70;209;2007-12-21;Winnipeg;MB;Canada;;;0
8143;-1;-1;Max;McNaughton;;72;171;2008-10-23;St-Pierre-Jolys;MB;Canada;;;0
8144;110;110;Pierre-Yves;Labrecque;;74;205;2010-9-9;Trois-RiviËres;QC;Canada;;;0
8145;121;121;Samuel;Gagnon;;71;159;2009-8-12;Mascouche;QC;Canada;Ukraine;;0
8146;120;120;Rhys;Dulay;;73;186;2010-1-16;New Maryland;NB;Canada;;;0
8147;109;109;Joey;Bernier;;72;175;2010-2-12;Campbellton;NB;Canada;;;0
8148;120;120;Louis-Joseph;Boucher;;76;190;2009-8-12;Ch‚teauguay;QC;Canada;;;0
8149;105;105;Nicolas;Collin;;69;169;2009-6-14;Elsipogtog First Nation;NB;Canada;;;0
8150;113;113;Riley;Isaac;;70;191;2010-11-19;Sydney;NS;Canada;;;0
8151;108;108;Zack;Demme;;71;193;2009-7-12;Summerside;PE;Canada;;;0
8152;-1;-1;Marcello;Minotti;;72;177;2008-10-5;Niagara Falls;ON;Canada;;;0
8153;102;102;Jordan;Kessy;;73;218;2009-4-24;Toronto;ON;Canada;;;0
8154;-1;-1;Kenneth;Wise;;71;164;2008-8-3;Toronto;ON;Canada;;;0
8155;87;87;Brandon;Sarkka;;71;172;2009-8-11;Oakville;ON;Canada;;;0
8156;89;89;Darby;Beirnes;;71;173;2009-11-27;Thamesford;ON;Canada;;;0
8157;63;63;Jordan;Boys;;72;175;2009-11-7;Red Deer;AB;Canada;;;0
8158;80;80;Alex;Leveille;;74;192;2009-8-14;Calgary;AB;Canada;;;0
8159;73;73;Mike;Dean;;72;211;2010-11-19;Aloha;OR;The United States;;;0
8160;84;84;Taylor;Halwas;;74;202;2010-10-18;Vancouver;BC;Canada;;;0
8161;-1;-1;Chris;Gordon;;72;200;2008-11-18;Abbotsford;BC;Canada;;;0
8162;109;109;Malik;Barwinsky;;72;171;2009-6-24;Charlottetown;PE;Canada;;;0
8163;107;107;Vic;Gignac;;74;204;2009-12-1;Charlottetown;PE;Canada;;;0
8164;86;86;Russell;Nason;;75;195;2010-4-17;Oakville;ON;Canada;;;0
8165;88;88;Anthony;Parker;;73;178;2009-11-30;Freeland;MI;The United States;;;0
8166;-1;-1;Spencer;Halverson;;72;160;2008-7-21;Whitby;ON;Canada;;;0
8167;-1;-1;Trevor;Kachowski;;71;211;2008-11-21;Adjala-Tosorontio;ON;Canada;;;0
8168;-1;-1;Braiden;Hopkins;;69;168;2008-8-20;Peterborough;ON;Canada;;;0
8169;1;1;Gavin;McKenna;;72;212;2007-12-20;Whitehorse;YT;Canada;;;0
8170;48;14;Ryan;Lin;;71;181;2008-4-18;Richmond;BC;Canada;;;0
8171;124;124;Daxon;Rudolph;;74;221;2008-3-6;Lacombe;AB;Canada;;;0
8172;18;18;Keaton;Verhoeff;;78;219;2008-6-19;Fort Saskatchewan;AB;Canada;;;0
8173;25;25;Mathis;Preston;;73;201;2008-7-21;Penticton;BC;Canada;;;0
8174;-1;-1;T;M;;71;196;2001-6-28;St. Albert;AB;Canada;;;0
8175;12;12;Ty;Meunier;;71;202;2008-8-16;St. Albert;AB;Canada;;;0
8176;155;154;Ryan;Roobroeck;;75;207;2007-9-25;London;ON;Canada;;;0
8177;37;27;Brek;Liske;;73;200;2008-1-9;Beausejour;MB;Canada;;;0
8178;131;1;Aaron;Sawatzky;;74;197;2008-5-18;Didsbury;AB;Canada;;;0
8179;73;23;Liam;Ruck;;72;203;2008-2-20;Osoyoos;BC;Canada;;;0
8180;131;1;Markus;Ruck;;73;195;2008-2-21;Osoyoos;BC;Canada;;;0
8181;124;124;Carson;Carels;;74;215;2008-6-23;Surrey;BC;Canada;;;0
8182;2;2;Joe;Iginla;;72;193;2008-8-13;Lake Country;BC;Canada;;;0
8183;141;25;Brett;Olson;;75;178;2008-2-24;Spruce Grove;AB;Canada;;;0
8184;24;24;Adam;Nemec;;72;208;2007-10-18;Liptovsk˝ Mikulas;ZIL;Slovakia;;;0
8185;21;21;Xavier;Villeneuve;;71;193;2007-9-29;Rimouski;QC;Canada;;;0
8186;19;19;Dayne;Beuker;;71;202;2008-3-23;Humboldt;SK;Canada;The United States;;0
8187;87;87;Presten;Churla;;75;201;2010-9-24;Victoria;BC;Canada;;;0
8188;-1;-1;Aleksanteri;Kiisseli;;72;188;2011-6-28;Helsinki;UUS;Finland;;;0
8189;-1;-1;Martin;Tallon;;71;198;2011-7-6;Ottawa;ON;Canada;;;0
8190;101;101;Taylor;Neely;;74;219;2010-9-27;Campbell River;BC;Canada;;;0
8191;93;93;Tyler;Mazzei;;72;202;2010-9-14;Winnipeg;MB;Canada;;;0
8192;97;97;Robert;Herbert;;73;200;2010-8-31;Chilliwack;BC;Canada;;;0
8193;-1;-1;Jaroslav;Bednarik;;71;213;2011-5-30;Luhacovice;ZLN;Czech Republic;;;0
8194;-1;-1;Martin;Jaros;;74;210;2010-9-19;Chomutov;UST;Czech Republic;;;0
8195;87;87;Adam;Svensson;;73;196;2010-11-13;Oskarshamn;KAL;Sweden;;;0
8196;-1;-1;Liam;Ouellet;;75;197;2011-1-14;Montreal;QC;Canada;;;0
8197;92;92;Devon;Shead;;71;201;2011-2-26;Fort McPherson;NT;Canada;;;0
8198;98;98;Nicolas;Campbell;;73;208;2010-11-14;Brossard;QC;Canada;;;0
8199;-1;-1;Aleksandr;Ryashentsev;;74;197;2011-6-15;Krasnoyarsk;KRA;Russia;;;0
8200;100;100;Steve;Warsofsky;;72;216;2010-11-15;Doral;FL;The United States;;;0
8201;-1;-1;Waldemar;Parzych;;71;184;2011-7-3;Visaginas;UTE;Lithuania;;;0
8202;99;99;Taylor;Brophy;;73;184;2010-11-20;Kelowna;BC;Canada;;;0
8203;98;98;Joachim;LÈtourneau;;74;210;2011-4-25;Bathurst;NB;Canada;;;0
8204;104;104;William;LegarÈ;;76;200;2011-3-24;Baie-Comeau;QC;Canada;;;0
8205;-1;-1;Luca;Broglia;;73;194;2011-2-22;Chatham-Kent;ON;Canada;;;0
8206;-1;-1;Johan;Lundgren;;74;222;2011-5-22;Eksjˆ;JˆN;Sweden;;;0
8207;97;97;Jonathan;Leblanc;;72;193;2010-10-27;Montreal;QC;Canada;;;0
8208;103;103;Matthew;Feeleus;;72;186;2010-9-6;Toronto;ON;Canada;;;0
8209;-1;-1;Ryan;Rush;;73;206;2010-8-13;Markham;ON;Canada;;;0
8210;97;97;Kyle;D'Agostino;;71;199;2010-9-12;Kindersley;SK;Canada;;;0
8211;-1;-1;Denis;Lizorkin;;72;185;2010-7-26;Cheremukhovo;SVE;Russia;;;0
8212;88;88;Aymeric;Bergeron;;71;194;2010-9-7;Montreal;QC;Canada;;;0
8213;85;85;Ben;Frayne;;76;204;2010-9-24;Kawartha Lakes;ON;Canada;;;0
8214;104;104;Maxime;Poirier;;73;203;2011-4-6;Montreal;QC;Canada;;;0
8215;-1;-1;Janis;Ayer;;71;196;2010-11-10;Dornach;SO;Switzerland;;;0
8216;-1;-1;Aleksandrs;Strods;;71;208;2011-3-29;Plavinas;AIZ;Latvia;;;0
8217;90;90;Stephen;Caines;;75;197;2010-7-30;Kawartha Lakes;ON;Canada;;;0
8218;96;96;Charlie;Carrier;;71;212;2011-3-29;RosemËre;QC;Canada;;;0
8219;99;99;Jamison;Mianscum;;74;184;2010-9-2;Saskatoon;SK;Canada;;;0
8220;103;103;Derek;Danforth;;74;200;2011-6-4;Peterborough;ON;Canada;;;0
8221;-1;-1;Martin;Hillstrˆm;;74;194;2010-12-13;Huddinge;STO;Sweden;;;0
8222;-1;-1;Oliver;Brandt;;73;206;2011-4-29;Gˆteborg;V‰S;Sweden;;;0
8223;-1;-1;Albert;Simonyan;;74;210;2010-7-20;Shelekhov;IRK;Russia;;;0
8224;95;95;Artyom;Serebryakov;;72;193;2010-7-28;Kamskiye Polyany;TAT;Russia;;;0
8225;102;102;Brandon;Kompon;;73;200;2011-4-7;Burnaby;BC;Canada;;;0
8226;95;95;Maxim;Audet;;73;188;2011-2-23;Hamilton;ON;Canada;;;0
8227;94;94;Alexis;Savard;;75;196;2011-6-7;Saint-Josephe-de-Beauce;QC;Canada;;;0
8228;-1;-1;Genadz;Kutuzaw;;74;196;2011-2-13;Ruba;VIT;Belarus;;;0
8229;97;97;David;Pearson;;73;213;2010-8-7;Toronto;ON;Canada;;;0
8230;85;85;Matthew;St-Georges;;73;205;2011-3-30;PercÈ;QC;Canada;;;0
8231;-1;-1;Elias;Palmqvist;;72;189;2011-4-3;Malmˆ;SKÂ;Sweden;;;0
8232;98;98;Jason;Dallman;;72;207;2010-11-3;Saint John;NB;Canada;;;0
8233;96;96;James;McGinn;;73;191;2011-3-12;Toronto;ON;Canada;;;0
8234;96;96;Marty;Colavecchia;;74;191;2010-10-30;Kitchener;ON;Canada;;;0
8235;92;92;Nicholas;Fauteux;;74;197;2011-6-15;Laval;QC;Canada;;;0
8236;101;101;Pasquale;Abbruzzese;;73;192;2011-2-28;Oshawa;ON;Canada;;;0
8237;-1;-1;Tom·s;Burian;;72;201;2010-10-9;Olomouc;OLO;Czech Republic;;;0
8238;-1;-1;Jure;Blagonja;;74;195;2011-2-19;Ljubljana;OSR;Slovenia;;;0
8239;-1;-1;Spencer;MacPhee;;74;208;2011-4-28;Toronto;ON;Canada;;;0
8240;-1;-1;David;Komorous;;73;194;2010-10-31;Uhersk˝ Brod;ZLN;Czech Republic;;;0
8241;90;90;Austin;Davies;;77;232;2010-11-7;Calgary;AB;Canada;;;0
8242;88;88;Bill;Wass;;74;218;2010-12-21;Dallas;TX;The United States;;;0
8243;102;102;JÈrÈmy;Ruel;;71;189;2010-12-1;Montreal;QC;Canada;;;0
8244;91;91;Lucas;Thompson;;73;213;2010-12-28;Halifax;NS;Canada;;;0
8245;-1;-1;Rustem;Sharipov;;73;191;2011-2-8;Perm;PER;Russia;;;0
8246;102;102;Yvan;St-Pierre;;75;204;2011-2-25;Gatineau;QC;Canada;;;0
8247;-1;-1;Dmitry;Charnetsky;;69;191;2010-12-31;Kostroma;KOS;Russia;;;0
8248;99;99;Terence;Deadman;;72;197;2010-8-7;Wilmington;NC;The United States;;;0
8249;-1;-1;Steve;Lampley;;76;201;2011-2-26;Rosedale;MS;The United States;;;0
8250;102;102;Jett;McQuaid;;74;219;2011-1-29;Vaughan;ON;Canada;Germany;;0
8251;-1;-1;Gang;Yeong-ho;;74;204;2010-9-10;Ansan;GYE;South Korea;;;0
8252;97;97;Tom·s;Vrana;;75;211;2010-12-20;Suchdol nad Odrou;MOR;Czech Republic;;;0
8253;-1;-1;Vladislavs;Prusis;;73;215;2011-2-8;Valka;VAL;Latvia;;;0
8254;-1;-1;Rimantas;Raudys;;75;196;2011-1-4;Mazeikiai;TEL;Lithuania;;;0
8255;88;88;Roy;Board;;75;216;2010-11-22;London;ON;Canada;;;0
8256;85;85;Trevor;Kampman;;71;179;2011-3-29;Saskatoon;SK;Canada;;;0
8257;-1;-1;Kevin;Marcotte;;74;195;2011-6-23;Saskatoon;SK;Canada;;;0
8258;103;103;Justin;Croteau;;71;204;2010-9-7;Prince Albert;SK;Canada;;;0
8259;-1;-1;Jukka;Pietik‰inen;;74;191;2011-5-2;Pori;SAT;Finland;;;0
8260;91;91;Maksim;Ushnev;;73;189;2010-8-17;Bryansk;BRY;Russia;;;0
8261;94;94;ClÈment;Lecomte;;75;215;2010-12-30;Vancouver;BC;Canada;;;0
8262;93;93;Wilf;Walchuk;;71;189;2011-3-9;Yarmouth;NS;Canada;;;0
8263;-1;-1;Kasperi;Kela;;75;196;2010-12-8;Hanko;UUS;Finland;;;0
8264;93;93;Harrison;Lamm;;71;209;2010-8-7;Livermore;CA;The United States;;;0
8265;93;93;Braden;Reid;;72;210;2011-6-9;Corner Brook;NL;Canada;;;0
8266;100;100;Tyler;Zajac;;72;193;2011-3-19;Toronto;ON;Canada;;;0
8267;101;101;John;Payne;;71;182;2010-11-14;St. Charles;MD;The United States;;;0
8268;87;87;Baurzhan;Kassenov;;74;219;2011-6-11;Semey;SIG;Kazakhstan;;;0
8269;-1;-1;Petr;Duda;;68;182;2011-5-16;ZlatÈ Hory;OLO;Czech Republic;;;0
8270;97;97;Jake;Tomlinson;;71;201;2011-4-30;Killeen;TX;The United States;;;0
8271;-1;-1;Alexandre;Brousseau;;72;190;2010-7-28;Montreal;QC;Canada;;;0
8272;97;97;Devon;MacLeod;;73;205;2011-3-13;Victoria;BC;Canada;;;0
8273;-1;-1;Kim;Santanen;;73;192;2011-6-5;Nastola;PAH;Finland;;;0
8274;97;97;Ryan;Johnstone;;72;190;2010-9-6;Grand Bank;NL;Canada;;;0
8275;96;96;Eric;Balch;;72;183;2010-9-2;Catawissa;PA;The United States;;;0
8276;93;93;Derek;Rathsack;;76;231;2011-4-28;Edson;AB;Canada;;;0
8277;98;98;Jamie;Flick;;72;205;2011-3-4;Winnipeg;MB;Canada;;;0
8278;-1;-1;Ales;Cepela;;73;190;2011-1-22;Hradec KralovÈ;KRA;Czech Republic;;;0
8279;100;100;Tom;Kendall;;73;201;2011-3-16;Chicago;IL;The United States;;;0
8280;85;85;Tyler;Holder;;72;189;2010-10-8;Coquitlam;BC;Canada;;;0
8281;103;103;Mike;Tsumura;;71;201;2010-11-29;West Vancouver;BC;Canada;;;0
8282;90;90;Stephen;Kresse;;76;210;2011-4-3;Peterborough;ON;Canada;;;0
8283;98;98;Matthieu;Ouimet;;74;219;2011-6-2;Laval;QC;Canada;;;0
8284;-1;-1;Filip;Koudela;;73;198;2010-10-10;Jihlava;VYS;Czech Republic;;;0
8285;94;94;Emerson;Lodewyks;;73;213;2011-2-2;Langley;BC;Canada;;;0
8286;-1;-1;Benjamin;Hansen;;73;208;2010-11-8;S¯nderborg;S¯N;Denmark;;;0
8287;103;103;Curtis;Wilson;;76;229;2010-12-24;Edmonton;AB;Canada;;;0
8288;87;87;Blake;Baillie;;71;178;2011-1-22;Surrey;BC;Canada;;;0
8289;100;100;Kenny;Taylor;;72;185;2011-1-12;Toronto;ON;Canada;;;0
8290;-1;-1;Ilmari;Mattinen;;71;192;2011-1-12;Stockholm;STO;Sweden;;;0
8291;-1;-1;Michael;Dowdeswell;;73;213;2010-7-9;Camrose;AB;Canada;;;0
8292;-1;-1;Paul;Donaldson;;71;190;2010-8-3;Calgary;AB;Canada;;;0
8293;86;86;Chris;Boomer;;73;189;2010-9-9;Kawartha Lakes;ON;Canada;;;0
8294;-1;-1;Don·t;Balogh;;73;189;2011-1-18;Kosice;KOS;Slovakia;;;0
8295;101;101;Peyton;Meeks;;71;201;2010-11-18;Phoenix;AZ;The United States;;;0
8296;-1;-1;David;McIver;;72;193;2010-12-5;Strasbourg;SK;Canada;;;0
8297;-1;-1;Simon;Cosandey;;72;188;2010-12-17;Villars-sur-Gl‚ne;FR;Switzerland;;;0
8298;91;91;Shawn;MacSwain;;71;207;2010-7-20;Halifax;NS;Canada;;;0
8299;-1;-1;Shawn;Kiriakou;;71;184;2010-9-2;Sarnia;ON;Canada;;;0
8300;89;89;Spencer;Magwood;;76;223;2011-1-15;Waterloo;ON;Canada;;;0
8301;99;99;Holden;Nelson;;71;174;2011-3-5;Kawartha Lakes;ON;Canada;;;0
8302;94;94;Jordie;Jameson;;72;194;2010-7-20;Kawartha Lakes;ON;Canada;;;0
8303;91;91;David;Ramkema;;77;222;2011-1-18;Oakville;ON;Canada;;;0
8304;98;98;MichaÎl;Vincent;;74;198;2010-8-11;Quebec City;QC;Canada;;;0
8305;-1;-1;Gustav;Liljegren;;71;194;2011-4-25;Stockholm;STO;Sweden;;;0
8306;95;95;Matthew;Hutton;;74;204;2011-4-5;Sherwood Park;AB;Canada;;;0
8307;104;104;Petteri;Hakanen;;72;207;2010-12-21;Suolahti;FIN;Finland;;;0
8308;-1;-1;Viktor;Thelander;;73;196;2010-12-11;Farsta;STO;Sweden;;;0
8309;102;102;Christian;Gazard;;71;201;2010-9-19;Atascadero;CA;The United States;;;0
8310;100;100;Todd;Yoder;;71;178;2011-4-18;Long Beach;CA;The United States;;;0
8311;-1;-1;Yuriy;Aksanov;;75;203;2010-8-27;Velikiy Novgorod;NOV;Russia;;;0
8312;98;98;Ivan;Krivonozhkin;;72;190;2010-12-14;Volgograd;VOL;Russia;;;0
8313;89;89;Zayne;Pollock;;72;207;2010-7-23;Cold Lake;AB;Canada;;;0
8314;94;94;Samuele;Alfonsi;;71;190;2010-11-29;Ottawa;ON;Canada;;;0
8315;85;85;Rob;Myers;;72;195;2011-3-12;Atlanta;GA;The United States;;;0
8316;104;104;Stefan;Castonguay;;73;198;2011-3-25;Saguenay;QC;Canada;;;0
8317;-1;-1;Riku;Tepponen;;74;213;2011-4-18;Lahti;PAH;Finland;;;0
8318;87;87;Darnell;Lamont;;71;195;2010-9-17;Angus-Borden;ON;Canada;;;0
8319;-1;-1;Brett;Foster;;73;206;2011-3-16;London;ON;Canada;;;0
8320;93;93;Kelly;Roseberry;;71;176;2011-4-21;Winnipeg;MB;Canada;;;0
8321;94;94;Damien;Blee;;72;207;2010-9-6;Bradford;ON;Canada;;;0
8322;86;86;Blaine;Reid;;72;183;2010-7-13;Abbotsford;BC;Canada;;;0
8323;-1;-1;Roman;Sakhanovsky;;74;193;2010-11-2;Kaliningrad;KAL;Russia;;;0
8324;89;89;Evan;Lucas;;73;213;2010-11-28;Sechelt;BC;Canada;;;0
8325;100;100;Joel;Dombrosky;;70;180;2010-8-28;Coquitlam;BC;Canada;;;0
8326;97;97;Ben;Lessard;;73;195;2010-11-15;Laval;QC;Canada;;;0
8327;-1;-1;Martin;Tomka;;72;203;2010-12-5;PÌsek;JIH;Czech Republic;;;0
8328;-1;-1;Dennis;Gustafsson;;70;193;2011-3-7;Gˆteborg;V‰S;Sweden;;;0
8329;91;91;Cole;Schimmerhorn;;70;171;2011-5-31;Detmarovice;MOR;Czech Republic;The United States;;0
8330;104;104;Luka;Myhres;;74;219;2010-12-4;Mississauga;ON;Canada;;;0
8331;89;89;Ronnie;Nother;;72;199;2011-5-14;Raymond;AB;Canada;;;0
8332;-1;-1;Otto;Jokinen;;75;200;2010-9-13;Kuopio;NSA;Finland;;;0
8333;95;95;Isaac;Suen;;73;212;2010-10-25;Trois-RiviËres;QC;Canada;;;0
8334;88;88;Michael;Farthing;;73;195;2010-9-19;Toronto;ON;Canada;;;0
8335;89;89;…douard;Lapierre;;74;202;2011-5-12;Trois-RiviËres;QC;Canada;;;0
8336;100;100;Mike;Stevens;;71;187;2010-10-23;Ramapo;NY;The United States;;;0
8337;97;97;Zach;Scott;;71;186;2010-8-13;London;ON;Canada;;;0
8338;101;101;Nelson;Steel;;71;193;2011-6-6;Winnipeg;MB;Canada;;;0
8339;-1;-1;Kevin;Froidevaux;;72;208;2010-8-1;Geneva;GE;Switzerland;;;0
8340;-1;-1;Travis;Enweani;;74;213;2011-2-10;Ottawa;ON;Canada;;;0
8341;-1;-1;Bakas;Narymbayev;;73;190;2011-5-11;Karabalta;«UY;Kyrgyzstan;;;0
8342;91;91;Cole;Ahrens;;71;195;2010-10-20;Chatham-Kent;ON;Canada;;;0
8343;96;96;Dale;Richards;;76;203;2010-11-27;Delta;BC;Canada;;;0
8344;-1;-1;Doug;Main;;71;189;2011-4-29;Mississauga;ON;Canada;;;0
8345;86;86;Paul;Tougas;;72;189;2010-7-28;Calgary;AB;Canada;;;0
8346;99;99;Tyler;Rychel;;75;218;2010-8-9;Wasaga Beach;ON;Canada;;;0
8347;-1;-1;Anders;Lindstrˆm;;71;176;2010-12-27;Gˆteborg;V‰S;Sweden;;;0
8348;-1;-1;Uolevi;Koskela;;72;193;2010-12-10;Helsinki;UUS;Finland;;;0
8349;-1;-1;Johan;Tˆrn;;74;215;2010-11-9;V‰xjˆ;KRO;Sweden;;;0
8350;-1;-1;Dmitry;Shatkin;;70;174;2011-2-26;Nalchik;KAB;Russia;;;0
8351;82;82;MichaÎl;Lebel;;72;203;2011-4-27;Moncton;NB;Canada;;;0
8352;-1;-1;Kolby;Deja;;71;201;2011-3-23;Riga;RIG;Latvia;;;0
8353;-1;-1;Fabian;Kohlbacher;;71;201;2010-9-23;Kˆflach;STE;Austria;;;0
8354;78;78;Yves;Gingras;;72;196;2010-12-10;Saint-Jean-sur-Richelieu;QC;Canada;;;0
8355;-1;-1;Andrey;Aizner;;78;216;2011-3-25;Istok;BUR;Russia;;;0
8356;-1;-1;David;Eriksson;;72;201;2011-3-16;Stockholm;STO;Sweden;;;0
8357;81;81;Ethan;Paterson;;73;202;2010-8-11;Sudbury;ON;Canada;;;0
8358;-1;-1;Andre;Ludwig;;72;187;2011-2-22;Liebsch¸tzberg;SAX;Germany;;;0
8359;69;69;Valyantsin;Tsyhalka;;72;193;2010-10-27;Grodno;GRO;Belarus;;;0
8360;-1;-1;Christoph;Lindholm;;73;213;2010-8-11;Hein‰vesi;SSA;Finland;;;0
8361;-1;-1;Lukas;Jonsson;;73;186;2010-8-12;Mˆlndal;V‰S;Sweden;;;0
8362;66;66;Cody;Henke;;72;191;2011-2-4;Kingston;ON;Canada;;;0
8363;64;64;Mark;Goossen;;72;193;2010-10-16;London;ON;Canada;;;0
8364;74;74;Marly;Ferguson;;74;217;2011-4-11;Calgary;AB;Canada;;;0
8365;79;79;Marc;Krumpschmid;;69;190;2010-10-26;Toronto;ON;Canada;;;0
8366;75;75;Mathew;Beller;;71;194;2011-7-1;Toronto;ON;Canada;;;0
8367;70;70;Matt;Brown;;72;177;2010-11-12;North Bay;ON;Canada;;;0
8368;-1;-1;Kirill;Yachnik;;77;200;2010-10-17;Ulyanovsk;ULY;Russia;;;0
8369;80;80;Robert;Leeman;;72;177;2010-9-21;Toronto;ON;Canada;;;0
8370;76;76;David;Black;;71;187;2010-10-24;Wilmington;DE;The United States;;;0
8371;65;65;Yannick;Couture;;71;186;2011-6-5;Penetanguishene;ON;Canada;;;0
8372;82;82;Brennan;Stroppa;;75;206;2010-12-12;North Vancouver;BC;Canada;;;0
8373;67;67;Jimmy;Thibault;;72;192;2011-6-13;Montreal;QC;Canada;;;0
8374;75;75;Jeff;Shaw;;71;182;2011-3-11;Huron-Kinloss;ON;Canada;;;0
8375;67;67;Vince;Acres;;72;187;2011-2-11;Halifax;NS;Canada;;;0
8376;64;64;Ken;Westbrook;;72;209;2010-7-31;Flint;MI;The United States;;;0
8377;72;72;Seth;Jubinville;;71;201;2010-9-7;Oshawa;ON;Canada;;;0
8378;68;68;TimothÈ;Bouchard;;71;196;2010-12-14;Windsor;NS;Canada;;;0
8379;72;72;Kobe;Gordon;;76;202;2011-2-27;Toronto;ON;Canada;;;0
8380;76;76;Mac;Bakker;;75;195;2011-6-19;Longueuil;QC;Canada;;;0
8381;83;83;Adrian;Lindberg;;71;188;2010-9-14;Stockholm;STO;Sweden;;;0
8382;68;68;Thomas;Anderson;;70;188;2011-3-4;Forest;ON;Canada;;;0
8383;65;65;Andrew;MacDermid;;72;207;2010-9-19;Vancouver;BC;Canada;;;0
8384;68;68;Ben;Morris;;76;215;2011-6-6;Lehi;UT;The United States;;;0
8385;81;81;Corey;Poirier;;71;203;2010-10-11;Montreal;QC;Canada;;;0
8386;73;73;Antoine;Drolet;;74;198;2011-6-1;Saint-JÈrÙme;QC;Canada;Mexico;;0
8387;-1;-1;Tom·s;Svatos;;75;211;2011-5-7;HodonÌn;JHM;Czech Republic;;;0
8388;-1;-1;Tom·s;Racek;;73;182;2010-9-15;Prague;PRA;Czech Republic;;;0
8389;64;64;Nate;Smith;;71;180;2010-8-9;Calgary;AB;Canada;;;0
8390;75;75;Antoine;Chartier;;73;213;2010-10-2;Longueuil;QC;Canada;;;0
8391;-1;-1;Raimondas;Suliauskas;;71;179;2010-9-29;Kaunas;KAU;Lithuania;;;0
8392;74;74;Jessy;DeschÍnes;;73;215;2010-8-6;Lac-Lapierre;QC;Canada;;;0
8393;74;74;Sal;Crews;;73;198;2010-7-13;Clifton;NJ;The United States;;;0
8394;82;82;Jakub;Jedlicka;;77;237;2011-1-9;Liberec;LIB;Czech Republic;;;0
8395;-1;-1;Bent;Jensen;;72;181;2010-11-3;Copenhagen;FRE;Denmark;;;0
8396;68;68;Flint;McKnight;;73;195;2010-11-30;Farmersville;CA;The United States;;;0
8397;77;77;Anthony;Snell;;73;205;2011-4-24;Sacramento;CA;The United States;;;0
8398;82;82;Jonathan;Hoekstra;;72;211;2010-9-14;Nanaimo;BC;Canada;;;0
8399;74;74;Jordan;Rudkowsky;;71;201;2010-7-22;Vancouver;BC;Canada;;;0
8400;68;68;Mark;Erickson;;72;207;2010-9-28;Norfolk County;ON;Canada;;;0
8401;80;80;Ryan;Potomak;;74;195;2011-5-16;Burlington;ON;Canada;;;0
8402;83;83;…tienne;MÈnard;;78;230;2010-12-9;Saguenay;QC;Canada;;;0
8403;64;64;Jonathan;VallÈe;;74;215;2010-7-23;Sherbrooke;QC;Canada;;;0
8404;64;64;Lee;Underwood;;70;198;2011-2-7;Dunedin;FL;The United States;;;0
8405;-1;-1;Aldo;Gruber;;74;215;2010-8-14;Dietikon;ZH;Switzerland;;;0
8406;67;67;Christian;Carle;;72;212;2011-4-7;Quebec City;QC;Canada;;;0
8407;-1;-1;Aljaz;Pogacnik;;75;221;2010-8-28;Ilirska Bistrica;NOT;Slovenia;;;0
8408;67;67;Ryan;Ambroziak;;74;198;2011-2-11;Surrey;BC;Canada;;;0
8409;82;82;Matt;Schneider;;71;182;2010-10-23;Los Angeles;CA;The United States;;;0
8410;-1;-1;Arvids;Atulinkis;;71;179;2011-6-5;Kraslava;KRA;Latvia;;;0
8411;84;84;Danny;Chapman;;74;195;2011-1-18;Saskatoon;SK;Canada;;;0
8412;65;65;Brett;Acres;;72;207;2011-4-3;Kelowna;BC;Canada;;;0
8413;-1;-1;Tobias;B¸hlmann;;71;169;2011-5-15;Frauenfeld;TG;Switzerland;;;0
8414;-1;-1;Maksim;Neretin;;75;202;2010-12-8;Kuldiga;KUL;Latvia;;;0
8415;67;67;Brett;Miller;;71;189;2010-8-7;Ardrossan;AB;Canada;Russia;;0
8416;63;63;Mattia;Mannino;;72;188;2010-12-13;Ottawa;ON;Canada;;;0
8417;79;79;Geoffrey;Zock;;73;201;2011-4-3;Markham;ON;Canada;;;0
8418;76;76;Pat;Clairmont;;71;207;2010-10-2;Wasaga Beach;ON;Canada;;;0
8419;63;63;NicolÚ;Di berardino;;73;205;2011-1-17;Toronto;ON;Canada;;;0
8420;76;76;Trevor;Rose;;72;177;2010-7-20;Elk Grove Village;IL;The United States;;;0
8421;64;64;Jensen;Gee;;74;198;2011-5-5;St. Albert;AB;Canada;;;0
8422;77;77;Morgan;Richardson;;70;187;2011-2-26;Cobourg;ON;Canada;;;0
8423;-1;-1;Tom·s;Kadlec;;74;213;2011-5-6;Rotava;KAR;Czech Republic;;;0
8424;83;83;Don;Atkins;;71;206;2011-5-11;Apex;NC;The United States;;;0
8425;69;69;Mitch;Shirton;;73;213;2010-11-17;Bolton;ON;Canada;;;0
8426;-1;-1;Simon;Zajicek;;72;181;2011-1-31;JÌlovÈ u Prahy;STR;Czech Republic;;;0
8427;-1;-1;Antti;Salmi;;72;207;2010-9-29;Imatra;SKA;Finland;;;0
8428;69;69;Ed;Battistelli;;72;201;2010-7-19;Winnipeg;MB;Canada;;;0
8429;73;73;Rainer;Scholze;;75;204;2011-5-29;Tamm;BAD;Germany;;;0
8430;-1;-1;Ari;Paija;;75;198;2010-10-23;Tampere;PIR;Finland;;;0
8431;78;78;Timothy;Truchon;;71;210;2011-5-4;Saint John;NB;Canada;;;0
8432;83;83;Paul;Brodie;;72;191;2010-10-4;Edmonton;AB;Canada;;;0
8433;-1;-1;Ivo;Feldmanis;;71;177;2010-12-3;Cesis;CES;Latvia;;;0
8434;-1;-1;Voldemars;Kalns;;74;212;2011-1-26;Jekabspils;JEK;Latvia;;;0
8435;74;74;Adam;Raibl;;74;206;2011-3-13;Richmond Hill;ON;Canada;;;0
8436;-1;-1;Erik;Larsen;;75;199;2010-8-11;Esbjerg;RIB;Denmark;;;0
8437;68;68;Jay;Cunningham;;71;207;2010-11-9;Port Coquitlam;BC;Canada;;;0
8438;-1;-1;Daniel;Fliegel;;72;189;2011-1-30;Karvina;MOR;Czech Republic;;;0
8439;-1;-1;Nikita;Gaydorov;;71;201;2010-10-22;Nizhneshilovka;KRA;Russia;;;0
8440;70;70;Zackary;Tremblay;;74;191;2010-9-21;Montreal;QC;Canada;;;0
8441;-1;-1;Janis;Silins;;71;199;2010-10-28;Daugavpils;DAU;Latvia;;;0
8442;74;74;Kip;Crawford;;74;197;2011-5-23;Thornhill;ON;Canada;;;0
8443;73;73;Gabe;Krause;;71;176;2010-9-16;Mississauga;ON;Canada;;;0
8444;64;64;Nick;Daymen;;72;207;2011-1-19;Gravenhurst;ON;Canada;;;0
8445;69;69;Levi;Corbin;;75;202;2011-1-8;Vancouver;BC;Canada;;;0
8446;66;66;Tyler;McDonough;;72;182;2010-9-4;Kemptville;ON;Canada;;;0
8447;78;78;Thomas;Tremblay;;72;204;2010-9-18;Saint-Sauveur-des-Monts;QC;Canada;;;0
8448;81;81;Aleksey;Pokasyuk;;76;209;2011-5-25;Otradnyy;SAM;Russia;;;0
8449;72;72;Mike;Tetley;;73;191;2010-8-4;Richmond Hill;ON;Canada;;;0
8450;81;81;Derrick;Bainbridge;;72;195;2011-5-1;Lakeside;CA;The United States;;;0
8451;70;70;Sterling;Fineday;;71;192;2011-3-21;Ottawa;ON;Canada;;;0
8452;69;69;Woody;Bredo;;73;190;2011-3-1;Toronto;ON;Canada;;;0
8453;77;77;Dominique;LabontÈ;;75;211;2010-8-22;Lebel-sur-QuÈvillon;QC;Canada;;;0
8454;79;79;Alexis;ChÈnier;;72;192;2010-7-28;Saguenay;QC;Canada;;;0
8455;77;77;Rich;Pyatt;;72;177;2011-3-20;Calgary;AB;Canada;;;0
8456;67;67;James;Mobraaten;;72;190;2011-3-3;Ottawa;ON;Canada;;;0
8457;78;78;Adam;Abercrombie;;73;202;2011-2-17;Fleming Island;FL;The United States;;;0
8458;81;81;Riley;Murano;;72;215;2010-11-3;Ottawa;ON;Canada;;;0
8459;78;78;Jared;Murray;;72;197;2011-4-15;Vancouver;BC;Canada;;;0
8460;-1;-1;Martin;Takac;;71;193;2010-10-12;Terchova;ZIL;Slovakia;;;0
8461;-1;-1;Anton;Usachow;;72;177;2011-1-6;Vitebsk;VIT;Belarus;;;0
8462;-1;-1;Bogdan;Pachikov;;76;199;2010-8-20;Leninsk-Kuznetskiy;KEM;Russia;;;0
8463;-1;-1;Dmitry;Blaguta;;73;212;2010-12-7;Buzuluk;ORE;Russia;;;0
8464;82;82;Nathan;Bisson;;75;195;2010-10-2;Prescott;ON;Canada;;;0
8465;84;84;Ethan;Murphy;;75;205;2010-12-28;Leamington;ON;Canada;;;0
8466;74;74;Bobby;Criswell;;71;182;2010-12-2;Tuscaloosa;AL;The United States;;;0
8467;83;83;Myles;Merrick;;74;184;2010-9-12;Toronto;ON;Canada;;;0
8468;81;81;Erwin;Petawabano;;74;188;2010-10-22;Montreal;QC;Canada;Ukraine;;0
8469;-1;-1;Kaspars;Fisers;;73;213;2011-2-28;Jurmala;JUR;Latvia;;;0
8470;-1;-1;Florian;Walter;;76;214;2010-7-29;Vienna;WIE;Austria;;;0
8471;65;65;Zach;Eberle;;73;190;2011-2-20;Athabasca;AB;Canada;;;0
8472;-1;-1;Yegor;Agutin;;73;184;2011-4-13;Kyiv;KYI;Ukraine;;;0
8473;-1;-1;Luca;Abgottspon;;71;187;2010-7-17;Bassersdorf;ZH;Switzerland;;;0
8474;63;63;Larry;Somerville;;73;219;2010-7-12;New York;NY;The United States;;;0
8475;-1;-1;Maksim;Drugov;;71;188;2011-2-4;Kalinkovichi;GOM;Belarus;;;0
8476;63;63;Silas;Palituq;;75;201;2010-8-2;Arviat;NU;Canada;;;0
8477;68;68;Taylor;Gordon;;73;213;2011-5-22;Brampton;ON;Canada;;;0
8478;69;69;Roberto;Gonzalez;;71;195;2011-5-9;Knoxville;TN;The United States;;;0
8479;66;66;Rodger;Jardine;;74;207;2010-8-3;Vancouver;BC;Canada;;;0
8480;-1;-1;Lukas;Stepanek;;74;216;2011-4-13;Jihlava;VYS;Czech Republic;;;0
8481;63;63;Louis-Philippe;Larocque;;76;194;2011-5-18;Quebec City;QC;Canada;;;0
8482;80;80;Bobby;Vincent;;74;205;2010-10-8;Garden Grove;CA;The United States;;;0
8483;81;81;Victor;Cox;;74;210;2011-4-22;Farrell;PA;The United States;;;0
8484;73;73;Raymond;McKenzie;;75;197;2010-10-22;Fort Wayne;IN;The United States;;;0
8485;67;67;Brett;Carter;;74;192;2011-5-29;Kelowna;BC;Canada;;;0
8486;73;73;Mike;Griffin;;71;179;2010-11-6;Belwood;NC;The United States;;;0
8487;83;83;Dan;Heidt;;72;188;2011-6-19;Toronto;ON;Canada;;;0
8488;-1;-1;Michal;Zmeskal;;75;217;2011-6-2;Brno;JHM;Czech Republic;;;0
8489;84;84;David;PrÈvost;;74;190;2011-6-2;Kirkland;QC;Canada;;;0
8490;-1;-1;Lars;Wikstrˆm;;73;209;2010-8-3;Orsa;DAL;Sweden;;;0
8491;-1;-1;Jozef;Plch;;73;198;2010-12-8;Sastin-Straze;TRN;Slovakia;;;0
8492;-1;-1;Jakub;Stavinoha;;71;192;2011-3-1;Brno;JHM;Czech Republic;;;0
8493;80;80;Steven;Vaughn;;70;205;2010-12-19;Chelsea;MA;The United States;;;0
8494;-1;-1;Martin;Lakatos;;72;195;2010-9-21;Hranice;OLO;Czech Republic;;;0
8495;70;70;Jaret;Anton;;72;206;2011-5-31;Toronto;ON;Canada;Switzerland;;0
8496;-1;-1;Matts;Jussila;;72;190;2011-3-12;Kirkkonummi;UUS;Finland;;;0
8497;82;82;Thomas;Castillo;;74;201;2011-3-24;Cape Breton Regional Municipality;NS;Canada;;;0
8498;-1;-1;Rasmus;BrodÈn;;74;213;2011-3-4;Helsingborg;SKÂ;Sweden;;;0
8499;78;78;Travis;Fretter;;72;186;2010-11-24;Sault Ste. Marie;ON;Canada;;;0
8500;-1;-1;Robbin;van der Gaag;;71;191;2011-6-18;Skarsterl‚n;FRI;The Netherlands;;;0
8501;77;77;Guillaume;Riendeau;;72;193;2011-3-25;Quebec City;QC;Canada;;;0
8502;-1;-1;Jesper;Borgstrˆm;;73;191;2011-6-8;Sala;V‰S;Sweden;;;0
8503;-1;-1;Stanislav;Rutskoy;;72;180;2011-6-13;Ural;KRA;Russia;;;0
8504;68;68;Michael;Kopstals;;71;196;2011-3-13;Brampton;ON;Canada;;;0
8505;-1;-1;Dzmitry;Zatenka;;73;187;2010-9-2;Lida;GRO;Belarus;;;0
8506;-1;-1;Martin;Gabriska;;72;177;2011-5-19;Kosice;KOS;Slovakia;;;0
8507;66;66;Xavier;Racine;;74;181;2010-11-12;Matane;QC;Canada;;;0
8508;79;79;Brent;Poitras;;73;215;2011-4-5;Toronto;ON;Canada;;;0
8509;-1;-1;Erik;Landstrˆm;;73;193;2010-11-21;Stockholm;STO;Sweden;;;0
8510;74;74;Nathaniel;Edur;;70;198;2010-10-28;Edmonton;AB;Canada;;;0
8511;82;82;Joseph;Collens;;74;197;2010-12-3;Springboro;OH;The United States;;;0
8512;-1;-1;Heiki;Meri;;73;202;2010-10-4;Tallinn;HAR;Estonia;;;0
8513;64;64;Philip;Morris;;72;212;2011-2-1;Strathcona;AB;Canada;;;0
8514;-1;-1;J·n;Lukac;;72;188;2010-9-10;Povazska Bystrica;TRE;Slovakia;;;0
8515;-1;-1;Gustav;Haglund;;73;210;2010-10-10;V‰xjˆ;KRO;Sweden;;;0
8516;78;78;Michael;Fitch;;77;224;2010-11-22;Edmonton;AB;Canada;;;0
8517;64;64;Allan;Preclaro;;72;189;2010-12-28;New York;NY;The United States;;;0
8518;64;64;Peter;Goldenberg;;75;209;2011-6-13;Toronto;ON;Canada;;;0
8519;73;73;Dana;Gatherum;;72;205;2010-8-24;Huron-Kinloss;ON;Canada;;;0
8520;80;80;Brandon;Holick;;73;209;2011-2-8;Surrey;BC;Canada;;;0
8521;-1;-1;Sebastian;StÂhlberg;;74;195;2011-5-5;Halmstad;HAL;Sweden;;;0
8522;82;82;Roy;Dorman;;75;199;2011-7-2;Reston;VA;The United States;;;0
8523;112;112;Jason;Trumper;;71;204;2010-12-26;Conroe;TX;The United States;;;0
8524;108;108;Jeff;Hrechkosy;;73;187;2011-1-17;Cobourg;ON;Canada;;;0
8525;119;119;Curtis;Dunn;;72;198;2010-9-20;Pharr;TX;The United States;;;0
8526;118;118;Guillaume;Brodeur;;71;201;2010-12-21;Laval;QC;Canada;;;0
8527;108;108;Spencer;Feran;;72;207;2010-8-1;Hamilton;ON;Canada;;;0
8528;114;114;Mark;Jensen;;73;207;2010-7-17;Richmond;BC;Canada;;;0
8529;111;111;Shea;Heinrich;;72;186;2011-1-12;Victoria;BC;Canada;;;0
8530;111;111;Jonathan;Lake;;72;200;2011-6-25;Montreal;QC;Canada;Germany;;0
8531;112;112;Kevin;Collins;;72;207;2010-8-3;Oakville;ON;Canada;;;0
8532;119;119;Paul;Cizikas;;73;191;2011-3-10;Mississauga;ON;Canada;;;0
8533;105;105;Kenneth;Green;;72;195;2011-3-22;Port Elgin;ON;Canada;;;0
8534;116;116;Jiri;Picek;;72;193;2010-7-31;ValasskÈ MezirÌcÌ;ZLN;Czech Republic;;;0
8535;121;121;Preston;Rogers;;72;211;2011-1-27;County of Brant;ON;Canada;;;0
8536;114;114;Bob;Lowe;;71;195;2010-12-22;Surrey;BC;Canada;;;0
8537;122;122;Chris;McDonald;;72;193;2011-3-20;Orillia;ON;Canada;;;0
8538;-1;-1;William;Nilsson;;73;165;2010-8-3;Salem;STO;Sweden;;;0
8539;115;115;Julien;Lalonde;;74;198;2011-1-30;Boisbriand;QC;Canada;;;0
8540;114;114;LoÔc;Arsenault;;73;199;2011-3-21;Sherbrooke;QC;Canada;;;0
8541;114;114;Jordan;Henry;;73;187;2011-6-8;Kitchener;ON;Canada;;;0
8542;107;107;RenÈ;Tardif;;75;211;2010-12-9;Vaudreuil-Dorion;QC;Canada;;;0
8543;107;107;Patrick;Cloutier;;71;185;2010-8-14;Quebec City;QC;Canada;;;0
8544;121;121;Reese;Vickers;;76;200;2010-7-16;Ottawa;ON;Canada;;;0
8545;114;114;Jimmy;Busque;;74;213;2011-6-25;Saint-FÈlicien;QC;Canada;;;0
8546;122;122;Brandon;Berlin;;74;194;2011-3-14;St. Marys;ON;Canada;;;0
8547;119;119;Marty;Borsa;;72;210;2010-9-27;Strathcona;AB;Canada;;;0
8548;111;111;Cole;Post;;71;195;2011-7-3;Toronto;ON;Canada;;;0
8549;106;106;Devin;Fafard;;72;196;2011-4-7;Toronto;ON;Canada;;;0
8550;-1;-1;Yevgeny;Portnikov;;74;187;2010-8-13;Novoaleksandrovsk;STA;Russia;;;0
8551;-1;-1;Romeo;Reiterer;;75;204;2010-11-16;Vienna;WIE;Austria;;;0
8552;-1;-1;Anders;Carlsson;;71;208;2011-4-11;Stockholm;STO;Sweden;;;0
8553;-1;-1;Matias;Kaipiainen;;71;186;2011-1-7;Oulainen;NOS;Finland;;;0
8554;-1;-1;Tom·s;Hellinger;;71;186;2011-6-7;ValasskÈ MezirÌcÌ;ZLN;Czech Republic;;;0
8555;121;121;Cody;Halagian;;71;204;2011-3-27;Surrey;BC;Canada;;;0
8556;121;121;Hunter;Stevenson;;72;184;2011-3-8;Kelowna;BC;Canada;;;0
8557;-1;-1;Nikola;Prochazka;;71;206;2011-2-23;Jachymov;KAR;Czech Republic;;;0
8558;-1;-1;Jan;Hanak;;71;180;2011-5-14;Hradec nad MoravicÌ;MOR;Czech Republic;;;0
8559;106;106;Jason;Percy;;73;183;2011-6-8;Whitby;ON;Canada;;;0
8560;-1;-1;Josef;Vlk;;75;205;2010-12-14;Prague;PRA;Czech Republic;;;0
8561;-1;-1;Alex;Andersson;;71;192;2011-5-3;Stockholm;STO;Sweden;;;0
8562;-1;-1;Michal;Zavadil;;73;209;2010-11-13;Plzen;PLZ;Czech Republic;;;0
8563;121;121;Andrew;Dollman;;74;192;2011-3-30;St. John's;NL;Canada;;;0
8564;110;110;Antoine;Couture;;71;195;2010-10-7;Saguenay;QC;Canada;;;0
8565;-1;-1;Albin;Hodinka;;74;185;2010-9-7;Prague;PRA;Czech Republic;;;0
8566;-1;-1;Radek;Hrebik;;71;204;2010-12-7;Prague;PRA;Czech Republic;Kazakhstan;;0
8567;117;117;Marc-Antoine;Lebel;;72;200;2010-9-21;Montreal;QC;Canada;;;0
8568;112;112;Jadran;Green;;73;197;2011-1-3;Surrey;BC;Canada;;;0
8569;118;118;Ethan;Vaness;;74;189;2011-5-20;Central Saanich;BC;Canada;;;0
8570;118;118;Dustin;Keogan;;73;192;2010-11-30;Toronto;ON;Canada;Papua New Guinea;;0
8571;-1;-1;Jan;Buchta;;73;206;2011-1-18;Ostrava;MOR;Czech Republic;;;0
8572;122;122;Mike;Odamura;;74;193;2011-3-21;Toronto;ON;Canada;;;0
8573;-1;-1;Kristoffer;Oksanen;;71;188;2010-7-29;Eurajoki;SAT;Finland;;;0
8574;115;115;Kolby;Patterson;;71;187;2010-10-16;Saint John;NB;Canada;;;0
8575;113;113;Lucas;Steinmann;;75;205;2010-11-13;Toronto;ON;Canada;;;0
8576;-1;-1;Tsimafey;Kalpachuk;;71;185;2011-5-28;Grodno;GRO;Belarus;;;0
8577;-1;-1;Samu;Niittym‰ki;;72;198;2011-3-23;Espoo;UUS;Finland;;;0
8578;105;105;Mitch;Strobbe;;73;197;2010-7-25;Regina;SK;Canada;;;0
8579;-1;-1;Raphael;Pauli;;73;210;2011-3-1;Olten;SO;Switzerland;;;0
8580;111;111;Kyle;Alavie;;73;208;2011-4-28;Vancouver;BC;Canada;;;0
8581;-1;-1;Martin;Hendrich;;70;201;2010-10-26;Kralupy nad Vltavou;STR;Czech Republic;;;0
8582;-1;-1;Boris;Vydra;;76;218;2010-10-30;Sala;NIT;Slovakia;;;0
8583;-1;-1;Ivan;Pelin;;74;187;2010-7-18;Labin;IST;Croatia;;;0
8584;115;115;Geordie;LeBlond;;72;207;2010-9-29;Lunenburg;NS;Canada;;;0
8585;117;117;Gabriel;Roy;;74;186;2010-11-25;Montreal;QC;Canada;;;0
8586;-1;-1;Radek;Klech;;76;194;2011-1-2;ValasskÈ MezirÌcÌ;ZLN;Czech Republic;;;0
8587;-1;-1;Aleksey;Kakorin;;73;210;2011-5-26;Khmelnytskyy;KHM;Ukraine;;;0
8588;110;110;Jonathan;Bowles;;76;194;2011-2-10;Surrey;BC;Canada;;;0
8589;111;111;Jordan;Cherrey;;74;218;2010-9-4;Toronto;ON;Canada;;;0
8590;120;120;Michael;Andreesen;;75;193;2011-6-3;Chatham-Kent;ON;Canada;;;0
8591;116;116;Tyler;Grieve;;72;196;2011-1-17;Collingwood;ON;Canada;;;0
8592;-1;-1;Jan;Klubal;;72;190;2011-4-1;Prague;PRA;Czech Republic;;;0
8593;122;122;Michael;Schmidt;;71;182;2010-9-6;Toronto;ON;Canada;Russia;;0
8594;113;113;Sam;Favreau;;73;205;2010-9-6;Vaughan;ON;Canada;;;0
8595;114;114;Jesse;Pollock;;73;186;2010-8-11;Oshawa;ON;Canada;;;0
8596;113;113;Cody;Paddock;;73;185;2010-8-9;Aurora;ON;Canada;;;0
8597;109;109;Josh;Hay;;71;187;2011-2-27;Cole Harbour;NS;Canada;;;0
8598;-1;-1;Ondrej;Martinek;;72;201;2010-9-13;ValasskÈ Klobouky;ZLN;Czech Republic;;;0
8599;116;116;Kevin;Ferguson;;72;182;2011-7-7;Burnaby;BC;Canada;;;0
8600;111;111;Junior;Galbraith;;73;188;2011-3-24;Newmarket;ON;Canada;;;0
8601;120;120;Sean;Skolrood;;72;190;2010-10-17;Richmond;BC;Canada;;;0
8602;112;112;George;Seher;;74;206;2011-3-5;Ottawa;ON;Canada;;;0
8603;114;114;Evan;Chumola;;72;201;2011-4-14;Calgary;AB;Canada;;;0
8604;-1;-1;Simon;Bergstrˆm;;71;176;2011-1-15;Jˆnkˆping;JˆN;Sweden;;;0
8605;-1;-1;Sebastian;Friberg;;74;214;2010-9-28;Pietarsaari;OST;Finland;;;0
8606;114;114;Pete;Smith;;71;188;2010-10-17;Cambridge;ON;Canada;;;0
8607;122;122;Jean-Marc;Anderson;;73;213;2011-5-20;Blainville;QC;Canada;;;0
8608;-1;-1;Michael;Bergholm;;74;221;2010-7-26;Ystad;SKÂ;Sweden;;;0
8609;112;112;Connor;Mussell;;75;197;2011-5-25;Waterloo;ON;Canada;;;0
8610;-1;-1;Aleksey;Zharikov;;72;174;2010-11-11;Walldorf;BAD;Germany;Russia;;0
8611;117;117;Mike;Wheaton;;72;210;2011-2-12;Vaughan;ON;Canada;;;0
8612;116;116;Samuel;Lapierre;;73;200;2011-4-14;Buckingham;QC;Canada;;;0
8613;112;112;Adam;Pinkoski;;71;170;2010-8-7;Prince Albert;SK;Canada;;;0
8614;119;119;Jordan;Ward;;71;201;2011-2-26;Courtice;ON;Canada;;;0
8615;119;119;Andrew;Finlay;;72;211;2010-10-28;Calgary;AB;Canada;;;0
8616;108;108;Trent;Hudson;;73;192;2010-7-20;Grande Prairie;AB;Canada;;;0
8617;120;120;Erik;Kuhn;;74;213;2011-6-24;Edmonton;AB;Canada;;;0
8618;111;111;Brenden;Bannister;;76;199;2011-4-28;Hamilton;ON;Canada;;;0
8619;105;105;Dylan;Phillipoff;;77;216;2011-3-16;Toronto;ON;Canada;;;0
8620;-1;-1;Peter;Morin;;73;207;2011-6-11;Huddinge;STO;Sweden;;;0
8621;-1;-1;Adrian;Forsberg;;75;204;2011-4-24;Riihim‰ki;KAN;Finland;;;0
8622;115;115;Peyton;Conacher;;71;173;2011-1-17;Markham;ON;Canada;;;0
8623;118;118;Dallen;Newton;;71;195;2010-11-13;Stratford;ON;Canada;;;0
8624;120;120;Louis-Martin;Provost;;71;196;2011-7-4;Boucherville;QC;Canada;;;0
8625;106;106;Gabriel;LÈvesque;;72;209;2011-3-19;Gatineau;QC;Canada;;;0
8626;109;109;Dylan;Harder;;75;195;2010-7-25;Edmonton;AB;Canada;;;0
8627;-1;-1;Frantisek;Hajek;;72;197;2010-11-18;Blansko;JHM;Czech Republic;;;0
8628;118;118;Michael;Crawford;;74;196;2010-11-10;Regina;SK;Canada;;;0
8629;118;118;Tanner;Anstett;;75;228;2010-7-20;Quebec City;QC;Canada;;;0
8630;107;107;Jean-Maxime;Simard;;71;187;2010-12-27;Drummondville;QC;Canada;;;0
8631;113;113;Kurt;Hope;;71;188;2010-11-6;East Gwillimbury;ON;Canada;;;0
8632;113;113;Michal;Lajcha;;70;188;2011-2-1;Sala;NIT;Slovakia;;;0
8633;115;115;Tobie;Dufour;;71;180;2010-11-28;Montreal;QC;Canada;;;0
8634;111;111;D'Arcy;Fullerton;;73;184;2011-3-2;West Lorne;ON;Canada;;;0
8635;118;118;Alexandre;Robinson;;72;179;2010-10-24;Montreal;QC;Canada;;;0
8636;107;107;Maximilian;Graves;;72;191;2011-5-1;Cole Harbour;NS;Canada;;;0
8637;-1;-1;Yerasyl;Mukayev;;71;177;2010-11-5;Ust-Kamenogorsk;SIG;Kazakhstan;;;0
8638;-1;-1;Christoffer;Jonsson;;75;223;2011-6-5;Trollh‰ttan;V‰S;Sweden;;;0
8639;-1;-1;Ales;Kovac;;72;199;2011-2-13;HavlÌckuv Brod;VYS;Czech Republic;;;0
8640;-1;-1;Yevgeny;Kuznetsov;;76;217;2011-1-29;Ulyanovsk;ULY;Russia;;;0
8641;113;113;Blake;Mullay;;73;208;2010-7-8;Toronto;ON;Canada;;;0
8642;-1;-1;Mario;Hlavac;;75;196;2010-9-6;Brno;JHM;Czech Republic;;;0
8643;-1;-1;Josef;Vobornik;;71;179;2011-3-14;Karvina;MOR;Czech Republic;;;0
8644;-1;-1;Jaroslav;Zdut;;73;205;2011-4-2;Tlmace;NIT;Slovakia;;;0
8645;109;109;Jamie;Church;;74;192;2010-10-7;Christina Lake;BC;Canada;;;0
8646;122;122;Kyle;Bishop;;71;201;2011-6-24;Hamilton;ON;Canada;;;0
8647;115;115;Austin;Nice;;73;190;2011-3-31;Indianapolis;IN;The United States;;;0
8648;113;113;Justin;Ling;;74;192;2010-8-20;Sherbrooke;QC;Canada;;;0
8649;108;108;TimothÈe;LÈger;;72;195;2010-11-28;Ottawa;ON;Canada;;;0
8650;113;113;Brandon;Lavallee;;71;209;2011-1-24;Frankford;ON;Canada;;;0
8651;-1;-1;Gerard;Ceglarz;;73;201;2010-10-13;Mariupol;DON;Ukraine;;;0
8652;120;120;Russell;Coffey;;73;195;2010-9-1;Coquitlam;BC;Canada;;;0
8653;111;111;Florent;Perreault;;71;213;2011-6-14;Vaughan;ON;Canada;;;0
8654;121;121;Caden;Terry;;78;174;2011-4-10;Cambridge;ON;Canada;;;0
8655;119;119;Holden;Nikolopoulos;;72;197;2011-4-9;Delta;BC;Canada;;;0
8656;119;119;Steve;Schinkel;;73;191;2011-1-27;Hamilton;ON;Canada;;;0
8657;122;122;MichaÎl;Houle;;72;207;2011-5-27;Montreal;QC;Canada;;;0
8658;117;117;Mattia;Damiani;;72;189;2011-2-8;Quebec City;QC;Canada;;;0
8659;-1;-1;Daniel;Elfving;;71;176;2011-5-23;Skˆvde;V‰S;Sweden;;;0
8660;-1;-1;Kaj;Heikkinen;;69;171;2011-2-28;Pyh‰j‰rvi;NOS;Finland;;;0
8661;115;115;Yannick;Giroux;;73;213;2010-12-17;Brampton;ON;Canada;;;0
8662;108;108;A.J.;Podolsky;;71;189;2010-11-19;Ch‚teauguay;QC;Canada;;;0
8663;122;122;Mark;Humphries;;71;176;2010-9-14;Toronto;ON;Canada;;;0
8664;-1;-1;Carl;Jensen;;74;195;2010-12-23;Kolding;VEJ;Denmark;;;0
8665;114;114;Dylan;Korchinski;;71;201;2010-11-4;Halifax;NS;Canada;;;0
8666;112;112;Petr;Lindovsky;;74;206;2010-12-24;Hradec KralovÈ;KRA;Czech Republic;;;0
8667;100;100;Chad;Bennett;;76;211;2010-7-12;Whitby;ON;Canada;;;0
8668;111;111;Xavier;Roy;;71;174;2010-10-12;Saint-Jean-sur-Richelieu;QC;Canada;;;0
8669;109;109;Davide;Gambardella;;72;213;2009-10-28;Montreal;QC;Canada;;;0
8670;-1;-1;Christian;Budhia;;71;168;2008-2-4;Florence;NS;Canada;;;0
8671;103;103;Jon;Osborn;;73;173;2009-9-22;York;PA;The United States;;;0
8672;-1;-1;Paul;Polis;;70;190;2008-4-19;Burlington;ON;Canada;;;0
8673;89;89;Gabriel;Guindon;;73;191;2010-5-21;Toronto;ON;Canada;Belgium;;0
8674;98;98;D'Arcy;Bower;;73;182;2010-4-4;Chatham-Kent;ON;Canada;;;0
8675;90;90;Tyler;Lucas;;73;197;2010-11-29;Toronto;ON;Canada;;;0
8676;118;118;Matthew;Proulx;;73;208;2010-6-1;Napierville;QC;Canada;;;0
8677;108;108;Darren;Fleetwood;;72;184;2009-3-27;Saint John;NB;Canada;;;0
8678;106;106;Simon;Bolduc;;77;205;2009-7-25;Saguenay;QC;Canada;;;0
8679;101;101;Dustin;Valliquette;;71;205;2010-1-15;Timmins;ON;Canada;;;0
8680;93;93;Chad;McCormack;;74;219;2010-12-5;Sudbury;ON;Canada;;;0
8681;110;110;JÈrÈmy;Fafard;;73;210;2009-11-15;Montreal;QC;Canada;;;0
8682;88;88;Steele;Moholitny;;71;187;2010-4-27;Vaughan;ON;Canada;;;0
8683;100;100;Jamie;Calder;;70;198;2010-2-13;Niagara Falls;ON;Canada;;;0
8684;-1;-1;Philippe;LafreniËre;;71;182;2008-8-18;Montreal;QC;Canada;;;0
8685;68;68;Jeff;Milton;;72;207;2010-11-7;Umatilla;OR;The United States;;;0
8686;-1;-1;Eric;Pfeifer;;72;178;2008-6-21;Toronto;ON;Canada;;;0
8687;-1;-1;Darren;Huculak;;71;196;2008-3-1;St. Catharines;ON;Canada;;;0
8688;-1;-1;Matthew;Polson;;70;148;2008-6-4;Saskatoon;SK;Canada;;;0
8689;-1;-1;JÈrÈmie;Roy;;71;170;2008-5-15;Gatineau;QC;Canada;;;0
8690;108;108;Philippe;Fortin;;72;187;2009-11-21;Montreal;QC;Canada;;;0
8691;-1;-1;Linden;Loken;;71;197;2008-4-1;Edmonton;AB;Canada;;;0
8692;109;109;Brandon;Varga;;71;188;2009-12-1;Summerside;PE;Canada;;;0
8693;105;105;Taylor;Baruchel;;70;182;2009-6-26;Summerside;PE;Canada;;;0
8694;107;107;Adam;O'Kelly;;74;207;2009-3-30;Charlottetown;PE;Canada;;;0
8695;-1;-1;Ben;Harris;;69;159;2008-8-12;Delta;BC;Canada;;;0
8696;102;102;Jere;Liffiton;;73;161;2011-8-12;Bradford;ON;Canada;;;0
8697;93;93;Kevin;Van;;71;147;2009-2-15;Toronto;ON;Canada;;;0
8698;65;65;Rodi;Holick;;70;148;2010-10-20;Coldstream;BC;Canada;;;0
8699;98;98;Zack;Ferguson;;71;189;2009-3-29;Port Stanley;ON;Canada;;;0
8700;65;65;Marcus;Scott;;71;172;2011-4-20;Vancouver;BC;Canada;;;0
8701;-1;-1;Olivier;Grenier;;72;186;2011-11-8;Laval;QC;Canada;;;0
8702;107;107;Colbie;Hamill;;73;176;2009-12-12;Montreal;QC;Canada;;;0
8703;112;112;Garrett;Miazga;;72;201;2009-5-8;Kingston-Greenwood;NS;Canada;;;0
8704;111;111;Adam;Marshall;;70;136;2010-4-10;Bedford;NS;Canada;;;0
8705;122;122;Jonas;Burns;;73;215;2009-7-3;Charlottetown;PE;Canada;;;0
8706;77;77;Kenny;Hunt;;75;189;2011-10-2;Crowsnest Pass;AB;Canada;;;0
8707;69;69;Alex;Farrer;;77;228;2010-7-28;Edmonton;AB;Canada;;;0
8708;72;72;Daryl;Maione;;73;193;2011-5-11;Chestermere;AB;Canada;;;0
8709;65;65;Rob;Julien;;72;211;2010-11-20;Surrey;BC;Canada;;;0
8710;65;65;Grayson;Leiter;;71;175;2011-12-24;Ogema;SK;Canada;;;0
8711;72;72;Justin;McKim;;74;185;2010-4-21;Kelowna;BC;Canada;;;0
8712;84;84;Daniel;Gahungu;;70;201;2009-10-22;Edmonton;AB;Canada;;;0
8713;67;67;Joel;Filewich;;71;207;2011-8-1;Calgary;AB;Canada;;;0
8714;65;65;Dylan;Dutra;;71;182;2011-3-30;Burnaby;BC;Canada;;;0
8715;79;79;Kyle;Marquette;;74;201;2010-2-6;Vancouver;BC;Canada;;;0
8716;65;65;Zachary;Bradley;;71;177;2010-8-25;Winnipeg;MB;Canada;;;0
8717;119;119;Don;Byers;;73;163;2010-5-4;Salaberry-de-Valleyfield;QC;Canada;;;0
8718;85;85;Robert;Lundy;;72;200;2009-11-12;Hearst;ON;Canada;;;0
8719;65;65;Andrew;Kirdy;;74;185;2011-10-29;Winnipeg;MB;Canada;;;0
8720;118;118;Murray;Illchuk;;70;206;2011-3-30;Saint John;NB;Canada;;;0
8721;-1;-1;Emmanuel;Lamarre;;72;207;2010-4-1;Gatineau;QC;Canada;;;0
8722;90;90;Thomas;Almberg;;70;186;2011-3-22;Hamilton;ON;Canada;;;0
8723;94;94;Duncan;Rusaw;;71;162;2011-8-21;Burlington;ON;Canada;;;0
8724;71;71;Mitch;Hansen;;71;193;2011-4-7;Vernon;BC;Canada;;;0
8725;65;65;Grayden;Breitkreuz;;72;186;2010-11-3;Port Moody;BC;Canada;;;0
8726;-1;-1;Justin;Hall;;71;183;2009-9-30;Seattle;WA;The United States;;;0
8727;87;87;Derek;Friedman;;72;191;2011-2-15;Belleville;ON;Canada;;;0
8728;118;118;Chad;Manhas;;75;177;2009-6-22;Miramichi;NB;Canada;;;0
8729;116;116;Danny;McNaughton;;71;148;2010-11-20;Alberton;PE;Canada;;;0
8730;125;124;Landon;Dupont;;72;196;2009-5-28;Zug;ZG;Canada;Switzerland;;0
8731;70;19;Robert;Krajnak;;73;192;2009-4-6;Kosice;KOS;Slovakia;;;0
8732;67;67;Micha;Wyss;;72;197;2009-7-24;Huttwil;BE;Switzerland;;;0
8733;114;3;James;Scantlebury;;71;200;2009-1-15;Montreal;QC;Canada;;;0
8734;65;65;Brock;Cripps;;73;197;2009-7-23;Victoria;BC;Canada;;;0
8735;94;20;Eli;McKamey;;71;197;2009-1-19;Cowichan Valley;BC;Canada;;;0
8736;31;31;Jonah;Neuenschwander;;76;211;2009-3-10;Biel;BE;Switzerland;;;0
8737;112;112;Alexis;Joseph;;78;212;2009-11-18;Mascouche;QC;Canada;;;0
8738;111;17;Carl;Jansson;;71;202;2009-8-14;Uppsala;UPP;Sweden;;;0
8739;7;7;Aden;Bouchard;;73;218;2009-3-25;Airdrie;AB;Canada;;;0
8740;68;1;Nolan;Fitzhenry;;71;204;2009-2-10;Andover;MN;The United States;;;0
8741;81;81;Ben;Harvey;;73;202;2009-8-6;Edmonton;AB;Canada;;;0
8742;120;120;Tom;Bjurman;;72;188;2009-4-6;Helsingborg;SKÂ;Sweden;;;0
8743;63;63;Jaxon;Jacobson;;74;198;2008-12-11;Brandon;MB;Canada;;;0
8744;91;91;Kayden;Stroeder;;74;223;2009-3-1;Saskatoon;SK;Canada;;;0
8745;102;102;Logan;Gretzky;;71;196;2009-6-28;Upland;CA;The United States;;;0
8746;101;101;Oscar;Webb;;72;192;2011-10-24;St. Petersburg;FL;The United States;;;0
8747;90;90;Rikki;Dorey;;76;205;2012-6-10;Abbotsford;BC;Canada;;;0
8748;-1;-1;Daniel;Sjˆberg;;72;192;2012-1-18;Stockholm;STO;Sweden;;;0
8749;-1;-1;Oskar;Karlsson;;69;167;2011-11-1;Gislaved;JˆN;Sweden;;;0
8750;-1;-1;Matthias;Ochsenbein;;71;198;2012-6-1;Opfikon;ZH;Switzerland;;;0
8751;89;89;Carlo;LÈvesque;;71;174;2012-1-26;Acton;ON;Canada;;;0
8752;-1;-1;Gints;Bajars;;72;185;2011-10-26;Liepaja;LIE;Latvia;;;0
8753;101;101;Steffen;Simpson;;72;192;2012-6-5;David City;NE;The United States;;;0
8754;-1;-1;Joel;Ekstrˆm;;71;201;2012-5-3;H‰ssleholm;SKÂ;Sweden;;;0
8755;97;97;Jake;LÈvesque;;74;190;2012-3-19;Montreal;QC;Canada;;;0
8756;97;97;Elliott;Tremblay;;72;184;2011-8-14;Hauterive;QC;Canada;;;0
8757;99;99;Mark;Belter;;73;208;2012-4-29;Quinte West;ON;Canada;;;0
8758;85;85;Brian;Morton;;72;192;2012-4-26;Thornhill;ON;Canada;;;0
8759;-1;-1;Kevin;÷hman;;73;191;2012-2-15;Kung‰lv;V‰S;Sweden;;;0
8760;-1;-1;Jo;Kummer;;71;185;2011-11-25;Gelsenkirchen;NOR;Germany;;;0
8761;-1;-1;Oscar;Andersson;;75;225;2012-6-30;Stockholm;STO;Sweden;;;0
8762;-1;-1;Matviy;Skrypnyk;;74;192;2011-12-12;Donetsk;DON;Ukraine;;;0
8763;100;100;Peter;Corcoran;;71;175;2011-9-4;Caruthersville;MO;The United States;;;0
8764;-1;-1;Taras;Morozov;;76;221;2012-3-18;Kerch;KRY;Ukraine;;;0
8765;91;91;Jason;Warner;;72;183;2011-12-17;Toronto;ON;Canada;;;0
8766;89;89;Justin;Rowbotham;;71;208;2011-10-6;Mission;BC;Canada;;;0
8767;-1;-1;Ihor;Rudyi;;75;199;2012-2-10;Chapayevka;ZAP;Ukraine;;;0
8768;91;91;Liam;Kavanaugh;;71;204;2011-7-13;Ottawa;ON;Canada;;;0
8769;-1;-1;Veli;Mykk‰nen;;75;205;2012-5-8;Rauma;SAT;Finland;;;0
8770;-1;-1;Linas;Vileniskis;;69;200;2011-11-19;Klaipeda;KLA;Lithuania;;;0
8771;100;100;John;Jenkins;;73;196;2011-12-18;Brookline;MA;The United States;;;0
8772;102;102;Keenan;Lucas;;71;189;2011-10-5;Kelowna;BC;Canada;;;0
8773;-1;-1;Maksim;Kapaw;;71;187;2012-4-16;Minsk;MIN;Belarus;;;0
8774;-1;-1;Shayne;Pihach;;72;191;2012-1-25;Saanich;BC;Canada;;;0
8775;-1;-1;Jorge;Elias;;71;171;2012-3-20;Philadelphia;PA;The United States;;;0
8776;98;98;Brett;Joshua;;73;196;2011-9-17;Windsor;NS;Canada;;;0
8777;90;90;Charles;Yonkman;;73;194;2011-12-11;Midland;ON;Canada;;;0
8778;-1;-1;Joel;Lloyd;;70;204;2011-8-3;Brampton;ON;Canada;;;0
8779;92;92;Alistair;Dobias;;72;207;2012-1-19;Mississauga;ON;Canada;;;0
8780;100;100;Johnny;Delahanty;;73;200;2012-1-28;Mount Pleasant;MI;The United States;;;0
8781;93;93;Tyler;Balness;;72;213;2011-12-28;Calgary;AB;Canada;;;0
8782;100;100;Joe;Powell;;71;189;2011-10-9;Payson;UT;The United States;;;0
8783;-1;-1;Jan;Klos;;70;175;2011-11-28;Prague;PRA;Czech Republic;;;0
8784;89;89;Dominic;Bouchard;;72;188;2012-6-7;Montreal;QC;Canada;;;0
8785;-1;-1;Morgan;Samuel;;73;161;2012-1-6;St. Catharines;ON;Canada;;;0
8786;-1;-1;Mikhail;Krasovsky;;75;218;2011-10-3;Zhovtneve;VOL;Ukraine;;;0
8787;95;95;Colten;Cameron;;70;191;2011-11-29;Ottawa;ON;Canada;;;0
8788;-1;-1;Mike;Crema;;73;205;2012-4-24;Saskatoon;SK;Canada;;;0
8789;85;85;Eric;Wright;;70;173;2011-9-1;Vaughan;ON;Canada;;;0
8790;85;85;Jake;Pennell;;71;181;2011-10-6;Bobcaygeon;ON;Canada;;;0
8791;-1;-1;Hampus;Olsson;;72;207;2011-7-12;Munkfors;V‰R;Sweden;;;0
8792;104;104;Leland;Bekasiak;;71;183;2012-6-21;Coquitlam;BC;Canada;;;0
8793;104;104;David;Arnold;;73;203;2011-9-13;North Massapequa;NY;The United States;;;0
8794;90;90;BenoÓt;Pierre;;74;209;2012-2-18;LÈvis;QC;Canada;;;0
8795;95;95;Jeffery;Skinner;;72;189;2012-3-7;Windsor;ON;Canada;;;0
8796;-1;-1;Conrad;Schmidt;;73;207;2011-11-23;Beeskow;BRA;Germany;;;0
8797;-1;-1;Sergey;Yerastov;;70;192;2012-3-16;Semey;SIG;Kazakhstan;;;0
8798;-1;-1;Mikhail;Veretennikov;;78;209;2012-3-28;Irkutsk;IRK;Russia;;;0
8799;-1;-1;Faril;Safin;;73;184;2012-6-25;Vladikavkaz;NOR;Russia;;;0
8800;92;92;Craig;Williams;;73;211;2012-7-5;Thunder Bay;ON;Canada;;;0
8801;89;89;Adam;Moore;;72;191;2012-5-30;Toronto;ON;Canada;;;0
8802;-1;-1;CÈdric;Germain;;74;219;2012-4-24;Granby;QC;Canada;;;0
8803;100;100;Mark;Fender;;73;190;2011-10-7;Aransas Pass;TX;The United States;;;0
8804;-1;-1;Martin;Kamenik;;74;187;2012-6-15;VelkÈ Losiny;OLO;Czech Republic;;;0
8805;-1;-1;Randal;Tagoona;;74;191;2012-2-28;Cambridge;ON;Canada;;;0
8806;100;100;Pier-Luc;Marcotte;;74;189;2011-9-11;Saguenay;QC;Canada;;;0
8807;-1;-1;Milan;Krsticevic;;74;184;2012-4-10;Rijeka;PRI;Croatia;;;0
8808;101;101;Darrel;Warren;;72;207;2011-12-24;Marion;AR;The United States;;;0
8809;91;91;Jordan;Cassidy;;70;204;2012-6-21;Ottawa;ON;Canada;;;0
8810;-1;-1;Alfred;Svensson;;73;184;2011-9-27;M‰rsta;STO;Sweden;;;0
8811;103;103;Pierre-Maxime;Beauregard;;69;188;2012-4-21;Quebec City;QC;Canada;;;0
8812;93;93;Aleksandr;Lekomtsev;;73;180;2012-3-16;Kuba-Taba;KAB;Russia;;;0
8813;-1;-1;Menbolat;Ashimov;;73;198;2011-7-10;Shymkent;ONT;Kazakhstan;;;0
8814;93;93;Lou;Beaudin;;72;191;2011-8-6;Toronto;ON;Canada;;;0
8815;-1;-1;Pavel;Akelin;;73;200;2011-11-27;Krugloozernoe;BAT;Kazakhstan;;;0
8816;-1;-1;Daniel;Tezky;;73;213;2012-5-11;Prague;PRA;Czech Republic;;;0
8817;-1;-1;Roland;Nagy;;72;198;2012-6-13;Bardejov;PRE;Slovakia;;;0
8818;104;104;Stefan;Godfrey;;71;191;2011-10-2;View Royal;BC;Canada;;;0
8819;88;88;Jozef;Kudas;;77;206;2012-4-18;Poprad;PRE;Slovakia;;;0
8820;96;96;Aldo;Benzi;;70;165;2012-6-18;Brossard;QC;Canada;;;0
8821;97;97;Evan;Gaal;;69;179;2012-1-20;Mississauga;ON;Canada;;;0
8822;87;87;…lie;GagnÈ;;73;205;2012-3-19;Quebec City;QC;Canada;;;0
8823;98;98;Taylor;Stanley;;73;208;2012-4-17;Ottawa;ON;Canada;;;0
8824;87;87;Adam;Enright;;71;187;2011-8-26;Irving;TX;The United States;;;0
8825;90;90;Jordan;Harrison;;76;199;2011-8-21;Victoria;BC;Canada;;;0
8826;-1;-1;Jakub;Pravec;;74;213;2012-6-3;Prague;PRA;Czech Republic;;;0
8827;-1;-1;Alexis;Okkonen;;71;195;2012-4-12;Himanka;CEN;Finland;;;0
8828;93;93;Timothy;Leduc;;73;204;2012-2-5;Montreal;QC;Canada;;;0
8829;98;98;Michael;Neal;;71;186;2011-11-19;Petawawa;ON;Canada;;;0
8830;-1;-1;Andre;Meyer;;71;173;2012-3-28;Karlsdorf-Neuthard;BAD;Germany;;;0
8831;86;86;Ryan;Melnyk;;72;182;2012-5-16;Lakeshore;ON;Canada;;;0
8832;101;101;Jean-Simon;DÈcarie;;73;182;2012-4-13;La Malbaie;QC;Canada;;;0
8833;99;99;Cade;Burtniak;;71;205;2012-3-29;Waterloo;ON;Canada;;;0
8834;-1;-1;Medardas;Zukauskas;;75;204;2011-12-17;Kaunas;KAU;Lithuania;;;0
8835;-1;-1;Anton;Voronin;;72;187;2011-11-8;Kholmsk;SAK;Russia;;;0
8836;-1;-1;Eduardas;Fridrikas;;72;200;2011-11-23;Alytus;ALY;Lithuania;;;0
8837;-1;-1;Michael;Tippett;;72;197;2012-7-6;Delta;BC;Canada;;;0
8838;-1;-1;Libor;Vyskocil;;77;211;2012-1-21;HolÌc;TRN;Slovakia;;;0
8839;87;87;Philippe;Drolet;;72;187;2012-1-21;Repentigny;QC;Canada;;;0
8840;-1;-1;Peter;Kovar;;71;212;2012-1-10;TvrdosÌn;ZIL;Slovakia;;;0
8841;91;91;Colton;Colton;;73;192;2012-1-19;Calgary;AB;Canada;;;0
8842;-1;-1;Scott;Stiles;;74;174;2012-1-13;Calgary;AB;Canada;;;0
8843;96;96;Bob;Luhning;;73;178;2011-11-29;Delta;BC;Canada;;;0
8844;-1;-1;Nurlan;Kairushev;;73;192;2012-4-15;Almaty;ALM;Kazakhstan;;;0
8845;85;85;MichaÎl;BÈgin;;74;207;2011-9-19;Edmonton;AB;Canada;;;0
8846;98;98;Jason;Toufexis;;74;211;2011-9-27;Amos;QC;Canada;;;0
8847;102;102;Chris;Wylie;;72;182;2011-8-28;Hamilton;ON;Canada;;;0
8848;96;96;Grayson;Wetering;;73;206;2012-4-21;Welland;ON;Canada;;;0
8849;86;86;Luc;Haspeck;;70;196;2012-5-20;Brantford;ON;Canada;;;0
8850;92;92;Zac;Schussler;;73;189;2012-2-10;Vaughan;ON;Canada;;;0
8851;92;92;Elvis;Stumpf;;73;197;2011-11-8;West Nipissing;ON;Canada;;;0
8852;85;85;Drew;Kewin;;72;176;2012-1-20;Aurora;ON;Canada;;;0
8853;85;85;Brian;Philipson;;76;207;2011-10-27;Chili;NY;The United States;;;0
8854;90;90;Brent;Timmins;;77;211;2011-9-24;Brampton;ON;Canada;;;0
8855;85;85;Colin;Paskuski;;71;188;2011-9-6;Calgary;AB;Canada;;;0
8856;-1;-1;Raimo;Pelkonen;;73;192;2011-10-20;Helsinki;UUS;Finland;;;0
8857;-1;-1;Mario;Kovac;;74;184;2011-10-12;Podbrezova;BAN;Slovakia;;;0
8858;-1;-1;Emil;Holmgren;;72;181;2011-12-11;Gˆteborg;V‰S;Sweden;;;0
8859;92;92;Mathieu;David;;75;212;2011-11-17;Montreal;QC;Canada;;;0
8860;-1;-1;Valerijonas;Ulanovas;;73;186;2012-2-13;Kaunas;KAU;Lithuania;;;0
8861;-1;-1;Boris;Maidykov;;74;195;2011-11-8;Tomsk;TOM;Russia;;;0
8862;-1;-1;Chad;Rymsha;;72;189;2012-4-20;Calgary;AB;Canada;;;0
8863;-1;-1;Pavel;Akademov;;73;200;2012-2-13;Irkutsk;IRK;Russia;;;0
8864;-1;-1;Anton;Gavrilov;;71;204;2012-1-18;Saratov;SAR;Russia;;;0
8865;85;85;Richard;Hurlburt;;73;207;2012-1-26;Whitby;ON;Canada;;;0
8866;-1;-1;Daniel;Port;;74;211;2011-9-1;HlucÌn;MOR;Czech Republic;;;0
8867;-1;-1;Oscar;Nordstrˆm;;72;206;2012-6-4;Sveg;J‰M;Sweden;;;0
8868;-1;-1;Robert;Jacobi;;73;207;2012-4-4;Mˆlln;SCH;Germany;;;0
8869;92;92;Alex;Jansen;;73;186;2012-3-8;Toronto;ON;Canada;;;0
8870;-1;-1;Aron;Turville;;74;185;2011-12-16;Ottawa;ON;Canada;;;0
8871;95;95;Karl;Charpentier;;73;186;2011-7-15;Westmount;QC;Canada;;;0
8872;100;100;Cody;Ruljancich;;71;192;2012-4-12;Toronto;ON;Canada;;;0
8873;97;97;Jordan;Gallagher;;75;189;2012-1-20;Vancouver;BC;Canada;;;0
8874;-1;-1;Mario;Gigon;;71;195;2012-3-5;Sierre;VS;Switzerland;;;0
8875;101;101;Tommy;Fisher;;75;190;2012-5-20;Charlotte;NC;The United States;;;0
8876;94;94;Brett;Berenson;;71;196;2012-4-23;Red Deer;AB;Canada;;;0
8877;-1;-1;August;Virkki;;72;207;2011-10-13;Norrt‰lje;STO;Sweden;;;0
8878;87;87;Tommaso;Lorenzoni;;74;201;2011-11-12;Welland;ON;Canada;;;0
8879;-1;-1;Marcus;Pedersen;;72;176;2011-9-25;Odense;FYN;Denmark;;;0
8880;-1;-1;Flemming;Skj¯dt;;71;202;2011-7-23;Copenhagen;FRE;Denmark;;;0
8881;95;95;Aaron;Hitchman;;74;190;2012-2-24;Goderich;ON;Canada;;;0
8882;94;94;Jon;Martin;;71;174;2012-5-6;Pomona;CA;The United States;;;0
8883;87;87;Jean-Christophe;Lacasse;;74;204;2012-5-25;Kawartha Lakes;ON;Canada;;;0
8884;97;97;Afanasy;Popov;;73;184;2012-2-22;Riga;RIG;Latvia;The United States;;0
8885;-1;-1;Martin;Volejnik;;71;204;2011-9-6;Vizovice;ZLN;Czech Republic;;;0
8886;101;101;Glenn;Twombly;;75;215;2011-11-16;Sutton;MA;The United States;;;0
8887;101;101;Yao;Bangpeng;;71;201;2011-12-4;Vancouver;WA;The United States;China;;0
8888;93;93;James;McGreer;;71;180;2012-5-21;Regina;SK;Canada;;;0
8889;-1;-1;Matej;Kourimsky;;74;196;2012-2-24;RousÌnov;JHM;Czech Republic;;;0
8890;-1;-1;Dominik;Slavik;;73;199;2012-4-23;Prague;PRA;Czech Republic;;;0
8891;87;87;Joey;Alzate;;72;185;2012-5-5;Chicago;IL;The United States;;;0
8892;-1;-1;Bjarne;Mikkelsen;;72;169;2011-10-5;Nakskov;STO;Denmark;;;0
8893;90;90;Alex;Pereira;;73;204;2011-10-7;Brampton;ON;Canada;;;0
8894;-1;-1;Yefim;Mlachnev;;75;197;2011-9-26;Teplice;UST;Czech Republic;Russia;;0
8895;99;99;Cody;Tripp;;71;194;2012-4-1;Ottawa;ON;Canada;;;0
8896;100;100;Kenneth;Miller;;69;189;2012-5-22;Scottsdale;AZ;The United States;;;0
8897;-1;-1;Dmitry;Milyokhin;;72;214;2011-8-15;Tukums;TUK;Latvia;;;0
8898;-1;-1;Edvins;Dambergs;;72;186;2012-1-12;Talsi;TAL;Latvia;;;0
8899;-1;-1;Aleksey;Tvorogov;;72;189;2012-3-15;Perm;PER;Russia;;;0
8900;93;93;Mike;Clair;;71;181;2011-11-14;Vancouver;BC;Canada;;;0
8901;86;86;Maxim;Connop;;71;170;2012-7-4;Cornwall;ON;Canada;;;0
8902;-1;-1;Michael;Neuhold;;72;175;2012-3-1;Biebesheim;HES;Germany;;;0
8903;97;97;Dylan;Holt;;71;185;2011-10-15;Regina;SK;Canada;;;0
8904;92;92;Antoine;Blier;;72;202;2012-5-8;Montreal;QC;Canada;;;0
8905;92;92;Maxime;Bolduc;;72;207;2011-8-10;Petit Rocher;NB;Canada;;;0
8906;81;81;Michael;Murray;;71;170;2012-1-30;Forest Hill;TX;The United States;;;0
8907;64;64;Luke;Nichols;;71;196;2011-12-10;Simcoe;ON;Canada;;;0
8908;72;72;Sergey;Gerasimov;;71;172;2011-7-30;Zhezkazgan;KAR;Kazakhstan;The United States;;0
8909;-1;-1;J·n;Vallo;;73;189;2011-10-20;Lendak;TRE;Slovakia;;;0
8910;79;79;Matt;Schliebener;;72;195;2012-2-18;Whitehorse;YT;Canada;;;0
8911;82;82;Bob;Stettin;;71;193;2012-2-28;Evansville;IN;The United States;;;0
8912;83;83;Bill;Grant;;71;175;2012-4-26;Spanaway;WA;The United States;;;0
8913;63;63;Tanner;Burridge;;73;195;2012-1-4;Peterborough;ON;Canada;;;0
8914;74;74;Tyler;Williams;;72;201;2011-8-11;Coquitlam;BC;Canada;;;0
8915;75;75;Spencer;Vetterl;;74;189;2011-8-30;Vernon;BC;Canada;;;0
8916;67;67;Dillon;Montgomery;;71;169;2012-6-3;Brampton;ON;Canada;;;0
8917;63;63;David;Baars;;73;188;2012-1-19;Oshawa;ON;Canada;;;0
8918;-1;-1;Finn;Feddersen;;75;220;2012-6-9;Copenhagen;FRE;Denmark;;;0
8919;75;75;Michael;Stein;;72;207;2011-11-22;Petawawa;ON;Canada;;;0
8920;63;63;Cory;Armitage;;71;205;2012-2-3;Windsor;ON;Canada;;;0
8921;-1;-1;Patriks;Veldre;;74;194;2012-1-31;Jelgava;JEL;Latvia;Russia;;0
8922;-1;-1;Pier-Luc;Joyal;;72;166;2011-12-6;Trois-RiviËres;QC;Canada;;;0
8923;82;82;David;Ortega;;73;192;2012-1-3;Riverside;CA;The United States;;;0
8924;80;80;Karsten;Lochead;;75;217;2012-7-1;Cape Breton Regional Municipality;NS;Canada;;;0
8925;-1;-1;Daniel;Forsman;;72;184;2012-4-22;Sˆdert‰lje;STO;Sweden;;;0
8926;-1;-1;Ville;Lankinen;;72;192;2012-5-10;Lepp‰virta;NSA;Finland;;;0
8927;-1;-1;Zinetulla;Kurmanov;;72;203;2011-9-19;Georgievsk;STA;Russia;;;0
8928;75;75;Mike;Milley;;72;194;2012-3-31;Kitchener;ON;Canada;;;0
8929;83;83;Edmund;Bennett;;74;197;2012-3-6;Detroit;MI;The United States;;;0
8930;-1;-1;Normunds;Astasenko;;74;204;2011-12-19;Vangazi;RIG;Latvia;;;0
8931;72;72;Josh;Basso;;75;199;2012-5-23;Crystal Beach;ON;Canada;;;0
8932;-1;-1;Viktor;Spivak;;75;221;2011-11-27;Elektrostal;MOS;Russia;;;0
8933;-1;-1;Jekabs;Skvorcovs;;74;183;2011-10-13;Riga;RIG;Latvia;;;0
8934;69;69;Nathan;Seldon;;70;175;2012-3-21;Waterloo;ON;Canada;;;0
8935;78;78;Bruno;CÙtÈ;;70;166;2011-8-8;Saguenay;QC;Canada;;;0
8936;-1;-1;Erik;Ling;;73;202;2011-11-1;Hˆgan‰s;SKÂ;Sweden;;;0
8937;76;76;Joel;Smith;;72;178;2011-10-12;Calgary;AB;Canada;;;0
8938;83;83;Jessy;Deveault;;73;169;2012-4-17;Quebec City;QC;Canada;;;0
8939;77;77;Zacharie;Rousseau;;72;173;2012-4-2;Toronto;ON;Canada;;;0
8940;70;70;Mike;Osborne;;71;176;2012-5-23;Bridgetown;NS;Canada;;;0
8941;-1;-1;Otto;Schˆn;;74;187;2011-7-21;SlavicÌn;ZLN;Czech Republic;;;0
8942;-1;-1;Jakub;Zach;;74;182;2011-12-18;PrÌbor;MOR;Czech Republic;;;0
8943;75;75;Mattia;Adduci;;72;181;2012-4-26;South Stormont;ON;Canada;;;0
8944;-1;-1;Lauri;Immonen;;71;201;2012-3-23;Paltamo;KAI;Finland;;;0
8945;80;80;Justin;Bridges;;73;208;2012-2-18;Quinte West;ON;Canada;;;0
8946;68;68;Guillaume;Simon;;72;209;2012-4-27;Longueuil;QC;Canada;;;0
8947;-1;-1;Markus;M¸ller;;72;192;2012-4-20;Vienna;WIE;Austria;;;0
8948;-1;-1;Roman;Ctvrtnicek;;74;213;2012-7-5;Kutna Hora;STR;Czech Republic;;;0
8949;78;78;Adam;Strate;;72;209;2012-3-15;Windsor;ON;Canada;;;0
8950;79;79;Samuel;VÈzina;;71;186;2011-7-15;Laval;QC;Canada;;;0
8951;-1;-1;Veikko;Iivonen;;73;211;2011-7-24;Savonlinna;SSA;Finland;;;0
8952;81;81;Corey;Chaundler;;75;206;2012-4-10;San Antonio;TX;The United States;;;0
8953;65;65;Justin;Grant;;75;218;2011-11-28;Cowansville;QC;Canada;;;0
8954;-1;-1;Marat;Bayramov;;70;176;2012-4-12;Ufa;BAS;Russia;;;0
8955;-1;-1;Martin;Hykel;;72;189;2011-10-26;Litomerice;UST;Czech Republic;;;0
8956;80;80;Tanner;Percy;;72;207;2011-12-19;Edmonton;AB;Canada;;;0
8957;-1;-1;Gim;Seong-min;;74;203;2012-1-2;Pohang;GYE;South Korea;;;0
8958;71;71;RomÈo;Paradis;;75;194;2011-9-20;Boucherville;QC;Canada;;;0
8959;-1;-1;Hermanni;Eerola;;72;199;2011-11-29;Vaasa;OST;Finland;;;0
8960;78;78;Thomas;Trotter;;71;174;2012-6-7;Surrey;BC;Canada;;;0
8961;64;64;Carl;Laflamme;;72;206;2011-7-16;Saint-Charles-BorromÈe;QC;Canada;;;0
8962;73;73;Tynan;Hogan;;74;190;2011-12-26;Philadelphia;PA;The United States;;;0
8963;75;75;Ryan;Sanderson;;71;201;2011-8-6;Pickering;ON;Canada;;;0
8964;75;75;Skylar;Holmgren;;74;217;2011-10-16;Timmins;ON;Canada;;;0
8965;66;66;Ryan;Busniuk;;70;188;2012-6-16;Halifax;NS;Canada;;;0
8966;65;65;Steven;Dawson;;72;184;2011-8-30;Toronto;ON;Canada;;;0
8967;70;70;Luc;Bergeron;;73;183;2012-3-28;Montreal;QC;Canada;;;0
8968;74;74;Alexandre;Martinez;;71;204;2011-10-29;Dollard-des-Ormeaux;QC;Canada;;;0
8969;64;64;Robert;Armstrong;;73;191;2011-9-16;Toronto;ON;Canada;;;0
8970;74;74;Terry;MacKay;;73;191;2012-3-14;Windsor;ON;Canada;;;0
8971;-1;-1;Konstantin;Yeliseyev;;71;204;2012-1-26;Lipetsk;LIP;Russia;;;0
8972;-1;-1;Jaroslav;Brabec;;71;198;2011-9-27;Breclav;JHM;Czech Republic;;;0
8973;-1;-1;Marcel;Decker;;69;176;2011-11-23;Munich;BAV;Germany;;;0
8974;63;63;Mason;Knott;;74;199;2012-5-8;Charlottetown;PE;Canada;;;0
8975;81;81;Sam;Little;;69;172;2012-6-28;Beach Haven West;NJ;The United States;;;0
8976;69;69;Marc-Olivier;Beauchamp;;72;185;2011-9-11;Westmount;QC;Canada;;;0
8977;-1;-1;Samuel;Rˆssel;;72;203;2012-2-12;Schlieben;BRA;Germany;;;0
8978;81;81;Keith;Reynolds;;74;188;2012-2-11;Richmond;VA;The United States;;;0
8979;75;75;Sean;Buttrey;;70;198;2012-7-3;Winnipeg;MB;Canada;;;0
8980;69;69;AndrÈ-Philippe;Pothier;;71;201;2011-8-2;Saint-Eustache;QC;Canada;;;0
8981;-1;-1;Tapani;Koivula;;73;184;2012-5-23;Pori;SAT;Finland;;;0
8982;-1;-1;Pontus;Gˆransson;;75;198;2011-8-27;Gˆteborg;V‰S;Sweden;;;0
8983;-1;-1;J·n;Kopca;;72;182;2011-12-13;Michalovce;KOS;Slovakia;;;0
8984;76;76;Marc-Antoine;Simard;;71;186;2012-6-30;Kirkland;QC;Canada;;;0
8985;80;80;Ryan;Cuma;;71;169;2011-10-19;Winnipeg;MB;Canada;;;0
8986;76;76;Kellan;Presswood;;74;218;2012-5-30;Thornhill;ON;Canada;;;0
8987;-1;-1;Baurzhan;Khamzin;;70;203;2011-11-7;Oktyabrsk;AKT;Kazakhstan;;;0
8988;80;80;Larry;Basinger;;77;209;2012-5-5;Staunton;VA;The United States;;;0
8989;80;80;Sergio;Rivero;;72;191;2011-8-24;Reno;NV;The United States;;;0
8990;-1;-1;Justin;Meyer;;73;184;2011-12-8;Horn-Bad Meinberg;NOR;Germany;;;0
8991;80;80;Jean-Philippe;MÈnard;;69;181;2012-3-10;Terrebonne;QC;Canada;;;0
8992;67;67;Yanic;LaramÈe;;73;195;2012-2-7;Gatineau;QC;Canada;;;0
8993;-1;-1;Tapio;Ollila;;75;204;2012-6-5;Helsinki;UUS;Finland;;;0
8994;-1;-1;Albin;Simon;;70;187;2011-11-24;Farsta;STO;Sweden;;;0
8995;-1;-1;Mads;Offersen;;77;197;2011-11-2;Copenhagen;FRE;Denmark;;;0
8996;74;74;Kyle;Krueckl;;71;183;2012-4-11;Fort McMurray;AB;Canada;;;0
8997;-1;-1;Jeremy;Gall;;74;178;2012-1-28;Burgdorf;BE;Switzerland;;;0
8998;-1;-1;Lucas;Bugnon;;73;192;2012-1-5;Geneva;GE;Switzerland;;;0
8999;67;67;Oscar;Blacksmith;;72;176;2011-8-29;Toronto;ON;Canada;;;0
9000;82;82;George;van Dousen;;74;216;2012-3-10;Daly City;CA;The United States;;;0
9001;-1;-1;Jan;Kral;;71;185;2012-3-28;PrÌbor;MOR;Czech Republic;;;0
9002;68;68;Simon;Ouimet;;73;188;2012-1-29;Quebec City;QC;Canada;;;0
9003;-1;-1;Zbynek;Otta;;73;188;2011-9-20;⁄stÌ nad OrlicÌ;PAR;Czech Republic;;;0
9004;84;84;Tyler;Klaver;;73;174;2012-1-19;Vancouver;BC;Canada;;;0
9005;66;66;Shawn;Bernard;;77;207;2011-9-19;Toronto;ON;Canada;;;0
9006;-1;-1;Martin;Livojevic;;76;189;2011-8-15;Kranjska Gora;GOR;Slovenia;;;0
9007;77;77;Bob;O'Talharan;;72;199;2012-6-22;Coram;NY;The United States;;;0
9008;83;83;JÈrÙme;LagacÈ;;74;218;2011-11-23;Montreal;QC;Canada;;;0
9009;76;76;Jacob;…thier;;73;218;2012-5-26;Laval;QC;Canada;;;0
9010;72;72;Jimmy;Funnell;;74;205;2012-5-11;St. Catharines;ON;Canada;Russia;;0
9011;-1;-1;Dmitry;Paruzin;;72;202;2012-1-17;Kokshetau;AKM;Kazakhstan;;;0
9012;66;66;Josh;Coleman;;74;214;2012-6-21;Fredericton;NB;Canada;;;0
9013;64;64;Krys;Cowan;;74;198;2011-11-25;Hamilton;ON;Canada;;;0
9014;-1;-1;Antonini;Babic;;73;208;2011-7-31;Hvar;SPL;Croatia;;;0
9015;76;76;Trevor;Gare;;71;191;2012-2-24;Windsor;ON;Canada;;;0
9016;-1;-1;Tommi;M‰kel‰;;71;181;2011-9-29;Laitila;SOU;Finland;;;0
9017;-1;-1;Anton;Johansson;;75;192;2012-3-24;Sˆdert‰lje;STO;Sweden;;;0
9018;-1;-1;Steve;Loustel;;68;193;2012-2-28;Regina;SK;Canada;;;0
9019;79;79;Steven;Callighen;;78;206;2012-3-13;Edmonton;AB;Canada;;;0
9020;72;72;Stefan;Pacheco;;71;199;2012-5-24;Halifax;NS;Canada;;;0
9021;80;80;Craig;Meggison;;72;182;2011-11-27;Opelika;AL;The United States;;;0
9022;-1;-1;Raimondas;Astrauskas;;72;191;2012-6-28;Vilnius;VIL;Lithuania;;;0
9023;-1;-1;Pavel;Chaloupka;;74;185;2012-6-6;Ostrava;MOR;Czech Republic;;;0
9024;-1;-1;Pyotr;Yeshkovsky;;72;193;2012-2-1;Moscow;MOS;Russia;;;0
9025;-1;-1;Martin;Moravec;;72;185;2012-4-4;Prostejov;OLO;Czech Republic;;;0
9026;-1;-1;Marek;Melicharek;;72;180;2011-9-27;Prague;PRA;Czech Republic;;;0
9027;-1;-1;Tom·s;Teply;;70;185;2012-5-31;UherskÈ Hradiste;ZLN;Czech Republic;;;0
9028;64;64;Emrik;Bolduc;;71;204;2011-12-23;Thunder Bay;ON;Canada;;;0
9029;77;77;Michael;Cardiff;;71;195;2012-6-29;Strathroy;ON;Canada;;;0
9030;82;82;Mike;Zupancich;;73;178;2011-11-1;London;ON;Canada;;;0
9031;77;77;Ryan;Schenn;;75;193;2012-1-9;Sault Ste. Marie;ON;Canada;;;0
9032;-1;-1;Jˆrn;Welzel;;76;202;2011-12-16;Berlin;BER;Germany;;;0
9033;68;68;Rick;McLaurin;;70;188;2012-6-28;Schenectady;NY;The United States;;;0
9034;76;76;Warren;Matyas;;76;229;2011-12-28;North Vancouver;BC;Canada;;;0
9035;69;69;JÈrÈmie;TassÈ;;71;179;2011-9-28;Montreal;QC;Canada;;;0
9036;78;78;Jordan;Schaefer;;71;173;2011-12-18;Valleyview;AB;Canada;;;0
9037;76;76;David;Ince;;78;237;2011-11-10;Oshawa;ON;Canada;;;0
9038;69;69;Austin;Coldwell;;74;214;2012-1-8;Chatham-Kent;ON;Canada;;;0
9039;79;79;Paul;Marty;;72;198;2012-4-30;Thunder Bay;ON;Canada;;;0
9040;79;79;Jonathan;Monteith;;77;218;2012-4-16;Ottawa;ON;Canada;;;0
9041;63;63;Paul;MacBlain;;75;193;2012-2-14;Kingston;ON;Canada;Russia;;0
9042;79;79;Alessandro;Antoni;;75;190;2011-9-9;Toronto;ON;Canada;;;0
9043;-1;-1;Jan;Zezula;;70;167;2012-2-26;Miroslav;JHM;Czech Republic;;;0
9044;78;78;Kyle;Kittrell;;73;212;2011-8-25;New York;NY;The United States;;;0
9045;-1;-1;Martin;Vanicek;;77;197;2011-7-17;Pardubice;PAR;Czech Republic;;;0
9046;-1;-1;Bertulis;Pavuls;;70;174;2011-10-3;Riga;RIG;Latvia;;;0
9047;81;81;Mike;Lockhart;;70;186;2011-10-11;Ventura;CA;The United States;;;0
9048;83;83;Jeff;Hardin;;77;190;2012-5-29;Menifee;CA;The United States;;;0
9049;-1;-1;Jakub;Kroka;;72;188;2011-8-23;Pelhrimov;VYS;Czech Republic;;;0
9050;-1;-1;Sergiy;Chumak;;70;192;2011-9-26;Sumy;SUM;Ukraine;;;0
9051;63;63;Maxime;Briand;;74;190;2011-11-20;Montreal;QC;Canada;;;0
9052;-1;-1;Marijan;Perlic;;72;196;2012-2-28;Zagreb;GRA;Croatia;;;0
9053;-1;-1;Michal;Macho;;72;191;2012-2-27;Stropkov;PRE;Slovakia;;;0
9054;-1;-1;Jiri;Koska;;72;192;2011-9-22;Nov˝ JicÌn;MOR;Czech Republic;;;0
9055;70;70;Ian;Goertzen;;74;219;2012-2-28;Calgary;AB;Canada;;;0
9056;81;81;Joe;White;;73;204;2012-1-15;Lebanon;KY;The United States;;;0
9057;67;67;Milan;Ashfield;;68;190;2012-7-6;Markham;ON;Canada;;;0
9058;-1;-1;Per;K‰hˆnen;;70;174;2011-8-25;Helsinki;UUS;Finland;;;0
9059;72;72;Charles;Mickey;;71;169;2011-9-5;Toronto;ON;Canada;;;0
9060;75;75;Scott;Brooks;;71;175;2011-8-16;Winnipeg;MB;Canada;;;0
9061;-1;-1;Aribert;Jung;;68;181;2011-10-29;Kloster Lehnin;BRA;Germany;;;0
9062;-1;-1;Bent;Andreassen;;73;186;2012-5-7;G‰vle;G‰V;Sweden;;;0
9063;65;65;Louis-Philip;Marcil;;68;166;2012-4-20;Montreal;QC;Canada;;;0
9064;-1;-1;Jason;Chiodo;;74;192;2012-6-18;Bridgewater;NS;Canada;;;0
9065;67;67;Dominick;Beavington;;74;212;2012-2-22;Dartmouth;NS;Canada;;;0
9066;69;69;Gabryel;Moreau;;72;207;2011-12-4;Saint-Constant;QC;Canada;;;0
9067;-1;-1;Robert;Cavallini;;69;168;2012-4-16;Crowsnest Pass;AB;Canada;;;0
9068;69;69;Robert;Perry;;71;192;2011-7-27;Toronto;ON;Canada;;;0
9069;-1;-1;Gundars;Veisbardis;;71;193;2011-8-3;Riga;RIG;Latvia;;;0
9070;-1;-1;Martin;Vancura;;70;206;2011-12-5;Prague;PRA;Czech Republic;;;0
9071;-1;-1;Aleksandr;Ivanov;;73;201;2012-2-27;Apsheronsk;KRA;Russia;;;0
9072;78;78;Karl;Pilote;;73;186;2012-5-19;Victoriaville;QC;Canada;;;0
9073;-1;-1;Tom·s;Vozka;;76;205;2011-12-9;Prague;PRA;Czech Republic;;;0
9074;74;74;LoÔc;Perreault;;72;178;2012-4-26;Saint-Eustache;QC;Canada;;;0
9075;-1;-1;Yevgeny;Sviyazov;;71;188;2011-7-16;Ust-Kamenogorsk;SIG;Kazakhstan;;;0
9076;78;78;Justin;House;;74;194;2012-3-31;Surrey;BC;Canada;;;0
9077;69;69;Dave;Ross;;72;181;2012-2-20;Toronto;ON;Canada;;;0
9078;-1;-1;Voldemars;Silkalejs;;73;186;2012-1-29;Kuldiga;KUL;Latvia;;;0
9079;-1;-1;Jan;Macek;;71;169;2011-7-31;Koprivnice;MOR;Czech Republic;;;0
9080;63;63;Tyson;Elliot;;70;196;2011-10-7;Saltspring Island;BC;Canada;;;0
9081;79;79;Timothy;Carignan;;75;202;2011-8-20;Longueuil;QC;Canada;;;0
9082;-1;-1;Gustav;Edin;;73;182;2012-3-6;Lund;SKÂ;Sweden;;;0
9083;109;109;John;Willis;;72;206;2011-11-19;Oxnard;CA;The United States;;;0
9084;119;119;Charles;St-Laurent;;70;188;2012-2-4;Varennes;QC;Canada;;;0
9085;118;118;Brett;Radmanovich;;72;189;2012-6-23;Winnipeg;MB;Canada;;;0
9086;118;118;Steven;Smith;;71;201;2012-4-24;Chilliwack;BC;Canada;;;0
9087;-1;-1;Anton;Azadovsky;;78;200;2012-4-9;Kyiv;KYI;Ukraine;;;0
9088;120;120;Steve;Tadman;;75;221;2011-12-13;Point Edward;ON;Canada;;;0
9089;120;120;Ron;Krulicki;;69;188;2012-3-7;Nacka;STO;Sweden;Canada;;0
9090;111;111;J·n;Hanek;;71;181;2012-7-5;Liptovsk˝ Mikulas;ZIL;Slovakia;;;0
9091;120;120;Geoffrey;Bareto;;72;206;2011-7-22;Mission;BC;Canada;;;0
9092;121;121;FÈlix;MÈtivier;;75;221;2012-2-21;Vaudreuil-Dorion;QC;Canada;;;0
9093;117;117;Taven;Plancherel;;73;195;2012-2-24;Saskatoon;SK;Canada;;;0
9094;105;105;Maxime;ValliËres;;71;197;2012-4-4;Sherbrooke;QC;Canada;;;0
9095;114;114;Pierre-Karl;Gauvin;;75;192;2012-1-26;Montreal;QC;Canada;;;0
9096;119;119;Davide;Smith;;72;181;2011-10-1;Vaughan;ON;Canada;;;0
9097;107;107;Darryl;Sampson;;74;219;2012-3-3;Montreal;QC;Canada;;;0
9098;119;119;Matthew;Gehon;;75;190;2012-6-15;Grande Prairie;AB;Canada;;;0
9099;122;122;Connor;Clarke;;72;175;2011-11-12;Delta;BC;Canada;;;0
9100;-1;-1;Aleksandr;Morozov;;73;201;2012-3-23;Shymkent;ONT;Kazakhstan;;;0
9101;119;119;Justin;Giftopoulos;;73;182;2012-6-18;Kelowna;BC;Canada;;;0
9102;-1;-1;Harrison;MacDonald;;73;184;2011-12-14;Perth;SCO;Scotland;;;0
9103;115;115;Pat;Swankie;;75;211;2011-8-22;Vernon;BC;Canada;;;0
9104;-1;-1;Russ;Fox;;70;166;2012-1-15;Dupo;IL;The United States;;;0
9105;115;115;Jonathan;Gagnon;;75;189;2012-6-14;Quebec City;QC;Canada;;;0
9106;115;115;Mitch;Doucette;;72;185;2011-10-4;Whitby;ON;Canada;;;0
9107;118;118;Maxime;Lemieux;;73;192;2011-9-13;Toronto;ON;Canada;;;0
9108;115;115;Brendyn;Carr;;71;201;2011-8-19;Vancouver;BC;Canada;;;0
9109;119;119;Alex;Hutton;;72;188;2012-4-21;Calgary;AB;Canada;;;0
9110;116;116;Jody;Eilbeck;;71;176;2011-8-9;Milton;ON;Canada;;;0
9111;113;113;Justice;Johnson;;75;194;2011-7-21;Toronto;ON;Canada;;;0
9112;117;117;Bryce;Federko;;71;210;2011-11-11;Toronto;ON;Canada;Denmark;;0
9113;111;111;Nathan;Delmonte;;73;209;2012-2-9;Norfolk County;ON;Canada;;;0
9114;112;112;Alex;Doerrsam;;74;193;2012-1-22;Delta;BC;Canada;;;0
9115;117;117;Nick;Bakovic;;72;210;2012-4-18;Mt. Forest;ON;Canada;;;0
9116;-1;-1;Vasyl;Hayduchyk;;73;170;2011-12-8;Vetka;GOM;Belarus;;;0
9117;121;121;Pierre-Yves;Lamontagne;;71;205;2011-8-20;Vaudreuil-Dorion;QC;Canada;;;0
9118;106;106;Cohen;Ackerman;;71;186;2011-7-26;Nanaimo;BC;Canada;;;0
9119;-1;-1;Nikolay;Ushnev;;76;200;2012-3-29;Smolensk;SMO;Russia;;;0
9120;-1;-1;Marko;Naakka;;72;192;2011-10-9;Lieksa;NOR;Finland;;;0
9121;118;118;Ryan;Goossen;;72;177;2012-4-21;Hamilton;ON;Canada;;;0
9122;-1;-1;Volodymyr;Prokopenko;;74;208;2012-5-2;Horlivka;DON;Ukraine;;;0
9123;117;117;Ryan;Graham;;73;182;2012-4-15;Port Dover;ON;Canada;;;0
9124;116;116;Kevin;DubÈ;;73;204;2012-1-30;Dolbeau;QC;Canada;;;0
9125;106;106;Dominic;Larouche;;70;189;2012-4-24;Drummondville;QC;Canada;;;0
9126;-1;-1;Michal;Peterka;;70;179;2012-3-21;Plzen;PLZ;Czech Republic;;;0
9127;105;105;Sam;Bergen;;72;190;2011-10-7;Pickering;ON;Canada;;;0
9128;111;111;William;Bujold;;74;211;2012-2-5;Laval;QC;Canada;;;0
9129;-1;-1;Anton;Persson;;76;204;2012-6-5;Sollentuna;STO;Sweden;;;0
9130;122;122;Ralph;O'Brien;;71;183;2012-5-24;Edmonton;AB;Canada;;;0
9131;-1;-1;Kristian;Viitala;;70;189;2011-7-9;Pieks‰m‰en maalaiskunta;SSA;Finland;;;0
9132;111;111;Jacob;Larocque;;72;181;2011-7-27;Saint-Eustache;QC;Canada;;;0
9133;-1;-1;Paul;Bowell;;73;193;2011-12-29;Calgary;AB;Canada;;;0
9134;-1;-1;Andrej;Rieger;;73;207;2011-8-31;LitvÌnov;UST;Czech Republic;;;0
9135;-1;-1;Risto;Suominen;;72;177;2011-9-19;Tampere;PIR;Finland;;;0
9136;-1;-1;Jean-Denis;Robert;;70;175;2011-8-10;Sarnia;ON;Canada;;;0
9137;107;107;Jordan;Thornton;;72;199;2011-7-25;Mission;BC;Canada;;;0
9138;-1;-1;Alyaksandr;Chyhir;;75;194;2011-10-10;Novopolotsk;VIT;Belarus;;;0
9139;110;110;Devin;Cimadamore;;71;199;2011-12-18;Calgary;AB;Canada;;;0
9140;-1;-1;Aleksey;Mokeyev;;73;176;2012-4-23;Novokuznetsk;KEM;Russia;;;0
9141;-1;-1;Nariman;Mukhametdinov;;74;199;2012-7-2;Birobidzhan;JEW;Russia;;;0
9142;107;107;Connor;McElveen;;73;179;2011-9-25;Toronto;ON;Canada;;;0
9143;-1;-1;Kirill;Andriyanov;;72;170;2012-7-3;Khimki;MOS;Russia;;;0
9144;107;107;LÈandre;Pratte;;75;205;2012-1-13;Saint-Majorique-de-Grantham;QC;Canada;;;0
9145;111;111;Marcus;Olner;;69;175;2012-6-28;Surrey;BC;Canada;;;0
9146;119;119;Devin;Collins;;72;207;2011-10-14;Hamilton;ON;Canada;;;0
9147;106;106;Keven;Boudreau;;74;201;2011-8-3;Brampton;ON;Canada;;;0
9148;112;112;Ryan;Shier;;74;192;2012-2-23;Humboldt;SK;Canada;Russia;;0
9149;-1;-1;Laimonis;Murins;;75;189;2012-5-30;Jurmala;JUR;Latvia;;;0
9150;-1;-1;Zeljko;Prosinecki;;71;204;2012-5-9;Kucan Marof;VAR;Croatia;;;0
9151;112;112;Josh;Hart;;74;221;2011-10-19;Sault Ste. Marie;ON;Canada;;;0
9152;-1;-1;Alex;Van Heerde;;75;199;2012-2-22;Toronto;ON;Canada;;;0
9153;117;117;Mark;Jackman;;70;200;2011-12-16;Mississauga;ON;Canada;;;0
9154;122;122;Kurt;Stedall;;73;190;2011-11-17;Milton;ON;Canada;;;0
9155;-1;-1;Dmitry;Sorokin;;70;168;2012-2-24;Kalashnikovo;TVE;Russia;;;0
9156;120;120;Alex;Doucet;;72;178;2011-9-16;Quebec City;QC;Canada;;;0
9157;-1;-1;Daniel;Huittari;;74;191;2011-12-15;Tuusniemi;NSA;Finland;;;0
9158;-1;-1;Artemyy;Hamlyak;;72;183;2012-1-29;Dyatlovo;GRO;Belarus;;;0
9159;121;121;Damien;Goldenberg;;76;213;2012-1-18;Saanich;BC;Canada;;;0
9160;114;114;John;Lee;;73;192;2011-11-3;Calgary;AB;Canada;;;0
9161;106;106;Clifton;Phifer;;73;215;2012-6-9;Loma Linda;CA;The United States;;;0
9162;-1;-1;Vytautas;Varnas;;72;214;2012-6-27;Marijampole;MAR;Lithuania;;;0
9163;110;110;Simon;Hamelin;;73;217;2012-2-5;Montreal;QC;Canada;;;0
9164;116;116;Michael;Little;;74;200;2011-11-14;Campbellton;NB;Canada;;;0
9165;118;118;Michael;Brunt;;73;207;2011-8-9;Peterborough;ON;Canada;;;0
9166;114;114;Craig;Williams;;74;210;2011-12-13;Surrey;BC;Canada;;;0
9167;106;106;Matt;Volpe;;69;199;2011-11-14;Winnipeg;MB;Canada;;;0
9168;114;114;Anson;Fife;;75;196;2011-9-7;Miramichi;NB;Canada;;;0
9169;118;118;Andrew;Needham;;73;184;2012-1-10;Thornhill;ON;Canada;;;0
9170;-1;-1;Viggo;Berg;;72;174;2011-12-26;Copenhagen;FRE;Denmark;;;0
9171;114;114;Ryan;Peeters;;71;201;2012-6-28;Toronto;ON;Canada;;;0
9172;-1;-1;Nikita;Paikin;;73;196;2012-4-4;Moscow;MOS;Russia;;;0
9173;121;121;Zack;Parkes;;72;183;2012-5-5;Sydney Mines;NS;Canada;;;0
9174;122;122;Erik;Abbott;;74;191;2011-12-2;Toronto;ON;Canada;;;0
9175;109;109;Mattia;Bove;;72;209;2011-7-9;Brampton;ON;Canada;;;0
9176;-1;-1;Toni;Lutz;;73;183;2012-5-24;Vienna;WIE;Austria;;;0
9177;116;116;Fred;Stewart;;71;212;2011-10-20;Saint-Sauveur;QC;Canada;;;0
9178;119;119;Garrett;Goodship;;74;199;2011-12-13;Red Deer;AB;Canada;;;0
9179;-1;-1;Matej;Lihosith;;74;191;2011-11-11;Nitra;NIT;Slovakia;;;0
9180;111;111;Rylan;Chornley;;71;177;2012-4-28;Thunder Bay;ON;Canada;;;0
9181;112;112;Mike;Lewington;;73;203;2011-10-9;Cornwall;ON;Canada;;;0
9182;105;105;Alexandre;Michaud;;71;193;2012-4-5;Toronto;ON;Canada;;;0
9183;119;119;Stephen;Bourque;;72;212;2012-2-7;Mississauga;ON;Canada;;;0
9184;120;120;Colt;Braithwaite;;73;213;2012-1-8;Calgary;AB;Canada;;;0
9185;111;111;Brian;Cave;;72;197;2011-12-18;Brantford;ON;Canada;;;0
9186;115;115;Jordan;Severson;;72;210;2011-9-14;St. John's;NL;Canada;Germany;;0
9187;-1;-1;Thielo;Langer;;72;187;2012-1-15;Neuhofen;RHI;Germany;;;0
9188;112;112;Paul;Sheldon;;72;193;2012-2-4;Saanich;BC;Canada;;;0
9189;-1;-1;Maksim;Kozlov;;72;198;2011-8-19;St. Petersburg;SAI;Russia;;;0
9190;109;109;Yves;Meunier;;70;193;2012-3-20;Saint-Pascal;QC;Canada;;;0
9191;115;115;Mike;Benton;;70;177;2012-5-23;Saanich;BC;Canada;;;0
9192;107;107;Dzmitry;Apanasyonak;;71;177;2012-6-4;Molodechno;MIN;Belarus;;;0
9193;108;108;Edward;Lewis;;71;197;2012-5-8;Timmins;ON;Canada;;;0
9194;-1;-1;Peter;Simko;;75;223;2011-12-29;Kostelec na HanÈ;OLO;Czech Republic;;;0
9195;-1;-1;Olle;FlorÈn;;73;187;2011-12-22;Lidingˆ;STO;Sweden;;;0
9196;-1;-1;Martin;Homola;;73;193;2011-11-20;Duchcov;UST;Czech Republic;;;0
9197;118;118;Dan;Ion;;70;188;2011-7-12;Sudbury;ON;Canada;;;0
9198;-1;-1;Laimontas;Salkauskis;;73;209;2012-4-1;Klaipeda;KLA;Lithuania;;;0
9199;110;110;John;Cortellessa;;74;192;2011-12-10;West Vancouver;BC;Canada;;;0
9200;121;121;Darian;McCormick;;70;182;2012-4-16;Toronto;ON;Canada;;;0
9201;106;106;Drew;Gryp;;71;199;2011-10-1;Winnipeg;MB;Canada;;;0
9202;111;111;Tommy;Hilts;;73;185;2011-12-31;St. John's;NL;Canada;;;0
9203;118;118;Randy;Corliss;;74;214;2011-12-23;Oakton;VA;The United States;;;0
9204;109;109;Kaden;Richardson;;72;188;2011-11-14;Fort Frances;ON;Canada;;;0
9205;-1;-1;Mohammed;Umair;;71;191;2012-7-1;Stockholm;STO;Sweden;Russia;;0
9206;113;113;Emmanuel;Maurice;;71;177;2012-6-26;Winnipeg;MB;Canada;;;0
9207;110;110;Troy;Rankin;;72;202;2012-2-21;Surrey;BC;Canada;;;0
9208;-1;-1;Petr;Sifta;;72;188;2012-1-9;Kadan;UST;Czech Republic;;;0
9209;-1;-1;Semyon;Popov;;71;173;2011-10-3;Oryol;ORY;Russia;;;0
9210;-1;-1;Joel;Plastino;;74;202;2012-2-11;Medicine Hat;AB;Canada;;;0
9211;-1;-1;Will;Plummer;;73;202;2012-3-31;Ewing Township;NJ;The United States;;;0
9212;-1;-1;Paul;Keller;;71;174;2012-1-28;Buochs;NW;Switzerland;;;0
9213;110;110;Blake;Schildwachter;;73;207;2012-2-13;Chatham-Kent;ON;Canada;;;0
9214;121;121;Wyatt;Rodier;;70;196;2011-9-17;Surrey;BC;Canada;;;0
9215;-1;-1;Jiri;Barta;;72;207;2011-10-27;Olomouc;OLO;Czech Republic;;;0
9216;113;113;Nicolas-Charles;Bouchard;;77;207;2012-5-17;Lachute;QC;Canada;;;0
9217;114;114;FÈlix;Martinez;;74;184;2012-4-18;Orland Park;IL;The United States;;;0
9218;-1;-1;Aleksey;Mylnikov;;70;190;2012-2-9;Magadan;MAG;Russia;;;0
9219;-1;-1;Till;Kolb;;72;172;2012-6-3;Uttenweiler;BAD;Germany;;;0
9220;-1;-1;Jan;Schmidt;;71;182;2011-8-6;Most;UST;Czech Republic;;;0
9221;105;105;Francis;FrÈchette;;73;192;2012-3-15;Disraeli;QC;Canada;;;0
9222;116;116;Ryan;Aarssen;;73;205;2011-10-10;Forestburg;AB;Canada;;;0
9223;-1;-1;Boris;Artemenko;;74;214;2012-6-16;Nizhny Novgorod;NIZ;Russia;;;0
9224;117;117;Scott;Simpson;;72;177;2011-12-21;Hawkesbury;ON;Canada;;;0
9225;-1;-1;Stefan;Belusky;;70;169;2012-2-20;Bratislava;BRA;Slovakia;;;0
9226;89;89;Corey;Ratsoy;;69;185;2010-10-27;Toronto;ON;Canada;;;0
9227;90;90;Maxime;Harvey;;70;195;2011-6-17;Mississauga;ON;Canada;;;0
9228;73;73;George;Pollastrone;;69;175;2009-11-7;Five Corners;WA;The United States;;;0
9229;71;71;Tyler;Pitton;;75;209;2010-1-6;Regina;SK;Canada;;;0
9230;84;84;Ryan;Gubb;;73;212;2010-1-31;Martensville;SK;Canada;;;0
9231;70;70;Ryan;Lanskail;;71;174;2009-5-21;Calgary;AB;Canada;;;0
9232;64;64;Denny;Babych;;70;202;2011-4-20;Edmonton;AB;Canada;;;0
9233;73;73;Matt;Jackson;;72;192;2011-3-2;Calgary;AB;Canada;;;0
9234;72;72;Randy;Prue;;73;180;2010-7-29;Calgary;AB;Canada;;;0
9235;84;84;Brady;Hewitt;;73;182;2010-12-12;Calgary;AB;Canada;;;0
9236;77;77;Peter;Zipp;;70;191;2009-2-26;Calgary;AB;Canada;;;0
9237;73;73;Matt;Kalata;;73;174;2011-1-20;Surrey;BC;Canada;;;0
9238;84;84;Darcy;Parker;;70;174;2009-5-6;Regina;SK;Canada;;;0
9239;71;71;Larry;Kelley;;71;189;2011-6-19;Medford;OR;The United States;;;0
9240;84;84;Ronin;Mestinsek;;71;188;2009-10-29;Slave Lake;AB;Canada;;;0
9241;68;68;Marc;Palazzese;;74;175;2010-10-29;Swift Current;SK;Canada;;;0
9242;69;69;Brayden;Plante;;74;176;2011-11-13;Saskatoon;SK;Canada;;;0
9243;71;71;Jim;Hollington;;71;197;2011-1-16;Eugene;OR;The United States;;;0
9244;84;84;Sammy;O'Reilly;;71;169;2010-10-26;Jennings Lodge;OR;The United States;;;0
9245;95;95;Drew;MacLeod;;74;199;2009-5-17;Oshawa;ON;Canada;;;0
9246;63;63;Shane;Alavie;;71;181;2010-4-29;Calgary;AB;Canada;Germany;;0
9247;78;78;Jake;Jewitt;;71;174;2011-3-6;Flin Flon;MB;Canada;;;0
9248;103;103;Clyde;Harvey;;70;168;2010-6-17;Speaker Township;MI;The United States;;;0
9249;86;86;Eric;Mason;;72;174;2011-10-27;Lincoln Park;MI;The United States;;;0
9250;103;103;Pat;Russell;;72;188;2009-5-10;Lakewood Club;MI;The United States;;;0
9251;95;95;Kevin;Giroux;;73;209;2010-6-27;Pickering;ON;Canada;;;0
9252;86;86;David;Ross;;72;181;2011-10-4;Toronto;ON;Canada;;;0
9253;94;94;Thomas;Sharpe;;72;154;2009-4-14;Cobourg;ON;Canada;;;0
9254;73;73;Cory;Gomes;;71;190;2011-11-7;Regina;SK;Canada;;;0
9255;74;74;Tyler;Rodgers;;73;207;2011-7-25;Camrose;AB;Canada;;;0
9256;73;73;Patrick;Iwan;;74;180;2011-11-23;Edmonton;AB;Canada;;;0
9257;81;81;Alexandre;Champagne;;69;166;2011-10-3;Calgary;AB;Canada;;;0
9258;77;77;Jeremy;Teahen;;72;205;2010-8-13;Saanich;BC;Canada;;;0
9259;122;122;Mathieu;Bisaillon;;71;148;2009-10-6;Laval;QC;Canada;;;0
9260;113;113;Samuel;Bois;;70;165;2011-10-12;Montreal;QC;Canada;;;0
9261;105;105;Andrew;Boyer;;70;187;2009-1-19;Rimouski;QC;Canada;;;0
9262;120;120;Dominic;Plante;;71;207;2011-12-26;Gatineau;QC;Canada;;;0
9263;99;99;Pat;Gerke;;71;199;2012-4-22;Manistique;MI;The United States;;;0
9264;113;113;Francis;Mercier;;69;159;2011-7-20;Montreal;QC;Canada;;;0
9265;84;84;Mike;Whyte;;68;159;2011-3-29;Battleford;SK;Canada;;;0
9266;-1;-1;William;Godin;;69;177;2012-4-19;LÈvis;QC;Canada;;;0
9267;113;113;Maxime;Bernier;;71;172;2011-10-19;Longueuil;QC;Canada;;;0
9268;-1;-1;Donovan;Lavoie;;73;170;2012-10-12;Hampton;NB;Canada;;;0
9269;113;113;Emmanuel;Perreault;;76;161;2010-11-28;Shawinigan;QC;Canada;;;0
9270;117;117;Guillaume;Avon;;68;178;2012-5-11;Moncton;NB;Canada;;;0
9271;-1;-1;Quentin;Ferland;;72;179;2012-12-2;Saint-Jean-sur-Richelieu;QC;Canada;;;0
9272;103;103;George;Cribb;;72;190;2012-8-24;Whitehall;PA;The United States;;;0
9273;93;93;Steve;Zaleski;;73;201;2011-10-10;Brantford;ON;Canada;;;0
9274;91;91;Russell;Cowan;;74;219;2012-1-28;Belleville;ON;Canada;;;0
9275;100;100;James;Doan;;70;191;2010-5-21;Portage;MI;The United States;;;0
9276;-1;-1;Ashley;Buckberger;;72;204;2010-9-16;Ajax;ON;Canada;;;0
9277;88;88;Patrick;Fulton;;68;190;2011-3-4;Toronto;ON;Canada;The United States;;0
9278;103;103;Aaron;Perry;;71;204;2010-11-1;Wallaceburg;ON;Canada;;;0
9279;95;95;Matt;Camara;;73;181;2011-4-29;Sudbury;ON;Canada;;;0
9280;69;69;Keaton;Ruby;;71;209;2010-5-17;Regina;SK;Canada;;;0
9281;65;65;Jonathan;Nichol;;76;216;2012-9-12;Saskatoon;SK;Canada;;;0
9282;70;70;Harris;Strudwick;;73;182;2012-3-18;Burnaby;BC;Canada;;;0
9283;65;65;Justin;Daniels;;74;157;2012-12-25;Coquitlam;BC;Canada;;;0
9284;-1;-1;Tyler;St. Denis;;72;175;2010-9-21;Edmonton;AB;Canada;;;0
9285;74;74;Dalton;Tottle;;72;211;2012-7-18;St. Albert;AB;Canada;;;0
9286;-1;-1;Ben;Gushattey;;70;181;2010-4-8;Wood Buffalo;AB;Canada;;;0
9287;86;86;Edward;Edwards;;71;201;2012-4-23;Windsor;ON;Canada;;;0
9288;89;89;Kyle;DeSerres;;71;180;2010-6-23;Exeter;ON;Canada;;;0
9289;84;84;Jon;Carmichael;;74;212;2011-12-5;Swift Current;SK;Canada;;;0
9290;-1;-1;Mark;Hendrickson;;70;193;2012-6-3;Vancouver;BC;Canada;;;0
9291;104;104;Ben;Martin;;71;172;2010-2-15;Kawartha Lakes;ON;Canada;;;0
9292;83;83;Joel;Hunt;;69;193;2012-3-4;North Cowichan;BC;Canada;;;0
9293;88;88;Darren;Perkins;;71;210;2011-4-5;Punxsutawney;PA;The United States;;;0
9294;-1;-1;Zach;Osborne;;77;196;2010-11-1;West Kelowna;BC;Canada;;;0
9295;-1;-1;…lie;Desbiens;;72;173;2010-8-23;Terrebonne;QC;Canada;;;0
9296;113;113;Marc-…tienne;St-Arnaud;;72;183;2011-7-31;Laval;QC;Canada;;;0
9297;-1;-1;Carl;Robinson;;72;167;2012-7-18;Saint John;NB;Canada;;;0
9298;-1;-1;Olivier;Lajoie;;72;153;2011-4-19;Tracadie-Sheila;NB;Canada;;;0
9299;-1;-1;Deric;Beauchamp;;75;192;2011-2-9;Candiac;QC;Canada;;;0
9300;122;122;Nicolas;Soucy;;72;197;2010-11-9;Blainville;QC;Canada;;;0
9301;117;117;Brady;Michaud;;70;196;2010-9-6;Shawinigan;QC;Canada;;;0
9302;-1;-1;Xavier;Beauchamp;;73;180;2010-8-22;Montreal;QC;Canada;;;0
9303;86;86;Scott;Barnes;;70;179;2010-1-29;Pittsburgh;PA;The United States;;;0
9304;88;88;Roger;Walker;;72;199;2011-7-15;Bowmanville;ON;Canada;;;0
9305;118;118;Ilja;Kovalchuk;;74;227;2010-4-15;Tver;TVE;Russia;;;0
9306;97;97;Jayson;Spezza;;75;227;2010-6-13;Toronto;ON;Canada;;;0
9307;67;67;Alexander;Svitov;;75;251;2009-11-3;Omsk;OMS;Russia;;;0
9308;87;87;Stephen;Weiss;;71;194;2010-4-3;Toronto;ON;Canada;;;0
9309;77;77;Stanislav;Chistov;;71;212;2010-4-17;Chelyabinsk;CHE;Russia;;;0
9310;96;96;Mikko;Koivu;;75;227;2010-3-12;Turku;SOU;Finland;;;0
9311;118;118;Mike;Komisarek;;76;242;2009-1-19;West Islip;NY;The United States;;;0
9312;115;115;Pascal;Leclaire;;75;200;2009-11-7;Repentigny;QC;Canada;;;0
9313;105;105;Dan;Blackburn;;73;183;2010-5-20;Montreal;QC;Canada;;;0
9314;84;84;Fredrik;Sjˆstrˆm;;73;218;2010-5-6;F‰rgelanda;V‰S;Sweden;;;0
9315;115;115;Dan;Hamhuis;;73;216;2009-12-13;Smithers;BC;Canada;;;0
9316;92;92;Ales;Hemsky;;72;209;2010-8-13;Pardubice;PAR;Czech Republic;;;0
9317;67;67;Chuck;Kobasew;;72;198;2009-4-17;Vancouver;BC;Canada;;;0
9318;65;65;Igor;Knyazev;;72;194;2010-1-27;Elektrostal;MOS;Russia;;;0
9319;105;105;R.J.;Umberger;;75;214;2009-5-3;Pittsburgh;PA;The United States;;;0
9320;109;109;Carlo;Colaiacovo;;73;206;2010-1-27;Hamilton;ON;Canada;Italy;;0
9321;73;73;Jens;Karlsson;;76;216;2009-11-7;Gˆteborg;V‰S;Sweden;;;0
9322;69;69;Shaone;Morrisonn;;77;225;2009-12-23;Tumbler Ridge;BC;Canada;;;0
9323;113;113;Marcel;Goc;;73;203;2010-8-24;Calw;BAD;Germany;;;0
9324;77;77;Colby;Armstrong;;74;191;2009-11-23;Lloydminster;AB;Canada;;;0
9325;118;118;Tim;Gleason;;73;217;2010-1-29;Clawson;MI;The United States;;;0
9326;115;115;Lukas;Krajicek;;74;211;2010-3-11;Prostejov;OLO;Czech Republic;;;0
9327;108;108;Jeff;Woywitka;;76;229;2010-9-1;Vermilion;AB;Canada;;;0
9328;111;111;David;Steckel;;77;223;2010-3-15;Milwaukee;WI;The United States;;;0
9329;109;109;Derek;Roy;;70;193;2010-5-4;Ottawa;ON;Canada;;;0
9330;105;105;Tim;Jackman;;75;225;2008-11-14;Minot;ND;The United States;;;0
9331;145;3;Karel;Pilar;;76;210;2007-12-23;Prague;PRA;Czech Republic;;;0
9332;84;84;Fedor;Tyutin;;75;227;2010-7-19;Izhevsk;UDM;Russia;;;0
9333;136;10;Mike;Zigomanis;;74;220;2008-1-17;Toronto;ON;Canada;Greece;;0
9334;100;100;Mike;Cammalleri;;69;190;2009-6-8;Richmond Hill;ON;Canada;;;0
9335;120;120;Chris;Thorburn;;75;236;2010-6-3;Sault Ste. Marie;ON;Canada;;;0
9336;113;113;Noah;Welch;;76;230;2009-8-26;Brighton;NY;The United States;;;0
9337;86;86;Jason;Pominville;;72;205;2009-11-30;Repentigny;QC;The United States;Canada;;0
9338;119;10;Jay;McClement;;73;219;2010-3-2;Kingston;ON;Canada;;;0
9339;121;121;Peter;Budaj;;73;208;2009-9-18;Banska Bystrica;BAN;Slovakia;;;0
9340;89;89;Tomas;Plekanec;;71;205;2009-10-31;Kladno;STR;Czech Republic;;;0
9341;113;113;Kraig;Anderson;;74;190;2008-5-21;Park Forest;IL;The United States;;;0
9342;112;112;Aaron;Johnson;;75;211;2010-4-30;Port Hawkesbury;NS;Canada;;;0
9343;118;118;Stephane;Veilleux;;73;201;2008-11-16;Beauceville;QC;Canada;;;0
9344;108;108;Yevgeny;Artyukhin;;77;262;2010-4-4;Moscow;MOS;Russia;;;0
9345;90;90;Patrick;Sharp;;73;211;2008-12-27;Thunder Bay;ON;Canada;;;0
9346;104;104;Jordin;Tootoo;;70;196;2010-2-2;Churchill;MB;Canada;;;0
9347;71;71;Ray;Emery;;75;207;2009-9-28;Hamilton;ON;Canada;;;0
9348;65;65;Christian;Ehrhoff;;74;208;2009-7-6;Moers;NOR;Germany;;;0
9349;106;106;Christoph;Schubert;;75;237;2009-2-5;Munich;BAV;Germany;;;0
9350;73;73;Jussi;Markkanen;;72;185;2010-5-8;Imatra;SKA;Finland;;;0
9351;111;111;Kyle;Wellwood;;71;185;2010-5-16;Windsor;ON;Canada;;;0
9352;69;69;Kevin;Bieksa;;73;207;2008-6-16;Grimsby;ON;Canada;;;0
9353;85;85;Michal;Smith;;77;236;2009-6-28;Kingston;ON;Canada;;;0
9354;117;117;Dennis;Seidenberg;;73;215;2008-7-18;Villingen-Schwenningen;BAD;Germany;;;0
9355;66;66;Ryane;Clowe;;75;225;2009-9-30;St. John's;NL;Canada;;;0
9356;76;76;Marek;Zidlicky;;71;204;2010-2-3;Most;UST;Czech Republic;;;0
9357;107;107;Andrew;Alberts;;77;225;2008-6-30;Minneapolis;MN;The United States;;;0
9358;110;110;Jussi;Jokinen;;73;199;2010-4-1;Kalajoki;NOS;Finland;;;0
9359;122;122;Brooks;Laich;;74;210;2010-6-23;Wawota;SK;Canada;;;0
9360;116;8;Derek;Boogaard;;80;265;2009-6-22;Saskatoon;SK;Canada;;;0
9361;114;114;Cristobal;Huet;;72;205;2010-9-3;Saint-Martin-dHËres;RHÙ;France;Switzerland;;0
9362;118;118;David;Moss;;76;209;2009-12-28;Livonia;MI;The United States;;;0
9363;81;81;Johnny;Oduya;;72;192;2009-10-1;Stockholm;STO;Sweden;;;0
9364;74;74;Brandon;Bochenski;;73;208;2009-4-4;Blaine;MN;Kazakhstan;The United States;;0
9365;97;97;Marek;Svatos;;71;191;2009-6-17;Kosice;KOS;Slovakia;;;0
9366;120;120;Aaron;Voros;;76;207;2008-7-2;Vancouver;BC;Canada;;;0
9367;98;98;Martin;Gerber;;71;207;2009-9-3;Burgdorf;BE;Switzerland;;;0
9368;87;87;Ryan;Hollweg;;71;216;2010-4-23;Downey;CA;The United States;Canada;Czech Republic;0
9369;97;97;Milan;Jurcina;;76;254;2010-6-7;Liptovsk˝ Mikulas;ZIL;Slovakia;;;0
9370;98;98;Andrew;Murray;;74;218;2008-11-6;Selkirk;MB;Croatia;Canada;;0
9371;68;68;Petr;Cajanek;;71;193;2008-8-18;ZlÌn;ZLN;Czech Republic;;;0
9372;96;96;Tuomo;Ruutu;;72;207;2010-2-16;Vantaa;UUS;Finland;;;0
9373;96;96;Jiri;Novotny;;70;203;2010-8-12;Pelhrimov;VYS;Czech Republic;;;0
9374;92;92;Alexander;Perezhogin;;72;210;2010-8-10;Ust-Kamenogorsk;SIG;Russia;Kazakhstan;;0
9375;87;87;Jason;Bacashihua;;72;177;2009-9-20;Dearborn Heights;MI;The United States;;;0
9376;100;8;Jaroslav;Bedn·r;;72;212;2008-11-8;Prague;PRA;Czech Republic;;;0
9377;96;96;Jay;Harrison;;76;226;2009-11-3;Oshawa;ON;Canada;;;0
9378;80;80;P.A.;Parenteau;;73;205;2010-3-24;Gatineau;QC;Canada;;;0
9379;92;92;Adam;Munro;;73;217;2009-11-12;St. George;ON;Canada;;;0
9380;100;100;Matthew;Spiller;;77;237;2010-2-7;Daysland;AB;Canada;;;0
9381;86;86;Timofei;Shishkanov;;74;220;2010-6-10;Moscow;MOS;Russia;;;0
9382;86;86;Kyle;Wanvig;;75;212;2008-1-29;Calgary;AB;Canada;;;0
9383;89;89;Ed;Caron;;74;229;2009-4-30;Nashua;NH;The United States;;;0
9384;89;89;Igor;Grigorenko;;71;214;2010-4-9;Togliatti;SAM;Russia;;;0
9385;90;90;Robin;Leblanc;;74;198;2010-1-11;Calgary;AB;Canada;;;0
9386;102;102;Yared;Hagos;;73;218;2010-3-27;Stockholm;STO;Sweden;;;0
9387;90;90;Beat;Forster;;73;218;2010-2-2;Herisau;AR;Switzerland;;;0
9388;104;104;Drew;Fata;;73;214;2010-7-28;Sault Ste. Marie;ON;Canada;Italy;;0
9389;66;66;Owen;Fussey;;72;194;2010-4-2;Winnipeg;MB;Canada;England;;0
9390;76;76;Danny;Bois;;73;210;2010-6-1;Thunder Bay;ON;Canada;;;0
9391;81;81;Dimitri;Patzold;;72;203;2010-2-3;Mahlberg;BAD;Germany;Kazakhstan;;0
9392;79;79;Vladimir;Gusev;;75;216;2009-11-24;Novosibirsk;NOV;Russia;;;0
9393;74;74;Aaron;Lobb;;76;213;2010-6-10;Oakville;ON;Canada;;;0
9394;68;68;Jeff;Lucky;;72;203;2010-3-17;Whitby;ON;Canada;;;0
9395;102;102;Colt;King;;74;220;2010-3-4;Calgary;AB;Canada;;;0
9396;80;80;Sean;Curry;;77;233;2009-4-29;Burnsville;MN;The United States;;;0
9397;71;71;Jeff;Miles;;72;201;2008-6-12;Pickering;ON;Canada;;;0
9398;124;124;Maddox;Schultz;;75;208;2010-5-15;Regina;SK;Canada;;;0
9399;67;67;Thor;Liffiton;;73;191;2010-12-6;Cleveland;OH;The United States;Canada;;0
9400;70;70;Holden;Wouters;;76;194;2010-12-4;Vancouver;BC;Canada;;;0
9401;80;80;Reid;Nicol;;76;224;2010-2-4;Brandon;MB;Canada;;;0
9402;70;70;Christopher;Kokkoris;;79;232;2010-1-4;Abbotsford;BC;Canada;;;0
9403;75;75;Teagen;Bouchard;;72;210;2010-3-22;Edmonton;AB;Canada;;;0
9404;115;115;Kash;Elke;;74;207;2010-4-13;Lanigan;SK;Canada;;;0
9405;68;68;Linden;Andersen;;72;190;2010-6-20;Fort St. John;BC;Canada;;;0
9406;47;47;Briggs;Fabro;;71;160;2010-9-24;Lethbridge;AB;Canada;;;0
9407;95;95;Greg;Watson;;72;210;2010-3-2;Calgary;AB;Canada;;;0
9408;91;91;Mark;Popovic;;73;216;2009-10-11;Hamilton;ON;Canada;Croatia;;0
9409;71;71;Duncan;Milroy;;73;198;2010-2-8;Edmonton;AB;Canada;;;0
9410;63;63;Andrei;Taratukhin;;74;223;2010-2-22;Omsk;OMS;Russia;Romania;;0
9411;70;70;Martin;Podlesak;;77;227;2009-9-26;Prague;PRA;Czech Republic;;;0
9412;75;75;Alexander;Polushin;;75;220;2010-5-8;Kirov;KIR;Russia;;;0
9413;78;78;Tuomas;Pihlman;;74;218;2009-11-13;Espoo;UUS;Finland;;;0
9414;101;101;Wilson;Boumedienne;;75;230;2010-6-29;Gˆteborg;V‰S;Sweden;;;0
9415;64;64;Ahmad;Fayad;;72;207;2010-7-29;Edmonton;AB;Canada;;;0
9416;70;70;Liam;Pue;;75;225;2010-2-16;Langley;BC;Canada;;;0
9417;102;102;Zaac;Charbonneau;;75;223;2010-1-18;Quebec City;QC;Canada;;;0
9418;108;108;Drew;Daley;;72;209;2010-2-16;Wilkinson Heights;SC;The United States;;;0
9419;63;63;Joey;Cullen;;71;164;2010-4-17;Ann Arbor;MI;The United States;;;0
9420;85;85;Paavo;Fugleberg;;72;199;2009-10-20;Turku;SOU;Finland;;;0
9421;70;70;Jack;Hair;;72;201;2010-5-28;Edina;MN;The United States;;;0
9422;78;17;Louis-Oscar;Holowaychuk;;72;189;2010-2-5;Vancouver;BC;Canada;;;0
9423;63;63;Cruz;Jim;;71;195;2010-1-27;Grande Prairie;AB;Canada;;;0
9424;111;111;Ezekiel;Kaebel;;70;187;2010-1-23;Arlington;MA;The United States;;;0
9425;115;19;Frans;Karjalahti;;76;207;2009-11-20;Helsinki;UUS;Finland;;;0
9426;75;75;Aiden;Kelly;;74;185;2010-2-2;Dannemora;NY;The United States;;;0
9427;104;19;Milan;Kutsevich;;76;208;2010-2-2;Naperville;IL;The United States;Belarus;;0
9428;78;78;William;LoSauro;;71;201;2010-7-22;Indianapolis;IN;The United States;;;0
9429;65;65;Leon;Roos;;75;212;2010-2-21;G‰vle;G‰V;Sweden;;;0
9430;118;118;Milo;Spelkvist;;72;203;2010-1-9;Karlskoga;÷RE;Sweden;;;0
9431;120;120;Philip;Tollefsen;;72;202;2010-1-19;Stockholm;STO;Sweden;;;0
9432;107;107;Adrian;Sgro;;73;208;2010-3-15;Alliston;ON;Canada;;;0
9433;94;94;Dylan;Khakh;;79;223;2010-10-28;Abbotsford;BC;Canada;;;0
9434;64;64;Holden;Sexsmith;;74;207;2009-12-22;Calgary;AB;Canada;;;0
9435;88;88;Jayden;Pominville;;72;209;2009-11-2;Buffalo;NY;Canada;The United States;;0
9436;82;82;Bradey;Ching;;75;221;2010-2-8;Burnaby;BC;Canada;;;0
9437;83;83;Julien;Bergeron;;74;218;2010-1-1;Montreal;QC;Canada;;;0
9438;72;72;Joven;Kalkat;;75;215;2010-2-18;Delta;BC;Canada;;;0
9439;99;99;Lucas;Andrejko;;71;191;2010-4-4;Pardubice;PAR;Czech Republic;;;0
9440;82;82;Marek;Sedlacek;;71;192;2010-8-7;Trinec;MOR;Czech Republic;;;0
9441;119;119;Otto;Boman;;74;199;2009-11-7;Pori;SAT;Finland;;;0
9442;121;121;Niko;Fatyka;;74;220;2010-4-21;Gars;BAV;Germany;Slovakia;;0
9443;99;99;Bo;Christini;;72;199;2010-6-2;Collegeville;PA;The United States;;;0
9444;112;112;Cameron;Evans;;72;169;2010-2-2;Winnipeg;MB;Canada;;;0
9445;83;83;Christopher;Pinko;;75;209;2010-6-3;New York;NY;The United States;;;0
9446;79;79;Maximus;Mavrou;;72;190;2010-8-9;Caldwell;NJ;The United States;;;0
9447;106;106;Justin;Moon;;71;211;2009-9-13;Rosario;SAN;Argentina;;;0
9448;93;93;Lennox;Ullmann;;68;201;2010-6-8;Clarence Town;LON;Bahamas;;;0
9449;103;103;Benjamin;Wolfram;;71;198;2010-7-13;Nur-Sultan;AKM;Kazakhstan;;;0
9450;82;82;Kane;Nicholas;;74;198;2010-1-23;Campbell River;BC;Canada;;;0
9451;64;64;Miller;Watkins;;72;208;2010-5-24;Kelowna;BC;Canada;;;0
9452;84;84;Blake;Saulou;;76;218;2010-6-8;Edmonton;AB;Canada;;;0
9453;71;71;Kalen;Miles;;78;219;2010-1-20;Edmonton;AB;Canada;;;0
9454;79;79;Crosby;Mateychuk;;74;210;2010-2-25;London;ON;Canada;;;0
9455;78;78;Roan;Greschuk;;72;219;2010-3-31;Edmonton;AB;Canada;;;0
9456;76;76;Will;Kelts;;72;213;2010-1-5;Edmonton;AB;Canada;;;0
9457;65;65;Ethan;Mah;;77;230;2010-6-24;North Vancouver;BC;Canada;;;0
9458;141;25;Kamil;Bednarik;;73;213;2006-4-25;Elmhurst;IL;The United States;;;0
9459;-1;-1;John;Stout;;77;222;2006-4-20;Minnetonka;MN;The United States;;;0
9460;140;17;Chase;Reid;;73;208;2007-12-30;Jersey City;NJ;The United States;;;0
9461;151;152;Ethan;Weber;;74;222;2006-12-10;Manhattan Beach;CA;The United States;;;0
9462;137;28;Jack;Lackas;;72;198;2006-12-26;Las Vegas;NV;The United States;;;0
9463;-1;-1;Mitchell;Jancevski;;73;187;2012-8-1;Hamilton;ON;Canada;;;0
9464;-1;-1;Tyler;Sawa;;74;197;2012-12-13;Gatineau;QC;Canada;;;0
9465;-1;-1;Ryan;Bergin;;69;182;2012-7-17;Ottawa;ON;Canada;;;0
9466;-1;-1;Jeff;Murphy;;71;182;2013-2-23;Toronto;ON;Canada;;;0
9467;-1;-1;Peter;Borcha;;68;158;2012-12-25;Bratislava;BRA;Slovakia;;;0
9468;-1;-1;Justin-Claude;Parent;;72;181;2012-7-8;Trois-RiviËres;QC;Canada;;;0
9469;-1;-1;Mika;Mannila;;76;207;2013-3-29;Valkeakoski;PIR;Finland;;;0
9470;-1;-1;Lauris;Cimermanis;;75;199;2013-2-11;Daugavpils;DAU;Latvia;;;0
9471;-1;-1;Stefan;Neron;;71;185;2012-8-15;Edmonton;AB;Canada;;;0
9472;-1;-1;Samuel;Savard;;69;169;2012-9-22;Sherbrooke;QC;Canada;;;0
9473;-1;-1;Yevgeny;Gorbushin;;73;162;2013-4-21;Liepaja;LIE;Latvia;;;0
9474;-1;-1;Malcolm;Laureano;;71;178;2013-2-28;Kingston;ON;Canada;;;0
9475;-1;-1;Kyle;Wilson;;72;178;2013-4-28;Mississauga;ON;Canada;;;0
9476;-1;-1;Pasi;Karlsson;;69;204;2013-1-5;Sipoo;UUS;Finland;;;0
9477;-1;-1;Jeff;Lee;;76;180;2012-8-11;Sherwood Park;AB;Canada;;;0
9478;-1;-1;Edvin;KjellÈn;;76;204;2013-2-19;Kungs‰ngen;STO;Sweden;;;0
9479;-1;-1;Daniel;Olach;;70;155;2013-6-5;Prague;PRA;Czech Republic;;;0
9480;-1;-1;Kyle;Elder;;72;193;2013-3-13;Edmonton;AB;Canada;;;0
9481;-1;-1;Brayden;Wong;;71;192;2012-12-2;Guelph;ON;Canada;;;0
9482;-1;-1;Cody;Westereng;;72;175;2013-1-30;Mississauga;ON;Canada;;;0
9483;-1;-1;Denis;Gabryuk;;71;204;2013-2-25;Skuratovskiy;TUL;Russia;;;0
9484;-1;-1;Mathew;Beecroft;;73;170;2012-9-13;San Diego;CA;The United States;;;0
9485;-1;-1;Bobby;DeFulviis;;71;195;2012-9-23;Calgary;AB;Canada;;;0
9486;-1;-1;Gustav;Nielsen;;74;173;2013-2-27;Kalix;NOR;Sweden;;;0
9487;-1;-1;Michael;Kirkness;;73;195;2013-2-6;New Westminster;BC;Canada;;;0
9488;-1;-1;Regan;Stortini;;72;213;2013-5-7;Richmond Hill;ON;Canada;;;0
9489;-1;-1;Christoph;Friedl;;73;180;2012-11-1;Vienna;WIE;Austria;;;0
9490;-1;-1;Thomas;Acton;;71;208;2012-10-1;Montreal;QC;Canada;;;0
9491;-1;-1;Guillaume;Landry;;72;207;2013-2-22;Marieville;QC;Canada;;;0
9492;-1;-1;Silas;Ipsen;;72;182;2012-11-18;HumlebÊk;FRE;Denmark;;;0
9493;-1;-1;Jimmy;Petersson;;74;172;2013-2-20;Gˆteborg;V‰S;Sweden;;;0
9494;-1;-1;Ryan;Carson;;74;183;2012-11-11;Mississauga;ON;Canada;;;0
9495;-1;-1;Alexis;Gingras;;77;208;2012-12-26;Quebec City;QC;Canada;;;0
9496;-1;-1;Derek;Jones;;73;219;2013-1-9;Simcoe;ON;Canada;;;0
9497;-1;-1;Vladimir;Kadlec;;71;164;2013-6-5;KolÌn;STR;Czech Republic;;;0
9498;-1;-1;Guillaume;Paquette;;72;197;2012-8-3;Montreal;QC;Canada;;;0
9499;-1;-1;Igor;Beriyev;;72;186;2013-3-8;Kasimov;RYA;Russia;;;0
9500;-1;-1;Jan;Slama;;72;174;2013-1-30;Prague;PRA;Czech Republic;;;0
9501;-1;-1;Kyle;McCormick;;71;178;2012-7-11;Coldstream;BC;Canada;;;0
9502;-1;-1;Ljubo;Maric;;71;199;2013-7-3;Varazdin;VAR;Croatia;;;0
9503;-1;-1;Vasyl;Yakymenko;;71;177;2013-3-5;Poltava;POL;Ukraine;;;0
9504;-1;-1;Alexandre;Allard;;71;208;2013-1-2;Quebec City;QC;Canada;;;0
9505;-1;-1;Dan;Hansen;;72;178;2012-9-20;Stavnsholt;FRE;Denmark;;;0
9506;-1;-1;Bryce;Toet;;73;169;2012-9-3;Richmond;BC;Canada;;;0
9507;-1;-1;Ivan;Shipitsin;;71;210;2012-8-9;Domna;ZAB;Russia;;;0
9508;-1;-1;Charles-David;Bisaillon;;69;203;2012-9-23;Montreal;QC;Canada;;;0
9509;-1;-1;Joachim;Baumann;;74;169;2013-6-4;Salzwedel;SAX;Germany;;;0
9510;-1;-1;Jordan;Wiebe;;72;165;2012-8-22;Ottawa;ON;Canada;;;0
9511;-1;-1;Martin;Kucera;;72;173;2013-3-7;Plzen;PLZ;Czech Republic;The United States;;0
9512;-1;-1;Lukas;Pospisil;;71;199;2012-12-25;Prague;PRA;Czech Republic;;;0
9513;-1;-1;David;Bodnaruk;;71;165;2012-11-17;Ottawa;ON;Canada;;;0
9514;-1;-1;Erik;Viljakainen;;70;166;2012-7-16;Vihti;UUS;Finland;;;0
9515;-1;-1;Aki;Nurkkala;;71;170;2013-5-4;Karttula;NSA;Finland;;;0
9516;-1;-1;Ferdinand;Albrecht;;73;196;2012-8-8;Wertheim;BAD;Germany;;;0
9517;-1;-1;Uladzimir;Kavalyonak;;74;172;2013-2-22;Soligorsk;MIN;Belarus;;;0
9518;-1;-1;Michal;Gona;;72;201;2012-8-17;Bratislava;BRA;Slovakia;;;0
9519;-1;-1;Conor;Brayshaw;;71;169;2012-9-9;Chambly;QC;Canada;;;0
9520;-1;-1;Roope;Liukkonen;;71;197;2013-5-30;Nokia;PIR;Finland;;;0
9521;-1;-1;Kajon;Goble;;71;189;2012-8-21;Wainwright;AB;Canada;;;0
9522;-1;-1;Syarhey;Karnauchaw;;71;187;2012-12-5;Vitebsk;VIT;Belarus;;;0
9523;-1;-1;Sergey;Akilov;;72;181;2012-12-31;Serov;SVE;Russia;;;0
9524;-1;-1;Carl;Gagnon;;75;222;2012-9-7;Val-d'Or;QC;Canada;;;0
9525;-1;-1;Tristan;MacKinnon;;71;195;2013-6-18;Brantford;ON;Canada;;;0
9526;-1;-1;Jonathan;Skarin;;75;216;2013-2-8;Sollentuna;STO;Sweden;;;0
9527;-1;-1;Louick;Pomerleau;;71;176;2012-8-1;Montreal;QC;Canada;;;0
9528;-1;-1;Scott;MacBlain;;71;196;2013-2-13;Belleville;ON;Canada;;;0
9529;-1;-1;Evan;Grindon;;70;200;2012-10-8;Sault Ste. Marie;ON;Canada;;;0
9530;-1;-1;Arne;Edman;;70;180;2013-3-31;V‰xjˆ;KRO;Sweden;;;0
9531;-1;-1;Brock;Beatty;;73;193;2012-12-14;Morinville;AB;Canada;;;0
9532;-1;-1;Konrad;Frandsen;;73;160;2012-12-29;Markham;ON;Canada;;;0
9533;-1;-1;Oliver;Jˆnsson;;76;176;2013-1-4;Vantaa;UUS;Finland;;;0
9534;-1;-1;Ladislav;Svehla;;73;205;2012-7-20;Nova Dubnica;TRE;Slovakia;;;0
9535;-1;-1;Kevin;Coutu;;75;186;2013-6-22;Peterborough;ON;Canada;;;0
9536;-1;-1;Justin;Mowrey;;70;208;2013-3-28;Delta;BC;Canada;;;0
9537;-1;-1;Daniel;MacKeochan;;71;208;2013-5-3;New York;NY;The United States;;;0
9538;-1;-1;Aleksandr;Labutin;;71;209;2012-12-13;Samara;SAM;Russia;;;0
9539;-1;-1;Janne;Laine;;70;191;2013-6-16;Viitasaari;FIN;Finland;;;0
9540;-1;-1;Connor;Peart;;71;169;2013-4-17;Brampton;ON;Canada;;;0
9541;-1;-1;Maxim;Bertrand;;71;203;2012-10-2;Chambly;QC;Canada;;;0
9542;-1;-1;Gabriel;Morneau;;70;169;2013-4-12;Gatineau;QC;Canada;;;0
9543;-1;-1;Adam;MacDonald;;73;165;2012-9-19;Winnipeg;MB;Canada;;;0
9544;-1;-1;Joe;Latimore;;71;172;2013-3-19;Los Alamos;NM;The United States;;;0
9545;-1;-1;Eduard;K¸mmel;;73;162;2013-6-22;Ettringen;BAV;Germany;;;0
9546;-1;-1;Tony;Glass;;70;204;2013-1-10;Toronto;ON;Canada;;;0
9547;-1;-1;Kenny;Peden;;69;193;2012-8-18;Hamilton;ON;Canada;;;0
9548;-1;-1;Samuel;King;;74;204;2012-9-23;Salaberry-de-Valleyfield;QC;Canada;;;0
9549;-1;-1;Travis;Howorko;;71;185;2013-7-3;Chatham-Kent;ON;Canada;;;0
9550;-1;-1;Garrett;Riley;;74;207;2013-1-30;Merritt;BC;Canada;;;0
9551;-1;-1;Josh;Sexsmith;;73;176;2013-1-16;Markham;ON;Canada;;;0
9552;-1;-1;Jonathan;Hansson;;72;184;2012-9-29;UmeÂ;V‰S;Sweden;;;0
9553;-1;-1;Petr;Buric;;72;159;2013-1-29;Opocno;KRA;Czech Republic;;;0
9554;-1;-1;Matthew;Samoei;;71;173;2012-8-24;Windsor;ON;Canada;;;0
9555;-1;-1;Niclas;Hˆrberg;;72;176;2012-8-5;Uddevalla;V‰S;Sweden;;;0
9556;-1;-1;Tyler;Fleming;;69;199;2013-3-4;Calgary;AB;Canada;;;0
9557;-1;-1;Brent;Gillis;;71;195;2013-6-15;Edmonton;AB;Canada;;;0
9558;-1;-1;Pavel;Malinovsky;;72;204;2013-2-1;Moscow;MOS;Russia;;;0
9559;-1;-1;Kyle;Kyles;;72;202;2013-6-22;Pulaski;WI;The United States;;;0
9560;-1;-1;Desmond;Cochrane;;70;183;2013-4-9;Halifax;NS;Canada;;;0
9561;-1;-1;Brendan;Galbraith;;72;206;2012-9-17;Regina;SK;Canada;;;0
9562;-1;-1;Scott;Brennan;;74;191;2012-8-25;Vancouver;BC;Canada;;;0
9563;-1;-1;Joe;Quinn;;71;201;2013-3-21;Sellersburg;IN;The United States;;;0
9564;-1;-1;Perry;Quiring;;71;178;2013-1-20;Vancouver;BC;Canada;;;0
9565;-1;-1;Jesse;MacKinnon;;70;168;2012-9-17;Toronto;ON;Canada;;;0
9566;-1;-1;Mike;Caister;;74;181;2012-9-18;Penticton;BC;Canada;;;0
9567;-1;-1;RomÈo;Lam;;73;180;2012-11-4;Montreal;QC;Canada;;;0
9568;-1;-1;Glen;Townsend;;72;211;2012-8-6;Hamden;CT;The United States;;;0
9569;-1;-1;Robert;Hawkins;;72;174;2013-6-6;Spring Brook Township;PA;The United States;;;0
9570;-1;-1;Marc;GuÈrin;;73;205;2013-2-5;Richelieu;QC;Canada;;;0
9571;-1;-1;Martin;Hloznik;;69;165;2013-6-23;Bratislava;BRA;Slovakia;;;0
9572;-1;-1;Jaedon;Ladds;;69;186;2012-9-30;Winnipeg;MB;Canada;;;0
9573;-1;-1;Lester;Schifferl;;69;206;2013-5-4;Newport;WAL;Wales;;;0
9574;-1;-1;Tanner;MacIntyre;;76;225;2013-3-27;Surrey;BC;Canada;;;0
9575;-1;-1;Nicolas;Pecha;;71;195;2013-4-16;Tuchlovice;STR;Czech Republic;;;0
9576;-1;-1;Michal;Mikula;;73;198;2013-3-10;Prague;PRA;Czech Republic;;;0
9577;-1;-1;Adam;Walter;;73;191;2012-8-18;Brandon;MB;Canada;;;0
9578;-1;-1;Jˆrn;Dahlke;;69;191;2013-1-15;Trier;RHI;Germany;;;0
9579;-1;-1;Liam;Carpentier;;71;184;2012-10-20;Montreal;QC;Canada;;;0
9580;-1;-1;Ray;Woolf;;74;183;2012-10-27;Durham;NC;The United States;;;0
9581;-1;-1;Attila;Balazs;;72;194;2013-6-22;ZakamennÈ;ZIL;Slovakia;;;0
9582;-1;-1;Theodor;Olsson;;72;204;2012-8-24;Mˆlnlycke;V‰S;Sweden;;;0
9583;-1;-1;Kenton;Smith;;72;212;2013-6-15;Vaughan;ON;Canada;;;0
9584;-1;-1;Ctibor;Konecny;;71;194;2012-11-17;PÌst;MOR;Czech Republic;;;0
9585;-1;-1;Petr;Ambroz;;73;195;2012-7-26;Ostrava;MOR;Czech Republic;;;0
9586;-1;-1;Ryan;Perkins;;68;193;2013-3-29;Virginia Beach;VA;The United States;;;0
9587;-1;-1;Petri;Korhonen;;69;192;2012-11-30;Vantaa;UUS;Finland;;;0
9588;-1;-1;Valyantsin;Karytska;;70;160;2013-4-1;Minsk;MIN;Belarus;;;0
9589;-1;-1;Tyler;Forgeron;;70;172;2012-10-13;Halton Hills;ON;Canada;;;0
9590;-1;-1;Kariat;Talgayev;;72;200;2013-5-28;Qostanay;KOS;Kazakhstan;;;0
9591;-1;-1;Turar;Abashov;;71;193;2012-11-4;Oytal;JAM;Kazakhstan;;;0
9592;-1;-1;Paul;Etheridge;;73;206;2013-2-26;Nashua;NH;The United States;;;0
9593;-1;-1;Brad;MacCririe;;72;211;2012-12-21;Bay Point;CA;The United States;;;0
9594;-1;-1;Thor;Santini;;73;218;2012-9-17;Sudbury;ON;Canada;;;0
9595;-1;-1;Artie;Christian;;74;214;2012-10-6;Green Bay;WI;The United States;;;0
9596;-1;-1;Ivan;Nekhoroshikh;;75;177;2013-6-28;Salaspils;RIG;Latvia;;;0
9597;-1;-1;Jake;Johnson;;72;193;2012-12-20;Surrey;BC;Canada;;;0
9598;-1;-1;Hanswerner;Hartmann;;72;201;2013-2-14;Berlin;BER;Germany;;;0
9599;-1;-1;Justin;Thibeault;;70;202;2013-6-6;Calgary;AB;Canada;;;0
9600;-1;-1;Maksim;Kasatikov;;71;164;2013-6-10;Riga;RIG;Latvia;;;0
9601;-1;-1;Sandro;Crispo;;72;208;2013-1-3;Toronto;ON;Canada;;;0
9602;-1;-1;Teemu;Laine;;74;199;2013-2-8;Savonlinna;SSA;Finland;;;0
9603;-1;-1;Chris;Branch;;72;174;2013-3-28;Chicago;IL;The United States;;;0
9604;-1;-1;Jason;Elvin;;70;161;2013-3-22;Chicago;IL;The United States;;;0
9605;-1;-1;Keith;Stasiuk;;72;180;2012-11-28;Vancouver;BC;Canada;;;0
9606;-1;-1;Zach;Johns;;74;181;2012-12-26;Minnedosa;MB;Canada;;;0
9607;-1;-1;Don;Osborne;;72;182;2013-3-31;Wenatchee;WA;The United States;;;0
9608;-1;-1;Zbynek;Trinh;;72;160;2013-5-8;Vizovice;ZLN;Czech Republic;;;0
9609;-1;-1;Karel;Stanek;;74;165;2012-11-23;Prague;PRA;Czech Republic;;;0
9610;-1;-1;Carsten;Delcourt;;71;158;2012-12-12;Mississauga;ON;Canada;;;0
9611;-1;-1;Marshall;Hannigan;;71;184;2013-5-6;Vancouver;BC;Canada;;;0
9612;-1;-1;Andrew;Crumb;;70;202;2013-4-15;Whitby;ON;Canada;;;0
9613;-1;-1;Sergey;Kasarov;;71;206;2013-4-16;Balashikha;MOS;Russia;;;0
9614;-1;-1;Taylor;Dagg;;72;168;2012-7-11;Selwyn;ON;Canada;;;0
9615;-1;-1;Anthony;BÈliveau;;72;196;2012-7-26;LÈvis;QC;Canada;;;0
9616;-1;-1;Alexander;Andersson;;74;188;2013-1-25;Lund;SKÂ;Sweden;;;0
9617;-1;-1;Patrick;Reynolds;;72;198;2012-7-22;Mississauga;ON;Canada;;;0
9618;-1;-1;Ryan;Martynowsky;;71;169;2012-10-5;Burlington;ON;Canada;;;0
9619;-1;-1;Eric;Mailey;;71;171;2013-2-6;Toronto;ON;Canada;;;0
9620;-1;-1;Jason;Saxton;;72;195;2013-2-23;Bon Accord;AB;Canada;;;0
9621;-1;-1;Igor;Batagov;;71;202;2012-12-25;Barnaul;ALT;Russia;;;0
9622;-1;-1;RenÈ;Grenier;;75;220;2013-1-13;London;ON;Canada;;;0
9623;-1;-1;Johnny;Rebelo;;71;170;2013-1-3;Ottawa;ON;Canada;;;0
9624;-1;-1;Vincent;Simoneau;;71;201;2013-3-23;Terrebonne;QC;Canada;;;0
9625;-1;-1;Michael;Sweet;;72;174;2012-11-15;Georgina;ON;Canada;;;0
9626;-1;-1;Benjamin;Ott;;71;165;2013-4-11;Embrach;ZH;Switzerland;;;0
9627;-1;-1;Nicolas;Thibault;;72;210;2012-7-15;Montreal;QC;Canada;;;0
9628;-1;-1;Howard;Carter;;69;183;2012-12-16;Bradenton;FL;The United States;;;0
9629;-1;-1;Kurtis;Crowder;;72;206;2013-3-7;Lambton Shores;ON;Canada;;;0
9630;-1;-1;Connor;Lam;;72;203;2013-2-26;Burnaby;BC;Canada;;;0
9631;-1;-1;Logan;Zaporzan;;72;185;2012-11-24;Cultus Lake;BC;Canada;;;0
9632;-1;-1;Brandon;McKinnon;;71;198;2012-12-22;Banff;AB;Canada;;;0
9633;-1;-1;Boris;Kartoshkin;;70;187;2012-11-22;Romny;SUM;Ukraine;Russia;;0
9634;-1;-1;David;SÈguin;;75;217;2013-6-8;Montreal;QC;Canada;;;0
9635;-1;-1;Flemming;Christiansen;;69;160;2013-1-28;Copenhagen;FRE;Denmark;;;0
9636;-1;-1;Cristian;Prodan;;70;163;2013-2-7;Satu Mare;SAT;Romania;;;0
9637;-1;-1;Francis;Sohor;;71;171;2013-3-3;Toronto;ON;Canada;;;0
9638;-1;-1;Michal;Ferenc;;70;180;2012-8-13;Presov;PRE;Slovakia;;;0
9639;-1;-1;Josh;Zanbilowicz;;70;164;2013-4-2;Georgina;ON;Canada;;;0
9640;-1;-1;Aleksandr;Kucherov;;71;167;2012-11-3;Petrovsk;SAR;Russia;;;0
9641;-1;-1;Martin;Majchrak;;72;189;2013-6-27;Prievidza;TRE;Slovakia;;;0
9642;-1;-1;Andrew;Merkosky;;69;187;2013-3-23;Norfolk County;ON;Canada;;;0
9643;-1;-1;Vincent;Alarie;;72;188;2012-7-14;Sainte-ThÈrËse;QC;Canada;;;0
9644;-1;-1;Rietrikki;Jormalainen;;73;206;2013-4-10;Joutseno;SKA;Finland;;;0
9645;-1;-1;Dominik;Bucher;;69;165;2013-7-4;Thalgau;SAL;Austria;The United States;;0
9646;-1;-1;Leonard;Valny;;69;177;2012-8-30;Presov;PRE;Slovakia;;;0
9647;-1;-1;Dominik;Miksa;;72;180;2012-8-20;Most;UST;Czech Republic;;;0
9648;-1;-1;Tano;Bernasconi;;71;171;2012-11-22;Lugano;TI;Switzerland;;;0
9649;-1;-1;Emil;Nielsen;;72;209;2013-4-18;Copenhagen;FRE;Denmark;;;0
9650;-1;-1;Stefan;Hamsik;;70;168;2013-6-25;TrencÌn;TRE;Slovakia;;;0
9651;-1;-1;Brady;Hrudey;;71;197;2013-4-1;Niagara Falls;ON;Canada;;;0
9652;-1;-1;Steven;De Bruijn;;74;166;2013-7-2;Vancouver;BC;Canada;;;0
9653;-1;-1;Tyler;Popek;;71;212;2012-8-23;Sudbury;ON;Canada;;;0
9654;-1;-1;Olli;Nordin;;73;208;2013-2-2;Kaarina;SOU;Finland;;;0
9655;-1;-1;Brady;Dehastings;;75;169;2013-2-22;North Augusta;SC;The United States;;;0
9656;-1;-1;Brad;Guptill;;71;169;2012-10-13;Medicine Hat;AB;Canada;;;0
9657;-1;-1;Petr;Hruska;;72;169;2012-9-1;HodonÌn;JHM;Czech Republic;;;0
9658;-1;-1;Julien;LÈpine;;70;195;2013-2-8;Quebec City;QC;Canada;;;0
9659;-1;-1;Bob;Mawby;;71;176;2012-10-22;Oronogo;MO;The United States;;;0
9660;-1;-1;Mikhail;Kalinchenko;;69;170;2013-1-19;Kremenchuk;POL;Ukraine;;;0
9661;-1;-1;Francis;Lafond;;71;173;2013-5-10;Saint-Georges;QC;Canada;;;0
9662;-1;-1;Nate;Sorteberg;;71;198;2012-9-11;Tracy;CA;The United States;;;0
9663;-1;-1;Alexandre;VÈzina;;73;196;2013-6-19;Sherbrooke;QC;Canada;;;0
9664;-1;-1;Brayden;McMahon;;69;203;2012-11-6;Waterloo;ON;Canada;;;0
9665;-1;-1;Jeff;Younts;;70;172;2013-3-8;Newington;CT;The United States;;;0
9666;-1;-1;Yannick;Soucy;;70;182;2013-4-1;Saint-Eustache;QC;Canada;;;0
9667;-1;-1;Dax;Dillabaugh;;71;210;2012-8-23;Clarington;ON;Canada;;;0
9668;-1;-1;J·n;Spurny;;74;204;2012-7-29;Bratislava;BRA;Slovakia;;;0
9669;-1;-1;Mathieu;St-Onge;;72;191;2013-3-18;Candiac;QC;Canada;;;0
9670;-1;-1;Pavlo;Stepanchuk;;71;211;2013-1-22;Kamyanets-Podilskyy;KHM;Ukraine;;;0
9671;-1;-1;Jeremy;De Haas;;71;185;2012-12-13;Medicine Hat;AB;Canada;;;0
9672;-1;-1;Brock;Larson;;72;187;2012-8-23;Millbrook;ON;Canada;;;0
9673;-1;-1;Andrius;Kazlauskas;;72;211;2013-3-14;Naujoji Akmene;SIA;Lithuania;;;0
9674;-1;-1;Tristan;Rodrigue;;68;169;2013-2-19;London;ON;Canada;;;0
9675;-1;-1;Wyatt;Wiggin;;70;200;2012-12-8;Toronto;ON;Canada;;;0
9676;-1;-1;Gabryel;Leduc;;71;193;2012-7-9;Montreal;QC;Canada;;;0
9677;-1;-1;Colton;MacDonald;;76;177;2012-12-12;Calgary;AB;Canada;;;0
9678;-1;-1;Loris;Meier;;69;192;2013-6-24;Zurich;ZH;Switzerland;;;0
9679;-1;-1;Darcy;LeBlond;;70;197;2012-12-19;Red Deer;AB;Canada;;;0
9680;-1;-1;Brian;Tyrell;;74;207;2013-1-28;Ajax;ON;Canada;;;0
9681;-1;-1;Chad;Collings;;73;173;2013-2-4;Kingston-Greenwood;NS;Canada;;;0
9682;-1;-1;August;Andersson;;70;172;2012-8-17;Mˆlndal;V‰S;Sweden;;;0
9683;-1;-1;Maros;Pobjecky;;69;191;2013-3-1;Bosany;TRE;Slovakia;;;0
9684;-1;-1;Lukas;Mikeska;;75;198;2012-9-21;Trebechovice pod Orebem;KRA;Czech Republic;;;0
9685;-1;-1;Brayden;Martinelli;;73;197;2012-9-11;Quinte West;ON;Canada;;;0
9686;-1;-1;Miroslav;Orsag;;71;210;2013-5-16;NovÈ Zamky;NIT;Slovakia;;;0
9687;-1;-1;Matt;Kramer;;72;167;2013-5-12;Spearfish;SD;The United States;;;0
9688;-1;-1;Jesse;Cahill;;72;174;2013-1-5;Montreal;QC;Canada;;;0
9689;-1;-1;Dmitry;Mitko;;70;202;2013-7-2;Makhachkala;DAG;Russia;The United States;;0
9690;-1;-1;Nicolas;Gaudreault;;72;206;2013-3-13;Sherbrooke;QC;Canada;;;0
9691;-1;-1;Konstantin;Barot;;70;182;2013-2-26;Fr˝dek-MÌstek;MOR;Czech Republic;;;0
9692;-1;-1;Valentin;Bergeron;;73;210;2012-7-30;Saint-HonorÈ;QC;Canada;;;0
9693;-1;-1;Sean;Stratford;;70;195;2013-3-16;Windsor;ON;Canada;;;0
9694;-1;-1;Kevin;Griffith;;68;193;2012-7-9;Riverside;CA;The United States;;;0
9695;-1;-1;Alexis;Huard;;74;210;2013-6-5;Chatham-Kent;ON;Canada;;;0
9696;-1;-1;Xavier;Drolet;;71;183;2012-11-6;Saguenay;QC;Canada;;;0
9697;-1;-1;Patrick;Ellis;;75;218;2013-4-1;Coquitlam;BC;Canada;;;0
9698;-1;-1;Ravil;Shakirov;;73;183;2012-7-10;Tomsk;TOM;Russia;;;0
9699;-1;-1;Stefan;Baco;;73;181;2013-3-14;Detva;BAN;Slovakia;;;0
9700;-1;-1;Michal;Rusnak;;74;191;2012-11-20;Skalica;TRN;Slovakia;;;0
9701;-1;-1;Felix;Magnusson;;76;216;2012-11-17;Linkˆping;÷ST;Sweden;;;0
9702;-1;-1;Vincent;Ritter;;75;191;2012-8-13;North Star;DE;The United States;;;0
9703;-1;-1;Valentin;Lavoie;;73;185;2013-6-17;Trois-Pistoles;QC;Canada;;;0
9704;-1;-1;Bobby;Goodridge;;73;219;2013-4-8;Toronto;ON;Canada;;;0
9705;-1;-1;Connor;Kelly;;72;177;2012-9-2;Kawartha Lakes;ON;Canada;;;0
9706;-1;-1;Jonathan;Lemiski;;72;168;2012-9-8;Tay;ON;Canada;;;0
9707;-1;-1;Oliver;D¸rst;;75;202;2013-4-11;Lausanne;VD;Switzerland;;;0
9708;-1;-1;Jan;Konopasek;;71;204;2012-9-6;Ostrava;MOR;Czech Republic;;;0
9709;-1;-1;Vladimir;Berglezov;;75;168;2013-2-9;Moscow;MOS;Russia;;;0
9710;-1;-1;Jacob;Corrente;;73;208;2013-1-4;Kawartha Lakes;ON;Canada;The United States;;0
9711;-1;-1;Bert;Skˆld;;72;207;2013-3-17;V‰rnamo;JˆN;Sweden;;;0
9712;-1;-1;Michal;Franc;;75;183;2013-4-24;Ostrov;KAR;Czech Republic;;;0
9713;-1;-1;Andrew;Dainton;;74;186;2013-2-27;Toronto;ON;Canada;;;0
9714;-1;-1;Adrian;Harrison;;75;194;2013-1-7;Tilsonburg;ON;Canada;;;0
9715;-1;-1;Maksim;Polyakov;;71;201;2013-3-8;Riga;RIG;Latvia;;;0
9716;-1;-1;Louie;Peters;;71;212;2012-10-22;Clarence-Rockland;ON;Canada;;;0
9717;-1;-1;Viktor;Lundmark;;72;180;2012-8-30;Stockholm;STO;Sweden;;;0
9718;-1;-1;Petr;Turek;;72;172;2012-11-27;Znojmo;JHM;Czech Republic;;;0
9719;-1;-1;Roman;Hajda;;70;192;2012-9-20;Brno;JHM;Czech Republic;;;0
9720;-1;-1;Myles;Rattie;;74;208;2013-6-14;Dartmouth;NS;Canada;China;;0
9721;-1;-1;Ricard;Bengtsson;;71;204;2012-7-14;Partille;V‰S;Sweden;;;0
9722;-1;-1;Tony;Young;;69;181;2013-2-17;Edmonton;AB;Canada;;;0
9723;-1;-1;Chris;Poole;;71;186;2012-8-15;Petaluma;CA;The United States;;;0
9724;-1;-1;Marijo;Puncec;;70;169;2013-4-3;Zagreb;GRA;Croatia;;;0
9725;-1;-1;Mike;McCullough;;72;198;2013-3-23;Roanoke;VA;The United States;;;0
9726;-1;-1;Samuel;Stattin;;72;192;2012-8-11;÷stersund;J‰M;Sweden;;;0
9727;-1;-1;Kyle;Prout;;71;164;2012-9-8;Toronto;ON;Canada;;;0
9728;-1;-1;Jakob;Berger;;71;197;2012-9-15;Vienna;WIE;Austria;;;0
9729;-1;-1;Brandon;Ames;;72;173;2012-10-15;Niagara Falls;ON;Canada;;;0
9730;-1;-1;Turner;Foreman;;74;193;2013-1-5;Toronto;ON;Canada;;;0
9731;-1;-1;Paul;Leavins;;71;190;2012-10-26;Thunder Bay;ON;Canada;;;0
9732;-1;-1;Adam;÷stlund;;71;192;2012-9-11;Stockholm;STO;Sweden;;;0
9733;-1;-1;Federico;Ouellette;;68;177;2012-9-15;Kitchener;ON;Canada;;;0
9734;-1;-1;Friedrich;Horn;;68;162;2013-6-24;Ryazan;RYA;Russia;;;0
9735;-1;-1;Daryl;DeMelo;;73;194;2012-12-6;Ottawa;ON;Canada;;;0
9736;-1;-1;Pyotr;Gorechishnikov;;72;179;2012-9-8;Fokino;PRI;Russia;;;0
9737;-1;-1;Myles;Cowell;;70;162;2012-12-15;Vaughan;ON;Canada;;;0
9738;-1;-1;Marc-AndrÈ;Boisclair;;71;177;2012-9-17;Bradford;ON;Canada;;;0
9739;-1;-1;Brett;Sheehan;;69;159;2013-6-17;Guelph;ON;Canada;;;0
9740;-1;-1;Peter;Hopps;;71;172;2012-10-14;Charlotte;NC;The United States;;;0
9741;-1;-1;Irving;Powell;;71;187;2012-9-3;Houston;TX;The United States;;;0
9742;-1;-1;Guillaume;Trottier;;74;196;2013-1-11;LÈvis;QC;Canada;;;0
9743;-1;-1;Garth;Tindale;;69;195;2012-10-17;Toronto;ON;Canada;;;0
9744;-1;-1;Vital;Yusipets;;71;181;2012-8-16;Borisov;MIN;Belarus;;;0
9745;-1;-1;Bryan;Minardi;;72;208;2013-2-15;Winnipeg;MB;Canada;;;0
9746;-1;-1;Kenneth;Hansen;;73;204;2013-3-8;Malmˆ;SKÂ;Sweden;;;0
9747;-1;-1;Travis;Loken;;74;203;2012-7-18;Milverton;ON;Canada;;;0
9748;-1;-1;Frederick;Friesen;;71;207;2012-11-30;Winnipeg;MB;Canada;;;0
9749;-1;-1;David;Denis;;75;217;2012-11-11;Shawinigan;QC;Canada;;;0
9750;-1;-1;Sergije;Santek;;71;209;2013-2-21;Zagreb;GRA;Croatia;;;0
9751;-1;-1;Tyler;Scanzano;;70;185;2013-1-19;Swan River;MB;Canada;;;0
9752;-1;-1;Nigmat;Dariyev;;73;189;2012-7-19;Almaty;ALM;Kazakhstan;;;0
9753;-1;-1;Kevin;Kaese;;74;210;2013-2-28;Vancouver;BC;Canada;;;0
9754;-1;-1;Ryan;McMurphy;;74;207;2012-11-7;Olds;AB;Canada;;;0
9755;-1;-1;Constantin;Weiss;;70;178;2012-10-7;Siegen;NOR;Germany;;;0
9756;-1;-1;Tyler;Guthrie;;75;197;2012-11-12;Holden;MA;The United States;;;0
9757;-1;-1;Steve;Hextall;;69;201;2013-3-3;Cole Harbour;NS;Canada;;;0
9758;-1;-1;M·rkÛ;Guttmann;;69;194;2012-7-24;Zeliezovce;SLO;Slovakia;;;0
9759;-1;-1;Dave;Carruthers;;73;172;2013-1-2;Yakima;WA;The United States;;;0
9760;-1;-1;Riccardo;Antonucci;;71;165;2013-6-28;London;ON;Canada;;;0
9761;-1;-1;Philippe;Lapointe;;72;182;2013-5-13;Hampton;NB;Canada;;;0
9762;-1;-1;Jordan;NoÎl;;72;208;2012-10-22;Montreal;QC;Canada;;;0
9763;-1;-1;Aleksey;Darzinsh;;71;162;2013-5-31;Moscow;MOS;Russia;;;0
9764;-1;-1;Colton;Aquilini;;70;188;2012-7-15;Red Deer;AB;Canada;;;0
9765;-1;-1;Jiri;Cizek;;74;168;2012-9-9;Smrzovka;LIB;Czech Republic;;;0
9766;-1;-1;Antoine;Guest;;69;197;2013-4-22;Winnipeg;MB;Canada;;;0
9767;-1;-1;Fredrik;Pettersson;;70;189;2012-8-7;Tumba;STO;Sweden;;;0
9768;-1;-1;Angus;Hobbs;;71;187;2013-3-27;Chatham-Kent;ON;Canada;;;0
9769;-1;-1;Jere;Stewart;;75;169;2013-6-7;Toronto;ON;Canada;;;0
9770;-1;-1;Kevin;Meurs;;70;171;2013-2-27;Brampton;ON;Canada;;;0
9771;-1;-1;Andrew;Nowak;;74;194;2012-10-8;Port Hope;ON;Canada;;;0
9772;-1;-1;Parker;Rudkowsky;;73;184;2012-8-11;Markham;ON;Canada;;;0
9773;-1;-1;Alyaksey;Skitaw;;75;187;2012-9-28;Shumilino;VIT;Belarus;;;0
9774;-1;-1;Yevgeny;Alekseyev;;70;203;2012-10-5;Zhezkazgan;KAR;Kazakhstan;;;0
9775;-1;-1;Barrett;Jackson;;73;171;2012-10-27;Elliot Lake;ON;Canada;;;0
9776;-1;-1;Melvin;Tosunian;;67;191;2013-3-19;Allentown;PA;The United States;;;0
9777;-1;-1;Dmitry;Yevdokimov;;74;180;2012-8-30;Moscow;MOS;Russia;;;0
9778;-1;-1;Miroslav;Adasek;;72;182;2013-6-18;Nitra;NIT;Slovakia;;;0
9779;-1;-1;Matthew;Cusan;;73;189;2013-4-27;Jasper;AB;Canada;;;0
9780;-1;-1;Eike;Sanders;;70;166;2013-2-1;Berlin;BER;Germany;;;0
9781;-1;-1;Matthew;Tremblay;;70;167;2013-6-5;Montreal;QC;Canada;;;0
9782;-1;-1;Taylor;Crumb;;71;202;2013-7-3;Halifax;NS;Canada;;;0
9783;-1;-1;Artyom;Katulsky;;74;170;2013-3-15;Valmiera;VAL;Latvia;;;0
9784;-1;-1;Michael;Yuill;;73;196;2012-10-7;Dartmouth;NS;Canada;;;0
9785;-1;-1;Brenden;Eskesen;;69;187;2012-11-12;Burnaby;BC;Canada;;;0
9786;-1;-1;Nikolay;Suchkov;;71;192;2013-3-29;Riga;RIG;Latvia;;;0
9787;-1;-1;Steve;Mills;;70;168;2012-12-17;Port Huron;MI;The United States;;;0
9788;-1;-1;Bruno-Carl;Monette;;73;208;2013-7-5;Contrecoeur;QC;Canada;;;0
9789;-1;-1;JÈrÈmy;Lacroix;;72;210;2012-7-17;Saint-Hippolyte;QC;Canada;;;0
9790;-1;-1;JÈrÈmy;CrÍte;;71;173;2012-7-25;Laval;QC;Canada;;;0
9791;-1;-1;Troy;Richens;;75;194;2012-7-21;Cape Breton Regional Municipality;NS;Canada;;;0
9792;-1;-1;Darby;Montgomery;;74;175;2013-5-4;New York;NY;The United States;;;0
9793;-1;-1;Dale;Bove;;71;213;2013-3-13;Lenexa;KS;The United States;;;0
9794;-1;-1;Krystof;Chaloupka;;73;213;2013-1-27;Prague;PRA;Czech Republic;;;0
9795;-1;-1;Csongor;LaszlÛ;;75;206;2013-2-4;Brezno;BAN;Slovakia;;;0
9796;-1;-1;Kellen;Bradford;;69;163;2013-5-7;Calgary;AB;Canada;;;0
9797;-1;-1;Illya;Semashka;;71;198;2012-10-7;Moscow;MOS;Russia;;;0
9798;-1;-1;RomÈo;Richer;;71;201;2013-5-21;Quebec City;QC;Canada;;;0
9799;-1;-1;John;Fauchoux;;76;214;2013-4-15;Richmond Hill;ON;Canada;;;0
9800;-1;-1;Craig;Zurevinski;;70;177;2013-6-5;Toronto;ON;Canada;;;0
9801;-1;-1;Daniel;PÈti;;70;175;2012-9-1;Bratislava;BRA;Slovakia;;;0
9802;-1;-1;Jordan;Shinkaruk;;72;175;2012-8-21;Surrey;BC;Canada;;;0
9803;-1;-1;Zach;Kaufmann;;72;207;2012-8-17;Fredericton;NB;Canada;;;0
9804;-1;-1;Dennis;Lindahl;;72;178;2013-1-25;Smedjebacken;DAL;Sweden;;;0
9805;-1;-1;Rene;Balson;;72;209;2013-5-7;Abbotsford;BC;Canada;;;0
9806;-1;-1;Ryan;Engelage;;70;174;2012-11-30;Weyburn;SK;Canada;;;0
9807;-1;-1;MichaÎl;Roy;;69;153;2012-8-4;LÈvis;QC;Canada;;;0
9808;-1;-1;Jonathan;Laplante;;74;176;2013-5-7;Montreal;QC;Canada;;;0
9809;-1;-1;Matt;Fix;;75;216;2013-7-2;Ottawa;ON;Canada;;;0
9810;-1;-1;Chris;MacDonald;;73;175;2013-1-9;Terrace;BC;Canada;;;0
9811;-1;-1;Cody;Jordan;;70;198;2013-3-1;Dieppe;NB;Canada;;;0
9812;-1;-1;Ryan;Parks;;72;177;2012-11-9;Thornhill;ON;Canada;;;0
9813;-1;-1;Pontus;Persson;;74;193;2012-10-1;Stockholm;STO;Sweden;;;0
9814;-1;-1;Petr;Maly;;73;217;2013-4-13;Prague;PRA;Czech Republic;;;0
9815;-1;-1;Jake;Sharp;;72;194;2013-4-8;Cape Breton Regional Municipality;NS;Canada;;;0
9816;-1;-1;Arwid;Marbach;;71;174;2013-1-21;Augsburg;BAV;Germany;;;0
9817;-1;-1;Antoine;Lefebvre;;70;167;2012-11-19;Montreal;QC;Canada;;;0
9818;-1;-1;Mitchell;Oates;;71;168;2012-12-15;Selwyn;ON;Canada;;;0
9819;-1;-1;Sergey;Larchenko;;71;186;2013-4-19;Dokuchaevka;KOS;Kazakhstan;;;0
9820;-1;-1;David;Holas;;74;172;2012-12-23;Zdounky;ZLN;Czech Republic;;;0
9821;-1;-1;Drew;Halley;;72;171;2012-8-4;Brampton;ON;Canada;;;0
9822;-1;-1;Dave;Deagle;;73;194;2013-4-24;Prince Albert;SK;Canada;;;0
9823;-1;-1;Tyler;Muirhead;;70;210;2013-6-7;London;ON;Canada;;;0
9824;-1;-1;Mark;Anderson;;68;154;2012-9-6;Toronto;ON;Canada;;;0
9825;-1;-1;Oliver;Moore;;72;198;2013-4-13;Langley;BC;Canada;;;0
9826;-1;-1;Pavel;M¸ller;;75;182;2012-7-12;Brno;JHM;Czech Republic;;;0
9827;-1;-1;Paul;Hamer;;70;194;2012-9-23;Mogadore;OH;The United States;;;0
9828;-1;-1;Trent;Foust;;72;189;2012-11-22;Los Angeles;CA;The United States;;;0
9829;-1;-1;Kraig;MacInnis;;69;187;2012-12-14;Sarnia;ON;Canada;;;0
9830;-1;-1;Mike;Calder;;69;185;2013-3-23;Richmond;BC;Canada;;;0
9831;-1;-1;Wade;McKenzie;;71;173;2012-8-1;Niagara Falls;ON;Canada;;;0
9832;-1;-1;Gael;Sear;;69;187;2013-4-10;Copenhagen;FRE;Denmark;;;0
9833;-1;-1;Sean;Emery;;72;179;2012-10-8;Toronto;ON;Canada;;;0
9834;-1;-1;Edoardo;Castoro;;71;181;2012-10-27;Toronto;ON;Canada;;;0
9835;-1;-1;Trevor;Bodnarchuk;;74;205;2012-10-14;Sault Ste. Marie;ON;Canada;;;0
9836;-1;-1;Hugues;Verreault;;73;215;2012-11-13;Toronto;ON;Canada;;;0
9837;-1;-1;Simon;Bron;;72;207;2013-4-13;Fully;VS;Switzerland;;;0
9838;-1;-1;Alex;Barnes;;73;209;2012-11-24;Toronto;ON;Canada;;;0
9839;-1;-1;Joe;Whitebear;;68;178;2012-9-24;Toronto;ON;Canada;;;0
9840;-1;-1;Matthew;Charlebois;;71;203;2012-10-9;Wetaskiwin;AB;Canada;;;0
9841;-1;-1;Anton;Dorosh;;74;193;2013-6-7;Izyum;KHA;Ukraine;;;0
9842;-1;-1;Jeremy;Wabush;;71;210;2013-1-5;Toronto;ON;Canada;;;0
9843;-1;-1;Keegan;Achtymichuk;;70;168;2013-3-31;Sherwood Park;AB;Canada;;;0
9844;-1;-1;Joakim;Wistrand;;72;167;2013-4-16;Norrkˆping;÷ST;Sweden;;;0
9845;-1;-1;Brandon;Geiser;;71;208;2013-3-26;Calgary;AB;Canada;;;0
9846;-1;-1;Misko;Wilson;;70;170;2012-7-25;Calgary;AB;Canada;;;0
9847;-1;-1;Pierre;Perras;;68;167;2013-6-25;Quebec City;QC;Canada;;;0
9848;-1;-1;Jˆrgen;Karlsson;;72;193;2013-4-25;Stockholm;STO;Sweden;;;0
9849;-1;-1;Silas;Splicer;;76;198;2013-5-3;Vancouver;BC;Canada;;;0
9850;-1;-1;Bogdan;Vodennikov;;74;190;2013-6-28;Yekaterinburg;SVE;Russia;;;0
9851;-1;-1;Victor;Balog;;72;173;2013-2-19;Halifax;NS;Canada;;;0
9852;-1;-1;Andrey;Rybnitsky;;74;186;2012-8-7;Pervomayskiy;ARK;Russia;;;0
9853;-1;-1;Stefan;Stewart;;74;222;2012-8-12;Edmonton;AB;Canada;;;0
9854;-1;-1;Andrew;Cowan;;72;200;2012-9-13;Winnipeg;MB;Canada;;;0
9855;-1;-1;Pauls;Godins;;70;198;2013-6-3;Sigulda;RIG;Latvia;;;0
9856;-1;-1;Kale;Chiarantano;;72;208;2013-3-31;Victoria;BC;Canada;;;0
9857;-1;-1;Brandon;Mix;;73;204;2013-2-9;Langley;BC;Canada;;;0
9858;-1;-1;Derick;Corbin;;72;182;2012-12-28;The Nation;ON;Canada;;;0
9859;-1;-1;Jean-David;MassÈ;;72;163;2012-8-12;Notre-Dame-des-Prairies;QC;Canada;;;0
9860;-1;-1;Adam;Normand;;74;222;2013-4-26;Saint-Pie;QC;Canada;;;0
9861;-1;-1;Brett;Wrigley;;71;191;2012-7-9;Kawartha Lakes;ON;Canada;;;0
9862;-1;-1;Vincent;HallÈ;;71;167;2013-7-1;Montreal;QC;Canada;;;0
9863;-1;-1;Vincent;LegarÈ;;71;180;2013-4-5;Saint-Augustin-de-Desmaures;QC;Canada;;;0
9864;-1;-1;Arwarh;Hana;;72;181;2013-4-11;Montreal;QC;Canada;;;0
9865;-1;-1;Tyler;Beaudry;;71;180;2012-8-31;Dolbeau;QC;Canada;;;0
9866;-1;-1;Roger;Ouellet;;68;164;2013-6-13;Mascouche;QC;Canada;;;0
9867;-1;-1;Michael;Kuhn;;71;180;2012-8-17;Hamilton;ON;Canada;;;0
9868;-1;-1;Josh;Gilmour;;70;195;2013-5-23;Toronto;ON;Canada;;;0
9869;-1;-1;Tapani;Wickstrˆm;;74;182;2012-9-5;Helsinki;UUS;Finland;;;0
9870;-1;-1;Scott;Williams;;73;197;2013-3-20;Strathcona;AB;Canada;;;0
9871;-1;-1;Richard;Alberga;;71;202;2012-10-12;Surrey;BC;Canada;;;0
9872;-1;-1;James;Thorogood;;76;200;2012-11-12;Hamilton;ON;Canada;;;0
9873;-1;-1;Lukas;Bachan;;71;188;2012-11-28;Most;UST;Czech Republic;;;0
9874;-1;-1;Maxx;Rankine;;75;212;2013-2-2;Calgary;AB;Canada;Sweden;;0
9875;-1;-1;Petr;Marousek;;69;158;2012-11-24;Ostrava;MOR;Czech Republic;;;0
9876;-1;-1;Niklas;Engblom;;71;200;2012-11-11;÷rnskˆldsvik;V‰S;Sweden;;;0
9877;-1;-1;Gary;Merrell;;74;167;2013-3-30;Goderich;ON;Canada;;;0
9878;-1;-1;Danny;Ruby;;74;194;2013-3-20;Strathcona;AB;Canada;;;0
9879;-1;-1;Joachim;RattÈ;;71;174;2012-8-31;Montreal;QC;Canada;;;0
9880;-1;-1;Marc-Antoine;Cadieux;;72;171;2012-12-16;Toronto;ON;Canada;;;0
9881;-1;-1;Milan;Kelesi;;70;209;2013-6-5;Topolcany;TRE;Slovakia;;;0
9882;-1;-1;Jordan;Lafond;;72;194;2012-10-29;Terrebonne;QC;Canada;France;;0
9883;-1;-1;Mark;Girard;;75;171;2012-11-14;Burnaby;BC;Canada;;;0
9884;-1;-1;Travis;Dubblestyne;;72;211;2013-4-1;Toronto;ON;Canada;;;0
9885;-1;-1;Joey;Fortin;;74;221;2013-1-20;Winnipeg;MB;Canada;;;0
9886;-1;-1;Vincent;Gagnon;;68;188;2012-12-29;Toronto;ON;Canada;;;0
9887;-1;-1;Aleksanteri;Nuutinen;;72;210;2013-7-4;Forssa;KAN;Finland;;;0
9888;-1;-1;Thomas;Huot;;72;193;2013-7-2;Mont-Saint-Hilaire;QC;Canada;;;0
9889;-1;-1;Ryan;Rymarchuk;;72;207;2013-1-11;Grand Centre;AB;Canada;;;0
9890;-1;-1;Aleksandr;Afanasiyev;;71;199;2013-5-9;Krasnoyarsk;KRA;Russia;;;0
9891;-1;-1;Bjorn;Hovdebo;;69;157;2012-10-26;Assiniboia;SK;Canada;;;0
9892;-1;-1;Matt;Kuhn;;75;197;2012-11-5;Oshawa;ON;Canada;;;0
9893;-1;-1;Semyon;Kulyomin;;68;159;2013-4-23;Tyumen;TYU;Russia;;;0
9894;-1;-1;Kostyantyn;Stepanchuk;;71;178;2013-1-13;Roudnice;UST;Czech Republic;;;0
9895;-1;-1;Alexandre;Michaud;;74;196;2012-9-17;Quebec City;QC;Canada;;;0
9896;-1;-1;Pierre-CÈdric;Martineau;;74;193;2013-2-13;Blainville;QC;Canada;;;0
9897;-1;-1;Yohann;BÈlanger;;71;184;2013-3-12;Laval;QC;Canada;;;0
9898;-1;-1;Austin;O'Brien;;68;160;2013-7-4;Port Perry;ON;Canada;;;0
9899;-1;-1;Justice;Trudeau;;71;158;2013-5-1;Hamilton;ON;Canada;;;0
9900;-1;-1;Josh;Pierce;;70;160;2013-6-30;Ottawa;ON;Canada;;;0
9901;-1;-1;Oren;Strong;;75;184;2013-3-25;Oshawa;ON;Canada;;;0
9902;-1;-1;Kary;Cooper;;72;171;2012-11-23;Oshawa;ON;Canada;;;0
9903;-1;-1;Andris;Blodnieks;;72;190;2012-8-7;Rezekne;REZ;Latvia;;;0
9904;-1;-1;Justin;MacMurchy;;75;207;2013-2-2;Pinawa;MB;Canada;;;0
9905;-1;-1;Carlo;Lefebvre;;72;179;2013-2-16;Montreal;QC;Canada;;;0
9906;-1;-1;Alex;Groeger;;72;165;2013-1-26;Oststeinbek;SCH;Germany;;;0
9907;-1;-1;Tyler;Diehl;;71;187;2012-11-6;RiviËre-du-Loup;QC;Canada;The United States;;0
9908;-1;-1;Travis;Krol;;72;180;2012-9-6;Kelowna;BC;Canada;;;0
9909;-1;-1;Adam;Dryden;;69;186;2013-4-15;Grand Falls-Windsor;NL;Canada;;;0
9910;-1;-1;Michael;Ulrick;;75;192;2012-8-31;Toronto;ON;Canada;;;0
9911;-1;-1;Maxime;Lacroix;;74;194;2012-8-1;LÈvis;QC;Canada;;;0
9912;-1;-1;Nate;David;;70;198;2012-8-27;Midland;ON;Canada;;;0
9913;-1;-1;Kevin;Dufour;;73;181;2012-10-20;Ajax;ON;Canada;;;0
9914;-1;-1;Trevor;Dorey;;72;213;2012-9-6;Fort McMurray;AB;Canada;;;0
9915;-1;-1;Petr;Volf;;71;160;2012-7-22;Prague;PRA;Czech Republic;;;0
9916;-1;-1;Connor;Christie;;71;195;2012-12-10;Cape Breton Regional Municipality;NS;Canada;;;0
9917;-1;-1;Jacob;Lapierre;;73;191;2012-8-15;Quebec City;QC;Canada;;;0
9918;-1;-1;Ryan;Marcon;;68;161;2013-2-22;Ottawa;ON;Canada;;;0
9919;-1;-1;Tyler;Najafi;;73;210;2013-5-24;Thompson;MB;Canada;The United States;;0
9920;-1;-1;Jason;Ast;;74;185;2012-9-17;Hamilton;ON;Canada;;;0
9921;-1;-1;Cody;Morin;;73;179;2012-8-18;Toronto;ON;Canada;;;0
9922;-1;-1;Mitchell;Mealy;;73;194;2013-1-19;Delta;BC;Canada;;;0
9923;-1;-1;Stuart;Biggs;;72;178;2013-3-30;Prince George;BC;Canada;;;0
9924;-1;-1;David;Wallack;;72;213;2013-3-4;Hamilton;ON;Canada;;;0
9925;-1;-1;Philippe;Pichette;;68;175;2013-4-22;Gatineau;QC;Canada;;;0
9926;-1;-1;Blake;Foster;;74;186;2013-1-28;Rosthern;SK;Canada;;;0
9927;-1;-1;Uzabay;Ensepov;;71;180;2013-5-19;Shymkent;ONT;Kazakhstan;;;0
9928;-1;-1;Blaz;Valjavec;;72;162;2012-7-20;Bakovci;POM;Slovenia;;;0
9929;-1;-1;Corey;Bilyk;;72;198;2012-12-25;Saint John;NB;Canada;;;0
9930;-1;-1;Aulis;Liikka;;76;208;2012-8-7;Liminka;NOS;Finland;;;0
9931;-1;-1;Jason;Mynarski;;68;159;2013-6-10;Brampton;ON;Canada;;;0
9932;-1;-1;Josh;Broda;;75;216;2012-10-6;Vaughan;ON;Canada;;;0
9933;-1;-1;Drew;Reid;;70;201;2012-10-14;Ottawa;ON;Canada;;;0
9934;-1;-1;Nathaniel;Dobben;;71;188;2013-5-30;St. John's;NL;Canada;;;0
9935;-1;-1;Jozef;Langer;;69;164;2013-6-19;NovÈ Zamky;NIT;Slovakia;;;0
9936;-1;-1;Randy;Schwartz;;70;158;2012-11-22;Surrey;BC;Canada;;;0
9937;-1;-1;Anze;Hocevar;;70;177;2013-6-12;Ljubljana;OSR;Slovenia;;;0
9938;-1;-1;Branden;Wilson;;70;168;2012-10-10;Mississauga;ON;Canada;;;0
9939;-1;-1;Aleksandr;Farenyuk;;68;164;2013-4-6;Tambovka;AST;Russia;;;0
9940;-1;-1;Oleg;Fedosov;;74;171;2013-1-1;Izhevsk;UDM;Russia;;;0
9941;-1;-1;Jayson;Moore;;72;199;2013-1-6;Toronto;ON;Canada;;;0
9942;-1;-1;Aleg;Tsishkevich;;72;186;2013-3-12;Pinsk;BRE;Belarus;;;0
9943;104;-1;Rodney;Geisthardt;;72;200;2012-10-14;North Bay;ON;Canada;;;0
9944;88;-1;Ari;Egers;;72;175;2010-12-8;Brampton;ON;Canada;;;0
9945;143;18;Gavin;Garland;;73;213;2006-2-8;Clearwater;FL;Canada;;;0
28;-1;-1;Zdeno;Chara;Big Z;81;249;1977-3-18;TrencÌn;TRE;Slovakia;Czech Republic;;1
40;-1;-1;Zac;Dalpe;;74;196;1989-11-1;Paris;ON;Canada;;;1
58;-1;-1;Nathan;Gerbe;;64;176;1987-7-24;Oxford;MI;The United States;;;1
63;-1;-1;Andy;Greene;;71;190;1982-10-30;Traverse City;MI;The United States;;;1
69;-1;-1;Travis;Hamonic;;74;205;1990-8-16;Winnipeg;MB;Canada;;;1
100;-1;-1;Dmitry;Kulikov;;72;201;1990-10-29;Lipetsk;LIP;Russia;;;1
108;-1;-1;Bryan;Little;;72;192;1987-11-12;Edmonton;AB;Canada;;;1
148;-1;-1;Brad;Richardson;;72;190;1985-2-4;Belleville;ON;Canada;;;1
149;-1;-1;Zac;Rinaldo;;70;192;1990-6-15;Mississauga;ON;Canada;;;1
173;-1;-1;Alex;Stalock;;71;170;1987-7-28;South St. Paul;MN;The United States;;;1
186;-1;-1;Joe;Thornton;Jumbo Joe;76;220;1979-7-2;London;ON;Canada;The United States;Switzerland;1
189;-1;-1;Kyle;Turris;;73;190;1989-8-14;New Westminster;BC;Canada;;;1
206;-1;-1;Brett;Connolly;;75;198;1992-5-2;Campbell River;BC;Canada;;;1
216;-1;-1;Keith;Kinkaid;;75;194;1989-7-4;Farmingville;NY;The United States;;;1
220;-1;-1;Matt;Martin;;76;220;1989-5-8;Windsor;ON;Canada;;;1
228;-1;-1;Brendan;Smith;;74;201;1989-2-8;Toronto;ON;Canada;;;1
237;-1;-1;Alex;Biega;;70;194;1988-4-4;Montreal;QC;Canada;;;1
244;-1;-1;Brenden;Dillon;;76;225;1990-11-13;Surrey;BC;Canada;;;1
245;-1;-1;Gabriel;Dumont;;70;179;1990-10-6;DÈgelis;QC;Canada;;;1
250;-1;-1;Byron;Froese;;73;203;1991-3-12;Winkler;MB;Canada;;;1
252;-1;-1;Radko;Gudas;;72;207;1990-6-5;Prague;PRA;Czech Republic;;;1
254;-1;-1;Thomas;Hickey;;72;190;1989-2-8;Calgary;AB;Canada;;;1
257;-1;-1;Matt;Irwin;;74;190;1987-11-29;Victoria;BC;Canada;;;1
270;-1;-1;Richard;P·nik;;73;207;1991-2-7;Martin;ZIL;Slovakia;;;1
277;-1;-1;Justin;Dowling;;70;181;1990-10-1;Cochrane;ON;Canada;;;1
295;-1;-1;Sam;Carrick;;72;205;1992-2-4;Markham;ON;Canada;;;1
356;-1;-1;Ivan;Telegin;;76;212;1992-2-28;Novokuznetsk;KEM;Russia;;;1
358;-1;-1;Jarred;Tinordi;;78;229;1992-2-20;Severna Park;MD;The United States;Canada;;1
374;-1;-1;Brandon;Davidson;;74;209;1991-8-21;Taber;AB;Canada;;;1
379;-1;-1;Micheal;Ferland;;73;216;1992-4-20;Brandon;MB;Canada;;;1
391;-1;-1;Dylan;McIlrath;;77;231;1992-4-20;Winnipeg;MB;Canada;;;1
396;-1;-1;Calvin;Pickard;;73;209;1992-4-15;Moncton;NB;Canada;;;1
411;-1;-1;Alex;Belzile;;72;196;1991-8-31;Saint-…loi;QC;Canada;;;1
415;-1;-1;Michael;Chaput;;74;198;1992-4-9;Montreal;QC;Canada;;;1
466;-1;-1;Troy;Grosenick;;73;185;1989-8-27;Brookfield;WI;The United States;;;1
477;-1;-1;Chris;Wagner;;72;198;1991-5-27;Walpole;MA;The United States;;;1
480;-1;-1;Anthony;Bitetto;;73;209;1990-7-15;Island Park;NY;The United States;;;1
481;-1;-1;Patrick;Brown;;71;214;1992-5-29;New York;NY;The United States;;;1
490;-1;-1;Brian;Flynn;;73;185;1988-7-26;Lynnfield;MA;The United States;;;1
566;-1;-1;Kyle;Criscuolo;;69;174;1992-5-5;Southampton;NJ;The United States;;;1
628;-1;-1;Kevin;Gravel;;76;216;1992-3-6;Kingsford;MI;The United States;;;1
632;-1;-1;Brad;Hunt;;69;176;1988-8-24;Maple Ridge;BC;Canada;;;1
633;-1;-1;Nick;Jensen;;73;205;1990-9-21;Rogers;MN;The United States;;;1
638;-1;-1;Jayson;Megna;;73;194;1990-2-1;Fort Lauderdale;FL;The United States;;;1
674;-1;-1;Kodie;Curran;;74;201;1989-12-18;Calgary;AB;Canada;;;1
792;-1;-1;Michal;Kempn˝;;72;194;1990-9-8;HodonÌn;JHM;Czech Republic;;;1
806;-1;-1;Leo;Komarov;Uncle Leo;71;209;1987-1-23;Narva;IDA;Finland;Russia;Estonia;1
909;-1;-1;Emil;Galimov;;74;185;1992-5-9;Nizhnekamsk;TAT;Russia;;;1
986;-1;-1;Kevin;Czuczman;;75;194;1991-1-9;Port Elgin;ON;Canada;;;1
999;-1;-1;Buddy;Robinson;;78;231;1991-9-30;Bellmawr;NJ;The United States;;;1
1005;-1;-1;Matt;Tennyson;;74;205;1990-4-23;Minneapolis;MN;The United States;;;1
1006;-1;-1;T.J.;Tynan;;68;165;1992-2-25;Orland Park;IL;The United States;;;1
2139;-1;-1;Craig;Anderson;;74;185;1981-5-21;Park Forest;IL;The United States;;;1
2142;-1;-1;Richard;Clune;;70;207;1987-4-25;Toronto;ON;Canada;;;1
2149;-1;-1;Cody;McLeod;;74;205;1984-6-26;Binscarth;MB;Canada;;;1
2194;-1;-1;Ben;Duffy;;70;174;1992-3-3;Halifax;NS;Canada;;;1
2258;-1;-1;Jeff;Glass;;75;205;1985-11-19;Cochrane;AB;Canada;;;1
3917;-1;-1;Ryan;Ward;;73;187;1991-5-29;Cape Breton Regional Municipality;NS;Canada;;;1
3919;-1;-1;Vadimas;Stumbrys;;70;169;1987-10-30;Vilnius;VIL;Lithuania;;;1
3920;-1;-1;Salvador;¡lvarez;;72;223;1988-11-12;Hudson;NH;The United States;;;1
3921;-1;-1;Yevgeny;Vuimin;;75;217;1989-8-2;Riga;RIG;Latvia;;;1
3923;-1;-1;Kiril;Koivula;;73;211;1981-9-12;Kiikala;SOU;Finland;;;1
3929;-1;-1;John;Cady;;68;170;1984-6-3;El Paso;TX;The United States;;;1
3931;-1;-1;Miroslav;Fillo;;72;202;1990-6-20;Giraltovce;PRE;Slovakia;;;1
3932;-1;-1;John;White;;71;202;1991-11-16;Mahwah;NJ;The United States;;;1
3936;-1;-1;Martin;Prichystal;;70;187;1985-7-30;Prague;PRA;Czech Republic;;;1
3937;-1;-1;Greg;Averill;;74;207;1985-9-28;Elmira;NY;The United States;;;1
3938;-1;-1;Jacob;Brazelton;;74;228;1989-10-24;Los Angeles;CA;The United States;;;1
3940;-1;-1;Michael;Mylchreest;;71;218;1991-1-3;Detroit;MI;The United States;;;1
3941;-1;-1;Henning;Veit;;70;202;1988-9-19;Nossen;SAX;Germany;;;1
3942;-1;-1;Jon;Logan;;73;178;1984-10-1;Eielson AFB;AK;The United States;;;1
3943;-1;-1;Petr;Toman;;75;202;1988-2-16;Orlova;MOR;Czech Republic;;;1
3945;-1;-1;David;Vik;;71;171;1992-6-9;Star˝ Plzenec;PLZ;Czech Republic;;;1
3946;-1;-1;Henry;O'Brian;;74;222;1990-6-21;Bowie;MD;The United States;;;1
3948;-1;-1;Mark;Zachary;;74;200;1986-3-10;Chicago;IL;The United States;;;1
3950;-1;-1;Miroslav;Pis;;73;203;1989-1-25;Brezno;BAN;Slovakia;;;1
3952;-1;-1;Jozef;Polyak;;74;189;1992-3-12;Bratislava;BRA;Slovakia;;;1
3953;-1;-1;Jonathan;Swinton;;71;190;1986-11-12;Sandersville;GA;The United States;;;1
3955;-1;-1;Corey;Hartley;;73;220;1992-2-14;Cartwright;MB;Canada;;;1
3957;-1;-1;Zilvinas;Karcemarskas;;74;209;1988-4-4;Klaipeda;KLA;Lithuania;;;1
3960;-1;-1;J.J.;Arnold;;67;188;1991-2-28;Chicago;IL;The United States;;;1
3961;-1;-1;Reggie;Della Rovere;;74;227;1988-9-22;Lambton Shores;ON;Canada;;;1
3963;-1;-1;Jacob;Adkinson;;75;192;1988-10-17;Cordova;TN;The United States;;;1
3965;-1;-1;Sebastian;Jˆnsson;;72;197;1988-6-6;Stockholm;STO;Sweden;;;1
3966;-1;-1;Ethan;Middleton;;72;175;1992-4-10;Gorham;ME;The United States;;;1
3967;-1;-1;Walt;McCusker;;73;189;1992-2-20;Garfield;NJ;The United States;;;1
3971;-1;-1;Viktor;Elf;;74;203;1992-6-1;Sundsvall;V‰S;Sweden;The United States;;1
3972;-1;-1;Antero;Laakso;;73;218;1989-8-24;Kuopio;NSA;Finland;China;;1
3974;-1;-1;Juho;Parkko;;75;203;1987-2-23;Porvoo;EAS;Finland;;;1
3977;-1;-1;Erno;Zavadszky;;73;207;1991-7-10;Bardejov;PRE;Slovakia;;;1
3980;-1;-1;Cordell;Styles;;78;210;1989-5-30;Toledo;OH;The United States;;;1
3982;-1;-1;Brian;Wallace;;74;202;1988-8-23;Gardner;KS;The United States;;;1
3983;-1;-1;Yawhen;Pawlyuchak;;72;188;1988-1-22;Gomel;GOM;Belarus;;;1
3984;-1;-1;Melvin;Holmes;;73;209;1988-4-7;Baltimore;MD;The United States;;;1
3991;-1;-1;Jimi;Ilom‰ki;;72;182;1986-11-5;Kirkkonummi;UUS;Finland;;;1
3993;-1;-1;Mike;Rose;;75;190;1990-6-2;Yonkers;NY;The United States;;;1
3994;-1;-1;Aki;Hatanp‰‰;;73;222;1984-2-27;Kajaani;KAI;Finland;;;1
3995;-1;-1;Ron;Mosier;;74;186;1988-10-4;Cordova;TN;The United States;;;1
3996;-1;-1;Jason;Holka;;68;173;1992-4-10;Norristown;PA;The United States;;;1
3997;-1;-1;Filip;Lubas;;73;216;1990-10-27;Strakonice;JIH;Czech Republic;;;1
4002;-1;-1;Justin;Pettit;;75;188;1983-5-18;Bethesda;MD;The United States;;;1
4003;-1;-1;Miguel;Garza;;73;203;1991-4-29;Santa Ana;CA;The United States;;;1
4005;-1;-1;Alejandro;Galvan;;71;183;1987-7-17;Bellevue;MI;The United States;;;1
4010;-1;-1;Finn;Skriver;;74;200;1990-6-17;GrÂsten;S¯N;Denmark;;;1
4013;-1;-1;Clinton;Petty;;74;182;1985-3-15;Baltimore;MD;The United States;;;1
4015;-1;-1;Jerry;Tyson;;71;204;1987-10-26;Potomac;MD;The United States;;;1
4016;-1;-1;Matt;Michaels;;76;196;1988-5-14;Burbank;CA;The United States;;;1
4018;-1;-1;Liam;Hankins;;77;190;1988-9-23;Sioux City;IA;The United States;;;1
4019;-1;-1;Jeff;Gow;;73;220;1990-4-15;Toronto;ON;Canada;;;1
4020;-1;-1;Robert;Orosey;;74;187;1987-12-27;Great Falls;MT;The United States;;;1
4025;-1;-1;Jerome;Radley;;72;180;1990-5-22;Anaheim;CA;The United States;;;1
4027;-1;-1;Ranieri;Bartolomei;;72;207;1991-2-13;Lowell;MA;The United States;;;1
4028;-1;-1;Jeff;Kauffeldt;;75;187;1991-4-17;Whitby;ON;Canada;;;1
4029;-1;-1;Paul;Andreatta;;72;207;1985-9-8;St. Catharines;ON;Canada;;;1
4032;-1;-1;Gilbert;Hotham;;72;195;1991-5-20;West Pittston;PA;The United States;;;1
4034;-1;-1;Yevgeny;Nebylitsin;;74;209;1987-10-15;Chelyabinsk;CHE;Russia;;;1
4036;-1;-1;Gregg;Shafer;;73;205;1988-4-12;South Daytona;FL;The United States;;;1
4037;-1;-1;Russ;MacGrewar;;75;193;1990-3-18;Tucson;AZ;The United States;;;1
4038;-1;-1;Robert;Coppage;;75;230;1991-9-25;Fullerton;CA;The United States;;;1
4039;-1;-1;Derek;Olson;;72;196;1987-3-25;Durango;CO;The United States;;;1
4043;-1;-1;Uladzimir;Dzyameshka;;73;189;1992-6-17;Minsk;MIN;Belarus;;;1
4048;-1;-1;Syarhey;Sulima;;72;207;1987-11-15;Bobruisk;MOG;Belarus;;;1
4049;-1;-1;Wally;Peterson;;69;170;1989-5-8;Claverack;NY;The United States;;;1
4051;-1;-1;Stanislav;Yermolenko;;75;204;1985-6-27;Vyazma;SMO;Russia;;;1
4055;-1;-1;Eric;Peterson;;73;180;1982-1-6;Fayetteville;AR;The United States;;;1
4057;-1;-1;Roger;Silas;;75;185;1991-7-18;Greenville;CA;The United States;;;1
4058;-1;-1;Mike;Radtke;;75;198;1991-12-18;New York;NY;The United States;;;1
4059;-1;-1;Robert;O'Conlan;;68;181;1982-11-6;Stamford;CT;The United States;;;1
4061;-1;-1;Waylon;Phillips;;70;203;1988-1-30;Mt. Arlington;NJ;The United States;;;1
4062;-1;-1;Mathis;Therrien;;72;198;1988-10-19;Montreal;QC;Canada;Russia;;1
4069;-1;-1;Martin;Pecenka;;75;228;1989-1-7;Karlovy Vary;KAR;Czech Republic;;;1
4070;-1;-1;Henry;Palm;;72;204;1990-2-16;Pello;LAP;Finland;;;1
4071;-1;-1;Yanick;Gallant;;73;188;1989-11-12;Sainte-Anne-des-Monts;QC;Canada;;;1
4072;-1;-1;Filip;Johansson;;71;214;1991-7-27;Gˆteborg;V‰S;Sweden;;;1
4073;-1;-1;Ron;Rummel;;70;189;1988-12-13;Biloxi;MS;The United States;;;1
4078;-1;-1;Larry;Long;;75;213;1991-9-23;El Paso;TX;The United States;;;1
4080;-1;-1;Chris;McKnight;;76;217;1988-11-15;Lincoln Heights;OH;The United States;;;1
4082;-1;-1;Henry;Hulbert;;73;190;1987-10-22;Wallingford;CT;The United States;;;1
4088;-1;-1;John;McCandless;;75;216;1992-1-7;Summit;WA;The United States;;;1
4089;-1;-1;Giedrius;Maciulis;;75;192;1989-5-4;Vilnius;VIL;Lithuania;;;1
4092;-1;-1;Joe;Riley;;73;225;1991-7-25;Ranger;TX;The United States;;;1
4096;-1;-1;Pete;Brockman;;74;216;1989-12-29;Lawton;OK;The United States;;;1
4097;-1;-1;Allen;Furne;;72;207;1992-5-3;Plano;TX;The United States;;;1
4099;-1;-1;Kevin;Winkelaar;;70;185;1992-1-4;Mirabel;QC;Canada;;;1
4102;-1;-1;Greg;Deschamps;;69;171;1985-2-8;Beavercreek;OH;The United States;;;1
4104;-1;-1;Mike;DeCock;;73;215;1990-10-26;Saluda;SC;The United States;;;1
4106;-1;-1;Will;Tamblyn;;73;215;1988-3-30;Barrington;NH;The United States;;;1
4108;-1;-1;JosÈ;Ledesma;;67;193;1986-11-21;Citrus Heights;CA;The United States;;;1
4109;-1;-1;Lee;Wagner;;70;215;1989-12-14;Odessa;TX;The United States;;;1
4110;-1;-1;David;Nelson;;73;222;1989-12-18;Providence;RI;The United States;;;1
4111;-1;-1;Jesse;Ryan;;76;218;1983-11-20;Alabaster;AL;The United States;;;1
4112;-1;-1;David;Nemec;;71;174;1990-12-16;Policka;PAR;Czech Republic;;;1
4115;-1;-1;Jonah;Pillow;;75;218;1991-2-9;Great Neck Plaza;NY;The United States;;;1
4116;-1;-1;Rob;Lee;;68;194;1985-12-2;Houston;TX;The United States;;;1
4117;-1;-1;Michal;Houska;;68;163;1987-6-17;Benesov nad PloucnicÌ;UST;Czech Republic;;;1
4119;-1;-1;Myles;Coveney;;76;211;1992-3-26;Kamloops;BC;Canada;;;1
4120;-1;-1;Kevin;Segrave;;77;237;1988-9-25;Houston;TX;The United States;;;1
4123;-1;-1;Daniel;Johansson;;67;183;1991-11-27;Trelleborg;SKÂ;Sweden;;;1
4127;-1;-1;Brian;Yates;;73;206;1991-6-24;Evans;GA;The United States;;;1
4128;-1;-1;Duma;Dobos;;77;209;1991-7-21;Baia Mare;MAR;Romania;;;1
4129;-1;-1;Mike;Wilkerson;;76;184;1990-4-9;San Diego;CA;The United States;;;1
4131;-1;-1;Nolan;Oleksiak;;76;209;1991-10-29;Halifax;NS;Canada;;;1
4132;-1;-1;Linus;MÂnsson;;71;175;1991-3-17;Karlskrona;BLE;Sweden;;;1
4133;-1;-1;Semyon;Gabel;;71;208;1989-6-19;Dniprodzerzhynsk;DNI;Ukraine;;;1
4135;-1;-1;Juraj;Gajsek;;69;208;1989-7-23;Kotlje;JUG;Slovenia;;;1
4138;-1;-1;Steve;Teare;;68;206;1989-7-16;Baltimore;MD;The United States;;;1
4139;-1;-1;Bogdan;Konstantinov;;75;193;1990-8-6;Shira;KHA;Russia;;;1
4142;-1;-1;Jeff;Youso;;74;209;1992-2-11;Elon College;NC;The United States;;;1
4144;-1;-1;Miroslav;Valentko;;72;195;1989-9-28;Kutna Hora;STR;Czech Republic;;;1
4145;-1;-1;Dominik;Severa;;69;208;1992-1-28;Nejdek;KAR;Czech Republic;;;1
4146;-1;-1;Dalton;Saunders;;75;204;1989-11-29;Chicago;IL;The United States;;;1
4148;-1;-1;Kevin;Gidora;;72;173;1989-10-25;Saskatoon;SK;Canada;;;1
4152;-1;-1;Brian;Garland;;73;213;1988-2-18;Channahon;IL;The United States;;;1
4154;-1;-1;Juhana;M‰ki;;74;189;1986-12-18;Viitasaari;FIN;Finland;;;1
4156;-1;-1;Onni;Heino;;72;219;1988-7-14;Helsinki;UUS;Finland;;;1
4157;-1;-1;Jay;Kenney;;73;216;1986-8-1;Pequannock;NJ;The United States;;;1
4159;-1;-1;William;Connor;;72;173;1991-11-17;Las Vegas;NV;The United States;;;1
4160;-1;-1;Carl;Lavoie;;73;204;1991-9-24;LÈvis;QC;Canada;;;1
4161;-1;-1;Ray;van Tassel;;71;203;1990-10-20;McAlester;OK;The United States;;;1
4163;-1;-1;Paul;McAllister;;76;193;1992-6-21;Tallulah;LA;The United States;;;1
4166;-1;-1;David;Horvat;;73;183;1991-11-29;Olomouc;OLO;Czech Republic;;;1
4167;-1;-1;Ken;Redmond;;73;219;1982-8-2;Fresno;CA;The United States;;;1
4171;-1;-1;Alexandre;Paquin;;75;191;1987-3-2;Trois-RiviËres;QC;Canada;;;1
4173;-1;-1;Preston;Sturges;;71;191;1992-3-13;Council Bluffs;IA;The United States;;;1
4175;-1;-1;JosÈ;Alarcon;;73;206;1991-2-16;Las Vegas;NV;The United States;;;1
4176;-1;-1;Ramazan;Baidildayev;;72;212;1990-12-27;Kapsagay;ALM;Kazakhstan;;;1
4180;-1;-1;Juan;MarÈs;;73;201;1981-6-9;Kulpsville;PA;The United States;;;1
4183;-1;-1;Gabriel;Dessureault;;70;210;1987-8-29;Laval;QC;Canada;;;1
4184;-1;-1;Tom;Lynch;;71;184;1990-8-23;Ashburn;GA;The United States;;;1
4185;-1;-1;Michael;Mellen;;74;228;1991-3-29;Brooklyn;NY;The United States;;;1
4186;-1;-1;Leo;Rucker;;72;206;1985-3-30;Wichita Falls;TX;The United States;;;1
4187;-1;-1;Kamil;Pinc;;71;176;1986-3-25;Trojanovice;MOR;Czech Republic;;;1
4188;-1;-1;RubÈn;Rios;;75;194;1987-4-26;Monroe Township (Middlesex County);NJ;The United States;;;1
4196;-1;-1;Brett;Fielder;;73;186;1986-7-9;Kelowna;BC;Canada;;;1
4198;-1;-1;Freddy;Holzer;;73;184;1988-10-19;Peoria;IL;The United States;;;1
4200;-1;-1;Jacob;Ehnisz;;70;190;1985-9-23;Grande Prairie;AB;Canada;;;1
4204;-1;-1;Curt;Hart;;73;206;1992-5-26;Culver City;CA;The United States;;;1
4205;-1;-1;Cornelius;Zacharias;;73;179;1990-5-5;L¸beck;SCH;Germany;;;1
4208;-1;-1;Jim;Latimer;;74;198;1990-7-11;Escondido;CA;The United States;;;1
4210;-1;-1;Tony;Woodard;;72;198;1989-4-12;Andover;MN;The United States;Czech Republic;;1
4211;-1;-1;Keith;Gadd;;70;184;1985-5-20;Denver;CO;The United States;;;1
4213;-1;-1;Dennis;Maxfield;;77;190;1988-4-3;New Westminster;BC;Canada;;;1
4214;-1;-1;Vadim;Tutsky;;72;193;1991-5-19;Kryvyi Rih;DNI;Ukraine;;;1
4221;-1;-1;Jay;Cox;;71;206;1990-8-6;Chicago;IL;The United States;;;1
4223;-1;-1;Vitezslav;Vrastil;;75;190;1987-5-11;HavÌrov;MOR;Czech Republic;;;1
4224;-1;-1;Cedric;Jensen;;75;202;1983-5-6;Lochearn;MD;The United States;;;1
4225;-1;-1;Billy;Ryan;;71;211;1989-1-1;Seattle Hill-Silver Firs;WA;The United States;;;1
4226;-1;-1;Jonas;Aeberli;;72;215;1982-9-27;Zurich;ZH;Switzerland;;;1
4227;-1;-1;Carl;Johansen;;74;225;1990-10-7;Esbjerg;RIB;Denmark;;;1
4230;-1;-1;Greg;Wozniewski;;73;176;1986-4-11;Honolulu;HI;The United States;;;1
4231;-1;-1;Todd;Bannock;;70;174;1992-1-22;Surrey;BC;Canada;;;1
4235;-1;-1;Ruedi;Kossmann;;73;201;1990-8-28;D¸bendorf;ZH;Switzerland;;;1
4236;-1;-1;Will;Sides;;74;215;1990-12-9;Townsend;MA;The United States;;;1
4238;-1;-1;Randy;Sanner;;72;213;1991-8-31;Romulus;MI;The United States;;;1
4239;-1;-1;Michael;Slivka;;73;182;1989-4-10;DecÌn;UST;Czech Republic;;;1
4241;-1;-1;Aleksandr;Apalkin;;74;190;1989-9-18;Astrakhan;AST;Russia;;;1
4242;-1;-1;Radomil;Lazar;;73;207;1988-3-29;Presov;PRE;Slovakia;;;1
4243;-1;-1;Kostyantyn;Kiva;;75;207;1992-1-4;Donetsk;DON;Ukraine;;;1
4244;-1;-1;Brayden;Olsen;;71;203;1992-3-28;Kitchener;ON;Canada;;;1
4247;-1;-1;J·n;Pasek;;72;179;1991-3-7;Vranov;KOS;Slovakia;;;1
4249;-1;-1;Robert;van Tassel;;73;200;1986-2-9;Los Angeles;CA;The United States;;;1
4254;-1;-1;Dan;Gearhart;;70;198;1988-1-9;Brooklyn;NY;The United States;;;1
4255;-1;-1;Tom·s;Becvar;;73;177;1991-3-21;VysokÈ M˝to;PAR;Czech Republic;;;1
4256;-1;-1;Phil;Nutt;;72;209;1989-7-31;Hialeah;FL;The United States;;;1
4257;-1;-1;Phil;Linlithgow;;73;182;1982-12-21;Bellows Falls;VT;The United States;;;1
4260;-1;-1;Ile;Rautiainen;;72;194;1990-1-10;Danderyd;STO;Sweden;;;1
4265;-1;-1;Markus;Josefsson;;74;210;1991-6-7;Mˆlnlycke;V‰S;Sweden;;;1
4269;-1;-1;Sergey;Savchenko;;72;173;1991-8-1;Maryanovka;OMS;Russia;;;1
4271;-1;-1;Aleksandr;Morozov;;75;229;1982-3-8;Krasnoyarsk;KRA;Russia;;;1
4273;-1;-1;Bernd;Altmann;;71;176;1987-4-2;Vienna;WIE;Austria;;;1
4274;-1;-1;Jozef;Lukac;;72;178;1985-8-7;Leopoldov;TRN;Slovakia;;;1
4275;-1;-1;Anthoni;Gamache;;75;230;1991-10-15;Oromocto;NB;Canada;;;1
4276;-1;-1;Heinz;Otten;;74;207;1990-11-12;Ludwigsfelde;BRA;Germany;;;1
4277;-1;-1;Ilya;Koznov;;76;233;1991-6-15;Goreloye;TAM;Russia;;;1
4279;-1;-1;Bob;Dutton;;72;197;1990-10-7;Richmond Hill;ON;Canada;Ukraine;;1
4283;-1;-1;Nathan;Nadeau;;71;182;1992-1-20;Longueuil;QC;Canada;;;1
4284;-1;-1;Robert;McAra;;73;199;1991-7-14;Spring Valley;NV;The United States;;;1
4287;-1;-1;David;Perkins;;70;179;1987-7-27;Enterprise;NV;The United States;;;1
4289;-1;-1;Ron;Hicks;;76;210;1987-10-11;Mill Creek;WA;The United States;;;1
4292;-1;-1;Pat;Covington;;73;178;1990-10-1;Memphis;TN;The United States;;;1
4295;-1;-1;Chris;Nguyen;;70;211;1992-1-5;Goodyear;AZ;The United States;;;1
4305;-1;-1;Leonard;Duggan;;71;204;1989-2-15;Toronto;ON;Canada;;;1
4309;-1;-1;Dan;Askey;;73;194;1991-3-19;Pennsauken;NJ;The United States;;;1
4311;-1;-1;Dallas;MacKinley;;68;178;1989-7-25;Euclid;OH;The United States;;;1
4312;-1;-1;Jeff;Madgouran;;73;183;1988-5-14;Anaheim;CA;The United States;;;1
4315;-1;-1;Matt;Faragher;;70;176;1990-4-1;Richmond;BC;Canada;;;1
4316;-1;-1;Miroslav;Zeman;;76;185;1992-6-19;Poltar;BAN;Slovakia;;;1
4317;-1;-1;Al;Winter;;70;169;1988-5-14;New York;NY;The United States;;;1
4320;-1;-1;FÈlix;Ouellet;;75;222;1991-1-17;Buckingham;QC;Canada;;;1
4321;-1;-1;Peter;Hancinsky;;73;188;1989-5-20;Gabcikovo;TRN;Slovakia;;;1
4325;-1;-1;Jiri;Krepel;;72;190;1987-3-11;Plzen;PLZ;Czech Republic;;;1
4330;-1;-1;Jason;Fasching;;76;226;1989-3-30;Mount Airy;MD;The United States;;;1
4331;-1;-1;Jozef;Sekerka;;72;186;1989-8-2;Oscadnica;ZIL;Slovakia;;;1
4332;-1;-1;Jerome;Stone;;73;175;1986-7-24;Downey;CA;The United States;;;1
4333;-1;-1;Ryan;Calla;;71;188;1985-10-26;Bolton;ON;Canada;;;1
4336;-1;-1;Aleksey;Zhuravlyov;;73;220;1984-4-17;Riga;RIG;Latvia;;;1
4337;-1;-1;Josua;Riedl;;75;224;1991-1-1;Freiburg;BAD;Germany;;;1
4338;-1;-1;Lewis;Chilton;;73;207;1990-5-30;Pembroke Pines;FL;The United States;;;1
4339;-1;-1;Tyrone;Willard;;71;205;1990-11-2;Fort Worth;TX;The United States;;;1
4340;-1;-1;Dylan;Mix;;72;207;1981-8-9;Ottawa;ON;Canada;;;1
4342;-1;-1;Lucas;Janosz;;72;199;1986-10-6;Chicago;IL;The United States;;;1
4343;-1;-1;Peter;Nelson;;67;176;1987-11-26;Riverside;CA;The United States;;;1
4344;-1;-1;Gary;Sand;;73;219;1989-4-20;Daly City;CA;The United States;;;1
4347;-1;-1;Anthony;Widner;;73;218;1991-4-18;Sacramento;CA;The United States;;;1
4349;-1;-1;Dawson;Baker;;73;197;1991-10-14;San Antonio;TX;The United States;;;1
4351;-1;-1;Robert;Jenkins;;72;191;1992-5-3;Birmingham;AL;The United States;;;1
4352;-1;-1;Matias;Kokko;;72;220;1989-4-21;Porvoo;EAS;Finland;;;1
4356;-1;-1;Petr;Uhrin;;72;178;1990-3-18;Zd·r nad S·zavou;VYS;Czech Republic;;;1
4358;-1;-1;Rodrigo;Rozenfelds;;71;194;1988-8-3;Jelgava;JEL;Latvia;;;1
4359;-1;-1;Matti;ƒij‰l‰;;70;177;1983-4-13;Lohja;UUS;Finland;;;1
4360;-1;-1;Ryan;Howatt;;71;189;1983-8-26;Grande Prairie;AB;Canada;;;1
4362;-1;-1;Oscar;Brock;;71;174;1987-12-8;North Hempstead;NY;The United States;;;1
4363;-1;-1;Jakub;Fiala;;73;216;1990-1-21;Lazne Bohdanec;PAR;Czech Republic;;;1
4370;-1;-1;Al;Holley;;70;215;1985-7-15;Clarkstown;NY;The United States;;;1
4371;-1;-1;Marc-Antoine;Pilon;;70;182;1982-1-7;Toronto;ON;Canada;;;1
4372;-1;-1;Arnold;Manor;;71;207;1989-2-6;Puyallup;WA;The United States;;;1
4373;-1;-1;Alyaksandr;Brushka;;74;195;1985-3-21;Minsk;MIN;Belarus;;;1
4377;-1;-1;Marko;Goldschmidt;;75;218;1992-3-25;Templin;BRA;Germany;;;1
4380;-1;-1;David;Terry;;70;190;1991-5-20;Kittery;ME;The United States;;;1
4383;-1;-1;Keith;Paul;;72;183;1991-5-10;Enid;OK;The United States;;;1
4385;-1;-1;Fattakh;Muftakhov;;76;198;1988-9-13;Azov;ROS;Russia;;;1
4386;-1;-1;Lynn;Barnes;;73;176;1987-2-2;South Vacherie;LA;The United States;;;1
4389;-1;-1;Mitch;Chappell;;70;213;1991-10-4;Birmingham;AL;The United States;;;1
4393;-1;-1;LoÔk;Renaud;;73;186;1989-3-29;LÈvis;QC;Canada;;;1
4394;-1;-1;Robby;Harradine;;69;197;1990-5-13;Geneva;IL;The United States;;;1
4396;-1;-1;Joe;Fisher;;72;213;1983-4-11;Charlotte;NC;The United States;;;1
4398;-1;-1;Stephen;Greenhill;;74;223;1990-6-26;Rockledge;FL;The United States;;;1
4399;-1;-1;J·n;Nagy;;75;230;1990-9-15;Topolcany;TRE;Slovakia;;;1
4402;-1;-1;Stuart;Brathwaite;;72;214;1983-3-29;Vegreville;AB;Canada;;;1
4405;-1;-1;Matthew;Lyles;;73;187;1988-12-3;Weymouth;MA;The United States;;;1
4407;-1;-1;Max;MacFadden;;74;178;1989-9-24;Pendleton;NY;The United States;;;1
4408;-1;-1;Les;Farrelly;;75;194;1987-2-3;San Diego;CA;The United States;;;1
4409;-1;-1;KristÛf;Simon;;76;188;1987-9-25;Dunajska Streda;TRN;Slovakia;;;1
4413;-1;-1;Jim;Blood;;70;187;1986-7-6;San Jose;CA;The United States;;;1
4415;-1;-1;Jason;Olson;;75;213;1985-7-1;Bishopville;SC;The United States;;;1
4422;-1;-1;Clarence;Mortensen;;73;207;1989-2-23;Whittier;CA;The United States;;;1
4424;-1;-1;Darrell;Brinton;;71;181;1992-1-15;Columbia;MD;The United States;;;1
4427;-1;-1;Bob;Fontenot;;77;214;1989-8-9;Lehi;UT;The United States;;;1
4430;-1;-1;Ludvig;Andersson;;75;200;1988-12-31;Nybro;KAL;Sweden;;;1
4434;-1;-1;Isak;Viklund;;72;200;1988-11-11;Ystad;SKÂ;Sweden;;;1
4439;-1;-1;Randy;Watson;;70;210;1988-6-30;Ocean Bluff-Brant Rock;MA;The United States;;;1
4440;-1;-1;Lawrence;Robinson;;75;229;1986-6-30;Palm Harbor;FL;The United States;;;1
4441;-1;-1;Polikarp;Marchenko;;70;181;1984-4-7;Bugulma;TAT;Russia;;;1
4444;-1;-1;Jimmy;Hardin;;71;216;1983-4-8;Indianapolis;IN;The United States;;;1
4445;-1;-1;Rasmus;Persson;;72;195;1988-12-15;BorÂs;V‰S;Sweden;;;1
4447;-1;-1;Paul;Williamson;;76;199;1986-3-18;Markham;ON;Canada;;;1
4449;-1;-1;Hampus;Kronqvist;;70;191;1984-2-8;Skˆvde;V‰S;Sweden;;;1
4450;-1;-1;Travis;Dixon;;69;211;1991-5-11;Baltimore;MD;The United States;;;1
4453;-1;-1;Milan;Vrduka;;73;201;1988-11-30;Rijeka;PRI;Croatia;;;1
4455;-1;-1;William;Jones;;65;197;1986-5-2;Los Angeles;CA;The United States;;;1
4456;-1;-1;Frantisek;Strycek;;71;175;1988-1-3;TrebÌc;VYS;Czech Republic;;;1
4457;-1;-1;Mario;Marra;;71;185;1990-4-8;Arlesheim;BL;Switzerland;;;1
4459;-1;-1;Jason;Stevenson;;72;191;1985-11-7;Prior Lake;MN;The United States;;;1
4460;-1;-1;Ladislav;Jaros;;70;171;1986-9-30;Levoca;NIT;Slovakia;;;1
4461;-1;-1;Fabian;R‰ber;;74;200;1988-12-14;Davos;GR;Switzerland;;;1
4463;-1;-1;Jimmy;O'Drom;;70;185;1989-6-20;Covina;CA;The United States;;;1
4464;-1;-1;Leonard;Henson;;68;200;1981-5-22;Houston;TX;The United States;;;1
4466;-1;-1;Petter;Bergstrˆm;;74;220;1991-7-1;Gˆteborg;V‰S;Sweden;;;1
4467;-1;-1;Ed;Kinnear;;67;204;1989-5-8;Lombard;IL;The United States;;;1
4468;-1;-1;Scott;Sill;;72;210;1990-3-19;Colorado Springs;CO;The United States;;;1
4470;-1;-1;Dmitry;Agapov;;71;206;1989-3-21;Alkhan-Churt;CHE;Russia;;;1
4471;-1;-1;Eric;Kellway;;76;205;1990-8-3;Burlington;ON;Canada;;;1
4472;-1;-1;Johan;Sˆderholm;;68;204;1987-4-2;V‰rmdˆ;STO;Sweden;;;1
4476;-1;-1;Roosevelt;Walls;;75;211;1988-9-5;Pine Lake Park;NJ;The United States;;;1
4478;-1;-1;Lukas;Lecian;;73;197;1988-3-1;Chotebor;VYS;Czech Republic;;;1
4483;-1;-1;Jacob;Hensley;;74;186;1992-2-19;Meadows Place;TX;The United States;;;1
4485;-1;-1;Bill;Halvorsen;;71;214;1991-12-31;Tucker;GA;The United States;;;1
4488;-1;-1;Jeff;Barton;;70;175;1992-5-10;Fairfield;CT;The United States;;;1
4489;-1;-1;Robin;Palm;;72;206;1988-5-27;G‰vle;G‰V;Sweden;;;1
4490;-1;-1;Bob;Douglas;;69;183;1991-8-18;Laredo;TX;The United States;;;1
4494;-1;-1;Eric;Gylling;;69;209;1984-12-12;Paducah;KY;The United States;;;1
4495;-1;-1;Eric;MacGuaran;;72;190;1989-4-9;Alice;TX;The United States;;;1
4496;-1;-1;Charlie;McGee;;72;187;1992-3-27;Red Oak;IA;The United States;;;1
4497;-1;-1;Edward;George;;76;225;1987-4-14;Phoenix;AZ;The United States;;;1
4502;-1;-1;Pat;Hayes;;74;224;1990-7-19;Liberty Lake;WA;The United States;;;1
4503;-1;-1;Yevgeny;Pedan;;68;204;1991-3-27;Yelets;LIP;Russia;;;1
4506;-1;-1;Scott;McCoach;;69;202;1990-3-8;Clarington;ON;Canada;;;1
4508;-1;-1;Hans;Ritter;;67;162;1991-6-23;Heidelberg;BAD;Germany;;;1
4509;-1;-1;Maksim;Zubritsky;;69;195;1987-8-6;Almaty;ALM;Kazakhstan;;;1
4514;-1;-1;Aleksandr;Berketov;;72;184;1990-6-6;Tarusa;KAL;Russia;;;1
4519;-1;-1;Chris;Gould;;76;220;1988-10-20;Springfield;IL;The United States;;;1
4524;-1;-1;Leon;Wilt;;71;210;1988-1-12;Durham;NH;The United States;;;1
4525;-1;-1;FÈlix;Martel;;70;186;1989-1-16;Laval;QC;Canada;;;1
4527;-1;-1;Joe;Estoclet;;69;178;1988-6-24;Jacksonville;FL;The United States;;;1
4528;-1;-1;Pavel;Vakichev;;73;225;1987-1-31;Snezhnogorsk;MUR;Russia;;;1
4530;-1;-1;Phil;Mair;;73;218;1990-11-18;New Beaver;PA;The United States;;;1
4531;-1;-1;Alonso;Collazo;;72;215;1991-5-11;Garnet Valley;PA;The United States;;;1
4532;-1;-1;Uladzimir;Vusaw;;71;198;1984-9-5;Baranovichi;BRE;Belarus;;;1
4533;-1;-1;Gabriel;Ahola;;69;177;1988-3-24;Nurmij‰rvi;UUS;Finland;Mozambique;;1
4535;-1;-1;Markus;Piiroinen;;69;184;1989-6-30;Vammala;PIR;Finland;;;1
4536;-1;-1;Mike;Barrett;;73;180;1985-7-6;Stillwater;OK;The United States;;;1
4542;-1;-1;Harold;MacDonald;;68;205;1991-7-2;Chicago;IL;The United States;;;1
4545;-1;-1;Tim;Romeo;;70;193;1991-6-28;Long Beach;CA;The United States;;;1
4547;-1;-1;Albert;Roberts;;71;192;1990-10-19;Bridgeport;CT;The United States;;;1
4548;-1;-1;Ed;Brennan;;73;193;1992-3-13;Energy;IL;The United States;;;1
4551;-1;-1;Adrian;Cooke;;73;203;1991-9-20;Aurora;CO;The United States;;;1
4554;-1;-1;Denis;Patton;;68;196;1992-1-31;Panthersville;GA;The United States;;;1
4555;-1;-1;Tom;Lowe;;72;217;1991-10-4;Oak Forest;IL;The United States;;;1
4556;-1;-1;Zack;Blair;;74;226;1986-6-2;Sugar Hill;GA;The United States;;;1
4557;-1;-1;Robert;Sykora;;67;206;1992-6-9;Mohelnice;OLO;Czech Republic;;;1
4558;-1;-1;Yevgeny;Michalevich;;69;199;1987-4-9;Riga;RIG;Latvia;;;1
4559;-1;-1;Luis;Martinez;;67;180;1988-10-16;Carlsbad;CA;The United States;;;1
4560;-1;-1;Daniel;Laing;;74;210;1982-11-30;Battle Creek;MI;The United States;;;1
4561;-1;-1;Stephen;Phillips;;72;218;1990-5-16;El Monte;CA;The United States;;;1
4562;-1;-1;Matt;Grantham;;74;228;1983-2-19;Halifax;NS;Canada;;;1
4564;-1;-1;Bill;Turner;;69;176;1991-11-18;Phoenixville;PA;The United States;;;1
4567;-1;-1;Martin;Hubacek;;70;198;1987-1-8;Brno;JHM;Czech Republic;;;1
4571;-1;-1;Josh;Blackburn;;71;214;1991-5-18;Davenport;IA;The United States;;;1
4575;-1;-1;Corbin;Benton;;70;174;1990-7-13;Stamford;CT;The United States;;;1
4577;-1;-1;Michal;Rydlo;;71;207;1992-1-2;Ostrava;MOR;Czech Republic;;;1
4582;-1;-1;Gene;Towns;;75;219;1986-6-26;East Windsor;NJ;The United States;Slovakia;;1
4584;-1;-1;Jacob;Dahlstrˆm;;69;191;1992-3-27;Karlstad;V‰R;Sweden;;;1
4585;-1;-1;Morgan;Sjˆstrˆm;;71;210;1986-12-21;Gˆteborg;V‰S;Sweden;;;1
4586;-1;-1;Todd;Murray;;73;206;1990-1-30;Spokane;WA;The United States;;;1
4587;-1;-1;John;Thomas;;71;182;1992-3-21;Hoosick Falls;NY;The United States;;;1
4588;-1;-1;Lucas;Shenstone;;70;179;1990-5-8;Jamison;PA;The United States;;;1
4594;-1;-1;Mac;Ferguson;;74;219;1992-5-24;Kitchener;ON;Canada;;;1
4596;-1;-1;Emil;Berg;;75;229;1990-9-17;Uppsala;UPP;Sweden;;;1
4597;-1;-1;Pat;Paine;;69;181;1988-12-26;Huntington;WV;The United States;;;1
4599;-1;-1;Will;Pelkey;;75;220;1982-11-8;Pomona;CA;The United States;;;1
4600;-1;-1;Sven;M‰ntyl‰;;71;219;1989-5-4;Kemij‰rvi;LAP;Finland;;;1
4601;-1;-1;Denis;Gabovich;;73;217;1990-5-21;Rudny;KOS;Kazakhstan;;;1
4602;-1;-1;Zack;Corke;;72;222;1989-6-2;Tacoma;WA;The United States;;;1
4603;-1;-1;Yohann;Mathieu;;70;213;1988-7-30;Longueuil;QC;Canada;;;1
4604;-1;-1;John;Tetreault;;75;229;1986-10-13;Spring Valley;NV;The United States;;;1
4605;-1;-1;Egidijus;Cerniauskas;;70;205;1985-4-14;Klaipeda;KLA;Lithuania;;;1
4607;-1;-1;Florian;K‰lin;;70;179;1983-3-23;Mosnang;SG;Switzerland;;;1
4617;-1;-1;Vincent;Gagnon;;73;218;1991-1-2;Saint-Pascal;QC;Canada;;;1
4619;-1;-1;Kurt;Mullins;;69;192;1986-3-13;Rock Island;FL;The United States;;;1
4620;-1;-1;Keith;O'Hosey;;71;187;1991-9-11;Newport;AR;The United States;;;1
4621;-1;-1;Mike;Johnson;;73;219;1989-7-18;Hamilton;ON;Canada;;;1
4622;-1;-1;Eugene;Cleghorn;;74;211;1984-11-21;Oakdale;CA;The United States;;;1
4624;-1;-1;Greg;Outhwaite;;70;179;1989-3-13;South Miami Heights;FL;The United States;;;1
4625;-1;-1;Joakim;Persson;;70;206;1991-10-25;V‰rmdˆ;STO;Sweden;;;1
4628;-1;-1;Jake;Chiu;;67;161;1990-7-23;Vandalia;IL;The United States;;;1
4630;-1;-1;Colton;Froehlich;;74;199;1991-10-21;Torrance;CA;The United States;;;1
4632;-1;-1;Chris;Robitaille;;73;179;1987-10-10;Edmonton;AB;Canada;;;1
4633;-1;-1;Marc-Antoine;Beauregard;;71;184;1990-10-2;Troutman;NC;The United States;;;1
4634;-1;-1;Jozef;Ciganek;;73;201;1986-3-10;Brno;JHM;Czech Republic;;;1
4635;-1;-1;Michael;Stephens;;72;174;1990-9-12;Lenexa;KS;The United States;;;1
4636;-1;-1;Jim;Rockett;;74;185;1991-12-26;West Helena;AR;The United States;;;1
4637;-1;-1;Forrest;Skinner;;73;209;1982-7-12;Indianapolis;IN;The United States;;;1
4638;-1;-1;Victor;Weigel;;68;184;1992-4-9;Lincoln;NE;The United States;;;1
4639;-1;-1;William;Olsen;;74;202;1988-4-22;Copenhagen;FRE;Denmark;;;1
4640;-1;-1;Ben;Stroud;;73;191;1985-4-25;East Bethel;MN;The United States;;;1
4644;-1;-1;Brandon;Hulshof;;71;199;1987-9-9;Toronto;ON;Canada;The United States;;1
4645;-1;-1;Tom·s;Cieslar;;71;204;1990-4-11;Tanvald;LIB;Czech Republic;;;1
4646;-1;-1;Tommy;Butler;;69;188;1981-12-1;Norfolk;NE;The United States;;;1
4652;-1;-1;Bjarne;Hansen;;70;170;1990-11-21;Lemvig;RIN;Denmark;;;1
4654;-1;-1;Stefan;Gasparek;;70;180;1987-5-18;Martin;ZIL;Slovakia;;;1
4655;-1;-1;Pancho;Sandejo;;73;180;1990-1-19;Cypress;CA;The United States;;;1
4656;-1;-1;Josh;MacNamara;;75;200;1985-8-18;Phoenix;AZ;The United States;;;1
4657;-1;-1;Aleksandr;Matishov;;71;202;1989-10-19;Chernushka;PER;Russia;;;1
4658;-1;-1;Michal;Penkava;;75;225;1991-3-8;Odry;MOR;Czech Republic;;;1
4660;-1;-1;Ken;Shields;;71;174;1989-5-2;Fishers;IN;The United States;;;1
4662;-1;-1;Troy;Molleson;;67;178;1992-3-23;Goldsboro;NC;The United States;;;1
4665;-1;-1;Ricky;Roundy;;72;216;1990-2-7;Lincoln;NE;The United States;;;1
4666;-1;-1;Paul;Turner;;72;194;1991-9-27;Ames;IA;The United States;;;1
4669;-1;-1;Dave;Duke;;71;215;1991-2-18;Enid;OK;The United States;;;1
4670;-1;-1;Ray;Bottoms;;74;207;1986-6-29;Cedar Rapids;IA;The United States;;;1
4671;-1;-1;Alberto;Alejandrez;;67;174;1992-3-21;Sanford;FL;The United States;;;1
4673;-1;-1;Craig;Harper;;72;210;1983-10-7;Lockeford;CA;The United States;;;1
4675;-1;-1;Eldon;Spencer;;70;199;1985-9-15;Olivehurst;CA;The United States;;;1
4676;-1;-1;Frank;Penn;;72;223;1983-2-23;Westminster;CA;The United States;;;1
4677;-1;-1;Drake;McNamara;;70;178;1990-11-24;Hamilton;ON;Canada;;;1
4678;-1;-1;John;Hodges;;74;183;1991-7-8;Kearns;UT;The United States;;;1
4682;-1;-1;Chris;Bothwell;;72;175;1991-10-24;Oromocto;NB;Canada;;;1
4684;-1;-1;Matej;Kosmac;;69;194;1989-7-18;Kamnik;OSR;Slovenia;;;1
4685;-1;-1;Filip;Korcak;;74;180;1987-7-18;Brno;JHM;Czech Republic;;;1
4690;-1;-1;Petr;Slezak;;74;204;1988-4-21;Prague;PRA;Czech Republic;;;1
4695;-1;-1;Michal;Majecik;;71;188;1989-10-23;Poprad;PRE;Slovakia;;;1
4696;-1;-1;Jacob;Samuelsson;;71;208;1985-12-20;Stockholm;STO;Sweden;;;1
4697;-1;-1;Patrick;Turner;;72;214;1990-11-30;Los Angeles;CA;The United States;;;1
4699;-1;-1;Nick;Lindsey;;71;195;1987-12-21;San Antonio;TX;The United States;;;1
4701;-1;-1;Dan;Montgomery;;75;222;1985-1-1;Okolona;KY;The United States;;;1
4703;-1;-1;John;Cinton;;72;214;1988-7-12;New York;NY;The United States;;;1
4711;-1;-1;Brian;Howarth;;76;230;1990-5-31;Raymond;ME;The United States;;;1
4712;-1;-1;Nolan;Teague;;72;189;1988-2-2;Coral Gables;FL;The United States;;;1
4713;-1;-1;Aleksey;Shafrov;;72;176;1992-5-4;Nur-Sultan;AKM;Kazakhstan;;;1
4714;-1;-1;Ville;Siira;;71;190;1986-7-20;Riihim‰ki;KAN;Finland;;;1
4716;-1;-1;Aaron;Hamilton;;70;176;1991-1-15;Hull;MA;The United States;;;1
5832;-1;-1;David;Krejci;;72;188;1986-4-28;Sternberk;OLO;Czech Republic;;;1
5833;-1;-1;Jaromir;Jagr;;75;230;1972-2-15;Kladno;STR;Czech Republic;;;1
5836;-1;-1;Pavel;Datsyuk;;71;189;1978-7-20;Yekaterinburg;SVE;Russia;;;1
5838;-1;-1;Bobby;Ryan;;74;213;1987-3-17;Cherry Hill;NJ;The United States;;;1
5846;-1;-1;Ilya;Kovalchuk;;74;227;1983-4-15;Tver;TVE;Russia;;;1
5847;-1;-1;Patrick;Marleau;;74;218;1979-9-15;Aneroid;SK;Canada;;;1
5848;-1;-1;Sergei;Mozyakin;;71;186;1981-3-30;Yaroslavl;YAR;Russia;;;1
12;-1;-1;Jonathan;Bernier;;72;185;1988-8-7;Laval;QC;Canada;;;1
51;-1;-1;Brian;Elliott;;74;209;1985-4-9;Newmarket;ON;Canada;;;1
64;-1;-1;Thomas;Greiss;;74;218;1986-1-29;F¸ssen;BAV;Germany;;;1
67;-1;-1;Jaroslav;Halak;;70;185;1985-5-13;Bratislava;BRA;Slovakia;;;1
280;-1;-1;Carter;Hutton;;72;207;1985-12-19;Thunder Bay;ON;Canada;;;1
623;-1;-1;Aaron;Dell;;72;201;1989-5-4;Airdrie;AB;Canada;;;1
991;-1;-1;Andrew;Hammond;Hamburglar;74;216;1988-2-11;White Rock;BC;Canada;;;1
2144;-1;-1;Devan;Dubnyk;;78;225;1986-5-4;Calgary;AB;Canada;;;1
2161;-1;-1;Brett;Gallant;;72;192;1988-12-28;Summerside;PE;Canada;;;1
2169;-1;-1;Pat;Nagle;;74;201;1987-9-21;Bloomfield;NY;The United States;;;1
6;-1;-1;Jay;Beagle;;75;210;1985-10-16;Calgary;AB;Canada;;;1
20;-1;-1;Derick;Brassard;;73;203;1987-9-22;Gatineau;QC;Canada;;;1
21;-1;-1;Justin;Braun;;74;207;1987-2-10;Vadnais Heights;MN;The United States;;;1
54;-1;-1;Loui;Eriksson;;74;179;1985-7-17;Gˆteborg;V‰S;Sweden;;;1
77;-1;-1;Nick;Holden;;76;216;1987-5-15;St. Albert;AB;Canada;;;1
106;-1;-1;Trevor;Lewis;;73;203;1987-1-8;Park City;UT;The United States;;;1
138;-1;-1;Mathieu;Perreault;;70;191;1988-1-5;Drummondville;QC;Canada;;;1
140;-1;-1;Corey;Perry;;75;206;1985-5-16;Peterborough;ON;Canada;;;1
155;-1;-1;Colton;Sceviour;;72;190;1989-4-20;Red Deer;AB;Canada;;;1
163;-1;-1;Andrej;Sekera;;72;204;1986-6-8;Bojnice;TRE;Slovakia;;;1
168;-1;-1;Mike;Smith;;77;222;1982-3-22;Kingston;ON;Canada;;;1
169;-1;-1;Jason;Spezza;;75;218;1983-6-13;Toronto;ON;Canada;;;1
172;-1;-1;Marc;Staal;;76;210;1987-1-13;Thunder Bay;ON;Canada;;;1
175;-1;-1;Paul;Stastny;;72;194;1985-12-27;Quebec City;QC;The United States;Canada;Slovakia;1
176;-1;-1;Derek;Stepan;;71;198;1990-6-18;Hastings;MN;The United States;;;1
185;-1;-1;Nate;Thompson;;73;214;1984-10-5;Anchorage;AK;The United States;;;1
193;-1;-1;Marc-Edouard;Vlasic;Pickles;73;207;1987-3-30;Montreal;QC;Canada;;;1
211;-1;-1;Taylor;Fedun;;73;201;1988-6-4;Edmonton;AB;Canada;;;1
241;-1;-1;Kevin;Connauton;;74;205;1990-2-23;Edmonton;AB;Canada;;;1
264;-1;-1;Brad;Malone;;74;217;1989-5-20;Miramichi;NB;Canada;;;1
267;-1;-1;Riley;Nash;;74;185;1989-5-9;Kamloops;BC;Canada;;;1
271;-1;-1;Tyler;Pitlick;;74;202;1991-11-1;Minneapolis;MN;The United States;;;1
273;-1;-1;Antoine;Roussel;;71;198;1989-11-21;Roubaix;NOR;France;Canada;;1
286;-1;-1;Andy;Andreoff;;74;201;1991-5-17;Pickering;ON;Canada;;;1
291;-1;-1;Justin;Danforth;;69;181;1993-3-15;Oshawa;ON;Canada;;;1
307;-1;-1;Kurtis;Gabriel;;76;212;1993-4-20;Newmarket;ON;Canada;;;1
319;-1;-1;Michael;Houser;;73;185;1992-9-13;Youngstown;OH;The United States;;;1
323;-1;-1;Josh;Leivo;;74;192;1993-5-26;Innisfil;ON;Canada;;;1
338;-1;-1;Vladislav;Namestnikov;;72;181;1992-11-22;Voskresensk;MOS;Russia;The United States;;1
349;-1;-1;Michael;Sgarbossa;;72;185;1992-7-25;Milton;ON;Canada;;;1
352;-1;-1;Garret;Sparks;;75;201;1993-6-28;Elmhurst;IL;The United States;;;1
424;-1;-1;Chris;Gibson;;74;216;1992-12-27;Karkkila;UUS;Finland;Canada;;1
429;-1;-1;Maxime;LagacÈ;;74;190;1993-1-12;Longueuil;QC;Canada;;;1
471;-1;-1;Jacob;MacDonald;;72;205;1993-2-26;Brighton;MI;The United States;;;1
556;-1;-1;Sam;Anas;;69;161;1993-6-1;Potomac;MD;The United States;Canada;;1
573;-1;-1;Zane;McIntyre;;74;205;1992-8-20;Grand Forks;ND;The United States;;;1
585;-1;-1;Paul;Ladue;;74;198;1992-9-6;Grand Forks;ND;The United States;;;1
617;-1;-1;Andy;Welinski;;73;201;1993-4-27;Duluth;MN;The United States;;;1
634;-1;-1;Tanner;Kero;;72;185;1992-7-24;Hancock;MI;The United States;;;1
640;-1;-1;Kyle;Rau;;69;172;1992-10-24;Eden Prairie;MN;The United States;;;1
641;-1;-1;Carter;Rowney;;74;207;1990-5-10;Sexsmith;AB;Canada;;;1
645;-1;-1;Andrej;Sustr;;79;217;1990-11-29;Plzen;PLZ;Czech Republic;;;1
741;-1;-1;Steven;Fogarty;;75;205;1993-4-19;Edina;MN;The United States;;;1
851;-1;-1;Fredrik;Claesson;;72;201;1992-11-24;Stockholm;STO;Sweden;;;1
858;-1;-1;Pierre-…douard;Bellemare;;72;198;1985-3-6;Paris;ŒLE;France;;;1
900;-1;-1;Michael;Raffl;;72;205;1988-12-1;Villach;K‰R;Austria;;;1
923;-1;-1;Sergei;Kostenko;;72;187;1992-9-17;Novokuznetsk;KEM;Russia;;;1
983;-1;-1;Ryan;Carpenter;;72;201;1991-1-18;Oviedo;FL;The United States;;;1
985;-1;-1;Austin;Czarnik;;69;174;1992-12-12;Washington;MI;The United States;;;1
1009;-1;-1;Luke;Witkowski;;74;209;1990-4-14;Holland;MI;The United States;;;1
1758;-1;-1;Andrew;Cogliano;;70;175;1987-6-14;Toronto;ON;Canada;;;1
2135;-1;-1;Johnny;Boychuk;;74;227;1984-1-19;Edmonton;AB;Canada;;;1
2140;-1;-1;Andrew;Shaw;;71;183;1991-7-20;Belleville;ON;Canada;;;1
2146;-1;-1;Cody;Franson;;77;225;1987-8-8;Salmon Arm;BC;Canada;;;1
2147;-1;-1;Cameron;Gaunce;;73;195;1990-3-19;Sudbury;ON;Canada;;;1
2150;-1;-1;Matt;Moulson;;73;204;1983-11-1;Toronto;ON;Canada;;;1
2151;-1;-1;Cal;O'Reilly;;72;187;1986-9-30;Toronto;ON;Canada;;;1
2152;-1;-1;Kevin;Poulin;;74;205;1990-4-12;Montreal;QC;Canada;;;1
2157;-1;-1;Brandon;Pirri;;73;186;1991-4-10;Toronto;ON;Canada;;;1
2163;-1;-1;Garrett;Mitchell;;71;198;1991-9-2;Regina;SK;Canada;;;1
2164;-1;-1;Aaron;Ness;;70;183;1990-5-18;Roseau;MN;The United States;;;1
2165;-1;-1;Ryan;Stanton;;74;206;1989-7-20;St. Albert;AB;Canada;;;1
2166;-1;-1;Chris;Terry;;70;193;1989-4-7;Brampton;ON;Canada;;;1
2179;-1;-1;Alan;Quine;;72;203;1993-2-25;Ottawa;ON;Canada;;;1
2190;-1;-1;Vincent;Arseneau;;74;217;1992-3-26;Les Œles de la Madeleine;QC;Canada;;;1
2212;-1;-1;Mike;Cornell;;71;192;1988-3-12;Franklin;MA;The United States;Canada;;1
2234;-1;-1;Seth;Helgeson;;76;217;1990-10-8;Faribault;MN;The United States;;;1
2243;-1;-1;Ralph;Cuddemi;;73;187;1993-2-9;Vaughan;ON;Canada;;;1
2264;-1;-1;Curtis;McKenzie;;74;207;1991-2-22;Golden;BC;Canada;;;1
3934;-1;-1;David;Juklicek;;69;186;1993-3-2;CeskÈ Budejovice;JIH;Czech Republic;;;1
3944;-1;-1;John;Timm;;72;177;1985-8-27;La Vergne;TN;The United States;;;1
3949;-1;-1;Ondrej;Stepanek;;73;196;1992-8-3;Domazlice;PLZ;Czech Republic;;;1
3951;-1;-1;Ron;Matchett;;73;207;1993-2-3;Bridgeport;CT;The United States;;;1
3988;-1;-1;Ratibor;Hakimov;;71;176;1992-8-10;Freiburg;BAD;Germany;;;1
3989;-1;-1;John;Price;;70;213;1992-10-18;Orlovista;FL;The United States;;;1
3998;-1;-1;J.J.;Stone;;76;219;1993-3-15;Strathmore;NJ;The United States;;;1
4001;-1;-1;Marcus;O'Connor;;74;211;1993-6-18;Bellevue;WA;The United States;;;1
4042;-1;-1;Dale;Riley;;73;197;1992-12-9;Rosamond;CA;The United States;;;1
4046;-1;-1;Karl;Hansen;;73;211;1993-3-13;V‰sterÂs;V‰S;Sweden;;;1
4063;-1;-1;Ben;O'Neal;;69;186;1992-9-7;Alexandria;VA;The United States;;;1
4068;-1;-1;Chris;Mooneyham;;75;195;1993-6-19;Tullahoma;TN;The United States;;;1
4075;-1;-1;Cedric;Stoller;;75;225;1992-7-17;St. Gallen;SG;Switzerland;;;1
4077;-1;-1;Lukas;Pavlik;;68;200;1992-12-12;Liberec;LIB;Czech Republic;;;1
4083;-1;-1;Cipriano;Gonzalez;;73;217;1993-3-11;Philadelphia;PA;The United States;;;1
4084;-1;-1;Denny;Syratt;;74;207;1992-9-14;Aurora;IL;The United States;;;1
4087;-1;-1;Vladyslav;Rudyi;;70;177;1993-1-11;Vinnytsya;VIN;Ukraine;;;1
4095;-1;-1;Ralph;Duff;;73;211;1992-9-21;Bethlehem;PA;The United States;;;1
4121;-1;-1;Steve;Sims;;70;183;1993-3-2;Jamestown;RI;The United States;;;1
4136;-1;-1;Artie;Schneider;;72;175;1992-8-8;Joliet;IL;The United States;;;1
4137;-1;-1;Robby;Ross;;68;188;1993-5-2;North Berwick;ME;The United States;;;1
4182;-1;-1;Jordan;D'Orazio;;70;204;1993-2-9;St. Thomas;ON;Canada;;;1
4199;-1;-1;Randy;Ludlam;;68;164;1993-5-25;Worcester;MA;The United States;;;1
4212;-1;-1;Ric;Maze;;71;176;1993-3-20;Los Angeles;CA;The United States;;;1
4228;-1;-1;Brandon;Bonespoir;;73;212;1992-8-29;San Leandro;CA;The United States;;;1
4229;-1;-1;Joey;Shen;;74;208;1992-9-7;Toledo;OH;The United States;;;1
4252;-1;-1;Filip;Wallgren;;73;222;1992-10-14;Sundsvall;V‰S;Sweden;Russia;;1
4262;-1;-1;Roy;Carse;;70;191;1992-11-13;Fort Defiance;AZ;The United States;;;1
4268;-1;-1;Bob;Walters;;71;183;1993-1-25;Needham;MA;The United States;;;1
4286;-1;-1;Tom·s;Cvrkal;;76;227;1992-9-4;Liberec;LIB;Czech Republic;;;1
4294;-1;-1;Simon;Johansson;;70;192;1993-1-15;Jˆnkˆping;JˆN;Sweden;;;1
4308;-1;-1;Ed;Smart;;73;184;1993-4-20;Virginia Beach;VA;The United States;;;1
4323;-1;-1;Vosip;Tarlowski;;74;199;1992-9-1;Brest;BRE;Belarus;;;1
4348;-1;-1;Powell;Guyton;;71;187;1992-12-14;Hebron;NY;The United States;;;1
4361;-1;-1;Aaron;Viccars;;70;183;1993-1-25;New Orleans;LA;The United States;;;1
4366;-1;-1;Carl;Johansson;;72;187;1993-2-15;≈kersberga;STO;Sweden;;;1
4387;-1;-1;Steven;Persley;;77;237;1993-6-15;Surrey;BC;Canada;;;1
4401;-1;-1;Tommy;Genest;;73;208;1993-4-15;Laval;QC;Canada;;;1
4404;-1;-1;Doug;Lukas;;72;202;1992-8-22;Henderson;NV;The United States;;;1
4411;-1;-1;Jessy;Dufour;;76;213;1993-1-11;Sainte-Marie;QC;Canada;;;1
4420;-1;-1;Richard;Haley;;68;176;1993-3-13;Houston;TX;The United States;;;1
4421;-1;-1;Kip;McCourtney;;73;189;1990-5-24;Houston;TX;The United States;;;1
4429;-1;-1;Pavel;Fuksa;;75;181;1992-11-14;Trutnov;KRA;Czech Republic;;;1
4442;-1;-1;Artem;Ptashnyk;;72;219;1992-11-8;Kharkiv;KHA;Ukraine;;;1
4448;-1;-1;Jesse;Turry;;72;206;1992-11-23;Esperance;WA;The United States;;;1
4458;-1;-1;Rory;Unicombe;;72;202;1993-6-7;Chicago;IL;The United States;;;1
4477;-1;-1;Dmitry;Makarov;;68;198;1992-12-18;Irkutsk;IRK;Russia;Mexico;;1
4481;-1;-1;Jimmy;Richardson;;68;169;1992-9-1;Guntersville;AL;The United States;;;1
4487;-1;-1;Terry;Svendsen;;72;219;1992-9-13;The Pinery;CO;The United States;;;1
4492;-1;-1;John;Nevin;;71;212;1992-11-22;Henderson;NV;The United States;;;1
4518;-1;-1;Martin;Peichl;;71;204;1992-9-15;Prague;PRA;Czech Republic;;;1
4529;-1;-1;Michal;Stloukal;;69;169;1993-3-8;Hradec KralovÈ;KRA;Czech Republic;The United States;;1
4534;-1;-1;Brooks;Holmes;;74;180;1993-1-23;Deer Isle;ME;The United States;;;1
4595;-1;-1;Colin;Broll;;73;180;1993-6-27;Winnipeg;MB;Canada;;;1
4631;-1;-1;Ed;Omdahl;;67;172;1992-8-10;Evergreen;WI;The United States;;;1
4641;-1;-1;Robby;Harrington;;70;179;1993-4-13;Corona;CA;The United States;;;1
4647;-1;-1;Wes;Seavey;;73;198;1992-8-25;Colusa;CA;The United States;;;1
4651;-1;-1;Oliver;MacEachern;;71;185;1992-11-30;Dale City;VA;The United States;;;1
4653;-1;-1;Ralph;Cobb;;72;210;1993-3-12;Bloomington;IN;The United States;;;1
4668;-1;-1;Erland;Sˆrensson;;75;216;1992-10-20;Surahammar;V‰S;Sweden;;;1
4689;-1;-1;Viktor;Pfeffer;;68;179;1992-7-8;Bazarnyy Karabulak;SAR;Russia;;;1
4692;-1;-1;Roy;O'Donnell;;75;197;1993-3-4;East Longmeadow;MA;The United States;;;1
4706;-1;-1;Ian;Berube;;71;192;1992-11-27;Toronto;ON;Canada;;;1
55;-1;-1;Marc-Andre;Fleury;;74;185;1984-11-28;Sorel-Tracy;QC;Canada;;;1
98;-1;-1;Anton;Khudobin;;71;195;1986-5-7;Ust-Kamenogorsk;SIG;Russia;Kazakhstan;;1
145;-1;-1;Jonathan;Quick;;73;216;1986-1-21;Hebron;CT;The United States;;;1
188;-1;-1;Dustin;Tokarski;;72;198;1989-9-16;Humboldt;SK;Canada;;;1
256;-1;-1;Michael;Hutchinson;;75;201;1990-3-2;Barrie;ON;Canada;;;1
259;-1;-1;Martin;Jones;;76;194;1990-1-10;North Vancouver;BC;Canada;;;1
781;-1;-1;Antti;Raanta;;72;194;1989-5-12;Rauma;SAT;Finland;;;1
789;-1;-1;Mikko;Koskinen;Speedy;79;206;1988-7-18;Vantaa;UUS;Finland;;;1
5844;-1;-1;Tuukka;Rask;;75;185;1987-3-10;Savonlinna;SSA;Finland;;;1
5;-1;-1;Matt;Bartkowski;;73;197;1988-6-4;Pittsburgh;PA;The United States;;;1
11;-1;-1;Patrice;Bergeron;;73;198;1985-7-24;Quebec City;QC;Canada;;;1
17;-1;-1;Nick;Bonino;;73;196;1988-4-20;Hartford;CT;The United States;;;1
18;-1;-1;Brian;Boyle;;78;245;1984-12-18;Hingham;MA;The United States;;;1
19;-1;-1;Tyler;Bozak;;73;199;1986-3-19;Regina;SK;Canada;;;1
22;-1;-1;Dustin;Brown;;72;209;1984-11-4;Ithaca;NY;The United States;;;1
24;-1;-1;Paul;Byron;;69;162;1989-4-27;Ottawa;ON;Canada;;;1
35;-1;-1;Blake;Comeau;;73;203;1986-2-18;Meadow Lake;SK;Canada;;;1
41;-1;-1;Michael;Del Zotto;DZ;72;194;1990-6-24;Whitchurch-Stouffville;ON;Canada;Italy;;1
48;-1;-1;Alexander;Edler;;76;215;1986-4-21;÷stersund;J‰M;Sweden;;;1
57;-1;-1;Sam;Gagner;;71;196;1989-8-10;London;ON;Canada;;;1
59;-1;-1;Ryan;Getzlaf;;75;227;1985-5-10;Regina;SK;Canada;;;1
60;-1;-1;Mark;Giordano;;73;201;1983-10-3;Toronto;ON;Canada;;;1
71;-1;-1;Darren;Helm;;72;193;1987-1-21;Winnipeg;MB;Canada;;;1
79;-1;-1;Patric;Hˆrnqvist;;72;191;1987-1-1;Stockholm;STO;Sweden;;;1
89;-1;-1;Jack;Johnson;;73;227;1987-1-13;Indianapolis;IN;The United States;;;1
95;-1;-1;Duncan;Keith;;73;192;1983-7-16;Winnipeg;MB;Canada;England;;1
101;-1;-1;Andrew;Ladd;;75;208;1985-12-12;Maple Ridge;BC;Canada;;;1
109;-1;-1;Milan;Lucic;;75;231;1988-6-7;Vancouver;BC;Canada;Serbia;;1
125;-1;-1;James;Neal;;74;220;1987-9-3;Whitby;ON;Canada;;;1
127;-1;-1;Kyle;Okposo;;72;216;1988-4-16;St. Paul;MN;The United States;;;1
136;-1;-1;Zach;Parise;;71;195;1984-7-28;Minneapolis;MN;The United States;Canada;;1
146;-1;-1;Ryan;Reaves;;73;225;1987-1-20;Winnipeg;MB;Canada;The United States;;1
152;-1;-1;Kris;Russell;;70;174;1987-5-2;Red Deer;AB;Canada;;;1
161;-1;-1;Brent;Seabrook;;75;223;1985-4-20;Richmond;BC;Canada;;;1
177;-1;-1;Anton;StrÂlman;;71;185;1986-8-1;Tibro;V‰S;Sweden;;;1
200;-1;-1;Keith;Yandle;;73;196;1986-9-9;Blackstone;MA;The United States;;;1
203;-1;-1;Robert;Bortuzzo;;76;221;1989-3-18;Thunder Bay;ON;Canada;;;1
212;-1;-1;Jake;Gardiner;;74;204;1990-7-4;Minneapolis;MN;The United States;;;1
219;-1;-1;Patrick;Maroon;;75;238;1988-4-23;St. Louis;MO;The United States;;;1
225;-1;-1;Harri;S‰teri;;73;196;1989-12-29;Toijala;PIR;Finland;;;1
230;-1;-1;James;van Riemsdyk;JVR;75;217;1989-5-4;Middletown;NJ;The United States;;;1
235;-1;-1;Jordie;Benn;Darth;74;197;1987-7-26;Victoria;BC;Canada;;;1
251;-1;-1;Derek;Grant;;75;205;1990-4-20;Abbotsford;BC;Canada;;;1
253;-1;-1;Carl;Hagelin;;71;189;1988-8-23;Sˆdert‰lje;STO;Sweden;;;1
274;-1;-1;Michael;Stone;;75;212;1990-6-7;Winnipeg;MB;Canada;;;1
276;-1;-1;Jean-Francois;BÈrubÈ;;73;176;1991-7-13;Montreal;QC;Canada;;;1
290;-1;-1;Reid;Boucher;;71;194;1993-9-8;Grand Ledge;MI;The United States;;;1
304;-1;-1;Jake;Dotchin;;75;209;1994-3-24;County of Brant;ON;Canada;;;1
309;-1;-1;Brendan;Gaunce;;74;216;1994-3-25;Markham;ON;Canada;;;1
310;-1;-1;Artur;Gavrus;;70;192;1994-1-3;Ratichy;GRO;Belarus;;;1
348;-1;-1;Scott;Sabourin;;75;207;1992-7-30;Ottawa;ON;Canada;;;1
351;-1;-1;Gemel;Smith;;71;194;1994-4-16;Toronto;ON;Canada;;;1
355;-1;-1;Malcolm;Subban;;74;216;1993-12-21;Toronto;ON;Canada;;;1
412;-1;-1;Antoine;Bibeau;;75;205;1994-5-1;Victoriaville;QC;Canada;;;1
417;-1;-1;Jean-SÈbastien;Dea;;71;174;1994-2-8;La Prairie;QC;Canada;;;1
428;-1;-1;Charles;Hudon;;70;187;1994-6-23;Alma;QC;Canada;;;1
434;-1;-1;Xavier;Ouellet;;72;196;1993-7-29;Bayonne;AQU;Canada;France;;1
436;-1;-1;CÈdric;Paquette;;72;205;1993-8-13;GaspÈ;QC;Canada;;;1
445;-1;-1;Mike;Vecchione;;70;194;1993-2-25;Saugus;MA;The United States;;;1
476;-1;-1;Tyler;Sikura;;72;185;1992-5-18;Aurora;ON;Canada;;;1
479;-1;-1;Joe;Gambardella;;70;201;1993-12-1;New York;NY;The United States;;;1
492;-1;-1;Joel;Hanley;;71;191;1991-6-8;Georgina;ON;Canada;;;1
499;-1;-1;Matt;Nieto;;71;201;1992-11-5;Long Beach;CA;The United States;;;1
571;-1;-1;Jon;Gillies;;78;223;1994-1-22;South Portland;ME;The United States;;;1
587;-1;-1;Charlie;Lindgren;;73;183;1993-12-18;Lakeville;MA;The United States;;;1
591;-1;-1;Stefan;Matteau;;74;220;1994-2-23;Chicago;IL;The United States;Canada;;1
604;-1;-1;Dan;Renouf;;75;201;1994-6-1;Whitby;ON;Canada;;;1
622;-1;-1;Travis;Boyd;;72;192;1993-9-14;Hopkins;MN;The United States;;;1
711;-1;-1;Andrew;Poturalski;;70;183;1994-1-14;Williamsville;NY;The United States;;;1
726;-1;-1;Ross;Johnston;;77;236;1994-2-18;Charlottetown;PE;Canada;;;1
750;-1;-1;Matt;Benning;;73;205;1994-5-25;St. Albert;AB;Canada;;;1
800;-1;-1;Nathan;Walker;;68;185;1994-2-7;Cardiff;WAL;Australia;Wales;;1
804;-1;-1;Yaroslav;Kosov;;76;220;1993-7-5;Magnitogorsk;CHE;Russia;;;1
807;-1;-1;Alexander;Radulov;;73;202;1986-7-5;Nizhny Tagil;SVE;Russia;;;1
831;-1;-1;Derek;Ryan;;70;187;1986-12-29;Spokane;WA;The United States;;;1
846;-1;-1;Joakim;Nordstrˆm;;73;194;1992-2-25;Stockholm;STO;Sweden;;;1
848;-1;-1;Johan;Larsson;;72;203;1992-7-25;Lau;GOT;Sweden;;;1
935;-1;-1;Valeri;Vasilyev;;74;223;1994-5-31;Moscow;MOS;Russia;;;1
937;-1;-1;Alexander;Delnov;;72;190;1994-1-14;Moscow;MOS;Russia;;;1
948;-1;-1;Bogdan;Yakimov;;77;231;1994-4-11;Nizhnekamsk;TAT;Russia;;;1
988;-1;-1;Phil;Di Giuseppe;;72;192;1993-10-9;Toronto;ON;Canada;;;1
995;-1;-1;Max;McCormick;;71;187;1992-5-1;De Pere;WI;The United States;;;1
997;-1;-1;Jordan;Oesterle;;72;184;1992-6-25;Dearborn Heights;MI;The United States;;;1
1000;-1;-1;Robbie;Russo;;72;192;1993-2-15;Westmont;IL;The United States;;;1
1003;-1;-1;Riley;Sheahan;;74;214;1991-12-7;St. Catharines;ON;Canada;;;1
1076;-1;-1;Mackenzie;MacEachern;;75;205;1994-3-9;Troy;MI;The United States;;;1
1079;-1;-1;Dominic;Toninato;;74;201;1994-3-9;Duluth;MN;The United States;;;1
1192;-1;-1;Collin;Delia;;74;207;1994-6-20;Rancho Cucamonga;CA;The United States;;;1
1305;-1;-1;C.J.;Suess;;71;190;1994-3-17;Forest Lake;MN;The United States;;;1
2141;-1;-1;Matt;Bartkowski;;73;197;1988-6-4;Pittsburgh;PA;The United States;;;1
2143;-1;-1;Adam;Cracknell;;75;212;1985-7-15;Preeceville;SK;Canada;;;1
2148;-1;-1;Ben;Holmstrom;;73;204;1987-4-9;Colorado Springs;CO;The United States;;;1
2155;-1;-1;Brett;Sutter;;72;204;1987-6-2;Viking;AB;Canada;;;1
2159;-1;-1;Gabriel;Bourque;;70;205;1990-9-23;Rimouski;QC;Canada;;;1
2160;-1;-1;Matt;Donovan;;73;205;1990-5-9;Edmond;OK;The United States;;;1
2167;-1;-1;Paul;Thompson;;73;202;1988-11-30;Methuen;MA;The United States;;;1
2173;-1;-1;Dylan;Blujus;;75;203;1994-1-22;Buffalo;NY;The United States;;;1
2178;-1;-1;Brenden;Miller;;73;198;1994-3-29;Orangeville;ON;Canada;;;1
2186;-1;-1;Kale;Kessy;;75;212;1992-12-4;Shaunavon;SK;Canada;;;1
2189;-1;-1;Tyler;Wotherspoon;;74;209;1993-3-12;Burnaby;BC;Canada;;;1
2191;-1;-1;SÈbastien;Auger;;71;181;1994-6-10;Saint-Augustin-de-Desmaures;QC;Canada;;;1
2192;-1;-1;Matt;Boudens;;71;170;1993-9-13;Ottawa;ON;Canada;;;1
2198;-1;-1;Patrick;McGrath;;70;201;1993-3-17;Wilkes-Barre;PA;The United States;;;1
2200;-1;-1;Jimmy;Oligny;;70;194;1993-4-30;Saint-Michel-des-Saints;QC;Canada;;;1
2214;-1;-1;Scott;Wilson;;71;176;1992-4-24;Oakville;ON;Canada;;;1
2219;-1;-1;David;Gust;;70;176;1994-2-21;Orland Park;IL;The United States;;;1
2222;-1;-1;Jeff;Kubiak;;75;212;1994-1-18;Tinley Park;IL;The United States;;;1
2227;-1;-1;Kevin;Roy;;69;172;1993-5-20;Lac-Beauport;QC;Canada;;;1
2229;-1;-1;Cliff;Watson;;74;191;1993-12-21;Appleton;WI;The United States;;;1
2230;-1;-1;Ed;Wittchow;;77;225;1992-10-31;Burnsville;MN;The United States;;;1
2231;-1;-1;Mark;Alt;;76;201;1991-10-18;Kansas City;MO;The United States;;;1
2232;-1;-1;Terry;Broadhurst;;71;167;1988-11-30;Orland Park;IL;The United States;;;1
2233;-1;-1;Josiah;Didier;;75;224;1993-4-8;Littleton;CO;The United States;;;1
2235;-1;-1;Joseph;LaBate;;77;210;1993-4-16;Eagan;MN;The United States;;;1
2236;-1;-1;Michael;Mersch;;74;209;1992-10-2;Park Ridge;IL;The United States;;;1
2238;-1;-1;Dillon;Simpson;;74;192;1993-2-10;Edmonton;AB;Canada;;;1
2245;-1;-1;Ryan;Schmelzer;;74;187;1993-7-28;Cleveland;OH;The United States;;;1
2249;-1;-1;Luke;Esposito;;70;183;1993-10-18;Greenwich;CT;The United States;;;1
2251;-1;-1;Brennan;Saulnier;;72;170;1993-12-29;Halifax;NS;Canada;;;1
2254;-1;-1;Bryce;Gervais;;70;175;1992-2-26;Battleford;SK;Canada;;;1
2256;-1;-1;Rob;Hamilton;;72;194;1994-1-1;Calgary;AB;Canada;;;1
2263;-1;-1;Tanner;Fritz;;71;193;1991-8-20;Grande Prairie;AB;Canada;;;1
2317;-1;-1;Jake;Kulevich;;76;216;1993-2-13;Salem;MA;The United States;;;1
2344;-1;-1;Mitchell;McLain;;72;196;1993-12-9;Baxter;MN;The United States;;;1
2434;-1;-1;Jake;Theut;;75;190;1993-10-1;Washington;MI;The United States;;;1
3916;-1;-1;Eriks;Zeibarts;;71;219;1993-12-29;Riga;RIG;Latvia;;;1
3918;-1;-1;Craig;Odom;;71;219;1994-2-14;Canby;OR;The United States;;;1
3922;-1;-1;Mathieu;Durocher;;72;188;1994-3-26;Saint-Agapit;QC;Canada;;;1
3927;-1;-1;Rudy;Cavanagh;;74;209;1993-12-17;Crowley;LA;The United States;;;1
3947;-1;-1;Richard;Barclay;;72;176;1993-8-26;Seattle;WA;The United States;;;1
3956;-1;-1;Drake;Lee;;74;201;1993-10-10;Naperville;IL;The United States;;;1
3968;-1;-1;Patrik;Krizek;;75;230;1993-8-31;LitvÌnov;UST;Czech Republic;;;1
3969;-1;-1;John;Warren;;73;189;1993-10-10;Roxboro;NC;The United States;;;1
3979;-1;-1;Aleksey;Makaov;;72;223;1994-1-20;Petropavl;SOL;Kazakhstan;;;1
4004;-1;-1;Ambrose;Ingram;;73;185;1993-10-29;Montgomery Township;NJ;The United States;;;1
4006;-1;-1;Clive;Hung;;74;228;1994-5-5;Canyon Lake;CA;The United States;;;1
4014;-1;-1;Brent;Kozlak;;73;218;1993-10-24;Fairfield;CT;The United States;;;1
4022;-1;-1;Patrick;Lawson;;72;173;1993-9-13;East Glenville;NY;The United States;;;1
4030;-1;-1;Keith;Woods;;72;180;1994-6-10;Virginia Beach;VA;The United States;;;1
4031;-1;-1;Alden;Shubert;;72;176;1993-7-11;Corona;CA;The United States;;;1
4044;-1;-1;Marc;Dion;;72;191;1994-5-13;Laval;QC;Canada;;;1
4065;-1;-1;Leroy;Kelly;;72;210;1993-10-20;New York;NY;The United States;;;1
4066;-1;-1;Jason;West;;74;205;1994-3-24;Red Oaks Mill;NY;The United States;;;1
4076;-1;-1;Jim;Hickman;;71;210;1993-7-9;Slinger;WI;The United States;;;1
4086;-1;-1;Dalton;Widmer;;71;174;1993-7-8;Lawrence;MA;The United States;;;1
4093;-1;-1;Paul;MacCuish;;73;222;1994-3-6;Lubbock;TX;The United States;;;1
4100;-1;-1;John;Stewart;;70;193;1993-12-10;Rockville Centre;NY;The United States;;;1
4114;-1;-1;Joe;Tipton;;74;198;1994-1-28;Long Beach;NY;The United States;;;1
4143;-1;-1;Cameron;Stevenson;;74;182;1993-9-14;North Cowichan;BC;Canada;;;1
4155;-1;-1;Ahti;Mustonen;;76;185;1993-11-12;Jyv‰skyl‰;FIN;Finland;;;1
4189;-1;-1;Ferenc;Szekeres;;73;212;1993-7-18;Brezno;BAN;Slovakia;;;1
4195;-1;-1;Kevin;Holmgren;;72;190;1994-6-30;LuleÂ;NOR;Sweden;;;1
4197;-1;-1;Eric;Snyder;;68;165;1994-5-13;Minneapolis;MN;The United States;;;1
4280;-1;-1;Eric;Taylor;;73;197;1993-7-29;Wilmington;NC;The United States;;;1
4285;-1;-1;Mark;Helgesen;;72;200;1993-9-20;Whistler;BC;Canada;;;1
4319;-1;-1;Ernesto;Ferreira;;75;189;1994-3-31;Chicago;IL;The United States;;;1
4335;-1;-1;Fredrik;Malmberg;;76;225;1994-3-20;Stockholm;STO;Sweden;;;1
4345;-1;-1;Richard;Rose;;72;196;1993-11-7;Durant;OK;The United States;;;1
4353;-1;-1;Erik;Mounfield;;72;177;1994-2-27;Hayward;CA;The United States;;;1
4375;-1;-1;Melvin;Madan;;75;230;1994-6-8;Hamden;CT;The United States;;;1
4376;-1;-1;Horatiu;Neagu;;72;184;1994-4-13;Baia Mare;MAR;Romania;;;1
4410;-1;-1;Greg;Long;;70;214;1994-6-29;Evanston;IL;The United States;;;1
4418;-1;-1;Willie;Bauder;;70;203;1993-12-17;Scranton;PA;The United States;;;1
4462;-1;-1;Filip;Johnsson;;70;212;1994-6-17;Stockholm;STO;Sweden;;;1
4480;-1;-1;Finley;Ulrich;;70;214;1993-10-27;Catonsville;MD;The United States;;;1
4499;-1;-1;Jim;Doty;;73;207;1993-11-15;Gloucester City;NJ;The United States;;;1
4511;-1;-1;Nikita;Panasenko;;69;195;1993-10-30;Bobruisk;MOG;Belarus;;;1
4515;-1;-1;George;Young;;67;188;1993-10-18;Newington;VA;The United States;;;1
4516;-1;-1;Joe;Wilkins;;71;175;1993-10-21;Wynantskill;NY;The United States;;;1
4520;-1;-1;Bill;Jennings;;74;210;1994-5-1;Baytown;TX;The United States;;;1
4521;-1;-1;Jim;Sharp;;72;181;1993-12-4;Amherst;NY;The United States;;;1
4538;-1;-1;Ken;Watson;;75;186;1993-9-2;Oklahoma City;OK;The United States;;;1
4546;-1;-1;Stefan;Gondzur;;71;213;1993-7-19;Bardejov;PRE;Slovakia;;;1
4549;-1;-1;Miika;Ahlqvist;;72;176;1993-9-7;Stockholm;STO;Sweden;;;1
4566;-1;-1;Jeffery;Johnson;;69;186;1994-1-31;Pensacola;FL;The United States;;;1
4581;-1;-1;Seth;Godwin;;73;200;1994-3-13;East Moline;IL;The United States;;;1
4590;-1;-1;Jiri;Sovak;;69;205;1993-8-20;Prague;PRA;Czech Republic;;;1
4593;-1;-1;Clancy;O'Duane;;73;207;1993-10-31;New Orleans;LA;The United States;;;1
4614;-1;-1;Jordan;Thivierge;;73;177;1993-12-26;Blainville;QC;Canada;;;1
4650;-1;-1;Rex;Auchtercoull;;72;181;1993-10-8;Los Angeles;CA;The United States;Russia;;1
4667;-1;-1;Petr;Zemcik;;75;180;1994-3-4;Dvur Kr·lovÈ nad Labem;KRA;Czech Republic;;;1
4679;-1;-1;Jes˙s;Cruz;;71;210;1993-11-17;Hemet;CA;The United States;;;1
4698;-1;-1;J·n;Zachar;;71;200;1993-12-2;KromerÌz;ZLN;Czech Republic;;;1
4700;-1;-1;Jozef;Pokorny;;71;197;1993-10-9;Presov;PRE;Slovakia;;;1
4707;-1;-1;Lonnie;Lynch;;71;194;1994-2-20;Spanish Springs;NV;The United States;;;1
5830;-1;-1;Vadim;Shipachyov;;73;193;1988-3-12;Cherepovets;VOL;Russia;;;1
5835;-1;-1;Vyacheslav;Voynov;Slava;71;201;1990-1-15;Chelyabinsk;CHE;Russia;;;1
5845;-1;-1;Tomas;Hyka;;71;168;1993-3-23;Mlada Boleslav;STR;Czech Republic;;;1
5855;-1;-1;Alexander;Khokhlachev;KoKo;71;191;1993-9-9;Moscow;MOS;Russia;;;1
14;-1;-1;Sergei;Bobrovsky;;74;183;1988-9-20;Novokuznetsk;KEM;Russia;;;1
32;-1;-1;Kyle;Clifford;The Colonel;74;214;1991-1-13;Ayr;ON;Canada;;;1
78;-1;-1;Braden;Holtby;;73;216;1989-9-16;Lloydminster;AB;Canada;;;1
147;-1;-1;James;Reimer;Optimus Reim;75;207;1988-3-15;Winnipeg;MB;Canada;;;1
159;-1;-1;Cory;Schneider;;75;201;1986-3-18;Marblehead;MA;The United States;Switzerland;;1
191;-1;-1;Semyon;Varlamov;;74;214;1988-4-27;Samara;SAM;Russia;;;1
243;-1;-1;Nicolas;Deslauriers;;75;222;1991-2-22;Montreal;QC;Canada;;;1
261;-1;-1;Brian;Lashoff;;75;216;1990-7-16;Albany;NY;The United States;;;1
284;-1;-1;Andrew;Agozzino;;70;187;1991-1-3;Vaughan;ON;Canada;;;1
482;-1;-1;Alex;Chiasson;;76;207;1990-10-1;Montreal;QC;Canada;;;1
799;-1;-1;Pavel;Francouz;;72;179;1990-6-3;Plzen;PLZ;Czech Republic;;;1
2162;-1;-1;Pierre-Cedric;Labrie;;75;227;1986-12-6;Baie-Comeau;QC;Canada;;;1
2175;-1;-1;Jamie;Devane;;77;231;1991-2-20;Mississauga;ON;Canada;;;1
2210;-1;-1;Matt;Lorito;;69;174;1990-7-3;Oakville;ON;Canada;;;1
2213;-1;-1;Tim;Schaller;;74;206;1990-11-16;Laconia;NH;The United States;;;1
2237;-1;-1;Joel;Rumpel;;75;190;1991-3-14;Saskatoon;SK;Canada;;;1
2;-1;-1;Mikael;Backlund;;72;203;1989-3-17;V‰sterÂs;V‰S;Sweden;;;1
4;-1;-1;Josh;Bailey;;73;204;1989-10-2;Oshawa;ON;Canada;;;1
10;-1;-1;Jamie;Benn;Chubbs;74;212;1989-7-18;Victoria;BC;Canada;;;1
15;-1;-1;Zach;Bogosian;;75;227;1990-7-15;Massena;NY;The United States;;;1
27;-1;-1;Jeff;Carter;;75;221;1985-1-1;London;ON;Canada;;;1
31;-1;-1;Kiefer;Sherwood;;72;194;1995-3-31;New Albany;OH;The United States;;;1
36;-1;-1;Cam;Johnson;;73;205;1994-7-11;Troy;MI;The United States;;;1
39;-1;-1;Evgeni;Dadonov;;71;188;1989-3-12;Chelyabinsk;CHE;Russia;;;1
49;-1;-1;Oliver;Ekman Larsson;;74;206;1991-7-17;Karlskrona;BLE;Sweden;;;1
50;-1;-1;Lars;Eller;;73;207;1989-5-8;R¯dovre;COP;Denmark;;;1
56;-1;-1;Nick;Foligno;;72;212;1987-10-31;Buffalo;NY;The United States;Canada;;1
88;-1;-1;Erik;Johnson;;76;227;1988-3-21;Bloomington;MN;The United States;;;1
116;-1;-1;Alec;Martinez;;73;209;1987-7-26;Rockford;MI;The United States;;;1
122;-1;-1;Jake;Muzzin;;75;227;1989-2-21;Brantford;ON;Canada;;;1
123;-1;-1;Tyler;Myers;;80;232;1990-2-1;Horseshoe Bay;TX;Canada;The United States;;1
165;-1;-1;Wayne;Simmonds;Wayne Train;75;187;1988-8-26;Toronto;ON;Canada;;;1
171;-1;-1;Jordan;Staal;;76;220;1988-9-10;Thunder Bay;ON;Canada;;;1
179;-1;-1;Ryan;Suter;;73;207;1985-1-21;Madison;WI;The United States;;;1
183;-1;-1;Tomas;Tatar;Tuna;70;189;1990-12-1;Ilava;TRE;Slovakia;;;1
194;-1;-1;Jakub;Voracek;;74;218;1989-8-15;Kladno;STR;Czech Republic;;;1
196;-1;-1;Blake;Wheeler;;77;227;1986-8-31;Redwood Falls;MN;The United States;;;1
201;-1;-1;Mats;Zuccarello;;68;185;1987-9-1;Oslo;AKE;Norway;;;1
208;-1;-1;Cody;Eakin;;72;197;1991-5-24;Winnipeg;MB;Canada;;;1
222;-1;-1;Gustav;Nyquist;;71;182;1989-9-1;Halmstad;HAL;Sweden;;;1
229;-1;-1;Craig;Smith;;72;205;1989-9-5;Madison;WI;The United States;;;1
240;-1;-1;Casey;Cizikas;;71;195;1991-2-27;Toronto;ON;Canada;;;1
242;-1;-1;Calvin;de Haan;;73;196;1991-5-9;Ottawa;ON;Canada;;;1
258;-1;-1;Tyler;Johnson;;68;185;1990-7-29;Spokane;WA;The United States;;;1
293;-1;-1;Josh;Brown;;77;218;1994-1-21;London;ON;Canada;;;1
299;-1;-1;Joseph;Cramarossa;;72;191;1992-10-26;Toronto;ON;Canada;;;1
314;-1;-1;Seth;Griffith;;69;190;1993-1-4;Wallaceburg;ON;Canada;;;1
316;-1;-1;Ben;Harpur;;78;231;1995-1-12;Niagara Falls;ON;Canada;Australia;;1
317;-1;-1;Scott;Harrington;;74;206;1993-3-10;Kingston;ON;Canada;;;1
321;-1;-1;Slater;Koekkoek;;74;194;1994-2-18;Ottawa;ON;Canada;;;1
330;-1;-1;Greg;McKegg;;72;192;1992-6-17;St. Thomas;ON;Canada;;;1
331;-1;-1;Colin;Miller;;73;199;1992-10-29;Sault Ste. Marie;ON;Canada;;;1
336;-1;-1;Ryan;Murphy;;71;174;1993-3-31;Aurora;ON;Canada;;;1
339;-1;-1;Stefan;Noesen;;73;205;1993-2-12;Plano;TX;The United States;;;1
346;-1;-1;Brett;Ritchie;;76;220;1993-7-1;Orangeville;ON;Canada;;;1
363;-1;-1;Scott;Wedgewood;;74;209;1992-8-14;Brampton;ON;Canada;;;1
367;-1;-1;Sven;Baertschi;;71;190;1992-10-5;Langenthal;BE;Switzerland;;;1
368;-1;-1;Madison;Bowey;;74;206;1995-4-22;Virden;MB;Canada;;;1
381;-1;-1;Mason;Geertsen;;76;216;1995-4-19;Rocky Rapids;AB;Canada;;;1
382;-1;-1;Dillon;Heatherington;;76;216;1995-5-9;Calgary;AB;Canada;;;1
394;-1;-1;Nic;Petan;;69;179;1995-3-22;Delta;BC;Canada;Italy;;1
395;-1;-1;Alex;Petrovic;;76;211;1992-3-3;Edmonton;AB;Canada;;;1
397;-1;-1;Derrick;Pouliot;;72;196;1994-1-16;Weyburn;SK;Canada;;;1
399;-1;-1;Mark;Pysyk;;73;196;1992-1-11;Sherwood Park;AB;Canada;;;1
410;-1;-1;Nathan;Beaulieu;;74;202;1992-12-5;Strathroy;ON;Canada;;;1
420;-1;-1;Adam;Erne;;73;212;1995-4-20;New Haven;CT;The United States;;;1
421;-1;-1;Martin;Frk;;73;205;1993-10-5;Pelhrimov;VYS;Czech Republic;;;1
422;-1;-1;Zach;Fucale;;74;187;1995-5-28;RosemËre;QC;Canada;;;1
461;-1;-1;Cole;Bardreau;;72;190;1993-7-22;Fairport;NY;The United States;;;1
470;-1;-1;Alex;Killorn;;73;198;1989-9-14;Montreal;QC;Canada;;;1
478;-1;-1;Nick;DeSimone;;74;195;1994-11-21;Amherst;NY;The United States;Italy;;1
483;-1;-1;Adam;Clendening;;72;190;1992-10-26;Niagara Falls;NY;The United States;;;1
485;-1;-1;Charlie;Coyle;;75;214;1992-3-2;Weymouth;MA;The United States;;;1
493;-1;-1;Kevin;Hayes;;77;218;1992-5-8;Boston;MA;The United States;;;1
505;-1;-1;Conor;Sheary;;68;178;1992-6-8;Melrose;MA;The United States;;;1
548;-1;-1;C.J.;Smith;;71;183;1994-12-1;Des Moines;IA;The United States;;;1
558;-1;-1;Riley;Barber;;72;199;1994-2-7;Pittsburgh;PA;The United States;Canada;;1
561;-1;-1;Connor;Carrick;;71;194;1994-4-13;Orland Park;IL;The United States;;;1
563;-1;-1;J.T.;Compher;;72;193;1995-4-8;Northbrook;IL;The United States;;;1
580;-1;-1;Luke;Johnson;;71;198;1994-9-19;Grand Forks;ND;The United States;;;1
583;-1;-1;Sean;Kuraly;;74;214;1993-1-20;Dublin;OH;The United States;;;1
588;-1;-1;Ryan;Lomberg;;69;187;1994-9-12;Richmond Hill;ON;Canada;;;1
592;-1;-1;Gerry;Mayhew;;70;171;1992-12-31;Wyandotte;MI;The United States;;;1
593;-1;-1;Michael;McCarron;;78;231;1995-3-7;Macomb Township;MI;The United States;;;1
597;-1;-1;Tyler;Motte;;70;195;1995-3-10;St. Clair;MI;The United States;;;1
598;-1;-1;Andrew;Oglevie;;70;181;1995-2-16;Fullerton;CA;The United States;;;1
602;-1;-1;Jimmy;Schuldt;;73;203;1995-5-11;Minnetonka;MN;The United States;;;1
603;-1;-1;Ethan;Prow;;71;184;1992-11-17;Sauk Rapids;MN;The United States;;;1
610;-1;-1;Nick;Seeler;;74;201;1993-6-3;Eden Prairie;MN;The United States;;;1
621;-1;-1;Nick;Bjugstad;;78;210;1992-7-17;Chisholm;MN;The United States;;;1
626;-1;-1;Derek;Forbort;;76;219;1992-3-4;Duluth;MN;The United States;;;1
630;-1;-1;Erik;Haula;;72;197;1991-3-23;Pori;SAT;Finland;;;1
637;-1;-1;Jaycob;Megna;;78;221;1992-12-10;Northbrook;IL;The United States;;;1
642;-1;-1;Nate;Schmidt;;72;193;1991-7-16;St. Cloud;MN;The United States;;;1
643;-1;-1;Justin;Schultz;;74;196;1990-7-6;Kelowna;BC;Canada;;;1
653;-1;-1;Remi;Elie;;73;216;1995-4-16;Alexandria;ON;Canada;;;1
698;-1;-1;Ken;Appleby;;77;216;1995-4-10;North Bay;ON;Canada;;;1
712;-1;-1;Devin;Shore;;73;205;1994-7-19;Ajax;ON;Canada;;;1
713;-1;-1;Dylan;Sikura;;71;170;1995-6-1;Aurora;ON;Canada;;;1
749;-1;-1;Brandon;Baddock;;75;218;1995-3-29;Vermilion;AB;Canada;;;1
751;-1;-1;Josh;Healey;;72;205;1994-7-12;Edmonton;AB;Canada;;;1
795;-1;-1;Marek;Langhamer;;74;194;1994-7-22;Moravska Trebova;PAR;Czech Republic;;;1
798;-1;-1;Dmitrij;Jaskin;;74;216;1993-3-23;Omsk;OMS;Czech Republic;Russia;;1
820;-1;-1;Juuso;Riikola;;72;190;1993-11-9;Joensuu;NOR;Finland;;;1
821;-1;-1;Joonas;Donskoi;Done;72;191;1992-4-13;Raahe;NOS;Finland;;;1
843;-1;-1;Fabrice;Herzog;;74;176;1994-12-9;Frauenfeld;TG;Switzerland;;;1
894;-1;-1;Radim;äimek;;72;206;1992-9-20;Benatky nad Jizerou;STR;Czech Republic;;;1
898;-1;-1;Dominik;Simon;;71;190;1994-8-8;Prague;PRA;Czech Republic;;;1
917;-1;-1;Maxim;Shalunov;;76;205;1993-1-31;Chelyabinsk;CHE;Russia;;;1
918;-1;-1;Maxim;Mamin;;74;205;1995-1-13;Moscow;MOS;Russia;;;1
927;-1;-1;Rushan;Rafikov;;74;196;1995-5-15;Saratov;SAR;Russia;;;1
950;-1;-1;Alexander;Barabanov;;70;196;1994-6-17;St. Petersburg;SAI;Russia;;;1
951;-1;-1;Ivan;Nalimov;;76;209;1994-8-12;Novokuznetsk;KEM;Russia;;;1
989;-1;-1;Ryan;Dzingel;;72;190;1992-3-9;Wheaton;IL;The United States;;;1
990;-1;-1;Luke;Glendening;;71;194;1989-4-28;Grand Rapids;MI;The United States;;;1
1008;-1;-1;Chris;Wideman;;70;183;1990-1-7;St. Louis;MO;The United States;;;1
1012;-1;-1;Linus;Arnesson;;74;198;1994-9-21;Stockholm;STO;Sweden;;;1
1017;-1;-1;Jesper;FrˆdÈn;;70;176;1994-9-21;Stockholm;STO;Sweden;;;1
1020;-1;-1;Robert;H‰gg;;74;205;1995-2-8;Uppsala;UPP;Sweden;;;1
1022;-1;-1;Niklas;Hansson;;72;181;1995-1-8;Jonstorp;SKÂ;Sweden;;;1
1045;-1;-1;Laurent;Dauphin;;72;185;1995-3-27;Repentigny;QC;Canada;;;1
1049;-1;-1;FrÈdÈrik;Gauthier;;77;238;1995-4-26;Laval;QC;Canada;;;1
1075;-1;-1;Jimmy;Vesey;;75;198;1993-5-26;North Reading;MA;The United States;;;1
1077;-1;-1;Mark;Jankowski;;76;203;1994-9-13;Hamilton;ON;Canada;;;1
1078;-1;-1;Danny;O'Regan;;70;185;1994-1-30;Berlin;BER;The United States;Germany;;1
1161;-1;-1;Brian;Pinho;;73;196;1995-5-11;North Andover;MA;The United States;;;1
1178;-1;-1;Zach;Sanford;;76;207;1994-11-9;Auburn;NH;The United States;;;1
1182;-1;-1;Ryan;Fitzgerald;;69;181;1994-10-19;North Reading;MA;The United States;;;1
1184;-1;-1;Teemu;Kivihalme;;72;176;1995-6-14;Savage;MN;Finland;The United States;;1
1186;-1;-1;Anton;Blidh;;73;190;1995-3-14;Mˆlnlycke;V‰S;Sweden;;;1
1194;-1;-1;Brogan;Rafferty;;72;194;1995-5-28;West Dundee;IL;The United States;;;1
1265;-1;-1;Victor;Ejdsell;;77;214;1995-6-6;Karlstad;V‰R;Sweden;;;1
1291;-1;-1;Alexander;Kadeykin;;77;216;1993-10-4;Elektrostal;MOS;Russia;;;1
1304;-1;-1;Max;Willman;;72;183;1995-2-13;Barnstable Town;MA;The United States;;;1
1369;-1;-1;Mason;Marchment;;76;209;1995-3-6;Lindsay;ON;Canada;;;1
1440;-1;-1;Christian;Wolanin;;74;185;1995-3-17;Quebec City;QC;The United States;Canada;;1
1455;-1;-1;Matt;Roy;;73;201;1995-3-1;Canton;MI;The United States;;;1
2158;-1;-1;Devante;Smith-Pelly;;72;223;1992-6-14;Toronto;ON;Canada;;;1
2172;-1;-1;Joseph;Blandisi;;72;184;1994-7-18;Markham;ON;Canada;;;1
2174;-1;-1;Cole;Cassels;;72;195;1995-5-4;Columbus;OH;The United States;Canada;;1
2176;-1;-1;Stephen;Harper;;74;209;1995-3-25;Burlington;ON;Canada;;;1
2177;-1;-1;Marcus;McIvor;;74;225;1994-5-20;Whitby;ON;Canada;;;1
2180;-1;-1;Dalton;Smith;;74;206;1992-6-30;Oshawa;ON;Canada;;;1
2181;-1;-1;Ben;Thomson;;75;216;1993-1-16;Orangeville;ON;Canada;;;1
2182;-1;-1;Jacob;Doty;;75;220;1993-6-19;Wolfeboro;NH;The United States;;;1
2183;-1;-1;Turner;Elson;;72;193;1992-9-13;New Westminster;BC;Canada;;;1
2184;-1;-1;Macoy;Erkamps;;72;196;1995-2-2;Delta;BC;Canada;;;1
2185;-1;-1;Tyrell;Goulbourne;;71;194;1994-1-26;Edmonton;AB;Canada;;;1
2188;-1;-1;Evan;Wardley;;75;220;1994-4-26;Vulcan;AB;Canada;;;1
2193;-1;-1;Nikolas;Brouillard;;70;150;1995-2-7;Mont-Saint-Hilaire;QC;Canada;;;1
2195;-1;-1;Alex;Gallant;;72;186;1992-12-8;Summerside;PE;Canada;;;1
2197;-1;-1;Ryan;MacKinnon;;72;190;1994-9-5;Summerside;PE;Canada;;;1
2199;-1;-1;Matt;Murphy;;74;196;1995-5-1;Fredericton;NB;Canada;;;1
2201;-1;-1;Jarid;Lukosevicius;;70;185;1995-2-5;Toronto;ON;Canada;;;1
2207;-1;-1;Ryan;Scarfo;;72;190;1994-3-3;Chelmsford;MA;The United States;;;1
2209;-1;-1;Robbie;Payne;;71;194;1993-5-11;Gaylord;MI;The United States;;;1
2211;-1;-1;Daniel;Brickley;;75;203;1995-3-30;Sandy;UT;The United States;;;1
2220;-1;-1;Mason;Jobst;;68;185;1994-2-17;Zionsville;IN;The United States;;;1
2221;-1;-1;Alex;Kile;;72;201;1994-7-9;Troy;NY;The United States;;;1
2223;-1;-1;Nick;Lappin;;73;177;1992-11-1;Geneva;IL;The United States;;;1
2224;-1;-1;Anthony;Louis;;68;161;1995-2-10;Winfield;IL;The United States;;;1
2226;-1;-1;Dylan;McLaughlin;;71;187;1995-6-5;Lancaster;NY;The United States;;;1
2239;-1;-1;Stephen;Bayliss;;73;201;1994-8-1;Carleton Place;ON;Canada;;;1
2241;-1;-1;Cedric;Lacroix;;73;181;1994-11-2;Magog;QC;Canada;;;1
2242;-1;-1;Jake;Lucchini;;72;181;1995-5-10;Trail;BC;Canada;;;1
2247;-1;-1;Andrew;Shortridge;;76;210;1995-4-26;Anchorage;AK;The United States;;;1
2248;-1;-1;Loren;Ulett;;72;209;1994-9-8;Port Perry;ON;Canada;;;1
2250;-1;-1;Dominik;Shine;;71;183;1993-4-18;Pinckney;MI;The United States;;;1
2252;-1;-1;Patrick;Polino;;69;173;1995-4-11;Spring Valley;NV;The United States;;;1
2253;-1;-1;Logan;Day;;73;212;1994-9-19;Seminole;FL;The United States;;;1
2257;-1;-1;Josh;Healey;;72;205;1994-7-12;Edmonton;AB;Canada;;;1
2267;-1;-1;Colby;Williams;;72;202;1995-1-26;Regina;SK;Canada;;;1
2273;-1;-1;Doyle;Somerby;;78;223;1994-7-4;Marblehead;MA;The United States;;;1
2274;-1;-1;Mark;Simpson;;77;205;1995-4-24;Saint John;NB;Canada;;;1
2298;-1;-1;Cole;Maier;;73;198;1995-6-24;Mason;TN;The United States;;;1
2304;-1;-1;Tyler;Spezia;;70;168;1993-6-7;Clinton Township;MI;The United States;;;1
2309;-1;-1;Terrance;Amorosa;;74;205;1994-11-13;Kirkland;QC;Canada;;;1
2313;-1;-1;Dillon;Kelley;;77;216;1994-9-2;Saginaw;MI;The United States;;;1
2325;-1;-1;Drew;Callin;;75;205;1995-4-5;Madison;WI;The United States;;;1
2332;-1;-1;Jeff;Taylor;;72;182;1994-4-13;Albany;NY;The United States;;;1
2341;-1;-1;Kevin;Lohan;;77;216;1993-10-1;Cold Spring Harbor;NY;The United States;;;1
2420;-1;-1;Matt;Foley;;73;194;1995-4-20;Savannah;GA;The United States;;;1
2429;-1;-1;Eric;Williams;;73;185;1995-6-14;Newmarket;ON;Canada;;;1
2430;-1;-1;Nick;Hutchison;;75;201;1995-4-27;Hicksville;NY;The United States;;;1
2431;-1;-1;Kyle;Marino;;75;220;1995-6-1;Niagara Falls;ON;Canada;;;1
2432;-1;-1;Steenn;Pasichnuk;;75;190;1995-4-5;Cowansville;QC;Canada;;;1
2436;-1;-1;Josh;Teves;;72;171;1995-2-18;Calgary;AB;Canada;;;1
2438;-1;-1;Abbott;Girduckis;;74;190;1995-6-28;Toronto;ON;Canada;;;1
2447;-1;-1;Tyson;Empey;;74;190;1995-6-29;Swift Current;SK;Canada;;;1
3915;-1;-1;Pavel;Cermak;;71;190;1994-4-19;Karvina;MOR;Czech Republic;;;1
3926;-1;-1;Robby;Huber;;76;208;1994-10-6;Louisville;KY;The United States;;;1
3930;-1;-1;Eduardo;EncarnaciÛn;;76;212;1994-10-15;Moreno Valley;CA;The United States;;;1
3939;-1;-1;Ryan;Penn;;75;185;1995-6-27;Kansas City;MO;The United States;;;1
3970;-1;-1;Jay;Ashford;;70;184;1995-6-4;San Francisco;CA;The United States;;;1
3981;-1;-1;Johnathan;McMillan;;77;212;1994-8-28;Claremore;OK;The United States;;;1
3987;-1;-1;Petr;Balek;;74;225;1994-10-26;Zatec;UST;Czech Republic;;;1
4008;-1;-1;Tyler;Froese;;73;213;1995-2-11;Toronto;ON;Canada;;;1
4023;-1;-1;Adrian;Jenni;;69;178;1995-4-5;Schattdorf;UR;Switzerland;;;1
4041;-1;-1;Virginijus;Kazlauskas;;71;205;1994-9-21;Vilnius;VIL;Lithuania;;;1
4045;-1;-1;Dusty;Slaughter;;70;186;1995-2-20;Cleveland;OH;The United States;;;1
4074;-1;-1;Ken;Ross;;73;223;1995-5-22;Miami;FL;The United States;;;1
4079;-1;-1;Magne;Nielsen;;73;219;1994-10-13;Aalborg;NOR;Denmark;;;1
4094;-1;-1;Antoine;Mercier;;73;213;1995-3-6;Rouyn-Noranda;QC;Canada;;;1
4105;-1;-1;Lorenzo;Crespo;;72;210;1994-8-19;Owosso;MI;The United States;;;1
4122;-1;-1;Sergey;Pisarev;;74;202;1994-8-19;Temirtau;KAR;Kazakhstan;;;1
4124;-1;-1;Howard;Pittman;;70;212;1994-10-5;Pittsburgh;PA;The United States;;;1
4125;-1;-1;Juan;Raymundo;;70;177;1995-3-29;Willow Street;PA;The United States;;;1
4130;-1;-1;Milan;Sramko;;74;223;1995-5-9;Trnava;TRN;Slovakia;;;1
4141;-1;-1;Filip;Malmqvist;;73;214;1994-7-19;Sundsvall;V‰S;Sweden;;;1
4168;-1;-1;Lane;Walker;;73;189;1991-11-25;St. Petersburg;FL;The United States;;;1
4192;-1;-1;Tom;James;;73;223;1994-9-5;Mobile;AL;The United States;;;1
4206;-1;-1;Martin;Mintal;;72;176;1994-12-9;Gbely;TRN;Slovakia;;;1
4209;-1;-1;Justin;Hawgood;;72;222;1994-11-15;Toronto;ON;Canada;;;1
4222;-1;-1;Virgil;Bahe;;72;183;1995-1-22;Abilene;TX;The United States;;;1
4233;-1;-1;Bob;Supples;;73;219;1993-7-30;Columbus;OH;The United States;;;1
4234;-1;-1;Steve;Sanford;;74;226;1995-3-6;Lockhart;FL;The United States;;;1
4251;-1;-1;Ettore;Gucci;;71;179;1995-5-3;Chatham-Kent;ON;Canada;;;1
4253;-1;-1;Mario;St-Jean;;74;224;1994-12-5;Montreal;QC;Canada;;;1
4258;-1;-1;Alfie;Pyewell;;77;217;1994-12-12;Polmont;SCO;Scotland;;;1
4263;-1;-1;Olivier;Poulin;;72;211;1994-9-9;Montreal;QC;Canada;;;1
4270;-1;-1;Cedric;Pittman;;76;188;1995-5-1;Milledgeville;GA;The United States;;;1
4288;-1;-1;Oliver;Kyun;;71;206;1995-6-13;Seoul;SEO;South Korea;;;1
4291;-1;-1;Russell;Shalla;;76;194;1995-2-19;Kitchener;ON;Canada;;;1
4296;-1;-1;Eddie;Reynolds;;72;218;1995-3-28;Fullerton;CA;The United States;;;1
4297;-1;-1;Ray;Collingham;;73;194;1994-8-5;El Cerrito (Riverside County);CA;The United States;;;1
4299;-1;-1;Salikh;Zainutdinov;;73;183;1995-2-7;Semypolky;KYY;Ukraine;;;1
4300;-1;-1;Rob;Byerly;;69;206;1994-12-20;Taylor;TX;The United States;;;1
4313;-1;-1;Manny;Bragdon;;69;211;1994-7-10;Fishers;IN;The United States;Ukraine;;1
4350;-1;-1;Norman;Eyahpaise;;77;212;1994-10-28;Kitchener;ON;Canada;;;1
4354;-1;-1;Mike;McCubbin;;74;196;1994-12-19;Oak Park;IL;The United States;;;1
4355;-1;-1;Perry;Morton;;69;170;1995-6-23;Salinas;CA;The United States;;;1
4367;-1;-1;JosÈ;Lozano;;69;177;1994-11-17;Stanton;CA;The United States;;;1
4391;-1;-1;Ian;Bissonnette;;77;189;1994-7-29;Saguenay;QC;Canada;;;1
4397;-1;-1;Tony;Stephens;;72;212;1995-6-25;South Farmingdale;NY;The United States;;;1
4412;-1;-1;Logan;Snapp;;69;212;1995-4-13;St. Louis;MO;The United States;;;1
4438;-1;-1;Viktor;Berner;;74;213;1994-12-11;Stockholm;STO;Sweden;;;1
4452;-1;-1;J·n;Cernac;;72;181;1994-12-20;Liptovsk˝ Hradok;ZIL;Slovakia;;;1
4454;-1;-1;Matt;Wordsworth;;71;185;1995-1-19;Palm Coast;FL;The United States;;;1
4469;-1;-1;Alexander;Nilsson;;68;200;1995-4-28;Danderyd;STO;Sweden;;;1
4475;-1;-1;Robbie;Judge;;70;176;1995-1-13;Rainier;OR;The United States;;;1
4523;-1;-1;Tapio;Vilkman;;70;181;1994-7-3;Porvoo;EAS;Finland;;;1
4541;-1;-1;Jerry;Bickel;;76;206;1995-4-24;Winona;MN;The United States;Germany;;1
4544;-1;-1;Rob;Lewis;;71;200;1994-11-13;Miami Shores;FL;The United States;;;1
4552;-1;-1;Carl;Dye;;75;223;1994-10-21;Mishawaka;IN;The United States;;;1
4565;-1;-1;Emanuel;Strˆmberg;;73;176;1994-11-4;Kiruna;NOR;Sweden;;;1
4569;-1;-1;Doyle;Petty;;71;208;1994-8-15;Cleveland;OH;The United States;;;1
4610;-1;-1;Mavlyanbek;Tursunbekov;;71;209;1994-11-16;Naryn;NAR;Kyrgyzstan;;;1
4612;-1;-1;Walt;Moon;;74;191;1995-2-21;Hendersonville;TN;The United States;;;1
4623;-1;-1;Jeff;Williams;;67;163;1994-7-14;Oshawa;ON;Canada;;;1
4626;-1;-1;Michael;Dickinson;;73;223;1994-8-10;San Jose;CA;The United States;;;1
4643;-1;-1;Markus;Jˆnsson;;71;206;1995-6-9;Arboga;V‰S;Sweden;;;1
4648;-1;-1;Peter;Oliver;;71;173;1995-1-28;Longview;WA;The United States;;;1
4661;-1;-1;Mikhail;Malenkikh;;69;176;1994-8-21;Poletayevo;CHE;Russia;;;1
4663;-1;-1;Myles;Bruce;;71;186;1995-4-28;Lewisville;TX;The United States;;;1
4674;-1;-1;Johnny;Wiggins;;67;172;1994-9-4;Lowell;MA;The United States;;;1
4691;-1;-1;Leon;Wise;;68;194;1994-12-17;New Britain;CT;The United States;;;1
4702;-1;-1;Jamie;Kryzanowski;;74;190;1994-12-17;Brantford;ON;Canada;;;1
4704;-1;-1;Rick;Wade;;69;175;1995-4-23;Anchorage;AK;The United States;;;1
4708;-1;-1;Ken;Babineaux;;70;198;1994-8-14;Morton;TX;The United States;;;1
4709;-1;-1;Jamal;Pustin;;69;176;1994-8-22;Norfolk;NE;The United States;;;1
4717;-1;-1;Mike;Osborne;;72;181;1995-6-13;Bloomington;MN;The United States;;;1
5829;-1;-1;Nikita;Gusev;;71;184;1992-7-8;Moscow;MOS;Russia;;;1
5831;-1;-1;Nail;Yakupov;;71;194;1994-10-6;Nizhnekamsk;TAT;Russia;;;1
5837;-1;-1;Mikhail;Grigorenko;;74;192;1994-5-16;Khabarovsk;KHA;Russia;;;1
5851;-1;-1;Teemu;Pulkkinen;;70;198;1992-1-2;Vantaa;UUS;Finland;;;1
5853;-1;-1;Anton;Slepyshev;;74;219;1994-5-13;Penza;PEN;Russia;;;1
5856;-1;-1;Oscar;Lindberg;;72;186;1991-10-29;SkellefteÂ;V‰S;Sweden;;;1
3;-1;-1;Nicklas;B‰ckstrˆm;;72;206;1987-11-23;G‰vle;G‰V;Sweden;;;1
33;-1;-1;Cal;Clutterbuck;;71;216;1987-11-18;Welland;ON;Canada;;;1
34;-1;-1;Ian;Cole;;73;225;1989-2-21;Ann Arbor;MI;The United States;;;1
62;-1;-1;Alex;Goligoski;;71;174;1985-7-30;Grand Rapids;MI;The United States;;;1
73;-1;-1;Adam;Henrique;;72;191;1990-2-6;Brantford;ON;Canada;;;1
96;-1;-1;Ryan;Kesler;;74;209;1984-8-31;Livonia;MI;The United States;;;1
104;-1;-1;Robin;Lehner;;76;240;1991-7-24;Gˆteborg;V‰S;Sweden;;;1
115;-1;-1;Jacob;Markstrom;;78;205;1990-1-31;G‰vle;G‰V;Sweden;;;1
121;-1;-1;John;Moore;;74;209;1990-11-19;Winnetka;IL;The United States;;;1
133;-1;-1;Kyle;Palmieri;;71;186;1991-2-1;Smithtown;NY;The United States;;;1
178;-1;-1;P.K.;Subban;;72;209;1989-5-13;Toronto;ON;Canada;;;1
180;-1;-1;Brandon;Sutter;;75;193;1989-2-14;Huntington;NY;Canada;The United States;;1
195;-1;-1;Shea;Weber;;76;230;1985-8-14;Sicamous;BC;Canada;;;1
202;-1;-1;Cam;Atkinson;Camsanity;68;175;1989-6-5;Greenwich;CT;The United States;;;1
213;-1;-1;Erik;Gudbranson;;77;224;1992-1-7;Ottawa;ON;Canada;;;1
239;-1;-1;Ben;Chiarot;;75;234;1991-5-9;Hamilton;ON;Canada;;;1
255;-1;-1;Mike;Hoffman;;72;183;1989-11-24;Kitchener;ON;Canada;;;1
260;-1;-1;Zack;Kassian;Kassquatch;75;212;1991-1-24;Windsor;ON;Canada;;;1
275;-1;-1;Cam;Talbot;;76;197;1987-7-5;Caledonia;ON;Canada;;;1
279;-1;-1;Philipp;Grubauer;;73;188;1991-11-25;Rosenheim;BAV;Germany;;;1
282;-1;-1;Darcy;Kuemper;;77;216;1990-5-5;Saskatoon;SK;Canada;;;1
334;-1;-1;Petr;Mr·zek;;74;187;1992-2-14;Ostrava;MOR;Czech Republic;;;1
418;-1;-1;Louis;Domingue;;75;209;1992-3-6;Mont-Saint-Hilaire;QC;Canada;;;1
486;-1;-1;Tommy;Cross;;75;208;1989-9-12;Simsbury;CT;The United States;;;1
488;-1;-1;Casey;DeSmith;;72;181;1991-8-13;Raymond;NH;The United States;;;1
564;-1;-1;Pheonix;Copley;;76;201;1992-1-18;Meadow Lakes;AK;The United States;;;1
808;-1;-1;Nikita;Zaitsev;;74;196;1991-10-29;Moscow;MOS;Russia;;;1
850;-1;-1;Jakob;Silfverberg;;73;203;1990-10-13;G‰vle;G‰V;Sweden;;;1
854;-1;-1;Frederik;Andersen;;76;229;1989-10-2;Herning;RIN;Denmark;;;1
998;-1;-1;Greg;Pateryn;;74;215;1990-6-20;Sterling Heights;MI;The United States;;;1
1093;-1;-1;Jan;Rutta;;75;204;1990-7-29;PÌsek;JIH;Czech Republic;;;1
2170;-1;-1;Garrett;Wilson;;75;218;1991-3-16;Elmvale;ON;Canada;;;1
2205;-1;-1;Cole;Schneider;;74;201;1990-8-26;Williamsville;NY;The United States;;;1
23;-1;-1;Brent;Burns;;77;233;1985-3-9;Ajax;ON;Canada;;;1
37;-1;-1;Logan;Couture;;73;208;1989-3-28;London;ON;Canada;;;1
42;-1;-1;Karson;Kuhlman;;70;190;1995-9-26;Duluth;MN;The United States;;;1
44;-1;-1;Drew;Doughty;;73;207;1989-12-8;London;ON;Canada;;;1
47;-1;-1;Jordan;Eberle;;71;190;1990-5-15;Regina;SK;Canada;;;1
87;-1;-1;Marcus;Johansson;MoJo;71;205;1990-10-6;Landskrona;SKÂ;Sweden;;;1
97;-1;-1;Phil;Kessel;The Thrill;72;206;1987-10-2;Madison;WI;The United States;;;1
99;-1;-1;Anûe;Kopitar;;76;229;1987-8-24;Jesenice;GOR;Slovenia;;;1
105;-1;-1;Kris;Letang;;72;203;1987-4-24;Montreal;QC;Canada;;;1
113;-1;-1;Evgeni;Malkin;Geno;76;197;1986-7-31;Magnitogorsk;CHE;Russia;The United States;;1
130;-1;-1;T.J.;Oshie;;71;191;1986-12-23;Mount Vernon;WA;The United States;;;1
131;-1;-1;Alex;Ovechkin;Ovi;74;236;1985-9-17;Moscow;MOS;Russia;;;1
139;-1;-1;David;Perron;;72;202;1988-5-28;Sherbrooke;QC;Canada;;;1
141;-1;-1;Jeff;Petry;;75;209;1987-12-9;Ann Arbor;MI;The United States;;;1
154;-1;-1;Marco;Scandella;;75;209;1990-2-23;Montreal;QC;Canada;Italy;;1
164;-1;-1;Kevin;Shattenkirk;;72;205;1989-1-29;Greenwich;CT;The United States;;;1
182;-1;-1;Chris;Tanev;;74;199;1989-12-20;Toronto;ON;Canada;;;1
187;-1;-1;Jonathan;Toews;Captain Serious;74;204;1988-4-29;Winnipeg;MB;Canada;;;1
214;-1;-1;Ryan;Johansen;;75;223;1992-7-31;Vancouver;BC;Canada;;;1
236;-1;-1;Cale;Morris;;73;190;1996-5-22;Larkspur;CO;The United States;;;1
238;-1;-1;Mark;Borowiecki;Borocop;74;206;1989-7-12;Ottawa;ON;Canada;;;1
306;-1;-1;Radek;Faksa;;75;222;1994-1-9;Opava;MOR;Czech Republic;;;1
313;-1;-1;Warren;Foegele;;74;198;1996-4-1;Markham;ON;Canada;;;1
324;-1;-1;Zach;Leslie;;72;175;1994-1-31;Ottawa;ON;Canada;;;1
327;-1;-1;Spencer;Martin;;75;207;1995-6-8;Oakville;ON;Canada;;;1
347;-1;-1;Nick;Ritchie;;75;231;1995-12-5;Orangeville;ON;Canada;;;1
359;-1;-1;Tyler;Toffoli;;72;197;1992-4-24;Toronto;ON;Canada;;;1
372;-1;-1;Eric;Comrie;;73;181;1995-7-6;Newport Beach;CA;Canada;The United States;;1
375;-1;-1;Chase;De Leo;;69;185;1995-10-25;La Mirada;CA;The United States;;;1
376;-1;-1;Chris;Driedger;;76;207;1994-5-18;Winnipeg;MB;Canada;;;1
385;-1;-1;Brett;Kulak;;73;196;1994-1-6;Edmonton;AB;Canada;;;1
387;-1;-1;Tyler;Lewington;;74;203;1994-12-5;Sherwood Park;AB;Canada;;;1
390;-1;-1;Jordan;Martinook;;72;196;1992-7-25;Brandon;MB;Canada;;;1
393;-1;-1;Ryan;Murray;;73;205;1993-9-27;Regina;SK;Canada;;;1
406;-1;-1;Chandler;Stephenson;;71;193;1994-4-22;Saskatoon;SK;Canada;;;1
432;-1;-1;Samuel;Morin;;78;203;1995-7-12;Saint-Henri-de-LÈvis;QC;Canada;;;1
433;-1;-1;Liam;O'Brien;;73;214;1994-7-29;Halifax;NS;Canada;;;1
437;-1;-1;Logan;Shaw;;76;210;1992-10-5;Glace Bay;NS;Canada;;;1
449;-1;-1;Sheldon;Rempal;;70;165;1995-8-7;Calgary;AB;Canada;;;1
456;-1;-1;Taro;Hirose;;70;161;1996-6-30;Calgary;AB;Canada;;;1
460;-1;-1;Joel;L'Esperance;;74;209;1995-8-18;Brighton;MI;The United States;;;1
497;-1;-1;John;Stevens;;74;207;1994-4-17;Sea Isle City;NJ;The United States;Canada;;1
518;-1;-1;Hunter;Shepard;;73;209;1995-11-7;Grand Rapids;MN;The United States;;;1
559;-1;-1;Jonny;Brodzinski;;73;205;1993-6-19;Ham Lake;MN;The United States;;;1
568;-1;-1;Sheldon;Dries;;69;185;1994-4-23;Macomb Township;MI;The United States;;;1
569;-1;-1;Hudson;Fasching;;75;205;1995-7-28;Burnsville;NC;The United States;;;1
574;-1;-1;Anthony;Greco;;70;177;1993-9-30;New York;NY;The United States;;;1
575;-1;-1;Jordan;Gross;;70;190;1995-5-9;Maple Grove;MN;The United States;;;1
578;-1;-1;John;Hayden;;75;224;1995-2-14;Greenwich;CT;The United States;;;1
584;-1;-1;Kevin;Labanc;;71;185;1995-12-12;New York;NY;The United States;;;1
586;-1;-1;Vinni;Lettieri;;71;186;1995-2-6;Excelsior;MN;The United States;;;1
595;-1;-1;Hunter;Miska;;73;174;1995-7-7;Stacy;MN;The United States;;;1
599;-1;-1;Gustav;Olofsson;;75;204;1994-12-1;BorÂs;V‰S;Sweden;;;1
608;-1;-1;Steven;Santini;;74;207;1995-3-7;Macedon;NY;The United States;;;1
615;-1;-1;Frankie;Vatrano;;71;199;1994-3-14;East Longmeadow;MA;The United States;;;1
624;-1;-1;Nic;Dowd;;74;200;1990-5-27;Huntsville;AL;The United States;England;;1
644;-1;-1;Jaden;Schwartz;;70;191;1992-6-25;Wilcox;SK;Canada;;;1
661;-1;-1;Ben;Hutton;;74;208;1993-4-20;Prescott;ON;Canada;;;1
702;-1;-1;Drake;Caggiula;;70;177;1994-6-20;Pickering;ON;Canada;;;1
743;-1;-1;Alexander;Kerfoot;;70;182;1994-8-11;West Vancouver;BC;Canada;;;1
744;-1;-1;Jujhar;Khaira;;76;212;1994-8-13;Surrey;BC;Canada;;;1
746;-1;-1;Troy;Stecher;;70;186;1994-4-7;Richmond;BC;Canada;;;1
755;-1;-1;Luke;Philp;;70;187;1995-11-6;Canmore;AB;Canada;;;1
780;-1;-1;Joel;Armia;;76;218;1993-5-31;Pori;SAT;Finland;;;1
787;-1;-1;Petteri;Lindbohm;;75;209;1993-9-23;Helsinki;UUS;Finland;;;1
895;-1;-1;David;Rittich;;75;205;1992-8-19;Jihlava;VYS;Czech Republic;;;1
915;-1;-1;Nikita;Tryamkin;;80;254;1994-8-30;Yekaterinburg;SVE;Russia;;;1
987;-1;-1;Danny;DeKeyser;;75;186;1990-3-7;Detroit;MI;The United States;;;1
1011;-1;-1;Jonas;Johansson;;77;220;1995-9-19;G‰vle;G‰V;Sweden;;;1
1026;-1;-1;Joe;Hicketts;;68;176;1996-5-4;Kamloops;BC;Canada;;;1
1027;-1;-1;John;Quenneville;;73;197;1996-4-16;Sherwood Park;AB;Canada;;;1
1030;-1;-1;Dominic;Turgeon;;74;203;1996-2-25;Cherry Hills Village;CO;The United States;Canada;;1
1035;-1;-1;Clark;Bishop;;73;198;1996-3-29;St. John's;NL;Canada;;;1
1036;-1;-1;Oskar;Sundqvist;;75;210;1994-3-23;Boden;NOR;Sweden;;;1
1037;-1;-1;Brendan;Lemieux;;73;214;1996-3-15;Centennial;CO;Canada;The United States;;1
1038;-1;-1;Mike;Amadio;;74;205;1996-5-13;Sault Ste. Marie;ON;Canada;;;1
1039;-1;-1;Hayden;Hodgson;;74;207;1996-3-2;Windsor;ON;Canada;;;1
1046;-1;-1;Philippe;Desrosiers;;73;201;1995-8-16;Saint-Hyacinthe;QC;Canada;;;1
1058;-1;-1;Roland;McKeown;;73;194;1996-1-20;Listowel;ON;Canada;;;1
1060;-1;-1;Justin;Bailey;;76;214;1995-7-1;Buffalo;NY;The United States;Canada;;1
1061;-1;-1;Brendan;Perlini;;76;212;1996-4-27;Guildford;ENG;Canada;England;;1
1063;-1;-1;Jacob;Middleton;;75;219;1996-1-2;Stratford;ON;Canada;;;1
1080;-1;-1;Jake;Bischoff;;73;197;1994-7-25;Grand Rapids;MN;The United States;;;1
1082;-1;-1;Ryan;MacInnis;;76;201;1996-2-14;St. Louis;MO;The United States;Canada;;1
1088;-1;-1;Cal;Petersen;;73;185;1994-10-19;Waterloo;IA;The United States;;;1
1089;-1;-1;Noel;Acciari;Cookie;70;209;1991-12-1;Johnston;RI;The United States;;;1
1090;-1;-1;Kevin;Rooney;;74;190;1993-5-21;Canton;MA;The United States;;;1
1099;-1;-1;Austin;Poganski;;74;201;1996-2-16;St. Cloud;MN;The United States;;;1
1109;-1;-1;Rodrigo;Abols;;76;205;1996-1-5;Riga;RIG;Latvia;;;1
1111;-1;-1;Tony;Sund;;75;183;1995-8-4;Peders√∂re;OST;Finland;;;1
1132;-1;-1;Vincent;Desharnais;;78;216;1996-5-29;Montreal;QC;Canada;;;1
1147;-1;-1;Maxim;Letunov;;76;181;1996-2-20;Moscow;MOS;Russia;;;1
1162;-1;-1;Colton;Poolman;;73;194;1995-12-18;East Grand Forks;MN;The United States;;;1
1163;-1;-1;Eric;Robinson;;74;201;1995-6-14;Bellmawr;NJ;The United States;;;1
1164;-1;-1;Jerad;Rosburg;;73;205;1996-6-18;Burlington;IA;The United States;;;1
1185;-1;-1;Sean;Malone;;72;198;1995-4-30;West Seneca;NY;The United States;;;1
1191;-1;-1;Vladimir;Tkachev;;70;170;1995-10-5;Omsk;OMS;Russia;;;1
1193;-1;-1;Jon;Lizotte;;73;212;1994-11-10;Bowman;ND;The United States;;;1
1195;-1;-1;Ondrej;Kaöe;;72;187;1995-11-8;Kadan;UST;Czech Republic;;;1
1196;-1;-1;William;Lagesson;;74;207;1996-2-22;Gˆteborg;V‰S;Sweden;;;1
1197;-1;-1;Pierre;Engvall;;77;216;1996-5-31;Ljungby;KRO;Sweden;;;1
1211;-1;-1;Sergei;Boikov;;74;194;1996-1-24;Khabarovsk;KHA;Russia;;;1
1213;-1;-1;Daniel;Walcott;;73;177;1994-2-19;Montreal;QC;Canada;The United States;;1
1229;-1;-1;Josh;Jacobs;;74;201;1996-2-15;Shelby Township;MI;The United States;;;1
1233;-1;-1;Sean;Walker;;71;196;1994-11-13;Georgina;ON;Canada;;;1
1249;-1;-1;Grant;Hutton;;75;205;1995-7-25;Carmel;IN;The United States;;;1
1251;-1;-1;Steven;Lorentz;;76;205;1996-4-13;Waterloo;ON;Canada;;;1
1257;-1;-1;Kristofers;Bindulis;;75;192;1995-9-18;Riga;RIG;Latvia;;;1
1267;-1;-1;Andreas;Englund;;75;190;1996-1-21;Stockholm;STO;Sweden;;;1
1295;-1;-1;Andrei;Svetlakov;;72;205;1996-4-6;Moscow;MOS;Russia;;;1
1301;-1;-1;Louis;Belpedio;;71;196;1996-5-14;Skokie;IL;The United States;;;1
1344;-1;-1;Jalen;Chatfield;;73;187;1996-5-15;Ypsilanti;MI;The United States;;;1
1368;-1;-1;Olle;Alsing;;71;179;1996-5-1;Uppsala;UPP;Sweden;;;1
1373;-1;-1;Gilles;Senn;;77;206;1996-3-1;Visp;VS;Switzerland;;;1
1378;-1;-1;Michael;Carcone;;69;170;1996-5-19;Ajax;ON;Canada;;;1
1381;-1;-1;Gage;Quinney;;71;185;1995-7-29;Las Vegas;NV;The United States;Canada;;1
1436;-1;-1;Lukas;Vejdemo;;73;198;1996-1-25;Stockholm;STO;Sweden;;;1
1451;-1;-1;Brett;Seney;;69;174;1996-2-29;London;ON;Canada;;;1
1452;-1;-1;Mason;Appleton;;74;194;1996-1-15;Green Bay;WI;The United States;;;1
1545;-1;-1;Radim;Zohorna;;78;229;1996-4-29;HavlÌckuv Brod;VYS;Czech Republic;;;1
1629;-1;-1;Alexander;Yelesin;;71;194;1996-2-7;Yaroslavl;YAR;Russia;;;1
1677;-1;-1;Chase;Priskie;;72;185;1996-3-19;Pembroke Pines;FL;The United States;;;1
1689;-1;-1;Rhett;Gardner;;75;209;1996-2-28;Moose Jaw;SK;Canada;;;1
1695;-1;-1;Patrick;Kudla;;75;174;1996-4-2;Guelph;ON;Canada;;;1
1960;-1;-1;Brady;Keeper;;74;196;1996-6-5;Norway House;MB;Canada;;;1
1965;-1;-1;Joe;Snively;;69;181;1996-1-1;Herndon;VA;The United States;;;1
1966;-1;-1;Billy;Sweezey;;74;205;1996-2-6;Hanson;MA;The United States;;;1
2006;-1;-1;Bobby;Nardella;;69;174;1996-4-22;Rosemont;IL;The United States;;;1
2009;-1;-1;Cole;Smith;;75;194;1995-10-28;Phoenix;AZ;The United States;;;1
2154;-1;-1;Greg;Moro;;76;205;1995-10-1;Ottawa;ON;Canada;;;1
2171;-1;-1;Chris;Bigras;;73;194;1995-2-22;Elmvale;ON;Canada;;;1
2187;-1;-1;Jonathon;Martin;;74;216;1995-8-23;Winnipeg;MB;Canada;;;1
2196;-1;-1;JÈrÈmy;GrÈgoire;;72;194;1995-9-5;Sherbrooke;QC;Canada;;;1
2208;-1;-1;Devin;Brosseau;;73;203;1995-7-4;Montreal;QC;Canada;;;1
2228;-1;-1;Keaton;Thompson;;72;196;1995-9-14;Devils Lake;ND;The United States;;;1
2244;-1;-1;Bobby;McMann;;73;203;1996-6-15;Wainwright;AB;Canada;;;1
2255;-1;-1;Adam;Johnson;;72;174;1994-6-22;Hibbing;MN;The United States;;;1
2260;-1;-1;Marc;Michaelis;;71;187;1995-7-31;Mannheim;BAD;Germany;;;1
2266;-1;-1;Reid;Duke;;72;192;1996-1-28;Calgary;AB;Canada;;;1
2268;-1;-1;Adam;Helewka;;74;205;1995-7-21;Burnaby;BC;Canada;;;1
2269;-1;-1;Antti;Suomela;;72;181;1994-3-17;Espoo;UUS;Finland;;;1
2270;-1;-1;Alexis;D'Aoust;;72;201;1996-4-3;Trois-RiviËres;QC;Canada;;;1
2271;-1;-1;Danick;Martel;;69;183;1994-12-12;Drummondville;QC;Canada;;;1
2276;-1;-1;Erik;Brown;;74;194;1995-9-30;Peterborough;ON;Canada;;;1
2281;-1;-1;Christopher;Brown;;72;179;1996-2-22;Pontiac;MI;The United States;;;1
2283;-1;-1;Patrick;Curry;;70;185;1996-1-9;Schaumburg;IL;The United States;;;1
2284;-1;-1;gay;lesbian gay;;0;0;1996-5-29;Montreal;QC;Canada;;;1
2286;-1;-1;Haralds;Egle;;70;194;1996-5-11;Liepaja;LIE;Latvia;;;1
2291;-1;-1;Charlie;Gerard;;70;181;1995-11-19;Rocky River;OH;The United States;;;1
2294;-1;-1;Blake;Hillman;;73;181;1996-1-26;Elk River;MN;The United States;;;1
2302;-1;-1;Josh;Melnick;;70;182;1995-7-10;Annandale;VA;The United States;;;1
2310;-1;-1;Yushiroh;Hirano;;71;216;1995-8-18;Tomakomai;HOK;Japan;;;1
2311;-1;-1;Todd;Burgess;;74;179;1996-4-3;Phoenix;AZ;The United States;;;1
2314;-1;-1;Mitch;Reinke;;71;182;1996-2-4;Stillwater;MN;The United States;;;1
2315;-1;-1;Jack;Dougherty;;73;185;1996-5-25;Cottage Grove;MN;The United States;;;1
2321;-1;-1;Josh;Wesley;;75;207;1996-4-9;Raleigh;NC;The United States;Canada;;1
2323;-1;-1;Frank;Hora;;73;203;1996-6-1;Cheektowaga;NY;The United States;;;1
2328;-1;-1;Andreas;Englund;;75;190;1996-1-21;Stockholm;STO;Sweden;;;1
2330;-1;-1;Brandon;Hickey;;74;201;1996-4-13;Edmonton;AB;Canada;;;1
2331;-1;-1;Cristiano;DiGiacinto;;71;183;1996-1-10;Hamilton;ON;Canada;;;1
2340;-1;-1;Nicholas;Jones;Nick;71;185;1996-5-6;Edmonton;AB;Canada;;;1
2342;-1;-1;Jake;Linhart;;71;185;1996-1-17;Peoria;IL;The United States;;;1
2343;-1;-1;Ryan;Wagner;;68;185;1996-4-15;Park Ridge;IL;The United States;;;1
2378;-1;-1;Colby;McAuley;;72;185;1996-5-28;Sherwood Park;AB;Canada;;;1
2379;-1;-1;Evan;Polei;;74;229;1996-2-19;Wetaskiwin;AB;Canada;;;1
2406;-1;-1;Ryan;Jones;;74;214;1996-5-26;Crown Point;IN;The United States;;;1
2407;-1;-1;Ryan;Lohin;;72;194;1996-6-26;Chester;PA;The United States;;;1
2416;-1;-1;Peter;Tischke;;73;216;1996-1-3;Hinsdale;IL;The United States;;;1
2417;-1;-1;Mason;Morelli;;73;201;1996-2-1;Austin;TX;The United States;;;1
2419;-1;-1;gay;gay;;0;0;1996-2-6;Hanson;MA;The United States;;;1
2423;-1;-1;Jake;Gaudet;;74;201;1996-6-18;Ottawa;ON;Canada;;;1
2426;-1;-1;Lukas;Craggs;;72;190;1996-5-16;Elmhurst;IL;The United States;;;1
2427;-1;-1;Zach;Giuttari;;74;190;1996-4-17;Warwick;RI;The United States;;;1
2428;-1;-1;Anthony;Rinaldi;;72;185;1995-8-17;Montreal;QC;Canada;Italy;;1
2437;-1;-1;Adam;Brubacher;;76;205;1995-12-13;Elmira;ON;Canada;;;1
2439;-1;-1;Yanni;Kaldis;;71;187;1995-9-30;Montreal;QC;Canada;;;1
2440;-1;-1;Jake;McLaughlin;;74;190;1996-3-26;Hinsdale;IL;The United States;;;1
2442;-1;-1;Michael;Kim;;71;201;1995-6-28;Toronto;ON;Canada;;;1
2443;-1;-1;Tommy;Apap;;74;203;1996-2-27;Bloomfield Hills;MI;The United States;;;1
2444;-1;-1;Corbin;Kaczperski;;75;207;1996-3-2;Detroit;MI;The United States;;;1
2448;-1;-1;Tom;Aubrun;;72;186;1995-7-8;Chamonix-Mont-Blanc;RHÙ;France;;;1
3928;-1;-1;Loren;Rainwater;;76;222;1995-8-29;Phoenix;AZ;The United States;;;1
3954;-1;-1;Ryan;Smith;;71;176;1995-12-16;Toronto;ON;Canada;;;1
3959;-1;-1;Jerome;Salmon;;68;174;1995-10-3;Glocester;RI;The United States;;;1
3975;-1;-1;Dario;Silic;;73;212;1996-6-7;SkellefteÂ;V‰S;Sweden;;;1
3992;-1;-1;Brian;Murrell;;72;221;1995-10-8;Keller;TX;The United States;;;1
3999;-1;-1;Gim;Yeon-seok;;73;179;1995-9-24;Holly Springs;NC;The United States;South Korea;;1
4000;-1;-1;Petr;Kral;;72;187;1996-2-1;Klatovy;PLZ;Czech Republic;;;1
4012;-1;-1;Yury;Selyanin;;75;212;1996-5-22;Luga;LEN;Russia;;;1
4033;-1;-1;Brian;Girling;;74;197;1995-9-7;Mount Pleasant;WI;The United States;;;1
4047;-1;-1;Marshall;Bouton;;74;205;1995-8-13;Salem;MA;The United States;;;1
4054;-1;-1;Christian;Raab;;72;210;1995-12-14;Leonberg;BAD;Germany;;;1
4103;-1;-1;Ken;Bruski;;73;201;1995-7-1;Fort Worth;TX;The United States;;;1
4126;-1;-1;Carroll;Tidwell;;74;182;1996-2-3;Milwaukee;WI;The United States;;;1
4153;-1;-1;Larry;Rice;;74;212;1996-3-26;Huffman;TX;The United States;;;1
4158;-1;-1;Trevor;Stephenson;;75;211;1996-6-14;Philadelphia;PA;The United States;;;1
4162;-1;-1;Edmunds;Liepa;;72;180;1995-11-15;Jekabspils;JEK;Latvia;;;1
4164;-1;-1;Matt;Shaw;;73;189;1995-11-7;Richardson;TX;The United States;;;1
4165;-1;-1;Damian;Helsley;;72;203;1996-3-20;Bayonne;NJ;The United States;;;1
4169;-1;-1;Adam;Smyth;;72;214;1996-3-11;North Lakeville;MA;The United States;;;1
4170;-1;-1;Jarrod;Greene;;73;202;1995-11-10;Superior;CO;The United States;;;1
4174;-1;-1;FÈlix-Antoine;RhÈault;;73;225;1995-11-6;Saint-Lazare;QC;Canada;;;1
4177;-1;-1;Aleksandr;Romanovsky;;69;171;1996-4-12;Kinel;SAM;Russia;;;1
4201;-1;-1;Lukas;Svozil;;74;192;1996-5-7;Prague;PRA;Czech Republic;;;1
4219;-1;-1;Terence;Carmack;;72;183;1995-12-5;Glencoe;AL;The United States;;;1
4220;-1;-1;Keith;Beasley;;72;216;1995-10-7;Southfield;MI;The United States;;;1
4240;-1;-1;Nikolas;Laporte;;70;210;1996-5-16;Dollard-des-Ormeaux;QC;Canada;;;1
4248;-1;-1;Axel;Verret;;70;210;1995-12-1;Mercier;QC;Canada;;;1
4266;-1;-1;Ondrej;Kohoutek;;71;194;1996-6-9;Prague;PRA;Czech Republic;;;1
4272;-1;-1;Dewey;Baillargeon;;73;199;1995-12-3;Philadelphia;PA;The United States;;;1
4282;-1;-1;Steve;Miller;;74;181;1995-7-3;Paterson;NJ;The United States;;;1
4301;-1;-1;Kenny;Codrington;;75;196;1996-1-29;Coral Terrace;FL;The United States;;;1
4302;-1;-1;Vasyl;Yevtushenko;;71;204;1995-7-2;Lysychansk;LUH;Ukraine;;;1
4314;-1;-1;Travis;Graham;;72;198;1995-10-25;Nikiski;AK;The United States;;;1
4318;-1;-1;Chris;Dalrymple;;74;200;1996-4-7;Treasure Lake;PA;The United States;;;1
4327;-1;-1;Harry;Imhoff;;74;227;1995-7-18;Kendall West;FL;The United States;;;1
4365;-1;-1;Mike;Hinkle;;73;191;1995-12-7;Glenside;PA;The United States;;;1
4368;-1;-1;Conner;Cohon;;71;186;1996-3-25;Winnipeg;MB;Canada;;;1
4374;-1;-1;Jeremy;Critchlow;;73;193;1995-11-22;Lynn Haven;FL;The United States;;;1
4403;-1;-1;Vital;Shcherba;;72;215;1995-5-9;Mogilev;MOG;Belarus;;;1
4433;-1;-1;Sam;Cerone;;77;222;1995-12-14;Toronto;ON;Canada;;;1
4465;-1;-1;Richard;Paclt;;71;178;1996-2-15;ZlÌn;ZLN;Czech Republic;;;1
4479;-1;-1;Joe;Rose;;73;220;1996-5-15;Colchester;VT;The United States;;;1
4486;-1;-1;John;Logsdon;;71;195;1995-7-10;Chicago;IL;The United States;;;1
4491;-1;-1;Silvan;Frei;;74;206;1995-7-31;Langenthal;BE;Switzerland;;;1
4500;-1;-1;Don;Zimmerman;;73;205;1996-2-23;Richmond;KY;The United States;;;1
4504;-1;-1;Aarne;Salminen;;69;173;1995-10-3;Varkaus;NSA;Finland;;;1
4539;-1;-1;Scott;Blake;;71;178;1995-12-25;Patchogue;NY;The United States;;;1
4540;-1;-1;Jozef;Varga;;71;204;1995-10-4;Ruzomberok;ZIL;Slovakia;;;1
4550;-1;-1;Todd;Stokes;;71;190;1995-9-3;Dayton;OH;The United States;;;1
4553;-1;-1;Mike;Reardon;;70;178;1996-1-18;Oakland;CA;The United States;;;1
4578;-1;-1;Kaimalie;Halola;;73;192;1995-7-3;Land O' Lakes;FL;The United States;;;1
4583;-1;-1;Michal;Dzunka;;70;214;1995-12-23;Nitra;NIT;Slovakia;;;1
4589;-1;-1;Owen;Harman;;69;166;1996-3-27;San Francisco;CA;The United States;;;1
4592;-1;-1;Ivan;Lopin;;76;232;1996-3-25;Novosibirsk;NOV;Russia;;;1
4611;-1;-1;Flemming;Holm;;71;173;1995-7-8;Ballerup;COP;Denmark;;;1
4618;-1;-1;Philip;Dixon;;74;217;1996-4-19;Veteran;NY;The United States;;;1
4642;-1;-1;Kevin;O'Drom;;68;195;1995-10-19;Milton-Freewater;OR;The United States;;;1
4659;-1;-1;Tom·s;Krasa;;72;183;1995-9-8;Karlovy Vary;KAR;Czech Republic;;;1
4687;-1;-1;Cal;Carothers;;71;187;1996-5-20;Providence;RI;The United States;;;1
4693;-1;-1;Kenny;Love;;69;183;1996-4-3;Mississauga;ON;Canada;;;1
4715;-1;-1;Xavier;Slaughter;;72;219;1996-5-7;San Diego;CA;The United States;;;1
5834;-1;-1;Darren;Dietz;;73;208;1993-7-17;Medicine Hat;AB;Canada;;;1
5849;-1;-1;Nikita;Nesterov;;72;203;1993-3-28;Chelyabinsk;CHE;Russia;;;1
53;-1;-1;Tyler;Ennis;;69;164;1989-10-6;Edmonton;AB;Canada;;;1
92;-1;-1;Evander;Kane;;74;214;1991-8-2;Vancouver;BC;Canada;;;1
126;-1;-1;Nino;Niederreiter;;74;219;1992-9-8;Chur;GR;Switzerland;;;1
144;-1;-1;Carey;Price;;75;216;1987-8-16;Vancouver;BC;Canada;;;1
158;-1;-1;Luke;Schenn;;74;229;1989-11-2;Saskatoon;SK;Canada;;;1
232;-1;-1;Jake;Allen;The Snake;74;191;1990-8-7;Fredericton;NB;Canada;;;1
249;-1;-1;Marcus;Foligno;;75;227;1991-8-10;Buffalo;NY;Canada;The United States;;1
269;-1;-1;Ondrej;Palat;;72;195;1991-3-28;Ostrava;MOR;Czech Republic;;;1
369;-1;-1;Laurent;Brossoit;;75;203;1993-3-23;Port Alberni;BC;Canada;;;1
409;-1;-1;Curtis;Valk;;69;170;1993-2-8;Medicine Hat;AB;Kazakhstan;Canada;;1
462;-1;-1;Colin;Blackwell;;69;190;1993-3-28;North Andover;MA;The United States;;;1
507;-1;-1;Trevor;van Riemsdyk;;75;196;1991-7-24;Middletown;NJ;The United States;;;1
589;-1;-1;Alex;Lyon;;73;202;1992-12-9;Baudette;MN;The United States;;;1
620;-1;-1;Josh;Archibald;;70;180;1992-10-6;Regina;SK;The United States;Canada;;1
629;-1;-1;Rocco;Grimaldi;;66;181;1993-2-8;Rossmoor;CA;The United States;;;1
646;-1;-1;Jason;Zucker;;71;187;1992-1-16;Las Vegas;NV;The United States;;;1
784;-1;-1;Mikael;Granlund;;70;185;1992-2-26;Oulu;NOS;Finland;;;1
810;-1;-1;Evgeny;Kuznetsov;;73;209;1992-5-19;Chelyabinsk;CHE;Russia;;;1
857;-1;-1;Anton;Forsberg;;74;192;1992-11-27;H‰rnˆsand;V‰S;Sweden;;;1
6511;-1;-1;Noel;Nordh;;74;220;2005-1-25;Sˆderhamn;G‰V;Sweden;;;1
38;-1;-1;Sidney;Crosby;Sid the Kid;71;201;1987-8-7;Cole Harbour;NS;Canada;;;1
46;-1;-1;Matt;Duchene;;71;198;1991-1-16;Dysart;ON;Canada;;;1
61;-1;-1;Claude;Giroux;;71;191;1988-1-12;Hearst;ON;Canada;;;1
70;-1;-1;Victor;Hedman;;78;243;1990-12-18;÷rnskˆldsvik;V‰S;Sweden;;;1
91;-1;-1;Nazem;Kadri;;72;197;1990-10-6;London;ON;Canada;Lebanon;;1
103;-1;-1;Nick;Leddy;;72;207;1991-3-20;Delano;MN;The United States;;;1
114;-1;-1;Brad;Marchand;;69;184;1988-5-11;Halifax;NS;Canada;;;1
119;-1;-1;Ryan;McDonagh;;73;214;1989-6-13;Arden Hills;MN;The United States;;;1
132;-1;-1;Max;Pacioretty;;74;208;1988-11-20;New Canaan;CT;The United States;;;1
174;-1;-1;Steven;Stamkos;;73;197;1990-2-7;Markham;ON;Canada;;;1
226;-1;-1;David;Savard;;73;234;1990-10-22;Saint-Hyacinthe;QC;Canada;;;1
246;-1;-1;Ryan;Ellis;;70;181;1991-1-3;Hamilton;ON;Canada;;;1
247;-1;-1;Callahan;Burke;;70;196;1997-3-19;Boxborough;MA;The United States;;;1
265;-1;-1;Brayden;McNabb;;76;210;1991-1-21;Davidson;SK;Canada;;;1
296;-1;-1;Trevor;Carrick;;74;172;1994-7-4;Whitchurch-Stouffville;ON;Canada;;;1
298;-1;-1;Nick;Cousins;;71;187;1993-7-20;Belleville;ON;Canada;;;1
302;-1;-1;Jason;Dickinson;;74;201;1995-7-4;Georgetown;ON;Canada;;;1
320;-1;-1;Boone;Jenner;;74;210;1993-6-15;London;ON;Canada;;;1
322;-1;-1;Scott;Laughton;;73;191;1994-5-30;Oakville;ON;Canada;;;1
378;-1;-1;Joel;Edmundson;;76;228;1993-6-28;Brandon;MB;Canada;;;1
389;-1;-1;Gavin;Bayreuther;;73;196;1994-5-12;Canaan;NH;The United States;;;1
404;-1;-1;Damon;Severson;;74;208;1994-8-7;Melville;SK;Canada;;;1
425;-1;-1;Yanni;Gourde;;69;173;1991-12-15;Saint-Narcisse;QC;Canada;;;1
426;-1;-1;Ryan;Graves;;77;221;1995-5-21;Yarmouth;NS;Canada;;;1
435;-1;-1;Jean-Gabriel;Pageau;;70;184;1992-11-11;Ottawa;ON;Canada;;;1
464;-1;-1;Odeen;Tufto;;67;174;1997-1-9;Chaska;MN;The United States;;;1
503;-1;-1;Chad;Ruhwedel;;71;194;1990-5-7;San Diego;CA;The United States;;;1
525;-1;-1;Jack;Adams;;78;209;1997-2-5;Boxford;MA;The United States;;;1
560;-1;-1;Will;Butcher;;70;190;1995-1-6;Sun Prairie;WI;The United States;;;1
572;-1;-1;Zemgus;Girgensons;;74;212;1994-1-5;Riga;RIG;Latvia;;;1
636;-1;-1;Jake;McCabe;;73;206;1993-10-12;Eau Claire;WI;The United States;;;1
657;-1;-1;Wyatt;Kalynuk;;73;185;1997-4-14;Virden;MB;Canada;;;1
710;-1;-1;Nick;Paul;;76;231;1995-3-20;Mississauga;ON;Canada;;;1
745;-1;-1;Mike;Reilly;;73;201;1993-7-13;Chanhassen;MN;The United States;;;1
776;-1;-1;Corey;Schueneman;;72;196;1995-9-2;Laureles;TX;The United States;;;1
809;-1;-1;Vladimir;Tarasenko;;72;225;1991-12-13;Yaroslavl;YAR;Russia;;;1
855;-1;-1;Jesper;Fast;Quickie;72;192;1991-12-2;N‰ssjˆ;JˆN;Sweden;;;1
856;-1;-1;Dean;Kukan;;74;186;1993-7-8;Volketswil;ZH;Switzerland;;;1
891;-1;-1;Joonas;Korpisalo;Korppi;75;192;1994-4-28;Pori;SAT;Finland;;;1
905;-1;-1;Yegor;Korshkov;;76;181;1996-7-10;Novosibirsk;NOV;Russia;Kazakhstan;;1
992;-1;-1;Zach;Hyman;Buster;73;213;1992-6-9;Toronto;ON;Canada;;;1
993;-1;-1;Torey;Krug;;69;190;1991-4-12;Livonia;MI;The United States;;;1
1002;-1;-1;Pavel;Kraskovsky;;76;216;1996-9-11;Yaroslavl;YAR;Russia;;;1
1016;-1;-1;Calle;RosÈn;;72;178;1994-2-2;V‰xjˆ;KRO;Sweden;;;1
1034;-1;-1;Nicolas;AubÈ-Kubel;;71;187;1996-5-10;Sorel-Tracy;QC;Canada;;;1
1052;-1;-1;Anthony;Richard;;70;163;1996-12-20;Trois-RiviËres;QC;Canada;;;1
1054;-1;-1;Spencer;Smallman;;73;198;1996-9-9;Summerside;PE;Canada;;;1
1055;-1;-1;Darren;Raddysh;;72;201;1996-2-28;Caledon;ON;Canada;;;1
1066;-1;-1;Manuel;Wiederer;;73;174;1996-11-21;Deggendorf;BAV;Germany;;;1
1084;-1;-1;Oskar;Lindblom;;74;192;1996-8-15;G‰vle;G‰V;Sweden;;;1
1092;-1;-1;David;K‰mpf;;73;195;1995-1-12;Jirkov;UST;Czech Republic;;;1
1094;-1;-1;Nathan;Todd;;73;201;1995-12-2;Kemptville;ON;Canada;;;1
1095;-1;-1;Evgeny;Svechnikov;;75;207;1996-10-31;Yuzhno-Sakhalinsk;SAK;Russia;;;1
1098;-1;-1;Karel;Vejmelka;;76;223;1996-5-25;TrebÌc;VYS;Czech Republic;;;1
1105;-1;-1;Colin;White;;72;183;1997-1-30;Hanover;MA;The United States;;;1
1114;-1;-1;Oliwer;Kaski;;75;196;1995-9-4;Pori;SAT;Finland;;;1
1121;-1;-1;Jack;Becker;;75;192;1997-6-24;Mahtomedi;MN;The United States;;;1
1123;-1;-1;Callum;Booth;;76;204;1997-5-21;Montreal;QC;Canada;England;;1
1139;-1;-1;A.J.;Greer;;75;205;1996-12-14;Montreal;QC;Canada;;;1
1140;-1;-1;Cameron;Hughes;;71;161;1996-10-9;Edmonton;AB;Canada;;;1
1141;-1;-1;Mathieu;Joseph;;73;190;1997-2-9;Chambly;QC;Canada;;;1
1146;-1;-1;Cameron;Lee;;72;190;1997-2-18;Halifax;NS;Canada;The United States;;1
1148;-1;-1;Matt;Luff;;74;196;1997-5-5;Oakville;ON;Canada;;;1
1150;-1;-1;Cooper;Marody;;72;185;1996-12-20;Brighton;MI;The United States;;;1
1151;-1;-1;Joe;Masonius;;72;190;1997-2-17;Spring Lake;NJ;The United States;;;1
1154;-1;-1;Sam;Miletic;;72;196;1997-5-4;Bloomfield Township;MI;The United States;;;1
1157;-1;-1;Philippe;Myers;;77;209;1997-1-25;Moncton;NB;Canada;;;1
1158;-1;-1;Logan;O'Connor;;72;174;1996-8-14;Calgary;AB;Canada;The United States;;1
1166;-1;-1;Nicolas;Roy;;76;207;1997-2-5;Amos;QC;Canada;;;1
1168;-1;-1;Blake;Speers;;71;185;1997-1-2;Sault Ste. Marie;ON;Canada;;;1
1171;-1;-1;Jeffrey;Viel;;74;205;1997-1-28;Rimouski;QC;Canada;;;1
1172;-1;-1;Mitch;Vande Sompel;;71;198;1997-2-11;London;ON;Canada;;;1
1174;-1;-1;Colton;White;;73;188;1997-5-3;London;ON;Canada;;;1
1175;-1;-1;Nick;Wolff;;77;229;1996-7-21;Eagan;MN;The United States;;;1
1177;-1;-1;Carl;Dahlstrˆm;;77;230;1995-1-28;Stockholm;STO;Sweden;;;1
1188;-1;-1;Otto;Leskinen;;71;187;1997-2-6;Pieks‰m‰ki;SSA;Finland;;;1
1189;-1;-1;Ilya;Mikheyev;;74;192;1994-10-10;Omsk;OMS;Russia;;;1
1206;-1;-1;Filip;Berglund;;75;205;1997-5-10;SkellefteÂ;V‰S;Sweden;;;1
1224;-1;-1;Noah;Juulsen;;74;201;1997-4-2;Surrey;BC;Canada;;;1
1228;-1;-1;Deven;Sideroff;;72;174;1997-4-14;Summerland;BC;Canada;;;1
1231;-1;-1;Vili;Saarij‰rvi;;70;183;1997-5-15;Rovaniemi;LAP;Finland;;;1
1234;-1;-1;Denis;Malgin;;69;176;1997-1-18;Olten;SO;Switzerland;Russia;;1
1238;-1;-1;Justin;Kirkland;;75;205;1996-8-2;Camrose;AB;Canada;;;1
1240;-1;-1;Nick;Merkley;;70;197;1997-5-23;Calgary;AB;Canada;;;1
1245;-1;-1;Jayden;Halbgewachs;;69;171;1997-3-22;Emerald Park;SK;Canada;;;1
1250;-1;-1;Cavan;Fitzgerald;;73;190;1996-8-23;Boston;MA;Canada;The United States;;1
1266;-1;-1;Gabriel;Carlsson;;77;203;1997-1-2;÷rebro;÷RE;Sweden;;;1
1268;-1;-1;Kevin;Stenlund;;76;222;1996-9-20;Tumba;STO;Sweden;;;1
1278;-1;-1;Victor;Brattstrˆm;;76;204;1997-3-22;Gˆteborg;V‰S;Sweden;;;1
1280;-1;-1;Erik;K‰llgren;;75;206;1996-10-14;Stockholm;STO;Sweden;;;1
1281;-1;-1;Joren;van Pottelberghe;;75;204;1997-6-5;Zug;ZG;Switzerland;Belgium;;1
1284;-1;-1;Jakob;Forsbacka Karlsson;JFK;73;187;1996-10-31;Stockholm;STO;Sweden;;;1
1285;-1;-1;Vladimir;Bobylyov;;74;203;1997-4-18;Lipetsk;LIP;Russia;;;1
1286;-1;-1;Alexander;Dergachyov;;76;201;1996-9-27;Langepas;KHA;Russia;;;1
1287;-1;-1;Stepan;Falkovsky;;81;220;1996-12-18;Minsk;MIN;Belarus;;;1
1288;-1;-1;Ivan;Fedotov;;80;233;1996-11-28;St. Petersburg;SAI;Russia;;;1
1289;-1;-1;Alexandar;Georgiyev;;73;181;1996-2-10;Ruse;RUS;Russia;Bulgaria;;1
1293;-1;-1;Pavel;Karnaukhov;;75;205;1997-3-15;Minsk;MIN;Russia;Belarus;;1
1296;-1;-1;Yakov;Trenin;;74;201;1997-1-13;Chelyabinsk;CHE;Russia;;;1
1303;-1;-1;Danton;Heinen;;73;187;1995-7-5;Langley;BC;Canada;;;1
1306;-1;-1;Shane;Gersich;;71;181;1996-7-10;Chaska;MN;The United States;;;1
1312;-1;-1;Dmitri;Zhukenov;;71;174;1997-3-24;Omsk;OMS;Russia;;;1
1349;-1;-1;Joseph;Cecconi;;75;216;1997-5-23;Youngstown;NY;The United States;;;1
1364;-1;-1;Andong;Song;Misha;73;183;1997-1-31;Beijing;BEI;China;;;1
1374;-1;-1;Martinö;Dzierkals;;70;183;1997-4-4;Riga;RIG;Latvia;;;1
1382;-1;-1;Devante;Stephens;;75;185;1997-1-2;White Rock;BC;Canada;;;1
1427;-1;-1;Jansen;Harkins;;74;187;1997-5-23;Cleveland;OH;Canada;The United States;;1
1431;-1;-1;Keegan;Kolesar;;74;227;1997-4-8;Winnipeg;MB;Canada;;;1
1435;-1;-1;Mike;Robinson;;76;206;1997-3-27;Bedford;NH;The United States;;;1
1437;-1;-1;Matej;Tomek;;75;201;1997-5-24;Bratislava;BRA;Slovakia;;;1
1438;-1;-1;Dennis;Gilbert;;74;216;1996-10-30;Williamsville;NY;The United States;;;1
1444;-1;-1;Ryan;Shea;;74;190;1997-2-11;Milton;MA;The United States;;;1
1446;-1;-1;David;Kaöe;;71;170;1997-1-28;Kadan;UST;Czech Republic;;;1
1508;-1;-1;Brayden;Burke;;70;165;1997-1-1;Edmonton;AB;Canada;;;1
1521;-1;-1;Brennan;Menell;;71;183;1997-5-24;Woodbury;MN;The United States;;;1
1589;-1;-1;Casey;Fitzgerald;;71;179;1997-2-25;North Reading;MA;The United States;;;1
1665;-1;-1;Peter;Thome;;76;237;1997-5-24;Minneapolis;MN;The United States;;;1
1671;-1;-1;Tanner;Laczynski;;73;205;1997-6-1;Shorewood;IL;The United States;;;1
1678;-1;-1;Damien;Riat;;72;181;1997-2-26;Geneva;GE;Switzerland;;;1
1688;-1;-1;Brandon;Duhaime;;74;201;1997-5-22;Parkland;FL;The United States;;;1
1692;-1;-1;Nolan;Stevens;;75;183;1996-7-22;Sea Isle City;NJ;The United States;Canada;;1
1694;-1;-1;Michael;Eyssimont;;72;190;1996-8-9;Littleton;CO;The United States;;;1
1747;-1;-1;Cam;Fowler;;73;209;1991-12-5;Windsor;ON;The United States;Canada;;1
1967;-1;-1;Jeff;Malott;;76;201;1996-8-7;Burlington;ON;Canada;;;1
1969;-1;-1;Henry;Bowlby;;73;194;1997-2-26;Edina;MN;The United States;;;1
1971;-1;-1;Connor;Mackey;;74;190;1996-9-12;Tower Lakes;IL;The United States;Canada;;1
1974;-1;-1;Devin;Cooley;;77;227;1997-5-25;Los Gatos;CA;The United States;;;1
2007;-1;-1;Jordan;Kawaguchi;;69;201;1997-5-4;Abbotsford;BC;Canada;;;1
2153;-1;-1;Eduards;Tralmaks;;76;220;1997-2-17;Riga;RIG;Latvia;;;1
2218;-1;-1;Kale;Howarth;;77;201;1997-6-10;Red Deer;AB;Canada;;;1
2225;-1;-1;Ian;McCoshen;;75;218;1995-8-5;Faribault;MN;The United States;;;1
2246;-1;-1;Justin;Scott;;73;194;1995-8-13;Burlington;ON;Canada;;;1
2272;-1;-1;Josh;Ho-Sang;;72;172;1996-1-22;Toronto;ON;Canada;;;1
2275;-1;-1;Christian;KÂsastul;;70;198;1997-4-9;Skien;TEL;Norway;;;1
2277;-1;-1;Karch;Bachman;;71;174;1997-3-10;Rome City;IN;The United States;;;1
2278;-1;-1;Jean-Christophe;Beaudin;;73;196;1997-3-25;Saint-Bruno;QC;Canada;;;1
2280;-1;-1;Jeremy;Brodeur;;72;196;1996-10-29;Essex Fells;NJ;The United States;Canada;;1
2287;-1;-1;Christian;Evers;;74;201;1997-5-25;Waukee;IA;The United States;;;1
2288;-1;-1;Gabriel;Fontaine;;73;203;1997-4-30;Sherbrooke;QC;Canada;;;1
2289;-1;-1;Olivier;Galipeau;;72;203;1997-5-22;Montreal;QC;Canada;;;1
2295;-1;-1;Graham;Knott;;75;192;1997-1-13;East Gwillimbury;ON;Canada;;;1
2296;-1;-1;Samuel;Laberge;;74;205;1997-4-10;Ch‚teauguay;QC;Canada;;;1
2297;-1;-1;Aaron;Luchuk;;70;185;1997-4-5;Kingston;ON;Canada;;;1
2301;-1;-1;Brett;McKenzie;;74;190;1997-3-12;Ottawa;ON;Canada;;;1
2303;-1;-1;Tobie;Paquette-Bisson;;75;194;1997-2-1;RosemËre;QC;Canada;;;1
2305;-1;-1;Nate;Sucese;;69;174;1996-7-12;Fairport;NY;The United States;;;1
2306;-1;-1;Brendan;Warren;;72;192;1997-5-7;Carleton;MI;The United States;;;1
2308;-1;-1;Chris;Wilkie;;72;190;1996-7-10;Omaha;NE;The United States;;;1
2312;-1;-1;Zach;Jordan;;75;216;1996-11-12;Collinsville;IL;The United States;;;1
2318;-1;-1;Matt;Alfaro;;74;194;1996-8-6;Calgary;AB;Canada;;;1
2320;-1;-1;Colt;Conrad;;70;179;1997-4-27;Winnipeg;MB;Canada;;;1
2322;-1;-1;Dmitri;Osipov;;76;229;1996-10-4;Moscow;MOS;Russia;;;1
2324;-1;-1;Thomas;Schemitsch;;76;205;1996-10-26;Thornhill;ON;Canada;;;1
2326;-1;-1;Logan;Flodell;;72;203;1997-2-10;Regina;SK;Canada;;;1
2327;-1;-1;Nikita;Pavlychev;;79;201;1997-3-23;Yaroslavl;YAR;Russia;;;1
2333;-1;-1;Brandon;Crawley;;73;205;1997-2-2;Glen Rock;NJ;The United States;;;1
2347;-1;-1;Morgan;Adams-Moisan;;74;216;1997-2-6;La Tuque;QC;Canada;;;1
2352;-1;-1;Dennis;Yan;;74;192;1997-4-14;Portland;OR;The United States;Russia;;1
2353;-1;-1;Andrew;Nielsen;;76;225;1996-11-13;Red Deer;AB;Canada;;;1
2354;-1;-1;Jake;Massie;;73;179;1997-1-21;Hudson;QC;Canada;;;1
2355;-1;-1;Patrick;Holway;;77;220;1996-10-1;Boston;MA;The United States;;;1
2356;-1;-1;Marcus;Vela;;74;201;1997-3-3;Burnaby;BC;Canada;;;1
2377;-1;-1;Evan;Weinger;;72;194;1997-4-18;Los Angeles;CA;The United States;;;1
2380;-1;-1;Cameron;Hebig;;70;183;1997-1-21;Saskatoon;SK;Canada;;;1
2400;-1;-1;Matt;Jurusik;;74;203;1997-5-1;Hinsdale;IL;The United States;;;1
2421;-1;-1;Tristan;Mullin;;74;196;1996-10-9;Cartwright;MB;Canada;;;1
2422;-1;-1;Trevor;Cosgrove;;72;194;1997-6-4;Exeter;NH;The United States;;;1
2424;-1;-1;Butrus;Ghafari;;71;196;1996-7-4;Detroit;MI;The United States;Lebanon;;1
2425;-1;-1;John;Lethemon;;75;201;1996-8-16;Northville;MI;The United States;;;1
2433;-1;-1;Jacob;Wilson;;71;185;1997-2-27;Ballwin;MO;The United States;;;1
2435;-1;-1;Tory;Dello;;72;190;1997-2-14;Crystal Lake;IL;The United States;;;1
2441;-1;-1;Carson;Gicewicz;;75;212;1997-3-4;Orchard Park;NY;The United States;;;1
2445;-1;-1;Ty;Pelton-Byce;;74;197;1997-4-14;Madison;WI;The United States;;;1
3935;-1;-1;Nick;Tucker;;74;205;1996-9-8;Marrero;LA;The United States;;;1
3964;-1;-1;Dennis;Benz;;71;175;1997-6-3;Sursee;LU;Switzerland;;;1
3973;-1;-1;Larry;Ballam;;73;190;1997-5-14;Ellicott City;MD;The United States;;;1
3976;-1;-1;Patrik;Novak;;72;211;1996-10-22;HlucÌn;MOR;Czech Republic;;;1
4007;-1;-1;Nicky;Lau;;74;224;1996-10-7;Round Lake;IL;The United States;;;1
4017;-1;-1;Tom;Shumway;;73;187;1996-8-18;Buffalo;TX;The United States;;;1
4050;-1;-1;Stephen;Pierce;;73;202;1996-10-8;Summerville;SC;The United States;;;1
4056;-1;-1;Anton;Pazy;;73;221;1996-12-8;Suzdal;VLA;Russia;;;1
4064;-1;-1;Kirill;Kalin;;68;184;1996-12-10;Prokopyevsk;KEM;Russia;;;1
4081;-1;-1;Sam;O'Neill;;75;193;1996-7-7;Taylor;MI;The United States;;;1
4091;-1;-1;Jason;Etem;;72;212;1997-6-11;Plainfield;NJ;The United States;;;1
4107;-1;-1;Jacob;Noon;;72;188;1996-7-18;Georgetown;ON;Canada;;;1
4140;-1;-1;Ivan;Semyonov;;75;220;1996-10-16;Surgut;KHA;Russia;;;1
4147;-1;-1;Jimmy;Sherman;;72;221;1996-9-20;Jamestown;NY;The United States;;;1
4178;-1;-1;Erich;Gˆtz;;71;211;1997-6-11;Saterland;LOW;Germany;;;1
4181;-1;-1;Michael;Hanko;;73;184;1997-6-14;Beroun;STR;Czech Republic;;;1
4191;-1;-1;Allan;Kaminsky;;73;183;1996-7-30;Sioux City;IA;The United States;;;1
4194;-1;-1;Jake;Charest;;69;166;1996-7-6;Gainesville;GA;The United States;;;1
4202;-1;-1;Lee;Honeybourne;;77;206;1996-9-10;Boston;MA;The United States;;;1
4216;-1;-1;Jim;Hodges;;74;209;1997-3-17;La Joya;TX;The United States;;;1
4237;-1;-1;Jason;Barton;;72;177;1996-10-21;Markham;ON;Canada;;;1
4259;-1;-1;Melvin;Mordaunt;;71;196;1997-5-23;Randolph;NJ;The United States;;;1
4261;-1;-1;Brodie;Howat;;69;199;1997-2-28;Beaumont;AB;Canada;;;1
4267;-1;-1;Howard;Cambell;;74;204;1997-6-25;Kenosha;WI;The United States;;;1
4278;-1;-1;Jeff;Gunther;;72;187;1997-2-3;Plymouth;MN;The United States;;;1
4304;-1;-1;Patrick;Spring;;73;216;1996-7-1;Ottawa;ON;Canada;;;1
4310;-1;-1;Cory;Hackett;;75;223;1996-7-31;Cottage Grove;MN;The United States;;;1
4326;-1;-1;Samuel;Schmid;;72;203;1997-4-24;Nidau;BE;Switzerland;;;1
4328;-1;-1;Arseny;Voynov;;70;182;1996-7-24;Samara;SAM;Russia;;;1
4346;-1;-1;Joe;Austin;;71;186;1996-9-2;Bethel;ME;The United States;;;1
4364;-1;-1;Stefan;Hylak;;72;219;1996-8-6;Liptovsk˝ Hradok;ZIL;Slovakia;;;1
4378;-1;-1;Jaxen;Czibere;;73;180;1997-4-11;Fort Saskatchewan;AB;Canada;;;1
4388;-1;-1;Dax;Lyon;;77;226;1996-7-17;Erie;PA;The United States;;;1
4390;-1;-1;Alfredo;Barrera;;70;214;1997-3-28;Little Rock;AR;The United States;;;1
4392;-1;-1;Fredrik;Johansson;;75;215;1997-6-6;Kungsbacka;V‰S;Sweden;;;1
4400;-1;-1;Bhupinder;Dhaliwal;;72;210;1997-3-10;London;ON;Canada;;;1
4417;-1;-1;Brent;Erwine;;74;198;1997-1-16;New York;NY;The United States;;;1
4419;-1;-1;Joe;O'Connell;;71;174;1996-11-24;Marion;IA;The United States;;;1
4425;-1;-1;Andrey;Smolin;;73;209;1997-2-12;Labinsk;KRA;Russia;;;1
4435;-1;-1;Gavriil;Gaydar;;70;182;1997-5-18;Moscow;MOS;Russia;;;1
4437;-1;-1;Adrian;MacGruder;;71;202;1996-12-25;Superior;WI;The United States;;;1
4473;-1;-1;Harrison;Hixson;;71;203;1997-5-5;Alhambra;CA;The United States;;;1
4482;-1;-1;Robert;Michael;;69;193;1997-6-9;Brooklyn;NY;The United States;;;1
4484;-1;-1;Carl;Kingsmore;;70;213;1996-9-20;Goshen;IN;The United States;;;1
4505;-1;-1;Larry;Cranfield;;73;183;1996-7-22;Des Moines;IA;The United States;;;1
4512;-1;-1;Matt;Sorensen;;68;191;1997-2-8;Canastota;NY;The United States;;;1
4526;-1;-1;Ken;Hults;;71;196;1996-11-19;Fort Wayne;IN;The United States;;;1
4537;-1;-1;Richie;Pope;;71;204;1996-11-8;Overland Park;KS;The United States;;;1
4563;-1;-1;Robin;Sundberg;;69;199;1997-3-31;Stockholm;STO;Sweden;;;1
4568;-1;-1;Bill;Hawkes;;70;200;1996-8-18;Mansfield;OH;The United States;;;1
4576;-1;-1;Terry;Henshaw;;73;196;1997-5-14;Londonderry;NH;The United States;;;1
4580;-1;-1;Dzyanis;Domash;;71;205;1996-12-23;Mosty;GRO;Belarus;;;1
4591;-1;-1;Shane;Verran;;72;223;1996-8-27;San Francisco;CA;The United States;;;1
4608;-1;-1;Chris;Church;;68;194;1997-3-17;Philadelphia;PA;The United States;;;1
4613;-1;-1;Joseph;Laporte;;73;190;1996-8-26;Montreal;QC;Canada;;;1
4615;-1;-1;Anthony;Richardson;;73;197;1997-4-16;Anderson;IN;The United States;;;1
4649;-1;-1;Tijn;Beekman;;74;229;1996-8-12;Putten;GEL;The Netherlands;;;1
4681;-1;-1;Douglas;McIntyre;;70;172;1997-2-24;Mount Lebanon;PA;The United States;;;1
4686;-1;-1;Dayton;Stone;;70;216;1997-5-12;Brantford;ON;Canada;;;1
4705;-1;-1;Mark;Fancher;;74;189;1996-7-19;Jackson;MS;The United States;;;1
5850;-1;-1;Nikolai;Goldobin;;71;184;1995-10-7;Moscow;MOS;Russia;;;1
5937;-1;-1;Miko;Matikka;;75;195;1997-6-28;Helsinki;UUS;Finland;;;1
285;-1;-1;Josh;Anderson;;75;227;1994-5-7;Burlington;ON;Canada;;;1
289;-1;-1;Jordan;Binnington;;74;175;1993-7-11;Richmond Hill;ON;Canada;;;1
308;-1;-1;Alex;Galchenyuk;Chucky;73;195;1994-2-12;Merrill;WI;The United States;Russia;;1
311;-1;-1;John;Gibson;;74;207;1993-7-14;Pittsburgh;PA;The United States;;;1
328;-1;-1;Brock;McGinn;;72;191;1994-2-2;Fergus;ON;Canada;;;1
337;-1;-1;Matt;Murray;;76;179;1994-5-25;Thunder Bay;ON;Canada;The Netherlands;;1
342;-1;-1;Tanner;Pearson;;73;201;1992-8-10;Kitchener;ON;Canada;;;1
345;-1;-1;Rickard;Rakell;;73;203;1993-5-5;Sundbyberg;STO;Sweden;;;1
362;-1;-1;Austin;Watson;;76;205;1992-1-13;Ann Arbor;MI;The United States;;;1
403;-1;-1;Ashton;Sautner;;73;194;1994-5-27;Wolseley;SK;Canada;;;1
423;-1;-1;FrÈdÈrick;Gaudreau;;72;179;1993-5-1;Bromont;QC;Canada;;;1
474;-1;-1;Matthew;Peca;;69;189;1993-4-27;Petawawa;ON;Canada;;;1
496;-1;-1;Josh;Manson;;75;225;1991-10-7;Prince Albert;SK;Canada;The United States;;1
542;-1;-1;Tucker;Poolman;;76;219;1993-6-8;Chatfield;MN;The United States;;;1
579;-1;-1;Vinnie;Hinostroza;;70;176;1994-4-3;Bartlett;IL;The United States;;;1
631;-1;-1;Justin;Holl;;76;194;1992-1-30;Spring Lake Park;MN;The United States;;;1
635;-1;-1;Scott;Mayfield;;77;225;1992-10-14;Republic;MO;The United States;;;1
796;-1;-1;Tom·ö;Nosek;;74;207;1992-9-1;Pardubice;PAR;Czech Republic;;;1
842;-1;-1;Elvis;Merzlikins;;75;185;1994-4-13;Riga;RIG;Latvia;Switzerland;;1
845;-1;-1;Patrik;Nemeth;;76;230;1992-2-8;Stockholm;STO;Sweden;;;1
926;-1;-1;Ilya;Lyubushkin;;74;203;1994-4-6;Moscow;MOS;Russia;;;1
984;-1;-1;Blake;Coleman;Pickles;71;207;1991-11-28;Plano;TX;The United States;;;1
996;-1;-1;Jon;Merrill;;75;206;1992-2-3;Brighton;MI;The United States;;;1
1013;-1;-1;Erik;Gustafsson;;72;197;1992-3-14;Nyn‰shamn;STO;Sweden;;;1
1072;-1;-1;Markus;Nutivaara;;73;189;1994-6-6;Oulu;NOS;Finland;;;1
26;-1;-1;John;Carlson;;75;221;1990-1-10;Montague;MA;The United States;;;1
45;-1;-1;Jack;Badini;;72;203;1998-1-19;Greenwich;CT;The United States;;;1
90;-1;-1;Alex;Green;;74;196;1998-6-18;Chicago;IL;The United States;;;1
94;-1;-1;Erik;Karlsson;;72;193;1990-5-31;Landsbro;JˆN;Sweden;;;1
135;-1;-1;Cole;Koepke;;73;196;1998-5-17;Hermantown;MN;The United States;;;1
157;-1;-1;Brayden;Schenn;;73;204;1991-8-22;Saskatoon;SK;Canada;;;1
166;-1;-1;Jeff;Skinner;;71;198;1992-5-16;Markham;ON;Canada;;;1
170;-1;-1;Jared;Spurgeon;;69;167;1989-11-29;Edmonton;AB;Canada;;;1
184;-1;-1;John;Tavares;;73;213;1990-9-20;Mississauga;ON;Canada;;;1
204;-1;-1;T.J.;Brodie;;73;183;1990-6-7;Chatham-Kent;ON;Canada;;;1
209;-1;-1;Mattias;Ekholm;;76;220;1990-5-24;Borl‰nge;DAL;Sweden;;;1
210;-1;-1;Justin;Faulk;;72;216;1992-3-20;South St. Paul;MN;The United States;;;1
233;-1;-1;Jon;Marchessault;;69;178;1990-12-27;Quebec City;QC;Canada;;;1
287;-1;-1;Andreas;Athanasiou;;74;188;1994-8-6;Vaughan;ON;Canada;;;1
335;-1;-1;Connor;Murphy;;76;216;1993-3-26;Dublin;OH;The United States;Canada;;1
354;-1;-1;Ryan;Strome;;73;197;1993-7-11;Mississauga;ON;Canada;;;1
360;-1;-1;Vincent;Trocheck;;70;189;1993-7-11;Pittsburgh;PA;The United States;;;1
380;-1;-1;Brendan;Gallagher;;69;186;1992-5-6;Delta;BC;Canada;;;1
407;-1;-1;Mark;Stone;;76;224;1992-5-13;Winnipeg;MB;Canada;;;1
416;-1;-1;Phillip;Danault;;73;208;1993-2-24;Victoriaville;QC;Canada;;;1
448;-1;-1;Johannes;Kinnvall;;71;185;1997-7-28;Stockholm;STO;Sweden;;;1
451;-1;-1;Carl-Johan;Lerby;;71;181;1997-7-7;Stockholm;STO;Sweden;;;1
459;-1;-1;Cole;Hults;;72;190;1998-5-22;Stoughton;WI;The United States;;;1
465;-1;-1;Shayne;Gostisbehere;Ghost Bear;71;183;1993-4-20;Margate;FL;The United States;France;;1
501;-1;-1;Evan;Rodrigues;;71;184;1993-7-28;Toronto;ON;Canada;;;1
524;-1;-1;Jackson;Cates;;72;190;1997-9-28;Stillwater;MN;The United States;;;1
533;-1;-1;Nick;Swaney;;70;179;1997-9-9;Lakeville;MN;The United States;;;1
576;-1;-1;Matt;Grzelcyk;;71;179;1994-1-5;Boston;MA;The United States;;;1
577;-1;-1;Ryan;Hartman;;72;193;1994-9-20;Westmont;IL;The United States;;;1
582;-1;-1;Alex;Iafallo;;72;187;1993-12-21;Eden;NY;The United States;;;1
611;-1;-1;Brady;Skjei;;75;211;1994-3-26;Lakeville;MN;The United States;;;1
639;-1;-1;Brock;Nelson;;75;214;1991-10-15;Winnebago;MN;The United States;;;1
648;-1;-1;Artyom;Manukyan;;67;154;1998-6-9;Omsk;OMS;Russia;Armenia;;1
654;-1;-1;Carson;Meyer;;71;187;1997-8-18;Powell;OH;The United States;;;1
660;-1;-1;Will;Reilly;;74;196;1997-7-23;Toronto;ON;Canada;;;1
707;-1;-1;Mark;Friedman;;71;185;1995-12-25;Toronto;ON;Canada;;;1
783;-1;-1;Jani;Hakanp‰‰;;78;221;1992-3-31;Kirkkonummi;UUS;Finland;;;1
825;-1;-1;Rasmus;Ristolainen;RR55;76;221;1994-10-27;Turku;SOU;Finland;;;1
847;-1;-1;Calle;J‰rnkrok;;71;187;1991-9-25;G‰vle;G‰V;Sweden;;;1
890;-1;-1;Joel;Kiviranta;;71;183;1996-3-23;Vantaa;UUS;Finland;;;1
902;-1;-1;William;Karlsson;Wild Bill;72;196;1993-1-8;M‰rsta;STO;Sweden;;;1
919;-1;-1;Nikita;Zadorov;;78;236;1995-4-16;Moscow;MOS;Russia;;;1
924;-1;-1;Vladislav;Gavrikov;;75;216;1995-11-21;Yaroslavl;YAR;Russia;;;1
994;-1;-1;Anders;Lee;;75;231;1990-7-3;Dellwood;MN;The United States;;;1
1010;-1;-1;Mattias;Janmark;;73;201;1992-12-8;Stockholm;STO;Sweden;;;1
1014;-1;-1;Alexander;Wennberg;;73;201;1994-9-22;Nacka;STO;Sweden;;;1
1015;-1;-1;Andreas;Johnsson;;70;196;1994-11-21;G‰vle;G‰V;Sweden;;;1
1033;-1;-1;Nelson;Nogier;;75;207;1996-5-27;Saskatoon;SK;Canada;;;1
1041;-1;-1;Pavel;Zacha;;75;209;1997-4-6;Brno;JHM;Czech Republic;;;1
1051;-1;-1;Bokondji;Imama;;73;220;1996-8-3;Montreal;QC;Canada;DR Congo;;1
1053;-1;-1;MacKenzie;Weegar;;72;202;1994-1-7;Ottawa;ON;Canada;;;1
1067;-1;-1;Zach;Sawchenko;;73;189;1997-12-30;Calgary;AB;Canada;;;1
1068;-1;-1;Sami;Niku;;73;195;1996-10-10;Haapavesi;NOS;Finland;;;1
1081;-1;-1;Teddy;Blueger;;72;188;1994-8-15;Riga;RIG;Latvia;;;1
1104;-1;-1;Dylan;Strome;;75;202;1997-3-7;Mississauga;ON;Canada;;;1
1107;-1;-1;Sean;Day;;75;218;1998-1-9;Leuven;FLE;Canada;Belgium;;1
1110;-1;-1;Kasper;Bjˆrkqvist;;73;198;1997-7-10;Espoo;UUS;Finland;;;1
1112;-1;-1;Markus;Niemel‰inen;;78;190;1998-6-8;Kuopio;NSA;Finland;;;1
1115;-1;-1;FrÈdÈric;Allard;;73;184;1997-12-27;Saint-Sauveur;QC;Canada;;;1
1124;-1;-1;Will;Borgen;;75;198;1996-12-19;Moorhead;MN;The United States;;;1
1125;-1;-1;Guillaume;Brisebois;;74;174;1997-7-21;Mont-Saint-Hilaire;QC;Canada;;;1
1129;-1;-1;Lawson;Crouse;;76;224;1997-6-23;Mt. Brydges;ON;Canada;;;1
1131;-1;-1;JÈrÈmy;Davies;;71;182;1996-12-4;Montreal;QC;Canada;;;1
1136;-1;-1;Maxime;Fortier;;70;183;1997-12-15;Montreal;QC;Canada;;;1
1143;-1;-1;Johnny;Kovacevic;;77;218;1997-7-12;Grimsby;ON;Canada;;;1
1144;-1;-1;Chad;Krys;;71;185;1998-4-10;Ridgefield;WA;The United States;Canada;;1
1160;-1;-1;Chase;Pearson;;75;203;1997-8-23;Alpharetta;GA;Canada;The United States;;1
1183;-1;-1;Carson;Soucy;;77;215;1994-7-24;Winnipeg;MB;Canada;;;1
1190;-1;-1;Nicolas;Meloche;;75;212;1997-7-18;Montreal;QC;Canada;;;1
1199;-1;-1;Rasmus;Asplund;;71;190;1997-12-3;Filipstad;V‰R;Sweden;;;1
1202;-1;-1;Sebastian;Aho;;71;183;1996-2-17;UmeÂ;V‰S;Sweden;;;1
1203;-1;-1;Marcus;Pettersson;;76;176;1996-5-8;SkellefteÂ;V‰S;Sweden;;;1
1204;-1;-1;Luk·ö;Jaöek;;73;172;1997-8-28;Trinec;MOR;Czech Republic;;;1
1205;-1;-1;Jacob;Larsson;;74;194;1997-4-29;Ljungby;KRO;Sweden;;;1
1207;-1;-1;Lucas;Carlsson;;72;190;1997-7-5;G‰vle;G‰V;Sweden;;;1
1214;-1;-1;Wade;Allison;;74;205;1997-10-14;Carman;MB;Canada;;;1
1215;-1;-1;Kale;Clague;;72;176;1998-6-5;Regina;SK;Canada;;;1
1216;-1;-1;Tanner;Kaspick;;73;205;1998-1-28;Brandon;MB;Canada;;;1
1219;-1;-1;Beck;Malenstyn;;74;194;1998-2-4;White Rock;BC;Canada;;;1
1221;-1;-1;Carsen;Twarynski;;74;198;1997-11-24;Calgary;AB;Canada;;;1
1227;-1;-1;Garrett;Pilon;;71;187;1998-4-13;Mineola;NY;Canada;The United States;;1
1246;-1;-1;Brett;Howden;;74;194;1998-3-29;Oakbank;MB;Canada;;;1
1253;-1;-1;Travis;Dermott;;72;203;1996-12-22;Newmarket;ON;Canada;;;1
1254;-1;-1;Pius;Suter;;71;174;1996-5-24;Wallisellen;ZH;Switzerland;;;1
1259;-1;-1;Adin;Hill;;78;225;1996-5-11;Calgary;AB;Canada;;;1
1270;-1;-1;Linus;Weissbach;;70;190;1998-4-19;Gˆteborg;V‰S;Sweden;;;1
1272;-1;-1;Felix;Sandstrˆm;;74;211;1997-1-12;G‰vle;G‰V;Sweden;;;1
1274;-1;-1;Linus;Sandin;;73;210;1996-5-19;Uppsala;UPP;Sweden;;;1
1276;-1;-1;Oskar;Steen;;69;192;1998-3-9;Karlstad;V‰R;Sweden;;;1
1282;-1;-1;Andreas;Wingerli;;68;170;1997-9-11;Norrkˆping;÷ST;Sweden;;;1
1283;-1;-1;Simon;Ryfors;;70;189;1997-8-16;Stockholm;STO;Sweden;;;1
1290;-1;-1;Denis;Gurianov;;75;198;1997-6-7;Togliatti;SAM;Russia;;;1
1299;-1;-1;Colton;Point;;77;237;1998-3-4;North Bay;ON;Canada;The United States;;1
1307;-1;-1;Anders;Bjork;;72;197;1996-8-5;Mequon;WI;The United States;;;1
1309;-1;-1;Nikolai;Chebykin;;77;223;1997-8-1;Chita;ZAB;Russia;;;1
1313;-1;-1;Konstantin;Volkov;;76;230;1997-9-20;Murmansk;MUR;Russia;;;1
1314;-1;-1;Niclas;Almari;;73;181;1998-5-11;Espoo;UUS;Finland;;;1
1319;-1;-1;Otto;Somppi;;74;198;1998-1-12;Helsinki;UUS;Finland;;;1
1321;-1;-1;Tarmo;Reunanen;;72;179;1998-3-1;ƒ‰nekoski;FIN;Finland;;;1
1322;-1;-1;Aapeli;R‰s‰nen;;72;207;1998-6-1;Tampere;PIR;Finland;;;1
1323;-1;-1;Vladislav;Kara;;73;203;1998-4-20;Salekhard;YAM;Russia;;;1
1325;-1;-1;Jonathan;Ang;;71;165;1998-1-31;Markham;ON;Canada;;;1
1326;-1;-1;Givani;Smith;;74;216;1998-2-27;Thornhill;ON;Canada;;;1
1328;-1;-1;Taylor;Raddysh;;75;198;1998-2-18;Caledon;ON;Canada;;;1
1329;-1;-1;Adam;Mascherin;;70;205;1998-6-6;Vaughan;ON;Canada;;;1
1332;-1;-1;Ben;Gleason;;73;185;1998-3-25;Ortonville;MI;The United States;;;1
1334;-1;-1;Logan;Brown;;78;227;1998-3-5;Chesterfield;MO;The United States;Canada;;1
1338;-1;-1;Keaton;Middleton;;78;240;1998-2-10;Stratford;ON;Canada;;;1
1342;-1;-1;Tim;Gettinger;;78;220;1998-4-14;North Olmsted;OH;The United States;;;1
1345;-1;-1;Logan;Stanley;;79;231;1998-5-26;Waterloo;ON;Canada;;;1
1346;-1;-1;Max;Jones;;73;220;1998-2-17;Rochester;MI;The United States;;;1
1352;-1;-1;Austin;Rueschhoff;;79;229;1997-9-7;Wentzville;MO;The United States;;;1
1354;-1;-1;James;Greenway;J.D.;77;224;1998-4-27;Potsdam;NY;The United States;;;1
1358;-1;-1;Jack;LaFontaine;;75;217;1998-1-6;Mississauga;ON;Canada;;;1
1361;-1;-1;Dylan;Wells;;74;209;1998-1-3;St. Catharines;ON;Canada;;;1
1362;-1;-1;Eetu;Tuulola;;74;225;1998-3-17;H‰meenlinna;KAN;Finland;;;1
1366;-1;-1;Kristians;Rubins;;77;227;1997-12-11;Riga;RIG;Latvia;;;1
1367;-1;-1;German;Rubtsov;;72;187;1998-6-27;Chekhov;MOS;Russia;;;1
1370;-1;-1;Daniil;Miromanov;;76;198;1997-7-11;Moscow;MOS;Russia;;;1
1430;-1;-1;Kieffer;Bellows;;73;194;1998-6-10;Edina;MN;The United States;Canada;;1
1441;-1;-1;Parker;Wotherspoon;;74;190;1997-8-24;Surrey;BC;Canada;;;1
1447;-1;-1;Christi·n;Jaroö;;76;220;1996-4-2;Kosice;KOS;Slovakia;;;1
1453;-1;-1;David;Cotton;;74;201;1997-7-9;Parker;TX;The United States;;;1
1457;-1;-1;Kole;Sherwood;;73;212;1997-1-22;New Albany;OH;The United States;;;1
1517;-1;-1;Max;Lajoie;;73;196;1997-11-5;Calgary;AB;Canada;;;1
1520;-1;-1;Ty;Ronning;;69;178;1997-10-20;Burnaby;BC;Canada;The United States;;1
1539;-1;-1;Jake;Ryczek;;71;185;1998-3-19;Ludlow;MA;The United States;;;1
1546;-1;-1;Libor;H·jek;;74;205;1998-2-4;Brno;JHM;Czech Republic;;;1
1548;-1;-1;Evan;Fitzpatrick;;75;218;1998-1-28;St. John's;NL;Canada;;;1
1567;-1;-1;Vitali;Abramov;;70;181;1998-5-8;Chelyabinsk;CHE;Russia;;;1
1577;-1;-1;Mitchell;Mattson;;76;192;1998-1-2;Grand Rapids;MN;The United States;;;1
1578;-1;-1;Matthew;Phillips;;68;169;1998-4-6;Calgary;AB;Canada;;;1
1579;-1;-1;Riley;Tufte;;78;220;1998-4-10;Ham Lake;MN;The United States;;;1
1592;-1;-1;Andrew;Peeke;;75;196;1998-3-17;Parkland;FL;The United States;;;1
1596;-1;-1;Joona;Koppanen;;77;192;1998-2-25;Tampere;PIR;Finland;;;1
1598;-1;-1;Cam;Dineen;;71;183;1998-6-19;Toms River;NJ;The United States;;;1
1609;-1;-1;Roman;Durn˝;;75;219;1998-5-28;Liptovsk˝ Mikulas;ZIL;Slovakia;;;1
1628;-1;-1;Yegor;Zaitsev;;72;192;1998-5-3;Moscow;MOS;Russia;;;1
1632;-1;-1;Kristian;Reichel;;72;187;1998-6-11;LitvÌnov;UST;Czech Republic;;;1
1636;-1;-1;Collin;Adams;;69;201;1998-4-24;Brighton;MI;The United States;;;1
1640;-1;-1;Mikhail;Maltsev;;75;204;1998-3-12;St. Petersburg;SAI;Russia;;;1
1667;-1;-1;Vasili;Glotov;;70;187;1997-9-4;Barnaul;ALT;Russia;;;1
1668;-1;-1;Artur;Kayumov;;71;176;1998-2-14;Podgornoye;VOR;Russia;;;1
1669;-1;-1;Matt;Filipe;;74;198;1997-12-31;Lynnfield;MA;The United States;;;1
1670;-1;-1;William;Lockwood;;71;172;1998-6-20;Bloomfield Hills;MI;The United States;;;1
1675;-1;-1;Brinson;Pasichnuk;;71;205;1997-11-24;Bonnyville;AB;Canada;;;1
1680;-1;-1;Fredrik;Karlstrˆm;;74;196;1998-1-12;Stockholm;STO;Sweden;;;1
1690;-1;-1;Ross;Colton;;72;209;1996-9-11;Robbinsville;NJ;The United States;;;1
1691;-1;-1;Casey;Staum;;72;181;1998-1-8;Falcon Heights;MN;The United States;;;1
1696;-1;-1;Nathan;Clurman;;74;205;1998-5-8;Boulder;CO;The United States;;;1
1697;-1;-1;Arvid;Henrikson;;75;176;1998-2-23;Stockholm;STO;Sweden;;;1
1742;-1;-1;Jesper;Sellgren;;70;183;1998-6-11;÷rnskˆldsvik;V‰S;Sweden;;;1
1962;-1;-1;Taylor;Ward;;74;207;1998-3-31;Kelowna;BC;Canada;;;1
1970;-1;-1;Walker;Duehr;;75;209;1997-11-23;Sioux Falls;SD;The United States;;;1
1972;-1;-1;Justin;Richards;;71;190;1998-3-17;Orlando;FL;The United States;;;1
1973;-1;-1;Joseph;Duszak;;70;185;1997-7-22;Franklin Square;NY;The United States;;;1
1975;-1;-1;Brandon;Biro;;71;170;1998-3-11;Sherwood Park;AB;Canada;;;1
2010;-1;-1;Mitchell;Chaffee;;73;201;1998-1-26;Rockford;MI;The United States;;;1
2011;-1;-1;Blake;Lizotte;;67;172;1997-12-13;Lake St. Croix Beach;MN;The United States;;;1
2012;-1;-1;Wyatt;Newpower;;75;207;1997-12-9;Hugo;MN;The United States;;;1
2168;-1;-1;Alex;Limoges;;73;208;1997-9-16;Winchester;VA;The United States;;;1
2206;-1;-1;Mitch;Lewandowski;;69;183;1998-4-17;Lake Orion;MI;The United States;;;1
2240;-1;-1;Matt;Hellickson;;72;183;1998-3-21;St. Louis Park;MN;The United States;;;1
2265;-1;-1;Rourke;Chartier;;71;195;1996-4-2;Saskatoon;SK;Canada;;;1
2279;-1;-1;Nick;Boka;;73;209;1997-9-8;Plymouth;MI;The United States;;;1
2282;-1;-1;Evan;Cormier;;75;210;1997-11-6;Bowmanville;ON;Canada;;;1
2285;-1;-1;Josh;Dickinson;;74;194;1997-11-17;Georgetown;ON;Canada;;;1
2290;-1;-1;Brent;Gates;;74;198;1997-8-12;Seattle;WA;The United States;;;1
2292;-1;-1;Brandon;Gignac;;71;170;1997-11-7;Repentigny;QC;Canada;;;1
2293;-1;-1;Owen;Headrick;;72;194;1997-8-23;Sault Ste. Marie;ON;Canada;;;1
2299;-1;-1;Nicolas;Mattinen;;78;225;1998-3-5;Ottawa;ON;Canada;;;1
2300;-1;-1;Garrett;McFadden;;71;185;1997-8-21;Kincardine;ON;Canada;;;1
2307;-1;-1;Quinn;Wichers;;76;216;1997-8-19;Metcalfe;ON;Canada;;;1
2316;-1;-1;Jermaine;Loewen;;76;223;1998-1-18;Mandeville;MAN;Canada;Jamaica;;1
2319;-1;-1;Hudson;Elynuik;;77;194;1997-12-10;Calgary;AB;Canada;;;1
2329;-1;-1;Hugo;Klippfors;;72;192;1998-5-22;Halmstad;HAL;Sweden;;;1
2336;-1;-1;Jack;Kopacka;;74;198;1998-3-5;Lapeer;MI;The United States;;;1
2337;-1;-1;Austin;Osmanski;;76;207;1998-4-30;East Aurora;NY;The United States;;;1
2338;-1;-1;Griffin;Luce;;75;216;1998-3-10;St. Thomas;ON;The United States;Canada;;1
2339;-1;-1;Nick;Pastujov;;72;203;1998-1-21;Bradenton;FL;The United States;Russia;;1
2345;-1;-1;Jacob;Friend;;73;183;1997-7-28;Bowmanville;ON;Canada;;;1
2346;-1;-1;Justin;Brazeau;;77;241;1998-2-2;Temiskaming Shores;ON;Canada;;;1
2381;-1;-1;Turner;Ottenbreit;;75;192;1997-7-9;Yorkton;SK;Canada;;;1
2384;-1;-1;Dennis;Cesana;;69;183;1998-4-4;North Providence;RI;The United States;;;1
2385;-1;-1;Dominic;Cormier;;71;181;1998-1-2;Moncton;NB;Canada;;;1
2387;-1;-1;Michael;O'Leary;;73;194;1998-1-1;Halifax;NS;Canada;;;1
2392;-1;-1;Mareks;Mitens;;73;206;1998-1-29;Ventspils;VEN;Latvia;;;1
2393;-1;-1;Peter;Abbandonato;;71;205;1998-3-25;Laval;QC;Canada;;;1
2394;-1;-1;Kyle;Betts;;73;181;1997-9-17;Markdale;ON;Canada;;;1
2399;-1;-1;Dean;Stewart;;74;206;1998-6-12;Portage la Prairie;MB;Canada;;;1
2401;-1;-1;Tommy;Nappier;;75;227;1998-6-22;St. Louis;MO;The United States;;;1
2402;-1;-1;Mitch;Eliot;;72;190;1998-2-6;Grosse Pointe;MI;The United States;Canada;;1
2404;-1;-1;Greg;Printz;;74;218;1998-5-4;Fairfax;VA;The United States;;;1
2405;-1;-1;Alex;Whelan;;72;212;1997-7-20;Ramsey;NJ;The United States;;;1
2418;-1;-1;T;W;;74;207;1998-3-31;Kelowna;BC;Canada;;;1
3933;-1;-1;Jesper;Lindgren;;74;178;1997-11-28;Motala;÷ST;Sweden;;;1
3962;-1;-1;Frank;Nelson;;73;210;1997-12-18;Oak Grove;KY;The United States;;;1
3978;-1;-1;Ben;Beverley;;73;217;1997-9-12;Windsor;ON;Canada;;;1
3986;-1;-1;Ian;Noble;;69;187;1998-6-14;Vaughan;ON;Canada;;;1
3990;-1;-1;Brian;Froome;;70;212;1997-10-13;Plains;GA;The United States;;;1
4009;-1;-1;Michael;Farrer;;75;191;1998-4-29;Newport News;VA;The United States;;;1
4011;-1;-1;Josh;Doyle;;71;201;1998-3-22;Melrose Park;IL;The United States;;;1
4021;-1;-1;Bob;McFalls;;74;179;1998-2-14;Amery;WI;The United States;;;1
4026;-1;-1;Kent;Walters;;72;219;1998-3-24;Window Rock;AZ;The United States;;;1
4053;-1;-1;Jason;Short;;77;207;1998-3-19;East St. Paul;MB;Canada;;;1
4060;-1;-1;Ratandeep;Grewal;;73;213;1998-3-30;Toronto;ON;Canada;;;1
4085;-1;-1;Matt;Shepphard;;71;212;1997-9-21;Wilmington;DE;The United States;;;1
4149;-1;-1;Greg;Werts;;73;217;1998-2-14;Boston;MA;The United States;;;1
4172;-1;-1;Joe;Martin;;73;197;1997-7-2;Burke;VA;The United States;;;1
4190;-1;-1;Robert;Laye;;72;217;1997-7-9;Georgetown;ON;Canada;;;1
4218;-1;-1;Vasily;Masloboyev;;74;200;1998-5-14;Elektrostal;MOS;Russia;;;1
4245;-1;-1;Scott;Roberts;;74;226;1998-5-19;Portsmouth;VA;The United States;;;1
4290;-1;-1;Jack;Mitchell;;70;187;1996-5-2;Germantown;MD;The United States;;;1
4298;-1;-1;Darrell;Burney;;73;200;1998-2-1;Alameda;CA;The United States;;;1
4303;-1;-1;Terry;Moyer;;73;223;1998-1-23;Taylorsville;UT;The United States;;;1
4307;-1;-1;Ryhor;Tsimashenka;;73;215;1997-8-8;Bobruisk;MOG;Belarus;;;1
4322;-1;-1;Kenny;McCloy;;73;208;1997-9-3;Vaughan;ON;Canada;;;1
4334;-1;-1;Andrew;Park;;72;215;1998-4-7;Arlington;TX;The United States;;;1
4382;-1;-1;Shawn;DeRenzy;;75;199;1997-8-21;Merced;CA;The United States;;;1
4406;-1;-1;Guillaume;Boily;;72;204;1998-1-24;Sainte-Julie;QC;Canada;;;1
4414;-1;-1;John;Mathews;;74;220;1998-6-20;Billings;MT;The United States;;;1
4416;-1;-1;Michael;Bozek;;72;223;1997-11-13;Chilliwack;BC;Canada;;;1
4423;-1;-1;Emil;Isberg;;71;204;1997-8-22;T‰by;STO;Sweden;;;1
4426;-1;-1;J·n;Tomka;;79;202;1998-1-4;Piestany;TRN;Slovakia;;;1
4432;-1;-1;Vasily;Polyakov;;75;222;1998-5-10;Pribrezhnyy;SAM;Russia;;;1
4443;-1;-1;Tadej;Gazdag;;73;214;1998-4-8;Izola;OBA;Slovenia;;;1
4446;-1;-1;William;Larsson;;71;189;1998-2-27;Sundbyberg;STO;Sweden;;;1
4451;-1;-1;Joe;Briggs;;75;211;1997-9-3;Tequesta;FL;The United States;;;1
4493;-1;-1;Logan;Short;;70;214;1997-10-12;Arlington;VA;The United States;;;1
4498;-1;-1;George;Lange;;72;200;1997-12-10;Jenison;MI;The United States;;;1
4501;-1;-1;Eugene;MacKames;;73;214;1998-3-31;San Diego;CA;The United States;;;1
4513;-1;-1;Craig;Trott;;71;177;1998-1-14;Ridgecrest;CA;The United States;;;1
4517;-1;-1;Bob;Morris;;72;202;1997-11-12;Tifton;GA;The United States;;;1
4543;-1;-1;Edvard;Kiema;;74;222;1997-8-31;Pertteli;SOU;Finland;;;1
4570;-1;-1;Colton;Prybysh;;69;192;1998-2-27;Selkirk;MB;Canada;;;1
4572;-1;-1;Jasper;Bettinson;;71;182;1997-11-26;Jefferson City;MO;The United States;;;1
4573;-1;-1;Gerard;Wydeville;;72;206;1997-8-2;Andover;FL;The United States;;;1
4598;-1;-1;Matt;Parker;;70;182;1997-11-5;Athens;GA;The United States;;;1
4606;-1;-1;Robin;Edholm;;68;177;1997-9-20;Malmˆ;SKÂ;Sweden;;;1
4629;-1;-1;Brett;Jack;;72;208;1997-12-22;Miami Beach;FL;The United States;;;1
4664;-1;-1;Josh;Owens;;70;191;1998-6-25;Farmington;UT;The United States;;;1
4683;-1;-1;Alexis;Cole;;72;206;1998-1-12;Cypress;TX;The United States;;;1
4710;-1;-1;Elias;Johansson;;69;195;1998-2-28;Kiruna;NOR;Sweden;;;1
5842;-1;-1;Frankie;Melton;;68;174;1997-3-4;St. Louis;MO;The United States;;;1
5843;-1;-1;Chase;Berger;;72;195;1994-11-14;St. Louis;MO;The United States;;;1
5854;-1;-1;Andrei;Kuzmenko;;70;166;1996-2-4;Yakutsk;YAK;Russia;;;1
224;-1;-1;Brandon;Saad;;73;205;1992-10-27;Pittsburgh;PA;The United States;;;1
288;-1;-1;Tyler;Bertuzzi;;73;199;1995-2-24;Sudbury;ON;Canada;;;1
301;-1;-1;Dylan;DeMelo;;73;194;1993-5-1;London;ON;Canada;;;1
312;-1;-1;Barclay;Goodrow;;74;210;1993-2-26;Aurora;ON;Canada;;;1
325;-1;-1;Olli;M‰‰tt‰;;74;206;1994-8-22;Jyv‰skyl‰;FIN;Finland;;;1
326;-1;-1;Kurtis;MacDermid;;77;236;1994-3-25;Wiarton;ON;Canada;;;1
384;-1;-1;Tristan;Jarry;;74;219;1995-4-29;Delta;BC;Canada;;;1
386;-1;-1;Curtis;Lazar;;72;195;1995-2-2;Vernon;BC;Canada;;;1
400;-1;-1;Victor;Rask;;74;202;1993-3-1;Leksand;DAL;Sweden;;;1
405;-1;-1;Colton;Sissons;;73;205;1993-11-5;North Vancouver;BC;Canada;;;1
414;-1;-1;William;Carrier;;74;216;1994-12-20;Montreal;QC;Canada;;;1
431;-1;-1;Anthony;Mantha;;77;234;1994-9-16;Longueuil;QC;Canada;;;1
494;-1;-1;Chris;Kreider;;75;217;1991-4-30;Boxford;MA;The United States;;;1
551;-1;-1;Anthony;Stolarz;;77;229;1994-1-20;Edison;NJ;The United States;;;1
562;-1;-1;Connor;Clifton;;71;199;1995-4-28;Matawan;NJ;The United States;;;1
590;-1;-1;Mike;Matheson;;74;192;1994-2-27;Montreal;QC;Canada;;;1
594;-1;-1;Dakota;Mermis;;72;197;1994-1-5;Alton;IL;The United States;;;1
596;-1;-1;Trevor;Moore;;70;190;1995-3-31;Thousand Oaks;CA;The United States;;;1
747;-1;-1;Brandon;Tanev;;72;185;1991-12-31;Toronto;ON;Canada;;;1
888;-1;-1;Ville;Husso;Hude;75;226;1995-2-6;Helsinki;UUS;Finland;;;1
892;-1;-1;Kevin;Lankinen;Keke;74;185;1995-4-28;Helsinki;UUS;Finland;;;1
952;-1;-1;Andrei;Vasilevskiy;;76;225;1994-7-25;Tyumen;TYU;Russia;;;1
1302;-1;-1;Sam;Lafferty;;73;195;1995-3-6;Hiller;PA;The United States;;;1
4264;-1;-1;Niko;Bubalo;;73;185;1994-9-23;Sibenik;SIB;Croatia;;;1
