PlayerId;TeamId;FranchiseId;GP;G;A;+/-;PIM;PP G;PP A;SH G;SH A;Fights;Fights_Won;HIT;GvA;TkA;SB;GR;Game Rating Off;Game Rating Def;SOG;TOI;PPTOI;SHTOI;PDO;GF/60;GA/60;SF/60;SA/60;CF;CA;CF%;CF% rel;FF;FA;FF%;FF% rel;GWG;FO;FOW
7;30;30;14;2;3;4;8;0;0;0;0;0;0;14;12;3;1;62;59;60;8;8128;12;223;106.1;3.5;1.8;21.7;17.3;89;80;52.7;-0.1;60;48;55.6;-1.4;0;6;3
16;14;14;14;0;2;3;4;0;0;0;0;0;0;19;4;11;32;62;51;74;28;15238;29;1944;100.6;3.3;2.6;39.7;33.5;271;234;53.7;2.1;198;173;53.4;3.2;0;0;0
25;38;38;17;5;7;-4;10;4;1;0;0;0;0;14;5;1;21;58;53;63;32;16719;2490;1568;104.3;3.7;4.5;24.8;43.1;197;363;35.2;-0.7;148;269;35.5;0.9;0;0;0
30;24;24;14;0;2;-3;4;0;0;0;0;0;0;12;1;6;21;56;51;61;10;10471;46;1733;99.3;3.4;4.5;29.2;35.8;125;169;42.5;-1.5;97;114;46.0;1.5;0;0;0
43;153;152;14;4;3;11;10;0;0;0;0;0;0;22;4;1;9;61;50;73;39;14568;212;826;102.4;3.7;1.0;48.4;18.8;333;141;70.3;6.1;256;107;70.5;5.1;0;0;0
66;125;124;13;0;3;1;2;0;0;0;1;0;0;11;6;7;52;72;52;89;13;13524;698;2982;101.3;2.1;2.1;26.1;30.9;179;214;45.5;3.5;135;158;46.1;4.7;0;0;0
74;60;18;14;1;5;2;8;0;0;1;1;0;0;14;6;5;5;69;60;75;25;13077;75;2566;97.4;2.5;2.8;32.2;26.7;195;182;51.7;0.8;148;132;52.9;1.9;0;40;23
82;28;28;9;2;1;3;2;0;0;0;0;0;0;15;1;7;14;63;57;68;19;8704;0;1003;100.4;4.5;3.3;38.5;29.0;149;107;58.2;1.7;107;78;57.8;0.3;1;0;0
93;29;29;14;4;6;-5;2;0;0;0;0;0;0;11;11;7;3;69;73;60;19;12178;783;0;95.9;3.0;4.1;35.8;33.4;201;182;52.5;-2.2;138;130;51.5;-3.4;0;9;2
107;62;19;13;5;4;-5;8;0;0;0;0;0;0;24;3;4;13;66;63;64;31;11423;944;1051;90.5;4.7;6.3;35.0;27.4;205;153;57.3;4.3;149;122;55.0;3.0;1;13;5
110;38;25;17;0;2;-7;8;0;0;0;0;0;0;19;2;13;38;58;49;69;7;16325;70;3212;100.6;2.4;4.0;21.8;37.9;192;324;37.2;2.3;129;249;34.1;-1.1;0;0;0
112;48;14;13;4;9;0;0;2;3;0;0;0;0;11;7;1;10;67;66;61;43;10392;3360;0;102.9;4.2;4.2;30.8;39.1;165;190;46.5;-1.9;120;144;45.5;-4.5;0;11;5
117;33;29;15;6;7;-2;18;4;4;1;0;0;0;28;10;3;11;69;65;70;43;11920;3636;286;96.8;1.5;2.1;34.7;28.1;210;189;52.6;7.4;160;135;54.2;8.2;3;4;2
118;44;30;15;7;10;3;15;2;4;0;0;1;0;23;8;1;16;68;65;68;56;13467;3654;72;101.9;3.5;2.7;29.9;27.5;211;188;52.9;2.1;155;131;54.2;3.7;1;234;109
128;12;12;13;1;4;1;4;0;0;0;1;0;0;5;5;2;0;56;53;56;7;7256;18;361;96.2;3.0;3.0;36.2;24.8;122;79;60.7;2.5;82;58;58.6;0.8;0;102;58
129;34;2;7;1;2;1;6;0;1;0;0;0;0;4;2;0;4;72;61;83;25;5594;1998;525;101.1;2.6;1.9;39.3;35.4;105;96;52.2;6.7;78;79;49.7;5.0;0;0;0
137;48;14;1;2;1;1;0;0;0;0;0;0;0;1;0;1;0;69;74;61;6;893;33;133;117.9;12.1;8.1;28.2;32.3;13;10;56.5;-10.1;8;9;47.1;-22.9;0;2;1
143;41;7;15;4;7;1;31;1;3;0;0;1;0;20;3;8;11;68;62;71;26;11434;1858;857;99.7;2.2;2.2;28.7;27.7;181;167;52.0;-0.4;127;122;51.0;-0.5;0;17;8
153;3;3;13;1;2;-4;2;0;0;0;0;0;0;8;11;5;1;60;57;60;22;7939;489;10;96.4;1.8;3.6;27.2;35.4;107;135;44.2;-5.5;79;95;45.4;-4.8;0;1;1
162;40;20;15;0;5;-2;2;0;0;0;0;0;0;13;2;0;2;57;53;59;8;6329;670;632;98.7;2.8;4.0;23.3;29.6;85;97;46.7;3.4;65;69;48.5;4.8;0;24;15
207;59;1;11;0;1;-2;8;0;0;0;0;0;0;11;5;1;1;64;59;66;18;8332;318;2140;95.5;1.7;2.6;38.0;28.5;149;121;55.2;-2.0;113;93;54.9;-2.4;0;116;64
215;26;26;12;0;6;-5;0;0;0;0;0;0;0;18;2;4;22;63;60;63;22;12610;86;558;96.1;3.1;4.6;28.0;30.3;158;167;48.6;-3.0;114;120;48.7;-2.0;0;0;0
217;25;25;15;2;5;-5;0;1;0;0;0;0;0;20;16;10;1;66;65;62;25;12283;381;59;96.2;2.3;3.8;28.7;31.9;172;172;50.0;0.1;112;125;47.3;-2.2;0;13;8
221;43;17;13;2;6;2;8;0;0;0;0;0;0;0;1;0;0;64;59;64;17;9571;622;972;104.7;3.8;3.0;28.2;35.0;128;170;43.0;-3.3;91;126;41.9;-3.7;0;148;78
234;50;26;14;0;8;2;4;0;1;0;0;0;0;9;4;4;16;65;56;75;20;11930;482;861;100.5;2.7;2.1;35.3;29.6;210;182;53.6;-4.5;159;136;53.9;-3.0;0;0;0
262;56;56;14;4;5;13;10;0;0;0;0;0;0;28;3;1;23;64;51;78;18;15031;341;2450;107.1;5.0;2.2;32.3;25.6;241;181;57.1;7.4;184;144;56.1;7.0;1;0;0
300;18;18;16;2;4;0;2;0;0;0;1;0;0;33;7;11;23;65;60;71;24;17373;217;1097;99.9;2.7;3.1;32.3;36.7;266;276;49.1;-1.7;187;207;47.5;-2.0;0;0;0
305;14;14;14;2;6;1;8;0;0;0;0;0;0;27;4;15;24;65;58;70;29;17005;489;460;100.0;3.4;3.2;36.8;34.5;280;254;52.4;0.2;198;184;51.8;0.8;0;0;0
315;27;27;4;0;2;-1;0;0;0;0;0;0;0;2;0;3;2;60;60;51;8;4020;127;247;99.1;4.5;5.4;38.5;43.0;72;71;50.3;13.4;53;57;48.2;13.2;0;0;0
318;28;28;7;0;4;1;2;0;0;0;0;0;0;3;3;6;2;61;58;62;4;4777;0;341;98.7;3.0;2.3;34.7;22.6;65;52;55.6;-1.6;52;33;61.2;4.0;0;44;22
332;44;30;15;4;5;-1;4;2;1;0;0;0;0;21;2;1;4;63;61;62;34;11661;2044;289;98.4;2.8;3.1;32.7;30.6;186;189;49.6;-2.4;143;137;51.1;-0.6;0;134;67
340;17;17;17;4;3;1;2;0;0;0;0;0;0;24;4;4;46;63;58;68;38;20148;186;1837;102.7;3.0;3.0;30.2;41.3;262;345;43.2;0.8;194;259;42.8;3.4;0;0;0
343;59;1;15;0;5;3;10;0;0;0;0;0;0;15;1;7;15;69;49;89;19;15230;79;2409;100.0;3.3;2.6;32.1;25.3;256;179;58.9;-2.5;189;135;58.3;-3.0;0;0;0
344;62;10;12;2;3;-10;12;0;0;0;0;0;0;19;4;0;12;50;52;48;14;10864;128;1168;92.5;3.0;6.3;25.8;33.1;155;181;46.1;-9.2;117;138;45.9;-8.2;1;0;0
350;10;10;1;0;1;1;0;0;1;0;0;0;0;0;1;1;0;63;54;73;0;1146;50;44;112.5;3.1;0.0;25.1;40.8;14;16;46.7;2.1;9;15;37.5;-8.1;0;0;0
353;155;154;13;0;2;1;2;0;0;0;0;0;0;6;0;1;3;63;57;70;38;5096;2402;65;100.3;2.1;1.4;36.0;25.4;103;65;61.3;-5.1;71;47;60.2;-6.6;0;11;0
357;44;44;15;0;3;-3;0;0;0;0;1;0;0;8;0;2;4;58;53;58;6;6390;0;2417;93.6;2.8;5.1;29.9;32.1;101;98;50.8;-0.7;80;73;52.3;0.9;0;120;62
361;27;27;13;3;4;-6;4;0;0;0;0;0;0;9;22;3;4;63;64;56;33;10777;313;47;99.1;3.0;4.7;33.1;46.8;172;207;45.4;3.4;122;163;42.8;1.5;1;1;0
364;40;20;11;1;1;-5;8;0;0;0;0;0;0;32;3;1;1;57;55;52;14;7945;74;855;94.0;1.8;4.1;27.2;32.2;106;134;44.2;-3.4;85;104;45.0;-3.1;0;1;0
377;14;14;3;0;0;-3;0;0;0;0;0;0;0;4;0;2;5;54;54;51;4;2676;0;138;91.5;5.4;9.4;44.4;45.7;50;44;53.2;5.0;33;36;47.8;0.4;0;0;0
398;12;12;13;0;7;2;9;0;0;0;1;1;0;9;4;5;38;58;52;66;22;13580;74;1710;96.9;4.2;4.2;37.9;29.7;237;192;55.2;-4.9;168;132;56.0;-2.8;0;0;0
401;17;17;17;4;3;-11;10;0;0;0;0;0;0;13;20;14;10;65;64;63;36;16658;1109;56;95.8;2.6;5.0;32.2;40.6;223;301;42.6;-0.1;168;219;43.4;4.0;0;20;7
408;18;18;16;2;4;2;4;0;0;0;0;0;0;11;4;11;15;62;59;64;27;17994;564;1547;102.1;4.0;3.6;33.8;36.8;283;274;50.8;0.9;195;215;47.6;-1.9;0;0;0
427;17;17;17;4;2;-8;4;1;1;0;0;0;0;6;14;7;3;59;57;59;16;9768;1921;294;98.7;2.6;5.2;21.7;39.1;102;156;39.5;-3.7;68;121;36.0;-5.6;0;0;0
430;8;8;15;7;10;9;6;0;2;0;0;0;0;42;15;8;7;81;85;73;51;15011;2675;441;103.3;4.3;2.2;40.8;29.7;264;197;57.3;5.3;204;143;58.8;8.0;1;34;15
467;48;14;13;0;0;5;14;0;0;0;0;0;0;17;0;1;2;56;50;56;7;4408;64;739;113.3;3.3;0.0;24.5;25.3;63;72;46.7;-1.3;44;46;48.9;0.3;0;10;3
469;21;21;14;1;2;-1;4;0;0;0;0;0;0;18;9;3;8;63;59;63;17;8287;0;2305;94.3;3.0;3.9;34.3;26.9;124;103;54.6;1.8;94;70;57.3;5.9;0;49;19
472;19;19;14;2;4;0;12;0;0;0;1;0;0;7;9;8;18;60;55;64;16;10933;33;1016;100.5;3.3;3.6;29.0;33.3;134;164;45.0;-4.3;100;112;47.2;-0.9;0;131;65
473;20;20;15;5;11;12;7;0;1;0;3;1;0;22;9;9;7;73;74;68;23;12771;683;1268;108.3;4.8;2.3;30.2;29.6;166;165;50.2;0.6;122;123;49.8;-0.4;1;12;7
475;7;7;14;4;3;-2;10;0;0;1;0;0;0;11;3;11;8;59;59;58;23;14627;400;810;101.6;3.7;3.9;31.7;39.1;203;218;48.2;-6.4;155;183;45.9;-8.8;0;0;0
484;53;53;15;2;7;-2;8;1;1;0;0;0;0;18;3;6;5;72;61;80;29;10328;3400;255;101.7;3.5;3.5;29.3;34.2;143;173;45.3;4.4;110;134;45.1;2.0;0;127;62
489;50;26;14;0;5;1;0;0;0;0;0;0;0;25;4;10;15;67;48;85;18;12822;133;2208;93.4;3.6;3.4;39.0;21.1;244;150;61.9;7.4;177;114;60.8;6.8;0;0;0
491;29;29;14;2;4;-3;2;0;0;0;0;0;0;13;21;5;5;65;67;58;31;13006;0;0;95.6;2.2;3.0;34.6;28.2;201;160;55.7;2.2;146;117;55.5;1.9;0;0;0
508;152;152;13;4;4;-3;2;0;0;0;1;0;0;16;13;8;5;66;62;66;19;12116;716;1024;98.7;2.1;3.3;24.4;33.3;129;164;44.0;0.7;99;126;44.0;1.1;1;49;23
509;125;124;16;4;4;-1;26;0;1;1;0;0;0;41;1;9;11;62;57;63;25;12612;448;2198;101.9;2.9;3.4;23.7;33.7;154;219;41.3;-4.5;113;171;39.8;-5.4;0;63;32
510;54;10;15;3;7;10;6;0;0;2;0;0;0;28;4;1;8;65;58;65;24;11284;0;1365;107.2;4.1;1.6;33.5;30.9;194;170;53.3;-4.7;146;129;53.1;-4.7;0;159;85
512;9;9;13;1;11;5;4;0;1;0;0;0;0;20;11;6;4;66;65;63;23;11296;319;117;103.2;5.4;3.5;39.2;33.1;189;159;54.3;2.5;135;118;53.4;0.1;0;17;3
513;19;19;14;5;3;1;4;1;0;0;0;0;0;23;11;6;5;69;68;66;15;9456;2451;55;104.0;4.6;4.2;27.4;33.1;119;134;47.0;-1.4;88;94;48.4;0.7;2;0;0
516;125;124;16;3;7;1;20;1;0;0;0;0;0;16;5;2;8;67;62;65;37;11757;2573;44;104.3;3.4;3.1;29.1;42.3;196;239;45.1;0.6;141;179;44.1;0.3;1;201;92
517;44;30;14;1;2;-5;16;0;0;0;0;0;0;21;3;10;28;60;52;68;17;13497;156;2147;98.3;2.9;4.3;25.9;32.8;212;220;49.1;-3.6;149;164;47.6;-5.4;0;0;0
519;25;25;15;2;7;-3;0;0;0;0;0;0;0;21;27;8;2;64;63;61;41;15584;430;1081;97.7;2.8;3.5;35.3;34.2;239;222;51.8;2.9;180;175;50.7;2.7;0;26;14
522;8;8;15;8;6;6;6;0;1;0;0;0;0;22;16;4;10;72;77;61;62;15191;2330;425;101.9;5.0;3.6;39.3;32.9;250;215;53.8;0.2;188;159;54.2;1.2;1;1;0
543;153;152;9;0;4;3;2;0;0;0;0;0;0;6;3;4;3;59;52;64;17;7913;93;606;97.8;4.1;2.7;42.8;23.2;165;91;64.5;2.4;137;70;66.2;3.4;0;0;0
549;153;152;15;3;2;6;2;0;0;1;0;0;0;13;1;6;6;64;56;70;17;8273;421;1860;104.0;2.6;0.4;37.4;14.8;166;79;67.8;2.7;127;51;71.3;5.9;1;57;23
554;0;0;15;3;6;-2;10;1;0;0;0;0;0;26;5;13;13;62;58;65;30;15885;484;355;100.2;2.9;3.4;28.6;33.5;197;240;45.1;-2.1;146;172;45.9;-1.7;1;0;0
581;29;29;14;1;10;9;8;1;1;0;1;0;0;19;4;10;18;64;60;70;45;16348;1615;933;101.3;4.0;2.6;41.0;31.7;284;249;53.3;-1.3;212;166;56.1;3.2;0;0;0
609;50;26;14;2;4;-6;17;0;0;0;0;0;0;12;3;3;4;61;58;63;21;10112;543;701;89.1;2.5;4.6;38.4;26.7;187;139;57.4;0.8;136;106;56.2;0.3;0;4;3
612;44;30;4;1;2;2;0;0;0;0;0;0;0;4;1;3;5;67;55;80;8;4095;0;452;101.4;2.6;0.9;41.3;17.6;82;42;66.1;16.3;65;27;70.7;20.7;0;0;0
614;31;31;12;0;2;-2;4;0;0;0;0;0;0;8;0;2;33;57;50;65;11;10998;50;537;101.5;2.9;3.6;25.9;36.3;125;194;39.2;-4.2;91;129;41.4;-2.6;0;0;0
618;0;0;14;1;3;1;2;0;0;0;0;0;0;8;10;4;3;60;56;62;18;8133;99;738;101.1;1.8;1.8;23.9;27.9;83;108;43.5;-3.9;62;79;44.0;-4.1;0;14;6
664;36;3;10;0;1;-3;11;0;0;0;0;0;0;16;1;0;4;64;56;67;12;8153;24;2131;94.4;1.3;2.6;26.9;25.2;118;126;48.4;1.2;79;95;45.4;-1.3;0;60;18
670;155;154;13;1;3;9;16;0;0;0;0;0;0;23;2;5;22;62;51;76;20;13320;126;2174;99.3;4.9;2.4;45.9;21.6;316;142;69.0;5.4;240;105;69.6;6.1;0;0;0
676;44;30;15;4;7;3;6;1;4;0;0;0;0;7;6;0;9;69;69;65;48;13128;2997;9;101.3;3.0;2.2;30.7;25.8;222;181;55.1;5.2;167;131;56.0;6.4;0;25;13
687;36;3;8;0;2;-4;6;0;0;0;0;0;0;6;3;2;3;62;57;64;7;6831;248;1472;94.7;1.6;3.7;24.8;31.6;92;120;43.4;-2.1;56;91;38.1;-7.7;0;103;53
689;2;2;15;2;8;2;4;0;1;0;0;0;0;24;18;4;4;66;67;57;23;12538;424;38;99.3;3.4;2.9;31.6;24.7;179;144;55.4;-2.3;136;107;56.0;-2.1;0;8;3
696;33;29;16;4;9;6;14;1;3;0;0;0;0;6;1;5;13;72;62;78;35;12216;2957;83;105.5;4.1;2.1;33.9;30.9;202;190;51.5;6.1;156;143;52.2;5.2;1;263;145
697;12;12;13;0;10;10;4;0;0;0;0;0;0;25;2;8;14;65;60;68;34;14873;518;971;104.0;4.6;2.2;42.4;31.7;288;199;59.1;0.9;207;154;57.3;-0.9;0;0;0
705;44;30;14;1;4;-1;8;0;0;0;0;0;0;11;1;2;19;60;51;72;14;12593;24;2220;98.9;2.9;3.1;30.3;29.7;196;194;50.3;-1.5;144;141;50.5;-1.1;0;9;4
714;44;30;15;2;8;3;10;1;1;0;0;0;0;9;3;6;2;67;64;68;18;12777;3026;47;104.3;3.7;2.5;28.2;29.3;203;194;51.1;-0.3;144;139;50.9;-0.8;0;13;4
717;18;18;16;1;5;3;0;0;0;0;0;0;0;17;11;9;13;62;56;67;13;11319;0;654;103.7;3.5;2.5;32.1;35.3;175;181;49.2;-1.3;123;130;48.6;-0.2;1;137;54
720;44;30;15;3;3;6;4;0;0;0;0;0;0;12;4;0;6;57;55;56;23;10358;1024;0;108.5;5.6;3.5;30.6;35.8;158;183;46.3;-6.7;113;137;45.2;-8.3;0;10;5
728;30;30;14;1;8;11;2;0;0;0;0;0;0;26;16;7;6;68;65;67;15;12495;815;262;110.2;4.0;0.9;29.1;23.3;157;138;53.2;0.7;123;95;56.4;-0.5;0;5;2
729;10;10;7;0;0;-4;0;0;0;0;0;0;0;6;5;4;7;63;60;65;4;4975;0;614;92.5;1.4;4.3;27.5;34.0;65;65;50.0;5.1;44;49;47.3;0.7;0;2;2
731;32;23;15;5;10;5;10;2;4;0;0;0;0;27;5;1;15;77;68;83;34;14737;4489;1242;105.1;4.9;3.7;30.5;33.7;239;226;51.4;3.6;171;174;49.6;3.0;1;0;0
736;55;9;14;10;11;2;6;6;4;0;0;0;0;19;4;0;8;74;67;76;51;11773;3959;188;100.6;4.9;4.3;36.7;33.6;193;210;47.9;-4.0;145;157;48.0;-3.6;2;22;9
739;23;23;9;1;1;-2;2;0;0;0;0;0;0;3;6;3;4;58;57;55;7;4663;41;118;99.5;3.1;4.6;30.9;44.0;61;93;39.6;-13.0;43;67;39.1;-11.5;1;1;1
748;124;124;7;0;0;-2;2;0;0;0;0;0;0;10;2;5;14;61;56;66;11;6923;99;1376;97.7;3.1;4.2;32.2;34.8;102;111;47.9;1.9;71;80;47.0;1.4;0;0;0
752;38;38;17;2;7;-3;0;0;1;0;0;0;0;21;4;2;20;67;53;82;21;17223;829;1386;103.9;3.1;3.8;24.0;41.2;209;364;36.5;1.3;159;274;36.7;2.8;0;0;0
754;43;17;11;0;2;-4;6;0;1;0;0;0;0;12;3;7;15;60;50;71;16;10583;1553;1324;95.5;2.0;3.4;28.2;28.9;139;160;46.5;-0.1;101;121;45.5;-1.2;0;0;0
758;33;29;16;7;8;-11;8;2;5;0;0;0;0;14;4;6;15;72;70;70;63;14689;4426;326;94.9;2.0;3.9;32.6;35.3;241;275;46.7;-0.5;191;205;48.2;-0.1;1;21;10
764;14;14;9;0;2;-1;2;0;0;0;0;0;0;5;5;3;1;57;51;58;6;3872;0;0;99.9;3.7;4.6;34.4;42.8;64;66;49.2;-3.6;44;56;44.0;-8.1;0;0;0
765;34;2;9;1;5;3;4;0;1;0;0;0;0;11;3;4;1;60;59;57;11;7138;149;367;103.9;3.5;2.0;33.8;30.8;124;119;51.0;4.7;93;86;52.0;4.9;0;0;0
766;7;7;15;4;4;3;9;0;0;0;0;1;0;15;6;6;19;64;56;73;22;10243;86;2363;101.3;3.2;2.5;38.3;35.5;175;171;50.6;-1.9;129;126;50.6;-0.6;0;164;82
768;48;14;6;1;1;5;4;0;0;1;0;0;0;6;0;2;10;68;53;84;6;4945;0;1451;107.7;5.1;2.2;33.5;29.1;84;80;51.2;3.3;65;53;55.1;9.6;0;0;0
771;31;31;16;3;9;-4;4;0;1;0;0;0;0;19;16;11;12;65;59;71;22;14090;2187;2002;102.0;3.1;3.3;29.9;40.4;189;242;43.9;-1.0;144;181;44.3;-0.9;0;250;122
773;40;20;14;2;6;-1;18;0;3;0;0;0;0;13;1;6;6;68;65;64;34;13655;832;1574;97.8;1.8;2.6;31.6;33.0;208;224;48.1;5.7;158;171;48.0;4.9;1;40;21
774;48;14;13;0;10;2;14;0;0;0;1;0;0;14;6;6;15;61;54;69;19;14032;216;2149;100.9;3.8;3.6;29.8;29.8;198;227;46.6;-1.9;150;173;46.4;-3.5;0;0;0
775;59;1;10;1;4;5;6;0;0;0;0;0;0;3;1;2;1;59;56;58;9;6313;138;240;111.1;4.0;1.1;25.7;25.7;91;83;52.3;-2.8;71;60;54.2;-2.2;0;2;2
778;153;152;15;3;8;10;8;0;1;0;0;0;0;6;2;4;3;69;61;75;35;10848;669;469;104.4;4.6;1.3;42.8;20.6;225;112;66.8;1.6;173;89;66.0;-0.5;0;154;74
788;44;30;15;5;8;3;2;1;0;0;0;0;0;7;3;4;13;61;60;57;21;12677;28;1042;102.4;4.3;3.4;30.4;29.2;199;191;51.0;-0.5;148;143;50.9;-0.9;1;16;7
790;30;30;14;1;4;9;4;0;1;0;0;0;0;16;3;11;22;63;56;70;35;15444;815;1034;103.0;3.5;1.6;32.6;21.2;193;153;55.8;4.7;157;106;59.7;4.7;1;0;0
791;37;27;8;0;1;-1;2;0;0;0;0;0;0;9;1;2;6;60;51;71;11;6971;52;759;97.7;1.5;2.1;34.6;30.5;123;88;58.3;14.4;88;75;54.0;8.2;0;0;0
794;20;20;8;0;1;0;0;0;0;0;0;0;0;2;2;0;1;60;57;57;4;2919;40;102;98.9;1.2;1.2;29.6;23.4;37;32;53.6;1.0;26;23;53.1;-1.4;0;0;0
797;30;30;14;1;3;8;0;1;0;0;0;0;0;23;12;2;5;64;57;67;9;8574;415;149;112.9;4.2;0.8;24.8;20.6;88;92;48.9;-4.8;68;62;52.3;-5.5;0;34;18
801;27;27;13;1;2;-5;2;0;0;0;1;0;0;8;8;3;4;60;57;61;14;9116;0;1423;97.5;2.4;4.7;32.0;47.8;145;181;44.5;2.0;102;143;41.6;-0.1;0;72;35
802;3;3;13;6;4;6;8;0;1;0;0;0;0;19;6;8;0;73;78;61;60;12675;1764;0;103.6;4.0;2.3;39.5;34.9;231;198;53.8;7.5;166;149;52.7;4.8;0;2;1
803;26;26;16;4;0;-2;2;0;0;0;0;0;0;19;16;8;1;65;64;62;33;13827;703;0;100.1;1.6;1.8;27.6;32.5;163;182;47.2;-4.3;123;150;45.1;-5.6;0;0;0
815;10;10;14;0;3;0;2;0;0;0;0;0;0;10;12;4;5;62;58;62;13;8567;0;122;101.4;2.5;2.5;30.3;36.1;113;129;46.7;1.0;85;95;47.2;1.1;0;1;0
819;20;20;15;5;3;8;8;0;0;0;0;0;0;9;14;6;7;62;57;67;24;12172;140;159;107.4;3.8;1.5;29.3;26.0;150;152;49.7;-0.1;111;103;51.9;2.3;1;2;0
822;47;12;10;1;1;-2;4;0;1;0;0;0;0;11;0;2;11;67;59;74;10;8289;1815;298;106.0;2.2;2.6;17.4;40.4;80;175;31.4;-2.5;59;129;31.4;-4.4;0;20;14
823;12;12;13;12;5;0;2;3;1;1;1;0;0;10;7;12;10;72;68;74;34;11818;2008;1996;95.0;4.0;4.3;41.4;29.2;224;146;60.5;2.7;161;115;58.3;0.6;2;215;112
829;154;154;15;4;4;1;2;2;1;0;1;0;0;28;6;12;10;65;60;68;46;14111;2643;1178;99.8;3.1;2.8;29.1;26.3;185;167;52.6;3.6;136;127;51.7;2.3;0;0;0
834;18;18;16;4;6;5;4;0;0;0;0;0;0;20;12;2;8;63;58;63;18;11267;229;58;107.3;4.2;2.6;29.1;36.4;173;175;49.7;-0.6;111;132;45.7;-3.9;0;1;1
836;54;10;15;2;4;6;12;0;0;0;1;0;0;22;2;5;14;65;52;77;21;14638;102;2508;98.7;4.2;3.0;37.4;23.6;282;176;61.6;6.8;202;127;61.4;6.8;1;0;0
839;12;12;13;1;5;2;0;0;0;0;0;0;0;8;7;1;0;64;66;58;22;6482;481;106;100.7;5.0;2.8;40.5;23.9;110;71;60.8;2.5;79;52;60.3;2.8;0;2;1
849;20;20;15;6;4;11;8;0;0;2;1;0;0;13;18;10;4;62;57;67;19;11821;38;1183;108.3;4.0;1.8;26.2;26.8;131;151;46.5;-4.3;96;106;47.5;-3.4;0;169;81
852;43;17;12;0;3;2;20;0;0;0;0;0;0;9;2;11;39;73;50;95;16;10851;172;2529;104.1;2.7;2.0;24.2;29.2;141;167;45.8;-1.2;95;116;45.0;-1.6;0;0;0
853;9;9;13;0;5;1;4;0;0;0;0;0;0;16;5;7;25;60;52;69;23;14636;96;1666;98.5;3.4;3.2;35.9;28.8;221;197;52.9;0.6;164;139;54.1;1.3;0;0;0
861;8;8;15;1;17;9;4;0;1;0;0;0;0;31;16;8;8;72;72;67;21;14872;660;0;103.6;4.6;2.4;40.7;31.2;266;199;57.2;5.2;193;147;56.8;4.9;0;5;3
866;54;10;14;4;5;2;8;0;0;0;0;0;0;14;4;3;11;73;62;76;33;11661;1773;1375;101.0;3.4;2.8;32.4;29.3;232;167;58.1;2.1;157;129;54.9;-0.9;0;188;89
867;14;14;13;0;6;4;2;0;1;0;0;0;0;11;10;8;5;62;56;65;17;12269;202;268;100.6;3.8;2.6;40.8;30.2;231;175;56.9;8.3;156;125;55.5;7.8;0;146;65
870;43;17;13;2;5;2;4;1;2;0;0;0;0;16;1;3;8;72;64;77;33;10459;2945;68;103.6;2.8;2.1;25.5;28.6;139;169;45.1;-0.2;97;120;44.7;0.1;0;15;8
872;155;154;13;11;5;11;11;3;1;0;0;1;0;16;8;6;8;78;72;81;55;11378;3625;489;104.5;5.4;1.6;44.6;20.9;271;107;71.7;8.9;197;81;70.9;7.3;2;118;60
875;10;10;14;0;2;-9;4;0;0;0;0;0;0;15;10;8;7;63;60;63;24;11348;179;563;92.7;1.6;4.4;28.6;34.6;146;175;45.5;-0.5;107;123;46.5;0.2;0;0;0
876;26;26;16;2;2;-7;2;0;0;0;0;0;0;12;23;8;2;60;57;60;28;9889;384;585;94.9;2.2;4.7;27.3;36.0;126;134;48.5;-2.5;90;107;45.7;-4.4;1;1;0
877;41;7;15;3;7;4;6;0;0;0;1;0;0;24;5;2;9;71;59;77;26;12157;43;1604;100.1;3.6;2.7;33.8;25.5;212;161;56.8;6.3;156;118;56.9;7.6;0;171;87
878;12;12;13;6;2;-1;0;0;0;0;0;0;0;10;10;7;4;64;65;55;23;10449;0;518;97.6;4.1;4.5;37.2;33.1;197;158;55.5;-4.2;127;113;52.9;-6.7;2;4;0
882;3;3;13;2;2;-7;0;0;0;0;0;0;0;10;11;10;4;62;59;60;19;9313;288;99;93.0;1.5;4.3;28.6;34.4;129;158;44.9;-4.8;92;110;45.5;-4.8;1;6;3
883;154;154;15;1;8;-3;10;0;6;0;0;0;0;11;14;8;11;64;59;70;25;13201;2616;45;95.4;1.9;2.7;29.7;24.8;173;150;53.6;4.9;129;106;54.9;6.6;0;197;103
884;155;155;7;0;5;1;4;0;0;0;0;0;0;11;1;1;9;67;52;83;12;5917;0;1397;96.7;3.7;3.0;37.1;23.1;109;73;59.9;-7.4;84;55;60.4;-7.6;0;0;0
885;25;25;15;1;5;0;2;0;0;0;0;0;0;13;1;4;9;58;55;58;18;13685;33;1025;100.6;3.4;3.4;31.3;33.1;204;194;51.3;1.9;142;147;49.1;0.2;0;0;0
887;19;19;14;5;9;3;2;1;0;1;0;0;0;21;15;7;1;69;70;63;30;13575;1163;349;100.0;4.0;3.4;34.5;30.0;208;170;55.0;10.3;151;126;54.5;10.1;0;43;25
896;56;21;14;15;6;7;2;4;4;0;0;0;0;17;2;2;3;76;76;69;58;12771;2514;20;105.1;3.9;2.0;31.0;25.9;199;178;52.8;0.8;153;138;52.6;1.5;3;15;4
899;45;28;14;4;2;-3;2;0;0;0;0;0;0;7;3;4;5;58;56;56;25;10614;96;19;93.5;3.1;4.1;27.5;23.1;184;144;56.1;-1.6;129;109;54.2;-3.6;0;0;0
903;33;12;7;1;0;-5;5;0;0;0;0;1;0;6;1;1;6;62;55;65;10;4718;174;1255;91.2;0.8;4.6;22.1;37.4;56;85;39.7;-2.9;45;63;41.7;-2.6;0;64;30
911;59;1;15;3;7;0;6;0;0;0;0;0;0;21;2;4;9;68;67;66;37;12999;1314;722;97.7;3.3;3.0;40.7;29.1;237;196;54.7;0.8;188;148;56.0;1.3;1;1;0
916;12;12;13;3;7;-2;0;0;0;1;1;0;0;17;10;5;8;70;69;67;25;8928;0;2058;96.8;3.6;5.2;31.9;35.9;150;137;52.3;-8.1;99;100;49.7;-10.3;0;3;2
921;7;7;6;0;2;-4;6;0;0;0;0;0;0;4;1;4;5;57;55;59;12;5878;30;428;91.4;1.8;4.3;39.8;32.5;100;84;54.3;3.1;76;65;53.9;3.9;0;0;0
922;54;10;13;1;5;4;4;0;0;0;0;0;0;7;1;3;7;61;57;59;21;7600;695;163;99.8;4.7;2.8;39.3;23.2;143;104;57.9;1.3;101;72;58.4;2.4;0;73;37
925;54;10;11;3;3;5;0;0;0;0;0;0;0;9;1;1;1;57;55;52;14;4580;253;261;103.0;7.1;3.1;38.5;20.4;84;69;54.9;-1.8;63;42;60.0;4.2;1;39;17
928;24;24;14;6;7;7;18;1;1;0;0;0;0;11;14;4;14;68;68;64;28;13984;1241;119;108.1;5.1;3.3;29.6;36.0;171;197;46.5;4.2;131;158;45.3;0.8;2;39;17
931;31;31;11;1;3;2;2;0;0;0;0;0;0;13;4;3;3;61;57;61;8;7304;28;25;106.6;3.4;2.5;27.1;39.9;92;126;42.2;-0.7;65;89;42.2;-1.1;0;1;0
934;34;2;7;0;3;-5;6;0;0;0;0;0;0;7;1;0;0;55;55;48;9;3902;124;0;85.0;3.7;8.3;36.9;33.2;64;57;52.9;2.9;47;49;49.0;-2.2;0;5;3
938;155;154;13;3;9;2;8;2;4;0;0;0;0;9;1;2;7;72;67;77;30;10423;3251;284;97.3;3.5;2.4;40.1;21.4;212;116;64.6;-1.4;168;80;67.7;2.6;0;24;10
940;54;10;8;1;7;6;6;0;1;0;0;0;0;14;2;2;9;72;61;81;28;8163;2786;896;103.0;4.9;2.2;42.3;26.0;176;92;65.7;7.9;132;69;65.7;8.1;0;1;0
941;17;17;4;0;2;-1;0;0;0;0;0;0;0;3;1;0;3;58;56;56;2;2040;0;0;102.4;3.5;5.3;17.6;30.0;17;33;34.0;-5.5;12;23;34.3;-3.9;0;10;4
942;125;124;6;0;1;1;0;0;0;0;1;0;0;8;3;3;7;63;51;75;10;5530;732;371;103.3;3.3;3.3;30.6;44.3;81;116;41.1;-4.2;61;88;40.9;-2.4;0;0;0
943;155;154;13;4;7;2;4;0;2;0;0;0;0;20;5;7;5;71;65;75;25;11747;769;2190;97.2;3.4;2.8;35.2;22.4;241;127;65.5;-0.2;170;90;65.4;-0.7;1;53;26
946;29;29;14;1;4;-4;8;0;0;0;0;0;0;14;0;14;11;62;59;65;37;15110;429;740;96.8;2.6;3.6;38.4;35.5;244;217;52.9;-1.7;187;177;51.4;-4.1;0;0;0
947;36;3;13;0;11;1;18;0;4;0;0;0;0;16;3;3;5;66;61;67;24;7916;3663;123;108.4;4.5;3.6;25.0;37.3;108;142;43.2;-3.6;81;105;43.5;-2.6;0;7;2
949;0;0;15;0;4;-3;0;0;0;0;0;0;0;8;4;10;31;61;56;65;26;17559;130;1676;100.9;3.1;3.7;27.5;35.9;217;261;45.4;-1.7;160;201;44.3;-4.4;0;0;0
955;18;18;16;5;10;0;9;2;1;1;0;1;0;26;18;7;9;74;78;67;58;14593;2302;110;98.8;3.7;3.9;36.3;34.5;219;228;49.0;-1.6;159;163;49.4;0.8;0;17;9
956;50;26;14;3;5;6;10;0;1;0;0;0;0;15;5;5;19;64;53;73;32;13964;1463;1986;103.2;3.4;1.8;32.7;25.5;250;190;56.8;0.1;172;143;54.6;-2.0;0;0;0
957;31;31;16;2;6;-4;17;0;1;0;0;1;0;33;14;12;8;70;67;69;20;14689;1018;1786;98.5;2.2;3.2;28.9;34.8;184;225;45.0;0.6;137;165;45.4;0.6;0;11;5
959;154;154;15;7;3;-4;11;3;2;0;0;1;1;14;14;6;8;71;71;69;34;13526;2719;45;94.5;1.6;2.7;29.3;24.2;176;161;52.2;3.1;131;108;54.8;6.6;2;27;13
961;21;21;14;2;1;-1;2;0;0;1;0;0;0;9;10;3;1;58;53;61;13;7385;444;125;98.7;1.5;1.9;32.2;33.1;107;107;50.0;-3.7;72;81;47.1;-6.5;1;23;13
962;3;3;13;1;3;-4;2;0;0;0;0;0;0;14;4;9;30;62;55;66;27;15159;70;1514;98.8;3.1;4.0;32.5;37.8;218;257;45.9;-4.4;164;193;45.9;-5.4;0;0;0
963;33;29;16;2;11;5;12;0;0;0;0;0;0;30;5;7;31;70;55;84;38;16855;1505;1462;102.5;3.8;2.6;36.7;32.0;288;292;49.7;4.2;224;218;50.7;3.9;0;0;0
965;17;17;9;0;3;3;4;0;0;0;0;0;0;12;3;7;6;59;52;67;19;9726;75;1129;103.1;3.0;2.2;31.8;35.5;135;142;48.7;7.3;94;113;45.4;5.1;0;0;0
966;24;24;14;5;5;-2;2;2;1;0;0;0;0;18;13;2;7;68;67;67;17;10014;3525;9;102.1;3.2;4.0;24.1;34.9;108;141;43.4;-0.3;84;105;44.4;-0.5;0;16;7
967;123;31;15;0;4;-4;8;0;1;0;0;0;0;43;3;4;43;71;60;82;22;16697;814;838;98.9;2.4;3.2;29.3;35.1;257;303;45.9;-6.1;192;222;46.4;-5.4;0;0;0
971;152;152;13;3;3;5;6;0;0;0;1;0;0;14;13;5;7;66;63;67;14;8306;94;1848;107.4;3.0;1.3;24.7;26.9;99;93;51.6;9.9;67;72;48.2;6.1;0;43;20
975;153;152;6;1;2;0;0;1;0;0;0;0;0;12;3;0;3;67;59;71;20;5806;525;113;92.3;1.9;1.9;38.4;14.9;126;60;67.7;1.4;93;41;69.4;3.3;0;0;0
978;38;38;11;2;4;2;16;0;0;0;0;0;0;24;4;3;7;66;61;67;19;10279;1190;552;106.4;3.5;2.8;25.9;39.2;121;206;37.0;1.8;92;155;37.2;3.7;1;10;6
980;50;26;13;7;6;-1;4;2;6;0;0;0;0;14;3;3;8;73;73;67;49;11549;3120;0;98.1;2.2;2.5;34.6;30.2;198;176;52.9;-4.1;145;132;52.3;-3.7;2;16;12
981;19;19;14;2;6;0;4;0;0;0;0;0;0;18;13;6;6;66;65;62;18;11337;583;187;100.1;3.8;3.8;32.7;33.0;168;159;51.4;4.5;123;113;52.1;6.0;0;11;6
1007;3;3;13;4;9;-4;0;2;2;0;0;0;0;14;13;5;5;64;63;58;32;12938;1982;4;96.7;3.3;4.2;39.8;35.6;198;197;50.1;2.0;164;148;52.6;4.6;2;140;66
1019;0;0;15;1;4;0;6;0;0;0;1;0;0;13;2;16;16;60;53;67;15;14351;119;1562;99.8;3.3;3.3;29.3;28.8;193;209;48.0;2.2;137;144;48.8;2.4;1;0;0
1024;29;29;14;3;5;0;4;0;0;0;0;0;0;17;11;7;3;68;69;62;27;9783;0;490;98.3;3.3;3.3;38.6;32.4;171;139;55.2;1.4;125;103;54.8;1.0;1;10;2
1025;31;31;16;9;8;6;0;2;1;0;0;0;0;25;17;10;3;72;73;68;48;13606;2795;88;106.4;3.7;1.6;33.9;34.7;211;204;50.8;8.7;157;151;51.0;8.4;2;13;5
1029;0;0;15;7;5;-4;8;0;0;0;0;0;0;17;15;8;8;67;70;59;27;14728;55;963;99.6;3.2;4.2;28.1;35.4;193;226;46.1;-0.6;138;165;45.5;-2.2;0;16;8
1031;47;10;14;1;2;-15;10;0;0;0;0;0;0;11;1;1;12;54;53;54;17;10533;605;1123;96.8;2.4;7.5;23.6;56.4;116;282;29.1;-6.6;89;210;29.8;-7.2;0;0;0
1040;24;24;14;4;13;0;2;0;3;0;0;0;0;13;22;10;1;66;62;70;36;14081;3687;115;101.3;4.3;4.3;33.7;37.6;187;221;45.8;3.4;152;170;47.2;3.9;1;249;140
1042;0;0;2;0;0;1;0;0;0;0;0;0;0;1;2;2;1;59;51;69;0;955;0;54;116.7;3.8;0.0;22.6;18.8;12;6;66.7;30.1;9;5;64.3;30.6;0;4;3
1047;44;30;13;4;4;2;6;0;0;0;0;0;0;15;2;1;9;63;60;63;17;8680;1428;0;101.1;5.4;4.1;36.1;29.9;147;133;52.5;2.1;109;98;52.7;1.1;1;2;1
1048;38;25;16;7;13;2;22;3;7;0;0;0;0;16;0;3;21;70;64;74;40;14315;3095;2164;106.9;3.5;2.8;24.6;37.2;183;282;39.4;5.4;132;213;38.3;5.2;0;62;20
1059;32;23;15;2;6;1;12;1;3;0;0;0;0;16;2;2;6;70;66;74;35;12324;3272;0;101.3;2.0;1.8;29.5;31.0;204;178;53.4;6.1;146;133;52.3;6.6;0;9;3
1062;37;37;14;4;3;-6;4;1;0;0;0;0;0;27;0;4;13;67;60;70;28;10649;3105;15;96.2;2.4;4.1;30.4;35.2;152;181;45.6;2.6;121;140;46.4;2.6;2;19;6
1069;18;18;16;6;12;1;6;0;4;0;1;0;0;44;12;8;9;74;76;67;40;13466;2535;1691;98.0;3.5;3.5;36.6;30.2;210;188;52.8;3.4;148;130;53.2;5.8;1;63;28
1073;14;14;14;2;8;0;10;0;1;0;0;0;0;21;8;6;8;65;62;62;26;10870;288;140;99.2;3.6;3.6;41.4;37.8;184;173;51.5;-1.0;144;132;52.2;1.2;1;2;1
1083;31;31;5;0;1;-2;0;0;0;0;0;0;0;9;8;3;2;62;56;67;4;3307;18;0;96.5;1.1;3.3;25.0;41.4;37;55;40.2;-12.9;25;41;37.9;-14.3;0;2;0
1085;12;12;13;2;8;3;4;0;1;0;0;0;0;11;6;6;2;69;69;66;40;11123;2024;0;98.5;4.2;2.9;43.4;25.9;230;146;61.2;3.6;162;102;61.4;4.8;0;0;0
1086;43;17;13;6;6;-1;18;1;2;0;0;0;0;13;6;3;6;68;62;73;42;10134;2697;110;98.5;3.9;4.3;36.9;35.2;156;173;47.4;3.1;120;127;48.6;5.8;0;6;3
1087;21;21;1;0;1;-2;0;0;1;0;0;0;0;0;0;1;1;45;53;34;3;1164;2;207;63.8;3.1;9.3;46.4;21.6;25;11;69.4;8.8;16;9;64.0;3.0;0;0;0
1096;8;8;15;0;4;2;0;0;0;0;0;0;0;5;6;2;2;54;50;57;7;5170;0;0;105.8;3.5;2.1;30.6;37.6;70;78;47.3;-7.1;50;61;45.0;-9.3;0;67;33
1100;27;27;13;3;5;-3;2;0;0;1;0;0;0;12;15;5;11;67;66;66;25;12199;440;1340;101.2;2.7;3.8;24.8;40.1;150;219;40.7;-3.2;98;162;37.7;-5.5;0;34;20
1101;31;31;16;1;4;-6;2;0;0;0;0;0;0;14;3;6;9;57;54;59;28;16357;224;1831;99.7;2.6;4.0;27.5;39.8;204;259;44.1;-0.7;151;200;43.0;-2.8;0;0;0
1102;20;20;15;5;6;10;10;1;0;0;0;0;0;27;17;6;2;71;70;67;20;12782;546;0;108.2;5.1;2.3;31.5;28.7;167;156;51.7;2.7;126;116;52.1;2.7;1;0;0
1103;27;27;13;3;4;-1;2;1;1;0;0;0;0;6;7;6;1;65;63;65;14;10437;2427;0;101.7;2.8;2.8;31.0;38.3;141;179;44.1;1.5;106;128;45.3;4.7;0;50;14
1106;31;31;16;6;13;4;8;2;2;0;0;0;0;36;28;15;8;74;70;77;37;16120;2731;112;107.5;4.5;3.1;27.9;36.8;205;267;43.4;-1.6;148;191;43.7;-1.8;1;2;0
1113;28;28;13;6;8;6;0;0;1;0;0;0;0;12;8;4;4;69;72;61;42;11641;558;26;102.9;4.9;3.1;39.9;32.5;210;157;57.2;1.3;158;120;56.8;-0.6;1;1;0
1120;28;28;13;2;2;-1;2;0;0;0;0;0;0;11;7;3;0;59;57;57;10;5270;33;0;101.2;3.4;3.4;29.4;32.8;69;76;47.6;-9.9;52;56;48.1;-10.4;0;4;4
1128;12;12;13;1;10;8;6;0;4;0;0;0;0;33;9;9;10;67;64;70;45;15045;2034;339;103.3;4.5;2.2;40.9;27.5;282;185;60.4;2.8;199;137;59.2;2.0;0;0;0
1134;14;14;13;5;1;-3;10;1;1;0;0;0;0;18;10;4;4;65;61;65;48;8764;1838;8;97.7;2.5;3.3;36.6;36.1;135;140;49.1;-3.1;103;103;50.0;-0.7;0;0;0
1149;21;21;14;9;5;1;6;2;1;0;0;0;0;20;17;12;9;76;77;72;41;14319;2761;821;102.4;3.8;2.8;36.2;34.7;225;209;51.8;-1.9;165;158;51.1;-2.1;0;13;5
1152;20;20;15;0;14;24;4;0;0;0;2;0;0;10;0;14;42;68;54;83;25;16849;782;2405;113.3;5.1;0.9;31.6;28.8;227;227;50.0;0.5;167;157;51.5;2.3;0;1;0
1156;27;27;13;0;5;0;4;0;0;0;0;0;0;10;5;7;15;59;55;63;18;14086;22;1213;102.2;3.1;3.3;30.7;42.7;199;252;44.1;1.8;141;196;41.8;0.1;0;0;0
1165;28;28;9;0;3;0;0;0;0;0;0;0;0;3;10;3;1;57;53;56;6;4560;28;468;102.9;3.2;3.2;26.8;35.5;61;60;50.4;-7.6;42;52;44.7;-15.3;0;66;28
1169;50;26;4;0;2;2;2;0;1;0;0;0;0;5;1;0;2;65;59;70;9;3322;278;105;94.4;4.3;2.2;44.4;14.1;65;34;65.7;13.9;49;20;71.0;21.5;0;6;3
1173;31;31;16;3;8;3;8;0;1;0;0;0;0;23;5;8;18;65;60;71;42;18335;2843;1167;106.4;4.3;3.1;28.7;36.3;238;294;44.7;0.3;165;217;43.2;-2.6;0;0;0
1179;124;124;4;1;0;0;0;0;0;0;0;0;0;2;1;0;0;60;59;54;1;2110;0;0;106.7;3.4;3.4;20.5;34.1;23;36;39.0;-20.4;16;25;39.0;-21.4;0;2;0
1187;8;8;15;0;4;-4;24;0;0;0;0;2;0;12;2;6;26;54;50;60;18;12286;134;948;94.9;3.5;4.7;36.6;31.9;205;172;54.4;1.0;150;121;55.4;2.6;0;0;0
1201;10;10;4;2;2;1;0;0;0;0;0;0;0;1;2;2;0;61;61;51;9;2370;49;0;100.4;6.1;4.6;39.5;30.4;35;28;55.6;12.6;28;24;53.8;10.0;1;0;0
1209;41;7;15;5;3;2;10;0;2;0;0;0;0;25;5;7;3;71;61;77;44;13032;2787;2283;99.4;2.5;1.9;32.3;23.2;215;149;59.1;9.3;157;121;56.5;7.0;0;249;129
1210;152;152;13;1;1;-2;13;0;0;0;1;1;0;18;5;4;12;55;52;60;20;13396;100;1111;98.3;2.4;3.5;26.9;32.8;154;182;45.8;3.5;105;139;43.0;-0.2;0;0;0
1212;124;124;13;3;5;3;2;0;0;0;0;0;0;22;9;5;2;70;68;69;30;10894;763;726;101.2;3.0;2.0;36.0;28.1;168;136;55.3;7.9;119;101;54.1;5.8;1;0;0
1217;23;23;14;0;3;-2;0;0;0;0;0;0;0;5;2;4;0;57;52;60;9;7447;41;277;97.8;2.4;3.4;37.7;39.2;113;120;48.5;-2.7;85;95;47.2;-3.5;0;98;50
1232;124;124;11;2;1;-3;2;0;0;0;0;0;0;13;10;4;5;61;58;62;16;6101;0;0;91.2;2.4;4.1;33.0;26.0;81;83;49.4;-1.2;62;54;53.4;3.4;0;0;0
1235;50;26;12;4;6;4;6;1;2;0;0;0;0;14;4;5;3;65;63;65;26;11092;1087;882;103.2;3.6;2.3;34.4;31.8;179;163;52.3;-4.8;137;134;50.6;-6.2;2;10;3
1243;21;21;13;1;6;5;9;1;4;0;0;0;0;17;2;10;12;67;63;71;28;13401;2517;709;105.3;3.2;1.3;32.8;29.8;195;175;52.7;0.7;137;135;50.4;-2.0;0;0;0
1252;14;14;11;4;2;-1;2;0;0;0;0;0;0;5;8;3;4;57;51;62;10;6452;0;613;99.7;5.0;5.6;41.8;45.2;111;114;49.3;-5.3;85;89;48.9;-5.1;1;101;43
1255;14;14;14;1;10;4;8;1;4;0;0;0;0;22;3;14;12;64;58;69;33;14413;1961;560;101.5;3.7;2.5;39.2;31.0;257;218;54.1;2.7;186;156;54.4;4.5;0;0;0
1256;125;124;9;1;6;-3;6;0;1;0;0;0;0;14;6;1;6;66;62;70;18;6966;2262;123;103.3;3.6;4.7;25.8;43.4;102;136;42.9;-1.6;73;104;41.2;-3.5;0;8;1
1258;18;18;16;5;4;0;2;0;0;0;0;0;0;9;9;11;4;60;55;61;21;11319;11;49;102.4;3.5;3.5;31.5;40.1;161;196;45.1;-6.5;111;151;42.4;-8.2;2;144;54
1260;19;19;14;2;4;7;2;0;0;0;1;0;0;24;3;11;20;65;59;70;35;14748;0;1747;104.7;3.7;2.2;29.3;28.1;179;185;49.2;1.5;134;131;50.6;4.0;0;0;0
1261;34;2;14;1;4;2;14;0;0;0;0;0;0;23;1;13;9;71;60;79;27;10453;5;2521;100.2;2.8;2.1;33.8;25.8;178;154;53.6;9.1;131;109;54.6;10.1;0;193;109
1273;7;7;15;7;7;-5;6;3;3;0;0;0;0;17;21;15;8;73;71;72;46;14799;2930;1072;97.0;2.4;2.9;41.6;32.8;260;191;57.6;8.3;206;152;57.5;9.8;0;15;9
1279;14;14;12;2;3;-5;2;0;1;0;0;0;0;15;5;9;14;58;55;60;28;12091;414;492;96.4;3.0;4.5;39.0;39.9;197;201;49.5;-3.6;150;160;48.4;-3.8;0;0;0
1292;9;9;13;7;4;3;19;1;1;0;0;1;0;20;24;6;5;72;73;68;43;13367;1853;40;102.9;3.5;2.4;31.5;29.6;196;191;50.6;-2.7;137;129;51.5;-2.5;0;0;0
1298;40;40;14;5;1;-4;20;3;0;0;0;0;0;11;1;2;8;62;55;69;12;7611;1431;183;96.3;1.4;3.3;23.2;33.6;91;130;41.2;-3.7;71;93;43.3;-1.7;1;112;53
1310;44;44;15;2;5;-3;4;0;0;0;0;0;0;10;5;6;6;62;57;64;15;9350;24;1220;98.4;3.1;4.2;26.2;31.6;132;154;46.2;-6.6;97;108;47.3;-5.2;0;25;9
1311;62;10;16;2;3;-2;4;0;0;1;0;0;0;24;3;6;43;59;49;71;15;13074;176;3205;100.6;2.8;3.6;28.6;39.9;181;271;40.0;-8.4;140;207;40.3;-7.9;1;0;0
1327;18;18;16;11;10;7;13;1;0;1;0;1;0;24;21;12;2;71;74;62;73;14843;2569;191;102.4;5.3;3.9;40.3;35.9;254;210;54.7;6.4;193;166;53.8;7.2;1;33;11
1333;19;19;14;3;2;2;7;0;0;0;0;1;1;22;6;3;2;61;57;62;15;8601;0;0;105.3;2.5;1.7;24.3;33.1;88;109;44.7;-4.2;63;88;41.7;-7.5;0;2;1
1339;10;10;14;5;7;-6;0;1;3;0;0;0;0;26;13;9;0;74;78;65;30;12369;2592;256;98.4;3.2;4.1;30.6;33.8;163;178;47.8;2.7;119;128;48.2;2.5;1;25;12
1340;9;9;13;1;2;0;0;0;0;0;0;0;0;22;6;9;15;61;56;66;34;14120;480;1747;98.7;3.3;3.1;33.7;27.5;218;162;57.4;7.1;153;124;55.2;2.9;0;0;0
1343;56;56;6;3;3;0;2;3;1;0;0;0;0;4;1;2;5;72;67;75;17;4512;1095;57;97.1;2.4;2.4;35.1;24.7;89;54;62.2;7.9;59;38;60.8;5.5;1;0;0
1347;36;3;11;2;4;-8;12;0;2;0;0;0;0;15;3;1;24;74;60;87;33;9924;3131;735;95.4;1.8;4.4;27.6;38.8;144;192;42.9;-4.6;107;148;42.0;-4.7;0;0;0
1350;23;23;14;3;2;-4;8;1;1;0;0;0;0;19;2;15;27;69;65;75;41;17081;2531;537;97.8;1.7;2.5;34.4;35.4;252;254;49.8;-1.4;183;197;48.2;-3.2;1;0;0
1353;47;10;12;1;2;-1;20;0;0;0;0;0;0;16;3;3;6;66;52;62;11;8402;52;1103;104.1;2.1;2.6;20.1;39.4;88;171;34.0;-0.9;67;127;34.5;-1.6;0;140;68
1359;2;2;15;4;5;-1;6;0;1;0;0;0;0;29;12;7;4;67;68;59;28;14085;883;154;95.3;3.6;3.8;36.3;26.3;220;158;58.2;1.4;172;126;57.7;0.2;1;4;4
1375;21;21;14;5;6;-3;6;1;0;0;0;0;0;32;10;8;9;69;68;65;65;15019;112;747;97.0;2.9;3.6;39.5;35.0;265;223;54.3;1.9;192;171;52.9;0.7;0;6;1
1376;33;12;14;0;1;4;13;0;0;0;0;1;1;13;3;0;4;59;50;57;12;6825;48;899;104.6;2.1;0.5;35.9;41.7;112;139;44.6;-5.0;88;113;43.8;-7.4;0;34;17
1377;124;124;13;2;5;-1;10;0;0;0;0;0;0;5;8;8;7;60;57;61;13;8989;46;31;102.8;3.6;3.6;26.8;34.0;122;139;46.7;-3.4;84;96;46.7;-4.0;0;109;48
1383;154;154;2;0;0;-2;0;0;0;0;0;0;0;1;2;0;0;52;52;46;0;1155;0;0;85.7;0.0;6.2;21.8;43.6;9;17;34.6;-18.5;7;16;30.4;-24.9;0;0;0
1385;7;7;15;2;4;-6;2;0;0;0;0;0;0;11;10;4;5;62;61;59;27;9352;794;0;99.0;3.5;5.0;30.4;40.4;153;161;48.7;-4.2;99;127;43.8;-9.2;1;1;0
1390;153;152;15;1;7;3;2;0;0;0;0;0;0;25;3;2;7;65;61;63;36;15204;15;1409;97.9;3.6;2.8;39.3;25.6;316;192;62.2;-5.0;231;134;63.3;-4.6;0;27;13
1391;0;0;15;7;7;-6;4;0;0;1;0;0;0;5;14;13;12;61;58;63;30;13958;244;1432;97.3;3.9;5.4;29.7;34.3;186;227;45.0;-2.1;143;158;47.5;0.6;1;176;72
1393;9;9;13;3;11;6;4;0;5;1;1;0;0;17;2;6;18;67;66;65;38;15116;1878;719;100.4;3.8;2.9;37.9;29.5;228;199;53.4;1.4;179;144;55.4;3.4;0;0;0
1395;50;26;13;6;3;5;2;2;3;0;0;0;0;15;3;0;3;64;59;69;22;5784;3330;89;109.3;6.2;3.1;35.5;38.0;95;101;48.5;-9.8;69;86;44.5;-14.0;1;92;35
1398;10;10;14;1;3;-9;6;0;1;0;0;0;0;15;11;17;3;63;59;65;19;12493;636;365;93.3;1.4;4.0;28.2;34.3;159;184;46.4;0.7;118;142;45.4;-1.4;0;115;48
1399;43;43;13;0;5;-2;4;0;0;0;0;0;0;8;5;2;2;58;55;55;17;6789;258;884;99.5;3.7;4.8;26.0;32.3;98;100;49.5;5.2;66;80;45.2;0.7;0;11;6
1400;0;0;15;1;8;-5;0;0;2;0;1;0;0;15;2;11;23;62;60;65;41;18595;1850;826;99.1;3.5;4.3;30.6;34.7;236;271;46.5;0.1;188;206;47.7;1.1;0;0;0
1403;23;23;14;6;3;1;8;2;1;0;0;0;0;17;21;8;2;68;68;66;38;13326;2366;43;101.1;2.2;1.9;32.1;33.8;188;200;48.5;-3.2;136;152;47.2;-4.1;1;7;1
1404;29;29;14;4;6;1;10;1;0;0;0;2;0;23;22;11;11;71;67;71;41;14139;1536;518;98.9;3.3;3.1;39.5;32.1;234;194;54.7;0.9;179;143;55.6;2.2;0;3;1
1407;33;29;16;5;6;-2;8;4;2;0;0;0;0;21;3;5;8;69;62;74;48;13067;3231;419;99.9;3.3;3.3;35.5;35.0;221;239;48.0;1.4;179;175;50.6;3.3;0;242;122
1408;40;40;15;5;5;-2;4;1;3;0;0;0;0;13;1;2;12;64;58;69;26;8220;3109;37;101.7;3.9;4.8;27.2;37.7;115;153;42.9;-1.1;92;113;44.9;0.7;0;179;87
1413;14;14;14;2;3;0;0;0;0;0;0;0;0;12;10;5;3;60;52;70;14;9536;29;1881;99.2;3.0;3.0;38.9;35.1;153;146;51.2;-1.4;119;109;52.2;1.1;0;127;66
1415;124;124;13;1;3;1;0;0;1;0;0;0;0;20;1;9;19;66;62;70;33;13542;1329;755;99.9;4.0;3.7;37.2;34.3;218;208;51.2;2.8;157;152;50.8;1.6;0;0;0
1424;14;14;14;10;3;3;6;1;0;0;0;0;0;25;20;6;6;70;70;66;54;14773;277;575;101.4;3.4;2.7;36.1;33.1;252;229;52.4;0.2;175;163;51.8;0.7;0;4;2
1425;8;8;15;3;7;0;4;1;0;0;0;0;0;32;17;7;7;65;60;65;25;12769;343;1341;101.8;3.7;3.7;29.9;35.0;185;178;51.0;-3.6;121;137;46.9;-8.5;1;1;1
1426;153;152;15;3;5;11;4;0;0;0;0;0;0;11;2;14;22;62;52;72;21;16834;176;1691;101.4;4.7;2.6;38.7;24.0;339;210;61.7;-5.9;250;146;63.1;-5.0;1;0;0
1429;30;30;14;10;7;2;11;4;3;0;0;1;0;14;15;12;5;69;65;73;58;13837;2912;281;99.7;3.1;2.1;33.3;21.6;180;156;53.6;1.2;145;102;58.7;3.0;0;196;97
1432;154;154;15;3;2;-6;7;0;0;0;0;0;0;18;22;10;8;62;54;69;20;11351;693;2291;94.9;1.9;3.5;23.8;26.6;117;132;47.0;-3.9;87;96;47.5;-3.3;1;128;79
1448;31;31;16;8;0;2;2;0;0;0;0;0;0;19;17;7;5;63;59;64;28;12312;747;0;103.7;3.5;2.9;29.5;35.7;143;194;42.4;-2.7;115;138;45.5;0.7;1;0;0
1449;57;12;2;0;1;2;12;0;0;0;0;0;0;2;1;0;0;59;54;56;1;1262;0;0;115.4;5.7;0.0;37.1;25.7;28;16;63.6;10.4;19;14;57.6;3.1;0;0;0
1456;9;9;13;4;9;12;6;0;0;0;1;0;0;14;5;6;34;64;57;71;22;13837;18;213;108.8;4.9;2.1;33.0;33.6;213;224;48.7;-5.8;154;146;51.3;-3.0;1;0;0
1458;17;17;17;4;4;-16;8;2;1;0;0;0;0;25;4;10;19;63;62;60;35;18707;1679;234;94.4;1.5;4.6;27.1;41.0;239;335;41.6;-1.6;169;251;40.2;-0.7;1;0;0
1463;32;23;6;1;0;-1;0;0;0;0;0;0;0;7;4;0;9;64;53;74;11;5034;804;583;102.9;2.9;3.6;26.5;45.1;67;114;37.0;-16.4;46;88;34.3;-17.9;0;0;0
1464;125;124;15;5;3;-1;35;1;0;1;0;1;0;49;4;2;4;62;61;54;25;13586;417;1280;100.9;2.6;3.2;26.2;34.7;193;244;44.2;-2.1;138;185;42.7;-3.3;1;13;8
1465;47;12;14;1;0;-16;14;0;0;0;0;0;0;29;3;3;23;65;50;79;14;14922;233;2945;91.9;0.7;4.6;22.9;40.8;178;307;36.7;4.8;142;225;38.7;6.3;0;0;0
1468;36;3;11;1;3;-4;18;0;1;0;0;0;0;14;5;0;6;61;58;59;27;8971;315;860;95.2;2.8;4.4;35.3;34.5;146;162;47.4;0.4;116;119;49.4;3.8;0;8;1
1472;30;30;10;2;4;7;2;0;0;0;0;0;0;15;4;8;10;63;55;71;17;8973;11;1608;107.0;3.6;0.8;31.7;18.5;114;79;59.1;7.5;91;55;62.3;6.7;0;0;0
1482;19;19;2;1;0;-1;0;0;0;0;0;0;0;1;0;0;1;60;60;49;3;1181;30;0;86.9;3.0;6.1;33.5;27.4;14;12;53.8;-1.0;11;9;55.0;1.8;0;1;1
1484;60;18;14;0;3;0;10;0;0;0;0;0;0;15;3;3;7;60;53;65;23;11027;594;1132;100.7;2.0;2.0;28.1;31.3;179;165;52.0;1.2;122;123;49.8;-2.4;0;162;76
1490;43;43;13;2;0;-5;0;0;0;0;0;0;0;9;2;0;5;58;52;60;10;4651;76;1360;91.4;1.5;5.4;23.2;35.6;59;84;41.3;-4.7;44;60;42.3;-2.7;0;38;14
1491;37;37;12;5;1;2;4;1;0;0;0;0;0;9;6;3;1;62;56;64;30;8346;2019;0;104.7;3.5;2.6;30.2;38.4;123;157;43.9;1.8;101;118;46.1;4.1;2;84;36
1492;40;40;15;1;1;-3;13;0;1;0;0;1;0;15;0;2;7;59;54;61;12;5800;721;106;98.0;1.2;3.1;21.7;40.3;78;99;44.1;0.3;58;79;42.3;-2.2;0;28;18
1494;53;53;15;1;7;-13;12;1;2;0;0;0;0;28;0;7;8;63;57;65;20;12121;1133;460;90.5;1.5;5.0;27.0;33.6;162;217;42.7;1.2;122;147;45.4;2.5;1;188;104
1506;8;8;15;0;4;-3;4;0;0;0;0;0;0;14;2;15;18;61;55;67;30;14187;707;524;97.6;3.0;3.8;33.7;33.2;227;201;53.0;-0.9;163;144;53.1;-0.4;0;0;0
1509;28;28;13;2;2;-2;11;0;0;0;0;1;0;12;4;4;1;59;54;60;13;6181;47;94;96.8;2.3;3.5;28.5;30.9;77;76;50.3;-6.9;57;63;47.5;-11.3;0;5;0
1511;38;38;6;1;2;3;4;0;0;0;0;0;0;16;1;1;0;61;55;60;6;4691;133;619;110.5;3.8;1.5;26.1;36.8;65;97;40.1;9.1;42;75;35.9;4.7;0;32;18
1524;152;152;4;0;1;-1;2;0;0;0;0;0;0;6;3;2;2;61;54;70;3;2192;121;125;98.6;1.6;3.3;21.3;36.1;18;33;35.3;-11.6;15;26;36.6;-10.7;0;8;2
1525;26;26;1;0;0;0;0;0;0;0;0;0;0;1;1;2;0;62;50;78;1;669;38;0;100.0;0.0;0.0;21.5;26.9;6;10;37.5;-20.0;5;7;41.7;-15.7;0;5;2
1526;50;26;14;1;8;0;24;1;1;0;0;0;0;22;10;4;45;72;61;82;42;13698;3550;967;98.8;3.7;3.7;34.4;31.0;230;213;51.9;-7.2;169;163;50.9;-7.6;0;0;0
1530;153;152;15;2;7;8;6;0;0;0;0;0;0;32;0;1;7;64;65;55;39;13517;0;687;99.2;4.0;1.9;48.7;20.8;314;145;68.4;4.2;244;110;68.9;3.7;0;8;7
1537;56;56;14;3;3;3;4;0;1;0;1;0;0;16;2;4;12;57;52;62;24;12483;93;1589;103.7;2.3;1.7;24.5;30.3;171;215;44.3;-11.6;122;149;45.0;-9.3;1;0;0
1538;53;53;15;3;6;-5;6;0;3;0;0;0;0;13;3;2;7;67;57;75;31;11057;3444;133;102.6;2.6;3.3;26.7;45.3;140;235;37.3;-6.3;113;175;39.2;-5.9;0;191;85
1543;153;153;2;0;1;-1;0;0;1;0;0;0;0;4;0;1;1;70;63;77;6;1738;402;152;91.7;0.0;2.1;43.5;24.9;40;19;67.8;-7.4;26;14;65.0;-10.4;0;0;0
1544;152;152;8;0;3;-2;6;0;0;0;1;0;0;9;0;1;3;58;56;56;11;7383;68;188;97.7;2.0;3.4;25.4;34.1;88;105;45.6;2.7;64;87;42.4;-2.2;0;0;0
1553;31;31;16;7;12;3;6;0;4;0;0;0;0;26;19;10;8;73;71;70;40;13201;2685;352;104.2;4.6;3.0;35.2;33.5;196;214;47.8;4.5;151;148;50.5;7.7;2;3;1
1563;125;124;12;0;2;-5;2;0;0;0;0;0;0;4;1;5;32;60;52;66;10;10037;48;2537;100.2;3.2;5.0;27.6;43.8;149;201;42.6;-4.0;111;161;40.8;-5.7;0;0;0
1566;27;27;13;0;4;-7;5;0;3;0;0;1;1;21;3;7;23;68;64;68;45;14818;2393;390;97.9;1.7;3.2;29.6;40.3;200;278;41.8;-1.7;144;193;42.7;1.5;0;0;0
1573;36;3;13;4;2;-6;10;1;1;0;0;0;0;11;1;3;9;67;61;71;29;10888;2432;787;96.0;1.3;3.0;32.4;36.7;182;208;46.7;0.9;136;153;47.1;2.2;0;25;15
1575;17;17;17;3;4;-15;4;0;0;0;0;0;0;29;6;4;24;59;57;57;31;18331;258;1246;96.0;1.8;4.7;26.1;43.8;217;337;39.2;-5.3;157;265;37.2;-5.3;0;0;0
1576;30;30;14;6;12;4;8;1;7;0;0;0;0;23;14;4;1;77;83;67;29;13204;3138;65;102.4;3.3;1.6;34.1;22.6;165;149;52.5;-0.3;137;101;57.6;1.2;0;1;1
1580;29;29;14;5;7;6;0;0;0;0;1;0;0;9;16;15;7;67;58;73;28;12702;368;779;101.6;3.7;2.3;43.4;32.9;232;183;55.9;2.6;180;135;57.1;4.4;1;169;98
1586;53;53;15;0;5;0;8;0;0;0;0;0;0;25;4;4;10;61;54;63;13;8572;136;1889;103.8;1.7;1.3;21.4;31.1;96;139;40.9;-1.2;73;98;42.7;-1.0;0;22;9
1587;19;19;14;4;3;7;10;0;0;0;1;0;0;10;3;4;17;61;57;63;25;16470;135;894;106.0;3.5;2.2;27.3;32.3;208;226;47.9;-0.3;146;164;47.1;-1.2;0;0;0
1590;25;25;15;1;6;-3;6;0;0;0;0;0;0;17;8;4;5;65;61;65;11;7062;2632;122;99.9;4.1;4.6;35.7;39.8;122;115;51.5;1.9;85;91;48.3;-0.8;1;1;1
1595;7;7;15;2;7;-1;6;0;2;0;1;0;0;12;2;18;15;65;60;69;47;17903;1881;1894;98.7;3.0;3.0;36.0;31.2;300;227;56.9;7.9;218;179;54.9;6.2;0;0;0
1610;123;31;13;4;6;0;6;1;4;0;0;0;0;15;3;1;4;63;60;64;28;10755;2393;0;100.9;2.7;2.3;32.8;32.5;179;186;49.0;-1.0;133;142;48.4;-2.0;1;0;0
1612;54;10;15;8;1;12;2;0;0;0;0;0;0;6;0;5;8;63;58;65;32;8511;282;1251;107.0;7.2;2.5;40.2;23.3;166;107;60.8;4.7;123;73;62.8;7.4;2;17;7
1613;123;31;10;0;2;-1;6;0;0;0;0;0;0;10;3;2;2;57;53;60;16;7392;0;745;97.6;1.9;2.4;33.6;29.7;116;119;49.4;-1.5;92;91;50.3;0.7;0;6;5
1616;153;152;15;8;6;5;8;1;1;0;0;0;0;22;4;3;9;67;66;62;49;14575;883;555;98.3;4.2;3.0;40.8;24.7;312;183;63.0;-3.7;226;126;64.2;-3.2;2;10;3
1626;153;152;14;4;7;8;4;0;3;0;0;0;0;13;4;1;5;63;61;60;31;10612;809;480;101.3;4.4;1.7;43.8;19.3;220;122;64.3;-1.6;167;85;66.3;-0.4;0;1;1
1627;124;124;13;2;6;3;4;0;1;0;0;0;0;25;23;7;3;67;61;71;29;11752;892;2120;101.7;3.1;2.1;32.8;28.2;164;160;50.6;1.7;118;114;50.9;1.4;0;26;10
1647;33;10;15;4;4;9;22;0;1;0;0;0;0;18;2;1;2;64;61;64;25;9785;1437;11;107.9;4.8;1.5;37.5;30.5;171;149;53.4;8.5;139;109;56.0;10.5;0;9;3
1648;2;2;15;4;10;8;0;0;0;0;0;0;0;11;8;11;6;65;60;66;16;8770;0;483;103.0;6.6;3.3;42.3;26.3;163;108;60.1;3.7;128;73;63.7;7.6;0;102;45
1650;48;14;13;8;5;3;2;2;2;0;0;0;0;17;4;2;0;64;61;63;30;10766;2365;51;103.2;4.3;3.3;33.1;33.8;187;181;50.8;4.3;138;133;50.9;3.3;1;0;0
1655;21;21;14;3;4;1;6;0;0;0;0;0;0;18;12;7;4;62;59;61;31;12150;13;100;99.1;3.0;2.7;35.3;28.7;197;166;54.3;1.6;140;115;54.9;3.3;1;0;0
1656;21;21;14;1;10;-3;0;0;4;0;0;0;0;22;12;18;6;68;62;68;21;13825;420;2291;98.2;3.1;3.9;36.5;37.8;221;216;50.6;-3.8;162;164;49.7;-4.2;0;168;68
1657;44;30;15;3;9;-2;2;1;1;0;1;0;0;22;1;7;13;71;57;85;32;15005;1040;1242;100.3;3.4;3.8;30.0;35.3;239;254;48.5;-4.5;177;193;47.8;-5.6;0;0;0
1661;56;21;14;5;9;7;6;1;2;0;1;0;0;15;1;1;5;67;62;68;22;10287;677;910;106.0;4.5;2.4;30.4;27.3;163;150;52.1;-0.2;124;110;53.0;1.9;1;21;15
1662;29;29;14;6;9;1;14;2;0;1;2;0;0;17;16;16;6;69;65;74;40;14323;2288;1635;98.4;3.3;3.5;36.9;33.7;233;200;53.8;-0.4;172;152;53.1;-1.4;0;243;113
1672;10;10;6;1;1;-6;4;0;0;0;0;0;0;5;2;3;15;60;55;63;12;5967;782;212;94.9;2.4;4.8;32.6;38.6;85;94;47.5;-0.5;63;67;48.5;1.7;0;0;0
1673;155;154;13;4;5;2;4;1;1;0;0;0;0;13;2;3;3;65;65;59;38;8986;1450;59;97.5;2.8;2.0;37.3;20.0;177;94;65.3;-0.4;122;70;63.5;-3.0;1;0;0
1674;54;10;7;2;3;2;2;0;0;0;0;0;0;4;4;3;0;62;60;58;13;5676;93;0;105.1;3.8;2.5;31.1;35.5;95;89;51.6;-4.7;70;73;49.0;-8.4;0;11;6
1684;31;31;16;3;3;-2;6;0;0;0;0;0;0;8;7;8;7;61;58;58;23;10375;125;139;101.9;3.5;4.2;29.5;42.3;139;181;43.4;-1.4;97;138;41.3;-4.6;1;75;24
1686;34;2;11;1;1;-3;2;0;0;0;0;0;0;6;1;5;4;57;55;56;10;6132;92;712;96.9;2.9;4.7;29.4;35.8;83;117;41.5;-5.7;61;88;40.9;-5.4;0;14;6
1699;36;3;11;5;4;-4;8;2;0;0;0;0;0;23;2;2;5;75;65;78;33;9831;1822;1545;95.2;3.3;4.4;38.8;33.0;179;167;51.7;7.5;142;127;52.8;10.1;0;163;83
1702;55;9;14;1;4;-2;10;0;1;0;0;0;0;23;3;5;26;62;52;72;29;14000;1771;2315;96.2;2.1;2.6;36.8;27.3;250;200;55.6;7.7;183;146;55.6;8.0;0;0;0
1704;37;37;14;6;5;-4;6;2;1;0;0;0;0;30;2;0;3;64;62;59;25;10543;2205;4;98.6;2.7;3.8;30.0;35.9;153;195;44.0;0.4;122;148;45.2;1.0;1;56;24
1705;8;8;15;2;3;4;5;0;0;0;0;0;0;8;9;3;3;58;54;59;12;7462;0;39;104.1;4.3;2.4;38.6;33.8;113;105;51.8;-2.1;90;82;52.3;-1.3;0;27;16
1708;38;25;17;1;6;-4;14;1;0;0;0;0;0;23;1;10;24;60;53;64;24;16260;2569;1360;106.8;3.3;4.0;21.3;45.2;175;363;32.5;-4.6;127;264;32.5;-3.6;0;0;0
1715;55;9;14;4;7;-3;2;2;4;0;0;0;0;16;0;4;7;71;62;75;33;10936;2042;510;97.1;2.3;3.0;33.6;30.3;177;156;53.2;3.4;136;124;52.3;2.6;0;100;56
1718;50;26;13;3;12;2;8;2;6;0;0;0;0;14;1;4;1;72;68;70;29;11426;3382;93;99.5;3.5;2.8;35.9;28.0;200;169;54.2;-5.0;145;129;52.9;-5.4;0;243;125
1722;40;40;10;1;6;0;8;0;3;0;0;0;0;8;2;0;3;67;64;63;22;7734;2099;112;102.0;2.8;2.8;29.8;37.7;121;137;46.9;4.5;92;102;47.4;3.6;0;1;1
1724;8;8;15;4;0;8;6;0;0;0;0;0;0;23;5;17;25;63;55;71;28;18883;262;1355;103.6;4.0;2.5;34.7;31.1;307;249;55.2;2.5;209;187;52.8;-1.0;1;0;0
1730;124;124;4;0;0;-3;0;0;0;0;0;0;0;7;0;1;4;58;52;62;7;3963;261;116;92.7;1.8;3.6;32.7;28.2;64;45;58.7;4.3;44;34;56.4;-0.6;0;0;0
1739;17;17;13;3;5;-2;0;0;0;0;0;0;0;9;12;10;1;59;55;61;14;8411;56;120;101.6;3.4;4.3;25.7;36.4;109;127;46.2;4.8;71;95;42.8;2.5;1;112;59
1745;25;25;15;2;2;-6;2;0;0;0;0;0;0;16;2;10;19;60;56;62;25;15602;126;830;96.9;2.3;3.7;30.9;34.8;207;230;47.4;-3.8;155;177;46.7;-3.4;0;0;0
1748;43;17;13;3;5;-6;19;0;0;0;0;1;1;28;0;2;3;67;56;56;18;11618;190;114;96.3;3.1;5.0;27.9;33.5;144;191;43.0;-3.4;111;143;43.7;-1.3;1;170;81
1750;8;8;15;3;11;12;6;1;1;0;0;0;0;17;5;11;20;65;61;69;38;16269;2234;492;106.0;5.3;2.7;39.2;35.0;246;237;50.9;-4.1;200;179;52.8;-1.0;0;0;0
1751;19;19;14;3;6;6;2;0;0;1;0;0;0;27;17;6;7;72;71;70;15;12079;14;997;107.8;3.0;1.5;22.4;27.1;129;160;44.6;-4.7;88;111;44.2;-4.7;0;3;1
1752;25;25;15;4;3;4;6;0;0;0;0;0;0;9;3;6;4;60;57;60;24;8130;11;711;103.9;4.9;3.1;38.5;35.4;144;130;52.6;3.3;101;99;50.5;1.9;0;96;29
1755;36;3;13;1;2;1;18;0;0;0;0;0;0;14;8;5;17;65;51;83;11;11816;70;1712;102.1;1.8;1.5;26.5;31.7;169;205;45.2;-1.3;115;148;43.7;-2.6;0;0;0
1757;45;28;16;5;17;18;2;1;7;0;1;0;0;16;9;6;10;74;66;78;51;16137;4079;1173;105.1;5.4;1.8;40.6;22.1;316;187;62.8;8.1;238;137;63.5;9.4;2;0;0
1760;9;9;13;3;3;1;0;0;0;0;0;0;0;13;8;3;4;61;58;59;20;6972;0;153;100.9;3.6;3.1;37.2;35.1;113;101;52.8;0.4;88;73;54.7;1.7;1;0;0
1761;25;25;15;1;5;0;6;0;0;0;0;0;0;16;9;5;4;61;58;60;24;8565;0;175;99.0;4.2;4.2;34.0;31.5;145;130;52.7;3.5;100;93;51.8;3.5;0;20;13
1762;37;37;14;3;4;-1;8;1;1;0;0;0;0;11;3;3;5;69;59;77;29;10894;3449;35;102.4;3.0;3.3;25.8;36.0;150;200;42.9;-1.1;109;155;41.3;-4.4;0;236;126
1763;2;2;15;3;9;4;4;0;0;0;0;0;0;17;4;7;6;60;58;60;33;15065;37;1566;101.2;4.3;3.3;38.7;33.7;253;199;56.0;-1.8;190;165;53.5;-6.2;2;0;0
1764;29;29;14;3;2;5;2;0;0;0;0;0;0;8;8;6;5;62;59;61;25;6599;117;101;106.4;3.8;1.1;38.2;30.5;114;95;54.5;0.6;80;64;55.6;1.7;1;0;0
1765;50;26;14;2;3;-2;10;0;0;0;0;0;0;12;5;7;17;66;58;70;32;12178;111;1991;95.5;2.4;3.0;34.3;26.0;236;172;57.8;1.6;167;125;57.2;1.7;0;64;33
1766;20;20;15;2;7;5;4;0;1;0;0;0;0;6;17;7;2;59;56;62;14;13509;861;270;104.0;4.0;2.7;30.1;28.8;175;166;51.3;2.3;129;124;51.0;1.2;0;174;94
1767;9;9;13;5;4;5;10;1;1;0;0;0;0;24;20;9;3;70;69;70;31;12116;2107;94;103.8;3.6;1.8;34.2;26.7;185;153;54.7;3.1;130;108;54.6;1.9;1;5;4
1769;7;7;15;6;6;1;2;3;2;0;0;0;0;12;16;4;4;64;63;62;25;11919;1976;238;102.3;3.9;3.3;33.5;35.3;169;173;49.4;-3.4;131;134;49.4;-2.1;2;7;4
1773;9;9;13;4;10;9;4;1;1;0;1;0;0;13;14;15;8;73;65;80;21;13941;1941;1434;106.2;4.1;1.5;34.1;26.1;206;179;53.5;1.5;153;120;56.0;4.0;0;258;143
1774;57;12;12;3;9;4;6;2;6;0;0;0;0;12;3;8;6;75;63;86;27;10012;3335;426;106.4;2.2;0.7;24.5;29.8;131;161;44.9;-11.3;97;119;44.9;-11.0;1;19;9
1776;38;25;17;2;5;-3;8;0;0;0;0;0;0;19;9;10;35;67;49;85;26;16739;104;2886;103.8;2.8;3.4;21.3;37.0;191;325;37.0;2.0;138;240;36.5;2.3;0;0;0
1779;34;2;14;0;1;-5;14;0;0;0;0;0;0;21;3;8;30;57;49;67;17;11798;35;2822;96.5;2.7;4.3;32.6;36.0;186;203;47.8;1.3;146;166;46.8;-0.2;0;0;0
1786;45;28;14;6;6;-3;4;4;2;0;0;0;0;17;4;3;2;71;68;67;36;10970;3278;46;94.4;3.6;4.6;32.5;27.6;193;151;56.1;-3.0;139;120;53.7;-6.8;2;121;65
1789;43;17;13;6;3;0;17;3;1;0;0;1;0;13;1;2;1;62;58;64;29;7491;2864;329;104.1;2.4;2.4;21.1;33.2;85;130;39.5;-7.2;55;91;37.7;-8.5;1;84;42
1791;154;154;15;0;4;-9;0;0;0;0;0;0;0;28;12;5;11;63;58;65;9;11629;712;70;91.8;1.2;3.7;21.7;26.6;125;139;47.3;-3.5;88;102;46.3;-4.9;0;0;0
1802;37;37;9;1;4;-8;6;0;3;0;0;0;0;8;2;3;16;76;60;89;23;7544;2367;779;91.2;1.4;4.8;28.2;34.4;104;125;45.4;1.8;85;95;47.2;1.4;0;0;0
1804;153;152;14;6;7;4;9;2;2;0;0;1;0;23;6;4;5;75;69;78;54;14094;3416;109;100.1;3.8;2.6;38.3;25.8;294;175;62.7;-4.3;207;125;62.3;-6.2;1;281;144
1808;10;10;14;2;2;-5;8;0;0;0;0;0;0;11;10;10;11;62;57;66;21;12436;622;841;98.5;2.3;3.8;26.3;36.5;150;187;44.5;-1.9;104;140;42.6;-5.1;0;143;66
1812;37;37;14;3;4;4;10;0;0;0;0;0;0;11;1;6;12;67;59;71;23;12741;1314;871;105.2;2.8;1.7;27.7;33.9;172;226;43.2;-0.7;124;164;43.1;-2.0;2;30;13
1813;54;10;14;3;6;1;4;0;0;0;1;0;0;12;5;3;5;62;61;57;36;11391;1157;534;97.3;4.4;4.1;37.6;28.4;202;151;57.2;1.9;156;122;56.1;1.2;2;18;6
1816;24;24;14;1;9;0;2;0;2;0;1;0;0;18;12;6;12;67;65;66;7;11164;1056;319;102.8;2.9;2.9;24.8;32.6;145;174;45.5;2.5;95;118;44.6;-0.3;0;19;9
1817;29;29;14;2;2;-2;4;0;1;0;0;0;0;19;4;13;11;60;56;63;39;15357;1016;751;98.4;3.0;3.3;35.9;32.3;249;205;54.8;1.2;176;157;52.9;-1.8;1;0;0
1818;34;2;5;0;0;-1;4;0;0;0;0;0;0;2;0;1;2;56;51;60;1;1973;20;280;96.2;0.0;1.8;21.9;47.4;22;43;33.8;-7.9;18;34;34.6;-4.7;0;4;1
1819;41;7;15;1;2;-3;4;0;0;0;0;0;0;26;3;9;27;61;51;71;19;16957;63;2597;97.0;1.9;2.5;29.7;27.0;268;235;53.3;1.6;192;179;51.8;0.6;0;0;0
1820;155;154;13;1;3;3;0;0;0;0;0;0;0;24;3;5;2;60;56;60;23;10555;0;54;95.3;4.1;3.1;36.8;19.4;218;116;65.3;-0.5;163;82;66.5;0.9;0;8;3
1821;17;17;17;1;10;-9;8;0;4;0;0;0;0;32;25;11;1;70;69;66;45;15915;2721;330;98.0;2.0;3.8;25.6;38.5;186;246;43.1;0.5;132;204;39.3;-1.9;1;49;25
1822;125;124;16;7;4;-4;0;1;1;0;0;0;0;26;1;4;9;66;64;60;36;12229;3073;410;100.7;3.5;4.4;30.3;40.3;191;235;44.8;0.3;144;183;44.0;0.2;0;31;16
1826;10;10;3;0;0;1;2;0;0;0;0;0;0;4;0;1;1;61;52;73;2;1972;241;290;111.1;1.8;0.0;16.4;23.7;18;23;43.9;1.5;14;16;46.7;2.1;0;0;0
1827;48;14;13;4;9;1;4;0;4;0;0;0;0;15;2;7;9;69;64;71;21;11149;2879;93;102.0;3.2;2.9;28.4;31.0;176;170;50.9;4.3;121;132;47.8;-1.1;1;244;121
1832;24;24;14;0;6;3;4;0;0;0;0;0;0;17;7;8;21;60;54;67;23;13772;155;534;103.8;3.4;2.6;28.8;32.7;169;194;46.6;4.3;125;142;46.8;2.9;0;0;0
1839;34;2;13;6;6;7;6;0;3;0;0;0;0;15;5;1;9;63;60;64;30;10692;1946;0;108.2;3.7;0.7;35.7;30.6;184;165;52.7;8.3;141;120;54.0;9.8;1;10;6
1840;55;55;2;1;0;-3;0;0;0;1;0;0;0;2;0;0;0;57;60;43;4;1275;0;463;75.0;0.0;11.3;22.6;45.2;12;27;30.8;-20.7;11;21;34.4;-14.1;0;36;17
1841;14;14;10;2;1;-3;0;0;0;0;0;0;0;8;6;3;3;60;58;59;17;5149;16;0;96.3;3.5;5.6;36.4;41.9;83;89;48.3;-5.7;60;66;47.6;-5.0;0;12;6
1842;0;0;15;4;9;-5;2;0;0;0;0;0;0;12;22;9;8;62;60;60;27;14160;569;81;99.0;3.6;4.6;28.7;34.1;172;209;45.1;-1.9;127;153;45.4;-2.4;0;100;51
1843;37;27;13;1;0;3;8;0;0;0;0;0;0;23;5;1;27;66;49;84;16;10646;566;2273;104.0;3.0;2.4;28.1;34.5;134;189;41.5;-2.1;107;140;43.3;-0.1;0;87;34
1846;153;152;7;0;0;0;0;0;0;0;0;0;0;11;0;0;0;56;52;53;4;3332;14;45;95.3;2.2;2.2;41.1;21.6;74;40;64.9;0.8;54;29;65.1;0.5;0;49;24
1847;40;20;14;0;1;-10;2;0;0;0;0;0;0;18;3;4;12;63;51;77;18;13815;3;2412;96.2;1.6;4.2;22.4;38.8;179;244;42.3;-2.6;134;192;41.1;-5.1;0;0;0
1848;17;17;8;0;4;-4;0;0;0;0;0;0;0;5;6;3;2;55;53;54;6;3357;0;5;93.8;4.3;8.6;31.1;42.9;51;58;46.8;4.0;32;46;41.0;-0.8;0;2;2
1851;2;2;15;3;7;4;4;0;0;0;0;0;0;14;16;4;8;68;66;68;31;12686;694;2582;100.6;3.4;2.3;33.8;23.8;198;134;59.6;3.2;148;104;58.7;1.5;1;140;72
1853;27;27;10;0;2;-5;2;0;1;0;0;0;0;13;2;4;6;59;54;61;17;9503;374;178;96.3;1.1;3.0;34.9;43.6;148;167;47.0;4.9;107;133;44.6;2.5;0;0;0
1854;54;10;13;7;10;-5;6;4;3;0;0;0;0;12;5;4;8;74;72;70;48;10101;3682;143;94.8;3.6;4.3;41.3;31.0;191;143;57.2;-0.4;144;109;56.9;-0.1;0;216;121
1858;59;1;15;4;14;4;6;1;2;0;0;0;0;14;2;1;8;70;61;79;33;14151;3066;1032;103.2;4.6;3.1;34.6;30.3;224;216;50.9;-4.9;181;166;52.2;-4.4;1;0;0
1859;124;124;13;5;6;-10;8;3;3;0;0;0;0;23;5;4;3;71;76;60;35;11395;2325;84;92.2;2.5;5.4;29.7;32.9;167;192;46.5;-4.1;109;128;46.0;-5.4;1;6;4
1860;40;40;12;3;4;-4;4;1;3;0;0;0;0;15;1;4;5;65;59;66;20;8863;2099;68;100.7;2.8;4.5;23.2;38.6;103;176;36.9;-6.9;80;125;39.0;-4.4;0;8;4
1861;34;2;14;1;5;-9;10;0;3;0;0;0;0;17;10;5;33;68;62;68;43;14394;4048;1369;97.3;2.8;4.8;28.3;38.3;210;267;44.0;-4.5;168;201;45.5;-2.2;0;0;0
1864;33;12;16;1;5;5;4;0;0;0;0;0;0;20;4;11;27;66;56;71;15;11384;0;3319;103.8;3.2;2.2;29.7;32.6;170;197;46.3;-1.0;131;142;48.0;-0.4;0;150;78
1865;28;28;13;1;7;8;6;0;0;0;0;0;0;10;3;10;13;61;57;64;23;14460;76;1764;102.1;4.7;2.7;40.3;28.4;248;184;57.4;1.6;185;132;58.4;1.7;0;0;0
1866;30;30;14;1;3;9;15;0;0;0;0;1;0;24;2;7;14;63;59;69;25;14800;59;359;106.0;3.4;1.2;27.7;19.5;171;136;55.7;4.3;135;93;59.2;3.6;0;0;0
1867;23;23;14;3;1;-6;6;0;0;0;0;0;0;12;10;12;5;63;60;65;20;12873;489;175;93.7;2.0;3.6;32.7;29.6;193;181;51.6;1.2;143;132;52.0;2.6;1;132;76
1868;154;154;15;0;2;-4;7;0;0;0;0;1;0;18;11;5;5;61;57;63;16;11102;0;581;95.0;1.0;2.3;25.6;25.9;122;133;47.8;-2.8;93;95;49.5;-0.8;0;6;3
1874;123;31;15;5;8;1;4;3;2;0;0;0;0;18;4;1;16;69;64;71;32;11646;2199;266;101.4;3.1;2.8;30.6;32.1;177;193;47.8;-2.5;138;142;49.3;-0.7;1;21;10
1877;31;31;16;3;10;3;2;0;2;0;0;0;0;15;14;16;8;66;60;72;28;13605;905;1419;106.9;4.2;3.2;27.8;38.1;159;227;41.2;-4.5;121;166;42.2;-3.7;1;169;82
1879;45;28;16;7;6;7;6;3;3;0;1;0;0;20;3;7;21;70;65;72;58;13957;3147;1099;102.9;3.1;1.5;35.6;26.6;282;178;61.3;5.5;206;138;59.9;3.8;1;17;12
1881;125;124;7;1;2;-3;2;0;2;0;0;0;0;7;2;4;7;72;54;89;10;5990;1694;525;95.5;1.8;3.6;26.4;31.9;78;102;43.3;-3.3;58;80;42.0;-4.8;0;0;0
1882;45;28;16;3;8;0;12;2;3;0;0;0;0;22;2;5;19;77;65;87;52;14408;4126;1367;96.8;2.5;2.7;35.7;27.0;262;192;57.7;0.4;202;144;58.4;1.6;0;0;0
1883;24;24;14;2;4;0;0;0;0;1;0;0;0;21;16;9;10;63;56;70;23;9312;0;2100;98.1;2.3;2.7;30.2;28.2;107;132;44.8;1.4;84;84;50.0;6.5;0;1;0
1886;32;23;10;1;2;0;0;0;0;0;0;0;0;6;0;2;9;60;59;53;18;7470;872;45;103.9;4.3;4.3;26.5;34.7;110;142;43.7;-7.8;75;107;41.2;-9.9;0;1;1
1887;62;31;13;5;6;-6;2;1;2;0;0;0;0;11;6;3;3;66;64;63;52;10584;3260;214;92.8;4.1;5.8;42.2;34.4;201;155;56.5;6.8;153;131;53.9;4.1;0;16;8
1891;59;59;4;1;1;-3;2;0;0;0;0;0;0;11;3;1;5;66;54;80;10;3178;741;363;97.2;1.1;3.4;21.5;41.9;46;60;43.4;-9.4;33;48;40.7;-12.8;0;0;0
1900;23;23;14;1;6;0;23;1;0;0;0;1;1;23;17;6;5;67;64;68;27;13436;580;235;98.4;1.9;1.9;35.1;27.1;201;190;51.4;1.0;155;125;55.4;7.3;0;8;4
1901;29;29;4;1;2;0;2;0;0;0;0;0;0;5;1;2;4;58;56;56;8;4101;50;22;104.5;4.4;4.4;26.3;36.0;48;65;42.5;-9.2;33;48;40.7;-13.5;0;0;0
1902;10;10;14;2;8;-7;11;0;2;0;0;0;0;23;19;7;16;71;72;66;32;13372;1703;341;95.2;2.4;4.3;31.0;34.2;171;207;45.2;-0.9;141;150;48.5;3.0;0;3;1
1904;32;23;15;6;14;-2;8;1;5;0;0;0;0;20;4;2;6;69;66;68;30;13226;2868;456;99.7;3.0;3.3;29.4;31.0;201;207;49.3;0.2;155;156;49.8;3.2;0;14;3
1905;153;152;15;11;9;8;4;4;5;0;0;0;0;12;7;1;14;74;71;75;65;12722;4090;3;102.2;3.7;1.1;47.3;20.4;288;125;69.7;5.8;223;101;68.8;3.4;0;41;22
1906;34;2;14;7;2;-7;4;3;0;0;0;0;0;17;3;4;4;62;59;58;33;8714;2145;100;98.6;3.3;5.4;27.3;39.7;103;158;39.5;-9.3;82;123;40.0;-8.7;0;158;85
1908;32;23;15;1;4;-3;36;0;0;0;0;0;0;18;0;5;14;57;53;61;23;14491;881;1420;100.5;3.2;3.7;28.8;34.8;230;235;49.5;0.6;158;185;46.1;-2.5;1;0;0
1909;154;154;15;1;4;-4;20;0;0;0;0;2;0;22;2;10;15;60;56;59;37;16030;0;1076;94.7;2.2;3.1;31.0;25.2;210;193;52.1;3.2;159;135;54.1;6.1;0;0;0
1910;57;12;10;0;5;5;0;0;0;0;0;0;0;22;0;1;3;61;57;60;6;5251;0;315;109.7;4.8;1.4;33.6;30.2;92;82;52.9;-0.9;72;61;54.1;0.9;0;11;9
1911;125;124;16;4;8;-3;20;1;2;0;0;0;0;22;10;9;7;68;62;72;48;13067;4032;283;98.8;3.3;3.9;35.0;36.1;216;221;49.4;6.8;168;177;48.7;6.9;0;25;10
1912;27;27;13;0;3;-5;2;0;0;0;0;0;0;14;2;8;17;61;55;67;26;12902;522;777;100.1;2.0;3.3;27.1;46.9;169;250;40.3;-3.8;115;199;36.6;-7.6;0;0;0
1914;32;23;15;3;6;1;8;0;0;0;1;0;0;16;0;5;6;65;62;60;28;11706;210;2594;100.3;4.3;4.0;34.1;32.6;191;173;52.5;4.7;146;137;51.6;5.6;0;23;8
1915;31;31;5;0;0;0;4;0;0;0;0;0;0;3;1;4;15;59;49;73;5;4765;0;63;101.3;3.0;3.0;34.0;40.0;71;88;44.7;-8.9;53;61;46.5;-4.5;0;0;0
1916;152;152;13;2;2;-1;0;0;1;0;0;0;0;19;1;10;17;62;58;64;26;13582;912;1040;98.5;2.4;3.2;28.1;31.8;161;183;46.8;5.0;116;136;46.0;4.2;0;0;0
1921;32;23;15;3;1;-3;20;0;0;0;1;0;0;16;3;4;18;65;54;78;23;14301;685;2620;96.8;2.3;3.3;28.9;29.7;228;212;51.8;4.1;172;158;52.1;6.8;0;0;0
1922;37;27;9;0;5;-2;8;0;0;0;0;0;0;12;1;6;3;64;54;71;18;8456;1623;567;98.5;3.4;4.3;33.6;36.6;126;153;45.2;-2.5;95;116;45.0;-3.5;0;0;0
1924;36;3;13;4;2;-10;6;3;1;0;0;0;0;12;7;7;28;66;52;80;27;13264;3018;1732;94.9;2.7;5.2;28.8;35.6;201;224;47.3;1.9;150;168;47.2;2.4;0;0;0
1925;40;20;15;2;4;-5;4;1;1;0;2;0;0;20;4;0;12;61;54;70;31;13382;2610;1237;95.6;1.6;3.8;28.0;37.1;176;245;41.8;-2.8;140;187;42.8;-2.1;0;0;0
1927;154;154;15;1;3;-4;4;0;0;1;0;0;0;32;28;16;10;71;69;72;18;13107;577;2491;94.4;1.9;3.0;30.2;25.3;177;161;52.4;3.3;128;110;53.8;5.1;0;40;18
1930;24;24;14;6;8;1;4;3;3;0;0;0;0;23;14;8;7;74;74;70;43;13258;3637;9;102.9;3.8;3.5;30.4;36.9;162;203;44.4;1.1;130;158;45.1;0.5;1;2;2
1933;37;37;4;1;0;0;0;0;0;0;0;0;0;6;2;0;5;65;54;76;18;3273;1102;268;96.9;2.2;2.2;34.1;23.1;57;48;54.3;15.9;44;32;57.9;19.9;0;0;0
1934;34;2;13;0;3;-10;6;0;0;0;0;0;0;16;6;7;24;68;52;84;13;14080;720;2766;94.7;2.0;4.3;28.1;34.5;205;237;46.4;-0.4;161;178;47.5;1.2;0;0;0
1937;50;26;14;2;1;0;0;0;1;0;0;0;0;10;2;7;7;69;58;76;25;10989;838;824;96.4;1.6;1.6;41.3;21.6;231;127;64.5;10.6;167;96;63.5;10.2;0;162;80
1942;54;10;16;2;7;9;4;0;0;0;0;0;0;16;1;8;28;67;52;84;20;15718;170;2865;103.4;5.0;3.2;35.3;29.5;302;215;58.4;2.3;218;173;55.8;-1.3;0;0;0
1943;62;19;16;1;7;2;30;0;0;0;0;0;0;26;2;11;14;60;53;65;31;16450;118;2676;98.1;4.2;3.7;35.2;27.1;274;218;55.7;3.4;208;175;54.3;2.5;1;0;0
1944;7;7;3;0;0;-5;0;0;0;0;0;0;0;2;2;1;2;55;52;53;1;1648;0;0;76.2;0.0;10.9;26.2;45.8;23;34;40.4;-14.5;14;25;35.9;-19.1;0;26;10
1948;33;12;16;1;2;3;0;0;0;0;1;0;0;7;1;2;4;60;54;62;18;7893;0;2182;102.2;2.3;1.8;31.5;36.5;117;146;44.5;-3.1;90;114;44.1;-5.0;0;140;75
1951;62;62;6;0;0;-1;2;0;0;0;0;0;0;0;2;0;1;52;49;50;2;2495;10;34;97.3;1.4;2.9;27.4;36.1;43;49;46.7;-3.4;35;36;49.3;0.3;0;11;7
1953;55;9;14;6;7;2;6;1;4;0;0;0;0;27;8;4;4;67;62;69;47;11936;4217;251;101.5;3.9;3.3;35.3;34.7;204;199;50.6;-0.0;154;156;49.7;-1.1;2;7;4
1954;10;10;14;5;2;-4;6;1;0;0;0;0;0;13;15;3;6;71;74;60;29;12254;2595;376;99.6;2.6;2.9;29.7;31.4;163;177;47.9;2.8;122;124;49.6;4.4;1;4;0
1958;33;29;16;2;5;0;4;0;3;0;1;0;0;33;4;7;21;73;53;91;24;16075;1786;3238;99.5;2.0;2.2;31.4;32.2;250;251;49.9;4.3;194;195;49.9;2.4;1;0;0
1961;54;10;13;1;3;4;0;0;0;0;0;0;0;19;0;0;3;61;54;62;8;6211;12;223;100.2;5.8;3.5;35.4;21.4;110;69;61.5;7.4;81;49;62.3;9.0;0;62;33
1976;29;29;14;4;7;-1;6;0;4;1;0;0;0;16;14;14;3;67;63;69;32;14587;2279;820;98.0;3.5;3.7;37.8;33.3;234;216;52.0;-3.0;173;162;51.6;-3.6;1;223;116
1977;55;9;13;2;15;-2;6;0;7;0;1;0;0;16;2;3;13;76;60;92;46;12502;4110;955;95.6;2.0;2.9;36.9;29.1;232;182;56.0;7.8;172;137;55.7;7.6;0;0;0
1981;55;9;10;0;1;-1;2;0;0;0;0;0;0;6;1;3;15;62;50;75;4;8544;230;1096;101.1;3.4;3.4;28.7;31.6;126;139;47.5;-4.1;92;102;47.4;-5.3;0;0;0
1982;48;14;13;4;6;-2;8;2;1;0;0;0;0;19;4;1;8;61;60;58;34;10408;1861;168;97.8;2.8;3.5;29.1;29.4;148;167;47.0;-1.1;115;117;49.6;1.3;0;1;0
1983;124;124;13;3;2;-6;6;0;0;0;0;0;0;19;4;3;6;65;66;57;33;10182;749;0;93.3;2.1;4.2;36.4;33.9;165;148;52.7;4.6;120;107;52.9;4.2;1;0;0
1990;33;29;16;3;8;-3;24;2;2;0;1;0;0;25;8;8;22;68;57;81;63;16918;4892;1201;98.7;2.8;3.0;33.6;31.3;290;266;52.2;8.1;222;202;52.4;6.4;0;1;0
1997;47;47;14;1;2;-7;10;0;0;0;0;0;0;26;4;8;51;67;52;86;35;15218;2509;2065;97.2;1.2;2.8;22.7;35.5;172;293;37.0;5.1;133;207;39.1;6.7;0;0;0
1999;2;2;15;1;4;4;13;0;0;0;0;1;0;25;5;9;27;61;53;71;25;15465;0;2425;98.8;3.7;2.8;36.5;24.4;251;185;57.6;0.6;193;126;60.5;4.2;0;0;0
2003;29;29;14;1;3;1;0;0;0;0;0;0;0;19;9;7;4;66;63;66;29;10133;109;25;98.7;2.8;2.5;42.6;31.3;182;146;55.5;1.9;140;106;56.9;3.7;0;0;0
2005;3;3;13;4;4;0;2;0;0;0;0;0;0;21;12;7;2;68;66;64;29;12298;529;93;101.2;4.1;3.8;36.9;38.3;191;196;49.4;0.9;148;151;49.5;0.1;1;8;3
2013;24;24;14;2;6;1;8;0;0;0;0;0;0;11;8;10;13;58;51;65;9;15380;60;1767;104.8;3.0;3.0;22.2;34.4;161;239;40.3;-5.2;120;173;41.0;-5.9;0;0;0
2015;62;19;16;2;6;3;6;0;0;0;0;0;0;30;2;3;23;67;55;79;25;15135;2631;1490;99.5;4.0;3.8;33.3;30.2;259;224;53.6;1.7;199;168;54.2;2.9;0;0;0
2016;155;155;13;1;5;11;2;0;0;0;1;0;0;14;4;3;13;64;53;76;29;11495;180;1641;103.7;5.6;2.5;37.3;21.9;231;128;64.3;-1.9;170;96;63.9;-2.9;0;0;0
2017;12;12;13;1;4;-3;8;0;0;0;1;0;0;12;8;13;19;60;55;65;34;13061;507;1773;93.4;3.6;4.7;44.7;32.0;257;191;57.4;-1.8;188;139;57.5;-0.6;0;0;0
2018;32;23;8;0;0;-3;4;0;0;0;0;0;0;1;4;1;0;52;49;54;3;2614;319;56;90.0;0.0;4.1;13.8;41.3;36;52;40.9;-9.7;18;36;33.3;-16.4;0;31;18
2022;123;31;6;0;0;-4;0;0;0;0;0;0;0;3;0;2;1;57;52;52;4;2789;0;404;84.0;0.0;5.2;28.4;32.3;42;47;47.2;-0.7;28;35;44.4;-3.4;0;2;1
2024;56;21;14;1;7;5;6;1;0;0;1;0;0;28;3;6;22;72;55;89;20;13961;744;1606;103.8;3.1;2.1;27.3;27.6;197;206;48.9;-5.0;144;152;48.6;-4.3;0;0;0
2025;55;9;14;2;8;2;6;0;2;0;0;0;0;23;2;5;3;79;65;89;34;12696;4279;655;101.4;4.5;4.0;35.2;34.6;215;213;50.2;-0.6;159;169;48.5;-3.0;0;222;112
2026;47;0;14;4;7;-16;4;2;4;0;0;0;0;12;8;9;14;68;67;62;46;13561;3558;566;93.3;1.9;5.8;26.5;42.5;179;284;38.7;7.7;146;213;40.7;9.3;0;41;19
2031;34;2;9;0;2;-6;6;0;0;0;0;0;0;19;3;3;10;64;58;66;16;6850;236;948;90.7;0.5;3.2;33.1;28.9;114;103;52.5;5.3;84;73;53.5;4.5;0;14;2
2032;44;30;15;5;3;5;4;0;0;1;0;0;0;6;0;2;5;62;59;59;25;9673;150;1078;107.0;5.2;3.3;31.3;34.6;154;151;50.5;-1.1;112;119;48.5;-3.8;0;2;0
2033;10;10;14;0;3;-4;4;0;0;0;0;0;0;16;1;3;15;58;54;58;16;13392;598;1324;99.6;3.2;4.3;28.5;36.8;182;217;45.6;-0.4;129;157;45.1;-1.8;0;0;0
2034;123;31;10;4;1;-3;2;0;0;0;0;0;0;24;2;2;2;67;59;66;18;8251;0;940;97.9;3.1;4.4;29.7;35.3;135;131;50.8;1.8;102;112;47.7;-3.0;0;133;69
2035;29;29;14;0;5;4;12;0;0;0;3;0;0;18;4;10;13;62;57;67;38;14354;818;1518;98.8;3.3;2.8;44.1;32.1;263;190;58.1;5.9;204;152;57.3;4.9;0;0;0
2038;53;53;15;3;4;-7;12;1;1;0;0;0;0;14;4;3;18;65;58;71;25;11320;1555;1896;99.3;2.2;3.5;28.3;40.7;148;229;39.3;-3.6;115;171;40.2;-4.6;0;47;24
2040;155;154;13;2;6;3;4;0;0;0;0;0;0;7;1;6;13;70;64;73;13;9827;90;1426;97.7;3.7;2.6;35.2;20.1;185;106;63.6;-2.8;132;77;63.2;-3.6;0;30;16
2041;10;10;3;0;0;1;0;0;0;0;0;0;0;0;1;1;0;59;54;62;2;1550;0;0;107.7;2.3;0.0;30.2;39.5;21;28;42.9;-3.9;15;22;40.5;-6.6;0;0;0
2043;44;30;12;7;9;7;10;1;3;0;0;0;0;22;4;3;22;73;67;74;44;11888;3220;1308;104.9;6.1;3.9;33.3;29.7;185;187;49.7;-1.1;140;139;50.2;0.6;0;0;0
2044;54;10;14;7;5;1;6;1;2;0;0;0;0;21;2;6;12;66;62;70;36;11207;2277;1662;100.6;4.2;3.9;33.4;32.4;215;190;53.1;-6.7;147;138;51.6;-8.4;1;63;28
2045;30;30;14;1;3;3;6;0;0;0;0;0;0;14;3;6;32;62;51;75;11;12329;155;2303;103.5;2.3;1.5;23.7;22.8;129;155;45.4;-10.4;95;95;50.0;-9.3;0;0;0
2048;21;21;14;3;6;0;2;1;1;0;0;0;0;7;8;2;1;60;58;59;20;10351;492;47;96.7;3.5;3.5;39.0;28.5;165;127;56.5;4.4;125;92;57.6;6.6;1;129;64
2049;34;2;13;0;5;-14;2;0;1;0;0;0;0;13;3;4;8;62;58;59;16;9682;226;1586;88.0;1.1;6.3;23.8;37.9;134;175;43.4;-4.4;94;134;41.2;-7.3;0;11;4
2050;48;14;13;5;3;2;8;0;1;0;0;0;0;15;5;4;18;61;57;64;19;11782;769;1444;103.8;4.3;3.7;29.3;33.9;178;200;47.1;-1.1;130;138;48.5;-0.2;0;0;0
2053;21;21;14;3;5;-6;4;1;2;0;0;0;0;21;14;4;6;63;58;64;19;9150;2711;39;92.8;2.4;3.5;40.5;27.1;155;118;56.8;4.6;119;82;59.2;8.5;1;10;7
2054;62;12;16;7;6;-4;12;5;0;0;0;0;0;21;2;0;9;66;62;65;43;8963;4325;53;98.4;3.6;4.8;30.5;35.7;130;148;46.8;-8.2;104;118;46.8;-7.3;0;25;11
2056;57;12;9;0;8;5;4;0;5;0;0;0;0;9;1;3;3;64;55;74;33;7683;2862;593;107.7;3.7;0.9;34.2;29.1;140;107;56.7;-2.6;103;80;56.3;-2.8;0;0;0
2058;123;31;12;0;1;-1;2;0;0;0;0;0;0;11;1;1;7;61;55;62;10;7706;255;176;99.2;2.8;3.3;27.6;29.9;107;121;46.9;-5.0;84;92;47.7;-4.0;0;87;45
2065;123;31;12;4;8;3;6;0;3;0;0;0;0;8;2;3;4;70;64;74;31;10967;1613;190;102.1;3.6;2.3;39.7;32.8;218;199;52.3;3.8;166;138;54.6;7.0;0;184;97
2066;34;2;14;3;3;1;4;0;0;0;0;0;0;21;3;3;17;72;56;85;33;13775;488;1401;101.3;3.1;2.9;31.1;32.7;211;226;48.3;2.1;159;171;48.2;1.9;1;0;0
2067;62;19;16;4;5;-2;10;0;0;1;0;0;0;27;3;9;14;67;54;79;35;15393;2309;1587;96.7;3.5;4.2;32.3;29.7;247;232;51.6;0.4;187;185;50.3;-0.3;1;0;0
2068;44;30;15;4;11;3;10;1;6;0;0;0;0;26;4;2;27;80;63;91;49;15216;3991;1046;99.9;3.8;3.3;32.4;28.2;252;225;52.8;2.2;189;163;53.7;3.3;2;0;0
2070;57;12;13;3;7;1;4;1;3;0;0;0;0;10;4;3;16;73;59;88;51;11088;4388;1115;100.0;3.2;2.9;32.1;28.9;185;154;54.6;-1.1;137;117;53.9;-2.3;0;0;0
2072;50;50;8;1;4;0;4;0;0;0;0;0;0;6;0;1;0;60;61;55;24;5598;223;153;95.7;3.9;3.9;44.4;29.6;118;72;62.1;4.2;87;57;60.4;3.6;0;7;2
2073;59;1;15;5;7;6;8;1;0;0;0;0;0;10;3;6;7;73;62;80;30;11382;407;1075;103.2;4.4;2.2;38.6;26.9;201;152;56.9;3.7;167;115;59.2;5.6;1;194;103
2077;41;41;15;2;6;6;8;2;1;0;0;0;0;26;11;4;19;69;58;79;38;13333;3534;1291;104.0;3.2;1.9;32.9;32.4;206;212;49.3;-4.4;160;162;49.7;-2.5;1;0;0
2078;23;23;5;0;0;-1;0;0;0;0;0;0;0;7;4;1;1;62;58;60;8;2437;11;354;93.0;1.5;3.0;41.4;28.1;39;30;56.5;6.0;29;26;52.7;-0.1;0;6;5
2079;36;3;8;0;2;-3;0;0;0;0;0;0;0;5;1;0;3;59;53;63;9;4849;0;277;97.5;1.5;3.7;21.5;39.3;54;91;37.2;-6.9;37;67;35.6;-7.9;0;65;27
2089;50;50;6;0;0;0;5;0;0;0;0;1;0;6;1;0;2;57;53;58;4;3566;0;525;94.0;2.0;2.0;31.3;16.2;58;42;58.0;1.6;44;24;64.7;9.8;0;13;8
2090;154;154;15;3;6;-3;8;0;2;0;0;0;0;29;13;9;5;69;64;72;38;12204;2582;0;94.3;2.7;3.5;28.0;23.3;150;138;52.1;2.7;109;99;52.4;3.0;0;0;0
2091;27;27;13;3;4;-6;12;0;0;0;0;2;2;17;12;5;9;65;64;60;29;11161;17;608;98.0;2.3;4.2;29.7;43.5;156;203;43.5;0.7;110;156;41.4;-0.5;1;23;12
2092;7;7;15;0;4;-4;0;0;0;0;0;0;0;12;4;8;18;60;55;60;30;16795;354;1450;97.7;2.4;3.4;33.9;37.1;260;237;52.3;0.5;191;193;49.7;-2.0;0;0;0
2094;41;7;15;2;6;-3;8;1;2;0;0;0;0;38;5;1;5;72;62;78;19;12019;4117;0;98.0;2.1;3.0;29.4;32.6;195;195;50.0;-3.2;133;148;47.3;-5.7;1;5;2
2102;56;21;14;3;11;6;4;1;5;0;0;0;0;15;2;4;8;71;64;78;33;12705;2475;161;107.0;4.0;2.3;27.8;31.2;174;193;47.4;-6.9;126;150;45.7;-8.5;1;24;11
2103;40;20;15;2;6;-1;12;0;0;1;1;0;0;14;5;3;14;71;61;81;28;15578;1228;1516;99.3;2.8;3.2;31.9;34.4;241;274;46.8;4.8;185;202;47.8;5.6;0;0;0
2106;54;10;6;1;6;1;0;0;2;0;0;0;0;2;3;6;7;67;59;75;14;2736;1640;168;104.7;7.9;3.9;48.7;34.2;59;46;56.2;1.9;49;30;62.0;8.1;0;3;1
2109;43;17;11;3;4;-4;17;1;2;0;0;0;0;11;1;7;6;68;64;67;29;9096;3301;32;99.8;2.8;4.4;22.6;34.8;104;147;41.4;-7.1;74;118;38.5;-10.0;0;24;9
2112;59;1;12;5;5;1;4;0;1;0;0;0;0;12;3;5;11;72;62;80;26;11338;1104;792;101.1;3.8;2.9;30.8;25.4;179;157;53.3;-0.0;134;116;53.6;-0.6;0;21;9
2117;62;19;15;4;5;1;4;0;1;0;0;0;0;13;11;4;4;63;56;68;30;10920;819;1643;100.4;3.0;2.3;28.0;22.7;171;137;55.5;2.3;126;100;55.8;4.1;1;28;12
2120;53;53;15;3;5;-6;12;2;2;0;0;0;0;14;0;2;11;61;55;65;36;13985;3263;1224;101.3;3.9;4.6;30.1;40.2;193;265;42.1;0.4;159;204;43.8;0.4;0;1;0
2124;37;37;14;6;3;7;4;0;0;2;0;0;0;17;3;5;12;68;59;72;25;12119;46;2283;105.3;3.3;1.8;29.7;31.2;175;201;46.5;4.0;131;145;47.5;4.2;0;50;22
2125;38;38;17;3;4;-1;10;0;0;0;0;0;0;24;7;3;14;60;55;60;18;13652;186;1575;104.1;2.9;3.2;23.2;37.7;158;274;36.6;1.2;111;205;35.1;0.3;1;45;21
2126;123;31;15;2;6;-5;0;1;0;0;0;0;0;16;4;5;28;67;60;72;39;15300;879;1260;96.3;3.1;4.2;35.1;34.1;278;267;51.0;2.0;208;196;51.5;2.7;0;0;0
2128;32;23;14;5;8;-2;22;4;2;1;0;0;0;16;4;5;6;72;65;76;37;11341;4233;867;98.9;2.9;3.8;28.6;34.3;163;173;48.5;-0.3;122;140;46.6;-0.3;0;260;134
2134;60;18;14;4;5;0;23;1;1;0;0;1;0;16;1;3;1;65;62;60;41;9653;1969;80;98.8;3.4;3.4;33.6;29.8;161;140;53.5;3.1;120;114;51.3;-0.4;0;9;3
2136;45;28;16;7;16;8;2;3;6;0;0;0;0;13;1;1;11;73;71;73;49;14298;3974;289;101.7;4.8;2.8;33.7;22.2;252;169;59.9;3.3;185;123;60.1;3.9;1;165;89
2413;2;2;15;3;8;8;0;0;0;0;0;0;0;11;5;2;2;60;58;57;18;6429;0;162;106.3;7.3;2.8;44.8;28.0;126;81;60.9;4.3;98;57;63.2;6.7;0;0;0
2451;62;31;17;7;5;4;6;0;0;0;0;0;0;16;8;10;21;67;59;73;32;13337;788;1713;103.7;3.8;2.7;28.9;28.9;192;215;47.2;-7.1;139;159;46.6;-6.8;0;21;7
2472;37;27;5;1;1;-3;2;0;1;0;0;0;0;4;2;0;8;65;51;81;6;4433;442;489;99.2;1.6;4.1;15.4;35.7;46;78;37.1;-6.5;35;56;38.5;-5.4;0;0;0
2500;130;14;5;3;1;-1;2;0;0;0;0;0;0;4;1;1;9;59;51;67;10;4606;0;687;91.8;4.7;5.5;43.8;28.9;100;70;58.8;10.7;78;53;59.5;12.0;1;0;0
2526;3;3;13;6;10;2;2;2;4;0;0;0;0;18;17;3;6;69;70;63;46;14205;2049;17;102.0;3.8;3.0;39.5;39.8;258;242;51.6;4.6;186;182;50.5;1.8;1;61;26
2527;19;19;14;6;4;8;0;0;0;0;0;0;0;21;6;0;8;68;67;65;18;12409;1049;57;107.8;4.1;1.7;27.6;25.2;161;152;51.4;4.6;112;107;51.1;4.5;2;47;28
2535;40;20;15;3;6;-7;0;0;1;0;1;0;0;27;7;6;7;60;60;54;24;13404;241;1588;97.2;2.4;4.6;28.5;40.6;182;248;42.3;-2.1;144;197;42.2;-3.0;0;18;13
2565;53;8;13;0;1;-5;12;0;0;0;0;0;0;17;1;4;12;57;50;67;6;11436;78;2822;102.7;3.1;4.7;23.0;43.1;122;234;34.3;-9.2;97;178;35.3;-10.4;0;0;0
2608;153;153;7;1;2;2;2;1;0;0;0;0;0;4;0;0;3;64;58;69;10;3647;524;88;99.0;3.0;1.0;40.5;11.8;72;30;70.6;6.9;58;22;72.5;8.3;1;47;22
2662;131;1;5;1;1;-1;2;0;0;0;0;0;0;5;2;1;4;73;59;86;12;4535;503;337;87.3;3.2;4.0;31.8;17.5;83;45;64.8;4.1;57;36;61.3;3.1;0;0;0
2682;32;23;13;2;3;-3;14;1;1;0;0;0;0;12;2;3;1;61;54;67;11;5866;1712;51;103.3;3.1;4.3;21.5;39.3;71;109;39.4;-11.5;48;81;37.2;-11.8;0;106;45
2718;47;10;13;4;2;-18;24;3;1;0;0;0;0;26;5;0;19;58;57;56;33;12121;3168;11;91.3;1.2;6.2;24.4;46.0;143;270;34.6;1.1;117;209;35.9;1.2;0;8;3
2722;18;18;16;2;6;1;8;0;1;0;0;0;0;15;12;7;9;64;62;63;18;11425;294;0;102.2;3.8;3.5;33.7;38.4;183;194;48.5;-2.1;124;148;45.6;-4.1;0;3;1
2723;60;18;11;0;9;-2;12;0;5;0;1;0;0;17;3;5;17;70;55;86;26;10145;3353;981;97.7;2.5;3.2;29.5;29.8;159;144;52.5;-2.8;120;108;52.6;-3.4;0;0;0
2724;152;152;13;2;4;-9;4;1;0;0;1;0;0;18;14;3;7;65;65;61;23;11814;668;187;95.2;2.1;5.2;23.5;37.2;123;180;40.6;-4.2;91;136;40.1;-4.4;0;5;3
2725;123;31;11;1;2;-7;2;1;2;0;0;0;0;4;1;0;3;56;55;52;9;5644;932;0;88.3;0.6;4.5;24.2;31.3;77;94;45.0;-7.4;54;69;43.9;-8.1;1;29;15
2726;47;47;14;1;4;-6;4;0;1;0;0;0;0;23;6;2;16;60;56;65;24;11730;1800;0;97.5;1.8;3.7;23.3;35.3;134;229;36.9;4.5;102;158;39.2;6.1;0;2;1
2727;44;30;15;0;1;10;16;0;0;0;0;0;0;24;5;2;18;68;53;85;31;15460;1431;1252;106.2;5.1;2.6;33.1;27.5;250;218;53.4;3.0;188;160;54.0;3.8;0;0;0
2728;58;58;13;2;2;-4;4;0;0;0;0;0;0;7;2;0;5;66;53;79;23;7085;2820;247;96.7;3.0;4.6;34.6;37.6;121;115;51.3;-4.1;95;89;51.6;-3.3;1;9;5
2730;30;30;14;2;7;8;11;0;0;0;1;0;0;13;4;4;22;62;56;67;28;13867;43;731;105.6;3.1;1.3;25.4;19.5;159;145;52.3;-0.7;116;90;56.3;-0.7;1;0;0
2731;20;20;15;3;4;18;6;0;0;0;1;0;0;13;3;15;22;63;54;75;45;17243;825;2397;110.7;4.4;1.3;29.6;30.7;217;244;47.1;-4.3;160;172;48.2;-3.1;1;0;0
2734;56;21;14;4;12;5;10;1;5;1;0;0;0;10;8;2;7;73;66;75;33;13892;974;2021;101.2;3.4;2.3;33.7;26.4;236;186;55.9;5.6;179;146;55.1;5.4;1;246;129
2736;36;36;7;1;0;1;6;0;0;0;0;0;0;2;1;0;2;61;52;73;9;2789;1348;70;110.5;2.6;1.3;19.4;45.2;27;62;30.3;-20.3;23;47;32.9;-17.7;0;58;26
2739;125;124;16;2;7;-1;4;0;0;0;0;0;0;9;1;5;15;71;62;75;25;13735;520;1603;99.3;2.9;3.4;29.1;32.0;202;216;48.3;5.1;152;165;47.9;5.6;1;194;87
2752;139;19;14;2;5;0;8;0;1;0;0;0;0;23;6;10;22;66;50;80;23;15917;1559;1510;98.3;2.7;2.7;29.9;25.1;254;192;57.0;6.7;194;145;57.2;7.2;1;0;0
2764;55;9;11;3;4;0;16;0;0;0;0;0;0;21;1;3;2;61;59;55;28;9226;198;155;98.4;2.7;2.7;33.2;27.7;146;127;53.5;0.9;113;100;53.1;0.3;0;9;5
2766;19;19;14;2;3;1;2;0;0;0;0;0;0;10;8;10;3;64;56;69;20;8656;2699;14;105.3;2.5;2.1;22.5;35.8;89;121;42.4;-7.0;60;94;39.0;-10.9;0;90;50
2772;38;38;16;6;10;-2;18;4;6;0;0;0;0;13;4;4;22;70;60;76;22;14843;3230;692;103.5;2.4;2.9;22.6;40.3;178;304;36.9;1.2;127;233;35.3;-0.4;0;265;142
2774;32;23;13;4;2;2;10;0;0;0;0;0;0;11;5;0;12;71;63;78;32;11650;220;2973;100.8;3.1;2.5;34.0;30.0;201;178;53.0;5.9;156;131;54.4;9.9;2;242;129
2775;41;7;15;5;7;0;6;1;1;1;0;0;0;11;4;9;12;78;65;82;39;14782;2425;1355;99.8;1.9;2.2;27.8;30.4;224;222;50.2;-3.1;163;170;48.9;-3.7;1;258;131
2777;50;26;14;5;4;-2;8;1;0;0;0;0;0;10;3;5;5;64;59;62;27;10811;710;935;93.7;4.0;4.7;35.0;26.3;196;151;56.5;-0.3;145;107;57.5;2.1;0;153;77
2780;152;152;13;2;2;-1;2;0;0;0;0;0;0;10;9;3;3;59;55;57;6;7701;0;0;101.7;2.3;2.8;22.4;32.3;73;97;42.9;-0.7;54;77;41.2;-2.4;0;0;0
2814;50;26;14;3;4;-1;15;1;0;0;0;1;0;21;2;8;6;67;55;81;25;15683;1552;1345;96.7;3.0;3.2;38.1;28.9;297;218;57.7;1.5;219;166;56.9;1.5;0;0;0
2817;38;38;10;1;3;-5;0;0;1;0;0;0;0;11;1;2;2;57;55;58;10;4370;811;56;99.6;3.3;7.4;20.6;45.3;46;111;29.3;-6.2;34;79;30.1;-4.2;0;12;4
2825;26;26;16;5;5;1;4;0;0;0;0;0;0;24;16;8;9;65;62;66;28;13822;340;3;98.6;3.1;2.9;33.3;26.6;213;174;55.0;6.3;152;123;55.3;8.1;1;0;0
2826;154;154;15;1;2;-6;13;0;0;0;0;1;0;33;11;4;4;67;63;62;15;10512;38;341;93.0;2.1;4.1;28.8;29.1;129;130;49.8;-0.3;100;100;50.0;-0.2;0;13;7
2827;9;9;13;2;6;4;2;0;0;0;1;0;0;8;12;6;3;61;58;63;14;10183;0;310;103.0;4.2;3.2;30.4;29.0;150;149;50.2;-3.1;100;99;50.3;-3.9;0;132;64
2828;0;0;9;0;4;3;0;0;0;0;0;0;0;10;10;3;6;62;59;65;6;4685;50;167;109.0;4.6;2.3;27.7;30.0;57;62;47.9;2.9;43;42;50.6;5.8;0;1;1
2829;154;154;15;3;3;-12;8;0;0;0;0;0;0;22;2;12;8;61;61;55;31;17027;550;926;92.6;1.7;4.4;23.3;30.2;188;208;47.5;-3.9;133;164;44.8;-8.3;1;0;0
2831;134;21;15;1;14;-10;24;0;5;0;0;2;1;31;6;4;35;68;59;76;39;15042;2385;1094;98.2;3.4;5.0;29.2;37.8;210;287;42.3;4.8;159;219;42.1;2.9;0;0;0
2836;32;23;13;1;1;-6;6;1;0;0;0;0;0;3;0;2;2;59;53;64;10;5518;939;481;92.1;1.3;4.6;19.6;31.3;71;91;43.8;-5.8;45;70;39.1;-9.6;0;46;24
2837;148;30;6;2;1;3;4;0;0;0;0;0;0;7;1;2;9;67;53;81;12;5772;225;302;100.1;4.4;2.5;39.9;23.1;119;73;62.0;-2.4;82;53;60.7;-3.8;2;0;0
2841;55;9;9;1;5;6;2;0;1;0;0;0;0;13;2;5;10;67;52;83;13;8863;599;589;105.7;4.5;2.0;38.6;34.5;152;141;51.9;-3.2;120;111;51.9;-2.5;0;0;0
2842;155;154;13;2;5;2;12;1;1;0;0;0;0;22;5;7;8;68;55;83;36;12434;3323;1043;95.2;3.8;2.9;37.9;19.7;250;132;65.4;-0.3;182;91;66.7;1.1;0;1;0
2843;20;20;15;4;8;8;9;0;0;0;2;1;0;13;14;6;5;66;65;63;15;11683;0;402;108.1;4.0;2.2;25.0;27.1;127;141;47.4;-3.0;93;101;47.9;-2.8;2;16;10
2844;143;18;15;3;3;3;5;0;0;0;0;1;1;30;4;5;13;72;53;86;32;16459;1414;2735;107.2;3.1;2.4;23.0;39.2;201;301;40.0;-6.4;147;235;38.5;-9.5;0;0;0
2847;58;24;11;0;7;7;4;0;1;0;0;0;0;17;1;3;6;68;62;70;22;9112;1491;875;106.5;4.0;1.2;36.7;28.1;173;118;59.5;6.2;132;95;58.1;5.2;0;23;20
2848;57;12;15;3;5;7;4;0;0;0;0;0;0;30;3;3;9;63;61;61;26;12269;512;1023;102.6;4.7;2.6;33.5;23.2;221;147;60.1;7.9;163;103;61.3;9.4;1;13;6
2850;127;31;16;2;7;1;12;0;0;0;0;0;0;40;6;3;28;61;56;61;22;14982;291;2296;96.9;5.3;5.0;36.0;28.4;262;209;55.6;7.0;198;154;56.3;8.4;0;44;20
2852;154;154;15;0;2;2;2;0;0;0;0;0;0;12;1;3;18;60;55;65;23;13683;20;2178;99.6;2.4;2.1;30.3;25.5;181;162;52.8;3.9;132;119;52.6;3.5;0;0;0
2854;127;31;10;4;9;0;16;1;4;0;0;0;0;21;10;9;8;65;57;73;47;10171;2422;801;101.0;3.2;2.5;30.1;25.8;170;126;57.4;7.8;125;99;55.8;6.2;0;0;0
2855;153;152;15;4;12;6;10;3;4;0;0;0;0;14;7;8;18;78;69;84;61;16601;4063;757;99.8;4.1;2.6;38.8;24.1;341;213;61.6;-6.3;249;145;63.2;-4.9;2;2;0
2856;57;12;14;2;10;-5;23;2;4;0;0;0;0;15;1;3;4;68;63;70;21;10898;2742;898;96.3;1.7;3.0;26.1;29.7;142;173;45.1;-12.7;108;131;45.2;-12.5;1;12;7
2857;141;25;15;1;8;5;11;0;1;0;0;1;0;13;8;16;32;61;51;72;31;16374;210;1746;99.8;3.3;2.4;35.6;25.5;325;218;59.9;-5.6;228;150;60.3;-6.1;1;0;0
2858;130;14;13;1;1;-7;4;0;0;0;0;0;0;18;5;4;46;63;50;78;13;14250;283;1628;90.9;1.3;3.3;27.3;24.0;224;194;53.6;1.9;159;133;54.5;1.8;0;0;0
2859;9;9;13;4;4;-2;10;1;0;1;0;0;0;19;7;6;9;71;71;69;29;10261;307;696;95.2;2.5;3.5;31.9;28.1;153;144;51.5;-1.3;108;96;52.9;-0.4;1;15;5
2860;26;26;16;2;3;1;14;0;0;0;0;0;0;15;2;8;16;60;56;64;29;17378;253;1808;100.2;2.9;2.7;31.9;30.5;241;219;52.4;2.8;179;172;51.0;2.6;0;0;0
2862;37;37;14;2;4;4;8;0;0;0;0;0;0;29;0;8;5;64;57;65;23;13320;48;927;103.0;2.7;1.6;33.0;31.4;192;216;47.1;4.9;149;162;47.9;5.1;0;184;83
2864;36;36;4;2;1;4;0;0;1;0;0;0;0;0;0;2;2;62;55;66;5;1726;524;12;140.0;8.3;0.0;20.9;33.4;17;37;31.5;-8.5;16;24;40.0;4.0;2;27;9
2865;139;19;14;2;2;-5;9;0;1;0;0;1;1;19;4;6;18;69;50;87;27;15624;91;1632;94.9;1.8;3.0;29.3;26.3;246;205;54.5;2.9;188;154;55.0;3.7;0;0;0
2866;38;38;14;2;1;-9;0;0;0;0;0;0;0;14;3;2;7;62;52;71;9;5905;2209;0;98.0;2.4;7.3;17.7;46.3;50;145;25.6;-11.0;37;111;25.0;-10.9;0;69;31
2867;60;18;14;3;5;-5;10;0;1;0;0;0;0;13;4;2;12;71;58;81;32;11246;3970;86;94.4;3.2;4.5;34.6;30.1;199;167;54.4;4.6;148;121;55.0;4.9;0;10;5
2869;55;9;14;3;7;3;12;3;5;0;0;0;0;12;2;0;0;75;63;84;36;5984;4603;102;101.7;4.2;2.4;28.9;18.6;90;73;55.2;5.3;64;51;55.7;6.0;1;149;85
2872;142;23;10;1;1;-2;2;0;0;0;0;0;0;4;3;2;2;60;55;62;13;4294;81;289;79.5;1.7;3.4;54.5;14.2;108;32;77.1;3.0;88;22;80.0;6.0;0;6;4
2873;55;9;14;2;4;0;6;0;0;0;0;0;0;11;4;5;6;62;54;68;19;8689;171;1772;99.9;2.9;2.9;31.9;31.5;135;137;49.6;-1.3;99;98;50.3;-0.2;0;145;73
2874;24;24;7;0;2;-3;6;0;2;0;0;0;0;4;1;5;18;59;51;67;11;6017;1643;210;98.8;3.0;4.8;26.9;38.9;62;110;36.0;-7.3;49;71;40.8;-2.0;0;0;0
2875;48;14;11;0;0;-1;8;0;0;0;0;0;0;9;4;8;21;73;58;86;28;11219;2450;1535;100.4;2.6;2.9;27.6;32.4;158;193;45.0;-1.0;118;148;44.4;-4.1;0;0;0
2876;125;125;9;3;3;3;2;1;0;0;0;0;0;10;3;1;4;58;55;56;10;3656;513;1921;112.3;5.9;3.9;25.6;36.4;50;74;40.3;-9.2;37;55;40.2;-7.4;0;57;26
2877;36;3;12;2;0;-1;4;0;0;0;0;0;0;6;3;2;3;57;53;57;7;6235;283;660;104.5;2.3;2.9;20.2;41.6;70;115;37.8;-11.0;50;89;36.0;-12.8;0;7;2
2879;146;0;16;5;7;-1;14;0;0;0;0;0;0;18;4;5;11;67;60;71;20;15700;363;948;105.8;3.7;3.9;22.0;36.0;162;290;35.8;6.9;130;212;38.0;8.6;0;31;14
2880;17;17;4;0;1;-4;0;0;0;0;0;0;0;6;4;2;3;64;62;64;4;2915;161;0;86.9;1.2;6.2;29.6;35.8;42;46;47.7;5.1;29;32;47.5;8.7;0;3;2
2881;123;31;7;4;1;-2;0;2;1;0;0;0;0;6;3;1;4;64;59;68;13;5461;1035;22;100.5;2.0;3.3;19.1;33.6;64;97;39.8;-4.8;41;73;36.0;-10.7;0;97;44
2882;43;17;13;1;5;-5;16;0;3;0;0;0;0;25;1;4;5;69;62;73;24;9224;3731;64;92.4;2.3;4.3;32.4;28.9;147;129;53.3;10.7;107;103;51.0;8.6;1;77;43
2884;37;37;14;0;3;-8;2;0;0;0;0;0;0;2;4;3;3;58;53;60;12;6808;136;192;89.5;1.6;5.8;30.1;37.0;96;126;43.2;-0.5;80;90;47.1;3.1;0;42;20
2885;30;30;4;1;2;4;0;0;0;0;0;0;0;4;0;0;1;65;65;65;5;2895;14;38;113.3;5.0;0.0;37.3;16.2;37;28;56.9;8.3;33;17;66.0;14.7;0;13;4
2886;56;21;14;1;2;2;4;0;0;0;0;0;0;8;1;1;7;60;55;60;12;7562;212;1519;102.7;2.9;1.9;29.0;26.7;112;96;53.8;1.9;80;75;51.6;0.0;1;30;18
2887;129;27;13;2;1;0;4;0;0;0;0;0;0;19;3;10;24;78;50;94;34;14043;3013;1572;100.7;2.6;2.6;29.7;32.6;219;223;49.5;8.8;156;167;48.3;7.7;1;0;0
2888;37;37;14;0;1;-7;8;0;0;0;0;0;0;10;2;5;14;58;52;61;9;6542;5;1592;88.9;1.1;5.0;26.4;32.5;84;108;43.8;0.1;63;79;44.4;-0.1;0;21;8
2891;150;7;4;0;1;-1;2;0;0;0;0;0;0;3;0;1;0;61;55;61;1;2458;0;285;95.0;0.0;1.5;22.0;29.3;24;34;41.4;-1.3;21;29;42.0;0.3;0;31;19
2892;125;125;13;1;3;-3;18;0;1;0;0;0;0;36;1;2;10;62;59;59;11;8156;98;1099;98.1;2.2;3.5;30.5;38.4;122;140;46.6;4.8;91;110;45.3;4.7;0;11;6
2893;38;38;11;0;4;-3;6;0;0;0;0;0;0;22;1;1;4;63;55;66;10;8192;101;444;103.2;1.8;3.1;18.0;47.0;88;192;31.4;-3.5;64;147;30.3;-3.6;0;3;3
2895;53;53;15;0;1;-3;2;0;0;0;0;0;0;13;0;5;36;60;51;67;23;16081;1131;1995;99.0;2.7;3.4;28.7;32.5;211;280;43.0;1.7;159;200;44.3;1.2;0;0;0
2898;148;30;4;0;2;2;2;0;0;0;0;0;0;3;1;0;2;59;50;66;7;3617;262;392;102.5;3.0;1.0;45.8;24.9;76;52;59.4;4.7;57;37;60.6;4.9;0;0;0
2899;47;0;14;2;2;-10;8;1;0;0;0;0;0;22;1;7;16;63;55;64;17;10509;1655;1390;96.1;1.4;4.8;20.6;45.2;111;241;31.5;-3.0;81;167;32.7;-2.8;0;163;84
2926;45;45;7;2;1;3;2;0;0;0;0;0;0;1;1;2;5;59;53;61;10;3662;0;0;107.5;2.9;0.0;39.3;26.5;62;60;50.8;-7.2;48;42;53.3;-4.7;0;3;3
2927;62;31;16;4;7;-5;12;1;0;0;0;0;0;10;3;6;14;69;61;74;30;13319;1231;1594;93.8;3.8;5.1;36.8;31.1;248;187;57.0;6.5;188;153;55.1;5.0;1;34;22
2928;43;43;5;0;1;-3;0;0;0;0;0;0;0;3;3;1;4;63;55;66;5;3863;608;329;101.6;3.7;6.5;25.2;49.4;48;89;35.0;-9.9;34;74;31.5;-11.2;0;8;2
2938;60;18;14;4;1;3;10;1;1;0;0;0;0;7;2;2;6;65;58;69;25;9136;1244;98;101.4;3.2;2.0;34.3;25.2;146;124;54.1;3.8;115;88;56.7;6.6;1;6;3
2949;148;30;15;4;7;3;19;1;2;0;0;0;0;16;4;3;6;67;62;72;29;10019;1702;265;100.5;3.6;2.5;34.1;25.2;164;120;57.7;-5.6;127;92;58.0;-5.0;1;35;21
2950;17;17;17;3;4;-10;4;0;0;0;0;0;0;20;26;6;13;59;56;58;29;14653;242;527;96.5;2.2;4.7;30.5;43.2;175;273;39.1;-5.0;137;207;39.8;-1.2;0;18;8
2951;123;31;15;0;3;3;2;0;0;0;0;0;0;16;4;2;13;63;52;77;7;13674;6;1271;102.5;2.9;2.1;27.9;26.9;198;202;49.5;-0.3;144;154;48.3;-2.0;0;0;0
2954;57;12;9;1;2;2;2;1;1;0;0;0;0;5;0;1;6;61;55;64;13;4229;365;193;104.1;3.4;1.7;34.1;28.9;78;62;55.7;2.7;59;45;56.7;3.6;0;1;1
2959;23;23;14;2;11;2;10;1;5;0;0;0;0;14;11;13;3;67;61;73;29;14389;2502;130;100.7;2.5;2.0;36.0;32.3;219;211;50.9;0.3;159;156;50.5;0.6;0;223;116
2964;58;24;13;2;5;3;10;0;1;0;0;0;0;16;2;8;2;76;63;87;32;11231;1442;1276;101.4;2.9;1.9;36.9;29.8;220;159;58.0;5.1;161;126;56.1;2.7;0;170;94
3032;32;23;10;3;5;2;4;1;2;0;0;0;0;15;1;2;9;76;73;76;40;8034;3031;623;103.2;3.1;2.2;31.4;33.2;128;116;52.5;4.0;97;92;51.3;4.0;0;3;3
3044;41;41;15;2;3;1;10;1;0;0;1;0;0;16;4;3;9;65;49;84;12;13823;124;2692;100.4;2.9;2.6;33.3;31.8;242;223;52.0;-0.4;173;168;50.7;-1.0;1;0;0
3063;125;125;16;0;6;1;12;0;0;0;0;0;0;6;3;1;2;58;53;60;15;7254;835;494;103.8;4.0;3.5;32.8;41.7;100;147;40.5;-5.0;79;115;40.7;-3.8;0;113;63
3098;32;23;9;0;3;-1;2;0;0;0;0;0;0;14;1;1;6;61;57;59;10;5603;0;918;98.4;3.2;3.9;30.8;32.1;86;89;49.1;-1.7;59;66;47.2;-1.4;0;5;1
3105;50;26;14;2;3;-4;2;1;0;0;0;0;0;12;2;5;21;61;54;66;29;14318;1197;1782;93.6;2.8;3.8;39.5;28.2;278;201;58.0;2.0;211;147;58.9;4.6;0;0;0
3106;59;1;12;6;9;-2;4;5;3;0;0;0;0;22;5;0;14;73;67;79;42;9724;3481;0;97.2;1.9;2.2;38.9;29.2;170;155;52.3;-2.8;139;117;54.3;-0.6;1;11;5
3116;59;1;6;1;6;-2;8;1;2;0;0;0;0;2;0;2;0;67;66;66;9;2196;2261;211;106.3;8.2;8.2;31.1;41.0;38;32;54.3;-1.9;26;27;49.1;-6.8;0;23;12
3124;135;2;14;1;2;9;4;0;1;0;0;0;0;13;4;3;16;59;53;64;19;13956;142;685;106.5;4.1;1.8;32.8;29.4;251;208;54.7;-4.7;180;156;53.6;-7.4;0;0;0
3126;62;19;16;4;14;-2;6;0;3;0;2;0;0;15;2;2;11;69;67;64;33;14124;1486;2227;98.0;4.8;5.4;32.4;31.6;229;223;50.7;-1.4;169;169;50.0;-1.5;1;59;28
3127;58;58;13;3;1;-2;2;0;0;1;0;0;0;21;1;9;34;69;50;86;17;11409;234;1497;94.5;2.2;3.2;32.8;25.9;193;151;56.1;2.2;147;115;56.1;2.6;1;0;0
3134;53;8;15;4;5;-4;11;1;1;0;0;0;0;13;4;3;17;65;58;67;39;12018;1045;980;100.3;3.0;3.6;28.2;34.7;169;221;43.3;2.0;126;159;44.2;1.0;0;28;15
3138;154;154;13;1;1;0;5;0;0;0;0;0;0;25;10;2;5;62;58;65;12;8498;170;235;100.5;2.1;2.1;25.0;26.7;112;100;52.8;3.6;78;76;50.6;0.9;0;29;15
3150;59;1;15;1;13;-1;12;1;3;0;0;0;0;9;4;6;7;67;62;70;29;14247;1629;1006;98.9;3.8;3.5;33.4;28.3;229;216;51.5;-4.1;178;160;52.7;-3.6;1;220;98
3157;135;2;12;0;6;5;2;0;1;0;1;0;0;16;3;1;19;68;53;84;28;13021;1647;1248;96.3;3.3;1.9;34.8;14.7;237;117;66.9;16.4;176;82;68.2;18.4;0;0;0
3165;155;154;13;5;11;6;8;0;2;0;0;0;0;19;3;2;7;77;70;79;49;10655;3260;82;96.9;5.4;3.0;45.3;20.3;238;110;68.4;3.9;184;80;69.7;5.5;1;99;49
3172;54;10;15;1;9;11;4;0;0;0;1;0;0;10;4;6;7;57;53;59;18;14184;334;1196;103.7;5.3;2.8;38.8;27.9;283;201;58.5;1.6;206;149;58.0;1.5;0;0;0
3177;38;38;17;7;8;-8;8;0;6;0;0;0;0;23;2;3;18;72;62;78;35;12244;3494;305;103.1;2.9;5.0;21.2;46.2;129;275;31.9;-4.9;97;201;32.6;-3.1;0;31;15
3202;38;38;12;3;6;2;18;0;0;0;0;0;0;18;1;2;9;62;57;63;15;8857;70;704;108.3;4.9;4.1;25.6;37.8;112;177;38.8;3.4;89;124;41.8;8.3;0;109;51
3206;155;155;7;2;0;0;0;1;0;0;0;0;0;1;0;0;1;60;53;66;9;2711;566;43;96.7;1.3;1.3;39.8;19.9;51;30;63.0;-4.3;40;23;63.5;-4.9;1;34;17
3218;156;154;16;8;2;-2;4;1;1;0;0;0;0;11;25;16;8;61;55;69;34;16040;537;32;98.7;2.0;2.2;27.8;26.3;189;188;50.1;-2.0;145;139;51.1;-0.3;1;191;103
3219;56;21;14;6;7;8;14;2;4;0;0;0;0;11;2;3;11;73;68;74;37;12066;2797;0;107.6;4.5;2.1;30.7;30.1;184;174;51.4;-1.2;137;134;50.6;-1.5;0;244;124
3221;129;27;13;1;5;-6;8;1;2;0;0;0;0;16;5;7;7;71;59;81;26;11739;3236;19;95.8;0.6;2.5;23.0;35.9;133;209;38.9;-7.2;93;161;36.6;-9.4;1;114;66
3223;155;154;12;2;3;7;4;0;1;0;0;0;0;13;2;6;3;65;55;75;25;11504;784;964;101.8;3.8;1.6;42.6;22.2;262;128;67.2;3.5;195;92;67.9;4.3;1;0;0
3232;62;19;14;3;6;1;6;0;0;0;0;0;0;22;3;6;15;70;55;83;46;13243;1917;1957;94.1;4.6;4.3;41.6;25.6;259;174;59.8;5.8;200;137;59.3;6.0;0;0;0
3236;155;155;8;2;1;0;2;0;0;0;0;0;0;2;1;1;1;58;54;58;9;4346;17;391;93.5;2.5;3.3;34.0;24.0;87;53;62.1;-4.4;61;38;61.6;-6.8;0;44;25
3247;33;31;16;6;3;5;4;0;1;0;0;0;0;22;4;3;7;66;61;68;25;12213;2417;187;107.9;3.5;1.5;28.6;33.3;179;211;45.9;-1.6;144;164;46.8;-2.1;0;11;9
3248;54;10;16;3;6;0;6;0;3;0;0;0;0;28;2;5;19;73;64;81;48;14540;4379;1430;99.9;3.7;3.0;33.7;26.7;254;207;55.1;-2.6;187;149;55.7;-1.3;1;0;0
3249;135;2;10;0;3;-3;2;0;0;0;0;0;0;8;4;2;13;57;50;63;11;9241;24;755;93.2;3.1;4.3;35.1;27.3;163;120;57.6;0.1;124;94;56.9;-0.6;0;0;0
3250;59;1;15;1;10;0;0;0;7;0;0;0;0;10;1;5;11;72;63;80;30;7844;4398;8;101.6;4.1;3.2;31.2;27.5;131;99;57.0;3.3;101;76;57.1;2.4;0;215;112
3252;60;18;8;3;2;-3;6;1;1;0;0;0;0;9;3;3;8;59;53;63;17;7017;602;859;95.1;2.6;4.1;33.9;32.8;110;112;49.5;-0.7;79;85;48.2;-3.5;0;0;0
3256;32;23;15;2;7;-6;25;0;2;0;0;1;0;9;1;8;17;63;61;60;22;11271;2431;0;99.8;3.8;5.4;25.6;35.8;149;214;41.0;-11.2;107;162;39.8;-10.9;0;10;7
3258;34;2;14;3;2;0;4;0;0;0;0;0;0;15;1;4;24;60;54;65;25;13523;255;1401;100.7;2.7;2.7;30.9;33.8;207;225;47.9;1.6;151;170;47.0;0.2;1;0;0
3259;156;156;16;2;4;-1;18;2;2;0;0;0;0;34;6;13;17;62;56;69;55;17416;2936;485;100.0;2.7;2.7;28.7;28.7;208;220;48.6;-4.5;159;167;48.8;-3.8;0;0;0
3260;36;36;6;0;1;1;2;0;1;0;0;0;0;9;0;1;3;64;55;72;9;2536;1265;117;107.7;1.4;0.0;18.5;48.3;23;61;27.4;-19.5;17;44;27.9;-19.5;0;32;14
3264;153;152;15;3;11;4;12;1;7;0;0;0;0;18;1;4;7;71;67;74;40;9324;3908;244;100.2;3.9;1.9;42.1;21.6;185;106;63.6;-2.4;141;83;62.9;-4.3;0;9;4
3266;62;31;17;6;9;7;25;0;0;0;0;0;0;12;6;6;5;65;61;63;37;13027;1570;285;102.2;6.1;4.1;36.5;28.7;233;188;55.3;4.0;170;143;54.3;3.5;0;221;99
3268;123;31;15;3;3;-8;4;0;1;0;0;0;0;17;2;6;26;67;55;80;25;15208;52;2655;93.0;2.4;4.3;37.4;32.0;290;243;54.4;7.3;223;183;54.9;8.1;0;0;0
3274;45;45;6;0;2;1;6;0;0;0;0;0;0;4;0;0;2;58;52;63;4;2415;363;45;104.5;4.5;3.0;35.8;37.3;38;46;45.2;-6.9;30;37;44.8;-8.4;0;9;4
3287;62;62;7;1;3;0;14;0;1;0;0;0;0;4;2;0;0;67;53;83;8;2487;2058;0;79.7;8.7;7.2;47.8;18.8;53;32;62.4;14.8;47;25;65.3;17.8;0;16;10
3288;26;26;8;2;3;6;0;0;0;0;0;0;0;3;4;4;2;62;56;66;11;5396;382;111;114.1;5.3;0.7;32.7;29.3;75;71;51.4;2.0;57;51;52.8;4.3;0;76;37
3289;38;25;16;3;6;0;20;0;3;0;0;0;0;16;4;3;11;68;59;73;37;12930;2195;2646;103.9;3.6;3.3;27.6;36.2;176;254;40.9;7.7;122;183;40.0;7.4;1;249;120
3291;60;18;14;0;10;1;6;0;2;0;0;0;0;17;2;3;10;66;58;69;29;11467;1319;709;99.6;3.8;3.5;35.5;31.4;180;174;50.8;-0.4;144;127;53.1;2.3;0;186;96
3292;60;18;14;0;5;-4;16;0;0;0;0;0;0;19;4;3;42;59;51;66;22;14277;346;2326;97.8;2.8;3.8;29.5;32.5;218;235;48.1;-4.8;157;172;47.7;-6.0;0;0;0
3298;141;25;15;4;9;18;4;0;0;0;0;0;0;17;3;7;7;72;63;79;33;14913;0;1015;112.2;5.1;0.7;33.1;22.9;259;169;60.5;-4.0;191;122;61.0;-4.6;0;7;1
3299;1;1;15;2;10;0;4;0;3;0;0;0;0;27;11;8;1;70;70;64;26;12750;2123;0;103.3;4.0;2.8;32.5;31.9;183;191;48.9;-1.5;134;129;51.0;-3.6;0;0;0
3307;48;14;13;1;5;7;2;0;0;0;0;0;0;5;1;4;12;60;54;65;10;4421;310;1162;116.3;5.7;0.8;30.1;30.9;73;81;47.4;-0.5;51;53;49.0;0.5;0;40;17
3309;145;3;15;5;3;5;23;1;0;0;0;1;0;25;4;3;7;68;61;72;34;13706;627;510;100.0;2.6;1.3;37.0;18.6;233;157;59.7;0.9;179;110;61.9;4.2;0;22;12
3310;60;18;1;0;0;0;0;0;0;0;0;0;0;0;0;0;0;64;51;77;2;269;197;0;100.0;0.0;0.0;40.1;26.8;3;3;50.0;-10.2;3;2;60.0;-3.1;0;6;5
3311;48;14;13;2;4;0;6;0;0;0;0;0;0;23;3;6;10;64;57;67;24;10889;294;2655;100.1;3.0;3.0;27.4;27.8;149;157;48.7;1.2;112;116;49.1;0.7;2;76;36
3313;38;38;11;1;1;-6;0;0;0;0;0;0;0;9;2;3;16;57;53;60;11;6956;157;376;95.1;1.0;4.1;25.4;46.1;91;170;34.9;-1.9;67;121;35.6;-0.3;0;2;1
3317;151;152;13;5;5;0;14;3;5;0;0;0;0;13;10;5;8;70;63;75;27;10556;2386;0;100.0;1.4;1.4;25.9;25.9;152;152;50.0;-1.6;111;102;52.1;0.8;0;15;7
3324;48;14;13;2;6;-4;8;0;0;0;1;0;0;8;3;1;6;66;60;66;20;11191;140;1030;92.9;2.6;4.2;32.2;27.7;180;151;54.4;9.1;139;113;55.2;9.1;0;161;77
3329;53;53;15;1;2;-4;2;0;0;0;0;0;0;9;1;3;7;62;55;65;13;9261;1046;578;99.1;1.6;2.7;26.8;40.8;115;184;38.5;-4.4;92;136;40.4;-4.1;0;2;2
3331;20;20;15;1;0;-2;5;0;0;0;0;1;0;12;6;2;2;58;54;58;7;5652;56;0;97.4;1.3;2.5;22.9;31.2;58;72;44.6;-5.7;42;56;42.9;-8.2;0;11;8
3333;60;18;11;0;4;1;8;0;0;0;0;0;0;22;1;3;23;68;52;84;11;11039;582;2401;97.8;3.3;3.6;32.6;29.4;182;165;52.4;0.4;133;121;52.4;-0.9;0;0;0
3334;60;18;14;4;3;-1;2;2;1;0;0;0;0;5;1;2;3;64;57;71;30;5178;4078;106;102.8;4.2;4.2;27.8;34.1;73;94;43.7;-8.6;54;62;46.6;-5.7;0;58;23
3341;57;57;7;6;2;5;8;3;1;0;0;0;0;12;2;5;2;75;69;80;27;4435;2115;0;108.0;4.9;0.8;44.6;27.6;98;57;63.2;9.8;74;45;62.2;7.8;0;3;0
3347;142;23;13;5;15;13;6;0;1;0;0;0;0;21;6;11;7;67;65;64;43;13183;49;1431;94.9;6.0;2.5;46.4;13.7;327;99;76.8;3.3;239;72;76.8;2.3;1;26;9
3356;141;25;13;2;5;0;9;0;0;0;1;0;0;18;4;4;6;68;63;66;33;11933;1;804;95.4;2.4;2.7;40.4;25.6;241;134;64.3;-1.3;178;102;63.6;-3.7;0;14;7
3361;127;31;15;4;8;-10;2;1;5;0;0;0;0;11;6;7;16;69;61;77;32;12008;3215;1;93.3;1.8;3.9;28.2;29.7;177;172;50.7;0.0;126;129;49.4;-1.6;0;23;12
3368;130;14;5;1;0;-2;0;0;0;0;0;0;0;4;3;0;1;62;53;66;7;3897;183;494;94.4;0.9;2.8;31.4;32.3;65;58;52.8;6.9;48;49;49.5;0.7;1;2;0
3371;142;23;13;3;4;2;2;0;1;0;0;0;0;7;1;2;3;62;58;63;22;6488;712;430;94.6;3.9;2.8;47.7;20.5;147;73;66.8;-9.1;115;50;69.7;-6.7;0;101;53
3372;142;23;12;7;3;4;19;0;0;0;0;3;0;18;10;2;1;65;62;63;31;10342;629;348;93.6;5.2;3.5;39.7;17.8;217;100;68.5;-8.3;161;73;68.8;-9.3;1;2;1
3375;140;17;14;4;5;-8;4;3;2;0;0;0;0;16;8;0;3;62;56;64;20;10632;1171;42;90.7;2.4;5.1;22.7;25.7;123;156;44.1;-1.1;89;120;42.6;-2.2;0;152;76
3376;144;8;15;1;5;-2;2;0;0;0;0;0;0;25;10;7;25;63;48;80;21;15314;1007;846;95.0;2.4;3.1;36.2;26.6;283;190;59.8;1.2;213;149;58.8;1.2;0;0;0
3378;55;9;5;1;1;0;4;0;1;0;0;0;0;3;0;1;0;60;54;62;8;2207;332;94;94.6;1.6;1.6;44.0;17.9;44;18;71.0;18.4;34;15;69.4;17.7;0;1;1
3381;156;156;16;0;2;-3;2;0;0;0;0;0;0;31;5;3;3;59;54;63;25;13394;0;452;96.0;1.6;2.7;25.5;26.1;155;157;49.7;-2.5;108;117;48.0;-4.3;0;0;0
3393;142;23;4;0;0;0;2;0;0;0;0;0;0;3;0;3;8;61;50;69;9;3872;0;187;88.7;2.8;2.8;43.7;15.8;73;43;62.9;-4.8;56;25;69.1;1.8;0;0;0
3394;125;125;7;0;1;-1;20;0;0;0;0;0;0;2;0;2;3;65;52;60;4;4485;106;277;98.9;1.6;2.4;29.7;36.9;70;80;46.7;0.9;53;62;46.1;-1.2;0;3;1
3397;135;2;14;2;6;6;2;0;0;0;0;0;0;13;8;2;6;67;56;79;30;8856;2220;0;106.5;2.8;0.4;34.1;22.0;156;118;56.9;-0.0;113;79;58.9;1.7;0;132;65
3398;145;3;15;1;4;0;2;1;1;0;0;0;0;18;5;2;10;68;58;78;25;12093;1850;352;98.0;2.1;2.1;29.8;23.2;210;141;59.8;1.0;141;102;58.0;-1.3;0;0;0
3399;58;24;13;3;11;6;6;0;3;0;1;0;0;12;7;7;6;72;63;79;45;11731;3582;1274;96.4;5.5;3.7;40.8;21.5;226;149;60.3;8.4;178;104;63.1;12.9;0;21;12
3400;154;154;15;3;5;-2;2;0;0;1;1;0;0;7;12;10;2;59;54;62;20;8885;0;729;96.0;2.4;4.1;27.6;31.6;116;112;50.9;1.0;84;91;48.0;-2.7;1;118;54
3401;12;12;13;2;5;3;6;0;0;0;0;0;0;7;13;8;2;68;72;59;40;12418;509;0;99.0;4.1;2.9;42.6;27.5;229;155;59.6;1.5;171;112;60.4;3.6;1;0;0
3403;156;154;16;2;6;1;21;0;0;0;0;1;1;48;23;5;10;67;58;72;26;15834;108;934;100.4;2.3;2.0;29.6;28.2;195;194;50.1;-2.1;156;149;51.1;-0.1;0;21;4
3404;156;156;16;1;11;3;4;0;2;0;0;0;0;48;15;7;12;67;62;68;20;15960;582;432;101.7;2.7;2.0;30.2;28.0;201;194;50.9;-0.9;153;144;51.5;0.4;1;1;1
3405;156;156;16;1;2;-4;24;0;0;0;0;2;1;31;1;9;6;62;60;63;57;17140;2859;490;96.0;1.9;2.5;30.7;24.8;218;182;54.5;4.4;163;147;52.6;2.0;1;0;0
3406;141;25;6;2;3;4;2;0;0;0;0;0;0;15;3;1;1;65;61;62;9;4697;61;0;106.9;6.1;3.1;32.2;25.3;78;68;53.4;0.5;62;44;58.5;5.5;0;6;3
3408;148;30;15;2;6;7;8;0;0;0;0;0;0;9;4;7;5;64;57;70;21;13133;199;711;102.8;3.0;1.1;37.6;20.8;250;148;62.8;0.8;184;103;64.1;2.9;0;176;91
3409;130;14;14;1;2;4;22;0;0;1;0;0;0;22;6;2;21;61;49;74;13;13760;29;1875;102.1;4.2;3.4;29.3;28.0;211;197;51.7;-1.4;162;144;52.9;-1.0;0;0;0
3411;47;0;14;3;7;-17;4;1;4;0;0;0;0;14;7;8;14;70;61;78;37;13283;3589;836;91.4;1.6;6.0;27.6;41.2;178;265;40.2;9.8;144;200;41.9;10.9;0;291;143
3412;152;152;13;3;4;-8;8;3;1;0;0;0;0;11;9;8;5;65;61;69;14;11323;2731;340;96.7;1.6;3.8;22.9;37.2;111;178;38.4;-7.1;83;138;37.6;-7.9;0;184;94
3414;60;18;14;2;9;-7;22;0;4;0;0;0;0;15;1;3;4;69;61;75;37;11025;2952;1300;91.1;2.6;4.6;36.6;28.4;189;164;53.5;3.4;143;126;53.2;2.3;0;220;100
3416;130;14;9;1;3;2;0;1;0;0;0;0;0;11;1;3;1;63;61;62;11;7404;639;0;100.0;4.9;3.9;31.6;25.3;120;98;55.0;-1.4;92;75;55.1;-2.8;0;13;6
3417;59;1;14;4;2;-2;5;0;0;0;0;0;0;20;1;3;11;61;52;70;24;12290;0;1601;97.2;3.2;3.8;35.7;32.2;219;181;54.8;0.4;166;143;53.7;-2.1;0;0;0
3418;44;30;15;1;8;8;4;0;1;0;0;0;0;9;1;6;11;69;63;71;26;13383;93;1535;104.6;4.8;3.0;33.9;30.7;224;199;53.0;2.2;161;154;51.1;-0.5;0;151;72
3423;132;12;14;4;6;-1;26;0;3;0;0;0;0;14;3;5;7;72;62;80;33;12349;3062;731;103.0;2.9;2.3;28.9;32.9;162;205;44.1;-1.5;126;164;43.4;-2.8;0;237;107
3425;129;27;13;4;6;-1;2;3;2;0;0;0;0;14;8;6;8;71;61;79;34;11967;3142;703;99.5;2.7;3.0;29.5;31.0;192;179;51.8;11.3;142;130;52.2;12.7;0;9;3
3440;8;8;15;2;3;3;19;0;0;0;0;3;2;15;8;1;3;62;57;61;17;6436;76;24;104.2;3.9;2.2;36.4;34.1;99;91;52.1;-1.8;75;70;51.7;-1.9;0;0;0
3441;53;8;15;6;5;-3;22;2;2;0;0;0;0;19;3;1;12;68;62;71;49;10744;3571;69;100.4;3.4;3.4;31.5;32.8;147;183;44.5;3.5;118;132;47.2;4.9;1;16;9
3443;60;18;14;2;0;-2;4;0;0;0;0;0;0;4;0;2;5;59;53;64;8;6499;0;1541;99.4;2.8;3.9;24.9;33.2;88;115;43.3;-9.4;62;85;42.2;-11.2;1;19;7
3445;38;38;15;3;3;-7;10;1;0;0;0;0;0;1;1;3;17;60;55;64;13;7763;728;755;103.3;2.3;5.6;17.6;56.6;78;208;27.3;-10.4;50;157;24.2;-13.4;0;5;2
3446;57;12;9;1;4;6;14;0;0;0;1;0;0;8;5;5;6;59;52;66;10;7130;0;1384;104.5;5.6;3.0;38.4;30.3;134;90;59.8;9.6;99;67;59.6;9.5;0;16;9
3450;131;1;14;1;9;6;6;0;0;0;1;0;0;13;3;5;10;71;68;70;42;14219;2647;776;95.6;3.5;2.5;37.2;18.2;291;143;67.1;2.8;215;100;68.3;5.4;0;24;13
3461;57;12;9;2;2;0;2;0;0;0;0;0;0;10;2;1;1;63;57;65;14;6599;1127;213;98.9;2.7;2.7;32.7;28.9;122;101;54.7;5.5;89;70;56.0;6.1;0;0;0
3464;43;43;5;0;1;-5;0;0;0;0;0;0;0;4;1;1;8;56;50;62;5;3117;291;1042;82.6;2.3;8.1;24.3;30.0;39;53;42.4;2.3;29;39;42.6;3.3;0;29;13
3473;47;0;8;0;2;-13;22;0;0;0;0;0;0;10;4;1;11;61;57;61;9;7558;2157;717;90.7;1.0;6.7;19.1;46.7;74;174;29.8;-1.6;61;135;31.1;-2.0;0;0;0
3480;141;25;15;4;6;4;2;0;1;0;0;0;0;22;3;6;8;67;62;68;40;11873;2801;0;97.9;3.6;2.4;43.1;23.0;258;136;65.5;2.9;197;94;67.7;4.8;0;22;12
3486;53;8;15;2;6;5;18;0;2;0;0;0;0;12;3;4;17;77;62;88;34;15220;3748;1347;105.0;4.0;2.6;30.7;32.4;213;260;45.0;4.8;169;196;46.3;4.3;0;0;0
3492;58;58;13;0;1;-5;4;0;0;0;1;0;0;5;2;0;3;53;51;55;11;5099;246;454;91.9;2.1;6.4;31.8;43.1;83;100;45.4;-10.9;63;74;46.0;-9.8;0;68;20
3514;62;19;17;2;5;-8;11;0;1;0;0;1;0;10;3;7;6;59;57;57;18;13083;878;349;94.7;3.6;5.5;27.0;29.7;209;196;51.6;-1.1;146;147;49.8;-2.6;0;176;77
3518;36;36;6;1;1;0;6;0;1;0;0;0;0;3;0;2;4;65;56;75;7;3100;781;43;101.0;1.2;1.2;25.5;32.5;46;55;45.5;2.0;33;37;47.1;3.8;0;40;20
3598;154;154;15;0;3;-11;8;0;0;0;1;0;0;17;3;5;19;58;54;58;11;16392;229;627;91.7;1.1;3.7;20.4;27.2;166;200;45.4;-6.9;119;148;44.6;-8.1;0;0;0
3630;38;25;15;6;6;0;30;1;1;0;0;0;0;41;3;3;10;68;59;73;30;13156;933;1406;104.0;3.6;3.6;25.4;35.6;166;253;39.6;4.1;120;189;38.8;4.4;1;132;66
3633;30;30;14;0;4;2;4;0;1;0;0;0;0;11;11;6;3;60;53;67;12;9831;335;724;102.6;1.5;0.7;24.5;21.6;96;95;50.3;-3.1;76;67;53.1;-4.6;0;109;50
3634;57;12;15;2;2;4;6;1;0;0;0;0;0;15;4;4;22;73;54;91;36;12944;2604;1685;102.6;2.8;1.7;33.7;29.2;224;197;53.2;-1.8;164;139;54.1;-0.4;0;0;0
3637;55;9;7;0;1;-2;2;0;0;0;0;0;0;3;1;2;8;54;49;56;4;4562;199;799;96.1;3.9;4.7;27.6;26.0;66;67;49.6;-0.5;51;45;53.1;3.1;0;1;0
3645;20;20;5;0;0;0;0;0;0;0;0;0;0;3;2;2;0;58;50;69;2;2006;40;9;100.0;0.0;0.0;35.9;14.4;29;20;59.2;2.7;21;10;67.7;9.5;0;30;9
3674;40;20;15;4;4;0;6;1;1;0;1;0;0;18;3;3;25;61;59;59;26;14298;667;3020;98.7;2.5;3.0;30.7;32.0;209;244;46.1;3.5;159;178;47.2;4.3;0;93;44
3691;136;10;14;3;12;-2;10;3;3;0;0;0;0;17;4;5;15;72;62;83;51;14861;2185;865;95.8;2.9;3.4;39.2;29.3;272;221;55.2;0.0;218;162;57.4;1.8;0;0;0
3693;0;0;10;3;5;3;6;0;2;0;0;0;0;5;3;5;2;61;59;63;9;5121;826;0;106.9;4.9;2.8;32.3;33.7;69;66;51.1;6.1;52;54;49.1;3.4;0;55;24
3696;37;37;14;0;3;-1;0;0;0;0;0;0;0;7;0;5;9;61;56;62;10;9273;555;913;100.6;3.1;3.9;28.0;36.9;132;172;43.4;-0.4;104;126;45.2;1.0;0;61;23
3730;60;18;14;10;4;-1;4;4;1;0;0;0;0;11;0;2;5;66;61;66;39;8900;3035;52;101.5;4.4;4.4;32.4;36.4;149;162;47.9;-4.3;110;114;49.1;-3.2;3;13;8
3731;54;10;15;4;6;2;8;0;0;0;0;0;0;6;3;8;13;66;60;69;40;12198;1243;1453;100.3;4.1;3.5;37.8;33.3;221;188;54.0;-4.8;165;153;51.9;-8.0;1;31;12
3759;14;14;12;2;5;0;0;0;0;0;0;0;0;15;4;0;2;58;57;56;12;5436;0;153;100.3;4.6;4.6;41.7;43.0;88;91;49.2;-4.0;71;71;50.0;-2.4;1;2;1
3763;43;43;4;0;1;-5;0;0;0;0;0;0;0;0;0;1;7;51;50;49;2;2163;0;434;81.5;0.0;8.3;28.3;44.9;26;49;34.7;-10.9;19;38;33.3;-12.0;0;6;3
3766;45;45;5;0;0;-3;0;0;0;0;0;0;0;1;0;0;3;54;50;55;2;2162;0;87;88.0;0.0;5.0;31.6;41.6;27;45;37.5;-20.4;22;32;40.7;-13.7;0;3;1
3773;18;18;11;2;2;1;0;0;0;0;0;0;0;12;2;5;11;60;56;62;8;11413;0;162;103.8;4.7;4.4;32.2;40.4;168;190;46.9;-4.6;124;148;45.6;-5.4;0;0;0
3774;123;31;10;1;3;0;4;0;1;0;0;0;0;6;1;2;5;61;56;62;12;6213;739;130;100.8;2.9;2.3;32.4;28.4;99;89;52.7;4.0;77;61;55.8;7.3;0;108;56
3775;124;124;2;0;1;-1;0;0;0;0;0;0;0;5;3;0;1;55;52;58;1;1229;11;0;105.6;2.9;5.9;17.6;52.7;14;24;36.8;-9.4;8;18;30.8;-18.4;0;0;0
3782;43;17;12;2;6;0;6;0;3;0;0;0;0;24;5;3;18;72;59;81;36;11137;3713;937;99.9;2.9;2.9;28.8;28.4;156;174;47.3;2.5;117;120;49.4;6.5;0;0;0
3791;139;19;13;0;4;-1;4;0;0;0;0;0;0;15;3;12;31;67;50;85;12;12996;115;771;95.5;3.6;3.9;31.0;24.1;205;164;55.6;4.1;159;119;57.2;6.7;0;0;0
3795;41;41;15;2;2;-5;4;0;0;1;0;0;0;9;2;2;6;60;57;59;22;9033;676;1019;93.8;1.6;4.0;33.5;36.3;143;154;48.1;-5.3;109;123;47.0;-5.8;1;31;14
3799;141;25;15;3;7;5;4;1;1;0;0;0;0;13;4;8;3;68;60;73;27;10878;1020;837;97.1;5.0;3.3;39.1;21.2;219;117;65.2;2.4;165;87;65.5;1.6;1;143;72
3806;33;12;16;1;7;0;8;0;0;0;0;0;0;12;2;4;13;62;57;65;29;10764;1556;76;101.6;2.7;2.7;28.8;34.8;149;185;44.6;-3.1;117;146;44.5;-4.9;0;14;7
3807;123;31;15;1;4;-1;8;0;0;0;0;0;0;27;1;2;16;59;53;64;31;13694;36;2467;97.1;2.1;2.4;31.0;24.4;213;192;52.6;3.9;161;148;52.1;3.2;0;0;0
3809;50;26;13;1;4;1;4;0;0;0;0;0;0;10;2;2;3;61;55;62;21;6815;989;415;99.8;3.7;3.2;37.0;31.2;127;105;54.7;-2.6;94;81;53.7;-2.9;0;2;1
3810;41;7;15;2;6;2;23;0;0;0;0;1;0;42;6;7;9;73;61;79;36;13674;230;1639;101.6;2.6;2.4;28.7;31.3;198;198;50.0;-3.3;148;157;48.5;-4.1;0;40;22
3811;132;12;14;2;6;0;10;0;1;0;0;0;0;19;6;3;7;63;58;62;26;12981;2340;77;102.6;3.3;2.8;26.3;27.7;184;191;49.1;5.5;129;151;46.1;1.0;0;10;5
3812;62;19;15;1;7;-2;2;0;0;0;0;0;0;18;3;7;2;65;59;71;24;11443;651;2644;94.5;3.5;4.1;42.5;29.9;225;173;56.5;0.7;178;139;56.2;1.4;0;255;126
3814;60;18;7;0;1;-2;4;0;0;0;0;0;0;6;1;0;7;61;48;76;10;6198;5;757;97.2;2.3;3.5;30.2;33.1;91;106;46.2;-2.0;71;78;47.7;-0.3;0;0;0
3817;153;152;14;2;3;1;0;0;0;0;0;0;0;12;1;6;20;65;53;75;24;12961;1061;658;95.1;2.8;2.5;40.8;21.4;265;149;64.0;-1.1;201;112;64.2;-2.4;1;0;0
3818;34;2;12;6;5;-5;16;2;2;0;0;0;0;14;5;4;5;63;61;60;27;11003;2879;51;97.5;3.6;5.2;31.1;37.3;177;197;47.3;0.6;143;153;48.3;1.4;1;2;1
3819;135;2;15;1;7;8;10;0;1;0;1;0;0;11;4;5;14;66;53;80;31;16740;978;853;104.1;3.2;1.7;32.0;28.6;276;250;52.5;-7.3;205;181;53.1;-7.1;0;0;0
3820;62;62;8;0;2;-1;0;0;0;0;0;0;0;7;4;4;11;56;50;60;10;7657;85;1097;99.1;4.2;4.7;31.0;32.4;114;133;46.2;-4.7;89;98;47.6;-3.0;0;0;0
3822;62;19;16;2;2;-6;10;0;0;0;0;0;0;24;4;6;25;65;53;78;19;14963;831;1996;96.7;4.1;5.3;31.8;32.7;242;246;49.6;-3.2;181;189;48.9;-3.1;0;0;0
3836;32;23;9;1;2;2;14;0;0;0;0;0;0;23;3;2;2;59;55;54;10;4801;53;1077;103.4;3.7;2.2;30.0;24.7;80;52;60.6;14.7;54;42;56.3;11.9;0;6;4
3865;17;17;17;5;4;-2;4;0;0;0;1;0;0;21;17;10;26;69;65;71;28;15093;268;2145;100.8;2.6;3.3;27.2;37.7;195;237;45.1;3.4;131;185;41.5;1.0;2;39;19
3881;148;30;15;6;8;4;4;1;2;0;0;0;0;9;5;5;1;69;62;71;32;12410;2085;0;98.2;4.6;3.2;41.5;24.7;249;149;62.6;0.5;179;120;59.9;-2.9;0;233;146
3882;132;12;14;3;5;5;8;1;1;0;0;0;0;18;7;9;17;70;53;87;36;15966;1099;942;104.5;3.8;2.7;28.6;30.4;211;243;46.5;2.0;164;180;47.7;3.6;0;0;0
3884;58;24;10;0;5;1;4;0;2;0;0;0;0;21;3;3;7;59;53;63;22;9518;2358;1034;98.7;4.2;3.8;35.6;29.1;174;137;55.9;4.6;126;104;54.8;3.5;0;0;0
3885;148;30;15;3;10;14;18;0;0;0;1;0;0;60;3;1;5;69;64;68;43;15037;316;1603;105.8;4.5;1.4;39.5;25.1;307;173;64.0;2.6;220;135;62.0;0.0;0;49;21
3886;127;31;13;5;2;-1;6;0;0;0;0;0;0;22;5;4;7;59;54;60;19;10194;137;1568;100.7;2.5;2.8;27.2;33.5;143;172;45.4;-5.7;109;128;46.0;-5.2;1;28;8
3888;10;10;2;0;1;-1;0;0;0;0;0;0;0;2;1;0;3;73;71;76;5;1518;62;73;93.8;0.0;2.4;35.6;37.9;21;27;43.8;-1.2;18;19;48.6;0.7;0;0;0
3889;43;17;8;1;5;2;0;1;0;0;0;0;0;6;4;2;5;66;57;75;17;6388;767;1527;105.1;2.8;1.7;22.0;22.0;76;91;45.5;-0.8;56;64;46.7;1.0;0;36;18
3890;17;17;17;3;4;4;6;0;0;1;0;0;0;23;14;6;8;65;62;68;28;12916;149;1466;104.4;2.5;1.7;30.1;42.4;176;226;43.8;1.5;126;178;41.4;1.0;0;2;2
3891;58;24;13;7;5;1;6;0;0;0;0;0;0;9;3;4;5;71;67;71;39;11630;1706;1311;94.4;4.3;4.0;37.8;23.5;214;148;59.1;6.6;167;109;60.5;9.0;1;17;6
3892;57;12;15;7;9;3;4;4;5;0;0;0;0;12;4;5;8;74;65;80;48;8709;4797;1386;105.5;4.1;2.5;28.5;27.7;131;116;53.0;-1.7;102;89;53.4;-1.3;1;218;104
3893;34;2;12;2;6;-2;8;0;4;0;0;0;0;16;5;3;9;66;63;63;40;9911;2825;104;99.2;3.3;4.0;33.1;37.4;161;175;47.9;1.0;135;137;49.6;3.0;1;22;11
3895;53;53;15;2;0;-3;4;0;0;0;0;0;0;4;0;0;9;58;52;63;11;6309;188;108;95.0;0.6;2.3;26.2;32.0;76;96;44.2;2.6;60;73;45.1;1.8;0;18;12
4743;41;41;12;1;3;-4;12;0;0;0;0;0;0;14;5;4;11;62;53;74;24;12113;505;1014;97.1;2.4;3.6;27.6;30.9;181;180;50.1;-3.5;128;137;48.3;-4.5;1;0;0
4776;130;14;4;0;1;2;2;0;0;0;1;0;0;2;0;0;2;59;50;68;2;1592;0;546;110.0;2.3;0.0;22.6;36.2;22;31;41.5;-5.8;15;21;41.7;-4.3;0;9;4
5182;2;2;15;6;3;6;11;0;0;0;0;1;1;20;11;6;2;61;58;59;33;9551;0;57;103.3;5.3;3.0;41.1;31.7;168;127;56.9;-0.3;128;99;56.4;-1.5;0;3;2
5266;128;20;14;4;8;-8;0;0;3;0;0;0;0;15;8;8;54;76;58;92;24;15737;3109;1648;105.6;3.0;4.8;17.8;43.2;133;346;27.8;2.6;102;251;28.9;3.9;0;0;0
5352;151;152;7;0;1;-3;0;0;0;0;0;0;0;3;2;4;6;62;55;67;5;3983;0;1316;93.8;0.9;3.6;20.8;34.3;50;65;43.5;-16.0;33;51;39.3;-21.9;0;36;18
5355;135;2;7;2;2;-1;2;0;0;0;0;0;0;2;2;1;2;55;54;55;10;3582;449;59;99.9;5.0;6.0;31.2;37.2;58;59;49.6;-10.8;47;46;50.5;-9.6;0;12;8
5356;25;25;15;1;1;-3;8;0;0;0;0;0;0;17;5;2;25;58;55;60;24;16435;787;2057;98.9;3.3;3.7;33.1;33.7;232;230;50.2;0.4;179;177;50.3;2.0;0;0;0
5357;141;25;15;5;2;8;18;0;0;0;0;0;0;20;1;5;9;69;53;81;30;15625;358;1513;99.5;4.4;2.5;41.2;22.8;327;179;64.6;2.0;235;127;64.9;1.0;0;0;0
5358;142;23;13;1;9;10;16;0;0;0;0;0;0;15;3;10;9;63;57;67;43;14998;580;441;91.4;4.8;2.2;53.3;12.2;395;107;78.7;6.6;301;73;80.5;8.3;0;0;0
5359;151;152;5;1;1;3;0;0;0;0;0;0;0;4;1;1;1;58;53;60;2;4551;90;81;116.7;4.7;2.4;20.6;37.2;52;78;40.0;-4.7;42;61;40.8;-6.4;0;2;1
5361;151;152;6;2;2;6;2;0;0;0;0;0;0;13;6;1;3;61;57;60;15;5453;214;949;106.4;5.9;2.0;40.3;23.8;102;76;57.3;6.1;74;52;58.7;6.2;0;3;1
5364;55;9;9;1;0;-4;0;0;0;0;0;0;0;3;2;1;3;55;53;54;11;5169;214;673;94.9;2.8;5.6;31.3;39.7;91;82;52.6;1.3;66;69;48.9;-2.0;0;3;0
5365;135;2;12;4;1;-3;2;1;0;0;0;0;0;16;3;6;13;65;62;61;21;11543;303;463;95.4;2.2;3.1;32.4;27.4;187;163;53.4;-4.7;146;116;55.7;-1.5;1;8;3
5368;126;124;14;7;8;8;10;0;1;0;0;0;0;11;9;3;8;66;62;67;41;13172;286;583;103.6;4.6;2.2;37.7;25.1;258;175;59.6;3.3;196;131;59.9;4.8;0;21;12
5369;48;14;11;5;5;0;6;3;1;1;0;0;0;14;1;5;11;76;66;86;26;10649;1971;937;99.0;2.7;3.0;29.7;30.1;164;164;50.0;-0.4;129;120;51.8;0.3;1;0;0
5370;141;25;13;1;7;-1;4;0;1;0;0;0;0;19;5;5;4;71;65;70;40;11106;2503;0;92.3;3.2;3.6;43.8;23.7;233;136;63.1;-0.8;178;95;65.2;1.2;0;199;104
5372;144;8;14;1;3;1;6;0;0;0;0;0;0;10;6;1;9;55;49;60;24;13857;198;1098;97.0;2.9;2.6;35.3;23.4;231;155;59.8;0.9;169;116;59.3;1.1;0;0;0
5374;143;18;15;1;9;4;6;1;0;0;0;0;0;15;3;12;22;73;61;82;37;16258;3030;1186;104.8;3.1;2.0;25.9;27.7;214;248;46.3;3.4;153;171;47.2;4.3;0;2;2
5375;30;30;14;3;5;1;6;1;2;0;0;0;0;29;15;9;5;74;67;79;25;11505;3171;75;100.2;2.8;1.9;31.3;21.3;153;126;54.8;2.9;117;80;59.4;3.6;3;1;1
5377;142;23;6;1;1;3;0;0;0;0;0;0;0;4;1;1;5;64;51;79;8;5744;23;462;98.8;4.4;2.5;37.6;19.4;126;56;69.2;-5.2;86;39;68.8;-7.6;0;0;0
5378;144;8;15;10;17;13;4;2;5;0;1;0;0;16;7;6;3;75;72;74;48;14568;2524;676;102.7;5.9;3.0;42.3;26.2;299;161;65.0;9.1;231;124;65.1;10.8;2;93;55
5379;132;12;14;3;8;0;4;1;2;0;0;0;0;8;4;1;6;64;58;67;22;8218;917;246;102.7;3.1;3.1;26.3;34.2;97;134;42.0;-4.0;77;101;43.3;-2.6;0;125;56
5381;131;1;4;0;1;-1;0;0;0;0;0;0;0;5;3;2;3;56;48;63;2;3793;0;622;90.5;2.8;3.8;36.1;21.8;79;35;69.3;8.5;51;32;61.4;0.2;0;0;0
5383;2;2;15;1;3;3;6;0;0;0;0;0;0;34;1;15;17;62;58;67;37;15394;676;1363;100.8;4.9;4.2;38.4;35.1;253;214;54.2;-4.6;189;177;51.6;-9.2;0;0;0
5384;31;31;16;2;4;-1;14;1;0;0;0;0;0;19;5;13;28;62;57;68;35;17620;906;1173;101.9;2.9;3.1;29.2;38.6;231;279;45.3;1.1;169;217;43.8;-1.7;0;0;0
5386;131;1;8;4;6;6;2;0;0;0;0;0;0;11;4;4;6;73;70;73;24;7896;969;504;99.3;5.0;2.3;41.5;17.8;169;71;70.4;6.2;123;53;69.9;6.4;0;10;5
5389;38;38;9;0;1;-7;6;0;0;0;0;0;0;5;0;0;5;54;52;54;6;4055;751;0;93.1;4.4;10.7;27.5;46.2;52;93;35.9;-2.3;42;69;37.8;0.8;0;35;14
5390;137;28;14;0;8;-2;2;0;0;0;1;0;0;15;4;7;18;71;54;88;26;15626;1296;2354;98.7;1.8;2.3;26.0;27.6;247;213;53.7;4.6;169;155;52.2;2.8;0;0;0
5391;9;9;13;1;3;-1;2;0;0;0;1;0;0;14;6;5;3;60;56;61;22;6017;0;758;96.0;2.4;4.2;38.3;40.7;88;95;48.1;-5.2;75;75;50.0;-4.0;0;3;0
5393;148;30;15;7;6;10;10;0;1;0;0;0;0;10;7;5;9;71;67;73;56;13502;2982;0;103.8;4.5;1.6;42.9;23.7;304;156;66.1;5.7;220;116;65.5;5.1;3;26;12
5394;139;19;7;0;1;4;4;0;0;0;0;0;0;5;3;3;8;65;48;85;5;7102;48;913;108.2;4.1;2.0;24.3;23.8;96;76;55.8;2.3;71;60;54.2;-1.6;0;0;0
5396;151;152;12;3;6;7;0;0;0;0;1;0;0;15;10;3;7;61;55;66;21;8737;0;536;105.6;3.3;0.8;37.1;24.7;152;124;55.1;3.0;116;85;57.7;5.1;1;8;4
5397;135;2;15;5;6;4;14;0;0;0;0;0;0;23;3;4;6;72;64;73;42;13459;0;807;99.3;4.0;2.9;37.4;25.7;247;168;59.5;3.4;184;125;59.5;2.7;1;194;95
5401;33;29;16;2;3;7;16;0;0;0;0;0;0;20;6;9;18;61;50;75;18;16817;2386;1787;105.9;3.4;1.7;32.3;36.2;256;312;45.1;-3.2;202;233;46.4;-2.9;0;0;0
5407;127;31;14;2;2;-1;12;0;0;0;0;0;0;9;0;4;10;61;53;70;25;14266;872;1074;99.3;2.8;2.8;29.8;27.8;218;193;53.0;2.1;159;145;52.3;1.2;0;0;0
5410;142;23;12;5;4;10;10;2;1;0;0;0;0;24;6;10;7;69;58;82;41;14925;2070;374;93.3;4.8;2.4;48.5;14.5;362;104;77.7;0.7;271;78;77.7;-0.1;3;0;0
5412;149;29;14;0;4;-10;8;0;0;0;0;0;0;24;5;4;36;71;58;85;24;17403;2954;812;99.0;1.4;3.3;17.8;36.2;164;327;33.4;2.9;124;244;33.7;2.3;0;0;0
5414;143;18;15;2;5;3;10;0;3;0;0;0;0;43;9;2;13;66;58;70;26;14152;1378;1263;105.0;2.8;1.8;26.7;32.6;188;235;44.4;0.5;139;170;45.0;1.0;0;23;8
5416;156;156;16;2;6;-4;4;0;2;0;1;0;0;23;16;7;9;66;62;67;14;13228;3158;63;93.8;1.9;3.0;31.0;24.2;176;145;54.8;4.5;128;109;54.0;3.7;0;10;6
5418;153;152;15;1;7;15;2;0;0;0;1;0;0;12;5;7;21;70;51;90;32;15574;212;1843;104.3;3.9;0.7;48.8;18.5;355;147;70.7;7.8;276;111;71.3;7.5;0;0;0
5420;26;26;16;0;6;-8;6;0;2;0;0;0;0;20;11;11;7;67;60;70;14;14674;1713;1848;95.3;1.7;3.4;29.7;32.9;202;211;48.9;-2.3;146;155;48.5;-1.0;0;236;132
5422;7;7;15;1;3;-1;0;0;0;0;0;0;0;10;7;4;2;60;56;62;13;8857;132;559;98.5;2.4;2.8;33.3;32.1;134;130;50.8;-1.5;95;96;49.7;-1.6;0;10;5
5424;137;28;14;4;3;0;6;1;1;0;0;0;0;9;3;5;9;65;58;67;26;12795;1621;232;103.2;2.5;2.5;23.9;34.0;170;213;44.4;-9.2;126;151;45.5;-7.0;0;15;9
5425;148;30;15;1;4;5;8;0;0;0;1;0;0;23;2;7;23;62;53;70;36;17248;264;1781;98.7;3.3;2.5;35.7;23.6;316;195;61.8;-0.6;231;149;60.8;-1.8;1;0;0
5432;56;21;14;4;12;3;8;3;4;0;0;0;0;39;0;9;8;75;71;73;36;13946;2982;41;99.9;3.4;2.6;33.3;25.3;240;179;57.3;7.7;176;141;55.5;6.0;0;16;5
5439;130;14;6;1;2;-5;0;0;1;0;0;0;0;10;3;1;9;59;54;60;9;5613;411;452;95.1;1.9;5.1;19.9;35.3;63;104;37.7;-11.8;50;79;38.8;-11.6;0;0;0
5440;40;20;15;4;4;-8;14;3;1;0;0;0;0;22;6;8;45;74;57;88;46;15614;3538;3022;96.9;2.1;3.9;27.4;36.9;213;280;43.2;-0.9;163;203;44.5;0.4;1;0;0
5441;7;7;14;2;2;1;4;0;1;0;0;0;0;12;3;11;26;60;54;68;24;11969;190;737;99.3;3.3;3.3;35.2;32.8;179;191;48.4;-5.2;131;128;50.6;-1.1;1;0;0
5442;141;25;15;5;4;-2;4;1;0;0;0;0;0;16;4;1;6;61;60;53;37;12319;878;0;89.2;3.5;4.1;40.6;21.0;272;141;65.9;3.5;196;104;65.3;1.5;0;0;0
5443;151;152;13;3;6;6;2;0;0;0;0;0;0;10;7;5;12;74;64;81;26;11343;1742;0;104.9;3.8;1.9;33.0;28.9;175;156;52.9;1.0;131;117;52.8;-0.5;2;190;96
5444;26;26;16;3;6;-2;2;0;0;0;0;0;0;13;10;4;10;59;54;59;9;7044;0;1024;101.4;5.1;6.1;30.1;39.3;89;107;45.4;-5.9;66;84;44.0;-6.1;0;22;15
5445;19;19;14;1;6;2;8;0;0;0;0;0;0;12;6;7;27;57;50;65;20;13206;44;343;105.0;3.8;3.3;25.1;32.2;147;193;43.2;-7.0;107;139;43.5;-6.2;0;0;0
5446;47;0;14;1;1;-8;20;0;0;0;0;0;0;10;0;3;2;56;52;55;13;9542;804;57;94.9;0.8;3.8;19.6;42.3;103;199;34.1;0.5;75;150;33.3;-1.9;0;13;9
5447;126;124;14;2;6;8;9;0;1;0;0;0;0;15;0;6;13;61;53;69;28;13953;14;949;104.2;3.6;1.5;30.7;20.4;237;160;59.7;3.4;170;122;58.2;2.1;1;0;0
5450;144;8;12;1;2;-3;6;0;0;0;0;0;0;7;2;3;1;57;52;62;6;5445;189;0;98.6;4.0;6.0;27.1;37.0;73;89;45.1;-19.6;56;77;42.1;-21.5;0;0;0
5452;130;14;3;0;0;1;0;0;0;0;0;0;0;3;1;0;2;59;51;68;7;2635;102;331;100.7;4.1;2.7;32.8;23.2;47;24;66.2;-3.1;35;19;64.8;-8.0;0;0;0
5456;139;19;13;1;1;-1;2;0;0;0;0;0;0;15;2;1;5;58;50;66;12;11887;155;581;101.0;2.4;2.7;23.6;29.4;149;182;45.0;-11.0;115;134;46.2;-9.2;0;0;0
5459;45;28;16;1;5;-3;8;0;0;0;1;0;0;19;1;8;15;60;50;73;29;17479;218;2799;97.9;2.3;2.9;28.6;28.8;299;265;53.0;-7.1;219;196;52.8;-7.1;0;0;0
5460;14;14;13;1;4;-7;7;0;0;0;0;1;1;15;2;12;15;60;55;63;18;14773;281;295;94.6;1.9;3.7;38.3;34.8;259;211;55.1;3.1;182;158;53.5;1.8;1;0;0
5461;130;14;12;2;3;-4;4;0;0;0;0;0;0;13;5;3;2;57;56;53;19;8924;163;1025;89.6;4.0;5.6;35.1;25.8;147;133;52.5;-3.7;117;98;54.4;-2.3;0;3;1
5463;56;21;14;3;5;9;6;0;1;1;0;0;0;11;6;2;2;60;57;62;19;13922;520;1490;105.9;3.9;1.8;30.8;27.2;214;190;53.0;1.1;157;149;51.3;-0.4;0;0;0
5465;23;23;14;0;1;2;11;0;0;0;0;1;0;11;3;8;15;60;53;69;20;13164;15;818;101.5;1.9;1.4;33.6;32.8;198;191;50.9;0.3;147;141;51.0;1.3;0;0;0
5469;144;8;15;8;10;2;6;1;5;0;0;0;0;10;2;10;9;72;66;73;42;13539;1962;235;97.1;4.5;4.0;33.2;24.2;226;157;59.0;-0.1;170;116;59.4;1.9;3;228;132
5472;147;9;14;2;3;-13;6;1;1;0;0;0;0;23;7;7;17;64;53;73;25;14301;3099;1322;96.3;1.3;4.3;18.4;40.5;123;289;29.9;-0.2;93;212;30.5;1.9;0;0;0
5473;27;27;13;7;3;-6;12;1;1;0;0;0;0;14;9;14;9;69;65;77;26;11720;2459;54;98.2;2.8;4.3;30.1;39.3;156;212;42.4;-0.8;114;146;43.8;2.9;1;208;112
5474;138;24;14;1;5;4;6;0;0;0;0;0;0;24;3;4;8;66;51;82;26;14599;40;1625;100.6;3.0;2.0;34.0;24.4;249;189;56.8;4.4;173;142;54.9;2.1;0;0;0
5475;128;20;12;0;0;-7;7;0;0;0;0;1;1;9;5;2;23;57;48;67;6;11925;18;1912;103.0;1.8;3.9;15.1;43.8;93;266;25.9;1.0;69;197;25.9;1.7;0;0;0
5476;135;2;2;0;0;-2;0;0;0;0;0;0;0;0;0;0;0;48;51;42;0;713;32;0;101.9;5.0;15.1;20.2;65.6;10;16;38.5;-17.7;9;15;37.5;-18.9;0;8;5
5478;142;23;13;3;12;13;0;1;0;0;0;0;0;14;2;4;10;63;56;67;33;14049;428;1595;98.3;5.6;2.3;50.7;17.9;329;132;71.4;-4.7;241;95;71.7;-5.3;0;0;0
5484;28;28;13;1;5;10;6;0;0;0;0;0;0;25;2;10;16;63;59;67;33;13847;800;900;105.0;4.7;2.1;36.9;27.0;223;173;56.3;-0.0;165;126;56.7;-0.9;0;0;0
5485;48;14;13;0;4;-5;4;0;0;0;0;0;0;13;4;5;25;61;51;73;17;12579;214;1606;95.7;1.7;3.1;27.5;29.8;197;201;49.5;2.5;147;145;50.3;2.6;0;0;0
5486;124;124;13;4;5;-1;6;0;1;0;0;0;0;13;9;6;7;67;66;64;29;9132;31;37;96.7;3.5;3.9;35.5;29.6;131;125;51.2;2.3;103;87;54.2;5.7;1;3;3
5488;139;19;14;3;4;-5;0;0;0;0;0;0;0;35;6;7;3;60;56;59;30;12713;342;40;95.3;2.0;3.4;24.9;26.9;177;155;53.3;0.8;130;121;51.8;-1.2;0;10;6
5489;17;17;8;1;5;-3;8;0;0;0;0;0;0;7;4;4;11;57;56;58;18;8668;48;371;101.3;3.3;4.6;26.6;40.7;101;135;42.8;2.1;74;114;39.4;0.2;0;0;0
5490;55;9;14;3;5;4;4;1;1;0;0;0;0;14;5;6;24;61;51;70;25;13678;888;1498;102.5;3.9;3.2;34.0;34.7;202;235;46.2;-6.8;158;183;46.3;-6.4;1;0;0
5494;19;19;5;0;3;2;0;0;0;0;0;0;0;5;2;1;4;58;56;59;10;5119;347;265;98.1;3.5;2.8;29.5;20.4;59;45;56.7;6.0;46;32;59.0;7.9;0;0;0
5496;142;23;2;0;0;-2;0;0;0;0;0;0;0;0;0;1;0;50;50;46;3;775;0;0;71.4;0.0;9.3;65.0;32.5;24;10;70.6;-3.3;21;7;75.0;2.5;0;3;1
5498;12;12;13;2;9;6;2;0;0;0;0;0;0;7;4;11;6;66;61;67;23;12249;455;527;100.0;4.7;2.6;48.2;27.0;265;159;62.5;5.7;197;112;63.8;8.6;0;176;104
5499;58;24;13;10;7;7;2;3;1;0;0;0;0;21;3;3;7;74;69;76;48;11086;3879;114;106.4;4.9;2.3;36.0;32.1;202;166;54.9;0.5;152;132;53.5;-1.1;1;76;33
5500;130;14;14;0;6;1;2;0;2;0;0;0;0;20;8;3;18;73;57;89;34;14161;2441;1323;99.0;2.8;2.5;33.0;26.9;237;210;53.0;0.5;181;146;55.4;2.6;0;0;0
5502;140;17;14;13;8;3;8;5;4;1;0;0;0;22;7;9;17;74;69;79;60;14398;2790;523;103.7;2.8;2.0;26.0;29.3;203;230;46.9;2.9;149;173;46.3;3.0;3;17;7
5504;130;14;7;0;1;-3;2;0;0;0;0;0;0;6;6;1;9;60;55;63;7;5225;0;1107;88.2;2.8;4.8;33.8;24.1;74;76;49.3;1.7;60;54;52.6;6.8;0;35;14
5509;23;23;14;0;3;-4;2;0;0;0;0;0;0;23;3;13;12;61;54;68;26;15710;213;1707;97.4;1.8;2.7;33.2;33.9;241;224;51.8;1.7;166;176;48.5;-2.4;0;0;0
5510;56;21;14;2;4;10;4;0;0;1;0;0;0;10;6;6;14;64;57;70;18;10127;96;1433;111.1;4.3;1.1;28.1;26.3;141;148;48.8;-4.5;108;104;50.9;-0.8;0;137;64
5511;143;18;15;1;1;-2;4;0;0;0;0;0;0;11;2;5;6;56;51;60;18;8187;25;2673;99.4;2.2;3.1;24.2;31.7;107;137;43.9;-0.3;76;103;42.5;-2.3;0;69;33
5513;133;26;10;1;4;5;8;0;1;0;0;0;0;9;2;1;4;56;54;53;13;8407;882;0;106.4;5.6;3.4;36.0;37.7;126;142;47.0;-2.6;102;111;47.9;-0.8;0;0;0
5514;132;12;14;1;3;3;2;0;0;0;0;0;0;15;4;7;32;68;50;86;15;14211;27;1646;104.4;2.8;2.0;24.1;28.1;173;224;43.6;-2.4;126;170;42.6;-4.1;0;0;0
5516;144;8;15;3;11;10;11;1;1;1;0;1;0;23;5;2;20;76;56;93;51;16360;3460;671;102.7;4.0;2.2;32.8;23.5;275;182;60.2;1.7;201;136;59.6;2.4;1;0;0
5518;38;25;17;0;3;-10;12;0;0;0;0;0;0;9;0;6;20;60;50;71;21;16194;112;2213;99.7;2.4;4.7;23.6;43.8;206;374;35.5;-0.2;140;281;33.3;-2.5;0;0;0
5519;18;18;16;2;6;2;14;2;0;0;0;0;0;27;3;14;38;67;60;74;38;16863;2277;1372;99.9;3.4;3.0;38.6;33.5;282;256;52.4;3.3;206;182;53.1;6.4;0;0;0
5520;151;152;12;7;4;14;2;0;0;0;0;0;0;12;6;3;7;67;64;69;31;11380;164;1021;111.8;5.4;1.3;30.1;20.9;168;133;55.8;6.5;127;91;58.3;8.6;1;20;9
5524;128;20;14;1;6;-15;6;1;3;0;0;0;0;25;7;9;22;64;55;73;21;15377;3173;1088;102.1;2.1;5.6;14.5;45.2;120;365;24.7;-2.1;91;264;25.6;-1.1;0;0;0
5525;43;17;13;2;2;0;6;0;0;0;0;0;0;15;3;0;13;63;58;66;23;9862;264;2945;103.2;4.4;4.4;27.7;34.7;129;155;45.4;0.2;98;116;45.8;1.6;0;49;26
5527;136;10;14;3;11;8;10;0;0;0;0;0;0;24;3;3;11;69;69;65;32;14194;114;1976;98.4;4.6;3.0;41.8;24.3;277;175;61.3;9.4;214;126;62.9;10.3;0;77;34
5533;124;124;13;1;3;-4;2;0;0;0;0;0;0;10;6;6;4;60;55;62;9;7436;0;2344;94.0;2.9;4.8;40.7;36.8;123;115;51.7;2.9;94;86;52.2;3.1;0;140;68
5534;44;30;15;7;2;-1;4;1;0;0;0;0;0;9;4;3;16;62;59;62;24;11076;333;1442;97.1;3.9;3.9;36.4;28.6;207;168;55.2;5.2;159;128;55.4;5.4;1;168;84
5535;152;152;13;0;2;-2;2;0;0;0;0;0;0;17;4;5;12;60;57;60;24;12034;155;473;101.2;3.0;3.6;23.6;31.4;131;160;45.0;2.1;95;122;43.8;0.8;0;0;0
5537;140;17;14;3;8;5;6;0;2;0;0;0;0;13;5;3;16;70;55;82;27;11295;2624;59;108.1;3.8;1.9;26.1;29.3;156;175;47.1;2.9;115;133;46.4;2.8;0;23;12
5538;24;24;14;1;2;-7;0;0;0;0;1;0;0;12;14;5;13;60;53;68;11;7168;0;2067;86.3;1.0;5.0;31.1;29.6;84;105;44.4;1.0;65;67;49.2;5.2;0;39;22
5543;132;12;14;3;4;2;6;1;1;0;0;0;0;24;3;1;7;65;61;65;24;12522;2871;149;102.7;2.9;2.0;27.6;26.2;149;190;44.0;-1.7;116;136;46.0;0.9;1;6;2
5544;142;23;13;1;4;4;4;0;1;0;0;0;0;18;3;2;4;65;60;65;33;7777;317;1632;92.2;4.2;2.3;53.2;14.8;200;59;77.2;3.4;154;42;78.6;4.1;0;68;37
5545;143;18;15;1;4;-4;29;0;0;0;0;1;0;33;3;7;6;66;58;65;19;14571;109;637;98.2;1.5;2.5;24.2;31.4;167;232;41.9;-3.2;135;165;45.0;1.0;0;194;105
5546;59;1;11;3;3;-1;4;1;0;0;0;0;0;13;4;0;8;68;64;67;35;9464;2959;1104;96.9;3.4;3.4;38.4;28.5;170;127;57.2;2.2;133;100;57.1;0.0;0;0;0
5547;133;26;15;7;6;-2;6;2;0;0;0;0;0;24;6;6;10;68;64;65;26;13431;1236;2400;101.3;4.6;5.1;28.4;34.6;197;219;47.4;-3.4;141;167;45.8;-3.9;1;47;15
5549;29;29;14;0;2;0;0;0;0;0;0;0;0;3;1;7;5;58;52;63;5;5601;65;146;99.1;2.6;2.6;36.0;32.1;92;74;55.4;1.5;61;55;52.6;-1.7;0;85;54
5551;146;0;10;1;2;1;12;0;0;0;1;1;0;16;3;3;29;59;51;67;8;11681;182;1322;104.1;2.2;2.2;21.0;34.8;121;218;35.7;3.8;89;155;36.5;2.8;0;0;0
5553;140;17;14;2;5;4;4;0;0;0;0;0;0;18;4;4;24;65;59;64;18;13909;44;499;104.2;3.4;2.3;28.5;30.5;207;225;47.9;4.5;156;170;47.9;5.4;0;188;87
5557;47;47;3;1;1;-2;2;0;1;0;0;0;0;1;2;1;5;70;60;78;7;2743;837;335;94.4;0.0;2.6;24.9;47.2;33;58;36.3;-8.2;26;44;37.1;-9.4;0;0;0
5560;33;12;13;2;2;2;4;0;0;0;0;0;0;9;5;3;15;61;54;63;18;7497;0;1253;103.2;2.9;1.9;34.6;37.5;119;147;44.7;-4.1;95;108;46.8;-3.4;0;18;12
5561;126;124;14;1;9;2;2;0;2;0;1;0;0;11;11;5;19;68;58;77;28;10438;768;1371;99.1;2.4;1.7;29.0;18.6;160;128;55.6;-2.3;113;87;56.5;-0.4;0;14;7
5562;59;1;6;0;0;-1;0;0;0;0;0;0;0;5;3;0;4;55;49;62;4;2303;0;1126;97.6;4.7;6.3;29.7;34.4;38;35;52.1;0.6;28;26;51.9;-2.0;0;31;13
5564;139;19;3;0;0;-1;19;0;0;0;0;1;0;1;0;1;1;63;57;70;7;2252;397;261;95.5;0.0;1.6;14.4;35.2;26;35;42.6;-16.8;15;27;35.7;-25.4;0;0;0
5566;36;3;13;2;4;-3;6;0;0;0;0;0;0;8;1;2;10;58;56;55;13;8969;96;38;101.2;2.8;4.0;23.3;36.9;116;159;42.2;-5.0;83;117;41.5;-5.2;0;0;0
5568;148;30;15;2;3;0;7;0;0;1;0;1;0;24;6;4;10;68;59;74;26;10934;40;1987;92.6;2.6;3.0;35.9;20.1;183;127;59.0;-4.1;135;85;61.4;-0.8;0;21;9
5569;130;14;13;1;3;-5;8;0;0;0;0;0;0;11;2;6;11;73;58;90;41;13791;2728;1007;94.6;1.8;3.1;30.8;27.7;229;190;54.7;1.0;164;139;54.1;-1.1;0;0;0
5571;136;10;14;8;6;6;14;0;0;0;0;0;0;20;6;7;18;65;63;61;32;13634;361;1405;99.2;5.0;3.4;40.4;25.9;260;185;58.4;5.0;195;132;59.6;5.1;0;19;9
5572;127;31;13;1;3;-7;6;0;0;0;0;0;0;19;5;3;9;49;48;52;21;13125;35;1874;98.2;3.3;5.2;26.6;36.8;164;242;40.4;-14.3;126;172;42.3;-11.2;0;0;0
5573;135;2;13;0;2;-3;2;0;0;0;0;0;0;16;1;6;9;65;52;79;20;12363;299;708;96.8;2.3;3.2;31.2;30.0;195;182;51.7;-8.9;149;136;52.3;-9.6;0;0;0
5574;130;14;11;1;3;-1;0;0;0;0;0;0;0;4;1;0;0;59;54;61;14;4777;846;42;98.9;3.0;3.8;27.1;30.9;59;73;44.7;-9.7;49;55;47.1;-8.8;0;39;21
5575;150;7;13;3;9;-12;7;1;2;0;0;1;0;11;6;9;14;76;67;78;41;13403;2897;561;94.9;2.1;5.1;22.0;34.4;143;213;40.2;-3.6;105;161;39.5;-3.4;0;288;158
5579;25;25;15;6;4;2;8;0;0;0;0;0;0;12;16;13;5;63;60;66;20;11827;34;551;103.7;4.3;3.7;29.8;34.4;151;172;46.7;-4.2;119;131;47.6;-1.8;1;14;6
5580;130;14;7;0;1;0;0;0;0;0;0;0;0;0;0;0;1;56;51;56;3;2943;292;0;102.7;2.4;2.4;20.8;26.9;36;44;45.0;-15.3;24;30;44.4;-15.8;0;3;2
5581;138;24;14;2;1;-5;2;0;0;0;0;0;0;28;11;6;14;56;50;59;22;11012;184;2077;94.0;2.3;3.9;26.5;26.8;163;149;52.2;-2.4;112;108;50.9;-3.5;0;41;18
5582;54;10;16;4;5;10;11;0;0;0;1;1;1;24;2;2;16;69;62;73;32;13295;1570;1610;105.8;4.3;1.6;35.5;25.2;242;160;60.2;4.5;185;124;59.9;4.5;0;24;8
5584;21;21;14;0;4;-2;0;0;0;0;1;0;0;10;4;5;18;58;54;58;21;12543;188;1042;95.7;2.9;4.0;40.8;35.3;231;187;55.3;3.2;167;146;53.4;1.3;0;0;0
5585;128;20;14;3;1;-9;2;1;0;0;0;0;0;11;3;5;21;61;54;67;15;13829;816;1111;101.4;1.6;3.9;15.1;43.7;113;292;27.9;2.6;83;219;27.5;1.6;0;27;8
5586;127;31;8;3;5;-1;0;2;0;0;0;0;0;11;6;2;1;70;63;74;25;7284;1487;2;102.3;4.4;4.0;33.6;36.1;126;118;51.6;0.2;90;94;48.9;-2.3;0;150;78
5591;3;3;13;4;4;3;8;0;0;0;0;0;0;8;3;9;13;59;55;62;28;13535;217;323;101.6;4.0;3.2;39.4;37.2;237;218;52.1;5.1;178;163;52.2;4.3;0;0;0
5592;151;152;4;0;4;3;0;0;0;0;0;0;0;8;1;1;1;62;59;59;5;2422;0;164;105.0;5.9;1.5;44.6;17.8;44;21;67.7;7.6;35;15;70.0;8.2;0;1;0
5593;141;25;15;1;3;3;4;0;0;0;1;0;0;18;5;1;9;57;50;66;25;13909;0;940;97.0;3.4;2.8;37.0;23.6;260;159;62.1;-1.8;196;121;61.8;-3.5;1;0;0
5594;130;14;13;1;4;7;8;0;0;0;0;0;0;8;8;5;18;65;58;74;26;13235;2134;991;103.6;4.4;2.4;35.6;28.6;229;191;54.5;1.1;172;136;55.8;1.8;0;0;0
5595;151;152;4;1;1;1;0;0;0;0;0;0;0;5;1;0;0;59;56;56;5;1855;336;174;116.3;3.9;1.9;17.5;33.0;18;31;36.7;-14.7;11;23;32.4;-18.8;0;2;2
5599;58;58;13;3;5;9;22;2;0;0;1;0;0;27;5;6;8;61;52;70;34;12571;1830;2409;105.7;4.9;2.6;33.8;29.5;217;184;54.1;-0.6;160;140;53.3;-1.4;0;0;0
5600;129;27;13;1;2;3;0;0;0;0;0;0;0;14;8;5;15;65;52;78;15;9071;0;1656;105.2;2.4;1.2;27.4;33.7;118;155;43.2;-1.0;85;125;40.5;-3.8;0;62;25
5601;47;0;10;1;1;-7;9;0;0;0;0;1;0;6;1;1;3;55;52;46;10;5712;72;115;91.7;1.3;5.7;22.7;41.0;58;123;32.0;-1.9;44;96;31.4;-4.2;0;2;0
5605;30;30;14;7;5;3;8;4;2;0;0;0;0;27;2;18;15;69;65;73;58;15068;2908;1197;101.9;2.9;1.7;31.5;23.4;181;170;51.6;-1.9;147;116;55.9;-1.4;0;0;0
5611;146;0;16;6;11;-2;4;2;2;0;1;0;0;24;1;12;13;73;63;79;22;16689;2683;2168;104.3;3.9;4.3;22.9;34.1;174;301;36.6;8.2;141;219;39.2;10.5;0;375;207
5612;56;21;14;1;5;12;6;0;0;0;0;0;0;6;2;3;8;59;54;62;16;6896;199;1146;117.8;6.8;1.6;28.7;26.6;109;101;51.9;-0.4;82;70;53.9;2.8;1;6;2
5613;126;124;14;5;10;0;26;1;2;1;1;2;0;47;3;1;5;72;66;69;41;13368;598;1130;94.0;3.5;3.8;36.1;24.0;256;151;62.9;8.1;195;120;61.9;7.6;1;179;88
5616;135;2;6;1;3;3;0;0;0;0;0;0;0;5;3;2;2;67;57;74;11;4357;185;457;108.9;5.8;3.3;31.4;34.7;67;72;48.2;-6.2;49;55;47.1;-7.5;0;59;32
5618;8;8;15;5;3;2;6;0;0;0;0;0;0;14;16;9;7;66;64;64;19;11077;37;1361;101.5;3.9;3.2;34.1;32.8;179;160;52.8;-1.1;120;112;51.7;-2.1;0;34;15
5619;18;18;16;7;8;3;9;1;2;0;0;1;0;26;19;4;13;71;71;69;42;12633;1329;1406;100.3;5.4;4.6;39.6;34.2;222;177;55.6;7.2;164;137;54.5;7.7;1;35;17
5622;130;14;9;0;1;0;5;0;0;0;0;1;0;5;1;1;4;56;50;60;5;3632;0;74;101.2;1.0;1.0;22.8;31.7;40;66;37.7;-11.2;31;46;40.3;-9.9;0;26;12
5623;127;31;16;1;4;-7;10;0;1;0;0;0;0;21;11;8;17;66;53;77;37;18467;1995;945;97.5;2.7;3.9;29.4;33.1;290;283;50.6;-0.4;216;208;50.9;0.6;0;0;0
5625;142;23;13;8;13;13;26;1;5;0;0;0;0;38;4;3;1;75;76;68;43;13586;1753;24;100.1;5.3;1.6;50.9;15.4;320;112;74.1;-0.6;243;80;75.2;-0.1;0;24;19
5626;10;10;12;1;5;-4;4;1;0;0;0;0;0;9;2;4;14;57;56;56;20;13252;174;458;99.3;3.0;4.1;27.2;34.8;158;204;43.6;-2.4;119;146;44.9;-1.5;0;0;0
5627;151;152;8;4;7;8;4;2;3;0;0;0;0;10;3;2;5;70;65;70;12;7280;1143;0;114.8;4.5;0.5;26.2;22.3;99;80;55.3;0.1;73;56;56.6;1.1;1;4;2
5632;3;3;13;2;3;-2;2;0;0;0;1;0;0;15;16;9;10;64;59;65;20;8544;278;752;96.9;2.9;4.2;32.9;35.0;127;147;46.4;-3.0;94;103;47.7;-2.1;0;0;0
5633;151;152;9;0;4;0;0;0;0;0;0;0;0;13;2;0;6;60;54;61;3;4504;0;840;94.5;3.2;3.2;30.4;20.0;65;53;55.1;5.0;50;36;58.1;7.4;0;13;5
5635;127;31;5;0;0;-2;0;0;0;0;0;0;0;4;3;1;1;57;50;64;1;2169;0;802;86.7;0.0;3.3;18.3;24.9;29;27;51.8;1.3;17;21;44.7;-4.5;0;8;2
5638;141;25;14;4;18;15;20;0;0;1;0;0;0;25;8;7;9;76;68;79;24;14213;235;1552;107.6;5.1;1.5;34.2;21.0;255;161;61.3;-2.5;188;111;62.9;-1.7;1;40;19
5639;151;152;15;1;2;6;4;0;0;0;0;0;0;20;6;5;13;58;50;68;16;13909;10;2209;104.0;3.1;1.6;30.0;24.3;196;185;51.4;-0.9;144;130;52.6;-0.4;0;0;0
5641;128;20;14;0;1;-15;2;0;1;0;0;0;0;12;3;6;26;55;49;61;8;13083;458;1439;95.2;1.1;5.2;16.8;46.2;116;307;27.4;2.0;82;233;26.0;-0.5;0;0;0
5644;128;20;14;0;2;-12;16;0;1;0;0;0;0;5;5;3;23;59;52;67;16;13104;918;540;98.1;1.1;4.4;15.1;47.8;113;318;26.2;0.2;80;232;25.6;-1.0;0;0;0
5645;130;14;7;0;1;0;0;0;0;0;1;0;0;4;1;1;2;58;52;64;7;2281;0;919;90.8;1.6;3.2;37.9;23.7;40;30;57.1;-1.1;29;21;58.0;-0.5;0;13;7
5646;37;27;13;1;7;1;11;0;1;0;0;1;1;9;1;5;21;73;65;78;41;13237;3968;984;104.4;3.3;2.7;27.5;36.4;167;242;40.8;-3.0;130;186;41.1;-3.8;0;0;0
5647;132;12;14;1;5;8;8;0;0;0;0;0;0;12;4;3;8;59;55;59;18;11262;0;668;108.8;4.2;1.6;27.8;25.9;151;163;48.1;3.8;109;121;47.4;2.6;0;15;7
5651;36;3;9;2;1;-6;0;1;1;0;0;0;0;8;3;3;3;65;62;61;23;7101;847;0;91.9;1.0;4.1;35.0;37.0;135;123;52.3;6.0;98;95;50.8;4.4;0;4;2
5652;24;24;14;6;4;-5;6;2;0;0;0;0;0;12;16;1;5;62;61;59;21;10042;861;0;99.6;2.9;4.3;25.5;36.9;114;159;41.8;-2.5;86;115;42.8;-2.7;1;2;1
5653;9;9;13;2;3;9;9;0;0;0;1;1;0;5;1;8;22;58;51;68;18;12180;48;264;107.5;4.4;2.1;32.8;34.6;191;206;48.1;-6.5;133;133;50.0;-4.7;0;0;0
5654;135;2;8;1;1;3;4;0;0;0;0;0;0;7;1;2;0;58;54;60;11;4366;757;0;102.9;4.1;1.6;35.5;19.0;82;48;63.1;6.9;53;37;58.9;0.3;0;1;1
5656;40;20;14;1;2;-9;6;1;2;0;0;0;0;6;3;1;2;62;56;67;21;9646;3116;0;93.9;0.7;4.1;20.5;42.2;108;183;37.1;-6.4;81;145;35.8;-8.5;0;16;7
5659;142;23;7;0;2;5;0;0;0;0;0;0;0;4;2;4;0;65;60;68;13;4973;394;0;103.5;4.3;0.7;47.8;13.0;126;35;78.3;7.7;87;23;79.1;6.8;0;5;4
5661;26;26;16;1;3;-14;8;0;0;0;0;0;0;23;7;15;29;61;57;62;34;18833;928;918;92.9;2.1;4.8;32.3;35.2;259;269;49.1;-2.3;194;210;48.0;-2.0;0;0;0
5664;26;26;16;3;2;-11;18;2;1;0;0;2;1;19;5;8;11;59;55;61;40;15770;1609;1802;95.9;2.3;4.3;31.3;38.1;231;232;49.9;-0.9;160;186;46.2;-4.5;0;0;0
5665;143;18;15;1;1;-5;2;0;0;0;0;0;0;7;5;4;4;56;52;56;21;10477;203;109;96.1;1.4;3.1;28.5;35.4;150;174;46.3;2.9;114;132;46.3;2.7;1;6;2
5669;24;24;14;1;1;-2;2;0;0;0;0;0;0;2;8;4;2;56;51;61;12;7417;0;374;97.2;1.9;2.9;28.1;30.1;85;112;43.1;-0.6;65;70;48.1;4.0;1;92;53
5670;41;41;10;1;2;-2;15;0;2;0;0;0;0;10;0;1;7;68;60;74;27;4067;2821;64;97.2;1.8;3.5;30.1;40.7;54;89;37.8;-16.7;42;64;39.6;-13.5;0;124;63
5671;134;21;11;6;3;-8;12;4;1;0;0;0;0;27;5;7;10;78;70;78;49;11509;2110;793;95.0;2.8;4.7;34.1;35.3;180;195;48.0;11.5;140;159;46.8;9.1;1;39;22
5672;56;21;14;3;11;13;27;0;3;0;0;3;2;30;5;7;15;73;57;89;39;14637;2708;2284;106.7;5.2;2.2;34.2;26.3;246;189;56.6;6.7;194;148;56.7;8.2;0;0;0
5674;57;12;15;8;6;11;12;0;0;1;0;0;0;20;3;6;7;71;63;73;43;12930;393;2567;104.2;5.0;2.2;37.9;24.8;255;154;62.3;11.6;190;117;61.9;10.9;2;195;107
5677;130;14;8;1;0;1;2;0;0;0;0;0;0;3;1;1;2;56;50;65;4;3138;0;0;108.0;2.3;1.1;20.7;36.7;34;61;35.8;-12.8;28;41;40.6;-9.6;0;10;4
5682;8;8;15;3;4;14;6;0;0;0;0;0;0;18;8;4;23;61;55;65;27;17324;152;479;107.4;5.2;2.3;38.2;37.0;261;263;49.8;-6.0;208;199;51.1;-3.7;0;0;0
5683;139;19;2;0;0;0;0;0;0;0;0;0;0;3;0;0;1;56;51;58;0;1804;0;51;106.2;2.0;2.0;20.0;51.9;14;39;26.4;-37.3;13;30;30.2;-29.8;0;0;0
5686;56;21;14;0;8;9;8;0;2;0;0;0;0;12;2;6;19;70;55;86;21;13274;938;1026;107.4;4.1;1.9;28.7;28.2;211;189;52.8;0.7;144;144;50.0;-2.3;0;0;0
5687;148;30;15;0;5;2;4;0;2;0;0;0;0;22;2;4;6;65;61;70;39;11644;3138;0;95.9;3.1;2.2;40.8;18.5;225;129;63.6;1.8;177;94;65.3;4.5;0;0;0
5688;136;10;14;6;7;3;6;4;4;0;0;0;0;22;4;5;8;66;61;68;40;12261;2286;649;99.9;2.6;1.8;35.5;23.5;220;151;59.3;5.8;171;106;61.7;7.7;0;15;7
5689;130;14;14;4;7;0;6;1;2;0;0;0;0;6;7;6;13;68;64;69;29;12593;1919;753;99.4;2.9;2.9;31.2;29.2;197;192;50.6;-2.9;148;144;50.7;-4.3;0;198;101
5694;154;154;15;6;7;2;26;3;2;0;1;2;1;35;20;7;8;69;66;71;33;12246;2645;821;101.4;3.2;2.9;27.6;28.5;145;152;48.8;-1.7;107;119;47.3;-3.8;1;17;9
5697;131;1;4;0;1;-1;2;0;0;0;0;0;0;3;3;1;8;71;53;88;7;3868;0;783;92.1;2.8;3.7;37.2;24.2;74;46;61.7;-11.8;56;33;62.9;-13.1;0;0;0
5699;57;12;14;2;1;0;4;0;0;0;0;0;0;7;4;2;1;58;54;59;15;6486;1249;606;100.5;3.9;3.3;38.3;34.4;126;114;52.5;-1.3;90;89;50.3;-4.4;0;50;26
5702;145;3;9;0;0;-3;4;0;0;0;0;0;0;7;2;2;8;66;50;86;15;9281;192;634;93.5;0.8;1.9;30.3;21.3;164;120;57.7;3.0;111;82;57.5;3.1;0;0;0
5703;127;31;9;1;3;3;6;0;1;0;0;0;0;8;1;2;1;62;57;64;11;4427;1094;0;113.8;3.3;0.0;23.6;27.6;53;61;46.5;-6.2;37;46;44.6;-8.0;0;4;3
5704;53;8;15;5;10;-3;6;0;0;0;0;0;0;18;3;4;10;70;64;69;37;14510;203;3060;100.2;4.0;4.7;30.5;36.7;201;274;42.3;0.7;160;205;43.8;0.5;1;52;25
5705;136;10;10;0;2;2;14;0;1;0;0;0;0;15;2;6;7;65;57;68;18;8733;1165;109;100.4;2.9;2.1;31.3;23.5;148;108;57.8;1.9;105;74;58.7;1.7;0;97;48
5710;151;152;9;2;4;3;2;1;2;0;0;0;0;19;12;1;5;67;61;74;23;8534;1242;0;104.0;2.1;0.8;29.1;25.7;121;115;51.3;5.3;84;83;50.3;4.4;1;1;0
5713;25;25;15;5;9;-1;2;1;4;0;0;0;0;5;12;10;3;64;62;61;25;10249;2625;0;102.9;4.6;4.2;32.0;36.9;143;152;48.5;-1.9;111;119;48.3;-0.9;0;189;98
5714;19;19;14;2;6;10;2;0;0;0;0;0;0;17;3;5;13;62;58;66;17;13604;141;349;111.9;4.5;1.9;25.1;30.7;162;193;45.6;-3.6;117;140;45.5;-3.3;0;0;0
5716;59;1;7;2;1;-1;0;0;0;0;0;0;0;2;1;3;3;58;53;61;10;3362;0;0;94.9;4.3;5.4;35.3;31.1;59;46;56.2;3.6;43;35;55.1;-0.5;0;21;12
5718;151;152;4;0;1;-1;0;0;0;0;0;0;0;6;1;1;2;54;50;57;1;2390;0;0;97.0;3.0;4.5;31.6;36.2;38;40;48.7;0.7;28;30;48.3;-0.4;0;1;0
5719;143;18;15;2;7;7;8;0;0;0;0;0;0;43;2;6;15;69;59;70;22;15326;725;696;107.3;3.8;2.1;28.0;34.5;214;263;44.9;1.2;154;199;43.6;-1.1;1;255;123
5720;133;26;12;2;1;2;2;0;0;0;0;0;0;18;4;5;7;59;57;56;28;11918;73;1365;101.1;4.2;3.6;29.3;27.2;186;158;54.1;6.8;134;118;53.2;7.4;1;0;0
5724;145;3;6;1;2;4;4;0;0;0;0;0;0;4;6;2;8;63;48;82;6;5924;43;615;101.2;4.3;1.8;33.4;15.8;116;56;67.4;5.3;85;41;67.5;8.1;0;0;0
5726;12;12;13;2;5;0;2;0;0;0;0;0;0;12;5;11;7;60;58;60;26;14307;21;335;96.3;3.5;3.5;37.0;26.7;267;183;59.3;1.1;181;127;58.8;1.3;0;0;0
5727;134;21;15;2;4;-9;4;1;3;0;0;0;0;9;10;6;10;62;57;61;21;14336;1705;478;99.1;2.8;4.5;27.1;40.9;183;280;39.5;0.7;136;218;38.4;-2.5;0;15;10
5729;34;2;8;3;4;-7;0;2;0;0;0;0;0;11;4;2;6;64;58;68;27;6644;2239;978;97.8;3.8;7.0;27.1;43.3;88;134;39.6;-10.1;73;106;40.8;-10.0;0;0;0
5730;2;2;15;4;6;4;2;0;0;0;0;0;0;14;11;10;13;65;56;72;28;7261;29;2672;103.5;6.4;4.0;41.1;32.7;140;102;57.9;0.8;106;75;58.6;1.2;0;49;23
5731;41;41;15;3;3;3;4;0;0;0;1;0;0;2;3;0;3;55;54;54;21;6738;246;160;100.7;3.7;2.7;36.3;27.8;118;86;57.8;6.6;89;68;56.7;6.3;0;5;2
5733;33;29;4;1;2;6;2;0;0;1;0;0;0;3;0;3;7;72;55;88;3;3638;337;776;114.3;4.9;0.0;34.6;30.7;65;51;56.0;2.3;56;40;58.3;3.1;0;0;0
5735;0;0;15;2;1;-3;4;0;0;0;0;0;0;8;6;8;10;60;55;65;11;9446;9;443;97.9;1.9;3.0;22.9;29.3;109;129;45.8;-0.8;74;88;45.7;-1.7;0;79;36
5736;25;25;15;2;6;-5;7;0;1;0;0;1;1;12;12;13;4;64;60;66;20;13983;692;823;95.6;2.1;3.3;30.9;30.1;200;180;52.6;3.7;141;133;51.5;3.4;0;145;75
5737;143;18;10;2;3;-2;9;0;0;0;0;1;0;14;1;6;14;70;56;82;23;11650;1984;788;101.7;2.8;3.1;24.7;32.4;144;183;44.0;-5.0;100;145;40.8;-8.6;1;0;0
5738;151;152;4;1;0;-2;0;1;0;0;0;0;0;4;0;1;0;62;58;62;4;3343;550;120;89.3;1.1;3.2;36.6;23.7;56;39;58.9;-5.2;44;26;62.9;-0.9;0;1;0
5741;131;1;10;3;4;5;2;0;0;1;1;0;0;20;1;1;1;76;64;84;43;10985;311;737;96.3;3.6;2.6;39.0;20.3;214;115;65.0;0.9;160;91;63.7;-0.6;0;0;0
5744;144;8;15;2;4;1;14;0;1;0;0;0;0;21;7;9;32;59;51;65;34;15689;244;1959;94.6;4.1;3.9;36.7;23.4;309;187;62.3;5.2;236;135;63.6;8.7;0;0;0
5746;123;31;13;3;5;5;20;0;0;0;0;0;0;9;4;1;15;64;62;59;23;11555;233;1791;103.6;4.4;2.8;34.9;31.5;220;190;53.7;6.3;160;134;54.4;7.2;1;60;29
5747;142;23;3;0;0;0;0;0;0;0;0;0;0;1;0;0;1;55;50;48;2;1237;0;130;82.7;2.9;2.9;37.8;11.6;27;18;60.0;-3.7;21;10;67.7;1.4;0;2;1
5748;28;28;4;1;3;1;7;0;0;0;0;0;0;5;0;0;3;57;58;53;14;3783;0;133;97.2;6.7;5.7;41.9;30.4;63;55;53.4;-2.2;55;37;59.8;4.9;0;0;0
5750;142;23;13;9;17;15;2;3;3;0;0;0;0;10;9;6;12;77;77;81;55;12155;2001;23;100.4;6.2;1.5;53.9;13.3;312;90;77.6;4.4;226;61;78.7;4.9;1;213;111
5751;148;30;15;4;5;8;20;0;0;0;0;0;0;7;4;6;7;74;68;77;35;13556;880;519;102.2;4.0;1.9;39.8;23.9;288;165;63.6;2.0;209;129;61.8;-0.2;0;38;15
5754;142;23;6;2;7;4;2;1;3;0;0;0;0;2;1;0;2;69;70;61;14;4153;1236;176;96.1;7.8;4.3;48.5;21.7;99;43;69.7;-9.2;69;32;68.3;-11.0;0;9;2
5755;151;152;4;1;1;2;2;0;0;0;0;0;0;4;2;1;1;61;56;61;6;3100;101;0;110.8;3.5;1.2;23.2;27.9;38;46;45.2;-3.1;29;35;45.3;-3.4;0;0;0
5756;127;31;6;0;2;-4;4;0;2;0;0;0;0;4;2;0;2;60;52;71;4;3267;1383;15;90.0;0.0;3.3;36.4;33.1;52;54;49.1;-0.7;42;40;51.2;2.0;0;41;13
5758;130;14;14;2;6;-1;2;0;1;0;0;0;0;26;6;7;10;70;62;71;42;13657;2002;628;97.2;2.1;2.6;31.6;27.9;244;185;56.9;6.2;178;139;56.2;3.7;0;228;112
5761;17;17;17;0;3;-5;15;0;0;0;1;1;0;13;5;17;19;57;52;64;25;17546;314;1547;100.0;2.5;3.5;29.1;41.4;223;304;42.3;-0.5;162;233;41.0;0.5;0;0;0
5763;129;27;13;3;2;-1;18;0;0;0;0;0;0;12;2;7;5;62;57;61;20;11593;109;857;101.8;2.2;2.5;24.5;35.4;149;187;44.3;0.5;102;146;41.1;-3.1;2;4;2
5764;126;124;14;4;4;0;2;0;1;0;0;0;0;30;4;6;6;70;59;78;32;11734;3086;31;98.0;3.1;2.8;29.1;22.1;193;142;57.6;0.3;129;103;55.6;-1.6;1;177;87
5765;40;20;8;2;4;-2;4;1;1;1;0;0;0;9;4;3;5;67;58;75;17;6668;1867;618;95.6;1.6;3.8;24.8;34.6;73;108;40.3;-0.4;56;85;39.7;-0.5;1;0;0
5767;57;12;12;4;2;2;10;1;0;0;0;0;0;4;5;0;8;65;57;72;21;9175;2191;65;101.0;4.7;3.5;32.2;25.9;152;122;55.5;-1.6;115;93;55.3;-1.1;1;13;6
5768;141;25;11;4;6;0;6;1;2;0;0;0;0;15;2;4;8;72;65;75;30;8028;1992;102;87.8;4.5;4.5;42.6;19.7;181;87;67.5;0.9;135;66;67.2;-0.3;1;4;2
5769;59;1;7;1;4;2;0;0;3;0;0;0;0;8;1;4;9;80;67;88;24;7008;1635;608;100.9;3.6;2.1;34.4;21.6;121;97;55.5;7.1;94;66;58.8;8.8;0;0;0
5772;31;31;13;1;2;-5;2;0;0;0;0;0;0;10;9;3;3;57;52;60;7;7217;58;194;97.2;2.0;4.5;26.4;43.4;89;135;39.7;-3.6;59;101;36.9;-7.9;0;42;18
5773;134;21;12;1;1;-7;4;0;0;0;0;0;0;9;2;5;21;64;58;69;22;12112;1456;1023;96.5;1.8;3.9;25.9;37.2;146;237;38.1;0.7;115;167;40.8;3.1;0;0;0
5774;140;17;14;1;2;-6;4;0;0;0;0;0;0;25;3;9;24;69;51;83;18;15984;147;1847;95.5;3.2;4.5;27.0;27.9;237;235;50.2;8.4;163;177;47.9;5.7;0;0;0
5775;142;23;13;3;3;9;4;0;0;0;0;0;0;11;4;5;9;67;63;71;43;10150;309;397;99.2;4.6;1.4;54.3;15.3;283;81;77.7;4.5;203;55;78.7;4.6;1;5;2
5779;27;27;13;1;5;5;4;0;0;0;0;0;0;6;7;2;4;61;58;61;11;7063;114;137;108.7;5.1;2.5;33.1;38.2;114;127;47.3;5.3;75;91;45.2;4.1;0;0;0
5780;47;0;11;0;3;-13;16;0;0;0;0;0;0;15;5;2;27;57;49;66;3;9453;52;2269;91.8;1.9;6.9;22.8;41.5;94;206;31.3;0.3;78;144;35.1;4.4;0;0;0
5784;43;17;13;5;1;2;12;1;1;0;0;0;0;8;1;2;3;64;58;67;22;8653;835;1300;100.9;3.3;2.5;30.0;24.5;135;114;54.2;11.6;98;86;53.3;11.3;1;117;65
5785;25;25;15;0;3;0;2;0;0;0;0;0;0;16;3;9;28;62;55;69;26;14615;146;2327;99.9;2.7;2.7;31.3;31.0;208;196;51.5;2.2;153;144;51.5;3.6;0;0;0
5786;129;27;13;1;11;-1;4;1;5;0;0;0;0;9;9;6;9;77;64;85;39;12386;3236;511;99.3;2.3;2.6;28.8;29.6;196;179;52.3;12.1;143;132;52.0;12.5;0;293;150
5788;143;18;8;0;0;0;0;0;0;0;0;0;0;11;3;2;10;60;45;79;11;7426;157;827;99.9;0.5;0.5;32.0;30.5;107;117;47.8;0.5;89;88;50.3;5.2;0;0;0
5789;29;29;14;2;4;8;4;0;0;0;0;0;0;13;3;10;54;66;53;81;24;16016;65;1821;103.3;2.9;1.3;36.4;28.3;264;228;53.7;-0.6;190;145;56.7;3.9;0;0;0
5790;132;12;14;0;4;2;2;0;0;0;0;0;0;19;0;2;3;63;56;66;20;10326;118;748;105.2;3.5;2.8;25.8;33.5;134;172;43.8;-1.9;100;128;43.9;-2.0;0;23;8
5792;145;3;15;2;3;2;4;1;1;0;0;0;0;21;13;5;6;62;56;62;30;14109;1099;664;97.5;2.3;1.8;34.7;19.6;256;160;61.5;3.5;185;121;60.5;2.1;0;12;5
5796;139;19;14;2;7;0;8;0;0;0;0;0;0;19;7;3;7;77;62;83;40;14608;636;1672;95.6;3.5;3.5;34.3;23.9;250;162;60.7;12.1;195;128;60.4;11.9;0;211;119
5798;55;9;9;1;1;-3;0;0;0;0;0;0;0;8;1;0;4;56;53;55;8;5388;32;155;96.1;2.0;4.0;19.4;28.1;61;86;41.5;-8.0;41;61;40.2;-9.6;0;7;3
5801;150;7;13;4;2;-1;2;0;0;0;0;0;0;16;3;4;11;62;54;68;16;10640;67;1535;103.2;2.0;2.4;19.6;33.2;105;174;37.6;-6.7;78;132;37.1;-6.2;0;12;4
5802;116;116;14;4;10;18;2;2;3;0;0;0;0;17;5;8;22;80;58;96;43;14106;4014;2767;103.9;5.9;1.3;46.2;14.5;334;103;76.4;10.2;254;70;78.4;13.7;1;0;0
5803;135;2;5;0;0;-2;0;0;0;0;0;0;0;6;1;0;2;61;51;67;1;2130;428;13;90.5;0.0;3.4;22.0;35.5;26;38;40.6;-13.9;15;28;34.9;-17.4;0;25;18
5805;143;18;15;6;4;-1;10;3;2;0;0;0;0;24;3;2;15;67;59;71;21;12994;3119;204;101.5;1.7;1.7;25.2;32.4;177;213;45.4;1.9;124;157;44.1;-0.3;1;233;105
5807;47;47;6;0;0;-3;0;0;0;0;0;0;0;3;0;0;6;57;51;63;5;2216;0;1530;97.8;1.6;6.5;19.5;61.7;21;69;23.3;-8.7;14;48;22.6;-10.6;0;37;16
5809;132;12;14;3;5;1;6;0;0;0;0;0;0;36;2;5;8;72;60;75;23;12218;183;2193;100.8;2.9;2.7;28.6;28.0;187;174;51.8;9.3;139;131;51.5;8.6;0;157;88
5811;23;23;14;1;3;6;2;0;0;0;0;0;0;24;4;9;11;63;57;68;22;13321;25;809;105.5;3.8;2.2;30.0;30.5;189;202;48.3;-3.3;135;144;48.4;-2.4;0;0;0
5814;151;152;4;0;0;-2;0;0;0;0;0;0;0;3;3;0;3;56;51;56;3;1839;37;200;88.2;0.0;3.9;7.8;33.3;8;35;18.6;-35.1;4;26;13.3;-43.0;0;5;2
5819;123;31;14;6;4;0;14;2;2;0;0;0;0;17;7;3;11;67;61;73;39;12192;2430;353;100.4;2.7;2.4;35.4;33.4;217;205;51.4;2.4;166;167;49.8;0.3;0;10;4
5823;136;10;14;2;3;7;16;0;0;0;0;0;0;19;4;2;5;66;57;74;29;13331;645;803;104.5;3.2;1.4;30.2;21.6;209;153;57.7;3.6;151;112;57.4;1.6;1;0;0
5824;133;26;15;1;10;-3;10;1;3;0;0;0;0;19;5;8;28;80;64;92;32;15200;3194;2001;97.3;2.8;3.6;32.0;30.6;235;218;51.9;3.2;174;168;50.9;3.4;0;0;0
5825;58;24;13;2;1;1;8;0;0;0;0;0;0;14;9;0;4;48;48;47;14;12103;135;1080;100.0;4.2;3.9;36.9;34.2;212;204;51.0;-5.5;167;152;52.4;-3.0;0;0;0
5827;57;12;15;3;7;15;4;0;0;0;1;0;0;10;6;3;19;73;51;92;36;15837;384;2208;107.1;5.0;1.8;34.6;24.6;276;203;57.6;5.1;216;157;57.9;5.7;1;0;0
5828;37;27;14;0;3;-2;10;0;0;0;0;0;0;27;1;4;16;53;48;59;21;14512;199;2267;100.4;2.7;3.7;27.8;39.4;194;289;40.2;-5.7;152;209;42.1;-3.7;0;0;0
5839;54;10;9;1;4;2;10;0;0;0;0;0;0;6;3;2;13;63;54;73;9;9391;107;752;106.3;3.8;3.1;27.6;40.6;139;178;43.8;-15.5;103;135;43.3;-15.9;0;0;0
5840;54;10;15;4;9;-1;10;2;1;0;0;0;0;19;3;6;10;70;65;71;41;12311;4332;9;97.0;4.1;3.5;40.1;26.6;270;168;61.6;5.5;193;118;62.1;6.4;0;6;3
5852;53;8;15;3;1;0;8;0;0;0;0;0;0;34;2;0;5;55;52;53;14;10003;0;917;102.3;4.0;4.0;27.0;32.0;123;172;41.7;-0.2;100;123;44.8;1.7;0;17;8
5857;0;0;15;4;9;3;6;0;0;0;0;0;0;13;12;5;7;66;66;60;36;13049;460;93;103.4;4.4;3.6;31.4;33.7;182;194;48.4;2.7;128;140;47.8;0.9;1;2;1
5858;8;8;15;0;9;8;0;0;0;0;0;0;0;20;4;16;14;61;54;68;40;18379;180;776;103.4;3.7;2.2;34.7;29.2;302;227;57.1;5.4;208;173;54.6;1.9;0;0;0
5859;2;2;15;1;7;8;10;0;3;0;0;0;0;13;3;14;10;62;59;65;45;16936;2463;372;100.8;4.7;2.8;39.1;24.9;284;196;59.2;3.0;214;140;60.5;4.4;0;0;0
5860;28;28;13;4;10;4;6;0;3;0;0;0;0;6;10;9;9;74;78;67;45;11171;1842;36;99.4;4.5;2.9;44.8;27.1;209;127;62.2;8.1;160;97;62.3;6.9;0;34;21
5861;7;7;15;4;5;-4;5;1;1;0;0;1;0;14;15;11;5;65;63;63;34;11796;1711;176;98.1;3.7;4.6;31.1;33.6;157;178;46.9;-6.7;117;131;47.2;-5.0;1;0;0
5862;21;21;14;4;4;-2;9;0;0;0;0;1;0;20;11;9;8;65;60;65;25;12951;128;94;98.3;2.5;3.1;31.1;31.4;197;184;51.7;-2.0;131;134;49.4;-4.2;1;14;7
5863;0;0;15;5;8;-3;19;0;3;0;0;1;1;21;14;9;11;75;76;68;56;16098;1626;6;98.7;3.6;4.0;32.2;32.4;225;222;50.3;5.8;167;170;49.6;3.8;1;0;0
5864;26;26;16;3;7;7;6;0;0;0;0;0;0;28;12;10;2;64;60;65;22;12204;36;487;107.5;4.4;2.4;29.2;31.0;150;159;48.5;-2.5;115;131;46.7;-3.3;2;4;4
5865;7;7;15;3;6;2;11;0;0;1;1;1;0;13;9;11;4;65;61;69;22;14524;735;525;99.0;2.7;2.5;39.9;31.5;236;186;55.9;5.6;193;146;56.9;8.7;0;174;92
5866;3;3;13;0;6;-4;13;0;3;0;0;1;0;8;5;10;30;64;59;70;33;14364;1714;377;99.1;2.8;3.5;33.8;38.8;216;249;46.5;-3.5;164;178;48.0;-2.2;0;0;0
5867;3;3;13;6;8;0;2;0;0;0;0;0;0;7;18;5;10;65;66;61;32;12172;355;11;100.7;4.1;4.1;32.8;34.9;167;185;47.4;-1.8;130;135;49.1;-0.5;2;0;0
5868;23;23;14;5;9;4;4;2;3;0;0;0;0;29;15;14;5;77;76;75;48;12668;2397;0;102.5;2.8;1.7;36.1;31.5;201;172;53.9;4.4;139;131;51.5;1.9;1;0;0
5869;29;29;14;5;8;-2;14;0;1;0;0;0;0;14;15;11;15;71;72;67;47;13576;1695;0;97.2;3.7;4.2;40.8;35.5;236;212;52.7;-2.0;172;155;52.6;-2.1;1;0;0
5870;23;23;14;3;2;-1;6;0;0;0;0;0;0;21;11;1;2;63;60;60;25;8059;279;414;98.4;2.7;3.1;40.2;38.0;129;130;49.8;-1.1;100;98;50.5;0.5;0;4;3
5871;21;21;14;1;6;-2;2;0;0;1;1;0;0;15;3;5;19;60;56;63;26;12518;122;1089;96.7;2.9;4.0;36.2;35.9;210;191;52.4;-1.1;153;145;51.3;-1.7;0;0;0
5873;14;14;14;0;6;5;4;0;0;0;0;0;0;10;4;6;21;57;51;64;24;14619;29;2022;104.0;4.7;3.4;37.7;41.1;221;246;47.3;-7.3;167;196;46.0;-7.9;0;0;0
5874;10;10;14;3;5;-3;2;0;0;0;1;0;0;11;11;5;4;61;61;58;22;12099;367;364;99.9;2.7;3.9;26.8;38.4;138;199;40.9;-6.8;104;152;40.6;-8.0;0;2;1
5876;20;20;15;11;10;12;10;3;1;1;0;0;0;13;14;21;7;72;63;79;48;15141;3139;2240;108.0;4.5;1.4;35.7;30.4;224;213;51.3;2.4;168;154;52.2;3.3;4;281;151
5877;27;27;13;4;1;1;6;0;0;0;0;0;0;7;4;7;7;61;55;67;8;7680;0;539;103.1;2.8;2.3;30.5;38.4;112;135;45.3;2.9;75;97;43.6;2.3;0;92;52
5878;7;7;15;1;3;0;2;0;0;0;1;0;0;12;9;7;10;63;57;69;22;9001;93;1674;99.7;2.0;2.0;35.2;33.6;135;124;52.1;0.2;101;96;51.3;0.3;0;35;14
5879;152;152;13;2;2;-2;2;0;0;0;0;0;0;20;12;3;5;64;62;60;17;10315;0;128;97.3;1.7;2.4;30.4;29.0;125;137;47.7;5.7;98;100;49.5;8.5;0;3;0
5880;57;12;11;3;2;4;6;0;0;0;0;0;0;7;0;2;7;66;59;72;22;8910;318;1671;104.0;2.4;0.8;34.7;27.1;149;130;53.4;-5.1;114;96;54.3;-4.2;0;143;75
5881;26;26;16;3;7;-1;2;0;0;0;0;0;0;12;7;6;2;62;58;57;31;10293;240;186;98.8;3.8;4.2;31.8;31.5;136;123;52.5;2.5;104;101;50.7;1.8;0;135;75
5882;21;21;14;2;4;-6;23;0;1;0;0;1;0;25;7;19;21;64;58;71;41;15821;2455;1724;95.7;2.7;3.6;36.0;30.5;248;224;52.5;-0.9;183;152;54.6;3.3;0;0;0
5883;59;1;7;5;1;4;0;2;0;0;0;0;0;2;0;0;1;63;58;66;11;4056;192;136;108.9;6.2;2.7;35.5;31.1;69;58;54.3;-0.6;51;46;52.6;-4.6;1;1;1
5884;125;124;16;3;5;-6;6;0;1;0;2;0;0;25;9;4;34;59;51;65;26;15651;779;2095;98.1;2.5;4.4;28.1;40.0;227;297;43.3;-2.0;164;233;41.3;-3.9;1;0;0
5885;0;0;15;2;4;-2;6;1;0;0;1;0;0;21;0;12;15;64;63;62;39;16159;1889;526;100.3;4.0;4.2;30.1;32.5;219;221;49.8;4.9;160;161;49.8;4.1;0;0;0
5888;123;31;8;1;2;-1;0;0;1;0;0;0;0;8;2;4;3;64;59;74;16;6186;567;45;98.2;2.3;2.9;33.2;33.2;106;112;48.6;-4.3;78;85;47.9;-5.9;0;100;48
5890;59;1;13;7;0;-2;6;3;0;0;0;0;0;20;1;3;3;62;60;60;34;9860;867;437;95.8;3.3;4.0;41.6;33.2;190;152;55.6;2.0;160;118;57.6;3.3;2;6;2
5891;12;12;13;12;5;5;6;1;1;0;1;0;0;17;14;11;7;71;69;68;53;13299;2161;363;97.1;4.6;3.5;47.9;28.2;284;175;61.9;5.0;209;126;62.4;6.9;2;19;12
5892;31;31;15;0;7;5;2;0;0;0;0;0;0;21;10;15;37;61;52;73;28;16804;212;1921;104.8;4.5;3.4;31.7;36.6;234;269;46.5;3.6;174;197;46.9;3.7;0;0;0
5893;123;31;15;1;5;-9;12;1;3;0;0;0;0;12;3;7;18;67;63;67;23;11078;1765;1044;91.2;1.6;4.2;31.5;30.2;187;197;48.7;-1.4;141;134;51.3;2.0;0;24;8
5894;9;9;13;0;1;-3;4;0;0;0;0;0;0;7;0;4;0;56;52;59;1;6362;0;117;95.8;1.1;2.8;35.1;37.9;96;97;49.7;-3.3;78;73;51.7;-2.0;0;81;29
5895;123;31;15;4;5;-6;29;2;1;0;0;1;0;20;12;6;12;61;55;69;39;16234;3116;774;99.3;2.7;3.5;29.1;36.1;248;292;45.9;-6.0;185;219;45.8;-6.2;1;1;0
5896;7;7;15;5;11;-7;10;4;4;0;0;0;0;12;16;9;1;63;59;66;23;13481;3061;132;97.1;2.9;4.3;31.8;35.2;205;191;51.8;-0.3;141;153;48.0;-4.2;0;246;120
5897;10;10;12;3;2;0;0;0;0;0;0;0;0;7;4;2;5;59;54;60;11;6546;0;261;100.8;2.7;2.7;31.3;34.6;93;96;49.2;3.8;67;71;48.6;3.0;0;76;34
5898;21;21;14;4;8;0;0;2;0;0;1;0;0;12;10;7;4;63;61;60;21;7806;317;376;99.5;4.2;4.6;34.6;36.9;123;117;51.2;-2.3;86;93;48.0;-5.5;0;10;6
5899;10;10;14;4;5;-3;8;1;0;1;0;0;0;6;21;15;12;66;57;76;26;12029;2507;1238;98.1;3.0;3.3;34.1;30.8;162;176;47.9;2.8;132;120;52.4;8.3;0;233;107
5900;3;3;13;1;1;-4;4;0;0;0;0;0;0;17;10;4;1;57;54;57;6;6625;9;1507;97.2;2.7;4.9;26.6;37.5;85;122;41.1;-9.1;61;83;42.4;-8.2;0;1;0
5901;152;152;13;1;7;-7;9;0;4;0;0;1;0;13;3;10;20;64;58;68;35;13964;2609;1698;96.4;1.5;3.4;23.5;32.7;135;189;41.7;-2.7;109;142;43.4;0.3;0;0;0
5902;152;152;13;4;4;-2;4;0;0;1;0;0;0;16;14;4;7;66;66;61;19;11453;875;44;100.4;2.8;3.8;23.9;33.0;116;151;43.4;-0.1;86;118;42.2;-1.4;0;25;13
5904;32;23;13;2;6;6;4;0;0;0;0;0;0;5;5;2;10;63;57;64;17;9645;151;2391;105.8;5.2;3.4;29.1;27.6;155;141;52.4;3.0;109;108;50.2;1.7;0;146;73
5905;20;20;15;2;10;-1;2;1;3;0;0;0;0;16;2;10;23;63;59;65;32;15538;3237;66;100.6;3.0;2.8;26.4;25.7;172;193;47.1;-3.7;130;137;48.7;-2.1;0;0;0
5907;152;152;13;0;3;-1;8;0;0;0;0;0;0;5;18;3;10;57;50;66;10;7345;37;1336;102.0;2.5;2.9;24.5;36.8;81;104;43.8;0.3;56;81;40.9;-2.8;0;106;49
5908;8;8;15;7;6;4;4;2;0;0;0;0;0;41;10;12;3;73;74;69;50;14947;2334;411;102.3;4.1;3.1;34.2;32.3;218;200;52.2;-2.1;170;149;53.3;-0.1;4;10;8
5909;19;19;12;0;5;3;5;0;0;0;0;1;0;8;8;4;3;62;60;59;5;8175;22;0;107.1;3.5;2.2;26.9;36.6;93;120;43.7;-4.6;64;92;41.0;-7.7;0;11;6
5910;34;2;14;0;3;-8;10;0;1;0;0;0;0;15;4;3;7;66;58;73;21;9064;879;2781;92.8;1.2;4.0;29.4;35.3;137;151;47.6;0.9;103;124;45.4;-2.0;0;149;66
5911;59;1;15;3;6;-1;12;0;3;0;0;0;0;29;3;7;21;63;55;72;36;15648;1773;2490;96.7;3.0;2.8;33.6;22.5;258;186;58.1;5.8;202;136;59.8;6.9;0;0;0
5912;23;23;14;4;6;2;8;0;3;0;0;0;0;32;10;7;11;79;82;72;46;12263;2472;899;98.8;2.3;1.8;37.6;23.8;203;148;57.8;9.6;149;96;60.8;14.3;1;0;0
5914;60;18;7;1;1;-2;0;0;0;1;0;0;0;15;0;2;27;66;51;80;9;6766;49;1449;97.3;2.7;4.3;34.1;40.4;96;140;40.7;-7.3;74;103;41.8;-4.7;0;0;0
5915;32;23;10;0;3;-2;16;0;0;0;0;0;0;5;0;3;16;60;51;70;5;8090;31;2769;98.7;2.7;3.6;22.2;26.7;99;105;48.5;-1.2;69;82;45.7;-2.7;0;1;0
5916;55;9;14;3;6;-3;24;2;1;0;0;0;0;11;1;7;8;64;59;66;35;11097;1349;1622;95.4;2.9;3.6;38.9;29.5;193;178;52.0;2.0;146;125;53.9;4.8;0;45;20
5918;41;41;15;3;5;10;8;1;0;0;0;0;0;17;2;7;11;67;61;72;25;11265;1755;426;108.2;4.2;1.0;34.2;24.3;204;157;56.5;5.8;153;112;57.7;8.6;0;1;0
5921;41;41;15;1;6;7;4;0;1;0;1;0;0;12;5;4;16;69;57;81;36;14917;2795;1320;102.7;2.7;1.4;31.6;25.3;239;194;55.2;4.3;185;148;55.6;6.2;1;0;0
5922;31;31;3;0;0;-1;0;0;0;0;0;0;0;1;2;0;1;61;56;61;2;1301;0;120;92.9;0.0;2.8;19.4;38.7;14;22;38.9;-10.7;7;16;30.4;-21.6;0;0;0
5924;60;18;9;3;1;3;6;0;0;1;0;0;0;13;2;1;9;59;51;64;13;7974;56;1990;100.1;3.2;2.3;35.7;25.7;130;109;54.4;5.7;101;80;55.8;7.4;0;5;4
5926;36;3;13;1;7;-4;0;1;1;0;0;0;0;22;4;8;28;63;53;72;20;13585;935;1897;98.0;2.4;3.4;28.9;33.7;202;226;47.2;1.7;149;169;46.9;2.0;0;0;0
5927;62;19;10;2;0;0;6;0;0;1;0;0;0;14;0;4;4;62;54;66;10;5151;68;348;99.5;1.4;2.1;21.0;29.4;57;85;40.1;-12.9;47;65;42.0;-10.1;0;33;18
5928;58;58;13;1;5;-5;2;1;2;0;0;0;0;7;2;0;6;63;56;69;19;5515;3827;154;99.9;3.3;5.9;24.8;44.4;69;103;40.1;-16.9;52;80;39.4;-17.5;1;12;8
5929;59;1;14;3;5;-2;4;1;2;0;0;0;0;15;1;6;23;73;66;75;40;12559;1853;1996;99.5;3.7;3.7;33.0;31.5;197;206;48.9;-6.0;157;157;50.0;-5.8;0;45;18
5930;32;23;15;3;3;-5;8;0;0;0;0;0;0;8;3;3;8;63;53;74;18;12633;268;1900;98.0;2.6;4.0;25.6;33.3;171;206;45.4;-5.3;116;163;41.6;-8.6;1;0;0
5932;57;12;14;1;6;1;14;0;0;0;0;0;0;10;1;6;27;58;51;63;17;13002;112;2576;99.9;3.6;3.3;32.1;29.3;213;190;52.9;-3.3;162;140;53.6;-1.9;1;0;0
5933;124;124;2;0;0;-2;0;0;0;0;0;0;0;0;0;2;3;59;50;71;1;2083;0;214;91.7;0.0;3.5;20.7;41.5;23;38;37.7;-13.7;14;32;30.4;-28.9;0;0;0
5936;36;3;12;0;2;-6;2;0;0;0;0;0;0;2;2;0;7;59;56;57;13;9255;0;667;93.5;1.2;3.5;28.8;33.1;153;152;50.2;4.3;107;114;48.4;2.4;0;108;62
5938;60;18;11;2;4;-1;14;1;0;0;1;2;1;16;1;1;12;58;54;59;19;10250;1178;1053;96.2;2.8;3.5;33.0;28.4;167;140;54.4;2.9;129;103;55.6;4.1;1;1;0
5939;127;31;16;4;3;-1;2;1;1;0;0;0;0;18;2;2;8;63;57;65;24;9440;1063;202;99.6;2.7;3.1;25.9;28.6;127;144;46.9;-4.9;95;106;47.3;-4.0;0;7;1
5941;60;18;14;5;5;3;4;0;1;0;2;0;0;10;0;4;11;69;60;74;26;12412;206;2846;98.1;3.5;3.5;34.8;29.3;198;179;52.5;2.0;151;139;52.1;0.8;1;105;45
5942;60;18;7;0;2;2;6;0;0;0;0;0;0;11;1;1;5;67;54;83;13;5969;785;751;98.1;3.6;2.4;36.8;20.5;105;66;61.4;11.2;76;46;62.3;10.9;0;0;0
5943;40;20;15;3;3;0;14;0;0;1;0;0;0;16;4;7;17;67;61;67;20;13878;0;2032;98.0;2.3;2.6;32.9;28.5;219;217;50.2;9.4;165;158;51.1;9.8;0;208;126
5946;40;20;15;1;7;-2;0;0;0;0;0;0;0;11;0;4;40;71;58;81;28;15773;405;1912;101.1;2.5;3.0;26.2;34.9;227;261;46.5;4.2;176;205;46.2;3.0;0;0;0
5947;153;152;15;2;7;2;4;0;2;0;0;0;0;23;0;4;8;76;65;81;46;13631;3884;76;95.4;3.2;2.4;46.5;20.9;294;152;65.9;0.6;230;109;67.8;2.1;0;220;128
5951;9;9;13;5;5;0;4;0;0;0;0;0;0;19;7;2;8;68;68;65;24;9697;325;96;99.0;3.3;3.3;31.2;28.6;150;132;53.2;0.9;101;87;53.7;0.6;1;16;8
5953;133;26;15;3;11;3;14;0;2;0;0;0;0;25;5;6;13;83;68;93;50;15967;3340;911;103.1;4.5;3.6;30.9;31.3;242;237;50.5;1.2;185;189;49.5;1.4;0;0;0
5954;10;10;14;1;2;-10;0;1;1;0;0;0;0;18;3;12;25;66;60;71;36;15492;2880;1027;95.4;1.4;3.3;29.5;34.9;188;235;44.4;-2.2;142;174;44.9;-2.2;0;0;0
5956;145;3;15;3;9;0;2;2;3;0;0;0;0;17;5;5;9;67;61;69;32;11266;3612;368;100.7;2.6;1.9;28.8;23.3;186;145;56.2;-3.9;134;106;55.8;-4.2;0;106;59
5957;129;129;13;1;2;-2;2;0;0;0;0;0;0;7;3;6;6;55;49;61;15;13347;397;1066;101.2;2.7;3.2;24.3;32.6;159;225;41.4;-3.8;119;168;41.5;-2.8;0;0;0
5958;138;138;14;2;1;2;4;0;0;0;0;0;0;9;4;3;15;62;50;77;19;12315;603;1089;100.2;3.2;2.9;27.8;25.7;176;188;48.4;-8.1;133;139;48.9;-6.7;0;0;0
5960;149;149;14;0;4;-5;9;0;0;0;0;1;0;11;4;5;11;62;54;69;14;12653;1406;881;103.4;2.0;3.1;17.9;40.4;108;248;30.3;-1.9;83;184;31.1;-1.7;0;0;0
5961;135;2;15;3;10;9;6;0;0;0;0;0;0;13;8;1;10;67;62;67;36;14587;981;1290;102.0;4.2;2.2;37.3;23.9;258;185;58.2;1.6;196;128;60.5;4.1;0;62;34
5962;138;24;14;6;14;1;26;2;5;0;0;0;0;24;2;3;2;70;67;70;39;11895;3121;88;99.8;3.9;3.3;32.1;26.6;185;151;55.1;1.4;141;123;53.4;-0.2;2;32;19
5964;148;30;14;2;6;4;4;0;1;0;0;0;0;18;6;4;14;69;55;83;30;15146;1300;921;99.7;3.6;2.4;34.2;22.1;297;174;63.1;1.0;207;128;61.8;-0.4;1;0;0
5966;3;3;13;1;5;-3;2;0;0;0;0;0;0;7;5;10;16;58;54;62;25;13609;71;780;96.8;2.9;4.0;33.3;33.3;210;216;49.3;0.8;155;152;50.5;1.6;0;0;0
5967;45;28;16;1;6;4;6;0;1;0;0;0;0;13;10;5;11;64;60;65;29;13814;1453;544;102.9;2.6;1.3;33.1;26.3;263;168;61.0;5.0;192;131;59.4;3.1;0;12;3
5969;8;8;15;7;11;8;10;0;1;0;0;0;0;11;15;4;4;64;64;62;30;13115;595;188;106.9;5.8;3.6;32.1;32.4;209;184;53.2;-0.6;138;133;50.9;-3.3;1;156;91
5972;139;139;14;6;1;-1;6;1;0;0;0;0;0;12;4;4;7;61;57;64;23;10230;139;1752;93.5;3.5;3.9;30.6;21.5;160;108;59.7;9.0;127;85;59.9;9.4;0;52;22
5973;128;20;9;1;4;-4;2;0;0;0;0;0;0;11;2;3;36;75;53;91;10;9356;200;1486;102.2;2.7;4.2;21.5;41.2;90;198;31.3;4.2;72;143;33.5;5.2;0;0;0
5975;104;23;5;10;5;10;22;3;2;0;1;2;1;7;0;6;10;98;89;99;40;4325;1201;1050;109.8;9.2;0.8;55.8;12.5;121;35;77.6;17.3;89;24;78.8;19.9;2;151;78
5977;144;8;10;1;4;2;16;1;0;0;1;2;1;18;4;3;6;56;51;61;11;9402;94;1112;101.5;3.4;3.1;30.2;31.0;142;126;53.0;-4.5;105;105;50.0;-7.1;0;0;0
5978;128;128;14;2;3;-9;2;2;1;0;0;0;0;5;2;6;17;58;55;60;23;11759;1578;181;100.6;1.8;4.6;16.2;42.9;95;282;25.2;-1.2;74;199;27.1;1.0;1;182;93
5980;150;150;13;1;4;-2;2;0;0;0;0;0;0;22;7;1;1;62;57;64;18;11984;1954;249;102.5;2.4;2.7;23.4;34.8;164;191;46.2;5.3;119;149;44.4;4.0;0;136;73
5981;147;147;14;4;1;-5;12;0;0;0;0;0;0;19;3;2;15;62;53;60;23;11417;46;171;100.1;1.6;3.2;20.8;41.9;114;230;33.1;4.4;83;174;32.3;4.3;1;2;2
5982;126;124;14;4;2;-1;14;3;1;0;0;0;0;21;2;3;5;65;57;71;24;7137;3056;6;101.3;3.5;3.5;29.3;32.8;92;108;46.0;-13.5;71;88;44.7;-14.5;1;7;2
5983;58;58;13;3;3;5;4;0;0;0;0;0;0;16;0;2;2;65;58;67;30;9271;325;339;104.7;4.3;2.3;35.3;31.5;163;144;53.1;-1.9;115;110;51.1;-4.2;1;155;83
5984;145;145;15;2;4;1;4;1;1;0;0;0;0;22;2;4;11;67;62;68;52;13547;3599;0;100.0;2.1;1.3;33.2;20.7;237;159;59.8;1.1;169;111;60.4;1.9;2;3;2
5986;143;143;12;1;0;-1;2;0;0;0;0;0;0;6;2;1;3;55;50;58;7;5329;8;80;102.9;1.4;2.0;16.2;37.2;48;112;30.0;-14.3;33;78;29.7;-14.3;1;7;3
5988;147;147;14;0;1;-11;2;0;0;0;0;0;0;15;1;1;3;54;51;54;6;6835;1062;254;90.4;0.5;6.3;14.2;47.4;43;164;20.8;-11.2;35;122;22.3;-8.5;0;24;9
5990;57;12;11;1;2;0;15;0;1;0;0;0;0;3;1;3;6;58;53;61;12;4228;801;166;100.9;3.4;3.4;30.7;33.2;75;74;50.3;-7.0;50;58;46.3;-11.6;0;13;8
5991;133;26;15;5;10;4;4;0;0;0;0;0;0;18;5;8;8;68;62;67;27;12068;2;1098;100.8;3.6;2.4;37.9;27.7;220;151;59.3;13.1;165;122;57.5;12.3;0;135;69
5995;147;9;14;0;3;-17;10;0;0;0;1;0;0;27;9;3;23;57;45;71;12;14822;256;2644;90.8;1.0;5.6;16.5;37.2;123;287;30.0;0.0;84;201;29.5;0.3;0;0;0
5996;128;128;14;2;1;-4;4;0;0;0;0;0;0;9;6;2;9;54;53;54;19;11249;639;851;102.0;2.9;4.2;22.7;39.0;112;236;32.2;8.2;87;164;34.7;11.1;0;16;6
5997;126;124;14;6;6;12;4;1;2;0;0;0;0;16;2;6;15;80;66;89;33;12542;3102;68;109.0;4.9;1.1;34.7;23.0;208;151;57.9;0.8;168;114;59.6;3.9;0;207;105
6001;18;18;5;0;2;3;0;0;0;0;0;0;0;6;2;2;11;62;54;72;5;4907;0;213;106.6;2.9;1.5;26.4;32.3;60;82;42.3;-11.6;39;56;41.1;-9.2;0;0;0
6002;134;134;15;4;2;0;6;1;1;0;0;0;0;9;4;4;10;58;55;58;11;12350;1363;474;103.6;3.8;3.5;28.3;35.6;159;225;41.4;3.2;125;166;43.0;3.8;1;12;7
6003;139;139;14;4;3;1;8;1;1;0;0;0;0;11;1;4;8;69;57;79;19;10463;2544;120;104.6;3.1;2.8;23.1;31.3;142;165;46.3;-8.7;98;121;44.7;-10.4;0;150;77
6004;129;129;13;0;3;-8;2;0;0;0;1;0;0;16;3;2;7;61;47;78;11;12669;123;986;95.0;1.4;4.0;23.6;36.1;154;227;40.4;-5.3;117;173;40.3;-4.4;0;0;0
6005;131;1;14;5;3;2;0;1;0;0;0;0;0;15;3;5;5;71;64;73;39;12501;1211;1776;92.0;2.9;2.3;45.5;16.1;299;112;72.7;11.2;216;87;71.3;9.8;2;43;17
6006;151;152;15;1;2;4;2;0;0;0;0;0;0;15;5;9;28;71;54;87;22;16303;337;2406;102.4;3.5;2.6;31.1;29.6;253;227;52.7;0.9;184;165;52.7;-0.2;0;0;0
6007;57;12;15;7;6;2;36;1;0;0;0;2;1;30;3;3;13;69;62;73;33;12632;547;1258;103.8;4.0;3.4;26.8;30.8;182;195;48.3;-8.6;134;139;49.1;-7.4;1;201;104
6008;141;25;15;6;6;13;2;0;0;0;0;0;0;12;1;9;11;61;53;70;38;16346;278;1418;99.7;5.1;2.2;40.1;17.0;326;155;67.8;6.6;249;107;69.9;8.6;2;0;0
6011;25;25;15;7;8;-5;4;3;1;0;0;0;0;14;15;7;10;67;63;69;45;14920;2622;174;98.6;2.9;3.9;30.9;35.7;197;231;46.0;-5.7;149;173;46.3;-3.9;0;205;107
6012;1;1;15;1;10;15;5;0;0;0;1;1;0;22;4;11;25;64;58;70;44;15866;415;561;106.3;4.8;1.8;39.9;32.2;260;223;53.8;5.5;204;155;56.8;4.7;0;0;0
6013;28;28;13;9;7;8;4;0;2;0;0;0;0;14;13;7;19;82;88;74;61;11627;1958;1863;102.4;5.9;3.4;43.0;30.3;211;150;58.4;3.0;165;108;60.4;4.5;1;56;27
6014;128;128;14;3;2;-7;4;0;0;0;0;0;0;11;8;5;14;62;52;69;16;12595;185;1267;104.2;2.3;4.3;16.3;43.7;106;283;27.2;1.7;78;209;27.2;1.2;0;202;113
6017;131;1;14;4;6;3;6;0;0;0;0;0;0;8;4;2;4;60;59;55;21;10489;281;235;99.3;3.8;2.7;31.9;22.0;179;119;60.1;-6.7;126;94;57.3;-9.6;0;16;9
6021;45;28;16;1;3;3;8;0;0;0;0;0;0;12;4;7;14;63;58;65;14;11817;54;1652;100.5;3.0;2.1;31.4;23.2;211;162;56.6;-1.2;154;121;56.0;-1.7;0;84;50
6026;149;149;14;0;2;-7;6;0;0;0;0;0;0;9;5;7;20;61;48;78;8;11427;0;1164;99.1;1.3;3.5;17.6;42.8;90;249;26.5;-7.1;72;179;28.7;-4.9;0;1;1
6027;18;18;16;3;3;1;0;0;0;0;0;0;0;17;8;5;2;61;58;58;25;10751;0;813;102.8;3.0;2.7;31.8;39.8;171;180;48.7;-1.9;115;136;45.8;-3.8;2;28;16
6028;45;28;16;2;4;-1;6;0;0;0;0;0;0;16;7;5;4;64;60;63;26;14570;283;1574;96.4;3.2;3.5;34.6;26.9;258;200;56.3;-1.6;191;146;56.7;-0.8;0;80;47
6030;132;132;14;1;1;5;0;0;0;0;0;0;0;3;2;3;5;54;50;59;8;6396;530;1;113.7;5.1;2.3;24.8;33.2;69;113;37.9;-8.6;55;79;41.0;-5.1;0;5;1
6031;138;138;14;0;3;-4;12;0;0;0;0;0;0;8;0;3;5;65;56;71;13;9918;2296;5;97.2;2.5;3.3;27.6;27.2;154;139;52.6;-1.9;106;101;51.2;-3.1;0;127;67
6032;1;1;15;7;3;9;2;0;0;1;0;0;0;8;8;8;4;61;58;65;21;8629;64;584;106.9;5.8;2.5;40.0;32.5;138;129;51.7;2.0;107;88;54.9;1.5;0;112;49
6034;131;1;8;2;2;7;4;0;0;0;1;0;0;7;1;6;7;68;54;85;14;7666;0;510;103.0;4.7;1.9;39.4;21.1;157;79;66.5;3.2;109;59;64.9;1.9;0;0;0
6037;142;23;9;0;1;11;5;0;0;0;0;1;0;12;3;6;17;64;50;82;13;9176;81;1119;100.8;5.9;1.6;52.2;14.9;222;77;74.2;-4.3;167;55;75.2;-3.2;0;0;0
6039;150;150;13;4;1;-11;6;1;0;0;0;0;0;8;2;9;25;68;51;85;20;14210;1938;1198;96.6;2.3;4.8;22.8;36.0;163;224;42.1;-0.7;123;173;41.6;-0.3;0;0;0
6042;138;138;14;4;3;3;4;1;0;0;0;0;0;6;2;2;9;63;57;67;25;10517;784;909;102.3;2.7;1.7;30.8;26.0;172;144;54.4;0.6;122;111;52.4;-1.6;0;3;1
6043;142;23;13;3;7;8;25;0;0;0;0;1;0;22;7;6;4;69;65;64;33;13554;68;381;93.2;5.0;2.9;46.2;16.5;314;108;74.4;-0.1;234;86;73.1;-3.1;1;215;107
6046;131;1;14;0;1;-4;2;0;0;0;0;0;0;12;1;3;2;57;53;55;9;6946;71;152;90.2;1.6;3.6;34.7;25.4;120;91;56.9;-10.0;88;69;56.1;-10.3;0;7;3
6048;30;30;14;0;6;5;6;0;0;0;0;0;0;21;16;4;8;62;57;64;16;11947;190;209;102.5;3.3;1.8;32.2;23.2;147;132;52.7;-0.1;118;93;55.9;-1.2;0;3;1
6050;139;19;14;5;6;0;12;1;1;0;0;0;0;34;6;5;3;67;62;68;41;13987;1768;242;95.8;3.1;3.1;34.7;23.7;241;156;60.7;11.9;189;122;60.8;12.3;2;12;4
6052;139;19;14;0;1;-4;0;0;0;0;0;0;0;5;2;2;2;58;52;61;17;6744;665;88;94.4;1.1;3.2;24.0;32.0;87;113;43.5;-11.1;68;80;45.9;-8.0;0;9;5
6053;149;149;14;0;1;-10;2;0;0;0;0;0;0;11;7;0;5;52;48;56;3;7755;0;607;95.8;0.9;5.6;12.1;46.9;52;169;23.5;-10.0;37;132;21.9;-12.7;0;32;13
6054;134;134;15;1;7;-11;6;0;0;0;0;0;0;12;1;4;13;59;57;58;16;10800;850;546;96.6;2.0;5.7;21.0;44.0;110;236;31.8;-9.5;83;171;32.7;-9.6;0;65;26
6055;138;138;14;2;3;1;4;0;0;0;0;0;0;2;3;1;3;59;53;65;14;7968;781;100;100.4;3.2;2.7;28.0;24.8;113;108;51.1;-3.5;83;80;50.9;-3.2;1;121;54
6056;131;1;14;3;3;5;6;0;0;2;0;0;0;27;1;2;6;69;63;71;35;12567;91;1987;96.6;2.6;1.7;41.0;17.8;261;128;67.1;2.8;189;91;67.5;4.1;1;190;100
6058;133;26;15;1;5;-1;4;0;1;0;0;0;0;12;4;3;33;74;57;89;24;14193;1002;1470;101.5;3.0;3.0;26.6;30.7;210;232;47.5;-3.2;143;173;45.3;-4.7;1;0;0
6059;150;150;13;3;5;0;9;2;1;0;0;1;0;11;4;3;16;65;58;70;25;8963;2564;19;103.9;4.0;3.6;25.7;30.9;96;132;42.1;-0.6;78;94;45.3;4.6;1;10;5
6060;131;131;7;0;0;-1;0;0;0;0;0;0;0;4;1;0;1;53;52;47;3;4548;0;0;91.0;2.4;3.2;30.9;19.0;75;49;60.5;-5.5;54;36;60.0;-5.2;0;0;0
6062;149;149;14;0;2;-4;8;0;0;0;0;0;0;13;5;4;9;62;55;65;20;11514;1916;749;99.2;1.3;2.5;20.0;35.6;112;202;35.7;5.3;87;151;36.6;5.8;0;10;3
6069;150;150;13;3;3;-6;2;0;1;0;0;0;0;20;3;3;4;61;58;60;24;9776;1341;149;96.4;1.8;4.1;21.4;33.1;137;156;46.8;5.7;87;114;43.3;2.0;0;8;5
6073;128;20;10;2;3;-2;4;1;0;0;0;0;0;5;5;5;15;69;58;76;13;10045;538;776;107.4;2.9;3.6;18.3;43.0;88;222;28.4;2.3;68;160;29.8;4.6;0;35;19
6074;135;2;14;3;8;-4;4;1;3;0;0;0;0;14;6;5;13;75;65;81;47;13898;3009;332;93.1;1.6;2.3;33.7;20.2;250;162;60.7;4.2;194;113;63.2;6.9;0;245;143
6075;144;8;15;3;3;4;18;1;0;0;0;0;0;21;7;8;10;65;56;72;21;14213;791;2250;102.4;3.0;2.0;30.9;27.4;219;174;55.7;-4.7;161;135;54.4;-5.2;1;68;32
6078;143;18;15;4;2;-6;8;0;0;0;0;0;0;29;11;4;44;70;55;81;26;12390;758;2375;98.2;2.0;3.8;25.9;38.9;169;225;42.9;-1.7;115;175;39.7;-6.6;0;30;16
6080;138;24;14;3;8;0;12;1;1;0;1;0;0;12;1;5;5;69;64;69;28;10563;771;1115;97.0;3.4;3.4;30.7;24.2;174;131;57.0;4.1;123;91;57.5;5.1;0;21;13
6082;19;19;14;2;7;4;10;2;0;0;0;0;0;22;3;11;9;72;72;68;25;12297;2418;0;105.8;3.5;2.3;25.8;29.9;146;166;46.8;-1.8;102;116;46.8;-1.4;0;0;0
6084;143;18;15;0;1;-6;20;0;0;0;0;0;0;8;4;0;4;56;47;68;7;11081;32;742;96.4;1.0;2.9;23.7;37.7;123;212;36.7;-9.8;96;153;38.6;-7.7;0;0;0
6086;139;139;13;2;6;4;2;0;1;0;0;0;0;13;4;1;9;60;54;61;13;7895;422;685;108.9;5.0;3.2;25.1;28.7;107;115;48.2;-5.8;79;83;48.8;-4.9;1;0;0
6087;143;18;15;1;3;6;2;0;0;0;0;0;0;21;6;6;18;75;51;95;26;17029;46;2804;103.5;2.5;1.3;28.3;23.3;241;227;51.5;11.4;174;158;52.4;12.2;0;0;0
6088;28;28;13;2;9;10;2;0;0;0;0;0;0;18;7;11;2;69;66;70;13;11682;516;1352;105.2;5.2;2.2;40.1;27.4;205;149;57.9;2.2;146;105;58.2;1.2;0;142;71
6089;129;129;13;2;3;-6;0;0;0;0;0;0;0;7;5;5;10;60;56;61;21;9934;1211;231;96.3;2.2;4.3;23.9;34.1;114;184;38.3;-7.7;89;133;40.1;-4.3;0;10;5
6091;129;129;13;3;0;-3;4;1;0;0;0;0;0;21;4;7;34;62;50;77;16;13497;732;1462;97.8;1.3;2.4;25.3;32.0;189;221;46.1;3.2;144;157;47.8;6.8;1;0;0
6093;26;26;16;2;3;-5;2;0;1;0;0;0;0;27;24;14;10;66;63;64;35;15634;951;585;96.7;2.1;3.0;32.2;30.9;210;214;49.5;-1.4;164;160;50.6;2.0;0;21;12
6094;155;154;13;1;6;0;10;0;1;0;0;0;0;8;1;6;17;63;57;68;25;13970;987;1686;94.5;2.3;2.6;35.6;21.4;271;150;64.4;-2.0;191;107;64.1;-2.7;0;0;0
6095;18;18;16;2;8;-1;7;0;2;0;0;1;0;35;18;5;5;64;58;66;29;12144;1697;46;100.7;3.3;3.6;32.6;38.2;179;206;46.5;-4.8;129;155;45.4;-4.4;0;2;2
6097;147;147;14;1;2;-11;4;0;0;0;0;0;0;12;6;6;11;62;53;71;12;9549;991;1394;96.6;1.1;5.3;13.6;44.9;67;212;24.0;-7.8;47;156;23.2;-8.0;0;11;4
6099;133;26;10;1;2;0;4;0;0;0;0;0;0;11;2;3;4;62;53;70;6;8162;147;637;102.4;2.2;2.2;26.0;36.2;114;150;43.2;-7.5;73;113;39.2;-11.1;0;0;0
6100;26;26;16;3;7;-7;11;1;0;0;0;1;0;12;12;8;7;71;76;62;48;13850;1854;15;93.4;2.3;3.9;35.1;29.4;228;172;57.0;9.1;157;126;55.5;8.5;0;10;3
6102;141;25;11;2;2;3;0;0;0;0;0;0;0;4;0;2;0;61;57;65;25;5225;232;715;99.3;4.1;2.1;41.3;19.3;105;48;68.6;6.8;78;36;68.4;5.9;0;7;4
6103;147;147;14;0;5;-9;8;0;0;0;1;0;0;12;6;6;43;60;50;72;7;14684;372;2490;100.1;1.7;4.2;15.2;37.3;124;287;30.2;0.3;84;208;28.8;-0.7;0;0;0
6104;58;24;13;2;1;6;22;0;0;0;0;0;0;24;4;8;55;69;51;85;19;13437;336;2246;102.4;4.8;3.5;36.2;31.9;239;206;53.7;-1.3;176;155;53.2;-1.8;0;1;0
6105;0;0;15;1;5;-2;2;0;0;1;0;0;0;11;16;12;10;63;59;65;24;12738;248;1492;98.7;3.1;4.2;28.0;34.2;149;204;42.2;-5.8;111;144;43.5;-4.8;1;8;6
6106;140;140;14;3;8;2;2;1;4;0;0;0;0;13;4;3;11;62;57;65;21;10478;2756;137;104.5;3.4;2.4;28.5;32.0;155;180;46.3;1.8;118;131;47.4;4.2;1;15;8
6107;45;28;2;1;1;1;2;0;1;0;0;0;0;3;0;1;1;69;65;70;5;978;554;0;105.6;7.4;3.7;33.1;22.1;14;8;63.6;5.8;11;7;61.1;1.8;0;1;0
6108;60;60;12;1;1;-2;18;0;0;0;0;0;0;5;1;1;2;61;55;64;14;5555;25;1018;94.5;1.3;2.6;30.5;26.6;89;85;51.1;0.3;62;57;52.1;1.3;0;6;4
6109;58;24;13;5;13;10;15;1;3;1;0;1;0;26;2;7;9;83;70;89;53;11110;3240;2267;102.9;6.5;3.2;37.3;22.4;193;134;59.0;6.2;156;97;61.7;10.3;1;270;146
6114;58;58;13;5;4;4;10;0;0;0;0;0;0;16;5;2;1;66;59;70;24;9599;0;148;103.2;4.1;2.6;36.4;32.3;177;150;54.1;-0.6;125;115;52.1;-3.0;2;3;1
6116;138;24;14;2;1;-4;2;0;0;0;0;0;0;18;4;6;8;61;47;77;24;15238;194;2173;94.4;2.8;3.8;30.2;25.3;231;185;55.5;2.3;180;143;55.7;3.4;0;5;3
6117;128;128;14;0;3;-11;10;0;0;0;0;0;0;12;7;4;5;52;49;51;8;10975;0;1794;101.3;1.3;4.9;10.8;45.6;78;240;24.5;-2.0;53;189;21.9;-5.9;0;79;43
6118;47;47;10;0;1;-10;4;0;1;0;0;0;0;14;0;2;9;59;54;58;9;6981;951;979;88.6;0.5;5.7;22.2;41.3;79;151;34.3;1.4;57;108;34.5;0.3;0;17;9
6119;28;28;10;1;6;0;4;0;2;0;0;0;0;14;6;8;9;70;65;76;13;9035;1407;1550;99.2;4.0;4.0;36.3;33.9;151;133;53.2;-3.2;114;96;54.3;-3.2;1;132;73
6121;125;124;16;3;2;3;6;0;0;1;0;0;0;18;3;3;7;61;54;63;18;9129;27;1562;103.6;3.5;3.2;30.8;39.8;133;178;42.8;-2.4;100;133;42.9;-1.2;0;26;9
6125;134;134;15;2;6;-3;2;0;1;0;0;0;0;6;2;2;6;60;57;59;28;12798;1738;0;102.9;3.1;3.4;27.0;39.7;164;233;41.3;3.1;128;179;41.7;2.1;0;225;106
6126;150;150;13;1;2;-2;8;1;2;0;0;0;0;18;2;3;19;63;51;74;30;12390;656;1186;98.8;1.7;2.3;24.1;27.6;157;156;50.2;10.6;115;123;48.3;9.3;0;0;0
6127;36;3;8;0;1;0;2;0;0;0;0;0;0;8;1;2;11;57;50;66;4;7112;24;589;102.6;2.5;2.5;24.3;32.4;99;130;43.2;-0.4;59;94;38.6;-5.1;0;0;0
6128;127;31;10;2;2;-4;2;2;0;0;0;0;0;9;3;3;11;60;53;66;10;6691;535;0;93.1;1.1;3.2;23.1;28.0;85;99;46.2;-10.0;55;69;44.4;-12.0;0;91;48
6129;127;31;14;6;6;-8;6;2;2;0;0;0;0;20;4;8;17;70;63;71;50;12695;2862;721;92.6;3.7;5.4;34.3;29.8;214;171;55.6;8.3;164;132;55.4;8.6;2;28;12
6130;24;24;14;3;0;-3;2;0;0;0;0;0;0;6;11;11;4;60;53;66;12;10131;216;228;101.3;2.5;3.2;21.3;30.9;105;149;41.3;-3.0;68;102;40.0;-6.1;0;132;67
6132;137;137;14;3;3;-1;10;0;0;1;0;2;1;11;0;0;11;63;58;63;24;10751;1476;196;95.5;2.3;3.0;34.2;26.5;192;145;57.0;8.5;135;102;57.0;9.0;0;12;2
6133;138;138;14;2;5;-4;26;1;2;0;0;0;0;24;5;4;13;69;62;75;47;12500;3068;896;95.5;2.3;3.2;32.0;27.1;197;180;52.3;-2.6;149;139;51.7;-2.7;1;0;0
6135;145;3;15;2;3;-3;6;0;0;0;0;0;0;11;3;3;13;68;57;78;22;11222;175;1742;95.1;1.9;2.9;28.2;24.7;169;142;54.3;-6.2;126;104;54.8;-5.5;0;193;94
6136;138;138;14;4;2;4;7;0;0;0;0;1;0;10;1;5;10;64;57;69;27;10219;909;0;103.8;2.5;1.1;29.9;23.6;160;136;54.1;0.0;120;98;55.0;2.0;0;166;87
6137;8;8;15;6;6;8;0;1;0;0;0;0;0;9;15;15;6;64;59;67;33;14625;483;0;104.6;3.9;2.0;37.9;34.0;237;206;53.5;-0.2;173;153;53.1;-0.5;1;189;101
6138;53;53;15;2;1;-3;11;0;0;0;0;1;0;22;4;8;53;65;50;83;20;13066;0;3272;99.6;1.9;2.8;25.9;35.3;164;242;40.4;-2.1;130;171;43.2;-0.5;1;0;0
6141;154;154;15;0;2;3;10;0;0;0;0;0;0;13;5;6;27;59;50;69;21;15914;136;1921;100.0;2.5;1.8;31.2;22.6;204;191;51.6;2.5;157;126;55.5;8.1;0;0;0
6142;124;124;13;2;10;-8;8;2;2;0;0;0;0;13;9;10;12;64;61;65;14;11389;2257;143;92.9;3.2;5.7;31.9;33.5;162;186;46.6;-4.0;113;129;46.7;-4.4;0;181;86
6144;128;128;14;1;3;-9;6;0;1;0;0;0;0;7;1;1;12;58;54;61;9;10304;1971;214;100.6;1.4;4.5;13.6;46.8;86;267;24.4;-2.3;60;189;24.1;-3.0;0;2;0
6145;124;124;13;3;1;-9;6;1;0;0;0;0;0;20;2;6;30;60;56;61;18;14406;111;87;92.6;2.5;4.7;30.5;30.5;193;205;48.5;-1.3;139;133;51.1;1.9;0;0;0
6148;142;23;13;1;1;9;2;0;0;0;0;0;0;16;3;2;15;62;51;71;25;12608;170;789;97.4;4.6;2.0;44.3;15.4;300;101;74.8;0.5;218;73;74.9;-0.5;1;0;0
6149;140;140;14;3;3;-2;4;0;2;0;0;0;0;7;3;1;4;55;51;60;10;6031;1016;0;107.2;4.8;6.0;23.9;46.6;70;130;35.0;-11.8;55;103;34.8;-11.4;0;85;35
6150;138;138;14;0;2;1;2;0;0;0;0;0;0;6;2;0;10;59;55;60;18;7898;163;1368;101.3;3.2;2.7;29.2;28.3;125;120;51.0;-3.8;87;91;48.9;-5.8;0;27;11
6152;147;9;14;1;8;-10;8;0;5;0;0;0;0;22;9;7;21;72;61;86;27;11551;3288;466;93.4;0.6;3.1;18.7;31.5;111;210;34.6;6.3;78;144;35.1;7.9;0;225;107
6153;138;138;14;2;4;3;8;0;0;0;0;0;0;29;7;12;20;71;51;87;25;15640;207;2375;98.3;3.0;2.3;32.9;21.4;250;185;57.5;5.4;189;135;58.3;7.5;0;0;0
6154;149;149;14;1;2;-7;6;1;0;0;0;0;0;16;7;3;15;62;54;68;8;13522;2154;353;100.8;1.3;3.2;15.2;40.2;106;257;29.2;-3.5;80;192;29.4;-4.1;0;37;13
6156;127;31;16;1;6;7;4;0;0;0;0;0;0;21;4;4;21;66;48;86;20;15498;156;2431;106.9;3.5;1.9;27.2;31.6;217;242;47.3;-5.2;163;185;46.8;-5.5;1;0;0
6157;135;2;15;1;6;4;6;0;1;0;0;0;0;20;5;6;31;65;52;78;26;17588;337;1567;97.8;2.9;2.0;35.8;20.1;324;193;62.7;8.7;244;139;63.7;9.5;0;0;0
6160;143;18;15;6;4;8;10;0;1;0;0;0;0;17;8;1;16;71;59;77;29;14776;1039;1019;107.4;3.4;1.5;28.3;31.2;193;246;44.0;-0.2;151;177;46.0;2.6;0;18;8
6162;124;124;13;4;5;-13;0;2;3;0;0;0;0;25;14;2;5;68;66;66;25;11514;2371;832;89.4;2.2;5.9;31.3;33.8;173;190;47.7;-2.5;119;130;47.8;-2.9;0;32;19
6163;140;17;14;0;4;1;10;0;0;0;0;0;0;13;8;4;11;55;48;65;12;13161;129;765;102.1;3.6;3.6;28.2;33.9;162;238;40.5;-6.5;133;183;42.1;-3.3;0;0;0
6164;147;147;14;1;0;-3;6;0;0;0;0;0;0;20;5;7;20;63;53;74;8;10577;191;1422;100.1;1.0;2.0;13.6;27.6;83;177;31.9;2.5;56;124;31.1;2.4;0;27;10
6165;147;147;14;2;1;-4;2;0;0;0;0;0;0;23;7;6;8;64;47;86;9;14028;147;1713;104.2;2.1;3.1;17.7;41.6;129;279;31.6;2.5;100;218;31.4;3.5;0;0;0
6166;21;21;14;5;3;4;10;0;0;0;0;0;0;14;8;17;9;64;57;70;24;12842;0;325;101.0;3.4;2.5;36.7;30.8;218;180;54.8;2.4;154;133;53.7;1.7;2;148;66
6169;134;21;5;3;2;-3;2;1;1;0;0;0;0;10;1;4;15;80;64;89;15;4968;1071;915;94.8;2.9;5.8;26.1;35.5;62;94;39.7;8.6;49;61;44.5;13.0;0;28;10
6170;147;147;14;0;2;-7;2;0;0;0;0;0;0;17;3;6;11;56;51;57;6;11285;71;340;99.1;1.3;3.5;16.9;41.5;100;243;29.2;-1.2;68;176;27.9;-1.9;0;15;6
6172;0;0;1;0;0;0;0;0;0;0;0;0;0;0;1;0;0;62;52;74;0;678;0;0;100.0;0.0;0.0;31.8;15.9;9;12;42.9;-8.4;8;5;61.5;4.4;0;6;5
6173;17;17;17;0;2;-8;4;0;0;0;0;0;0;13;17;11;6;60;53;64;16;15004;550;86;98.3;1.4;3.4;24.0;43.9;175;279;38.5;-5.7;122;218;35.9;-6.7;0;186;95
6174;129;129;13;1;3;-7;0;0;0;0;0;0;0;12;8;2;20;60;52;66;17;9541;1027;321;95.4;1.5;4.2;21.1;35.5;101;184;35.4;-11.3;79;137;36.6;-8.9;0;19;7
6175;145;3;9;0;3;4;22;0;0;0;0;1;1;14;3;3;12;67;50;81;10;8955;1017;1059;105.6;3.2;1.6;29.7;31.0;137;139;49.6;-9.6;105;106;49.8;-11.5;0;0;0
6179;23;23;14;1;2;-6;4;0;0;0;0;0;0;15;8;7;4;60;54;62;12;9741;348;342;95.3;1.5;3.7;30.3;38.4;152;159;48.9;-2.4;102;123;45.3;-6.2;0;105;60
6181;139;139;14;0;1;-2;16;0;1;0;0;0;0;0;2;1;5;58;52;64;10;6721;609;315;97.2;1.1;2.1;24.1;29.5;88;102;46.3;-7.6;69;73;48.6;-4.8;0;93;50
6185;21;21;14;3;3;-4;2;2;2;0;0;0;0;5;5;7;3;61;55;67;23;5398;2752;87;97.8;1.3;2.0;28.0;28.7;71;70;50.4;-3.1;49;52;48.5;-4.4;0;105;53
6186;128;128;14;2;1;-10;4;0;1;0;0;0;0;10;2;4;5;56;52;56;14;8905;2514;20;97.8;0.8;4.9;14.1;61.4;66;268;19.8;-8.4;50;206;19.5;-9.2;0;20;10
6188;59;1;15;3;6;5;2;0;1;0;0;0;0;10;9;8;32;58;53;62;33;14796;357;1269;101.5;5.4;4.1;36.7;31.6;248;236;51.2;-4.6;203;176;53.6;-2.4;0;0;0
6190;141;25;15;2;2;4;2;1;0;0;0;0;0;16;8;1;8;59;51;68;19;13828;2159;763;98.6;4.2;3.1;35.9;24.0;258;159;61.9;-2.1;192;122;61.1;-4.4;1;0;0
6191;9;9;13;7;8;5;9;1;1;0;0;0;0;31;6;5;8;79;79;72;32;12960;2013;92;103.8;4.4;2.8;33.9;29.7;199;186;51.7;-1.2;141;129;52.2;-1.5;2;9;4
6193;128;20;3;0;2;-1;10;0;0;0;0;0;0;4;0;1;5;70;59;82;6;3476;554;69;104.1;1.0;2.1;12.4;48.7;26;74;26.0;6.4;18;55;24.7;3.5;0;63;36
6195;129;129;13;1;2;-2;23;0;0;0;0;1;0;45;7;5;16;60;50;68;21;12893;518;458;100.8;2.2;2.8;27.6;38.5;176;234;42.9;-1.6;125;192;39.4;-6.1;0;2;0
6196;126;124;14;1;5;-2;0;0;2;0;0;0;0;9;2;3;8;61;57;63;29;10986;1365;0;97.5;2.3;2.6;27.2;23.9;157;146;51.8;-7.3;120;103;53.8;-3.9;0;12;6
6197;137;137;14;7;4;-2;4;2;0;0;0;0;0;7;4;3;5;63;58;66;27;10999;1484;168;99.5;3.6;4.3;28.8;32.7;157;183;46.2;-6.3;116;126;47.9;-3.3;0;1;0
6199;134;134;15;0;1;-4;4;0;0;0;0;0;0;6;5;1;3;53;51;52;12;9266;314;298;101.2;3.5;5.1;29.9;48.2;127;187;40.4;1.7;101;154;39.6;-0.7;0;37;17
6201;132;12;14;7;2;1;2;1;1;0;0;0;0;13;4;4;10;71;57;82;25;9119;3346;136;107.9;4.3;2.8;25.7;30.8;108;146;42.5;-3.4;81;102;44.3;-1.4;2;73;32
6202;71;71;15;10;9;3;16;2;4;0;0;2;0;14;5;7;26;83;68;87;56;13043;3724;887;102.2;4.1;3.0;31.7;27.9;209;185;53.0;12.2;155;138;52.9;12.7;1;295;149
6204;48;14;13;4;3;-2;20;2;2;0;0;0;0;11;3;2;2;63;57;68;17;6679;1636;164;100.1;2.7;3.8;27.5;38.8;89;135;39.7;-10.0;70;101;40.9;-9.6;0;105;48
6205;26;26;16;1;6;-6;0;0;0;0;0;0;0;14;4;8;15;58;55;58;23;15154;148;1238;95.5;2.9;4.3;29.5;30.2;212;199;51.6;1.5;151;147;50.7;2.0;0;0;0
6206;150;150;13;1;1;1;6;0;0;0;0;0;0;4;3;4;29;67;49;87;11;12395;268;1224;106.0;3.2;2.9;22.4;34.9;143;230;38.3;-6.5;105;163;39.2;-3.8;0;0;0
6208;136;10;14;1;6;7;6;0;0;0;1;0;0;19;3;11;42;68;51;84;23;15828;0;2365;100.6;3.6;2.5;38.9;28.4;295;235;55.7;0.9;225;168;57.3;1.7;0;0;0
6211;134;21;15;2;6;-3;4;0;1;0;0;0;0;13;3;4;14;74;63;82;25;15440;635;1078;100.7;3.3;4.0;27.7;35.7;205;274;42.8;5.5;167;206;44.8;6.9;0;0;0
6212;143;18;15;2;4;-1;4;1;3;0;0;0;0;11;3;6;17;66;58;71;37;12645;3044;62;100.2;1.4;1.4;25.9;27.0;168;181;48.1;5.5;125;127;49.6;7.1;0;23;12
6213;128;128;14;4;5;-11;6;2;2;0;0;0;0;3;3;4;16;63;56;67;23;12149;1673;174;100.8;2.1;5.3;18.7;51.6;104;307;25.3;-1.1;80;222;26.5;0.2;1;165;74
6214;145;3;15;0;2;2;0;0;0;0;0;0;0;11;7;4;10;63;52;70;11;7298;37;2161;101.0;2.5;1.5;27.1;18.3;108;89;54.8;-5.0;81;61;57.0;-2.3;0;6;4
6216;31;31;16;4;3;-2;10;1;0;0;0;0;0;18;11;7;6;62;58;61;16;11980;229;774;103.3;3.6;3.9;28.8;42.7;161;213;43.0;-2.0;111;160;41.0;-5.2;0;103;50
6217;138;138;14;0;4;0;8;0;0;0;0;0;0;15;4;3;10;62;54;67;15;11243;149;2185;96.8;2.2;2.2;32.3;22.1;171;153;52.8;-1.7;134;112;54.5;1.3;0;40;20
6219;144;8;15;2;2;8;6;0;0;0;0;0;0;7;6;1;2;58;54;60;20;10312;540;0;104.1;4.5;1.7;37.7;22.0;196;109;64.3;6.7;141;85;62.4;5.6;0;138;73
6220;126;126;14;1;2;1;18;0;0;0;1;0;0;11;3;1;3;56;49;62;8;13077;0;1761;99.2;3.0;3.0;30.6;28.4;211;183;53.6;-5.5;156;139;52.9;-5.6;0;0;0
6221;140;17;14;2;11;-2;23;0;5;0;0;3;2;27;2;9;12;66;55;76;26;16106;1061;722;100.9;2.7;3.1;23.0;29.1;227;255;47.1;3.5;151;189;44.4;0.2;1;0;0
6222;150;150;13;1;3;0;7;0;1;0;0;1;0;12;3;2;10;53;47;62;11;13870;719;1359;104.6;2.9;2.9;21.3;32.4;148;227;39.5;-4.8;110;166;39.9;-2.8;1;0;0
6224;145;145;15;2;2;4;2;0;0;0;0;0;0;4;1;3;3;59;53;63;11;6310;226;17;105.4;3.4;1.1;30.2;19.4;109;68;61.6;2.9;73;44;62.4;3.9;0;10;5
6226;1;1;15;8;1;-2;9;0;0;0;0;1;1;7;10;8;3;65;62;61;33;14272;79;1509;99.0;2.3;2.8;32.3;34.6;195;240;44.8;-7.3;154;154;50.0;-5.1;1;157;69
6227;26;26;16;2;5;0;8;1;0;0;0;0;0;25;3;9;13;61;59;63;29;18508;1019;655;99.9;2.9;2.9;31.1;30.7;235;247;48.8;-2.7;184;193;48.8;-0.7;1;0;0
6235;152;152;13;1;5;-6;2;0;1;0;0;0;0;16;15;6;10;65;63;63;12;10626;825;632;98.8;2.4;4.1;20.7;32.2;102;139;42.3;-1.6;77;107;41.8;-1.8;1;24;9
6236;23;23;14;0;3;-5;7;0;0;0;0;1;0;16;1;10;34;62;57;66;26;14824;592;236;95.9;2.2;3.4;36.2;33.5;238;226;51.3;0.9;170;159;51.7;2.4;0;0;0
6239;149;149;14;3;1;-2;2;0;1;0;0;0;0;16;4;8;14;62;56;67;19;10709;816;637;104.2;2.4;3.0;20.5;41.3;103;211;32.8;1.5;76;165;31.5;-1.0;1;3;1
6240;144;8;15;2;11;10;6;0;0;0;0;0;0;10;1;6;2;70;61;76;28;12906;431;905;102.3;4.7;2.2;39.0;22.6;264;120;68.8;13.6;193;93;67.5;13.1;0;18;9
6242;78;8;16;2;8;4;25;1;5;0;0;1;0;29;8;7;40;69;53;84;55;15051;5533;3821;98.8;2.9;1.9;38.5;22.0;290;162;64.2;15.4;224;123;64.6;16.4;0;0;0
6243;150;150;13;1;2;-4;4;0;0;0;0;0;0;5;1;9;7;62;56;68;6;8580;836;864;100.3;2.1;3.8;20.6;38.2;102;144;41.5;-1.5;75;111;40.3;-1.8;0;4;1
6244;0;0;7;0;1;-10;2;0;0;0;0;0;0;7;6;0;3;58;57;53;9;4950;937;0;80.7;0.7;7.3;29.8;33.4;70;77;47.6;0.6;53;54;49.5;2.1;0;0;0
6245;45;28;14;2;8;4;6;0;0;0;0;0;0;27;6;6;16;72;56;88;36;14551;914;1658;98.8;3.5;2.2;40.3;22.8;307;168;64.6;7.0;223;124;64.3;7.4;0;0;0
6247;28;28;13;0;7;0;8;0;0;0;0;0;0;16;2;11;14;60;55;65;27;14308;163;442;98.4;3.0;2.8;38.0;28.9;240;191;55.7;-1.0;177;137;56.4;-1.4;0;0;0
6248;129;129;13;1;0;0;0;0;0;0;0;0;0;3;4;2;9;59;50;70;15;5725;1339;62;100.6;1.3;1.3;29.6;34.6;76;105;42.0;-2.4;57;81;41.3;-2.4;0;8;2
6249;19;19;14;3;7;7;4;0;0;0;1;0;0;14;16;7;6;65;58;69;18;12218;720;1635;105.8;4.1;2.4;27.4;25.3;154;149;50.8;3.7;101;102;49.8;2.6;0;121;61
6251;147;147;14;1;0;-6;0;0;0;0;0;0;0;11;6;1;15;62;48;76;11;12235;463;861;101.9;1.5;2.9;15.9;40.0;100;253;28.3;-2.4;67;193;25.8;-5.0;0;0;0
6252;47;47;8;0;0;-5;0;0;0;0;0;0;0;4;2;0;7;54;52;53;7;3660;215;1787;89.1;0.0;4.9;18.7;45.2;30;82;26.8;-10.3;26;63;29.2;-8.1;0;36;16
6253;25;25;15;1;9;1;4;0;0;0;0;0;0;18;2;14;26;64;59;66;30;17405;23;935;101.0;4.1;3.9;34.3;35.6;262;259;50.3;0.6;197;198;49.9;1.5;0;0;0
6254;17;17;17;2;3;-6;4;0;0;0;0;0;0;22;18;10;14;67;64;67;22;14485;789;384;99.1;1.7;3.2;27.6;44.7;197;254;43.7;1.4;135;202;40.1;-0.9;1;5;1
6255;26;26;7;1;0;-1;2;0;0;0;0;0;0;3;5;1;4;59;52;63;9;4707;304;58;98.2;1.5;2.3;34.4;36.7;64;66;49.2;-2.0;54;59;47.8;-0.8;0;47;25
6257;156;156;16;6;6;-2;19;0;0;0;0;0;0;22;24;18;2;65;58;72;39;16782;3291;81;98.2;3.4;3.6;30.5;27.9;207;201;50.7;-1.2;157;155;50.3;-1.4;2;284;129
6258;152;152;13;3;8;-5;6;0;5;1;0;0;0;25;13;9;7;67;62;70;21;10721;2793;627;97.1;2.4;4.0;29.5;37.3;131;164;44.4;1.3;108;123;46.8;5.1;0;144;67
6260;145;3;15;6;4;0;4;2;1;0;0;0;0;35;3;4;5;71;66;70;43;12172;3614;29;98.1;2.7;2.1;32.8;20.7;227;140;61.9;3.8;162;103;61.1;3.0;2;12;6
6261;156;154;16;4;10;0;6;2;1;1;2;0;0;44;18;13;5;74;73;73;54;18777;3164;581;97.8;2.7;2.9;30.7;26.3;231;217;51.6;0.1;179;172;51.0;-0.4;0;23;13
6263;145;3;15;4;3;8;10;0;0;0;0;0;0;13;2;4;10;73;61;82;38;12672;1887;429;105.1;3.4;0.9;35.5;18.8;228;140;62.0;3.9;168;99;62.9;5.4;0;175;87
6264;45;28;16;2;3;4;12;0;0;0;0;0;0;17;7;1;14;62;53;73;24;14338;193;1592;100.7;2.8;1.8;33.4;23.4;249;187;57.1;-0.5;189;137;58.0;1.0;0;0;0
6272;50;26;13;2;1;-2;9;0;0;0;0;1;0;7;4;1;0;62;55;69;18;6859;30;1957;95.4;2.1;3.1;35.7;29.9;130;97;57.3;0.1;96;74;56.5;-0.0;0;86;41
6273;20;20;15;3;5;4;6;1;3;0;0;0;0;13;4;19;10;63;57;71;50;13120;3294;287;104.8;3.6;1.9;32.4;31.0;182;167;52.1;3.4;129;130;49.8;-0.4;0;0;0
6274;137;137;14;2;7;5;6;0;3;0;0;0;0;10;6;5;16;71;60;83;28;13006;3140;633;102.7;3.0;2.2;30.4;30.2;200;185;51.9;1.7;151;140;51.9;2.3;0;0;0
6275;144;8;9;1;1;5;4;0;0;0;0;0;0;8;1;3;5;58;51;63;16;7066;170;799;105.6;5.6;3.1;33.6;27.5;119;90;56.9;-2.0;87;69;55.8;-3.1;0;0;0
6276;34;2;10;2;2;-5;0;1;2;0;0;0;0;8;7;2;4;60;55;64;12;6934;1404;494;99.3;2.1;4.2;23.9;44.1;78;132;37.1;-10.3;61;102;37.4;-8.4;1;12;3
6278;149;149;14;7;3;-1;10;0;1;0;0;0;0;19;3;9;11;64;57;70;34;13455;1742;469;103.8;2.4;2.4;23.0;36.1;131;269;32.8;1.6;105;204;34.0;2.5;1;234;105
6279;25;25;15;4;3;-4;29;0;1;0;0;1;0;19;5;15;20;61;58;64;47;16072;2460;607;99.1;3.8;4.5;33.2;36.3;246;248;49.8;-0.2;174;191;47.7;-2.0;0;0;0
6281;156;156;16;4;3;-2;5;0;1;0;0;0;0;17;14;13;5;62;56;67;28;14215;717;54;97.9;1.8;2.0;30.6;25.6;192;162;54.2;3.8;140;124;53.0;2.5;1;173;79
6282;137;137;14;3;1;-2;2;0;0;0;0;0;0;6;1;10;14;60;56;62;9;8892;0;1036;97.1;1.6;3.6;23.9;37.7;130;156;45.5;-6.9;81;118;40.7;-12.3;1;19;11
6285;43;17;13;0;2;0;4;0;0;0;0;0;0;13;2;4;19;65;50;81;15;12261;139;1840;101.1;3.2;3.2;27.6;30.5;164;189;46.5;1.7;122;149;45.0;0.6;0;0;0
6286;140;140;14;1;4;1;0;0;1;0;0;0;0;6;4;4;0;58;55;57;18;11037;538;655;101.9;3.6;3.6;27.4;32.0;147;184;44.4;-0.7;108;145;42.7;-2.2;0;20;9
6289;127;31;13;2;5;-3;6;0;0;0;0;0;0;15;11;4;3;64;55;65;23;11782;905;235;93.7;3.7;4.6;34.8;27.2;209;151;58.1;11.6;155;111;58.3;11.9;0;161;95
6290;156;154;16;0;6;-4;8;0;0;0;1;0;0;29;11;12;11;61;56;66;28;18536;910;806;98.2;1.6;2.3;24.9;28.9;195;227;46.2;-8.2;153;177;46.4;-7.6;0;0;0
6291;143;18;15;1;1;-3;18;0;0;0;0;0;0;15;4;1;11;57;52;58;14;10201;258;258;98.3;1.4;2.5;26.1;34.6;128;188;40.5;-4.7;98;127;43.6;-1.0;1;30;17
6294;140;140;14;4;2;-9;4;0;0;0;0;0;0;15;4;8;7;59;55;59;18;10105;635;1894;93.6;2.9;6.1;22.1;31.4;119;162;42.3;-3.3;86;126;40.6;-4.8;0;14;6
6295;142;23;13;11;7;13;38;1;1;0;0;0;0;11;7;2;3;69;67;66;51;12312;1029;269;101.5;5.3;1.2;53.5;14.0;297;103;74.3;-0.3;223;70;76.1;1.2;1;1;0
6298;127;31;12;6;8;-4;2;4;3;0;0;0;0;21;6;4;7;72;61;81;27;10009;2575;79;98.8;3.2;4.0;25.5;28.4;132;155;46.0;-7.8;105;114;47.9;-5.5;1;194;94
6299;58;24;11;2;5;9;2;0;0;0;1;0;0;16;1;1;17;65;53;77;16;9732;41;1068;107.8;5.5;2.6;35.1;32.6;173;157;52.4;-2.6;132;120;52.4;-2.5;0;0;0
6300;150;150;13;0;2;-5;4;0;0;0;0;0;0;17;2;1;13;62;54;65;18;11012;85;1194;96.8;1.0;2.6;21.6;33.7;139;167;45.4;3.9;101;132;43.3;2.3;0;10;3
6302;53;53;15;1;0;-9;8;0;0;0;0;0;0;13;1;5;20;60;50;74;9;13951;80;1949;94.9;1.8;3.9;29.4;34.3;196;244;44.5;3.9;151;175;46.3;4.1;0;0;0
6303;126;124;14;3;9;6;4;0;1;0;1;0;0;16;3;5;21;65;58;72;44;16282;2307;770;99.8;4.0;2.7;34.3;22.6;279;191;59.4;3.2;213;143;59.8;4.8;0;0;0
6305;148;148;15;0;1;1;0;0;0;0;0;0;0;4;3;2;1;54;51;54;14;6533;9;1130;99.3;3.3;2.8;36.9;28.7;109;89;55.1;-8.3;84;71;54.2;-9.1;0;3;0
6307;33;29;16;0;0;-5;2;0;0;0;0;0;0;6;2;0;0;50;48;54;7;11547;0;1060;96.7;1.6;3.4;27.4;38.3;153;239;39.0;-10.8;125;177;41.4;-9.3;0;0;0
6310;145;3;15;1;2;-1;4;0;1;0;0;0;0;14;2;4;7;64;54;71;24;7833;1243;266;94.2;1.4;1.8;33.1;18.4;141;89;61.3;2.7;99;68;59.3;0.3;0;107;62
6311;127;31;15;6;7;2;10;0;2;0;0;0;0;27;2;3;15;65;66;55;31;14125;486;864;100.9;4.3;3.8;32.9;31.1;228;211;51.9;1.3;177;161;52.4;2.1;1;20;11
6314;147;147;14;1;1;-7;6;1;1;0;0;0;0;9;5;5;9;57;52;59;10;9691;2755;0;96.8;1.1;3.3;18.2;36.0;90;184;32.8;3.7;66;140;32.0;3.7;0;11;7
6315;3;3;13;2;2;-2;0;0;0;0;0;0;0;3;3;2;1;57;54;55;11;7235;9;15;100.7;3.5;4.5;27.9;37.8;107;125;46.1;-3.2;70;91;43.5;-7.1;0;90;54
6320;135;2;15;5;5;3;12;0;0;1;0;0;0;44;2;6;18;71;64;73;47;14471;136;1498;97.4;2.5;2.0;32.8;19.7;264;165;61.5;6.3;197;117;62.7;7.3;2;18;6
6322;14;14;14;5;8;4;8;4;2;0;0;0;0;21;21;7;10;72;71;72;42;13506;2217;38;101.7;4.0;2.7;40.0;32.3;248;203;55.0;3.9;172;149;53.6;3.3;0;8;3
6324;149;149;12;0;2;-5;19;0;0;0;0;0;0;10;4;7;18;59;49;72;13;11520;1316;856;100.9;1.6;3.1;19.1;42.8;99;230;30.1;0.4;75;172;30.4;0.1;0;0;0
6325;128;128;14;3;3;-8;16;0;0;0;0;0;0;13;5;5;10;56;52;58;11;11541;100;1324;103.6;2.2;4.7;16.5;48.7;87;273;24.2;-2.6;71;211;25.2;-1.6;0;26;13
6326;144;8;15;3;7;-5;2;1;4;0;0;0;0;14;3;2;0;67;58;74;24;6315;3440;13;95.7;3.4;6.3;22.8;32.5;78;101;43.6;-17.9;58;82;41.4;-19.3;0;6;5
6329;25;25;15;2;4;0;12;0;0;0;0;0;0;18;15;8;20;65;58;73;14;11562;30;2102;100.7;3.4;3.4;32.1;34.2;156;162;49.1;-1.1;124;126;49.6;0.8;1;34;13
6330;24;24;14;3;4;2;2;0;0;1;0;0;0;10;10;8;6;62;59;63;22;10725;296;460;106.2;3.7;3.0;23.5;31.9;128;159;44.6;1.3;82;106;43.6;-1.6;0;9;3
6335;19;19;9;0;4;4;2;0;0;0;0;0;0;11;3;1;8;60;56;61;18;9452;340;827;105.7;4.2;2.7;30.5;33.1;132;140;48.5;3.8;87;100;46.5;2.0;0;0;0
6336;3;3;13;2;6;7;6;0;0;1;0;0;0;16;3;6;21;62;56;66;28;13691;217;593;103.6;4.5;2.9;38.1;35.8;227;213;51.6;4.2;170;167;50.4;1.6;0;0;0
6341;147;147;14;0;0;-14;4;0;0;0;0;0;0;7;3;3;13;58;51;63;7;7182;1890;482;85.7;0.0;7.0;14.0;49.1;48;162;22.9;-8.7;35;126;21.7;-9.2;0;117;57
6342;126;126;14;0;0;8;10;0;0;0;0;0;0;10;8;1;10;61;49;78;8;14051;14;687;103.6;3.3;1.5;31.3;21.8;240;168;58.8;2.1;174;130;57.2;0.7;0;0;0
6343;140;17;14;4;3;-5;0;0;0;0;0;0;0;8;3;3;10;61;55;64;22;11205;232;517;93.5;2.2;3.9;24.7;24.7;136;163;45.5;0.7;102;118;46.4;2.7;0;10;8
6344;2;2;15;2;9;2;8;0;1;0;0;0;0;21;12;8;3;67;64;68;28;13732;2541;0;97.5;3.7;3.1;37.5;25.7;231;170;57.6;0.6;159;121;56.8;-1.1;1;1;1
6345;23;23;14;1;2;2;7;0;0;0;0;1;0;21;7;4;9;65;59;69;15;11175;220;820;102.2;1.9;1.3;31.2;32.2;173;162;51.6;1.2;116;115;50.2;0.2;0;49;24
6346;31;31;16;0;3;2;2;0;0;0;0;0;0;11;5;3;23;57;50;65;24;15557;56;471;102.4;2.8;2.3;32.6;37.7;215;276;43.8;-1.1;166;189;46.8;2.7;0;0;0
6347;149;149;14;2;5;-4;4;0;1;0;0;0;0;13;7;3;4;64;57;68;18;12374;1908;289;105.4;2.3;3.5;17.2;42.8;109;243;31.0;-1.0;80;183;30.4;-2.6;0;223;119
6348;126;124;14;5;10;1;2;2;0;0;0;0;0;12;5;12;15;74;67;77;38;13609;603;1381;93.8;3.4;3.2;37.3;20.6;263;137;65.8;12.2;202;107;65.4;12.6;1;41;25
6349;151;152;11;1;2;-5;2;0;0;0;0;0;0;8;1;3;6;59;54;61;6;5137;132;624;93.3;2.1;5.6;18.9;31.5;54;69;43.9;-7.8;38;52;42.2;-10.9;0;53;28
6350;149;149;14;1;1;-5;2;0;0;0;0;0;0;15;8;6;11;60;52;67;13;9732;0;1524;96.2;1.1;3.3;21.1;36.6;96;173;35.7;5.1;76;129;37.1;6.2;0;37;17
6353;125;125;8;0;1;-4;0;0;0;0;0;0;0;8;1;1;3;60;54;60;7;2903;1083;320;89.8;1.2;6.2;21.1;38.4;29;57;33.7;-7.0;24;47;33.8;-6.1;0;4;2
6354;139;139;14;4;5;3;2;1;1;0;0;0;0;8;5;6;1;64;58;66;25;10997;869;611;106.9;3.6;2.6;25.2;35.4;155;175;47.0;-7.9;110;139;44.2;-11.7;2;14;9
6355;139;139;14;1;1;-1;0;0;0;0;0;0;0;34;3;4;1;63;57;61;14;9468;178;976;99.8;1.5;1.9;22.4;27.4;121;141;46.2;-8.4;85;97;46.7;-7.5;0;27;14
6356;147;9;14;3;3;-4;19;0;0;1;1;1;1;26;8;8;25;69;55;83;19;11903;145;2406;101.3;2.1;3.6;19.1;36.9;114;213;34.9;6.7;85;161;34.6;7.4;0;218;101
6357;133;26;13;1;6;0;8;1;3;0;0;0;0;13;1;0;6;61;59;59;36;11180;2346;0;97.7;4.2;3.9;32.8;25.8;181;156;53.7;3.2;136;118;53.5;4.5;0;0;0
6358;145;3;15;2;5;1;6;0;0;0;0;0;0;20;6;8;28;63;51;74;28;16470;550;1971;97.0;2.0;1.7;32.8;19.5;284;169;62.7;5.5;207;129;61.6;4.0;1;0;0
6359;10;10;14;1;4;-3;6;0;1;0;0;0;0;18;2;11;16;62;58;66;29;15216;1066;318;99.3;2.8;3.5;29.3;34.3;189;219;46.3;0.7;148;166;47.1;1.2;0;0;0
6360;1;1;15;1;11;1;2;0;0;0;0;0;0;12;20;9;10;64;61;63;31;14072;1;369;98.6;3.3;3.3;39.4;33.8;245;218;52.9;4.1;180;147;55.0;2.0;0;9;6
6361;1;1;15;3;7;5;2;0;0;0;0;0;0;6;10;11;7;62;56;64;20;10750;1;375;101.1;4.4;3.0;40.2;30.8;183;170;51.8;2.3;138;109;55.9;2.8;0;153;79
6362;134;134;15;5;4;-9;16;1;0;0;0;0;0;18;5;4;10;59;57;55;22;12269;1520;116;103.7;2.9;5.3;18.8;44.3;114;269;29.8;-12.5;87;187;31.8;-11.1;0;223;108
6363;37;37;10;1;4;-1;0;0;1;0;0;0;0;3;4;3;11;61;57;63;8;6626;972;472;102.0;3.8;4.3;23.4;30.4;71;110;39.2;-6.5;56;81;40.9;-5.2;0;27;15
6369;150;150;13;1;2;-2;11;0;0;0;0;0;0;18;4;5;9;72;50;89;12;13040;366;1125;100.0;1.4;1.9;20.7;29.0;157;174;47.4;6.9;112;139;44.6;4.2;0;0;0
6370;55;9;14;1;1;-3;4;0;0;0;0;0;0;6;8;2;18;62;53;70;21;9439;615;2372;94.7;1.5;2.7;34.3;27.5;150;147;50.5;-0.2;110;104;51.4;1.3;0;107;57
6375;149;149;14;0;3;-6;6;0;0;0;1;0;0;37;6;7;10;66;50;78;14;17200;949;2026;100.3;1.7;3.1;18.4;35.8;161;319;33.5;3.0;124;240;34.1;2.9;0;1;0
6376;133;26;15;10;8;1;6;3;3;0;0;0;0;18;6;3;16;69;64;70;51;11800;2939;860;101.6;4.3;3.7;34.8;34.2;187;193;49.2;-0.7;146;148;49.7;1.5;2;223;120
6379;134;134;14;1;1;-3;4;0;0;0;0;0;0;4;5;0;0;52;50;50;11;8198;0;94;98.6;1.8;3.1;27.2;39.1;106;157;40.3;0.7;85;115;42.5;2.0;0;5;4
6381;27;27;13;0;4;-8;6;0;1;0;0;0;0;7;10;7;7;61;56;65;9;12194;464;176;97.4;2.1;4.4;28.3;44.6;154;239;39.2;-5.3;108;185;36.9;-7.0;0;158;87
6383;126;126;14;3;3;-3;0;0;0;0;0;0;0;16;6;3;13;59;54;61;20;13035;1594;822;98.1;3.0;3.6;30.9;30.7;213;194;52.3;-7.4;157;149;51.3;-8.0;1;0;0
6387;137;137;14;1;4;-2;4;0;0;0;2;0;0;21;6;7;17;61;50;73;13;15681;111;2349;98.6;2.1;2.5;26.6;27.5;251;212;54.2;5.5;173;155;52.7;3.8;0;0;0
6389;133;133;15;0;5;4;11;0;0;0;0;1;0;5;5;3;2;54;52;52;10;9296;24;0;106.7;4.3;2.7;27.9;31.8;133;155;46.2;-4.5;97;120;44.7;-4.9;0;12;4
6391;148;30;4;0;0;3;0;0;0;0;0;0;0;2;2;1;6;66;50;84;3;3729;54;215;109.7;2.9;0.0;29.9;36.7;54;68;44.3;-16.1;41;52;44.1;-16.3;0;0;0
6392;137;137;14;5;9;2;37;0;1;1;1;1;0;24;8;4;13;66;64;66;36;13493;2878;670;96.9;3.5;3.5;33.1;25.6;219;174;55.7;7.2;159;132;54.6;6.3;2;27;16
6393;149;149;14;1;2;-3;6;0;0;0;0;0;0;8;2;3;5;57;52;56;10;10932;927;0;103.9;2.0;3.0;17.1;38.9;86;218;28.3;-4.5;66;160;29.2;-4.1;0;19;11
6397;149;149;14;1;2;-4;8;1;0;0;0;0;0;12;4;6;10;66;56;73;17;11214;1045;444;100.0;1.3;2.2;21.8;38.2;113;200;36.1;5.9;90;155;36.7;6.1;0;19;5
6399;12;12;13;2;6;0;12;0;1;0;0;0;0;19;14;9;6;66;63;67;29;11285;1965;54;98.5;3.5;3.2;37.3;29.3;195;146;57.2;-1.9;141;109;56.4;-2.1;0;3;3
6400;47;47;8;0;3;0;0;0;0;0;0;0;0;7;2;2;5;60;51;66;5;3008;15;1977;107.2;3.6;3.6;27.5;61.0;33;93;26.2;-11.5;27;65;29.3;-8.7;0;25;12
6401;26;26;16;5;10;-8;8;0;2;0;0;0;0;14;20;11;5;64;63;62;31;15670;1991;436;96.2;3.4;5.1;31.0;34.0;233;218;51.7;1.7;157;168;48.3;-1.4;2;208;98
6402;147;9;14;3;3;-5;20;0;0;1;1;0;0;22;3;11;6;70;58;80;14;11290;363;2323;104.9;2.2;4.5;15.0;44.6;92;243;27.5;-3.5;65;188;25.7;-5.0;1;182;98
6405;138;138;14;1;2;4;2;0;0;0;0;0;0;13;1;5;12;60;52;69;24;13412;1205;1262;104.2;4.0;3.0;27.4;28.2;203;197;50.7;-4.9;139;148;48.4;-7.5;0;0;0
6406;148;30;15;4;5;5;0;0;2;0;0;0;0;11;4;1;5;64;60;65;29;11461;924;1046;101.5;3.5;1.9;35.5;22.9;217;139;61.0;-1.7;152;95;61.5;-0.6;1;17;8
6408;138;138;14;2;5;5;2;0;0;0;0;0;0;9;1;8;4;63;55;69;18;8111;755;176;108.3;4.0;1.3;29.7;25.7;123;105;53.9;-0.1;91;80;53.2;-0.4;0;2;2
6412;128;128;14;1;1;-11;19;0;0;0;0;1;0;34;8;2;7;59;50;65;6;11887;162;530;98.2;0.9;4.2;13.3;49.4;82;294;21.8;-5.9;59;217;21.4;-6.9;0;15;4
6415;17;17;17;0;0;-10;15;0;0;0;0;1;1;26;4;11;12;60;56;59;36;16728;1292;296;96.8;2.2;4.1;27.8;37.2;211;250;45.8;4.4;146;201;42.1;1.9;0;1;1
6416;150;150;13;1;2;-1;4;1;0;0;0;0;0;11;4;1;3;57;52;61;16;5836;1337;102;102.6;1.2;1.9;16.0;36.4;47;101;31.8;-12.5;36;76;32.1;-11.1;0;70;39
6417;137;137;14;3;3;1;2;0;1;0;0;0;0;12;3;3;9;65;60;67;35;12028;1567;54;98.5;2.4;2.1;35.6;25.4;205;158;56.5;8.0;152;118;56.3;8.5;1;2;1
6418;150;150;13;1;5;3;4;0;1;0;0;0;0;26;6;0;3;66;60;66;21;11495;1509;0;106.0;2.8;1.9;24.1;32.9;151;180;45.6;4.3;115;139;45.3;5.1;0;10;2
6420;21;21;14;1;7;4;12;0;0;0;0;0;0;16;2;12;13;62;57;67;33;15412;760;590;103.6;3.5;2.3;32.2;32.0;219;207;51.4;-2.5;155;163;48.7;-5.6;0;0;0
6423;137;137;14;1;2;0;14;0;0;1;0;0;0;12;4;4;3;57;52;60;26;13593;196;644;98.4;3.2;3.4;30.2;28.3;209;197;51.5;1.1;148;134;52.5;3.1;0;0;0
6424;45;28;16;4;5;3;12;1;0;0;0;0;0;14;1;3;15;66;60;71;31;13397;953;184;101.6;3.2;2.1;32.5;25.8;233;171;57.7;0.3;172;125;57.9;0.9;0;2;1
6426;28;28;13;2;5;2;8;1;0;0;0;0;0;16;6;13;9;64;60;67;13;11239;503;441;97.1;4.2;3.2;46.1;26.9;207;134;60.7;6.0;160;97;62.3;6.9;0;130;68
6427;137;137;14;1;5;0;18;0;0;1;1;0;0;26;3;2;10;54;51;55;19;12879;15;1387;99.5;2.8;3.6;29.1;35.8;175;217;44.6;-8.9;133;168;44.2;-9.2;0;0;0
6429;47;47;14;0;0;-7;4;0;0;0;0;0;0;9;2;1;4;57;51;64;9;6070;1304;27;92.9;0.6;4.7;17.2;45.1;52;147;26.1;-8.9;38;109;25.9;-10.5;0;97;45
6431;7;7;15;6;9;-3;4;1;3;0;1;0;0;24;24;3;6;74;81;60;64;16620;1500;181;95.6;2.6;3.5;39.2;31.4;273;210;56.5;6.9;211;163;56.4;8.3;1;34;12
6432;8;8;15;5;6;-2;2;0;2;0;0;0;0;15;16;15;5;64;58;69;34;13733;2421;238;96.5;3.4;3.9;36.4;30.7;218;180;54.8;1.5;171;133;56.3;4.0;1;228;126
6433;30;30;14;4;12;10;4;0;6;0;1;0;0;19;15;18;11;74;63;85;21;10228;3074;2542;113.3;4.6;0.7;27.8;22.2;122;108;53.0;0.4;95;74;56.2;-0.7;2;197;97
6434;17;17;17;4;4;-10;4;1;2;0;0;0;0;23;12;11;11;66;61;71;17;14790;2668;489;96.5;2.2;4.4;29.0;39.4;180;240;42.9;0.3;135;193;41.2;0.6;0;216;105
6435;152;152;13;4;3;-6;0;3;0;0;1;0;0;24;3;17;21;70;66;75;44;15254;2719;1746;97.6;1.9;3.3;24.5;32.8;156;210;42.6;-1.4;128;156;45.1;3.0;0;0;0
6436;24;24;14;5;7;-2;13;0;1;0;1;1;1;16;7;6;35;63;60;66;45;17435;1511;543;100.4;3.5;3.9;29.3;33.9;218;272;44.5;1.5;160;191;45.6;1.3;2;0;0
6437;28;28;13;5;0;5;4;0;0;0;0;0;0;15;11;5;12;68;67;65;26;11704;286;467;101.1;4.3;2.8;38.8;27.7;201;162;55.4;-1.4;142;106;57.3;-0.0;1;16;10
6438;28;28;13;1;2;2;4;0;0;0;0;0;0;13;0;10;16;60;56;62;22;13155;68;1199;99.5;4.7;4.1;38.3;32.6;221;170;56.5;0.3;164;131;55.6;-2.5;0;0;0
6439;3;3;13;0;5;-5;2;0;0;0;1;0;0;4;2;11;2;61;55;64;7;8309;0;1024;93.6;1.7;4.3;29.9;35.5;114;152;42.9;-7.3;84;105;44.4;-6.1;0;104;60
6440;10;10;14;2;4;-7;7;0;0;0;0;1;0;5;12;7;5;57;55;58;12;9107;203;89;96.3;2.8;5.5;26.9;39.5;108;148;42.2;-4.7;78;117;40.0;-8.1;0;61;40
6441;10;10;14;3;4;-4;2;0;0;0;1;0;0;14;3;15;33;63;56;71;24;15462;603;1481;96.5;2.6;3.7;30.5;31.2;205;226;47.6;2.6;154;162;48.7;3.6;1;0;0
6442;45;28;16;6;5;7;28;0;1;1;0;0;0;26;4;5;6;73;68;75;42;14937;1059;2533;103.0;2.9;1.2;36.9;25.1;305;170;64.2;9.9;224;136;62.2;7.3;1;293;152
6444;23;23;14;3;3;-7;4;0;0;0;0;0;0;23;12;5;11;66;62;69;35;11251;492;1962;95.2;1.9;4.2;33.9;39.7;177;187;48.6;-2.8;127;147;46.4;-5.2;0;38;12
6445;26;26;16;2;3;-11;12;1;1;0;0;0;0;30;15;13;15;68;64;69;26;14792;2142;2067;93.5;2.9;5.1;31.2;32.1;207;201;50.7;0.3;149;151;49.7;0.6;0;28;10
6447;9;9;13;2;7;1;13;0;0;1;1;1;0;14;12;11;6;65;60;70;27;10192;60;1320;96.7;3.2;3.5;38.1;30.4;174;142;55.1;3.5;120;101;54.3;1.4;0;134;62
6448;18;18;16;3;10;1;10;0;0;0;1;0;0;24;14;14;7;68;61;70;38;15519;769;380;100.1;3.2;3.2;34.3;34.6;231;235;49.6;-0.9;164;172;48.8;0.1;0;173;95
6449;14;14;14;7;2;2;2;0;1;0;0;0;0;19;14;10;5;69;68;66;49;11610;2156;61;100.3;3.4;2.5;42.8;32.2;217;168;56.4;5.5;150;128;54.0;3.6;1;4;1
6450;30;30;14;3;2;6;15;0;0;0;0;1;0;33;15;7;2;72;66;72;21;11114;470;529;106.9;2.6;0.6;26.2;21.7;118;104;53.2;0.5;95;75;55.9;-1.2;2;8;4
6451;25;25;15;4;5;-6;6;0;1;0;0;0;0;22;17;12;4;66;65;64;34;13483;632;1980;96.4;2.7;4.0;31.5;33.1;187;186;50.1;0.3;134;140;48.9;-0.1;0;1;0
6452;7;7;13;2;2;-4;2;0;0;0;0;0;0;3;4;10;1;57;53;59;6;6316;0;0;94.0;2.8;5.1;32.5;34.8;98;93;51.3;-0.8;66;67;49.6;-1.5;0;62;32
6453;29;29;14;5;2;4;2;0;0;2;1;0;0;15;11;9;2;62;56;65;22;6784;298;1943;101.0;3.2;2.7;37.1;35.0;103;98;51.2;-3.3;74;76;49.3;-5.5;0;6;2
6454;155;154;13;1;4;1;10;0;0;0;0;0;0;6;0;4;6;63;57;68;17;8014;381;1791;96.9;2.7;2.2;34.6;20.7;169;87;66.0;0.5;119;59;66.9;1.2;1;44;22
6455;131;1;14;5;7;12;10;0;1;0;0;0;0;9;2;3;6;67;65;65;24;11669;1086;1173;107.2;4.6;1.2;33.6;18.8;189;125;60.2;-6.6;139;91;60.4;-5.6;1;13;4
6456;24;24;14;1;7;4;19;0;5;0;0;1;1;17;2;18;13;69;66;72;28;14253;3319;512;106.0;3.0;2.3;23.7;33.6;152;201;43.1;-0.8;117;153;43.3;-2.2;0;0;0
6457;27;27;13;4;4;-3;0;1;0;0;0;0;0;20;8;9;8;73;73;72;30;10750;2413;81;100.6;2.7;3.3;29.1;38.8;138;181;43.3;0.4;98;142;40.8;-1.2;0;4;3
6458;2;2;15;4;4;4;8;1;0;0;0;0;0;17;3;8;9;62;60;61;33;15384;824;141;99.7;3.7;2.8;37.2;27.1;239;187;56.1;-1.6;186;138;57.4;-0.2;1;0;0
6459;14;14;14;0;6;-4;6;0;0;0;0;0;0;22;17;16;18;68;61;73;38;14605;87;1585;96.7;2.5;3.5;37.0;34.8;236;207;53.3;1.4;169;162;51.1;-0.3;0;37;17
6460;55;9;14;6;4;-5;2;3;2;0;0;0;0;18;1;7;6;65;58;64;28;9805;1642;49;97.4;1.8;3.3;30.1;37.8;161;168;48.9;-2.3;114;125;47.7;-3.7;1;10;5
6461;139;19;14;3;5;-1;2;0;2;0;0;0;0;21;7;2;5;68;60;74;47;13424;2385;541;96.5;2.4;2.7;31.1;23.9;212;160;57.0;6.1;166;123;57.4;7.0;1;12;3
6462;3;3;13;1;2;-1;14;0;0;0;0;2;2;16;2;4;37;60;51;69;12;13212;169;1258;98.2;3.3;3.5;34.3;31.3;201;215;48.3;-0.6;152;141;51.9;3.5;0;0;0
6463;53;8;15;4;7;-4;10;0;0;0;0;0;0;18;4;9;9;69;63;73;45;14809;1587;2303;100.1;3.6;3.9;34.0;36.7;212;272;43.8;3.0;176;208;45.8;3.7;0;196;105
6465;1;1;15;5;4;2;4;0;0;0;0;0;0;15;17;5;18;65;60;68;26;11181;57;1151;101.0;4.2;3.5;36.7;34.1;177;191;48.1;-2.6;131;125;51.2;-3.3;1;39;18
6466;20;20;15;4;11;9;4;0;4;0;0;0;0;22;23;9;9;70;65;75;27;14546;3216;0;107.4;4.0;1.2;35.1;32.2;220;222;49.8;0.1;159;158;50.2;0.1;1;11;7
6467;43;17;12;3;3;6;8;0;0;0;0;0;0;11;2;5;43;67;51;85;12;11129;404;2959;109.4;3.9;1.9;25.2;32.3;143;176;44.8;0.1;102;133;43.4;-1.3;0;0;0
6468;1;1;15;6;5;-3;2;0;0;1;0;0;0;12;16;11;7;63;64;58;39;14853;355;393;94.6;3.4;4.4;38.5;30.8;248;234;51.5;2.0;183;149;55.1;2.1;1;0;0
6469;124;124;14;0;2;-5;4;0;0;0;0;0;0;19;3;15;17;59;52;65;27;13648;342;1356;93.5;2.6;4.2;40.9;32.7;240;185;56.5;0.8;174;139;55.6;-0.2;0;0;0
6470;3;3;13;3;7;8;2;2;1;0;0;0;0;13;14;14;10;72;60;83;15;13138;1867;1310;106.0;4.1;1.6;38.4;35.1;230;205;52.9;6.1;171;149;53.4;6.0;0;214;119
6473;141;25;15;9;8;14;6;0;1;0;0;0;0;14;8;11;9;75;65;80;50;15936;1208;942;107.2;4.1;0.9;34.3;19.4;307;167;64.8;2.1;222;117;65.5;1.8;1;218;98
6474;130;14;12;4;5;5;4;1;1;0;0;0;0;13;3;4;6;64;60;64;26;10960;1524;206;103.1;4.3;2.6;32.8;26.6;193;155;55.5;5.0;143;105;57.7;6.0;0;17;7
6475;134;21;15;3;2;-2;10;0;0;1;0;0;0;30;6;8;44;75;57;92;29;17949;995;1264;103.7;3.4;3.8;27.5;43.7;220;364;37.7;-2.3;174;272;39.0;-1.9;0;0;0
6476;139;19;14;4;7;-4;6;3;2;0;0;0;0;8;2;4;6;67;61;68;27;11789;2568;29;94.4;2.4;3.7;27.2;25.0;167;137;54.9;2.9;128;107;54.5;2.4;0;200;111
6477;59;1;15;1;2;3;10;0;0;0;0;0;0;7;2;1;3;59;56;56;18;10553;304;124;101.9;2.4;1.4;32.7;25.2;181;134;57.5;4.3;144;98;59.5;5.7;0;11;6
6478;151;152;15;1;9;8;8;0;3;0;0;0;0;26;4;4;15;68;58;77;56;17190;2649;724;106.1;3.1;1.5;27.6;27.9;233;237;49.6;-4.0;177;175;50.3;-4.1;0;0;0
6479;156;154;16;1;4;6;2;0;0;0;1;0;0;44;3;15;19;64;55;72;32;18363;165;1939;99.9;3.5;2.4;34.5;22.7;255;190;57.3;9.1;194;145;57.2;9.5;0;0;0
6480;156;154;16;6;3;5;4;0;0;2;1;0;0;18;10;6;2;61;54;64;23;8230;9;662;102.5;3.1;2.2;23.6;21.0;76;75;50.3;-1.4;60;59;50.4;-0.9;1;48;23
6481;34;2;14;5;4;-3;8;4;1;0;0;0;0;18;3;3;4;73;65;76;34;11363;2837;86;99.8;3.2;4.1;31.7;40.2;184;204;47.4;0.8;150;170;46.9;-0.0;0;228;115
6482;139;19;6;1;2;-9;0;1;2;0;0;0;0;7;1;3;5;56;52;60;6;6201;476;465;87.6;1.2;6.4;16.8;33.1;71;100;41.5;-11.0;47;80;37.0;-16.3;0;0;0
6483;55;9;10;1;1;-5;2;0;0;0;0;0;0;11;3;3;19;53;49;56;13;8234;71;985;96.6;3.9;6.1;30.2;37.2;118;145;44.9;-4.1;86;110;43.9;-4.6;0;1;0
6484;125;124;16;3;10;4;6;0;1;0;0;0;0;32;7;2;22;69;58;81;46;15714;3528;1328;104.1;5.0;4.4;30.9;35.7;243;283;46.2;2.4;183;216;45.9;3.0;0;0;0
6487;56;21;14;3;6;6;18;1;1;0;1;0;0;14;5;2;15;67;61;71;19;12383;248;2344;106.4;2.9;1.5;26.5;31.7;169;195;46.4;-8.3;122;146;45.5;-8.6;0;17;6
6488;148;30;5;2;0;0;2;1;0;0;0;0;0;3;4;1;1;66;59;73;23;3706;608;66;100.0;0.0;0.0;44.7;16.5;80;35;69.6;15.1;57;23;71.3;18.7;0;71;44
6489;156;154;16;4;9;2;6;0;1;0;0;0;0;58;23;20;20;77;68;84;37;18141;573;1720;101.1;2.8;2.2;29.6;26.2;227;210;51.9;0.7;166;163;50.5;-1.2;1;58;27
6490;135;2;15;4;7;1;2;2;0;0;0;0;0;17;3;3;11;70;65;72;41;12805;3356;310;97.9;3.4;2.8;32.9;22.8;227;153;59.7;3.6;167;109;60.5;3.9;1;22;16
6492;132;12;14;4;3;0;6;2;0;0;0;0;0;26;2;6;7;61;56;61;26;14635;788;718;102.7;2.5;2.5;23.6;32.0;176;242;42.1;-4.7;127;181;41.2;-6.2;2;8;3
6494;148;30;3;1;1;1;0;0;0;0;0;0;0;4;1;1;2;63;60;64;10;2459;534;282;95.3;5.9;4.4;45.4;24.9;51;27;65.4;1.2;39;24;61.9;-2.0;0;0;0
6496;148;30;7;3;0;7;12;0;0;0;0;0;0;10;1;5;10;68;51;88;15;6290;56;1029;104.7;4.6;1.1;45.8;21.7;135;63;68.2;5.6;107;44;70.9;10.4;1;0;0
6497;55;9;12;1;0;-5;6;0;0;0;0;0;0;12;4;5;29;63;50;80;14;10181;234;2019;95.1;2.5;4.2;25.8;29.3;138;160;46.3;-5.0;97;116;45.5;-5.8;0;0;0
6498;1;1;15;4;8;4;23;0;0;0;0;1;1;13;5;11;66;64;53;75;37;19052;471;1155;100.3;4.7;4.0;36.8;31.7;300;316;48.7;-2.3;223;187;54.4;1.1;1;0;0
6499;139;19;13;1;5;5;4;0;0;0;0;0;0;19;3;9;19;70;52;83;18;13727;850;1103;102.0;3.7;2.4;30.9;23.9;213;155;57.9;7.3;160;119;57.3;6.6;0;0;0
6500;40;20;8;0;2;-1;20;0;0;0;0;0;0;5;3;3;25;63;49;81;9;7152;12;1590;99.5;2.5;3.0;31.7;35.7;109;133;45.0;-1.6;90;93;49.2;2.2;0;0;0
6501;27;27;13;1;4;-6;4;0;0;0;1;0;0;11;3;4;49;58;51;66;17;14578;76;1209;97.2;3.2;4.9;29.9;36.5;188;267;41.3;-2.5;139;175;44.3;3.7;0;0;0
6502;41;41;15;1;4;5;10;1;1;0;0;0;0;7;2;5;6;64;57;71;22;11957;1001;993;103.6;2.7;1.2;33.1;26.2;203;168;54.7;3.4;151;124;54.9;4.8;0;18;10
6504;30;30;14;2;1;2;0;0;0;1;0;0;0;22;15;4;8;65;57;71;12;9606;25;2468;100.3;1.5;1.1;25.9;20.6;99;93;51.6;-1.5;79;63;55.6;-1.4;1;49;23
6505;126;124;14;1;7;8;2;0;0;0;0;0;0;20;1;5;5;68;64;67;19;13930;271;1020;106.6;3.9;1.8;29.5;27.4;235;198;54.3;-4.7;170;149;53.3;-5.2;0;19;9
6506;36;3;7;0;3;-2;4;0;1;0;0;0;0;10;0;1;9;62;54;69;18;7204;817;919;95.7;3.0;4.0;36.5;32.0;122;120;50.4;2.1;99;94;51.3;2.4;0;0;0
6507;14;14;14;7;7;-4;6;2;3;0;0;0;0;14;15;19;4;68;60;76;43;15279;2290;530;98.2;2.8;3.5;36.3;37.0;248;242;50.6;-2.5;180;185;49.3;-3.0;2;238;108
6508;148;30;9;1;2;1;0;1;1;0;0;0;0;12;3;4;12;69;60;75;33;8337;2268;591;98.4;1.7;1.3;41.9;22.5;172;97;63.9;3.2;129;68;65.5;6.5;0;0;0
6509;17;17;5;0;0;-2;0;0;0;0;0;0;0;4;3;6;4;63;52;74;1;2585;0;435;95.2;1.4;4.2;23.7;39.0;27;35;43.5;-1.2;18;31;36.7;-5.3;0;39;17
6510;142;23;12;1;6;5;0;0;0;0;0;0;0;9;6;5;4;72;62;79;36;8993;2012;92;93.3;4.4;2.4;48.4;15.2;226;71;76.1;-1.5;166;50;76.9;-1.1;0;129;79
6512;156;154;16;0;3;5;6;0;0;0;0;0;0;18;5;8;26;58;51;69;19;16618;156;2035;100.5;2.6;2.2;27.1;23.8;186;186;50.0;-2.2;142;132;51.8;0.8;0;0;0
6513;138;24;14;4;9;1;2;0;4;0;0;0;0;13;4;7;9;69;63;73;39;13323;3108;314;98.0;3.8;3.0;35.4;23.5;225;164;57.8;5.6;172;130;57.0;5.1;0;231;135
6518;136;10;13;1;2;-3;4;0;0;0;0;0;0;7;8;6;4;61;54;69;19;9903;731;35;92.3;2.2;3.3;33.1;22.9;145;127;53.3;-1.9;118;90;56.7;0.9;0;143;61
6519;36;3;13;5;4;-4;4;2;1;0;0;0;0;15;4;3;10;73;66;76;42;12024;2297;1328;93.4;2.7;3.9;34.4;26.9;211;172;55.1;13.1;150;133;53.0;10.8;1;50;33
6520;20;20;6;1;2;5;4;0;0;0;0;0;0;9;2;4;9;62;52;72;14;6279;0;356;107.5;4.0;1.1;30.4;20.1;74;68;52.1;1.4;63;43;59.4;9.2;0;0;0
6521;32;23;6;1;0;-2;2;0;0;0;0;0;0;1;1;0;2;58;52;59;3;1974;35;744;94.0;1.8;5.5;21.9;38.3;29;33;46.8;-1.2;14;29;32.6;-16.5;0;21;14
6522;1;1;15;3;5;6;0;0;0;0;0;0;0;5;10;5;4;60;56;60;20;8102;351;0;107.1;5.3;2.7;34.7;32.0;115;130;46.9;-3.7;86;85;50.3;-4.0;0;0;0
6523;129;27;13;4;5;1;2;0;1;0;0;0;0;17;6;10;9;82;61;95;42;12305;3019;1267;101.5;2.9;2.6;29.5;31.3;200;178;52.9;13.1;146;136;51.8;12.3;0;25;15
6525;145;3;15;4;3;2;2;0;0;0;0;0;0;17;3;4;6;66;59;69;28;14452;104;1023;99.5;2.2;1.7;30.4;22.2;241;179;57.4;-2.5;170;133;56.1;-4.2;2;200;95
6528;1;1;15;2;4;0;2;0;0;0;0;0;0;9;1;11;18;61;57;63;31;15477;188;635;99.4;3.3;3.3;34.9;32.8;228;240;48.7;-1.9;173;171;50.3;-5.0;0;0;0
6529;127;31;12;1;0;2;4;0;0;0;0;0;0;10;4;3;3;60;51;67;10;5678;240;932;105.4;2.5;1.3;24.7;26.0;70;79;47.0;-5.0;52;61;46.0;-5.0;0;32;14
6530;37;27;4;0;3;1;0;0;0;0;2;0;0;6;0;2;11;63;52;78;0;3409;0;543;96.9;1.1;2.1;26.4;29.6;44;57;43.6;7.9;35;40;46.7;10.5;0;0;0
6532;130;14;14;4;3;-2;2;0;0;0;0;0;0;22;7;6;15;65;59;65;28;13065;202;1840;96.2;2.5;3.0;31.7;26.2;239;173;58.0;7.8;168;122;57.9;6.1;2;22;14
6533;62;31;17;1;11;-2;12;0;6;0;0;0;0;33;8;5;8;69;62;69;40;11193;4403;44;97.5;4.2;4.5;32.5;29.3;172;179;49.0;-4.5;133;139;48.9;-3.7;1;107;54
6535;127;31;16;2;4;-4;4;0;0;0;0;0;0;16;3;8;8;60;55;63;16;12804;118;1411;95.5;1.7;2.8;24.7;24.7;180;181;49.9;-1.3;125;127;49.6;-1.2;0;20;9
6536;48;14;13;2;3;4;12;0;2;0;0;0;0;20;2;6;18;67;61;72;25;11390;826;1074;103.3;2.8;1.9;29.1;29.1;172;194;47.0;-1.2;134;138;49.3;0.9;0;13;3
6537;33;12;16;2;1;-5;4;0;0;0;0;0;0;16;5;1;9;57;55;52;26;12625;46;1293;96.1;2.3;3.7;30.2;32.5;180;210;46.2;-1.2;144;154;48.3;0.1;0;17;5
6540;57;12;15;2;9;7;2;0;0;0;0;0;0;14;2;8;34;66;52;79;27;14687;209;3443;102.7;4.9;3.2;32.8;26.0;251;188;57.2;4.2;188;142;57.0;3.9;0;0;0
6541;133;26;15;1;1;-2;4;0;0;0;0;0;0;21;2;1;5;59;52;60;7;7451;29;2360;102.0;1.9;2.9;20.8;39.6;87;136;39.0;-12.7;60;117;33.9;-17.7;0;75;34
6542;153;152;13;2;4;4;2;0;0;0;0;0;0;6;1;3;4;62;57;66;27;6128;376;131;101.3;3.5;1.2;44.1;17.6;139;61;69.5;5.2;110;45;71.0;5.2;1;16;6
6544;153;153;3;1;0;2;0;0;0;0;0;0;0;3;2;0;1;60;55;59;3;1371;0;279;109.5;5.3;0.0;55.1;18.4;43;13;76.8;6.6;30;8;78.9;9.0;0;12;7
6546;132;12;14;6;8;3;2;0;1;0;0;0;0;19;2;11;5;71;61;77;28;11879;423;2289;101.8;3.9;3.0;29.7;26.4;160;172;48.2;4.1;123;125;49.6;5.7;0;198;102
6547;148;30;3;1;0;3;0;0;0;0;0;0;0;1;0;1;4;66;53;78;9;2775;56;338;107.1;5.2;1.3;35.0;16.9;48;24;66.7;-6.1;40;19;67.8;-4.7;0;0;0
6548;48;14;13;1;1;1;4;0;0;0;0;0;0;7;1;2;34;65;55;74;11;9772;63;2119;102.9;2.6;2.2;25.8;30.9;136;169;44.6;-4.3;104;126;45.2;-4.6;0;25;11
6549;1;1;15;0;4;2;4;0;0;0;0;0;0;12;8;12;42;62;50;78;20;14475;115;1319;100.8;2.5;2.0;35.1;31.8;219;218;50.1;0.1;168;140;54.5;1.2;0;0;0
6550;9;9;13;1;5;0;8;0;0;1;1;0;0;25;3;5;19;61;57;64;28;14367;433;621;97.0;2.8;3.3;32.3;28.3;219;183;54.5;3.0;149;134;52.7;-0.9;0;0;0
6551;23;23;14;0;2;-7;10;0;0;0;0;0;0;19;1;9;35;61;53;69;21;13490;39;1386;92.8;1.9;3.7;35.8;30.2;222;205;52.0;1.9;155;140;52.5;3.5;0;0;0
6552;132;12;14;1;5;6;18;0;0;0;0;0;0;14;6;3;45;66;50;84;13;12849;89;1539;107.2;3.9;2.2;26.3;29.1;167;195;46.1;1.3;122;143;46.0;0.9;0;0;0
6553;132;12;14;4;3;15;2;0;0;0;0;0;0;12;7;4;7;66;53;79;22;13641;83;1126;115.7;5.0;1.1;26.1;30.3;179;215;45.4;0.3;135;160;45.8;0.5;1;0;0
6554;36;3;13;1;1;-5;6;0;0;0;0;0;0;21;5;6;31;62;49;76;18;11886;314;2738;98.0;2.1;3.6;28.8;38.8;171;226;43.1;-4.4;130;167;43.8;-2.7;0;0;0
6555;136;10;14;3;7;-3;8;0;4;0;0;0;0;12;0;4;8;65;63;64;32;10222;2161;142;91.6;3.5;4.6;33.8;24.3;160;139;53.5;-2.1;125;98;56.1;-0.3;0;12;8
6556;132;12;14;1;3;0;18;0;0;0;0;0;0;27;8;5;22;66;49;82;17;16083;136;2262;100.2;3.6;3.6;31.1;31.8;226;260;46.5;2.1;176;194;47.6;3.6;0;0;0
6558;151;152;12;2;8;7;6;0;1;0;0;0;0;16;8;3;10;70;65;69;26;11721;419;1504;106.5;3.4;1.2;30.7;27.0;167;153;52.2;1.3;119;114;51.1;-0.5;1;32;18
6559;156;154;16;1;5;-4;2;0;0;0;0;0;0;41;17;10;8;65;59;68;13;14715;79;1631;95.0;1.5;2.4;25.0;22.5;170;158;51.8;0.4;118;117;50.2;-1.4;0;10;2
6562;34;2;11;0;5;1;0;0;0;0;0;0;0;8;2;1;6;59;55;59;6;5177;20;814;102.4;3.5;2.8;33.4;34.8;81;96;45.8;-2.2;62;71;46.6;-1.0;0;31;17
6565;20;20;15;9;13;14;14;2;2;2;0;0;0;23;27;9;12;74;70;79;51;15571;3180;1850;108.8;4.2;0.9;35.1;30.1;238;223;51.6;3.1;173;156;52.6;4.0;0;3;2
6566;32;23;14;4;3;3;10;0;1;0;0;0;0;28;3;9;49;67;54;82;24;14035;2270;3626;101.1;3.8;3.3;31.5;30.0;228;214;51.6;3.5;178;153;53.8;8.8;0;0;0
6567;7;7;11;0;2;-8;6;0;0;0;0;0;0;4;6;6;29;54;49;62;21;10874;180;1375;92.8;2.3;5.0;33.4;35.1;162;185;46.7;-6.3;119;126;48.6;-1.6;0;0;0
6572;104;104;16;5;11;7;21;2;3;0;0;0;0;20;6;3;8;78;69;82;37;14642;3436;2225;103.4;3.9;2.0;36.1;26.3;288;186;60.8;14.4;212;139;60.4;14.0;0;335;166
6574;92;124;14;12;10;-6;41;3;3;0;1;5;1;33;6;11;48;88;71;94;43;13133;4164;2136;102.4;4.7;6.0;27.4;41.4;178;270;39.7;11.8;139;198;41.2;13.0;1;406;211
6576;96;26;13;6;6;2;8;3;3;0;0;0;0;15;9;7;32;73;64;80;45;12021;3062;2514;100.8;4.8;3.9;31.7;27.3;208;183;53.2;11.1;155;131;54.2;12.9;0;28;9
6577;130;14;13;10;4;1;10;2;2;0;0;0;0;15;6;4;12;71;69;72;43;12043;2851;53;99.8;2.7;2.4;30.8;26.9;201;171;54.0;2.7;152;120;55.9;3.6;0;2;1
6582;95;30;13;3;18;5;27;2;11;0;0;3;1;12;10;6;24;75;67;82;57;14399;3309;2108;101.6;4.5;3.3;32.0;26.0;254;177;58.9;6.9;182;138;56.9;3.5;2;1;1
6585;143;18;15;0;4;5;4;0;0;0;0;0;0;18;2;7;20;73;52;92;22;15273;2061;1567;105.5;2.8;1.6;26.6;32.1;216;254;46.0;2.9;155;178;46.5;3.4;0;0;0
6586;131;1;13;2;3;7;14;0;0;0;0;0;0;20;3;1;23;74;54;92;29;14175;152;1629;100.8;3.0;1.3;37.1;17.0;272;144;65.4;-0.7;198;99;66.7;2.0;1;0;0
6587;93;3;12;14;9;11;11;5;2;0;0;1;0;13;4;13;27;93;79;96;73;11049;2919;2134;103.1;5.5;2.0;44.3;20.9;228;118;65.9;34.9;185;83;69.0;38.3;1;96;50
6588;96;124;11;8;10;1;13;3;3;0;0;1;0;12;0;9;26;88;76;92;46;10038;2754;2027;104.8;5.0;4.3;27.6;32.3;157;175;47.3;8.1;116;127;47.7;9.4;0;277;147
6589;144;8;15;4;10;8;8;0;0;0;0;0;0;10;3;5;18;63;53;73;24;14142;104;1588;104.0;5.9;3.8;33.9;28.8;238;183;56.5;-3.7;177;146;54.8;-4.8;0;0;0
6590;27;27;13;2;5;1;2;0;0;0;0;0;0;12;10;6;9;62;57;65;17;8731;61;321;104.2;2.9;2.5;27.2;38.3;119;163;42.2;-1.0;79;114;40.9;-1.0;0;13;7
6591;99;99;16;3;10;5;39;0;1;0;0;5;2;13;5;9;17;73;63;80;42;13426;1862;1328;102.6;5.1;3.5;33.8;27.9;220;224;49.5;-4.2;162;159;50.5;-4.1;0;193;92
6593;127;31;16;1;3;-7;2;0;0;0;0;0;0;17;4;3;13;62;52;73;22;15525;713;1339;90.1;3.2;4.9;30.8;23.9;237;200;54.2;4.8;172;151;53.3;3.8;0;0;0
6594;149;149;14;1;3;-5;0;0;0;0;0;0;0;4;3;6;14;59;53;63;12;8649;1692;174;103.8;2.1;3.7;15.8;40.0;63;172;26.8;-6.1;49;130;27.4;-6.1;0;7;3
6595;94;94;14;3;8;-5;18;1;4;0;0;0;0;38;4;8;34;84;58;96;43;15538;2314;1269;93.2;2.3;3.5;31.5;24.6;247;200;55.3;12.5;186;143;56.5;15.1;0;0;0
6597;85;18;16;5;13;2;22;1;3;0;0;2;0;33;4;14;37;80;62;91;52;18026;4348;1379;99.5;4.4;3.8;32.6;27.2;318;238;57.2;5.8;227;185;55.1;3.9;0;0;0
6599;140;17;14;5;8;0;0;3;3;0;0;0;0;12;3;0;12;72;62;78;36;12986;2752;97;103.8;2.8;2.5;22.5;29.1;164;201;44.9;-0.0;117;150;43.8;-0.6;1;251;116
6600;87;3;14;1;8;-4;8;1;3;0;0;0;0;17;6;11;34;80;59;94;42;14896;3661;2775;92.8;1.9;2.9;30.2;21.3;259;167;60.8;8.4;193;126;60.5;8.5;0;0;0
6604;127;31;11;0;2;-2;2;0;0;0;0;0;0;15;3;2;10;59;52;66;10;10980;202;1005;96.4;3.3;3.9;29.2;26.6;172;153;52.9;4.6;122;117;51.0;2.8;0;0;0
6605;2;2;15;3;7;9;13;0;0;0;0;1;0;11;7;8;4;62;58;62;25;10659;23;80;105.2;5.4;2.4;41.9;30.7;187;132;58.6;1.9;147;106;58.1;0.7;0;113;54
6607;86;86;12;9;15;5;39;4;6;0;0;7;5;46;4;2;6;81;80;74;58;9860;3459;82;100.4;4.7;2.2;40.5;19.4;216;94;69.7;19.4;159;72;68.8;18.6;0;39;20
6608;103;103;16;5;10;13;21;0;4;0;0;3;1;19;7;11;36;78;59;93;66;16210;3165;1365;101.4;4.7;1.8;43.5;19.1;353;168;67.8;6.3;273;119;69.6;7.7;0;0;0
6612;151;152;13;9;7;10;2;2;3;0;0;0;0;13;5;11;9;77;67;84;33;12637;1905;142;106.3;4.0;1.1;33.0;19.7;192;140;57.8;7.0;140;97;59.1;7.4;2;219;115
6614;99;99;16;5;11;17;33;1;2;0;0;3;0;24;0;9;35;79;56;92;36;17669;2379;2675;102.6;5.7;2.4;41.2;21.8;350;196;64.1;18.3;274;149;64.8;18.3;0;0;0
6616;140;140;14;0;2;0;6;0;0;0;0;0;0;14;2;3;10;57;51;59;12;10700;0;1874;101.1;2.7;2.7;23.2;25.6;148;154;49.0;5.3;106;115;48.0;4.8;0;48;14
6619;104;3;14;8;13;0;94;2;2;2;0;16;6;26;1;7;16;72;62;79;33;13106;2345;1402;99.0;4.4;4.9;32.7;34.3;213;210;50.4;0.6;164;158;50.9;1.8;3;0;0
6620;62;62;9;1;1;0;4;0;0;0;1;0;0;2;2;1;2;55;51;56;6;3751;0;279;97.4;4.8;5.8;37.4;37.4;60;70;46.2;-3.1;50;58;46.3;-3.1;0;25;10
6621;88;88;9;4;9;5;4;1;4;0;1;0;0;8;1;7;7;76;65;86;37;9369;2741;1009;102.1;3.5;1.2;41.9;18.8;208;86;70.7;11.8;157;62;71.7;13.1;0;0;0
6622;127;31;12;2;3;1;2;0;1;0;0;0;0;15;1;4;6;59;52;60;14;8158;74;125;103.5;3.1;2.6;24.7;29.6;119;114;51.1;1.2;75;87;46.3;-3.9;0;84;31
6623;149;149;14;1;1;-4;18;0;0;0;0;0;0;6;4;0;48;63;49;79;16;13991;53;2039;100.9;1.5;2.8;18.3;37.3;125;243;34.0;3.3;94;185;33.7;2.0;0;0;0
6624;134;21;15;6;12;3;8;2;5;0;0;0;0;18;8;6;42;78;68;85;37;17376;2555;1560;108.9;3.7;2.7;23.6;39.2;197;326;37.7;-2.2;154;238;39.3;-1.3;1;1;0
6626;129;27;12;3;2;-6;7;0;0;1;0;0;0;9;5;6;6;64;55;67;23;10129;1170;331;96.3;2.1;4.6;24.2;37.0;130;187;41.0;-3.7;99;133;42.7;-0.5;1;168;77
6629;87;87;14;4;8;-4;20;2;3;0;1;2;0;19;8;9;28;76;60;91;47;14948;3743;2132;91.6;1.9;3.1;30.3;21.2;261;172;60.3;7.7;195;131;59.8;7.6;0;0;0
6631;103;103;16;2;8;6;38;0;0;0;2;2;0;18;8;20;36;78;53;92;63;17674;1609;2597;96.9;3.1;2.0;43.6;20.2;382;177;68.3;7.5;282;132;68.1;5.5;0;0;0
6635;137;28;14;1;3;0;4;1;0;0;0;0;0;15;1;8;13;66;59;70;25;10673;2689;130;102.4;2.7;2.4;23.9;26.6;151;134;53.0;2.9;112;100;52.8;3.3;0;13;7
6639;94;94;14;5;10;4;8;2;2;0;0;0;0;13;4;7;8;71;62;77;43;13396;3771;2236;101.5;4.0;2.7;32.0;24.2;237;170;58.2;16.2;165;121;57.7;15.7;0;92;56
6641;90;90;6;1;5;-5;14;0;1;0;0;0;0;6;0;6;7;70;67;65;22;5452;1140;349;87.1;4.0;6.6;36.3;27.7;97;77;55.7;7.3;75;60;55.6;10.3;0;7;4
6644;95;95;13;3;8;4;10;2;4;0;1;0;0;18;2;7;22;75;58;91;32;13771;3108;2510;100.8;3.9;3.1;30.3;25.9;238;170;58.3;5.8;169;131;56.3;2.6;0;0;0
6646;130;14;9;1;3;-4;10;1;1;0;0;0;0;3;2;2;1;62;59;62;19;8765;1800;0;94.5;0.8;2.5;27.1;28.8;151;127;54.3;-1.6;105;88;54.4;-3.3;0;14;8
6647;96;96;11;3;5;-1;7;0;3;0;0;1;0;5;3;6;11;68;64;69;24;9714;1178;989;95.9;3.0;3.3;33.7;25.9;159;142;52.8;6.6;122;99;55.2;10.1;0;19;9
6648;131;1;2;0;0;2;0;0;0;0;0;0;0;0;0;1;0;60;52;67;4;1953;0;226;109.5;3.7;0.0;38.7;20.3;36;20;64.3;-15.0;29;16;64.4;-15.6;0;0;0
6649;147;147;14;2;4;-9;4;2;2;0;0;0;0;9;1;1;8;59;56;56;13;9491;2981;0;100.3;2.3;5.3;18.2;43.6;86;197;30.4;0.5;65;151;30.1;1.1;0;24;14
6650;103;103;16;2;11;5;41;2;6;0;0;7;2;22;7;7;9;64;54;75;34;15922;3542;1246;97.5;2.9;1.8;44.1;19.7;356;154;69.8;9.3;258;120;68.3;5.5;0;0;0
6652;125;124;14;5;4;-4;8;0;3;0;0;0;0;34;2;1;6;70;63;71;20;10884;3184;10;100.2;2.6;3.6;25.1;35.4;146;197;42.6;-2.9;108;155;41.1;-4.2;1;213;118
6654;100;100;14;6;10;4;70;2;2;1;1;12;6;34;8;8;49;79;67;86;52;14775;3088;2594;102.9;3.4;2.7;29.7;31.2;248;248;50.0;6.6;172;176;49.4;5.9;0;0;0
6656;131;1;2;0;0;0;0;0;0;0;0;0;0;2;0;1;0;64;53;77;3;1885;0;195;93.9;1.9;1.9;38.2;17.2;34;18;65.4;-1.5;27;16;62.8;-3.9;0;0;0
6657;99;99;15;8;13;12;57;0;1;0;0;11;7;25;3;6;23;84;70;88;45;13076;1022;2400;101.4;6.6;3.3;45.4;25.1;268;166;61.8;12.4;212;121;63.7;13.7;0;235;121
6659;96;96;13;6;4;-4;39;2;0;0;0;7;2;17;2;5;3;68;58;72;33;11479;1069;6;94.3;1.9;3.1;27.0;24.8;155;150;50.8;6.7;118;117;50.2;6.3;0;5;2
6660;0;0;10;0;3;-2;2;0;0;0;0;0;0;9;8;5;7;61;56;66;6;6514;194;49;98.8;1.7;2.8;21.6;30.9;68;99;40.7;-8.4;48;65;42.5;-6.4;0;2;1
6662;88;88;13;5;3;2;58;0;0;0;0;10;5;16;5;2;5;64;57;55;32;11216;103;372;96.2;3.9;3.2;38.2;23.1;233;117;66.6;6.6;175;91;65.8;6.6;1;0;0
6664;145;3;11;2;1;5;0;0;0;0;0;0;0;12;2;6;11;61;50;72;14;11432;176;845;103.3;2.2;0.6;34.6;20.5;209;135;60.8;-0.6;146;93;61.1;0.5;0;0;0
6666;90;90;15;10;19;3;21;6;7;0;0;3;0;23;5;4;20;83;78;82;65;14851;2979;331;100.4;4.4;3.4;36.1;29.1;296;208;58.7;14.9;206;157;56.7;13.1;0;343;189
6668;146;146;16;1;5;-10;8;1;3;0;0;0;0;13;3;4;42;64;56;71;22;12884;2188;45;96.5;0.6;3.1;14.8;42.5;103;287;26.4;-6.3;81;209;27.9;-5.6;0;6;1
6669;32;32;2;0;0;-1;2;0;0;0;0;0;0;1;0;1;2;53;50;63;1;818;14;5;87.5;0.0;4.4;17.6;35.2;9;15;37.5;-8.0;5;12;29.4;-14.8;0;4;3
6674;135;2;12;2;1;3;17;0;0;0;0;0;0;12;3;2;1;59;53;58;13;5798;0;536;105.0;3.7;1.9;32.3;28.6;101;72;58.4;-0.1;77;59;56.6;-3.3;0;38;17
6675;146;146;16;1;1;-15;0;0;0;0;0;0;0;10;6;7;9;58;51;64;13;13590;338;997;95.0;1.1;5.0;20.7;49.8;138;311;30.7;-0.5;108;240;31.0;-1.5;0;161;77
6677;91;21;14;5;18;15;6;4;8;0;0;0;0;31;4;6;8;82;83;77;56;14554;3289;1673;100.3;5.2;1.5;56.4;16.6;395;127;75.7;25.2;299;97;75.5;24.1;1;18;10
6678;137;28;14;1;0;-8;2;0;0;0;0;0;0;9;1;3;2;58;52;62;10;7594;0;2308;93.4;1.4;5.2;24.7;42.2;101;143;41.4;-11.6;67;108;38.3;-14.9;0;18;3
6679;101;101;15;10;14;7;45;6;7;0;0;7;1;23;2;5;19;76;71;79;44;13598;3902;681;102.8;5.0;3.2;29.4;22.2;224;168;57.1;18.0;177;127;58.2;19.4;0;47;28
6681;101;101;15;13;11;4;6;6;6;0;0;0;0;12;6;6;18;77;75;74;52;14204;3958;795;100.3;4.8;3.8;30.2;24.3;231;184;55.7;16.3;181;138;56.7;17.7;0;24;13
6682;38;38;8;1;1;-5;4;0;0;0;0;0;0;5;3;2;14;57;53;57;7;6965;483;66;101.1;2.6;5.2;18.6;40.3;79;138;36.4;0.5;51;103;33.1;-3.5;0;13;8
6684;136;10;14;1;1;1;4;0;0;0;0;0;0;8;2;2;3;57;52;60;10;6783;506;140;102.5;3.7;3.2;24.4;24.9;88;96;47.8;-8.5;63;70;47.4;-10.3;0;46;23
6688;18;18;16;0;10;1;4;0;0;0;1;0;0;28;4;5;24;61;58;63;22;17613;46;1016;102.5;3.7;3.7;30.9;39.2;255;285;47.2;-4.5;174;224;43.7;-7.6;0;0;0
6689;146;146;16;0;3;-18;8;0;0;0;0;0;0;17;5;4;21;58;54;59;10;15777;1771;1100;97.2;1.6;5.5;17.1;45.2;140;348;28.7;-3.5;104;263;28.3;-5.6;0;0;0
6690;104;104;16;9;14;9;20;3;5;2;1;2;0;21;7;8;39;81;68;92;84;16889;4431;2101;101.0;4.7;3.0;38.8;26.9;318;237;57.3;10.1;245;178;57.9;11.5;0;0;0
6693;136;10;14;2;4;-2;0;0;1;0;0;0;0;7;4;0;4;54;54;50;14;10127;169;294;97.3;3.6;4.3;31.6;30.6;147;156;48.5;-8.6;114;118;49.1;-9.4;0;26;6
6698;131;1;10;2;5;2;4;1;0;0;0;0;0;7;4;4;12;74;66;79;25;10468;2384;774;98.9;3.1;2.8;32.7;26.1;188;146;56.3;-9.6;132;105;55.7;-9.5;1;0;0
6699;149;149;14;4;0;-9;0;0;0;0;0;0;0;8;5;7;13;62;54;68;17;9652;0;1439;98.1;1.5;4.8;15.3;41.8;79;209;27.4;-5.6;56;147;27.6;-6.0;0;22;9
6700;148;30;11;2;9;5;0;1;1;0;0;0;0;14;2;3;18;75;68;79;30;11405;2558;642;98.7;4.7;2.8;39.8;21.5;228;135;62.8;2.7;166;100;62.4;2.4;1;0;0
6702;99;124;14;14;9;2;26;7;4;0;0;4;0;37;0;8;30;89;77;94;49;11781;3861;128;104.1;4.6;3.4;31.2;31.8;184;174;51.4;-0.8;142;129;52.4;-1.3;0;265;133
6703;85;19;16;13;14;3;57;7;6;1;0;9;6;25;7;8;15;86;79;85;66;15272;3580;1702;94.0;4.0;3.5;36.8;21.0;313;164;65.6;17.9;222;114;66.1;19.6;2;328;174
6705;86;86;11;9;8;8;22;4;4;2;0;2;1;5;3;8;14;83;70;89;49;10228;2519;1293;99.4;4.9;2.1;45.8;18.7;235;106;68.9;18.8;178;76;70.1;21.1;2;249;121
6709;88;88;14;8;11;0;19;3;7;0;0;1;0;26;3;6;13;83;77;83;48;13403;4154;841;96.3;3.5;2.7;38.4;21.0;285;136;67.7;10.2;209;102;67.2;10.4;1;325;220
6710;131;1;13;2;4;11;10;0;0;0;0;0;0;13;3;3;6;64;60;62;23;10767;373;551;104.7;4.3;0.7;46.8;14.7;238;86;73.5;12.0;177;66;72.8;11.8;1;13;7
6711;136;10;14;7;12;8;4;2;1;0;0;0;0;13;11;3;14;80;70;84;51;13902;2244;354;98.9;5.4;3.4;42.7;24.3;274;165;62.4;11.0;210;123;63.1;10.4;2;270;155
6714;128;128;10;1;3;-12;14;1;2;0;0;0;0;16;3;5;6;55;53;53;8;6886;1261;73;89.8;1.0;7.3;15.2;42.9;56;151;27.1;-1.6;42;114;26.9;-1.0;0;4;4
6716;100;100;14;9;13;-1;59;4;5;0;0;11;5;26;7;6;16;87;78;86;64;13351;3011;687;95.5;3.2;3.2;34.8;23.5;261;169;60.7;20.4;182;116;61.1;21.2;0;285;161
6717;26;26;4;2;2;4;2;0;0;0;0;0;0;4;1;4;2;64;62;66;13;4063;59;190;108.5;5.3;1.8;39.0;34.6;68;54;55.7;8.9;55;47;53.9;11.8;0;0;0
6719;12;12;13;2;1;-3;4;0;0;1;0;0;0;17;2;5;17;60;55;62;39;12895;18;969;92.3;2.5;3.9;40.8;28.2;248;170;59.3;1.1;174;123;58.6;1.0;1;0;0
6720;88;88;14;6;15;7;12;4;3;0;1;0;0;21;4;5;12;78;74;76;66;13214;3499;519;99.6;4.4;2.2;41.7;20.2;300;135;69.0;12.2;212;103;67.3;10.6;0;28;16
6721;131;1;14;4;5;4;2;0;1;0;0;0;0;7;1;6;5;66;60;67;26;10265;961;98;97.0;3.5;2.1;35.1;16.1;188;94;66.7;1.9;130;74;63.7;-1.2;0;143;85
6722;146;146;16;1;1;-8;9;0;0;0;0;1;0;8;3;8;5;59;54;59;21;11289;209;1310;97.7;1.0;3.5;16.3;42.7;94;245;27.7;-4.3;69;182;27.5;-6.0;1;27;12
6724;98;98;7;0;4;-2;12;0;2;0;0;0;0;8;3;5;14;85;64;87;25;6087;1712;989;96.3;1.8;2.4;38.4;28.4;112;93;54.6;15.9;86;70;55.1;15.9;0;162;109
6728;89;89;16;7;17;11;25;3;2;0;0;3;0;20;7;9;25;79;68;83;52;14895;3211;1154;106.2;6.3;3.6;34.8;30.5;245;227;51.9;17.3;200;181;52.5;19.2;0;358;181
6733;133;26;15;12;10;4;7;3;5;0;0;1;0;17;7;9;12;72;68;72;50;13926;3048;310;101.1;4.1;2.8;37.5;28.7;254;198;56.2;9.6;190;151;55.7;10.6;1;44;24
6734;145;3;9;0;3;1;16;0;1;0;0;0;0;13;7;9;7;80;55;96;26;9538;1499;402;97.5;1.9;1.5;32.1;18.1;164;98;62.6;3.2;122;76;61.6;2.5;0;0;0
6735;126;124;14;3;3;8;0;0;0;1;0;0;0;29;3;8;9;70;55;85;24;16323;0;1913;100.0;4.0;2.4;35.3;21.6;283;187;60.2;4.5;218;142;60.6;6.0;2;0;0
6739;77;10;14;7;12;-1;25;3;7;0;0;1;0;27;4;15;75;96;76;98;54;13697;3150;2468;100.3;3.2;3.4;31.5;35.2;208;241;46.3;13.5;162;178;47.6;13.6;1;343;185
6740;74;74;15;2;4;13;9;1;0;0;0;1;0;22;4;4;2;60;54;63;19;15652;1000;2406;101.5;5.1;2.3;40.0;20.7;318;167;65.6;3.0;245;131;65.2;1.4;0;0;0
6741;144;8;15;7;14;4;4;2;10;1;0;0;0;27;3;8;3;79;73;82;57;11912;3376;662;98.7;5.1;4.2;37.5;28.1;224;149;60.1;1.4;169;115;59.5;2.0;1;4;1
6743;133;26;15;1;3;0;8;0;0;0;0;0;0;11;11;3;12;53;50;59;22;15732;56;2447;101.2;4.8;4.8;28.8;31.1;224;243;48.0;-2.6;172;190;47.5;-1.6;0;0;0
6744;83;83;15;10;9;9;22;3;1;0;1;0;0;20;0;6;19;78;71;80;50;14436;1778;1920;99.2;4.5;2.5;43.1;22.2;318;156;67.1;13.7;235;118;66.6;13.0;2;287;145
6747;150;150;13;2;1;-9;6;0;0;0;0;0;0;20;5;5;15;53;50;57;16;13344;276;1002;97.8;1.9;4.3;20.5;37.8;159;235;40.4;-3.5;113;177;39.0;-4.3;0;0;0
6750;72;72;13;5;13;-2;26;3;8;0;0;4;0;19;2;2;6;70;66;73;30;9978;2557;67;95.2;2.9;3.2;35.0;24.9;193;123;61.1;8.6;136;87;61.0;8.8;2;26;15
6751;81;1;13;7;16;11;6;1;5;0;0;0;0;12;2;13;26;97;87;98;47;13082;2945;1758;105.9;5.2;1.9;34.7;20.9;251;138;64.5;25.4;178;101;63.8;24.0;1;336;176
6752;79;19;15;5;8;-1;10;0;3;0;0;0;0;4;3;12;31;82;68;92;62;14077;4519;1431;96.3;3.3;3.3;35.8;25.6;253;182;58.2;5.1;200;130;60.6;8.9;0;0;0
6755;71;71;15;3;3;-5;27;1;0;0;0;5;2;18;4;6;23;65;55;74;46;15457;2446;1147;96.5;2.6;3.5;32.4;30.5;268;242;52.5;12.9;192;182;51.3;11.8;0;0;0
6757;135;2;14;5;4;3;4;1;0;0;0;0;0;22;1;4;7;69;63;72;36;13158;2597;118;101.1;2.7;1.6;34.7;24.1;239;170;58.4;1.1;179;128;58.3;-0.1;2;15;8
6758;57;12;6;1;1;-2;14;0;0;0;0;0;0;2;3;1;7;57;51;62;8;5225;296;562;98.9;2.1;3.4;24.8;36.5;83;95;46.6;-2.5;55;71;43.7;-7.7;0;0;0
6759;133;26;15;4;6;-6;6;0;0;0;0;0;0;26;4;11;8;66;59;66;20;13326;0;1072;96.8;3.5;5.1;23.8;28.6;181;197;47.9;-2.5;125;141;47.0;-2.1;1;210;108
6760;134;134;12;2;0;-11;6;0;0;0;0;0;0;8;2;8;16;66;51;81;11;10659;26;1881;95.0;2.4;6.1;26.0;43.2;131;216;37.8;-4.5;97;167;36.7;-6.9;0;1;0
6763;151;151;15;1;2;3;8;0;0;0;0;0;0;18;1;5;6;66;55;76;15;13151;931;536;102.1;2.5;1.6;27.9;24.4;180;175;50.7;-1.9;128;126;50.4;-3.4;0;0;0
6764;131;1;9;1;5;3;4;0;0;0;1;0;0;17;2;8;10;73;66;79;27;9363;1216;695;90.6;3.5;2.7;40.4;15.0;188;84;69.1;7.9;143;67;68.1;7.1;0;0;0
6765;84;124;15;5;11;-5;10;3;5;0;0;0;0;18;11;8;49;77;61;91;45;13816;2859;2441;100.4;2.6;3.6;24.5;35.7;177;270;39.6;9.6;128;202;38.8;9.6;0;60;27
6766;70;70;15;6;9;9;26;1;3;0;0;4;0;30;6;2;14;77;71;77;55;12751;4280;2267;102.2;4.8;2.0;41.8;21.2;262;153;63.1;6.0;195;109;64.1;7.9;0;88;41
6768;135;2;13;2;1;-1;6;0;1;0;0;0;0;3;0;7;6;62;56;66;14;6697;1410;40;98.0;2.2;2.7;29.0;28.5;99;99;50.0;-9.0;74;72;50.7;-9.4;0;11;6
6771;72;30;13;5;12;-3;12;4;4;0;1;0;0;24;1;11;36;87;64;98;48;13675;3985;1436;90.5;3.9;4.7;35.3;22.9;250;155;61.7;10.6;182;113;61.7;11.0;0;1;0
6776;45;28;16;0;2;-2;4;0;0;0;0;0;0;5;6;4;4;58;52;61;12;8205;0;1424;97.1;3.1;3.9;34.2;33.3;127;142;47.2;-12.5;98;103;48.8;-10.3;0;117;54
6777;80;80;15;7;13;3;7;1;7;0;0;1;0;20;4;6;5;75;69;78;65;10599;3396;219;98.0;3.4;2.0;44.5;21.1;265;118;69.2;-9.1;179;80;69.1;-9.4;1;219;109
6780;41;7;15;4;5;-1;4;0;3;0;0;0;0;27;7;6;13;69;63;70;32;11823;4377;90;99.5;2.4;2.7;28.0;29.8;170;176;49.1;-4.3;130;134;49.2;-2.9;0;5;3
6781;146;146;16;1;3;-15;11;1;0;0;0;1;0;13;5;3;19;57;53;60;18;14235;805;8;95.5;1.5;5.3;18.7;42.2;137;305;31.0;-0.1;107;219;32.8;1.0;0;153;63
6788;78;78;14;7;11;13;39;1;6;1;0;7;5;24;4;8;4;90;82;88;71;12939;3731;1612;103.6;4.5;1.1;46.7;18.9;304;118;72.0;29.8;229;88;72.2;30.5;1;312;186
6789;66;66;13;4;14;10;11;0;7;0;0;1;0;19;2;8;26;91;83;95;60;14836;3515;1333;101.0;4.1;1.7;40.3;18.4;325;159;67.1;12.3;230;119;65.9;10.9;0;0;0
6790;136;10;14;3;2;1;4;0;0;1;0;0;0;8;6;6;6;64;55;70;17;8505;0;1540;100.8;3.4;3.4;25.8;27.5;119;116;50.6;-5.5;85;84;50.3;-7.2;0;115;51
6794;75;26;15;8;10;4;28;2;4;1;1;0;0;18;3;13;33;89;76;91;59;14762;3768;2653;97.5;2.4;2.7;32.7;26.8;246;210;53.9;22.6;184;149;55.3;23.1;1;292;169
6795;63;63;14;4;25;13;27;3;9;0;0;3;1;13;5;9;21;86;67;95;67;14031;4260;2222;100.6;6.2;2.6;47.7;20.8;317;139;69.5;13.1;241;110;68.7;13.3;0;0;0
6797;146;146;16;1;1;-16;6;0;0;0;0;0;0;19;4;7;18;65;50;81;19;18212;136;2510;94.2;1.0;4.3;17.8;38.3;169;337;33.4;3.6;126;256;33.0;1.4;0;0;0
6800;65;65;12;4;10;10;54;1;1;0;0;10;3;18;2;9;19;78;68;85;37;12083;2259;1621;109.7;4.8;1.2;34.0;27.7;206;162;56.0;21.9;154;123;55.6;22.8;0;78;38
6801;80;80;15;5;17;24;6;1;2;1;1;0;0;19;5;20;18;79;74;81;59;13551;1386;2553;95.9;8.0;1.9;57.6;10.4;392;81;82.9;9.4;305;61;83.3;9.8;2;95;50
6806;78;78;16;8;13;12;16;3;5;0;1;2;0;32;4;3;20;89;86;86;69;15139;4762;1740;102.4;3.8;1.2;47.3;20.9;357;153;70.0;25.6;270;114;70.3;26.3;1;69;39
6811;45;28;10;4;1;3;2;0;0;1;1;0;0;6;1;3;9;63;57;68;21;5488;24;880;101.9;2.6;2.0;30.2;28.9;84;101;45.4;-11.2;64;65;49.6;-5.2;0;84;45
6817;137;137;14;2;8;-2;8;1;2;0;0;0;0;24;5;5;10;70;60;76;31;11052;3203;765;101.3;3.6;3.9;25.7;30.9;161;163;49.7;-1.4;114;118;49.1;-1.6;0;197;97
6820;69;69;14;5;8;-5;72;2;5;0;1;10;5;19;2;7;44;77;64;81;45;12671;2533;2880;99.4;2.8;4.0;29.0;38.4;184;240;43.4;16.2;136;182;42.8;16.8;1;82;35
6825;37;37;14;3;5;-7;8;1;2;0;0;0;0;18;5;2;7;71;64;73;35;10996;3853;44;97.7;2.3;4.3;30.1;42.9;162;218;42.6;-1.5;123;178;40.9;-5.2;0;9;5
6826;12;12;13;3;2;2;4;0;0;0;0;0;0;11;10;4;3;62;59;59;17;7518;0;0;99.7;3.4;2.4;41.2;28.2;146;93;61.1;3.0;98;71;58.0;0.1;0;15;11
6827;82;18;14;17;8;6;61;4;4;0;0;11;5;25;2;12;17;90;83;88;72;13253;3805;1308;103.5;5.7;3.8;31.2;25.8;203;173;54.0;11.9;159;131;54.8;13.5;2;311;192
6831;79;21;15;4;8;-1;16;3;5;0;0;2;0;21;4;10;34;77;72;79;65;13992;4774;1140;95.2;3.3;3.3;37.6;24.4;257;173;59.8;7.5;197;127;60.8;9.1;1;1;0
6834;144;8;15;0;1;-6;2;0;0;0;0;0;0;9;4;0;4;53;49;50;4;6811;155;8;94.2;2.6;5.8;21.7;32.2;81;109;42.6;-19.1;59;88;40.1;-21.0;0;94;37
6835;130;14;13;2;8;1;8;0;0;0;0;0;0;14;1;2;4;70;62;75;24;11249;726;696;98.7;4.5;4.2;34.9;29.4;188;162;53.7;-0.4;150;115;56.6;2.5;0;168;93
6836;58;58;13;2;4;4;2;0;1;0;0;0;0;3;3;4;17;65;58;69;25;10245;573;892;103.8;3.9;2.5;35.8;35.1;191;177;51.9;-3.8;131;135;49.2;-7.1;0;22;11
6839;145;3;12;0;10;1;4;0;4;0;0;0;0;9;3;4;11;74;56;91;29;11715;3134;806;98.9;2.8;1.8;35.0;20.6;198;129;60.6;-0.0;141;91;60.8;-0.2;0;0;0
6840;74;74;15;6;15;21;28;2;3;0;2;4;2;49;7;9;45;90;65;97;57;15140;3923;2972;105.9;6.2;1.7;41.8;18.8;335;137;71.0;11.2;253;110;69.7;8.4;1;0;0
6841;82;21;11;2;6;0;26;0;1;0;0;4;2;33;3;5;26;79;64;83;21;8888;372;1936;98.7;2.0;2.8;27.9;33.2;139;150;48.1;2.3;101;107;48.6;2.3;0;128;74
6842;133;26;10;0;1;0;6;0;0;0;0;0;0;3;4;1;8;58;51;67;15;5838;622;26;101.2;1.2;1.2;25.3;33.9;76;93;45.0;-1.5;54;74;42.2;-3.1;0;16;7
6845;144;8;15;6;6;2;4;0;0;0;1;0;0;14;4;6;9;69;62;69;29;12689;204;949;96.3;3.1;2.8;37.2;23.5;237;154;60.6;2.2;172;110;61.0;4.0;1;13;1
6847;134;21;15;2;6;-2;0;0;0;0;0;0;0;10;6;5;9;62;56;64;28;13199;0;1634;99.2;3.3;3.8;31.9;34.6;185;236;43.9;6.8;147;180;45.0;6.8;0;223;118
6848;76;76;14;4;11;9;13;1;6;0;0;1;1;32;7;11;15;79;70;84;44;13280;4464;914;97.8;5.2;2.4;44.2;17.6;306;125;71.0;12.5;226;86;72.4;10.4;1;329;195
6849;69;69;15;8;8;-9;15;4;3;0;1;1;0;36;11;6;21;84;73;89;43;15376;2932;3033;99.1;2.3;4.0;25.8;40.0;199;298;40.0;11.9;146;226;39.2;12.1;0;45;25
6851;131;1;14;2;1;4;6;0;0;0;0;0;0;21;1;5;4;61;55;68;14;7711;458;322;103.4;5.1;3.3;33.6;27.5;124;103;54.6;-12.8;91;81;52.9;-14.4;0;101;54
6854;150;150;13;1;3;-1;0;0;0;0;0;0;0;11;4;6;11;66;55;74;13;10995;18;1871;101.2;2.6;2.9;23.6;29.8;146;172;45.9;4.7;102;125;44.9;4.4;0;159;84
6855;137;28;11;0;3;6;6;0;0;0;1;0;0;10;4;4;14;66;52;83;12;10092;74;1061;106.5;3.9;2.1;27.5;27.5;136;155;46.7;-3.5;96;105;47.8;-1.7;0;0;0
6857;146;146;16;0;2;-4;4;0;0;0;0;0;0;8;4;4;17;58;51;64;13;10112;1;1124;100.6;1.1;2.5;15.7;39.9;82;220;27.2;-4.9;56;153;26.8;-6.5;0;19;10
6861;82;23;14;7;15;7;78;2;6;1;1;14;9;22;2;10;27;97;85;98;66;13719;4073;2167;99.4;4.2;2.6;34.4;20.5;255;143;64.1;26.6;190;104;64.6;27.5;1;0;0
6862;132;132;14;2;7;-1;0;1;2;0;0;0;0;3;5;3;0;57;55;57;13;7633;1222;0;107.1;3.8;2.8;26.4;39.1;95;144;39.7;-6.8;73;109;40.1;-6.6;1;0;0
6864;80;80;15;12;14;18;16;4;4;0;0;2;0;26;8;5;7;83;80;81;90;14488;3565;963;98.5;6.2;1.2;66.3;11.4;494;87;85.0;13.6;359;64;84.9;12.9;2;33;20
6865;1;1;15;2;7;1;8;0;5;0;1;0;0;17;6;10;21;63;60;67;36;15477;2183;527;101.9;3.0;2.3;34.0;33.0;226;236;48.9;-1.6;174;170;50.6;-4.5;0;0;0
6869;146;146;16;1;0;-10;15;0;0;0;0;3;1;37;3;1;12;57;51;57;18;11454;0;551;93.6;0.6;3.8;20.1;39.6;111;235;32.1;1.3;76;171;30.8;-1.7;0;10;2
6872;136;10;14;2;5;8;6;0;0;0;2;0;0;14;4;5;17;69;54;85;20;13356;0;2234;103.1;3.2;1.6;29.9;21.0;204;141;59.1;5.4;144;108;57.1;1.2;1;0;0
6875;130;14;3;0;1;0;2;0;0;0;0;0;0;5;1;1;1;62;52;69;2;2516;0;362;100.7;2.9;2.9;24.3;25.8;35;38;47.9;7.3;29;26;52.7;11.2;0;0;0
6878;149;149;14;1;0;-8;10;0;0;1;0;0;0;8;3;5;9;60;52;64;8;11786;94;1474;93.7;0.3;3.1;17.7;38.2;109;213;33.9;2.9;86;155;35.7;4.6;0;189;86
6881;148;30;14;3;3;4;12;0;0;0;0;0;0;20;3;5;13;65;52;79;28;15214;71;1207;97.4;3.5;2.6;42.1;23.7;293;177;62.3;-0.8;224;137;62.0;-1.2;0;0;0
6882;78;78;16;4;11;10;12;2;2;0;0;0;0;6;10;7;12;77;70;83;67;14390;3557;2237;101.5;4.0;1.5;47.8;21.8;330;156;67.9;21.7;250;115;68.5;22.8;0;19;10
6884;56;21;14;5;1;4;2;1;0;0;0;0;0;6;1;0;1;61;54;62;11;5459;266;680;112.9;4.6;2.0;23.1;27.7;81;79;50.6;-1.9;51;60;45.9;-6.4;1;66;42
6886;147;147;14;2;3;-10;14;1;1;0;0;0;0;15;6;0;8;56;53;58;15;12322;1902;786;99.7;1.5;3.8;16.4;41.2;105;246;29.9;-0.1;75;190;28.3;-1.4;1;0;0
6891;146;146;16;4;7;-18;10;2;5;0;0;0;0;28;4;5;19;67;63;62;30;13760;2521;350;89.1;1.3;5.8;20.7;33.5;146;248;37.1;8.2;112;176;38.9;9.2;0;4;1
6893;64;26;14;9;13;11;39;3;4;0;1;7;3;29;4;13;30;94;80;95;49;12920;3073;2395;104.7;5.3;2.2;34.6;20.9;235;143;62.2;17.3;165;106;60.9;15.7;0;278;154
6894;136;10;14;3;5;-7;2;0;0;0;0;0;0;18;1;3;11;56;55;51;24;14244;0;1088;91.5;3.8;5.6;32.3;27.5;212;195;52.1;-4.4;166;142;53.9;-3.5;0;0;0
6895;66;66;13;3;7;10;25;0;1;0;0;3;1;7;7;5;6;63;59;65;23;12860;839;1227;98.1;4.8;2.0;44.0;15.4;318;112;74.0;21.9;217;88;71.1;18.0;1;51;29
6897;142;23;8;2;4;9;0;0;0;0;0;0;0;13;5;1;2;64;53;74;25;8275;15;683;98.2;6.1;2.2;55.3;17.0;229;71;76.3;6.0;173;54;76.2;4.2;0;0;0
6898;63;63;13;4;18;13;85;3;7;0;0;15;5;35;6;6;8;87;79;87;59;12083;3249;650;101.9;5.7;1.5;55.4;17.9;329;97;77.2;23.4;247;76;76.5;23.4;2;295;180
6899;137;137;10;0;2;-1;2;0;0;0;1;0;0;3;1;3;6;60;55;63;7;5768;885;190;98.7;1.9;3.1;23.1;33.1;71;88;44.7;-5.2;56;67;45.5;-2.9;0;76;37
6903;137;28;14;2;2;-2;6;0;0;0;0;0;0;15;2;3;3;66;58;75;35;9819;1147;258;98.7;2.2;2.6;32.6;31.9;175;161;52.1;1.8;115;113;50.4;0.1;1;140;53
6904;133;133;13;2;2;2;2;0;0;0;0;0;0;11;4;1;15;60;56;62;19;10148;549;0;101.6;2.5;1.8;28.0;24.5;160;133;54.6;5.4;106;100;51.5;3.2;0;0;0
6906;145;3;8;1;0;0;4;0;0;0;0;0;0;8;1;0;11;55;49;61;7;6748;0;390;95.8;2.1;2.1;30.9;19.2;101;93;52.1;-5.0;80;56;58.8;4.1;0;0;0
6910;20;20;15;2;5;9;0;0;1;1;1;0;0;11;1;16;16;63;56;70;31;13574;94;1579;105.4;4.0;2.1;33.7;32.9;198;182;52.1;3.5;142;141;50.2;0.1;0;0;0
6911;134;134;15;2;3;-2;0;0;0;0;0;0;0;12;6;1;2;58;52;59;12;11747;429;0;104.0;2.8;3.1;22.7;37.4;132;224;37.1;-2.6;104;151;40.8;0.8;0;0;0
6916;146;146;16;3;5;-4;4;0;3;0;0;0;0;15;7;13;30;68;57;78;24;16802;1612;1390;104.3;2.4;3.2;19.5;41.1;169;368;31.5;0.7;121;250;32.6;0.8;0;0;0
6917;111;111;15;5;18;2;10;3;6;0;1;0;0;13;9;9;20;80;74;87;64;16003;3686;2579;92.9;4.5;4.3;39.8;23.2;348;177;66.3;13.6;259;134;65.9;13.7;1;0;0
6919;119;124;17;1;8;-22;45;0;4;0;0;7;0;15;2;9;86;77;54;94;33;17545;4165;3165;92.4;1.2;6.0;19.9;43.3;171;394;30.3;-2.1;133;299;30.8;-3.0;0;0;0
6920;45;28;11;0;2;-2;0;0;0;0;0;0;0;7;5;0;10;56;52;56;13;5326;32;154;96.1;2.7;4.1;32.4;33.1;83;83;50.0;-6.3;62;65;48.8;-7.1;0;10;5
6921;151;152;15;2;7;11;8;0;0;1;0;0;0;23;3;6;19;74;57;88;33;16874;254;772;106.4;3.2;1.1;29.0;23.0;242;215;53.0;1.3;185;150;55.2;3.7;0;0;0
6925;44;44;3;1;1;2;0;0;0;0;0;0;0;2;1;2;2;61;59;61;4;3078;112;234;107.8;4.7;2.3;32.7;36.3;51;48;51.5;0.0;36;37;49.3;-3.6;1;0;0
6926;129;129;13;0;0;-1;2;0;0;0;0;0;0;8;7;2;5;58;45;74;14;12063;96;751;101.0;1.8;2.1;24.8;33.7;142;201;41.4;-3.6;108;154;41.2;-3.0;0;0;0
6930;114;114;16;7;9;3;28;2;4;0;0;4;0;26;5;10;6;69;62;70;60;15623;1220;1051;98.2;2.8;2.1;39.2;23.5;315;196;61.6;12.0;231;160;59.1;8.5;0;42;17
6933;133;26;15;1;6;2;2;0;2;0;0;0;0;23;4;1;3;63;56;67;7;8781;1208;527;105.2;2.5;1.6;24.2;32.8;101;149;40.4;-11.4;78;113;40.8;-9.5;0;117;58
6941;116;116;14;7;15;14;11;2;3;0;0;1;1;19;2;4;7;75;73;72;49;12703;2371;596;107.3;4.8;0.9;38.8;16.7;271;112;70.8;1.6;192;84;69.6;0.5;2;214;122
6942;134;134;15;4;6;-10;0;0;1;0;0;0;0;1;5;6;11;57;57;51;22;11539;550;664;100.4;3.4;6.6;23.4;45.9;127;235;35.1;-5.3;98;177;35.6;-6.0;0;13;6
6943;121;124;13;2;4;-13;12;1;3;0;0;0;0;14;3;13;63;78;60;92;29;13435;3204;1118;95.0;1.6;4.6;19.8;34.8;157;247;38.9;7.6;118;185;38.9;6.9;0;4;0
6944;131;1;14;1;0;-2;2;0;0;0;0;0;0;8;2;0;1;54;51;53;9;6283;0;52;94.1;2.3;3.4;30.9;25.8;99;85;53.8;-13.3;71;61;53.8;-12.6;1;6;5
6947;106;106;16;6;13;-3;36;0;3;0;0;3;0;16;0;10;33;74;68;75;36;14588;1110;1549;97.8;3.7;4.4;30.4;30.8;256;226;53.1;8.2;184;169;52.1;6.6;0;272;150
6948;117;30;15;18;30;28;8;7;8;0;0;0;0;33;11;17;23;96;92;90;78;15258;4161;2442;105.8;8.5;1.9;47.0;15.3;371;124;74.9;19.1;273;87;75.8;22.1;2;404;229
6950;119;21;17;7;10;-6;12;4;4;0;1;0;0;31;3;11;29;86;71;93;58;14616;4120;3396;94.5;2.2;3.9;30.0;30.5;202;228;47.0;21.1;159;170;48.3;21.7;1;354;210
6951;111;111;15;11;7;1;30;6;4;0;0;2;0;28;6;4;13;86;79;87;66;14397;3317;1599;90.7;4.5;4.3;46.0;22.3;336;159;67.9;15.6;259;119;68.5;17.4;2;251;117
6952;134;134;15;2;0;5;2;0;0;0;0;0;0;15;5;1;12;60;51;66;13;8013;0;2270;108.5;3.6;1.8;26.5;35.5;94;147;39.0;-0.1;77;112;40.7;0.7;0;66;25
6954;141;25;15;0;3;8;8;0;0;0;0;0;0;13;2;0;26;67;51;81;28;16368;981;1390;101.6;3.7;2.0;35.0;21.8;313;191;62.1;-1.9;238;127;65.2;1.5;0;0;0
6955;133;133;12;2;4;-3;12;1;1;0;0;0;0;9;3;2;9;57;56;50;13;8941;484;607;97.6;3.6;4.8;30.6;33.8;147;146;50.2;-1.1;109;108;50.2;0.3;0;12;5
6957;116;116;14;9;19;21;13;1;8;0;0;1;1;11;4;5;2;83;80;79;68;13536;3188;1288;103.8;6.9;1.3;57.4;16.2;390;103;79.1;15.2;294;84;77.8;13.9;0;280;144
6960;151;152;11;2;2;3;6;0;0;0;0;0;0;2;6;3;4;61;53;67;10;6331;648;0;104.7;4.0;2.3;31.3;28.4;100;86;53.8;-2.9;75;65;53.6;-3.8;0;91;43
6962;136;10;14;5;1;4;6;0;0;1;0;0;0;16;10;7;10;69;62;74;34;11605;0;1262;101.2;2.8;1.9;33.5;26.1;190;148;56.2;1.4;142;108;56.8;0.7;2;8;7
6963;37;27;11;0;3;-2;4;0;0;0;0;0;0;19;2;5;33;70;51;84;10;11306;156;1270;102.0;2.9;3.5;26.1;38.8;143;222;39.2;-6.5;111;161;40.8;-5.8;0;0;0
6969;135;2;13;5;3;-3;4;1;2;0;0;0;0;17;1;6;2;66;64;62;29;10153;2519;0;96.6;2.5;3.2;30.5;27.7;166;138;54.6;-4.1;123;108;53.2;-7.2;0;1;1
6970;106;106;16;10;8;1;51;4;2;0;0;9;1;33;7;17;43;84;80;84;77;16487;3785;1582;98.3;3.1;2.6;37.6;26.6;308;232;57.0;14.8;226;173;56.6;14.0;1;82;41
6978;129;129;13;0;2;-1;4;0;0;0;1;0;0;8;3;1;2;56;50;54;6;5887;0;143;97.4;0.6;1.8;27.5;37.9;74;112;39.8;-5.0;56;87;39.2;-5.0;0;16;9
6979;141;25;11;3;4;-1;0;3;2;0;0;0;0;16;3;4;2;67;57;76;15;4659;2010;145;97.0;2.3;3.1;30.9;29.4;75;65;53.6;-10.5;50;45;52.6;-12.6;0;47;32
6983;122;3;14;4;12;-1;80;3;5;0;1;14;8;26;2;5;28;85;73;88;52;11892;3539;925;96.7;2.1;2.4;31.8;24.2;203;161;55.8;23.9;141;112;55.7;22.3;0;295;199
6986;50;26;14;4;3;2;4;1;0;0;0;0;0;15;7;2;5;65;60;64;47;11782;1490;206;96.4;3.7;3.1;39.1;23.5;249;153;61.9;7.5;178;111;61.6;7.9;0;14;9
6989;135;2;11;0;3;-3;0;0;2;0;0;0;0;9;6;1;4;56;51;59;21;10412;2114;492;94.3;2.8;3.8;32.8;27.0;174;144;54.7;-2.4;136;102;57.1;-0.7;0;0;0
6991;134;21;4;1;2;-1;2;0;0;0;1;0;0;8;1;1;3;65;55;73;4;3718;0;637;99.7;1.9;3.9;17.4;33.9;34;71;32.4;1.8;25;49;33.8;1.3;0;0;0
6992;120;120;16;9;13;18;25;4;2;0;0;3;0;23;4;10;10;76;69;81;41;15093;3496;2754;104.3;6.0;1.7;39.6;15.5;341;117;74.5;14.0;248;81;75.4;15.6;1;117;44
6994;0;0;7;1;1;-9;4;0;1;0;0;0;0;5;8;2;4;55;56;53;4;4999;170;0;87.3;1.4;7.9;28.8;44.6;70;106;39.8;-10.0;51;73;41.1;-9.0;0;1;0
6995;125;124;10;2;2;0;12;0;0;0;1;0;0;8;1;3;14;58;51;65;12;8568;139;1071;103.6;2.9;3.4;26.5;44.5;128;172;42.7;-4.1;89;139;39.0;-7.5;1;0;0
6999;147;147;14;2;2;-2;6;1;0;0;0;0;0;11;7;2;6;58;54;60;20;12721;920;382;106.6;2.8;3.4;17.8;36.8;117;240;32.8;4.0;82;172;32.3;4.3;0;4;2
7002;112;19;13;4;4;2;10;0;1;2;0;0;0;12;3;11;28;72;56;88;32;14562;949;2642;96.5;3.0;3.0;37.1;25.7;272;187;59.3;7.5;199;140;58.7;8.7;0;0;0
7004;108;108;14;4;13;9;4;0;6;0;0;0;0;20;2;4;10;79;71;83;40;12935;3635;1228;104.9;5.3;2.2;36.5;23.1;257;160;61.6;17.2;180;112;61.6;16.8;1;324;190
7006;136;10;14;4;5;0;4;0;1;0;0;0;0;20;3;7;19;75;64;86;38;15713;1992;1157;97.9;4.1;4.1;31.8;27.5;242;230;51.3;-6.1;182;159;53.4;-4.5;1;0;0
7007;47;47;14;1;0;-6;10;0;0;0;0;0;0;22;3;10;36;65;49;82;11;12721;160;2280;101.1;2.0;3.7;20.7;43.6;134;282;32.2;-2.2;100;221;31.2;-5.4;1;0;0
7010;106;106;16;4;9;-4;20;1;3;0;1;0;0;21;11;12;13;77;66;83;54;16750;3576;3022;93.6;2.8;3.7;37.2;26.2;304;227;57.3;15.0;223;176;55.9;12.8;1;321;152
7014;148;148;15;1;4;1;2;0;0;0;0;0;0;6;1;2;1;57;52;57;15;6777;101;65;98.9;3.2;2.7;38.2;28.2;114;94;54.8;-8.7;89;74;54.6;-8.7;0;92;43
7015;113;113;14;10;8;4;9;3;1;0;1;1;0;33;3;17;34;92;74;96;53;13536;3526;2916;102.4;4.0;3.5;30.9;33.0;213;218;49.4;8.7;154;166;48.1;7.9;0;357;183
7018;118;21;14;7;8;14;23;3;3;0;0;1;0;18;5;9;9;81;71;86;47;13486;3545;558;107.4;4.8;1.1;41.4;25.6;292;165;63.9;15.2;214;129;62.4;14.8;0;315;157
7019;0;0;15;1;4;-10;2;0;0;0;1;0;0;13;3;5;23;55;52;58;15;15443;12;748;92.0;2.1;4.7;26.1;29.1;186;233;44.4;-3.1;129;147;46.7;-0.5;0;0;0
7020;45;28;2;0;0;-1;0;0;0;0;0;0;0;1;1;0;0;49;49;48;0;1338;0;51;108.3;5.4;8.1;21.5;48.4;14;31;31.1;-33.3;10;22;31.3;-32.6;0;0;0
7021;138;138;14;6;3;-2;4;2;0;1;0;0;0;7;4;10;20;66;59;73;39;11319;2279;792;92.0;2.9;3.5;36.3;21.9;188;150;55.6;2.2;150;113;57.0;4.9;2;7;2
7022;140;17;14;1;6;-3;6;1;4;0;0;0;0;15;5;0;8;69;58;80;20;14373;2727;884;101.0;2.3;2.8;21.5;29.1;180;214;45.7;1.1;134;164;45.0;1.0;1;0;0
7026;125;124;5;1;4;6;4;1;1;0;0;0;0;2;1;2;9;69;65;72;10;4644;1129;0;114.0;4.7;0.0;33.3;32.6;78;83;48.4;2.0;61;61;50.0;7.0;0;12;5
7028;121;25;14;6;11;2;27;2;5;0;1;3;1;25;4;16;39;94;81;97;46;12947;3746;2774;102.4;2.8;1.9;30.6;28.9;224;195;53.5;29.9;161;146;52.4;28.0;2;155;82
7031;131;1;9;1;4;7;4;0;1;0;0;0;0;14;0;2;7;71;67;72;25;9903;1736;513;100.2;3.6;1.5;37.4;15.3;182;93;66.2;1.2;135;61;68.9;7.4;0;0;0
7032;110;110;7;4;6;7;2;0;3;0;0;0;0;12;2;3;13;87;79;91;28;6244;1674;108;108.3;4.6;0.6;39.2;16.7;119;76;61.0;2.1;85;45;65.4;6.9;0;148;79
7033;117;117;15;13;18;13;2;4;7;0;1;0;0;25;4;6;10;78;80;74;61;14269;3407;994;97.9;5.0;2.0;44.2;14.9;335;116;74.3;17.2;246;80;75.5;20.4;3;56;27
7036;110;110;14;8;24;13;15;2;5;1;0;1;0;11;5;16;16;89;76;92;70;12952;3597;2296;97.6;6.7;3.1;47.5;18.6;332;118;73.8;24.5;243;90;73.0;22.9;0;340;184
7038;112;112;15;5;7;0;38;1;2;0;0;6;2;19;4;5;24;82;71;84;38;13462;1577;2290;96.5;2.9;3.2;35.0;27.0;271;169;61.6;10.6;184;132;58.2;7.2;2;213;115
7042;126;126;14;1;4;5;0;0;0;0;0;0;0;7;6;1;6;57;55;55;17;7421;0;777;103.8;4.4;1.9;34.0;21.3;118;94;55.7;-2.0;84;74;53.2;-4.3;0;2;0
7043;136;10;11;1;1;-2;2;0;0;0;0;0;0;9;2;1;1;61;56;62;6;5830;736;327;98.3;2.5;3.7;22.8;29.6;70;98;41.7;-16.1;49;70;41.2;-17.7;0;2;2
7044;121;121;13;1;4;-8;10;0;0;1;0;0;0;13;3;8;36;66;52;82;17;12579;1344;3231;100.0;2.0;4.6;18.6;42.6;135;280;32.5;-2.0;100;199;33.4;-1.0;0;0;0
7047;144;8;15;13;8;4;2;9;6;0;0;0;0;14;2;7;4;77;75;73;60;11569;3492;5;102.0;3.7;2.5;30.2;24.0;176;120;59.5;0.5;129;99;56.6;-1.9;2;8;3
7049;141;25;14;1;3;2;2;0;2;0;0;0;0;11;1;3;5;62;53;69;11;5851;1783;0;97.0;3.7;2.5;38.8;19.7;118;63;65.2;0.3;78;41;65.5;0.1;0;41;20
7050;57;12;3;0;1;3;0;0;0;0;0;0;0;6;0;5;7;68;51;83;4;2613;35;334;109.5;2.8;0.0;28.9;23.4;40;35;53.3;11.6;28;26;51.9;9.7;0;0;0
7051;117;23;15;7;14;6;24;2;4;0;0;0;0;18;5;2;11;79;73;80;50;12671;3748;2249;98.1;4.5;2.8;38.1;20.5;268;132;67.0;6.0;190;101;65.3;5.1;2;181;105
7063;2;2;15;6;7;-4;8;1;1;0;0;0;0;45;23;13;14;79;75;76;46;16086;2400;908;96.1;3.4;4.0;36.3;30.7;248;226;52.3;-7.4;179;161;52.6;-7.4;2;54;23
7064;152;152;13;2;4;-12;2;1;3;1;0;0;0;17;14;8;3;68;70;64;16;10915;2808;188;90.3;0.7;4.6;26.7;37.9;116;177;39.6;-5.5;95;137;40.9;-3.2;0;18;5
7065;24;24;7;2;2;-9;4;1;1;0;1;0;0;12;2;5;10;64;63;62;21;6909;1696;328;86.7;1.6;6.8;29.7;36.5;85;107;44.3;-3.0;62;79;44.0;-5.5;0;0;0
7066;28;28;13;1;5;-2;12;1;1;0;0;0;0;13;2;16;15;65;64;65;47;14705;1733;1724;96.7;2.9;3.2;40.9;30.4;249;205;54.8;-2.4;189;143;56.9;-0.6;0;0;0
7067;27;27;13;3;4;-8;8;1;1;0;0;0;0;15;17;6;14;73;71;70;35;12270;2671;0;95.5;2.1;4.4;31.7;40.2;161;231;41.1;-2.7;122;159;43.4;2.4;0;17;10
7068;123;31;14;0;3;-5;2;0;0;0;0;0;0;4;2;1;9;59;56;55;13;8654;8;2369;91.9;2.5;4.6;30.8;28.3;140;131;51.7;1.9;104;97;51.7;2.1;0;24;14
7069;40;20;15;1;4;-11;10;0;0;0;0;0;0;9;2;8;11;62;58;61;18;13406;75;1410;95.9;1.3;4.3;24.4;44.8;172;262;39.6;-6.0;136;208;39.5;-7.0;0;198;97
7070;1;1;15;3;4;7;0;0;0;0;0;0;0;11;4;1;3;61;58;61;18;8080;39;190;108.5;4.5;1.3;36.1;34.8;125;120;51.0;1.1;95;84;53.1;-0.7;0;5;3
7071;18;18;16;5;3;4;6;0;0;0;0;0;0;11;8;19;3;64;61;65;25;14237;366;206;101.5;5.1;4.0;38.9;35.1;247;203;54.9;6.5;181;157;53.6;6.7;0;185;108
7073;41;41;15;0;2;2;8;0;0;0;0;0;0;21;3;3;26;61;51;72;25;13540;92;1432;101.8;3.2;2.7;28.4;28.2;218;188;53.7;2.0;155;144;51.8;0.6;0;0;0
7074;93;93;12;3;11;-2;18;0;5;0;0;0;0;10;5;9;37;71;57;84;39;12708;2919;1962;101.4;4.2;4.8;28.6;35.7;190;219;46.5;8.1;143;167;46.1;5.9;0;0;0
7076;100;100;15;2;4;-2;21;0;1;0;0;3;0;19;8;3;27;63;54;65;23;13092;63;876;97.0;2.7;3.3;29.7;26.9;206;215;48.9;2.8;150;141;51.5;6.6;0;32;20
7077;91;91;11;5;13;16;55;3;5;0;0;7;2;13;4;4;20;80;74;85;48;10757;2411;1755;101.7;6.7;1.3;59.6;14.1;309;88;77.8;25.3;231;60;79.4;25.5;1;76;38
7079;88;88;14;3;4;10;50;1;0;1;0;8;3;12;3;6;18;71;57;83;34;14346;1053;2479;100.9;4.3;2.0;37.6;19.3;300;140;68.2;11.1;220;100;68.8;12.9;2;0;0
7080;146;146;10;0;4;-7;2;0;1;0;0;0;0;10;5;2;11;62;54;69;13;8267;1175;0;99.6;1.3;4.4;16.5;52.3;67;206;24.5;-8.3;52;152;25.5;-8.8;0;22;6
7082;91;91;13;11;8;8;100;3;3;0;0;16;8;12;4;4;27;78;64;91;57;12170;2753;1313;95.8;5.9;3.5;51.2;22.5;286;160;64.1;7.0;218;111;66.3;8.7;2;0;0
7084;104;104;14;3;3;-5;22;0;0;0;0;0;0;10;8;3;14;57;53;60;30;13435;1170;2569;97.0;3.8;4.6;33.0;31.6;241;211;53.3;-0.1;172;158;52.1;-1.8;1;0;0
7085;103;103;16;9;15;13;2;2;3;0;0;0;0;7;7;7;11;83;66;91;60;13438;3617;1393;100.7;6.2;2.4;46.6;19.3;305;141;68.4;6.8;232;101;69.7;7.2;3;201;109
7086;102;102;16;7;17;12;17;4;5;0;0;1;0;23;4;5;13;81;76;81;62;13948;4041;404;103.3;4.9;1.8;39.2;19.6;283;138;67.2;6.5;209;109;65.7;6.6;1;300;169
7088;97;97;16;11;9;1;6;2;5;0;0;0;0;16;6;5;18;74;67;77;51;15184;4143;3186;100.0;4.7;4.5;31.3;29.6;259;223;53.7;18.5;194;173;52.9;17.1;1;124;62
7092;85;85;15;4;4;4;31;0;1;1;0;5;3;31;3;3;17;70;50;88;32;16352;603;1491;100.8;3.7;3.1;31.9;28.2;275;228;54.7;1.7;194;178;52.2;-1.1;0;0;0
7093;102;102;14;5;12;13;26;0;5;1;0;2;0;24;4;9;21;75;63;88;52;15304;3635;2350;103.7;4.0;1.2;39.8;18.6;317;140;69.4;10.8;224;110;67.1;9.9;1;0;0
7095;103;103;16;3;6;-5;16;1;2;0;0;2;0;13;2;2;19;62;60;61;27;11422;1301;260;93.6;2.5;3.8;34.0;27.4;210;169;55.4;-10.9;152;117;56.5;-10.5;1;3;2
7099;95;95;13;13;16;9;6;3;6;0;0;0;0;34;2;5;7;95;93;90;67;13097;3216;999;101.6;5.2;2.7;38.2;22.8;256;158;61.8;11.2;196;115;63.0;13.0;3;301;177
7101;99;99;16;18;20;13;29;9;6;1;0;5;3;13;4;6;13;79;76;77;66;13572;4173;1266;105.8;6.1;2.1;39.3;21.8;263;167;61.2;12.2;195;118;62.3;12.4;3;3;0
7102;96;96;13;0;0;-5;12;0;0;0;0;2;0;6;3;1;6;52;50;52;8;6125;23;826;98.9;1.8;4.7;18.2;43.5;62;132;32.0;-16.9;42;98;30.0;-18.8;0;12;7
7105;89;89;16;14;19;14;29;1;5;0;0;5;2;17;3;15;27;91;81;91;64;14257;3235;3410;108.2;6.3;3.0;34.3;29.8;235;210;52.8;18.1;190;162;54.0;20.6;0;51;26
7106;90;90;15;4;2;1;18;0;0;0;0;2;0;14;3;3;12;63;55;69;15;12018;424;1393;103.7;3.3;3.0;27.9;36.8;147;225;39.5;-12.7;119;169;41.3;-9.1;0;194;103
7107;99;99;16;5;15;5;23;0;2;0;1;1;0;14;9;5;10;66;58;64;34;13404;1327;925;101.3;4.8;3.8;31.7;26.9;210;190;52.5;0.0;154;142;52.0;-1.8;1;33;16
7108;94;94;14;6;7;-4;4;0;3;0;0;0;0;9;4;7;15;76;63;84;30;11628;3401;293;102.0;4.0;5.0;26.6;37.8;163;215;43.1;-5.6;114;160;41.6;-7.3;0;194;108
7109;104;104;14;1;2;-7;8;0;0;0;0;0;0;5;1;2;6;55;52;54;14;8149;338;53;93.1;2.2;5.3;26.5;34.9;118;141;45.6;-4.5;87;103;45.8;-4.8;0;121;33
7112;98;98;11;3;3;2;56;0;0;1;0;10;2;13;4;3;14;62;56;63;23;9731;168;854;100.7;3.0;2.6;31.1;29.2;155;151;50.7;9.7;115;115;50.0;7.5;1;27;8
7113;92;92;13;6;9;1;66;1;0;0;0;10;5;23;4;3;34;69;61;64;26;11731;988;973;106.0;4.9;4.6;26.7;37.1;167;228;42.3;15.2;127;168;43.1;14.7;0;43;25
7119;91;91;14;3;11;6;12;0;3;0;0;0;0;27;1;5;23;72;61;85;34;13654;1206;1332;100.8;3.2;1.6;41.1;22.9;282;159;63.9;6.0;206;118;63.6;4.4;0;0;0
7121;95;8;13;5;7;3;22;0;1;1;0;2;2;28;1;3;25;80;70;82;46;11905;1345;1958;100.3;3.6;3.0;33.0;28.1;208;167;55.5;1.3;159;128;55.4;1.1;0;236;121
7122;93;93;8;2;3;3;16;0;0;0;0;2;1;15;1;4;8;72;65;75;27;6816;1101;445;99.6;3.2;1.6;43.3;20.6;146;67;68.5;34.9;119;50;70.4;37.3;1;11;6
7123;100;100;15;5;5;-2;20;1;1;0;0;0;0;21;5;5;15;66;59;69;30;14057;1038;2509;99.2;3.1;3.3;30.2;30.2;221;240;47.9;1.5;163;158;50.8;5.8;0;279;152
7128;101;101;15;2;4;-8;4;1;1;0;0;0;0;14;3;4;30;58;56;57;29;14111;1156;0;96.2;2.0;4.1;29.3;38.0;216;250;46.4;3.2;163;188;46.4;3.0;0;20;6
7130;90;90;15;3;9;-4;56;1;3;0;0;10;1;21;10;9;4;65;58;70;20;12950;1793;131;92.2;3.6;4.7;33.9;25.6;228;178;56.2;9.9;170;138;55.2;10.0;0;193;112
7133;96;96;13;0;5;1;16;0;0;0;0;2;0;5;3;2;21;62;54;69;8;9056;19;193;104.3;3.2;2.8;24.6;32.2;108;149;42.0;-5.1;83;112;42.6;-4.0;0;114;47
7134;102;102;16;1;4;13;38;0;0;0;0;4;0;10;3;12;13;71;56;87;36;17186;1707;2735;103.2;4.0;1.5;36.2;18.9;349;155;69.2;10.0;244;128;65.6;6.9;1;0;0
7135;94;94;14;11;15;4;49;7;5;0;0;9;4;12;4;5;22;78;74;79;52;13015;3749;17;102.9;4.1;2.8;30.4;25.7;226;173;56.6;13.8;159;124;56.2;13.5;1;19;7
7136;96;96;13;2;3;1;8;0;0;0;0;0;0;11;2;1;10;57;53;59;14;8597;1;1094;107.5;3.4;2.9;21.4;36.0;91;147;38.2;-9.8;70;110;38.9;-8.6;1;11;4
7137;90;90;15;5;9;-4;31;1;4;0;0;5;1;12;3;3;26;67;64;66;48;12954;2085;762;95.4;3.6;4.4;34.7;29.7;218;203;51.8;3.9;157;155;50.3;3.2;1;23;10
7138;95;95;12;6;10;5;17;3;5;0;0;0;0;15;4;2;13;72;69;70;36;10241;2653;42;99.8;4.9;3.2;38.3;24.3;196;129;60.3;8.7;148;96;60.7;9.3;1;0;0
7140;88;88;14;6;7;6;21;2;2;0;0;1;1;11;3;4;10;72;63;79;48;10830;2766;1859;103.5;4.7;2.0;41.6;25.9;235;136;63.3;3.5;175;100;63.6;4.8;1;67;34
7141;85;85;15;3;3;2;62;1;0;0;0;12;4;27;11;4;24;65;49;83;22;14604;336;1977;100.3;3.9;3.5;28.1;25.1;221;203;52.1;-3.9;161;149;51.9;-3.1;0;0;0
7144;101;101;15;1;8;-11;41;0;2;0;0;7;2;25;7;9;21;61;51;70;27;14508;2526;2387;94.2;3.0;5.7;26.3;33.3;193;235;45.1;1.3;155;184;45.7;1.9;1;0;0
7147;91;91;2;0;0;0;0;0;0;0;0;0;0;0;1;1;0;65;49;84;2;1656;0;254;100.0;0.0;0.0;13.0;21.7;19;20;48.7;-0.5;11;15;42.3;-6.7;0;0;0
7150;87;87;14;4;0;-9;43;0;0;0;0;3;1;18;7;0;13;57;54;53;22;10354;68;1197;90.4;2.4;5.6;28.5;30.6;153;156;49.5;-7.6;117;116;50.2;-6.2;0;20;9
7151;98;98;15;5;14;6;2;2;5;0;1;0;0;28;9;2;35;74;57;90;42;16757;3863;1082;103.8;3.0;2.1;27.5;30.1;245;278;46.8;5.7;182;197;48.0;6.6;1;0;0
7153;85;85;16;2;8;7;8;0;0;0;0;0;0;22;5;4;33;73;54;90;29;16271;780;1366;100.3;4.6;3.3;32.1;23.5;269;205;56.8;4.7;200;149;57.3;6.9;0;0;0
7154;98;98;15;2;4;7;17;0;0;0;0;3;1;14;2;8;25;66;54;77;15;12377;104;2450;108.0;3.5;1.5;27.9;32.0;188;215;46.7;4.8;144;152;48.6;6.7;0;70;26
7156;87;87;6;0;2;2;10;0;0;0;0;2;0;6;2;2;2;50;46;60;9;5561;13;129;109.9;3.2;1.9;22.7;44.0;67;116;36.6;-12.6;46;96;32.4;-16.0;0;0;0
7157;94;94;14;10;13;2;25;3;7;0;0;3;1;23;7;10;25;91;76;95;53;13838;3380;2028;101.2;3.6;2.9;30.4;26.5;237;187;55.9;13.1;167;135;55.3;12.6;3;292;156
7158;86;86;13;1;2;5;6;0;1;0;0;0;0;13;3;6;27;60;50;71;20;13341;1235;1442;103.0;3.2;1.9;31.3;25.6;225;195;53.6;-1.3;158;142;52.7;-2.8;0;1;0
7160;101;101;15;2;12;-6;19;1;3;0;0;3;0;15;3;10;36;77;64;88;41;16627;3788;937;100.1;3.0;4.3;23.8;34.2;223;274;44.9;1.1;168;200;45.7;1.9;1;0;0
7161;85;85;4;1;1;-1;2;0;0;0;0;0;0;2;2;2;6;53;50;56;6;3513;0;306;96.9;4.1;5.1;26.6;27.7;53;53;50.0;-12.0;40;38;51.3;-9.9;0;0;0
7162;91;91;13;2;6;2;14;1;1;0;0;1;1;10;2;15;28;67;58;76;49;14419;794;2366;94.2;4.0;3.5;44.9;23.7;306;199;60.6;2.6;233;140;62.5;4.8;0;0;0
7165;93;93;12;8;18;9;31;3;7;0;0;3;1;23;4;2;19;87;78;87;61;11026;2753;1987;99.6;5.6;2.6;45.1;20.6;236;116;67.0;36.8;190;81;70.1;40.0;0;273;175
7167;101;101;15;1;4;-3;14;0;0;0;0;2;0;27;7;6;33;65;50;79;20;16740;648;2468;103.0;3.2;3.9;22.6;34.2;211;281;42.9;-2.0;160;208;43.5;-1.4;0;0;0
7168;95;95;10;1;2;-2;2;0;0;0;0;0;0;7;1;0;1;54;56;47;12;10167;521;610;101.2;2.8;3.5;25.1;35.1;125;185;40.3;-16.8;97;136;41.6;-15.6;0;0;0
7169;87;87;11;6;8;5;31;3;1;0;1;5;2;9;0;3;14;78;72;79;29;9757;2411;1009;99.5;3.0;1.5;36.9;17.3;206;99;67.5;20.4;157;69;69.5;23.4;2;40;19
7170;140;140;14;4;5;-4;2;2;2;0;0;0;0;8;4;5;8;61;55;67;16;6126;1330;37;102.3;3.5;5.9;22.3;43.5;70;122;36.5;-10.0;56;97;36.6;-9.1;0;2;1
7171;146;146;15;0;1;-11;15;0;0;0;0;0;0;8;3;4;24;65;54;77;17;14932;1120;1109;96.4;0.7;3.4;17.1;43.4;130;343;27.5;-5.7;106;242;30.5;-3.3;0;0;0
7174;104;104;14;4;12;11;10;2;0;0;1;0;0;15;1;6;28;66;62;67;35;12510;1096;1062;107.5;5.8;2.3;37.4;29.1;241;190;55.9;7.5;180;135;57.1;9.2;0;25;12
7176;85;85;16;1;18;0;22;1;10;0;0;2;1;22;4;10;20;73;60;86;55;15770;4364;1013;98.5;3.4;3.4;28.8;25.6;246;226;52.1;-2.2;181;166;52.2;-0.8;0;0;0
7177;93;93;9;4;13;8;63;1;3;0;0;11;8;21;3;3;21;80;72;75;26;7777;1751;2;105.2;8.8;5.1;40.3;30.6;146;120;54.9;16.4;109;86;55.9;15.6;1;14;8
7180;98;98;15;2;3;-7;16;0;0;0;0;2;1;21;6;1;21;52;47;58;18;14512;627;2473;99.3;3.2;4.7;25.8;35.7;173;288;37.5;-8.4;135;210;39.1;-7.0;1;0;0
7181;104;104;15;1;9;-1;92;0;3;0;0;16;10;21;3;10;33;76;58;91;27;15756;2260;1631;98.5;3.2;3.2;37.2;31.8;282;247;53.3;3.1;212;190;52.7;2.4;0;0;0
7182;97;97;15;3;10;-6;74;0;5;0;1;12;6;41;1;15;43;77;56;87;36;13851;4002;3056;102.5;3.1;4.4;20.0;33.8;154;255;37.7;-5.4;115;196;37.0;-6.2;0;0;0
7183;88;88;14;2;4;11;10;1;2;0;0;0;0;22;2;9;19;72;56;89;37;14607;1774;2557;105.4;4.4;1.5;37.0;22.4;295;167;63.9;4.6;211;121;63.6;5.1;1;0;0
7184;104;104;16;1;9;-8;8;0;2;0;1;0;0;13;4;6;8;64;60;65;35;11739;2148;400;95.7;2.5;4.9;29.4;38.9;178;223;44.4;-8.9;128;169;43.1;-10.5;0;18;9
7185;88;88;14;6;10;5;15;1;4;1;0;1;0;38;5;2;12;80;68;88;41;10988;4465;897;98.9;3.9;2.3;44.2;22.9;241;132;64.6;5.3;182;96;65.5;7.4;0;174;114
7186;88;88;14;6;9;9;14;2;3;0;0;2;0;21;4;5;13;75;67;80;47;10265;2296;1987;102.9;5.3;1.8;40.7;17.5;229;111;67.4;8.8;161;78;67.4;9.5;1;50;23
7187;103;103;16;3;12;15;26;0;1;0;0;4;0;18;6;2;16;74;69;74;62;15943;804;2273;102.4;4.3;0.9;50.4;14.7;388;120;76.4;19.1;301;87;77.6;19.6;2;116;50
7188;101;101;15;5;8;4;18;2;4;0;0;2;0;22;5;5;5;73;60;82;28;13955;3071;190;105.5;3.4;2.3;27.1;33.5;203;221;47.9;5.3;152;172;46.9;3.6;1;273;157
7190;85;85;12;4;3;-4;0;0;0;0;0;0;0;5;3;2;2;56;52;53;14;8915;525;0;97.7;3.6;5.2;23.4;29.5;114;155;42.4;-10.8;79;116;40.5;-11.5;0;7;2
7191;103;103;16;18;14;10;12;9;8;0;1;0;0;27;1;8;11;95;82;96;107;15755;4604;2303;98.1;3.9;1.6;48.0;16.0;370;122;75.2;17.1;286;93;75.5;16.2;1;368;201
7192;96;96;13;2;7;-2;22;0;3;0;0;2;0;12;12;6;18;66;53;78;39;14524;3204;1797;101.5;4.0;4.2;26.3;31.0;204;223;47.8;2.9;152;174;46.6;1.6;2;0;0
7193;102;102;16;7;11;13;35;0;0;0;0;3;0;40;3;12;45;81;73;85;52;16205;1065;2173;100.9;4.9;2.0;48.2;21.5;410;182;69.3;11.0;296;139;68.0;11.5;1;247;126
7194;86;86;10;0;1;-4;41;0;0;0;0;7;2;10;4;4;6;59;47;75;12;8167;623;619;97.7;2.2;3.5;28.7;35.3;130;140;48.1;-10.2;96;103;48.2;-9.0;0;0;0
7195;103;103;16;5;20;13;52;1;8;0;0;8;4;9;4;6;7;74;73;73;43;12691;4513;283;101.8;6.2;2.3;45.4;19.0;282;122;69.8;8.4;211;91;69.9;7.2;1;30;16
7196;102;102;16;6;13;13;53;1;0;0;0;7;4;25;4;4;11;78;66;70;62;16308;1776;1126;101.0;4.6;1.8;47.5;20.1;400;176;69.4;11.1;292;136;68.2;11.7;0;48;23
7199;146;146;16;2;3;-7;0;0;1;0;0;0;0;12;10;6;18;62;53;70;11;13373;209;474;106.5;2.7;4.6;15.9;43.6;114;289;28.3;-3.8;86;215;28.6;-4.8;0;59;26
7201;99;99;16;8;17;15;18;0;5;0;1;0;0;19;7;9;25;71;56;84;77;17635;3267;2884;103.8;5.7;2.2;40.6;21.8;340;194;63.7;17.4;265;148;64.2;17.0;3;0;0
7203;86;86;12;0;1;-1;14;0;0;0;0;2;1;10;0;2;5;58;51;63;4;5233;0;849;100.9;2.1;2.8;22.0;32.3;59;106;35.8;-23.4;43;77;35.8;-23.0;0;22;10
7204;91;91;14;9;9;7;14;1;3;0;0;2;1;16;11;2;37;75;67;81;49;14362;3361;1433;102.1;5.0;3.3;36.3;27.8;270;233;53.7;-9.5;205;169;54.8;-9.0;2;0;0
7205;86;86;12;5;12;9;46;1;5;1;1;8;5;23;4;14;29;85;56;99;44;12674;3377;1937;103.6;4.5;2.0;34.4;20.7;220;158;58.2;3.9;161;112;59.0;5.2;1;1;0
7207;85;85;12;5;14;6;11;0;2;0;1;1;0;25;2;8;15;86;75;89;43;13000;1079;1890;92.1;5.3;3.9;41.5;18.8;271;143;65.5;16.0;202;111;64.5;16.0;1;319;157
7208;103;103;16;9;17;12;16;5;8;0;0;2;0;31;7;3;7;75;75;72;60;15610;4819;139;99.4;4.4;1.4;49.8;14.8;376;116;76.4;18.9;290;87;76.9;18.4;1;13;4
7209;95;95;13;7;19;6;43;6;7;0;0;7;1;21;6;9;23;81;79;80;47;12528;3108;1199;100.8;4.3;2.6;36.5;23.6;236;151;61.0;9.6;180;110;62.1;11.1;0;36;22
7210;97;97;16;3;13;4;38;2;4;0;0;4;1;35;7;14;51;80;57;94;47;16691;4209;1789;105.2;3.9;2.6;26.3;27.0;234;250;48.3;10.4;180;175;50.7;13.6;0;0;0
7212;94;94;14;0;9;0;0;0;6;0;0;0;0;15;3;6;17;65;54;77;39;14723;3236;1761;97.6;2.7;2.4;32.8;23.0;250;181;58.0;16.3;184;127;59.2;18.6;0;0;0
7213;85;85;16;7;17;10;4;0;2;0;0;0;0;12;4;3;7;67;68;63;48;17021;1781;1012;97.7;5.5;3.2;41.7;20.5;362;185;66.2;20.2;265;144;64.8;19.7;2;19;6
7214;95;95;7;1;1;5;18;0;0;0;0;1;1;5;5;3;12;64;46;88;19;7058;268;1042;105.7;4.1;1.5;36.2;27.5;125;94;57.1;-1.1;101;72;58.4;0.7;0;0;0
7216;88;88;13;7;7;13;8;0;2;0;0;0;0;10;2;9;15;79;68;85;34;9705;1644;2130;110.6;5.9;1.1;36.0;18.9;198;90;68.8;7.9;139;70;66.5;6.2;1;172;81
7217;98;98;15;0;10;-2;28;0;6;0;0;4;1;9;7;3;15;66;62;73;21;11184;3773;14;102.3;2.9;3.2;25.8;36.1;157;198;44.2;1.3;109;151;41.9;-2.5;0;3;0
7221;89;89;16;4;3;-4;20;1;0;0;1;2;0;12;7;9;24;66;56;73;25;12344;831;1846;103.6;2.0;3.2;16.6;37.0;128;270;32.2;-10.1;85;200;29.8;-12.6;0;21;8
7223;90;90;15;13;11;4;26;5;6;0;0;4;1;26;4;9;23;85;78;87;65;14794;2895;2481;100.8;4.9;3.7;35.8;28.5;293;206;58.7;14.8;204;155;56.8;13.1;1;25;12
7230;89;89;16;1;0;-11;21;0;0;0;0;3;0;7;3;7;8;56;50;62;9;6771;963;1866;94.1;1.1;6.9;18.1;58.5;71;197;26.5;-16.0;47;150;23.9;-18.6;0;40;15
7238;66;66;13;5;11;4;4;1;1;0;2;0;0;9;2;7;15;71;70;67;37;11732;1127;1445;92.3;3.7;3.1;37.4;17.5;241;128;65.3;8.1;168;89;65.4;8.6;0;191;103
7239;80;80;15;16;8;22;47;2;0;0;0;9;7;13;3;12;8;81;74;80;51;13755;908;652;96.3;7.9;1.8;60.7;11.0;417;82;83.6;10.5;314;58;84.4;11.5;1;245;134
7241;75;75;15;4;7;2;27;0;1;2;0;3;0;10;5;12;43;74;51;94;26;14416;1189;2852;100.9;2.5;2.7;26.2;31.7;189;254;42.7;6.0;147;185;44.3;7.1;1;0;0
7242;83;152;10;1;14;13;12;0;3;0;1;2;0;16;4;11;26;79;64;89;25;11422;1577;1898;105.8;6.6;2.5;43.5;26.8;246;144;63.1;5.5;186;109;63.1;4.3;0;0;0
7243;64;64;11;5;8;13;22;1;4;0;0;2;1;18;3;4;8;80;69;88;47;10091;2743;1696;107.6;6.4;1.4;37.5;15.0;192;92;67.6;20.8;135;66;67.2;20.1;1;66;29
7244;74;74;15;8;11;3;24;2;5;0;0;0;0;18;4;5;8;72;68;74;39;12948;3652;19;95.3;4.2;3.3;38.4;21.4;267;145;64.8;1.7;192;112;63.2;-1.5;1;312;166
7245;65;65;13;2;5;-8;46;1;2;0;0;8;5;21;1;7;34;80;65;90;31;11620;3233;990;97.5;1.5;3.4;22.3;36.2;147;216;40.5;-0.5;100;154;39.4;-1.4;0;0;0
7246;71;71;11;1;3;-6;19;1;0;0;0;1;0;8;0;1;6;56;55;55;11;8302;826;48;98.6;2.2;4.8;19.9;39.0;98;167;37.0;-11.1;73;122;37.4;-9.8;0;15;4
7252;74;74;15;4;2;3;60;1;0;1;1;8;4;25;6;8;8;67;56;74;18;7542;78;2657;103.4;2.4;1.4;27.7;27.2;115;96;54.5;-10.8;76;73;51.0;-15.5;1;26;11
7254;129;27;13;1;0;-2;0;0;0;0;0;0;0;11;2;1;6;59;51;66;4;7503;207;0;99.4;1.4;2.4;24.5;36.9;83;126;39.7;-5.2;65;104;38.5;-6.0;0;73;28
7256;78;78;16;2;5;2;27;0;0;0;0;3;1;17;3;7;30;73;61;83;33;12033;1188;3521;100.7;3.0;2.4;35.6;31.1;208;178;53.9;0.3;164;134;55.0;2.1;1;129;68
7259;83;83;15;7;14;16;4;1;6;0;1;0;0;15;10;18;17;89;78;93;74;17375;4432;2682;104.5;5.6;2.3;39.0;23.0;356;192;65.0;11.4;257;142;64.4;10.4;2;34;13
7260;126;126;14;1;1;2;2;0;0;0;0;0;0;3;7;1;6;57;50;64;9;5895;216;256;105.5;3.1;1.8;26.9;31.1;79;97;44.9;-14.5;56;79;41.5;-17.8;0;72;36
7261;66;66;13;13;10;11;34;8;2;0;0;4;0;15;3;10;16;89;92;88;105;12677;3423;576;98.8;4.5;1.4;46.0;12.8;323;105;75.5;24.1;225;78;74.3;22.6;3;33;16
7263;74;74;7;3;0;1;0;0;0;0;0;0;0;5;1;0;3;58;53;59;4;3641;129;218;105.5;3.0;2.0;25.7;32.6;46;58;44.2;-16.9;34;45;43.0;-17.7;1;26;12
7265;81;81;9;0;2;-6;32;0;0;0;0;6;4;4;5;1;22;65;54;72;11;7120;630;477;92.5;0.5;3.0;30.8;33.4;95;124;43.4;-3.6;73;86;45.9;-2.4;0;18;10
7268;84;84;10;5;6;-2;22;2;4;0;0;4;1;6;2;4;6;73;63;80;27;8220;2052;30;99.5;2.6;3.5;24.1;30.7;103;138;42.7;11.7;75;99;43.1;13.6;1;172;77
7270;71;71;12;1;3;-6;4;0;1;0;0;0;0;6;2;0;11;57;54;55;10;9557;667;253;98.1;1.9;4.1;21.5;38.8;108;195;35.6;-11.7;79;140;36.1;-10.3;0;142;72
7272;79;79;15;7;8;7;24;4;4;0;0;2;0;23;8;2;9;78;72;79;46;13009;3995;2915;99.4;3.6;1.4;45.1;16.1;284;119;70.5;23.1;213;79;72.9;26.4;1;54;31
7273;68;68;15;7;9;11;16;2;1;0;0;2;0;16;3;11;17;81;76;84;44;14317;3185;1225;104.3;4.5;1.8;37.0;22.1;315;155;67.0;18.8;227;116;66.2;16.7;0;31;16
7275;72;72;13;9;11;4;49;4;9;0;0;7;2;17;2;9;9;87;75;90;51;10921;3107;2270;99.1;4.0;2.3;37.2;20.1;210;109;65.8;15.2;148;85;63.5;12.4;0;301;159
7276;78;78;16;4;7;4;45;2;3;0;0;7;1;29;8;16;29;84;56;97;57;13900;5412;3832;100.0;2.6;1.6;38.1;22.8;268;148;64.4;15.2;210;113;65.0;16.5;0;1;0
7277;72;72;13;5;6;6;25;2;0;0;0;3;0;23;4;1;14;66;61;66;28;11541;399;1140;101.8;4.4;2.5;35.6;23.7;213;135;61.2;9.1;149;106;58.4;5.6;0;26;13
7279;83;83;15;6;17;6;14;3;9;0;0;0;0;29;4;3;3;73;72;71;52;12359;4279;14;102.6;4.4;2.0;40.5;24.8;246;144;63.1;7.0;179;107;62.6;6.3;1;8;4
7281;77;77;14;2;4;-6;33;0;0;0;1;1;0;22;4;9;40;71;57;82;21;11506;858;1518;97.7;1.9;3.4;23.5;33.5;132;220;37.5;0.5;100;158;38.8;0.4;1;173;81
7282;84;84;15;3;8;-19;33;1;2;0;0;5;1;21;10;9;20;70;57;78;24;13614;2595;812;91.0;1.9;6.6;20.4;36.5;156;260;37.5;6.4;112;200;35.9;5.4;0;25;5
7285;80;80;15;11;8;26;15;1;0;0;0;1;1;16;3;3;12;68;69;62;55;13348;7;646;101.0;8.4;1.3;62.0;10.8;413;83;83.3;10.1;312;59;84.1;11.0;2;1;1
7286;75;75;15;1;7;4;28;0;0;1;2;4;1;27;2;12;26;71;61;80;36;15043;2696;2629;99.4;2.2;1.9;32.3;26.3;250;215;53.8;22.5;186;150;55.4;23.3;0;115;49
7291;76;76;14;14;8;12;23;5;2;0;0;3;1;42;5;9;6;86;83;80;67;13149;3854;1812;97.4;6.0;2.5;48.7;16.4;301;119;71.7;13.3;228;81;73.8;12.4;3;47;24
7294;79;79;14;2;2;7;70;0;0;0;0;12;9;11;3;1;5;67;54;64;17;11256;464;412;101.6;3.2;1.0;41.9;16.0;239;109;68.7;19.4;177;70;71.7;23.1;0;186;95
7296;72;72;10;0;4;0;6;0;0;0;0;0;0;6;1;4;18;65;51;80;9;8128;419;1503;96.5;4.0;4.0;32.3;25.2;139;117;54.3;-3.7;96;87;52.5;-4.2;0;0;0
7300;68;68;15;6;3;-1;15;1;0;0;0;3;0;15;1;6;14;67;62;68;26;10976;1404;679;95.1;3.0;3.3;36.4;25.3;204;155;56.8;3.4;159;109;59.3;6.0;0;13;6
7301;69;69;15;0;5;-14;64;0;2;0;0;10;3;29;6;8;27;70;57;81;16;12199;2770;1576;95.6;1.2;4.7;19.2;44.9;127;245;34.1;2.5;94;202;31.8;0.7;0;29;10
7303;71;71;15;5;16;0;19;3;7;0;0;3;0;20;3;10;17;77;72;79;45;13204;3602;1915;100.9;3.5;3.3;30.3;30.3;209;194;51.9;10.7;154;146;51.3;10.7;1;32;17
7304;66;66;13;10;11;13;8;3;5;0;0;0;0;10;4;2;12;78;78;82;59;12765;3237;310;103.1;4.8;1.1;45.1;14.9;312;113;73.4;20.9;220;91;70.7;17.6;0;296;158
7305;146;146;16;4;1;-8;6;2;1;0;0;0;0;19;2;5;20;62;55;67;24;15927;2089;1746;101.8;2.3;3.8;20.3;41.4;149;335;30.8;-0.4;121;243;33.2;1.7;0;0;0
7307;83;83;14;3;7;10;97;0;3;1;0;19;13;26;5;4;18;74;66;74;56;12917;2963;935;106.7;4.7;2.0;33.2;25.6;230;164;58.4;3.4;161;129;55.5;-0.1;0;0;0
7311;83;83;15;6;6;13;14;0;1;0;0;2;0;12;6;5;10;69;63;70;32;12981;1686;911;106.0;5.0;1.7;39.4;25.0;251;179;58.4;0.4;189;132;58.9;1.2;0;72;26
7312;68;68;1;0;1;0;0;0;1;0;0;0;0;1;0;1;1;68;60;78;2;661;115;54;100.0;0.0;0.0;21.8;32.7;7;11;38.9;-7.0;4;7;36.4;-11.3;0;0;0
7313;72;72;10;1;5;0;9;1;0;0;0;1;0;3;5;3;7;62;56;67;22;9000;953;752;96.9;5.2;5.2;36.0;29.6;154;139;52.6;-3.9;120;101;54.3;-0.9;0;0;0
7314;79;79;11;4;6;5;35;2;3;0;0;4;1;44;5;1;14;81;72;85;55;9901;3214;1913;97.7;3.3;1.1;46.2;11.6;222;77;74.2;22.9;166;50;76.9;26.4;0;87;50
7315;78;78;16;3;8;1;43;1;0;1;0;3;1;9;2;2;5;62;56;58;20;11041;421;493;97.8;3.6;3.6;32.9;27.4;177;170;51.0;-3.6;132;123;51.8;-2.3;0;23;12
7320;80;80;15;8;20;15;37;2;4;0;0;3;1;20;5;4;13;90;84;86;73;14128;3139;841;98.2;5.6;1.3;61.9;11.7;456;88;83.8;11.4;339;67;83.5;10.6;1;234;134
7323;70;70;15;10;8;12;14;2;0;0;1;2;1;20;11;2;9;76;74;73;53;14714;1586;2547;103.3;4.6;2.0;40.6;24.0;304;176;63.3;6.7;224;137;62.0;5.4;2;53;22
7324;75;75;15;1;6;5;48;0;1;1;3;6;2;27;7;5;54;72;52;90;26;15992;2125;3089;102.8;2.0;1.8;25.2;34.4;213;321;39.9;2.3;153;219;41.1;2.7;0;0;0
7326;67;67;13;3;3;0;8;1;2;0;0;0;0;10;2;0;3;63;61;60;27;10344;1873;116;100.5;1.7;1.7;24.7;26.5;121;147;45.1;1.9;96;110;46.6;4.6;0;18;9
7330;70;70;12;3;5;8;19;0;2;0;0;3;2;10;3;1;0;69;65;70;22;10743;3306;669;104.3;5.0;2.0;37.5;22.1;212;126;62.7;8.5;153;97;61.2;6.1;0;37;27
7332;64;18;13;7;14;7;19;2;5;0;1;2;0;27;3;9;24;90;67;97;48;14347;3396;1321;100.9;4.3;2.5;35.4;22.6;285;155;64.8;18.7;201;119;62.8;15.6;1;0;0
7333;72;72;12;3;4;1;56;0;0;0;0;10;5;22;6;8;22;68;51;82;39;12863;1381;2140;97.1;3.4;3.1;33.9;24.1;244;160;60.4;9.3;172;117;59.5;7.6;2;0;0
7334;72;72;8;2;7;1;2;1;4;0;0;0;0;22;2;3;20;89;64;96;32;7441;2706;1573;99.1;2.4;1.9;31.0;22.3;133;90;59.6;2.1;101;66;60.5;3.1;0;0;0
7336;70;70;15;6;11;7;45;1;4;0;0;5;2;20;5;11;48;77;61;91;63;15929;3644;2391;99.4;4.7;2.9;40.5;23.7;308;197;61.0;3.2;241;147;62.1;5.7;1;0;0
7337;81;81;13;3;13;12;13;1;3;0;1;1;1;21;2;5;14;82;80;82;40;12988;2771;1082;106.1;5.0;1.7;35.5;20.8;252;142;64.0;24.7;181;101;64.2;24.7;0;10;5
7338;76;76;14;0;5;5;52;0;0;0;0;10;4;19;3;3;28;67;57;75;30;15371;908;1749;91.6;4.7;3.5;41.5;17.8;316;150;67.8;8.0;241;104;69.9;6.9;0;0;0
7339;63;63;14;10;9;5;9;6;3;0;0;1;0;15;3;7;13;76;70;81;49;11260;3372;1335;99.5;4.5;2.9;41.6;25.6;244;134;64.6;5.2;183;107;63.1;4.5;3;45;27
7340;17;17;17;0;3;-13;6;0;0;0;0;0;0;17;10;14;8;63;56;68;20;13462;1741;42;94.1;1.9;5.1;31.6;43.1;177;242;42.2;-0.6;133;181;42.4;2.2;0;194;84
7342;67;67;10;0;1;-3;12;0;0;0;0;2;0;12;5;1;7;58;51;64;5;6792;0;333;98.3;1.6;3.2;18.0;30.2;61;105;36.7;-9.3;45;81;35.7;-8.7;0;4;3
7343;79;79;12;2;0;-1;32;0;0;0;0;4;0;17;1;4;21;63;53;74;15;10728;172;1433;99.2;2.0;2.3;28.9;30.2;160;155;50.8;-8.7;119;109;52.2;-6.6;0;0;0
7345;68;68;10;2;8;5;4;1;4;0;0;0;0;14;0;2;4;72;70;69;30;8788;2001;573;100.7;4.1;2.0;42.6;22.9;224;96;70.0;20.1;157;72;68.6;16.6;1;11;5
7347;83;83;10;12;9;6;33;6;2;0;0;3;1;20;4;4;9;80;81;71;53;8742;2370;741;97.9;5.8;2.9;44.1;18.9;192;79;70.8;14.3;144;60;70.6;13.4;1;33;18
7350;77;77;14;6;14;0;11;1;9;0;0;1;0;28;7;7;19;75;71;76;48;13944;3143;1982;102.0;3.1;3.1;30.7;38.2;204;264;43.6;9.7;160;195;45.1;10.0;0;55;27
7352;83;83;4;2;3;-3;10;2;2;0;0;2;1;6;1;2;4;79;68;81;9;2705;900;553;92.7;1.3;4.0;34.6;35.9;53;40;57.0;10.7;35;33;51.5;5.8;1;3;2
7353;81;81;13;4;9;1;7;1;2;0;1;1;0;16;5;5;32;72;61;82;63;15064;2997;2244;99.0;3.6;3.3;32.3;27.7;238;228;51.1;6.4;178;161;52.5;8.5;1;0;0
7354;67;67;13;3;8;0;46;1;2;0;0;8;4;14;4;4;8;65;62;63;16;10944;2150;454;103.0;3.3;3.0;24.7;28.6;148;157;48.5;6.8;109;121;47.4;5.9;1;7;6
7355;76;76;14;4;7;3;15;2;1;0;0;1;1;14;0;1;5;71;71;65;52;12064;3297;14;94.4;3.6;2.4;43.6;17.3;266;125;68.0;7.7;201;73;73.4;11.1;0;20;8
7356;80;80;12;2;5;8;16;0;2;0;0;0;0;6;0;4;5;61;59;59;13;5822;650;7;108.8;7.4;2.5;39.0;24.1;120;87;58.0;-21.9;84;59;58.7;-21.5;0;1;1
7364;71;71;15;5;7;0;17;2;2;0;1;1;1;17;2;8;37;80;62;94;33;13451;3590;2165;100.1;3.2;3.2;29.4;29.7;208;200;51.0;9.5;153;147;51.0;10.2;0;64;27
7365;70;70;14;4;10;10;67;0;4;0;0;11;3;25;2;18;28;86;61;97;55;14166;3768;1475;103.8;4.6;1.8;39.6;22.9;275;156;63.8;5.9;212;117;64.4;7.2;1;0;0
7368;76;76;10;0;3;4;9;0;0;0;0;0;0;6;2;2;6;62;52;74;16;9155;211;1516;100.9;4.3;2.8;35.0;24.0;161;126;56.1;-7.6;119;87;57.8;-9.8;0;0;0
7369;73;73;15;10;9;0;56;3;3;2;0;10;4;37;6;15;31;81;71;86;47;13478;3910;2692;99.1;3.5;4.0;27.8;29.9;182;211;46.3;20.2;141;163;46.4;19.5;1;34;18
7371;74;74;10;1;1;2;5;1;0;0;0;1;0;2;0;1;9;59;54;58;9;4487;7;940;104.9;3.2;1.6;32.1;31.3;71;74;49.0;-18.3;51;49;51.0;-16.2;0;6;2
7372;74;74;15;4;15;18;9;0;1;0;0;1;0;17;8;6;3;68;62;69;32;12868;160;494;103.4;6.7;2.0;49.5;19.3;293;131;69.1;7.9;235;100;70.1;8.7;0;194;110
7375;153;153;2;0;0;0;0;0;0;0;0;0;0;0;0;0;0;53;50;56;4;837;74;0;100.0;0.0;0.0;38.7;17.2;14;8;63.6;-1.6;12;5;70.6;7.8;0;1;0
7379;75;75;15;6;6;-2;36;2;4;0;0;4;1;21;9;6;34;75;60;89;48;15052;3792;1076;99.2;1.7;2.4;26.8;33.7;204;287;41.5;4.7;150;202;42.6;4.8;0;0;0
7381;151;152;15;3;3;1;8;0;1;0;0;0;0;20;7;6;15;66;59;67;29;12895;1238;169;100.8;2.0;1.7;26.5;25.4;189;175;51.9;-0.3;138;119;53.7;1.2;0;159;87
7382;76;76;14;5;6;3;15;0;0;0;0;1;0;9;3;4;14;67;64;66;33;13179;198;2133;92.7;4.6;3.8;39.1;19.9;249;153;61.9;-1.0;189;96;66.3;1.2;1;255;130
7383;81;81;12;2;2;-3;16;1;0;0;0;2;1;8;3;6;14;64;60;64;23;10635;358;1113;96.4;1.4;2.7;29.4;32.8;160;183;46.6;-0.1;115;134;46.2;-1.0;0;15;9
7386;79;79;13;0;1;0;4;0;0;0;0;0;0;8;0;7;25;64;51;81;11;11811;17;3327;98.7;1.8;1.8;31.4;25.6;203;154;56.9;2.8;140;114;55.1;1.0;0;0;0
7390;76;76;12;1;2;2;46;0;0;0;0;8;4;12;3;1;22;60;50;67;16;8780;108;1789;95.7;4.1;3.3;41.0;23.0;178;108;62.2;-2.0;138;78;63.9;-3.5;0;10;3
7392;71;71;15;3;5;-9;4;3;4;0;0;0;0;8;2;3;11;64;56;71;20;6883;3501;137;96.2;2.6;6.8;22.5;43.9;88;149;37.1;-8.4;63;112;36.0;-9.1;1;27;9
7393;67;67;13;3;3;-9;14;2;0;0;0;0;0;19;2;5;22;65;56;69;28;12183;1125;1724;92.3;1.2;3.8;24.8;30.7;166;185;47.3;5.4;125;146;46.1;4.4;0;58;21
7394;80;80;15;5;6;3;47;1;0;0;0;9;3;28;7;1;9;67;64;66;35;10278;915;238;97.5;3.9;2.5;46.6;22.8;265;115;69.7;-8.4;179;82;68.6;-10.1;1;4;2
7396;71;71;6;2;1;0;2;0;0;1;0;0;0;3;1;3;8;57;54;55;4;4249;18;633;107.1;3.4;4.2;18.6;38.1;42;84;33.3;-20.9;29;58;33.3;-21.2;1;29;12
7397;82;82;4;0;2;3;0;0;0;0;0;0;0;5;2;4;4;61;52;70;4;3920;0;369;115.7;4.6;1.8;22.0;35.8;48;61;44.0;-13.8;36;47;43.4;-12.2;0;0;0
7399;74;74;15;9;26;15;38;4;8;1;0;4;1;27;9;6;29;90;73;96;95;15070;3882;1781;101.8;5.0;1.7;47.1;18.9;328;149;68.8;7.8;261;112;70.0;9.0;2;0;0
7400;76;76;5;5;6;8;2;1;4;0;0;0;0;3;1;2;2;77;82;69;25;4024;1376;0;103.1;8.9;1.8;57.3;14.3;110;32;77.5;18.3;83;22;79.0;16.4;0;2;1
7403;70;70;4;0;1;-2;13;0;0;0;0;1;1;8;0;2;2;56;51;56;5;3672;70;208;92.8;2.0;3.9;40.2;32.4;77;54;58.8;-6.5;54;43;55.7;-9.3;0;0;0
7405;84;84;15;0;0;-14;11;0;0;0;0;1;1;10;5;5;13;50;49;49;13;10524;1304;466;98.3;1.7;6.5;15.7;51.7;86;266;24.4;-11.2;67;200;25.1;-9.2;0;20;6
7408;82;82;15;2;13;8;21;2;0;0;0;3;1;18;8;7;42;68;54;83;38;15944;3072;2747;101.0;4.5;3.2;31.6;23.7;267;198;57.4;18.1;200;143;58.3;19.5;0;0;0
7410;106;106;15;6;10;3;82;2;2;0;0;14;6;54;6;7;25;74;65;74;31;13335;845;2909;100.0;3.8;3.2;28.9;24.8;207;200;50.9;4.7;158;134;54.1;9.0;1;96;59
7411;113;113;14;2;8;0;18;0;2;0;0;2;0;18;5;4;12;69;64;73;37;12845;4194;637;102.3;3.6;3.1;30.0;31.4;198;198;50.0;9.2;139;153;47.6;6.8;0;26;12
7413;110;110;14;10;22;11;9;3;8;0;0;1;0;23;1;6;13;84;84;81;62;12602;3514;908;96.4;6.6;3.1;47.4;18.0;315;110;74.1;24.3;233;80;74.4;24.4;1;24;12
7414;119;119;17;2;2;-5;35;0;0;0;0;5;0;12;7;2;14;59;54;62;22;13826;1733;1024;102.2;2.1;3.6;19.5;43.2;133;307;30.2;-1.9;103;232;30.7;-2.7;0;230;116
7416;107;107;14;2;5;-13;22;0;3;0;0;2;0;32;5;9;34;81;66;90;39;14133;4296;2967;91.9;2.0;5.1;24.5;31.1;162;234;40.9;5.8;127;158;44.6;9.5;0;0;0
7418;111;111;12;0;0;-10;0;0;0;0;0;0;0;6;1;1;3;51;50;51;2;5437;118;26;89.1;0.7;7.3;13.2;45.7;44;142;23.7;-23.7;34;101;25.2;-23.0;0;14;4
7419;118;118;14;4;11;11;42;1;5;0;0;4;3;14;9;3;14;85;67;97;66;15295;3821;1461;105.5;4.0;1.4;35.3;24.2;301;182;62.3;13.2;215;139;60.7;12.5;1;0;0
7421;108;108;14;6;12;17;28;3;3;0;1;2;1;20;3;9;38;88;67;98;50;14259;3946;1603;111.7;6.1;1.5;34.1;24.7;248;184;57.4;11.1;181;134;57.5;11.0;0;0;0
7422;116;116;14;15;16;24;8;8;2;0;0;0;0;13;6;6;12;91;82;93;83;13649;4155;2397;106.4;7.4;1.1;57.0;16.1;391;101;79.5;15.7;296;84;77.9;14.1;3;118;59
7424;114;114;16;8;10;10;26;3;3;0;0;4;2;14;4;6;13;83;65;88;52;13564;2554;3017;104.2;4.2;1.3;38.5;19.4;274;165;62.4;12.3;205;116;63.9;14.5;1;302;155
7426;108;108;14;2;6;0;6;0;1;0;0;0;0;15;1;0;5;59;55;58;10;7153;657;489;110.4;3.5;3.5;18.1;38.8;65;143;31.3;-22.8;50;109;31.4;-23.1;0;6;1
7428;146;146;16;3;1;-5;18;1;0;1;0;0;0;17;6;5;12;62;55;66;18;11245;195;1899;98.4;1.0;2.9;18.6;42.3;99;251;28.3;-3.6;75;185;28.8;-4.2;1;78;27
7433;47;47;2;0;0;-3;0;0;0;0;0;0;0;6;1;0;1;52;47;55;0;1627;0;123;84.2;0.0;6.6;24.3;42.0;18;34;34.6;4.7;13;28;31.7;-0.1;0;0;0
7436;115;115;15;2;6;-6;16;0;2;0;0;0;0;19;7;4;29;71;59;81;26;10127;3525;591;101.7;2.8;4.3;22.8;39.5;123;228;35.0;-14.4;93;165;36.0;-13.5;1;22;11
7438;114;114;16;2;15;5;84;1;6;0;0;9;2;40;1;10;42;71;56;83;60;16519;3666;2429;100.9;3.9;2.6;34.2;24.8;272;238;53.3;-0.6;206;173;54.4;1.3;0;0;0
7440;109;109;15;6;5;-12;61;3;4;0;0;11;3;20;3;3;17;71;63;74;44;11335;3289;107;81.9;1.3;5.1;39.7;23.8;211;143;59.6;0.4;165;103;61.6;3.5;2;262;134
7441;43;17;11;1;5;-6;8;1;2;0;0;0;0;15;2;3;12;71;57;86;20;9924;3305;1036;94.2;2.5;4.7;31.6;34.1;147;162;47.6;2.9;115;123;48.3;5.2;0;0;0
7443;122;122;14;0;1;-5;12;0;0;0;0;0;0;26;2;11;28;56;47;70;13;14549;202;2265;99.0;2.5;3.7;27.2;36.6;187;289;39.3;4.5;148;210;41.3;6.7;0;0;0
7445;120;120;16;5;15;11;10;2;4;0;0;0;0;20;5;5;28;72;62;80;61;16486;4408;1441;101.0;4.4;2.0;36.9;18.1;349;147;70.4;8.3;247;102;70.8;9.1;1;0;0
7449;115;115;15;6;19;10;12;1;8;0;0;0;0;18;1;6;9;73;70;75;50;13845;3355;989;104.5;5.7;2.6;35.1;22.1;257;157;62.1;23.0;190;110;63.3;24.4;0;18;13
7451;120;120;14;6;17;10;60;2;7;0;0;12;7;38;3;1;8;83;73;87;36;12851;4003;1280;105.6;4.8;2.0;34.5;23.8;247;145;63.0;-7.5;184;113;62.0;-8.1;1;0;0
7452;110;110;14;1;0;1;4;0;0;0;0;0;0;5;2;1;12;60;52;68;22;12532;1390;1312;98.5;3.4;2.9;34.2;24.7;211;174;54.8;-4.0;160;125;56.1;-2.8;0;38;16
7453;107;107;14;5;2;-8;19;0;0;0;0;1;0;13;6;2;30;63;59;61;28;11879;94;1125;94.6;2.1;4.5;26.7;33.9;162;218;42.6;8.2;119;152;43.9;8.4;0;31;11
7455;121;121;14;8;8;1;23;4;2;0;0;3;0;28;0;8;18;78;72;81;45;12395;3636;2842;101.6;2.9;2.3;29.9;28.8;207;188;52.4;27.6;149;142;51.2;25.5;1;73;33
7456;105;105;14;7;14;-2;25;3;5;0;0;1;0;16;2;11;29;78;72;81;49;12480;4302;284;100.2;3.2;3.8;28.6;34.3;180;211;46.0;12.9;138;157;46.8;12.6;0;17;10
7457;113;113;14;5;6;-4;51;1;3;0;0;9;8;23;7;6;37;81;63;90;27;9542;3135;898;98.5;2.6;3.8;27.5;34.0;125;176;41.5;-2.8;98;125;43.9;1.3;0;181;95
7458;107;107;14;2;3;-13;17;0;1;0;0;1;0;20;7;4;20;57;54;54;13;11733;172;2413;91.7;2.1;6.1;25.8;36.8;137;216;38.8;2.6;107;157;40.5;3.5;0;22;12
7459;120;120;16;4;12;4;32;2;7;0;0;2;0;23;5;6;8;77;68;82;39;13051;4392;2406;99.6;2.5;1.4;40.0;21.0;279;132;67.9;4.1;204;100;67.1;3.3;1;280;150
7462;122;122;15;3;12;-1;9;0;8;1;0;1;0;12;3;5;14;72;65;79;51;13397;4192;782;97.0;2.1;2.4;34.7;26.3;227;192;54.2;23.3;168;141;54.4;22.0;0;10;2
7464;105;105;14;9;9;-3;45;4;4;0;0;7;3;30;5;6;23;83;72;90;56;12883;4017;756;102.4;3.6;4.2;26.3;36.6;172;223;43.5;9.4;130;164;44.2;8.9;0;51;31
7465;106;106;16;2;6;3;28;0;0;0;0;2;0;7;2;3;17;60;55;63;17;11507;209;1350;105.6;3.1;2.2;28.2;40.0;156;230;40.4;-9.6;118;173;40.5;-9.6;0;42;20
7468;119;119;13;1;3;-4;17;0;0;0;1;1;1;12;4;6;58;75;51;97;18;13415;1175;1127;98.4;1.1;2.4;18.2;32.5;130;250;34.2;5.6;92;171;35.0;5.9;0;0;0
7470;108;108;14;12;9;9;28;5;4;0;1;2;0;14;7;5;26;78;76;78;63;12360;3470;1307;104.9;5.2;2.0;35.2;20.4;250;143;63.6;19.7;170;99;63.2;18.4;1;55;27
7471;105;105;14;7;8;7;14;0;2;0;0;2;0;28;2;8;16;72;63;73;31;11746;1242;1709;110.2;5.5;3.1;30.6;39.2;162;238;40.5;5.0;126;173;42.1;6.0;1;69;32
7473;108;108;14;6;3;-3;52;2;1;0;0;10;3;15;6;3;15;64;59;64;30;11163;1443;614;95.7;2.9;3.9;29.0;27.1;165;174;48.7;-2.1;115;117;49.6;-1.1;1;83;36
7476;47;47;5;0;0;-3;0;0;0;0;0;0;0;4;2;0;5;62;50;79;2;3511;443;264;97.7;2.1;5.1;22.6;45.1;46;90;33.8;-0.5;27;66;29.0;-7.8;0;5;1
7478;117;117;15;5;21;13;23;1;9;0;1;3;1;21;6;6;35;83;66;94;64;15640;4098;2780;98.5;6.0;3.0;41.2;18.6;345;155;69.0;9.8;247;110;69.2;11.6;0;0;0
7479;108;8;14;9;15;12;28;3;8;0;0;4;1;10;6;9;13;77;75;83;64;11947;3768;1091;106.5;6.0;1.8;37.7;19.0;248;133;65.1;21.5;172;91;65.4;21.3;1;20;9
7483;116;116;14;8;16;24;40;3;5;0;0;4;2;15;5;2;6;75;76;71;41;12741;3526;364;106.4;7.9;1.1;57.9;15.5;382;94;80.3;16.6;282;76;78.8;15.0;2;0;0
7484;120;120;16;9;10;20;16;3;0;0;0;2;0;35;6;2;17;71;62;71;35;15679;1212;1251;106.1;6.2;1.6;39.5;16.8;349;128;73.2;12.4;255;94;73.1;12.6;0;250;146
7487;116;116;10;1;4;10;11;0;0;0;0;1;0;18;4;1;6;69;59;78;29;10567;817;1742;104.3;4.1;0.7;47.7;16.0;263;85;75.6;7.0;197;64;75.5;8.0;1;0;0
7488;118;118;14;3;7;4;7;1;1;0;0;1;0;21;4;8;17;65;57;71;30;11151;1207;924;104.5;3.6;2.3;30.7;32.0;177;177;50.0;-5.2;134;131;50.6;-2.8;0;24;12
7490;109;109;16;3;7;11;13;1;3;0;0;1;0;13;4;15;31;69;58;80;43;17435;2499;2704;101.0;4.5;2.3;39.2;21.5;364;177;67.3;10.8;270;134;66.8;10.5;0;0;0
7491;112;112;15;1;7;-4;16;0;0;0;1;0;0;21;3;4;22;64;57;67;19;11286;129;2004;95.5;2.2;3.8;24.9;28.4;165;168;49.5;-6.5;121;119;50.4;-3.9;0;60;31
7492;116;116;14;8;6;10;15;1;0;0;0;1;0;16;6;16;18;81;69;87;38;13062;646;2322;102.7;4.1;1.4;38.3;17.1;266;113;70.2;0.8;193;86;69.2;-0.0;0;37;17
7494;140;140;14;1;3;6;4;0;0;0;1;0;0;10;7;4;9;64;52;77;22;12424;297;775;107.0;3.2;1.7;26.4;34.2;147;239;38.1;-9.9;117;179;39.5;-6.9;0;0;0
7495;120;120;16;0;7;2;5;0;1;0;0;1;0;21;2;3;1;60;58;57;27;12720;75;268;98.0;2.3;1.7;39.3;21.8;273;132;67.4;3.4;195;101;65.9;1.6;0;17;8
7503;107;107;14;1;4;-15;28;0;0;0;0;4;1;12;3;14;33;74;55;90;27;13851;1065;1379;89.6;1.3;5.2;25.0;33.3;173;255;40.4;5.3;126;180;41.2;4.7;0;0;0
7507;115;115;15;7;11;9;14;1;3;0;0;0;0;23;6;10;20;75;67;80;38;13028;830;1868;109.0;5.0;2.5;28.7;29.8;192;209;47.9;2.8;141;155;47.6;2.1;0;39;23
7513;109;109;16;3;5;-4;2;0;0;0;0;0;0;8;7;0;9;58;57;51;26;12408;157;147;90.1;2.6;3.8;40.0;22.9;240;162;59.7;-0.8;187;112;62.5;3.3;0;18;8
7514;121;121;14;1;3;-5;46;0;0;0;0;8;3;22;0;0;13;63;52;62;14;12036;92;1059;102.7;2.1;3.3;18.5;38.3;126;249;33.6;0.6;91;186;32.9;-1.0;0;34;14
7518;111;111;13;3;6;0;6;0;2;0;0;0;0;11;4;10;21;73;66;79;35;10266;1090;2426;93.8;3.9;3.9;37.9;23.5;194;114;63.0;4.8;144;85;62.9;5.4;0;79;49
7522;116;116;14;0;0;-1;12;0;0;0;0;2;0;13;3;0;1;56;50;57;3;5300;20;348;95.0;3.4;4.1;36.7;28.5;103;64;61.7;-9.0;76;53;58.9;-11.8;0;8;6
7524;132;132;14;3;6;-7;2;1;2;0;0;0;0;7;7;3;15;63;53;72;24;13068;2884;569;97.6;1.7;2.8;24.0;29.8;156;208;42.9;-3.3;111;156;41.6;-5.4;0;0;0
7530;114;114;16;1;1;-5;4;0;0;0;0;0;0;4;0;1;4;53;50;50;4;6422;90;0;98.2;2.2;5.0;23.0;43.7;63;155;28.9;-29.0;52;112;31.7;-25.5;1;34;11
7531;113;113;14;4;3;2;13;0;1;0;0;1;0;21;6;1;9;60;53;57;23;10374;497;0;104.8;3.5;2.8;26.0;32.6;149;182;45.0;1.8;100;134;42.7;-0.3;0;3;0
7533;111;111;15;4;24;4;8;1;9;0;0;0;0;13;3;10;20;81;79;82;52;14646;3344;2938;93.7;4.9;3.9;45.0;22.9;347;165;67.8;15.8;264;123;68.2;17.2;0;25;9
7534;121;121;11;0;2;-4;62;0;0;0;0;9;6;13;1;2;14;63;54;70;12;8994;964;1040;100.6;2.0;3.6;20.0;38.4;98;194;33.6;1.3;60;134;30.9;-2.9;0;0;0
7536;116;116;14;6;16;15;27;2;10;0;0;3;0;16;4;6;22;84;70;94;85;14439;4361;1690;103.9;4.7;1.0;47.9;16.7;359;119;75.1;8.6;263;92;74.1;7.6;1;0;0
7537;122;122;15;8;9;-2;10;6;3;0;0;0;0;34;2;16;46;92;76;96;63;14453;4316;2612;97.6;2.0;2.2;34.1;27.2;246;210;53.9;23.8;182;153;54.3;22.8;0;141;80
7539;110;110;14;17;19;11;42;7;5;0;1;8;4;27;7;14;15;93;85;92;85;12110;3622;2692;94.9;6.5;3.3;46.1;16.9;305;102;74.9;25.0;224;71;75.9;25.9;3;53;26
7540;109;109;16;7;11;11;15;3;4;0;0;1;0;41;5;14;18;85;65;97;81;17312;4200;1489;100.6;4.4;2.1;40.8;20.6;373;170;68.7;12.9;278;130;68.1;12.6;1;0;0
7542;110;110;14;2;7;2;29;1;3;0;0;5;2;19;2;5;24;67;53;80;45;15113;3094;2386;98.1;4.0;3.6;33.3;25.5;273;204;57.2;-0.6;193;148;56.6;-2.4;1;0;0
7545;113;113;14;0;7;-5;8;0;1;0;1;0;0;17;3;5;14;60;57;59;19;9961;201;2477;96.0;3.3;5.8;27.1;36.1;131;176;42.7;-1.4;99;131;43.0;0.1;0;6;1
7547;118;118;13;0;0;1;2;0;0;0;0;0;0;1;1;0;7;54;50;56;6;4587;0;62;109.9;2.4;1.6;17.3;42.4;37;96;27.8;-29.2;27;73;27.0;-28.9;0;0;0
7548;120;120;16;0;4;4;42;0;1;0;0;6;0;14;2;9;12;67;53;83;35;14173;411;1717;98.5;2.8;1.8;35.6;19.1;273;141;65.9;1.3;195;104;65.2;0.6;0;0;0
7550;111;111;14;3;11;4;76;1;5;1;0;12;4;31;1;11;21;72;61;81;54;14224;3041;2312;91.3;4.8;4.0;42.5;20.2;328;136;70.7;18.0;243;103;70.2;18.2;0;0;0
7551;112;112;15;6;13;11;64;2;7;0;0;8;1;31;5;11;6;79;65;80;42;13468;3866;409;102.9;5.1;1.9;41.4;20.0;300;131;69.6;22.2;211;96;68.7;22.5;1;31;20
7553;109;109;15;3;5;-1;80;1;0;0;0;12;5;13;7;5;6;70;62;74;28;12536;1290;1478;96.0;2.6;2.9;36.2;25.8;255;156;62.0;1.2;182;118;60.7;-0.1;1;183;108
7559;97;97;15;1;8;-10;12;0;1;1;0;0;0;11;2;8;19;61;51;72;10;13709;230;3015;95.4;3.7;6.6;27.8;36.8;187;240;43.8;5.3;147;189;43.8;4.1;0;0;0
7580;80;80;10;1;0;5;0;0;0;0;0;0;0;6;6;0;3;57;48;69;14;8718;0;792;95.6;3.7;1.7;55.7;14.9;255;69;78.7;0.5;184;44;80.7;2.9;0;0;0
7581;64;64;12;2;3;1;0;0;0;0;0;0;0;8;3;4;8;56;49;66;12;10277;0;2179;99.7;3.5;3.5;28.4;27.7;152;157;49.2;-2.7;112;106;51.4;-0.4;1;17;5
7584;110;110;14;1;3;1;48;0;2;0;0;4;0;7;6;1;7;58;47;75;22;13598;493;1737;98.1;2.9;2.6;32.8;24.6;246;193;56.0;-2.4;176;135;56.6;-2.3;1;0;0
7585;118;118;6;1;1;1;6;1;0;0;0;0;0;8;4;1;0;57;56;57;10;6079;539;538;104.4;2.4;1.8;23.7;32.0;98;100;49.5;-4.9;63;74;46.0;-6.8;0;0;0
7586;97;97;7;1;4;-1;4;0;0;0;0;0;0;7;3;0;4;57;55;58;14;6452;562;553;104.4;3.3;3.9;25.1;43.5;94;142;39.8;-2.6;64;111;36.6;-3.0;0;0;0
7589;101;101;15;1;5;6;18;0;0;0;0;0;0;17;3;5;8;62;49;78;11;13696;133;594;109.9;4.2;2.6;23.9;34.2;174;256;40.5;-5.4;124;190;39.5;-7.0;0;0;0
7593;82;82;14;2;7;6;8;0;2;0;0;0;0;4;3;3;15;62;57;67;14;13425;688;962;109.6;3.5;1.9;24.4;40.5;171;259;39.8;-8.3;125;202;38.2;-10.3;0;0;0
7595;66;66;11;2;2;-6;10;0;0;0;0;0;0;3;6;1;2;57;58;54;21;10049;2664;748;91.9;3.2;5.4;33.7;30.5;171;172;49.9;-12.4;128;125;50.6;-10.6;0;0;0
7600;93;93;11;2;3;2;10;0;0;0;0;0;0;6;7;4;28;59;49;69;9;10968;1184;1260;105.7;3.9;3.3;27.6;38.4;148;223;39.9;-3.1;120;164;42.3;-1.0;1;0;0
7602;101;101;15;2;1;-10;2;0;0;0;0;0;0;10;5;5;8;61;49;72;13;15167;305;944;93.6;2.6;5.0;29.9;33.0;232;243;48.8;7.1;183;191;48.9;7.0;0;0;0
7604;101;101;8;0;8;4;10;0;4;0;0;0;0;7;3;0;9;62;60;61;20;7719;1936;270;107.1;5.1;3.3;30.8;34.0;118;143;45.2;-1.9;88;102;46.3;-2.7;0;0;0
7605;2;2;15;7;5;-3;10;2;2;0;0;0;0;14;9;13;8;70;68;66;46;16038;2329;1018;94.8;3.4;3.8;37.9;27.2;255;207;55.2;-3.0;185;146;55.9;-2.5;0;250;113
7606;0;0;15;6;5;-4;4;2;0;0;0;0;0;7;8;10;13;65;60;66;18;14307;1758;128;97.2;3.0;3.8;31.7;30.7;189;184;50.7;5.8;142;140;50.4;4.6;0;229;125
7607;19;19;14;1;6;-1;11;0;4;0;0;0;0;37;4;10;23;65;60;68;41;15246;2800;1521;99.9;3.1;3.5;28.8;32.8;196;204;49.0;1.3;141;149;48.6;1.2;0;0;0
7608;154;154;15;3;3;-6;0;0;0;0;0;0;0;11;10;12;8;61;57;61;26;13157;599;232;95.1;2.5;3.8;25.7;26.5;150;169;47.0;-4.2;111;124;47.2;-4.0;0;135;69
7609;28;28;13;9;6;5;6;3;1;0;0;0;0;17;10;2;10;73;76;67;40;11508;1912;162;101.4;3.8;2.2;40.7;27.8;203;166;55.0;-1.9;148;109;57.6;0.4;1;20;8
7610;155;154;4;1;2;1;2;0;0;0;0;0;0;2;2;2;4;69;59;74;6;2078;327;534;99.4;5.2;3.5;38.1;24.3;39;28;58.2;-7.2;32;19;62.7;0.2;0;25;14
7611;1;1;15;3;7;-3;6;3;3;0;0;0;0;12;15;13;17;69;67;68;19;14390;2196;12;99.6;3.3;3.0;36.8;32.5;214;225;48.7;-1.8;171;145;54.1;0.6;1;66;38
7612;1;1;15;4;10;4;2;0;0;0;0;0;0;2;16;14;8;62;57;65;27;14095;447;4;100.9;4.6;3.6;36.8;30.9;225;208;52.0;2.6;164;136;54.7;1.4;1;159;89
7613;1;1;15;6;6;0;6;3;1;0;0;0;0;17;1;13;24;63;61;64;58;18266;2283;475;99.1;5.3;4.5;40.2;32.1;301;293;50.7;1.0;228;182;55.6;3.1;2;0;0
7614;20;20;9;0;4;3;5;0;0;0;1;0;0;13;1;9;6;58;53;61;13;9483;158;1004;99.7;3.4;3.4;29.2;28.5;126;125;50.2;2.2;88;90;49.4;1.8;0;0;0
7615;2;2;15;2;7;6;10;1;1;0;0;0;0;14;4;10;40;62;53;73;31;17142;2429;2329;99.8;4.6;3.2;36.3;24.4;285;210;57.6;0.6;209;141;59.7;3.2;0;0;0
7616;150;7;13;3;8;-10;18;1;5;0;0;0;0;8;9;2;4;59;60;55;29;13239;2848;118;95.1;1.9;4.4;22.6;32.6;145;208;41.1;-2.2;106;155;40.6;-1.7;1;18;12
7617;28;28;13;4;4;2;5;0;0;0;0;1;0;16;7;11;12;72;68;74;26;10462;295;0;99.1;3.1;2.4;41.3;28.6;182;144;55.8;-0.7;134;95;58.5;1.6;2;0;0
7618;144;8;15;3;9;3;6;0;1;0;0;0;0;31;3;3;8;74;63;79;44;14860;769;2101;99.2;3.1;2.4;37.1;25.9;279;175;61.5;3.6;207;131;61.2;4.8;0;227;114
7619;7;7;14;2;4;-3;10;0;0;0;0;0;0;12;14;5;3;61;62;54;18;9741;454;454;100.2;3.7;4.4;30.3;37.0;149;161;48.1;-5.1;100;121;45.2;-7.3;1;5;3
7620;59;1;7;0;1;3;0;0;0;0;0;0;0;1;0;1;1;57;52;58;3;2553;40;62;108.4;7.1;2.8;31.0;19.7;43;20;68.3;14.2;29;17;63.0;7.7;0;5;3
7622;102;102;11;0;3;2;32;0;0;0;0;6;0;7;1;0;2;54;51;55;7;5013;44;229;106.1;4.3;2.9;30.9;36.6;73;87;45.6;-16.9;52;72;41.9;-20.1;0;6;2
7623;87;87;14;1;2;-4;16;0;0;0;0;0;0;13;6;2;5;56;50;61;16;7419;75;2552;94.7;1.9;4.4;29.6;36.9;112;128;46.7;-10.6;91;107;46.0;-11.3;0;93;32
7624;89;89;15;2;4;-1;27;0;0;0;0;1;0;13;5;4;15;54;52;54;21;11390;472;76;103.7;2.8;3.2;25.3;41.7;151;258;36.9;-5.5;109;198;35.5;-7.1;0;13;4
7625;92;92;8;0;1;-2;5;0;0;0;0;1;1;10;2;4;11;65;53;74;11;5496;704;1164;102.9;2.0;2.6;22.3;43.9;70;114;38.0;6.1;49;90;35.3;0.2;0;33;16
7626;98;98;15;6;6;-1;4;2;2;0;0;0;0;19;2;16;21;75;63;82;36;13366;1755;1134;102.9;3.8;4.0;25.0;33.1;188;213;46.9;5.1;134;167;44.5;1.0;0;223;111
7629;103;103;16;2;3;-5;8;1;1;0;0;0;0;8;3;1;6;55;53;55;15;11476;412;49;91.9;2.2;3.8;36.7;26.7;219;165;57.0;-8.7;160;115;58.2;-8.4;0;193;80
7631;103;103;16;1;2;0;15;0;0;0;1;1;0;11;2;0;6;54;51;54;14;6465;100;793;102.9;2.2;2.8;23.4;41.8;75;144;34.2;-34.2;59;108;35.3;-34.2;1;28;16
7633;93;93;12;4;3;-1;2;0;0;0;0;0;0;3;7;1;4;51;54;45;20;10211;775;523;103.8;4.9;5.3;29.3;40.5;155;210;42.5;1.9;110;155;41.5;-1.1;0;12;6
7634;87;87;14;0;2;-9;9;0;0;0;0;1;0;13;5;3;9;60;54;61;14;10178;226;857;88.7;1.1;4.2;25.8;27.6;139;161;46.3;-11.7;109;116;48.4;-8.4;0;161;88
7636;103;103;16;10;14;19;15;3;2;0;0;1;0;16;0;5;8;69;69;64;37;13005;1254;919;106.1;7.2;1.7;50.1;20.2;310;145;68.1;6.5;237;99;70.5;8.4;0;4;3
7639;92;92;14;1;2;-12;15;0;0;0;0;1;1;10;3;7;15;57;53;59;13;8542;1164;172;97.0;2.1;7.2;20.7;54.4;99;230;30.1;-2.1;67;167;28.6;-5.2;0;84;40
7640;92;92;14;3;4;-11;51;0;0;0;0;7;2;20;5;3;15;74;59;82;21;8854;3831;272;101.3;2.8;7.3;20.7;59.0;89;236;27.4;-5.7;64;177;26.6;-8.0;0;12;5
7641;102;102;16;6;7;18;31;0;1;0;0;5;2;10;3;4;15;65;61;67;41;14069;135;1089;107.5;5.9;1.5;38.4;19.7;292;141;67.4;6.9;207;107;65.9;6.9;2;16;7
7642;95;95;13;5;2;2;36;3;1;0;0;6;4;8;4;3;4;63;54;59;28;11115;1065;0;101.2;3.6;2.9;32.4;29.8;199;164;54.8;0.3;144;125;53.5;-1.6;0;0;0
7643;92;92;14;5;2;-2;33;0;0;0;0;3;0;13;4;6;48;72;58;83;25;11706;1070;1567;100.8;2.2;2.8;24.3;34.4;143;245;36.9;7.1;106;164;39.3;9.1;0;214;100
7644;85;85;5;0;0;0;0;0;0;0;0;0;0;5;3;0;0;52;50;52;1;3532;250;0;111.3;3.1;3.1;16.3;40.8;30;62;32.6;-19.2;21;48;30.4;-21.4;0;14;8
7645;91;91;14;5;12;8;26;2;4;0;0;4;3;14;2;1;6;71;72;64;29;11287;1252;1260;102.6;4.5;1.9;43.1;24.6;244;150;61.9;3.0;193;107;64.3;5.3;0;31;15
7647;86;86;12;6;7;5;19;0;0;0;0;3;0;8;2;10;8;61;59;60;18;8578;124;861;104.3;5.9;4.2;32.7;30.6;140;139;50.2;-7.3;101;102;49.8;-7.6;1;5;2
7648;103;103;3;0;0;0;7;0;0;0;0;1;0;2;2;0;0;51;44;62;4;2785;0;351;95.7;3.9;3.9;33.6;24.6;40;38;51.3;-16.9;34;27;55.7;-12.9;0;0;0
7649;86;86;12;0;7;2;35;0;2;0;0;3;1;8;5;5;12;64;55;70;18;10184;1190;331;101.7;3.2;2.5;28.3;25.8;161;135;54.4;-1.7;114;100;53.3;-3.0;0;171;89
7651;87;87;14;0;1;-5;18;0;0;0;0;2;2;10;2;0;4;55;50;54;3;5817;268;460;93.2;1.2;4.3;29.7;39.6;80;119;40.2;-17.9;62;98;38.8;-19.4;0;47;20
7653;89;89;15;2;3;-3;12;0;1;0;0;1;0;7;3;2;11;54;50;57;6;10369;295;182;105.1;2.1;3.1;16.0;39.2;100;243;29.2;-14.7;68;177;27.8;-15.8;1;161;37
7655;87;87;14;2;7;-3;17;0;5;1;0;3;2;10;5;3;16;68;60;72;20;13050;2388;334;94.3;2.5;3.6;28.4;24.8;214;164;56.6;1.9;148;121;55.0;0.2;0;212;104
7656;86;86;12;6;6;3;5;1;1;0;0;1;0;4;8;3;2;60;58;57;25;9330;951;88;99.9;6.6;5.4;32.0;26.2;155;133;53.8;-2.5;113;100;53.1;-3.3;2;112;58
7658;85;85;9;1;3;2;11;0;0;0;1;1;0;6;1;4;10;61;52;74;7;7362;0;1568;102.3;3.9;3.4;26.9;27.9;102;106;49.0;-4.2;69;79;46.6;-5.4;0;0;0
7659;93;93;11;1;4;-7;17;0;0;0;0;1;0;6;5;5;23;49;50;48;21;10479;670;1219;100.1;4.1;6.5;26.5;42.3;128;237;35.1;-7.2;99;164;37.6;-5.6;0;0;0
7660;89;89;16;3;14;4;12;1;2;0;0;0;0;7;4;6;8;65;62;65;40;12890;2135;0;103.1;4.7;3.6;34.6;34.4;222;219;50.3;14.6;165;166;49.8;14.4;0;5;4
7662;85;85;16;2;1;2;16;0;0;0;0;0;0;13;2;1;2;56;51;53;8;9330;0;454;116.3;3.9;3.1;14.7;30.9;75;170;30.6;-27.7;48;127;27.4;-30.3;1;14;3
7663;98;98;15;7;6;-2;16;3;3;1;0;2;1;14;2;5;37;68;60;73;32;13312;2091;656;100.4;1.9;2.7;26.0;39.2;177;269;39.7;-5.1;134;185;42.0;-2.6;0;211;103
7665;91;91;4;0;0;0;6;0;0;0;0;0;0;1;2;0;4;64;49;83;4;3930;0;693;98.0;2.7;2.7;35.7;28.4;75;54;58.1;-7.9;52;42;55.3;-11.5;0;0;0
7668;96;96;13;1;4;-10;8;0;2;0;0;0;0;8;1;5;14;59;54;63;13;7306;669;161;89.0;1.0;5.9;17.2;35.5;76;140;35.2;-13.3;50;106;32.1;-16.7;0;114;59
7669;87;87;6;0;1;0;4;0;0;0;0;0;0;6;2;2;6;62;56;68;9;5228;225;587;97.8;3.4;3.4;39.9;31.7;108;89;54.8;-7.9;87;70;55.4;-5.8;0;0;0
7670;102;102;16;6;9;14;19;2;4;0;0;1;1;14;6;2;6;71;69;69;61;13852;3192;286;104.8;4.9;1.6;38.7;19.5;293;136;68.3;8.0;208;105;66.5;7.6;0;22;12
7671;94;94;14;2;4;-11;13;0;1;0;0;1;1;8;4;2;14;56;53;56;14;8752;374;582;89.5;2.5;7.0;24.7;34.1;115;156;42.4;-5.9;75;115;39.5;-9.1;0;115;45
7672;86;86;6;0;0;-3;0;0;0;0;0;0;0;3;1;0;2;50;49;49;3;2297;41;20;81.3;0.0;4.7;18.8;25.1;20;45;30.8;-28.8;16;27;37.2;-24.1;0;12;6
7673;97;97;16;1;3;-7;6;1;1;0;0;0;0;10;6;3;1;58;53;58;16;11229;1327;986;96.0;1.3;3.2;20.5;31.4;122;214;36.3;-6.8;91;155;37.0;-6.1;1;37;15
7674;91;91;14;1;6;3;20;0;0;0;0;0;0;11;1;1;5;62;54;52;34;11428;167;0;99.0;4.1;3.2;35.6;25.2;223;166;57.3;-3.4;169;122;58.1;-3.5;0;0;0
7676;90;90;11;1;4;1;0;0;0;0;0;0;0;5;4;0;7;57;52;61;13;10799;948;1298;101.1;4.0;3.7;33.7;34.0;163;181;47.4;0.2;125;142;46.8;0.1;0;0;0
7677;104;104;16;2;3;-2;13;0;1;0;2;1;0;5;2;1;4;57;52;54;17;6539;28;1340;94.6;1.7;3.9;24.8;31.9;96;122;44.0;-8.0;65;80;44.8;-6.9;0;11;5
7679;98;98;15;8;5;-2;6;2;3;0;0;0;0;12;6;5;9;68;63;71;50;13656;3875;69;99.4;2.9;3.2;31.6;32.4;217;225;49.1;8.5;163;162;50.2;9.2;0;16;8
7680;94;94;4;1;1;1;0;0;0;0;0;0;0;1;0;0;3;52;55;42;5;2573;50;0;109.0;5.6;4.2;29.4;42.0;36;55;39.6;-3.2;28;42;40.0;1.0;1;3;0
7681;98;98;15;2;5;6;22;2;1;0;0;0;0;14;7;7;26;67;54;83;34;16553;2304;2543;104.8;3.0;1.7;28.9;30.4;247;273;47.5;6.7;188;192;49.5;8.8;0;0;0
7682;88;88;14;0;3;-14;27;0;1;0;0;5;2;12;1;3;18;56;53;54;4;8944;440;366;92.5;1.6;7.2;17.3;43.1;99;180;35.5;-18.3;66;141;31.9;-22.1;0;77;40
7683;91;91;14;1;2;0;18;0;0;0;0;0;0;7;3;2;1;57;51;51;17;9609;0;448;97.7;3.4;3.4;33.0;27.0;151;157;49.0;-13.8;109;107;50.5;-12.8;0;5;1
7684;92;92;14;1;1;-7;7;0;0;0;0;1;0;4;1;1;12;54;50;55;2;5586;191;20;103.3;1.3;5.8;9.7;58.0;34;168;16.8;-17.4;24;116;17.1;-18.0;0;21;7
7685;90;90;13;1;2;-4;18;1;0;0;0;2;1;12;3;0;2;51;48;55;12;11918;175;1146;96.7;2.7;3.9;32.0;33.2;210;190;52.5;3.1;151;149;50.3;1.4;1;0;0
7688;95;95;13;2;3;1;0;0;0;0;0;0;0;8;3;0;11;57;53;55;8;8338;0;817;105.0;3.5;3.0;23.7;31.5;112;136;45.2;-12.0;82;93;46.9;-9.7;0;11;2
7689;88;88;13;1;3;5;12;0;0;0;0;0;0;3;3;1;2;54;52;54;8;7410;697;0;105.1;5.3;2.9;32.6;25.7;141;98;59.0;-3.4;98;69;58.7;-3.3;0;0;0
7690;98;98;14;1;2;-2;4;0;0;0;0;0;0;3;2;3;10;54;51;56;10;6846;487;0;100.7;2.1;3.2;22.6;36.8;75;150;33.3;-11.8;59;104;36.2;-9.0;0;2;0
7691;95;95;12;0;4;1;22;0;0;0;0;4;0;9;6;2;5;57;52;60;15;7926;404;0;100.2;3.2;2.7;29.5;25.9;124;112;52.5;-2.8;89;80;52.7;-2.8;0;0;0
7692;86;86;12;0;0;-3;4;0;0;0;0;0;0;6;0;1;13;56;51;60;4;4814;0;0;93.9;0.0;2.2;13.5;36.6;44;108;28.9;-30.9;28;77;26.7;-33.1;0;26;9
7693;92;92;14;0;5;-7;19;0;0;0;0;3;1;31;3;3;30;61;53;64;16;11441;443;607;96.8;1.9;4.1;24.5;37.4;137;254;35.0;4.6;100;166;37.6;6.8;0;6;2
7694;100;100;15;5;5;-3;8;0;0;1;0;0;0;8;3;6;31;64;58;64;29;10799;679;927;105.1;4.3;5.3;24.3;42.0;151;225;40.2;-9.1;105;173;37.8;-12.2;1;12;3
7696;101;101;15;2;4;-4;32;0;0;0;0;6;2;21;2;6;15;60;54;59;15;10849;24;1572;101.9;2.7;4.0;21.6;38.2;130;213;37.9;-8.3;90;159;36.1;-10.8;1;26;7
7697;87;87;11;2;4;-5;32;0;0;0;0;2;1;16;2;1;6;56;55;52;13;9309;115;300;92.4;2.7;4.6;27.1;26.3;145;135;51.8;-3.5;106;97;52.2;-2.8;0;10;4
7699;95;95;13;6;2;-1;9;2;1;0;0;1;0;26;1;2;13;77;63;85;21;8944;1215;64;102.5;2.4;2.8;21.7;32.6;117;144;44.8;-12.6;87;104;45.5;-11.6;1;143;78
7700;90;90;13;2;1;-5;17;0;0;0;0;1;0;4;6;2;11;56;49;63;18;12842;99;1478;99.9;3.4;4.8;28.9;40.6;196;245;44.4;-7.1;140;189;42.6;-8.1;0;0;0
7702;92;92;13;1;5;-11;17;0;3;1;0;1;0;9;5;2;10;52;54;48;20;13167;2959;819;100.3;3.6;6.8;23.8;46.8;155;309;33.4;1.2;116;227;33.8;0.9;0;0;0
7703;85;85;16;2;2;-4;0;0;0;0;0;0;0;4;2;0;2;51;50;50;7;8045;246;59;99.5;2.7;4.5;21.5;34.5;91;139;39.6;-16.7;68;102;40.0;-15.1;0;31;7
7704;96;96;13;5;4;-2;43;0;0;0;0;7;2;23;4;12;26;68;54;81;28;14436;952;2476;99.5;3.5;4.0;27.4;30.2;211;224;48.5;4.1;160;171;48.3;4.4;1;0;0
7705;97;97;16;0;5;5;35;0;1;0;0;1;0;19;9;8;20;64;50;79;17;17052;1127;1616;109.3;3.8;2.5;22.0;31.5;208;296;41.3;-0.4;156;215;42.0;0.6;0;0;0
7706;96;96;8;1;1;0;52;0;0;0;0;6;5;21;6;2;5;64;48;78;7;6120;0;1288;96.4;3.5;3.5;30.0;22.9;97;90;51.9;11.2;74;57;56.5;16.7;0;0;0
7707;88;88;14;0;4;-6;12;0;0;0;0;2;0;11;3;1;7;56;53;55;8;7870;245;119;95.8;1.8;4.6;22.4;37.1;103;146;41.4;-24.3;75;104;41.9;-22.7;0;116;56
7708;100;100;15;3;11;4;16;0;1;0;0;0;0;21;2;6;15;65;60;58;37;15307;941;25;101.2;4.2;2.8;35.0;25.9;299;215;58.2;17.3;211;144;59.4;19.1;0;3;2
7709;103;103;16;1;2;-6;6;0;0;1;0;0;0;25;5;1;10;60;57;56;21;11583;139;671;89.2;1.9;4.0;34.5;24.9;220;150;59.5;-5.4;160;110;59.3;-7.0;0;21;13
7710;99;99;15;0;4;5;27;0;0;0;0;3;0;5;8;2;8;54;47;64;8;14635;276;895;103.2;4.7;3.4;32.2;30.5;211;250;45.8;-10.7;169;179;48.6;-7.7;0;0;0
7711;99;99;16;2;3;-2;8;0;0;0;0;0;0;4;4;1;4;58;51;54;12;7202;36;143;94.7;3.5;4.5;33.5;28.5;107;119;47.3;-6.1;88;89;49.7;-4.3;0;27;15
7712;102;102;15;1;4;1;2;0;0;0;1;0;0;6;3;3;2;57;53;58;9;6407;44;1025;102.6;3.4;3.4;25.3;31.5;78;100;43.8;-21.5;55;80;40.7;-23.2;0;18;12
7714;97;97;16;0;1;-7;8;0;0;0;0;0;0;4;1;3;7;57;50;58;7;8460;226;802;98.5;1.3;3.8;17.9;44.3;75;197;27.6;-17.2;57;141;28.8;-15.8;0;117;50
7718;89;89;16;2;4;1;41;0;0;0;1;7;0;21;12;6;43;60;48;76;21;16827;3228;3688;106.7;3.4;3.2;23.1;39.4;210;347;37.7;-3.2;153;274;35.8;-5.5;1;0;0
7719;102;102;16;8;11;12;42;4;6;0;0;8;3;28;4;6;11;82;78;80;74;14892;3790;563;103.7;3.9;1.0;48.1;22.5;379;174;68.5;9.4;275;131;67.7;10.6;3;22;9
7720;87;87;14;3;6;3;6;1;4;0;0;0;0;14;5;1;0;65;61;67;35;12187;3789;0;95.7;3.0;2.1;37.2;16.8;272;110;71.2;22.9;198;81;71.0;22.8;1;12;6
7723;95;95;13;3;4;1;18;0;0;0;0;2;0;9;1;3;2;62;55;66;9;4462;0;2206;102.3;4.8;4.0;34.7;34.7;70;68;50.7;-4.4;53;54;49.5;-5.8;0;87;43
7725;94;94;8;4;3;0;10;1;1;0;0;2;0;11;2;3;3;71;65;70;26;7173;802;646;98.1;3.5;3.5;35.1;29.6;116;102;53.2;4.3;96;76;55.8;8.3;0;118;61
7726;101;101;9;1;3;0;4;1;0;0;0;0;0;5;2;3;8;57;52;56;5;4073;58;1092;111.1;3.5;3.5;16.8;35.4;37;80;31.6;-20.5;29;58;33.3;-18.3;1;94;39
7727;104;104;16;2;7;-1;2;0;2;0;0;0;0;15;6;4;33;70;64;71;24;14150;637;3176;100.0;4.1;4.1;29.5;29.5;220;213;50.8;-0.1;164;165;49.8;-1.4;0;87;42
7728;104;104;16;2;1;-14;12;1;0;0;0;2;0;15;0;3;12;54;53;49;19;10820;425;0;92.0;2.3;7.0;28.6;43.3;144;212;40.4;-13.7;113;168;40.2;-14.2;1;0;0
7729;87;87;5;0;0;-3;2;0;0;0;0;0;0;4;3;0;1;53;48;63;4;4574;538;328;97.6;1.6;3.9;16.5;33.1;42;90;31.8;-16.1;31;61;33.7;-13.7;0;0;0
7730;100;100;12;5;4;-1;2;1;0;0;0;0;0;9;1;2;10;62;57;60;17;7926;1312;126;105.7;4.1;3.6;24.1;32.2;115;142;44.7;-16.2;76;105;42.0;-19.3;2;115;64
7734;94;94;14;0;2;-9;7;0;0;0;0;1;1;9;7;1;5;51;51;46;15;11471;148;34;93.5;2.2;5.0;27.0;34.2;163;192;45.9;-1.6;124;142;46.6;-0.2;0;0;0
7736;99;99;16;2;4;-2;4;1;0;0;0;0;0;11;1;3;5;57;52;56;24;12005;1189;0;100.2;2.7;3.3;26.4;33.0;162;210;43.5;-11.9;124;158;44.0;-12.6;0;5;2
7737;104;104;11;0;0;-3;12;0;0;0;0;2;0;5;4;3;3;51;51;51;3;9331;134;931;99.5;2.7;4.6;22.8;37.4;144;187;43.5;-10.7;94;134;41.2;-13.2;0;0;0
7738;95;95;7;0;2;-1;0;0;0;0;0;0;0;1;0;1;1;55;53;56;7;3105;13;122;99.4;4.6;5.8;35.9;42.9;50;49;50.5;-3.5;36;45;44.4;-11.8;0;8;3
7739;96;96;13;2;9;1;4;1;0;0;0;0;0;11;6;3;1;67;64;66;33;11311;2590;455;101.0;4.1;3.5;28.6;26.1;192;165;53.8;11.4;138;122;53.1;10.7;0;39;25
7741;99;99;16;5;5;8;11;0;0;0;0;1;0;10;8;3;8;57;52;53;26;13417;152;0;102.8;5.6;3.5;35.7;26.8;232;191;54.8;3.3;174;137;55.9;3.6;1;0;0
7742;85;85;16;9;15;11;36;3;8;0;0;4;2;13;5;8;16;73;67;78;54;15671;3861;1040;98.5;5.7;3.0;42.0;19.8;334;173;65.9;18.9;246;128;65.8;20.2;1;45;20
7743;97;97;15;7;5;-8;74;3;3;0;0;12;6;30;4;13;24;76;65;78;37;12332;1656;1162;98.8;2.9;4.7;22.8;33.3;157;218;41.9;-0.7;123;163;43.0;1.0;0;194;101
7744;90;90;15;4;8;-5;2;1;2;0;0;0;0;7;1;2;39;66;61;66;33;12243;994;697;96.5;2.9;4.4;27.6;31.2;178;202;46.8;-2.9;134;145;48.0;0.0;0;20;11
7750;89;89;14;0;0;-7;16;0;0;0;0;0;0;3;5;2;11;50;48;51;3;5589;0;816;96.9;0.6;5.2;11.0;57.3;44;157;21.9;-20.6;30;121;19.9;-23.1;0;25;6
7751;101;101;14;3;0;0;12;0;0;0;0;0;0;13;2;2;6;52;52;49;15;10332;0;146;106.1;3.1;3.1;21.6;37.3;114;193;37.1;-9.0;85;143;37.3;-8.6;1;0;0
7752;92;92;12;0;0;-8;0;0;0;0;0;0;0;12;0;1;15;52;50;51;3;4267;0;76;99.6;0.8;7.6;6.7;59.1;20;138;12.7;-20.7;12;95;11.2;-23.3;0;26;9
7754;86;86;12;1;7;3;29;0;1;0;3;3;2;16;5;2;10;72;61;80;30;9794;718;1770;98.3;2.9;2.6;36.0;26.1;184;136;57.5;2.6;135;108;55.6;0.1;0;19;12
7757;90;90;15;1;4;-1;2;1;1;0;0;0;0;9;9;3;13;61;52;71;17;15558;1678;2918;98.0;3.7;3.7;29.6;25.5;238;221;51.9;4.2;175;161;52.1;5.9;0;0;0
7764;91;91;14;1;4;6;20;0;0;0;0;2;0;8;2;5;8;64;61;67;22;13764;785;910;102.6;5.0;3.4;34.3;28.5;250;222;53.0;-10.3;190;163;53.8;-10.2;0;1;1
7765;91;91;14;0;0;-8;2;0;0;0;0;0;0;5;3;1;2;51;49;47;7;6349;0;0;90.2;2.3;6.8;26.1;36.9;84;119;41.4;-21.5;60;92;39.5;-24.7;0;60;22
7766;99;99;16;3;14;12;6;1;8;0;0;0;0;19;2;14;11;79;68;89;46;12942;4257;2480;104.2;6.4;2.2;44.8;22.0;275;157;63.7;15.7;206;111;65.0;16.2;2;103;46
7768;95;95;13;5;4;2;10;1;0;0;0;0;0;20;5;12;19;70;58;69;24;12140;272;842;100.1;3.6;3.0;32.0;27.0;210;166;55.9;1.9;154;127;54.8;0.2;0;30;14
7771;104;104;14;3;4;-3;4;0;0;0;0;0;0;4;3;2;2;57;56;53;12;11000;992;144;101.8;4.3;4.9;27.5;36.0;148;207;41.7;-12.6;105;152;40.9;-13.7;0;186;73
7772;89;89;13;0;0;-11;4;0;0;0;0;0;0;4;3;0;7;48;49;50;3;5546;22;809;87.9;0.0;7.1;12.3;59.1;42;165;20.3;-22.3;30;127;19.1;-22.9;0;59;27
7774;94;94;14;2;5;-12;12;1;1;0;0;2;0;12;3;6;18;62;59;59;21;12903;1192;813;90.4;2.0;5.3;30.1;32.9;188;211;47.1;0.0;144;158;47.7;1.4;1;22;9
7776;98;98;15;6;3;-3;8;2;1;0;0;0;0;11;6;1;17;65;58;70;36;11053;2444;0;101.5;2.6;3.6;24.4;39.1;146;214;40.6;-3.6;107;163;39.6;-5.6;1;21;9
7777;101;101;15;5;5;-3;7;0;2;0;0;1;1;17;3;2;4;67;61;68;31;13565;1898;495;100.5;3.5;4.2;26.3;33.7;194;216;47.3;4.4;138;171;44.7;0.3;0;224;131
7779;100;100;15;2;2;-3;16;1;1;0;1;0;0;10;0;2;5;60;53;63;10;6138;691;216;97.0;1.2;3.5;22.9;43.4;73;138;34.6;-14.4;53;110;32.5;-16.9;1;98;50
7780;102;102;15;1;8;3;2;0;1;0;0;0;0;8;0;1;6;62;59;62;25;9960;832;109;103.1;3.3;2.2;29.3;27.1;164;144;53.2;-12.0;111;106;51.2;-12.7;0;16;9
7782;80;80;15;4;7;1;14;3;4;1;0;2;0;13;4;7;12;71;67;73;39;9657;3493;179;96.9;2.6;1.9;45.9;21.2;243;112;68.5;-9.8;167;77;68.4;-10.1;0;42;21
7783;80;80;9;0;6;6;2;0;0;0;0;0;0;3;1;0;2;59;52;64;17;8085;0;983;93.0;4.9;2.2;53.4;13.8;232;69;77.1;1.1;172;42;80.4;4.6;0;0;0
7784;66;66;13;2;4;11;26;0;0;1;1;4;2;17;8;4;9;58;47;69;23;14250;628;2382;97.9;4.5;2.3;42.2;17.7;324;147;68.8;14.7;232;107;68.4;14.7;0;0;0
7786;82;82;15;2;5;1;4;1;0;0;0;0;0;9;7;3;15;62;58;62;26;12874;843;204;103.6;2.8;2.5;26.0;35.2;184;211;46.6;1.6;134;157;46.0;1.0;1;12;5
7787;76;76;1;0;0;0;2;0;0;0;0;0;0;0;0;0;1;57;51;64;2;690;0;0;100.0;0.0;0.0;26.1;10.4;9;10;47.4;-7.2;6;6;50.0;-8.8;0;7;5
7788;73;73;14;1;3;-4;26;0;1;0;0;0;0;6;3;0;3;51;50;53;12;10615;2162;860;101.0;3.1;4.1;26.8;39.0;130;223;36.8;11.0;101;165;38.0;11.8;0;16;8
7789;79;79;3;0;1;-3;5;0;0;0;0;1;0;1;0;1;2;59;54;61;3;2722;0;228;92.5;1.3;5.3;21.2;38.4;31;49;38.8;-13.0;21;41;33.9;-20.6;0;0;0
7790;63;63;6;1;0;-1;0;0;0;0;0;0;0;2;4;0;3;53;51;51;13;3695;75;81;97.6;2.9;3.9;37.0;38.0;68;64;51.5;-7.6;54;48;52.9;-6.1;0;3;1
7791;71;71;6;0;1;-1;0;0;0;0;0;0;0;2;1;0;8;52;51;48;5;4081;85;374;100.7;3.5;4.4;27.3;36.2;56;80;41.2;-8.1;39;60;39.4;-8.3;0;4;3
7792;76;76;14;2;5;0;7;0;0;0;0;1;0;22;3;0;14;58;55;55;15;8638;142;1032;95.7;3.3;3.3;38.8;25.8;159;133;54.5;-10.6;126;89;58.6;-8.9;0;17;9
7793;69;69;12;2;5;-14;22;1;2;0;0;0;0;8;4;1;17;67;58;79;18;11462;1949;1587;98.8;1.9;5.7;19.8;52.8;114;283;28.7;-8.0;84;224;27.3;-8.5;1;0;0
7794;68;68;14;2;4;1;111;1;1;0;0;19;12;12;8;3;10;66;48;80;26;14005;460;2145;99.8;2.6;2.6;30.1;29.3;238;210;53.1;-2.9;178;157;53.1;-3.1;0;0;0
7795;84;84;14;0;3;-14;4;0;0;0;0;0;0;9;3;6;10;59;50;67;9;13658;420;1616;95.5;1.3;5.0;19.0;43.8;158;296;34.8;6.5;111;231;32.5;4.4;0;0;0
7796;79;79;15;1;0;-4;19;0;0;0;0;1;0;19;4;2;0;54;52;53;10;10240;91;1109;97.2;1.8;3.2;26.4;33.4;141;156;47.5;-9.7;102;120;45.9;-11.8;0;15;9
7797;68;68;15;2;1;-7;11;0;0;0;0;0;0;8;3;3;11;56;51;53;10;8502;0;128;96.7;1.3;4.2;18.6;41.9;77;180;30.0;-29.5;60;134;30.9;-29.1;0;129;52
7798;63;63;14;4;4;2;34;0;1;0;0;2;0;14;7;6;17;63;57;67;33;11288;964;1027;93.4;4.8;4.1;42.7;23.3;237;142;62.5;2.4;187;104;64.3;6.1;0;157;71
7800;76;76;1;0;0;0;0;0;0;0;0;0;0;0;1;0;0;47;45;48;0;326;0;0;0.0;0.0;0.0;33.1;0.0;5;3;62.5;11.0;4;2;66.7;11.7;0;0;0
7802;65;65;10;2;5;4;8;0;0;0;0;0;0;4;6;3;29;70;57;85;15;9397;827;662;114.1;5.4;3.8;23.4;43.3;117;205;36.3;-14.2;86;160;35.0;-15.3;1;0;0
7803;73;73;14;2;3;-11;16;1;1;0;0;2;0;6;1;2;18;57;53;59;6;8056;791;584;95.6;1.3;5.8;16.5;46.5;68;190;26.4;-3.6;50;137;26.7;-3.9;1;115;68
7805;83;83;15;3;4;5;20;0;0;0;0;4;1;7;2;1;6;56;54;57;17;8875;0;11;104.9;3.7;1.6;34.5;28.4;157;129;54.9;-4.0;118;92;56.2;-2.3;0;129;56
7806;63;63;9;2;4;1;29;0;0;0;0;5;2;14;5;1;10;57;51;61;15;8735;422;811;99.2;3.7;3.3;37.1;30.5;157;126;55.5;-8.6;118;96;55.1;-8.0;0;0;0
7812;71;71;9;2;2;-4;15;0;1;0;0;1;1;4;4;4;12;61;53;69;17;9873;589;605;96.0;2.9;4.4;36.5;36.5;181;173;51.1;12.1;131;134;49.4;10.3;0;0;0
7813;79;79;15;4;3;-6;26;1;1;0;0;4;0;17;4;2;0;64;56;67;24;10487;1797;131;91.2;1.4;3.1;30.9;23.3;171;123;58.2;4.3;122;90;57.5;3.5;0;192;90
7815;68;68;12;0;3;3;0;0;0;0;0;0;0;6;2;1;15;62;50;77;16;11737;73;1577;101.5;3.7;2.8;35.9;31.6;219;186;54.1;0.6;169;141;54.5;-0.3;0;0;0
7817;74;74;15;7;17;6;38;3;9;0;1;2;0;22;4;9;14;76;74;77;53;13209;3671;1401;98.1;4.1;2.7;37.3;21.3;274;151;64.5;1.2;195;114;63.1;-1.6;1;52;24
7818;80;80;9;1;1;4;5;0;0;0;0;1;0;7;1;0;6;56;51;59;4;4034;0;0;107.3;5.4;1.8;35.7;23.2;72;60;54.5;-21.6;51;39;56.7;-19.2;0;40;19
7819;76;76;7;0;1;-2;4;0;0;0;0;0;0;2;0;1;4;57;54;59;7;3845;125;0;92.0;1.9;3.7;25.3;24.3;54;67;44.6;-21.7;36;43;45.6;-24.8;0;5;3
7820;70;70;15;0;7;6;24;0;2;0;0;2;0;9;8;3;6;63;56;65;20;12496;1904;535;103.3;3.7;2.0;32.8;24.8;230;158;59.3;0.5;166;120;58.0;-0.6;0;216;125
7821;77;77;13;0;5;-9;11;0;1;0;0;1;0;7;2;4;18;55;51;59;27;13759;771;2484;96.9;2.1;4.2;27.5;39.0;189;295;39.0;3.6;141;215;39.6;2.0;0;0;0
7822;70;70;15;0;3;4;2;0;0;0;0;0;0;6;2;0;2;56;55;52;18;11525;545;71;100.7;4.4;3.1;35.0;26.6;215;157;57.8;-1.5;162;118;57.9;-0.9;0;9;1
7823;83;83;15;3;0;1;6;0;0;0;0;0;0;2;0;1;7;55;52;54;7;6066;0;248;104.4;3.6;3.0;26.7;33.2;80;110;42.1;-18.5;60;78;43.5;-16.8;1;0;0
7824;78;78;9;0;0;-3;16;0;0;0;0;2;1;13;3;1;3;55;49;59;5;8692;339;762;105.0;2.5;3.3;20.3;46.0;99;189;34.4;-16.2;68;153;30.8;-21.0;0;0;0
7828;83;83;15;0;4;0;6;0;0;0;0;0;0;9;4;1;9;56;53;56;6;7561;91;709;103.4;2.4;2.4;23.3;34.8;89;142;38.5;-23.4;63;99;38.9;-22.7;0;20;7
7830;75;75;15;2;2;-2;14;0;0;0;0;0;0;2;0;4;13;57;52;61;13;9140;833;0;107.2;2.8;3.2;20.1;48.4;93;238;28.1;-13.4;69;180;27.7;-15.2;0;119;44
7832;84;84;14;0;2;-15;15;0;0;0;0;1;0;10;2;1;22;53;50;58;5;13350;1449;2077;97.2;1.6;5.9;18.6;51.5;130;332;28.1;-7.5;94;252;27.2;-7.4;0;16;1
7833;74;74;6;1;1;1;2;0;0;0;0;0;0;3;2;0;3;62;53;69;6;3461;364;53;98.0;3.1;2.1;34.3;18.7;63;40;61.2;-1.0;51;27;65.4;1.5;0;48;16
7834;69;69;15;0;4;-9;6;0;0;0;0;0;0;15;1;4;12;60;54;62;15;10785;295;1581;98.0;1.7;4.7;21.4;47.7;120;242;33.1;1.1;87;200;30.3;-1.3;0;167;86
7835;71;71;4;0;0;-3;4;0;0;0;0;0;0;2;0;0;4;54;49;58;2;2847;88;111;89.7;0.0;3.8;3.8;36.7;17;56;23.3;-27.1;8;38;17.4;-34.4;0;39;15
7838;84;84;15;2;6;-8;4;0;1;1;0;0;0;14;6;4;24;62;57;64;23;10537;459;1388;100.7;3.1;6.1;20.5;43.0;126;218;36.6;4.8;86;171;33.5;1.8;0;29;13
7839;75;75;13;1;3;-3;5;0;0;0;0;1;0;13;5;4;23;63;52;75;33;13275;1175;1602;101.6;2.4;3.0;25.2;36.9;163;261;38.4;1.8;125;198;38.7;1.5;0;0;0
7841;79;79;13;7;6;4;18;2;1;0;0;2;2;9;5;0;11;67;66;64;31;10197;1271;1746;102.9;3.5;2.1;32.5;26.5;160;132;54.8;-3.7;125;96;56.6;-1.7;2;56;26
7842;76;76;14;2;9;9;2;0;1;0;0;0;0;10;8;5;12;66;61;67;29;14374;966;848;101.2;5.0;2.8;37.6;22.8;278;199;58.3;-6.9;201;129;60.9;-7.1;0;0;0
7843;83;83;12;1;4;8;26;0;0;0;0;2;1;9;3;4;4;61;51;73;17;11103;360;1999;104.1;5.5;2.9;38.9;28.9;216;165;56.7;-3.8;160;126;55.9;-4.8;0;0;0
7844;66;66;13;2;8;-3;17;0;1;0;0;1;1;12;4;4;12;62;57;66;18;8712;1154;179;97.5;4.1;5.4;32.6;35.5;136;156;46.6;-17.1;112;112;50.0;-12.2;0;18;10
7845;83;83;15;4;4;8;22;1;0;0;1;2;0;7;0;2;6;61;58;62;19;10600;1044;83;105.6;4.4;2.0;32.6;25.8;181;144;55.7;-3.1;134;105;56.1;-2.6;0;0;0
7846;66;66;11;1;2;-5;16;0;0;0;0;2;0;7;2;2;11;59;54;60;7;6192;69;1325;95.5;2.9;5.8;23.8;34.9;79;118;40.1;-21.7;56;94;37.3;-24.7;0;15;9
7848;80;80;15;1;6;15;4;0;0;0;1;0;0;10;15;6;19;61;50;75;30;15205;400;2492;100.7;5.7;2.6;45.7;22.3;372;171;68.5;-11.4;269;139;65.9;-16.0;0;0;0
7852;70;70;15;8;8;10;11;3;0;1;0;1;0;24;5;4;29;69;59;78;38;14871;2065;1488;105.8;4.1;1.9;33.4;29.5;277;207;57.2;-2.6;201;158;56.0;-3.8;0;0;0
7854;73;73;16;3;6;-6;2;0;1;0;0;0;0;16;4;9;61;68;54;81;21;15761;1956;2105;108.3;3.4;4.8;18.0;44.8;142;366;28.0;-2.6;105;266;28.3;-3.2;0;0;0
7856;66;66;13;3;5;6;36;0;1;1;0;6;2;13;4;1;26;65;53;76;20;12775;600;2447;97.0;4.5;3.4;36.9;22.3;232;176;56.9;-4.1;178;124;58.9;-0.4;0;0;0
7857;69;69;15;1;2;-7;6;0;2;0;0;0;0;8;3;0;2;53;51;53;16;12682;1552;205;102.8;2.8;4.8;21.9;47.4;138;265;34.2;2.7;103;216;32.3;1.4;0;210;109
7859;80;80;15;5;12;28;15;2;4;0;0;1;0;19;3;5;8;73;64;83;82;16647;3483;1032;105.1;7.1;0.6;59.9;9.5;504;112;81.8;9.0;374;72;83.9;11.7;1;0;0
7860;80;80;2;0;0;1;0;0;0;0;0;0;0;1;0;0;1;55;50;60;1;850;0;0;111.1;4.2;0.0;38.1;25.4;18;16;52.9;-19.5;11;13;45.8;-29.0;0;12;7
7861;73;73;16;0;6;-18;32;0;4;0;1;6;3;17;12;6;38;76;60;88;38;15689;4627;1761;92.9;1.1;5.7;20.0;44.7;162;360;31.0;2.1;124;260;32.3;2.8;0;0;0
7862;76;76;11;4;3;4;4;2;0;0;0;0;0;16;3;0;1;64;60;65;29;8140;941;215;102.8;3.5;1.8;34.5;23.9;145;111;56.6;-8.8;115;75;60.5;-7.7;0;136;72
7863;69;69;8;2;1;-5;4;0;0;1;0;0;0;4;2;1;16;57;52;58;8;7475;77;1212;99.7;1.9;4.8;17.3;42.4;64;157;29.0;-6.0;44;118;27.2;-6.0;0;0;0
7865;72;72;13;1;5;-3;4;0;2;0;0;0;0;9;1;0;8;59;58;57;21;10897;733;264;94.7;2.0;3.0;34.4;26.8;197;152;56.4;2.3;145;107;57.5;4.3;0;12;5
7866;64;64;11;1;2;-7;16;0;0;0;0;2;0;8;3;1;12;50;47;57;12;9926;80;1148;91.3;2.2;5.1;24.7;29.0;122;173;41.4;-11.2;95;117;44.8;-7.6;0;0;0
7867;78;78;12;1;3;-1;7;0;0;0;0;0;0;8;4;1;2;54;52;52;10;5978;61;153;94.0;3.0;3.6;30.7;22.9;95;82;53.7;-1.5;65;58;52.8;-2.3;0;6;4
7870;64;64;14;1;3;-7;4;0;1;0;0;0;0;8;3;1;2;62;56;64;15;11286;1265;897;95.8;1.6;3.2;23.0;28.7;151;170;47.0;-4.2;110;120;47.8;-2.9;0;196;90
7873;67;67;12;1;1;-7;21;0;0;0;0;1;0;14;3;1;7;62;48;78;12;11375;615;2043;94.5;1.3;3.5;21.8;30.7;122;172;41.5;-3.9;94;128;42.3;-2.1;0;0;0
7874;76;76;11;2;0;0;4;0;0;0;0;0;0;1;2;0;0;54;51;52;7;3696;0;28;95.4;3.9;3.9;34.1;24.4;62;54;53.4;-8.5;44;38;53.7;-12.0;0;16;5
7876;64;64;14;5;4;11;2;0;1;1;0;0;0;4;1;1;3;65;60;66;28;12333;2751;153;107.1;4.4;1.5;31.2;21.0;210;140;60.0;13.7;148;100;59.7;13.4;0;13;5
7881;76;76;6;0;0;-2;2;0;0;0;0;0;0;3;3;0;0;49;48;50;2;2129;0;41;86.7;3.4;6.8;25.4;25.4;27;29;48.2;-20.9;21;24;46.7;-24.9;0;16;8
7882;76;76;14;4;6;4;18;0;1;0;0;2;0;6;4;0;13;68;68;64;30;11718;1577;50;95.6;4.6;3.4;35.3;19.4;233;145;61.6;-1.4;169;89;65.5;0.0;0;2;0
7883;68;68;15;5;5;8;11;0;1;0;0;1;0;4;5;3;18;66;60;69;34;12168;804;177;102.2;3.8;1.5;42.9;21.9;263;156;62.8;12.0;208;105;66.5;16.4;1;17;9
7884;76;76;14;2;4;3;9;0;0;0;0;1;1;5;1;7;4;64;60;61;23;9594;0;938;101.1;2.6;1.5;32.3;21.4;169;124;57.7;-6.4;131;81;61.8;-4.8;0;10;6
7885;77;77;13;2;1;1;11;0;0;0;0;1;0;12;3;1;15;63;48;82;17;12826;1327;1661;104.7;2.8;2.0;26.1;32.6;187;235;44.3;8.8;143;167;46.1;9.0;0;0;0
7887;71;71;15;0;2;-14;2;0;0;0;0;0;0;8;2;3;11;57;53;55;4;7639;756;595;91.6;1.9;8.5;20.7;48.5;92;172;34.8;-11.4;64;139;31.5;-14.9;0;12;5
7888;63;63;14;0;0;1;16;0;0;0;0;0;0;4;0;0;6;55;51;54;5;5860;201;197;104.3;2.5;1.8;27.0;38.1;69;116;37.3;-27.2;53;84;38.7;-24.4;0;0;0
7889;70;70;10;3;4;5;6;1;2;0;0;0;0;16;6;3;6;63;60;64;26;9894;1870;864;103.6;3.3;1.5;35.3;25.8;190;141;57.4;-1.9;138;100;58.0;-0.1;1;8;3
7891;63;63;9;0;2;6;2;0;0;0;0;0;0;7;4;2;3;55;50;63;20;8819;195;837;102.8;3.7;1.2;41.6;20.4;192;105;64.6;0.6;147;81;64.5;1.0;0;0;0
7894;67;67;13;0;4;1;0;0;1;0;0;0;0;8;4;2;19;70;54;87;25;12887;3241;1266;102.9;2.5;2.0;25.7;28.5;189;186;50.4;10.4;137;144;48.8;8.6;0;0;0
7898;83;8;13;3;6;8;16;0;0;1;0;2;0;14;2;7;11;70;67;68;43;13200;1169;1633;99.6;4.6;3.0;44.7;27.8;293;172;63.0;7.1;221;133;62.4;6.0;1;49;27
7900;71;71;12;1;2;-7;6;0;0;0;0;0;0;4;3;1;1;57;58;50;23;10538;239;84;93.6;2.0;4.4;36.9;37.2;182;198;47.9;8.9;134;151;47.0;7.5;0;17;9
7906;80;80;11;0;2;3;8;0;2;0;0;0;0;3;7;0;1;55;51;60;28;10472;215;463;95.7;4.1;2.8;51.6;22.3;288;118;70.9;-4.9;207;86;70.6;-5.0;0;0;0
7907;73;73;11;2;0;-5;6;0;0;0;0;0;0;9;3;2;9;55;48;63;11;10207;303;1902;103.6;3.5;5.3;21.9;42.3;113;206;35.4;6.1;81;156;34.2;3.4;1;0;0
7909;63;63;13;2;5;0;12;1;2;0;0;2;0;9;10;4;13;69;53;88;40;12728;3087;1161;98.4;2.8;2.5;35.1;26.3;242;173;58.3;-1.7;182;131;58.1;-0.9;0;0;0
7910;77;77;14;2;4;-8;14;0;0;0;0;2;0;2;1;2;11;61;57;60;24;9676;1026;0;93.5;2.2;4.5;27.5;30.5;151;165;47.8;13.8;114;117;49.4;14.0;0;9;3
7912;74;74;15;2;4;7;4;0;0;0;0;0;0;5;2;1;7;61;55;65;17;9236;1004;47;107.3;4.3;1.2;35.9;25.3;166;119;58.2;-6.8;128;87;59.5;-5.9;0;124;65
7913;72;72;13;7;11;3;15;4;6;0;0;1;1;10;3;1;3;75;68;78;44;11331;4071;1232;98.5;3.8;2.5;35.9;21.0;213;122;63.6;12.3;151;95;61.4;9.7;1;30;8
7915;63;63;9;2;1;7;4;0;0;0;0;0;0;11;0;2;12;63;51;77;13;8812;153;821;106.1;4.9;2.0;38.0;29.8;163;127;56.2;-0.6;119;98;54.8;-0.3;0;0;0
7918;63;63;14;4;0;-3;2;1;0;0;0;0;0;1;1;0;1;55;52;53;14;6939;447;0;98.8;2.1;3.6;26.5;39.9;84;143;37.0;-28.5;64;111;36.6;-28.0;3;11;5
7919;81;81;9;1;1;0;22;0;0;0;0;4;2;7;3;2;4;60;51;66;8;8917;137;1409;98.9;4.0;4.4;30.7;31.1;136;139;49.5;5.1;98;109;47.3;0.4;0;0;0
7923;72;72;13;3;6;-6;9;0;0;0;0;1;0;8;4;2;16;64;57;67;20;9790;1543;141;93.9;3.7;5.9;29.4;31.6;151;164;47.9;-9.6;113;111;50.4;-5.7;1;195;98
7924;73;73;14;3;3;-13;14;1;1;0;0;2;0;9;4;2;9;54;54;50;15;9866;1098;165;98.8;1.8;6.6;16.8;54.4;88;263;25.1;-4.0;66;194;25.4;-4.9;0;17;12
7925;67;67;13;0;4;-3;38;0;2;0;0;6;1;17;7;2;27;63;49;79;9;9333;547;2471;100.0;1.5;2.7;19.3;33.6;95;156;37.8;-7.8;66;117;36.1;-9.3;0;6;2
7926;70;70;15;7;13;11;17;1;1;0;0;1;0;7;2;5;10;73;67;74;44;12416;2288;1152;102.2;5.8;2.6;46.1;25.2;270;169;61.5;3.8;208;124;62.7;6.1;0;240;143
7928;83;83;14;2;2;4;49;0;0;0;0;3;2;21;2;3;21;60;51;69;27;13604;393;1528;100.9;2.6;1.9;33.9;26.7;235;192;55.0;-5.2;173;134;56.4;-3.6;1;0;0
7932;81;81;12;1;1;-3;29;0;0;1;0;5;2;2;3;0;3;51;48;55;14;11259;0;808;97.0;1.6;2.9;23.7;29.4;153;198;43.6;-3.6;103;132;43.8;-3.0;0;0;0
7933;63;63;14;3;3;0;9;0;2;0;0;1;0;5;2;5;11;65;59;67;23;10982;1425;4;98.9;2.3;2.3;33.4;28.8;198;160;55.3;-7.4;140;124;53.0;-9.2;1;164;85
7934;71;71;15;4;5;-3;38;0;0;0;0;6;2;16;11;2;20;52;46;59;30;15174;306;2496;99.8;3.6;4.5;29.4;36.5;214;270;44.2;0.1;163;195;45.5;2.9;1;0;0
7935;75;75;13;2;5;-3;10;0;0;0;0;2;0;6;5;0;17;58;47;73;15;12174;104;1195;106.1;3.0;3.5;20.1;41.4;125;257;32.7;-9.1;92;195;32.1;-10.8;0;0;0
7937;75;75;12;1;0;-4;14;0;0;0;0;0;0;3;8;2;2;55;51;59;15;9068;1437;101;97.4;1.6;2.8;26.2;32.2;121;174;41.0;4.4;88;123;41.7;3.7;0;7;1
7938;67;67;13;1;3;-8;21;0;1;0;0;1;1;2;0;0;10;54;52;53;8;8264;34;1738;96.2;2.2;5.7;22.7;42.3;85;162;34.4;-12.2;66;130;33.7;-12.7;0;36;11
7940;81;81;11;1;0;-6;14;0;0;0;0;0;0;10;0;1;8;55;53;57;16;7644;503;65;95.0;1.9;4.7;24.0;36.7;91;152;37.4;-9.4;67;110;37.9;-9.8;1;8;5
7941;63;63;14;5;3;-4;17;0;0;0;0;1;1;11;4;0;3;57;59;49;27;11679;229;487;92.0;3.4;4.6;38.2;27.4;239;153;61.0;0.2;176;122;59.1;-1.1;0;14;6
7944;82;82;15;5;7;5;11;1;1;0;0;1;0;18;3;4;11;65;61;66;36;13746;2623;947;102.8;5.0;3.4;30.6;25.4;222;177;55.6;14.4;167;130;56.2;15.3;0;42;14
7945;70;70;4;1;1;-1;5;0;0;0;0;1;0;6;1;1;4;61;54;63;8;3159;247;536;94.3;3.4;4.6;37.6;30.8;59;45;56.7;10.4;45;36;55.6;8.0;1;0;0
7946;77;77;14;6;2;-4;45;3;0;0;0;5;0;19;3;9;19;73;58;83;21;10045;3083;165;98.4;2.2;3.6;28.7;39.4;152;223;40.5;4.7;120;161;42.7;5.8;1;144;88
7947;63;63;15;0;3;-4;16;0;0;0;0;0;0;7;3;1;4;56;51;51;14;8040;113;54;93.3;1.8;3.6;29.1;27.8;118;118;50.0;-15.3;87;88;49.7;-15.4;0;31;10
7948;81;81;11;2;1;-1;18;0;0;0;0;2;0;11;6;5;21;57;52;59;15;8950;56;1000;97.4;2.4;3.2;29.0;29.4;140;152;47.9;0.5;101;105;49.0;1.8;0;7;2
7950;81;81;13;1;2;-8;9;0;1;0;0;1;0;2;1;1;12;52;51;48;6;6588;415;25;94.6;1.6;5.5;23.5;44.3;77;163;32.1;-18.5;51;114;30.9;-19.8;0;1;1
7953;67;67;13;3;3;-6;2;0;2;0;0;0;0;18;0;3;8;64;58;66;20;11186;1233;72;96.0;1.3;2.9;23.5;30.6;136;174;43.9;0.2;104;131;44.3;1.5;0;163;81
7954;68;68;12;4;7;5;24;0;1;0;0;2;0;8;2;3;4;58;56;60;32;11857;171;607;100.3;4.9;3.3;40.1;28.2;244;165;59.7;3.9;184;123;59.9;4.8;1;0;0
7956;74;74;15;9;9;15;15;0;1;1;0;1;0;13;3;2;19;67;66;64;57;13302;1244;623;100.9;6.2;2.4;47.6;20.0;297;138;68.3;6.8;239;105;69.5;7.8;2;45;27
7958;119;119;14;1;2;-10;30;0;0;0;0;4;1;9;0;5;27;62;51;74;15;13304;399;1064;99.0;1.9;4.6;19.2;42.5;139;281;33.1;0.9;109;204;34.8;1.2;0;0;0
7959;110;110;14;3;4;-6;11;0;1;0;0;1;0;17;2;6;8;60;54;62;16;8046;819;35;99.8;3.1;4.9;25.5;39.4;99;161;38.1;-24.3;77;122;38.7;-24.6;0;12;6
7960;112;112;10;0;0;-2;2;0;0;0;0;0;0;2;3;2;9;61;51;71;5;9224;142;653;102.7;2.3;3.1;18.7;32.0;133;148;47.3;-11.2;80;109;42.3;-15.8;0;0;0
7961;118;118;6;1;1;1;0;0;0;0;0;0;0;3;0;2;6;63;53;73;8;4837;68;545;102.7;2.2;1.5;31.3;33.5;90;75;54.5;-11.0;57;56;50.4;-13.4;0;0;0
7962;120;120;16;3;0;1;6;0;0;0;0;0;0;9;0;1;6;60;56;60;25;10698;4;1425;98.8;2.7;2.4;33.0;25.2;183;129;58.7;-8.2;139;99;58.4;-8.3;0;23;12
7965;113;113;11;0;2;-3;4;0;0;0;0;0;0;8;2;1;9;55;51;57;4;4680;91;796;102.2;2.3;4.6;19.2;46.9;46;111;29.3;-15.7;31;82;27.4;-17.2;0;23;14
7967;116;116;14;1;3;3;18;0;0;0;0;0;0;13;1;2;6;57;54;56;14;8648;0;18;101.3;3.7;2.5;36.6;27.9;163;127;56.2;-17.1;120;87;58.0;-14.2;0;121;56
7968;106;106;13;2;5;0;14;0;1;0;0;0;0;9;6;0;7;62;53;54;14;9447;348;50;101.4;3.4;3.4;28.2;32.0;136;160;45.9;-2.9;105;115;47.7;-0.5;0;0;0
7972;108;108;10;1;2;5;11;0;0;0;0;1;0;9;2;1;4;59;53;67;13;8244;109;1198;106.5;4.4;2.6;31.0;34.5;137;147;48.2;-6.8;96;110;46.6;-10.3;1;5;3
7973;118;118;13;6;4;5;59;0;0;0;0;11;5;13;3;3;19;68;58;67;33;10585;459;615;104.6;4.4;2.7;34.7;33.3;196;175;52.8;-0.4;149;135;52.5;0.7;0;5;2
7974;105;105;14;0;1;-7;8;0;0;0;0;0;0;3;2;1;7;52;49;52;4;6855;496;389;104.6;2.1;5.8;14.7;59.3;46;197;18.9;-22.2;34;144;19.1;-23.2;0;22;8
7976;112;112;15;1;5;9;33;1;0;0;1;1;0;13;10;2;29;58;49;68;26;14321;187;2796;103.3;3.8;2.0;34.7;26.4;259;202;56.2;2.7;192;142;57.5;6.3;0;0;0
7977;122;122;15;1;0;-10;13;0;0;0;0;1;0;19;5;4;15;56;52;57;13;9239;232;879;98.7;1.6;5.5;16.0;49.5;74;255;22.5;-19.9;57;186;23.5;-19.9;0;10;3
7978;118;118;14;4;6;5;8;0;2;0;0;0;0;10;5;1;7;65;60;66;23;12334;1461;215;103.0;3.5;2.0;33.0;26.9;228;169;57.4;5.1;168;122;57.9;7.4;1;196;107
7979;109;109;16;8;7;13;20;2;3;0;0;0;0;7;7;1;7;66;61;69;46;14558;3388;400;107.7;4.0;0.7;34.6;20.0;293;150;66.1;8.2;205;111;64.9;6.6;1;9;2
7980;113;113;14;4;5;1;53;1;1;0;0;9;6;18;2;3;28;69;62;74;29;11809;2466;386;101.0;2.7;2.4;31.7;31.7;178;190;48.4;6.6;139;139;50.0;10.1;1;28;16
7981;112;112;11;2;1;0;8;0;0;0;0;0;0;15;4;0;8;57;52;61;14;10026;751;587;104.5;3.2;3.2;23.7;35.2;144;181;44.3;-15.1;95;130;42.2;-16.8;0;0;0
7982;115;115;15;1;3;-6;4;0;0;0;0;0;0;9;3;0;5;56;53;54;11;7540;140;673;100.6;2.4;5.3;17.2;39.6;79;169;31.9;-17.0;58;119;32.8;-16.2;0;15;6
7983;116;116;14;1;5;4;9;0;0;0;0;1;0;12;3;3;8;57;53;55;20;10726;454;108;98.8;4.4;3.0;37.9;23.8;203;123;62.3;-9.7;147;90;62.0;-9.4;0;1;0
7984;120;120;16;0;0;3;8;0;0;0;0;0;0;10;3;1;3;56;52;57;9;10781;1071;27;102.6;2.7;1.7;29.1;25.4;176;133;57.0;-10.4;131;101;56.5;-10.7;0;0;0
7988;115;115;6;1;1;1;4;0;0;0;0;0;0;3;1;0;3;58;52;54;6;3682;16;0;110.9;5.9;4.9;25.4;40.1;49;77;38.9;-10.6;35;56;38.5;-12.2;0;1;1
7990;114;114;16;4;10;8;9;1;1;0;0;1;1;5;7;3;17;68;62;71;37;14531;1110;1180;102.6;3.2;1.2;36.4;19.8;279;171;62.0;11.9;208;124;62.7;13.0;0;1;1
7991;120;120;15;2;2;1;16;0;1;0;0;0;0;9;5;0;4;65;53;64;13;10181;119;292;100.2;2.8;2.5;29.0;25.8;167;131;56.0;-12.4;123;96;56.2;-11.7;1;157;97
7995;116;116;14;1;11;19;9;0;3;0;0;1;0;8;3;4;1;70;67;72;35;14302;1237;1348;106.3;6.0;1.3;44.3;17.1;343;116;74.7;7.9;248;87;74.0;7.3;0;0;0
7996;119;119;7;0;1;-5;2;0;0;0;0;0;0;1;1;1;6;56;50;62;10;6159;0;498;98.8;1.8;4.7;23.4;53.8;58;163;26.2;-8.9;49;123;28.5;-7.8;0;0;0
7998;117;117;15;6;12;17;15;4;2;0;0;1;0;7;6;2;12;66;64;68;45;13877;3763;1155;98.5;7.3;2.9;43.8;15.8;326;126;72.1;14.0;237;83;74.1;18.2;1;13;6
8001;111;111;15;2;1;-3;15;0;0;0;0;1;0;4;3;4;5;56;55;53;15;10475;26;234;99.7;2.4;3.4;25.4;35.1;165;186;47.0;-14.1;113;140;44.7;-16.6;0;2;0
8002;121;121;14;1;7;-10;18;0;3;0;0;0;0;8;6;4;11;66;57;79;25;14306;3467;1360;98.6;1.8;3.5;20.9;35.7;165;276;37.4;6.4;127;206;38.1;7.0;0;0;0
8003;115;115;15;7;10;11;13;2;1;0;0;1;0;21;6;8;32;70;62;75;26;13177;1042;1555;112.4;5.2;2.2;27.0;32.2;184;228;44.7;-1.7;137;168;44.9;-1.7;0;12;8
8005;106;106;16;6;3;2;12;2;0;0;0;0;0;14;0;6;21;67;59;72;37;12579;1094;1541;104.0;3.1;2.6;27.8;35.2;179;247;42.0;-7.7;136;172;44.2;-4.8;1;200;112
8007;105;105;14;3;4;-9;6;0;0;0;0;0;0;6;6;6;24;59;54;61;12;9024;653;940;98.6;3.2;6.8;23.1;44.7;108;203;34.7;-3.0;81;150;35.1;-3.9;0;14;5
8008;111;111;15;3;1;-6;8;0;0;0;0;0;0;3;2;0;7;54;52;54;9;7449;0;178;97.4;2.4;5.3;20.3;36.7;90;145;38.3;-23.2;61;110;35.7;-25.8;1;110;58
8009;118;118;14;2;1;0;0;0;0;0;0;0;0;6;3;2;5;55;50;57;11;6889;150;259;103.1;3.1;3.1;27.7;38.1;99;142;41.1;-15.5;73;106;40.8;-14.4;1;70;34
8010;112;112;15;2;5;0;4;0;2;1;0;0;0;12;3;11;11;67;58;73;21;11753;2754;1161;98.9;2.8;2.8;28.2;25.4;187;149;55.7;1.6;126;112;52.9;-0.5;0;40;19
8011;109;109;16;2;5;4;2;0;0;0;1;0;0;11;6;2;10;59;54;61;13;6168;69;2071;104.0;3.5;1.8;37.9;33.3;117;105;52.7;-8.8;86;80;51.8;-9.7;0;23;11
8012;108;108;14;7;9;3;12;1;0;1;0;0;0;18;2;10;34;74;66;78;26;11188;742;2824;100.3;3.9;3.2;35.7;30.6;187;198;48.6;-2.4;145;139;51.1;1.0;2;51;33
8013;107;107;14;2;5;-12;19;1;1;0;0;3;0;9;4;6;6;67;61;72;21;11986;3011;2333;92.0;1.2;4.5;23.1;34.2;131;216;37.8;1.1;101;159;38.8;1.0;0;108;51
8016;119;119;17;3;3;-11;48;3;1;0;0;8;5;20;10;8;17;67;54;79;29;16063;3969;1441;97.7;1.1;3.6;15.9;38.3;151;330;31.4;-0.3;103;234;30.6;-3.0;0;0;0
8017;114;114;16;3;4;0;49;0;0;0;0;7;1;16;5;8;10;60;53;65;19;10416;91;1168;103.9;3.1;3.1;27.0;40.8;123;224;35.4;-23.8;99;175;36.1;-23.0;0;3;3
8018;116;116;13;2;3;11;34;1;0;0;0;6;2;22;1;3;3;62;58;64;23;9773;1152;97;111.0;4.1;0.0;36.8;18.4;201;103;66.1;-4.0;147;73;66.8;-2.6;0;16;7
8019;105;105;14;0;2;-12;4;0;0;0;0;0;0;6;1;1;9;53;52;53;8;8772;910;33;97.2;2.9;7.8;21.3;48.0;102;210;32.7;-5.7;74;158;31.9;-8.0;0;134;60
8023;121;121;13;1;2;-1;6;0;0;0;0;0;0;13;4;1;3;61;51;63;15;11494;69;1211;98.3;2.2;2.5;29.4;27.2;192;168;53.3;26.7;143;126;53.2;26.3;0;190;93
8024;114;114;16;8;10;3;18;2;6;0;0;0;0;22;8;11;14;78;67;86;51;14786;4172;1439;94.1;3.7;2.7;42.6;18.5;333;145;69.7;23.4;238;110;68.4;21.5;1;29;17
8026;117;117;15;1;2;-1;2;0;0;0;0;0;0;8;2;1;7;55;52;54;7;6563;77;372;102.8;2.7;3.3;21.4;32.9;75;111;40.3;-26.0;51;81;38.6;-26.6;0;96;45
8028;110;110;14;4;3;3;2;1;0;0;0;0;0;15;6;14;34;75;62;85;41;12828;863;618;101.0;2.2;1.1;34.8;20.5;231;170;57.6;-0.0;157;112;58.4;0.4;1;21;12
8029;122;122;13;3;8;-8;32;2;4;0;0;6;2;29;1;4;43;85;69;92;34;11593;3216;899;96.0;1.9;4.0;26.4;36.6;155;229;40.4;4.3;121;168;41.9;4.4;0;36;13
8030;109;109;16;2;8;4;0;0;4;0;0;0;0;8;3;2;4;63;58;69;29;8288;2826;217;104.4;3.9;2.2;35.6;33.0;139;143;49.3;-13.4;104;109;48.8;-13.8;0;97;50
8032;115;115;9;3;0;5;4;1;0;0;0;0;0;8;1;1;5;58;55;59;6;8753;472;681;111.7;4.1;2.1;22.6;31.7;115;149;43.6;-1.4;82;113;42.1;-3.4;0;0;0
8033;107;107;14;3;1;-17;10;3;0;0;0;0;0;11;8;2;1;52;54;47;21;10300;2017;205;87.3;1.4;7.3;20.6;37.7;119;202;37.1;0.1;85;145;37.0;-1.6;0;57;22
8034;119;119;15;4;2;-9;14;0;0;2;0;0;0;3;3;6;33;66;55;79;27;13832;911;1035;98.6;1.6;4.4;17.7;43.2;125;309;28.8;-2.4;104;225;31.6;-0.1;0;0;0
8035;109;109;16;3;4;4;8;0;0;1;0;0;0;9;5;13;12;67;54;80;34;17115;336;1224;98.8;2.9;2.3;37.4;25.5;314;222;58.6;-2.6;242;165;59.5;-0.9;0;0;0
8036;109;109;7;0;0;-1;8;0;0;0;0;0;0;0;1;1;2;55;50;62;9;6210;0;245;98.0;1.2;1.7;29.0;29.0;109;99;52.4;-8.3;72;72;50.0;-10.1;0;0;0
8039;122;122;15;0;2;-8;9;0;0;0;0;1;0;18;3;3;8;56;52;54;18;12721;104;9;94.6;1.1;3.4;23.5;33.4;154;251;38.0;0.4;118;179;39.7;1.3;0;0;0
8042;106;106;15;1;7;2;22;0;1;0;0;0;0;6;4;2;4;64;61;64;22;13199;3209;191;100.1;3.5;2.7;36.8;28.6;232;203;53.3;7.1;177;150;54.1;8.6;0;1;0
8043;117;117;15;1;2;-2;0;0;1;0;0;0;0;2;2;1;1;55;54;49;12;10226;170;40;99.0;3.2;3.9;28.5;32.0;143;143;50.0;-16.2;102;115;47.0;-18.8;0;3;2
8044;106;106;16;2;6;-4;2;0;1;0;0;0;0;15;5;9;14;57;56;53;29;15847;538;1821;100.7;2.7;3.6;26.6;38.2;215;304;41.4;-9.3;164;226;42.1;-8.6;0;0;0
8045;114;114;16;2;5;5;12;0;0;0;0;0;0;20;3;0;1;56;47;67;22;16799;541;2469;98.7;4.3;3.2;36.6;24.6;305;234;56.6;4.5;230;177;56.5;4.7;1;0;0
8046;117;117;14;7;10;14;52;1;2;1;0;10;4;19;3;3;8;69;68;66;50;11555;1385;800;98.5;6.9;3.1;45.2;18.7;275;108;71.8;11.8;198;87;69.5;9.7;3;31;13
8048;115;115;14;2;7;11;73;0;1;0;0;13;7;22;4;9;30;69;54;79;37;15320;1040;2226;103.7;5.9;3.3;34.5;24.7;274;206;57.1;16.9;199;147;57.5;17.5;1;0;0
8049;118;118;5;1;0;3;4;0;0;0;0;0;0;1;2;1;1;59;49;72;4;4720;20;358;111.3;3.1;0.8;23.6;47.3;66;105;38.6;-16.5;46;86;34.8;-21.2;0;0;0
8051;117;117;15;2;12;8;18;0;2;0;1;2;0;8;3;4;10;66;58;75;38;14381;1166;1133;101.8;4.8;3.3;35.0;27.5;258;185;58.2;-6.7;193;143;57.4;-6.4;0;0;0
8054;108;108;14;5;6;2;62;0;1;0;0;9;6;6;6;4;22;67;59;67;21;9860;236;2353;100.9;4.7;4.0;35.4;32.1;160;171;48.3;-2.5;116;124;48.3;-2.8;1;44;17
8055;114;114;16;12;18;11;11;7;4;0;0;1;0;13;4;8;12;77;75;73;65;14294;4573;101;100.8;5.0;2.0;40.5;17.4;316;137;69.8;23.0;232;94;71.2;24.9;3;41;30
8058;110;110;14;1;1;-4;17;0;0;0;0;1;0;6;1;1;8;54;50;55;7;5391;49;1159;95.2;1.3;4.0;29.4;42.7;71;116;38.0;-22.9;55;90;37.9;-23.8;1;38;14
8059;107;107;10;0;3;-6;4;0;0;0;0;0;0;12;2;6;15;69;56;79;13;9006;205;958;101.0;3.2;5.6;21.2;39.6;107;178;37.5;-3.9;77;134;36.5;-7.1;0;0;0
8061;113;113;14;5;5;0;28;2;2;0;0;4;0;11;3;5;21;75;66;84;37;12159;4381;40;103.0;3.6;3.0;30.5;34.3;192;198;49.2;8.0;137;153;47.2;6.3;2;0;0
8062;113;113;14;1;0;-4;12;0;0;0;0;2;1;8;5;4;9;63;52;75;14;6232;1638;146;100.1;1.7;3.5;20.2;41.0;63;137;31.5;-14.5;49;98;33.3;-11.4;0;73;35
8063;107;107;14;1;4;-9;2;0;2;0;0;0;0;11;1;2;5;56;56;51;13;11144;1037;1306;94.5;2.3;5.2;23.6;34.2;132;207;38.9;2.7;96;147;39.5;1.9;0;32;11
8065;108;108;13;2;3;3;8;0;0;0;0;0;0;3;2;4;3;54;52;54;2;5070;73;198;119.1;5.7;3.6;20.6;41.9;41;111;27.0;-26.8;35;82;29.9;-24.3;0;25;9
8066;115;115;13;4;0;0;6;0;0;0;0;0;0;3;4;0;7;57;52;59;15;10808;724;317;104.1;3.0;3.0;25.0;38.0;146;204;41.7;-4.8;108;153;41.4;-6.0;1;149;60
8067;112;112;15;1;3;-8;11;0;0;0;0;1;0;12;10;0;3;54;49;54;21;11655;342;463;91.9;1.9;4.3;24.7;27.8;163;175;48.2;-8.2;118;128;48.0;-7.2;0;173;81
8068;110;110;14;2;0;-4;0;1;0;0;0;0;0;6;1;2;1;55;51;56;14;5541;1093;0;99.2;1.9;3.2;25.3;38.3;69;119;36.7;-24.4;51;83;38.1;-23.3;0;0;0
8069;117;117;15;4;7;5;23;0;1;1;0;3;1;16;5;5;26;71;55;88;30;14926;476;1531;98.8;3.9;2.9;35.7;24.1;265;190;58.2;-6.8;188;143;56.8;-7.3;0;0;0
8070;112;112;15;4;6;-2;9;1;4;0;0;1;0;6;6;3;10;62;57;64;25;9076;2393;56;100.5;3.2;4.0;25.8;33.7;124;157;44.1;-13.0;95;113;45.7;-9.7;0;41;20
8073;106;106;16;0;1;2;2;0;0;0;0;0;0;8;6;3;5;56;51;61;22;13786;19;1385;104.0;3.7;3.1;28.7;36.0;199;263;43.1;-6.4;145;190;43.3;-6.2;0;0;0
8074;108;108;14;1;3;2;24;0;0;0;0;0;0;2;1;0;1;52;51;52;7;8255;2;50;107.0;5.7;4.8;27.0;34.5;116;136;46.0;-5.2;82;105;43.9;-8.3;0;147;76
8075;121;121;13;3;3;-6;10;0;1;0;0;0;0;2;4;2;8;53;51;54;14;11907;805;900;104.9;2.7;4.5;18.1;45.0;121;281;30.1;-3.6;88;211;29.4;-5.2;0;192;65
8076;105;105;12;0;1;-4;8;0;0;0;0;0;0;7;0;1;16;55;51;57;8;5013;1263;33;105.1;2.2;5.0;15.8;58.9;28;145;16.2;-22.4;23;107;17.7;-21.7;0;14;6
8077;106;106;14;1;0;-3;12;0;0;0;0;0;0;10;2;4;6;65;55;76;20;14175;1077;1263;102.0;3.0;3.8;26.2;39.6;197;282;41.1;-8.1;149;209;41.6;-7.9;0;0;0
8078;120;120;4;2;0;2;9;0;0;0;0;1;0;2;0;1;3;62;55;72;6;3417;92;208;106.3;3.2;1.1;33.7;33.7;55;61;47.4;-10.1;43;44;49.4;-9.5;0;0;0
8080;114;114;16;1;4;1;4;1;1;0;0;0;0;10;7;6;21;60;50;70;29;15137;1479;1994;98.4;3.1;2.9;38.1;29.5;285;235;54.8;1.7;216;184;54.0;0.8;1;0;0
8083;108;108;14;6;4;7;11;0;1;0;0;1;0;16;2;2;9;63;59;65;20;9664;938;433;109.5;6.0;3.4;27.9;28.3;133;152;46.7;-4.6;92;106;46.5;-5.1;0;21;12
8084;105;105;14;3;11;4;65;0;5;0;0;9;6;4;2;1;20;71;62;75;39;10896;4063;50;105.8;4.6;3.0;33.7;37.3;167;215;43.7;9.5;131;148;47.0;12.6;0;269;153
8085;111;111;15;4;6;4;45;1;0;0;0;7;2;14;8;5;28;59;51;67;33;14712;402;1756;99.0;4.2;3.2;37.4;26.2;299;188;61.4;5.7;219;140;61.0;5.6;1;0;0
8086;110;110;14;1;3;-7;16;0;0;0;0;2;2;22;0;1;10;51;51;47;17;9842;0;535;93.8;2.9;5.5;27.4;32.6;141;163;46.4;-14.6;107;124;46.3;-15.6;0;1;0
8087;109;109;16;2;4;6;4;0;0;0;0;0;0;1;3;2;0;59;54;63;20;7426;1400;50;105.9;4.4;1.5;42.2;32.5;144;125;53.5;-8.2;109;94;53.7;-7.8;0;58;29
8088;111;111;15;0;4;-2;4;0;0;0;0;0;0;2;1;3;10;58;55;56;11;11255;243;199;98.0;2.9;3.5;30.4;30.7;199;171;53.8;-5.2;139;128;52.1;-7.0;0;24;12
8089;107;107;14;1;1;-18;4;1;0;0;0;0;0;15;3;4;33;65;58;72;35;13807;1705;1296;88.9;0.8;5.5;23.2;37.8;160;273;37.0;-0.1;118;198;37.3;-1.2;0;0;0
8090;105;105;14;2;2;-12;4;0;0;0;0;0;0;14;4;4;24;67;56;76;11;9144;925;1524;94.9;2.4;7.1;23.2;46.5;109;211;34.1;-3.9;81;159;33.8;-5.7;0;35;14
8091;110;110;14;0;2;7;21;0;0;0;0;1;0;4;4;2;1;53;50;56;21;11885;185;0;103.7;3.3;1.2;34.5;20.3;214;158;57.5;-0.1;146;103;58.6;0.7;0;0;0
8092;109;109;16;1;6;-1;17;1;2;0;0;1;0;10;5;4;11;65;61;66;33;14807;1439;741;97.7;1.5;1.7;32.6;25.3;282;169;62.5;3.2;203;131;60.8;1.0;0;34;13
8093;109;109;16;9;7;13;0;0;2;0;1;0;0;15;4;2;20;67;63;67;46;14692;1450;1031;103.9;4.9;2.0;37.5;21.3;304;172;63.9;5.2;211;121;63.6;4.9;1;26;13
8095;120;120;10;0;0;0;2;0;0;0;0;0;0;1;1;0;1;53;50;52;8;3824;30;0;99.0;3.8;3.8;28.2;26.4;60;52;53.6;-16.6;41;38;51.9;-16.8;0;6;2
8097;117;117;14;3;12;8;22;0;3;0;0;2;0;15;0;1;5;62;62;57;23;11541;858;117;100.2;5.6;3.1;37.1;20.9;246;117;67.8;10.0;168;93;64.4;6.8;0;5;0
8098;110;110;12;1;2;0;8;0;0;0;0;0;0;16;7;0;5;57;49;68;18;10802;58;1140;97.8;3.7;3.7;34.0;28.3;188;156;54.7;-3.0;137;112;55.0;-3.2;0;0;0
8099;109;109;6;0;2;-3;4;0;0;0;0;0;0;5;3;0;2;53;54;47;6;5279;0;302;93.4;3.4;5.5;29.3;30.0;91;85;51.7;-13.3;60;61;49.6;-17.6;0;0;0
8115;79;79;3;0;0;-2;0;0;0;0;0;0;0;1;2;1;1;50;48;52;6;3048;112;152;91.0;1.2;3.5;22.4;24.8;37;49;43.0;-1.8;27;32;45.8;-0.3;0;0;0
8117;67;67;13;0;1;-6;2;0;0;0;0;0;0;14;7;3;8;49;45;55;13;12955;104;1655;97.0;1.9;3.6;22.2;30.8;138;205;40.2;-5.2;105;152;40.9;-3.5;0;0;0
8118;76;76;8;0;0;-1;12;0;0;0;0;0;0;6;1;0;3;50;48;55;12;6674;0;751;93.0;3.2;3.8;37.8;24.3;120;92;56.6;-8.8;90;64;58.4;-9.1;0;0;0
8119;77;77;12;1;4;-10;36;0;1;0;0;6;1;18;6;1;9;60;48;76;24;11794;1435;825;92.4;1.5;4.6;30.2;36.3;176;232;43.1;-0.5;133;169;44.0;-0.7;0;0;0
8135;118;118;14;0;1;2;4;0;0;0;0;0;0;4;1;0;0;55;50;52;2;5926;0;156;108.0;2.4;1.2;21.9;39.5;74;112;39.8;-16.3;49;87;36.0;-19.2;0;5;0
8137;85;85;5;0;0;-2;0;0;0;0;0;0;0;4;2;1;5;49;47;51;3;4061;0;525;90.7;1.8;3.5;23.9;21.3;57;62;47.9;-6.7;40;40;50.0;-4.3;0;7;2
8140;83;83;14;3;4;3;10;0;0;1;0;0;0;4;7;3;5;64;57;69;31;13624;911;1246;100.0;3.2;2.6;34.9;29.1;226;195;53.7;-6.3;171;147;53.8;-6.3;0;0;0
8141;121;121;14;1;2;-7;8;0;0;0;0;0;0;12;4;5;19;61;47;80;10;13450;8;3279;99.7;1.6;3.7;19.3;43.6;148;313;32.1;-1.7;113;223;33.6;0.1;0;0;0
8144;110;110;14;3;5;-8;28;1;1;0;0;2;1;19;0;3;3;65;61;62;22;11064;1376;59;94.4;3.3;5.2;28.0;30.3;160;182;46.8;-14.6;121;131;48.0;-13.7;1;168;88
8145;121;121;14;1;2;-14;11;0;1;0;0;1;0;8;0;2;4;56;56;53;13;10707;1483;254;102.2;2.0;6.4;13.8;51.4;87;275;24.0;-12.7;59;197;23.0;-14.5;0;15;4
8146;120;120;9;0;0;-2;6;0;0;0;0;0;0;7;3;1;4;53;49;57;6;7711;0;616;97.5;1.4;2.3;31.7;33.6;133;125;51.6;-16.5;96;94;50.5;-18.1;0;0;0
8147;109;109;6;0;0;-3;0;0;0;0;0;0;0;3;1;0;2;61;53;70;6;5128;41;170;93.6;0.0;2.1;23.9;33.0;76;85;47.2;-14.2;50;62;44.6;-16.3;0;0;0
8148;120;120;16;1;2;1;8;0;0;0;0;0;0;8;1;1;0;58;51;57;10;7449;63;214;100.2;2.4;1.9;29.0;23.7;123;93;56.9;-9.6;87;66;56.9;-9.3;0;77;39
8149;105;105;13;3;2;-5;6;0;0;0;0;0;0;4;6;4;20;56;52;58;19;11940;260;2228;100.2;2.4;3.9;24.1;40.1;144;245;37.0;2.4;109;179;37.8;2.6;1;0;0
8151;117;117;15;1;3;-2;2;0;0;0;0;0;0;2;4;2;0;53;51;55;20;10665;542;0;96.7;2.7;3.4;33.4;29.7;167;141;54.2;-11.1;127;117;52.0;-12.8;0;14;5
8153;102;102;16;3;9;18;6;0;0;0;1;0;0;7;3;2;10;68;55;81;23;16258;209;1802;105.4;5.1;1.3;44.7;22.4;362;190;65.6;4.8;280;140;66.7;9.1;0;0;0
8155;87;87;12;0;1;-3;12;0;0;0;0;0;0;4;3;2;6;54;49;62;10;9627;145;894;96.1;1.9;3.0;31.4;30.3;163;140;53.8;9.1;119;107;52.7;6.6;0;0;0
8156;89;89;16;0;2;-6;12;0;0;0;0;0;0;38;5;1;18;59;47;75;17;15779;288;2028;99.6;3.0;4.6;29.2;43.1;232;331;41.2;2.2;177;256;40.9;2.3;0;0;0
8157;63;63;7;0;2;-2;4;0;0;0;0;0;0;1;3;1;6;54;49;60;9;6471;361;348;95.3;1.7;2.8;32.8;28.4;118;94;55.7;-10.8;85;76;52.8;-11.6;0;0;0
8158;80;80;15;2;4;15;10;0;0;0;0;0;0;8;1;2;4;54;51;53;30;14079;173;2199;100.0;5.6;2.3;48.6;19.9;360;133;73.0;-4.5;258;105;71.1;-7.8;0;0;0
8159;73;73;15;1;2;-7;6;0;0;0;0;0;0;13;3;4;32;63;49;76;13;12986;69;2471;102.3;3.0;5.0;23.6;46.9;138;307;31.0;2.2;110;236;31.8;2.2;0;0;0
8160;84;84;12;1;4;-8;6;0;0;0;1;0;0;3;7;1;7;52;51;55;17;13030;568;2179;101.2;2.2;4.7;20.2;48.3;153;314;32.8;-3.3;104;245;29.8;-6.4;0;0;0
8162;109;109;16;1;2;-9;8;1;0;0;0;0;0;8;1;2;7;55;54;52;25;12132;994;0;83.9;1.8;4.5;40.4;21.7;236;155;60.4;0.1;172;110;61.0;1.2;0;0;0
8163;107;107;13;3;2;-12;41;0;1;0;0;1;0;5;4;2;4;58;55;62;16;9762;3776;719;91.7;1.5;5.9;19.9;37.6;121;186;39.4;0.0;83;138;37.6;-4.2;0;2;2
8164;86;86;12;0;8;15;6;0;0;0;0;0;0;9;2;2;5;62;52;73;17;12052;715;2134;105.7;6.3;2.1;40.3;21.2;244;145;62.7;10.9;189;103;64.7;14.3;0;0;0
8169;1;1;15;4;7;0;2;2;2;0;0;0;0;20;18;11;11;74;76;69;46;15009;2306;21;101.8;3.4;2.4;35.5;31.4;214;219;49.4;-0.9;173;143;54.7;1.5;0;3;1
8170;48;14;11;1;8;1;6;0;2;0;1;0;0;6;7;0;22;77;63;90;30;10683;1829;976;102.2;3.4;3.4;28.0;34.4;157;187;45.6;-1.9;113;133;45.9;-2.3;0;0;0
8171;124;124;13;1;6;-7;28;0;4;0;0;2;0;26;1;5;24;64;62;66;39;14369;2180;1930;94.9;2.3;3.8;30.6;30.1;192;209;47.9;-2.2;137;142;49.1;-1.1;0;0;0
8172;18;18;16;2;5;7;6;0;0;0;0;0;0;13;1;7;21;59;55;62;35;17697;26;192;101.9;4.5;3.1;39.9;32.8;303;258;54.0;5.9;219;184;54.3;8.5;1;0;0
8173;25;25;15;5;6;-1;15;2;3;0;0;1;0;20;9;7;6;69;69;66;33;12865;2397;0;100.6;2.8;2.5;32.5;31.3;183;184;49.9;-0.1;134;138;49.3;0.4;1;2;1
8175;12;12;13;1;5;-2;0;0;0;0;0;0;0;11;5;10;18;64;57;69;11;10326;0;96;98.6;3.1;3.8;33.8;35.9;170;173;49.6;-12.1;118;126;48.4;-12.8;0;128;75
8176;155;154;10;1;0;0;0;0;0;0;0;0;0;6;2;2;3;63;56;64;16;6424;24;1270;95.9;2.2;2.2;34.7;21.3;125;67;65.1;-2.6;83;52;61.5;-7.1;0;80;28
8177;27;27;12;1;4;0;2;0;0;0;0;0;0;13;4;4;26;59;55;62;8;13422;98;749;104.7;4.0;4.0;26.6;38.4;176;238;42.5;-0.8;115;176;39.5;-3.3;0;0;0
8178;131;1;8;3;3;5;12;0;0;0;0;0;0;6;1;4;9;63;54;71;20;7727;75;1251;99.8;4.2;1.9;43.8;19.1;170;68;71.4;5.0;127;52;70.9;3.6;2;0;0
8179;73;23;16;11;16;2;10;5;2;0;2;0;0;23;9;28;39;92;73;97;55;15284;4346;3422;102.3;4.0;4.0;27.1;32.0;198;256;43.6;19.9;151;196;43.5;18.9;1;453;245
8180;131;1;14;2;11;6;4;1;1;0;1;0;0;18;2;1;2;70;66;67;35;12346;1980;438;97.7;3.8;2.3;37.9;19.0;255;125;67.1;2.7;190;89;68.1;4.9;0;236;119
8181;124;124;13;1;5;-1;2;0;1;0;0;0;0;23;2;8;21;62;57;64;23;12966;43;891;97.9;3.3;3.6;31.7;28.6;196;187;51.2;2.7;133;126;51.4;2.2;0;0;0
8182;2;2;15;6;2;11;4;0;0;0;0;0;0;13;10;4;5;65;64;61;38;10309;33;108;106.8;5.9;2.1;43.3;30.4;193;137;58.5;1.7;150;103;59.3;2.3;0;1;1
8183;141;25;10;0;2;2;4;0;0;0;0;0;0;7;1;3;10;68;57;77;11;6212;151;1379;99.2;3.5;2.3;33.6;20.9;129;75;63.2;-0.2;90;45;66.7;1.7;0;98;58
8184;24;24;14;3;5;-2;4;1;1;0;0;0;0;7;14;7;7;61;55;66;22;10650;1192;10;101.8;3.4;4.1;26.0;36.2;123;168;42.3;-1.8;99;121;45.0;0.2;0;125;64
8185;21;21;14;0;3;-3;6;0;0;0;0;0;0;15;5;16;30;61;51;71;20;15714;55;2218;96.6;2.7;3.4;34.1;30.0;241;220;52.3;-1.3;176;149;54.2;2.6;0;0;0
8186;19;19;14;7;7;1;2;0;4;0;0;0;0;20;10;8;10;68;63;73;23;11128;2511;1638;103.5;3.9;3.6;27.8;34.0;145;158;47.9;-0.4;104;121;46.2;-2.2;2;177;85
8187;87;87;5;1;0;-2;0;0;0;0;0;0;0;4;6;0;10;54;43;69;3;4840;0;878;105.7;3.0;4.5;19.3;46.1;45;106;29.8;-29.2;34;78;30.4;-28.0;0;0;0
8190;101;101;15;5;2;-2;14;1;1;0;0;0;0;15;6;7;11;66;62;68;24;13375;1083;199;100.7;2.7;3.2;28.5;37.1;194;237;45.0;1.2;152;179;45.9;2.2;1;7;3
8192;97;97;16;4;1;0;12;0;0;0;0;0;0;11;4;2;12;60;53;64;16;10412;958;54;104.8;3.1;3.1;22.1;33.5;118;201;37.0;-5.8;80;150;34.8;-8.8;0;148;77
8195;87;87;13;0;3;-2;18;0;1;0;0;2;0;7;0;3;5;61;55;67;21;12137;1023;825;92.3;2.1;3.0;34.7;21.7;233;140;62.5;9.3;171;105;62.0;9.5;0;0;0
8197;92;92;14;1;2;-12;9;0;1;0;1;1;0;20;6;5;20;63;51;74;19;14613;1802;1808;98.7;2.7;5.7;24.9;46.6;177;353;33.4;2.7;135;257;34.4;3.0;0;0;0
8198;98;98;15;2;2;-8;12;0;1;0;0;2;1;13;3;3;5;59;55;59;16;9483;1336;622;94.6;1.5;4.6;23.2;38.0;113;190;37.3;-7.5;82;141;36.8;-8.9;0;12;4
8200;100;100;12;0;2;-7;9;0;0;0;0;1;0;10;5;0;5;50;50;47;12;11298;487;1042;100.3;3.2;5.4;22.9;39.8;157;226;41.0;-11.3;111;170;39.5;-14.1;0;0;0
8204;104;104;8;0;0;-5;2;0;0;0;0;0;0;1;1;0;2;51;50;48;1;3538;10;190;85.7;0.0;5.1;16.3;35.6;31;66;32.0;-18.4;22;48;31.4;-18.9;0;48;21
8207;97;97;15;1;3;-12;8;0;1;0;0;0;0;11;6;2;5;53;50;47;15;10900;709;8;97.2;2.6;6.6;19.8;41.0;109;232;32.0;-12.4;82;177;31.7;-13.0;0;9;4
8208;103;103;16;1;1;0;12;0;0;0;0;0;0;6;3;0;5;58;50;53;11;6556;117;0;103.6;2.2;2.2;24.7;41.2;79;140;36.1;-32.1;63;104;37.7;-31.4;0;1;0
8210;97;97;10;3;0;-1;2;0;0;0;0;0;0;0;0;0;5;52;51;46;6;4812;144;251;111.1;5.2;5.2;23.2;45.6;49;117;29.5;-15.1;39;83;32.0;-10.7;0;5;1
8212;88;88;8;0;0;-2;4;0;0;0;0;0;0;1;3;1;3;52;49;55;2;2730;0;258;93.8;0.0;2.6;19.8;42.2;31;53;36.9;-23.6;23;40;36.5;-24.3;0;3;0
8217;90;90;15;2;3;-8;14;0;1;0;0;0;0;3;2;2;11;53;50;53;6;5369;156;356;103.9;2.7;8.0;14.1;53.0;49;130;27.4;-24.6;33;104;24.1;-27.4;0;103;39
8218;96;96;12;2;1;-4;4;0;0;0;0;0;0;10;3;0;4;54;51;55;16;11739;125;964;98.8;1.5;2.8;22.7;34.7;150;187;44.5;-4.0;107;143;42.8;-6.4;0;0;0
8219;99;99;9;0;1;-4;32;0;0;0;0;4;1;16;2;1;2;49;49;48;8;7457;53;520;94.3;2.9;4.8;28.5;30.4;111;136;44.9;-11.9;79;99;44.4;-14.0;0;0;0
8225;102;102;16;0;2;1;2;0;0;0;0;0;0;3;1;1;2;57;52;58;12;13843;15;915;100.5;4.2;3.9;32.8;32.0;238;231;50.7;-16.8;163;175;48.2;-18.0;0;0;0
8226;95;95;8;3;1;7;8;0;0;0;0;0;0;2;1;2;4;61;54;67;15;6848;0;639;106.3;5.8;2.6;36.8;27.9;129;97;57.1;3.1;97;72;57.4;2.9;1;0;0
8227;94;94;14;0;0;-1;14;0;0;0;0;0;0;1;3;0;1;51;49;53;3;5236;114;55;102.3;1.4;2.1;17.2;36.4;52;106;32.9;-16.2;31;71;30.4;-18.4;0;7;1
8229;97;97;10;0;2;-5;7;0;1;0;0;1;0;3;3;0;3;53;50;54;7;4638;938;58;93.1;0.8;3.9;18.6;34.9;45;85;34.6;-13.7;30;62;32.6;-16.8;0;9;1
8232;98;98;12;0;2;-2;0;0;0;0;0;0;0;2;3;2;2;50;49;50;5;6322;15;1230;97.0;1.7;3.4;25.1;34.7;76;113;40.2;-4.5;61;86;41.5;-4.0;0;96;42
8233;96;96;9;0;0;-7;6;0;0;0;0;0;0;1;1;2;0;46;49;42;3;7758;44;659;91.8;2.3;5.6;23.2;30.6;96;136;41.4;-5.1;69;102;40.4;-4.7;0;0;0
8234;96;96;13;0;1;-11;6;0;0;0;0;0;0;6;2;0;1;49;50;48;4;5519;14;55;86.9;0.7;7.8;16.3;45.7;58;123;32.0;-16.6;38;97;28.1;-20.9;0;30;13
8235;92;92;14;1;1;-9;7;0;0;0;0;1;0;15;0;2;16;54;51;53;8;8157;110;97;101.7;1.8;5.7;17.2;67.1;80;252;24.1;-10.0;54;182;22.9;-12.7;0;45;14
8241;90;90;4;0;0;-2;2;0;0;0;0;0;0;4;2;0;1;47;48;41;5;3529;0;216;97.8;4.1;6.1;34.7;43.9;66;70;48.5;1.6;46;55;45.5;1.4;0;0;0
8242;88;88;5;0;0;-5;5;0;0;0;0;1;0;0;0;0;0;46;50;46;0;1944;0;27;75.0;0.0;9.3;14.8;37.0;23;40;36.5;-22.1;15;29;34.1;-25.2;0;12;6
8243;102;102;8;2;2;7;0;0;0;0;0;0;0;7;3;0;2;58;56;53;15;7539;0;331;107.4;5.7;2.4;37.2;30.1;146;117;55.5;-10.1;110;91;54.7;-10.6;0;0;0
8246;102;102;4;0;0;-2;0;0;0;0;0;0;0;2;1;0;0;52;51;43;5;1697;0;36;73.3;2.1;6.4;31.8;19.1;27;16;62.8;-5.5;23;12;65.7;0.8;0;1;0
8248;99;99;12;0;1;-1;6;0;0;0;0;0;0;5;9;0;1;46;44;49;10;10435;42;1097;101.6;4.1;4.5;28.3;34.5;149;196;43.2;-11.6;105;145;42.0;-14.3;0;0;0
8250;102;102;3;0;0;-1;0;0;0;0;0;0;0;3;0;0;0;50;50;46;2;1087;0;0;88.9;0.0;3.3;16.6;29.8;11;19;36.7;-29.4;8;14;36.4;-27.8;0;0;0
8255;88;88;9;0;0;4;0;0;0;0;0;0;0;9;0;0;1;55;49;57;4;5274;64;0;110.5;3.4;0.7;25.9;25.9;76;86;46.9;-17.2;52;54;49.1;-13.7;0;0;0
8256;85;85;16;1;2;-1;6;0;0;0;0;0;0;12;2;2;0;54;51;54;23;13170;642;1489;99.0;2.7;3.0;27.1;27.1;208;168;55.3;2.3;145;124;53.9;1.6;1;20;3
8258;103;103;7;0;0;1;19;0;0;0;0;1;0;3;4;0;4;52;50;55;7;6079;375;513;101.5;4.1;3.0;40.3;33.8;119;108;52.4;-12.6;88;79;52.7;-13.2;0;0;0
8260;91;91;14;2;1;-2;4;0;0;0;0;0;0;5;2;1;1;54;51;58;15;5622;902;0;100.3;3.2;4.5;27.5;39.7;75;117;39.1;-24.0;55;88;38.5;-25.6;0;23;11
8261;94;94;14;0;4;-15;18;0;0;0;0;2;0;8;3;2;10;54;51;57;11;12225;167;910;92.3;2.1;6.5;25.3;40.9;157;265;37.2;-14.7;110;191;36.5;-15.0;0;0;0
8262;93;93;11;1;2;-3;4;0;0;0;0;0;0;1;2;1;1;52;51;52;11;7751;854;741;100.6;2.3;3.7;22.8;38.5;93;170;35.4;-8.8;69;121;36.3;-8.8;0;8;3
8264;93;93;10;0;1;-4;4;0;0;0;0;0;0;6;4;1;8;54;48;60;2;7827;27;1575;101.4;3.7;5.5;27.1;45.5;101;180;35.9;-5.2;77;131;37.0;-5.4;0;0;0
8265;93;93;12;0;3;-10;0;0;0;0;0;0;0;6;3;1;5;48;51;44;2;6358;257;291;103.2;2.3;7.9;13.0;56.1;42;175;19.4;-26.6;33;137;19.4;-28.2;0;72;21
8266;100;100;12;0;0;-2;0;0;0;0;0;0;0;3;0;1;2;54;50;56;1;4632;0;103;99.8;0.8;2.3;17.1;49.0;46;116;28.4;-19.0;30;96;23.8;-24.6;0;7;3
8267;101;101;14;2;4;-3;10;0;1;0;0;0;0;14;2;2;4;54;52;52;10;7316;43;834;104.3;3.4;4.9;20.2;38.4;70;146;32.4;-13.7;56;106;34.6;-11.1;0;85;29
8270;97;97;16;2;5;-3;2;0;0;0;0;0;0;7;6;1;2;53;51;47;12;11558;144;191;105.8;3.4;4.4;19.9;38.3;128;233;35.5;-8.1;96;181;34.7;-9.5;0;2;0
8272;97;97;12;0;1;-10;4;0;0;0;0;0;0;9;5;1;8;52;48;57;13;10321;0;1369;96.4;2.4;5.9;25.8;45.3;126;246;33.9;-6.0;92;183;33.5;-6.7;0;0;0
8274;97;97;14;4;3;-3;6;1;0;0;0;0;0;7;5;1;14;53;52;54;16;10202;838;2816;99.9;3.2;4.6;22.6;32.5;145;186;43.8;3.7;99;136;42.1;1.7;0;31;10
8275;96;96;13;1;1;-4;20;0;0;0;0;2;0;6;0;2;4;59;51;53;10;8194;689;32;100.3;2.2;4.0;17.1;31.6;80;135;37.2;-10.8;60;104;36.6;-11.3;0;0;0
8276;93;93;12;1;2;-13;4;0;0;0;0;0;0;10;2;0;25;54;51;55;7;8928;969;59;95.1;1.2;6.5;16.1;52.0;73;240;23.3;-24.2;55;170;24.4;-23.8;0;125;72
8277;98;98;5;0;0;-1;0;0;0;0;0;0;0;1;0;0;5;53;50;55;1;2460;2;141;109.8;1.5;2.9;8.8;42.4;16;60;21.1;-24.7;11;44;20.0;-25.7;0;11;3
8279;100;100;8;0;1;-3;4;0;0;0;0;0;0;1;1;0;2;56;50;56;1;3237;0;0;91.2;0.0;3.3;15.6;37.8;29;72;28.7;-22.4;21;50;29.6;-20.8;0;0;0
8282;90;90;15;1;5;-6;20;0;2;0;0;0;0;11;6;5;7;50;51;48;22;16677;591;1129;98.7;3.7;5.0;28.1;34.5;247;297;45.4;-5.7;181;223;44.8;-5.1;0;0;0
8285;94;94;7;1;0;1;2;0;0;0;0;0;0;3;9;0;4;45;42;52;5;4193;42;852;110.2;4.3;3.4;24.9;48.9;51;102;33.3;-8.9;35;72;32.7;-10.2;0;19;3
8288;87;87;4;0;0;-1;5;0;0;0;0;1;0;1;1;0;1;51;50;54;4;1715;211;0;93.3;0.0;2.1;23.1;31.5;26;34;43.3;-19.1;18;27;40.0;-22.7;0;25;8
8289;100;100;13;3;3;-5;4;0;0;0;0;0;0;7;6;1;9;58;56;56;29;13145;938;1111;95.5;2.5;3.3;29.9;25.7;210;202;51.0;8.2;151;134;53.0;11.9;1;0;0
8293;86;86;4;1;1;-2;4;1;0;0;0;0;0;1;0;0;1;51;51;51;2;3199;30;311;96.5;1.1;3.4;27.0;43.9;47;60;43.9;-18.3;36;47;43.4;-18.5;0;0;0
8298;91;91;14;2;8;4;10;1;2;0;0;0;0;7;3;1;1;61;62;54;17;11919;939;685;100.5;3.9;2.7;38.1;27.8;230;184;55.6;-6.0;178;136;56.7;-5.6;0;209;86
8300;89;89;15;0;1;-5;2;0;1;0;0;0;0;8;5;1;13;49;49;48;8;9346;190;157;105.8;2.7;4.6;17.7;48.9;91;249;26.8;-15.1;67;180;27.1;-14.2;0;2;0
8302;94;94;14;1;1;-8;9;0;0;0;0;1;0;3;1;1;7;48;51;43;16;9946;106;744;94.6;4.0;6.9;29.0;35.8;139;182;43.3;-5.1;104;137;43.2;-4.8;0;11;3
8303;91;91;14;5;5;2;4;0;0;0;0;0;0;12;0;3;4;64;62;62;20;11186;473;780;97.6;3.9;3.2;36.4;24.8;200;167;54.5;-7.2;143;123;53.8;-9.2;0;27;9
8306;95;95;13;1;2;-4;26;0;1;0;0;2;0;18;15;3;6;56;49;64;17;11716;1126;1349;96.4;2.5;3.7;29.8;31.0;183;183;50.0;-6.7;143;133;51.8;-4.1;1;0;0
8307;104;104;12;0;0;-4;4;0;0;0;0;0;0;7;2;0;0;47;49;45;7;10459;45;1350;98.6;2.4;3.8;27.2;36.8;150;185;44.8;-6.0;111;134;45.3;-5.0;0;0;0
8309;102;102;7;2;2;0;0;0;0;0;0;0;0;1;4;0;0;54;53;54;8;6083;84;389;99.3;4.1;4.1;32.5;30.8;102;96;51.5;-15.2;66;75;46.8;-19.0;1;0;0
8310;100;100;6;1;1;-2;0;0;0;0;0;0;0;2;3;0;1;51;51;52;9;5904;15;413;96.8;4.3;5.5;32.3;33.5;87;112;43.7;-9.1;67;86;43.8;-8.6;0;0;0
8315;85;85;16;9;14;-2;31;5;6;0;0;3;0;12;8;2;5;69;69;65;49;13598;3231;644;95.3;3.2;3.7;32.0;25.4;241;170;58.6;7.0;171;117;59.4;9.2;1;83;45
8316;104;104;9;1;1;-5;4;0;0;0;0;0;0;3;0;0;1;50;51;45;4;4741;123;108;97.5;3.8;7.6;28.9;48.6;63;110;36.4;-15.7;49;85;36.6;-14.5;0;90;41
8318;87;87;14;1;1;-5;2;0;0;0;0;0;0;4;5;2;4;53;51;54;4;7329;428;0;95.5;2.0;4.4;26.0;36.8;103;138;42.7;-15.5;77;111;41.0;-17.4;0;4;1
8321;94;94;11;1;2;-3;13;0;0;0;0;1;0;11;5;0;4;50;51;47;9;6876;25;692;100.6;4.2;5.8;25.7;36.6;88;128;40.7;-11.8;62;95;39.5;-13.5;0;26;10
8324;89;89;16;6;2;-3;10;1;0;0;0;0;0;15;3;1;26;66;58;71;30;14166;1818;154;100.3;3.0;3.8;30.0;38.6;224;282;44.3;6.6;161;209;43.5;6.0;0;216;107
8325;100;100;7;1;3;2;6;0;0;0;1;0;0;6;0;1;4;56;54;55;4;4534;0;497;104.3;5.6;4.8;29.4;32.6;70;82;46.1;-6.8;50;62;44.6;-9.4;0;10;4
8326;97;97;12;0;0;-2;0;0;0;0;0;0;0;2;3;0;1;51;49;51;2;6966;232;12;100.6;1.0;2.1;18.6;41.9;62;158;28.2;-12.2;49;116;29.7;-11.5;0;0;0
8329;91;91;10;0;3;0;0;0;0;0;0;0;0;1;1;0;1;53;52;50;5;6493;34;122;100.0;2.8;2.8;27.7;27.7;97;105;48.0;-17.5;65;69;48.5;-16.2;0;86;32
8330;104;104;14;1;2;-5;31;0;0;0;1;1;0;10;4;1;5;53;51;53;11;4803;36;1061;93.2;2.2;6.0;26.2;39.0;66;97;40.5;-10.7;47;68;40.9;-10.3;0;14;6
8333;95;95;4;0;0;2;2;0;0;0;0;0;0;5;1;0;0;55;49;58;0;1777;81;0;115.4;4.1;0.0;26.3;30.4;28;26;51.9;-3.1;19;19;50.0;-4.1;0;1;0
8334;88;88;5;0;0;-1;2;0;0;0;0;0;0;4;2;0;0;52;48;57;8;3939;0;255;99.9;1.8;2.7;21.0;31.1;51;63;44.7;-18.1;33;49;40.2;-23.0;0;0;0
8335;89;89;16;2;1;1;21;0;0;0;0;3;0;9;9;1;13;50;47;55;14;15299;162;2133;102.8;3.1;3.1;29.4;40.2;222;314;41.4;2.5;171;238;41.8;3.7;0;0;0
8336;100;100;11;0;2;-3;2;0;0;0;0;0;0;1;0;1;0;55;50;52;3;4877;0;0;103.7;3.0;5.2;19.9;46.5;54;110;32.9;-15.4;36;85;29.8;-18.6;0;6;4
8337;97;97;8;0;0;-5;2;0;0;0;0;0;0;1;1;1;2;52;49;51;0;3217;127;174;95.8;1.1;5.6;13.4;44.8;20;76;20.8;-17.4;15;49;23.4;-14.5;0;19;6
8338;101;101;6;0;0;-1;17;0;0;0;0;1;0;2;1;2;2;57;50;67;4;4515;68;379;101.3;2.4;3.2;23.9;36.7;66;77;46.2;-15.6;44;64;40.7;-21.9;0;0;0
8342;91;91;2;0;0;1;2;0;0;0;0;0;0;2;0;0;0;57;51;62;4;1786;0;154;96.7;4.0;2.0;60.5;20.2;47;22;68.1;4.4;36;16;69.2;2.3;0;0;0
8343;96;96;10;1;0;-1;2;0;0;0;0;0;0;4;2;1;2;59;52;63;9;8284;0;967;95.2;3.5;3.9;27.8;22.6;110;129;46.0;-1.7;86;85;50.3;4.4;0;0;0
8345;86;86;2;0;0;0;0;0;0;0;0;0;0;0;1;0;0;47;48;53;1;709;0;15;100.0;0.0;0.0;20.3;71.1;6;25;19.4;-31.3;6;21;22.2;-29.6;0;1;0
8346;99;99;13;0;1;0;4;0;0;0;0;0;0;6;1;0;3;54;50;50;8;7382;36;88;101.0;3.4;3.4;27.8;30.2;101;123;45.1;-11.3;80;96;45.5;-11.8;0;2;1
8351;82;82;14;4;1;2;26;2;0;0;0;4;0;6;2;1;5;55;54;51;14;9605;691;0;106.1;4.1;3.4;27.7;38.6;144;180;44.4;-3.6;106;138;43.4;-4.8;2;0;0
8354;78;78;4;1;1;2;4;0;0;0;1;0;0;0;0;2;0;58;51;67;5;3423;143;481;104.0;2.1;1.1;29.4;33.7;51;59;46.4;-13.6;36;44;45.0;-15.3;0;0;0
8357;81;81;10;1;0;-9;4;1;0;0;0;0;0;3;3;0;10;50;50;46;2;4983;31;16;88.0;0.7;7.2;18.8;45.5;46;123;27.2;-23.1;34;93;26.8;-23.0;1;36;17
8359;69;69;14;1;5;-15;22;1;1;0;0;0;0;17;7;7;28;63;53;75;18;13035;2000;1282;97.5;1.1;5.0;16.8;55.0;110;343;24.3;-10.3;84;269;23.8;-9.8;0;0;0
8362;66;66;12;2;4;-1;0;0;0;0;0;0;0;1;2;1;1;53;52;50;11;8386;0;0;100.7;5.2;5.6;30.1;33.9;126;156;44.7;-21.5;103;113;47.7;-17.1;0;136;59
8363;64;64;4;0;1;-6;2;0;0;0;0;0;0;0;4;2;1;48;48;44;2;2985;197;345;93.6;2.4;7.2;14.5;31.4;30;53;36.1;-6.6;19;40;32.2;-11.0;0;0;0
8365;79;79;15;1;3;-6;10;0;0;0;0;0;0;8;2;0;3;54;54;49;10;9816;1132;1020;93.6;1.8;4.0;28.6;31.5;155;154;50.2;-6.2;117;112;51.1;-5.1;0;11;4
8366;75;75;15;0;0;-3;8;0;0;0;0;0;0;6;1;1;2;49;49;48;4;6666;0;895;103.9;1.6;3.2;15.7;50.2;44;192;18.6;-23.7;36;140;20.5;-22.7;0;83;30
8371;65;65;1;0;0;-2;0;0;0;0;0;0;0;2;0;0;0;47;50;42;1;935;0;55;91.1;3.9;11.6;30.8;53.9;12;23;34.3;-3.6;10;19;34.5;0.2;0;0;0
8372;82;82;10;0;3;-2;4;0;0;0;0;0;0;3;1;1;1;54;51;58;4;4916;234;36;99.2;1.5;2.9;21.2;38.1;50;103;32.7;-9.2;41;81;33.6;-8.8;0;22;7
8373;67;67;13;1;0;-5;2;0;0;0;0;0;0;3;3;1;1;51;49;52;8;5723;40;316;94.8;1.3;4.4;19.5;37.7;57;112;33.7;-12.0;41;76;35.0;-9.6;0;48;18
8374;75;75;6;1;0;-2;4;0;0;0;0;0;0;2;2;2;1;55;49;61;9;4918;25;620;100.5;2.2;3.7;26.4;46.8;61;113;35.1;-2.0;46;85;35.1;-3.5;0;0;0
8375;67;67;7;0;0;-11;16;0;0;0;0;0;0;3;6;2;8;43;44;44;7;5981;0;695;81.0;0.6;7.2;21.1;33.1;54;110;32.9;-12.2;45;79;36.3;-6.5;0;0;0
8376;64;64;14;3;7;1;33;2;1;0;0;5;0;11;10;2;2;60;60;56;26;11873;2172;475;103.7;3.3;2.7;26.7;30.9;175;183;48.9;-1.8;133;133;50.0;0.0;1;5;1
8377;72;72;6;2;0;1;6;0;0;0;0;0;0;4;3;0;2;52;47;56;11;5018;0;671;98.5;5.0;4.3;40.2;30.8;99;81;55.0;-2.5;71;59;54.6;-4.8;0;0;0
8379;72;72;13;1;1;-3;7;0;0;1;0;1;0;6;0;0;6;49;51;45;3;5120;0;839;96.1;3.5;6.3;21.8;31.6;64;95;40.3;-17.0;46;72;39.0;-18.2;1;29;7
8381;83;83;7;0;0;1;2;0;0;0;0;0;0;2;2;0;1;55;49;63;7;5712;461;393;100.4;3.2;2.5;35.3;29.6;94;95;49.7;-7.1;71;62;53.4;-0.7;0;0;0
8382;68;68;10;0;0;-1;4;0;0;0;0;0;0;10;4;0;3;49;46;55;9;9123;28;1998;98.9;2.0;2.4;32.8;33.1;153;160;48.9;-9.1;110;120;47.8;-11.6;0;0;0
8383;65;65;13;0;0;-6;8;0;0;0;0;0;0;6;3;2;8;56;54;55;10;8913;350;455;98.6;2.0;4.4;22.6;43.2;111;190;36.9;-5.3;77;140;35.5;-6.4;0;127;58
8384;68;68;8;1;3;4;5;0;1;0;0;1;0;5;1;2;4;63;56;71;11;7248;595;750;101.4;5.5;3.5;39.2;27.8;131;129;50.4;-3.3;105;87;54.7;-1.6;0;0;0
8385;81;81;13;1;6;-5;10;0;2;0;0;0;0;13;8;2;11;74;60;87;25;11609;2653;260;95.3;1.2;2.8;29.8;31.3;165;194;46.0;-1.5;122;144;45.9;-1.8;0;158;91
8386;73;73;16;0;3;-8;6;0;0;0;0;0;0;8;2;2;17;53;51;57;7;8708;695;295;107.8;2.1;5.4;12.4;60.4;54;267;16.8;-16.3;42;203;17.1;-17.0;0;72;27
8389;64;64;14;1;2;-6;6;0;0;0;0;0;0;6;5;0;4;51;50;50;9;8529;329;242;97.7;3.0;5.5;23.6;37.1;117;160;42.2;-10.2;84;123;40.6;-12.3;0;67;38
8390;75;75;12;1;2;-4;6;0;0;0;0;0;0;1;2;0;2;51;51;48;5;8762;227;66;109.1;2.9;4.1;16.4;48.9;73;221;24.8;-19.7;52;170;23.4;-22.7;0;6;2
8393;74;74;8;0;1;2;2;0;0;0;0;0;0;1;3;3;1;57;51;66;5;3266;14;193;106.0;3.3;1.1;28.7;19.8;58;37;61.1;-2.2;39;22;63.9;0.7;0;40;14
8394;82;82;11;1;0;-2;6;0;0;0;0;0;0;2;3;0;4;56;51;62;7;10003;414;1089;103.4;2.9;3.6;24.8;43.9;126;218;36.6;-8.1;95;165;36.5;-7.1;0;0;0
8396;68;68;9;1;3;1;4;0;0;0;0;0;0;6;0;0;4;62;54;71;15;8811;568;818;97.6;4.1;3.7;39.2;28.6;177;123;59.0;6.0;125;90;58.1;6.2;1;0;0
8397;77;77;14;2;2;-1;15;0;0;0;0;1;0;31;9;1;10;56;53;54;19;11724;1247;120;105.2;2.8;2.5;21.8;32.9;150;228;39.7;3.5;112;165;40.4;2.7;0;12;8
8398;82;82;14;3;9;-1;8;0;4;0;0;0;0;13;7;7;10;65;62;64;27;12959;1785;354;99.7;4.2;4.4;29.2;30.6;194;203;48.9;6.9;143;152;48.5;6.4;0;8;4
8399;74;74;15;2;7;8;23;0;1;0;0;3;0;20;2;7;5;70;65;72;29;12203;999;1295;100.4;4.7;2.1;41.0;18.6;267;129;67.4;5.3;200;92;68.5;5.9;1;27;15
8400;68;68;15;1;2;-4;10;0;0;0;0;2;0;5;6;2;3;51;49;50;3;8411;0;0;98.8;2.1;3.9;21.0;33.8;83;154;35.0;-22.9;65;112;36.7;-21.6;0;3;0
8401;80;80;7;0;0;-1;5;0;0;0;0;1;1;6;0;0;0;53;50;52;3;2853;0;0;97.5;1.3;2.5;31.5;39.1;53;48;52.5;-33.3;36;40;47.4;-38.8;0;29;9
8403;64;64;14;1;2;-1;8;0;0;0;1;0;0;8;2;2;1;58;52;63;17;8140;464;324;100.2;2.2;3.1;24.3;34.9;107;153;41.2;-11.4;76;108;41.3;-11.0;0;127;66
8406;67;67;4;0;2;-1;4;0;0;0;0;0;0;0;2;0;3;64;56;73;4;3386;352;291;98.9;2.1;3.2;26.6;35.1;42;57;42.4;-14.2;33;48;40.7;-15.0;0;0;0
8408;67;67;13;3;1;-4;4;0;0;0;0;0;0;9;2;0;5;57;52;59;11;8365;862;0;98.8;2.2;3.9;21.1;34.0;93;148;38.6;-6.7;64;112;36.4;-8.9;0;113;49
8409;82;82;13;2;5;-2;0;2;1;0;0;0;0;3;3;0;5;56;54;56;14;7253;1014;81;100.2;1.5;2.5;21.8;37.7;90;137;39.6;-7.6;65;106;38.0;-9.5;1;10;2
8411;84;84;11;1;1;-10;24;0;0;0;0;1;0;5;1;1;4;50;47;56;12;10046;31;1120;92.8;2.2;5.7;21.1;33.0;109;184;37.2;7.9;81;133;37.9;9.0;0;0;0
8412;65;65;13;1;2;-2;4;0;0;0;0;0;0;8;1;2;10;58;55;57;18;9051;1228;157;102.2;2.8;3.6;27.4;44.9;115;197;36.9;-5.4;84;148;36.2;-5.6;0;4;3
8415;67;67;13;1;0;-7;9;1;0;0;0;1;0;5;0;1;10;52;50;52;10;7087;34;1195;92.3;1.5;5.1;19.8;33.0;81;128;38.8;-6.2;53;93;36.3;-8.5;0;11;4
8416;63;63;7;0;0;-3;2;0;0;0;0;0;0;3;3;1;2;45;47;46;0;6129;19;300;100.5;1.8;3.5;21.7;46.4;72;143;33.5;-14.3;54;109;33.1;-16.6;0;0;0
8417;79;79;15;1;7;-1;8;1;4;0;0;0;0;7;6;2;0;56;52;61;15;8498;2107;224;102.0;2.1;2.5;20.8;30.9;101;125;44.7;-12.4;73;101;42.0;-16.0;0;161;70
8418;76;76;9;1;3;0;0;0;0;0;0;0;0;0;2;1;3;54;51;55;9;3801;0;82;97.1;3.8;3.8;33.1;26.5;64;62;50.8;-13.2;48;45;51.6;-14.9;0;51;29
8419;63;63;13;1;3;1;0;1;0;0;0;0;0;6;1;3;1;58;55;57;11;8792;1139;117;100.7;2.0;1.6;31.9;28.7;152;136;52.8;-12.6;108;102;51.4;-12.9;0;8;5
8421;64;64;14;1;1;-5;23;0;0;0;0;3;0;3;2;1;2;54;53;52;15;8878;198;2;94.1;2.0;4.1;26.0;29.6;124;146;45.9;-5.4;88;98;47.3;-3.4;0;7;3
8422;77;77;7;1;0;-6;4;0;0;0;0;0;0;5;5;3;6;51;47;55;7;6449;58;513;94.5;0.6;4.5;20.7;54.7;59;194;23.3;-6.5;48;142;25.3;-5.2;0;0;0
8425;69;69;11;1;3;-6;18;0;0;0;0;2;0;7;4;2;2;61;52;73;11;10572;44;1916;98.8;1.4;3.4;20.1;42.9;112;225;33.2;0.0;81;177;31.4;-1.4;0;0;0
8428;69;69;12;0;4;-5;2;0;0;0;0;0;0;2;5;2;2;63;53;70;19;11953;148;1454;99.2;2.1;3.6;26.5;41.3;153;221;40.9;11.7;120;178;40.3;12.0;0;0;0
8431;78;78;6;0;1;0;10;0;0;0;0;0;0;1;2;3;9;56;51;67;10;4750;308;593;98.5;4.5;5.3;35.6;37.1;88;82;51.8;-11.2;60;59;50.4;-13.9;0;0;0
8435;74;74;1;0;0;0;0;0;0;0;0;0;0;0;0;0;0;54;50;49;0;282;0;0;0.0;0.0;0.0;0.0;25.5;0;3;0.0;-62.5;0;2;0.0;-63.2;0;0;0
8437;68;68;10;4;3;4;6;2;2;0;0;0;0;4;2;1;3;60;60;54;22;7680;1010;18;102.3;4.2;2.3;36.1;24.8;148;107;58.0;0.6;111;78;58.7;0.4;2;2;0
8440;70;70;14;1;2;4;4;0;0;0;0;0;0;6;4;1;0;54;52;53;18;7643;408;23;100.2;5.2;3.3;41.4;26.8;148;115;56.3;-3.6;112;82;57.7;-1.1;0;4;2
8443;73;73;12;1;2;-9;11;0;0;0;0;1;1;7;3;0;1;48;50;42;11;7869;0;154;100.3;1.8;5.9;16.5;54.9;69;229;23.2;-10.7;54;163;24.9;-9.6;0;0;0
8444;64;64;14;2;3;-5;2;0;0;0;0;0;0;6;2;2;1;56;54;54;18;11432;1686;0;99.7;2.2;3.1;22.0;30.5;158;176;47.3;-3.9;116;124;48.3;-2.3;0;12;4
8445;69;69;4;1;1;0;2;0;0;0;0;0;0;1;0;0;0;51;52;45;3;2251;99;80;120.0;3.2;3.2;12.8;64.0;14;70;16.7;-12.2;12;55;17.9;-10.6;1;8;1
8446;66;66;12;1;0;-5;4;0;0;0;0;0;0;4;0;0;2;51;50;49;2;4833;0;142;93.5;2.2;6.0;26.1;39.5;62;96;39.2;-24.4;48;72;40.0;-22.5;0;74;18
8449;72;72;13;7;1;-6;2;2;1;0;0;0;0;2;3;1;1;58;57;56;29;8503;1479;17;90.9;3.0;5.5;28.8;28.4;126;125;50.2;-6.0;98;88;52.7;-2.4;0;10;5
8451;70;70;2;1;1;1;0;0;0;0;0;0;0;1;1;0;0;57;55;53;5;1721;0;49;97.2;4.2;2.1;50.2;18.8;47;12;79.7;-1.3;31;12;72.1;-8.1;0;0;0
8452;69;69;15;0;1;-5;13;0;0;0;0;1;0;7;1;3;11;53;50;57;3;6075;31;50;105.4;2.4;5.3;16.0;56.9;46;173;21.0;-13.3;36;124;22.5;-10.3;0;29;13
8453;77;77;14;1;2;-10;2;0;0;1;0;0;0;4;2;1;13;51;51;50;12;8395;301;706;94.9;1.3;5.6;18.4;46.3;77;199;27.9;-11.4;58;150;27.9;-13.1;0;31;7
8455;77;77;13;0;2;-1;4;0;0;0;0;0;0;7;1;2;2;53;50;53;6;5340;105;203;104.0;2.7;3.4;24.3;47.2;60;117;33.9;-28.1;48;93;34.0;-27.5;0;45;18
8457;78;78;4;0;1;-3;0;0;0;0;0;0;0;0;5;0;3;45;42;48;1;3191;0;393;96.6;2.3;5.6;21.4;40.6;27;71;27.6;-28.2;24;54;30.8;-23.2;0;0;0
8458;81;81;7;1;0;0;0;0;0;1;0;0;0;3;2;0;4;53;49;59;3;3245;32;536;100.0;3.3;4.4;33.3;44.4;52;72;41.9;-9.2;37;54;40.7;-8.8;0;52;21
8459;78;78;9;0;1;1;34;0;0;0;0;2;0;22;3;1;4;50;49;51;14;7507;291;945;102.7;5.3;4.8;36.9;41.2;123;151;44.9;-12.8;99;116;46.0;-12.1;0;0;0
8464;82;82;9;1;3;2;2;0;1;0;0;0;0;5;6;0;8;56;52;59;11;9014;161;804;108.1;5.2;4.4;27.6;40.7;120;204;37.0;-13.1;89;143;38.4;-12.1;0;0;0
8465;84;84;15;3;3;-14;4;1;0;0;0;0;0;9;3;5;16;56;54;54;21;11802;740;0;92.6;2.1;6.4;23.5;38.7;135;249;35.2;3.0;107;188;36.3;5.8;0;181;94
8468;81;81;13;0;2;-11;4;0;1;0;0;0;0;3;3;3;11;56;52;57;11;8711;665;123;94.7;1.7;5.8;22.7;45.9;98;204;32.5;-19.2;72;146;33.0;-18.6;0;140;65
8471;65;65;13;3;1;-8;14;0;0;0;0;0;0;1;6;0;1;52;52;47;14;8931;1174;21;98.2;2.8;6.0;23.8;44.3;106;201;34.5;-8.4;77;150;33.9;-8.6;0;9;2
8477;68;68;9;0;0;-5;2;0;0;0;0;0;0;3;3;0;2;51;50;50;8;5749;950;104;99.1;2.5;5.6;22.5;47.0;62;130;32.3;-20.7;45;98;31.5;-22.0;0;0;0
8478;69;69;15;1;6;-12;4;1;4;0;0;0;0;5;4;2;5;59;54;62;16;12340;2235;556;94.7;1.5;4.1;28.6;39.1;181;228;44.3;7.2;133;168;44.2;9.0;0;228;115
8479;66;66;13;1;3;0;6;0;0;0;0;0;0;4;5;1;6;49;47;52;13;11322;72;955;97.1;3.5;3.5;33.7;26.4;210;159;56.9;-3.9;149;115;56.4;-3.9;0;0;0
8481;63;63;2;0;0;-2;4;0;0;0;0;0;0;6;0;0;0;56;51;62;3;1811;22;63;67.8;2.0;6.0;37.8;15.9;40;17;70.2;0.2;27;14;65.9;0.5;0;0;0
8483;81;81;13;1;1;-8;2;0;0;0;0;0;0;3;1;2;14;56;51;59;15;7146;331;117;94.3;1.0;4.5;21.2;43.3;71;161;30.6;-20.1;57;120;32.2;-18.5;1;13;9
8484;73;73;16;2;2;-15;8;0;0;0;0;0;0;13;5;2;17;51;51;48;11;10116;200;1289;96.6;1.8;7.1;17.1;51.6;85;273;23.7;-7.8;64;190;25.2;-6.8;0;130;45
8485;67;67;4;0;0;-1;0;0;0;0;0;0;0;3;1;0;3;51;47;57;4;3544;0;211;96.5;2.0;3.0;21.3;23.4;41;58;41.4;7.2;28;36;43.8;10.4;0;0;0
8486;73;73;16;0;3;-12;20;0;0;0;0;0;0;4;4;0;12;53;50;53;6;10394;615;481;105.0;2.1;6.2;12.1;51.3;66;261;20.2;-12.1;53;200;20.9;-12.2;0;34;16
8487;69;69;7;0;0;-10;4;0;0;0;0;0;0;6;5;1;3;53;48;61;5;6510;390;984;98.2;2.2;7.7;19.4;58.6;63;169;27.2;-5.5;45;137;24.7;-6.9;0;0;0
8489;84;84;15;1;0;-5;2;0;0;0;0;0;0;7;0;1;8;49;50;47;5;8231;8;380;110.0;2.2;4.4;13.1;65.6;59;252;19.0;-17.7;43;199;17.8;-18.3;0;127;23
8497;82;82;13;2;7;2;31;0;3;0;0;5;1;5;5;2;14;64;58;72;31;12210;1655;610;108.5;3.5;2.7;23.0;38.3;153;219;41.1;-10.4;106;169;38.5;-14.0;0;1;1
8501;77;77;14;0;1;-3;2;0;0;0;0;0;0;4;2;3;15;51;50;51;7;7239;86;685;99.2;1.5;3.0;27.8;48.7;86;204;29.7;-9.4;73;147;33.2;-6.6;0;8;3
8504;68;68;15;1;1;-3;0;0;0;0;0;0;0;4;0;0;6;51;50;51;7;5836;0;285;102.3;1.9;3.7;17.9;46.3;46;148;23.7;-35.2;37;112;24.8;-34.7;0;27;13
8507;66;66;13;0;1;-5;2;0;0;0;0;0;0;1;1;2;1;51;50;48;6;5406;0;7;96.9;2.7;6.0;22.0;39.3;58;112;34.1;-29.5;47;82;36.4;-26.5;0;0;0
8508;79;79;2;0;1;0;4;0;0;0;0;0;0;1;1;2;1;61;55;66;3;1298;147;324;100.0;2.8;2.8;30.5;30.5;17;30;36.2;-17.5;14;18;43.8;-9.3;0;3;2
8510;74;74;13;1;3;10;4;0;0;0;0;0;0;14;2;3;6;61;56;63;15;8391;0;2156;105.2;5.1;1.3;43.3;19.3;178;86;67.4;0.4;140;61;69.7;2.3;0;66;22
8513;64;64;5;1;4;2;4;0;0;0;0;0;0;3;0;1;2;67;63;69;8;4558;330;390;109.3;4.7;3.2;26.1;35.5;58;74;43.9;-15.2;38;61;38.4;-18.9;0;0;0
8516;78;78;10;0;3;0;8;0;0;0;0;0;0;2;4;0;1;53;48;60;6;7946;121;1327;105.8;3.2;3.2;23.6;41.2;100;168;37.3;-16.9;70;125;35.9;-17.7;0;14;6
8517;64;64;3;1;0;-2;2;0;0;0;0;0;0;1;0;0;0;62;55;71;6;2445;380;267;85.6;1.5;4.4;33.9;23.6;34;33;50.7;-10.6;31;23;57.4;-1.1;0;0;0
8518;64;64;2;0;0;0;2;0;0;0;0;0;0;2;0;2;3;61;50;75;2;1600;0;0;100.0;0.0;0.0;6.7;51.7;12;42;22.2;-6.9;9;33;21.4;-5.7;0;0;0
8519;73;73;16;0;2;-12;24;0;0;0;0;3;0;17;3;3;20;60;54;62;29;13529;1818;1235;95.0;1.1;4.0;20.0;38.6;138;264;34.3;-1.4;103;190;35.2;-1.6;0;22;11
8522;82;82;13;4;10;7;19;2;4;0;0;1;0;7;3;0;5;62;60;62;27;7628;2732;0;116.7;7.1;3.3;27.4;35.9;100;155;39.2;-4.8;76;108;41.3;-2.1;1;10;3
8523;112;112;2;0;0;-1;0;0;0;0;0;0;0;0;1;0;0;50;49;46;2;998;52;0;88.9;0.0;3.6;14.4;32.5;10;20;33.3;-24.3;7;14;33.3;-24.1;0;0;0
8524;108;108;2;0;1;-3;0;0;0;0;0;0;0;0;0;0;0;48;56;35;2;2000;0;287;84.2;3.6;9.0;34.2;34.2;40;36;52.6;-2.8;26;26;50.0;-5.8;0;0;0
8525;119;119;15;1;1;-16;6;0;0;0;0;0;0;6;0;7;12;54;52;52;14;11513;715;578;92.2;1.3;6.3;20.0;44.4;111;265;29.5;-4.3;88;196;31.0;-3.7;0;23;14
8526;118;118;13;0;1;0;8;0;0;0;0;0;0;8;3;2;1;58;50;61;8;7274;0;0;101.4;1.5;1.5;25.7;34.1;106;129;45.1;-12.1;67;96;41.1;-14.9;0;96;48
8527;108;108;4;0;0;-2;0;0;0;0;0;0;0;1;2;0;1;50;49;49;1;1448;0;0;102.4;2.5;7.5;12.4;42.3;11;33;25.0;-24.4;8;20;28.6;-19.2;0;14;4
8528;114;114;15;0;3;3;31;0;1;0;0;2;1;27;6;3;8;59;50;68;22;13105;279;1673;98.9;3.6;2.7;36.3;25.0;226;191;54.2;0.1;175;142;55.2;2.0;0;0;0
8530;111;111;5;1;0;2;2;0;0;0;0;0;0;2;1;0;2;54;49;55;1;1804;0;0;129.8;6.0;2.0;16.0;25.9;16;29;35.6;-24.6;11;19;36.7;-23.2;0;5;3
8531;112;112;15;3;3;5;18;0;0;0;0;2;0;20;7;2;6;58;58;54;28;13223;936;893;99.7;4.1;2.7;34.0;22.1;261;147;64.0;13.7;174;107;61.9;12.1;0;16;2
8532;119;119;12;0;1;-11;8;0;0;0;0;0;0;13;3;0;6;52;51;52;11;10262;1357;483;91.8;1.1;4.9;28.4;41.4;124;204;37.8;7.8;103;157;39.6;8.9;0;6;0
8533;105;105;10;1;0;-2;5;0;0;0;0;1;0;2;2;2;4;51;50;53;4;4047;0;0;109.2;3.6;5.3;18.7;54.3;32;110;22.5;-19.1;25;85;22.7;-20.5;0;31;12
8534;116;116;14;2;0;-1;6;0;0;0;0;0;0;2;2;1;3;53;50;56;10;4835;0;39;94.1;2.2;3.0;38.0;25.3;89;55;61.8;-8.7;70;42;62.5;-7.6;1;58;26
8536;114;114;12;1;3;3;2;0;0;0;0;0;0;4;2;1;5;53;47;61;10;9853;383;1363;103.6;3.3;2.2;31.8;32.5;164;161;50.5;-2.6;121;124;49.4;-3.1;0;0;0
8537;122;122;10;4;3;-3;10;1;1;0;0;0;0;6;2;2;2;57;54;61;24;9473;950;1462;99.4;2.3;3.8;23.2;36.5;116;181;39.1;-1.2;82;137;37.4;-5.0;0;0;0
8539;115;115;8;3;1;6;7;0;0;0;0;1;0;9;1;2;3;59;56;57;11;6285;398;12;111.7;5.7;2.3;28.1;26.3;90;104;46.4;5.2;64;79;44.8;3.1;0;123;52
8540;114;114;16;2;4;-5;2;0;2;0;0;0;0;3;1;1;21;59;52;66;18;7195;743;1112;97.9;2.5;5.0;28.0;45.5;85;160;34.7;-22.7;69;123;35.9;-21.2;0;33;17
8541;114;114;8;0;0;1;6;0;0;0;0;0;0;18;4;1;1;55;47;67;3;6820;30;858;102.1;3.2;2.6;29.0;30.1;108;105;50.7;-0.8;77;74;51.0;-2.0;0;0;0
8542;107;107;14;2;2;-7;16;1;0;0;0;0;0;9;5;1;4;57;53;59;26;11530;3115;255;96.1;2.8;5.0;28.7;36.5;157;227;40.9;5.7;117;159;42.4;6.2;0;222;93
8543;107;107;14;0;0;-19;4;0;0;0;0;0;0;6;3;0;2;51;51;47;11;9176;830;687;85.2;1.6;8.6;24.7;40.8;113;186;37.8;1.1;86;143;37.6;-0.7;0;75;27
8544;121;121;3;0;0;1;0;0;0;0;0;0;0;2;1;0;4;58;50;64;1;2291;0;378;108.6;3.1;1.6;23.6;33.0;27;53;33.8;-4.5;21;35;37.5;0.9;0;0;0
8546;122;122;13;2;2;-4;14;0;2;0;0;0;0;8;5;3;12;64;51;79;22;12982;2094;2365;98.7;2.2;3.3;26.3;34.4;171;246;41.0;1.6;129;182;41.5;1.1;0;0;0
8547;119;119;15;1;0;-10;16;0;0;0;0;2;0;4;4;1;7;49;49;48;11;6837;203;154;89.4;0.5;5.8;18.4;43.2;70;165;29.8;-26.0;48;116;29.3;-25.6;0;18;8
8548;111;111;12;1;0;-5;2;0;0;0;0;0;0;1;0;0;2;52;51;50;4;4896;107;0;101.6;3.7;7.4;15.4;33.1;56;84;40.0;-19.8;36;65;35.6;-24.6;0;1;0
8555;121;121;14;3;2;-6;10;1;1;0;0;0;0;5;4;5;11;64;58;69;17;11667;2971;1288;100.6;1.2;2.5;17.3;37.6;108;272;28.4;-6.7;83;186;30.9;-3.8;0;29;11
8556;121;121;11;1;2;-6;6;1;0;0;0;0;0;10;2;1;37;65;56;74;15;10491;929;834;100.9;1.7;3.4;18.5;40.8;99;239;29.3;-7.7;72;171;29.6;-7.1;0;0;0
8563;121;121;14;2;1;-6;11;0;0;0;0;1;0;8;4;1;13;53;50;55;9;8720;891;58;104.0;1.7;4.1;13.6;50.8;57;241;19.1;-18.2;43;166;20.6;-16.7;0;11;4
8567;117;117;15;5;4;-5;14;1;0;0;0;0;0;16;3;0;10;65;58;69;24;10822;881;1752;94.4;2.7;4.7;31.6;33.3;167;166;50.2;-16.7;118;131;47.4;-19.1;0;155;91
8568;112;112;5;0;2;-2;2;0;0;0;0;0;0;2;0;0;3;57;53;62;2;3982;0;370;100.6;3.6;5.4;29.8;47.0;56;84;40.0;-20.3;43;64;40.2;-20.6;0;0;0
8572;122;122;9;0;0;-6;0;0;0;0;0;0;0;13;2;0;1;51;50;49;10;8479;387;788;96.9;1.3;3.8;22.1;42.9;87;185;32.0;-5.5;70;140;33.3;-5.4;0;0;0
8574;115;115;7;0;1;0;4;0;0;0;0;0;0;1;5;1;2;54;48;52;4;4618;26;40;100.8;3.1;3.1;28.8;31.2;70;91;43.5;-10.3;50;65;43.5;-10.5;0;54;17
8578;105;105;6;0;0;-4;0;0;0;0;0;0;0;1;0;0;2;51;51;48;2;2793;83;77;96.6;1.3;6.4;14.2;51.6;15;76;16.5;-25.7;12;53;18.5;-24.1;0;51;28
8580;111;111;15;0;2;-6;8;0;0;0;0;0;0;7;8;1;13;56;52;58;30;13981;857;1541;96.8;2.8;4.4;28.8;33.7;214;234;47.8;-14.4;152;175;46.5;-15.6;0;0;0
8584;115;115;10;0;4;-2;4;0;0;0;0;0;0;5;1;0;7;55;51;55;3;4009;282;117;112.7;2.7;4.5;11.7;43.1;40;90;30.8;-19.4;27;64;29.7;-21.2;0;24;15
8585;117;117;5;1;1;1;0;0;0;0;0;0;0;2;1;0;1;53;52;48;4;4208;0;275;100.9;6.0;5.1;37.6;34.2;83;55;60.1;3.8;63;47;57.3;1.7;0;0;0
8589;111;111;3;0;0;-3;0;0;0;0;0;0;0;2;0;0;0;50;50;50;1;1541;20;0;87.0;0.0;7.0;16.4;53.7;11;47;19.0;-33.1;8;34;19.0;-30.7;0;0;0
8591;116;116;12;3;1;8;6;0;0;0;0;0;0;4;5;1;1;56;54;54;31;10886;226;575;100.6;6.0;3.3;46.6;27.1;247;136;64.5;-7.9;184;106;63.4;-9.4;0;1;0
8593;122;122;14;3;3;-10;6;1;1;0;0;0;0;7;2;5;7;54;53;52;17;9534;1264;247;100.7;3.0;6.8;21.5;51.0;91;241;27.4;-12.0;72;184;28.1;-12.2;0;147;69
8594;113;113;8;0;1;0;0;0;0;0;0;0;0;3;1;1;2;57;53;60;9;3582;870;0;106.2;2.0;1.0;22.1;35.2;39;70;35.8;-13.6;29;48;37.7;-10.6;0;0;0
8596;113;113;10;1;2;-5;4;0;0;0;0;0;0;7;3;3;6;53;53;49;8;6267;63;93;95.3;2.9;5.7;27.0;37.3;81;123;39.7;-5.7;64;89;41.8;-2.5;1;9;3
8597;109;109;16;0;2;0;8;0;0;0;0;0;0;5;4;1;2;52;51;50;15;12428;145;0;97.0;3.5;3.5;37.7;28.4;251;167;60.0;-0.3;189;124;60.4;0.4;0;0;0
8599;116;116;8;1;2;1;6;0;0;0;0;0;0;3;1;2;1;55;52;62;16;6334;105;566;99.9;3.4;2.8;39.2;32.4;115;99;53.7;-23.5;88;76;53.7;-22.4;0;0;0
8600;111;111;3;0;0;-2;2;0;0;0;0;0;0;0;0;0;1;57;50;54;2;1431;0;0;100.0;2.5;7.5;10.1;30.2;17;27;38.6;-21.0;8;22;26.7;-34.0;0;3;0
8601;120;120;16;1;2;-4;6;0;0;0;0;0;0;2;0;1;3;54;51;54;9;6554;0;0;92.7;1.6;3.8;24.7;27.5;93;95;49.5;-18.0;63;64;49.6;-17.3;0;0;0
8602;112;112;14;3;1;4;4;0;0;0;0;0;0;6;7;1;1;54;51;53;15;10737;67;2076;102.9;3.4;2.3;31.9;30.8;184;154;54.4;1.0;132;113;53.9;2.0;0;37;15
8603;114;114;9;0;0;-3;17;0;0;0;0;1;0;22;6;0;1;54;47;63;11;8161;93;1031;96.0;1.3;2.6;30.9;31.8;142;136;51.1;-8.8;99;105;48.5;-10.7;0;0;0
8606;114;114;16;2;6;-4;2;0;3;0;0;0;0;7;0;1;12;60;55;65;31;9308;3070;0;101.5;2.3;3.9;22.4;43.7;101;221;31.4;-28.5;78;171;31.3;-28.5;0;13;8
8609;112;112;12;0;0;0;14;0;0;0;0;0;0;6;4;1;0;57;54;58;10;9113;2379;0;99.4;2.8;2.8;28.8;27.3;135;135;50.0;17.9;96;99;49.2;16.3;0;0;0
8613;112;112;4;1;1;-4;11;0;0;0;0;1;1;3;2;1;1;53;52;50;9;3268;170;407;93.3;2.2;6.6;23.1;40.8;47;59;44.3;-14.0;31;47;39.7;-17.7;0;0;0
8615;119;119;14;1;0;-13;10;0;0;0;0;0;0;3;4;2;2;50;51;51;8;10510;0;445;93.8;0.7;5.1;14.4;46.9;76;273;21.8;-12.1;56;191;22.7;-11.8;0;133;52
8616;108;108;7;2;5;6;4;0;1;0;0;0;0;3;2;0;3;54;56;48;12;5698;652;133;107.4;7.6;3.8;40.4;33.5;102;110;48.1;-7.7;82;79;50.9;-4.9;0;97;34
8618;111;111;2;0;1;2;2;0;0;0;0;0;0;4;0;0;0;58;52;66;0;1751;0;204;112.2;8.2;4.1;37.0;41.1;33;33;50.0;-15.6;25;25;50.0;-14.7;0;0;0
8619;105;105;14;3;3;-2;28;0;1;0;0;0;0;5;5;1;10;62;55;71;33;14550;3411;2380;104.1;3.5;4.0;25.5;41.8;174;292;37.3;0.5;131;225;36.8;-1.9;1;0;0
8622;115;115;5;0;0;-1;0;0;0;0;0;0;0;1;1;0;3;53;50;57;2;1973;0;7;95.2;0.0;1.8;16.4;38.3;19;48;28.4;-18.4;13;29;31.0;-16.1;0;27;10
8623;118;118;7;0;1;0;2;0;0;0;0;0;0;1;0;0;0;54;50;53;2;1936;0;0;102.9;1.9;1.9;24.2;39.0;23;32;41.8;-10.0;17;29;37.0;-13.6;0;32;17
8625;106;106;8;0;0;0;0;0;0;0;0;0;0;3;2;0;3;54;49;62;6;4851;4;763;103.4;3.7;3.7;28.9;39.3;64;95;40.3;-7.2;45;71;38.8;-9.3;0;0;0
8631;113;113;9;1;0;-4;2;0;0;0;0;0;0;0;2;0;3;51;49;52;1;3008;59;90;95.8;1.2;6.0;14.4;47.9;27;76;26.2;-18.3;19;58;24.7;-18.8;0;16;4
8633;115;115;11;1;3;-3;2;0;0;0;0;0;0;7;0;0;6;55;52;47;10;6406;0;14;97.6;1.7;3.4;24.2;36.0;78;128;37.9;-10.3;52;93;35.9;-12.7;0;0;0
8634;111;111;5;0;0;-6;4;0;0;0;0;0;0;2;2;1;0;49;48;52;2;4397;5;393;85.0;2.5;7.4;30.3;31.9;68;71;48.9;-21.2;50;56;47.2;-22.6;0;0;0
8635;118;118;5;0;1;3;2;0;0;0;0;0;0;2;0;0;0;60;53;67;3;4420;349;274;108.5;3.3;0.8;31.8;46.4;65;101;39.2;-13.4;47;75;38.5;-13.5;0;0;0
8646;122;122;14;5;3;-17;18;2;1;0;0;0;0;5;2;2;16;55;55;51;21;9404;1137;0;93.1;1.9;8.4;20.7;52.1;95;241;28.3;-12.3;73;183;28.5;-13.8;0;11;5
8647;115;115;15;0;3;1;17;0;1;0;0;1;0;9;11;3;12;59;50;73;11;14462;462;1527;107.0;3.5;3.2;22.4;37.8;181;286;38.8;-10.7;132;214;38.2;-12.1;0;0;0
8649;108;108;8;0;1;0;2;0;0;0;0;0;0;4;4;0;4;53;50;53;5;6520;76;731;101.7;4.4;4.4;29.8;33.7;89;132;40.3;-7.1;68;92;42.5;-3.7;0;0;0
8653;111;111;8;1;3;-1;2;0;0;0;0;0;0;3;1;0;1;54;53;50;3;3291;0;79;116.1;4.4;5.5;13.1;31.7;38;58;39.6;-21.4;24;44;35.3;-24.8;1;28;11
8655;119;119;17;2;1;-6;2;0;0;0;0;0;0;4;4;3;7;52;50;51;10;12364;800;314;102.2;1.5;3.2;14.8;42.2;113;276;29.0;-3.4;78;193;28.8;-5.1;0;21;9
8656;119;119;15;1;0;-11;0;0;0;0;0;0;0;4;4;1;15;48;49;45;4;10067;0;453;96.8;1.1;5.0;13.6;45.1;75;248;23.2;-10.0;59;177;25.0;-9.9;0;120;44
8657;122;122;15;0;1;-16;6;0;1;0;0;0;0;4;2;5;28;57;51;63;9;8935;1784;279;85.3;0.0;6.4;16.1;43.9;78;219;26.3;-14.5;55;149;27.0;-14.7;0;56;22
8661;115;115;7;0;1;-2;2;0;0;0;0;0;0;2;2;1;1;55;49;59;2;3550;0;0;99.4;1.0;3.0;16.2;44.6;29;83;25.9;-22.5;23;60;27.7;-21.0;0;16;7
8662;108;108;8;0;1;-1;2;0;0;0;0;0;0;1;0;0;3;53;50;52;2;3018;0;214;107.5;2.4;3.6;13.1;33.4;20;60;25.0;-31.0;14;41;25.5;-29.5;0;32;12
8663;122;122;10;0;3;-9;6;0;2;0;0;0;0;5;5;1;5;57;50;67;11;9705;388;549;94.1;1.1;4.5;26.7;44.1;124;216;36.5;-4.3;99;157;38.7;-4.0;0;0;0
8665;114;114;16;2;2;0;4;0;0;0;0;0;0;5;4;1;14;56;51;56;13;11192;324;26;103.0;3.2;3.2;28.0;38.0;147;227;39.3;-19.2;114;175;39.4;-18.9;0;153;65
8666;112;112;15;0;1;-9;10;0;0;0;0;0;0;6;1;0;2;52;51;51;4;5885;376;104;89.7;0.6;6.1;17.7;44.7;58;149;28.0;-31.1;42;108;28.0;-29.9;0;3;3
8667;100;100;15;0;1;-7;16;0;0;0;1;0;0;10;5;4;15;55;48;63;11;14059;51;1906;97.8;3.1;5.4;25.1;37.1;185;278;40.0;-10.2;130;203;39.0;-11.3;0;0;0
8668;111;111;14;2;3;-10;9;0;0;0;0;1;0;21;3;1;12;55;53;53;21;13869;482;1118;94.4;2.6;5.2;26.2;33.5;187;249;42.9;-19.5;139;184;43.0;-18.5;0;0;0
8669;109;109;10;0;4;-5;14;0;0;0;0;0;0;3;2;4;11;59;54;64;12;8711;8;664;92.7;2.5;4.5;32.6;30.6;161;143;53.0;-13.1;109;105;50.9;-16.0;0;0;0
8671;103;103;13;2;3;11;12;0;0;1;0;0;0;4;2;1;3;59;54;63;29;12558;526;938;103.5;4.6;1.4;43.6;20.4;271;136;66.6;2.0;213;101;67.8;2.8;1;0;0
8673;89;89;16;3;2;-1;22;0;0;1;0;0;0;7;11;8;7;52;49;55;24;17175;1042;3584;105.3;3.6;3.8;23.9;39.4;219;352;38.4;-2.2;159;275;36.6;-4.3;0;0;0
8674;98;98;15;0;0;-8;6;0;0;0;0;0;0;9;4;6;21;54;48;61;11;13625;262;898;95.3;1.1;3.4;27.5;40.4;198;258;43.4;0.3;146;204;41.7;-3.2;0;0;0
8675;90;90;10;0;0;-6;2;0;0;0;0;0;0;7;9;0;10;53;46;62;6;10592;0;1616;92.4;2.7;4.8;28.2;27.5;174;164;51.5;1.6;122;114;51.7;3.8;0;0;0
8676;118;118;8;1;3;3;8;0;1;0;0;0;0;2;3;1;2;56;57;53;19;7947;1130;536;100.3;4.1;2.7;39.4;27.2;141;123;53.4;-1.9;116;89;56.6;3.7;1;0;0
8677;108;108;11;0;4;1;4;0;0;0;0;0;0;6;3;3;8;58;50;68;10;9169;0;1311;101.8;3.1;2.7;28.3;29.4;132;151;46.6;-6.8;92;110;45.5;-9.1;0;0;0
8678;106;106;11;2;2;4;0;0;1;0;0;0;0;4;3;3;4;64;54;74;18;9623;758;946;106.1;3.4;1.9;28.8;33.7;140;174;44.6;-7.8;105;128;45.1;-6.2;0;0;0
8679;94;94;13;1;3;-17;23;0;1;0;0;1;0;14;2;3;11;49;51;47;14;11457;42;669;91.5;1.9;7.2;21.7;42.1;143;248;36.6;-16.6;96;185;34.2;-19.3;0;0;0
8680;93;93;12;0;2;-4;12;0;0;0;0;0;0;7;2;4;4;58;48;74;17;12412;292;1346;96.8;4.1;5.2;28.4;29.9;177;210;45.7;6.8;140;151;48.1;8.7;0;0;0
8681;110;110;11;1;2;4;8;0;0;0;0;0;0;7;2;0;4;50;50;48;12;11791;146;845;99.6;4.3;3.1;34.5;23.8;224;156;58.9;-0.8;163;110;59.7;-1.4;0;0;0
8682;88;88;13;2;3;-3;4;0;0;0;0;0;0;8;11;2;8;51;50;54;14;11892;72;1218;95.5;3.3;4.5;34.8;32.4;234;178;56.8;-7.9;167;134;55.5;-8.6;0;0;0
8683;100;100;15;0;2;-3;51;0;0;0;0;3;1;17;2;2;4;58;48;71;12;13252;314;2082;96.0;3.5;4.1;32.1;27.2;222;211;51.3;6.1;166;145;53.4;9.4;0;1;1
8690;108;108;14;1;8;5;6;0;0;0;0;0;0;7;4;4;8;61;58;61;18;13378;1371;2831;105.5;5.1;3.2;31.5;30.1;195;222;46.8;-5.2;148;153;49.2;-1.9;0;0;0
8692;109;109;5;0;0;-1;0;0;0;0;0;0;0;1;2;1;1;53;49;53;7;3143;26;411;88.1;2.3;4.6;36.7;25.2;58;44;56.9;-7.3;39;32;54.9;-10.2;0;0;0
8693;105;105;14;2;5;-9;12;1;1;0;0;0;0;21;8;4;11;56;56;54;29;14904;2625;1865;99.5;2.9;4.8;26.6;42.5;189;301;38.6;2.5;145;232;38.5;0.7;1;0;0
8694;107;107;2;0;0;0;2;0;0;0;0;0;0;0;0;0;6;57;50;67;1;1649;0;51;107.2;2.2;2.2;17.5;41.5;16;40;28.6;-7.4;13;30;30.2;-8.5;0;0;0
8696;102;102;14;5;3;14;2;0;0;1;0;0;0;7;0;1;2;65;62;66;34;14114;548;1979;103.4;4.6;1.3;43.1;17.6;333;133;71.5;11.9;246;98;71.5;14.5;0;0;0
8697;93;93;12;2;3;-3;2;1;1;0;0;0;0;3;4;2;7;61;50;74;16;11717;2224;707;102.7;3.4;4.3;25.8;41.5;146;248;37.1;-6.1;116;189;38.0;-6.4;0;0;0
8698;65;65;13;2;3;-4;4;0;1;0;0;0;0;6;2;2;3;54;52;54;8;6485;211;662;103.2;2.2;4.4;16.7;43.9;70;153;31.4;-11.6;51;110;31.7;-10.5;1;94;51
8699;98;98;9;0;0;-4;2;0;0;0;0;0;0;6;4;2;2;52;49;54;8;7423;315;711;97.5;1.5;3.4;22.3;37.8;97;155;38.5;-8.1;68;111;38.0;-9.6;0;1;0
8700;65;65;13;1;2;-12;4;0;0;0;0;0;0;3;2;1;2;51;54;42;9;9064;328;0;98.7;3.2;7.9;18.7;43.3;97;209;31.7;-12.2;65;156;29.4;-14.4;0;7;1
8702;107;107;4;0;1;-9;0;0;0;0;0;0;0;2;0;0;3;47;52;36;3;3327;0;335;87.4;1.1;10.8;11.9;49.8;26;86;23.2;-15.4;17;63;21.3;-17.9;0;0;0
8704;111;111;14;0;2;2;4;0;0;0;0;0;0;6;4;1;2;61;52;72;16;13321;36;1230;102.4;3.5;3.0;29.7;31.6;208;214;49.3;4.7;155;156;49.8;4.0;0;0;0
8705;122;122;12;0;1;-11;10;0;0;0;0;0;0;14;0;5;8;62;53;72;13;11470;960;974;93.0;1.3;4.7;21.3;36.4;140;221;38.8;3.3;100;155;39.2;3.6;0;0;0
8706;77;77;8;0;1;5;4;0;0;0;0;0;0;3;3;1;5;58;50;67;9;7552;841;559;109.0;3.8;1.4;29.1;34.8;107;147;42.1;5.6;92;104;46.9;9.5;0;0;0
8707;69;69;9;0;0;-10;8;0;0;0;0;0;0;3;3;2;9;56;49;64;2;8323;476;1156;98.3;1.3;5.2;15.6;51.9;81;222;26.7;-8.5;57;166;25.6;-8.5;0;0;0
8708;72;72;12;1;2;-8;10;0;0;0;0;0;0;4;1;1;7;56;50;60;12;11682;343;1494;93.2;3.1;5.5;23.4;27.7;142;171;45.4;-10.5;105;126;45.5;-9.5;0;0;0
8709;65;65;10;1;2;-6;4;0;0;0;0;0;0;9;3;3;10;50;52;47;9;9234;91;789;103.8;3.5;5.8;20.7;44.4;100;210;32.3;-8.4;72;165;30.4;-10.6;0;0;0
8710;65;65;11;0;3;-3;4;0;0;0;0;0;0;11;2;2;5;57;54;59;10;10794;283;869;101.1;2.0;3.0;21.7;37.0;125;200;38.5;2.2;88;144;37.9;2.6;0;0;0
8712;84;84;14;0;2;-7;4;0;0;0;0;0;0;8;6;4;26;58;48;69;7;13810;649;1605;101.2;3.1;4.7;23.2;38.3;164;290;36.1;3.2;127;217;36.9;5.6;0;0;0
8713;67;67;10;0;0;-5;4;0;0;0;0;0;0;2;0;1;0;53;50;52;5;4219;172;191;89.1;0.0;4.3;21.3;39.3;48;96;33.3;-9.5;34;64;34.7;-7.8;0;58;36
8714;65;65;10;0;2;-5;10;0;0;0;0;0;0;6;1;0;4;55;53;56;7;6856;797;502;98.8;2.6;5.3;21.0;38.3;76;141;35.0;-4.9;56;106;34.6;-5.4;0;92;55
8715;79;79;15;3;0;-10;5;0;0;0;0;1;0;6;3;1;1;53;52;50;14;10310;939;2;95.6;1.4;4.9;20.6;43.6;107;221;32.6;-11.3;76;173;30.5;-12.9;0;33;16
8716;65;65;6;0;1;1;2;0;0;0;0;0;0;2;0;1;4;59;54;61;2;3929;81;755;106.7;2.7;1.8;24.7;41.2;56;72;43.8;-10.9;39;52;42.9;-12.1;0;2;0
8718;85;85;2;0;1;1;0;0;0;0;0;0;0;0;1;0;0;52;47;57;0;838;0;125;116.7;4.3;0.0;25.8;30.1;11;13;45.8;-24.8;9;10;47.4;-22.6;0;10;2
8719;65;65;5;0;1;-4;0;0;0;0;0;0;0;6;3;1;5;54;51;51;3;4735;108;300;112.8;3.8;6.8;15.2;56.3;40;133;23.1;-22.9;33;104;24.1;-22.7;0;0;0
8720;118;118;9;0;2;2;12;0;1;0;1;0;0;2;1;1;5;59;52;66;9;7308;604;843;103.5;3.0;2.0;33.0;36.0;122;130;48.4;-10.7;86;94;47.8;-9.9;0;0;0
8722;90;90;6;1;1;-3;2;0;0;0;0;0;0;2;0;1;4;58;52;61;6;4744;333;202;93.6;3.8;6.1;31.1;32.6;80;83;49.1;2.5;57;61;48.3;0.8;0;1;1
8723;94;94;13;2;3;1;12;0;0;0;0;0;0;4;3;1;4;49;47;52;16;12640;63;1502;103.0;4.6;4.3;28.5;32.8;187;203;47.9;0.4;136;149;47.7;0.7;0;0;0
8724;71;71;9;1;1;-8;2;0;0;0;0;0;0;3;2;2;2;52;51;51;10;4040;223;0;90.8;3.6;10.7;25.0;45.4;58;85;40.6;0.4;41;63;39.4;0.8;0;63;17
8725;65;65;13;2;6;10;10;1;2;0;0;0;0;16;5;2;3;64;59;64;22;13102;2269;916;110.1;4.9;1.6;31.6;29.9;214;185;53.6;18.8;158;139;53.2;19.1;0;10;2
8727;87;87;6;1;2;1;17;0;0;0;0;0;0;4;1;0;3;60;55;66;10;4668;6;249;103.7;3.1;2.3;28.5;32.4;71;93;43.3;-15.4;54;65;45.4;-12.6;0;0;0
8728;118;118;4;0;0;3;4;0;0;0;0;0;0;5;2;0;1;52;44;68;1;3330;104;518;112.5;3.2;0.0;25.9;42.2;50;65;43.5;-6.5;34;51;40.0;-9.7;0;0;0
8730;125;124;5;1;2;3;0;1;0;0;0;0;0;4;0;2;6;68;59;78;14;5463;1227;206;104.2;4.6;2.6;33.6;27.7;87;87;50.0;4.5;71;66;51.8;10.4;0;0;0
8732;67;67;13;3;6;1;12;2;1;0;0;0;0;17;1;3;9;70;63;73;19;11600;2824;1611;99.7;3.1;2.8;27.0;23.6;166;142;53.9;14.4;125;113;52.5;13.4;0;253;125
8733;114;3;16;9;12;-1;41;6;7;0;0;3;2;23;6;13;33;94;82;95;90;14686;4439;2933;92.0;2.9;2.9;44.4;20.1;328;146;69.2;22.7;238;117;67.0;19.8;1;353;219
8734;65;65;13;3;11;2;23;1;3;0;0;3;0;31;2;7;68;87;75;92;49;13216;3278;1929;103.5;3.8;2.7;31.3;31.3;210;214;49.5;13.1;153;153;50.0;14.5;0;0;0
8735;20;20;7;1;0;-3;2;0;0;0;0;0;0;4;4;1;5;58;53;59;7;2490;149;284;91.1;1.4;5.8;24.6;39.0;28;36;43.8;-2.6;20;30;40.0;-6.1;0;5;2
8736;31;31;16;2;6;-4;6;1;0;0;0;0;0;12;5;9;8;62;57;65;24;10730;1389;27;94.0;3.7;5.0;36.9;31.5;162;154;51.3;8.5;131;108;54.8;12.7;0;176;94
8737;112;112;15;17;15;13;14;8;6;0;2;2;1;24;6;14;16;90;82;90;89;14271;4282;1409;102.2;5.0;2.0;43.9;21.7;332;139;70.5;24.6;230;107;68.2;22.8;4;267;161
8738;111;17;11;10;13;3;18;4;5;0;0;0;0;6;2;2;19;84;81;84;66;10999;2238;1022;91.0;4.9;3.9;46.1;20.0;252;114;68.9;15.9;197;86;69.6;17.6;0;43;18
8739;7;7;15;3;7;-3;4;1;4;1;0;0;0;25;5;13;14;65;64;62;51;15763;3051;749;97.4;3.2;3.7;39.1;33.8;267;220;54.8;4.3;200;179;52.8;2.7;0;0;0
8740;68;1;15;9;17;11;12;4;7;0;0;0;0;22;5;9;19;82;78;83;69;14651;3230;1360;104.7;4.2;1.5;35.9;21.4;317;160;66.5;18.1;230;117;66.3;16.9;1;304;194
8741;81;81;13;12;9;11;14;3;2;0;1;2;0;21;5;9;18;88;80;90;52;13760;2900;1253;106.3;5.0;1.8;34.5;22.8;260;155;62.7;23.3;186;111;62.6;23.0;0;59;42
8742;120;120;16;3;9;14;13;0;1;0;0;1;0;31;4;15;39;83;60;93;35;18004;1398;3017;101.9;4.8;2.0;36.6;17.8;375;160;70.1;8.2;270;112;70.7;9.4;2;0;0
8743;63;63;14;15;15;15;17;4;6;0;0;1;1;14;8;10;19;91;85;91;86;13825;4111;1672;100.2;6.0;1.8;52.1;16.1;359;104;77.5;25.4;270;86;75.8;24.4;1;62;29
8744;91;91;14;17;22;15;8;7;10;0;0;0;0;16;6;9;16;93;87;94;98;14815;3334;2635;98.3;5.3;1.7;56.6;15.3;413;125;76.8;27.5;313;92;77.3;27.4;3;381;224
8746;101;101;7;1;1;-7;2;0;0;0;0;0;0;5;2;0;0;48;50;43;2;2710;0;3;89.0;1.3;10.6;18.6;58.5;21;68;23.6;-21.2;16;53;23.2;-23.0;0;1;0
8747;90;90;8;1;0;-3;4;0;0;0;0;0;0;2;0;0;2;48;50;46;2;2523;0;0;103.5;2.9;7.1;15.7;48.5;25;54;31.6;-21.9;18;46;28.1;-25.1;0;7;1
8751;89;89;10;1;1;-6;6;0;0;0;0;0;0;14;5;0;1;46;48;45;7;8381;27;861;98.4;3.0;5.6;25.8;42.1;110;195;36.1;-7.4;82;139;37.1;-5.5;0;0;0
8755;97;97;2;0;0;-1;2;0;0;0;0;0;0;0;0;0;0;51;50;56;1;1402;0;167;90.0;0.0;2.6;43.7;25.7;20;17;54.1;-1.1;18;14;56.3;-0.7;0;0;0
8757;99;99;2;0;1;0;0;0;0;0;0;0;0;0;0;0;0;52;51;54;0;827;0;0;120.8;4.4;4.4;13.1;34.8;7;17;29.2;-30.2;6;13;31.6;-25.3;0;0;0
8765;91;91;11;0;1;-2;0;0;0;0;0;0;0;0;0;0;0;50;49;51;2;3494;0;0;102.2;2.1;4.1;19.6;49.5;33;87;27.5;-33.9;23;63;26.7;-35.4;0;65;23
8766;89;89;8;0;2;-2;12;0;0;0;0;0;0;4;3;0;0;47;47;49;4;7276;24;529;101.2;3.5;4.5;27.2;38.6;107;161;39.9;4.6;80;112;41.7;8.9;0;1;0
8772;102;102;5;0;2;-2;2;0;0;0;0;0;0;1;1;0;0;51;52;47;1;4519;0;233;100.5;3.2;4.8;25.5;39.8;62;88;41.3;-27.2;44;66;40.0;-26.0;0;0;0
8776;98;98;10;1;1;-3;6;0;1;0;0;0;0;2;1;1;1;52;50;54;6;4538;462;41;97.1;0.8;3.2;16.7;41.3;44;114;27.8;-16.8;32;77;29.4;-15.1;0;38;13
8777;90;90;10;1;0;-8;4;0;0;0;0;0;0;2;3;1;1;49;50;48;7;4920;0;88;91.3;1.5;7.3;20.5;46.1;55;112;32.9;-17.1;40;81;33.1;-16.6;1;0;0
8779;92;92;13;0;0;-11;30;0;0;0;0;2;0;9;5;1;6;47;46;52;6;12012;52;2295;102.9;2.7;6.0;18.6;51.5;110;309;26.3;-7.4;78;221;26.1;-8.8;0;0;0
8781;93;93;12;0;1;-11;4;0;0;0;0;0;0;8;3;1;3;46;50;41;9;8408;300;43;93.7;0.9;5.6;14.1;45.0;66;208;24.1;-22.1;47;151;23.7;-23.8;0;0;0
8782;100;100;8;0;2;-7;0;0;0;0;0;0;0;1;2;0;0;48;49;44;2;3721;0;0;95.7;1.9;8.7;16.4;54.2;36;96;27.3;-23.7;25;78;24.3;-28.0;0;1;1
8784;89;89;4;2;1;1;7;0;0;0;0;1;0;5;0;0;1;52;52;52;4;3114;27;251;106.7;5.8;4.6;25.4;28.9;41;52;44.1;4.9;29;38;43.3;4.2;0;0;0
8787;95;95;4;0;0;-3;4;0;0;0;0;0;0;0;1;1;1;48;48;54;5;3471;0;58;90.3;1.0;4.1;32.2;32.2;59;61;49.2;-0.6;41;41;50.0;2.6;0;0;0
8789;85;85;16;2;1;-1;8;1;0;0;0;0;0;3;4;0;0;54;50;50;10;10902;236;52;105.3;3.0;3.6;17.5;31.0;109;189;36.6;-21.5;72;145;33.2;-24.6;1;174;69
8790;85;85;14;3;1;-3;4;1;0;0;0;0;0;2;2;0;0;54;50;52;6;6018;59;0;106.4;3.0;4.8;16.2;39.5;57;111;33.9;-25.3;39;86;31.2;-27.6;1;0;0
8792;104;104;2;0;0;0;0;0;0;0;0;0;0;2;0;2;0;51;50;53;1;1252;0;292;126.4;11.5;11.5;20.1;37.4;12;17;41.4;-13.5;8;16;33.3;-24.4;0;0;0
8795;95;95;3;0;1;0;0;0;0;0;0;0;0;3;1;0;0;52;50;52;2;1643;0;0;110.4;2.2;2.2;13.1;35.1;14;25;35.9;-18.4;11;18;37.9;-15.9;0;0;0
8800;92;92;6;1;1;-7;2;0;0;0;0;0;0;6;3;0;2;41;46;36;8;5115;0;628;95.9;2.8;7.7;24.6;50.0;62;125;33.2;3.1;45;91;33.1;3.2;0;7;3
8801;89;89;10;1;0;-3;12;0;0;0;0;0;0;5;1;1;2;50;48;52;2;8442;7;804;103.1;4.7;6.0;24.7;37.5;112;164;40.6;0.1;81;117;40.9;0.4;0;0;0
8808;101;101;2;0;1;1;0;0;0;0;0;0;0;2;0;0;0;56;52;55;2;1847;0;119;112.5;1.9;0.0;15.6;23.4;23;31;42.6;6.4;15;23;39.5;2.4;0;0;0
8811;103;103;16;0;0;0;0;0;0;0;0;0;0;2;3;1;2;51;49;54;3;6227;152;194;103.2;2.3;2.3;26.0;40.5;79;131;37.6;-30.1;62;98;38.8;-30.0;0;81;21
8814;93;93;11;1;0;-12;0;0;0;0;0;0;0;1;1;1;0;45;49;38;3;4309;0;264;98.1;1.7;11.7;10.9;67.7;26;138;15.9;-28.4;23;105;18.0;-27.1;0;24;8
8821;97;97;2;0;0;-4;0;0;0;0;0;0;0;1;0;0;1;40;47;30;1;1520;0;280;72.6;2.4;11.8;28.4;33.2;28;32;46.7;3.0;21;23;47.7;0.1;0;0;0
8822;87;87;1;0;0;-2;0;0;0;0;0;0;0;0;0;0;0;47;48;46;1;762;0;73;103.3;4.7;14.2;14.2;47.2;5;17;22.7;-44.4;4;10;28.6;-35.1;0;0;0
8823;98;98;3;0;1;-1;2;0;0;0;0;0;0;3;0;0;0;50;50;51;1;2584;0;84;101.0;2.8;4.2;22.3;36.2;36;53;40.4;-3.1;26;36;41.9;-3.8;0;0;0
8824;87;87;9;1;0;-7;2;0;0;0;0;0;0;2;1;0;3;50;49;45;3;3347;15;0;91.3;1.1;8.6;11.8;48.4;20;94;17.5;-29.1;17;67;20.2;-26.1;0;0;0
8825;90;90;10;0;0;-7;2;0;0;0;0;0;0;6;2;0;2;51;49;51;5;5029;25;0;90.2;0.7;5.7;21.5;43.7;42;121;25.8;-29.9;35;90;28.0;-27.1;0;1;0
8828;93;93;9;0;0;-8;2;0;0;0;0;0;0;4;0;0;0;45;49;39;1;3256;16;126;97.5;1.1;10.0;10.0;73.0;13;115;10.2;-33.3;12;93;11.4;-33.8;0;9;3
8829;98;98;8;0;4;-1;16;0;0;0;0;0;0;1;2;0;0;53;51;53;7;7681;144;611;100.3;3.7;4.2;28.1;32.3;97;141;40.8;-5.1;75;103;42.1;-3.4;0;0;0
8831;86;86;5;0;0;-2;2;0;0;0;0;0;0;3;0;0;1;54;50;56;4;2785;215;79;94.9;0.0;2.6;16.8;50.4;35;65;35.0;-18.6;20;50;28.6;-24.1;0;47;20
8833;99;99;12;0;1;-1;11;0;0;0;0;1;0;6;2;2;0;50;49;51;7;10097;158;1341;99.4;4.6;5.0;30.3;31.4;154;160;49.0;-4.9;113;121;48.3;-7.2;0;0;0
8839;87;87;13;0;1;-3;2;0;0;0;0;0;0;3;2;2;6;55;52;52;11;8121;6;92;96.5;1.8;3.1;30.1;33.2;120;135;47.1;-10.4;92;103;47.2;-9.7;0;2;0
8841;91;91;12;1;1;-2;6;1;0;0;0;0;0;1;3;0;1;52;52;50;4;5208;215;50;101.5;2.8;4.1;20.0;33.9;61;108;36.1;-27.0;40;74;35.1;-28.7;0;1;0
8843;96;96;4;0;0;-4;0;0;0;0;0;0;0;1;0;0;1;47;50;41;0;1751;0;0;94.9;2.1;10.3;12.3;47.3;17;37;31.5;-23.2;11;30;26.8;-28.7;0;0;0
8845;85;85;15;1;1;-5;4;0;0;0;0;0;0;2;0;2;0;54;51;53;7;5961;0;0;96.4;1.2;4.2;18.1;41.1;62;112;35.6;-20.4;46;87;34.6;-20.6;0;37;14
8846;98;98;5;0;1;-1;0;0;0;0;0;0;0;0;2;0;1;50;49;51;1;2042;46;0;105.8;1.8;3.5;14.1;52.9;12;53;18.5;-22.8;11;42;20.8;-20.6;0;12;3
8849;86;86;2;0;0;0;0;0;0;0;0;0;0;0;0;0;0;53;49;57;1;691;0;0;100.0;0.0;0.0;15.6;5.2;8;11;42.1;-24.4;3;7;30.0;-34.3;0;11;3
8850;92;92;5;0;0;-8;4;0;0;0;0;0;0;6;1;1;4;45;49;41;3;4453;130;475;95.6;2.4;8.1;20.2;49.3;45;118;27.6;-0.0;30;87;25.6;-2.5;0;0;0
8851;92;92;9;0;2;4;12;0;0;0;0;0;0;6;4;2;7;55;50;63;8;7882;765;1096;111.8;4.6;2.3;26.0;39.7;99;177;35.9;3.2;76;118;39.2;5.7;0;0;0
8852;85;85;2;0;1;-2;4;0;0;0;0;0;0;1;0;0;0;51;50;54;0;1777;0;161;108.0;2.0;6.1;10.1;50.6;19;42;31.1;-20.5;9;32;22.0;-28.6;0;0;0
8854;90;90;6;0;1;-3;0;0;0;0;0;0;0;1;0;0;0;48;50;44;1;2436;0;0;117.2;4.4;8.9;14.8;69.5;27;70;27.8;-21.9;16;61;20.8;-28.7;0;3;0
8859;92;92;11;3;0;-7;10;0;0;0;0;0;0;9;2;1;6;47;50;42;10;10687;188;2456;101.3;1.7;4.0;16.8;46.5;87;260;25.1;-10.8;68;180;27.4;-9.3;0;0;0
8865;85;85;2;0;0;-1;0;0;0;0;0;0;0;0;0;0;0;48;50;45;0;848;0;0;105.0;4.2;8.5;17.0;42.5;6;19;24.0;-18.8;5;11;31.3;-6.4;0;4;1
8876;94;94;13;0;0;-3;2;0;0;0;0;0;0;6;1;0;2;53;51;54;4;5045;762;0;97.1;0.7;2.9;15.7;38.5;48;111;30.2;-19.7;29;75;27.9;-21.4;0;0;0
8883;87;87;1;0;0;0;0;0;0;0;0;0;0;0;0;0;0;49;49;49;1;257;0;0;100.0;0.0;0.0;56.0;56.0;4;4;50.0;-7.1;4;4;50.0;-7.4;0;0;0
8886;101;101;8;0;1;-5;0;0;0;0;0;0;0;0;0;0;3;50;50;47;3;3925;0;0;94.6;2.8;7.3;20.2;38.5;35;81;30.2;-13.8;30;62;32.6;-11.9;0;17;4
8887;101;101;6;0;0;-3;0;0;0;0;0;0;0;0;0;0;3;51;50;50;0;2493;0;170;90.0;0.0;4.3;13.0;43.3;19;67;22.1;-22.0;11;48;18.6;-26.2;0;30;10
8888;93;93;10;0;0;-6;8;0;0;0;0;0;0;4;5;0;1;44;48;41;6;6398;284;63;99.0;2.3;5.6;21.9;50.1;67;159;29.6;-15.1;52;116;31.0;-15.5;0;4;1
8893;90;90;5;0;0;-1;0;0;0;0;0;0;0;1;0;0;3;52;49;57;1;1615;0;71;94.4;0.0;2.2;11.1;40.1;16;31;34.0;-14.2;10;23;30.3;-16.3;0;11;2
8895;99;99;4;0;0;-6;0;0;0;0;0;0;0;1;1;0;2;49;49;43;2;2564;0;0;80.0;0.0;8.4;21.1;42.1;24;48;33.3;-12.5;18;35;34.0;-12.4;0;0;0
8900;93;93;5;0;0;-7;4;0;0;0;0;0;0;2;2;0;0;47;47;49;3;4648;0;171;88.2;0.8;6.2;31.8;43.4;74;98;43.0;0.9;51;73;41.1;-3.3;0;0;0
8901;86;86;2;0;0;-1;0;0;0;0;0;0;0;3;0;1;0;60;50;71;1;2056;0;0;92.9;1.8;3.5;21.0;22.8;27;28;49.1;-12.0;18;22;45.0;-21.0;0;0;0
8904;92;92;14;1;1;-3;8;0;0;0;0;0;0;4;3;1;6;55;50;62;5;12450;261;1169;107.1;3.2;4.0;19.1;42.2;134;283;32.1;0.6;97;193;33.4;1.2;0;0;0
8905;92;92;8;0;0;-5;2;0;0;0;0;0;0;2;1;0;3;49;49;43;0;3363;16;0;119.9;2.1;7.5;6.4;55.7;14;115;10.9;-24.3;9;73;11.0;-23.5;0;41;9
8908;72;72;8;0;0;-5;2;0;0;0;0;0;0;3;1;2;4;50;49;49;1;3307;1;0;107.9;2.2;7.6;9.8;53.3;22;84;20.8;-25.9;15;70;17.6;-28.9;0;6;4
8910;79;79;13;0;0;-5;2;0;0;0;0;0;0;0;3;0;0;50;49;47;9;6842;286;265;99.0;1.6;4.2;18.4;44.2;72;147;32.9;-21.9;46;113;28.9;-26.3;0;8;1
8911;82;82;8;3;1;-6;8;0;0;0;0;0;0;4;5;0;0;49;49;50;9;7627;258;475;105.3;3.3;6.1;17.9;46.7;73;180;28.9;-15.5;52;133;28.1;-17.6;0;0;0
8912;83;83;8;0;0;-2;0;0;0;0;0;0;0;0;2;0;0;49;48;50;3;2668;0;51;102.0;1.3;4.0;12.1;44.5;19;67;22.1;-28.1;11;45;19.6;-29.4;0;24;6
8913;63;63;8;0;0;-3;14;0;0;0;0;0;0;3;2;0;2;46;49;42;1;5548;104;0;102.1;1.9;3.9;19.5;49.3;65;146;30.8;-10.8;45;108;29.4;-12.7;0;0;0
8915;75;75;11;1;2;-2;2;0;0;0;0;0;0;2;1;2;0;60;54;66;12;8639;2897;9;98.0;2.1;2.9;27.5;30.4;120;125;49.0;12.4;95;89;51.6;14.9;0;0;0
8917;63;63;6;0;1;-5;2;0;1;0;0;0;0;3;0;0;4;49;49;50;3;5370;223;740;103.3;2.0;5.4;12.1;40.2;45;111;28.8;-7.3;25;85;22.7;-15.0;0;0;0
8919;75;75;15;0;3;4;8;0;0;0;1;0;0;1;1;0;6;52;52;52;6;6475;225;319;115.4;2.8;0.6;16.7;44.5;48;171;21.9;-19.5;38;125;23.3;-19.0;0;52;12
8923;82;82;6;0;0;1;2;0;0;0;0;0;0;1;0;0;0;51;50;51;1;2746;0;0;118.3;3.9;2.6;15.7;39.3;29;55;34.5;-14.8;19;43;30.6;-19.5;0;8;2
8928;75;75;6;0;0;-3;0;0;0;0;0;0;0;1;2;0;3;50;48;49;2;2739;0;28;92.9;0.0;3.9;14.5;55.2;30;69;30.3;-33.5;19;59;24.4;-38.9;0;49;19
8929;78;78;15;0;0;-7;0;0;0;0;0;0;0;0;2;1;3;51;49;52;5;5549;69;0;89.1;0.0;4.5;12.3;41.5;48;132;26.7;-29.8;33;100;24.8;-31.7;0;13;7
8931;72;72;2;0;0;0;0;0;0;0;0;0;0;0;0;0;0;61;50;77;1;1812;0;0;99.0;2.0;2.0;37.7;31.8;32;33;49.2;4.3;24;20;54.5;15.0;0;0;0
8934;69;69;15;0;2;-9;4;0;0;0;0;0;0;7;1;0;6;51;51;47;10;7748;270;1289;102.3;2.3;6.5;16.3;54.4;60;210;22.2;-12.4;45;153;22.7;-10.4;0;3;0
8940;70;70;15;0;2;-2;6;0;0;0;0;0;0;3;2;0;0;51;50;49;3;6942;0;139;103.2;3.1;4.1;23.3;41.0;100;121;45.2;-16.2;76;96;44.2;-17.1;0;15;8
8943;75;75;2;0;1;0;0;0;0;0;0;0;0;0;0;0;0;64;49;82;1;1649;0;199;104.9;2.2;2.2;19.6;34.9;16;29;35.6;-1.2;13;23;36.1;2.1;0;0;0
8946;68;68;4;2;1;2;4;0;0;0;0;0;0;1;2;0;0;51;50;49;5;2843;28;469;105.2;5.1;2.5;39.3;32.9;59;44;57.3;9.9;43;35;55.1;5.4;0;0;0
8949;78;78;3;0;1;-1;4;0;0;0;0;0;0;3;0;0;1;49;50;50;2;2605;0;164;93.8;2.8;4.1;37.3;30.4;54;44;55.1;-3.9;41;32;56.2;-1.2;0;0;0
8952;81;81;4;0;0;-3;0;0;0;0;0;0;0;0;0;0;1;49;50;48;0;1508;0;0;80.0;0.0;7.2;16.7;35.8;13;30;30.2;-24.1;10;23;30.3;-22.6;0;0;0
8958;71;71;7;0;0;-6;2;0;0;0;0;0;0;2;1;0;2;52;50;52;8;6043;78;264;98.8;3.0;6.6;21.4;43.5;70;133;34.5;-14.7;48;97;33.1;-16.6;0;0;0
8960;78;78;15;0;2;-7;0;0;1;0;0;0;0;3;2;2;1;51;50;50;2;6399;839;92;96.1;0.6;3.9;12.4;46.7;57;156;26.8;-31.0;42;120;25.9;-31.8;0;14;9
8962;73;73;16;2;1;-5;10;0;0;0;0;0;0;5;3;1;6;49;49;45;2;7351;15;736;108.4;2.9;5.4;16.2;54.8;56;222;20.1;-11.7;41;155;20.9;-11.5;0;49;21
8963;75;75;12;2;0;4;6;0;0;0;0;0;0;1;1;0;1;51;50;50;4;5553;0;369;116.7;4.5;1.9;21.4;42.8;49;136;26.5;-12.0;42;102;29.2;-9.3;1;8;3
8964;75;75;12;0;1;-6;20;0;0;0;0;0;0;7;5;1;4;50;48;51;3;7553;12;837;97.8;0.5;3.3;13.8;59.6;44;232;15.9;-25.8;34;175;16.3;-26.8;0;20;5
8965;66;66;6;0;0;-2;0;0;0;0;0;0;0;1;1;0;1;50;49;48;0;1539;0;0;84.6;0.0;4.7;18.7;30.4;13;26;33.3;-22.8;10;19;34.5;-22.9;0;13;4
8967;70;70;14;0;1;3;2;0;0;0;0;0;0;1;6;0;0;52;50;51;9;8132;173;4;104.5;2.7;1.3;27.0;24.8;124;99;55.6;-5.1;96;71;57.5;-2.7;0;3;1
8970;74;74;11;0;1;0;2;0;0;0;0;0;0;8;6;1;5;56;50;65;7;9660;0;590;100.4;2.6;2.6;29.4;30.9;147;167;46.8;-24.4;110;113;49.3;-21.0;0;0;0
8975;81;81;11;1;2;-2;7;0;0;0;0;1;0;9;4;0;1;59;52;67;12;11949;374;853;99.4;1.8;2.4;24.4;30.1;166;194;46.1;-1.6;121;137;46.9;0.7;0;0;0
8978;81;81;9;0;1;-3;2;0;0;0;0;0;0;3;1;1;1;58;52;64;12;9064;184;630;98.9;2.0;2.8;28.2;34.2;127;153;45.4;-2.6;92;112;45.1;-5.2;0;0;0
8979;75;75;4;0;1;1;2;0;0;0;0;0;0;1;2;0;1;43;48;37;5;3675;4;273;103.6;2.9;2.9;30.4;48.0;47;107;30.5;-9.2;38;70;35.2;-7.6;0;0;0
8996;74;74;9;0;1;-3;2;0;0;0;0;0;0;5;5;1;0;53;50;55;15;7792;160;713;93.4;2.3;3.7;34.2;27.7;131;118;52.6;-16.0;91;87;51.1;-17.7;0;0;0
8999;67;67;2;0;0;-1;4;0;0;0;0;0;0;1;0;0;0;52;50;57;3;1590;87;41;83.7;2.3;4.5;38.5;20.4;27;18;60.0;9.5;21;15;58.3;11.0;0;0;0
9000;82;82;14;1;1;-2;2;1;0;0;0;0;0;1;1;0;2;53;52;50;12;10401;1148;0;103.4;2.4;3.1;20.8;37.7;118;207;36.3;-8.8;81;146;35.7;-9.0;0;0;0
9005;66;66;5;0;3;-1;2;0;0;0;0;0;0;0;2;0;0;53;54;50;5;4454;55;243;91.2;4.0;4.8;26.7;20.2;72;64;52.9;-5.3;52;43;54.7;-5.0;0;0;0
9007;77;77;12;1;0;-8;4;0;0;0;0;0;0;4;4;1;11;51;49;54;9;5284;1025;337;105.9;2.0;5.5;14.3;64.7;35;179;16.4;-22.0;27;136;16.6;-22.9;0;84;26
9008;83;83;10;0;0;0;4;0;0;0;0;0;0;3;0;1;2;52;50;53;3;3966;16;0;101.8;0.9;0.9;18.2;28.1;44;67;39.6;-31.4;28;44;38.9;-32.3;0;26;5
9010;72;72;10;1;1;-3;8;0;0;0;0;0;0;0;0;0;2;55;51;59;4;4927;214;92;92.3;2.9;5.1;24.8;26.3;72;77;48.3;-11.0;51;55;48.1;-12.0;0;65;29
9012;66;66;10;0;2;0;0;0;0;0;0;0;0;3;6;2;0;58;52;66;15;8508;586;720;99.7;3.8;3.8;32.2;31.3;150;128;54.0;-11.9;104;105;49.8;-16.1;0;0;0
9013;64;64;14;1;1;-4;18;0;0;0;0;0;0;0;3;0;1;50;51;47;6;7473;99;286;98.7;2.9;4.8;24.1;36.1;107;138;43.7;-8.1;73;101;42.0;-10.0;0;13;7
9019;79;79;15;0;4;0;18;0;1;0;0;0;0;1;3;0;2;58;53;62;21;9236;1903;490;102.3;2.7;2.7;28.5;37.4;140;167;45.6;-12.3;104;124;45.6;-12.3;0;176;91
9020;72;72;4;0;0;-2;4;0;0;0;0;0;0;1;2;1;1;49;49;52;2;2997;0;432;99.7;2.4;4.8;21.6;42.0;38;62;38.0;-15.1;26;48;35.1;-20.4;0;0;0
9028;64;64;14;1;0;-9;6;0;0;0;0;0;0;4;3;0;3;51;50;48;4;7733;124;1133;90.3;1.4;5.6;23.7;35.8;98;140;41.2;-11.1;65;101;39.2;-13.3;0;19;8
9029;77;77;12;0;2;-6;16;0;0;0;0;0;0;5;5;2;0;44;48;38;16;11713;297;1208;98.1;1.8;4.0;26.1;44.6;143;272;34.5;-6.2;115;204;36.1;-5.5;0;0;0
9030;82;82;3;0;1;1;0;0;0;0;0;0;0;1;1;0;1;62;51;75;2;2902;0;74;104.3;3.7;2.5;26.1;24.8;37;52;41.6;-6.8;28;35;44.4;-4.5;0;0;0
9031;77;77;14;0;1;-6;0;0;0;0;0;0;0;1;3;1;2;48;49;46;3;5882;0;596;105.5;1.8;5.5;12.9;62.4;37;195;15.9;-25.3;28;148;15.9;-27.0;0;12;5
9033;68;68;5;1;1;1;0;0;0;1;0;0;0;4;1;0;0;45;49;39;1;3890;0;906;105.7;3.7;3.7;19.4;27.8;50;77;39.4;-11.1;34;49;41.0;-10.9;0;0;0
9039;79;79;12;0;2;-1;2;0;0;0;0;0;0;2;4;1;1;51;49;54;4;6171;306;507;113.0;2.9;3.5;14.0;44.9;61;148;29.2;-11.4;39;103;27.5;-11.3;0;54;19
9044;83;83;3;1;0;-1;0;0;0;0;0;0;0;0;0;0;1;57;51;60;3;2129;97;119;92.3;1.7;3.4;49.0;30.4;40;30;57.1;-11.8;32;22;59.3;-8.5;0;0;0
9047;81;81;10;0;2;-7;31;0;0;0;0;3;0;28;7;0;1;47;48;47;14;8825;189;925;94.3;3.3;6.1;34.7;40.4;139;179;43.7;-4.0;110;133;45.3;-3.4;0;0;0
9048;83;83;1;0;0;0;0;0;0;0;0;0;0;0;0;0;0;55;50;62;0;839;0;105;100.0;0.0;0.0;8.6;34.3;9;15;37.5;-14.5;4;10;28.6;-21.4;0;0;0
9055;70;70;14;3;1;-3;4;1;1;0;0;0;0;5;3;0;0;51;51;48;13;6891;420;26;96.7;2.1;3.7;32.4;37.6;116;108;51.8;-5.7;88;87;50.3;-7.3;1;0;0
9056;81;81;4;0;0;-4;0;0;0;0;0;0;0;0;0;0;1;48;50;46;3;2312;0;49;87.9;1.6;7.8;38.9;48.3;37;52;41.6;-14.2;30;46;39.5;-17.9;0;7;3
9057;67;67;3;0;0;0;0;0;0;0;0;0;0;1;0;0;0;47;48;44;0;2615;0;245;103.0;1.4;1.4;19.3;33.0;29;50;36.7;-15.2;22;37;37.3;-15.3;0;0;0
9059;72;72;10;1;1;-4;12;0;0;0;0;0;0;4;2;1;3;51;52;47;7;6446;119;0;93.2;3.9;6.1;29.6;30.7;113;101;52.8;-4.3;81;73;52.6;-4.0;0;1;0
9063;65;65;13;0;1;-2;2;0;0;0;0;0;0;3;4;0;1;50;50;48;4;6898;180;252;105.5;3.1;4.2;21.4;45.9;80;166;32.5;-10.4;59;122;32.6;-9.7;0;82;41
9066;69;69;15;5;1;-8;4;1;0;0;0;0;0;4;4;0;15;56;55;52;17;10267;1256;33;102.6;2.1;4.9;17.9;53.6;97;265;26.8;-7.4;71;207;25.5;-7.7;0;3;1
9072;78;78;14;0;0;-8;2;0;0;0;0;0;0;3;1;2;1;52;49;52;3;5381;16;126;88.9;0.0;5.4;15.4;48.2;48;130;27.0;-29.7;34;103;24.8;-31.9;0;30;8
9074;74;74;13;0;2;8;8;0;1;0;0;0;0;8;7;0;0;51;49;55;12;12181;268;843;103.7;4.7;2.4;37.8;26.9;235;161;59.3;-4.5;177;116;60.4;-4.2;0;0;0
9076;78;78;15;6;2;-5;4;0;0;0;0;0;0;6;1;2;3;54;53;51;17;10530;595;171;98.1;3.1;4.8;27.7;36.9;148;187;44.2;-14.4;105;147;41.7;-17.5;0;173;76
9077;69;69;15;2;2;-4;4;0;0;0;0;0;0;1;3;0;2;50;51;47;6;7391;53;28;105.7;2.9;4.9;18.0;46.3;59;193;23.4;-10.8;47;134;26.0;-6.3;0;99;20
9081;79;79;15;0;2;-2;4;0;0;0;0;0;0;1;3;3;2;53;51;55;7;6799;215;0;101.6;1.6;2.6;16.9;33.9;69;115;37.5;-20.4;48;90;34.8;-23.7;0;0;0
9084;119;119;17;0;1;-10;0;0;0;0;0;0;0;2;2;2;2;48;49;46;3;8882;15;101;99.9;1.6;5.7;14.2;49.0;65;220;22.8;-10.7;56;171;24.7;-10.0;0;11;8
9092;121;121;9;0;1;-4;2;0;0;0;0;0;0;0;1;1;2;48;49;48;1;3132;0;252;94.5;1.1;5.7;17.2;47.1;21;87;19.4;-12.2;20;63;24.1;-7.4;0;33;10
9093;117;117;6;0;0;-2;2;0;0;0;0;0;0;2;1;0;0;49;49;48;1;2554;11;0;92.0;1.4;4.2;35.2;35.2;41;47;46.6;-16.1;30;34;46.9;-15.6;0;0;0
9094;105;105;7;0;1;-3;4;0;0;0;0;0;0;2;3;0;5;45;49;42;4;5803;173;618;109.1;5.6;7.4;23.0;49.0;67;154;30.3;-2.6;51;108;32.1;-2.0;0;0;0
9095;114;114;4;1;0;-1;0;0;0;0;0;0;0;1;2;0;0;50;49;52;4;3420;0;227;88.2;3.2;4.2;49.5;23.2;72;53;57.6;4.7;56;37;60.2;6.8;0;0;0
9096;119;119;11;0;1;-8;4;0;0;0;0;0;0;2;2;1;1;48;49;45;1;5241;0;848;92.0;0.7;6.9;11.0;48.1;36;131;21.6;-9.5;30;93;24.4;-6.9;0;81;39
9097;107;107;13;0;2;-15;4;0;1;0;0;0;0;2;2;2;0;52;50;54;5;10604;2274;169;88.7;0.7;5.4;21.0;37.3;112;210;34.8;-1.1;82;152;35.0;-2.1;0;230;97
9098;119;119;2;0;0;-3;0;0;0;0;0;0;0;3;1;1;1;53;51;52;6;2054;0;78;89.7;0.0;5.3;40.3;50.8;38;52;42.2;6.1;30;39;43.5;7.9;0;0;0
9099;122;122;11;0;1;-6;16;0;0;0;0;0;0;2;1;0;1;50;50;50;5;5069;143;114;91.3;0.7;5.0;21.3;41.2;44;128;25.6;-11.9;36;86;29.5;-8.4;0;40;22
9105;115;115;8;0;1;-5;2;0;0;0;0;0;0;1;0;0;5;52;50;50;2;3290;0;56;98.4;2.2;7.7;15.3;48.1;30;86;25.9;-22.0;18;67;21.2;-26.5;0;37;16
9106;115;115;15;0;2;0;6;0;0;0;0;0;0;5;6;1;8;57;49;67;8;12747;92;1142;103.4;2.8;2.8;24.3;34.2;160;246;39.4;-9.1;119;174;40.6;-7.7;0;0;0
9109;119;119;16;0;0;-14;8;0;0;0;0;0;0;5;5;0;2;47;48;47;4;8363;98;0;88.2;0.0;6.0;12.9;51.2;61;220;21.7;-12.6;47;163;22.4;-13.3;0;4;2
9110;116;116;6;0;0;1;4;0;0;0;0;0;0;3;1;0;0;54;49;60;4;4812;95;265;102.0;2.2;1.5;29.2;26.2;69;74;48.3;-24.9;52;55;48.6;-23.9;0;0;0
9111;113;113;14;1;1;-1;6;0;0;0;0;0;0;7;5;0;5;53;51;52;10;12481;187;1305;103.2;2.9;3.2;22.8;33.5;152;220;40.9;-4.0;109;160;40.5;-3.4;0;0;0
9112;117;117;14;1;2;-2;2;0;0;0;0;0;0;1;0;0;0;53;51;53;5;5250;0;0;101.0;2.7;4.1;21.9;35.7;65;97;40.1;-26.7;43;70;38.1;-27.4;0;5;3
9115;117;117;7;0;1;1;2;0;0;0;0;0;0;0;1;1;0;53;49;54;1;2843;0;0;108.0;2.5;1.3;20.3;27.9;38;45;45.8;-27.6;27;32;45.8;-25.6;0;0;0
9117;121;121;3;0;0;-1;2;0;0;0;0;0;0;2;0;0;0;50;49;52;0;745;0;0;83.3;0.0;4.8;14.5;29.0;5;10;33.3;-10.8;4;9;30.8;-13.7;0;12;2
9123;117;117;5;0;1;-1;0;0;0;0;0;0;0;1;1;0;0;49;51;42;1;2127;0;22;93.6;6.8;8.5;44.0;38.9;40;37;51.9;-6.2;29;28;50.9;-6.4;0;1;0
9124;116;116;4;0;0;0;2;0;0;0;0;0;0;0;0;0;2;52;50;58;1;1099;0;0;97.7;3.3;3.3;42.6;32.8;17;14;54.8;-8.3;15;12;55.6;-7.5;0;0;0
9125;106;106;16;0;1;-6;18;0;0;0;0;0;0;3;0;1;3;53;50;49;0;5145;0;0;103.9;2.8;7.0;16.1;51.8;36;120;23.1;-27.3;27;101;21.1;-30.0;0;69;21
9127;105;105;8;0;1;7;4;0;0;0;0;0;0;0;3;1;2;56;50;61;3;6300;17;782;115.9;6.3;2.3;28.0;34.9;82;111;42.5;-2.6;65;76;46.1;0.6;0;0;0
9130;122;122;15;1;0;-6;0;0;0;0;0;0;0;1;0;3;6;53;50;56;6;5506;288;0;96.7;1.3;5.2;15.7;45.1;38;127;23.0;-16.7;32;91;26.0;-14.5;0;73;25
9132;111;111;1;0;0;-2;0;0;0;0;0;0;0;0;1;0;0;47;43;49;2;804;0;0;83.3;0.0;9.0;26.9;53.7;9;28;24.3;-15.2;7;19;26.9;-11.7;0;0;0
9137;107;107;10;1;0;-5;0;0;0;0;0;0;0;5;0;0;1;47;50;43;2;3996;24;0;113.1;3.6;8.1;11.7;45.9;23;96;19.3;-16.8;18;67;21.2;-16.2;0;9;1
9139;110;110;4;0;1;3;0;0;0;0;0;0;0;1;0;0;1;50;50;50;4;2595;0;166;104.8;6.9;2.8;52.7;33.3;66;41;61.7;3.5;49;28;63.6;5.2;0;0;0
9142;107;107;9;1;1;1;2;0;0;0;0;0;0;2;2;0;0;51;51;50;3;3589;63;0;112.7;5.0;4.0;22.1;40.1;30;79;27.5;-10.9;27;59;31.4;-7.9;0;19;5
9144;107;107;11;0;0;-4;4;0;0;0;0;0;0;4;2;0;3;49;49;52;2;6021;6;278;100.5;2.4;4.8;17.3;35.9;54;123;30.5;-10.2;43;78;35.5;-5.0;0;91;26
9147;106;106;16;1;5;3;4;0;2;0;0;0;0;3;7;0;3;54;54;50;19;11324;1028;70;105.3;4.1;3.2;28.6;34.7;171;223;43.4;-5.6;125;162;43.6;-5.5;0;3;3
9148;112;112;9;1;0;-6;0;0;0;0;0;0;0;0;0;0;2;51;50;50;3;3824;204;0;94.4;1.9;7.5;16.0;43.3;31;86;26.5;-31.7;24;63;27.6;-29.4;0;54;16
9151;112;112;2;0;0;1;2;0;0;0;0;0;0;1;0;0;0;54;50;62;2;1544;0;66;110.9;4.7;2.3;23.3;25.6;21;26;44.7;-9.6;13;18;41.9;-11.9;0;0;0
9154;122;122;6;0;0;-5;2;0;0;0;0;0;0;5;4;2;4;49;48;48;6;5559;91;388;94.5;1.9;5.2;28.5;42.1;75;116;39.3;-5.2;57;90;38.8;-8.1;0;0;0
9159;121;121;7;0;0;-6;4;0;0;0;0;0;0;3;0;0;0;48;49;47;1;4475;0;106;92.6;0.8;5.6;11.3;38.6;26;112;18.8;-15.8;18;73;19.8;-15.3;0;40;14
9160;114;114;5;0;0;-4;0;0;0;0;0;0;0;2;1;0;0;52;50;55;2;1841;54;42;76.5;0.0;7.8;21.5;33.2;15;41;26.8;-36.7;14;28;33.3;-31.4;0;0;0
9161;106;106;16;0;2;-6;0;0;0;0;0;0;0;6;1;0;3;51;50;51;1;5576;0;55;98.2;2.6;6.5;19.4;42.6;50;117;29.9;-19.8;37;89;29.4;-20.6;0;0;0
9163;110;110;9;0;2;-2;11;0;0;0;0;1;1;3;3;1;2;49;48;50;11;7754;113;740;93.7;3.7;4.6;35.7;27.9;136;116;54.0;-6.1;100;78;56.2;-3.4;0;0;0
9164;116;116;3;0;0;-2;0;0;0;0;0;0;0;0;0;0;0;51;50;54;1;1085;0;0;80.0;0.0;6.6;13.3;33.2;15;15;50.0;-23.5;9;13;40.9;-32.9;0;0;0
9167;106;106;16;1;1;-7;0;0;0;0;0;0;0;2;1;2;2;54;52;54;11;6423;373;316;96.5;2.8;6.7;22.4;42.0;79;134;37.1;-12.2;57;108;34.5;-15.3;0;7;4
9168;114;114;5;0;0;-1;2;0;0;0;0;0;0;0;1;2;0;59;49;68;2;2237;0;35;95.5;0.0;1.6;25.7;35.4;32;43;42.7;-2.8;25;28;47.2;1.8;0;18;9
9173;121;121;14;0;0;-9;0;0;0;0;0;0;0;0;1;1;3;51;50;49;3;5298;124;0;88.9;0.0;5.4;7.5;48.9;22;155;12.4;-24.0;19;108;15.0;-21.5;0;21;5
9174;122;122;9;0;1;-2;2;0;0;0;0;0;0;0;1;0;3;51;50;50;3;3532;70;0;100.7;1.0;3.1;13.3;43.8;25;82;23.4;-22.5;21;59;26.3;-20.3;0;0;0
9177;116;116;6;1;2;2;2;0;0;0;0;0;0;4;3;0;0;56;51;61;6;5348;27;284;100.0;4.7;3.4;39.7;28.3;109;78;58.3;-15.2;78;61;56.1;-18.9;0;0;0
9178;119;119;10;0;0;-8;6;0;0;0;0;0;0;2;3;0;1;50;50;52;3;7270;1472;147;89.7;0.0;4.0;12.4;38.6;57;158;26.5;-5.9;39;108;26.5;-7.8;0;3;0
9182;113;113;4;0;0;-3;2;0;0;0;0;0;0;1;0;0;2;48;51;42;2;2145;81;105;101.9;1.7;6.7;10.1;45.3;22;46;32.4;-12.6;11;39;22.0;-23.3;0;1;0
9183;119;119;13;1;3;-7;10;0;0;0;0;0;0;4;4;1;1;50;52;45;19;10572;950;147;101.3;2.4;4.8;20.4;46.0;106;267;28.4;-3.8;81;194;29.5;-3.3;0;0;0
9184;120;120;7;0;0;-5;2;0;0;0;0;0;0;0;0;0;2;51;50;48;1;2804;0;45;81.5;0.0;6.4;18.0;34.7;30;46;39.5;-22.6;20;31;39.2;-24.8;0;8;4
9186;115;115;10;1;2;-1;2;0;0;0;0;0;0;5;0;1;3;55;54;55;5;9129;194;896;104.8;3.5;3.9;23.7;38.6;112;182;38.1;-11.6;83;135;38.1;-13.4;0;0;0
9188;112;112;6;0;0;-1;0;0;0;0;0;0;0;0;1;0;1;50;49;49;2;2260;0;64;96.7;0.0;1.6;25.5;47.8;29;64;31.2;-29.6;21;44;32.3;-26.5;0;36;14
9191;115;115;12;1;2;-3;4;0;0;0;0;0;0;9;7;3;2;50;50;50;11;11446;127;1352;102.2;2.8;3.8;23.3;37.7;138;241;36.4;-14.5;105;169;38.3;-11.6;1;0;0
9192;107;107;14;1;1;-2;4;0;0;0;0;0;0;5;0;1;0;52;51;52;2;5436;86;1392;106.2;3.3;4.6;17.9;37.7;41;110;27.2;-11.2;36;77;31.9;-7.2;1;57;20
9193;108;108;4;0;0;-2;0;0;0;0;0;0;0;3;0;0;0;49;51;45;4;3537;40;446;95.9;3.1;5.1;25.4;31.6;61;61;50.0;-0.6;37;48;43.5;-6.5;0;0;0
9200;121;121;6;0;0;-2;0;0;0;0;0;0;0;1;0;0;0;50;49;50;2;2035;0;153;141.2;1.8;5.3;3.5;60.1;7;58;10.8;-26.6;5;43;10.4;-26.1;0;0;0
9201;106;106;4;1;0;-3;0;0;0;0;0;0;0;2;0;0;2;53;51;55;3;2206;0;473;93.7;1.6;6.5;18.0;42.4;19;49;27.9;-19.0;13;32;28.9;-20.5;0;0;0
9206;113;113;5;0;0;-4;4;0;0;0;0;0;0;1;0;0;1;53;49;59;1;4128;168;325;99.8;2.6;6.1;17.4;40.1;47;84;35.9;-6.4;29;64;31.2;-9.3;0;0;0
9207;110;110;6;0;0;3;14;0;0;0;0;2;0;5;1;0;0;54;49;62;3;5041;126;312;99.0;4.3;2.1;37.1;17.1;92;48;65.7;18.5;68;38;64.2;16.2;0;0;0
9213;110;110;7;1;1;2;25;0;0;0;0;5;1;9;1;0;0;56;50;64;8;4965;0;406;99.4;4.4;2.9;42.8;26.8;107;68;61.1;5.9;79;53;59.8;5.2;0;0;0
9214;121;121;12;0;0;-9;16;0;0;0;0;0;0;1;2;0;1;48;49;47;1;8028;634;194;98.4;0.9;4.5;12.6;51.1;60;219;21.5;-16.3;40;154;20.6;-18.2;0;105;41
9216;113;113;10;0;1;1;0;0;0;0;0;0;0;1;4;0;1;58;50;65;9;8397;14;1064;105.4;3.0;2.6;24.0;36.0;111;155;41.7;-6.1;71;112;38.8;-10.4;0;0;0
9217;114;114;6;0;0;-2;0;0;0;0;0;0;0;2;0;0;0;52;49;54;5;3071;18;165;100.2;2.3;4.7;24.6;50.4;39;76;33.9;-27.2;28;61;31.5;-27.4;0;28;6
9221;105;105;14;0;1;-3;8;0;0;0;0;0;0;1;6;0;4;53;49;56;6;10629;6;1102;106.7;4.7;5.8;23.7;43.4;128;254;33.5;-5.0;97;175;35.7;-3.3;0;0;0
9222;116;116;8;0;0;0;2;0;0;0;0;0;0;0;0;0;0;51;50;48;5;2599;11;0;98.0;1.4;1.4;36.0;23.5;50;35;58.8;-15.9;37;22;62.7;-10.9;0;0;0
9228;73;73;11;1;1;-8;18;0;0;0;0;0;0;10;2;2;9;51;47;55;11;10670;494;1218;102.0;2.7;5.4;18.6;43.2;96;239;28.7;1.5;76;179;29.8;1.6;0;0;0
9229;71;71;15;0;3;-10;4;0;0;0;0;0;0;12;3;3;7;53;47;62;9;15115;78;1665;100.1;2.4;4.8;21.0;42.2;176;310;36.2;-11.9;122;236;34.1;-14.3;0;0;0
9230;84;84;14;1;3;-16;4;0;0;0;0;0;0;12;11;6;19;55;45;70;8;12878;89;1036;96.1;1.7;6.2;17.3;45.3;117;285;29.1;-5.9;92;223;29.2;-4.5;0;0;0
9231;70;70;15;2;3;2;2;0;0;0;0;0;0;2;3;1;0;54;51;54;9;6187;0;1309;106.7;4.1;2.9;27.3;35.5;94;93;50.3;-10.0;70;73;49.0;-11.0;0;107;43
9232;64;64;14;1;2;-7;6;0;0;0;0;0;0;11;7;1;9;57;53;58;19;10205;283;659;94.8;2.1;3.9;28.9;31.0;152;163;48.3;-2.6;115;118;49.4;-0.9;0;116;59
9233;73;73;14;0;2;-7;22;0;0;0;0;0;0;9;0;1;7;54;51;56;8;9388;995;123;106.9;2.3;5.0;15.0;58.7;78;272;22.3;-10.3;56;198;22.0;-11.4;0;131;54
9234;72;72;13;1;3;-3;2;1;0;0;1;0;0;5;3;7;8;55;53;56;8;7752;562;904;96.1;3.7;5.6;25.1;29.7;99;146;40.4;-18.4;73;99;42.4;-15.3;0;7;1
9235;84;84;15;1;2;-10;27;0;1;0;0;3;0;11;3;6;12;53;51;54;13;11397;680;882;99.0;1.6;5.1;14.8;43.6;100;264;27.5;-7.3;76;196;27.9;-5.5;0;18;7
9236;77;77;14;1;3;1;23;0;0;0;0;3;0;19;6;3;16;60;47;77;16;13709;1137;1840;106.5;3.4;2.9;25.5;42.0;160;296;35.1;-3.0;130;221;37.0;-2.1;0;0;0
9237;73;73;12;1;0;-9;6;0;0;0;0;0;0;8;1;3;12;50;50;51;8;11412;775;1664;100.1;2.2;5.0;20.5;47.3;117;278;29.6;-0.2;89;207;30.1;-0.5;0;0;0
9238;84;84;15;2;2;-13;30;0;1;0;0;2;0;16;4;3;18;58;53;57;14;9008;701;488;96.3;1.6;6.8;18.4;54.8;88;240;26.8;-7.9;65;184;26.1;-7.7;1;10;4
9239;71;71;15;1;3;-1;16;0;0;0;0;2;0;12;3;0;3;57;49;69;19;14321;52;1838;97.8;3.0;3.5;29.7;28.4;219;219;50.0;8.4;166;150;52.5;12.6;0;0;0
9240;84;84;15;0;2;-7;6;0;0;0;0;0;0;12;4;2;7;51;49;53;8;6987;399;918;104.1;2.6;6.2;17.5;58.2;62;184;25.2;-9.3;45;146;23.6;-10.3;0;23;5
9241;68;68;15;1;4;0;6;0;0;0;0;0;0;8;8;3;6;52;50;51;19;9897;60;1692;101.2;2.9;2.9;32.0;36.7;148;185;44.4;-12.7;114;138;45.2;-12.5;0;18;4
9242;69;69;15;5;1;-12;11;0;0;0;0;1;0;18;7;3;6;55;53;52;16;11279;301;1271;95.9;1.3;5.1;17.6;45.0;109;231;32.1;-0.3;76;192;28.4;-3.8;0;17;13
9243;71;71;14;2;1;-12;2;1;0;0;0;0;0;7;7;3;5;54;53;51;25;13115;1687;749;97.9;2.5;5.8;21.1;41.7;148;276;34.9;-13.4;103;207;33.2;-15.0;0;0;0
9244;84;84;14;1;4;-8;6;0;1;0;0;0;0;12;2;0;18;53;49;57;14;12802;1707;1162;102.1;3.1;5.3;21.4;43.3;143;286;33.3;-1.4;102;208;32.9;-0.9;0;0;0
9246;63;63;8;0;1;2;2;0;0;0;0;0;0;2;2;4;1;65;51;82;10;7685;287;332;99.2;2.8;1.9;37.9;23.0;154;97;61.4;-3.6;110;75;59.5;-5.0;0;0;0
9248;103;103;5;1;0;-1;0;0;0;0;0;0;0;7;0;0;1;61;49;73;3;4447;0;303;101.1;3.2;4.0;27.5;38.0;64;75;46.0;-21.0;48;57;45.7;-22.6;0;0;0
9249;86;86;10;0;2;11;9;0;0;0;0;1;1;3;3;1;4;59;47;76;7;9455;149;628;102.0;6.9;2.7;47.2;21.3;221;112;66.4;15.1;167;80;67.6;16.5;0;0;0
9250;103;103;5;1;0;4;0;0;0;0;0;0;0;1;1;0;1;60;51;71;2;4324;145;374;113.3;4.2;0.8;25.0;25.0;66;72;47.8;-14.0;47;47;50.0;-12.4;0;0;0
9251;95;95;11;0;2;9;4;0;0;0;0;0;0;9;1;0;3;58;52;61;9;9436;65;830;104.7;5.3;1.9;37.8;20.2;175;102;63.2;9.1;137;70;66.2;13.3;0;0;0
9252;86;86;12;1;2;-3;2;0;0;0;0;0;0;8;4;1;6;51;49;54;8;10726;184;1162;97.8;2.3;3.7;27.9;34.6;161;185;46.5;-13.2;115;145;44.2;-16.5;0;0;0
9254;73;73;15;3;5;-11;2;1;2;0;0;0;0;7;9;0;3;58;57;56;28;11551;3227;0;98.6;2.8;6.2;22.1;44.3;125;241;34.2;6.0;95;185;33.9;4.6;0;4;1
9255;74;74;12;2;0;13;10;0;0;0;0;0;0;11;2;2;2;58;48;70;13;11351;68;2074;102.5;5.4;1.6;44.4;16.5;255;101;71.6;9.9;191;74;72.1;9.4;0;0;0
9256;73;73;13;1;7;-18;22;0;3;0;1;0;0;11;4;1;8;54;56;46;13;12268;3309;1232;96.6;1.5;6.7;16.4;54.9;105;337;23.8;-9.0;83;244;25.4;-7.4;0;0;0
9257;81;81;11;0;2;0;0;0;0;0;1;0;0;5;1;1;5;62;50;75;10;10903;155;956;100.2;1.7;1.7;30.7;31.7;177;185;48.9;2.7;123;129;48.8;3.0;0;0;0
9258;77;77;12;1;2;-2;2;0;0;0;0;0;0;9;2;2;10;59;52;63;15;9517;667;0;102.0;1.9;2.3;25.0;40.5;110;223;33.0;-8.0;88;165;34.8;-7.5;0;4;1
9259;122;122;4;1;0;-4;0;0;0;0;0;0;0;3;2;0;3;57;53;63;8;3886;641;322;88.7;1.9;5.6;31.5;32.4;47;78;37.6;4.8;40;57;41.2;4.8;0;0;0
9260;113;113;14;1;4;-4;12;0;0;0;0;0;0;10;6;0;2;52;52;51;12;12902;212;1195;100.7;3.3;4.5;26.8;37.9;186;244;43.3;-0.7;127;186;40.6;-3.6;0;0;0
9261;105;105;14;0;5;0;14;0;0;0;0;0;0;12;1;4;6;62;54;72;19;13546;393;1797;104.9;3.7;3.7;24.7;36.7;165;247;40.0;4.5;129;183;41.3;4.9;0;0;0
9262;120;120;5;0;1;1;2;0;0;0;0;0;0;1;1;1;0;61;53;69;8;4465;0;303;97.8;1.6;0.8;39.5;12.9;98;35;73.7;7.0;70;25;73.7;7.6;0;0;0
9263;99;99;16;3;6;3;27;0;0;0;0;3;0;46;6;1;7;51;50;49;18;15989;145;1287;102.7;4.3;3.6;31.5;33.1;234;285;45.1;-11.3;184;208;46.9;-9.9;0;1;0
9269;113;113;14;1;4;2;6;0;0;0;0;0;0;8;5;4;8;64;55;75;20;13796;1800;1456;104.7;3.7;2.9;29.2;36.8;201;252;44.4;1.1;152;193;44.1;1.8;0;0;0
9270;117;117;10;1;1;5;0;0;0;0;0;0;0;6;1;1;3;59;53;64;12;8588;0;537;102.2;4.6;2.9;32.7;24.7;156;103;60.2;-7.1;109;76;58.9;-7.7;0;0;0
9272;103;103;5;1;1;2;0;0;0;0;0;0;0;3;1;1;0;52;48;55;8;4389;19;978;97.7;4.9;4.1;41.0;28.7;91;67;57.6;-7.3;71;47;60.2;-4.2;1;0;0
9277;88;88;7;0;0;3;4;0;0;0;0;0;0;6;3;0;1;56;45;70;10;6796;34;654;104.3;4.2;2.6;32.8;30.7;127;94;57.5;-3.9;91;76;54.5;-6.5;0;0;0
9278;103;103;11;3;3;7;2;0;0;0;0;0;0;1;2;0;2;57;53;58;23;10669;133;866;100.6;5.7;3.4;42.9;26.3;218;146;59.9;-8.7;169;103;62.1;-6.8;0;0;0
9280;69;69;11;0;1;-10;4;0;0;0;0;0;0;7;2;1;7;58;53;57;12;7615;1122;182;96.1;1.9;6.1;21.3;48.2;77;170;31.2;-4.7;60;141;29.9;-4.6;0;13;5
9281;65;65;3;2;0;-2;6;0;0;0;0;0;0;4;2;0;1;56;54;56;8;1933;616;221;88.4;1.9;5.6;26.1;29.8;27;34;44.3;-7.2;20;20;50.0;-5.7;1;7;1
9283;65;65;3;0;0;-3;0;0;0;0;0;0;0;1;1;0;0;51;52;48;1;2261;115;212;85.7;0.0;4.8;20.7;33.4;24;47;33.8;-22.5;17;30;36.2;-25.6;0;3;1
9293;88;88;11;0;1;-3;6;0;0;0;0;0;0;6;2;1;1;59;52;67;22;9615;45;1012;93.2;2.2;3.4;35.9;25.8;171;124;58.0;-6.6;128;95;57.4;-5.4;0;0;0
9296;113;113;13;2;2;-1;8;0;0;1;1;0;0;13;4;2;2;54;52;56;17;12695;480;2238;98.8;3.1;4.0;31.8;36.0;190;217;46.7;5.5;148;170;46.5;6.7;0;0;0
9300;122;122;12;1;3;-15;20;1;2;0;0;0;0;6;8;0;10;51;50;51;10;11485;2087;763;88.7;0.3;5.0;21.3;39.2;133;258;34.0;-2.2;97;174;35.8;-0.3;0;0;0
9301;117;117;15;1;2;5;12;0;0;0;0;0;0;3;7;2;5;56;51;61;28;14105;131;1122;100.1;4.1;2.8;34.2;23.7;255;171;59.9;-4.3;177;131;57.5;-6.1;0;0;0
9304;88;88;9;0;0;-5;2;0;0;0;0;0;0;3;0;1;2;51;50;54;6;7624;181;592;93.0;2.4;4.7;28.8;31.2;121;125;49.2;-13.6;81;92;46.8;-16.6;0;0;0
9305;118;118;14;11;11;10;21;8;3;0;0;0;0;34;10;13;23;85;80;87;63;13994;3748;1810;104.9;3.9;1.3;39.1;25.7;292;181;61.7;12.1;209;140;59.9;11.1;2;49;23
9306;97;97;16;10;20;3;20;5;5;0;0;0;0;34;2;16;22;89;76;94;39;15323;4232;1370;101.4;4.9;4.0;32.4;28.9;269;221;54.9;20.4;205;172;54.4;19.7;0;383;234
9308;87;87;12;9;14;8;12;5;4;0;1;2;1;24;3;12;15;96;81;96;47;11300;3440;2190;98.5;3.8;1.6;41.7;15.0;259;94;73.4;24.8;198;70;73.9;26.6;1;292;151
9311;118;118;14;1;9;11;51;0;4;0;0;9;4;46;6;7;43;72;55;87;43;15353;3363;2595;104.1;4.2;1.9;36.6;25.1;304;195;60.9;11.2;222;149;59.8;11.4;0;0;0
9314;84;84;15;8;8;-6;24;4;3;0;0;0;0;32;7;7;35;71;62;79;31;14149;2859;2118;99.7;2.3;3.6;23.2;35.1;177;275;39.2;9.0;128;203;38.7;9.5;0;70;28
9315;115;115;15;7;11;14;12;2;1;1;0;0;0;25;3;15;23;77;59;91;53;17281;3378;2536;105.3;5.8;2.9;33.7;24.4;310;228;57.6;19.1;225;161;58.3;19.6;2;0;0
9316;92;92;14;4;18;-5;6;2;4;0;0;0;0;19;4;4;24;74;66;80;33;13135;3993;2418;104.3;4.9;6.0;26.0;41.1;172;272;38.7;10.3;133;201;39.8;10.8;0;39;11
9317;67;67;13;7;5;-2;9;2;3;0;0;1;0;20;3;1;20;75;68;77;48;12252;3104;1141;97.1;2.6;2.9;26.7;22.9;170;146;53.8;14.5;129;116;52.7;13.7;2;22;10
9319;105;105;14;3;13;3;4;2;0;0;0;0;0;14;2;3;18;78;62;88;35;12042;3484;2110;106.3;4.2;3.3;26.0;33.5;160;208;43.5;9.0;121;150;44.6;9.2;0;177;91
9320;109;109;16;3;6;4;17;1;1;0;0;1;0;37;3;4;13;70;56;88;48;16971;2350;2362;98.4;3.4;2.5;39.5;25.0;325;220;59.6;-1.0;249;159;61.0;1.5;0;0;0
9322;69;69;15;2;2;-5;28;1;1;0;0;2;0;36;2;9;55;78;51;97;19;15767;1012;2876;98.8;2.5;3.9;25.8;35.6;193;266;42.0;14.4;146;204;41.7;15.4;0;0;0
9323;113;113;14;3;3;-1;12;0;1;0;0;0;0;15;2;9;12;77;62;90;27;11848;4361;1038;102.4;3.0;3.0;26.4;33.4;164;201;44.9;1.8;113;153;42.5;-0.6;1;216;110
9324;77;77;14;6;7;2;6;4;2;0;0;0;0;12;3;4;24;68;61;76;40;13376;3213;912;102.8;3.0;2.4;30.4;35.0;195;244;44.4;10.6;151;173;46.6;11.8;0;35;13
9325;118;118;13;1;5;3;4;0;0;0;0;0;0;13;2;7;24;67;51;85;22;12707;184;2364;99.3;3.4;2.8;34.3;26.6;227;188;54.7;1.2;170;142;54.5;2.6;0;0;0
9327;108;108;14;2;7;7;10;1;2;0;0;0;0;16;3;8;26;65;53;79;25;13779;1749;3406;103.7;6.0;4.2;33.4;29.3;231;205;53.0;4.3;167;144;53.7;5.1;0;0;0
9328;111;111;15;8;7;0;20;1;2;0;1;2;0;19;2;7;7;74;69;74;41;12781;2073;1003;94.0;4.5;4.8;39.2;27.3;267;150;64.0;9.0;195;115;62.9;7.9;1;241;125
9329;109;109;16;4;11;12;6;0;1;0;0;0;0;15;2;11;20;81;67;85;40;16433;259;2872;104.2;4.4;1.8;35.7;21.7;323;177;64.6;6.4;233;131;64.0;5.8;1;321;172
9330;105;105;14;8;7;8;25;0;0;0;0;3;0;14;5;12;51;79;63;91;30;11342;2162;2395;109.3;6.0;3.2;33.6;36.8;167;219;43.3;8.9;133;159;45.5;10.8;1;54;24
9331;145;3;11;1;2;1;4;0;0;0;0;0;0;9;2;3;4;54;51;56;16;10431;178;562;100.6;3.5;2.8;28.3;23.8;180;137;56.8;-4.0;124;104;54.4;-7.3;1;0;0
9333;136;10;8;0;1;0;4;0;0;0;0;0;0;8;2;1;1;54;51;55;0;3831;0;259;104.9;3.8;3.8;23.5;33.8;52;62;45.6;-10.1;36;46;43.9;-13.4;0;4;1
9334;100;100;15;6;13;-4;2;1;8;0;0;0;0;21;7;12;34;78;76;82;53;13822;3732;850;98.0;2.9;3.4;29.2;28.6;209;240;46.5;-0.6;154;159;49.2;3.5;0;44;24
9335;120;120;16;8;5;8;6;1;2;0;0;0;0;15;10;10;7;68;64;69;55;13938;1818;1441;102.2;3.4;1.3;39.3;20.4;293;142;67.4;3.4;214;108;66.5;2.5;0;14;4
9336;113;113;14;3;10;-4;6;1;3;1;0;0;0;21;5;7;32;74;57;87;34;14474;4557;2533;96.8;3.0;4.2;29.6;31.8;203;235;46.3;4.1;155;176;46.8;6.1;0;0;0
9337;86;86;12;2;9;6;7;1;3;0;0;1;0;13;5;5;17;74;62;80;29;11278;1038;1396;104.0;3.5;1.9;32.6;28.1;196;160;55.1;-0.9;147;122;54.6;-1.3;0;36;14
9338;119;10;17;3;8;-9;8;2;5;0;0;0;0;20;8;8;30;68;60;76;42;14661;4120;3063;92.5;2.0;4.4;29.0;30.9;202;229;46.9;21.0;156;174;47.3;20.3;0;124;45
9340;89;89;8;2;7;3;4;0;2;0;0;0;0;16;1;2;6;71;68;71;27;6771;1500;263;103.1;6.4;4.8;37.7;34.6;117;109;51.8;15.4;98;87;53.0;19.0;0;31;14
9342;112;112;15;6;11;2;6;2;3;0;1;0;0;15;3;7;22;76;66;86;39;14376;3862;1985;97.8;3.8;3.3;34.1;24.5;265;186;58.8;6.5;191;135;58.6;7.9;1;0;0
9343;118;118;14;7;10;6;12;3;4;0;0;0;0;15;4;8;11;79;68;84;44;14084;1982;2578;101.7;3.1;1.5;38.6;24.5;292;177;62.3;12.9;211;134;61.2;13.0;2;75;34
9344;108;108;10;3;4;4;22;0;0;0;0;1;0;20;0;1;17;64;60;66;18;7346;643;1759;106.9;3.4;2.0;26.0;30.9;99;135;42.3;-7.8;73;98;42.7;-7.7;2;64;25
9345;90;90;15;4;7;3;25;0;0;0;0;1;0;24;3;6;36;68;63;66;37;15349;773;2387;101.0;4.2;3.5;33.1;29.8;285;230;55.3;9.8;200;168;54.3;9.5;0;80;43
9346;104;104;16;10;14;4;26;4;6;0;1;2;0;22;7;4;8;71;68;71;57;13863;4255;318;99.4;4.7;3.6;35.3;26.2;257;181;58.7;11.0;188;139;57.5;9.5;1;3;1
9349;106;106;16;4;7;0;26;0;2;0;1;2;2;29;6;7;24;76;58;91;47;17075;3853;3128;95.8;3.6;3.6;35.2;24.9;305;229;57.1;14.8;229;179;56.1;13.4;0;0;0
9351;111;111;15;3;7;4;10;0;1;0;0;0;0;14;1;1;11;72;64;77;26;11671;976;871;100.3;4.0;3.1;33.9;26.8;211;160;56.9;-1.1;159;117;57.6;0.4;0;187;106
9352;69;69;2;0;1;0;0;0;0;0;0;0;0;3;0;3;10;70;51;84;2;1735;98;310;118.0;4.1;4.1;14.5;39.4;17;39;30.4;9.3;12;23;34.3;15.4;0;0;0
9354;117;117;15;6;5;10;12;0;0;0;0;0;0;17;2;6;8;65;57;73;39;16161;1380;2678;96.4;5.6;3.3;40.8;19.4;350;166;67.8;8.1;252;121;67.6;9.3;1;0;0
9355;66;66;12;5;4;6;11;0;0;0;1;1;0;30;8;3;8;61;59;56;25;8368;141;882;104.0;6.0;4.3;34.4;31.8;142;144;49.7;-14.9;113;102;52.6;-10.7;0;1;0
9356;76;76;14;3;11;11;15;0;3;0;0;1;0;15;4;2;19;73;68;76;59;12646;4594;772;103.9;5.4;2.0;39.6;20.5;263;164;61.6;-1.6;195;101;65.9;0.6;1;0;0
9357;107;107;13;2;4;-11;26;0;1;0;0;4;3;14;3;2;37;65;49;79;15;11106;289;2832;101.1;2.9;6.5;18.8;45.1;110;264;29.4;-9.7;83;196;29.7;-11.0;0;0;0
9358;110;110;14;2;6;-4;7;0;3;0;0;1;0;8;1;5;19;70;62;75;20;11801;2173;43;95.7;2.7;3.4;28.1;23.8;194;165;54.0;-4.9;129;113;53.3;-6.4;1;115;58
9359;122;122;15;1;3;-12;9;0;1;0;0;1;0;19;2;6;28;71;57;77;17;13819;1350;2805;94.1;1.3;4.4;25.5;40.1;173;284;37.9;0.1;142;217;39.6;1.1;0;169;72
9360;116;8;14;6;7;4;12;0;2;0;0;0;0;12;7;8;11;71;70;75;37;10683;1505;1216;100.3;3.4;2.0;40.8;25.3;215;139;60.7;-12.1;158;96;62.2;-9.4;0;16;7
9362;118;118;14;3;8;7;8;0;0;0;1;0;0;17;2;6;9;66;59;70;22;9943;0;1784;106.7;4.0;1.8;32.6;32.6;170;177;49.0;-6.5;118;131;47.4;-7.0;0;16;5
9364;74;74;15;9;15;16;2;4;4;0;0;0;0;15;10;2;9;72;67;74;56;11775;3663;69;105.1;6.7;1.8;47.7;20.5;263;121;68.5;6.7;214;96;69.0;6.8;1;5;3
9365;97;97;12;10;12;8;30;5;4;0;0;4;1;12;7;4;10;73;71;72;55;11065;2898;1083;104.1;5.9;2.9;36.8;24.7;214;143;59.9;23.1;166;109;60.4;22.9;2;12;5
9366;120;120;16;15;21;22;23;5;9;0;0;1;0;22;10;3;3;81;83;73;80;14633;4428;1162;106.9;7.1;1.7;41.1;16.5;339;115;74.7;14.3;248;84;74.7;14.7;4;20;7
9368;87;87;14;4;3;2;4;1;1;0;0;0;0;14;11;1;12;66;61;68;43;13365;1274;976;100.6;2.7;2.2;27.2;23.2;223;166;57.3;3.0;154;122;55.8;1.3;1;15;8
9369;97;97;11;0;2;-1;20;0;1;0;0;0;0;13;8;6;15;60;49;74;18;9353;1009;797;99.8;1.9;2.3;24.6;28.9;125;161;43.7;-2.1;93;115;44.7;-2.1;0;0;0
9370;98;98;11;1;6;-2;11;0;0;0;1;1;0;22;2;6;12;72;63;76;23;10868;1647;568;94.3;2.6;3.6;39.1;29.1;188;174;51.9;9.9;149;122;55.0;13.0;0;72;36
9371;68;68;15;3;9;3;21;1;1;0;1;3;1;38;4;8;14;76;64;82;45;12357;1577;2472;94.5;3.8;3.2;45.7;23.3;276;161;63.2;12.7;213;113;65.3;15.1;0;268;153
9373;96;96;13;0;8;-5;33;0;3;0;0;1;0;11;6;8;13;78;60;91;18;11527;2952;899;93.4;2.2;3.4;29.7;24.7;172;137;55.7;13.4;133;107;55.4;13.6;0;190;92
9374;92;92;14;2;9;-8;30;2;3;0;0;4;1;11;1;6;26;70;62;77;42;11541;3993;854;98.9;2.5;4.4;25.6;40.2;126;262;32.5;1.0;98;182;35.0;3.3;1;39;17
9375;87;87;14;3;4;1;8;0;0;1;1;0;0;14;3;9;7;69;54;87;38;13855;891;1679;94.6;2.6;2.9;33.8;21.8;253;166;60.4;7.7;189;125;60.2;8.0;0;0;0
9376;100;8;15;8;10;3;8;5;3;0;0;0;0;19;7;7;27;79;72;81;52;14983;3734;2805;99.0;4.1;3.1;34.1;24.0;281;204;57.9;16.4;200;137;59.3;18.5;0;34;18
9377;96;96;13;1;5;-8;6;1;0;0;0;0;0;15;0;5;25;73;54;88;17;13537;1455;1354;97.2;1.9;4.0;22.6;36.2;167;222;42.9;-4.6;121;179;40.3;-8.3;0;0;0
9378;80;80;15;3;4;4;2;0;0;0;0;0;0;5;1;5;4;61;56;64;18;7456;0;75;103.8;3.9;1.9;36.2;28.0;153;119;56.3;-23.9;106;83;56.1;-24.2;0;11;7
9380;100;100;15;2;7;1;20;1;5;0;0;0;0;19;3;3;12;67;56;80;26;16386;3376;956;102.7;3.3;2.9;28.6;32.3;272;276;49.6;4.3;188;198;48.7;3.1;0;0;0
9381;86;86;8;7;4;4;0;2;1;0;0;0;0;7;3;0;4;67;66;59;28;6381;2221;73;108.1;4.5;2.3;28.8;29.9;102;97;51.3;-6.7;69;67;50.7;-6.4;0;12;6
9382;86;86;12;10;10;8;6;3;3;0;0;0;0;7;3;4;12;86;71;92;67;10637;3539;510;99.4;5.4;2.4;44.7;18.6;243;104;70.0;20.9;184;76;70.8;22.4;2;6;1
9383;89;89;16;2;10;-2;63;1;1;0;0;9;2;39;9;9;46;86;66;94;47;14409;2748;2838;99.6;3.0;3.7;30.5;36.7;233;276;45.8;8.8;167;206;44.8;7.8;1;111;51
9385;90;90;15;4;9;0;14;0;0;0;0;2;1;26;0;5;21;72;64;77;36;13143;1012;1294;99.2;3.3;3.3;32.3;29.9;206;204;50.2;1.8;156;157;49.8;2.5;1;14;5
9386;102;102;16;3;4;1;4;0;0;0;0;0;0;4;1;3;10;61;55;63;15;7752;1186;121;102.9;3.7;3.3;26.9;29.7;112;117;48.9;-15.9;83;94;46.9;-16.6;0;127;77
9387;90;90;3;1;2;3;2;0;0;0;0;0;0;5;2;1;1;72;53;94;8;3427;510;515;103.9;4.2;1.1;39.9;15.8;54;32;62.8;18.6;45;21;68.2;26.2;0;0;0
9388;104;104;14;2;6;3;16;0;0;0;0;0;0;26;3;11;36;66;51;84;16;12725;212;2832;102.4;4.8;4.2;29.1;30.0;186;212;46.7;-5.1;133;147;47.5;-4.1;0;0;0
9389;66;66;12;0;7;-1;52;0;4;0;0;10;5;20;5;5;11;67;60;71;27;9490;2787;16;92.5;2.3;2.7;33.4;18.6;190;118;61.7;1.6;130;81;61.6;1.9;0;1;0
9390;76;76;14;7;7;12;4;0;0;0;0;0;0;6;1;6;9;67;63;67;25;12172;747;871;102.0;6.5;3.0;40.5;21.0;243;140;63.4;1.1;187;100;65.2;-0.5;2;4;4
9392;79;79;15;2;6;-1;8;2;2;0;0;0;0;9;9;3;26;77;62;88;33;14194;1784;1192;101.3;2.3;2.5;26.9;35.5;194;234;45.3;-14.5;142;175;44.8;-15.4;0;0;0
9393;74;74;15;8;4;4;13;0;0;0;0;1;0;18;4;7;9;68;64;66;45;12242;1034;876;98.1;4.4;2.9;41.5;23.5;247;156;61.3;-3.3;187;111;62.8;-2.1;2;13;6
9394;68;68;15;3;8;0;22;1;0;0;1;0;0;13;3;5;34;75;61;86;31;11828;2549;2123;98.1;4.0;4.3;35.3;32.6;210;199;51.3;-4.0;153;145;51.3;-4.8;1;108;60
9395;102;102;16;8;2;4;6;2;0;0;1;0;0;13;5;6;9;64;59;66;26;11490;368;2583;102.6;4.1;3.1;30.1;28.5;194;161;54.6;-10.2;139;124;52.9;-10.5;1;80;26
9396;80;80;15;2;12;29;20;0;0;0;0;0;0;15;5;5;11;65;59;71;51;16895;666;1138;106.1;7.0;0.6;58.6;10.9;502;120;80.7;7.2;370;77;82.8;10.0;0;0;0
9397;71;71;15;4;3;-8;41;1;0;0;0;3;1;35;4;2;12;65;55;56;27;11792;54;0;94.1;3.1;5.5;35.1;37.6;195;229;46.0;2.6;150;168;47.2;5.0;0;4;1
9398;124;124;13;4;2;-6;10;0;0;0;0;0;0;10;8;6;6;63;61;61;21;11674;807;0;91.8;2.2;3.7;32.7;25.0;168;149;53.0;5.0;119;100;54.3;6.1;0;111;55
9399;67;67;13;1;8;-3;8;1;3;0;0;0;0;32;6;18;45;84;56;97;35;13659;3193;2585;100.2;2.4;2.9;25.8;32.4;198;200;49.7;9.7;143;165;46.4;5.3;0;0;0
9400;70;70;3;1;4;2;2;0;1;0;0;0;0;3;0;3;3;69;59;75;5;3071;381;190;106.0;4.7;2.3;29.3;23.4;55;42;56.7;-1.9;40;31;56.3;-0.7;0;0;0
9401;80;80;15;6;11;16;35;0;1;0;1;3;0;45;7;5;10;74;69;75;48;13644;369;2282;97.9;5.5;1.3;61.5;11.9;441;83;84.2;11.6;323;64;83.5;10.3;2;36;14
9402;70;70;14;1;3;5;34;0;0;0;0;4;0;25;4;5;14;69;54;86;23;12178;511;996;103.2;3.3;1.8;33.1;26.6;238;164;59.2;-0.0;168;124;57.5;-1.4;0;0;0
9403;75;75;15;5;5;-3;22;2;0;0;1;0;0;20;2;8;35;85;66;92;45;13550;2546;1789;100.6;2.1;2.7;27.4;36.9;186;261;41.6;4.5;142;187;43.2;5.5;0;210;99
9404;115;115;15;9;15;12;10;1;5;0;0;0;0;20;4;9;34;88;78;91;55;14652;3503;1334;107.2;5.7;2.2;34.4;23.8;267;177;60.1;20.9;198;125;61.3;22.2;0;315;185
9405;68;68;15;3;14;0;10;2;9;0;0;0;0;18;5;14;43;81;70;91;62;17304;3525;1672;98.4;2.7;2.7;31.4;26.4;292;238;55.1;1.3;223;177;55.8;1.5;0;0;0
9406;47;47;6;0;1;-2;0;0;0;0;0;0;0;3;2;1;5;62;51;74;2;2955;71;1331;95.2;0.0;2.4;14.6;51.2;27;73;27.0;-9.8;22;56;28.2;-9.5;0;9;3
9407;95;95;12;0;2;-1;12;0;0;0;0;0;0;9;4;0;3;55;50;60;4;4762;936;172;100.7;3.8;4.5;28.7;36.3;66;71;48.2;-7.5;48;59;44.9;-11.6;0;14;6
9408;91;91;7;2;0;3;9;0;0;0;0;1;0;9;0;3;10;67;52;82;13;6168;100;1302;100.4;2.9;1.2;43.8;18.7;140;59;70.4;11.6;102;43;70.3;9.9;0;0;0
9409;71;71;15;1;7;-3;7;1;2;0;0;1;0;12;1;4;19;67;60;72;18;11682;991;527;100.9;2.5;3.4;22.2;33.3;143;210;40.5;-4.8;95;150;38.8;-6.3;0;6;4
9411;70;70;15;2;5;0;10;1;0;0;0;0;0;14;5;5;9;68;60;73;35;12386;2133;474;98.9;2.3;2.0;33.1;25.0;232;155;59.9;1.4;172;117;59.5;1.4;1;243;127
9412;75;75;13;2;6;-4;6;1;2;0;1;0;0;6;1;2;13;62;58;65;18;10682;903;895;97.7;2.0;3.0;28.0;31.7;147;189;43.8;5.6;111;132;45.7;6.7;1;18;9
9413;78;78;16;7;5;-2;14;4;2;0;0;0;0;8;13;2;5;67;59;74;41;12054;3462;2546;101.0;2.7;3.0;29.6;36.7;188;193;49.3;-6.0;139;153;47.6;-8.2;1;16;11
9414;101;101;9;4;8;4;4;0;1;0;0;0;0;8;4;4;6;69;63;70;15;8374;845;1308;102.8;5.6;3.9;31.4;25.8;143;116;55.2;8.7;117;88;57.1;11.8;0;142;86
9415;64;64;10;0;7;0;0;0;0;0;1;0;0;7;6;2;21;63;54;68;21;10908;1234;1304;102.5;4.0;3.6;29.4;33.0;168;180;48.3;3.2;125;128;49.4;6.4;0;0;0
9416;66;66;13;3;3;-1;12;1;1;0;0;2;1;21;3;5;14;76;71;75;25;11534;1091;2539;92.3;2.5;2.8;34.0;18.7;217;126;63.3;5.0;149;91;62.1;3.9;0;48;21
9417;102;102;16;2;7;2;6;0;2;0;0;0;0;13;3;4;21;73;61;83;25;10392;3314;512;101.8;3.1;2.4;30.5;28.8;175;148;54.2;-10.5;120;112;51.7;-11.5;0;175;106
9418;108;108;7;1;6;7;18;1;1;0;0;0;0;6;1;7;12;74;58;90;21;6303;2099;1171;110.2;5.1;1.1;32.6;20.6;111;76;59.4;14.4;79;54;59.4;12.9;0;0;0
9419;63;63;14;5;14;14;14;0;3;0;0;2;0;17;8;6;10;78;68;84;55;13619;2076;2418;102.4;5.6;1.6;50.0;18.2;338;121;73.6;19.4;254;96;72.6;19.2;0;67;32
9421;70;70;15;2;8;8;6;0;0;0;1;0;0;27;3;9;28;71;53;89;30;15086;326;2479;101.8;4.3;2.6;36.3;26.2;280;202;58.1;-1.3;209;156;57.3;-1.9;0;0;0
9422;78;17;16;7;5;3;15;3;3;0;0;1;0;25;4;11;10;73;64;78;51;12812;2670;2075;100.9;3.1;2.0;38.5;27.5;238;184;56.4;3.9;188;133;58.6;7.2;1;271;155
9423;63;63;12;2;4;4;11;0;1;0;0;1;0;28;0;7;14;61;50;72;40;12033;1621;1631;96.2;4.2;3.0;45.8;23.0;277;128;68.4;10.1;208;101;67.3;9.6;0;0;0
9424;111;111;15;6;5;0;2;1;0;0;0;0;0;11;3;1;5;61;59;56;32;11992;1124;150;93.4;4.2;4.2;40.8;24.9;230;146;61.2;4.8;174;106;62.1;6.6;1;0;0
9425;115;19;15;10;14;13;45;4;1;0;1;3;1;23;5;18;26;91;80;94;69;13695;3468;2717;107.5;5.5;1.8;36.0;23.4;261;165;61.3;22.2;192;116;62.3;23.2;2;122;55
9426;75;75;10;3;6;2;37;1;2;0;0;7;3;24;5;2;6;72;68;72;33;9700;1964;454;100.6;3.0;2.2;36.4;29.3;176;156;53.0;17.7;132;107;55.2;17.8;1;24;9
9427;104;19;16;8;13;14;23;1;6;0;0;1;1;20;6;5;14;80;78;79;56;14540;4573;1497;105.6;5.7;2.2;39.6;25.5;296;196;60.2;13.8;220;135;62.0;16.4;1;56;25
9428;78;78;16;1;7;2;44;0;1;0;0;0;0;21;8;7;42;64;51;78;32;15776;1383;2429;100.9;2.5;2.1;31.9;29.4;272;242;52.9;-1.2;195;184;51.5;-3.2;0;0;0
9429;65;65;13;17;9;13;13;5;3;0;0;1;0;21;4;8;12;89;83;88;60;13782;3066;2039;110.5;5.2;1.3;33.7;26.1;236;181;56.6;23.7;177;132;57.3;25.6;3;292;171
9430;118;118;10;7;10;8;4;2;5;1;0;0;0;6;2;3;12;80;79;83;36;9228;2813;850;104.8;4.7;2.0;39.0;26.9;196;125;61.1;8.9;139;93;59.9;7.8;0;14;5
9431;120;120;16;1;7;12;2;0;0;0;0;0;0;22;0;7;24;64;55;74;34;16352;980;3108;104.3;4.8;2.2;34.6;22.7;302;178;62.9;-3.2;230;135;63.0;-2.7;0;0;0
9432;107;107;13;2;6;-11;61;1;1;0;0;11;3;40;2;7;48;80;57;92;22;13026;3590;1223;93.4;2.5;5.3;25.1;31.8;149;213;41.2;5.8;119;147;44.7;9.2;1;0;0
9433;94;94;14;2;3;1;28;1;0;0;0;2;0;20;8;10;41;73;51;93;25;14054;1319;2162;103.6;4.1;3.8;26.9;33.0;204;227;47.3;0.3;147;171;46.2;-0.8;0;0;0
9434;64;64;13;2;4;-4;10;1;0;0;0;0;0;12;3;6;35;76;56;95;31;12171;2976;767;98.3;2.4;3.3;22.2;26.3;159;189;45.7;-7.8;114;130;46.7;-6.2;0;0;0
9435;88;88;12;4;8;3;2;1;4;0;1;0;0;15;2;5;4;75;69;77;34;10510;1660;521;98.7;2.7;1.7;40.8;21.2;208;98;68.0;9.5;161;81;66.5;9.0;0;35;18
9436;82;82;15;3;6;3;4;1;2;0;0;0;0;18;1;5;16;67;58;70;15;10316;438;1728;104.3;3.1;2.1;29.3;32.8;160;165;49.2;5.0;114;122;48.3;3.8;0;147;72
9437;83;83;15;3;9;14;4;0;1;0;0;0;0;8;3;7;7;68;63;71;29;11362;215;2522;107.4;5.7;1.6;40.9;24.1;232;133;63.6;7.4;172;98;63.7;7.7;1;31;16
9438;72;72;13;4;3;-2;20;0;1;0;0;0;0;10;5;5;13;64;55;66;19;11011;193;2733;94.2;2.9;3.6;35.3;25.5;207;141;59.5;6.6;147;103;58.8;6.0;1;221;113
9439;99;99;16;3;7;1;22;0;0;0;0;4;0;27;0;9;26;70;60;76;29;11826;456;1563;100.3;4.0;3.7;32.9;31.1;195;191;50.5;-2.7;153;147;51.0;-3.2;0;149;81
9440;82;82;11;3;3;-2;8;0;1;0;0;0;0;3;1;4;6;65;60;68;18;8442;1079;241;105.8;3.4;4.3;21.7;43.1;93;173;35.0;-11.2;70;134;34.3;-11.3;1;123;74
9441;119;119;17;2;2;-19;15;0;0;0;0;1;0;17;3;3;38;59;51;69;28;17793;1192;3176;94.1;1.8;5.7;22.9;40.9;186;383;32.7;1.7;149;286;34.3;2.5;0;0;0
9443;99;99;16;4;6;-6;2;0;4;0;0;0;0;3;4;6;11;64;54;75;23;6513;3920;8;96.6;3.9;5.5;30.4;34.3;92;123;42.8;-11.3;74;93;44.3;-10.7;0;78;38
9444;112;112;15;2;15;0;8;2;4;0;0;0;0;16;6;7;31;78;66;86;57;15611;4338;1686;94.4;3.5;3.5;35.7;22.6;297;175;62.9;13.0;212;133;61.4;12.6;0;0;0
9445;83;83;15;5;22;3;4;4;10;0;0;0;0;21;2;7;6;79;74;79;44;12465;3925;253;101.5;4.0;2.6;36.7;27.4;236;166;58.7;0.9;169;125;57.5;-0.8;0;272;145
9446;79;79;14;2;8;5;6;1;4;0;0;0;0;15;4;1;5;75;68;76;37;12504;2399;2171;102.5;2.9;1.4;34.5;24.8;213;144;59.7;7.6;158;113;58.3;6.0;1;31;15
9447;106;106;16;6;12;0;6;2;1;1;0;0;0;14;2;10;41;79;62;93;58;16638;3953;3425;95.1;3.7;3.7;35.5;24.0;298;220;57.5;15.2;223;168;57.0;14.4;3;0;0
9448;93;93;12;4;9;-1;5;0;0;0;0;1;0;12;2;9;13;74;65;73;24;11707;1286;1035;102.4;4.9;5.2;28.9;35.7;169;222;43.2;3.1;121;165;42.3;0.1;0;205;116
9450;82;82;15;3;7;2;14;0;2;1;1;2;1;9;2;11;19;74;61;85;29;9097;1544;2125;103.4;3.6;3.6;27.7;37.6;123;178;40.9;-5.8;94;129;42.2;-4.1;1;182;93
9451;64;64;14;2;4;1;10;0;1;1;0;0;0;22;4;11;46;74;51;94;24;14843;1460;2338;100.6;2.9;2.9;28.6;30.3;251;205;55.0;7.7;169;155;52.2;3.4;1;0;0
9452;84;84;15;5;4;-15;16;0;2;0;0;2;0;11;10;6;10;62;56;68;29;13772;1991;66;96.4;2.4;6.0;21.2;40.8;172;290;37.2;6.3;122;221;35.6;5.1;0;245;126
9453;71;71;15;5;10;-8;31;0;7;0;0;3;1;19;4;6;23;75;66;78;44;13547;1540;663;95.2;2.7;4.8;35.1;38.8;233;246;48.6;6.7;172;190;47.5;5.9;0;258;131
9454;79;79;15;2;6;5;2;0;1;0;0;0;0;26;2;10;21;83;60;96;31;14671;1632;4022;101.2;2.5;1.2;33.1;19.6;250;158;61.3;9.5;176;120;59.5;6.7;1;0;0
9455;78;78;8;2;3;4;2;0;1;0;1;0;0;11;2;7;14;74;52;94;21;7566;902;1264;96.3;3.8;2.4;46.6;20.0;169;88;65.8;8.0;129;60;68.3;10.7;0;0;0
9456;76;76;14;5;18;6;13;2;5;0;0;1;1;17;5;5;23;90;79;95;84;15404;4576;1584;92.4;4.4;2.8;42.1;15.4;330;138;70.5;12.3;255;91;73.7;13.0;0;0;0
9457;65;65;13;2;6;3;4;0;1;0;0;0;0;27;2;6;25;74;58;88;32;14394;1281;2217;102.1;3.5;2.8;31.8;30.8;233;231;50.2;14.9;169;162;51.1;16.8;0;0;0
9458;141;25;2;1;0;-1;0;0;0;0;0;0;0;2;1;0;0;52;51;52;1;770;86;150;66.7;4.7;9.4;14.0;14.0;10;6;62.5;4.3;5;4;55.6;-4.4;1;0;0
9460;140;17;14;2;6;-5;10;0;0;0;0;0;0;21;6;5;25;60;51;68;20;14423;131;1732;97.2;3.5;4.7;25.2;28.5;191;208;47.9;4.3;147;163;47.4;4.7;1;0;0
9461;151;152;15;1;6;6;2;1;1;0;1;0;0;16;1;7;22;64;56;73;24;15728;596;987;102.5;3.4;2.3;30.0;25.6;243;208;53.9;2.7;175;147;54.3;2.3;1;0;0
9462;137;28;14;4;5;0;21;0;0;0;0;0;0;16;6;9;30;79;64;84;37;15062;359;2325;98.3;2.6;2.6;31.5;26.3;237;201;54.1;5.1;176;148;54.3;6.2;1;291;146
